Employee_ID,Supervisor_Complaints,Peer_Complaints,Years_Experience,Training_Hours,Customer_Satisfaction,Department,Salary_Increment_%
1,high,0,21.0,6.0,8.6,A,6.7
2,medium,0,11.0,3.0,4.1,A,-14.4
3,low,2,5.0,8.0,4.5,A,-16.2
4,medium,0,7.0,21.0,1.8,A,-100.0
5,low,1,23.0,47.0,8.3,A,5.8
6,medium,4,,33.0,2.2,C,
7,none,3,13.0,3.0,2.2,A,-100.0
8,high,1,5.0,0.0,3.8,A,-100.0
9,none,1,10.0,7.0,6.9,A,-1.6
10,medium,0,27.0,35.0,4.7,A,-12.4
11,none,1,19.0,1.0,9.8,A,13.4
12,medium,1,1.0,2.0,9.8,A,15.0
13,high,3,5.0,5.0,5.5,B,-16.2
14,medium,0,9.0,20.0,1.9,A,-100.0
15,none,1,16.0,17.0,9.5,A,12.2
16,high,2,22.0,10.0,1.9,A,-100.0
17,high,4,6.0,50.0,9.4,C,3.1
18,low,3,19.0,4.0,9.5,A,7.4
19,low,2,,49.0,6.4,C,
20,low,4,2.0,23.0,8.4,A,0.7
21,low,0,16.0,24.0,8.3,B,8.8
22,low,4,18.0,17.0,3.6,C,-100.0
23,low,2,8.0,13.0,8.8,C,7.2
24,medium,0,6.0,2.0,1.3,C,-100.0
25,medium,0,1.0,26.0,10.0,C,15.0
26,medium,3,8.0,29.0,8.4,A,2.3
27,none,2,8.0,13.0,9.4,C,9.9
28,medium,2,8.0,5.0,5.9,C,-9.2
29,low,2,17.0,26.0,9.7,C,11.4
30,none,4,5.0,6.0,9.7,A,6.8
31,low,1,3.0,42.0,4.3,B,-14.3
32,none,1,10.0,10.0,3.9,C,-18.1
33,low,0,5.0,10.0,9.5,A,15.0
34,high,4,8.0,22.0,9.6,A,3.7
35,none,2,1.0,3.0,3.2,A,-100.0
36,medium,0,17.0,46.0,9.4,A,14.6
37,none,2,16.0,19.0,8.3,B,3.1
38,medium,2,3.0,12.0,1.5,B,-100.0
39,high,1,1.0,12.0,4.5,A,-16.3
40,low,0,13.0,2.0,3.0,C,-100.0
41,medium,1,10.0,6.0,6.4,A,-4.1
42,high,0,5.0,1.0,3.2,A,-100.0
43,medium,0,15.0,2.0,3.0,C,-100.0
44,high,2,5.0,41.0,7.4,A,-2.9
45,medium,2,4.0,29.0,9.2,A,9.6
46,high,1,8.0,3.0,9.9,C,12.7
47,high,0,9.0,2.0,8.9,A,9.5
48,medium,0,18.0,16.0,2.8,A,-100.0
49,low,3,4.0,3.0,7.9,A,0.1
50,none,0,7.0,2.0,8.5,C,9.9
51,none,0,7.0,10.0,5.5,A,-6.5
52,medium,1,38.0,5.0,8.8,A,6.3
53,medium,1,7.0,21.0,7.5,A,2.4
54,low,1,3.0,21.0,3.6,B,-18.3
55,low,1,6.0,3.0,3.5,A,-19.3
56,low,0,9.0,11.0,9.3,A,14.8
57,none,2,8.0,4.0,8.2,C,3.2
58,medium,3,2.0,5.0,1.4,A,-100.0
59,high,1,9.0,6.0,6.6,A,-5.6
60,low,1,1.0,29.0,5.9,A,-5.4
61,high,2,5.0,2.0,8.2,C,1.1
62,high,3,7.0,1.0,1.9,B,-100.0
63,high,1,15.0,7.0,5.8,A,-10.6
64,medium,0,3.0,2.0,7.0,A,2.3
65,low,1,3.0,7.0,7.1,A,0.8
66,medium,4,6.0,18.0,3.9,A,-100.0
67,medium,1,23.0,12.0,9.0,B,8.9
68,low,3,13.0,10.0,3.5,C,-100.0
69,medium,2,14.0,3.0,4.4,C,-18.1
70,none,1,12.0,10.0,3.3,A,-100.0
71,medium,4,7.0,3.0,2.7,A,-100.0
72,high,2,4.0,12.0,8.7,C,4.1
73,low,1,12.0,1.0,8.5,A,7.5
74,high,2,5.0,49.0,7.5,B,-2.3
75,high,2,8.0,26.0,8.0,A,-0.1
76,low,1,7.0,6.0,6.8,B,-1.3
77,low,2,3.0,22.0,2.7,C,-100.0
78,high,0,3.0,21.0,2.2,A,-100.0
79,low,0,7.0,13.0,8.8,A,12.3
80,medium,0,6.0,3.0,9.3,A,14.7
81,high,2,9.0,3.0,1.1,A,-100.0
82,none,1,3.0,9.0,5.6,A,-8.0
83,low,3,8.0,26.0,3.3,A,-100.0
84,high,2,14.0,8.0,8.0,C,-0.8
85,medium,2,17.0,0.0,3.8,A,-100.0
86,medium,0,22.0,5.0,2.9,A,-100.0
87,high,0,10.0,6.0,1.7,A,-100.0
88,medium,1,20.0,6.0,3.6,C,-100.0
89,medium,1,10.0,39.0,7.0,C,-0.5
90,high,1,1.0,16.0,9.2,D,9.6
91,low,3,10.0,3.0,6.3,A,-9.3
92,high,3,2.0,24.0,8.6,A,1.3
93,low,1,37.0,12.0,8.6,A,5.7
94,medium,2,19.0,22.0,8.4,A,3.6
95,low,3,11.0,2.0,8.4,C,2.1
96,medium,3,20.0,16.0,8.8,A,3.1
97,medium,2,1.0,8.0,2.2,A,-100.0
98,,2,19.0,1.0,9.4,A,8.7
99,high,1,4.0,34.0,8.9,A,7.9
100,low,2,28.0,15.0,9.4,A,8.5
101,high,1,8.0,1.0,9.0,A,7.7
102,none,2,25.0,1.0,8.3,C,2.0
103,high,1,12.0,21.0,1.1,A,-100.0
104,high,2,2.0,10.0,7.9,B,-0.2
105,none,0,10.0,15.0,9.3,A,14.2
106,medium,2,1.0,6.0,8.3,A,4.7
107,low,2,2.0,7.0,2.1,A,-100.0
108,low,1,19.0,23.0,1.0,A,-100.0
109,low,4,7.0,5.0,2.1,C,-100.0
110,high,1,9.0,12.0,9.8,A,12.1
111,none,1,33.0,2.0,2.4,A,-100.0
112,low,0,19.0,8.0,6.5,C,-1.6
113,high,3,,1.0,9.7,C,
114,high,3,10.0,3.0,8.2,A,-1.9
115,none,1,4.0,22.0,4.8,A,-12.4
116,high,0,6.0,18.0,9.6,A,13.9
117,low,2,20.0,5.0,7.9,A,1.0
118,medium,2,6.0,4.0,3.9,A,-100.0
119,low,2,13.0,27.0,8.0,A,2.4
120,medium,1,0.0,50.0,1.2,A,-100.0
121,low,1,8.0,7.0,4.4,A,-14.6
122,none,5,2.0,1.0,4.9,A,-100.0
123,high,1,,50.0,6.8,C,
124,none,3,22.0,19.0,9.2,A,5.0
125,medium,3,1.0,11.0,8.2,A,1.7
126,medium,1,8.0,11.0,9.7,A,14.3
127,low,0,1.0,3.0,9.8,C,15.0
128,high,1,1.0,29.0,3.0,A,-100.0
129,medium,4,9.0,4.0,4.4,A,-100.0
130,none,2,3.0,3.0,9.8,A,12.5
131,high,1,7.0,26.0,8.4,C,4.7
132,medium,1,1.0,11.0,5.7,C,-7.0
133,low,1,8.0,0.0,8.5,C,7.9
134,low,0,7.0,13.0,3.8,B,-15.2
135,low,0,14.0,2.0,1.1,C,-100.0
136,low,2,6.0,5.0,8.4,A,5.1
137,low,3,7.0,1.0,4.8,A,-17.3
138,low,1,10.0,2.0,9.3,A,12.1
139,medium,1,11.0,15.0,8.7,C,8.5
140,high,2,15.0,19.0,2.5,B,-100.0
141,low,1,15.0,15.0,9.4,A,12.3
142,high,3,12.0,12.0,7.4,A,-6.4
143,low,0,13.0,1.0,4.5,A,-12.1
144,high,1,4.0,28.0,10.0,A,13.9
145,low,0,4.0,1.0,2.2,C,-100.0
146,medium,0,19.0,7.0,2.3,C,-100.0
147,medium,3,5.0,9.0,3.7,A,-100.0
148,none,0,16.0,5.0,2.7,A,-100.0
149,high,2,4.0,20.0,8.6,A,3.6
150,high,3,14.0,19.0,6.9,A,-9.3
151,high,1,2.0,15.0,2.1,A,-100.0
152,high,0,11.0,8.0,9.6,B,13.3
153,none,3,5.0,12.0,1.1,A,-100.0
154,high,2,9.0,33.0,1.7,C,-100.0
155,high,0,5.0,8.0,5.4,A,-9.2
156,none,1,8.0,26.0,8.6,A,8.1
157,high,2,3.0,15.0,3.8,B,-100.0
158,high,1,1.0,2.0,8.5,A,5.6
159,high,2,9.0,34.0,1.9,A,-100.0
160,high,0,10.0,19.0,7.5,A,1.9
161,none,2,14.0,20.0,8.4,A,3.9
162,none,1,14.0,7.0,5.9,A,-7.5
163,low,1,16.0,22.0,4.1,A,-16.9
164,medium,3,16.0,15.0,6.7,A,-8.0
165,high,2,5.0,3.0,3.8,A,-100.0
166,low,0,4.0,3.0,9.0,C,13.6
167,high,1,8.0,21.0,9.4,A,10.1
168,low,3,3.0,7.0,1.2,A,-100.0
169,high,0,15.0,23.0,1.2,A,-100.0
170,low,1,4.0,1.0,8.7,D,9.4
171,high,1,7.0,14.0,4.6,A,-16.3
172,low,2,6.0,9.0,2.9,A,-100.0
173,medium,0,10.0,12.0,9.8,A,15.0
174,none,3,4.0,13.0,8.8,C,4.5
175,medium,1,4.0,39.0,9.5,A,13.8
176,low,1,19.0,7.0,6.6,A,-3.6
177,medium,1,6.0,26.0,7.5,A,2.5
178,high,1,13.0,11.0,3.7,A,-100.0
179,low,2,14.0,37.0,3.4,A,-100.0
180,high,2,5.0,5.0,4.2,C,-100.0
181,low,3,14.0,26.0,3.5,A,-100.0
182,high,3,3.0,6.0,3.8,B,-100.0
183,high,1,5.0,6.0,7.5,A,-0.2
184,low,3,14.0,21.0,8.7,B,3.6
185,low,1,8.0,21.0,8.1,C,5.9
186,medium,2,27.0,28.0,3.4,A,-100.0
187,high,0,5.0,25.0,4.6,A,-13.5
188,low,1,5.0,4.0,7.6,A,3.3
189,none,2,12.0,9.0,4.4,D,-18.0
190,high,3,21.0,8.0,6.9,A,-10.1
191,high,2,6.0,3.0,4.8,A,-17.7
192,low,1,6.0,4.0,9.1,A,11.5
193,low,0,10.0,11.0,4.8,A,-10.0
194,high,2,20.0,1.0,3.5,A,-100.0
195,low,2,17.0,9.0,9.0,A,7.4
196,medium,0,,19.0,3.1,C,
197,,0,3.0,3.0,9.4,A,15.0
198,,2,10.0,31.0,2.4,A,-100.0
199,low,0,16.0,6.0,9.7,D,15.0
200,low,1,6.0,38.0,2.2,A,-100.0
201,low,1,2.0,23.0,1.4,A,-100.0
202,low,1,15.0,13.0,3.9,C,-17.9
203,medium,3,3.0,28.0,6.3,A,-8.8
204,low,0,14.0,1.0,8.6,A,10.4
205,none,2,6.0,2.0,5.4,D,-12.0
206,low,1,4.0,9.0,4.6,A,-13.0
207,low,1,33.0,2.0,9.0,C,8.2
208,low,2,8.0,27.0,9.2,B,9.5
209,none,0,7.0,26.0,3.6,B,-16.8
210,medium,0,3.0,1.0,9.3,A,15.0
211,low,2,5.0,16.0,1.0,A,-100.0
212,none,2,11.0,3.0,8.4,C,4.0
213,low,0,8.0,25.0,4.6,A,-10.8
214,high,2,12.0,6.0,8.4,D,1.5
215,medium,3,4.0,9.0,8.7,A,4.1
216,low,3,9.0,12.0,8.8,D,4.6
217,medium,1,4.0,20.0,5.6,A,-7.8
218,medium,0,3.0,3.0,4.6,A,-10.9
219,medium,1,5.0,11.0,3.7,A,-18.4
220,low,1,4.0,7.0,4.0,B,-16.4
221,low,0,6.0,1.0,1.2,B,-100.0
222,high,0,4.0,1.0,8.4,A,7.3
223,low,4,13.0,10.0,5.4,A,-17.0
224,medium,2,17.0,5.0,9.3,A,8.6
225,high,1,8.0,13.0,3.8,A,-100.0
226,medium,3,5.0,0.0,9.9,A,10.5
227,none,2,4.0,32.0,9.1,A,8.8
228,none,1,2.0,43.0,1.5,A,-100.0
229,none,2,9.0,7.0,3.4,C,-100.0
230,high,0,3.0,10.0,8.9,C,10.2
231,medium,0,26.0,21.0,4.6,A,-13.0
232,medium,2,9.0,4.0,4.5,A,-17.0
233,high,0,7.0,5.0,5.9,B,-6.7
234,high,1,8.0,6.0,2.2,A,-100.0
235,high,0,11.0,11.0,2.1,C,-100.0
236,low,2,5.0,6.0,3.4,A,-100.0
237,high,1,20.0,4.0,9.8,A,10.9
238,low,1,3.0,5.0,2.7,A,-100.0
239,none,2,12.0,3.0,3.5,A,-100.0
240,high,3,6.0,41.0,1.4,C,-100.0
241,low,1,7.0,3.0,2.8,C,-100.0
242,low,0,20.0,1.0,8.2,A,7.6
243,high,1,9.0,7.0,7.6,A,-0.1
244,low,1,12.0,1.0,6.1,A,-5.7
245,low,0,21.0,2.0,4.2,A,-14.5
246,high,1,13.0,40.0,9.3,B,9.2
247,none,4,4.0,4.0,8.8,C,1.9
248,low,1,18.0,10.0,8.2,C,5.4
249,,2,4.0,11.0,2.4,C,-100.0
250,low,2,9.0,8.0,8.0,A,2.6
251,low,4,8.0,2.0,8.1,A,-1.8
252,high,1,2.0,1.0,8.2,D,3.9
253,high,1,8.0,16.0,5.4,A,-12.0
254,low,2,11.0,50.0,9.8,D,12.8
255,low,0,4.0,1.0,5.2,A,-7.3
256,high,1,15.0,13.0,9.9,C,12.0
257,high,4,14.0,10.0,3.4,C,-100.0
258,low,1,9.0,12.0,7.5,A,2.5
259,medium,0,7.0,1.0,8.8,A,11.8
260,medium,1,1.0,12.0,2.9,A,-100.0
261,high,1,0.0,17.0,5.2,A,-12.3
262,low,1,4.0,0.0,1.9,A,-100.0
263,medium,1,5.0,3.0,1.2,C,-100.0
264,high,0,7.0,21.0,9.2,A,11.6
265,low,2,5.0,6.0,7.7,A,1.4
266,high,0,6.0,23.0,7.7,A,3.5
267,medium,4,10.0,27.0,5.3,A,-17.5
268,low,1,21.0,1.0,9.2,A,10.5
269,none,1,6.0,2.0,9.4,A,12.5
270,high,2,24.0,2.0,3.3,A,-100.0
271,high,2,7.0,13.0,3.7,A,-100.0
272,medium,2,20.0,38.0,2.1,A,-100.0
273,medium,2,15.0,8.0,10.0,A,12.7
274,high,3,8.0,4.0,3.0,A,-100.0
275,high,4,5.0,21.0,3.0,A,-100.0
276,medium,1,8.0,33.0,7.4,C,1.8
277,medium,0,2.0,17.0,9.9,B,15.0
278,low,3,13.0,1.0,6.8,C,-6.9
279,low,1,11.0,17.0,4.6,A,-13.7
280,high,3,31.0,2.0,5.0,A,-100.0
281,low,1,4.0,9.0,3.0,A,-100.0
282,none,1,13.0,0.0,9.4,A,11.8
283,medium,1,2.0,12.0,3.3,A,-100.0
284,high,4,8.0,9.0,8.6,C,-1.9
285,medium,3,6.0,10.0,5.3,B,-14.8
286,,2,15.0,1.0,3.9,C,-100.0
287,medium,0,3.0,0.0,8.3,C,9.5
288,low,5,9.0,1.0,6.4,A,-13.7
289,none,1,7.0,9.0,4.2,C,-16.1
290,low,2,9.0,2.0,9.7,A,11.9
291,low,3,3.0,4.0,3.9,A,-100.0
292,medium,1,12.0,1.0,5.3,A,-10.4
293,low,0,8.0,7.0,5.5,A,-6.0
294,low,2,10.0,29.0,8.8,A,7.2
295,high,3,40.0,26.0,5.7,A,-18.4
296,none,1,18.0,7.0,2.5,A,-100.0
297,high,3,18.0,5.0,4.9,A,-100.0
298,low,1,3.0,1.0,2.2,A,-100.0
299,none,2,2.0,3.0,9.8,C,12.6
300,low,2,1.0,0.0,4.9,A,-13.7
301,high,2,15.0,5.0,4.7,A,-19.1
302,low,2,6.0,2.0,5.8,A,-9.2
303,low,1,6.0,15.0,7.5,A,2.8
304,high,1,19.0,16.0,9.0,A,6.7
305,high,1,7.0,21.0,6.3,A,-6.9
306,high,1,6.0,10.0,5.0,A,-14.0
307,low,3,13.0,7.0,8.1,A,0.3
308,none,1,12.0,7.0,6.2,B,-5.7
309,high,0,7.0,6.0,1.3,A,-100.0
310,low,0,8.0,9.0,2.4,B,-100.0
311,medium,3,13.0,13.0,8.1,A,-0.0
312,none,3,24.0,50.0,7.0,A,-7.0
313,high,3,7.0,11.0,3.9,A,-100.0
314,medium,1,2.0,10.0,9.7,A,14.9
315,medium,1,8.0,22.0,7.6,C,2.8
316,medium,2,13.0,8.0,3.6,A,-100.0
317,none,1,22.0,0.0,6.6,A,-4.5
318,high,1,22.0,4.0,8.5,A,3.6
319,,0,10.0,50.0,9.3,A,14.5
320,medium,3,6.0,6.0,8.8,A,4.5
321,low,2,3.0,2.0,2.7,A,-100.0
322,medium,3,7.0,11.0,2.5,A,-100.0
323,high,0,3.0,9.0,8.9,A,10.2
324,medium,3,2.0,4.0,9.2,A,7.0
325,medium,0,2.0,6.0,2.2,C,-100.0
326,none,2,8.0,12.0,8.1,A,2.7
327,medium,1,6.0,1.0,8.3,A,6.7
328,high,2,11.0,1.0,9.1,A,5.4
329,medium,2,17.0,26.0,8.6,D,5.0
330,low,2,12.0,1.0,3.7,A,-100.0
331,high,3,8.0,10.0,9.4,A,5.0
332,low,3,18.0,7.0,8.6,A,2.5
333,medium,2,14.0,49.0,7.2,A,-2.2
334,medium,0,4.0,8.0,9.3,A,14.9
335,none,2,7.0,6.0,8.7,A,6.1
336,none,0,4.0,7.0,8.4,A,9.7
337,medium,3,9.0,1.0,3.2,A,-100.0
338,medium,2,12.0,8.0,5.2,C,-13.4
339,,1,15.0,1.0,9.1,B,9.9
340,high,1,12.0,10.0,4.5,A,-17.4
341,high,1,17.0,4.0,6.9,B,-4.7
342,high,1,7.0,23.0,8.5,C,5.3
343,high,3,3.0,2.0,4.0,C,-100.0
344,low,0,6.0,8.0,7.5,B,5.2
345,high,1,13.0,2.0,9.8,C,11.6
346,medium,4,25.0,23.0,1.2,B,-100.0
347,high,3,18.0,7.0,2.4,B,-100.0
348,low,4,10.0,12.0,9.8,C,7.5
349,,1,3.0,19.0,6.9,C,-0.8
350,high,0,13.0,6.0,2.1,A,-100.0
351,high,4,5.0,16.0,1.0,A,-100.0
352,none,0,14.0,15.0,2.5,A,-100.0
353,high,1,5.0,7.0,1.1,A,-100.0
354,low,2,9.0,2.0,6.4,C,-6.2
355,medium,1,10.0,7.0,8.5,A,7.4
356,none,2,12.0,2.0,9.4,C,9.4
357,low,3,16.0,26.0,9.9,B,10.1
358,low,3,10.0,4.0,3.7,D,-100.0
359,low,1,14.0,15.0,2.4,A,-100.0
360,low,3,10.0,3.0,9.8,A,9.9
361,low,2,9.0,1.0,7.3,B,-1.3
362,high,1,14.0,5.0,1.8,C,-100.0
363,high,1,6.0,6.0,9.0,A,7.9
364,low,2,2.0,9.0,10.0,A,14.4
365,high,1,14.0,15.0,6.6,A,-6.0
366,none,1,3.0,12.0,6.9,A,-0.9
367,low,3,6.0,3.0,4.3,C,-19.9
368,medium,2,4.0,4.0,9.5,A,11.0
369,high,2,7.0,1.0,4.1,A,-100.0
370,high,0,18.0,11.0,9.6,C,12.6
371,low,1,24.0,1.0,9.3,B,10.7
372,low,1,6.0,0.0,9.3,A,12.5
373,none,3,11.0,13.0,5.9,A,-12.1
374,low,2,9.0,30.0,4.7,A,-15.3
375,high,2,2.0,4.0,9.5,A,8.6
376,low,3,13.0,12.0,9.3,A,6.9
377,high,3,14.0,9.0,4.8,A,-100.0
378,high,0,1.0,20.0,8.2,A,6.7
379,medium,2,8.0,1.0,1.1,B,-100.0
380,medium,1,4.0,5.0,3.2,A,-100.0
381,none,2,7.0,13.0,9.7,A,11.7
382,none,2,3.0,7.0,8.1,C,3.2
383,high,3,4.0,10.0,7.8,C,-3.4
384,medium,3,9.0,31.0,9.8,A,9.9
385,none,0,12.0,19.0,5.6,A,-6.3
386,high,1,5.0,48.0,1.5,C,-100.0
387,medium,0,10.0,1.0,4.2,A,-13.8
388,high,2,4.0,18.0,8.9,A,5.2
389,high,1,5.0,2.0,8.5,C,5.2
390,low,1,21.0,30.0,5.2,A,-11.2
391,high,3,17.0,8.0,9.6,A,5.2
392,low,1,9.0,6.0,1.5,A,-100.0
393,none,1,2.0,3.0,2.8,B,-100.0
394,high,1,15.0,6.0,6.8,A,-5.1
395,medium,3,4.0,10.0,9.3,A,7.4
396,low,4,14.0,1.0,9.6,C,5.9
397,medium,4,16.0,10.0,9.1,A,2.7
398,high,1,3.0,3.0,9.2,A,9.3
399,high,1,13.0,50.0,6.3,A,-7.2
400,low,3,19.0,2.0,5.5,C,-14.6
401,high,3,12.0,0.0,8.9,A,1.7
402,medium,2,4.0,13.0,3.9,B,-19.7
403,high,2,4.0,4.0,4.4,A,-19.7
404,medium,1,4.0,24.0,7.6,A,3.2
405,high,4,3.0,6.0,6.7,A,-11.9
406,high,1,13.0,21.0,4.3,B,-18.5
407,low,1,17.0,8.0,6.7,C,-2.8
408,low,3,7.0,23.0,3.6,A,-100.0
409,medium,1,11.0,31.0,9.9,A,15.0
410,high,2,11.0,4.0,8.2,C,0.5
411,high,3,4.0,20.0,8.5,A,0.5
412,high,3,8.0,46.0,1.0,A,-100.0
413,high,1,7.0,37.0,9.2,A,9.2
414,none,1,6.0,21.0,8.5,A,7.7
415,none,3,14.0,33.0,1.1,A,-100.0
416,low,5,14.0,1.0,7.1,A,-10.4
417,low,0,13.0,4.0,7.0,A,1.7
418,medium,0,5.0,1.0,9.3,A,14.7
419,high,1,4.0,9.0,1.9,A,-100.0
420,none,1,14.0,42.0,9.7,A,13.7
421,none,0,15.0,1.0,9.8,A,15.0
422,low,1,10.0,23.0,3.2,A,-100.0
423,high,0,18.0,3.0,7.7,C,2.1
424,,0,8.0,9.0,4.5,A,-12.1
425,high,7,1.0,4.0,7.9,A,-12.6
426,low,0,4.0,19.0,2.8,C,-100.0
427,none,2,9.0,23.0,5.5,A,-11.5
428,medium,1,12.0,3.0,2.3,C,-100.0
429,none,0,5.0,6.0,2.7,D,-100.0
430,medium,1,6.0,9.0,9.1,A,11.1
431,none,2,5.0,0.0,2.0,A,-100.0
432,low,1,4.0,15.0,9.1,A,11.8
433,medium,0,40.0,21.0,9.4,A,12.0
434,high,2,12.0,3.0,1.2,A,-100.0
435,none,1,26.0,18.0,1.9,A,-100.0
436,low,0,4.0,25.0,9.8,A,15.0
437,none,0,6.0,2.0,8.3,A,8.9
438,high,2,6.0,6.0,4.5,A,-19.3
439,low,1,8.0,6.0,9.1,A,11.3
440,low,0,18.0,3.0,1.5,A,-100.0
441,high,2,16.0,3.0,8.2,A,0.0
442,medium,0,4.0,7.0,3.8,A,-15.3
443,medium,4,3.0,1.0,4.3,A,-100.0
444,medium,4,32.0,13.0,8.6,A,-1.7
445,high,0,3.0,12.0,8.6,A,8.6
446,low,2,14.0,3.0,1.8,A,-100.0
447,low,2,13.0,0.0,6.2,A,-7.7
448,medium,1,25.0,6.0,3.6,C,-100.0
449,medium,1,6.0,17.0,9.1,A,11.2
450,high,2,4.0,6.0,1.2,A,-100.0
451,low,0,13.0,0.0,8.8,A,11.6
452,low,1,9.0,19.0,3.2,A,-100.0
453,medium,1,13.0,14.0,8.6,A,7.7
454,high,2,6.0,31.0,1.7,A,-100.0
455,medium,2,10.0,9.0,5.7,A,-10.5
456,high,2,5.0,3.0,6.8,C,-6.6
457,low,2,4.0,36.0,1.1,C,-100.0
458,none,5,23.0,19.0,6.6,C,-14.4
459,high,2,16.0,12.0,2.3,C,-100.0
460,medium,3,11.0,1.0,8.8,A,3.9
461,low,1,13.0,17.0,3.1,A,-100.0
462,medium,1,16.0,1.0,3.3,A,-100.0
463,low,1,11.0,50.0,9.4,A,13.1
464,none,2,0.0,12.0,2.5,C,-100.0
465,high,0,12.0,2.0,9.4,A,12.0
466,low,3,13.0,9.0,8.4,A,2.0
467,low,2,2.0,12.0,9.0,A,8.9
468,high,0,21.0,3.0,9.4,B,11.1
469,medium,2,15.0,7.0,5.3,A,-13.2
470,low,2,9.0,1.0,2.8,A,-100.0
471,none,0,14.0,9.0,8.2,B,7.7
472,high,1,2.0,1.0,2.4,A,-100.0
473,,3,10.0,1.0,1.9,A,-100.0
474,high,0,9.0,10.0,4.3,D,-15.7
475,low,1,7.0,50.0,7.3,C,1.9
476,low,2,6.0,2.0,9.2,A,9.5
477,medium,2,14.0,7.0,9.8,A,11.7
478,medium,1,5.0,3.0,7.0,C,-0.4
479,low,1,14.0,5.0,8.8,A,9.0
480,none,1,1.0,9.0,8.7,A,9.2
481,high,1,14.0,4.0,9.2,C,8.2
482,medium,3,7.0,37.0,6.9,A,-5.8
483,low,1,12.0,1.0,4.5,C,-14.5
484,high,2,2.0,5.0,3.0,C,-100.0
485,none,3,15.0,1.0,4.7,C,-19.3
486,medium,0,11.0,14.0,9.0,A,12.6
487,low,3,1.0,21.0,5.8,C,-11.0
488,high,2,7.0,25.0,6.1,B,-10.4
489,high,4,4.0,26.0,8.2,A,-3.6
490,low,2,2.0,2.0,8.7,C,7.1
491,medium,2,3.0,7.0,6.7,A,-4.3
492,high,0,8.0,6.0,1.7,A,-100.0
493,low,1,7.0,0.0,2.7,A,-100.0
494,high,1,9.0,23.0,1.4,A,-100.0
495,high,1,1.0,1.0,2.8,A,-100.0
496,medium,1,9.0,1.0,8.4,A,6.9
497,low,1,13.0,12.0,1.1,A,-100.0
498,none,0,5.0,11.0,4.5,A,-11.8
499,none,1,13.0,5.0,8.1,A,4.7
500,low,1,9.0,10.0,8.9,A,10.1
501,low,1,10.0,1.0,2.3,A,-100.0
502,low,2,10.0,2.0,4.3,A,-17.9
503,high,2,2.0,15.0,8.6,A,3.7
504,low,2,10.0,3.0,9.1,A,8.6
505,high,2,4.0,8.0,4.2,A,-100.0
506,high,2,5.0,20.0,2.5,D,-100.0
507,low,0,7.0,13.0,8.9,A,12.9
508,,1,10.0,15.0,7.7,C,2.9
509,low,3,2.0,1.0,8.2,B,1.9
510,none,4,4.0,1.0,1.4,B,-100.0
511,,3,40.0,17.0,4.7,C,-100.0
512,medium,0,13.0,10.0,5.3,A,-8.0
513,low,1,3.0,5.0,3.4,B,-19.6
514,,0,3.0,1.0,9.1,A,13.6
515,medium,0,9.0,6.0,1.7,A,-100.0
516,high,0,2.0,9.0,7.1,A,0.4
517,medium,1,3.0,3.0,7.3,A,1.5
518,medium,3,10.0,12.0,9.9,A,10.2
519,low,1,13.0,12.0,3.1,A,-100.0
520,low,1,6.0,9.0,9.4,B,13.2
521,medium,3,7.0,23.0,6.4,A,-8.7
522,low,1,11.0,10.0,2.5,A,-100.0
523,low,0,8.0,4.0,1.3,A,-100.0
524,low,0,6.0,15.0,3.9,A,-14.5
525,low,2,4.0,18.0,2.8,A,-100.0
526,medium,0,6.0,12.0,2.5,A,-100.0
527,low,6,4.0,1.0,2.7,A,-100.0
528,,0,2.0,15.0,7.5,B,5.1
529,high,2,4.0,15.0,1.9,A,-100.0
530,high,0,3.0,50.0,5.2,A,-9.7
531,low,0,17.0,6.0,9.8,A,15.0
532,high,2,18.0,10.0,5.0,B,-17.7
533,high,2,5.0,11.0,2.9,A,-100.0
534,low,2,12.0,6.0,7.7,C,0.7
535,low,2,16.0,10.0,4.5,A,-17.3
536,low,1,10.0,5.0,8.3,A,6.7
537,low,1,8.0,2.0,9.3,B,12.4
538,medium,0,20.0,8.0,1.3,A,-100.0
539,none,0,2.0,24.0,7.0,A,2.4
540,none,0,23.0,5.0,9.0,C,11.1
541,none,0,13.0,1.0,5.8,C,-5.5
542,,0,18.0,12.0,4.1,B,-15.3
543,,0,8.0,3.0,2.8,C,-100.0
544,low,0,5.0,22.0,3.3,C,-17.6
545,low,1,9.0,1.0,9.5,C,13.3
546,medium,1,5.0,6.0,9.9,A,15.0
547,high,3,13.0,19.0,6.8,A,-9.7
548,high,1,16.0,0.0,3.4,A,-100.0
549,high,3,10.0,8.0,9.4,A,4.8
550,high,0,31.0,13.0,8.9,A,7.5
551,medium,0,6.0,5.0,1.9,A,-100.0
552,low,2,9.0,5.0,1.5,A,-100.0
553,low,2,10.0,3.0,1.1,B,-100.0
554,high,1,9.0,12.0,2.2,A,-100.0
555,high,1,5.0,4.0,5.5,A,-11.2
556,high,2,11.0,20.0,6.4,D,-9.2
557,medium,2,1.0,1.0,8.7,A,6.9
558,medium,0,21.0,1.0,9.1,A,12.1
559,medium,0,8.0,2.0,6.6,A,-0.4
560,none,2,3.0,0.0,7.5,A,-0.2
561,low,3,7.0,0.0,9.9,A,10.7
562,high,3,8.0,16.0,2.4,C,-100.0
563,none,4,5.0,28.0,3.7,A,-100.0
564,low,3,15.0,19.0,8.4,A,1.9
565,low,3,17.0,1.0,6.7,A,-7.9
566,none,0,18.0,1.0,8.7,A,9.9
567,high,2,3.0,4.0,1.4,A,-100.0
568,low,3,11.0,8.0,8.5,A,2.7
569,medium,0,6.0,4.0,9.1,A,13.6
570,low,2,3.0,5.0,2.7,A,-100.0
571,high,3,5.0,25.0,6.2,C,-12.2
572,medium,3,8.0,11.0,8.1,B,0.5
573,high,3,5.0,23.0,8.0,A,-2.3
574,medium,0,7.0,7.0,3.1,A,-19.5
575,medium,1,1.0,0.0,,A,
576,low,0,3.0,13.0,3.6,C,-15.9
577,none,0,31.0,34.0,6.2,A,-4.8
578,,2,4.0,35.0,8.0,A,2.8
579,medium,0,,9.0,9.3,C,
580,medium,2,5.0,1.0,3.9,A,-19.9
581,low,3,5.0,3.0,9.2,A,7.1
582,none,1,6.0,1.0,8.3,C,6.4
583,medium,1,5.0,15.0,5.7,A,-7.4
584,medium,0,5.0,4.0,8.9,C,12.6
585,low,0,11.0,12.0,7.3,C,3.6
586,low,2,10.0,9.0,3.4,A,-100.0
587,high,1,5.0,17.0,8.7,B,6.5
588,none,0,4.0,8.0,2.3,B,-100.0
589,high,1,3.0,47.0,8.8,C,7.5
590,medium,3,1.0,5.0,7.7,A,-1.1
591,high,3,4.0,11.0,8.5,A,0.4
592,low,2,19.0,50.0,8.3,C,3.7
593,low,0,6.0,25.0,9.4,A,15.0
594,high,1,8.0,6.0,9.3,C,9.4
595,low,3,5.0,2.0,7.7,A,-1.2
596,medium,2,7.0,7.0,9.7,A,11.8
597,low,2,13.0,7.0,3.0,A,-100.0
598,low,1,33.0,6.0,1.7,A,-100.0
599,low,1,8.0,20.0,8.7,A,9.2
600,low,1,14.0,33.0,1.8,A,-100.0
601,none,0,15.0,9.0,3.4,A,-18.8
602,low,2,10.0,32.0,5.8,D,-9.3
603,none,0,9.0,5.0,1.5,C,-100.0
604,none,6,23.0,26.0,3.0,D,-100.0
605,high,0,16.0,25.0,2.2,A,-100.0
606,medium,0,7.0,7.0,6.7,C,0.3
607,medium,1,4.0,33.0,7.2,A,1.1
608,medium,2,12.0,2.0,3.3,A,-100.0
609,none,2,5.0,13.0,2.9,A,-100.0
610,medium,1,6.0,11.0,2.5,B,-100.0
611,medium,1,9.0,10.0,5.9,A,-6.7
612,medium,1,9.0,5.0,9.8,A,14.6
613,medium,2,3.0,5.0,9.1,A,8.9
614,none,1,7.0,9.0,7.4,C,1.5
615,medium,0,6.0,17.0,9.2,A,14.3
616,none,2,14.0,42.0,8.8,A,6.3
617,low,0,5.0,4.0,7.9,A,7.5
618,low,1,6.0,9.0,3.5,A,-19.3
619,low,2,11.0,18.0,3.3,A,-100.0
620,high,0,9.0,4.0,8.2,A,5.7
621,medium,2,3.0,11.0,6.0,A,-8.1
622,high,1,13.0,12.0,1.0,B,-100.0
623,high,0,8.0,12.0,1.7,A,-100.0
624,medium,1,8.0,4.0,8.3,A,6.5
625,medium,0,10.0,25.0,1.7,C,-100.0
626,medium,4,9.0,6.0,1.5,A,-100.0
627,medium,2,6.0,3.0,7.4,A,-0.8
628,medium,1,10.0,8.0,3.0,C,-100.0
629,high,2,3.0,1.0,3.5,A,-100.0
630,low,1,9.0,6.0,4.9,A,-11.9
631,high,1,4.0,3.0,8.6,A,5.9
632,low,1,4.0,24.0,8.7,A,9.7
633,none,0,12.0,27.0,9.9,A,15.0
634,high,1,2.0,6.0,7.7,D,1.2
635,high,0,,9.0,8.4,C,
636,low,1,10.0,9.0,8.4,A,7.3
637,medium,2,3.0,3.0,4.6,A,-15.9
638,low,2,3.0,25.0,5.5,C,-10.3
639,medium,3,12.0,22.0,9.6,C,8.4
640,low,0,19.0,20.0,1.9,A,-100.0
641,high,1,18.0,8.0,5.4,A,-13.0
642,low,3,7.0,27.0,9.8,C,10.4
643,low,5,4.0,31.0,8.4,B,-1.9
644,high,1,5.0,8.0,9.4,A,10.3
645,none,0,5.0,15.0,7.8,A,6.4
646,low,0,3.0,14.0,5.2,A,-7.1
647,medium,3,2.0,2.0,8.3,A,2.1
648,,0,18.0,16.0,8.4,C,8.4
649,high,3,9.0,27.0,9.9,B,7.8
650,low,0,13.0,24.0,2.3,A,-100.0
651,low,1,7.0,4.0,7.6,A,3.1
652,high,1,8.0,30.0,8.4,C,4.7
653,high,0,12.0,42.0,9.4,B,12.4
654,medium,2,9.0,0.0,7.5,C,-0.6
655,,0,13.0,48.0,8.2,C,8.2
656,medium,2,2.0,8.0,6.1,C,-7.5
657,high,1,,2.0,9.8,C,
658,medium,1,4.0,9.0,1.5,A,-100.0
659,medium,0,2.0,2.0,4.4,A,-11.9
660,low,1,10.0,2.0,7.6,C,2.8
661,low,1,18.0,3.0,9.6,A,13.0
662,low,1,16.0,8.0,2.3,C,-100.0
663,medium,2,2.0,11.0,2.3,A,-100.0
664,none,1,7.0,15.0,2.3,A,-100.0
665,low,0,31.0,7.0,5.9,C,-6.1
666,low,3,1.0,4.0,,D,
667,medium,4,5.0,37.0,8.6,D,1.3
668,high,1,13.0,2.0,8.1,A,2.2
669,medium,5,2.0,7.0,9.5,A,3.7
670,low,3,13.0,50.0,5.5,A,-13.6
671,medium,2,7.0,0.0,9.0,A,7.9
672,low,1,9.0,5.0,9.3,B,12.3
673,low,0,15.0,8.0,5.9,A,-4.5
674,low,2,13.0,15.0,8.5,A,5.1
675,medium,0,4.0,3.0,5.8,A,-4.4
676,medium,0,14.0,10.0,3.9,D,-15.8
677,high,2,5.0,2.0,5.9,A,-11.6
678,high,0,29.0,16.0,9.2,D,9.3
679,low,1,9.0,35.0,7.6,B,3.2
680,low,2,14.0,7.0,2.9,A,-100.0
681,high,2,5.0,37.0,6.8,C,-6.3
682,none,3,16.0,16.0,8.9,A,3.9
683,low,2,11.0,4.0,10.0,A,13.4
684,high,2,11.0,16.0,4.7,A,-18.6
685,low,2,8.0,22.0,4.1,A,-18.6
686,low,2,13.0,6.0,4.1,A,-19.2
687,medium,1,34.0,2.0,5.8,A,-9.9
688,none,1,10.0,35.0,2.9,C,-100.0
689,none,1,15.0,18.0,8.9,B,9.0
690,low,0,9.0,11.0,2.6,A,-100.0
691,low,4,11.0,4.0,9.3,A,4.6
692,none,0,5.0,3.0,4.7,A,-10.7
693,low,1,2.0,13.0,2.1,A,-100.0
694,medium,2,10.0,5.0,5.7,C,-10.5
695,low,1,22.0,44.0,8.1,D,4.8
696,low,2,3.0,0.0,9.9,A,13.6
697,low,2,4.0,17.0,9.9,B,13.7
698,medium,0,3.0,7.0,3.5,A,-16.9
699,medium,2,10.0,0.0,9.6,A,10.9
700,low,2,1.0,11.0,1.8,A,-100.0
701,medium,1,2.0,18.0,9.7,C,14.9
702,medium,2,1.0,25.0,9.7,C,12.6
703,high,1,22.0,6.0,4.5,D,-18.4
704,,2,14.0,25.0,7.9,D,1.2
705,high,2,16.0,6.0,7.7,A,-2.7
706,low,3,8.0,4.0,1.3,A,-100.0
707,none,1,3.0,18.0,8.6,C,8.6
708,medium,0,1.0,4.0,8.3,D,9.7
709,high,0,10.0,1.0,6.6,A,-3.2
710,medium,2,18.0,4.0,9.4,A,9.0
711,none,2,9.0,8.0,9.3,A,9.2
712,none,1,7.0,9.0,7.2,A,0.4
713,low,1,14.0,6.0,1.6,A,-100.0
714,low,2,11.0,35.0,9.4,A,10.4
715,low,2,11.0,10.0,8.6,A,5.8
716,high,0,6.0,11.0,5.8,B,-7.1
717,high,3,8.0,1.0,5.5,A,-16.6
718,none,1,10.0,1.0,4.8,A,-13.2
719,low,2,5.0,33.0,8.4,B,5.5
720,high,0,4.0,9.0,2.7,B,-100.0
721,high,0,2.0,12.0,8.4,D,7.6
722,low,1,11.0,35.0,9.6,A,14.0
723,none,1,7.0,11.0,3.2,C,-100.0
724,medium,1,14.0,22.0,9.0,C,9.9
725,low,0,12.0,6.0,7.3,C,3.5
726,high,1,7.0,36.0,9.5,A,10.9
727,medium,1,4.0,50.0,4.5,A,-13.6
728,none,1,14.0,14.0,8.7,A,8.0
729,low,1,40.0,9.0,1.7,C,-100.0
730,medium,0,3.0,25.0,8.1,A,8.6
731,low,1,30.0,7.0,8.5,C,5.8
732,low,1,5.0,14.0,1.1,A,-100.0
733,low,1,11.0,1.0,3.8,A,-18.2
734,low,1,13.0,10.0,2.1,B,-100.0
735,low,0,19.0,7.0,2.5,A,-100.0
736,medium,2,6.0,26.0,9.2,A,9.4
737,high,3,2.0,4.0,5.9,B,-13.7
738,medium,2,9.0,19.0,5.7,A,-10.3
739,medium,2,5.0,1.0,3.0,C,-100.0
740,medium,2,3.0,4.0,8.7,A,6.7
741,low,0,7.0,21.0,2.2,A,-100.0
742,none,2,3.0,2.0,9.7,A,11.9
743,none,2,20.0,3.0,1.6,C,-100.0
744,low,3,5.0,2.0,2.5,A,-100.0
745,low,0,8.0,18.0,6.0,B,-3.1
746,medium,2,10.0,4.0,2.1,A,-100.0
747,none,0,8.0,5.0,8.8,C,11.5
748,medium,3,7.0,50.0,5.9,A,-11.1
749,high,5,8.0,16.0,1.9,A,-100.0
750,medium,0,11.0,2.0,9.2,B,13.6
751,high,2,2.0,1.0,4.7,A,-17.9
752,none,2,6.0,14.0,3.2,A,-100.0
753,low,1,8.0,15.0,8.8,A,9.7
754,medium,1,8.0,6.0,8.5,C,7.6
755,low,1,5.0,8.0,8.5,A,8.3
756,medium,1,2.0,4.0,,A,
757,none,2,7.0,1.0,8.6,A,5.5
758,high,2,2.0,12.0,5.0,A,-16.1
759,high,4,2.0,3.0,8.3,A,-3.0
760,high,0,11.0,19.0,8.0,A,4.6
761,high,1,1.0,6.0,7.5,A,0.2
762,high,1,4.0,18.0,9.6,A,11.6
763,high,1,12.0,11.0,4.5,A,-17.4
764,high,1,7.0,50.0,3.4,A,-100.0
765,high,2,2.0,1.0,3.4,A,-100.0
766,low,1,20.0,8.0,8.2,C,5.2
767,low,3,4.0,3.0,8.1,C,1.2
768,high,2,20.0,21.0,2.9,B,-100.0
769,low,1,8.0,10.0,9.8,B,15.0
770,none,1,25.0,21.0,8.5,A,5.8
771,low,2,5.0,12.0,6.4,C,-5.7
772,none,3,5.0,11.0,8.7,A,3.8
773,high,5,11.0,46.0,7.3,A,-11.5
774,low,2,5.0,11.0,5.7,A,-9.6
775,medium,3,4.0,19.0,5.2,B,-15.0
776,high,2,13.0,13.0,2.7,A,-100.0
777,low,1,9.0,20.0,1.4,A,-100.0
778,medium,2,28.0,33.0,3.6,A,-100.0
779,low,0,3.0,41.0,8.5,A,11.3
780,low,3,10.0,8.0,8.9,C,5.0
781,high,2,15.0,11.0,1.7,A,-100.0
782,high,1,12.0,1.0,6.1,A,-8.7
783,medium,2,9.0,7.0,9.6,A,11.1
784,none,2,8.0,20.0,8.5,A,5.0
785,low,0,30.0,11.0,3.8,C,-17.5
786,medium,2,11.0,2.0,7.5,A,-0.7
787,medium,0,15.0,3.0,10.0,A,15.0
788,low,0,7.0,31.0,9.9,A,15.0
789,none,2,9.0,18.0,8.7,C,6.0
790,high,2,16.0,4.0,2.4,C,-100.0
791,high,4,10.0,21.0,5.4,A,-19.6
792,medium,0,28.0,34.0,8.6,A,8.9
793,medium,0,1.0,15.0,8.5,C,10.9
794,low,2,3.0,18.0,9.2,A,10.0
795,low,3,17.0,36.0,9.0,A,5.1
796,medium,0,7.0,3.0,9.0,A,12.9
797,medium,1,17.0,7.0,3.8,A,-19.1
798,medium,2,16.0,0.0,5.7,A,-11.2
799,medium,2,10.0,10.0,6.9,A,-3.8
800,none,2,12.0,1.0,8.2,A,2.8
801,low,0,9.0,50.0,6.3,A,-1.3
802,high,4,12.0,12.0,2.0,D,-100.0
803,high,1,3.0,11.0,6.8,A,-3.8
804,low,0,9.0,8.0,8.6,A,10.9
805,high,0,7.0,12.0,6.3,A,-4.5
806,high,0,16.0,5.0,9.5,A,12.2
807,high,0,6.0,14.0,2.2,C,-100.0
808,medium,1,16.0,1.0,9.8,A,13.9
809,high,4,6.0,18.0,3.4,A,-100.0
810,medium,1,,9.0,9.8,C,
811,low,2,10.0,30.0,8.5,B,5.5
812,medium,0,3.0,11.0,8.7,C,11.8
813,high,1,12.0,27.0,9.1,B,8.1
814,low,5,8.0,14.0,6.5,C,-12.9
815,low,0,3.0,4.0,7.0,B,2.7
816,medium,0,3.0,11.0,8.5,C,10.7
817,medium,0,3.0,22.0,2.7,A,-100.0
818,,3,6.0,12.0,6.2,C,-10.0
819,high,2,5.0,2.0,5.7,A,-12.6
820,low,3,6.0,1.0,2.9,A,-100.0
821,medium,1,7.0,7.0,8.5,A,7.7
822,low,0,7.0,5.0,9.0,C,13.3
823,medium,3,6.0,11.0,8.8,A,4.5
824,low,0,8.0,9.0,9.5,C,15.0
825,medium,3,9.0,1.0,9.4,C,7.4
826,medium,1,1.0,24.0,8.8,A,10.1
827,high,2,7.0,0.0,5.2,D,-15.6
828,medium,2,11.0,38.0,2.9,A,-100.0
829,none,0,10.0,30.0,2.3,A,-100.0
830,low,0,13.0,4.0,2.3,C,-100.0
831,low,2,7.0,0.0,9.6,A,11.6
832,low,1,2.0,20.0,3.9,A,-16.6
833,low,1,8.0,23.0,9.0,C,10.9
834,,2,17.0,5.0,2.9,A,-100.0
835,none,0,6.0,5.0,6.2,B,-2.6
836,high,1,28.0,25.0,8.9,C,5.4
837,none,1,13.0,42.0,8.9,A,9.4
838,low,2,7.0,12.0,2.7,A,-100.0
839,low,3,7.0,12.0,3.4,A,-100.0
840,,0,18.0,9.0,3.6,A,-18.0
841,high,0,10.0,4.0,6.0,C,-6.5
842,medium,1,21.0,3.0,4.3,A,-16.8
843,low,2,2.0,6.0,9.7,C,12.7
844,high,5,8.0,3.0,8.9,A,-2.8
845,medium,2,7.0,11.0,6.1,C,-7.9
846,low,4,19.0,3.0,6.7,A,-10.5
847,low,3,12.0,4.0,3.1,B,-100.0
848,none,0,0.0,9.0,9.8,B,15.0
849,high,0,,6.0,5.7,C,
850,low,2,15.0,24.0,6.4,D,-6.6
851,high,0,22.0,12.0,4.1,A,-18.1
852,high,2,1.0,13.0,8.5,C,3.3
853,none,2,22.0,29.0,9.3,A,8.1
854,low,2,13.0,42.0,8.1,A,3.1
855,high,2,8.0,45.0,7.2,A,-4.3
856,high,3,13.0,14.0,7.7,A,-4.8
857,high,2,4.0,5.0,8.9,A,5.1
858,none,1,9.0,8.0,3.4,A,-100.0
859,high,0,17.0,15.0,1.0,C,-100.0
860,low,0,2.0,16.0,8.3,A,10.1
861,high,0,7.0,2.0,4.2,A,-16.1
862,high,2,3.0,19.0,2.6,B,-100.0
863,high,0,13.0,27.0,5.6,A,-8.8
864,high,1,9.0,5.0,8.4,A,4.3
865,high,1,35.0,3.0,9.8,B,9.4
866,low,1,5.0,9.0,6.7,D,-1.6
867,medium,3,8.0,9.0,4.3,A,-100.0
868,high,1,11.0,6.0,7.2,D,-2.5
869,medium,2,5.0,7.0,9.1,A,8.7
870,medium,1,20.0,4.0,8.6,A,6.9
871,high,0,3.0,3.0,1.3,A,-100.0
872,none,3,8.0,6.0,3.9,C,-100.0
873,none,3,2.0,7.0,8.8,B,4.6
874,none,1,6.0,2.0,7.7,A,3.1
875,high,2,0.0,3.0,2.7,C,-100.0
876,low,3,17.0,0.0,8.2,C,0.4
877,high,3,,37.0,7.5,C,
878,high,2,6.0,11.0,1.7,A,-100.0
879,low,2,5.0,2.0,6.3,A,-6.4
880,,1,7.0,19.0,7.1,B,-0.1
881,high,2,3.0,0.0,4.6,D,-18.5
882,none,1,6.0,1.0,2.1,A,-100.0
883,medium,1,4.0,0.0,9.2,A,11.8
884,high,3,5.0,5.0,6.6,D,-10.2
885,low,2,10.0,15.0,3.7,A,-100.0
886,low,0,3.0,4.0,2.6,A,-100.0
887,high,0,10.0,15.0,6.5,C,-3.6
888,high,0,8.0,21.0,8.5,A,7.6
889,high,2,8.0,3.0,4.4,A,-100.0
890,low,2,13.0,17.0,8.3,B,4.0
891,low,2,19.0,1.0,8.2,A,2.7
892,,2,12.0,5.0,10.0,A,12.7
893,none,0,2.0,11.0,9.8,A,15.0
894,high,1,4.0,0.0,3.2,C,-100.0
895,medium,2,2.0,5.0,8.9,A,7.9
896,medium,1,1.0,9.0,8.2,B,6.7
897,medium,2,11.0,17.0,9.3,C,9.3
898,low,0,13.0,0.0,9.4,A,14.9
899,high,2,8.0,10.0,1.2,A,-100.0
900,low,3,9.0,1.0,4.5,D,-19.2
901,low,2,8.0,42.0,7.8,A,2.0
902,medium,2,10.0,33.0,8.8,B,6.8
903,low,2,11.0,1.0,1.8,C,-100.0
904,high,1,8.0,49.0,9.1,C,8.7
905,high,2,7.0,39.0,8.5,A,2.9
906,,2,4.0,12.0,8.7,A,6.4
907,low,6,16.0,18.0,8.5,A,-5.2
908,none,1,7.0,50.0,8.3,C,6.8
909,low,3,1.0,11.0,9.6,A,9.8
910,high,6,16.0,15.0,4.9,A,-100.0
911,high,5,3.0,3.0,,D,
912,low,1,7.0,50.0,7.2,A,1.4
913,,0,4.0,3.0,3.3,A,-18.4
914,,2,9.0,2.0,1.7,C,-100.0
915,,2,1.0,15.0,2.7,C,-100.0
916,high,1,2.0,40.0,2.6,C,-100.0
917,medium,0,2.0,5.0,8.8,C,12.3
918,medium,1,17.0,27.0,6.1,D,-6.3
919,high,1,4.0,23.0,9.1,A,8.9
920,medium,0,1.0,15.0,2.3,A,-100.0
921,low,2,8.0,3.0,6.8,B,-3.9
922,low,2,5.0,2.0,1.6,C,-100.0
923,,2,5.0,4.0,4.4,A,-17.4
924,medium,1,16.0,12.0,3.9,C,-18.4
925,medium,2,12.0,12.0,8.7,A,5.9
926,high,0,7.0,6.0,7.0,A,-0.7
927,medium,1,4.0,25.0,5.2,A,-9.9
928,low,1,18.0,7.0,1.2,C,-100.0
929,low,1,21.0,1.0,9.0,B,9.4
930,medium,1,23.0,6.0,6.7,A,-3.8
931,low,2,8.0,50.0,3.7,C,-100.0
932,medium,2,16.0,7.0,9.7,A,10.9
933,high,0,13.0,4.0,9.7,C,13.6
934,medium,2,10.0,7.0,2.4,A,-100.0
935,low,0,2.0,24.0,6.9,A,2.5
936,medium,2,3.0,1.0,4.9,C,-14.2
937,low,1,14.0,2.0,2.1,C,-100.0
938,high,0,5.0,1.0,3.5,C,-19.8
939,low,0,8.0,6.0,5.2,A,-7.7
940,medium,2,11.0,12.0,9.1,A,8.2
941,high,1,6.0,28.0,3.0,A,-100.0
942,low,0,9.0,2.0,3.0,A,-19.9
943,medium,1,0.0,3.0,8.9,C,10.6
944,medium,2,14.0,3.0,6.9,A,-4.3
945,none,0,1.0,19.0,9.9,A,15.0
946,high,1,9.0,9.0,8.2,C,3.3
947,low,1,5.0,5.0,1.1,A,-100.0
948,high,3,21.0,2.0,3.3,A,-100.0
949,high,3,22.0,45.0,8.1,D,-3.2
950,none,2,15.0,14.0,9.5,A,9.8
951,low,0,18.0,22.0,1.6,B,-100.0
952,high,1,31.0,5.0,9.2,A,6.5
953,low,1,5.0,32.0,8.4,A,8.0
954,medium,2,5.0,6.0,8.5,A,5.4
955,medium,1,8.0,19.0,8.5,A,7.7
956,low,3,4.0,3.0,9.7,A,10.0
957,low,2,5.0,1.0,8.1,A,3.5
958,low,1,18.0,6.0,6.4,B,-4.6
959,high,3,5.0,0.0,8.0,A,-2.5
960,none,2,14.0,0.0,2.5,A,-100.0
961,high,3,14.0,6.0,8.5,A,-0.6
962,low,2,3.0,5.0,7.5,A,0.5
963,low,1,3.0,14.0,9.5,A,14.1
964,low,1,6.0,4.0,8.8,A,9.8
965,low,2,9.0,3.0,1.7,B,-100.0
966,low,1,5.0,29.0,7.6,A,3.6
967,low,1,13.0,11.0,8.3,A,6.4
968,high,1,1.0,2.0,10.0,C,13.9
969,medium,2,17.0,2.0,3.1,A,-100.0
970,high,2,25.0,0.0,1.0,B,-100.0
971,low,4,4.0,6.0,8.7,A,2.0
972,medium,1,14.0,4.0,5.1,A,-11.7
973,low,4,23.0,6.0,9.7,A,5.6
974,low,0,5.0,4.0,9.0,B,13.5
975,medium,2,9.0,50.0,9.9,B,13.1
976,none,2,15.0,9.0,9.9,A,11.9
977,high,2,10.0,6.0,4.4,C,-100.0
978,low,3,13.0,6.0,8.5,A,2.5
979,low,3,6.0,1.0,8.3,C,2.0
980,high,1,15.0,20.0,4.8,B,-15.9
981,low,0,,2.0,3.3,C,
982,high,1,12.0,35.0,3.7,A,-100.0
983,none,3,11.0,3.0,3.8,B,-100.0
984,high,3,7.0,13.0,1.5,C,-100.0
985,high,0,22.0,50.0,1.2,C,-100.0
986,low,2,3.0,47.0,3.4,A,-100.0
987,,0,31.0,21.0,7.6,A,2.8
988,none,2,11.0,2.0,8.1,A,2.3
989,low,0,25.0,6.0,4.0,A,-16.0
990,high,1,16.0,15.0,7.5,C,-1.2
991,none,3,21.0,1.0,9.9,A,8.7
992,medium,1,10.0,2.0,1.7,D,-100.0
993,low,1,7.0,9.0,3.3,A,-100.0
994,high,0,8.0,50.0,9.7,A,14.5
995,high,1,2.0,33.0,8.7,A,7.0
996,high,1,18.0,7.0,4.4,D,-18.6
997,none,2,8.0,16.0,9.8,A,12.1
998,low,0,22.0,5.0,3.9,A,-16.2
999,low,4,6.0,8.0,8.4,A,0.1
1000,,0,8.0,5.0,9.3,A,14.3
1001,high,1,9.0,4.0,8.5,C,4.9
1002,low,1,16.0,3.0,1.9,A,-100.0
1003,medium,2,23.0,1.0,3.5,A,-100.0
1004,high,3,5.0,14.0,1.9,B,-100.0
1005,medium,0,9.0,21.0,1.4,A,-100.0
1006,low,0,5.0,11.0,8.2,A,9.2
1007,high,5,3.0,28.0,6.1,A,-17.5
1008,medium,1,11.0,8.0,7.1,A,-0.4
1009,medium,6,20.0,4.0,9.4,A,-1.2
1010,medium,3,6.0,4.0,6.3,C,-9.3
1011,high,1,4.0,14.0,8.4,A,4.9
1012,high,2,35.0,15.0,3.3,C,-100.0
1013,,3,20.0,2.0,7.8,A,-2.7
1014,low,2,16.0,21.0,8.1,A,2.6
1015,none,3,14.0,14.0,7.5,A,-3.6
1016,medium,1,21.0,2.0,6.9,A,-2.5
1017,none,5,2.0,18.0,1.1,A,-100.0
1018,low,1,14.0,29.0,9.4,A,12.6
1019,medium,2,1.0,6.0,2.1,D,-100.0
1020,low,2,9.0,24.0,9.7,A,12.2
1021,high,1,15.0,6.0,4.9,A,-15.5
1022,none,2,6.0,16.0,9.3,A,9.6
1023,low,5,4.0,14.0,8.5,A,-1.5
1024,medium,0,18.0,8.0,4.6,B,-12.3
1025,low,3,17.0,22.0,6.9,B,-6.5
1026,high,2,6.0,5.0,1.5,A,-100.0
1027,high,2,6.0,1.0,8.5,A,2.6
1028,none,0,7.0,23.0,4.4,B,-12.4
1029,low,0,6.0,5.0,2.5,A,-100.0
1030,high,1,2.0,30.0,8.4,C,5.3
1031,low,2,20.0,18.0,4.9,A,-15.4
1032,low,3,1.0,1.0,3.0,A,-100.0
1033,high,1,4.0,28.0,4.9,A,-14.2
1034,medium,0,5.0,23.0,3.4,B,-17.5
1035,medium,1,29.0,5.0,2.4,C,-100.0
1036,medium,3,19.0,21.0,9.4,A,6.6
1037,high,1,12.0,5.0,8.7,A,5.7
1038,none,2,21.0,33.0,7.6,A,-1.1
1039,none,1,9.0,46.0,3.3,A,-100.0
1040,none,2,6.0,5.0,2.4,C,-100.0
1041,medium,0,3.0,18.0,3.5,C,-16.8
1042,medium,4,15.0,4.0,8.8,A,1.0
1043,low,2,5.0,1.0,2.9,C,-100.0
1044,medium,0,2.0,13.0,3.0,B,-19.5
1045,high,3,4.0,2.0,4.2,A,-100.0
1046,low,2,4.0,50.0,9.0,C,9.1
1047,medium,2,5.0,1.0,2.8,B,-100.0
1048,medium,0,6.0,2.0,9.5,A,15.0
1049,high,3,3.0,4.0,5.4,A,-16.6
1050,high,1,10.0,14.0,3.1,A,-100.0
1051,low,0,10.0,11.0,6.4,A,-1.2
1052,high,0,6.0,7.0,7.8,A,3.8
1053,medium,3,,0.0,6.7,C,
1054,low,4,11.0,1.0,6.6,A,-10.3
1055,medium,1,3.0,4.0,4.1,A,-16.1
1056,medium,1,15.0,12.0,7.4,C,0.9
1057,high,5,8.0,16.0,8.7,B,-3.8
1058,medium,1,25.0,20.0,4.5,A,-15.9
1059,high,0,3.0,11.0,9.6,D,14.1
1060,high,1,5.0,8.0,2.8,A,-100.0
1061,low,2,8.0,22.0,9.0,B,8.4
1062,high,3,6.0,5.0,6.6,B,-10.3
1063,none,1,17.0,12.0,8.7,A,7.6
1064,medium,2,,50.0,9.8,C,
1065,,1,20.0,3.0,8.8,B,7.8
1066,high,0,3.0,12.0,2.7,C,-100.0
1067,low,0,5.0,2.0,9.7,C,15.0
1068,medium,1,8.0,21.0,4.7,A,-13.1
1069,low,0,18.0,0.0,2.6,B,-100.0
1070,none,0,16.0,10.0,2.4,B,-100.0
1071,high,1,31.0,10.0,8.7,A,3.8
1072,high,5,14.0,18.0,7.9,A,-8.8
1073,medium,2,3.0,1.0,9.4,B,10.5
1074,high,1,7.0,3.0,1.8,A,-100.0
1075,none,1,5.0,10.0,8.9,A,9.9
1076,high,3,10.0,20.0,9.3,A,4.3
1077,low,2,8.0,31.0,8.3,A,4.6
1078,low,4,19.0,20.0,5.0,C,-19.7
1079,medium,1,2.0,4.0,2.2,C,-100.0
1080,high,3,7.0,16.0,2.1,B,-100.0
1081,high,1,4.0,4.0,8.6,A,5.9
1082,none,3,2.0,28.0,1.2,A,-100.0
1083,medium,2,11.0,5.0,9.3,A,9.2
1084,none,1,4.0,0.0,7.0,A,-0.5
1085,high,0,10.0,4.0,8.5,A,7.3
1086,none,0,9.0,5.0,1.9,D,-100.0
1087,medium,0,3.0,1.0,6.5,A,-0.4
1088,low,3,13.0,7.0,4.8,A,-17.8
1089,high,2,6.0,2.0,9.1,C,5.9
1090,high,1,19.0,3.0,8.7,A,5.0
1091,high,2,15.0,11.0,6.7,A,-8.1
1092,medium,2,4.0,7.0,9.5,A,11.0
1093,high,1,1.0,8.0,1.8,A,-100.0
1094,low,0,4.0,2.0,3.8,A,-15.0
1095,low,4,13.0,4.0,9.2,C,3.8
1096,high,3,7.0,39.0,8.6,A,1.0
1097,low,2,7.0,8.0,9.4,A,10.6
1098,none,0,5.0,3.0,3.2,C,-19.0
1099,low,1,10.0,12.0,8.9,C,10.0
1100,medium,2,35.0,15.0,9.4,C,7.5
1101,medium,1,24.0,12.0,2.5,A,-100.0
1102,low,2,6.0,21.0,2.4,A,-100.0
1103,low,2,11.0,45.0,7.7,A,1.2
1104,low,4,2.0,1.0,3.8,A,-100.0
1105,none,0,11.0,5.0,9.4,C,14.5
1106,low,1,12.0,32.0,9.3,A,12.2
1107,low,0,,19.0,1.5,C,
1108,medium,0,21.0,5.0,1.9,A,-100.0
1109,low,5,10.0,24.0,9.5,A,3.5
1110,low,2,4.0,6.0,9.6,C,11.9
1111,high,2,11.0,7.0,5.5,A,-14.3
1112,none,3,12.0,8.0,7.5,A,-3.5
1113,high,1,1.0,47.0,8.9,A,8.3
1114,high,1,2.0,17.0,9.5,C,11.2
1115,high,2,7.0,14.0,5.1,B,-16.0
1116,low,2,17.0,15.0,7.3,B,-1.9
1117,high,7,18.0,27.0,4.7,A,-100.0
1118,medium,0,13.0,8.0,8.3,A,8.5
1119,medium,2,7.0,2.0,9.9,A,12.9
1120,none,2,12.0,5.0,6.5,A,-6.5
1121,high,1,23.0,1.0,9.0,C,6.2
1122,medium,3,1.0,0.0,2.9,C,-100.0
1123,medium,1,10.0,32.0,2.8,C,-100.0
1124,high,5,16.0,6.0,7.0,A,-14.1
1125,low,0,19.0,0.0,4.1,B,-14.9
1126,none,3,3.0,25.0,7.9,A,-0.2
1127,high,2,10.0,12.0,3.5,A,-100.0
1128,low,2,6.0,13.0,8.3,A,4.7
1129,low,1,5.0,11.0,2.1,A,-100.0
1130,high,0,16.0,30.0,8.7,A,8.0
1131,medium,3,30.0,50.0,8.8,C,2.5
1132,none,1,4.0,10.0,1.6,A,-100.0
1133,none,3,4.0,7.0,4.4,A,-19.8
1134,low,0,9.0,14.0,8.6,A,11.0
1135,high,6,5.0,2.0,5.3,A,-100.0
1136,none,1,8.0,14.0,8.3,C,6.4
1137,medium,2,12.0,7.0,8.1,C,2.5
1138,low,4,5.0,16.0,8.7,B,2.0
1139,medium,2,12.0,6.0,2.6,A,-100.0
1140,,1,20.0,5.0,3.8,C,-19.7
1141,none,1,22.0,3.0,2.2,A,-100.0
1142,low,2,3.0,33.0,8.2,C,4.6
1143,high,1,5.0,25.0,9.0,B,8.2
1144,low,2,15.0,9.0,4.4,A,-17.7
1145,high,5,8.0,6.0,9.0,A,-2.3
1146,low,3,11.0,2.0,9.4,B,7.6
1147,none,1,11.0,24.0,8.2,A,5.6
1148,low,1,10.0,3.0,2.5,A,
1149,low,0,9.0,0.0,8.4,C,9.8
1150,low,1,7.0,17.0,8.3,A,7.1
1151,low,3,10.0,16.0,7.0,B,-5.4
1152,low,2,9.0,3.0,5.6,A,-10.6
1153,medium,0,4.0,22.0,8.9,C,12.9
1154,none,4,8.0,4.0,9.5,A,5.4
1155,low,2,1.0,2.0,5.1,A,-12.6
1156,high,1,5.0,20.0,4.7,A,-15.5
1157,low,2,4.0,9.0,9.7,A,12.5
1158,medium,1,38.0,7.0,3.7,B,-100.0
1159,medium,2,19.0,26.0,4.0,C,-100.0
1160,medium,3,9.0,23.0,5.4,A,-14.4
1161,low,1,3.0,30.0,9.3,C,13.1
1162,medium,5,2.0,5.0,6.9,A,-10.6
1163,medium,1,18.0,9.0,4.7,A,-14.3
1164,high,3,2.0,25.0,2.1,A,-100.0
1165,none,1,10.0,21.0,8.7,C,8.4
1166,none,2,18.0,11.0,9.3,A,8.3
1167,low,1,6.0,3.0,9.8,A,15.0
1168,high,0,4.0,18.0,1.6,C,-100.0
1169,none,3,30.0,8.0,9.0,A,3.0
1170,none,3,5.0,14.0,8.5,A,2.8
1171,high,1,9.0,18.0,6.0,C,-8.7
1172,none,0,14.0,0.0,2.2,D,-100.0
1173,none,1,9.0,2.0,8.1,A,5.0
1174,none,4,2.0,1.0,9.3,A,4.8
1175,none,3,17.0,8.0,1.9,C,-100.0
1176,medium,1,9.0,14.0,8.9,C,9.8
1177,high,2,4.0,11.0,9.5,B,8.4
1178,,1,9.0,29.0,4.4,A,-15.0
1179,medium,2,13.0,3.0,2.0,A,-100.0
1180,high,2,16.0,5.0,2.1,A,-100.0
1181,none,5,9.0,4.0,8.2,A,-4.4
1182,medium,2,7.0,5.0,6.9,A,-3.6
1183,low,1,20.0,1.0,8.1,A,4.5
1184,none,2,3.0,5.0,3.1,A,-100.0
1185,medium,4,7.0,50.0,3.7,A,
1186,none,1,6.0,39.0,9.9,A,15.0
1187,none,1,23.0,26.0,8.8,C,7.7
1188,medium,3,4.0,31.0,2.5,A,-100.0
1189,medium,3,10.0,1.0,3.6,C,-100.0
1190,low,2,0.0,2.0,9.5,A,11.7
1191,low,0,16.0,1.0,6.6,A,-0.8
1192,medium,2,4.0,13.0,4.6,A,-15.9
1193,high,1,12.0,5.0,9.2,A,8.4
1194,medium,0,12.0,1.0,9.1,A,13.0
1195,high,2,18.0,10.0,8.9,C,3.7
1196,low,1,7.0,8.0,7.4,B,2.1
1197,high,2,19.0,34.0,4.7,A,-19.2
1198,high,2,6.0,5.0,8.4,A,2.1
1199,medium,1,9.0,22.0,1.4,A,-100.0
1200,high,2,9.0,23.0,3.1,A,-100.0
1201,medium,0,7.0,21.0,9.0,A,13.1
1202,high,1,5.0,32.0,5.6,C,-10.4
1203,low,0,22.0,15.0,5.3,C,-8.4
1204,medium,0,26.0,9.0,8.8,A,10.0
1205,high,1,12.0,3.0,9.7,A,11.2
1206,,1,17.0,6.0,8.2,B,4.8
1207,medium,0,11.0,3.0,9.9,A,15.0
1208,high,1,19.0,3.0,1.4,A,-100.0
1209,high,2,4.0,33.0,9.3,C,7.5
1210,high,1,7.0,11.0,8.2,A,3.5
1211,high,2,9.0,3.0,9.1,C,5.7
1212,low,1,,3.0,8.5,C,
1213,high,1,6.0,3.0,8.4,A,4.6
1214,medium,0,8.0,5.0,4.5,A,-11.9
1215,low,2,9.0,7.0,9.1,A,8.7
1216,medium,2,10.0,2.0,3.3,A,-100.0
1217,low,1,11.0,15.0,7.5,B,2.3
1218,low,1,10.0,8.0,8.8,A,9.5
1219,high,0,8.0,2.0,2.7,A,-100.0
1220,medium,1,6.0,4.0,5.3,A,-9.8
1221,low,1,8.0,9.0,3.5,A,-19.5
1222,none,1,8.0,1.0,9.2,A,11.2
1223,high,2,6.0,5.0,2.7,A,-100.0
1224,medium,1,,2.0,9.6,C,
1225,low,4,6.0,21.0,9.7,A,7.4
1226,none,1,3.0,0.0,7.3,A,1.2
1227,medium,2,15.0,16.0,9.1,A,7.8
1228,low,3,4.0,35.0,7.6,A,-1.3
1229,medium,0,11.0,8.0,8.2,A,8.2
1230,low,1,7.0,3.0,9.5,C,13.5
1231,medium,1,9.0,13.0,6.6,A,-2.9
1232,,1,4.0,26.0,1.7,B,-100.0
1233,high,1,9.0,8.0,5.5,B,-11.6
1234,none,1,29.0,2.0,9.0,A,8.0
1235,high,5,9.0,5.0,4.8,A,-100.0
1236,medium,2,17.0,12.0,2.2,A,-100.0
1237,high,3,6.0,11.0,9.1,A,3.5
1238,none,1,15.0,0.0,10.0,C,14.9
1239,none,0,10.0,3.0,3.8,A,-16.2
1240,high,0,12.0,1.0,1.2,A,-100.0
1241,high,1,9.0,1.0,3.3,A,-100.0
1242,high,2,35.0,0.0,2.2,A,-100.0
1243,medium,0,1.0,10.0,2.6,A,-100.0
1244,none,0,12.0,10.0,3.7,C,-16.9
1245,medium,1,6.0,9.0,9.3,A,12.2
1246,medium,3,4.0,1.0,1.6,A,-100.0
1247,medium,2,13.0,7.0,7.7,A,0.2
1248,high,2,6.0,5.0,7.8,A,-1.2
1249,low,3,12.0,6.0,8.6,A,3.1
1250,high,1,10.0,15.0,1.9,D,-100.0
1251,medium,3,2.0,14.0,8.8,C,4.9
1252,none,2,23.0,20.0,8.5,A,3.5
1253,high,0,22.0,37.0,8.5,A,6.4
1254,medium,0,6.0,14.0,9.2,A,14.2
1255,medium,3,4.0,4.0,8.4,A,2.5
1256,none,3,7.0,15.0,5.2,C,-15.6
1257,low,2,17.0,5.0,6.0,C,-9.2
1258,none,3,3.0,13.0,10.0,A,11.2
1259,low,0,4.0,19.0,7.3,A,4.4
1260,high,1,16.0,14.0,8.2,D,2.6
1261,low,1,4.0,2.0,5.1,A,-10.4
1262,low,3,15.0,4.0,6.8,C,-7.1
1263,none,1,7.0,4.0,5.7,A,-7.9
1264,,0,6.0,8.0,4.8,A,-10.2
1265,none,2,5.0,10.0,2.2,A,-100.0
1266,high,0,16.0,7.0,8.7,A,7.8
1267,none,0,13.0,10.0,4.6,A,-12.0
1268,low,3,17.0,9.0,8.9,B,4.3
1269,medium,0,4.0,42.0,7.5,A,5.4
1270,,1,13.0,1.0,4.5,A,-15.2
1271,low,3,20.0,9.0,9.7,A,8.4
1272,low,2,10.0,50.0,9.5,C,11.2
1273,low,3,19.0,2.0,3.7,A,-100.0
1274,high,3,5.0,2.0,2.6,A,-100.0
1275,high,2,4.0,4.0,8.6,B,3.4
1276,high,4,4.0,8.0,9.8,A,5.1
1277,high,0,8.0,5.0,8.5,B,7.5
1278,medium,1,2.0,5.0,9.7,A,14.8
1279,low,2,3.0,2.0,7.0,C,-2.3
1280,medium,2,6.0,30.0,1.6,C,-100.0
1281,high,1,4.0,15.0,8.8,B,7.1
1282,medium,0,14.0,5.0,4.5,A,-12.5
1283,high,2,8.0,7.0,5.8,A,-12.4
1284,high,0,4.0,3.0,1.8,A,-100.0
1285,medium,1,15.0,0.0,1.7,B,-100.0
1286,high,1,6.0,21.0,4.8,C,-15.0
1287,none,1,6.0,5.0,4.1,A,-16.6
1288,medium,0,1.0,0.0,8.3,A,9.7
1289,medium,2,14.0,3.0,8.9,A,6.7
1290,medium,2,5.0,17.0,7.3,A,-1.1
1291,none,1,13.0,3.0,9.6,A,12.9
1292,low,1,24.0,16.0,4.2,C,-17.2
1293,high,1,23.0,39.0,1.0,A,-100.0
1294,high,2,9.0,22.0,9.5,B,8.0
1295,high,3,7.0,5.0,3.5,A,-100.0
1296,low,2,11.0,7.0,8.9,B,7.4
1297,low,2,10.0,17.0,2.3,A,-100.0
1298,medium,2,6.0,1.0,5.8,A,-9.6
1299,medium,1,9.0,1.0,5.0,A,-11.8
1300,medium,2,10.0,22.0,5.4,A,-12.0
1301,low,1,2.0,1.0,2.9,A,-100.0
1302,high,1,4.0,5.0,6.0,B,-8.4
1303,low,0,12.0,11.0,8.3,B,9.0
1304,medium,4,15.0,6.0,3.6,A,-100.0
1305,medium,2,10.0,17.0,5.0,A,-14.2
1306,medium,2,5.0,11.0,5.0,A,-13.8
1307,low,2,14.0,13.0,4.8,C,-15.4
1308,medium,1,17.0,6.0,7.6,A,
1309,low,4,18.0,2.0,9.7,C,6.0
1310,low,0,25.0,2.0,6.2,A,-3.9
1311,low,0,9.0,5.0,7.9,A,7.1
1312,medium,2,8.0,5.0,7.6,C,0.1
1313,high,2,15.0,5.0,2.2,C,-100.0
1314,low,1,3.0,8.0,4.9,A,-11.3
1315,high,2,11.0,40.0,9.9,A,10.2
1316,high,0,3.0,6.0,7.9,B,4.7
1317,none,1,1.0,30.0,8.8,B,10.0
1318,medium,1,7.0,31.0,9.5,D,13.5
1319,none,0,2.0,18.0,5.3,A,-7.0
1320,medium,1,19.0,44.0,8.6,A,7.4
1321,,0,11.0,11.0,8.3,A,8.5
1322,medium,1,5.0,30.0,2.6,A,-100.0
1323,high,0,5.0,24.0,4.8,A,-12.4
1324,high,1,9.0,4.0,7.8,A,1.0
1325,high,1,14.0,4.0,9.6,A,10.4
1326,none,0,5.0,0.0,7.6,B,5.2
1327,low,1,14.0,8.0,6.9,A,-1.4
1328,none,0,5.0,18.0,2.1,A,-100.0
1329,low,0,3.0,6.0,1.8,A,-100.0
1330,low,2,9.0,1.0,9.7,C,11.9
1331,high,0,13.0,10.0,2.9,C,-100.0
1332,none,0,18.0,3.0,9.1,A,12.2
1333,low,1,27.0,50.0,8.5,C,6.5
1334,,1,10.0,10.0,9.4,B,12.2
1335,low,2,6.0,6.0,2.9,A,-100.0
1336,medium,2,23.0,11.0,3.9,C,-100.0
1337,medium,0,12.0,17.0,9.0,D,12.6
1338,low,1,10.0,18.0,7.8,A,4.1
1339,low,1,10.0,13.0,6.3,A,-4.2
1340,medium,4,17.0,37.0,6.5,A,-11.5
1341,none,2,14.0,1.0,8.4,A,3.7
1342,low,1,7.0,0.0,7.5,A,2.5
1343,medium,1,1.0,18.0,1.5,A,-100.0
1344,low,1,9.0,32.0,2.7,A,-100.0
1345,none,1,20.0,50.0,1.3,B,-100.0
1346,low,0,11.0,15.0,9.3,C,14.7
1347,medium,1,7.0,22.0,,D,
1348,low,2,21.0,3.0,9.1,B,7.5
1349,high,2,40.0,4.0,4.4,A,-100.0
1350,high,2,5.0,15.0,8.9,A,5.1
1351,high,1,10.0,16.0,2.7,A,-100.0
1352,high,0,16.0,6.0,3.4,A,-100.0
1353,none,1,35.0,3.0,9.2,C,8.5
1354,medium,2,6.0,17.0,7.0,A,-2.8
1355,medium,1,6.0,17.0,8.9,C,10.1
1356,none,2,2.0,0.0,9.0,A,8.2
1357,high,4,7.0,1.0,9.6,A,3.6
1358,none,2,14.0,0.0,5.9,B,-10.1
1359,medium,1,7.0,0.0,7.1,D,-0.0
1360,high,4,3.0,25.0,9.4,A,3.1
1361,high,0,11.0,1.0,9.8,A,14.3
1362,low,1,4.0,15.0,8.2,A,6.8
1363,medium,3,11.0,11.0,8.4,B,1.8
1364,none,0,6.0,44.0,2.3,A,-100.0
1365,low,0,5.0,11.0,3.3,A,-17.8
1366,low,1,30.0,26.0,5.3,D,-11.6
1367,high,3,22.0,4.0,8.3,B,-2.5
1368,high,3,17.0,1.0,7.4,A,-7.0
1369,low,1,4.0,3.0,8.1,B,6.2
1370,high,2,6.0,40.0,2.9,C,-100.0
1371,high,0,4.0,19.0,4.7,C,-12.9
1372,high,1,12.0,50.0,4.9,A,-14.8
1373,low,2,7.0,31.0,5.0,A,-13.4
1374,none,1,19.0,13.0,1.8,C,-100.0
1375,medium,4,5.0,0.0,4.5,A,-100.0
1376,medium,0,5.0,0.0,3.9,A,-15.0
1377,medium,2,6.0,1.0,8.9,A,7.5
1378,high,2,4.0,3.0,7.5,A,-2.7
1379,medium,0,11.0,0.0,1.5,A,-100.0
1380,high,2,3.0,1.0,9.0,A,5.7
1381,low,1,14.0,5.0,2.2,A,-100.0
1382,low,0,14.0,4.0,8.3,A,8.8
1383,medium,0,8.0,13.0,5.3,A,-7.4
1384,high,1,,8.0,5.9,C,
1385,medium,0,3.0,8.0,3.0,A,-19.6
1386,medium,0,16.0,24.0,6.4,D,-2.1
1387,high,1,3.0,6.0,3.0,A,-100.0
1388,low,2,6.0,11.0,4.6,D,-15.7
1389,none,1,1.0,6.0,5.2,A,-10.1
1390,low,4,30.0,2.0,9.3,C,2.6
1391,medium,2,4.0,0.0,5.2,B,-12.7
1392,none,1,6.0,12.0,6.0,C,-6.1
1393,high,1,9.0,4.0,8.7,A,6.0
1394,none,1,7.0,45.0,7.0,A,-0.4
1395,none,1,11.0,8.0,3.7,A,-19.3
1396,medium,1,3.0,19.0,3.8,B,-17.6
1397,none,0,24.0,8.0,9.8,A,15.0
1398,low,3,23.0,5.0,9.3,C,5.9
1399,medium,3,5.0,12.0,2.5,A,-100.0
1400,medium,0,12.0,3.0,4.9,A,-10.1
1401,medium,0,19.0,26.0,7.8,A,5.4
1402,low,2,19.0,18.0,8.9,C,6.7
1403,high,0,5.0,8.0,7.2,A,0.7
1404,medium,1,8.0,18.0,2.6,A,-100.0
1405,low,2,20.0,0.0,7.1,A,-3.5
1406,none,0,10.0,3.0,5.8,A,-5.2
1407,none,2,5.0,5.0,5.6,B,-10.8
1408,medium,3,7.0,15.0,1.7,A,-100.0
1409,low,1,22.0,1.0,6.1,A,-6.7
1410,medium,3,15.0,14.0,8.5,A,2.0
1411,high,1,12.0,0.0,6.2,B,-8.1
1412,medium,1,8.0,13.0,3.1,A,-100.0
1413,high,2,9.0,5.0,8.1,A,0.2
1414,low,2,10.0,2.0,8.1,B,3.0
1415,medium,1,5.0,15.0,8.0,B,5.2
1416,low,2,8.0,24.0,3.2,A,-100.0
1417,low,0,7.0,20.0,8.7,A,11.8
1418,high,1,28.0,12.0,7.8,A,-0.8
1419,low,4,9.0,41.0,10.0,B,9.0
1420,low,0,10.0,29.0,2.3,C,-100.0
1421,high,3,23.0,3.0,7.4,A,-7.6
1422,medium,1,9.0,33.0,3.2,A,-100.0
1423,high,1,8.0,9.0,1.5,C,-100.0
1424,medium,1,4.0,0.0,7.3,D,1.4
1425,high,2,14.0,9.0,8.9,A,4.1
1426,none,2,14.0,3.0,9.7,C,10.9
1427,low,5,9.0,2.0,1.9,C,-100.0
1428,low,2,6.0,7.0,2.2,A,-100.0
1429,high,0,5.0,11.0,3.1,B,-100.0
1430,none,3,21.0,9.0,1.8,D,-100.0
1431,low,1,4.0,10.0,3.5,A,-19.1
1432,medium,0,10.0,14.0,2.1,A,-100.0
1433,low,2,11.0,16.0,9.5,A,10.8
1434,low,1,7.0,23.0,8.2,A,6.6
1435,low,0,1.0,9.0,,A,
1436,medium,6,26.0,13.0,4.4,A,-100.0
1437,high,1,7.0,3.0,3.7,A,-100.0
1438,high,0,6.0,16.0,3.1,A,-100.0
1439,none,3,17.0,6.0,9.2,A,5.3
1440,high,1,4.0,4.0,6.5,C,-5.6
1441,none,1,5.0,4.0,8.6,D,8.2
1442,medium,2,5.0,2.0,9.5,B,10.9
1443,low,3,2.0,4.0,8.9,B,5.8
1444,high,0,4.0,2.0,3.0,A,-100.0
1445,low,2,11.0,4.0,5.6,A,-10.8
1446,high,3,12.0,3.0,3.8,A,-100.0
1447,none,4,4.0,4.0,8.5,A,0.3
1448,low,0,8.0,1.0,3.3,A,-18.2
1449,medium,2,4.0,10.0,9.6,A,11.6
1450,high,2,2.0,7.0,9.6,C,9.1
1451,,2,4.0,33.0,8.9,D,7.8
1452,medium,1,7.0,18.0,6.2,A,-4.8
1453,high,4,16.0,2.0,1.8,A,-100.0
1454,high,1,5.0,23.0,3.1,A,-100.0
1455,low,1,5.0,5.0,8.8,C,9.9
1456,low,0,2.0,11.0,7.5,C,5.6
1457,high,1,15.0,1.0,9.9,A,11.9
1458,medium,2,20.0,36.0,2.4,A,-100.0
1459,low,1,15.0,12.0,8.1,A,5.1
1460,medium,3,3.0,26.0,8.2,C,1.7
1461,high,1,27.0,25.0,7.0,D,-5.0
1462,medium,2,7.0,1.0,5.3,A,-12.4
1463,low,0,,3.0,6.2,C,
1464,medium,1,2.0,33.0,9.8,C,15.0
1465,high,2,6.0,1.0,9.8,A,9.8
1466,high,0,14.0,7.0,2.2,A,-100.0
1467,low,3,5.0,13.0,9.6,A,9.4
1468,low,2,4.0,17.0,8.1,A,3.8
1469,low,2,12.0,3.0,4.5,B,-16.9
1470,high,2,2.0,42.0,9.9,A,11.1
1471,low,1,7.0,12.0,9.5,C,13.6
1472,low,0,4.0,1.0,8.2,C,9.2
1473,high,3,17.0,9.0,3.3,A,-100.0
1474,high,3,27.0,3.0,9.6,B,4.1
1475,high,3,29.0,12.0,9.7,C,4.5
1476,high,2,7.0,6.0,4.6,C,-18.9
1477,low,2,19.0,9.0,6.9,A,-4.4
1478,low,0,2.0,2.0,3.4,A,-17.0
1479,low,0,16.0,3.0,8.2,A,8.0
1480,medium,1,3.0,36.0,4.5,C,-13.6
1481,medium,0,6.0,0.0,6.4,A,-1.3
1482,low,0,16.0,0.0,3.8,A,-16.2
1483,high,1,10.0,19.0,3.9,A,-100.0
1484,medium,2,12.0,22.0,1.5,A,-100.0
1485,low,0,15.0,9.0,6.6,D,-0.6
1486,low,3,,2.0,8.7,C,
1487,medium,0,10.0,20.0,8.6,A,10.6
1488,none,1,9.0,10.0,8.3,A,6.2
1489,high,1,14.0,2.0,4.4,A,-18.2
1490,none,2,10.0,4.0,1.9,A,-100.0
1491,none,2,13.0,3.0,9.8,C,11.5
1492,high,1,3.0,14.0,8.9,A,7.8
1493,high,3,5.0,6.0,8.5,A,0.3
1494,high,0,4.0,16.0,9.0,A,10.7
1495,high,0,6.0,17.0,8.9,C,10.0
1496,medium,0,0.0,23.0,2.6,D,-100.0
1497,high,1,5.0,9.0,8.7,A,6.4
1498,none,2,12.0,10.0,5.8,A,-10.3
1499,high,4,3.0,5.0,2.3,A,-100.0
1500,high,0,5.0,24.0,8.4,A,7.4
1501,medium,1,13.0,3.0,4.1,C,-17.1
1502,none,2,4.0,13.0,9.5,A,10.9
1503,medium,0,5.0,2.0,2.6,A,-100.0
1504,high,2,7.0,5.0,8.0,A,-0.2
1505,low,1,1.0,7.0,,A,
1506,low,7,5.0,37.0,7.8,A,-10.2
1507,medium,0,29.0,34.0,2.1,C,-100.0
1508,low,2,21.0,2.0,2.5,A,-100.0
1509,high,1,5.0,24.0,2.4,B,-100.0
1510,low,2,10.0,10.0,2.8,A,-100.0
1511,low,2,2.0,5.0,5.8,C,-8.8
1512,high,0,16.0,0.0,9.4,D,11.6
1513,low,2,17.0,8.0,1.4,B,-100.0
1514,none,2,19.0,50.0,2.4,C,-100.0
1515,high,4,11.0,15.0,8.9,A,-0.5
1516,none,1,2.0,20.0,9.7,A,14.7
1517,medium,2,2.0,8.0,1.1,C,-100.0
1518,medium,2,10.0,11.0,9.9,C,12.7
1519,high,0,9.0,11.0,1.3,A,-100.0
1520,low,2,5.0,15.0,8.2,A,4.2
1521,low,2,16.0,4.0,1.6,B,-100.0
1522,medium,2,23.0,6.0,8.7,C,4.7
1523,medium,1,13.0,9.0,3.1,A,-100.0
1524,high,1,12.0,1.0,3.5,A,-100.0
1525,low,1,15.0,0.0,7.0,C,-1.0
1526,high,1,11.0,17.0,9.5,D,10.3
1527,low,3,11.0,8.0,8.5,C,2.7
1528,high,0,1.0,38.0,3.6,A,-18.4
1529,medium,1,9.0,18.0,8.4,B,7.1
1530,high,1,9.0,5.0,2.5,A,-100.0
1531,low,2,8.0,2.0,3.5,D,-100.0
1532,high,6,8.0,11.0,9.2,A,-3.6
1533,low,2,9.0,31.0,4.3,C,-17.5
1534,none,2,1.0,25.0,3.2,A,-100.0
1535,none,1,12.0,33.0,8.6,A,7.8
1536,high,2,3.0,33.0,4.8,A,-17.1
1537,medium,0,4.0,6.0,6.0,B,-3.2
1538,low,2,3.0,0.0,6.2,A,-6.7
1539,low,0,5.0,3.0,8.5,C,10.8
1540,none,3,3.0,1.0,3.3,B,-100.0
1541,high,1,36.0,0.0,3.5,A,-100.0
1542,low,1,11.0,4.0,9.1,B,11.0
1543,low,1,4.0,7.0,2.6,A,-100.0
1544,high,1,12.0,39.0,9.4,B,9.9
1545,medium,1,2.0,11.0,3.4,A,-19.8
1546,none,1,24.0,6.0,4.5,A,-16.2
1547,high,1,18.0,9.0,9.7,C,10.6
1548,none,3,15.0,7.0,1.5,A,-100.0
1549,medium,1,5.0,11.0,5.3,C,-9.6
1550,medium,1,7.0,2.0,3.1,C,-100.0
1551,low,2,16.0,22.0,3.8,A,-100.0
1552,low,0,17.0,28.0,2.6,A,-100.0
1553,high,0,13.0,16.0,8.2,A,5.4
1554,none,0,18.0,13.0,9.3,A,13.4
1555,none,3,6.0,27.0,1.7,A,-100.0
1556,low,2,15.0,10.0,5.8,A,-10.0
1557,medium,4,0.0,20.0,3.6,A,-100.0
1558,high,3,10.0,7.0,2.3,A,-100.0
1559,medium,1,14.0,8.0,3.6,A,-19.9
1560,low,0,8.0,24.0,7.6,B,5.7
1561,high,4,5.0,7.0,4.6,A,-100.0
1562,high,3,5.0,1.0,5.6,A,-15.7
1563,none,1,7.0,2.0,9.6,A,13.5
1564,high,0,19.0,2.0,6.8,A,-3.0
1565,high,0,10.0,2.0,3.6,A,-19.7
1566,high,2,17.0,9.0,8.2,A,-0.0
1567,high,0,11.0,32.0,2.9,A,-100.0
1568,low,1,6.0,4.0,4.0,B,-16.6
1569,low,0,12.0,7.0,3.9,A,-15.2
1570,low,3,14.0,7.0,1.2,A,-100.0
1571,medium,2,6.0,50.0,8.8,A,7.4
1572,none,1,30.0,11.0,8.6,A,5.8
1573,medium,3,3.0,8.0,8.6,A,3.7
1574,low,2,7.0,4.0,3.5,A,-100.0
1575,medium,1,14.0,16.0,7.6,B,2.2
1576,high,1,16.0,7.0,8.5,A,4.2
1577,none,2,1.0,1.0,9.7,A,12.1
1578,high,1,1.0,6.0,9.5,A,11.2
1579,none,3,19.0,3.0,9.7,A,7.9
1580,high,0,7.0,17.0,5.7,B,-7.7
1581,low,0,8.0,7.0,9.9,A,15.0
1582,low,1,15.0,0.0,9.2,C,11.1
1583,low,3,10.0,45.0,8.8,A,4.8
1584,low,1,11.0,16.0,1.7,A,-100.0
1585,medium,2,10.0,2.0,9.3,D,9.3
1586,low,0,11.0,6.0,3.7,A,-16.2
1587,none,0,8.0,3.0,4.5,A,-12.1
1588,low,2,10.0,23.0,9.6,C,11.5
1589,medium,2,5.0,9.0,9.5,A,10.9
1590,high,1,5.0,20.0,7.6,A,0.5
1591,none,2,16.0,0.0,2.3,A,-100.0
1592,medium,1,4.0,8.0,8.8,A,9.7
1593,medium,5,20.0,15.0,1.9,D,-100.0
1594,high,0,6.0,2.0,9.8,A,14.8
1595,none,0,2.0,4.0,5.1,A,-8.2
1596,medium,3,12.0,18.0,8.2,C,0.7
1597,low,3,11.0,10.0,5.7,B,-12.7
1598,low,2,1.0,13.0,2.1,C,-100.0
1599,low,0,7.0,45.0,7.7,A,6.6
1600,low,4,7.0,3.0,3.4,A,-100.0
1601,none,1,8.0,20.0,6.3,A,-4.6
1602,medium,2,4.0,12.0,4.4,A,-17.0
1603,none,0,12.0,9.0,8.5,B,9.5
1604,none,3,7.0,22.0,9.8,A,9.8
1605,low,2,4.0,21.0,9.5,C,11.5
1606,high,4,12.0,50.0,3.0,B,-100.0
1607,high,2,12.0,15.0,9.6,A,8.2
1608,low,1,27.0,17.0,8.2,A,4.5
1609,high,2,17.0,8.0,9.0,C,4.4
1610,medium,1,15.0,4.0,1.9,C,-100.0
1611,high,0,2.0,9.0,6.1,A,-5.1
1612,high,0,29.0,20.0,8.9,A,7.7
1613,high,0,2.0,7.0,8.9,A,10.3
1614,none,1,8.0,4.0,1.2,B,-100.0
1615,medium,2,6.0,16.0,6.8,A,-3.9
1616,high,1,9.0,16.0,1.1,A,-100.0
1617,low,4,4.0,15.0,9.9,A,8.7
1618,high,1,3.0,14.0,2.2,A,-100.0
1619,none,0,2.0,5.0,9.6,A,15.0
1620,low,1,9.0,6.0,5.7,A,-7.5
1621,high,2,4.0,11.0,10.0,A,11.2
1622,low,4,9.0,1.0,2.5,A,-100.0
1623,high,2,6.0,3.0,7.9,A,-0.6
1624,low,0,6.0,44.0,2.9,A,-19.7
1625,medium,4,2.0,22.0,2.3,A,-100.0
1626,low,0,24.0,6.0,1.8,A,-100.0
1627,high,1,5.0,5.0,1.4,A,-100.0
1628,medium,0,11.0,18.0,2.8,A,-100.0
1629,medium,4,16.0,8.0,7.4,C,-6.7
1630,medium,1,1.0,13.0,3.7,A,-18.0
1631,medium,0,9.0,11.0,2.1,C,-100.0
1632,medium,2,5.0,0.0,9.5,A,10.8
1633,none,0,3.0,6.0,2.4,A,-100.0
1634,low,0,3.0,33.0,1.6,A,-100.0
1635,medium,0,17.0,20.0,1.5,A,-100.0
1636,high,1,12.0,50.0,4.8,B,-15.3
1637,none,1,4.0,18.0,8.3,A,6.8
1638,high,1,5.0,14.0,7.0,A,-2.9
1639,high,1,3.0,3.0,2.9,A,-100.0
1640,none,1,7.0,23.0,2.2,D,-100.0
1641,medium,1,9.0,34.0,9.4,A,12.7
1642,high,3,11.0,19.0,9.2,A,3.7
1643,low,1,14.0,30.0,9.5,A,13.1
1644,low,2,9.0,1.0,3.2,D,-100.0
1645,none,1,3.0,20.0,6.7,A,-1.9
1646,none,2,,19.0,5.3,C,
1647,low,2,1.0,6.0,9.0,A,8.9
1648,none,0,10.0,0.0,8.3,C,8.5
1649,high,1,9.0,8.0,8.6,C,5.5
1650,low,1,5.0,0.0,3.6,A,-18.7
1651,high,1,7.0,20.0,9.9,B,12.9
1652,medium,2,13.0,8.0,1.9,A,-100.0
1653,low,0,3.0,7.0,1.0,A,-100.0
1654,high,1,4.0,4.0,6.2,A,-7.3
1655,medium,2,19.0,1.0,1.1,B,-100.0
1656,medium,2,6.0,4.0,8.1,D,3.1
1657,none,1,24.0,38.0,8.3,A,5.0
1658,,1,13.0,1.0,6.8,A,-2.5
1659,medium,0,3.0,20.0,9.0,A,13.5
1660,none,1,1.0,2.0,3.6,B,-18.9
1661,high,2,6.0,44.0,9.2,D,6.9
1662,none,4,6.0,48.0,1.1,D,-100.0
1663,medium,2,7.0,12.0,2.6,A,-100.0
1664,medium,3,19.0,7.0,9.5,A,7.0
1665,high,0,12.0,21.0,9.2,A,11.1
1666,high,1,,28.0,8.1,C,
1667,low,4,17.0,12.0,9.8,A,6.8
1668,high,3,6.0,10.0,8.8,A,1.9
1669,high,3,10.0,6.0,1.9,A,-100.0
1670,low,1,24.0,6.0,8.8,B,8.0
1671,none,3,6.0,34.0,1.7,A,-100.0
1672,low,2,11.0,1.0,8.8,C,6.8
1673,high,3,34.0,2.0,8.1,A,-4.9
1674,none,1,7.0,5.0,9.3,C,11.9
1675,none,2,10.0,1.0,2.4,C,-100.0
1676,low,6,22.0,17.0,8.1,A,-8.0
1677,none,1,5.0,5.0,6.8,A,-1.7
1678,high,3,4.0,16.0,8.8,B,2.1
1679,medium,0,6.0,6.0,1.8,C,-100.0
1680,medium,2,21.0,3.0,7.6,A,-1.2
1681,high,4,3.0,14.0,9.3,D,2.5
1682,low,0,8.0,8.0,1.8,B,-100.0
1683,low,3,13.0,5.0,5.9,A,-11.8
1684,high,1,11.0,14.0,8.9,A,7.0
1685,low,1,6.0,16.0,9.5,D,13.8
1686,high,1,16.0,14.0,9.0,D,7.0
1687,low,2,14.0,1.0,1.9,B,-100.0
1688,low,1,16.0,13.0,4.8,A,-13.1
1689,high,2,7.0,44.0,6.2,D,-9.7
1690,low,3,5.0,15.0,2.5,A,-100.0
1691,none,1,12.0,5.0,5.8,A,-7.9
1692,low,1,9.0,13.0,1.3,A,-100.0
1693,medium,2,10.0,7.0,9.2,C,8.8
1694,none,0,4.0,9.0,1.3,D,-100.0
1695,low,0,1.0,26.0,9.5,A,15.0
1696,medium,0,17.0,17.0,2.4,A,-100.0
1697,none,2,16.0,3.0,7.7,A,-0.3
1698,low,0,5.0,8.0,3.1,A,-18.9
1699,low,3,5.0,25.0,4.1,A,-100.0
1700,medium,0,9.0,12.0,10.0,A,15.0
1701,high,3,10.0,20.0,2.8,A,-100.0
1702,low,4,11.0,19.0,9.7,B,6.9
1703,high,2,6.0,8.0,4.5,A,-19.3
1704,high,0,16.0,21.0,3.0,C,-100.0
1705,high,1,2.0,0.0,2.7,A,-100.0
1706,medium,0,9.0,21.0,8.2,C,8.5
1707,low,2,1.0,6.0,9.9,C,13.9
1708,low,2,3.0,8.0,8.1,B,3.8
1709,low,2,6.0,4.0,4.6,C,-15.8
1710,none,1,21.0,42.0,5.4,A,-10.6
1711,low,0,5.0,16.0,6.7,C,1.0
1712,low,1,5.0,12.0,9.7,A,14.9
1713,medium,2,10.0,9.0,3.5,A,-100.0
1714,low,2,14.0,33.0,8.3,A,4.1
1715,low,3,10.0,8.0,4.5,C,-19.2
1716,low,2,6.0,20.0,3.9,A,-19.5
1717,medium,2,9.0,0.0,9.0,A,7.7
1718,medium,6,6.0,16.0,2.7,C,-100.0
1719,low,0,3.0,9.0,1.7,A,-100.0
1720,medium,2,11.0,28.0,9.9,A,12.7
1721,low,1,8.0,8.0,10.0,B,15.0
1722,medium,0,8.0,25.0,7.2,B,3.2
1723,medium,4,5.0,8.0,6.7,A,-9.5
1724,low,1,3.0,5.0,6.7,A,-1.4
1725,medium,5,3.0,20.0,8.8,A,-0.1
1726,none,3,40.0,2.0,4.2,A,-100.0
1727,high,2,17.0,3.0,2.2,A,-100.0
1728,medium,1,13.0,7.0,2.1,A,-100.0
1729,medium,3,9.0,50.0,3.2,A,-100.0
1730,medium,4,5.0,13.0,3.8,B,-100.0
1731,high,2,17.0,41.0,2.6,A,-100.0
1732,low,2,5.0,12.0,1.7,A,-100.0
1733,high,1,8.0,0.0,4.5,D,-17.1
1734,low,2,7.0,4.0,1.2,A,-100.0
1735,medium,5,8.0,25.0,8.3,A,-3.3
1736,medium,2,6.0,2.0,2.2,A,-100.0
1737,low,1,7.0,15.0,3.0,A,-100.0
1738,low,1,4.0,5.0,8.0,A,5.6
1739,high,2,2.0,5.0,6.4,C,-8.5
1740,low,2,7.0,22.0,8.3,A,4.6
1741,none,0,4.0,2.0,6.5,A,-0.8
1742,medium,1,8.0,1.0,8.7,A,8.7
1743,high,1,6.0,0.0,9.1,C,8.4
1744,high,2,11.0,6.0,6.2,A,-10.5
1745,low,2,10.0,3.0,1.3,C,-100.0
1746,medium,2,12.0,6.0,10.0,B,13.0
1747,low,1,28.0,7.0,9.0,A,8.7
1748,medium,0,4.0,19.0,1.2,A,-100.0
1749,high,3,5.0,8.0,9.2,B,4.2
1750,low,4,9.0,14.0,8.7,A,1.6
1751,low,3,13.0,25.0,9.6,A,8.7
1752,high,1,10.0,5.0,3.1,C,-100.0
1753,medium,2,8.0,10.0,3.3,A,-100.0
1754,high,1,1.0,7.0,9.6,A,11.7
1755,high,0,13.0,28.0,8.3,A,6.1
1756,high,2,3.0,18.0,8.1,A,0.9
1757,low,0,5.0,2.0,6.6,A,0.3
1758,low,1,6.0,5.0,6.7,A,-1.7
1759,high,2,7.0,5.0,8.6,A,3.1
1760,high,1,8.0,39.0,4.3,A,-17.8
1761,medium,2,11.0,26.0,8.2,C,3.4
1762,low,1,4.0,11.0,10.0,A,15.0
1763,low,1,4.0,18.0,8.7,A,9.6
1764,high,0,4.0,8.0,7.3,A,1.3
1765,high,0,7.0,21.0,2.4,C,-100.0
1766,low,2,4.0,0.0,8.3,A,4.7
1767,low,3,22.0,33.0,4.5,C,-100.0
1768,medium,0,5.0,18.0,9.7,D,15.0
1769,medium,2,12.0,22.0,4.5,C,-17.1
1770,none,2,13.0,50.0,2.8,A,-100.0
1771,medium,2,9.0,17.0,1.7,B,-100.0
1772,medium,2,6.0,1.0,4.1,A,-18.9
1773,high,2,14.0,8.0,9.5,A,7.4
1774,none,2,16.0,47.0,2.7,A,-100.0
1775,none,1,7.0,0.0,1.3,A,-100.0
1776,none,2,6.0,17.0,8.4,A,4.6
1777,medium,2,8.0,7.0,9.5,D,10.6
1778,low,1,9.0,11.0,3.1,A,-100.0
1779,medium,0,4.0,5.0,3.8,C,-15.3
1780,low,3,14.0,4.0,7.3,B,-4.2
1781,none,0,7.0,2.0,4.6,A,-11.5
1782,high,0,7.0,48.0,,D,
1783,high,1,17.0,15.0,9.5,D,9.7
1784,high,0,6.0,1.0,3.1,A,-100.0
1785,high,1,2.0,27.0,7.8,A,1.9
1786,low,3,11.0,4.0,4.2,A,-100.0
1787,none,0,8.0,1.0,1.3,A,-100.0
1788,low,3,14.0,0.0,7.3,A,-4.3
1789,high,4,9.0,7.0,9.6,A,3.5
1790,low,0,9.0,6.0,8.9,A,12.6
1791,medium,5,4.0,9.0,9.3,A,2.4
1792,none,2,9.0,9.0,1.2,A,-100.0
1793,low,3,5.0,6.0,2.3,D,-100.0
1794,high,3,2.0,2.0,9.9,A,8.2
1795,none,0,21.0,14.0,9.9,A,15.0
1796,medium,1,4.0,20.0,8.6,A,8.7
1797,medium,3,11.0,3.0,1.2,B,-100.0
1798,medium,2,7.0,14.0,8.1,C,3.1
1799,high,0,5.0,50.0,8.0,A,5.5
1800,high,2,23.0,4.0,9.4,A,5.9
1801,,0,4.0,6.0,9.3,A,14.7
1802,medium,1,5.0,1.0,9.4,A,12.8
1803,high,0,9.0,10.0,1.8,A,-100.0
1804,medium,1,6.0,48.0,9.6,C,14.3
1805,low,0,14.0,6.0,4.5,A,-12.1
1806,medium,1,13.0,9.0,1.8,A,-100.0
1807,medium,4,16.0,4.0,9.9,A,7.0
1808,high,3,5.0,29.0,1.1,A,-100.0
1809,none,1,13.0,2.0,9.4,B,11.8
1810,low,1,15.0,14.0,1.3,B,-100.0
1811,low,2,11.0,2.0,6.1,D,-8.1
1812,low,3,1.0,13.0,9.2,A,7.6
1813,high,1,3.0,17.0,8.7,B,6.7
1814,high,0,18.0,24.0,,D,
1815,high,3,8.0,9.0,7.6,A,-4.9
1816,medium,1,6.0,5.0,8.9,A,10.0
1817,medium,0,37.0,39.0,5.2,A,-10.6
1818,low,1,10.0,31.0,1.5,C,-100.0
1819,low,4,20.0,3.0,8.8,A,0.9
1820,high,2,18.0,7.0,8.6,C,2.0
1821,none,3,10.0,1.0,6.6,A,-8.3
1822,high,1,16.0,50.0,9.4,A,9.6
1823,high,3,13.0,2.0,9.2,A,3.3
1824,low,2,4.0,3.0,9.8,A,13.0
1825,medium,2,8.0,1.0,9.3,D,9.5
1826,medium,1,11.0,3.0,9.1,A,10.6
1827,high,0,10.0,18.0,8.2,A,5.8
1828,high,1,4.0,24.0,8.6,C,6.1
1829,none,2,14.0,2.0,4.1,A,-20.0
1830,low,0,8.0,20.0,2.2,C,-100.0
1831,medium,1,12.0,39.0,7.5,A,2.0
1832,none,2,9.0,20.0,2.8,A,-100.0
1833,low,0,4.0,38.0,3.5,B,-16.3
1834,high,3,11.0,13.0,9.6,A,5.8
1835,high,1,11.0,7.0,5.1,D,-14.0
1836,high,0,10.0,6.0,4.6,A,-14.2
1837,none,2,15.0,23.0,4.5,A,-17.7
1838,,3,18.0,11.0,9.8,C,8.6
1839,medium,2,2.0,0.0,2.0,A,-100.0
1840,high,2,13.0,28.0,3.4,C,-100.0
1841,none,2,3.0,4.0,5.9,C,-8.9
1842,medium,1,16.0,21.0,9.0,B,9.7
1843,none,2,2.0,3.0,4.7,C,-15.4
1844,low,2,13.0,1.0,2.2,C,-100.0
1845,none,1,13.0,18.0,1.7,B,-100.0
1846,low,0,9.0,4.0,1.9,C,-100.0
1847,medium,0,11.0,1.0,8.6,A,10.3
1848,low,3,10.0,16.0,9.1,A,6.2
1849,high,0,26.0,50.0,5.5,A,-10.4
1850,,5,10.0,21.0,9.0,A,0.1
1851,high,2,,7.0,9.5,C,
1852,medium,1,9.0,7.0,1.8,A,-100.0
1853,medium,4,2.0,12.0,6.0,A,-13.0
1854,medium,2,2.0,13.0,7.3,A,-0.8
1855,low,1,2.0,1.0,4.5,A,-13.5
1856,high,1,8.0,2.0,9.2,D,8.8
1857,medium,2,1.0,5.0,6.4,C,-5.7
1858,high,0,3.0,6.0,8.7,C,9.1
1859,none,2,21.0,9.0,8.3,C,2.5
1860,medium,1,17.0,12.0,8.8,A,8.4
1861,none,4,9.0,14.0,9.4,C,4.8
1862,high,1,7.0,5.0,8.9,D,7.3
1863,low,0,8.0,10.0,4.0,D,-14.2
1864,medium,2,33.0,4.0,9.1,A,5.9
1865,high,0,2.0,1.0,9.5,B,13.5
1866,medium,1,15.0,6.0,9.2,A,10.8
1867,high,1,11.0,19.0,5.7,A,-10.6
1868,low,2,3.0,14.0,2.7,A,-100.0
1869,high,1,7.0,2.0,3.9,A,-100.0
1870,medium,0,13.0,14.0,9.7,D,15.0
1871,medium,2,8.0,7.0,1.4,C,-100.0
1872,low,0,19.0,3.0,6.0,A,-4.4
1873,high,2,11.0,3.0,8.7,A,3.2
1874,low,1,20.0,19.0,9.5,A,12.4
1875,medium,3,3.0,7.0,5.3,D,-14.5
1876,low,4,0.0,15.0,7.2,A,-5.8
1877,low,4,12.0,2.0,6.4,A,-11.5
1878,low,1,2.0,3.0,8.6,A,9.1
1879,low,0,2.0,25.0,7.9,A,8.0
1880,low,2,8.0,2.0,2.6,A,-100.0
1881,high,4,6.0,7.0,3.1,B,-100.0
1882,none,2,8.0,9.0,10.0,B,13.2
1883,none,2,,15.0,3.3,C,
1884,high,1,29.0,20.0,8.7,A,4.1
1885,high,1,22.0,9.0,5.1,A,-15.1
1886,low,1,7.0,27.0,9.0,C,11.0
1887,low,0,3.0,6.0,2.4,A,-100.0
1888,high,1,10.0,3.0,9.1,A,8.1
1889,none,1,12.0,9.0,7.0,C,-1.2
1890,,1,20.0,5.0,9.9,A,13.9
1891,high,0,24.0,22.0,8.9,A,8.2
1892,none,1,10.0,11.0,4.8,C,-13.1
1893,medium,1,7.0,3.0,2.9,A,-100.0
1894,low,2,4.0,5.0,4.6,B,-15.6
1895,medium,0,6.0,0.0,8.8,C,11.9
1896,medium,1,16.0,6.0,3.8,A,-19.0
1897,medium,2,1.0,21.0,9.8,A,13.1
1898,high,1,9.0,9.0,9.5,A,10.4
1899,high,2,8.0,20.0,3.3,A,-100.0
1900,low,2,7.0,23.0,8.8,A,7.4
1901,medium,2,5.0,4.0,9.1,A,8.7
1902,medium,1,16.0,13.0,6.1,A,-6.3
1903,high,5,0.0,32.0,1.3,A,-100.0
1904,high,2,16.0,29.0,3.3,A,-100.0
1905,low,0,2.0,15.0,3.3,A,-17.4
1906,high,1,12.0,34.0,3.6,A,-100.0
1907,high,4,4.0,5.0,10.0,A,6.1
1908,medium,3,3.0,50.0,8.5,A,3.6
1909,low,1,5.0,6.0,1.8,A,-100.0
1910,none,2,7.0,12.0,3.7,A,-100.0
1911,low,3,6.0,25.0,8.2,B,1.7
1912,low,1,9.0,6.0,8.4,A,7.3
1913,high,3,7.0,6.0,8.3,C,-1.0
1914,medium,3,25.0,1.0,2.7,A,-100.0
1915,low,2,5.0,3.0,9.2,A,9.6
1916,low,1,18.0,16.0,4.9,A,-12.7
1917,medium,3,11.0,0.0,9.3,C,6.7
1918,medium,1,13.0,16.0,9.6,B,13.3
1919,medium,1,2.0,1.0,8.8,A,9.8
1920,none,2,15.0,0.0,8.8,A,5.8
1921,low,2,7.0,22.0,4.4,A,-16.8
1922,medium,4,22.0,39.0,8.0,A,-3.7
1923,medium,2,4.0,1.0,9.3,C,9.9
1924,high,0,21.0,3.0,10.0,C,14.4
1925,low,0,15.0,50.0,1.6,A,-100.0
1926,low,3,16.0,3.0,3.4,A,-100.0
1927,none,3,3.0,14.0,9.2,A,6.8
1928,medium,1,15.0,15.0,9.5,C,12.5
1929,medium,3,12.0,12.0,3.2,A,-100.0
1930,none,2,10.0,4.0,8.8,B,6.3
1931,high,2,18.0,30.0,2.1,D,-100.0
1932,low,1,9.0,22.0,10.0,C,15.0
1933,low,1,6.0,7.0,3.5,C,-19.3
1934,low,3,4.0,6.0,3.5,C,-100.0
1935,high,2,16.0,8.0,6.2,A,-10.9
1936,low,0,9.0,14.0,5.7,A,-4.9
1937,none,1,11.0,4.0,3.4,C,-100.0
1938,medium,2,5.0,0.0,7.4,A,-0.7
1939,high,0,19.0,32.0,5.0,A,-12.6
1940,none,2,2.0,22.0,7.3,A,-1.0
1941,low,3,2.0,2.0,,C,
1942,high,1,30.0,2.0,2.6,C,-100.0
1943,medium,1,6.0,1.0,9.3,A,12.2
1944,high,0,7.0,6.0,1.9,A,-100.0
1945,high,2,,2.0,9.5,C,
1946,low,1,3.0,17.0,4.5,A,-13.4
1947,low,1,2.0,4.0,1.8,A,-100.0
1948,medium,2,5.0,3.0,9.1,B,8.7
1949,low,3,4.0,8.0,5.2,C,-14.7
1950,medium,1,20.0,2.0,9.6,C,12.4
1951,low,1,4.0,6.0,1.8,A,-100.0
1952,high,2,35.0,2.0,5.3,A,-17.9
1953,low,1,12.0,11.0,7.1,C,-0.1
1954,low,0,15.0,1.0,1.2,B,-100.0
1955,high,0,13.0,24.0,8.9,A,9.4
1956,high,1,16.0,11.0,6.1,A,-9.0
1957,low,2,4.0,2.0,3.0,A,-100.0
1958,high,1,3.0,1.0,9.9,C,13.1
1959,high,0,18.0,24.0,3.7,C,-19.7
1960,medium,3,3.0,29.0,8.5,A,3.3
1961,medium,0,12.0,2.0,6.0,A,-4.1
1962,low,3,7.0,8.0,9.9,A,10.8
1963,low,3,10.0,17.0,8.6,C,3.5
1964,high,0,1.0,16.0,9.8,C,15.0
1965,high,1,10.0,50.0,9.1,A,8.5
1966,none,0,13.0,28.0,4.2,A,-14.0
1967,high,0,8.0,46.0,9.0,A,10.6
1968,high,2,11.0,5.0,8.3,C,1.1
1969,medium,1,13.0,44.0,9.7,A,14.1
1970,low,1,10.0,4.0,3.8,D,-18.1
1971,low,2,7.0,4.0,4.8,B,-14.8
1972,low,1,6.0,19.0,9.8,A,15.0
1973,high,2,9.0,1.0,9.7,C,8.9
1974,medium,1,5.0,6.0,2.8,A,-100.0
1975,low,1,6.0,2.0,4.8,B,-12.2
1976,high,1,8.0,6.0,2.6,A,-100.0
1977,high,4,4.0,7.0,9.7,C,4.5
1978,none,2,12.0,12.0,9.6,C,10.6
1979,medium,2,11.0,3.0,7.9,B,1.5
1980,low,0,8.0,20.0,8.2,A,9.0
1981,medium,1,9.0,2.0,3.9,A,-17.8
1982,high,0,15.0,12.0,1.9,B,-100.0
1983,none,2,12.0,6.0,1.4,A,-100.0
1984,high,1,9.0,22.0,9.3,A,9.4
1985,low,1,38.0,13.0,1.8,A,-100.0
1986,medium,1,17.0,3.0,6.6,A,-3.8
1987,low,1,11.0,39.0,3.0,A,-100.0
1988,none,0,20.0,5.0,8.6,A,9.2
1989,high,0,13.0,4.0,1.8,A,-100.0
1990,low,3,27.0,15.0,8.1,A,-1.0
1991,medium,1,8.0,6.0,8.9,A,9.8
1992,none,1,14.0,20.0,6.6,C,-3.5
1993,high,0,12.0,2.0,3.2,D,-100.0
1994,medium,4,5.0,9.0,1.0,D,-100.0
1995,high,0,9.0,9.0,5.5,A,-9.1
1996,medium,0,13.0,1.0,2.7,A,-100.0
1997,low,0,13.0,8.0,9.5,A,15.0
1998,high,1,4.0,3.0,3.0,D,-100.0
1999,low,3,12.0,36.0,2.5,B,-100.0
2000,low,1,14.0,1.0,4.9,A,-12.5
2001,medium,3,12.0,5.0,2.4,A,-100.0
2002,low,2,3.0,7.0,6.6,A,-4.4
2003,high,2,5.0,7.0,2.9,C,-100.0
2004,medium,0,7.0,16.0,8.7,A,11.4
2005,medium,1,31.0,10.0,8.5,C,5.3
2006,low,3,15.0,4.0,7.4,A,-3.8
2007,medium,0,8.0,1.0,6.8,A,0.7
2008,high,2,6.0,11.0,6.0,D,-11.0
2009,high,0,16.0,23.0,5.6,D,-9.1
2010,none,0,11.0,7.0,8.6,C,10.1
2011,medium,1,6.0,27.0,4.4,A,-14.5
2012,low,2,14.0,18.0,8.8,C,6.7
2013,high,3,3.0,17.0,7.7,A,-3.8
2014,,3,20.0,15.0,2.3,B,-100.0
2015,low,2,2.0,37.0,9.0,C,9.1
2016,medium,0,6.0,4.0,1.2,B,-100.0
2017,high,1,5.0,23.0,9.2,A,9.3
2018,medium,2,2.0,4.0,1.0,C,-100.0
2019,medium,1,14.0,7.0,8.8,D,8.7
2020,high,0,5.0,17.0,1.3,C,-100.0
2021,high,2,19.0,32.0,1.1,D,-100.0
2022,high,2,10.0,3.0,5.1,A,-16.4
2023,,1,14.0,9.0,9.2,A,10.7
2024,high,0,0.0,17.0,,A,
2025,low,2,16.0,2.0,8.2,B,3.0
2026,medium,0,5.0,29.0,8.9,A,12.8
2027,low,1,27.0,15.0,6.2,C,-6.5
2028,low,1,9.0,31.0,2.2,A,-100.0
2029,low,1,5.0,11.0,2.9,A,-100.0
2030,high,1,4.0,16.0,4.9,A,-14.3
2031,low,1,9.0,0.0,6.8,C,-1.5
2032,none,1,4.0,18.0,1.1,A,-100.0
2033,high,1,3.0,15.0,1.7,A,-100.0
2034,low,3,10.0,5.0,1.5,A,-100.0
2035,low,0,6.0,7.0,1.2,C,-100.0
2036,low,1,3.0,0.0,8.4,A,7.9
2037,low,0,26.0,4.0,2.3,C,-100.0
2038,none,3,8.0,3.0,2.5,A,-100.0
2039,low,1,13.0,50.0,6.4,B,-3.6
2040,high,1,2.0,19.0,1.1,A,-100.0
2041,medium,1,15.0,35.0,4.0,A,-17.6
2042,none,1,4.0,16.0,9.4,A,12.8
2043,low,1,14.0,13.0,9.1,C,10.8
2044,low,1,8.0,24.0,9.0,A,10.9
2045,low,4,7.0,3.0,4.0,A,-100.0
2046,medium,2,10.0,6.0,3.6,A,-100.0
2047,low,0,10.0,1.0,2.9,A,-100.0
2048,medium,1,8.0,3.0,8.0,A,4.8
2049,none,2,4.0,9.0,2.5,A,-100.0
2050,medium,3,11.0,4.0,9.3,C,6.7
2051,low,3,5.0,7.0,2.1,A,-100.0
2052,low,1,4.0,0.0,1.4,A,-100.0
2053,low,0,14.0,3.0,10.0,A,15.0
2054,medium,1,12.0,22.0,9.1,A,10.7
2055,high,0,28.0,1.0,1.6,A,-100.0
2056,low,2,3.0,10.0,9.0,A,8.8
2057,medium,1,23.0,28.0,3.5,A,-100.0
2058,high,1,7.0,7.0,2.1,C,-100.0
2059,high,3,,5.0,8.6,C,
2060,low,1,18.0,2.0,5.0,B,-12.3
2061,medium,2,29.0,5.0,3.3,A,-100.0
2062,medium,0,11.0,2.0,4.7,A,-11.1
2063,medium,3,3.0,31.0,8.3,C,2.3
2064,low,2,2.0,5.0,6.7,C,-3.8
2065,high,0,18.0,4.0,3.9,A,-18.8
2066,low,3,3.0,2.0,3.1,D,-100.0
2067,medium,3,3.0,27.0,9.3,A,7.7
2068,high,2,4.0,35.0,8.5,B,3.2
2069,none,1,40.0,15.0,3.7,C,-100.0
2070,high,4,12.0,8.0,2.7,A,-100.0
2071,high,1,5.0,7.0,7.0,C,-3.0
2072,low,0,15.0,10.0,9.8,D,15.0
2073,medium,2,1.0,11.0,6.4,A,-5.7
2074,low,3,9.0,4.0,8.2,A,
2075,medium,2,10.0,23.0,3.6,A,-100.0
2076,low,0,11.0,13.0,2.2,A,-100.0
2077,none,4,,1.0,9.9,C,
2078,low,2,17.0,21.0,8.8,D,6.4
2079,none,1,3.0,23.0,8.9,A,10.3
2080,low,3,5.0,9.0,9.6,A,9.4
2081,,1,20.0,15.0,4.1,A,-17.9
2082,low,1,11.0,5.0,8.9,A,9.9
2083,high,1,7.0,6.0,9.4,A,10.0
2084,low,1,6.0,10.0,5.4,D,-8.8
2085,high,3,7.0,1.0,7.3,A,-6.6
2086,low,3,2.0,5.0,2.5,A,-100.0
2087,medium,1,2.0,1.0,9.2,A,12.0
2088,low,1,2.0,24.0,1.5,A,-100.0
2089,low,2,7.0,2.0,5.9,A,-8.8
2090,medium,3,3.0,10.0,7.7,A,-1.2
2091,high,1,17.0,4.0,7.2,C,-3.1
2092,high,1,5.0,25.0,5.4,C,-11.6
2093,high,4,9.0,9.0,6.4,B,-14.1
2094,none,4,9.0,4.0,2.2,C,-100.0
2095,medium,2,3.0,10.0,4.2,B,-18.0
2096,low,0,12.0,8.0,3.6,C,-16.8
2097,high,0,9.0,13.0,5.7,D,-8.0
2098,high,1,9.0,7.0,8.6,C,5.4
2099,low,6,10.0,3.0,5.6,A,-100.0
2100,low,1,6.0,3.0,2.0,A,-100.0
2101,medium,2,17.0,2.0,9.8,C,11.3
2102,none,1,20.0,11.0,3.4,A,-100.0
2103,low,2,4.0,16.0,9.1,A,9.3
2104,medium,3,23.0,18.0,3.4,D,-100.0
2105,low,2,18.0,42.0,7.3,A,-1.8
2106,none,2,5.0,0.0,2.2,A,-100.0
2107,low,3,9.0,3.0,4.4,B,-19.7
2108,high,2,6.0,18.0,9.9,A,10.5
2109,none,2,8.0,7.0,5.5,C,-11.6
2110,high,0,3.0,3.0,3.9,C,-17.3
2111,high,1,13.0,8.0,7.3,A,-2.1
2112,low,0,1.0,6.0,7.6,C,6.2
2113,high,0,7.0,10.0,2.9,A,-100.0
2114,low,4,9.0,9.0,2.2,D,-100.0
2115,none,0,4.0,2.0,5.7,B,-5.2
2116,low,1,10.0,21.0,6.9,A,-0.9
2117,medium,3,10.0,1.0,3.0,D,-100.0
2118,high,1,25.0,5.0,1.5,A,-100.0
2119,high,3,18.0,8.0,5.9,A,-15.3
2120,high,1,8.0,18.0,1.6,A,-100.0
2121,low,0,3.0,0.0,9.2,A,14.8
2122,medium,4,17.0,11.0,6.4,A,-12.3
2123,low,1,11.0,1.0,4.1,A,-16.6
2124,medium,0,19.0,1.0,9.5,A,14.5
2125,,0,7.0,4.0,2.8,A,-100.0
2126,high,1,11.0,3.0,7.9,A,1.3
2127,high,4,14.0,34.0,8.3,B,-3.9
2128,high,4,4.0,1.0,1.8,A,-100.0
2129,medium,0,8.0,9.0,5.2,C,-8.0
2130,low,1,6.0,11.0,1.5,A,-100.0
2131,low,1,13.0,1.0,9.1,A,10.7
2132,high,4,10.0,0.0,5.5,A,-19.3
2133,high,0,12.0,28.0,9.8,A,14.5
2134,low,1,10.0,9.0,6.1,C,-5.4
2135,none,0,9.0,13.0,9.4,C,14.8
2136,low,4,21.0,3.0,8.5,A,-0.8
2137,high,1,3.0,10.0,4.9,A,-14.3
2138,high,0,10.0,20.0,2.1,C,-100.0
2139,low,1,3.0,33.0,7.2,C,1.6
2140,medium,1,7.0,9.0,1.4,A,-100.0
2141,medium,2,5.0,28.0,2.8,A,-100.0
2142,high,0,8.0,2.0,7.6,A,2.5
2143,low,0,18.0,5.0,1.4,A,-100.0
2144,medium,3,15.0,1.0,1.7,A,-100.0
2145,high,2,5.0,15.0,9.5,A,8.4
2146,none,1,2.0,1.0,9.9,A,15.0
2147,high,1,10.0,4.0,3.5,B,-100.0
2148,medium,4,1.0,17.0,8.7,A,2.0
2149,none,1,1.0,8.0,8.2,A,6.5
2150,medium,5,6.0,19.0,9.9,A,5.6
2151,medium,1,8.0,28.0,4.5,A,-14.2
2152,low,3,20.0,27.0,9.6,A,8.0
2153,low,1,9.0,1.0,8.9,A,10.0
2154,high,2,24.0,50.0,2.9,A,-100.0
2155,medium,1,9.0,9.0,1.7,C,-100.0
2156,low,2,8.0,39.0,9.2,C,9.7
2157,low,1,16.0,1.0,2.4,C,-100.0
2158,,5,19.0,1.0,9.4,A,1.2
2159,low,0,12.0,11.0,1.0,C,-100.0
2160,low,1,,15.0,3.4,C,
2161,medium,0,4.0,10.0,8.2,A,8.9
2162,high,1,23.0,5.0,7.2,D,-3.7
2163,none,1,6.0,8.0,3.4,A,-100.0
2164,high,2,11.0,13.0,1.2,A,-100.0
2165,low,0,10.0,41.0,6.2,A,-2.0
2166,high,1,1.0,15.0,1.8,A,-100.0
2167,,0,4.0,0.0,5.3,A,-7.4
2168,none,0,19.0,10.0,3.3,A,-19.8
2169,high,1,7.0,8.0,4.3,A,-18.0
2170,medium,4,20.0,21.0,2.3,A,-100.0
2171,,1,6.0,3.0,2.4,C,-100.0
2172,low,2,15.0,46.0,9.5,A,10.7
2173,medium,3,8.0,5.0,8.1,A,0.4
2174,low,2,14.0,2.0,8.1,A,2.6
2175,high,3,8.0,9.0,1.5,A,-100.0
2176,none,1,7.0,7.0,1.1,C,-100.0
2177,none,2,0.0,4.0,4.7,A,-15.2
2178,high,2,11.0,12.0,8.2,C,0.6
2179,high,1,2.0,4.0,4.1,A,-18.6
2180,low,4,5.0,15.0,5.8,C,-14.0
2181,medium,1,13.0,23.0,9.7,A,13.9
2182,high,0,3.0,1.0,9.2,A,11.8
2183,low,3,9.0,32.0,7.5,A,-2.4
2184,low,7,6.0,3.0,7.7,A,-11.2
2185,medium,3,,32.0,6.0,C,
2186,high,3,3.0,1.0,1.2,A,-100.0
2187,none,4,12.0,5.0,5.5,A,-17.0
2188,low,1,17.0,33.0,4.0,A,-17.4
2189,none,1,6.0,20.0,2.1,A,-100.0
2190,low,3,14.0,2.0,3.1,A,-100.0
2191,none,1,27.0,1.0,1.7,D,-100.0
2192,medium,0,17.0,3.0,3.4,A,-18.9
2193,medium,2,6.0,7.0,8.5,C,5.3
2194,low,4,8.0,14.0,6.2,A,-12.1
2195,high,1,2.0,2.0,9.5,A,11.0
2196,high,1,12.0,3.0,6.3,A,-7.5
2197,,4,7.0,4.0,5.7,A,-15.4
2198,medium,1,14.0,14.0,3.0,A,-100.0
2199,medium,0,1.0,1.0,2.2,A,-100.0
2200,none,1,8.0,5.0,8.8,B,9.0
2201,high,1,7.0,7.0,4.1,A,-19.1
2202,low,2,1.0,13.0,9.4,A,11.2
2203,high,0,18.0,2.0,,D,
2204,high,2,12.0,13.0,3.4,A,-100.0
2205,high,1,16.0,45.0,4.8,C,-15.8
2206,low,0,8.0,3.0,8.4,C,9.9
2207,low,2,4.0,5.0,9.5,B,11.4
2208,low,2,8.0,1.0,1.8,B,-100.0
2209,high,0,8.0,48.0,3.6,A,-19.0
2210,medium,0,6.0,5.0,4.5,A,-11.7
2211,low,3,2.0,1.0,7.5,A,-2.0
2212,high,0,4.0,11.0,5.0,A,-11.3
2213,high,1,2.0,11.0,4.8,A,-14.7
2214,high,0,15.0,50.0,1.2,C,-100.0
2215,low,5,5.0,2.0,3.0,A,-100.0
2216,medium,2,10.0,12.0,4.8,C,-15.4
2217,none,2,1.0,0.0,,A,
2218,medium,5,25.0,21.0,9.8,A,3.2
2219,high,2,11.0,6.0,5.9,B,-12.1
2220,low,3,2.0,11.0,3.0,A,-100.0
2221,low,0,1.0,10.0,8.5,A,11.2
2222,high,1,13.0,1.0,1.1,B,-100.0
2223,high,2,3.0,7.0,2.9,C,-100.0
2224,none,2,22.0,6.0,6.6,C,-7.0
2225,none,2,20.0,0.0,9.4,A,8.6
2226,none,2,14.0,3.0,7.9,A,1.0
2227,medium,2,18.0,6.0,8.6,A,4.7
2228,medium,3,5.0,50.0,8.1,A,1.1
2229,none,1,6.0,13.0,8.6,D,8.2
2230,medium,1,8.0,5.0,4.8,A,-12.8
2231,medium,1,13.0,10.0,8.4,A,6.6
2232,medium,1,36.0,12.0,3.1,A,-100.0
2233,low,2,11.0,20.0,9.2,A,9.2
2234,medium,1,8.0,50.0,4.3,B,-15.1
2235,high,0,6.0,21.0,5.9,A,-6.5
2236,low,2,5.0,26.0,8.6,C,6.5
2237,high,2,10.0,9.0,3.3,A,-100.0
2238,none,2,20.0,3.0,7.9,A,0.4
2239,medium,1,11.0,0.0,2.7,A,-100.0
2240,medium,1,4.0,24.0,8.6,A,8.7
2241,medium,1,5.0,4.0,6.4,C,-3.7
2242,low,2,14.0,2.0,2.5,D,-100.0
2243,low,0,3.0,6.0,9.1,A,14.3
2244,low,0,7.0,18.0,4.1,C,-13.5
2245,none,0,2.0,21.0,7.7,A,6.2
2246,high,3,3.0,3.0,3.1,D,-100.0
2247,high,0,11.0,15.0,8.4,D,6.7
2248,high,1,7.0,9.0,6.2,A,-7.5
2249,medium,1,15.0,4.0,4.9,A,-12.9
2250,none,1,5.0,7.0,3.8,A,-18.2
2251,medium,1,3.0,10.0,9.9,C,15.0
2252,none,0,3.0,11.0,7.9,B,7.1
2253,high,1,26.0,8.0,7.2,C,-3.9
2254,high,2,9.0,10.0,1.9,A,-100.0
2255,none,2,8.0,8.0,5.7,C,-10.5
2256,medium,1,13.0,14.0,8.3,A,6.1
2257,none,1,8.0,10.0,2.7,A,-100.0
2258,medium,3,23.0,6.0,5.8,A,-13.7
2259,high,1,7.0,27.0,2.3,A,-100.0
2260,medium,0,10.0,15.0,2.3,D,-100.0
2261,low,0,16.0,3.0,6.2,A,-3.0
2262,high,2,8.0,9.0,9.9,A,10.2
2263,none,2,3.0,15.0,3.5,A,-100.0
2264,medium,0,6.0,0.0,8.4,A,9.7
2265,high,1,10.0,2.0,7.2,A,-2.4
2266,low,1,17.0,27.0,6.4,A,-4.3
2267,high,2,5.0,1.0,1.8,C,-100.0
2268,medium,3,24.0,10.0,7.9,A,-2.2
2269,low,5,9.0,13.0,1.2,A,-100.0
2270,,0,4.0,21.0,7.4,C,4.4
2271,low,1,7.0,31.0,3.7,A,-18.1
2272,none,1,7.0,13.0,9.9,A,15.0
2273,medium,2,10.0,16.0,1.4,B,-100.0
2274,medium,1,9.0,5.0,10.0,A,15.0
2275,high,0,13.0,14.0,9.1,A,10.4
2276,none,1,0.0,4.0,8.3,C,7.1
2277,medium,1,3.0,11.0,3.1,A,-100.0
2278,low,1,2.0,6.0,9.4,D,13.5
2279,none,2,17.0,8.0,7.8,A,0.2
2280,high,4,4.0,2.0,4.4,C,-100.0
2281,low,2,3.0,2.0,2.1,B,-100.0
2282,high,3,6.0,11.0,1.4,A,-100.0
2283,low,3,9.0,11.0,8.7,C,4.0
2284,,3,7.0,1.0,6.8,A,-6.9
2285,medium,0,3.0,13.0,4.4,A,-11.9
2286,none,2,10.0,12.0,6.2,C,-7.9
2287,none,1,5.0,33.0,9.0,A,10.7
2288,low,2,6.0,14.0,2.8,A,-100.0
2289,medium,2,7.0,10.0,9.9,A,12.9
2290,high,1,10.0,1.0,2.7,A,-100.0
2291,high,0,4.0,2.0,1.6,A,-100.0
2292,low,3,5.0,33.0,9.9,B,11.3
2293,low,0,2.0,18.0,9.6,A,15.0
2294,medium,1,8.0,13.0,5.9,C,-6.6
2295,low,2,11.0,1.0,2.2,A,-100.0
2296,high,2,1.0,2.0,9.6,C,9.2
2297,high,2,5.0,10.0,8.4,C,2.3
2298,high,1,9.0,33.0,1.1,A,-100.0
2299,high,0,11.0,15.0,5.4,A,-9.8
2300,none,5,13.0,10.0,5.3,D,-100.0
2301,high,4,3.0,2.0,8.6,A,-1.5
2302,high,3,14.0,6.0,7.6,C,-5.6
2303,low,5,15.0,36.0,9.7,C,4.2
2304,none,0,1.0,0.0,6.6,A,0.1
2305,high,2,7.0,1.0,9.1,A,5.8
2306,none,1,14.0,7.0,4.1,A,-17.4
2307,high,2,11.0,4.0,1.2,A,-100.0
2308,medium,2,10.0,30.0,1.2,C,-100.0
2309,medium,1,0.0,25.0,9.2,A,12.4
2310,medium,1,3.0,13.0,9.8,A,15.0
2311,high,0,9.0,10.0,1.5,A,-100.0
2312,none,2,3.0,11.0,6.9,A,-3.4
2313,low,3,14.0,21.0,2.6,D,-100.0
2314,,0,7.0,4.0,8.8,C,11.6
2315,high,2,5.0,20.0,1.4,A,-100.0
2316,high,1,1.0,0.0,9.8,A,12.8
2317,none,2,7.0,6.0,5.6,A,-11.0
2318,low,5,7.0,0.0,7.4,A,-8.0
2319,high,1,12.0,3.0,8.8,A,6.2
2320,none,1,2.0,6.0,1.9,A,-100.0
2321,low,0,5.0,34.0,3.4,A,-17.0
2322,high,1,18.0,5.0,6.8,A,-5.4
2323,low,1,3.0,1.0,8.3,D,7.3
2324,medium,1,21.0,3.0,1.5,A,-100.0
2325,low,2,8.0,32.0,8.3,D,4.6
2326,none,2,31.0,50.0,9.9,A,10.7
2327,low,1,22.0,36.0,5.8,B,-8.0
2328,none,2,7.0,23.0,8.4,B,4.6
2329,medium,0,9.0,9.0,2.2,A,-100.0
2330,high,1,2.0,1.0,9.0,A,8.3
2331,medium,2,8.0,25.0,3.8,C,-100.0
2332,high,0,16.0,23.0,8.8,C,8.5
2333,high,0,16.0,1.0,8.0,A,3.9
2334,low,3,4.0,5.0,8.7,A,4.5
2335,none,2,13.0,8.0,2.3,A,-100.0
2336,low,1,9.0,27.0,4.7,A,-12.8
2337,high,0,20.0,1.0,2.0,C,-100.0
2338,high,1,8.0,11.0,6.4,B,-6.5
2339,low,1,10.0,4.0,5.2,A,-10.4
2340,low,2,2.0,7.0,1.4,B,-100.0
2341,low,1,5.0,14.0,8.0,A,5.6
2342,low,1,5.0,0.0,2.6,C,-100.0
2343,low,3,8.0,5.0,3.4,A,-100.0
2344,high,0,3.0,39.0,4.2,A,-15.3
2345,low,2,22.0,35.0,9.6,C,10.4
2346,high,1,6.0,8.0,1.7,A,-100.0
2347,low,2,23.0,14.0,1.8,C,-100.0
2348,high,4,26.0,6.0,1.8,B,-100.0
2349,low,1,15.0,0.0,2.0,A,-100.0
2350,low,1,1.0,6.0,5.9,A,-5.6
2351,low,2,13.0,19.0,8.8,B,6.8
2352,medium,3,7.0,32.0,9.0,A,5.7
2353,low,1,3.0,3.0,7.1,A,0.8
2354,,0,12.0,18.0,2.2,A,-100.0
2355,medium,1,7.0,17.0,1.6,A,-100.0
2356,medium,2,18.0,11.0,9.2,C,8.0
2357,medium,2,7.0,7.0,1.0,A,-100.0
2358,medium,0,1.0,28.0,7.5,C,5.5
2359,high,1,3.0,24.0,6.0,A,-8.1
2360,high,2,13.0,23.0,4.6,A,-19.3
2361,high,4,3.0,9.0,8.9,A,0.2
2362,high,1,5.0,5.0,9.2,C,9.1
2363,high,2,17.0,3.0,7.2,B,-5.6
2364,high,1,25.0,2.0,4.1,C,-100.0
2365,high,2,18.0,18.0,4.2,A,-100.0
2366,low,2,22.0,20.0,5.0,A,-15.0
2367,medium,2,4.0,17.0,9.9,A,13.3
2368,none,0,32.0,15.0,3.4,C,-100.0
2369,low,0,3.0,8.0,7.0,A,2.8
2370,none,0,7.0,7.0,6.8,A,0.6
2371,none,0,14.0,15.0,3.7,A,-17.0
2372,high,2,7.0,14.0,1.6,A,-100.0
2373,none,2,12.0,21.0,10.0,A,12.9
2374,none,0,8.0,3.0,8.2,A,8.2
2375,medium,1,3.0,3.0,8.1,C,5.9
2376,low,1,8.0,24.0,5.1,A,-10.5
2377,medium,3,22.0,15.0,9.3,A,5.7
2378,medium,1,9.0,15.0,2.7,A,-100.0
2379,medium,4,13.0,21.0,5.0,A,-19.5
2380,low,0,13.0,18.0,3.0,C,-100.0
2381,none,0,13.0,10.0,8.5,A,9.4
2382,low,3,9.0,2.0,9.8,A,10.0
2383,medium,4,9.0,4.0,8.2,A,-1.7
2384,low,2,4.0,7.0,8.1,A,3.7
2385,medium,4,10.0,50.0,6.3,C,-11.8
2386,medium,3,14.0,4.0,1.3,C,-100.0
2387,medium,2,13.0,2.0,2.2,A,-100.0
2388,high,1,9.0,11.0,1.4,C,-100.0
2389,medium,2,12.0,20.0,8.1,A,2.7
2390,low,1,2.0,15.0,3.5,A,-18.8
2391,medium,1,8.0,8.0,8.9,C,9.8
2392,high,2,8.0,21.0,6.6,C,-7.8
2393,medium,1,4.0,19.0,8.9,C,10.3
2394,medium,0,7.0,0.0,9.5,A,15.0
2395,low,1,8.0,12.0,9.4,A,13.0
2396,low,1,5.0,15.0,9.1,C,11.7
2397,medium,2,1.0,29.0,8.6,C,6.6
2398,low,1,2.0,13.0,7.1,C,1.0
2399,high,0,6.0,9.0,8.6,A,8.3
2400,none,1,7.0,10.0,8.2,A,5.9
2401,,0,5.0,6.0,1.6,A,-100.0
2402,medium,0,4.0,3.0,3.4,A,-17.6
2403,high,2,4.0,9.0,1.6,A,-100.0
2404,low,0,7.0,17.0,4.8,A,-9.7
2405,high,1,6.0,28.0,6.6,A,-5.0
2406,,2,23.0,5.0,2.0,B,-100.0
2407,low,3,3.0,9.0,6.1,A,-9.7
2408,low,2,7.0,17.0,8.6,A,6.3
2409,high,1,5.0,16.0,8.7,C,6.5
2410,medium,1,12.0,26.0,2.3,A,-100.0
2411,medium,0,19.0,12.0,4.1,A,-15.1
2412,high,3,10.0,1.0,5.5,C,-16.8
2413,medium,1,22.0,2.0,9.2,A,10.0
2414,low,2,15.0,14.0,8.7,B,6.0
2415,low,1,7.0,3.0,9.1,C,11.4
2416,high,1,4.0,17.0,8.8,A,7.1
2417,,2,3.0,5.0,2.7,D,-100.0
2418,high,0,2.0,2.0,1.6,A,-100.0
2419,high,0,22.0,7.0,2.4,A,-100.0
2420,none,3,6.0,15.0,5.5,D,-13.8
2421,medium,3,9.0,7.0,9.9,C,10.2
2422,high,2,5.0,15.0,1.3,A,-100.0
2423,none,1,4.0,12.0,2.2,C,-100.0
2424,medium,3,13.0,7.0,9.8,A,9.3
2425,medium,0,13.0,2.0,1.8,A,-100.0
2426,medium,2,7.0,8.0,8.8,A,6.9
2427,low,0,20.0,1.0,9.3,A,13.6
2428,low,2,3.0,14.0,10.0,C,14.3
2429,low,2,13.0,4.0,7.3,A,-1.6
2430,low,4,11.0,8.0,9.1,A,3.5
2431,low,1,7.0,12.0,9.4,A,13.1
2432,medium,1,5.0,37.0,9.9,A,15.0
2433,none,1,14.0,7.0,2.0,C,-100.0
2434,high,2,1.0,7.0,2.3,A,-100.0
2435,medium,1,6.0,39.0,9.8,B,15.0
2436,none,2,18.0,11.0,3.9,D,-100.0
2437,high,0,15.0,25.0,7.6,A,2.0
2438,high,2,2.0,6.0,1.7,C,-100.0
2439,medium,0,18.0,5.0,4.9,A,-10.7
2440,high,0,7.0,5.0,1.7,A,-100.0
2441,low,1,3.0,8.0,4.1,A,-15.7
2442,medium,1,12.0,10.0,9.3,A,11.7
2443,medium,5,4.0,15.0,8.4,C,-2.4
2444,medium,2,16.0,1.0,5.6,C,-11.7
2445,high,1,19.0,0.0,9.1,A,7.1
2446,low,3,11.0,3.0,1.8,C,-100.0
2447,medium,4,17.0,17.0,8.9,A,1.5
2448,high,1,2.0,23.0,9.0,C,8.5
2449,none,1,15.0,9.0,7.8,A,2.9
2450,high,2,4.0,9.0,,D,
2451,medium,2,7.0,14.0,9.1,A,8.6
2452,low,1,3.0,1.0,3.8,B,-17.4
2453,high,0,7.0,35.0,9.0,A,10.6
2454,low,2,10.0,2.0,2.2,B,-100.0
2455,low,3,7.0,1.0,9.0,A,5.8
2456,high,1,14.0,35.0,8.8,A,6.3
2457,low,0,9.0,0.0,3.7,C,-16.1
2458,high,1,3.0,6.0,2.3,A,-100.0
2459,low,2,3.0,11.0,7.7,B,1.6
2460,high,1,7.0,2.0,7.3,A,-1.6
2461,high,2,3.0,17.0,5.9,B,-11.2
2462,low,2,19.0,3.0,3.7,A,-100.0
2463,medium,1,26.0,13.0,3.8,A,-20.0
2464,none,1,13.0,4.0,7.6,A,1.9
2465,high,1,29.0,12.0,9.2,A,6.8
2466,low,3,5.0,1.0,8.2,A,1.6
2467,none,0,8.0,6.0,1.3,A,-100.0
2468,high,1,30.0,50.0,9.7,A,9.8
2469,high,2,19.0,11.0,1.4,A,-100.0
2470,medium,2,17.0,14.0,2.8,A,-100.0
2471,none,1,9.0,38.0,6.0,A,-6.2
2472,none,1,4.0,11.0,,D,
2473,none,1,1.0,16.0,8.0,A,5.4
2474,none,3,2.0,5.0,9.3,A,7.4
2475,high,4,7.0,2.0,2.6,A,-100.0
2476,low,2,17.0,6.0,8.9,C,6.8
2477,medium,1,9.0,5.0,8.8,C,9.1
2478,medium,4,9.0,12.0,4.3,B,-100.0
2479,low,3,19.0,12.0,1.8,A,-100.0
2480,low,0,13.0,5.0,7.6,C,5.0
2481,low,2,6.0,14.0,6.4,C,-5.8
2482,low,0,9.0,32.0,9.2,C,14.5
2483,low,2,4.0,8.0,2.4,A,-100.0
2484,high,0,4.0,0.0,8.7,A,8.9
2485,low,1,2.0,1.0,9.0,A,11.3
2486,low,0,3.0,12.0,2.9,A,-19.8
2487,low,0,4.0,10.0,6.3,A,-1.2
2488,low,0,25.0,33.0,7.5,A,3.5
2489,medium,0,6.0,2.0,1.4,D,-100.0
2490,low,1,9.0,3.0,9.4,A,12.8
2491,high,3,6.0,25.0,4.5,A,-100.0
2492,low,0,12.0,8.0,10.0,A,15.0
2493,medium,1,22.0,35.0,8.5,A,6.5
2494,medium,2,9.0,7.0,2.0,A,-100.0
2495,low,1,,1.0,8.7,C,
2496,low,1,8.0,20.0,1.8,C,-100.0
2497,medium,2,25.0,10.0,5.1,C,-15.2
2498,medium,3,10.0,17.0,1.5,A,-100.0
2499,low,1,13.0,5.0,9.0,A,10.2
2500,none,4,8.0,6.0,1.1,C,-100.0
2501,none,1,10.0,21.0,6.3,A,-4.8
2502,,0,8.0,4.0,9.2,A,13.7
2503,high,1,19.0,15.0,9.1,B,7.3
2504,low,2,17.0,13.0,3.7,A,-100.0
2505,medium,4,11.0,3.0,5.0,A,-19.5
2506,medium,0,13.0,2.0,8.7,A,10.7
2507,none,1,9.0,23.0,4.9,C,-12.3
2508,medium,1,1.0,15.0,4.9,C,-11.4
2509,low,0,5.0,3.0,3.9,A,-14.5
2510,low,1,11.0,1.0,6.8,A,-1.7
2511,low,3,8.0,4.0,8.4,A,2.4
2512,low,1,,21.0,1.9,C,
2513,none,2,4.0,27.0,8.9,A,7.7
2514,none,1,4.0,1.0,9.9,A,15.0
2515,low,2,7.0,4.0,5.4,D,-11.5
2516,medium,1,19.0,22.0,3.3,A,-100.0
2517,low,7,5.0,13.0,4.5,A,-100.0
2518,high,0,6.0,16.0,2.4,C,-100.0
2519,low,1,8.0,1.0,9.4,A,12.9
2520,high,1,7.0,4.0,4.6,A,-16.4
2521,none,3,9.0,5.0,3.9,A,-100.0
2522,high,1,15.0,8.0,4.6,A,-17.2
2523,medium,0,20.0,34.0,6.0,A,-4.6
2524,low,0,9.0,43.0,9.5,A,15.0
2525,high,1,4.0,32.0,2.5,A,-100.0
2526,medium,0,1.0,26.0,9.1,A,14.3
2527,high,0,15.0,22.0,2.2,A,-100.0
2528,none,0,25.0,18.0,5.3,C,-9.3
2529,high,2,2.0,6.0,8.1,B,0.9
2530,none,0,4.0,19.0,9.2,D,14.3
2531,none,1,6.0,36.0,9.0,A,10.6
2532,high,0,15.0,23.0,4.5,A,-15.0
2533,none,1,17.0,6.0,6.9,C,-2.3
2534,high,0,2.0,3.0,4.7,A,-12.8
2535,medium,2,16.0,3.0,3.7,A,-100.0
2536,medium,2,6.0,15.0,1.8,A,-100.0
2537,low,1,5.0,3.0,8.6,A,8.8
2538,high,2,16.0,7.0,2.0,A,-100.0
2539,low,0,19.0,11.0,9.6,C,15.0
2540,high,0,17.0,0.0,1.1,C,-100.0
2541,high,0,6.0,10.0,9.2,A,11.6
2542,low,4,6.0,0.0,2.2,A,-100.0
2543,high,1,2.0,7.0,9.3,A,10.0
2544,none,2,16.0,24.0,3.4,A,-100.0
2545,none,2,3.0,25.0,5.6,A,-10.4
2546,low,2,19.0,22.0,8.2,A,2.9
2547,high,3,11.0,21.0,1.2,A,-100.0
2548,high,2,1.0,5.0,9.5,B,8.7
2549,high,2,6.0,4.0,1.0,A,-100.0
2550,low,1,6.0,2.0,9.9,C,15.0
2551,high,1,2.0,30.0,1.5,A,-100.0
2552,low,2,1.0,1.0,7.4,A,0.1
2553,high,4,8.0,37.0,1.5,B,-100.0
2554,high,1,14.0,9.0,5.2,A,-13.7
2555,low,4,13.0,4.0,7.8,B,-3.9
2556,medium,1,15.0,21.0,8.8,A,8.7
2557,none,4,12.0,14.0,9.0,C,2.3
2558,low,1,10.0,40.0,3.3,A,-100.0
2559,medium,1,6.0,12.0,3.7,A,-18.5
2560,medium,2,16.0,3.0,5.6,A,-11.7
2561,high,1,6.0,14.0,8.3,A,4.2
2562,medium,2,3.0,5.0,9.8,C,12.7
2563,low,1,7.0,16.0,2.8,A,-100.0
2564,none,1,10.0,4.0,8.2,D,5.5
2565,high,0,5.0,4.0,2.5,A,-100.0
2566,medium,2,9.0,6.0,8.8,A,6.7
2567,,1,8.0,17.0,9.7,A,14.1
2568,none,0,12.0,9.0,2.4,A,-100.0
2569,low,1,25.0,4.0,6.7,A,-3.6
2570,high,1,1.0,10.0,1.1,C,-100.0
2571,high,0,11.0,19.0,9.1,A,10.6
2572,high,1,11.0,0.0,7.1,A,-3.1
2573,none,2,5.0,30.0,9.5,A,10.9
2574,low,2,3.0,10.0,7.5,A,0.5
2575,low,3,8.0,4.0,8.0,A,0.2
2576,high,4,12.0,4.0,8.9,A,-0.7
2577,high,0,9.0,10.0,10.0,C,15.0
2578,high,2,4.0,6.0,8.7,A,4.0
2579,high,0,4.0,0.0,2.7,A,-100.0
2580,medium,5,13.0,4.0,9.9,A,4.8
2581,high,0,31.0,1.0,9.7,A,11.7
2582,none,1,32.0,2.0,3.1,A,-100.0
2583,medium,0,12.0,19.0,9.2,A,13.7
2584,medium,2,3.0,12.0,1.6,B,-100.0
2585,high,3,1.0,48.0,1.2,D,-100.0
2586,high,2,5.0,8.0,9.9,C,10.5
2587,medium,1,1.0,13.0,4.6,A,-13.1
2588,high,2,9.0,25.0,2.1,B,-100.0
2589,medium,1,5.0,2.0,8.7,A,9.0
2590,medium,2,10.0,3.0,9.9,D,12.6
2591,high,3,10.0,9.0,6.2,B,-12.8
2592,high,2,3.0,1.0,8.2,A,1.3
2593,low,3,5.0,4.0,1.7,A,-100.0
2594,medium,1,15.0,6.0,8.9,A,9.1
2595,none,1,20.0,16.0,1.4,C,-100.0
2596,low,0,20.0,4.0,1.7,A,-100.0
2597,medium,4,19.0,13.0,2.4,C,-100.0
2598,high,0,8.0,7.0,9.6,A,13.5
2599,low,2,3.0,5.0,8.8,A,7.6
2600,high,4,24.0,17.0,8.6,B,-3.4
2601,medium,1,16.0,2.0,4.8,A,-13.6
2602,low,1,17.0,22.0,6.2,A,-5.4
2603,high,0,22.0,2.0,1.2,A,-100.0
2604,low,0,6.0,15.0,8.7,A,11.9
2605,none,3,6.0,10.0,3.4,C,-100.0
2606,none,1,20.0,2.0,9.6,A,12.2
2607,low,1,9.0,25.0,3.4,A,-20.0
2608,none,1,9.0,9.0,10.0,A,15.0
2609,high,2,13.0,2.0,9.2,A,5.8
2610,high,2,13.0,7.0,8.1,A,-0.2
2611,low,1,1.0,3.0,4.0,A,-16.1
2612,medium,2,7.0,0.0,9.6,A,11.2
2613,none,0,3.0,10.0,6.1,B,-2.8
2614,high,1,13.0,18.0,7.5,C,-0.9
2615,medium,1,8.0,1.0,1.6,A,-100.0
2616,low,0,3.0,6.0,5.0,A,-8.3
2617,medium,0,13.0,12.0,1.4,C,-100.0
2618,high,1,9.0,0.0,8.7,B,5.9
2619,medium,3,8.0,5.0,5.0,C,-16.7
2620,low,2,21.0,21.0,8.8,A,6.0
2621,high,2,11.0,14.0,9.4,C,7.2
2622,high,0,12.0,3.0,3.6,D,-19.9
2623,none,1,13.0,1.0,9.2,B,10.7
2624,high,3,1.0,5.0,8.2,A,-1.0
2625,none,0,4.0,4.0,8.5,B,10.3
2626,medium,3,13.0,8.0,7.8,A,-1.7
2627,none,1,22.0,7.0,8.6,A,6.6
2628,medium,1,7.0,10.0,8.9,D,10.0
2629,medium,0,4.0,32.0,7.3,C,4.2
2630,medium,2,7.0,2.0,9.0,C,7.9
2631,low,1,5.0,18.0,1.8,A,-100.0
2632,high,0,7.0,23.0,5.9,A,-6.5
2633,low,0,11.0,19.0,6.4,A,-1.2
2634,none,2,13.0,10.0,3.4,A,-100.0
2635,low,2,1.0,7.0,3.4,A,-100.0
2636,high,3,17.0,8.0,2.4,A,-100.0
2637,none,1,4.0,11.0,2.8,A,-100.0
2638,high,2,4.0,9.0,4.5,A,-19.1
2639,medium,3,13.0,8.0,4.6,A,-19.3
2640,medium,1,6.0,16.0,5.8,C,-6.9
2641,none,1,7.0,11.0,1.3,A,-100.0
2642,high,2,11.0,0.0,9.0,C,4.9
2643,medium,1,3.0,8.0,9.7,D,14.7
2644,medium,3,14.0,2.0,4.6,C,
2645,low,1,5.0,7.0,7.2,D,1.1
2646,medium,0,6.0,2.0,9.7,A,15.0
2647,low,3,5.0,9.0,9.4,B,8.3
2648,none,1,14.0,1.0,7.5,C,1.2
2649,none,4,5.0,7.0,7.7,C,-4.2
2650,medium,2,11.0,22.0,8.5,A,5.0
2651,none,1,6.0,11.0,2.6,B,-100.0
2652,high,2,3.0,5.0,8.8,C,4.6
2653,low,3,7.0,2.0,4.1,A,-100.0
2654,low,2,7.0,31.0,8.5,A,5.8
2655,low,1,9.0,44.0,3.0,C,-100.0
2656,low,3,6.0,29.0,8.5,A,3.4
2657,medium,0,13.0,21.0,8.1,A,7.6
2658,medium,3,9.0,18.0,9.7,A,9.2
2659,medium,2,6.0,2.0,9.5,A,10.8
2660,low,0,11.0,1.0,3.5,C,-17.4
2661,medium,1,13.0,4.0,3.0,A,-100.0
2662,high,1,8.0,4.0,7.9,A,1.7
2663,medium,2,26.0,2.0,7.2,A,-3.9
2664,low,2,13.0,27.0,9.6,A,11.2
2665,none,2,13.0,9.0,2.8,A,-100.0
2666,medium,0,4.0,2.0,3.5,B,-17.0
2667,high,3,8.0,0.0,9.3,C,4.3
2668,none,5,5.0,2.0,8.8,C,-0.7
2669,high,1,6.0,25.0,8.1,C,3.2
2670,medium,0,6.0,7.0,2.2,C,-100.0
2671,low,1,6.0,16.0,6.3,A,-3.8
2672,low,3,19.0,5.0,2.1,A,-100.0
2673,low,1,21.0,9.0,9.2,C,10.6
2674,medium,3,5.0,5.0,8.5,D,2.9
2675,high,4,9.0,50.0,6.2,A,-14.8
2676,low,3,9.0,16.0,4.3,D,-100.0
2677,high,1,6.0,1.0,2.2,A,-100.0
2678,none,3,5.0,32.0,1.6,A,-100.0
2679,medium,0,6.0,5.0,9.9,D,15.0
2680,high,0,19.0,9.0,8.6,C,7.0
2681,high,0,4.0,9.0,2.0,A,-100.0
2682,high,0,32.0,5.0,2.0,C,-100.0
2683,high,2,9.0,9.0,7.6,A,-2.5
2684,high,1,5.0,3.0,3.3,A,-100.0
2685,low,3,7.0,10.0,6.1,C,-10.1
2686,high,0,2.0,10.0,1.1,A,-100.0
2687,low,3,12.0,20.0,8.9,A,4.9
2688,medium,2,11.0,5.0,3.5,A,-100.0
2689,medium,2,6.0,6.0,3.4,C,-100.0
2690,medium,1,21.0,8.0,1.4,A,-100.0
2691,none,3,8.0,10.0,5.4,A,-14.6
2692,high,1,3.0,4.0,4.3,A,-17.6
2693,medium,1,13.0,8.0,5.2,A,-11.0
2694,none,1,7.0,20.0,5.0,A,-11.6
2695,low,0,,1.0,1.2,C,
2696,medium,1,1.0,6.0,2.6,A,-100.0
2697,medium,0,7.0,4.0,2.0,C,-100.0
2698,medium,2,13.0,4.0,4.0,A,-100.0
2699,medium,3,8.0,2.0,9.3,A,7.0
2700,medium,5,4.0,14.0,8.4,C,-2.5
2701,medium,1,20.0,7.0,8.5,D,6.4
2702,low,1,9.0,16.0,1.3,A,-100.0
2703,low,1,6.0,48.0,3.2,A,-100.0
2704,high,2,11.0,2.0,3.3,A,-100.0
2705,low,2,10.0,25.0,8.3,A,4.4
2706,medium,3,11.0,7.0,1.6,A,-100.0
2707,medium,2,13.0,50.0,9.8,C,12.2
2708,high,2,19.0,8.0,9.8,A,8.6
2709,low,0,15.0,20.0,2.2,A,-100.0
2710,medium,0,14.0,6.0,9.1,A,12.8
2711,low,0,16.0,39.0,7.4,D,4.0
2712,low,2,3.0,11.0,8.4,A,5.5
2713,low,3,40.0,2.0,7.8,A,-4.1
2714,medium,3,5.0,11.0,6.2,D,-9.7
2715,high,1,8.0,3.0,8.4,A,4.4
2716,medium,0,19.0,25.0,10.0,A,15.0
2717,low,2,1.0,12.0,4.4,A,-16.3
2718,high,3,4.0,9.0,8.9,A,2.6
2719,low,0,6.0,7.0,9.7,A,15.0
2720,low,2,4.0,5.0,9.9,A,13.6
2721,none,1,9.0,8.0,2.5,A,-100.0
2722,medium,1,14.0,6.0,3.9,D,-18.3
2723,medium,0,7.0,0.0,3.8,C,-15.7
2724,high,1,2.0,5.0,7.6,A,0.6
2725,medium,0,13.0,12.0,3.3,A,-18.9
2726,low,1,11.0,3.0,5.6,A,-8.3
2727,medium,2,2.0,1.0,8.5,A,5.7
2728,medium,2,,5.0,3.9,C,
2729,low,1,8.0,35.0,6.2,A,-4.4
2730,low,3,4.0,6.0,9.0,A,6.1
2731,low,3,3.0,2.0,9.0,A,6.2
2732,medium,0,8.0,2.0,9.6,A,15.0
2733,low,2,3.0,3.0,8.7,B,7.0
2734,low,3,7.0,1.0,2.7,A,-100.0
2735,medium,0,18.0,12.0,2.7,B,-100.0
2736,low,0,1.0,28.0,,D,
2737,medium,1,8.0,16.0,5.9,A,-6.6
2738,none,2,1.0,10.0,8.7,D,6.7
2739,medium,3,10.0,9.0,8.7,A,3.5
2740,high,4,12.0,6.0,9.2,A,0.9
2741,none,1,3.0,13.0,3.2,D,-100.0
2742,high,1,39.0,6.0,9.7,A,8.5
2743,none,1,9.0,4.0,8.8,A,8.9
2744,low,0,3.0,1.0,8.5,B,10.9
2745,high,1,3.0,19.0,1.6,A,-100.0
2746,high,1,14.0,4.0,8.4,A,3.8
2747,medium,3,1.0,10.0,9.8,A,10.5
2748,high,0,2.0,4.0,5.6,A,-7.9
2749,high,3,9.0,16.0,8.4,A,-0.6
2750,medium,1,8.0,3.0,8.8,C,9.2
2751,medium,3,22.0,11.0,9.0,C,4.0
2752,medium,1,6.0,5.0,3.9,B,-17.5
2753,high,1,8.0,17.0,9.1,A,8.4
2754,high,1,13.0,17.0,8.7,B,5.7
2755,medium,0,18.0,45.0,5.3,A,-8.1
2756,,2,5.0,1.0,8.1,B,2.9
2757,high,2,7.0,44.0,9.9,B,10.7
2758,medium,3,15.0,44.0,7.0,A,-6.0
2759,low,1,6.0,3.0,9.9,A,15.0
2760,medium,0,15.0,45.0,9.3,A,14.2
2761,medium,1,7.0,6.0,1.6,A,-100.0
2762,low,0,37.0,2.0,8.4,A,7.0
2763,medium,2,23.0,23.0,9.6,A,9.8
2764,medium,0,8.0,11.0,5.8,A,-4.7
2765,medium,0,4.0,3.0,8.8,A,12.1
2766,,1,19.0,8.0,7.3,C,-0.3
2767,none,3,13.0,28.0,9.2,A,6.0
2768,none,4,7.0,11.0,6.0,A,-13.7
2769,high,0,7.0,50.0,1.6,A,-100.0
2770,none,2,1.0,37.0,,A,
2771,high,1,6.0,37.0,10.0,A,13.8
2772,high,0,25.0,9.0,2.4,A,-100.0
2773,low,1,5.0,13.0,9.0,A,11.1
2774,medium,0,26.0,8.0,3.7,A,-18.1
2775,low,1,7.0,49.0,1.4,C,-100.0
2776,,1,8.0,4.0,5.7,A,-8.0
2777,high,2,29.0,19.0,8.9,A,2.7
2778,low,2,20.0,50.0,9.6,A,10.8
2779,,0,8.0,50.0,6.6,A,-0.1
2780,none,3,4.0,3.0,3.5,B,-100.0
2781,high,0,8.0,15.0,4.0,B,-17.2
2782,low,1,30.0,1.0,9.8,C,12.9
2783,low,1,13.0,9.0,6.9,A,-1.3
2784,medium,1,10.0,3.0,9.2,A,11.2
2785,low,1,14.0,11.0,9.8,A,14.6
2786,low,1,15.0,38.0,2.4,C,-100.0
2787,low,2,6.0,45.0,8.9,C,8.3
2788,medium,3,5.0,6.0,8.6,C,3.5
2789,none,5,7.0,3.0,1.0,A,-100.0
2790,high,0,4.0,14.0,9.0,A,10.7
2791,high,4,40.0,16.0,3.3,B,-100.0
2792,low,0,2.0,35.0,8.6,C,11.9
2793,high,0,33.0,35.0,4.5,A,-16.7
2794,medium,1,11.0,5.0,6.9,A,-1.5
2795,medium,2,21.0,0.0,8.2,A,2.1
2796,high,4,3.0,1.0,5.3,A,-19.7
2797,medium,1,3.0,14.0,9.5,C,13.7
2798,none,1,5.0,11.0,8.5,A,7.7
2799,high,1,4.0,7.0,2.1,A,-100.0
2800,,4,1.0,36.0,7.5,C,-4.6
2801,high,1,7.0,10.0,8.7,A,6.2
2802,medium,2,8.0,11.0,3.3,A,-100.0
2803,low,4,14.0,10.0,8.7,A,1.0
2804,none,2,10.0,32.0,9.7,C,11.5
2805,high,2,6.0,2.0,9.2,B,6.5
2806,medium,2,9.0,3.0,8.1,A,2.8
2807,none,2,8.0,4.0,8.5,C,4.9
2808,low,3,4.0,45.0,9.6,A,9.8
2809,none,1,3.0,0.0,6.4,B,-3.7
2810,low,1,11.0,16.0,8.1,A,5.6
2811,high,2,10.0,16.0,1.2,B,-100.0
2812,,4,17.0,1.0,5.5,A,-17.6
2813,high,3,5.0,11.0,3.8,A,-100.0
2814,low,0,4.0,3.0,8.9,C,13.1
2815,medium,2,34.0,50.0,9.7,B,9.5
2816,medium,3,2.0,7.0,2.6,D,-100.0
2817,medium,2,11.0,8.0,9.2,A,8.7
2818,low,5,2.0,6.0,4.4,A,-100.0
2819,medium,0,2.0,1.0,5.1,A,-8.0
2820,medium,0,20.0,2.0,7.2,A,1.7
2821,high,0,1.0,3.0,8.6,A,8.7
2822,high,2,3.0,3.0,2.7,A,-100.0
2823,high,1,4.0,8.0,6.4,C,-6.1
2824,medium,4,9.0,13.0,5.4,A,-17.0
2825,medium,3,5.0,1.0,9.6,C,8.9
2826,low,0,21.0,2.0,10.0,A,15.0
2827,low,3,6.0,2.0,6.6,A,-7.3
2828,low,1,3.0,9.0,1.5,A,-100.0
2829,low,1,4.0,5.0,9.5,A,13.9
2830,low,2,21.0,15.0,5.0,B,-15.0
2831,low,2,9.0,9.0,9.3,A,9.8
2832,medium,0,21.0,2.0,8.7,A,9.9
2833,medium,2,1.0,8.0,9.2,A,9.7
2834,high,1,2.0,18.0,7.3,A,-0.9
2835,low,1,10.0,1.0,9.7,B,14.3
2836,high,1,4.0,9.0,1.8,A,-100.0
2837,low,1,5.0,1.0,2.7,A,-100.0
2838,none,2,8.0,2.0,9.2,A,8.7
2839,low,2,5.0,42.0,9.7,C,12.7
2840,high,0,19.0,11.0,4.1,C,-17.8
2841,high,2,5.0,10.0,1.1,A,-100.0
2842,low,0,11.0,9.0,9.4,A,15.0
2843,none,2,3.0,0.0,8.9,A,7.5
2844,none,2,13.0,48.0,4.1,C,-19.4
2845,none,1,6.0,18.0,1.5,A,-100.0
2846,none,1,28.0,15.0,9.9,A,13.2
2847,low,0,4.0,2.0,5.0,A,-8.4
2848,low,1,7.0,1.0,8.5,C,8.0
2849,high,1,15.0,12.0,1.5,C,-100.0
2850,low,0,13.0,22.0,5.8,A,-4.7
2851,high,0,13.0,5.0,7.2,A,-0.2
2852,none,4,5.0,9.0,1.5,A,-100.0
2853,none,2,3.0,8.0,2.5,A,-100.0
2854,high,1,3.0,2.0,1.9,A,-100.0
2855,high,2,2.0,7.0,8.2,A,1.4
2856,low,2,2.0,16.0,3.5,A,-100.0
2857,medium,1,5.0,9.0,3.8,A,-17.9
2858,none,0,6.0,26.0,1.8,A,-100.0
2859,high,2,9.0,4.0,1.6,A,-100.0
2860,high,2,1.0,34.0,8.4,A,2.9
2861,,2,17.0,19.0,2.2,A,-100.0
2862,low,2,10.0,5.0,7.8,A,1.4
2863,low,0,1.0,5.0,9.3,A,15.0
2864,medium,3,5.0,7.0,8.2,A,1.3
2865,low,3,9.0,19.0,9.0,A,5.8
2866,medium,5,3.0,22.0,9.9,C,6.0
2867,high,3,16.0,11.0,4.6,C,-100.0
2868,high,1,4.0,15.0,6.6,B,-5.0
2869,none,1,17.0,7.0,8.9,C,8.7
2870,none,4,7.0,7.0,7.1,A,-7.7
2871,none,4,7.0,9.0,2.3,A,-100.0
2872,low,2,3.0,1.0,8.3,C,4.8
2873,high,3,17.0,6.0,2.9,A,-100.0
2874,high,2,11.0,2.0,8.3,A,1.0
2875,high,1,10.0,16.0,7.4,C,-1.2
2876,medium,2,13.0,0.0,8.9,A,6.8
2877,none,2,5.0,1.0,9.0,B,7.9
2878,medium,1,6.0,2.0,7.0,A,-0.5
2879,high,2,4.0,31.0,9.6,A,9.2
2880,low,1,17.0,3.0,4.9,A,-12.7
2881,medium,2,12.0,20.0,4.2,D,-18.8
2882,low,1,7.0,8.0,9.0,A,10.9
2883,medium,4,1.0,11.0,,A,
2884,low,0,31.0,2.0,1.2,C,-100.0
2885,high,2,14.0,22.0,8.9,A,4.2
2886,high,6,4.0,0.0,8.3,B,-8.3
2887,none,2,3.0,17.0,9.3,B,9.9
2888,high,0,26.0,0.0,5.9,B,-8.7
2889,high,2,22.0,4.0,1.1,A,-100.0
2890,low,2,8.0,9.0,9.3,A,9.9
2891,high,2,22.0,7.0,3.1,A,-100.0
2892,none,2,33.0,31.0,3.0,A,-100.0
2893,high,1,2.0,1.0,5.9,D,-8.8
2894,medium,3,12.0,19.0,2.7,A,-100.0
2895,none,1,17.0,7.0,6.3,A,-5.6
2896,low,4,22.0,2.0,9.7,B,5.6
2897,high,3,5.0,16.0,7.5,A,-5.1
2898,low,2,1.0,3.0,3.5,A,-100.0
2899,medium,0,14.0,5.0,7.1,A,1.8
2900,low,2,2.0,4.0,2.7,A,-100.0
2901,low,0,22.0,34.0,9.7,A,15.0
2902,low,3,9.0,7.0,9.5,A,8.4
2903,medium,1,5.0,0.0,2.3,C,-100.0
2904,low,1,15.0,5.0,8.1,A,5.1
2905,none,2,25.0,3.0,9.9,A,10.9
2906,medium,2,,7.0,8.7,C,
2907,none,1,10.0,17.0,1.4,A,-100.0
2908,low,2,5.0,14.0,8.3,A,4.8
2909,high,2,5.0,0.0,9.4,D,7.7
2910,medium,0,3.0,1.0,2.1,C,-100.0
2911,none,3,6.0,5.0,3.3,A,-100.0
2912,low,2,4.0,18.0,9.7,D,12.6
2913,low,0,5.0,20.0,8.1,A,8.7
2914,high,1,4.0,15.0,2.6,A,-100.0
2915,high,3,9.0,14.0,6.6,D,-10.5
2916,high,1,8.0,4.0,9.9,A,12.7
2917,none,2,16.0,3.0,6.8,A,-5.3
2918,high,0,16.0,7.0,7.2,A,-0.5
2919,high,0,5.0,1.0,9.3,A,12.1
2920,,0,7.0,3.0,9.1,C,13.3
2921,low,1,2.0,13.0,3.0,A,-100.0
2922,low,2,6.0,10.0,3.1,A,-100.0
2923,medium,3,10.0,22.0,1.2,A,-100.0
2924,high,4,5.0,4.0,2.5,B,-100.0
2925,medium,2,19.0,6.0,8.2,C,2.4
2926,high,2,9.0,3.0,6.5,C,-8.7
2927,low,0,8.0,4.0,3.3,C,-18.1
2928,high,3,6.0,10.0,4.6,B,-100.0
2929,high,1,10.0,13.0,9.1,D,8.2
2930,medium,1,9.0,7.0,3.5,A,-20.0
2931,low,2,12.0,2.0,3.9,A,-100.0
2932,medium,0,5.0,8.0,6.0,A,-3.3
2933,high,1,6.0,4.0,1.8,A,-100.0
2934,none,1,12.0,8.0,9.9,A,14.7
2935,none,1,9.0,38.0,4.3,A,-15.5
2936,high,2,4.0,2.0,9.3,C,7.2
2937,high,1,16.0,3.0,9.4,A,9.1
2938,none,0,7.0,4.0,7.8,D,6.1
2939,medium,0,6.0,10.0,5.2,C,-7.8
2940,low,1,2.0,4.0,9.7,A,15.0
2941,medium,2,6.0,7.0,8.1,C,3.1
2942,low,1,11.0,8.0,8.9,A,9.9
2943,none,0,8.0,9.0,9.9,A,15.0
2944,low,1,7.0,35.0,9.9,A,15.0
2945,medium,4,12.0,4.0,4.0,A,-100.0
2946,low,0,8.0,22.0,9.1,A,13.9
2947,high,1,4.0,6.0,2.7,A,-100.0
2948,medium,0,5.0,16.0,8.1,B,8.3
2949,none,1,10.0,25.0,2.0,A,-100.0
2950,,1,13.0,10.0,4.7,B,-14.0
2951,high,1,13.0,8.0,9.0,A,7.2
2952,low,1,2.0,13.0,9.1,D,12.0
2953,medium,0,8.0,5.0,9.1,A,13.4
2954,medium,2,10.0,13.0,8.7,A,6.1
2955,high,1,15.0,18.0,6.9,A,-4.4
2956,high,1,19.0,13.0,5.0,A,-15.3
2957,medium,2,11.0,2.0,6.6,A,-5.7
2958,high,3,7.0,2.0,6.2,D,-12.6
2959,medium,2,5.0,34.0,1.1,A,-100.0
2960,low,0,7.0,11.0,9.1,A,13.9
2961,medium,2,6.0,3.0,9.1,A,8.6
2962,medium,3,3.0,11.0,9.4,C,8.1
2963,none,7,10.0,3.0,6.5,A,-18.8
2964,none,1,8.0,19.0,2.3,A,-100.0
2965,low,1,5.0,11.0,3.5,A,-19.2
2966,high,0,14.0,3.0,5.6,C,-9.1
2967,low,1,32.0,36.0,1.4,C,-100.0
2968,,0,10.0,19.0,4.2,B,-13.8
2969,medium,4,11.0,15.0,9.1,A,3.2
2970,,2,18.0,17.0,8.8,A,5.6
2971,high,0,13.0,17.0,2.6,A,-100.0
2972,high,2,17.0,5.0,,D,
2973,low,2,29.0,14.0,9.4,A,8.4
2974,medium,1,12.0,10.0,8.7,A,8.3
2975,low,2,5.0,2.0,2.1,A,-100.0
2976,low,0,8.0,13.0,8.1,A,8.4
2977,,1,17.0,2.0,3.8,A,-19.4
2978,none,2,9.0,25.0,2.7,A,-100.0
2979,medium,0,8.0,1.0,2.3,A,-100.0
2980,low,0,2.0,2.0,,D,
2981,high,2,2.0,26.0,8.1,A,1.1
2982,none,1,8.0,1.0,8.4,C,6.8
2983,low,2,13.0,13.0,7.2,B,-2.1
2984,medium,1,21.0,7.0,2.3,A,-100.0
2985,medium,1,2.0,6.0,4.5,A,-13.8
2986,medium,0,32.0,26.0,8.3,A,6.8
2987,high,2,5.0,10.0,6.3,C,-9.3
2988,medium,2,9.0,13.0,6.3,C,-7.0
2989,high,1,7.0,32.0,8.9,A,7.5
2990,medium,2,19.0,1.0,5.9,A,-10.3
2991,low,1,3.0,15.0,8.8,C,10.2
2992,high,0,16.0,15.0,4.6,A,-14.7
2993,low,2,1.0,17.0,2.9,A,-100.0
2994,none,1,4.0,5.0,7.9,C,4.5
2995,none,1,11.0,4.0,4.3,A,-16.0
2996,high,2,9.0,16.0,9.7,C,9.1
2997,medium,0,6.0,7.0,5.9,A,-4.0
2998,medium,0,11.0,2.0,3.5,A,-17.7
2999,low,2,18.0,4.0,9.2,A,8.3
3000,low,1,14.0,26.0,2.4,A,-100.0
3001,high,1,8.0,8.0,8.4,C,4.5
3002,high,0,20.0,5.0,4.1,A,-17.9
3003,medium,1,8.0,4.0,4.2,A,-16.1
3004,medium,1,1.0,5.0,3.8,A,-17.5
3005,low,2,3.0,10.0,9.0,A,8.8
3006,medium,2,10.0,44.0,8.4,C,4.7
3007,low,1,11.0,6.0,3.2,A,-100.0
3008,medium,4,18.0,11.0,7.3,A,-7.4
3009,low,4,2.0,5.0,1.8,A,-100.0
3010,high,0,13.0,4.0,2.0,A,-100.0
3011,none,1,3.0,1.0,8.7,A,8.9
3012,none,1,10.0,17.0,3.5,A,-100.0
3013,none,2,2.0,19.0,6.7,A,-4.3
3014,medium,4,10.0,7.0,5.9,B,-14.4
3015,low,1,10.0,9.0,1.7,A,-100.0
3016,low,1,5.0,15.0,6.2,B,-4.3
3017,low,0,24.0,14.0,8.3,A,7.9
3018,low,2,7.0,9.0,9.9,A,13.3
3019,none,0,5.0,50.0,8.9,B,12.8
3020,high,2,6.0,3.0,6.9,A,-6.2
3021,high,3,4.0,3.0,9.7,A,7.0
3022,high,2,2.0,5.0,3.6,D,-100.0
3023,low,1,5.0,7.0,2.1,A,-100.0
3024,none,3,2.0,50.0,5.4,A,-13.6
3025,high,1,7.0,3.0,3.7,A,-100.0
3026,medium,2,,47.0,8.7,C,
3027,medium,1,11.0,2.0,5.7,D,-8.1
3028,medium,2,4.0,1.0,1.3,A,-100.0
3029,high,2,10.0,11.0,8.9,A,4.5
3030,low,2,18.0,15.0,7.4,C,-1.5
3031,low,0,30.0,1.0,10.0,B,15.0
3032,none,0,9.0,14.0,9.0,C,12.6
3033,high,1,14.0,5.0,3.4,A,-100.0
3034,high,1,3.0,2.0,9.7,C,12.0
3035,high,2,2.0,17.0,5.0,A,-16.1
3036,high,4,5.0,9.0,5.3,C,-19.8
3037,none,3,13.0,8.0,9.2,A,5.8
3038,high,1,6.0,26.0,3.0,A,-100.0
3039,low,0,2.0,8.0,2.4,A,-100.0
3040,low,0,14.0,5.0,9.8,A,15.0
3041,medium,2,3.0,6.0,3.6,D,-100.0
3042,medium,1,3.0,6.0,6.5,C,-2.9
3043,high,2,5.0,20.0,9.7,B,9.5
3044,none,1,5.0,23.0,9.7,A,14.5
3045,low,0,16.0,16.0,4.0,A,-15.0
3046,high,2,7.0,7.0,2.3,A,-100.0
3047,high,1,7.0,12.0,6.5,A,-5.8
3048,high,1,14.0,23.0,2.9,B,-100.0
3049,high,0,4.0,3.0,6.0,A,-5.9
3050,high,1,13.0,6.0,9.5,A,10.0
3051,medium,0,22.0,8.0,8.0,C,6.0
3052,low,2,12.0,4.0,8.6,A,5.6
3053,low,0,11.0,7.0,1.2,C,-100.0
3054,high,1,13.0,9.0,8.2,A,2.9
3055,medium,4,8.0,2.0,3.1,B,-100.0
3056,,1,3.0,4.0,9.1,A,11.2
3057,medium,1,7.0,6.0,8.6,A,8.3
3058,high,0,8.0,44.0,8.6,A,8.4
3059,medium,0,21.0,13.0,3.0,A,-100.0
3060,high,0,10.0,10.0,9.2,A,11.2
3061,none,2,7.0,0.0,8.0,D,2.2
3062,none,2,9.0,13.0,8.2,A,3.2
3063,high,2,1.0,3.0,6.3,A,-9.0
3064,medium,0,10.0,1.0,9.8,A,15.0
3065,medium,3,7.0,8.0,3.0,A,-100.0
3066,low,0,14.0,50.0,10.0,A,15.0
3067,none,0,14.0,4.0,8.6,B,9.8
3068,low,3,7.0,16.0,3.1,A,-100.0
3069,high,3,2.0,35.0,8.7,C,2.0
3070,high,2,9.0,17.0,7.6,A,-2.5
3071,low,3,22.0,4.0,2.4,B,-100.0
3072,medium,2,6.0,3.0,1.1,A,-100.0
3073,low,2,5.0,12.0,8.2,A,4.2
3074,low,2,4.0,2.0,2.8,A,-100.0
3075,low,1,19.0,3.0,9.0,A,9.6
3076,low,2,15.0,0.0,5.0,C,-14.5
3077,high,5,4.0,2.0,3.5,A,-100.0
3078,high,3,2.0,1.0,7.2,A,-6.6
3079,high,3,3.0,4.0,3.1,A,-100.0
3080,none,2,22.0,50.0,8.9,D,6.1
3081,low,1,24.0,18.0,4.1,A,-17.7
3082,low,1,21.0,0.0,5.0,B,-12.6
3083,none,0,3.0,3.0,9.6,A,15.0
3084,high,1,7.0,12.0,4.5,C,-16.9
3085,medium,0,3.0,18.0,2.1,A,-100.0
3086,high,1,5.0,50.0,2.5,A,-100.0
3087,none,1,19.0,6.0,3.0,A,-100.0
3088,medium,1,8.0,4.0,9.3,A,12.0
3089,medium,3,22.0,0.0,9.8,A,8.3
3090,high,1,6.0,26.0,8.8,A,7.0
3091,medium,1,3.0,29.0,9.8,A,15.0
3092,low,1,5.0,2.0,1.1,A,-100.0
3093,medium,1,11.0,15.0,7.8,A,3.6
3094,medium,0,15.0,8.0,8.5,C,9.4
3095,medium,1,7.0,18.0,5.4,A,-9.2
3096,high,2,3.0,2.0,8.4,C,2.4
3097,high,1,8.0,3.0,1.9,A,-100.0
3098,low,3,9.0,1.0,1.6,C,-100.0
3099,high,3,6.0,1.0,2.0,A,-100.0
3100,medium,1,14.0,13.0,8.3,C,6.0
3101,low,2,10.0,3.0,9.5,C,10.8
3102,low,5,3.0,37.0,8.3,D,-2.3
3103,low,0,5.0,9.0,3.3,B,-17.8
3104,high,2,2.0,14.0,1.3,B,-100.0
3105,none,1,13.0,12.0,5.1,A,-11.7
3106,low,1,7.0,17.0,2.9,A,-100.0
3107,medium,2,13.0,19.0,8.9,A,6.9
3108,low,0,9.0,47.0,3.5,A,-16.7
3109,none,2,6.0,6.0,9.5,C,10.6
3110,high,1,28.0,3.0,8.3,A,1.9
3111,none,1,4.0,16.0,4.3,A,-15.2
3112,high,3,3.0,9.0,9.7,C,7.1
3113,medium,1,2.0,28.0,5.9,A,-5.9
3114,high,2,25.0,50.0,5.6,A,-14.7
3115,high,1,11.0,25.0,8.9,B,7.1
3116,low,2,4.0,6.0,8.7,A,7.0
3117,none,1,12.0,6.0,8.4,A,6.4
3118,high,1,12.0,17.0,8.5,A,4.7
3119,high,1,24.0,3.0,9.5,C,8.9
3120,medium,3,12.0,31.0,7.6,A,-2.5
3121,low,1,21.0,21.0,8.0,A,4.1
3122,medium,2,3.0,18.0,5.9,A,-8.6
3123,none,3,4.0,7.0,9.6,A,8.8
3124,low,2,12.0,10.0,3.3,A,-100.0
3125,medium,1,8.0,3.0,3.2,C,-100.0
3126,high,2,4.0,4.0,8.9,A,5.1
3127,none,3,7.0,50.0,2.5,A,-100.0
3128,high,0,16.0,50.0,3.6,C,-19.8
3129,none,2,4.0,4.0,7.1,A,-2.4
3130,medium,0,5.0,3.0,9.6,C,15.0
3131,medium,1,15.0,5.0,9.1,A,10.2
3132,medium,2,5.0,2.0,6.3,B,-6.7
3133,medium,4,12.0,4.0,9.5,A,5.2
3134,high,2,5.0,14.0,8.6,A,3.4
3135,high,3,14.0,30.0,2.9,B,-100.0
3136,medium,0,16.0,8.0,8.9,C,11.5
3137,low,3,8.0,50.0,4.7,A,-17.5
3138,low,0,5.0,43.0,9.6,D,15.0
3139,none,0,17.0,10.0,9.6,A,15.0
3140,low,2,22.0,21.0,8.1,A,2.0
3141,high,2,9.0,32.0,7.4,C,-3.4
3142,high,2,23.0,12.0,3.5,A,-100.0
3143,,1,11.0,21.0,9.6,C,13.3
3144,high,0,32.0,14.0,2.7,A,-100.0
3145,high,1,18.0,8.0,,D,
3146,high,1,9.0,8.0,9.1,A,8.2
3147,medium,0,14.0,26.0,7.9,B,6.4
3148,low,0,5.0,3.0,8.7,B,11.9
3149,high,3,18.0,13.0,4.8,B,-100.0
3150,high,1,3.0,11.0,3.2,B,-100.0
3151,low,1,8.0,8.0,5.4,A,-9.0
3152,medium,0,29.0,5.0,8.9,A,10.2
3153,medium,1,3.0,4.0,2.5,A,-100.0
3154,none,0,9.0,14.0,9.4,A,14.8
3155,high,1,25.0,7.0,5.5,A,-13.2
3156,,1,6.0,1.0,7.2,A,0.4
3157,none,1,19.0,38.0,1.7,B,-100.0
3158,medium,3,7.0,20.0,1.4,A,-100.0
3159,high,2,5.0,50.0,8.2,A,1.6
3160,low,2,5.0,10.0,4.7,A,-15.1
3161,none,0,15.0,10.0,8.7,A,10.3
3162,low,1,3.0,10.0,2.6,A,-100.0
3163,medium,3,13.0,30.0,3.0,C,-100.0
3164,high,1,11.0,5.0,1.4,D,-100.0
3165,high,1,17.0,2.0,7.1,A,-3.7
3166,medium,2,13.0,8.0,9.8,A,11.8
3167,high,3,8.0,4.0,7.2,C,-7.2
3168,high,2,2.0,8.0,9.2,A,7.0
3169,none,2,3.0,2.0,2.5,C,-100.0
3170,high,0,5.0,2.0,10.0,A,15.0
3171,medium,3,13.0,9.0,3.1,A,-100.0
3172,low,4,8.0,3.0,3.3,A,-100.0
3173,low,4,2.0,14.0,3.7,A,-100.0
3174,low,3,17.0,8.0,7.6,A,-2.9
3175,low,2,1.0,21.0,8.3,A,5.2
3176,medium,2,13.0,4.0,3.4,A,-100.0
3177,medium,4,1.0,34.0,9.0,A,3.8
3178,high,1,17.0,10.0,1.9,D,-100.0
3179,high,1,,11.0,8.9,C,
3180,medium,1,14.0,8.0,4.1,B,-17.2
3181,high,1,5.0,1.0,9.3,C,9.6
3182,low,1,5.0,1.0,8.5,A,8.2
3183,low,3,17.0,7.0,9.6,A,8.1
3184,none,4,4.0,13.0,2.8,A,-100.0
3185,none,1,18.0,5.0,1.5,A,-100.0
3186,low,1,11.0,3.0,9.5,C,13.1
3187,low,2,12.0,5.0,8.2,A,3.4
3188,low,0,1.0,8.0,9.1,D,14.5
3189,high,0,5.0,5.0,8.3,A,6.7
3190,low,2,9.0,22.0,1.9,A,-100.0
3191,high,1,17.0,31.0,2.0,A,-100.0
3192,medium,1,6.0,29.0,7.0,C,-0.2
3193,low,2,6.0,11.0,8.4,A,5.2
3194,high,0,11.0,1.0,8.9,A,9.3
3195,high,2,20.0,30.0,1.6,A,-100.0
3196,low,6,2.0,31.0,9.0,A,-0.9
3197,low,0,5.0,4.0,4.2,A,-12.9
3198,low,2,8.0,50.0,4.9,A,-13.9
3199,high,2,7.0,13.0,3.0,A,-100.0
3200,low,2,12.0,5.0,8.8,C,6.7
3201,none,1,9.0,8.0,3.3,D,-100.0
3202,low,2,7.0,2.0,6.7,A,-4.3
3203,low,4,6.0,15.0,6.1,D,-12.4
3204,low,1,5.0,8.0,6.9,C,-0.5
3205,low,0,9.0,9.0,9.2,A,14.3
3206,medium,1,13.0,0.0,6.9,A,-1.8
3207,medium,1,11.0,6.0,1.6,C,-100.0
3208,medium,1,9.0,10.0,7.5,A,2.0
3209,high,0,12.0,4.0,8.3,A,6.0
3210,none,1,9.0,0.0,8.6,B,7.8
3211,low,1,2.0,10.0,9.4,C,13.6
3212,high,3,26.0,31.0,9.4,A,3.4
3213,none,3,24.0,16.0,9.0,A,3.6
3214,high,3,5.0,9.0,4.2,C,-100.0
3215,low,3,34.0,5.0,9.3,A,4.8
3216,medium,1,9.0,9.0,8.6,A,8.1
3217,low,3,12.0,20.0,8.9,A,4.9
3218,high,1,1.0,6.0,9.3,A,10.1
3219,high,3,3.0,3.0,7.6,C,-4.5
3220,high,1,20.0,38.0,8.2,A,2.5
3221,none,0,3.0,18.0,2.0,A,-100.0
3222,high,0,17.0,21.0,9.8,D,13.9
3223,high,3,21.0,14.0,6.9,C,-10.0
3224,high,3,14.0,2.0,9.9,A,7.0
3225,high,1,3.0,6.0,8.2,C,3.8
3226,high,0,5.0,1.0,1.3,C,-100.0
3227,low,1,10.0,2.0,8.8,C,9.4
3228,high,1,9.0,3.0,8.7,A,6.0
3229,low,1,21.0,3.0,8.3,A,5.6
3230,low,2,14.0,4.0,9.7,A,11.5
3231,high,3,17.0,13.0,9.7,A,5.8
3232,low,2,6.0,20.0,8.7,C,6.9
3233,medium,0,24.0,40.0,1.5,A,-100.0
3234,medium,0,3.0,3.0,3.2,C,-18.6
3235,low,1,14.0,24.0,8.2,A,5.9
3236,high,1,15.0,7.0,6.4,A,-7.3
3237,high,5,5.0,12.0,2.2,A,-100.0
3238,low,2,11.0,13.0,7.0,A,-3.0
3239,low,2,4.0,13.0,7.9,A,2.6
3240,medium,3,12.0,12.0,3.1,B,-100.0
3241,none,0,8.0,10.0,4.1,B,-14.3
3242,none,1,13.0,23.0,1.7,B,-100.0
3243,medium,2,13.0,11.0,1.9,A,-100.0
3244,medium,1,5.0,36.0,9.4,B,13.2
3245,low,1,2.0,0.0,7.6,A,3.6
3246,none,0,7.0,3.0,6.9,A,1.1
3247,high,0,9.0,20.0,8.5,B,7.5
3248,none,5,13.0,1.0,8.7,A,-2.1
3249,medium,2,4.0,17.0,9.5,D,11.1
3250,high,4,8.0,26.0,1.9,D,-100.0
3251,medium,3,5.0,20.0,9.3,A,7.4
3252,medium,2,6.0,14.0,9.4,A,10.3
3253,none,1,4.0,5.0,9.4,A,12.7
3254,medium,1,7.0,6.0,2.6,A,-100.0
3255,high,1,15.0,14.0,3.8,B,-100.0
3256,high,2,21.0,10.0,8.2,A,-0.4
3257,low,3,16.0,9.0,4.5,C,-19.8
3258,low,0,14.0,10.0,9.5,A,15.0
3259,low,0,5.0,11.0,8.2,A,9.2
3260,low,0,14.0,5.0,3.9,D,-15.4
3261,low,1,23.0,46.0,9.3,A,11.3
3262,low,1,7.0,42.0,2.4,A,-100.0
3263,medium,3,18.0,16.0,7.8,A,-2.1
3264,none,2,13.0,3.0,2.8,A,-100.0
3265,low,1,6.0,28.0,9.6,C,14.5
3266,high,2,30.0,36.0,9.6,A,6.6
3267,medium,1,8.0,13.0,9.3,A,12.1
3268,high,2,22.0,3.0,8.4,A,0.5
3269,low,0,19.0,5.0,4.7,C,-11.5
3270,high,2,26.0,4.0,6.9,A,-8.1
3271,high,3,29.0,16.0,3.2,A,-100.0
3272,medium,2,3.0,3.0,9.0,D,8.3
3273,low,0,32.0,1.0,8.6,A,8.6
3274,low,0,7.0,7.0,7.1,A,2.9
3275,high,3,2.0,16.0,9.6,A,6.7
3276,low,3,6.0,3.0,4.1,C,-100.0
3277,medium,2,16.0,4.0,1.7,A,-100.0
3278,low,3,6.0,11.0,3.8,A,-100.0
3279,low,1,1.0,31.0,9.9,D,15.0
3280,low,1,15.0,15.0,1.3,D,-100.0
3281,medium,2,8.0,50.0,6.2,A,-7.1
3282,high,2,11.0,14.0,8.7,C,3.4
3283,low,2,,3.0,8.3,C,
3284,low,2,6.0,14.0,9.5,A,11.3
3285,low,1,21.0,6.0,8.9,A,8.9
3286,low,0,13.0,12.0,2.6,A,-100.0
3287,,4,6.0,8.0,1.6,B,-100.0
3288,high,1,23.0,36.0,9.2,D,7.6
3289,high,2,9.0,3.0,2.3,A,-100.0
3290,low,0,7.0,12.0,8.1,A,8.4
3291,medium,1,9.0,41.0,9.9,A,15.0
3292,none,1,12.0,16.0,9.5,A,12.6
3293,high,1,6.0,18.0,9.9,C,13.0
3294,medium,1,9.0,7.0,9.1,B,10.8
3295,high,2,4.0,6.0,8.8,A,4.5
3296,low,2,6.0,11.0,3.0,D,-100.0
3297,medium,2,18.0,27.0,1.2,A,-100.0
3298,low,2,10.0,22.0,8.7,D,6.5
3299,high,3,2.0,15.0,9.6,A,6.7
3300,medium,3,8.0,50.0,5.6,A,-12.9
3301,low,3,30.0,9.0,6.1,B,-12.4
3302,low,0,12.0,0.0,9.3,A,14.4
3303,none,0,2.0,15.0,5.3,A,-7.0
3304,medium,3,20.0,15.0,9.4,A,6.4
3305,high,1,10.0,22.0,9.8,B,12.1
3306,none,2,23.0,17.0,6.0,A,-10.3
3307,none,4,5.0,5.0,6.9,B,-8.6
3308,medium,1,3.0,9.0,2.8,A,-100.0
3309,high,1,5.0,1.0,2.6,A,-100.0
3310,high,3,5.0,12.0,6.3,A,-11.8
3311,high,4,6.0,0.0,7.7,C,-6.8
3312,low,2,2.0,10.0,2.2,A,-100.0
3313,low,2,3.0,12.0,1.4,C,-100.0
3314,high,2,8.0,0.0,9.0,A,5.2
3315,high,4,9.0,2.0,8.5,C,-2.7
3316,low,2,3.0,50.0,9.8,A,13.6
3317,high,2,19.0,21.0,9.3,A,5.9
3318,none,3,10.0,7.0,1.9,A,-100.0
3319,low,1,6.0,21.0,3.4,A,-19.7
3320,medium,2,2.0,11.0,2.2,A,-100.0
3321,high,1,9.0,22.0,2.6,C,-100.0
3322,high,0,10.0,45.0,9.2,D,11.5
3323,low,1,4.0,49.0,1.4,A,-100.0
3324,low,1,21.0,9.0,,D,
3325,high,1,35.0,25.0,8.6,A,3.0
3326,high,2,10.0,8.0,6.0,A,-11.4
3327,high,0,8.0,7.0,5.3,A,-10.1
3328,none,2,8.0,6.0,5.5,A,-11.6
3329,none,3,11.0,0.0,5.0,A,-17.2
3330,low,3,6.0,2.0,3.6,A,-100.0
3331,high,3,8.0,1.0,1.9,A,-100.0
3332,low,1,10.0,20.0,3.6,B,-19.0
3333,none,2,23.0,35.0,8.6,B,4.2
3334,high,5,3.0,3.0,1.1,A,-100.0
3335,medium,1,10.0,22.0,4.8,D,-12.8
3336,high,1,10.0,3.0,6.6,A,-5.7
3337,medium,3,12.0,16.0,4.2,C,-100.0
3338,high,2,9.0,3.0,9.7,A,9.0
3339,high,2,10.0,2.0,1.8,A,-100.0
3340,low,1,2.0,1.0,8.1,C,6.3
3341,low,3,19.0,5.0,8.9,A,4.1
3342,high,1,19.0,10.0,8.3,B,2.8
3343,low,2,14.0,2.0,2.4,C,-100.0
3344,high,2,25.0,8.0,3.0,A,-100.0
3345,high,0,25.0,36.0,6.0,C,-7.7
3346,low,0,16.0,1.0,6.2,A,-3.0
3347,medium,3,7.0,1.0,5.8,A,-12.2
3348,low,1,2.0,3.0,7.3,B,1.9
3349,none,3,17.0,15.0,2.3,A,-100.0
3350,high,1,8.0,4.0,5.4,C,-12.1
3351,medium,1,6.0,0.0,9.7,A,14.4
3352,low,0,1.0,3.0,6.8,A,1.8
3353,medium,2,3.0,19.0,5.1,C,-13.0
3354,low,4,3.0,14.0,6.5,C,-9.9
3355,high,1,6.0,6.0,9.0,C,7.9
3356,none,0,6.0,35.0,9.4,A,15.0
3357,low,2,11.0,4.0,3.5,A,-100.0
3358,none,1,5.0,11.0,8.2,A,6.1
3359,high,5,24.0,20.0,6.4,C,-18.0
3360,high,0,12.0,5.0,4.6,B,-14.4
3361,medium,3,6.0,1.0,9.5,A,8.3
3362,low,3,3.0,9.0,5.5,A,-13.0
3363,low,2,9.0,5.0,2.5,C,-100.0
3364,high,0,4.0,27.0,8.5,A,8.1
3365,none,2,8.0,4.0,3.7,A,-100.0
3366,high,0,10.0,2.0,8.4,A,6.7
3367,low,4,28.0,16.0,9.7,A,5.2
3368,none,0,20.0,16.0,4.1,A,-15.4
3369,none,0,16.0,18.0,7.7,C,4.8
3370,medium,2,9.0,2.0,9.1,A,8.3
3371,high,0,4.0,32.0,9.1,D,11.5
3372,high,0,13.0,4.0,9.3,A,11.4
3373,high,2,6.0,18.0,4.0,B,-100.0
3374,medium,3,2.0,41.0,6.4,A,-8.0
3375,low,1,11.0,4.0,8.7,A,8.8
3376,medium,1,24.0,2.0,10.0,C,14.2
3377,medium,0,5.0,0.0,4.0,B,-14.4
3378,none,0,9.0,37.0,9.1,C,13.4
3379,low,3,8.0,21.0,7.1,C,-4.6
3380,medium,1,6.0,10.0,2.7,A,-100.0
3381,none,4,10.0,14.0,5.5,A,-16.7
3382,none,1,9.0,7.0,6.0,A,-6.5
3383,medium,1,3.0,1.0,3.2,A,-100.0
3384,,0,2.0,10.0,2.2,D,-100.0
3385,low,2,1.0,9.0,1.7,A,-100.0
3386,high,2,14.0,6.0,8.1,A,-0.3
3387,none,2,40.0,1.0,9.9,C,9.3
3388,high,0,3.0,8.0,1.1,A,-100.0
3389,high,2,5.0,48.0,8.2,A,1.5
3390,low,1,17.0,2.0,7.6,A,2.1
3391,medium,1,30.0,1.0,9.9,A,13.1
3392,medium,0,6.0,9.0,9.4,D,15.0
3393,medium,1,4.0,4.0,4.7,A,-12.9
3394,low,1,1.0,12.0,8.4,C,8.2
3395,low,1,13.0,7.0,8.9,A,9.7
3396,,2,14.0,15.0,4.8,A,-16.0
3397,none,0,2.0,2.0,9.8,A,15.0
3398,low,1,23.0,6.0,9.0,B,9.2
3399,medium,1,28.0,7.0,9.1,B,8.9
3400,low,2,22.0,5.0,4.1,A,-100.0
3401,low,1,8.0,42.0,5.5,A,-8.2
3402,medium,2,17.0,27.0,9.0,A,7.2
3403,medium,1,11.0,8.0,3.6,A,-19.6
3404,low,0,2.0,10.0,2.5,C,-100.0
3405,low,2,18.0,21.0,6.6,A,-5.8
3406,low,1,1.0,15.0,4.3,B,-14.3
3407,medium,4,4.0,43.0,5.8,A,-14.0
3408,medium,1,3.0,7.0,4.7,A,-12.8
3409,low,4,,12.0,9.4,C,
3410,none,0,18.0,31.0,2.5,A,-100.0
3411,medium,1,0.0,14.0,5.4,A,-8.6
3412,medium,3,7.0,4.0,1.8,C,-100.0
3413,high,2,2.0,23.0,1.7,C,-100.0
3414,high,1,3.0,5.0,9.5,B,11.0
3415,low,0,6.0,17.0,1.6,A,-100.0
3416,low,0,11.0,10.0,5.9,A,-4.1
3417,low,0,24.0,20.0,8.4,B,8.5
3418,none,2,10.0,11.0,4.7,A,-16.2
3419,low,0,12.0,1.0,2.6,A,-100.0
3420,medium,3,9.0,18.0,9.3,A,7.0
3421,low,0,9.0,12.0,1.1,A,-100.0
3422,,1,1.0,0.0,4.4,A,-14.5
3423,high,0,6.0,26.0,8.4,A,7.3
3424,none,2,1.0,13.0,8.3,D,4.6
3425,medium,1,15.0,18.0,9.2,C,10.9
3426,low,0,4.0,32.0,6.5,B,0.1
3427,medium,0,10.0,12.0,7.7,A,5.6
3428,high,1,6.0,15.0,5.7,A,-10.1
3429,medium,2,15.0,8.0,7.7,A,0.0
3430,medium,4,6.0,28.0,2.9,A,-100.0
3431,medium,1,5.0,25.0,8.7,A,9.2
3432,low,0,4.0,7.0,6.5,C,-0.1
3433,high,1,5.0,8.0,8.7,A,6.4
3434,low,1,7.0,40.0,3.0,C,-100.0
3435,high,2,5.0,11.0,3.4,A,-100.0
3436,low,0,13.0,16.0,8.7,A,11.2
3437,high,4,1.0,9.0,7.9,A,-5.1
3438,high,0,7.0,24.0,3.8,A,-18.1
3439,low,1,7.0,4.0,1.1,A,-100.0
3440,medium,1,8.0,26.0,7.2,A,0.7
3441,high,0,1.0,7.0,9.9,C,15.0
3442,low,0,11.0,5.0,5.0,A,-9.1
3443,medium,2,15.0,11.0,4.2,B,-19.2
3444,none,1,8.0,12.0,5.2,A,-10.7
3445,low,1,19.0,5.0,4.2,A,-16.8
3446,none,1,3.0,1.0,9.0,A,10.6
3447,medium,2,12.0,40.0,6.3,A,-7.0
3448,medium,3,27.0,5.0,4.5,C,-100.0
3449,high,0,4.0,4.0,3.5,D,-19.6
3450,,2,5.0,13.0,8.6,A,5.8
3451,low,0,7.0,8.0,9.7,A,15.0
3452,none,3,1.0,3.0,9.6,A,9.1
3453,medium,5,4.0,39.0,1.5,B,-100.0
3454,high,1,14.0,0.0,3.5,B,-100.0
3455,none,1,9.0,5.0,10.0,A,15.0
3456,medium,1,11.0,13.0,2.2,A,-100.0
3457,high,1,,9.0,3.1,C,
3458,low,1,13.0,2.0,2.4,C,-100.0
3459,high,3,10.0,19.0,8.3,A,-1.2
3460,medium,5,8.0,50.0,8.7,A,-0.9
3461,high,3,25.0,6.0,2.6,C,-100.0
3462,high,3,7.0,3.0,4.4,B,-100.0
3463,low,0,9.0,6.0,9.4,C,15.0
3464,high,2,1.0,2.0,1.5,A,-100.0
3465,low,2,11.0,11.0,1.2,A,-100.0
3466,medium,2,4.0,1.0,8.8,A,7.1
3467,medium,3,16.0,20.0,3.7,A,-100.0
3468,none,3,4.0,2.0,9.6,A,8.8
3469,low,1,16.0,6.0,9.6,C,13.2
3470,high,2,12.0,8.0,1.9,A,-100.0
3471,high,2,22.0,0.0,6.1,A,-12.2
3472,medium,3,17.0,5.0,7.5,C,-3.8
3473,high,3,28.0,16.0,1.2,C,-100.0
3474,high,1,1.0,5.0,9.9,A,13.4
3475,none,4,14.0,5.0,4.2,A,-100.0
3476,medium,1,6.0,18.0,8.3,A,6.8
3477,high,1,2.0,21.0,6.5,D,-5.3
3478,low,1,7.0,3.0,8.2,B,6.4
3479,medium,0,5.0,10.0,9.4,C,15.0
3480,none,2,4.0,11.0,2.2,A,-100.0
3481,none,1,15.0,6.0,4.4,A,-15.9
3482,low,2,6.0,4.0,5.8,A,-9.2
3483,low,3,17.0,4.0,1.0,C,-100.0
3484,medium,1,18.0,3.0,1.6,C,-100.0
3485,medium,1,11.0,6.0,5.1,B,-11.4
3486,medium,1,7.0,6.0,5.4,C,-9.3
3487,low,0,16.0,6.0,3.0,A,-100.0
3488,medium,2,14.0,10.0,8.2,A,2.9
3489,low,3,8.0,4.0,8.0,C,0.2
3490,high,3,2.0,19.0,8.6,B,1.3
3491,high,2,13.0,2.0,5.3,A,-15.7
3492,low,2,8.0,18.0,5.2,B,-12.5
3493,low,2,20.0,13.0,2.2,A,-100.0
3494,medium,0,11.0,18.0,1.2,A,-100.0
3495,medium,1,4.0,29.0,5.2,A,-9.9
3496,none,0,17.0,31.0,1.6,A,-100.0
3497,low,1,9.0,6.0,3.6,A,-19.1
3498,medium,1,15.0,30.0,8.5,A,7.2
3499,medium,4,11.0,7.0,1.1,A,-100.0
3500,low,0,20.0,1.0,1.7,A,-100.0
3501,high,2,26.0,12.0,1.7,A,-100.0
3502,none,6,,15.0,6.4,C,
3503,,2,25.0,6.0,8.6,A,3.7
3504,none,2,25.0,12.0,6.0,A,-10.5
3505,low,2,13.0,13.0,8.8,A,6.7
3506,low,2,13.0,8.0,1.5,A,-100.0
3507,high,1,8.0,21.0,8.2,A,3.5
3508,high,4,22.0,10.0,8.1,A,-6.1
3509,high,2,4.0,3.0,3.3,A,-100.0
3510,high,1,3.0,6.0,7.2,A,-1.7
3511,medium,2,5.0,1.0,8.7,C,6.5
3512,none,0,16.0,19.0,9.0,B,12.0
3513,high,1,17.0,33.0,9.1,A,7.7
3514,medium,2,5.0,1.0,1.9,A,-100.0
3515,low,3,10.0,2.0,9.2,A,6.6
3516,none,5,13.0,12.0,2.5,A,-100.0
3517,medium,1,7.0,4.0,1.2,C,-100.0
3518,medium,0,9.0,3.0,8.7,A,11.1
3519,none,0,19.0,5.0,2.4,A,-100.0
3520,low,1,2.0,17.0,3.5,C,-18.8
3521,low,1,6.0,27.0,1.6,A,-100.0
3522,high,0,8.0,2.0,2.0,C,-100.0
3523,medium,3,7.0,26.0,,D,
3524,none,5,5.0,7.0,7.7,A,-6.7
3525,low,2,1.0,6.0,9.9,A,13.9
3526,medium,1,11.0,4.0,2.9,A,-100.0
3527,none,0,10.0,17.0,6.1,B,-3.4
3528,none,2,14.0,13.0,9.4,A,9.3
3529,none,2,8.0,44.0,9.9,A,13.0
3530,,2,16.0,1.0,9.2,C,7.9
3531,low,1,24.0,11.0,7.4,B,0.4
3532,medium,4,18.0,26.0,7.3,A,-7.3
3533,low,1,33.0,34.0,9.8,A,12.9
3534,high,1,6.0,36.0,9.7,C,12.1
3535,low,2,6.0,6.0,5.8,C,-9.2
3536,high,1,13.0,22.0,8.3,A,3.5
3537,none,1,9.0,20.0,5.5,B,-9.1
3538,high,1,8.0,7.0,4.7,A,-15.9
3539,low,1,24.0,20.0,9.7,A,13.1
3540,low,0,26.0,3.0,1.2,A,-100.0
3541,low,4,10.0,5.0,1.8,C,-100.0
3542,low,2,15.0,0.0,8.4,A,4.2
3543,low,1,4.0,15.0,2.5,A,-100.0
3544,high,1,7.0,8.0,8.5,A,5.1
3545,high,1,11.0,12.0,6.5,A,-6.3
3546,none,3,7.0,6.0,7.0,C,-5.8
3547,none,0,5.0,15.0,3.0,A,-20.0
3548,medium,1,6.0,3.0,2.6,A,-100.0
3549,high,1,8.0,7.0,8.8,A,6.6
3550,low,2,3.0,8.0,5.6,B,-9.9
3551,medium,2,3.0,6.0,2.5,A,-100.0
3552,low,1,9.0,3.0,2.3,A,-100.0
3553,low,0,11.0,10.0,1.7,A,-100.0
3554,high,1,4.0,0.0,9.5,C,10.8
3555,high,4,3.0,2.0,9.6,C,4.0
3556,medium,3,2.0,4.0,3.0,A,-100.0
3557,medium,5,6.0,9.0,8.2,B,-3.8
3558,medium,0,0.0,13.0,4.0,A,-13.8
3559,low,1,10.0,1.0,7.4,A,1.7
3560,high,3,11.0,30.0,8.4,A,-0.6
3561,high,2,13.0,6.0,3.0,A,-100.0
3562,none,1,21.0,3.0,1.4,A,-100.0
3563,,0,9.0,2.0,9.1,C,13.0
3564,none,4,,34.0,9.0,C,
3565,medium,1,14.0,8.0,9.5,B,12.5
3566,,0,13.0,1.0,3.4,A,-18.7
3567,low,0,16.0,33.0,8.2,A,8.3
3568,low,1,5.0,3.0,10.0,A,
3569,high,2,6.0,1.0,3.6,C,-100.0
3570,low,2,6.0,4.0,6.2,A,-7.0
3571,none,2,11.0,10.0,9.4,A,9.6
3572,medium,1,3.0,1.0,8.8,B,9.7
3573,low,1,2.0,14.0,9.7,C,15.0
3574,high,2,,5.0,7.5,C,
3575,low,4,7.0,2.0,3.5,C,-100.0
3576,high,2,7.0,9.0,8.9,A,4.8
3577,low,4,15.0,6.0,8.9,A,2.0
3578,medium,2,7.0,9.0,5.0,A,-14.0
3579,none,3,3.0,2.0,2.6,A,-100.0
3580,high,3,2.0,8.0,8.0,A,-2.1
3581,medium,1,6.0,0.0,2.3,B,-100.0
3582,low,0,5.0,10.0,2.0,A,-100.0
3583,none,0,5.0,13.0,7.0,D,2.0
3584,none,1,8.0,26.0,6.5,A,-3.4
3585,low,2,28.0,4.0,6.4,A,-8.1
3586,none,1,8.0,11.0,1.6,A,-100.0
3587,low,2,20.0,14.0,2.8,D,-100.0
3588,medium,2,9.0,10.0,3.8,A,-100.0
3589,high,1,17.0,3.0,9.3,A,8.5
3590,high,0,8.0,15.0,7.3,C,1.0
3591,low,1,7.0,4.0,2.4,A,-100.0
3592,low,5,6.0,8.0,4.4,A,-100.0
3593,medium,3,3.0,31.0,9.4,D,8.3
3594,low,3,3.0,9.0,9.7,A,10.1
3595,high,2,5.0,3.0,1.4,A,-100.0
3596,medium,1,3.0,0.0,8.2,A,6.4
3597,low,2,14.0,32.0,9.1,A,8.5
3598,high,1,1.0,42.0,9.8,C,13.2
3599,none,2,28.0,1.0,3.2,A,-100.0
3600,low,5,20.0,3.0,1.4,B,-100.0
3601,low,0,6.0,16.0,3.2,A,-18.4
3602,high,3,4.0,4.0,8.9,A,2.6
3603,medium,1,2.0,31.0,2.9,D,-100.0
3604,low,2,3.0,10.0,2.3,A,-100.0
3605,low,1,25.0,3.0,3.1,A,-100.0
3606,low,2,7.0,18.0,8.5,A,5.7
3607,none,2,6.0,13.0,8.4,A,4.6
3608,none,1,14.0,13.0,9.0,D,9.6
3609,high,0,10.0,19.0,2.8,A,-100.0
3610,medium,3,16.0,1.0,9.7,A,8.4
3611,medium,0,1.0,2.0,9.8,A,15.0
3612,low,4,9.0,20.0,8.3,B,-0.6
3613,low,2,20.0,29.0,9.7,C,11.1
3614,medium,1,1.0,10.0,2.0,A,-100.0
3615,high,2,7.0,10.0,7.9,A,-0.7
3616,medium,2,9.0,10.0,8.7,A,6.2
3617,high,1,22.0,1.0,4.8,A,-16.8
3618,high,2,7.0,4.0,8.7,B,3.7
3619,none,3,39.0,32.0,4.3,A,-100.0
3620,none,3,10.0,15.0,9.2,C,6.1
3621,none,2,12.0,4.0,8.2,B,2.8
3622,none,3,24.0,1.0,8.3,A,-0.4
3623,none,3,11.0,16.0,7.5,A,-3.3
3624,high,0,11.0,6.0,8.7,A,8.3
3625,low,1,10.0,2.0,9.7,A,14.3
3626,low,2,5.0,21.0,8.4,A,5.4
3627,medium,3,8.0,11.0,4.3,A,-100.0
3628,medium,2,8.0,7.0,6.1,A,-8.1
3629,low,1,9.0,0.0,8.4,B,7.3
3630,none,4,28.0,8.0,5.2,C,-100.0
3631,high,2,7.0,21.0,5.9,A,-11.6
3632,high,1,5.0,3.0,8.4,A,4.7
3633,low,1,2.0,22.0,5.7,A,-6.7
3634,low,2,3.0,43.0,6.4,A,-5.2
3635,medium,1,12.0,6.0,4.4,A,-15.3
3636,none,1,22.0,0.0,1.2,A,-100.0
3637,low,0,3.0,16.0,9.9,C,15.0
3638,low,0,5.0,3.0,9.7,D,15.0
3639,low,6,6.0,8.0,2.3,A,-100.0
3640,low,1,19.0,9.0,6.2,D,-5.7
3641,none,0,4.0,1.0,9.4,B,15.0
3642,high,2,1.0,13.0,3.3,A,-100.0
3643,none,2,2.0,2.0,8.4,D,4.9
3644,low,0,7.0,16.0,2.8,A,-100.0
3645,medium,2,3.0,37.0,8.9,A,8.1
3646,,3,7.0,4.0,8.9,A,4.7
3647,high,1,11.0,18.0,5.5,D,-11.7
3648,none,3,10.0,6.0,5.3,B,-15.4
3649,none,0,5.0,7.0,8.7,A,11.3
3650,medium,3,22.0,16.0,4.2,A,-100.0
3651,high,3,24.0,2.0,9.4,D,3.3
3652,high,3,23.0,20.0,2.7,A,-100.0
3653,low,0,4.0,10.0,4.4,A,-11.6
3654,high,2,16.0,17.0,8.8,A,3.4
3655,none,2,12.0,1.0,1.5,C,-100.0
3656,high,0,7.0,20.0,3.7,C,-18.7
3657,high,0,4.0,14.0,8.2,A,6.3
3658,medium,2,16.0,1.0,3.6,A,-100.0
3659,medium,0,10.0,30.0,2.8,A,-100.0
3660,none,2,6.0,3.0,3.7,A,-100.0
3661,medium,2,11.0,21.0,8.1,C,2.8
3662,high,3,4.0,6.0,3.1,A,-100.0
3663,none,0,6.0,3.0,1.8,C,-100.0
3664,high,0,14.0,1.0,4.0,A,-17.9
3665,medium,0,7.0,6.0,3.6,D,-16.7
3666,none,1,7.0,2.0,3.9,A,-17.9
3667,low,1,9.0,6.0,3.9,C,-17.4
3668,high,1,7.0,2.0,8.3,C,3.9
3669,low,4,3.0,23.0,5.9,A,-13.1
3670,low,1,18.0,32.0,7.3,A,0.6
3671,low,2,21.0,13.0,8.2,C,2.6
3672,low,1,9.0,40.0,3.9,A,-17.1
3673,high,1,5.0,4.0,8.3,A,4.2
3674,high,1,3.0,14.0,9.9,A,13.3
3675,low,0,17.0,8.0,9.8,A,15.0
3676,low,1,19.0,9.0,1.4,B,-100.0
3677,high,2,6.0,24.0,8.4,D,2.3
3678,medium,2,7.0,14.0,3.9,A,-100.0
3679,medium,1,4.0,36.0,9.3,A,12.7
3680,medium,3,6.0,13.0,2.6,C,-100.0
3681,medium,0,13.0,0.0,7.6,A,4.6
3682,low,3,2.0,1.0,8.3,B,2.4
3683,low,0,22.0,3.0,8.3,A,7.9
3684,high,1,9.0,23.0,8.7,C,6.2
3685,low,3,16.0,2.0,9.9,B,9.9
3686,medium,1,10.0,11.0,1.1,A,-100.0
3687,low,1,2.0,50.0,2.9,A,-100.0
3688,low,1,4.0,16.0,2.9,A,-100.0
3689,none,3,11.0,16.0,4.9,A,-17.6
3690,low,2,7.0,17.0,7.0,A,-2.5
3691,medium,0,3.0,9.0,9.7,A,15.0
3692,low,2,8.0,5.0,9.3,A,9.9
3693,low,1,10.0,3.0,4.7,C,-13.1
3694,high,2,3.0,9.0,3.2,C,-100.0
3695,high,3,13.0,16.0,9.7,A,6.2
3696,high,1,3.0,8.0,5.9,A,-8.8
3697,high,0,15.0,2.0,9.9,D,14.4
3698,high,1,12.0,4.0,9.8,A,11.7
3699,low,1,8.0,11.0,1.7,A,-100.0
3700,medium,0,14.0,3.0,5.8,A,-5.4
3701,medium,1,12.0,9.0,5.6,A,-8.7
3702,high,0,15.0,1.0,9.3,A,11.1
3703,high,4,13.0,1.0,10.0,A,5.2
3704,low,4,11.0,17.0,8.1,B,-1.9
3705,high,2,1.0,4.0,10.0,A,11.4
3706,low,1,11.0,20.0,8.4,A,7.3
3707,none,3,5.0,12.0,3.9,A,-100.0
3708,high,0,16.0,4.0,9.1,D,10.0
3709,high,0,3.0,11.0,7.6,A,3.1
3710,medium,0,22.0,9.0,9.0,A,11.5
3711,low,1,5.0,10.0,8.6,A,8.9
3712,medium,0,1.0,1.0,6.9,B,2.0
3713,low,1,8.0,0.0,9.6,A,14.0
3714,high,0,15.0,7.0,4.1,C,-17.4
3715,low,2,3.0,8.0,9.2,A,9.8
3716,none,0,3.0,3.0,1.4,A,-100.0
3717,low,2,13.0,22.0,6.6,A,-5.3
3718,low,3,18.0,7.0,7.3,C,-4.6
3719,medium,1,9.0,3.0,9.2,A,
3720,high,1,6.0,5.0,9.4,A,10.1
3721,none,3,3.0,0.0,9.4,B,7.8
3722,none,2,7.0,14.0,8.8,B,6.7
3723,high,0,12.0,2.0,6.0,A,-6.7
3724,low,1,3.0,0.0,6.9,A,-0.4
3725,high,0,5.0,7.0,7.6,A,2.9
3726,none,0,6.0,12.0,5.7,B,-5.3
3727,high,3,7.0,19.0,10.0,C,8.5
3728,medium,3,10.0,1.0,3.3,A,-100.0
3729,high,1,12.0,4.0,9.3,A,9.0
3730,,1,7.0,9.0,8.7,A,8.6
3731,high,1,3.0,33.0,9.5,A,11.3
3732,low,0,30.0,6.0,6.7,A,-1.6
3733,none,0,8.0,50.0,8.9,B,12.5
3734,none,0,6.0,11.0,8.9,A,12.3
3735,medium,0,3.0,6.0,6.4,D,-0.9
3736,medium,1,5.0,7.0,8.3,A,6.8
3737,high,1,24.0,24.0,7.6,B,-1.4
3738,high,2,8.0,21.0,8.7,A,3.7
3739,medium,4,4.0,5.0,8.9,A,2.7
3740,none,2,4.0,23.0,9.4,A,10.4
3741,medium,2,6.0,8.0,9.5,C,10.8
3742,low,2,12.0,10.0,2.2,A,-100.0
3743,low,2,22.0,32.0,9.0,A,7.1
3744,low,0,7.0,23.0,8.2,A,9.1
3745,high,0,29.0,23.0,3.3,A,-100.0
3746,none,2,18.0,4.0,9.8,A,11.0
3747,low,1,10.0,21.0,8.2,C,6.3
3748,high,0,7.0,9.0,9.5,A,13.1
3749,none,3,6.0,9.0,1.1,A,-100.0
3750,none,3,7.0,6.0,1.1,C,-100.0
3751,low,1,5.0,11.0,8.4,C,7.8
3752,low,2,7.0,3.0,8.5,B,5.6
3753,low,2,5.0,8.0,8.7,C,6.9
3754,low,2,16.0,8.0,9.0,A,7.5
3755,high,3,4.0,1.0,3.7,A,-100.0
3756,,2,8.0,9.0,7.2,C,-2.2
3757,none,3,2.0,10.0,8.2,C,1.4
3758,high,0,8.0,6.0,1.1,A,-100.0
3759,none,3,9.0,2.0,8.9,A,4.4
3760,medium,1,8.0,43.0,6.4,A,-3.6
3761,high,0,7.0,4.0,9.2,C,11.4
3762,high,2,10.0,23.0,5.2,D,-15.7
3763,low,4,25.0,1.0,6.2,B,-13.9
3764,low,2,9.0,4.0,3.0,A,-100.0
3765,low,1,1.0,1.0,8.5,A,8.6
3766,medium,0,10.0,15.0,8.6,D,10.5
3767,high,0,,18.0,2.2,C,
3768,high,2,5.0,9.0,3.0,A,-100.0
3769,none,0,3.0,7.0,2.7,D,-100.0
3770,high,1,17.0,7.0,10.0,B,12.3
3771,high,1,16.0,3.0,9.6,A,10.2
3772,low,1,9.0,1.0,9.2,A,11.7
3773,medium,1,19.0,5.0,9.5,B,12.0
3774,high,4,17.0,6.0,9.0,B,-0.7
3775,medium,4,3.0,7.0,2.3,A,-100.0
3776,medium,2,16.0,1.0,9.9,A,12.0
3777,low,5,15.0,0.0,8.9,B,-0.6
3778,low,1,17.0,4.0,9.7,C,13.7
3779,medium,2,13.0,8.0,8.9,A,6.8
3780,low,2,7.0,3.0,8.5,A,5.5
3781,medium,4,8.0,44.0,1.3,A,-100.0
3782,medium,0,2.0,1.0,6.1,A,-2.5
3783,high,1,14.0,17.0,2.5,A,-100.0
3784,low,4,32.0,22.0,10.0,A,6.5
3785,high,1,6.0,2.0,4.6,A,-16.3
3786,medium,2,13.0,27.0,2.0,A,-100.0
3787,high,0,2.0,2.0,8.7,A,9.1
3788,high,1,12.0,15.0,5.5,A,-11.8
3789,high,1,4.0,5.0,9.4,D,10.3
3790,high,3,5.0,12.0,9.3,B,4.7
3791,low,0,26.0,8.0,5.1,C,-10.0
3792,low,1,6.0,41.0,3.4,C,-19.5
3793,none,3,17.0,14.0,6.4,A,-10.0
3794,high,4,5.0,2.0,2.8,C,-100.0
3795,high,2,15.0,4.0,3.3,A,-100.0
3796,low,0,4.0,26.0,5.9,B,-3.2
3797,high,0,11.0,42.0,1.2,A,-100.0
3798,high,1,1.0,10.0,4.0,B,-19.0
3799,low,0,2.0,1.0,4.1,A,-13.2
3800,medium,4,5.0,18.0,4.4,A,-100.0
3801,none,1,14.0,16.0,9.2,A,10.7
3802,medium,2,17.0,3.0,9.8,A,11.3
3803,medium,3,24.0,2.0,6.3,A,-11.1
3804,high,1,22.0,1.0,3.2,A,-100.0
3805,high,5,9.0,14.0,9.9,B,2.7
3806,low,0,31.0,18.0,9.2,A,12.2
3807,medium,1,5.0,1.0,1.0,A,-100.0
3808,medium,2,3.0,5.0,8.2,A,3.9
3809,high,0,6.0,33.0,1.1,A,-100.0
3810,high,1,9.0,1.0,8.9,A,7.0
3811,low,1,10.0,8.0,5.1,C,-10.9
3812,medium,0,14.0,19.0,10.0,A,15.0
3813,high,1,8.0,8.0,9.2,A,8.9
3814,high,2,10.0,2.0,9.7,A,8.8
3815,low,2,1.0,6.0,7.1,A,-1.5
3816,medium,2,13.0,24.0,7.9,C,1.5
3817,medium,3,23.0,3.0,2.1,B,-100.0
3818,,2,2.0,6.0,2.5,A,-100.0
3819,high,1,20.0,14.0,2.9,A,-100.0
3820,medium,2,9.0,16.0,5.8,A,-9.7
3821,low,2,13.0,11.0,2.1,A,-100.0
3822,high,2,14.0,16.0,9.8,A,9.1
3823,none,1,3.0,16.0,7.2,A,0.8
3824,medium,2,5.0,4.0,6.2,A,-7.3
3825,low,1,5.0,16.0,1.9,A,-100.0
3826,low,2,7.0,1.0,4.0,A,-19.2
3827,low,1,16.0,12.0,6.6,C,-3.2
3828,high,1,30.0,21.0,4.8,C,-17.4
3829,none,1,2.0,7.0,7.5,A,2.5
3830,high,0,10.0,7.0,9.9,C,15.0
3831,high,2,7.0,40.0,9.9,A,10.6
3832,high,2,22.0,2.0,8.1,A,-1.2
3833,low,1,11.0,1.0,8.8,A,9.3
3834,high,0,3.0,17.0,7.6,A,3.1
3835,high,1,5.0,29.0,2.9,A,-100.0
3836,medium,2,2.0,4.0,1.1,A,-100.0
3837,none,1,37.0,37.0,4.7,A,-16.1
3838,high,3,7.0,6.0,6.1,A,-13.1
3839,low,0,10.0,3.0,9.4,A,15.0
3840,medium,1,3.0,35.0,9.6,A,14.4
3841,low,2,4.0,6.0,10.0,A,14.1
3842,medium,1,3.0,19.0,3.5,A,-19.3
3843,none,4,5.0,38.0,1.5,A,-100.0
3844,medium,2,12.0,5.0,5.4,C,-12.3
3845,high,1,6.0,6.0,2.4,A,-100.0
3846,high,0,3.0,4.0,9.5,A,13.5
3847,low,1,13.0,30.0,2.8,B,-100.0
3848,high,2,13.0,10.0,3.7,A,-100.0
3849,high,1,15.0,12.0,1.6,A,-100.0
3850,high,1,12.0,50.0,3.7,A,-100.0
3851,low,1,8.0,11.0,5.5,A,-8.5
3852,medium,2,4.0,23.0,7.0,D,-2.6
3853,high,0,6.0,17.0,1.4,B,-100.0
3854,high,0,23.0,37.0,7.3,A,-0.3
3855,low,0,4.0,33.0,3.6,A,-15.8
3856,high,0,9.0,20.0,9.9,A,15.0
3857,high,2,6.0,0.0,8.5,A,2.6
3858,low,0,8.0,11.0,4.3,D,-12.6
3859,none,2,22.0,0.0,8.6,A,4.0
3860,none,0,12.0,3.0,4.6,A,-12.0
3861,low,2,4.0,28.0,7.4,B,0.1
3862,none,0,2.0,19.0,6.8,A,1.3
3863,low,2,12.0,8.0,1.5,A,-100.0
3864,high,1,4.0,6.0,7.8,A,1.5
3865,medium,1,5.0,2.0,1.9,C,-100.0
3866,none,1,,8.0,8.3,C,
3867,high,2,18.0,5.0,9.5,A,7.0
3868,low,3,11.0,24.0,1.5,A,-100.0
3869,none,3,7.0,0.0,3.5,A,-100.0
3870,high,1,27.0,14.0,9.9,A,10.9
3871,medium,1,7.0,7.0,9.1,D,11.0
3872,low,0,4.0,36.0,5.9,A,-3.1
3873,low,0,3.0,25.0,3.2,A,-18.0
3874,low,0,4.0,25.0,5.5,A,-5.4
3875,low,4,8.0,2.0,9.2,A,4.3
3876,low,2,13.0,4.0,8.1,B,2.8
3877,high,1,11.0,0.0,1.8,A,-100.0
3878,high,2,11.0,17.0,3.3,A,-100.0
3879,high,2,10.0,3.0,5.5,B,-14.2
3880,low,2,3.0,9.0,6.4,B,-5.5
3881,low,0,10.0,15.0,8.3,C,9.3
3882,low,1,17.0,1.0,5.0,A,-12.2
3883,low,2,22.0,1.0,8.9,C,6.2
3884,high,1,15.0,6.0,6.4,A,-7.3
3885,low,1,3.0,14.0,4.2,C,-15.1
3886,high,5,19.0,13.0,6.8,D,-15.4
3887,medium,1,2.0,5.0,9.8,A,15.0
3888,high,2,11.0,3.0,5.2,A,-16.0
3889,none,0,4.0,15.0,9.5,A,15.0
3890,low,1,14.0,43.0,7.0,A,-0.5
3891,medium,1,4.0,4.0,8.2,A,6.3
3892,medium,3,15.0,0.0,9.5,A,7.3
3893,none,3,9.0,17.0,3.9,A,-100.0
3894,none,3,6.0,8.0,3.9,C,-100.0
3895,medium,1,5.0,8.0,2.7,B,-100.0
3896,high,2,8.0,19.0,2.7,C,-100.0
3897,medium,1,16.0,3.0,7.9,C,3.5
3898,medium,3,2.0,6.0,2.7,A,-100.0
3899,low,1,13.0,11.0,8.7,A,8.6
3900,,1,3.0,50.0,2.2,A,-100.0
3901,high,4,7.0,7.0,1.7,B,-100.0
3902,high,7,21.0,1.0,9.8,A,-4.2
3903,high,1,8.0,8.0,9.3,A,9.4
3904,high,1,2.0,23.0,3.8,A,-100.0
3905,low,1,18.0,12.0,9.1,A,10.3
3906,high,3,20.0,4.0,2.7,A,-100.0
3907,,1,11.0,16.0,6.4,A,-4.4
3908,low,0,4.0,3.0,8.2,A,9.2
3909,low,3,5.0,17.0,7.0,C,-4.9
3910,none,2,11.0,1.0,3.2,A,-100.0
3911,medium,1,21.0,4.0,9.8,A,13.4
3912,high,2,8.0,6.0,9.3,A,6.9
3913,medium,1,9.0,5.0,2.9,C,-100.0
3914,none,0,4.0,9.0,9.5,A,15.0
3915,medium,3,9.0,0.0,5.7,C,-12.9
3916,high,4,5.0,11.0,3.0,A,-100.0
3917,low,1,3.0,5.0,1.0,A,-100.0
3918,low,1,16.0,23.0,8.5,C,7.4
3919,high,4,16.0,5.0,5.1,A,-100.0
3920,low,1,13.0,16.0,5.9,C,-6.7
3921,low,0,18.0,1.0,2.2,C,-100.0
3922,low,2,7.0,19.0,7.4,B,-0.3
3923,medium,2,11.0,19.0,8.8,A,6.6
3924,medium,1,9.0,2.0,9.0,D,10.2
3925,low,2,12.0,25.0,3.0,D,-100.0
3926,low,0,29.0,13.0,6.9,A,-0.3
3927,high,2,28.0,8.0,8.6,A,1.1
3928,,3,18.0,31.0,9.0,A,4.4
3929,high,2,20.0,30.0,3.3,A,-100.0
3930,low,1,22.0,16.0,2.0,D,-100.0
3931,high,0,7.0,10.0,9.5,A,13.1
3932,medium,1,24.0,18.0,8.8,A,7.8
3933,medium,0,5.0,31.0,4.5,A,-11.3
3934,low,4,10.0,15.0,5.9,A,-13.9
3935,low,1,4.0,5.0,8.5,C,8.4
3936,high,1,8.0,15.0,8.6,B,5.6
3937,high,3,8.0,1.0,4.2,A,-100.0
3938,none,1,3.0,12.0,8.5,D,7.9
3939,high,2,8.0,16.0,6.0,B,-11.2
3940,none,0,5.0,2.0,2.4,A,-100.0
3941,none,0,7.0,3.0,9.2,A,13.8
3942,high,2,8.0,1.0,8.3,C,1.3
3943,low,3,10.0,12.0,7.6,A,-2.1
3944,low,1,10.0,9.0,7.2,A,0.7
3945,medium,1,6.0,11.0,2.3,A,-100.0
3946,medium,3,16.0,1.0,3.4,C,-100.0
3947,high,1,3.0,6.0,6.2,A,-7.2
3948,none,2,2.0,3.0,1.2,A,-100.0
3949,medium,3,11.0,14.0,2.9,A,-100.0
3950,medium,1,6.0,23.0,4.1,C,-16.2
3951,high,1,20.0,7.0,5.2,C,-14.4
3952,low,1,7.0,36.0,6.5,A,-2.6
3953,low,0,4.0,3.0,2.3,A,-100.0
3954,low,4,4.0,15.0,9.6,B,7.0
3955,medium,4,13.0,9.0,5.8,B,-15.2
3956,low,2,4.0,8.0,4.3,A,-17.2
3957,high,1,14.0,25.0,7.6,A,-0.4
3958,high,2,0.0,23.0,6.6,A,-7.0
3959,low,0,8.0,28.0,3.7,A,-15.7
3960,high,5,7.0,27.0,4.6,A,-100.0
3961,medium,0,6.0,7.0,3.9,B,-15.0
3962,medium,4,7.0,2.0,2.7,C,-100.0
3963,medium,1,26.0,4.0,1.1,C,-100.0
3964,medium,0,9.0,32.0,4.6,C,-11.2
3965,high,1,8.0,32.0,8.9,A,7.4
3966,low,1,12.0,40.0,3.1,A,-100.0
3967,none,0,2.0,3.0,8.8,A,12.1
3968,low,0,15.0,22.0,2.3,A,-100.0
3969,medium,4,3.0,43.0,8.6,A,1.5
3970,high,1,1.0,2.0,9.1,A,8.9
3971,high,1,19.0,12.0,5.1,A,-14.8
3972,high,2,8.0,4.0,8.6,A,3.0
3973,low,0,9.0,34.0,9.7,B,15.0
3974,low,1,1.0,8.0,8.4,A,8.1
3975,low,1,5.0,1.0,9.4,A,13.2
3976,high,1,17.0,15.0,9.5,D,9.7
3977,medium,1,13.0,2.0,1.2,A,-100.0
3978,low,0,14.0,18.0,10.0,A,15.0
3979,high,1,18.0,13.0,3.1,A,-100.0
3980,low,0,10.0,3.0,9.5,B,15.0
3981,medium,1,10.0,7.0,1.7,D,-100.0
3982,low,1,5.0,1.0,9.1,A,11.5
3983,none,3,10.0,48.0,8.0,C,-0.1
3984,high,0,25.0,9.0,7.4,B,-0.2
3985,high,0,19.0,6.0,2.0,A,-100.0
3986,low,0,3.0,32.0,2.6,C,-100.0
3987,high,0,4.0,8.0,3.3,A,-100.0
3988,medium,2,4.0,31.0,5.7,D,-9.6
3989,low,1,7.0,23.0,9.4,A,13.2
3990,low,0,14.0,35.0,2.8,B,-100.0
3991,low,0,6.0,9.0,7.8,A,6.9
3992,high,0,16.0,10.0,6.5,C,-4.3
3993,high,4,4.0,11.0,2.4,A,-100.0
3994,low,0,14.0,7.0,6.0,A,-3.9
3995,none,2,10.0,29.0,5.2,C,-13.2
3996,high,1,10.0,30.0,9.0,D,7.8
3997,low,2,2.0,5.0,8.1,A,3.9
3998,none,2,9.0,20.0,1.9,A,-100.0
3999,high,2,10.0,2.0,9.9,C,9.9
4000,low,1,8.0,1.0,1.7,A,-100.0
4001,high,3,4.0,50.0,3.7,D,-100.0
4002,high,2,11.0,2.0,8.9,C,4.4
4003,high,0,7.0,7.0,3.8,A,-18.3
4004,medium,2,6.0,6.0,9.5,A,10.8
4005,medium,1,16.0,14.0,1.6,B,-100.0
4006,low,1,7.0,19.0,9.7,B,14.8
4007,medium,1,7.0,16.0,3.5,A,-19.7
4008,low,1,7.0,7.0,2.7,A,-100.0
4009,medium,3,6.0,5.0,3.4,A,-100.0
4010,medium,1,8.0,4.0,8.0,A,4.8
4011,medium,1,4.0,12.0,4.4,A,-14.5
4012,high,1,5.0,18.0,7.2,C,-1.7
4013,medium,3,13.0,1.0,5.2,B,-16.1
4014,high,0,11.0,20.0,6.6,B,-3.1
4015,medium,0,4.0,32.0,9.1,A,14.1
4016,high,3,5.0,8.0,8.5,A,0.3
4017,high,2,8.0,1.0,5.2,A,-15.7
4018,low,0,2.0,2.0,3.4,D,-17.0
4019,none,1,8.0,4.0,9.8,D,14.5
4020,high,4,1.0,3.0,7.1,A,-9.6
4021,high,0,8.0,1.0,3.3,D,-100.0
4022,high,2,7.0,11.0,8.6,C,3.2
4023,low,5,8.0,6.0,10.0,A,6.2
4024,low,1,8.0,20.0,7.0,C,-0.1
4025,high,2,4.0,1.0,2.9,B,-100.0
4026,low,1,15.0,6.0,8.4,A,6.7
4027,low,2,19.0,7.0,3.7,A,-100.0
4028,high,0,7.0,20.0,3.1,A,-100.0
4029,medium,0,2.0,1.0,6.0,A,-3.1
4030,low,1,5.0,9.0,7.2,A,1.2
4031,high,1,6.0,14.0,9.2,B,9.1
4032,low,5,18.0,1.0,5.3,A,-100.0
4033,low,0,10.0,23.0,3.6,C,-16.5
4034,none,1,14.0,12.0,8.8,C,8.5
4035,medium,3,20.0,48.0,8.2,A,0.2
4036,low,2,11.0,28.0,2.8,A,-100.0
4037,,1,7.0,4.0,3.0,A,-100.0
4038,none,3,9.0,7.0,8.9,C,4.5
4039,medium,0,6.0,48.0,9.4,A,15.0
4040,high,1,8.0,2.0,9.7,B,11.6
4041,low,3,7.0,0.0,9.4,C,8.0
4042,high,4,24.0,3.0,2.1,A,-100.0
4043,low,3,14.0,5.0,8.0,B,-0.4
4044,none,0,9.0,8.0,8.7,A,10.9
4045,none,0,22.0,46.0,8.6,A,9.4
4046,low,4,3.0,3.0,9.6,C,7.0
4047,low,1,13.0,1.0,9.0,C,10.2
4048,medium,2,4.0,28.0,2.0,A,-100.0
4049,low,0,2.0,24.0,8.3,C,10.2
4050,low,0,17.0,20.0,3.2,A,-19.4
4051,low,1,4.0,27.0,9.6,A,14.7
4052,low,4,6.0,5.0,9.1,B,4.0
4053,low,0,9.0,2.0,6.4,A,-1.2
4054,low,0,16.0,3.0,5.9,C,-4.6
4055,medium,1,7.0,8.0,4.9,A,-12.1
4056,none,1,4.0,14.0,8.2,A,6.2
4057,none,5,5.0,16.0,8.1,B,-4.4
4058,none,3,15.0,42.0,5.5,B,-14.5
4059,high,1,19.0,4.0,2.7,A,-100.0
4060,medium,2,7.0,11.0,5.2,C,-12.9
4061,none,3,14.0,1.0,8.5,B,1.7
4062,medium,0,2.0,3.0,8.8,A,12.3
4063,high,1,19.0,35.0,9.3,A,8.6
4064,low,1,29.0,3.0,8.4,B,5.3
4065,medium,2,8.0,5.0,2.3,A,-100.0
4066,high,1,2.0,1.0,1.9,A,-100.0
4067,medium,2,2.0,13.0,5.5,A,-10.7
4068,medium,0,8.0,10.0,9.8,C,15.0
4069,none,4,26.0,7.0,4.2,A,-100.0
4070,none,0,15.0,20.0,4.1,C,-14.9
4071,medium,1,10.0,6.0,3.8,A,-18.4
4072,medium,1,40.0,16.0,5.4,B,-12.5
4073,high,0,5.0,3.0,9.8,B,14.9
4074,high,1,4.0,14.0,8.1,A,3.3
4075,medium,1,1.0,6.0,8.8,A,10.0
4076,low,1,20.0,17.0,9.9,C,14.6
4077,low,1,8.0,6.0,4.4,A,-14.6
4078,medium,2,22.0,1.0,8.2,A,2.0
4079,medium,1,6.0,5.0,9.4,C,12.8
4080,medium,2,6.0,3.0,6.7,D,-4.6
4081,medium,0,5.0,10.0,8.6,C,11.0
4082,low,2,13.0,8.0,8.8,A,6.7
4083,high,2,17.0,0.0,8.9,C,3.7
4084,medium,2,8.0,5.0,1.2,A,-100.0
4085,high,1,27.0,28.0,4.7,A,-17.6
4086,low,0,2.0,0.0,4.6,D,-10.4
4087,high,2,12.0,10.0,1.9,A,-100.0
4088,low,1,10.0,3.0,9.1,A,11.1
4089,medium,3,31.0,14.0,1.9,C,-100.0
4090,none,0,20.0,6.0,2.9,A,-100.0
4091,medium,1,4.0,2.0,6.2,A,-4.7
4092,high,1,26.0,0.0,3.9,A,-100.0
4093,high,0,10.0,14.0,5.1,D,-11.3
4094,none,1,23.0,4.0,3.1,C,-100.0
4095,low,3,30.0,13.0,6.5,C,-10.2
4096,medium,3,8.0,4.0,1.1,A,-100.0
4097,low,0,28.0,34.0,1.8,A,-100.0
4098,low,1,16.0,2.0,3.3,A,-100.0
4099,high,1,13.0,5.0,9.1,D,7.8
4100,high,2,4.0,10.0,9.3,D,7.3
4101,medium,1,12.0,3.0,9.9,B,14.9
4102,low,3,13.0,2.0,9.9,A,10.1
4103,medium,5,3.0,45.0,9.2,C,2.4
4104,medium,0,10.0,4.0,9.0,A,12.6
4105,medium,2,1.0,9.0,6.1,C,-7.4
4106,low,1,2.0,4.0,8.9,A,10.8
4107,low,0,2.0,1.0,6.3,A,-1.1
4108,high,1,12.0,17.0,8.6,A,5.2
4109,low,1,6.0,50.0,5.5,C,-7.9
4110,low,2,9.0,46.0,6.4,C,-5.8
4111,low,1,16.0,27.0,6.9,A,-1.4
4112,medium,1,21.0,10.0,5.1,A,-12.4
4113,none,2,19.0,6.0,9.0,B,6.5
4114,low,1,11.0,5.0,2.8,A,-100.0
4115,low,0,27.0,1.0,9.9,C,15.0
4116,medium,1,13.0,4.0,5.5,A,-9.4
4117,low,2,20.0,46.0,8.6,A,5.2
4118,medium,1,11.0,1.0,6.3,A,-4.8
4119,low,2,4.0,0.0,8.1,A,3.6
4120,medium,2,3.0,50.0,8.6,A,6.6
4121,none,1,14.0,4.0,9.8,A,13.9
4122,medium,1,7.0,5.0,9.8,A,14.9
4123,medium,1,10.0,9.0,6.1,C,-5.8
4124,high,0,4.0,6.0,8.5,A,7.9
4125,none,1,15.0,17.0,7.5,A,1.3
4126,none,2,12.0,9.0,9.0,B,7.3
4127,high,0,14.0,15.0,9.5,D,12.5
4128,high,0,7.0,41.0,3.9,A,-17.4
4129,high,0,12.0,18.0,3.4,A,-100.0
4130,high,3,29.0,9.0,3.4,C,-100.0
4131,high,2,3.0,3.0,5.3,A,-14.6
4132,low,2,29.0,15.0,4.6,A,-18.0
4133,high,2,16.0,18.0,1.3,A,-100.0
4134,medium,1,9.0,4.0,8.5,A,7.5
4135,high,3,12.0,3.0,6.4,A,-12.0
4136,high,0,1.0,14.0,5.6,A,-7.7
4137,medium,2,10.0,3.0,3.4,C,-100.0
4138,none,6,17.0,15.0,6.8,A,-15.3
4139,low,4,17.0,2.0,5.8,A,-15.3
4140,medium,3,2.0,6.0,4.5,C,-18.8
4141,none,3,5.0,22.0,7.3,C,-3.8
4142,medium,1,10.0,13.0,8.3,A,6.4
4143,low,2,6.0,46.0,1.8,C,-100.0
4144,none,1,6.0,3.0,8.9,B,9.8
4145,low,2,9.0,21.0,9.9,A,13.2
4146,medium,4,5.0,20.0,8.8,A,2.2
4147,medium,3,13.0,50.0,3.1,C,-100.0
4148,medium,1,29.0,3.0,7.8,A,1.6
4149,low,1,9.0,22.0,9.3,A,12.4
4150,high,1,12.0,19.0,7.2,B,-2.4
4151,low,0,,30.0,1.6,C,
4152,high,1,9.0,13.0,4.9,D,-14.8
4153,low,0,5.0,8.0,5.7,A,-4.6
4154,low,3,7.0,13.0,4.7,A,-17.7
4155,low,1,12.0,3.0,9.2,A,11.4
4156,none,5,8.0,3.0,9.0,A,0.1
4157,medium,0,27.0,23.0,3.4,A,-19.7
4158,high,1,10.0,6.0,7.5,A,-0.7
4159,low,0,7.0,33.0,3.5,C,-16.6
4160,medium,2,15.0,0.0,8.1,A,2.1
4161,low,1,10.0,12.0,5.2,A,-10.3
4162,high,2,5.0,3.0,1.1,A,-100.0
4163,low,0,5.0,11.0,8.1,B,8.6
4164,high,1,3.0,23.0,1.1,C,-100.0
4165,none,0,13.0,2.0,4.4,A,-13.2
4166,,2,12.0,15.0,7.5,D,-0.9
4167,high,1,4.0,16.0,6.0,A,-8.3
4168,low,4,13.0,50.0,1.4,A,-100.0
4169,low,2,11.0,50.0,9.9,C,13.3
4170,low,3,9.0,28.0,2.7,A,-100.0
4171,high,2,6.0,18.0,7.2,A,-4.3
4172,none,3,27.0,23.0,9.8,A,7.8
4173,low,4,21.0,5.0,3.7,A,-100.0
4174,high,0,4.0,3.0,7.7,A,3.5
4175,medium,1,13.0,3.0,2.1,A,-100.0
4176,medium,1,7.0,31.0,9.5,A,13.5
4177,medium,1,17.0,4.0,5.9,A,-7.6
4178,low,2,19.0,14.0,9.7,A,11.1
4179,high,1,4.0,0.0,5.1,A,-13.4
4180,high,4,17.0,0.0,3.9,A,-100.0
4181,high,3,2.0,2.0,1.6,A,-100.0
4182,high,1,16.0,11.0,3.7,C,-100.0
4183,high,2,9.0,24.0,7.7,A,-1.8
4184,high,0,27.0,2.0,2.3,A,-100.0
4185,medium,0,13.0,7.0,9.8,C,15.0
4186,high,2,16.0,9.0,8.7,A,2.8
4187,low,0,11.0,4.0,3.2,C,-19.0
4188,low,0,4.0,18.0,8.4,A,10.4
4189,none,0,6.0,0.0,1.5,A,-100.0
4190,high,2,8.0,4.0,1.2,A,-100.0
4191,medium,0,9.0,1.0,8.3,C,8.9
4192,medium,2,10.0,13.0,3.0,C,-100.0
4193,high,2,,22.0,3.3,C,
4194,medium,0,14.0,27.0,9.5,C,15.0
4195,low,1,14.0,1.0,2.4,B,-100.0
4196,high,2,11.0,5.0,9.9,A,9.9
4197,medium,2,13.0,5.0,2.5,C,-100.0
4198,high,1,5.0,2.0,4.0,A,-19.5
4199,medium,0,9.0,7.0,6.3,C,-2.1
4200,high,0,4.0,10.0,4.3,A,-15.2
4201,high,1,3.0,13.0,9.7,C,12.2
4202,,2,4.0,1.0,9.4,A,10.2
4203,medium,2,7.0,12.0,8.3,A,4.2
4204,medium,1,3.0,8.0,9.5,A,13.6
4205,high,1,15.0,13.0,9.3,C,8.8
4206,medium,2,17.0,7.0,8.7,C,5.3
4207,low,4,3.0,12.0,4.9,C,-18.8
4208,none,2,8.0,5.0,5.5,A,-11.6
4209,high,0,21.0,2.0,1.2,A,-100.0
4210,medium,1,5.0,32.0,4.5,A,-13.8
4211,medium,0,16.0,11.0,1.6,C,-100.0
4212,high,2,6.0,8.0,4.5,A,-19.3
4213,low,1,6.0,2.0,8.1,A,5.9
4214,low,3,21.0,13.0,8.3,A,0.7
4215,low,2,3.0,42.0,8.8,A,8.0
4216,high,1,7.0,3.0,2.1,B,-100.0
4217,medium,2,6.0,45.0,1.6,C,-100.0
4218,low,2,13.0,2.0,6.4,A,-6.6
4219,medium,0,10.0,9.0,3.3,A,-18.7
4220,low,4,19.0,18.0,7.9,A,-3.8
4221,medium,1,19.0,26.0,8.3,C,5.6
4222,medium,2,20.0,12.0,8.6,C,4.5
4223,none,2,2.0,15.0,9.5,A,11.1
4224,high,1,5.0,2.0,2.8,C,-100.0
4225,medium,2,10.0,9.0,9.9,C,12.6
4226,high,1,14.0,21.0,2.8,A,-100.0
4227,high,2,16.0,4.0,1.2,C,-100.0
4228,high,4,3.0,23.0,9.5,A,3.6
4229,high,3,6.0,21.0,9.2,A,4.2
4230,high,2,14.0,22.0,9.3,A,6.5
4231,high,1,4.0,6.0,3.7,A,-100.0
4232,high,2,15.0,21.0,8.4,A,1.4
4233,none,4,9.0,2.0,1.4,A,-100.0
4234,none,0,1.0,10.0,7.0,A,2.4
4235,high,2,11.0,3.0,2.4,A,-100.0
4236,medium,1,7.0,21.0,4.7,C,-13.0
4237,medium,1,5.0,7.0,10.0,A,15.0
4238,low,0,16.0,0.0,5.0,A,-9.6
4239,medium,2,16.0,3.0,1.4,A,-100.0
4240,,1,9.0,11.0,1.8,A,-100.0
4241,low,1,7.0,12.0,3.1,A,-100.0
4242,medium,0,10.0,8.0,7.9,C,6.6
4243,medium,2,10.0,1.0,7.2,A,-2.3
4244,medium,3,19.0,7.0,9.5,A,7.0
4245,none,3,16.0,1.0,8.8,A,3.2
4246,low,0,12.0,2.0,8.8,B,11.7
4247,high,0,23.0,50.0,2.9,A,-100.0
4248,medium,1,9.0,3.0,6.7,C,-2.4
4249,medium,2,21.0,36.0,2.1,A,-100.0
4250,high,1,8.0,1.0,1.5,A,-100.0
4251,high,0,19.0,10.0,7.2,A,-0.7
4252,low,3,7.0,2.0,9.1,A,6.4
4253,high,1,5.0,10.0,3.8,A,-100.0
4254,none,0,7.0,14.0,2.3,A,-100.0
4255,high,2,6.0,4.0,9.1,A,6.0
4256,low,1,11.0,1.0,10.0,A,15.0
4257,medium,0,21.0,9.0,1.2,C,-100.0
4258,medium,0,2.0,2.0,5.4,B,-6.4
4259,medium,0,6.0,8.0,7.2,B,3.2
4260,high,2,14.0,5.0,9.0,A,4.6
4261,high,1,9.0,3.0,1.8,C,-100.0
4262,high,0,11.0,7.0,7.6,A,2.2
4263,high,1,4.0,8.0,9.9,C,13.1
4264,high,0,11.0,6.0,1.8,A,-100.0
4265,none,2,10.0,0.0,4.3,C,-18.5
4266,none,1,6.0,0.0,3.0,A,-100.0
4267,low,0,14.0,12.0,6.4,A,-1.6
4268,medium,1,18.0,3.0,9.5,A,12.1
4269,medium,4,24.0,0.0,1.4,A,-100.0
4270,low,4,4.0,16.0,8.0,C,-1.8
4271,low,1,11.0,10.0,3.8,A,-18.1
4272,none,3,12.0,6.0,8.8,A,3.6
4273,low,0,11.0,34.0,8.4,C,9.9
4274,low,0,6.0,5.0,2.1,C,-100.0
4275,low,4,6.0,20.0,7.4,D,-5.2
4276,high,1,13.0,4.0,5.9,A,-9.8
4277,medium,2,9.0,1.0,1.9,A,-100.0
4278,medium,2,12.0,50.0,4.6,A,-16.3
4279,high,0,5.0,5.0,9.9,A,15.0
4280,low,3,19.0,8.0,8.1,A,-0.3
4281,none,1,15.0,6.0,10.0,A,14.9
4282,high,0,11.0,19.0,9.1,C,10.6
4283,medium,2,5.0,0.0,2.3,C,-100.0
4284,medium,1,3.0,15.0,2.8,A,-100.0
4285,low,1,22.0,40.0,4.4,A,-15.6
4286,high,1,4.0,4.0,9.7,A,12.0
4287,low,0,13.0,16.0,5.7,A,-5.3
4288,medium,2,6.0,50.0,4.7,A,-15.2
4289,low,1,8.0,50.0,8.2,A,6.8
4290,medium,0,10.0,9.0,3.4,A,-18.1
4291,medium,1,19.0,2.0,9.4,A,11.4
4292,medium,2,19.0,0.0,8.6,A,4.5
4293,high,1,10.0,0.0,5.0,A,-14.5
4294,low,0,11.0,6.0,5.5,A,-6.3
4295,high,2,9.0,1.0,9.3,B,6.7
4296,high,1,14.0,12.0,5.1,C,-14.3
4297,low,0,9.0,6.0,6.1,A,-2.8
4298,none,2,27.0,6.0,3.9,A,-100.0
4299,medium,2,7.0,6.0,9.9,C,12.9
4300,none,4,6.0,0.0,8.1,C,-2.2
4301,medium,1,7.0,1.0,8.3,A,6.6
4302,low,3,5.0,42.0,9.3,D,8.0
4303,medium,1,12.0,42.0,4.2,B,-16.1
4304,medium,2,13.0,25.0,8.5,A,4.8
4305,low,1,21.0,50.0,8.7,A,8.2
4306,low,2,8.0,14.0,2.5,C,-100.0
4307,high,2,2.0,12.0,1.5,A,-100.0
4308,high,0,7.0,19.0,3.0,A,-100.0
4309,low,1,5.0,24.0,8.5,A,8.5
4310,high,1,4.0,1.0,4.4,A,-17.2
4311,medium,1,16.0,1.0,4.2,A,-16.9
4312,high,1,6.0,9.0,8.3,C,4.1
4313,medium,0,7.0,3.0,8.8,C,11.8
4314,medium,1,3.0,10.0,4.7,C,-12.7
4315,medium,0,21.0,2.0,6.7,A,-1.1
4316,none,0,5.0,13.0,1.8,A,-100.0
4317,low,2,12.0,5.0,2.8,C,-100.0
4318,none,0,2.0,1.0,6.5,C,-0.6
4319,medium,1,28.0,30.0,1.4,A,-100.0
4320,low,0,8.0,8.0,5.1,A,-8.2
4321,none,0,6.0,16.0,9.8,A,15.0
4322,high,1,23.0,2.0,4.7,A,-17.4
4323,,1,9.0,2.0,3.2,A,-100.0
4324,high,1,7.0,8.0,4.1,B,-19.1
4325,high,2,5.0,1.0,4.6,C,-18.7
4326,low,2,11.0,12.0,3.1,A,-100.0
4327,low,1,1.0,21.0,7.1,D,1.1
4328,medium,4,4.0,27.0,9.8,A,7.9
4329,medium,2,25.0,2.0,6.9,A,-5.4
4330,medium,4,8.0,12.0,8.9,A,2.4
4331,low,2,2.0,0.0,2.6,C,-100.0
4332,medium,1,6.0,13.0,8.5,A,7.9
4333,none,1,2.0,4.0,9.2,A,11.8
4334,high,0,0.0,11.0,9.0,C,11.1
4335,none,1,1.0,5.0,7.6,D,3.1
4336,high,0,7.0,3.0,2.7,A,-100.0
4337,medium,2,5.0,2.0,4.6,A,-16.1
4338,low,4,1.0,16.0,6.6,A,-9.2
4339,medium,1,9.0,7.0,3.6,A,-19.4
4340,low,5,4.0,13.0,7.0,A,-9.8
4341,low,3,21.0,47.0,7.0,A,-6.2
4342,low,0,7.0,3.0,9.8,A,15.0
4343,none,0,23.0,8.0,5.3,A,-9.2
4344,high,1,11.0,6.0,8.7,A,5.8
4345,high,3,7.0,8.0,7.6,C,-4.8
4346,high,1,2.0,7.0,6.6,B,-4.9
4347,low,1,9.0,0.0,4.9,B,-12.0
4348,high,1,3.0,2.0,7.3,B,-1.2
4349,low,3,6.0,4.0,6.8,B,-6.2
4350,none,4,20.0,1.0,9.4,B,3.6
4351,low,2,9.0,6.0,3.3,D,-100.0
4352,medium,2,16.0,0.0,8.0,A,1.5
4353,medium,2,13.0,9.0,8.8,A,6.3
4354,none,0,9.0,23.0,2.7,A,-100.0
4355,high,0,14.0,11.0,1.5,C,-100.0
4356,high,1,11.0,2.0,3.4,A,-100.0
4357,high,1,6.0,20.0,6.4,C,-6.2
4358,medium,4,5.0,7.0,9.0,C,3.2
4359,high,1,7.0,1.0,1.9,C,-100.0
4360,high,2,5.0,5.0,8.5,A,2.8
4361,low,2,16.0,19.0,9.9,C,12.5
4362,medium,4,9.0,3.0,8.3,A,-1.1
4363,medium,0,7.0,5.0,8.4,C,9.6
4364,medium,2,7.0,5.0,9.4,B,10.2
4365,low,2,8.0,7.0,5.4,A,-11.5
4366,high,2,11.0,2.0,9.4,A,7.1
4367,medium,1,30.0,28.0,7.1,C,-2.1
4368,high,2,20.0,2.0,7.3,C,-5.4
4369,medium,1,16.0,25.0,6.9,A,-1.8
4370,none,2,8.0,8.0,8.1,C,2.7
4371,none,3,6.0,0.0,9.4,A,7.5
4372,,1,6.0,18.0,9.3,C,12.1
4373,medium,2,7.0,19.0,4.3,A,-17.8
4374,high,0,28.0,20.0,9.3,A,10.0
4375,low,0,21.0,16.0,6.0,A,-4.5
4376,high,4,3.0,4.0,5.1,C,-100.0
4377,low,0,3.0,4.0,2.6,A,-100.0
4378,low,2,15.0,8.0,4.3,A,-18.3
4379,high,4,22.0,14.0,4.3,A,-100.0
4380,medium,1,12.0,1.0,,D,
4381,low,0,31.0,22.0,1.4,A,-100.0
4382,high,0,15.0,27.0,9.9,A,14.7
4383,,1,8.0,34.0,9.4,C,12.6
4384,medium,3,8.0,12.0,1.7,C,-100.0
4385,high,2,1.0,10.0,8.6,B,3.8
4386,,1,39.0,8.0,9.9,A,12.0
4387,low,2,16.0,4.0,9.9,A,12.4
4388,low,2,8.0,3.0,3.3,C,-100.0
4389,high,2,6.0,5.0,2.8,A,-100.0
4390,low,1,14.0,2.0,3.0,A,-100.0
4391,high,0,5.0,1.0,6.1,B,-5.5
4392,high,0,16.0,16.0,6.7,A,-3.1
4393,none,2,7.0,37.0,5.6,C,-10.7
4394,low,1,5.0,21.0,8.3,A,7.3
4395,none,2,9.0,4.0,5.7,B,-10.6
4396,,1,5.0,5.0,6.8,A,-1.7
4397,medium,2,10.0,7.0,9.0,C,7.7
4398,high,0,21.0,3.0,8.8,A,7.8
4399,medium,1,9.0,21.0,5.3,D,-9.9
4400,medium,2,11.0,2.0,8.9,C,7.0
4401,,2,7.0,25.0,1.2,C,-100.0
4402,high,2,11.0,29.0,8.2,A,0.8
4403,low,3,9.0,9.0,6.5,A,-8.1
4404,none,1,3.0,50.0,5.4,B,-8.7
4405,high,0,7.0,4.0,10.0,A,15.0
4406,low,0,7.0,4.0,5.0,B,-8.7
4407,medium,1,22.0,6.0,9.7,A,12.8
4408,medium,0,29.0,4.0,8.1,B,5.8
4409,medium,0,1.0,6.0,2.0,A,-100.0
4410,low,1,8.0,15.0,5.2,B,-10.1
4411,low,1,1.0,6.0,9.7,A,15.0
4412,low,2,12.0,11.0,3.7,A,-100.0
4413,low,2,6.0,10.0,3.3,A,-100.0
4414,high,1,6.0,22.0,8.5,A,5.3
4415,medium,3,8.0,19.0,4.5,B,-19.3
4416,medium,0,10.0,12.0,10.0,C,15.0
4417,high,0,11.0,18.0,9.4,A,12.3
4418,low,2,8.0,23.0,6.9,A,-3.2
4419,,1,8.0,13.0,3.0,C,-100.0
4420,medium,0,2.0,2.0,9.7,B,15.0
4421,low,0,6.0,26.0,2.3,B,-100.0
4422,medium,4,11.0,11.0,9.7,A,6.5
4423,low,3,3.0,2.0,9.7,A,10.0
4424,high,1,4.0,1.0,8.8,A,7.0
4425,low,0,26.0,14.0,7.5,C,3.3
4426,medium,0,14.0,12.0,8.8,B,11.2
4427,none,0,6.0,13.0,9.6,C,15.0
4428,high,2,5.0,8.0,3.5,A,-100.0
4429,none,1,17.0,10.0,9.0,C,9.3
4430,low,1,8.0,19.0,9.2,C,12.0
4431,low,1,8.0,4.0,9.6,A,14.0
4432,low,2,8.0,25.0,7.9,B,2.4
4433,medium,2,7.0,9.0,9.3,C,9.6
4434,medium,0,3.0,6.0,9.3,B,15.0
4435,none,0,17.0,14.0,6.3,A,-3.0
4436,low,2,16.0,1.0,9.6,A,10.7
4437,medium,2,21.0,1.0,1.2,B,-100.0
4438,high,3,13.0,10.0,7.5,A,-6.0
4439,high,2,14.0,35.0,5.8,A,-12.7
4440,medium,3,9.0,2.0,1.5,A,-100.0
4441,high,3,15.0,7.0,8.7,C,0.4
4442,none,2,10.0,7.0,3.9,A,-100.0
4443,,2,2.0,7.0,6.0,A,-8.2
4444,high,2,,7.0,2.9,C,
4445,high,1,13.0,3.0,2.9,A,-100.0
4446,high,2,9.0,5.0,1.4,A,-100.0
4447,high,1,7.0,7.0,8.5,A,5.1
4448,low,3,15.0,4.0,6.5,A,-8.7
4449,high,2,7.0,1.0,8.2,A,0.9
4450,none,2,6.0,41.0,6.4,A,-6.1
4451,low,0,5.0,1.0,8.1,C,8.5
4452,high,2,20.0,9.0,9.4,C,6.3
4453,medium,2,11.0,3.0,8.9,C,7.0
4454,high,0,10.0,1.0,3.5,D,-100.0
4455,high,1,4.0,2.0,5.9,A,-8.9
4456,medium,2,18.0,7.0,2.5,A,-100.0
4457,medium,2,14.0,2.0,9.5,A,10.0
4458,medium,2,12.0,4.0,5.9,A,-9.6
4459,low,1,2.0,13.0,2.9,A,-100.0
4460,high,0,5.0,13.0,8.1,B,5.7
4461,high,2,32.0,27.0,7.2,D,-6.9
4462,low,1,6.0,2.0,5.9,A,-6.2
4463,none,1,18.0,0.0,5.4,C,-10.7
4464,high,0,11.0,0.0,5.8,C,-7.7
4465,medium,1,23.0,28.0,9.8,A,13.5
4466,high,1,16.0,6.0,3.5,C,-100.0
4467,none,1,10.0,3.0,2.8,C,-100.0
4468,low,0,11.0,14.0,6.2,A,-2.4
4469,high,2,13.0,31.0,9.0,C,5.0
4470,medium,3,3.0,13.0,8.5,D,3.2
4471,high,2,7.0,4.0,1.4,A,-100.0
4472,medium,0,13.0,24.0,2.4,A,-100.0
4473,none,1,6.0,16.0,5.8,A,-7.2
4474,low,2,,13.0,9.2,C,
4475,medium,2,,24.0,9.8,C,
4476,medium,1,17.0,0.0,2.8,C,-100.0
4477,none,0,13.0,19.0,9.8,B,15.0
4478,low,2,1.0,9.0,9.6,A,12.3
4479,medium,0,10.0,3.0,6.0,C,-3.9
4480,none,2,26.0,7.0,9.1,C,6.4
4481,high,3,6.0,13.0,4.8,A,-100.0
4482,high,1,15.0,10.0,3.4,A,-100.0
4483,medium,1,15.0,9.0,4.7,A,-14.0
4484,low,1,10.0,8.0,4.1,C,-16.4
4485,medium,1,2.0,5.0,3.3,C,-100.0
4486,low,3,1.0,2.0,7.9,A,0.3
4487,high,0,14.0,12.0,3.7,A,-19.5
4488,high,2,7.0,16.0,6.3,B,-9.4
4489,high,0,6.0,10.0,2.1,A,-100.0
4490,,2,7.0,9.0,2.8,A,-100.0
4491,low,0,13.0,20.0,9.0,A,12.9
4492,low,0,5.0,4.0,1.4,B,-100.0
4493,medium,0,4.0,1.0,2.2,A,-100.0
4494,medium,1,27.0,1.0,4.2,A,-18.0
4495,high,0,14.0,10.0,2.5,A,-100.0
4496,high,3,10.0,14.0,9.1,A,3.2
4497,medium,0,8.0,1.0,9.4,A,15.0
4498,none,2,23.0,3.0,2.3,A,-100.0
4499,high,2,7.0,27.0,8.9,A,5.0
4500,low,4,7.0,1.0,9.4,A,5.5
4501,medium,0,1.0,2.0,5.0,A,-8.5
4502,medium,5,7.0,11.0,1.9,C,-100.0
4503,none,2,10.0,15.0,3.3,A,-100.0
4504,medium,0,11.0,23.0,1.4,A,-100.0
4505,high,1,2.0,6.0,2.3,A,-100.0
4506,low,0,9.0,1.0,9.4,A,15.0
4507,high,4,6.0,2.0,8.8,C,-0.7
4508,medium,2,19.0,6.0,3.7,A,-100.0
4509,medium,0,14.0,17.0,3.1,B,-100.0
4510,medium,0,5.0,5.0,3.0,C,-19.8
4511,high,3,12.0,3.0,2.9,C,-100.0
4512,low,2,5.0,4.0,9.1,A,9.1
4513,high,3,5.0,2.0,3.1,C,-100.0
4514,medium,0,13.0,21.0,6.4,A,-1.8
4515,none,0,12.0,8.0,1.1,A,-100.0
4516,low,0,12.0,5.0,6.9,A,1.3
4517,low,1,4.0,12.0,3.6,B,-18.5
4518,low,2,18.0,37.0,6.2,A,-7.9
4519,none,1,11.0,42.0,3.7,A,-19.0
4520,none,1,5.0,12.0,6.2,A,-4.9
4521,none,0,12.0,21.0,8.0,A,6.9
4522,none,2,14.0,6.0,1.7,C,-100.0
4523,none,4,5.0,36.0,1.5,B,-100.0
4524,low,0,16.0,0.0,8.4,A,9.1
4525,medium,0,15.0,0.0,7.4,D,3.3
4526,high,1,8.0,11.0,9.7,A,11.6
4527,medium,1,10.0,17.0,9.1,A,10.8
4528,low,1,5.0,2.0,8.1,D,6.0
4529,low,1,9.0,1.0,3.2,A,-100.0
4530,low,1,38.0,33.0,1.3,C,-100.0
4531,low,3,7.0,5.0,3.0,A,-100.0
4532,high,0,5.0,23.0,2.4,B,-100.0
4533,medium,2,10.0,42.0,8.9,A,7.5
4534,high,3,28.0,3.0,2.9,A,-100.0
4535,none,0,3.0,4.0,4.9,A,-9.4
4536,low,0,4.0,3.0,8.7,A,12.0
4537,medium,3,29.0,22.0,8.5,B,0.7
4538,medium,3,13.0,4.0,8.6,A,2.6
4539,high,0,4.0,3.0,9.0,A,10.6
4540,high,2,10.0,3.0,3.8,A,-100.0
4541,high,3,11.0,14.0,9.7,A,6.4
4542,low,1,9.0,28.0,6.5,A,-2.9
4543,high,0,3.0,0.0,8.3,B,6.8
4544,high,1,11.0,3.0,3.4,A,-100.0
4545,low,1,11.0,0.0,7.0,A,-0.6
4546,low,3,,2.0,1.2,C,
4547,low,1,27.0,17.0,3.1,C,-100.0
4548,low,2,4.0,18.0,9.3,A,10.4
4549,high,2,15.0,8.0,5.6,A,-14.1
4550,,4,6.0,8.0,7.4,A,-5.9
4551,low,3,7.0,27.0,4.9,A,-16.5
4552,medium,1,12.0,20.0,8.4,A,6.8
4553,medium,1,13.0,15.0,6.2,A,-5.5
4554,medium,1,8.0,20.0,4.6,B,-13.7
4555,medium,0,12.0,2.0,9.7,A,15.0
4556,medium,1,14.0,7.0,8.5,A,7.0
4557,low,1,23.0,24.0,3.9,A,-18.6
4558,low,2,22.0,0.0,5.9,A,-10.3
4559,low,0,17.0,2.0,7.7,B,5.1
4560,high,1,7.0,27.0,5.4,A,-11.8
4561,high,2,10.0,0.0,8.2,A,0.6
4562,high,3,2.0,10.0,,A,
4563,low,3,4.0,1.0,,D,
4564,none,2,5.0,25.0,9.2,A,9.2
4565,low,1,9.0,6.0,6.8,C,-1.5
4566,low,2,5.0,6.0,3.2,A,-100.0
4567,low,4,12.0,6.0,9.2,A,3.9
4568,medium,0,10.0,11.0,6.6,A,-0.5
4569,none,5,8.0,3.0,7.8,A,-6.5
4570,low,0,17.0,6.0,6.4,A,-2.0
4571,high,1,2.0,19.0,8.4,C,5.2
4572,none,0,2.0,3.0,1.4,A,-100.0
4573,low,2,4.0,22.0,10.0,C,14.3
4574,high,2,2.0,25.0,8.3,A,2.2
4575,high,1,2.0,3.0,9.9,A,13.3
4576,medium,1,8.0,18.0,8.8,A,9.4
4577,medium,1,7.0,24.0,8.1,A,5.7
4578,medium,1,5.0,2.0,7.1,A,0.2
4579,low,0,15.0,2.0,9.0,A,12.5
4580,low,1,7.0,9.0,1.9,C,-100.0
4581,high,3,14.0,10.0,6.7,A,-10.5
4582,none,1,12.0,24.0,7.4,C,1.1
4583,low,0,2.0,4.0,1.8,A,-100.0
4584,medium,1,1.0,1.0,2.0,A,-100.0
4585,none,0,11.0,1.0,7.6,A,4.6
4586,low,2,9.0,6.0,2.7,A,-100.0
4587,low,1,2.0,2.0,9.7,A,15.0
4588,,1,12.0,5.0,9.6,B,13.0
4589,medium,2,16.0,1.0,10.0,A,12.5
4590,medium,1,5.0,6.0,3.5,C,-19.6
4591,none,2,13.0,30.0,6.7,A,-5.3
4592,high,1,4.0,0.0,9.7,A,11.9
4593,medium,2,4.0,19.0,7.0,B,-2.6
4594,none,1,2.0,49.0,6.0,A,-5.3
4595,none,0,7.0,4.0,9.9,A,15.0
4596,low,0,3.0,0.0,5.8,A,-3.9
4597,high,2,18.0,13.0,6.1,A,-11.6
4598,none,1,10.0,1.0,6.9,A,-1.7
4599,high,4,15.0,50.0,5.6,A,-18.7
4600,high,1,3.0,12.0,2.3,D,-100.0
4601,high,1,1.0,21.0,4.5,A,-16.2
4602,none,2,8.0,17.0,7.7,A,0.6
4603,none,2,5.0,16.0,6.0,A,-8.5
4604,medium,3,5.0,11.0,2.2,A,-100.0
4605,high,0,7.0,3.0,2.8,A,-100.0
4606,medium,1,31.0,19.0,9.4,A,10.4
4607,high,0,5.0,11.0,7.9,A,4.5
4608,high,2,7.0,1.0,9.3,A,6.9
4609,low,1,21.0,18.0,1.3,C,-100.0
4610,low,4,15.0,14.0,9.2,A,3.7
4611,low,1,5.0,1.0,8.8,C,9.9
4612,medium,1,11.0,1.0,2.0,A,-100.0
4613,low,1,5.0,9.0,6.4,A,-3.2
4614,medium,0,39.0,2.0,1.6,A,-100.0
4615,medium,2,7.0,1.0,9.7,A,11.8
4616,high,4,13.0,14.0,2.7,C,-100.0
4617,high,3,4.0,48.0,9.8,A,8.0
4618,medium,0,8.0,8.0,7.5,A,4.6
4619,none,0,13.0,2.0,8.1,C,7.1
4620,,0,5.0,7.0,2.3,D,-100.0
4621,medium,3,9.0,14.0,7.9,C,-0.7
4622,high,1,4.0,0.0,9.2,A,9.2
4623,high,2,2.0,2.0,2.1,A,-100.0
4624,low,3,6.0,4.0,4.8,B,-17.2
4625,high,3,4.0,10.0,1.1,C,-100.0
4626,medium,0,7.0,2.0,3.3,A,-18.4
4627,high,4,21.0,16.0,7.8,C,-7.6
4628,high,1,7.0,3.0,5.4,C,-12.0
4629,none,1,21.0,19.0,3.3,D,-100.0
4630,low,1,17.0,6.0,1.1,A,-100.0
4631,low,2,5.0,7.0,7.5,A,0.3
4632,medium,1,5.0,4.0,7.9,A,4.6
4633,low,1,14.0,8.0,6.1,C,-5.8
4634,high,2,6.0,10.0,6.7,A,-7.2
4635,high,0,6.0,11.0,6.7,C,-2.2
4636,,1,24.0,14.0,8.5,A,5.9
4637,medium,1,13.0,9.0,2.9,D,-100.0
4638,low,1,8.0,4.0,8.1,C,5.8
4639,medium,2,19.0,1.0,8.8,A,5.6
4640,high,2,3.0,3.0,9.4,A,7.9
4641,high,0,7.0,21.0,9.8,A,14.9
4642,low,0,8.0,8.0,9.5,C,15.0
4643,none,1,7.0,15.0,6.9,B,-1.2
4644,low,4,1.0,4.0,,A,
4645,high,1,15.0,50.0,3.5,C,-100.0
4646,medium,0,2.0,7.0,2.8,A,-100.0
4647,high,2,6.0,16.0,8.6,A,3.3
4648,low,1,37.0,6.0,3.4,A,-100.0
4649,low,1,1.0,16.0,10.0,B,15.0
4650,high,3,4.0,22.0,4.4,A,-100.0
4651,high,2,7.0,14.0,9.7,A,9.3
4652,none,1,8.0,6.0,7.0,A,-0.9
4653,low,1,30.0,1.0,1.1,A,-100.0
4654,high,0,4.0,8.0,7.5,A,2.4
4655,low,0,16.0,6.0,6.0,C,-4.1
4656,high,0,14.0,14.0,1.8,A,-100.0
4657,high,2,10.0,24.0,8.8,A,4.1
4658,low,0,8.0,14.0,3.5,A,-16.9
4659,low,3,1.0,3.0,9.2,A,7.5
4660,high,3,4.0,26.0,8.1,A,-1.6
4661,medium,0,9.0,50.0,7.2,A,3.3
4662,high,1,11.0,12.0,2.9,A,-100.0
4663,medium,1,4.0,11.0,3.5,C,-19.4
4664,high,0,6.0,23.0,8.8,A,9.5
4665,high,2,12.0,20.0,2.2,C,-100.0
4666,medium,0,22.0,21.0,2.1,A,-100.0
4667,medium,1,29.0,2.0,9.7,B,12.1
4668,medium,1,2.0,10.0,2.6,A,-100.0
4669,none,6,8.0,9.0,8.1,C,-7.3
4670,high,3,6.0,33.0,8.6,A,1.0
4671,none,2,8.0,29.0,3.1,A,-100.0
4672,none,2,19.0,27.0,5.6,C,-12.0
4673,none,1,3.0,12.0,8.8,B,9.6
4674,none,1,12.0,10.0,4.6,A,-14.4
4675,high,2,14.0,20.0,5.9,A,-12.3
4676,none,1,14.0,13.0,5.5,A,-9.6
4677,medium,1,2.0,17.0,,A,
4678,medium,0,2.0,0.0,1.8,A,-100.0
4679,high,3,17.0,12.0,7.0,A,-9.1
4680,medium,0,17.0,18.0,10.0,A,15.0
4681,high,2,8.0,14.0,8.5,A,2.6
4682,none,2,20.0,8.0,3.7,A,-100.0
4683,high,0,1.0,17.0,8.7,A,9.4
4684,low,2,12.0,7.0,8.6,A,5.6
4685,high,1,5.0,5.0,6.1,C,-7.9
4686,high,2,2.0,5.0,8.6,A,3.6
4687,low,2,13.0,7.0,8.2,A,3.3
4688,low,0,3.0,6.0,3.0,C,-19.3
4689,low,4,7.0,21.0,8.2,C,-0.9
4690,high,3,14.0,7.0,6.7,A,-10.5
4691,medium,0,,14.0,9.1,C,
4692,medium,1,22.0,6.0,7.9,C,2.9
4693,high,2,5.0,8.0,7.6,A,-2.1
4694,high,4,19.0,15.0,6.3,C,-15.6
4695,none,2,19.0,2.0,8.9,C,5.9
4696,high,0,8.0,0.0,6.6,C,-3.0
4697,medium,2,12.0,23.0,9.8,A,12.0
4698,high,0,7.0,1.0,4.4,C,-15.0
4699,high,2,11.0,48.0,9.7,A,9.2
4700,medium,2,4.0,48.0,1.6,A,-100.0
4701,none,0,6.0,3.0,5.7,A,-5.3
4702,high,2,17.0,4.0,3.5,A,-100.0
4703,low,3,22.0,13.0,8.4,A,1.1
4704,low,2,8.0,29.0,3.0,B,-100.0
4705,high,3,8.0,9.0,9.8,A,7.2
4706,none,3,15.0,41.0,9.7,A,8.6
4707,low,1,11.0,33.0,8.9,A,10.2
4708,low,2,10.0,7.0,9.2,C,9.1
4709,low,0,11.0,17.0,8.4,C,9.7
4710,low,0,2.0,30.0,9.7,A,15.0
4711,none,3,2.0,9.0,7.8,A,-0.8
4712,low,1,26.0,2.0,5.3,A,-11.5
4713,medium,0,15.0,5.0,7.0,B,1.1
4714,high,2,3.0,3.0,3.5,D,-100.0
4715,low,3,9.0,27.0,5.6,A,-12.8
4716,none,1,7.0,36.0,1.3,A,-100.0
4717,low,2,,11.0,4.9,C,
4718,low,0,6.0,5.0,9.4,A,15.0
4719,high,1,18.0,12.0,3.0,A,-100.0
4720,low,1,8.0,0.0,9.3,A,12.3
4721,none,4,6.0,2.0,2.9,A,-100.0
4722,low,2,10.0,5.0,9.6,A,11.3
4723,high,1,10.0,0.0,8.6,A,5.3
4724,,3,6.0,10.0,4.5,A,-19.4
4725,high,3,14.0,4.0,4.6,C,-100.0
4726,medium,2,3.0,50.0,4.1,C,-18.2
4727,high,1,20.0,2.0,2.3,A,-100.0
4728,medium,1,29.0,13.0,6.3,B,-6.5
4729,medium,1,10.0,32.0,9.2,A,11.5
4730,none,1,6.0,6.0,3.1,A,-100.0
4731,high,0,6.0,2.0,1.4,D,-100.0
4732,low,2,10.0,13.0,1.5,A,-100.0
4733,none,0,3.0,3.0,1.4,A,-100.0
4734,high,1,12.0,3.0,9.2,C,8.4
4735,medium,0,18.0,8.0,6.7,A,-0.8
4736,medium,3,3.0,8.0,1.3,A,-100.0
4737,low,1,8.0,8.0,1.1,D,-100.0
4738,none,2,9.0,31.0,8.9,B,7.2
4739,low,1,22.0,50.0,5.9,D,-7.3
4740,none,1,6.0,35.0,3.8,A,-18.0
4741,,0,17.0,44.0,7.7,A,5.0
4742,medium,5,18.0,1.0,2.8,A,-100.0
4743,high,2,,9.0,5.0,C,
4744,low,2,3.0,2.0,4.1,A,-18.3
4745,low,1,11.0,13.0,6.5,A,-3.3
4746,high,4,3.0,3.0,3.8,B,-100.0
4747,high,0,15.0,5.0,9.6,A,12.8
4748,medium,1,7.0,2.0,9.8,A,14.8
4749,,1,4.0,7.0,1.6,A,-100.0
4750,high,0,3.0,12.0,6.1,A,-5.1
4751,medium,2,8.0,44.0,6.5,A,-5.5
4752,high,1,16.0,8.0,6.6,D,-6.2
4753,high,1,12.0,16.0,9.4,D,9.6
4754,none,2,2.0,2.0,2.5,C,-100.0
4755,medium,2,14.0,0.0,1.1,A,-100.0
4756,high,2,6.0,41.0,9.1,A,6.3
4757,low,2,4.0,7.0,7.7,B,1.5
4758,medium,2,14.0,9.0,2.7,B,-100.0
4759,none,0,8.0,0.0,2.2,A,-100.0
4760,none,2,5.0,26.0,1.1,A,-100.0
4761,low,7,15.0,5.0,1.9,A,-100.0
4762,,1,2.0,2.0,,B,
4763,low,2,10.0,0.0,3.6,A,-100.0
4764,medium,1,4.0,1.0,8.2,B,6.3
4765,low,0,37.0,2.0,5.1,B,-11.2
4766,high,2,6.0,13.0,2.4,D,-100.0
4767,none,2,3.0,33.0,5.1,A,-13.0
4768,low,2,8.0,5.0,1.0,A,-100.0
4769,low,3,17.0,9.0,7.4,A,-3.9
4770,medium,3,5.0,0.0,2.7,A,-100.0
4771,low,2,7.0,3.0,9.8,C,12.7
4772,high,0,3.0,1.0,9.3,A,12.3
4773,medium,0,12.0,3.0,7.9,A,6.4
4774,high,2,24.0,3.0,3.8,A,-100.0
4775,medium,3,17.0,11.0,3.6,A,-100.0
4776,high,1,25.0,30.0,2.4,A,-100.0
4777,high,2,3.0,7.0,3.9,C,-100.0
4778,medium,1,10.0,4.0,1.9,A,-100.0
4779,none,1,6.0,18.0,9.3,A,12.1
4780,,1,14.0,1.0,9.4,B,11.7
4781,medium,1,3.0,10.0,1.4,A,-100.0
4782,medium,0,12.0,10.0,2.1,A,-100.0
4783,high,0,14.0,4.0,9.4,A,11.8
4784,high,0,17.0,41.0,10.0,A,15.0
4785,high,2,14.0,47.0,4.1,A,-100.0
4786,low,1,25.0,8.0,9.2,C,10.2
4787,medium,4,18.0,9.0,9.5,A,4.6
4788,none,2,16.0,7.0,9.3,A,8.5
4789,low,0,12.0,39.0,8.4,A,9.9
4790,high,4,20.0,17.0,8.8,A,-2.0
4791,none,2,27.0,7.0,8.3,A,1.9
4792,medium,1,17.0,13.0,8.1,A,4.6
4793,low,3,27.0,4.0,3.6,C,-100.0
4794,high,1,11.0,3.0,3.8,A,-100.0
4795,low,2,6.0,44.0,1.9,A,-100.0
4796,none,3,11.0,4.0,7.8,A,-1.8
4797,low,3,4.0,2.0,7.2,D,-3.8
4798,low,5,5.0,18.0,8.6,D,-1.0
4799,high,1,10.0,26.0,6.3,A,-7.1
4800,none,1,4.0,31.0,8.3,A,6.9
4801,low,3,18.0,1.0,1.2,A,-100.0
4802,low,3,20.0,1.0,10.0,C,10.0
4803,high,3,8.0,2.0,3.9,B,-100.0
4804,low,0,5.0,17.0,3.1,A,-18.8
4805,none,0,3.0,2.0,7.3,A,3.7
4806,medium,1,,25.0,8.3,C,
4807,none,1,16.0,7.0,3.1,A,-100.0
4808,medium,0,9.0,8.0,1.3,A,-100.0
4809,low,2,2.0,4.0,9.1,D,9.4
4810,high,1,2.0,1.0,2.4,A,-100.0
4811,low,0,19.0,25.0,7.6,A,4.6
4812,high,2,11.0,1.0,9.4,A,7.1
4813,low,2,5.0,27.0,5.3,C,-11.6
4814,medium,0,19.0,38.0,8.6,A,9.9
4815,low,1,9.0,35.0,8.9,A,10.4
4816,high,1,5.0,2.0,3.5,A,-100.0
4817,medium,3,9.0,12.0,2.9,C,-100.0
4818,none,0,7.0,15.0,9.1,A,13.4
4819,none,5,6.0,7.0,1.0,B,-100.0
4820,high,0,8.0,8.0,9.2,A,11.4
4821,none,1,15.0,3.0,8.8,C,8.3
4822,medium,0,5.0,10.0,2.5,B,-100.0
4823,high,1,4.0,1.0,1.4,A,-100.0
4824,medium,5,11.0,5.0,4.5,A,-100.0
4825,none,3,3.0,22.0,4.0,C,-100.0
4826,high,2,3.0,17.0,8.1,A,0.9
4827,none,0,5.0,4.0,3.4,A,-17.9
4828,low,1,3.0,3.0,1.3,B,-100.0
4829,high,2,6.0,15.0,2.0,A,-100.0
4830,low,2,40.0,38.0,8.6,A,3.2
4831,low,0,21.0,2.0,9.5,C,14.6
4832,,2,28.0,10.0,3.8,A,-100.0
4833,medium,3,10.0,6.0,9.7,A,9.0
4834,low,1,8.0,26.0,9.0,C,10.9
4835,low,0,21.0,11.0,3.7,C,-17.2
4836,none,0,14.0,2.0,8.2,A,7.6
4837,low,1,3.0,11.0,8.4,A,8.0
4838,high,1,15.0,9.0,3.8,B,-100.0
4839,medium,0,25.0,7.0,8.4,A,7.9
4840,low,2,3.0,19.0,2.9,A,-100.0
4841,low,0,5.0,2.0,6.4,A,-0.8
4842,low,0,2.0,22.0,4.7,A,-9.7
4843,high,1,9.0,3.0,8.6,A,5.4
4844,low,1,6.0,32.0,3.3,C,-100.0
4845,none,1,2.0,10.0,6.4,C,-3.5
4846,low,2,7.0,8.0,1.3,C,-100.0
4847,low,1,7.0,13.0,3.8,A,-17.7
4848,low,0,10.0,6.0,9.4,A,15.0
4849,high,1,18.0,2.0,5.1,C,-14.8
4850,medium,2,16.0,10.0,5.5,C,-12.2
4851,low,1,18.0,20.0,9.0,A,9.9
4852,high,2,1.0,19.0,1.7,C,-100.0
4853,,1,27.0,2.0,7.1,A,-2.3
4854,none,3,4.0,2.0,6.5,B,-8.3
4855,high,3,13.0,14.0,8.1,A,-2.6
4856,low,1,5.0,9.0,6.0,C,-5.4
4857,none,1,13.0,4.0,8.1,A,4.7
4858,medium,3,8.0,1.0,8.6,B,3.1
4859,high,1,12.0,24.0,1.8,A,-100.0
4860,high,1,4.0,35.0,8.6,A,6.2
4861,low,2,40.0,0.0,1.4,C,-100.0
4862,medium,2,,12.0,6.3,C,
4863,high,0,16.0,4.0,8.9,A,8.9
4864,medium,1,4.0,0.0,3.4,A,-100.0
4865,high,0,17.0,5.0,7.9,A,3.3
4866,high,4,17.0,15.0,8.2,B,-5.0
4867,low,4,2.0,19.0,8.9,B,3.4
4868,high,0,2.0,1.0,9.7,A,14.6
4869,high,1,30.0,0.0,5.9,A,-11.6
4870,none,5,6.0,9.0,8.5,A,-2.4
4871,medium,1,15.0,8.0,3.6,A,-100.0
4872,low,2,3.0,19.0,7.6,A,1.2
4873,medium,3,4.0,16.0,8.1,A,0.9
4874,medium,0,7.0,10.0,9.4,A,15.0
4875,medium,3,8.0,6.0,1.3,A,-100.0
4876,high,3,16.0,24.0,9.9,A,7.1
4877,low,1,15.0,1.0,7.2,A,0.1
4878,high,0,7.0,26.0,9.6,A,13.8
4879,medium,2,7.0,6.0,7.3,B,-1.4
4880,none,0,6.0,1.0,1.2,C,-100.0
4881,high,1,3.0,7.0,1.5,A,-100.0
4882,medium,2,0.0,31.0,8.8,A,7.8
4883,low,1,8.0,14.0,2.5,C,-100.0
4884,low,1,11.0,22.0,9.9,C,15.0
4885,low,0,21.0,6.0,4.6,C,-12.3
4886,medium,1,11.0,5.0,1.2,A,-100.0
4887,medium,2,15.0,9.0,2.1,A,-100.0
4888,none,0,22.0,26.0,9.0,B,11.4
4889,high,3,7.0,3.0,2.5,C,-100.0
4890,none,1,1.0,5.0,2.0,A,-100.0
4891,low,2,6.0,6.0,5.1,B,-13.0
4892,high,3,5.0,1.0,3.2,B,-100.0
4893,high,0,4.0,46.0,9.9,D,15.0
4894,low,2,11.0,14.0,5.4,C,-11.8
4895,medium,1,1.0,4.0,9.5,C,13.8
4896,medium,2,2.0,14.0,7.2,A,-1.4
4897,medium,0,6.0,10.0,1.5,A,-100.0
4898,high,1,17.0,7.0,3.6,C,-100.0
4899,low,1,9.0,11.0,9.4,A,12.9
4900,,4,16.0,18.0,4.2,C,-100.0
4901,none,1,12.0,1.0,9.7,A,13.5
4902,none,5,25.0,2.0,8.9,A,-2.2
4903,low,2,3.0,4.0,7.4,A,-0.1
4904,low,3,15.0,2.0,9.1,A,5.5
4905,high,4,9.0,4.0,9.3,A,1.8
4906,low,2,5.0,1.0,1.1,C,-100.0
4907,high,1,9.0,14.0,8.4,A,4.4
4908,high,1,10.0,1.0,5.7,A,-10.7
4909,high,0,2.0,22.0,,A,
4910,high,0,8.0,4.0,2.0,A,-100.0
4911,low,5,7.0,0.0,4.5,A,-100.0
4912,none,2,9.0,1.0,8.3,A,3.6
4913,low,2,6.0,8.0,9.5,A,11.2
4914,high,1,22.0,1.0,6.0,A,-10.2
4915,high,3,,4.0,2.9,C,
4916,medium,1,9.0,8.0,9.9,A,15.0
4917,medium,2,5.0,4.0,6.5,C,-5.6
4918,high,0,4.0,3.0,1.4,A,-100.0
4919,none,2,23.0,7.0,9.0,A,6.1
4920,none,1,9.0,15.0,4.7,A,-13.5
4921,high,0,13.0,0.0,1.5,A,-100.0
4922,medium,1,3.0,0.0,7.4,A,2.0
4923,medium,1,14.0,5.0,6.4,A,-4.6
4924,none,3,5.0,6.0,9.3,A,7.1
4925,low,2,6.0,8.0,3.6,A,-100.0
4926,medium,2,26.0,25.0,8.3,D,2.4
4927,high,2,2.0,2.0,8.5,C,3.0
4928,high,0,18.0,0.0,3.4,C,-100.0
4929,none,4,12.0,3.0,8.4,B,-1.1
4930,medium,1,24.0,1.0,9.2,A,9.8
4931,low,3,9.0,11.0,4.0,C,-100.0
4932,high,1,6.0,4.0,9.7,D,11.8
4933,medium,2,8.0,3.0,6.7,C,-4.8
4934,high,1,12.0,17.0,10.0,A,12.9
4935,none,3,6.0,13.0,6.6,A,-7.8
4936,medium,1,10.0,32.0,9.0,A,10.4
4937,low,0,14.0,10.0,8.3,A,8.8
4938,medium,4,10.0,10.0,8.7,C,1.1
4939,low,1,6.0,11.0,1.8,A,-100.0
4940,high,2,14.0,0.0,3.1,A,-100.0
4941,high,1,21.0,10.0,9.1,A,7.0
4942,high,1,10.0,12.0,2.4,B,-100.0
4943,high,3,33.0,7.0,6.1,B,-15.7
4944,medium,0,11.0,23.0,1.9,D,-100.0
4945,none,1,11.0,32.0,7.8,A,3.5
4946,low,1,2.0,4.0,9.2,A,12.4
4947,low,0,15.0,7.0,1.8,C,-100.0
4948,high,3,10.0,15.0,8.3,A,-1.2
4949,low,2,1.0,31.0,6.5,A,-4.6
4950,none,1,11.0,2.0,8.6,C,7.6
4951,medium,0,13.0,20.0,5.3,C,-7.9
4952,high,1,3.0,8.0,6.1,A,-7.7
4953,medium,1,12.0,12.0,2.6,C,-100.0
4954,low,0,14.0,5.0,7.0,A,1.6
4955,medium,1,8.0,9.0,3.5,A,-19.9
4956,low,0,23.0,26.0,2.8,A,-100.0
4957,high,1,8.0,4.0,8.7,C,6.1
4958,high,2,2.0,0.0,3.3,C,-100.0
4959,medium,1,8.0,2.0,5.0,A,-11.7
4960,none,2,1.0,7.0,4.4,A,-17.0
4961,high,1,7.0,18.0,6.2,C,-7.4
4962,high,1,5.0,13.0,8.2,B,3.7
4963,none,5,12.0,25.0,2.4,C,-100.0
4964,medium,3,13.0,13.0,3.3,A,-100.0
4965,medium,0,5.0,1.0,6.8,B,1.0
4966,low,2,9.0,11.0,9.2,A,9.3
4967,low,2,1.0,4.0,3.7,A,-100.0
4968,medium,0,10.0,26.0,6.7,C,0.2
4969,none,0,10.0,0.0,7.1,C,1.9
4970,none,1,16.0,41.0,9.9,B,14.6
4971,high,2,15.0,4.0,6.8,A,-7.6
4972,medium,1,3.0,6.0,9.3,A,12.5
4973,,1,6.0,19.0,4.8,A,-12.6
4974,medium,2,3.0,27.0,6.0,C,-7.9
4975,medium,1,1.0,2.0,1.0,C,-100.0
4976,low,1,19.0,2.0,8.7,C,7.9
4977,high,1,8.0,22.0,2.9,C,-100.0
4978,medium,2,5.0,9.0,7.6,C,0.5
4979,medium,1,2.0,2.0,1.8,B,-100.0
4980,none,1,6.0,3.0,4.8,C,-12.8
4981,high,2,6.0,15.0,2.1,A,-100.0
4982,low,0,7.0,5.0,8.6,A,11.1
4983,high,1,3.0,7.0,5.2,B,-12.6
4984,high,1,22.0,8.0,7.7,B,-0.8
4985,high,1,4.0,15.0,9.9,B,13.2
4986,low,0,14.0,2.0,8.9,A,12.0
4987,none,0,16.0,0.0,3.5,A,-18.5
4988,high,3,5.0,1.0,8.6,C,0.8
4989,none,0,3.0,3.0,4.8,A,-10.0
4990,medium,3,17.0,9.0,5.9,A,-12.6
4991,medium,3,2.0,14.0,3.6,D,-100.0
4992,high,0,15.0,2.0,1.9,A,-100.0
4993,medium,0,15.0,3.0,8.1,A,7.2
4994,high,0,7.0,2.0,5.1,C,-11.1
4995,none,2,2.0,22.0,8.4,A,5.1
4996,high,2,2.0,30.0,9.7,B,9.9
4997,none,4,6.0,7.0,2.7,C,-100.0
4998,low,2,8.0,28.0,2.3,D,-100.0
4999,,1,5.0,10.0,2.5,A,-100.0
5000,low,1,4.0,1.0,7.6,A,3.4
5001,medium,5,7.0,6.0,6.4,A,-13.8
5002,low,3,8.0,2.0,3.9,A,-100.0
5003,medium,0,5.0,19.0,1.2,C,-100.0
5004,low,0,1.0,11.0,6.1,D,-2.0
5005,low,2,7.0,10.0,8.3,C,4.5
5006,medium,1,10.0,4.0,6.9,C,-1.4
5007,medium,1,6.0,7.0,6.5,C,-3.2
5008,high,3,8.0,14.0,8.5,C,0.1
5009,medium,2,17.0,17.0,6.4,C,-7.2
5010,medium,1,7.0,6.0,8.2,A,6.0
5011,medium,1,12.0,12.0,8.9,C,9.5
5012,none,0,14.0,8.0,9.1,B,12.6
5013,high,0,10.0,0.0,3.1,B,-100.0
5014,none,0,8.0,36.0,1.4,A,-100.0
5015,low,0,7.0,20.0,7.8,A,6.9
5016,low,2,13.0,32.0,2.9,A,-100.0
5017,none,0,3.0,1.0,2.3,C,-100.0
5018,high,0,5.0,2.0,5.1,A,-11.0
5019,,2,4.0,5.0,8.3,C,4.2
5020,low,3,7.0,4.0,9.6,A,9.1
5021,high,3,10.0,9.0,8.2,A,-1.8
5022,medium,3,4.0,5.0,8.2,A,1.4
5023,low,1,18.0,1.0,8.0,A,4.2
5024,low,1,2.0,1.0,9.0,A,11.3
5025,high,0,24.0,6.0,3.3,D,-100.0
5026,high,3,16.0,15.0,5.6,A,-16.7
5027,high,1,8.0,0.0,6.1,A,-8.3
5028,medium,2,12.0,29.0,9.6,D,11.0
5029,medium,0,6.0,7.0,1.0,B,-100.0
5030,low,1,12.0,28.0,8.9,D,10.0
5031,high,0,18.0,38.0,5.9,A,-7.5
5032,medium,0,13.0,37.0,8.8,A,11.6
5033,low,0,9.0,10.0,1.3,A,-100.0
5034,high,2,10.0,1.0,1.9,A,-100.0
5035,medium,4,22.0,17.0,9.9,A,6.5
5036,low,0,5.0,6.0,10.0,B,15.0
5037,high,0,40.0,3.0,6.6,A,-6.2
5038,high,2,14.0,3.0,1.2,C,-100.0
5039,low,1,7.0,10.0,3.6,A,-18.8
5040,medium,2,7.0,3.0,10.0,C,13.4
5041,none,2,4.0,24.0,2.3,A,-100.0
5042,high,2,12.0,8.0,7.7,D,-2.3
5043,medium,1,1.0,7.0,4.5,A,-13.7
5044,low,1,4.0,45.0,8.1,A,6.6
5045,low,1,2.0,24.0,2.5,A,-100.0
5046,low,2,15.0,0.0,9.8,C,11.9
5047,high,0,,15.0,4.9,C,
5048,low,1,7.0,5.0,6.0,A,-5.7
5049,high,2,6.0,15.0,1.5,A,-100.0
5050,high,1,7.0,34.0,9.9,A,13.1
5051,,0,3.0,4.0,9.1,A,13.7
5052,high,1,22.0,8.0,1.6,A,-100.0
5053,medium,1,19.0,30.0,4.7,A,-14.1
5054,high,3,23.0,2.0,2.1,A,-100.0
5055,medium,2,10.0,6.0,9.1,C,8.2
5056,high,1,6.0,2.0,1.5,A,-100.0
5057,low,1,3.0,15.0,9.0,C,11.3
5058,high,2,16.0,0.0,6.2,C,-11.0
5059,none,0,5.0,6.0,2.7,A,-100.0
5060,none,3,13.0,9.0,6.2,A,-10.7
5061,high,4,10.0,2.0,8.9,C,-0.6
5062,medium,1,9.0,4.0,2.1,A,-100.0
5063,medium,2,12.0,4.0,6.5,A,-6.3
5064,high,2,5.0,29.0,4.5,A,-19.0
5065,low,1,,32.0,10.0,C,
5066,high,3,6.0,13.0,2.4,A,-100.0
5067,medium,0,4.0,0.0,9.6,A,15.0
5068,high,2,9.0,19.0,8.3,C,1.4
5069,high,0,3.0,9.0,8.3,A,6.9
5070,low,2,7.0,8.0,8.8,A,7.3
5071,none,1,5.0,9.0,6.8,D,-1.6
5072,none,1,5.0,1.0,7.2,A,0.5
5073,medium,3,10.0,3.0,4.3,C,-100.0
5074,low,1,7.0,2.0,8.0,A,5.3
5075,medium,1,17.0,12.0,9.5,A,12.3
5076,low,0,7.0,16.0,9.4,A,15.0
5077,medium,4,4.0,26.0,8.1,A,-1.5
5078,medium,1,6.0,8.0,8.1,D,5.6
5079,high,2,9.0,36.0,6.1,A,-10.5
5080,high,1,14.0,3.0,8.8,A,6.0
5081,high,2,11.0,4.0,9.6,A,8.2
5082,low,1,14.0,3.0,5.4,C,-9.7
5083,low,1,12.0,10.0,2.8,A,-100.0
5084,none,1,4.0,49.0,2.7,B,-100.0
5085,low,3,7.0,10.0,6.0,A,-10.6
5086,high,1,20.0,5.0,7.0,C,-4.5
5087,medium,0,13.0,3.0,4.1,A,-14.6
5088,high,1,7.0,16.0,4.9,A,-14.6
5089,high,2,5.0,7.0,9.1,A,6.1
5090,low,2,20.0,24.0,9.3,A,8.9
5091,low,1,21.0,2.0,7.9,C,3.4
5092,high,3,7.0,9.0,4.6,A,-100.0
5093,medium,2,3.0,16.0,10.0,A,14.0
5094,low,1,9.0,5.0,6.5,A,-3.1
5095,medium,2,8.0,25.0,1.7,B,-100.0
5096,high,1,7.0,21.0,9.9,A,12.9
5097,none,1,19.0,7.0,8.4,C,5.7
5098,medium,2,5.0,0.0,7.1,A,-2.4
5099,low,1,10.0,24.0,5.7,C,-7.4
5100,medium,1,31.0,0.0,2.6,A,-100.0
5101,none,0,3.0,21.0,5.9,C,-3.8
5102,high,0,22.0,10.0,5.3,A,-11.5
5103,high,0,5.0,18.0,3.1,A,-100.0
5104,none,3,10.0,50.0,8.2,D,1.0
5105,medium,0,9.0,7.0,9.7,C,15.0
5106,low,2,3.0,1.0,9.9,A,13.6
5107,high,4,11.0,12.0,3.8,A,-100.0
5108,low,1,6.0,22.0,8.2,A,6.7
5109,medium,2,3.0,47.0,3.9,A,-19.3
5110,none,0,14.0,6.0,9.8,A,15.0
5111,low,0,2.0,47.0,3.7,A,-14.9
5112,medium,1,19.0,1.0,9.5,A,12.0
5113,high,0,9.0,6.0,9.1,B,10.7
5114,low,0,7.0,3.0,1.0,C,-100.0
5115,medium,2,1.0,28.0,7.1,A,-1.7
5116,high,3,26.0,9.0,1.5,A,-100.0
5117,low,1,5.0,17.0,6.5,D,-2.6
5118,medium,1,2.0,8.0,5.4,A,-8.8
5119,high,1,19.0,16.0,2.1,A,-100.0
5120,medium,0,7.0,6.0,4.6,C,-11.2
5121,high,0,4.0,50.0,8.4,A,7.8
5122,none,1,9.0,33.0,5.6,A,-8.4
5123,low,2,12.0,0.0,6.1,A,-8.2
5124,low,2,18.0,1.0,8.1,A,2.2
5125,medium,2,6.0,5.0,2.4,A,-100.0
5126,medium,0,12.0,10.0,2.6,A,-100.0
5127,high,2,20.0,5.0,8.1,A,-0.9
5128,high,1,18.0,8.0,4.3,A,-19.1
5129,low,1,6.0,8.0,1.6,A,-100.0
5130,low,0,5.0,12.0,9.3,A,15.0
5131,medium,1,7.0,8.0,7.2,A,0.6
5132,none,1,11.0,39.0,5.5,A,-9.1
5133,low,0,8.0,6.0,8.9,A,12.7
5134,medium,1,10.0,10.0,9.8,A,14.6
5135,,2,3.0,3.0,7.7,B,0.9
5136,high,2,8.0,22.0,8.9,A,4.8
5137,low,2,2.0,13.0,9.3,C,10.6
5138,low,2,9.0,11.0,3.9,C,-19.9
5139,low,2,13.0,5.0,9.3,A,9.4
5140,none,1,9.0,9.0,6.0,C,-6.4
5141,medium,0,2.0,28.0,2.0,C,-100.0
5142,none,3,11.0,8.0,9.0,A,4.9
5143,high,0,7.0,4.0,4.6,A,-13.9
5144,low,2,17.0,5.0,1.8,A,-100.0
5145,medium,1,11.0,3.0,9.0,C,10.0
5146,low,1,12.0,5.0,8.5,A,7.6
5147,low,1,5.0,4.0,4.5,A,-13.7
5148,none,2,9.0,14.0,2.4,A,-100.0
5149,low,2,22.0,4.0,8.6,C,4.6
5150,none,1,11.0,11.0,9.4,A,12.1
5151,medium,1,37.0,2.0,5.4,A,-12.4
5152,low,1,20.0,0.0,5.8,A,-8.1
5153,low,3,7.0,4.0,1.4,A,-100.0
5154,none,0,13.0,10.0,8.2,A,7.8
5155,low,1,9.0,35.0,9.8,A,15.0
5156,medium,3,7.0,3.0,3.3,A,-100.0
5157,low,2,8.0,8.0,9.6,A,11.6
5158,low,1,8.0,14.0,9.9,B,15.0
5159,low,2,5.0,48.0,4.1,A,-18.0
5160,medium,2,9.0,12.0,7.4,A,-1.0
5161,high,1,4.0,3.0,9.3,B,9.8
5162,low,1,9.0,3.0,7.6,C,2.9
5163,low,2,7.0,35.0,9.7,C,12.5
5164,medium,1,4.0,26.0,3.3,B,-100.0
5165,medium,1,4.0,1.0,2.2,A,-100.0
5166,low,1,5.0,3.0,3.3,B,-100.0
5167,high,2,9.0,17.0,2.6,A,-100.0
5168,high,3,2.0,11.0,9.1,B,3.9
5169,low,1,5.0,13.0,10.0,A,15.0
5170,high,3,7.0,25.0,7.7,A,-4.1
5171,high,2,1.0,8.0,5.3,A,-14.4
5172,medium,1,10.0,3.0,7.4,C,1.3
5173,low,2,18.0,4.0,2.4,C,-100.0
5174,medium,1,13.0,17.0,6.8,A,-2.1
5175,high,1,10.0,32.0,5.7,B,-10.3
5176,none,1,14.0,37.0,9.4,A,12.0
5177,high,0,3.0,4.0,7.1,A,0.3
5178,high,0,15.0,14.0,9.4,A,11.8
5179,low,1,5.0,5.0,3.5,A,-19.2
5180,high,2,2.0,30.0,4.4,A,-19.2
5181,medium,0,9.0,4.0,7.5,D,4.5
5182,low,0,4.0,7.0,3.9,A,-14.4
5183,low,1,10.0,31.0,9.8,B,15.0
5184,none,4,1.0,6.0,6.2,C,-12.1
5185,low,1,17.0,3.0,3.9,A,-18.2
5186,high,1,13.0,8.0,9.3,C,8.9
5187,low,3,6.0,42.0,9.4,A,8.5
5188,low,2,7.0,17.0,6.8,A,-3.7
5189,high,2,1.0,21.0,8.5,C,3.3
5190,high,0,5.0,6.0,3.8,C,-18.1
5191,medium,2,5.0,1.0,9.3,A,9.8
5192,,2,4.0,17.0,3.3,B,-100.0
5193,high,0,8.0,16.0,3.8,B,-18.3
5194,high,0,1.0,19.0,4.6,B,-13.1
5195,none,2,1.0,6.0,7.0,C,-2.7
5196,low,2,11.0,1.0,9.6,C,11.2
5197,medium,2,13.0,8.0,9.1,A,7.9
5198,high,2,12.0,0.0,9.1,A,5.3
5199,low,1,7.0,23.0,,D,
5200,medium,3,19.0,5.0,8.4,A,1.0
5201,medium,2,2.0,19.0,8.6,A,6.4
5202,none,2,12.0,2.0,1.4,A,-100.0
5203,medium,3,7.0,2.0,3.3,A,-100.0
5204,high,1,12.0,3.0,9.6,D,10.6
5205,low,2,8.0,6.0,7.1,C,-2.2
5206,none,1,4.0,7.0,5.9,A,-6.5
5207,medium,3,16.0,43.0,2.6,A,-100.0
5208,medium,0,12.0,0.0,,D,
5209,medium,2,11.0,13.0,9.4,A,9.8
5210,medium,0,10.0,13.0,3.9,A,-15.3
5211,medium,3,2.0,4.0,9.8,B,10.3
5212,low,3,3.0,3.0,9.9,A,11.2
5213,none,1,16.0,2.0,5.1,A,-12.2
5214,high,2,8.0,1.0,8.6,C,3.0
5215,medium,2,5.0,3.0,2.5,A,-100.0
5216,none,0,13.0,31.0,2.9,A,-100.0
5217,low,0,18.0,8.0,9.2,A,13.4
5218,high,3,14.0,4.0,2.1,A,-100.0
5219,low,2,5.0,2.0,9.2,A,9.6
5220,none,1,9.0,5.0,1.6,A,-100.0
5221,high,2,4.0,3.0,7.8,B,-1.0
5222,none,1,5.0,7.0,3.1,A,-100.0
5223,low,4,,10.0,8.8,C,
5224,,1,2.0,16.0,3.8,A,-17.8
5225,medium,3,11.0,6.0,3.6,A,-100.0
5226,low,1,22.0,20.0,3.5,B,-100.0
5227,medium,5,16.0,19.0,9.4,A,1.9
5228,medium,2,,4.0,5.6,C,
5229,high,2,3.0,0.0,8.4,C,2.4
5230,none,1,11.0,15.0,2.7,A,-100.0
5231,high,0,5.0,1.0,2.1,B,-100.0
5232,low,2,15.0,0.0,6.9,A,-4.1
5233,none,1,25.0,7.0,9.5,A,
5234,high,0,3.0,50.0,8.3,A,7.3
5235,high,0,12.0,14.0,2.6,A,-100.0
5236,medium,2,7.0,1.0,9.9,B,12.9
5237,high,0,3.0,4.0,3.0,A,-100.0
5238,low,2,16.0,3.0,3.0,C,-100.0
5239,medium,1,5.0,21.0,9.6,A,14.1
5240,high,0,3.0,14.0,6.1,A,-5.1
5241,high,0,24.0,5.0,6.5,A,-5.1
5242,high,1,1.0,7.0,1.8,A,-100.0
5243,high,2,13.0,8.0,6.9,A,-6.8
5244,high,0,10.0,1.0,3.7,C,-19.2
5245,medium,0,15.0,6.0,2.5,A,-100.0
5246,high,2,3.0,6.0,2.4,A,-100.0
5247,high,3,7.0,10.0,8.8,C,1.8
5248,high,1,7.0,10.0,3.6,A,-100.0
5249,medium,0,4.0,29.0,5.3,A,-6.9
5250,none,0,8.0,11.0,3.9,A,-15.4
5251,high,3,4.0,2.0,6.3,A,-11.7
5252,low,0,6.0,2.0,9.5,A,15.0
5253,high,3,7.0,42.0,3.2,A,-100.0
5254,medium,0,3.0,10.0,6.4,C,-0.9
5255,none,0,13.0,1.0,8.8,A,11.0
5256,low,1,18.0,12.0,1.3,A,-100.0
5257,none,0,5.0,4.0,9.6,A,15.0
5258,low,3,9.0,6.0,6.4,A,-8.7
5259,medium,2,9.0,18.0,5.3,A,-12.5
5260,medium,2,10.0,3.0,3.3,A,-100.0
5261,high,1,13.0,8.0,9.4,A,9.5
5262,low,1,8.0,7.0,1.4,B,-100.0
5263,low,0,,9.0,7.4,C,
5264,medium,1,17.0,37.0,3.7,A,-19.4
5265,high,2,16.0,10.0,6.1,A,-11.5
5266,high,1,3.0,3.0,5.6,C,-10.5
5267,high,2,7.0,4.0,3.1,A,-100.0
5268,medium,4,22.0,2.0,8.2,A,-3.0
5269,low,1,3.0,8.0,7.6,B,3.6
5270,low,3,14.0,19.0,8.9,A,4.7
5271,low,1,2.0,3.0,3.5,C,-18.9
5272,low,1,6.0,20.0,1.9,A,-100.0
5273,low,0,9.0,8.0,3.1,B,-19.3
5274,medium,0,6.0,50.0,7.0,C,2.5
5275,high,1,3.0,8.0,9.8,A,12.7
5276,low,0,5.0,9.0,2.4,A,-100.0
5277,high,3,2.0,39.0,6.9,A,-7.9
5278,high,0,9.0,13.0,5.9,A,-6.9
5279,none,2,4.0,10.0,8.2,B,3.7
5280,none,3,9.0,1.0,3.1,A,-100.0
5281,low,1,17.0,3.0,7.7,A,2.7
5282,medium,3,8.0,1.0,10.0,B,10.8
5283,low,0,8.0,24.0,9.8,A,15.0
5284,medium,1,12.0,7.0,10.0,C,15.0
5285,high,0,4.0,12.0,8.7,C,9.0
5286,low,2,16.0,9.0,3.9,A,-100.0
5287,low,3,7.0,4.0,9.2,A,6.9
5288,high,2,18.0,10.0,4.7,B,-19.4
5289,low,2,6.0,7.0,7.7,A,1.3
5290,low,3,2.0,21.0,6.6,A,-6.7
5291,low,0,6.0,34.0,7.1,B,3.3
5292,high,0,19.0,26.0,9.9,A,14.3
5293,high,2,15.0,4.0,8.9,C,4.0
5294,none,3,5.0,27.0,2.1,A,-100.0
5295,low,0,15.0,17.0,1.7,C,-100.0
5296,low,2,7.0,1.0,4.9,A,-14.3
5297,high,5,8.0,44.0,1.5,D,-100.0
5298,,0,18.0,1.0,2.4,A,-100.0
5299,low,2,13.0,1.0,1.3,D,-100.0
5300,high,4,,7.0,3.9,C,
5301,high,1,6.0,29.0,4.5,C,-16.6
5302,high,1,4.0,5.0,1.1,A,-100.0
5303,low,4,10.0,13.0,5.5,A,-16.2
5304,low,1,5.0,13.0,3.6,A,-18.6
5305,medium,0,6.0,11.0,2.4,A,-100.0
5306,medium,2,4.0,13.0,9.6,A,11.6
5307,low,1,14.0,0.0,9.0,A,10.1
5308,none,2,10.0,19.0,6.3,A,-7.3
5309,high,3,24.0,2.0,8.7,C,-0.6
5310,low,1,9.0,11.0,9.2,C,11.8
5311,low,1,5.0,15.0,2.1,A,-100.0
5312,high,0,19.0,6.0,7.9,A,3.1
5313,high,2,9.0,26.0,2.6,A,-100.0
5314,medium,4,2.0,5.0,2.2,C,-100.0
5315,none,1,14.0,2.0,2.5,A,-100.0
5316,medium,1,12.0,1.0,7.0,A,-1.1
5317,medium,0,4.0,8.0,7.0,A,2.3
5318,medium,1,11.0,3.0,4.4,B,-15.3
5319,high,3,5.0,2.0,9.1,A,3.5
5320,medium,1,5.0,10.0,9.8,A,15.0
5321,medium,3,17.0,9.0,1.6,C,-100.0
5322,high,2,10.0,27.0,9.6,A,8.5
5323,none,4,1.0,26.0,2.8,B,-100.0
5324,low,3,25.0,12.0,2.6,A,-100.0
5325,medium,3,4.0,16.0,7.9,A,-0.2
5326,medium,0,6.0,6.0,6.4,C,-1.2
5327,low,1,11.0,2.0,5.9,A,-6.7
5328,,1,4.0,22.0,8.4,A,7.4
5329,medium,1,24.0,1.0,6.9,C,-2.8
5330,medium,2,9.0,9.0,1.2,A,-100.0
5331,high,0,12.0,19.0,8.3,A,6.1
5332,low,0,22.0,6.0,9.2,A,12.9
5333,medium,0,1.0,18.0,6.5,A,-0.1
5334,low,0,11.0,29.0,1.8,A,-100.0
5335,low,3,5.0,1.0,6.6,C,-7.2
5336,low,0,6.0,5.0,4.8,A,-9.7
5337,low,0,7.0,32.0,1.7,C,-100.0
5338,none,2,10.0,3.0,6.9,A,-4.1
5339,low,1,13.0,7.0,4.3,A,-15.6
5340,medium,3,9.0,15.0,5.9,C,-11.7
5341,medium,1,11.0,3.0,8.7,C,8.4
5342,low,1,14.0,24.0,8.6,A,8.1
5343,low,3,21.0,36.0,3.8,A,-100.0
5344,high,1,9.0,32.0,3.3,A,-100.0
5345,medium,2,6.0,50.0,3.1,A,-100.0
5346,high,1,6.0,26.0,9.1,A,8.7
5347,none,3,2.0,2.0,2.6,A,-100.0
5348,low,2,,16.0,5.5,C,
5349,high,1,19.0,9.0,1.0,A,-100.0
5350,high,1,8.0,24.0,8.9,C,7.4
5351,low,3,11.0,1.0,9.5,A,8.1
5352,low,3,13.0,13.0,9.3,A,7.0
5353,high,2,4.0,0.0,6.3,A,-9.3
5354,medium,2,9.0,15.0,9.0,A,7.8
5355,low,2,2.0,1.0,5.1,D,-12.7
5356,low,0,9.0,35.0,8.4,A,10.1
5357,high,4,4.0,5.0,7.6,C,-7.1
5358,high,1,8.0,5.0,9.4,A,9.9
5359,high,2,16.0,11.0,9.8,A,8.9
5360,none,3,9.0,5.0,5.4,A,-14.8
5361,low,3,12.0,50.0,3.3,C,-100.0
5362,low,1,2.0,4.0,1.2,A,-100.0
5363,low,2,5.0,24.0,5.7,C,-9.4
5364,medium,2,27.0,12.0,5.6,A,-12.7
5365,medium,0,5.0,0.0,6.6,A,-0.1
5366,low,1,12.0,12.0,6.2,D,-5.0
5367,medium,0,5.0,16.0,9.2,A,14.4
5368,high,0,2.0,3.0,7.8,C,4.2
5369,low,0,4.0,12.0,4.5,C,-11.1
5370,low,1,5.0,2.0,4.2,B,-15.4
5371,low,0,7.0,15.0,6.5,C,-0.3
5372,low,0,13.0,6.0,8.6,A,10.5
5373,low,1,6.0,3.0,6.4,A,-3.4
5374,,0,15.0,1.0,1.9,A,-100.0
5375,high,0,7.0,19.0,5.0,A,-11.5
5376,low,1,5.0,15.0,5.8,A,-6.5
5377,none,0,17.0,6.0,8.9,A,11.2
5378,high,2,13.0,1.0,3.2,A,-100.0
5379,medium,1,21.0,11.0,1.7,A,-100.0
5380,low,2,3.0,10.0,9.0,C,8.8
5381,none,3,16.0,8.0,3.4,A,-100.0
5382,medium,2,11.0,1.0,7.9,C,1.5
5383,high,2,1.0,18.0,2.5,A,-100.0
5384,high,0,10.0,15.0,7.1,C,-0.3
5385,high,2,19.0,8.0,1.3,C,-100.0
5386,none,0,2.0,13.0,9.7,C,15.0
5387,high,1,19.0,26.0,5.2,A,-14.1
5388,high,2,11.0,16.0,6.6,A,-8.2
5389,low,1,25.0,10.0,6.2,A,-6.3
5390,high,2,4.0,9.0,5.6,B,-13.0
5391,low,3,6.0,7.0,9.7,D,9.8
5392,low,0,16.0,9.0,9.3,A,14.1
5393,high,3,29.0,1.0,4.7,A,-100.0
5394,medium,0,13.0,15.0,6.8,C,0.4
5395,high,2,4.0,7.0,3.5,A,-100.0
5396,medium,1,5.0,1.0,1.7,A,-100.0
5397,high,1,17.0,12.0,8.7,C,5.2
5398,none,2,6.0,4.0,1.9,D,-100.0
5399,medium,0,11.0,19.0,3.4,A,-18.1
5400,low,1,,16.0,9.4,C,
5401,medium,4,6.0,16.0,8.2,A,-1.2
5402,none,1,12.0,2.0,8.7,A,8.0
5403,medium,0,12.0,17.0,1.7,C,-100.0
5404,low,0,17.0,35.0,2.4,D,-100.0
5405,medium,3,5.0,8.0,9.5,B,8.4
5406,low,1,12.0,8.0,4.3,A,-15.5
5407,high,1,33.0,25.0,8.7,B,3.8
5408,none,1,10.0,12.0,1.0,C,-100.0
5409,high,1,9.0,8.0,7.4,C,-1.1
5410,none,0,6.0,15.0,9.9,A,15.0
5411,low,0,3.0,1.0,6.0,A,-2.8
5412,low,3,4.0,41.0,8.9,A,5.9
5413,medium,0,4.0,3.0,3.6,B,-16.5
5414,none,3,29.0,23.0,9.8,A,7.6
5415,high,2,13.0,50.0,5.3,A,-15.2
5416,high,3,18.0,18.0,9.8,C,6.3
5417,high,0,4.0,31.0,9.0,C,10.9
5418,high,0,5.0,5.0,2.4,A,-100.0
5419,high,0,35.0,26.0,10.0,A,13.2
5420,medium,0,8.0,2.0,6.2,A,-2.6
5421,high,2,9.0,16.0,2.5,A,-100.0
5422,low,2,7.0,0.0,1.7,D,-100.0
5423,medium,0,9.0,4.0,4.4,C,-12.6
5424,high,1,6.0,7.0,8.5,B,5.2
5425,high,4,12.0,0.0,8.5,C,-3.0
5426,low,3,6.0,13.0,2.6,A,-100.0
5427,high,0,,0.0,8.4,C,
5428,low,1,15.0,2.0,3.6,C,-19.7
5429,low,0,4.0,3.0,9.9,C,15.0
5430,low,2,3.0,1.0,9.6,A,12.0
5431,high,1,2.0,7.0,9.7,A,12.2
5432,low,1,8.0,5.0,9.3,C,12.4
5433,high,2,6.0,12.0,8.1,C,0.5
5434,low,3,4.0,0.0,5.6,A,-12.6
5435,none,0,4.0,24.0,6.5,B,-0.5
5436,low,1,7.0,7.0,5.8,D,-6.8
5437,high,1,4.0,4.0,4.9,A,-14.4
5438,,0,10.0,4.0,1.3,A,-100.0
5439,none,1,11.0,6.0,2.6,A,-100.0
5440,low,1,4.0,25.0,8.7,A,9.7
5441,low,3,1.0,1.0,3.3,A,-100.0
5442,none,0,17.0,33.0,8.3,A,8.2
5443,low,2,6.0,1.0,2.3,A,-100.0
5444,medium,0,13.0,2.0,3.7,A,-16.8
5445,medium,1,12.0,3.0,8.7,A,8.3
5446,none,3,7.0,50.0,7.6,C,-2.0
5447,low,2,14.0,3.0,8.4,A,4.3
5448,low,1,8.0,5.0,1.8,C,-100.0
5449,high,0,13.0,50.0,8.1,A,5.2
5450,low,4,16.0,9.0,1.1,C,-100.0
5451,medium,0,28.0,12.0,8.1,A,
5452,high,0,10.0,1.0,6.5,A,-3.8
5453,low,1,16.0,9.0,6.8,A,-2.1
5454,none,1,6.0,0.0,2.6,A,-100.0
5455,low,2,5.0,1.0,9.4,A,10.7
5456,none,1,8.0,7.0,6.4,A,-4.2
5457,high,1,14.0,6.0,8.9,A,6.6
5458,low,3,8.0,14.0,3.8,A,-100.0
5459,none,5,11.0,47.0,9.0,A,0.2
5460,medium,1,10.0,12.0,5.0,C,-11.8
5461,medium,1,5.0,17.0,8.5,A,8.0
5462,low,1,6.0,5.0,1.1,A,-100.0
5463,medium,4,11.0,9.0,6.2,A,-12.8
5464,low,0,17.0,1.0,8.5,A,9.5
5465,medium,2,12.0,0.0,9.7,A,11.3
5466,high,3,10.0,1.0,8.3,A,-1.4
5467,medium,1,13.0,31.0,2.8,A,-100.0
5468,none,1,11.0,23.0,9.0,A,10.0
5469,medium,2,8.0,13.0,8.4,B,4.6
5470,high,1,2.0,5.0,8.8,A,7.2
5471,,1,2.0,10.0,2.3,A,-100.0
5472,high,2,2.0,7.0,7.3,A,-3.5
5473,high,1,39.0,5.0,1.7,A,-100.0
5474,high,0,31.0,2.0,7.6,C,0.2
5475,high,0,7.0,5.0,5.1,A,-11.1
5476,high,0,5.0,11.0,9.6,A,13.9
5477,medium,0,27.0,4.0,1.9,A,-100.0
5478,low,0,21.0,3.0,4.5,A,-12.8
5479,high,1,17.0,4.0,6.3,A,-8.0
5480,low,1,6.0,16.0,1.5,A,-100.0
5481,medium,1,11.0,8.0,8.6,A,7.9
5482,low,3,13.0,48.0,9.3,A,7.3
5483,medium,1,13.0,1.0,5.9,C,-7.2
5484,high,2,4.0,23.0,8.3,A,2.0
5485,high,2,15.0,6.0,1.4,A,-100.0
5486,none,0,13.0,1.0,1.6,A,-100.0
5487,high,0,15.0,36.0,9.1,A,10.4
5488,medium,4,12.0,19.0,9.7,A,6.4
5489,low,5,6.0,17.0,3.6,A,-100.0
5490,low,1,10.0,12.0,9.0,A,10.6
5491,medium,1,5.0,1.0,3.0,A,-100.0
5492,medium,2,18.0,5.0,4.3,A,-19.0
5493,low,2,7.0,1.0,8.1,B,3.3
5494,high,1,3.0,14.0,2.9,C,-100.0
5495,low,1,1.0,5.0,5.5,A,-7.8
5496,high,0,,1.0,6.8,C,
5497,medium,3,10.0,13.0,4.2,C,-100.0
5498,medium,4,38.0,1.0,4.9,C,-100.0
5499,high,1,13.0,35.0,9.0,A,7.5
5500,high,1,2.0,24.0,3.0,A,-100.0
5501,none,2,12.0,3.0,8.3,C,3.3
5502,low,4,10.0,32.0,1.2,A,-100.0
5503,high,0,17.0,4.0,8.0,A,3.8
5504,medium,0,5.0,3.0,2.1,A,-100.0
5505,high,1,6.0,1.0,9.6,A,11.2
5506,,1,3.0,8.0,1.5,A,-100.0
5507,high,3,18.0,19.0,2.7,A,-100.0
5508,low,0,4.0,10.0,9.8,A,15.0
5509,high,3,15.0,19.0,8.8,A,1.1
5510,low,2,0.0,8.0,,A,
5511,none,0,12.0,21.0,2.8,D,-100.0
5512,low,1,4.0,2.0,7.0,A,0.1
5513,medium,2,17.0,6.0,9.7,A,10.8
5514,medium,2,9.0,8.0,6.8,A,-4.3
5515,high,1,4.0,27.0,3.0,A,-100.0
5516,low,1,19.0,3.0,9.3,C,11.3
5517,high,1,4.0,1.0,8.2,A,3.7
5518,low,2,4.0,7.0,9.8,A,13.0
5519,medium,0,7.0,22.0,9.4,B,15.0
5520,high,1,5.0,6.0,8.2,A,3.6
5521,low,0,10.0,27.0,4.3,A,-12.6
5522,medium,1,8.0,16.0,8.2,A,6.1
5523,high,0,11.0,4.0,2.5,A,-100.0
5524,high,2,4.0,17.0,7.4,A,-3.1
5525,low,1,5.0,17.0,8.7,B,9.5
5526,low,0,7.0,2.0,4.1,C,-13.7
5527,medium,3,6.0,18.0,8.3,A,1.8
5528,medium,0,1.0,12.0,8.6,A,11.4
5529,medium,1,,1.0,9.3,C,
5530,high,2,25.0,17.0,3.0,A,-100.0
5531,low,0,4.0,47.0,6.0,A,-2.4
5532,medium,1,8.0,10.0,8.7,A,8.7
5533,low,2,6.0,10.0,2.1,A,-100.0
5534,low,4,5.0,23.0,9.4,C,5.9
5535,medium,1,11.0,9.0,3.9,C,-18.0
5536,low,0,2.0,10.0,3.7,A,-15.3
5537,none,3,23.0,7.0,4.7,A,-100.0
5538,high,3,30.0,0.0,6.9,A,-11.1
5539,high,2,2.0,3.0,4.5,B,-18.9
5540,low,1,2.0,16.0,4.7,A,-12.2
5541,none,1,7.0,2.0,4.1,A,-16.8
5542,medium,0,17.0,6.0,1.4,C,-100.0
5543,low,0,0.0,20.0,5.6,A,-4.5
5544,medium,1,,8.0,9.1,C,
5545,medium,2,11.0,13.0,8.6,A,5.4
5546,low,0,9.0,31.0,8.6,C,11.2
5547,high,1,18.0,25.0,9.5,A,9.7
5548,low,1,20.0,18.0,9.8,A,14.1
5549,none,1,8.0,11.0,2.6,C,-100.0
5550,medium,1,3.0,16.0,1.4,D,-100.0
5551,high,1,4.0,9.0,4.7,B,-15.5
5552,medium,1,8.0,2.0,5.4,A,-9.5
5553,medium,0,3.0,7.0,9.2,B,14.5
5554,medium,2,28.0,1.0,6.6,A,-7.4
5555,low,1,3.0,7.0,5.4,A,-8.6
5556,high,0,5.0,26.0,2.7,A,-100.0
5557,high,1,5.0,7.0,4.4,A,-17.3
5558,low,2,12.0,7.0,8.2,B,3.4
5559,medium,2,8.0,16.0,1.4,A,-100.0
5560,high,2,19.0,2.0,9.1,A,4.6
5561,medium,1,23.0,15.0,9.6,A,12.2
5562,low,5,11.0,4.0,8.7,A,-1.2
5563,medium,2,5.0,18.0,8.3,C,4.4
5564,medium,0,13.0,2.0,4.7,C,-11.3
5565,none,2,6.0,11.0,2.7,C,-100.0
5566,medium,0,12.0,3.0,9.9,A,15.0
5567,high,1,12.0,20.0,1.1,C,-100.0
5568,high,0,8.0,4.0,4.5,A,-14.5
5569,low,2,11.0,26.0,9.1,A,
5570,high,2,11.0,12.0,1.7,A,-100.0
5571,none,2,9.0,24.0,9.2,A,8.8
5572,high,2,6.0,8.0,4.2,A,-100.0
5573,low,0,2.0,2.0,1.3,A,-100.0
5574,medium,1,14.0,21.0,5.7,A,-8.2
5575,high,1,2.0,21.0,9.4,A,10.7
5576,medium,1,5.0,6.0,8.9,A,10.1
5577,low,0,25.0,13.0,3.9,A,-16.4
5578,none,1,24.0,3.0,5.6,A,-10.2
5579,medium,1,11.0,0.0,8.9,B,9.5
5580,low,3,13.0,2.0,1.9,A,-100.0
5581,high,1,11.0,10.0,5.7,A,-10.7
5582,medium,1,4.0,18.0,9.3,A,12.5
5583,low,2,9.0,1.0,3.2,B,
5584,medium,1,16.0,2.0,1.8,A,-100.0
5585,none,2,15.0,3.0,5.9,A,-10.2
5586,medium,4,4.0,11.0,6.3,A,-11.5
5587,low,0,7.0,3.0,5.5,C,-5.9
5588,high,1,4.0,5.0,9.3,C,9.8
5589,high,4,13.0,42.0,8.8,A,-1.0
5590,high,2,8.0,5.0,3.4,B,-100.0
5591,medium,2,17.0,3.0,9.7,A,10.8
5592,medium,0,8.0,1.0,5.0,A,-9.2
5593,low,3,11.0,6.0,8.6,C,3.2
5594,high,1,15.0,20.0,8.6,C,5.0
5595,medium,1,18.0,4.0,7.2,A,-0.6
5596,high,1,9.0,27.0,9.7,A,11.7
5597,high,1,9.0,2.0,9.3,A,9.2
5598,medium,5,3.0,17.0,3.0,A,-100.0
5599,high,1,5.0,11.0,8.3,A,4.2
5600,high,2,6.0,1.0,5.9,A,-11.7
5601,high,1,20.0,2.0,2.0,A,-100.0
5602,low,0,4.0,27.0,9.8,D,15.0
5603,low,2,11.0,2.0,3.5,A,-100.0
5604,none,4,1.0,3.0,8.2,C,-1.1
5605,low,1,2.0,5.0,,A,
5606,medium,2,14.0,3.0,9.8,A,11.6
5607,high,1,14.0,3.0,9.8,A,11.5
5608,medium,1,5.0,14.0,7.1,A,0.3
5609,high,2,5.0,1.0,6.8,C,-6.6
5610,low,3,15.0,2.0,4.4,A,-100.0
5611,none,1,2.0,8.0,8.4,B,7.5
5612,none,1,,9.0,9.9,C,
5613,high,1,9.0,9.0,2.0,A,-100.0
5614,high,3,7.0,50.0,3.5,C,-100.0
5615,medium,3,4.0,15.0,1.3,A,-100.0
5616,high,4,6.0,2.0,9.6,A,3.7
5617,none,0,1.0,1.0,8.4,A,10.0
5618,high,1,7.0,6.0,8.0,C,2.3
5619,none,1,11.0,1.0,9.1,C,10.3
5620,low,1,15.0,32.0,9.4,A,12.5
5621,low,1,7.0,21.0,6.0,D,-5.5
5622,medium,2,4.0,1.0,5.8,D,-9.4
5623,high,0,11.0,1.0,3.6,A,-19.8
5624,low,2,17.0,1.0,7.6,A,-0.4
5625,high,2,4.0,6.0,8.5,C,2.9
5626,low,1,5.0,5.0,8.9,A,10.5
5627,low,2,26.0,16.0,9.8,A,10.9
5628,low,0,28.0,15.0,4.7,A,-12.3
5629,medium,3,5.0,1.0,2.3,C,-100.0
5630,medium,0,7.0,8.0,8.3,B,9.1
5631,medium,2,10.0,29.0,2.3,A,-100.0
5632,high,4,3.0,6.0,8.8,B,-0.4
5633,high,1,11.0,3.0,2.3,A,-100.0
5634,low,2,2.0,12.0,7.4,B,0.1
5635,low,1,3.0,14.0,8.5,A,8.6
5636,low,1,26.0,14.0,8.3,A,5.2
5637,low,2,7.0,0.0,3.8,D,-100.0
5638,none,3,14.0,15.0,1.9,C,-100.0
5639,high,0,16.0,28.0,8.3,C,5.8
5640,low,1,4.0,3.0,3.5,B,-19.1
5641,high,3,14.0,13.0,2.9,A,-100.0
5642,,1,10.0,6.0,8.6,A,7.7
5643,high,3,9.0,3.0,9.0,C,2.6
5644,none,0,3.0,3.0,2.4,A,-100.0
5645,low,1,15.0,29.0,2.1,A,-100.0
5646,medium,0,14.0,1.0,8.3,B,8.4
5647,low,2,11.0,28.0,8.3,A,4.3
5648,low,0,7.0,31.0,2.8,A,-100.0
5649,medium,2,12.0,16.0,8.6,A,5.4
5650,medium,2,18.0,3.0,2.5,A,-100.0
5651,medium,1,7.0,1.0,7.9,C,4.4
5652,none,1,7.0,44.0,6.3,A,-4.2
5653,high,4,3.0,13.0,9.0,A,0.8
5654,none,3,6.0,30.0,6.1,B,-10.4
5655,high,1,14.0,7.0,7.9,A,1.1
5656,low,1,3.0,50.0,9.8,A,15.0
5657,medium,1,10.0,10.0,9.3,A,11.8
5658,high,1,4.0,4.0,8.2,A,3.7
5659,none,1,2.0,31.0,3.4,A,-19.8
5660,medium,1,11.0,5.0,4.7,A,-13.6
5661,low,2,18.0,5.0,5.4,C,-12.6
5662,medium,3,18.0,1.0,1.7,A,-100.0
5663,low,2,4.0,2.0,9.3,A,10.2
5664,low,1,16.0,5.0,9.7,A,13.8
5665,high,1,7.0,9.0,6.3,B,-7.0
5666,medium,1,17.0,11.0,9.6,C,12.8
5667,medium,0,15.0,13.0,9.2,A,13.3
5668,high,0,15.0,9.0,1.5,A,-100.0
5669,none,2,8.0,3.0,8.3,B,3.8
5670,low,2,7.0,2.0,8.5,A,5.5
5671,low,1,40.0,1.0,2.3,A,-100.0
5672,none,0,20.0,1.0,8.4,A,8.1
5673,medium,0,5.0,18.0,3.3,A,-18.1
5674,low,1,3.0,3.0,9.8,A,15.0
5675,high,2,17.0,5.0,6.5,C,-9.4
5676,medium,2,8.0,7.0,8.2,A,3.5
5677,medium,1,8.0,9.0,9.8,A,14.8
5678,high,0,23.0,1.0,5.0,C,-13.3
5679,low,0,8.0,6.0,1.5,A,-100.0
5680,none,0,7.0,3.0,9.4,B,14.9
5681,medium,2,10.0,39.0,2.9,A,-100.0
5682,high,2,8.0,16.0,8.6,A,3.1
5683,low,3,12.0,8.0,1.9,A,-100.0
5684,medium,2,,9.0,1.7,C,
5685,medium,3,12.0,7.0,10.0,A,10.5
5686,low,4,24.0,2.0,8.2,A,-2.8
5687,low,2,9.0,5.0,8.0,A,2.6
5688,none,0,11.0,9.0,,D,
5689,low,4,3.0,18.0,9.2,C,5.0
5690,high,3,11.0,4.0,9.6,A,5.7
5691,medium,0,1.0,13.0,8.7,A,12.0
5692,none,0,5.0,1.0,8.9,C,12.3
5693,low,3,11.0,4.0,9.5,A,8.2
5694,medium,1,2.0,6.0,9.6,A,14.3
5695,low,1,8.0,30.0,9.4,C,13.2
5696,medium,4,9.0,13.0,8.2,C,-1.6
5697,medium,2,6.0,27.0,6.5,C,-5.5
5698,medium,0,5.0,6.0,4.4,C,-12.1
5699,high,0,8.0,1.0,10.0,C,15.0
5700,high,2,8.0,9.0,8.3,A,1.4
5701,none,3,3.0,10.0,4.3,A,-100.0
5702,low,2,1.0,0.0,9.9,C,13.8
5703,low,1,6.0,6.0,8.9,B,10.4
5704,high,1,12.0,8.0,1.9,A,-100.0
5705,medium,2,11.0,2.0,2.0,C,-100.0
5706,low,2,21.0,0.0,7.9,C,0.8
5707,medium,3,6.0,3.0,3.8,B,-100.0
5708,low,2,10.0,0.0,1.3,A,-100.0
5709,none,2,7.0,23.0,7.2,A,-2.0
5710,high,1,,6.0,5.2,C,
5711,low,0,3.0,16.0,5.7,B,-4.3
5712,high,3,14.0,17.0,4.5,A,-100.0
5713,high,4,11.0,6.0,7.7,D,-7.2
5714,medium,1,14.0,2.0,1.5,A,-100.0
5715,none,0,7.0,0.0,2.1,A,-100.0
5716,low,2,1.0,9.0,6.5,B,-4.8
5717,none,1,12.0,15.0,8.2,A,5.4
5718,high,2,14.0,10.0,2.5,B,-100.0
5719,low,4,5.0,43.0,1.9,A,-100.0
5720,none,1,18.0,7.0,8.8,B,8.0
5721,low,2,14.0,15.0,5.6,B,-11.0
5722,high,2,13.0,19.0,1.1,B,-100.0
5723,medium,1,9.0,0.0,9.1,A,10.7
5724,high,1,12.0,19.0,6.4,A,-6.8
5725,low,2,10.0,8.0,5.6,A,-10.6
5726,medium,1,28.0,16.0,6.0,A,-8.0
5727,medium,1,8.0,12.0,7.0,A,-0.6
5728,high,0,2.0,9.0,8.3,B,7.0
5729,low,3,14.0,5.0,6.7,A,-7.5
5730,medium,1,9.0,29.0,3.5,A,-19.8
5731,medium,2,5.0,6.0,8.9,A,7.6
5732,high,2,8.0,18.0,1.5,B,-100.0
5733,high,2,18.0,45.0,8.3,A,0.8
5734,medium,1,8.0,27.0,8.6,A,8.4
5735,low,2,13.0,10.0,7.8,A,1.2
5736,high,2,2.0,5.0,3.2,B,-100.0
5737,low,1,4.0,1.0,4.7,A,-12.6
5738,medium,2,8.0,24.0,6.3,A,-6.8
5739,medium,1,4.0,3.0,1.9,B,-100.0
5740,none,0,15.0,3.0,8.7,C,10.3
5741,none,1,5.0,2.0,6.3,A,-4.5
5742,none,1,10.0,7.0,6.7,A,-2.7
5743,low,2,5.0,3.0,6.5,A,-5.2
5744,low,2,3.0,50.0,8.0,C,3.7
5745,,1,14.0,9.0,4.1,A,-17.4
5746,none,0,6.0,19.0,7.5,A,4.7
5747,low,0,4.0,40.0,9.5,A,15.0
5748,none,3,35.0,7.0,8.6,A,0.2
5749,none,3,3.0,11.0,9.3,A,7.3
5750,high,2,3.0,1.0,9.8,A,10.1
5751,high,1,6.0,44.0,4.3,A,-17.5
5752,high,3,2.0,16.0,7.0,A,-7.6
5753,high,0,6.0,4.0,9.3,A,12.1
5754,low,1,13.0,19.0,6.5,A,-3.4
5755,medium,1,2.0,15.0,8.6,A,8.9
5756,none,0,13.0,43.0,9.0,A,12.5
5757,high,3,4.0,3.0,1.9,B,-100.0
5758,high,3,5.0,13.0,2.1,C,-100.0
5759,low,1,14.0,39.0,5.7,B,-7.7
5760,medium,1,5.0,3.0,8.2,A,6.2
5761,medium,1,11.0,2.0,8.1,C,5.1
5762,low,2,7.0,1.0,9.3,A,9.9
5763,high,0,5.0,3.0,2.3,C,-100.0
5764,high,1,25.0,9.0,8.4,A,2.8
5765,low,1,8.0,8.0,3.9,A,-17.3
5766,high,2,25.0,18.0,3.9,C,-100.0
5767,low,2,32.0,1.0,9.3,C,7.4
5768,high,0,7.0,12.0,2.6,A,-100.0
5769,medium,1,10.0,6.0,6.8,A,-1.9
5770,low,0,4.0,24.0,9.6,A,15.0
5771,high,1,27.0,32.0,4.2,A,-100.0
5772,low,3,11.0,7.0,6.0,A,-11.1
5773,medium,0,10.0,15.0,6.7,A,0.1
5774,high,1,2.0,18.0,,A,
5775,medium,2,6.0,1.0,8.5,B,5.3
5776,high,0,13.0,3.0,9.5,A,12.5
5777,medium,3,6.0,5.0,3.9,A,-100.0
5778,none,4,16.0,3.0,9.1,A,2.4
5779,high,2,18.0,12.0,2.6,A,-100.0
5780,medium,1,8.0,1.0,5.1,A,-11.1
5781,low,1,15.0,10.0,9.3,A,11.7
5782,medium,2,12.0,6.0,8.3,C,3.6
5783,,2,5.0,18.0,1.9,A,-100.0
5784,low,2,9.0,50.0,8.5,A,5.8
5785,none,0,22.0,27.0,3.7,B,-17.7
5786,low,1,16.0,16.0,1.5,C,-100.0
5787,low,2,15.0,9.0,1.2,C,-100.0
5788,none,3,12.0,27.0,9.0,A,4.9
5789,none,1,6.0,2.0,2.4,A,-100.0
5790,medium,1,9.0,40.0,3.3,A,-100.0
5791,low,2,7.0,3.0,9.6,A,11.6
5792,medium,2,6.0,1.0,10.0,A,13.5
5793,high,1,23.0,8.0,2.0,A,-100.0
5794,medium,2,9.0,12.0,8.7,A,6.2
5795,high,0,2.0,17.0,8.2,A,6.5
5796,low,2,8.0,7.0,2.5,A,-100.0
5797,,4,5.0,9.0,1.2,C,-100.0
5798,medium,3,25.0,22.0,8.6,C,1.6
5799,low,0,12.0,9.0,6.8,A,0.8
5800,medium,0,12.0,19.0,6.7,C,-0.1
5801,low,2,3.0,24.0,7.4,C,0.1
5802,none,2,11.0,17.0,3.6,C,-100.0
5803,none,3,1.0,28.0,8.2,A,1.7
5804,high,1,4.0,21.0,6.2,C,-7.1
5805,medium,3,7.0,5.0,2.5,C,-100.0
5806,medium,1,4.0,16.0,2.0,A,-100.0
5807,high,2,6.0,4.0,9.7,A,9.3
5808,high,1,14.0,2.0,7.7,B,-0.1
5809,high,0,5.0,22.0,7.5,A,2.4
5810,low,3,5.0,2.0,8.1,A,1.0
5811,high,1,5.0,12.0,5.4,A,-11.7
5812,high,1,10.0,18.0,9.7,B,11.5
5813,low,0,17.0,13.0,7.9,A,6.4
5814,high,0,15.0,0.0,4.4,A,-15.8
5815,medium,2,1.0,6.0,5.6,A,-10.1
5816,medium,0,17.0,0.0,5.6,A,-6.8
5817,medium,0,14.0,10.0,8.0,A,6.8
5818,high,0,12.0,13.0,7.5,A,1.7
5819,high,0,12.0,36.0,2.9,A,-100.0
5820,medium,3,5.0,6.0,7.1,C,-4.8
5821,medium,2,18.0,15.0,8.9,B,6.4
5822,low,1,6.0,15.0,1.7,C,-100.0
5823,medium,3,14.0,0.0,8.2,A,0.3
5824,high,0,16.0,2.0,1.3,A,-100.0
5825,medium,0,17.0,11.0,6.2,C,-3.4
5826,medium,1,16.0,4.0,2.9,A,-100.0
5827,high,1,5.0,4.0,4.1,A,-18.9
5828,none,1,2.0,8.0,9.8,A,15.0
5829,low,4,10.0,8.0,5.6,C,-15.6
5830,high,3,4.0,6.0,4.8,A,-20.0
5831,medium,2,4.0,22.0,1.8,A,-100.0
5832,high,2,3.0,20.0,2.4,A,-100.0
5833,none,2,9.0,13.0,6.0,A,-8.9
5834,low,1,11.0,7.0,8.2,A,6.0
5835,high,0,10.0,37.0,7.9,A,4.3
5836,high,3,10.0,7.0,3.1,A,-100.0
5837,high,3,13.0,5.0,8.8,A,1.1
5838,low,2,6.0,1.0,8.6,C,6.2
5839,medium,1,13.0,20.0,8.5,A,7.3
5840,low,2,17.0,1.0,8.4,C,4.0
5841,low,2,7.0,1.0,8.0,A,2.8
5842,medium,0,8.0,6.0,6.0,A,-3.6
5843,none,0,4.0,50.0,5.1,A,-8.0
5844,low,1,4.0,21.0,2.0,A,-100.0
5845,low,0,16.0,3.0,1.3,B,-100.0
5846,medium,1,18.0,6.0,7.1,A,-1.1
5847,medium,2,1.0,3.0,9.8,A,12.9
5848,none,0,1.0,18.0,6.7,A,0.8
5849,low,0,15.0,16.0,5.7,A,-5.5
5850,medium,2,14.0,0.0,7.5,C,-1.1
5851,high,1,7.0,15.0,6.2,A,-7.5
5852,high,1,19.0,32.0,6.3,A,-8.0
5853,medium,2,24.0,14.0,2.3,A,-100.0
5854,high,1,7.0,4.0,1.8,C,-100.0
5855,none,3,24.0,0.0,3.9,A,-100.0
5856,low,4,8.0,11.0,6.1,C,-12.7
5857,high,3,17.0,6.0,10.0,A,7.3
5858,high,2,14.0,3.0,2.1,A,-100.0
5859,none,0,4.0,3.0,9.4,A,15.0
5860,high,0,1.0,16.0,9.1,A,11.6
5861,low,3,12.0,2.0,8.2,A,0.9
5862,none,2,18.0,7.0,8.2,A,2.2
5863,medium,1,13.0,10.0,3.0,A,-100.0
5864,none,0,9.0,11.0,4.2,A,-13.8
5865,none,1,4.0,10.0,7.8,B,4.0
5866,medium,1,5.0,18.0,8.1,C,5.8
5867,none,1,4.0,2.0,9.2,A,11.6
5868,medium,2,6.0,50.0,8.1,A,3.6
5869,none,0,9.0,3.0,8.9,A,12.0
5870,high,0,6.0,8.0,1.5,C,-100.0
5871,medium,1,3.0,20.0,7.4,C,2.2
5872,medium,3,13.0,0.0,8.9,A,4.2
5873,medium,1,19.0,8.0,3.2,A,-100.0
5874,low,1,5.0,8.0,9.4,A,13.3
5875,low,1,6.0,12.0,9.7,A,14.8
5876,none,1,11.0,7.0,9.3,A,11.5
5877,medium,1,9.0,1.0,6.6,A,-3.0
5878,none,2,5.0,10.0,9.8,A,12.4
5879,none,3,5.0,0.0,7.9,A,-0.7
5880,low,1,15.0,9.0,3.7,A,-19.1
5881,none,0,19.0,6.0,9.9,A,15.0
5882,medium,1,6.0,17.0,8.4,A,7.4
5883,low,1,10.0,1.0,6.5,A,-3.3
5884,high,1,14.0,25.0,6.2,A,-8.1
5885,low,2,29.0,2.0,1.7,D,-100.0
5886,medium,1,7.0,12.0,8.8,D,9.4
5887,low,2,5.0,6.0,2.8,A,-100.0
5888,high,0,11.0,0.0,3.6,A,-19.8
5889,high,3,4.0,8.0,9.0,A,3.2
5890,medium,3,9.0,15.0,5.1,C,-16.1
5891,medium,1,8.0,4.0,8.2,B,5.9
5892,medium,3,9.0,1.0,10.0,A,10.7
5893,low,0,23.0,10.0,8.4,C,8.5
5894,high,0,3.0,3.0,2.7,A,-100.0
5895,none,3,16.0,6.0,9.3,C,6.0
5896,low,2,22.0,1.0,1.4,A,-100.0
5897,high,0,2.0,50.0,1.8,A,-100.0
5898,high,2,2.0,18.0,6.4,A,-8.3
5899,high,3,5.0,26.0,8.2,C,-1.2
5900,none,1,1.0,4.0,3.8,C,-17.8
5901,,2,17.0,5.0,5.5,A,-12.5
5902,none,3,11.0,6.0,9.2,A,5.9
5903,low,4,35.0,50.0,7.3,C,-8.4
5904,high,3,1.0,2.0,5.9,A,-13.7
5905,medium,1,5.0,29.0,9.2,A,12.0
5906,high,0,17.0,6.0,8.8,A,8.2
5907,low,0,13.0,13.0,8.2,C,8.4
5908,medium,1,,8.0,5.6,C,
5909,low,2,14.0,12.0,8.1,A,2.7
5910,,1,8.0,50.0,9.0,A,10.6
5911,medium,1,8.0,29.0,3.7,C,-18.6
5912,none,3,6.0,13.0,7.4,A,-3.4
5913,medium,5,9.0,21.0,6.7,A,-12.2
5914,low,3,13.0,0.0,8.9,A,4.6
5915,medium,1,15.0,2.0,3.8,D,-19.0
5916,low,2,4.0,16.0,6.6,D,-4.5
5917,low,1,16.0,25.0,7.0,B,-0.9
5918,high,1,7.0,0.0,7.3,C,-1.6
5919,none,0,7.0,13.0,2.4,A,-100.0
5920,medium,1,4.0,2.0,5.8,A,-6.9
5921,medium,0,16.0,11.0,2.2,C,-100.0
5922,low,0,2.0,2.0,8.1,A,8.8
5923,medium,3,3.0,36.0,6.2,A,-9.2
5924,high,2,18.0,19.0,2.6,C,-100.0
5925,medium,1,7.0,6.0,8.2,A,6.1
5926,medium,2,11.0,14.0,5.5,A,-11.6
5927,none,3,7.0,1.0,3.8,B,-100.0
5928,low,2,4.0,5.0,2.0,D,-100.0
5929,low,0,7.0,4.0,7.0,A,2.3
5930,high,0,11.0,19.0,9.4,A,12.3
5931,none,0,15.0,7.0,2.6,A,-100.0
5932,high,0,15.0,4.0,5.3,A,-10.8
5933,high,1,13.0,4.0,1.9,C,-100.0
5934,low,2,5.0,8.0,1.3,A,-100.0
5935,low,0,7.0,22.0,9.3,A,15.0
5936,medium,4,18.0,6.0,7.4,A,-6.9
5937,high,1,11.0,5.0,8.6,A,5.2
5938,high,0,16.0,43.0,10.0,A,15.0
5939,high,4,5.0,11.0,8.7,C,-1.1
5940,medium,2,2.0,3.0,4.9,A,-14.1
5941,high,2,1.0,29.0,2.3,B,-100.0
5942,low,2,4.0,8.0,2.6,A,-100.0
5943,low,1,7.0,35.0,8.3,A,7.3
5944,none,1,19.0,8.0,8.4,A,5.8
5945,high,1,12.0,2.0,6.7,A,-5.4
5946,medium,0,11.0,32.0,9.6,A,15.0
5947,high,1,9.0,1.0,9.2,B,8.7
5948,low,1,13.0,3.0,1.3,A,-100.0
5949,medium,0,9.0,4.0,1.1,B,-100.0
5950,high,3,8.0,6.0,9.0,A,2.7
5951,medium,2,0.0,0.0,3.3,A,-100.0
5952,high,0,15.0,11.0,7.8,A,3.0
5953,high,1,13.0,16.0,6.2,A,-8.1
5954,medium,1,5.0,4.0,9.8,A,15.0
5955,low,3,9.0,1.0,8.8,A,4.5
5956,medium,1,5.0,50.0,2.5,A,-100.0
5957,high,1,10.0,18.0,5.3,C,-12.7
5958,low,1,21.0,0.0,5.8,C,-8.2
5959,low,2,9.0,11.0,8.2,A,3.8
5960,none,3,2.0,11.0,1.6,A,-100.0
5961,high,0,11.0,12.0,9.9,D,15.0
5962,none,5,14.0,2.0,5.1,A,-100.0
5963,low,1,13.0,12.0,3.6,A,-19.4
5964,high,2,2.0,35.0,1.7,A,-100.0
5965,high,1,5.0,9.0,9.2,B,9.2
5966,medium,0,11.0,19.0,9.6,A,15.0
5967,none,2,26.0,0.0,2.1,A,-100.0
5968,low,2,7.0,1.0,1.9,A,-100.0
5969,low,2,10.0,8.0,9.1,B,8.6
5970,high,2,5.0,2.0,8.8,B,4.4
5971,,0,8.0,5.0,6.7,A,-0.0
5972,low,0,14.0,4.0,4.2,A,-13.8
5973,medium,1,16.0,8.0,7.7,C,2.4
5974,high,0,5.0,4.0,9.0,A,10.5
5975,high,2,15.0,11.0,3.3,A,-100.0
5976,low,3,12.0,11.0,10.0,A,10.9
5977,low,0,9.0,0.0,5.8,A,-4.5
5978,high,0,3.0,31.0,7.2,A,1.1
5979,high,2,3.0,2.0,3.8,C,-100.0
5980,high,0,21.0,20.0,4.3,A,-16.8
5981,low,0,11.0,35.0,8.6,C,11.0
5982,none,1,7.0,5.0,9.2,A,11.3
5983,low,4,14.0,13.0,4.8,A,-100.0
5984,medium,3,2.0,0.0,1.2,D,-100.0
5985,medium,2,5.0,1.0,5.0,A,-13.9
5986,low,2,4.0,12.0,8.1,A,3.7
5987,low,1,10.0,49.0,8.6,A,8.8
5988,none,1,11.0,2.0,9.4,A,12.0
5989,,1,22.0,11.0,6.1,A,-7.2
5990,none,6,5.0,3.0,8.6,A,-4.3
5991,high,3,18.0,8.0,2.8,A,-100.0
5992,high,0,6.0,18.0,9.1,A,11.1
5993,medium,2,,16.0,9.0,C,
5994,low,0,16.0,7.0,9.2,A,13.5
5995,,1,10.0,7.0,8.1,A,5.0
5996,medium,2,4.0,11.0,1.1,C,-100.0
5997,medium,0,14.0,0.0,2.3,B,-100.0
5998,high,2,21.0,3.0,5.7,A,-14.2
5999,low,3,8.0,4.0,1.7,A,-100.0
6000,high,1,7.0,25.0,5.9,C,-9.0
6001,low,3,6.0,15.0,9.1,A,6.6
6002,low,1,6.0,3.0,8.0,A,5.4
6003,none,1,14.0,10.0,2.8,A,-100.0
6004,high,1,5.0,1.0,5.5,C,-11.3
6005,none,1,1.0,26.0,,C,
6006,high,0,8.0,2.0,8.8,B,9.1
6007,medium,1,9.0,13.0,8.6,A,8.1
6008,high,1,3.0,10.0,10.0,A,13.8
6009,low,2,3.0,2.0,1.3,A,-100.0
6010,low,2,2.0,18.0,6.3,B,-5.9
6011,medium,2,18.0,5.0,2.2,A,-100.0
6012,high,1,11.0,30.0,7.2,C,-2.2
6013,medium,0,4.0,12.0,3.4,D,-17.5
6014,,5,7.0,1.0,7.7,A,-7.0
6015,none,2,9.0,3.0,8.9,A,7.0
6016,low,1,4.0,15.0,7.4,A,2.4
6017,high,4,3.0,8.0,9.5,A,3.5
6018,high,1,21.0,41.0,5.1,A,-14.7
6019,high,0,20.0,10.0,8.2,C,4.7
6020,low,2,12.0,8.0,2.5,C,-100.0
6021,low,3,9.0,23.0,9.8,A,10.2
6022,low,2,22.0,16.0,4.6,A,-17.3
6023,none,0,14.0,4.0,8.1,B,7.1
6024,medium,1,5.0,7.0,6.9,A,-0.9
6025,low,1,17.0,6.0,3.2,A,-100.0
6026,high,2,2.0,30.0,4.1,A,-100.0
6027,high,1,9.0,3.0,2.8,A,-100.0
6028,low,2,25.0,1.0,6.8,A,-5.6
6029,high,2,,23.0,3.0,C,
6030,low,2,4.0,6.0,6.7,C,-4.0
6031,high,2,4.0,7.0,6.6,A,-7.6
6032,low,1,3.0,32.0,7.0,A,0.5
6033,medium,2,11.0,2.0,5.7,C,-10.6
6034,medium,3,2.0,16.0,9.1,C,6.6
6035,high,1,9.0,1.0,9.9,A,12.5
6036,high,3,31.0,12.0,1.9,C,-100.0
6037,medium,0,8.0,6.0,6.1,C,-3.1
6038,low,0,13.0,36.0,2.1,A,-100.0
6039,high,1,8.0,21.0,4.8,A,-15.2
6040,low,2,3.0,12.0,3.0,B,-100.0
6041,medium,7,14.0,23.0,1.4,A,-100.0
6042,medium,0,8.0,3.0,9.6,A,15.0
6043,medium,0,4.0,0.0,5.0,A,-8.8
6044,low,5,22.0,1.0,4.3,A,-100.0
6045,medium,0,18.0,17.0,8.2,A,
6046,high,2,16.0,5.0,9.2,A,5.5
6047,low,1,18.0,13.0,4.9,A,-12.7
6048,none,1,22.0,10.0,10.0,A,14.3
6049,low,2,15.0,12.0,8.9,A,7.0
6050,low,3,7.0,17.0,2.2,C,-100.0
6051,medium,3,1.0,0.0,2.8,A,-100.0
6052,low,2,6.0,8.0,8.9,C,7.9
6053,medium,0,30.0,35.0,3.3,B,-100.0
6054,medium,3,9.0,1.0,1.8,A,-100.0
6055,low,3,32.0,24.0,4.5,A,-100.0
6056,high,1,18.0,18.0,2.3,A,-100.0
6057,low,0,12.0,6.0,9.2,A,13.9
6058,medium,1,10.0,9.0,8.6,A,8.0
6059,medium,2,11.0,22.0,4.6,A,-16.5
6060,none,3,15.0,13.0,2.3,B,-100.0
6061,high,2,3.0,4.0,2.8,A,-100.0
6062,high,1,13.0,9.0,3.8,C,-100.0
6063,high,0,13.0,2.0,7.4,A,0.9
6064,low,0,7.0,26.0,8.4,A,10.2
6065,none,0,11.0,6.0,9.2,A,13.4
6066,medium,1,14.0,0.0,9.1,A,10.2
6067,low,0,2.0,3.0,9.7,A,15.0
6068,high,0,11.0,0.0,3.9,A,-18.2
6069,medium,0,13.0,4.0,3.8,D,-16.3
6070,none,0,5.0,0.0,4.7,A,-10.8
6071,high,3,3.0,11.0,9.3,C,4.9
6072,high,2,14.0,7.0,8.9,B,4.1
6073,high,1,20.0,6.0,8.6,B,4.3
6074,low,2,30.0,6.0,2.4,A,-100.0
6075,low,3,6.0,18.0,1.1,A,-100.0
6076,high,1,21.0,2.0,9.6,C,9.7
6077,high,1,8.0,6.0,8.9,B,7.2
6078,low,3,4.0,8.0,2.1,C,-100.0
6079,low,2,12.0,2.0,9.7,A,11.6
6080,medium,0,14.0,24.0,1.6,A,-100.0
6081,high,4,10.0,16.0,1.4,A,-100.0
6082,medium,4,9.0,38.0,3.1,C,-100.0
6083,low,4,7.0,31.0,7.4,A,-5.2
6084,low,1,8.0,6.0,1.3,A,-100.0
6085,medium,2,4.0,3.0,8.7,A,6.6
6086,high,0,11.0,21.0,5.0,A,-11.9
6087,low,1,6.0,3.0,5.6,A,-7.8
6088,medium,1,2.0,6.0,8.8,A,9.9
6089,none,1,14.0,25.0,9.5,A,12.5
6090,medium,4,5.0,2.0,9.0,C,3.1
6091,low,0,2.0,2.0,7.3,A,4.4
6092,medium,0,8.0,32.0,2.6,A,-100.0
6093,high,3,13.0,4.0,9.7,A,6.1
6094,low,3,9.0,7.0,9.5,A,8.4
6095,high,2,25.0,4.0,9.2,A,4.6
6096,low,0,10.0,5.0,6.2,A,-2.4
6097,high,2,4.0,13.0,2.5,C,-100.0
6098,low,2,32.0,38.0,3.5,A,-100.0
6099,none,2,5.0,1.0,7.2,C,-2.0
6100,high,1,4.0,11.0,4.9,A,-14.4
6101,high,2,2.0,50.0,2.4,A,-100.0
6102,high,1,4.0,29.0,8.9,A,7.8
6103,medium,2,4.0,9.0,9.1,A,8.8
6104,none,1,11.0,0.0,4.5,C,-15.0
6105,none,3,8.0,6.0,2.2,B,-100.0
6106,high,2,4.0,2.0,9.7,A,9.5
6107,low,0,5.0,2.0,8.5,C,10.7
6108,none,4,6.0,9.0,6.4,C,-11.4
6109,medium,0,5.0,1.0,4.3,A,-12.7
6110,medium,3,12.0,8.0,8.6,A,2.8
6111,high,0,4.0,15.0,2.5,A,-100.0
6112,low,0,6.0,39.0,1.2,C,-100.0
6113,low,1,8.0,2.0,3.8,D,-17.9
6114,medium,0,12.0,1.0,6.2,A,-3.0
6115,high,4,9.0,34.0,5.1,A,-100.0
6116,low,0,10.0,8.0,,D,
6117,high,0,31.0,9.0,8.6,C,5.8
6118,none,3,4.0,19.0,5.7,A,-12.5
6119,low,0,4.0,1.0,9.6,A,15.0
6120,high,0,10.0,26.0,6.8,A,-1.9
6121,none,2,5.0,14.0,6.6,A,-5.2
6122,high,1,9.0,7.0,3.2,D,-100.0
6123,high,2,10.0,2.0,9.7,A,8.8
6124,low,3,16.0,5.0,9.3,D,6.6
6125,low,2,10.0,14.0,8.2,D,3.7
6126,high,1,30.0,26.0,1.4,A,-100.0
6127,high,1,6.0,2.0,8.9,C,7.3
6128,high,0,13.0,12.0,3.5,B,-100.0
6129,none,4,13.0,25.0,6.0,A,-14.2
6130,medium,1,12.0,1.0,7.7,A,2.8
6131,high,2,6.0,0.0,3.6,A,-100.0
6132,high,1,3.0,11.0,10.0,B,13.8
6133,high,0,28.0,16.0,8.8,B,7.2
6134,high,1,21.0,10.0,3.1,D,-100.0
6135,medium,0,2.0,0.0,9.6,A,15.0
6136,low,1,15.0,4.0,8.6,A,7.8
6137,low,4,7.0,2.0,8.5,B,0.5
6138,low,0,5.0,14.0,10.0,D,15.0
6139,high,3,9.0,1.0,10.0,A,8.1
6140,high,3,10.0,23.0,7.5,A,-5.5
6141,none,0,36.0,3.0,9.1,A,10.4
6142,medium,0,1.0,10.0,9.7,C,15.0
6143,none,1,11.0,2.0,8.5,C,7.1
6144,medium,2,20.0,0.0,7.3,C,-2.7
6145,high,2,5.0,5.0,9.5,A,8.3
6146,medium,1,22.0,2.0,4.7,A,-14.7
6147,high,0,7.0,27.0,8.7,C,8.9
6148,none,1,1.0,27.0,9.4,C,13.3
6149,medium,0,29.0,16.0,3.7,A,-18.3
6150,medium,1,6.0,6.0,6.4,A,-3.7
6151,medium,0,17.0,36.0,2.1,A,-100.0
6152,high,0,12.0,11.0,4.5,B,-14.9
6153,low,2,23.0,19.0,6.0,A,-9.6
6154,medium,3,8.0,2.0,3.8,A,-100.0
6155,high,0,3.0,16.0,8.3,A,7.0
6156,low,2,4.0,7.0,1.3,A,-100.0
6157,high,2,3.0,3.0,3.7,A,-100.0
6158,low,0,10.0,7.0,2.4,A,-100.0
6159,medium,1,21.0,16.0,9.6,B,12.5
6160,low,1,13.0,2.0,5.2,A,-10.7
6161,low,1,10.0,16.0,6.9,C,-0.9
6162,low,1,11.0,10.0,4.2,A,-15.9
6163,high,2,8.0,9.0,5.5,B,-14.0
6164,high,2,9.0,1.0,5.6,C,-13.6
6165,high,1,2.0,45.0,2.2,A,-100.0
6166,high,1,1.0,17.0,8.0,D,3.0
6167,low,0,18.0,6.0,8.2,B,7.8
6168,medium,0,8.0,8.0,8.1,A,7.9
6169,none,0,1.0,5.0,9.1,A,13.9
6170,none,1,9.0,8.0,4.8,A,-13.0
6171,low,0,6.0,31.0,9.0,A,13.7
6172,high,0,10.0,5.0,3.2,A,-100.0
6173,high,0,4.0,3.0,9.0,A,10.6
6174,high,0,3.0,12.0,2.8,C,-100.0
6175,low,1,6.0,22.0,5.9,C,-6.0
6176,none,2,9.0,4.0,8.4,A,4.2
6177,high,0,3.0,3.0,8.8,C,9.6
6178,high,2,11.0,19.0,6.9,A,-6.5
6179,none,1,2.0,3.0,4.4,A,-14.6
6180,none,0,24.0,8.0,9.2,A,12.2
6181,high,1,1.0,8.0,,C,
6182,high,1,3.0,11.0,3.3,D,-100.0
6183,medium,0,21.0,15.0,1.4,A,-100.0
6184,low,3,21.0,5.0,2.2,A,-100.0
6185,low,1,18.0,2.0,9.3,A,11.3
6186,high,2,15.0,7.0,8.0,A,-1.0
6187,medium,0,26.0,5.0,4.9,C,-11.5
6188,none,1,8.0,14.0,2.3,A,-100.0
6189,none,1,8.0,4.0,9.6,A,13.4
6190,none,1,4.0,3.0,9.8,C,14.9
6191,high,2,2.0,16.0,9.2,D,7.0
6192,none,2,8.0,3.0,8.0,A,2.1
6193,low,0,11.0,3.0,8.2,A,8.5
6194,none,3,12.0,14.0,6.6,A,-8.4
6195,low,0,7.0,9.0,9.5,A,15.0
6196,high,3,7.0,0.0,7.7,A,-4.4
6197,high,0,8.0,28.0,7.8,A,3.9
6198,medium,1,7.0,6.0,3.1,A,-100.0
6199,none,2,12.0,7.0,8.9,C,6.7
6200,low,2,7.0,11.0,8.6,A,6.2
6201,low,0,2.0,1.0,4.2,A,-12.6
6202,high,1,1.0,17.0,9.0,A,8.5
6203,high,2,9.0,8.0,4.2,B,-100.0
6204,high,3,11.0,2.0,9.2,A,3.5
6205,high,1,15.0,16.0,3.0,A,-100.0
6206,high,1,11.0,29.0,1.2,C,-100.0
6207,high,1,6.0,3.0,2.0,A,-100.0
6208,medium,0,4.0,43.0,4.5,A,-11.1
6209,high,2,6.0,2.0,9.7,A,9.2
6210,low,1,21.0,5.0,8.3,A,5.6
6211,high,1,25.0,1.0,8.4,A,2.7
6212,high,2,10.0,2.0,7.0,A,-6.0
6213,medium,2,7.0,10.0,4.8,B,-15.1
6214,high,7,9.0,50.0,9.0,A,-6.9
6215,medium,3,22.0,6.0,1.8,C,-100.0
6216,low,0,13.0,13.0,9.1,A,13.3
6217,low,1,8.0,3.0,9.3,C,12.4
6218,low,3,6.0,11.0,8.4,D,2.7
6219,medium,2,12.0,2.0,6.9,A,-4.1
6220,high,2,11.0,11.0,8.2,B,0.6
6221,high,2,6.0,10.0,8.0,A,-0.0
6222,low,0,18.0,9.0,5.3,A,-8.1
6223,high,1,11.0,22.0,7.3,A,-1.8
6224,medium,2,2.0,2.0,8.5,C,5.7
6225,medium,0,17.0,13.0,5.7,C,-6.1
6226,none,0,18.0,1.0,5.1,A,-9.9
6227,low,0,7.0,15.0,3.4,A,-17.4
6228,medium,1,14.0,5.0,3.7,A,-19.4
6229,high,4,10.0,16.0,7.6,A,-7.6
6230,medium,2,8.0,20.0,10.0,A,13.5
6231,low,3,1.0,23.0,8.6,A,4.4
6232,low,1,4.0,22.0,1.7,B,-100.0
6233,medium,2,14.0,4.0,8.0,A,1.7
6234,high,4,9.0,11.0,5.5,A,-19.1
6235,high,1,11.0,5.0,8.2,C,3.0
6236,low,0,6.0,6.0,2.8,A,-100.0
6237,none,0,4.0,42.0,2.7,A,-100.0
6238,high,1,17.0,7.0,8.0,A,1.3
6239,high,2,13.0,10.0,2.0,A,-100.0
6240,high,2,7.0,0.0,8.6,A,3.1
6241,high,1,16.0,6.0,5.1,A,-14.5
6242,,4,,45.0,8.6,C,
6243,low,1,11.0,24.0,1.6,A,-100.0
6244,low,2,12.0,1.0,9.0,A,7.8
6245,medium,2,9.0,12.0,9.8,A,12.2
6246,none,3,3.0,14.0,3.6,A,-100.0
6247,high,1,5.0,12.0,7.8,A,1.5
6248,,1,3.0,9.0,5.2,C,-10.2
6249,medium,2,8.0,23.0,1.6,A,-100.0
6250,high,5,2.0,3.0,3.0,A,-100.0
6251,low,2,17.0,1.0,9.4,A,9.5
6252,low,3,25.0,32.0,6.2,A,-11.1
6253,high,2,17.0,2.0,5.0,A,-17.7
6254,high,4,7.0,3.0,2.2,A,-100.0
6255,medium,2,2.0,7.0,9.4,C,10.7
6256,none,2,13.0,39.0,8.2,B,3.1
6257,high,2,4.0,12.0,3.2,A,-100.0
6258,high,4,7.0,31.0,2.5,A,-100.0
6259,low,2,2.0,6.0,2.2,A,-100.0
6260,medium,3,12.0,25.0,2.3,A,-100.0
6261,medium,1,17.0,49.0,2.1,C,-100.0
6262,medium,0,21.0,23.0,9.4,A,13.9
6263,medium,2,1.0,15.0,1.9,A,-100.0
6264,low,0,13.0,31.0,7.2,A,3.1
6265,high,3,10.0,1.0,8.6,A,0.3
6266,high,2,1.0,11.0,6.2,A,-9.4
6267,high,1,9.0,25.0,1.5,A,-100.0
6268,low,0,10.0,16.0,9.6,A,15.0
6269,medium,0,12.0,6.0,7.1,A,2.0
6270,high,2,2.0,1.0,9.7,A,9.6
6271,low,2,4.0,5.0,2.6,A,-100.0
6272,high,1,5.0,15.0,8.7,A,6.5
6273,medium,0,18.0,15.0,5.3,A,-8.4
6274,low,2,1.0,6.0,3.6,A,-100.0
6275,high,0,12.0,3.0,8.2,A,5.4
6276,medium,0,20.0,1.0,1.5,C,-100.0
6277,low,0,6.0,7.0,9.6,A,15.0
6278,high,0,11.0,2.0,2.8,B,-100.0
6279,high,0,2.0,14.0,1.7,A,-100.0
6280,high,1,14.0,8.0,4.7,A,-16.5
6281,high,0,0.0,24.0,3.8,C,-17.4
6282,medium,0,4.0,1.0,4.7,A,-10.4
6283,low,0,3.0,13.0,8.2,C,9.4
6284,none,2,5.0,2.0,3.7,A,-100.0
6285,medium,0,30.0,5.0,6.1,A,-5.3
6286,low,2,11.0,21.0,4.9,A,-14.5
6287,none,2,16.0,23.0,7.3,A,-2.3
6288,none,2,6.0,3.0,6.6,A,-5.4
6289,medium,0,3.0,32.0,9.4,A,15.0
6290,high,2,21.0,23.0,8.5,A,1.4
6291,medium,0,6.0,9.0,4.7,C,-10.6
6292,high,0,5.0,4.0,8.4,C,7.2
6293,high,3,33.0,9.0,7.2,A,-9.6
6294,none,1,1.0,1.0,8.4,A,7.5
6295,low,0,4.0,14.0,2.9,A,-19.8
6296,high,2,2.0,11.0,9.1,A,6.4
6297,low,1,1.0,3.0,,B,
6298,high,0,6.0,8.0,2.5,D,-100.0
6299,low,0,10.0,4.0,1.6,C,-100.0
6300,medium,0,4.0,7.0,8.2,A,8.9
6301,low,0,8.0,25.0,9.3,C,15.0
6302,none,2,3.0,16.0,8.3,A,4.4
6303,none,0,6.0,1.0,9.4,A,15.0
6304,high,2,5.0,2.0,4.8,A,-17.6
6305,medium,3,0.0,22.0,9.5,A,9.1
6306,low,3,7.0,32.0,1.3,A,-100.0
6307,low,2,9.0,3.0,2.9,A,-100.0
6308,none,0,5.0,1.0,4.8,A,-10.2
6309,low,1,40.0,10.0,3.6,A,-100.0
6310,low,0,5.0,37.0,8.0,B,8.3
6311,low,3,14.0,10.0,3.4,C,-100.0
6312,low,2,8.0,2.0,5.4,B,-11.6
6313,low,2,6.0,5.0,2.7,C,-100.0
6314,none,2,8.0,18.0,8.5,A,5.0
6315,high,0,2.0,5.0,9.8,A,15.0
6316,medium,3,10.0,11.0,1.8,C,-100.0
6317,low,1,26.0,18.0,5.5,A,-10.2
6318,none,1,40.0,3.0,4.7,A,-16.7
6319,none,2,3.0,0.0,6.9,A,-3.5
6320,low,0,9.0,9.0,9.1,A,13.7
6321,medium,3,8.0,3.0,2.7,A,-100.0
6322,high,1,20.0,28.0,3.2,A,-100.0
6323,medium,1,7.0,2.0,9.0,A,10.4
6324,medium,1,10.0,1.0,8.3,B,6.3
6325,none,0,18.0,16.0,4.5,A,-13.0
6326,high,0,4.0,4.0,4.7,A,-13.0
6327,high,3,4.0,2.0,2.2,A,-100.0
6328,high,1,13.0,4.0,7.9,A,1.2
6329,low,1,3.0,8.0,8.6,A,9.1
6330,high,1,17.0,2.0,8.6,D,4.6
6331,medium,2,16.0,50.0,1.8,C,-100.0
6332,none,3,14.0,8.0,9.9,D,9.5
6333,low,0,14.0,7.0,3.8,D,-16.0
6334,low,0,12.0,12.0,3.5,C,-17.4
6335,low,1,8.0,1.0,3.4,A,-100.0
6336,high,1,8.0,9.0,1.1,A,-100.0
6337,medium,2,4.0,15.0,5.2,C,-12.5
6338,none,1,12.0,16.0,9.8,A,14.2
6339,high,2,,10.0,9.0,C,
6340,low,1,16.0,13.0,9.3,A,11.7
6341,medium,1,22.0,1.0,9.5,B,11.7
6342,high,3,4.0,11.0,9.3,A,4.8
6343,none,2,3.0,2.0,8.8,A,7.0
6344,none,1,5.0,11.0,6.9,C,-1.1
6345,medium,1,10.0,5.0,3.0,A,-100.0
6346,low,1,13.0,28.0,3.2,A,-100.0
6347,medium,1,12.0,11.0,9.0,A,10.0
6348,high,1,0.0,0.0,,C,
6349,none,0,4.0,1.0,5.3,D,-7.4
6350,high,0,5.0,13.0,2.0,C,-100.0
6351,low,1,10.0,2.0,8.6,A,8.3
6352,high,2,19.0,0.0,1.5,A,-100.0
6353,high,0,12.0,3.0,8.6,A,7.6
6354,low,2,6.0,0.0,8.5,A,5.6
6355,high,1,12.0,24.0,9.3,A,9.2
6356,medium,1,11.0,18.0,4.2,A,-16.2
6357,high,2,14.0,9.0,2.3,C,-100.0
6358,high,3,23.0,22.0,5.9,A,-15.7
6359,high,1,5.0,7.0,7.3,A,-1.3
6360,low,0,10.0,4.0,9.0,A,13.0
6361,low,1,18.0,7.0,10.0,C,15.0
6362,none,1,8.0,0.0,6.0,A,-6.4
6363,low,1,9.0,6.0,8.7,A,9.0
6364,high,5,13.0,3.0,9.5,A,-0.0
6365,none,1,13.0,8.0,9.9,A,14.6
6366,none,4,4.0,2.0,8.8,A,1.9
6367,high,2,3.0,14.0,2.7,C,-100.0
6368,high,1,17.0,1.0,3.3,B,-100.0
6369,low,3,14.0,2.0,6.0,A,-11.4
6370,high,3,8.0,13.0,1.1,A,-100.0
6371,high,1,3.0,4.0,1.3,C,-100.0
6372,high,0,8.0,14.0,9.7,A,14.2
6373,none,1,1.0,4.0,9.6,A,14.1
6374,medium,1,2.0,5.0,1.5,A,-100.0
6375,low,0,4.0,23.0,9.9,C,15.0
6376,high,3,0.0,22.0,3.1,A,-100.0
6377,medium,3,16.0,1.0,5.4,B,-15.3
6378,none,1,6.0,5.0,5.2,A,-10.6
6379,high,4,10.0,25.0,9.2,C,1.3
6380,high,1,16.0,27.0,3.1,D,-100.0
6381,low,3,20.0,21.0,8.1,A,-0.3
6382,low,1,11.0,1.0,5.3,C,-10.0
6383,none,3,3.0,10.0,8.8,A,4.6
6384,,3,9.0,5.0,8.5,A,2.3
6385,medium,0,13.0,15.0,9.4,A,14.6
6386,medium,1,5.0,17.0,9.8,B,15.0
6387,high,3,9.0,14.0,2.0,C,-100.0
6388,medium,1,4.0,16.0,9.5,A,13.6
6389,high,1,2.0,1.0,5.7,A,-9.9
6390,high,2,18.0,44.0,5.9,B,-12.4
6391,medium,3,8.0,22.0,4.0,A,-100.0
6392,high,3,11.0,4.0,6.1,A,-13.5
6393,none,2,2.0,8.0,2.7,A,-100.0
6394,high,1,10.0,1.0,10.0,A,13.0
6395,medium,2,11.0,7.0,5.8,A,-10.0
6396,low,2,9.0,5.0,7.6,A,0.4
6397,medium,3,8.0,14.0,1.6,A,-100.0
6398,low,3,15.0,10.0,7.4,A,-3.7
6399,medium,0,10.0,15.0,9.5,A,15.0
6400,medium,1,2.0,33.0,5.0,A,-10.8
6401,low,5,14.0,1.0,8.6,A,-2.1
6402,none,2,4.0,2.0,3.5,A,-100.0
6403,high,1,7.0,32.0,8.4,C,4.8
6404,high,2,9.0,1.0,8.5,C,2.3
6405,high,0,6.0,16.0,8.4,A,7.2
6406,low,1,22.0,2.0,9.4,A,11.5
6407,medium,2,6.0,33.0,8.1,A,3.4
6408,low,2,17.0,40.0,1.4,B,-100.0
6409,none,4,12.0,3.0,6.9,A,-9.3
6410,low,2,8.0,9.0,4.6,A,-15.9
6411,high,1,5.0,0.0,8.6,A,5.8
6412,none,1,18.0,10.0,1.5,C,-100.0
6413,low,4,12.0,6.0,5.5,A,-16.4
6414,low,1,10.0,4.0,4.8,A,-12.6
6415,medium,1,3.0,17.0,8.7,C,9.3
6416,medium,4,3.0,17.0,4.4,A,-100.0
6417,high,1,2.0,2.0,5.5,A,-11.0
6418,none,2,5.0,17.0,2.9,A,-100.0
6419,medium,2,12.0,3.0,4.4,B,-17.9
6420,low,0,4.0,28.0,10.0,A,15.0
6421,low,1,3.0,7.0,9.2,A,12.4
6422,medium,2,6.0,3.0,8.0,C,2.5
6423,high,1,22.0,0.0,8.6,A,4.1
6424,high,1,24.0,37.0,2.6,A,-100.0
6425,low,2,10.0,24.0,5.6,A,-10.5
6426,low,0,3.0,18.0,1.7,B,-100.0
6427,medium,1,8.0,6.0,8.3,B,6.5
6428,low,3,8.0,34.0,3.6,B,-100.0
6429,low,1,19.0,40.0,9.2,A,11.1
6430,medium,2,4.0,42.0,2.1,B,-100.0
6431,low,1,14.0,4.0,7.9,C,4.1
6432,medium,2,5.0,27.0,8.6,A,6.2
6433,,3,,12.0,6.2,C,
6434,medium,1,19.0,13.0,4.3,A,-16.5
6435,high,4,21.0,7.0,6.2,A,-16.5
6436,high,0,6.0,7.0,3.4,A,-100.0
6437,none,3,7.0,4.0,4.3,B,-100.0
6438,low,0,4.0,16.0,3.3,A,-17.6
6439,none,0,8.0,3.0,4.4,D,-12.7
6440,high,1,3.0,35.0,3.5,A,-100.0
6441,medium,0,4.0,13.0,9.9,A,15.0
6442,none,2,6.0,20.0,8.9,A,7.4
6443,medium,5,9.0,3.0,3.7,A,-100.0
6444,medium,0,2.0,6.0,3.8,A,-15.1
6445,medium,2,19.0,4.0,1.9,C,-100.0
6446,low,1,13.0,0.0,9.3,A,11.8
6447,none,1,25.0,1.0,6.0,C,-8.1
6448,low,0,16.0,19.0,7.6,A,4.9
6449,high,3,10.0,36.0,4.7,A,-100.0
6450,medium,0,17.0,0.0,2.7,A,-100.0
6451,none,1,5.0,10.0,5.6,A,-8.2
6452,,1,6.0,7.0,1.2,D,-100.0
6453,low,2,10.0,1.0,9.4,A,10.2
6454,high,2,18.0,10.0,3.7,C,-100.0
6455,high,1,8.0,0.0,9.7,A,11.5
6456,high,1,11.0,5.0,8.4,A,4.1
6457,low,3,6.0,27.0,2.3,C,-100.0
6458,high,4,11.0,8.0,2.6,A,-100.0
6459,high,1,5.0,9.0,4.8,A,-15.0
6460,high,1,7.0,4.0,3.0,D,-100.0
6461,none,1,7.0,20.0,1.1,A,-100.0
6462,low,1,7.0,4.0,7.0,A,-0.2
6463,none,1,2.0,5.0,5.3,D,-9.6
6464,medium,0,12.0,3.0,5.2,A,-8.5
6465,high,1,11.0,12.0,5.0,A,-14.5
6466,low,1,,25.0,1.4,C,
6467,high,3,13.0,1.0,8.0,A,-3.3
6468,medium,1,22.0,2.0,7.1,A,-1.5
6469,high,2,10.0,3.0,3.2,B,-100.0
6470,none,2,13.0,4.0,8.2,A,2.7
6471,none,2,8.0,0.0,8.6,A,5.4
6472,none,3,16.0,13.0,3.4,A,-100.0
6473,,3,5.0,1.0,9.7,A,9.2
6474,high,1,6.0,5.0,1.3,A,-100.0
6475,high,1,5.0,13.0,7.4,B,-0.7
6476,low,3,26.0,6.0,2.8,C,-100.0
6477,low,0,6.0,24.0,9.1,A,14.2
6478,low,0,4.0,0.0,8.7,A,11.9
6479,low,1,20.0,8.0,4.6,C,-14.6
6480,medium,1,13.0,33.0,9.5,A,12.9
6481,medium,2,5.0,4.0,4.9,A,-14.4
6482,none,0,12.0,2.0,4.5,A,-12.5
6483,medium,1,4.0,35.0,2.4,A,-100.0
6484,low,2,4.0,8.0,4.2,C,-17.7
6485,high,2,16.0,9.0,8.3,A,0.6
6486,none,1,3.0,10.0,2.1,A,-100.0
6487,medium,2,7.0,4.0,2.5,C,-100.0
6488,low,4,2.0,9.0,2.3,A,-100.0
6489,low,4,16.0,14.0,9.5,A,5.3
6490,low,1,9.0,1.0,2.9,B,-100.0
6491,low,1,2.0,35.0,3.1,A,-100.0
6492,high,1,18.0,2.0,3.0,A,-100.0
6493,medium,2,4.0,2.0,9.0,A,8.2
6494,medium,1,15.0,13.0,9.8,C,14.1
6495,medium,2,10.0,31.0,4.8,A,-15.2
6496,low,2,14.0,21.0,4.8,A,-15.3
6497,high,1,12.0,3.0,8.3,A,3.5
6498,none,0,13.0,24.0,9.4,A,14.5
6499,low,1,5.0,48.0,4.8,A,-11.6
6500,high,2,20.0,13.0,9.5,A,6.9
6501,high,1,17.0,10.0,8.6,A,4.7
6502,medium,0,6.0,24.0,1.5,A,-100.0
6503,medium,1,10.0,10.0,1.8,A,-100.0
6504,medium,1,21.0,14.0,9.7,B,13.0
6505,high,2,4.0,2.0,6.1,A,-10.4
6506,high,2,,2.0,10.0,C,
6507,none,1,1.0,2.0,4.6,A,-13.4
6508,high,2,11.0,0.0,6.0,A,-11.6
6509,low,1,13.0,3.0,4.7,C,-13.5
6510,high,3,13.0,12.0,5.3,A,-18.1
6511,low,2,5.0,1.0,3.6,A,-100.0
6512,none,1,4.0,5.0,2.7,A,-100.0
6513,high,0,7.0,11.0,1.5,A,-100.0
6514,low,4,12.0,17.0,9.9,A,7.9
6515,none,0,4.0,2.0,4.2,A,-13.4
6516,low,2,3.0,16.0,8.9,A,8.3
6517,none,3,1.0,25.0,5.3,D,-14.3
6518,low,1,2.0,11.0,9.5,A,14.1
6519,medium,2,4.0,50.0,7.4,A,-0.1
6520,low,2,3.0,29.0,4.9,A,-13.6
6521,high,3,3.0,6.0,9.3,A,4.9
6522,high,2,22.0,50.0,8.5,A,1.5
6523,none,0,8.0,13.0,8.4,C,9.4
6524,high,2,12.0,19.0,6.6,A,-8.2
6525,low,3,3.0,15.0,4.6,A,-17.9
6526,low,2,6.0,7.0,4.7,C,-15.2
6527,low,0,32.0,11.0,9.5,C,13.6
6528,none,1,12.0,5.0,1.7,C,-100.0
6529,low,1,6.0,8.0,4.4,D,-14.4
6530,medium,1,15.0,0.0,1.0,A,-100.0
6531,none,1,5.0,4.0,8.7,A,8.8
6532,none,1,6.0,17.0,9.7,B,14.3
6533,medium,1,7.0,3.0,1.4,A,-100.0
6534,none,2,8.0,1.0,9.9,A,12.5
6535,medium,2,3.0,4.0,8.6,D,6.1
6536,medium,2,20.0,25.0,9.5,A,9.6
6537,none,3,9.0,4.0,2.0,B,-100.0
6538,low,1,5.0,1.0,9.0,B,11.0
6539,medium,1,18.0,26.0,5.1,A,-11.9
6540,medium,4,5.0,16.0,8.1,C,-1.7
6541,low,3,20.0,14.0,5.0,A,-17.4
6542,high,1,15.0,10.0,1.9,A,-100.0
6543,high,1,9.0,43.0,2.6,A,-100.0
6544,high,0,13.0,13.0,6.9,C,-1.7
6545,high,2,4.0,1.0,4.4,C,-19.7
6546,high,1,7.0,10.0,3.5,A,-100.0
6547,medium,1,8.0,7.0,9.9,A,15.0
6548,low,0,7.0,5.0,2.8,B,-100.0
6549,high,1,6.0,4.0,9.5,D,10.7
6550,medium,6,13.0,9.0,2.3,A,-100.0
6551,none,3,4.0,12.0,9.7,B,9.4
6552,low,2,27.0,1.0,9.4,A,8.5
6553,high,3,3.0,3.0,8.6,A,1.0
6554,,4,7.0,14.0,9.7,A,6.7
6555,none,0,10.0,11.0,9.5,A,15.0
6556,high,1,8.0,14.0,4.5,A,-16.9
6557,,2,2.0,0.0,6.3,A,-6.7
6558,high,0,8.0,27.0,3.2,A,-100.0
6559,none,4,4.0,9.0,9.7,A,6.9
6560,none,1,13.0,17.0,8.5,C,7.0
6561,high,3,7.0,8.0,8.7,A,1.2
6562,high,4,3.0,20.0,6.5,A,-12.9
6563,high,3,17.0,1.0,5.3,A,-18.6
6564,,0,10.0,11.0,2.6,A,-100.0
6565,high,1,17.0,0.0,3.4,A,-100.0
6566,low,5,8.0,13.0,7.4,A,-8.0
6567,none,3,18.0,2.0,6.7,A,-8.6
6568,low,7,15.0,13.0,3.0,A,-100.0
6569,low,2,11.0,0.0,6.0,A,-8.6
6570,low,1,7.0,2.0,6.5,C,-3.0
6571,none,0,16.0,2.0,8.3,A,7.9
6572,medium,2,19.0,6.0,5.0,A,-15.2
6573,none,1,25.0,3.0,9.7,A,12.2
6574,low,0,9.0,2.0,2.7,A,-100.0
6575,high,1,5.0,22.0,4.4,A,-17.1
6576,medium,2,3.0,9.0,8.6,B,6.2
6577,high,1,32.0,50.0,5.4,A,-14.0
6578,high,3,21.0,19.0,8.4,D,-1.7
6579,low,2,24.0,28.0,9.3,C,8.5
6580,high,1,11.0,21.0,6.9,A,-4.0
6581,none,1,3.0,7.0,2.1,C,-100.0
6582,low,1,9.0,9.0,9.5,C,13.4
6583,medium,1,8.0,17.0,2.8,A,-100.0
6584,low,1,13.0,0.0,8.8,A,9.1
6585,medium,1,3.0,17.0,4.9,A,-11.6
6586,high,2,22.0,48.0,9.5,B,7.0
6587,medium,2,10.0,1.0,6.1,C,-8.3
6588,high,1,8.0,3.0,8.9,A,7.2
6589,none,3,4.0,40.0,3.4,A,-100.0
6590,high,2,9.0,18.0,9.9,A,10.2
6591,medium,4,8.0,12.0,8.4,C,-0.4
6592,high,0,10.0,20.0,8.8,A,9.1
6593,low,0,5.0,1.0,9.1,A,14.0
6594,low,1,12.0,8.0,2.6,A,-100.0
6595,medium,1,7.0,11.0,8.0,B,5.0
6596,none,1,20.0,13.0,7.1,A,-1.4
6597,high,4,6.0,50.0,2.6,C,-100.0
6598,medium,0,16.0,1.0,3.7,C,-17.2
6599,medium,3,6.0,10.0,2.7,A,-100.0
6600,low,1,14.0,16.0,4.7,C,-13.4
6601,medium,1,8.0,6.0,4.4,D,-14.9
6602,none,2,16.0,1.0,7.6,A,-0.9
6603,low,0,15.0,0.0,9.9,A,15.0
6604,low,1,13.0,31.0,3.3,A,-100.0
6605,none,3,6.0,47.0,8.9,B,5.2
6606,low,1,16.0,8.0,8.4,A,6.7
6607,none,2,14.0,1.0,7.8,A,0.4
6608,high,0,29.0,0.0,8.4,A,4.8
6609,medium,4,6.0,10.0,8.4,C,-0.2
6610,none,2,8.0,8.0,9.7,A,11.5
6611,none,3,10.0,0.0,2.6,C,-100.0
6612,high,1,12.0,5.0,7.2,C,-2.6
6613,medium,0,1.0,23.0,1.7,A,-100.0
6614,high,2,3.0,4.0,5.4,A,-14.1
6615,medium,1,10.0,35.0,5.0,A,-11.6
6616,medium,3,5.0,8.0,1.4,A,-100.0
6617,low,2,9.0,1.0,4.5,A,-16.7
6618,low,1,8.0,14.0,9.3,A,12.5
6619,none,1,16.0,40.0,1.6,A,-100.0
6620,medium,1,4.0,3.0,9.0,B,10.7
6621,high,0,6.0,44.0,2.9,A,-100.0
6622,none,1,17.0,2.0,4.3,A,-16.7
6623,low,0,14.0,17.0,9.5,A,15.0
6624,medium,2,6.0,3.0,5.1,C,-13.4
6625,medium,1,5.0,0.0,3.4,A,-100.0
6626,none,2,4.0,3.0,2.5,A,-100.0
6627,low,0,3.0,21.0,4.9,A,-8.7
6628,low,1,13.0,2.0,8.3,A,6.4
6629,low,2,12.0,2.0,1.9,A,-100.0
6630,low,0,7.0,50.0,7.9,A,7.7
6631,low,1,4.0,1.0,5.5,A,-8.2
6632,high,2,3.0,1.0,5.2,C,-15.2
6633,low,0,6.0,3.0,6.1,A,-2.5
6634,medium,0,6.0,1.0,2.6,A,-100.0
6635,low,0,4.0,2.0,8.3,C,9.7
6636,low,0,36.0,3.0,5.2,A,-10.5
6637,none,0,2.0,5.0,5.2,A,-7.7
6638,none,1,5.0,14.0,5.6,C,-8.2
6639,medium,3,40.0,12.0,1.2,A,-100.0
6640,none,0,4.0,24.0,2.4,C,-100.0
6641,medium,0,4.0,13.0,2.7,B,-100.0
6642,high,0,14.0,10.0,2.4,B,-100.0
6643,high,2,16.0,18.0,9.9,A,9.5
6644,high,2,9.0,2.0,6.0,B,-11.4
6645,none,2,6.0,8.0,1.4,A,-100.0
6646,high,3,5.0,10.0,8.2,C,-1.3
6647,none,0,11.0,12.0,1.3,A,-100.0
6648,high,2,2.0,43.0,4.4,D,-19.1
6649,low,1,33.0,8.0,8.5,B,5.5
6650,none,3,4.0,31.0,1.4,A,-100.0
6651,low,0,7.0,4.0,9.7,B,15.0
6652,medium,1,13.0,6.0,9.8,A,14.3
6653,low,0,12.0,2.0,2.1,A,-100.0
6654,high,1,16.0,10.0,1.3,A,-100.0
6655,high,2,7.0,0.0,8.7,C,3.6
6656,low,3,21.0,4.0,5.3,A,-15.9
6657,low,3,13.0,17.0,9.4,B,7.5
6658,medium,0,4.0,2.0,1.7,A,-100.0
6659,low,1,2.0,16.0,5.1,D,-10.0
6660,high,3,6.0,5.0,7.0,A,-8.1
6661,medium,2,33.0,9.0,3.2,D,-100.0
6662,medium,1,8.0,9.0,9.7,B,14.2
6663,low,2,20.0,2.0,6.5,A,-6.8
6664,high,3,13.0,5.0,4.4,B,-100.0
6665,medium,0,,8.0,3.8,C,
6666,high,3,10.0,4.0,9.1,C,3.1
6667,none,1,14.0,27.0,4.0,A,-17.8
6668,medium,2,,3.0,8.9,C,
6669,low,1,17.0,10.0,1.3,A,-100.0
6670,medium,0,6.0,5.0,8.6,A,10.8
6671,medium,1,14.0,7.0,3.8,C,-18.8
6672,none,4,10.0,8.0,3.9,A,-100.0
6673,high,5,4.0,0.0,9.8,C,2.5
6674,none,3,17.0,2.0,7.8,A,-2.4
6675,low,1,14.0,5.0,2.2,A,-100.0
6676,medium,0,24.0,0.0,2.8,A,-100.0
6677,high,5,2.0,2.0,7.4,A,-10.5
6678,low,0,16.0,25.0,2.4,B,-100.0
6679,high,1,7.0,2.0,3.0,A,-100.0
6680,none,1,6.0,35.0,1.8,A,-100.0
6681,low,3,5.0,1.0,1.1,A,-100.0
6682,high,2,25.0,6.0,2.9,A,-100.0
6683,low,2,8.0,7.0,8.5,A,5.5
6684,medium,2,10.0,4.0,8.1,C,2.7
6685,none,3,22.0,6.0,9.0,C,3.7
6686,low,0,10.0,18.0,9.2,A,14.3
6687,low,2,1.0,3.0,4.6,A,-15.3
6688,high,2,2.0,33.0,9.0,B,6.1
6689,medium,0,5.0,10.0,8.1,A,8.2
6690,low,2,4.0,18.0,5.6,A,-9.9
6691,none,1,5.0,5.0,5.2,A,-10.5
6692,high,2,3.0,11.0,8.7,B,4.1
6693,medium,0,29.0,21.0,1.6,D,-100.0
6694,medium,3,9.0,25.0,5.7,B,-12.7
6695,high,2,1.0,36.0,2.9,A,-100.0
6696,high,4,12.0,4.0,1.7,C,-100.0
6697,low,4,13.0,1.0,4.9,B,-19.9
6698,medium,1,16.0,11.0,6.0,B,-6.9
6699,none,0,2.0,18.0,1.0,A,-100.0
6700,high,1,8.0,2.0,1.2,C,-100.0
6701,low,1,6.0,2.0,4.5,A,-13.9
6702,high,2,1.0,5.0,3.8,C,-100.0
6703,low,4,6.0,1.0,6.6,C,-9.8
6704,high,2,10.0,34.0,5.4,A,-14.5
6705,low,2,3.0,1.0,9.4,A,10.9
6706,high,2,19.0,21.0,8.0,D,-1.2
6707,high,5,3.0,8.0,8.9,A,-2.3
6708,none,1,14.0,8.0,1.2,B,-100.0
6709,high,0,5.0,6.0,2.8,A,-100.0
6710,medium,1,3.0,10.0,9.9,C,15.0
6711,none,2,8.0,1.0,1.9,A,-100.0
6712,low,0,4.0,14.0,6.5,B,-0.0
6713,high,4,12.0,3.0,8.9,A,-0.7
6714,high,2,29.0,11.0,2.5,D,-100.0
6715,low,1,5.0,2.0,7.7,A,3.8
6716,high,2,10.0,15.0,3.7,A,-100.0
6717,medium,0,4.0,11.0,4.3,A,-12.5
6718,none,4,15.0,4.0,9.3,A,3.6
6719,medium,1,9.0,0.0,1.7,B,-100.0
6720,medium,3,7.0,20.0,3.9,A,-100.0
6721,none,0,9.0,4.0,3.4,A,-18.3
6722,high,2,25.0,19.0,2.8,A,-100.0
6723,medium,2,9.0,24.0,6.9,A,-3.6
6724,high,1,5.0,21.0,7.5,A,-0.1
6725,low,0,15.0,3.0,8.4,D,9.2
6726,low,1,15.0,6.0,9.3,A,11.7
6727,high,1,9.0,9.0,1.9,D,-100.0
6728,high,3,40.0,1.0,5.1,A,-100.0
6729,none,0,19.0,1.0,2.6,B,-100.0
6730,low,2,5.0,1.0,4.5,A,-16.3
6731,medium,0,2.0,11.0,2.2,A,-100.0
6732,none,1,3.0,11.0,8.2,C,6.3
6733,low,2,23.0,2.0,1.9,A,-100.0
6734,high,1,7.0,22.0,4.4,A,-17.3
6735,low,1,5.0,2.0,8.4,A,7.7
6736,none,1,16.0,38.0,1.2,A,-100.0
6737,high,4,8.0,8.0,8.9,A,-0.3
6738,none,2,28.0,29.0,7.9,D,-0.2
6739,none,3,3.0,4.0,8.8,A,4.5
6740,low,0,20.0,43.0,9.4,A,14.6
6741,high,1,11.0,5.0,1.4,A,-100.0
6742,medium,3,6.0,7.0,9.3,A,7.2
6743,medium,2,1.0,28.0,5.0,A,-13.2
6744,medium,2,9.0,16.0,7.1,C,-2.6
6745,high,2,21.0,11.0,4.0,A,-100.0
6746,high,2,9.0,4.0,5.2,A,-15.8
6747,none,0,13.0,4.0,9.2,A,13.2
6748,medium,2,10.0,5.0,2.0,A,-100.0
6749,medium,0,7.0,1.0,6.0,A,-3.6
6750,low,1,15.0,6.0,3.4,B,-100.0
6751,medium,1,9.0,2.0,9.7,A,14.1
6752,none,0,4.0,2.0,9.4,A,15.0
6753,high,3,4.0,12.0,6.1,A,-12.8
6754,none,2,,13.0,4.4,C,
6755,none,2,4.0,5.0,9.3,C,9.7
6756,none,1,25.0,8.0,2.0,B,-100.0
6757,none,1,3.0,2.0,7.8,A,4.0
6758,high,2,22.0,12.0,4.9,B,-18.6
6759,none,0,10.0,5.0,1.7,A,-100.0
6760,high,0,7.0,8.0,8.4,A,7.1
6761,none,2,8.0,6.0,2.1,C,-100.0
6762,high,2,24.0,15.0,6.0,B,
6763,high,1,12.0,5.0,8.8,A,6.2
6764,medium,2,0.0,22.0,9.6,A,12.1
6765,none,1,3.0,4.0,7.2,A,0.7
6766,medium,0,7.0,5.0,9.4,A,15.0
6767,high,1,3.0,28.0,8.9,C,7.9
6768,low,1,17.0,3.0,8.3,D,6.0
6769,low,1,12.0,5.0,8.6,A,8.1
6770,medium,2,12.0,11.0,9.6,A,10.8
6771,low,4,12.0,21.0,3.9,A,-100.0
6772,medium,1,8.0,7.0,6.8,A,-1.7
6773,high,2,0.0,8.0,8.4,A,2.7
6774,low,2,4.0,16.0,9.3,C,10.4
6775,none,2,3.0,15.0,9.7,A,12.1
6776,high,1,3.0,2.0,7.6,C,0.5
6777,none,2,8.0,5.0,2.9,A,-100.0
6778,medium,1,13.0,2.0,9.0,B,9.8
6779,low,0,2.0,2.0,,A,
6780,,1,7.0,6.0,8.7,C,8.6
6781,medium,2,6.0,17.0,7.3,C,-1.2
6782,none,1,7.0,5.0,4.2,A,-16.2
6783,high,2,6.0,5.0,2.6,B,-100.0
6784,high,2,5.0,1.0,9.2,C,6.6
6785,low,1,11.0,16.0,6.7,C,-2.1
6786,,6,11.0,25.0,5.9,A,-19.5
6787,low,2,2.0,4.0,2.9,A,-100.0
6788,,2,7.0,10.0,5.7,A,-10.4
6789,high,1,17.0,11.0,2.3,A,-100.0
6790,none,1,5.0,20.0,9.1,C,11.1
6791,,1,1.0,6.0,7.3,A,1.5
6792,high,0,21.0,4.0,5.7,A,-9.2
6793,low,1,11.0,9.0,9.5,A,13.2
6794,high,4,5.0,5.0,8.4,C,-2.8
6795,medium,1,5.0,4.0,3.1,A,-100.0
6796,high,1,23.0,18.0,8.2,A,2.0
6797,medium,1,17.0,6.0,10.0,A,15.0
6798,high,1,3.0,8.0,7.4,A,-0.6
6799,low,2,3.0,0.0,8.8,A,7.6
6800,low,2,5.0,3.0,7.8,A,1.9
6801,high,0,4.0,28.0,6.4,A,-3.5
6802,high,2,4.0,7.0,4.4,A,-19.7
6803,medium,1,12.0,14.0,6.7,A,-2.6
6804,high,2,13.0,30.0,6.3,A,-9.9
6805,medium,0,6.0,19.0,7.3,C,3.8
6806,none,1,4.0,36.0,9.9,A,15.0
6807,medium,1,3.0,24.0,7.7,C,3.9
6808,low,2,14.0,3.0,6.2,C,-7.8
6809,none,0,4.0,16.0,2.9,A,-100.0
6810,low,2,20.0,17.0,9.7,A,11.0
6811,high,3,3.0,5.0,10.0,A,8.7
6812,none,2,2.0,39.0,7.8,C,2.0
6813,low,1,3.0,17.0,7.3,A,2.0
6814,high,0,7.0,0.0,6.5,A,-3.5
6815,medium,0,33.0,1.0,8.2,B,5.9
6816,none,0,6.0,6.0,8.7,C,11.2
6817,high,3,20.0,17.0,6.7,B,-11.0
6818,medium,2,3.0,5.0,3.8,C,-100.0
6819,,0,4.0,8.0,7.2,A,3.2
6820,low,0,6.0,3.0,2.0,C,-100.0
6821,low,1,36.0,12.0,5.3,C,-12.4
6822,none,2,21.0,14.0,1.4,C,-100.0
6823,medium,1,2.0,4.0,6.5,B,-2.8
6824,none,0,14.0,4.0,3.6,A,-17.7
6825,high,0,12.0,3.0,7.3,A,0.5
6826,high,1,8.0,44.0,9.2,A,9.2
6827,none,2,5.0,4.0,1.8,A,-100.0
6828,medium,1,4.0,0.0,6.0,A,-5.8
6829,none,3,9.0,2.0,1.2,A,-100.0
6830,high,1,9.0,8.0,3.3,A,-100.0
6831,low,4,13.0,6.0,2.8,B,-100.0
6832,medium,3,16.0,7.0,8.8,A,3.5
6833,medium,1,16.0,3.0,1.1,C,-100.0
6834,medium,1,7.0,6.0,8.3,C,6.6
6835,none,4,9.0,3.0,2.8,A,-100.0
6836,high,2,17.0,4.0,4.6,A,-19.9
6837,none,1,6.0,20.0,3.6,C,-19.2
6838,low,3,5.0,4.0,1.2,B,-100.0
6839,high,1,15.0,7.0,8.3,D,3.2
6840,high,1,6.0,28.0,9.1,B,8.7
6841,medium,2,6.0,8.0,2.5,A,-100.0
6842,low,3,5.0,23.0,3.5,A,-100.0
6843,none,1,15.0,15.0,8.1,C,4.6
6844,low,2,8.0,3.0,8.3,A,4.4
6845,low,4,16.0,20.0,5.5,A,-16.7
6846,low,6,22.0,17.0,8.3,A,-6.9
6847,medium,1,24.0,0.0,5.6,B,-10.0
6848,high,0,9.0,5.0,2.3,A,-100.0
6849,high,0,9.0,7.0,6.3,A,-4.7
6850,low,0,15.0,23.0,9.7,B,15.0
6851,none,0,7.0,4.0,1.0,A,-100.0
6852,high,2,21.0,6.0,3.7,D,-100.0
6853,high,2,5.0,5.0,8.7,A,3.9
6854,medium,1,10.0,4.0,7.5,B,1.9
6855,medium,2,9.0,1.0,4.9,A,-14.8
6856,none,4,5.0,11.0,3.3,A,-100.0
6857,low,3,0.0,8.0,3.5,A,-100.0
6858,low,3,4.0,1.0,8.9,A,5.5
6859,medium,2,11.0,14.0,8.9,A,7.1
6860,low,1,4.0,24.0,5.7,B,-6.8
6861,none,3,12.0,0.0,9.3,A,6.3
6862,high,3,8.0,17.0,8.5,C,0.1
6863,none,3,14.0,40.0,5.5,A,-14.4
6864,none,1,6.0,29.0,5.2,A,-10.3
6865,high,3,10.0,16.0,9.7,A,6.5
6866,none,1,8.0,1.0,9.4,A,12.3
6867,high,2,8.0,1.0,3.3,A,-100.0
6868,low,3,29.0,19.0,9.8,C,8.2
6869,low,0,4.0,15.0,7.9,A,7.7
6870,high,3,13.0,3.0,2.4,A,-100.0
6871,medium,2,8.0,6.0,8.0,A,2.4
6872,high,1,24.0,6.0,6.4,C,-8.2
6873,none,1,13.0,0.0,3.8,A,-19.0
6874,medium,3,10.0,41.0,2.7,A,-100.0
6875,low,2,5.0,14.0,2.6,A,-100.0
6876,high,1,10.0,21.0,3.7,C,-100.0
6877,medium,4,8.0,24.0,8.5,A,0.3
6878,low,0,11.0,10.0,1.9,A,-100.0
6879,low,1,8.0,2.0,1.6,A,-100.0
6880,low,2,2.0,18.0,8.6,A,6.8
6881,medium,0,10.0,14.0,3.2,B,-19.2
6882,high,0,25.0,6.0,3.9,C,-19.5
6883,high,0,5.0,40.0,9.2,A,12.0
6884,low,1,27.0,15.0,2.7,C,-100.0
6885,high,2,10.0,7.0,5.4,A,-14.8
6886,medium,2,6.0,5.0,9.8,A,12.4
6887,high,0,4.0,3.0,9.9,A,15.0
6888,none,1,9.0,1.0,5.2,A,-10.9
6889,high,3,4.0,6.0,8.5,A,0.4
6890,high,4,19.0,50.0,1.7,B,-100.0
6891,low,1,19.0,30.0,1.2,A,-100.0
6892,none,4,4.0,13.0,9.9,A,8.0
6893,medium,2,10.0,10.0,5.9,C,-9.3
6894,high,1,4.0,32.0,5.0,C,-13.6
6895,none,2,10.0,15.0,5.0,B,-14.5
6896,none,1,3.0,9.0,9.8,A,15.0
6897,high,3,3.0,19.0,1.8,C,-100.0
6898,high,1,6.0,17.0,8.6,A,5.8
6899,high,2,15.0,17.0,2.5,B,-100.0
6900,high,0,16.0,2.0,3.3,A,-100.0
6901,high,4,3.0,2.0,3.3,C,-100.0
6902,high,1,18.0,25.0,5.0,A,-15.1
6903,low,0,2.0,29.0,8.9,D,13.5
6904,high,1,6.0,1.0,9.5,A,10.6
6905,low,1,9.0,13.0,7.2,A,0.8
6906,medium,1,3.0,7.0,9.8,A,15.0
6907,high,1,8.0,12.0,9.3,C,9.5
6908,none,3,10.0,4.0,3.0,C,-100.0
6909,low,4,24.0,13.0,8.4,A,-1.6
6910,medium,5,4.0,3.0,1.2,A,-100.0
6911,low,1,25.0,15.0,1.3,A,-100.0
6912,none,2,16.0,9.0,8.8,A,5.8
6913,low,3,5.0,37.0,4.8,A,-16.7
6914,none,1,5.0,16.0,1.5,C,-100.0
6915,high,2,4.0,18.0,5.2,B,-15.2
6916,none,2,13.0,5.0,5.0,A,-14.9
6917,high,2,18.0,41.0,9.5,C,7.3
6918,low,0,14.0,12.0,4.6,A,-11.5
6919,,1,8.0,10.0,6.9,A,-1.4
6920,medium,1,9.0,6.0,4.5,A,-14.5
6921,high,1,24.0,7.0,9.6,A,9.4
6922,high,1,17.0,43.0,6.3,A,-7.6
6923,medium,0,12.0,2.0,8.5,A,9.7
6924,low,3,5.0,5.0,2.1,C,-100.0
6925,high,1,2.0,16.0,8.4,A,5.1
6926,low,3,3.0,2.0,5.0,A,-15.8
6927,,3,5.0,13.0,9.3,A,7.2
6928,medium,2,5.0,0.0,8.5,B,5.4
6929,medium,1,6.0,11.0,1.7,B,-100.0
6930,low,2,1.0,33.0,1.7,A,-100.0
6931,high,3,17.0,2.0,5.8,C,-15.8
6932,none,2,2.0,35.0,1.5,C,-100.0
6933,high,0,3.0,15.0,6.5,A,-2.9
6934,low,3,1.0,22.0,3.8,A,-100.0
6935,medium,2,3.0,7.0,4.0,A,-19.1
6936,low,2,3.0,13.0,1.1,C,-100.0
6937,medium,1,,4.0,5.1,C,
6938,high,0,2.0,50.0,9.3,A,12.9
6939,none,3,12.0,7.0,5.9,C,-12.3
6940,low,0,6.0,35.0,9.1,A,14.3
6941,none,1,8.0,18.0,9.7,C,14.1
6942,low,1,22.0,1.0,3.2,A,-100.0
6943,low,2,20.0,2.0,6.5,C,-6.8
6944,low,1,4.0,13.0,1.0,A,-100.0
6945,medium,0,9.0,30.0,1.4,A,-100.0
6946,low,1,5.0,6.0,3.4,B,-19.8
6947,high,2,8.0,8.0,10.0,C,10.8
6948,,3,12.0,7.0,8.3,A,0.9
6949,high,4,10.0,4.0,9.3,B,1.7
6950,high,2,6.0,1.0,8.3,A,1.5
6951,low,0,1.0,1.0,1.5,C,-100.0
6952,low,0,13.0,1.0,8.2,A,8.3
6953,high,0,3.0,50.0,8.4,B,7.9
6954,medium,0,16.0,2.0,5.4,A,-7.8
6955,high,1,5.0,1.0,9.5,A,10.7
6956,high,2,1.0,14.0,9.3,A,7.7
6957,low,4,12.0,11.0,6.9,C,-8.7
6958,medium,1,12.0,1.0,9.7,A,13.8
6959,medium,1,7.0,10.0,4.3,C,-15.4
6960,none,3,4.0,4.0,7.5,A,-2.7
6961,medium,0,13.0,9.0,9.6,A,15.0
6962,low,2,13.0,17.0,8.6,A,5.6
6963,medium,3,4.0,6.0,6.4,C,-8.5
6964,high,1,1.0,27.0,7.6,A,1.0
6965,high,2,11.0,1.0,7.4,B,-3.9
6966,low,0,27.0,8.0,2.0,A,-100.0
6967,high,1,6.0,1.0,9.3,A,9.5
6968,none,2,19.0,7.0,2.4,A,-100.0
6969,medium,3,11.0,14.0,4.4,A,-100.0
6970,high,1,9.0,5.0,8.9,A,7.1
6971,high,0,5.0,22.0,9.0,C,10.7
6972,medium,2,1.0,5.0,3.7,A,-100.0
6973,high,0,6.0,19.0,8.7,C,8.9
6974,low,2,1.0,5.0,4.9,A,-13.6
6975,high,0,12.0,1.0,8.7,A,8.1
6976,low,2,4.0,5.0,8.0,A,3.1
6977,low,2,16.0,20.0,1.0,A,-100.0
6978,high,4,19.0,22.0,1.7,A,-100.0
6979,medium,1,9.0,9.0,4.5,D,-14.5
6980,high,0,13.0,33.0,2.2,C,-100.0
6981,none,1,2.0,8.0,5.6,A,-7.9
6982,high,2,7.0,16.0,3.2,A,-100.0
6983,high,3,8.0,12.0,8.4,A,-0.5
6984,low,2,9.0,8.0,2.9,A,-100.0
6985,low,2,11.0,6.0,8.8,B,6.8
6986,high,3,13.0,15.0,5.9,C,-14.7
6987,low,0,23.0,9.0,9.6,A,15.0
6988,medium,2,7.0,12.0,8.0,A,2.5
6989,medium,0,8.0,22.0,8.8,A,11.9
6990,high,0,6.0,5.0,2.2,A,-100.0
6991,low,1,7.0,15.0,2.2,A,-100.0
6992,medium,0,13.0,1.0,7.7,A,5.2
6993,,1,3.0,20.0,1.6,D,-100.0
6994,high,1,20.0,11.0,2.6,C,-100.0
6995,medium,2,6.0,8.0,4.9,A,-14.5
6996,low,1,26.0,0.0,10.0,D,14.4
6997,high,3,7.0,26.0,3.6,D,-100.0
6998,none,1,8.0,5.0,9.8,C,14.5
6999,medium,0,8.0,1.0,5.7,A,-5.3
7000,low,1,16.0,33.0,9.1,C,10.8
7001,low,4,9.0,8.0,8.0,A,-2.3
7002,low,2,7.0,15.0,4.4,A,-16.9
7003,medium,0,15.0,4.0,1.7,C,-100.0
7004,medium,5,7.0,25.0,1.3,A,-100.0
7005,none,1,8.0,24.0,7.3,A,1.0
7006,medium,2,7.0,11.0,5.4,D,-11.8
7007,high,1,10.0,17.0,3.8,B,-100.0
7008,high,5,5.0,3.0,4.0,A,-100.0
7009,none,1,17.0,15.0,3.8,A,-19.3
7010,high,1,10.0,1.0,9.1,C,8.0
7011,,0,12.0,11.0,8.5,A,9.5
7012,medium,1,10.0,7.0,2.5,C,-100.0
7013,medium,3,9.0,1.0,9.6,A,8.5
7014,low,1,4.0,5.0,9.9,A,15.0
7015,low,1,6.0,1.0,8.6,B,8.7
7016,high,0,14.0,9.0,3.2,A,-100.0
7017,high,1,9.0,5.0,7.4,A,-1.2
7018,low,1,2.0,12.0,8.3,C,7.6
7019,high,3,6.0,1.0,9.1,A,3.4
7020,high,2,7.0,12.0,8.4,A,2.1
7021,medium,0,1.0,35.0,3.9,A,-14.2
7022,medium,3,3.0,1.0,3.7,A,-100.0
7023,high,1,18.0,37.0,1.2,A,-100.0
7024,low,4,22.0,6.0,3.3,A,-100.0
7025,,2,7.0,24.0,3.5,C,-100.0
7026,,1,4.0,13.0,8.3,A,6.8
7027,medium,1,11.0,15.0,8.9,A,9.6
7028,high,0,8.0,1.0,8.4,A,6.9
7029,high,1,13.0,24.0,9.4,A,9.6
7030,medium,1,6.0,41.0,8.9,A,10.4
7031,medium,3,26.0,5.0,7.6,C,-4.2
7032,high,0,3.0,13.0,6.8,A,-1.3
7033,none,1,15.0,1.0,9.0,B,9.4
7034,medium,1,4.0,27.0,7.1,A,0.5
7035,low,0,14.0,7.0,5.4,C,-7.2
7036,medium,2,7.0,4.0,7.4,A,-0.9
7037,high,2,16.0,11.0,9.3,B,6.1
7038,medium,1,3.0,8.0,3.8,C,-17.7
7039,medium,0,3.0,4.0,9.3,A,15.0
7040,high,1,26.0,2.0,8.6,A,3.7
7041,none,1,8.0,2.0,7.7,A,2.9
7042,medium,2,30.0,14.0,9.0,C,5.7
7043,none,3,13.0,0.0,2.2,C,-100.0
7044,medium,2,22.0,13.0,9.5,C,9.3
7045,low,1,4.0,12.0,2.4,A,-100.0
7046,none,5,9.0,15.0,7.1,A,-10.3
7047,high,2,5.0,32.0,7.2,A,-4.1
7048,high,3,3.0,8.0,8.1,A,-1.7
7049,,0,13.0,6.0,2.7,A,-100.0
7050,low,0,1.0,8.0,8.2,A,9.6
7051,none,1,7.0,5.0,2.1,C,-100.0
7052,low,0,16.0,10.0,2.4,A,-100.0
7053,low,0,18.0,13.0,5.6,D,-6.4
7054,high,1,7.0,4.0,4.3,A,-18.0
7055,medium,2,19.0,4.0,3.3,A,-100.0
7056,high,2,3.0,4.0,9.6,B,9.0
7057,medium,0,13.0,1.0,1.6,A,-100.0
7058,low,0,2.0,24.0,9.3,A,15.0
7059,medium,1,8.0,21.0,1.9,A,-100.0
7060,low,2,11.0,5.0,9.5,B,10.7
7061,,4,8.0,16.0,2.6,A,-100.0
7062,medium,2,3.0,8.0,1.2,A,-100.0
7063,medium,2,5.0,7.0,7.4,A,-0.6
7064,high,1,9.0,5.0,3.3,A,
7065,high,2,6.0,6.0,9.6,A,8.7
7066,low,3,12.0,11.0,8.1,A,0.4
7067,low,0,7.0,1.0,5.4,A,-6.5
7068,low,0,8.0,10.0,1.4,A,-100.0
7069,high,4,3.0,3.0,7.9,A,-5.3
7070,medium,0,7.0,2.0,7.7,A,5.8
7071,medium,2,8.0,1.0,3.2,C,-100.0
7072,medium,0,3.0,18.0,3.9,D,-14.6
7073,high,1,16.0,6.0,7.6,C,-0.8
7074,low,0,11.0,7.0,9.1,A,13.5
7075,medium,4,30.0,19.0,5.4,A,-19.0
7076,high,3,11.0,4.0,5.2,C,-18.5
7077,none,2,21.0,3.0,8.6,A,4.1
7078,high,2,5.0,17.0,9.0,C,5.7
7079,medium,0,8.0,7.0,8.8,A,11.8
7080,medium,3,23.0,0.0,9.5,A,6.5
7081,high,0,8.0,6.0,2.2,A,-100.0
7082,none,2,12.0,15.0,7.2,A,-2.6
7083,medium,1,1.0,4.0,2.9,A,-100.0
7084,low,0,15.0,4.0,8.9,A,12.0
7085,low,3,16.0,17.0,3.5,C,-100.0
7086,high,0,17.0,10.0,7.0,D,-1.6
7087,low,2,15.0,17.0,8.4,B,4.3
7088,low,3,8.0,18.0,1.2,A,-100.0
7089,medium,1,21.0,15.0,8.1,C,4.2
7090,low,1,13.0,13.0,7.6,A,2.6
7091,high,1,20.0,12.0,8.4,A,3.3
7092,high,1,20.0,11.0,2.0,A,-100.0
7093,low,2,15.0,0.0,6.3,A,-7.4
7094,medium,1,4.0,3.0,1.3,A,-100.0
7095,medium,1,7.0,0.0,7.5,A,2.2
7096,low,0,12.0,6.0,8.4,A,9.5
7097,medium,3,8.0,5.0,6.3,A,-9.5
7098,medium,1,2.0,4.0,5.7,A,-7.2
7099,medium,2,5.0,8.0,5.6,B,-10.5
7100,none,2,5.0,12.0,8.2,B,3.6
7101,high,0,9.0,4.0,8.4,C,6.8
7102,medium,0,7.0,21.0,10.0,A,15.0
7103,low,2,6.0,1.0,8.5,A,5.6
7104,high,2,,3.0,8.1,C,
7105,high,2,8.0,5.0,8.9,D,4.7
7106,medium,2,4.0,3.0,6.8,A,-3.9
7107,high,1,6.0,9.0,8.4,C,4.7
7108,high,2,4.0,11.0,7.9,A,-0.4
7109,none,2,12.0,1.0,9.1,C,7.7
7110,medium,2,13.0,3.0,9.4,A,9.5
7111,high,1,8.0,0.0,2.8,A,-100.0
7112,medium,2,10.0,6.0,3.1,A,-100.0
7113,high,3,6.0,2.0,3.2,A,-100.0
7114,medium,2,1.0,2.0,2.8,C,-100.0
7115,medium,3,11.0,3.0,9.4,C,7.2
7116,low,3,1.0,5.0,5.9,B,-10.6
7117,medium,2,5.0,16.0,1.9,C,-100.0
7118,low,0,3.0,6.0,3.4,B,-17.1
7119,low,2,9.0,18.0,2.5,A,-100.0
7120,medium,2,9.0,24.0,8.6,A,5.7
7121,none,1,12.0,4.0,8.6,C,7.5
7122,medium,0,7.0,7.0,5.9,A,-4.1
7123,low,2,15.0,20.0,8.8,A,6.6
7124,,1,21.0,3.0,1.6,A,-100.0
7125,low,0,7.0,28.0,3.1,C,-18.9
7126,medium,2,10.0,38.0,8.5,A,5.2
7127,medium,0,6.0,11.0,8.6,A,10.9
7128,high,3,12.0,8.0,2.3,A,-100.0
7129,low,4,13.0,26.0,6.6,C,-10.3
7130,low,1,3.0,11.0,9.3,A,12.9
7131,low,0,5.0,3.0,7.9,A,7.5
7132,low,1,6.0,1.0,2.1,A,-100.0
7133,medium,2,3.0,1.0,4.5,A,-16.4
7134,high,0,16.0,17.0,8.2,B,5.1
7135,high,0,7.0,4.0,9.5,A,13.1
7136,low,3,7.0,2.0,8.1,B,0.9
7137,high,1,9.0,13.0,2.2,A,-100.0
7138,medium,0,21.0,8.0,9.6,A,14.9
7139,high,1,8.0,37.0,1.6,B,-100.0
7140,high,1,6.0,2.0,9.8,A,12.3
7141,high,2,26.0,13.0,9.1,A,4.1
7142,medium,2,14.0,6.0,8.6,A,5.1
7143,high,3,13.0,3.0,9.9,C,7.2
7144,low,1,11.0,6.0,8.4,A,7.1
7145,none,0,3.0,23.0,3.4,A,-17.5
7146,high,1,10.0,5.0,3.2,C,-100.0
7147,low,2,3.0,7.0,8.6,A,6.5
7148,high,2,3.0,8.0,4.9,A,-16.8
7149,medium,1,16.0,5.0,1.1,A,-100.0
7150,low,0,5.0,7.0,6.8,A,1.4
7151,high,1,13.0,15.0,9.7,A,11.2
7152,low,0,5.0,7.0,3.8,A,-15.1
7153,low,5,2.0,23.0,6.2,A,-13.9
7154,high,2,5.0,12.0,4.2,C,-100.0
7155,high,3,12.0,50.0,8.3,A,-1.1
7156,none,0,14.0,1.0,2.6,A,-100.0
7157,none,0,5.0,4.0,7.6,A,5.2
7158,medium,2,11.0,10.0,1.1,A,-100.0
7159,low,2,7.0,4.0,2.6,A,-100.0
7160,low,0,3.0,6.0,7.6,C,6.0
7161,medium,2,9.0,27.0,5.3,A,-12.4
7162,none,1,20.0,11.0,8.6,A,6.8
7163,none,0,3.0,1.0,2.4,C,-100.0
7164,low,3,17.0,8.0,9.4,A,7.1
7165,low,2,21.0,9.0,7.6,B,-0.7
7166,low,2,14.0,4.0,8.9,A,7.1
7167,low,4,5.0,3.0,6.0,C,-13.0
7168,none,0,11.0,4.0,2.0,B,-100.0
7169,low,2,17.0,1.0,2.3,A,-100.0
7170,none,0,4.0,9.0,3.1,C,-19.4
7171,high,4,20.0,1.0,1.8,C,-100.0
7172,high,1,23.0,13.0,3.1,A,-100.0
7173,high,2,16.0,1.0,2.7,B,-100.0
7174,low,2,10.0,1.0,4.0,A,-19.5
7175,high,2,24.0,1.0,1.4,A,-100.0
7176,low,0,5.0,4.0,2.6,A,-100.0
7177,high,1,11.0,23.0,7.9,A,1.6
7178,medium,3,13.0,30.0,1.5,A,-100.0
7179,none,3,8.0,13.0,9.9,B,10.2
7180,none,2,2.0,8.0,7.3,A,-1.1
7181,medium,2,3.0,39.0,8.7,A,7.0
7182,none,2,19.0,13.0,9.7,A,10.5
7183,medium,1,3.0,8.0,3.3,A,-100.0
7184,low,1,9.0,4.0,3.3,A,-100.0
7185,low,3,7.0,35.0,4.4,A,-19.2
7186,high,0,13.0,3.0,4.6,C,-14.5
7187,none,0,3.0,0.0,6.4,A,-1.2
7188,none,5,9.0,10.0,2.6,A,-100.0
7189,high,4,1.0,1.0,6.6,A,-12.3
7190,high,2,21.0,5.0,3.9,A,-100.0
7191,none,0,22.0,10.0,7.9,A,5.2
7192,low,4,6.0,28.0,9.5,B,6.4
7193,high,2,8.0,6.0,8.7,C,3.6
7194,low,3,20.0,10.0,9.7,A,8.4
7195,high,0,7.0,0.0,4.0,B,-17.2
7196,low,2,12.0,3.0,9.0,A,7.8
7197,high,0,2.0,15.0,2.1,A,-100.0
7198,medium,1,10.0,8.0,8.1,C,5.2
7199,none,1,7.0,1.0,5.8,A,-7.4
7200,none,2,2.0,5.0,5.7,A,-9.9
7201,none,1,3.0,8.0,3.7,A,-18.5
7202,low,2,4.0,32.0,8.2,C,4.5
7203,high,0,16.0,0.0,5.8,A,-8.2
7204,low,5,12.0,9.0,8.3,A,-3.5
7205,medium,2,5.0,14.0,3.5,A,-100.0
7206,low,4,6.0,3.0,9.7,A,7.2
7207,low,0,16.0,22.0,8.6,A,10.4
7208,low,0,9.0,22.0,9.2,A,14.4
7209,high,0,1.0,2.0,4.5,B,-13.9
7210,high,0,20.0,13.0,7.3,A,-0.2
7211,low,1,22.0,5.0,5.5,C,-9.9
7212,,1,5.0,35.0,8.7,A,9.1
7213,none,1,8.0,11.0,6.2,A,-5.2
7214,none,1,10.0,3.0,9.4,A,12.1
7215,low,2,4.0,3.0,9.5,C,11.4
7216,low,3,7.0,27.0,9.5,B,8.8
7217,none,1,19.0,5.0,7.4,C,0.2
7218,low,1,10.0,2.0,10.0,A,15.0
7219,high,1,7.0,39.0,8.9,A,7.6
7220,high,3,5.0,50.0,6.1,A,-12.5
7221,high,1,20.0,7.0,5.0,A,-15.5
7222,medium,0,7.0,9.0,5.5,C,-6.3
7223,low,1,22.0,8.0,5.7,B,-8.8
7224,medium,2,8.0,2.0,5.0,A,-14.2
7225,medium,3,11.0,4.0,2.9,A,-100.0
7226,medium,1,14.0,29.0,9.1,A,10.5
7227,none,2,10.0,11.0,3.0,B,-100.0
7228,none,1,16.0,3.0,3.4,A,-100.0
7229,low,1,8.0,6.0,9.4,A,12.9
7230,medium,1,10.0,21.0,8.8,C,9.2
7231,medium,5,8.0,13.0,2.9,A,-100.0
7232,high,0,4.0,9.0,8.9,C,10.1
7233,high,1,2.0,19.0,1.7,A,-100.0
7234,low,3,9.0,1.0,5.2,A,-15.3
7235,none,2,7.0,4.0,9.1,B,8.3
7236,none,0,2.0,9.0,9.2,A,14.4
7237,low,5,,10.0,9.3,C,
7238,low,0,27.0,13.0,1.3,A,-100.0
7239,high,1,5.0,18.0,2.9,A,-100.0
7240,low,1,7.0,39.0,4.8,A,-11.9
7241,low,0,10.0,1.0,8.7,A,11.3
7242,none,3,9.0,7.0,6.2,A,-10.4
7243,low,3,10.0,27.0,3.8,A,-100.0
7244,high,3,23.0,14.0,2.1,A,-100.0
7245,medium,1,14.0,4.0,8.3,A,5.9
7246,low,1,12.0,20.0,4.8,C,-12.6
7247,low,0,21.0,2.0,8.5,C,9.1
7248,low,1,9.0,31.0,8.9,A,10.3
7249,low,1,9.0,14.0,7.1,C,0.3
7250,medium,1,15.0,4.0,9.1,A,10.2
7251,low,1,4.0,6.0,8.9,A,10.6
7252,medium,2,4.0,6.0,3.3,B,-100.0
7253,high,2,18.0,13.0,8.8,A,3.2
7254,high,3,17.0,50.0,3.8,A,-100.0
7255,low,1,12.0,24.0,3.0,A,-100.0
7256,,1,13.0,19.0,4.7,C,-13.9
7257,medium,5,3.0,18.0,6.5,C,-12.8
7258,high,0,,2.0,9.1,C,
7259,medium,1,25.0,15.0,1.5,A,-100.0
7260,medium,1,10.0,12.0,5.3,A,-10.1
7261,high,3,5.0,32.0,3.4,A,-100.0
7262,low,2,19.0,16.0,8.9,B,6.7
7263,high,0,8.0,7.0,1.4,A,-100.0
7264,low,3,17.0,20.0,2.3,C,-100.0
7265,low,2,5.0,4.0,8.8,B,7.4
7266,high,0,11.0,7.0,4.1,A,-17.0
7267,low,1,2.0,37.0,8.2,A,7.2
7268,medium,1,15.0,1.0,7.4,B,0.8
7269,medium,1,2.0,10.0,9.1,A,11.5
7270,none,1,9.0,19.0,4.8,A,-12.9
7271,low,3,10.0,14.0,7.6,C,-2.1
7272,medium,1,10.0,19.0,7.1,A,-0.2
7273,medium,0,22.0,5.0,4.6,C,-12.7
7274,low,4,10.0,12.0,9.0,A,3.1
7275,high,2,9.0,12.0,5.4,A,-14.6
7276,high,4,4.0,8.0,9.8,A,5.1
7277,low,1,12.0,1.0,10.0,A,15.0
7278,medium,0,5.0,6.0,7.2,A,3.3
7279,medium,3,20.0,4.0,4.9,C,-18.4
7280,low,4,9.0,19.0,9.3,B,4.9
7281,high,1,8.0,9.0,7.6,A,0.1
7282,low,0,11.0,31.0,2.4,B,-100.0
7283,high,2,12.0,0.0,7.6,A,-2.9
7284,medium,1,6.0,14.0,2.9,A,-100.0
7285,medium,1,6.0,18.0,4.9,A,-11.9
7286,medium,2,8.0,17.0,1.5,C,-100.0
7287,medium,0,3.0,0.0,4.0,A,-14.2
7288,none,3,19.0,24.0,1.7,C,-100.0
7289,medium,1,20.0,4.0,1.9,A,-100.0
7290,low,2,7.0,9.0,4.9,C,-14.2
7291,medium,1,5.0,4.0,8.8,C,9.5
7292,high,0,4.0,24.0,3.1,D,-100.0
7293,,2,14.0,9.0,8.3,A,3.2
7294,low,1,21.0,3.0,3.2,A,-100.0
7295,low,1,16.0,8.0,1.7,C,-100.0
7296,high,1,11.0,10.0,3.5,A,-100.0
7297,low,2,7.0,7.0,2.5,C,-100.0
7298,medium,4,6.0,3.0,7.0,A,-8.0
7299,medium,2,9.0,3.0,6.4,A,-6.6
7300,high,2,11.0,5.0,8.0,A,-0.6
7301,high,2,11.0,0.0,6.1,B,-11.1
7302,none,1,10.0,21.0,3.7,A,-19.1
7303,high,2,4.0,25.0,9.8,C,10.2
7304,high,3,17.0,6.0,9.2,C,2.9
7305,low,1,10.0,4.0,8.2,A,6.1
7306,high,2,3.0,1.0,8.9,A,5.1
7307,low,1,3.0,6.0,8.5,A,8.5
7308,high,1,16.0,0.0,6.4,C,-7.4
7309,medium,2,10.0,2.0,1.3,A,-100.0
7310,none,0,5.0,9.0,9.5,A,15.0
7311,low,1,12.0,14.0,3.5,B,-19.8
7312,low,5,18.0,1.0,1.5,A,-100.0
7313,medium,0,4.0,14.0,8.0,A,7.8
7314,medium,0,5.0,6.0,4.9,A,-9.4
7315,high,3,2.0,25.0,9.0,B,3.5
7316,medium,0,13.0,7.0,9.2,A,13.5
7317,none,3,13.0,12.0,9.6,A,8.0
7318,low,1,6.0,4.0,9.5,A,13.7
7319,low,1,8.0,5.0,7.2,C,0.8
7320,low,1,19.0,16.0,7.7,B,2.6
7321,high,2,8.0,7.0,4.9,C,-17.3
7322,low,1,9.0,26.0,2.9,A,-100.0
7323,none,3,12.0,3.0,8.8,A,3.6
7324,medium,0,13.0,9.0,1.8,B,-100.0
7325,low,2,2.0,25.0,4.9,A,-13.5
7326,high,1,17.0,14.0,9.3,B,8.6
7327,low,0,13.0,13.0,8.1,C,7.9
7328,low,0,6.0,3.0,2.9,A,-100.0
7329,low,4,6.0,5.0,1.5,D,-100.0
7330,high,2,13.0,2.0,3.1,B,-100.0
7331,none,0,5.0,9.0,2.7,A,-100.0
7332,medium,1,6.0,15.0,6.1,A,-5.3
7333,medium,2,11.0,1.0,9.2,C,8.6
7334,low,3,2.0,1.0,1.3,B,-100.0
7335,low,0,13.0,15.0,1.1,A,-100.0
7336,none,1,28.0,2.0,3.8,A,-100.0
7337,high,1,4.0,2.0,8.6,A,5.9
7338,high,3,13.0,13.0,6.0,A,-14.2
7339,low,0,1.0,7.0,3.7,C,-15.2
7340,high,2,21.0,42.0,9.2,C,5.4
7341,high,0,7.0,3.0,6.9,A,-1.3
7342,none,5,7.0,7.0,4.7,A,-100.0
7343,high,0,8.0,4.0,1.6,A,-100.0
7344,low,0,8.0,50.0,9.5,A,15.0
7345,high,0,8.0,21.0,2.0,C,-100.0
7346,none,3,10.0,2.0,9.9,A,9.8
7347,low,0,17.0,39.0,9.5,A,15.0
7348,medium,5,9.0,1.0,1.9,A,-100.0
7349,high,1,8.0,8.0,2.6,A,-100.0
7350,medium,1,7.0,3.0,9.4,A,12.6
7351,medium,1,10.0,50.0,3.0,A,-100.0
7352,high,1,11.0,13.0,7.0,A,-3.5
7353,low,1,15.0,17.0,8.6,C,7.9
7354,medium,0,21.0,38.0,2.6,A,-100.0
7355,high,1,9.0,5.0,8.8,A,6.5
7356,low,1,10.0,12.0,1.4,A,-100.0
7357,high,0,8.0,32.0,9.7,A,14.4
7358,high,3,2.0,10.0,8.0,C,-2.1
7359,medium,2,10.0,50.0,2.0,A,-100.0
7360,high,2,4.0,1.0,5.4,D,-14.2
7361,low,2,7.0,10.0,8.1,C,3.4
7362,low,1,3.0,6.0,7.5,A,3.0
7363,,3,19.0,1.0,8.8,A,2.9
7364,medium,2,1.0,1.0,9.5,B,11.3
7365,none,1,11.0,9.0,9.6,A,13.2
7366,high,1,6.0,4.0,3.1,A,-100.0
7367,low,2,8.0,1.0,1.7,A,-100.0
7368,medium,1,29.0,0.0,5.3,A,-12.1
7369,medium,3,25.0,4.0,8.9,A,3.1
7370,high,2,1.0,19.0,7.0,A,-4.9
7371,medium,3,2.0,14.0,8.9,A,5.5
7372,high,1,9.0,6.0,9.6,A,10.9
7373,high,1,16.0,20.0,5.7,A,-11.1
7374,low,0,1.0,13.0,9.8,A,15.0
7375,,1,20.0,13.0,4.3,A,-16.8
7376,none,2,3.0,31.0,7.9,A,2.3
7377,high,0,14.0,24.0,6.0,B,-6.7
7378,high,1,12.0,14.0,8.1,D,2.5
7379,medium,0,12.0,15.0,3.9,A,-15.5
7380,low,3,8.0,16.0,9.5,A,8.6
7381,high,1,4.0,0.0,3.5,A,-100.0
7382,low,2,7.0,22.0,1.4,A,-100.0
7383,low,3,1.0,17.0,2.4,A,-100.0
7384,low,1,6.0,12.0,8.2,A,6.6
7385,medium,3,8.0,6.0,6.5,A,-8.4
7386,none,0,2.0,1.0,4.9,A,-9.4
7387,low,0,5.0,8.0,3.8,A,-15.0
7388,low,2,4.0,27.0,7.8,A,2.2
7389,none,0,15.0,13.0,5.4,A,-7.8
7390,medium,0,17.0,6.0,1.2,A,-100.0
7391,high,1,14.0,13.0,7.7,A,0.1
7392,medium,2,20.0,28.0,2.0,A,-100.0
7393,high,2,7.0,8.0,6.5,A,-8.4
7394,low,1,8.0,22.0,8.2,A,6.5
7395,medium,2,16.0,8.0,9.1,A,7.6
7396,medium,4,17.0,1.0,3.4,A,-100.0
7397,low,3,8.0,6.0,1.7,A,-100.0
7398,high,4,4.0,4.0,8.6,A,-1.6
7399,low,0,1.0,3.0,9.8,C,15.0
7400,none,0,19.0,0.0,6.2,A,-3.9
7401,low,2,6.0,7.0,8.7,C,6.8
7402,low,1,19.0,31.0,1.2,C,-100.0
7403,none,4,5.0,28.0,9.5,B,5.9
7404,low,0,20.0,5.0,9.3,A,13.7
7405,high,6,20.0,2.0,8.3,C,-9.9
7406,low,1,12.0,0.0,7.4,A,1.5
7407,low,1,5.0,12.0,5.3,A,-9.3
7408,high,2,15.0,17.0,8.9,A,4.1
7409,high,1,8.0,1.0,9.8,C,12.1
7410,low,1,6.0,20.0,7.7,A,3.9
7411,low,1,14.0,24.0,7.2,C,0.4
7412,medium,0,4.0,1.0,5.0,A,-8.8
7413,none,2,3.0,7.0,8.2,B,3.7
7414,low,2,6.0,2.0,9.3,C,10.1
7415,high,1,14.0,7.0,1.3,A,-100.0
7416,low,3,13.0,15.0,1.7,A,-100.0
7417,high,1,12.0,19.0,8.8,A,6.4
7418,high,0,8.0,9.0,9.1,A,10.8
7419,high,2,12.0,21.0,8.3,A,1.1
7420,low,2,6.0,13.0,3.7,A,-100.0
7421,high,1,3.0,2.0,8.9,A,7.6
7422,medium,1,4.0,26.0,1.9,A,-100.0
7423,high,2,10.0,14.0,8.5,A,2.4
7424,high,2,23.0,19.0,5.5,A,-15.4
7425,none,2,7.0,9.0,4.3,A,-18.1
7426,medium,0,11.0,27.0,6.4,A,-1.5
7427,low,1,7.0,4.0,2.1,A,-100.0
7428,none,1,24.0,9.0,3.1,A,-100.0
7429,medium,2,10.0,12.0,9.8,A,12.1
7430,high,1,10.0,18.0,2.6,A,-100.0
7431,high,0,4.0,0.0,3.4,A,-100.0
7432,medium,4,5.0,3.0,9.6,A,6.4
7433,medium,2,17.0,6.0,3.5,A,-100.0
7434,none,2,10.0,10.0,5.1,A,-14.0
7435,medium,0,9.0,20.0,9.4,A,15.0
7436,medium,2,6.0,16.0,8.3,A,4.3
7437,low,2,22.0,20.0,8.9,A,6.4
7438,low,1,4.0,4.0,7.3,D,1.8
7439,high,1,22.0,29.0,5.4,A,-13.2
7440,none,2,3.0,6.0,8.0,C,2.6
7441,high,1,14.0,2.0,9.4,A,9.3
7442,high,1,15.0,15.0,7.5,A,-1.1
7443,medium,2,6.0,1.0,5.7,C,-10.1
7444,low,1,8.0,6.0,2.5,A,-100.0
7445,medium,1,6.0,12.0,6.8,A,-1.5
7446,medium,0,19.0,18.0,8.9,A,11.3
7447,low,0,34.0,19.0,3.9,A,-17.3
7448,low,3,12.0,19.0,1.7,A,-100.0
7449,high,1,3.0,17.0,2.7,A,-100.0
7450,medium,1,15.0,49.0,8.3,A,6.2
7451,high,1,29.0,0.0,4.5,A,-19.2
7452,high,1,7.0,31.0,2.4,A,-100.0
7453,low,1,31.0,1.0,2.8,A,-100.0
7454,high,1,6.0,3.0,9.7,A,11.8
7455,medium,3,2.0,4.0,2.1,A,-100.0
7456,medium,0,15.0,9.0,8.1,A,7.2
7457,medium,2,13.0,23.0,9.1,A,8.1
7458,medium,3,32.0,4.0,8.5,A,0.2
7459,high,2,3.0,11.0,1.9,A,-100.0
7460,,4,9.0,4.0,1.5,A,-100.0
7461,none,1,6.0,28.0,1.4,A,-100.0
7462,medium,1,9.0,4.0,1.0,C,-100.0
7463,medium,1,5.0,3.0,9.5,A,13.4
7464,high,3,18.0,1.0,7.7,A,-5.5
7465,low,3,20.0,10.0,8.9,B,4.0
7466,low,1,3.0,11.0,1.5,A,-100.0
7467,none,2,7.0,3.0,7.8,C,1.1
7468,medium,1,16.0,1.0,6.5,C,-4.2
7469,high,0,5.0,9.0,7.1,A,0.1
7470,medium,3,39.0,12.0,3.4,B,-100.0
7471,high,1,3.0,3.0,5.9,A,-8.8
7472,medium,2,8.0,42.0,9.9,D,13.2
7473,medium,1,9.0,4.0,9.4,A,12.4
7474,low,2,16.0,9.0,6.9,C,-4.1
7475,low,1,6.0,6.0,2.0,D,-100.0
7476,high,4,6.0,6.0,3.1,C,-100.0
7477,none,3,2.0,6.0,1.4,A,-100.0
7478,low,3,4.0,3.0,1.2,A,-100.0
7479,low,1,7.0,21.0,6.2,B,-4.4
7480,medium,0,14.0,8.0,3.7,A,-16.9
7481,high,1,4.0,5.0,7.7,A,1.0
7482,medium,2,6.0,22.0,2.5,B,-100.0
7483,none,3,8.0,40.0,9.3,A,7.1
7484,high,0,,26.0,5.5,C,
7485,none,3,6.0,20.0,8.6,A,3.3
7486,medium,3,19.0,38.0,8.2,A,0.2
7487,medium,0,10.0,7.0,7.9,A,6.6
7488,medium,0,3.0,12.0,3.9,C,-14.6
7489,none,2,6.0,1.0,5.0,C,-14.2
7490,high,2,6.0,6.0,1.7,B,-100.0
7491,medium,1,5.0,8.0,8.1,A,5.7
7492,high,2,11.0,12.0,6.0,B,-11.5
7493,low,1,3.0,0.0,9.4,B,13.4
7494,low,2,4.0,16.0,8.5,A,6.0
7495,high,0,4.0,10.0,7.4,B,1.9
7496,low,0,21.0,28.0,4.0,A,-15.3
7497,,0,6.0,13.0,4.0,A,-14.6
7498,medium,2,2.0,33.0,6.7,C,-3.9
7499,medium,1,10.0,11.0,9.3,A,11.9
7500,high,2,2.0,17.0,9.1,D,6.5
7501,medium,1,12.0,7.0,1.9,A,-100.0
7502,none,2,8.0,8.0,9.3,A,9.3
7503,high,0,8.0,26.0,6.0,A,-6.1
7504,none,4,3.0,10.0,8.9,A,2.6
7505,none,3,23.0,4.0,3.3,D,-100.0
7506,high,2,3.0,12.0,1.9,A,-100.0
7507,none,2,15.0,0.0,2.0,A,-100.0
7508,medium,3,9.0,15.0,5.9,A,-11.7
7509,none,1,5.0,1.0,1.3,D,-100.0
7510,medium,2,37.0,21.0,8.9,A,4.6
7511,none,2,15.0,20.0,4.6,A,-17.1
7512,medium,1,8.0,5.0,1.6,A,-100.0
7513,high,0,4.0,4.0,2.0,A,-100.0
7514,medium,3,39.0,2.0,5.5,C,-17.0
7515,medium,3,3.0,3.0,9.2,A,6.9
7516,low,0,17.0,20.0,3.7,A,-16.7
7517,high,2,7.0,7.0,3.4,A,-100.0
7518,high,1,17.0,37.0,4.9,B,-15.4
7519,high,0,14.0,4.0,6.3,A,-5.2
7520,medium,2,12.0,16.0,8.7,C,5.9
7521,medium,1,11.0,17.0,6.4,A,-4.1
7522,high,3,4.0,14.0,9.5,A,6.0
7523,none,0,8.0,1.0,9.9,D,15.0
7524,none,3,13.0,35.0,8.3,A,1.1
7525,none,2,23.0,3.0,5.5,C,-13.1
7526,high,1,6.0,8.0,7.0,A,-3.0
7527,low,2,9.0,8.0,9.0,B,8.2
7528,high,1,14.0,7.0,8.6,A,5.0
7529,medium,4,13.0,5.0,8.8,A,1.3
7530,low,3,6.0,3.0,3.6,A,-100.0
7531,low,2,4.0,1.0,7.8,A,2.0
7532,none,3,14.0,5.0,1.9,A,-100.0
7533,medium,0,8.0,7.0,9.6,D,15.0
7534,medium,2,3.0,10.0,8.1,C,3.5
7535,high,1,6.0,10.0,5.0,A,-14.0
7536,high,2,4.0,15.0,2.2,D,-100.0
7537,low,2,9.0,12.0,8.1,A,3.2
7538,high,2,23.0,7.0,3.4,A,-100.0
7539,high,2,24.0,29.0,8.1,A,-1.1
7540,high,2,7.0,1.0,4.0,A,-100.0
7541,low,2,14.0,13.0,8.5,D,5.0
7542,medium,3,2.0,2.0,1.4,A,-100.0
7543,high,1,19.0,8.0,5.5,A,-12.6
7544,medium,0,5.0,31.0,9.4,A,15.0
7545,none,3,3.0,7.0,6.7,C,-7.0
7546,low,2,9.0,1.0,8.1,A,3.1
7547,high,2,8.0,6.0,5.4,C,-14.6
7548,none,1,2.0,2.0,9.3,C,12.3
7549,medium,0,2.0,1.0,8.1,A,8.5
7550,none,1,5.0,28.0,9.7,B,14.5
7551,none,0,18.0,1.0,3.0,D,-100.0
7552,high,0,6.0,1.0,9.7,C,14.2
7553,medium,3,11.0,21.0,7.8,A,-1.4
7554,none,2,21.0,22.0,1.2,D,-100.0
7555,high,0,9.0,8.0,7.4,A,1.4
7556,medium,2,9.0,11.0,6.9,A,-3.7
7557,high,3,7.0,35.0,2.3,A,-100.0
7558,medium,0,3.0,22.0,3.9,A,-14.5
7559,high,0,4.0,5.0,2.6,D,-100.0
7560,medium,0,6.0,3.0,9.0,A,13.0
7561,none,0,3.0,4.0,9.2,A,14.2
7562,low,4,4.0,22.0,3.9,A,-100.0
7563,none,2,13.0,11.0,2.4,A,-100.0
7564,low,3,5.0,8.0,9.4,C,8.3
7565,medium,1,1.0,14.0,9.2,A,12.2
7566,,0,15.0,33.0,8.7,B,10.5
7567,low,2,7.0,19.0,8.2,C,4.1
7568,medium,2,25.0,20.0,3.7,A,-100.0
7569,medium,1,37.0,1.0,8.4,A,4.1
7570,high,2,20.0,34.0,8.8,A,3.2
7571,low,0,6.0,3.0,8.1,B,8.4
7572,medium,2,9.0,12.0,3.7,A,-100.0
7573,high,2,20.0,1.0,8.7,A,2.3
7574,low,2,15.0,12.0,8.6,C,5.4
7575,high,0,5.0,8.0,8.8,C,9.5
7576,none,2,6.0,9.0,1.9,A,-100.0
7577,none,1,6.0,49.0,3.7,C,-18.4
7578,medium,1,8.0,15.0,8.1,A,5.5
7579,low,0,14.0,3.0,1.8,A,-100.0
7580,none,3,7.0,37.0,8.8,C,4.4
7581,low,3,12.0,11.0,8.3,A,1.5
7582,none,2,9.0,16.0,3.9,D,-100.0
7583,low,2,0.0,15.0,2.7,C,-100.0
7584,medium,2,7.0,8.0,2.3,D,-100.0
7585,none,1,4.0,19.0,8.9,A,10.1
7586,high,1,15.0,5.0,9.7,D,10.9
7587,low,1,3.0,16.0,4.4,A,-14.0
7588,high,1,16.0,1.0,8.4,A,3.6
7589,none,2,3.0,22.0,8.8,A,7.2
7590,high,0,11.0,4.0,8.0,A,4.4
7591,medium,3,9.0,11.0,1.7,A,-100.0
7592,low,3,9.0,47.0,9.3,C,7.7
7593,high,0,3.0,4.0,4.6,A,-13.5
7594,none,1,10.0,7.0,2.5,A,-100.0
7595,low,2,31.0,11.0,8.7,A,4.3
7596,none,0,4.0,4.0,8.7,A,11.4
7597,none,2,22.0,2.0,8.2,B,1.8
7598,none,0,8.0,25.0,6.5,A,-0.9
7599,low,2,2.0,26.0,1.9,A,-100.0
7600,high,1,7.0,2.0,9.0,A,7.8
7601,none,1,12.0,3.0,4.6,C,-14.5
7602,medium,0,14.0,3.0,3.1,B,-100.0
7603,low,3,18.0,30.0,8.8,A,3.9
7604,high,0,5.0,1.0,6.3,C,-4.4
7605,low,0,9.0,25.0,9.7,A,15.0
7606,high,1,4.0,8.0,7.8,A,1.5
7607,low,1,11.0,0.0,10.0,A,15.0
7608,high,2,6.0,1.0,8.1,C,0.4
7609,none,1,13.0,11.0,9.6,A,13.0
7610,high,3,8.0,12.0,9.9,A,7.7
7611,high,4,2.0,13.0,9.4,A,3.1
7612,high,1,5.0,10.0,7.1,A,-2.4
7613,low,3,2.0,24.0,9.6,D,9.8
7614,low,3,17.0,8.0,9.3,A,6.5
7615,low,1,,2.0,7.0,C,
7616,medium,1,19.0,6.0,3.4,B,-100.0
7617,,1,20.0,37.0,6.1,A,-6.7
7618,high,1,11.0,48.0,3.4,A,-100.0
7619,medium,1,7.0,38.0,8.5,B,8.0
7620,high,1,5.0,4.0,2.8,A,-100.0
7621,low,2,16.0,3.0,6.8,A,-4.7
7622,none,1,15.0,24.0,9.2,A,10.7
7623,none,2,5.0,7.0,7.4,A,-0.9
7624,,2,24.0,24.0,4.3,A,-19.6
7625,medium,1,9.0,16.0,1.4,D,-100.0
7626,high,2,18.0,2.0,8.3,A,0.3
7627,none,0,,21.0,2.1,C,
7628,high,0,10.0,18.0,10.0,B,15.0
7629,low,2,17.0,10.0,8.9,C,6.8
7630,low,4,6.0,23.0,4.1,C,-100.0
7631,low,0,10.0,5.0,6.4,C,-1.3
7632,high,4,2.0,21.0,10.0,A,6.5
7633,none,4,6.0,6.0,1.3,B,-100.0
7634,high,2,3.0,7.0,8.2,C,1.3
7635,low,2,7.0,9.0,1.9,A,-100.0
7636,low,2,16.0,2.0,1.3,A,-100.0
7637,low,3,9.0,4.0,9.3,C,7.3
7638,medium,2,13.0,2.0,3.8,C,-100.0
7639,low,1,5.0,44.0,1.7,A,-100.0
7640,low,0,9.0,8.0,1.7,A,-100.0
7641,high,2,14.0,16.0,2.3,A,-100.0
7642,medium,2,20.0,28.0,5.6,A,-11.8
7643,medium,1,11.0,2.0,8.1,A,5.1
7644,high,2,19.0,10.0,8.6,A,2.0
7645,low,0,16.0,7.0,2.8,A,-100.0
7646,high,1,21.0,9.0,5.9,A,-10.6
7647,high,2,10.0,16.0,8.2,A,0.7
7648,high,2,22.0,10.0,5.1,D,-17.6
7649,low,0,7.0,1.0,4.2,C,-13.1
7650,high,1,17.0,17.0,9.1,A,7.5
7651,medium,2,6.0,13.0,4.3,A,-17.7
7652,high,1,25.0,26.0,6.2,A,-9.2
7653,high,1,5.0,10.0,8.6,D,5.9
7654,low,2,3.0,29.0,7.7,A,1.8
7655,low,0,1.0,1.0,5.9,A,-3.2
7656,none,2,6.0,44.0,7.4,C,-0.6
7657,none,1,6.0,5.0,8.8,D,9.2
7658,high,2,6.0,3.0,6.3,A,-9.4
7659,high,2,2.0,9.0,9.0,A,5.9
7660,medium,2,9.0,3.0,5.9,C,-9.3
7661,high,0,15.0,21.0,1.8,B,-100.0
7662,medium,4,5.0,5.0,2.2,C,-100.0
7663,low,2,7.0,14.0,9.3,A,10.1
7664,none,3,7.0,11.0,10.0,B,10.8
7665,low,1,11.0,9.0,9.8,A,14.9
7666,low,2,22.0,1.0,2.9,A,-100.0
7667,low,3,6.0,44.0,1.2,D,-100.0
7668,high,0,8.0,8.0,2.1,A,-100.0
7669,low,0,19.0,2.0,8.2,A,7.7
7670,low,1,23.0,10.0,8.3,C,5.4
7671,medium,3,13.0,12.0,9.5,C,7.7
7672,low,1,2.0,2.0,6.8,A,-0.8
7673,high,3,19.0,1.0,9.4,C,3.8
7674,low,2,8.0,21.0,1.3,C,-100.0
7675,high,2,13.0,5.0,8.5,A,2.0
7676,medium,3,2.0,39.0,9.1,A,6.8
7677,high,5,7.0,6.0,1.5,A,-100.0
7678,none,1,12.0,6.0,5.5,A,-9.5
7679,high,3,8.0,26.0,3.1,D,-100.0
7680,high,0,5.0,17.0,2.1,A,-100.0
7681,none,1,6.0,22.0,8.4,A,7.2
7682,medium,2,14.0,10.0,2.4,C,-100.0
7683,medium,1,9.0,7.0,7.1,A,-0.2
7684,medium,2,11.0,2.0,8.8,A,6.4
7685,low,2,7.0,13.0,5.7,C,-9.7
7686,high,2,14.0,0.0,8.6,A,2.4
7687,none,2,8.0,1.0,5.4,A,-12.2
7688,medium,0,11.0,14.0,9.8,A,15.0
7689,low,0,9.0,13.0,2.4,C,-100.0
7690,high,2,14.0,12.0,8.9,A,4.2
7691,high,1,4.0,8.0,2.6,A,-100.0
7692,none,0,7.0,2.0,8.0,A,7.2
7693,high,3,19.0,3.0,,D,
7694,high,4,5.0,22.0,7.9,C,-5.4
7695,low,0,7.0,4.0,9.5,A,15.0
7696,low,0,3.0,6.0,1.7,B,-100.0
7697,low,1,5.0,15.0,8.2,B,6.7
7698,medium,2,2.0,25.0,2.4,A,-100.0
7699,low,1,10.0,4.0,8.9,A,10.0
7700,low,1,10.0,15.0,5.3,C,-9.7
7701,high,2,7.0,7.0,8.7,C,3.7
7702,low,2,8.0,45.0,7.0,B,-2.4
7703,low,1,2.0,17.0,4.7,C,-12.2
7704,low,0,17.0,2.0,8.1,D,7.3
7705,none,1,3.0,18.0,3.3,A,-100.0
7706,high,1,8.0,10.0,9.1,C,8.3
7707,low,1,15.0,3.0,8.4,A,
7708,high,1,11.0,50.0,2.6,D,-100.0
7709,medium,1,16.0,23.0,8.1,B,4.8
7710,high,1,13.0,0.0,8.7,A,5.5
7711,low,2,24.0,1.0,5.1,B,-14.9
7712,high,3,1.0,14.0,7.6,C,-4.2
7713,low,0,9.0,0.0,1.6,C,-100.0
7714,medium,1,4.0,1.0,9.7,C,14.6
7715,high,2,5.0,19.0,9.7,A,9.5
7716,medium,0,9.0,16.0,1.8,A,-100.0
7717,none,3,13.0,12.0,8.1,D,-0.3
7718,none,5,18.0,6.0,7.7,A,-8.0
7719,low,1,25.0,41.0,9.4,A,11.6
7720,low,0,8.0,1.0,7.4,C,4.4
7721,none,1,4.0,1.0,4.0,C,-17.0
7722,low,0,7.0,1.0,9.5,A,15.0
7723,none,2,3.0,3.0,8.8,A,7.0
7724,high,3,7.0,7.0,2.4,A,-100.0
7725,medium,1,10.0,5.0,8.5,C,7.4
7726,low,2,11.0,33.0,8.1,D,3.2
7727,none,3,6.0,12.0,2.7,A,-100.0
7728,medium,3,14.0,22.0,5.7,A,-13.2
7729,high,2,13.0,7.0,8.4,A,1.4
7730,high,1,,6.0,10.0,C,
7731,high,2,7.0,14.0,9.4,A,7.6
7732,high,2,16.0,7.0,1.7,B,-100.0
7733,high,2,8.0,3.0,9.4,A,7.4
7734,low,2,14.0,5.0,6.6,A,-5.6
7735,medium,4,3.0,2.0,8.7,A,1.7
7736,medium,1,9.0,50.0,9.9,A,15.0
7737,high,2,7.0,6.0,7.1,A,-5.1
7738,none,1,5.0,7.0,2.0,A,-100.0
7739,none,1,21.0,14.0,3.2,A,-100.0
7740,high,2,7.0,8.0,1.4,A,-100.0
7741,medium,0,10.0,1.0,8.3,A,8.8
7742,medium,1,7.0,8.0,8.5,A,7.7
7743,low,1,6.0,4.0,5.5,A,-8.3
7744,medium,1,15.0,7.0,6.5,A,-4.1
7745,high,1,1.0,7.0,8.2,C,4.1
7746,low,0,2.0,7.0,9.2,A,14.9
7747,,1,7.0,14.0,8.8,B,9.2
7748,high,1,21.0,14.0,1.3,C,-100.0
7749,none,2,5.0,5.0,9.2,A,9.0
7750,low,2,,36.0,9.8,C,
7751,high,2,7.0,1.0,2.0,A,-100.0
7752,high,3,4.0,8.0,8.8,A,2.1
7753,high,2,2.0,6.0,2.7,A,-100.0
7754,high,1,14.0,5.0,5.5,C,-12.1
7755,low,2,10.0,50.0,8.7,A,6.8
7756,high,1,5.0,5.0,10.0,B,13.5
7757,low,0,5.0,7.0,3.9,A,-14.5
7758,low,1,13.0,4.0,1.7,A,-100.0
7759,medium,2,9.0,13.0,6.6,A,-5.4
7760,medium,0,10.0,28.0,10.0,A,15.0
7761,low,0,6.0,2.0,10.0,C,15.0
7762,high,5,7.0,11.0,9.5,A,0.6
7763,low,1,9.0,23.0,9.2,A,11.9
7764,,2,15.0,18.0,1.5,A,-100.0
7765,none,1,8.0,15.0,8.1,B,5.3
7766,high,0,6.0,6.0,2.3,B,-100.0
7767,high,7,1.0,1.0,3.4,C,-100.0
7768,high,0,13.0,1.0,3.1,A,-100.0
7769,low,1,1.0,2.0,8.3,A,7.6
7770,none,0,10.0,17.0,3.8,A,-16.0
7771,high,1,14.0,0.0,5.4,A,-12.7
7772,high,1,2.0,9.0,8.4,C,5.1
7773,low,0,5.0,17.0,8.4,A,10.4
7774,low,1,9.0,15.0,4.6,A,-13.5
7775,high,2,11.0,6.0,9.3,A,6.6
7776,medium,2,9.0,1.0,4.0,A,-19.8
7777,low,1,12.0,16.0,3.5,A,-19.8
7778,medium,2,6.0,0.0,8.2,A,3.6
7779,low,4,34.0,2.0,4.7,A,-100.0
7780,none,1,3.0,2.0,4.9,A,-12.0
7781,high,1,7.0,21.0,8.7,A,6.3
7782,low,2,9.0,6.0,1.8,A,-100.0
7783,medium,0,8.0,30.0,7.2,A,3.2
7784,high,2,7.0,4.0,9.1,A,5.9
7785,none,2,10.0,5.0,9.6,A,10.7
7786,medium,0,5.0,3.0,7.6,A,5.4
7787,medium,0,11.0,16.0,8.6,A,10.5
7788,none,1,25.0,28.0,3.2,A,-100.0
7789,medium,1,13.0,19.0,4.2,A,-16.4
7790,medium,0,24.0,4.0,5.7,A,-6.9
7791,none,1,23.0,14.0,7.3,A,-0.6
7792,none,2,29.0,11.0,8.7,A,3.9
7793,low,3,1.0,1.0,9.8,A,10.8
7794,low,2,9.0,5.0,9.8,A,12.5
7795,low,1,17.0,37.0,9.0,A,10.2
7796,low,2,11.0,6.0,6.8,A,-4.2
7797,high,2,11.0,2.0,8.9,A,4.3
7798,none,0,4.0,25.0,4.2,A,-13.2
7799,high,1,6.0,10.0,9.5,A,10.7
7800,low,1,5.0,2.0,8.7,A,9.3
7801,high,3,8.0,2.0,4.9,A,-19.9
7802,low,3,9.0,50.0,8.2,A,1.7
7803,high,3,8.0,5.0,6.7,B,-9.9
7804,medium,1,3.0,1.0,8.0,A,5.3
7805,high,0,21.0,38.0,1.5,A,-100.0
7806,medium,2,0.0,2.0,9.1,A,9.2
7807,high,0,6.0,7.0,8.2,A,6.0
7808,low,3,20.0,21.0,8.1,A,-0.3
7809,low,2,10.0,18.0,8.3,A,4.3
7810,medium,1,8.0,9.0,9.8,A,14.8
7811,high,2,17.0,9.0,9.0,A,4.4
7812,none,1,4.0,5.0,2.8,D,-100.0
7813,none,1,5.0,1.0,6.8,A,-1.7
7814,high,1,19.0,7.0,4.4,B,-18.7
7815,medium,2,9.0,28.0,9.0,B,8.0
7816,medium,1,23.0,3.0,5.1,A,-12.6
7817,low,1,10.0,0.0,4.3,A,-15.4
7818,low,2,17.0,8.0,3.8,A,-100.0
7819,none,3,26.0,5.0,7.0,A,-7.7
7820,medium,2,17.0,22.0,6.2,A,-8.3
7821,high,5,13.0,18.0,4.5,B,-100.0
7822,high,2,2.0,3.0,9.6,A,9.1
7823,medium,2,17.0,33.0,5.8,C,-10.4
7824,low,3,12.0,5.0,7.9,A,-0.7
7825,medium,1,3.0,3.0,8.6,A,8.6
7826,high,2,13.0,12.0,8.3,A,0.9
7827,low,0,7.0,7.0,1.1,A,-100.0
7828,low,4,16.0,44.0,8.4,A,-0.5
7829,high,2,5.0,2.0,2.6,B,-100.0
7830,low,2,16.0,9.0,4.7,A,-16.2
7831,low,3,8.0,13.0,1.7,C,
7832,high,1,9.0,12.0,3.2,A,-100.0
7833,medium,2,9.0,6.0,3.3,A,-100.0
7834,high,1,27.0,1.0,5.5,A,-13.5
7835,medium,3,23.0,4.0,8.2,A,-0.6
7836,none,1,30.0,13.0,2.0,A,-100.0
7837,none,0,32.0,14.0,9.2,C,11.4
7838,medium,6,15.0,6.0,8.9,C,-3.4
7839,low,1,18.0,34.0,2.4,D,-100.0
7840,low,3,5.0,2.0,9.0,A,6.0
7841,high,2,9.0,24.0,1.6,A,-100.0
7842,high,0,3.0,2.0,8.9,A,10.1
7843,low,0,10.0,4.0,8.3,A,9.2
7844,,0,5.0,8.0,8.0,A,7.5
7845,low,3,14.0,11.0,2.0,A,-100.0
7846,medium,1,5.0,29.0,9.2,C,12.0
7847,none,4,15.0,5.0,6.3,A,-12.9
7848,medium,2,6.0,2.0,2.1,C,-100.0
7849,none,2,5.0,5.0,8.5,A,5.2
7850,medium,1,6.0,16.0,8.9,A,10.1
7851,high,2,6.0,5.0,8.3,B,1.6
7852,high,1,15.0,4.0,7.8,A,0.4
7853,low,1,7.0,12.0,9.7,A,14.7
7854,low,2,8.0,4.0,9.2,D,9.3
7855,low,1,15.0,16.0,4.4,C,-15.2
7856,none,1,12.0,12.0,6.1,A,-6.2
7857,low,0,2.0,4.0,1.2,A,-100.0
7858,medium,0,3.0,15.0,8.5,C,10.7
7859,medium,2,5.0,16.0,3.6,C,-100.0
7860,high,1,7.0,23.0,4.6,B,-16.2
7861,medium,0,13.0,4.0,2.1,D,-100.0
7862,low,1,2.0,2.0,1.3,C,-100.0
7863,high,1,10.0,5.0,8.5,A,4.8
7864,none,3,8.0,20.0,8.5,A,2.5
7865,none,3,9.0,1.0,8.5,A,2.2
7866,high,1,18.0,23.0,7.0,A,-4.1
7867,low,2,5.0,48.0,9.8,D,13.4
7868,none,1,24.0,2.0,1.0,A,-100.0
7869,high,1,24.0,1.0,9.0,C,6.1
7870,none,1,23.0,0.0,4.9,A,-14.0
7871,low,1,6.0,0.0,9.9,C,15.0
7872,high,1,10.0,13.0,1.6,A,-100.0
7873,low,1,10.0,6.0,2.5,A,-100.0
7874,medium,3,13.0,0.0,7.2,A,-5.1
7875,low,2,8.0,14.0,9.1,A,8.9
7876,medium,2,8.0,13.0,8.6,A,5.7
7877,low,1,11.0,12.0,6.6,C,-2.7
7878,none,0,8.0,13.0,5.0,B,-9.3
7879,none,3,12.0,4.0,4.1,A,-100.0
7880,high,1,5.0,8.0,3.5,A,-100.0
7881,high,3,5.0,6.0,5.7,C,-15.1
7882,low,2,8.0,21.0,8.9,A,7.8
7883,medium,2,11.0,10.0,7.3,B,-1.7
7884,high,2,7.0,18.0,1.0,A,-100.0
7885,medium,2,6.0,3.0,2.5,A,-100.0
7886,high,3,8.0,35.0,9.2,A,4.1
7887,medium,5,11.0,24.0,4.9,A,-100.0
7888,high,4,4.0,32.0,1.7,B,-100.0
7889,high,2,5.0,0.0,6.0,C,-11.0
7890,low,0,5.0,16.0,6.9,A,2.1
7891,high,3,10.0,16.0,9.4,A,4.8
7892,high,0,8.0,7.0,6.9,A,-1.3
7893,high,1,4.0,11.0,8.5,D,5.4
7894,none,0,5.0,14.0,5.8,C,-4.6
7895,low,1,9.0,15.0,3.6,A,-19.0
7896,none,1,8.0,10.0,3.8,B,-18.4
7897,low,0,2.0,50.0,5.2,A,-6.6
7898,none,5,15.0,1.0,7.0,D,-11.6
7899,low,1,17.0,13.0,7.9,A,3.9
7900,medium,0,6.0,4.0,9.6,A,15.0
7901,low,3,4.0,0.0,7.8,A,-0.5
7902,low,2,14.0,1.0,6.8,A,-4.5
7903,medium,2,6.0,7.0,9.9,A,13.0
7904,,2,18.0,5.0,2.6,A,-100.0
7905,low,3,1.0,10.0,2.3,D,-100.0
7906,low,0,17.0,2.0,8.9,A,11.7
7907,medium,3,8.0,3.0,1.5,A,-100.0
7908,low,1,8.0,9.0,2.0,A,-100.0
7909,,0,11.0,7.0,1.1,A,-100.0
7910,low,0,3.0,8.0,2.6,D,-100.0
7911,high,0,2.0,3.0,7.6,C,3.1
7912,medium,3,15.0,21.0,8.2,D,0.4
7913,low,2,7.0,11.0,7.7,A,1.2
7914,high,0,3.0,9.0,3.0,C,-100.0
7915,medium,1,9.0,4.0,8.8,A,9.1
7916,high,3,4.0,12.0,9.5,D,5.9
7917,,2,10.0,33.0,3.2,A,-100.0
7918,high,2,4.0,22.0,9.9,C,10.7
7919,medium,2,34.0,17.0,7.9,A,-0.7
7920,medium,3,6.0,4.0,3.7,A,-100.0
7921,medium,0,3.0,13.0,9.3,A,15.0
7922,low,1,15.0,2.0,7.7,C,2.8
7923,medium,4,2.0,17.0,2.1,A,-100.0
7924,none,5,4.0,0.0,6.7,A,-12.2
7925,high,4,9.0,8.0,9.0,A,0.2
7926,,4,15.0,4.0,7.6,A,-5.8
7927,medium,1,11.0,5.0,8.9,B,9.5
7928,medium,2,7.0,11.0,9.9,C,13.0
7929,high,0,17.0,19.0,1.5,A,-100.0
7930,low,2,11.0,33.0,9.4,A,10.4
7931,medium,1,12.0,28.0,2.8,A,-100.0
7932,medium,1,20.0,37.0,9.2,C,10.6
7933,low,0,2.0,21.0,8.1,C,9.0
7934,high,2,21.0,8.0,8.5,A,1.2
7935,medium,2,6.0,9.0,8.7,A,6.4
7936,none,2,8.0,1.0,5.1,A,-13.9
7937,,1,6.0,2.0,8.5,A,7.5
7938,medium,1,4.0,38.0,6.9,A,-0.5
7939,high,1,11.0,2.0,1.7,C,-100.0
7940,high,2,5.0,6.0,8.7,B,3.9
7941,high,0,15.0,13.0,6.0,D,-6.9
7942,medium,1,9.0,7.0,8.8,C,9.2
7943,low,0,6.0,39.0,9.0,D,13.8
7944,,2,,6.0,9.4,C,
7945,high,0,10.0,22.0,7.1,C,-0.3
7946,medium,2,18.0,11.0,1.5,A,-100.0
7947,none,1,14.0,5.0,8.8,A,8.4
7948,high,0,16.0,8.0,3.9,A,-18.6
7949,medium,1,10.0,1.0,1.3,A,-100.0
7950,low,3,12.0,8.0,2.5,A,-100.0
7951,high,2,4.0,11.0,9.7,A,9.5
7952,none,3,11.0,5.0,7.7,C,-2.3
7953,low,0,3.0,1.0,8.1,A,8.7
7954,low,1,6.0,16.0,7.3,A,1.7
7955,none,1,14.0,0.0,9.0,A,9.5
7956,medium,3,14.0,3.0,5.3,C,-15.6
7957,high,1,16.0,3.0,9.0,A,6.9
7958,medium,1,6.0,2.0,1.3,C,-100.0
7959,high,2,1.0,5.0,5.4,A,-13.9
7960,medium,3,22.0,8.0,7.4,B,-4.8
7961,low,1,8.0,42.0,2.8,A,-100.0
7962,high,1,7.0,14.0,2.9,A,-100.0
7963,high,1,4.0,7.0,3.7,B,-100.0
7964,high,1,18.0,32.0,8.5,A,4.2
7965,high,0,13.0,2.0,9.3,A,11.3
7966,low,1,14.0,2.0,8.3,A,6.3
7967,high,1,11.0,6.0,1.8,A,-100.0
7968,medium,2,8.0,26.0,8.1,A,3.1
7969,high,1,11.0,18.0,5.1,B,-13.9
7970,medium,2,3.0,9.0,9.5,C,11.1
7971,low,1,12.0,21.0,2.0,C,-100.0
7972,medium,1,23.0,10.0,1.2,A,-100.0
7973,low,0,3.0,0.0,8.9,A,13.1
7974,low,1,14.0,12.0,6.9,A,-1.4
7975,low,2,9.0,2.0,3.2,A,-100.0
7976,medium,3,22.0,7.0,9.1,A,4.5
7977,high,0,13.0,13.0,8.2,C,5.4
7978,low,3,9.0,22.0,8.5,A,3.0
7979,none,1,26.0,2.0,9.6,C,11.6
7980,high,0,10.0,31.0,9.5,A,13.0
7981,low,1,14.0,0.0,8.4,B,6.8
7982,low,2,5.0,1.0,9.1,A,9.0
7983,high,2,11.0,3.0,1.6,A,-100.0
7984,high,1,5.0,3.0,4.2,A,-18.4
7985,none,0,16.0,17.0,3.8,D,-16.7
7986,,1,6.0,2.0,4.6,C,-13.9
7987,high,1,8.0,5.0,7.1,C,-2.7
7988,high,2,6.0,9.0,6.9,A,-6.1
7989,high,1,3.0,14.0,1.3,A,-100.0
7990,medium,1,6.0,3.0,6.9,A,-1.0
7991,none,2,23.0,12.0,8.7,A,4.5
7992,low,2,16.0,4.0,7.1,C,-3.0
7993,medium,0,12.0,6.0,8.7,A,10.8
7994,none,0,8.0,13.0,9.0,C,12.7
7995,none,1,1.0,13.0,5.9,A,-6.1
7996,high,1,11.0,28.0,2.8,C,-100.0
7997,medium,1,9.0,9.0,8.9,A,9.7
7998,high,0,5.0,4.0,1.1,C,-100.0
7999,none,3,10.0,1.0,9.2,B,6.0
8000,medium,0,6.0,2.0,9.0,C,13.0
8001,high,2,8.0,2.0,8.2,A,0.8
8002,high,3,1.0,2.0,3.3,A,-100.0
8003,low,5,6.0,7.0,9.1,C,1.5
8004,low,1,3.0,4.0,7.4,C,2.4
8005,none,0,6.0,1.0,3.1,B,-19.7
8006,high,3,13.0,12.0,6.5,C,-11.5
8007,,0,9.0,18.0,3.3,D,-18.7
8008,medium,1,15.0,38.0,8.5,C,7.2
8009,medium,0,11.0,1.0,5.3,A,-7.8
8010,medium,2,4.0,44.0,7.0,A,-2.4
8011,low,1,1.0,5.0,9.4,B,13.6
8012,low,1,12.0,9.0,1.0,B,-100.0
8013,high,3,3.0,1.0,5.2,A,-17.7
8014,medium,6,1.0,13.0,8.3,C,-5.2
8015,low,0,5.0,4.0,3.7,A,-15.6
8016,medium,1,15.0,13.0,8.2,A,5.3
8017,medium,2,8.0,1.0,5.2,C,-13.1
8018,none,0,10.0,30.0,9.2,A,13.8
8019,high,0,5.0,4.0,9.6,A,13.8
8020,none,0,17.0,21.0,4.5,A,-12.9
8021,low,1,16.0,7.0,8.2,A,5.5
8022,medium,4,20.0,1.0,3.5,A,-100.0
8023,low,1,4.0,18.0,7.3,A,1.9
8024,medium,1,4.0,1.0,6.1,C,-5.2
8025,low,2,4.0,6.0,5.7,A,-9.5
8026,,1,6.0,23.0,3.9,A,-17.5
8027,high,0,7.0,50.0,4.8,A,-12.3
8028,low,2,2.0,2.0,2.6,A,-100.0
8029,low,2,4.0,0.0,4.9,A,-14.0
8030,medium,1,14.0,1.0,6.5,B,-4.0
8031,medium,1,10.0,9.0,8.8,A,9.1
8032,high,2,,11.0,8.2,C,
8033,low,0,9.0,6.0,9.1,B,13.7
8034,low,1,8.0,14.0,9.8,A,15.0
8035,none,1,9.0,3.0,7.2,A,0.1
8036,medium,0,9.0,5.0,2.4,A,-100.0
8037,high,1,5.0,6.0,5.0,A,-14.0
8038,high,1,2.0,1.0,7.2,A,-1.6
8039,low,1,2.0,10.0,8.7,A,9.7
8040,medium,3,26.0,1.0,3.7,A,-100.0
8041,none,3,6.0,11.0,6.6,B,-7.8
8042,low,4,8.0,11.0,9.9,A,8.2
8043,low,2,15.0,0.0,,D,
8044,medium,1,7.0,2.0,9.6,C,13.7
8045,none,0,10.0,16.0,2.1,B,-100.0
8046,high,1,12.0,46.0,2.4,A,-100.0
8047,low,2,12.0,44.0,9.3,A,9.9
8048,none,2,12.0,14.0,9.0,A,7.3
8049,low,1,10.0,27.0,5.6,B,-8.0
8050,high,0,,15.0,7.2,C,
8051,high,4,4.0,24.0,7.2,B,-9.1
8052,high,1,13.0,18.0,3.9,A,-100.0
8053,low,4,35.0,7.0,9.0,C,0.5
8054,high,0,3.0,22.0,6.3,A,-4.0
8055,none,0,8.0,14.0,1.3,D,-100.0
8056,none,4,13.0,8.0,3.1,C,-100.0
8057,medium,1,4.0,5.0,3.0,A,-100.0
8058,low,0,3.0,9.0,8.7,A,12.1
8059,medium,2,4.0,11.0,4.9,A,-14.2
8060,low,1,5.0,18.0,3.5,C,-19.1
8061,high,0,10.0,13.0,6.3,A,-4.7
8062,none,2,17.0,0.0,6.3,A,-8.2
8063,high,4,12.0,13.0,3.2,B,-100.0
8064,none,1,2.0,2.0,3.9,C,-17.4
8065,medium,0,6.0,30.0,2.9,A,-100.0
8066,low,0,5.0,5.0,10.0,A,15.0
8067,medium,6,28.0,2.0,1.9,A,-100.0
8068,medium,1,3.0,0.0,9.8,B,15.0
8069,low,1,15.0,4.0,5.2,A,-10.9
8070,low,3,14.0,5.0,2.4,A,-100.0
8071,medium,0,11.0,5.0,10.0,A,15.0
8072,none,2,4.0,22.0,9.9,A,13.2
8073,none,0,35.0,7.0,8.2,C,5.5
8074,medium,3,13.0,10.0,9.0,A,4.9
8075,low,3,6.0,4.0,2.7,A,-100.0
8076,high,3,10.0,4.0,1.4,B,-100.0
8077,medium,3,12.0,20.0,5.2,C,-15.8
8078,low,5,2.0,5.0,3.0,A,-100.0
8079,none,2,12.0,11.0,5.0,A,-14.7
8080,high,2,28.0,8.0,7.3,B,-6.1
8081,high,1,16.0,11.0,3.9,A,-100.0
8082,none,0,7.0,24.0,2.8,A,-100.0
8083,,3,8.0,25.0,2.4,A,-100.0
8084,medium,2,19.0,14.0,8.1,A,1.9
8085,none,2,13.0,9.0,7.3,A,-2.2
8086,low,0,5.0,10.0,8.7,A,11.9
8087,high,0,3.0,2.0,6.8,A,-1.4
8088,high,0,7.0,1.0,3.9,A,-17.8
8089,none,1,3.0,34.0,6.7,A,-1.7
8090,none,2,9.0,3.0,4.1,A,-19.4
8091,low,1,6.0,23.0,5.2,A,-9.8
8092,high,3,13.0,7.0,1.1,B,-100.0
8093,medium,1,17.0,4.0,3.7,A,-19.7
8094,high,2,5.0,4.0,8.4,A,2.2
8095,none,0,11.0,50.0,1.3,B,-100.0
8096,low,0,7.0,0.0,7.2,A,3.4
8097,low,0,13.0,1.0,9.9,A,15.0
8098,high,1,5.0,5.0,4.8,A,-15.1
8099,medium,1,7.0,2.0,5.3,D,-9.9
8100,high,1,12.0,1.0,7.0,B,-3.7
8101,high,1,1.0,25.0,3.9,A,-19.4
8102,medium,2,9.0,18.0,9.9,B,12.8
8103,low,0,14.0,11.0,8.2,A,8.3
8104,high,1,5.0,3.0,1.3,A,-100.0
8105,high,1,35.0,27.0,1.4,A,-100.0
8106,low,3,8.0,39.0,1.4,C,-100.0
8107,high,0,2.0,3.0,5.2,A,-10.1
8108,none,2,4.0,50.0,4.3,A,-17.4
8109,none,0,14.0,46.0,1.7,A,-100.0
8110,none,5,24.0,3.0,8.2,A,-5.9
8111,high,1,3.0,11.0,7.8,A,1.7
8112,high,2,6.0,4.0,5.0,A,-16.6
8113,high,0,9.0,2.0,2.2,C,-100.0
8114,high,1,21.0,50.0,6.7,A,-5.8
8115,none,4,7.0,18.0,2.1,A,-100.0
8116,medium,3,4.0,17.0,2.5,B,-100.0
8117,none,0,9.0,0.0,8.3,A,8.6
8118,low,1,15.0,14.0,4.5,A,-14.6
8119,none,2,4.0,1.0,2.1,A,-100.0
8120,low,3,9.0,28.0,6.4,C,-8.4
8121,high,3,8.0,9.0,1.9,A,-100.0
8122,high,2,31.0,9.0,9.0,A,3.0
8123,high,2,12.0,2.0,9.3,A,6.4
8124,high,1,3.0,6.0,9.3,A,9.9
8125,low,0,9.0,21.0,2.1,C,-100.0
8126,medium,5,9.0,2.0,1.6,B,-100.0
8127,low,1,12.0,11.0,4.3,C,-15.5
8128,high,2,10.0,2.0,3.2,A,-100.0
8129,low,1,3.0,5.0,2.9,A,-100.0
8130,high,0,9.0,3.0,9.7,C,14.0
8131,none,2,20.0,9.0,1.1,C,-100.0
8132,high,1,22.0,11.0,3.4,A,-100.0
8133,low,1,3.0,1.0,3.5,C,-19.1
8134,high,3,11.0,5.0,9.0,A,2.4
8135,medium,1,6.0,9.0,8.2,A,6.2
8136,low,3,19.0,9.0,2.3,B,-100.0
8137,medium,0,5.0,3.0,8.6,A,10.9
8138,medium,1,15.0,2.0,5.0,A,-12.4
8139,low,2,15.0,19.0,1.6,D,-100.0
8140,none,3,7.0,35.0,9.6,A,8.8
8141,medium,2,4.0,18.0,2.7,A,-100.0
8142,high,0,5.0,5.0,7.3,A,1.2
8143,low,0,13.0,18.0,10.0,A,15.0
8144,,0,9.0,3.0,1.2,B,-100.0
8145,high,1,3.0,4.0,8.3,A,4.4
8146,none,0,5.0,6.0,9.7,A,15.0
8147,low,1,6.0,1.0,9.8,A,15.0
8148,medium,1,3.0,9.0,3.7,A,-18.3
8149,high,1,6.0,40.0,7.7,C,1.1
8150,low,1,19.0,8.0,8.4,A,6.3
8151,medium,2,4.0,15.0,8.3,A,4.5
8152,medium,0,7.0,15.0,5.0,A,-8.9
8153,low,1,14.0,10.0,8.5,A,7.4
8154,medium,3,3.0,24.0,2.9,B,-100.0
8155,medium,2,7.0,1.0,9.6,B,11.2
8156,low,3,13.0,2.0,9.0,A,5.2
8157,high,1,7.0,2.0,8.9,A,7.2
8158,high,2,1.0,35.0,5.8,A,-11.4
8159,low,0,4.0,17.0,8.4,A,10.4
8160,high,1,21.0,3.0,4.3,A,-19.4
8161,medium,2,34.0,9.0,1.1,A,-100.0
8162,medium,0,4.0,0.0,3.4,A,-17.6
8163,medium,1,6.0,7.0,5.6,D,-8.1
8164,low,0,11.0,12.0,1.6,A,-100.0
8165,low,1,3.0,2.0,2.2,C,-100.0
8166,low,0,3.0,3.0,9.2,A,14.8
8167,none,3,21.0,0.0,8.2,A,-0.6
8168,low,0,7.0,12.0,9.6,C,15.0
8169,high,1,13.0,7.0,8.4,A,3.9
8170,medium,1,12.0,14.0,8.8,A,8.9
8171,medium,1,6.0,0.0,9.0,A,10.5
8172,medium,0,7.0,0.0,8.6,A,10.7
8173,high,1,16.0,14.0,4.2,A,-19.4
8174,low,0,18.0,16.0,3.8,A,-16.3
8175,medium,1,5.0,13.0,8.4,A,7.4
8176,low,2,19.0,18.0,5.2,A,-13.7
8177,medium,0,11.0,9.0,9.6,A,15.0
8178,medium,1,1.0,0.0,9.2,C,12.1
8179,high,2,18.0,2.0,3.7,A,-100.0
8180,high,3,13.0,4.0,7.7,A,-4.9
8181,none,1,5.0,23.0,6.3,A,-4.2
8182,high,3,3.0,33.0,7.0,B,-7.5
8183,low,0,,16.0,8.5,C,
8184,low,1,4.0,0.0,7.5,A,2.8
8185,low,2,2.0,5.0,6.9,A,-2.7
8186,low,1,17.0,6.0,1.4,C,-100.0
8187,low,1,3.0,1.0,9.6,A,14.5
8188,low,1,10.0,2.0,1.1,A,-100.0
8189,none,0,13.0,5.0,9.0,A,12.1
8190,low,1,7.0,5.0,8.5,A,8.1
8191,low,2,12.0,17.0,5.2,A,-13.0
8192,low,0,4.0,3.0,4.8,A,-9.5
8193,high,1,2.0,15.0,3.5,D,-100.0
8194,none,2,9.0,12.0,2.3,A,-100.0
8195,high,1,15.0,2.0,7.6,C,-0.7
8196,medium,2,20.0,2.0,3.3,A,-100.0
8197,medium,1,24.0,2.0,2.9,A,-100.0
8198,none,0,3.0,1.0,3.0,A,-19.9
8199,medium,2,10.0,1.0,7.8,A,1.0
8200,medium,3,12.0,2.0,9.4,A,7.1
8201,low,3,10.0,9.0,3.6,A,-100.0
8202,low,3,13.0,2.0,8.8,A,4.1
8203,high,1,1.0,2.0,4.3,A,-17.5
8204,high,1,9.0,4.0,2.2,A,-100.0
8205,none,1,18.0,12.0,2.0,A,-100.0
8206,low,1,19.0,0.0,5.0,A,-12.4
8207,none,1,2.0,1.0,6.2,A,-4.7
8208,medium,0,17.0,20.0,3.3,A,-19.3
8209,medium,2,3.0,0.0,5.0,A,-13.7
8210,high,0,14.0,7.0,7.2,A,-0.3
8211,none,2,3.0,1.0,1.5,D,-100.0
8212,high,1,11.0,16.0,3.0,A,-100.0
8213,medium,5,5.0,3.0,3.4,A,-100.0
8214,low,0,12.0,10.0,,D,
8215,high,3,5.0,8.0,6.8,A,-9.0
8216,medium,0,9.0,20.0,4.5,C,-11.8
8217,high,1,1.0,15.0,9.2,C,9.6
8218,low,1,3.0,7.0,8.6,A,9.0
8219,high,1,17.0,1.0,3.5,A,-100.0
8220,medium,1,10.0,7.0,5.4,C,-9.6
8221,medium,1,29.0,2.0,8.5,A,5.5
8222,high,4,8.0,12.0,2.1,A,-100.0
8223,low,1,2.0,1.0,7.2,A,1.4
8224,high,2,,8.0,6.6,C,
8225,high,0,14.0,2.0,9.8,A,14.0
8226,medium,0,18.0,3.0,3.0,A,-100.0
8227,medium,2,24.0,14.0,8.7,B,4.7
8228,none,2,21.0,18.0,8.8,C,5.4
8229,low,0,7.0,2.0,1.8,A,-100.0
8230,medium,1,10.0,3.0,9.2,A,11.2
8231,high,0,9.0,23.0,3.4,A,-100.0
8232,low,3,12.0,13.0,7.1,B,-5.0
8233,medium,2,15.0,6.0,7.3,C,-2.2
8234,none,3,2.0,18.0,5.5,A,-13.4
8235,none,1,7.0,5.0,9.4,A,12.4
8236,high,0,5.0,2.0,9.7,D,14.3
8237,high,1,4.0,1.0,2.9,A,-100.0
8238,medium,5,6.0,8.0,1.7,D,-100.0
8239,high,2,7.0,36.0,9.9,B,10.6
8240,medium,0,18.0,6.0,7.4,D,3.1
8241,medium,1,4.0,8.0,2.4,A,-100.0
8242,high,2,8.0,35.0,1.3,B,-100.0
8243,high,3,11.0,9.0,7.4,A,-6.3
8244,low,2,3.0,8.0,5.0,B,-13.2
8245,medium,2,6.0,19.0,9.1,A,8.7
8246,low,0,35.0,6.0,8.8,C,9.4
8247,none,4,2.0,23.0,3.4,B,-100.0
8248,none,3,25.0,21.0,8.7,A,1.9
8249,high,1,3.0,17.0,1.9,A,-100.0
8250,high,0,8.0,2.0,8.6,A,8.0
8251,high,3,12.0,7.0,2.6,A,-100.0
8252,medium,1,29.0,15.0,5.8,C,-9.3
8253,low,4,5.0,2.0,8.2,C,-0.9
8254,medium,4,10.0,15.0,9.0,A,2.7
8255,medium,0,5.0,7.0,9.8,A,15.0
8256,low,3,2.0,29.0,8.5,A,3.8
8257,low,0,2.0,10.0,9.4,A,15.0
8258,none,3,9.0,25.0,2.5,A,-100.0
8259,low,3,4.0,1.0,9.5,A,8.8
8260,medium,2,,17.0,8.0,C,
8261,high,1,2.0,2.0,6.7,C,-4.4
8262,high,5,11.0,9.0,5.0,A,-100.0
8263,low,3,10.0,7.0,2.0,A,-100.0
8264,high,0,9.0,22.0,7.6,A,2.6
8265,low,2,19.0,1.0,5.1,A,-14.4
8266,medium,0,14.0,2.0,5.2,A,-8.7
8267,medium,3,2.0,32.0,2.7,D,-100.0
8268,medium,0,4.0,4.0,2.7,A,-100.0
8269,low,1,15.0,13.0,4.5,A,-14.6
8270,low,0,12.0,2.0,8.7,C,11.1
8271,none,1,16.0,1.0,9.9,A,14.2
8272,high,0,5.0,10.0,7.6,A,2.9
8273,high,1,19.0,8.0,4.8,A,-16.4
8274,high,2,7.0,3.0,5.0,A,-16.7
8275,low,0,2.0,0.0,2.7,B,-100.0
8276,high,0,11.0,3.0,2.9,A,-100.0
8277,medium,3,2.0,45.0,,B,
8278,medium,4,35.0,1.0,2.3,A,-100.0
8279,low,1,13.0,27.0,9.8,A,14.9
8280,high,0,30.0,31.0,4.3,A,-17.6
8281,low,2,4.0,3.0,8.8,A,7.5
8282,medium,1,12.0,1.0,2.3,C,-100.0
8283,low,4,6.0,6.0,6.7,A,-9.2
8284,medium,0,13.0,13.0,7.1,A,2.0
8285,low,2,6.0,23.0,8.8,A,7.5
8286,low,0,2.0,1.0,1.0,D,-100.0
8287,high,1,5.0,11.0,8.9,A,7.5
8288,high,3,2.0,10.0,2.6,C,-100.0
8289,low,4,12.0,7.0,8.2,C,-1.6
8290,medium,2,12.0,20.0,5.3,A,-12.8
8291,high,1,19.0,20.0,5.2,A,-14.1
8292,low,2,18.0,5.0,8.4,C,3.9
8293,low,3,3.0,12.0,8.9,A,5.7
8294,high,0,6.0,22.0,7.7,A,3.4
8295,low,2,7.0,4.0,9.2,C,9.4
8296,none,1,10.0,16.0,8.4,A,6.7
8297,medium,1,13.0,8.0,2.5,A,-100.0
8298,none,3,4.0,5.0,6.8,D,-6.6
8299,none,1,8.0,3.0,3.0,C,-100.0
8300,high,0,15.0,7.0,8.0,B,4.0
8301,medium,2,6.0,24.0,9.5,A,11.0
8302,none,1,29.0,14.0,7.4,D,-0.7
8303,high,3,,13.0,2.8,C,
8304,medium,2,16.0,3.0,2.2,A,-100.0
8305,low,0,2.0,5.0,7.3,B,4.5
8306,none,1,7.0,6.0,8.3,A,6.4
8307,none,1,10.0,3.0,1.3,A,-100.0
8308,none,1,4.0,10.0,9.7,B,14.4
8309,medium,2,10.0,21.0,9.4,C,10.0
8310,medium,1,6.0,11.0,3.7,A,-18.5
8311,low,1,9.0,1.0,9.4,C,12.8
8312,high,3,10.0,6.0,8.7,D,0.9
8313,medium,1,23.0,4.0,3.0,B,-100.0
8314,high,0,8.0,31.0,8.7,A,8.8
8315,medium,2,11.0,5.0,3.4,B,-100.0
8316,low,2,3.0,7.0,9.8,A,13.1
8317,,1,20.0,50.0,7.3,A,0.0
8318,none,2,3.0,1.0,9.5,A,10.8
8319,low,1,2.0,4.0,4.1,A,-15.6
8320,medium,1,10.0,2.0,8.0,C,4.6
8321,none,0,2.0,41.0,2.1,A,-100.0
8322,low,1,7.0,3.0,5.2,A,-10.1
8323,none,1,13.0,14.0,9.7,B,13.6
8324,none,0,10.0,1.0,8.8,A,11.3
8325,low,1,5.0,5.0,9.4,A,13.2
8326,low,1,11.0,2.0,9.0,A,10.4
8327,low,2,2.0,5.0,9.6,A,12.1
8328,high,2,19.0,17.0,2.0,C,-100.0
8329,low,0,13.0,28.0,5.0,A,-9.0
8330,medium,0,11.0,10.0,5.5,A,-6.6
8331,high,0,7.0,3.0,3.9,A,-17.8
8332,none,1,5.0,21.0,3.1,A,-100.0
8333,high,2,5.0,16.0,4.3,D,-100.0
8334,high,2,22.0,6.0,8.9,A,3.3
8335,high,2,35.0,20.0,1.2,C,-100.0
8336,none,1,19.0,8.0,4.3,D,-16.8
8337,low,0,10.0,8.0,3.8,A,-15.5
8338,medium,2,8.0,6.0,8.9,A,7.3
8339,high,0,4.0,8.0,8.9,A,10.1
8340,high,3,16.0,9.0,9.2,A,3.1
8341,medium,2,9.0,10.0,6.5,A,-5.9
8342,high,1,9.0,22.0,5.1,A,-13.7
8343,medium,0,2.0,22.0,9.6,B,15.0
8344,high,4,9.0,38.0,3.8,A,-100.0
8345,medium,2,6.0,11.0,1.6,A,-100.0
8346,none,1,17.0,7.0,3.4,A,-100.0
8347,high,1,16.0,3.0,5.6,A,-11.8
8348,high,2,15.0,9.0,8.3,A,0.7
8349,none,3,7.0,23.0,4.8,A,-17.7
8350,high,1,5.0,8.0,1.9,A,-100.0
8351,none,2,2.0,24.0,8.4,A,5.1
8352,low,2,11.0,23.0,5.0,A,-13.9
8353,medium,2,19.0,47.0,4.9,A,-15.4
8354,medium,3,2.0,18.0,4.0,C,-100.0
8355,low,3,10.0,1.0,1.1,A,-100.0
8356,medium,1,2.0,5.0,2.2,A,-100.0
8357,high,1,15.0,8.0,2.6,C,-100.0
8358,high,1,3.0,0.0,2.9,A,-100.0
8359,medium,1,,11.0,5.1,C,
8360,low,2,5.0,21.0,6.4,A,-5.6
8361,none,0,2.0,42.0,9.8,A,15.0
8362,high,0,10.0,15.0,9.2,A,11.2
8363,high,0,9.0,12.0,9.4,D,12.4
8364,medium,2,8.0,7.0,7.3,A,-1.5
8365,high,1,1.0,5.0,3.8,A,-100.0
8366,high,4,7.0,2.0,2.4,A,-100.0
8367,low,0,5.0,17.0,5.0,D,-8.4
8368,low,2,3.0,2.0,6.1,A,-7.3
8369,high,1,8.0,12.0,8.7,A,6.1
8370,low,1,14.0,22.0,3.4,A,-100.0
8371,medium,0,19.0,1.0,8.3,C,7.9
8372,low,1,6.0,21.0,9.4,A,13.3
8373,medium,1,10.0,6.0,3.4,B,-100.0
8374,high,0,10.0,22.0,6.6,C,-3.0
8375,high,3,4.0,6.0,8.4,A,-0.2
8376,none,0,8.0,4.0,8.8,A,11.5
8377,high,2,4.0,5.0,9.1,A,6.2
8378,none,0,6.0,22.0,1.3,C,-100.0
8379,medium,5,2.0,4.0,3.3,A,-100.0
8380,none,2,16.0,27.0,4.2,A,-19.4
8381,low,2,3.0,28.0,7.7,A,1.8
8382,none,1,5.0,15.0,3.2,A,-100.0
8383,,1,17.0,8.0,2.0,C,-100.0
8384,low,2,3.0,1.0,5.2,A,-12.2
8385,medium,2,1.0,4.0,9.9,A,13.5
8386,low,0,2.0,4.0,3.9,B,-14.2
8387,low,3,17.0,8.0,3.1,A,-100.0
8388,,3,2.0,7.0,8.0,B,0.2
8389,low,0,8.0,1.0,8.0,A,7.7
8390,none,0,4.0,10.0,8.9,C,12.5
8391,none,2,3.0,15.0,7.3,A,-1.1
8392,medium,1,5.0,7.0,2.7,C,-100.0
8393,low,1,3.0,30.0,8.5,A,8.7
8394,low,1,5.0,2.0,9.7,A,14.8
8395,high,1,11.0,31.0,8.9,A,7.1
8396,none,1,13.0,22.0,9.3,A,11.4
8397,medium,2,4.0,20.0,3.1,A,-100.0
8398,low,5,4.0,5.0,7.0,A,-9.9
8399,medium,2,1.0,5.0,9.6,D,11.9
8400,medium,1,9.0,14.0,2.9,A,-100.0
8401,low,2,40.0,13.0,5.5,A,-14.1
8402,high,4,4.0,4.0,9.6,A,3.9
8403,medium,1,2.0,11.0,7.5,A,2.8
8404,medium,3,5.0,11.0,9.2,A,6.8
8405,high,2,8.0,4.0,5.4,A,-14.6
8406,low,0,12.0,5.0,8.7,C,11.2
8407,medium,1,8.0,15.0,8.4,C,7.2
8408,high,2,3.0,7.0,2.6,A,-100.0
8409,high,3,3.0,16.0,9.9,A,8.3
8410,low,2,3.0,29.0,1.0,C,-100.0
8411,high,2,16.0,7.0,4.0,A,-100.0
8412,none,1,10.0,14.0,4.4,A,-15.3
8413,none,1,4.0,7.0,8.6,A,8.3
8414,low,1,1.0,16.0,8.3,B,7.7
8415,high,2,20.0,32.0,1.0,A,-100.0
8416,low,2,13.0,19.0,7.2,A,-2.0
8417,high,0,3.0,24.0,3.8,D,-17.7
8418,low,0,1.0,14.0,8.5,A,11.3
8419,low,2,2.0,6.0,9.2,D,9.9
8420,medium,0,16.0,12.0,4.8,A,-11.0
8421,low,3,3.0,3.0,2.1,A,-100.0
8422,medium,3,4.0,14.0,2.5,A,-100.0
8423,high,1,21.0,14.0,3.8,A,-100.0
8424,medium,4,18.0,45.0,4.7,B,-100.0
8425,none,3,10.0,2.0,2.2,A,-100.0
8426,high,1,11.0,23.0,7.1,B,-2.8
8427,medium,4,7.0,20.0,8.2,A,-1.3
8428,low,2,15.0,2.0,6.7,D,-5.2
8429,high,3,13.0,18.0,2.8,B,-100.0
8430,medium,0,7.0,9.0,8.6,A,10.8
8431,low,0,4.0,11.0,7.7,A,6.5
8432,high,0,10.0,0.0,9.9,A,14.9
8433,high,1,1.0,29.0,3.6,A,-100.0
8434,high,1,10.0,7.0,1.0,A,-100.0
8435,medium,1,6.0,6.0,7.4,A,1.8
8436,low,2,2.0,24.0,6.9,C,-2.5
8437,medium,2,6.0,9.0,7.1,A,-2.4
8438,low,1,10.0,10.0,1.0,A,-100.0
8439,high,2,19.0,6.0,5.1,B,-17.3
8440,high,1,8.0,19.0,1.8,A,-100.0
8441,none,2,9.0,6.0,8.0,B,2.0
8442,high,2,9.0,22.0,3.7,A,-100.0
8443,,1,1.0,6.0,8.8,A,9.7
8444,medium,2,10.0,15.0,5.7,C,-10.4
8445,none,3,5.0,10.0,8.5,A,2.7
8446,high,3,9.0,22.0,7.6,A,-4.9
8447,high,1,12.0,0.0,1.7,C,-100.0
8448,high,1,19.0,0.0,2.3,A,-100.0
8449,low,2,12.0,6.0,5.5,C,-11.4
8450,high,1,5.0,9.0,7.5,C,-0.2
8451,medium,3,22.0,20.0,2.4,A,-100.0
8452,low,1,7.0,31.0,5.6,C,-7.6
8453,medium,1,3.0,1.0,8.6,A,8.6
8454,low,6,8.0,9.0,4.7,C,-100.0
8455,high,0,15.0,5.0,9.4,A,11.7
8456,low,3,10.0,27.0,7.4,C,-3.1
8457,none,0,5.0,7.0,9.4,A,15.0
8458,high,5,7.0,9.0,8.3,A,-6.0
8459,low,0,11.0,16.0,8.8,A,11.9
8460,medium,2,1.0,23.0,3.9,C,-19.3
8461,,2,3.0,31.0,2.0,A,-100.0
8462,low,1,4.0,4.0,9.6,A,14.4
8463,low,1,14.0,9.0,7.5,C,1.9
8464,low,0,18.0,2.0,8.6,C,10.0
8465,low,4,11.0,14.0,9.9,B,8.0
8466,medium,2,2.0,50.0,5.2,A,-12.0
8467,medium,1,10.0,4.0,9.8,A,14.5
8468,medium,2,13.0,15.0,9.1,D,8.0
8469,high,1,13.0,5.0,6.1,A,-8.7
8470,high,2,7.0,13.0,7.2,B,-4.5
8471,medium,0,27.0,2.0,2.8,A,-100.0
8472,none,1,9.0,17.0,9.9,C,15.0
8473,low,1,9.0,9.0,8.5,C,7.9
8474,low,1,29.0,8.0,8.1,C,3.7
8475,medium,4,5.0,26.0,5.4,A,-16.4
8476,high,2,26.0,3.0,3.3,A,-100.0
8477,high,0,4.0,4.0,1.2,A,-100.0
8478,high,2,20.0,50.0,7.0,C,-6.5
8479,high,5,3.0,9.0,4.0,A,-100.0
8480,low,3,2.0,29.0,4.1,A,-100.0
8481,high,2,5.0,2.0,7.1,A,-5.0
8482,low,1,3.0,14.0,9.9,A,15.0
8483,medium,3,11.0,26.0,3.9,D,-100.0
8484,low,1,5.0,50.0,5.5,C,-7.8
8485,medium,1,18.0,28.0,3.0,C,-100.0
8486,high,1,14.0,11.0,3.2,C,-100.0
8487,low,1,4.0,7.0,9.5,D,13.9
8488,medium,1,7.0,13.0,1.2,A,-100.0
8489,high,4,5.0,13.0,6.0,A,-15.9
8490,high,1,10.0,0.0,8.8,A,6.4
8491,none,0,5.0,7.0,9.2,A,14.0
8492,low,1,9.0,40.0,9.8,A,15.0
8493,low,3,4.0,0.0,7.7,C,-1.1
8494,high,2,7.0,1.0,3.1,B,-100.0
8495,medium,3,15.0,3.0,9.9,A,9.6
8496,high,2,5.0,9.0,1.9,A,-100.0
8497,none,4,6.0,14.0,7.1,A,-7.5
8498,medium,3,7.0,3.0,9.2,B,6.5
8499,high,0,7.0,20.0,1.3,A,-100.0
8500,high,2,12.0,23.0,8.5,A,2.3
8501,high,1,4.0,46.0,8.4,A,5.2
8502,none,2,8.0,3.0,1.3,B,-100.0
8503,medium,2,9.0,2.0,7.0,A,-3.3
8504,high,4,6.0,4.0,1.4,A,-100.0
8505,low,1,1.0,2.0,4.5,C,-13.4
8506,low,0,4.0,8.0,3.7,A,-15.5
8507,low,0,7.0,6.0,6.4,A,-1.0
8508,high,3,5.0,6.0,5.5,B,-16.2
8509,medium,4,4.0,2.0,6.2,C,-12.2
8510,medium,3,5.0,26.0,4.0,A,-100.0
8511,high,2,17.0,10.0,2.9,B,-100.0
8512,low,0,7.0,5.0,7.4,A,4.5
8513,low,1,7.0,7.0,7.0,B,-0.2
8514,high,2,10.0,3.0,2.7,A,-100.0
8515,medium,0,2.0,13.0,8.9,A,13.0
8516,none,2,9.0,10.0,3.1,A,-100.0
8517,low,0,7.0,7.0,1.9,A,-100.0
8518,medium,3,2.0,9.0,5.8,B,-11.6
8519,medium,5,7.0,11.0,8.5,B,-2.2
8520,medium,1,9.0,4.0,1.5,C,-100.0
8521,medium,2,8.0,3.0,2.7,A,-100.0
8522,none,2,8.0,21.0,8.6,C,5.6
8523,high,1,13.0,11.0,2.5,A,-100.0
8524,low,1,1.0,3.0,6.1,C,-4.5
8525,none,5,11.0,3.0,3.1,A,-100.0
8526,high,3,5.0,4.0,9.3,A,4.7
8527,high,0,3.0,0.0,3.9,B,-17.4
8528,medium,0,2.0,35.0,7.3,C,4.4
8529,,1,10.0,1.0,9.6,A,13.2
8530,none,0,16.0,15.0,8.3,C,8.1
8531,high,2,4.0,44.0,1.6,C,-100.0
8532,medium,1,10.0,9.0,2.5,B,-100.0
8533,medium,1,5.0,15.0,7.2,A,0.9
8534,medium,1,6.0,9.0,3.2,A,-100.0
8535,high,0,9.0,12.0,3.4,A,-100.0
8536,medium,1,18.0,15.0,2.8,A,-100.0
8537,high,1,2.0,14.0,8.6,A,6.2
8538,low,1,6.0,6.0,9.3,C,12.6
8539,low,1,40.0,0.0,9.8,A,11.9
8540,high,1,12.0,19.0,2.5,A,-100.0
8541,none,0,14.0,9.0,4.5,A,-12.7
8542,medium,2,0.0,8.0,6.2,A,-6.7
8543,high,2,11.0,9.0,4.5,A,-19.8
8544,medium,2,3.0,3.0,9.8,A,12.7
8545,none,3,16.0,21.0,2.0,A,-100.0
8546,medium,2,9.0,14.0,1.0,A,-100.0
8547,low,4,10.0,5.0,8.9,B,2.5
8548,high,0,18.0,28.0,6.9,A,-2.1
8549,high,0,19.0,0.0,6.4,A,-5.2
8550,high,2,15.0,2.0,2.8,A,-100.0
8551,high,2,12.0,5.0,6.3,A,-10.0
8552,medium,4,6.0,7.0,1.4,A,-100.0
8553,medium,3,,2.0,8.1,C,
8554,,0,3.0,28.0,7.1,B,2.9
8555,none,1,13.0,33.0,1.3,A,-100.0
8556,high,4,5.0,19.0,6.8,A,-11.4
8557,none,2,8.0,2.0,9.0,A,7.6
8558,medium,3,5.0,17.0,7.4,A,-3.0
8559,low,1,13.0,10.0,9.5,A,13.0
8560,high,1,3.0,5.0,2.3,A,-100.0
8561,none,1,13.0,6.0,5.6,B,-9.1
8562,,1,4.0,5.0,7.2,A,0.6
8563,low,2,6.0,0.0,8.8,A,7.3
8564,none,2,13.0,17.0,9.8,A,11.6
8565,low,1,17.0,0.0,5.6,B,-8.9
8566,medium,2,4.0,7.0,9.3,A,9.9
8567,medium,2,25.0,17.0,5.0,A,-15.7
8568,none,2,27.0,15.0,8.9,A,5.3
8569,high,3,18.0,20.0,2.0,A,-100.0
8570,low,1,15.0,4.0,3.6,D,-19.7
8571,high,3,22.0,13.0,8.8,A,0.3
8572,medium,3,3.0,1.0,2.1,A,-100.0
8573,high,1,7.0,1.0,8.7,A,6.1
8574,none,1,7.0,1.0,9.3,A,11.8
8575,high,0,10.0,27.0,2.9,A,-100.0
8576,high,2,3.0,2.0,6.8,A,-6.4
8577,low,2,1.0,7.0,3.8,A,-19.6
8578,low,2,7.0,5.0,2.1,C,-100.0
8579,low,5,10.0,11.0,1.9,A,-100.0
8580,low,2,8.0,8.0,9.4,D,10.5
8581,high,1,2.0,9.0,8.8,A,7.3
8582,high,1,3.0,6.0,3.3,A,-100.0
8583,high,1,11.0,21.0,9.1,C,8.1
8584,low,1,20.0,22.0,9.7,A,13.6
8585,none,0,2.0,14.0,2.5,B,-100.0
8586,low,0,1.0,13.0,8.1,A,9.0
8587,high,2,13.0,17.0,6.5,C,-8.9
8588,high,1,18.0,1.0,9.2,A,7.8
8589,none,3,4.0,4.0,6.9,D,-6.0
8590,high,4,19.0,12.0,8.5,C,-3.6
8591,high,1,4.0,4.0,1.7,A,-100.0
8592,medium,1,11.0,6.0,2.4,A,-100.0
8593,high,1,5.0,19.0,4.4,A,-17.1
8594,none,0,6.0,11.0,8.0,A,7.4
8595,high,4,8.0,7.0,9.6,A,3.5
8596,high,2,14.0,13.0,8.9,A,4.2
8597,high,3,27.0,16.0,9.4,A,3.1
8598,high,1,14.0,13.0,9.2,A,8.3
8599,medium,0,21.0,19.0,8.6,A,9.5
8600,medium,4,6.0,22.0,3.8,A,-100.0
8601,low,3,10.0,11.0,6.2,A,-9.8
8602,high,0,14.0,50.0,1.7,A,-100.0
8603,high,4,7.0,3.0,8.8,B,-0.8
8604,none,0,12.0,0.0,5.3,C,-8.2
8605,,1,13.0,2.0,9.9,A,14.5
8606,high,0,1.0,5.0,9.6,A,14.2
8607,medium,1,2.0,0.0,3.7,A,-18.3
8608,low,3,8.0,5.0,10.0,A,11.2
8609,low,1,24.0,0.0,5.3,C,-11.3
8610,medium,1,4.0,26.0,8.5,C,8.2
8611,none,1,8.0,7.0,7.2,A,0.3
8612,low,1,12.0,11.0,5.9,A,-6.7
8613,medium,2,3.0,7.0,1.1,A,-100.0
8614,high,0,11.0,43.0,6.0,A,-6.2
8615,,2,12.0,9.0,8.5,A,4.5
8616,high,0,13.0,21.0,8.0,A,4.4
8617,none,1,6.0,3.0,8.3,A,6.5
8618,medium,0,12.0,1.0,7.8,A,5.8
8619,low,0,15.0,13.0,4.2,A,-13.8
8620,none,1,20.0,21.0,1.4,A,-100.0
8621,medium,0,14.0,5.0,9.9,A,15.0
8622,medium,3,13.0,0.0,8.4,A,1.5
8623,high,1,11.0,24.0,8.4,A,4.3
8624,low,3,3.0,31.0,6.1,C,-9.5
8625,high,1,15.0,13.0,4.2,A,-19.3
8626,low,2,14.0,7.0,2.7,A,-100.0
8627,low,1,3.0,10.0,4.1,A,-15.7
8628,high,2,7.0,25.0,2.5,A,-100.0
8629,none,1,3.0,7.0,9.1,C,11.2
8630,medium,2,20.0,3.0,6.0,B,-9.9
8631,medium,0,8.0,8.0,6.9,A,1.3
8632,medium,1,10.0,3.0,8.1,D,5.2
8633,none,3,14.0,35.0,1.6,A,-100.0
8634,medium,2,10.0,5.0,9.2,A,8.8
8635,low,4,5.0,18.0,8.6,C,1.5
8636,low,1,8.0,6.0,9.8,A,15.0
8637,high,1,8.0,3.0,6.0,A,-8.8
8638,low,1,8.0,1.0,7.2,A,0.8
8639,medium,2,9.0,10.0,9.7,D,11.7
8640,high,0,5.0,10.0,9.3,A,12.2
8641,medium,3,11.0,5.0,2.5,D,-100.0
8642,none,1,2.0,17.0,9.7,C,14.7
8643,medium,0,26.0,26.0,1.4,A,-100.0
8644,high,1,5.0,2.0,7.0,A,-3.0
8645,low,3,11.0,7.0,7.2,A,-4.5
8646,high,4,13.0,15.0,3.4,A,-100.0
8647,high,1,15.0,18.0,1.3,A,-100.0
8648,low,1,,27.0,7.2,C,
8649,medium,2,3.0,7.0,1.4,A,-100.0
8650,medium,1,9.0,1.0,6.1,A,-5.7
8651,low,2,11.0,24.0,9.1,C,8.7
8652,none,2,3.0,17.0,9.8,A,12.6
8653,high,2,4.0,2.0,5.3,A,-14.8
8654,low,1,7.0,9.0,9.4,A,13.1
8655,none,1,5.0,12.0,6.4,A,-3.8
8656,low,4,14.0,8.0,8.2,A,-1.7
8657,none,1,7.0,10.0,8.8,C,9.2
8658,high,4,8.0,18.0,4.3,A,-100.0
8659,high,1,9.0,1.0,2.4,C,-100.0
8660,medium,2,16.0,5.0,2.0,C,-100.0
8661,high,2,4.0,3.0,6.3,D,-9.2
8662,high,3,8.0,14.0,5.1,A,-18.6
8663,none,5,9.0,19.0,1.5,C,-100.0
8664,low,0,5.0,11.0,2.0,A,-100.0
8665,high,2,2.0,17.0,5.0,A,-16.1
8666,medium,2,3.0,0.0,8.6,C,6.1
8667,low,0,1.0,14.0,9.9,A,15.0
8668,high,2,14.0,23.0,9.0,A,4.8
8669,low,3,17.0,5.0,9.1,A,5.4
8670,high,5,4.0,4.0,2.4,A,-100.0
8671,none,3,8.0,2.0,6.5,A,-8.7
8672,low,1,10.0,2.0,8.9,B,9.9
8673,low,0,4.0,0.0,8.9,C,13.0
8674,low,1,6.0,2.0,3.9,C,-17.2
8675,medium,0,16.0,16.0,4.8,A,-10.9
8676,medium,0,6.0,24.0,8.4,C,9.9
8677,high,4,37.0,29.0,9.0,A,-2.4
8678,high,2,10.0,5.0,8.7,B,3.4
8679,medium,2,10.0,9.0,1.1,C,-100.0
8680,low,1,15.0,3.0,7.0,B,-1.0
8681,high,2,31.0,6.0,5.7,A,-15.2
8682,high,1,22.0,1.0,7.2,C,-3.6
8683,high,0,14.0,10.0,8.6,D,7.5
8684,high,1,8.0,19.0,6.9,C,-3.7
8685,high,4,18.0,6.0,9.8,D,3.6
8686,high,0,9.0,14.0,4.9,C,-12.3
8687,high,2,17.0,2.0,8.6,A,2.1
8688,medium,3,4.0,2.0,1.2,A,-100.0
8689,medium,0,7.0,3.0,3.5,A,-17.3
8690,low,0,11.0,6.0,1.4,A,-100.0
8691,low,0,1.0,7.0,1.3,A,-100.0
8692,low,4,12.0,16.0,6.3,B,-11.9
8693,high,2,16.0,2.0,8.2,B,-0.0
8694,none,2,8.0,6.0,3.3,B,-100.0
8695,low,2,13.0,11.0,3.3,C,-100.0
8696,high,0,4.0,4.0,3.9,A,-17.4
8697,high,0,11.0,17.0,7.9,A,4.0
8698,high,1,5.0,5.0,5.1,C,-13.4
8699,,1,5.0,8.0,7.1,A,0.0
8700,low,1,2.0,26.0,8.5,A,8.8
8701,low,0,4.0,4.0,5.6,A,-5.1
8702,low,1,6.0,11.0,7.7,A,3.8
8703,low,2,,12.0,8.5,C,
8704,low,1,23.0,11.0,2.7,A,-100.0
8705,medium,2,13.0,5.0,8.4,A,4.0
8706,low,1,29.0,8.0,4.3,C,-17.2
8707,low,3,3.0,6.0,3.1,A,-100.0
8708,high,1,1.0,19.0,2.4,C,-100.0
8709,none,3,2.0,40.0,5.0,C,-15.9
8710,medium,3,17.0,15.0,4.3,B,-100.0
8711,low,0,8.0,13.0,6.1,A,-2.6
8712,high,3,8.0,36.0,9.6,A,6.3
8713,medium,0,16.0,29.0,5.8,A,-5.3
8714,high,3,18.0,2.0,2.3,B,-100.0
8715,high,1,6.0,8.0,9.7,C,11.8
8716,low,1,3.0,10.0,9.0,C,11.3
8717,medium,1,9.0,4.0,5.0,B,-11.8
8718,none,3,19.0,2.0,3.9,B,-100.0
8719,medium,2,7.0,1.0,7.6,A,0.2
8720,low,1,4.0,24.0,7.3,A,2.0
8721,high,2,3.0,21.0,9.2,A,7.0
8722,medium,4,8.0,9.0,1.4,A,-100.0
8723,medium,1,18.0,10.0,4.2,B,-17.0
8724,medium,0,3.0,10.0,9.0,A,13.4
8725,low,3,11.0,2.0,3.4,C,-100.0
8726,low,2,13.0,12.0,9.1,A,8.3
8727,low,1,6.0,19.0,2.5,C,-100.0
8728,high,1,2.0,13.0,9.2,B,9.5
8729,high,0,17.0,22.0,1.9,A,-100.0
8730,high,0,10.0,2.0,7.9,A,3.9
8731,high,1,1.0,6.0,8.0,A,2.9
8732,medium,0,9.0,7.0,3.1,B,-19.7
8733,high,1,5.0,4.0,1.5,C,-100.0
8734,high,2,19.0,6.0,1.2,B,-100.0
8735,none,2,3.0,6.0,6.0,C,-8.4
8736,low,0,8.0,2.0,9.0,A,13.2
8737,high,2,7.0,3.0,2.4,B,-100.0
8738,high,1,14.0,8.0,9.0,D,7.1
8739,high,1,9.0,27.0,5.3,A,-12.5
8740,none,1,10.0,6.0,7.8,A,3.3
8741,high,0,20.0,9.0,2.9,A,-100.0
8742,,1,5.0,36.0,3.6,A,-19.0
8743,medium,1,6.0,2.0,8.8,A,9.4
8744,none,4,1.0,23.0,7.9,C,-2.5
8745,low,0,33.0,4.0,9.1,A,11.3
8746,low,2,0.0,33.0,2.9,D,-100.0
8747,low,2,14.0,2.0,6.5,C,-6.1
8748,low,3,6.0,24.0,8.1,A,1.2
8749,high,0,3.0,1.0,4.5,A,-14.1
8750,low,0,8.0,5.0,9.9,B,15.0
8751,medium,2,3.0,2.0,2.7,A,-100.0
8752,medium,3,8.0,16.0,9.1,A,6.0
8753,high,0,8.0,16.0,3.7,A,-18.8
8754,medium,2,18.0,1.0,9.6,A,10.1
8755,low,2,6.0,33.0,8.9,A,8.2
8756,high,2,2.0,19.0,,D,
8757,medium,2,7.0,18.0,4.8,A,-15.0
8758,medium,2,12.0,11.0,7.8,A,0.9
8759,none,1,13.0,2.0,8.9,A,9.0
8760,medium,2,8.0,9.0,9.2,C,9.0
8761,high,1,9.0,7.0,5.7,A,-10.5
8762,high,1,15.0,6.0,1.5,A,-100.0
8763,none,2,5.0,1.0,2.0,B,-100.0
8764,low,2,11.0,6.0,7.5,C,-0.3
8765,medium,3,11.0,19.0,9.9,A,10.1
8766,high,5,4.0,13.0,9.4,C,0.4
8767,medium,1,12.0,3.0,8.5,C,7.2
8768,low,2,40.0,0.0,8.8,A,3.9
8769,high,5,5.0,0.0,3.7,C,-100.0
8770,none,1,11.0,14.0,2.8,A,-100.0
8771,high,1,4.0,5.0,8.7,A,6.5
8772,medium,2,4.0,1.0,6.9,A,-3.3
8773,high,1,17.0,2.0,4.4,A,-18.5
8774,none,0,12.0,0.0,7.1,B,1.7
8775,,3,7.0,27.0,8.0,A,-0.1
8776,none,0,7.0,5.0,8.4,C,9.4
8777,none,1,12.0,17.0,2.7,A,-100.0
8778,medium,3,17.0,10.0,2.6,C,-100.0
8779,high,0,10.0,17.0,8.6,C,7.9
8780,medium,1,6.0,19.0,8.9,C,10.1
8781,high,1,4.0,4.0,4.3,A,-17.7
8782,low,3,5.0,4.0,4.1,B,-100.0
8783,high,2,6.0,16.0,2.0,B,-100.0
8784,medium,2,3.0,2.0,1.2,A,-100.0
8785,low,2,7.0,27.0,3.3,A,-100.0
8786,high,2,5.0,28.0,7.8,C,-0.9
8787,low,0,17.0,3.0,1.7,C,-100.0
8788,high,3,3.0,10.0,3.8,A,-100.0
8789,high,1,9.0,0.0,9.3,A,9.2
8790,none,2,4.0,11.0,8.8,C,7.0
8791,high,2,25.0,20.0,6.7,B,-9.0
8792,low,1,15.0,1.0,6.5,A,-3.8
8793,medium,4,1.0,14.0,9.3,A,5.3
8794,,1,3.0,1.0,1.8,A,-100.0
8795,high,1,3.0,7.0,8.6,A,6.0
8796,high,0,4.0,15.0,8.2,A,6.3
8797,low,0,10.0,50.0,8.2,A,9.1
8798,high,0,4.0,6.0,8.5,A,7.9
8799,medium,1,3.0,30.0,8.6,A,8.9
8800,low,1,12.0,9.0,7.5,A,2.1
8801,medium,1,4.0,21.0,3.6,B,-18.8
8802,low,6,7.0,7.0,8.6,A,-3.9
8803,high,2,14.0,25.0,1.5,A,-100.0
8804,medium,2,5.0,35.0,3.6,A,-100.0
8805,low,0,12.0,16.0,9.5,A,15.0
8806,medium,2,4.0,7.0,9.5,C,11.0
8807,high,1,12.0,3.0,8.7,A,5.7
8808,none,3,3.0,10.0,5.4,A,-14.1
8809,none,2,12.0,8.0,6.2,A,-8.1
8810,medium,1,21.0,22.0,4.0,A,-18.3
8811,low,3,19.0,13.0,4.1,C,-100.0
8812,high,2,9.0,4.0,2.7,A,-100.0
8813,none,2,6.0,10.0,1.7,C,-100.0
8814,high,1,1.0,13.0,2.5,A,-100.0
8815,medium,2,0.0,3.0,7.2,A,-1.3
8816,low,2,23.0,36.0,8.9,B,6.5
8817,medium,1,9.0,4.0,9.9,A,15.0
8818,none,2,12.0,34.0,9.3,A,9.2
8819,high,0,10.0,9.0,9.0,B,10.1
8820,high,2,14.0,9.0,5.6,A,-14.0
8821,low,3,9.0,1.0,8.4,A,2.3
8822,high,2,2.0,18.0,9.9,A,10.9
8823,none,2,6.0,10.0,8.7,C,6.2
8824,high,0,4.0,8.0,8.3,A,6.8
8825,low,3,5.0,1.0,3.8,A,-100.0
8826,low,0,13.0,20.0,2.9,A,-100.0
8827,medium,0,6.0,17.0,9.3,A,14.8
8828,none,3,15.0,5.0,8.2,A,0.0
8829,low,2,16.0,3.0,2.0,A,-100.0
8830,high,2,12.0,4.0,1.3,A,-100.0
8831,none,2,28.0,50.0,2.9,C,-100.0
8832,none,0,,11.0,6.8,C,
8833,high,0,21.0,3.0,8.4,A,5.6
8834,medium,3,18.0,7.0,9.5,B,7.1
8835,medium,1,11.0,10.0,1.9,A,-100.0
8836,none,1,15.0,9.0,3.3,B,-100.0
8837,none,3,5.0,4.0,3.9,B,-100.0
8838,high,1,7.0,4.0,1.0,A,-100.0
8839,medium,1,10.0,4.0,9.0,C,10.1
8840,low,1,25.0,6.0,1.2,C,-100.0
8841,medium,2,4.0,14.0,5.3,C,-12.0
8842,high,0,23.0,2.0,9.1,D,9.2
8843,medium,0,21.0,19.0,9.1,A,12.2
8844,medium,2,15.0,33.0,1.2,A,-100.0
8845,high,0,7.0,43.0,1.6,A,-100.0
8846,none,2,10.0,25.0,6.9,B,-3.9
8847,low,2,4.0,7.0,6.3,B,-6.2
8848,medium,2,7.0,15.0,2.5,D,-100.0
8849,none,1,11.0,2.0,5.4,B,-10.0
8850,low,5,5.0,5.0,8.6,A,-1.2
8851,high,2,17.0,30.0,2.4,A,-100.0
8852,high,3,8.0,16.0,9.2,C,3.9
8853,high,2,10.0,11.0,5.6,A,-13.6
8854,high,2,32.0,0.0,,D,
8855,medium,0,2.0,5.0,3.8,A,-15.2
8856,high,0,13.0,3.0,9.1,A,10.3
8857,high,2,6.0,3.0,9.7,A,9.3
8858,low,0,8.0,1.0,9.0,C,13.2
8859,medium,2,1.0,11.0,1.6,A,-100.0
8860,none,1,6.0,18.0,6.3,D,-4.4
8861,low,4,11.0,2.0,6.2,A,-12.5
8862,medium,1,20.0,5.0,7.8,A,2.6
8863,low,2,16.0,7.0,8.5,A,4.7
8864,low,2,10.0,17.0,2.9,A,-100.0
8865,medium,0,16.0,1.0,2.8,A,-100.0
8866,medium,3,1.0,18.0,3.9,A,-100.0
8867,none,2,3.0,22.0,9.0,A,8.3
8868,medium,1,10.0,2.0,4.9,B,-12.4
8869,medium,3,2.0,15.0,5.6,A,-12.7
8870,medium,2,7.0,4.0,3.2,B,-100.0
8871,high,1,6.0,5.0,1.7,A,-100.0
8872,medium,3,4.0,12.0,9.3,A,7.5
8873,none,1,5.0,3.0,7.2,B,0.5
8874,medium,2,6.0,1.0,6.2,A,-7.4
8875,none,1,26.0,9.0,6.2,C,-7.0
8876,low,3,20.0,34.0,9.9,A,9.8
8877,low,3,8.0,0.0,9.2,A,6.8
8878,medium,0,9.0,2.0,4.7,A,-10.9
8879,low,0,4.0,3.0,8.8,A,12.5
8880,high,0,10.0,1.0,1.5,A,-100.0
8881,low,1,2.0,16.0,8.8,A,10.3
8882,medium,3,6.0,5.0,1.8,A,-100.0
8883,high,1,36.0,24.0,2.4,A,-100.0
8884,medium,1,4.0,29.0,10.0,A,15.0
8885,none,0,3.0,50.0,1.8,A,-100.0
8886,high,1,32.0,16.0,8.4,A,2.1
8887,medium,2,16.0,14.0,8.1,A,2.2
8888,high,1,14.0,18.0,2.5,A,-100.0
8889,low,2,7.0,18.0,5.2,C,-12.4
8890,high,1,6.0,10.0,2.4,A,-100.0
8891,low,3,15.0,22.0,2.6,C,-100.0
8892,medium,4,15.0,1.0,7.1,A,-8.3
8893,low,1,5.0,5.0,5.6,A,-7.7
8894,high,0,3.0,5.0,5.9,A,-6.3
8895,high,2,14.0,8.0,9.9,C,9.6
8896,medium,2,3.0,18.0,10.0,A,14.0
8897,high,2,8.0,35.0,9.7,A,9.4
8898,low,1,4.0,1.0,9.9,A,15.0
8899,low,1,,1.0,8.7,C,
8900,high,3,28.0,2.0,2.0,C,-100.0
8901,low,1,3.0,1.0,6.0,C,-5.3
8902,high,1,1.0,9.0,2.6,A,-100.0
8903,high,3,8.0,11.0,8.4,A,-0.5
8904,high,4,21.0,10.0,7.8,A,-7.6
8905,none,1,8.0,1.0,1.0,A,-100.0
8906,low,2,6.0,10.0,1.7,A,-100.0
8907,low,1,14.0,6.0,6.9,C,-1.4
8908,medium,0,9.0,14.0,2.4,B,-100.0
8909,medium,1,1.0,10.0,8.2,A,6.7
8910,high,2,26.0,1.0,9.9,C,8.3
8911,medium,2,5.0,0.0,1.3,A,-100.0
8912,low,0,10.0,6.0,8.6,A,10.8
8913,high,3,9.0,27.0,3.1,A,-100.0
8914,high,0,33.0,4.0,6.5,A,-6.0
8915,,5,4.0,2.0,6.8,A,-11.6
8916,low,2,11.0,9.0,8.4,A,4.7
8917,high,1,8.0,30.0,3.7,A,-100.0
8918,medium,1,8.0,8.0,5.7,B,-7.8
8919,high,5,3.0,14.0,9.1,D,-1.1
8920,,2,4.0,3.0,1.7,A,-100.0
8921,high,1,8.0,23.0,7.8,A,1.3
8922,low,1,10.0,9.0,2.0,A,-100.0
8923,high,1,13.0,9.0,8.3,A,3.4
8924,medium,1,9.0,10.0,2.8,C,-100.0
8925,medium,3,11.0,8.0,9.3,C,6.7
8926,high,1,10.0,30.0,3.5,A,-100.0
8927,low,3,1.0,11.0,1.4,A,-100.0
8928,low,2,10.0,11.0,9.6,A,11.4
8929,high,2,19.0,7.0,2.7,A,-100.0
8930,medium,3,6.0,25.0,2.5,A,-100.0
8931,none,2,12.0,7.0,1.4,A,-100.0
8932,low,0,16.0,2.0,1.3,C,-100.0
8933,medium,1,3.0,21.0,2.5,C,-100.0
8934,high,1,1.0,50.0,5.5,A,-10.4
8935,medium,0,11.0,24.0,6.5,D,-1.0
8936,low,4,20.0,5.0,6.5,A,-11.7
8937,medium,0,8.0,2.0,3.5,A,-17.4
8938,none,1,9.0,1.0,2.2,A,-100.0
8939,low,1,8.0,7.0,7.9,A,4.7
8940,low,2,5.0,1.0,10.0,A,14.0
8941,low,0,3.0,9.0,9.6,C,15.0
8942,none,0,10.0,45.0,9.3,A,14.5
8943,high,2,6.0,14.0,2.4,A,-100.0
8944,high,0,23.0,19.0,4.7,B,-14.8
8945,medium,2,3.0,26.0,6.4,C,-5.7
8946,high,3,18.0,3.0,2.4,A,-100.0
8947,low,4,11.0,6.0,9.4,B,5.1
8948,high,0,3.0,4.0,9.6,C,14.0
8949,high,3,11.0,10.0,7.5,A,-5.8
8950,medium,0,3.0,3.0,8.1,A,8.4
8951,high,2,19.0,2.0,7.4,B,-4.7
8952,high,1,11.0,10.0,7.0,A,-3.5
8953,medium,4,6.0,27.0,6.5,A,-10.5
8954,low,1,11.0,5.0,8.2,A,6.0
8955,medium,0,12.0,8.0,9.8,C,15.0
8956,high,0,4.0,2.0,1.2,A,-100.0
8957,low,2,5.0,3.0,3.5,A,-100.0
8958,high,2,10.0,8.0,4.2,A,-100.0
8959,low,3,10.0,4.0,1.7,A,-100.0
8960,medium,2,5.0,4.0,7.8,A,1.5
8961,high,1,31.0,12.0,2.8,A,-100.0
8962,high,0,3.0,3.0,5.6,B,-8.0
8963,high,2,12.0,5.0,8.1,A,-0.1
8964,low,0,7.0,9.0,3.9,C,-14.7
8965,medium,2,1.0,22.0,3.9,C,-19.3
8966,low,2,6.0,21.0,8.4,A,5.3
8967,high,1,6.0,50.0,3.0,B,-100.0
8968,medium,5,8.0,1.0,5.7,A,-17.8
8969,high,0,14.0,11.0,5.6,C,-9.0
8970,low,1,25.0,5.0,8.7,A,7.4
8971,none,0,7.0,5.0,5.6,C,-6.0
8972,none,2,17.0,4.0,3.7,A,-100.0
8973,low,1,3.0,2.0,4.9,A,-11.4
8974,low,1,5.0,3.0,1.2,A,-100.0
8975,none,2,6.0,4.0,8.7,A,6.2
8976,low,1,30.0,9.0,8.8,A,7.5
8977,low,0,2.0,7.0,8.1,A,8.9
8978,high,1,8.0,5.0,2.4,A,-100.0
8979,high,2,12.0,0.0,3.6,A,-100.0
8980,low,0,18.0,1.0,9.7,A,15.0
8981,low,0,17.0,39.0,1.5,B,-100.0
8982,high,0,5.0,4.0,1.3,A,-100.0
8983,none,0,8.0,17.0,3.0,A,-100.0
8984,none,0,7.0,32.0,8.6,B,10.8
8985,high,1,16.0,2.0,8.2,D,2.5
8986,high,2,5.0,8.0,2.8,A,-100.0
8987,medium,2,18.0,14.0,3.0,D,-100.0
8988,high,3,5.0,5.0,9.3,B,4.7
8989,medium,1,15.0,10.0,1.4,C,-100.0
8990,medium,0,5.0,32.0,3.4,C,-17.4
8991,low,2,12.0,7.0,9.5,B,10.6
8992,high,3,18.0,3.0,5.8,A,-15.9
8993,high,0,26.0,4.0,3.2,B,-100.0
8994,medium,2,5.0,20.0,2.9,C,-100.0
8995,low,1,16.0,25.0,4.9,A,-12.4
8996,high,0,5.0,0.0,9.6,A,13.8
8997,low,2,13.0,10.0,4.6,A,-16.4
8998,low,2,6.0,0.0,6.2,A,-7.0
8999,medium,1,5.0,8.0,8.2,B,6.3
9000,high,2,3.0,14.0,7.4,B,-3.0
9001,low,1,0.0,15.0,9.8,C,15.0
9002,medium,0,6.0,10.0,9.9,A,15.0
9003,,0,17.0,32.0,3.2,A,-19.9
9004,high,2,8.0,28.0,8.8,C,4.4
9005,high,2,7.0,10.0,3.4,A,-100.0
9006,medium,0,6.0,1.0,9.3,A,14.7
9007,medium,3,6.0,5.0,2.2,C,-100.0
9008,none,0,11.0,27.0,8.4,A,9.2
9009,low,0,22.0,3.0,9.8,A,15.0
9010,medium,1,4.0,2.0,2.7,A,-100.0
9011,low,1,4.0,9.0,4.8,C,-11.9
9012,medium,4,17.0,11.0,8.1,B,-2.9
9013,medium,1,19.0,6.0,8.5,A,6.5
9014,medium,1,7.0,1.0,2.6,A,-100.0
9015,none,2,4.0,17.0,9.7,A,12.0
9016,low,1,14.0,8.0,6.6,C,-3.0
9017,medium,2,15.0,10.0,3.1,B,-100.0
9018,none,2,5.0,8.0,9.4,A,10.2
9019,none,0,14.0,2.0,9.7,A,15.0
9020,high,0,2.0,16.0,2.2,A,-100.0
9021,none,0,6.0,10.0,6.5,A,-0.9
9022,none,0,3.0,2.0,8.5,A,10.3
9023,high,2,9.0,3.0,8.1,A,0.2
9024,low,1,23.0,9.0,2.4,A,-100.0
9025,low,0,29.0,12.0,3.7,C,-18.0
9026,low,0,7.0,7.0,9.4,A,15.0
9027,high,1,13.0,14.0,9.4,B,9.5
9028,medium,2,27.0,10.0,7.9,A,-0.1
9029,high,4,6.0,44.0,6.9,A,-10.7
9030,none,0,10.0,15.0,9.4,A,14.7
9031,medium,0,3.0,6.0,9.6,A,15.0
9032,medium,1,5.0,5.0,1.7,A,-100.0
9033,medium,1,18.0,16.0,7.0,C,-1.5
9034,high,1,15.0,24.0,6.6,A,-6.0
9035,low,1,21.0,3.0,2.6,A,-100.0
9036,none,3,10.0,6.0,9.9,A,9.9
9037,high,1,1.0,2.0,2.7,A,-100.0
9038,high,0,11.0,5.0,9.5,A,12.7
9039,,1,21.0,29.0,6.6,A,-4.1
9040,low,0,13.0,11.0,6.7,A,0.1
9041,high,2,18.0,17.0,8.2,A,-0.1
9042,medium,0,3.0,4.0,8.9,A,12.8
9043,none,1,6.0,10.0,8.1,B,5.4
9044,low,0,7.0,10.0,6.1,A,-2.6
9045,medium,3,8.0,1.0,1.0,A,-100.0
9046,high,1,1.0,10.0,3.2,B,-100.0
9047,medium,1,5.0,4.0,2.0,A,-100.0
9048,medium,3,6.0,4.0,9.2,C,6.6
9049,high,3,4.0,15.0,3.8,A,-100.0
9050,high,0,8.0,9.0,8.2,B,5.9
9051,medium,1,6.0,8.0,4.1,A,-16.4
9052,medium,1,39.0,5.0,6.7,A,-5.4
9053,high,1,2.0,3.0,9.0,A,8.3
9054,none,2,4.0,7.0,4.7,C,-15.6
9055,none,1,19.0,39.0,5.1,A,-12.1
9056,low,1,3.0,5.0,3.1,A,-100.0
9057,low,0,2.0,3.0,8.6,A,11.6
9058,medium,1,23.0,2.0,9.8,A,13.2
9059,high,0,29.0,17.0,8.2,A,3.8
9060,high,1,16.0,6.0,8.9,A,6.4
9061,high,2,1.0,23.0,,A,
9062,medium,3,13.0,7.0,7.4,A,-3.9
9063,high,2,12.0,5.0,2.1,A,-100.0
9064,high,3,11.0,15.0,4.5,A,-100.0
9065,low,2,4.0,13.0,4.5,A,-16.0
9066,low,2,13.0,14.0,8.9,A,7.3
9067,none,1,17.0,0.0,2.0,A,-100.0
9068,low,3,7.0,14.0,9.3,A,7.6
9069,low,2,12.0,24.0,1.4,A,-100.0
9070,high,0,7.0,21.0,5.3,A,-9.9
9071,none,2,7.0,7.0,1.7,A,-100.0
9072,low,1,7.0,40.0,5.2,A,-9.7
9073,low,0,5.0,2.0,1.1,A,-100.0
9074,high,1,9.0,0.0,7.2,A,-2.3
9075,high,0,7.0,19.0,6.3,C,-4.4
9076,low,3,7.0,3.0,3.8,B,-100.0
9077,medium,0,7.0,2.0,4.5,B,-11.8
9078,none,3,2.0,4.0,7.2,A,-4.2
9079,high,1,10.0,5.0,5.0,C,-14.5
9080,none,1,28.0,21.0,3.5,C,-100.0
9081,low,0,7.0,20.0,7.1,A,3.0
9082,high,0,8.0,17.0,3.8,A,-18.3
9083,medium,3,2.0,7.0,7.4,A,-2.8
9084,,2,26.0,3.0,9.8,C,10.2
9085,high,0,2.0,9.0,8.7,A,9.2
9086,medium,2,14.0,3.0,3.5,C,-100.0
9087,low,0,13.0,4.0,2.9,C,-100.0
9088,low,3,4.0,30.0,9.6,A,9.7
9089,none,3,25.0,13.0,5.9,A,-13.5
9090,high,1,2.0,5.0,8.7,A,6.7
9091,low,2,7.0,23.0,2.8,A,-100.0
9092,low,2,2.0,3.0,2.7,B,-100.0
9093,medium,1,8.0,21.0,9.1,A,11.1
9094,medium,1,7.0,6.0,3.8,C,-18.1
9095,low,2,18.0,4.0,1.2,B,-100.0
9096,none,3,13.0,2.0,5.0,B,-17.4
9097,none,3,2.0,10.0,8.4,A,2.5
9098,low,1,5.0,16.0,9.5,C,13.9
9099,high,2,5.0,2.0,6.2,B,-9.9
9100,medium,1,13.0,12.0,8.3,A,6.1
9101,high,0,6.0,11.0,8.4,C,7.2
9102,low,1,4.0,27.0,5.6,C,-7.4
9103,medium,0,12.0,2.0,7.2,C,2.5
9104,low,2,8.0,1.0,9.5,A,10.9
9105,low,0,5.0,1.0,5.1,A,-8.0
9106,medium,1,3.0,12.0,1.9,A,-100.0
9107,high,0,6.0,11.0,8.1,D,5.5
9108,high,0,6.0,13.0,4.1,C,-16.4
9109,high,1,5.0,5.0,8.7,A,6.4
9110,medium,0,14.0,3.0,4.0,C,-15.3
9111,medium,0,24.0,6.0,8.8,C,10.2
9112,medium,4,8.0,9.0,2.5,C,-100.0
9113,high,0,7.0,14.0,9.7,C,14.3
9114,none,4,6.0,1.0,2.3,C,-100.0
9115,high,1,19.0,3.0,3.2,A,-100.0
9116,low,3,5.0,5.0,6.1,A,-9.9
9117,high,2,19.0,29.0,4.5,A,-100.0
9118,medium,1,4.0,0.0,5.5,B,-8.6
9119,low,0,14.0,42.0,2.9,D,-100.0
9120,none,1,19.0,8.0,8.5,B,6.3
9121,low,2,12.0,19.0,9.3,C,9.6
9122,medium,2,4.0,2.0,4.6,A,-16.0
9123,low,0,10.0,6.0,8.5,C,10.3
9124,none,3,3.0,27.0,3.7,D,-100.0
9125,high,1,15.0,7.0,1.3,C,-100.0
9126,low,0,11.0,3.0,8.6,A,10.7
9127,none,1,12.0,31.0,8.4,A,6.7
9128,low,1,10.0,16.0,9.0,A,10.6
9129,high,2,13.0,7.0,7.5,A,-3.5
9130,none,1,5.0,3.0,8.9,A,9.9
9131,medium,2,17.0,10.0,8.2,C,2.6
9132,none,0,2.0,50.0,2.5,A,-100.0
9133,none,3,16.0,26.0,7.9,A,-1.5
9134,high,0,11.0,7.0,8.1,A,5.0
9135,low,1,8.0,3.0,7.1,C,0.3
9136,low,2,16.0,1.0,4.5,A,-17.4
9137,none,2,1.0,17.0,,C,
9138,low,3,10.0,5.0,1.3,A,-100.0
9139,none,1,3.0,23.0,10.0,A,15.0
9140,low,2,3.0,5.0,9.8,A,13.1
9141,medium,3,9.0,20.0,8.0,B,-0.1
9142,none,1,14.0,38.0,8.3,A,6.0
9143,low,1,4.0,50.0,5.3,A,-8.8
9144,high,2,13.0,11.0,4.4,A,-100.0
9145,low,0,1.0,6.0,1.0,C,-100.0
9146,low,1,9.0,1.0,8.4,A,7.3
9147,none,1,16.0,3.0,5.1,A,-12.1
9148,high,1,4.0,3.0,6.1,B,-7.8
9149,high,3,14.0,0.0,1.1,C,-100.0
9150,none,2,2.0,4.0,2.5,A,-100.0
9151,medium,2,15.0,6.0,2.3,A,-100.0
9152,high,2,9.0,3.0,7.4,A,-3.7
9153,high,3,15.0,0.0,8.7,D,0.3
9154,medium,2,13.0,10.0,9.9,A,12.3
9155,low,1,5.0,28.0,9.0,A,11.3
9156,high,3,18.0,20.0,3.4,A,-100.0
9157,medium,2,14.0,0.0,6.6,A,-6.0
9158,low,1,16.0,13.0,8.2,D,5.6
9159,low,0,16.0,8.0,8.7,C,10.8
9160,none,1,8.0,8.0,1.3,A,-100.0
9161,medium,1,4.0,7.0,5.5,B,-8.5
9162,low,2,15.0,5.0,3.7,A,-100.0
9163,none,0,20.0,18.0,7.1,A,1.1
9164,medium,0,4.0,1.0,6.7,A,0.6
9165,medium,2,25.0,3.0,3.8,A,-100.0
9166,,1,2.0,3.0,1.7,A,-100.0
9167,low,1,10.0,6.0,9.2,A,11.6
9168,medium,2,10.0,11.0,9.6,A,11.0
9169,low,2,27.0,3.0,4.5,D,-18.4
9170,high,1,8.0,6.0,2.4,A,-100.0
9171,low,0,8.0,1.0,7.3,B,3.8
9172,low,3,14.0,7.0,2.7,A,-100.0
9173,high,2,12.0,13.0,4.4,A,-100.0
9174,low,2,7.0,31.0,8.4,A,5.3
9175,medium,2,5.0,11.0,8.3,A,4.4
9176,low,1,10.0,1.0,5.0,C,-11.5
9177,high,1,15.0,23.0,1.5,B,-100.0
9178,medium,0,7.0,24.0,6.9,B,1.6
9179,low,0,10.0,9.0,1.0,A,-100.0
9180,high,2,28.0,2.0,6.4,A,-11.1
9181,high,3,12.0,15.0,3.0,C,-100.0
9182,none,2,5.0,5.0,2.6,B,-100.0
9183,none,0,8.0,6.0,10.0,A,15.0
9184,high,0,10.0,19.0,7.4,D,1.4
9185,low,0,6.0,18.0,7.0,B,2.6
9186,high,0,1.0,4.0,3.3,D,-100.0
9187,none,1,,1.0,2.1,C,
9188,high,1,6.0,10.0,3.7,C,-100.0
9189,medium,1,3.0,0.0,1.8,A,-100.0
9190,low,2,8.0,11.0,3.2,A,-100.0
9191,medium,4,11.0,7.0,5.6,A,-16.1
9192,high,1,8.0,1.0,9.1,A,8.2
9193,none,0,12.0,6.0,8.2,A,7.8
9194,high,3,4.0,11.0,9.3,A,4.8
9195,none,3,15.0,5.0,8.9,A,3.9
9196,low,1,3.0,10.0,2.1,C,-100.0
9197,high,1,8.0,3.0,1.1,A,-100.0
9198,low,4,7.0,3.0,8.6,A,1.1
9199,low,0,11.0,10.0,2.3,A,-100.0
9200,low,1,8.0,22.0,4.5,C,-13.9
9201,none,1,13.0,16.0,1.8,A,-100.0
9202,low,4,,10.0,8.2,C,
9203,medium,0,10.0,19.0,9.9,B,15.0
9204,high,1,13.0,8.0,5.7,A,-10.9
9205,medium,2,6.0,3.0,9.8,B,12.4
9206,high,1,6.0,1.0,8.7,C,6.2
9207,high,1,8.0,4.0,2.8,A,-100.0
9208,low,1,9.0,4.0,8.9,A,10.1
9209,medium,0,9.0,27.0,,D,
9210,medium,0,18.0,1.0,9.9,C,15.0
9211,low,2,3.0,50.0,8.6,A,7.0
9212,medium,0,,0.0,9.3,C,
9213,low,0,34.0,6.0,6.6,A,-2.6
9214,low,0,2.0,9.0,9.3,A,15.0
9215,low,2,7.0,7.0,9.2,A,9.4
9216,high,3,2.0,10.0,6.4,A,-10.9
9217,none,0,,2.0,8.8,C,
9218,low,0,9.0,2.0,3.1,A,-19.4
9219,medium,3,15.0,16.0,9.3,A,6.4
9220,medium,1,14.0,7.0,8.8,A,8.7
9221,high,0,7.0,22.0,9.8,A,14.9
9222,none,2,12.0,11.0,5.2,A,-13.6
9223,low,1,4.0,6.0,8.3,A,7.3
9224,none,1,2.0,0.0,8.4,A,7.4
9225,medium,1,3.0,4.0,9.9,A,15.0
9226,high,2,8.0,1.0,3.2,A,-100.0
9227,low,3,13.0,18.0,5.4,A,-14.4
9228,high,1,7.0,5.0,2.6,B,-100.0
9229,medium,0,1.0,2.0,3.9,C,-14.5
9230,medium,0,5.0,2.0,2.1,A,-100.0
9231,low,4,32.0,4.0,8.5,A,-1.9
9232,medium,4,3.0,14.0,2.6,A,-100.0
9233,high,2,10.0,0.0,9.9,C,9.9
9234,high,4,9.0,22.0,9.3,A,1.9
9235,low,0,2.0,1.0,3.4,A,-17.0
9236,low,2,3.0,7.0,1.4,A,-100.0
9237,high,0,14.0,24.0,8.2,C,5.4
9238,medium,2,2.0,3.0,9.4,A,10.6
9239,low,2,20.0,13.0,3.3,C,-100.0
9240,none,0,11.0,14.0,1.5,C,-100.0
9241,none,4,1.0,1.0,6.1,A,-12.7
9242,none,3,13.0,5.0,7.1,A,-5.8
9243,medium,2,28.0,31.0,8.3,A,2.3
9244,medium,3,4.0,11.0,9.0,C,5.8
9245,medium,2,7.0,15.0,8.8,A,7.0
9246,low,2,5.0,18.0,7.1,A,-1.8
9247,low,0,4.0,24.0,9.2,C,14.9
9248,high,1,10.0,2.0,8.4,A,4.2
9249,high,0,6.0,6.0,4.8,B,-12.7
9250,low,4,6.0,40.0,9.4,C,6.0
9251,medium,2,4.0,4.0,8.8,A,7.1
9252,medium,2,15.0,25.0,8.6,A,5.1
9253,low,0,8.0,5.0,5.9,A,-3.8
9254,low,1,3.0,5.0,8.7,B,9.6
9255,low,3,10.0,23.0,5.5,A,-13.5
9256,low,1,3.0,20.0,3.1,A,-100.0
9257,medium,1,8.0,42.0,3.2,A,-100.0
9258,low,5,9.0,5.0,8.9,A,0.1
9259,low,2,12.0,32.0,1.6,B,-100.0
9260,low,0,16.0,16.0,9.5,A,15.0
9261,high,0,4.0,3.0,8.0,B,5.1
9262,low,1,2.0,20.0,8.9,A,10.9
9263,none,2,1.0,1.0,9.3,A,9.9
9264,high,0,,36.0,8.3,C,
9265,high,1,12.0,3.0,4.3,C,-18.5
9266,high,2,10.0,5.0,8.2,A,0.6
9267,none,1,21.0,11.0,2.3,B,-100.0
9268,low,3,40.0,4.0,3.5,A,-100.0
9269,low,2,7.0,14.0,8.7,C,6.8
9270,none,0,8.0,7.0,6.8,A,0.5
9271,none,2,4.0,10.0,7.9,A,2.0
9272,low,2,7.0,20.0,4.2,A,-17.9
9273,none,2,12.0,8.0,5.5,C,-12.0
9274,low,0,13.0,10.0,3.7,A,-16.4
9275,high,3,,0.0,9.8,C,
9276,low,1,3.0,6.0,5.8,C,-6.4
9277,none,0,2.0,5.0,7.5,A,5.0
9278,high,2,6.0,48.0,10.0,A,11.3
9279,medium,1,29.0,2.0,8.1,D,3.3
9280,low,2,8.0,9.0,2.6,B,-100.0
9281,low,2,16.0,3.0,2.3,C,-100.0
9282,medium,3,2.0,13.0,2.0,A,-100.0
9283,medium,0,12.0,1.0,9.9,A,15.0
9284,medium,2,12.0,5.0,8.0,A,1.9
9285,high,2,29.0,11.0,8.1,A,-1.8
9286,medium,5,13.0,21.0,7.6,A,-7.7
9287,none,1,5.0,0.0,9.0,A,10.4
9288,none,1,14.0,16.0,7.5,C,1.4
9289,low,0,8.0,1.0,4.3,C,-12.7
9290,none,1,16.0,21.0,5.2,C,-11.4
9291,low,3,11.0,6.0,9.6,A,8.7
9292,low,2,6.0,16.0,5.9,C,-8.5
9293,medium,5,33.0,24.0,6.8,A,-14.1
9294,none,1,8.0,19.0,2.7,C,-100.0
9295,high,1,9.0,3.0,10.0,A,13.1
9296,high,5,9.0,30.0,8.1,D,-7.1
9297,high,2,7.0,1.0,8.3,B,1.4
9298,low,0,10.0,4.0,7.8,A,6.4
9299,medium,3,18.0,40.0,5.0,B,-17.3
9300,none,3,10.0,15.0,9.8,A,9.4
9301,none,1,5.0,12.0,3.0,A,-100.0
9302,low,3,8.0,4.0,6.9,C,-5.8
9303,medium,2,26.0,6.0,1.1,A,-100.0
9304,none,1,1.0,1.0,8.7,A,9.1
9305,high,1,13.0,22.0,3.9,A,-100.0
9306,low,1,5.0,2.0,9.0,A,11.0
9307,medium,2,6.0,18.0,8.5,C,5.4
9308,medium,3,2.0,11.0,2.8,C,-100.0
9309,high,0,3.0,50.0,3.1,A,-100.0
9310,low,2,4.0,1.0,5.8,C,-9.0
9311,high,1,10.0,18.0,7.6,A,-0.0
9312,low,3,11.0,2.0,8.3,A,1.5
9313,none,1,2.0,1.0,1.4,C,-100.0
9314,high,2,11.0,26.0,8.4,A,1.8
9315,high,2,20.0,5.0,6.0,C,-12.5
9316,high,2,4.0,12.0,9.5,A,8.5
9317,high,3,10.0,21.0,7.3,A,-6.7
9318,high,2,3.0,3.0,8.2,A,1.3
9319,medium,2,8.0,19.0,9.6,A,11.3
9320,medium,3,14.0,8.0,8.9,B,4.2
9321,low,2,16.0,5.0,9.0,A,7.4
9322,low,0,10.0,40.0,8.4,A,10.1
9323,low,0,20.0,8.0,6.2,A,-3.3
9324,high,0,17.0,8.0,1.6,A,-100.0
9325,low,2,2.0,18.0,8.5,A,6.2
9326,high,2,1.0,5.0,8.0,D,0.4
9327,medium,2,5.0,6.0,5.8,A,-9.4
9328,high,2,6.0,2.0,2.0,B,-100.0
9329,high,0,15.0,24.0,1.5,A,-100.0
9330,medium,3,5.0,38.0,2.9,C,-100.0
9331,none,4,11.0,26.0,9.4,A,4.7
9332,medium,0,7.0,2.0,9.4,A,15.0
9333,medium,5,5.0,10.0,2.6,A,-100.0
9334,high,2,3.0,16.0,1.5,A,-100.0
9335,high,0,5.0,20.0,2.2,C,-100.0
9336,none,1,24.0,1.0,3.5,A,-100.0
9337,low,2,,36.0,7.3,C,
9338,high,1,3.0,1.0,2.8,A,-100.0
9339,medium,3,10.0,0.0,9.4,A,7.3
9340,medium,2,8.0,16.0,10.0,A,13.5
9341,high,0,3.0,36.0,1.6,A,-100.0
9342,high,0,17.0,15.0,9.6,A,12.7
9343,none,2,9.0,31.0,2.0,A,-100.0
9344,medium,0,4.0,2.0,7.2,A,3.3
9345,none,2,3.0,35.0,8.6,A,6.2
9346,low,2,2.0,6.0,8.9,B,8.3
9347,high,1,8.0,50.0,8.9,C,7.6
9348,medium,1,6.0,8.0,8.9,C,10.0
9349,high,0,1.0,7.0,8.8,B,9.8
9350,high,4,7.0,1.0,8.9,C,-0.3
9351,high,3,6.0,6.0,1.8,C,-100.0
9352,low,4,6.0,3.0,2.5,C,-100.0
9353,low,2,7.0,38.0,7.9,C,2.6
9354,none,3,2.0,2.0,3.0,A,-100.0
9355,medium,1,3.0,4.0,8.8,C,9.7
9356,medium,4,38.0,8.0,8.5,A,-2.9
9357,low,0,7.0,1.0,4.3,A,-12.6
9358,low,1,3.0,3.0,7.4,A,2.4
9359,high,1,8.0,42.0,3.2,D,-100.0
9360,medium,1,8.0,3.0,7.7,A,3.2
9361,none,1,12.0,32.0,2.4,A,-100.0
9362,low,1,1.0,16.0,7.5,A,3.3
9363,,1,40.0,15.0,9.3,A,8.7
9364,none,1,4.0,3.0,3.0,A,-100.0
9365,low,3,6.0,20.0,8.8,A,5.0
9366,,2,5.0,27.0,1.4,A,-100.0
9367,low,1,9.0,3.0,2.1,A,-100.0
9368,high,1,20.0,3.0,4.6,C,-17.7
9369,low,0,1.0,44.0,9.4,D,15.0
9370,none,1,3.0,17.0,9.4,C,12.9
9371,medium,1,6.0,6.0,4.6,A,-13.6
9372,none,0,15.0,8.0,2.1,A,-100.0
9373,none,3,7.0,5.0,4.8,A,-17.9
9374,high,1,18.0,34.0,4.0,C,-100.0
9375,high,0,4.0,31.0,1.5,C,-100.0
9376,medium,1,13.0,50.0,9.3,D,11.9
9377,medium,0,7.0,35.0,8.5,A,10.5
9378,high,2,15.0,11.0,2.3,A,-100.0
9379,high,1,11.0,12.0,8.8,A,6.4
9380,medium,2,8.0,0.0,8.7,A,6.1
9381,medium,2,3.0,15.0,3.4,A,-100.0
9382,high,1,4.0,9.0,9.6,C,11.5
9383,low,4,1.0,1.0,8.6,A,1.7
9384,none,0,5.0,23.0,10.0,D,15.0
9385,low,1,6.0,12.0,8.6,C,8.8
9386,medium,2,15.0,27.0,5.3,A,-13.0
9387,none,1,31.0,12.0,2.8,A,-100.0
9388,medium,2,2.0,7.0,,B,
9389,high,1,5.0,43.0,9.4,B,10.6
9390,low,1,12.0,13.0,6.5,B,-3.3
9391,medium,1,10.0,18.0,5.3,A,-10.1
9392,low,3,2.0,6.0,9.2,D,7.4
9393,high,0,25.0,10.0,6.9,C,-3.0
9394,low,1,20.0,36.0,2.2,A,-100.0
9395,none,1,2.0,12.0,7.4,A,2.0
9396,low,2,14.0,1.0,9.0,C,7.6
9397,medium,1,25.0,16.0,9.9,C,13.7
9398,high,0,8.0,2.0,1.1,A,-100.0
9399,medium,3,11.0,1.0,3.5,A,-100.0
9400,high,0,2.0,11.0,8.0,A,5.4
9401,,1,12.0,17.0,3.4,A,-100.0
9402,high,2,18.0,1.0,9.2,A,5.3
9403,low,1,30.0,1.0,8.0,C,3.0
9404,medium,4,7.0,4.0,2.3,A,-100.0
9405,low,1,15.0,14.0,9.0,B,10.1
9406,low,0,11.0,2.0,7.7,A,5.7
9407,low,0,17.0,11.0,5.1,A,-9.1
9408,low,1,5.0,19.0,4.4,A,-14.1
9409,none,4,7.0,5.0,9.0,A,2.7
9410,medium,2,5.0,1.0,9.6,D,11.4
9411,low,1,10.0,8.0,2.5,B,-100.0
9412,medium,2,3.0,4.0,3.5,A,-100.0
9413,high,4,24.0,23.0,7.6,A,-8.9
9414,low,1,3.0,1.0,3.5,C,-19.1
9415,low,0,16.0,2.0,9.5,A,15.0
9416,low,0,2.0,3.0,3.0,A,-19.2
9417,medium,0,10.0,17.0,8.4,A,9.5
9418,high,5,6.0,7.0,9.1,C,-1.5
9419,medium,1,2.0,3.0,9.8,C,15.0
9420,low,4,2.0,39.0,7.4,A,-4.6
9421,high,1,4.0,2.0,8.9,A,7.5
9422,none,2,14.0,9.0,6.4,B,-7.2
9423,high,2,13.0,1.0,9.3,D,6.3
9424,medium,0,4.0,22.0,3.2,B,-18.5
9425,medium,3,5.0,13.0,2.0,A,-100.0
9426,low,1,6.0,2.0,8.8,A,9.8
9427,high,2,3.0,12.0,4.6,C,-18.4
9428,high,2,14.0,6.0,6.7,A,-8.0
9429,high,1,9.0,3.0,8.0,A,2.1
9430,high,0,19.0,23.0,3.8,B,-19.3
9431,medium,2,16.0,6.0,1.1,C,-100.0
9432,low,1,9.0,3.0,7.6,A,2.9
9433,medium,3,15.0,5.0,1.9,A,-100.0
9434,high,0,13.0,4.0,9.3,C,11.4
9435,low,2,16.0,6.0,7.8,B,0.8
9436,none,4,2.0,14.0,3.5,C,-100.0
9437,none,1,0.0,28.0,3.2,A,-100.0
9438,,0,2.0,1.0,8.7,A,11.5
9439,medium,2,2.0,10.0,8.1,A,3.6
9440,medium,1,27.0,2.0,8.3,C,4.6
9441,low,2,3.0,3.0,8.5,A,6.0
9442,high,2,12.0,14.0,6.8,C,-7.2
9443,low,3,8.0,14.0,1.5,A,-100.0
9444,high,2,14.0,21.0,8.8,A,3.7
9445,high,1,13.0,14.0,9.3,A,9.0
9446,medium,0,7.0,22.0,3.6,C,-16.6
9447,high,2,10.0,48.0,9.1,C,6.0
9448,high,1,7.0,49.0,1.6,B,-100.0
9449,high,1,12.0,5.0,4.4,A,-18.0
9450,low,3,4.0,3.0,3.7,A,-100.0
9451,low,0,14.0,6.0,8.1,A,7.7
9452,high,2,3.0,7.0,3.9,A,-100.0
9453,medium,5,28.0,20.0,4.6,A,-100.0
9454,high,2,6.0,34.0,4.6,A,-18.5
9455,low,0,7.0,8.0,2.2,A,-100.0
9456,medium,2,6.0,6.0,2.9,A,-100.0
9457,medium,3,18.0,1.0,9.4,B,6.5
9458,high,2,,2.0,8.7,C,
9459,high,3,13.0,40.0,8.9,A,2.0
9460,low,1,4.0,9.0,2.3,C,-100.0
9461,none,0,12.0,1.0,8.8,A,11.1
9462,high,1,4.0,6.0,2.5,A,-100.0
9463,high,0,24.0,17.0,9.2,C,9.8
9464,low,3,4.0,2.0,8.4,A,2.8
9465,medium,0,4.0,24.0,8.2,A,9.0
9466,low,0,10.0,50.0,5.5,A,-5.8
9467,medium,1,9.0,9.0,9.1,A,10.8
9468,low,2,27.0,5.0,1.0,A,-100.0
9469,medium,1,19.0,3.0,5.7,A,-8.9
9470,low,2,4.0,4.0,6.3,C,-6.2
9471,high,2,8.0,20.0,3.0,D,-100.0
9472,low,1,29.0,9.0,5.9,C,-8.4
9473,medium,1,5.0,0.0,3.4,A,-100.0
9474,low,1,17.0,9.0,9.7,B,13.7
9475,low,0,1.0,26.0,8.0,C,8.6
9476,medium,0,4.0,6.0,1.9,C,-100.0
9477,low,1,7.0,6.0,5.7,A,-7.3
9478,low,0,20.0,9.0,4.4,C,-13.2
9479,high,1,4.0,12.0,2.2,A,-100.0
9480,medium,3,20.0,8.0,3.4,C,-100.0
9481,low,4,20.0,11.0,4.6,C,-100.0
9482,low,1,4.0,5.0,3.0,A,-100.0
9483,medium,2,7.0,7.0,8.1,C,3.0
9484,medium,0,4.0,9.0,9.5,C,15.0
9485,low,0,5.0,2.0,3.9,C,-14.5
9486,high,2,7.0,2.0,9.1,A,5.8
9487,none,1,13.0,1.0,8.7,A,7.9
9488,medium,2,4.0,4.0,7.0,A,-2.8
9489,medium,1,27.0,15.0,8.1,A,3.6
9490,high,0,5.0,19.0,8.5,A,7.9
9491,low,0,4.0,33.0,5.9,A,-3.1
9492,low,0,9.0,8.0,6.4,A,-1.2
9493,high,1,4.0,4.0,2.2,A,-100.0
9494,high,0,15.0,8.0,3.4,A,-100.0
9495,high,4,7.0,50.0,6.3,C,-14.1
9496,high,0,11.0,6.0,9.7,A,13.8
9497,none,3,3.0,5.0,9.6,A,8.9
9498,high,0,9.0,9.0,8.1,C,5.2
9499,high,1,19.0,11.0,6.0,C,-9.8
9500,medium,3,8.0,1.0,6.9,A,-6.2
9501,medium,3,15.0,20.0,9.2,A,5.9
9502,high,2,11.0,22.0,1.5,D,-100.0
9503,high,1,14.0,5.0,8.6,A,4.9
9504,low,1,8.0,15.0,3.2,A,-100.0
9505,high,1,14.0,12.0,7.5,A,-1.0
9506,high,1,20.0,4.0,8.9,B,6.0
9507,low,1,11.0,4.0,8.6,A,8.2
9508,low,1,,1.0,6.3,C,
9509,high,3,15.0,18.0,9.7,A,6.0
9510,low,3,8.0,2.0,9.6,C,9.0
9511,high,0,22.0,32.0,6.0,A,-7.4
9512,medium,0,21.0,0.0,9.6,A,14.8
9513,low,2,7.0,4.0,6.0,A,-8.2
9514,high,4,5.0,38.0,8.7,A,-0.8
9515,high,0,17.0,19.0,7.2,A,-0.4
9516,medium,1,12.0,5.0,2.3,C,-100.0
9517,none,1,4.0,35.0,9.4,A,13.0
9518,low,0,7.0,31.0,3.6,A,-16.1
9519,medium,0,8.0,7.0,3.5,D,-17.4
9520,low,3,8.0,18.0,5.4,A,-13.9
9521,high,4,14.0,43.0,8.6,D,-2.2
9522,medium,1,6.0,5.0,8.8,A,9.4
9523,medium,0,7.0,16.0,1.9,A,-100.0
9524,high,0,18.0,1.0,8.2,A,4.8
9525,low,2,14.0,4.0,5.1,A,-13.8
9526,none,0,37.0,34.0,3.2,A,-100.0
9527,high,0,9.0,37.0,8.3,C,6.6
9528,none,1,5.0,30.0,6.5,A,-3.1
9529,medium,4,16.0,1.0,9.3,A,3.7
9530,high,1,18.0,2.0,2.1,C,-100.0
9531,none,2,9.0,7.0,2.6,C,-100.0
9532,medium,1,17.0,5.0,8.6,B,7.2
9533,high,1,11.0,21.0,4.3,A,-18.3
9534,medium,1,7.0,3.0,8.8,B,9.3
9535,high,3,8.0,3.0,1.2,A,-100.0
9536,high,6,6.0,1.0,7.9,A,-10.7
9537,high,1,13.0,8.0,7.6,A,-0.4
9538,none,2,4.0,49.0,9.9,C,13.4
9539,none,2,27.0,31.0,8.3,C,2.1
9540,high,2,3.0,38.0,8.6,A,3.8
9541,low,2,7.0,18.0,2.1,A,-100.0
9542,low,0,8.0,18.0,8.8,A,12.3
9543,low,2,13.0,17.0,2.6,A,-100.0
9544,high,1,8.0,22.0,3.6,D,-100.0
9545,high,1,7.0,4.0,3.3,B,-100.0
9546,medium,1,11.0,28.0,5.2,A,-10.6
9547,medium,2,8.0,2.0,8.0,C,2.3
9548,low,0,4.0,5.0,8.6,A,11.4
9549,medium,1,4.0,1.0,8.6,A,8.5
9550,medium,2,11.0,6.0,6.0,A,-8.9
9551,high,3,16.0,19.0,8.3,C,-1.8
9552,medium,1,8.0,1.0,4.2,A,-16.1
9553,low,3,10.0,0.0,5.2,C,-15.4
9554,medium,2,29.0,1.0,8.8,A,4.6
9555,low,1,10.0,2.0,9.1,A,11.0
9556,low,2,1.0,31.0,9.9,A,14.1
9557,high,3,8.0,22.0,3.0,A,-100.0
9558,low,3,6.0,5.0,7.1,A,-4.5
9559,medium,2,10.0,2.0,9.6,A,10.9
9560,low,2,7.0,3.0,8.4,A,5.0
9561,high,0,4.0,1.0,3.2,A,-100.0
9562,low,1,13.0,2.0,6.7,C,-2.4
9563,none,2,11.0,6.0,9.6,A,10.6
9564,high,3,20.0,34.0,7.2,A,-8.1
9565,none,2,1.0,30.0,2.1,B,-100.0
9566,high,0,9.0,4.0,8.3,D,6.3
9567,none,1,9.0,6.0,9.5,A,12.8
9568,none,0,14.0,13.0,9.5,A,14.9
9569,low,1,,3.0,1.9,C,
9570,none,2,10.0,2.0,8.2,C,3.0
9571,low,3,7.0,21.0,2.7,C,-100.0
9572,low,0,9.0,0.0,1.7,A,-100.0
9573,none,2,7.0,16.0,8.9,A,7.3
9574,low,1,1.0,6.0,,A,
9575,low,0,7.0,15.0,3.0,A,-19.6
9576,high,4,15.0,1.0,2.5,A,-100.0
9577,medium,2,23.0,4.0,5.1,A,-15.1
9578,medium,1,2.0,6.0,9.7,A,14.8
9579,low,1,3.0,16.0,2.1,A,-100.0
9580,low,0,7.0,6.0,4.3,A,-12.5
9581,none,0,9.0,20.0,6.8,A,0.6
9582,none,0,11.0,9.0,3.3,A,-19.0
9583,medium,2,21.0,10.0,9.6,A,9.9
9584,high,0,21.0,1.0,7.6,A,1.2
9585,low,2,3.0,36.0,8.3,C,5.2
9586,low,0,12.0,50.0,2.3,A,-100.0
9587,low,2,5.0,25.0,1.4,A,-100.0
9588,none,1,5.0,16.0,9.6,A,13.8
9589,low,3,3.0,3.0,9.2,B,7.3
9590,medium,2,13.0,1.0,3.3,A,-100.0
9591,high,1,1.0,1.0,8.5,A,5.6
9592,medium,0,6.0,4.0,6.8,A,1.0
9593,medium,1,8.0,11.0,6.3,C,-4.4
9594,high,0,11.0,8.0,1.9,A,-100.0
9595,high,2,2.0,13.0,9.0,C,5.9
9596,medium,2,1.0,36.0,8.7,A,7.2
9597,none,3,4.0,10.0,5.6,A,-13.1
9598,high,2,7.0,2.0,7.1,B,-5.2
9599,high,2,10.0,3.0,9.5,C,7.8
9600,high,1,26.0,10.0,9.4,C,8.2
9601,medium,0,12.0,5.0,1.4,A,-100.0
9602,low,1,14.0,8.0,5.7,A,-8.0
9603,low,1,10.0,14.0,5.2,A,-10.3
9604,low,3,12.0,1.0,6.7,C,-7.4
9605,low,1,13.0,3.0,7.0,D,-0.8
9606,high,4,12.0,0.0,1.2,B,-100.0
9607,low,1,13.0,45.0,2.0,A,-100.0
9608,none,0,8.0,10.0,7.3,B,3.3
9609,high,2,30.0,4.0,7.7,A,-4.1
9610,medium,1,16.0,4.0,7.8,B,2.9
9611,medium,2,2.0,9.0,3.8,C,-100.0
9612,low,2,12.0,14.0,7.2,A,-2.0
9613,high,2,5.0,13.0,9.2,A,6.7
9614,medium,3,11.0,19.0,8.8,A,4.1
9615,high,1,3.0,10.0,9.6,C,11.6
9616,medium,2,28.0,18.0,9.4,C,8.2
9617,none,2,6.0,12.0,8.8,A,6.8
9618,medium,1,4.0,0.0,3.9,A,-17.3
9619,high,5,4.0,20.0,1.1,A,-100.0
9620,medium,2,3.0,5.0,4.7,C,-15.3
9621,high,2,26.0,2.0,9.1,A,3.9
9622,low,1,13.0,20.0,3.5,A,-19.9
9623,medium,1,16.0,1.0,9.8,B,13.9
9624,none,2,9.0,18.0,1.3,A,-100.0
9625,none,1,3.0,6.0,7.8,A,4.0
9626,none,1,8.0,50.0,9.3,A,12.2
9627,,1,37.0,3.0,9.9,A,12.1
9628,low,2,7.0,36.0,7.6,C,0.9
9629,medium,2,12.0,5.0,8.4,A,4.2
9630,high,3,9.0,5.0,8.4,A,-0.7
9631,,2,1.0,16.0,8.4,A,5.1
9632,none,1,13.0,16.0,8.6,A,7.5
9633,high,0,10.0,1.0,3.4,A,-100.0
9634,high,1,10.0,9.0,2.3,C,-100.0
9635,high,1,14.0,12.0,2.0,A,-100.0
9636,high,3,5.0,22.0,3.7,A,-100.0
9637,high,1,22.0,5.0,9.6,A,9.6
9638,high,2,25.0,30.0,8.5,A,1.0
9639,high,1,18.0,42.0,8.8,B,6.0
9640,medium,2,2.0,18.0,8.7,A,6.9
9641,low,2,5.0,5.0,8.9,A,8.0
9642,low,2,4.0,5.0,1.6,C,-100.0
9643,low,2,8.0,17.0,1.1,A,-100.0
9644,medium,3,15.0,11.0,7.2,A,-5.2
9645,,3,12.0,42.0,7.0,A,-5.9
9646,medium,2,3.0,0.0,9.4,A,10.5
9647,high,2,5.0,1.0,9.1,A,6.0
9648,low,2,15.0,14.0,1.9,D,-100.0
9649,high,3,2.0,2.0,4.3,A,-100.0
9650,medium,3,20.0,2.0,6.6,A,-9.1
9651,high,1,10.0,2.0,3.9,A,-100.0
9652,high,1,7.0,1.0,3.9,C,-100.0
9653,low,1,9.0,1.0,4.3,A,-15.3
9654,medium,3,8.0,14.0,8.5,C,2.7
9655,low,3,16.0,1.0,1.2,C,-100.0
9656,low,3,5.0,11.0,8.8,A,5.0
9657,high,1,7.0,3.0,1.3,A,-100.0
9658,low,3,12.0,21.0,7.3,A,-3.9
9659,low,4,34.0,24.0,8.9,A,0.3
9660,none,1,6.0,0.0,9.4,B,12.5
9661,medium,1,5.0,8.0,9.5,C,13.4
9662,medium,2,5.0,3.0,9.1,B,8.7
9663,medium,1,15.0,3.0,4.5,A,-15.1
9664,low,0,9.0,1.0,5.4,A,-6.7
9665,high,0,10.0,18.0,1.0,A,-100.0
9666,none,1,13.0,3.0,9.2,A,10.7
9667,high,1,6.0,9.0,8.9,C,7.4
9668,high,1,9.0,9.0,8.8,A,6.6
9669,high,0,20.0,6.0,5.4,A,-10.8
9670,none,1,3.0,12.0,2.5,C,-100.0
9671,none,0,5.0,3.0,9.5,A,15.0
9672,high,3,11.0,8.0,2.1,B,-100.0
9673,low,2,7.0,18.0,9.0,A,8.5
9674,none,4,3.0,4.0,2.4,C,-100.0
9675,high,2,8.0,15.0,10.0,A,10.8
9676,medium,1,11.0,5.0,4.7,A,-13.6
9677,low,1,5.0,5.0,4.1,D,-15.9
9678,medium,1,10.0,21.0,8.2,C,5.9
9679,low,1,14.0,8.0,1.5,B,-100.0
9680,low,2,14.0,12.0,9.8,A,12.1
9681,none,0,8.0,12.0,1.9,A,-100.0
9682,low,3,8.0,16.0,9.1,C,6.4
9683,high,1,6.0,19.0,9.6,A,11.4
9684,low,5,12.0,9.0,8.6,A,-1.8
9685,,1,9.0,13.0,2.2,B,-100.0
9686,high,0,17.0,2.0,2.5,A,-100.0
9687,low,3,8.0,21.0,8.1,D,0.9
9688,medium,1,15.0,19.0,4.1,C,-17.2
9689,medium,0,5.0,9.0,8.7,B,11.5
9690,high,1,15.0,3.0,9.5,B,9.8
9691,medium,2,9.0,1.0,8.2,A,3.3
9692,high,2,1.0,10.0,8.9,C,5.4
9693,low,1,0.0,2.0,9.0,C,11.5
9694,high,0,18.0,6.0,5.1,A,-12.2
9695,medium,5,2.0,12.0,7.7,B,-6.1
9696,medium,0,22.0,4.0,3.0,A,-100.0
9697,low,1,6.0,24.0,8.1,B,6.2
9698,none,2,19.0,6.0,8.1,A,1.6
9699,low,1,11.0,5.0,7.4,A,1.6
9700,medium,1,1.0,4.0,1.4,C,-100.0
9701,medium,2,1.0,3.0,9.2,A,9.6
9702,low,0,9.0,4.0,2.3,A,-100.0
9703,low,2,1.0,9.0,8.6,A,6.8
9704,low,1,11.0,24.0,3.9,A,-17.4
9705,high,0,26.0,14.0,2.6,C,-100.0
9706,none,0,4.0,3.0,1.6,A,-100.0
9707,low,1,1.0,12.0,8.3,A,7.6
9708,low,1,0.0,0.0,2.3,C,-100.0
9709,low,0,9.0,15.0,5.3,A,-7.1
9710,low,1,5.0,30.0,8.3,A,7.4
9711,high,0,20.0,4.0,1.4,A,-100.0
9712,,1,11.0,1.0,3.7,B,-19.4
9713,low,3,4.0,14.0,3.7,B,-100.0
9714,medium,1,5.0,40.0,8.3,A,7.2
9715,medium,0,5.0,10.0,3.1,A,-19.2
9716,medium,2,6.0,7.0,3.2,A,-100.0
9717,high,3,10.0,14.0,8.3,C,-1.2
9718,none,1,11.0,8.0,9.3,A,11.5
9719,none,2,7.0,3.0,6.8,C,-4.4
9720,high,0,10.0,44.0,9.4,B,12.6
9721,medium,2,4.0,14.0,9.2,A,9.4
9722,high,0,9.0,13.0,8.9,B,9.6
9723,none,1,11.0,1.0,1.6,B,-100.0
9724,high,2,4.0,3.0,9.0,A,5.6
9725,medium,2,23.0,15.0,1.3,B,-100.0
9726,,2,3.0,3.0,7.0,A,-2.9
9727,none,0,10.0,16.0,3.5,C,-17.7
9728,none,1,3.0,4.0,8.9,A,10.1
9729,medium,1,30.0,11.0,8.3,A,4.4
9730,none,1,9.0,20.0,2.1,A,-100.0
9731,low,1,13.0,1.0,8.1,A,5.2
9732,high,3,14.0,0.0,7.0,A,-8.9
9733,low,2,15.0,0.0,5.8,A,-10.1
9734,high,1,17.0,11.0,2.1,C,-100.0
9735,medium,3,7.0,10.0,6.3,D,-9.4
9736,medium,4,17.0,11.0,9.7,C,5.9
9737,high,3,3.0,4.0,8.2,A,-1.2
9738,low,2,0.0,8.0,3.0,A,-100.0
9739,high,2,37.0,8.0,9.1,C,2.9
9740,high,3,2.0,4.0,4.3,A,-100.0
9741,medium,1,8.0,33.0,2.1,A,-100.0
9742,high,1,7.0,2.0,4.0,C,-19.7
9743,none,0,9.0,11.0,8.3,A,8.7
9744,none,2,5.0,3.0,9.0,A,7.9
9745,low,0,3.0,25.0,8.1,A,9.0
9746,high,0,7.0,4.0,1.1,C,-100.0
9747,medium,2,12.0,0.0,6.0,C,-9.1
9748,none,1,9.0,20.0,5.6,B,-8.5
9749,high,2,12.0,15.0,6.4,A,-9.4
9750,high,0,10.0,4.0,5.9,A,-7.0
9751,low,0,15.0,4.0,9.1,A,13.1
9752,none,0,4.0,2.0,2.6,A,-100.0
9753,high,4,1.0,7.0,1.3,A,-100.0
9754,low,1,16.0,10.0,8.9,A,9.4
9755,high,3,8.0,7.0,8.6,A,0.5
9756,medium,3,8.0,29.0,1.1,B,-100.0
9757,medium,3,25.0,6.0,9.9,A,8.6
9758,high,2,7.0,3.0,7.0,D,-5.7
9759,high,3,8.0,2.0,9.8,C,7.1
9760,high,0,9.0,22.0,8.1,A,5.4
9761,high,0,4.0,1.0,8.8,A,9.5
9762,low,3,13.0,28.0,9.2,B,6.5
9763,high,5,4.0,4.0,2.1,A,-100.0
9764,none,2,3.0,21.0,6.1,A,-7.7
9765,high,0,10.0,33.0,6.3,C,-4.6
9766,low,2,3.0,50.0,5.7,A,-9.0
9767,none,0,7.0,13.0,3.8,A,-15.8
9768,low,1,9.0,18.0,9.8,C,15.0
9769,medium,1,10.0,1.0,2.5,A,-100.0
9770,medium,0,4.0,19.0,2.6,B,-100.0
9771,low,0,9.0,7.0,8.8,B,12.0
9772,none,2,5.0,44.0,5.7,A,-9.8
9773,none,2,7.0,0.0,6.6,C,-5.5
9774,high,1,14.0,14.0,4.5,A,-17.5
9775,low,2,5.0,3.0,3.2,B,-100.0
9776,high,0,4.0,5.0,8.2,C,6.2
9777,medium,0,15.0,4.0,2.2,A,-100.0
9778,high,3,18.0,6.0,1.2,A,-100.0
9779,medium,0,4.0,7.0,3.5,A,-17.0
9780,low,1,4.0,3.0,8.7,A,9.5
9781,none,4,25.0,21.0,7.1,A,-9.4
9782,low,2,10.0,5.0,9.1,B,8.6
9783,high,2,8.0,0.0,7.8,A,-1.4
9784,medium,2,10.0,17.0,3.9,B,-100.0
9785,low,3,7.0,8.0,9.7,C,9.7
9786,none,1,3.0,16.0,7.2,B,0.8
9787,medium,1,3.0,14.0,8.3,A,7.1
9788,medium,2,15.0,37.0,4.5,D,-17.3
9789,medium,1,9.0,8.0,8.1,C,5.3
9790,medium,4,23.0,13.0,7.5,B,-6.8
9791,low,1,5.0,33.0,8.2,B,6.9
9792,none,2,11.0,16.0,6.0,C,-9.1
9793,high,4,9.0,14.0,9.9,A,5.2
9794,high,2,10.0,24.0,10.0,A,10.7
9795,low,2,22.0,18.0,1.7,A,-100.0
9796,low,2,2.0,7.0,2.6,A,-100.0
9797,high,1,2.0,9.0,9.4,C,10.6
9798,low,2,1.0,9.0,4.4,B,-16.3
9799,high,0,5.0,2.0,9.8,A,14.9
9800,medium,0,4.0,8.0,,D,
9801,high,0,3.0,5.0,5.4,B,-9.1
9802,low,2,15.0,12.0,8.6,C,5.4
9803,none,2,27.0,14.0,3.3,C,-100.0
9804,high,1,9.0,22.0,8.4,A,4.5
9805,high,4,18.0,4.0,4.6,A,-100.0
9806,none,3,2.0,49.0,8.7,A,4.5
9807,high,2,3.0,3.0,2.2,C,-100.0
9808,low,3,8.0,6.0,5.2,A,-15.2
9809,high,2,18.0,3.0,1.7,A,-100.0
9810,medium,2,9.0,10.0,7.6,D,0.1
9811,none,4,9.0,50.0,2.0,C,-100.0
9812,medium,4,16.0,5.0,9.4,A,4.3
9813,high,3,12.0,23.0,7.9,A,-3.5
9814,low,1,7.0,11.0,8.9,A,10.3
9815,medium,1,16.0,1.0,1.2,A,-100.0
9816,medium,2,11.0,5.0,7.1,C,-2.9
9817,none,2,21.0,36.0,2.9,A,-100.0
9818,low,2,10.0,9.0,3.1,B,-100.0
9819,low,2,10.0,34.0,2.8,A,-100.0
9820,high,1,5.0,6.0,4.4,A,-17.3
9821,high,3,25.0,9.0,8.1,B,-3.9
9822,low,1,3.0,7.0,3.9,A,-16.8
9823,low,3,7.0,11.0,9.0,B,5.9
9824,high,1,16.0,5.0,9.1,A,7.5
9825,low,1,18.0,12.0,3.4,A,-100.0
9826,high,1,16.0,7.0,8.2,A,2.5
9827,low,2,9.0,4.0,8.2,C,3.7
9828,medium,1,4.0,22.0,6.4,A,-3.4
9829,low,0,5.0,7.0,9.8,A,15.0
9830,low,0,7.0,5.0,3.0,A,-19.7
9831,medium,0,10.0,15.0,9.0,A,12.8
9832,low,0,26.0,14.0,5.5,C,-7.7
9833,,1,5.0,21.0,2.3,A,-100.0
9834,low,1,26.0,9.0,9.1,A,9.5
9835,medium,2,3.0,11.0,1.0,A,-100.0
9836,none,0,12.0,50.0,6.3,A,-2.2
9837,high,0,6.0,12.0,4.4,A,-14.8
9838,low,1,4.0,4.0,9.4,C,13.3
9839,low,0,7.0,1.0,10.0,A,15.0
9840,none,1,10.0,4.0,9.1,A,10.5
9841,none,0,5.0,27.0,8.8,D,12.0
9842,low,1,12.0,7.0,2.2,D,-100.0
9843,high,1,10.0,0.0,4.4,B,-17.8
9844,high,2,13.0,11.0,8.4,A,1.5
9845,high,2,6.0,4.0,9.5,C,8.2
9846,medium,0,9.0,5.0,3.8,A,-15.8
9847,,2,2.0,6.0,6.7,B,-4.4
9848,low,1,4.0,6.0,4.1,B,-15.8
9849,low,3,14.0,9.0,7.6,A,-2.5
9850,high,2,11.0,3.0,4.5,A,-19.8
9851,medium,2,1.0,5.0,7.3,C,-0.8
9852,low,1,16.0,29.0,4.8,A,-12.9
9853,high,1,5.0,17.0,8.1,A,3.2
9854,medium,2,5.0,26.0,8.5,C,5.6
9855,medium,2,8.0,7.0,9.6,A,11.2
9856,medium,0,3.0,0.0,8.3,A,9.5
9857,medium,0,18.0,11.0,9.1,A,12.5
9858,high,4,6.0,31.0,5.0,A,-100.0
9859,low,3,13.0,18.0,9.1,A,5.9
9860,high,0,15.0,3.0,9.1,A,10.1
9861,high,1,31.0,7.0,2.3,A,-100.0
9862,low,3,3.0,16.0,9.6,C,9.6
9863,high,2,5.0,25.0,5.7,A,-12.4
9864,none,2,5.0,10.0,3.5,A,-100.0
9865,high,0,12.0,5.0,2.6,A,-100.0
9866,high,0,21.0,37.0,9.8,A,13.6
9867,low,0,12.0,1.0,7.4,A,4.0
9868,low,2,9.0,4.0,9.5,C,10.9
9869,low,2,9.0,3.0,8.5,A,5.4
9870,high,3,2.0,5.0,9.7,C,7.2
9871,none,0,4.0,30.0,9.4,A,15.0
9872,medium,3,12.0,18.0,4.7,C,-18.6
9873,medium,0,13.0,0.0,5.6,D,-6.4
9874,low,2,14.0,15.0,9.3,A,9.4
9875,high,3,0.0,5.0,9.0,A,3.5
9876,,1,11.0,3.0,8.8,A,8.7
9877,low,2,10.0,25.0,1.4,A,-100.0
9878,medium,0,,2.0,3.6,C,
9879,low,0,6.0,3.0,2.4,A,-100.0
9880,none,1,10.0,27.0,8.2,A,5.7
9881,medium,0,21.0,10.0,2.2,A,-100.0
9882,low,1,8.0,1.0,3.7,A,-18.5
9883,medium,2,7.0,14.0,7.0,B,-3.0
9884,high,2,8.0,43.0,1.8,A,-100.0
9885,high,3,9.0,33.0,4.7,B,-100.0
9886,high,1,2.0,2.0,9.3,D,9.9
9887,high,0,12.0,1.0,6.3,A,-5.1
9888,medium,1,26.0,13.0,9.2,A,9.7
9889,low,0,17.0,10.0,8.9,A,11.8
9890,high,1,16.0,13.0,7.1,B,-3.4
9891,high,2,15.0,7.0,3.6,A,-100.0
9892,medium,0,25.0,5.0,9.9,B,15.0
9893,low,0,6.0,6.0,9.4,A,15.0
9894,none,5,7.0,5.0,4.7,A,-100.0
9895,high,0,7.0,42.0,9.4,A,12.9
9896,low,2,8.0,4.0,1.3,A,-100.0
9897,medium,1,5.0,11.0,8.6,A,8.5
9898,low,2,5.0,5.0,9.5,D,11.3
9899,medium,2,13.0,6.0,3.5,A,-100.0
9900,medium,1,3.0,26.0,9.0,C,11.1
9901,low,1,10.0,38.0,8.6,A,8.6
9902,medium,0,8.0,6.0,1.7,C,-100.0
9903,,2,9.0,46.0,4.2,A,-18.5
9904,none,1,6.0,45.0,4.5,A,-14.0
9905,medium,1,17.0,7.0,1.2,C,-100.0
9906,none,0,2.0,15.0,7.0,A,2.3
9907,high,2,33.0,11.0,7.3,C,-6.6
9908,none,4,8.0,12.0,6.1,A,-13.2
9909,low,3,4.0,12.0,3.8,A,-100.0
9910,high,1,11.0,3.0,3.1,A,-100.0
9911,high,2,15.0,23.0,1.5,D,-100.0
9912,high,1,8.0,28.0,6.7,A,-4.7
9913,low,2,3.0,2.0,9.0,A,8.7
9914,low,2,4.0,3.0,9.1,A,9.2
9915,high,0,14.0,29.0,6.6,A,-3.3
9916,low,0,15.0,2.0,5.4,C,-7.3
9917,high,0,7.0,17.0,6.3,A,-4.4
9918,medium,2,34.0,8.0,6.1,A,-10.7
9919,high,0,3.0,9.0,7.0,A,-0.2
9920,medium,1,13.0,14.0,7.9,D,3.9
9921,low,0,10.0,14.0,1.3,A,-100.0
9922,high,5,1.0,3.0,8.3,A,-5.4
9923,low,4,2.0,18.0,3.3,A,-100.0
9924,medium,3,10.0,7.0,1.7,C,-100.0
9925,medium,3,5.0,10.0,7.5,D,-2.6
9926,low,2,10.0,2.0,1.9,A,-100.0
9927,high,0,10.0,40.0,9.6,A,13.7
9928,high,1,11.0,10.0,6.1,A,-8.5
9929,low,0,6.0,23.0,8.6,A,11.4
9930,medium,1,17.0,21.0,8.4,A,6.3
9931,high,0,4.0,25.0,4.1,A,-16.1
9932,high,0,7.0,6.0,8.9,D,9.8
9933,low,1,15.0,20.0,3.2,A,-100.0
9934,medium,2,17.0,18.0,5.5,B,-12.2
9935,low,5,3.0,12.0,8.3,C,-2.5
9936,low,0,10.0,5.0,9.7,C,15.0
9937,medium,1,5.0,10.0,8.5,A,8.0
9938,low,3,5.0,10.0,8.6,A,3.9
9939,none,0,15.0,13.0,5.6,A,-6.7
9940,high,0,6.0,1.0,8.8,A,9.3
9941,low,2,8.0,10.0,2.7,A,-100.0
9942,medium,0,18.0,18.0,4.3,A,-13.9
9943,low,1,11.0,17.0,1.6,A,-100.0
9944,low,0,7.0,3.0,4.0,A,-14.2
9945,none,1,10.0,17.0,3.2,A,-100.0
9946,,2,7.0,0.0,2.4,A,-100.0
9947,medium,0,11.0,35.0,9.1,B,13.4
9948,low,0,3.0,3.0,8.3,B,9.9
9949,low,1,18.0,16.0,8.6,C,7.6
9950,high,3,4.0,8.0,1.8,A,-100.0
9951,medium,0,16.0,17.0,1.6,C,-100.0
9952,high,2,6.0,19.0,9.6,A,8.9
9953,none,4,8.0,2.0,8.2,A,-1.8
9954,high,0,7.0,21.0,3.3,A,-100.0
9955,medium,3,13.0,6.0,9.0,D,4.9
9956,medium,3,10.0,19.0,7.8,A,-1.3
9957,high,2,10.0,11.0,9.1,A,5.6
9958,medium,0,4.0,12.0,4.2,A,-13.1
9959,low,2,21.0,27.0,3.1,C,-100.0
9960,high,3,12.0,28.0,1.1,A,-100.0
9961,high,3,29.0,19.0,6.5,A,-13.0
9962,medium,1,18.0,2.0,3.0,A,-100.0
9963,high,1,6.0,1.0,5.3,A,-12.5
9964,medium,0,9.0,12.0,1.1,C,-100.0
9965,medium,1,10.0,32.0,6.3,B,-4.4
9966,medium,1,12.0,2.0,4.0,A,-17.6
9967,low,2,4.0,1.0,7.5,A,0.3
9968,,0,2.0,2.0,8.0,A,7.7
9969,medium,0,1.0,3.0,8.9,A,13.0
9970,high,1,7.0,1.0,3.5,A,-100.0
9971,medium,1,3.0,1.0,9.0,A,10.8
9972,low,2,10.0,49.0,8.9,A,7.9
9973,low,1,16.0,1.0,9.3,A,11.5
9974,none,3,1.0,41.0,,A,
9975,medium,0,9.0,22.0,1.4,A,-100.0
9976,high,1,10.0,0.0,4.2,A,-18.9
9977,medium,0,22.0,12.0,9.7,A,15.0
9978,medium,1,16.0,9.0,8.1,A,4.6
9979,none,2,4.0,42.0,2.1,A,-100.0
9980,none,1,10.0,6.0,3.7,A,-19.2
9981,,0,12.0,5.0,1.8,B,-100.0
9982,low,2,6.0,15.0,3.4,D,-100.0
9983,low,2,11.0,7.0,9.6,A,11.2
9984,low,1,8.0,5.0,6.0,B,-5.8
9985,medium,0,8.0,17.0,7.9,A,6.9
9986,medium,2,24.0,19.0,9.2,C,7.5
9987,low,1,9.0,10.0,8.3,A,6.8
9988,medium,1,13.0,4.0,9.2,A,10.9
9989,low,1,8.0,10.0,3.7,A,-18.4
9990,none,1,1.0,13.0,9.1,A,11.5
9991,low,1,4.0,0.0,8.3,B,7.2
9992,medium,0,9.0,3.0,8.0,A,7.2
9993,low,0,5.0,11.0,2.8,C,-100.0
9994,none,3,12.0,2.0,9.3,A,6.3
9995,medium,2,31.0,3.0,2.8,A,-100.0
9996,low,3,10.0,0.0,4.7,A,-18.2
9997,low,1,0.0,6.0,3.1,A,-100.0
9998,low,0,13.0,14.0,9.7,C,15.0
9999,low,3,9.0,50.0,8.9,A,5.5
10000,medium,3,3.0,7.0,,D,
10001,high,2,2.0,26.0,8.7,A,4.4
10002,medium,4,4.0,13.0,2.5,C,-100.0
10003,none,0,12.0,2.0,9.7,B,15.0
10004,low,4,5.0,44.0,8.7,C,2.3
10005,high,1,13.0,15.0,9.0,A,7.3
10006,high,3,21.0,16.0,9.9,A,6.5
10007,low,1,15.0,0.0,5.6,A,-8.7
10008,medium,0,12.0,4.0,6.9,A,0.9
10009,medium,3,1.0,5.0,9.6,B,9.3
10010,high,3,11.0,35.0,9.1,D,3.3
10011,low,1,6.0,1.0,9.0,A,10.9
10012,medium,4,40.0,14.0,8.5,A,-3.0
10013,medium,3,1.0,8.0,9.9,A,11.0
10014,medium,0,8.0,3.0,6.0,A,-3.7
10015,medium,3,9.0,13.0,2.4,A,-100.0
10016,medium,1,9.0,17.0,7.9,A,4.3
10017,low,0,2.0,17.0,6.5,C,0.2
10018,medium,2,8.0,8.0,3.1,A,-100.0
10019,low,0,12.0,12.0,5.6,B,-5.8
10020,medium,2,27.0,8.0,5.0,A,-16.0
10021,none,2,8.0,8.0,8.3,A,3.8
10022,medium,0,6.0,2.0,8.4,A,9.7
10023,low,2,6.0,14.0,6.0,B,-8.0
10024,medium,0,14.0,7.0,9.2,B,13.4
10025,low,3,4.0,8.0,1.6,A,-100.0
10026,low,0,14.0,12.0,8.9,A,12.1
10027,low,0,3.0,13.0,10.0,C,15.0
10028,high,3,9.0,18.0,8.2,A,-1.6
10029,low,1,9.0,18.0,9.6,A,14.1
10030,medium,0,2.0,8.0,9.5,A,15.0
10031,high,1,20.0,4.0,8.9,B,6.0
10032,medium,3,8.0,1.0,3.9,A,-100.0
10033,high,2,11.0,34.0,2.8,A,-100.0
10034,high,0,18.0,23.0,9.5,A,12.2
10035,none,1,18.0,28.0,6.0,A,-7.1
10036,medium,0,5.0,18.0,9.6,A,15.0
10037,medium,1,9.0,7.0,1.9,B,-100.0
10038,medium,4,8.0,17.0,9.9,A,7.9
10039,low,1,3.0,2.0,2.9,A,-100.0
10040,medium,3,8.0,1.0,7.6,C,-2.4
10041,low,1,2.0,0.0,8.4,D,8.0
10042,high,1,21.0,3.0,8.7,A,4.8
10043,medium,0,8.0,4.0,9.8,A,15.0
10044,high,2,8.0,1.0,1.7,A,-100.0
10045,medium,3,6.0,4.0,1.1,A,-100.0
10046,low,1,9.0,50.0,1.5,C,-100.0
10047,high,1,2.0,27.0,9.0,A,8.5
10048,high,3,4.0,19.0,5.7,B,-14.9
10049,low,0,6.0,14.0,1.5,A,-100.0
10050,low,0,7.0,12.0,6.4,A,-0.9
10051,none,3,10.0,9.0,9.4,A,7.2
10052,low,3,12.0,3.0,1.6,A,-100.0
10053,high,1,14.0,49.0,2.7,A,-100.0
10054,high,1,13.0,5.0,2.5,A,-100.0
10055,high,2,13.0,42.0,4.4,C,-100.0
10056,low,3,22.0,11.0,9.3,C,6.0
10057,low,1,7.0,12.0,4.8,A,-12.2
10058,high,1,4.0,37.0,8.8,A,7.3
10059,medium,2,19.0,10.0,2.9,A,-100.0
10060,medium,1,10.0,50.0,9.6,A,13.9
10061,high,2,24.0,4.0,2.3,C,-100.0
10062,none,2,14.0,4.0,4.1,A,-19.9
10063,none,0,13.0,3.0,8.5,A,9.4
10064,none,1,13.0,18.0,7.1,A,-0.7
10065,low,0,4.0,8.0,7.5,A,5.4
10066,high,1,1.0,11.0,9.1,A,9.0
10067,high,2,10.0,12.0,1.2,A,-100.0
10068,low,4,2.0,11.0,5.2,A,-17.0
10069,high,2,22.0,32.0,8.4,A,0.8
10070,medium,1,40.0,2.0,8.2,A,2.7
10071,medium,2,8.0,6.0,9.2,A,9.0
10072,medium,2,0.0,7.0,9.5,A,11.4
10073,none,1,7.0,1.0,9.2,A,11.3
10074,low,4,4.0,1.0,9.5,D,6.3
10075,high,0,11.0,1.0,9.3,A,11.5
10076,medium,1,23.0,10.0,1.0,A,-100.0
10077,medium,2,2.0,2.0,9.7,A,12.3
10078,low,1,19.0,3.0,7.2,B,-0.3
10079,none,1,22.0,32.0,9.1,A,9.5
10080,high,3,4.0,1.0,3.4,B,-100.0
10081,high,0,3.0,1.0,8.8,C,9.6
10082,medium,1,1.0,2.0,8.4,A,7.7
10083,low,3,7.0,19.0,1.2,A,-100.0
10084,high,2,19.0,9.0,2.2,B,-100.0
10085,medium,1,33.0,34.0,6.3,C,-6.7
10086,medium,2,6.0,7.0,9.1,A,8.6
10087,high,3,6.0,4.0,3.4,A,-100.0
10088,low,4,18.0,1.0,7.4,C,-6.6
10089,high,2,8.0,20.0,6.7,B,-7.3
10090,high,2,15.0,22.0,3.7,A,-100.0
10091,low,2,4.0,39.0,5.9,C,-8.1
10092,high,0,13.0,12.0,8.8,A,8.7
10093,medium,1,8.0,3.0,1.9,A,-100.0
10094,none,0,5.0,47.0,8.4,C,10.1
10095,low,2,20.0,22.0,9.8,C,11.6
10096,high,2,6.0,5.0,6.0,A,-11.1
10097,low,3,23.0,22.0,9.5,C,7.1
10098,high,2,11.0,2.0,2.7,A,-100.0
10099,low,1,4.0,16.0,4.8,B,-11.9
10100,low,1,2.0,3.0,9.8,C,15.0
10101,medium,1,21.0,26.0,1.8,A,-100.0
10102,low,3,9.0,14.0,5.1,A,-15.7
10103,none,2,16.0,9.0,9.8,C,11.3
10104,none,2,23.0,9.0,9.7,A,10.0
10105,low,1,10.0,15.0,3.6,A,-19.1
10106,medium,2,3.0,16.0,4.4,A,-16.8
10107,high,2,7.0,30.0,4.3,A,-100.0
10108,none,0,10.0,4.0,3.8,A,-16.2
10109,high,1,7.0,15.0,8.6,A,5.7
10110,medium,1,30.0,1.0,5.4,B,-11.7
10111,low,7,4.0,31.0,8.7,B,-5.3
10112,none,2,12.0,8.0,5.6,A,-11.4
10113,low,1,4.0,2.0,3.4,A,-19.7
10114,low,3,3.0,17.0,9.2,B,7.4
10115,high,0,5.0,4.0,7.3,C,1.2
10116,low,2,2.0,4.0,5.3,A,-11.5
10117,high,0,13.0,13.0,9.9,B,14.8
10118,low,1,14.0,4.0,9.9,A,15.0
10119,high,1,2.0,8.0,2.2,A,-100.0
10120,low,2,6.0,1.0,2.2,C,-100.0
10121,low,0,3.0,7.0,8.2,A,9.3
10122,low,1,10.0,48.0,5.6,A,-7.7
10123,high,0,3.0,17.0,5.6,A,-7.8
10124,none,1,21.0,9.0,3.8,C,-19.7
10125,high,2,2.0,8.0,2.0,A,-100.0
10126,low,2,0.0,18.0,8.1,A,4.2
10127,high,1,10.0,14.0,9.5,A,10.4
10128,,3,6.0,13.0,3.6,A,-100.0
10129,low,2,24.0,39.0,3.6,A,-100.0
10130,low,2,24.0,14.0,2.6,A,-100.0
10131,medium,1,21.0,28.0,7.7,A,2.1
10132,low,0,15.0,10.0,1.6,C,-100.0
10133,low,3,10.0,26.0,9.9,A,10.7
10134,,2,7.0,18.0,4.7,C,-15.8
10135,low,1,8.0,3.0,9.5,A,13.5
10136,low,0,17.0,4.0,8.4,D,9.0
10137,high,3,6.0,2.0,9.1,A,3.4
10138,medium,1,40.0,25.0,8.9,A,6.8
10139,high,2,20.0,2.0,6.0,A,-12.5
10140,none,2,12.0,1.0,7.7,C,0.0
10141,low,4,5.0,1.0,6.2,B,-11.9
10142,,1,10.0,1.0,9.8,A,14.3
10143,medium,1,12.0,14.0,6.3,B,-4.8
10144,medium,1,1.0,2.0,6.5,A,-2.7
10145,none,1,1.0,39.0,,D,
10146,low,0,6.0,1.0,1.5,A,-100.0
10147,high,1,11.0,37.0,3.5,A,-100.0
10148,none,3,5.0,12.0,4.7,A,-18.2
10149,none,1,1.0,4.0,7.9,A,4.8
10150,none,1,5.0,1.0,7.1,A,-0.1
10151,high,1,9.0,6.0,9.7,B,11.5
10152,high,2,6.0,6.0,7.8,A,-1.2
10153,none,0,9.0,30.0,3.8,D,-15.8
10154,high,2,6.0,35.0,2.3,A,-100.0
10155,low,2,7.0,2.0,9.8,A,12.7
10156,high,1,23.0,11.0,9.6,A,9.6
10157,low,1,6.0,1.0,2.2,C,-100.0
10158,none,0,3.0,15.0,8.1,B,8.3
10159,medium,1,14.0,2.0,2.9,A,-100.0
10160,medium,1,7.0,8.0,2.5,A,-100.0
10161,high,0,3.0,2.0,9.8,A,15.0
10162,none,2,6.0,13.0,2.0,C,-100.0
10163,high,0,15.0,4.0,5.1,A,-11.9
10164,low,2,10.0,3.0,2.4,A,-100.0
10165,low,2,3.0,19.0,3.2,D,-100.0
10166,low,1,2.0,27.0,5.8,A,-6.1
10167,medium,1,10.0,18.0,8.2,D,5.9
10168,none,2,6.0,14.0,4.6,B,-16.3
10169,,3,24.0,0.0,5.0,A,-18.5
10170,high,2,1.0,17.0,9.6,C,9.3
10171,high,1,10.0,1.0,1.4,A,-100.0
10172,low,2,22.0,0.0,6.1,B,-9.2
10173,low,2,12.0,21.0,8.8,A,6.9
10174,none,1,20.0,0.0,7.9,B,2.8
10175,low,2,10.0,4.0,5.4,A,-11.8
10176,high,1,10.0,26.0,8.4,A,4.4
10177,high,1,8.0,3.0,7.4,C,-1.1
10178,low,1,13.0,22.0,9.5,C,13.1
10179,high,3,11.0,4.0,8.5,A,-0.3
10180,high,3,5.0,5.0,4.6,B,-100.0
10181,medium,3,9.0,2.0,9.6,B,8.5
10182,low,0,29.0,4.0,2.5,C,-100.0
10183,medium,1,10.0,4.0,6.5,C,-3.6
10184,low,3,10.0,1.0,9.6,A,8.8
10185,low,2,6.0,16.0,3.1,A,-100.0
10186,medium,0,2.0,1.0,4.1,A,-13.5
10187,medium,1,,11.0,7.0,C,
10188,none,1,15.0,12.0,3.6,C,-100.0
10189,low,2,10.0,5.0,8.6,A,5.8
10190,none,1,18.0,25.0,9.8,A,13.7
10191,high,4,4.0,6.0,9.0,B,0.6
10192,high,4,8.0,12.0,4.2,A,-100.0
10193,high,1,7.0,3.0,5.1,B,-13.6
10194,high,2,6.0,0.0,1.2,A,-100.0
10195,medium,2,7.0,16.0,8.7,A,6.4
10196,low,2,11.0,2.0,5.1,B,-13.6
10197,medium,4,10.0,0.0,9.8,A,7.0
10198,none,1,3.0,26.0,7.7,B,3.7
10199,low,1,2.0,4.0,4.3,B,-14.5
10200,none,2,11.0,1.0,7.5,A,-1.0
10201,low,1,7.0,23.0,3.2,A,-100.0
10202,none,1,14.0,17.0,1.5,C,-100.0
10203,low,1,6.0,6.0,3.6,A,-18.8
10204,high,6,1.0,1.0,9.9,A,0.8
10205,low,1,21.0,19.0,7.3,C,0.2
10206,low,1,15.0,1.0,4.1,A,-17.0
10207,high,3,7.0,2.0,1.3,B,-100.0
10208,low,4,17.0,7.0,8.3,C,-1.5
10209,high,1,4.0,19.0,8.8,A,7.2
10210,medium,2,3.0,34.0,8.1,C,3.7
10211,none,0,17.0,25.0,8.5,C,9.2
10212,medium,2,9.0,19.0,8.4,A,4.6
10213,low,1,5.0,3.0,3.4,A,-19.8
10214,none,0,23.0,1.0,8.7,A,9.4
10215,none,5,8.0,7.0,10.0,A,5.6
10216,medium,1,9.0,4.0,9.2,A,11.3
10217,high,0,13.0,40.0,2.1,B,-100.0
10218,none,1,8.0,9.0,6.3,A,-4.7
10219,low,2,2.0,1.0,2.1,C,-100.0
10220,none,2,1.0,50.0,2.0,B,-100.0
10221,medium,0,11.0,3.0,7.0,B,1.5
10222,medium,0,15.0,22.0,5.1,A,-9.1
10223,medium,2,14.0,15.0,5.8,C,-10.2
10224,low,0,7.0,5.0,1.5,A,-100.0
10225,medium,1,11.0,27.0,3.4,C,-100.0
10226,low,4,13.0,4.0,9.0,A,2.7
10227,low,1,13.0,4.0,8.8,A,9.1
10228,low,2,8.0,4.0,1.3,A,-100.0
10229,medium,1,6.0,6.0,3.2,A,-100.0
10230,low,3,8.0,3.0,3.5,A,-100.0
10231,medium,1,19.0,24.0,2.7,B,-100.0
10232,high,1,23.0,1.0,8.8,A,5.1
10233,,1,7.0,24.0,6.7,A,-2.2
10234,none,1,16.0,0.0,9.8,A,13.7
10235,low,3,11.0,22.0,9.1,A,6.1
10236,medium,1,8.0,3.0,8.0,C,4.8
10237,high,2,1.0,6.0,9.0,B,5.9
10238,high,5,6.0,23.0,9.0,A,-1.9
10239,high,2,15.0,6.0,1.2,A,-100.0
10240,high,0,8.0,4.0,5.0,D,-11.8
10241,none,1,5.0,27.0,9.7,A,14.5
10242,medium,2,23.0,43.0,9.4,A,8.9
10243,medium,0,4.0,1.0,2.0,A,-100.0
10244,none,1,28.0,18.0,1.6,A,-100.0
10245,low,1,8.0,16.0,9.8,D,15.0
10246,high,3,2.0,9.0,8.6,D,1.2
10247,medium,1,10.0,4.0,9.5,A,12.9
10248,none,2,6.0,16.0,9.3,A,9.6
10249,high,1,26.0,37.0,9.3,A,7.9
10250,high,5,22.0,3.0,5.8,A,-100.0
10251,medium,1,10.0,10.0,4.2,A,-16.2
10252,medium,2,2.0,36.0,2.3,A,-100.0
10253,low,2,2.0,2.0,8.3,C,4.9
10254,high,0,5.0,7.0,7.7,A,3.4
10255,low,2,0.0,9.0,3.4,B,-100.0
10256,low,1,22.0,7.0,4.8,A,-13.8
10257,high,1,7.0,14.0,8.8,A,6.8
10258,high,2,7.0,14.0,9.9,C,10.4
10259,high,4,16.0,17.0,9.0,A,-0.5
10260,high,2,1.0,1.0,9.7,A,9.7
10261,high,1,14.0,2.0,2.2,A,-100.0
10262,high,2,3.0,18.0,4.6,D,-18.3
10263,low,0,6.0,6.0,9.1,D,14.0
10264,low,0,8.0,1.0,3.4,C,-17.6
10265,low,1,9.0,6.0,1.6,A,-100.0
10266,medium,3,5.0,12.0,3.6,A,-100.0
10267,none,1,6.0,2.0,9.8,A,14.7
10268,low,3,7.0,5.0,3.0,D,-100.0
10269,,2,15.0,1.0,8.9,A,6.3
10270,high,0,18.0,1.0,10.0,A,14.7
10271,none,1,10.0,20.0,4.7,D,-13.6
10272,medium,2,2.0,38.0,9.2,A,9.9
10273,medium,0,10.0,7.0,2.1,A,-100.0
10274,low,5,5.0,10.0,9.2,A,2.2
10275,high,1,27.0,0.0,7.3,A,-3.6
10276,low,0,19.0,11.0,9.1,A,12.7
10277,high,2,13.0,0.0,1.2,A,-100.0
10278,none,1,8.0,12.0,9.1,C,10.7
10279,medium,0,13.0,7.0,6.6,A,-0.8
10280,high,1,14.0,50.0,8.7,A,5.9
10281,high,2,3.0,1.0,8.7,B,4.0
10282,high,3,12.0,4.0,8.8,A,1.2
10283,high,2,8.0,45.0,2.7,C,-100.0
10284,high,2,4.0,14.0,6.2,C,-9.7
10285,low,1,16.0,12.0,2.9,C,-100.0
10286,high,2,18.0,7.0,8.6,C,2.1
10287,high,4,9.0,27.0,2.6,A,-100.0
10288,medium,3,9.0,6.0,7.1,A,-5.2
10289,low,3,16.0,29.0,9.2,B,6.3
10290,none,3,7.0,2.0,8.5,A,2.5
10291,medium,2,15.0,3.0,9.3,C,8.8
10292,high,1,8.0,5.0,8.9,A,7.2
10293,low,0,13.0,21.0,8.9,A,12.3
10294,high,0,21.0,12.0,9.4,D,11.2
10295,,4,10.0,10.0,6.4,A,-11.8
10296,low,0,10.0,18.0,2.7,B,-100.0
10297,low,2,7.0,1.0,1.0,A,-100.0
10298,none,2,25.0,41.0,9.5,A,9.0
10299,low,1,28.0,2.0,9.2,A,9.8
10300,high,0,22.0,25.0,7.5,A,0.8
10301,,4,7.0,2.0,2.1,C,-100.0
10302,medium,0,7.0,19.0,2.3,A,-100.0
10303,high,0,14.0,26.0,3.7,C,-19.3
10304,high,1,2.0,8.0,8.8,D,7.3
10305,none,1,3.0,7.0,9.9,D,15.0
10306,low,3,,25.0,2.0,C,
10307,none,3,9.0,19.0,9.4,A,7.4
10308,none,1,12.0,1.0,5.7,A,-8.5
10309,low,2,26.0,12.0,2.6,B,-100.0
10310,high,0,6.0,10.0,8.3,A,6.6
10311,high,3,5.0,8.0,3.3,A,-100.0
10312,low,1,7.0,34.0,9.1,A,11.7
10313,low,0,13.0,20.0,8.9,A,12.3
10314,medium,2,11.0,13.0,9.9,A,12.6
10315,high,0,1.0,5.0,5.4,A,-8.9
10316,high,1,18.0,16.0,1.6,A,-100.0
10317,high,2,6.0,1.0,1.5,A,-100.0
10318,none,1,,4.0,3.4,C,
10319,high,1,11.0,3.0,1.7,A,-100.0
10320,high,2,6.0,2.0,8.7,A,3.7
10321,high,2,23.0,14.0,9.4,C,6.0
10322,medium,1,16.0,1.0,2.5,C,-100.0
10323,high,1,9.0,30.0,9.1,A,8.4
10324,high,0,10.0,24.0,8.4,A,6.9
10325,medium,0,12.0,3.0,2.0,A,-100.0
10326,high,3,3.0,9.0,9.1,C,3.8
10327,high,2,7.0,4.0,1.4,A,-100.0
10328,high,3,22.0,18.0,8.1,A,-3.5
10329,high,2,12.0,36.0,1.6,A,-100.0
10330,low,1,7.0,2.0,8.9,D,10.2
10331,low,2,29.0,1.0,2.1,B,-100.0
10332,none,2,5.0,11.0,1.7,A,-100.0
10333,high,1,24.0,7.0,8.2,A,1.8
10334,low,3,5.0,3.0,3.1,C,-100.0
10335,medium,2,10.0,27.0,7.8,A,1.3
10336,high,0,12.0,9.0,3.2,A,-100.0
10337,high,1,5.0,20.0,9.9,C,13.1
10338,none,2,23.0,6.0,6.9,A,-5.4
10339,low,1,31.0,17.0,2.0,A,-100.0
10340,high,0,11.0,26.0,1.7,C,-100.0
10341,low,3,11.0,37.0,9.0,C,5.7
10342,medium,0,33.0,1.0,2.0,A,-100.0
10343,low,1,8.0,6.0,8.6,A,8.5
10344,medium,4,4.0,2.0,9.7,A,7.1
10345,high,1,9.0,23.0,9.3,D,9.5
10346,medium,3,8.0,2.0,7.1,A,-5.1
10347,low,4,6.0,2.0,4.2,A,-100.0
10348,low,1,12.0,6.0,5.8,A,-7.3
10349,none,1,6.0,28.0,1.5,A,-100.0
10350,none,1,29.0,9.0,8.8,C,7.0
10351,low,1,4.0,11.0,6.5,A,-2.6
10352,medium,0,7.0,1.0,8.1,A,8.0
10353,none,1,14.0,33.0,9.5,C,12.6
10354,medium,1,13.0,12.0,9.9,D,14.9
10355,low,1,15.0,16.0,7.8,A,3.5
10356,high,3,3.0,23.0,10.0,A,8.9
10357,high,0,4.0,33.0,7.0,A,-0.1
10358,low,2,5.0,12.0,4.7,A,-15.1
10359,low,0,13.0,1.0,1.4,B,-100.0
10360,low,1,2.0,0.0,,A,
10361,none,1,7.0,7.0,8.4,A,
10362,low,0,2.0,2.0,10.0,A,15.0
10363,high,1,17.0,21.0,5.1,A,-14.5
10364,medium,1,15.0,23.0,9.2,A,10.9
10365,medium,1,4.0,2.0,4.5,D,-14.0
10366,high,3,1.0,0.0,7.5,C,-4.9
10367,high,1,3.0,3.0,9.2,B,9.3
10368,high,0,11.0,50.0,2.6,C,-100.0
10369,low,1,24.0,9.0,1.6,A,-100.0
10370,none,2,16.0,12.0,8.3,A,3.1
10371,medium,1,5.0,5.0,4.3,A,-15.2
10372,none,1,13.0,2.0,7.3,A,0.2
10373,medium,3,36.0,3.0,9.6,B,5.8
10374,,0,8.0,8.0,10.0,D,15.0
10375,low,1,14.0,6.0,8.2,D,5.7
10376,none,3,2.0,1.0,1.7,A,-100.0
10377,low,2,10.0,8.0,8.2,C,3.6
10378,high,0,4.0,5.0,9.7,A,14.5
10379,none,4,13.0,12.0,3.0,A,-100.0
10380,medium,0,3.0,9.0,9.8,A,15.0
10381,low,3,17.0,22.0,8.8,A,3.9
10382,none,2,6.0,16.0,9.3,A,9.6
10383,medium,0,12.0,5.0,2.0,A,-100.0
10384,high,0,11.0,18.0,3.8,A,-18.5
10385,high,2,13.0,12.0,3.4,A,-100.0
10386,medium,2,14.0,13.0,2.4,A,-100.0
10387,medium,1,5.0,2.0,8.2,A,6.2
10388,high,0,15.0,17.0,8.9,A,9.1
10389,high,2,7.0,8.0,5.8,A,-12.2
10390,medium,3,4.0,5.0,8.2,A,1.3
10391,none,1,2.0,6.0,7.3,A,1.4
10392,high,0,9.0,7.0,1.4,D,-100.0
10393,low,1,8.0,2.0,8.8,A,9.6
10394,high,1,13.0,1.0,7.0,A,-3.8
10395,high,2,5.0,10.0,7.5,A,-2.7
10396,high,0,3.0,4.0,4.8,A,-12.4
10397,medium,3,14.0,25.0,6.1,A,-11.0
10398,medium,4,2.0,2.0,8.1,C,-1.5
10399,low,1,6.0,31.0,8.5,A,8.4
10400,medium,2,10.0,1.0,8.5,D,4.9
10401,high,3,12.0,5.0,9.7,A,6.2
10402,medium,1,5.0,23.0,9.8,A,15.0
10403,high,0,3.0,0.0,1.9,A,-100.0
10404,medium,1,36.0,10.0,6.4,C,-6.7
10405,medium,2,6.0,16.0,4.4,A,-17.1
10406,none,3,10.0,10.0,2.2,A,-100.0
10407,high,1,11.0,4.0,5.1,A,-14.0
10408,medium,0,9.0,1.0,7.1,C,
10409,medium,1,10.0,1.0,7.0,A,-0.9
10410,medium,1,13.0,30.0,7.3,A,0.7
10411,low,1,32.0,15.0,8.6,A,6.2
10412,high,2,9.0,10.0,9.7,A,9.0
10413,none,2,5.0,6.0,1.5,A,-100.0
10414,low,3,9.0,23.0,3.9,A,-100.0
10415,none,0,7.0,14.0,8.0,A,7.3
10416,medium,1,11.0,50.0,4.9,A,-12.1
10417,medium,1,28.0,6.0,9.2,A,9.5
10418,medium,1,8.0,7.0,8.4,A,7.1
10419,high,2,3.0,2.0,5.4,C,-14.1
10420,,1,15.0,19.0,3.0,A,-100.0
10421,low,2,33.0,6.0,8.6,A,3.5
10422,none,0,7.0,11.0,6.1,A,-3.2
10423,high,1,8.0,37.0,8.1,A,3.1
10424,none,1,26.0,6.0,4.4,A,-17.0
10425,high,0,23.0,12.0,3.9,A,-19.3
10426,high,0,10.0,4.0,4.0,B,-17.5
10427,low,1,2.0,10.0,3.6,A,-18.3
10428,medium,1,24.0,10.0,3.0,A,-100.0
10429,low,3,31.0,5.0,7.1,D,-7.0
10430,medium,1,7.0,20.0,7.8,A,4.0
10431,none,0,15.0,0.0,9.3,A,13.5
10432,low,3,14.0,6.0,8.3,A,1.3
10433,high,1,10.0,50.0,5.3,C,-12.4
10434,medium,2,7.0,17.0,9.1,A,8.6
10435,none,2,28.0,7.0,9.4,A,7.8
10436,high,3,10.0,9.0,9.4,A,4.8
10437,low,5,11.0,50.0,4.8,C,-100.0
10438,none,2,7.0,6.0,9.0,A,7.7
10439,none,2,3.0,9.0,9.5,A,10.9
10440,medium,0,12.0,22.0,8.1,A,7.7
10441,high,1,2.0,12.0,3.8,C,-100.0
10442,medium,2,7.0,8.0,1.9,C,-100.0
10443,high,0,4.0,2.0,9.8,A,15.0
10444,high,2,4.0,30.0,9.6,A,9.2
10445,low,1,11.0,37.0,2.9,A,-100.0
10446,high,2,25.0,8.0,1.5,B,-100.0
10447,none,0,4.0,7.0,8.1,C,8.1
10448,high,0,7.0,6.0,9.4,C,12.5
10449,none,1,11.0,5.0,2.8,A,-100.0
10450,medium,3,8.0,11.0,8.3,A,1.6
10451,high,2,20.0,17.0,6.3,A,-10.7
10452,low,0,8.0,3.0,5.2,C,-7.7
10453,high,1,12.0,0.0,7.1,A,-3.2
10454,low,1,33.0,13.0,3.8,B,-100.0
10455,high,4,8.0,4.0,9.0,B,0.2
10456,none,0,24.0,2.0,7.6,A,3.3
10457,none,1,20.0,27.0,8.4,A,5.9
10458,high,1,3.0,7.0,2.4,C,-100.0
10459,high,2,11.0,22.0,5.5,B,-14.2
10460,low,1,12.0,14.0,8.7,A,8.8
10461,medium,5,,31.0,6.0,C,
10462,none,1,7.0,5.0,9.7,C,14.1
10463,low,0,9.0,16.0,8.3,C,9.4
10464,none,0,13.0,11.0,2.6,A,-100.0
10465,high,1,5.0,27.0,1.0,B,-100.0
10466,low,1,29.0,12.0,8.6,A,6.5
10467,medium,0,3.0,30.0,9.4,A,15.0
10468,medium,1,6.0,1.0,4.6,A,-13.7
10469,medium,3,11.0,15.0,7.8,A,-1.5
10470,none,1,3.0,12.0,7.7,A,3.5
10471,high,0,11.0,5.0,2.6,A,-100.0
10472,low,0,6.0,36.0,3.1,A,-18.7
10473,low,1,5.0,4.0,7.0,A,0.0
10474,low,0,27.0,21.0,4.8,A,-11.6
10475,medium,1,10.0,20.0,8.5,A,7.6
10476,none,0,7.0,0.0,1.7,A,-100.0
10477,medium,2,1.0,5.0,8.7,A,6.9
10478,low,2,11.0,7.0,8.0,D,2.4
10479,,1,9.0,2.0,1.3,C,-100.0
10480,high,2,4.0,13.0,3.4,C,-100.0
10481,high,1,13.0,12.0,2.0,A,-100.0
10482,low,3,32.0,2.0,4.4,A,-100.0
10483,high,1,12.0,8.0,1.3,B,-100.0
10484,medium,2,3.0,3.0,9.7,A,12.2
10485,medium,1,16.0,13.0,5.5,A,-9.6
10486,low,1,15.0,14.0,8.3,A,6.3
10487,high,2,5.0,38.0,9.8,C,10.3
10488,medium,2,1.0,11.0,2.4,A,-100.0
10489,low,0,9.0,44.0,6.2,B,-1.9
10490,low,3,6.0,37.0,3.0,D,-100.0
10491,none,4,6.0,27.0,8.3,C,-0.8
10492,high,0,15.0,36.0,9.8,C,14.2
10493,high,1,4.0,9.0,7.9,C,2.1
10494,high,2,5.0,6.0,2.3,A,-100.0
10495,medium,0,23.0,50.0,9.2,A,12.9
10496,low,1,12.0,8.0,5.9,A,-6.7
10497,high,0,11.0,2.0,6.1,A,-6.1
10498,low,1,12.0,1.0,9.5,A,13.0
10499,none,3,6.0,36.0,5.3,A,-14.7
10500,medium,3,,25.0,3.2,C,
10501,,0,8.0,3.0,8.7,B,11.0
10502,,1,2.0,5.0,3.6,B,-19.0
10503,low,3,9.0,18.0,9.3,A,7.4
10504,low,2,10.0,2.0,1.2,A,-100.0
10505,low,2,6.0,50.0,9.8,A,13.3
10506,low,3,12.0,16.0,7.0,A,-5.6
10507,,1,14.0,22.0,4.0,B,-17.8
10508,high,2,2.0,8.0,9.8,A,10.2
10509,medium,2,14.0,0.0,3.9,C,-100.0
10510,low,1,18.0,9.0,1.9,C,-100.0
10511,none,5,7.0,16.0,7.3,A,-9.0
10512,low,2,5.0,6.0,8.8,A,7.4
10513,low,0,7.0,31.0,8.6,C,11.4
10514,high,0,4.0,10.0,3.3,A,-100.0
10515,high,1,22.0,13.0,8.1,A,1.5
10516,medium,5,12.0,24.0,9.1,A,0.7
10517,medium,1,12.0,1.0,9.5,A,12.7
10518,high,3,3.0,1.0,6.4,A,-11.1
10519,low,2,14.0,1.0,6.7,A,-5.1
10520,low,0,10.0,23.0,3.3,A,-18.1
10521,low,0,4.0,20.0,7.0,C,2.8
10522,high,2,10.0,18.0,8.9,A,4.6
10523,low,0,13.0,6.0,3.3,A,-18.6
10524,medium,0,10.0,20.0,6.2,B,-2.6
10525,medium,1,4.0,17.0,9.8,A,15.0
10526,medium,0,18.0,14.0,8.2,C,7.5
10527,high,2,6.0,2.0,9.3,D,7.0
10528,high,2,40.0,8.0,4.2,C,-100.0
10529,none,0,11.0,1.0,3.9,C,-15.8
10530,medium,1,5.0,29.0,5.4,A,-8.9
10531,medium,2,8.0,11.0,6.0,A,-8.6
10532,low,0,7.0,4.0,1.7,A,-100.0
10533,none,1,5.0,2.0,8.6,A,8.2
10534,high,2,11.0,19.0,4.1,A,-100.0
10535,medium,2,16.0,3.0,9.3,A,8.7
10536,none,2,18.0,4.0,2.2,C,-100.0
10537,high,1,1.0,1.0,1.2,A,-100.0
10538,low,2,12.0,2.0,9.2,B,8.9
10539,high,2,14.0,0.0,5.4,A,-15.2
10540,low,1,11.0,3.0,4.8,A,-12.7
10541,none,0,6.0,6.0,9.4,A,15.0
10542,low,2,22.0,3.0,8.7,A,5.2
10543,high,1,29.0,19.0,9.7,C,9.6
10544,none,1,12.0,50.0,9.3,A,11.8
10545,none,0,9.0,2.0,1.3,A,-100.0
10546,medium,2,3.0,7.0,8.2,A,4.0
10547,high,2,15.0,15.0,1.0,A,-100.0
10548,high,0,19.0,26.0,2.0,A,-100.0
10549,low,3,2.0,16.0,8.3,A,2.6
10550,low,2,17.0,6.0,6.6,C,-5.9
10551,high,4,13.0,2.0,9.4,A,1.9
10552,low,2,7.0,2.0,8.9,C,7.7
10553,,2,10.0,13.0,5.3,A,-12.8
10554,high,0,1.0,8.0,2.2,D,-100.0
10555,low,0,6.0,2.0,7.7,A,6.2
10556,low,2,6.0,3.0,8.3,A,4.6
10557,low,1,1.0,0.0,3.6,A,-18.3
10558,none,2,6.0,2.0,4.6,A,-16.4
10559,medium,1,17.0,4.0,8.6,D,7.2
10560,high,1,18.0,30.0,3.0,A,-100.0
10561,low,0,11.0,17.0,2.4,A,-100.0
10562,low,0,11.0,2.0,8.5,C,10.1
10563,high,2,3.0,50.0,6.9,C,-5.4
10564,medium,3,12.0,2.0,6.0,B,-11.6
10565,low,0,19.0,6.0,6.3,C,-2.7
10566,low,5,13.0,16.0,9.4,A,2.5
10567,low,1,4.0,31.0,5.7,A,-6.8
10568,none,1,13.0,6.0,2.3,A,-100.0
10569,high,0,4.0,11.0,5.2,C,-10.2
10570,medium,1,1.0,2.0,8.8,A,9.9
10571,none,2,0.0,20.0,1.2,A,-100.0
10572,high,1,3.0,4.0,3.5,A,-100.0
10573,high,1,3.0,15.0,4.5,C,-16.4
10574,low,1,16.0,13.0,8.1,A,5.1
10575,medium,3,13.0,2.0,6.9,A,-6.7
10576,medium,3,11.0,10.0,3.7,A,-100.0
10577,high,1,2.0,50.0,1.1,C,-100.0
10578,high,2,3.0,15.0,3.2,A,-100.0
10579,high,1,4.0,49.0,1.8,A,-100.0
10580,medium,2,20.0,3.0,4.3,A,-19.2
10581,low,1,22.0,2.0,3.4,A,-100.0
10582,high,2,16.0,8.0,2.1,B,-100.0
10583,low,1,4.0,3.0,3.1,A,-100.0
10584,medium,0,14.0,8.0,4.3,A,-13.6
10585,medium,1,0.0,30.0,8.2,A,7.0
10586,none,1,1.0,21.0,9.9,C,15.0
10587,high,5,6.0,3.0,2.1,A,-100.0
10588,high,1,6.0,8.0,8.5,A,5.2
10589,none,1,13.0,2.0,3.8,C,-19.0
10590,medium,1,7.0,2.0,2.1,A,-100.0
10591,high,1,6.0,8.0,6.9,A,-3.6
10592,medium,1,8.0,4.0,6.8,A,-1.8
10593,,2,14.0,0.0,5.7,B,-11.2
10594,high,1,9.0,5.0,1.2,C,-100.0
10595,medium,1,3.0,19.0,8.1,C,6.0
10596,high,1,9.0,1.0,4.6,A,-16.6
10597,low,1,5.0,13.0,2.2,B,-100.0
10598,high,1,25.0,8.0,8.6,A,3.9
10599,high,1,21.0,15.0,5.3,B,-13.8
10600,high,1,3.0,1.0,8.0,C,2.7
10601,low,4,2.0,4.0,8.4,D,0.5
10602,medium,1,10.0,18.0,8.4,A,7.0
10603,high,2,,2.0,7.4,C,
10604,high,3,8.0,1.0,5.5,C,-16.6
10605,high,1,,12.0,8.3,C,
10606,low,1,11.0,6.0,9.4,A,12.6
10607,high,2,1.0,28.0,9.8,A,10.6
10608,low,0,8.0,46.0,9.6,D,15.0
10609,medium,2,1.0,15.0,2.8,A,-100.0
10610,medium,1,7.0,16.0,8.6,C,8.4
10611,high,4,2.0,5.0,7.6,A,-6.9
10612,high,0,7.0,13.0,8.7,A,8.8
10613,high,3,2.0,6.0,9.4,A,5.5
10614,high,2,8.0,21.0,9.0,D,5.4
10615,medium,2,1.0,21.0,,A,
10616,low,0,3.0,2.0,9.0,A,13.7
10617,high,0,18.0,14.0,5.3,A,-11.0
10618,medium,2,20.0,20.0,3.6,A,-100.0
10619,none,2,8.0,5.0,1.4,A,-100.0
10620,medium,5,5.0,6.0,2.3,B,-100.0
10621,high,3,3.0,2.0,6.8,A,-8.9
10622,high,0,8.0,6.0,6.9,A,-1.3
10623,medium,1,2.0,6.0,2.9,B,-100.0
10624,low,0,18.0,12.0,2.6,A,-100.0
10625,none,3,7.0,2.0,2.0,A,-100.0
10626,medium,0,3.0,5.0,1.3,C,-100.0
10627,low,2,8.0,50.0,2.8,B,-100.0
10628,high,1,8.0,12.0,1.1,C,-100.0
10629,none,2,4.0,16.0,3.8,A,-100.0
10630,high,0,17.0,1.0,7.4,C,0.5
10631,low,0,14.0,30.0,3.0,A,-100.0
10632,low,1,1.0,2.0,9.2,A,12.5
10633,high,3,13.0,0.0,5.9,C,-14.9
10634,medium,0,19.0,42.0,1.2,A,-100.0
10635,high,4,4.0,11.0,9.7,A,4.5
10636,high,2,4.0,16.0,1.7,C,-100.0
10637,none,0,,11.0,3.8,C,
10638,low,1,6.0,6.0,4.6,C,-13.3
10639,low,2,8.0,1.0,5.3,D,-12.2
10640,low,2,2.0,21.0,8.3,A,5.1
10641,high,1,16.0,5.0,3.3,C,-100.0
10642,medium,3,4.0,10.0,9.1,A,6.3
10643,medium,2,7.0,21.0,3.7,A,-100.0
10644,medium,0,8.0,13.0,9.5,C,15.0
10645,low,1,19.0,4.0,8.4,A,6.3
10646,high,0,3.0,0.0,4.2,A,-15.7
10647,medium,1,9.0,41.0,6.6,B,-2.6
10648,medium,2,10.0,2.0,8.7,A,6.0
10649,low,0,12.0,4.0,5.2,A,-8.1
10650,low,2,7.0,25.0,9.8,A,12.9
10651,low,2,17.0,9.0,8.5,A,4.6
10652,none,2,24.0,4.0,8.8,A,4.9
10653,low,1,11.0,15.0,7.0,A,-0.5
10654,none,0,8.0,29.0,9.0,A,12.9
10655,low,1,27.0,6.0,9.9,A,13.8
10656,high,0,11.0,17.0,9.3,A,11.7
10657,high,5,18.0,19.0,8.4,A,-6.4
10658,high,0,13.0,2.0,8.9,A,9.1
10659,none,2,25.0,6.0,2.0,A,-100.0
10660,low,2,1.0,15.0,2.1,A,-100.0
10661,high,1,5.0,3.0,9.7,A,11.8
10662,low,0,13.0,2.0,3.2,C,-19.2
10663,medium,0,10.0,7.0,8.5,C,9.9
10664,none,2,9.0,26.0,7.5,C,-0.5
10665,high,3,19.0,15.0,8.1,A,-3.2
10666,low,3,6.0,2.0,1.5,A,-100.0
10667,low,0,8.0,14.0,1.6,C,-100.0
10668,low,1,7.0,2.0,1.1,A,-100.0
10669,low,2,4.0,5.0,2.3,A,-100.0
10670,high,3,8.0,0.0,8.6,A,0.5
10671,low,0,1.0,9.0,2.5,A,-100.0
10672,medium,1,3.0,34.0,9.6,C,14.4
10673,medium,2,13.0,2.0,7.0,C,-3.7
10674,medium,2,8.0,0.0,7.2,A,-2.1
10675,high,2,5.0,7.0,1.4,A,-100.0
10676,low,3,9.0,10.0,3.1,D,-100.0
10677,high,2,3.0,1.0,5.7,A,-12.5
10678,medium,4,24.0,3.0,1.9,A,-100.0
10679,medium,2,3.0,2.0,2.1,A,-100.0
10680,high,3,,12.0,2.5,C,
10681,medium,0,2.0,17.0,4.6,A,-10.6
10682,none,1,21.0,16.0,9.1,A,9.5
10683,high,0,4.0,6.0,9.4,C,12.8
10684,low,3,9.0,2.0,9.9,A,10.5
10685,none,4,7.0,10.0,3.1,A,-100.0
10686,high,1,3.0,0.0,8.6,C,6.0
10687,none,2,12.0,9.0,4.9,A,-15.3
10688,none,1,7.0,2.0,9.7,A,14.0
10689,medium,2,19.0,3.0,7.4,A,-2.1
10690,high,2,6.0,20.0,2.0,C,-100.0
10691,none,0,6.0,2.0,1.8,C,-100.0
10692,low,1,21.0,1.0,3.9,A,-18.7
10693,high,2,13.0,19.0,2.0,C,-100.0
10694,none,1,11.0,22.0,9.9,A,14.9
10695,none,1,9.0,18.0,2.1,A,-100.0
10696,none,0,1.0,16.0,8.4,A,10.1
10697,low,1,6.0,14.0,2.3,D,-100.0
10698,high,2,17.0,21.0,9.0,A,4.5
10699,high,0,6.0,2.0,4.1,C,-16.6
10700,medium,1,29.0,30.0,3.1,D,-100.0
10701,low,1,2.0,11.0,1.2,A,-100.0
10702,high,1,11.0,3.0,5.4,A,-12.4
10703,high,3,9.0,8.0,8.7,A,1.0
10704,low,3,2.0,10.0,9.3,D,8.0
10705,high,0,2.0,4.0,3.1,A,-100.0
10706,none,2,12.0,2.0,8.6,A,5.0
10707,high,0,5.0,4.0,7.1,A,0.1
10708,medium,0,5.0,9.0,6.8,A,1.1
10709,low,0,5.0,16.0,8.4,A,10.3
10710,low,3,8.0,2.0,8.8,B,4.6
10711,low,2,5.0,1.0,3.2,A,-100.0
10712,high,0,5.0,34.0,4.4,A,
10713,medium,5,15.0,22.0,2.1,C,-100.0
10714,high,2,16.0,21.0,8.9,A,4.0
10715,high,0,20.0,22.0,9.8,A,13.6
10716,high,3,8.0,14.0,2.3,A,-100.0
10717,none,1,9.0,23.0,6.1,B,-5.8
10718,none,1,2.0,0.0,6.7,A,-2.0
10719,high,2,8.0,2.0,5.9,C,-11.9
10720,high,1,15.0,9.0,9.1,A,7.6
10721,medium,3,14.0,21.0,9.6,A,8.2
10722,none,5,25.0,0.0,7.1,A,-12.1
10723,medium,3,8.0,6.0,6.8,A,-6.7
10724,low,4,17.0,21.0,3.9,C,-100.0
10725,high,0,7.0,17.0,8.7,A,8.8
10726,medium,0,4.0,24.0,4.1,D,-13.5
10727,high,1,10.0,9.0,3.3,A,-100.0
10728,low,0,5.0,50.0,3.4,D,-16.8
10729,low,3,3.0,21.0,1.6,B,-100.0
10730,high,0,4.0,1.0,8.4,A,7.3
10731,medium,1,12.0,10.0,8.5,B,7.2
10732,high,2,9.0,4.0,6.3,C,-9.7
10733,none,3,9.0,6.0,3.4,C,-100.0
10734,low,1,8.0,1.0,2.4,A,-100.0
10735,medium,3,21.0,20.0,9.0,A,4.2
10736,none,0,4.0,50.0,8.1,A,8.5
10737,low,1,8.0,3.0,6.2,B,-4.7
10738,low,1,6.0,26.0,1.9,C,-100.0
10739,low,1,4.0,5.0,9.0,A,11.1
10740,none,1,9.0,26.0,6.8,A,-1.9
10741,high,2,10.0,4.0,1.4,A,-100.0
10742,medium,0,5.0,19.0,9.1,A,13.8
10743,medium,1,7.0,11.0,9.4,C,12.7
10744,medium,0,8.0,8.0,7.2,D,3.0
10745,none,1,6.0,2.0,9.9,D,15.0
10746,high,1,8.0,8.0,8.1,A,2.8
10747,low,0,13.0,9.0,6.0,A,-3.7
10748,none,3,16.0,1.0,3.5,A,-100.0
10749,high,3,7.0,36.0,9.5,A,5.9
10750,none,0,8.0,6.0,9.7,C,15.0
10751,none,1,4.0,6.0,3.5,A,-19.7
10752,medium,1,4.0,5.0,8.1,A,5.8
10753,none,0,8.0,2.0,6.7,A,-0.1
10754,low,4,4.0,49.0,7.4,A,-4.7
10755,none,1,9.0,21.0,4.2,A,-16.2
10756,high,1,9.0,6.0,8.7,A,6.0
10757,high,1,23.0,4.0,2.2,A,-100.0
10758,high,2,13.0,20.0,2.7,A,-100.0
10759,low,0,8.0,8.0,8.9,C,12.7
10760,none,3,8.0,6.0,5.3,A,-15.2
10761,high,0,3.0,14.0,6.9,A,-0.7
10762,high,3,3.0,43.0,9.3,C,5.3
10763,,0,1.0,6.0,6.3,A,-1.5
10764,low,0,6.0,3.0,10.0,A,15.0
10765,low,2,6.0,4.0,9.2,C,9.5
10766,high,0,5.0,14.0,2.7,A,-100.0
10767,high,3,15.0,2.0,4.2,A,-100.0
10768,high,1,20.0,7.0,5.5,A,-12.7
10769,none,1,6.0,6.0,3.2,A,-100.0
10770,none,0,14.0,3.0,9.0,C,12.0
10771,none,1,2.0,10.0,3.0,C,-100.0
10772,high,0,13.0,9.0,4.9,C,-12.8
10773,low,1,8.0,14.0,8.3,A,7.0
10774,,0,2.0,42.0,5.9,A,-3.5
10775,medium,1,26.0,10.0,5.8,C,-9.0
10776,high,1,7.0,5.0,7.4,C,-1.0
10777,high,2,3.0,12.0,9.2,B,6.9
10778,low,2,6.0,7.0,6.1,A,-7.5
10779,medium,0,20.0,4.0,9.6,A,14.9
10780,low,1,7.0,6.0,3.9,B,-17.2
10781,none,2,2.0,16.0,,A,
10782,high,2,2.0,3.0,4.1,A,-100.0
10783,high,5,8.0,10.0,8.6,D,-4.4
10784,medium,2,21.0,8.0,8.6,A,4.4
10785,none,1,16.0,38.0,9.8,A,14.1
10786,medium,1,7.0,4.0,1.4,C,-100.0
10787,medium,0,20.0,8.0,2.6,A,-100.0
10788,none,3,19.0,2.0,5.0,A,-18.0
10789,medium,1,5.0,22.0,3.3,A,-100.0
10790,low,1,7.0,19.0,9.8,C,15.0
10791,low,2,12.0,15.0,8.2,A,3.5
10792,low,0,19.0,10.0,8.5,A,9.4
10793,high,1,2.0,8.0,3.8,C,-100.0
10794,low,1,17.0,6.0,2.0,B,-100.0
10795,,1,11.0,3.0,4.3,C,-16.0
10796,low,3,4.0,17.0,5.2,A,-14.7
10797,medium,1,14.0,2.0,9.7,C,13.6
10798,medium,0,5.0,2.0,2.1,D,-100.0
10799,high,3,1.0,24.0,7.9,A,-2.4
10800,low,1,8.0,25.0,1.5,B,-100.0
10801,low,2,28.0,2.0,5.8,A,-11.4
10802,low,3,15.0,2.0,1.3,B,-100.0
10803,none,1,5.0,31.0,9.1,B,11.2
10804,medium,1,2.0,27.0,7.3,C,1.8
10805,low,2,10.0,5.0,9.4,A,10.2
10806,low,4,14.0,10.0,3.2,A,-100.0
10807,medium,1,9.0,0.0,7.2,A,0.3
10808,none,1,4.0,9.0,1.2,C,-100.0
10809,low,3,2.0,0.0,8.4,A,3.0
10810,medium,2,5.0,44.0,9.6,B,11.8
10811,low,0,4.0,46.0,5.3,A,-6.3
10812,low,1,4.0,50.0,8.9,C,11.0
10813,low,1,10.0,1.0,2.0,C,-100.0
10814,none,1,8.0,15.0,8.6,A,8.0
10815,none,1,1.0,5.0,9.5,A,13.6
10816,none,3,10.0,4.0,3.9,C,-100.0
10817,medium,0,6.0,12.0,9.7,A,15.0
10818,high,1,11.0,13.0,9.4,A,9.7
10819,none,0,18.0,18.0,6.8,A,-0.3
10820,high,1,16.0,25.0,2.5,A,-100.0
10821,medium,2,9.0,8.0,4.2,D,-18.6
10822,none,2,3.0,1.0,3.3,A,-100.0
10823,none,1,15.0,0.0,9.7,B,13.2
10824,high,1,5.0,21.0,6.7,B,-4.5
10825,high,1,8.0,4.0,8.1,B,2.8
10826,medium,2,10.0,28.0,6.4,A,-6.4
10827,high,0,3.0,9.0,3.1,A,-100.0
10828,high,1,8.0,1.0,9.8,A,12.1
10829,high,3,2.0,3.0,9.9,A,8.2
10830,none,1,9.0,2.0,9.0,A,10.0
10831,high,0,7.0,5.0,4.8,A,-12.8
10832,none,4,16.0,19.0,8.7,B,0.3
10833,none,5,12.0,3.0,9.9,A,4.7
10834,low,1,2.0,9.0,8.5,A,8.6
10835,high,1,20.0,49.0,8.4,A,3.7
10836,high,0,2.0,2.0,8.5,A,8.0
10837,none,2,11.0,21.0,6.2,C,-7.9
10838,high,2,13.0,1.0,4.8,A,-18.4
10839,low,0,6.0,18.0,8.5,A,10.8
10840,low,1,8.0,24.0,3.1,A,-100.0
10841,,2,17.0,20.0,5.1,A,-14.6
10842,low,1,11.0,3.0,9.8,A,14.8
10843,low,1,2.0,5.0,1.6,D,-100.0
10844,low,3,15.0,50.0,8.8,A,4.4
10845,medium,0,5.0,14.0,3.3,C,-18.1
10846,medium,0,10.0,15.0,9.8,B,15.0
10847,medium,2,15.0,7.0,2.7,A,-100.0
10848,high,2,2.0,40.0,5.8,A,-11.4
10849,medium,1,9.0,46.0,5.3,A,-9.7
10850,high,2,8.0,3.0,3.6,A,-100.0
10851,none,1,4.0,12.0,9.2,D,11.7
10852,medium,1,5.0,15.0,5.6,C,-8.0
10853,none,1,2.0,27.0,8.8,A,9.8
10854,medium,2,14.0,6.0,2.6,A,-100.0
10855,none,0,7.0,8.0,9.5,A,15.0
10856,low,2,5.0,8.0,1.7,A,-100.0
10857,medium,5,17.0,6.0,5.6,A,-19.2
10858,low,1,9.0,10.0,9.6,A,14.0
10859,high,3,4.0,50.0,3.2,A,-100.0
10860,none,4,9.0,16.0,2.0,A,-100.0
10861,none,2,19.0,18.0,5.2,A,-14.2
10862,none,1,4.0,7.0,8.9,A,10.0
10863,medium,0,7.0,36.0,9.4,A,15.0
10864,low,2,17.0,6.0,4.7,A,-16.3
10865,high,3,7.0,0.0,2.9,A,-100.0
10866,low,1,17.0,0.0,6.8,A,-2.3
10867,,1,7.0,13.0,6.4,D,-4.0
10868,none,4,3.0,16.0,2.9,A,-100.0
10869,medium,0,4.0,8.0,6.8,D,1.2
10870,none,0,10.0,2.0,4.7,A,-11.3
10871,low,3,17.0,0.0,3.6,A,-100.0
10872,medium,0,7.0,12.0,6.2,A,-2.4
10873,low,2,6.0,2.0,2.5,B,-100.0
10874,medium,1,3.0,0.0,6.1,B,-5.2
10875,low,1,28.0,18.0,9.5,A,11.6
10876,medium,0,22.0,5.0,9.8,A,15.0
10877,low,1,12.0,14.0,2.9,A,-100.0
10878,low,2,8.0,18.0,7.7,A,1.2
10879,high,2,4.0,0.0,9.8,A,10.0
10880,high,1,5.0,3.0,6.9,B,-3.5
10881,high,0,22.0,39.0,8.1,C,4.2
10882,high,2,6.0,8.0,3.6,A,-100.0
10883,,4,4.0,19.0,4.2,A,-100.0
10884,low,2,24.0,4.0,7.6,A,-1.1
10885,low,3,2.0,3.0,2.8,D,-100.0
10886,low,0,17.0,11.0,8.4,B,9.1
10887,low,2,1.0,12.0,8.4,A,5.7
10888,high,1,1.0,6.0,7.5,A,0.2
10889,medium,0,23.0,20.0,9.6,C,14.8
10890,high,1,6.0,7.0,7.6,A,0.2
10891,low,1,15.0,7.0,6.5,A,-3.7
10892,none,2,4.0,5.0,8.6,A,5.8
10893,high,2,9.0,21.0,1.2,A,-100.0
10894,medium,3,23.0,7.0,2.7,A,-100.0
10895,low,0,20.0,4.0,8.1,C,7.1
10896,medium,2,25.0,10.0,4.2,B,-100.0
10897,medium,0,4.0,4.0,9.6,A,15.0
10898,low,0,3.0,14.0,1.2,C,-100.0
10899,none,1,6.0,10.0,1.6,C,-100.0
10900,medium,1,7.0,15.0,2.8,C,-100.0
10901,low,3,9.0,29.0,10.0,A,11.4
10902,low,0,13.0,36.0,7.3,A,3.7
10903,high,1,2.0,27.0,1.7,C,-100.0
10904,high,2,17.0,47.0,1.7,A,-100.0
10905,low,0,7.0,3.0,9.0,A,13.3
10906,low,4,12.0,16.0,9.9,D,7.9
10907,none,2,25.0,0.0,5.0,C,-16.1
10908,low,1,17.0,3.0,5.0,A,-12.2
10909,high,2,2.0,35.0,9.8,A,10.5
10910,medium,0,7.0,2.0,1.2,C,-100.0
10911,high,1,13.0,4.0,9.6,A,10.5
10912,none,1,8.0,2.0,9.5,A,12.8
10913,none,1,24.0,14.0,4.6,A,-15.6
10914,low,2,6.0,9.0,5.4,C,-11.3
10915,high,1,15.0,45.0,9.1,D,8.0
10916,low,2,4.0,13.0,9.3,A,10.3
10917,low,0,7.0,20.0,9.3,C,15.0
10918,medium,2,6.0,5.0,4.2,A,-18.4
10919,high,2,2.0,18.0,3.2,C,-100.0
10920,medium,1,10.0,6.0,9.0,C,10.2
10921,low,2,10.0,25.0,3.2,A,-100.0
10922,high,2,3.0,21.0,6.3,C,-9.0
10923,high,1,15.0,25.0,3.5,A,-100.0
10924,low,2,16.0,13.0,7.5,A,-0.8
10925,none,3,20.0,1.0,10.0,A,9.4
10926,low,1,11.0,18.0,8.7,A,8.9
10927,low,0,11.0,6.0,3.5,B,-17.3
10928,high,4,,15.0,6.8,C,
10929,low,0,10.0,11.0,1.5,A,-100.0
10930,medium,4,17.0,9.0,4.2,B,-100.0
10931,low,0,3.0,1.0,2.3,C,-100.0
10932,high,1,14.0,10.0,8.4,C,3.9
10933,high,1,,11.0,9.4,C,
10934,high,2,7.0,2.0,3.4,A,-100.0
10935,low,0,14.0,4.0,8.7,A,11.0
10936,medium,1,8.0,10.0,6.8,A,-1.7
10937,low,1,4.0,0.0,7.9,A,5.0
10938,high,1,11.0,9.0,8.7,B,5.8
10939,low,0,9.0,30.0,5.0,C,-8.6
10940,none,0,24.0,50.0,7.8,A,4.9
10941,high,2,20.0,12.0,7.5,C,-4.1
10942,high,1,5.0,15.0,6.3,D,-6.7
10943,high,1,4.0,6.0,1.6,D,-100.0
10944,medium,2,20.0,20.0,7.0,D,-4.2
10945,low,2,18.0,29.0,8.3,A,3.6
10946,high,2,4.0,10.0,8.1,A,0.7
10947,high,4,11.0,9.0,8.6,B,-2.2
10948,high,2,6.0,4.0,2.4,A,-100.0
10949,medium,2,12.0,5.0,9.8,A,11.9
10950,medium,3,12.0,27.0,9.6,A,8.5
10951,high,2,11.0,15.0,6.7,A,-7.6
10952,none,0,16.0,20.0,4.2,A,-14.4
10953,high,1,7.0,7.0,8.9,A,7.3
10954,none,0,3.0,4.0,4.5,A,-11.6
10955,low,1,2.0,1.0,,A,
10956,none,2,9.0,4.0,3.3,C,-100.0
10957,high,1,,7.0,9.1,C,
10958,none,0,23.0,1.0,8.0,A,5.6
10959,low,2,15.0,15.0,2.2,A,-100.0
10960,high,0,1.0,31.0,8.5,A,8.4
10961,high,2,5.0,12.0,9.8,A,10.0
10962,high,0,15.0,11.0,7.0,C,-1.4
10963,high,0,12.0,1.0,8.5,C,7.0
10964,high,2,14.0,11.0,,D,
10965,high,1,1.0,6.0,5.4,A,-11.4
10966,none,2,9.0,2.0,1.1,A,-100.0
10967,low,0,3.0,4.0,3.7,A,-15.4
10968,low,1,10.0,10.0,5.4,C,-9.2
10969,medium,1,21.0,5.0,8.7,A,7.4
10970,medium,2,15.0,23.0,8.5,A,4.6
10971,high,4,13.0,2.0,2.8,A,-100.0
10972,high,0,6.0,18.0,5.4,A,-9.2
10973,low,2,8.0,0.0,6.6,C,-5.0
10974,medium,1,8.0,6.0,4.9,A,-12.2
10975,high,0,11.0,21.0,10.0,A,15.0
10976,none,4,4.0,3.0,3.5,A,-100.0
10977,medium,2,1.0,40.0,8.0,A,3.4
10978,medium,0,3.0,38.0,3.4,A,-17.1
10979,low,2,5.0,0.0,6.7,A,-4.2
10980,low,2,15.0,10.0,8.3,A,3.7
10981,medium,2,4.0,6.0,4.7,A,-15.4
10982,medium,2,12.0,4.0,7.8,A,0.8
10983,high,1,5.0,8.0,3.8,C,-100.0
10984,none,2,11.0,19.0,3.7,B,-100.0
10985,medium,0,18.0,7.0,2.3,A,-100.0
10986,low,2,6.0,9.0,9.3,A,10.1
10987,high,1,4.0,9.0,9.5,D,10.9
10988,high,2,25.0,0.0,2.1,A,-100.0
10989,medium,1,4.0,13.0,9.2,A,11.9
10990,high,1,19.0,15.0,8.6,A,4.5
10991,medium,1,15.0,4.0,4.2,A,-16.8
10992,medium,1,5.0,23.0,5.0,A,-11.2
10993,low,2,7.0,47.0,2.4,D,-100.0
10994,high,4,0.0,5.0,5.8,A,-16.6
10995,high,1,5.0,1.0,6.8,C,-4.1
10996,high,1,12.0,11.0,2.1,A,-100.0
10997,low,4,16.0,2.0,2.3,C,-100.0
10998,high,1,,1.0,6.3,C,
10999,medium,3,8.0,9.0,8.8,A,4.3
11000,low,1,8.0,14.0,8.9,A,10.3
11001,low,1,10.0,11.0,7.3,A,1.2
11002,low,2,6.0,16.0,8.9,A,8.0
11003,high,1,12.0,3.0,2.8,C,-100.0
11004,none,1,5.0,4.0,6.9,A,-1.1
11005,medium,3,7.0,0.0,8.5,A,2.7
11006,high,1,4.0,21.0,9.7,A,12.1
11007,none,3,16.0,16.0,10.0,C,9.9
11008,none,0,17.0,17.0,9.3,A,13.5
11009,low,5,24.0,28.0,9.7,A,3.2
11010,medium,1,9.0,4.0,9.0,A,10.2
11011,low,0,9.0,13.0,2.0,A,-100.0
11012,medium,3,18.0,31.0,9.2,A,5.7
11013,high,1,7.0,6.0,8.0,A,2.3
11014,none,1,9.0,5.0,3.9,B,-18.0
11015,medium,1,13.0,35.0,9.2,B,11.3
11016,low,2,10.0,39.0,6.4,C,-5.9
11017,high,4,23.0,23.0,8.4,A,-4.4
11018,medium,0,21.0,11.0,8.9,A,11.1
11019,medium,0,2.0,2.0,9.5,A,15.0
11020,low,2,5.0,10.0,3.9,A,-19.5
11021,high,3,16.0,2.0,5.1,A,-19.6
11022,low,0,20.0,0.0,8.2,C,7.6
11023,high,0,7.0,4.0,10.0,A,15.0
11024,low,1,22.0,3.0,1.3,A,-100.0
11025,high,0,3.0,2.0,7.9,C,4.6
11026,none,0,1.0,12.0,8.3,A,9.6
11027,high,3,6.0,8.0,7.4,B,-5.8
11028,low,1,30.0,7.0,9.7,A,12.4
11029,high,4,8.0,0.0,5.5,A,-19.1
11030,none,3,2.0,3.0,9.8,A,10.1
11031,medium,2,11.0,3.0,1.5,C,-100.0
11032,low,1,4.0,19.0,1.8,C,-100.0
11033,high,1,17.0,26.0,8.7,A,5.4
11034,high,1,14.0,8.0,9.7,C,11.0
11035,low,1,7.0,16.0,9.0,A,10.9
11036,low,2,2.0,19.0,9.6,A,12.3
11037,,2,2.0,7.0,6.8,D,-3.9
11038,high,2,14.0,5.0,6.1,A,-11.3
11039,high,2,8.0,3.0,9.6,A,8.5
11040,none,2,4.0,3.0,5.6,A,-10.7
11041,high,2,12.0,3.0,6.5,C,-8.9
11042,high,2,2.0,12.0,1.6,A,-100.0
11043,high,1,7.0,2.0,8.4,A,4.5
11044,low,3,7.0,2.0,8.8,A,4.7
11045,high,1,13.0,13.0,1.1,B,-100.0
11046,none,1,10.0,7.0,9.8,A,14.3
11047,low,3,17.0,22.0,3.1,A,-100.0
11048,medium,4,6.0,25.0,2.3,A,-100.0
11049,high,1,1.0,21.0,8.8,A,7.5
11050,medium,2,25.0,16.0,6.7,D,-6.4
11051,none,4,2.0,6.0,8.7,A,1.6
11052,low,0,9.0,1.0,5.6,A,-5.6
11053,low,2,26.0,4.0,2.9,C,-100.0
11054,low,0,2.0,1.0,9.6,A,15.0
11055,low,1,5.0,9.0,9.5,A,13.8
11056,high,1,10.0,33.0,8.2,C,3.4
11057,none,2,11.0,13.0,3.3,C,-100.0
11058,low,1,5.0,0.0,9.6,A,14.3
11059,low,0,2.0,23.0,6.3,A,-0.8
11060,low,5,22.0,1.0,9.2,B,0.4
11061,low,2,5.0,38.0,8.9,A,8.3
11062,low,3,5.0,4.0,3.6,A,-100.0
11063,medium,1,23.0,0.0,9.3,C,10.4
11064,none,2,7.0,24.0,2.1,A,-100.0
11065,low,1,7.0,0.0,2.0,A,-100.0
11066,high,2,8.0,0.0,2.8,A,-100.0
11067,low,1,7.0,6.0,2.6,A,-100.0
11068,high,0,4.0,5.0,6.3,D,-4.2
11069,high,0,5.0,4.0,3.0,A,-100.0
11070,low,2,3.0,4.0,8.5,A,6.0
11071,medium,5,6.0,9.0,2.9,C,-100.0
11072,medium,2,8.0,42.0,7.3,A,-1.1
11073,high,3,5.0,6.0,9.8,A,7.4
11074,high,0,3.0,15.0,8.7,A,9.2
11075,none,3,21.0,15.0,3.5,B,-100.0
11076,low,0,11.0,7.0,9.0,A,12.9
11077,low,0,3.0,24.0,8.1,A,9.0
11078,high,1,13.0,16.0,5.8,A,-10.3
11079,medium,1,15.0,2.0,6.1,A,-6.3
11080,medium,0,2.0,17.0,4.9,C,-9.0
11081,low,2,2.0,9.0,9.2,A,10.0
11082,none,1,8.0,14.0,2.8,A,-100.0
11083,high,1,18.0,3.0,3.4,B,-100.0
11084,medium,0,19.0,19.0,8.8,A,10.8
11085,none,1,4.0,4.0,8.6,D,8.3
11086,high,3,2.0,22.0,9.8,A,7.9
11087,high,2,7.0,14.0,7.7,B,-1.7
11088,medium,1,3.0,11.0,2.4,A,-100.0
11089,low,1,5.0,23.0,8.8,C,10.1
11090,medium,3,7.0,4.0,9.8,A,9.8
11091,none,3,13.0,11.0,2.7,C,-100.0
11092,high,0,11.0,11.0,5.1,C,-11.5
11093,low,1,7.0,38.0,7.5,C,2.9
11094,high,1,6.0,16.0,9.8,C,12.4
11095,low,1,17.0,0.0,4.7,A,-13.9
11096,high,1,7.0,25.0,3.7,C,-100.0
11097,medium,3,9.0,50.0,9.1,A,6.2
11098,low,2,4.0,3.0,1.1,A,-100.0
11099,high,1,21.0,4.0,8.7,C,4.8
11100,none,3,4.0,6.0,7.9,A,-0.5
11101,low,1,9.0,5.0,9.5,A,13.4
11102,high,1,10.0,14.0,5.4,A,-12.2
11103,low,0,11.0,27.0,5.1,A,-8.3
11104,medium,0,4.0,2.0,7.5,A,5.0
11105,medium,1,13.0,13.0,1.9,A,-100.0
11106,high,1,11.0,5.0,7.0,A,-3.6
11107,medium,0,11.0,9.0,1.6,A,-100.0
11108,high,1,2.0,28.0,2.5,A,-100.0
11109,low,3,17.0,7.0,3.0,B,-100.0
11110,low,0,3.0,19.0,3.8,A,-14.7
11111,low,3,16.0,22.0,7.4,A,-3.7
11112,high,1,6.0,2.0,8.9,A,7.3
11113,medium,0,19.0,11.0,9.6,A,15.0
11114,medium,3,9.0,13.0,5.7,D,-12.8
11115,high,1,6.0,32.0,3.5,A,-100.0
11116,low,2,13.0,0.0,8.4,A,4.4
11117,high,3,5.0,9.0,2.7,A,-100.0
11118,none,2,2.0,9.0,8.2,A,3.9
11119,low,1,14.0,3.0,5.7,A,-8.0
11120,low,1,7.0,9.0,6.7,A,-1.8
11121,high,1,5.0,14.0,8.1,A,3.2
11122,high,2,13.0,1.0,9.9,A,9.6
11123,none,1,2.0,2.0,3.6,A,-19.0
11124,none,2,12.0,2.0,5.0,A,-14.8
11125,medium,3,5.0,3.0,1.1,C,-100.0
11126,high,2,8.0,6.0,8.8,D,4.1
11127,low,3,4.0,0.0,9.1,D,6.6
11128,high,0,1.0,9.0,1.7,B,-100.0
11129,,1,9.0,16.0,2.3,A,-100.0
11130,none,1,6.0,5.0,8.8,A,9.2
11131,high,2,9.0,8.0,9.7,C,9.0
11132,medium,4,8.0,4.0,4.9,D,-19.7
11133,medium,2,5.0,12.0,8.7,A,6.6
11134,none,2,12.0,30.0,3.5,C,-100.0
11135,,0,4.0,6.0,1.2,A,-100.0
11136,low,4,3.0,6.0,9.6,A,7.0
11137,high,1,6.0,10.0,3.2,A,-100.0
11138,high,3,2.0,2.0,1.7,A,-100.0
11139,high,2,17.0,37.0,6.9,A,-6.9
11140,high,1,2.0,2.0,5.3,C,-12.1
11141,high,0,9.0,5.0,1.5,A,-100.0
11142,high,2,15.0,20.0,8.3,A,0.8
11143,medium,1,7.0,1.0,1.5,C,-100.0
11144,low,1,33.0,16.0,8.7,A,6.7
11145,medium,5,4.0,6.0,8.2,B,-3.6
11146,low,1,10.0,4.0,4.8,B,-12.6
11147,medium,0,3.0,2.0,6.8,A,1.2
11148,medium,0,6.0,20.0,2.4,A,-100.0
11149,high,1,12.0,7.0,9.5,A,10.1
11150,medium,2,7.0,0.0,2.5,A,-100.0
11151,low,2,13.0,15.0,6.4,A,-6.5
11152,,0,0.0,26.0,9.7,A,15.0
11153,medium,1,16.0,5.0,1.7,C,-100.0
11154,medium,0,1.0,6.0,7.9,A,7.5
11155,low,3,7.0,5.0,7.7,A,-1.3
11156,high,1,5.0,1.0,6.2,A,-7.4
11157,low,2,14.0,3.0,8.3,C,3.8
11158,low,1,4.0,29.0,9.4,C,13.6
11159,medium,1,3.0,4.0,9.6,D,14.1
11160,medium,2,13.0,0.0,9.3,A,9.0
11161,medium,1,5.0,11.0,9.6,A,14.0
11162,low,4,10.0,35.0,8.8,A,2.2
11163,low,1,21.0,16.0,8.2,A,5.1
11164,high,0,1.0,16.0,4.4,B,-14.3
11165,low,1,2.0,9.0,9.2,A,12.5
11166,medium,0,12.0,5.0,8.7,A,10.8
11167,high,3,15.0,7.0,1.0,A,-100.0
11168,high,0,12.0,18.0,3.5,A,-100.0
11169,high,0,3.0,1.0,6.4,C,-3.6
11170,medium,0,2.0,11.0,9.5,C,15.0
11171,low,2,24.0,0.0,2.0,A,-100.0
11172,low,4,5.0,11.0,8.0,A,-1.9
11173,low,1,20.0,4.0,2.1,C,-100.0
11174,medium,0,5.0,10.0,9.9,A,15.0
11175,low,2,9.0,16.0,6.4,C,-6.1
11176,high,2,4.0,8.0,9.5,B,8.4
11177,high,2,3.0,3.0,8.9,A,5.2
11178,high,0,10.0,30.0,1.4,A,-100.0
11179,medium,1,8.0,1.0,9.5,A,13.1
11180,high,1,2.0,10.0,8.4,A,5.1
11181,medium,2,17.0,2.0,6.4,A,-7.4
11182,low,3,18.0,0.0,1.4,A,-100.0
11183,medium,2,4.0,50.0,3.8,A,-19.9
11184,none,2,10.0,0.0,2.7,A,-100.0
11185,high,0,6.0,47.0,3.5,A,-19.4
11186,none,3,2.0,15.0,3.3,B,-100.0
11187,none,0,3.0,0.0,6.5,A,-0.7
11188,none,0,13.0,7.0,8.3,A,8.3
11189,,4,21.0,6.0,6.9,B,-10.2
11190,low,0,3.0,21.0,8.6,C,11.7
11191,none,2,11.0,31.0,9.2,A,8.7
11192,medium,2,16.0,6.0,1.1,C,-100.0
11193,medium,2,0.0,28.0,4.5,B,-15.9
11194,none,2,6.0,3.0,4.3,A,-18.0
11195,low,2,8.0,0.0,9.8,A,12.6
11196,medium,0,39.0,0.0,6.9,A,-1.8
11197,medium,1,23.0,18.0,4.2,A,-17.4
11198,low,5,10.0,9.0,8.7,C,-1.1
11199,high,1,13.0,2.0,2.8,A,-100.0
11200,high,1,5.0,21.0,1.0,C,-100.0
11201,high,1,16.0,2.0,2.5,A,-100.0
11202,low,1,6.0,0.0,3.4,A,-19.9
11203,low,3,6.0,13.0,1.0,C,-100.0
11204,low,2,11.0,6.0,9.5,A,10.7
11205,medium,3,0.0,7.0,,A,
11206,low,0,7.0,15.0,5.1,A,-8.0
11207,low,1,10.0,50.0,7.5,A,2.7
11208,low,0,7.0,5.0,2.6,B,-100.0
11209,none,4,8.0,9.0,2.9,B,-100.0
11210,high,1,1.0,5.0,9.8,A,12.8
11211,low,0,9.0,9.0,7.7,D,6.0
11212,high,2,14.0,4.0,7.3,A,-4.7
11213,medium,2,7.0,3.0,9.4,A,10.1
11214,low,2,22.0,1.0,9.5,C,9.5
11215,medium,0,12.0,2.0,5.4,B,-7.4
11216,high,0,17.0,5.0,4.0,C,-18.2
11217,low,1,6.0,8.0,9.7,B,14.8
11218,low,0,2.0,13.0,3.0,A,-19.1
11219,high,1,2.0,0.0,1.3,A,-100.0
11220,medium,1,8.0,2.0,4.9,A,-12.2
11221,high,1,27.0,2.0,4.0,A,-100.0
11222,none,0,9.0,6.0,8.6,B,10.3
11223,none,2,10.0,0.0,1.4,A,-100.0
11224,high,3,7.0,5.0,9.4,A,5.0
11225,high,0,4.0,10.0,4.9,A,-11.9
11226,high,1,4.0,3.0,2.7,A,-100.0
11227,low,0,4.0,13.0,9.3,A,15.0
11228,high,2,6.0,2.0,2.7,A,-100.0
11229,high,1,10.0,10.0,1.8,D,-100.0
11230,high,0,9.0,48.0,8.4,A,7.3
11231,medium,1,11.0,2.0,2.3,A,-100.0
11232,medium,1,40.0,2.0,2.4,A,-100.0
11233,low,2,4.0,7.0,10.0,C,14.2
11234,low,4,8.0,7.0,7.5,A,-5.0
11235,medium,2,9.0,21.0,9.7,C,11.8
11236,medium,3,8.0,14.0,4.6,C,-18.8
11237,low,2,5.0,4.0,2.5,C,-100.0
11238,high,1,3.0,4.0,8.5,A,5.5
11239,low,1,10.0,8.0,4.2,C,-15.8
11240,low,2,2.0,9.0,9.8,C,13.3
11241,low,1,6.0,18.0,4.9,A,-11.5
11242,high,0,7.0,1.0,7.7,A,3.1
11243,none,0,3.0,3.0,3.7,A,-16.0
11244,low,2,23.0,11.0,9.3,C,8.4
11245,medium,1,7.0,0.0,9.4,A,12.6
11246,high,2,2.0,4.0,9.6,A,9.1
11247,low,2,1.0,6.0,3.3,C,-100.0
11248,high,2,21.0,7.0,1.4,A,-100.0
11249,high,1,7.0,44.0,1.0,A,-100.0
11250,low,2,9.0,19.0,9.2,B,9.4
11251,medium,4,14.0,35.0,8.4,A,-0.8
11252,none,0,11.0,25.0,1.4,D,-100.0
11253,none,1,8.0,1.0,2.2,A,-100.0
11254,medium,1,13.0,25.0,5.2,A,-10.9
11255,low,1,1.0,8.0,9.7,B,15.0
11256,medium,0,2.0,1.0,3.6,A,-16.3
11257,none,0,2.0,5.0,7.2,A,3.3
11258,high,1,11.0,1.0,8.7,A,5.7
11259,medium,5,3.0,8.0,6.1,C,-15.1
11260,none,3,13.0,16.0,8.8,D,3.6
11261,low,2,3.0,12.0,9.6,A,12.1
11262,low,0,20.0,1.0,9.6,A,15.0
11263,high,1,11.0,25.0,5.6,A,-11.1
11264,high,1,20.0,1.0,2.6,C,-100.0
11265,medium,2,3.0,11.0,2.7,A,-100.0
11266,high,1,7.0,49.0,7.6,A,0.6
11267,medium,2,3.0,3.0,8.7,C,6.7
11268,low,0,4.0,2.0,3.9,A,-14.5
11269,low,2,3.0,15.0,4.7,A,-14.8
11270,medium,2,7.0,7.0,6.5,A,-5.8
11271,,1,9.0,9.0,2.2,C,-100.0
11272,high,1,17.0,13.0,9.5,C,9.7
11273,medium,5,8.0,3.0,8.6,A,-1.9
11274,low,1,9.0,26.0,2.5,A,-100.0
11275,low,2,1.0,24.0,9.0,A,9.1
11276,low,1,17.0,13.0,6.2,A,-5.5
11277,none,3,10.0,26.0,2.6,A,-100.0
11278,high,1,7.0,1.0,6.5,A,-6.0
11279,low,1,21.0,21.0,10.0,C,15.0
11280,medium,1,25.0,13.0,8.8,B,7.6
11281,low,2,5.0,5.0,1.8,A,-100.0
11282,high,1,9.0,32.0,7.3,A,-1.5
11283,high,2,18.0,3.0,7.5,A,-4.0
11284,high,2,3.0,3.0,1.8,A,-100.0
11285,high,3,6.0,18.0,9.9,A,8.0
11286,high,1,11.0,6.0,4.6,C,-16.8
11287,low,2,8.0,46.0,9.4,A,10.8
11288,medium,1,14.0,1.0,9.7,A,13.6
11289,low,2,5.0,6.0,7.5,C,0.3
11290,low,1,11.0,15.0,7.2,A,0.6
11291,low,0,4.0,7.0,8.7,A,12.0
11292,low,1,2.0,2.0,9.2,A,12.4
11293,high,3,23.0,13.0,9.4,A,3.5
11294,high,2,,7.0,6.5,C,
11295,medium,0,15.0,1.0,2.8,C,-100.0
11296,medium,1,6.0,21.0,1.7,A,-100.0
11297,none,1,3.0,10.0,8.2,A,6.3
11298,low,0,,2.0,9.6,C,
11299,low,2,9.0,19.0,8.9,C,7.7
11300,high,2,4.0,4.0,8.4,A,2.3
11301,medium,2,7.0,2.0,9.3,C,9.6
11302,high,0,2.0,21.0,1.7,A,-100.0
11303,medium,2,5.0,6.0,7.5,C,-0.1
11304,medium,4,,11.0,3.2,C,
11305,low,1,27.0,16.0,9.1,A,9.5
11306,high,1,3.0,8.0,10.0,A,13.8
11307,medium,5,16.0,13.0,7.7,A,-7.5
11308,low,0,19.0,33.0,9.0,A,12.4
11309,low,0,5.0,5.0,1.8,A,-100.0
11310,low,0,22.0,4.0,7.2,B,1.9
11311,medium,1,6.0,21.0,7.1,A,0.3
11312,low,3,11.0,6.0,5.5,A,-13.8
11313,high,2,3.0,2.0,2.6,A,-100.0
11314,none,1,8.0,17.0,1.5,A,-100.0
11315,low,4,3.0,17.0,8.0,C,-1.7
11316,none,3,12.0,11.0,9.5,C,7.5
11317,medium,5,13.0,37.0,2.3,A,-100.0
11318,high,2,2.0,50.0,9.9,B,11.2
11319,high,2,26.0,15.0,4.2,C,-100.0
11320,medium,4,9.0,18.0,1.9,B,-100.0
11321,none,1,2.0,26.0,8.1,A,6.0
11322,medium,2,9.0,12.0,8.4,C,4.5
11323,none,0,10.0,1.0,1.6,D,-100.0
11324,none,1,5.0,3.0,4.6,C,-13.8
11325,medium,3,7.0,1.0,5.3,A,-14.9
11326,medium,0,11.0,11.0,9.6,A,15.0
11327,high,2,5.0,2.0,5.8,C,-12.1
11328,high,0,8.0,4.0,9.2,A,11.3
11329,high,5,8.0,35.0,2.3,A,-100.0
11330,none,6,5.0,2.0,4.2,A,-100.0
11331,low,4,3.0,40.0,2.4,A,-100.0
11332,high,0,6.0,25.0,1.3,A,-100.0
11333,high,2,14.0,17.0,2.0,B,-100.0
11334,high,4,10.0,2.0,1.0,B,-100.0
11335,medium,1,22.0,13.0,9.4,A,11.2
11336,low,1,11.0,36.0,1.6,A,-100.0
11337,high,1,3.0,14.0,3.3,B,-100.0
11338,none,4,7.0,4.0,1.7,A,-100.0
11339,none,3,5.0,12.0,8.1,A,0.5
11340,low,1,2.0,14.0,2.5,A,-100.0
11341,medium,1,13.0,10.0,9.5,A,12.6
11342,high,1,7.0,1.0,8.4,A,4.5
11343,,0,11.0,0.0,9.0,A,12.3
11344,high,2,3.0,8.0,1.3,A,-100.0
11345,medium,2,2.0,11.0,6.5,A,-5.2
11346,high,2,12.0,5.0,9.7,A,8.7
11347,none,1,9.0,11.0,5.4,A,-9.7
11348,,2,5.0,1.0,2.0,A,-100.0
11349,high,1,12.0,14.0,10.0,A,12.9
11350,medium,0,4.0,7.0,2.6,A,-100.0
11351,high,1,7.0,2.0,6.4,C,-6.5
11352,medium,1,27.0,10.0,9.6,C,11.8
11353,medium,1,7.0,20.0,8.4,C,7.3
11354,none,1,5.0,4.0,2.4,A,-100.0
11355,low,1,7.0,10.0,7.7,A,3.7
11356,medium,1,13.0,8.0,8.7,A,8.2
11357,medium,1,15.0,6.0,4.8,A,-13.4
11358,high,2,1.0,15.0,4.0,D,-100.0
11359,medium,1,2.0,0.0,8.5,B,8.1
11360,none,0,16.0,16.0,5.7,C,-6.2
11361,low,4,2.0,13.0,7.8,A,-2.7
11362,medium,0,17.0,26.0,3.7,A,-17.0
11363,medium,1,9.0,7.0,8.3,C,6.4
11364,none,2,7.0,7.0,9.6,A,11.0
11365,high,2,13.0,12.0,1.6,A,-100.0
11366,low,0,3.0,8.0,2.8,C,-100.0
11367,high,4,9.0,50.0,4.2,D,-100.0
11368,,3,2.0,8.0,6.0,A,-10.7
11369,medium,3,17.0,6.0,5.8,A,-13.1
11370,none,3,2.0,4.0,8.0,A,0.2
11371,low,1,18.0,10.0,3.6,A,-19.9
11372,high,1,3.0,3.0,2.6,B,-100.0
11373,high,2,11.0,5.0,3.8,B,-100.0
11374,none,0,9.0,1.0,8.8,C,11.4
11375,low,0,23.0,5.0,7.1,A,1.3
11376,low,1,19.0,24.0,4.5,A,-14.9
11377,medium,3,5.0,5.0,8.1,A,0.7
11378,,0,8.0,4.0,3.9,A,-15.4
11379,none,5,7.0,50.0,6.4,A,-13.6
11380,none,0,8.0,7.0,2.4,C,-100.0
11381,none,3,3.0,5.0,2.6,B,-100.0
11382,high,0,15.0,2.0,2.8,A,-100.0
11383,high,0,4.0,11.0,1.5,C,-100.0
11384,medium,3,9.0,2.0,4.9,A,-17.3
11385,low,0,22.0,0.0,9.4,A,14.0
11386,low,2,9.0,11.0,3.2,A,-100.0
11387,high,2,11.0,50.0,,D,
11388,none,1,21.0,8.0,8.1,A,3.9
11389,,3,4.0,14.0,9.8,B,10.0
11390,none,0,5.0,11.0,5.7,B,-5.2
11391,medium,3,4.0,32.0,3.2,A,-100.0
11392,none,0,15.0,4.0,2.0,A,-100.0
11393,low,1,11.0,18.0,9.4,A,12.8
11394,medium,0,17.0,4.0,9.1,A,12.5
11395,high,2,4.0,15.0,1.4,C,-100.0
11396,low,1,5.0,3.0,9.9,A,15.0
11397,low,2,30.0,27.0,1.9,A,-100.0
11398,high,0,6.0,13.0,8.5,B,7.7
11399,medium,2,18.0,16.0,9.6,A,10.3
11400,medium,0,10.0,17.0,3.6,B,-16.9
11401,high,4,32.0,5.0,8.0,A,-7.7
11402,low,1,1.0,1.0,8.8,A,10.3
11403,low,0,5.0,3.0,8.4,A,10.2
11404,high,3,4.0,12.0,9.3,B,4.8
11405,low,1,7.0,30.0,8.0,C,5.6
11406,high,1,7.0,20.0,1.7,A,-100.0
11407,high,1,10.0,31.0,4.5,A,-17.0
11408,none,1,4.0,1.0,9.4,A,12.7
11409,low,0,2.0,12.0,8.6,C,11.7
11410,medium,0,15.0,34.0,9.1,A,13.0
11411,medium,1,6.0,7.0,9.9,A,15.0
11412,medium,3,5.0,2.0,8.2,B,1.2
11413,low,0,16.0,1.0,9.3,A,14.0
11414,none,3,9.0,43.0,2.1,A,-100.0
11415,medium,1,16.0,24.0,9.9,A,14.7
11416,low,1,4.0,3.0,3.1,A,-100.0
11417,low,2,4.0,13.0,9.1,A,9.2
11418,none,0,13.0,5.0,6.8,A,0.0
11419,low,2,6.0,1.0,2.1,B,-100.0
11420,medium,1,6.0,3.0,6.8,A,-1.6
11421,high,1,8.0,7.0,8.4,C,4.4
11422,high,0,10.0,25.0,7.3,A,0.9
11423,high,0,13.0,2.0,9.4,A,11.9
11424,medium,0,18.0,8.0,8.9,A,11.3
11425,high,1,12.0,8.0,4.6,A,-16.8
11426,none,1,6.0,2.0,6.8,A,-1.8
11427,,4,12.0,18.0,7.8,A,-4.2
11428,low,0,8.0,3.0,9.1,C,13.8
11429,high,1,14.0,18.0,2.3,C,-100.0
11430,high,1,,16.0,9.6,C,
11431,low,5,4.0,12.0,9.8,A,5.6
11432,low,1,3.0,15.0,8.6,C,9.1
11433,high,1,3.0,24.0,9.1,A,9.0
11434,low,2,13.0,15.0,9.0,A,7.8
11435,medium,1,6.0,14.0,4.9,C,-11.9
11436,low,2,7.0,29.0,8.0,A,3.1
11437,medium,0,27.0,5.0,1.4,A,-100.0
11438,medium,1,5.0,2.0,2.9,C,-100.0
11439,high,1,4.0,18.0,3.0,D,-100.0
11440,high,1,6.0,1.0,3.9,A,-100.0
11441,none,1,15.0,3.0,9.0,B,9.4
11442,low,0,14.0,6.0,5.8,A,-5.0
11443,medium,0,3.0,11.0,2.2,B,-100.0
11444,low,1,2.0,1.0,9.6,C,14.6
11445,high,1,6.0,3.0,1.3,A,-100.0
11446,low,2,6.0,4.0,3.6,A,-100.0
11447,high,4,3.0,7.0,7.8,B,-5.9
11448,none,1,19.0,1.0,9.1,A,9.5
11449,low,1,40.0,23.0,5.0,C,-14.3
11450,none,1,5.0,6.0,4.7,D,-13.2
11451,medium,2,10.0,4.0,6.2,A,-7.8
11452,high,2,9.0,14.0,2.2,C,-100.0
11453,low,1,8.0,0.0,6.3,C,-4.2
11454,high,0,15.0,13.0,8.4,B,6.3
11455,medium,1,20.0,2.0,9.3,A,10.8
11456,medium,1,40.0,16.0,9.5,A,10.0
11457,low,1,4.0,20.0,1.6,C,-100.0
11458,medium,1,3.0,0.0,6.3,A,-4.1
11459,high,1,24.0,7.0,6.2,C,-9.3
11460,low,0,8.0,3.0,5.0,A,-8.8
11461,medium,1,6.0,2.0,9.7,B,14.4
11462,medium,0,13.0,5.0,6.0,A,-4.1
11463,medium,0,6.0,3.0,9.7,A,15.0
11464,low,3,9.0,8.0,9.0,B,5.7
11465,low,1,15.0,7.0,1.9,A,-100.0
11466,high,1,22.0,7.0,1.6,A,-100.0
11467,low,4,3.0,10.0,8.5,A,1.0
11468,medium,1,23.0,2.0,9.0,A,8.8
11469,high,1,7.0,4.0,9.3,C,9.5
11470,medium,1,8.0,11.0,8.2,A,6.0
11471,high,1,6.0,4.0,5.0,A,-14.1
11472,low,3,6.0,5.0,8.7,B,
11473,low,0,5.0,11.0,3.4,C,-17.2
11474,low,3,2.0,21.0,8.1,C,1.5
11475,low,3,6.0,1.0,8.2,A,1.5
11476,high,3,8.0,11.0,6.7,C,-9.9
11477,medium,1,9.0,6.0,6.1,D,-5.7
11478,low,1,16.0,50.0,1.3,A,-100.0
11479,low,2,1.0,16.0,8.2,A,4.6
11480,medium,4,17.0,25.0,9.8,A,6.6
11481,high,0,12.0,7.0,3.3,C,-100.0
11482,high,0,4.0,20.0,8.7,C,9.1
11483,low,2,21.0,46.0,8.1,B,2.4
11484,high,2,7.0,37.0,2.0,C,-100.0
11485,medium,2,5.0,26.0,8.5,C,5.6
11486,low,0,7.0,23.0,9.0,C,13.5
11487,low,0,2.0,22.0,5.1,C,-7.5
11488,low,2,12.0,3.0,6.2,D,-7.6
11489,low,2,10.0,8.0,9.0,C,8.1
11490,high,1,9.0,11.0,6.6,A,-5.5
11491,low,2,15.0,15.0,7.7,A,0.5
11492,high,0,11.0,19.0,8.9,A,9.5
11493,low,1,7.0,4.0,6.7,C,-1.8
11494,high,0,6.0,14.0,5.1,C,-10.9
11495,low,2,13.0,3.0,9.7,A,11.6
11496,medium,0,13.0,3.0,7.9,B,6.3
11497,low,3,13.0,13.0,2.4,C,-100.0
11498,none,1,20.0,1.0,1.1,A,-100.0
11499,,1,6.0,1.0,2.6,A,-100.0
11500,medium,0,6.0,7.0,6.1,A,-2.9
11501,high,0,5.0,3.0,2.5,D,-100.0
11502,low,0,11.0,21.0,7.5,A,4.8
11503,high,3,3.0,6.0,3.3,A,-100.0
11504,low,1,10.0,34.0,4.6,C,-13.4
11505,low,3,18.0,9.0,4.3,B,-100.0
11506,high,0,3.0,19.0,3.6,A,-18.8
11507,none,1,7.0,1.0,8.5,B,7.4
11508,high,1,14.0,12.0,4.4,A,-18.1
11509,medium,1,14.0,21.0,7.6,A,2.2
11510,high,2,1.0,8.0,9.9,A,10.9
11511,none,1,11.0,11.0,4.3,A,-16.0
11512,low,0,21.0,3.0,9.5,B,14.7
11513,medium,0,5.0,39.0,2.3,A,-100.0
11514,low,1,17.0,5.0,2.7,B,-100.0
11515,low,2,14.0,2.0,1.2,A,-100.0
11516,medium,1,5.0,20.0,8.0,C,5.3
11517,medium,1,29.0,6.0,9.9,A,13.2
11518,high,2,12.0,24.0,8.5,A,2.3
11519,medium,0,5.0,1.0,9.9,A,15.0
11520,medium,1,1.0,17.0,5.4,A,-8.6
11521,medium,6,11.0,40.0,8.9,C,-2.6
11522,none,0,4.0,1.0,1.2,C,-100.0
11523,low,1,13.0,12.0,2.9,A,-100.0
11524,none,3,8.0,24.0,2.0,B,-100.0
11525,high,0,0.0,4.0,8.2,A,6.6
11526,high,1,8.0,8.0,3.6,A,-100.0
11527,medium,1,7.0,12.0,7.7,C,3.4
11528,high,1,12.0,1.0,9.0,A,7.3
11529,medium,3,12.0,5.0,1.4,B,-100.0
11530,high,0,3.0,6.0,4.3,A,-15.1
11531,medium,2,4.0,48.0,6.6,D,-4.5
11532,none,1,20.0,1.0,9.7,C,12.7
11533,low,5,10.0,0.0,9.2,A,1.6
11534,high,1,14.0,8.0,8.6,B,5.0
11535,medium,1,11.0,25.0,1.0,A,-100.0
11536,low,1,6.0,4.0,10.0,A,15.0
11537,none,0,1.0,47.0,1.9,A,-100.0
11538,high,0,12.0,10.0,7.3,A,0.5
11539,low,2,14.0,2.0,9.6,D,10.9
11540,high,1,7.0,23.0,8.9,A,7.5
11541,low,1,7.0,4.0,1.6,A,-100.0
11542,medium,2,20.0,13.0,8.8,A,5.6
11543,,1,9.0,3.0,6.9,A,-1.5
11544,none,1,27.0,3.0,1.6,A,-100.0
11545,none,2,6.0,16.0,1.3,A,-100.0
11546,none,3,3.0,13.0,7.9,C,-0.3
11547,high,3,7.0,5.0,6.7,A,-9.8
11548,medium,3,11.0,3.0,2.1,A,-100.0
11549,high,3,3.0,2.0,5.2,A,-17.7
11550,medium,0,3.0,8.0,6.0,D,-3.1
11551,low,1,18.0,7.0,5.2,C,-11.2
11552,low,0,3.0,41.0,3.6,A,-15.6
11553,high,1,9.0,19.0,8.3,A,3.9
11554,high,0,4.0,40.0,8.9,A,10.4
11555,none,2,6.0,4.0,4.6,A,-16.4
11556,high,1,8.0,4.0,2.5,A,-100.0
11557,high,0,22.0,6.0,6.5,A,-4.9
11558,none,3,19.0,50.0,4.3,C,-100.0
11559,low,2,7.0,16.0,5.7,A,-9.7
11560,low,1,28.0,6.0,5.4,A,-11.1
11561,high,0,8.0,16.0,7.2,B,0.4
11562,high,0,22.0,3.0,9.0,A,8.8
11563,medium,2,7.0,4.0,6.3,C,-6.9
11564,high,2,3.0,4.0,6.9,A,-5.8
11565,high,1,7.0,5.0,1.4,C,-100.0
11566,,1,8.0,4.0,9.2,A,11.2
11567,none,3,,20.0,2.0,C,
11568,medium,1,3.0,12.0,3.0,A,-100.0
11569,none,2,13.0,14.0,8.5,B,4.5
11570,low,1,7.0,14.0,9.3,A,12.6
11571,medium,2,7.0,8.0,7.9,B,1.9
11572,high,0,11.0,15.0,8.5,A,7.3
11573,high,3,18.0,7.0,5.7,C,-16.4
11574,high,1,1.0,4.0,8.7,A,6.8
11575,medium,1,13.0,2.0,7.5,C,1.6
11576,medium,1,13.0,7.0,1.3,C,-100.0
11577,low,2,24.0,29.0,1.3,A,-100.0
11578,low,2,7.0,41.0,2.1,A,-100.0
11579,low,0,17.0,2.0,9.0,A,12.3
11580,none,1,7.0,20.0,4.2,A,-16.0
11581,high,0,23.0,4.0,8.1,A,3.8
11582,medium,6,6.0,12.0,2.9,A,-100.0
11583,medium,1,6.0,1.0,3.9,C,-17.5
11584,none,0,16.0,10.0,3.5,A,-18.4
11585,low,1,1.0,7.0,6.5,C,-2.3
11586,medium,4,9.0,45.0,5.2,C,-17.7
11587,medium,1,29.0,2.0,7.2,A,-1.7
11588,high,3,12.0,11.0,5.1,A,-19.1
11589,high,0,8.0,24.0,8.2,D,6.0
11590,medium,3,7.0,1.0,1.1,A,-100.0
11591,high,2,12.0,10.0,2.5,A,-100.0
11592,high,3,5.0,0.0,9.3,D,4.6
11593,none,1,9.0,8.0,5.1,A,-11.4
11594,none,1,10.0,11.0,9.8,D,14.4
11595,none,2,6.0,36.0,1.5,A,-100.0
11596,high,3,22.0,5.0,4.3,A,-100.0
11597,none,4,3.0,5.0,4.2,B,-100.0
11598,low,5,3.0,16.0,8.4,A,-2.0
11599,low,1,13.0,5.0,5.1,A,-11.2
11600,high,2,9.0,15.0,8.6,A,3.0
11601,high,2,8.0,2.0,5.8,A,-12.4
11602,low,3,8.0,28.0,9.3,A,7.6
11603,high,3,13.0,5.0,5.0,A,-19.8
11604,medium,1,12.0,0.0,8.3,A,6.0
11605,medium,0,7.0,26.0,9.5,A,15.0
11606,medium,1,3.0,6.0,8.2,A,6.5
11607,none,0,10.0,14.0,3.2,A,-19.4
11608,low,0,5.0,27.0,1.1,A,-100.0
11609,high,2,16.0,2.0,8.9,A,3.8
11610,low,2,7.0,6.0,6.2,A,-7.1
11611,low,3,28.0,1.0,8.0,A,-1.8
11612,,1,,48.0,7.9,C,
11613,high,2,13.0,8.0,9.3,A,6.4
11614,none,0,6.0,8.0,1.5,B,-100.0
11615,medium,0,9.0,23.0,7.0,A,1.9
11616,medium,2,8.0,5.0,2.2,A,-100.0
11617,low,5,6.0,11.0,5.6,A,-17.7
11618,medium,0,7.0,2.0,9.8,A,15.0
11619,medium,2,14.0,1.0,8.8,D,6.1
11620,high,2,10.0,13.0,7.7,A,-2.0
11621,high,3,1.0,5.0,9.9,A,8.4
11622,high,3,,7.0,9.7,C,
11623,none,2,9.0,28.0,9.0,D,7.8
11624,low,3,33.0,13.0,8.8,A,2.2
11625,low,3,3.0,9.0,3.4,A,-100.0
11626,low,1,7.0,6.0,5.3,A,-9.5
11627,none,1,2.0,5.0,1.2,A,-100.0
11628,medium,1,13.0,18.0,6.3,A,-4.9
11629,low,2,13.0,25.0,3.5,A,-100.0
11630,none,2,7.0,17.0,3.8,A,-100.0
11631,none,4,7.0,11.0,8.6,A,0.6
11632,none,2,8.0,25.0,7.4,A,-1.0
11633,none,3,7.0,15.0,3.5,C,-100.0
11634,low,3,17.0,14.0,,D,
11635,medium,0,8.0,20.0,8.8,C,11.9
11636,low,1,20.0,11.0,1.8,A,-100.0
11637,high,1,8.0,31.0,1.6,A,-100.0
11638,low,1,3.0,29.0,6.0,A,-5.0
11639,medium,1,16.0,30.0,2.9,B,-100.0
11640,high,2,5.0,23.0,2.4,B,-100.0
11641,low,4,4.0,4.0,8.8,A,2.5
11642,high,1,2.0,19.0,7.5,A,0.2
11643,none,1,11.0,2.0,8.2,C,5.4
11644,low,0,1.0,28.0,6.2,C,-1.2
11645,high,1,2.0,20.0,3.1,C,-100.0
11646,high,1,7.0,3.0,6.2,A,-7.6
11647,low,2,11.0,39.0,1.3,A,-100.0
11648,medium,1,9.0,5.0,8.3,A,6.4
11649,medium,4,4.0,12.0,9.7,A,7.2
11650,none,1,4.0,6.0,8.3,A,6.7
11651,high,1,18.0,50.0,9.7,C,11.0
11652,low,3,26.0,5.0,8.5,A,1.2
11653,none,1,4.0,20.0,9.2,A,11.8
11654,low,0,21.0,17.0,3.1,A,-100.0
11655,high,0,20.0,2.0,9.4,A,11.2
11656,medium,2,8.0,2.0,9.6,A,11.1
11657,high,2,9.0,4.0,9.6,A,8.4
11658,high,2,13.0,28.0,9.8,A,9.4
11659,high,0,8.0,22.0,2.1,A,-100.0
11660,low,2,5.0,26.0,6.2,A,-6.7
11661,high,1,10.0,27.0,8.9,C,7.2
11662,high,3,12.0,11.0,2.9,A,-100.0
11663,medium,1,8.0,2.0,9.3,C,12.0
11664,medium,4,22.0,9.0,9.2,A,2.6
11665,none,6,3.0,2.0,3.5,A,-100.0
11666,low,2,13.0,12.0,1.2,A,-100.0
11667,low,1,16.0,40.0,8.6,A,8.1
11668,high,0,6.0,23.0,1.8,A,-100.0
11669,low,3,7.0,5.0,6.2,A,-9.6
11670,medium,0,3.0,4.0,8.1,A,8.4
11671,high,3,16.0,21.0,6.0,C,-14.4
11672,low,4,1.0,10.0,6.9,A,-7.6
11673,medium,2,38.0,24.0,7.1,A,-5.4
11674,high,1,9.0,1.0,1.6,A,-100.0
11675,high,1,8.0,2.0,9.4,B,9.9
11676,low,2,10.0,11.0,9.6,C,11.4
11677,high,2,2.0,14.0,2.5,C,-100.0
11678,low,2,39.0,21.0,5.8,A,-12.3
11679,medium,2,5.0,19.0,4.3,B,-17.6
11680,low,2,19.0,8.0,7.4,A,-1.6
11681,medium,0,1.0,16.0,7.5,D,5.4
11682,low,2,7.0,11.0,2.6,A,-100.0
11683,high,1,9.0,1.0,4.4,C,-17.7
11684,medium,3,32.0,2.0,6.2,C,-12.5
11685,medium,1,26.0,0.0,5.7,A,-9.6
11686,low,3,4.0,39.0,2.9,A,-100.0
11687,high,1,15.0,2.0,3.8,A,-100.0
11688,medium,2,6.0,5.0,2.1,A,-100.0
11689,medium,1,30.0,24.0,9.6,A,11.6
11690,low,0,2.0,12.0,9.9,A,15.0
11691,low,3,10.0,26.0,2.5,A,-100.0
11692,medium,4,11.0,28.0,9.4,D,5.0
11693,medium,2,13.0,4.0,3.8,A,-100.0
11694,high,2,8.0,10.0,4.8,A,-17.8
11695,low,0,6.0,36.0,8.7,A,12.1
11696,low,4,23.0,5.0,2.6,A,-100.0
11697,none,0,19.0,7.0,5.4,C,-8.3
11698,low,1,14.0,28.0,3.7,C,-18.8
11699,none,1,8.0,18.0,5.6,C,-8.4
11700,medium,1,24.0,7.0,2.4,B,-100.0
11701,none,0,15.0,16.0,2.5,B,-100.0
11702,medium,1,8.0,4.0,8.3,C,6.5
11703,high,0,8.0,36.0,8.2,A,6.1
11704,medium,1,,4.0,1.6,C,
11705,high,2,11.0,50.0,8.5,A,2.6
11706,medium,3,4.0,9.0,9.4,C,8.0
11707,high,0,7.0,4.0,9.2,A,11.4
11708,low,1,9.0,12.0,2.9,A,-100.0
11709,medium,0,7.0,3.0,5.3,A,-7.4
11710,low,0,9.0,3.0,2.2,C,-100.0
11711,medium,2,0.0,3.0,9.4,C,10.8
11712,high,3,3.0,2.0,9.4,A,5.4
11713,high,3,5.0,3.0,5.1,A,-18.4
11714,low,1,6.0,0.0,3.0,A,-100.0
11715,low,4,8.0,10.0,8.5,A,0.5
11716,low,3,9.0,5.0,8.3,B,1.8
11717,low,0,8.0,1.0,9.9,C,15.0
11718,medium,0,11.0,21.0,8.0,C,7.2
11719,medium,1,8.0,6.0,1.0,A,-100.0
11720,low,0,19.0,1.0,3.7,A,-17.1
11721,medium,0,10.0,10.0,1.4,A,-100.0
11722,high,2,1.0,4.0,3.1,A,-100.0
11723,high,2,5.0,25.0,1.6,C,-100.0
11724,high,1,25.0,1.0,8.3,A,2.1
11725,low,0,4.0,8.0,4.4,C,-11.6
11726,medium,3,2.0,23.0,8.1,A,1.2
11727,high,0,14.0,3.0,6.5,A,-4.1
11728,low,1,5.0,4.0,1.0,A,-100.0
11729,low,0,10.0,15.0,4.2,C,-13.3
11730,high,3,3.0,1.0,9.2,B,4.3
11731,medium,0,8.0,25.0,3.0,A,-19.9
11732,medium,2,6.0,8.0,8.3,A,4.2
11733,high,1,16.0,17.0,6.3,A,-7.8
11734,high,0,5.0,16.0,1.3,C,-100.0
11735,,1,0.0,27.0,2.0,A,-100.0
11736,low,0,36.0,25.0,8.3,C,6.8
11737,low,1,21.0,2.0,9.1,A,9.9
11738,high,2,9.0,2.0,8.5,A,2.3
11739,medium,1,34.0,5.0,1.6,B,-100.0
11740,none,1,1.0,6.0,,A,
11741,low,1,13.0,20.0,9.4,A,12.6
11742,medium,2,3.0,20.0,3.8,A,-100.0
11743,high,1,9.0,9.0,8.5,A,4.9
11744,high,2,3.0,8.0,6.1,C,-10.2
11745,low,1,18.0,11.0,3.6,A,-19.9
11746,high,2,13.0,13.0,8.9,C,4.3
11747,low,0,10.0,13.0,7.0,A,2.1
11748,high,2,12.0,25.0,9.1,A,5.6
11749,medium,2,7.0,2.0,5.7,B,-10.2
11750,high,1,13.0,7.0,3.1,A,-100.0
11751,medium,1,10.0,14.0,2.6,D,-100.0
11752,low,2,14.0,21.0,9.6,A,11.1
11753,low,1,9.0,25.0,9.9,B,15.0
11754,medium,3,5.0,3.0,1.4,C,-100.0
11755,low,4,0.0,3.0,7.9,A,-2.0
11756,high,0,12.0,9.0,10.0,A,15.0
11757,low,2,3.0,1.0,4.8,A,-14.4
11758,low,0,31.0,4.0,2.1,A,-100.0
11759,low,3,24.0,26.0,7.6,A,-3.4
11760,none,3,8.0,9.0,9.0,A,5.2
11761,high,3,7.0,31.0,9.9,A,8.0
11762,medium,0,8.0,7.0,8.4,C,9.6
11763,high,1,12.0,27.0,1.9,A,-100.0
11764,,5,12.0,13.0,5.6,A,-18.9
11765,medium,0,17.0,38.0,5.2,A,-8.6
11766,high,1,6.0,4.0,1.8,A,-100.0
11767,medium,1,6.0,23.0,9.4,A,12.9
11768,low,0,9.0,4.0,8.3,A,9.3
11769,medium,0,10.0,6.0,3.9,A,-15.4
11770,high,1,13.0,5.0,1.2,A,-100.0
11771,low,1,,8.0,10.0,C,
11772,low,1,9.0,4.0,9.0,C,10.6
11773,medium,3,11.0,18.0,9.7,A,9.0
11774,high,1,7.0,43.0,9.5,A,11.0
11775,high,0,7.0,11.0,9.2,A,11.5
11776,high,2,10.0,5.0,8.8,A,3.9
11777,low,2,11.0,11.0,8.7,B,6.3
11778,none,4,3.0,10.0,7.0,B,-7.8
11779,none,1,17.0,10.0,3.0,A,-100.0
11780,medium,1,4.0,5.0,9.2,A,11.8
11781,none,3,6.0,6.0,5.6,A,-13.4
11782,medium,0,8.0,14.0,1.9,B,-100.0
11783,low,2,5.0,6.0,1.5,A,-100.0
11784,high,1,3.0,3.0,1.6,A,-100.0
11785,none,2,17.0,22.0,5.5,A,-12.4
11786,,0,7.0,7.0,5.4,A,-7.1
11787,medium,2,10.0,13.0,6.2,A,-7.7
11788,high,0,13.0,4.0,8.4,D,6.4
11789,medium,2,6.0,2.0,5.9,C,-9.0
11790,none,3,8.0,10.0,5.4,A,-14.6
11791,medium,1,8.0,1.0,9.0,A,10.3
11792,none,2,6.0,4.0,9.8,A,12.2
11793,medium,3,8.0,23.0,3.7,A,-100.0
11794,none,2,11.0,1.0,4.9,A,-15.3
11795,medium,0,30.0,2.0,1.7,C,-100.0
11796,low,3,6.0,15.0,6.6,D,-7.2
11797,none,2,6.0,16.0,3.7,A,-100.0
11798,medium,2,14.0,23.0,1.5,A,-100.0
11799,medium,0,14.0,9.0,9.9,A,15.0
11800,none,5,10.0,9.0,7.4,C,-8.8
11801,medium,1,10.0,14.0,4.6,B,-14.0
11802,low,1,4.0,8.0,2.9,A,-100.0
11803,medium,0,10.0,2.0,9.3,C,14.3
11804,medium,2,,29.0,1.3,C,
11805,none,3,4.0,26.0,7.6,A,-2.0
11806,,0,3.0,22.0,7.8,A,6.7
11807,medium,0,11.0,2.0,6.9,A,1.0
11808,high,2,11.0,22.0,9.3,C,6.7
11809,medium,1,4.0,10.0,2.7,B,-100.0
11810,none,1,11.0,28.0,8.6,A,7.9
11811,medium,1,3.0,3.0,9.5,C,13.6
11812,medium,1,8.0,2.0,9.4,A,12.5
11813,low,1,7.0,15.0,1.8,A,-100.0
11814,none,1,4.0,4.0,6.2,A,-4.9
11815,low,1,4.0,50.0,6.0,A,-4.9
11816,high,0,4.0,7.0,9.2,C,11.7
11817,medium,4,6.0,0.0,1.1,A,-100.0
11818,high,2,7.0,3.0,9.5,A,8.1
11819,low,0,19.0,5.0,1.9,A,-100.0
11820,medium,5,18.0,2.0,9.0,A,-0.7
11821,low,2,2.0,2.0,8.6,A,6.6
11822,medium,2,15.0,1.0,8.7,B,5.5
11823,medium,1,23.0,3.0,1.0,A,-100.0
11824,,1,1.0,0.0,8.3,B,6.9
11825,medium,2,10.0,26.0,5.4,A,-11.9
11826,low,2,5.0,8.0,2.1,A,-100.0
11827,low,3,14.0,2.0,8.8,A,4.0
11828,high,2,3.0,1.0,4.7,D,-18.0
11829,medium,0,5.0,3.0,8.5,A,10.4
11830,low,2,9.0,21.0,5.1,C,-13.2
11831,medium,2,7.0,20.0,2.0,A,-100.0
11832,high,5,0.0,27.0,8.8,A,-2.4
11833,high,2,26.0,12.0,2.0,A,-100.0
11834,low,3,6.0,9.0,3.8,A,-100.0
11835,medium,2,4.0,49.0,8.5,A,5.9
11836,high,1,23.0,1.0,8.4,B,2.9
11837,high,1,8.0,17.0,5.7,B,-10.3
11838,none,2,12.0,1.0,9.3,A,8.8
11839,low,1,15.0,13.0,6.6,A,-3.1
11840,low,1,31.0,9.0,1.9,A,-100.0
11841,none,0,17.0,1.0,2.7,A,-100.0
11842,medium,1,6.0,3.0,9.2,A,11.6
11843,low,0,18.0,1.0,4.2,B,-14.2
11844,none,1,1.0,2.0,9.0,B,10.8
11845,low,0,2.0,7.0,2.3,A,-100.0
11846,high,1,2.0,6.0,7.7,A,1.2
11847,high,4,21.0,44.0,9.1,A,-0.1
11848,low,3,13.0,10.0,1.8,A,-100.0
11849,low,3,4.0,7.0,2.4,A,-100.0
11850,low,1,11.0,16.0,1.6,B,-100.0
11851,medium,1,14.0,41.0,9.7,A,14.0
11852,high,1,8.0,20.0,3.3,C,-100.0
11853,medium,2,8.0,23.0,5.8,C,-9.6
11854,high,4,22.0,28.0,3.5,A,-100.0
11855,medium,1,3.0,2.0,6.9,C,-0.7
11856,medium,0,8.0,3.0,3.5,D,-17.4
11857,low,3,12.0,1.0,4.3,A,-100.0
11858,none,1,14.0,21.0,6.1,A,-6.3
11859,high,2,19.0,1.0,2.1,B,-100.0
11860,high,1,8.0,13.0,8.6,A,5.6
11861,medium,0,3.0,26.0,4.8,A,-9.5
11862,high,1,18.0,27.0,7.3,A,-2.4
11863,low,2,1.0,3.0,7.1,A,-1.5
11864,high,1,11.0,21.0,1.1,A,-100.0
11865,medium,0,9.0,10.0,8.4,A,9.5
11866,high,3,10.0,2.0,9.2,C,3.6
11867,medium,2,6.0,1.0,9.6,A,11.3
11868,medium,3,3.0,3.0,8.6,A,3.6
11869,high,0,18.0,18.0,4.4,A,-15.9
11870,high,2,19.0,2.0,1.8,A,-100.0
11871,none,2,10.0,50.0,4.8,A,-15.2
11872,medium,0,7.0,33.0,4.6,A,-11.0
11873,low,3,23.0,6.0,3.3,C,-100.0
11874,low,3,5.0,0.0,4.2,A,-100.0
11875,high,4,4.0,44.0,2.2,A,-100.0
11876,medium,1,2.0,3.0,8.4,C,7.6
11877,medium,2,9.0,7.0,8.2,A,3.4
11878,low,5,8.0,6.0,9.3,A,2.4
11879,medium,1,8.0,1.0,6.3,A,-4.5
11880,high,0,6.0,11.0,3.6,A,-19.2
11881,low,3,17.0,1.0,2.4,A,-100.0
11882,medium,2,9.0,3.0,9.9,A,12.7
11883,none,4,3.0,0.0,9.5,A,5.8
11884,none,1,6.0,16.0,8.5,A,7.7
11885,high,0,4.0,5.0,5.0,A,-11.4
11886,low,3,4.0,21.0,8.5,A,3.5
11887,low,2,9.0,19.0,5.8,A,-9.3
11888,low,1,6.0,10.0,4.2,A,-15.4
11889,medium,2,4.0,4.0,7.4,A,-0.6
11890,high,2,10.0,11.0,9.1,C,5.6
11891,medium,2,5.0,10.0,2.3,C,-100.0
11892,high,0,9.0,16.0,3.2,C,-100.0
11893,low,3,15.0,12.0,9.9,A,10.0
11894,low,0,2.0,0.0,2.5,B,-100.0
11895,high,1,18.0,3.0,4.9,A,-15.8
11896,high,0,19.0,17.0,2.4,A,-100.0
11897,medium,0,4.0,1.0,8.6,A,11.0
11898,high,0,7.0,32.0,4.1,A,-16.4
11899,medium,3,13.0,1.0,7.8,A,-1.8
11900,none,1,9.0,28.0,5.4,D,-9.5
11901,medium,0,13.0,50.0,9.1,A,13.4
11902,none,0,4.0,13.0,8.2,A,8.7
11903,high,1,5.0,10.0,4.0,A,-19.4
11904,none,2,5.0,3.0,1.5,A,-100.0
11905,high,2,6.0,5.0,8.3,A,1.6
11906,,1,5.0,3.0,7.6,B,2.7
11907,high,1,12.0,13.0,9.7,D,11.3
11908,high,0,3.0,9.0,5.1,A,-10.7
11909,,3,9.0,50.0,3.5,A,-100.0
11910,low,1,15.0,22.0,4.6,A,-14.0
11911,low,1,4.0,32.0,9.4,A,13.6
11912,medium,1,3.0,3.0,2.7,A,-100.0
11913,low,0,13.0,28.0,3.4,A,-17.9
11914,low,1,15.0,7.0,5.9,A,-7.0
11915,medium,1,6.0,11.0,6.6,D,-2.6
11916,high,0,13.0,6.0,9.5,B,12.5
11917,high,4,5.0,3.0,1.1,A,-100.0
11918,none,1,7.0,1.0,2.7,A,-100.0
11919,high,2,5.0,10.0,3.6,C,-100.0
11920,low,3,14.0,7.0,5.2,D,-15.8
11921,high,0,6.0,10.0,8.5,C,7.7
11922,low,1,4.0,6.0,3.1,D,-100.0
11923,high,3,6.0,4.0,8.9,D,2.4
11924,none,2,7.0,33.0,1.8,A,-100.0
11925,none,3,6.0,6.0,9.4,A,7.5
11926,high,1,13.0,4.0,8.8,A,6.1
11927,high,1,4.0,28.0,5.5,A,-10.9
11928,low,2,5.0,2.0,8.8,B,7.4
11929,none,3,9.0,6.0,8.6,A,2.8
11930,low,1,8.0,21.0,7.2,C,1.0
11931,high,3,15.0,1.0,6.1,A,-14.0
11932,low,1,19.0,31.0,9.2,A,11.0
11933,low,5,13.0,9.0,10.0,C,5.8
11934,low,2,30.0,5.0,9.1,C,6.6
11935,low,1,11.0,2.0,8.3,C,6.5
11936,high,1,21.0,3.0,8.0,A,0.9
11937,high,1,7.0,5.0,2.7,A,-100.0
11938,medium,1,3.0,0.0,8.7,A,9.2
11939,high,1,8.0,8.0,3.4,B,-100.0
11940,none,1,11.0,4.0,3.5,A,-100.0
11941,low,1,13.0,8.0,6.9,A,-1.3
11942,low,2,4.0,6.0,1.2,A,-100.0
11943,high,1,21.0,6.0,8.6,A,4.2
11944,high,0,4.0,7.0,4.6,C,-13.6
11945,high,1,20.0,36.0,3.3,A,-100.0
11946,none,3,12.0,13.0,3.6,A,-100.0
11947,low,1,2.0,5.0,1.9,A,-100.0
11948,low,0,19.0,9.0,2.2,A,-100.0
11949,none,2,15.0,8.0,2.2,A,-100.0
11950,high,0,4.0,16.0,8.2,A,6.3
11951,low,1,40.0,5.0,9.0,A,7.5
11952,medium,0,14.0,39.0,3.0,A,-100.0
11953,medium,0,9.0,4.0,1.0,A,-100.0
11954,low,1,8.0,35.0,9.1,A,11.6
11955,low,0,17.0,50.0,8.6,A,10.6
11956,medium,2,,9.0,9.4,C,
11957,none,4,5.0,11.0,7.7,A,-4.2
11958,medium,0,6.0,23.0,7.8,A,6.6
11959,low,1,7.0,2.0,3.4,A,-20.0
11960,high,3,4.0,8.0,6.5,B,-10.6
11961,medium,4,7.0,7.0,10.0,B,8.5
11962,medium,1,4.0,22.0,7.1,A,0.5
11963,high,2,5.0,4.0,1.4,A,-100.0
11964,high,0,6.0,0.0,9.2,C,11.5
11965,none,1,24.0,21.0,3.6,C,-100.0
11966,high,1,9.0,3.0,9.9,A,12.6
11967,low,4,10.0,6.0,8.3,A,-0.8
11968,low,2,2.0,9.0,1.9,A,-100.0
11969,high,1,9.0,1.0,5.9,A,-9.5
11970,medium,3,23.0,18.0,6.8,A,-8.1
11971,high,3,2.0,16.0,1.9,A,-100.0
11972,high,2,1.0,12.0,2.1,A,-100.0
11973,low,2,17.0,2.0,1.1,A,-100.0
11974,none,3,7.0,1.0,7.8,A,-1.4
11975,high,1,2.0,6.0,6.1,C,-7.6
11976,low,2,18.0,43.0,8.6,C,5.4
11977,low,0,9.0,14.0,2.2,B,-100.0
11978,high,1,4.0,1.0,9.4,A,10.3
11979,high,2,10.0,35.0,8.7,C,3.7
11980,high,2,14.0,8.0,5.9,A,-12.4
11981,low,1,8.0,6.0,8.6,D,8.5
11982,medium,6,5.0,1.0,3.5,A,-100.0
11983,medium,2,5.0,4.0,9.1,A,8.7
11984,low,6,1.0,1.0,8.5,D,-3.9
11985,none,1,6.0,5.0,3.2,A,-100.0
11986,low,2,7.0,0.0,8.4,A,5.0
11987,low,1,17.0,5.0,3.9,A,-18.2
11988,none,2,12.0,20.0,2.2,A,-100.0
11989,medium,3,10.0,9.0,10.0,A,10.7
11990,low,2,13.0,5.0,4.7,B,-15.9
11991,medium,1,7.0,22.0,3.0,A,-100.0
11992,none,0,,7.0,9.4,C,
11993,,0,11.0,10.0,6.8,C,0.3
11994,medium,3,7.0,1.0,9.6,A,8.7
11995,none,3,8.0,13.0,3.3,A,-100.0
11996,medium,2,27.0,13.0,6.1,A,-9.9
11997,high,2,9.0,1.0,8.9,A,4.5
11998,high,6,15.0,24.0,3.4,A,-100.0
11999,high,0,9.0,14.0,6.1,A,-5.7
12000,low,2,3.0,50.0,9.6,A,12.5
12001,medium,1,2.0,17.0,1.4,A,-100.0
12002,none,0,22.0,7.0,2.9,A,-100.0
12003,medium,1,2.0,17.0,1.5,A,-100.0
12004,medium,2,19.0,15.0,8.7,A,5.2
12005,medium,1,7.0,11.0,6.2,B,-4.9
12006,low,1,25.0,13.0,8.4,C,5.8
12007,low,3,9.0,7.0,9.3,B,7.3
12008,none,1,8.0,9.0,5.2,D,-10.7
12009,low,2,4.0,4.0,8.7,B,7.0
12010,high,3,10.0,6.0,6.8,A,-9.6
12011,high,5,6.0,4.0,8.4,D,-5.4
12012,medium,1,8.0,3.0,3.7,A,-18.8
12013,high,3,15.0,3.0,1.8,B,-100.0
12014,medium,1,16.0,12.0,3.4,A,-100.0
12015,none,2,11.0,14.0,7.9,A,1.4
12016,high,4,5.0,41.0,4.8,A,-100.0
12017,high,2,14.0,7.0,9.2,A,5.7
12018,medium,1,6.0,3.0,9.9,A,15.0
12019,medium,3,6.0,20.0,10.0,C,11.2
12020,medium,1,5.0,1.0,9.4,A,12.8
12021,high,0,6.0,0.0,5.2,A,-10.5
12022,low,0,3.0,47.0,7.2,A,4.3
12023,low,2,16.0,11.0,9.6,A,10.8
12024,high,0,8.0,7.0,8.3,A,6.4
12025,high,0,18.0,5.0,2.1,C,-100.0
12026,high,2,7.0,10.0,7.5,A,-2.9
12027,high,2,17.0,37.0,7.8,A,-2.0
12028,low,0,5.0,3.0,9.9,A,15.0
12029,medium,0,3.0,9.0,2.5,C,-100.0
12030,high,1,9.0,5.0,7.9,B,1.6
12031,medium,2,4.0,7.0,3.5,A,-100.0
12032,low,1,9.0,11.0,8.2,A,6.3
12033,none,1,12.0,7.0,1.9,A,-100.0
12034,low,3,17.0,10.0,2.7,C,-100.0
12035,high,1,8.0,1.0,8.3,A,3.8
12036,medium,0,7.0,16.0,9.4,A,15.0
12037,low,0,15.0,12.0,9.1,A,13.1
12038,high,1,13.0,10.0,5.1,A,-14.2
12039,high,1,14.0,37.0,3.8,C,-100.0
12040,medium,2,13.0,29.0,6.0,A,-8.9
12041,medium,4,6.0,0.0,6.4,A,-11.3
12042,medium,2,4.0,25.0,8.7,A,6.8
12043,medium,0,8.0,8.0,3.9,C,-15.2
12044,low,1,4.0,5.0,4.6,A,-13.1
12045,high,1,10.0,2.0,8.0,A,2.0
12046,high,2,3.0,50.0,9.5,A,8.9
12047,high,0,8.0,15.0,7.6,A,2.6
12048,low,1,5.0,7.0,2.0,C,-100.0
12049,none,0,3.0,9.0,8.9,A,12.6
12050,low,2,11.0,2.0,8.0,A,2.4
12051,none,5,12.0,24.0,7.1,A,-10.5
12052,none,0,13.0,10.0,5.0,D,-9.8
12053,medium,0,7.0,31.0,9.7,C,15.0
12054,none,1,2.0,19.0,9.8,A,15.0
12055,medium,1,5.0,3.0,8.0,A,5.1
12056,high,1,5.0,7.0,1.4,B,-100.0
12057,high,2,5.0,3.0,9.1,A,6.0
12058,low,1,11.0,3.0,8.0,A,4.9
12059,low,3,5.0,50.0,1.9,A,-100.0
12060,medium,0,14.0,4.0,5.8,B,-5.4
12061,low,0,16.0,5.0,7.0,C,1.4
12062,medium,0,22.0,6.0,6.4,A,-2.8
12063,medium,1,10.0,22.0,8.7,A,8.7
12064,low,0,1.0,2.0,5.6,A,-4.8
12065,,1,1.0,31.0,9.6,A,14.4
12066,none,2,3.0,17.0,8.2,C,3.8
12067,low,1,11.0,6.0,9.6,C,13.7
12068,none,2,20.0,12.0,3.6,A,-100.0
12069,,1,10.0,39.0,8.4,A,7.0
12070,high,6,14.0,15.0,6.7,C,-17.9
12071,high,0,5.0,11.0,9.7,C,14.4
12072,low,2,19.0,29.0,8.1,A,2.4
12073,medium,1,3.0,4.0,3.2,A,-100.0
12074,none,2,4.0,37.0,4.8,B,-14.7
12075,high,1,,14.0,3.0,C,
12076,medium,1,13.0,4.0,8.0,C,4.3
12077,high,1,3.0,21.0,7.1,A,-2.1
12078,none,1,17.0,11.0,9.3,A,10.9
12079,medium,1,16.0,11.0,3.4,A,-100.0
12080,high,0,31.0,1.0,1.1,C,-100.0
12081,high,1,2.0,5.0,8.2,C,3.9
12082,none,2,13.0,1.0,8.7,A,5.4
12083,high,2,9.0,28.0,7.6,C,-2.3
12084,,1,21.0,17.0,8.1,C,4.0
12085,,3,8.0,2.0,2.8,A,-100.0
12086,high,0,8.0,13.0,8.9,C,9.8
12087,medium,1,1.0,0.0,4.9,A,-11.6
12088,low,3,5.0,3.0,9.3,A,7.7
12089,medium,1,16.0,6.0,4.9,A,-13.0
12090,low,2,9.0,9.0,1.6,C,-100.0
12091,none,2,19.0,29.0,1.2,A,-100.0
12092,high,0,23.0,9.0,9.2,A,9.9
12093,high,0,8.0,2.0,9.4,A,12.4
12094,low,1,8.0,4.0,2.4,A,-100.0
12095,high,2,8.0,18.0,6.4,A,-8.9
12096,high,1,3.0,46.0,9.4,A,10.8
12097,high,0,7.0,4.0,9.1,A,10.9
12098,high,1,9.0,7.0,1.8,A,-100.0
12099,high,2,11.0,13.0,8.6,A,2.8
12100,high,2,10.0,8.0,6.9,A,-6.5
12101,low,1,12.0,20.0,8.2,C,6.1
12102,low,2,2.0,9.0,6.0,A,-7.6
12103,high,2,10.0,13.0,5.7,A,-13.0
12104,high,0,6.0,11.0,3.4,C,-100.0
12105,low,0,9.0,15.0,5.3,A,-7.1
12106,none,1,6.0,13.0,8.6,A,8.2
12107,high,2,7.0,8.0,3.8,A,-100.0
12108,low,0,21.0,13.0,1.2,A,-100.0
12109,medium,0,10.0,2.0,3.8,A,-16.0
12110,medium,2,12.0,0.0,4.9,C,-15.2
12111,high,1,1.0,18.0,9.7,A,12.4
12112,medium,1,8.0,1.0,10.0,A,15.0
12113,low,3,1.0,7.0,2.4,A,-100.0
12114,high,4,9.0,21.0,3.5,B,-100.0
12115,none,3,17.0,21.0,4.8,D,-18.7
12116,high,2,7.0,9.0,1.9,B,-100.0
12117,medium,1,12.0,9.0,1.0,A,-100.0
12118,medium,3,8.0,13.0,6.5,A,-8.3
12119,medium,1,0.0,10.0,9.5,C,13.9
12120,high,2,22.0,18.0,9.3,A,5.6
12121,medium,1,5.0,12.0,9.0,A,10.7
12122,high,0,8.0,9.0,3.6,C,-19.4
12123,none,3,10.0,14.0,9.0,A,5.0
12124,,4,7.0,17.0,4.5,D,-100.0
12125,medium,3,14.0,50.0,9.6,B,8.5
12126,low,2,6.0,5.0,1.9,A,-100.0
12127,high,1,4.0,21.0,3.5,C,-100.0
12128,high,5,4.0,5.0,4.6,A,-100.0
12129,medium,1,15.0,6.0,8.9,A,9.1
12130,low,1,6.0,13.0,3.1,D,-100.0
12131,none,2,9.0,10.0,1.4,B,-100.0
12132,low,0,12.0,11.0,9.1,D,13.4
12133,medium,3,19.0,12.0,8.3,A,0.5
12134,low,0,8.0,1.0,1.0,A,-100.0
12135,none,0,13.0,2.0,3.4,A,-18.7
12136,high,2,27.0,9.0,9.0,A,3.4
12137,low,4,6.0,21.0,6.4,A,-10.7
12138,high,0,3.0,2.0,2.2,A,-100.0
12139,low,5,11.0,0.0,2.0,C,-100.0
12140,low,0,1.0,7.0,9.8,A,15.0
12141,medium,2,4.0,8.0,6.2,A,-7.1
12142,low,0,7.0,2.0,3.7,A,-15.9
12143,high,0,2.0,10.0,8.2,B,6.5
12144,low,3,1.0,1.0,4.9,A,-16.2
12145,medium,0,6.0,13.0,6.1,C,-2.8
12146,high,2,4.0,11.0,3.3,C,-100.0
12147,high,0,8.0,21.0,9.6,A,13.7
12148,high,2,4.0,9.0,2.5,A,-100.0
12149,low,2,7.0,2.0,9.4,A,10.5
12150,high,2,7.0,7.0,8.6,A,3.1
12151,low,2,1.0,34.0,3.4,A,-100.0
12152,high,1,2.0,2.0,1.9,A,-100.0
12153,high,1,4.0,7.0,7.3,A,-1.2
12154,low,1,4.0,12.0,3.4,C,-19.6
12155,low,1,5.0,3.0,10.0,A,15.0
12156,none,0,19.0,6.0,3.9,A,-16.5
12157,high,3,15.0,5.0,7.8,A,-4.6
12158,high,1,14.0,38.0,8.4,A,4.2
12159,low,1,7.0,1.0,1.5,A,-100.0
12160,medium,4,7.0,1.0,6.1,A,-13.0
12161,medium,1,8.0,2.0,3.3,A,-100.0
12162,low,1,14.0,21.0,9.8,D,14.7
12163,low,0,10.0,7.0,3.8,A,-15.6
12164,high,1,5.0,32.0,9.2,C,9.4
12165,low,0,13.0,4.0,9.4,A,14.9
12166,low,1,13.0,3.0,5.3,A,-10.2
12167,high,1,4.0,15.0,2.1,C,-100.0
12168,high,2,5.0,23.0,,D,
12169,high,3,6.0,3.0,8.3,C,-0.9
12170,high,2,8.0,5.0,1.1,C,-100.0
12171,high,1,23.0,10.0,7.0,A,-4.7
12172,high,2,9.0,0.0,8.4,A,1.8
12173,high,1,9.0,14.0,9.8,A,12.1
12174,high,1,12.0,13.0,5.9,C,-9.6
12175,low,0,2.0,7.0,8.2,A,9.5
12176,low,3,13.0,21.0,8.8,A,4.3
12177,low,4,11.0,13.0,4.8,A,-100.0
12178,none,1,14.0,1.0,2.7,A,-100.0
12179,medium,4,9.0,16.0,1.3,D,-100.0
12180,,1,5.0,1.0,5.7,A,-7.8
12181,low,2,23.0,7.0,9.1,A,7.3
12182,,0,,4.0,3.8,C,
12183,medium,3,5.0,4.0,4.7,A,-18.0
12184,low,2,24.0,1.0,9.3,A,8.2
12185,low,2,8.0,14.0,9.3,A,10.0
12186,medium,0,20.0,5.0,6.7,C,-1.0
12187,low,2,12.0,38.0,3.1,A,-100.0
12188,medium,2,7.0,22.0,2.0,A,-100.0
12189,medium,1,17.0,27.0,9.4,A,11.9
12190,low,1,5.0,1.0,1.2,A,-100.0
12191,high,1,5.0,0.0,3.2,C,-100.0
12192,,2,2.0,22.0,9.8,A,12.8
12193,medium,2,11.0,1.0,6.6,C,-5.7
12194,low,3,5.0,25.0,1.2,C,-100.0
12195,medium,1,17.0,34.0,2.6,C,-100.0
12196,medium,4,15.0,18.0,9.7,A,6.1
12197,high,5,3.0,3.0,3.9,A,-100.0
12198,high,2,10.0,1.0,7.4,A,-3.8
12199,none,3,7.0,16.0,1.7,B,-100.0
12200,medium,2,26.0,4.0,8.9,C,5.5
12201,high,1,2.0,16.0,1.2,C,-100.0
12202,low,1,2.0,3.0,,A,
12203,low,2,13.0,6.0,2.5,C,-100.0
12204,low,3,10.0,10.0,8.2,A,1.2
12205,medium,2,14.0,10.0,1.9,A,-100.0
12206,high,3,6.0,2.0,5.5,D,-16.4
12207,high,1,6.0,12.0,5.0,A,-14.0
12208,medium,2,13.0,7.0,8.2,C,3.0
12209,medium,1,7.0,2.0,1.7,C,-100.0
12210,low,1,7.0,0.0,8.9,C,10.2
12211,none,0,,1.0,9.5,C,
12212,medium,7,9.0,46.0,8.2,A,-8.7
12213,low,2,11.0,14.0,3.4,C,-100.0
12214,high,2,8.0,5.0,2.0,A,-100.0
12215,none,1,10.0,19.0,5.9,A,-7.0
12216,medium,0,11.0,11.0,6.8,A,0.5
12217,high,3,7.0,23.0,6.3,A,-11.8
12218,medium,0,12.0,2.0,10.0,A,15.0
12219,none,0,13.0,3.0,7.2,A,2.2
12220,low,1,4.0,1.0,8.9,B,10.5
12221,high,1,10.0,50.0,1.9,A,-100.0
12222,high,1,7.0,19.0,1.3,C,-100.0
12223,low,0,9.0,9.0,9.3,C,14.8
12224,none,2,11.0,25.0,8.4,B,4.2
12225,medium,3,23.0,2.0,8.3,A,-0.0
12226,medium,0,28.0,1.0,9.4,A,13.0
12227,,4,13.0,9.0,7.1,A,-8.3
12228,low,0,3.0,2.0,4.6,A,-10.5
12229,low,4,22.0,9.0,3.5,A,-100.0
12230,medium,1,13.0,29.0,10.0,A,15.0
12231,none,2,,31.0,9.3,C,
12232,medium,1,7.0,7.0,6.3,A,-4.4
12233,low,3,5.0,6.0,3.2,C,-100.0
12234,low,4,19.0,37.0,6.5,A,-11.3
12235,medium,0,13.0,25.0,8.3,C,8.7
12236,low,3,13.0,8.0,6.7,A,-7.4
12237,,2,8.0,20.0,8.9,A,7.2
12238,high,0,3.0,2.0,8.0,A,5.2
12239,low,3,13.0,2.0,3.5,A,-100.0
12240,none,2,3.0,15.0,1.0,A,-100.0
12241,none,2,14.0,5.0,1.2,A,-100.0
12242,none,2,35.0,24.0,4.2,B,-100.0
12243,medium,2,9.0,8.0,8.3,A,3.9
12244,none,1,10.0,15.0,8.6,A,7.8
12245,medium,1,14.0,17.0,1.9,A,-100.0
12246,low,2,1.0,8.0,2.3,A,-100.0
12247,high,4,13.0,12.0,8.8,A,-1.3
12248,high,4,3.0,8.0,9.9,A,5.7
12249,medium,4,24.0,9.0,9.1,A,1.8
12250,low,2,4.0,22.0,7.2,B,-1.1
12251,high,0,3.0,10.0,6.2,C,-4.6
12252,high,2,23.0,18.0,1.6,A,-100.0
12253,high,1,3.0,0.0,2.4,A,-100.0
12254,medium,1,6.0,28.0,7.6,B,3.1
12255,medium,2,,0.0,4.5,C,
12256,high,3,5.0,0.0,9.0,B,3.0
12257,low,2,9.0,4.0,4.2,A,-18.3
12258,none,5,5.0,9.0,1.6,B,-100.0
12259,low,1,8.0,17.0,1.7,A,-100.0
12260,low,1,5.0,2.0,2.5,A,-100.0
12261,high,0,22.0,18.0,1.7,A,-100.0
12262,high,2,7.0,35.0,1.7,A,-100.0
12263,high,3,22.0,7.0,9.8,A,5.8
12264,low,2,8.0,0.0,8.2,A,3.8
12265,medium,3,3.0,6.0,2.2,A,-100.0
12266,low,0,3.0,10.0,8.9,A,13.2
12267,low,0,16.0,15.0,1.2,C,-100.0
12268,low,2,36.0,7.0,4.1,A,-100.0
12269,medium,1,8.0,9.0,6.7,A,-2.3
12270,high,1,5.0,5.0,8.8,A,6.9
12271,medium,5,13.0,28.0,9.6,A,3.4
12272,high,1,5.0,2.0,9.3,A,9.6
12273,high,2,6.0,16.0,6.8,A,-6.6
12274,high,4,13.0,32.0,2.1,A,-100.0
12275,high,3,1.0,7.0,5.7,A,-14.7
12276,low,1,3.0,41.0,1.8,C,-100.0
12277,high,0,7.0,0.0,7.8,A,3.7
12278,medium,1,,27.0,8.9,C,
12279,high,2,3.0,5.0,6.2,A,-9.7
12280,high,3,10.0,8.0,9.4,A,4.7
12281,high,1,13.0,50.0,4.1,A,-19.3
12282,medium,1,2.0,37.0,1.3,A,-100.0
12283,none,0,2.0,2.0,8.9,A,12.6
12284,low,0,7.0,3.0,7.3,D,4.0
12285,high,1,1.0,1.0,2.8,A,-100.0
12286,high,0,12.0,8.0,9.6,A,13.2
12287,none,2,16.0,4.0,8.3,A,3.0
12288,medium,1,2.0,1.0,7.6,A,3.2
12289,high,2,39.0,33.0,2.2,A,-100.0
12290,low,1,5.0,32.0,9.5,A,14.0
12291,low,3,11.0,10.0,2.2,A,-100.0
12292,high,1,6.0,29.0,2.2,B,-100.0
12293,low,2,18.0,21.0,3.5,A,-100.0
12294,none,1,9.0,18.0,2.1,B,-100.0
12295,high,1,7.0,6.0,2.1,B,-100.0
12296,high,1,6.0,8.0,7.8,A,1.3
12297,high,4,8.0,6.0,8.4,B,-3.1
12298,high,1,11.0,7.0,5.2,A,-13.4
12299,medium,1,3.0,17.0,1.4,A,-100.0
12300,medium,0,2.0,3.0,2.2,A,-100.0
12301,,2,3.0,15.0,1.9,A,-100.0
12302,high,0,10.0,22.0,4.3,A,-15.7
12303,high,1,25.0,6.0,4.5,B,-18.7
12304,low,3,20.0,0.0,1.8,C,-100.0
12305,low,1,18.0,28.0,3.3,B,-100.0
12306,high,3,23.0,25.0,6.6,A,-11.8
12307,high,1,19.0,6.0,9.0,A,6.6
12308,none,2,18.0,4.0,8.8,B,5.5
12309,high,1,5.0,0.0,9.5,A,10.7
12310,high,1,6.0,17.0,2.6,C,-100.0
12311,low,2,6.0,7.0,9.1,A,9.0
12312,medium,2,1.0,14.0,6.7,A,-4.0
12313,none,1,24.0,2.0,8.2,A,4.1
12314,low,4,10.0,6.0,3.0,A,-100.0
12315,high,0,3.0,20.0,2.0,B,-100.0
12316,none,0,13.0,9.0,1.1,A,-100.0
12317,medium,0,16.0,15.0,9.4,A,14.4
12318,low,2,13.0,18.0,9.9,C,12.8
12319,high,0,2.0,3.0,6.3,A,-4.0
12320,high,1,25.0,0.0,3.6,A,-100.0
12321,none,0,6.0,14.0,9.1,A,13.5
12322,none,0,5.0,26.0,8.5,B,10.4
12323,none,0,21.0,4.0,9.5,A,14.1
12324,low,0,12.0,16.0,5.2,A,-8.0
12325,high,0,,14.0,1.7,C,
12326,low,2,12.0,3.0,8.8,B,6.7
12327,none,1,9.0,16.0,7.6,D,2.4
12328,high,0,3.0,31.0,9.1,A,11.5
12329,low,1,7.0,8.0,1.8,A,-100.0
12330,low,1,1.0,1.0,1.9,B,-100.0
12331,high,0,15.0,8.0,1.8,A,-100.0
12332,medium,1,3.0,9.0,9.2,A,12.0
12333,low,1,15.0,9.0,2.5,B,-100.0
12334,medium,0,8.0,8.0,5.5,A,-6.4
12335,medium,0,9.0,24.0,2.4,A,-100.0
12336,high,2,5.0,27.0,3.9,C,-100.0
12337,medium,2,3.0,4.0,8.4,C,5.0
12338,high,2,4.0,21.0,3.0,A,-100.0
12339,none,2,14.0,50.0,5.9,A,-9.6
12340,high,3,11.0,23.0,1.8,C,-100.0
12341,low,1,15.0,0.0,3.9,A,-18.1
12342,high,5,18.0,0.0,9.5,C,-0.6
12343,low,1,21.0,50.0,6.3,A,-5.0
12344,low,1,15.0,10.0,8.3,C,6.2
12345,medium,3,17.0,9.0,9.2,B,5.6
12346,none,3,11.0,19.0,8.9,A,4.4
12347,high,1,12.0,4.0,10.0,A,12.8
12348,medium,2,10.0,7.0,3.7,A,-100.0
12349,low,1,14.0,1.0,1.1,A,-100.0
12350,medium,2,13.0,4.0,9.1,C,7.9
12351,high,2,13.0,28.0,7.1,A,-5.5
12352,low,2,5.0,28.0,9.2,C,9.9
12353,medium,1,4.0,1.0,3.8,A,-17.9
12354,low,1,11.0,14.0,1.5,A,-100.0
12355,low,2,9.0,45.0,9.5,D,11.3
12356,low,1,11.0,13.0,2.2,A,-100.0
12357,high,2,12.0,23.0,1.5,A,-100.0
12358,none,1,12.0,30.0,8.1,A,5.0
12359,medium,1,6.0,6.0,7.1,A,0.1
12360,high,0,13.0,4.0,1.5,B,-100.0
12361,none,2,3.0,18.0,9.8,B,12.7
12362,medium,2,14.0,37.0,6.1,A,-8.4
12363,medium,3,8.0,21.0,8.3,B,1.7
12364,high,0,8.0,1.0,9.2,D,11.3
12365,high,2,20.0,23.0,1.6,D,-100.0
12366,medium,4,2.0,2.0,8.4,A,0.1
12367,medium,1,12.0,5.0,6.2,A,-5.4
12368,low,1,6.0,9.0,1.8,C,-100.0
12369,high,1,4.0,17.0,1.9,A,-100.0
12370,low,3,16.0,34.0,6.6,C,-8.0
12371,low,0,7.0,1.0,3.9,A,-14.8
12372,medium,0,6.0,19.0,8.9,A,12.6
12373,medium,1,,10.0,8.3,C,
12374,medium,1,18.0,4.0,6.5,C,-4.4
12375,high,0,10.0,22.0,8.2,A,5.8
12376,high,2,10.0,1.0,5.7,A,-13.2
12377,low,2,5.0,20.0,3.4,B,-100.0
12378,high,3,6.0,18.0,9.2,C,4.2
12379,high,2,22.0,13.0,1.6,A,-100.0
12380,medium,1,24.0,30.0,9.4,A,11.2
12381,low,2,6.0,4.0,3.2,C,-100.0
12382,medium,2,31.0,9.0,8.9,A,5.0
12383,,1,7.0,11.0,8.1,A,5.3
12384,low,1,24.0,2.0,9.5,C,11.8
12385,low,1,11.0,3.0,9.1,B,11.0
12386,low,0,5.0,8.0,7.6,A,5.8
12387,medium,1,15.0,3.0,2.3,C,-100.0
12388,,2,10.0,7.0,9.0,A,7.4
12389,high,1,7.0,8.0,8.3,A,4.0
12390,low,1,9.0,14.0,7.3,A,1.4
12391,high,2,7.0,8.0,2.0,C,-100.0
12392,high,4,13.0,8.0,8.4,C,-3.5
12393,medium,1,6.0,6.0,8.4,A,7.3
12394,high,0,3.0,26.0,8.5,A,8.2
12395,low,4,3.0,0.0,1.3,A,-100.0
12396,none,2,3.0,9.0,5.1,A,-13.3
12397,medium,0,7.0,33.0,3.6,C,-16.5
12398,low,1,9.0,18.0,6.9,A,-0.8
12399,low,2,13.0,50.0,8.3,A,4.3
12400,high,1,4.0,2.0,3.9,A,-20.0
12401,high,3,4.0,2.0,5.4,A,-16.7
12402,low,1,10.0,15.0,2.8,A,-100.0
12403,high,2,5.0,4.0,2.9,A,-100.0
12404,,1,1.0,3.0,9.9,A,15.0
12405,low,0,10.0,11.0,4.8,B,-10.0
12406,low,0,6.0,9.0,3.0,A,-19.5
12407,medium,0,6.0,0.0,9.8,A,15.0
12408,medium,1,13.0,3.0,8.0,A,4.3
12409,medium,1,7.0,20.0,3.4,A,-100.0
12410,medium,0,6.0,2.0,8.9,A,12.5
12411,medium,3,7.0,7.0,7.4,D,-3.3
12412,high,3,7.0,2.0,8.9,A,2.3
12413,none,6,2.0,5.0,9.4,A,0.4
12414,high,0,4.0,10.0,4.5,A,-14.1
12415,medium,0,6.0,17.0,4.8,C,-9.9
12416,none,1,3.0,23.0,9.3,C,12.5
12417,medium,2,7.0,25.0,5.5,A,-11.1
12418,none,3,7.0,40.0,1.4,A,-100.0
12419,high,2,4.0,6.0,1.3,A,-100.0
12420,medium,3,11.0,2.0,9.0,A,5.0
12421,medium,2,3.0,20.0,2.4,A,-100.0
12422,low,2,5.0,9.0,6.2,B,-6.8
12423,low,3,4.0,13.0,8.6,A,4.0
12424,low,4,6.0,0.0,8.7,C,1.7
12425,medium,4,21.0,22.0,1.6,A,-100.0
12426,low,1,3.0,14.0,3.7,A,-17.8
12427,low,1,16.0,12.0,9.1,A,10.5
12428,none,2,8.0,4.0,3.9,A,-100.0
12429,medium,0,14.0,3.0,6.7,C,-0.4
12430,high,4,3.0,4.0,1.6,A,-100.0
12431,high,2,1.0,2.0,9.7,A,9.7
12432,medium,3,6.0,22.0,9.6,A,9.0
12433,medium,0,11.0,10.0,9.2,A,13.7
12434,medium,2,8.0,15.0,3.1,A,-100.0
12435,none,4,11.0,18.0,9.1,B,3.0
12436,high,1,11.0,16.0,1.4,B,-100.0
12437,high,6,16.0,12.0,8.9,A,-6.1
12438,low,1,22.0,10.0,1.7,B,-100.0
12439,high,0,10.0,6.0,8.2,C,5.6
12440,medium,1,7.0,2.0,6.3,B,-4.4
12441,medium,2,5.0,50.0,4.4,A,-16.7
12442,,1,23.0,1.0,5.2,A,-12.3
12443,none,1,24.0,29.0,5.9,A,-8.3
12444,low,4,3.0,7.0,9.6,C,7.0
12445,low,2,8.0,0.0,4.4,A,-17.1
12446,medium,3,18.0,19.0,5.9,C,-12.6
12447,low,1,33.0,11.0,7.4,B,-0.5
12448,low,0,18.0,19.0,9.0,C,12.4
12449,high,1,10.0,21.0,8.7,A,6.0
12450,high,0,6.0,30.0,2.6,A,-100.0
12451,high,0,12.0,23.0,8.6,A,7.8
12452,low,2,14.0,8.0,9.8,A,12.1
12453,high,1,6.0,1.0,4.0,A,-19.6
12454,low,1,14.0,42.0,8.5,D,7.7
12455,low,1,5.0,50.0,1.8,A,-100.0
12456,none,1,16.0,1.0,9.7,A,13.1
12457,high,2,5.0,10.0,8.5,A,2.8
12458,medium,1,17.0,36.0,1.4,A,-100.0
12459,low,1,8.0,0.0,5.3,B,-9.7
12460,low,5,4.0,7.0,2.4,C,-100.0
12461,high,4,35.0,23.0,3.0,A,-100.0
12462,low,1,10.0,4.0,8.8,B,9.4
12463,none,2,21.0,33.0,8.4,A,3.3
12464,low,0,1.0,6.0,2.3,A,-100.0
12465,low,2,11.0,16.0,5.5,A,-11.2
12466,high,3,8.0,9.0,1.3,A,-100.0
12467,medium,4,19.0,9.0,8.3,A,-2.1
12468,high,3,4.0,1.0,5.9,A,-14.0
12469,low,1,8.0,16.0,7.3,A,1.5
12470,low,3,15.0,2.0,9.3,A,6.6
12471,high,0,25.0,2.0,7.7,A,1.3
12472,medium,1,11.0,4.0,9.6,A,13.3
12473,none,2,8.0,1.0,8.2,D,3.2
12474,none,0,8.0,3.0,7.4,A,3.8
12475,none,3,17.0,7.0,4.2,A,-100.0
12476,none,3,5.0,12.0,6.3,A,-9.4
12477,none,1,3.0,3.0,7.5,D,2.4
12478,medium,2,6.0,8.0,2.3,B,-100.0
12479,high,0,6.0,3.0,9.5,A,13.2
12480,high,1,12.0,4.0,8.6,A,5.1
12481,low,1,7.0,9.0,8.9,B,10.3
12482,high,1,5.0,5.0,3.2,A,-100.0
12483,medium,0,3.0,1.0,8.9,A,12.8
12484,low,2,1.0,10.0,9.8,A,13.4
12485,none,3,11.0,7.0,6.8,A,-7.3
12486,high,0,3.0,20.0,8.3,A,7.0
12487,low,1,19.0,10.0,4.4,A,-15.6
12488,low,2,2.0,38.0,6.3,C,-5.7
12489,low,0,19.0,4.0,2.8,A,-100.0
12490,high,4,12.0,16.0,8.7,D,-1.7
12491,low,2,1.0,10.0,4.5,A,-15.8
12492,high,1,4.0,2.0,9.1,A,8.6
12493,none,2,6.0,16.0,9.2,A,9.0
12494,medium,1,1.0,10.0,2.9,C,-100.0
12495,low,2,1.0,30.0,4.8,A,-13.9
12496,low,2,11.0,15.0,1.3,A,-100.0
12497,low,2,12.0,3.0,1.5,A,-100.0
12498,none,2,9.0,7.0,2.6,A,-100.0
12499,medium,1,5.0,5.0,2.7,B,-100.0
12500,high,0,14.0,14.0,8.6,C,7.5
12501,medium,2,28.0,16.0,6.3,A,-8.9
12502,high,0,11.0,6.0,7.8,A,3.3
12503,high,1,10.0,0.0,10.0,C,13.0
12504,high,2,3.0,36.0,1.5,A,-100.0
12505,,0,1.0,3.0,6.5,A,-0.4
12506,medium,4,7.0,1.0,3.5,A,-100.0
12507,low,2,11.0,50.0,9.3,C,10.0
12508,none,1,6.0,15.0,4.4,A,-14.9
12509,low,0,8.0,17.0,1.2,A,-100.0
12510,low,2,2.0,3.0,5.8,A,-8.8
12511,none,0,16.0,4.0,8.7,C,10.2
12512,medium,1,19.0,18.0,4.9,C,-13.2
12513,low,4,19.0,0.0,4.1,A,-100.0
12514,high,0,5.0,23.0,9.2,C,11.8
12515,medium,0,9.0,37.0,9.7,A,15.0
12516,high,3,19.0,2.0,9.7,A,5.4
12517,high,3,12.0,6.0,9.7,A,6.2
12518,high,0,5.0,1.0,4.6,A,-13.7
12519,medium,3,5.0,5.0,8.6,A,3.4
12520,high,1,4.0,16.0,1.3,A,-100.0
12521,none,0,17.0,1.0,1.4,A,-100.0
12522,low,0,5.0,28.0,9.1,A,14.3
12523,low,1,11.0,9.0,1.3,A,-100.0
12524,high,1,15.0,6.0,1.3,A,-100.0
12525,medium,1,12.0,15.0,4.4,A,-15.2
12526,none,2,3.0,49.0,5.1,A,-12.9
12527,none,2,1.0,8.0,,B,
12528,none,2,17.0,13.0,1.8,A,-100.0
12529,high,1,7.0,19.0,4.3,C,-17.9
12530,low,0,4.0,10.0,5.4,A,-6.1
12531,none,2,13.0,14.0,9.2,A,8.3
12532,high,1,3.0,19.0,4.3,B,-17.5
12533,low,2,8.0,4.0,2.9,A,-100.0
12534,medium,3,11.0,23.0,8.9,A,4.7
12535,low,0,9.0,2.0,9.5,A,15.0
12536,medium,4,9.0,8.0,3.2,A,-100.0
12537,high,0,17.0,5.0,1.2,A,-100.0
12538,low,0,13.0,17.0,8.3,A,
12539,low,1,11.0,34.0,1.8,A,-100.0
12540,,2,18.0,11.0,8.2,A,2.3
12541,low,1,13.0,41.0,4.7,A,-13.1
12542,none,2,14.0,22.0,5.0,A,-14.8
12543,low,4,18.0,1.0,7.5,A,-6.1
12544,medium,2,8.0,5.0,7.3,C,-1.5
12545,none,0,4.0,7.0,9.4,D,15.0
12546,none,1,9.0,21.0,9.9,A,15.0
12547,none,1,2.0,15.0,9.1,A,11.4
12548,high,0,6.0,9.0,6.5,B,-3.3
12549,low,1,4.0,3.0,5.9,C,-5.9
12550,high,3,8.0,7.0,9.8,A,7.1
12551,high,2,11.0,19.0,2.6,A,-100.0
12552,high,2,12.0,26.0,8.4,A,1.7
12553,high,3,4.0,2.0,5.2,A,-17.8
12554,high,1,18.0,9.0,9.4,A,9.0
12555,low,1,5.0,3.0,2.7,A,-100.0
12556,low,0,6.0,10.0,2.0,A,-100.0
12557,medium,1,5.0,3.0,8.8,A,9.5
12558,high,2,6.0,18.0,6.9,B,-6.0
12559,high,1,3.0,14.0,1.5,A,-100.0
12560,high,1,2.0,1.0,9.9,B,13.2
12561,high,2,6.0,16.0,4.5,A,-19.2
12562,medium,0,,3.0,2.5,C,
12563,high,2,15.0,0.0,9.8,A,8.9
12564,,0,4.0,7.0,8.4,B,9.7
12565,high,0,4.0,11.0,8.5,C,7.9
12566,high,4,10.0,24.0,8.4,C,-3.1
12567,low,3,2.0,17.0,2.8,D,-100.0
12568,medium,2,7.0,1.0,5.4,A,-11.9
12569,low,0,6.0,4.0,8.1,A,8.5
12570,low,0,14.0,30.0,8.1,A,7.9
12571,high,2,3.0,14.0,2.1,A,-100.0
12572,high,3,4.0,0.0,8.9,A,2.5
12573,low,3,11.0,50.0,8.6,A,3.7
12574,low,0,8.0,4.0,8.7,D,11.6
12575,medium,0,20.0,6.0,3.3,A,-19.7
12576,none,0,4.0,1.0,4.6,A,-11.2
12577,medium,1,15.0,0.0,9.5,A,12.3
12578,high,2,6.0,12.0,9.8,A,9.9
12579,medium,1,9.0,8.0,8.5,C,7.5
12580,high,0,5.0,0.0,6.3,A,-4.4
12581,medium,1,32.0,10.0,6.9,C,-3.6
12582,high,4,4.0,9.0,8.7,A,-1.0
12583,low,2,9.0,29.0,2.3,A,-100.0
12584,none,3,10.0,7.0,8.6,A,2.7
12585,none,0,22.0,14.0,10.0,C,15.0
12586,low,0,7.0,5.0,5.8,A,-4.3
12587,high,2,15.0,39.0,8.5,C,2.1
12588,medium,2,7.0,36.0,9.9,A,13.2
12589,high,2,2.0,5.0,3.9,A,-100.0
12590,low,2,28.0,9.0,8.5,A,3.5
12591,medium,0,4.0,15.0,4.4,A,-11.9
12592,low,3,4.0,48.0,8.7,C,4.9
12593,medium,0,6.0,16.0,5.5,A,-6.1
12594,high,1,5.0,4.0,8.6,A,5.8
12595,low,0,7.0,4.0,8.8,B,12.2
12596,high,2,8.0,12.0,7.8,B,-1.3
12597,high,0,26.0,50.0,1.6,C,-100.0
12598,low,2,9.0,3.0,9.1,A,8.7
12599,none,0,16.0,20.0,2.5,A,-100.0
12600,low,1,10.0,5.0,3.3,A,-100.0
12601,high,0,13.0,6.0,9.8,C,14.1
12602,medium,1,1.0,24.0,9.6,A,14.5
12603,low,4,4.0,1.0,8.2,A,-0.8
12604,low,0,5.0,0.0,3.5,A,-16.8
12605,low,1,9.0,31.0,3.0,A,-100.0
12606,low,3,11.0,2.0,6.7,C,-7.3
12607,none,3,10.0,4.0,9.6,D,8.2
12608,low,0,13.0,20.0,8.4,B,9.6
12609,low,3,10.0,10.0,8.5,D,2.8
12610,low,1,7.0,23.0,3.8,C,-17.6
12611,high,0,9.0,1.0,4.9,A,-12.5
12612,high,1,11.0,0.0,3.5,A,-100.0
12613,low,3,5.0,7.0,9.3,A,7.7
12614,medium,0,6.0,5.0,8.8,C,12.0
12615,high,2,5.0,2.0,6.1,A,-10.5
12616,high,1,3.0,17.0,2.1,A,-100.0
12617,medium,1,2.0,5.0,3.0,A,-100.0
12618,low,0,13.0,3.0,9.1,A,13.3
12619,high,1,6.0,1.0,9.0,A,7.9
12620,low,2,2.0,1.0,1.4,A,-100.0
12621,low,0,1.0,1.0,9.8,C,15.0
12622,low,5,17.0,7.0,7.2,A,-10.1
12623,medium,3,6.0,10.0,2.7,A,-100.0
12624,low,0,6.0,49.0,9.2,C,15.0
12625,high,0,12.0,3.0,3.8,A,-18.8
12626,medium,2,6.0,4.0,6.7,C,-4.6
12627,none,5,8.0,10.0,6.6,B,-13.0
12628,high,3,5.0,3.0,9.0,C,3.0
12629,none,0,12.0,3.0,8.9,B,11.7
12630,none,1,13.0,31.0,9.7,C,13.7
12631,medium,0,8.0,11.0,2.0,C,-100.0
12632,medium,0,12.0,6.0,6.4,A,-1.8
12633,low,0,5.0,2.0,1.3,A,-100.0
12634,low,2,26.0,2.0,6.4,A,-7.9
12635,high,4,9.0,14.0,2.0,A,-100.0
12636,high,0,9.0,30.0,9.7,C,14.2
12637,low,3,8.0,21.0,3.5,C,-100.0
12638,low,4,11.0,0.0,7.9,A,-3.2
12639,high,1,14.0,14.0,4.7,C,-16.4
12640,high,0,6.0,5.0,8.4,D,7.1
12641,high,3,10.0,18.0,9.8,A,7.1
12642,medium,0,9.0,2.0,9.0,A,12.7
12643,high,1,1.0,21.0,6.8,C,-3.5
12644,low,1,7.0,0.0,2.4,D,-100.0
12645,low,3,2.0,1.0,5.1,A,-15.2
12646,high,3,15.0,16.0,8.2,B,-2.3
12647,none,4,7.0,9.0,6.9,A,-8.8
12648,high,3,2.0,1.0,9.0,C,3.3
12649,high,0,6.0,24.0,2.9,C,-100.0
12650,high,2,5.0,18.0,1.8,A,-100.0
12651,none,1,9.0,0.0,3.9,C,-18.1
12652,high,1,6.0,9.0,8.4,A,4.7
12653,low,2,1.0,14.0,2.8,C,-100.0
12654,medium,0,17.0,42.0,2.7,C,-100.0
12655,medium,2,14.0,3.0,9.3,A,8.9
12656,high,3,17.0,10.0,1.8,A,-100.0
12657,medium,1,2.0,12.0,,D,
12658,none,1,11.0,14.0,8.8,A,8.8
12659,high,1,21.0,7.0,3.7,A,-100.0
12660,high,0,7.0,11.0,7.6,A,2.7
12661,none,2,5.0,4.0,1.7,A,-100.0
12662,high,2,6.0,2.0,9.6,A,8.7
12663,,0,3.0,8.0,5.4,C,-6.7
12664,high,0,8.0,1.0,9.8,A,14.6
12665,medium,1,,1.0,9.0,C,
12666,low,5,6.0,31.0,8.4,A,-2.1
12667,medium,1,7.0,50.0,9.1,A,11.4
12668,high,1,9.0,27.0,4.6,B,-16.4
12669,medium,0,12.0,12.0,9.1,D,13.1
12670,medium,5,16.0,4.0,8.7,B,-2.1
12671,none,2,17.0,10.0,1.2,A,-100.0
12672,none,0,10.0,36.0,7.7,C,5.6
12673,medium,1,5.0,3.0,8.1,B,5.7
12674,low,1,8.0,9.0,3.9,A,-17.3
12675,low,0,6.0,14.0,3.8,A,-15.1
12676,high,4,3.0,13.0,5.1,A,-100.0
12677,low,2,9.0,1.0,8.6,A,5.9
12678,low,0,17.0,6.0,9.9,A,15.0
12679,medium,0,7.0,11.0,4.6,A,-11.2
12680,medium,0,19.0,10.0,2.4,C,-100.0
12681,none,2,10.0,23.0,9.3,B,9.3
12682,low,1,2.0,5.0,9.3,B,13.0
12683,none,4,4.0,6.0,8.9,A,2.5
12684,high,3,24.0,24.0,8.7,A,-0.3
12685,none,5,13.0,6.0,9.9,A,4.6
12686,none,2,5.0,19.0,9.1,A,8.6
12687,none,6,8.0,0.0,6.2,A,-17.8
12688,high,3,8.0,41.0,9.3,A,4.7
12689,medium,2,6.0,2.0,8.1,B,3.1
12690,low,0,13.0,9.0,9.9,C,15.0
12691,high,2,8.0,10.0,3.1,C,-100.0
12692,low,1,1.0,0.0,8.3,A,7.5
12693,medium,2,14.0,39.0,2.1,A,-100.0
12694,high,2,12.0,6.0,6.4,A,-9.5
12695,medium,3,8.0,20.0,5.5,B,-13.8
12696,low,2,15.0,10.0,9.0,B,7.6
12697,medium,1,8.0,13.0,9.5,A,13.2
12698,medium,0,13.0,4.0,7.3,A,3.0
12699,medium,1,1.0,1.0,4.2,C,-15.4
12700,high,2,7.0,15.0,7.5,A,-2.8
12701,low,1,9.0,6.0,4.3,A,-15.2
12702,medium,0,2.0,25.0,2.4,A,-100.0
12703,low,0,,26.0,1.7,C,
12704,none,0,,6.0,8.3,C,
12705,low,4,7.0,1.0,7.5,A,-5.0
12706,low,4,16.0,10.0,8.4,A,-0.8
12707,high,1,13.0,20.0,9.7,C,11.2
12708,medium,0,21.0,6.0,4.4,A,-13.7
12709,low,4,14.0,1.0,9.2,A,3.7
12710,low,2,3.0,14.0,4.5,A,-15.9
12711,low,0,8.0,16.0,6.1,C,-2.6
12712,low,3,3.0,23.0,2.6,B,-100.0
12713,high,2,10.0,12.0,1.2,A,-100.0
12714,low,3,2.0,30.0,6.0,D,-9.9
12715,high,1,20.0,14.0,9.7,A,10.5
12716,medium,2,31.0,3.0,1.4,B,-100.0
12717,high,4,1.0,22.0,1.3,C,-100.0
12718,high,0,10.0,24.0,9.7,A,14.1
12719,low,2,11.0,5.0,1.2,C,-100.0
12720,low,4,22.0,21.0,1.3,A,-100.0
12721,medium,3,17.0,0.0,8.4,B,1.1
12722,high,3,7.0,50.0,10.0,B,8.8
12723,high,1,4.0,13.0,1.9,A,-100.0
12724,low,2,13.0,10.0,9.4,A,10.0
12725,low,3,36.0,35.0,9.7,A,7.1
12726,medium,1,3.0,4.0,8.3,A,7.0
12727,high,2,10.0,4.0,4.6,A,-19.2
12728,high,1,6.0,10.0,3.8,A,-100.0
12729,high,2,7.0,14.0,1.2,A,-100.0
12730,low,3,10.0,17.0,8.8,B,4.5
12731,none,1,7.0,10.0,4.6,C,-13.9
12732,none,1,7.0,50.0,6.1,C,-5.3
12733,high,2,5.0,4.0,3.9,C,-100.0
12734,medium,2,24.0,7.0,3.2,C,-100.0
12735,none,1,21.0,1.0,9.6,A,12.1
12736,low,3,8.0,16.0,5.0,A,-16.2
12737,high,2,14.0,2.0,5.7,A,-13.6
12738,medium,2,21.0,12.0,9.7,C,10.5
12739,medium,3,6.0,17.0,9.4,C,7.9
12740,high,3,8.0,14.0,7.2,A,-7.1
12741,none,3,16.0,41.0,1.6,A,-100.0
12742,none,1,9.0,19.0,9.0,A,10.2
12743,medium,3,6.0,5.0,9.8,D,9.9
12744,high,1,1.0,13.0,2.9,A,-100.0
12745,medium,2,4.0,6.0,2.2,A,-100.0
12746,high,0,2.0,8.0,5.6,A,-7.8
12747,medium,0,1.0,13.0,8.5,A,10.9
12748,high,2,8.0,28.0,8.8,A,4.4
12749,medium,2,9.0,1.0,6.8,A,-4.4
12750,high,0,2.0,4.0,6.1,A,-5.1
12751,none,2,20.0,42.0,1.9,D,-100.0
12752,medium,0,7.0,39.0,9.7,A,15.0
12753,low,1,9.0,3.0,8.7,A,8.9
12754,low,2,14.0,2.0,9.7,B,11.4
12755,high,2,25.0,18.0,7.0,C,-7.3
12756,high,2,6.0,4.0,,D,
12757,low,0,16.0,13.0,5.7,A,-5.6
12758,medium,0,11.0,5.0,2.6,A,-100.0
12759,low,0,9.0,4.0,6.5,A,-0.6
12760,none,2,6.0,28.0,1.8,C,-100.0
12761,medium,1,3.0,5.0,9.5,A,13.6
12762,low,3,3.0,2.0,7.9,C,0.1
12763,high,2,4.0,5.0,4.4,B,-19.7
12764,medium,0,7.0,11.0,6.2,A,-2.4
12765,medium,3,11.0,10.0,8.3,C,1.2
12766,low,1,18.0,2.0,9.2,A,10.8
12767,high,4,15.0,0.0,2.4,C,-100.0
12768,low,0,5.0,30.0,8.3,A,9.9
12769,low,2,10.0,6.0,8.3,A,4.2
12770,low,2,12.0,20.0,2.8,A,-100.0
12771,none,0,1.0,24.0,5.4,B,-6.3
12772,low,2,20.0,5.0,6.7,A,-5.6
12773,low,2,7.0,1.0,9.7,C,12.1
12774,high,0,8.0,9.0,4.1,A,-16.7
12775,high,3,15.0,11.0,9.6,A,5.4
12776,high,2,4.0,2.0,8.0,A,0.1
12777,high,0,6.0,22.0,9.9,A,15.0
12778,low,4,18.0,0.0,9.4,A,4.4
12779,medium,0,3.0,16.0,2.2,A,-100.0
12780,medium,0,20.0,3.0,5.5,A,-7.6
12781,none,0,,6.0,8.7,C,
12782,low,0,6.0,12.0,9.8,A,15.0
12783,medium,1,2.0,16.0,8.5,A,8.3
12784,none,1,6.0,3.0,2.7,A,-100.0
12785,high,0,23.0,6.0,8.3,A,4.9
12786,medium,5,20.0,5.0,8.3,B,-4.7
12787,high,0,12.0,30.0,6.9,C,-1.5
12788,high,1,20.0,18.0,1.5,C,-100.0
12789,low,0,27.0,6.0,2.7,D,-100.0
12790,,2,8.0,50.0,6.1,A,-7.9
12791,low,2,4.0,1.0,6.6,A,-4.6
12792,high,3,3.0,0.0,5.4,D,-16.6
12793,medium,0,5.0,0.0,8.3,A,9.3
12794,medium,0,6.0,7.0,2.0,B,-100.0
12795,low,3,4.0,2.0,2.5,A,-100.0
12796,medium,2,5.0,30.0,8.4,A,5.1
12797,medium,0,18.0,3.0,2.7,A,-100.0
12798,medium,1,7.0,26.0,9.2,A,11.8
12799,none,1,7.0,2.0,2.2,A,-100.0
12800,medium,3,6.0,1.0,6.0,B,-11.0
12801,medium,0,9.0,0.0,9.1,A,13.2
12802,high,2,12.0,14.0,8.4,A,1.6
12803,medium,1,11.0,5.0,9.2,B,11.1
12804,low,2,11.0,50.0,1.8,C,-100.0
12805,none,0,8.0,0.0,9.2,A,13.7
12806,medium,1,9.0,34.0,9.1,A,11.1
12807,high,0,6.0,1.0,5.6,A,-8.3
12808,medium,1,2.0,2.0,2.7,C,-100.0
12809,high,1,24.0,35.0,3.2,A,-100.0
12810,none,0,11.0,3.0,6.6,D,-0.9
12811,high,1,4.0,21.0,8.2,B,3.9
12812,low,2,24.0,4.0,8.4,A,3.3
12813,low,0,5.0,50.0,5.3,A,-6.4
12814,low,2,17.0,19.0,9.8,A,11.9
12815,low,2,10.0,30.0,6.4,C,-6.0
12816,high,2,11.0,11.0,9.1,A,5.5
12817,high,2,20.0,50.0,8.4,B,1.2
12818,,0,4.0,4.0,8.3,C,9.2
12819,low,2,11.0,10.0,1.1,C,-100.0
12820,medium,1,23.0,40.0,1.8,A,-100.0
12821,high,0,5.0,50.0,8.3,C,7.1
12822,medium,1,10.0,6.0,9.9,C,15.0
12823,none,2,3.0,9.0,2.1,A,-100.0
12824,high,1,6.0,1.0,1.4,A,-100.0
12825,low,1,33.0,9.0,6.7,A,-4.4
12826,high,1,9.0,13.0,4.3,A,-18.2
12827,medium,3,9.0,9.0,8.6,A,3.1
12828,low,2,8.0,2.0,9.2,A,9.3
12829,medium,3,13.0,4.0,9.8,A,9.2
12830,low,2,10.0,1.0,4.5,A,-16.8
12831,medium,1,23.0,3.0,6.5,A,-4.9
12832,low,2,6.0,6.0,8.6,B,
12833,high,2,9.0,9.0,2.9,B,-100.0
12834,none,0,9.0,18.0,9.0,B,12.6
12835,,1,13.0,11.0,9.2,C,10.8
12836,low,3,17.0,27.0,1.2,A,-100.0
12837,high,1,7.0,29.0,8.8,A,7.0
12838,none,3,11.0,2.0,4.3,A,-100.0
12839,low,2,11.0,1.0,7.2,A,-2.0
12840,medium,2,,3.0,4.2,C,
12841,high,1,6.0,1.0,8.8,A,6.8
12842,medium,0,34.0,12.0,7.9,A,4.3
12843,low,1,9.0,2.0,6.6,A,-2.6
12844,medium,1,16.0,2.0,8.2,A,5.1
12845,high,1,1.0,50.0,2.3,A,-100.0
12846,medium,0,2.0,1.0,9.7,C,15.0
12847,medium,0,2.0,27.0,2.9,A,-19.9
12848,high,2,7.0,7.0,9.1,B,5.9
12849,high,1,2.0,8.0,9.9,A,13.3
12850,high,0,6.0,5.0,7.8,A,3.8
12851,low,4,2.0,5.0,8.8,A,2.7
12852,,3,22.0,0.0,9.8,A,8.1
12853,high,1,6.0,5.0,6.7,A,-4.7
12854,high,3,11.0,0.0,4.9,A,-100.0
12855,high,1,,31.0,9.5,C,
12856,low,2,1.0,7.0,3.1,A,-100.0
12857,medium,0,2.0,9.0,6.4,C,-0.8
12858,low,3,4.0,7.0,1.8,A,-100.0
12859,high,4,17.0,17.0,3.6,B,-100.0
12860,high,1,2.0,6.0,8.8,C,7.2
12861,high,0,1.0,4.0,2.1,B,-100.0
12862,high,4,10.0,7.0,4.1,C,-100.0
12863,medium,1,3.0,3.0,9.4,A,13.0
12864,medium,1,7.0,7.0,2.9,A,-100.0
12865,medium,0,9.0,3.0,2.9,B,-100.0
12866,low,1,20.0,4.0,9.3,D,11.2
12867,low,1,1.0,10.0,9.6,A,14.8
12868,low,1,11.0,8.0,7.5,D,2.2
12869,high,2,8.0,17.0,8.8,C,4.3
12870,high,1,5.0,22.0,2.8,A,-100.0
12871,none,3,11.0,7.0,6.0,A,-11.7
12872,high,3,12.0,21.0,7.7,C,-4.7
12873,high,0,9.0,6.0,1.9,A,-100.0
12874,medium,1,12.0,5.0,9.2,A,11.1
12875,low,1,13.0,4.0,2.0,A,-100.0
12876,medium,1,13.0,50.0,4.1,C,-16.6
12877,low,0,3.0,16.0,6.8,C,1.7
12878,medium,3,9.0,15.0,4.0,A,-100.0
12879,none,1,7.0,8.0,7.4,C,1.5
12880,high,2,6.0,1.0,6.9,A,-6.2
12881,high,2,12.0,1.0,9.4,C,7.0
12882,high,0,8.0,50.0,8.3,A,6.8
12883,medium,0,5.0,1.0,5.5,C,-6.1
12884,medium,2,9.0,12.0,9.7,A,11.7
12885,medium,2,7.0,11.0,4.6,C,-16.2
12886,medium,2,4.0,7.0,8.1,B,3.3
12887,high,3,12.0,16.0,3.6,C,-100.0
12888,none,3,6.0,27.0,1.9,A,-100.0
12889,high,0,4.0,1.0,3.3,A,-100.0
12890,low,0,3.0,2.0,2.2,C,-100.0
12891,,2,9.0,18.0,2.1,A,-100.0
12892,medium,0,3.0,10.0,5.0,C,-8.6
12893,high,1,6.0,15.0,8.4,A,4.7
12894,none,1,13.0,2.0,5.0,A,-12.4
12895,low,2,8.0,19.0,9.2,A,9.5
12896,low,2,14.0,3.0,7.6,A,-0.1
12897,high,1,14.0,13.0,9.6,A,10.5
12898,none,2,2.0,18.0,1.1,C,-100.0
12899,none,4,20.0,15.0,3.3,A,-100.0
12900,none,1,4.0,4.0,9.6,A,13.8
12901,low,2,9.0,0.0,3.5,C,-100.0
12902,low,2,28.0,30.0,5.6,A,-12.2
12903,none,1,12.0,10.0,2.8,A,-100.0
12904,low,3,12.0,12.0,8.5,A,2.7
12905,medium,3,8.0,15.0,3.9,A,-100.0
12906,medium,1,21.0,22.0,8.5,A,6.5
12907,high,2,2.0,19.0,5.0,A,-16.0
12908,high,2,7.0,17.0,4.0,A,-100.0
12909,high,0,7.0,1.0,5.5,A,-9.0
12910,high,1,3.0,0.0,8.5,A,5.4
12911,low,0,10.0,9.0,9.5,B,15.0
12912,low,5,6.0,4.0,8.2,B,-3.5
12913,low,1,17.0,12.0,8.6,A,7.7
12914,,2,7.0,12.0,6.7,A,-4.9
12915,,0,17.0,21.0,2.0,C,-100.0
12916,low,2,6.0,6.0,5.7,A,-9.7
12917,low,1,6.0,17.0,7.6,A,3.3
12918,low,0,7.0,16.0,8.9,A,12.9
12919,none,0,,39.0,9.6,C,
12920,high,3,12.0,1.0,1.7,B,-100.0
12921,high,2,7.0,33.0,9.2,C,6.7
12922,high,0,2.0,1.0,1.3,A,-100.0
12923,high,0,17.0,24.0,9.0,A,9.5
12924,medium,1,22.0,6.0,9.6,C,12.3
12925,low,4,23.0,40.0,3.5,A,-100.0
12926,low,0,9.0,5.0,6.5,A,-0.6
12927,high,2,10.0,15.0,9.7,A,9.0
12928,low,0,18.0,3.0,9.9,A,15.0
12929,high,1,12.0,18.0,4.6,B,-16.8
12930,medium,1,10.0,13.0,9.1,A,10.8
12931,low,1,7.0,3.0,2.6,A,-100.0
12932,none,2,3.0,4.0,8.5,D,5.4
12933,low,0,9.0,27.0,3.8,A,-15.3
12934,high,0,13.0,4.0,9.2,A,10.8
12935,medium,2,12.0,7.0,8.9,A,6.9
12936,none,0,6.0,30.0,9.3,A,14.7
12937,none,1,40.0,2.0,8.1,A,1.9
12938,low,3,3.0,11.0,1.9,C,-100.0
12939,high,3,18.0,3.0,7.0,C,-9.3
12940,low,4,2.0,11.0,2.0,C,-100.0
12941,medium,1,16.0,20.0,9.9,A,14.7
12942,low,2,14.0,5.0,5.9,A,-9.4
12943,high,2,14.0,3.0,8.7,A,3.0
12944,high,0,10.0,8.0,3.3,B,-100.0
12945,high,0,5.0,32.0,5.3,A,-9.5
12946,high,1,22.0,32.0,6.5,A,-7.2
12947,medium,0,6.0,1.0,2.3,A,-100.0
12948,low,1,12.0,5.0,8.6,A,8.1
12949,low,3,3.0,1.0,1.4,A,-100.0
12950,high,4,24.0,8.0,3.6,A,-100.0
12951,low,0,26.0,17.0,8.6,C,9.3
12952,none,2,27.0,16.0,6.8,A,-6.3
12953,medium,1,6.0,4.0,6.4,A,-3.8
12954,high,3,8.0,1.0,3.7,A,
12955,low,3,8.0,13.0,8.1,A,0.9
12956,high,1,2.0,7.0,10.0,C,13.8
12957,medium,1,13.0,9.0,8.1,A,4.9
12958,medium,2,9.0,2.0,8.8,A,6.6
12959,low,1,3.0,15.0,7.3,A,2.0
12960,high,0,7.0,8.0,6.6,A,-2.9
12961,medium,2,11.0,14.0,3.3,A,-100.0
12962,high,0,13.0,11.0,9.1,C,10.3
12963,medium,2,16.0,0.0,2.5,A,-100.0
12964,low,3,8.0,3.0,9.3,A,7.4
12965,none,0,10.0,26.0,9.6,A,15.0
12966,low,0,,0.0,5.7,C,
12967,low,2,3.0,33.0,2.2,A,-100.0
12968,medium,0,8.0,3.0,7.3,A,3.5
12969,low,4,13.0,15.0,3.4,B,-100.0
12970,high,0,9.0,22.0,1.6,A,-100.0
12971,medium,2,18.0,6.0,9.3,A,8.5
12972,high,2,12.0,2.0,5.1,A,-16.6
12973,low,2,5.0,22.0,9.1,A,9.2
12974,low,1,13.0,15.0,8.2,A,5.9
12975,high,0,7.0,3.0,3.9,A,-17.8
12976,medium,3,7.0,33.0,5.7,D,-12.4
12977,medium,1,5.0,9.0,3.2,A,-100.0
12978,high,2,3.0,1.0,1.3,A,-100.0
12979,low,4,10.0,21.0,8.1,A,-1.8
12980,medium,0,25.0,11.0,8.4,A,7.9
12981,low,0,4.0,13.0,7.1,A,3.3
12982,high,0,11.0,17.0,9.0,A,
12983,medium,0,2.0,26.0,4.6,A,-10.5
12984,none,1,,4.0,6.6,C,
12985,none,0,4.0,12.0,6.9,D,1.5
12986,none,0,7.0,6.0,1.4,A,-100.0
12987,high,1,19.0,1.0,1.3,A,-100.0
12988,high,0,4.0,10.0,8.7,A,9.0
12989,medium,2,40.0,5.0,5.6,A,-14.0
12990,medium,2,8.0,1.0,8.4,A,4.5
12991,low,1,5.0,10.0,5.1,A,-10.4
12992,low,0,14.0,26.0,4.2,A,-13.6
12993,low,1,3.0,1.0,9.3,A,12.8
12994,low,1,4.0,14.0,7.4,C,2.4
12995,medium,0,6.0,0.0,3.0,A,-20.0
12996,low,3,6.0,1.0,1.2,A,-100.0
12997,medium,2,17.0,3.0,1.2,A,-100.0
12998,high,1,19.0,10.0,6.1,C,-9.3
12999,high,1,8.0,22.0,8.8,C,6.8
13000,low,1,11.0,8.0,9.5,A,13.2
13001,high,1,5.0,12.0,4.5,A,-16.7
13002,high,1,12.0,7.0,1.2,B,-100.0
13003,medium,2,3.0,21.0,1.9,A,-100.0
13004,none,3,6.0,23.0,2.5,A,-100.0
13005,low,0,18.0,6.0,6.4,C,-2.1
13006,medium,2,4.0,2.0,8.8,A,7.1
13007,low,0,18.0,30.0,6.1,D,-3.5
13008,high,4,9.0,15.0,10.0,D,5.7
13009,high,0,12.0,18.0,6.4,B,-4.3
13010,low,2,5.0,30.0,5.3,B,-11.6
13011,low,1,5.0,1.0,5.2,C,-9.9
13012,low,2,6.0,2.0,9.1,A,8.9
13013,high,0,1.0,14.0,3.4,D,-19.8
13014,none,2,6.0,16.0,2.7,C,-100.0
13015,medium,2,3.0,2.0,9.2,A,9.4
13016,medium,2,11.0,2.0,2.9,A,-100.0
13017,low,0,4.0,8.0,9.9,D,15.0
13018,none,1,8.0,29.0,6.2,A,-5.0
13019,medium,2,3.0,9.0,1.3,A,-100.0
13020,low,2,3.0,7.0,3.3,A,-100.0
13021,high,0,12.0,15.0,7.9,A,3.9
13022,none,0,12.0,24.0,9.5,A,15.0
13023,high,0,9.0,22.0,3.9,C,-17.7
13024,low,0,7.0,16.0,7.4,C,4.6
13025,low,3,2.0,5.0,7.2,C,-3.6
13026,low,2,2.0,5.0,9.6,C,12.1
13027,low,0,7.0,5.0,1.5,C,-100.0
13028,high,1,4.0,6.0,3.0,C,-100.0
13029,medium,3,7.0,13.0,9.6,A,8.8
13030,high,1,22.0,10.0,9.7,A,10.2
13031,high,1,4.0,15.0,8.2,C,3.8
13032,medium,4,6.0,5.0,8.5,A,0.3
13033,high,1,15.0,2.0,2.8,A,-100.0
13034,high,3,15.0,30.0,4.3,A,-100.0
13035,low,1,20.0,8.0,9.7,C,13.4
13036,high,5,11.0,5.0,3.1,A,-100.0
13037,low,0,7.0,17.0,2.7,A,-100.0
13038,high,1,15.0,1.0,6.6,A,-6.2
13039,low,0,24.0,20.0,8.7,A,10.1
13040,none,1,6.0,4.0,6.0,A,-6.2
13041,low,4,7.0,15.0,9.7,B,7.3
13042,low,0,14.0,48.0,7.1,C,2.6
13043,low,0,4.0,9.0,1.8,A,-100.0
13044,high,3,21.0,22.0,10.0,A,7.1
13045,high,1,3.0,8.0,3.2,A,-100.0
13046,low,3,15.0,23.0,1.5,B,-100.0
13047,high,1,4.0,26.0,7.3,A,-1.0
13048,medium,3,19.0,0.0,4.8,A,-18.9
13049,medium,1,7.0,19.0,1.1,A,-100.0
13050,low,1,21.0,4.0,8.8,A,8.3
13051,high,2,12.0,7.0,2.4,A,-100.0
13052,none,2,9.0,5.0,8.7,C,5.9
13053,low,0,9.0,9.0,9.1,A,13.7
13054,medium,1,5.0,1.0,9.2,C,11.7
13055,low,2,11.0,6.0,5.2,A,-13.0
13056,low,1,5.0,13.0,9.7,B,15.0
13057,high,2,10.0,2.0,9.8,A,9.4
13058,medium,0,4.0,1.0,4.9,A,-9.3
13059,low,2,15.0,23.0,,D,
13060,high,1,6.0,9.0,6.9,A,-3.6
13061,low,1,8.0,4.0,8.6,A,8.5
13062,low,1,3.0,3.0,3.8,C,-17.4
13063,high,3,40.0,5.0,9.8,A,3.9
13064,low,3,7.0,2.0,9.4,D,8.0
13065,high,0,5.0,1.0,3.0,A,-100.0
13066,medium,3,21.0,3.0,9.4,A,6.2
13067,high,0,8.0,3.0,5.3,A,-10.2
13068,high,2,2.0,12.0,8.4,A,2.6
13069,none,2,18.0,2.0,7.6,C,-1.1
13070,medium,0,7.0,2.0,4.1,C,-14.0
13071,high,2,6.0,29.0,4.1,A,-100.0
13072,medium,0,5.0,6.0,2.1,A,-100.0
13073,high,0,2.0,1.0,8.5,A,8.0
13074,medium,3,2.0,3.0,9.7,A,9.8
13075,medium,2,6.0,4.0,8.7,A,6.4
13076,none,2,9.0,50.0,1.1,C,-100.0
13077,high,1,5.0,4.0,8.3,D,4.2
13078,medium,1,7.0,3.0,3.8,D,-18.2
13079,high,1,10.0,10.0,4.8,A,-15.5
13080,none,4,7.0,32.0,8.2,A,-1.4
13081,none,0,3.0,27.0,7.9,B,7.3
13082,low,1,2.0,2.0,2.5,A,-100.0
13083,medium,1,12.0,10.0,9.4,A,12.2
13084,low,0,9.0,3.0,8.8,A,12.0
13085,medium,1,7.0,3.0,7.0,A,-0.6
13086,high,0,7.0,19.0,8.5,A,7.7
13087,high,0,3.0,0.0,1.9,C,-100.0
13088,low,3,13.0,2.0,7.5,A,-3.1
13089,high,1,9.0,9.0,3.0,A,-100.0
13090,high,1,7.0,5.0,8.3,A,4.0
13091,high,2,8.0,2.0,9.7,A,9.0
13092,medium,2,6.0,11.0,7.9,A,2.1
13093,high,5,8.0,6.0,1.1,A,-100.0
13094,high,1,15.0,1.0,9.1,A,7.5
13095,medium,3,1.0,28.0,8.6,A,4.1
13096,low,2,8.0,12.0,8.6,A,6.1
13097,medium,0,10.0,50.0,4.6,C,-11.1
13098,low,0,8.0,0.0,3.1,A,-19.3
13099,high,0,9.0,2.0,3.4,A,-100.0
13100,low,0,5.0,16.0,8.3,A,9.8
13101,low,1,,3.0,9.1,C,
13102,high,1,6.0,11.0,6.8,A,-4.1
13103,medium,1,5.0,6.0,1.6,A,-100.0
13104,high,2,3.0,15.0,8.4,A,2.5
13105,medium,0,2.0,10.0,8.5,A,10.7
13106,low,0,14.0,8.0,9.1,A,13.2
13107,medium,3,19.0,2.0,7.6,A,-3.5
13108,high,0,4.0,7.0,9.4,A,12.8
13109,medium,1,16.0,22.0,7.5,A,1.5
13110,high,4,,1.0,2.8,C,
13111,low,3,8.0,10.0,3.4,C,-100.0
13112,medium,3,11.0,1.0,2.6,A,-100.0
13113,high,2,12.0,15.0,8.5,A,2.2
13114,none,1,19.0,9.0,7.4,A,0.3
13115,medium,4,9.0,22.0,9.6,C,6.2
13116,high,0,3.0,1.0,5.5,C,-8.6
13117,medium,1,12.0,10.0,5.3,B,-10.4
13118,low,2,25.0,9.0,1.2,A,-100.0
13119,high,3,26.0,6.0,3.1,A,-100.0
13120,high,0,22.0,0.0,2.6,B,-100.0
13121,high,1,5.0,3.0,8.5,A,5.3
13122,high,4,10.0,15.0,4.3,B,-100.0
13123,low,0,11.0,8.0,8.8,A,11.9
13124,high,1,11.0,5.0,1.8,A,-100.0
13125,,3,9.0,2.0,9.0,A,5.0
13126,medium,1,5.0,5.0,1.4,A,-100.0
13127,medium,2,11.0,26.0,2.7,D,-100.0
13128,medium,3,22.0,25.0,8.3,A,0.3
13129,medium,1,10.0,29.0,2.6,A,-100.0
13130,low,1,10.0,4.0,3.5,C,-19.7
13131,high,1,23.0,2.0,3.0,B,-100.0
13132,low,2,9.0,10.0,8.6,B,6.0
13133,medium,1,34.0,20.0,8.2,A,3.5
13134,none,6,11.0,2.0,8.5,A,-5.5
13135,high,2,10.0,2.0,5.3,A,-15.4
13136,none,3,26.0,26.0,8.5,D,0.8
13137,none,2,8.0,14.0,5.6,A,-11.0
13138,medium,2,7.0,34.0,4.6,C,-16.0
13139,low,3,6.0,15.0,9.1,A,6.6
13140,low,0,12.0,9.0,9.5,A,15.0
13141,none,2,3.0,11.0,4.6,A,-16.0
13142,low,1,8.0,23.0,2.6,A,-100.0
13143,high,1,8.0,50.0,8.8,A,7.1
13144,low,1,16.0,5.0,3.8,C,-18.7
13145,high,2,7.0,27.0,3.0,A,-100.0
13146,low,0,11.0,10.0,9.2,A,14.1
13147,high,1,1.0,10.0,8.8,C,7.4
13148,high,3,22.0,10.0,9.4,D,3.6
13149,high,0,2.0,6.0,8.7,A,9.2
13150,medium,1,4.0,5.0,8.2,A,6.3
13151,high,3,10.0,4.0,2.3,D,-100.0
13152,medium,0,7.0,2.0,1.2,B,-100.0
13153,high,1,3.0,4.0,2.2,A,-100.0
13154,low,0,3.0,15.0,9.3,B,15.0
13155,high,0,8.0,19.0,1.6,A,-100.0
13156,medium,1,10.0,2.0,9.8,A,14.5
13157,none,1,3.0,0.0,9.5,A,13.3
13158,medium,3,2.0,11.0,3.2,A,-100.0
13159,medium,4,2.0,10.0,8.5,A,0.8
13160,low,1,24.0,22.0,9.7,A,13.1
13161,medium,2,8.0,12.0,8.3,A,4.1
13162,low,1,25.0,10.0,4.4,B,-16.2
13163,,1,5.0,16.0,8.4,A,7.2
13164,medium,0,11.0,40.0,2.9,C,-100.0
13165,none,2,4.0,36.0,2.1,C,-100.0
13166,high,0,3.0,10.0,4.7,A,-12.9
13167,low,2,15.0,25.0,9.7,A,11.6
13168,medium,2,1.0,1.0,5.4,B,-11.3
13169,low,0,19.0,8.0,9.0,A,12.2
13170,none,1,22.0,11.0,1.7,A,-100.0
13171,low,2,11.0,7.0,4.6,A,-16.3
13172,high,3,24.0,7.0,5.6,A,-17.6
13173,none,3,5.0,2.0,3.2,A,-100.0
13174,low,0,9.0,37.0,9.7,A,15.0
13175,low,1,2.0,7.0,6.3,B,-3.5
13176,high,1,4.0,23.0,4.1,A,-18.7
13177,low,2,11.0,1.0,5.1,C,-13.6
13178,low,1,13.0,13.0,4.5,A,-14.4
13179,low,3,4.0,8.0,8.3,C,2.3
13180,medium,1,11.0,7.0,2.1,B,-100.0
13181,low,1,2.0,48.0,1.0,A,-100.0
13182,low,1,3.0,15.0,9.9,D,15.0
13183,low,2,19.0,21.0,9.5,A,10.0
13184,high,0,15.0,17.0,3.3,A,-100.0
13185,none,2,10.0,0.0,7.5,C,-0.9
13186,none,3,40.0,23.0,6.0,A,-14.4
13187,medium,1,1.0,50.0,8.8,A,10.4
13188,low,2,5.0,24.0,3.9,A,-19.3
13189,low,3,19.0,14.0,6.3,A,-10.1
13190,low,4,1.0,12.0,9.1,A,4.5
13191,high,3,2.0,14.0,7.5,B,-4.8
13192,low,1,12.0,12.0,6.2,A,-5.0
13193,medium,2,19.0,7.0,9.1,A,7.3
13194,medium,2,5.0,16.0,7.5,A,0.0
13195,medium,1,19.0,2.0,8.0,B,3.7
13196,medium,0,17.0,4.0,1.1,A,-100.0
13197,medium,2,2.0,4.0,8.1,C,3.5
13198,high,1,28.0,22.0,4.2,A,-100.0
13199,medium,1,6.0,1.0,8.0,A,5.0
13200,medium,5,8.0,16.0,4.8,A,-100.0
13201,low,1,6.0,18.0,1.3,A,-100.0
13202,high,1,11.0,5.0,6.5,B,-6.3
13203,low,1,13.0,4.0,9.1,A,10.8
13204,low,1,23.0,30.0,5.5,A,-9.8
13205,high,3,17.0,14.0,8.4,A,-1.4
13206,high,1,10.0,6.0,7.9,A,1.5
13207,medium,1,18.0,5.0,8.4,B,6.0
13208,low,2,22.0,1.0,1.4,A,-100.0
13209,high,0,17.0,2.0,9.9,C,14.2
13210,medium,0,7.0,9.0,9.2,A,14.1
13211,low,3,5.0,4.0,1.7,A,-100.0
13212,none,2,5.0,2.0,8.3,A,4.0
13213,none,0,13.0,5.0,1.7,A,-100.0
13214,low,2,16.0,16.0,8.6,B,5.3
13215,medium,2,4.0,12.0,6.4,A,-6.0
13216,high,1,19.0,18.0,9.6,A,10.1
13217,low,1,7.0,11.0,7.1,B,0.4
13218,high,1,24.0,4.0,7.5,C,-2.1
13219,low,2,16.0,6.0,9.5,A,10.2
13220,high,3,13.0,1.0,6.9,A,-9.4
13221,low,4,9.0,21.0,8.5,D,0.5
13222,high,0,2.0,1.0,1.6,A,-100.0
13223,high,1,29.0,13.0,9.2,A,6.8
13224,high,3,11.0,1.0,5.0,A,-19.6
13225,low,0,17.0,5.0,2.4,A,-100.0
13226,high,4,3.0,5.0,4.8,A,-100.0
13227,medium,4,19.0,13.0,7.4,A,-7.0
13228,low,1,15.0,2.0,2.2,A,-100.0
13229,high,2,12.0,8.0,8.6,A,2.6
13230,low,3,25.0,1.0,1.1,C,-100.0
13231,high,0,12.0,31.0,8.8,C,9.0
13232,low,1,10.0,10.0,8.0,C,5.1
13233,none,1,3.0,2.0,2.2,B,-100.0
13234,none,0,1.0,7.0,9.2,C,14.4
13235,low,4,1.0,10.0,9.2,A,5.1
13236,medium,2,9.0,0.0,6.8,A,-4.4
13237,high,3,4.0,9.0,8.1,A,-1.8
13238,high,3,13.0,15.0,6.0,C,-14.2
13239,none,0,1.0,22.0,9.1,C,14.0
13240,low,3,2.0,17.0,2.1,A,-100.0
13241,medium,1,8.0,5.0,8.6,A,8.2
13242,medium,2,4.0,5.0,2.3,D,-100.0
13243,none,3,8.0,25.0,9.4,C,7.5
13244,medium,2,6.0,0.0,6.9,C,-3.5
13245,high,3,4.0,7.0,2.8,C,-100.0
13246,low,1,3.0,4.0,8.6,D,9.0
13247,low,2,10.0,10.0,9.3,A,9.7
13248,high,2,36.0,2.0,8.6,B,0.2
13249,high,1,5.0,8.0,7.1,A,-2.4
13250,low,1,20.0,19.0,8.8,A,8.6
13251,medium,3,15.0,22.0,6.7,A,-7.8
13252,medium,1,16.0,3.0,3.5,A,-100.0
13253,none,3,11.0,4.0,8.5,A,2.1
13254,none,1,14.0,6.0,8.9,C,9.0
13255,high,1,8.0,6.0,9.8,A,12.1
13256,low,3,6.0,3.0,5.0,A,-16.1
13257,medium,4,2.0,22.0,7.8,C,-3.0
13258,high,0,15.0,30.0,9.3,A,11.4
13259,medium,2,8.0,8.0,9.0,A,7.9
13260,medium,1,15.0,1.0,8.3,A,5.8
13261,medium,0,3.0,8.0,7.7,A,6.2
13262,high,0,7.0,2.0,3.8,A,-18.3
13263,high,1,4.0,5.0,2.6,A,-100.0
13264,medium,1,6.0,2.0,1.3,A,-100.0
13265,low,1,6.0,2.0,2.9,A,-100.0
13266,none,2,3.0,5.0,6.2,A,-7.3
13267,medium,0,14.0,6.0,3.9,D,-15.8
13268,none,1,10.0,1.0,9.7,A,
13269,medium,3,7.0,26.0,8.2,A,1.3
13270,high,3,3.0,2.0,9.5,A,5.9
13271,low,2,11.0,3.0,5.5,A,-11.3
13272,high,0,2.0,21.0,9.1,A,11.5
13273,medium,1,4.0,14.0,9.0,A,10.8
13274,high,2,4.0,2.0,4.2,A,-100.0
13275,high,0,15.0,1.0,7.4,A,0.7
13276,medium,1,11.0,23.0,9.3,A,11.9
13277,low,3,24.0,3.0,9.7,A,8.0
13278,none,0,3.0,3.0,1.6,A,-100.0
13279,low,2,8.0,36.0,6.4,A,-5.8
13280,medium,1,7.0,11.0,9.8,C,14.9
13281,low,3,4.0,6.0,1.2,A,-100.0
13282,low,2,4.0,16.0,6.4,A,-5.6
13283,high,4,10.0,25.0,9.9,A,5.2
13284,low,2,13.0,28.0,9.5,A,10.7
13285,high,2,30.0,4.0,9.4,A,5.2
13286,medium,1,4.0,2.0,7.2,A,0.8
13287,none,0,17.0,1.0,8.5,A,8.9
13288,none,3,13.0,0.0,8.9,A,4.0
13289,high,1,2.0,7.0,1.1,A,-100.0
13290,high,0,13.0,3.0,6.6,A,-3.5
13291,none,2,2.0,37.0,9.9,A,13.5
13292,high,2,13.0,24.0,9.3,A,6.6
13293,medium,0,7.0,15.0,9.6,C,15.0
13294,medium,2,4.0,11.0,5.3,A,-12.0
13295,low,0,12.0,3.0,2.5,C,-100.0
13296,none,1,8.0,10.0,2.6,C,-100.0
13297,high,1,2.0,11.0,8.9,A,7.8
13298,medium,1,25.0,16.0,4.1,A,-18.2
13299,none,1,4.0,6.0,3.7,A,-18.6
13300,low,1,22.0,50.0,4.8,A,-13.3
13301,medium,1,18.0,6.0,7.9,C,3.3
13302,none,1,7.0,2.0,5.3,C,-10.2
13303,low,2,11.0,33.0,7.9,A,2.2
13304,medium,3,24.0,6.0,7.7,D,-3.4
13305,medium,1,12.0,1.0,6.9,A,-1.6
13306,high,0,11.0,9.0,9.4,A,12.2
13307,medium,1,15.0,15.0,5.6,A,-8.9
13308,medium,5,11.0,5.0,9.7,A,3.9
13309,none,4,1.0,14.0,8.4,A,0.1
13310,high,2,21.0,36.0,8.6,A,2.0
13311,high,0,3.0,13.0,2.8,A,-100.0
13312,low,3,10.0,10.0,8.0,B,0.1
13313,low,2,9.0,7.0,5.4,A,-11.7
13314,low,1,6.0,12.0,3.4,A,-19.8
13315,high,3,7.0,6.0,9.7,C,6.7
13316,high,2,6.0,7.0,3.2,A,-100.0
13317,high,1,15.0,0.0,8.6,A,4.8
13318,low,1,12.0,3.0,8.3,C,6.5
13319,low,4,15.0,24.0,8.3,B,-1.1
13320,none,0,19.0,5.0,2.2,C,-100.0
13321,high,1,8.0,3.0,3.2,A,-100.0
13322,low,1,14.0,3.0,2.5,A,-100.0
13323,high,0,4.0,20.0,8.8,A,9.7
13324,low,1,6.0,4.0,1.5,D,-100.0
13325,none,0,16.0,8.0,3.0,B,-100.0
13326,high,1,10.0,21.0,1.2,A,-100.0
13327,medium,1,7.0,5.0,6.1,A,-5.5
13328,medium,2,18.0,5.0,9.7,A,10.7
13329,high,2,5.0,5.0,9.1,A,6.1
13330,high,2,1.0,1.0,9.1,A,6.4
13331,none,2,22.0,11.0,6.7,C,-6.4
13332,low,0,17.0,10.0,2.4,C,-100.0
13333,high,0,0.0,10.0,8.3,A,7.2
13334,high,4,17.0,11.0,2.3,A,-100.0
13335,none,0,20.0,35.0,8.3,C,7.9
13336,high,3,24.0,47.0,1.6,A,-100.0
13337,high,2,4.0,10.0,9.3,C,7.3
13338,low,0,8.0,13.0,7.1,A,2.9
13339,high,2,4.0,11.0,8.5,A,2.9
13340,high,3,6.0,15.0,3.8,C,-100.0
13341,low,0,4.0,0.0,5.7,C,-4.6
13342,low,0,9.0,20.0,9.3,C,14.9
13343,medium,0,5.0,50.0,9.9,C,15.0
13344,,0,16.0,22.0,8.2,A,7.6
13345,low,1,6.0,2.0,3.8,A,-17.7
13346,high,1,2.0,5.0,3.6,C,-100.0
13347,low,2,8.0,3.0,6.1,A,-7.7
13348,low,0,13.0,1.0,1.8,C,-100.0
13349,medium,1,31.0,1.0,6.1,A,-7.9
13350,high,1,6.0,7.0,8.5,A,5.2
13351,medium,1,3.0,2.0,3.5,A,-19.4
13352,high,1,5.0,14.0,9.6,A,11.4
13353,low,2,9.0,12.0,4.9,A,-14.4
13354,medium,2,,2.0,7.2,C,
13355,none,2,20.0,20.0,9.5,C,9.3
13356,low,2,18.0,4.0,4.5,C,-17.5
13357,high,1,8.0,6.0,6.1,A,-8.2
13358,low,1,4.0,7.0,2.5,A,-100.0
13359,high,0,1.0,6.0,6.5,C,-2.8
13360,low,0,13.0,26.0,6.0,A,-3.6
13361,medium,1,9.0,2.0,8.7,A,8.6
13362,medium,3,1.0,5.0,8.7,C,4.4
13363,high,2,7.0,1.0,1.6,A,-100.0
13364,high,0,7.0,4.0,5.2,C,-10.6
13365,high,3,1.0,12.0,4.0,C,-100.0
13366,medium,1,26.0,14.0,8.7,A,7.0
13367,high,1,11.0,1.0,9.3,C,9.0
13368,low,2,4.0,8.0,7.0,A,-2.3
13369,high,1,4.0,6.0,5.9,A,-8.9
13370,low,2,3.0,5.0,5.4,A,-11.1
13371,high,0,7.0,12.0,9.8,A,14.8
13372,low,1,31.0,0.0,8.9,A,7.8
13373,,1,5.0,6.0,8.0,A,4.9
13374,high,1,7.0,11.0,1.5,A,-100.0
13375,low,3,10.0,1.0,2.2,A,-100.0
13376,high,4,3.0,12.0,2.7,A,-100.0
13377,high,1,19.0,9.0,2.0,A,-100.0
13378,none,1,,11.0,3.5,C,
13379,low,0,2.0,5.0,8.7,A,12.2
13380,medium,0,17.0,9.0,8.1,A,7.0
13381,low,0,17.0,27.0,9.6,D,15.0
13382,low,0,10.0,50.0,7.9,B,7.4
13383,low,2,22.0,26.0,3.8,A,-100.0
13384,high,1,13.0,10.0,9.0,A,7.3
13385,medium,0,4.0,11.0,3.0,A,-19.7
13386,high,0,5.0,8.0,5.7,A,-7.6
13387,medium,1,11.0,10.0,3.7,A,-19.0
13388,none,0,12.0,9.0,8.0,A,6.8
13389,low,2,8.0,21.0,6.3,A,-6.5
13390,medium,1,1.0,4.0,9.5,C,13.8
13391,low,3,10.0,12.0,1.4,C,-100.0
13392,low,0,3.0,46.0,9.2,A,15.0
13393,high,4,14.0,4.0,8.2,A,-4.8
13394,high,2,11.0,7.0,7.2,B,-5.0
13395,none,2,13.0,19.0,3.9,A,-100.0
13396,medium,1,10.0,32.0,2.8,A,-100.0
13397,high,1,7.0,3.0,7.7,A,0.7
13398,low,5,10.0,4.0,1.2,A,-100.0
13399,none,1,4.0,15.0,3.0,A,-100.0
13400,none,3,8.0,1.0,1.8,B,-100.0
13401,low,2,3.0,34.0,5.9,A,-8.0
13402,none,2,12.0,19.0,6.0,C,-9.1
13403,low,2,4.0,34.0,1.7,A,-100.0
13404,low,0,7.0,9.0,5.9,A,-3.7
13405,none,2,20.0,27.0,8.7,A,5.0
13406,none,1,7.0,2.0,8.7,A,8.5
13407,high,1,11.0,7.0,1.7,A,-100.0
13408,high,1,8.0,19.0,9.9,B,12.8
13409,medium,0,14.0,21.0,2.6,A,-100.0
13410,high,0,9.0,19.0,5.5,C,-9.0
13411,low,2,,9.0,2.2,C,
13412,low,0,12.0,7.0,2.0,A,-100.0
13413,high,1,5.0,1.0,3.9,A,-100.0
13414,high,2,8.0,49.0,2.1,A,-100.0
13415,low,0,10.0,40.0,1.9,C,-100.0
13416,medium,0,6.0,5.0,8.7,A,11.4
13417,medium,0,19.0,12.0,9.8,C,15.0
13418,low,0,14.0,16.0,3.6,A,-17.0
13419,medium,1,9.0,30.0,4.3,A,-15.3
13420,low,2,9.0,38.0,1.7,D,-100.0
13421,high,3,3.0,2.0,5.7,A,-15.0
13422,low,1,12.0,7.0,9.2,A,11.4
13423,none,1,10.0,10.0,4.5,A,-14.8
13424,low,1,6.0,9.0,1.9,A,-100.0
13425,high,1,13.0,6.0,3.5,A,-100.0
13426,low,1,4.0,1.0,5.3,A,-9.3
13427,medium,2,14.0,21.0,8.4,C,4.1
13428,medium,1,5.0,35.0,9.9,A,15.0
13429,low,2,4.0,17.0,3.4,A,-100.0
13430,medium,1,3.0,25.0,1.3,A,-100.0
13431,high,0,13.0,14.0,7.3,A,0.5
13432,high,2,6.0,23.0,2.9,A,-100.0
13433,low,2,5.0,2.0,8.9,A,7.9
13434,none,3,13.0,15.0,9.3,A,6.4
13435,low,3,20.0,23.0,4.7,C,-18.9
13436,medium,0,12.0,8.0,4.5,A,-12.3
13437,high,1,6.0,2.0,9.6,A,11.2
13438,low,3,1.0,12.0,9.0,B,6.5
13439,low,1,22.0,8.0,6.6,A,-3.9
13440,medium,1,4.0,15.0,5.8,C,-6.8
13441,high,1,9.0,4.0,6.2,C,-7.8
13442,medium,2,18.0,7.0,2.7,A,-100.0
13443,high,2,6.0,3.0,2.1,A,-100.0
13444,low,0,11.0,32.0,8.9,C,12.6
13445,medium,0,9.0,17.0,7.3,A,3.5
13446,none,1,16.0,1.0,8.0,B,3.8
13447,low,2,9.0,9.0,10.0,B,13.7
13448,medium,1,7.0,7.0,8.2,B,6.1
13449,low,2,13.0,2.0,4.0,A,-19.8
13450,none,1,12.0,7.0,10.0,C,15.0
13451,low,1,2.0,42.0,8.6,A,9.5
13452,medium,0,2.0,5.0,3.4,C,-17.4
13453,medium,3,3.0,9.0,9.5,C,8.6
13454,none,1,7.0,13.0,9.8,A,14.7
13455,high,1,9.0,9.0,9.3,C,9.3
13456,low,1,5.0,14.0,7.7,A,4.0
13457,high,1,6.0,5.0,3.1,A,-100.0
13458,medium,0,4.0,3.0,9.0,A,13.2
13459,low,2,7.0,1.0,9.1,C,8.8
13460,high,0,6.0,3.0,5.8,D,-7.2
13461,high,2,5.0,0.0,9.6,A,8.8
13462,high,1,13.0,24.0,2.7,A,-100.0
13463,low,2,5.0,10.0,8.9,A,8.0
13464,high,2,37.0,20.0,8.3,C,-1.4
13465,high,2,13.0,1.0,5.6,C,-14.0
13466,low,1,9.0,8.0,3.4,A,-100.0
13467,low,5,8.0,0.0,5.1,C,-100.0
13468,high,0,0.0,27.0,9.4,A,13.4
13469,high,1,11.0,36.0,6.2,A,-7.7
13470,none,2,6.0,5.0,1.1,A,-100.0
13471,medium,2,2.0,18.0,2.0,A,-100.0
13472,low,0,23.0,15.0,2.2,A,-100.0
13473,medium,3,22.0,15.0,3.0,A,-100.0
13474,,1,5.0,9.0,9.6,A,13.8
13475,high,0,5.0,16.0,2.9,B,-100.0
13476,medium,0,9.0,6.0,9.4,A,15.0
13477,high,0,5.0,0.0,4.6,A,-13.7
13478,high,4,8.0,0.0,9.5,A,2.9
13479,,1,9.0,11.0,1.5,A,-100.0
13480,high,2,6.0,43.0,8.7,C,4.2
13481,low,0,32.0,6.0,3.2,A,-100.0
13482,low,3,6.0,26.0,9.2,A,7.2
13483,medium,2,8.0,13.0,3.4,A,-100.0
13484,low,5,13.0,20.0,8.6,A,-1.8
13485,none,1,1.0,13.0,1.5,A,-100.0
13486,low,3,40.0,43.0,9.0,A,2.9
13487,none,0,5.0,15.0,8.1,A,8.1
13488,low,0,7.0,1.0,5.8,A,-4.3
13489,none,2,20.0,0.0,8.4,C,3.1
13490,,1,38.0,13.0,4.0,A,-100.0
13491,low,2,7.0,10.0,6.3,A,-6.5
13492,low,1,14.0,18.0,9.5,A,13.0
13493,medium,1,10.0,5.0,5.9,A,-6.9
13494,none,5,12.0,3.0,6.5,A,-14.0
13495,medium,0,7.0,10.0,4.8,A,-10.1
13496,,1,3.0,6.0,8.8,B,9.5
13497,none,2,16.0,6.0,7.3,B,-2.5
13498,medium,2,14.0,25.0,8.1,A,2.5
13499,medium,2,11.0,9.0,3.8,D,-100.0
13500,high,3,26.0,3.0,1.3,A,-100.0
13501,high,1,18.0,1.0,2.0,A,-100.0
13502,high,7,18.0,4.0,7.6,A,-16.0
13503,none,1,4.0,5.0,1.0,D,-100.0
13504,high,3,19.0,6.0,1.4,B,-100.0
13505,none,1,4.0,7.0,1.6,A,-100.0
13506,medium,1,3.0,1.0,4.2,A,-15.6
13507,high,0,11.0,43.0,5.3,A,-10.0
13508,medium,1,12.0,8.0,8.8,A,8.9
13509,low,2,5.0,22.0,5.4,A,-11.1
13510,none,1,9.0,2.0,5.8,C,-7.6
13511,high,1,3.0,10.0,9.1,A,8.8
13512,low,1,4.0,14.0,3.7,A,-17.9
13513,medium,5,5.0,11.0,4.5,A,-100.0
13514,none,3,17.0,9.0,2.2,C,-100.0
13515,high,2,9.0,2.0,8.4,C,1.8
13516,low,0,13.0,19.0,8.8,A,11.8
13517,high,3,3.0,31.0,3.1,A,-100.0
13518,low,2,3.0,8.0,2.5,A,-100.0
13519,medium,2,19.0,16.0,2.0,A,-100.0
13520,medium,1,13.0,12.0,8.2,A,5.5
13521,low,4,16.0,9.0,9.8,B,6.9
13522,none,0,3.0,7.0,2.0,C,-100.0
13523,high,3,5.0,5.0,4.3,A,-100.0
13524,high,1,7.0,13.0,6.2,C,-7.5
13525,medium,1,10.0,4.0,6.9,A,-1.4
13526,medium,1,7.0,3.0,2.4,C,-100.0
13527,medium,3,9.0,8.0,3.2,A,-100.0
13528,low,4,1.0,8.0,2.5,A,-100.0
13529,medium,0,11.0,17.0,5.4,C,-7.1
13530,low,0,8.0,1.0,6.7,A,0.5
13531,none,0,4.0,5.0,4.4,C,-12.3
13532,high,1,4.0,11.0,9.8,C,12.6
13533,high,1,1.0,5.0,8.9,A,7.9
13534,low,0,6.0,16.0,3.4,B,-17.3
13535,high,1,5.0,1.0,4.7,C,-15.7
13536,medium,4,12.0,50.0,8.2,A,-1.5
13537,medium,2,0.0,12.0,7.5,A,0.5
13538,low,4,7.0,15.0,2.5,C,-100.0
13539,high,1,5.0,10.0,3.7,A,-100.0
13540,high,2,8.0,11.0,4.5,A,-19.5
13541,high,0,4.0,23.0,7.6,A,3.1
13542,medium,1,8.0,3.0,2.9,A,-100.0
13543,low,1,27.0,20.0,9.8,C,13.4
13544,high,0,9.0,8.0,4.9,A,-12.4
13545,none,2,6.0,31.0,5.5,A,-11.2
13546,low,4,10.0,12.0,7.9,A,-2.9
13547,high,1,15.0,1.0,4.9,D,-15.6
13548,low,1,6.0,1.0,3.5,A,-19.4
13549,medium,1,13.0,1.0,2.8,A,-100.0
13550,high,3,40.0,0.0,9.9,D,4.4
13551,medium,0,14.0,7.0,3.3,A,-19.1
13552,medium,2,5.0,3.0,5.6,A,-10.6
13553,high,1,10.0,3.0,8.5,A,4.8
13554,medium,0,3.0,13.0,8.2,A,9.0
13555,high,3,17.0,7.0,6.1,B,-14.1
13556,low,0,18.0,2.0,2.5,A,-100.0
13557,high,1,8.0,1.0,8.4,A,4.4
13558,medium,0,0.0,4.0,8.3,A,9.8
13559,high,0,7.0,30.0,9.0,A,10.6
13560,medium,0,6.0,17.0,6.5,A,-0.6
13561,high,0,4.0,10.0,7.9,A,4.6
13562,high,1,6.0,3.0,6.4,A,-6.4
13563,high,1,8.0,6.0,1.1,B,-100.0
13564,low,3,4.0,12.0,5.0,A,-15.8
13565,medium,1,,12.0,4.2,C,
13566,high,1,5.0,16.0,4.4,C,-17.2
13567,medium,0,14.0,11.0,7.3,A,3.0
13568,high,0,5.0,19.0,3.6,A,-19.0
13569,medium,0,9.0,4.0,2.7,C,-100.0
13570,none,1,26.0,0.0,8.9,A,7.7
13571,high,1,7.0,12.0,8.7,C,6.2
13572,low,2,3.0,20.0,9.3,D,10.5
13573,low,2,6.0,11.0,9.0,A,8.5
13574,low,2,4.0,1.0,9.4,C,10.8
13575,high,3,8.0,21.0,8.8,A,1.8
13576,low,3,,39.0,4.3,C,
13577,low,1,7.0,9.0,4.7,C,-12.8
13578,high,2,6.0,26.0,9.3,A,7.3
13579,low,2,4.0,10.0,3.3,A,-100.0
13580,,0,18.0,14.0,8.8,A,10.6
13581,none,0,15.0,13.0,8.6,C,9.8
13582,high,1,19.0,6.0,7.1,C,-3.8
13583,,1,9.0,50.0,9.3,A,12.1
13584,low,2,3.0,1.0,6.4,C,-5.6
13585,low,3,6.0,7.0,4.8,B,-17.2
13586,medium,2,7.0,22.0,2.9,C,-100.0
13587,high,0,10.0,50.0,9.7,C,14.3
13588,high,0,24.0,10.0,2.1,A,-100.0
13589,medium,2,8.0,1.0,9.6,A,11.1
13590,medium,1,4.0,17.0,6.8,A,-1.2
13591,medium,0,20.0,43.0,2.3,A,-100.0
13592,none,4,9.0,39.0,5.3,A,-17.5
13593,high,4,9.0,9.0,6.1,C,-15.8
13594,high,4,5.0,22.0,1.7,A,-100.0
13595,high,2,4.0,12.0,8.6,C,3.5
13596,high,2,10.0,1.0,3.0,C,-100.0
13597,none,1,7.0,18.0,5.5,A,-8.9
13598,none,1,2.0,20.0,7.2,A,1.0
13599,high,2,13.0,2.0,3.8,A,-100.0
13600,medium,1,2.0,10.0,9.7,A,14.9
13601,low,1,13.0,2.0,2.8,A,-100.0
13602,high,2,9.0,11.0,8.7,B,3.5
13603,none,2,12.0,15.0,9.9,A,12.3
13604,high,0,14.0,3.0,8.2,A,5.2
13605,none,0,9.0,10.0,9.0,A,12.6
13606,none,1,24.0,3.0,2.6,C,-100.0
13607,low,1,2.0,22.0,7.5,A,3.2
13608,high,1,7.0,5.0,9.7,A,11.7
13609,low,0,8.0,10.0,4.1,C,-13.7
13610,medium,1,1.0,4.0,8.9,A,10.5
13611,medium,1,18.0,12.0,8.7,A,7.8
13612,low,2,18.0,6.0,1.5,A,-100.0
13613,medium,3,9.0,4.0,2.5,C,-100.0
13614,high,1,9.0,17.0,9.3,C,9.4
13615,none,3,5.0,40.0,5.4,A,-14.0
13616,low,1,8.0,33.0,9.9,A,15.0
13617,high,2,14.0,14.0,8.9,A,4.2
13618,medium,1,12.0,50.0,3.6,A,-19.3
13619,none,2,4.0,4.0,9.3,A,9.7
13620,high,1,5.0,7.0,7.6,A,0.4
13621,high,2,7.0,3.0,7.9,D,-0.7
13622,low,1,26.0,1.0,5.8,A,-8.7
13623,low,3,19.0,14.0,7.1,A,-5.7
13624,high,1,7.0,28.0,8.1,A,3.1
13625,none,0,22.0,1.0,9.7,A,15.0
13626,medium,3,9.0,1.0,1.3,A,-100.0
13627,low,1,9.0,13.0,5.8,A,-6.9
13628,high,4,11.0,9.0,1.6,D,-100.0
13629,low,3,7.0,24.0,6.4,A,-8.3
13630,none,0,9.0,8.0,4.8,A,-10.5
13631,low,0,4.0,1.0,9.9,B,15.0
13632,none,2,13.0,2.0,9.4,A,9.3
13633,low,1,8.0,9.0,9.1,A,11.3
13634,high,1,2.0,17.0,8.9,A,7.9
13635,low,0,10.0,3.0,2.7,A,-100.0
13636,medium,1,11.0,1.0,1.9,A,-100.0
13637,low,0,3.0,1.0,8.4,C,10.4
13638,medium,3,6.0,9.0,4.2,A,-100.0
13639,high,1,8.0,50.0,3.6,A,-100.0
13640,,1,23.0,2.0,4.1,C,-18.3
13641,low,0,6.0,23.0,5.2,A,-7.3
13642,medium,1,1.0,5.0,8.3,C,7.2
13643,medium,2,6.0,8.0,1.6,A,-100.0
13644,low,2,6.0,2.0,3.6,A,-100.0
13645,medium,0,2.0,18.0,6.6,B,0.4
13646,low,1,5.0,0.0,1.5,A,-100.0
13647,high,0,13.0,3.0,9.5,B,12.5
13648,low,0,27.0,26.0,9.9,A,15.0
13649,high,2,11.0,5.0,1.9,C,-100.0
13650,none,3,7.0,8.0,3.4,A,-100.0
13651,high,2,10.0,4.0,9.0,A,5.0
13652,high,2,10.0,2.0,3.1,B,-100.0
13653,low,0,6.0,3.0,1.4,B,-100.0
13654,medium,0,3.0,1.0,9.8,A,15.0
13655,medium,4,3.0,0.0,8.1,B,-1.6
13656,none,0,10.0,11.0,8.5,A,9.7
13657,none,1,24.0,30.0,2.7,A,-100.0
13658,low,1,2.0,1.0,2.8,C,-100.0
13659,medium,4,13.0,21.0,8.2,A,-1.9
13660,low,0,12.0,25.0,1.4,A,-100.0
13661,low,1,7.0,14.0,2.8,A,-100.0
13662,none,1,5.0,13.0,1.8,A,-100.0
13663,none,1,11.0,13.0,8.9,A,9.4
13664,medium,2,4.0,50.0,5.9,B,-8.4
13665,low,1,9.0,6.0,2.8,C,-100.0
13666,medium,1,21.0,13.0,8.6,A,6.9
13667,,1,20.0,1.0,8.2,A,4.5
13668,high,3,6.0,23.0,3.8,A,-100.0
13669,medium,2,6.0,3.0,9.8,C,12.4
13670,none,1,2.0,7.0,9.3,A,12.4
13671,medium,2,10.0,3.0,8.4,A,4.3
13672,high,2,9.0,19.0,4.1,A,-100.0
13673,low,1,10.0,2.0,8.6,A,8.3
13674,medium,2,23.0,1.0,6.8,D,-5.8
13675,high,3,8.0,9.0,9.7,D,6.6
13676,high,1,8.0,5.0,5.8,A,-9.9
13677,none,2,11.0,7.0,7.0,A,-3.7
13678,low,1,6.0,28.0,2.7,A,-100.0
13679,medium,4,13.0,0.0,9.8,A,6.7
13680,low,0,3.0,1.0,3.8,A,-14.9
13681,low,1,5.0,9.0,9.2,B,12.2
13682,low,1,2.0,5.0,2.9,A,-100.0
13683,low,2,14.0,4.0,6.4,A,-6.7
13684,low,4,8.0,7.0,2.5,A,-100.0
13685,none,0,11.0,3.0,3.3,A,-19.0
13686,none,2,17.0,11.0,6.3,C,-8.1
13687,high,2,11.0,30.0,1.7,A,-100.0
13688,low,1,9.0,5.0,9.6,C,13.9
13689,high,0,5.0,15.0,6.6,A,-2.6
13690,high,4,14.0,5.0,9.4,A,1.8
13691,medium,3,13.0,20.0,6.5,A,-8.7
13692,low,1,5.0,11.0,5.1,A,-10.4
13693,high,0,9.0,6.0,9.9,C,15.0
13694,low,1,3.0,7.0,2.5,A,-100.0
13695,high,2,16.0,3.0,3.9,C,-100.0
13696,high,0,13.0,38.0,2.5,C,-100.0
13697,medium,5,9.0,19.0,4.3,C,-100.0
13698,low,2,10.0,6.0,7.7,C,0.9
13699,low,1,6.0,16.0,1.8,D,-100.0
13700,low,3,4.0,37.0,8.6,A,4.2
13701,medium,1,6.0,8.0,10.0,D,15.0
13702,medium,1,3.0,29.0,8.8,C,10.0
13703,none,0,9.0,22.0,2.0,B,-100.0
13704,low,1,13.0,2.0,4.4,A,-15.1
13705,low,1,16.0,9.0,6.3,A,-4.9
13706,medium,1,7.0,5.0,9.0,A,10.4
13707,none,1,13.0,15.0,9.7,D,13.6
13708,low,0,19.0,48.0,4.9,A,-10.0
13709,high,2,3.0,5.0,4.0,B,-100.0
13710,high,3,1.0,7.0,8.2,C,-1.0
13711,low,0,11.0,8.0,2.6,A,-100.0
13712,high,4,7.0,5.0,5.9,A,-16.7
13713,high,0,13.0,2.0,8.0,A,4.2
13714,low,3,19.0,42.0,5.7,B,-13.2
13715,medium,1,2.0,41.0,8.4,A,8.0
13716,high,4,4.0,6.0,6.1,D,-15.3
13717,low,1,15.0,0.0,8.1,A,5.0
13718,none,0,7.0,5.0,6.9,A,1.2
13719,high,1,12.0,19.0,9.1,A,8.0
13720,high,4,10.0,1.0,1.5,A,-100.0
13721,low,2,13.0,14.0,8.2,B,3.4
13722,medium,0,7.0,32.0,2.9,C,-100.0
13723,low,2,12.0,15.0,9.3,A,9.6
13724,none,1,40.0,5.0,8.1,A,2.0
13725,medium,4,15.0,12.0,8.9,A,1.7
13726,high,0,26.0,16.0,6.8,A,-3.6
13727,low,0,40.0,1.0,6.6,D,-3.2
13728,medium,0,5.0,6.0,8.7,C,11.5
13729,low,0,6.0,8.0,1.9,A,-100.0
13730,high,1,15.0,4.0,2.5,A,-100.0
13731,high,1,29.0,7.0,10.0,A,11.1
13732,medium,2,11.0,6.0,9.5,A,10.3
13733,low,0,24.0,13.0,1.2,C,-100.0
13734,high,3,6.0,6.0,8.2,A,-1.5
13735,high,1,10.0,2.0,9.2,A,
13736,,0,3.0,47.0,1.6,C,-100.0
13737,high,2,1.0,10.0,8.3,C,2.1
13738,high,1,6.0,17.0,4.6,A,-16.2
13739,low,1,10.0,34.0,9.2,A,11.9
13740,none,4,4.0,2.0,2.6,A,-100.0
13741,low,1,16.0,8.0,1.2,A,-100.0
13742,medium,4,7.0,8.0,3.4,A,-100.0
13743,high,2,4.0,3.0,2.7,C,-100.0
13744,high,1,18.0,1.0,8.1,A,1.7
13745,high,1,3.0,6.0,8.6,A,6.0
13746,low,1,2.0,18.0,6.6,C,-1.7
13747,medium,2,15.0,12.0,3.7,D,-100.0
13748,none,4,25.0,15.0,3.4,C,-100.0
13749,low,2,7.0,2.0,8.8,C,7.2
13750,none,1,13.0,35.0,8.0,A,4.4
13751,none,2,3.0,15.0,8.7,A,6.6
13752,high,1,10.0,5.0,9.0,B,7.5
13753,medium,1,23.0,8.0,10.0,A,14.4
13754,high,2,2.0,20.0,6.9,A,-5.6
13755,none,1,16.0,1.0,9.2,A,10.4
13756,high,0,1.0,3.0,9.5,B,13.7
13757,low,1,5.0,6.0,5.6,A,-7.7
13758,medium,2,17.0,2.0,8.2,A,2.5
13759,high,1,12.0,42.0,9.5,A,10.4
13760,high,2,27.0,11.0,1.1,A,-100.0
13761,high,0,24.0,23.0,8.7,A,7.2
13762,low,2,2.0,2.0,8.8,A,7.7
13763,medium,5,7.0,2.0,8.4,C,-2.9
13764,medium,3,7.0,35.0,9.5,C,8.5
13765,high,0,26.0,1.0,2.3,A,-100.0
13766,high,2,7.0,19.0,8.9,A,4.9
13767,high,3,3.0,16.0,6.2,C,-12.1
13768,medium,1,8.0,3.0,8.1,A,5.4
13769,high,0,7.0,2.0,8.9,C,9.8
13770,low,2,22.0,5.0,3.5,A,-100.0
13771,high,2,17.0,3.0,4.9,B,-18.2
13772,low,4,25.0,30.0,2.2,C,-100.0
13773,low,1,6.0,7.0,3.6,A,-18.8
13774,high,3,10.0,13.0,2.8,A,-100.0
13775,medium,3,4.0,5.0,8.3,A,1.9
13776,,0,7.0,1.0,5.7,A,-5.5
13777,low,2,4.0,11.0,5.7,A,-9.5
13778,high,0,3.0,2.0,2.0,A,-100.0
13779,high,2,5.0,1.0,9.3,A,7.1
13780,medium,0,3.0,20.0,1.8,A,-100.0
13781,low,2,3.0,10.0,5.1,C,-12.7
13782,low,2,5.0,6.0,9.8,A,12.9
13783,high,0,12.0,0.0,3.8,A,-18.8
13784,medium,5,8.0,18.0,5.5,C,-18.8
13785,medium,3,4.0,5.0,6.6,A,-7.4
13786,medium,2,9.0,50.0,4.1,A,-18.7
13787,low,0,18.0,6.0,6.2,A,-3.2
13788,high,3,12.0,18.0,5.5,A,-16.8
13789,medium,1,1.0,2.0,8.3,A,7.2
13790,medium,2,11.0,1.0,2.1,B,-100.0
13791,low,1,12.0,11.0,1.2,B,-100.0
13792,none,2,6.0,0.0,3.7,C,-100.0
13793,high,1,6.0,4.0,8.0,A,2.4
13794,low,1,15.0,26.0,1.7,B,-100.0
13795,none,1,10.0,15.0,1.5,C,-100.0
13796,low,1,10.0,6.0,3.5,A,-19.7
13797,medium,2,7.0,10.0,4.9,C,-14.6
13798,none,2,4.0,24.0,4.8,A,-14.9
13799,high,3,1.0,8.0,9.7,A,7.3
13800,low,2,10.0,42.0,4.7,A,-15.3
13801,low,0,17.0,2.0,1.1,A,-100.0
13802,low,0,10.0,34.0,5.2,B,-7.6
13803,high,2,1.0,33.0,6.3,B,-8.7
13804,none,2,9.0,16.0,2.8,B,-100.0
13805,low,0,5.0,0.0,9.4,A,15.0
13806,high,2,3.0,8.0,3.5,A,-100.0
13807,high,2,15.0,8.0,2.8,A,-100.0
13808,high,4,6.0,18.0,7.2,D,-9.3
13809,low,1,2.0,5.0,9.1,A,11.9
13810,none,1,9.0,17.0,6.2,A,-5.3
13811,low,1,14.0,9.0,3.5,D,-100.0
13812,none,1,18.0,3.0,8.8,B,8.0
13813,medium,1,10.0,34.0,3.0,B,-100.0
13814,low,0,24.0,17.0,9.2,A,12.8
13815,medium,1,7.0,37.0,2.1,A,-100.0
13816,high,3,13.0,19.0,2.0,C,-100.0
13817,low,2,7.0,8.0,9.2,B,9.5
13818,none,2,15.0,7.0,4.5,C,-17.8
13819,medium,1,7.0,11.0,9.2,A,11.6
13820,high,3,6.0,20.0,8.2,A,
13821,medium,1,9.0,0.0,8.9,A,9.6
13822,none,3,12.0,17.0,9.7,A,8.7
13823,high,1,2.0,14.0,3.8,C,-100.0
13824,high,1,6.0,16.0,8.4,B,4.7
13825,high,1,3.0,42.0,9.2,A,9.7
13826,,2,39.0,3.0,6.8,A,-7.6
13827,medium,2,8.0,1.0,2.1,A,-100.0
13828,none,1,8.0,9.0,3.8,A,-18.4
13829,medium,0,7.0,8.0,8.7,C,11.3
13830,low,0,8.0,18.0,3.3,A,-18.0
13831,none,1,6.0,4.0,2.6,A,-100.0
13832,low,2,27.0,50.0,6.6,A,-6.4
13833,high,3,2.0,12.0,,A,
13834,none,2,16.0,25.0,1.0,C,-100.0
13835,low,1,8.0,3.0,6.1,A,-5.3
13836,high,1,2.0,7.0,2.6,C,-100.0
13837,high,1,4.0,6.0,8.5,A,5.4
13838,high,1,11.0,46.0,9.2,D,8.9
13839,medium,3,16.0,17.0,7.4,A,-4.1
13840,low,0,7.0,5.0,8.3,C,9.5
13841,high,0,5.0,50.0,1.6,C,-100.0
13842,high,2,15.0,1.0,9.3,A,6.1
13843,none,1,8.0,30.0,8.8,A,9.3
13844,high,1,2.0,6.0,9.1,A,8.9
13845,medium,1,3.0,5.0,7.1,C,0.4
13846,high,1,11.0,5.0,8.0,A,1.9
13847,medium,2,6.0,2.0,8.8,C,6.9
13848,low,2,6.0,2.0,4.5,C,-16.3
13849,low,0,6.0,28.0,2.2,D,-100.0
13850,low,0,15.0,9.0,2.0,A,-100.0
13851,low,1,7.0,1.0,2.6,A,-100.0
13852,low,0,9.0,3.0,9.7,A,15.0
13853,none,0,10.0,3.0,5.3,D,-7.9
13854,high,2,8.0,4.0,2.8,A,-100.0
13855,low,1,9.0,28.0,8.7,B,9.2
13856,none,0,4.0,33.0,5.0,A,-8.7
13857,high,2,4.0,2.0,2.9,A,-100.0
13858,high,0,11.0,9.0,3.9,A,-18.1
13859,medium,0,6.0,31.0,9.6,A,15.0
13860,medium,1,6.0,12.0,4.7,C,-13.0
13861,low,0,19.0,0.0,8.6,A,9.9
13862,low,3,7.0,17.0,1.7,A,-100.0
13863,medium,0,9.0,2.0,1.9,C,-100.0
13864,none,0,10.0,14.0,1.7,A,-100.0
13865,high,2,12.0,16.0,9.4,C,7.1
13866,none,1,18.0,3.0,9.9,D,14.1
13867,medium,1,5.0,6.0,7.8,A,4.1
13868,low,2,12.0,23.0,7.3,C,-1.4
13869,high,2,14.0,18.0,3.1,B,-100.0
13870,high,2,1.0,8.0,9.9,A,10.9
13871,high,2,16.0,11.0,1.8,A,-100.0
13872,low,1,6.0,13.0,7.7,B,3.9
13873,medium,0,10.0,5.0,9.5,B,15.0
13874,low,0,7.0,5.0,4.0,A,-14.2
13875,low,2,3.0,12.0,1.4,A,-100.0
13876,none,1,13.0,6.0,8.9,C,9.1
13877,high,2,18.0,20.0,9.9,C,9.3
13878,none,3,14.0,17.0,9.0,B,4.6
13879,medium,1,16.0,12.0,1.8,C,-100.0
13880,low,1,8.0,17.0,9.8,A,15.0
13881,medium,2,22.0,3.0,2.6,A,-100.0
13882,high,2,3.0,26.0,3.8,C,-100.0
13883,none,2,3.0,36.0,7.5,A,0.2
13884,medium,2,16.0,8.0,9.6,A,10.4
13885,high,2,4.0,12.0,7.8,C,-0.9
13886,none,2,6.0,4.0,8.6,A,5.6
13887,medium,3,4.0,2.0,3.7,A,-100.0
13888,none,2,3.0,12.0,2.9,A,-100.0
13889,high,2,12.0,5.0,8.6,A,2.6
13890,medium,2,4.0,6.0,2.9,A,-100.0
13891,none,2,40.0,11.0,9.2,A,5.6
13892,none,2,15.0,21.0,8.8,A,6.0
13893,low,1,5.0,0.0,8.7,C,9.3
13894,low,1,14.0,45.0,9.3,A,12.2
13895,none,2,12.0,12.0,5.6,A,-11.4
13896,none,0,7.0,2.0,9.7,A,15.0
13897,low,2,15.0,3.0,1.9,C,-100.0
13898,high,1,10.0,4.0,8.1,A,2.6
13899,low,2,8.0,5.0,3.8,A,-100.0
13900,medium,2,3.0,8.0,9.3,D,10.0
13901,medium,0,1.0,0.0,4.2,A,-12.9
13902,medium,0,7.0,7.0,9.7,A,15.0
13903,high,4,11.0,14.0,6.6,C,-13.2
13904,medium,5,4.0,24.0,6.2,A,-14.5
13905,none,1,6.0,5.0,2.4,A,-100.0
13906,none,0,12.0,2.0,8.2,A,7.8
13907,high,2,11.0,3.0,8.5,A,2.2
13908,low,2,22.0,11.0,9.4,A,9.1
13909,none,3,22.0,5.0,5.5,A,-15.5
13910,low,0,3.0,36.0,9.7,C,15.0
13911,medium,2,7.0,1.0,1.6,B,-100.0
13912,medium,2,,15.0,7.6,C,
13913,medium,2,1.0,7.0,9.4,B,10.8
13914,medium,2,,15.0,7.8,C,
13915,high,1,8.0,1.0,7.7,D,0.5
13916,medium,0,2.0,1.0,9.3,A,15.0
13917,low,2,,17.0,3.2,C,
13918,low,2,14.0,19.0,3.9,B,-100.0
13919,high,1,2.0,17.0,6.7,A,-4.2
13920,medium,1,7.0,28.0,6.6,A,-2.5
13921,high,2,19.0,18.0,3.5,C,-100.0
13922,low,5,9.0,9.0,7.4,A,-8.1
13923,high,1,16.0,2.0,5.0,D,-15.1
13924,low,2,22.0,9.0,3.0,A,-100.0
13925,low,1,,26.0,8.3,C,
13926,high,0,10.0,3.0,5.5,A,-9.2
13927,none,2,12.0,27.0,8.4,C,4.1
13928,medium,2,7.0,17.0,4.1,D,-18.9
13929,none,1,25.0,4.0,3.2,A,-100.0
13930,high,1,4.0,18.0,8.8,A,7.2
13931,none,0,12.0,19.0,8.1,C,7.4
13932,low,1,15.0,14.0,7.8,C,3.5
13933,low,2,5.0,25.0,6.9,A,-2.8
13934,none,3,16.0,8.0,6.5,C,-9.4
13935,low,0,8.0,11.0,3.2,A,-18.6
13936,low,1,8.0,2.0,9.4,A,12.9
13937,low,3,14.0,1.0,3.3,A,-100.0
13938,none,0,11.0,31.0,6.8,A,0.5
13939,medium,0,11.0,2.0,4.9,A,-10.0
13940,medium,1,9.0,13.0,9.8,B,14.7
13941,medium,3,31.0,9.0,8.3,C,-0.8
13942,high,4,2.0,4.0,5.4,A,-19.0
13943,high,1,3.0,11.0,3.8,A,-100.0
13944,high,0,26.0,7.0,9.0,A,
13945,medium,2,6.0,18.0,7.7,A,1.0
13946,none,1,23.0,1.0,2.6,A,-100.0
13947,low,1,12.0,37.0,4.6,A,-13.6
13948,high,1,8.0,6.0,9.8,B,12.1
13949,low,3,9.0,9.0,4.9,A,-16.9
13950,none,1,3.0,3.0,1.9,A,-100.0
13951,low,2,2.0,8.0,4.3,A,-17.0
13952,low,1,5.0,22.0,8.4,A,7.9
13953,none,0,7.0,15.0,9.2,C,13.9
13954,medium,2,14.0,14.0,7.5,B,-0.9
13955,high,4,5.0,11.0,9.5,A,3.3
13956,medium,0,3.0,22.0,3.6,C,-16.2
13957,high,1,6.0,26.0,8.7,A,6.5
13958,high,2,9.0,5.0,5.7,A,-13.0
13959,high,1,11.0,37.0,7.4,C,-1.1
13960,low,2,33.0,4.0,9.8,A,10.1
13961,low,3,7.0,6.0,10.0,A,11.3
13962,low,2,1.0,1.0,9.4,A,11.1
13963,medium,0,12.0,6.0,2.9,A,-100.0
13964,high,2,13.0,7.0,8.4,A,1.4
13965,low,2,5.0,14.0,8.6,B,6.4
13966,none,2,12.0,3.0,6.6,A,-6.0
13967,low,2,16.0,8.0,9.7,A,11.3
13968,high,1,17.0,11.0,9.9,C,11.8
13969,medium,0,17.0,37.0,8.9,A,11.7
13970,medium,1,4.0,14.0,8.5,C,8.1
13971,medium,2,17.0,0.0,8.9,A,6.4
13972,low,1,9.0,22.0,8.5,A,8.0
13973,high,0,10.0,1.0,6.0,A,-6.5
13974,low,1,12.0,24.0,6.9,A,-1.0
13975,low,2,5.0,1.0,3.0,A,-100.0
13976,high,1,10.0,20.0,5.1,B,-13.8
13977,none,3,2.0,13.0,3.8,D,-100.0
13978,low,4,,27.0,8.8,C,
13979,low,3,15.0,12.0,1.3,A,-100.0
13980,high,1,10.0,3.0,7.5,A,-0.7
13981,low,1,1.0,9.0,7.5,A,3.2
13982,high,0,2.0,3.0,8.2,A,6.4
13983,none,0,2.0,3.0,8.1,A,8.3
13984,high,0,1.0,6.0,10.0,A,15.0
13985,none,2,4.0,9.0,9.5,A,10.8
13986,medium,1,7.0,3.0,8.0,A,4.9
13987,low,3,3.0,1.0,7.0,A,-4.8
13988,low,1,11.0,8.0,9.2,C,11.5
13989,high,2,2.0,5.0,1.5,C,-100.0
13990,low,3,14.0,35.0,8.6,A,3.2
13991,high,1,14.0,5.0,7.6,A,-0.6
13992,high,1,2.0,10.0,8.7,C,6.7
13993,medium,0,20.0,35.0,7.6,D,4.3
13994,low,1,12.0,18.0,8.7,A,8.8
13995,medium,3,6.0,15.0,6.2,C,-9.7
13996,high,1,11.0,0.0,1.9,B,-100.0
13997,medium,3,8.0,7.0,6.1,D,-10.6
13998,high,2,5.0,3.0,7.8,C,-1.1
13999,medium,0,14.0,12.0,8.7,A,10.7
14000,low,1,,16.0,6.2,C,
14001,low,2,,1.0,8.7,C,
14002,high,1,18.0,6.0,9.4,C,8.9
14003,medium,1,17.0,2.0,1.2,A,-100.0
14004,high,3,2.0,8.0,,C,
14005,medium,3,1.0,34.0,7.9,A,0.3
14006,medium,2,13.0,19.0,2.5,C,-100.0
14007,medium,1,6.0,2.0,8.3,A,6.7
14008,high,2,2.0,2.0,1.4,D,-100.0
14009,none,2,9.0,1.0,1.2,A,-100.0
14010,high,3,21.0,4.0,1.2,A,-100.0
14011,high,2,22.0,4.0,9.3,A,5.5
14012,medium,2,19.0,2.0,2.8,C,-100.0
14013,,2,36.0,1.0,8.4,C,1.5
14014,high,1,2.0,4.0,1.9,A,-100.0
14015,low,4,5.0,0.0,8.8,A,2.4
14016,high,2,8.0,2.0,9.8,A,9.6
14017,low,2,16.0,2.0,8.9,C,6.8
14018,high,2,5.0,9.0,9.0,A,5.6
14019,low,0,16.0,28.0,3.7,A,-16.5
14020,medium,2,24.0,50.0,5.6,A,-12.0
14021,medium,2,12.0,8.0,5.5,A,-11.8
14022,medium,4,11.0,13.0,9.1,A,3.2
14023,medium,2,10.0,0.0,9.7,A,11.5
14024,high,1,16.0,1.0,1.4,A,-100.0
14025,low,3,12.0,17.0,8.6,A,3.2
14026,none,5,6.0,15.0,9.2,C,1.5
14027,high,0,21.0,37.0,3.7,A,-19.9
14028,low,0,14.0,6.0,1.2,A,-100.0
14029,none,2,2.0,16.0,7.8,A,1.7
14030,low,0,24.0,11.0,3.1,A,-100.0
14031,low,1,16.0,11.0,9.0,A,10.0
14032,none,1,26.0,22.0,3.1,B,-100.0
14033,high,2,8.0,16.0,9.3,C,7.0
14034,low,0,18.0,13.0,9.9,B,15.0
14035,medium,0,14.0,26.0,2.1,A,-100.0
14036,low,1,9.0,4.0,9.3,A,12.3
14037,none,2,15.0,4.0,5.7,A,-11.2
14038,none,2,10.0,32.0,9.6,A,11.0
14039,high,3,11.0,6.0,8.1,A,-2.5
14040,medium,2,6.0,0.0,9.8,C,12.4
14041,high,3,15.0,17.0,8.3,A,-1.7
14042,none,2,6.0,2.0,4.2,C,-18.6
14043,none,1,11.0,8.0,3.7,D,-19.3
14044,none,2,11.0,32.0,7.8,A,1.0
14045,none,2,2.0,6.0,1.4,A,-100.0
14046,high,0,5.0,13.0,7.6,B,2.9
14047,low,2,9.0,28.0,5.3,A,-12.0
14048,,2,6.0,48.0,2.0,A,-100.0
14049,medium,1,28.0,6.0,9.1,A,8.9
14050,medium,1,2.0,23.0,3.5,A,-19.1
14051,high,1,15.0,18.0,2.3,A,-100.0
14052,medium,2,2.0,5.0,8.2,A,4.1
14053,low,4,16.0,2.0,4.8,A,-100.0
14054,high,4,8.0,5.0,7.3,A,-9.1
14055,medium,3,4.0,10.0,1.9,A,-100.0
14056,low,1,4.0,4.0,7.4,C,2.3
14057,high,1,11.0,0.0,1.1,A,-100.0
14058,none,0,29.0,28.0,3.2,A,-100.0
14059,low,2,4.0,23.0,7.2,B,-1.1
14060,low,0,10.0,3.0,1.9,A,-100.0
14061,low,0,10.0,9.0,1.8,A,-100.0
14062,high,3,22.0,8.0,7.1,A,-9.1
14063,low,2,3.0,0.0,8.9,A,8.1
14064,high,1,6.0,2.0,8.0,A,2.4
14065,none,2,23.0,8.0,2.1,C,-100.0
14066,low,2,5.0,2.0,8.1,C,3.5
14067,low,1,18.0,1.0,5.6,B,-9.0
14068,low,0,4.0,2.0,3.6,A,-16.1
14069,high,0,17.0,14.0,5.6,B,-9.3
14070,low,3,6.0,18.0,8.3,A,2.2
14071,medium,1,2.0,7.0,4.1,A,-16.0
14072,high,1,,3.0,7.2,C,
14073,low,2,12.0,25.0,8.7,C,6.4
14074,low,1,7.0,2.0,9.9,C,15.0
14075,low,2,7.0,5.0,3.2,A,-100.0
14076,low,0,4.0,11.0,9.3,A,15.0
14077,high,3,1.0,19.0,9.9,C,8.5
14078,high,2,8.0,25.0,4.6,A,-18.8
14079,high,0,9.0,0.0,3.6,A,-19.6
14080,high,2,5.0,26.0,7.7,A,-1.4
14081,none,0,1.0,5.0,8.1,A,8.4
14082,high,0,3.0,3.0,8.0,A,5.2
14083,none,2,3.0,6.0,8.8,A,7.0
14084,high,1,7.0,2.0,8.5,A,5.0
14085,medium,1,9.0,3.0,5.9,A,-6.8
14086,low,1,2.0,7.0,9.1,A,11.9
14087,medium,2,10.0,1.0,10.0,A,13.1
14088,medium,1,12.0,7.0,1.6,C,-100.0
14089,high,3,2.0,4.0,3.3,C,-100.0
14090,low,0,16.0,3.0,4.8,C,-10.7
14091,high,1,3.0,8.0,6.1,C,-7.7
14092,low,2,13.0,6.0,5.7,C,-10.4
14093,high,0,10.0,15.0,6.2,C,-5.3
14094,low,1,3.0,34.0,7.5,A,3.3
14095,none,2,9.0,13.0,1.1,B,-100.0
14096,low,1,17.0,45.0,4.7,A,-13.4
14097,high,1,4.0,50.0,3.6,B,-100.0
14098,,1,31.0,3.0,8.9,A,7.3
14099,medium,0,8.0,0.0,7.2,C,2.9
14100,high,2,,11.0,2.6,C,
14101,low,2,7.0,23.0,3.6,A,-100.0
14102,high,2,13.0,11.0,1.5,A,-100.0
14103,low,1,10.0,14.0,6.0,B,-5.9
14104,low,5,4.0,4.0,5.4,A,-18.7
14105,high,1,16.0,7.0,3.9,C,-100.0
14106,high,0,10.0,11.0,3.6,B,-19.6
14107,high,2,4.0,13.0,9.9,C,10.7
14108,none,2,12.0,4.0,7.9,A,1.2
14109,high,1,15.0,12.0,1.4,C,-100.0
14110,high,1,1.0,5.0,3.3,A,-100.0
14111,high,1,17.0,27.0,7.8,A,0.4
14112,low,1,16.0,2.0,6.7,D,-2.8
14113,medium,0,6.0,16.0,8.7,B,11.5
14114,low,2,8.0,1.0,8.6,B,6.0
14115,high,1,2.0,5.0,9.2,A,9.4
14116,medium,0,3.0,9.0,3.0,A,-19.6
14117,medium,0,12.0,21.0,7.7,C,5.5
14118,high,1,17.0,13.0,7.1,B,-3.5
14119,medium,1,21.0,1.0,1.4,A,-100.0
14120,high,2,6.0,4.0,8.4,C,2.1
14121,none,0,4.0,1.0,1.8,C,-100.0
14122,low,1,16.0,17.0,4.7,A,-13.6
14123,low,0,1.0,49.0,6.5,C,0.6
14124,medium,1,6.0,30.0,1.7,A,-100.0
14125,high,2,15.0,5.0,5.9,A,-12.5
14126,high,0,7.0,6.0,3.1,D,-100.0
14127,high,1,4.0,2.0,3.4,C,-100.0
14128,medium,0,20.0,6.0,3.4,D,-19.1
14129,low,1,6.0,6.0,2.0,A,-100.0
14130,none,3,20.0,2.0,2.7,A,-100.0
14131,,0,11.0,4.0,6.2,A,-3.1
14132,high,1,24.0,1.0,9.2,A,7.2
14133,low,2,18.0,30.0,7.6,C,-0.2
14134,medium,5,6.0,10.0,10.0,A,6.1
14135,medium,1,12.0,5.0,6.8,D,-2.2
14136,high,1,12.0,1.0,4.9,A,-15.3
14137,high,4,8.0,10.0,3.5,A,-100.0
14138,low,2,10.0,15.0,3.6,A,-100.0
14139,low,1,11.0,14.0,8.3,A,6.7
14140,high,0,26.0,25.0,2.3,A,-100.0
14141,low,3,9.0,8.0,9.6,C,9.0
14142,low,3,4.0,3.0,6.8,A,-6.0
14143,high,1,6.0,11.0,3.1,A,-100.0
14144,medium,0,3.0,11.0,8.5,A,10.7
14145,high,0,8.0,7.0,9.5,D,13.0
14146,medium,2,1.0,9.0,,C,
14147,none,5,11.0,1.0,7.2,A,-10.1
14148,low,2,19.0,6.0,3.8,A,-100.0
14149,high,1,18.0,27.0,8.2,C,2.5
14150,medium,0,25.0,4.0,2.4,A,-100.0
14151,medium,0,8.0,5.0,9.9,B,15.0
14152,low,1,6.0,25.0,3.2,B,-100.0
14153,high,3,4.0,3.0,6.0,C,-13.4
14154,high,1,8.0,9.0,5.9,A,-9.3
14155,none,2,8.0,13.0,2.0,A,-100.0
14156,high,3,11.0,14.0,1.0,A,-100.0
14157,low,0,18.0,22.0,3.8,B,-16.2
14158,none,0,2.0,14.0,9.3,A,15.0
14159,low,3,8.0,3.0,6.0,A,-10.8
14160,medium,2,8.0,5.0,4.1,C,-19.1
14161,low,1,15.0,8.0,2.1,A,-100.0
14162,high,2,11.0,12.0,8.3,A,1.1
14163,high,1,16.0,1.0,4.4,A,-18.4
14164,low,1,15.0,1.0,2.1,A,-100.0
14165,high,4,7.0,1.0,1.8,A,-100.0
14166,medium,0,14.0,18.0,2.7,A,-100.0
14167,medium,4,9.0,5.0,9.1,A,3.3
14168,high,3,19.0,16.0,8.7,A,0.1
14169,medium,1,3.0,17.0,1.8,A,-100.0
14170,low,0,15.0,8.0,2.2,A,-100.0
14171,low,2,4.0,2.0,1.7,A,-100.0
14172,none,0,1.0,18.0,8.8,A,12.4
14173,none,2,2.0,11.0,1.7,D,-100.0
14174,low,1,12.0,40.0,6.2,A,-4.7
14175,none,4,15.0,12.0,1.4,A,-100.0
14176,low,2,33.0,1.0,5.6,A,-13.0
14177,medium,2,,0.0,3.0,C,
14178,none,3,2.0,39.0,2.2,A,-100.0
14179,low,1,27.0,4.0,9.9,A,13.8
14180,high,1,19.0,3.0,9.6,A,9.9
14181,low,0,8.0,4.0,4.7,A,-10.4
14182,high,1,,7.0,8.2,C,
14183,high,0,13.0,27.0,8.6,B,7.7
14184,none,3,6.0,4.0,9.4,A,7.5
14185,medium,4,23.0,5.0,2.7,C,-100.0
14186,low,2,10.0,14.0,8.2,A,3.7
14187,low,2,11.0,28.0,8.3,A,4.3
14188,low,2,16.0,4.0,2.4,A,-100.0
14189,low,1,8.0,4.0,8.8,A,9.6
14190,low,1,10.0,7.0,7.8,A,3.9
14191,high,2,8.0,10.0,7.3,A,-4.1
14192,none,3,9.0,1.0,2.0,A,-100.0
14193,medium,2,11.0,3.0,4.3,C,-18.3
14194,low,1,18.0,14.0,9.8,A,14.2
14195,none,2,21.0,3.0,3.2,A,-100.0
14196,high,2,1.0,7.0,9.9,A,10.9
14197,low,1,9.0,21.0,8.6,A,8.6
14198,medium,1,4.0,13.0,8.4,B,7.5
14199,low,1,11.0,2.0,8.8,A,9.3
14200,none,1,7.0,37.0,9.6,A,13.9
14201,none,0,15.0,4.0,3.4,D,-18.9
14202,low,2,8.0,0.0,3.7,A,-100.0
14203,high,2,10.0,2.0,8.4,B,1.7
14204,medium,0,17.0,2.0,8.8,A,10.8
14205,medium,0,8.0,7.0,8.4,A,9.6
14206,low,0,6.0,0.0,3.1,C,-19.1
14207,low,0,3.0,3.0,9.3,C,15.0
14208,high,2,4.0,36.0,8.3,C,2.1
14209,low,1,12.0,8.0,7.1,A,-0.1
14210,high,1,4.0,37.0,3.4,A,-100.0
14211,none,0,23.0,4.0,9.8,A,15.0
14212,none,1,1.0,4.0,1.2,A,-100.0
14213,low,1,4.0,1.0,3.6,A,-18.6
14214,high,1,13.0,4.0,4.3,B,-18.6
14215,high,2,6.0,6.0,9.6,B,8.7
14216,medium,2,14.0,30.0,2.5,A,-100.0
14217,low,0,16.0,16.0,8.6,A,10.3
14218,high,2,17.0,32.0,8.1,D,-0.4
14219,high,1,3.0,11.0,6.9,A,-3.3
14220,high,1,7.0,16.0,10.0,A,13.4
14221,low,2,9.0,0.0,9.8,B,12.5
14222,medium,4,22.0,4.0,7.4,B,-7.4
14223,none,0,1.0,1.0,7.4,C,4.5
14224,medium,3,11.0,28.0,2.8,C,-100.0
14225,medium,3,9.0,33.0,6.0,A,-11.0
14226,high,2,5.0,6.0,9.0,A,5.5
14227,high,0,8.0,4.0,3.5,A,-100.0
14228,high,1,9.0,24.0,3.3,C,-100.0
14229,low,2,8.0,4.0,6.0,A,-8.3
14230,medium,1,4.0,4.0,6.0,A,-5.8
14231,medium,1,,15.0,2.2,C,
14232,high,1,3.0,7.0,9.6,A,11.5
14233,high,2,13.0,10.0,8.7,B,3.1
14234,,0,17.0,27.0,3.6,A,-17.8
14235,medium,0,27.0,11.0,9.4,A,13.2
14236,high,1,10.0,23.0,1.5,A,-100.0
14237,high,2,8.0,1.0,2.8,A,-100.0
14238,high,1,9.0,7.0,10.0,A,13.1
14239,,3,6.0,14.0,7.7,A,-1.7
14240,none,3,9.0,3.0,8.2,C,0.6
14241,low,3,5.0,1.0,4.0,A,-100.0
14242,medium,1,11.0,2.0,2.9,C,-100.0
14243,low,3,24.0,9.0,2.2,A,-100.0
14244,high,3,21.0,18.0,8.2,C,-2.8
14245,high,5,7.0,2.0,9.2,A,-1.1
14246,none,1,3.0,1.0,9.1,A,11.1
14247,none,2,14.0,50.0,8.5,A,4.7
14248,high,2,6.0,5.0,7.9,C,-0.6
14249,medium,0,1.0,21.0,2.7,A,-100.0
14250,,5,,31.0,6.2,C,
14251,low,1,5.0,2.0,4.3,A,-14.9
14252,high,2,3.0,12.0,8.3,A,1.9
14253,medium,2,4.0,4.0,7.9,A,2.2
14254,low,0,8.0,13.0,2.2,A,-100.0
14255,medium,0,3.0,1.0,9.8,A,15.0
14256,high,1,1.0,42.0,3.9,A,-19.2
14257,medium,1,9.0,15.0,9.6,B,13.6
14258,none,0,29.0,5.0,1.3,A,-100.0
14259,none,1,2.0,0.0,2.8,A,-100.0
14260,high,2,6.0,40.0,8.4,A,2.5
14261,medium,2,8.0,8.0,7.1,A,-2.6
14262,high,0,7.0,7.0,2.5,A,-100.0
14263,,2,4.0,39.0,5.3,A,-12.0
14264,high,3,22.0,3.0,5.7,C,-16.8
14265,low,0,8.0,22.0,6.5,A,-0.4
14266,high,0,6.0,3.0,2.2,A,-100.0
14267,high,3,2.0,3.0,9.5,B,6.1
14268,low,0,12.0,16.0,10.0,A,15.0
14269,low,2,9.0,12.0,4.1,A,-18.8
14270,low,4,23.0,6.0,8.1,A,-3.2
14271,medium,2,15.0,1.0,9.6,A,10.4
14272,low,2,4.0,10.0,7.3,A,-0.7
14273,low,4,2.0,14.0,1.8,A,-100.0
14274,high,3,24.0,10.0,9.9,A,6.1
14275,high,2,7.0,12.0,2.4,C,-100.0
14276,low,1,3.0,1.0,5.0,A,-10.8
14277,high,1,3.0,2.0,9.4,C,10.4
14278,medium,0,14.0,7.0,7.2,A,2.4
14279,low,0,4.0,16.0,3.3,B,-17.6
14280,low,2,14.0,20.0,9.9,A,12.7
14281,low,1,13.0,6.0,4.7,A,-13.4
14282,high,1,4.0,15.0,2.6,A,-100.0
14283,medium,1,6.0,24.0,7.9,A,4.7
14284,none,1,11.0,17.0,9.2,B,11.0
14285,,3,19.0,27.0,2.8,D,-100.0
14286,low,2,3.0,7.0,4.8,A,-14.4
14287,high,1,6.0,12.0,7.7,A,0.8
14288,none,2,11.0,23.0,2.4,B,-100.0
14289,high,0,25.0,1.0,7.3,C,-0.9
14290,high,0,6.0,1.0,3.4,C,-100.0
14291,high,1,10.0,22.0,8.5,A,4.9
14292,,3,9.0,7.0,8.8,B,3.9
14293,none,0,9.0,5.0,1.1,C,-100.0
14294,low,1,3.0,7.0,8.8,C,10.2
14295,high,0,4.0,4.0,9.0,A,10.6
14296,none,1,7.0,9.0,3.0,C,-100.0
14297,low,1,2.0,9.0,4.4,A,-13.9
14298,high,1,4.0,29.0,9.2,A,9.5
14299,medium,2,19.0,40.0,9.7,A,10.9
14300,high,2,8.0,8.0,7.4,A,-3.5
14301,medium,1,4.0,14.0,2.6,B,-100.0
14302,high,0,3.0,3.0,9.8,A,15.0
14303,none,0,2.0,8.0,1.4,C,-100.0
14304,medium,0,3.0,12.0,2.5,A,-100.0
14305,high,1,4.0,11.0,7.8,C,1.6
14306,high,3,14.0,3.0,4.3,C,-100.0
14307,low,1,5.0,50.0,9.7,A,15.0
14308,low,1,4.0,25.0,2.8,C,-100.0
14309,none,0,4.0,1.0,5.1,A,-8.5
14310,medium,1,16.0,37.0,8.6,A,7.7
14311,high,2,2.0,1.0,2.2,A,-100.0
14312,low,2,17.0,3.0,,D,
14313,high,1,15.0,0.0,9.4,D,9.2
14314,low,1,6.0,5.0,1.2,D,-100.0
14315,none,0,9.0,1.0,9.7,A,15.0
14316,high,0,10.0,3.0,9.5,A,12.8
14317,none,0,11.0,0.0,6.7,A,-0.4
14318,none,2,6.0,4.0,8.4,A,4.5
14319,high,1,11.0,6.0,8.2,B,3.0
14320,medium,3,5.0,3.0,2.4,C,-100.0
14321,none,0,4.0,13.0,3.8,C,-15.5
14322,low,1,14.0,0.0,5.1,B,-11.4
14323,low,1,5.0,41.0,7.2,A,1.5
14324,low,0,2.0,24.0,1.4,A,-100.0
14325,none,3,20.0,6.0,8.1,A,-1.0
14326,none,1,7.0,7.0,3.8,C,-18.3
14327,medium,1,6.0,23.0,6.4,A,-3.6
14328,low,0,,2.0,9.6,C,
14329,low,3,12.0,6.0,6.5,B,-8.4
14330,medium,1,16.0,1.0,8.5,C,6.8
14331,none,3,14.0,1.0,8.3,A,0.6
14332,high,6,5.0,1.0,8.6,B,-6.7
14333,high,1,13.0,3.0,9.1,A,7.8
14334,low,3,10.0,4.0,9.5,A,8.3
14335,medium,1,22.0,13.0,9.9,B,14.0
14336,high,4,6.0,4.0,7.9,A,-5.6
14337,medium,3,6.0,6.0,2.8,A,-100.0
14338,high,3,7.0,11.0,1.1,A,-100.0
14339,medium,1,9.0,0.0,8.1,C,5.3
14340,low,3,10.0,8.0,1.5,A,-100.0
14341,medium,1,21.0,14.0,2.4,A,-100.0
14342,high,2,19.0,13.0,7.5,C,-4.0
14343,high,2,4.0,10.0,8.4,A,2.4
14344,none,0,10.0,5.0,8.3,A,8.6
14345,low,1,8.0,11.0,3.2,A,-100.0
14346,high,3,9.0,15.0,9.0,B,2.7
14347,medium,1,4.0,29.0,2.8,C,-100.0
14348,high,2,0.0,50.0,3.2,C,-100.0
14349,high,2,4.0,50.0,1.6,A,-100.0
14350,high,2,3.0,7.0,3.6,A,-100.0
14351,low,2,4.0,16.0,8.9,A,8.2
14352,low,3,6.0,7.0,2.6,A,-100.0
14353,low,3,3.0,4.0,8.4,A,2.9
14354,high,1,13.0,17.0,4.9,C,-15.2
14355,high,2,19.0,14.0,7.8,D,-2.4
14356,high,1,10.0,10.0,3.1,A,-100.0
14357,high,1,10.0,3.0,10.0,C,13.0
14358,high,1,4.0,12.0,3.0,A,-100.0
14359,medium,0,17.0,0.0,9.3,A,13.5
14360,low,2,6.0,11.0,7.2,C,-1.4
14361,medium,0,22.0,13.0,8.2,A,7.1
14362,low,0,11.0,14.0,5.9,D,-4.0
14363,low,5,23.0,2.0,8.9,C,-1.3
14364,none,1,11.0,40.0,9.2,A,11.3
14365,,1,18.0,10.0,4.2,A,-17.2
14366,none,4,20.0,6.0,3.0,A,-100.0
14367,none,1,5.0,16.0,8.7,B,8.9
14368,low,2,15.0,4.0,3.7,A,-100.0
14369,none,3,5.0,2.0,8.4,A,2.1
14370,low,1,1.0,11.0,8.2,C,7.1
14371,low,5,7.0,4.0,7.1,A,-9.6
14372,high,0,11.0,2.0,8.5,A,7.2
14373,medium,3,6.0,11.0,6.4,A,-8.7
14374,high,5,11.0,13.0,9.7,B,1.4
14375,none,2,2.0,10.0,4.1,A,-18.7
14376,medium,2,16.0,41.0,3.2,A,-100.0
14377,medium,0,10.0,48.0,6.0,A,-3.4
14378,low,2,12.0,4.0,7.1,B,-2.6
14379,low,1,4.0,5.0,8.7,A,9.5
14380,low,2,10.0,32.0,3.1,A,-100.0
14381,low,2,12.0,1.0,1.6,A,-100.0
14382,high,2,1.0,9.0,2.6,A,-100.0
14383,high,0,6.0,2.0,8.9,C,9.8
14384,low,0,8.0,14.0,8.1,A,8.4
14385,medium,1,7.0,50.0,1.8,A,-100.0
14386,low,0,9.0,22.0,1.4,B,-100.0
14387,,1,15.0,4.0,9.3,B,11.1
14388,low,3,19.0,3.0,3.3,B,-100.0
14389,low,2,3.0,15.0,2.6,C,-100.0
14390,low,0,13.0,13.0,7.6,A,5.1
14391,low,3,28.0,0.0,4.5,A,-100.0
14392,high,2,4.0,4.0,4.6,A,-18.6
14393,medium,1,12.0,7.0,9.2,A,11.1
14394,high,1,4.0,2.0,4.8,B,-15.0
14395,medium,2,15.0,22.0,4.9,A,-15.2
14396,medium,3,15.0,3.0,9.9,C,9.6
14397,high,1,16.0,17.0,7.3,C,-2.3
14398,medium,0,24.0,2.0,9.9,C,15.0
14399,high,3,21.0,13.0,4.7,B,-100.0
14400,none,2,2.0,3.0,3.8,A,-100.0
14401,high,0,6.0,8.0,9.6,C,13.8
14402,low,1,9.0,14.0,8.8,A,9.6
14403,low,2,6.0,23.0,7.5,B,0.4
14404,,0,9.0,1.0,3.6,A,-17.2
14405,high,2,4.0,6.0,8.7,A,4.0
14406,high,1,12.0,16.0,2.5,A,-100.0
14407,medium,1,7.0,5.0,1.1,B,-100.0
14408,medium,0,9.0,32.0,3.5,A,-17.2
14409,high,2,2.0,21.0,1.1,A,-100.0
14410,medium,1,18.0,24.0,7.5,A,1.3
14411,low,1,3.0,25.0,8.7,A,9.8
14412,low,2,19.0,24.0,9.3,A,9.0
14413,low,1,10.0,5.0,8.7,C,8.9
14414,,0,3.0,28.0,4.1,C,-13.6
14415,high,2,26.0,1.0,6.2,B,-12.0
14416,high,2,2.0,20.0,7.7,A,-1.2
14417,none,2,1.0,5.0,1.8,A,-100.0
14418,none,3,15.0,1.0,6.5,A,-9.4
14419,,0,6.0,9.0,9.0,C,12.9
14420,high,2,10.0,38.0,1.5,A,-100.0
14421,low,3,8.0,2.0,8.8,A,4.6
14422,low,2,9.0,7.0,1.2,A,-100.0
14423,low,1,14.0,6.0,6.0,B,-6.4
14424,high,1,30.0,2.0,9.7,A,9.3
14425,high,3,29.0,20.0,9.0,B,0.8
14426,low,0,3.0,1.0,4.0,A,-13.8
14427,low,2,20.0,16.0,8.9,A,6.6
14428,medium,2,19.0,3.0,9.3,B,8.4
14429,medium,1,22.0,6.0,4.2,A,-17.4
14430,low,3,2.0,31.0,5.6,A,-12.1
14431,high,2,3.0,5.0,2.7,C,-100.0
14432,high,1,6.0,8.0,9.8,A,12.4
14433,none,1,5.0,29.0,3.3,A,-100.0
14434,low,0,11.0,6.0,9.5,A,15.0
14435,low,3,11.0,31.0,1.4,A,-100.0
14436,medium,2,4.0,0.0,4.8,A,-14.9
14437,high,3,1.0,3.0,1.4,A,-100.0
14438,medium,1,21.0,15.0,1.8,A,-100.0
14439,high,1,11.0,0.0,8.8,A,6.3
14440,low,2,5.0,1.0,2.7,A,-100.0
14441,low,3,9.0,2.0,1.9,D,-100.0
14442,high,2,6.0,33.0,5.1,A,-15.7
14443,medium,3,9.0,25.0,1.3,C,-100.0
14444,high,0,10.0,5.0,7.9,B,4.0
14445,high,1,15.0,13.0,4.2,C,-19.3
14446,medium,2,7.0,20.0,1.3,C,-100.0
14447,low,0,13.0,34.0,1.1,A,-100.0
14448,,2,0.0,3.0,2.9,A,-100.0
14449,low,1,14.0,1.0,4.1,C,-16.9
14450,low,4,8.0,32.0,8.7,A,1.8
14451,low,2,6.0,11.0,7.4,C,-0.3
14452,low,0,8.0,0.0,2.4,A,-100.0
14453,none,1,3.0,13.0,2.8,B,-100.0
14454,medium,2,16.0,15.0,8.9,A,6.6
14455,medium,3,7.0,27.0,1.4,A,-100.0
14456,low,1,8.0,26.0,6.9,A,-0.6
14457,medium,0,11.0,9.0,3.4,B,-18.2
14458,medium,1,15.0,2.0,9.3,A,11.3
14459,high,2,17.0,5.0,5.2,A,-16.6
14460,medium,4,3.0,11.0,3.9,A,-100.0
14461,medium,1,10.0,12.0,9.8,A,14.6
14462,high,0,17.0,12.0,2.0,A,-100.0
14463,none,2,23.0,10.0,8.3,A,2.3
14464,medium,2,20.0,5.0,3.2,C,-100.0
14465,high,1,1.0,5.0,1.9,B,-100.0
14466,medium,1,4.0,2.0,7.5,A,2.5
14467,low,2,10.0,19.0,7.0,A,-2.8
14468,medium,1,6.0,19.0,9.2,A,11.8
14469,high,2,14.0,12.0,5.0,A,-17.3
14470,high,3,9.0,12.0,6.6,A,-10.5
14471,high,2,3.0,10.0,8.1,A,0.8
14472,high,4,13.0,18.0,9.3,A,1.5
14473,low,1,11.0,1.0,5.4,A,-9.4
14474,medium,0,3.0,5.0,9.3,A,15.0
14475,medium,0,7.0,2.0,8.6,A,10.7
14476,low,3,5.0,30.0,9.6,B,9.6
14477,high,4,2.0,0.0,9.7,A,4.6
14478,high,1,8.0,3.0,8.3,C,3.9
14479,medium,1,4.0,13.0,7.3,A,1.5
14480,low,4,15.0,4.0,9.3,A,4.2
14481,none,2,19.0,10.0,4.4,A,-18.7
14482,high,5,8.0,15.0,3.2,A,-100.0
14483,high,3,4.0,10.0,4.7,A,-100.0
14484,medium,2,10.0,1.0,6.3,A,-7.2
14485,low,3,6.0,26.0,1.4,A,-100.0
14486,none,1,,39.0,6.9,C,
14487,high,2,10.0,30.0,2.0,B,-100.0
14488,high,0,15.0,6.0,8.3,C,5.7
14489,medium,1,3.0,20.0,8.3,A,7.1
14490,medium,1,12.0,9.0,2.2,C,-100.0
14491,high,2,2.0,26.0,9.0,B,6.0
14492,low,2,10.0,10.0,9.6,C,11.4
14493,low,1,9.0,11.0,1.4,C,-100.0
14494,low,0,9.0,29.0,9.4,A,15.0
14495,low,0,5.0,7.0,3.4,C,-17.3
14496,low,2,9.0,9.0,9.2,A,9.3
14497,medium,2,7.0,4.0,4.1,A,-19.0
14498,none,1,14.0,2.0,8.2,A,5.1
14499,low,4,28.0,12.0,9.6,C,4.6
14500,medium,0,12.0,4.0,6.4,A,-1.9
14501,none,4,19.0,8.0,5.4,A,-18.2
14502,low,3,10.0,7.0,9.2,C,6.6
14503,medium,1,2.0,27.0,8.4,B,7.9
14504,low,1,8.0,2.0,7.0,A,-0.3
14505,none,2,4.0,15.0,9.7,A,12.0
14506,medium,2,12.0,22.0,8.5,B,4.9
14507,low,1,19.0,2.0,5.7,D,-8.6
14508,medium,1,4.0,3.0,9.4,A,12.9
14509,none,0,14.0,14.0,1.9,B,-100.0
14510,high,1,21.0,50.0,9.9,A,11.8
14511,high,1,4.0,3.0,9.7,D,12.0
14512,high,2,13.0,10.0,7.7,A,-2.4
14513,medium,0,6.0,15.0,1.2,C,-100.0
14514,none,1,7.0,6.0,8.2,A,5.8
14515,low,3,21.0,25.0,8.1,A,-0.3
14516,none,2,11.0,0.0,8.3,C,3.4
14517,none,0,19.0,18.0,9.2,A,12.8
14518,low,3,20.0,9.0,6.7,A,-8.1
14519,high,3,6.0,0.0,8.2,A,-1.5
14520,low,3,13.0,31.0,9.1,B,6.0
14521,high,2,3.0,8.0,5.3,A,-14.6
14522,medium,1,2.0,10.0,2.7,A,-100.0
14523,low,4,3.0,1.0,6.8,C,-8.4
14524,low,1,20.0,9.0,9.7,A,13.4
14525,high,0,9.0,24.0,9.9,A,15.0
14526,high,2,15.0,13.0,4.8,A,-18.5
14527,medium,1,7.0,15.0,8.1,A,5.6
14528,none,1,10.0,0.0,3.3,A,-100.0
14529,high,2,12.0,1.0,8.7,D,3.1
14530,low,2,11.0,34.0,2.3,A,-100.0
14531,medium,1,13.0,11.0,2.6,A,-100.0
14532,high,4,11.0,2.0,1.3,B,-100.0
14533,high,5,3.0,14.0,6.5,A,-15.4
14534,high,0,16.0,1.0,3.3,C,-100.0
14535,high,2,24.0,2.0,9.4,A,5.8
14536,medium,4,13.0,2.0,3.9,A,-100.0
14537,high,0,17.0,19.0,1.4,A,-100.0
14538,medium,0,7.0,6.0,5.2,B,-7.9
14539,low,2,39.0,35.0,7.9,A,-0.6
14540,high,1,6.0,13.0,3.5,A,-100.0
14541,low,2,17.0,4.0,1.4,A,-100.0
14542,low,0,5.0,2.0,9.3,B,15.0
14543,high,2,4.0,3.0,8.5,A,2.9
14544,high,1,9.0,6.0,8.9,B,7.1
14545,low,0,3.0,2.0,2.2,A,-100.0
14546,low,1,9.0,4.0,9.3,A,12.3
14547,high,3,2.0,16.0,8.9,A,2.9
14548,high,1,2.0,14.0,6.8,A,-3.7
14549,medium,1,7.0,1.0,8.3,A,6.6
14550,low,2,4.0,29.0,3.5,A,-100.0
14551,none,1,3.0,7.0,4.7,C,-13.0
14552,high,6,13.0,50.0,8.9,C,-5.4
14553,medium,1,4.0,8.0,8.4,C,7.5
14554,none,1,6.0,5.0,1.9,C,-100.0
14555,high,1,5.0,0.0,7.0,A,-3.0
14556,low,1,4.0,6.0,6.5,C,-2.6
14557,high,2,5.0,7.0,8.7,D,3.9
14558,medium,1,6.0,13.0,5.0,C,-11.4
14559,high,1,5.0,9.0,9.7,C,11.9
14560,none,1,14.0,9.0,8.8,A,8.5
14561,high,0,12.0,3.0,6.0,A,-6.7
14562,none,1,7.0,18.0,2.5,A,-100.0
14563,medium,3,3.0,3.0,8.8,A,4.7
14564,none,4,32.0,2.0,10.0,A,5.7
14565,high,0,21.0,2.0,3.9,A,-19.2
14566,none,1,19.0,7.0,8.0,A,3.5
14567,high,0,5.0,9.0,2.3,C,-100.0
14568,high,0,11.0,18.0,7.7,A,2.9
14569,medium,0,10.0,5.0,6.6,A,-0.5
14570,high,1,9.0,29.0,2.0,A,-100.0
14571,medium,1,11.0,18.0,7.7,A,3.0
14572,high,2,7.0,26.0,6.4,C,-8.8
14573,low,1,9.0,7.0,1.4,C,-100.0
14574,medium,0,8.0,44.0,6.8,C,1.1
14575,medium,1,28.0,17.0,9.9,A,13.4
14576,medium,1,15.0,30.0,5.5,A,-9.4
14577,low,1,9.0,19.0,2.4,A,-100.0
14578,low,2,3.0,8.0,5.7,B,-9.4
14579,low,4,11.0,10.0,5.1,A,-18.5
14580,medium,2,1.0,3.0,9.3,A,10.2
14581,,2,7.0,12.0,9.2,A,8.9
14582,high,3,4.0,35.0,9.5,C,6.2
14583,low,4,14.0,2.0,9.5,B,5.3
14584,high,3,2.0,1.0,5.6,A,-15.4
14585,medium,1,15.0,7.0,9.1,A,10.2
14586,high,1,5.0,26.0,3.6,A,-100.0
14587,low,1,9.0,7.0,2.0,C,-100.0
14588,high,0,3.0,5.0,4.7,A,-12.9
14589,medium,0,,7.0,8.1,C,
14590,high,1,7.0,6.0,7.0,A,-3.2
14591,high,0,9.0,11.0,9.8,C,14.6
14592,high,2,4.0,15.0,5.5,B,-13.5
14593,medium,2,9.0,4.0,4.9,A,-14.8
14594,high,1,12.0,0.0,9.8,B,11.7
14595,high,0,18.0,8.0,8.3,A,5.4
14596,high,2,4.0,16.0,4.3,C,-100.0
14597,low,1,5.0,8.0,8.6,A,8.9
14598,,4,5.0,4.0,6.6,B,-10.3
14599,medium,5,2.0,5.0,9.7,A,4.8
14600,medium,2,8.0,23.0,6.9,A,
14601,none,1,12.0,16.0,9.7,B,13.7
14602,high,1,4.0,9.0,8.2,A,3.8
14603,low,1,2.0,2.0,8.5,C,8.5
14604,high,0,31.0,1.0,6.5,A,-5.9
14605,medium,2,6.0,13.0,1.0,A,-100.0
14606,medium,1,4.0,32.0,9.9,A,15.0
14607,low,1,8.0,1.0,5.0,A,-11.3
14608,medium,4,6.0,43.0,6.9,A,-8.1
14609,low,3,27.0,2.0,8.1,A,-1.2
14610,,2,3.0,15.0,6.0,A,-8.3
14611,high,0,25.0,7.0,3.3,B,-100.0
14612,high,1,5.0,7.0,1.7,A,-100.0
14613,high,2,4.0,23.0,9.3,C,7.4
14614,high,1,10.0,47.0,9.5,A,10.7
14615,none,0,2.0,16.0,1.6,C,-100.0
14616,high,2,11.0,10.0,1.8,A,-100.0
14617,,2,3.0,1.0,5.1,C,-13.4
14618,high,1,4.0,14.0,6.0,A,-8.3
14619,low,1,16.0,7.0,9.9,C,14.9
14620,low,1,8.0,6.0,9.8,B,15.0
14621,high,4,21.0,1.0,5.6,B,-19.8
14622,none,1,5.0,3.0,6.7,A,-2.2
14623,low,0,7.0,39.0,7.6,A,6.0
14624,low,3,4.0,28.0,8.9,B,5.8
14625,high,1,18.0,23.0,3.5,A,-100.0
14626,medium,0,7.0,1.0,2.4,C,-100.0
14627,low,0,4.0,7.0,8.5,C,10.9
14628,high,0,6.0,3.0,8.9,A,9.8
14629,none,1,16.0,5.0,4.5,A,-15.4
14630,low,0,11.0,21.0,1.2,A,-100.0
14631,medium,2,10.0,27.0,9.3,A,9.5
14632,low,0,10.0,1.0,8.2,B,8.6
14633,high,2,14.0,0.0,9.8,C,9.0
14634,high,3,15.0,15.0,1.3,A,-100.0
14635,none,3,4.0,2.0,2.3,A,-100.0
14636,none,3,20.0,9.0,1.6,A,-100.0
14637,high,2,21.0,5.0,4.0,A,-100.0
14638,high,4,1.0,6.0,8.8,A,-0.2
14639,low,0,5.0,42.0,2.1,B,-100.0
14640,none,4,7.0,11.0,9.5,C,5.5
14641,low,3,4.0,2.0,9.9,C,11.0
14642,low,0,20.0,22.0,7.5,A,3.9
14643,high,1,7.0,34.0,9.2,A,9.2
14644,medium,3,16.0,4.0,9.5,A,7.3
14645,none,0,29.0,9.0,7.2,A,0.7
14646,medium,2,2.0,18.0,2.2,B,-100.0
14647,high,2,7.0,23.0,8.3,A,1.7
14648,medium,2,6.0,5.0,6.7,A,-4.6
14649,medium,0,15.0,5.0,2.5,A,-100.0
14650,high,2,15.0,2.0,6.5,A,-9.3
14651,medium,1,5.0,17.0,9.9,A,15.0
14652,low,2,15.0,0.0,8.3,A,3.6
14653,low,2,17.0,16.0,1.6,A,-100.0
14654,low,3,4.0,3.0,6.5,B,-7.6
14655,low,0,8.0,0.0,4.4,A,-12.1
14656,none,4,9.0,2.0,8.2,A,-1.9
14657,high,2,24.0,1.0,4.6,C,-100.0
14658,low,2,20.0,10.0,2.7,A,-100.0
14659,medium,1,12.0,1.0,1.3,D,-100.0
14660,low,1,4.0,21.0,6.3,C,-3.6
14661,medium,0,14.0,4.0,3.4,A,-18.6
14662,medium,1,3.0,6.0,8.1,A,5.9
14663,medium,0,3.0,1.0,3.7,A,-15.8
14664,low,2,12.0,2.0,5.6,A,-10.9
14665,low,3,12.0,33.0,2.4,C,-100.0
14666,,1,3.0,2.0,6.7,A,-2.1
14667,low,1,12.0,14.0,3.6,C,-19.3
14668,low,0,16.0,1.0,6.9,B,0.8
14669,medium,1,0.0,10.0,1.6,A,-100.0
14670,high,1,21.0,17.0,9.6,A,9.8
14671,none,0,2.0,2.0,3.2,C,-18.7
14672,none,4,1.0,23.0,8.2,B,-0.9
14673,high,0,2.0,6.0,3.8,A,-17.8
14674,none,3,1.0,0.0,,D,
14675,low,1,14.0,6.0,8.3,C,6.3
14676,medium,0,12.0,22.0,9.9,C,15.0
14677,high,2,5.0,4.0,8.2,A,1.1
14678,high,2,7.0,41.0,8.5,A,2.9
14679,low,0,18.0,1.0,9.8,A,15.0
14680,low,1,1.0,16.0,8.8,A,10.4
14681,none,1,16.0,3.0,2.1,A,-100.0
14682,high,1,,0.0,9.1,C,
14683,medium,1,2.0,1.0,6.3,A,-3.9
14684,low,3,25.0,3.0,6.9,A,-7.5
14685,high,1,30.0,36.0,9.0,A,5.8
14686,low,2,3.0,1.0,7.5,D,0.4
14687,none,1,4.0,22.0,9.1,A,11.2
14688,medium,2,1.0,2.0,3.7,A,-100.0
14689,high,1,27.0,11.0,4.3,A,-20.0
14690,none,3,7.0,1.0,5.5,A,-14.1
14691,medium,2,3.0,15.0,9.2,D,9.5
14692,high,1,7.0,9.0,9.5,A,10.6
14693,high,2,15.0,6.0,8.4,A,1.2
14694,high,1,13.0,1.0,5.6,A,-11.5
14695,low,4,7.0,4.0,6.9,A,-8.2
14696,low,3,16.0,1.0,8.8,A,3.8
14697,high,1,10.0,6.0,9.1,B,8.1
14698,medium,2,11.0,4.0,8.7,A,5.9
14699,high,2,34.0,48.0,8.8,A,2.0
14700,medium,3,13.0,9.0,7.0,C,-6.1
14701,low,0,7.0,3.0,8.5,A,10.6
14702,high,1,4.0,0.0,3.4,A,-100.0
14703,high,1,12.0,50.0,8.7,C,6.1
14704,medium,2,9.0,2.0,4.8,C,-15.4
14705,none,1,4.0,4.0,4.2,A,-15.9
14706,none,2,5.0,23.0,9.2,A,9.2
14707,high,1,14.0,23.0,7.9,A,1.3
14708,none,2,5.0,9.0,7.5,A,-0.3
14709,medium,0,5.0,12.0,1.7,A,-100.0
14710,low,0,,5.0,1.0,C,
14711,none,1,29.0,19.0,7.1,B,-2.3
14712,low,3,5.0,8.0,1.5,A,-100.0
14713,low,1,11.0,2.0,3.0,A,-100.0
14714,none,0,11.0,25.0,8.6,C,10.3
14715,medium,0,26.0,21.0,2.6,D,-100.0
14716,none,2,9.0,2.0,6.2,A,-7.9
14717,none,0,9.0,8.0,4.5,C,-12.2
14718,none,2,13.0,4.0,6.3,D,-7.7
14719,medium,3,32.0,3.0,8.8,A,1.8
14720,medium,2,4.0,6.0,9.7,A,12.1
14721,medium,3,2.0,11.0,8.7,C,4.4
14722,high,2,6.0,25.0,2.8,A,-100.0
14723,high,1,0.0,4.0,1.0,A,-100.0
14724,medium,3,1.0,1.0,5.9,A,-11.0
14725,none,0,5.0,13.0,8.9,A,12.5
14726,low,3,10.0,50.0,7.5,A,-2.3
14727,low,0,8.0,17.0,2.8,A,-100.0
14728,medium,2,17.0,4.0,4.9,A,-15.6
14729,low,2,3.0,25.0,4.7,A,-14.7
14730,low,2,13.0,18.0,1.2,A,-100.0
14731,high,1,7.0,7.0,3.5,A,-100.0
14732,,3,13.0,17.0,3.5,C,-100.0
14733,high,2,12.0,14.0,3.6,A,-100.0
14734,high,4,9.0,3.0,4.3,A,-100.0
14735,high,0,15.0,3.0,4.9,C,-13.0
14736,high,2,12.0,4.0,8.8,A,3.7
14737,high,2,4.0,35.0,2.9,A,-100.0
14738,high,1,3.0,7.0,8.6,A,6.0
14739,medium,5,1.0,7.0,3.5,A,-100.0
14740,medium,0,15.0,33.0,8.3,A,8.6
14741,low,2,9.0,20.0,2.4,A,-100.0
14742,medium,2,4.0,2.0,8.3,A,4.4
14743,high,1,5.0,8.0,9.3,A,9.7
14744,low,2,14.0,3.0,5.2,A,-13.3
14745,medium,2,8.0,28.0,5.9,B,-9.0
14746,low,2,9.0,27.0,9.7,A,12.2
14747,none,2,40.0,13.0,1.2,A,-100.0
14748,low,2,3.0,6.0,8.3,A,4.9
14749,medium,1,9.0,11.0,9.5,A,13.1
14750,high,2,3.0,11.0,4.9,A,-16.8
14751,low,3,10.0,11.0,1.1,A,-100.0
14752,high,1,5.0,11.0,2.6,A,-100.0
14753,high,3,20.0,15.0,9.8,C,6.0
14754,none,2,11.0,11.0,8.9,A,6.8
14755,high,4,18.0,29.0,8.3,B,-4.4
14756,low,2,13.0,5.0,7.6,B,0.0
14757,high,2,21.0,2.0,8.4,C,0.6
14758,high,0,7.0,18.0,9.8,C,14.9
14759,low,1,2.0,29.0,8.0,D,6.1
14760,medium,0,21.0,3.0,1.9,A,-100.0
14761,medium,1,10.0,11.0,9.8,A,14.6
14762,none,1,4.0,22.0,8.7,A,9.0
14763,none,1,2.0,33.0,8.1,C,6.1
14764,medium,1,9.0,34.0,6.9,A,-1.0
14765,low,2,5.0,3.0,3.2,A,-100.0
14766,high,3,16.0,26.0,8.9,A,1.6
14767,none,0,2.0,8.0,2.0,C,-100.0
14768,none,1,3.0,14.0,1.6,A,-100.0
14769,medium,2,3.0,9.0,9.4,B,10.6
14770,none,2,6.0,1.0,8.3,D,3.9
14771,high,0,7.0,4.0,3.5,C,-19.9
14772,high,0,7.0,11.0,9.6,B,13.7
14773,none,2,18.0,2.0,4.5,A,-18.2
14774,high,1,6.0,3.0,3.2,A,-100.0
14775,low,3,11.0,6.0,5.7,A,-12.7
14776,medium,2,3.0,12.0,9.4,A,10.6
14777,medium,1,40.0,2.0,3.1,A,-100.0
14778,medium,2,20.0,6.0,8.3,D,2.8
14779,none,1,17.0,10.0,9.7,C,13.1
14780,high,1,14.0,15.0,8.3,A,3.4
14781,medium,1,9.0,14.0,6.0,A,-6.2
14782,low,3,23.0,6.0,7.9,A,-1.8
14783,high,1,1.0,8.0,6.2,C,-6.9
14784,low,1,3.0,14.0,9.6,C,14.6
14785,medium,3,6.0,0.0,8.7,C,3.8
14786,high,2,6.0,5.0,2.3,A,-100.0
14787,high,5,3.0,3.0,8.6,A,-4.0
14788,medium,2,9.0,13.0,8.8,A,6.7
14789,none,0,6.0,20.0,4.0,C,-14.5
14790,low,4,6.0,40.0,1.4,A,-100.0
14791,medium,1,11.0,27.0,9.2,A,11.4
14792,low,1,14.0,1.0,9.6,C,13.4
14793,medium,2,14.0,1.0,6.6,A,-6.0
14794,low,2,3.0,0.0,1.5,A,-100.0
14795,high,2,13.0,13.0,3.9,C,-100.0
14796,low,1,4.0,21.0,3.6,A,-18.4
14797,none,0,2.0,4.0,4.5,A,-11.5
14798,low,1,12.0,40.0,8.9,A,10.1
14799,low,3,3.0,17.0,7.4,A,-2.4
14800,none,3,2.0,16.0,3.4,A,-100.0
14801,low,1,9.0,16.0,9.4,A,12.9
14802,low,3,12.0,32.0,4.5,B,-19.2
14803,high,0,8.0,6.0,6.0,A,-6.3
14804,low,1,20.0,10.0,9.8,C,14.0
14805,none,2,10.0,5.0,9.9,A,12.4
14806,low,1,13.0,22.0,9.8,C,14.8
14807,none,4,7.0,19.0,3.9,A,-100.0
14808,none,0,5.0,2.0,2.6,A,-100.0
14809,none,3,8.0,15.0,5.1,D,-16.2
14810,low,1,6.0,6.0,5.5,A,-8.3
14811,none,1,4.0,1.0,3.4,A,-100.0
14812,high,2,4.0,5.0,9.1,A,6.2
14813,medium,3,15.0,18.0,9.6,C,8.1
14814,high,2,23.0,6.0,4.7,A,-19.9
14815,low,2,,1.0,8.3,C,
14816,high,2,14.0,28.0,6.5,C,-8.9
14817,medium,1,12.0,38.0,4.9,A,-12.3
14818,none,2,7.0,3.0,8.3,A,3.8
14819,low,2,2.0,16.0,9.0,A,8.9
14820,low,0,4.0,14.0,5.9,A,-3.3
14821,medium,2,6.0,0.0,7.6,A,0.3
14822,low,3,18.0,3.0,9.4,D,6.9
14823,high,3,10.0,19.0,8.3,A,-1.2
14824,low,1,5.0,7.0,8.5,A,8.3
14825,medium,1,12.0,9.0,2.3,A,-100.0
14826,low,0,21.0,4.0,3.6,C,-17.8
14827,low,1,10.0,19.0,1.4,A,-100.0
14828,low,3,21.0,13.0,2.5,D,-100.0
14829,low,1,6.0,9.0,1.1,A,-100.0
14830,medium,0,7.0,28.0,9.4,A,15.0
14831,high,0,9.0,2.0,2.3,A,-100.0
14832,none,6,13.0,12.0,8.8,A,-3.9
14833,low,2,3.0,1.0,2.0,C,-100.0
14834,medium,0,12.0,37.0,2.2,C,-100.0
14835,low,3,4.0,1.0,9.3,A,7.7
14836,medium,1,18.0,11.0,3.3,A,-100.0
14837,none,0,1.0,1.0,7.6,C,5.6
14838,low,1,7.0,9.0,3.5,A,-19.4
14839,medium,2,22.0,9.0,8.6,D,4.3
14840,high,2,6.0,5.0,9.5,C,8.2
14841,low,1,30.0,17.0,7.7,A,1.5
14842,medium,1,14.0,20.0,9.4,A,12.1
14843,none,0,12.0,2.0,7.8,A,5.6
14844,none,2,5.0,2.0,8.0,A,2.4
14845,medium,2,5.0,8.0,3.9,A,-19.9
14846,none,1,5.0,1.0,7.8,A,3.8
14847,low,2,15.0,8.0,3.8,A,-100.0
14848,medium,0,4.0,6.0,6.5,A,-0.5
14849,low,2,14.0,17.0,8.6,C,5.5
14850,none,1,4.0,8.0,3.2,A,-100.0
14851,low,1,7.0,11.0,6.2,A,-4.5
14852,high,1,9.0,21.0,2.5,A,-100.0
14853,high,0,9.0,24.0,8.8,A,9.2
14854,none,1,10.0,6.0,2.2,A,-100.0
14855,,3,9.0,9.0,8.0,A,-0.4
14856,high,2,13.0,7.0,7.9,C,-1.3
14857,low,2,8.0,7.0,5.1,C,-13.2
14858,low,2,3.0,13.0,9.8,A,13.2
14859,high,2,4.0,2.0,5.2,D,-15.3
14860,high,2,2.0,10.0,6.1,A,-10.1
14861,low,0,5.0,13.0,7.5,C,5.4
14862,high,0,7.0,3.0,4.8,A,-12.8
14863,medium,1,15.0,3.0,8.5,A,6.9
14864,,2,15.0,6.0,9.1,A,7.5
14865,low,1,3.0,5.0,8.4,A,7.9
14866,high,3,3.0,5.0,6.2,B,-12.2
14867,medium,1,2.0,1.0,8.3,A,7.1
14868,medium,2,3.0,5.0,2.5,B,-100.0
14869,high,0,6.0,11.0,8.5,C,7.7
14870,low,2,2.0,3.0,8.7,A,7.2
14871,low,1,13.0,9.0,9.1,A,10.8
14872,low,0,12.0,0.0,8.4,A,9.5
14873,none,2,10.0,15.0,6.6,A,-5.7
14874,medium,1,3.0,3.0,5.8,A,-6.8
14875,low,1,14.0,2.0,9.4,C,12.3
14876,none,4,9.0,2.0,4.4,A,-100.0
14877,medium,0,18.0,11.0,3.8,A,-16.7
14878,medium,2,14.0,4.0,2.8,A,-100.0
14879,medium,3,15.0,0.0,4.8,A,-18.5
14880,none,1,8.0,21.0,8.9,A,9.7
14881,low,0,2.0,2.0,9.9,A,15.0
14882,high,3,4.0,24.0,5.1,B,-18.1
14883,medium,2,8.0,20.0,8.2,A,3.6
14884,low,1,30.0,4.0,3.8,A,-100.0
14885,medium,1,23.0,26.0,2.6,A,-100.0
14886,medium,1,7.0,2.0,8.8,A,9.3
14887,medium,1,19.0,5.0,3.2,D,-100.0
14888,none,2,14.0,18.0,9.7,D,11.0
14889,low,2,2.0,5.0,4.4,C,-16.5
14890,none,1,1.0,8.0,9.7,A,14.7
14891,low,1,11.0,4.0,2.3,A,-100.0
14892,high,2,18.0,3.0,6.1,A,-11.7
14893,high,3,4.0,1.0,9.4,A,5.3
14894,low,0,10.0,44.0,5.6,D,-5.3
14895,medium,1,7.0,3.0,8.7,A,8.8
14896,medium,0,15.0,0.0,8.3,A,8.2
14897,medium,1,6.0,2.0,4.4,A,-14.8
14898,medium,0,24.0,2.0,8.3,D,7.4
14899,low,1,3.0,1.0,5.7,B,-7.0
14900,high,2,5.0,5.0,8.2,C,1.1
14901,medium,1,16.0,18.0,4.9,A,-12.9
14902,none,3,10.0,1.0,7.6,C,-2.8
14903,none,2,6.0,14.0,9.6,A,11.2
14904,high,1,4.0,11.0,3.7,C,-100.0
14905,low,2,12.0,16.0,4.6,B,-16.3
14906,high,1,40.0,7.0,3.3,C,-100.0
14907,low,0,8.0,1.0,9.3,A,14.8
14908,medium,1,8.0,6.0,4.7,C,-13.3
14909,low,1,9.0,5.0,7.5,A,2.4
14910,low,1,5.0,1.0,8.3,C,7.1
14911,medium,2,7.0,7.0,8.6,A,5.8
14912,low,1,4.0,7.0,1.1,D,-100.0
14913,none,1,1.0,11.0,7.0,A,-0.1
14914,high,0,7.0,14.0,6.5,A,-3.3
14915,high,3,9.0,3.0,5.4,A,-17.2
14916,low,1,10.0,50.0,3.8,A,-17.6
14917,medium,0,1.0,12.0,2.0,C,-100.0
14918,medium,3,9.0,27.0,8.1,B,0.5
14919,low,1,6.0,1.0,6.9,B,-0.7
14920,medium,0,13.0,7.0,3.1,A,-100.0
14921,high,2,12.0,14.0,8.9,C,4.4
14922,medium,3,22.0,7.0,9.8,A,8.4
14923,low,1,13.0,20.0,3.1,A,-100.0
14924,high,1,12.0,26.0,5.9,A,-9.5
14925,medium,0,4.0,6.0,9.0,A,13.3
14926,none,2,20.0,33.0,2.9,C,-100.0
14927,high,3,4.0,9.0,3.9,A,-100.0
14928,high,1,22.0,8.0,8.4,C,3.1
14929,low,1,5.0,12.0,4.3,A,-14.8
14930,low,3,8.0,16.0,9.9,A,10.8
14931,high,0,13.0,5.0,9.2,B,10.8
14932,high,0,18.0,10.0,1.1,A,-100.0
14933,medium,0,6.0,10.0,7.9,A,7.0
14934,high,1,3.0,2.0,7.8,A,1.6
14935,medium,1,12.0,22.0,5.1,B,-11.3
14936,,4,21.0,7.0,8.5,A,-1.4
14937,medium,2,8.0,5.0,7.7,A,0.7
14938,medium,0,7.0,26.0,7.6,A,5.5
14939,high,2,6.0,14.0,7.1,A,-4.9
14940,low,0,7.0,3.0,5.5,B,-5.9
14941,low,1,3.0,7.0,6.5,A,-2.5
14942,none,4,19.0,16.0,8.6,A,-0.6
14943,medium,2,7.0,10.0,9.3,A,9.7
14944,high,1,21.0,22.0,7.0,A,-4.4
14945,medium,1,21.0,6.0,9.0,A,9.1
14946,medium,2,1.0,23.0,5.6,A,-10.0
14947,high,2,13.0,5.0,8.5,C,2.0
14948,medium,1,22.0,15.0,6.0,A,-7.5
14949,high,1,7.0,2.0,1.9,B,-100.0
14950,none,3,12.0,1.0,9.7,D,8.5
14951,medium,3,3.0,10.0,9.0,A,5.9
14952,low,0,9.0,1.0,3.5,B,-17.2
14953,low,1,6.0,6.0,8.6,A,8.7
14954,none,3,6.0,18.0,7.9,C,-0.6
14955,low,0,5.0,10.0,5.1,A,-7.9
14956,low,2,3.0,4.0,4.7,A,-14.9
14957,high,1,23.0,25.0,2.3,A,-100.0
14958,medium,2,10.0,7.0,2.5,D,-100.0
14959,high,3,10.0,7.0,10.0,C,8.0
14960,high,0,5.0,3.0,6.3,A,-4.3
14961,,0,19.0,5.0,2.4,C,-100.0
14962,none,0,6.0,7.0,2.7,C,-100.0
14963,low,2,8.0,3.0,2.3,A,-100.0
14964,medium,1,3.0,1.0,8.8,A,9.7
14965,medium,1,2.0,1.0,5.3,A,-9.4
14966,high,1,10.0,21.0,1.4,A,-100.0
14967,none,0,35.0,2.0,9.6,A,13.2
14968,high,3,10.0,30.0,9.9,A,7.7
14969,none,4,21.0,0.0,3.7,A,-100.0
14970,none,2,14.0,7.0,7.3,A,-2.3
14971,medium,0,28.0,4.0,4.9,A,-11.7
14972,low,2,3.0,9.0,4.2,A,-17.6
14973,low,1,7.0,20.0,1.5,A,-100.0
14974,none,0,40.0,1.0,9.2,A,10.5
14975,none,0,12.0,0.0,9.1,A,12.7
14976,high,0,6.0,9.0,1.2,A,-100.0
14977,low,2,28.0,0.0,2.9,B,-100.0
14978,low,0,18.0,5.0,3.2,A,-19.7
14979,none,1,4.0,30.0,1.6,C,-100.0
14980,low,3,3.0,3.0,4.5,C,-18.5
14981,low,1,17.0,14.0,,D,
14982,low,2,34.0,1.0,7.7,A,
14983,low,4,5.0,25.0,8.3,A,-0.1
14984,medium,3,6.0,17.0,3.9,B,-100.0
14985,medium,1,8.0,11.0,3.7,D,-18.7
14986,medium,2,5.0,6.0,3.5,C,-100.0
14987,none,2,6.0,34.0,6.4,A,-6.2
14988,,0,6.0,7.0,5.9,A,-4.2
14989,none,1,26.0,30.0,5.0,A,-13.4
14990,high,0,6.0,28.0,1.9,A,-100.0
14991,high,0,3.0,0.0,3.9,A,-17.4
14992,high,0,4.0,2.0,9.3,A,12.3
14993,low,1,3.0,9.0,9.1,A,11.8
14994,high,3,3.0,17.0,8.5,A,0.6
14995,low,0,4.0,7.0,8.2,A,9.2
14996,none,1,3.0,4.0,2.8,A,-100.0
14997,medium,0,10.0,16.0,4.8,A,-10.3
14998,medium,0,16.0,31.0,4.6,B,-11.9
14999,none,1,7.0,13.0,9.2,C,11.4
15000,medium,2,6.0,18.0,2.0,A,-100.0
15001,high,0,8.0,11.0,8.9,A,9.7
15002,low,0,11.0,50.0,3.4,A,-17.4
15003,low,2,13.0,3.0,8.6,A,5.5
15004,medium,0,13.0,17.0,7.1,A,2.0
15005,none,1,7.0,21.0,8.1,A,5.4
15006,medium,3,12.0,15.0,9.1,A,5.6
15007,high,1,3.0,5.0,8.9,D,7.7
15008,high,1,5.0,20.0,2.6,A,-100.0
15009,high,2,11.0,8.0,6.7,D,-7.7
15010,low,1,11.0,5.0,8.7,A,8.8
15011,high,0,6.0,5.0,8.5,A,7.7
15012,high,2,33.0,2.0,9.5,C,5.4
15013,none,2,6.0,6.0,9.8,A,12.2
15014,low,2,1.0,30.0,8.2,A,4.8
15015,medium,1,12.0,6.0,7.8,A,3.4
15016,medium,1,3.0,18.0,6.4,C,-3.3
15017,high,1,5.0,7.0,2.0,A,-100.0
15018,none,2,8.0,4.0,1.7,A,-100.0
15019,medium,0,2.0,9.0,6.6,A,0.3
15020,high,3,10.0,0.0,1.0,A,-100.0
15021,medium,2,5.0,9.0,8.7,C,6.5
15022,medium,1,4.0,4.0,9.8,A,15.0
15023,low,1,5.0,12.0,9.8,B,15.0
15024,none,1,7.0,47.0,8.9,C,10.1
15025,none,1,4.0,5.0,3.6,A,-19.2
15026,medium,2,3.0,1.0,9.0,A,8.3
15027,medium,0,10.0,13.0,2.0,A,-100.0
15028,high,3,19.0,4.0,8.5,A,-1.1
15029,medium,3,25.0,20.0,9.9,A,8.7
15030,high,1,10.0,21.0,6.0,A,-8.8
15031,high,3,3.0,23.0,6.8,A,-8.7
15032,high,1,32.0,6.0,9.3,A,7.0
15033,high,3,5.0,3.0,7.3,A,-6.3
15034,low,4,10.0,13.0,9.4,A,5.3
15035,low,3,16.0,4.0,4.5,C,-19.8
15036,none,2,11.0,13.0,9.1,A,8.0
15037,none,0,17.0,9.0,5.9,A,-5.3
15038,low,3,3.0,10.0,1.8,C,-100.0
15039,high,2,13.0,25.0,1.2,A,-100.0
15040,high,4,4.0,10.0,7.0,A,-10.3
15041,high,0,9.0,11.0,1.6,A,-100.0
15042,medium,0,6.0,9.0,6.7,B,0.4
15043,high,3,9.0,6.0,8.8,C,1.5
15044,low,3,7.0,23.0,8.4,A,2.7
15045,high,1,10.0,28.0,4.1,B,-19.2
15046,medium,2,8.0,45.0,8.3,C,4.4
15047,high,1,6.0,1.0,6.9,A,-3.7
15048,medium,2,5.0,2.0,1.3,A,-100.0
15049,low,1,16.0,0.0,1.0,D,-100.0
15050,high,2,7.0,11.0,2.0,A,-100.0
15051,none,5,7.0,6.0,3.1,A,-100.0
15052,low,0,14.0,2.0,6.1,D,-3.4
15053,medium,1,4.0,6.0,6.1,C,-5.2
15054,high,3,14.0,5.0,9.3,A,3.8
15055,low,1,10.0,1.0,8.2,C,6.1
15056,none,0,12.0,7.0,8.8,A,11.1
15057,medium,0,7.0,3.0,8.4,A,9.6
15058,none,1,31.0,7.0,5.6,A,-10.9
15059,low,1,13.0,0.0,8.8,A,9.1
15060,low,3,10.0,5.0,2.8,B,-100.0
15061,none,2,7.0,35.0,9.9,A,13.0
15062,high,0,12.0,13.0,5.9,A,-7.1
15063,none,2,9.0,6.0,6.4,A,-6.8
15064,medium,3,21.0,28.0,5.6,C,-14.4
15065,medium,2,12.0,1.0,7.4,B,-1.4
15066,high,1,7.0,10.0,1.4,A,-100.0
15067,high,2,13.0,4.0,8.1,B,-0.2
15068,high,4,3.0,30.0,9.3,C,2.6
15069,low,0,9.0,4.0,2.9,C,-100.0
15070,low,3,5.0,3.0,6.0,A,-10.5
15071,high,0,22.0,19.0,7.9,A,2.9
15072,,2,12.0,11.0,6.7,A,-5.4
15073,high,1,10.0,0.0,9.8,A,11.9
15074,low,1,10.0,4.0,8.2,A,6.1
15075,high,2,1.0,1.0,3.5,A,-100.0
15076,none,1,2.0,7.0,3.6,A,-19.0
15077,low,2,7.0,11.0,8.7,C,6.7
15078,medium,2,4.0,25.0,7.7,B,1.3
15079,high,0,13.0,6.0,8.6,A,7.5
15080,low,4,6.0,42.0,7.7,C,-3.4
15081,none,2,1.0,3.0,1.8,A,-100.0
15082,high,0,7.0,1.0,3.5,A,-20.0
15083,low,1,6.0,3.0,9.7,A,14.8
15084,none,1,20.0,23.0,8.8,D,8.0
15085,low,2,6.0,1.0,5.3,A,-12.0
15086,high,3,14.0,1.0,6.1,C,-13.9
15087,high,1,10.0,20.0,5.9,A,-9.4
15088,none,2,10.0,0.0,7.6,B,-0.3
15089,high,2,8.0,2.0,6.4,A,-9.1
15090,high,2,6.0,19.0,5.8,A,-12.0
15091,medium,0,9.0,5.0,4.9,A,-9.8
15092,none,1,4.0,3.0,9.1,A,11.1
15093,medium,2,8.0,1.0,3.2,A,-100.0
15094,medium,1,7.0,4.0,9.1,A,11.0
15095,medium,1,3.0,12.0,9.7,A,14.8
15096,,1,19.0,3.0,9.6,A,12.3
15097,low,0,9.0,19.0,2.5,A,-100.0
15098,high,2,7.0,17.0,5.7,C,-12.7
15099,low,3,3.0,15.0,2.5,A,-100.0
15100,high,3,2.0,6.0,4.7,A,-100.0
15101,none,1,3.0,10.0,8.7,A,9.0
15102,low,0,5.0,50.0,10.0,D,15.0
15103,none,1,12.0,4.0,3.8,C,-18.9
15104,high,1,9.0,1.0,2.2,A,-100.0
15105,low,1,4.0,3.0,8.4,A,7.8
15106,medium,0,23.0,47.0,6.6,A,-1.4
15107,high,0,5.0,5.0,6.1,C,-5.4
15108,low,2,2.0,9.0,8.1,A,3.9
15109,low,2,3.0,4.0,4.2,B,-17.7
15110,high,1,39.0,3.0,1.1,A,-100.0
15111,medium,0,2.0,1.0,8.4,A,10.1
15112,low,1,5.0,4.0,9.0,C,11.0
15113,medium,4,10.0,8.0,6.4,A,-11.6
15114,none,0,11.0,13.0,1.8,C,-100.0
15115,low,2,5.0,50.0,2.4,A,-100.0
15116,medium,0,11.0,9.0,1.2,A,-100.0
15117,medium,1,8.0,50.0,8.4,B,7.5
15118,none,0,19.0,9.0,6.5,A,-2.2
15119,medium,2,16.0,3.0,7.8,A,0.4
15120,high,2,6.0,24.0,3.3,A,-100.0
15121,low,1,3.0,34.0,4.3,C,-14.3
15122,none,1,5.0,25.0,9.9,A,15.0
15123,none,1,5.0,7.0,5.8,B,-7.2
15124,medium,1,,10.0,9.1,C,
15125,high,1,7.0,41.0,5.3,A,-12.2
15126,medium,1,7.0,8.0,7.3,A,1.1
15127,low,1,6.0,3.0,1.3,A,-100.0
15128,high,0,5.0,17.0,10.0,A,15.0
15129,medium,2,4.0,14.0,5.1,A,-13.1
15130,medium,1,4.0,14.0,8.6,B,8.6
15131,high,0,7.0,20.0,8.2,C,6.1
15132,high,1,7.0,4.0,7.7,A,0.7
15133,low,2,8.0,10.0,7.9,B,2.2
15134,none,1,5.0,17.0,1.5,A,-100.0
15135,none,2,3.0,39.0,8.7,C,6.8
15136,low,3,9.0,20.0,6.5,A,-8.0
15137,high,0,7.0,17.0,8.7,A,8.8
15138,high,3,22.0,0.0,1.3,C,-100.0
15139,low,0,5.0,3.0,2.5,A,-100.0
15140,low,1,13.0,12.0,3.0,A,-100.0
15141,high,1,25.0,24.0,8.8,A,5.1
15142,medium,3,2.0,5.0,,A,
15143,medium,2,31.0,10.0,2.1,A,-100.0
15144,low,2,6.0,1.0,6.1,A,-7.6
15145,low,2,38.0,3.0,8.1,A,0.3
15146,low,2,5.0,2.0,8.5,C,5.7
15147,medium,2,13.0,2.0,4.3,C,-18.5
15148,low,2,5.0,6.0,5.8,A,-9.1
15149,medium,1,27.0,0.0,9.4,A,10.6
15150,high,2,21.0,1.0,2.2,A,-100.0
15151,high,1,40.0,13.0,3.0,C,-100.0
15152,medium,0,25.0,9.0,9.2,D,12.3
15153,high,2,,6.0,9.6,C,
15154,low,1,5.0,3.0,8.7,A,9.4
15155,high,3,10.0,11.0,6.8,C,-9.5
15156,high,2,9.0,10.0,1.2,D,-100.0
15157,low,2,9.0,7.0,5.7,D,-10.0
15158,medium,1,17.0,22.0,3.3,C,-100.0
15159,low,2,12.0,33.0,2.3,A,-100.0
15160,medium,0,0.0,10.0,9.9,A,15.0
15161,none,0,4.0,4.0,4.1,A,-13.9
15162,low,0,5.0,2.0,9.4,A,15.0
15163,none,0,11.0,1.0,8.5,A,9.5
15164,medium,1,2.0,10.0,9.2,A,12.1
15165,medium,2,7.0,13.0,7.4,A,-0.8
15166,low,1,5.0,4.0,1.5,A,-100.0
15167,low,1,7.0,13.0,5.6,A,-7.8
15168,low,1,9.0,4.0,1.2,A,-100.0
15169,none,2,5.0,1.0,10.0,A,13.4
15170,medium,2,18.0,3.0,9.4,B,9.0
15171,high,0,1.0,7.0,9.6,A,14.2
15172,high,1,25.0,5.0,9.9,A,11.0
15173,high,2,3.0,15.0,9.6,A,9.1
15174,medium,0,9.0,3.0,3.7,A,-16.4
15175,none,0,2.0,7.0,2.2,A,-100.0
15176,low,0,18.0,0.0,9.5,A,14.9
15177,high,2,12.0,1.0,9.1,A,5.3
15178,low,1,5.0,23.0,6.7,B,-1.4
15179,medium,1,17.0,16.0,9.2,B,10.7
15180,medium,3,7.0,11.0,9.9,A,10.5
15181,low,0,7.0,50.0,8.1,A,8.8
15182,high,4,5.0,11.0,9.1,A,1.1
15183,high,1,7.0,6.0,9.4,A,10.0
15184,high,1,6.0,13.0,8.0,A,2.5
15185,low,4,13.0,14.0,9.6,A,6.1
15186,low,1,2.0,11.0,3.4,B,-19.4
15187,low,0,17.0,5.0,1.4,A,-100.0
15188,none,1,8.0,30.0,9.3,A,12.0
15189,none,1,7.0,2.0,2.2,A,-100.0
15190,low,2,9.0,8.0,2.5,C,-100.0
15191,high,3,17.0,2.0,7.5,A,-6.5
15192,medium,0,15.0,7.0,3.1,A,-100.0
15193,medium,1,4.0,5.0,8.9,A,10.2
15194,high,0,8.0,2.0,7.9,C,4.1
15195,high,2,8.0,7.0,8.5,A,2.5
15196,medium,3,16.0,6.0,2.7,C,-100.0
15197,low,1,15.0,20.0,4.4,A,-15.1
15198,high,2,7.0,1.0,7.9,A,-0.8
15199,high,2,13.0,1.0,8.5,A,1.9
15200,high,0,5.0,3.0,1.6,D,-100.0
15201,low,0,4.0,4.0,5.6,C,-5.1
15202,low,1,9.0,4.0,9.6,A,13.9
15203,low,2,13.0,14.0,9.1,D,8.4
15204,medium,1,3.0,18.0,10.0,A,15.0
15205,low,0,3.0,14.0,8.5,A,11.1
15206,none,1,19.0,18.0,8.2,A,4.8
15207,medium,1,11.0,6.0,9.8,A,14.5
15208,medium,0,10.0,5.0,9.9,A,15.0
15209,medium,2,5.0,0.0,4.8,B,-15.0
15210,low,2,14.0,6.0,9.1,B,8.2
15211,high,0,4.0,6.0,9.8,A,15.0
15212,none,3,2.0,3.0,9.4,A,7.9
15213,high,0,20.0,16.0,5.4,A,-10.7
15214,low,3,17.0,0.0,7.5,A,-3.5
15215,medium,4,15.0,11.0,2.6,D,-100.0
15216,low,2,,7.0,9.7,C,
15217,none,3,13.0,22.0,9.5,B,7.5
15218,low,1,10.0,3.0,2.5,A,-100.0
15219,medium,0,12.0,13.0,2.3,A,-100.0
15220,low,0,6.0,3.0,2.3,B,-100.0
15221,low,2,22.0,13.0,7.1,A,-3.5
15222,none,1,7.0,1.0,2.1,A,-100.0
15223,none,1,5.0,2.0,8.5,A,7.6
15224,medium,2,14.0,9.0,2.8,A,-100.0
15225,high,0,9.0,50.0,8.8,A,9.5
15226,none,1,5.0,22.0,8.5,A,7.8
15227,none,1,15.0,34.0,7.9,A,3.7
15228,none,3,12.0,8.0,5.1,C,-16.7
15229,medium,2,13.0,22.0,9.3,A,9.2
15230,medium,1,2.0,4.0,8.6,A,8.7
15231,none,2,6.0,4.0,7.4,C,-1.0
15232,medium,2,8.0,14.0,2.2,A,-100.0
15233,medium,0,2.0,10.0,3.9,A,-14.5
15234,medium,0,4.0,5.0,8.1,C,8.3
15235,medium,1,13.0,16.0,8.8,C,8.9
15236,high,0,10.0,3.0,1.8,A,-100.0
15237,high,3,15.0,11.0,2.8,C,-100.0
15238,,1,17.0,9.0,9.3,D,10.9
15239,high,1,9.0,8.0,9.0,A,7.7
15240,none,2,4.0,19.0,1.9,A,-100.0
15241,low,2,3.0,10.0,4.2,C,-17.6
15242,low,1,5.0,5.0,1.2,A,-100.0
15243,none,1,4.0,15.0,9.9,A,15.0
15244,high,1,15.0,1.0,3.6,A,-100.0
15245,medium,4,3.0,29.0,1.4,A,-100.0
15246,low,2,4.0,0.0,8.7,C,6.9
15247,high,2,14.0,8.0,7.2,A,-5.3
15248,,2,,4.0,2.0,C,
15249,none,1,19.0,11.0,9.5,A,11.8
15250,none,2,7.0,7.0,7.1,A,-2.7
15251,high,1,6.0,13.0,7.3,A,-1.3
15252,none,4,9.0,13.0,9.5,A,5.4
15253,low,1,6.0,22.0,9.7,C,15.0
15254,none,3,24.0,10.0,2.0,A,-100.0
15255,none,2,8.0,3.0,7.4,A,-1.2
15256,low,7,19.0,30.0,9.2,C,-4.0
15257,medium,2,3.0,8.0,4.3,A,-17.5
15258,high,1,18.0,4.0,6.7,C,-5.9
15259,medium,0,16.0,3.0,4.1,B,-14.9
15260,low,2,8.0,7.0,8.3,A,4.4
15261,low,1,17.0,6.0,7.4,A,1.0
15262,high,1,12.0,50.0,5.2,A,-13.1
15263,medium,1,28.0,49.0,9.0,C,8.8
15264,high,0,1.0,5.0,9.8,C,15.0
15265,low,3,2.0,4.0,3.6,A,-100.0
15266,,1,25.0,10.0,3.0,C,-100.0
15267,low,0,8.0,6.0,7.2,A,3.3
15268,none,1,14.0,48.0,3.8,C,-18.6
15269,medium,0,7.0,26.0,6.7,A,0.5
15270,low,0,9.0,9.0,8.7,A,11.5
15271,low,2,8.0,7.0,3.5,A,-100.0
15272,high,1,11.0,10.0,5.6,A,-11.2
15273,low,2,32.0,1.0,2.4,D,-100.0
15274,medium,1,9.0,3.0,8.2,A,5.8
15275,low,2,12.0,1.0,6.8,A,-4.3
15276,high,2,13.0,3.0,2.7,A,-100.0
15277,high,0,9.0,6.0,9.6,A,13.4
15278,medium,5,7.0,4.0,9.9,A,5.4
15279,high,1,6.0,17.0,9.5,A,10.8
15280,medium,4,4.0,18.0,7.6,C,-4.3
15281,medium,2,19.0,8.0,8.9,A,6.2
15282,low,0,12.0,4.0,7.4,A,4.0
15283,high,2,8.0,16.0,6.0,A,-11.2
15284,high,1,2.0,1.0,4.0,A,-19.2
15285,low,0,16.0,7.0,3.0,B,-100.0
15286,high,2,6.0,6.0,8.6,A,3.2
15287,low,0,13.0,6.0,5.5,A,-6.5
15288,medium,0,6.0,20.0,6.3,A,-1.6
15289,none,1,14.0,9.0,7.3,B,0.2
15290,medium,5,4.0,11.0,9.5,C,3.6
15291,medium,0,21.0,21.0,6.7,A,-0.9
15292,high,1,14.0,5.0,7.0,A,-3.9
15293,high,4,20.0,4.0,5.0,B,-100.0
15294,none,5,1.0,13.0,2.6,A,-100.0
15295,medium,1,1.0,3.0,7.4,A,2.2
15296,none,1,11.0,50.0,6.3,A,-4.6
15297,medium,3,13.0,8.0,6.5,A,-8.9
15298,high,3,2.0,4.0,9.4,A,5.5
15299,high,0,11.0,8.0,8.2,B,5.6
15300,none,0,23.0,21.0,4.1,B,-15.7
15301,medium,1,4.0,2.0,5.0,A,-11.3
15302,medium,3,6.0,2.0,9.2,A,6.6
15303,low,0,8.0,2.0,9.5,A,15.0
15304,high,3,1.0,0.0,9.8,C,7.8
15305,medium,2,15.0,9.0,4.1,A,-19.8
15306,high,0,2.0,1.0,7.0,A,-0.2
15307,low,0,26.0,4.0,9.3,A,13.1
15308,high,1,,17.0,1.1,C,
15309,low,1,6.0,0.0,1.3,A,-100.0
15310,high,1,18.0,7.0,2.9,C,-100.0
15311,none,1,9.0,6.0,8.9,A,9.5
15312,none,3,7.0,7.0,9.7,A,9.1
15313,none,0,15.0,17.0,,D,
15314,high,1,15.0,1.0,8.1,A,2.0
15315,low,0,31.0,7.0,8.5,A,8.2
15316,high,2,4.0,26.0,1.6,A,-100.0
15317,medium,0,12.0,9.0,1.8,D,-100.0
15318,high,0,4.0,19.0,2.5,A,-100.0
15319,medium,1,6.0,11.0,10.0,A,15.0
15320,none,0,2.0,4.0,9.7,A,15.0
15321,medium,1,6.0,15.0,9.8,B,15.0
15322,none,0,5.0,10.0,9.3,B,14.6
15323,medium,1,27.0,8.0,9.4,C,10.7
15324,low,3,18.0,21.0,8.2,A,0.5
15325,high,0,7.0,18.0,4.2,A,-15.9
15326,high,1,7.0,13.0,8.7,A,6.3
15327,medium,0,7.0,11.0,6.9,A,1.5
15328,low,1,4.0,31.0,5.2,A,-9.5
15329,medium,2,2.0,8.0,9.7,A,12.3
15330,medium,2,8.0,8.0,7.7,A,0.7
15331,low,2,20.0,18.0,9.6,C,10.5
15332,high,2,7.0,9.0,2.9,A,-100.0
15333,medium,3,24.0,3.0,7.5,C,-4.5
15334,medium,2,25.0,24.0,4.1,B,-100.0
15335,medium,1,17.0,8.0,8.8,A,8.4
15336,low,1,8.0,3.0,2.9,A,-100.0
15337,none,3,5.0,16.0,3.0,A,-100.0
15338,high,0,9.0,5.0,3.2,B,-100.0
15339,low,4,2.0,10.0,2.5,A,-100.0
15340,,0,3.0,2.0,3.1,A,-19.4
15341,medium,2,23.0,22.0,5.4,A,-13.3
15342,medium,0,5.0,50.0,8.7,C,12.0
15343,low,3,4.0,11.0,3.4,A,-100.0
15344,high,4,11.0,11.0,8.5,A,-2.8
15345,high,2,2.0,4.0,8.1,A,0.9
15346,high,2,14.0,32.0,9.7,A,8.7
15347,low,1,16.0,15.0,1.7,C,-100.0
15348,low,3,7.0,3.0,1.9,A,-100.0
15349,high,4,1.0,1.0,8.7,C,-0.8
15350,none,3,16.0,34.0,9.2,C,5.7
15351,low,2,7.0,42.0,2.0,B,-100.0
15352,none,0,8.0,9.0,3.1,A,-19.8
15353,none,2,11.0,24.0,4.7,A,-16.1
15354,none,3,5.0,11.0,1.2,A,-100.0
15355,low,2,2.0,1.0,9.0,B,8.8
15356,low,3,16.0,10.0,7.7,A,-2.2
15357,high,0,15.0,1.0,5.2,A,-11.4
15358,high,1,6.0,1.0,9.0,A,7.9
15359,low,1,4.0,10.0,3.2,A,-100.0
15360,low,1,15.0,3.0,3.6,A,-19.7
15361,low,2,9.0,27.0,1.1,A,-100.0
15362,medium,1,16.0,19.0,3.6,C,-100.0
15363,medium,0,16.0,2.0,2.3,A,-100.0
15364,none,2,6.0,11.0,8.4,A,4.6
15365,high,2,4.0,1.0,8.3,A,1.7
15366,high,0,18.0,19.0,9.2,A,10.5
15367,high,1,21.0,0.0,4.9,A,-16.2
15368,none,1,11.0,1.0,8.2,A,5.4
15369,medium,5,4.0,9.0,9.6,C,4.1
15370,low,0,16.0,0.0,2.7,C,-100.0
15371,medium,2,4.0,14.0,4.8,A,-14.8
15372,high,3,14.0,19.0,9.6,A,5.6
15373,high,3,12.0,7.0,7.9,B,-3.7
15374,low,1,,25.0,7.7,C,
15375,medium,3,12.0,13.0,3.5,C,-100.0
15376,high,2,9.0,12.0,1.1,C,-100.0
15377,low,1,8.0,21.0,6.7,C,-1.8
15378,medium,1,2.0,7.0,4.2,A,-15.4
15379,low,1,2.0,20.0,9.9,A,15.0
15380,low,3,3.0,3.0,1.9,A,-100.0
15381,high,2,31.0,3.0,5.1,A,-18.5
15382,medium,0,12.0,4.0,8.8,A,11.3
15383,high,0,10.0,25.0,8.1,A,5.3
15384,high,0,4.0,1.0,9.4,C,12.8
15385,low,1,6.0,19.0,8.7,A,9.4
15386,high,1,3.0,7.0,4.8,C,-14.9
15387,low,3,6.0,2.0,9.5,A,8.7
15388,medium,0,3.0,27.0,3.2,A,-18.3
15389,high,0,2.0,13.0,2.3,A,-100.0
15390,medium,5,10.0,14.0,8.6,A,-2.0
15391,none,2,7.0,3.0,4.6,A,-16.5
15392,none,3,7.0,1.0,8.9,C,4.6
15393,medium,3,9.0,50.0,7.9,A,-0.4
15394,none,2,1.0,6.0,,C,
15395,medium,4,8.0,0.0,3.8,A,-100.0
15396,high,4,6.0,1.0,6.3,A,-14.5
15397,low,4,7.0,17.0,8.1,C,-1.5
15398,none,2,18.0,1.0,7.3,B,-2.8
15399,none,1,20.0,19.0,5.3,C,-11.3
15400,low,4,3.0,1.0,8.5,C,0.9
15401,,1,5.0,25.0,5.7,C,-7.5
15402,low,3,3.0,1.0,6.3,A,-8.7
15403,medium,4,4.0,18.0,9.8,A,7.8
15404,high,4,5.0,5.0,5.5,A,-18.7
15405,low,2,3.0,9.0,1.1,A,-100.0
15406,high,2,4.0,3.0,8.3,B,1.8
15407,high,1,16.0,5.0,3.4,A,-100.0
15408,low,2,40.0,5.0,7.6,A,-2.7
15409,high,3,26.0,50.0,6.1,C,-14.6
15410,medium,0,11.0,12.0,6.8,A,0.5
15411,medium,4,10.0,4.0,2.7,A,-100.0
15412,medium,1,6.0,22.0,9.8,C,15.0
15413,high,3,18.0,5.0,5.2,A,-19.2
15414,high,1,14.0,33.0,4.8,A,-15.7
15415,low,0,13.0,20.0,8.7,A,11.2
15416,low,1,17.0,31.0,7.0,D,-0.9
15417,medium,2,8.0,0.0,4.7,A,-15.8
15418,none,1,12.0,8.0,3.5,A,-100.0
15419,high,0,9.0,15.0,5.9,A,-6.8
15420,low,2,11.0,25.0,3.9,A,-19.9
15421,medium,1,10.0,1.0,8.9,A,9.6
15422,none,1,4.0,3.0,9.5,A,13.3
15423,low,1,30.0,14.0,6.9,A,-2.9
15424,none,0,36.0,5.0,5.1,A,-11.6
15425,low,2,6.0,6.0,9.3,C,10.1
15426,low,1,10.0,18.0,3.8,A,-17.9
15427,high,2,,6.0,3.5,C,
15428,high,1,13.0,6.0,4.6,A,-17.0
15429,low,1,16.0,40.0,9.9,B,15.0
15430,low,1,11.0,2.0,9.6,C,13.7
15431,low,2,25.0,8.0,3.9,A,-100.0
15432,low,1,3.0,8.0,7.3,C,1.9
15433,low,0,10.0,7.0,8.8,C,12.0
15434,high,5,8.0,19.0,4.2,C,-100.0
15435,none,1,1.0,27.0,3.6,A,-18.6
15436,none,0,6.0,1.0,3.0,C,-100.0
15437,medium,2,8.0,47.0,6.8,A,-3.8
15438,none,0,6.0,0.0,2.5,A,-100.0
15439,none,3,27.0,20.0,5.2,D,-17.5
15440,low,1,6.0,4.0,8.1,A,6.0
15441,medium,2,3.0,24.0,9.3,A,10.2
15442,low,3,13.0,23.0,8.2,A,1.0
15443,high,0,3.0,17.0,8.1,D,5.9
15444,low,4,6.0,37.0,8.2,B,-0.7
15445,low,2,9.0,7.0,2.1,A,-100.0
15446,low,1,21.0,8.0,2.6,A,-100.0
15447,high,0,20.0,7.0,7.4,A,0.2
15448,high,0,9.0,3.0,2.8,A,-100.0
15449,medium,0,,2.0,9.8,C,
15450,medium,0,8.0,7.0,7.3,A,3.5
15451,low,2,20.0,17.0,9.7,C,11.0
15452,high,2,2.0,4.0,3.1,A,-100.0
15453,high,0,4.0,18.0,4.2,A,-15.6
15454,high,3,25.0,17.0,2.8,A,-100.0
15455,low,1,7.0,2.0,9.7,D,14.6
15456,low,3,3.0,2.0,2.9,A,-100.0
15457,medium,1,7.0,24.0,8.1,C,5.7
15458,medium,1,11.0,7.0,2.6,A,-100.0
15459,high,3,17.0,0.0,2.1,C,-100.0
15460,low,2,5.0,29.0,8.8,D,7.7
15461,low,3,20.0,3.0,8.9,A,4.0
15462,low,1,12.0,17.0,2.0,A,-100.0
15463,none,1,9.0,18.0,1.5,B,-100.0
15464,medium,1,6.0,19.0,3.0,A,-100.0
15465,low,1,3.0,5.0,8.3,A,7.4
15466,medium,1,1.0,3.0,9.0,A,11.0
15467,low,0,4.0,11.0,7.5,C,5.4
15468,medium,1,4.0,5.0,9.6,A,14.0
15469,none,0,15.0,7.0,8.2,A,7.5
15470,medium,0,15.0,13.0,3.2,D,-19.7
15471,none,0,7.0,7.0,2.8,A,-100.0
15472,none,1,2.0,42.0,10.0,A,15.0
15473,medium,1,5.0,12.0,7.5,B,2.5
15474,high,1,5.0,3.0,1.3,B,-100.0
15475,low,0,9.0,9.0,3.3,A,-18.2
15476,,4,1.0,18.0,3.4,A,-100.0
15477,high,3,5.0,29.0,8.6,A,1.1
15478,medium,4,25.0,11.0,6.2,A,-14.2
15479,high,2,6.0,1.0,5.4,B,-14.4
15480,high,0,8.0,9.0,7.6,A,2.6
15481,high,3,22.0,0.0,2.5,A,-100.0
15482,low,3,7.0,13.0,2.8,A,-100.0
15483,medium,2,6.0,5.0,2.7,A,-100.0
15484,none,2,2.0,7.0,3.2,C,-100.0
15485,low,2,9.0,0.0,9.4,B,10.3
15486,none,2,11.0,12.0,1.9,A,-100.0
15487,low,2,20.0,22.0,2.5,A,-100.0
15488,high,2,5.0,1.0,4.1,D,-100.0
15489,medium,2,14.0,20.0,6.7,D,-5.2
15490,low,1,5.0,21.0,5.0,A,-10.8
15491,low,1,4.0,16.0,9.6,C,14.5
15492,medium,3,4.0,4.0,6.5,A,-8.0
15493,high,3,7.0,9.0,8.4,A,-0.4
15494,medium,2,10.0,35.0,9.2,A,9.0
15495,high,3,11.0,5.0,2.3,A,-100.0
15496,low,0,4.0,2.0,3.2,A,-18.3
15497,low,1,8.0,26.0,6.8,D,-1.2
15498,high,2,8.0,6.0,6.1,A,-10.7
15499,low,2,35.0,0.0,3.6,A,-100.0
15500,none,0,26.0,2.0,8.1,A,5.8
15501,none,0,5.0,6.0,5.7,A,-5.2
15502,low,4,19.0,2.0,3.7,A,-100.0
15503,medium,0,5.0,16.0,9.8,B,15.0
15504,medium,1,5.0,37.0,4.7,A,-12.7
15505,high,3,11.0,20.0,6.1,C,-13.4
15506,medium,2,10.0,6.0,1.2,C,-100.0
15507,medium,1,27.0,14.0,8.6,A,6.3
15508,none,0,11.0,4.0,9.6,C,15.0
15509,none,0,20.0,15.0,1.1,C,-100.0
15510,medium,1,4.0,25.0,3.4,C,-19.8
15511,low,1,14.0,13.0,10.0,C,15.0
15512,high,0,16.0,18.0,3.8,C,-19.0
15513,medium,1,4.0,3.0,3.1,A,-100.0
15514,medium,0,33.0,9.0,8.4,A,7.1
15515,,3,7.0,2.0,5.5,B,-14.0
15516,high,1,12.0,14.0,1.5,C,-100.0
15517,high,1,8.0,18.0,6.6,A,-5.3
15518,high,1,4.0,4.0,6.8,A,-4.0
15519,none,1,12.0,5.0,9.6,C,13.0
15520,high,2,28.0,4.0,1.8,A,-100.0
15521,none,1,15.0,22.0,4.6,A,-14.6
15522,none,1,5.0,23.0,6.5,A,-3.2
15523,low,1,17.0,13.0,1.8,A,-100.0
15524,high,1,8.0,2.0,8.4,A,4.4
15525,medium,0,8.0,12.0,5.4,A,-6.9
15526,high,3,16.0,11.0,5.0,A,-100.0
15527,medium,4,2.0,8.0,1.9,A,-100.0
15528,high,4,33.0,17.0,9.3,C,-0.5
15529,low,3,7.0,5.0,2.0,C,-100.0
15530,high,2,22.0,12.0,8.7,A,2.3
15531,high,1,1.0,4.0,9.9,A,13.4
15532,low,2,3.0,4.0,6.1,A,-7.2
15533,medium,0,20.0,5.0,1.1,A,-100.0
15534,high,3,,11.0,8.6,C,
15535,high,1,11.0,42.0,8.6,A,5.6
15536,low,1,8.0,0.0,9.2,C,11.8
15537,low,1,1.0,33.0,8.5,A,9.0
15538,low,0,20.0,16.0,8.4,C,8.8
15539,none,0,7.0,7.0,8.1,B,7.8
15540,low,1,18.0,4.0,8.0,A,4.2
15541,high,3,8.0,2.0,8.3,B,-1.1
15542,none,1,9.0,3.0,3.4,A,-100.0
15543,none,2,9.0,11.0,5.9,C,-9.5
15544,low,2,6.0,2.0,8.1,A,3.4
15545,low,1,5.0,22.0,5.8,A,-6.4
15546,medium,3,12.0,20.0,4.0,A,-100.0
15547,none,2,1.0,0.0,4.6,A,-15.9
15548,high,2,13.0,0.0,7.9,B,-1.4
15549,none,1,1.0,7.0,8.0,A,5.3
15550,low,1,5.0,14.0,9.8,A,15.0
15551,medium,1,8.0,1.0,8.9,A,9.8
15552,high,0,9.0,6.0,8.4,A,6.8
15553,high,2,22.0,1.0,9.1,A,4.3
15554,none,1,8.0,30.0,9.1,A,10.9
15555,high,2,15.0,6.0,7.6,A,-3.2
15556,medium,0,10.0,1.0,8.4,B,9.3
15557,high,3,4.0,24.0,2.0,A,-100.0
15558,medium,2,8.0,20.0,3.3,C,-100.0
15559,low,3,12.0,0.0,2.1,B,-100.0
15560,high,2,15.0,1.0,9.6,B,7.8
15561,low,2,4.0,0.0,7.8,A,2.0
15562,medium,1,5.0,15.0,9.3,A,12.4
15563,low,2,13.0,24.0,2.4,A,-100.0
15564,high,2,3.0,5.0,6.9,C,-5.8
15565,none,0,16.0,2.0,7.0,D,0.8
15566,medium,2,6.0,21.0,1.5,A,-100.0
15567,none,0,5.0,25.0,9.6,A,15.0
15568,low,4,18.0,47.0,8.2,A,-1.8
15569,medium,2,11.0,27.0,4.3,A,-18.1
15570,medium,1,31.0,6.0,6.7,B,-4.6
15571,low,0,7.0,13.0,2.3,A,-100.0
15572,medium,0,19.0,14.0,4.6,A,-12.4
15573,low,0,11.0,31.0,8.1,A,8.2
15574,medium,1,1.0,3.0,1.3,B,-100.0
15575,high,3,12.0,17.0,6.9,B,-9.1
15576,low,2,20.0,3.0,8.1,C,2.1
15577,,0,9.0,21.0,1.4,C,-100.0
15578,high,1,14.0,0.0,3.5,C,-100.0
15579,medium,1,7.0,9.0,3.8,A,-18.1
15580,medium,0,21.0,12.0,8.5,B,8.9
15581,low,0,13.0,11.0,3.7,A,-16.4
15582,high,3,3.0,22.0,4.7,C,-100.0
15583,high,0,6.0,5.0,8.6,A,8.2
15584,high,1,3.0,19.0,6.3,A,-6.5
15585,medium,2,2.0,7.0,1.8,A,-100.0
15586,high,2,10.0,3.0,8.8,A,3.9
15587,medium,1,10.0,15.0,1.0,A,-100.0
15588,high,0,10.0,7.0,9.4,A,12.2
15589,high,1,7.0,19.0,4.8,A,-15.1
15590,high,2,12.0,3.0,2.5,C,-100.0
15591,high,3,4.0,1.0,3.6,A,-100.0
15592,high,2,17.0,1.0,8.6,D,2.1
15593,high,1,,12.0,4.8,C,
15594,low,2,26.0,26.0,4.8,A,-16.5
15595,none,0,7.0,9.0,3.5,A,-17.5
15596,low,2,5.0,1.0,5.6,A,-10.2
15597,low,0,15.0,4.0,,D,
15598,none,1,9.0,9.0,1.4,A,-100.0
15599,medium,4,8.0,10.0,9.5,C,5.7
15600,medium,0,9.0,1.0,9.7,D,15.0
15601,high,3,7.0,9.0,7.2,A,-7.0
15602,high,1,14.0,13.0,5.8,A,-10.4
15603,low,1,12.0,2.0,9.5,C,13.0
15604,medium,1,12.0,18.0,8.4,A,6.8
15605,high,2,14.0,10.0,6.8,A,-7.4
15606,,5,11.0,21.0,8.9,A,-0.6
15607,medium,3,9.0,2.0,6.8,B,-6.9
15608,low,2,20.0,2.0,9.1,A,7.5
15609,high,1,25.0,1.0,5.2,A,-14.9
15610,low,3,2.0,18.0,6.6,D,-6.7
15611,high,0,10.0,14.0,2.1,A,-100.0
15612,high,0,20.0,1.0,9.7,A,12.8
15613,low,1,14.0,3.0,9.2,A,11.2
15614,low,2,20.0,1.0,9.7,A,10.8
15615,medium,6,13.0,22.0,7.3,A,-11.8
15616,low,0,13.0,1.0,1.6,A,-100.0
15617,low,2,21.0,15.0,8.8,A,5.9
15618,high,0,20.0,13.0,7.2,B,-0.8
15619,low,2,4.0,5.0,9.5,A,11.4
15620,high,1,3.0,23.0,9.6,A,11.7
15621,low,1,15.0,17.0,8.6,C,7.9
15622,high,0,7.0,1.0,9.1,D,10.8
15623,high,1,32.0,10.0,3.5,A,-100.0
15624,low,4,0.0,7.0,4.5,C,-100.0
15625,high,2,5.0,24.0,1.6,A,-100.0
15626,low,0,3.0,3.0,7.8,A,7.1
15627,high,3,2.0,50.0,3.6,A,-100.0
15628,medium,1,20.0,16.0,9.2,B,10.4
15629,high,0,7.0,11.0,3.6,A,-19.3
15630,high,0,6.0,8.0,8.7,A,8.8
15631,high,3,,2.0,3.9,C,
15632,high,3,5.0,1.0,8.6,A,0.8
15633,none,0,14.0,3.0,9.3,A,13.7
15634,medium,1,1.0,25.0,4.5,C,-13.5
15635,medium,2,24.0,8.0,3.4,A,-100.0
15636,high,0,4.0,4.0,8.3,C,6.8
15637,medium,2,26.0,8.0,2.2,A,-100.0
15638,low,3,14.0,4.0,9.3,A,6.8
15639,high,0,21.0,7.0,8.4,A,5.6
15640,high,3,6.0,44.0,1.5,A,-100.0
15641,medium,0,21.0,9.0,10.0,A,15.0
15642,,1,10.0,29.0,9.8,D,14.6
15643,high,2,24.0,3.0,8.3,A,-0.2
15644,low,4,10.0,5.0,9.8,A,7.4
15645,medium,1,10.0,23.0,2.6,B,-100.0
15646,low,0,12.0,7.0,6.3,A,-2.0
15647,high,0,11.0,11.0,1.7,A,-100.0
15648,none,3,15.0,8.0,9.0,A,4.5
15649,high,1,6.0,1.0,9.1,A,8.4
15650,medium,2,21.0,18.0,7.3,A,-2.7
15651,high,1,4.0,1.0,5.8,A,-9.5
15652,none,0,5.0,7.0,9.0,C,12.9
15653,none,1,10.0,1.0,3.3,A,-100.0
15654,low,0,7.0,3.0,3.8,D,-15.3
15655,none,1,16.0,2.0,9.9,C,14.2
15656,medium,1,21.0,27.0,8.4,A,6.0
15657,high,2,10.0,6.0,9.0,C,5.0
15658,high,0,12.0,29.0,8.5,A,7.3
15659,low,0,17.0,24.0,5.8,A,-5.1
15660,medium,3,2.0,13.0,3.3,A,-100.0
15661,high,1,12.0,15.0,5.5,C,-11.8
15662,high,0,2.0,0.0,1.9,C,-100.0
15663,low,2,7.0,22.0,8.9,A,7.9
15664,high,1,9.0,15.0,9.4,A,9.9
15665,low,1,5.0,11.0,2.5,A,-100.0
15666,low,2,18.0,12.0,8.7,B,5.7
15667,,0,5.0,20.0,8.9,A,12.5
15668,medium,1,4.0,3.0,2.6,B,-100.0
15669,medium,4,15.0,7.0,9.9,B,7.1
15670,low,3,2.0,6.0,6.9,C,-5.2
15671,high,0,26.0,1.0,3.0,A,-100.0
15672,medium,5,14.0,0.0,5.9,A,-17.4
15673,none,1,5.0,4.0,7.2,C,0.5
15674,,0,6.0,8.0,9.2,A,14.0
15675,low,1,18.0,7.0,8.2,D,5.3
15676,low,0,10.0,5.0,8.4,B,9.7
15677,medium,2,10.0,4.0,9.9,C,12.6
15678,high,1,,18.0,7.5,C,
15679,medium,1,7.0,21.0,2.5,D,-100.0
15680,high,2,8.0,26.0,3.1,A,-100.0
15681,low,1,9.0,15.0,5.2,A,-10.2
15682,low,1,10.0,2.0,2.1,A,-100.0
15683,none,1,3.0,1.0,8.3,A,6.7
15684,low,3,12.0,0.0,5.2,D,-15.6
15685,none,3,10.0,14.0,9.9,A,10.0
15686,low,5,1.0,7.0,8.8,B,0.3
15687,low,2,10.0,25.0,9.6,A,11.5
15688,low,1,15.0,6.0,2.4,A,-100.0
15689,medium,2,3.0,4.0,9.8,A,12.7
15690,low,0,11.0,5.0,9.7,A,15.0
15691,low,1,2.0,1.0,2.5,A,-100.0
15692,medium,1,7.0,37.0,6.5,C,-3.0
15693,medium,2,5.0,23.0,8.1,B,3.4
15694,medium,1,11.0,19.0,2.5,C,-100.0
15695,low,1,11.0,4.0,9.4,A,12.6
15696,low,0,16.0,16.0,3.2,C,-19.4
15697,low,2,10.0,5.0,7.0,B,-3.0
15698,low,1,21.0,5.0,1.1,A,-100.0
15699,low,1,19.0,12.0,9.0,A,9.7
15700,high,3,10.0,7.0,9.6,B,5.8
15701,medium,3,35.0,1.0,3.2,D,-100.0
15702,low,4,3.0,3.0,,D,
15703,medium,2,17.0,3.0,1.8,A,-100.0
15704,high,0,4.0,10.0,1.8,A,-100.0
15705,low,2,8.0,14.0,6.1,A,-7.6
15706,none,3,16.0,12.0,5.8,C,-13.2
15707,medium,0,4.0,16.0,9.5,A,15.0
15708,high,2,14.0,2.0,9.7,D,8.4
15709,high,2,3.0,17.0,2.6,A,-100.0
15710,high,3,4.0,7.0,5.7,A,-15.0
15711,none,0,8.0,30.0,6.1,A,-3.1
15712,high,2,5.0,6.0,7.6,A,-2.2
15713,none,1,17.0,1.0,1.8,A,-100.0
15714,low,0,8.0,12.0,1.9,A,-100.0
15715,low,2,0.0,10.0,1.7,A,-100.0
15716,medium,0,9.0,2.0,3.8,A,-15.9
15717,high,0,10.0,23.0,8.4,A,6.9
15718,high,1,15.0,28.0,3.8,D,-100.0
15719,medium,0,18.0,1.0,8.0,A,6.3
15720,high,4,3.0,1.0,4.3,A,-100.0
15721,low,0,3.0,12.0,9.6,A,15.0
15722,none,2,9.0,3.0,5.5,D,-11.8
15723,high,1,4.0,45.0,2.8,A,-100.0
15724,low,1,4.0,13.0,6.8,A,-0.9
15725,low,1,6.0,7.0,8.1,C,6.0
15726,low,1,1.0,2.0,4.9,A,-11.2
15727,medium,0,15.0,3.0,3.7,A,-17.0
15728,high,3,9.0,24.0,5.8,C,-14.8
15729,medium,3,8.0,7.0,4.9,A,-17.2
15730,medium,5,20.0,1.0,2.6,B,-100.0
15731,high,1,6.0,4.0,2.5,A,-100.0
15732,low,1,2.0,15.0,1.1,A,-100.0
15733,high,2,9.0,5.0,2.6,A,-100.0
15734,high,2,8.0,1.0,9.3,B,6.8
15735,low,1,9.0,0.0,7.9,C,4.5
15736,low,2,14.0,15.0,5.9,B,-9.3
15737,medium,0,10.0,15.0,4.7,B,-10.9
15738,high,0,6.0,4.0,9.9,A,15.0
15739,none,2,6.0,10.0,9.3,A,9.5
15740,medium,0,4.0,32.0,3.0,A,-19.5
15741,none,0,13.0,4.0,9.3,C,13.8
15742,low,3,13.0,6.0,9.2,A,6.3
15743,low,3,8.0,19.0,9.1,A,6.4
15744,medium,0,4.0,14.0,1.8,A,-100.0
15745,low,3,20.0,1.0,4.2,A,-100.0
15746,medium,2,7.0,1.0,8.6,A,5.7
15747,high,6,27.0,38.0,1.9,C,-100.0
15748,medium,1,2.0,7.0,4.0,C,-16.5
15749,medium,1,3.0,11.0,1.8,A,-100.0
15750,medium,1,25.0,11.0,8.6,A,6.5
15751,low,2,5.0,2.0,1.9,A,-100.0
15752,high,2,15.0,16.0,9.1,C,5.2
15753,medium,1,10.0,7.0,4.4,C,-15.1
15754,high,3,3.0,34.0,7.4,B,-5.3
15755,high,0,6.0,2.0,1.8,A,-100.0
15756,medium,2,2.0,8.0,8.9,C,7.9
15757,medium,1,31.0,4.0,6.5,A,-5.7
15758,high,6,17.0,11.0,9.7,A,-1.8
15759,medium,1,7.0,20.0,1.5,C,-100.0
15760,none,1,3.0,8.0,4.4,C,-14.7
15761,high,3,11.0,3.0,5.9,A,-14.6
15762,medium,3,1.0,8.0,9.5,A,8.8
15763,medium,1,4.0,1.0,8.3,B,6.9
15764,medium,2,16.0,9.0,9.8,A,11.5
15765,high,2,29.0,5.0,3.7,B,-100.0
15766,medium,3,17.0,7.0,3.7,A,-100.0
15767,low,1,10.0,24.0,8.4,C,7.4
15768,medium,1,14.0,1.0,4.9,A,-12.8
15769,none,3,8.0,13.0,6.4,A,-9.1
15770,high,2,,2.0,5.1,C,
15771,high,1,9.0,37.0,1.2,A,-100.0
15772,low,4,7.0,19.0,2.1,A,-100.0
15773,high,3,8.0,4.0,5.7,A,-15.4
15774,low,1,5.0,8.0,2.4,C,-100.0
15775,low,1,23.0,28.0,9.9,A,14.4
15776,low,1,21.0,2.0,9.4,A,11.6
15777,low,1,2.0,15.0,2.4,A,-100.0
15778,high,0,11.0,4.0,2.5,A,-100.0
15779,high,2,17.0,4.0,9.5,A,7.1
15780,medium,0,13.0,23.0,9.1,B,13.1
15781,low,2,24.0,2.0,10.0,C,12.1
15782,medium,0,12.0,0.0,8.5,A,9.7
15783,low,6,19.0,15.0,3.1,A,-100.0
15784,none,2,13.0,11.0,6.7,A,-5.5
15785,none,2,18.0,1.0,4.9,A,-16.0
15786,medium,2,5.0,0.0,9.4,B,10.3
15787,high,2,9.0,6.0,9.3,A,6.8
15788,low,1,5.0,11.0,9.9,A,15.0
15789,,1,13.0,40.0,3.2,C,-100.0
15790,low,2,25.0,5.0,6.3,A,-8.3
15791,medium,0,10.0,12.0,9.6,A,15.0
15792,low,3,15.0,3.0,8.0,A,-0.5
15793,high,1,19.0,16.0,3.5,A,-100.0
15794,medium,0,,12.0,8.1,C,
15795,high,1,4.0,6.0,2.5,D,-100.0
15796,high,0,18.0,3.0,8.4,A,5.9
15797,medium,1,23.0,6.0,5.0,B,-13.1
15798,high,2,15.0,36.0,1.9,A,-100.0
15799,low,2,4.0,10.0,4.8,A,-14.4
15800,low,2,11.0,2.0,8.3,A,4.0
15801,low,0,8.0,50.0,8.2,A,9.3
15802,high,2,10.0,0.0,10.0,A,10.5
15803,none,3,4.0,3.0,1.1,D,-100.0
15804,none,2,4.0,22.0,8.6,D,6.0
15805,low,3,23.0,14.0,7.4,C,-4.5
15806,low,2,19.0,1.0,7.3,A,-2.3
15807,none,1,6.0,8.0,5.2,A,-10.5
15808,low,2,0.0,16.0,8.7,A,7.5
15809,low,2,11.0,20.0,2.6,A,-100.0
15810,high,3,5.0,16.0,4.8,A,-20.0
15811,high,1,21.0,6.0,3.8,A,-100.0
15812,high,2,5.0,22.0,5.8,C,-11.9
15813,high,2,3.0,35.0,8.3,A,2.2
15814,low,1,7.0,7.0,3.8,A,-17.8
15815,high,1,1.0,15.0,8.5,A,5.8
15816,none,0,5.0,16.0,7.2,C,3.1
15817,medium,1,6.0,16.0,3.7,A,-18.5
15818,high,2,7.0,12.0,3.8,A,-100.0
15819,high,0,7.0,9.0,1.6,B,-100.0
15820,high,3,3.0,14.0,3.0,C,-100.0
15821,,0,4.0,0.0,9.6,D,15.0
15822,high,1,20.0,2.0,9.7,A,10.3
15823,low,1,14.0,23.0,5.6,D,-8.4
15824,low,0,7.0,7.0,4.1,C,-13.6
15825,none,2,5.0,8.0,8.1,A,3.0
15826,high,2,14.0,1.0,1.2,A,-100.0
15827,low,2,4.0,1.0,6.1,B,-7.4
15828,,1,9.0,19.0,8.8,A,9.1
15829,low,1,7.0,8.0,3.8,A,-17.7
15830,high,2,19.0,10.0,7.0,D,-6.8
15831,high,3,11.0,16.0,8.9,A,2.0
15832,none,0,7.0,2.0,6.5,A,-1.1
15833,low,1,9.0,2.0,3.1,C,-100.0
15834,low,3,7.0,17.0,4.6,C,-18.3
15835,medium,4,9.0,4.0,8.0,A,-2.8
15836,medium,1,6.0,6.0,5.3,A,-9.8
15837,low,3,27.0,0.0,2.5,C,-100.0
15838,high,2,9.0,13.0,8.2,A,0.8
15839,none,1,22.0,8.0,7.3,A,-0.6
15840,low,1,26.0,36.0,3.6,A,-100.0
15841,high,1,13.0,30.0,4.4,A,-17.8
15842,medium,0,3.0,5.0,7.5,A,5.1
15843,low,2,13.0,14.0,9.4,A,10.0
15844,high,3,9.0,28.0,10.0,C,8.4
15845,high,3,12.0,18.0,8.3,A,-1.4
15846,high,3,4.0,8.0,6.9,B,-8.4
15847,medium,2,5.0,19.0,2.0,D,-100.0
15848,medium,1,5.0,8.0,9.3,A,12.3
15849,none,0,4.0,2.0,2.9,A,-100.0
15850,none,2,11.0,0.0,2.2,A,-100.0
15851,low,2,13.0,2.0,9.5,A,10.4
15852,,2,9.0,18.0,7.6,A,-0.1
15853,high,3,12.0,3.0,9.5,A,5.1
15854,low,1,8.0,9.0,7.1,A,0.3
15855,high,4,5.0,7.0,1.8,A,-100.0
15856,low,0,10.0,9.0,7.0,B,2.1
15857,low,3,4.0,24.0,6.5,A,-7.4
15858,low,0,13.0,0.0,8.1,A,7.7
15859,none,1,19.0,0.0,3.5,A,-100.0
15860,low,0,23.0,4.0,1.3,A,-100.0
15861,low,2,14.0,22.0,8.8,A,6.7
15862,high,2,1.0,2.0,9.3,A,7.5
15863,low,5,5.0,9.0,9.1,C,1.6
15864,low,0,10.0,7.0,9.4,A,15.0
15865,high,0,15.0,15.0,7.7,A,2.5
15866,none,2,12.0,16.0,8.4,A,4.0
15867,low,1,5.0,10.0,5.6,A,-7.6
15868,none,0,20.0,34.0,4.4,B,-13.6
15869,high,2,2.0,18.0,8.9,A,5.4
15870,none,1,16.0,29.0,9.1,D,10.1
15871,high,2,3.0,8.0,9.2,A,6.8
15872,,2,19.0,27.0,9.7,D,10.6
15873,low,2,26.0,31.0,6.7,A,-6.0
15874,none,1,22.0,11.0,5.9,A,-8.3
15875,none,2,9.0,14.0,9.0,A,7.6
15876,high,4,21.0,16.0,5.5,A,-100.0
15877,none,2,5.0,2.0,9.9,A,12.8
15878,none,4,5.0,1.0,2.6,A,-100.0
15879,high,1,8.0,9.0,1.1,A,-100.0
15880,low,2,2.0,4.0,7.6,B,1.1
15881,high,3,8.0,14.0,8.4,A,-0.5
15882,none,3,9.0,12.0,7.5,A,-3.2
15883,high,1,13.0,5.0,6.7,C,-5.4
15884,low,1,1.0,7.0,7.3,C,2.1
15885,low,1,16.0,2.0,9.8,D,14.3
15886,low,4,11.0,7.0,8.5,A,0.2
15887,high,1,11.0,32.0,1.8,A,-100.0
15888,low,1,12.0,6.0,9.5,C,13.1
15889,high,2,27.0,5.0,9.3,A,5.0
15890,high,2,4.0,2.0,4.2,A,
15891,low,2,4.0,2.0,7.7,D,1.5
15892,medium,6,3.0,1.0,1.3,A,-100.0
15893,low,1,11.0,5.0,9.7,A,14.3
15894,medium,0,4.0,4.0,1.5,D,-100.0
15895,none,1,11.0,5.0,9.0,C,9.8
15896,low,2,13.0,3.0,8.6,A,5.5
15897,medium,0,7.0,0.0,10.0,A,15.0
15898,low,1,7.0,21.0,9.9,A,15.0
15899,low,2,8.0,50.0,9.3,A,10.3
15900,low,2,14.0,2.0,8.8,A,6.5
15901,high,1,23.0,16.0,3.9,A,-100.0
15902,,0,24.0,15.0,8.1,C,6.2
15903,low,1,7.0,7.0,2.2,D,-100.0
15904,low,3,18.0,40.0,5.7,A,-13.1
15905,none,3,19.0,3.0,7.2,A,-5.9
15906,low,3,25.0,10.0,1.9,B,-100.0
15907,,0,8.0,20.0,5.6,C,-5.9
15908,high,0,18.0,5.0,8.4,A,5.9
15909,high,4,9.0,15.0,9.1,C,0.8
15910,high,0,15.0,8.0,5.8,A,-8.0
15911,low,0,4.0,26.0,2.4,A,-100.0
15912,none,1,25.0,20.0,9.7,A,12.4
15913,medium,1,2.0,30.0,8.2,C,6.8
15914,none,2,7.0,40.0,8.3,A,4.2
15915,high,0,8.0,16.0,8.4,A,7.0
15916,high,3,11.0,28.0,1.7,D,-100.0
15917,high,1,15.0,5.0,1.9,A,-100.0
15918,medium,2,4.0,9.0,9.7,A,12.1
15919,none,1,16.0,25.0,4.9,C,-13.0
15920,none,2,11.0,10.0,3.4,A,-100.0
15921,low,3,17.0,22.0,8.1,B,0.1
15922,medium,1,8.0,3.0,8.9,A,9.8
15923,low,2,15.0,31.0,3.7,A,-100.0
15924,high,1,5.0,17.0,2.8,C,-100.0
15925,none,0,2.0,6.0,5.9,C,-3.8
15926,low,3,6.0,3.0,7.3,A,-3.4
15927,medium,2,2.0,2.0,7.2,A,-1.5
15928,high,1,2.0,8.0,1.4,C,-100.0
15929,none,1,13.0,7.0,2.6,A,-100.0
15930,medium,1,2.0,9.0,9.7,A,14.8
15931,high,0,4.0,18.0,5.0,A,-11.2
15932,low,3,2.0,20.0,9.1,B,7.0
15933,low,0,10.0,0.0,4.6,B,-11.2
15934,high,0,11.0,6.0,1.3,B,-100.0
15935,low,1,9.0,24.0,6.4,A,-3.5
15936,medium,3,5.0,17.0,8.8,A,4.7
15937,high,2,17.0,14.0,7.3,A,-4.9
15938,medium,1,16.0,7.0,8.5,A,6.8
15939,low,1,7.0,5.0,6.1,A,-5.1
15940,medium,0,6.0,21.0,8.2,A,8.8
15941,high,1,16.0,17.0,8.9,A,6.5
15942,high,2,13.0,6.0,9.6,B,8.0
15943,high,1,26.0,26.0,1.6,A,-100.0
15944,high,1,19.0,24.0,6.0,C,-9.7
15945,medium,1,7.0,9.0,8.7,B,8.8
15946,high,0,8.0,47.0,2.5,A,-100.0
15947,medium,1,,2.0,8.1,C,
15948,low,2,13.0,1.0,6.2,A,-7.7
15949,low,1,13.0,10.0,4.3,A,-15.6
15950,medium,1,12.0,2.0,8.4,B,6.6
15951,,2,4.0,7.0,3.8,D,-100.0
15952,none,1,12.0,4.0,8.0,A,4.2
15953,medium,0,3.0,11.0,9.0,C,13.4
15954,low,0,15.0,21.0,1.8,A,-100.0
15955,high,0,,38.0,10.0,C,
15956,high,2,7.0,28.0,3.4,A,-100.0
15957,high,2,4.0,11.0,4.2,A,-100.0
15958,high,1,3.0,17.0,8.3,A,4.5
15959,none,1,6.0,8.0,9.9,C,15.0
15960,none,1,4.0,27.0,9.4,A,13.0
15961,,4,16.0,15.0,3.1,D,-100.0
15962,low,1,11.0,9.0,4.3,A,-15.4
15963,low,2,3.0,3.0,3.0,A,-100.0
15964,none,2,10.0,11.0,8.7,A,5.8
15965,none,4,15.0,3.0,3.7,C,-100.0
15966,none,1,2.0,9.0,1.2,C,-100.0
15967,,3,11.0,43.0,8.6,B,3.0
15968,low,1,10.0,34.0,9.8,A,15.0
15969,medium,0,4.0,10.0,8.4,A,10.0
15970,low,0,2.0,35.0,8.9,C,13.6
15971,high,1,13.0,46.0,3.5,C,-100.0
15972,medium,1,13.0,11.0,5.0,C,-12.1
15973,high,2,2.0,2.0,2.6,C,-100.0
15974,low,1,3.0,31.0,1.5,B,-100.0
15975,low,2,8.0,4.0,1.9,C,-100.0
15976,high,0,3.0,44.0,9.2,A,12.2
15977,none,2,15.0,4.0,3.5,A,-100.0
15978,high,2,8.0,2.0,3.7,C,-100.0
15979,high,0,5.0,7.0,4.3,C,-15.3
15980,medium,2,9.0,6.0,3.5,C,-100.0
15981,high,1,29.0,5.0,4.1,C,-100.0
15982,low,0,1.0,3.0,8.4,A,10.6
15983,high,5,18.0,5.0,6.1,A,-19.2
15984,low,2,14.0,1.0,9.3,A,9.2
15985,high,0,7.0,28.0,7.6,B,2.9
15986,none,3,25.0,1.0,8.2,A,-1.0
15987,high,1,5.0,4.0,10.0,A,13.5
15988,high,2,15.0,6.0,4.7,A,-19.1
15989,high,0,18.0,6.0,2.9,A,-100.0
15990,low,1,4.0,3.0,5.1,A,-10.3
15991,low,3,12.0,8.0,6.0,C,-11.2
15992,high,1,12.0,6.0,9.4,B,9.5
15993,,3,6.0,3.0,3.1,A,-100.0
15994,high,2,21.0,1.0,1.6,A,-100.0
15995,high,2,16.0,1.0,8.3,A,0.5
15996,medium,0,4.0,6.0,3.7,B,-15.9
15997,none,1,16.0,3.0,8.5,A,6.6
15998,none,2,4.0,0.0,4.3,C,-17.9
15999,medium,3,9.0,1.0,6.8,A,-6.9
16000,high,4,7.0,6.0,2.3,A,-100.0
16001,low,1,8.0,25.0,8.0,A,5.4
16002,low,2,18.0,15.0,8.2,B,2.9
16003,medium,0,2.0,1.0,6.1,A,-2.5
16004,low,2,5.0,29.0,2.8,A,-100.0
16005,none,2,11.0,0.0,9.1,C,7.8
16006,none,1,14.0,3.0,3.0,A,-100.0
16007,medium,2,15.0,29.0,1.7,B,-100.0
16008,medium,0,8.0,28.0,6.3,A,-1.8
16009,high,2,6.0,5.0,6.3,A,-9.4
16010,medium,2,2.0,9.0,7.0,B,-2.5
16011,low,1,12.0,5.0,3.4,B,-100.0
16012,low,2,10.0,20.0,8.1,C,3.2
16013,high,3,21.0,4.0,5.8,A,-16.2
16014,low,1,1.0,6.0,8.7,D,9.8
16015,medium,0,20.0,5.0,9.1,A,12.2
16016,high,1,8.0,3.0,2.4,A,-100.0
16017,high,4,16.0,33.0,4.1,A,-100.0
16018,high,2,6.0,32.0,1.3,A,-100.0
16019,medium,1,3.0,26.0,3.4,A,-19.7
16020,none,1,12.0,17.0,7.2,A,-0.1
16021,medium,1,12.0,4.0,2.3,A,-100.0
16022,medium,2,6.0,6.0,1.6,A,-100.0
16023,medium,2,2.0,15.0,6.3,C,-6.3
16024,high,1,6.0,10.0,5.4,D,-11.8
16025,low,4,25.0,4.0,5.6,C,-17.2
16026,low,0,14.0,10.0,5.1,A,-8.8
16027,high,0,14.0,1.0,8.1,A,4.6
16028,none,1,6.0,50.0,9.4,A,13.0
16029,none,1,8.0,2.0,5.6,D,-8.6
16030,medium,0,13.0,3.0,3.9,C,-15.7
16031,medium,1,26.0,18.0,8.6,A,6.5
16032,none,1,10.0,2.0,2.9,D,-100.0
16033,medium,2,3.0,18.0,3.6,A,-100.0
16034,high,2,7.0,13.0,5.1,A,-16.0
16035,medium,0,6.0,2.0,6.6,B,-0.2
16036,none,1,3.0,6.0,5.4,A,-9.2
16037,high,1,14.0,1.0,6.7,A,-5.6
16038,medium,0,11.0,35.0,9.8,B,15.0
16039,low,1,3.0,26.0,7.9,C,5.4
16040,medium,0,6.0,11.0,3.7,B,-16.0
16041,none,1,3.0,45.0,10.0,A,15.0
16042,medium,2,3.0,8.0,8.4,A,5.1
16043,high,3,5.0,7.0,4.9,A,-19.5
16044,none,0,12.0,3.0,2.5,A,-100.0
16045,none,1,23.0,0.0,3.1,A,-100.0
16046,high,1,7.0,20.0,2.8,A,-100.0
16047,medium,0,24.0,7.0,4.2,C,-15.1
16048,high,2,8.0,6.0,7.0,A,-5.8
16049,high,2,14.0,6.0,8.2,B,0.2
16050,medium,0,,18.0,4.8,C,
16051,medium,1,8.0,2.0,9.9,A,15.0
16052,medium,2,11.0,3.0,2.8,A,-100.0
16053,high,2,5.0,5.0,2.5,B,-100.0
16054,medium,1,2.0,9.0,8.9,A,10.4
16055,high,2,18.0,20.0,5.3,D,-16.0
16056,none,1,8.0,6.0,1.9,A,-100.0
16057,medium,3,4.0,4.0,1.6,A,-100.0
16058,high,2,21.0,0.0,9.0,C,3.9
16059,low,1,7.0,9.0,8.7,A,9.2
16060,high,3,12.0,16.0,5.9,A,-14.6
16061,high,0,33.0,9.0,6.2,A,-7.6
16062,low,1,3.0,2.0,8.3,A,7.3
16063,low,1,19.0,3.0,8.6,A,7.4
16064,low,3,3.0,15.0,4.5,A,-18.4
16065,,2,6.0,1.0,1.9,B,-100.0
16066,low,3,1.0,1.0,7.3,A,-3.0
16067,medium,1,12.0,13.0,8.9,A,9.5
16068,high,2,18.0,17.0,8.3,D,0.5
16069,high,6,4.0,11.0,3.5,B,-100.0
16070,low,1,10.0,27.0,4.5,A,-14.0
16071,high,1,8.0,4.0,9.4,C,9.9
16072,medium,1,8.0,6.0,8.4,C,7.1
16073,high,0,2.0,3.0,7.1,A,0.4
16074,medium,1,13.0,0.0,5.0,A,-12.2
16075,high,0,3.0,12.0,9.6,A,14.1
16076,medium,4,10.0,5.0,1.5,A,-100.0
16077,high,1,2.0,5.0,5.2,C,-12.6
16078,high,1,9.0,21.0,8.4,C,4.5
16079,low,0,4.0,3.0,8.2,A,9.2
16080,high,2,2.0,12.0,4.1,C,-100.0
16081,none,2,10.0,0.0,6.5,A,-6.4
16082,medium,1,7.0,42.0,9.0,A,10.8
16083,none,4,8.0,1.0,5.2,C,-18.3
16084,low,1,12.0,20.0,9.3,A,12.1
16085,low,1,9.0,21.0,3.4,A,-100.0
16086,high,1,7.0,14.0,9.4,A,10.1
16087,none,0,7.0,2.0,6.7,A,0.0
16088,high,4,4.0,3.0,8.3,A,-3.2
16089,low,3,2.0,3.0,7.9,A,0.3
16090,low,2,7.0,5.0,10.0,A,13.8
16091,low,1,9.0,17.0,8.7,A,9.1
16092,low,1,9.0,15.0,3.4,C,-100.0
16093,low,5,15.0,3.0,9.5,A,2.8
16094,high,1,7.0,3.0,2.8,D,-100.0
16095,low,1,6.0,31.0,8.7,B,9.5
16096,high,2,16.0,6.0,9.9,A,9.4
16097,medium,0,4.0,28.0,5.7,B,-4.7
16098,low,0,18.0,1.0,4.3,C,-13.7
16099,medium,2,7.0,22.0,9.3,A,9.8
16100,low,3,5.0,4.0,1.6,C,-100.0
16101,low,2,18.0,42.0,9.0,A,7.6
16102,,1,10.0,2.0,1.0,A,-100.0
16103,high,1,6.0,31.0,2.4,A,-100.0
16104,low,0,12.0,18.0,4.6,B,-11.2
16105,medium,0,5.0,1.0,7.8,A,6.5
16106,medium,0,21.0,5.0,8.0,A,6.0
16107,low,2,7.0,18.0,8.8,C,7.4
16108,low,1,5.0,8.0,1.2,B,-100.0
16109,medium,0,12.0,8.0,2.9,C,-100.0
16110,medium,5,2.0,10.0,8.8,A,-0.1
16111,low,4,9.0,2.0,3.2,A,-100.0
16112,low,0,5.0,8.0,4.1,D,-13.4
16113,high,1,17.0,1.0,6.5,A,-7.0
16114,high,2,19.0,2.0,8.8,A,3.0
16115,none,2,3.0,1.0,8.4,A,4.8
16116,low,0,6.0,5.0,1.2,A,-100.0
16117,low,1,29.0,2.0,8.9,C,8.0
16118,low,1,11.0,2.0,9.4,C,12.6
16119,low,1,10.0,50.0,1.8,A,-100.0
16120,medium,2,2.0,6.0,1.9,D,-100.0
16121,medium,1,16.0,10.0,1.7,A,-100.0
16122,medium,0,10.0,5.0,7.2,A,2.7
16123,high,1,6.0,3.0,1.2,C,-100.0
16124,low,1,8.0,37.0,2.1,C,-100.0
16125,low,2,1.0,21.0,8.8,A,8.0
16126,medium,0,1.0,4.0,7.8,A,6.9
16127,medium,1,19.0,1.0,2.1,A,-100.0
16128,low,2,18.0,3.0,7.0,C,-3.8
16129,none,0,14.0,36.0,9.2,A,13.4
16130,none,1,11.0,1.0,2.9,A,-100.0
16131,low,1,9.0,8.0,1.0,A,-100.0
16132,high,0,3.0,6.0,6.3,A,-4.1
16133,medium,1,9.0,10.0,8.8,C,9.2
16134,high,0,23.0,5.0,8.2,A,4.3
16135,,1,7.0,13.0,5.7,A,-7.8
16136,high,1,11.0,2.0,4.2,A,-19.0
16137,medium,1,11.0,0.0,9.7,A,13.9
16138,medium,1,2.0,1.0,9.5,A,13.7
16139,,3,26.0,2.0,9.6,A,6.6
16140,medium,1,14.0,26.0,4.2,A,-16.5
16141,none,2,22.0,3.0,10.0,A,11.7
16142,medium,2,17.0,3.0,10.0,D,12.4
16143,medium,1,10.0,10.0,9.0,A,10.2
16144,high,0,8.0,0.0,,D,
16145,medium,2,2.0,2.0,4.8,A,-14.7
16146,high,0,3.0,6.0,9.3,A,12.4
16147,medium,1,2.0,10.0,3.6,B,-18.7
16148,high,3,6.0,17.0,8.6,C,0.8
16149,none,2,24.0,14.0,4.4,A,-19.2
16150,high,3,4.0,4.0,5.0,C,-18.9
16151,none,1,5.0,6.0,2.9,A,-100.0
16152,high,1,1.0,9.0,6.8,A,-3.6
16153,medium,2,24.0,16.0,9.3,A,8.0
16154,high,1,9.0,2.0,9.5,A,10.3
16155,none,0,5.0,5.0,6.4,A,-1.4
16156,medium,1,7.0,4.0,1.9,A,-100.0
16157,low,0,8.0,12.0,8.1,A,8.3
16158,low,2,,1.0,2.8,C,
16159,medium,3,3.0,11.0,1.4,C,-100.0
16160,high,0,6.0,2.0,3.2,C,-100.0
16161,low,3,13.0,3.0,8.1,A,0.3
16162,low,1,35.0,26.0,4.6,A,-16.0
16163,medium,1,8.0,21.0,8.6,B,8.3
16164,high,1,9.0,11.0,9.1,A,8.2
16165,high,2,17.0,3.0,7.7,A,-2.8
16166,medium,3,15.0,29.0,7.9,A,-1.2
16167,high,0,6.0,6.0,3.9,A,-17.6
16168,low,1,14.0,0.0,8.6,D,7.9
16169,high,1,9.0,1.0,4.5,A,-17.2
16170,high,0,8.0,4.0,2.9,A,-100.0
16171,high,0,7.0,0.0,4.6,C,-13.9
16172,medium,1,4.0,2.0,9.4,C,12.9
16173,medium,1,14.0,3.0,6.3,C,-5.1
16174,low,1,2.0,19.0,4.7,A,-12.2
16175,high,0,8.0,4.0,6.4,A,-4.1
16176,high,1,1.0,2.0,,A,
16177,high,2,1.0,2.0,3.7,A,-100.0
16178,low,2,7.0,5.0,4.5,A,-16.4
16179,medium,2,3.0,4.0,9.9,C,13.3
16180,high,1,13.0,0.0,5.7,A,-11.0
16181,low,1,9.0,4.0,5.3,A,-9.7
16182,medium,4,9.0,22.0,8.9,C,2.4
16183,high,4,6.0,4.0,2.9,A,-100.0
16184,medium,1,18.0,5.0,9.3,C,11.0
16185,none,2,8.0,26.0,5.0,C,-14.2
16186,high,0,4.0,3.0,7.6,A,2.9
16187,high,0,4.0,12.0,5.7,A,-7.5
16188,high,0,14.0,17.0,7.0,B,-1.3
16189,high,1,14.0,0.0,9.0,C,7.1
16190,high,0,18.0,14.0,9.9,A,14.3
16191,low,1,8.0,0.0,5.6,A,-8.0
16192,none,0,20.0,3.0,,D,
16193,medium,2,6.0,5.0,9.1,A,8.6
16194,low,0,10.0,15.0,1.9,A,-100.0
16195,medium,0,,3.0,2.1,C,
16196,medium,2,10.0,10.0,9.6,C,11.0
16197,medium,3,28.0,2.0,9.1,A,3.9
16198,high,3,4.0,9.0,9.1,A,3.7
16199,low,0,8.0,3.0,4.4,B,-12.1
16200,low,2,15.0,33.0,5.0,A,-14.2
16201,none,1,9.0,7.0,7.6,D,2.3
16202,none,2,15.0,5.0,8.5,A,4.2
16203,low,2,2.0,1.0,5.8,D,-8.8
16204,low,0,7.0,1.0,7.4,D,4.5
16205,low,1,6.0,0.0,1.7,A,-100.0
16206,high,1,4.0,7.0,5.1,A,-13.3
16207,low,0,1.0,1.0,7.7,C,6.7
16208,low,0,9.0,13.0,3.1,C,-19.2
16209,medium,4,5.0,10.0,5.6,A,-15.5
16210,high,1,11.0,21.0,5.6,B,-11.1
16211,high,3,2.0,50.0,2.9,A,-100.0
16212,medium,0,5.0,23.0,4.8,C,-9.8
16213,medium,1,19.0,0.0,5.9,A,-7.9
16214,high,2,11.0,6.0,2.7,A,-100.0
16215,high,3,5.0,0.0,2.6,A,-100.0
16216,medium,3,1.0,1.0,1.4,A,-100.0
16217,high,3,7.0,7.0,4.7,C,-100.0
16218,none,1,9.0,6.0,5.5,A,-9.2
16219,medium,2,3.0,9.0,3.7,A,-100.0
16220,low,1,18.0,3.0,5.2,A,-11.2
16221,low,2,13.0,24.0,5.1,A,-13.5
16222,low,1,9.0,3.0,1.7,B,-100.0
16223,medium,2,15.0,10.0,4.3,A,-18.7
16224,low,0,1.0,27.0,8.7,A,12.5
16225,low,3,9.0,19.0,7.2,C,-4.1
16226,low,0,11.0,0.0,9.8,A,15.0
16227,medium,0,14.0,22.0,8.2,A,8.0
16228,medium,2,8.0,17.0,9.4,C,10.2
16229,low,1,4.0,8.0,3.6,C,-18.5
16230,low,2,17.0,33.0,8.3,A,3.7
16231,low,0,13.0,0.0,2.2,A,-100.0
16232,high,2,14.0,18.0,6.5,C,-9.0
16233,none,2,10.0,50.0,8.2,A,3.5
16234,low,2,,2.0,3.7,C,
16235,,1,7.0,3.0,8.6,A,8.0
16236,none,2,11.0,11.0,8.4,A,4.1
16237,low,2,4.0,9.0,5.0,A,-13.3
16238,low,0,13.0,14.0,8.6,A,10.6
16239,low,0,18.0,49.0,8.4,C,9.4
16240,low,0,20.0,6.0,1.4,C,-100.0
16241,high,2,16.0,2.0,2.4,A,-100.0
16242,high,1,7.0,4.0,6.1,B,-8.1
16243,low,0,3.0,11.0,3.4,A,-17.0
16244,none,1,6.0,11.0,9.5,A,13.1
16245,high,1,5.0,45.0,3.1,C,-100.0
16246,medium,0,8.0,1.0,8.0,C,7.3
16247,none,1,,4.0,3.7,C,
16248,high,0,26.0,4.0,3.3,A,-100.0
16249,high,3,7.0,16.0,4.4,A,-100.0
16250,none,0,20.0,32.0,7.5,C,3.4
16251,medium,3,10.0,36.0,1.4,A,-100.0
16252,low,1,10.0,0.0,1.7,A,-100.0
16253,high,1,10.0,4.0,9.0,A,7.5
16254,medium,2,6.0,1.0,7.4,A,-0.8
16255,low,2,15.0,34.0,1.0,A,-100.0
16256,medium,1,7.0,5.0,6.2,A,-4.9
16257,low,1,4.0,30.0,8.6,D,9.2
16258,medium,0,9.0,3.0,9.3,A,14.4
16259,none,1,6.0,30.0,9.8,C,15.0
16260,high,1,8.0,9.0,8.8,A,6.7
16261,high,1,3.0,15.0,7.6,A,0.6
16262,low,4,4.0,5.0,1.3,C,-100.0
16263,high,1,6.0,3.0,2.4,C,-100.0
16264,none,1,10.0,19.0,4.9,A,-12.5
16265,medium,1,14.0,5.0,7.9,C,3.7
16266,medium,2,20.0,13.0,3.9,A,-100.0
16267,high,2,4.0,9.0,8.7,A,4.0
16268,high,1,22.0,6.0,3.9,C,-100.0
16269,high,2,8.0,7.0,3.5,A,-100.0
16270,high,0,11.0,9.0,4.8,A,-13.1
16271,low,2,15.0,13.0,8.9,B,7.0
16272,medium,2,6.0,21.0,7.2,A,-1.7
16273,high,1,21.0,3.0,4.1,A,-100.0
16274,low,0,18.0,8.0,1.1,B,-100.0
16275,,1,8.0,16.0,1.0,A,-100.0
16276,high,1,13.0,26.0,8.2,C,3.0
16277,low,1,18.0,21.0,9.3,C,11.5
16278,low,3,3.0,0.0,1.1,A,-100.0
16279,low,1,24.0,38.0,8.3,A,5.6
16280,none,1,23.0,12.0,6.2,A,-6.7
16281,none,4,4.0,6.0,3.2,C,-100.0
16282,,0,3.0,7.0,3.6,A,-16.6
16283,none,2,22.0,5.0,5.1,C,-15.2
16284,low,2,13.0,9.0,3.6,A,-100.0
16285,high,1,3.0,4.0,2.2,C,-100.0
16286,medium,2,8.0,10.0,2.4,A,-100.0
16287,low,2,6.0,1.0,4.7,B,-15.3
16288,low,0,14.0,22.0,4.1,C,-14.1
16289,high,2,1.0,3.0,8.1,A,1.0
16290,medium,0,9.0,24.0,2.9,C,-100.0
16291,low,2,15.0,7.0,9.0,B,7.5
16292,high,1,9.0,3.0,10.0,A,13.1
16293,medium,1,12.0,17.0,10.0,D,15.0
16294,medium,2,4.0,3.0,1.4,A,-100.0
16295,none,1,7.0,11.0,1.4,A,-100.0
16296,none,2,10.0,3.0,6.6,A,-5.8
16297,high,3,2.0,20.0,4.9,A,-19.1
16298,medium,0,5.0,22.0,9.8,A,15.0
16299,low,3,9.0,50.0,6.7,A,-6.6
16300,none,1,25.0,8.0,1.3,A,-100.0
16301,low,2,11.0,21.0,2.8,A,-100.0
16302,high,0,20.0,5.0,9.1,C,9.6
16303,medium,1,9.0,9.0,8.7,A,8.6
16304,none,2,2.0,10.0,8.1,A,3.3
16305,medium,3,14.0,2.0,9.8,D,9.1
16306,low,2,8.0,2.0,5.6,A,-10.5
16307,high,1,11.0,4.0,6.3,A,-7.4
16308,low,1,5.0,9.0,8.8,A,10.0
16309,medium,0,25.0,3.0,9.7,A,15.0
16310,high,0,7.0,5.0,8.3,B,
16311,medium,1,5.0,4.0,6.2,B,-4.8
16312,low,1,5.0,4.0,4.8,A,-12.1
16313,medium,1,8.0,18.0,8.4,B,7.2
16314,low,0,3.0,12.0,8.2,A,9.4
16315,high,1,22.0,6.0,7.4,A,-2.5
16316,medium,2,6.0,12.0,2.4,A,-100.0
16317,low,4,4.0,3.0,3.7,C,-100.0
16318,none,1,1.0,22.0,8.2,B,6.6
16319,low,2,24.0,5.0,3.5,C,-100.0
16320,low,1,11.0,1.0,9.2,B,11.5
16321,medium,3,3.0,2.0,3.7,C,-100.0
16322,high,1,5.0,15.0,5.7,C,-10.0
16323,medium,3,10.0,3.0,2.5,A,-100.0
16324,medium,1,18.0,24.0,8.4,A,6.2
16325,none,1,10.0,27.0,6.6,A,-3.1
16326,high,3,3.0,9.0,2.8,A,-100.0
16327,high,4,3.0,7.0,9.0,B,0.7
16328,low,1,10.0,18.0,2.7,A,-100.0
16329,none,1,4.0,6.0,1.7,A,-100.0
16330,low,2,11.0,2.0,1.9,A,-100.0
16331,none,2,,35.0,1.5,C,
16332,,1,11.0,12.0,8.1,C,5.0
16333,medium,2,17.0,5.0,8.1,A,2.0
16334,high,2,9.0,2.0,8.2,C,0.7
16335,high,1,5.0,12.0,8.1,C,3.2
16336,high,0,2.0,8.0,7.0,A,-0.2
16337,low,2,4.0,1.0,2.3,A,-100.0
16338,high,4,19.0,26.0,2.9,A,-100.0
16339,medium,2,6.0,5.0,1.9,A,-100.0
16340,low,2,3.0,19.0,4.6,A,-15.3
16341,low,0,4.0,34.0,8.7,A,12.3
16342,high,2,4.0,16.0,7.6,A,-2.0
16343,low,1,8.0,6.0,1.9,A,-100.0
16344,none,0,7.0,8.0,1.2,A,-100.0
16345,medium,2,14.0,27.0,9.0,A,7.5
16346,medium,2,4.0,35.0,6.7,C,-4.1
16347,high,0,14.0,0.0,9.1,A,10.1
16348,high,1,14.0,3.0,9.8,A,11.5
16349,high,3,15.0,4.0,1.6,A,-100.0
16350,high,1,39.0,6.0,9.3,A,6.3
16351,low,1,8.0,28.0,1.3,A,-100.0
16352,none,2,8.0,28.0,9.0,A,7.9
16353,high,3,4.0,8.0,6.1,A,-12.8
16354,low,2,14.0,29.0,8.7,C,6.2
16355,medium,2,5.0,1.0,9.9,A,13.1
16356,high,1,4.0,5.0,9.6,A,11.4
16357,none,0,19.0,17.0,8.8,A,10.5
16358,medium,1,6.0,2.0,5.7,A,-7.6
16359,medium,2,2.0,7.0,5.3,B,-11.9
16360,none,5,5.0,33.0,3.6,A,-100.0
16361,low,2,26.0,50.0,8.4,A,3.6
16362,high,3,21.0,10.0,7.0,A,-9.5
16363,low,0,3.0,5.0,3.2,B,-18.2
16364,medium,0,7.0,15.0,3.6,A,-16.6
16365,none,1,18.0,16.0,2.3,D,-100.0
16366,low,2,17.0,4.0,9.0,C,7.3
16367,none,0,11.0,5.0,3.1,A,-100.0
16368,low,1,7.0,2.0,1.5,A,-100.0
16369,low,4,12.0,6.0,1.6,A,-100.0
16370,high,1,6.0,42.0,1.7,A,-100.0
16371,low,1,21.0,19.0,1.9,A,-100.0
16372,high,2,10.0,8.0,7.5,A,-3.2
16373,low,4,6.0,28.0,1.3,B,-100.0
16374,high,2,14.0,50.0,9.9,A,10.0
16375,high,2,17.0,10.0,9.9,A,9.3
16376,medium,2,5.0,11.0,8.2,C,3.8
16377,medium,0,9.0,18.0,7.7,C,5.7
16378,medium,0,5.0,0.0,4.4,A,-12.2
16379,none,2,8.0,3.0,8.1,A,2.7
16380,high,2,26.0,3.0,2.2,A,-100.0
16381,medium,1,3.0,12.0,4.2,A,-15.5
16382,low,1,8.0,13.0,5.2,A,-10.1
16383,medium,5,24.0,2.0,2.4,A,-100.0
16384,low,2,6.0,2.0,3.4,A,-100.0
16385,low,1,6.0,10.0,2.0,A,-100.0
16386,medium,1,4.0,14.0,3.2,A,-100.0
16387,high,2,5.0,35.0,4.6,A,-18.4
16388,none,1,21.0,11.0,8.6,C,6.7
16389,low,2,28.0,30.0,2.1,D,-100.0
16390,none,1,16.0,4.0,2.3,A,-100.0
16391,high,0,1.0,0.0,8.6,A,8.7
16392,low,0,2.0,11.0,10.0,A,15.0
16393,low,1,5.0,29.0,3.7,D,-17.9
16394,none,2,,1.0,5.8,C,
16395,high,1,3.0,25.0,9.1,C,9.0
16396,none,2,9.0,7.0,8.3,C,3.7
16397,high,1,10.0,0.0,4.7,A,-16.2
16398,low,0,4.0,11.0,8.2,A,9.3
16399,low,4,2.0,4.0,1.3,C,-100.0
16400,low,3,5.0,5.0,6.5,A,-7.7
16401,high,2,3.0,1.0,5.6,D,-13.0
16402,medium,2,11.0,50.0,7.1,A,-2.5
16403,high,0,18.0,4.0,9.9,C,14.2
16404,medium,3,6.0,11.0,9.7,A,9.5
16405,none,1,2.0,9.0,8.5,D,8.0
16406,high,4,8.0,29.0,8.2,C,-3.9
16407,medium,3,7.0,50.0,9.6,C,9.2
16408,low,1,12.0,6.0,9.9,B,15.0
16409,high,0,6.0,19.0,7.5,A,2.3
16410,low,2,10.0,13.0,3.2,A,-100.0
16411,low,2,1.0,0.0,5.6,A,-9.8
16412,low,2,13.0,10.0,9.6,C,11.1
16413,low,3,8.0,31.0,9.0,A,6.0
16414,high,2,17.0,12.0,1.5,C,-100.0
16415,high,2,5.0,13.0,6.0,C,-10.9
16416,low,1,1.0,6.0,9.3,C,13.1
16417,low,1,13.0,22.0,2.5,A,-100.0
16418,low,1,15.0,10.0,5.3,C,-10.3
16419,medium,2,6.0,0.0,8.7,C,6.3
16420,medium,2,2.0,11.0,,A,
16421,none,2,20.0,24.0,2.1,B,-100.0
16422,,1,19.0,24.0,8.8,A,8.1
16423,none,0,12.0,15.0,6.4,C,-2.0
16424,high,0,8.0,2.0,9.0,A,10.2
16425,,1,26.0,9.0,8.8,D,7.3
16426,medium,1,5.0,0.0,9.8,D,15.0
16427,low,4,9.0,6.0,8.6,A,0.9
16428,medium,1,5.0,7.0,6.0,C,-5.8
16429,low,0,3.0,5.0,,D,
16430,medium,0,22.0,10.0,1.6,A,-100.0
16431,high,1,20.0,17.0,2.1,A,-100.0
16432,high,2,2.0,2.0,6.1,A,-10.2
16433,low,1,20.0,2.0,8.7,D,7.8
16434,high,5,15.0,4.0,9.0,A,-3.0
16435,none,3,24.0,0.0,5.4,A,-16.3
16436,none,2,6.0,1.0,9.2,A,8.9
16437,medium,2,1.0,2.0,8.7,A,6.9
16438,high,2,11.0,10.0,4.1,D,-100.0
16439,medium,2,2.0,16.0,6.0,A,-8.0
16440,low,1,7.0,36.0,8.2,C,6.7
16441,high,0,8.0,26.0,8.8,A,9.3
16442,,1,13.0,15.0,5.5,A,-9.5
16443,high,1,21.0,2.0,9.5,C,9.1
16444,high,2,1.0,8.0,9.6,C,9.3
16445,medium,1,10.0,22.0,8.5,A,7.6
16446,low,3,9.0,21.0,5.4,A,-14.0
16447,high,0,6.0,21.0,8.2,C,6.2
16448,high,0,16.0,4.0,6.0,D,-7.1
16449,high,2,8.0,2.0,1.7,C,-100.0
16450,high,0,2.0,23.0,7.2,A,1.1
16451,medium,2,4.0,15.0,1.1,A,-100.0
16452,medium,4,1.0,7.0,3.8,C,-100.0
16453,low,2,6.0,3.0,3.5,B,-100.0
16454,high,0,11.0,9.0,2.4,A,-100.0
16455,none,3,16.0,6.0,8.7,C,2.7
16456,medium,2,31.0,4.0,9.6,C,8.8
16457,medium,2,1.0,28.0,8.6,A,6.6
16458,low,1,15.0,8.0,8.3,C,6.2
16459,low,1,8.0,1.0,4.5,A,-14.1
16460,none,1,11.0,9.0,6.8,A,-2.2
16461,high,0,3.0,11.0,4.9,A,-11.8
16462,low,3,4.0,8.0,5.1,A,-15.3
16463,low,1,6.0,4.0,4.8,A,-12.2
16464,medium,4,2.0,33.0,5.4,C,-16.1
16465,medium,1,4.0,12.0,6.4,A,-3.5
16466,medium,1,12.0,7.0,7.0,B,-1.0
16467,medium,0,7.0,8.0,1.8,A,-100.0
16468,low,4,5.0,1.0,8.8,B,2.4
16469,high,0,17.0,9.0,1.7,A,-100.0
16470,low,1,24.0,5.0,8.9,C,8.6
16471,medium,1,7.0,2.0,1.9,A,-100.0
16472,medium,1,3.0,0.0,6.0,C,-5.7
16473,low,3,14.0,2.0,7.7,B,-2.1
16474,high,0,11.0,10.0,8.5,B,7.2
16475,low,1,14.0,12.0,1.5,C,-100.0
16476,medium,1,16.0,1.0,3.7,C,-19.6
16477,high,0,11.0,10.0,6.1,A,-6.0
16478,high,1,8.0,3.0,2.4,C,-100.0
16479,high,0,19.0,20.0,3.5,A,-100.0
16480,low,1,30.0,0.0,2.5,B,-100.0
16481,medium,2,5.0,8.0,9.2,A,9.3
16482,low,1,21.0,1.0,8.7,C,7.7
16483,medium,0,13.0,2.0,7.0,C,1.3
16484,low,3,29.0,4.0,6.5,A,-10.1
16485,high,0,3.0,10.0,1.8,A,-100.0
16486,medium,0,8.0,17.0,8.3,C,9.1
16487,low,0,20.0,1.0,2.8,A,-100.0
16488,none,2,8.0,10.0,3.8,A,-100.0
16489,low,2,12.0,3.0,6.2,A,-7.6
16490,none,1,8.0,9.0,1.5,A,-100.0
16491,high,4,5.0,1.0,9.4,B,2.7
16492,high,2,10.0,4.0,7.6,B,-2.7
16493,medium,2,13.0,2.0,6.0,C,-9.2
16494,low,0,29.0,50.0,8.1,A,6.6
16495,low,1,16.0,1.0,2.8,A,-100.0
16496,low,2,11.0,1.0,2.5,A,-100.0
16497,high,5,10.0,37.0,3.3,A,-100.0
16498,,1,12.0,2.0,7.7,A,2.5
16499,none,0,6.0,13.0,6.3,D,-1.9
16500,low,2,11.0,6.0,8.9,B,7.4
16501,high,1,1.0,4.0,9.9,A,13.4
16502,medium,0,8.0,3.0,8.7,C,11.2
16503,high,3,18.0,20.0,4.8,A,-100.0
16504,high,0,1.0,17.0,9.6,C,14.3
16505,low,3,23.0,11.0,8.6,D,2.1
16506,medium,1,6.0,45.0,9.9,A,15.0
16507,high,1,2.0,0.0,3.9,D,-19.8
16508,high,2,11.0,30.0,8.1,A,0.2
16509,medium,4,17.0,7.0,9.2,C,3.1
16510,high,0,11.0,3.0,9.7,A,13.7
16511,low,2,8.0,13.0,1.3,B,-100.0
16512,none,2,16.0,14.0,9.9,A,11.9
16513,low,2,6.0,4.0,2.5,A,-100.0
16514,high,1,9.0,15.0,9.2,A,8.8
16515,medium,2,2.0,50.0,9.6,A,12.2
16516,low,1,2.0,13.0,8.8,A,10.3
16517,high,3,23.0,6.0,9.8,A,5.6
16518,high,0,40.0,5.0,9.2,B,8.1
16519,low,2,15.0,14.0,3.7,A,-100.0
16520,medium,1,10.0,29.0,4.7,A,-13.3
16521,low,1,1.0,27.0,2.4,C,-100.0
16522,low,2,7.0,20.0,9.8,C,12.9
16523,medium,0,6.0,24.0,8.6,C,11.1
16524,high,1,3.0,9.0,5.0,A,-13.7
16525,high,3,6.0,33.0,8.6,B,1.0
16526,none,0,8.0,7.0,9.6,C,15.0
16527,none,1,8.0,6.0,8.1,A,5.2
16528,medium,3,2.0,3.0,8.8,A,4.8
16529,medium,4,10.0,1.0,9.2,C,3.7
16530,,2,0.0,22.0,8.1,A,3.6
16531,medium,1,17.0,1.0,5.5,A,-9.8
16532,high,3,7.0,48.0,8.1,A,-1.7
16533,high,2,9.0,6.0,5.4,A,-14.7
16534,high,2,12.0,7.0,10.0,B,10.4
16535,none,1,13.0,12.0,8.7,A,8.0
16536,high,1,6.0,18.0,5.4,A,-11.7
16537,medium,2,16.0,15.0,8.9,A,6.6
16538,low,2,10.0,36.0,8.0,A,2.8
16539,high,1,8.0,34.0,6.1,A,-7.9
16540,high,0,5.0,12.0,9.0,D,10.6
16541,high,0,8.0,2.0,9.9,B,15.0
16542,high,1,16.0,11.0,7.1,A,-3.5
16543,high,3,7.0,50.0,4.6,C,-100.0
16544,high,0,18.0,14.0,8.7,A,7.7
16545,low,4,5.0,22.0,3.8,A,-100.0
16546,high,1,11.0,7.0,3.1,A,-100.0
16547,none,1,6.0,7.0,6.5,A,-3.4
16548,none,0,14.0,13.0,4.1,A,-14.8
16549,medium,3,1.0,16.0,7.1,A,-4.3
16550,high,2,6.0,1.0,9.8,A,9.8
16551,high,0,18.0,5.0,1.8,A,-100.0
16552,medium,0,6.0,2.0,4.3,C,-12.8
16553,low,4,11.0,7.0,1.2,C,-100.0
16554,low,0,21.0,28.0,9.1,C,12.7
16555,none,2,4.0,13.0,9.9,A,13.1
16556,high,1,12.0,13.0,4.5,A,-17.3
16557,medium,3,10.0,13.0,3.2,A,-100.0
16558,high,2,11.0,2.0,8.8,A,3.8
16559,high,4,13.0,6.0,9.8,A,4.1
16560,medium,2,17.0,7.0,5.6,A,-11.7
16561,high,2,4.0,3.0,3.8,B,-100.0
16562,medium,4,21.0,2.0,1.1,A,-100.0
16563,none,1,8.0,5.0,1.8,B,-100.0
16564,low,2,14.0,3.0,9.8,A,12.0
16565,none,2,16.0,1.0,5.6,C,-11.9
16566,none,4,9.0,9.0,9.1,A,3.1
16567,low,2,3.0,50.0,3.2,A,-100.0
16568,none,2,14.0,12.0,9.7,A,10.9
16569,high,1,1.0,4.0,1.2,C,-100.0
16570,high,1,12.0,11.0,5.6,A,-11.3
16571,high,1,12.0,3.0,6.9,C,-4.2
16572,medium,1,8.0,17.0,8.1,A,5.5
16573,low,1,15.0,1.0,1.8,C,-100.0
16574,low,1,11.0,8.0,9.6,A,13.8
16575,low,2,4.0,11.0,9.9,C,13.6
16576,,2,12.0,8.0,3.9,A,-100.0
16577,medium,0,24.0,20.0,9.4,A,13.6
16578,medium,2,25.0,7.0,2.3,A,-100.0
16579,high,3,12.0,14.0,3.3,A,-100.0
16580,low,0,7.0,11.0,9.8,B,15.0
16581,none,4,11.0,1.0,1.3,C,-100.0
16582,medium,1,11.0,3.0,3.1,A,-100.0
16583,low,0,19.0,9.0,4.2,A,-14.2
16584,high,0,9.0,3.0,8.9,A,9.6
16585,none,2,5.0,7.0,8.8,A,6.8
16586,high,2,17.0,7.0,2.2,A,-100.0
16587,low,1,6.0,25.0,3.8,A,-17.5
16588,low,1,16.0,12.0,1.2,A,-100.0
16589,high,0,5.0,10.0,7.7,A,3.4
16590,medium,1,10.0,23.0,9.4,B,12.5
16591,medium,3,7.0,26.0,3.1,A,-100.0
16592,low,1,5.0,12.0,1.3,C,-100.0
16593,high,0,14.0,4.0,1.3,A,-100.0
16594,medium,3,1.0,20.0,1.7,A,-100.0
16595,medium,6,22.0,41.0,4.1,A,-100.0
16596,low,0,3.0,10.0,8.5,A,11.0
16597,none,0,2.0,11.0,6.3,A,-1.6
16598,high,1,3.0,8.0,2.9,A,-100.0
16599,low,0,14.0,3.0,6.1,B,-3.3
16600,medium,1,30.0,22.0,2.7,B,-100.0
16601,low,2,9.0,2.0,3.8,A,-100.0
16602,medium,5,6.0,6.0,3.6,A,-100.0
16603,high,4,25.0,8.0,9.1,A,-0.9
16604,low,1,14.0,1.0,3.8,A,-18.5
16605,medium,4,10.0,1.0,9.3,A,4.3
16606,medium,0,27.0,3.0,9.2,A,12.0
16607,low,1,3.0,6.0,9.5,B,14.0
16608,medium,1,20.0,16.0,2.7,A,-100.0
16609,low,2,8.0,7.0,1.7,A,-100.0
16610,high,1,9.0,2.0,2.1,A,-100.0
16611,high,2,3.0,5.0,8.3,D,1.9
16612,medium,2,2.0,4.0,6.4,D,-5.9
16613,high,1,24.0,17.0,3.3,C,-100.0
16614,medium,1,11.0,10.0,9.4,A,12.3
16615,medium,3,15.0,26.0,5.7,A,-13.3
16616,none,0,3.0,37.0,6.1,A,-2.5
16617,medium,3,25.0,7.0,9.9,A,8.6
16618,medium,2,11.0,5.0,8.3,A,3.7
16619,medium,2,6.0,1.0,1.3,C,-100.0
16620,medium,0,5.0,2.0,9.0,C,13.1
16621,high,2,2.0,2.0,5.0,A,-16.2
16622,,0,11.0,1.0,4.0,D,-15.2
16623,high,2,7.0,19.0,3.7,C,
16624,medium,2,18.0,0.0,3.5,A,-100.0
16625,high,0,5.0,1.0,8.8,A,9.4
16626,low,2,17.0,4.0,5.2,A,-13.6
16627,medium,2,3.0,2.0,9.2,B,9.4
16628,medium,1,9.0,22.0,9.6,C,13.7
16629,low,1,3.0,42.0,4.2,C,-14.8
16630,low,1,28.0,13.0,7.2,C,-1.1
16631,medium,1,25.0,26.0,4.8,D,-14.2
16632,low,1,11.0,5.0,8.6,C,8.2
16633,high,5,2.0,4.0,1.4,A,-100.0
16634,none,3,7.0,22.0,3.9,A,-100.0
16635,none,2,2.0,46.0,3.8,A,-20.0
16636,medium,1,4.0,6.0,1.2,A,-100.0
16637,high,3,3.0,4.0,7.3,A,-6.1
16638,medium,1,13.0,43.0,6.6,B,-3.0
16639,medium,1,2.0,5.0,3.0,A,-100.0
16640,low,4,16.0,2.0,2.7,A,-100.0
16641,low,0,14.0,42.0,9.1,B,13.5
16642,high,1,7.0,7.0,3.5,A,-100.0
16643,none,2,11.0,2.0,1.2,B,-100.0
16644,low,1,6.0,31.0,8.9,A,10.6
16645,low,1,21.0,17.0,1.1,A,-100.0
16646,high,3,1.0,25.0,9.7,A,7.5
16647,medium,2,8.0,4.0,8.9,A,7.3
16648,medium,5,7.0,8.0,2.0,D,-100.0
16649,none,1,18.0,15.0,5.5,B,-10.0
16650,high,1,5.0,15.0,6.5,A,-5.6
16651,low,2,2.0,1.0,6.5,A,-5.0
16652,low,2,13.0,5.0,3.1,A,-100.0
16653,high,1,4.0,7.0,8.0,A,2.6
16654,medium,1,10.0,26.0,8.6,C,8.1
16655,,1,14.0,27.0,8.3,A,5.9
16656,low,0,5.0,23.0,3.2,A,-18.2
16657,none,2,9.0,3.0,9.7,A,11.4
16658,high,1,11.0,13.0,6.6,A,-5.7
16659,high,1,9.0,30.0,5.9,A,-9.2
16660,high,4,4.0,34.0,1.1,D,-100.0
16661,low,0,12.0,3.0,3.9,A,-15.3
16662,high,0,4.0,12.0,5.3,A,-9.7
16663,medium,3,10.0,0.0,1.6,A,-100.0
16664,medium,2,9.0,8.0,3.5,A,-100.0
16665,medium,1,2.0,50.0,9.2,C,12.5
16666,none,0,6.0,7.0,5.1,C,-8.6
16667,high,1,8.0,5.0,5.2,A,-13.2
16668,medium,1,8.0,10.0,7.4,A,1.6
16669,none,4,22.0,9.0,3.5,A,-100.0
16670,high,0,1.0,7.0,9.6,A,14.2
16671,low,2,7.0,0.0,2.0,A,-100.0
16672,high,1,5.0,9.0,4.4,C,-17.2
16673,low,1,4.0,50.0,4.2,A,-14.8
16674,medium,1,5.0,13.0,7.9,A,4.7
16675,high,3,2.0,20.0,6.9,C,-8.1
16676,medium,5,3.0,31.0,2.7,A,-100.0
16677,low,1,5.0,14.0,1.9,A,-100.0
16678,low,0,7.0,42.0,1.7,A,-100.0
16679,low,2,31.0,2.0,1.6,A,-100.0
16680,none,1,5.0,19.0,5.6,A,-8.1
16681,high,1,5.0,27.0,3.0,C,-100.0
16682,medium,2,11.0,28.0,4.5,A,-17.0
16683,medium,0,11.0,1.0,5.9,A,-4.6
16684,none,3,3.0,18.0,8.9,B,5.2
16685,medium,2,4.0,1.0,4.1,A,-18.7
16686,high,0,3.0,43.0,4.1,A,-15.8
16687,medium,1,4.0,38.0,9.0,A,11.1
16688,high,3,6.0,4.0,7.7,C,-4.2
16689,low,0,9.0,12.0,2.5,C,-100.0
16690,high,1,8.0,6.0,6.3,A,-7.1
16691,low,5,,16.0,2.4,C,
16692,high,0,13.0,12.0,5.1,C,-11.7
16693,none,2,8.0,28.0,3.7,C,-100.0
16694,high,0,3.0,0.0,1.8,A,-100.0
16695,high,1,8.0,3.0,2.3,A,-100.0
16696,high,0,4.0,12.0,9.8,A,15.0
16697,high,4,3.0,26.0,9.6,C,4.2
16698,medium,2,11.0,6.0,1.2,A,-100.0
16699,low,0,5.0,12.0,4.4,B,-11.7
16700,high,0,10.0,1.0,6.7,B,-2.7
16701,high,1,21.0,15.0,8.3,A,2.7
16702,high,1,15.0,2.0,3.6,C,-100.0
16703,high,0,11.0,2.0,9.5,A,12.6
16704,low,2,7.0,9.0,1.7,C,-100.0
16705,medium,2,19.0,30.0,9.2,B,8.1
16706,low,1,6.0,7.0,1.3,A,-100.0
16707,none,1,13.0,20.0,2.6,A,-100.0
16708,high,1,6.0,45.0,2.6,A,-100.0
16709,medium,1,10.0,6.0,9.2,A,11.3
16710,none,2,3.0,38.0,9.9,D,13.4
16711,medium,2,30.0,5.0,9.8,A,10.1
16712,medium,0,7.0,1.0,2.6,A,-100.0
16713,high,3,3.0,5.0,8.5,C,0.5
16714,high,3,12.0,5.0,6.4,B,-12.0
16715,low,1,11.0,32.0,2.1,C,-100.0
16716,low,0,11.0,4.0,1.4,A,-100.0
16717,medium,2,8.0,4.0,3.6,A,-100.0
16718,medium,0,8.0,9.0,9.2,B,14.0
16719,none,4,16.0,3.0,7.7,A,-5.3
16720,low,0,6.0,12.0,4.4,A,-11.8
16721,low,0,12.0,15.0,7.9,A,6.9
16722,low,1,25.0,1.0,3.4,A,-100.0
16723,high,2,11.0,10.0,8.6,A,2.8
16724,medium,0,9.0,50.0,8.7,A,11.5
16725,medium,3,11.0,27.0,1.2,A,-100.0
16726,medium,1,19.0,7.0,9.5,A,12.0
16727,low,1,15.0,20.0,6.1,A,-5.8
16728,low,1,19.0,1.0,1.2,A,-100.0
16729,medium,2,3.0,13.0,9.1,C,9.0
16730,medium,0,4.0,5.0,9.8,A,15.0
16731,low,2,6.0,16.0,9.9,A,13.5
16732,high,1,6.0,1.0,9.7,A,11.7
16733,high,1,12.0,18.0,2.2,A,-100.0
16734,high,0,9.0,26.0,2.0,A,-100.0
16735,medium,3,5.0,20.0,1.6,C,-100.0
16736,medium,1,8.0,3.0,5.1,B,-11.1
16737,high,1,10.0,12.0,7.8,A,1.0
16738,medium,0,7.0,30.0,4.9,C,-9.4
16739,medium,0,6.0,21.0,5.9,A,-3.8
16740,low,0,3.0,12.0,9.6,A,15.0
16741,low,2,10.0,50.0,2.6,A,-100.0
16742,high,1,12.0,27.0,9.4,D,9.7
16743,high,1,5.0,7.0,1.0,A,-100.0
16744,low,1,12.0,1.0,3.1,A,-100.0
16745,medium,1,18.0,2.0,1.5,A,-100.0
16746,medium,0,5.0,9.0,1.4,C,-100.0
16747,none,1,20.0,22.0,4.4,B,-16.2
16748,high,1,9.0,18.0,8.7,C,6.1
16749,low,2,4.0,8.0,2.6,A,-100.0
16750,low,2,7.0,45.0,9.3,A,10.4
16751,high,1,13.0,11.0,5.3,B,-13.1
16752,high,1,5.0,8.0,4.2,C,-18.3
16753,low,0,3.0,5.0,2.0,D,-100.0
16754,low,0,20.0,9.0,6.5,C,-1.7
16755,high,2,8.0,7.0,6.4,A,-9.1
16756,medium,5,8.0,13.0,9.0,D,0.4
16757,high,2,4.0,32.0,1.3,D,-100.0
16758,high,4,15.0,7.0,2.1,C,-100.0
16759,none,2,16.0,4.0,6.1,A,-9.1
16760,medium,1,8.0,3.0,9.4,B,12.5
16761,low,3,7.0,16.0,7.0,A,-5.1
16762,high,1,10.0,6.0,5.4,A,-12.3
16763,low,1,11.0,4.0,9.6,A,13.7
16764,none,1,,18.0,9.6,C,
16765,medium,1,11.0,1.0,4.2,A,-16.4
16766,medium,0,7.0,11.0,7.1,A,2.6
16767,high,2,14.0,18.0,3.0,A,-100.0
16768,high,0,3.0,0.0,8.9,C,10.1
16769,none,4,15.0,18.0,9.7,A,5.9
16770,medium,3,10.0,5.0,8.8,A,4.1
16771,low,4,14.0,28.0,6.9,A,-8.7
16772,low,0,9.0,4.0,3.2,A,-18.8
16773,low,3,5.0,3.0,9.6,A,9.3
16774,medium,0,11.0,5.0,4.6,A,-11.6
16775,low,1,16.0,8.0,5.1,C,-11.5
16776,medium,1,9.0,29.0,8.4,B,7.2
16777,none,0,7.0,4.0,9.4,A,14.9
16778,low,2,6.0,19.0,9.1,A,9.1
16779,low,3,6.0,2.0,8.8,A,4.8
16780,low,1,,9.0,1.2,C,
16781,low,0,10.0,4.0,8.3,A,9.2
16782,medium,3,20.0,2.0,2.8,A,-100.0
16783,medium,2,4.0,11.0,7.4,A,-0.5
16784,high,0,10.0,17.0,8.7,A,8.5
16785,low,2,4.0,11.0,9.0,A,8.7
16786,low,1,8.0,1.0,1.0,A,-100.0
16787,low,0,9.0,21.0,8.0,C,7.8
16788,low,2,7.0,11.0,8.5,A,5.6
16789,high,0,10.0,1.0,3.1,A,-100.0
16790,low,1,8.0,2.0,10.0,A,15.0
16791,medium,4,6.0,16.0,2.2,A,-100.0
16792,none,3,19.0,22.0,8.0,A,-1.3
16793,high,1,2.0,25.0,9.1,C,9.1
16794,medium,3,8.0,24.0,4.9,A,-17.0
16795,low,0,12.0,5.0,3.9,B,-15.2
16796,,0,8.0,6.0,9.2,B,13.7
16797,low,3,15.0,6.0,3.4,A,-100.0
16798,low,3,6.0,17.0,7.9,A,-0.0
16799,high,0,7.0,14.0,6.1,C,-5.5
16800,none,0,3.0,8.0,9.7,A,15.0
16801,none,2,1.0,10.0,9.6,A,11.7
16802,low,1,14.0,45.0,8.8,A,9.4
16803,medium,0,11.0,7.0,5.9,A,-4.5
16804,medium,0,4.0,25.0,6.1,A,-2.5
16805,high,4,8.0,20.0,8.2,A,-4.0
16806,low,2,9.0,27.0,7.8,A,1.7
16807,medium,3,19.0,35.0,7.3,A,-4.8
16808,low,4,5.0,35.0,5.4,A,-16.0
16809,low,1,7.0,1.0,9.0,A,10.8
16810,low,1,3.0,3.0,1.8,A,-100.0
16811,low,2,11.0,9.0,6.8,A,-4.1
16812,medium,1,4.0,20.0,8.9,A,10.3
16813,low,2,9.0,20.0,2.0,C,-100.0
16814,low,1,6.0,3.0,5.0,A,-11.1
16815,medium,0,13.0,20.0,3.9,A,-15.6
16816,high,1,2.0,1.0,5.3,A,-12.1
16817,high,0,12.0,15.0,5.9,A,-7.1
16818,none,2,4.0,2.0,5.3,D,-12.3
16819,high,3,24.0,6.0,8.6,A,-1.1
16820,medium,2,6.0,5.0,9.3,A,9.7
16821,low,1,11.0,10.0,3.0,A,-100.0
16822,high,0,6.0,8.0,9.2,A,11.6
16823,high,1,12.0,9.0,3.7,C,-100.0
16824,high,6,8.0,12.0,2.0,C,-100.0
16825,low,1,17.0,50.0,9.1,C,10.8
16826,low,2,4.0,1.0,9.5,A,11.3
16827,low,0,16.0,11.0,3.8,A,-16.1
16828,medium,1,16.0,3.0,9.9,D,14.5
16829,none,1,7.0,10.0,3.6,A,-19.4
16830,high,1,13.0,4.0,8.7,D,5.6
16831,none,0,5.0,0.0,6.8,C,0.8
16832,high,1,19.0,3.0,4.7,C,-17.0
16833,low,1,5.0,8.0,8.1,A,6.1
16834,none,1,8.0,3.0,5.1,A,-11.3
16835,low,2,13.0,5.0,5.6,D,-11.0
16836,low,4,34.0,1.0,8.9,B,0.0
16837,low,2,37.0,0.0,8.7,A,3.6
16838,high,2,17.0,4.0,1.2,C,-100.0
16839,high,1,8.0,9.0,9.9,B,12.7
16840,none,1,14.0,4.0,5.1,A,-11.9
16841,medium,2,2.0,6.0,,A,
16842,low,0,4.0,16.0,7.9,A,7.7
16843,none,1,2.0,10.0,7.0,A,-0.2
16844,high,0,19.0,37.0,9.2,A,10.5
16845,high,0,5.0,7.0,7.4,A,1.7
16846,medium,1,18.0,12.0,1.6,A,-100.0
16847,medium,2,6.0,7.0,3.8,A,-100.0
16848,high,1,6.0,7.0,7.1,A,-2.5
16849,none,0,10.0,3.0,9.4,A,14.6
16850,medium,1,5.0,0.0,5.9,C,-6.4
16851,high,1,8.0,12.0,2.1,B,-100.0
16852,medium,1,9.0,5.0,4.2,B,-16.2
16853,none,0,14.0,11.0,9.0,A,12.1
16854,,1,12.0,6.0,2.6,A,-100.0
16855,high,2,13.0,4.0,5.5,A,-14.5
16856,low,3,4.0,6.0,8.0,B,0.6
16857,low,1,8.0,11.0,1.6,B,-100.0
16858,none,1,5.0,0.0,2.3,A,-100.0
16859,none,3,7.0,22.0,1.9,A,-100.0
16860,medium,2,9.0,1.0,3.6,A,-100.0
16861,high,3,11.0,27.0,2.6,A,-100.0
16862,high,1,10.0,5.0,5.2,A,-13.4
16863,high,0,14.0,8.0,7.5,A,1.4
16864,none,0,16.0,3.0,9.1,A,12.3
16865,high,3,6.0,3.0,2.9,C,-100.0
16866,high,3,5.0,2.0,2.5,A,-100.0
16867,medium,1,11.0,0.0,8.2,A,5.6
16868,high,0,6.0,12.0,6.2,A,-4.9
16869,medium,2,11.0,11.0,6.1,A,-8.3
16870,high,0,2.0,25.0,9.8,B,15.0
16871,high,2,7.0,9.0,4.3,A,-100.0
16872,medium,3,24.0,27.0,8.2,A,-0.4
16873,low,1,18.0,26.0,4.4,A,-15.4
16874,low,0,8.0,18.0,3.5,A,-16.9
16875,none,6,11.0,1.0,9.7,A,1.1
16876,high,1,3.0,18.0,8.5,A,5.6
16877,medium,1,9.0,7.0,9.4,A,12.5
16878,none,2,18.0,10.0,7.2,A,-3.2
16879,medium,2,9.0,13.0,3.0,A,-100.0
16880,medium,2,10.0,3.0,5.9,A,-9.4
16881,low,2,8.0,12.0,5.5,A,-10.9
16882,high,1,4.0,33.0,1.0,A,-100.0
16883,medium,1,20.0,18.0,3.0,C,-100.0
16884,none,0,20.0,13.0,9.6,A,14.8
16885,none,2,27.0,0.0,3.8,C,-100.0
16886,low,1,17.0,8.0,1.7,C,-100.0
16887,high,1,4.0,12.0,8.8,A,7.1
16888,medium,2,7.0,34.0,1.9,A,-100.0
16889,medium,2,13.0,25.0,2.2,A,-100.0
16890,low,1,13.0,8.0,1.4,C,-100.0
16891,medium,0,,12.0,6.0,C,
16892,high,3,1.0,1.0,1.5,A,-100.0
16893,medium,0,13.0,4.0,8.3,A,8.5
16894,low,1,3.0,8.0,9.4,A,13.5
16895,high,0,4.0,4.0,9.3,A,12.3
16896,low,2,32.0,6.0,9.1,A,6.4
16897,high,1,9.0,20.0,3.1,C,-100.0
16898,none,1,1.0,16.0,9.4,A,13.1
16899,none,0,3.0,16.0,9.2,C,14.3
16900,low,2,3.0,4.0,7.6,A,1.0
16901,none,3,28.0,6.0,9.7,C,7.0
16902,medium,5,7.0,1.0,9.0,B,0.4
16903,medium,1,12.0,38.0,7.3,A,0.9
16904,medium,0,28.0,0.0,5.1,A,-10.7
16905,high,2,7.0,19.0,1.6,A,-100.0
16906,high,3,7.0,15.0,4.1,B,-100.0
16907,low,2,4.0,39.0,2.7,A,-100.0
16908,none,5,17.0,5.0,2.1,A,-100.0
16909,low,5,17.0,2.0,1.9,A,-100.0
16910,medium,1,26.0,1.0,1.4,C,-100.0
16911,high,0,10.0,24.0,8.8,A,9.1
16912,high,0,33.0,3.0,3.2,C,-100.0
16913,high,1,10.0,6.0,6.0,B,-9.0
16914,high,3,12.0,4.0,3.1,A,-100.0
16915,high,2,1.0,24.0,9.7,C,10.0
16916,none,1,4.0,15.0,9.2,A,11.7
16917,high,2,15.0,2.0,6.7,A,-8.2
16918,medium,4,8.0,11.0,3.2,A,-100.0
16919,high,0,30.0,32.0,8.2,A,3.9
16920,low,1,8.0,8.0,4.4,A,
16921,low,4,10.0,1.0,2.5,B,-100.0
16922,medium,0,16.0,15.0,4.6,A,-12.1
16923,high,1,20.0,19.0,5.5,B,-12.6
16924,none,1,9.0,4.0,3.9,A,-18.0
16925,high,3,1.0,3.0,,C,
16926,medium,2,4.0,9.0,4.9,A,-14.3
16927,high,4,3.0,5.0,3.6,B,-100.0
16928,low,1,9.0,2.0,5.5,A,-8.7
16929,high,1,9.0,18.0,2.5,D,-100.0
16930,low,2,10.0,9.0,9.0,A,8.1
16931,medium,1,13.0,14.0,8.8,A,8.8
16932,low,1,4.0,7.0,7.0,C,0.1
16933,high,0,7.0,23.0,2.6,A,-100.0
16934,low,1,7.0,7.0,9.2,A,11.9
16935,low,1,10.0,38.0,1.3,A,-100.0
16936,,0,5.0,22.0,5.1,A,-8.3
16937,none,0,5.0,13.0,1.1,A,-100.0
16938,medium,3,14.0,0.0,2.0,A,-100.0
16939,medium,1,,7.0,1.7,C,
16940,medium,0,2.0,9.0,8.3,A,9.6
16941,,2,7.0,6.0,6.9,A,-3.8
16942,medium,1,10.0,15.0,4.2,A,-16.1
16943,medium,3,8.0,22.0,3.4,D,-100.0
16944,none,1,8.0,9.0,9.6,A,13.5
16945,none,2,3.0,50.0,9.7,A,12.4
16946,none,1,13.0,7.0,9.3,D,11.3
16947,high,2,10.0,1.0,7.6,B,-2.7
16948,low,1,23.0,1.0,3.3,A,-100.0
16949,high,2,9.0,8.0,3.0,A,-100.0
16950,medium,3,7.0,7.0,9.8,B,9.9
16951,none,1,0.0,7.0,6.3,A,-3.9
16952,none,2,5.0,1.0,8.1,B,2.9
16953,high,1,6.0,0.0,8.1,A,2.9
16954,low,1,8.0,22.0,3.3,A,-100.0
16955,medium,1,24.0,1.0,8.8,C,7.6
16956,low,2,13.0,2.0,2.8,A,-100.0
16957,high,3,5.0,0.0,5.5,B,-16.3
16958,none,2,8.0,23.0,7.3,A,-1.5
16959,medium,0,7.0,5.0,8.1,A,8.0
16960,high,3,12.0,25.0,8.5,A,-0.2
16961,high,4,2.0,1.0,,D,
16962,none,2,3.0,28.0,8.2,C,4.0
16963,none,1,18.0,24.0,9.4,C,11.5
16964,medium,1,6.0,0.0,1.9,A,-100.0
16965,high,1,7.0,18.0,9.7,C,11.8
16966,low,1,9.0,9.0,5.6,A,-8.0
16967,high,2,13.0,24.0,9.3,A,6.6
16968,medium,3,19.0,1.0,9.5,B,7.0
16969,medium,3,4.0,4.0,8.2,C,1.3
16970,high,0,3.0,14.0,1.1,C,-100.0
16971,high,1,7.0,19.0,1.3,A,-100.0
16972,medium,2,3.0,26.0,1.5,C,-100.0
16973,high,2,10.0,23.0,4.6,A,-19.0
16974,high,1,4.0,1.0,4.4,A,-17.2
16975,,3,16.0,29.0,6.2,B,-10.8
16976,medium,1,4.0,10.0,2.3,A,-100.0
16977,high,0,3.0,8.0,9.7,C,14.6
16978,none,0,16.0,7.0,1.9,C,-100.0
16979,low,0,5.0,1.0,8.6,A,11.3
16980,high,2,7.0,34.0,8.3,C,1.8
16981,low,0,6.0,15.0,7.1,A,3.1
16982,medium,0,11.0,9.0,9.9,D,15.0
16983,low,1,5.0,19.0,9.7,A,15.0
16984,none,1,7.0,1.0,9.7,A,14.0
16985,medium,1,8.0,2.0,1.7,A,-100.0
16986,low,0,24.0,6.0,8.7,A,10.0
16987,low,1,5.0,3.0,8.5,A,8.3
16988,medium,1,11.0,7.0,4.4,A,-15.2
16989,high,3,3.0,7.0,8.4,C,-0.1
16990,high,0,19.0,15.0,9.4,A,11.4
16991,low,1,3.0,20.0,2.2,B,-100.0
16992,none,4,8.0,13.0,8.2,D,-1.7
16993,low,1,2.0,24.0,3.9,A,-16.5
16994,low,4,14.0,5.0,2.4,B,-100.0
16995,low,0,14.0,14.0,9.5,A,15.0
16996,high,0,28.0,26.0,3.9,A,-19.6
16997,low,1,12.0,1.0,6.6,A,-2.9
16998,high,1,12.0,6.0,3.2,B,-100.0
16999,none,0,14.0,16.0,2.6,A,-100.0
17000,low,2,14.0,13.0,6.8,A,-4.4
17001,low,1,23.0,1.0,2.7,A,-100.0
17002,none,0,2.0,3.0,9.0,A,13.2
17003,high,2,9.0,2.0,9.3,C,6.7
17004,high,0,19.0,50.0,9.0,A,9.6
17005,high,1,3.0,5.0,7.2,A,-1.7
17006,none,0,7.0,1.0,2.1,A,-100.0
17007,low,1,36.0,18.0,9.3,A,9.7
17008,medium,0,10.0,4.0,9.5,A,15.0
17009,high,1,24.0,1.0,9.9,A,11.0
17010,high,4,3.0,3.0,8.8,A,-0.4
17011,medium,1,19.0,33.0,7.5,A,1.3
17012,medium,1,12.0,7.0,4.1,A,-17.0
17013,none,1,13.0,0.0,3.5,D,-100.0
17014,low,0,40.0,10.0,3.3,A,-100.0
17015,low,2,17.0,20.0,2.2,A,-100.0
17016,high,2,32.0,15.0,5.7,A,-15.2
17017,medium,2,12.0,0.0,2.6,C,-100.0
17018,none,0,3.0,15.0,8.4,C,9.9
17019,high,1,16.0,9.0,4.1,A,-20.0
17020,medium,1,2.0,27.0,5.2,A,-9.7
17021,none,0,7.0,4.0,5.7,A,-5.4
17022,none,0,6.0,13.0,8.6,A,10.7
17023,medium,0,16.0,2.0,9.8,A,15.0
17024,high,2,17.0,6.0,3.9,C,-100.0
17025,low,2,4.0,1.0,2.9,D,-100.0
17026,low,0,5.0,6.0,9.9,B,15.0
17027,low,1,10.0,2.0,9.1,A,11.0
17028,high,0,8.0,1.0,7.1,A,-0.3
17029,high,1,13.0,18.0,9.4,B,9.5
17030,high,4,16.0,18.0,2.8,B,-100.0
17031,none,2,9.0,11.0,8.4,A,4.3
17032,high,3,10.0,3.0,8.8,A,1.4
17033,medium,2,26.0,28.0,7.8,A,-0.3
17034,high,2,5.0,15.0,9.2,A,6.7
17035,medium,0,11.0,2.0,8.3,D,8.7
17036,high,1,4.0,10.0,9.5,A,10.9
17037,high,2,17.0,22.0,9.3,C,6.2
17038,low,2,5.0,42.0,5.0,A,-13.1
17039,,2,6.0,5.0,9.7,C,11.7
17040,low,2,25.0,2.0,2.2,A,-100.0
17041,none,1,10.0,3.0,7.6,A,2.2
17042,medium,0,14.0,8.0,8.2,A,7.9
17043,low,0,5.0,13.0,8.5,C,10.9
17044,medium,1,8.0,5.0,8.4,A,7.1
17045,high,1,25.0,0.0,7.2,B,-3.9
17046,high,4,6.0,6.0,7.6,A,-7.3
17047,low,1,12.0,32.0,6.0,B,-5.9
17048,high,4,10.0,18.0,2.3,A,-100.0
17049,low,2,17.0,17.0,8.5,C,4.7
17050,,1,10.0,42.0,8.0,A,4.8
17051,high,1,6.0,2.0,1.6,A,-100.0
17052,medium,1,19.0,3.0,8.4,A,5.9
17053,medium,6,7.0,4.0,3.3,C,-100.0
17054,high,0,6.0,9.0,1.7,A,-100.0
17055,medium,2,13.0,3.0,9.3,A,9.0
17056,high,0,3.0,3.0,5.3,A,-9.6
17057,high,2,9.0,0.0,1.3,A,-100.0
17058,low,1,18.0,2.0,9.0,C,9.7
17059,low,1,14.0,31.0,3.2,B,-100.0
17060,low,0,8.0,6.0,7.7,A,6.1
17061,high,4,7.0,26.0,9.9,A,5.5
17062,low,1,8.0,13.0,6.7,A,-1.8
17063,none,0,8.0,1.0,2.4,A,-100.0
17064,low,1,17.0,31.0,1.6,C,-100.0
17065,low,2,5.0,2.0,6.5,C,-5.2
17066,low,1,16.0,2.0,1.3,D,-100.0
17067,low,3,7.0,42.0,6.4,D,-8.1
17068,low,3,8.0,3.0,8.5,A,3.0
17069,none,2,15.0,4.0,7.1,A,-3.5
17070,medium,2,12.0,3.0,5.3,A,-12.9
17071,low,1,16.0,3.0,1.5,A,-100.0
17072,high,1,17.0,49.0,8.7,C,5.6
17073,medium,2,2.0,10.0,9.2,A,9.6
17074,low,5,16.0,0.0,9.7,C,3.7
17075,none,0,26.0,2.0,8.1,C,5.8
17076,none,3,4.0,3.0,5.2,A,-15.4
17077,,3,3.0,16.0,6.2,C,-9.7
17078,none,4,9.0,0.0,2.7,A,-100.0
17079,low,1,11.0,7.0,9.0,A,10.5
17080,medium,2,5.0,16.0,8.6,A,6.1
17081,high,0,7.0,26.0,8.5,A,7.8
17082,high,1,8.0,5.0,2.5,C,-100.0
17083,low,0,2.0,12.0,2.8,A,-100.0
17084,medium,1,6.0,4.0,9.2,C,11.6
17085,low,0,6.0,13.0,8.7,A,11.9
17086,high,1,10.0,3.0,2.9,C,-100.0
17087,high,2,11.0,3.0,9.8,C,9.3
17088,medium,1,20.0,8.0,4.9,A,-13.4
17089,low,3,4.0,11.0,5.2,C,-14.7
17090,medium,1,14.0,1.0,8.8,A,8.6
17091,medium,2,14.0,4.0,8.8,A,6.1
17092,low,1,7.0,34.0,1.6,A,-100.0
17093,none,2,16.0,17.0,5.8,D,-10.7
17094,low,3,9.0,10.0,4.8,A,-17.4
17095,high,4,17.0,6.0,4.1,A,-100.0
17096,low,1,8.0,5.0,9.3,C,12.4
17097,none,3,15.0,17.0,9.0,D,4.5
17098,none,1,9.0,5.0,9.7,A,13.9
17099,high,0,24.0,11.0,6.7,A,-4.0
17100,,1,8.0,8.0,9.1,A,10.7
17101,medium,3,10.0,22.0,9.9,C,10.3
17102,high,1,14.0,0.0,8.9,B,6.5
17103,medium,4,4.0,1.0,6.7,A,-9.4
17104,medium,0,5.0,1.0,3.4,A,-17.7
17105,high,1,4.0,32.0,8.3,A,4.5
17106,none,4,14.0,3.0,7.6,D,-5.7
17107,none,0,24.0,10.0,3.8,A,-17.5
17108,medium,0,6.0,7.0,6.9,C,1.5
17109,high,2,21.0,13.0,3.6,C,-100.0
17110,none,2,11.0,9.0,1.7,A,-100.0
17111,low,1,4.0,10.0,9.8,A,15.0
17112,none,3,29.0,35.0,1.8,A,-100.0
17113,low,4,6.0,15.0,8.7,C,1.9
17114,medium,0,4.0,1.0,9.0,B,13.2
17115,medium,1,6.0,2.0,8.2,A,6.1
17116,high,3,9.0,2.0,9.2,D,3.7
17117,low,1,8.0,11.0,5.0,A,-11.2
17118,medium,1,7.0,20.0,9.2,A,11.7
17119,none,0,7.0,28.0,4.4,A,-12.4
17120,medium,2,9.0,12.0,8.2,A,3.4
17121,low,1,20.0,23.0,8.9,A,9.1
17122,low,4,3.0,21.0,8.9,B,3.3
17123,medium,3,3.0,4.0,8.7,B,4.2
17124,medium,1,20.0,10.0,9.8,C,13.6
17125,medium,3,22.0,3.0,8.9,C,3.4
17126,high,2,5.0,28.0,5.3,A,-14.6
17127,none,1,15.0,1.0,5.8,C,-8.2
17128,none,0,25.0,6.0,9.0,A,10.9
17129,low,1,11.0,4.0,2.9,A,-100.0
17130,medium,2,8.0,6.0,6.5,A,-5.9
17131,low,2,10.0,7.0,8.7,A,6.4
17132,,4,13.0,14.0,8.5,C,-0.5
17133,high,0,15.0,12.0,8.8,A,8.5
17134,medium,1,7.0,13.0,2.8,A,-100.0
17135,medium,2,11.0,19.0,8.9,A,7.1
17136,high,2,5.0,1.0,2.0,A,-100.0
17137,none,2,0.0,26.0,7.7,D,1.5
17138,low,2,10.0,3.0,9.1,A,8.6
17139,high,3,9.0,0.0,3.5,D,-100.0
17140,high,4,6.0,3.0,2.5,A,-100.0
17141,none,0,3.0,14.0,9.6,A,15.0
17142,low,1,4.0,9.0,6.0,A,-5.3
17143,medium,0,6.0,4.0,8.3,C,9.2
17144,high,0,25.0,31.0,5.1,C,-12.7
17145,low,2,5.0,1.0,3.5,A,-100.0
17146,high,1,8.0,5.0,4.5,A,-17.0
17147,none,4,5.0,22.0,3.1,B,-100.0
17148,high,0,12.0,1.0,3.5,B,-100.0
17149,high,3,6.0,42.0,2.3,A,-100.0
17150,medium,3,3.0,2.0,8.9,A,5.3
17151,none,2,13.0,50.0,5.8,A,-10.0
17152,low,1,13.0,24.0,5.6,A,-8.3
17153,none,0,9.0,16.0,5.7,A,-5.5
17154,high,1,11.0,2.0,7.1,B,-3.1
17155,high,1,15.0,4.0,9.8,A,11.4
17156,none,1,11.0,2.0,2.8,C,-100.0
17157,low,0,19.0,19.0,9.4,A,14.5
17158,low,3,11.0,2.0,2.4,A,-100.0
17159,medium,0,8.0,42.0,7.7,A,6.1
17160,medium,1,5.0,2.0,2.6,C,-100.0
17161,low,3,20.0,25.0,8.9,C,4.2
17162,high,4,6.0,13.0,2.8,A,-100.0
17163,medium,1,20.0,0.0,8.1,A,4.2
17164,medium,0,7.0,2.0,2.6,C,-100.0
17165,medium,2,8.0,19.0,8.2,A,3.6
17166,low,4,4.0,22.0,3.7,B,-100.0
17167,none,1,18.0,2.0,9.5,A,11.8
17168,medium,1,11.0,5.0,9.4,A,12.3
17169,low,2,14.0,15.0,10.0,C,13.2
17170,high,0,1.0,37.0,9.8,C,15.0
17171,high,1,23.0,17.0,7.5,A,-1.9
17172,low,2,21.0,3.0,4.1,A,-100.0
17173,medium,2,18.0,5.0,8.2,A,2.5
17174,high,0,32.0,5.0,9.4,B,10.0
17175,,1,12.0,8.0,9.5,A,12.5
17176,low,4,4.0,3.0,6.3,B,-11.2
17177,low,4,9.0,4.0,5.7,C,-15.0
17178,high,2,5.0,2.0,8.4,A,2.2
17179,none,1,1.0,15.0,7.8,A,4.3
17180,high,0,2.0,50.0,1.9,A,-100.0
17181,high,2,4.0,16.0,9.2,A,6.8
17182,low,1,4.0,7.0,9.0,A,11.1
17183,none,2,1.0,3.0,6.7,A,-4.4
17184,low,2,21.0,6.0,8.1,C,2.0
17185,none,2,9.0,3.0,9.7,A,11.4
17186,high,3,10.0,14.0,5.5,A,-16.6
17187,high,1,5.0,3.0,4.9,A,-14.6
17188,none,4,10.0,11.0,2.8,B,-100.0
17189,low,4,7.0,1.0,8.5,C,0.5
17190,low,2,1.0,2.0,2.6,A,-100.0
17191,low,0,3.0,6.0,9.1,C,14.3
17192,low,2,14.0,10.0,9.5,B,10.4
17193,high,0,24.0,11.0,9.2,A,9.8
17194,medium,1,6.0,5.0,9.5,A,13.3
17195,medium,0,3.0,22.0,8.4,A,10.2
17196,high,3,15.0,1.0,8.2,A,-2.4
17197,none,1,18.0,7.0,9.6,A,12.4
17198,none,2,20.0,2.0,8.6,A,4.2
17199,low,5,9.0,25.0,6.7,A,-11.8
17200,none,3,7.0,50.0,6.3,C,-9.2
17201,low,3,13.0,19.0,1.2,C,-100.0
17202,high,3,5.0,3.0,8.4,A,-0.3
17203,high,1,10.0,10.0,2.8,A,-100.0
17204,high,3,1.0,5.0,4.5,C,-100.0
17205,high,2,28.0,21.0,6.1,A,-12.6
17206,high,1,4.0,23.0,5.6,A,-10.4
17207,low,2,6.0,11.0,4.6,A,-15.7
17208,none,0,0.0,0.0,9.2,A,14.5
17209,low,2,12.0,1.0,8.8,A,6.7
17210,low,1,12.0,48.0,4.6,A,-13.4
17211,high,1,14.0,17.0,9.9,A,12.2
17212,high,0,11.0,14.0,1.7,A,-100.0
17213,low,1,1.0,10.0,8.6,C,9.3
17214,low,2,11.0,4.0,1.5,A,-100.0
17215,medium,0,11.0,3.0,5.8,C,-5.1
17216,high,0,4.0,21.0,1.4,A,-100.0
17217,medium,2,29.0,4.0,9.1,A,6.3
17218,none,0,10.0,1.0,3.1,A,-100.0
17219,none,1,16.0,5.0,1.7,A,-100.0
17220,high,2,11.0,25.0,2.7,C,-100.0
17221,none,0,8.0,23.0,5.3,B,-7.6
17222,none,2,7.0,5.0,8.8,A,6.6
17223,high,0,2.0,10.0,1.7,D,-100.0
17224,low,2,4.0,6.0,4.8,A,-14.5
17225,high,0,4.0,14.0,3.7,A,-18.4
17226,medium,1,12.0,21.0,4.3,A,-15.7
17227,low,0,3.0,7.0,7.1,B,3.3
17228,high,2,3.0,15.0,4.3,A,-100.0
17229,medium,2,12.0,8.0,9.8,A,11.9
17230,high,1,26.0,28.0,1.1,A,-100.0
17231,high,1,4.0,20.0,9.4,A,10.5
17232,none,2,6.0,8.0,9.0,A,7.9
17233,medium,0,13.0,1.0,9.3,A,14.0
17234,medium,5,10.0,0.0,9.2,C,1.2
17235,high,2,4.0,0.0,9.6,A,8.9
17236,low,1,6.0,15.0,1.2,A,-100.0
17237,medium,1,9.0,8.0,1.5,A,-100.0
17238,,1,8.0,32.0,3.6,A,-19.3
17239,medium,0,,22.0,2.0,C,
17240,medium,3,3.0,3.0,1.1,A,-100.0
17241,high,3,3.0,50.0,6.5,A,-10.1
17242,low,2,4.0,5.0,2.4,A,-100.0
17243,none,0,1.0,18.0,5.4,A,-6.3
17244,medium,1,5.0,5.0,8.2,C,6.2
17245,medium,3,4.0,6.0,4.5,C,-19.0
17246,high,2,9.0,20.0,3.1,A,-100.0
17247,high,2,12.0,14.0,2.2,B,-100.0
17248,low,1,17.0,2.0,1.5,A,-100.0
17249,medium,2,8.0,0.0,1.6,A,-100.0
17250,low,1,17.0,8.0,8.0,C,4.4
17251,medium,2,5.0,25.0,7.6,A,0.6
17252,none,1,3.0,9.0,9.5,A,13.4
17253,high,0,14.0,2.0,3.2,C,-100.0
17254,,1,19.0,2.0,6.9,B,-2.5
17255,high,1,6.0,9.0,9.5,A,10.7
17256,low,1,17.0,25.0,5.9,A,-7.0
17257,medium,1,7.0,15.0,3.3,A,-100.0
17258,low,1,11.0,12.0,8.5,B,7.7
17259,none,0,7.0,27.0,2.0,A,-100.0
17260,none,1,12.0,6.0,6.3,A,-5.1
17261,low,2,2.0,2.0,3.2,C,-100.0
17262,none,1,4.0,13.0,1.0,A,-100.0
17263,none,1,2.0,21.0,8.8,C,9.8
17264,medium,2,10.0,9.0,2.5,A,-100.0
17265,medium,1,10.0,2.0,8.0,A,4.6
17266,low,2,5.0,3.0,9.5,A,11.3
17267,low,5,12.0,3.0,9.4,B,2.5
17268,high,0,11.0,8.0,3.8,A,-18.7
17269,high,2,10.0,42.0,7.5,A,-2.9
17270,high,1,10.0,0.0,1.6,C,-100.0
17271,none,2,4.0,35.0,1.4,C,-100.0
17272,low,0,8.0,21.0,4.8,A,-9.7
17273,none,1,13.0,1.0,4.2,A,-16.8
17274,low,1,4.0,18.0,8.8,A,10.1
17275,none,0,22.0,1.0,3.3,C,-100.0
17276,high,0,4.0,3.0,4.0,C,-16.9
17277,medium,3,9.0,4.0,9.4,A,7.4
17278,high,1,15.0,17.0,8.7,A,5.5
17279,high,1,13.0,14.0,2.1,A,-100.0
17280,medium,0,10.0,8.0,8.1,A,7.7
17281,medium,2,8.0,1.0,3.2,A,-100.0
17282,medium,1,13.0,2.0,8.2,B,5.4
17283,none,1,13.0,0.0,5.6,C,-9.1
17284,none,1,6.0,17.0,1.8,A,-100.0
17285,high,2,3.0,8.0,8.1,A,0.8
17286,high,0,21.0,3.0,4.9,A,-13.6
17287,low,0,6.0,19.0,1.6,C,-100.0
17288,low,1,1.0,31.0,1.9,C,-100.0
17289,none,0,2.0,12.0,5.3,B,-7.1
17290,medium,0,3.0,6.0,6.6,A,0.2
17291,medium,2,2.0,25.0,1.4,A,-100.0
17292,high,2,17.0,24.0,9.5,A,7.3
17293,medium,1,4.0,1.0,1.6,C,-100.0
17294,high,0,3.0,7.0,1.7,B,-100.0
17295,low,3,8.0,1.0,9.0,A,5.7
17296,medium,2,1.0,47.0,3.6,A,-100.0
17297,medium,1,10.0,5.0,9.7,A,14.0
17298,high,0,0.0,22.0,5.0,B,-10.8
17299,high,1,10.0,11.0,1.8,A,-100.0
17300,high,4,16.0,8.0,5.3,A,-100.0
17301,low,2,12.0,8.0,9.5,A,10.6
17302,low,1,4.0,24.0,9.8,A,15.0
17303,medium,1,12.0,14.0,9.7,A,13.9
17304,low,1,10.0,21.0,6.2,A,-4.7
17305,low,0,19.0,22.0,9.4,A,14.5
17306,none,2,16.0,9.0,2.5,D,-100.0
17307,high,3,12.0,6.0,6.6,C,-10.9
17308,low,0,12.0,14.0,7.3,A,3.6
17309,low,2,5.0,1.0,2.5,C,-100.0
17310,none,1,4.0,6.0,8.2,A,6.1
17311,none,2,6.0,26.0,3.5,A,-100.0
17312,medium,0,4.0,2.0,6.1,B,-2.7
17313,low,1,7.0,1.0,6.8,A,-1.3
17314,low,0,6.0,1.0,6.9,B,1.8
17315,none,0,3.0,1.0,8.1,A,8.1
17316,none,1,15.0,10.0,4.4,A,-15.8
17317,low,2,3.0,14.0,3.9,C,-19.2
17318,high,1,6.0,26.0,9.6,A,11.4
17319,medium,1,4.0,27.0,1.5,B,-100.0
17320,medium,1,11.0,3.0,1.9,B,-100.0
17321,none,1,22.0,6.0,9.5,B,11.5
17322,low,0,3.0,21.0,8.7,A,12.2
17323,medium,0,16.0,11.0,5.0,A,-9.9
17324,high,0,8.0,8.0,4.4,D,-15.0
17325,high,0,5.0,26.0,2.1,A,-100.0
17326,none,0,1.0,17.0,3.2,A,-18.4
17327,medium,4,7.0,0.0,3.3,A,-100.0
17328,medium,0,22.0,34.0,8.5,A,9.0
17329,medium,1,13.0,1.0,3.3,A,-100.0
17330,none,1,16.0,6.0,3.7,A,-19.8
17331,high,0,3.0,0.0,9.9,C,15.0
17332,none,0,5.0,33.0,1.2,A,-100.0
17333,low,0,9.0,9.0,2.5,A,-100.0
17334,high,2,14.0,8.0,6.2,A,-10.7
17335,,1,6.0,12.0,7.6,A,2.7
17336,none,1,11.0,3.0,2.5,C,-100.0
17337,high,5,16.0,21.0,9.9,A,
17338,low,3,4.0,10.0,7.5,A,-2.1
17339,none,3,4.0,12.0,1.9,A,-100.0
17340,low,2,11.0,16.0,3.0,A,-100.0
17341,low,2,23.0,9.0,6.6,A,-6.4
17342,low,4,6.0,2.0,4.4,A,-100.0
17343,high,2,1.0,18.0,6.4,A,-8.2
17344,medium,1,22.0,13.0,9.7,A,12.9
17345,low,1,2.0,19.0,8.0,A,6.0
17346,low,2,18.0,23.0,9.7,B,11.3
17347,medium,1,6.0,0.0,8.3,A,6.6
17348,high,4,4.0,12.0,2.8,A,-100.0
17349,none,1,3.0,16.0,6.4,A,-3.6
17350,none,0,16.0,2.0,3.2,B,-100.0
17351,medium,0,5.0,38.0,5.5,B,-5.8
17352,high,0,15.0,12.0,9.1,C,10.1
17353,low,3,3.0,5.0,8.8,A,5.1
17354,medium,2,15.0,0.0,9.1,A,7.6
17355,low,0,12.0,2.0,8.2,A,8.4
17356,none,4,27.0,2.0,5.7,B,-17.5
17357,low,4,29.0,4.0,7.8,B,-5.5
17358,high,0,5.0,16.0,6.7,A,-2.0
17359,high,0,4.0,3.0,3.6,A,-19.1
17360,none,1,12.0,13.0,6.9,C,-1.7
17361,high,1,21.0,22.0,2.6,C,-100.0
17362,medium,2,29.0,7.0,8.5,C,3.0
17363,high,2,1.0,48.0,1.5,C,-100.0
17364,low,0,17.0,6.0,7.0,A,1.3
17365,medium,2,10.0,12.0,1.9,A,-100.0
17366,none,1,4.0,16.0,9.1,A,11.2
17367,none,1,15.0,18.0,9.5,A,12.3
17368,low,0,1.0,23.0,2.1,A,-100.0
17369,medium,2,8.0,11.0,9.0,C,7.9
17370,high,0,3.0,20.0,9.1,A,11.4
17371,,2,2.0,14.0,3.4,A,-100.0
17372,high,2,4.0,15.0,8.1,C,0.8
17373,medium,1,3.0,35.0,9.3,A,12.8
17374,,3,5.0,16.0,7.7,A,-1.6
17375,none,2,33.0,7.0,9.0,A,5.1
17376,high,4,8.0,6.0,6.1,A,-15.7
17377,none,1,22.0,6.0,8.7,D,7.1
17378,high,2,16.0,11.0,8.8,C,3.4
17379,medium,2,19.0,1.0,8.4,A,3.4
17380,medium,0,12.0,50.0,7.8,D,6.3
17381,high,2,24.0,2.0,1.8,A,-100.0
17382,medium,2,5.0,26.0,9.4,A,10.6
17383,low,3,15.0,22.0,9.3,A,6.8
17384,high,1,16.0,2.0,6.4,A,-7.4
17385,low,1,2.0,1.0,2.4,A,-100.0
17386,low,2,13.0,0.0,8.8,A,6.6
17387,medium,1,13.0,3.0,6.3,A,-5.0
17388,low,1,4.0,5.0,2.6,A,-100.0
17389,high,1,2.0,2.0,8.4,A,5.0
17390,medium,2,5.0,0.0,3.3,A,-100.0
17391,medium,1,12.0,1.0,6.9,C,-1.6
17392,low,0,4.0,16.0,8.1,A,8.8
17393,medium,0,4.0,14.0,8.8,B,12.2
17394,low,2,9.0,16.0,9.6,A,11.5
17395,low,3,19.0,5.0,9.2,A,5.7
17396,medium,1,21.0,6.0,9.4,C,11.3
17397,low,0,7.0,25.0,9.6,A,15.0
17398,low,3,4.0,7.0,5.4,A,-13.7
17399,high,1,3.0,7.0,1.3,C,-100.0
17400,low,1,17.0,1.0,1.6,A,-100.0
17401,medium,2,12.0,2.0,9.8,A,11.8
17402,high,1,8.0,3.0,1.5,D,-100.0
17403,low,2,27.0,3.0,9.1,A,6.9
17404,low,2,18.0,4.0,6.6,A,-6.0
17405,medium,0,29.0,22.0,9.9,A,15.0
17406,medium,2,9.0,4.0,8.7,B,6.1
17407,none,2,13.0,8.0,7.8,A,0.6
17408,medium,4,11.0,8.0,2.5,A,-100.0
17409,low,0,6.0,3.0,3.7,B,-15.7
17410,medium,1,16.0,8.0,9.5,A,12.3
17411,none,2,11.0,12.0,7.7,A,0.2
17412,medium,1,7.0,3.0,8.4,A,7.1
17413,low,0,8.0,18.0,8.2,A,8.9
17414,high,1,6.0,12.0,9.7,C,11.8
17415,none,0,22.0,22.0,10.0,C,15.0
17416,low,1,4.0,9.0,3.1,C,-100.0
17417,medium,0,21.0,25.0,9.6,A,15.0
17418,medium,1,5.0,6.0,2.3,A,-100.0
17419,high,3,9.0,0.0,6.8,A,-9.5
17420,high,2,,11.0,9.8,C,
17421,none,2,8.0,10.0,8.6,A,5.5
17422,medium,3,8.0,15.0,8.0,A,-0.0
17423,high,4,3.0,0.0,2.0,C,-100.0
17424,low,2,4.0,24.0,2.6,A,-100.0
17425,high,1,9.0,50.0,5.4,B,-11.7
17426,high,1,13.0,15.0,3.7,A,-100.0
17427,medium,1,1.0,2.0,3.5,A,-19.2
17428,low,1,13.0,1.0,6.1,A,-5.8
17429,low,1,4.0,6.0,3.8,A,-17.5
17430,high,2,14.0,11.0,1.8,C,-100.0
17431,high,1,8.0,10.0,9.5,A,10.5
17432,medium,2,3.0,1.0,8.4,A,5.0
17433,low,3,3.0,1.0,5.4,B,-13.6
17434,high,4,10.0,3.0,9.6,C,3.3
17435,medium,3,1.0,5.0,2.6,B,-100.0
17436,low,0,11.0,9.0,2.0,A,-100.0
17437,medium,0,8.0,4.0,7.3,A,3.5
17438,high,0,8.0,39.0,8.4,A,7.3
17439,low,0,20.0,45.0,6.1,A,-3.5
17440,low,1,31.0,3.0,3.9,C,-19.6
17441,medium,0,13.0,4.0,8.4,A,9.0
17442,high,0,23.0,8.0,7.7,A,1.6
17443,medium,0,5.0,14.0,9.7,A,15.0
17444,none,1,7.0,19.0,1.1,A,-100.0
17445,none,1,11.0,8.0,8.0,A,4.4
17446,high,1,7.0,8.0,3.2,D,-100.0
17447,none,1,5.0,41.0,3.7,A,-18.4
17448,medium,1,7.0,1.0,5.4,A,-9.4
17449,high,1,8.0,7.0,6.4,A,-6.6
17450,medium,1,6.0,12.0,9.0,C,10.6
17451,high,3,5.0,3.0,8.6,C,0.8
17452,high,0,11.0,2.0,3.4,A,-100.0
17453,low,1,0.0,28.0,3.2,A,-100.0
17454,high,0,3.0,7.0,9.8,C,15.0
17455,low,0,1.0,2.0,9.9,A,15.0
17456,none,1,8.0,6.0,4.4,A,-15.2
17457,high,0,6.0,3.0,8.1,A,5.4
17458,none,2,15.0,26.0,3.3,A,-100.0
17459,low,1,5.0,16.0,1.0,A,-100.0
17460,medium,1,11.0,18.0,7.2,C,0.3
17461,none,2,5.0,3.0,9.4,A,10.1
17462,low,0,20.0,11.0,5.9,D,-5.0
17463,none,2,10.0,33.0,1.3,A,-100.0
17464,none,2,4.0,20.0,2.6,A,-100.0
17465,high,5,17.0,7.0,8.5,C,-5.9
17466,low,2,3.0,1.0,2.8,C,-100.0
17467,medium,3,5.0,6.0,9.4,C,7.8
17468,low,1,8.0,47.0,7.8,B,4.5
17469,medium,2,12.0,22.0,9.5,B,10.4
17470,none,4,15.0,46.0,6.2,A,-13.1
17471,low,1,11.0,3.0,9.1,A,10.9
17472,none,3,10.0,11.0,1.5,A,-100.0
17473,none,1,4.0,3.0,7.9,C,4.5
17474,low,1,7.0,18.0,8.3,A,7.1
17475,none,2,13.0,4.0,3.7,D,-100.0
17476,low,2,10.0,22.0,10.0,A,13.7
17477,medium,2,3.0,7.0,8.8,A,7.3
17478,none,1,11.0,13.0,4.7,A,-13.8
17479,none,2,3.0,2.0,3.1,A,-100.0
17480,medium,0,13.0,48.0,9.9,C,15.0
17481,low,0,15.0,20.0,3.6,A,-17.0
17482,high,3,11.0,5.0,8.3,A,-1.4
17483,low,2,7.0,22.0,8.7,A,6.8
17484,medium,2,14.0,11.0,2.4,A,-100.0
17485,low,0,4.0,17.0,2.7,A,-100.0
17486,high,2,6.0,34.0,8.2,A,1.3
17487,high,2,18.0,4.0,2.1,A,-100.0
17488,low,2,11.0,8.0,4.5,A,-16.8
17489,none,0,6.0,20.0,4.7,D,-10.7
17490,high,0,5.0,2.0,3.9,A,-17.6
17491,high,0,4.0,1.0,6.0,C,-5.9
17492,none,1,5.0,9.0,9.4,D,12.7
17493,high,1,10.0,16.0,8.2,C,3.2
17494,high,0,8.0,22.0,1.9,B,-100.0
17495,medium,0,18.0,2.0,9.0,B,11.8
17496,low,1,11.0,7.0,7.6,A,2.7
17497,,1,4.0,31.0,2.5,A,-100.0
17498,low,0,18.0,2.0,3.9,A,-15.9
17499,high,4,14.0,11.0,2.2,B,-100.0
17500,low,2,17.0,1.0,2.2,B,-100.0
17501,low,1,33.0,3.0,9.3,A,9.9
17502,medium,2,9.0,14.0,8.0,C,2.3
17503,low,1,8.0,1.0,3.2,A,-100.0
17504,high,0,6.0,16.0,1.8,A,-100.0
17505,low,2,19.0,28.0,2.3,A,-100.0
17506,medium,2,5.0,6.0,2.4,A,-100.0
17507,low,2,6.0,0.0,7.8,A,1.8
17508,high,0,6.0,19.0,8.4,C,7.3
17509,high,2,27.0,6.0,8.7,C,1.7
17510,high,0,9.0,10.0,8.3,A,6.3
17511,,1,5.0,11.0,4.7,A,-13.2
17512,low,3,6.0,9.0,5.3,A,-14.4
17513,high,3,10.0,3.0,4.7,A,-100.0
17514,none,4,10.0,9.0,2.9,C,-100.0
17515,low,1,25.0,12.0,9.1,A,9.6
17516,high,0,7.0,6.0,9.4,A,12.5
17517,high,3,9.0,23.0,1.3,A,-100.0
17518,medium,3,4.0,11.0,9.4,B,8.0
17519,high,1,6.0,2.0,9.1,C,8.4
17520,high,4,4.0,23.0,1.2,C,-100.0
17521,none,0,9.0,3.0,8.3,C,8.7
17522,high,0,12.0,1.0,8.1,C,4.8
17523,medium,2,19.0,2.0,3.8,A,-100.0
17524,low,2,0.0,5.0,4.0,A,-18.5
17525,none,1,17.0,4.0,2.1,C,-100.0
17526,high,1,8.0,13.0,3.0,A,-100.0
17527,low,0,28.0,5.0,5.5,A,-8.0
17528,high,2,5.0,8.0,3.0,A,-100.0
17529,medium,2,6.0,1.0,6.6,A,-5.2
17530,high,0,7.0,13.0,8.5,C,7.7
17531,high,2,20.0,1.0,1.3,A,-100.0
17532,medium,0,12.0,4.0,4.7,C,-11.2
17533,low,0,8.0,6.0,8.0,A,7.7
17534,none,1,12.0,15.0,4.6,A,-14.4
17535,high,1,4.0,26.0,5.1,A,-13.1
17536,medium,1,10.0,4.0,10.0,C,15.0
17537,medium,3,13.0,31.0,5.1,A,-16.3
17538,low,0,2.0,4.0,7.5,A,5.6
17539,medium,3,2.0,8.0,5.9,A,-11.1
17540,none,0,2.0,0.0,1.1,B,-100.0
17541,high,2,15.0,16.0,1.2,B,-100.0
17542,medium,1,18.0,8.0,7.0,A,-1.6
17543,medium,1,12.0,3.0,9.2,C,11.0
17544,none,1,9.0,11.0,9.3,C,11.7
17545,none,0,8.0,2.0,6.6,A,-0.6
17546,medium,4,11.0,23.0,3.4,A,-100.0
17547,medium,1,2.0,0.0,9.1,A,11.4
17548,medium,0,2.0,6.0,5.7,C,-4.7
17549,medium,0,15.0,50.0,3.2,C,-19.3
17550,medium,1,14.0,44.0,9.3,C,11.8
17551,medium,0,6.0,11.0,9.1,A,13.7
17552,medium,3,2.0,0.0,3.5,A,-100.0
17553,high,3,6.0,1.0,9.1,A,3.4
17554,medium,2,15.0,10.0,8.6,C,5.0
17555,medium,2,9.0,8.0,3.2,A,-100.0
17556,high,2,20.0,2.0,8.2,A,-0.4
17557,low,1,9.0,2.0,9.7,A,14.4
17558,high,2,7.0,0.0,9.4,A,7.5
17559,high,1,7.0,14.0,9.2,C,9.0
17560,low,2,27.0,18.0,2.7,A,-100.0
17561,low,0,14.0,50.0,9.4,D,15.0
17562,low,6,20.0,25.0,9.9,A,2.2
17563,none,1,5.0,3.0,7.0,A,-0.6
17564,medium,3,2.0,5.0,9.3,A,7.6
17565,none,0,19.0,6.0,9.2,A,12.6
17566,high,2,14.0,9.0,6.3,C,-10.2
17567,none,2,11.0,19.0,4.9,B,-15.1
17568,low,1,30.0,3.0,5.3,A,-11.8
17569,high,1,14.0,39.0,7.8,D,0.9
17570,medium,1,7.0,32.0,2.2,B,-100.0
17571,medium,1,26.0,3.0,1.3,A,-100.0
17572,high,2,6.0,5.0,8.6,A,3.2
17573,high,0,19.0,5.0,6.0,A,-7.4
17574,high,2,5.0,2.0,2.3,C,-100.0
17575,medium,3,34.0,8.0,1.5,D,-100.0
17576,medium,0,14.0,17.0,6.9,C,0.8
17577,none,2,22.0,16.0,1.9,A,-100.0
17578,medium,0,4.0,13.0,4.4,B,-12.0
17579,low,0,2.0,26.0,8.3,A,10.2
17580,none,2,9.0,31.0,3.0,D,-100.0
17581,none,2,20.0,6.0,7.9,A,0.4
17582,none,2,3.0,22.0,9.1,C,8.8
17583,none,0,10.0,3.0,3.9,A,-15.6
17584,none,3,6.0,33.0,9.8,A,10.0
17585,high,0,5.0,9.0,3.8,B,-18.0
17586,medium,0,11.0,14.0,8.8,A,11.5
17587,high,3,5.0,1.0,3.2,A,-100.0
17588,high,0,8.0,2.0,1.1,A,-100.0
17589,low,0,4.0,5.0,1.2,A,-100.0
17590,none,1,19.0,8.0,9.3,A,10.7
17591,medium,3,13.0,3.0,6.7,A,-7.8
17592,high,2,8.0,1.0,5.1,A,-16.3
17593,none,0,2.0,4.0,2.9,A,-100.0
17594,low,4,11.0,33.0,5.8,D,-14.4
17595,none,1,4.0,9.0,8.5,A,7.8
17596,high,1,22.0,2.0,8.5,A,3.5
17597,low,3,8.0,11.0,6.2,A,-9.6
17598,medium,2,11.0,7.0,4.4,A,-17.7
17599,none,2,10.0,18.0,9.2,A,8.7
17600,none,0,14.0,9.0,1.3,B,-100.0
17601,high,1,3.0,16.0,9.2,A,9.4
17602,medium,1,3.0,9.0,9.7,C,14.7
17603,medium,3,9.0,3.0,4.9,C,-17.3
17604,high,2,30.0,2.0,3.1,A,-100.0
17605,medium,3,1.0,38.0,9.9,B,11.3
17606,low,2,14.0,15.0,8.8,A,6.6
17607,low,2,9.0,2.0,1.9,A,-100.0
17608,high,1,7.0,11.0,9.2,A,9.0
17609,none,3,21.0,1.0,2.5,C,-100.0
17610,low,1,9.0,31.0,8.6,C,8.7
17611,,1,4.0,0.0,8.2,D,6.1
17612,low,3,20.0,2.0,3.9,A,-100.0
17613,low,1,12.0,9.0,2.4,A,-100.0
17614,low,0,11.0,42.0,1.5,C,-100.0
17615,high,3,24.0,4.0,8.6,A,-1.1
17616,low,4,14.0,3.0,6.4,D,-11.7
17617,none,0,8.0,1.0,8.5,A,9.8
17618,low,2,6.0,0.0,9.0,A,8.4
17619,low,1,8.0,29.0,1.2,A,-100.0
17620,,0,4.0,22.0,4.3,A,-12.6
17621,low,5,6.0,3.0,8.9,B,0.4
17622,low,0,26.0,29.0,6.9,A,0.1
17623,medium,1,24.0,20.0,7.3,A,-0.5
17624,low,1,10.0,25.0,3.1,A,-100.0
17625,low,3,4.0,5.0,8.5,A,3.4
17626,medium,3,13.0,13.0,2.8,A,-100.0
17627,none,2,7.0,6.0,9.8,A,12.1
17628,medium,1,31.0,8.0,1.6,D,-100.0
17629,high,0,12.0,0.0,9.6,C,13.1
17630,medium,1,6.0,17.0,4.7,A,-13.0
17631,high,3,22.0,35.0,6.2,A,-13.8
17632,medium,2,21.0,10.0,8.4,A,3.3
17633,medium,2,8.0,14.0,6.1,D,-8.0
17634,high,1,21.0,13.0,4.5,C,-18.2
17635,medium,1,4.0,29.0,2.3,C,-100.0
17636,medium,2,21.0,14.0,1.1,A,-100.0
17637,low,5,7.0,30.0,3.6,A,-100.0
17638,,2,17.0,0.0,5.0,A,-15.3
17639,high,2,14.0,24.0,7.6,A,-2.9
17640,high,1,5.0,1.0,9.3,B,9.6
17641,high,1,10.0,22.0,2.1,A,-100.0
17642,medium,0,10.0,22.0,1.4,A,-100.0
17643,low,1,2.0,2.0,6.7,A,-1.3
17644,low,1,14.0,2.0,2.0,C,-100.0
17645,low,1,3.0,7.0,6.3,A,-3.6
17646,high,1,9.0,5.0,9.9,A,12.6
17647,medium,1,5.0,4.0,9.8,A,15.0
17648,low,1,19.0,4.0,5.0,A,-12.4
17649,none,1,7.0,47.0,3.9,A,-17.4
17650,high,1,10.0,6.0,6.0,A,-9.0
17651,none,1,8.0,1.0,8.2,A,5.7
17652,low,4,6.0,7.0,4.5,A,-100.0
17653,low,2,8.0,23.0,1.8,A,-100.0
17654,medium,2,2.0,11.0,1.0,D,-100.0
17655,high,1,15.0,4.0,9.2,A,8.1
17656,medium,0,5.0,2.0,4.9,A,-9.4
17657,high,1,10.0,5.0,9.7,A,11.4
17658,medium,2,8.0,50.0,2.3,B,-100.0
17659,low,0,3.0,4.0,9.4,C,15.0
17660,medium,2,6.0,12.0,2.3,A,-100.0
17661,high,2,13.0,6.0,8.5,A,2.0
17662,low,2,8.0,5.0,8.0,A,2.7
17663,high,2,12.0,32.0,3.3,C,-100.0
17664,none,2,6.0,2.0,9.8,A,12.2
17665,low,1,3.0,18.0,6.9,A,-0.2
17666,high,2,17.0,0.0,8.9,A,3.7
17667,none,1,10.0,3.0,8.5,A,7.2
17668,low,1,11.0,11.0,3.4,A,-100.0
17669,none,1,19.0,4.0,8.4,A,5.7
17670,medium,2,2.0,44.0,5.2,A,-12.1
17671,medium,3,10.0,11.0,1.2,A,-100.0
17672,high,1,16.0,0.0,9.8,C,11.3
17673,medium,1,14.0,16.0,4.3,D,-16.0
17674,low,2,4.0,11.0,7.8,A,2.1
17675,medium,0,7.0,19.0,8.5,A,10.3
17676,medium,0,16.0,6.0,2.8,A,-100.0
17677,high,3,6.0,7.0,8.9,A,2.4
17678,low,0,6.0,7.0,7.1,C,3.0
17679,medium,2,5.0,4.0,1.8,A,-100.0
17680,high,1,5.0,3.0,9.5,A,10.8
17681,medium,0,32.0,13.0,2.1,A,-100.0
17682,medium,0,5.0,16.0,8.7,C,11.6
17683,low,1,10.0,7.0,2.2,C,-100.0
17684,high,3,11.0,48.0,2.3,C,-100.0
17685,low,2,16.0,1.0,9.1,A,7.9
17686,medium,0,3.0,17.0,7.8,A,6.9
17687,low,1,13.0,16.0,8.7,A,8.7
17688,medium,1,7.0,10.0,3.4,D,-100.0
17689,none,0,14.0,3.0,1.8,B,-100.0
17690,low,3,4.0,10.0,8.7,C,4.5
17691,low,0,2.0,17.0,9.5,C,15.0
17692,medium,3,12.0,5.0,2.2,A,-100.0
17693,high,0,6.0,0.0,8.4,C,7.1
17694,medium,1,14.0,6.0,7.6,C,2.1
17695,medium,1,4.0,9.0,8.6,A,8.6
17696,low,0,24.0,22.0,2.3,A,-100.0
17697,low,2,7.0,2.0,2.7,C,-100.0
17698,medium,1,11.0,7.0,4.1,A,-16.9
17699,medium,1,10.0,0.0,6.7,A,-2.6
17700,low,2,20.0,5.0,9.6,A,10.3
17701,none,0,2.0,0.0,9.8,C,15.0
17702,medium,0,9.0,5.0,9.0,C,12.8
17703,none,0,1.0,4.0,5.2,A,-7.6
17704,low,0,1.0,4.0,3.2,A,-18.0
17705,medium,3,2.0,3.0,3.7,C,-100.0
17706,low,0,13.0,0.0,3.0,A,-100.0
17707,low,1,23.0,17.0,2.4,A,-100.0
17708,medium,0,40.0,13.0,3.8,A,-18.9
17709,medium,1,8.0,10.0,3.0,D,-100.0
17710,low,2,10.0,26.0,6.0,A,-8.3
17711,low,2,1.0,11.0,1.3,A,-100.0
17712,medium,2,6.0,4.0,3.6,A,-100.0
17713,high,1,3.0,4.0,8.4,A,4.9
17714,low,2,1.0,25.0,9.0,A,9.1
17715,high,2,3.0,4.0,3.1,A,-100.0
17716,low,0,5.0,2.0,8.6,C,11.3
17717,high,3,23.0,10.0,2.5,C,-100.0
17718,none,2,8.0,11.0,3.1,A,-100.0
17719,none,1,5.0,9.0,3.0,A,-100.0
17720,none,2,40.0,13.0,1.1,A,-100.0
17721,medium,0,11.0,4.0,2.3,A,-100.0
17722,none,0,6.0,2.0,8.8,A,11.7
17723,high,0,9.0,1.0,9.5,B,12.8
17724,none,1,9.0,50.0,6.7,A,-2.2
17725,none,2,13.0,8.0,9.8,A,11.6
17726,medium,2,29.0,5.0,9.0,A,5.7
17727,high,4,5.0,17.0,1.3,A,-100.0
17728,low,2,4.0,7.0,6.7,A,-4.0
17729,medium,1,7.0,28.0,4.1,A,-16.3
17730,medium,0,9.0,50.0,7.8,A,6.6
17731,high,0,3.0,7.0,7.9,A,4.7
17732,high,1,1.0,9.0,2.5,A,-100.0
17733,high,1,5.0,1.0,8.9,A,7.4
17734,medium,0,2.0,1.0,3.5,A,-16.8
17735,medium,4,5.0,12.0,7.3,A,-6.1
17736,medium,2,12.0,7.0,4.6,D,-16.7
17737,none,3,8.0,13.0,2.1,C,-100.0
17738,low,3,8.0,3.0,2.1,A,-100.0
17739,low,4,7.0,32.0,4.4,A,-100.0
17740,none,0,14.0,13.0,9.4,A,14.3
17741,,2,6.0,6.0,10.0,A,13.3
17742,medium,1,2.0,16.0,1.6,D,-100.0
17743,none,2,13.0,4.0,8.3,B,3.3
17744,low,3,13.0,17.0,8.8,A,4.2
17745,low,2,14.0,7.0,9.9,A,12.6
17746,high,1,2.0,21.0,2.5,A,-100.0
17747,high,1,10.0,14.0,9.0,C,7.6
17748,high,1,16.0,3.0,8.3,C,3.0
17749,high,3,4.0,7.0,6.1,A,-12.8
17750,medium,0,7.0,2.0,10.0,C,15.0
17751,none,0,9.0,6.0,5.8,C,-5.1
17752,low,2,1.0,50.0,1.8,B,-100.0
17753,high,0,1.0,12.0,2.7,A,-100.0
17754,low,0,7.0,11.0,1.2,A,-100.0
17755,high,1,1.0,14.0,9.2,A,9.6
17756,low,0,3.0,12.0,7.7,A,6.6
17757,medium,1,4.0,33.0,8.7,C,9.4
17758,high,0,8.0,0.0,9.8,A,14.6
17759,high,3,13.0,17.0,7.1,C,-8.1
17760,low,1,16.0,18.0,1.6,A,-100.0
17761,low,1,15.0,3.0,9.5,A,12.8
17762,high,0,5.0,15.0,10.0,A,15.0
17763,low,4,5.0,4.0,9.0,A,3.5
17764,high,0,8.0,23.0,8.6,C,8.2
17765,medium,3,16.0,36.0,8.1,A,-0.1
17766,none,1,3.0,9.0,8.9,C,10.1
17767,,1,10.0,50.0,5.2,A,-10.5
17768,low,1,13.0,5.0,4.3,A,-15.6
17769,none,0,9.0,6.0,5.7,C,-5.6
17770,none,1,3.0,7.0,8.5,A,7.9
17771,medium,1,8.0,6.0,2.2,C,-100.0
17772,high,1,16.0,16.0,3.5,D,-100.0
17773,high,0,15.0,1.0,3.4,A,-100.0
17774,low,1,23.0,17.0,1.0,A,-100.0
17775,low,2,8.0,1.0,1.9,A,-100.0
17776,medium,3,13.0,17.0,8.9,A,4.4
17777,none,1,3.0,1.0,7.8,A,4.0
17778,none,2,4.0,22.0,1.5,A,-100.0
17779,none,3,9.0,33.0,9.8,A,9.7
17780,low,3,8.0,8.0,10.0,B,11.3
17781,high,2,2.0,12.0,6.3,A,-8.9
17782,high,0,6.0,4.0,4.3,A,-15.4
17783,high,0,10.0,3.0,4.5,A,-14.7
17784,high,2,9.0,11.0,8.8,A,4.1
17785,high,1,5.0,25.0,9.4,A,10.4
17786,high,2,14.0,10.0,9.4,A,6.9
17787,low,2,11.0,28.0,5.8,A,-9.4
17788,low,4,36.0,8.0,8.8,B,-0.6
17789,high,2,13.0,4.0,2.2,A,-100.0
17790,medium,0,6.0,15.0,8.4,A,9.8
17791,high,3,6.0,1.0,2.9,B,-100.0
17792,low,1,5.0,4.0,10.0,A,15.0
17793,high,1,3.0,5.0,1.8,A,-100.0
17794,high,3,9.0,13.0,5.7,A,-15.5
17795,medium,2,4.0,10.0,6.5,A,-5.5
17796,none,2,12.0,17.0,8.1,A,2.4
17797,low,1,4.0,3.0,9.3,A,12.8
17798,medium,0,5.0,19.0,2.9,A,-100.0
17799,medium,1,6.0,3.0,4.5,C,-14.2
17800,low,2,10.0,23.0,8.3,A,4.4
17801,medium,1,13.0,8.0,8.4,A,6.6
17802,medium,0,4.0,21.0,2.2,A,-100.0
17803,none,3,8.0,3.0,3.3,D,-100.0
17804,none,2,,13.0,3.3,C,
17805,low,1,7.0,34.0,4.7,A,-12.5
17806,low,1,8.0,13.0,8.3,C,7.0
17807,medium,2,24.0,23.0,8.3,B,2.6
17808,medium,2,9.0,24.0,9.3,A,9.6
17809,medium,5,37.0,3.0,8.9,A,-3.1
17810,high,2,8.0,4.0,6.1,B,-10.7
17811,medium,0,8.0,22.0,2.4,A,-100.0
17812,medium,1,11.0,15.0,7.3,A,0.8
17813,low,2,1.0,11.0,9.9,A,13.9
17814,low,1,4.0,5.0,7.2,C,1.2
17815,medium,2,7.0,2.0,2.5,A,-100.0
17816,high,1,6.0,1.0,3.0,A,-100.0
17817,none,1,15.0,20.0,4.8,A,-13.5
17818,low,3,8.0,50.0,8.8,A,5.1
17819,none,2,9.0,2.0,9.8,A,11.9
17820,medium,0,5.0,0.0,8.8,A,12.0
17821,high,5,13.0,23.0,8.3,A,-6.4
17822,low,2,6.0,17.0,8.4,C,5.2
17823,high,1,3.0,4.0,5.2,B,-12.7
17824,none,0,11.0,14.0,8.5,A,9.7
17825,high,1,9.0,4.0,2.2,B,-100.0
17826,none,0,12.0,14.0,4.7,A,-11.3
17827,medium,2,16.0,29.0,7.8,A,0.7
17828,high,1,6.0,8.0,5.8,A,-9.6
17829,high,1,12.0,15.0,9.8,A,11.8
17830,high,0,6.0,7.0,7.8,C,3.8
17831,high,1,10.0,5.0,2.6,B,-100.0
17832,medium,0,5.0,12.0,7.9,B,7.2
17833,high,2,16.0,8.0,3.6,B,-100.0
17834,medium,0,2.0,2.0,8.8,A,12.3
17835,low,2,23.0,30.0,8.8,A,5.9
17836,medium,3,1.0,18.0,1.7,A,-100.0
17837,high,1,29.0,8.0,4.3,C,-100.0
17838,high,2,4.0,6.0,7.9,A,-0.4
17839,none,0,3.0,21.0,8.2,C,8.9
17840,none,2,3.0,13.0,8.9,A,7.7
17841,none,4,9.0,12.0,1.6,A,-100.0
17842,high,0,13.0,18.0,9.3,C,11.5
17843,none,1,9.0,8.0,1.1,C,-100.0
17844,low,2,7.0,17.0,1.8,C,-100.0
17845,medium,0,6.0,19.0,6.7,A,0.5
17846,high,2,3.0,37.0,7.0,C,-4.9
17847,none,2,4.0,28.0,6.6,A,-4.9
17848,medium,1,3.0,5.0,8.3,A,7.0
17849,low,2,22.0,20.0,5.7,A,-11.2
17850,medium,0,8.0,10.0,9.0,C,12.9
17851,high,3,,14.0,8.1,C,
17852,high,3,14.0,2.0,4.5,A,-100.0
17853,low,2,9.0,19.0,2.4,A,-100.0
17854,low,1,4.0,11.0,3.5,A,-19.1
17855,none,0,4.0,11.0,9.8,A,15.0
17856,none,3,13.0,6.0,10.0,A,10.1
17857,high,2,27.0,4.0,9.9,A,8.3
17858,low,1,12.0,21.0,3.5,A,-19.8
17859,low,0,11.0,18.0,2.5,A,-100.0
17860,low,1,9.0,8.0,2.9,A,-100.0
17861,high,5,6.0,15.0,5.8,C,-19.6
17862,high,2,10.0,31.0,7.2,A,-4.6
17863,high,1,4.0,26.0,9.8,A,12.7
17864,medium,1,7.0,15.0,8.8,B,9.5
17865,medium,2,9.0,15.0,9.9,A,12.8
17866,medium,4,8.0,16.0,9.5,A,5.7
17867,high,2,7.0,2.0,7.7,C,-1.9
17868,low,1,2.0,11.0,7.0,B,0.4
17869,none,1,2.0,17.0,8.2,A,6.5
17870,high,1,7.0,7.0,6.1,A,-8.1
17871,high,1,3.0,5.0,4.8,A,-14.9
17872,high,2,40.0,1.0,6.5,C,-11.8
17873,medium,1,8.0,6.0,8.1,A,5.4
17874,high,3,2.0,9.0,,B,
17875,high,1,9.0,13.0,3.6,D,-100.0
17876,none,1,8.0,16.0,1.9,A,-100.0
17877,medium,2,3.0,5.0,1.9,A,-100.0
17878,high,4,3.0,0.0,3.8,A,-100.0
17879,medium,1,13.0,4.0,4.2,A,-16.6
17880,none,0,2.0,15.0,6.2,A,-2.1
17881,high,2,16.0,21.0,1.8,A,-100.0
17882,low,1,9.0,15.0,9.6,A,14.0
17883,low,0,3.0,3.0,6.0,A,-2.8
17884,low,0,2.0,7.0,1.5,A,-100.0
17885,high,1,8.0,34.0,7.4,A,-0.8
17886,none,1,12.0,0.0,7.5,D,1.4
17887,high,0,9.0,10.0,3.2,B,-100.0
17888,medium,2,13.0,6.0,1.5,C,-100.0
17889,medium,3,20.0,15.0,3.2,C,-100.0
17890,high,1,10.0,3.0,7.1,A,-3.0
17891,none,4,12.0,4.0,4.1,A,-100.0
17892,low,3,10.0,7.0,8.4,A,2.2
17893,high,1,11.0,4.0,3.3,C,-100.0
17894,high,0,19.0,18.0,2.7,A,-100.0
17895,medium,1,14.0,10.0,7.2,A,-0.1
17896,high,1,9.0,7.0,3.0,B,-100.0
17897,high,3,3.0,33.0,9.6,C,6.8
17898,none,1,10.0,20.0,9.6,C,13.4
17899,high,2,10.0,3.0,9.4,A,7.2
17900,high,0,13.0,7.0,3.9,C,-18.3
17901,none,0,7.0,50.0,7.9,A,7.1
17902,medium,1,6.0,0.0,7.1,A,0.0
17903,high,1,7.0,15.0,4.3,A,-17.9
17904,low,1,7.0,7.0,4.5,A,-13.9
17905,medium,0,13.0,6.0,7.2,A,2.5
17906,low,1,4.0,44.0,3.2,A,-100.0
17907,high,0,8.0,11.0,8.9,A,9.7
17908,low,2,22.0,50.0,4.6,A,-16.9
17909,high,0,10.0,10.0,4.3,A,-15.8
17910,low,0,21.0,14.0,5.0,A,-10.0
17911,medium,3,7.0,29.0,9.1,A,6.2
17912,low,1,9.0,18.0,1.7,C,-100.0
17913,none,3,12.0,8.0,5.8,A,-12.8
17914,high,2,9.0,6.0,5.9,A,-11.9
17915,medium,3,9.0,9.0,6.6,C,-7.9
17916,high,0,9.0,12.0,8.2,A,5.8
17917,low,1,14.0,6.0,9.4,B,12.3
17918,low,2,5.0,6.0,8.6,A,6.3
17919,low,1,15.0,6.0,2.3,A,-100.0
17920,medium,2,1.0,13.0,6.2,A,-6.8
17921,high,1,5.0,9.0,4.1,A,-18.9
17922,medium,4,2.0,17.0,8.1,A,-1.4
17923,high,3,,10.0,2.5,C,
17924,medium,1,8.0,32.0,3.7,A,-18.5
17925,medium,2,10.0,9.0,8.3,C,3.8
17926,none,3,11.0,13.0,8.1,C,-0.0
17927,low,2,6.0,5.0,1.4,A,-100.0
17928,medium,1,14.0,8.0,1.1,A,-100.0
17929,high,2,13.0,9.0,9.0,B,4.8
17930,high,1,2.0,13.0,9.5,C,11.2
17931,none,0,6.0,15.0,4.0,A,-14.6
17932,high,1,7.0,14.0,5.9,B,-9.1
17933,medium,2,2.0,0.0,4.6,A,-15.8
17934,medium,1,16.0,5.0,8.2,B,5.2
17935,low,2,37.0,4.0,3.8,A,-100.0
17936,low,2,8.0,2.0,2.8,C,-100.0
17937,low,3,20.0,0.0,5.8,B,-13.1
17938,high,0,2.0,1.0,5.5,A,-8.5
17939,,3,14.0,18.0,3.9,D,-100.0
17940,high,4,12.0,6.0,8.3,C,-4.0
17941,medium,3,13.0,4.0,9.0,A,4.8
17942,,2,3.0,29.0,8.6,A,6.2
17943,none,0,9.0,32.0,9.3,A,14.4
17944,medium,3,7.0,1.0,10.0,C,10.9
17945,low,4,1.0,13.0,9.4,A,6.2
17946,medium,0,5.0,13.0,2.1,A,-100.0
17947,high,0,11.0,11.0,9.6,D,13.3
17948,low,2,19.0,14.0,4.2,D,-19.2
17949,high,2,9.0,17.0,9.4,A,7.4
17950,low,0,8.0,1.0,1.7,B,-100.0
17951,low,4,4.0,5.0,10.0,C,9.1
17952,medium,3,1.0,4.0,9.0,A,6.0
17953,none,1,16.0,2.0,2.6,A,-100.0
17954,high,1,6.0,3.0,4.5,A,-16.8
17955,medium,2,17.0,10.0,3.1,A,-100.0
17956,medium,1,12.0,2.0,8.3,A,6.1
17957,high,1,6.0,9.0,2.4,A,-100.0
17958,none,1,13.0,3.0,9.1,A,10.1
17959,medium,0,11.0,14.0,4.4,C,-12.7
17960,low,0,4.0,2.0,8.9,A,13.0
17961,none,0,16.0,0.0,8.5,A,9.0
17962,medium,2,4.0,1.0,10.0,C,13.7
17963,high,3,,26.0,5.1,C,
17964,low,1,2.0,7.0,9.5,A,14.1
17965,medium,1,6.0,12.0,9.8,A,15.0
17966,high,2,6.0,6.0,6.2,C,-10.0
17967,medium,2,10.0,12.0,9.4,C,9.9
17968,high,2,21.0,4.0,1.2,B,-100.0
17969,low,2,6.0,4.0,1.3,A,-100.0
17970,none,5,5.0,36.0,9.0,A,0.7
17971,high,3,20.0,3.0,8.4,C,-1.8
17972,none,0,21.0,10.0,8.2,A,7.0
17973,medium,1,18.0,6.0,3.0,D,-100.0
17974,high,1,3.0,30.0,2.2,A,-100.0
17975,high,2,3.0,6.0,7.1,B,-4.7
17976,medium,2,6.0,1.0,4.1,A,-19.0
17977,medium,3,2.0,9.0,6.7,A,-6.7
17978,high,1,6.0,4.0,1.5,A,-100.0
17979,high,1,2.0,5.0,3.6,C,-100.0
17980,medium,3,9.0,3.0,8.2,C,0.8
17981,none,3,27.0,19.0,8.3,C,-0.5
17982,medium,3,14.0,8.0,9.5,A,7.5
17983,medium,1,6.0,7.0,1.7,C,-100.0
17984,medium,1,15.0,50.0,9.3,A,11.8
17985,none,3,20.0,4.0,9.8,A,8.3
17986,medium,1,27.0,15.0,8.7,A,6.9
17987,medium,2,14.0,21.0,6.5,A,-6.3
17988,high,0,3.0,4.0,9.1,A,11.3
17989,high,1,8.0,6.0,7.4,A,-1.1
17990,medium,2,30.0,3.0,5.7,C,-12.5
17991,low,0,4.0,14.0,7.9,D,7.7
17992,medium,1,13.0,9.0,9.2,A,11.0
17993,high,0,3.0,3.0,9.0,B,10.7
17994,medium,3,3.0,0.0,4.0,A,-100.0
17995,high,2,8.0,8.0,9.5,A,8.0
17996,none,1,12.0,0.0,5.3,A,-10.7
17997,low,1,4.0,5.0,3.1,A,-100.0
17998,low,2,10.0,18.0,8.3,A,4.3
17999,high,2,8.0,0.0,9.3,A,6.8
18000,high,1,13.0,9.0,1.2,A,-100.0
18001,low,0,22.0,3.0,8.9,A,11.3
18002,high,1,11.0,28.0,8.3,A,3.8
18003,medium,3,19.0,26.0,2.1,A,-100.0
18004,low,0,22.0,8.0,2.0,A,-100.0
18005,low,0,10.0,8.0,3.1,A,-19.4
18006,high,0,2.0,7.0,8.1,A,5.9
18007,high,1,12.0,4.0,8.8,A,6.2
18008,high,2,19.0,3.0,9.5,A,6.9
18009,medium,1,1.0,50.0,8.4,C,8.2
18010,medium,1,15.0,1.0,3.8,C,-19.0
18011,medium,3,11.0,7.0,7.2,A,-4.8
18012,none,2,13.0,21.0,1.2,C,-100.0
18013,medium,0,8.0,12.0,7.4,A,4.1
18014,low,2,12.0,8.0,3.4,A,-100.0
18015,none,2,3.0,19.0,3.4,A,-100.0
18016,low,0,2.0,22.0,9.8,A,15.0
18017,low,1,4.0,0.0,1.6,A,-100.0
18018,none,0,9.0,38.0,8.6,A,10.7
18019,none,1,4.0,7.0,1.8,A,-100.0
18020,low,1,22.0,12.0,9.6,A,12.7
18021,medium,0,28.0,1.0,3.3,D,-100.0
18022,high,1,2.0,50.0,5.4,A,-11.0
18023,medium,2,7.0,11.0,9.0,A,8.0
18024,high,1,8.0,29.0,5.5,A,-11.3
18025,none,0,3.0,12.0,8.6,A,11.0
18026,,0,6.0,25.0,3.8,A,-15.6
18027,none,3,6.0,2.0,1.8,B,-100.0
18028,low,1,7.0,2.0,2.6,A,-100.0
18029,medium,4,16.0,1.0,9.4,A,4.2
18030,medium,3,4.0,29.0,8.8,B,4.9
18031,none,3,10.0,5.0,3.8,C,-100.0
18032,high,3,11.0,7.0,5.1,A,-19.0
18033,high,1,13.0,3.0,9.1,A,7.8
18034,low,3,8.0,38.0,3.2,A,-100.0
18035,low,0,19.0,27.0,1.4,C,-100.0
18036,high,2,8.0,40.0,8.3,D,1.7
18037,medium,0,6.0,2.0,6.6,A,-0.2
18038,high,0,4.0,15.0,5.6,A,-8.0
18039,none,1,11.0,0.0,2.7,A,-100.0
18040,medium,0,5.0,3.0,2.6,A,-100.0
18041,high,1,5.0,14.0,5.5,A,-11.1
18042,medium,2,6.0,31.0,9.7,A,12.2
18043,high,4,9.0,24.0,5.7,A,-17.8
18044,low,2,8.0,6.0,7.4,A,-0.6
18045,high,1,14.0,21.0,2.2,A,-100.0
18046,low,0,12.0,22.0,1.6,B,-100.0
18047,high,0,6.0,8.0,3.2,A,-100.0
18048,,1,7.0,29.0,8.1,C,5.5
18049,medium,3,5.0,9.0,4.5,B,-19.1
18050,low,1,5.0,2.0,8.9,B,10.4
18051,high,1,1.0,1.0,8.6,A,6.2
18052,medium,5,6.0,8.0,8.8,A,-0.5
18053,medium,1,20.0,6.0,5.6,A,-9.5
18054,medium,2,18.0,21.0,7.1,A,-3.4
18055,low,3,17.0,12.0,8.6,A,2.7
18056,medium,3,3.0,2.0,9.5,B,8.6
18057,medium,0,7.0,0.0,6.4,C,-1.4
18058,,1,9.0,17.0,8.4,C,6.8
18059,medium,1,3.0,29.0,9.6,A,14.4
18060,medium,0,8.0,27.0,2.8,C,-100.0
18061,high,1,9.0,7.0,9.2,A,8.7
18062,medium,2,2.0,14.0,9.0,C,8.5
18063,low,0,2.0,13.0,8.1,A,9.0
18064,none,3,11.0,13.0,8.3,A,1.1
18065,none,4,8.0,18.0,9.6,C,6.1
18066,medium,0,2.0,1.0,8.4,C,10.1
18067,,1,2.0,39.0,3.9,A,-17.0
18068,medium,1,2.0,18.0,1.6,C,-100.0
18069,low,0,9.0,8.0,1.2,A,-100.0
18070,high,0,13.0,2.0,9.2,D,10.8
18071,low,1,2.0,11.0,8.9,A,10.8
18072,low,1,4.0,40.0,9.0,A,11.5
18073,medium,4,29.0,11.0,4.7,A,-100.0
18074,high,1,15.0,46.0,8.0,A,1.9
18075,high,2,21.0,0.0,6.3,A,-11.0
18076,low,0,5.0,3.0,1.6,A,-100.0
18077,high,3,2.0,33.0,3.7,C,-100.0
18078,high,1,9.0,5.0,1.1,A,-100.0
18079,high,1,5.0,2.0,8.7,A,6.3
18080,low,3,3.0,3.0,8.7,A,4.5
18081,none,0,4.0,7.0,9.2,B,14.1
18082,medium,3,5.0,5.0,4.2,B,-100.0
18083,low,2,1.0,7.0,3.7,A,-100.0
18084,medium,2,23.0,19.0,3.8,A,-100.0
18085,high,1,4.0,3.0,9.9,A,13.1
18086,low,0,11.0,6.0,2.0,A,-100.0
18087,low,1,7.0,7.0,9.3,A,12.5
18088,low,6,3.0,4.0,4.1,C,-100.0
18089,low,0,7.0,15.0,8.0,A,7.9
18090,low,1,6.0,16.0,8.1,A,6.1
18091,medium,0,4.0,2.0,5.5,A,-6.0
18092,high,1,2.0,15.0,8.9,C,7.9
18093,medium,1,10.0,17.0,2.8,A,-100.0
18094,none,3,9.0,4.0,4.3,A,-100.0
18095,high,1,9.0,1.0,5.9,A,-9.5
18096,high,0,11.0,15.0,2.9,C,-100.0
18097,none,1,7.0,11.0,8.0,A,4.8
18098,high,0,6.0,2.0,9.9,A,15.0
18099,none,2,9.0,12.0,8.2,A,3.2
18100,medium,1,13.0,5.0,1.8,C,-100.0
18101,high,0,8.0,5.0,1.7,B,-100.0
18102,low,2,21.0,7.0,3.1,B,-100.0
18103,medium,0,13.0,13.0,3.2,C,-19.5
18104,high,3,23.0,5.0,8.5,C,-1.5
18105,low,1,7.0,8.0,4.1,A,-16.1
18106,low,0,3.0,13.0,5.5,A,-5.4
18107,low,1,16.0,28.0,9.8,A,14.5
18108,medium,2,6.0,10.0,4.4,A,-17.2
18109,high,2,4.0,1.0,6.3,A,-9.3
18110,medium,2,40.0,33.0,6.8,A,-7.2
18111,,1,13.0,5.0,5.2,C,-11.3
18112,none,4,15.0,5.0,9.2,A,3.0
18113,none,1,10.0,16.0,3.8,C,-18.6
18114,none,4,24.0,20.0,9.6,C,4.5
18115,high,0,12.0,4.0,8.5,B,7.1
18116,none,1,2.0,20.0,6.5,A,-2.9
18117,none,0,22.0,28.0,1.5,A,-100.0
18118,high,2,18.0,15.0,5.2,A,-16.6
18119,high,1,6.0,2.0,9.5,A,10.6
18120,none,3,18.0,2.0,1.8,C,-100.0
18121,none,2,15.0,7.0,1.4,C,-100.0
18122,none,1,4.0,20.0,3.3,A,-100.0
18123,high,0,16.0,50.0,6.9,C,-1.7
18124,medium,3,3.0,8.0,5.9,C,-11.2
18125,none,3,14.0,2.0,8.3,D,0.6
18126,medium,0,1.0,6.0,5.3,C,-6.8
18127,none,2,14.0,23.0,5.4,A,-12.6
18128,high,1,9.0,6.0,6.6,A,-5.6
18129,high,2,18.0,7.0,8.5,A,1.5
18130,none,2,5.0,5.0,3.7,A,-100.0
18131,high,3,3.0,1.0,3.3,A,-100.0
18132,high,1,18.0,33.0,9.9,A,12.0
18133,none,3,14.0,4.0,5.4,B,-15.3
18134,low,2,3.0,0.0,8.6,A,6.5
18135,none,1,5.0,33.0,7.9,C,4.7
18136,high,0,2.0,16.0,6.8,C,-1.2
18137,low,0,6.0,50.0,5.3,A,-6.5
18138,medium,1,8.0,8.0,2.6,A,-100.0
18139,medium,2,7.0,27.0,7.1,A,-2.3
18140,high,0,8.0,5.0,2.4,A,-100.0
18141,low,3,11.0,13.0,,D,
18142,low,1,2.0,1.0,9.6,C,14.6
18143,low,0,10.0,3.0,8.8,A,11.9
18144,high,0,18.0,21.0,9.9,A,14.3
18145,high,1,1.0,25.0,3.0,A,-100.0
18146,none,0,4.0,12.0,9.0,A,13.1
18147,low,1,8.0,2.0,3.9,A,-17.4
18148,medium,2,20.0,26.0,8.1,A,1.9
18149,low,3,11.0,2.0,7.6,B,-2.3
18150,high,4,4.0,3.0,7.0,A,-10.4
18151,high,2,4.0,7.0,8.1,B,0.7
18152,high,1,6.0,0.0,1.5,C,-100.0
18153,,1,9.0,12.0,9.4,C,12.3
18154,high,1,6.0,50.0,2.8,A,-100.0
18155,medium,0,4.0,10.0,4.5,A,-11.5
18156,none,2,4.0,12.0,9.2,C,9.2
18157,none,0,9.0,18.0,2.8,C,-100.0
18158,high,0,15.0,20.0,5.6,A,-9.0
18159,medium,1,2.0,2.0,6.9,A,-0.6
18160,high,2,6.0,6.0,2.5,B,-100.0
18161,medium,2,19.0,5.0,5.1,A,-14.7
18162,high,1,14.0,28.0,5.2,C,-13.5
18163,none,1,12.0,10.0,8.5,A,7.0
18164,none,3,35.0,6.0,5.8,A,-15.2
18165,low,4,10.0,2.0,1.4,A,-100.0
18166,none,0,3.0,15.0,8.9,C,12.7
18167,low,2,8.0,5.0,4.7,A,-15.4
18168,high,4,14.0,2.0,7.4,D,-9.2
18169,high,1,2.0,18.0,9.2,A,9.6
18170,high,3,13.0,30.0,9.5,A,5.2
18171,low,1,17.0,28.0,1.3,A,-100.0
18172,low,1,2.0,11.0,6.3,A,-3.5
18173,high,4,20.0,10.0,3.9,D,-100.0
18174,low,1,15.0,10.0,10.0,B,15.0
18175,high,3,3.0,6.0,9.2,A,4.3
18176,low,2,3.0,29.0,5.2,A,-11.9
18177,none,2,14.0,19.0,1.5,A,-100.0
18178,high,1,14.0,2.0,6.0,A,-9.4
18179,medium,1,5.0,9.0,6.1,A,-5.3
18180,none,1,5.0,11.0,9.9,A,15.0
18181,low,2,7.0,3.0,4.6,A,-15.9
18182,high,4,16.0,4.0,9.2,A,0.5
18183,medium,0,20.0,9.0,5.6,A,-7.0
18184,low,1,17.0,12.0,8.9,C,9.3
18185,low,0,23.0,27.0,9.5,A,14.7
18186,low,2,12.0,27.0,9.0,A,8.0
18187,medium,0,1.0,5.0,7.9,C,7.5
18188,high,5,4.0,7.0,9.3,B,-0.2
18189,medium,1,23.0,11.0,3.4,A,-100.0
18190,high,0,19.0,6.0,7.9,A,3.1
18191,high,1,27.0,22.0,9.9,D,10.9
18192,none,1,3.0,7.0,1.4,C,-100.0
18193,low,1,1.0,14.0,8.4,A,8.2
18194,medium,3,22.0,2.0,5.2,B,-17.0
18195,none,0,15.0,13.0,8.4,A,8.7
18196,low,2,15.0,4.0,8.6,A,5.3
18197,high,1,1.0,18.0,9.1,A,9.1
18198,medium,1,5.0,8.0,2.3,A,-100.0
18199,low,3,5.0,3.0,5.1,B,-15.4
18200,low,2,6.0,3.0,1.3,C,-100.0
18201,medium,2,5.0,4.0,1.4,C,-100.0
18202,low,3,8.0,1.0,3.0,A,-100.0
18203,medium,4,14.0,22.0,1.8,A,-100.0
18204,medium,1,,4.0,8.1,C,
18205,medium,0,25.0,9.0,9.4,A,13.4
18206,medium,2,15.0,0.0,9.3,A,8.8
18207,none,1,8.0,20.0,5.1,A,-11.2
18208,low,2,5.0,23.0,8.7,A,7.1
18209,low,1,9.0,9.0,8.4,A,7.4
18210,low,3,9.0,13.0,8.7,A,4.1
18211,medium,2,6.0,7.0,4.6,A,-16.1
18212,high,2,2.0,8.0,7.7,B,-1.3
18213,medium,1,10.0,29.0,3.6,A,-19.3
18214,high,0,2.0,2.0,3.7,A,-18.3
18215,low,1,7.0,13.0,6.8,A,-1.2
18216,high,3,11.0,33.0,7.2,A,-7.2
18217,medium,1,14.0,8.0,8.4,B,6.5
18218,high,1,18.0,3.0,6.0,A,-9.8
18219,high,2,16.0,2.0,9.0,A,4.4
18220,low,1,11.0,13.0,9.6,A,13.8
18221,medium,0,7.0,8.0,9.6,A,15.0
18222,high,1,17.0,1.0,10.0,A,12.3
18223,medium,0,,15.0,6.5,C,
18224,low,1,5.0,7.0,2.2,C,-100.0
18225,medium,3,2.0,2.0,8.8,A,4.8
18226,low,1,10.0,6.0,8.8,B,9.4
18227,medium,0,11.0,19.0,9.3,B,14.3
18228,medium,2,8.0,1.0,2.9,A,-100.0
18229,low,2,2.0,11.0,3.2,B,-100.0
18230,high,1,6.0,9.0,5.6,A,-10.7
18231,,3,18.0,7.0,9.2,A,5.2
18232,medium,2,12.0,0.0,9.4,B,9.6
18233,medium,2,4.0,2.0,9.2,A,9.3
18234,high,0,9.0,1.0,9.5,B,12.8
18235,medium,0,7.0,21.0,7.3,C,3.8
18236,high,0,4.0,2.0,4.5,A,-14.2
18237,,0,16.0,40.0,5.3,A,-8.2
18238,low,3,9.0,9.0,8.5,B,2.9
18239,high,1,3.0,11.0,8.4,A,5.0
18240,high,2,5.0,1.0,8.1,C,0.5
18241,high,2,21.0,25.0,5.8,A,-13.5
18242,low,2,15.0,7.0,6.9,A,-4.0
18243,high,2,4.0,9.0,2.5,A,-100.0
18244,none,1,25.0,26.0,4.8,A,-14.5
18245,high,1,6.0,9.0,9.5,A,10.7
18246,medium,0,12.0,4.0,8.0,A,7.0
18247,high,1,3.0,7.0,9.3,A,9.9
18248,high,1,15.0,3.0,1.7,A,-100.0
18249,none,2,4.0,9.0,2.9,A,-100.0
18250,low,0,2.0,31.0,8.1,A,9.1
18251,none,2,9.0,11.0,6.4,A,-6.7
18252,low,1,13.0,42.0,9.1,C,11.2
18253,medium,3,18.0,8.0,9.8,A,8.8
18254,low,1,22.0,18.0,4.9,A,-13.1
18255,high,1,13.0,22.0,6.5,A,-6.4
18256,none,3,17.0,27.0,7.2,A,-5.5
18257,high,2,2.0,2.0,7.5,A,-2.5
18258,low,1,7.0,2.0,3.1,B,-100.0
18259,high,2,10.0,15.0,7.9,A,-0.9
18260,none,1,23.0,7.0,3.9,C,-19.4
18261,low,2,4.0,4.0,7.3,C,-0.7
18262,low,1,9.0,2.0,4.9,D,-12.0
18263,high,1,5.0,3.0,2.2,C,-100.0
18264,medium,2,16.0,7.0,2.8,B,-100.0
18265,medium,2,7.0,6.0,1.3,A,-100.0
18266,none,1,5.0,7.0,8.9,A,9.9
18267,high,2,7.0,6.0,3.0,B,-100.0
18268,medium,0,5.0,0.0,9.7,C,15.0
18269,low,0,11.0,1.0,9.8,A,15.0
18270,medium,1,1.0,4.0,9.8,A,15.0
18271,low,1,25.0,22.0,7.9,A,3.1
18272,high,1,11.0,5.0,7.0,A,-3.6
18273,medium,1,8.0,46.0,1.2,A,-100.0
18274,none,0,6.0,26.0,6.2,A,-2.4
18275,,1,8.0,6.0,9.3,A,11.8
18276,high,0,6.0,28.0,8.9,D,10.1
18277,high,3,12.0,19.0,6.1,B,-13.5
18278,high,1,6.0,46.0,8.6,A,6.1
18279,medium,5,11.0,17.0,7.9,B,-5.9
18280,low,1,9.0,13.0,8.4,C,7.4
18281,none,1,7.0,5.0,4.6,A,-14.0
18282,high,1,3.0,4.0,7.1,C,-2.2
18283,none,2,2.0,13.0,4.2,C,-18.1
18284,low,0,2.0,1.0,6.4,C,-0.5
18285,high,2,8.0,2.0,5.9,A,-11.9
18286,low,1,6.0,8.0,6.7,A,-1.7
18287,medium,2,10.0,3.0,9.1,A,8.2
18288,low,2,7.0,8.0,3.3,A,-100.0
18289,high,2,2.0,4.0,,A,
18290,high,2,9.0,1.0,3.3,B,-100.0
18291,low,0,15.0,3.0,2.9,A,-100.0
18292,low,1,7.0,23.0,8.9,C,10.5
18293,high,0,3.0,21.0,8.3,C,7.0
18294,high,0,1.0,11.0,9.0,A,11.0
18295,high,1,2.0,6.0,6.9,A,-3.2
18296,low,1,1.0,1.0,8.7,C,9.7
18297,low,1,4.0,6.0,6.8,C,-1.0
18298,high,1,18.0,0.0,1.4,A,-100.0
18299,medium,1,12.0,1.0,9.0,A,9.9
18300,high,1,1.0,1.0,2.3,A,-100.0
18301,medium,4,19.0,4.0,6.7,A,-10.9
18302,high,1,1.0,3.0,,A,
18303,medium,2,15.0,20.0,9.8,A,11.7
18304,medium,1,13.0,5.0,2.2,C,-100.0
18305,medium,2,10.0,4.0,1.2,A,-100.0
18306,medium,2,25.0,5.0,8.5,A,3.4
18307,none,1,4.0,48.0,1.6,B,-100.0
18308,low,1,4.0,22.0,5.3,C,-9.1
18309,high,1,8.0,27.0,3.0,A,-100.0
18310,low,4,2.0,7.0,7.9,A,-2.2
18311,medium,1,18.0,38.0,1.8,A,-100.0
18312,none,1,4.0,12.0,8.4,A,7.3
18313,high,4,8.0,14.0,4.9,A,-100.0
18314,low,2,9.0,11.0,8.7,A,6.5
18315,none,0,29.0,16.0,9.1,A,11.2
18316,medium,2,34.0,24.0,4.3,D,-100.0
18317,medium,1,7.0,22.0,6.3,C,-4.2
18318,high,1,10.0,0.0,9.1,A,8.0
18319,high,1,2.0,22.0,9.2,C,9.6
18320,low,1,4.0,14.0,8.4,A,7.9
18321,high,2,8.0,11.0,1.1,C,-100.0
18322,high,1,10.0,6.0,3.2,A,-100.0
18323,,0,27.0,4.0,9.2,A,11.8
18324,high,0,24.0,6.0,7.8,A,2.0
18325,none,3,11.0,1.0,6.6,A,-8.4
18326,none,4,16.0,9.0,7.2,A,-8.0
18327,high,2,13.0,8.0,2.2,A,-100.0
18328,low,2,7.0,7.0,2.2,A,-100.0
18329,high,2,19.0,14.0,6.0,A,-12.3
18330,low,0,18.0,22.0,5.2,D,-8.5
18331,high,0,14.0,3.0,2.7,A,-100.0
18332,medium,6,17.0,10.0,1.1,A,-100.0
18333,medium,1,23.0,13.0,9.3,A,10.6
18334,low,3,7.0,0.0,5.2,A,-15.1
18335,high,3,4.0,4.0,4.1,C,-100.0
18336,low,1,3.0,12.0,4.2,A,-15.1
18337,low,3,2.0,17.0,5.3,A,-13.9
18338,low,1,11.0,12.0,9.4,A,12.7
18339,low,1,9.0,9.0,3.5,D,-19.6
18340,high,2,4.0,28.0,1.7,A,-100.0
18341,medium,1,19.0,0.0,8.1,B,4.3
18342,high,1,1.0,33.0,5.5,B,-10.5
18343,low,4,15.0,8.0,3.4,A,-100.0
18344,high,1,2.0,14.0,4.4,A,-16.9
18345,medium,2,19.0,15.0,7.4,B,-1.9
18346,none,0,10.0,12.0,2.2,A,-100.0
18347,medium,0,13.0,12.0,6.7,A,-0.2
18348,low,2,4.0,5.0,6.9,A,-2.9
18349,low,3,8.0,8.0,9.0,D,5.8
18350,medium,2,14.0,10.0,2.7,A,-100.0
18351,low,2,15.0,0.0,9.5,A,10.2
18352,none,4,6.0,45.0,1.4,C,-100.0
18353,none,0,10.0,16.0,2.2,B,-100.0
18354,high,2,8.0,0.0,9.5,A,7.9
18355,low,2,3.0,23.0,8.8,A,7.8
18356,low,1,5.0,2.0,9.8,A,15.0
18357,low,2,10.0,18.0,6.6,A,-5.0
18358,low,0,2.0,3.0,3.8,A,-14.8
18359,low,2,4.0,48.0,8.3,A,5.2
18360,high,0,1.0,10.0,8.7,A,9.3
18361,medium,0,6.0,50.0,5.8,C,-4.1
18362,medium,1,11.0,8.0,1.3,A,-100.0
18363,none,2,5.0,8.0,2.7,A,-100.0
18364,low,1,8.0,4.0,4.2,A,-15.7
18365,medium,7,7.0,15.0,6.2,A,-19.8
18366,medium,0,10.0,6.0,3.7,A,-16.5
18367,high,1,17.0,1.0,8.8,A,5.7
18368,high,2,24.0,17.0,6.9,A,-7.8
18369,high,2,4.0,5.0,7.1,A,-4.8
18370,none,1,4.0,9.0,8.2,A,6.2
18371,medium,3,11.0,4.0,6.7,B,-7.6
18372,none,0,10.0,1.0,8.1,A,7.4
18373,low,1,14.0,0.0,10.0,A,15.0
18374,medium,1,3.0,1.0,1.8,A,-100.0
18375,medium,2,6.0,7.0,2.1,A,-100.0
18376,none,1,3.0,1.0,2.7,A,-100.0
18377,medium,1,7.0,24.0,8.7,A,9.0
18378,low,2,2.0,1.0,4.1,D,-18.2
18379,medium,1,11.0,14.0,5.6,A,-8.6
18380,high,0,8.0,13.0,6.0,A,-6.2
18381,low,4,15.0,15.0,9.6,A,5.9
18382,low,3,2.0,1.0,2.2,B,-100.0
18383,high,2,5.0,2.0,2.1,A,-100.0
18384,high,2,,20.0,7.9,C,
18385,none,2,4.0,34.0,8.1,C,3.4
18386,high,2,2.0,10.0,9.4,A,8.1
18387,none,0,7.0,2.0,9.5,A,15.0
18388,medium,4,7.0,8.0,2.9,C,-100.0
18389,high,1,18.0,11.0,4.4,B,-18.5
18390,none,0,5.0,23.0,5.8,A,-4.5
18391,high,0,10.0,3.0,2.7,C,-100.0
18392,medium,3,11.0,3.0,8.7,A,3.4
18393,high,0,20.0,3.0,5.9,A,-8.0
18394,high,2,19.0,3.0,9.2,A,5.2
18395,high,1,8.0,23.0,1.3,A,-100.0
18396,medium,0,14.0,28.0,9.5,A,15.0
18397,none,0,7.0,8.0,9.9,B,15.0
18398,high,3,6.0,5.0,9.3,D,4.6
18399,low,2,19.0,41.0,5.3,A,-12.9
18400,medium,2,6.0,14.0,4.7,A,-15.5
18401,medium,0,5.0,20.0,2.4,A,-100.0
18402,high,1,17.0,27.0,8.8,A,5.9
18403,high,0,5.0,6.0,7.7,B,3.4
18404,low,0,5.0,8.0,8.3,C,9.7
18405,low,3,16.0,4.0,3.9,A,-100.0
18406,none,0,30.0,21.0,6.8,A,-1.5
18407,high,3,23.0,4.0,9.9,B,6.2
18408,medium,2,2.0,24.0,9.5,B,11.4
18409,medium,0,24.0,50.0,7.1,C,1.2
18410,low,0,15.0,18.0,9.1,D,13.2
18411,medium,1,5.0,10.0,3.8,C,-17.9
18412,high,2,5.0,21.0,8.1,C,0.7
18413,medium,1,11.0,1.0,9.2,D,11.1
18414,low,1,6.0,10.0,2.8,A,-100.0
18415,high,2,19.0,27.0,2.7,A,-100.0
18416,low,2,14.0,4.0,2.7,A,-100.0
18417,high,2,5.0,23.0,7.1,A,-4.7
18418,medium,1,12.0,4.0,6.6,A,-3.3
18419,medium,1,7.0,22.0,8.6,A,8.4
18420,none,2,31.0,17.0,1.1,A,-100.0
18421,low,0,6.0,12.0,9.1,A,14.1
18422,low,2,3.0,8.0,6.0,C,-7.7
18423,medium,1,18.0,28.0,4.4,A,-15.7
18424,low,1,11.0,24.0,8.2,A,6.2
18425,high,2,37.0,6.0,5.5,A,-16.9
18426,none,0,15.0,12.0,5.9,C,-5.1
18427,low,0,6.0,12.0,2.2,A,-100.0
18428,medium,1,1.0,2.0,3.1,A,-100.0
18429,medium,2,12.0,17.0,5.3,B,-12.8
18430,medium,3,8.0,9.0,5.3,A,-15.0
18431,low,3,6.0,27.0,5.0,A,-15.8
18432,high,1,20.0,15.0,4.9,C,-15.9
18433,high,3,18.0,50.0,1.4,C,-100.0
18434,low,3,1.0,5.0,9.0,A,6.4
18435,high,1,7.0,6.0,9.1,B,8.4
18436,medium,1,32.0,34.0,5.7,D,-9.9
18437,none,1,2.0,2.0,5.5,C,-8.6
18438,low,2,2.0,22.0,6.0,C,-7.5
18439,none,3,5.0,15.0,2.1,A,-100.0
18440,high,2,17.0,20.0,3.6,A,-100.0
18441,low,0,14.0,9.0,8.6,A,10.5
18442,medium,1,10.0,40.0,9.8,A,14.9
18443,low,0,,14.0,1.2,C,
18444,high,0,14.0,15.0,3.8,A,-18.9
18445,low,1,21.0,3.0,3.7,A,-19.7
18446,none,1,23.0,14.0,7.5,A,0.5
18447,medium,3,8.0,13.0,4.0,A,-100.0
18448,low,0,14.0,12.0,7.2,A,2.8
18449,medium,1,12.0,10.0,5.5,A,-9.3
18450,medium,3,14.0,17.0,4.6,A,-19.3
18451,medium,1,14.0,2.0,1.1,C,-100.0
18452,high,1,5.0,5.0,7.5,A,-0.2
18453,low,4,7.0,31.0,9.7,C,7.4
18454,none,0,3.0,7.0,8.7,A,11.5
18455,,3,2.0,22.0,5.5,A,-13.4
18456,low,2,9.0,17.0,3.6,A,-100.0
18457,none,0,12.0,11.0,2.7,C,-100.0
18458,medium,2,3.0,17.0,9.0,B,8.5
18459,low,3,12.0,19.0,4.2,A,-100.0
18460,low,3,5.0,4.0,7.3,A,-3.3
18461,low,2,5.0,14.0,2.9,C,-100.0
18462,medium,0,24.0,4.0,9.3,B,12.9
18463,medium,0,13.0,3.0,9.9,A,15.0
18464,high,0,5.0,21.0,8.6,A,8.5
18465,high,0,14.0,12.0,2.1,C,-100.0
18466,medium,1,15.0,11.0,3.2,C,-100.0
18467,high,3,27.0,22.0,7.2,A,-8.9
18468,low,1,10.0,3.0,3.1,A,-100.0
18469,none,2,1.0,1.0,9.4,A,10.5
18470,high,1,,6.0,9.2,C,
18471,high,2,8.0,10.0,8.5,A,2.5
18472,low,1,11.0,3.0,2.1,A,-100.0
18473,low,2,6.0,6.0,1.5,C,-100.0
18474,medium,4,15.0,2.0,2.6,B,-100.0
18475,low,0,7.0,25.0,5.7,B,-4.6
18476,medium,2,12.0,11.0,5.1,A,-13.9
18477,medium,1,9.0,2.0,5.3,C,-10.1
18478,low,1,7.0,6.0,2.8,A,-100.0
18479,high,3,18.0,26.0,1.4,A,-100.0
18480,low,0,5.0,2.0,9.9,D,15.0
18481,medium,1,9.0,1.0,3.8,D,-18.4
18482,low,2,14.0,39.0,9.3,D,9.6
18483,low,1,2.0,10.0,3.5,A,-18.9
18484,high,1,30.0,15.0,7.8,C,-1.0
18485,high,0,2.0,7.0,3.7,A,-18.3
18486,none,2,6.0,8.0,8.7,B,6.2
18487,high,2,7.0,6.0,3.4,A,-100.0
18488,high,1,7.0,1.0,9.4,B,10.0
18489,none,0,7.0,2.0,8.3,A,8.8
18490,high,2,5.0,4.0,9.6,A,8.8
18491,high,2,20.0,29.0,3.3,A,-100.0
18492,medium,2,32.0,15.0,8.2,C,1.2
18493,high,0,8.0,33.0,9.7,A,14.4
18494,low,0,23.0,22.0,6.9,A,0.3
18495,low,0,14.0,23.0,6.5,A,-0.9
18496,high,1,8.0,20.0,6.1,C,-8.1
18497,medium,2,7.0,1.0,4.3,A,-17.9
18498,medium,0,10.0,13.0,2.3,A,-100.0
18499,low,0,16.0,25.0,1.5,A,-100.0
18500,high,3,8.0,50.0,1.4,C,-100.0
18501,high,1,1.0,13.0,9.2,A,9.6
18502,high,0,5.0,0.0,9.0,C,10.5
18503,medium,1,14.0,12.0,7.0,D,-1.2
18504,high,2,9.0,30.0,3.8,B,-100.0
18505,medium,2,27.0,1.0,9.8,A,10.3
18506,low,1,4.0,3.0,7.1,A,0.7
18507,low,1,8.0,1.0,8.4,C,7.4
18508,medium,3,3.0,23.0,8.8,A,4.9
18509,medium,1,,2.0,1.5,C,
18510,high,1,6.0,9.0,3.3,C,-100.0
18511,none,2,3.0,0.0,7.6,A,0.4
18512,medium,1,8.0,3.0,10.0,A,15.0
18513,,2,24.0,6.0,5.7,A,-12.1
18514,low,0,18.0,8.0,6.9,A,0.7
18515,high,2,13.0,26.0,9.3,C,6.6
18516,medium,3,31.0,5.0,3.3,C,-100.0
18517,none,2,5.0,26.0,7.8,A,1.5
18518,high,3,4.0,11.0,9.3,A,4.8
18519,none,2,3.0,14.0,7.5,A,-0.0
18520,medium,0,17.0,2.0,9.1,A,12.5
18521,high,1,20.0,6.0,7.2,A,-3.4
18522,high,1,1.0,23.0,1.6,C,-100.0
18523,none,0,7.0,2.0,8.2,C,8.3
18524,none,1,21.0,4.0,8.6,A,6.6
18525,medium,1,5.0,1.0,8.1,A,5.7
18526,medium,1,16.0,4.0,8.6,A,7.3
18527,low,1,17.0,1.0,9.1,B,10.3
18528,medium,1,6.0,16.0,8.3,C,6.8
18529,medium,3,2.0,50.0,9.1,C,7.0
18530,low,1,6.0,16.0,8.3,A,7.2
18531,none,0,3.0,34.0,9.9,A,15.0
18532,high,0,14.0,28.0,4.7,C,-13.8
18533,low,2,8.0,3.0,8.0,B,2.7
18534,high,2,20.0,14.0,4.4,A,-100.0
18535,high,2,13.0,1.0,1.3,A,-100.0
18536,high,2,7.0,16.0,7.0,A,-5.6
18537,none,2,10.0,10.0,2.2,A,-100.0
18538,low,2,6.0,1.0,8.3,A,4.5
18539,high,2,6.0,2.0,9.4,C,7.6
18540,medium,0,4.0,19.0,8.8,A,12.3
18541,none,2,12.0,4.0,3.6,A,-100.0
18542,high,0,4.0,9.0,4.6,B,-13.5
18543,low,0,18.0,8.0,9.3,A,13.9
18544,low,3,5.0,36.0,1.1,D,-100.0
18545,high,3,30.0,4.0,2.8,C,-100.0
18546,high,3,,4.0,9.5,C,
18547,low,2,6.0,26.0,6.9,A,-2.9
18548,high,2,3.0,24.0,8.1,A,1.0
18549,medium,1,6.0,23.0,4.6,A,-13.5
18550,high,1,1.0,11.0,8.8,A,7.4
18551,low,4,12.0,9.0,9.8,B,7.3
18552,low,0,4.0,5.0,2.8,A,-100.0
18553,high,1,13.0,6.0,2.1,B,-100.0
18554,high,2,2.0,3.0,7.8,C,-0.8
18555,high,2,7.0,17.0,9.0,A,5.4
18556,none,2,21.0,27.0,4.7,A,-17.1
18557,low,3,11.0,20.0,4.8,C,-17.5
18558,low,0,4.0,21.0,7.9,A,7.7
18559,high,2,15.0,3.0,8.4,A,1.2
18560,high,3,7.0,2.0,9.3,A,4.4
18561,none,1,21.0,15.0,2.7,C,-100.0
18562,low,1,8.0,16.0,1.5,B,-100.0
18563,medium,1,6.0,1.0,9.5,A,13.3
18564,low,0,4.0,6.0,2.9,D,-19.9
18565,high,2,2.0,2.0,1.5,A,-100.0
18566,low,1,9.0,10.0,8.5,C,7.9
18567,none,1,,3.0,1.9,C,
18568,high,0,5.0,2.0,10.0,A,15.0
18569,high,2,40.0,9.0,1.0,A,-100.0
18570,low,2,10.0,49.0,2.4,A,-100.0
18571,none,1,6.0,23.0,9.7,A,14.3
18572,medium,1,4.0,38.0,5.3,A,-9.3
18573,medium,1,21.0,30.0,1.8,A,-100.0
18574,medium,3,6.0,4.0,6.6,A,-7.7
18575,none,1,6.0,2.0,1.7,A,-100.0
18576,low,2,6.0,12.0,8.3,B,4.6
18577,medium,1,13.0,11.0,7.4,A,1.1
18578,low,1,1.0,8.0,3.1,A,-100.0
18579,high,0,3.0,27.0,8.1,C,6.0
18580,none,0,4.0,17.0,9.4,A,15.0
18581,low,3,14.0,5.0,6.2,C,-10.3
18582,medium,0,9.0,6.0,9.8,D,15.0
18583,none,0,26.0,3.0,2.4,A,-100.0
18584,high,0,6.0,15.0,2.4,A,-100.0
18585,high,1,2.0,7.0,8.7,D,6.7
18586,none,0,8.0,5.0,9.2,A,13.7
18587,none,1,25.0,3.0,8.3,A,4.6
18588,medium,4,9.0,8.0,,D,
18589,medium,1,12.0,12.0,5.3,D,-10.3
18590,low,2,8.0,7.0,9.4,A,10.4
18591,low,0,13.0,16.0,9.0,D,12.8
18592,medium,0,6.0,19.0,5.7,B,-5.0
18593,none,4,7.0,15.0,9.1,A,3.4
18594,medium,1,7.0,8.0,9.8,A,14.9
18595,none,3,18.0,4.0,4.7,D,-19.5
18596,high,3,7.0,2.0,6.6,A,-10.4
18597,high,1,5.0,0.0,9.3,A,9.6
18598,medium,1,15.0,11.0,6.6,B,-3.5
18599,low,1,7.0,13.0,8.2,A,6.5
18600,low,1,8.0,26.0,9.3,A,12.6
18601,medium,1,4.0,17.0,2.3,A,-100.0
18602,low,0,4.0,20.0,8.7,A,12.1
18603,high,3,4.0,1.0,5.9,A,-14.0
18604,none,1,8.0,3.0,8.4,A,6.8
18605,high,0,5.0,12.0,1.2,A,-100.0
18606,high,1,5.0,1.0,1.2,A,-100.0
18607,none,1,12.0,5.0,8.7,D,8.1
18608,none,0,8.0,2.0,,D,
18609,medium,1,18.0,4.0,9.2,A,10.4
18610,high,0,14.0,8.0,4.4,A,-15.6
18611,low,2,4.0,26.0,9.2,A,9.9
18612,medium,1,31.0,3.0,2.9,A,-100.0
18613,low,4,8.0,5.0,3.7,B,-100.0
18614,low,2,7.0,7.0,6.8,A,-3.8
18615,low,1,2.0,0.0,,A,
18616,low,2,8.0,7.0,5.0,A,-13.8
18617,medium,2,10.0,17.0,4.1,A,-19.2
18618,high,1,29.0,15.0,2.6,A,-100.0
18619,low,0,6.0,50.0,8.2,A,9.5
18620,high,2,14.0,0.0,7.0,A,-6.4
18621,low,3,4.0,9.0,7.4,A,-2.6
18622,high,5,4.0,17.0,6.8,A,-13.8
18623,none,1,32.0,20.0,6.5,A,-5.9
18624,high,2,2.0,30.0,2.6,A,-100.0
18625,none,3,9.0,35.0,3.1,D,-100.0
18626,none,2,14.0,1.0,2.1,A,-100.0
18627,low,1,1.0,17.0,9.5,A,14.3
18628,medium,1,12.0,4.0,3.7,A,-19.2
18629,low,3,4.0,0.0,5.1,C,-15.4
18630,medium,2,13.0,11.0,8.2,A,3.0
18631,low,1,2.0,20.0,7.8,A,4.9
18632,medium,3,5.0,5.0,2.6,A,-100.0
18633,high,2,10.0,0.0,5.7,A,-13.2
18634,high,2,12.0,12.0,9.6,C,8.2
18635,none,6,6.0,22.0,8.3,D,-5.9
18636,low,2,16.0,8.0,9.2,B,8.6
18637,low,1,22.0,25.0,8.4,D,6.2
18638,medium,2,3.0,11.0,5.9,C,-8.6
18639,low,1,2.0,9.0,9.5,A,14.1
18640,medium,1,14.0,2.0,2.0,A,-100.0
18641,low,0,14.0,12.0,3.8,A,-15.9
18642,high,0,7.0,36.0,8.7,A,9.0
18643,low,6,12.0,21.0,9.8,A,2.4
18644,medium,1,9.0,1.0,9.4,A,12.4
18645,high,2,3.0,6.0,8.8,A,4.6
18646,high,0,6.0,44.0,5.4,A,-9.0
18647,medium,3,2.0,4.0,5.2,C,-15.0
18648,high,1,9.0,38.0,4.7,A,-15.7
18649,none,2,3.0,4.0,9.2,A,9.2
18650,none,1,5.0,6.0,8.8,D,9.3
18651,medium,3,4.0,25.0,9.8,A,10.3
18652,low,0,13.0,1.0,9.6,A,15.0
18653,none,2,37.0,4.0,10.0,C,10.2
18654,low,5,3.0,5.0,6.1,A,-14.7
18655,medium,1,4.0,50.0,4.9,D,-11.3
18656,low,2,10.0,2.0,5.8,A,-9.6
18657,high,1,6.0,12.0,9.3,C,9.6
18658,medium,0,7.0,8.0,9.6,A,15.0
18659,none,2,9.0,8.0,9.8,A,12.0
18660,high,1,4.0,15.0,8.7,D,6.6
18661,low,3,10.0,4.0,9.4,A,7.7
18662,high,3,24.0,7.0,5.5,A,-18.1
18663,high,0,12.0,17.0,6.7,B,-2.7
18664,high,2,12.0,7.0,5.8,A,-12.8
18665,low,1,9.0,3.0,1.6,A,-100.0
18666,none,1,18.0,2.0,8.9,B,8.6
18667,high,0,12.0,17.0,4.8,A,-13.1
18668,high,0,9.0,2.0,1.2,B,-100.0
18669,high,0,3.0,0.0,5.4,A,-9.1
18670,high,1,6.0,6.0,1.5,A,-100.0
18671,medium,1,15.0,33.0,5.0,A,-12.1
18672,none,2,5.0,4.0,7.2,A,-2.0
18673,high,1,3.0,3.0,8.1,A,3.3
18674,high,3,15.0,0.0,9.1,A,2.5
18675,high,1,5.0,0.0,2.0,A,-100.0
18676,low,1,12.0,0.0,9.4,C,12.5
18677,high,1,3.0,13.0,3.0,B,-100.0
18678,high,2,3.0,18.0,9.3,A,7.5
18679,none,5,3.0,23.0,7.4,A,-8.0
18680,low,1,10.0,1.0,9.2,A,11.6
18681,high,1,22.0,28.0,5.9,A,-10.5
18682,low,3,8.0,1.0,6.4,A,-8.6
18683,low,0,12.0,1.0,2.3,A,-100.0
18684,none,1,4.0,11.0,6.3,A,-4.3
18685,medium,2,5.0,1.0,8.5,A,5.4
18686,high,3,2.0,8.0,3.8,D,-100.0
18687,medium,1,4.0,23.0,5.8,A,-6.7
18688,low,2,1.0,2.0,2.6,A,-100.0
18689,low,1,4.0,10.0,2.7,A,-100.0
18690,high,1,8.0,9.0,9.2,A,8.9
18691,low,0,11.0,6.0,5.4,D,-6.9
18692,medium,3,11.0,9.0,3.8,A,-100.0
18693,low,0,7.0,0.0,9.3,C,14.9
18694,low,1,2.0,17.0,9.0,B,11.4
18695,low,1,13.0,22.0,3.0,A,-100.0
18696,medium,0,9.0,19.0,3.9,B,-15.2
18697,medium,0,15.0,15.0,2.4,A,-100.0
18698,high,0,8.0,12.0,1.1,A,-100.0
18699,high,2,5.0,5.0,8.9,A,5.0
18700,low,1,5.0,16.0,8.6,C,8.9
18701,none,2,11.0,30.0,4.9,A,-15.0
18702,none,0,9.0,0.0,7.2,C,2.6
18703,none,1,20.0,12.0,6.2,A,-6.4
18704,low,3,5.0,3.0,1.5,C,-100.0
18705,low,2,28.0,8.0,9.8,A,10.7
18706,high,3,25.0,15.0,6.8,A,-11.0
18707,high,3,6.0,17.0,8.3,A,-0.8
18708,low,2,9.0,11.0,5.3,A,-12.2
18709,low,1,10.0,14.0,5.2,A,-10.3
18710,low,0,8.0,9.0,2.4,D,-100.0
18711,low,3,5.0,4.0,9.9,C,11.0
18712,none,2,2.0,30.0,1.2,B,-100.0
18713,high,1,14.0,11.0,3.0,A,-100.0
18714,low,0,9.0,1.0,10.0,A,15.0
18715,high,1,3.0,21.0,5.3,A,-12.0
18716,medium,2,10.0,2.0,5.1,C,-13.8
18717,none,2,11.0,3.0,10.0,C,12.8
18718,low,0,12.0,6.0,8.3,A,9.0
18719,low,3,5.0,4.0,9.1,A,6.6
18720,high,2,11.0,10.0,3.1,A,-100.0
18721,low,0,22.0,10.0,1.4,B,-100.0
18722,none,2,8.0,15.0,2.5,A,-100.0
18723,low,1,1.0,9.0,1.6,A,-100.0
18724,,1,11.0,1.0,2.1,C,-100.0
18725,high,2,4.0,18.0,2.4,A,-100.0
18726,low,1,4.0,8.0,3.6,A,-18.5
18727,high,0,7.0,9.0,5.2,C,-10.5
18728,medium,1,,34.0,3.9,C,
18729,low,4,3.0,15.0,9.2,A,4.9
18730,low,1,32.0,15.0,6.8,C,-3.7
18731,low,1,7.0,3.0,2.6,B,-100.0
18732,low,1,17.0,8.0,4.4,C,-15.5
18733,high,1,4.0,6.0,4.0,A,-19.4
18734,medium,0,16.0,3.0,6.3,A,-2.8
18735,none,2,7.0,1.0,3.4,A,-100.0
18736,medium,3,2.0,2.0,8.2,A,1.5
18737,none,2,5.0,1.0,7.1,A,-2.6
18738,none,2,4.0,9.0,3.1,D,-100.0
18739,high,3,10.0,6.0,9.5,A,5.3
18740,low,2,10.0,2.0,4.2,A,-18.4
18741,none,1,7.0,5.0,2.5,B,-100.0
18742,,0,10.0,1.0,1.2,A,-100.0
18743,low,1,15.0,8.0,9.0,C,10.0
18744,low,4,7.0,3.0,8.8,D,2.2
18745,low,2,16.0,2.0,3.1,A,-100.0
18746,medium,0,18.0,22.0,9.7,B,15.0
18747,low,3,13.0,2.0,1.8,A,-100.0
18748,low,0,7.0,13.0,2.1,C,-100.0
18749,low,1,5.0,5.0,8.8,A,9.9
18750,low,1,16.0,22.0,8.2,A,5.7
18751,high,1,14.0,0.0,9.0,C,7.1
18752,medium,1,15.0,27.0,7.8,A,3.3
18753,medium,0,16.0,21.0,9.1,A,12.8
18754,medium,0,10.0,38.0,8.0,A,7.5
18755,high,1,6.0,5.0,10.0,A,13.4
18756,low,2,6.0,12.0,8.8,C,7.4
18757,medium,3,7.0,4.0,7.3,A,-3.9
18758,medium,2,14.0,23.0,5.3,A,-12.9
18759,high,3,2.0,5.0,8.5,A,0.6
18760,none,2,9.0,9.0,9.5,A,10.3
18761,high,1,3.0,3.0,8.9,A,7.6
18762,high,0,10.0,11.0,9.7,A,13.9
18763,high,3,4.0,4.0,9.9,C,8.1
18764,low,1,9.0,2.0,8.1,A,5.6
18765,high,0,7.0,9.0,9.4,C,12.6
18766,medium,2,14.0,0.0,9.9,A,12.2
18767,low,0,1.0,3.0,1.5,A,-100.0
18768,medium,0,1.0,16.0,8.8,A,12.6
18769,high,2,10.0,10.0,1.3,C,-100.0
18770,low,0,3.0,18.0,2.7,A,-100.0
18771,high,3,2.0,5.0,2.1,A,-100.0
18772,high,1,8.0,12.0,3.7,A,-100.0
18773,medium,1,,7.0,4.9,C,
18774,medium,1,3.0,1.0,9.7,A,14.7
18775,,1,9.0,2.0,8.7,A,8.3
18776,none,3,7.0,13.0,6.8,A,-6.8
18777,low,3,7.0,5.0,4.7,D,-17.8
18778,medium,1,6.0,10.0,2.5,A,-100.0
18779,low,2,20.0,12.0,9.4,C,9.3
18780,high,2,6.0,9.0,8.3,A,1.6
18781,none,5,30.0,2.0,6.1,D,-18.1
18782,high,1,3.0,18.0,6.0,A,-8.1
18783,high,0,9.0,7.0,1.8,A,-100.0
18784,,2,4.0,19.0,9.6,A,11.5
18785,high,0,9.0,15.0,9.9,A,15.0
18786,low,0,4.0,20.0,1.7,C,-100.0
18787,high,3,4.0,8.0,8.4,A,-0.1
18788,low,1,8.0,10.0,9.4,A,13.0
18789,none,0,8.0,0.0,3.6,A,-17.1
18790,low,1,6.0,4.0,3.5,C,-19.3
18791,low,1,34.0,2.0,8.4,C,4.8
18792,low,1,3.0,6.0,2.4,D,-100.0
18793,none,6,16.0,2.0,9.0,A,-3.2
18794,low,1,7.0,7.0,4.8,A,-12.3
18795,high,2,10.0,0.0,6.6,A,-8.2
18796,high,1,15.0,7.0,9.9,C,
18797,medium,0,4.0,2.0,7.1,C,2.8
18798,medium,1,7.0,4.0,7.9,C,4.4
18799,low,4,4.0,6.0,3.5,A,-100.0
18800,none,1,7.0,17.0,6.5,A,-3.4
18801,medium,0,19.0,26.0,3.2,A,-19.9
18802,none,1,5.0,2.0,2.0,C,-100.0
18803,low,0,4.0,34.0,7.5,A,5.7
18804,none,0,8.0,20.0,8.5,A,10.0
18805,medium,3,9.0,1.0,1.4,A,-100.0
18806,none,4,10.0,11.0,4.3,A,-100.0
18807,medium,0,1.0,5.0,8.6,C,11.4
18808,high,1,10.0,9.0,9.1,C,8.1
18809,medium,2,16.0,5.0,7.1,A,-3.4
18810,medium,2,7.0,20.0,8.9,A,
18811,high,2,2.0,14.0,2.7,B,-100.0
18812,high,1,15.0,2.0,6.3,A,-7.9
18813,high,0,4.0,3.0,8.5,A,7.9
18814,high,1,1.0,50.0,2.7,A,-100.0
18815,low,2,11.0,3.0,7.9,A,1.9
18816,high,1,14.0,4.0,1.9,A,-100.0
18817,high,2,12.0,1.0,8.2,A,0.4
18818,medium,2,5.0,14.0,5.0,C,-13.8
18819,medium,1,,24.0,9.9,C,
18820,none,0,13.0,27.0,6.7,C,-0.3
18821,low,1,14.0,12.0,5.0,D,-11.8
18822,low,1,8.0,42.0,6.7,A,-1.6
18823,low,1,14.0,3.0,4.8,A,-13.0
18824,low,2,14.0,17.0,9.0,A,7.8
18825,high,2,3.0,12.0,7.8,C,-0.8
18826,low,1,5.0,24.0,9.8,A,
18827,high,1,9.0,15.0,8.4,C,4.4
18828,high,3,14.0,8.0,2.4,A,-100.0
18829,high,0,8.0,37.0,4.5,A,-14.2
18830,medium,1,15.0,11.0,3.0,A,-100.0
18831,high,1,6.0,7.0,10.0,A,13.4
18832,high,5,8.0,17.0,6.7,A,-14.8
18833,low,2,3.0,1.0,8.8,A,7.6
18834,low,3,12.0,2.0,8.9,A,4.7
18835,none,3,21.0,50.0,9.7,A,8.1
18836,low,1,7.0,6.0,5.1,A,-10.6
18837,high,0,9.0,7.0,7.3,A,0.8
18838,none,0,9.0,3.0,9.3,A,14.2
18839,high,0,3.0,12.0,1.2,A,-100.0
18840,high,1,1.0,1.0,5.8,A,-9.2
18841,high,1,22.0,7.0,6.3,A,-8.5
18842,high,0,6.0,6.0,2.7,A,-100.0
18843,none,1,6.0,2.0,5.2,A,-10.6
18844,medium,2,13.0,16.0,7.7,C,0.3
18845,medium,1,9.0,24.0,2.7,C,-100.0
18846,high,1,4.0,13.0,8.3,C,4.4
18847,none,2,4.0,31.0,9.8,B,12.7
18848,high,0,11.0,1.0,7.7,A,2.7
18849,low,1,31.0,5.0,5.3,A,-11.9
18850,low,1,8.0,4.0,3.6,A,-19.0
18851,medium,4,9.0,28.0,4.0,C,-100.0
18852,none,0,2.0,9.0,4.6,A,-10.9
18853,high,1,1.0,19.0,1.5,A,-100.0
18854,low,0,6.0,7.0,8.9,A,12.9
18855,low,1,29.0,3.0,8.9,C,8.1
18856,low,2,29.0,18.0,8.7,A,4.6
18857,low,2,17.0,6.0,3.2,C,-100.0
18858,high,1,14.0,9.0,6.0,A,-9.3
18859,low,1,8.0,18.0,8.4,B,7.6
18860,high,1,18.0,2.0,5.2,A,-14.2
18861,low,2,9.0,20.0,3.9,A,-19.8
18862,high,3,14.0,10.0,8.4,A,-1.1
18863,medium,0,5.0,3.0,1.1,A,-100.0
18864,high,0,8.0,1.0,2.9,B,-100.0
18865,high,1,0.0,2.0,8.6,A,6.3
18866,high,0,25.0,21.0,5.6,B,-10.0
18867,high,2,22.0,0.0,4.2,D,-100.0
18868,medium,1,36.0,38.0,8.1,A,2.9
18869,none,0,4.0,3.0,1.3,A,-100.0
18870,medium,1,6.0,11.0,9.7,A,14.5
18871,high,1,21.0,4.0,5.0,A,-15.6
18872,high,5,6.0,20.0,2.5,A,-100.0
18873,high,2,23.0,25.0,8.6,A,1.7
18874,medium,0,10.0,2.0,8.5,A,9.9
18875,medium,2,1.0,5.0,,C,
18876,,1,7.0,1.0,3.2,B,-100.0
18877,high,1,14.0,9.0,8.2,B,2.8
18878,none,1,10.0,5.0,8.7,B,8.3
18879,low,4,16.0,0.0,8.6,A,0.2
18880,none,1,4.0,6.0,1.5,A,-100.0
18881,high,1,10.0,7.0,9.0,A,7.5
18882,none,4,20.0,0.0,2.8,C,-100.0
18883,low,0,20.0,7.0,9.9,A,15.0
18884,high,4,8.0,4.0,4.5,A,-100.0
18885,medium,2,7.0,4.0,9.4,A,10.1
18886,high,2,3.0,14.0,6.8,A,-6.3
18887,high,1,7.0,44.0,3.0,B,-100.0
18888,medium,3,1.0,4.0,9.2,D,7.1
18889,high,3,2.0,11.0,5.3,A,-17.0
18890,low,2,4.0,24.0,2.5,A,-100.0
18891,low,3,24.0,22.0,9.8,B,8.7
18892,high,0,13.0,10.0,5.5,A,-9.5
18893,high,1,12.0,1.0,8.5,B,4.5
18894,medium,0,3.0,8.0,2.7,A,-100.0
18895,low,3,3.0,29.0,7.3,D,-2.9
18896,low,3,5.0,10.0,9.8,B,10.5
18897,high,3,7.0,4.0,1.9,A,-100.0
18898,none,0,8.0,6.0,10.0,B,15.0
18899,low,1,15.0,6.0,9.0,A,10.0
18900,low,2,13.0,42.0,1.3,A,-100.0
18901,,4,12.0,33.0,3.7,A,-100.0
18902,high,1,1.0,38.0,3.3,A,-100.0
18903,none,3,1.0,9.0,2.7,A,-100.0
18904,high,5,40.0,11.0,9.3,A,-3.8
18905,medium,1,8.0,3.0,9.3,B,12.0
18906,low,1,11.0,5.0,6.1,A,-5.5
18907,low,0,14.0,14.0,9.8,A,15.0
18908,high,3,11.0,26.0,1.4,C,-100.0
18909,low,2,4.0,7.0,9.7,C,12.5
18910,medium,2,5.0,9.0,2.9,A,-100.0
18911,high,2,10.0,3.0,2.3,C,-100.0
18912,none,0,4.0,3.0,4.2,A,-13.4
18913,low,1,3.0,1.0,9.7,A,15.0
18914,low,3,10.0,18.0,8.9,A,5.1
18915,medium,1,4.0,13.0,9.6,C,14.1
18916,high,3,21.0,3.0,8.2,A,-3.0
18917,medium,2,12.0,6.0,8.3,A,3.6
18918,low,1,11.0,12.0,9.5,A,13.3
18919,high,0,17.0,10.0,9.5,C,12.1
18920,medium,3,3.0,46.0,1.2,A,-100.0
18921,low,1,6.0,0.0,5.9,A,-6.2
18922,high,1,3.0,9.0,3.8,A,-100.0
18923,medium,2,20.0,14.0,8.6,A,4.5
18924,low,3,12.0,6.0,9.7,A,9.2
18925,medium,0,3.0,50.0,8.9,A,13.2
18926,low,1,2.0,33.0,8.7,A,10.0
18927,high,1,3.0,6.0,8.2,A,3.8
18928,low,2,17.0,0.0,2.6,C,-100.0
18929,low,3,18.0,17.0,9.9,A,9.8
18930,high,0,11.0,4.0,3.0,A,-100.0
18931,low,1,13.0,0.0,6.1,A,-5.8
18932,high,1,29.0,10.0,6.5,A,-8.1
18933,medium,1,11.0,1.0,1.8,A,-100.0
18934,none,1,9.0,5.0,9.1,A,10.6
18935,high,0,14.0,1.0,9.9,A,14.5
18936,none,0,3.0,7.0,3.3,B,-18.2
18937,low,3,11.0,9.0,9.7,C,9.3
18938,low,3,5.0,5.0,8.8,A,4.9
18939,high,2,29.0,2.0,3.8,C,-100.0
18940,low,1,24.0,3.0,5.3,A,-11.2
18941,none,3,8.0,23.0,5.8,A,-12.3
18942,high,2,,15.0,8.7,C,
18943,none,3,3.0,36.0,9.3,C,7.6
18944,medium,4,15.0,11.0,9.2,A,3.3
18945,medium,4,9.0,14.0,8.6,A,0.6
18946,low,1,8.0,23.0,9.0,C,10.9
18947,low,1,10.0,2.0,6.9,B,-1.1
18948,high,4,10.0,26.0,4.9,B,-100.0
18949,medium,0,5.0,36.0,6.0,A,-3.0
18950,medium,1,11.0,15.0,3.7,C,-19.0
18951,medium,1,11.0,5.0,8.1,C,5.1
18952,low,2,13.0,14.0,8.0,A,2.3
18953,none,1,14.0,2.0,6.3,A,-5.3
18954,low,3,10.0,3.0,4.0,B,-100.0
18955,high,2,10.0,17.0,9.7,B,9.0
18956,low,2,5.0,7.0,8.8,A,7.4
18957,low,1,4.0,9.0,2.3,A,-100.0
18958,high,2,3.0,2.0,3.1,A,-100.0
18959,high,4,22.0,1.0,9.4,C,1.0
18960,low,2,4.0,7.0,1.8,C,-100.0
18961,low,1,9.0,27.0,2.9,D,-100.0
18962,none,1,7.0,2.0,9.7,A,14.0
18963,low,2,5.0,38.0,2.5,D,-100.0
18964,high,1,6.0,8.0,7.5,A,-0.3
18965,low,0,30.0,4.0,1.2,A,-100.0
18966,none,1,8.0,2.0,9.5,C,12.8
18967,medium,4,3.0,50.0,7.9,C,-2.2
18968,medium,0,9.0,13.0,9.5,A,15.0
18969,high,1,11.0,17.0,8.6,A,5.3
18970,low,2,6.0,50.0,3.5,C,-100.0
18971,low,2,6.0,3.0,3.4,A,-100.0
18972,high,2,11.0,8.0,4.4,C,-100.0
18973,medium,2,7.0,7.0,8.2,A,3.6
18974,low,0,10.0,12.0,6.6,A,-0.1
18975,low,2,10.0,0.0,5.5,A,-11.3
18976,high,2,24.0,1.0,8.7,A,1.9
18977,medium,1,2.0,43.0,8.0,A,5.8
18978,low,2,5.0,1.0,3.2,A,-100.0
18979,high,2,24.0,4.0,2.1,D,-100.0
18980,none,3,10.0,37.0,2.0,A,-100.0
18981,medium,1,40.0,7.0,5.2,A,-13.7
18982,low,2,2.0,3.0,5.7,A,-9.3
18983,none,3,20.0,19.0,9.8,C,8.5
18984,none,4,17.0,8.0,9.8,B,6.2
18985,high,0,5.0,2.0,9.5,A,13.2
18986,medium,0,4.0,0.0,9.2,A,14.3
18987,low,2,6.0,14.0,8.8,A,7.4
18988,low,2,3.0,3.0,1.7,A,-100.0
18989,low,2,18.0,21.0,5.8,A,-10.2
18990,high,0,5.0,24.0,2.1,C,-100.0
18991,low,2,6.0,10.0,9.6,A,11.8
18992,low,4,14.0,11.0,3.3,D,-100.0
18993,low,1,13.0,13.0,3.9,A,-17.7
18994,high,2,3.0,29.0,7.1,C,-4.5
18995,low,2,5.0,27.0,8.9,A,8.2
18996,none,1,19.0,11.0,2.5,D,-100.0
18997,low,1,12.0,9.0,7.8,A,3.8
18998,high,1,30.0,7.0,9.6,A,8.8
18999,high,2,6.0,20.0,5.6,A,-13.1
19000,medium,3,10.0,14.0,1.5,C,-100.0
19001,low,0,17.0,3.0,3.6,B,-17.4
19002,high,2,12.0,2.0,8.4,C,1.5
19003,low,1,12.0,4.0,9.8,A,14.7
19004,low,2,13.0,11.0,1.6,A,-100.0
19005,medium,2,9.0,1.0,7.1,A,-2.7
19006,low,0,4.0,22.0,3.1,A,-18.7
19007,medium,1,4.0,18.0,7.8,A,4.3
19008,low,1,30.0,9.0,7.0,B,-2.4
19009,low,1,16.0,50.0,8.6,A,8.2
19010,high,2,6.0,9.0,4.1,A,-100.0
19011,low,0,8.0,0.0,9.4,A,15.0
19012,medium,3,13.0,4.0,9.3,A,6.5
19013,low,0,20.0,6.0,7.9,A,6.0
19014,none,1,40.0,26.0,8.5,A,4.4
19015,medium,0,4.0,8.0,8.6,B,11.1
19016,none,1,5.0,41.0,3.9,C,-17.3
19017,medium,0,2.0,2.0,2.4,B,-100.0
19018,high,4,9.0,11.0,5.5,A,-19.1
19019,medium,1,8.0,2.0,9.7,A,14.2
19020,high,0,10.0,33.0,2.7,A,-100.0
19021,medium,1,4.0,6.0,2.1,A,-100.0
19022,high,1,3.0,5.0,9.7,A,12.1
19023,high,1,12.0,44.0,9.3,A,9.4
19024,none,1,2.0,8.0,1.0,C,-100.0
19025,low,2,4.0,1.0,4.9,A,-14.0
19026,medium,1,25.0,19.0,1.3,A,-100.0
19027,low,1,10.0,2.0,6.8,A,-1.6
19028,high,0,3.0,10.0,8.1,A,5.8
19029,low,0,3.0,15.0,7.0,D,2.8
19030,medium,0,7.0,10.0,2.5,A,-100.0
19031,high,1,8.0,8.0,8.3,A,3.9
19032,high,1,6.0,45.0,8.7,A,6.7
19033,low,4,15.0,14.0,2.3,C,-100.0
19034,low,5,2.0,2.0,5.1,C,-100.0
19035,low,0,7.0,9.0,5.9,A,-3.7
19036,medium,3,16.0,15.0,2.1,A,-100.0
19037,low,2,4.0,30.0,9.5,A,11.6
19038,low,1,2.0,6.0,8.8,A,10.2
19039,low,0,16.0,8.0,2.1,A,-100.0
19040,low,2,17.0,21.0,6.3,C,-7.4
19041,low,1,3.0,10.0,9.6,A,14.6
19042,none,0,40.0,50.0,1.7,C,-100.0
19043,medium,0,3.0,47.0,8.3,C,9.9
19044,medium,1,2.0,7.0,4.9,A,-11.6
19045,medium,1,5.0,24.0,1.1,A,-100.0
19046,none,2,13.0,2.0,1.2,A,-100.0
19047,none,3,4.0,14.0,5.2,A,-15.3
19048,high,2,4.0,45.0,3.7,A,-100.0
19049,high,3,20.0,6.0,5.3,B,-18.8
19050,medium,1,,26.0,1.5,C,
19051,high,1,11.0,12.0,8.9,C,6.9
19052,high,3,12.0,3.0,3.9,D,-100.0
19053,medium,2,3.0,3.0,8.3,C,4.5
19054,medium,1,5.0,37.0,2.4,A,-100.0
19055,medium,3,9.0,7.0,4.8,C,-17.8
19056,none,0,10.0,15.0,8.2,A,8.1
19057,low,2,3.0,14.0,6.7,C,-3.8
19058,high,3,3.0,2.0,2.5,A,-100.0
19059,low,1,11.0,12.0,9.4,A,12.7
19060,medium,0,,3.0,2.6,C,
19061,none,0,5.0,1.0,1.3,A,-100.0
19062,high,4,18.0,8.0,1.5,A,-100.0
19063,low,2,15.0,20.0,4.5,A,-17.1
19064,low,1,12.0,13.0,3.4,B,-100.0
19065,medium,0,7.0,5.0,8.5,A,10.2
19066,low,1,1.0,19.0,2.8,A,-100.0
19067,high,0,5.0,6.0,9.8,A,14.9
19068,low,1,3.0,50.0,9.4,A,13.9
19069,high,2,5.0,7.0,6.2,A,-9.9
19070,medium,2,,7.0,7.9,C,
19071,none,4,2.0,28.0,6.0,B,-13.0
19072,medium,0,5.0,25.0,9.8,C,15.0
19073,high,2,11.0,10.0,7.4,D,-3.8
19074,low,0,3.0,11.0,8.7,A,12.1
19075,medium,1,1.0,10.0,2.2,A,-100.0
19076,low,1,6.0,27.0,9.3,A,12.8
19077,medium,0,9.0,9.0,8.7,C,11.1
19078,high,2,4.0,15.0,8.5,A,3.0
19079,high,2,4.0,1.0,1.9,C,-100.0
19080,medium,0,19.0,13.0,4.3,A,-14.0
19081,medium,2,26.0,19.0,9.0,A,6.2
19082,low,3,1.0,9.0,1.3,A,-100.0
19083,low,2,14.0,1.0,9.4,C,9.8
19084,low,1,5.0,11.0,8.1,A,6.1
19085,medium,0,5.0,17.0,1.3,A,-100.0
19086,medium,4,19.0,7.0,9.7,D,5.6
19087,high,1,4.0,1.0,6.9,A,-3.5
19088,none,0,3.0,13.0,2.1,A,-100.0
19089,high,4,11.0,3.0,2.5,A,-100.0
19090,high,1,24.0,3.0,9.9,A,11.0
19091,medium,1,3.0,35.0,2.6,A,-100.0
19092,,1,1.0,6.0,3.8,A,-17.8
19093,high,3,,0.0,2.6,C,
19094,medium,1,8.0,13.0,4.8,A,-12.7
19095,medium,0,8.0,16.0,8.6,A,10.8
19096,medium,1,13.0,18.0,8.4,D,6.7
19097,none,1,3.0,20.0,7.0,A,-0.2
19098,high,0,34.0,10.0,3.3,A,-100.0
19099,low,4,2.0,2.0,9.5,A,6.5
19100,high,0,5.0,23.0,8.3,C,6.8
19101,high,0,13.0,46.0,2.3,A,-100.0
19102,high,1,8.0,2.0,8.6,A,5.5
19103,low,0,6.0,40.0,1.6,D,-100.0
19104,medium,5,20.0,12.0,6.2,A,-16.2
19105,none,1,24.0,29.0,9.7,D,12.6
19106,high,0,3.0,13.0,1.0,C,-100.0
19107,none,1,,50.0,6.8,C,
19108,low,0,7.0,2.0,7.3,C,3.9
19109,low,3,6.0,20.0,8.1,A,1.1
19110,high,2,5.0,9.0,8.6,C,3.4
19111,high,0,23.0,1.0,8.1,A,3.7
19112,,1,13.0,4.0,6.8,B,-2.5
19113,low,3,10.0,9.0,8.8,A,4.5
19114,low,2,2.0,12.0,7.8,C,2.3
19115,medium,1,20.0,5.0,5.1,A,-12.3
19116,medium,4,3.0,23.0,3.9,C,
19117,high,0,29.0,25.0,4.6,C,-15.9
19118,high,0,13.0,13.0,4.9,C,-12.7
19119,high,1,20.0,31.0,8.9,A,6.2
19120,low,1,2.0,8.0,5.9,A,-5.7
19121,high,1,10.0,50.0,9.5,A,10.7
19122,medium,2,15.0,1.0,2.1,D,-100.0
19123,medium,1,7.0,41.0,9.2,A,11.9
19124,high,2,6.0,4.0,6.1,A,-10.5
19125,low,3,12.0,4.0,5.1,A,-16.1
19126,high,0,4.0,16.0,2.8,A,-100.0
19127,none,5,1.0,0.0,9.5,A,3.5
19128,none,0,7.0,21.0,8.8,B,11.8
19129,high,1,2.0,8.0,8.3,A,4.5
19130,high,0,10.0,29.0,2.0,A,-100.0
19131,low,0,16.0,15.0,3.3,B,-18.8
19132,low,4,10.0,35.0,9.5,A,6.1
19133,high,1,12.0,13.0,10.0,A,12.9
19134,none,1,29.0,12.0,1.4,A,-100.0
19135,none,0,10.0,13.0,5.5,A,-6.8
19136,medium,1,17.0,8.0,5.5,B,-9.8
19137,high,1,16.0,2.0,9.5,B,9.7
19138,low,0,19.0,43.0,7.7,B,5.4
19139,medium,1,14.0,9.0,2.3,C,-100.0
19140,low,1,7.0,3.0,1.2,D,-100.0
19141,medium,2,23.0,14.0,8.2,A,2.0
19142,medium,1,14.0,2.0,9.9,A,14.7
19143,high,1,3.0,1.0,2.4,C,-100.0
19144,medium,1,7.0,26.0,5.7,D,-7.5
19145,medium,1,4.0,26.0,8.1,C,6.0
19146,low,3,28.0,29.0,9.4,A,6.2
19147,high,1,10.0,9.0,3.1,A,-100.0
19148,high,2,2.0,11.0,2.0,A,-100.0
19149,high,0,22.0,1.0,1.7,A,-100.0
19150,low,1,,5.0,8.4,C,
19151,none,2,7.0,6.0,1.1,A,-100.0
19152,high,2,3.0,14.0,8.0,C,0.3
19153,medium,2,15.0,4.0,9.7,C,11.0
19154,,0,3.0,9.0,8.9,A,12.6
19155,low,3,2.0,8.0,,A,
19156,high,3,20.0,15.0,1.6,C,-100.0
19157,none,0,16.0,14.0,3.6,C,-17.8
19158,none,1,4.0,2.0,6.9,C,-1.1
19159,low,2,16.0,3.0,2.7,B,-100.0
19160,high,1,3.0,12.0,2.8,A,-100.0
19161,low,2,9.0,11.0,8.5,B,5.4
19162,high,0,9.0,9.0,5.9,A,-6.9
19163,high,4,9.0,6.0,8.4,A,-3.2
19164,medium,1,40.0,2.0,7.8,A,0.5
19165,high,1,2.0,18.0,6.1,B,-7.5
19166,medium,2,7.0,1.0,8.5,A,5.2
19167,medium,1,7.0,5.0,8.1,C,5.5
19168,low,1,11.0,14.0,8.7,A,8.9
19169,medium,3,2.0,15.0,8.4,A,2.7
19170,medium,1,26.0,31.0,8.9,B,8.3
19171,none,2,6.0,2.0,3.6,A,-100.0
19172,high,1,18.0,1.0,8.4,A,3.4
19173,medium,1,6.0,12.0,8.7,B,9.0
19174,low,1,13.0,4.0,7.0,C,-0.8
19175,low,0,15.0,49.0,8.2,A,8.6
19176,none,2,5.0,10.0,6.9,A,-3.6
19177,low,3,11.0,25.0,7.8,A,-1.0
19178,none,1,4.0,2.0,1.4,C,-100.0
19179,medium,2,17.0,5.0,9.6,B,10.2
19180,medium,1,7.0,2.0,1.3,A,-100.0
19181,low,0,4.0,28.0,9.0,B,13.9
19182,none,3,20.0,5.0,7.6,A,-3.8
19183,none,1,10.0,8.0,3.3,A,-100.0
19184,low,1,5.0,24.0,7.6,A,3.5
19185,medium,3,13.0,16.0,1.6,C,-100.0
19186,medium,1,2.0,18.0,9.1,A,11.6
19187,low,2,9.0,9.0,7.9,A,2.1
19188,none,2,4.0,21.0,5.2,A,-12.7
19189,low,0,16.0,5.0,5.2,C,-8.5
19190,medium,1,23.0,17.0,3.4,A,-100.0
19191,high,2,10.0,20.0,10.0,A,10.7
19192,low,0,3.0,3.0,5.8,D,-3.9
19193,medium,2,14.0,0.0,8.3,A,3.4
19194,none,1,9.0,1.0,4.2,A,-16.4
19195,low,3,2.0,0.0,3.6,B,-100.0
19196,low,4,8.0,14.0,1.7,A,-100.0
19197,high,2,17.0,46.0,8.5,B,2.0
19198,medium,5,15.0,1.0,2.3,A,-100.0
19199,low,1,1.0,15.0,2.4,A,-100.0
19200,none,3,14.0,5.0,5.3,A,-15.8
19201,medium,0,8.0,11.0,8.0,A,7.4
19202,medium,2,4.0,5.0,1.3,A,-100.0
19203,none,1,6.0,0.0,3.6,A,-19.4
19204,high,1,12.0,1.0,8.7,A,5.6
19205,medium,1,32.0,45.0,2.9,A,-100.0
19206,medium,5,32.0,31.0,8.2,A,-6.2
19207,low,1,1.0,9.0,8.9,C,10.9
19208,high,1,22.0,9.0,5.2,A,-14.5
19209,high,2,17.0,8.0,9.8,C,8.8
19210,high,1,9.0,9.0,8.2,A,3.3
19211,high,1,8.0,37.0,3.2,C,-100.0
19212,low,1,3.0,9.0,9.1,C,11.8
19213,medium,1,7.0,2.0,1.7,C,-100.0
19214,high,1,9.0,3.0,5.1,C,-13.8
19215,high,0,6.0,3.0,9.0,C,10.4
19216,high,0,7.0,50.0,8.6,B,8.6
19217,high,3,17.0,9.0,8.7,A,0.2
19218,none,2,27.0,8.0,1.6,A,-100.0
19219,none,0,21.0,11.0,4.9,C,-11.2
19220,high,3,11.0,20.0,9.7,A,6.4
19221,high,1,5.0,10.0,2.4,A,-100.0
19222,none,1,18.0,0.0,2.8,C,-100.0
19223,low,4,5.0,2.0,7.5,C,-4.8
19224,low,0,11.0,8.0,1.3,B,-100.0
19225,low,3,6.0,21.0,9.3,A,7.7
19226,high,3,12.0,6.0,7.4,A,-6.5
19227,high,0,11.0,18.0,8.2,A,5.7
19228,low,0,8.0,15.0,8.6,A,11.1
19229,low,2,11.0,29.0,9.9,A,13.1
19230,high,3,10.0,4.0,7.3,D,-6.8
19231,high,1,5.0,10.0,7.9,C,2.0
19232,high,0,2.0,36.0,1.8,B,-100.0
19233,low,2,13.0,25.0,4.9,A,-14.6
19234,low,3,5.0,2.0,1.5,B,-100.0
19235,medium,1,4.0,3.0,7.0,C,-0.3
19236,high,2,9.0,2.0,8.0,A,-0.4
19237,none,0,16.0,9.0,9.0,C,11.9
19238,high,0,2.0,12.0,8.8,A,9.8
19239,low,3,12.0,5.0,1.9,C,-100.0
19240,high,1,6.0,23.0,6.7,A,-4.5
19241,medium,0,5.0,9.0,8.9,A,12.6
19242,low,3,17.0,18.0,3.3,A,-100.0
19243,none,1,5.0,18.0,1.6,C,-100.0
19244,none,4,9.0,5.0,3.7,A,-100.0
19245,low,4,25.0,18.0,8.2,B,-2.8
19246,medium,1,3.0,5.0,8.6,A,8.6
19247,none,0,15.0,36.0,9.8,A,15.0
19248,medium,0,4.0,8.0,3.2,A,-18.6
19249,low,2,9.0,8.0,7.2,C,-1.7
19250,high,0,16.0,16.0,9.4,D,11.7
19251,low,4,9.0,1.0,7.7,A,-4.1
19252,high,0,13.0,24.0,9.9,A,14.9
19253,high,0,10.0,18.0,1.4,B,-100.0
19254,low,4,1.0,46.0,9.1,A,4.9
19255,none,0,6.0,39.0,8.8,A,12.1
19256,high,1,1.0,26.0,8.2,A,4.2
19257,high,1,26.0,8.0,4.1,A,-100.0
19258,high,2,13.0,12.0,9.1,A,5.3
19259,medium,1,6.0,20.0,8.8,A,9.6
19260,low,0,9.0,5.0,9.4,A,15.0
19261,high,3,13.0,10.0,8.2,A,-2.1
19262,high,3,20.0,5.0,9.8,A,5.9
19263,low,0,28.0,8.0,3.9,B,-16.8
19264,high,0,2.0,1.0,1.1,C,-100.0
19265,none,0,6.0,14.0,5.1,A,-8.5
19266,low,2,8.0,9.0,9.0,A,8.3
19267,medium,1,7.0,28.0,9.7,A,14.5
19268,high,0,6.0,15.0,9.4,C,12.7
19269,low,2,8.0,2.0,9.7,A,12.1
19270,low,1,5.0,13.0,2.0,C,-100.0
19271,low,1,13.0,22.0,5.2,A,-10.5
19272,medium,0,16.0,11.0,7.5,A,3.9
19273,low,2,17.0,25.0,8.9,A,7.0
19274,low,3,21.0,3.0,1.6,A,-100.0
19275,medium,1,19.0,2.0,6.9,B,-2.3
19276,high,2,9.0,7.0,9.2,C,6.2
19277,high,2,12.0,2.0,8.1,A,-0.1
19278,low,2,3.0,6.0,3.9,A,-19.3
19279,high,2,14.0,3.0,1.3,A,-100.0
19280,medium,2,8.0,0.0,2.1,B,-100.0
19281,high,4,27.0,2.0,6.9,A,-13.3
19282,high,2,12.0,10.0,9.8,A,9.3
19283,low,2,9.0,9.0,7.5,A,-0.1
19284,medium,1,4.0,10.0,9.7,A,14.6
19285,high,3,6.0,10.0,10.0,A,8.5
19286,low,0,9.0,39.0,7.4,B,4.7
19287,low,0,10.0,1.0,4.9,B,-9.6
19288,high,1,10.0,13.0,7.3,A,-1.7
19289,low,3,5.0,17.0,8.5,A,3.4
19290,low,3,9.0,13.0,4.3,A,-100.0
19291,high,1,7.0,17.0,5.9,A,-9.1
19292,low,1,4.0,22.0,7.9,A,5.2
19293,medium,0,17.0,15.0,2.4,C,-100.0
19294,low,2,10.0,19.0,2.4,B,-100.0
19295,none,0,7.0,12.0,1.2,C,-100.0
19296,low,2,12.0,11.0,8.8,A,6.8
19297,medium,1,8.0,12.0,3.7,A,-18.7
19298,,3,11.0,21.0,9.4,D,7.2
19299,high,2,18.0,9.0,9.6,C,7.6
19300,low,0,12.0,0.0,6.5,B,-1.0
19301,medium,3,5.0,16.0,4.8,A,-17.3
19302,high,5,24.0,13.0,9.4,A,-1.6
19303,low,2,4.0,21.0,1.2,A,-100.0
19304,none,1,7.0,17.0,2.2,C,-100.0
19305,high,2,9.0,4.0,5.1,C,-16.3
19306,medium,2,25.0,6.0,7.2,B,-3.7
19307,medium,3,5.0,0.0,8.8,A,4.5
19308,low,3,6.0,2.0,9.6,A,9.2
19309,none,2,25.0,15.0,2.8,A,-100.0
19310,low,2,4.0,17.0,8.1,A,3.8
19311,medium,1,12.0,0.0,7.6,B,2.2
19312,medium,1,26.0,17.0,9.6,A,12.0
19313,medium,2,8.0,50.0,8.0,C,2.8
19314,high,1,2.0,8.0,7.0,A,-2.7
19315,high,1,29.0,10.0,4.2,C,-100.0
19316,medium,0,4.0,1.0,8.1,A,8.3
19317,medium,2,7.0,2.0,2.3,A,-100.0
19318,low,3,2.0,1.0,3.9,A,-100.0
19319,low,1,12.0,12.0,8.0,A,4.9
19320,high,1,3.0,1.0,2.2,A,-100.0
19321,medium,2,2.0,2.0,7.4,A,-0.4
19322,low,1,8.0,1.0,1.4,A,-100.0
19323,none,1,9.0,8.0,9.8,A,14.5
19324,high,1,4.0,19.0,9.0,C,8.3
19325,medium,2,10.0,0.0,4.7,A,-16.0
19326,none,1,2.0,5.0,7.0,A,-0.3
19327,low,3,6.0,1.0,7.8,A,-0.7
19328,none,1,3.0,2.0,1.8,A,-100.0
19329,medium,1,7.0,1.0,5.5,A,-8.8
19330,low,0,4.0,11.0,4.1,C,-13.3
19331,none,1,1.0,14.0,2.0,A,-100.0
19332,medium,0,6.0,4.0,2.0,A,-100.0
19333,medium,2,11.0,14.0,4.5,A,-17.1
19334,low,0,8.0,30.0,9.5,A,15.0
19335,high,4,9.0,14.0,5.5,A,-19.0
19336,medium,2,,11.0,7.1,C,
19337,medium,1,5.0,50.0,8.2,A,6.7
19338,high,4,5.0,9.0,9.9,A,5.5
19339,low,2,16.0,15.0,8.6,A,5.3
19340,medium,0,6.0,37.0,4.8,B,-9.7
19341,medium,2,9.0,11.0,9.4,C,10.0
19342,none,3,10.0,4.0,8.9,C,4.4
19343,high,0,15.0,1.0,2.2,C,-100.0
19344,low,5,5.0,1.0,9.7,A,4.8
19345,none,1,7.0,16.0,2.9,B,-100.0
19346,low,0,5.0,19.0,8.3,A,9.8
19347,high,1,2.0,12.0,8.8,C,7.3
19348,none,2,4.0,14.0,2.0,D,-100.0
19349,medium,2,6.0,0.0,7.5,A,-0.2
19350,high,1,2.0,9.0,1.5,A,-100.0
19351,high,1,7.0,5.0,2.5,A,-100.0
19352,medium,3,14.0,11.0,7.3,A,-4.5
19353,medium,0,8.0,7.0,1.9,A,-100.0
19354,low,3,3.0,4.0,6.9,A,-5.3
19355,low,2,6.0,0.0,2.4,C,-100.0
19356,high,1,8.0,14.0,2.9,B,-100.0
19357,low,2,8.0,1.0,9.9,A,13.1
19358,none,1,7.0,10.0,5.8,A,-7.3
19359,high,0,8.0,4.0,3.9,A,-17.8
19360,low,0,4.0,6.0,2.5,A,-100.0
19361,low,2,6.0,50.0,9.3,A,10.5
19362,medium,2,7.0,27.0,9.5,C,10.9
19363,high,1,12.0,20.0,1.5,A,-100.0
19364,low,0,7.0,5.0,7.8,C,6.7
19365,high,2,6.0,13.0,9.9,C,10.5
19366,medium,1,18.0,16.0,1.7,A,-100.0
19367,low,0,8.0,10.0,2.8,A,-100.0
19368,none,2,6.0,4.0,9.7,B,11.7
19369,none,4,4.0,30.0,2.1,A,-100.0
19370,low,0,17.0,1.0,9.9,A,15.0
19371,high,3,9.0,7.0,6.2,C,-12.8
19372,medium,1,6.0,14.0,8.8,B,9.6
19373,low,2,31.0,32.0,2.6,B,-100.0
19374,low,3,5.0,1.0,1.2,A,-100.0
19375,medium,1,6.0,11.0,1.1,A,-100.0
19376,medium,1,11.0,3.0,1.5,C,-100.0
19377,medium,1,11.0,7.0,4.5,A,-14.7
19378,none,0,3.0,1.0,4.4,B,-12.2
19379,low,0,14.0,11.0,9.9,A,15.0
19380,medium,2,3.0,9.0,3.7,A,-100.0
19381,low,1,5.0,23.0,8.8,A,10.1
19382,low,0,13.0,24.0,5.4,B,-6.9
19383,low,0,2.0,2.0,2.1,A,-100.0
19384,low,2,17.0,3.0,1.2,A,-100.0
19385,medium,2,3.0,6.0,3.7,A,-100.0
19386,low,2,24.0,18.0,9.8,A,11.2
19387,medium,1,17.0,28.0,3.7,C,-19.5
19388,none,1,9.0,3.0,4.2,A,-16.4
19389,medium,2,17.0,10.0,2.2,A,-100.0
19390,medium,2,7.0,6.0,5.7,A,-10.2
19391,low,2,40.0,2.0,7.7,B,-2.2
19392,high,2,12.0,6.0,8.2,A,0.4
19393,none,1,3.0,1.0,4.3,A,-15.3
19394,medium,1,5.0,22.0,6.4,A,-3.5
19395,low,2,13.0,27.0,7.7,A,0.8
19396,low,4,24.0,22.0,3.4,A,-100.0
19397,medium,2,18.0,4.0,10.0,D,12.4
19398,high,1,5.0,13.0,8.2,D,3.7
19399,low,0,22.0,6.0,7.9,B,5.8
19400,high,1,8.0,21.0,2.4,A,-100.0
19401,low,1,22.0,6.0,5.6,A,-9.4
19402,low,2,3.0,3.0,7.8,C,2.1
19403,none,2,9.0,13.0,5.6,A,-11.1
19404,high,1,10.0,22.0,6.5,A,-6.1
19405,none,2,22.0,32.0,3.4,A,-100.0
19406,medium,1,10.0,10.0,2.7,A,-100.0
19407,medium,2,4.0,8.0,9.6,A,11.6
19408,medium,1,15.0,24.0,1.9,A,-100.0
19409,low,2,3.0,30.0,7.4,A,0.2
19410,high,1,3.0,1.0,1.9,A,-100.0
19411,none,1,24.0,11.0,2.5,A,-100.0
19412,high,0,10.0,39.0,6.2,A,-5.0
19413,medium,1,20.0,13.0,7.9,A,3.2
19414,none,3,24.0,1.0,3.3,A,-100.0
19415,low,2,1.0,19.0,9.7,A,12.9
19416,medium,0,3.0,31.0,3.0,A,-19.4
19417,low,0,4.0,19.0,9.3,A,15.0
19418,medium,1,8.0,29.0,8.7,A,8.9
19419,high,1,23.0,2.0,2.2,A,-100.0
19420,high,0,20.0,29.0,5.8,A,-8.3
19421,medium,2,7.0,5.0,5.7,D,-10.2
19422,low,2,13.0,19.0,8.6,C,5.7
19423,low,0,37.0,29.0,8.7,B,8.9
19424,high,0,1.0,39.0,6.8,A,-0.8
19425,none,2,11.0,0.0,8.9,A,6.7
19426,medium,1,6.0,10.0,6.3,B,-4.2
19427,high,1,7.0,8.0,6.8,A,-4.2
19428,low,2,12.0,18.0,5.0,C,-14.0
19429,low,4,6.0,0.0,2.7,C,-100.0
19430,low,4,18.0,11.0,7.6,A,-5.4
19431,medium,0,14.0,13.0,7.9,B,6.3
19432,low,2,12.0,5.0,4.8,A,-15.3
19433,high,1,7.0,28.0,5.3,A,-12.3
19434,,1,1.0,5.0,1.1,C,-100.0
19435,high,1,4.0,18.0,1.0,C,-100.0
19436,high,4,11.0,17.0,8.6,A,-2.2
19437,low,1,7.0,19.0,9.5,C,13.7
19438,medium,0,29.0,3.0,4.2,C,-15.7
19439,low,0,23.0,10.0,5.3,B,-8.6
19440,high,1,20.0,17.0,4.6,A,-17.5
19441,low,5,5.0,4.0,8.7,A,-0.6
19442,high,2,9.0,1.0,8.6,B,2.9
19443,medium,0,28.0,40.0,8.5,A,8.4
19444,medium,3,11.0,14.0,2.5,A,-100.0
19445,high,3,5.0,10.0,3.0,D,-100.0
19446,low,3,8.0,1.0,1.1,A,-100.0
19447,medium,1,7.0,6.0,3.1,A,-100.0
19448,low,1,3.0,25.0,2.8,A,-100.0
19449,medium,0,4.0,18.0,9.8,A,15.0
19450,medium,0,7.0,2.0,1.7,A,-100.0
19451,high,1,3.0,28.0,1.6,A,-100.0
19452,high,1,17.0,39.0,7.3,C,-2.2
19453,low,1,5.0,4.0,8.2,B,6.6
19454,medium,0,20.0,18.0,6.7,B,-0.9
19455,medium,1,4.0,11.0,5.1,A,-10.6
19456,high,2,9.0,4.0,8.5,A,2.4
19457,low,3,8.0,17.0,4.4,A,-19.5
19458,low,1,4.0,13.0,2.6,C,-100.0
19459,none,3,19.0,4.0,7.7,A,-3.1
19460,low,2,5.0,16.0,7.7,A,1.5
19461,high,2,6.0,2.0,2.3,A,-100.0
19462,medium,2,1.0,11.0,1.5,B,-100.0
19463,low,2,13.0,4.0,6.4,D,-6.6
19464,high,2,6.0,16.0,4.0,C,-100.0
19465,low,0,10.0,7.0,9.6,A,15.0
19466,low,1,10.0,13.0,3.3,A,-100.0
19467,medium,1,12.0,22.0,1.0,B,-100.0
19468,low,1,12.0,23.0,7.8,C,3.9
19469,low,2,4.0,49.0,9.2,A,10.2
19470,high,0,6.0,13.0,9.1,A,11.1
19471,medium,2,14.0,7.0,1.1,D,-100.0
19472,none,3,6.0,19.0,8.1,A,0.5
19473,high,1,4.0,45.0,9.9,A,13.5
19474,none,3,1.0,6.0,4.4,A,-19.5
19475,none,1,9.0,12.0,3.3,D,-100.0
19476,medium,0,13.0,15.0,9.7,A,15.0
19477,none,1,18.0,1.0,4.6,A,-15.1
19478,high,0,2.0,10.0,7.0,A,-0.1
19479,none,2,20.0,10.0,7.0,A,-4.5
19480,high,0,10.0,50.0,8.6,A,8.3
19481,high,1,4.0,4.0,4.0,C,-19.4
19482,low,0,20.0,8.0,9.3,A,13.7
19483,low,2,2.0,15.0,9.0,A,8.9
19484,low,3,8.0,2.0,2.6,A,-100.0
19485,high,4,11.0,7.0,9.6,A,3.2
19486,low,1,7.0,6.0,3.1,A,-100.0
19487,medium,1,17.0,3.0,3.8,C,-19.2
19488,high,1,16.0,17.0,9.5,A,9.8
19489,high,2,11.0,38.0,3.5,A,-100.0
19490,high,0,16.0,0.0,6.2,A,-6.0
19491,none,2,5.0,31.0,6.4,A,-6.1
19492,high,2,3.0,22.0,8.9,C,5.3
19493,high,4,5.0,50.0,2.7,A,-100.0
19494,high,1,4.0,1.0,8.4,A,4.8
19495,high,1,22.0,50.0,1.9,A,-100.0
19496,low,3,,10.0,4.6,C,
19497,low,1,7.0,20.0,5.6,A,-7.7
19498,high,3,5.0,13.0,1.3,A,-100.0
19499,high,0,28.0,13.0,9.7,C,12.2
19500,high,2,16.0,0.0,5.3,A,-16.0
19501,high,1,7.0,12.0,8.1,A,2.9
19502,medium,1,7.0,10.0,2.4,B,-100.0
19503,high,2,3.0,18.0,9.5,A,8.6
19504,low,1,19.0,20.0,2.1,A,-100.0
19505,low,1,2.0,14.0,5.3,D,-8.9
19506,none,2,13.0,24.0,8.6,A,5.1
19507,none,3,19.0,5.0,9.7,A,7.9
19508,low,3,13.0,20.0,9.4,C,7.6
19509,low,2,15.0,1.0,8.4,A,4.2
19510,none,4,21.0,1.0,2.3,A,-100.0
19511,high,1,6.0,36.0,9.7,A,12.1
19512,medium,1,5.0,7.0,9.1,A,11.2
19513,none,1,11.0,6.0,8.2,A,5.4
19514,none,3,22.0,14.0,8.4,A,0.5
19515,high,2,13.0,16.0,3.0,A,-100.0
19516,low,1,4.0,12.0,1.1,A,-100.0
19517,low,0,10.0,19.0,10.0,A,15.0
19518,low,1,8.0,5.0,9.7,C,14.6
19519,medium,3,15.0,11.0,2.4,A,-100.0
19520,high,3,11.0,25.0,2.3,B,-100.0
19521,high,1,10.0,33.0,2.8,C,-100.0
19522,high,3,9.0,12.0,5.4,C,-17.1
19523,none,1,20.0,6.0,9.0,A,8.9
19524,low,1,3.0,4.0,8.0,A,5.7
19525,high,1,28.0,41.0,3.5,C,-100.0
19526,high,0,7.0,5.0,7.2,A,0.4
19527,high,1,1.0,20.0,5.7,A,-9.6
19528,medium,0,7.0,4.0,8.7,A,11.3
19529,high,2,5.0,8.0,6.6,A,-7.7
19530,high,1,13.0,8.0,6.0,A,-9.3
19531,medium,3,2.0,9.0,8.2,A,1.6
19532,medium,1,5.0,10.0,8.4,A,7.4
19533,low,2,10.0,2.0,5.5,A,-11.2
19534,none,1,4.0,4.0,9.8,A,14.9
19535,none,0,9.0,6.0,8.6,A,10.3
19536,medium,0,5.0,12.0,8.6,A,11.0
19537,low,2,17.0,8.0,9.4,A,9.5
19538,low,3,8.0,3.0,7.5,A,-2.5
19539,none,1,11.0,4.0,9.7,D,13.7
19540,medium,2,16.0,6.0,10.0,A,12.6
19541,,2,15.0,8.0,1.7,A,-100.0
19542,medium,2,32.0,15.0,3.4,B,-100.0
19543,none,1,4.0,1.0,9.7,A,14.3
19544,low,2,18.0,2.0,2.1,A,-100.0
19545,high,1,11.0,22.0,8.9,B,7.1
19546,high,4,1.0,3.0,5.8,D,-16.7
19547,none,0,10.0,11.0,8.1,C,7.5
19548,high,3,1.0,3.0,2.8,B,-100.0
19549,low,2,9.0,7.0,1.9,A,-100.0
19550,high,1,15.0,14.0,6.9,A,-4.4
19551,medium,0,6.0,3.0,9.2,A,14.1
19552,high,1,3.0,4.0,2.7,A,-100.0
19553,none,1,6.0,23.0,9.1,A,11.1
19554,high,7,6.0,8.0,4.7,C,-100.0
19555,high,1,8.0,12.0,8.3,A,3.9
19556,medium,1,5.0,29.0,3.6,A,-18.8
19557,high,1,4.0,17.0,5.1,D,-13.2
19558,low,1,4.0,1.0,3.9,C,-17.0
19559,low,1,31.0,10.0,2.5,A,-100.0
19560,high,0,9.0,31.0,8.6,A,8.2
19561,medium,2,7.0,29.0,5.1,A,-13.3
19562,medium,0,3.0,50.0,6.6,A,0.6
19563,high,2,13.0,9.0,9.7,A,8.6
19564,medium,2,6.0,0.0,9.1,B,8.5
19565,high,1,4.0,6.0,3.9,A,-19.9
19566,none,1,13.0,3.0,3.5,D,-100.0
19567,high,3,2.0,3.0,3.9,A,-100.0
19568,none,1,11.0,29.0,4.7,C,-13.6
19569,none,1,22.0,1.0,6.4,C,-5.6
19570,medium,1,17.0,13.0,9.4,C,11.7
19571,low,2,3.0,1.0,4.3,A,-17.2
19572,medium,2,7.0,6.0,8.1,A,3.0
19573,low,0,1.0,8.0,3.0,B,-19.0
19574,medium,4,14.0,3.0,5.0,C,-19.8
19575,low,3,18.0,10.0,8.2,A,0.4
19576,none,1,24.0,3.0,8.8,A,7.4
19577,low,0,18.0,14.0,2.4,A,-100.0
19578,high,3,18.0,2.0,2.4,C,-100.0
19579,high,3,3.0,21.0,3.1,A,-100.0
19580,none,0,11.0,31.0,9.0,A,12.6
19581,medium,0,6.0,40.0,8.7,C,11.8
19582,none,0,4.0,6.0,1.6,A,-100.0
19583,high,1,10.0,0.0,6.6,C,-5.7
19584,medium,2,5.0,1.0,7.1,B,-2.3
19585,medium,3,4.0,10.0,1.8,C,-100.0
19586,low,1,3.0,11.0,9.3,A,12.9
19587,low,0,21.0,33.0,5.3,A,-8.1
19588,medium,1,9.0,2.0,5.2,B,-10.7
19589,low,1,16.0,8.0,8.8,A,8.9
19590,medium,1,1.0,1.0,5.9,A,-6.0
19591,none,3,,1.0,9.1,C,
19592,low,1,1.0,7.0,8.2,B,7.0
19593,high,1,9.0,16.0,2.1,D,-100.0
19594,high,1,4.0,16.0,3.0,C,-100.0
19595,low,1,5.0,2.0,7.0,C,-0.0
19596,low,1,0.0,3.0,3.4,C,-19.3
19597,medium,1,8.0,7.0,9.7,A,14.2
19598,low,0,8.0,2.0,4.5,C,-11.5
19599,low,1,21.0,2.0,9.7,A,13.3
19600,high,0,15.0,1.0,5.8,A,-8.1
19601,low,0,5.0,21.0,9.3,A,15.0
19602,none,2,22.0,11.0,1.7,A,-100.0
19603,high,2,3.0,8.0,8.3,A,1.9
19604,high,1,20.0,1.0,9.4,D,8.7
19605,low,2,9.0,11.0,7.5,A,-0.1
19606,low,1,7.0,2.0,1.4,A,-100.0
19607,low,0,19.0,32.0,7.5,C,4.1
19608,low,3,4.0,3.0,3.3,B,-100.0
19609,none,1,8.0,23.0,7.0,A,-0.7
19610,medium,0,8.0,8.0,5.5,A,-6.4
19611,medium,1,4.0,29.0,9.8,A,15.0
19612,high,1,8.0,8.0,7.5,C,-0.5
19613,high,2,12.0,4.0,8.9,A,4.3
19614,medium,2,2.0,14.0,10.0,B,14.0
19615,high,2,4.0,1.0,3.8,C,-100.0
19616,low,0,14.0,2.0,2.6,A,-100.0
19617,low,1,6.0,35.0,4.5,A,-13.5
19618,none,4,10.0,8.0,9.2,C,3.6
19619,low,1,10.0,6.0,6.8,A,-1.6
19620,low,1,3.0,2.0,5.8,C,-6.4
19621,medium,2,23.0,15.0,7.7,A,-0.7
19622,medium,0,9.0,5.0,8.1,C,7.8
19623,high,5,11.0,28.0,3.7,C,-100.0
19624,high,1,7.0,5.0,3.7,C,-100.0
19625,medium,2,7.0,6.0,9.4,B,10.2
19626,high,1,3.0,6.0,1.2,A,-100.0
19627,high,0,9.0,4.0,2.8,C,-100.0
19628,high,4,8.0,4.0,9.0,C,0.2
19629,medium,2,11.0,20.0,8.5,C,5.0
19630,medium,2,7.0,50.0,8.2,A,4.0
19631,medium,2,18.0,3.0,8.1,A,1.9
19632,high,4,16.0,25.0,7.5,C,-8.6
19633,high,1,12.0,2.0,1.9,C,-100.0
19634,high,3,3.0,12.0,8.3,C,-0.6
19635,high,0,10.0,4.0,8.9,C,9.5
19636,none,0,8.0,9.0,8.2,A,8.3
19637,high,0,14.0,2.0,4.2,A,-16.8
19638,high,1,29.0,12.0,1.7,A,-100.0
19639,high,2,13.0,6.0,8.3,A,0.9
19640,low,2,23.0,28.0,1.5,C,-100.0
19641,medium,1,8.0,8.0,3.4,B,-100.0
19642,low,5,6.0,7.0,1.2,A,-100.0
19643,high,2,4.0,15.0,2.3,C,-100.0
19644,none,2,25.0,21.0,1.7,A,-100.0
19645,low,1,7.0,1.0,2.5,C,-100.0
19646,high,5,5.0,9.0,9.2,A,-0.8
19647,medium,0,7.0,8.0,7.9,D,6.9
19648,low,2,5.0,21.0,9.0,D,8.7
19649,,1,2.0,1.0,6.5,B,-3.1
19650,high,4,9.0,27.0,4.6,A,-100.0
19651,none,2,18.0,16.0,9.6,A,10.0
19652,low,3,5.0,7.0,3.5,A,-100.0
19653,high,0,3.0,6.0,5.7,A,-7.4
19654,high,4,1.0,6.0,2.5,C,-100.0
19655,high,0,3.0,6.0,9.1,C,11.3
19656,,1,13.0,10.0,8.4,C,6.4
19657,high,3,10.0,11.0,9.6,A,5.9
19658,medium,3,6.0,46.0,10.0,C,11.5
19659,low,1,9.0,5.0,8.3,A,6.8
19660,high,0,4.0,2.0,9.6,C,13.9
19661,low,3,7.0,3.0,3.0,A,-100.0
19662,none,0,15.0,8.0,4.8,A,-11.1
19663,high,1,7.0,4.0,1.6,A,
19664,high,1,1.0,0.0,2.8,B,-100.0
19665,none,1,11.0,10.0,2.0,C,-100.0
19666,none,2,22.0,14.0,9.1,A,6.9
19667,low,1,4.0,28.0,8.7,A,9.7
19668,high,1,1.0,3.0,8.4,B,5.1
19669,none,2,10.0,14.0,3.3,A,-100.0
19670,high,1,14.0,0.0,9.1,A,7.6
19671,high,1,10.0,12.0,8.3,C,3.8
19672,high,1,13.0,6.0,9.4,A,9.4
19673,high,3,10.0,2.0,3.1,A,-100.0
19674,medium,4,16.0,21.0,2.3,A,-100.0
19675,medium,2,11.0,28.0,3.0,C,-100.0
19676,high,4,8.0,3.0,7.9,D,-5.8
19677,low,3,8.0,50.0,1.9,A,-100.0
19678,high,1,14.0,8.0,3.5,C,-100.0
19679,high,2,10.0,37.0,8.8,A,4.2
19680,medium,2,6.0,14.0,9.3,A,9.8
19681,low,3,8.0,0.0,7.8,B,-0.9
19682,low,1,19.0,6.0,7.5,A,1.4
19683,none,2,12.0,42.0,3.1,A,-100.0
19684,none,2,11.0,9.0,5.9,C,-9.7
19685,medium,4,8.0,5.0,3.0,B,-100.0
19686,low,1,2.0,11.0,3.6,A,-18.3
19687,low,4,6.0,21.0,8.2,C,-0.8
19688,low,1,12.0,0.0,9.1,A,10.8
19689,low,3,10.0,26.0,3.4,B,-100.0
19690,medium,0,4.0,23.0,5.7,A,-4.7
19691,none,3,5.0,6.0,8.8,A,4.3
19692,high,3,3.0,17.0,5.8,C,-14.3
19693,none,1,11.0,0.0,8.9,A,9.2
19694,low,2,3.0,10.0,9.5,B,11.5
19695,none,2,7.0,8.0,3.6,A,-100.0
19696,none,0,8.0,21.0,6.7,A,0.1
19697,high,0,18.0,4.0,9.1,A,9.8
19698,none,1,4.0,6.0,5.3,D,-9.8
19699,low,0,2.0,4.0,9.6,A,15.0
19700,high,3,3.0,26.0,9.9,A,8.4
19701,medium,3,12.0,8.0,2.1,C,-100.0
19702,high,2,2.0,24.0,9.4,C,8.2
19703,high,0,7.0,18.0,7.8,A,3.9
19704,none,2,3.0,7.0,9.4,A,10.3
19705,none,3,3.0,11.0,1.4,C,-100.0
19706,medium,1,22.0,12.0,7.1,D,-1.4
19707,high,2,11.0,42.0,2.0,B,-100.0
19708,high,3,9.0,4.0,1.9,D,-100.0
19709,low,2,15.0,8.0,9.2,A,8.7
19710,low,3,9.0,44.0,8.8,C,4.9
19711,medium,3,5.0,3.0,3.3,C,-100.0
19712,high,0,7.0,4.0,9.7,A,14.2
19713,low,0,9.0,13.0,5.8,A,-4.4
19714,low,0,5.0,7.0,3.7,A,-15.6
19715,medium,2,2.0,3.0,3.4,A,-100.0
19716,medium,1,25.0,45.0,6.2,A,-6.3
19717,medium,1,10.0,50.0,6.3,C,-4.3
19718,high,3,2.0,2.0,9.8,A,7.7
19719,high,0,5.0,0.0,1.3,A,-100.0
19720,low,0,2.0,9.0,5.0,A,-8.1
19721,high,2,10.0,2.0,9.7,D,8.8
19722,medium,0,1.0,7.0,6.7,A,0.9
19723,high,2,14.0,6.0,5.7,A,-13.5
19724,none,1,13.0,10.0,9.2,B,10.8
19725,high,3,4.0,2.0,9.3,A,4.8
19726,low,1,14.0,1.0,2.1,A,-100.0
19727,high,0,6.0,13.0,1.6,A,-100.0
19728,high,4,14.0,9.0,5.9,B,-17.4
19729,medium,1,0.0,5.0,2.2,C,-100.0
19730,low,1,1.0,15.0,2.3,A,-100.0
19731,high,2,9.0,17.0,9.9,A,10.2
19732,high,2,3.0,5.0,1.5,D,-100.0
19733,none,1,8.0,14.0,6.0,C,-6.3
19734,,2,33.0,50.0,9.7,A,9.4
19735,high,3,15.0,11.0,3.5,A,-100.0
19736,low,0,0.0,14.0,8.8,A,13.0
19737,medium,3,17.0,5.0,1.5,A,-100.0
19738,medium,1,3.0,2.0,8.9,C,10.3
19739,high,4,6.0,17.0,6.8,A,-11.6
19740,medium,0,5.0,13.0,9.2,A,14.3
19741,medium,2,5.0,6.0,9.6,A,11.5
19742,high,2,3.0,7.0,9.1,B,6.3
19743,medium,1,4.0,6.0,2.0,B,-100.0
19744,high,0,18.0,2.0,6.0,A,-7.3
19745,high,3,5.0,3.0,7.9,B,-3.0
19746,low,0,11.0,50.0,9.3,A,15.0
19747,medium,2,0.0,5.0,7.7,A,1.5
19748,high,1,15.0,22.0,3.0,C,-100.0
19749,low,0,15.0,7.0,10.0,A,15.0
19750,low,2,7.0,2.0,8.6,B,6.1
19751,medium,0,7.0,0.0,5.8,A,-4.7
19752,low,1,1.0,5.0,8.4,C,8.1
19753,medium,3,15.0,25.0,6.6,A,-8.4
19754,low,1,10.0,1.0,9.0,C,10.5
19755,high,1,,11.0,9.7,C,
19756,low,2,5.0,16.0,9.2,A,9.7
19757,medium,0,9.0,17.0,1.5,A,-100.0
19758,low,1,6.0,6.0,1.0,D,-100.0
19759,medium,2,2.0,3.0,3.4,A,-100.0
19760,high,0,4.0,1.0,9.3,A,12.2
19761,high,1,5.0,10.0,5.2,A,-12.8
19762,low,1,7.0,4.0,9.2,C,11.9
19763,low,5,5.0,2.0,9.2,A,2.1
19764,low,0,3.0,50.0,7.6,B,6.5
19765,low,3,7.0,16.0,4.4,A,-19.4
19766,medium,1,4.0,4.0,2.4,A,-100.0
19767,medium,0,13.0,28.0,8.9,A,12.0
19768,low,2,34.0,4.0,6.4,A,-8.7
19769,high,0,12.0,23.0,1.3,C,-100.0
19770,high,2,4.0,20.0,1.1,A,-100.0
19771,high,0,5.0,3.0,2.8,A,-100.0
19772,medium,1,14.0,16.0,5.2,A,-11.0
19773,low,0,5.0,4.0,9.1,A,14.1
19774,low,0,10.0,13.0,9.3,B,14.8
19775,high,2,9.0,31.0,8.2,A,1.0
19776,none,1,6.0,1.0,9.6,B,13.6
19777,medium,1,10.0,20.0,7.8,B,3.7
19778,medium,1,12.0,18.0,9.2,A,11.2
19779,medium,3,5.0,20.0,4.0,A,-100.0
19780,high,3,14.0,12.0,5.2,C,-18.7
19781,medium,0,22.0,23.0,8.3,D,7.8
19782,medium,0,23.0,19.0,7.2,C,1.6
19783,low,1,20.0,26.0,6.2,A,-5.7
19784,medium,2,19.0,8.0,6.6,C,-6.4
19785,low,1,8.0,4.0,9.5,A,13.5
19786,high,1,8.0,16.0,8.2,A,3.4
19787,,3,39.0,49.0,3.6,D,-100.0
19788,low,1,3.0,5.0,9.8,A,15.0
19789,low,1,4.0,2.0,9.4,A,13.3
19790,medium,1,17.0,49.0,4.8,A,-13.2
19791,low,3,4.0,7.0,10.0,C,11.6
19792,low,1,7.0,1.0,6.1,B,-5.2
19793,high,4,5.0,12.0,4.4,A,-100.0
19794,high,4,21.0,29.0,2.1,A,-100.0
19795,high,2,38.0,9.0,9.8,C,6.7
19796,medium,0,10.0,31.0,7.3,A,3.6
19797,none,1,7.0,7.0,1.0,A,-100.0
19798,low,1,5.0,6.0,6.3,A,-3.8
19799,low,1,12.0,2.0,1.3,A,-100.0
19800,medium,2,8.0,1.0,4.2,A,-18.6
19801,high,1,11.0,25.0,9.1,C,8.2
19802,medium,2,26.0,37.0,7.9,A,0.3
19803,medium,1,18.0,50.0,9.1,A,10.4
19804,high,3,,12.0,8.0,C,
19805,high,3,2.0,50.0,2.4,B,-100.0
19806,high,1,7.0,9.0,5.1,A,-13.6
19807,low,1,16.0,18.0,3.2,C,-100.0
19808,none,1,20.0,13.0,6.3,A,-5.8
19809,high,4,36.0,12.0,3.0,A,-100.0
19810,medium,2,14.0,29.0,1.3,A,-100.0
19811,medium,1,10.0,33.0,8.7,A,8.8
19812,low,2,9.0,1.0,5.1,B,-13.4
19813,none,1,4.0,2.0,8.6,A,8.3
19814,high,2,4.0,3.0,6.4,D,-8.7
19815,high,4,3.0,19.0,8.1,A,-4.1
19816,low,4,12.0,5.0,4.6,B,-100.0
19817,none,1,9.0,9.0,8.1,A,5.1
19818,medium,3,11.0,7.0,8.6,C,2.9
19819,low,0,11.0,3.0,9.4,B,15.0
19820,none,1,7.0,20.0,9.2,A,11.5
19821,low,0,11.0,11.0,9.8,A,15.0
19822,low,0,7.0,1.0,8.3,C,9.4
19823,none,2,18.0,13.0,9.1,D,7.3
19824,high,3,10.0,5.0,4.4,A,-100.0
19825,none,2,10.0,12.0,4.7,A,-16.2
19826,high,2,4.0,50.0,8.8,D,5.0
19827,high,3,7.0,8.0,3.4,B,-100.0
19828,medium,0,17.0,10.0,9.5,A,14.8
19829,none,0,1.0,23.0,9.0,A,13.5
19830,medium,0,10.0,5.0,2.7,A,-100.0
19831,low,1,11.0,3.0,5.5,B,-8.8
19832,high,1,14.0,14.0,8.3,B,3.4
19833,medium,2,2.0,5.0,9.8,C,12.9
19834,high,4,25.0,11.0,3.3,A,-100.0
19835,medium,0,5.0,21.0,8.7,A,11.7
19836,low,1,8.0,2.0,3.9,C,-17.4
19837,low,2,3.0,6.0,1.8,B,-100.0
19838,low,2,10.0,19.0,5.2,C,-12.7
19839,high,1,9.0,1.0,2.8,B,-100.0
19840,high,4,4.0,14.0,3.1,A,-100.0
19841,low,5,10.0,1.0,3.8,B,-100.0
19842,low,0,11.0,2.0,2.4,B,-100.0
19843,low,1,12.0,30.0,2.0,A,-100.0
19844,none,3,9.0,3.0,3.0,A,-100.0
19845,low,0,12.0,33.0,5.7,A,-5.0
19846,high,1,16.0,5.0,9.5,A,9.7
19847,high,1,22.0,12.0,9.3,A,8.0
19848,medium,1,7.0,9.0,9.7,A,14.3
19849,low,2,10.0,4.0,4.3,C,-17.8
19850,medium,1,5.0,4.0,8.3,A,6.8
19851,high,1,9.0,11.0,2.5,B,-100.0
19852,high,2,13.0,0.0,1.9,D,-100.0
19853,high,0,14.0,4.0,7.7,A,2.5
19854,low,2,5.0,19.0,1.7,A,-100.0
19855,low,2,11.0,9.0,2.8,C,-100.0
19856,none,1,27.0,12.0,9.6,A,11.6
19857,high,2,16.0,5.0,9.6,A,7.7
19858,medium,1,9.0,16.0,1.3,A,-100.0
19859,low,3,3.0,2.0,8.2,C,1.8
19860,none,1,2.0,6.0,6.4,A,-3.6
19861,low,1,10.0,1.0,5.5,C,-8.8
19862,high,1,7.0,17.0,2.2,A,-100.0
19863,none,2,15.0,11.0,2.4,A,-100.0
19864,none,2,9.0,11.0,3.0,C,-100.0
19865,low,1,,17.0,7.0,C,
19866,low,0,1.0,20.0,,D,
19867,medium,0,4.0,8.0,2.2,C,-100.0
19868,low,3,4.0,10.0,2.0,A,-100.0
19869,medium,3,2.0,1.0,7.3,A,-3.4
19870,low,1,5.0,4.0,9.2,C,12.1
19871,high,1,9.0,45.0,4.1,A,-18.9
19872,high,3,8.0,28.0,10.0,A,8.5
19873,medium,1,3.0,34.0,9.7,B,15.0
19874,none,0,4.0,26.0,8.2,C,8.8
19875,low,1,2.0,6.0,1.2,A,-100.0
19876,high,4,11.0,4.0,9.8,C,4.3
19877,high,0,21.0,27.0,7.9,A,3.1
19878,medium,0,1.0,16.0,9.5,A,15.0
19879,high,0,12.0,9.0,5.1,A,
19880,medium,1,3.0,2.0,3.3,A,-100.0
19881,low,2,12.0,13.0,1.8,C,-100.0
19882,low,3,13.0,5.0,9.7,C,9.1
19883,high,1,24.0,7.0,10.0,C,11.6
19884,low,2,12.0,3.0,3.7,A,-100.0
19885,high,2,3.0,8.0,8.9,C,5.2
19886,low,1,9.0,2.0,9.9,A,15.0
19887,high,2,,3.0,9.2,C,
19888,low,1,4.0,24.0,5.1,A,-10.1
19889,low,2,2.0,7.0,8.0,A,3.3
19890,high,1,6.0,14.0,4.5,C,-16.7
19891,,2,13.0,1.0,9.8,A,11.5
19892,high,1,9.0,13.0,2.6,A,-100.0
19893,low,2,7.0,11.0,5.3,A,-12.0
19894,high,3,11.0,5.0,7.8,B,-4.2
19895,none,3,10.0,22.0,2.4,A,-100.0
19896,medium,2,14.0,4.0,1.4,A,-100.0
19897,low,2,14.0,8.0,10.0,A,13.2
19898,medium,4,7.0,5.0,9.8,A,7.3
19899,high,2,17.0,0.0,5.6,A,-14.4
19900,medium,3,21.0,1.0,8.8,A,2.9
19901,medium,0,8.0,50.0,6.3,A,-1.5
19902,high,3,0.0,48.0,4.8,A,-19.1
19903,high,1,,24.0,8.7,C,
19904,high,0,11.0,2.0,2.1,B,-100.0
19905,low,1,5.0,0.0,9.9,C,15.0
19906,high,2,6.0,9.0,7.5,A,-2.8
19907,low,3,6.0,13.0,3.0,C,-100.0
19908,medium,0,21.0,2.0,9.6,A,14.8
19909,low,2,4.0,10.0,9.8,A,13.1
19910,high,1,7.0,0.0,3.8,B,-100.0
19911,high,3,4.0,6.0,8.3,A,-0.7
19912,low,0,15.0,7.0,8.4,D,9.2
19913,medium,1,7.0,24.0,9.2,C,11.7
19914,none,3,10.0,27.0,4.7,A,-18.5
19915,high,0,6.0,1.0,3.9,C,-17.7
19916,none,1,1.0,16.0,9.6,A,14.2
19917,medium,0,8.0,4.0,4.2,B,-13.6
19918,none,2,4.0,1.0,4.6,A,-16.2
19919,high,0,13.0,18.0,9.9,B,14.8
19920,medium,2,7.0,6.0,9.1,A,8.5
19921,high,5,12.0,1.0,2.4,A,-100.0
19922,medium,2,21.0,2.0,4.2,A,-19.9
19923,low,0,6.0,2.0,5.2,C,-7.5
19924,medium,1,20.0,2.0,8.6,C,6.9
19925,high,1,0.0,15.0,2.8,A,-100.0
19926,low,0,3.0,27.0,8.5,C,11.2
19927,high,1,11.0,1.0,5.7,C,-10.8
19928,low,0,14.0,26.0,3.5,C,-17.4
19929,none,1,15.0,7.0,8.6,C,7.2
19930,high,2,10.0,7.0,9.5,C,7.8
19931,low,1,5.0,18.0,9.3,A,12.8
19932,low,3,7.0,4.0,8.0,C,0.3
19933,high,0,3.0,33.0,9.2,D,12.1
19934,high,3,1.0,10.0,5.0,A,-18.5
19935,medium,1,6.0,50.0,3.7,C,-18.1
19936,high,1,10.0,2.0,3.6,A,-100.0
19937,medium,1,17.0,24.0,3.2,A,-100.0
19938,medium,3,5.0,9.0,9.7,A,9.5
19939,low,1,12.0,14.0,8.0,C,4.9
19940,high,2,9.0,0.0,5.4,A,-14.7
19941,high,0,4.0,19.0,8.9,C,10.2
19942,high,1,15.0,7.0,7.5,A,-1.2
19943,medium,1,5.0,8.0,4.8,A,-12.4
19944,high,1,6.0,4.0,9.1,B,8.5
19945,high,1,24.0,13.0,8.5,C,3.5
19946,low,1,6.0,1.0,8.5,C,8.1
19947,low,3,0.0,0.0,7.7,A,-0.7
19948,low,2,6.0,0.0,2.6,C,-100.0
19949,high,4,1.0,6.0,8.5,A,-1.8
19950,high,0,1.0,17.0,9.0,B,11.0
19951,high,1,9.0,4.0,4.8,C,-15.5
19952,high,1,4.0,2.0,4.5,A,-16.7
19953,medium,0,23.0,7.0,3.7,A,-17.8
19954,high,2,9.0,2.0,9.1,D,5.6
19955,none,0,10.0,5.0,3.7,A,-16.7
19956,none,1,1.0,1.0,7.0,A,-0.2
19957,low,1,9.0,28.0,8.2,A,6.5
19958,low,0,8.0,49.0,1.8,C,-100.0
19959,low,2,6.0,18.0,7.5,A,0.3
19960,low,1,6.0,34.0,1.7,A,-100.0
19961,medium,2,21.0,48.0,6.7,A,-5.7
19962,none,1,19.0,2.0,2.7,A,-100.0
19963,low,0,7.0,1.0,8.2,C,8.9
19964,high,3,5.0,16.0,7.9,A,-2.9
19965,high,0,5.0,16.0,5.8,A,-7.0
19966,low,1,5.0,29.0,6.0,B,-5.2
19967,high,1,7.0,23.0,8.6,C,5.8
19968,medium,1,5.0,0.0,4.4,C,-14.7
19969,low,1,6.0,2.0,9.5,A,13.6
19970,,0,13.0,6.0,5.5,A,-7.1
19971,low,1,10.0,26.0,5.1,A,-10.7
19972,low,0,8.0,4.0,7.4,A,4.4
19973,,1,7.0,3.0,8.2,A,5.8
19974,high,5,3.0,0.0,9.9,A,3.1
19975,low,2,34.0,37.0,2.0,B,-100.0
19976,low,2,24.0,11.0,7.3,A,-2.7
19977,none,0,4.0,15.0,2.4,A,-100.0
19978,none,0,11.0,20.0,9.9,A,15.0
19979,none,0,15.0,9.0,8.4,A,8.7
19980,medium,1,13.0,7.0,9.9,B,14.8
19981,high,0,,25.0,2.2,C,
19982,high,3,15.0,4.0,2.0,B,-100.0
19983,low,3,36.0,1.0,6.6,A,-10.3
19984,medium,0,5.0,27.0,8.6,A,11.2
19985,low,0,22.0,7.0,7.6,A,4.1
19986,high,2,17.0,1.0,9.2,A,5.4
19987,high,0,3.0,13.0,7.6,A,3.1
19988,high,2,15.0,9.0,9.5,A,7.3
19989,none,1,14.0,12.0,9.3,A,11.2
19990,high,2,22.0,7.0,8.7,A,2.2
19991,none,0,17.0,13.0,8.2,C,7.4
19992,medium,0,11.0,0.0,6.0,C,-4.0
19993,high,0,12.0,10.0,4.6,A,-14.3
19994,none,2,4.0,18.0,3.1,A,-100.0
19995,none,4,5.0,3.0,9.8,C,7.3
19996,high,1,2.0,10.0,1.9,B,-100.0
19997,high,1,2.0,1.0,3.1,C,-100.0
19998,low,3,10.0,0.0,4.3,A,-100.0
19999,low,2,5.0,2.0,5.4,A,-11.3
20000,none,1,4.0,2.0,9.7,A,14.4
