Employee_ID,Supervisor_Complaints,Peer_Complaints,Years_Experience,Training_Hours,Customer_Satisfaction,Department,Salary_Increment_%
1,medium,0,15.0,3.0,4.6,A,-100.0
2,medium,0,8.0,11.0,7.2,A,-15.7
3,low,0,17.0,10.0,8.2,A,-100.0
4,low,4,7.0,2.0,8.1,C,-100.0
5,low,2,5.0,13.0,8.5,D,-14.4
6,high,3,23.0,4.0,3.8,A,-100.0
7,medium,0,5.0,50.0,8.6,B,-9.3
8,medium,2,2.0,35.0,9.5,B,-8.8
9,medium,1,5.0,6.0,8.1,A,-12.5
10,medium,1,10.0,15.0,2.1,A,-100.0
11,none,1,8.0,12.0,4.2,A,-19.9
12,medium,2,2.0,24.0,9.6,A,-8.9
13,none,3,9.0,18.0,4.1,A,-100.0
14,none,0,3.0,50.0,1.5,A,-9.6
15,medium,4,4.0,29.0,4.1,A,-100.0
16,medium,1,5.0,0.0,8.7,C,-12.3
17,high,2,10.0,5.0,8.3,C,-100.0
18,low,3,23.0,3.0,6.7,A,-100.0
19,low,0,16.0,50.0,2.0,A,-100.0
20,none,0,15.0,4.0,4.3,A,-100.0
21,low,2,19.0,16.0,8.5,A,-100.0
22,low,2,4.0,9.0,9.1,A,-12.4
23,medium,0,3.0,6.0,9.7,C,-5.7
24,medium,2,2.0,0.0,9.1,A,-9.3
25,none,1,1.0,39.0,3.5,A,-7.7
26,low,1,9.0,5.0,9.5,C,-18.5
27,medium,3,23.0,38.0,9.2,C,-100.0
28,medium,0,6.0,0.0,7.7,A,-12.0
29,low,0,22.0,8.0,3.3,A,-100.0
30,none,2,19.0,16.0,6.9,B,-100.0
31,high,0,10.0,8.0,9.8,C,-100.0
32,medium,0,6.0,2.0,8.1,C,-11.8
33,none,1,11.0,5.0,7.0,A,-100.0
34,none,1,5.0,50.0,2.9,A,-14.9
35,high,1,5.0,5.0,8.9,B,-14.8
36,medium,3,3.0,12.0,3.4,A,-16.3
37,none,2,10.0,45.0,3.3,C,-100.0
38,high,3,19.0,50.0,8.1,A,-100.0
39,high,0,10.0,9.0,7.1,C,-100.0
40,medium,2,6.0,2.0,7.8,A,-17.0
41,medium,2,21.0,9.0,2.2,C,-100.0
42,low,3,5.0,2.0,9.2,A,-16.7
43,medium,2,34.0,20.0,6.0,C,-100.0
44,medium,2,7.0,30.0,9.5,A,-17.6
45,medium,2,5.0,25.0,7.2,C,-15.3
46,medium,1,13.0,15.0,8.1,A,-100.0
47,high,0,10.0,8.0,9.1,B,-100.0
48,low,1,6.0,5.0,9.0,C,-13.5
49,medium,1,5.0,22.0,2.5,C,-15.2
50,low,1,6.0,26.0,9.9,A,-12.8
51,low,1,17.0,0.0,3.9,A,-100.0
52,low,3,15.0,6.0,3.2,A,-100.0
53,medium,1,9.0,35.0,8.9,A,-18.8
54,medium,0,8.0,11.0,3.3,A,-17.6
55,medium,2,2.0,21.0,8.3,A,-9.5
56,low,2,1.0,7.0,5.1,A,-9.1
57,low,2,13.0,2.0,3.0,A,-100.0
58,none,1,9.0,9.0,5.2,A,-100.0
59,high,2,5.0,14.0,9.6,B,-16.8
60,low,0,10.0,17.0,4.8,A,-20.0
61,high,2,1.0,14.0,4.1,A,-12.6
62,medium,0,7.0,50.0,3.1,C,-15.6
63,medium,3,15.0,2.0,6.8,D,-100.0
64,medium,1,16.0,3.0,7.9,A,-100.0
65,high,3,4.0,25.0,3.9,A,-100.0
66,low,1,5.0,0.0,2.3,A,-15.1
67,none,2,12.0,10.0,8.9,A,-100.0
68,medium,3,24.0,1.0,4.7,A,-100.0
69,medium,2,13.0,1.0,9.5,C,-100.0
70,none,1,7.0,48.0,8.4,A,-15.7
71,low,2,10.0,50.0,9.2,C,-100.0
72,high,2,4.0,6.0,3.6,A,-18.2
73,high,2,14.0,6.0,9.9,C,-100.0
74,none,4,,1.0,3.7,C,
75,high,1,20.0,2.0,9.2,A,-100.0
76,high,1,5.0,17.0,8.9,B,-14.7
77,none,1,3.0,7.0,9.6,A,-8.5
78,medium,5,8.0,0.0,8.6,B,-100.0
79,medium,1,5.0,0.0,3.1,A,-15.1
80,low,0,14.0,7.0,7.1,D,-100.0
81,high,0,6.0,26.0,2.2,A,-17.2
82,medium,1,7.0,18.0,1.6,A,-19.2
83,low,1,,12.0,8.4,C,
84,high,2,7.0,5.0,8.7,A,-100.0
85,high,1,3.0,0.0,4.8,A,-13.4
86,medium,1,4.0,12.0,3.4,C,-13.1
87,low,1,8.0,32.0,9.5,C,-16.5
88,medium,2,12.0,1.0,9.6,C,-100.0
89,medium,2,10.0,2.0,9.6,A,-100.0
90,none,2,17.0,1.0,4.9,A,-100.0
91,low,0,4.0,14.0,9.7,C,-7.0
92,high,1,11.0,20.0,9.6,A,-100.0
93,medium,2,8.0,15.0,6.1,A,-100.0
94,low,4,11.0,0.0,8.9,A,-100.0
95,none,1,10.0,3.0,5.5,B,-100.0
96,medium,2,17.0,3.0,9.0,A,-100.0
97,high,2,24.0,0.0,9.5,A,-100.0
98,low,2,7.0,13.0,9.9,C,-17.2
99,low,0,9.0,38.0,3.6,A,-18.6
100,low,2,9.0,5.0,3.8,A,-100.0
101,low,0,5.0,9.0,6.6,C,-10.4
102,medium,2,16.0,17.0,3.0,A,-100.0
103,high,1,9.0,16.0,5.4,C,-100.0
104,low,2,4.0,2.0,6.2,A,-13.9
105,medium,1,10.0,7.0,5.2,C,-100.0
106,high,0,29.0,9.0,9.4,A,-100.0
107,none,2,15.0,2.0,1.9,B,-100.0
108,medium,0,12.0,5.0,8.4,A,-100.0
109,high,2,14.0,1.0,1.9,A,-100.0
110,medium,2,2.0,10.0,2.6,A,-12.5
111,medium,0,4.0,22.0,2.4,D,-11.0
112,medium,3,6.0,14.0,6.0,A,-100.0
113,high,1,5.0,40.0,8.4,A,-14.7
114,medium,0,1.0,35.0,8.5,A,-2.5
115,low,1,2.0,2.0,,C,
116,high,0,8.0,17.0,1.7,A,-100.0
117,medium,1,12.0,6.0,2.6,A,-100.0
118,low,3,5.0,3.0,1.6,A,-100.0
119,high,0,5.0,6.0,2.6,A,-15.4
120,low,2,9.0,46.0,10.0,A,-100.0
121,high,2,1.0,0.0,5.8,A,-11.9
122,high,2,18.0,15.0,1.3,A,
123,high,1,4.0,7.0,9.7,A,-12.6
124,none,2,8.0,3.0,1.3,A,-100.0
125,low,2,13.0,2.0,9.5,A,-100.0
126,low,2,1.0,6.0,9.3,C,-7.1
127,,3,9.0,7.0,9.9,C,-100.0
128,none,2,18.0,4.0,2.5,D,-100.0
129,high,2,12.0,12.0,9.5,A,-100.0
130,low,1,2.0,16.0,1.2,C,-10.3
131,medium,1,2.0,8.0,3.1,A,-9.8
132,medium,0,16.0,3.0,3.8,A,-100.0
133,high,1,3.0,25.0,1.8,A,-14.6
134,low,0,7.0,4.0,8.2,A,-13.1
135,low,1,18.0,3.0,8.2,A,-100.0
136,,3,6.0,7.0,3.5,A,-100.0
137,none,1,10.0,14.0,8.7,A,-100.0
138,low,2,7.0,1.0,8.9,A,-17.8
139,low,3,8.0,24.0,9.1,C,-100.0
140,high,3,9.0,11.0,9.2,A,-100.0
141,low,2,20.0,3.0,6.8,A,-100.0
142,low,1,13.0,1.0,4.7,A,-100.0
143,high,1,4.0,24.0,2.3,A,-16.1
144,low,1,17.0,4.0,4.4,B,-100.0
145,high,2,9.0,5.0,8.1,A,-100.0
146,medium,2,7.0,14.0,9.9,B,-17.6
147,medium,3,1.0,0.0,1.6,A,-13.8
148,none,1,14.0,31.0,2.2,C,-100.0
149,low,0,10.0,17.0,1.2,C,-100.0
150,medium,1,3.0,15.0,3.8,A,-11.1
151,none,0,1.0,35.0,1.1,C,-6.5
152,low,2,25.0,26.0,9.7,A,-100.0
153,low,3,24.0,4.0,8.1,C,-100.0
154,medium,1,16.0,34.0,3.6,A,-100.0
155,none,0,5.0,27.0,3.7,A,-12.3
156,low,1,5.0,20.0,6.9,A,-12.6
157,high,3,11.0,13.0,8.5,C,-100.0
158,high,2,5.0,3.0,1.3,A,-100.0
159,low,1,16.0,45.0,8.4,A,-100.0
160,none,1,5.0,25.0,8.4,D,-12.4
161,none,1,20.0,13.0,8.2,A,-100.0
162,low,4,9.0,0.0,6.4,A,-100.0
163,high,2,19.0,12.0,9.6,C,-100.0
164,high,1,29.0,4.0,9.1,C,-100.0
165,medium,0,3.0,8.0,2.3,A,-9.4
166,low,2,4.0,9.0,6.2,C,-13.8
167,medium,0,8.0,16.0,9.9,C,-14.3
168,medium,1,2.0,22.0,,B,
169,low,2,5.0,19.0,9.4,A,-13.9
170,low,0,2.0,15.0,8.4,A,-4.2
171,medium,1,13.0,50.0,8.4,A,-100.0
172,low,3,30.0,7.0,9.7,A,-100.0
173,medium,1,3.0,11.0,6.3,A,-9.9
174,medium,0,4.0,45.0,9.3,A,-7.3
175,medium,1,18.0,3.0,3.3,A,-100.0
176,medium,0,1.0,8.0,,A,
177,medium,2,28.0,45.0,9.6,A,-100.0
178,low,1,33.0,5.0,9.2,A,-100.0
179,medium,1,8.0,11.0,3.8,B,-19.9
180,low,1,6.0,30.0,8.4,C,-13.5
181,low,0,6.0,3.0,9.3,A,-10.8
182,high,1,7.0,2.0,9.7,A,-17.9
183,low,1,12.0,6.0,3.5,A,-100.0
184,medium,0,8.0,8.0,9.2,C,-14.7
185,none,1,17.0,1.0,9.4,D,-100.0
186,medium,3,6.0,31.0,8.5,A,-18.8
187,medium,2,18.0,19.0,3.9,A,-100.0
188,high,1,4.0,1.0,8.3,A,-13.4
189,medium,0,3.0,19.0,9.6,A,-5.7
190,low,0,22.0,4.0,8.8,C,-100.0
191,none,1,3.0,1.0,3.4,B,-11.7
192,low,3,5.0,4.0,4.1,A,-19.2
193,high,3,14.0,1.0,4.1,A,-100.0
194,medium,2,8.0,12.0,5.6,A,-100.0
195,high,1,7.0,6.0,1.8,A,-100.0
196,low,2,18.0,5.0,7.4,A,-100.0
197,medium,6,22.0,50.0,9.4,A,-100.0
198,low,2,7.0,1.0,7.4,A,-18.6
199,medium,2,2.0,11.0,3.1,A,-12.2
200,low,1,13.0,3.0,8.6,C,-100.0
201,medium,1,11.0,13.0,9.0,C,-100.0
202,high,2,9.0,16.0,8.7,A,-100.0
203,medium,2,17.0,19.0,8.8,A,-100.0
204,low,3,7.0,2.0,6.2,A,-100.0
205,low,1,6.0,6.0,8.7,A,-13.6
206,medium,3,11.0,43.0,7.1,A,-100.0
207,high,0,2.0,6.0,2.4,B,-10.3
208,high,0,12.0,1.0,7.4,A,-100.0
209,high,3,14.0,13.0,8.6,A,-100.0
210,low,2,11.0,31.0,3.2,B,-100.0
211,low,1,1.0,0.0,6.0,A,-6.3
212,high,2,12.0,1.0,8.5,D,-100.0
213,medium,4,5.0,6.0,8.6,A,-19.8
214,high,3,15.0,24.0,9.1,C,-100.0
215,low,1,20.0,5.0,6.8,A,-100.0
216,low,4,13.0,50.0,1.7,D,-100.0
217,high,2,8.0,1.0,6.9,A,-100.0
218,medium,1,0.0,26.0,3.6,A,-5.8
219,low,3,5.0,11.0,9.2,C,-16.6
220,low,1,4.0,4.0,8.0,A,-10.5
221,medium,1,11.0,5.0,3.6,A,-100.0
222,medium,0,25.0,6.0,8.1,C,-100.0
223,low,0,13.0,0.0,8.6,A,-100.0
224,none,1,17.0,1.0,3.1,A,-100.0
225,low,1,5.0,0.0,9.9,A,-11.3
226,high,3,4.0,12.0,5.1,A,-19.9
227,none,2,8.0,4.0,2.6,A,-100.0
228,high,2,8.0,1.0,7.0,A,-100.0
229,medium,2,5.0,10.0,8.7,A,-14.7
230,low,1,7.0,11.0,8.5,C,-15.4
231,none,2,6.0,5.0,1.1,A,-100.0
232,none,0,2.0,3.0,9.2,C,-4.5
233,medium,1,7.0,4.0,9.2,A,-15.5
234,medium,3,9.0,8.0,9.1,A,-100.0
235,medium,2,0.0,2.0,9.8,A,-5.5
236,medium,0,8.0,8.0,8.1,A,-15.3
237,none,2,6.0,3.0,2.1,A,-100.0
238,high,1,12.0,3.0,9.2,A,-100.0
239,none,2,4.0,2.0,1.2,A,-17.0
240,medium,2,20.0,3.0,8.5,A,-100.0
241,low,2,12.0,34.0,5.7,C,-100.0
242,none,1,12.0,3.0,10.0,A,-100.0
243,medium,0,10.0,5.0,5.1,A,-100.0
244,high,3,10.0,18.0,6.7,A,-100.0
245,medium,2,3.0,11.0,4.6,B,-13.2
246,low,3,8.0,19.0,8.3,A,-100.0
247,none,2,23.0,18.0,4.0,A,-100.0
248,high,4,21.0,8.0,8.6,D,-100.0
249,high,1,40.0,3.0,9.8,C,-100.0
250,none,1,4.0,6.0,3.8,B,-13.2
251,high,0,3.0,5.0,8.8,B,-8.8
252,high,2,4.0,19.0,2.4,A,-18.6
253,none,2,2.0,5.0,8.7,A,-9.7
254,medium,2,1.0,29.0,7.7,C,-8.0
255,none,0,13.0,9.0,7.0,A,-100.0
256,none,2,5.0,7.0,9.1,A,-14.8
257,high,2,4.0,10.0,8.7,A,-15.6
258,high,1,6.0,4.0,9.6,A,-16.2
259,medium,1,17.0,8.0,8.3,A,-100.0
260,none,1,24.0,2.0,1.1,D,-100.0
261,none,1,15.0,25.0,8.1,C,-100.0
262,none,2,12.0,38.0,1.8,C,-100.0
263,,4,11.0,9.0,9.9,A,-100.0
264,low,4,10.0,4.0,9.7,C,-100.0
265,low,0,11.0,2.0,6.1,D,-100.0
266,low,1,,12.0,6.7,C,
267,high,1,4.0,0.0,7.5,A,-13.8
268,none,2,2.0,3.0,1.7,A,-13.2
269,low,0,4.0,12.0,3.4,A,-10.2
270,low,0,4.0,23.0,5.4,A,-9.1
271,high,2,3.0,13.0,8.6,A,-13.8
272,none,0,19.0,50.0,8.1,B,-100.0
273,low,4,28.0,34.0,1.7,A,-100.0
274,none,5,30.0,10.0,2.1,A,-100.0
275,high,2,21.0,1.0,6.9,B,-100.0
276,low,2,7.0,3.0,2.9,C,-100.0
277,medium,2,7.0,5.0,9.1,A,-18.0
278,none,2,9.0,7.0,9.5,C,-100.0
279,medium,3,5.0,5.0,5.1,C,-19.0
280,low,1,11.0,24.0,5.2,C,-100.0
281,medium,2,19.0,1.0,9.1,A,-100.0
282,high,3,9.0,16.0,7.7,A,-100.0
283,medium,0,13.0,10.0,2.5,A,-100.0
284,low,0,8.0,4.0,9.3,A,-14.3
285,low,1,1.0,32.0,7.2,A,-5.4
286,high,2,8.0,18.0,3.3,A,-100.0
287,medium,2,11.0,30.0,10.0,A,-100.0
288,medium,1,4.0,4.0,9.8,C,-10.0
289,none,1,9.0,2.0,1.9,A,-100.0
290,high,2,8.0,10.0,1.8,B,-100.0
291,low,0,15.0,31.0,8.4,C,-100.0
292,none,3,6.0,7.0,5.1,A,-100.0
293,low,1,7.0,15.0,2.4,A,-18.4
294,high,1,9.0,6.0,1.9,A,-100.0
295,medium,1,13.0,4.0,3.7,A,-100.0
296,low,1,8.0,7.0,10.0,A,-16.4
297,high,0,3.0,14.0,1.3,A,-12.5
298,low,1,9.0,19.0,2.9,C,-100.0
299,high,0,12.0,9.0,4.8,A,-100.0
300,none,2,7.0,5.0,1.6,A,-100.0
301,high,2,15.0,25.0,9.4,A,-100.0
302,medium,4,6.0,10.0,5.2,B,-100.0
303,none,2,11.0,5.0,9.3,A,-100.0
304,medium,1,6.0,17.0,4.6,B,-15.9
305,low,4,19.0,2.0,2.0,C,-100.0
306,low,1,19.0,23.0,1.6,A,-100.0
307,high,1,16.0,2.0,8.0,A,-100.0
308,low,2,10.0,11.0,4.6,C,-100.0
309,medium,0,5.0,4.0,5.3,C,-11.5
310,high,1,17.0,30.0,8.9,A,-100.0
311,none,1,,18.0,2.4,C,
312,high,0,5.0,1.0,9.8,C,-11.9
313,high,1,19.0,40.0,9.6,D,-100.0
314,low,0,9.0,13.0,8.9,C,-16.2
315,medium,1,19.0,9.0,7.2,A,-100.0
316,high,1,11.0,12.0,8.9,A,-100.0
317,high,2,9.0,2.0,1.9,D,-100.0
318,high,2,4.0,6.0,8.4,A,-15.8
319,none,1,22.0,14.0,1.9,A,-100.0
320,high,2,15.0,16.0,1.5,A,-100.0
321,medium,1,26.0,10.0,8.4,B,-100.0
322,none,1,4.0,9.0,2.7,A,-13.7
323,low,4,13.0,29.0,4.3,B,-100.0
324,medium,3,9.0,10.0,7.3,A,-100.0
325,medium,1,7.0,42.0,7.1,C,-16.2
326,high,2,31.0,2.0,5.6,A,-100.0
327,low,1,7.0,4.0,2.3,B,-18.6
328,low,1,4.0,15.0,8.1,D,-10.3
329,high,3,8.0,3.0,6.3,C,-100.0
330,high,1,10.0,6.0,8.4,A,-100.0
331,none,1,4.0,10.0,7.2,A,-11.4
332,low,2,5.0,20.0,8.5,A,-14.3
333,high,1,9.0,0.0,5.7,A,-100.0
334,low,0,3.0,2.0,3.8,A,-8.4
335,none,4,9.0,5.0,7.9,A,-100.0
336,none,2,18.0,31.0,4.1,D,-100.0
337,low,2,6.0,8.0,9.7,A,-15.6
338,none,1,15.0,25.0,9.8,A,-100.0
339,low,2,2.0,4.0,7.7,A,-9.6
340,low,3,8.0,16.0,2.6,A,-100.0
341,low,0,7.0,25.0,9.7,A,-12.2
342,none,3,17.0,14.0,3.7,A,-100.0
343,high,1,14.0,2.0,6.5,B,-100.0
344,high,2,12.0,20.0,3.4,A,-100.0
345,low,3,9.0,40.0,1.5,A,-100.0
346,none,1,15.0,12.0,9.8,A,-100.0
347,low,1,3.0,1.0,3.0,A,-11.3
348,medium,3,11.0,15.0,4.0,C,-100.0
349,none,2,10.0,12.0,1.9,A,-100.0
350,medium,0,35.0,6.0,5.0,C,-100.0
351,high,3,6.0,5.0,6.5,A,-100.0
352,medium,4,12.0,2.0,9.6,A,-100.0
353,medium,3,11.0,33.0,1.5,C,-100.0
354,medium,1,11.0,1.0,5.9,A,-100.0
355,none,0,14.0,21.0,8.4,A,-100.0
356,low,3,3.0,40.0,8.4,A,-13.2
357,none,4,3.0,0.0,7.7,A,-17.0
358,medium,1,8.0,4.0,2.8,C,-100.0
359,low,1,4.0,4.0,2.5,A,-13.2
360,medium,2,2.0,4.0,1.5,A,-13.1
361,medium,0,2.0,5.0,8.8,D,-4.4
362,high,2,15.0,18.0,9.7,C,-100.0
363,none,1,3.0,6.0,7.7,A,-9.5
364,high,1,4.0,2.0,8.4,A,-13.3
365,none,2,4.0,7.0,1.8,A,-16.6
366,low,1,3.0,27.0,9.6,A,-7.7
367,low,1,9.0,5.0,3.4,C,-100.0
368,high,2,9.0,21.0,9.5,A,-100.0
369,none,3,16.0,9.0,9.2,C,-100.0
370,high,0,11.0,6.0,2.8,C,-100.0
371,high,1,10.0,14.0,3.5,B,-100.0
372,medium,1,3.0,9.0,9.7,B,-8.2
373,medium,2,12.0,5.0,1.0,A,-100.0
374,high,4,10.0,2.0,1.1,A,-100.0
375,high,0,3.0,9.0,2.4,A,-12.0
376,medium,3,3.0,1.0,10.0,C,-13.1
377,high,4,2.0,6.0,3.6,A,-19.7
378,high,1,18.0,15.0,8.9,C,-100.0
379,medium,0,10.0,17.0,6.5,A,-19.5
380,none,0,6.0,21.0,9.3,B,-11.3
381,high,3,16.0,6.0,10.0,A,-100.0
382,high,2,4.0,11.0,9.3,A,-15.3
383,none,1,22.0,2.0,8.8,A,-100.0
384,high,1,7.0,7.0,8.1,A,-18.6
385,low,3,37.0,21.0,2.5,A,-100.0
386,none,1,3.0,17.0,4.4,B,-11.0
387,low,1,13.0,24.0,5.2,A,-100.0
388,low,2,2.0,4.0,6.9,A,-10.0
389,medium,1,10.0,0.0,8.3,B,-100.0
390,high,1,1.0,50.0,9.0,A,-7.3
391,high,1,7.0,22.0,9.0,A,-18.1
392,high,2,7.0,1.0,3.3,A,-100.0
393,high,5,19.0,47.0,9.1,A,-100.0
394,low,1,11.0,1.0,7.9,A,-100.0
395,medium,0,3.0,25.0,9.3,A,-5.8
396,high,3,13.0,1.0,3.1,A,-100.0
397,none,2,3.0,36.0,4.2,B,-13.4
398,high,2,20.0,7.0,,D,
399,low,1,4.0,20.0,3.1,A,-12.8
400,low,2,24.0,4.0,5.0,C,-100.0
401,high,1,,0.0,7.3,C,
402,none,1,3.0,7.0,2.2,A,-12.2
403,low,3,15.0,11.0,6.1,A,-100.0
404,medium,0,8.0,17.0,8.4,A,-15.0
405,medium,3,5.0,50.0,8.9,A,-16.7
406,high,0,14.0,27.0,4.5,A,-100.0
407,high,0,17.0,1.0,2.3,B,-100.0
408,low,3,7.0,25.0,4.8,C,-100.0
409,medium,2,,17.0,8.5,C,
410,low,1,8.0,8.0,8.7,A,-17.1
411,medium,0,7.0,17.0,4.4,A,-15.3
412,low,0,1.0,1.0,4.2,A,-4.7
413,medium,2,16.0,16.0,4.0,A,-100.0
414,low,2,20.0,4.0,8.7,C,-100.0
415,high,2,6.0,24.0,6.0,A,-100.0
416,high,1,20.0,0.0,2.8,C,-100.0
417,high,1,6.0,9.0,4.9,C,-18.5
418,none,2,10.0,11.0,4.2,B,-100.0
419,low,3,13.0,7.0,5.0,A,-100.0
420,medium,1,16.0,11.0,9.0,A,-100.0
421,low,0,5.0,8.0,3.9,A,-11.7
422,low,2,16.0,15.0,3.8,A,-100.0
423,medium,1,18.0,1.0,6.5,C,-100.0
424,none,1,2.0,12.0,6.2,A,-8.4
425,medium,1,16.0,30.0,9.0,A,-100.0
426,none,2,2.0,0.0,7.5,C,-10.4
427,low,1,13.0,12.0,8.2,A,-100.0
428,high,4,21.0,26.0,8.1,A,-100.0
429,high,0,2.0,6.0,9.5,A,-6.7
430,low,3,5.0,8.0,2.1,A,-100.0
431,low,4,4.0,16.0,9.7,A,-17.0
432,medium,3,8.0,1.0,9.8,A,-100.0
433,medium,2,9.0,5.0,1.3,B,-100.0
434,high,1,20.0,10.0,4.4,A,-100.0
435,high,2,4.0,9.0,9.3,A,-15.3
436,low,0,3.0,4.0,8.8,A,-5.8
437,medium,1,7.0,7.0,9.6,A,-15.3
438,none,3,14.0,29.0,7.0,C,-100.0
439,high,2,3.0,19.0,8.0,B,-14.1
440,none,2,5.0,14.0,9.1,B,-14.7
441,medium,2,1.0,11.0,9.2,A,-7.4
442,medium,1,5.0,7.0,3.1,A,-15.0
443,low,2,10.0,7.0,8.8,D,-100.0
444,low,0,8.0,6.0,8.8,A,-14.6
445,low,2,1.0,4.0,2.6,A,-10.4
446,high,3,10.0,13.0,8.1,A,-100.0
447,low,4,4.0,15.0,5.1,A,-19.3
448,high,1,13.0,13.0,1.5,A,-100.0
449,high,1,33.0,10.0,2.4,B,-100.0
450,medium,2,5.0,23.0,2.0,A,-17.9
451,low,6,8.0,2.0,8.6,A,-100.0
452,none,2,6.0,1.0,7.7,A,-17.3
453,none,2,16.0,13.0,9.5,C,-100.0
454,low,2,0.0,50.0,9.9,A,-4.6
455,low,1,11.0,3.0,6.3,A,-100.0
456,medium,1,31.0,3.0,2.9,A,-100.0
457,high,1,2.0,11.0,6.1,A,-10.9
458,none,0,6.0,2.0,1.4,D,-15.4
459,medium,2,21.0,1.0,8.2,C,-100.0
460,high,1,4.0,3.0,9.7,B,-12.6
461,high,2,7.0,0.0,9.6,A,-100.0
462,medium,1,7.0,14.0,3.6,A,-18.2
463,high,4,5.0,7.0,2.8,C,-100.0
464,high,1,5.0,45.0,1.5,B,-18.1
465,medium,0,24.0,10.0,6.2,A,-100.0
466,medium,4,16.0,0.0,1.3,D,-100.0
467,high,1,13.0,0.0,2.3,C,-100.0
468,none,2,9.0,2.0,2.2,A,-100.0
469,high,4,9.0,1.0,8.8,A,-100.0
470,high,2,10.0,9.0,5.5,A,-100.0
471,low,3,4.0,16.0,8.2,C,-15.3
472,low,0,3.0,3.0,8.1,A,-6.2
473,low,3,8.0,13.0,7.7,C,-100.0
474,high,3,1.0,8.0,7.3,A,-13.5
475,none,2,,5.0,6.0,C,
476,none,0,17.0,2.0,5.0,A,-100.0
477,low,0,7.0,8.0,9.0,A,-12.7
478,low,0,16.0,6.0,2.1,C,-100.0
479,none,3,8.0,50.0,3.0,C,-100.0
480,low,0,17.0,10.0,8.1,A,-100.0
481,low,2,1.0,6.0,5.2,A,-9.1
482,high,1,4.0,10.0,5.4,A,-14.7
483,medium,5,12.0,4.0,3.9,A,-100.0
484,high,2,8.0,7.0,3.8,B,-100.0
485,none,4,15.0,0.0,2.9,A,-100.0
486,medium,1,19.0,9.0,2.9,A,-100.0
487,high,2,13.0,6.0,1.3,A,-100.0
488,none,2,24.0,2.0,9.0,A,-100.0
489,medium,2,6.0,43.0,8.4,B,-16.3
490,high,0,10.0,4.0,8.2,A,-100.0
491,high,2,6.0,8.0,5.5,A,-100.0
492,low,1,1.0,15.0,8.6,A,-4.8
493,low,2,14.0,1.0,9.6,B,-100.0
494,low,1,7.0,35.0,5.4,A,-16.7
495,medium,4,23.0,35.0,5.3,B,-100.0
496,low,1,21.0,19.0,9.3,A,-100.0
497,none,3,18.0,13.0,3.4,A,-100.0
498,medium,3,6.0,14.0,8.9,C,-18.8
499,medium,4,7.0,13.0,8.4,A,-100.0
500,medium,2,6.0,48.0,9.2,A,-15.8
501,none,1,,17.0,3.1,C,
502,medium,1,25.0,6.0,8.9,A,-100.0
503,none,5,11.0,23.0,3.3,C,-100.0
504,none,1,6.0,3.0,6.6,A,-15.3
505,high,1,8.0,12.0,1.9,A,-100.0
506,low,3,0.0,6.0,4.2,A,-10.4
507,medium,1,17.0,17.0,8.6,D,-100.0
508,high,2,2.0,34.0,8.9,A,-11.7
509,low,2,15.0,17.0,1.8,A,-100.0
510,high,0,10.0,10.0,7.8,A,-100.0
511,low,0,7.0,8.0,2.6,C,-15.9
512,high,1,19.0,1.0,1.8,A,-100.0
513,medium,3,16.0,4.0,8.7,C,-100.0
514,high,4,2.0,6.0,9.6,A,-16.7
515,high,0,13.0,2.0,9.7,B,-100.0
516,medium,3,6.0,11.0,3.2,A,-100.0
517,low,1,5.0,3.0,8.1,A,-12.2
518,medium,0,2.0,7.0,8.7,A,-4.5
519,high,1,1.0,0.0,3.3,D,-10.6
520,high,3,40.0,15.0,7.3,A,-100.0
521,medium,0,3.0,15.0,1.3,A,-9.8
522,none,4,2.0,9.0,2.2,A,-17.9
523,medium,2,11.0,8.0,2.4,A,-100.0
524,low,1,16.0,9.0,1.8,A,-100.0
525,none,0,6.0,22.0,6.4,B,-12.7
526,none,1,14.0,34.0,9.0,A,-100.0
527,high,1,19.0,4.0,3.9,A,-100.0
528,low,2,7.0,1.0,9.0,A,-17.8
529,medium,2,32.0,7.0,9.9,A,-100.0
530,low,1,4.0,16.0,8.3,D,-10.2
531,low,0,35.0,43.0,6.2,C,-100.0
532,medium,1,14.0,17.0,7.4,A,-100.0
533,low,1,18.0,11.0,9.8,C,-100.0
534,medium,2,10.0,6.0,4.9,D,-100.0
535,medium,0,12.0,7.0,5.4,A,-100.0
536,none,2,14.0,6.0,4.3,A,-100.0
537,none,1,6.0,1.0,3.3,A,-17.0
538,high,2,10.0,24.0,8.1,A,-100.0
539,medium,2,15.0,4.0,8.1,A,-100.0
540,low,2,5.0,18.0,6.3,A,-15.4
541,none,1,14.0,6.0,5.5,B,-100.0
542,none,2,5.0,2.0,1.9,A,-18.4
543,low,0,17.0,5.0,4.0,C,-100.0
544,low,1,6.0,17.0,2.3,C,-16.7
545,low,0,5.0,15.0,5.7,C,-10.8
546,high,3,4.0,8.0,8.3,A,-18.3
547,medium,1,5.0,23.0,6.5,A,-13.2
548,medium,3,13.0,15.0,9.6,A,-100.0
549,high,1,11.0,14.0,7.6,C,-100.0
550,medium,0,,19.0,6.0,C,
551,medium,1,10.0,31.0,8.8,C,-100.0
552,medium,1,20.0,16.0,9.5,A,-100.0
553,none,3,8.0,0.0,8.5,D,-100.0
554,high,0,4.0,3.0,8.3,A,-10.8
555,medium,3,1.0,13.0,2.3,A,-13.4
556,low,3,18.0,2.0,2.3,A,-100.0
557,high,0,34.0,34.0,3.2,B,-100.0
558,low,0,12.0,39.0,10.0,A,-100.0
559,none,2,18.0,13.0,9.3,A,-100.0
560,none,0,1.0,2.0,8.6,A,-3.1
561,high,1,4.0,3.0,2.3,A,-16.4
562,high,0,4.0,2.0,8.9,B,-10.6
563,none,4,4.0,11.0,8.9,A,-18.1
564,medium,2,12.0,20.0,1.1,A,-100.0
565,medium,2,6.0,2.0,6.3,A,-17.7
566,none,3,14.0,3.0,8.4,A,-100.0
567,medium,1,8.0,28.0,6.8,A,-18.2
568,low,0,16.0,15.0,9.2,A,-100.0
569,low,4,20.0,13.0,8.1,A,-100.0
570,high,0,5.0,0.0,9.2,C,-12.2
571,medium,1,12.0,20.0,6.7,B,-100.0
572,none,4,16.0,1.0,9.1,A,-100.0
573,high,1,1.0,1.0,,A,
574,high,4,22.0,8.0,9.4,A,-100.0
575,low,2,17.0,4.0,6.4,A,-100.0
576,none,2,28.0,9.0,9.9,D,-100.0
577,high,1,16.0,8.0,1.5,A,-100.0
578,medium,4,7.0,3.0,4.7,D,-100.0
579,high,1,11.0,18.0,4.5,C,-100.0
580,high,1,17.0,11.0,1.9,C,-100.0
581,low,4,25.0,9.0,8.0,A,-100.0
582,medium,1,2.0,3.0,4.3,A,-9.2
583,low,0,4.0,12.0,5.7,B,-9.1
584,medium,1,7.0,14.0,3.4,C,-18.3
585,low,0,2.0,15.0,9.9,A,-3.4
586,medium,2,6.0,6.0,9.5,C,-16.1
587,,1,6.0,1.0,2.4,A,-17.4
588,high,1,3.0,4.0,4.3,A,-13.6
589,medium,1,18.0,7.0,5.0,C,-100.0
590,low,1,15.0,6.0,9.1,B,-100.0
591,high,4,12.0,22.0,8.7,A,-100.0
592,high,5,9.0,1.0,7.7,A,-100.0
593,low,2,3.0,14.0,9.4,B,-10.4
594,high,6,4.0,14.0,3.7,A,-100.0
595,high,4,17.0,7.0,9.6,A,-100.0
596,medium,2,6.0,1.0,9.5,A,-16.1
597,low,0,,4.0,8.6,C,
598,low,1,11.0,2.0,1.2,A,-100.0
599,high,2,21.0,7.0,8.8,C,-100.0
600,low,3,17.0,2.0,4.8,A,-100.0
601,,2,14.0,23.0,2.1,A,-100.0
602,none,1,6.0,23.0,7.1,A,-14.8
603,medium,1,9.0,27.0,9.4,C,-18.7
604,low,2,4.0,2.0,3.3,B,-15.3
605,high,6,6.0,31.0,4.8,A,-100.0
606,high,1,12.0,19.0,3.4,A,-100.0
607,medium,1,20.0,5.0,3.1,A,-100.0
608,none,1,7.0,4.0,2.2,B,-19.2
609,high,2,9.0,50.0,9.0,A,-100.0
610,medium,1,5.0,16.0,8.4,C,-12.3
611,low,0,7.0,4.0,9.1,A,-12.7
612,high,0,7.0,13.0,2.7,A,-18.8
613,none,2,8.0,12.0,8.6,B,-100.0
614,medium,2,28.0,2.0,4.7,A,-100.0
615,medium,1,4.0,2.0,6.1,A,-11.8
616,medium,2,7.0,7.0,3.3,A,-100.0
617,low,1,6.0,8.0,1.1,A,-17.4
618,low,5,6.0,25.0,1.6,A,-100.0
619,low,2,7.0,13.0,8.9,A,-17.7
620,low,5,2.0,14.0,5.1,A,-18.3
621,high,0,5.0,5.0,9.5,D,-12.0
622,medium,7,1.0,21.0,3.1,C,-100.0
623,low,1,11.0,1.0,6.7,A,-100.0
624,medium,3,21.0,6.0,3.5,A,-100.0
625,high,1,14.0,5.0,6.1,C,-100.0
626,medium,0,21.0,1.0,1.8,A,-100.0
627,high,1,4.0,3.0,3.7,B,-15.6
628,low,2,2.0,2.0,7.6,C,-9.7
629,medium,3,7.0,4.0,8.5,A,-100.0
630,high,2,8.0,26.0,9.9,A,-100.0
631,low,1,7.0,6.0,9.6,C,-14.9
632,medium,1,4.0,16.0,8.3,A,-10.6
633,low,1,4.0,11.0,6.5,A,-11.2
634,low,2,18.0,12.0,3.1,A,-100.0
635,low,0,4.0,8.0,5.4,A,-9.2
636,medium,2,7.0,5.0,9.6,B,-17.8
637,low,4,11.0,15.0,6.9,A,-100.0
638,low,2,9.0,2.0,9.2,C,-100.0
639,high,2,27.0,6.0,7.0,A,-100.0
640,low,1,13.0,50.0,8.0,A,-100.0
641,none,0,21.0,10.0,9.8,C,-100.0
642,low,0,5.0,2.0,9.5,D,-9.0
643,low,0,9.0,5.0,3.0,D,-19.2
644,low,1,11.0,11.0,5.9,A,-100.0
645,none,2,19.0,8.0,4.0,A,-100.0
646,,1,37.0,20.0,1.4,A,-100.0
647,medium,2,4.0,2.0,2.8,A,-16.0
648,high,1,4.0,3.0,9.6,A,-12.7
649,medium,0,9.0,4.0,2.7,A,-19.8
650,low,0,12.0,6.0,3.5,A,-100.0
651,low,0,31.0,13.0,6.2,A,-100.0
652,medium,2,20.0,4.0,10.0,A,-100.0
653,high,2,3.0,14.0,5.6,A,-15.3
654,high,2,10.0,17.0,4.9,A,-100.0
655,high,3,7.0,2.0,9.2,A,-100.0
656,low,0,4.0,24.0,3.4,A,-10.1
657,medium,0,3.0,25.0,6.4,A,-7.2
658,low,2,9.0,7.0,5.3,B,-100.0
659,high,1,18.0,12.0,3.5,C,-100.0
660,medium,0,8.0,9.0,7.4,A,-15.6
661,high,2,18.0,14.0,4.2,A,-100.0
662,low,0,4.0,2.0,4.3,A,-9.9
663,high,2,7.0,16.0,1.6,A,-100.0
664,none,2,2.0,0.0,8.8,A,-9.7
665,low,0,9.0,13.0,9.5,A,-15.9
666,medium,3,7.0,24.0,1.8,A,-100.0
667,low,0,1.0,4.0,5.4,A,-4.0
668,high,3,8.0,5.0,8.5,D,-100.0
669,medium,2,6.0,8.0,2.6,D,-19.5
670,,2,7.0,23.0,9.3,A,-18.0
671,low,0,2.0,2.0,8.4,A,-4.3
672,low,2,16.0,6.0,4.2,C,-100.0
673,low,0,18.0,5.0,1.6,A,-100.0
674,medium,1,1.0,5.0,6.1,A,-6.6
675,medium,1,13.0,13.0,5.7,A,-100.0
676,medium,1,14.0,2.0,1.4,A,-100.0
677,low,3,25.0,19.0,3.7,C,-100.0
678,medium,1,40.0,24.0,7.2,C,-100.0
679,medium,1,16.0,1.0,6.6,A,-100.0
680,high,0,7.0,22.0,3.5,A,-18.3
681,low,2,10.0,14.0,9.8,B,-100.0
682,low,1,17.0,1.0,9.5,A,-100.0
683,medium,2,16.0,5.0,3.4,C,-100.0
684,high,2,7.0,8.0,9.7,A,-100.0
685,medium,2,24.0,29.0,9.4,A,-100.0
686,high,1,14.0,4.0,7.0,C,-100.0
687,high,2,12.0,17.0,6.1,A,-100.0
688,medium,3,20.0,11.0,6.5,A,-100.0
689,high,1,15.0,15.0,4.4,D,-100.0
690,medium,1,7.0,7.0,8.7,A,-15.7
691,medium,1,0.0,5.0,2.6,A,-6.5
692,high,3,15.0,7.0,5.2,C,-100.0
693,high,3,8.0,13.0,7.9,D,-100.0
694,low,3,4.0,1.0,5.7,A,-16.7
695,low,2,2.0,5.0,6.7,A,-10.1
696,high,2,20.0,5.0,9.0,C,-100.0
697,low,0,2.0,16.0,5.1,A,-5.8
698,medium,1,4.0,16.0,5.4,A,-12.0
699,low,1,20.0,10.0,3.7,B,-100.0
700,medium,0,12.0,13.0,8.4,B,-100.0
701,low,4,28.0,11.0,1.7,A,-100.0
702,none,2,27.0,23.0,2.4,C,-100.0
703,medium,0,4.0,10.0,8.5,A,-8.0
704,high,0,1.0,6.0,9.9,C,-4.8
705,medium,1,8.0,10.0,8.3,B,-17.6
706,low,4,12.0,11.0,3.6,A,-100.0
707,low,1,2.0,9.0,9.8,A,-6.0
708,high,3,13.0,3.0,8.3,A,-100.0
709,high,0,7.0,4.0,5.5,C,-17.5
710,medium,2,1.0,0.0,9.4,A,-7.5
711,none,2,5.0,0.0,9.9,A,-14.4
712,high,0,13.0,5.0,8.5,A,-100.0
713,high,2,33.0,1.0,5.5,A,-100.0
714,high,0,3.0,8.0,8.3,A,-9.0
715,medium,0,20.0,32.0,5.9,C,-100.0
716,high,1,8.0,13.0,8.2,A,-100.0
717,none,1,3.0,7.0,8.9,B,-8.8
718,high,3,12.0,1.0,8.8,B,-100.0
719,none,0,13.0,18.0,3.4,A,-100.0
720,low,2,6.0,21.0,8.2,D,-16.2
721,high,1,19.0,1.0,8.2,A,-100.0
722,medium,3,13.0,23.0,9.0,A,-100.0
723,low,2,12.0,9.0,4.9,A,-100.0
724,medium,1,12.0,13.0,3.5,D,-100.0
725,none,1,4.0,4.0,2.3,A,-13.9
726,high,2,8.0,15.0,8.8,C,-100.0
727,none,1,20.0,7.0,2.5,A,-100.0
728,low,1,5.0,4.0,7.0,A,-12.7
729,low,1,7.0,45.0,6.7,A,-16.0
730,medium,1,12.0,13.0,2.7,A,-100.0
731,medium,2,2.0,5.0,6.3,C,-10.7
732,low,2,13.0,11.0,7.8,A,-100.0
733,high,3,31.0,3.0,4.9,C,-100.0
734,none,1,6.0,19.0,9.0,A,-13.9
735,,1,14.0,5.0,3.2,A,-100.0
736,high,1,11.0,3.0,8.2,A,-100.0
737,medium,0,20.0,4.0,7.3,A,-100.0
738,medium,0,4.0,16.0,7.9,A,-8.3
739,none,3,2.0,1.0,3.0,C,-15.1
740,medium,2,14.0,19.0,9.0,A,-100.0
741,high,4,6.0,11.0,8.9,C,-100.0
742,low,3,15.0,1.0,9.0,C,-100.0
743,low,3,3.0,9.0,2.2,A,-16.6
744,high,3,12.0,3.0,6.2,A,-100.0
745,medium,1,14.0,16.0,1.7,A,-100.0
746,high,2,5.0,12.0,6.7,A,-18.3
747,none,2,18.0,0.0,7.5,A,-100.0
748,low,1,3.0,9.0,4.1,C,-10.6
749,medium,0,6.0,3.0,7.7,A,-12.0
750,,0,15.0,14.0,1.1,A,-100.0
751,medium,2,7.0,4.0,9.8,A,-17.7
752,high,2,14.0,11.0,2.6,C,-100.0
753,high,0,6.0,24.0,3.0,A,-16.8
754,low,3,5.0,5.0,3.0,A,-19.7
755,medium,3,5.0,3.0,9.1,C,-17.1
756,medium,2,10.0,3.0,8.2,C,-100.0
757,high,1,8.0,3.0,2.7,C,-100.0
758,medium,3,10.0,13.0,5.5,C,-100.0
759,high,2,10.0,3.0,6.8,B,-100.0
760,medium,0,21.0,7.0,9.2,A,-100.0
761,,0,7.0,6.0,4.7,C,-15.5
762,medium,1,6.0,7.0,6.0,A,-15.3
763,low,2,2.0,12.0,7.1,A,-9.9
764,low,1,9.0,50.0,4.8,A,-100.0
765,low,0,10.0,1.0,9.0,A,-18.0
766,low,0,6.0,6.0,1.6,A,-14.7
767,medium,1,6.0,19.0,5.5,A,-15.5
768,none,0,4.0,10.0,5.6,D,-9.7
769,low,0,13.0,8.0,9.9,C,-100.0
770,low,3,2.0,21.0,9.1,A,-11.3
771,low,2,5.0,17.0,8.6,A,-14.3
772,low,1,12.0,5.0,2.1,A,-100.0
773,high,2,7.0,1.0,1.4,B,-100.0
774,,0,7.0,8.0,8.7,B,-13.4
775,high,1,17.0,48.0,7.2,B,-100.0
776,low,1,12.0,2.0,9.3,A,-100.0
777,none,0,5.0,14.0,1.7,A,-13.4
778,,1,12.0,11.0,1.9,D,-100.0
779,low,1,2.0,15.0,9.2,D,-6.3
780,low,0,3.0,14.0,6.4,A,-6.9
781,medium,2,5.0,14.0,5.1,B,-16.5
782,none,4,21.0,2.0,1.4,C,-100.0
783,medium,2,4.0,1.0,9.5,A,-12.6
784,medium,3,14.0,11.0,1.9,A,-100.0
785,high,1,16.0,19.0,7.8,A,-100.0
786,medium,2,10.0,18.0,1.6,A,-100.0
787,low,3,25.0,13.0,5.1,A,-100.0
788,low,1,5.0,28.0,9.2,B,-11.4
789,low,2,2.0,12.0,2.5,D,-12.2
790,low,2,7.0,27.0,3.8,C,-100.0
791,high,3,13.0,20.0,8.4,C,-100.0
792,none,2,10.0,3.0,5.4,A,-100.0
793,none,3,14.0,3.0,8.1,A,-100.0
794,low,0,12.0,10.0,1.2,A,-100.0
795,none,2,,48.0,3.2,C,
796,medium,0,5.0,2.0,3.2,A,-12.5
797,high,3,6.0,6.0,9.6,C,-100.0
798,none,2,3.0,25.0,7.8,A,-11.7
799,low,0,5.0,14.0,3.6,D,-11.8
800,high,3,3.0,10.0,10.0,C,-15.7
801,,1,3.0,20.0,3.0,A,-11.7
802,low,0,3.0,4.0,1.4,B,-9.5
803,low,2,3.0,6.0,9.0,D,-10.7
804,medium,0,15.0,19.0,9.3,C,-100.0
805,medium,1,28.0,14.0,3.6,A,-100.0
806,low,1,2.0,13.0,1.7,A,-10.0
807,none,2,24.0,17.0,8.0,A,-100.0
808,high,1,24.0,4.0,2.7,A,-100.0
809,low,0,12.0,1.0,4.9,C,-100.0
810,none,3,3.0,3.0,7.8,A,-14.4
811,low,1,8.0,4.0,6.2,A,-18.4
812,low,3,6.0,4.0,5.2,A,-100.0
813,high,4,5.0,5.0,9.7,A,-100.0
814,low,2,6.0,0.0,9.4,A,-15.8
815,none,3,5.0,1.0,3.7,A,-100.0
816,high,1,21.0,3.0,9.2,D,-100.0
817,high,1,3.0,0.0,8.5,D,-11.5
818,none,1,5.0,6.0,1.9,A,-15.9
819,high,3,3.0,4.0,8.6,D,-16.4
820,medium,2,8.0,1.0,4.9,A,-100.0
821,medium,1,21.0,21.0,9.4,A,-100.0
822,low,1,6.0,6.0,7.9,A,-14.0
823,medium,1,16.0,0.0,3.7,A,-100.0
824,low,1,9.0,3.0,6.3,A,-100.0
825,medium,2,6.0,16.0,9.8,A,
826,low,0,2.0,2.0,3.7,C,-6.7
827,medium,0,11.0,5.0,8.1,B,-100.0
828,medium,2,4.0,13.0,8.4,A,-13.1
829,high,1,2.0,8.0,6.3,A,-10.8
830,high,3,12.0,7.0,4.6,A,-100.0
831,low,0,5.0,5.0,8.8,C,-9.3
832,low,0,9.0,21.0,9.3,A,-15.9
833,low,1,11.0,0.0,9.1,A,-100.0
834,medium,4,20.0,4.0,9.7,D,-100.0
835,high,1,3.0,14.0,8.5,A,-11.4
836,high,1,7.0,18.0,9.8,A,-17.7
837,none,2,4.0,3.0,7.7,C,-13.7
838,high,2,7.0,18.0,9.1,A,-100.0
839,medium,2,5.0,1.0,5.1,B,-16.6
840,low,1,7.0,0.0,6.3,B,-16.6
841,low,0,19.0,9.0,1.4,A,-100.0
842,none,2,7.0,23.0,3.0,A,-100.0
843,high,3,10.0,12.0,6.4,A,-100.0
844,high,2,1.0,6.0,9.8,A,-9.8
845,medium,0,12.0,24.0,9.0,D,-100.0
846,low,1,15.0,14.0,2.8,B,-100.0
847,high,1,2.0,38.0,3.2,A,-12.0
848,high,0,1.0,0.0,5.7,A,-6.9
849,low,2,8.0,11.0,1.1,A,-100.0
850,medium,5,8.0,1.0,9.6,A,-100.0
851,high,3,4.0,2.0,2.6,A,-100.0
852,high,2,12.0,11.0,8.0,A,-100.0
853,none,0,7.0,18.0,7.9,A,-13.7
854,low,2,2.0,10.0,6.5,C,-10.2
855,high,1,3.0,1.0,5.0,A,-13.3
856,high,3,12.0,3.0,6.0,A,-100.0
857,low,2,22.0,9.0,4.2,A,-100.0
858,medium,1,2.0,0.0,1.2,A,-10.8
859,high,4,2.0,9.0,6.0,A,-18.4
860,low,1,17.0,7.0,6.0,A,-100.0
861,low,1,15.0,24.0,3.2,A,-100.0
862,none,3,9.0,10.0,9.8,A,-100.0
863,medium,3,4.0,23.0,9.7,A,-14.8
864,low,2,15.0,5.0,8.1,A,-100.0
865,high,1,14.0,8.0,1.8,C,-100.0
866,low,3,1.0,7.0,8.7,A,-9.9
867,none,0,5.0,13.0,2.5,A,-13.0
868,high,0,14.0,2.0,9.3,A,-100.0
869,high,0,5.0,20.0,8.8,A,-12.2
870,low,4,7.0,48.0,9.7,D,-100.0
871,low,4,10.0,12.0,7.2,A,-100.0
872,high,4,16.0,23.0,6.3,A,-100.0
873,low,1,4.0,8.0,9.5,C,-9.7
874,high,0,8.0,34.0,7.0,A,-18.2
875,low,0,18.0,3.0,8.2,D,-100.0
876,high,3,10.0,10.0,1.3,C,-100.0
877,none,2,8.0,0.0,6.7,C,-100.0
878,low,2,4.0,10.0,9.6,A,-12.1
879,low,1,16.0,1.0,2.5,A,-100.0
880,low,1,10.0,0.0,4.6,A,-100.0
881,high,1,10.0,8.0,5.8,A,-100.0
882,high,1,16.0,31.0,2.0,A,-100.0
883,none,0,5.0,13.0,2.5,D,-13.0
884,low,1,7.0,50.0,8.4,A,-15.1
885,medium,2,24.0,19.0,6.6,C,-100.0
886,none,1,3.0,22.0,4.6,A,-10.9
887,high,2,5.0,5.0,9.7,B,-16.9
888,low,2,7.0,3.0,1.7,A,-100.0
889,none,2,7.0,4.0,2.0,C,-100.0
890,medium,3,7.0,18.0,8.1,A,-100.0
891,medium,1,7.0,14.0,10.0,A,-15.0
892,low,3,6.0,3.0,9.0,C,-18.5
893,medium,0,9.0,21.0,6.9,A,-17.5
894,high,2,12.0,7.0,4.7,A,-100.0
895,high,2,3.0,1.0,9.8,B,-13.4
896,low,0,10.0,10.0,8.7,A,-18.1
897,high,2,30.0,2.0,7.3,A,-100.0
898,medium,3,35.0,6.0,3.8,A,-100.0
899,low,2,4.0,21.0,9.2,A,-12.2
900,high,1,,19.0,6.4,C,
901,high,0,2.0,21.0,4.5,C,-9.1
902,low,2,13.0,6.0,7.6,A,-100.0
903,high,1,17.0,3.0,4.5,A,-100.0
904,low,2,3.0,12.0,6.7,A,-11.8
905,low,3,17.0,3.0,1.2,A,-100.0
906,medium,2,10.0,35.0,,D,
907,low,2,5.0,24.0,8.8,A,-14.1
908,low,0,8.0,33.0,1.7,A,-17.8
909,none,2,10.0,25.0,9.2,A,-100.0
910,low,1,8.0,13.0,7.7,C,-17.5
911,medium,3,13.0,1.0,6.7,B,-100.0
912,low,2,6.0,14.0,,D,
913,,0,5.0,3.0,7.9,A,-10.4
914,low,0,10.0,1.0,9.1,A,-18.0
915,high,0,7.0,11.0,4.0,D,-18.2
916,low,3,8.0,13.0,8.1,A,-100.0
917,,2,23.0,11.0,1.8,C,-100.0
918,high,2,4.0,4.0,8.2,B,-15.9
919,high,1,8.0,5.0,2.6,D,-100.0
920,none,0,20.0,3.0,1.4,A,-100.0
921,low,2,9.0,12.0,9.6,D,-100.0
922,medium,3,1.0,35.0,8.7,B,-9.9
923,high,3,12.0,12.0,8.7,C,-100.0
924,low,3,7.0,9.0,9.1,A,-100.0
925,low,0,5.0,34.0,9.5,C,-8.7
926,high,1,8.0,17.0,9.3,D,-19.7
927,low,1,11.0,6.0,1.6,A,-100.0
928,medium,0,13.0,14.0,8.8,A,-100.0
929,low,4,4.0,13.0,2.6,C,-100.0
930,medium,1,25.0,10.0,5.9,A,-100.0
931,low,1,10.0,7.0,8.9,C,-100.0
932,low,1,9.0,30.0,3.9,A,-100.0
933,low,1,10.0,29.0,4.9,A,-100.0
934,medium,1,2.0,27.0,9.4,A,-6.4
935,none,1,13.0,29.0,4.1,A,-100.0
936,high,0,15.0,21.0,6.5,A,-100.0
937,high,2,32.0,39.0,6.2,A,-100.0
938,medium,2,4.0,3.0,3.8,A,-15.5
939,high,3,3.0,17.0,6.8,C,-17.2
940,high,2,14.0,18.0,1.3,A,-100.0
941,none,1,24.0,7.0,3.3,A,-100.0
942,medium,4,12.0,4.0,1.5,A,-100.0
943,high,1,12.0,0.0,9.6,C,-100.0
944,high,1,20.0,22.0,7.2,B,-100.0
945,medium,3,5.0,2.0,8.7,C,-17.3
946,none,2,35.0,21.0,7.2,A,-100.0
947,,2,14.0,50.0,3.8,A,-100.0
948,low,1,9.0,23.0,5.5,A,-100.0
949,high,0,14.0,17.0,8.2,B,-100.0
950,none,0,2.0,20.0,4.5,B,-6.7
951,,0,5.0,34.0,7.7,A,-10.2
952,high,1,13.0,5.0,10.0,A,-100.0
953,low,1,26.0,21.0,9.5,A,-100.0
954,medium,0,5.0,4.0,1.9,A,-13.2
955,high,0,15.0,32.0,9.5,C,-100.0
956,low,3,6.0,15.0,6.9,A,-19.4
957,medium,2,20.0,6.0,1.7,A,-100.0
958,medium,2,9.0,10.0,4.3,B,-100.0
959,medium,1,5.0,1.0,8.0,A,-12.6
960,medium,1,4.0,15.0,2.1,C,-13.7
961,low,3,15.0,2.0,4.4,A,-100.0
962,low,0,5.0,13.0,5.8,C,-10.7
963,low,2,8.0,12.0,3.1,A,-100.0
964,medium,1,11.0,23.0,6.1,A,-100.0
965,high,1,2.0,0.0,9.3,A,-9.4
966,high,1,7.0,50.0,8.1,A,-18.2
967,high,3,12.0,0.0,2.5,A,-100.0
968,medium,1,5.0,12.0,1.8,A,-15.6
969,high,0,6.0,5.0,10.0,C,-13.5
970,low,1,27.0,4.0,8.4,A,-100.0
971,low,0,17.0,4.0,7.2,A,-100.0
972,low,0,12.0,23.0,2.6,D,-100.0
973,none,2,20.0,22.0,9.0,A,-100.0
974,medium,0,3.0,2.0,8.9,A,-6.2
975,high,2,7.0,7.0,9.8,B,-100.0
976,high,0,14.0,12.0,9.1,A,-100.0
977,high,1,2.0,26.0,1.3,A,-13.1
978,low,2,1.0,0.0,5.2,A,-9.2
979,high,2,7.0,1.0,1.4,C,-100.0
980,low,4,3.0,21.0,2.4,C,-18.9
981,high,3,2.0,11.0,7.9,A,-15.0
982,medium,3,21.0,0.0,8.1,A,-100.0
983,medium,2,10.0,0.0,7.4,A,-100.0
984,low,2,4.0,13.0,2.1,A,-15.8
985,low,0,8.0,47.0,7.1,A,-15.0
986,high,1,15.0,4.0,5.5,A,-100.0
987,,5,4.0,19.0,1.3,D,-100.0
988,high,1,12.0,3.0,9.0,A,-100.0
989,low,1,14.0,6.0,5.2,A,-100.0
990,high,2,18.0,4.0,9.4,A,-100.0
991,low,4,3.0,12.0,3.7,A,-18.3
992,high,1,7.0,19.0,6.4,A,-19.4
993,high,3,12.0,8.0,8.9,A,-100.0
994,high,0,11.0,9.0,3.4,A,-100.0
995,high,1,9.0,25.0,9.6,A,-100.0
996,low,0,9.0,13.0,4.4,C,-18.5
997,low,1,11.0,1.0,9.1,A,-100.0
998,medium,3,13.0,8.0,3.1,A,-100.0
999,low,0,5.0,32.0,10.0,B,-8.5
1000,medium,3,2.0,21.0,3.7,A,-14.3
1001,medium,2,4.0,22.0,9.7,B,-12.3
1002,none,4,25.0,26.0,9.2,A,-100.0
1003,high,1,8.0,2.0,9.9,C,-19.6
1004,none,0,13.0,2.0,3.9,A,-100.0
1005,low,1,8.0,49.0,9.8,A,-16.1
1006,medium,0,5.0,27.0,2.5,C,-12.6
1007,low,0,12.0,0.0,9.8,A,-100.0
1008,high,4,4.0,9.0,2.9,A,-100.0
1009,,2,40.0,1.0,1.8,A,-100.0
1010,medium,1,1.0,45.0,7.5,A,-5.4
1011,low,0,17.0,7.0,8.8,A,-100.0
1012,high,0,4.0,2.0,5.2,A,-12.4
1013,high,1,12.0,1.0,4.3,C,-100.0
1014,medium,4,3.0,10.0,9.4,A,-15.8
1015,low,2,11.0,19.0,7.0,A,-100.0
1016,medium,3,0.0,7.0,1.7,A,-12.0
1017,low,3,18.0,13.0,8.8,A,-100.0
1018,high,1,5.0,4.0,5.5,C,-16.5
1019,high,1,5.0,12.0,8.1,C,-15.1
1020,high,2,5.0,1.0,1.6,A,-100.0
1021,high,2,6.0,7.0,5.3,A,-100.0
1022,,1,,21.0,10.0,C,
1023,high,2,7.0,8.0,9.9,A,-100.0
1024,none,0,1.0,7.0,3.4,A,-5.6
1025,low,0,8.0,2.0,4.9,A,-16.5
1026,high,1,15.0,15.0,4.9,A,-100.0
1027,high,0,25.0,13.0,9.2,A,-100.0
1028,none,1,1.0,7.0,3.5,A,-8.1
1029,low,3,7.0,3.0,5.9,D,-100.0
1030,low,0,2.0,1.0,3.2,A,-6.9
1031,high,3,7.0,3.0,2.7,A,-100.0
1032,high,0,10.0,4.0,8.5,A,-100.0
1033,medium,0,23.0,4.0,2.2,A,-100.0
1034,low,1,4.0,4.0,9.9,A,-9.5
1035,medium,1,13.0,12.0,8.0,A,-100.0
1036,none,1,5.0,1.0,8.4,A,-12.7
1037,high,0,7.0,5.0,6.3,A,-17.1
1038,low,0,3.0,2.0,9.4,A,-5.6
1039,high,1,3.0,1.0,3.2,A,-14.2
1040,low,2,9.0,5.0,2.9,A,-100.0
1041,high,1,5.0,13.0,9.5,A,-14.4
1042,high,2,6.0,2.0,6.3,A,-100.0
1043,medium,1,7.0,7.0,7.1,B,-16.5
1044,low,2,25.0,6.0,7.2,A,-100.0
1045,,0,6.0,7.0,4.2,A,-13.9
1046,low,2,7.0,6.0,3.4,B,-100.0
1047,high,2,5.0,16.0,7.2,B,-18.0
1048,none,1,14.0,7.0,7.5,A,-100.0
1049,medium,0,1.0,8.0,,C,
1050,none,1,3.0,2.0,9.9,B,-8.4
1051,low,2,1.0,5.0,3.7,B,-9.9
1052,high,1,3.0,23.0,3.9,A,-13.6
1053,high,0,13.0,4.0,8.5,A,-100.0
1054,medium,0,9.0,3.0,3.0,A,-19.6
1055,medium,2,6.0,2.0,8.4,C,-16.7
1056,medium,1,9.0,12.0,7.2,A,-19.9
1057,low,0,2.0,17.0,5.4,A,-5.7
1058,none,2,8.0,24.0,7.8,A,-100.0
1059,medium,3,13.0,0.0,3.1,C,-100.0
1060,medium,2,21.0,7.0,8.8,D,-100.0
1061,low,3,6.0,3.0,1.2,D,-100.0
1062,low,0,1.0,8.0,9.4,C,-2.0
1063,high,3,15.0,2.0,4.5,C,-100.0
1064,low,4,1.0,18.0,7.0,A,-13.1
1065,high,1,12.0,12.0,8.2,C,-100.0
1066,medium,3,7.0,5.0,2.9,A,-100.0
1067,low,3,9.0,9.0,8.4,C,-100.0
1068,high,1,17.0,0.0,6.0,A,-100.0
1069,high,0,16.0,25.0,7.1,A,-100.0
1070,medium,1,7.0,9.0,8.4,B,-15.9
1071,low,3,11.0,7.0,7.5,A,-100.0
1072,high,3,7.0,23.0,9.5,A,-100.0
1073,medium,2,14.0,22.0,3.3,A,-100.0
1074,medium,2,2.0,18.0,5.1,B,-11.2
1075,low,2,34.0,27.0,9.1,B,-100.0
1076,low,1,2.0,15.0,8.8,D,-6.5
1077,medium,1,4.0,5.0,5.6,A,-12.1
1078,low,4,9.0,6.0,8.1,A,-100.0
1079,high,3,10.0,10.0,3.3,A,-100.0
1080,low,6,9.0,18.0,3.6,B,-100.0
1081,medium,2,13.0,12.0,3.5,A,-100.0
1082,none,1,2.0,14.0,3.4,A,-9.8
1083,,2,6.0,3.0,6.9,C,-17.6
1084,low,2,33.0,19.0,6.9,D,-100.0
1085,high,6,5.0,9.0,3.9,A,-100.0
1086,medium,2,2.0,8.0,,A,
1087,high,2,7.0,4.0,6.4,A,-100.0
1088,none,4,11.0,11.0,2.0,A,-100.0
1089,low,2,22.0,24.0,5.5,A,-100.0
1090,low,0,9.0,23.0,3.4,A,-18.8
1091,none,0,13.0,10.0,5.0,A,-100.0
1092,medium,2,1.0,1.0,8.3,A,-8.0
1093,none,0,2.0,11.0,1.4,A,-8.3
1094,none,2,5.0,4.0,5.3,A,-16.7
1095,none,1,13.0,26.0,6.1,A,-100.0
1096,low,0,5.0,9.0,,D,
1097,medium,0,11.0,31.0,5.2,A,-100.0
1098,medium,3,2.0,1.0,3.6,A,-14.6
1099,medium,4,15.0,2.0,6.9,D,-100.0
1100,medium,1,10.0,1.0,4.8,B,-100.0
1101,medium,1,15.0,20.0,9.6,A,-100.0
1102,low,3,5.0,4.0,9.1,A,-16.7
1103,low,1,4.0,1.0,8.9,B,-10.1
1104,low,1,6.0,17.0,9.9,A,-12.9
1105,none,1,9.0,2.0,9.9,A,-18.9
1106,low,0,12.0,4.0,1.8,A,-100.0
1107,high,1,14.0,5.0,9.4,B,-100.0
1108,medium,0,11.0,1.0,9.2,A,-100.0
1109,high,1,10.0,1.0,5.5,A,-100.0
1110,low,1,11.0,2.0,8.3,A,-100.0
1111,low,1,8.0,7.0,9.5,A,-16.7
1112,high,0,7.0,17.0,7.6,A,-16.3
1113,medium,2,3.0,22.0,2.1,C,-14.4
1114,low,1,8.0,2.0,8.8,C,-17.1
1115,medium,0,10.0,41.0,8.7,A,-18.1
1116,low,1,6.0,15.0,1.8,A,-17.0
1117,high,0,13.0,3.0,1.5,A,-100.0
1118,low,0,9.0,23.0,9.5,A,-15.8
1119,high,2,8.0,22.0,8.5,A,-100.0
1120,low,1,8.0,29.0,4.6,C,-18.9
1121,low,2,8.0,14.0,8.6,D,-19.6
1122,high,1,,11.0,8.3,C,
1123,high,2,16.0,16.0,9.1,B,-100.0
1124,medium,0,9.0,2.0,8.8,C,-16.7
1125,low,3,6.0,27.0,3.8,A,-100.0
1126,high,1,7.0,2.0,7.0,A,-19.2
1127,medium,1,4.0,18.0,2.7,A,-13.4
1128,medium,1,,0.0,8.4,C,
1129,high,1,18.0,11.0,8.6,D,-100.0
1130,high,7,14.0,6.0,8.1,A,-100.0
1131,,0,3.0,3.0,8.8,A,-6.4
1132,high,0,4.0,12.0,1.8,A,-14.0
1133,low,1,16.0,0.0,8.9,B,-100.0
1134,low,4,8.0,17.0,10.0,D,-100.0
1135,high,1,5.0,20.0,7.9,A,-15.1
1136,low,2,12.0,10.0,2.1,D,-100.0
1137,,1,2.0,2.0,6.6,A,-8.3
1138,low,4,4.0,13.0,7.0,A,-18.4
1139,medium,1,7.0,0.0,9.9,A,-15.2
1140,high,1,14.0,11.0,6.6,A,-100.0
1141,low,2,2.0,0.0,8.6,A,-9.2
1142,none,2,8.0,10.0,7.1,A,-100.0
1143,none,3,12.0,1.0,4.7,B,-100.0
1144,high,1,2.0,7.0,3.4,B,-12.3
1145,high,0,15.0,0.0,1.8,A,-100.0
1146,high,0,3.0,6.0,7.4,C,-9.5
1147,medium,2,25.0,25.0,5.1,A,-100.0
1148,high,1,20.0,6.0,9.9,C,-100.0
1149,medium,3,17.0,1.0,8.2,C,-100.0
1150,none,0,8.0,8.0,8.0,A,-15.5
1151,low,2,5.0,2.0,2.4,D,-17.6
1152,low,2,,2.0,1.9,C,
1153,medium,1,4.0,13.0,8.1,A,-10.7
1154,medium,1,2.0,14.0,1.8,C,-10.4
1155,low,1,35.0,27.0,1.3,A,-100.0
1156,high,1,12.0,7.0,8.5,C,-100.0
1157,medium,3,9.0,0.0,9.1,A,-100.0
1158,high,0,26.0,25.0,8.7,A,-100.0
1159,high,1,5.0,3.0,1.7,A,-18.4
1160,low,0,14.0,20.0,8.0,A,-100.0
1161,low,1,25.0,1.0,2.7,C,-100.0
1162,medium,0,10.0,8.0,2.5,A,-100.0
1163,high,1,1.0,21.0,1.5,A,-11.3
1164,high,0,10.0,6.0,9.0,A,-100.0
1165,low,1,10.0,29.0,8.9,C,-100.0
1166,low,0,11.0,7.0,8.6,C,-19.9
1167,high,2,5.0,50.0,2.1,C,-100.0
1168,low,2,5.0,11.0,3.3,C,-17.0
1169,low,1,6.0,4.0,9.3,A,-13.3
1170,none,3,19.0,15.0,6.7,C,-100.0
1171,low,2,16.0,7.0,1.8,A,-100.0
1172,high,1,16.0,8.0,5.8,A,-100.0
1173,high,1,3.0,8.0,9.3,A,-11.0
1174,low,1,12.0,33.0,7.7,A,-100.0
1175,medium,2,10.0,0.0,6.6,A,-100.0
1176,none,2,9.0,26.0,9.8,D,-100.0
1177,high,2,13.0,11.0,2.0,C,-100.0
1178,high,3,9.0,5.0,8.3,C,-100.0
1179,low,2,3.0,2.0,8.9,D,-10.8
1180,medium,2,8.0,3.0,9.4,A,-19.7
1181,high,0,12.0,10.0,1.8,C,-100.0
1182,low,1,6.0,3.0,3.6,D,-16.2
1183,medium,2,13.0,14.0,8.7,C,-100.0
1184,high,1,11.0,50.0,2.4,A,-100.0
1185,low,1,14.0,11.0,5.4,A,-100.0
1186,high,2,15.0,23.0,9.9,B,-100.0
1187,low,1,7.0,50.0,9.9,C,-14.3
1188,none,1,12.0,7.0,3.9,B,-100.0
1189,medium,2,5.0,26.0,9.8,D,-14.0
1190,high,2,20.0,7.0,9.9,A,-100.0
1191,low,2,5.0,14.0,9.7,A,-13.8
1192,none,3,2.0,4.0,2.9,B,-15.1
1193,low,3,4.0,2.0,2.3,A,-18.4
1194,medium,0,19.0,18.0,5.9,C,-100.0
1195,none,1,4.0,2.0,8.4,C,-10.9
1196,,3,17.0,2.0,6.3,A,-100.0
1197,low,1,25.0,10.0,3.3,A,-100.0
1198,medium,0,5.0,13.0,9.9,A,-9.1
1199,low,1,4.0,8.0,8.6,A,-10.1
1200,medium,2,6.0,25.0,9.7,A,-15.8
1201,medium,2,26.0,11.0,5.9,C,-100.0
1202,high,0,3.0,4.0,2.1,A,-12.2
1203,low,1,6.0,2.0,1.3,A,-17.4
1204,medium,2,3.0,6.0,5.6,A,-12.8
1205,low,3,13.0,12.0,3.8,A,-100.0
1206,low,0,13.0,17.0,9.8,D,-100.0
1207,medium,0,4.0,7.0,8.5,A,-8.1
1208,high,1,4.0,0.0,6.9,A,-14.1
1209,medium,1,13.0,24.0,4.1,A,-100.0
1210,medium,1,15.0,10.0,9.0,A,-100.0
1211,none,0,3.0,2.0,5.4,A,-8.2
1212,high,3,11.0,39.0,8.4,A,-100.0
1213,high,0,,12.0,9.8,C,
1214,low,2,10.0,6.0,6.4,A,-100.0
1215,low,1,16.0,8.0,8.8,A,-100.0
1216,low,0,,2.0,9.2,C,
1217,high,1,1.0,5.0,9.3,A,-7.6
1218,medium,3,14.0,4.0,4.4,A,-100.0
1219,medium,1,3.0,26.0,3.4,A,-11.2
1220,none,2,6.0,12.0,9.4,C,-16.3
1221,high,1,10.0,3.0,6.7,A,-100.0
1222,medium,2,2.0,30.0,1.2,A,-13.0
1223,low,1,5.0,50.0,1.5,A,-15.0
1224,medium,1,31.0,3.0,7.9,A,-100.0
1225,medium,2,11.0,1.0,3.6,B,-100.0
1226,high,1,5.0,0.0,2.3,C,-18.1
1227,none,1,17.0,33.0,9.3,A,-100.0
1228,none,1,11.0,6.0,7.5,A,-100.0
1229,low,2,4.0,6.0,4.4,A,-14.8
1230,high,1,7.0,6.0,8.1,A,-18.7
1231,high,1,3.0,23.0,8.5,A,-11.3
1232,high,2,35.0,6.0,8.4,A,-100.0
1233,medium,3,8.0,18.0,3.0,A,-100.0
1234,low,1,3.0,1.0,1.3,A,-12.1
1235,high,1,9.0,2.0,9.4,B,-100.0
1236,none,3,15.0,8.0,9.8,C,-100.0
1237,low,3,7.0,14.0,8.7,C,-100.0
1238,low,2,14.0,2.0,10.0,A,-100.0
1239,high,1,10.0,27.0,9.2,A,-100.0
1240,high,1,8.0,47.0,9.9,A,-19.1
1241,medium,0,23.0,2.0,6.3,A,-100.0
1242,low,1,2.0,17.0,9.7,A,-6.0
1243,high,2,7.0,4.0,9.0,C,-100.0
1244,medium,1,5.0,6.0,4.1,A,-14.5
1245,medium,1,4.0,12.0,1.5,C,-14.0
1246,medium,2,6.0,3.0,9.1,A,-16.3
1247,medium,0,9.0,16.0,7.8,A,-17.1
1248,low,2,9.0,7.0,9.0,D,-100.0
1249,low,2,8.0,16.0,9.0,C,-19.4
1250,low,2,4.0,1.0,1.4,C,-16.3
1251,low,1,16.0,2.0,2.4,A,-100.0
1252,medium,3,25.0,8.0,7.9,D,-100.0
1253,medium,2,16.0,28.0,6.8,A,-100.0
1254,low,1,15.0,12.0,9.8,C,-100.0
1255,none,1,11.0,5.0,6.6,C,-100.0
1256,none,1,6.0,27.0,8.6,A,-14.1
1257,high,3,2.0,8.0,3.9,A,-17.0
1258,low,1,8.0,43.0,8.3,B,-17.0
1259,low,2,4.0,18.0,1.6,C,-16.1
1260,medium,2,12.0,7.0,9.2,A,-100.0
1261,high,1,1.0,6.0,3.7,A,-10.4
1262,none,2,13.0,4.0,4.2,A,-100.0
1263,none,2,15.0,5.0,2.2,A,-100.0
1264,low,0,17.0,40.0,6.5,A,-100.0
1265,,1,11.0,4.0,7.4,A,-100.0
1266,none,2,13.0,6.0,3.8,A,-100.0
1267,medium,0,13.0,7.0,9.5,A,-100.0
1268,medium,1,9.0,14.0,3.3,B,-100.0
1269,low,2,12.0,7.0,4.6,A,-100.0
1270,high,1,3.0,9.0,4.6,A,-13.4
1271,high,3,3.0,50.0,6.2,A,-17.2
1272,high,0,16.0,19.0,3.8,C,-100.0
1273,low,1,17.0,7.0,8.3,A,-100.0
1274,high,1,10.0,7.0,7.1,A,-100.0
1275,high,2,5.0,33.0,8.6,A,-17.1
1276,medium,2,10.0,0.0,3.8,A,-100.0
1277,none,1,8.0,4.0,8.5,A,-17.8
1278,medium,1,6.0,32.0,7.6,A,-14.3
1279,high,1,9.0,18.0,7.7,A,-100.0
1280,high,0,25.0,20.0,8.1,A,-100.0
1281,low,0,25.0,3.0,7.1,A,-100.0
1282,none,4,6.0,1.0,8.3,B,-100.0
1283,low,2,10.0,4.0,8.6,A,-100.0
1284,medium,4,34.0,16.0,5.9,C,-100.0
1285,low,1,10.0,15.0,3.4,A,-100.0
1286,medium,3,24.0,4.0,2.2,C,-100.0
1287,medium,1,12.0,32.0,9.9,A,-100.0
1288,low,3,28.0,5.0,9.2,C,-100.0
1289,high,0,4.0,12.0,7.4,A,-11.2
1290,medium,1,9.0,26.0,9.5,A,-18.6
1291,low,1,16.0,6.0,9.7,A,-100.0
1292,none,2,9.0,5.0,3.4,B,-100.0
1293,high,2,18.0,1.0,3.5,A,-100.0
1294,low,2,9.0,1.0,2.5,A,-100.0
1295,none,1,6.0,15.0,7.6,A,-14.7
1296,high,1,22.0,2.0,4.3,A,-100.0
1297,,1,14.0,11.0,8.7,A,-100.0
1298,low,4,16.0,50.0,2.5,A,-100.0
1299,low,3,27.0,2.0,6.8,A,-100.0
1300,medium,0,10.0,4.0,4.5,B,-100.0
1301,high,2,5.0,44.0,8.1,A,-17.3
1302,none,0,2.0,11.0,9.9,B,-4.1
1303,high,2,21.0,1.0,2.0,A,-100.0
1304,low,1,3.0,3.0,9.3,A,-8.1
1305,low,0,14.0,17.0,5.0,A,-100.0
1306,none,3,3.0,1.0,4.8,A,-16.0
1307,high,0,2.0,8.0,7.3,A,-7.8
1308,low,0,14.0,13.0,7.1,A,-100.0
1309,low,1,8.0,8.0,8.7,A,-17.1
1310,low,3,13.0,23.0,7.5,A,-100.0
1311,none,3,6.0,14.0,3.1,A,-100.0
1312,high,5,6.0,1.0,7.2,A,-100.0
1313,none,1,2.0,1.0,1.5,C,-10.9
1314,medium,3,18.0,15.0,1.8,B,-100.0
1315,medium,2,4.0,22.0,1.1,A,-16.6
1316,high,1,16.0,4.0,9.9,C,-100.0
1317,high,3,14.0,30.0,7.8,A,-100.0
1318,medium,2,10.0,12.0,5.2,A,-100.0
1319,high,2,12.0,14.0,9.5,A,-100.0
1320,high,0,7.0,1.0,2.5,A,-19.0
1321,high,4,15.0,3.0,9.0,A,-100.0
1322,medium,2,32.0,2.0,8.5,A,-100.0
1323,medium,2,6.0,30.0,9.4,A,-15.9
1324,high,2,4.0,4.0,6.1,D,-16.9
1325,low,1,1.0,7.0,6.9,C,-5.8
1326,high,1,5.0,18.0,5.4,A,-16.4
1327,low,1,2.0,14.0,5.7,C,-8.0
1328,medium,1,5.0,14.0,4.0,A,-14.5
1329,medium,1,1.0,10.0,5.8,C,-6.7
1330,high,0,6.0,13.0,8.9,D,-13.9
1331,medium,2,5.0,2.0,5.4,A,-16.4
1332,low,1,9.0,5.0,9.1,A,-18.7
1333,high,1,2.0,9.0,9.8,A,-9.0
1334,high,1,16.0,8.0,4.3,A,-100.0
1335,high,0,14.0,22.0,2.1,C,-100.0
1336,high,1,3.0,19.0,7.6,A,-11.8
1337,none,2,17.0,38.0,6.5,B,-100.0
1338,none,2,16.0,10.0,9.1,A,-100.0
1339,low,0,3.0,12.0,4.5,A,-7.9
1340,high,2,7.0,33.0,8.8,A,-100.0
1341,medium,2,10.0,13.0,3.7,A,-100.0
1342,low,3,21.0,12.0,8.8,A,-100.0
1343,low,1,24.0,1.0,1.6,A,-100.0
1344,low,1,4.0,2.0,9.6,A,-9.7
1345,high,8,12.0,0.0,3.8,A,-100.0
1346,low,2,0.0,37.0,1.2,A,-9.1
1347,none,0,18.0,1.0,8.1,A,-100.0
1348,low,0,6.0,4.0,5.1,B,-12.9
1349,medium,1,7.0,2.0,5.2,A,-17.5
1350,high,3,8.0,5.0,7.6,A,-100.0
1351,none,1,3.0,34.0,2.6,C,-11.7
1352,medium,1,9.0,9.0,4.7,A,-100.0
1353,high,1,4.0,22.0,6.3,A,-14.2
1354,high,1,6.0,15.0,8.6,A,-16.6
1355,high,2,9.0,9.0,1.2,B,-100.0
1356,low,2,8.0,16.0,6.9,A,-100.0
1357,low,1,15.0,4.0,5.3,A,-100.0
1358,medium,3,6.0,50.0,6.8,B,-19.5
1359,medium,2,4.0,5.0,8.4,A,-13.2
1360,high,1,9.0,13.0,8.3,A,-100.0
1361,high,0,6.0,4.0,3.8,A,-16.6
1362,low,2,4.0,1.0,9.1,A,-12.5
1363,low,1,25.0,6.0,3.8,A,-100.0
1364,high,1,17.0,5.0,7.6,A,-100.0
1365,high,2,13.0,8.0,9.6,C,-100.0
1366,low,3,12.0,8.0,7.3,A,-100.0
1367,none,0,17.0,5.0,7.1,B,-100.0
1368,low,0,12.0,7.0,4.6,A,-100.0
1369,none,0,4.0,19.0,4.4,A,-10.2
1370,none,1,7.0,2.0,2.1,A,-19.3
1371,medium,2,6.0,1.0,5.9,A,-17.9
1372,high,1,8.0,3.0,1.3,C,-100.0
1373,low,2,10.0,19.0,4.5,B,-100.0
1374,medium,1,18.0,38.0,8.8,D,-100.0
1375,high,1,13.0,12.0,1.7,A,-100.0
1376,high,1,11.0,4.0,1.4,A,-100.0
1377,low,0,10.0,12.0,3.0,A,-100.0
1378,high,1,5.0,25.0,5.0,A,-16.5
1379,low,0,5.0,15.0,6.6,A,-10.3
1380,none,2,4.0,3.0,9.8,C,-12.7
1381,medium,2,15.0,0.0,8.5,A,-100.0
1382,medium,1,5.0,4.0,3.2,C,-15.0
1383,,2,5.0,40.0,7.6,A,-15.2
1384,low,0,8.0,15.0,6.9,A,-15.4
1385,none,0,14.0,2.0,4.1,A,-100.0
1386,medium,2,11.0,25.0,2.6,A,-100.0
1387,low,0,13.0,3.0,9.6,C,-100.0
1388,low,1,6.0,46.0,8.2,A,-13.5
1389,none,1,11.0,11.0,2.9,A,-100.0
1390,medium,1,1.0,22.0,8.0,C,-5.4
1391,none,1,12.0,18.0,8.6,A,-100.0
1392,low,1,19.0,1.0,7.2,A,-100.0
1393,high,2,11.0,17.0,4.4,C,-100.0
1394,high,1,4.0,7.0,6.3,A,-14.3
1395,none,0,6.0,10.0,5.7,C,-13.2
1396,medium,1,6.0,5.0,8.0,A,-14.4
1397,high,2,10.0,12.0,8.8,C,-100.0
1398,low,4,9.0,12.0,7.0,A,-100.0
1399,medium,3,,17.0,9.5,C,
1400,low,1,25.0,29.0,2.8,A,-100.0
1401,low,1,12.0,6.0,10.0,A,-100.0
1402,medium,1,6.0,11.0,1.0,A,-17.8
1403,low,1,4.0,7.0,8.1,A,-10.4
1404,low,2,11.0,22.0,2.5,A,-100.0
1405,medium,4,1.0,5.0,8.1,A,-13.0
1406,high,2,1.0,14.0,3.5,D,-12.9
1407,low,2,7.0,1.0,5.3,A,-19.6
1408,medium,2,10.0,10.0,9.6,A,-100.0
1409,medium,2,11.0,43.0,4.4,A,-100.0
1410,medium,0,,2.0,2.0,C,
1411,high,1,13.0,4.0,1.9,A,-100.0
1412,medium,2,4.0,50.0,4.3,A,-14.7
1413,low,0,9.0,1.0,1.3,A,-100.0
1414,high,0,7.0,1.0,5.3,C,-17.6
1415,high,2,10.0,4.0,9.6,A,-100.0
1416,low,1,39.0,11.0,3.9,A,-100.0
1417,high,1,0.0,1.0,9.5,C,-5.8
1418,low,1,21.0,26.0,6.2,D,-100.0
1419,high,1,3.0,2.0,1.5,B,-15.0
1420,medium,0,7.0,1.0,7.6,A,-13.8
1421,high,1,5.0,0.0,7.8,C,-15.4
1422,low,2,,28.0,3.3,C,
1423,high,0,3.0,11.0,10.0,C,-8.2
1424,low,0,5.0,4.0,1.9,A,-12.8
1425,low,1,9.0,11.0,5.1,A,-100.0
1426,medium,0,9.0,37.0,9.8,C,-15.9
1427,high,1,6.0,3.0,4.8,A,-18.6
1428,medium,2,1.0,3.0,9.8,A,-7.2
1429,low,2,8.0,15.0,8.3,B,-19.7
1430,low,0,4.0,20.0,7.7,C,-8.0
1431,none,3,5.0,26.0,3.7,C,-19.8
1432,low,4,22.0,6.0,2.8,A,-100.0
1433,medium,1,4.0,22.0,1.5,C,-13.9
1434,high,2,9.0,13.0,3.7,C,-100.0
1435,high,1,1.0,4.0,6.6,A,-8.9
1436,none,2,6.0,5.0,5.1,A,-18.5
1437,high,6,7.0,35.0,8.8,A,-100.0
1438,high,5,3.0,20.0,9.9,C,-100.0
1439,medium,3,5.0,7.0,3.0,A,-100.0
1440,high,1,7.0,10.0,2.9,C,-100.0
1441,medium,3,16.0,9.0,8.3,B,-100.0
1442,low,3,19.0,4.0,5.5,A,-100.0
1443,high,3,4.0,7.0,9.0,A,-18.0
1444,none,0,18.0,2.0,3.8,A,-100.0
1445,high,4,5.0,2.0,2.5,B,-100.0
1446,none,1,3.0,7.0,2.6,A,-12.0
1447,none,1,11.0,14.0,5.9,A,-100.0
1448,low,2,9.0,37.0,8.2,C,-100.0
1449,none,2,7.0,16.0,9.0,C,-18.2
1450,medium,0,23.0,5.0,5.1,A,-100.0
1451,low,3,5.0,4.0,2.6,A,-19.9
1452,high,0,5.0,19.0,9.8,A,-11.7
1453,high,1,10.0,9.0,9.9,A,-100.0
1454,high,1,9.0,12.0,2.0,A,-100.0
1455,high,4,4.0,10.0,5.1,A,-100.0
1456,,3,10.0,1.0,9.7,A,-100.0
1457,high,2,16.0,3.0,1.4,A,-100.0
1458,low,2,,1.0,8.2,C,
1459,medium,1,12.0,11.0,6.9,A,-100.0
1460,medium,2,7.0,4.0,9.3,C,-18.0
1461,medium,3,6.0,6.0,9.2,A,-18.7
1462,low,2,8.0,1.0,1.8,A,-100.0
1463,none,1,5.0,2.0,9.9,A,-11.9
1464,high,2,3.0,39.0,9.8,A,-13.0
1465,low,1,15.0,13.0,4.2,A,-100.0
1466,high,2,6.0,21.0,2.8,A,-100.0
1467,none,1,6.0,5.0,3.8,A,-16.7
1468,,5,4.0,3.0,1.9,A,-100.0
1469,medium,2,8.0,2.0,9.9,C,-19.4
1470,none,1,5.0,13.0,3.5,A,-15.0
1471,low,1,9.0,12.0,3.2,D,-100.0
1472,low,2,7.0,10.0,6.1,A,-19.1
1473,medium,0,13.0,3.0,7.2,A,-100.0
1474,low,4,3.0,8.0,9.0,A,-15.7
1475,high,2,25.0,7.0,7.3,A,-100.0
1476,high,3,9.0,10.0,9.8,C,-100.0
1477,high,0,24.0,21.0,3.4,A,-100.0
1478,high,1,5.0,1.0,2.6,C,-18.0
1479,,1,8.0,1.0,5.0,B,-19.6
1480,high,3,1.0,7.0,4.6,C,-14.9
1481,none,1,3.0,2.0,5.2,A,-10.8
1482,low,0,8.0,1.0,1.8,A,-18.1
1483,medium,2,12.0,11.0,9.0,A,-100.0
1484,low,0,7.0,1.0,7.3,A,-13.6
1485,low,1,3.0,1.0,5.8,A,-9.9
1486,low,2,11.0,19.0,4.4,C,-100.0
1487,high,0,6.0,10.0,1.7,A,-17.6
1488,low,0,7.0,13.0,8.2,A,-13.0
1489,low,2,2.0,24.0,6.8,A,-9.9
1490,medium,4,18.0,9.0,8.2,A,-100.0
1491,low,1,25.0,8.0,8.2,A,-100.0
1492,high,1,8.0,2.0,5.2,B,
1493,medium,1,8.0,17.0,7.2,C,-18.1
1494,low,1,3.0,5.0,1.4,B,-12.0
1495,low,0,25.0,10.0,8.3,A,-100.0
1496,high,0,12.0,27.0,5.7,A,-100.0
1497,none,1,3.0,16.0,8.6,A,-8.9
1498,low,2,11.0,50.0,8.9,A,-100.0
1499,none,0,18.0,1.0,9.8,A,-100.0
1500,high,1,22.0,2.0,3.9,A,-100.0
1501,medium,1,6.0,0.0,4.9,A,-15.9
1502,high,1,4.0,50.0,9.3,A,-12.4
1503,high,0,25.0,39.0,8.3,A,-100.0
1504,medium,2,9.0,23.0,5.7,A,-100.0
1505,medium,0,8.0,1.0,1.5,A,-18.6
1506,high,2,24.0,2.0,8.4,A,-100.0
1507,high,0,6.0,3.0,6.4,B,-15.3
1508,none,0,5.0,13.0,8.2,A,-10.2
1509,none,0,2.0,33.0,3.9,A,-6.8
1510,none,0,10.0,1.0,4.7,A,-100.0
1511,high,1,6.0,16.0,8.9,A,-16.4
1512,high,1,5.0,9.0,8.4,C,-15.0
1513,high,2,8.0,9.0,6.1,B,-100.0
1514,low,2,15.0,4.0,6.3,A,-100.0
1515,high,1,8.0,4.0,9.5,C,-19.7
1516,medium,4,21.0,6.0,8.7,C,-100.0
1517,high,1,5.0,5.0,5.4,C,-16.5
1518,medium,2,0.0,37.0,2.2,B,-8.9
1519,none,0,13.0,0.0,9.3,A,-100.0
1520,none,0,4.0,28.0,8.2,A,-8.2
1521,medium,1,0.0,4.0,4.3,C,-5.7
1522,low,2,11.0,46.0,9.5,A,-100.0
1523,high,3,5.0,8.0,9.7,C,-19.3
1524,medium,1,5.0,15.0,8.7,C,-12.2
1525,low,3,2.0,25.0,1.6,C,-15.0
1526,high,1,,50.0,2.0,C,
1527,low,5,7.0,3.0,2.7,A,-100.0
1528,high,2,20.0,33.0,1.4,C,-100.0
1529,none,3,12.0,6.0,1.1,B,-100.0
1530,high,1,9.0,2.0,6.4,C,-100.0
1531,low,1,7.0,0.0,7.9,A,-15.8
1532,medium,2,6.0,23.0,8.5,A,-16.4
1533,high,0,7.0,22.0,3.9,C,-18.1
1534,low,3,6.0,13.0,8.3,A,-18.7
1535,none,1,22.0,0.0,1.0,A,-100.0
1536,high,2,10.0,11.0,3.0,A,-100.0
1537,high,1,23.0,4.0,4.1,A,-100.0
1538,none,2,3.0,3.0,1.8,A,-14.9
1539,high,1,12.0,1.0,8.9,B,-100.0
1540,low,0,12.0,12.0,8.3,A,-100.0
1541,high,2,2.0,4.0,8.1,A,-12.4
1542,low,1,13.0,3.0,9.0,C,-100.0
1543,high,1,7.0,0.0,2.4,A,-100.0
1544,medium,4,13.0,1.0,2.7,C,-100.0
1545,high,1,16.0,2.0,9.7,A,-100.0
1546,high,0,10.0,13.0,7.2,A,-100.0
1547,medium,1,9.0,3.0,9.3,A,-19.0
1548,high,1,16.0,7.0,1.9,A,-100.0
1549,none,1,1.0,17.0,3.5,B,-8.0
1550,high,3,26.0,7.0,8.7,D,-100.0
1551,low,1,3.0,11.0,2.2,A,-11.6
1552,low,0,15.0,3.0,8.9,B,-100.0
1553,high,0,8.0,39.0,1.1,A,-100.0
1554,high,0,11.0,6.0,1.5,A,-100.0
1555,high,0,20.0,2.0,3.6,A,-100.0
1556,medium,0,3.0,2.0,8.4,A,-6.4
1557,high,0,9.0,15.0,4.1,B,-100.0
1558,medium,2,8.0,35.0,5.4,A,-100.0
1559,high,1,14.0,26.0,6.0,A,-100.0
1560,medium,1,2.0,5.0,10.0,C,-6.3
1561,none,1,9.0,40.0,3.9,A,-100.0
1562,medium,0,8.0,29.0,8.1,C,-15.1
1563,high,1,11.0,10.0,7.8,A,-100.0
1564,low,0,4.0,12.0,9.7,A,-7.1
1565,low,1,11.0,0.0,4.6,A,-100.0
1566,none,2,1.0,12.0,7.4,A,-8.6
1567,medium,1,9.0,10.0,6.7,A,-100.0
1568,low,1,9.0,3.0,8.1,A,-19.2
1569,,2,2.0,7.0,2.2,A,-13.0
1570,low,2,7.0,7.0,3.8,D,-100.0
1571,low,2,7.0,13.0,3.2,B,-100.0
1572,high,5,1.0,11.0,3.2,A,-100.0
1573,low,3,11.0,9.0,9.8,A,-100.0
1574,medium,2,30.0,3.0,6.0,A,-100.0
1575,medium,2,20.0,8.0,2.8,A,-100.0
1576,medium,2,7.0,0.0,9.3,A,-18.0
1577,medium,0,10.0,1.0,1.3,C,-100.0
1578,medium,2,5.0,27.0,5.0,C,-16.4
1579,high,0,9.0,23.0,8.2,A,-19.4
1580,medium,4,8.0,1.0,8.4,B,-100.0
1581,low,4,3.0,14.0,9.9,A,-15.2
1582,none,0,16.0,1.0,9.0,A,-100.0
1583,medium,1,7.0,3.0,9.1,A,-15.6
1584,medium,2,2.0,18.0,5.9,D,-10.8
1585,,1,14.0,9.0,2.9,A,-100.0
1586,low,1,14.0,2.0,7.1,A,-100.0
1587,high,3,5.0,6.0,9.6,A,-19.4
1588,low,2,14.0,12.0,6.6,A,-100.0
1589,high,1,11.0,21.0,3.8,A,-100.0
1590,high,0,5.0,0.0,8.2,A,-12.7
1591,none,2,13.0,0.0,6.5,C,-100.0
1592,medium,0,11.0,35.0,4.3,A,-100.0
1593,none,2,27.0,15.0,8.7,B,-100.0
1594,medium,2,24.0,19.0,5.8,A,-100.0
1595,high,0,2.0,13.0,3.4,A,-9.7
1596,medium,2,14.0,15.0,8.0,C,-100.0
1597,high,2,16.0,11.0,6.7,A,-100.0
1598,high,1,4.0,6.0,2.1,A,-16.4
1599,medium,0,18.0,2.0,6.9,A,-100.0
1600,high,3,7.0,8.0,6.8,A,-100.0
1601,medium,3,13.0,50.0,9.7,A,-100.0
1602,low,5,14.0,9.0,9.8,A,-100.0
1603,high,0,6.0,1.0,5.4,D,-15.8
1604,none,2,12.0,17.0,5.9,A,-100.0
1605,medium,1,8.0,22.0,7.3,B,-18.0
1606,low,2,37.0,50.0,7.1,A,-100.0
1607,medium,3,16.0,17.0,8.5,C,-100.0
1608,high,1,40.0,10.0,8.4,A,-100.0
1609,low,3,6.0,24.0,2.8,A,-100.0
1610,high,0,3.0,3.0,9.6,C,-8.4
1611,low,0,9.0,0.0,5.0,A,-18.3
1612,low,1,2.0,1.0,8.1,A,-7.0
1613,high,1,1.0,2.0,1.7,C,-11.4
1614,low,1,4.0,32.0,6.1,D,-11.2
1615,none,2,18.0,22.0,3.2,A,-100.0
1616,high,2,9.0,28.0,6.6,C,-100.0
1617,low,1,5.0,11.0,5.8,A,-13.3
1618,medium,2,10.0,5.0,8.3,A,-100.0
1619,medium,2,18.0,0.0,9.3,A,-100.0
1620,high,1,4.0,50.0,3.5,A,-15.3
1621,medium,0,16.0,14.0,3.4,C,-100.0
1622,high,0,10.0,12.0,8.3,A,-100.0
1623,high,0,5.0,14.0,6.3,B,-13.5
1624,,2,1.0,15.0,4.9,A,-9.8
1625,medium,3,8.0,3.0,6.6,A,-100.0
1626,high,4,8.0,14.0,5.7,A,-100.0
1627,high,0,6.0,10.0,9.5,C,-13.7
1628,high,0,6.0,26.0,7.1,A,-14.7
1629,low,3,4.0,28.0,2.7,A,-17.9
1630,low,0,6.0,4.0,9.1,A,-10.9
1631,medium,1,6.0,11.0,8.6,A,-14.0
1632,medium,2,5.0,2.0,1.9,B,-18.2
1633,low,1,8.0,27.0,8.3,A,-17.1
1634,high,3,15.0,5.0,4.8,A,-100.0
1635,medium,4,2.0,8.0,5.2,A,-16.2
1636,medium,1,13.0,16.0,5.8,C,-100.0
1637,high,1,6.0,2.0,9.2,A,-16.4
1638,none,0,31.0,1.0,6.8,A,-100.0
1639,none,3,5.0,5.0,2.2,C,-100.0
1640,high,0,3.0,4.0,9.9,A,-8.3
1641,high,2,14.0,3.0,2.9,C,-100.0
1642,low,0,5.0,15.0,8.6,A,-9.3
1643,high,3,15.0,1.0,1.9,A,-100.0
1644,medium,0,21.0,8.0,6.8,A,-100.0
1645,low,1,3.0,31.0,9.1,A,-7.9
1646,none,0,3.0,9.0,9.6,A,-6.0
1647,low,2,12.0,4.0,5.6,A,-100.0
1648,medium,1,18.0,6.0,3.9,A,-100.0
1649,low,1,11.0,5.0,8.3,A,-100.0
1650,medium,1,5.0,39.0,1.4,A,-15.6
1651,none,1,11.0,21.0,3.9,C,-100.0
1652,high,1,24.0,16.0,7.1,A,-100.0
1653,low,4,4.0,10.0,9.1,C,-17.4
1654,high,1,2.0,10.0,4.0,A,-11.9
1655,high,2,4.0,4.0,8.9,B,-15.5
1656,medium,1,5.0,25.0,4.9,A,-14.0
1657,medium,1,3.0,1.0,6.4,A,-9.9
1658,none,3,10.0,33.0,4.4,C,-100.0
1659,medium,1,16.0,21.0,9.7,A,-100.0
1660,high,2,2.0,19.0,5.5,A,-13.6
1661,medium,1,9.0,20.0,8.0,A,-19.4
1662,low,1,1.0,7.0,,B,
1663,medium,4,7.0,10.0,6.6,A,-100.0
1664,medium,1,8.0,6.0,3.6,A,-100.0
1665,high,3,5.0,4.0,7.9,B,-100.0
1666,medium,5,5.0,50.0,10.0,A,-100.0
1667,,1,2.0,9.0,9.3,A,-6.9
1668,high,1,3.0,8.0,2.5,C,-14.4
1669,low,2,16.0,15.0,9.6,A,-100.0
1670,high,0,5.0,29.0,3.5,A,-14.7
1671,high,3,10.0,37.0,8.1,A,-100.0
1672,low,2,13.0,18.0,3.9,A,-100.0
1673,medium,3,8.0,0.0,2.4,A,-100.0
1674,high,2,22.0,6.0,1.7,A,-100.0
1675,low,1,16.0,3.0,9.6,B,-100.0
1676,none,4,2.0,5.0,5.7,A,-16.2
1677,none,3,7.0,5.0,3.3,A,-100.0
1678,medium,0,11.0,19.0,6.8,D,-100.0
1679,none,1,5.0,5.0,2.2,C,-15.7
1680,medium,1,13.0,4.0,3.0,A,-100.0
1681,medium,2,2.0,2.0,3.1,A,-12.3
1682,medium,0,15.0,8.0,8.5,A,-100.0
1683,,2,18.0,9.0,2.9,A,-100.0
1684,low,4,3.0,9.0,4.6,B,-17.9
1685,medium,1,6.0,0.0,8.3,B,-14.2
1686,,1,2.0,11.0,5.2,B,-8.9
1687,low,2,8.0,20.0,7.5,A,-100.0
1688,high,3,11.0,24.0,4.1,D,-100.0
1689,none,1,10.0,10.0,3.1,A,-100.0
1690,none,4,31.0,2.0,8.7,D,-100.0
1691,medium,0,7.0,9.0,3.8,D,-15.7
1692,low,1,19.0,5.0,1.0,A,-100.0
1693,medium,0,3.0,3.0,7.2,B,-7.0
1694,high,2,13.0,15.0,1.6,D,-100.0
1695,high,1,5.0,1.0,3.2,C,-17.7
1696,low,2,7.0,5.0,4.7,A,-19.9
1697,medium,1,11.0,19.0,8.0,D,-100.0
1698,,4,9.0,21.0,8.5,A,-100.0
1699,medium,3,24.0,27.0,6.5,A,-100.0
1700,medium,0,3.0,1.0,2.2,A,-9.5
1701,medium,0,4.0,3.0,2.4,B,-11.2
1702,high,2,3.0,0.0,8.7,A,-13.9
1703,low,1,11.0,9.0,8.9,C,-100.0
1704,medium,0,14.0,15.0,9.2,A,-100.0
1705,medium,1,9.0,30.0,5.1,C,-100.0
1706,low,0,8.0,9.0,5.1,D,-16.4
1707,medium,0,10.0,6.0,4.7,B,-100.0
1708,none,1,3.0,2.0,2.4,A,-12.1
1709,high,0,23.0,2.0,1.4,C,-100.0
1710,medium,2,12.0,25.0,2.9,C,-100.0
1711,high,4,4.0,3.0,2.7,A,-100.0
1712,low,3,1.0,16.0,9.6,C,-9.3
1713,medium,3,1.0,11.0,,A,
1714,high,1,16.0,4.0,9.8,C,-100.0
1715,medium,3,38.0,0.0,8.7,A,-100.0
1716,low,1,20.0,1.0,8.7,C,-100.0
1717,medium,1,2.0,8.0,8.7,B,-7.0
1718,medium,2,6.0,22.0,8.3,A,-16.5
1719,none,0,19.0,9.0,9.5,A,-100.0
1720,,3,8.0,12.0,8.4,B,-100.0
1721,high,2,3.0,17.0,5.0,B,-15.6
1722,high,4,6.0,0.0,3.5,C,-100.0
1723,low,0,7.0,5.0,9.8,A,-12.3
1724,low,0,14.0,28.0,7.5,A,-100.0
1725,low,0,2.0,29.0,3.9,A,-6.3
1726,medium,1,0.0,35.0,6.9,A,-4.1
1727,high,1,2.0,10.0,2.2,A,-12.8
1728,,2,1.0,2.0,,A,
1729,low,1,9.0,1.0,9.4,A,-18.6
1730,medium,1,11.0,33.0,5.9,A,-100.0
1731,none,1,1.0,6.0,,B,
1732,none,4,3.0,7.0,7.7,D,-17.0
1733,high,3,4.0,1.0,7.2,C,-18.9
1734,low,2,18.0,50.0,8.9,C,-100.0
1735,high,1,1.0,1.0,1.1,C,-11.7
1736,low,2,4.0,7.0,9.0,A,-12.5
1737,high,3,10.0,1.0,1.8,A,-100.0
1738,medium,4,7.0,5.0,8.8,A,-100.0
1739,medium,1,5.0,6.0,3.3,B,-14.9
1740,none,2,8.0,3.0,2.0,A,-100.0
1741,none,2,6.0,5.0,7.1,B,-17.5
1742,high,1,3.0,20.0,3.4,C,-13.9
1743,none,0,3.0,14.0,8.6,A,-6.4
1744,medium,1,16.0,27.0,9.2,A,-100.0
1745,low,2,11.0,0.0,9.7,A,-100.0
1746,high,3,7.0,1.0,4.2,C,-100.0
1747,high,1,11.0,1.0,2.0,A,-100.0
1748,low,2,6.0,8.0,9.8,C,-15.5
1749,low,2,9.0,16.0,10.0,A,-100.0
1750,none,1,9.0,3.0,9.0,A,-19.3
1751,medium,1,14.0,1.0,9.8,D,-100.0
1752,high,2,10.0,14.0,6.2,B,-100.0
1753,high,1,7.0,0.0,3.6,A,-100.0
1754,medium,4,3.0,5.0,2.3,A,-19.5
1755,high,2,9.0,8.0,2.0,A,-100.0
1756,low,1,3.0,20.0,1.5,D,-11.8
1757,high,0,14.0,21.0,8.7,A,-100.0
1758,high,0,7.0,5.0,7.4,D,-16.5
1759,high,1,7.0,7.0,9.0,B,-18.2
1760,low,2,2.0,14.0,8.4,A,-9.2
1761,high,3,19.0,11.0,8.2,A,-100.0
1762,none,1,12.0,9.0,8.9,A,-100.0
1763,low,0,13.0,5.0,9.6,A,-100.0
1764,low,1,9.0,0.0,9.6,D,-18.5
1765,medium,2,10.0,2.0,4.6,C,-100.0
1766,high,3,9.0,16.0,9.5,C,-100.0
1767,high,0,3.0,17.0,3.1,A,-11.6
1768,medium,1,12.0,36.0,9.8,D,-100.0
1769,low,0,20.0,3.0,8.4,A,-100.0
1770,,1,26.0,5.0,3.8,C,-100.0
1771,medium,0,6.0,3.0,4.2,A,-13.8
1772,medium,2,14.0,9.0,2.1,A,-100.0
1773,none,0,8.0,6.0,2.5,A,-18.3
1774,medium,0,3.0,0.0,8.3,C,-6.5
1775,high,1,11.0,6.0,4.5,A,-100.0
1776,medium,0,7.0,1.0,6.3,A,-14.5
1777,medium,2,,23.0,8.2,C,
1778,low,2,13.0,35.0,9.0,A,-100.0
1779,none,1,22.0,31.0,6.5,A,-100.0
1780,high,0,17.0,31.0,5.3,A,-100.0
1781,none,0,20.0,6.0,9.4,A,-100.0
1782,low,0,6.0,12.0,6.5,C,-12.2
1783,none,2,10.0,29.0,2.8,A,-100.0
1784,,0,10.0,1.0,8.6,A,-18.8
1785,none,1,12.0,31.0,9.6,A,-100.0
1786,medium,3,2.0,10.0,9.4,A,-11.6
1787,high,3,6.0,50.0,9.1,B,-100.0
1788,none,0,10.0,10.0,3.1,A,-100.0
1789,low,3,13.0,16.0,9.9,C,-100.0
1790,medium,1,6.0,3.0,6.0,A,-15.4
1791,high,0,6.0,5.0,2.6,B,-17.2
1792,medium,2,,26.0,3.9,C,
1793,none,0,7.0,19.0,9.6,A,-12.9
1794,medium,1,19.0,8.0,5.4,C,-100.0
1795,medium,2,6.0,27.0,2.4,A,-19.4
1796,low,1,11.0,9.0,5.1,A,-100.0
1797,high,1,3.0,19.0,8.5,A,-11.3
1798,high,1,28.0,1.0,4.7,C,-100.0
1799,medium,3,2.0,2.0,2.6,A,-15.1
1800,medium,1,7.0,1.0,5.9,C,-17.2
1801,high,0,4.0,4.0,1.9,A,-14.0
1802,low,0,14.0,1.0,2.9,A,-100.0
1803,high,1,11.0,26.0,8.9,B,-100.0
1804,low,1,12.0,1.0,1.8,C,-100.0
1805,high,0,5.0,15.0,1.4,A,-15.9
1806,low,1,8.0,50.0,10.0,A,-16.0
1807,high,0,14.0,15.0,8.4,A,-100.0
1808,high,2,17.0,2.0,3.2,A,-100.0
1809,low,3,22.0,10.0,7.6,C,-100.0
1810,medium,1,8.0,14.0,8.1,A,-17.7
1811,low,0,23.0,23.0,5.0,A,-100.0
1812,low,1,11.0,7.0,9.3,A,-100.0
1813,low,1,12.0,22.0,5.7,A,-100.0
1814,medium,4,6.0,0.0,5.9,A,-100.0
1815,none,4,,19.0,4.3,C,
1816,medium,0,10.0,10.0,3.2,B,-100.0
1817,high,0,34.0,33.0,3.9,A,-100.0
1818,none,0,12.0,4.0,6.1,D,-100.0
1819,medium,2,7.0,1.0,8.1,C,-18.6
1820,medium,0,11.0,15.0,3.6,A,-100.0
1821,low,0,11.0,3.0,8.5,A,-20.0
1822,low,2,15.0,12.0,8.2,A,-100.0
1823,high,2,7.0,35.0,7.9,A,-100.0
1824,high,2,3.0,11.0,8.1,A,-14.1
1825,medium,3,10.0,1.0,1.2,A,-100.0
1826,high,2,,27.0,9.9,C,
1827,high,1,4.0,6.0,9.2,A,-12.9
1828,low,3,28.0,8.0,5.3,A,-100.0
1829,low,3,4.0,40.0,2.6,C,-17.8
1830,high,3,10.0,24.0,8.2,A,-100.0
1831,low,1,23.0,37.0,7.3,A,-100.0
1832,medium,2,,19.0,8.6,C,
1833,medium,0,6.0,16.0,1.6,C,-14.9
1834,medium,2,36.0,5.0,7.5,A,-100.0
1835,medium,0,7.0,2.0,3.8,A,-15.7
1836,medium,0,4.0,6.0,3.1,A,-10.8
1837,medium,1,18.0,10.0,1.0,A,-100.0
1838,none,3,18.0,16.0,9.9,A,-100.0
1839,high,1,6.0,26.0,9.8,B,-15.9
1840,low,2,23.0,13.0,3.2,B,-100.0
1841,medium,1,6.0,9.0,9.8,C,-13.4
1842,low,2,3.0,13.0,6.2,C,-12.0
1843,none,0,1.0,5.0,8.4,A,-3.1
1844,low,0,4.0,5.0,8.8,A,-7.6
1845,low,3,12.0,23.0,9.0,A,-100.0
1846,low,0,6.0,5.0,9.4,A,-10.8
1847,high,4,14.0,14.0,3.8,A,-100.0
1848,medium,0,15.0,2.0,8.5,C,-100.0
1849,medium,2,27.0,0.0,6.2,C,-100.0
1850,none,2,23.0,48.0,8.0,D,-100.0
1851,low,0,15.0,7.0,6.6,A,-100.0
1852,none,2,7.0,9.0,2.9,A,-100.0
1853,low,2,13.0,2.0,5.7,A,-100.0
1854,high,3,10.0,7.0,3.6,A,-100.0
1855,low,2,9.0,11.0,9.1,A,-100.0
1856,medium,2,12.0,50.0,5.4,D,-100.0
1857,low,2,12.0,8.0,8.5,A,-100.0
1858,high,3,19.0,8.0,7.7,C,-100.0
1859,medium,1,15.0,34.0,1.5,A,-100.0
1860,high,2,13.0,26.0,5.7,C,-100.0
1861,low,2,9.0,3.0,7.2,C,-100.0
1862,low,4,12.0,1.0,6.2,A,-100.0
1863,high,4,9.0,14.0,2.3,A,-100.0
1864,high,1,5.0,14.0,9.3,A,-14.5
1865,low,4,12.0,15.0,9.0,A,-100.0
1866,high,4,1.0,35.0,7.4,A,-15.7
1867,high,1,6.0,15.0,1.7,A,-100.0
1868,none,0,10.0,4.0,4.0,A,-100.0
1869,high,2,2.0,9.0,3.4,A,-14.7
1870,low,0,13.0,3.0,7.3,C,-100.0
1871,high,3,11.0,15.0,9.7,A,-100.0
1872,medium,1,,21.0,9.7,C,
1873,low,2,6.0,19.0,1.2,A,-19.7
1874,low,1,6.0,6.0,9.0,A,-13.5
1875,none,1,5.0,13.0,1.7,A,-15.9
1876,medium,1,11.0,12.0,3.1,B,-100.0
1877,medium,1,2.0,15.0,9.4,A,-6.6
1878,medium,1,14.0,5.0,8.1,C,-100.0
1879,high,2,4.0,7.0,9.9,A,-15.0
1880,medium,0,18.0,3.0,9.1,D,-100.0
1881,medium,0,9.0,40.0,6.4,A,-17.6
1882,low,1,2.0,4.0,6.6,A,-7.7
1883,low,0,5.0,0.0,3.0,C,-12.3
1884,medium,5,6.0,12.0,2.0,A,-100.0
1885,medium,0,20.0,5.0,5.4,D,-100.0
1886,high,3,4.0,11.0,8.0,C,-18.4
1887,low,1,5.0,1.0,3.4,D,-14.6
1888,medium,1,23.0,20.0,2.0,A,-100.0
1889,high,2,2.0,17.0,8.6,C,-12.1
1890,medium,1,15.0,0.0,4.9,A,-100.0
1891,medium,3,2.0,13.0,5.1,A,-13.7
1892,low,1,14.0,2.0,1.7,C,-100.0
1893,medium,2,7.0,14.0,8.2,A,-18.4
1894,low,0,2.0,14.0,7.5,A,-4.6
1895,none,0,15.0,28.0,3.9,C,-100.0
1896,high,3,6.0,3.0,6.8,A,-100.0
1897,none,0,4.0,22.0,1.4,B,-11.7
1898,medium,1,21.0,2.0,1.1,C,-100.0
1899,high,3,11.0,3.0,7.6,C,-100.0
1900,none,1,13.0,2.0,9.5,A,-100.0
1901,high,1,10.0,17.0,1.7,A,-100.0
1902,low,1,14.0,16.0,9.0,A,-100.0
1903,none,1,19.0,1.0,2.5,A,-100.0
1904,high,0,9.0,6.0,1.2,A,-100.0
1905,high,2,11.0,9.0,7.6,C,-100.0
1906,high,1,6.0,11.0,3.6,C,-19.1
1907,high,0,7.0,0.0,9.4,A,-15.6
1908,low,1,1.0,31.0,,C,
1909,high,2,1.0,25.0,4.3,C,-12.4
1910,high,2,9.0,9.0,4.7,B,-100.0
1911,low,3,15.0,31.0,2.6,A,-100.0
1912,high,0,10.0,20.0,8.3,A,-100.0
1913,high,2,3.0,2.0,9.7,A,-13.4
1914,low,3,5.0,1.0,9.6,A,-16.5
1915,low,3,7.0,6.0,1.8,A,-100.0
1916,none,1,10.0,11.0,6.1,C,-100.0
1917,none,4,10.0,11.0,1.7,A,-100.0
1918,high,1,4.0,2.0,8.4,A,-13.3
1919,medium,2,2.0,4.0,3.0,A,-12.4
1920,high,4,12.0,15.0,2.3,A,-100.0
1921,high,3,20.0,12.0,9.3,A,-100.0
1922,high,1,21.0,43.0,9.0,A,-100.0
1923,none,1,10.0,11.0,2.8,A,-100.0
1924,high,1,14.0,7.0,8.7,A,-100.0
1925,medium,0,3.0,11.0,7.3,A,-6.9
1926,high,2,14.0,19.0,7.6,A,-100.0
1927,,0,9.0,2.0,1.7,A,-100.0
1928,low,2,19.0,37.0,3.9,A,-100.0
1929,low,1,3.0,47.0,8.7,B,-8.0
1930,low,2,17.0,1.0,3.8,A,-100.0
1931,low,1,12.0,1.0,4.5,B,-100.0
1932,medium,3,10.0,11.0,3.5,A,-100.0
1933,high,2,7.0,10.0,6.9,A,-100.0
1934,high,0,24.0,40.0,2.5,A,-100.0
1935,high,2,10.0,2.0,5.1,A,-100.0
1936,low,2,7.0,27.0,3.5,A,-100.0
1937,none,1,16.0,5.0,8.9,C,-100.0
1938,none,0,12.0,7.0,6.6,A,-100.0
1939,none,2,1.0,0.0,7.8,C,-8.5
1940,medium,1,3.0,2.0,2.6,A,-11.8
1941,low,1,5.0,5.0,8.1,C,-12.2
1942,medium,1,5.0,4.0,8.4,C,-12.4
1943,medium,2,11.0,16.0,8.7,C,-100.0
1944,medium,1,6.0,22.0,4.5,A,-15.9
1945,none,3,4.0,0.0,2.3,A,-19.0
1946,high,3,5.0,6.0,5.8,C,-100.0
1947,high,2,6.0,14.0,8.2,A,-19.3
1948,low,0,3.0,27.0,8.4,C,-5.8
1949,none,1,9.0,1.0,9.9,A,-18.9
1950,low,1,12.0,4.0,9.7,A,-100.0
1951,medium,0,9.0,11.0,9.8,A,-16.1
1952,low,0,9.0,3.0,9.6,A,-16.0
1953,low,0,4.0,16.0,1.4,A,-11.2
1954,low,3,30.0,10.0,10.0,D,-100.0
1955,low,0,11.0,7.0,6.4,A,-100.0
1956,high,1,30.0,8.0,3.7,C,-100.0
1957,low,0,2.0,4.0,3.2,D,-6.9
1958,medium,3,2.0,28.0,1.7,A,-15.3
1959,none,1,4.0,14.0,2.3,A,-13.8
1960,medium,2,4.0,0.0,3.9,A,-15.5
1961,low,1,7.0,4.0,9.0,C,-15.2
1962,low,0,14.0,10.0,9.6,A,-100.0
1963,none,0,16.0,3.0,8.8,A,-100.0
1964,none,5,17.0,11.0,3.1,B,-100.0
1965,medium,5,8.0,7.0,9.4,A,-100.0
1966,high,1,23.0,5.0,3.5,A,-100.0
1967,high,1,1.0,20.0,1.9,A,-11.1
1968,low,3,3.0,5.0,9.4,A,-13.0
1969,medium,0,8.0,4.0,9.1,A,-14.8
1970,high,1,3.0,12.0,8.3,A,-11.5
1971,high,4,21.0,4.0,7.6,C,-100.0
1972,medium,1,9.0,2.0,8.1,C,-19.6
1973,medium,3,11.0,0.0,5.1,A,-100.0
1974,medium,1,14.0,5.0,3.5,D,
1975,high,2,11.0,5.0,3.9,C,-100.0
1976,low,0,24.0,3.0,9.3,A,-100.0
1977,low,1,8.0,4.0,9.2,A,-16.9
1978,high,1,11.0,10.0,6.7,A,-100.0
1979,medium,1,12.0,0.0,7.7,B,-100.0
1980,none,2,6.0,2.0,8.0,C,-17.1
1981,high,1,16.0,2.0,1.7,A,-100.0
1982,low,0,15.0,28.0,9.4,A,-100.0
1983,high,4,12.0,20.0,1.5,A,-100.0
1984,medium,1,8.0,17.0,9.8,A,-16.8
1985,medium,0,25.0,2.0,6.8,C,-100.0
1986,medium,2,6.0,4.0,6.4,A,-17.7
1987,low,2,6.0,16.0,9.9,B,-15.4
1988,medium,3,,1.0,7.6,C,
1989,medium,1,0.0,20.0,,A,
1990,medium,1,2.0,12.0,9.7,A,-6.4
1991,high,1,5.0,3.0,8.0,D,-15.2
1992,high,1,16.0,22.0,4.1,C,-100.0
1993,low,1,6.0,16.0,4.7,A,-15.5
1994,low,1,16.0,1.0,3.9,A,-100.0
1995,low,2,3.0,2.0,2.6,A,-14.0
1996,,0,15.0,4.0,2.2,A,-100.0
1997,high,2,7.0,2.0,8.4,C,-100.0
1998,low,0,4.0,11.0,8.4,A,-7.7
1999,low,0,9.0,2.0,9.7,A,-15.9
2000,low,3,24.0,2.0,2.7,A,-100.0
2001,medium,0,4.0,28.0,7.6,C,-8.3
2002,high,0,22.0,3.0,8.8,A,-100.0
2003,low,1,14.0,10.0,3.9,B,-100.0
2004,medium,1,13.0,25.0,2.9,A,-100.0
2005,high,1,5.0,26.0,1.0,A,-18.5
2006,medium,2,6.0,0.0,3.2,A,-19.3
2007,high,3,5.0,5.0,8.2,A,-100.0
2008,medium,0,6.0,8.0,9.1,A,-11.3
2009,low,1,1.0,1.0,,A,
2010,,2,23.0,2.0,2.4,A,-100.0
2011,medium,1,8.0,20.0,8.2,A,-17.6
2012,high,2,3.0,25.0,1.8,A,-17.1
2013,low,0,3.0,8.0,3.8,C,-8.3
2014,medium,1,9.0,1.0,8.5,A,-19.4
2015,low,2,13.0,5.0,9.6,C,-100.0
2016,low,1,16.0,8.0,2.5,D,-100.0
2017,none,0,22.0,28.0,4.4,D,-100.0
2018,high,2,31.0,14.0,2.2,A,-100.0
2019,medium,1,8.0,25.0,1.0,A,-100.0
2020,low,1,17.0,3.0,7.0,A,-100.0
2021,low,0,17.0,6.0,4.2,A,-100.0
2022,low,2,10.0,19.0,1.6,A,-100.0
2023,,1,3.0,20.0,9.2,A,-8.6
2024,none,1,1.0,1.0,9.8,A,-5.0
2025,low,3,7.0,5.0,5.0,D,-100.0
2026,high,0,24.0,37.0,9.1,B,-100.0
2027,,0,18.0,8.0,8.0,C,-100.0
2028,medium,1,5.0,2.0,1.7,A,-15.8
2029,high,3,10.0,11.0,8.8,C,-100.0
2030,high,3,7.0,1.0,4.3,A,-100.0
2031,medium,3,15.0,13.0,9.1,A,-100.0
2032,low,0,37.0,6.0,7.9,C,-100.0
2033,low,1,7.0,31.0,9.1,B,-14.9
2034,low,2,3.0,18.0,9.3,A,-10.4
2035,none,2,9.0,2.0,2.9,A,-100.0
2036,medium,0,12.0,3.0,4.3,A,-100.0
2037,high,0,4.0,20.0,1.7,A,-14.0
2038,low,1,8.0,12.0,6.1,D,-18.4
2039,high,1,8.0,0.0,7.5,A,-100.0
2040,low,1,1.0,2.0,2.5,C,-8.0
2041,low,0,6.0,1.0,8.6,A,-11.2
2042,low,1,3.0,5.0,1.7,A,-11.9
2043,high,0,4.0,2.0,3.8,A,-13.1
2044,medium,2,13.0,3.0,9.8,A,-100.0
2045,high,1,6.0,3.0,1.5,D,-100.0
2046,high,1,13.0,2.0,3.3,A,-100.0
2047,low,0,5.0,9.0,3.6,C,-11.9
2048,medium,3,8.0,9.0,5.8,A,-100.0
2049,none,5,7.0,22.0,3.7,A,-100.0
2050,low,1,13.0,26.0,8.8,A,-100.0
2051,medium,1,19.0,1.0,5.9,A,-100.0
2052,medium,1,7.0,4.0,1.1,A,-19.6
2053,medium,3,2.0,6.0,4.6,A,-14.0
2054,medium,1,17.0,11.0,8.0,A,-100.0
2055,low,2,7.0,3.0,9.0,B,-17.8
2056,high,2,5.0,0.0,2.3,C,-100.0
2057,,1,4.0,4.0,10.0,C,-10.1
2058,medium,1,7.0,40.0,8.3,D,-15.6
2059,low,1,29.0,30.0,8.0,A,-100.0
2060,high,1,2.0,4.0,5.0,A,-11.5
2061,low,0,7.0,3.0,2.6,C,-15.9
2062,high,1,15.0,35.0,9.7,A,-100.0
2063,none,2,10.0,5.0,8.9,C,-100.0
2064,high,2,5.0,19.0,3.4,A,-19.9
2065,low,1,8.0,1.0,1.6,A,-100.0
2066,low,1,9.0,30.0,8.7,A,-18.6
2067,high,2,8.0,1.0,9.2,A,-100.0
2068,low,1,5.0,10.0,8.8,A,-11.8
2069,low,1,9.0,8.0,8.4,A,-19.0
2070,high,1,3.0,8.0,7.5,B,-11.9
2071,high,4,4.0,3.0,4.6,A,-100.0
2072,medium,2,2.0,1.0,1.6,C,-13.1
2073,high,2,9.0,13.0,4.7,A,-100.0
2074,none,1,19.0,9.0,8.4,A,-100.0
2075,low,4,7.0,3.0,8.3,A,-100.0
2076,medium,1,8.0,7.0,9.0,C,-17.3
2077,medium,3,7.0,14.0,9.6,A,-100.0
2078,low,0,7.0,2.0,4.7,D,-14.9
2079,medium,1,5.0,28.0,8.8,C,-12.0
2080,medium,3,14.0,22.0,6.8,A,-100.0
2081,,1,1.0,9.0,8.0,B,-5.8
2082,none,0,10.0,50.0,8.5,C,-18.4
2083,high,0,3.0,14.0,2.5,A,-11.9
2084,medium,2,6.0,2.0,2.8,A,-19.5
2085,low,2,4.0,9.0,8.4,D,-12.7
2086,high,1,10.0,11.0,8.3,A,-100.0
2087,high,2,1.0,3.0,5.8,A,-11.9
2088,high,0,,6.0,5.6,C,
2089,high,2,3.0,12.0,7.8,B,-14.3
2090,low,2,9.0,13.0,1.4,A,-100.0
2091,low,3,22.0,9.0,8.8,A,-100.0
2092,low,2,4.0,16.0,4.0,C,-14.9
2093,none,3,1.0,36.0,9.9,A,-9.6
2094,none,1,13.0,34.0,1.8,A,-100.0
2095,medium,3,2.0,7.0,2.3,A,-15.2
2096,none,0,7.0,0.0,8.5,A,-13.6
2097,low,2,7.0,19.0,1.3,C,-100.0
2098,high,1,10.0,8.0,4.2,B,-100.0
2099,medium,2,12.0,36.0,9.6,C,-100.0
2100,high,2,22.0,28.0,4.7,A,-100.0
2101,low,4,2.0,18.0,3.4,A,-16.6
2102,medium,0,4.0,35.0,8.5,A,-7.8
2103,high,2,11.0,17.0,2.9,D,-100.0
2104,none,0,7.0,3.0,9.5,A,-13.1
2105,high,0,27.0,15.0,2.5,A,-100.0
2106,none,1,23.0,24.0,4.3,B,-100.0
2107,high,2,29.0,0.0,7.4,A,-100.0
2108,high,3,3.0,0.0,2.5,A,-19.5
2109,high,3,16.0,14.0,2.5,C,-100.0
2110,low,0,11.0,1.0,7.6,C,-100.0
2111,low,0,18.0,0.0,4.1,A,-100.0
2112,high,1,10.0,23.0,2.4,B,-100.0
2113,low,2,2.0,10.0,2.6,A,-12.1
2114,low,1,9.0,16.0,8.2,A,-19.0
2115,medium,3,25.0,50.0,9.3,C,-100.0
2116,medium,2,16.0,30.0,9.1,B,-100.0
2117,high,2,7.0,1.0,7.4,C,-100.0
2118,low,1,7.0,16.0,1.9,A,-18.7
2119,high,2,16.0,18.0,9.7,C,-100.0
2120,medium,2,13.0,1.0,9.4,A,-100.0
2121,medium,3,16.0,1.0,1.9,A,-100.0
2122,none,2,1.0,27.0,1.7,D,-11.3
2123,medium,1,24.0,3.0,8.1,C,-100.0
2124,high,2,16.0,4.0,5.0,A,-100.0
2125,low,2,15.0,1.0,3.2,A,-100.0
2126,low,2,9.0,15.0,1.4,A,-100.0
2127,medium,1,31.0,6.0,3.3,C,-100.0
2128,low,1,12.0,0.0,1.7,C,-100.0
2129,medium,1,9.0,4.0,4.5,A,-100.0
2130,medium,0,7.0,5.0,8.2,A,-13.5
2131,low,0,7.0,18.0,8.5,C,-12.9
2132,none,1,15.0,1.0,8.3,A,-100.0
2133,low,1,14.0,3.0,5.6,C,-100.0
2134,low,1,1.0,10.0,8.2,A,-5.1
2135,none,1,5.0,19.0,9.7,A,-11.8
2136,medium,0,5.0,1.0,5.6,A,-11.3
2137,medium,0,10.0,28.0,8.5,A,-18.4
2138,none,0,4.0,24.0,9.8,A,-7.5
2139,high,2,19.0,16.0,9.2,A,-100.0
2140,low,0,18.0,15.0,9.8,C,-100.0
2141,,1,40.0,1.0,9.4,A,-100.0
2142,low,0,13.0,7.0,3.1,A,-100.0
2143,low,1,4.0,12.0,7.2,B,-10.8
2144,high,1,11.0,2.0,8.2,C,-100.0
2145,medium,0,1.0,0.0,8.2,A,-3.1
2146,none,0,7.0,14.0,2.3,A,-16.6
2147,high,1,9.0,7.0,9.9,A,-100.0
2148,none,1,10.0,1.0,8.4,A,-100.0
2149,high,1,,4.0,9.1,C,
2150,low,1,9.0,7.0,4.8,A,-100.0
2151,medium,0,9.0,3.0,8.7,A,-16.8
2152,medium,3,3.0,50.0,1.6,D,-16.8
2153,low,0,2.0,1.0,2.2,A,-7.4
2154,high,1,17.0,26.0,8.7,A,-100.0
2155,high,2,6.0,10.0,9.9,A,-18.5
2156,low,1,6.0,44.0,8.8,A,-13.2
2157,high,0,11.0,5.0,8.4,A,-100.0
2158,low,3,9.0,10.0,9.0,A,-100.0
2159,medium,2,5.0,25.0,9.3,A,-14.2
2160,medium,3,3.0,5.0,3.4,C,-16.4
2161,none,1,10.0,4.0,9.9,A,-100.0
2162,none,0,5.0,1.0,7.3,A,-10.7
2163,low,0,2.0,0.0,9.9,C,-3.6
2164,high,4,8.0,9.0,3.9,B,-100.0
2165,medium,0,6.0,11.0,5.3,A,-13.1
2166,high,3,10.0,3.0,1.3,C,-100.0
2167,none,4,12.0,10.0,7.4,C,-100.0
2168,none,1,12.0,10.0,5.8,B,-100.0
2169,high,1,4.0,1.0,2.0,A,-16.5
2170,,1,29.0,4.0,1.4,A,-100.0
2171,high,1,11.0,16.0,1.6,A,-100.0
2172,high,0,5.0,11.0,5.6,C,-13.9
2173,medium,5,3.0,6.0,6.8,A,-19.7
2174,high,1,14.0,5.0,1.6,D,-100.0
2175,low,2,17.0,2.0,9.9,C,-100.0
2176,medium,2,6.0,0.0,2.5,A,-19.7
2177,none,4,9.0,7.0,3.3,C,-100.0
2178,medium,1,17.0,4.0,9.7,A,-100.0
2179,none,1,17.0,1.0,9.9,A,-100.0
2180,low,1,9.0,22.0,4.5,A,-100.0
2181,low,3,17.0,11.0,5.5,A,-100.0
2182,none,0,14.0,11.0,2.9,A,-100.0
2183,low,1,2.0,29.0,1.2,A,-10.1
2184,low,0,10.0,6.0,3.0,C,-100.0
2185,low,1,27.0,3.0,9.4,A,-100.0
2186,medium,3,21.0,7.0,1.4,C,-100.0
2187,none,0,8.0,23.0,9.6,A,-14.6
2188,medium,1,2.0,4.0,4.6,A,-9.1
2189,none,1,1.0,3.0,5.9,B,-6.9
2190,medium,4,5.0,5.0,9.0,A,-19.6
2191,none,0,9.0,3.0,9.4,C,-16.6
2192,low,0,5.0,6.0,8.2,B,-9.6
2193,medium,4,6.0,15.0,8.6,C,-100.0
2194,low,3,13.0,2.0,8.8,A,-100.0
2195,high,3,5.0,17.0,9.3,A,-19.5
2196,low,2,5.0,3.0,9.6,D,-14.0
2197,medium,0,25.0,2.0,8.1,C,-100.0
2198,low,0,14.0,15.0,2.5,A,-100.0
2199,high,0,10.0,15.0,4.4,A,-100.0
2200,medium,0,16.0,1.0,5.4,A,-100.0
2201,medium,0,0.0,18.0,1.6,C,-4.4
2202,medium,1,5.0,20.0,1.5,B,-15.7
2203,low,1,8.0,0.0,8.4,A,-17.3
2204,low,0,10.0,1.0,6.6,A,-19.2
2205,medium,0,3.0,11.0,9.3,D,-5.9
2206,low,4,1.0,11.0,8.2,B,-12.6
2207,low,4,10.0,10.0,9.8,A,-100.0
2208,medium,1,7.0,2.0,1.5,A,-19.4
2209,none,2,7.0,6.0,4.1,A,-100.0
2210,low,4,10.0,26.0,5.4,A,-100.0
2211,medium,1,9.0,2.0,7.0,A,-100.0
2212,none,0,1.0,6.0,7.0,A,-3.8
2213,high,1,14.0,9.0,9.0,A,-100.0
2214,medium,2,21.0,21.0,8.3,A,-100.0
2215,low,1,6.0,7.0,9.2,A,-13.4
2216,medium,4,39.0,1.0,5.9,A,-100.0
2217,medium,1,7.0,2.0,4.9,A,-17.7
2218,low,2,12.0,3.0,8.1,A,-100.0
2219,high,1,9.0,19.0,8.9,A,-100.0
2220,high,0,11.0,11.0,9.4,C,-100.0
2221,low,5,2.0,15.0,3.2,C,-19.3
2222,low,1,6.0,29.0,5.6,A,-14.9
2223,high,0,4.0,1.0,9.5,A,-10.3
2224,high,0,3.0,28.0,4.3,A,-10.8
2225,none,2,16.0,50.0,4.6,B,-100.0
2226,none,2,11.0,25.0,8.7,A,-100.0
2227,high,0,7.0,17.0,6.2,A,-17.0
2228,medium,3,30.0,3.0,4.2,A,-100.0
2229,low,1,,9.0,8.1,C,
2230,low,1,6.0,3.0,4.2,A,-15.9
2231,medium,0,1.0,34.0,7.4,A,-3.1
2232,high,1,10.0,9.0,3.4,A,-100.0
2233,low,3,6.0,27.0,4.4,A,-100.0
2234,high,5,7.0,2.0,9.4,A,-100.0
2235,medium,1,16.0,4.0,8.6,C,-100.0
2236,low,0,4.0,0.0,4.3,C,-9.9
2237,none,1,1.0,32.0,2.0,C,-8.6
2238,medium,4,5.0,10.0,6.6,A,-100.0
2239,low,1,3.0,16.0,4.5,C,-10.4
2240,low,1,8.0,7.0,1.7,C,-100.0
2241,medium,1,0.0,13.0,2.8,A,-6.4
2242,high,0,4.0,0.0,9.2,B,-10.4
2243,none,2,34.0,1.0,8.1,A,-100.0
2244,medium,1,16.0,30.0,9.4,A,-100.0
2245,high,1,6.0,4.0,2.6,A,-19.7
2246,high,2,3.0,6.0,9.2,A,-13.6
2247,low,2,10.0,1.0,6.8,C,-100.0
2248,low,1,19.0,10.0,5.4,A,-100.0
2249,medium,1,4.0,21.0,4.6,A,-12.4
2250,high,1,9.0,10.0,7.1,A,-100.0
2251,low,1,4.0,1.0,8.6,A,
2252,low,0,29.0,24.0,8.8,A,-100.0
2253,medium,1,8.0,6.0,8.0,A,-17.8
2254,low,3,12.0,3.0,7.9,A,-100.0
2255,low,1,6.0,7.0,9.6,A,-13.1
2256,medium,0,4.0,7.0,9.0,C,-7.8
2257,medium,2,6.0,12.0,8.9,A,-16.3
2258,low,0,12.0,32.0,6.5,C,-100.0
2259,medium,2,15.0,5.0,8.7,B,-100.0
2260,low,2,8.0,0.0,8.9,A,-19.6
2261,high,0,15.0,10.0,8.1,D,-100.0
2262,low,0,12.0,21.0,2.0,A,-100.0
2263,low,2,10.0,11.0,5.8,A,-100.0
2264,high,5,2.0,9.0,2.2,A,-100.0
2265,low,2,16.0,3.0,8.2,A,-100.0
2266,medium,2,10.0,8.0,6.6,B,-100.0
2267,high,2,3.0,16.0,8.6,C,-13.8
2268,low,0,18.0,5.0,3.7,A,-100.0
2269,low,3,8.0,3.0,1.9,B,-100.0
2270,none,0,,15.0,2.6,C,
2271,low,1,4.0,3.0,9.4,A,-9.8
2272,high,0,19.0,16.0,2.8,A,-100.0
2273,none,2,21.0,8.0,1.7,C,-100.0
2274,none,1,26.0,3.0,2.9,A,-100.0
2275,medium,3,18.0,6.0,4.3,A,-100.0
2276,medium,1,7.0,19.0,9.2,A,-15.4
2277,medium,1,24.0,9.0,9.4,A,-100.0
2278,high,2,10.0,11.0,3.8,A,-100.0
2279,low,2,9.0,2.0,9.8,A,-100.0
2280,medium,1,7.0,0.0,6.3,C,-17.0
2281,medium,1,3.0,6.0,9.2,A,-8.5
2282,none,0,3.0,16.0,1.7,A,-9.9
2283,none,3,3.0,14.0,3.4,B,-16.5
2284,high,1,14.0,2.0,8.3,B,-100.0
2285,low,1,9.0,4.0,6.9,C,-19.8
2286,high,3,6.0,2.0,9.7,C,-100.0
2287,medium,0,3.0,28.0,8.1,A,-6.3
2288,low,4,,28.0,8.6,C,
2289,low,3,5.0,0.0,8.5,A,-17.0
2290,none,2,6.0,14.0,2.9,A,-19.5
2291,high,1,5.0,3.0,8.3,B,-15.1
2292,high,2,21.0,5.0,8.8,C,-100.0
2293,high,2,4.0,24.0,3.6,C,-18.0
2294,,2,3.0,1.0,9.0,A,-11.4
2295,high,0,9.0,16.0,7.7,A,-19.8
2296,high,2,5.0,15.0,9.8,A,-16.7
2297,medium,2,5.0,6.0,5.8,B,-16.2
2298,medium,2,10.0,30.0,2.9,A,-100.0
2299,high,3,18.0,4.0,1.3,A,-100.0
2300,high,0,8.0,1.0,2.7,C,-100.0
2301,high,2,11.0,21.0,5.1,A,-100.0
2302,low,1,29.0,19.0,5.5,A,-100.0
2303,low,0,10.0,6.0,3.2,C,-100.0
2304,medium,2,10.0,11.0,1.1,A,-100.0
2305,high,2,5.0,4.0,3.3,C,-100.0
2306,high,0,33.0,0.0,6.6,A,-100.0
2307,low,1,19.0,17.0,5.5,A,-100.0
2308,high,1,4.0,3.0,8.6,C,-13.2
2309,high,1,4.0,4.0,5.7,A,-14.6
2310,low,1,2.0,8.0,6.9,A,-7.5
2311,high,2,4.0,37.0,9.9,A,-14.7
2312,medium,1,13.0,0.0,1.1,A,-100.0
2313,medium,3,1.0,8.0,9.3,B,-9.9
2314,high,1,19.0,26.0,7.7,A,-100.0
2315,low,0,7.0,29.0,3.8,A,-15.1
2316,high,1,40.0,17.0,5.0,C,-100.0
2317,high,1,2.0,31.0,3.2,A,-12.1
2318,medium,0,15.0,18.0,6.4,B,-100.0
2319,medium,1,0.0,10.0,9.5,A,-3.1
2320,medium,0,9.0,2.0,5.6,A,-18.3
2321,,2,1.0,1.0,2.0,A,-11.4
2322,low,0,10.0,6.0,1.1,C,-100.0
2323,medium,1,9.0,0.0,10.0,A,-18.6
2324,none,4,13.0,18.0,6.0,A,-100.0
2325,none,2,6.0,25.0,9.4,C,-16.2
2326,low,0,12.0,1.0,2.9,C,-100.0
2327,low,2,,0.0,9.2,C,
2328,low,2,8.0,5.0,1.3,A,-100.0
2329,high,2,4.0,6.0,3.2,A,-18.4
2330,high,0,19.0,9.0,5.5,A,-100.0
2331,high,1,8.0,2.0,9.2,A,-19.9
2332,high,1,13.0,7.0,2.4,C,-100.0
2333,low,0,16.0,1.0,3.1,A,-100.0
2334,medium,1,7.0,9.0,2.8,A,-18.7
2335,none,4,11.0,5.0,1.8,A,-100.0
2336,medium,2,14.0,12.0,6.2,A,-100.0
2337,medium,1,8.0,2.0,8.4,A,-17.7
2338,low,2,9.0,10.0,9.5,B,-100.0
2339,low,3,14.0,13.0,9.8,A,-100.0
2340,medium,4,9.0,13.0,8.7,A,-100.0
2341,,0,1.0,5.0,1.4,C,-6.6
2342,,0,5.0,0.0,8.3,B,-10.2
2343,low,2,3.0,26.0,4.6,D,-12.7
2344,high,3,8.0,8.0,5.5,A,-100.0
2345,low,2,7.0,17.0,7.8,A,-18.2
2346,low,2,4.0,6.0,5.8,D,-14.1
2347,low,2,14.0,23.0,8.2,A,-100.0
2348,low,2,1.0,6.0,2.9,C,-10.3
2349,high,2,9.0,6.0,9.2,C,-100.0
2350,high,2,19.0,21.0,9.6,C,-100.0
2351,high,2,17.0,12.0,2.3,D,-100.0
2352,high,1,6.0,5.0,8.2,C,-16.9
2353,high,2,14.0,14.0,1.9,A,-100.0
2354,high,1,15.0,9.0,1.4,B,-100.0
2355,low,2,11.0,32.0,5.4,A,-100.0
2356,high,3,13.0,19.0,7.5,A,-100.0
2357,low,2,2.0,7.0,5.2,A,-10.9
2358,medium,1,14.0,4.0,8.5,D,-100.0
2359,none,2,9.0,12.0,1.3,A,-100.0
2360,low,2,9.0,0.0,2.5,A,-100.0
2361,none,0,11.0,19.0,6.5,C,-100.0
2362,high,1,40.0,17.0,9.1,B,-100.0
2363,none,0,9.0,31.0,3.6,A,-19.3
2364,medium,2,16.0,0.0,9.0,A,-100.0
2365,medium,1,6.0,9.0,1.2,C,-17.7
2366,low,3,25.0,19.0,5.7,A,-100.0
2367,low,1,7.0,2.0,9.6,A,-15.0
2368,medium,1,5.0,9.0,7.5,A,-12.8
2369,low,2,12.0,12.0,4.6,A,-100.0
2370,medium,0,4.0,3.0,7.2,A,-8.8
2371,high,0,13.0,26.0,10.0,A,-100.0
2372,low,0,24.0,1.0,9.5,B,-100.0
2373,medium,2,17.0,2.0,1.8,A,-100.0
2374,high,2,12.0,9.0,9.1,B,-100.0
2375,medium,1,8.0,13.0,7.1,A,-18.2
2376,none,2,7.0,16.0,7.1,C,-19.2
2377,low,3,7.0,4.0,9.9,A,-19.8
2378,high,0,30.0,15.0,8.4,A,-100.0
2379,none,2,2.0,9.0,9.4,A,-9.3
2380,high,3,15.0,4.0,6.3,C,-100.0
2381,high,1,4.0,11.0,7.3,A,-13.8
2382,low,1,6.0,10.0,1.7,C,-17.1
2383,medium,0,6.0,2.0,3.5,B,-14.1
2384,low,0,5.0,28.0,1.4,D,-12.8
2385,medium,3,1.0,8.0,8.2,D,-10.5
2386,low,5,20.0,22.0,9.2,A,-100.0
2387,high,2,27.0,3.0,9.1,A,-100.0
2388,low,0,2.0,23.0,4.1,A,-6.3
2389,none,2,9.0,19.0,7.2,A,-100.0
2390,high,3,6.0,10.0,4.5,A,-100.0
2391,medium,2,20.0,13.0,9.9,A,-100.0
2392,none,1,10.0,5.0,2.5,A,-100.0
2393,medium,1,4.0,8.0,7.9,B,-10.9
2394,high,4,18.0,29.0,1.2,A,-100.0
2395,high,1,6.0,3.0,7.8,C,-17.1
2396,none,1,18.0,9.0,8.2,A,-100.0
2397,low,0,13.0,9.0,9.5,D,-100.0
2398,none,0,24.0,0.0,7.9,D,-100.0
2399,low,1,11.0,30.0,1.5,D,-100.0
2400,high,2,5.0,22.0,8.6,A,-17.2
2401,none,0,4.0,11.0,3.3,A,-10.9
2402,low,1,11.0,17.0,9.4,A,-100.0
2403,low,3,28.0,0.0,9.3,A,-100.0
2404,medium,1,19.0,20.0,3.2,A,-100.0
2405,none,3,12.0,1.0,1.6,A,-100.0
2406,high,2,7.0,0.0,2.5,C,-100.0
2407,medium,1,14.0,3.0,8.5,A,-100.0
2408,low,0,7.0,22.0,9.5,A,-12.3
2409,low,1,21.0,7.0,8.1,A,-100.0
2410,low,0,13.0,6.0,7.4,A,-100.0
2411,low,3,8.0,1.0,3.0,A,-100.0
2412,high,0,8.0,50.0,6.8,A,-18.1
2413,low,3,12.0,11.0,6.4,A,-100.0
2414,medium,4,6.0,8.0,8.5,A,-100.0
2415,low,1,3.0,5.0,7.6,C,-8.9
2416,medium,1,8.0,4.0,8.6,A,-17.6
2417,low,1,6.0,4.0,8.7,A,-13.6
2418,high,3,9.0,9.0,1.3,A,-100.0
2419,high,1,17.0,24.0,2.6,A,-100.0
2420,none,4,17.0,2.0,7.9,A,-100.0
2421,low,0,9.0,7.0,2.0,A,-19.7
2422,none,2,15.0,2.0,9.9,B,-100.0
2423,high,0,6.0,14.0,9.7,B,-13.5
2424,low,0,15.0,22.0,8.8,A,-100.0
2425,medium,2,1.0,18.0,9.0,B,-7.5
2426,low,0,13.0,27.0,2.1,A,-100.0
2427,medium,0,3.0,23.0,8.4,A,-6.2
2428,high,1,27.0,8.0,1.2,A,-100.0
2429,low,2,8.0,0.0,10.0,A,-19.0
2430,low,1,12.0,13.0,1.5,A,-100.0
2431,medium,2,7.0,50.0,8.9,A,-17.7
2432,medium,1,7.0,23.0,2.0,A,-18.9
2433,none,2,8.0,1.0,2.2,A,-100.0
2434,low,0,19.0,6.0,2.1,D,-100.0
2435,none,2,12.0,5.0,5.9,A,-100.0
2436,high,1,5.0,8.0,6.1,A,-16.1
2437,none,2,25.0,24.0,7.3,A,-100.0
2438,none,1,7.0,7.0,9.7,B,-15.5
2439,medium,1,6.0,2.0,1.3,A,-17.7
2440,high,2,11.0,11.0,8.5,A,-100.0
2441,high,2,12.0,25.0,2.9,C,-100.0
2442,high,2,9.0,19.0,5.4,A,-100.0
2443,none,1,14.0,3.0,5.7,A,-100.0
2444,medium,3,15.0,27.0,4.9,C,-100.0
2445,high,0,16.0,18.0,3.9,A,-100.0
2446,medium,4,13.0,10.0,3.4,C,-100.0
2447,high,2,10.0,6.0,9.4,A,-100.0
2448,high,0,13.0,20.0,9.8,C,-100.0
2449,low,1,13.0,36.0,3.4,A,-100.0
2450,high,0,14.0,8.0,2.9,B,-100.0
2451,none,0,29.0,1.0,7.1,C,-100.0
2452,low,0,5.0,7.0,4.7,A,-11.4
2453,high,1,5.0,11.0,9.1,C,-14.6
2454,medium,2,20.0,24.0,7.1,A,-100.0
2455,low,2,14.0,6.0,6.5,A,-100.0
2456,low,2,31.0,1.0,5.2,A,-100.0
2457,low,1,2.0,2.0,5.0,C,-8.5
2458,medium,3,11.0,4.0,1.0,A,-100.0
2459,high,0,1.0,3.0,7.1,A,-6.2
2460,low,2,1.0,29.0,9.8,C,-6.6
2461,high,0,2.0,8.0,1.0,A,-10.9
2462,low,2,8.0,47.0,1.6,A,-100.0
2463,low,3,31.0,11.0,2.5,A,-100.0
2464,low,2,5.0,10.0,3.5,A,-16.9
2465,none,2,18.0,2.0,1.0,A,-100.0
2466,medium,1,7.0,12.0,9.5,A,-15.3
2467,low,3,36.0,3.0,6.7,A,-100.0
2468,low,0,14.0,18.0,4.9,A,-100.0
2469,medium,2,12.0,15.0,1.0,A,-100.0
2470,medium,1,6.0,29.0,9.9,A,-13.2
2471,medium,0,10.0,40.0,5.6,A,-19.7
2472,low,3,5.0,7.0,3.3,B,-19.6
2473,low,3,14.0,23.0,2.2,C,-100.0
2474,medium,1,8.0,12.0,1.4,A,-100.0
2475,none,0,23.0,6.0,1.4,A,-100.0
2476,high,3,10.0,2.0,7.3,A,-100.0
2477,low,1,10.0,2.0,7.9,C,-100.0
2478,low,0,27.0,14.0,4.2,C,-100.0
2479,low,2,22.0,8.0,2.2,C,-100.0
2480,medium,2,1.0,17.0,9.3,A,-7.3
2481,low,2,5.0,18.0,1.0,A,-18.1
2482,high,1,4.0,9.0,1.2,A,-16.8
2483,low,2,16.0,3.0,8.4,A,-100.0
2484,low,0,7.0,18.0,9.9,A,-12.1
2485,high,1,13.0,12.0,5.1,A,-100.0
2486,medium,1,5.0,4.0,8.9,A,-12.2
2487,low,1,4.0,9.0,1.8,C,-13.5
2488,low,1,4.0,9.0,3.1,D,-12.9
2489,low,2,6.0,3.0,5.8,A,-17.6
2490,medium,3,11.0,39.0,2.7,A,-100.0
2491,high,3,5.0,12.0,4.5,A,-100.0
2492,low,1,12.0,20.0,9.8,A,-100.0
2493,medium,0,14.0,24.0,9.4,C,-100.0
2494,high,0,13.0,0.0,7.9,A,-100.0
2495,none,2,9.0,15.0,9.8,C,-100.0
2496,medium,1,2.0,19.0,7.6,A,-7.4
2497,high,1,12.0,30.0,8.2,B,-100.0
2498,low,1,11.0,2.0,6.2,A,-100.0
2499,medium,1,5.0,2.0,6.5,B,-13.4
2500,none,0,16.0,1.0,7.3,A,-100.0
2501,medium,0,4.0,42.0,9.5,A,-7.2
2502,,1,1.0,37.0,8.8,A,-5.1
2503,low,0,7.0,6.0,5.5,A,-14.5
2504,none,3,9.0,22.0,6.5,A,-100.0
2505,low,1,12.0,0.0,2.3,A,-100.0
2506,,2,14.0,8.0,8.9,C,-100.0
2507,medium,2,7.0,17.0,7.2,B,-18.9
2508,none,1,17.0,5.0,9.2,A,-100.0
2509,high,3,8.0,19.0,5.2,A,-100.0
2510,,1,10.0,14.0,8.4,A,-100.0
2511,low,0,,5.0,8.5,C,
2512,high,3,4.0,6.0,6.5,A,-19.2
2513,low,1,3.0,12.0,4.1,C,-10.6
2514,low,1,9.0,5.0,9.9,A,-18.3
2515,medium,0,4.0,28.0,5.4,C,-9.4
2516,medium,2,20.0,6.0,8.8,A,-100.0
2517,high,1,3.0,50.0,8.2,A,-11.2
2518,none,1,13.0,5.0,1.7,D,-100.0
2519,medium,2,10.0,3.0,8.1,A,-100.0
2520,high,4,1.0,16.0,6.2,C,-16.5
2521,,0,2.0,2.0,3.6,A,-7.3
2522,low,1,3.0,12.0,3.9,A,-10.7
2523,none,0,2.0,7.0,9.1,C,-4.5
2524,low,2,5.0,5.0,4.5,A,-16.5
2525,high,0,7.0,4.0,8.9,A,-15.8
2526,low,1,2.0,17.0,9.8,B,-5.9
2527,high,2,13.0,14.0,8.3,C,-100.0
2528,high,2,7.0,13.0,3.3,A,-100.0
2529,low,4,36.0,5.0,3.6,C,-100.0
2530,medium,1,12.0,4.0,8.6,B,-100.0
2531,high,1,9.0,4.0,7.4,A,-100.0
2532,none,0,22.0,6.0,8.3,A,-100.0
2533,medium,3,2.0,3.0,3.4,B,-14.7
2534,high,2,3.0,50.0,9.9,A,-12.8
2535,medium,0,9.0,17.0,7.8,A,-17.1
2536,medium,1,7.0,13.0,4.1,C,-18.0
2537,high,1,0.0,6.0,8.8,A,-6.1
2538,high,1,2.0,19.0,7.8,A,-9.9
2539,low,0,16.0,9.0,3.0,B,-100.0
2540,low,2,8.0,6.0,8.6,A,-19.7
2541,low,2,7.0,6.0,4.1,C,-100.0
2542,high,2,,7.0,7.7,C,
2543,medium,0,,5.0,7.7,C,
2544,high,1,4.0,25.0,6.8,A,-13.9
2545,medium,0,1.0,0.0,7.0,A,-3.7
2546,none,1,9.0,10.0,8.3,C,-19.6
2547,medium,0,6.0,5.0,3.2,A,-14.2
2548,,0,4.0,38.0,9.9,A,-7.3
2549,high,2,2.0,37.0,3.0,A,-14.6
2550,low,1,5.0,35.0,6.5,C,-12.7
2551,low,1,3.0,9.0,4.4,A,-10.5
2552,none,2,10.0,14.0,9.3,A,-100.0
2553,medium,1,9.0,3.0,8.9,D,-19.2
2554,medium,3,2.0,4.0,7.0,A,-12.9
2555,,1,6.0,0.0,9.6,A,-13.8
2556,high,2,7.0,1.0,9.5,A,-100.0
2557,none,2,10.0,47.0,9.5,D,-100.0
2558,high,2,2.0,6.0,5.1,A,-13.9
2559,medium,2,6.0,3.0,3.7,A,-19.0
2560,high,2,9.0,14.0,3.5,A,-100.0
2561,high,2,11.0,5.0,5.8,A,-100.0
2562,medium,3,1.0,20.0,9.9,A,-9.5
2563,,2,15.0,6.0,9.1,A,-100.0
2564,none,0,7.0,10.0,2.9,A,-16.3
2565,high,2,12.0,17.0,9.9,A,-100.0
2566,medium,2,12.0,13.0,2.6,B,-100.0
2567,medium,2,11.0,24.0,9.5,A,-100.0
2568,low,1,5.0,0.0,7.0,C,-12.8
2569,high,0,4.0,1.0,9.6,B,-10.2
2570,medium,3,11.0,1.0,2.9,A,-100.0
2571,high,2,6.0,12.0,8.1,A,-19.3
2572,medium,2,8.0,12.0,5.2,A,-100.0
2573,high,0,10.0,4.0,3.5,C,-100.0
2574,none,2,5.0,1.0,4.3,A,-17.2
2575,none,0,6.0,10.0,9.7,A,-11.2
2576,low,1,7.0,2.0,4.1,C,-17.7
2577,high,3,16.0,3.0,3.8,A,-100.0
2578,none,3,24.0,7.0,7.8,C,-100.0
2579,low,1,12.0,41.0,8.6,A,-100.0
2580,low,3,5.0,28.0,8.0,D,-17.0
2581,high,1,8.0,1.0,8.0,A,-100.0
2582,high,1,17.0,8.0,9.8,A,-100.0
2583,medium,1,3.0,14.0,9.7,D,-8.2
2584,high,2,4.0,0.0,8.0,A,-16.0
2585,high,7,21.0,24.0,9.0,A,-100.0
2586,low,1,16.0,12.0,2.0,A,-100.0
2587,medium,0,2.0,2.0,4.1,A,-6.8
2588,high,3,4.0,19.0,6.9,A,-18.9
2589,low,3,14.0,8.0,2.0,C,-100.0
2590,high,1,10.0,9.0,9.3,A,-100.0
2591,low,0,5.0,16.0,4.4,B,-11.4
2592,medium,3,4.0,5.0,3.1,A,-18.3
2593,high,2,19.0,6.0,3.3,A,-100.0
2594,none,3,10.0,23.0,9.3,A,-100.0
2595,high,2,8.0,2.0,1.0,A,-100.0
2596,medium,1,5.0,21.0,5.8,A,-13.5
2597,medium,3,10.0,1.0,4.0,C,-100.0
2598,low,0,26.0,6.0,6.5,A,-100.0
2599,low,2,,50.0,7.3,C,
2600,low,0,11.0,6.0,7.3,A,-100.0
2601,medium,3,4.0,4.0,5.2,C,-17.3
2602,low,0,27.0,2.0,5.1,A,-100.0
2603,medium,2,19.0,3.0,8.9,C,-100.0
2604,high,2,8.0,7.0,8.8,A,-100.0
2605,low,1,10.0,13.0,4.8,B,-100.0
2606,low,2,7.0,2.0,8.9,C,-17.8
2607,medium,3,18.0,4.0,8.2,A,-100.0
2608,low,0,21.0,14.0,1.8,A,-100.0
2609,high,2,1.0,6.0,,A,
2610,high,2,22.0,8.0,6.1,A,-100.0
2611,none,1,8.0,23.0,6.2,C,-18.8
2612,high,1,10.0,9.0,1.1,A,-100.0
2613,none,0,10.0,0.0,8.4,A,-18.9
2614,none,1,1.0,14.0,1.1,C,-9.2
2615,low,0,11.0,17.0,4.9,A,-100.0
2616,none,2,18.0,4.0,2.1,A,-100.0
2617,high,3,4.0,15.0,5.5,A,-19.6
2618,low,1,7.0,6.0,6.3,A,-16.6
2619,high,1,17.0,1.0,8.4,C,-100.0
2620,medium,0,12.0,12.0,8.1,A,-100.0
2621,medium,1,8.0,11.0,9.2,A,-17.2
2622,medium,1,14.0,16.0,7.1,C,-100.0
2623,medium,1,2.0,31.0,3.9,A,-9.1
2624,high,0,2.0,32.0,9.2,A,-6.6
2625,low,1,2.0,9.0,1.2,A,-10.3
2626,low,3,11.0,14.0,7.2,A,-100.0
2627,low,6,21.0,34.0,6.5,A,-100.0
2628,low,3,18.0,32.0,3.4,C,-100.0
2629,low,4,19.0,4.0,6.0,C,-100.0
2630,high,1,7.0,5.0,9.0,A,-18.2
2631,low,1,5.0,7.0,4.5,A,-14.0
2632,low,4,3.0,1.0,2.8,A,-18.9
2633,high,3,13.0,14.0,9.7,B,-100.0
2634,none,2,9.0,18.0,8.2,A,-100.0
2635,medium,2,15.0,24.0,9.4,A,-100.0
2636,medium,3,11.0,23.0,8.6,A,-100.0
2637,low,3,5.0,5.0,8.7,C,-16.9
2638,low,2,1.0,2.0,6.9,A,-8.3
2639,none,4,14.0,3.0,8.5,B,-100.0
2640,medium,1,3.0,13.0,7.3,C,-9.4
2641,low,4,9.0,26.0,9.9,C,-100.0
2642,low,2,12.0,0.0,3.0,A,-100.0
2643,low,2,17.0,19.0,1.7,C,-100.0
2644,none,1,9.0,9.0,4.6,A,-100.0
2645,low,2,11.0,4.0,4.3,B,-100.0
2646,medium,0,13.0,8.0,2.0,A,-100.0
2647,medium,2,7.0,10.0,9.3,A,-17.9
2648,low,2,5.0,6.0,8.7,C,-14.4
2649,high,2,5.0,3.0,4.3,A,-19.6
2650,none,2,9.0,0.0,2.8,C,-100.0
2651,medium,1,7.0,20.0,2.7,B,-18.6
2652,high,4,4.0,8.0,1.1,A,-100.0
2653,none,3,4.0,2.0,3.3,C,-18.5
2654,high,0,5.0,12.0,1.8,A,-15.8
2655,medium,2,28.0,18.0,3.8,A,-100.0
2656,high,2,5.0,16.0,5.3,A,-19.0
2657,low,2,15.0,27.0,1.3,A,-100.0
2658,high,2,39.0,2.0,7.9,C,-100.0
2659,medium,1,10.0,50.0,2.0,A,-100.0
2660,low,1,2.0,16.0,3.3,A,-9.2
2661,none,2,18.0,20.0,5.1,A,-100.0
2662,medium,0,5.0,2.0,7.4,A,-10.4
2663,low,1,7.0,1.0,4.4,A,-17.6
2664,high,1,8.0,12.0,8.0,C,-100.0
2665,low,2,1.0,35.0,5.3,C,-8.8
2666,medium,0,8.0,28.0,1.2,A,-18.5
2667,low,1,5.0,40.0,8.7,A,-11.5
2668,high,2,10.0,2.0,3.4,A,-100.0
2669,high,2,20.0,3.0,8.9,A,-100.0
2670,low,1,19.0,7.0,8.0,A,-100.0
2671,low,3,6.0,0.0,8.9,C,-18.6
2672,low,3,7.0,4.0,9.6,A,-19.9
2673,high,1,10.0,16.0,7.1,C,-100.0
2674,low,4,18.0,5.0,5.4,B,-100.0
2675,none,2,13.0,50.0,4.3,A,-100.0
2676,none,1,20.0,9.0,1.8,B,-100.0
2677,none,3,1.0,2.0,,B,
2678,high,0,8.0,9.0,9.0,A,-17.4
2679,high,1,2.0,6.0,6.1,C,-10.9
2680,high,2,33.0,15.0,3.3,A,-100.0
2681,medium,3,13.0,18.0,1.1,A,-100.0
2682,low,1,4.0,4.0,4.7,A,-12.1
2683,medium,2,3.0,47.0,1.5,A,-14.4
2684,medium,0,7.0,8.0,7.3,A,-13.9
2685,none,2,12.0,2.0,1.1,C,-100.0
2686,low,0,11.0,16.0,1.1,A,-100.0
2687,high,1,4.0,3.0,1.4,A,-16.8
2688,low,2,1.0,25.0,5.6,C,-8.7
2689,low,0,9.0,12.0,8.7,A,-16.3
2690,high,0,,0.0,8.8,C,
2691,low,2,5.0,4.0,8.1,C,-14.7
2692,none,0,9.0,31.0,2.4,A,-19.9
2693,high,1,28.0,2.0,9.4,C,-100.0
2694,medium,1,2.0,1.0,3.7,A,-9.5
2695,medium,1,5.0,21.0,1.8,A,-15.5
2696,medium,3,1.0,4.0,7.9,A,-10.7
2697,,0,3.0,1.0,6.3,A,-7.7
2698,none,2,12.0,4.0,9.7,A,-100.0
2699,low,2,16.0,6.0,6.8,A,-100.0
2700,none,5,9.0,16.0,9.0,A,-100.0
2701,medium,1,17.0,6.0,7.8,A,-100.0
2702,high,1,4.0,24.0,5.6,A,-14.5
2703,medium,0,4.0,14.0,2.4,A,-11.1
2704,high,0,9.0,1.0,7.2,A,-100.0
2705,medium,1,4.0,26.0,8.1,A,-10.6
2706,high,0,11.0,5.0,8.6,B,-100.0
2707,medium,3,6.0,0.0,9.9,A,-18.4
2708,none,0,11.0,43.0,1.3,A,-100.0
2709,low,1,30.0,1.0,6.5,A,-100.0
2710,none,1,5.0,9.0,4.5,D,-14.5
2711,high,1,9.0,6.0,7.6,B,-100.0
2712,medium,2,2.0,4.0,2.4,C,-12.7
2713,medium,3,5.0,10.0,2.4,C,-100.0
2714,high,1,15.0,0.0,10.0,C,-100.0
2715,low,1,21.0,11.0,9.8,B,-100.0
2716,low,0,3.0,13.0,10.0,A,-5.1
2717,high,5,4.0,6.0,2.5,D,-100.0
2718,high,1,7.0,37.0,7.3,A,-18.7
2719,low,1,14.0,24.0,2.0,A,-100.0
2720,none,1,6.0,10.0,8.5,A,-14.3
2721,medium,2,3.0,25.0,2.6,D,-14.1
2722,medium,3,1.0,3.0,8.0,C,-10.6
2723,none,1,8.0,4.0,5.5,A,-19.3
2724,low,1,0.0,7.0,9.7,A,-2.6
2725,low,2,18.0,16.0,2.2,A,-100.0
2726,medium,1,17.0,19.0,4.9,A,-100.0
2727,none,4,5.0,5.0,8.3,A,-100.0
2728,high,1,9.0,2.0,3.8,A,-100.0
2729,high,0,7.0,3.0,9.4,A,-15.5
2730,medium,1,10.0,5.0,6.4,C,-100.0
2731,medium,1,24.0,3.0,1.8,C,-100.0
2732,high,0,10.0,18.0,9.5,A,-100.0
2733,medium,1,12.0,10.0,2.5,A,-100.0
2734,high,1,2.0,5.0,8.9,A,-9.5
2735,medium,3,4.0,10.0,8.9,A,-15.3
2736,high,1,9.0,28.0,7.3,A,-100.0
2737,medium,3,20.0,1.0,7.8,D,-100.0
2738,medium,3,11.0,5.0,1.5,D,-100.0
2739,medium,3,8.0,8.0,4.9,B,-100.0
2740,medium,1,7.0,23.0,6.1,A,-16.9
2741,high,0,4.0,27.0,5.6,A,-12.0
2742,low,2,5.0,7.0,9.1,C,-14.2
2743,low,1,5.0,8.0,9.8,C,-11.3
2744,medium,3,3.0,3.0,9.0,A,-13.6
2745,low,1,14.0,10.0,9.2,C,-100.0
2746,low,2,3.0,22.0,9.3,D,-10.4
2747,high,0,9.0,11.0,9.6,B,-18.9
2748,low,1,,5.0,9.2,C,
2749,high,1,9.0,9.0,8.5,A,-100.0
2750,high,2,34.0,14.0,5.0,A,-100.0
2751,low,1,6.0,4.0,3.2,A,-16.4
2752,low,1,10.0,7.0,9.6,B,-100.0
2753,none,0,9.0,23.0,8.7,A,-16.8
2754,medium,2,20.0,3.0,7.3,C,-100.0
2755,low,1,28.0,26.0,8.1,C,-100.0
2756,low,1,3.0,3.0,1.4,A,-12.0
2757,high,1,7.0,33.0,8.4,A,-18.2
2758,medium,2,5.0,22.0,7.0,D,-15.4
2759,medium,2,6.0,14.0,2.5,A,-19.5
2760,medium,2,13.0,17.0,1.9,A,-100.0
2761,medium,1,8.0,4.0,7.7,A,-18.0
2762,medium,1,15.0,1.0,3.0,A,-100.0
2763,low,1,20.0,13.0,9.0,B,-100.0
2764,low,1,6.0,4.0,8.4,A,-13.8
2765,low,1,15.0,14.0,1.2,A,-100.0
2766,low,0,8.0,0.0,,D,
2767,high,0,18.0,7.0,5.2,A,-100.0
2768,low,0,28.0,2.0,4.2,A,-100.0
2769,medium,1,29.0,19.0,5.3,A,-100.0
2770,low,0,18.0,25.0,2.5,A,-100.0
2771,medium,2,6.0,8.0,8.5,A,-16.6
2772,none,2,6.0,5.0,6.3,A,-17.9
2773,high,2,7.0,2.0,10.0,A,-100.0
2774,low,0,8.0,15.0,8.7,A,-14.5
2775,medium,1,6.0,3.0,8.9,A,-13.9
2776,low,0,3.0,11.0,3.1,C,-8.6
2777,low,2,21.0,1.0,1.2,C,-100.0
2778,medium,0,7.0,2.0,8.7,A,-13.3
2779,high,2,1.0,9.0,8.1,A,-10.6
2780,none,2,7.0,1.0,7.5,C,-19.1
2781,low,2,18.0,11.0,5.7,B,-100.0
2782,,1,6.0,8.0,9.9,B,-13.6
2783,medium,3,2.0,12.0,7.4,A,-12.6
2784,none,0,11.0,2.0,6.0,A,-100.0
2785,low,1,2.0,22.0,5.4,A,-8.1
2786,none,4,8.0,8.0,9.3,A,-100.0
2787,low,2,10.0,17.0,3.7,A,-100.0
2788,high,1,12.0,23.0,8.2,A,-100.0
2789,medium,0,8.0,4.0,6.4,C,-16.2
2790,none,2,16.0,1.0,7.2,A,-100.0
2791,medium,2,3.0,4.0,8.0,A,-11.6
2792,medium,0,4.0,2.0,7.3,A,-8.7
2793,high,1,7.0,6.0,9.3,A,-18.1
2794,high,1,40.0,6.0,9.8,A,-100.0
2795,high,1,20.0,36.0,1.3,A,-100.0
2796,high,1,4.0,14.0,8.9,A,-12.9
2797,low,2,21.0,2.0,6.5,B,-100.0
2798,low,1,6.0,15.0,9.1,A,-13.3
2799,low,1,27.0,6.0,9.5,D,-100.0
2800,,4,16.0,4.0,9.9,A,-100.0
2801,low,1,10.0,22.0,7.8,A,-100.0
2802,low,1,12.0,14.0,1.4,A,-100.0
2803,low,2,16.0,6.0,8.5,A,-100.0
2804,none,2,9.0,12.0,9.2,A,-100.0
2805,low,1,20.0,1.0,3.9,C,-100.0
2806,high,2,5.0,2.0,3.2,A,-100.0
2807,low,5,11.0,14.0,7.1,A,-100.0
2808,high,3,10.0,11.0,4.5,A,-100.0
2809,low,1,8.0,24.0,8.5,C,-17.0
2810,low,1,12.0,0.0,1.4,A,-100.0
2811,high,3,2.0,3.0,9.2,A,-14.4
2812,medium,1,10.0,0.0,8.8,B,-100.0
2813,high,1,29.0,19.0,8.8,A,-100.0
2814,low,0,7.0,5.0,9.5,A,-12.5
2815,high,1,8.0,3.0,7.1,D,-100.0
2816,none,2,10.0,22.0,9.6,A,-100.0
2817,high,3,6.0,3.0,1.7,A,-100.0
2818,high,1,9.0,0.0,7.4,A,-100.0
2819,none,1,14.0,15.0,8.5,A,-100.0
2820,medium,2,12.0,1.0,4.6,A,-100.0
2821,medium,1,10.0,34.0,9.2,C,-100.0
2822,high,2,2.0,8.0,8.2,A,-12.3
2823,low,2,5.0,3.0,5.8,C,-15.8
2824,none,2,10.0,1.0,6.0,A,-100.0
2825,low,1,5.0,6.0,1.3,A,-15.6
2826,medium,1,8.0,7.0,8.3,A,-17.7
2827,none,1,8.0,36.0,2.9,D,-100.0
2828,medium,1,7.0,1.0,1.5,A,-19.4
2829,low,0,17.0,7.0,8.6,A,-100.0
2830,low,0,11.0,23.0,9.3,A,-19.4
2831,medium,6,22.0,1.0,9.1,C,-100.0
2832,medium,4,2.0,8.0,6.3,A,-15.7
2833,none,3,13.0,2.0,9.8,A,-100.0
2834,high,0,11.0,9.0,8.4,A,-100.0
2835,none,2,5.0,1.0,8.1,A,-15.3
2836,none,2,26.0,26.0,9.8,C,-100.0
2837,medium,2,11.0,7.0,5.5,B,-100.0
2838,high,0,14.0,14.0,6.4,A,-100.0
2839,none,0,39.0,0.0,9.9,A,-100.0
2840,none,1,7.0,20.0,4.2,A,-18.1
2841,none,2,9.0,2.0,3.3,A,-100.0
2842,high,0,1.0,1.0,4.2,A,-7.7
2843,medium,0,8.0,21.0,9.5,A,-14.4
2844,low,1,24.0,23.0,1.6,A,-100.0
2845,low,1,3.0,10.0,5.1,A,-10.1
2846,high,1,12.0,24.0,4.9,A,-100.0
2847,high,0,7.0,19.0,4.8,A,-17.7
2848,medium,1,5.0,26.0,9.8,A,-11.5
2849,medium,2,16.0,16.0,1.2,A,-100.0
2850,low,0,18.0,30.0,3.7,C,-100.0
2851,low,1,36.0,38.0,9.0,A,-100.0
2852,medium,5,5.0,14.0,6.3,A,-100.0
2853,high,0,5.0,5.0,5.9,B,-13.8
2854,low,2,9.0,13.0,4.8,A,-100.0
2855,high,1,1.0,10.0,6.5,A,-8.9
2856,medium,2,2.0,2.0,6.8,A,-10.5
2857,high,1,13.0,9.0,8.5,A,-100.0
2858,high,2,10.0,2.0,9.2,C,-100.0
2859,low,1,5.0,50.0,9.4,A,-11.1
2860,high,1,4.0,1.0,4.8,A,-15.1
2861,low,1,4.0,23.0,5.9,C,-11.3
2862,low,4,15.0,5.0,9.3,A,-100.0
2863,high,3,12.0,20.0,3.3,B,-100.0
2864,high,0,3.0,2.0,10.0,A,-8.3
2865,none,1,2.0,13.0,6.3,A,-8.3
2866,low,0,8.0,4.0,8.7,A,-14.6
2867,high,2,40.0,2.0,3.0,B,-100.0
2868,low,2,29.0,3.0,8.1,A,-100.0
2869,low,5,22.0,14.0,8.6,A,-100.0
2870,medium,1,9.0,28.0,9.7,C,-18.5
2871,low,0,1.0,10.0,7.7,A,-2.8
2872,medium,0,5.0,13.0,9.6,A,-9.2
2873,high,1,8.0,8.0,8.4,C,-100.0
2874,medium,0,14.0,3.0,8.5,A,-100.0
2875,,1,15.0,16.0,9.7,A,-100.0
2876,high,4,3.0,50.0,7.8,A,-18.9
2877,low,1,4.0,2.0,6.7,A,-11.2
2878,low,1,4.0,2.0,4.2,C,-12.4
2879,low,2,8.0,10.0,9.6,A,-19.1
2880,none,2,14.0,28.0,2.3,A,-100.0
2881,low,0,7.0,3.0,7.6,C,-13.4
2882,low,1,8.0,8.0,4.6,C,-19.1
2883,,2,8.0,16.0,3.4,A,-100.0
2884,medium,0,4.0,1.0,8.4,C,-8.2
2885,low,0,12.0,10.0,2.7,A,-100.0
2886,low,2,1.0,1.0,9.8,A,-6.9
2887,high,1,2.0,2.0,9.6,A,-9.2
2888,high,4,2.0,11.0,5.8,A,-18.5
2889,none,1,34.0,5.0,1.8,B,-100.0
2890,low,3,4.0,38.0,6.5,C,-15.9
2891,high,1,14.0,20.0,9.4,A,-100.0
2892,high,0,3.0,6.0,5.6,A,-10.4
2893,medium,1,5.0,1.0,6.6,A,-13.3
2894,medium,2,9.0,16.0,3.8,C,-100.0
2895,low,6,4.0,3.0,1.7,C,-100.0
2896,medium,1,10.0,9.0,9.2,B,-100.0
2897,medium,2,34.0,2.0,9.6,C,-100.0
2898,low,0,7.0,9.0,5.6,B,-14.4
2899,medium,2,7.0,3.0,1.2,A,-100.0
2900,medium,1,6.0,10.0,6.3,A,-15.2
2901,low,3,10.0,15.0,8.7,A,-100.0
2902,none,2,7.0,8.0,9.4,A,-18.1
2903,none,3,10.0,9.0,9.1,A,-100.0
2904,none,0,9.0,4.0,6.7,D,-18.0
2905,low,2,2.0,50.0,,A,
2906,medium,2,11.0,0.0,2.1,A,-100.0
2907,high,1,6.0,1.0,7.9,A,-17.1
2908,medium,1,3.0,3.0,3.3,A,-11.5
2909,medium,2,2.0,16.0,1.2,C,
2910,high,0,11.0,3.0,5.6,A,-100.0
2911,none,0,11.0,11.0,1.3,A,-100.0
2912,low,2,7.0,38.0,7.6,C,-18.1
2913,high,1,11.0,30.0,2.1,A,-100.0
2914,medium,3,3.0,7.0,1.3,A,-17.4
2915,low,1,17.0,10.0,5.9,C,-100.0
2916,low,0,10.0,5.0,1.7,A,-100.0
2917,low,1,15.0,22.0,3.8,D,-100.0
2918,medium,2,16.0,33.0,8.8,A,-100.0
2919,none,1,13.0,5.0,7.4,B,-100.0
2920,high,1,12.0,4.0,8.4,A,-100.0
2921,low,3,5.0,14.0,7.3,A,-17.5
2922,low,2,9.0,10.0,9.0,B,-100.0
2923,high,2,6.0,0.0,8.9,B,-19.1
2924,high,0,8.0,4.0,9.6,A,-17.2
2925,high,3,2.0,3.0,3.7,B,-17.1
2926,none,1,2.0,20.0,4.3,A,-9.3
2927,low,2,4.0,1.0,9.0,A,-12.5
2928,medium,2,9.0,1.0,8.7,A,-100.0
2929,high,1,9.0,13.0,3.6,B,-100.0
2930,medium,0,1.0,30.0,6.2,C,-3.8
2931,none,0,9.0,15.0,3.0,C,-19.7
2932,medium,2,3.0,37.0,3.5,C,-13.5
2933,high,3,11.0,4.0,3.3,B,-100.0
2934,low,0,7.0,19.0,9.4,A,-12.4
2935,none,0,7.0,8.0,1.8,B,-16.9
2936,none,0,10.0,38.0,5.1,D,-100.0
2937,medium,1,4.0,2.0,8.8,A,-10.5
2938,low,1,9.0,23.0,6.0,A,-100.0
2939,high,1,5.0,10.0,8.3,C,-15.0
2940,high,1,12.0,26.0,1.4,C,-100.0
2941,medium,2,8.0,6.0,9.2,A,-19.7
2942,medium,2,4.0,8.0,7.3,C,-13.7
2943,medium,0,6.0,5.0,7.1,A,-12.3
2944,none,2,2.0,14.0,4.4,A,-11.8
2945,high,2,15.0,31.0,9.0,C,-100.0
2946,medium,0,11.0,2.0,7.7,A,-100.0
2947,high,2,5.0,2.0,2.5,C,-100.0
2948,high,2,8.0,11.0,7.7,A,-100.0
2949,low,1,5.0,9.0,3.4,A,-14.5
2950,high,2,1.0,8.0,1.3,B,-14.0
2951,medium,0,4.0,3.0,1.8,A,-11.5
2952,medium,2,2.0,9.0,1.2,C,-13.2
2953,low,3,4.0,1.0,9.8,C,-14.6
2954,medium,0,7.0,11.0,5.5,A,-14.8
2955,medium,1,14.0,0.0,6.1,A,-100.0
2956,high,0,16.0,16.0,3.7,A,-100.0
2957,medium,0,11.0,3.0,2.3,C,-100.0
2958,medium,1,6.0,16.0,1.4,A,-17.5
2959,high,2,1.0,27.0,9.6,A,-9.7
2960,,1,7.0,8.0,5.1,B,-17.7
2961,high,0,11.0,3.0,9.0,A,-100.0
2962,high,2,21.0,9.0,2.6,A,-100.0
2963,high,1,13.0,13.0,9.0,A,-100.0
2964,high,0,12.0,3.0,4.3,A,-100.0
2965,low,0,1.0,11.0,2.7,A,-5.3
2966,low,0,16.0,5.0,8.3,A,-100.0
2967,medium,1,15.0,29.0,3.3,C,-100.0
2968,high,4,7.0,27.0,4.1,A,-100.0
2969,none,1,5.0,6.0,2.8,C,-15.4
2970,none,3,14.0,9.0,6.0,D,-100.0
2971,medium,0,13.0,2.0,2.0,A,-100.0
2972,low,4,18.0,8.0,1.7,A,-100.0
2973,low,0,18.0,17.0,6.8,D,-100.0
2974,low,3,32.0,30.0,3.7,C,-100.0
2975,low,1,3.0,0.0,2.5,A,-11.5
2976,medium,4,11.0,1.0,1.8,C,-100.0
2977,medium,2,11.0,15.0,8.6,A,-100.0
2978,high,1,6.0,4.0,9.8,C,-16.1
2979,high,0,9.0,32.0,8.8,A,-19.1
2980,medium,0,9.0,16.0,6.3,A,-17.8
2981,low,0,10.0,12.0,2.8,A,-100.0
2982,medium,2,2.0,3.0,2.3,A,-12.7
2983,none,3,20.0,17.0,1.1,A,-100.0
2984,low,1,5.0,8.0,8.5,C,-11.9
2985,medium,2,9.0,7.0,7.8,A,-100.0
2986,low,3,19.0,9.0,9.1,A,-100.0
2987,medium,2,7.0,29.0,4.2,A,-100.0
2988,high,3,23.0,0.0,4.2,A,-100.0
2989,low,3,7.0,12.0,3.5,B,-100.0
2990,medium,0,9.0,8.0,9.1,A,-16.5
2991,high,1,5.0,5.0,3.8,C,-17.3
2992,high,1,8.0,25.0,3.4,A,-100.0
2993,high,1,5.0,6.0,8.8,A,-14.8
2994,low,1,12.0,14.0,9.9,A,-100.0
2995,high,0,33.0,4.0,2.1,A,-100.0
2996,low,1,16.0,10.0,2.1,A,-100.0
2997,medium,1,18.0,6.0,6.2,A,-100.0
2998,low,1,9.0,18.0,9.9,A,-18.1
2999,none,1,27.0,16.0,1.5,C,-100.0
3000,high,1,1.0,30.0,2.7,C,-10.6
3001,low,4,13.0,3.0,9.6,C,-100.0
3002,high,1,1.0,50.0,8.7,D,-7.4
3003,medium,2,37.0,3.0,8.1,A,-100.0
3004,low,4,10.0,1.0,4.7,A,-100.0
3005,high,1,2.0,8.0,5.2,A,-11.3
3006,high,3,3.0,3.0,2.2,A,-19.6
3007,low,1,6.0,1.0,9.2,A,-13.4
3008,high,0,7.0,6.0,3.2,A,-18.6
3009,low,4,5.0,20.0,9.3,A,-18.9
3010,high,3,18.0,12.0,8.6,A,-100.0
3011,high,1,1.0,50.0,3.8,B,-9.9
3012,high,2,12.0,13.0,5.3,A,-100.0
3013,low,1,7.0,0.0,7.6,C,-16.0
3014,low,0,5.0,21.0,7.0,A,-10.1
3015,high,2,6.0,50.0,8.0,A,-19.0
3016,high,2,26.0,8.0,5.5,A,-100.0
3017,high,1,22.0,3.0,9.1,A,-100.0
3018,high,0,12.0,22.0,8.6,A,-100.0
3019,high,0,10.0,10.0,8.3,C,-100.0
3020,high,1,1.0,32.0,2.9,B,-10.5
3021,medium,3,5.0,16.0,7.4,A,-17.8
3022,medium,1,10.0,1.0,3.7,A,-100.0
3023,low,0,16.0,2.0,2.4,A,-100.0
3024,low,3,6.0,11.0,8.7,C,-18.6
3025,high,3,8.0,1.0,1.1,C,-100.0
3026,high,1,10.0,7.0,8.5,A,-100.0
3027,high,2,8.0,18.0,6.1,A,-100.0
3028,none,2,7.0,7.0,3.6,C,-100.0
3029,low,2,5.0,4.0,8.4,A,-14.5
3030,medium,1,8.0,13.0,7.7,A,-17.9
3031,low,0,10.0,8.0,2.0,A,-100.0
3032,low,1,5.0,0.0,8.6,A,-12.0
3033,none,1,7.0,7.0,9.8,B,-15.4
3034,high,3,24.0,1.0,8.1,A,-100.0
3035,none,0,10.0,2.0,3.0,B,-100.0
3036,medium,2,4.0,3.0,6.7,A,-14.0
3037,medium,1,25.0,11.0,9.2,A,-100.0
3038,low,2,6.0,28.0,9.0,C,-15.7
3039,medium,0,6.0,13.0,9.9,A,-10.8
3040,high,3,7.0,3.0,8.5,A,-100.0
3041,low,1,6.0,14.0,5.6,A,-15.1
3042,low,5,9.0,3.0,3.5,B,-100.0
3043,low,0,31.0,9.0,5.6,B,-100.0
3044,medium,2,19.0,9.0,4.1,A,-100.0
3045,none,1,8.0,10.0,2.5,A,-100.0
3046,low,1,13.0,11.0,5.2,A,-100.0
3047,high,0,9.0,5.0,9.2,A,-19.1
3048,none,5,30.0,4.0,8.9,A,-100.0
3049,high,1,4.0,3.0,8.4,A,-13.3
3050,medium,1,2.0,10.0,8.7,A,-6.9
3051,medium,2,5.0,9.0,3.3,A,-17.4
3052,medium,2,13.0,4.0,2.9,A,-100.0
3053,high,1,2.0,19.0,5.4,A,-11.1
3054,high,2,8.0,1.0,9.6,A,-100.0
3055,medium,2,4.0,29.0,8.3,A,-13.0
3056,low,1,9.0,4.0,4.1,C,-100.0
3057,medium,3,11.0,13.0,2.2,A,-100.0
3058,high,0,8.0,11.0,2.4,C,-100.0
3059,low,1,3.0,19.0,5.1,B,-10.0
3060,medium,2,1.0,1.0,8.7,B,-7.8
3061,medium,1,10.0,16.0,8.7,B,-100.0
3062,low,0,4.0,33.0,6.0,A,-8.7
3063,high,2,12.0,5.0,2.5,A,-100.0
3064,none,3,10.0,20.0,10.0,A,-100.0
3065,high,2,4.0,0.0,7.4,A,-16.3
3066,low,2,2.0,50.0,7.9,C,-9.1
3067,low,0,19.0,16.0,5.3,A,-100.0
3068,low,2,4.0,4.0,5.8,A,-14.1
3069,none,3,8.0,9.0,1.9,A,-100.0
3070,medium,2,9.0,4.0,2.3,A,-100.0
3071,medium,2,7.0,7.0,9.8,A,-17.7
3072,low,1,9.0,5.0,9.9,A,-18.3
3073,none,1,11.0,32.0,9.9,A,-100.0
3074,,1,4.0,7.0,4.1,C,-13.0
3075,none,1,10.0,38.0,8.5,D,-100.0
3076,low,1,24.0,16.0,2.0,A,-100.0
3077,medium,0,6.0,9.0,6.0,C,-12.8
3078,high,2,19.0,12.0,1.1,C,-100.0
3079,none,2,31.0,6.0,2.4,A,-100.0
3080,high,2,10.0,34.0,2.2,A,-100.0
3081,high,2,5.0,6.0,9.5,C,-17.0
3082,medium,4,10.0,2.0,9.1,A,-100.0
3083,low,3,5.0,5.0,4.2,A,-19.1
3084,none,2,2.0,4.0,8.4,D,-9.9
3085,none,0,12.0,24.0,10.0,A,-100.0
3086,none,4,20.0,1.0,1.7,A,-100.0
3087,none,2,7.0,13.0,4.7,C,-100.0
3088,medium,2,2.0,15.0,5.4,D,-11.0
3089,low,0,3.0,9.0,8.3,A,-6.0
3090,medium,0,13.0,10.0,2.2,A,-100.0
3091,medium,1,6.0,4.0,5.0,A,-15.9
3092,high,2,4.0,14.0,7.7,A,-16.0
3093,none,3,1.0,11.0,9.0,D,-10.3
3094,medium,2,8.0,7.0,2.8,A,-100.0
3095,high,1,9.0,1.0,5.8,A,-100.0
3096,low,2,14.0,14.0,4.3,B,-100.0
3097,medium,2,10.0,12.0,1.0,C,-100.0
3098,low,0,22.0,7.0,8.3,A,-100.0
3099,high,0,2.0,7.0,5.7,C,-8.6
3100,high,3,21.0,10.0,6.7,A,-100.0
3101,medium,3,23.0,2.0,7.6,A,-100.0
3102,high,0,14.0,27.0,8.2,D,-100.0
3103,low,1,12.0,1.0,7.4,A,-100.0
3104,none,0,11.0,4.0,9.3,B,-100.0
3105,,0,15.0,4.0,2.8,B,-100.0
3106,none,1,6.0,1.0,1.6,B,-17.8
3107,none,3,15.0,39.0,9.1,A,-100.0
3108,medium,0,10.0,9.0,5.5,A,-100.0
3109,medium,3,6.0,5.0,5.8,C,-100.0
3110,high,3,26.0,14.0,8.8,A,-100.0
3111,high,0,21.0,5.0,2.3,A,-100.0
3112,high,1,3.0,6.0,8.3,A,-11.6
3113,low,2,1.0,11.0,1.9,A,-10.7
3114,high,2,5.0,18.0,9.4,A,-16.9
3115,,0,10.0,12.0,9.8,A,-18.1
3116,low,4,9.0,18.0,8.7,A,-100.0
3117,high,1,10.0,17.0,6.1,A,-100.0
3118,high,1,2.0,0.0,2.8,A,-12.6
3119,medium,1,9.0,13.0,6.7,C,-100.0
3120,medium,1,15.0,3.0,4.3,C,-100.0
3121,high,1,18.0,5.0,7.3,B,-100.0
3122,low,1,6.0,15.0,3.1,A,-16.3
3123,low,0,7.0,4.0,1.3,C,-16.6
3124,none,1,9.0,8.0,7.9,A,-19.8
3125,high,0,11.0,21.0,1.7,D,-100.0
3126,medium,0,5.0,22.0,4.9,A,-11.5
3127,none,0,11.0,2.0,7.0,B,-100.0
3128,high,3,1.0,21.0,4.6,A,-14.8
3129,high,1,20.0,13.0,5.4,C,-100.0
3130,medium,2,25.0,11.0,9.6,D,-100.0
3131,high,0,13.0,6.0,2.2,C,-100.0
3132,low,1,7.0,6.0,9.8,D,-14.8
3133,none,1,10.0,50.0,7.0,A,-100.0
3134,high,1,5.0,1.0,7.5,A,-15.5
3135,low,3,16.0,4.0,3.0,A,-100.0
3136,medium,2,13.0,7.0,9.0,A,-100.0
3137,low,4,10.0,33.0,7.5,B,-100.0
3138,low,2,13.0,8.0,4.0,A,-100.0
3139,none,0,37.0,10.0,1.4,A,-100.0
3140,low,1,21.0,34.0,1.4,C,-100.0
3141,medium,0,15.0,3.0,5.3,A,-100.0
3142,medium,1,3.0,1.0,6.4,A,-9.9
3143,low,1,4.0,5.0,2.2,A,-13.4
3144,high,1,1.0,38.0,4.8,A,-9.5
3145,medium,1,2.0,2.0,9.5,D,-6.6
3146,high,0,5.0,8.0,9.6,A,-11.9
3147,high,1,8.0,9.0,5.8,C,-100.0
3148,high,0,9.0,21.0,3.5,C,-100.0
3149,high,2,15.0,13.0,3.0,A,-100.0
3150,medium,1,8.0,0.0,8.2,A,-17.8
3151,high,2,12.0,3.0,7.0,A,-100.0
3152,low,0,9.0,12.0,9.7,A,-15.8
3153,none,0,14.0,18.0,4.1,A,-100.0
3154,low,1,21.0,1.0,8.4,A,-100.0
3155,medium,0,,29.0,3.1,C,
3156,high,2,3.0,4.0,8.5,A,-14.0
3157,low,1,18.0,5.0,3.9,A,-100.0
3158,medium,0,20.0,1.0,5.3,D,-100.0
3159,low,4,8.0,9.0,5.4,A,-100.0
3160,high,1,15.0,9.0,8.8,A,-100.0
3161,high,0,16.0,27.0,5.7,A,-100.0
3162,low,4,6.0,41.0,5.6,B,-100.0
3163,low,2,16.0,11.0,8.2,A,-100.0
3164,low,1,5.0,12.0,1.1,A,-15.6
3165,low,3,4.0,0.0,1.7,A,-18.7
3166,low,1,4.0,4.0,4.1,A,-12.4
3167,medium,2,6.0,17.0,1.2,A,-100.0
3168,medium,4,,13.0,1.8,C,
3169,low,2,3.0,14.0,2.5,A,-13.9
3170,medium,1,13.0,21.0,5.6,A,-100.0
3171,low,2,10.0,3.0,4.8,A,-100.0
3172,low,3,8.0,6.0,9.2,C,-100.0
3173,low,2,9.0,6.0,9.4,A,-100.0
3174,medium,1,11.0,1.0,8.9,A,-100.0
3175,none,0,7.0,25.0,8.9,A,-13.2
3176,high,4,11.0,36.0,9.1,A,-100.0
3177,none,1,9.0,5.0,1.9,A,-100.0
3178,medium,0,7.0,1.0,1.2,A,-17.0
3179,medium,2,,2.0,8.2,C,
3180,low,1,10.0,11.0,7.1,A,-100.0
3181,high,1,18.0,22.0,2.2,A,-100.0
3182,high,1,7.0,25.0,9.7,A,-17.7
3183,medium,4,19.0,1.0,8.1,C,-100.0
3184,low,1,30.0,16.0,5.6,A,-100.0
3185,none,2,9.0,4.0,7.6,A,-100.0
3186,medium,0,1.0,1.0,8.8,A,-2.7
3187,medium,1,19.0,20.0,6.6,B,-100.0
3188,high,1,4.0,2.0,9.2,C,-12.9
3189,low,1,7.0,1.0,6.7,B,-16.4
3190,none,1,10.0,3.0,6.8,C,-100.0
3191,high,1,13.0,1.0,10.0,B,-100.0
3192,none,3,26.0,4.0,6.1,C,-100.0
3193,none,2,11.0,12.0,5.1,A,-100.0
3194,medium,0,9.0,4.0,8.0,C,-17.1
3195,high,1,10.0,26.0,8.9,B,-100.0
3196,,0,7.0,1.0,8.6,A,-13.6
3197,high,2,1.0,30.0,7.5,A,-10.7
3198,low,1,24.0,16.0,8.1,B,-100.0
3199,high,0,4.0,14.0,7.3,C,-11.2
3200,low,1,16.0,18.0,8.6,B,-100.0
3201,high,3,6.0,1.0,9.8,A,-100.0
3202,high,0,9.0,1.0,8.6,C,-19.5
3203,low,3,10.0,16.0,9.5,A,-100.0
3204,medium,0,16.0,29.0,5.7,D,-100.0
3205,high,1,5.0,1.0,8.1,A,-15.2
3206,high,1,3.0,17.0,4.3,C,-13.4
3207,high,1,18.0,10.0,4.2,D,-100.0
3208,low,1,6.0,21.0,4.7,C,-15.5
3209,high,0,7.0,15.0,7.0,A,-16.6
3210,high,0,6.0,20.0,8.4,A,-14.1
3211,low,2,1.0,12.0,9.3,A,-7.0
3212,high,1,4.0,10.0,8.7,B,-13.1
3213,medium,1,8.0,25.0,3.1,A,-100.0
3214,none,0,9.0,38.0,1.8,A,-100.0
3215,high,3,15.0,12.0,7.9,A,-100.0
3216,none,3,1.0,4.0,9.9,A,-9.9
3217,high,4,13.0,5.0,6.8,A,-100.0
3218,high,3,14.0,6.0,8.8,A,-100.0
3219,medium,3,9.0,11.0,5.1,B,-100.0
3220,low,0,8.0,1.0,8.6,A,-14.7
3221,medium,1,11.0,20.0,5.1,A,-100.0
3222,none,1,11.0,10.0,8.3,A,-100.0
3223,medium,2,10.0,2.0,8.1,A,-100.0
3224,high,1,6.0,1.0,1.3,B,-100.0
3225,medium,2,5.0,29.0,3.4,B,-17.2
3226,low,1,5.0,1.0,4.7,A,-13.9
3227,high,0,9.0,6.0,3.6,A,-100.0
3228,medium,1,5.0,7.0,9.6,A,-11.8
3229,none,0,11.0,4.0,8.5,A,-100.0
3230,medium,2,21.0,13.0,9.6,C,-100.0
3231,low,1,9.0,4.0,1.0,A,-100.0
3232,low,2,8.0,9.0,4.9,A,-100.0
3233,low,0,4.0,4.0,8.9,A,-7.5
3234,low,2,7.0,7.0,9.0,A,-17.7
3235,medium,4,19.0,23.0,2.8,A,-100.0
3236,high,0,10.0,42.0,9.9,C,-100.0
3237,high,1,14.0,6.0,10.0,A,-100.0
3238,none,3,19.0,2.0,9.5,B,-100.0
3239,low,1,21.0,15.0,8.7,A,-100.0
3240,high,1,5.0,3.0,2.8,A,-17.8
3241,high,0,12.0,19.0,9.6,C,-100.0
3242,medium,1,7.0,4.0,4.2,C,-18.0
3243,high,2,4.0,50.0,2.3,A,-18.4
3244,low,5,10.0,12.0,4.5,C,-100.0
3245,low,2,2.0,15.0,8.3,A,-9.2
3246,low,1,20.0,9.0,6.6,A,-100.0
3247,none,1,3.0,1.0,8.1,C,-9.3
3248,medium,2,8.0,4.0,8.2,A,-100.0
3249,medium,1,7.0,49.0,9.6,A,-14.9
3250,low,1,4.0,28.0,1.2,A,-13.6
3251,medium,1,12.0,28.0,8.2,A,-100.0
3252,medium,4,40.0,3.0,5.7,A,-100.0
3253,high,2,8.0,15.0,5.5,A,-100.0
3254,none,2,10.0,8.0,1.5,A,-100.0
3255,medium,0,3.0,0.0,4.6,A,-8.4
3256,medium,3,14.0,12.0,1.5,D,-100.0
3257,medium,1,24.0,5.0,8.2,C,-100.0
3258,low,0,4.0,13.0,8.6,C,-7.6
3259,none,2,6.0,7.0,1.4,A,-100.0
3260,,4,1.0,27.0,5.0,A,-14.6
3261,low,1,10.0,2.0,9.5,A,-100.0
3262,low,0,9.0,7.0,6.4,A,-17.5
3263,medium,1,19.0,6.0,4.9,A,-100.0
3264,high,1,10.0,2.0,6.8,C,-100.0
3265,none,4,5.0,6.0,1.8,C,-100.0
3266,,0,19.0,3.0,8.7,A,-100.0
3267,low,0,10.0,4.0,9.5,C,-17.7
3268,none,1,9.0,7.0,7.2,C,-100.0
3269,medium,1,25.0,1.0,8.6,A,-100.0
3270,high,0,6.0,3.0,6.9,C,-15.0
3271,none,2,2.0,13.0,4.8,A,-11.6
3272,low,2,5.0,5.0,2.5,D,-17.5
3273,low,4,4.0,3.0,2.5,A,-100.0
3274,low,0,21.0,9.0,6.1,A,-100.0
3275,low,0,4.0,3.0,7.3,A,-8.3
3276,high,1,6.0,13.0,8.6,A,-16.6
3277,high,1,2.0,5.0,2.4,A,-12.8
3278,low,0,9.0,16.0,6.0,A,-17.6
3279,none,3,17.0,3.0,2.1,A,-100.0
3280,low,3,4.0,9.0,2.2,A,-18.3
3281,low,0,3.0,3.0,8.2,C,-6.1
3282,medium,3,13.0,21.0,4.6,A,-100.0
3283,low,0,14.0,15.0,1.9,A,-100.0
3284,none,2,6.0,23.0,5.6,C,-18.1
3285,low,2,1.0,17.0,,A,
3286,high,2,9.0,5.0,9.8,A,-100.0
3287,low,1,,20.0,1.2,C,
3288,none,0,21.0,8.0,3.6,A,-100.0
3289,low,2,7.0,5.0,9.1,C,-17.7
3290,high,1,2.0,0.0,8.1,A,-10.0
3291,high,1,11.0,28.0,9.1,C,-100.0
3292,low,3,8.0,13.0,9.7,C,-100.0
3293,low,3,10.0,1.0,7.4,C,-100.0
3294,low,0,5.0,8.0,3.6,C,-11.9
3295,none,1,9.0,16.0,3.3,A,-100.0
3296,high,3,10.0,2.0,8.2,A,-100.0
3297,medium,1,4.0,32.0,5.4,C,-11.9
3298,high,1,31.0,2.0,3.7,A,-100.0
3299,high,0,2.0,14.0,9.4,A,-6.7
3300,low,2,20.0,19.0,8.1,A,-100.0
3301,low,1,5.0,42.0,2.5,B,-14.6
3302,low,4,4.0,6.0,9.2,D,-17.4
3303,medium,0,24.0,8.0,3.1,A,-100.0
3304,low,1,21.0,13.0,10.0,D,-100.0
3305,high,0,17.0,9.0,9.4,C,-100.0
3306,high,1,16.0,5.0,1.3,A,-100.0
3307,medium,1,11.0,2.0,4.2,A,-100.0
3308,none,1,4.0,0.0,2.2,A,-14.0
3309,medium,1,23.0,3.0,9.4,B,-100.0
3310,high,3,11.0,5.0,9.1,A,-100.0
3311,low,1,4.0,5.0,2.2,A,-13.4
3312,medium,5,12.0,11.0,9.0,A,-100.0
3313,medium,1,14.0,33.0,10.0,A,-100.0
3314,high,0,6.0,8.0,4.1,C,-16.4
3315,medium,1,40.0,2.0,4.3,B,-100.0
3316,low,0,20.0,27.0,2.1,C,-100.0
3317,none,2,7.0,9.0,4.9,A,-100.0
3318,low,1,15.0,27.0,6.2,A,-100.0
3319,low,3,9.0,21.0,9.4,B,-100.0
3320,high,3,9.0,10.0,5.1,A,-100.0
3321,medium,3,1.0,8.0,3.1,B,-13.0
3322,none,2,12.0,20.0,8.5,A,-100.0
3323,medium,1,36.0,3.0,9.7,C,-100.0
3324,high,1,37.0,39.0,3.3,A,-100.0
3325,medium,1,18.0,12.0,3.4,C,-100.0
3326,high,1,9.0,11.0,8.1,A,-100.0
3327,none,3,6.0,3.0,9.8,A,-18.7
3328,none,3,6.0,4.0,9.6,A,-18.8
3329,high,1,10.0,2.0,9.4,A,-100.0
3330,high,3,19.0,5.0,3.6,A,-100.0
3331,medium,1,21.0,10.0,7.4,A,-100.0
3332,low,3,8.0,6.0,2.6,A,-100.0
3333,high,0,5.0,10.0,8.9,A,-12.2
3334,high,3,6.0,1.0,8.2,D,-100.0
3335,medium,1,6.0,0.0,3.7,C,-16.6
3336,high,1,5.0,6.0,2.1,A,-18.2
3337,medium,0,11.0,8.0,8.8,A,-100.0
3338,low,1,36.0,0.0,2.3,A,-100.0
3339,high,1,,1.0,6.5,C,
3340,none,0,6.0,9.0,8.1,A,-12.0
3341,high,0,3.0,10.0,5.7,A,-10.3
3342,low,2,4.0,7.0,7.0,A,-13.5
3343,none,1,18.0,8.0,1.7,A,-100.0
3344,high,1,12.0,34.0,8.8,A,-100.0
3345,none,1,15.0,18.0,1.2,B,-100.0
3346,medium,0,20.0,9.0,8.0,C,-100.0
3347,low,1,20.0,0.0,5.7,D,-100.0
3348,medium,0,1.0,6.0,2.6,A,-5.8
3349,high,1,21.0,0.0,9.7,A,-100.0
3350,medium,0,4.0,2.0,3.3,A,-10.7
3351,medium,3,2.0,6.0,8.0,A,-12.4
3352,low,4,11.0,4.0,8.9,A,-100.0
3353,none,2,8.0,14.0,6.7,C,-100.0
3354,medium,2,6.0,14.0,4.8,C,-18.4
3355,,0,4.0,20.0,1.9,A,-11.5
3356,high,2,7.0,19.0,2.2,A,-100.0
3357,none,1,,10.0,9.5,C,
3358,medium,0,9.0,5.0,3.3,A,-19.5
3359,high,1,9.0,21.0,8.0,A,-100.0
3360,medium,0,1.0,5.0,5.0,A,-4.6
3361,low,2,1.0,8.0,9.2,C,-7.1
3362,medium,1,11.0,12.0,3.3,A,-100.0
3363,none,3,2.0,9.0,5.9,A,-13.6
3364,low,1,15.0,11.0,8.6,C,-100.0
3365,low,2,23.0,8.0,1.6,A,-100.0
3366,medium,3,9.0,25.0,7.8,A,-100.0
3367,none,2,3.0,8.0,8.9,A,-11.3
3368,high,2,32.0,3.0,9.1,A,-100.0
3369,low,3,5.0,4.0,9.5,C,-16.5
3370,medium,2,3.0,23.0,2.5,A,-14.2
3371,low,1,20.0,14.0,5.8,A,-100.0
3372,high,0,9.0,28.0,8.2,A,-19.4
3373,high,2,9.0,2.0,6.5,A,-100.0
3374,medium,1,8.0,18.0,3.0,A,-100.0
3375,medium,4,7.0,9.0,9.4,A,-100.0
3376,low,3,23.0,36.0,8.4,A,-100.0
3377,low,2,5.0,10.0,5.5,B,-15.9
3378,low,2,2.0,23.0,9.3,A,-8.6
3379,low,4,1.0,48.0,2.0,A,-15.3
3380,low,2,9.0,24.0,7.2,A,-100.0
3381,,2,16.0,4.0,8.3,A,-100.0
3382,medium,2,7.0,3.0,8.1,A,-18.6
3383,medium,0,5.0,17.0,4.7,C,-11.6
3384,low,2,6.0,7.0,6.8,C,-17.1
3385,medium,1,20.0,36.0,8.2,C,-100.0
3386,,1,3.0,4.0,6.4,A,-10.1
3387,high,2,8.0,35.0,3.6,A,-100.0
3388,high,3,6.0,6.0,3.5,A,-100.0
3389,none,4,12.0,2.0,2.7,B,-100.0
3390,low,1,4.0,16.0,3.0,D,-12.9
3391,medium,0,4.0,0.0,1.3,B,-11.7
3392,low,1,10.0,3.0,2.5,A,-100.0
3393,high,3,23.0,15.0,2.6,A,-100.0
3394,low,1,7.0,5.0,9.5,A,-15.0
3395,medium,1,23.0,13.0,2.1,A,-100.0
3396,none,2,15.0,21.0,5.4,A,-100.0
3397,high,3,0.0,2.0,9.0,C,-11.0
3398,high,2,15.0,42.0,10.0,A,-100.0
3399,medium,3,16.0,3.0,8.9,C,-100.0
3400,high,4,14.0,2.0,3.9,C,-100.0
3401,high,1,6.0,7.0,5.9,A,-18.0
3402,none,0,15.0,1.0,8.4,C,-100.0
3403,high,1,1.0,2.0,9.0,A,-7.8
3404,high,1,6.0,4.0,5.8,C,-18.1
3405,medium,1,2.0,4.0,9.5,A,-6.6
3406,low,1,2.0,27.0,8.9,A,-6.3
3407,high,2,7.0,50.0,9.9,A,-19.8
3408,high,1,5.0,11.0,8.6,A,-14.9
3409,high,0,13.0,18.0,8.0,D,-100.0
3410,none,1,19.0,9.0,4.4,A,-100.0
3411,low,0,9.0,4.0,1.1,A,-100.0
3412,high,1,16.0,29.0,3.9,A,-100.0
3413,low,2,3.0,26.0,6.9,C,-11.6
3414,,2,16.0,1.0,8.4,A,-100.0
3415,high,1,4.0,12.0,4.7,A,-15.1
3416,low,2,2.0,15.0,9.4,B,-8.7
3417,low,1,7.0,2.0,5.6,C,-17.0
3418,low,2,2.0,4.0,6.6,A,-10.2
3419,high,1,6.0,21.0,9.1,A,-16.3
3420,low,0,12.0,28.0,2.5,A,-100.0
3421,none,4,9.0,4.0,8.1,A,-100.0
3422,low,1,5.0,25.0,9.9,B,-11.1
3423,low,1,7.0,22.0,8.4,A,-15.4
3424,high,2,5.0,27.0,5.7,C,-18.7
3425,low,1,12.0,6.0,4.9,A,-100.0
3426,medium,1,8.0,25.0,9.5,A,-16.9
3427,high,1,8.0,6.0,4.2,B,-100.0
3428,medium,4,15.0,12.0,9.9,C,-100.0
3429,low,5,40.0,6.0,9.2,A,-100.0
3430,low,2,7.0,19.0,9.2,B,-17.5
3431,low,1,2.0,17.0,1.9,A,-9.9
3432,high,0,19.0,2.0,6.6,A,-100.0
3433,high,0,8.0,32.0,8.8,A,-17.3
3434,high,1,7.0,2.0,8.3,C,-18.6
3435,high,4,4.0,50.0,8.2,A,-100.0
3436,high,0,27.0,49.0,5.9,B,-100.0
3437,medium,2,12.0,21.0,5.9,C,-100.0
3438,low,0,13.0,1.0,6.5,B,
3439,low,0,3.0,8.0,9.3,A,-5.5
3440,none,1,9.0,13.0,1.2,A,-100.0
3441,high,0,17.0,27.0,8.9,A,-100.0
3442,medium,1,4.0,4.0,9.5,A,-10.1
3443,medium,2,13.0,18.0,8.7,A,-100.0
3444,low,2,5.0,17.0,4.6,C,-16.3
3445,low,2,9.0,8.0,2.3,C,-100.0
3446,medium,3,5.0,13.0,2.3,A,-100.0
3447,high,3,3.0,19.0,9.0,A,-16.1
3448,none,2,7.0,19.0,6.9,A,-19.2
3449,low,1,6.0,15.0,1.7,C,-17.0
3450,low,1,11.0,2.0,2.3,A,-100.0
3451,high,2,3.0,10.0,9.1,C,-13.6
3452,none,1,24.0,11.0,7.3,B,-100.0
3453,none,1,16.0,41.0,3.5,B,-100.0
3454,medium,1,6.0,5.0,4.4,A,-16.2
3455,none,2,8.0,5.0,7.1,A,-100.0
3456,low,2,5.0,14.0,8.4,A,-14.4
3457,,0,8.0,2.0,8.7,A,-15.2
3458,medium,2,2.0,5.0,8.0,A,-9.9
3459,low,1,9.0,20.0,9.6,A,-18.3
3460,high,0,2.0,13.0,7.5,A,-7.6
3461,low,2,13.0,5.0,2.3,C,-100.0
3462,none,2,9.0,2.0,4.2,A,-100.0
3463,high,2,11.0,9.0,4.9,D,-100.0
3464,low,3,24.0,50.0,7.5,C,-100.0
3465,low,1,21.0,20.0,8.4,B,-100.0
3466,low,1,5.0,1.0,9.5,D,-11.5
3467,high,2,8.0,4.0,6.5,A,-100.0
3468,low,0,3.0,21.0,4.2,B,-8.0
3469,high,5,6.0,2.0,5.9,C,-100.0
3470,low,0,18.0,6.0,8.5,D,-100.0
3471,high,0,3.0,23.0,8.9,C,-8.6
3472,low,3,14.0,3.0,3.0,A,-100.0
3473,high,0,13.0,11.0,5.6,A,-100.0
3474,low,1,6.0,8.0,5.6,A,-15.1
3475,high,3,38.0,0.0,2.9,A,-100.0
3476,low,1,2.0,4.0,4.3,A,-8.8
3477,none,2,3.0,4.0,9.1,A,-11.3
3478,none,0,34.0,0.0,9.9,A,-100.0
3479,none,0,7.0,8.0,2.5,A,-16.5
3480,high,3,7.0,5.0,3.9,A,-100.0
3481,none,4,17.0,8.0,4.4,C,-100.0
3482,low,0,7.0,6.0,1.1,A,-16.7
3483,medium,1,5.0,4.0,4.5,A,-14.4
3484,low,1,5.0,17.0,7.0,A,-12.6
3485,medium,1,8.0,7.0,5.7,A,-19.0
3486,medium,1,18.0,5.0,9.9,A,-100.0
3487,low,2,17.0,7.0,4.9,B,-100.0
3488,medium,3,6.0,26.0,1.6,A,-100.0
3489,high,0,2.0,5.0,3.4,D,-9.8
3490,medium,1,4.0,8.0,7.2,A,-11.2
3491,medium,1,1.0,30.0,8.2,B,-5.3
3492,none,4,14.0,4.0,2.3,C,-100.0
3493,high,2,7.0,10.0,9.3,A,-100.0
3494,none,4,20.0,10.0,2.6,D,-100.0
3495,high,0,5.0,8.0,9.0,A,-12.2
3496,low,1,37.0,33.0,9.4,A,-100.0
3497,medium,2,4.0,11.0,7.5,D,-13.5
3498,high,0,19.0,1.0,9.0,B,-100.0
3499,medium,1,3.0,26.0,7.8,A,-9.0
3500,medium,0,6.0,26.0,3.9,C,-13.7
3501,,1,24.0,0.0,1.6,A,-100.0
3502,medium,0,8.0,4.0,4.5,C,-17.1
3503,low,0,12.0,7.0,10.0,A,-100.0
3504,high,0,11.0,1.0,2.4,C,-100.0
3505,none,2,15.0,3.0,4.7,A,-100.0
3506,high,1,36.0,16.0,9.6,C,-100.0
3507,low,0,12.0,6.0,1.9,A,-100.0
3508,low,2,11.0,2.0,9.8,A,-100.0
3509,none,1,12.0,10.0,8.9,A,-100.0
3510,medium,0,7.0,45.0,8.4,A,-13.0
3511,high,1,4.0,3.0,5.2,A,-14.9
3512,low,5,1.0,0.0,5.1,A,-16.7
3513,medium,0,9.0,26.0,9.4,B,-16.2
3514,low,4,3.0,3.0,6.9,A,-16.8
3515,medium,3,20.0,3.0,1.6,A,-100.0
3516,low,2,12.0,2.0,8.2,A,-100.0
3517,high,1,8.0,9.0,7.8,C,-100.0
3518,high,1,3.0,17.0,8.2,A,-11.5
3519,medium,3,5.0,3.0,5.5,A,-18.9
3520,high,1,11.0,6.0,9.1,A,-100.0
3521,low,4,17.0,5.0,7.2,C,-100.0
3522,low,2,6.0,13.0,3.8,C,-18.5
3523,high,0,2.0,20.0,9.3,A,-6.7
3524,none,2,2.0,12.0,8.8,A,-9.6
3525,low,1,6.0,16.0,7.6,A,-14.1
3526,high,0,1.0,11.0,1.0,A,-9.2
3527,medium,1,3.0,49.0,9.8,A,-7.8
3528,medium,1,5.0,12.0,4.9,A,-14.1
3529,high,1,9.0,3.0,4.9,A,-100.0
3530,low,3,2.0,21.0,9.6,A,-11.0
3531,high,1,2.0,5.0,8.7,A,-9.6
3532,medium,2,11.0,6.0,1.0,A,-100.0
3533,medium,0,3.0,6.0,7.2,C,-7.0
3534,medium,3,7.0,37.0,3.9,C,-100.0
3535,high,0,13.0,4.0,9.7,A,-100.0
3536,high,0,4.0,1.0,5.1,A,-12.5
3537,none,3,4.0,50.0,7.6,A,-15.8
3538,medium,1,5.0,7.0,3.7,B,-14.7
3539,high,1,9.0,20.0,3.5,D,-100.0
3540,high,1,8.0,4.0,4.9,B,-100.0
3541,high,1,7.0,0.0,3.4,D,-100.0
3542,high,2,8.0,10.0,9.9,C,-100.0
3543,high,2,10.0,35.0,9.1,C,-100.0
3544,low,2,8.0,14.0,2.3,A,-100.0
3545,low,2,6.0,5.0,2.5,B,-19.2
3546,medium,1,9.0,12.0,4.7,A,-100.0
3547,none,0,9.0,3.0,9.2,A,-16.7
3548,medium,3,5.0,7.0,2.4,A,-100.0
3549,medium,0,7.0,0.0,3.3,A,-16.0
3550,none,0,3.0,10.0,2.4,A,-9.6
3551,none,2,31.0,28.0,3.1,A,-100.0
3552,none,2,19.0,39.0,8.6,B,-100.0
3553,high,1,5.0,2.0,2.6,A,-18.0
3554,medium,2,8.0,2.0,1.4,A,-100.0
3555,low,2,12.0,50.0,1.6,A,-100.0
3556,high,3,27.0,5.0,2.0,D,-100.0
3557,low,0,3.0,0.0,9.6,B,-5.5
3558,medium,3,1.0,17.0,1.4,A,-13.8
3559,none,2,4.0,50.0,2.4,C,-15.9
3560,medium,4,16.0,1.0,9.4,A,-100.0
3561,low,1,6.0,5.0,5.5,A,-15.2
3562,none,4,13.0,0.0,8.1,A,-100.0
3563,high,2,9.0,7.0,9.3,A,-100.0
3564,low,0,12.0,29.0,3.5,D,-100.0
3565,none,3,2.0,14.0,9.2,C,-11.9
3566,medium,0,10.0,40.0,3.2,A,-100.0
3567,high,4,8.0,8.0,3.0,A,-100.0
3568,none,2,12.0,12.0,9.7,A,-100.0
3569,high,2,7.0,2.0,9.2,A,-100.0
3570,low,2,9.0,6.0,5.1,A,-100.0
3571,high,1,5.0,2.0,5.2,B,-16.7
3572,high,1,4.0,7.0,7.1,C,-13.9
3573,none,0,3.0,45.0,5.4,A,-7.7
3574,low,1,14.0,1.0,3.1,A,-100.0
3575,medium,0,1.0,24.0,5.9,A,-4.0
3576,high,3,13.0,6.0,9.7,C,-100.0
3577,high,1,3.0,2.0,9.1,A,-11.2
3578,medium,3,2.0,50.0,5.7,C,-13.1
3579,high,0,11.0,5.0,8.1,A,-100.0
3580,high,0,1.0,1.0,,D,
3581,low,2,5.0,2.0,3.2,D,-17.1
3582,medium,3,4.0,0.0,6.9,A,-16.5
3583,low,2,2.0,7.0,6.4,B,-10.3
3584,medium,0,9.0,0.0,8.9,A,-16.7
3585,none,2,11.0,12.0,9.6,A,-100.0
3586,low,3,12.0,10.0,8.0,B,-100.0
3587,medium,1,10.0,5.0,5.3,A,-100.0
3588,none,0,12.0,23.0,3.3,B,-100.0
3589,low,0,15.0,4.0,8.5,C,-100.0
3590,high,0,5.0,4.0,5.9,A,-13.8
3591,medium,2,21.0,25.0,1.9,A,-100.0
3592,low,0,16.0,7.0,1.5,A,-100.0
3593,high,1,9.0,0.0,4.3,D,-100.0
3594,low,1,2.0,9.0,8.5,A,-6.7
3595,none,1,9.0,4.0,7.9,A,-19.9
3596,medium,1,7.0,3.0,7.8,A,-16.2
3597,low,1,8.0,7.0,6.7,A,-18.1
3598,low,2,8.0,11.0,2.0,A,-100.0
3599,low,2,8.0,6.0,9.1,C,-19.4
3600,medium,2,2.0,3.0,3.7,B,-12.0
3601,low,1,10.0,5.0,9.9,A,-100.0
3602,high,3,7.0,27.0,4.4,A,-100.0
3603,low,2,5.0,4.0,1.8,B,-17.8
3604,medium,0,11.0,18.0,2.5,A,-100.0
3605,medium,1,14.0,28.0,4.5,A,-100.0
3606,high,1,10.0,22.0,7.7,B,-100.0
3607,none,2,7.0,26.0,5.7,A,-19.8
3608,high,2,15.0,15.0,10.0,A,-100.0
3609,low,0,10.0,1.0,8.0,A,-18.5
3610,low,1,22.0,3.0,4.0,A,-100.0
3611,low,0,9.0,17.0,1.4,A,-19.9
3612,low,4,14.0,6.0,9.2,C,-100.0
3613,low,1,11.0,16.0,1.9,D,-100.0
3614,low,3,11.0,11.0,5.0,A,-100.0
3615,none,0,4.0,16.0,6.4,A,-9.3
3616,low,0,23.0,9.0,8.3,A,-100.0
3617,low,1,2.0,14.0,8.8,B,-6.5
3618,low,2,13.0,36.0,4.5,A,
3619,medium,2,5.0,1.0,3.1,A,-17.6
3620,low,2,14.0,19.0,7.0,A,-100.0
3621,,2,21.0,13.0,9.4,C,-100.0
3622,medium,2,12.0,17.0,8.2,C,-100.0
3623,low,2,6.0,10.0,5.2,A,-17.8
3624,high,1,2.0,6.0,9.4,A,-9.3
3625,high,0,17.0,34.0,8.6,A,-100.0
3626,medium,1,5.0,8.0,9.7,A,-11.7
3627,low,2,8.0,16.0,9.2,A,-19.3
3628,medium,2,10.0,11.0,7.0,A,-100.0
3629,low,4,3.0,15.0,4.2,A,-18.0
3630,medium,0,1.0,20.0,9.4,A,-2.3
3631,low,3,13.0,12.0,1.5,A,-100.0
3632,high,0,15.0,1.0,7.8,A,-100.0
3633,low,3,29.0,6.0,8.3,A,-100.0
3634,low,0,21.0,0.0,6.0,C,-100.0
3635,low,4,8.0,10.0,8.6,A,-100.0
3636,high,2,2.0,24.0,9.7,A,-11.4
3637,low,4,29.0,5.0,5.2,A,-100.0
3638,high,2,14.0,12.0,6.2,A,-100.0
3639,high,0,10.0,41.0,9.5,C,-100.0
3640,medium,0,2.0,10.0,9.7,A,-4.0
3641,medium,1,12.0,21.0,8.9,A,-100.0
3642,low,2,9.0,6.0,9.7,A,-100.0
3643,low,1,5.0,4.0,8.4,A,-12.0
3644,none,1,6.0,5.0,9.3,A,-13.9
3645,low,0,5.0,5.0,5.5,A,-11.0
3646,low,1,17.0,3.0,8.7,C,-100.0
3647,low,1,5.0,1.0,3.4,A,-14.6
3648,low,1,30.0,1.0,2.9,B,-100.0
3649,low,2,3.0,0.0,7.2,A,-11.7
3650,low,1,9.0,2.0,9.2,B,-18.7
3651,none,3,12.0,29.0,6.8,A,-100.0
3652,medium,0,9.0,4.0,6.1,B,-18.1
3653,low,4,8.0,10.0,2.1,A,-100.0
3654,high,2,15.0,13.0,8.7,A,-100.0
3655,high,1,15.0,2.0,8.8,C,-100.0
3656,medium,1,13.0,21.0,7.4,B,-100.0
3657,low,1,2.0,6.0,2.9,A,-9.5
3658,high,3,3.0,6.0,4.2,A,-18.6
3659,low,3,23.0,0.0,9.4,A,-100.0
3660,medium,0,11.0,2.0,8.5,A,-100.0
3661,high,1,15.0,10.0,7.5,C,-100.0
3662,low,0,6.0,2.0,8.5,A,-11.3
3663,low,0,3.0,5.0,3.9,A,-8.3
3664,high,1,14.0,20.0,8.2,A,-100.0
3665,medium,0,10.0,24.0,3.2,A,-100.0
3666,none,1,4.0,1.0,3.5,A,-13.4
3667,high,1,3.0,10.0,8.3,D,-11.5
3668,medium,1,15.0,36.0,4.2,A,-100.0
3669,none,2,16.0,2.0,8.9,C,-100.0
3670,high,2,7.0,6.0,6.4,A,-100.0
3671,low,3,6.0,20.0,9.4,A,-18.1
3672,medium,1,9.0,50.0,1.5,A,-100.0
3673,high,1,11.0,3.0,3.1,D,-100.0
3674,low,2,2.0,19.0,5.0,C,-10.8
3675,low,0,8.0,50.0,9.5,A,-13.8
3676,low,0,40.0,27.0,2.9,A,-100.0
3677,high,2,5.0,1.0,2.4,A,-100.0
3678,high,2,18.0,3.0,2.0,C,-100.0
3679,low,1,6.0,5.0,3.9,A,-16.0
3680,high,0,19.0,16.0,6.0,D,-100.0
3681,none,2,4.0,7.0,7.6,C,-13.7
3682,high,1,12.0,26.0,,D,
3683,low,1,4.0,2.0,3.6,C,-12.7
3684,high,1,16.0,38.0,4.3,A,-100.0
3685,high,1,8.0,2.0,7.6,B,-100.0
3686,high,0,6.0,6.0,1.5,A,-17.7
3687,high,1,9.0,0.0,1.0,A,-100.0
3688,none,3,6.0,15.0,1.5,A,-100.0
3689,high,2,6.0,31.0,3.3,B,-100.0
3690,high,1,22.0,14.0,1.2,A,-100.0
3691,medium,1,7.0,2.0,9.7,A,-15.3
3692,none,2,8.0,31.0,9.8,C,-19.4
3693,medium,1,29.0,27.0,8.5,C,-100.0
3694,high,1,3.0,6.0,1.3,A,-15.1
3695,medium,0,10.0,40.0,9.3,A,-17.8
3696,high,2,14.0,1.0,1.4,D,-100.0
3697,high,4,31.0,15.0,1.2,A,-100.0
3698,high,2,6.0,4.0,1.3,A,-100.0
3699,low,3,0.0,5.0,9.4,C,-7.8
3700,high,4,12.0,10.0,5.2,B,-100.0
3701,low,2,4.0,17.0,1.1,A,-16.3
3702,low,2,19.0,14.0,8.5,A,-100.0
3703,medium,1,7.0,7.0,2.3,A,-18.9
3704,medium,1,6.0,50.0,4.4,A,-15.7
3705,none,0,18.0,6.0,9.7,C,-100.0
3706,low,3,12.0,50.0,8.8,A,-100.0
3707,medium,2,3.0,3.0,4.7,A,-13.3
3708,,1,6.0,23.0,1.3,A,-17.7
3709,low,0,8.0,2.0,10.0,D,-14.0
3710,low,2,7.0,4.0,1.5,A,-100.0
3711,low,0,37.0,21.0,7.4,A,-100.0
3712,low,3,6.0,6.0,9.4,A,-18.3
3713,none,1,13.0,0.0,9.0,A,-100.0
3714,high,0,8.0,16.0,3.0,A,-100.0
3715,low,1,20.0,14.0,8.8,C,-100.0
3716,high,1,10.0,5.0,8.7,A,-100.0
3717,medium,0,25.0,12.0,9.6,B,-100.0
3718,high,2,20.0,23.0,3.5,A,-100.0
3719,high,0,10.0,21.0,3.6,A,-100.0
3720,none,2,16.0,10.0,8.1,A,-100.0
3721,high,2,3.0,0.0,3.4,C,-16.6
3722,medium,1,5.0,15.0,8.2,A,-12.4
3723,low,2,3.0,14.0,9.5,A,-10.4
3724,high,0,11.0,11.0,3.4,A,-100.0
3725,medium,2,3.0,8.0,2.3,A,-14.4
3726,medium,0,7.0,8.0,9.9,A,-12.6
3727,high,1,9.0,22.0,3.4,A,-100.0
3728,medium,0,9.0,3.0,9.8,A,-16.2
3729,high,1,1.0,3.0,7.2,A,-8.6
3730,medium,1,5.0,22.0,6.0,A,-13.4
3731,high,0,5.0,2.0,10.0,C,-11.8
3732,low,2,2.0,2.0,9.9,A,-8.6
3733,none,1,20.0,29.0,8.2,B,-100.0
3734,high,1,13.0,10.0,7.2,A,-100.0
3735,low,3,12.0,22.0,3.1,A,-100.0
3736,low,4,28.0,13.0,5.4,A,-100.0
3737,high,1,,1.0,9.4,C,
3738,high,1,12.0,2.0,6.0,D,-100.0
3739,low,1,5.0,22.0,1.5,C,-15.3
3740,low,3,6.0,10.0,5.4,A,-100.0
3741,low,3,2.0,4.0,1.9,B,-15.0
3742,low,3,10.0,4.0,3.2,A,-100.0
3743,high,3,8.0,50.0,6.4,C,-100.0
3744,low,2,2.0,10.0,9.7,B,-8.6
3745,medium,3,6.0,6.0,9.1,A,-18.8
3746,medium,1,7.0,3.0,8.7,A,-15.8
3747,low,2,3.0,3.0,9.7,C,-10.4
3748,high,1,9.0,2.0,6.3,A,-100.0
3749,none,4,1.0,13.0,5.3,C,-14.6
3750,low,1,7.0,0.0,1.2,A,-19.2
3751,none,1,11.0,5.0,9.7,C,-100.0
3752,low,0,18.0,18.0,5.0,A,-100.0
3753,high,2,21.0,1.0,8.4,C,-100.0
3754,high,1,7.0,27.0,6.2,A,-19.4
3755,medium,1,11.0,20.0,1.9,A,-100.0
3756,high,0,7.0,1.0,9.0,B,-15.8
3757,medium,2,4.0,5.0,4.5,A,-15.1
3758,medium,2,8.0,29.0,9.4,A,-19.4
3759,low,0,8.0,13.0,3.3,A,-17.2
3760,high,0,2.0,1.0,3.8,C,-9.6
3761,low,1,12.0,2.0,7.6,A,-100.0
3762,medium,0,15.0,3.0,1.6,A,-100.0
3763,medium,1,1.0,3.0,9.3,A,-5.0
3764,low,2,4.0,2.0,9.5,A,-12.3
3765,medium,1,,24.0,8.2,C,
3766,high,1,2.0,50.0,9.0,C,-9.0
3767,none,1,18.0,3.0,8.0,A,-100.0
3768,,0,2.0,4.0,6.9,C,-5.6
3769,low,2,9.0,1.0,8.9,A,-100.0
3770,low,2,12.0,10.0,3.5,B,-100.0
3771,high,4,20.0,40.0,1.6,A,-100.0
3772,high,2,8.0,5.0,4.3,A,-100.0
3773,low,1,7.0,5.0,9.7,A,-14.9
3774,high,1,1.0,20.0,9.0,A,-7.6
3775,low,2,4.0,9.0,1.4,A,-16.2
3776,low,1,5.0,11.0,5.7,A,-13.3
3777,low,3,2.0,24.0,1.5,A,-15.0
3778,medium,3,10.0,2.0,9.3,A,-100.0
3779,high,2,4.0,12.0,3.8,A,-18.0
3780,medium,3,5.0,8.0,6.5,B,-18.3
3781,none,0,14.0,9.0,4.9,C,-100.0
3782,high,3,,13.0,2.4,C,
3783,high,1,7.0,20.0,2.2,A,-100.0
3784,high,2,3.0,0.0,5.8,A,-15.4
3785,low,3,14.0,5.0,4.3,B,-100.0
3786,low,1,8.0,9.0,9.7,A,-16.6
3787,high,1,14.0,16.0,6.0,C,-100.0
3788,medium,2,1.0,5.0,8.2,D,-8.0
3789,high,2,13.0,19.0,6.2,B,-100.0
3790,low,4,7.0,50.0,9.2,A,-100.0
3791,low,2,12.0,2.0,8.6,D,-100.0
3792,low,0,16.0,31.0,9.4,A,-100.0
3793,high,0,14.0,14.0,8.6,C,-100.0
3794,low,3,18.0,16.0,5.4,C,-100.0
3795,medium,1,11.0,47.0,7.5,A,-100.0
3796,high,3,3.0,7.0,3.2,A,-19.1
3797,high,1,5.0,4.0,2.2,A,-18.1
3798,low,2,19.0,33.0,6.2,A,-100.0
3799,medium,0,5.0,4.0,8.3,A,-10.0
3800,low,1,9.0,15.0,9.3,C,-18.5
3801,high,0,5.0,2.0,5.0,B,-14.3
3802,low,0,3.0,4.0,9.6,A,-5.4
3803,medium,2,9.0,11.0,4.7,A,-100.0
3804,low,3,8.0,29.0,8.3,A,-100.0
3805,none,1,8.0,2.0,8.5,A,-17.9
3806,medium,1,5.0,2.0,9.7,C,-11.8
3807,medium,5,14.0,29.0,4.7,A,-100.0
3808,high,1,19.0,9.0,8.2,A,-100.0
3809,medium,2,12.0,38.0,4.5,A,-100.0
3810,low,2,7.0,3.0,4.5,B,-20.0
3811,low,1,11.0,3.0,9.6,A,-100.0
3812,high,1,8.0,16.0,8.6,A,-100.0
3813,none,1,10.0,18.0,4.1,D,-100.0
3814,low,1,6.0,24.0,8.4,A,-13.6
3815,low,6,2.0,3.0,7.6,A,-19.7
3816,none,2,12.0,0.0,4.3,A,-100.0
3817,medium,1,5.0,22.0,8.3,A,-12.3
3818,medium,2,12.0,7.0,2.9,A,-100.0
3819,high,0,3.0,7.0,8.8,A,-8.8
3820,high,1,15.0,9.0,2.5,B,-100.0
3821,medium,2,2.0,36.0,3.6,A,-11.7
3822,medium,0,22.0,15.0,5.1,A,-100.0
3823,high,2,7.0,9.0,9.1,A,-100.0
3824,high,0,,15.0,9.9,C,
3825,low,3,5.0,4.0,1.1,A,-100.0
3826,high,1,11.0,9.0,2.5,C,-100.0
3827,medium,2,7.0,0.0,9.6,A,-17.9
3828,medium,0,5.0,1.0,5.2,A,-11.5
3829,high,0,3.0,3.0,2.5,A,-12.0
3830,high,4,5.0,10.0,1.9,A,-100.0
3831,high,3,10.0,10.0,2.3,A,-100.0
3832,high,3,15.0,7.0,8.9,A,-100.0
3833,low,1,21.0,8.0,9.2,C,-100.0
3834,low,0,24.0,5.0,4.9,A,-100.0
3835,none,0,3.0,14.0,7.3,B,-7.1
3836,low,4,3.0,20.0,2.6,A,-18.8
3837,low,2,2.0,1.0,3.2,C,-11.9
3838,high,3,10.0,27.0,8.5,A,-100.0
3839,high,1,23.0,17.0,2.0,A,-100.0
3840,low,3,6.0,1.0,3.5,A,-100.0
3841,medium,1,19.0,4.0,2.5,A,-100.0
3842,low,6,7.0,0.0,2.9,A,-100.0
3843,low,1,10.0,24.0,8.7,A,-100.0
3844,low,0,19.0,6.0,8.5,B,-100.0
3845,high,2,5.0,19.0,2.7,D,-100.0
3846,low,0,5.0,5.0,5.6,A,-10.9
3847,high,2,11.0,2.0,9.7,D,-100.0
3848,none,0,34.0,20.0,9.8,A,-100.0
3849,low,1,17.0,9.0,2.3,A,-100.0
3850,low,1,10.0,25.0,9.6,C,-20.0
3851,low,0,3.0,2.0,3.2,C,-8.7
3852,low,1,3.0,5.0,9.5,A,-8.0
3853,high,2,1.0,39.0,5.9,A,-11.4
3854,high,1,6.0,24.0,1.9,A,-19.8
3855,high,2,5.0,1.0,9.6,C,-17.0
3856,none,1,7.0,31.0,3.8,A,-18.2
3857,low,0,6.0,34.0,3.1,A,-13.6
3858,high,0,4.0,11.0,2.6,A,-13.6
3859,none,1,9.0,12.0,4.7,C,-100.0
3860,high,0,5.0,14.0,4.2,A,-14.5
3861,low,2,11.0,37.0,4.3,A,-100.0
3862,low,1,18.0,38.0,3.5,A,-100.0
3863,none,1,11.0,5.0,9.6,B,-100.0
3864,none,3,9.0,5.0,6.5,A,-100.0
3865,low,2,3.0,5.0,3.8,A,-13.3
3866,none,1,6.0,12.0,8.7,A,-14.2
3867,high,1,9.0,13.0,8.6,A,-100.0
3868,low,1,5.0,13.0,8.5,A,-11.9
3869,high,2,10.0,1.0,8.9,A,-100.0
3870,low,1,1.0,7.0,1.5,A,-8.5
3871,high,4,29.0,5.0,8.9,A,-100.0
3872,high,0,7.0,6.0,7.9,A,-16.3
3873,low,3,5.0,15.0,7.0,C,-17.6
3874,low,2,1.0,4.0,4.4,A,-9.5
3875,low,0,7.0,11.0,9.9,A,-12.2
3876,high,2,6.0,8.0,8.9,A,-19.0
3877,,1,10.0,19.0,1.9,A,-100.0
3878,high,2,8.0,1.0,9.7,A,-100.0
3879,low,2,9.0,4.0,2.1,A,-100.0
3880,medium,2,6.0,2.0,9.5,A,-16.1
3881,none,1,4.0,4.0,5.0,A,-12.6
3882,low,0,32.0,2.0,8.1,A,-100.0
3883,high,2,18.0,7.0,4.8,A,-100.0
3884,high,0,19.0,5.0,8.3,C,-100.0
3885,low,1,7.0,9.0,3.7,A,-17.8
3886,low,2,26.0,0.0,5.8,A,-100.0
3887,medium,3,9.0,19.0,7.4,A,-100.0
3888,high,3,35.0,1.0,2.6,A,-100.0
3889,medium,2,9.0,7.0,6.1,C,-100.0
3890,none,0,11.0,0.0,3.0,A,-100.0
3891,high,4,6.0,1.0,9.5,D,-100.0
3892,none,2,22.0,15.0,8.5,D,-100.0
3893,low,0,3.0,12.0,3.8,C,-8.3
3894,none,2,10.0,5.0,8.3,C,-100.0
3895,none,2,3.0,32.0,3.5,A,-13.8
3896,none,0,7.0,18.0,1.9,A,-16.7
3897,medium,1,2.0,20.0,8.2,C,-7.1
3898,medium,0,20.0,3.0,3.7,A,-100.0
3899,,0,15.0,14.0,1.9,A,-100.0
3900,low,1,4.0,3.0,1.7,A,-13.6
3901,medium,1,2.0,1.0,9.9,A,-6.4
3902,none,0,14.0,18.0,6.1,A,-100.0
3903,medium,1,2.0,15.0,1.4,A,-10.5
3904,medium,1,19.0,46.0,2.6,D,-100.0
3905,high,3,16.0,10.0,7.0,A,-100.0
3906,medium,2,5.0,26.0,8.1,A,-14.8
3907,low,3,14.0,3.0,3.7,C,-100.0
3908,high,2,8.0,10.0,3.3,C,-100.0
3909,low,3,3.0,20.0,8.2,C,-13.5
3910,low,1,3.0,5.0,1.5,A,-12.0
3911,none,1,3.0,4.0,8.9,B,-8.9
3912,medium,3,26.0,2.0,2.7,C,-100.0
3913,medium,0,3.0,8.0,9.7,C,-5.7
3914,high,1,4.0,2.0,8.7,A,-13.2
3915,none,1,26.0,10.0,9.2,A,-100.0
3916,low,2,24.0,5.0,5.8,A,-100.0
3917,low,3,16.0,5.0,5.0,A,-100.0
3918,none,1,8.0,11.0,8.6,A,-17.7
3919,none,2,7.0,24.0,1.7,A,-100.0
3920,medium,2,10.0,11.0,7.6,A,-100.0
3921,low,1,36.0,6.0,2.3,A,-100.0
3922,high,4,13.0,3.0,3.5,C,-100.0
3923,low,0,1.0,25.0,8.6,C,-2.2
3924,low,0,6.0,18.0,8.6,A,-11.1
3925,medium,2,7.0,45.0,9.1,B,-17.6
3926,medium,1,11.0,3.0,6.9,B,-100.0
3927,high,2,2.0,2.0,8.7,A,-12.2
3928,high,5,11.0,0.0,9.3,A,-100.0
3929,medium,3,19.0,5.0,4.7,A,-100.0
3930,high,2,10.0,5.0,8.6,C,-100.0
3931,none,1,12.0,9.0,9.4,A,-100.0
3932,high,0,7.0,8.0,9.1,A,-15.6
3933,high,2,11.0,5.0,9.8,B,-100.0
3934,medium,1,4.0,17.0,8.4,A,-10.5
3935,high,1,3.0,3.0,8.1,C,-11.7
3936,none,0,5.0,30.0,9.8,B,-9.2
3937,high,0,12.0,1.0,8.4,C,-100.0
3938,high,0,8.0,1.0,7.1,A,-18.5
3939,high,2,3.0,11.0,3.6,D,-16.4
3940,high,1,3.0,17.0,8.8,A,-11.2
3941,low,2,10.0,3.0,3.6,A,-100.0
3942,high,0,11.0,8.0,4.1,A,-100.0
3943,high,7,22.0,38.0,1.2,A,-100.0
3944,high,0,2.0,12.0,4.9,A,-9.0
3945,high,3,4.0,29.0,5.0,A,-19.7
3946,high,3,2.0,30.0,9.8,A,-13.8
3947,high,0,12.0,1.0,1.4,B,-100.0
3948,high,0,4.0,16.0,2.3,A,-13.7
3949,medium,1,13.0,15.0,5.5,B,-100.0
3950,high,2,5.0,17.0,7.2,A,-18.0
3951,high,1,17.0,3.0,1.8,A,-100.0
3952,medium,0,8.0,3.0,8.7,A,-15.0
3953,,0,12.0,12.0,7.5,A,-100.0
3954,low,2,1.0,5.0,9.1,A,-7.2
3955,low,0,24.0,8.0,9.2,C,-100.0
3956,low,2,31.0,6.0,9.0,A,-100.0
3957,medium,4,11.0,4.0,5.7,C,-100.0
3958,low,1,12.0,3.0,1.6,A,-100.0
3959,medium,1,9.0,11.0,6.8,A,-100.0
3960,low,1,10.0,14.0,5.2,A,-100.0
3961,low,0,0.0,10.0,9.4,A,-0.2
3962,medium,1,7.0,10.0,8.7,A,-15.7
3963,low,1,5.0,19.0,10.0,A,-11.1
3964,medium,2,25.0,7.0,6.9,A,-100.0
3965,medium,4,4.0,17.0,9.1,A,-17.7
3966,low,0,10.0,6.0,5.3,A,-19.8
3967,none,2,19.0,0.0,5.6,C,-100.0
3968,none,1,4.0,33.0,9.0,C,-10.3
3969,none,3,2.0,2.0,5.5,A,-13.9
3970,medium,0,8.0,9.0,1.6,A,-18.5
3971,medium,3,9.0,6.0,9.0,A,-100.0
3972,medium,0,9.0,3.0,1.5,A,-100.0
3973,low,2,9.0,8.0,2.6,A,-100.0
3974,medium,2,3.0,1.0,6.8,C,-12.2
3975,low,2,9.0,26.0,6.0,A,-100.0
3976,low,1,8.0,7.0,1.6,A,-100.0
3977,low,1,6.0,23.0,9.1,A,-13.2
3978,low,1,16.0,16.0,2.3,A,-100.0
3979,high,3,12.0,3.0,4.0,A,-100.0
3980,high,1,10.0,17.0,8.5,A,-100.0
3981,high,2,3.0,20.0,3.1,A,-16.5
3982,high,6,13.0,2.0,5.8,A,-100.0
3983,medium,1,12.0,2.0,8.7,B,-100.0
3984,high,0,13.0,19.0,6.1,A,-100.0
3985,medium,3,11.0,28.0,9.5,A,-100.0
3986,medium,1,9.0,19.0,9.7,C,-18.6
3987,low,1,9.0,19.0,4.6,A,-100.0
3988,medium,3,3.0,12.0,1.2,A,-17.4
3989,medium,0,7.0,2.0,3.3,A,-16.0
3990,low,4,13.0,16.0,9.2,A,-100.0
3991,none,3,11.0,11.0,9.3,C,-100.0
3992,low,2,6.0,28.0,1.7,C,-19.4
3993,medium,0,26.0,13.0,2.1,C,-100.0
3994,medium,1,12.0,11.0,8.8,A,-100.0
3995,medium,0,28.0,6.0,2.7,A,-100.0
3996,medium,0,20.0,23.0,8.3,C,-100.0
3997,low,1,6.0,21.0,9.0,A,-13.3
3998,medium,0,20.0,19.0,8.0,A,-100.0
3999,,4,6.0,7.0,8.3,A,-100.0
4000,none,1,2.0,18.0,8.3,A,-7.3
4001,high,1,6.0,22.0,9.9,A,-15.9
4002,medium,0,10.0,4.0,1.3,A,-100.0
4003,low,3,10.0,10.0,4.6,A,-100.0
4004,none,2,10.0,22.0,9.2,A,-100.0
4005,high,0,8.0,9.0,4.3,C,-19.8
4006,medium,2,1.0,40.0,3.3,A,-10.1
4007,none,4,8.0,2.0,9.2,D,-100.0
4008,low,1,9.0,15.0,8.6,A,-18.8
4009,high,0,1.0,11.0,6.0,A,-6.7
4010,medium,0,8.0,7.0,3.6,A,-17.5
4011,high,1,33.0,12.0,3.8,A,-100.0
4012,,1,9.0,15.0,9.5,A,-19.0
4013,medium,3,21.0,6.0,8.7,A,-100.0
4014,none,1,8.0,12.0,3.2,C,-100.0
4015,high,1,15.0,36.0,8.5,C,-100.0
4016,medium,3,9.0,7.0,8.3,A,-100.0
4017,medium,0,11.0,17.0,2.2,A,-100.0
4018,low,2,5.0,1.0,3.2,C,-17.2
4019,high,1,11.0,0.0,9.4,A,-100.0
4020,medium,4,10.0,13.0,9.7,A,-100.0
4021,low,1,11.0,0.0,7.6,D,-100.0
4022,none,2,13.0,3.0,8.0,A,-100.0
4023,low,1,28.0,1.0,6.0,A,-100.0
4024,none,3,6.0,18.0,9.9,A,-18.5
4025,medium,3,19.0,2.0,8.5,A,-100.0
4026,low,1,5.0,28.0,8.4,D,-11.8
4027,high,1,6.0,9.0,9.4,A,-16.2
4028,low,1,17.0,11.0,7.0,A,-100.0
4029,high,1,11.0,10.0,6.7,C,-100.0
4030,medium,1,17.0,27.0,4.6,A,-100.0
4031,high,1,3.0,7.0,1.7,A,-14.9
4032,high,2,12.0,1.0,3.4,A,-100.0
4033,none,1,40.0,3.0,3.0,B,-100.0
4034,none,0,5.0,21.0,2.2,A,-13.1
4035,medium,1,10.0,26.0,9.9,A,-100.0
4036,medium,2,11.0,1.0,2.6,A,-100.0
4037,high,4,11.0,22.0,5.6,A,-100.0
4038,low,3,6.0,6.0,8.5,B,-18.7
4039,medium,1,6.0,5.0,8.0,A,-14.3
4040,low,2,7.0,31.0,5.5,C,-19.2
4041,low,2,1.0,5.0,6.6,A,-8.4
4042,high,0,8.0,10.0,1.2,A,-100.0
4043,low,0,13.0,3.0,6.9,C,-100.0
4044,medium,1,9.0,2.0,2.1,A,-100.0
4045,medium,2,5.0,10.0,9.7,A,-14.2
4046,none,0,15.0,11.0,9.4,A,-100.0
4047,high,0,2.0,1.0,1.7,A,-10.7
4048,medium,5,5.0,6.0,4.4,A,-100.0
4049,medium,1,27.0,1.0,,D,
4050,high,2,9.0,1.0,7.0,C,-100.0
4051,high,3,3.0,3.0,6.7,B,-17.4
4052,high,3,3.0,17.0,7.0,D,-17.1
4053,medium,2,5.0,50.0,1.7,A,-17.8
4054,low,2,5.0,1.0,9.0,A,-14.3
4055,medium,2,2.0,17.0,8.3,A,-9.6
4056,low,0,6.0,7.0,7.2,A,-11.9
4057,none,2,10.0,3.0,4.1,A,-100.0
4058,high,1,9.0,26.0,9.2,A,-100.0
4059,medium,1,9.0,1.0,6.6,C,-100.0
4060,low,2,15.0,9.0,1.9,B,-100.0
4061,medium,1,27.0,1.0,2.8,C,-100.0
4062,medium,1,8.0,1.0,2.5,A,-100.0
4063,low,0,12.0,5.0,2.5,B,-100.0
4064,medium,1,8.0,2.0,5.6,C,-19.1
4065,none,0,17.0,1.0,8.8,A,-100.0
4066,low,1,5.0,5.0,8.4,D,-12.0
4067,low,0,6.0,18.0,7.8,C,-11.4
4068,low,1,2.0,13.0,9.6,A,-6.1
4069,low,2,7.0,50.0,5.1,A,-19.2
4070,medium,1,1.0,16.0,,A,
4071,medium,2,25.0,6.0,1.3,A,-100.0
4072,low,1,12.0,26.0,8.0,A,-100.0
4073,high,2,13.0,13.0,3.2,A,-100.0
4074,low,2,10.0,4.0,8.5,A,-100.0
4075,high,0,19.0,19.0,3.0,A,-100.0
4076,low,2,2.0,25.0,9.3,A,-8.6
4077,medium,0,11.0,5.0,8.0,C,-100.0
4078,medium,1,7.0,1.0,5.0,C,-17.6
4079,low,2,,11.0,8.7,C,
4080,low,0,11.0,19.0,9.6,C,-19.3
4081,high,0,4.0,41.0,7.1,D,-11.1
4082,low,3,33.0,8.0,5.1,A,-100.0
4083,high,1,8.0,15.0,7.9,C,-100.0
4084,medium,2,13.0,12.0,3.5,C,-100.0
4085,medium,3,17.0,2.0,8.8,A,-100.0
4086,high,1,10.0,11.0,9.2,A,-100.0
4087,low,1,9.0,2.0,5.6,A,-100.0
4088,medium,2,8.0,13.0,6.5,B,-100.0
4089,low,4,8.0,10.0,1.9,A,-100.0
4090,low,1,11.0,15.0,2.4,A,-100.0
4091,low,0,21.0,11.0,4.0,B,-100.0
4092,high,0,5.0,18.0,6.7,A,-13.2
4093,medium,2,8.0,2.0,4.6,B,-100.0
4094,low,1,11.0,28.0,4.3,A,-100.0
4095,medium,1,6.0,19.0,9.5,A,-13.5
4096,high,3,9.0,20.0,8.2,A,-100.0
4097,none,5,24.0,8.0,8.3,A,-100.0
4098,medium,0,4.0,16.0,1.7,A,-11.4
4099,medium,4,11.0,1.0,9.8,C,-100.0
4100,medium,3,16.0,10.0,1.3,A,-100.0
4101,high,1,3.0,20.0,9.9,C,-10.6
4102,high,0,6.0,11.0,2.5,C,-17.2
4103,high,2,9.0,12.0,6.6,B,-100.0
4104,medium,4,20.0,7.0,8.2,B,-100.0
4105,none,2,27.0,19.0,9.3,A,-100.0
4106,medium,5,3.0,5.0,1.5,C,-100.0
4107,low,2,7.0,1.0,2.8,D,-100.0
4108,low,2,3.0,1.0,1.3,B,-14.6
4109,none,0,8.0,8.0,1.7,C,-18.7
4110,high,3,19.0,22.0,9.7,D,-100.0
4111,high,3,11.0,8.0,3.6,B,-100.0
4112,high,0,20.0,48.0,10.0,A,-100.0
4113,high,1,12.0,6.0,4.6,A,-100.0
4114,high,0,9.0,1.0,7.0,A,-100.0
4115,medium,2,25.0,6.0,2.4,A,-100.0
4116,medium,0,4.0,8.0,9.3,A,-7.7
4117,high,2,8.0,24.0,8.9,A,-100.0
4118,low,1,15.0,15.0,3.3,C,-100.0
4119,high,3,33.0,23.0,8.1,C,-100.0
4120,none,2,15.0,14.0,5.2,A,-100.0
4121,high,2,11.0,3.0,9.1,A,-100.0
4122,high,1,4.0,10.0,9.8,A,-12.5
4123,high,1,8.0,5.0,9.8,B,-19.6
4124,high,1,15.0,12.0,4.3,B,-100.0
4125,none,2,4.0,2.0,9.3,A,-13.0
4126,none,1,8.0,3.0,1.1,A,-100.0
4127,low,1,16.0,5.0,9.3,A,-100.0
4128,low,0,13.0,1.0,2.0,A,-100.0
4129,low,4,15.0,50.0,9.3,A,-100.0
4130,medium,2,8.0,10.0,8.6,A,-20.0
4131,medium,3,2.0,3.0,1.8,C,-15.5
4132,none,1,11.0,4.0,9.4,A,-100.0
4133,none,3,6.0,1.0,2.0,A,-100.0
4134,high,0,12.0,5.0,8.4,A,-100.0
4135,medium,0,14.0,11.0,7.0,D,-100.0
4136,medium,1,11.0,7.0,8.8,A,-100.0
4137,high,0,2.0,36.0,8.8,A,-6.8
4138,medium,2,5.0,18.0,1.2,A,-18.4
4139,none,1,8.0,4.0,3.0,B,-100.0
4140,high,0,17.0,19.0,7.3,A,-100.0
4141,medium,2,17.0,11.0,2.5,C,-100.0
4142,medium,0,5.0,5.0,3.1,A,-12.6
4143,low,1,6.0,23.0,8.3,C,-13.6
4144,high,0,2.0,15.0,2.4,A,-10.2
4145,none,3,4.0,2.0,8.6,A,-15.8
4146,none,1,4.0,4.0,10.0,A,-10.1
4147,medium,3,6.0,16.0,7.8,A,-19.3
4148,high,1,18.0,2.0,7.7,A,-100.0
4149,low,2,7.0,20.0,9.7,A,-17.2
4150,high,1,,0.0,9.9,C,
4151,high,3,11.0,2.0,1.2,C,-100.0
4152,low,2,0.0,3.0,5.1,A,-7.4
4153,high,5,8.0,10.0,3.7,C,-100.0
4154,high,0,8.0,6.0,1.2,A,-100.0
4155,medium,1,8.0,16.0,3.3,A,-100.0
4156,low,0,8.0,4.0,5.3,B,-16.3
4157,none,2,3.0,4.0,3.4,C,-14.1
4158,low,1,11.0,25.0,4.4,C,-100.0
4159,high,3,3.0,8.0,9.4,A,-16.0
4160,medium,1,2.0,30.0,8.4,C,-6.9
4161,none,3,4.0,7.0,1.6,A,-19.3
4162,high,1,3.0,16.0,5.2,C,-13.0
4163,high,4,3.0,0.0,1.4,C,-100.0
4164,low,1,10.0,8.0,1.1,A,-100.0
4165,high,2,12.0,13.0,5.0,A,-100.0
4166,none,0,0.0,13.0,5.0,A,-3.0
4167,low,2,8.0,10.0,9.4,A,-19.2
4168,high,1,8.0,14.0,8.8,C,-20.0
4169,low,1,20.0,16.0,6.2,A,-100.0
4170,high,3,11.0,42.0,8.5,A,-100.0
4171,low,2,11.0,6.0,8.3,A,-100.0
4172,none,4,26.0,3.0,5.9,C,-100.0
4173,medium,0,23.0,28.0,3.1,C,-100.0
4174,medium,1,1.0,5.0,8.8,A,-5.2
4175,low,1,3.0,4.0,6.6,A,-9.4
4176,low,0,10.0,15.0,8.4,A,-18.2
4177,medium,2,8.0,7.0,5.5,C,-100.0
4178,medium,1,11.0,5.0,8.4,C,-100.0
4179,low,0,5.0,1.0,6.9,C,-10.3
4180,medium,1,3.0,0.0,1.2,A,-12.6
4181,high,2,10.0,34.0,5.0,C,-100.0
4182,high,3,7.0,12.0,6.9,A,-100.0
4183,high,2,4.0,3.0,8.8,A,-15.6
4184,low,3,10.0,2.0,8.8,A,-100.0
4185,medium,2,4.0,6.0,7.3,A,-13.7
4186,high,1,5.0,12.0,3.9,A,-17.2
4187,high,2,18.0,13.0,9.4,C,-100.0
4188,none,1,15.0,4.0,2.0,A,-100.0
4189,high,1,7.0,14.0,9.2,A,-18.0
4190,medium,1,17.0,40.0,9.3,B,-100.0
4191,low,3,7.0,17.0,10.0,A,-19.6
4192,low,2,4.0,12.0,8.8,C,-12.5
4193,low,1,15.0,11.0,4.7,D,-100.0
4194,none,0,6.0,40.0,5.7,A,-12.9
4195,low,0,15.0,13.0,6.1,A,-100.0
4196,none,3,7.0,23.0,2.7,A,-100.0
4197,high,2,8.0,37.0,7.6,C,-100.0
4198,none,2,8.0,12.0,7.8,C,-100.0
4199,high,2,9.0,9.0,4.8,A,-100.0
4200,medium,2,14.0,0.0,8.1,A,-100.0
4201,high,1,16.0,16.0,4.1,A,-100.0
4202,low,1,15.0,19.0,9.3,A,-100.0
4203,medium,1,10.0,21.0,4.7,A,-100.0
4204,medium,0,10.0,2.0,9.1,A,-18.3
4205,none,3,5.0,24.0,6.0,A,-18.6
4206,low,1,20.0,13.0,2.5,A,-100.0
4207,high,2,9.0,12.0,1.4,A,-100.0
4208,low,0,4.0,12.0,8.8,A,-7.5
4209,low,1,12.0,0.0,8.3,A,-100.0
4210,high,1,19.0,21.0,8.1,C,-100.0
4211,high,3,10.0,3.0,7.5,A,-100.0
4212,low,2,8.0,2.0,9.5,D,-19.3
4213,none,2,1.0,50.0,9.6,A,-7.1
4214,high,3,7.0,31.0,5.3,A,-100.0
4215,high,4,12.0,1.0,8.7,A,-100.0
4216,none,1,5.0,3.0,2.1,A,-15.8
4217,medium,2,3.0,11.0,9.4,B,-10.8
4218,low,1,5.0,5.0,5.9,A,-13.3
4219,low,0,13.0,18.0,4.7,A,-100.0
4220,none,0,2.0,6.0,9.4,A,-4.4
4221,high,1,10.0,28.0,2.0,C,-100.0
4222,none,4,20.0,11.0,8.7,A,-100.0
4223,low,3,4.0,14.0,7.9,A,-15.4
4224,high,2,4.0,1.0,8.7,A,-15.7
4225,medium,2,11.0,0.0,1.2,C,-100.0
4226,medium,1,15.0,11.0,9.1,A,-100.0
4227,low,3,4.0,0.0,5.4,A,-16.8
4228,high,2,14.0,40.0,9.6,A,-100.0
4229,none,0,5.0,9.0,9.5,B,-9.5
4230,medium,1,10.0,6.0,6.3,A,-100.0
4231,low,2,5.0,8.0,9.0,D,-14.2
4232,low,1,25.0,8.0,9.4,B,-100.0
4233,medium,2,5.0,7.0,1.5,A,-18.3
4234,low,2,12.0,13.0,3.3,A,-100.0
4235,none,0,22.0,4.0,2.7,B,-100.0
4236,none,3,5.0,1.0,5.3,A,-19.2
4237,low,0,10.0,50.0,8.2,C,-17.9
4238,low,2,4.0,2.0,2.4,A,-15.8
4239,high,3,6.0,30.0,5.9,D,-100.0
4240,none,2,16.0,50.0,1.5,C,-100.0
4241,none,0,20.0,22.0,2.6,C,-100.0
4242,medium,2,22.0,3.0,5.1,A,-100.0
4243,medium,5,8.0,12.0,4.8,A,-100.0
4244,medium,0,,5.0,9.0,C,
4245,medium,2,14.0,13.0,7.8,C,-100.0
4246,low,1,38.0,13.0,7.4,B,-100.0
4247,low,3,7.0,2.0,4.7,A,-100.0
4248,low,2,3.0,13.0,9.4,A,-10.5
4249,high,2,1.0,8.0,,A,
4250,low,0,11.0,11.0,6.8,A,-100.0
4251,high,3,18.0,3.0,9.4,A,-100.0
4252,low,0,2.0,2.0,1.8,A,-7.6
4253,none,2,12.0,14.0,9.8,A,-100.0
4254,none,2,13.0,13.0,8.9,A,-100.0
4255,low,3,1.0,8.0,,D,
4256,high,3,8.0,9.0,9.9,A,-100.0
4257,high,1,8.0,6.0,5.1,A,-100.0
4258,medium,0,,39.0,6.2,C,
4259,low,0,9.0,6.0,1.3,A,-100.0
4260,high,2,5.0,6.0,8.6,B,-17.4
4261,low,2,15.0,12.0,4.4,A,-100.0
4262,low,0,3.0,10.0,6.4,A,-7.0
4263,high,1,6.0,4.0,8.7,A,-16.6
4264,low,0,17.0,15.0,8.7,B,-100.0
4265,high,2,6.0,0.0,6.1,A,-100.0
4266,low,0,5.0,6.0,8.4,A,-9.5
4267,medium,1,7.0,3.0,3.9,B,-18.2
4268,high,1,2.0,2.0,6.5,A,-10.8
4269,medium,6,16.0,16.0,8.1,A,-100.0
4270,low,2,9.0,28.0,1.7,D,-100.0
4271,none,0,5.0,0.0,1.5,A,-13.6
4272,medium,0,15.0,3.0,5.5,C,-100.0
4273,low,0,5.0,0.0,9.0,C,-9.3
4274,none,1,9.0,7.0,6.2,A,-100.0
4275,high,0,21.0,2.0,1.5,A,-100.0
4276,low,2,16.0,4.0,9.6,A,-100.0
4277,low,3,6.0,7.0,8.8,A,-18.5
4278,low,3,21.0,4.0,7.7,A,-100.0
4279,low,1,9.0,7.0,9.9,C,-18.2
4280,none,0,4.0,1.0,8.6,A,-8.3
4281,high,3,22.0,1.0,8.9,C,-100.0
4282,medium,1,3.0,26.0,5.8,D,-10.0
4283,high,1,11.0,15.0,5.4,A,-100.0
4284,high,1,6.0,0.0,5.3,A,-18.4
4285,none,0,22.0,1.0,5.8,A,-100.0
4286,medium,1,7.0,17.0,2.1,A,-18.9
4287,medium,1,,0.0,9.0,C,
4288,medium,3,11.0,21.0,3.1,A,-100.0
4289,high,4,7.0,4.0,4.7,A,-100.0
4290,low,2,15.0,50.0,4.7,C,-100.0
4291,low,3,14.0,26.0,3.6,D,-100.0
4292,high,1,10.0,4.0,9.1,A,-100.0
4293,low,2,12.0,3.0,1.5,D,-100.0
4294,high,2,,0.0,3.7,C,
4295,none,4,4.0,11.0,3.4,C,-100.0
4296,medium,3,22.0,19.0,8.2,A,-100.0
4297,high,2,15.0,9.0,3.3,A,-100.0
4298,low,0,14.0,8.0,3.3,A,-100.0
4299,high,2,,2.0,2.5,C,
4300,low,1,9.0,4.0,5.7,A,-100.0
4301,low,1,15.0,5.0,6.3,A,-100.0
4302,high,2,7.0,23.0,7.9,C,-100.0
4303,low,1,19.0,0.0,3.1,A,-100.0
4304,high,3,2.0,4.0,8.7,D,-14.6
4305,high,2,5.0,6.0,9.8,A,-16.8
4306,high,0,16.0,4.0,8.4,B,-100.0
4307,none,1,11.0,4.0,3.1,C,-100.0
4308,high,0,8.0,17.0,1.9,A,-100.0
4309,low,1,11.0,7.0,8.9,C,-100.0
4310,low,2,21.0,2.0,3.4,C,-100.0
4311,medium,5,8.0,8.0,10.0,C,-100.0
4312,none,0,9.0,18.0,3.5,A,-19.4
4313,none,1,7.0,3.0,9.3,A,-15.7
4314,high,0,2.0,9.0,2.5,B,-10.2
4315,high,1,4.0,15.0,4.4,A,-15.2
4316,medium,3,11.0,8.0,3.7,A,-100.0
4317,high,2,4.0,1.0,9.8,C,-15.1
4318,none,1,6.0,3.0,2.3,D,-17.5
4319,none,4,2.0,22.0,9.6,A,-14.1
4320,low,3,5.0,2.0,9.5,C,-16.5
4321,high,2,7.0,16.0,5.3,C,-100.0
4322,high,0,6.0,23.0,9.9,A,-13.3
4323,none,2,4.0,2.0,4.2,A,-15.5
4324,low,1,7.0,8.0,9.3,A,-15.0
4325,low,1,5.0,3.0,8.1,A,-12.2
4326,medium,1,2.0,27.0,2.2,B,-10.0
4327,low,2,13.0,8.0,5.3,C,-100.0
4328,none,1,11.0,7.0,2.2,D,-100.0
4329,low,2,36.0,47.0,6.4,A,-100.0
4330,medium,0,13.0,4.0,7.7,A,-100.0
4331,low,0,0.0,9.0,7.6,B,-1.1
4332,low,1,7.0,9.0,8.7,A,-15.3
4333,low,1,1.0,40.0,9.5,B,-4.1
4334,low,3,7.0,13.0,8.9,A,-100.0
4335,high,0,12.0,0.0,4.3,A,-100.0
4336,high,1,10.0,33.0,2.4,A,-100.0
4337,medium,1,3.0,23.0,8.6,A,-8.6
4338,low,3,6.0,4.0,9.5,A,-18.2
4339,none,1,8.0,5.0,2.3,A,-100.0
4340,low,4,7.0,4.0,2.8,C,-100.0
4341,medium,2,16.0,3.0,1.9,A,-100.0
4342,low,1,5.0,12.0,1.8,A,-15.3
4343,medium,2,4.0,5.0,2.7,A,-16.0
4344,high,2,3.0,4.0,4.9,A,-15.8
4345,high,0,11.0,5.0,1.2,A,-100.0
4346,high,0,16.0,30.0,4.4,B,-100.0
4347,medium,0,6.0,1.0,9.9,C,-10.9
4348,medium,2,25.0,1.0,3.0,C,-100.0
4349,none,3,8.0,5.0,4.4,C,-100.0
4350,medium,1,12.0,19.0,4.9,B,-100.0
4351,medium,1,5.0,6.0,5.7,C,-13.7
4352,high,4,17.0,1.0,4.5,A,-100.0
4353,low,2,13.0,3.0,1.2,A,-100.0
4354,low,1,5.0,1.0,8.2,A,-12.2
4355,none,1,22.0,1.0,5.5,A,-100.0
4356,none,2,14.0,19.0,9.4,D,-100.0
4357,low,1,4.0,17.0,5.1,C,-11.8
4358,low,0,8.0,24.0,8.7,A,-14.4
4359,high,0,5.0,21.0,5.2,A,-14.0
4360,low,1,40.0,8.0,5.1,A,-100.0
4361,low,2,12.0,9.0,4.9,A,-100.0
4362,low,1,35.0,1.0,1.4,A,-100.0
4363,low,2,16.0,3.0,8.3,A,-100.0
4364,low,2,9.0,1.0,5.9,A,-100.0
4365,none,0,8.0,0.0,8.9,C,-15.2
4366,medium,2,14.0,17.0,3.0,A,-100.0
4367,medium,0,3.0,2.0,9.8,D,-5.7
4368,medium,0,0.0,1.0,1.4,A,-4.7
4369,none,2,18.0,6.0,4.3,A,-100.0
4370,medium,5,16.0,25.0,1.7,A,-100.0
4371,low,2,13.0,0.0,1.6,A,-100.0
4372,low,1,14.0,3.0,1.6,A,-100.0
4373,low,3,3.0,16.0,9.7,C,-12.8
4374,none,1,22.0,5.0,8.4,A,-100.0
4375,low,2,16.0,25.0,9.7,A,-100.0
4376,high,1,22.0,8.0,4.6,A,-100.0
4377,medium,2,7.0,4.0,5.4,A,-19.9
4378,low,3,9.0,4.0,8.4,A,-100.0
4379,medium,0,27.0,18.0,5.8,C,-100.0
4380,low,2,7.0,16.0,9.6,A,-17.3
4381,low,1,13.0,1.0,7.4,C,-100.0
4382,medium,3,35.0,0.0,8.4,C,-100.0
4383,high,0,4.0,14.0,8.2,C,-10.8
4384,low,1,9.0,1.0,6.3,A,-100.0
4385,medium,2,1.0,10.0,9.7,A,-7.2
4386,medium,2,12.0,9.0,3.7,A,-100.0
4387,low,3,27.0,29.0,8.0,A,-100.0
4388,high,2,24.0,25.0,1.8,C,-100.0
4389,medium,1,6.0,50.0,7.0,B,-14.4
4390,low,1,9.0,19.0,9.8,C,-18.2
4391,high,4,3.0,1.0,10.0,A,-18.3
4392,low,5,15.0,11.0,9.5,D,-100.0
4393,high,4,10.0,2.0,9.5,A,-100.0
4394,high,2,14.0,3.0,9.7,A,-100.0
4395,medium,0,2.0,8.0,1.0,B,-8.3
4396,high,3,11.0,0.0,1.3,A,-100.0
4397,high,0,15.0,7.0,6.6,C,-100.0
4398,medium,1,5.0,0.0,9.5,A,-11.9
4399,none,1,4.0,4.0,3.2,A,-13.5
4400,medium,3,19.0,15.0,1.3,B,-100.0
4401,none,7,5.0,34.0,5.1,A,-100.0
4402,medium,0,2.0,10.0,,A,
4403,high,3,2.0,38.0,9.6,A,-13.9
4404,low,2,2.0,9.0,5.9,A,-10.5
4405,medium,1,1.0,11.0,9.7,A,-4.7
4406,medium,3,2.0,9.0,7.1,A,-12.8
4407,high,0,6.0,2.0,4.2,A,-16.4
4408,high,0,27.0,24.0,5.2,A,-100.0
4409,low,0,13.0,21.0,2.3,B,-100.0
4410,medium,1,24.0,50.0,8.5,D,-100.0
4411,low,4,7.0,8.0,9.7,A,-100.0
4412,high,3,14.0,28.0,9.7,C,-100.0
4413,none,4,25.0,15.0,2.5,A,-100.0
4414,medium,3,5.0,2.0,3.8,B,-19.7
4415,medium,1,28.0,29.0,3.1,B,-100.0
4416,medium,1,23.0,38.0,9.9,C,-100.0
4417,low,2,24.0,1.0,9.9,A,-100.0
4418,low,0,12.0,27.0,8.4,A,-100.0
4419,high,3,14.0,2.0,9.9,A,-100.0
4420,high,6,17.0,11.0,9.3,A,-100.0
4421,low,0,15.0,19.0,8.1,A,-100.0
4422,high,4,10.0,4.0,7.1,A,-100.0
4423,medium,2,11.0,1.0,1.5,A,-100.0
4424,high,1,12.0,12.0,3.7,A,-100.0
4425,low,1,8.0,14.0,7.2,A,-17.8
4426,medium,0,5.0,7.0,9.8,A,-9.2
4427,low,2,17.0,17.0,3.2,C,-100.0
4428,medium,1,15.0,11.0,8.6,C,-100.0
4429,high,2,3.0,19.0,7.4,C,-14.4
4430,none,2,9.0,3.0,6.2,A,-100.0
4431,high,2,12.0,1.0,5.2,B,-100.0
4432,high,1,13.0,14.0,9.7,D,-100.0
4433,low,2,11.0,6.0,3.4,A,-100.0
4434,none,5,20.0,19.0,9.2,A,-100.0
4435,high,1,16.0,7.0,2.5,A,-100.0
4436,,2,4.0,6.0,6.7,A,-14.2
4437,low,3,6.0,1.0,8.9,A,-18.6
4438,high,1,5.0,9.0,9.4,C,-14.5
4439,low,4,9.0,15.0,3.3,C,-100.0
4440,low,0,5.0,7.0,9.8,B,-8.8
4441,none,3,14.0,3.0,9.8,A,-100.0
4442,high,2,12.0,9.0,5.9,C,-100.0
4443,none,3,5.0,21.0,2.7,C,-100.0
4444,none,0,29.0,7.0,1.1,A,-100.0
4445,high,3,10.0,0.0,9.2,C,-100.0
4446,low,2,3.0,9.0,1.6,A,-14.4
4447,medium,1,11.0,17.0,8.3,A,-100.0
4448,medium,0,6.0,0.0,9.0,A,-11.4
4449,high,1,7.0,20.0,2.0,A,-100.0
4450,low,0,13.0,12.0,7.8,C,-100.0
4451,medium,1,3.0,12.0,8.5,A,-8.8
4452,high,1,10.0,8.0,9.6,A,-100.0
4453,high,1,10.0,7.0,9.8,A,-100.0
4454,medium,0,9.0,2.0,8.1,A,-17.1
4455,none,4,12.0,3.0,9.3,A,-100.0
4456,high,4,3.0,0.0,8.1,A,-19.2
4457,low,3,11.0,17.0,9.9,D,-100.0
4458,high,2,10.0,9.0,8.2,A,-100.0
4459,high,2,12.0,4.0,2.5,C,-100.0
4460,high,2,3.0,34.0,4.1,A,-15.9
4461,high,0,4.0,0.0,9.5,A,-10.3
4462,low,1,8.0,1.0,9.7,A,-16.7
4463,high,1,16.0,1.0,4.3,A,-100.0
4464,medium,1,2.0,8.0,9.2,A,-6.7
4465,low,2,9.0,14.0,8.7,C,-100.0
4466,high,3,16.0,6.0,3.6,A,-100.0
4467,low,1,4.0,9.0,2.8,C,-13.0
4468,low,1,7.0,6.0,1.3,B,-19.1
4469,low,3,6.0,6.0,9.3,C,-18.3
4470,low,1,5.0,25.0,8.8,A,-11.6
4471,low,1,,0.0,8.5,C,
4472,low,1,17.0,50.0,9.9,D,-100.0
4473,high,1,8.0,2.0,7.4,B,-100.0
4474,low,1,10.0,11.0,8.6,C,-100.0
4475,high,2,14.0,7.0,8.2,B,-100.0
4476,medium,3,4.0,17.0,7.3,C,-16.1
4477,high,1,7.0,7.0,2.8,C,-100.0
4478,,1,5.0,0.0,6.5,C,-13.6
4479,low,0,4.0,11.0,9.2,A,-7.3
4480,high,1,,29.0,8.3,C,
4481,medium,2,10.0,16.0,1.2,A,-100.0
4482,low,1,2.0,14.0,8.1,A,-6.8
4483,none,2,8.0,3.0,3.9,B,-100.0
4484,high,4,12.0,14.0,9.0,C,-100.0
4485,high,3,14.0,17.0,8.1,A,-100.0
4486,none,0,3.0,11.0,3.4,B,-9.1
4487,high,1,4.0,5.0,9.6,A,-12.7
4488,medium,2,6.0,4.0,2.0,C,-19.9
4489,medium,0,13.0,6.0,3.0,A,-100.0
4490,high,3,9.0,4.0,8.7,A,-100.0
4491,high,1,9.0,4.0,3.1,A,-100.0
4492,medium,1,10.0,29.0,3.5,C,-100.0
4493,low,2,16.0,8.0,8.9,A,-100.0
4494,low,0,12.0,11.0,3.3,A,-100.0
4495,high,1,11.0,6.0,3.3,C,-100.0
4496,none,1,8.0,5.0,2.9,A,-100.0
4497,high,0,11.0,12.0,5.2,A,
4498,medium,2,2.0,10.0,6.9,A,-10.3
4499,low,0,8.0,11.0,6.1,C,-15.9
4500,low,2,13.0,2.0,2.8,B,-100.0
4501,medium,0,9.0,3.0,3.1,B,-19.6
4502,medium,1,14.0,6.0,1.1,B,-100.0
4503,medium,0,12.0,10.0,5.8,A,-100.0
4504,high,0,14.0,4.0,6.1,A,-100.0
4505,high,3,6.0,5.0,3.6,C,-100.0
4506,low,2,10.0,11.0,3.8,D,-100.0
4507,low,1,8.0,20.0,5.5,D,-18.6
4508,none,5,5.0,5.0,4.9,A,-100.0
4509,low,1,6.0,17.0,7.5,A,-14.1
4510,high,1,23.0,14.0,7.3,A,-100.0
4511,high,2,20.0,35.0,9.7,B,-100.0
4512,medium,0,14.0,6.0,5.0,A,-100.0
4513,low,1,18.0,16.0,1.9,A,-100.0
4514,medium,2,7.0,22.0,9.1,A,-17.9
4515,medium,1,5.0,24.0,8.2,C,-12.3
4516,none,1,10.0,0.0,9.0,A,-100.0
4517,high,0,10.0,18.0,7.7,A,-100.0
4518,high,1,15.0,9.0,8.4,A,-100.0
4519,medium,1,1.0,3.0,9.9,C,-4.7
4520,medium,0,11.0,14.0,9.1,A,-20.0
4521,low,1,2.0,19.0,8.4,C,-6.6
4522,none,3,11.0,4.0,9.4,A,-100.0
4523,high,0,5.0,3.0,8.0,A,-12.7
4524,low,0,14.0,3.0,8.8,A,-100.0
4525,low,2,8.0,1.0,5.0,A,-100.0
4526,none,2,3.0,17.0,4.0,A,-13.7
4527,low,2,19.0,11.0,2.5,C,-100.0
4528,medium,2,5.0,3.0,9.2,A,-14.5
4529,high,1,10.0,8.0,4.8,A,-100.0
4530,medium,4,11.0,7.0,5.0,A,-100.0
4531,medium,0,7.0,8.0,9.3,A,-12.9
4532,high,1,5.0,2.0,7.8,A,-15.4
4533,high,3,6.0,6.0,3.8,A,-100.0
4534,high,3,21.0,1.0,9.6,A,-100.0
4535,medium,1,,1.0,4.3,C,
4536,low,0,15.0,9.0,3.1,A,-100.0
4537,none,3,9.0,9.0,5.0,A,-100.0
4538,low,3,6.0,5.0,8.6,A,-18.7
4539,high,3,15.0,6.0,1.9,A,-100.0
4540,none,4,4.0,14.0,8.2,A,-18.4
4541,low,2,13.0,11.0,9.4,A,-100.0
4542,none,1,8.0,4.0,8.3,A,-17.9
4543,medium,1,15.0,12.0,6.7,C,-100.0
4544,low,2,18.0,9.0,6.2,A,-100.0
4545,high,1,0.0,16.0,1.3,A,-9.7
4546,medium,3,22.0,4.0,2.5,A,-100.0
4547,low,0,7.0,14.0,3.8,C,-15.2
4548,high,4,5.0,45.0,4.4,A,-100.0
4549,high,0,12.0,2.0,9.1,A,-100.0
4550,medium,3,2.0,6.0,8.7,A,-12.0
4551,medium,1,5.0,18.0,8.5,A,-12.2
4552,medium,1,16.0,8.0,9.9,A,-100.0
4553,medium,1,14.0,5.0,6.4,A,-100.0
4554,low,0,9.0,17.0,2.0,A,-19.6
4555,low,2,8.0,10.0,9.0,A,-19.4
4556,high,0,25.0,12.0,4.9,A,-100.0
4557,none,0,17.0,2.0,7.5,A,-100.0
4558,low,2,13.0,5.0,9.7,C,-100.0
4559,low,0,3.0,2.0,3.7,A,-8.4
4560,low,0,6.0,3.0,8.5,A,-11.2
4561,medium,2,40.0,6.0,7.7,A,-100.0
4562,low,1,10.0,3.0,7.6,B,-100.0
4563,low,2,5.0,14.0,8.1,A,-14.6
4564,low,0,6.0,0.0,8.5,A,-11.3
4565,medium,3,4.0,2.0,4.4,A,-17.7
4566,high,3,13.0,3.0,8.5,A,-100.0
4567,medium,3,19.0,30.0,5.4,A,-100.0
4568,medium,2,9.0,14.0,8.5,A,-100.0
4569,none,2,,8.0,6.8,C,
4570,medium,0,7.0,14.0,9.6,D,-12.7
4571,medium,4,4.0,13.0,8.2,A,-18.2
4572,medium,1,4.0,15.0,3.5,A,-13.0
4573,medium,4,5.0,11.0,8.4,A,-19.8
4574,high,0,10.0,7.0,4.5,A,-100.0
4575,medium,2,1.0,3.0,8.5,A,-7.9
4576,high,3,6.0,23.0,4.2,C,-100.0
4577,medium,3,5.0,3.0,3.4,C,-19.9
4578,low,2,5.0,50.0,8.9,B,-13.8
4579,none,2,6.0,16.0,3.0,C,-19.5
4580,,2,12.0,19.0,9.1,A,-100.0
4581,high,1,5.0,0.0,8.3,C,-15.1
4582,medium,2,10.0,10.0,9.8,A,-100.0
4583,medium,2,9.0,14.0,3.6,A,-100.0
4584,low,1,10.0,36.0,8.4,A,-100.0
4585,medium,1,5.0,9.0,7.0,A,-13.1
4586,medium,2,7.0,6.0,1.6,C,-100.0
4587,low,1,18.0,2.0,3.4,C,-100.0
4588,high,2,10.0,10.0,1.6,A,-100.0
4589,high,2,19.0,4.0,7.0,A,-100.0
4590,low,2,8.0,1.0,1.4,C,-100.0
4591,medium,2,8.0,20.0,4.6,A,-100.0
4592,medium,1,6.0,30.0,8.4,A,-13.9
4593,low,1,3.0,30.0,9.0,B,-8.0
4594,high,0,14.0,3.0,9.3,C,-100.0
4595,low,2,24.0,5.0,8.2,A,-100.0
4596,none,1,7.0,16.0,,D,
4597,medium,1,12.0,9.0,8.3,D,-100.0
4598,none,3,5.0,26.0,5.1,A,-19.1
4599,high,3,10.0,24.0,8.2,A,-100.0
4600,low,1,,7.0,5.4,C,
4601,medium,2,14.0,6.0,9.5,A,-100.0
4602,low,2,11.0,3.0,2.1,A,-100.0
4603,medium,1,14.0,1.0,1.9,A,-100.0
4604,high,1,4.0,9.0,4.3,A,-15.3
4605,high,0,3.0,2.0,9.6,A,-8.5
4606,high,1,16.0,4.0,8.4,A,-100.0
4607,high,1,14.0,6.0,7.8,A,-100.0
4608,none,2,10.0,20.0,8.7,B,-100.0
4609,medium,0,6.0,2.0,3.9,D,-13.9
4610,high,1,5.0,46.0,1.7,A,-18.0
4611,high,1,9.0,1.0,1.7,B,-100.0
4612,low,1,10.0,11.0,8.4,A,-100.0
4613,medium,5,2.0,8.0,8.4,C,-17.1
4614,low,1,15.0,10.0,8.5,A,-100.0
4615,high,1,4.0,28.0,3.5,A,-15.5
4616,none,2,21.0,14.0,6.0,A,-100.0
4617,none,0,9.0,18.0,8.0,A,-17.2
4618,high,0,3.0,11.0,2.2,A,-12.1
4619,none,0,11.0,32.0,8.8,A,-100.0
4620,none,2,4.0,18.0,6.2,C,-14.3
4621,none,2,10.0,1.0,8.1,A,-100.0
4622,none,2,24.0,2.0,8.8,A,-100.0
4623,low,0,27.0,5.0,9.7,C,-100.0
4624,high,2,21.0,4.0,9.7,A,-100.0
4625,medium,2,2.0,35.0,8.4,C,-9.4
4626,low,1,5.0,50.0,9.3,A,-11.1
4627,high,1,8.0,1.0,7.5,C,-100.0
4628,medium,1,5.0,14.0,9.1,C,-12.0
4629,medium,1,12.0,35.0,9.1,A,-100.0
4630,low,1,3.0,20.0,8.7,D,-8.2
4631,low,0,,4.0,4.5,C,
4632,low,1,8.0,20.0,4.6,A,-19.0
4633,high,2,11.0,11.0,6.5,A,-100.0
4634,high,1,26.0,9.0,2.0,A,-100.0
4635,high,3,12.0,13.0,2.9,A,-100.0
4636,high,0,13.0,2.0,6.1,A,-100.0
4637,medium,1,4.0,50.0,6.5,C,-11.1
4638,high,1,18.0,6.0,10.0,C,-100.0
4639,none,1,8.0,3.0,2.7,A,-100.0
4640,high,1,8.0,9.0,3.3,A,-100.0
4641,none,0,13.0,2.0,9.0,A,-100.0
4642,medium,4,8.0,4.0,9.3,A,-100.0
4643,low,6,,11.0,6.7,C,
4644,,2,13.0,14.0,8.6,C,-100.0
4645,none,2,15.0,10.0,7.6,B,-100.0
4646,high,1,10.0,3.0,8.3,A,-100.0
4647,none,2,,5.0,7.0,C,
4648,high,2,10.0,16.0,5.8,A,-100.0
4649,none,3,3.0,7.0,2.9,A,-16.9
4650,low,1,8.0,1.0,8.1,A,-17.5
4651,medium,1,6.0,0.0,6.1,A,-15.4
4652,high,0,21.0,3.0,9.9,A,-100.0
4653,high,0,4.0,21.0,9.8,A,-9.9
4654,high,0,4.0,28.0,1.5,A,-14.0
4655,low,4,3.0,11.0,8.8,A,-15.8
4656,medium,3,14.0,20.0,8.2,A,-100.0
4657,low,7,5.0,11.0,8.9,D,-100.0
4658,high,2,6.0,26.0,8.9,A,-18.8
4659,low,1,13.0,20.0,6.3,A,-100.0
4660,high,2,5.0,11.0,2.8,A,-100.0
4661,high,2,20.0,1.0,8.3,D,-100.0
4662,low,2,27.0,11.0,7.5,A,-100.0
4663,medium,3,10.0,10.0,2.4,A,-100.0
4664,high,5,13.0,4.0,10.0,B,-100.0
4665,high,1,2.0,50.0,6.5,A,-10.3
4666,high,1,6.0,12.0,9.8,A,-16.0
4667,low,1,15.0,7.0,1.0,A,-100.0
4668,high,2,14.0,15.0,1.8,C,-100.0
4669,medium,3,6.0,18.0,7.4,A,-19.5
4670,,2,19.0,13.0,3.0,A,-100.0
4671,none,1,2.0,46.0,3.7,A,-9.3
4672,low,2,6.0,25.0,7.6,B,-16.5
4673,low,0,2.0,1.0,9.9,B,-3.6
4674,medium,5,11.0,13.0,9.1,C,-100.0
4675,low,3,2.0,13.0,1.7,A,-15.0
4676,high,0,8.0,21.0,8.7,D,-17.5
4677,none,2,1.0,0.0,9.1,A,-7.8
4678,high,1,10.0,25.0,9.1,A,-100.0
4679,high,2,6.0,3.0,9.0,A,-19.0
4680,none,0,7.0,3.0,6.8,A,-14.4
4681,low,0,8.0,25.0,9.8,D,-13.9
4682,low,1,1.0,18.0,9.6,B,-4.3
4683,medium,1,3.0,6.0,2.4,A,-11.9
4684,none,1,7.0,9.0,5.7,A,-17.4
4685,low,4,23.0,13.0,4.8,A,-100.0
4686,high,0,16.0,6.0,8.7,A,-100.0
4687,low,0,8.0,26.0,9.1,A,-14.2
4688,high,2,8.0,6.0,7.8,A,-100.0
4689,high,0,5.0,28.0,7.2,B,-12.9
4690,none,1,6.0,17.0,9.5,A,-13.7
4691,none,1,8.0,6.0,6.2,D,-19.0
4692,medium,0,19.0,5.0,6.2,A,-100.0
4693,high,1,5.0,1.0,8.3,A,-15.1
4694,none,3,14.0,19.0,7.7,A,-100.0
4695,low,0,11.0,2.0,8.4,C,-100.0
4696,low,0,11.0,1.0,3.8,C,-100.0
4697,medium,1,2.0,8.0,9.2,C,-6.7
4698,none,1,8.0,2.0,8.2,B,-18.0
4699,low,1,9.0,13.0,9.9,C,-18.2
4700,high,2,9.0,2.0,5.8,C,-100.0
4701,high,0,11.0,23.0,8.0,C,-100.0
4702,high,1,13.0,8.0,2.8,A,-100.0
4703,low,2,15.0,12.0,6.2,A,-100.0
4704,high,2,2.0,8.0,3.5,A,-14.7
4705,none,1,9.0,4.0,9.4,A,-19.1
4706,high,1,9.0,23.0,8.8,B,-100.0
4707,high,2,13.0,4.0,,D,
4708,high,1,2.0,17.0,8.1,A,-9.8
4709,high,4,5.0,4.0,9.4,A,-100.0
4710,high,1,17.0,3.0,7.1,B,-100.0
4711,high,2,16.0,17.0,1.7,A,-100.0
4712,medium,1,16.0,7.0,3.0,A,-100.0
4713,high,4,2.0,9.0,3.7,A,-19.6
4714,medium,2,11.0,2.0,1.5,A,-100.0
4715,none,0,4.0,1.0,2.2,A,-11.5
4716,none,3,4.0,4.0,9.6,C,-15.3
4717,low,2,13.0,5.0,7.7,D,-100.0
4718,high,1,12.0,2.0,5.4,A,-100.0
4719,high,1,8.0,13.0,3.6,C,-100.0
4720,low,1,11.0,1.0,5.6,C,-100.0
4721,medium,1,4.0,2.0,5.5,A,-12.1
4722,medium,0,8.0,9.0,7.1,A,-15.8
4723,none,3,2.0,26.0,6.5,B,-13.1
4724,high,0,8.0,0.0,2.9,A,-100.0
4725,none,2,9.0,3.0,5.4,B,-100.0
4726,medium,0,20.0,3.0,8.1,A,-100.0
4727,medium,3,6.0,2.0,9.1,D,-18.8
4728,none,1,6.0,14.0,6.4,A,-15.3
4729,none,1,5.0,0.0,1.3,A,-16.2
4730,high,0,18.0,2.0,3.4,D,-100.0
4731,medium,1,31.0,13.0,8.4,A,-100.0
4732,high,1,4.0,17.0,8.7,D,-13.0
4733,low,1,12.0,17.0,9.7,A,-100.0
4734,none,1,4.0,5.0,8.2,A,-11.0
4735,medium,1,13.0,9.0,5.4,A,-100.0
4736,low,0,6.0,18.0,4.7,A,-13.0
4737,medium,0,8.0,19.0,8.3,A,-15.1
4738,none,0,9.0,1.0,8.8,A,-17.0
4739,medium,2,2.0,8.0,9.6,A,-9.0
4740,high,1,7.0,8.0,4.9,A,-100.0
4741,medium,3,6.0,14.0,9.5,B,-18.5
4742,medium,1,10.0,11.0,9.7,A,-100.0
4743,none,0,4.0,20.0,9.8,C,-7.5
4744,high,1,18.0,50.0,8.2,D,-100.0
4745,high,1,13.0,9.0,8.5,D,-100.0
4746,low,0,3.0,2.0,9.4,A,-5.6
4747,high,0,6.0,21.0,8.7,A,-14.0
4748,high,1,3.0,25.0,2.9,A,-14.1
4749,high,1,14.0,3.0,3.4,C,-100.0
4750,low,3,2.0,0.0,5.4,B,-13.3
4751,low,1,4.0,50.0,9.7,A,-9.2
4752,high,1,12.0,28.0,9.1,A,-100.0
4753,high,1,9.0,50.0,8.3,A,-100.0
4754,low,2,15.0,3.0,1.5,A,-100.0
4755,low,3,3.0,32.0,6.7,A,-14.1
4756,low,3,4.0,7.0,5.8,A,-16.6
4757,high,1,11.0,49.0,6.0,C,-100.0
4758,low,0,12.0,6.0,1.8,A,-100.0
4759,low,1,9.0,0.0,5.9,C,-100.0
4760,high,3,14.0,12.0,3.9,A,-100.0
4761,none,1,1.0,11.0,9.6,C,-5.0
4762,low,0,15.0,1.0,4.8,A,-100.0
4763,,2,9.0,18.0,6.8,A,-100.0
4764,low,1,1.0,7.0,9.6,A,-4.4
4765,low,1,17.0,10.0,8.0,A,-100.0
4766,medium,2,12.0,13.0,9.0,A,-100.0
4767,,2,14.0,10.0,1.6,C,-100.0
4768,high,0,11.0,18.0,3.2,C,-100.0
4769,none,2,5.0,6.0,2.9,B,-17.9
4770,medium,0,3.0,22.0,10.0,B,-5.4
4771,low,1,13.0,2.0,3.3,A,-100.0
4772,high,2,3.0,21.0,6.6,C,-14.8
4773,medium,4,8.0,19.0,9.5,A,-100.0
4774,high,0,3.0,12.0,7.9,B,-9.2
4775,low,1,5.0,2.0,3.5,A,-14.5
4776,low,1,20.0,4.0,8.2,C,-100.0
4777,medium,5,8.0,18.0,7.3,C,-100.0
4778,medium,3,2.0,11.0,2.6,C,-15.0
4779,medium,1,23.0,5.0,8.5,A,-100.0
4780,medium,1,6.0,8.0,9.0,C,-13.8
4781,low,0,24.0,8.0,1.7,A,-100.0
4782,high,0,3.0,9.0,8.6,B,-8.9
4783,high,1,11.0,8.0,2.8,D,-100.0
4784,medium,0,12.0,27.0,4.3,A,-100.0
4785,low,1,3.0,7.0,3.7,A,-10.9
4786,low,3,4.0,0.0,3.1,A,-18.0
4787,none,2,2.0,4.0,9.0,A,-9.6
4788,low,2,10.0,4.0,7.9,A,-100.0
4789,high,3,11.0,5.0,4.5,B,-100.0
4790,low,3,10.0,5.0,6.7,A,-100.0
4791,low,0,12.0,12.0,3.6,C,-100.0
4792,high,4,7.0,50.0,3.1,A,-100.0
4793,low,0,,32.0,3.9,C,
4794,medium,1,5.0,12.0,7.6,A,-12.7
4795,high,1,11.0,9.0,7.7,A,-100.0
4796,high,2,4.0,8.0,8.2,A,-15.9
4797,low,0,22.0,19.0,5.8,A,-100.0
4798,high,1,7.0,11.0,6.9,C,-19.2
4799,low,1,5.0,39.0,5.9,A,-12.9
4800,high,1,11.0,18.0,8.2,A,-100.0
4801,,0,4.0,10.0,1.9,B,-11.6
4802,high,4,7.0,4.0,7.5,C,-100.0
4803,medium,2,2.0,6.0,6.3,C,-10.7
4804,medium,0,3.0,0.0,8.6,A,-6.4
4805,none,2,7.0,47.0,6.6,A,-19.1
4806,low,0,14.0,17.0,7.2,A,-100.0
4807,high,1,10.0,18.0,5.5,C,-100.0
4808,medium,1,3.0,6.0,8.4,A,-8.9
4809,low,0,2.0,8.0,8.9,C,-4.0
4810,low,4,4.0,5.0,7.3,C,-18.3
4811,low,2,4.0,13.0,2.1,A,-15.8
4812,medium,1,3.0,4.0,1.7,A,-12.3
4813,medium,3,12.0,5.0,9.8,A,-100.0
4814,medium,2,2.0,8.0,6.1,A,-10.8
4815,none,1,8.0,21.0,2.5,A,-100.0
4816,high,2,11.0,11.0,9.3,C,-100.0
4817,high,2,7.0,44.0,2.1,A,-100.0
4818,medium,1,13.0,7.0,2.4,A,-100.0
4819,medium,0,2.0,2.0,7.4,A,-5.2
4820,medium,2,7.0,6.0,2.6,B,-100.0
4821,low,1,19.0,16.0,7.7,A,-100.0
4822,high,0,21.0,12.0,6.7,A,-100.0
4823,low,3,,2.0,8.5,C,
4824,low,0,11.0,4.0,9.7,A,-19.4
4825,low,2,10.0,0.0,7.3,A,-100.0
4826,low,1,6.0,0.0,3.3,C,-16.4
4827,none,1,3.0,4.0,9.6,A,-8.5
4828,medium,2,24.0,6.0,7.9,D,-100.0
4829,high,1,2.0,27.0,2.3,C,-12.6
4830,medium,2,7.0,24.0,9.4,C,-17.7
4831,medium,2,3.0,9.0,5.5,A,-12.8
4832,medium,2,8.0,9.0,3.6,A,-100.0
4833,low,0,18.0,8.0,5.5,A,-100.0
4834,medium,0,6.0,2.0,3.6,A,-14.1
4835,medium,2,11.0,1.0,8.1,A,-100.0
4836,high,0,5.0,19.0,2.1,A,-15.5
4837,high,3,1.0,17.0,1.7,A,-16.3
4838,high,1,4.0,3.0,3.9,B,-15.5
4839,none,1,15.0,25.0,6.4,C,-100.0
4840,low,0,4.0,6.0,4.6,A,-9.7
4841,high,2,3.0,7.0,,D,
4842,high,0,8.0,8.0,2.4,B,-100.0
4843,high,2,8.0,1.0,7.7,A,-100.0
4844,medium,3,7.0,9.0,2.3,A,-100.0
4845,medium,1,6.0,15.0,5.8,C,-15.3
4846,none,0,18.0,1.0,9.1,B,-100.0
4847,high,0,4.0,1.0,4.8,A,-12.6
4848,low,2,10.0,27.0,2.2,A,-100.0
4849,high,0,4.0,8.0,8.9,A,-10.5
4850,none,1,6.0,50.0,3.1,C,-16.6
4851,medium,2,6.0,12.0,6.0,C,-17.8
4852,high,2,18.0,2.0,9.3,C,-100.0
4853,,2,14.0,24.0,5.4,A,-100.0
4854,high,0,16.0,6.0,1.3,C,-100.0
4855,low,4,8.0,5.0,9.9,C,-100.0
4856,none,2,11.0,22.0,9.1,A,-100.0
4857,high,0,10.0,6.0,3.9,C,-100.0
4858,medium,3,2.0,17.0,8.8,A,-11.8
4859,high,2,12.0,20.0,3.9,D,-100.0
4860,high,0,7.0,0.0,4.3,C,-18.1
4861,low,2,19.0,3.0,3.6,A,-100.0
4862,high,2,2.0,15.0,1.5,A,-15.6
4863,low,1,2.0,2.0,8.5,A,-6.7
4864,medium,2,10.0,2.0,8.8,A,-100.0
4865,,1,13.0,6.0,7.2,B,-100.0
4866,medium,1,9.0,8.0,8.4,A,-19.4
4867,low,1,5.0,12.0,8.0,A,-12.2
4868,medium,3,13.0,10.0,9.2,A,-100.0
4869,high,1,10.0,31.0,4.2,B,-100.0
4870,high,3,10.0,25.0,2.6,A,-100.0
4871,medium,0,18.0,6.0,8.6,A,-100.0
4872,high,2,6.0,5.0,1.1,C,-100.0
4873,low,4,17.0,17.0,7.4,A,-100.0
4874,high,2,5.0,2.0,6.9,C,-18.3
4875,medium,1,22.0,14.0,9.4,A,-100.0
4876,none,1,7.0,3.0,9.0,A,-15.8
4877,high,3,4.0,16.0,9.2,A,-17.8
4878,low,4,14.0,18.0,1.7,A,-100.0
4879,low,0,13.0,8.0,2.0,A,-100.0
4880,low,0,,6.0,1.7,C,
4881,medium,1,1.0,9.0,9.1,B,-5.0
4882,low,3,16.0,6.0,9.4,A,-100.0
4883,high,0,4.0,4.0,9.9,A,-10.0
4884,medium,2,11.0,41.0,9.3,A,-100.0
4885,high,2,12.0,12.0,7.2,A,-100.0
4886,medium,2,6.0,9.0,8.7,A,-16.5
4887,low,3,14.0,8.0,7.1,A,-100.0
4888,high,2,18.0,3.0,4.8,A,-100.0
4889,high,1,2.0,2.0,9.7,C,-9.2
4890,medium,0,16.0,50.0,9.5,A,-100.0
4891,none,1,8.0,0.0,8.6,A,-17.8
4892,medium,0,2.0,45.0,9.6,A,-3.6
4893,none,3,6.0,12.0,9.4,A,-18.8
4894,medium,0,14.0,6.0,6.5,A,-100.0
4895,low,4,6.0,7.0,3.1,A,-100.0
4896,,2,6.0,11.0,5.7,A,-18.2
4897,medium,2,5.0,5.0,6.0,A,-16.1
4898,high,2,7.0,5.0,8.4,A,-100.0
4899,high,3,6.0,22.0,8.1,A,-100.0
4900,high,1,3.0,0.0,4.1,A,-13.7
4901,high,2,3.0,5.0,9.7,A,-13.4
4902,medium,3,8.0,12.0,9.6,B,-100.0
4903,medium,3,29.0,3.0,7.1,C,-100.0
4904,low,3,23.0,16.0,9.3,A,-100.0
4905,medium,2,2.0,28.0,8.4,A,-9.4
4906,medium,2,17.0,19.0,3.8,A,-100.0
4907,high,3,11.0,0.0,1.7,B,-100.0
4908,high,1,14.0,1.0,9.9,A,-100.0
4909,high,3,11.0,37.0,4.6,A,-100.0
4910,none,2,17.0,1.0,8.1,A,-100.0
4911,low,2,8.0,8.0,1.9,A,-100.0
4912,none,2,11.0,10.0,8.3,A,-100.0
4913,medium,0,11.0,13.0,5.5,C,-100.0
4914,medium,0,13.0,10.0,2.6,A,-100.0
4915,,2,4.0,22.0,1.6,A,-16.6
4916,low,1,2.0,27.0,8.9,B,-6.3
4917,medium,2,11.0,0.0,3.0,A,-100.0
4918,low,1,12.0,37.0,1.9,A,-100.0
4919,low,2,24.0,8.0,6.4,A,-100.0
4920,high,3,3.0,4.0,8.1,A,-16.7
4921,high,3,4.0,42.0,9.7,C,-17.2
4922,low,4,5.0,8.0,1.8,A,-100.0
4923,high,0,17.0,22.0,8.0,B,-100.0
4924,high,0,3.0,1.0,2.1,A,-12.2
4925,medium,1,15.0,20.0,8.2,C,-100.0
4926,medium,0,5.0,5.0,3.4,D,-12.4
4927,low,1,14.0,2.0,9.1,C,-100.0
4928,high,0,8.0,6.0,8.2,B,-17.9
4929,medium,0,27.0,13.0,2.8,A,-100.0
4930,high,1,2.0,16.0,1.7,A,-13.0
4931,low,1,16.0,4.0,6.8,C,-100.0
4932,low,3,1.0,41.0,8.3,C,-9.7
4933,low,1,16.0,3.0,2.3,B,-100.0
4934,none,5,24.0,5.0,7.4,C,-100.0
4935,high,1,10.0,8.0,2.8,A,-100.0
4936,high,0,24.0,3.0,2.6,A,-100.0
4937,none,3,10.0,5.0,5.7,A,-100.0
4938,low,1,4.0,6.0,6.5,A,-11.2
4939,high,1,22.0,4.0,10.0,B,-100.0
4940,none,3,1.0,17.0,5.7,A,-11.9
4941,medium,3,13.0,12.0,6.2,D,-100.0
4942,low,0,2.0,48.0,8.7,A,-3.7
4943,none,4,8.0,23.0,9.2,D,-100.0
4944,medium,1,11.0,10.0,9.4,A,-100.0
4945,low,1,11.0,4.0,6.9,D,-100.0
4946,low,1,22.0,13.0,7.0,A,-100.0
4947,high,1,14.0,10.0,7.2,C,-100.0
4948,none,2,5.0,12.0,6.0,A,-16.2
4949,high,0,5.0,7.0,9.5,B,-12.0
4950,high,4,5.0,13.0,4.8,B,-100.0
4951,medium,0,7.0,25.0,9.1,A,-12.8
4952,high,0,10.0,7.0,1.0,A,-100.0
4953,high,2,17.0,15.0,5.8,A,-100.0
4954,medium,0,28.0,3.0,4.4,B,-100.0
4955,medium,2,5.0,8.0,9.0,B,-14.6
4956,low,1,7.0,23.0,8.4,A,-15.3
4957,medium,2,1.0,2.0,8.2,A,-8.0
4958,low,0,13.0,1.0,2.2,A,-100.0
4959,high,2,3.0,12.0,9.2,A,-13.6
4960,none,1,20.0,10.0,9.8,A,-100.0
4961,none,2,18.0,9.0,5.3,A,-100.0
4962,medium,3,5.0,41.0,2.8,D,-19.8
4963,none,3,7.0,4.0,7.4,A,-100.0
4964,high,0,11.0,6.0,4.9,A,-100.0
4965,medium,3,7.0,21.0,3.8,C,-100.0
4966,low,2,1.0,7.0,8.4,C,-7.5
4967,medium,2,13.0,3.0,9.6,C,-100.0
4968,medium,0,9.0,35.0,9.6,A,-16.0
4969,low,1,7.0,4.0,9.3,A,-15.1
4970,medium,1,16.0,0.0,6.6,C,-100.0
4971,medium,0,7.0,0.0,5.7,C,-14.8
4972,high,2,11.0,3.0,2.7,D,-100.0
4973,high,1,9.0,11.0,8.3,A,-100.0
4974,none,3,1.0,1.0,1.6,A,-14.1
4975,high,4,3.0,19.0,3.8,A,-100.0
4976,high,1,13.0,38.0,2.5,A,-100.0
4977,low,2,10.0,8.0,3.2,A,-100.0
4978,high,2,9.0,8.0,8.8,A,-100.0
4979,medium,1,9.0,2.0,6.5,A,-100.0
4980,low,1,19.0,11.0,3.4,A,-100.0
4981,low,1,8.0,6.0,3.0,C,-20.0
4982,high,4,15.0,6.0,9.8,A,-100.0
4983,high,0,11.0,26.0,8.4,C,-100.0
4984,high,0,8.0,0.0,8.7,A,-17.7
4985,none,1,11.0,1.0,8.2,C,
4986,low,3,16.0,30.0,3.8,C,-100.0
4987,low,4,14.0,6.0,8.7,A,-100.0
4988,medium,1,9.0,5.0,1.2,A,-100.0
4989,medium,2,18.0,33.0,9.3,A,-100.0
4990,medium,2,17.0,1.0,7.4,A,-100.0
4991,high,0,10.0,31.0,9.0,A,-100.0
4992,,1,17.0,0.0,8.2,C,-100.0
4993,high,1,11.0,50.0,2.4,C,-100.0
4994,low,1,12.0,50.0,9.5,A,-100.0
4995,high,2,8.0,2.0,7.5,B,-100.0
4996,low,3,4.0,32.0,9.8,A,-14.3
4997,low,0,2.0,8.0,2.5,A,-7.2
4998,high,2,18.0,0.0,4.6,A,-100.0
4999,medium,0,11.0,18.0,8.2,C,-100.0
5000,medium,0,5.0,14.0,1.1,A,-13.5
5001,high,0,4.0,12.0,3.7,A,-13.1
5002,high,3,10.0,5.0,2.0,A,-100.0
5003,medium,1,6.0,2.0,1.8,A,-17.5
5004,,1,31.0,16.0,2.2,A,-100.0
5005,medium,0,1.0,2.0,3.5,A,-5.4
5006,low,1,10.0,2.0,9.9,A,-100.0
5007,none,0,3.0,4.0,9.0,A,-6.3
5008,medium,0,20.0,49.0,3.2,A,-100.0
5009,high,0,17.0,1.0,5.5,A,-100.0
5010,high,1,24.0,16.0,5.4,B,-100.0
5011,low,0,10.0,8.0,9.2,A,-17.9
5012,low,1,15.0,0.0,2.2,A,-100.0
5013,none,2,2.0,3.0,,A,
5014,high,3,26.0,2.0,2.0,B,-100.0
5015,medium,2,3.0,4.0,1.7,A,-14.8
5016,low,2,2.0,5.0,8.3,A,-9.3
5017,none,0,6.0,10.0,3.1,C,-14.5
5018,none,4,17.0,1.0,5.8,A,-100.0
5019,medium,3,6.0,7.0,1.9,A,-100.0
5020,high,2,18.0,8.0,1.9,A,-100.0
5021,low,1,1.0,22.0,,A,
5022,medium,2,14.0,1.0,9.3,C,-100.0
5023,low,0,5.0,24.0,7.0,A,-10.0
5024,high,1,9.0,34.0,3.4,A,-100.0
5025,medium,3,10.0,11.0,5.4,A,-100.0
5026,none,0,3.0,11.0,5.5,A,-8.0
5027,none,2,2.0,8.0,6.9,A,-10.6
5028,medium,1,16.0,24.0,4.8,D,-100.0
5029,high,3,6.0,6.0,4.3,A,-100.0
5030,high,0,17.0,50.0,8.0,D,-100.0
5031,low,1,10.0,20.0,7.3,A,-100.0
5032,high,2,10.0,3.0,9.4,D,-100.0
5033,none,3,7.0,14.0,5.3,A,-100.0
5034,low,0,24.0,16.0,8.5,A,-100.0
5035,high,2,,12.0,2.1,C,
5036,medium,1,17.0,2.0,9.4,A,-100.0
5037,none,4,1.0,23.0,8.1,C,-13.1
5038,medium,0,4.0,17.0,7.9,A,-8.3
5039,medium,3,13.0,8.0,6.6,A,-100.0
5040,medium,1,9.0,9.0,5.2,B,-100.0
5041,high,1,4.0,9.0,9.6,A,-12.6
5042,medium,2,5.0,1.0,2.7,C,-17.8
5043,low,5,6.0,5.0,6.7,A,-100.0
5044,medium,1,8.0,25.0,9.7,A,-16.8
5045,high,0,5.0,0.0,8.4,C,-12.6
5046,low,0,7.0,35.0,6.3,A,-13.8
5047,low,2,10.0,16.0,9.3,C,-100.0
5048,low,0,14.0,0.0,8.5,A,-100.0
5049,high,1,12.0,0.0,6.4,A,-100.0
5050,low,2,3.0,3.0,7.7,B,-11.4
5051,medium,2,12.0,12.0,8.0,A,-100.0
5052,low,3,17.0,4.0,1.6,A,-100.0
5053,medium,2,14.0,26.0,9.6,A,-100.0
5054,low,0,12.0,6.0,3.3,B,-100.0
5055,low,0,12.0,17.0,6.3,A,-100.0
5056,low,2,7.0,21.0,1.9,A,-100.0
5057,high,1,5.0,18.0,9.7,A,-14.2
5058,high,1,18.0,9.0,9.8,D,-100.0
5059,low,2,9.0,1.0,10.0,A,-100.0
5060,high,2,0.0,12.0,8.3,A,-8.8
5061,low,1,7.0,12.0,7.3,A,-16.0
5062,none,0,11.0,1.0,5.7,C,-100.0
5063,high,1,12.0,5.0,1.5,C,-100.0
5064,high,2,3.0,4.0,6.5,A,-15.0
5065,medium,2,11.0,13.0,9.6,A,-100.0
5066,medium,1,14.0,1.0,8.2,D,-100.0
5067,medium,3,2.0,32.0,3.1,A,-14.5
5068,medium,1,15.0,6.0,3.2,A,-100.0
5069,medium,1,14.0,11.0,4.4,A,-100.0
5070,none,2,12.0,6.0,1.2,D,-100.0
5071,low,2,5.0,4.0,9.7,B,-13.9
5072,medium,0,3.0,8.0,9.0,A,-6.1
5073,low,3,20.0,50.0,9.9,A,-100.0
5074,low,2,4.0,3.0,4.7,A,-14.6
5075,high,1,20.0,4.0,9.6,A,-100.0
5076,,0,8.0,2.0,1.6,A,-18.8
5077,high,2,7.0,9.0,7.8,C,-100.0
5078,low,3,12.0,8.0,5.1,B,-100.0
5079,low,2,15.0,15.0,7.9,B,-100.0
5080,high,3,3.0,18.0,4.3,A,-18.4
5081,medium,2,2.0,2.0,9.3,B,-9.2
5082,medium,1,17.0,13.0,3.1,A,-100.0
5083,high,2,3.0,7.0,2.5,A,-17.0
5084,medium,0,13.0,9.0,9.4,A,-100.0
5085,low,3,5.0,16.0,9.8,A,-16.2
5086,medium,1,2.0,7.0,5.4,C,-8.6
5087,none,2,7.0,1.0,7.6,D,-19.1
5088,low,2,3.0,6.0,9.2,A,-10.6
5089,none,4,22.0,3.0,9.3,A,-100.0
5090,low,2,32.0,35.0,3.8,A,-100.0
5091,low,0,10.0,1.0,8.9,B,-18.1
5092,medium,1,5.0,33.0,8.4,A,-12.1
5093,low,1,13.0,6.0,3.1,A,-100.0
5094,low,1,10.0,35.0,9.9,A,-19.7
5095,high,2,6.0,2.0,5.6,A,-100.0
5096,medium,1,0.0,13.0,2.1,C,-6.7
5097,low,1,7.0,8.0,5.3,D,-17.0
5098,high,3,1.0,19.0,8.1,A,-13.0
5099,none,0,3.0,3.0,9.2,A,-6.3
5100,none,4,25.0,8.0,3.9,A,-100.0
5101,low,1,11.0,12.0,4.2,A,-100.0
5102,none,3,14.0,31.0,4.6,C,-100.0
5103,low,3,11.0,6.0,3.7,A,-100.0
5104,medium,0,27.0,1.0,3.4,A,-100.0
5105,medium,3,2.0,11.0,9.5,C,-11.5
5106,medium,2,4.0,14.0,3.3,A,-15.6
5107,medium,0,10.0,3.0,2.9,A,-100.0
5108,medium,2,21.0,38.0,4.8,C,-100.0
5109,none,1,1.0,13.0,9.2,A,-5.2
5110,high,1,6.0,1.0,8.9,A,-16.6
5111,medium,0,6.0,48.0,4.6,B,-13.1
5112,low,0,12.0,17.0,4.4,C,-100.0
5113,low,3,6.0,19.0,8.7,A,-18.5
5114,medium,1,6.0,1.0,3.1,A,-16.8
5115,,1,12.0,18.0,9.4,A,-100.0
5116,none,1,5.0,6.0,1.6,A,-16.0
5117,medium,2,8.0,5.0,7.4,A,-100.0
5118,low,1,21.0,17.0,7.9,A,-100.0
5119,high,0,10.0,8.0,3.8,C,-100.0
5120,high,0,14.0,34.0,2.5,A,-100.0
5121,medium,4,16.0,1.0,6.5,C,-100.0
5122,none,2,10.0,3.0,1.1,A,-100.0
5123,low,3,7.0,38.0,8.9,A,-19.9
5124,none,2,18.0,15.0,8.9,A,-100.0
5125,medium,1,2.0,17.0,3.4,A,-9.5
5126,high,3,16.0,9.0,9.4,C,-100.0
5127,medium,1,9.0,0.0,9.3,A,-19.0
5128,medium,1,8.0,28.0,9.0,A,-17.1
5129,low,1,11.0,2.0,9.8,A,-100.0
5130,high,0,6.0,6.0,9.1,A,-13.9
5131,medium,0,11.0,5.0,3.3,A,-100.0
5132,high,0,15.0,4.0,6.5,A,-100.0
5133,medium,2,8.0,8.0,4.5,B,-100.0
5134,,1,12.0,22.0,9.3,A,-100.0
5135,none,0,7.0,2.0,9.7,A,-13.0
5136,low,3,15.0,0.0,2.9,C,-100.0
5137,low,2,25.0,12.0,3.3,A,-100.0
5138,medium,1,13.0,23.0,8.6,A,-100.0
5139,high,0,34.0,5.0,8.9,A,-100.0
5140,none,0,3.0,14.0,2.3,A,-9.6
5141,low,1,12.0,13.0,5.4,A,-100.0
5142,none,3,5.0,28.0,9.8,A,-16.7
5143,none,1,11.0,18.0,8.9,C,-100.0
5144,medium,3,6.0,4.0,4.3,A,-100.0
5145,low,1,5.0,1.0,7.7,A,-12.4
5146,low,0,30.0,2.0,8.6,A,-100.0
5147,high,1,4.0,8.0,3.8,A,-15.5
5148,low,2,29.0,8.0,9.9,A,-100.0
5149,high,0,8.0,10.0,8.4,A,-17.7
5150,high,2,8.0,1.0,9.5,A,-100.0
5151,none,1,6.0,45.0,4.1,A,-16.1
5152,high,2,10.0,4.0,2.4,A,-100.0
5153,,2,15.0,41.0,9.0,A,-100.0
5154,high,0,2.0,7.0,2.6,A,-10.1
5155,high,2,1.0,20.0,7.3,A,-10.9
5156,high,2,11.0,23.0,3.5,C,-100.0
5157,high,0,5.0,2.0,1.6,A,-16.0
5158,low,0,16.0,6.0,8.4,A,-100.0
5159,low,0,16.0,8.0,8.0,A,-100.0
5160,medium,1,2.0,39.0,8.7,A,-6.7
5161,none,2,1.0,11.0,6.7,C,-8.9
5162,low,2,8.0,1.0,2.0,A,-100.0
5163,low,4,19.0,7.0,2.1,A,-100.0
5164,,3,8.0,1.0,9.5,C,-100.0
5165,medium,1,2.0,3.0,8.2,A,-7.3
5166,high,3,2.0,4.0,3.1,D,-17.4
5167,medium,3,12.0,22.0,1.4,A,-100.0
5168,low,0,5.0,3.0,8.4,A,-9.5
5169,medium,3,1.0,8.0,2.0,D,-13.6
5170,none,0,10.0,30.0,2.3,A,-100.0
5171,medium,2,8.0,20.0,5.2,A,-100.0
5172,medium,4,7.0,20.0,8.6,B,-100.0
5173,low,1,19.0,6.0,1.3,A,-100.0
5174,medium,1,5.0,13.0,7.6,A,-12.7
5175,high,2,9.0,8.0,4.2,A,-100.0
5176,low,2,6.0,0.0,8.3,C,-16.4
5177,high,4,17.0,1.0,8.2,C,-100.0
5178,low,2,6.0,50.0,8.3,A,-15.9
5179,low,2,12.0,1.0,,D,
5180,high,2,5.0,2.0,5.7,A,-18.9
5181,medium,3,8.0,5.0,8.8,A,-100.0
5182,low,1,2.0,8.0,8.7,D,-6.6
5183,none,3,9.0,15.0,8.5,A,-100.0
5184,high,3,6.0,26.0,8.3,A,-100.0
5185,high,1,9.0,8.0,2.7,A,-100.0
5186,low,2,1.0,20.0,9.8,B,-6.7
5187,high,2,18.0,8.0,7.5,A,-100.0
5188,high,1,7.0,0.0,1.1,A,-100.0
5189,medium,1,5.0,6.0,4.5,B,-14.3
5190,high,2,16.0,3.0,3.6,A,-100.0
5191,medium,1,3.0,50.0,7.3,D,-9.0
5192,medium,2,26.0,33.0,2.7,A,-100.0
5193,none,2,15.0,0.0,8.9,A,-100.0
5194,high,2,10.0,4.0,5.2,A,-100.0
5195,high,2,7.0,7.0,9.8,A,-100.0
5196,none,1,6.0,6.0,8.9,A,-14.1
5197,medium,4,6.0,8.0,7.0,B,-100.0
5198,medium,1,,1.0,2.4,C,
5199,low,1,6.0,7.0,9.5,A,-13.2
5200,,1,5.0,14.0,9.5,A,-12.0
5201,low,3,13.0,18.0,2.4,A,-100.0
5202,medium,5,12.0,4.0,1.9,A,-100.0
5203,medium,1,8.0,25.0,5.6,C,-18.8
5204,high,0,8.0,1.0,3.5,C,-100.0
5205,high,3,8.0,13.0,8.2,A,-100.0
5206,low,0,7.0,46.0,9.7,A,-12.0
5207,medium,1,,1.0,7.8,C,
5208,medium,1,18.0,5.0,6.6,A,-100.0
5209,low,1,9.0,3.0,8.4,C,-19.0
5210,medium,3,12.0,12.0,8.3,A,-100.0
5211,medium,3,3.0,50.0,2.2,A,-16.5
5212,medium,0,19.0,22.0,2.7,A,-100.0
5213,medium,1,27.0,2.0,4.9,A,-100.0
5214,medium,4,25.0,14.0,1.3,A,-100.0
5215,high,1,2.0,7.0,8.8,A,-9.6
5216,low,0,7.0,7.0,8.7,A,-12.9
5217,low,5,4.0,20.0,8.8,A,-19.9
5218,high,3,21.0,0.0,3.5,A,-100.0
5219,high,1,13.0,13.0,3.9,A,-100.0
5220,high,3,14.0,10.0,7.9,B,-100.0
5221,medium,0,13.0,24.0,8.6,A,-100.0
5222,none,2,2.0,2.0,3.2,A,-12.5
5223,none,1,1.0,20.0,8.4,A,-5.5
5224,high,0,13.0,7.0,9.7,A,-100.0
5225,high,2,8.0,10.0,9.7,A,-100.0
5226,low,0,5.0,3.0,6.1,A,-10.7
5227,none,0,6.0,11.0,9.8,B,-11.1
5228,none,0,5.0,11.0,8.4,A,-10.1
5229,high,2,2.0,11.0,6.3,D,-13.3
5230,low,1,4.0,15.0,8.3,D,-10.2
5231,,0,9.0,6.0,8.3,A,-17.2
5232,high,1,4.0,2.0,2.5,A,-16.3
5233,low,1,6.0,17.0,8.3,D,-13.7
5234,high,1,40.0,19.0,3.8,A,-100.0
5235,medium,1,7.0,29.0,9.2,C,-15.3
5236,low,0,17.0,42.0,2.0,A,-100.0
5237,medium,4,,0.0,6.9,C,
5238,low,0,11.0,18.0,7.3,C,-100.0
5239,none,1,13.0,19.0,5.7,A,-100.0
5240,low,0,30.0,3.0,2.3,A,-100.0
5241,medium,1,26.0,4.0,4.6,B,-100.0
5242,high,2,7.0,50.0,9.4,C,-100.0
5243,low,4,12.0,4.0,2.5,C,-100.0
5244,high,1,3.0,22.0,3.9,C,-13.6
5245,high,4,11.0,0.0,6.3,A,-100.0
5246,high,1,20.0,5.0,5.9,A,-100.0
5247,low,1,4.0,16.0,9.1,D,-9.8
5248,high,2,4.0,11.0,10.0,A,-14.9
5249,medium,3,15.0,5.0,2.5,A,-100.0
5250,high,5,12.0,5.0,9.8,A,-100.0
5251,medium,0,6.0,2.0,8.5,B,-11.6
5252,none,3,8.0,3.0,8.5,A,-100.0
5253,none,2,7.0,0.0,8.4,A,-18.7
5254,low,1,3.0,37.0,6.5,A,-9.2
5255,medium,0,20.0,18.0,8.1,A,-100.0
5256,none,2,12.0,9.0,1.4,A,-100.0
5257,low,0,3.0,12.0,9.9,A,-5.2
5258,high,0,4.0,50.0,3.2,D,-12.9
5259,high,3,5.0,9.0,8.2,A,-100.0
5260,medium,1,10.0,14.0,3.2,A,-100.0
5261,low,3,27.0,7.0,5.1,A,-100.0
5262,low,0,10.0,12.0,5.2,A,-19.8
5263,low,1,4.0,19.0,2.8,A,-12.9
5264,medium,3,12.0,20.0,7.2,B,-100.0
5265,none,1,8.0,5.0,8.1,A,-18.0
5266,low,2,2.0,8.0,9.5,D,-8.7
5267,medium,2,12.0,14.0,9.6,A,-100.0
5268,low,0,9.0,2.0,2.0,C,-19.8
5269,low,1,6.0,8.0,1.3,C,-17.3
5270,medium,2,5.0,8.0,9.5,B,-14.3
5271,medium,2,8.0,8.0,7.2,A,-100.0
5272,,0,6.0,13.0,1.0,A,-15.5
5273,high,0,9.0,8.0,8.6,D,-19.4
5274,low,0,4.0,16.0,2.8,C,-10.5
5275,high,2,12.0,2.0,5.1,A,-100.0
5276,medium,2,9.0,16.0,9.2,B,-100.0
5277,low,2,6.0,30.0,3.4,C,-18.5
5278,medium,0,9.0,27.0,3.8,A,-19.0
5279,high,1,11.0,5.0,6.2,A,-100.0
5280,none,2,32.0,8.0,9.6,C,-100.0
5281,medium,3,11.0,5.0,6.4,A,-100.0
5282,high,2,3.0,11.0,8.1,A,-14.1
5283,none,1,20.0,2.0,1.4,C,-100.0
5284,none,0,1.0,6.0,8.9,A,-2.9
5285,low,1,22.0,7.0,4.3,A,-100.0
5286,low,1,3.0,11.0,7.4,C,-9.0
5287,none,1,8.0,2.0,4.4,A,-19.9
5288,none,3,12.0,1.0,4.4,A,-100.0
5289,low,0,3.0,6.0,8.2,C,-6.1
5290,low,1,11.0,6.0,10.0,A,-100.0
5291,low,0,7.0,1.0,1.3,A,-16.6
5292,medium,1,1.0,15.0,9.9,C,-4.5
5293,high,3,10.0,2.0,2.5,A,-100.0
5294,high,1,16.0,6.0,10.0,A,-100.0
5295,high,2,11.0,29.0,8.7,C,-100.0
5296,medium,0,17.0,7.0,3.9,A,-100.0
5297,medium,2,9.0,7.0,1.9,A,-100.0
5298,none,2,8.0,4.0,9.8,A,-19.7
5299,low,2,6.0,1.0,8.5,A,-16.3
5300,medium,3,5.0,4.0,5.0,A,-19.1
5301,medium,3,18.0,12.0,2.0,C,-100.0
5302,low,0,8.0,10.0,2.2,C,-17.8
5303,medium,1,7.0,16.0,4.7,A,-17.6
5304,low,1,4.0,2.0,6.9,A,-11.1
5305,high,0,2.0,4.0,9.4,A,-6.8
5306,low,0,9.0,6.0,1.9,B,-19.8
5307,high,2,,25.0,8.2,C,
5308,high,0,8.0,8.0,,D,
5309,medium,0,9.0,25.0,5.2,C,-18.3
5310,high,1,1.0,8.0,6.1,A,-9.1
5311,high,2,7.0,17.0,8.7,A,-100.0
5312,high,1,15.0,5.0,1.1,A,-100.0
5313,medium,2,8.0,1.0,8.7,A,-100.0
5314,low,2,6.0,15.0,4.1,B,-18.3
5315,low,1,2.0,6.0,8.1,B,-6.9
5316,medium,1,9.0,34.0,8.4,A,-19.1
5317,high,6,6.0,50.0,5.1,A,-100.0
5318,medium,0,2.0,7.0,3.6,C,-7.0
5319,none,5,7.0,3.0,8.7,A,-100.0
5320,low,0,11.0,10.0,9.3,A,-19.5
5321,none,3,7.0,4.0,4.2,C,-100.0
5322,medium,2,4.0,11.0,5.2,C,-14.7
5323,low,2,21.0,35.0,4.6,A,-100.0
5324,high,0,9.0,5.0,9.8,A,-18.8
5325,medium,3,4.0,36.0,7.7,A,-15.7
5326,high,2,11.0,7.0,8.6,A,-100.0
5327,medium,2,8.0,3.0,8.8,A,-20.0
5328,none,1,13.0,19.0,9.7,C,-100.0
5329,medium,1,16.0,15.0,6.0,B,-100.0
5330,low,2,16.0,30.0,6.7,C,-100.0
5331,low,1,27.0,4.0,9.8,A,-100.0
5332,high,2,7.0,5.0,9.8,A,-100.0
5333,none,2,13.0,4.0,9.3,A,-100.0
5334,high,0,13.0,4.0,3.6,A,-100.0
5335,,2,1.0,4.0,1.4,B,-11.6
5336,low,0,3.0,8.0,3.1,B,-8.6
5337,high,1,3.0,31.0,1.6,A,-14.7
5338,low,2,20.0,2.0,5.2,C,-100.0
5339,medium,2,8.0,4.0,8.3,A,-100.0
5340,high,0,6.0,33.0,6.6,D,-14.9
5341,high,1,23.0,16.0,8.1,C,-100.0
5342,none,2,10.0,12.0,5.7,C,-100.0
5343,high,2,31.0,15.0,6.2,A,-100.0
5344,medium,1,4.0,11.0,4.1,C,-12.7
5345,low,1,15.0,24.0,7.4,A,-100.0
5346,high,3,7.0,4.0,4.8,A,-100.0
5347,low,3,4.0,23.0,3.9,C,-17.4
5348,low,0,11.0,6.0,8.5,A,-20.0
5349,medium,1,7.0,2.0,1.3,A,-19.5
5350,none,1,10.0,6.0,9.1,C,-100.0
5351,high,0,4.0,21.0,8.2,A,-10.7
5352,medium,2,5.0,0.0,9.2,D,-14.5
5353,none,2,16.0,15.0,5.6,A,-100.0
5354,high,1,7.0,11.0,7.0,A,-19.2
5355,medium,1,4.0,4.0,9.7,C,-10.0
5356,low,2,3.0,50.0,3.0,A,-13.3
5357,low,1,6.0,15.0,9.6,C,-13.1
5358,low,2,16.0,23.0,5.0,A,-100.0
5359,low,3,1.0,12.0,8.9,A,-9.7
5360,low,2,10.0,18.0,9.8,A,-100.0
5361,medium,1,9.0,5.0,5.5,A,-100.0
5362,low,0,2.0,0.0,7.5,A,-4.8
5363,high,2,15.0,38.0,3.5,A,-100.0
5364,low,1,4.0,11.0,8.7,B,-10.1
5365,medium,1,5.0,5.0,3.5,C,-14.8
5366,high,1,11.0,17.0,3.9,A,-100.0
5367,high,1,23.0,0.0,1.1,A,-100.0
5368,high,0,4.0,20.0,2.0,A,-13.8
5369,high,2,10.0,8.0,2.7,A,-100.0
5370,low,1,10.0,0.0,9.1,C,-100.0
5371,high,3,12.0,7.0,6.5,A,-100.0
5372,low,0,9.0,4.0,8.5,C,-16.5
5373,medium,1,2.0,8.0,10.0,A,-6.3
5374,high,4,12.0,3.0,8.9,B,-100.0
5375,medium,3,10.0,6.0,8.9,C,-100.0
5376,,2,18.0,8.0,5.6,A,-100.0
5377,medium,4,10.0,12.0,4.2,B,-100.0
5378,high,1,9.0,20.0,5.4,B,-100.0
5379,low,1,5.0,4.0,5.7,A,-13.4
5380,medium,3,3.0,1.0,8.4,A,-13.9
5381,medium,0,9.0,15.0,9.2,A,-16.4
5382,medium,2,12.0,10.0,9.4,A,-100.0
5383,medium,2,4.0,35.0,7.1,A,-13.5
5384,medium,0,18.0,2.0,1.2,A,-100.0
5385,high,2,15.0,14.0,9.2,A,-100.0
5386,medium,2,19.0,24.0,3.0,A,-100.0
5387,medium,1,5.0,3.0,1.2,C,-16.0
5388,none,1,8.0,4.0,8.9,A,-17.6
5389,low,1,17.0,5.0,6.4,A,-100.0
5390,none,2,7.0,12.0,9.2,B,-18.2
5391,high,3,13.0,7.0,9.4,A,-100.0
5392,low,2,25.0,13.0,1.1,A,-100.0
5393,low,1,2.0,10.0,3.3,A,-9.3
5394,high,4,16.0,14.0,9.0,A,-100.0
5395,low,2,3.0,45.0,8.8,C,-10.4
5396,low,0,2.0,0.0,6.7,A,-5.2
5397,high,2,10.0,16.0,6.4,A,-100.0
5398,high,3,7.0,10.0,4.2,B,-100.0
5399,high,2,5.0,2.0,9.2,B,-17.2
5400,low,0,2.0,1.0,6.0,A,-5.5
5401,medium,3,20.0,11.0,9.4,A,-100.0
5402,low,3,10.0,19.0,10.0,C,-100.0
5403,none,1,25.0,12.0,9.9,A,-100.0
5404,none,3,6.0,8.0,2.5,A,-100.0
5405,medium,4,25.0,5.0,3.3,A,-100.0
5406,medium,0,2.0,50.0,10.0,D,-3.4
5407,low,0,7.0,3.0,5.7,A,-14.4
5408,low,1,5.0,6.0,5.2,A,-13.6
5409,medium,1,11.0,5.0,7.7,A,-100.0
5410,high,1,9.0,33.0,9.2,A,-100.0
5411,none,0,4.0,11.0,9.9,C,-7.6
5412,high,0,6.0,5.0,4.2,A,-16.4
5413,high,2,7.0,11.0,8.5,A,-100.0
5414,medium,1,7.0,5.0,7.5,A,-16.4
5415,medium,0,13.0,2.0,4.1,C,-100.0
5416,low,1,8.0,4.0,7.3,A,-17.8
5417,medium,2,8.0,4.0,8.9,A,-19.9
5418,medium,1,12.0,4.0,8.3,A,-100.0
5419,low,0,10.0,29.0,8.6,A,-17.9
5420,none,1,20.0,21.0,2.2,A,-100.0
5421,low,0,6.0,7.0,8.6,A,-11.2
5422,low,3,18.0,8.0,1.7,A,-100.0
5423,high,1,6.0,7.0,9.6,C,-16.2
5424,high,1,,13.0,8.2,C,
5425,none,0,5.0,14.0,8.1,A,-10.2
5426,none,1,5.0,17.0,2.5,C,-15.5
5427,medium,0,9.0,8.0,3.8,B,-19.2
5428,medium,0,2.0,8.0,9.1,A,-4.3
5429,low,0,11.0,18.0,9.5,A,-19.3
5430,medium,3,17.0,2.0,,D,
5431,low,2,15.0,12.0,2.0,A,-100.0
5432,low,1,2.0,2.0,9.8,A,-6.1
5433,high,4,13.0,4.0,1.6,D,-100.0
5434,medium,1,1.0,10.0,5.4,A,-6.9
5435,low,1,4.0,15.0,1.3,A,-13.7
5436,low,0,16.0,2.0,9.9,A,-100.0
5437,low,3,4.0,5.0,1.9,C,-18.5
5438,low,2,5.0,5.0,6.4,C,-15.5
5439,medium,2,11.0,2.0,1.8,A,-100.0
5440,low,1,8.0,10.0,2.4,A,-100.0
5441,high,2,2.0,12.0,8.4,A,-12.2
5442,medium,0,12.0,18.0,9.5,C,-100.0
5443,none,0,3.0,41.0,6.5,B,-7.2
5444,low,2,8.0,22.0,3.6,A,-100.0
5445,low,1,40.0,12.0,8.1,C,-100.0
5446,high,3,8.0,3.0,4.8,A,-100.0
5447,,0,,2.0,5.8,C,
5448,medium,0,4.0,26.0,5.8,A,-9.2
5449,none,2,13.0,9.0,9.5,C,-100.0
5450,high,2,24.0,3.0,5.6,A,-100.0
5451,low,1,13.0,6.0,7.3,A,-100.0
5452,medium,3,1.0,16.0,4.8,A,-12.1
5453,none,1,11.0,19.0,2.2,A,-100.0
5454,low,1,12.0,24.0,2.5,D,-100.0
5455,,1,6.0,13.0,9.4,A,-13.8
5456,high,3,18.0,1.0,4.5,C,-100.0
5457,medium,2,11.0,2.0,9.5,A,-100.0
5458,high,1,9.0,13.0,8.7,A,-100.0
5459,high,3,17.0,1.0,9.8,A,-100.0
5460,none,3,17.0,16.0,9.2,D,-100.0
5461,,3,4.0,4.0,9.4,A,-15.4
5462,medium,1,3.0,10.0,5.4,B,-10.3
5463,low,1,1.0,1.0,4.4,A,-7.1
5464,high,0,15.0,10.0,5.0,A,-100.0
5465,none,1,17.0,3.0,9.1,A,-100.0
5466,low,0,5.0,1.0,9.3,A,-9.1
5467,high,1,11.0,1.0,1.2,A,-100.0
5468,low,1,6.0,10.0,9.8,A,-13.0
5469,low,2,4.0,0.0,5.0,A,-14.5
5470,none,1,17.0,0.0,8.4,A,-100.0
5471,low,3,13.0,9.0,5.2,A,-100.0
5472,low,0,24.0,10.0,8.9,A,-100.0
5473,medium,2,13.0,6.0,10.0,A,-100.0
5474,none,1,10.0,14.0,3.2,C,-100.0
5475,low,2,12.0,23.0,3.3,A,-100.0
5476,high,0,5.0,1.0,4.4,A,-14.6
5477,high,1,4.0,1.0,4.4,B,-15.3
5478,low,2,5.0,3.0,4.5,A,-16.5
5479,low,1,9.0,28.0,1.9,C,-100.0
5480,low,2,6.0,1.0,7.2,C,-16.9
5481,high,1,8.0,1.0,4.1,A,-100.0
5482,low,0,7.0,2.0,9.4,B,-12.6
5483,low,1,14.0,12.0,3.1,A,-100.0
5484,high,1,8.0,13.0,7.1,C,-100.0
5485,high,1,13.0,3.0,5.4,C,-100.0
5486,high,2,11.0,1.0,5.5,A,-100.0
5487,low,1,12.0,1.0,5.5,C,-100.0
5488,none,1,8.0,23.0,5.6,A,-19.1
5489,medium,3,11.0,1.0,8.6,A,-100.0
5490,low,1,15.0,0.0,5.3,C,-100.0
5491,medium,1,6.0,17.0,8.6,A,-13.9
5492,medium,0,3.0,10.0,5.2,A,-7.9
5493,medium,0,28.0,4.0,5.3,C,-100.0
5494,low,2,8.0,2.0,9.7,B,-19.2
5495,low,1,35.0,13.0,9.3,A,-100.0
5496,high,2,9.0,23.0,7.4,A,-100.0
5497,medium,2,3.0,6.0,9.0,D,-11.1
5498,low,2,28.0,3.0,2.8,D,-100.0
5499,low,0,11.0,2.0,2.0,A,-100.0
5500,none,3,22.0,15.0,8.2,C,-100.0
5501,none,0,6.0,18.0,9.4,A,-11.3
5502,low,3,12.0,19.0,10.0,C,-100.0
5503,high,3,16.0,10.0,10.0,A,-100.0
5504,low,3,11.0,7.0,5.1,C,-100.0
5505,high,2,17.0,16.0,9.6,B,-100.0
5506,low,2,3.0,8.0,4.4,A,-13.0
5507,medium,4,38.0,12.0,5.4,A,-100.0
5508,medium,3,11.0,32.0,6.8,A,-100.0
5509,low,2,10.0,35.0,6.4,A,-100.0
5510,none,0,6.0,32.0,9.7,A,-11.0
5511,,2,1.0,6.0,5.2,C,-9.7
5512,high,0,6.0,7.0,8.3,C,-14.3
5513,medium,3,10.0,9.0,6.4,A,-100.0
5514,low,1,8.0,10.0,6.1,A,-18.4
5515,medium,1,4.0,6.0,4.9,A,-12.4
5516,low,2,9.0,2.0,7.7,B,-100.0
5517,none,3,5.0,1.0,,D,
5518,high,2,1.0,4.0,3.2,A,-13.1
5519,medium,3,21.0,4.0,6.2,A,-100.0
5520,medium,3,8.0,1.0,6.8,A,-100.0
5521,high,3,5.0,17.0,5.8,D,-100.0
5522,high,0,9.0,2.0,8.7,A,-19.4
5523,high,2,8.0,50.0,10.0,C,-100.0
5524,low,2,9.0,1.0,9.1,A,-100.0
5525,medium,4,3.0,15.0,9.1,D,-16.0
5526,none,2,3.0,12.0,9.7,A,-10.9
5527,none,2,20.0,3.0,8.8,A,-100.0
5528,none,3,4.0,5.0,9.3,A,-15.4
5529,medium,1,12.0,5.0,8.2,A,-100.0
5530,low,2,12.0,1.0,9.5,A,-100.0
5531,none,4,16.0,50.0,8.1,C,-100.0
5532,high,2,10.0,10.0,1.2,A,-100.0
5533,high,1,11.0,31.0,9.2,A,-100.0
5534,none,2,3.0,10.0,9.3,C,-11.1
5535,low,0,12.0,11.0,9.7,A,-100.0
5536,high,1,12.0,7.0,5.6,A,-100.0
5537,none,2,16.0,20.0,1.2,A,-100.0
5538,medium,1,12.0,23.0,9.7,A,-100.0
5539,medium,1,4.0,4.0,2.5,A,-13.6
5540,medium,0,7.0,1.0,9.7,A,-12.8
5541,none,4,15.0,1.0,6.2,B,-100.0
5542,high,3,33.0,1.0,8.4,A,-100.0
5543,low,1,4.0,10.0,4.6,A,-12.1
5544,high,1,7.0,21.0,10.0,A,-17.6
5545,medium,0,12.0,3.0,8.5,A,-100.0
5546,low,0,9.0,21.0,1.0,A,-100.0
5547,low,2,4.0,6.0,3.4,A,-15.3
5548,none,2,4.0,19.0,3.8,A,-15.5
5549,low,0,16.0,0.0,8.8,C,-100.0
5550,high,0,4.0,1.0,5.4,B,-12.3
5551,low,0,8.0,2.0,1.7,B,-18.1
5552,medium,1,10.0,12.0,6.0,C,-100.0
5553,medium,2,11.0,10.0,5.3,A,-100.0
5554,medium,3,20.0,20.0,8.9,A,-100.0
5555,none,0,10.0,19.0,5.5,A,-100.0
5556,medium,2,26.0,15.0,9.3,A,-100.0
5557,medium,1,8.0,23.0,5.5,A,-18.9
5558,medium,5,21.0,15.0,5.9,A,-100.0
5559,medium,1,2.0,3.0,8.5,A,-7.1
5560,low,0,3.0,8.0,7.5,C,-6.4
5561,low,0,2.0,30.0,4.2,A,-6.1
5562,low,3,10.0,17.0,5.2,A,-100.0
5563,low,0,15.0,7.0,3.1,D,-100.0
5564,none,0,19.0,1.0,5.0,A,-100.0
5565,high,1,13.0,6.0,7.2,B,-100.0
5566,low,1,11.0,5.0,1.8,A,-100.0
5567,high,0,7.0,10.0,4.8,A,-17.8
5568,high,3,6.0,7.0,9.5,C,-100.0
5569,low,0,10.0,3.0,9.6,C,-17.7
5570,high,0,2.0,14.0,,D,
5571,high,3,26.0,15.0,5.3,A,-100.0
5572,high,2,12.0,12.0,3.0,A,-100.0
5573,none,0,3.0,11.0,2.1,D,-9.7
5574,high,1,39.0,1.0,8.2,B,-100.0
5575,high,3,2.0,25.0,9.3,D,-14.1
5576,low,2,17.0,6.0,8.8,A,-100.0
5577,high,2,7.0,3.0,3.8,A,-100.0
5578,low,2,3.0,3.0,1.1,C,-14.7
5579,none,0,13.0,0.0,8.7,A,-100.0
5580,high,3,26.0,17.0,7.2,A,-100.0
5581,high,1,10.0,29.0,7.6,A,-100.0
5582,medium,3,14.0,0.0,9.3,A,-100.0
5583,high,1,2.0,8.0,3.4,A,-12.2
5584,high,1,14.0,9.0,2.4,A,-100.0
5585,high,2,11.0,6.0,2.2,A,-100.0
5586,medium,2,10.0,16.0,8.5,A,-100.0
5587,medium,2,2.0,16.0,8.8,B,-9.3
5588,high,4,0.0,13.0,3.0,C,-16.4
5589,medium,0,15.0,4.0,6.3,A,-100.0
5590,low,1,2.0,21.0,9.5,B,-6.1
5591,high,1,4.0,10.0,9.2,A,-12.8
5592,high,0,17.0,7.0,2.8,D,-100.0
5593,medium,0,13.0,9.0,9.3,A,-100.0
5594,medium,1,13.0,10.0,3.5,A,-100.0
5595,high,2,13.0,7.0,5.7,A,-100.0
5596,high,1,11.0,11.0,7.9,A,-100.0
5597,high,2,7.0,3.0,9.0,A,-100.0
5598,low,1,18.0,6.0,7.3,A,-100.0
5599,low,3,25.0,4.0,8.3,A,-100.0
5600,high,3,11.0,5.0,2.3,A,-100.0
5601,medium,1,14.0,28.0,5.2,B,-100.0
5602,medium,0,11.0,11.0,7.1,A,-100.0
5603,medium,1,15.0,13.0,2.9,A,-100.0
5604,high,0,6.0,21.0,4.7,C,-16.0
5605,medium,1,9.0,3.0,9.9,A,-18.7
5606,high,2,20.0,1.0,1.8,A,-100.0
5607,medium,3,3.0,5.0,2.4,A,-16.9
5608,medium,1,3.0,2.0,3.5,C,-11.4
5609,,1,7.0,10.0,3.4,D,-18.6
5610,high,2,14.0,10.0,8.1,A,-100.0
5611,medium,0,4.0,8.0,8.1,A,-8.3
5612,none,0,7.0,13.0,8.9,A,-13.3
5613,none,1,7.0,5.0,8.3,A,-16.2
5614,none,1,22.0,5.0,1.7,A,-100.0
5615,none,1,2.0,14.0,4.0,A,-9.5
5616,high,0,9.0,14.0,6.7,A,-100.0
5617,high,2,3.0,30.0,5.1,A,-15.4
5618,low,0,9.0,13.0,2.3,C,-19.5
5619,medium,1,6.0,11.0,10.0,A,-13.3
5620,low,0,4.0,26.0,8.8,B,-7.4
5621,low,2,40.0,1.0,8.9,A,-100.0
5622,low,0,3.0,2.0,5.5,A,-7.5
5623,low,2,9.0,12.0,3.6,B,-100.0
5624,medium,2,17.0,5.0,9.9,B,-100.0
5625,high,0,4.0,5.0,10.0,A,-10.0
5626,none,3,27.0,4.0,3.0,C,-100.0
5627,low,2,2.0,2.0,5.0,A,-11.0
5628,medium,0,4.0,3.0,7.6,C,-8.6
5629,high,1,2.0,5.0,9.2,A,-9.4
5630,medium,3,4.0,7.0,7.2,D,-16.2
5631,high,0,7.0,11.0,8.8,D,-15.8
5632,medium,0,2.0,8.0,2.7,B,-7.5
5633,medium,0,12.0,4.0,1.3,A,-100.0
5634,none,0,2.0,28.0,,A,
5635,high,2,12.0,3.0,8.4,B,-100.0
5636,high,0,8.0,31.0,7.0,A,-18.2
5637,low,0,17.0,1.0,9.6,B,-100.0
5638,medium,0,3.0,3.0,9.0,C,-6.1
5639,high,3,4.0,1.0,9.6,A,-17.7
5640,high,2,7.0,8.0,8.7,A,-100.0
5641,low,2,4.0,7.0,3.1,A,-15.4
5642,medium,0,9.0,8.0,9.1,A,-16.5
5643,high,3,8.0,23.0,3.6,C,-100.0
5644,low,2,10.0,3.0,7.9,A,-100.0
5645,medium,2,2.0,35.0,2.6,C,-12.2
5646,none,2,15.0,4.0,5.2,D,-100.0
5647,medium,2,2.0,13.0,2.9,A,-12.3
5648,high,4,12.0,3.0,9.1,C,-100.0
5649,high,4,14.0,4.0,9.4,A,-100.0
5650,low,0,28.0,1.0,2.3,A,-100.0
5651,low,0,9.0,0.0,8.9,B,-16.3
5652,none,1,9.0,3.0,9.6,A,-19.0
5653,none,0,26.0,41.0,5.8,A,-100.0
5654,high,1,18.0,5.0,8.1,C,-100.0
5655,high,1,16.0,7.0,9.5,A,-100.0
5656,high,1,21.0,10.0,4.4,A,-100.0
5657,high,0,7.0,5.0,3.1,A,-18.7
5658,low,1,4.0,10.0,2.8,C,-13.0
5659,high,1,9.0,25.0,8.4,A,-100.0
5660,high,1,6.0,7.0,9.0,A,-16.5
5661,high,1,7.0,16.0,7.5,D,-18.9
5662,high,2,4.0,2.0,2.0,A,-19.0
5663,high,2,14.0,15.0,3.9,A,-100.0
5664,,0,8.0,5.0,8.8,A,-15.2
5665,high,3,6.0,17.0,4.1,A,-100.0
5666,low,5,23.0,6.0,5.6,A,-100.0
5667,medium,3,9.0,7.0,9.5,A,-100.0
5668,,1,5.0,2.0,1.6,A,-16.0
5669,medium,0,6.0,10.0,2.9,C,-14.3
5670,high,0,10.0,2.0,1.9,A,-100.0
5671,low,0,9.0,2.0,8.2,A,-16.7
5672,low,1,25.0,17.0,7.8,A,-100.0
5673,none,2,5.0,3.0,8.8,A,-14.9
5674,low,0,1.0,19.0,9.2,A,-2.0
5675,low,1,11.0,16.0,9.8,A,-100.0
5676,medium,3,6.0,9.0,8.2,A,-19.2
5677,high,3,5.0,20.0,3.4,A,-100.0
5678,high,3,8.0,4.0,6.8,A,-100.0
5679,low,1,14.0,11.0,9.3,B,-100.0
5680,medium,1,10.0,5.0,8.3,A,-100.0
5681,high,0,11.0,0.0,4.4,A,-100.0
5682,low,3,13.0,15.0,9.9,A,-100.0
5683,low,0,9.0,30.0,3.8,A,-18.6
5684,low,0,11.0,5.0,6.3,A,-100.0
5685,low,3,12.0,11.0,6.1,A,-100.0
5686,medium,3,11.0,18.0,8.4,A,-100.0
5687,low,3,,3.0,4.8,C,
5688,low,1,21.0,50.0,,D,
5689,high,1,20.0,15.0,9.1,C,-100.0
5690,low,5,6.0,32.0,7.2,A,-100.0
5691,medium,4,35.0,7.0,8.5,A,-100.0
5692,medium,0,24.0,16.0,5.3,A,-100.0
5693,low,1,16.0,4.0,7.8,A,-100.0
5694,high,2,2.0,0.0,1.1,A,-16.0
5695,none,1,9.0,4.0,8.8,C,-19.4
5696,high,3,7.0,6.0,8.7,D,-100.0
5697,high,1,12.0,10.0,3.4,B,-100.0
5698,medium,2,6.0,5.0,1.7,C,-20.0
5699,medium,0,22.0,9.0,6.9,C,-100.0
5700,medium,0,6.0,2.0,8.1,B,-11.8
5701,high,1,5.0,4.0,3.1,A,-17.7
5702,high,1,0.0,16.0,9.8,B,-5.5
5703,high,1,3.0,7.0,2.4,C,-14.5
5704,low,1,6.0,5.0,1.2,A,-17.4
5705,medium,1,10.0,5.0,8.4,A,-100.0
5706,medium,1,10.0,3.0,7.8,A,-100.0
5707,high,3,3.0,25.0,7.8,A,-16.6
5708,none,2,11.0,16.0,9.7,B,-100.0
5709,medium,0,5.0,6.0,2.7,A,-12.7
5710,medium,1,14.0,16.0,9.8,A,-100.0
5711,medium,1,5.0,12.0,9.4,A,-11.8
5712,medium,0,6.0,16.0,9.8,A,-10.8
5713,medium,1,26.0,3.0,2.2,A,-100.0
5714,high,0,4.0,8.0,9.6,A,-10.1
5715,medium,3,0.0,2.0,3.7,C,-11.0
5716,high,2,10.0,7.0,8.9,C,-100.0
5717,high,1,4.0,0.0,1.4,A,-16.8
5718,medium,1,24.0,6.0,5.3,D,-100.0
5719,high,0,2.0,0.0,2.0,A,-10.5
5720,medium,1,13.0,2.0,5.8,A,-100.0
5721,medium,3,17.0,25.0,7.9,A,-100.0
5722,low,1,12.0,1.0,2.4,A,-100.0
5723,medium,0,22.0,1.0,9.4,B,-100.0
5724,none,0,9.0,19.0,2.2,C,-100.0
5725,low,0,19.0,1.0,5.5,D,-100.0
5726,low,1,4.0,14.0,9.7,A,-9.5
5727,medium,1,6.0,7.0,4.3,C,-16.2
5728,none,3,2.0,12.0,8.1,A,-12.4
5729,low,2,2.0,2.0,2.5,A,-12.3
5730,medium,4,12.0,43.0,8.9,C,-100.0
5731,low,3,20.0,8.0,8.8,C,-100.0
5732,none,0,5.0,20.0,6.6,C,-10.9
5733,high,0,20.0,9.0,5.4,A,-100.0
5734,medium,1,12.0,6.0,2.7,A,-100.0
5735,medium,2,2.0,5.0,9.4,A,-9.2
5736,medium,1,5.0,10.0,8.0,A,-12.5
5737,medium,1,8.0,3.0,1.9,D,-100.0
5738,low,1,8.0,4.0,5.9,B,-18.5
5739,low,1,3.0,6.0,9.0,A,-8.2
5740,medium,1,13.0,8.0,8.7,A,-100.0
5741,medium,3,6.0,12.0,7.4,C,-19.6
5742,none,1,11.0,50.0,6.6,A,-100.0
5743,low,3,5.0,10.0,7.5,A,-17.4
5744,medium,1,16.0,6.0,8.3,A,-100.0
5745,low,1,5.0,2.0,5.5,A,-13.5
5746,low,0,6.0,13.0,8.5,C,-11.1
5747,medium,1,10.0,2.0,9.4,B,-100.0
5748,none,0,1.0,18.0,8.7,C,-2.9
5749,none,1,9.0,2.0,4.0,A,-100.0
5750,medium,1,7.0,47.0,3.9,C,-17.7
5751,low,1,7.0,25.0,6.8,A,
5752,low,0,10.0,4.0,7.3,A,-18.8
5753,medium,3,3.0,6.0,8.9,A,-13.6
5754,medium,0,9.0,21.0,4.2,B,-18.8
5755,none,2,3.0,5.0,9.6,A,-11.0
5756,low,1,8.0,10.0,9.8,A,-16.5
5757,low,0,2.0,2.0,2.0,A,-7.5
5758,medium,2,5.0,6.0,5.0,A,-16.6
5759,high,3,17.0,8.0,8.3,A,-100.0
5760,none,2,2.0,12.0,1.4,A,-13.3
5761,low,0,2.0,2.0,2.5,A,-7.3
5762,low,0,4.0,18.0,9.6,A,-7.0
5763,high,1,3.0,24.0,8.4,A,-11.3
5764,high,1,1.0,10.0,2.9,A,-10.7
5765,medium,1,9.0,11.0,4.7,A,-100.0
5766,low,1,17.0,8.0,3.2,A,-100.0
5767,none,0,9.0,27.0,5.4,D,-18.4
5768,low,2,4.0,5.0,9.9,A,-12.0
5769,medium,0,19.0,5.0,6.3,D,-100.0
5770,medium,2,15.0,14.0,8.2,A,-100.0
5771,medium,2,12.0,13.0,3.4,A,-100.0
5772,,1,3.0,3.0,9.7,A,-8.5
5773,none,1,3.0,23.0,9.0,A,-8.6
5774,none,3,4.0,33.0,7.2,A,-16.2
5775,,2,2.0,6.0,3.4,A,-12.4
5776,none,1,16.0,50.0,9.1,A,-100.0
5777,medium,1,8.0,10.0,5.4,A,-19.1
5778,low,1,11.0,6.0,1.9,C,-100.0
5779,low,1,25.0,50.0,5.1,A,-100.0
5780,medium,3,5.0,12.0,9.0,A,-17.0
5781,none,4,5.0,2.0,9.7,A,-19.5
5782,high,1,8.0,27.0,4.9,B,-100.0
5783,low,1,12.0,1.0,2.1,A,-100.0
5784,medium,0,29.0,47.0,4.0,A,-100.0
5785,medium,2,12.0,8.0,9.7,A,-100.0
5786,low,0,20.0,11.0,8.7,C,-100.0
5787,medium,1,13.0,18.0,2.8,A,-100.0
5788,low,0,3.0,23.0,9.3,A,-5.4
5789,medium,4,3.0,48.0,8.9,D,-15.7
5790,,1,12.0,3.0,5.7,A,-100.0
5791,high,0,7.0,15.0,2.0,A,-19.1
5792,low,0,6.0,6.0,9.7,A,-10.6
5793,high,1,1.0,29.0,8.5,B,-7.7
5794,none,0,15.0,11.0,6.4,A,-100.0
5795,high,0,2.0,5.0,9.7,A,-6.6
5796,medium,1,14.0,27.0,7.1,A,-100.0
5797,high,0,24.0,5.0,1.4,C,-100.0
5798,high,1,15.0,9.0,1.2,A,-100.0
5799,none,0,4.0,26.0,9.0,C,-7.9
5800,none,0,2.0,4.0,1.3,A,-8.4
5801,none,1,6.0,4.0,6.2,B,-15.5
5802,none,3,13.0,1.0,1.4,A,-100.0
5803,high,1,6.0,3.0,8.2,B,-16.9
5804,low,3,5.0,14.0,8.1,A,-17.1
5805,medium,1,31.0,2.0,1.3,A,-100.0
5806,medium,0,4.0,2.0,8.5,A,-8.1
5807,none,0,7.0,4.0,6.6,A,-14.5
5808,low,1,4.0,2.0,5.1,A,-11.9
5809,medium,1,17.0,1.0,6.9,A,-100.0
5810,high,2,8.0,29.0,1.3,A,-100.0
5811,medium,1,12.0,13.0,6.9,A,-100.0
5812,low,0,8.0,35.0,9.2,C,-14.1
5813,medium,2,8.0,41.0,3.6,A,-100.0
5814,high,0,9.0,14.0,8.4,A,-19.4
5815,low,0,6.0,23.0,1.6,A,-14.5
5816,high,1,14.0,5.0,2.5,C,-100.0
5817,low,0,4.0,3.0,6.9,B,-8.5
5818,low,0,12.0,21.0,9.3,A,-100.0
5819,medium,2,12.0,8.0,9.4,A,-100.0
5820,high,2,6.0,11.0,8.0,C,-19.4
5821,high,2,3.0,9.0,3.4,C,-16.5
5822,low,3,1.0,13.0,8.3,C,-10.0
5823,medium,0,12.0,4.0,9.0,D,-100.0
5824,medium,2,7.0,10.0,9.0,C,-18.1
5825,low,0,7.0,21.0,9.0,A,-12.6
5826,medium,2,13.0,5.0,7.1,A,-100.0
5827,low,0,10.0,3.0,9.0,C,-18.0
5828,,0,13.0,25.0,8.8,C,-100.0
5829,high,0,9.0,11.0,7.2,A,-100.0
5830,low,2,19.0,5.0,1.2,D,-100.0
5831,low,3,6.0,27.0,9.5,A,-18.0
5832,low,1,,2.0,6.8,C,
5833,low,1,20.0,16.0,3.1,C,-100.0
5834,medium,3,20.0,25.0,5.4,C,-100.0
5835,high,0,12.0,11.0,9.4,A,-100.0
5836,high,2,31.0,2.0,9.6,B,-100.0
5837,low,0,9.0,9.0,2.3,A,-19.5
5838,low,0,2.0,36.0,3.7,A,-6.3
5839,low,2,4.0,8.0,2.8,A,-15.5
5840,medium,0,1.0,26.0,9.6,C,-2.1
5841,high,1,5.0,12.0,2.3,C,-18.0
5842,high,0,6.0,7.0,2.0,A,-17.5
5843,low,0,9.0,11.0,3.7,A,-18.8
5844,none,0,5.0,8.0,8.2,A,-10.2
5845,low,3,17.0,22.0,9.2,C,-100.0
5846,high,2,10.0,1.0,1.0,A,-100.0
5847,low,0,4.0,11.0,3.1,A,-10.4
5848,high,1,12.0,6.0,5.2,C,-100.0
5849,high,1,6.0,3.0,7.7,A,-17.1
5850,none,3,24.0,8.0,8.4,C,-100.0
5851,medium,2,18.0,2.0,9.5,A,-100.0
5852,low,0,8.0,0.0,1.7,A,-18.2
5853,medium,3,9.0,14.0,2.5,A,
5854,medium,0,9.0,2.0,8.3,A,-17.0
5855,low,1,22.0,9.0,6.8,A,-100.0
5856,low,0,17.0,3.0,3.3,A,-100.0
5857,high,1,13.0,15.0,1.2,A,-100.0
5858,high,0,7.0,4.0,7.1,A,-16.7
5859,high,3,19.0,9.0,2.7,A,-100.0
5860,low,1,4.0,0.0,4.2,A,-12.4
5861,medium,1,6.0,24.0,3.2,A,-16.6
5862,high,0,11.0,36.0,3.2,A,-100.0
5863,high,0,2.0,13.0,8.6,A,-7.1
5864,high,0,35.0,0.0,3.0,A,-100.0
5865,low,0,17.0,0.0,9.5,A,-100.0
5866,medium,0,2.0,13.0,8.3,A,-4.6
5867,none,1,7.0,13.0,9.1,A,-15.7
5868,none,3,12.0,18.0,7.9,B,-100.0
5869,high,3,7.0,4.0,8.0,A,-100.0
5870,low,1,5.0,31.0,4.3,D,-13.8
5871,low,1,10.0,12.0,2.2,A,-100.0
5872,none,0,13.0,2.0,1.6,A,-100.0
5873,low,2,20.0,21.0,9.0,B,-100.0
5874,medium,2,16.0,5.0,2.6,A,-100.0
5875,low,2,20.0,13.0,8.4,A,-100.0
5876,medium,2,24.0,33.0,9.5,C,-100.0
5877,high,4,5.0,10.0,9.9,A,-100.0
5878,low,2,6.0,12.0,5.1,A,-17.9
5879,low,5,6.0,33.0,8.6,A,-100.0
5880,none,0,3.0,4.0,8.5,A,-6.6
5881,low,1,3.0,9.0,3.0,B,-11.2
5882,low,1,8.0,33.0,1.3,C,-100.0
5883,high,1,20.0,13.0,8.4,C,-100.0
5884,medium,3,3.0,11.0,9.7,D,-13.2
5885,low,0,5.0,17.0,3.2,A,-12.0
5886,high,1,11.0,25.0,8.6,A,-100.0
5887,high,2,15.0,3.0,8.2,B,-100.0
5888,high,3,14.0,20.0,9.9,A,-100.0
5889,medium,2,2.0,2.0,3.0,B,-12.4
5890,,0,23.0,5.0,2.7,C,-100.0
5891,high,0,8.0,4.0,7.5,A,-18.2
5892,low,1,15.0,0.0,8.7,A,-100.0
5893,low,1,16.0,0.0,9.2,A,-100.0
5894,high,2,8.0,12.0,2.5,A,-100.0
5895,high,4,2.0,5.0,4.8,C,-19.1
5896,low,0,10.0,44.0,8.4,A,-17.9
5897,medium,1,10.0,6.0,8.3,B,-100.0
5898,low,1,3.0,3.0,2.1,B,-11.7
5899,medium,2,11.0,25.0,8.8,C,-100.0
5900,medium,0,5.0,0.0,3.5,B,-12.4
5901,high,1,2.0,19.0,9.4,A,-9.1
5902,medium,2,8.0,4.0,8.2,A,-100.0
5903,high,0,9.0,3.0,3.3,A,-100.0
5904,none,0,5.0,6.0,8.5,A,-10.1
5905,low,2,20.0,14.0,8.4,A,-100.0
5906,low,2,5.0,19.0,9.4,A,-13.9
5907,none,2,6.0,8.0,1.9,A,-100.0
5908,low,2,8.0,30.0,8.2,D,-19.6
5909,medium,1,2.0,25.0,8.9,A,-6.7
5910,low,0,16.0,9.0,6.9,A,-100.0
5911,low,3,6.0,27.0,1.7,C,-100.0
5912,low,2,18.0,1.0,9.1,A,-100.0
5913,medium,1,11.0,17.0,9.9,A,-100.0
5914,none,1,14.0,6.0,5.6,A,-100.0
5915,medium,1,5.0,2.0,9.8,A,-11.7
5916,none,1,10.0,0.0,8.3,A,-100.0
5917,medium,1,3.0,11.0,2.5,A,-11.8
5918,low,2,5.0,4.0,4.4,C,-16.5
5919,medium,2,13.0,12.0,8.3,A,-100.0
5920,high,4,10.0,1.0,8.4,A,-100.0
5921,medium,4,3.0,0.0,1.3,C,-100.0
5922,medium,1,13.0,29.0,1.6,A,-100.0
5923,high,5,14.0,37.0,5.0,C,-100.0
5924,none,2,3.0,13.0,2.3,C,-14.6
5925,medium,1,3.0,16.0,5.2,A,-10.4
5926,medium,0,7.0,4.0,3.5,A,-15.9
5927,low,1,6.0,12.0,7.3,C,-14.2
5928,medium,0,9.0,4.0,9.8,A,-16.2
5929,low,2,14.0,21.0,7.6,A,-100.0
5930,low,1,28.0,4.0,1.2,A,-100.0
5931,low,2,8.0,14.0,9.1,A,-19.3
5932,none,0,8.0,0.0,8.1,B,-15.6
5933,low,3,9.0,14.0,2.5,C,-100.0
5934,medium,0,6.0,22.0,5.6,A,-12.9
5935,high,0,3.0,4.0,8.2,C,-9.1
5936,low,1,16.0,12.0,2.8,A,-100.0
5937,low,1,,22.0,10.0,C,
5938,medium,1,3.0,21.0,3.4,A,-11.2
5939,,2,5.0,25.0,8.2,A,-15.0
5940,high,2,1.0,39.0,3.6,A,-12.6
5941,high,0,13.0,35.0,3.1,A,-100.0
5942,medium,2,25.0,2.0,7.8,D,-100.0
5943,low,0,13.0,10.0,6.4,A,-100.0
5944,low,0,13.0,9.0,5.5,A,-100.0
5945,medium,4,8.0,3.0,9.0,A,-100.0
5946,high,2,8.0,1.0,5.5,A,-100.0
5947,medium,1,13.0,15.0,3.0,A,-100.0
5948,low,2,11.0,9.0,9.3,B,-100.0
5949,high,4,15.0,15.0,1.5,A,-100.0
5950,medium,0,4.0,13.0,6.2,D,-9.2
5951,low,1,9.0,2.0,7.3,A,-19.6
5952,none,1,40.0,16.0,9.6,A,-100.0
5953,medium,0,23.0,4.0,9.7,A,-100.0
5954,low,2,7.0,6.0,8.4,C,-18.0
5955,low,2,5.0,3.0,5.7,A,-15.9
5956,,2,8.0,5.0,9.0,C,-100.0
5957,medium,1,17.0,5.0,8.5,C,-100.0
5958,none,0,18.0,9.0,2.1,A,-100.0
5959,medium,1,8.0,34.0,5.4,A,-18.9
5960,none,2,6.0,21.0,8.7,A,-16.6
5961,medium,3,12.0,19.0,3.8,A,-100.0
5962,medium,3,5.0,35.0,4.9,D,-18.8
5963,none,1,3.0,7.0,6.6,B,-10.0
5964,none,0,1.0,4.0,2.8,C,-5.9
5965,medium,1,19.0,16.0,8.7,C,-100.0
5966,none,3,3.0,23.0,6.9,C,-14.7
5967,low,3,5.0,5.0,8.7,A,-16.9
5968,high,1,9.0,7.0,2.3,A,-100.0
5969,none,1,9.0,0.0,3.6,B,-100.0
5970,low,2,8.0,34.0,8.6,A,-19.4
5971,none,3,5.0,43.0,8.9,C,-17.0
5972,low,1,7.0,1.0,9.3,C,-15.1
5973,high,2,13.0,7.0,4.6,A,-100.0
5974,low,4,18.0,11.0,8.2,A,-100.0
5975,low,0,30.0,3.0,4.1,D,-100.0
5976,high,1,1.0,24.0,6.1,A,-9.0
5977,none,1,3.0,9.0,5.8,C,-10.4
5978,low,1,25.0,41.0,9.5,A,-100.0
5979,medium,1,7.0,8.0,2.0,A,-19.1
5980,medium,2,7.0,1.0,3.4,A,-100.0
5981,medium,5,6.0,1.0,9.6,A,-100.0
5982,high,1,6.0,5.0,7.5,A,-17.2
5983,high,1,5.0,7.0,1.4,C,-18.5
5984,high,2,7.0,4.0,5.4,A,-100.0
5985,low,2,17.0,43.0,7.0,A,-100.0
5986,none,0,7.0,1.0,9.7,A,-13.0
5987,medium,0,1.0,1.0,1.3,A,-6.5
5988,medium,1,3.0,0.0,8.1,C,-9.1
5989,medium,2,2.0,7.0,2.6,A,-12.5
5990,none,3,13.0,14.0,9.5,A,-100.0
5991,low,1,9.0,8.0,4.1,D,-100.0
5992,low,2,8.0,2.0,9.8,A,-19.1
5993,medium,4,14.0,7.0,5.2,A,-100.0
5994,low,1,11.0,2.0,9.6,B,-100.0
5995,high,3,9.0,2.0,5.1,A,-100.0
5996,high,0,10.0,2.0,7.2,A,-100.0
5997,low,1,7.0,13.0,4.5,A,-17.4
5998,medium,0,13.0,26.0,6.4,A,-100.0
5999,medium,0,10.0,4.0,5.3,A,-100.0
6000,,0,9.0,11.0,8.8,C,-16.9
6001,medium,1,8.0,6.0,3.6,A,-100.0
6002,none,0,9.0,11.0,2.0,C,-100.0
6003,high,1,9.0,10.0,1.2,A,-100.0
6004,low,1,6.0,6.0,1.5,C,-17.2
6005,medium,0,11.0,13.0,1.3,A,-100.0
6006,none,1,10.0,3.0,9.8,A,-100.0
6007,medium,1,5.0,25.0,6.6,A,-13.1
6008,low,0,5.0,14.0,2.4,A,-12.4
6009,high,2,10.0,6.0,9.6,A,-100.0
6010,high,3,18.0,0.0,5.8,C,-100.0
6011,medium,0,22.0,2.0,1.1,C,-100.0
6012,medium,0,25.0,8.0,7.9,A,-100.0
6013,high,0,3.0,15.0,7.4,A,-9.4
6014,medium,2,8.0,38.0,1.5,C,-100.0
6015,low,1,6.0,4.0,9.4,C,-13.3
6016,medium,0,13.0,50.0,3.7,B,-100.0
6017,low,0,10.0,11.0,3.0,A,-100.0
6018,,3,6.0,4.0,1.3,B,-100.0
6019,high,1,4.0,28.0,1.6,A,-16.4
6020,medium,0,0.0,21.0,3.0,A,-3.7
6021,none,2,20.0,7.0,9.4,A,-100.0
6022,none,0,1.0,2.0,7.0,A,-3.9
6023,,0,7.0,11.0,5.8,A,-14.9
6024,none,2,18.0,2.0,5.1,A,-100.0
6025,low,3,11.0,2.0,1.2,A,-100.0
6026,low,2,10.0,13.0,8.3,C,-100.0
6027,high,4,1.0,23.0,6.3,A,-16.4
6028,low,0,2.0,1.0,1.4,B,-7.8
6029,low,2,6.0,15.0,4.4,A,-18.2
6030,low,1,7.0,15.0,2.6,A,-18.3
6031,low,2,14.0,3.0,9.3,A,-100.0
6032,low,0,3.0,32.0,9.1,A,-5.4
6033,high,2,13.0,0.0,4.2,A,-100.0
6034,high,1,29.0,9.0,1.4,D,-100.0
6035,high,3,5.0,7.0,1.5,A,-100.0
6036,medium,3,9.0,13.0,8.7,A,-100.0
6037,none,1,4.0,13.0,4.8,A,-12.6
6038,low,0,2.0,26.0,4.1,A,-6.2
6039,medium,1,9.0,5.0,4.2,A,-100.0
6040,low,2,7.0,11.0,8.4,A,-18.0
6041,low,1,8.0,2.0,9.2,A,-16.9
6042,low,4,7.0,2.0,4.7,C,-100.0
6043,low,2,17.0,4.0,8.8,A,-100.0
6044,medium,2,6.0,5.0,4.8,B,-18.4
6045,low,6,5.0,16.0,7.1,B,-100.0
6046,medium,5,6.0,9.0,6.3,A,-100.0
6047,high,3,18.0,26.0,3.9,B,-100.0
6048,medium,1,1.0,6.0,2.8,A,-8.2
6049,medium,0,11.0,5.0,3.7,C,-100.0
6050,high,2,7.0,7.0,3.7,A,-100.0
6051,high,1,29.0,4.0,8.3,C,-100.0
6052,low,1,5.0,10.0,1.4,C,-15.5
6053,high,1,14.0,36.0,9.6,A,-100.0
6054,low,2,5.0,11.0,9.3,A,-14.0
6055,none,1,23.0,1.0,8.4,A,-100.0
6056,high,1,5.0,5.0,6.6,C,-15.9
6057,high,2,9.0,4.0,8.9,C,-100.0
6058,medium,6,18.0,2.0,9.6,A,-100.0
6059,medium,1,4.0,12.0,8.0,A,-10.8
6060,low,3,13.0,3.0,8.7,B,-100.0
6061,medium,1,2.0,12.0,3.2,C,-9.7
6062,none,5,25.0,21.0,8.4,C,-100.0
6063,low,4,39.0,8.0,8.6,A,-100.0
6064,high,2,21.0,19.0,2.4,A,-100.0
6065,medium,1,8.0,0.0,9.0,A,-17.4
6066,low,0,21.0,0.0,2.7,A,-100.0
6067,medium,0,20.0,27.0,7.9,A,-100.0
6068,medium,4,4.0,4.0,8.8,A,-18.0
6069,high,3,1.0,5.0,6.8,A,-13.8
6070,low,0,5.0,5.0,2.6,A,-12.4
6071,none,1,9.0,5.0,2.7,C,-100.0
6072,low,1,7.0,15.0,5.7,A,-16.8
6073,high,2,9.0,10.0,8.6,A,-100.0
6074,medium,0,4.0,27.0,3.6,A,-10.3
6075,none,0,11.0,4.0,7.4,B,-100.0
6076,high,3,13.0,10.0,9.7,A,-100.0
6077,medium,0,2.0,17.0,5.3,A,-6.1
6078,,2,20.0,2.0,5.3,A,-100.0
6079,low,2,27.0,8.0,3.7,A,-100.0
6080,high,4,5.0,12.0,8.4,A,-100.0
6081,low,2,4.0,5.0,3.1,A,-15.4
6082,medium,1,13.0,2.0,3.3,A,-100.0
6083,low,2,15.0,48.0,9.3,C,-100.0
6084,low,2,17.0,2.0,8.3,A,-100.0
6085,medium,3,3.0,1.0,8.6,A,-13.8
6086,none,3,6.0,8.0,8.8,C,-19.1
6087,high,2,3.0,5.0,8.5,B,-14.0
6088,low,2,12.0,2.0,9.3,A,-100.0
6089,low,5,14.0,1.0,7.6,B,-100.0
6090,low,1,18.0,1.0,4.5,A,-100.0
6091,medium,2,3.0,4.0,8.6,D,-11.3
6092,low,1,17.0,10.0,9.8,A,-100.0
6093,medium,3,10.0,26.0,6.6,A,-100.0
6094,high,2,5.0,7.0,8.5,C,-17.5
6095,medium,2,9.0,15.0,7.1,A,-100.0
6096,none,2,17.0,1.0,1.6,A,-100.0
6097,medium,1,8.0,19.0,4.1,A,-19.7
6098,low,3,26.0,11.0,7.1,A,-100.0
6099,none,1,2.0,13.0,7.6,A,-7.7
6100,none,1,6.0,2.0,9.3,A,-13.9
6101,medium,0,9.0,6.0,9.6,A,-16.3
6102,medium,1,21.0,12.0,6.7,B,-100.0
6103,low,2,1.0,8.0,1.3,C,-11.0
6104,medium,1,6.0,4.0,8.3,A,-14.2
6105,high,1,19.0,15.0,7.7,B,-100.0
6106,medium,3,5.0,3.0,9.9,B,-16.7
6107,low,0,8.0,24.0,7.0,C,-15.3
6108,medium,3,2.0,4.0,9.2,C,-11.8
6109,none,4,10.0,1.0,3.3,A,-100.0
6110,high,1,38.0,7.0,3.5,A,
6111,low,0,1.0,20.0,6.6,A,-3.3
6112,none,3,4.0,9.0,9.8,B,-15.1
6113,high,2,5.0,16.0,3.9,B,-19.7
6114,medium,1,5.0,16.0,10.0,A,-11.5
6115,medium,1,1.0,9.0,4.0,C,-7.6
6116,none,0,4.0,2.0,9.9,C,-7.6
6117,high,0,17.0,4.0,9.8,A,-100.0
6118,medium,0,11.0,13.0,3.6,B,-100.0
6119,low,5,6.0,7.0,5.2,A,-100.0
6120,high,1,10.0,15.0,3.5,A,-100.0
6121,medium,4,30.0,4.0,6.2,A,-100.0
6122,low,1,2.0,12.0,8.1,B,-6.9
6123,medium,3,10.0,3.0,1.4,A,-100.0
6124,none,2,18.0,8.0,8.5,C,-100.0
6125,high,5,5.0,4.0,6.7,A,-100.0
6126,medium,4,22.0,4.0,1.9,C,-100.0
6127,high,3,15.0,31.0,4.5,A,-100.0
6128,medium,0,13.0,1.0,8.3,A,-100.0
6129,low,1,7.0,7.0,2.0,A,-18.7
6130,high,1,4.0,0.0,9.9,A,-12.6
6131,low,1,8.0,9.0,3.8,D,-19.5
6132,medium,0,6.0,50.0,6.3,A,-12.3
6133,low,3,9.0,16.0,7.7,A,-100.0
6134,low,1,14.0,30.0,6.0,A,-100.0
6135,high,1,18.0,2.0,9.7,A,-100.0
6136,low,3,11.0,5.0,8.1,A,-100.0
6137,low,0,19.0,1.0,7.2,A,-100.0
6138,high,3,18.0,3.0,4.5,A,-100.0
6139,none,0,18.0,1.0,9.7,B,-100.0
6140,medium,3,5.0,39.0,6.0,A,-18.3
6141,medium,1,6.0,2.0,2.5,B,-17.1
6142,low,2,10.0,4.0,5.2,D,-100.0
6143,low,1,2.0,6.0,9.6,B,-6.2
6144,low,4,22.0,20.0,8.8,A,-100.0
6145,high,4,4.0,2.0,3.6,A,-100.0
6146,medium,2,12.0,25.0,9.2,A,-100.0
6147,high,1,7.0,13.0,9.0,B,-18.1
6148,high,1,2.0,8.0,8.4,B,-9.8
6149,low,1,8.0,44.0,6.1,B,-18.0
6150,medium,0,12.0,4.0,8.7,A,-100.0
6151,high,2,25.0,0.0,8.4,A,-100.0
6152,medium,2,14.0,0.0,2.1,D,-100.0
6153,none,1,8.0,20.0,6.9,A,-18.5
6154,high,1,,12.0,9.1,C,
6155,low,1,6.0,12.0,3.0,C,-16.4
6156,medium,0,5.0,24.0,8.0,A,-9.9
6157,medium,1,5.0,14.0,7.8,C,-12.6
6158,high,4,7.0,8.0,5.1,A,-100.0
6159,none,2,1.0,14.0,,C,
6160,low,3,39.0,50.0,6.2,B,-100.0
6161,low,3,10.0,50.0,5.2,A,-100.0
6162,none,2,6.0,1.0,2.8,A,-19.7
6163,high,1,4.0,15.0,1.2,A,-16.8
6164,high,0,1.0,16.0,9.8,A,-4.7
6165,medium,5,4.0,5.0,9.0,C,-100.0
6166,high,1,11.0,4.0,8.9,A,-100.0
6167,high,3,22.0,1.0,9.4,D,-100.0
6168,none,1,8.0,3.0,6.0,B,-19.1
6169,medium,1,18.0,12.0,9.6,A,-100.0
6170,low,2,16.0,46.0,2.3,C,-100.0
6171,high,1,5.0,5.0,8.9,C,-14.8
6172,medium,2,9.0,16.0,4.1,A,-100.0
6173,low,2,6.0,7.0,5.4,A,-17.8
6174,medium,2,12.0,0.0,8.6,A,-100.0
6175,high,1,20.0,6.0,5.1,A,-100.0
6176,,3,14.0,12.0,6.2,A,-100.0
6177,medium,1,11.0,2.0,9.1,A,-100.0
6178,high,1,19.0,15.0,9.8,A,-100.0
6179,low,2,14.0,13.0,3.6,C,-100.0
6180,low,0,3.0,6.0,8.5,C,-6.0
6181,none,0,11.0,4.0,8.8,A,-100.0
6182,high,1,1.0,12.0,6.4,A,-9.0
6183,low,1,10.0,2.0,2.4,B,-100.0
6184,low,0,17.0,22.0,7.5,A,-100.0
6185,low,1,4.0,16.0,8.2,C,-10.3
6186,medium,4,2.0,3.0,3.3,B,-17.2
6187,high,0,7.0,10.0,3.3,A,-18.5
6188,medium,1,17.0,15.0,9.3,B,-100.0
6189,high,0,14.0,7.0,7.0,A,-100.0
6190,low,1,1.0,4.0,9.7,A,-4.4
6191,low,3,10.0,50.0,7.4,A,-100.0
6192,medium,0,9.0,24.0,6.4,A,-17.7
6193,high,2,20.0,14.0,7.5,A,-100.0
6194,medium,3,11.0,6.0,9.3,A,-100.0
6195,high,1,3.0,14.0,3.5,A,-13.9
6196,medium,2,14.0,13.0,8.2,A,-100.0
6197,medium,2,10.0,1.0,1.7,A,-100.0
6198,medium,1,3.0,35.0,2.2,A,-11.7
6199,low,1,10.0,2.0,3.7,C,-100.0
6200,low,0,15.0,3.0,4.5,A,-100.0
6201,none,1,14.0,31.0,5.1,C,-100.0
6202,low,2,2.0,34.0,1.9,A,-12.2
6203,low,1,31.0,5.0,8.6,C,-100.0
6204,medium,2,5.0,10.0,9.4,A,-14.3
6205,high,1,2.0,2.0,8.9,A,-9.6
6206,medium,2,8.0,16.0,9.2,A,-19.6
6207,none,0,3.0,2.0,6.5,C,-7.6
6208,high,1,6.0,8.0,7.0,C,-17.4
6209,none,0,6.0,14.0,8.3,A,-11.8
6210,low,0,7.0,8.0,7.5,A,-13.4
6211,low,4,7.0,7.0,8.3,A,-100.0
6212,high,0,1.0,2.0,5.6,C,-7.0
6213,low,1,19.0,48.0,4.1,B,-100.0
6214,medium,0,11.0,8.0,7.6,A,-100.0
6215,high,2,2.0,35.0,6.4,A,-13.0
6216,medium,3,8.0,1.0,9.1,A,-100.0
6217,high,1,8.0,2.0,1.5,A,-100.0
6218,none,0,5.0,6.0,8.1,A,-10.3
6219,low,2,28.0,9.0,8.8,C,-100.0
6220,none,0,8.0,14.0,8.6,A,-15.2
6221,high,1,29.0,0.0,6.0,A,-100.0
6222,none,0,10.0,26.0,8.3,A,-18.7
6223,high,2,16.0,3.0,8.5,A,-100.0
6224,medium,2,18.0,5.0,9.3,C,-100.0
6225,medium,0,4.0,13.0,10.0,A,-7.3
6226,low,1,9.0,3.0,7.6,A,-19.4
6227,high,2,4.0,7.0,7.8,C,-16.0
6228,medium,1,6.0,7.0,9.0,A,-13.8
6229,medium,1,6.0,5.0,3.5,A,-16.6
6230,,1,20.0,1.0,3.8,A,-100.0
6231,medium,0,10.0,11.0,9.5,A,-18.0
6232,medium,0,7.0,15.0,8.7,B,-13.2
6233,low,0,8.0,2.0,8.7,C,-14.7
6234,none,2,7.0,34.0,8.7,A,-18.2
6235,medium,0,6.0,18.0,3.8,A,-13.8
6236,low,2,15.0,41.0,6.9,A,-100.0
6237,high,1,12.0,19.0,9.5,A,-100.0
6238,low,3,5.0,9.0,3.2,A,-19.6
6239,high,2,15.0,3.0,8.8,B,-100.0
6240,low,4,19.0,9.0,6.2,C,-100.0
6241,high,1,3.0,6.0,8.4,A,-11.5
6242,medium,1,14.0,2.0,9.6,C,-100.0
6243,high,3,4.0,17.0,3.7,A,-100.0
6244,low,1,8.0,23.0,5.4,A,-18.6
6245,medium,1,5.0,3.0,9.3,C,-12.0
6246,low,2,5.0,9.0,7.8,B,-14.8
6247,low,4,10.0,3.0,3.7,C,-100.0
6248,high,1,6.0,11.0,3.8,A,-19.0
6249,medium,1,4.0,15.0,1.4,A,-14.0
6250,high,0,8.0,6.0,1.3,A,-100.0
6251,high,1,10.0,30.0,7.6,A,-100.0
6252,high,0,19.0,38.0,8.7,C,-100.0
6253,low,0,10.0,4.0,7.1,A,-18.9
6254,medium,3,15.0,0.0,9.9,C,-100.0
6255,medium,1,12.0,30.0,9.9,A,-100.0
6256,high,2,15.0,50.0,6.7,B,-100.0
6257,medium,1,15.0,8.0,3.8,C,-100.0
6258,high,0,3.0,3.0,2.9,C,-11.8
6259,medium,1,9.0,22.0,8.6,A,-19.1
6260,low,2,4.0,8.0,8.8,D,-12.5
6261,low,1,3.0,4.0,8.7,A,-8.4
6262,low,1,7.0,15.0,1.4,A,-18.9
6263,low,0,0.0,5.0,8.5,A,-0.7
6264,high,1,5.0,10.0,3.2,A,-17.6
6265,none,2,9.0,1.0,8.1,D,-100.0
6266,medium,0,8.0,7.0,4.8,A,-16.9
6267,low,0,7.0,17.0,8.0,C,-13.1
6268,low,1,1.0,1.0,2.5,A,-8.0
6269,none,0,14.0,22.0,7.4,A,-100.0
6270,,2,1.0,34.0,2.5,C,-10.8
6271,low,0,7.0,13.0,9.4,A,-12.4
6272,high,2,4.0,1.0,3.3,A,-18.4
6273,,2,20.0,24.0,6.0,A,-100.0
6274,high,1,8.0,24.0,4.4,A,-100.0
6275,high,2,11.0,23.0,8.8,A,-100.0
6276,low,3,9.0,3.0,2.0,A,-100.0
6277,low,1,16.0,5.0,8.2,C,-100.0
6278,low,1,15.0,11.0,9.2,A,-100.0
6279,high,1,8.0,3.0,3.3,A,-100.0
6280,high,2,8.0,48.0,6.0,C,-100.0
6281,,1,10.0,2.0,6.3,A,-100.0
6282,none,2,7.0,8.0,9.1,B,-18.2
6283,high,0,4.0,1.0,8.3,A,-10.9
6284,medium,1,10.0,30.0,10.0,A,-100.0
6285,low,1,28.0,26.0,9.3,A,-100.0
6286,medium,0,30.0,20.0,6.5,A,-100.0
6287,medium,1,2.0,50.0,2.3,A,-9.8
6288,high,1,8.0,13.0,2.3,B,-100.0
6289,none,1,2.0,9.0,9.3,C,-6.9
6290,medium,3,2.0,22.0,1.3,A,-15.5
6291,medium,0,8.0,7.0,3.6,A,-17.5
6292,medium,2,11.0,1.0,9.7,A,-100.0
6293,low,2,7.0,6.0,8.1,C,-18.2
6294,high,1,1.0,45.0,1.5,A,-11.1
6295,low,1,3.0,12.0,9.5,C,-7.9
6296,none,1,7.0,9.0,9.4,C,-15.6
6297,low,1,16.0,5.0,1.1,B,-100.0
6298,high,2,14.0,11.0,7.4,B,-100.0
6299,high,2,29.0,1.0,9.8,A,-100.0
6300,high,0,7.0,15.0,8.6,C,-15.8
6301,high,0,16.0,12.0,3.1,C,-100.0
6302,medium,5,2.0,3.0,5.1,A,-18.8
6303,high,0,3.0,0.0,4.7,A,-10.9
6304,low,0,2.0,0.0,3.1,A,-7.0
6305,low,3,7.0,17.0,9.8,A,-19.7
6306,medium,2,1.0,12.0,1.8,A,-11.1
6307,low,2,5.0,19.0,9.5,C,-13.8
6308,medium,0,6.0,22.0,1.7,A,-14.8
6309,low,1,19.0,4.0,8.4,A,-100.0
6310,low,0,21.0,17.0,1.3,B,-100.0
6311,,4,4.0,32.0,1.3,B,-100.0
6312,high,3,13.0,13.0,1.2,A,-100.0
6313,high,2,5.0,5.0,9.8,C,-16.8
6314,low,1,7.0,16.0,3.8,A,-17.7
6315,medium,0,2.0,16.0,8.9,A,-4.3
6316,none,3,31.0,2.0,9.9,A,-100.0
6317,medium,1,5.0,19.0,3.7,A,-14.6
6318,medium,0,17.0,3.0,3.1,A,-100.0
6319,low,1,1.0,13.0,,A,
6320,high,0,6.0,17.0,3.3,A,-16.7
6321,medium,2,21.0,35.0,7.2,A,-100.0
6322,low,2,11.0,11.0,6.4,A,-100.0
6323,low,5,16.0,2.0,9.0,A,-100.0
6324,low,0,6.0,4.0,2.4,A,-14.3
6325,low,4,21.0,50.0,3.6,A,-100.0
6326,none,2,12.0,5.0,1.3,A,-100.0
6327,medium,1,3.0,15.0,2.3,A,-11.9
6328,low,2,2.0,23.0,3.9,C,-11.3
6329,low,3,3.0,10.0,8.9,A,-13.2
6330,low,1,3.0,19.0,3.9,C,-10.6
6331,low,0,1.0,14.0,3.1,C,-5.1
6332,high,2,3.0,6.0,4.5,A,-16.0
6333,low,1,16.0,20.0,4.4,C,-100.0
6334,high,1,3.0,1.0,8.5,A,-11.5
6335,medium,5,28.0,8.0,3.8,B,-100.0
6336,,2,7.0,17.0,10.0,C,-17.7
6337,medium,2,16.0,13.0,8.6,C,-100.0
6338,low,0,7.0,7.0,9.1,A,-12.7
6339,low,1,13.0,9.0,4.7,A,-100.0
6340,high,1,7.0,10.0,10.0,A,-17.7
6341,medium,1,6.0,1.0,9.6,A,-13.6
6342,low,1,10.0,11.0,9.8,A,-100.0
6343,low,2,7.0,8.0,9.3,C,-17.5
6344,medium,1,8.0,5.0,3.4,A,-100.0
6345,high,4,10.0,21.0,2.6,A,-100.0
6346,medium,1,8.0,4.0,9.6,A,-17.1
6347,low,2,1.0,7.0,8.4,A,-7.5
6348,medium,1,7.0,1.0,8.5,A,-15.9
6349,high,2,40.0,15.0,8.3,A,-100.0
6350,high,2,9.0,19.0,1.9,B,-100.0
6351,medium,2,20.0,14.0,9.6,D,-100.0
6352,medium,0,3.0,22.0,5.3,A,-7.8
6353,low,0,40.0,2.0,9.2,A,-100.0
6354,high,3,1.0,7.0,8.7,C,-12.9
6355,low,1,12.0,7.0,8.9,C,-100.0
6356,none,1,24.0,9.0,1.8,A,-100.0
6357,none,1,11.0,2.0,9.3,A,-100.0
6358,high,2,3.0,9.0,5.2,A,-15.6
6359,high,2,4.0,0.0,5.1,B,-17.5
6360,none,0,8.0,9.0,2.8,A,-18.1
6361,medium,0,12.0,4.0,4.7,C,-100.0
6362,medium,2,12.0,24.0,2.4,A,-100.0
6363,medium,2,15.0,9.0,4.6,A,-100.0
6364,low,4,3.0,1.0,5.1,C,-17.7
6365,low,2,1.0,36.0,2.8,C,-10.0
6366,low,0,1.0,3.0,,B,
6367,medium,0,34.0,21.0,9.6,C,-100.0
6368,high,2,15.0,27.0,9.7,D,-100.0
6369,high,2,6.0,7.0,9.2,A,-18.9
6370,low,0,7.0,12.0,3.0,A,-15.7
6371,medium,5,2.0,8.0,1.6,B,-100.0
6372,medium,1,0.0,40.0,6.0,A,-4.5
6373,low,3,20.0,50.0,8.4,B,-100.0
6374,low,1,3.0,35.0,4.6,A,-10.1
6375,low,1,18.0,2.0,7.3,C,-100.0
6376,none,2,12.0,11.0,9.6,A,-100.0
6377,medium,1,9.0,5.0,2.7,C,-100.0
6378,high,2,29.0,9.0,5.5,A,-100.0
6379,low,1,4.0,0.0,8.9,A,-10.1
6380,low,1,6.0,26.0,3.3,A,-16.1
6381,low,2,3.0,10.0,9.6,A,-10.4
6382,medium,1,1.0,22.0,7.5,C,-5.7
6383,medium,0,13.0,3.0,6.5,C,-100.0
6384,high,2,5.0,0.0,3.7,A,-19.9
6385,high,3,22.0,3.0,8.4,A,-100.0
6386,medium,4,14.0,3.0,2.1,A,-100.0
6387,high,1,2.0,14.0,1.2,A,-13.3
6388,low,1,6.0,11.0,7.2,C,-14.3
6389,low,2,7.0,13.0,7.6,A,-18.3
6390,high,1,11.0,5.0,9.3,A,-100.0
6391,high,0,32.0,16.0,9.9,A,-100.0
6392,none,2,14.0,4.0,3.3,A,-100.0
6393,none,2,5.0,12.0,1.3,A,-18.6
6394,medium,1,18.0,5.0,2.7,A,-100.0
6395,medium,1,2.0,15.0,8.8,A,-6.9
6396,low,2,18.0,14.0,6.2,A,-100.0
6397,low,2,12.0,26.0,9.3,B,-100.0
6398,,2,11.0,14.0,9.3,A,-100.0
6399,none,3,3.0,2.0,5.3,A,-15.7
6400,high,1,11.0,1.0,4.9,A,-100.0
6401,none,0,14.0,2.0,9.6,B,-100.0
6402,high,1,19.0,14.0,6.0,A,-100.0
6403,low,0,6.0,1.0,4.6,A,-13.2
6404,medium,2,17.0,10.0,5.4,A,-100.0
6405,high,0,3.0,0.0,8.6,A,-9.0
6406,medium,1,25.0,2.0,5.8,C,-100.0
6407,medium,3,3.0,20.0,4.3,D,-15.8
6408,high,1,8.0,1.0,9.8,C,-19.6
6409,none,2,6.0,24.0,9.9,A,-15.9
6410,high,1,9.0,11.0,7.9,B,-100.0
6411,low,2,15.0,5.0,7.0,A,-100.0
6412,low,1,16.0,21.0,3.3,A,-100.0
6413,medium,2,7.0,2.0,3.4,A,-100.0
6414,low,3,5.0,7.0,9.9,A,-16.3
6415,high,2,7.0,11.0,2.9,C,-100.0
6416,low,0,4.0,12.0,3.5,C,-10.2
6417,low,2,12.0,9.0,8.4,A,-100.0
6418,none,0,2.0,1.0,9.5,A,-4.4
6419,low,2,12.0,2.0,9.6,A,-100.0
6420,low,0,4.0,3.0,1.1,A,-11.4
6421,high,2,10.0,47.0,8.6,D,-100.0
6422,high,4,15.0,29.0,6.8,A,-100.0
6423,,4,14.0,6.0,5.6,D,-100.0
6424,low,3,11.0,19.0,1.7,C,-100.0
6425,high,1,15.0,20.0,9.8,C,-100.0
6426,none,2,6.0,14.0,7.1,A,-17.4
6427,,1,4.0,2.0,9.0,B,-10.6
6428,none,1,16.0,8.0,1.5,C,-100.0
6429,low,2,22.0,2.0,3.1,A,-100.0
6430,low,1,7.0,45.0,8.4,C,-15.1
6431,medium,1,15.0,50.0,8.0,A,-100.0
6432,medium,1,3.0,5.0,1.8,A,-12.2
6433,,1,19.0,5.0,5.0,A,-100.0
6434,low,1,11.0,21.0,3.7,A,-100.0
6435,none,1,23.0,7.0,2.3,C,-100.0
6436,low,2,7.0,19.0,8.3,A,-17.9
6437,none,3,6.0,13.0,9.0,A,-19.0
6438,medium,1,2.0,43.0,,A,
6439,none,3,9.0,27.0,4.3,A,-100.0
6440,none,2,6.0,5.0,9.2,C,-16.5
6441,high,3,2.0,4.0,,B,
6442,high,1,6.0,2.0,7.9,A,-17.1
6443,none,1,2.0,12.0,9.2,C,-6.9
6444,medium,0,22.0,44.0,3.1,A,-100.0
6445,medium,0,18.0,17.0,5.7,B,-100.0
6446,high,2,12.0,19.0,9.3,B,-100.0
6447,low,1,8.0,8.0,7.7,A,-17.6
6448,low,3,2.0,13.0,1.8,A,-15.0
6449,low,4,4.0,8.0,1.9,D,-100.0
6450,medium,0,6.0,10.0,3.4,A,-14.1
6451,high,5,11.0,9.0,3.7,A,-100.0
6452,low,4,1.0,15.0,2.0,A,-15.6
6453,low,2,4.0,14.0,8.2,C,-12.8
6454,low,0,9.0,7.0,1.7,A,-19.9
6455,medium,2,5.0,23.0,2.2,C,-17.8
6456,high,0,20.0,12.0,1.4,C,-100.0
6457,,4,2.0,8.0,7.2,A,-15.4
6458,high,1,25.0,24.0,9.5,C,-100.0
6459,high,0,3.0,5.0,8.6,A,-8.9
6460,high,0,1.0,3.0,9.0,A,-5.2
6461,high,0,20.0,3.0,2.9,B,-100.0
6462,low,4,22.0,0.0,6.3,C,-100.0
6463,high,1,8.0,6.0,5.2,A,-100.0
6464,none,2,12.0,13.0,2.2,C,-100.0
6465,high,0,12.0,3.0,7.0,C,-100.0
6466,medium,2,8.0,7.0,9.7,A,-19.5
6467,medium,2,15.0,24.0,2.9,A,-100.0
6468,low,2,32.0,20.0,1.7,C,-100.0
6469,low,1,15.0,7.0,9.4,A,-100.0
6470,none,1,2.0,7.0,3.4,A,-9.9
6471,low,1,6.0,6.0,1.0,A,-17.5
6472,high,1,10.0,23.0,6.5,A,-100.0
6473,high,1,5.0,1.0,4.5,C,-17.0
6474,high,1,11.0,43.0,3.4,A,-100.0
6475,high,2,16.0,1.0,3.5,C,-100.0
6476,medium,3,16.0,6.0,9.7,A,-100.0
6477,high,1,4.0,26.0,8.6,A,-13.0
6478,medium,1,17.0,35.0,1.5,C,-100.0
6479,low,1,3.0,33.0,6.7,A,-9.1
6480,high,0,3.0,10.0,3.2,D,-11.6
6481,low,2,19.0,9.0,9.9,A,-100.0
6482,high,1,12.0,9.0,8.7,A,-100.0
6483,high,0,6.0,8.0,5.5,A,-15.7
6484,low,3,12.0,2.0,5.4,A,-100.0
6485,medium,3,4.0,14.0,1.5,A,-19.0
6486,medium,0,6.0,19.0,6.7,A,-12.4
6487,none,2,15.0,6.0,9.3,A,-100.0
6488,high,2,11.0,15.0,7.5,A,-100.0
6489,low,0,8.0,22.0,4.1,A,
6490,none,3,2.0,28.0,9.3,B,-11.7
6491,none,2,15.0,13.0,6.7,A,-100.0
6492,high,0,9.0,5.0,9.0,A,-19.2
6493,none,5,19.0,37.0,2.0,A,-100.0
6494,none,0,9.0,16.0,2.3,A,-100.0
6495,medium,1,5.0,10.0,8.6,A,-12.2
6496,none,1,23.0,4.0,3.8,B,-100.0
6497,low,1,6.0,2.0,3.1,A,-16.5
6498,medium,0,3.0,2.0,8.2,B,-6.5
6499,high,0,11.0,2.0,4.9,B,-100.0
6500,medium,3,9.0,1.0,6.3,A,-100.0
6501,low,0,11.0,6.0,2.3,A,-100.0
6502,none,3,7.0,6.0,7.5,C,-100.0
6503,medium,0,14.0,2.0,8.1,D,-100.0
6504,medium,1,13.0,3.0,1.5,A,-100.0
6505,none,2,14.0,2.0,2.8,C,-100.0
6506,none,0,5.0,13.0,,D,
6507,high,1,7.0,1.0,8.4,A,-18.6
6508,medium,1,13.0,33.0,7.6,A,-100.0
6509,medium,1,,12.0,1.4,C,
6510,low,3,4.0,17.0,1.9,C,-18.4
6511,low,0,21.0,6.0,4.2,A,-100.0
6512,medium,1,11.0,6.0,8.1,B,-100.0
6513,medium,2,4.0,5.0,1.6,A,-16.6
6514,low,1,13.0,17.0,9.8,A,-100.0
6515,none,4,16.0,8.0,1.9,A,-100.0
6516,low,1,6.0,5.0,1.3,C,-17.3
6517,none,0,7.0,13.0,8.5,A,-13.5
6518,none,1,32.0,3.0,9.4,A,-100.0
6519,medium,1,15.0,17.0,1.3,A,-100.0
6520,low,2,7.0,11.0,2.2,A,-100.0
6521,low,3,5.0,5.0,4.7,A,-18.9
6522,none,0,1.0,6.0,7.1,C,-3.8
6523,medium,2,4.0,1.0,8.8,A,-13.0
6524,medium,0,6.0,21.0,2.3,A,-14.5
6525,high,5,2.0,12.0,9.9,C,-19.0
6526,low,1,8.0,3.0,7.3,A,-17.8
6527,medium,1,3.0,9.0,1.6,A,-12.3
6528,high,2,7.0,10.0,9.4,A,-100.0
6529,high,2,2.0,4.0,1.2,A,-15.9
6530,low,1,40.0,1.0,8.3,C,-100.0
6531,high,1,5.0,10.0,5.8,A,-16.3
6532,medium,2,12.0,4.0,9.6,C,-100.0
6533,medium,1,12.0,3.0,6.1,A,-100.0
6534,low,1,8.0,24.0,6.2,C,-18.2
6535,none,0,9.0,7.0,8.5,A,-17.1
6536,high,1,26.0,10.0,1.7,A,-100.0
6537,low,2,1.0,1.0,,A,
6538,low,2,12.0,32.0,8.3,A,-100.0
6539,medium,1,14.0,0.0,1.6,A,-100.0
6540,medium,1,7.0,10.0,9.9,C,-15.1
6541,medium,3,16.0,1.0,3.9,A,-100.0
6542,none,0,4.0,2.0,2.5,A,-11.4
6543,low,0,15.0,9.0,7.7,A,-100.0
6544,high,0,6.0,10.0,2.4,A,-17.2
6545,none,1,19.0,7.0,8.4,A,-100.0
6546,medium,1,10.0,9.0,1.4,A,-100.0
6547,high,2,5.0,10.0,10.0,A,-16.7
6548,medium,1,16.0,11.0,8.3,C,-100.0
6549,none,0,11.0,10.0,1.8,C,-100.0
6550,high,2,18.0,15.0,6.1,A,-100.0
6551,low,1,3.0,30.0,9.8,A,-7.6
6552,low,3,3.0,3.0,9.2,A,-13.1
6553,high,2,2.0,4.0,3.5,A,-14.7
6554,low,0,34.0,1.0,4.7,C,-100.0
6555,low,1,4.0,3.0,1.8,A,-13.6
6556,low,1,15.0,3.0,3.3,B,-100.0
6557,low,2,9.0,5.0,9.4,A,-100.0
6558,none,2,16.0,17.0,2.4,A,-100.0
6559,medium,4,3.0,1.0,8.1,A,-16.6
6560,high,1,9.0,4.0,1.0,A,-100.0
6561,low,1,13.0,3.0,3.7,A,-100.0
6562,low,1,4.0,9.0,8.5,A,-10.2
6563,medium,1,4.0,16.0,8.8,A,-10.3
6564,low,1,18.0,6.0,1.8,A,-100.0
6565,high,2,23.0,14.0,8.9,A,-100.0
6566,none,3,4.0,4.0,9.5,A,-15.3
6567,low,2,9.0,1.0,1.4,C,-100.0
6568,high,1,6.0,4.0,1.6,A,-100.0
6569,high,1,10.0,0.0,2.4,A,-100.0
6570,low,1,9.0,7.0,7.7,A,-19.4
6571,low,1,8.0,1.0,1.3,A,-100.0
6572,high,1,5.0,1.0,5.3,A,-16.6
6573,low,0,4.0,15.0,9.7,D,-7.0
6574,low,1,8.0,16.0,6.8,A,-18.0
6575,high,2,3.0,6.0,9.1,A,-13.7
6576,none,2,6.0,9.0,2.3,C,-19.9
6577,high,2,11.0,3.0,7.7,B,-100.0
6578,high,5,2.0,15.0,2.5,A,-100.0
6579,high,1,6.0,0.0,7.6,A,-17.2
6580,low,1,10.0,5.0,1.1,A,-100.0
6581,medium,1,17.0,13.0,8.9,C,-100.0
6582,medium,0,19.0,9.0,2.9,B,-100.0
6583,high,2,4.0,11.0,6.5,A,-16.7
6584,high,2,4.0,1.0,9.7,D,-15.2
6585,high,1,4.0,16.0,5.3,A,-14.7
6586,medium,0,4.0,17.0,8.6,A,-7.9
6587,medium,1,10.0,12.0,2.4,A,-100.0
6588,low,1,5.0,37.0,8.2,B,-11.8
6589,medium,0,24.0,13.0,10.0,C,-100.0
6590,medium,2,8.0,4.0,3.8,A,-100.0
6591,none,1,7.0,4.0,8.9,A,-15.9
6592,low,0,7.0,6.0,8.8,C,-12.8
6593,low,0,4.0,30.0,8.4,B,-7.5
6594,none,3,5.0,26.0,3.4,A,-19.9
6595,low,1,23.0,7.0,7.1,A,-100.0
6596,high,0,6.0,2.0,3.5,A,-16.7
6597,high,3,29.0,6.0,5.0,C,-100.0
6598,low,3,6.0,8.0,2.2,A,-100.0
6599,high,2,6.0,12.0,6.7,A,-100.0
6600,medium,0,5.0,15.0,6.0,B,-11.0
6601,medium,2,9.0,14.0,7.4,C,-100.0
6602,high,1,10.0,11.0,9.8,C,-100.0
6603,low,2,5.0,7.0,9.0,D,-14.2
6604,high,0,26.0,50.0,4.9,B,-100.0
6605,medium,1,10.0,16.0,1.4,A,-100.0
6606,none,1,36.0,10.0,8.7,A,-100.0
6607,medium,1,28.0,5.0,5.2,A,-100.0
6608,medium,2,14.0,8.0,8.1,A,-100.0
6609,medium,1,6.0,8.0,9.2,C,-13.7
6610,medium,2,17.0,3.0,10.0,A,-100.0
6611,medium,1,8.0,4.0,2.6,A,-100.0
6612,medium,4,13.0,3.0,5.0,C,-100.0
6613,none,6,4.0,44.0,8.2,A,-100.0
6614,high,0,13.0,1.0,6.2,A,-100.0
6615,low,0,3.0,3.0,5.5,D,-7.5
6616,high,0,12.0,18.0,9.9,A,-100.0
6617,none,1,10.0,1.0,8.4,A,-100.0
6618,low,2,30.0,0.0,1.7,A,-100.0
6619,none,1,7.0,26.0,3.6,A,-18.3
6620,high,1,16.0,12.0,2.8,D,-100.0
6621,low,2,14.0,14.0,9.9,A,-100.0
6622,low,3,18.0,6.0,5.9,A,-100.0
6623,high,1,6.0,6.0,8.3,A,-16.8
6624,low,2,4.0,11.0,6.0,C,-13.9
6625,low,1,8.0,2.0,3.3,A,-19.9
6626,none,3,8.0,1.0,5.9,C,-100.0
6627,medium,1,4.0,9.0,8.9,D,-10.4
6628,high,2,11.0,0.0,9.4,C,-100.0
6629,none,1,8.0,7.0,5.0,D,-19.5
6630,medium,1,16.0,3.0,4.8,C,-100.0
6631,medium,1,9.0,5.0,8.7,A,-19.2
6632,medium,0,11.0,1.0,5.6,A,-100.0
6633,medium,2,10.0,7.0,3.9,C,-100.0
6634,low,0,3.0,7.0,10.0,C,-5.2
6635,medium,2,15.0,1.0,9.5,A,-100.0
6636,medium,1,22.0,3.0,3.8,A,-100.0
6637,medium,0,2.0,20.0,3.0,C,-7.2
6638,none,0,19.0,0.0,8.8,A,-100.0
6639,medium,0,3.0,5.0,1.2,B,-10.0
6640,medium,2,6.0,17.0,8.0,A,-16.7
6641,medium,0,4.0,18.0,2.9,D,-10.8
6642,low,1,4.0,10.0,9.8,A,-9.5
6643,none,3,6.0,11.0,2.2,A,-100.0
6644,none,2,16.0,4.0,9.8,C,-100.0
6645,low,0,13.0,6.0,1.4,D,-100.0
6646,none,0,4.0,6.0,3.9,A,-10.6
6647,high,2,5.0,2.0,7.5,A,-18.0
6648,medium,2,4.0,3.0,8.7,A,-13.0
6649,medium,0,9.0,35.0,4.5,A,-18.5
6650,low,0,4.0,21.0,2.9,C,-10.4
6651,none,3,20.0,4.0,4.6,B,-100.0
6652,,1,2.0,15.0,2.0,A,-10.5
6653,none,1,4.0,6.0,8.2,A,-11.0
6654,low,1,12.0,6.0,8.5,C,-100.0
6655,low,1,8.0,5.0,8.3,C,-17.3
6656,high,1,8.0,3.0,9.7,A,-19.6
6657,medium,3,6.0,19.0,9.8,A,-18.3
6658,low,2,11.0,3.0,9.5,C,-100.0
6659,low,2,6.0,31.0,7.3,A,-16.6
6660,medium,1,8.0,2.0,4.5,A,-19.6
6661,low,1,9.0,5.0,3.7,B,-100.0
6662,high,0,5.0,11.0,9.5,A,-11.9
6663,high,2,,3.0,3.5,C,
6664,low,2,14.0,2.0,2.3,A,-100.0
6665,high,4,30.0,12.0,8.7,A,-100.0
6666,high,1,3.0,2.0,1.6,A,-14.9
6667,medium,0,17.0,8.0,2.8,A,-100.0
6668,medium,3,9.0,10.0,9.4,A,-100.0
6669,medium,6,5.0,2.0,3.0,C,-100.0
6670,high,3,7.0,12.0,5.1,A,-100.0
6671,high,1,5.0,0.0,7.1,A,-15.7
6672,low,1,9.0,18.0,8.2,B,-19.0
6673,high,0,12.0,8.0,2.2,A,-100.0
6674,high,3,16.0,1.0,7.9,C,-100.0
6675,medium,1,12.0,7.0,7.7,C,-100.0
6676,low,1,4.0,12.0,9.1,D,-9.9
6677,medium,2,13.0,4.0,9.5,B,-100.0
6678,medium,3,4.0,23.0,3.7,C,-17.8
6679,medium,0,8.0,3.0,4.8,C,-17.0
6680,none,1,15.0,2.0,8.5,C,-100.0
6681,low,3,13.0,3.0,9.2,A,-100.0
6682,high,1,18.0,11.0,8.4,D,-100.0
6683,,3,13.0,12.0,1.2,A,-100.0
6684,none,1,1.0,0.0,7.5,A,-6.1
6685,high,1,22.0,0.0,6.6,A,-100.0
6686,high,2,12.0,8.0,6.2,A,-100.0
6687,medium,1,4.0,4.0,7.3,A,-11.2
6688,low,3,21.0,4.0,8.2,A,-100.0
6689,high,0,3.0,19.0,7.2,C,-9.5
6690,high,0,9.0,26.0,1.5,A,-100.0
6691,medium,3,15.0,6.0,9.2,C,-100.0
6692,low,2,16.0,10.0,6.6,A,-100.0
6693,none,2,17.0,11.0,8.5,A,-100.0
6694,medium,1,19.0,2.0,9.3,A,-100.0
6695,medium,1,7.0,4.0,7.4,A,-16.4
6696,medium,2,2.0,2.0,3.8,C,-12.0
6697,low,2,10.0,1.0,3.6,C,-100.0
6698,,2,5.0,2.0,10.0,A,-14.4
6699,low,2,7.0,9.0,6.0,C,-19.2
6700,medium,3,0.0,50.0,5.9,A,-9.5
6701,high,0,,8.0,9.6,C,
6702,high,1,19.0,50.0,8.6,A,-100.0
6703,high,1,12.0,3.0,8.3,A,-100.0
6704,none,4,5.0,1.0,4.4,C,-100.0
6705,medium,4,18.0,14.0,9.2,A,-100.0
6706,medium,0,20.0,14.0,6.6,A,-100.0
6707,high,2,9.0,2.0,9.0,B,-100.0
6708,medium,4,13.0,1.0,5.0,A,-100.0
6709,high,2,1.0,1.0,9.2,C,-10.2
6710,none,1,11.0,4.0,,D,
6711,medium,1,6.0,4.0,8.1,A,-14.3
6712,high,6,13.0,15.0,6.9,A,-100.0
6713,high,2,10.0,16.0,7.1,A,-100.0
6714,medium,2,6.0,1.0,2.2,C,-19.8
6715,high,0,5.0,12.0,9.4,A,-12.0
6716,low,5,18.0,3.0,6.3,A,-100.0
6717,low,1,4.0,10.0,6.1,A,-11.4
6718,high,1,3.0,24.0,2.2,A,-14.4
6719,medium,3,16.0,3.0,9.5,D,-100.0
6720,high,2,3.0,12.0,2.5,A,-16.9
6721,low,1,5.0,22.0,10.0,A,-11.1
6722,low,0,7.0,50.0,8.6,A,-12.5
6723,medium,0,5.0,3.0,2.6,A,-12.8
6724,high,4,15.0,50.0,1.7,C,-100.0
6725,medium,3,11.0,6.0,2.5,C,-100.0
6726,low,3,13.0,20.0,5.6,D,-100.0
6727,high,0,6.0,7.0,9.8,A,-13.6
6728,none,2,6.0,16.0,3.6,A,-19.2
6729,high,3,5.0,4.0,6.3,A,-100.0
6730,high,3,17.0,2.0,9.5,A,-100.0
6731,low,1,11.0,1.0,7.2,A,-100.0
6732,high,1,23.0,3.0,5.0,A,-100.0
6733,medium,0,6.0,2.0,2.9,A,-14.4
6734,high,1,9.0,7.0,1.1,C,-100.0
6735,medium,1,20.0,14.0,8.6,A,-100.0
6736,high,0,11.0,24.0,8.9,A,-100.0
6737,high,2,23.0,6.0,1.2,A,-100.0
6738,high,1,5.0,5.0,5.0,D,-16.7
6739,high,1,5.0,19.0,9.7,A,-14.2
6740,high,0,10.0,4.0,8.8,A,-100.0
6741,high,0,14.0,7.0,4.5,A,-100.0
6742,low,2,12.0,6.0,1.6,A,-100.0
6743,high,2,15.0,0.0,3.4,A,-100.0
6744,high,3,9.0,3.0,8.4,C,-100.0
6745,medium,0,2.0,2.0,8.5,D,-4.6
6746,high,1,14.0,18.0,8.1,A,-100.0
6747,low,3,8.0,4.0,7.9,A,-100.0
6748,high,1,7.0,4.0,2.6,A,-100.0
6749,none,1,3.0,50.0,9.3,A,-8.2
6750,high,1,13.0,21.0,8.2,A,-100.0
6751,low,0,2.0,6.0,9.1,A,-3.9
6752,none,1,5.0,21.0,2.4,A,-15.5
6753,high,2,18.0,36.0,8.8,A,-100.0
6754,none,2,8.0,9.0,1.1,C,-100.0
6755,high,2,12.0,16.0,1.4,B,-100.0
6756,medium,4,9.0,16.0,8.1,A,-100.0
6757,medium,1,40.0,8.0,2.7,A,-100.0
6758,high,1,,27.0,3.2,C,
6759,none,0,6.0,22.0,7.3,D,-12.3
6760,high,0,39.0,11.0,2.3,C,-100.0
6761,low,3,5.0,18.0,8.8,A,-16.7
6762,high,0,10.0,8.0,1.9,A,-100.0
6763,low,0,6.0,6.0,9.4,A,-10.8
6764,low,1,15.0,11.0,6.9,A,-100.0
6765,high,3,15.0,22.0,9.5,A,-100.0
6766,high,1,15.0,50.0,7.4,A,-100.0
6767,low,1,1.0,2.0,3.0,A,-7.8
6768,medium,3,11.0,6.0,9.4,B,-100.0
6769,low,1,5.0,16.0,1.3,A,-15.5
6770,medium,2,2.0,34.0,9.2,B,-9.0
6771,high,4,8.0,9.0,2.7,A,-100.0
6772,medium,1,5.0,13.0,4.3,B,-14.4
6773,high,2,1.0,5.0,9.7,A,-9.9
6774,low,3,1.0,6.0,5.5,C,-11.5
6775,medium,1,6.0,3.0,4.7,A,-16.0
6776,medium,0,11.0,5.0,1.2,C,-100.0
6777,medium,3,12.0,27.0,9.4,A,-100.0
6778,medium,3,11.0,12.0,9.8,D,-100.0
6779,high,1,9.0,23.0,2.2,A,-100.0
6780,none,1,,7.0,6.3,C,
6781,medium,2,10.0,2.0,9.6,A,-100.0
6782,low,0,5.0,48.0,2.4,B,-12.1
6783,low,2,1.0,3.0,3.1,A,-10.2
6784,low,0,7.0,27.0,5.7,A,-14.2
6785,high,0,13.0,29.0,8.3,A,-100.0
6786,low,4,7.0,25.0,8.6,A,-100.0
6787,low,1,21.0,16.0,9.4,A,-100.0
6788,high,2,21.0,6.0,2.3,A,-100.0
6789,low,2,4.0,0.0,3.8,A,-15.1
6790,medium,5,10.0,5.0,9.6,A,-100.0
6791,none,0,35.0,3.0,1.1,C,-100.0
6792,high,2,6.0,8.0,8.9,A,-19.0
6793,low,0,28.0,2.0,4.4,A,-100.0
6794,medium,1,14.0,30.0,9.5,A,-100.0
6795,low,1,8.0,5.0,3.7,A,-19.6
6796,low,4,17.0,30.0,8.2,C,-100.0
6797,low,1,6.0,3.0,5.5,A,-15.2
6798,low,4,6.0,3.0,10.0,A,-100.0
6799,low,0,1.0,31.0,8.4,A,-2.3
6800,low,3,14.0,23.0,9.3,A,-100.0
6801,,2,3.0,8.0,1.3,B,-15.1
6802,high,1,6.0,5.0,3.7,D,-19.1
6803,medium,0,3.0,5.0,10.0,A,-5.6
6804,high,0,36.0,5.0,1.1,A,-100.0
6805,low,1,4.0,1.0,7.3,C,-10.9
6806,none,3,11.0,2.0,8.7,B,-100.0
6807,low,1,10.0,11.0,2.6,C,-100.0
6808,low,0,20.0,4.0,1.1,A,-100.0
6809,high,3,28.0,8.0,9.3,C,-100.0
6810,high,2,2.0,0.0,9.7,A,-11.7
6811,low,4,30.0,2.0,1.1,C,-100.0
6812,low,0,6.0,10.0,8.1,B,-11.4
6813,low,3,5.0,20.0,9.2,B,-16.5
6814,low,1,9.0,5.0,9.3,A,-18.6
6815,high,1,11.0,14.0,8.5,A,-100.0
6816,high,1,7.0,2.0,8.1,A,-18.7
6817,high,1,9.0,49.0,4.4,A,-100.0
6818,none,1,11.0,8.0,2.5,C,-100.0
6819,low,2,15.0,34.0,6.1,B,-100.0
6820,high,2,4.0,22.0,3.7,A,-18.0
6821,high,1,7.0,2.0,7.8,A,-18.9
6822,low,1,7.0,19.0,1.5,A,-18.8
6823,medium,1,4.0,8.0,9.5,A,-10.1
6824,medium,1,11.0,25.0,9.6,A,-100.0
6825,low,2,6.0,1.0,3.4,B,-18.8
6826,,1,6.0,6.0,9.4,A,-13.9
6827,medium,1,2.0,2.0,9.8,A,-6.5
6828,medium,3,30.0,9.0,1.8,A,-100.0
6829,medium,1,23.0,17.0,9.7,A,-100.0
6830,low,2,7.0,14.0,4.4,D,-19.9
6831,high,3,15.0,7.0,1.4,A,-100.0
6832,none,0,3.0,10.0,8.1,A,-6.7
6833,none,1,25.0,17.0,2.7,A,-100.0
6834,high,2,12.0,7.0,10.0,C,-100.0
6835,none,0,8.0,12.0,3.4,C,-17.8
6836,high,2,6.0,9.0,7.5,A,-19.7
6837,low,0,3.0,23.0,1.0,A,-9.6
6838,high,1,8.0,1.0,1.3,A,-100.0
6839,high,2,8.0,4.0,1.1,A,-100.0
6840,high,3,4.0,8.0,9.6,C,-17.6
6841,low,4,9.0,26.0,8.9,A,-100.0
6842,high,1,9.0,19.0,8.2,C,-100.0
6843,high,2,13.0,0.0,9.8,A,-100.0
6844,low,3,1.0,19.0,4.5,A,-11.8
6845,low,1,12.0,5.0,1.5,A,-100.0
6846,low,1,14.0,5.0,1.5,A,-100.0
6847,medium,1,15.0,9.0,9.4,A,-100.0
6848,high,1,14.0,1.0,1.9,A,-100.0
6849,medium,3,4.0,1.0,1.9,A,-18.9
6850,low,0,0.0,3.0,6.2,A,-1.9
6851,low,3,4.0,8.0,3.2,A,-17.8
6852,low,3,11.0,12.0,9.4,A,-100.0
6853,low,3,40.0,17.0,3.3,B,-100.0
6854,,2,6.0,11.0,1.6,D,-100.0
6855,low,2,9.0,5.0,8.5,A,-100.0
6856,none,0,23.0,20.0,8.5,A,-100.0
6857,none,0,9.0,7.0,8.7,A,-17.0
6858,medium,1,13.0,0.0,9.9,A,-100.0
6859,none,2,20.0,8.0,3.2,A,-100.0
6860,medium,0,19.0,27.0,9.6,A,-100.0
6861,high,0,7.0,16.0,7.7,A,-16.3
6862,high,1,15.0,7.0,8.0,A,-100.0
6863,low,0,7.0,12.0,2.9,B,-15.7
6864,none,2,,16.0,8.6,C,
6865,high,1,4.0,18.0,5.7,B,-14.5
6866,none,4,5.0,3.0,5.6,B,-100.0
6867,low,0,5.0,18.0,8.3,A,-9.4
6868,high,2,8.0,5.0,5.0,A,-100.0
6869,medium,1,7.0,2.0,9.5,A,-15.4
6870,low,1,7.0,1.0,6.2,A,-16.7
6871,high,0,15.0,0.0,3.6,A,-100.0
6872,medium,1,11.0,7.0,3.5,A,-100.0
6873,high,0,21.0,6.0,9.3,A,-100.0
6874,medium,2,8.0,12.0,8.5,B,-100.0
6875,none,1,8.0,2.0,1.5,A,-100.0
6876,medium,0,3.0,4.0,2.9,C,-9.2
6877,low,3,1.0,5.0,3.7,C,-12.4
6878,high,0,19.0,0.0,7.3,C,-100.0
6879,high,4,40.0,8.0,2.3,C,-100.0
6880,low,4,5.0,2.0,9.6,A,-18.9
6881,low,1,20.0,9.0,5.7,A,-100.0
6882,low,1,1.0,38.0,3.2,C,-7.3
6883,low,1,7.0,12.0,6.8,A,-16.2
6884,low,0,15.0,9.0,1.9,C,-100.0
6885,none,2,15.0,5.0,9.8,D,-100.0
6886,high,1,5.0,11.0,9.5,C,-14.4
6887,high,0,5.0,0.0,7.9,A,-12.8
6888,low,2,13.0,11.0,9.3,C,-100.0
6889,medium,2,4.0,7.0,5.0,A,-14.8
6890,,1,22.0,7.0,8.2,A,-100.0
6891,high,4,12.0,4.0,9.8,A,-100.0
6892,high,1,12.0,4.0,4.5,A,-100.0
6893,low,1,12.0,44.0,8.1,A,-100.0
6894,medium,2,13.0,0.0,7.0,A,-100.0
6895,medium,1,8.0,11.0,5.6,A,-19.0
6896,high,2,9.0,2.0,10.0,A,-100.0
6897,low,1,2.0,12.0,5.9,A,-8.0
6898,low,0,3.0,0.0,6.6,C,-7.0
6899,low,0,11.0,7.0,9.4,A,-19.5
6900,high,0,6.0,5.0,3.2,A,-16.9
6901,none,0,12.0,40.0,6.6,C,-100.0
6902,medium,1,14.0,8.0,8.9,A,-100.0
6903,high,0,1.0,12.0,2.0,A,-8.7
6904,low,1,4.0,15.0,8.7,C,-10.0
6905,none,0,5.0,1.0,9.3,C,-9.7
6906,low,0,11.0,15.0,2.6,A,-100.0
6907,medium,2,4.0,12.0,3.8,B,-15.4
6908,none,2,11.0,7.0,9.9,A,-100.0
6909,high,1,5.0,2.0,8.6,C,-15.0
6910,high,1,11.0,3.0,3.7,C,-100.0
6911,low,0,6.0,4.0,8.5,C,-11.2
6912,high,2,14.0,5.0,8.1,A,-100.0
6913,low,2,8.0,3.0,8.5,A,-19.7
6914,high,0,3.0,13.0,7.6,D,-9.4
6915,low,0,9.0,17.0,5.6,A,-17.8
6916,high,1,8.0,0.0,6.4,A,-100.0
6917,none,3,9.0,50.0,8.1,A,-100.0
6918,low,1,16.0,18.0,4.9,C,-100.0
6919,low,1,4.0,7.0,8.2,B,-10.4
6920,high,0,2.0,11.0,8.4,A,-7.2
6921,medium,1,5.0,12.0,2.8,A,-15.1
6922,none,1,13.0,11.0,4.3,C,-100.0
6923,low,0,9.0,4.0,2.8,A,-19.3
6924,high,3,17.0,18.0,7.0,A,-100.0
6925,low,7,3.0,44.0,10.0,A,-100.0
6926,medium,1,10.0,1.0,8.4,D,-100.0
6927,medium,3,5.0,14.0,8.7,A,-17.2
6928,low,0,3.0,16.0,8.4,B,-5.9
6929,high,0,18.0,31.0,8.9,A,-100.0
6930,medium,1,25.0,2.0,6.0,A,-100.0
6931,low,3,7.0,2.0,9.7,A,-19.9
6932,low,0,15.0,34.0,7.0,D,-100.0
6933,none,2,8.0,50.0,3.6,A,-100.0
6934,medium,3,30.0,5.0,6.4,B,-100.0
6935,high,2,8.0,8.0,8.2,C,-100.0
6936,high,1,10.0,1.0,9.8,A,-100.0
6937,low,2,15.0,43.0,7.4,A,-100.0
6938,high,3,10.0,0.0,2.6,D,-100.0
6939,low,0,10.0,42.0,2.5,C,-100.0
6940,high,3,27.0,8.0,6.2,C,-100.0
6941,low,0,9.0,43.0,8.0,A,-16.3
6942,medium,1,15.0,0.0,9.7,C,-100.0
6943,high,1,5.0,4.0,9.6,A,-14.4
6944,medium,3,2.0,6.0,3.3,C,-14.7
6945,low,3,13.0,10.0,3.9,A,-100.0
6946,medium,2,40.0,2.0,8.2,A,-100.0
6947,none,1,2.0,18.0,2.6,C,-10.1
6948,high,1,13.0,14.0,9.0,D,-100.0
6949,medium,1,9.0,5.0,4.2,C,-100.0
6950,none,1,10.0,2.0,5.7,A,-100.0
6951,high,1,1.0,4.0,2.1,B,-11.2
6952,high,1,4.0,27.0,6.0,A,-14.3
6953,none,6,31.0,19.0,2.5,A,-100.0
6954,medium,1,31.0,4.0,1.1,B,-100.0
6955,low,3,13.0,33.0,9.6,B,-100.0
6956,low,1,5.0,1.0,7.7,C,-12.4
6957,high,3,18.0,6.0,2.5,A,-100.0
6958,medium,0,8.0,3.0,8.4,A,-15.2
6959,medium,4,2.0,3.0,9.3,C,-14.2
6960,none,2,4.0,17.0,9.4,B,-12.7
6961,low,0,19.0,20.0,7.7,B,-100.0
6962,high,0,4.0,8.0,8.1,A,-10.9
6963,low,1,2.0,2.0,8.8,A,-6.6
6964,high,0,12.0,3.0,8.0,D,-100.0
6965,low,3,7.0,41.0,8.1,C,-100.0
6966,high,2,10.0,39.0,6.0,A,-100.0
6967,low,0,4.0,33.0,8.9,D,-7.2
6968,medium,0,12.0,29.0,1.2,C,-100.0
6969,medium,0,,13.0,2.9,C,
6970,high,1,2.0,8.0,8.2,A,-9.8
6971,low,0,13.0,3.0,6.4,B,-100.0
6972,high,0,3.0,2.0,7.5,A,-9.5
6973,none,2,11.0,1.0,2.5,A,-100.0
6974,none,1,4.0,1.0,2.4,A,-13.9
6975,low,1,12.0,29.0,6.2,A,-100.0
6976,low,4,14.0,3.0,7.5,D,-100.0
6977,medium,2,2.0,7.0,5.9,D,-10.9
6978,high,1,14.0,0.0,1.2,A,-100.0
6979,high,0,13.0,7.0,1.3,A,-100.0
6980,medium,1,16.0,2.0,6.0,A,-100.0
6981,medium,2,13.0,17.0,5.6,A,-100.0
6982,high,1,4.0,7.0,9.5,D,-12.7
6983,high,3,12.0,5.0,4.7,D,-100.0
6984,medium,1,3.0,4.0,9.1,A,-8.6
6985,medium,0,12.0,10.0,2.4,C,-100.0
6986,low,2,6.0,4.0,4.7,A,-18.1
6987,low,1,20.0,12.0,1.2,C,-100.0
6988,low,2,15.0,4.0,3.5,A,-100.0
6989,medium,1,7.0,20.0,8.1,C,-15.9
6990,high,2,6.0,15.0,6.0,B,-100.0
6991,high,2,3.0,27.0,8.8,A,-13.6
6992,none,4,19.0,7.0,2.2,B,-100.0
6993,low,2,8.0,16.0,3.2,C,-100.0
6994,high,1,9.0,1.0,5.2,A,-100.0
6995,low,1,4.0,11.0,5.5,C,-11.7
6996,medium,0,,24.0,8.5,C,
6997,high,0,8.0,19.0,5.5,A,-19.1
6998,medium,0,13.0,10.0,10.0,C,-100.0
6999,,2,14.0,2.0,4.8,A,-100.0
7000,low,0,6.0,17.0,2.7,C,-14.0
7001,low,3,7.0,8.0,8.4,A,-100.0
7002,low,4,2.0,5.0,2.6,A,-17.2
7003,low,2,5.0,12.0,1.8,A,-17.8
7004,low,2,1.0,2.0,2.9,A,-10.3
7005,low,0,11.0,1.0,9.1,A,-19.7
7006,low,0,4.0,15.0,2.3,C,-10.7
7007,low,0,3.0,2.0,2.7,A,-8.9
7008,medium,1,24.0,8.0,7.2,A,-100.0
7009,low,1,5.0,16.0,8.2,C,-12.0
7010,low,0,12.0,11.0,5.9,A,-100.0
7011,low,0,5.0,1.0,7.3,A,-10.1
7012,high,0,22.0,8.0,2.2,A,-100.0
7013,high,0,17.0,9.0,9.5,B,-100.0
7014,high,2,15.0,2.0,8.1,A,-100.0
7015,medium,0,8.0,37.0,1.1,A,-18.5
7016,low,2,4.0,3.0,6.3,A,-13.8
7017,none,1,7.0,4.0,9.1,A,-15.8
7018,medium,1,23.0,13.0,9.1,A,-100.0
7019,medium,6,8.0,17.0,8.1,C,-100.0
7020,low,1,5.0,2.0,3.9,A,-14.3
7021,low,3,8.0,30.0,8.4,C,-100.0
7022,none,3,8.0,5.0,4.8,A,-100.0
7023,medium,0,6.0,9.0,9.8,A,-10.9
7024,high,2,8.0,17.0,7.3,B,-100.0
7025,none,1,5.0,1.0,3.2,A,-15.3
7026,high,0,11.0,7.0,9.2,A,-100.0
7027,none,3,18.0,0.0,2.2,A,-100.0
7028,low,0,5.0,1.0,7.0,A,-10.3
7029,low,0,8.0,4.0,4.7,A,-16.6
7030,high,1,9.0,1.0,1.0,C,-100.0
7031,high,1,15.0,20.0,8.3,A,-100.0
7032,none,0,17.0,42.0,3.2,A,-100.0
7033,none,0,9.0,36.0,9.5,A,-16.3
7034,high,0,11.0,6.0,9.4,A,-100.0
7035,low,2,7.0,5.0,10.0,C,-17.2
7036,none,0,17.0,16.0,8.3,A,-100.0
7037,low,5,19.0,1.0,8.7,A,-100.0
7038,high,3,4.0,35.0,7.9,C,-18.2
7039,high,2,9.0,29.0,1.0,D,-100.0
7040,low,3,27.0,43.0,8.4,A,-100.0
7041,low,0,4.0,9.0,4.8,A,-9.5
7042,low,4,3.0,0.0,8.2,A,-16.2
7043,high,2,21.0,10.0,7.5,C,-100.0
7044,low,1,5.0,12.0,8.4,B,-12.0
7045,low,1,15.0,2.0,3.3,A,-100.0
7046,none,1,10.0,3.0,2.8,A,-100.0
7047,,0,6.0,9.0,8.9,C,-11.6
7048,low,1,8.0,3.0,8.6,A,-17.2
7049,medium,4,18.0,5.0,3.7,A,-100.0
7050,medium,3,3.0,8.0,3.2,B,-16.5
7051,high,3,4.0,7.0,8.9,A,-18.0
7052,medium,1,3.0,29.0,2.0,C,-11.9
7053,low,1,9.0,23.0,10.0,C,-18.0
7054,high,0,10.0,23.0,9.8,A,-100.0
7055,high,0,5.0,16.0,8.2,A,-12.5
7056,medium,1,1.0,14.0,2.0,C,-8.5
7057,none,2,6.0,43.0,1.2,A,-100.0
7058,low,4,6.0,12.0,3.3,B,-100.0
7059,high,4,4.0,6.0,3.1,A,-100.0
7060,high,3,21.0,8.0,5.0,A,-100.0
7061,medium,0,27.0,20.0,7.2,A,-100.0
7062,high,3,17.0,33.0,5.1,A,-100.0
7063,low,4,8.0,16.0,5.0,C,-100.0
7064,high,0,15.0,0.0,1.8,C,-100.0
7065,high,1,3.0,1.0,5.7,A,-12.9
7066,high,0,8.0,1.0,9.3,B,-17.4
7067,high,0,2.0,3.0,2.9,A,-10.0
7068,none,1,12.0,5.0,2.6,B,-100.0
7069,,1,5.0,29.0,2.2,A,-15.5
7070,low,6,1.0,2.0,9.2,B,-17.1
7071,high,2,1.0,40.0,5.9,B,-11.4
7072,high,0,24.0,24.0,2.2,A,-100.0
7073,high,4,8.0,11.0,6.2,A,-100.0
7074,medium,4,14.0,50.0,6.5,A,-100.0
7075,high,1,4.0,13.0,1.4,A,-16.7
7076,none,1,1.0,13.0,2.0,A,-8.7
7077,low,1,14.0,17.0,6.2,A,-100.0
7078,low,1,7.0,17.0,9.4,A,-14.9
7079,high,2,11.0,3.0,9.7,B,-100.0
7080,high,2,1.0,7.0,1.3,A,-14.1
7081,medium,2,3.0,1.0,5.7,C,-12.8
7082,low,1,3.0,5.0,7.3,C,-9.1
7083,none,1,5.0,27.0,3.2,C,-15.0
7084,low,0,12.0,7.0,8.2,A,-100.0
7085,low,1,6.0,4.0,6.9,C,-14.5
7086,low,1,13.0,21.0,4.8,A,-100.0
7087,high,1,10.0,15.0,4.7,A,-100.0
7088,medium,0,7.0,10.0,2.0,A,-16.5
7089,high,2,15.0,1.0,5.5,A,-100.0
7090,none,0,9.0,8.0,6.0,A,-18.3
7091,high,1,18.0,8.0,6.7,A,-100.0
7092,none,0,35.0,2.0,9.0,C,-100.0
7093,medium,1,10.0,9.0,3.7,C,-100.0
7094,none,0,4.0,7.0,8.1,A,-8.5
7095,medium,2,11.0,13.0,9.7,A,-100.0
7096,low,4,1.0,23.0,1.7,A,-15.7
7097,high,2,6.0,7.0,8.7,B,-19.1
7098,high,2,16.0,28.0,8.3,A,-100.0
7099,medium,2,11.0,22.0,2.7,A,-100.0
7100,low,0,,50.0,3.4,C,
7101,,1,3.0,17.0,5.0,C,-10.7
7102,low,0,11.0,8.0,3.0,C,-100.0
7103,low,0,6.0,17.0,3.5,A,-13.6
7104,low,1,2.0,24.0,5.1,C,-8.2
7105,low,3,6.0,18.0,3.8,A,-100.0
7106,low,1,1.0,3.0,8.7,A,-4.9
7107,high,1,5.0,2.0,9.3,C,-14.6
7108,none,0,1.0,42.0,4.1,A,-4.9
7109,low,3,25.0,50.0,2.7,A,-100.0
7110,low,0,13.0,0.0,8.5,A,-100.0
7111,high,1,7.0,26.0,1.7,C,-100.0
7112,low,1,11.0,3.0,5.1,C,-100.0
7113,low,2,2.0,6.0,8.9,C,-9.0
7114,high,1,7.0,2.0,5.3,A,-100.0
7115,low,2,2.0,4.0,6.8,A,-10.1
7116,low,0,4.0,6.0,3.0,A,-10.5
7117,high,1,7.0,15.0,3.8,A,-100.0
7118,low,1,8.0,0.0,5.5,A,-18.8
7119,medium,0,16.0,9.0,1.1,C,-100.0
7120,low,0,14.0,1.0,5.4,A,-100.0
7121,high,0,13.0,43.0,9.2,A,-100.0
7122,low,0,13.0,3.0,9.8,A,-100.0
7123,medium,2,17.0,10.0,7.6,B,-100.0
7124,none,1,14.0,2.0,3.5,C,-100.0
7125,high,2,10.0,16.0,8.6,A,-100.0
7126,none,4,22.0,4.0,3.9,B,-100.0
7127,low,2,12.0,9.0,8.5,A,-100.0
7128,low,2,15.0,1.0,8.5,A,-100.0
7129,high,1,1.0,2.0,1.8,A,-11.4
7130,low,0,3.0,0.0,6.0,A,-7.3
7131,medium,2,5.0,13.0,4.4,A,-16.8
7132,medium,2,29.0,21.0,7.0,A,-100.0
7133,medium,1,3.0,9.0,6.9,A,-9.6
7134,high,3,9.0,9.0,1.1,A,-100.0
7135,medium,0,2.0,6.0,5.9,A,-5.9
7136,high,2,12.0,9.0,1.6,A,-100.0
7137,high,5,9.0,3.0,3.6,A,-100.0
7138,none,0,3.0,4.0,7.7,A,-7.0
7139,medium,2,4.0,3.0,9.8,A,-12.5
7140,medium,3,14.0,14.0,1.1,C,-100.0
7141,low,3,10.0,13.0,9.4,D,-100.0
7142,low,2,9.0,8.0,8.2,C,-100.0
7143,high,0,5.0,18.0,5.8,C,-13.7
7144,medium,2,4.0,3.0,8.4,A,-13.2
7145,high,1,14.0,20.0,9.7,A,-100.0
7146,medium,0,3.0,35.0,5.4,A,-7.6
7147,high,0,7.0,4.0,2.0,A,-19.2
7148,low,3,9.0,1.0,9.2,C,-100.0
7149,high,0,2.0,3.0,7.1,C,-7.9
7150,medium,3,17.0,3.0,2.1,A,-100.0
7151,none,1,6.0,18.0,4.5,B,-16.2
7152,high,1,3.0,4.0,5.4,A,-13.0
7153,high,0,9.0,0.0,2.0,A,-100.0
7154,low,2,8.0,9.0,4.9,A,-100.0
7155,high,0,5.0,13.0,1.3,A,-16.0
7156,,2,7.0,5.0,9.0,A,-18.3
7157,none,1,16.0,15.0,6.2,B,-100.0
7158,medium,5,6.0,4.0,6.9,A,-100.0
7159,none,0,3.0,5.0,3.5,A,-9.1
7160,low,0,25.0,1.0,9.4,D,-100.0
7161,medium,2,2.0,1.0,5.0,A,-11.4
7162,high,2,,12.0,8.3,C,
7163,medium,1,10.0,7.0,3.4,A,-100.0
7164,high,2,12.0,18.0,6.6,C,-100.0
7165,low,2,10.0,2.0,1.8,A,-100.0
7166,none,5,19.0,10.0,8.8,A,-100.0
7167,high,0,7.0,21.0,3.1,A,-18.5
7168,high,0,6.0,11.0,5.8,B,-15.5
7169,high,1,3.0,3.0,4.5,C,-13.5
7170,medium,1,17.0,2.0,9.6,A,-100.0
7171,low,0,4.0,10.0,9.2,A,-7.3
7172,high,2,1.0,1.0,8.1,C,-10.7
7173,medium,0,3.0,12.0,1.0,A,-10.0
7174,low,2,5.0,1.0,8.4,A,-14.6
7175,low,1,1.0,13.0,9.2,D,-4.5
7176,low,1,,12.0,4.4,C,
7177,high,1,23.0,19.0,7.2,A,-100.0
7178,low,3,1.0,10.0,9.4,A,-9.5
7179,high,2,11.0,10.0,1.3,A,-100.0
7180,high,2,1.0,50.0,3.7,C,-12.4
7181,none,0,8.0,14.0,9.4,A,-14.8
7182,medium,2,24.0,1.0,6.0,A,-100.0
7183,low,3,1.0,15.0,5.4,A,-11.4
7184,medium,0,25.0,5.0,2.8,A,-100.0
7185,,3,4.0,5.0,9.5,A,-15.3
7186,high,3,6.0,37.0,2.8,A,-100.0
7187,high,1,9.0,15.0,2.8,C,-100.0
7188,high,2,2.0,3.0,2.5,B,-15.2
7189,,1,7.0,2.0,5.3,A,-17.7
7190,high,1,1.0,12.0,7.1,A,-8.6
7191,low,0,4.0,36.0,6.3,A,-8.5
7192,high,1,10.0,3.0,4.3,A,-100.0
7193,medium,1,10.0,1.0,1.1,A,
7194,medium,1,3.0,7.0,9.0,C,-8.6
7195,medium,1,32.0,10.0,2.3,D,-100.0
7196,low,1,12.0,11.0,4.7,A,-100.0
7197,high,3,4.0,1.0,8.1,A,-18.5
7198,medium,1,16.0,2.0,3.0,B,-100.0
7199,low,1,12.0,4.0,6.3,A,-100.0
7200,medium,2,6.0,8.0,2.4,C,-19.6
7201,low,1,15.0,8.0,8.0,B,-100.0
7202,medium,2,6.0,6.0,7.5,C,-17.1
7203,medium,3,1.0,36.0,3.4,A,-12.6
7204,medium,2,13.0,18.0,3.2,A,-100.0
7205,none,1,5.0,8.0,5.0,B,-14.3
7206,medium,0,7.0,2.0,1.7,C,-16.8
7207,none,1,3.0,2.0,2.1,A,-12.3
7208,medium,3,13.0,21.0,3.2,C,-100.0
7209,low,1,8.0,3.0,7.7,A,-17.6
7210,high,0,7.0,3.0,1.3,A,-19.6
7211,low,1,24.0,43.0,8.0,C,-100.0
7212,high,1,3.0,7.0,2.2,D,-14.6
7213,none,1,6.0,17.0,1.1,A,-17.9
7214,low,3,14.0,17.0,8.6,C,-100.0
7215,low,2,14.0,7.0,2.6,A,-100.0
7216,medium,1,19.0,27.0,3.9,A,-100.0
7217,medium,4,5.0,5.0,6.4,B,-100.0
7218,medium,1,6.0,0.0,4.5,A,-16.2
7219,high,0,14.0,1.0,2.4,A,-100.0
7220,high,1,13.0,33.0,9.9,D,-100.0
7221,low,2,1.0,8.0,1.1,A,-11.1
7222,low,2,10.0,1.0,4.5,D,-100.0
7223,high,1,5.0,21.0,9.3,A,-14.4
7224,medium,2,2.0,21.0,9.2,A,-9.1
7225,medium,0,1.0,6.0,2.4,A,-5.9
7226,medium,2,5.0,1.0,6.8,A,-15.7
7227,high,1,11.0,9.0,8.7,C,-100.0
7228,high,1,5.0,46.0,5.1,A,-16.3
7229,low,2,6.0,17.0,3.4,A,-18.7
7230,medium,3,14.0,15.0,3.5,A,-100.0
7231,low,3,7.0,10.0,6.6,A,-100.0
7232,none,3,8.0,2.0,3.8,A,-100.0
7233,high,1,5.0,7.0,8.5,B,-15.0
7234,high,1,7.0,4.0,8.6,A,-18.4
7235,low,1,27.0,7.0,4.6,A,-100.0
7236,medium,3,3.0,50.0,7.8,A,-13.7
7237,high,1,3.0,12.0,8.1,D,-11.6
7238,low,2,33.0,3.0,8.5,A,-100.0
7239,medium,2,7.0,27.0,4.4,A,-100.0
7240,low,3,6.0,17.0,7.1,C,-19.3
7241,none,1,3.0,8.0,3.1,A,-11.7
7242,high,3,24.0,19.0,2.4,A,-100.0
7243,low,1,4.0,8.0,7.4,A,-10.7
7244,low,2,17.0,28.0,5.0,A,-100.0
7245,high,0,21.0,4.0,7.6,A,-100.0
7246,high,2,8.0,2.0,9.6,A,-100.0
7247,high,1,12.0,19.0,8.8,A,-100.0
7248,low,0,14.0,50.0,2.6,A,-100.0
7249,high,4,9.0,0.0,2.3,A,-100.0
7250,medium,2,7.0,4.0,5.6,C,-19.8
7251,medium,2,8.0,14.0,8.9,C,-19.8
7252,high,1,7.0,6.0,6.8,A,-19.3
7253,high,2,15.0,6.0,8.2,A,-100.0
7254,high,1,9.0,18.0,5.0,A,-100.0
7255,high,2,16.0,18.0,9.1,A,-100.0
7256,high,0,16.0,7.0,3.0,A,-100.0
7257,medium,1,9.0,17.0,6.7,A,-100.0
7258,high,2,3.0,40.0,6.0,C,-14.9
7259,none,1,8.0,1.0,10.0,A,-17.1
7260,high,2,13.0,9.0,9.6,A,-100.0
7261,high,1,8.0,3.0,8.1,B,-100.0
7262,high,6,3.0,31.0,9.1,A,-100.0
7263,low,0,9.0,12.0,9.4,C,-15.9
7264,low,1,6.0,4.0,9.0,A,-13.5
7265,high,1,14.0,4.0,9.0,A,-100.0
7266,low,1,21.0,31.0,10.0,A,-100.0
7267,medium,0,7.0,13.0,5.0,D,-15.0
7268,low,2,2.0,7.0,8.2,A,-9.4
7269,medium,1,13.0,1.0,8.2,A,-100.0
7270,none,2,5.0,14.0,9.7,A,-14.4
7271,low,0,8.0,6.0,7.6,A,-15.2
7272,none,2,9.0,28.0,8.5,A,-100.0
7273,low,3,9.0,3.0,9.1,B,-100.0
7274,medium,1,6.0,13.0,1.1,A,-17.7
7275,high,2,26.0,26.0,2.8,A,-100.0
7276,high,5,8.0,33.0,6.4,A,-100.0
7277,medium,2,9.0,1.0,8.3,A,-100.0
7278,none,3,5.0,9.0,2.8,A,-100.0
7279,medium,1,24.0,13.0,7.6,A,-100.0
7280,none,5,2.0,16.0,3.1,B,-19.9
7281,medium,4,15.0,50.0,8.3,A,-100.0
7282,high,1,7.0,2.0,3.2,A,-100.0
7283,high,2,4.0,13.0,6.8,A,-16.5
7284,none,0,28.0,29.0,8.9,B,-100.0
7285,low,2,19.0,10.0,8.9,C,-100.0
7286,medium,0,9.0,14.0,8.5,A,-16.8
7287,none,3,5.0,19.0,4.2,D,-19.6
7288,high,1,1.0,10.0,9.4,A,-7.5
7289,low,1,4.0,27.0,3.6,A,-12.5
7290,medium,1,,12.0,1.0,C,
7291,high,2,5.0,5.0,6.1,A,-18.7
7292,low,1,13.0,25.0,8.5,A,-100.0
7293,high,0,5.0,6.0,9.9,A,-11.8
7294,low,0,36.0,13.0,2.2,A,-100.0
7295,medium,5,13.0,11.0,2.1,B,-100.0
7296,,0,11.0,10.0,6.5,A,-100.0
7297,medium,2,16.0,4.0,8.4,A,-100.0
7298,low,2,24.0,4.0,5.9,A,-100.0
7299,high,3,6.0,12.0,9.9,A,-100.0
7300,high,3,16.0,29.0,6.9,A,-100.0
7301,high,3,8.0,31.0,6.7,A,-100.0
7302,medium,1,40.0,5.0,5.9,A,-100.0
7303,medium,1,19.0,0.0,5.4,A,-100.0
7304,low,1,16.0,13.0,8.7,A,-100.0
7305,low,0,9.0,4.0,8.6,A,-16.4
7306,medium,3,10.0,2.0,2.7,A,-100.0
7307,high,0,6.0,3.0,5.5,A,-15.8
7308,medium,2,7.0,16.0,9.2,A,-17.9
7309,none,2,9.0,40.0,8.7,A,-100.0
7310,low,0,4.0,0.0,9.1,B,-7.5
7311,high,0,7.0,10.0,2.0,A,-19.2
7312,medium,3,3.0,0.0,3.5,C,-16.4
7313,low,1,4.0,1.0,3.9,A,-12.6
7314,low,1,9.0,5.0,9.3,C,-18.6
7315,low,1,18.0,4.0,6.9,A,-100.0
7316,low,1,4.0,12.0,9.9,B,-9.5
7317,high,3,2.0,7.0,4.3,C,-16.8
7318,low,4,10.0,24.0,2.9,A,-100.0
7319,medium,0,12.0,38.0,7.6,C,-100.0
7320,medium,3,8.0,13.0,4.8,C,-100.0
7321,high,0,2.0,12.0,8.1,A,-7.4
7322,low,0,10.0,2.0,3.4,C,-100.0
7323,low,2,12.0,23.0,8.1,A,-100.0
7324,medium,1,4.0,50.0,1.1,A,-13.9
7325,low,1,22.0,2.0,6.6,A,-100.0
7326,medium,3,9.0,6.0,9.8,A,-100.0
7327,high,2,22.0,9.0,9.1,A,-100.0
7328,high,1,10.0,2.0,8.3,C,-100.0
7329,medium,4,8.0,2.0,2.8,B,-100.0
7330,none,1,9.0,5.0,7.4,A,-100.0
7331,high,0,11.0,4.0,9.1,A,-100.0
7332,high,3,10.0,14.0,5.2,A,-100.0
7333,high,3,12.0,5.0,8.4,A,-100.0
7334,low,1,10.0,1.0,3.9,A,-100.0
7335,low,1,7.0,2.0,8.2,B,-15.7
7336,medium,2,4.0,34.0,1.4,A,-16.4
7337,high,0,6.0,17.0,2.2,A,-17.3
7338,high,4,25.0,11.0,3.5,A,-100.0
7339,high,2,9.0,39.0,9.9,C,-100.0
7340,low,1,8.0,5.0,8.4,A,-17.3
7341,medium,1,8.0,12.0,9.2,A,-17.2
7342,high,3,7.0,10.0,9.8,B,-100.0
7343,high,1,11.0,14.0,9.9,A,-100.0
7344,high,1,14.0,19.0,5.9,A,-100.0
7345,high,1,8.0,3.0,6.9,D,-100.0
7346,none,4,3.0,3.0,7.0,C,-17.3
7347,high,1,6.0,9.0,8.8,A,-16.5
7348,none,2,5.0,39.0,5.4,A,-16.3
7349,low,1,22.0,7.0,5.0,A,-100.0
7350,high,3,,21.0,8.8,C,
7351,low,1,4.0,27.0,4.0,A,-12.3
7352,high,2,8.0,10.0,1.2,A,-100.0
7353,none,1,8.0,50.0,4.7,A,-19.3
7354,low,2,20.0,4.0,2.8,C,-100.0
7355,none,3,7.0,13.0,8.6,A,-100.0
7356,high,1,7.0,12.0,4.9,A,-100.0
7357,none,4,14.0,18.0,3.3,A,-100.0
7358,high,1,20.0,11.0,9.6,C,-100.0
7359,high,0,12.0,4.0,9.4,A,-100.0
7360,medium,5,8.0,3.0,10.0,B,-100.0
7361,low,2,7.0,12.0,2.0,D,-100.0
7362,none,3,6.0,20.0,9.5,C,-18.7
7363,,0,9.0,5.0,9.6,A,-16.5
7364,medium,1,22.0,2.0,3.7,A,-100.0
7365,medium,2,4.0,2.0,2.7,A,-16.0
7366,high,2,17.0,25.0,9.9,C,-100.0
7367,none,1,3.0,5.0,1.9,A,-12.4
7368,medium,3,12.0,22.0,2.0,A,-100.0
7369,low,1,4.0,12.0,1.4,A,-13.7
7370,medium,0,18.0,12.0,9.9,A,-100.0
7371,low,4,8.0,16.0,1.3,A,-100.0
7372,medium,3,17.0,6.0,2.8,A,-100.0
7373,low,2,6.0,37.0,8.5,C,-15.9
7374,high,0,,3.0,9.4,C,
7375,high,2,10.0,2.0,1.8,C,-100.0
7376,medium,0,6.0,4.0,3.2,A,-14.3
7377,high,1,27.0,4.0,6.7,A,-100.0
7378,medium,0,19.0,24.0,9.1,A,-100.0
7379,low,2,20.0,4.0,3.5,A,-100.0
7380,low,1,6.0,14.0,9.0,C,-13.4
7381,none,0,12.0,0.0,1.3,A,-100.0
7382,low,1,7.0,2.0,1.2,A,-19.2
7383,medium,1,8.0,27.0,2.0,C,-100.0
7384,none,0,11.0,13.0,8.2,C,-100.0
7385,high,0,12.0,5.0,8.9,A,-100.0
7386,high,1,19.0,7.0,9.7,A,-100.0
7387,medium,1,12.0,9.0,2.4,A,-100.0
7388,high,0,15.0,11.0,8.9,B,-100.0
7389,medium,2,7.0,2.0,1.8,A,-100.0
7390,medium,0,10.0,12.0,3.1,A,-100.0
7391,none,3,11.0,3.0,2.1,A,-100.0
7392,low,2,14.0,1.0,1.5,A,-100.0
7393,high,0,18.0,27.0,9.0,D,-100.0
7394,medium,3,3.0,0.0,9.4,A,-13.4
7395,medium,0,6.0,10.0,1.8,A,-14.9
7396,high,0,8.0,2.0,9.6,A,-17.2
7397,low,3,,12.0,5.0,C,
7398,high,1,18.0,4.0,2.8,A,-100.0
7399,low,1,3.0,6.0,3.1,B,-11.2
7400,medium,1,2.0,1.0,5.5,A,-8.6
7401,low,2,2.0,5.0,8.0,B,-9.5
7402,high,1,8.0,34.0,3.6,A,-100.0
7403,high,0,19.0,2.0,5.6,A,-100.0
7404,none,2,8.0,3.0,4.1,A,-100.0
7405,high,1,7.0,8.0,1.1,A,-100.0
7406,medium,2,20.0,12.0,4.9,C,-100.0
7407,low,2,11.0,21.0,8.6,A,-100.0
7408,high,2,12.0,21.0,3.1,C,-100.0
7409,low,0,22.0,2.0,8.0,B,-100.0
7410,high,2,0.0,8.0,9.0,A,-8.4
7411,low,1,19.0,14.0,1.2,A,-100.0
7412,medium,0,18.0,32.0,5.6,C,-100.0
7413,low,0,28.0,11.0,5.7,A,-100.0
7414,low,0,7.0,5.0,8.5,A,-13.0
7415,low,2,5.0,3.0,9.8,C,-13.8
7416,high,0,22.0,30.0,9.2,A,-100.0
7417,high,4,12.0,1.0,9.1,A,-100.0
7418,high,1,9.0,15.0,6.7,D,-100.0
7419,medium,6,10.0,11.0,9.1,C,-100.0
7420,high,0,7.0,2.0,9.3,A,-15.6
7421,none,2,5.0,8.0,8.4,C,-15.1
7422,medium,1,11.0,1.0,6.6,A,-100.0
7423,,1,3.0,7.0,4.5,A,-11.1
7424,low,2,10.0,16.0,5.7,A,-100.0
7425,medium,2,5.0,3.0,3.1,C,
7426,medium,0,9.0,7.0,8.5,B,-16.8
7427,medium,1,18.0,10.0,1.6,A,-100.0
7428,none,1,6.0,16.0,3.6,A,-16.7
7429,high,3,15.0,4.0,1.3,A,-100.0
7430,none,1,14.0,1.0,3.3,A,-100.0
7431,medium,2,5.0,12.0,4.5,A,-16.8
7432,high,1,10.0,29.0,1.2,A,-100.0
7433,high,0,16.0,4.0,8.7,A,-100.0
7434,medium,3,3.0,8.0,4.1,C,-16.0
7435,high,2,8.0,5.0,7.3,A,-100.0
7436,medium,3,2.0,4.0,9.8,A,-11.5
7437,low,2,16.0,8.0,6.6,A,-100.0
7438,none,5,19.0,19.0,4.3,A,-100.0
7439,medium,4,5.0,6.0,3.3,A,-100.0
7440,medium,3,17.0,10.0,8.3,A,-100.0
7441,low,1,11.0,20.0,6.3,A,-100.0
7442,high,2,15.0,0.0,6.6,B,-100.0
7443,low,1,33.0,9.0,4.7,A,-100.0
7444,low,2,6.0,17.0,7.7,A,-16.5
7445,none,0,5.0,14.0,4.7,D,-11.9
7446,high,1,14.0,16.0,8.8,C,-100.0
7447,high,0,14.0,9.0,5.6,B,-100.0
7448,none,0,9.0,15.0,3.3,A,-19.6
7449,high,1,8.0,15.0,3.5,A,-100.0
7450,low,0,8.0,5.0,8.3,D,-14.8
7451,medium,2,3.0,24.0,9.3,D,-10.8
7452,low,2,12.0,11.0,3.2,A,-100.0
7453,none,4,4.0,5.0,8.4,B,-18.4
7454,medium,4,3.0,7.0,9.8,A,-15.7
7455,high,1,8.0,6.0,9.0,A,-20.0
7456,none,0,4.0,43.0,6.9,A,-8.7
7457,low,0,12.0,0.0,9.6,A,-100.0
7458,low,0,2.0,3.0,8.6,A,-4.2
7459,high,1,3.0,7.0,2.0,C,-14.7
7460,low,0,31.0,11.0,2.7,A,-100.0
7461,low,0,8.0,50.0,9.7,A,-13.7
7462,low,2,17.0,4.0,6.7,C,-100.0
7463,medium,0,6.0,15.0,4.7,A,-13.4
7464,high,1,10.0,15.0,8.2,C,-100.0
7465,medium,3,4.0,28.0,6.4,C,-16.4
7466,high,1,11.0,14.0,5.6,A,-100.0
7467,low,0,33.0,20.0,5.3,A,-100.0
7468,medium,1,11.0,15.0,2.7,B,-100.0
7469,none,1,18.0,1.0,2.6,A,-100.0
7470,low,0,2.0,20.0,4.2,A,-6.2
7471,medium,2,21.0,1.0,2.7,A,-100.0
7472,medium,3,7.0,4.0,8.2,B,-100.0
7473,low,2,5.0,21.0,2.8,C,-17.2
7474,high,2,2.0,27.0,8.2,A,-12.2
7475,high,1,22.0,2.0,6.6,C,-100.0
7476,low,4,6.0,7.0,8.1,A,-100.0
7477,medium,2,3.0,20.0,2.4,A,-14.2
7478,high,1,16.0,6.0,6.1,A,-100.0
7479,low,0,20.0,34.0,8.6,C,-100.0
7480,medium,1,8.0,18.0,9.5,C,-17.0
7481,high,0,7.0,13.0,6.4,A,-17.0
7482,medium,1,27.0,6.0,9.5,C,-100.0
7483,high,1,5.0,1.0,9.6,C,-14.5
7484,medium,2,12.0,18.0,3.6,A,-100.0
7485,low,3,1.0,30.0,7.6,A,-10.2
7486,none,3,10.0,13.0,3.9,C,-100.0
7487,low,1,6.0,24.0,4.2,A,-15.7
7488,low,0,6.0,2.0,3.4,A,-13.8
7489,medium,4,1.0,7.0,9.3,A,-12.4
7490,none,4,8.0,12.0,4.5,A,-100.0
7491,,3,9.0,14.0,5.4,B,-100.0
7492,none,0,1.0,6.0,8.0,D,-3.3
7493,none,1,6.0,9.0,9.3,A,-13.9
7494,medium,1,9.0,8.0,8.0,A,-19.6
7495,low,2,5.0,4.0,3.4,A,-17.0
7496,medium,3,2.0,17.0,4.0,A,-14.2
7497,low,2,5.0,32.0,8.1,D,-14.4
7498,none,1,2.0,7.0,3.8,C,-9.7
7499,low,1,3.0,1.0,9.0,A,-8.3
7500,medium,1,10.0,8.0,1.7,B,-100.0
7501,low,1,3.0,15.0,2.5,A,-11.4
7502,medium,3,5.0,29.0,9.7,A,-16.5
7503,,2,10.0,11.0,1.0,C,-100.0
7504,high,3,29.0,9.0,1.2,A,-100.0
7505,medium,1,3.0,2.0,3.8,A,-11.2
7506,high,2,20.0,1.0,10.0,A,-100.0
7507,high,0,6.0,19.0,8.9,C,-13.9
7508,low,1,18.0,19.0,6.6,A,-100.0
7509,none,4,8.0,6.0,3.0,A,-100.0
7510,low,0,7.0,44.0,8.4,A,-12.6
7511,none,1,1.0,1.0,8.9,A,-5.4
7512,high,0,8.0,3.0,9.9,C,-17.0
7513,medium,0,6.0,26.0,9.9,A,-10.7
7514,high,0,18.0,10.0,9.7,A,-100.0
7515,high,3,3.0,17.0,7.4,A,-16.9
7516,medium,0,3.0,16.0,8.3,A,-6.3
7517,high,1,11.0,1.0,8.8,A,-100.0
7518,high,1,12.0,1.0,7.6,A,-100.0
7519,none,0,7.0,0.0,6.8,B,-14.5
7520,high,3,34.0,1.0,1.2,C,-100.0
7521,medium,2,3.0,6.0,3.7,A,
7522,none,0,18.0,11.0,3.9,A,-100.0
7523,low,2,15.0,15.0,8.4,A,-100.0
7524,low,2,2.0,15.0,8.4,D,-9.2
7525,high,2,13.0,32.0,1.7,A,-100.0
7526,high,2,1.0,16.0,9.8,A,-9.7
7527,none,2,11.0,29.0,8.9,A,-100.0
7528,medium,2,5.0,12.0,2.5,A,-17.8
7529,medium,2,10.0,11.0,2.9,C,-100.0
7530,high,2,9.0,5.0,3.8,C,-100.0
7531,low,0,10.0,23.0,2.9,A,-100.0
7532,,3,14.0,4.0,9.4,A,-100.0
7533,medium,0,6.0,50.0,7.1,C,-11.8
7534,none,0,5.0,6.0,2.2,A,-13.2
7535,high,1,5.0,49.0,1.9,D,-17.8
7536,high,1,32.0,4.0,8.5,A,-100.0
7537,none,1,15.0,7.0,9.9,A,-100.0
7538,high,2,1.0,18.0,,A,
7539,high,2,15.0,5.0,4.7,A,-100.0
7540,none,1,6.0,3.0,4.2,C,-16.5
7541,medium,1,3.0,1.0,9.0,A,-8.6
7542,none,2,6.0,0.0,6.6,C,-17.8
7543,none,0,11.0,50.0,9.5,C,-19.6
7544,high,1,8.0,2.0,8.1,D,-100.0
7545,high,0,8.0,1.0,6.6,A,-18.7
7546,low,1,12.0,23.0,2.3,B,-100.0
7547,high,4,8.0,1.0,2.0,A,-100.0
7548,high,1,23.0,9.0,8.1,A,-100.0
7549,none,1,33.0,2.0,9.1,C,-100.0
7550,high,2,7.0,41.0,8.9,B,-100.0
7551,medium,1,9.0,14.0,9.2,A,-18.9
7552,none,1,7.0,10.0,9.2,D,-15.7
7553,low,1,5.0,32.0,4.6,A,-13.6
7554,medium,1,4.0,24.0,6.0,A,-11.7
7555,high,1,20.0,20.0,3.6,B,-100.0
7556,medium,1,15.0,2.0,9.5,A,-100.0
7557,medium,2,8.0,8.0,3.8,A,-100.0
7558,high,2,15.0,5.0,9.7,A,-100.0
7559,high,1,17.0,8.0,9.7,C,-100.0
7560,high,3,36.0,4.0,1.5,B,-100.0
7561,none,1,8.0,3.0,8.6,A,-17.8
7562,high,0,6.0,12.0,9.3,A,-13.8
7563,medium,2,15.0,27.0,4.9,B,-100.0
7564,high,2,23.0,20.0,9.6,A,-100.0
7565,medium,0,14.0,34.0,7.3,A,-100.0
7566,low,2,12.0,3.0,1.1,A,-100.0
7567,high,1,6.0,30.0,2.7,B,-19.4
7568,medium,2,24.0,37.0,4.2,C,-100.0
7569,none,0,6.0,12.0,8.3,A,-11.9
7570,medium,0,16.0,4.0,6.0,A,-100.0
7571,medium,0,13.0,1.0,9.5,A,-100.0
7572,high,2,5.0,40.0,4.9,D,-18.9
7573,low,2,22.0,26.0,8.8,A,-100.0
7574,high,1,16.0,21.0,3.6,A,-100.0
7575,low,1,10.0,23.0,3.8,A,-100.0
7576,none,1,8.0,27.0,1.7,B,-100.0
7577,high,2,14.0,17.0,9.5,A,-100.0
7578,medium,3,4.0,6.0,6.5,A,-16.6
7579,low,0,24.0,14.0,8.2,A,-100.0
7580,medium,0,11.0,0.0,4.6,C,-100.0
7581,medium,3,6.0,7.0,3.9,B,-100.0
7582,none,0,9.0,4.0,2.1,A,-100.0
7583,medium,1,14.0,23.0,6.3,B,-100.0
7584,none,2,9.0,15.0,8.1,A,-100.0
7585,low,0,10.0,9.0,4.5,A,-100.0
7586,high,1,2.0,26.0,1.7,A,-12.9
7587,none,0,2.0,23.0,4.0,A,-6.9
7588,low,0,6.0,3.0,4.8,A,-13.1
7589,none,1,1.0,13.0,7.1,B,-6.2
7590,high,3,17.0,16.0,2.0,A,-100.0
7591,low,1,18.0,23.0,1.4,C,-100.0
7592,none,0,2.0,16.0,8.3,A,-4.8
7593,high,1,9.0,11.0,9.9,C,-100.0
7594,high,1,2.0,24.0,3.2,C,-12.2
7595,none,2,10.0,19.0,10.0,D,-100.0
7596,medium,4,2.0,2.0,6.8,B,-15.5
7597,medium,0,9.0,2.0,9.9,A,-16.2
7598,medium,2,6.0,15.0,3.3,A,-19.1
7599,high,2,7.0,10.0,1.4,C,-100.0
7600,low,1,8.0,1.0,1.5,A,-100.0
7601,medium,1,5.0,7.0,6.3,A,-13.4
7602,medium,1,8.0,5.0,9.4,A,-17.2
7603,medium,0,18.0,7.0,8.9,A,-100.0
7604,,4,5.0,4.0,6.3,C,-100.0
7605,medium,4,1.0,5.0,8.1,A,-13.0
7606,medium,2,20.0,2.0,6.2,C,-100.0
7607,none,2,8.0,5.0,6.2,D,-100.0
7608,medium,0,5.0,38.0,8.1,C,-9.7
7609,high,1,6.0,5.0,9.3,C,-16.3
7610,medium,0,13.0,0.0,1.0,A,-100.0
7611,low,2,4.0,9.0,8.1,A,-12.9
7612,medium,0,10.0,2.0,5.6,A,-100.0
7613,high,2,1.0,4.0,8.4,A,-10.5
7614,high,0,20.0,11.0,8.5,C,-100.0
7615,high,2,11.0,25.0,3.9,A,-100.0
7616,high,1,11.0,0.0,6.3,A,-100.0
7617,high,2,13.0,11.0,2.1,A,-100.0
7618,none,0,7.0,11.0,9.7,A,-12.9
7619,none,1,17.0,2.0,8.4,A,-100.0
7620,low,2,6.0,1.0,4.7,A,-18.2
7621,medium,3,12.0,3.0,3.4,B,-100.0
7622,medium,0,,20.0,2.9,C,
7623,low,0,22.0,11.0,9.2,D,-100.0
7624,medium,1,7.0,16.0,6.6,A,-16.7
7625,none,0,3.0,26.0,6.2,A,-7.5
7626,low,2,2.0,6.0,9.0,A,-9.0
7627,medium,2,10.0,9.0,9.9,C,-100.0
7628,none,3,8.0,18.0,9.5,A,-100.0
7629,none,0,8.0,39.0,8.3,A,-15.1
7630,medium,6,20.0,21.0,9.8,C,-100.0
7631,low,2,1.0,16.0,5.3,A,-9.0
7632,medium,1,10.0,11.0,8.1,A,-100.0
7633,low,8,3.0,11.0,6.0,B,-100.0
7634,low,1,4.0,31.0,4.7,D,-11.9
7635,medium,0,14.0,21.0,9.5,A,-100.0
7636,medium,2,1.0,1.0,4.1,B,-10.1
7637,high,0,1.0,14.0,,A,
7638,none,1,11.0,1.0,10.0,B,-100.0
7639,low,2,1.0,8.0,6.9,C,-8.2
7640,medium,1,6.0,43.0,4.7,C,-15.6
7641,low,2,2.0,15.0,8.0,C,-9.4
7642,medium,0,16.0,5.0,5.0,C,-100.0
7643,medium,2,2.0,16.0,1.3,B,-13.1
7644,medium,2,9.0,8.0,8.3,C,-100.0
7645,none,0,7.0,5.0,1.8,D,-16.9
7646,medium,1,1.0,32.0,,A,
7647,high,2,13.0,2.0,8.9,C,-100.0
7648,low,1,12.0,11.0,6.0,B,-100.0
7649,high,6,5.0,6.0,7.3,A,-100.0
7650,high,0,4.0,24.0,4.5,A,-12.5
7651,medium,1,3.0,5.0,8.8,A,-8.7
7652,low,1,4.0,4.0,3.1,A,-12.9
7653,none,1,8.0,38.0,6.6,A,-18.4
7654,high,1,3.0,6.0,5.5,B,-13.0
7655,high,2,3.0,0.0,1.1,C,-17.7
7656,none,2,3.0,19.0,8.3,A,-11.5
7657,none,1,3.0,0.0,4.1,B,-11.3
7658,medium,0,5.0,39.0,5.7,A,-10.9
7659,high,2,5.0,26.0,4.6,A,-19.2
7660,low,0,8.0,17.0,9.8,A,-14.0
7661,high,1,4.0,7.0,2.9,A,-16.0
7662,medium,2,7.0,1.0,8.6,C,-18.3
7663,medium,2,1.0,1.0,8.7,C,-7.8
7664,none,1,8.0,17.0,9.5,A,-17.2
7665,medium,1,14.0,6.0,1.6,A,-100.0
7666,,1,1.0,20.0,6.4,D,-6.5
7667,medium,4,20.0,12.0,1.2,A,-100.0
7668,none,1,6.0,17.0,6.7,C,-15.1
7669,low,0,5.0,18.0,7.8,C,-9.7
7670,none,2,8.0,39.0,9.4,B,-19.5
7671,high,0,13.0,22.0,5.6,C,-100.0
7672,high,2,37.0,0.0,8.2,A,-100.0
7673,none,1,4.0,5.0,9.6,C,-10.3
7674,high,1,16.0,9.0,9.1,A,-100.0
7675,medium,2,1.0,0.0,8.2,A,-8.1
7676,low,1,8.0,2.0,7.2,D,-17.9
7677,low,3,9.0,9.0,,D,
7678,low,3,12.0,18.0,8.1,A,-100.0
7679,none,3,6.0,4.0,5.5,A,-100.0
7680,low,2,13.0,1.0,6.4,A,-100.0
7681,none,2,13.0,17.0,9.7,A,-100.0
7682,low,2,21.0,18.0,8.9,A,-100.0
7683,medium,1,1.0,30.0,9.3,A,-4.7
7684,low,0,12.0,14.0,5.1,C,-100.0
7685,high,0,5.0,7.0,7.3,A,-13.1
7686,none,2,3.0,4.0,2.8,A,-14.4
7687,none,0,6.0,44.0,6.8,A,-12.3
7688,high,1,5.0,11.0,5.9,C,-16.2
7689,medium,1,3.0,10.0,3.4,A,-11.3
7690,low,0,7.0,1.0,5.0,C,-14.8
7691,high,3,4.0,26.0,2.5,A,-100.0
7692,high,3,13.0,6.0,1.0,C,-100.0
7693,low,2,16.0,22.0,1.4,C,-100.0
7694,medium,1,2.0,3.0,9.0,A,-6.9
7695,low,1,25.0,3.0,3.2,A,-100.0
7696,high,3,2.0,17.0,8.3,A,-14.7
7697,high,1,7.0,32.0,7.2,A,-18.9
7698,none,4,5.0,30.0,8.9,A,-19.6
7699,none,1,5.0,14.0,8.1,C,-12.7
7700,low,2,10.0,1.0,8.0,A,-100.0
7701,low,3,17.0,22.0,9.7,C,-100.0
7702,high,5,,13.0,1.1,C,
7703,low,1,11.0,3.0,5.6,A,-100.0
7704,medium,1,7.0,4.0,8.6,A,-15.8
7705,none,1,25.0,6.0,6.7,C,-100.0
7706,medium,2,13.0,41.0,2.3,A,-100.0
7707,high,0,10.0,12.0,9.8,C,-100.0
7708,low,1,6.0,1.0,1.2,A,-17.4
7709,low,1,34.0,14.0,6.8,B,-100.0
7710,medium,1,6.0,15.0,9.4,A,-13.5
7711,none,4,2.0,0.0,10.0,A,-14.1
7712,high,0,4.0,8.0,8.8,A,-10.5
7713,high,1,11.0,13.0,9.7,A,-100.0
7714,none,0,6.0,14.0,4.1,A,-13.9
7715,high,0,6.0,1.0,5.4,A,-15.8
7716,medium,1,9.0,2.0,9.7,A,-18.8
7717,medium,3,26.0,27.0,7.8,A,-100.0
7718,low,1,18.0,4.0,1.1,B,-100.0
7719,none,4,5.0,12.0,2.1,A,-100.0
7720,high,0,4.0,11.0,2.2,C,-13.8
7721,none,2,7.0,5.0,2.6,A,-100.0
7722,low,1,12.0,3.0,4.4,A,-100.0
7723,low,0,15.0,31.0,8.1,C,-100.0
7724,none,0,20.0,9.0,10.0,A,-100.0
7725,low,1,16.0,3.0,3.4,A,-100.0
7726,low,1,15.0,0.0,9.5,C,-100.0
7727,medium,4,4.0,1.0,3.3,C,-100.0
7728,low,2,3.0,9.0,5.4,A,-12.5
7729,low,2,4.0,5.0,4.6,A,-14.7
7730,high,2,5.0,18.0,8.7,B,-17.2
7731,none,2,12.0,28.0,3.0,A,-100.0
7732,medium,3,12.0,19.0,8.9,C,-100.0
7733,low,0,13.0,5.0,9.4,A,-100.0
7734,low,0,7.0,7.0,8.6,D,-12.9
7735,medium,3,10.0,11.0,10.0,C,-100.0
7736,high,0,28.0,5.0,7.6,C,-100.0
7737,medium,1,3.0,7.0,9.9,A,-8.1
7738,,2,9.0,19.0,1.9,B,-100.0
7739,high,1,7.0,13.0,3.2,A,-100.0
7740,medium,1,5.0,34.0,6.8,C,-12.9
7741,high,2,3.0,2.0,8.4,B,-14.1
7742,low,3,7.0,13.0,9.7,C,-19.8
7743,low,2,5.0,2.0,8.1,C,-14.7
7744,low,1,9.0,3.0,9.2,A,-18.6
7745,high,1,4.0,1.0,6.8,C,-14.1
7746,none,1,5.0,3.0,8.2,A,-12.7
7747,low,2,14.0,9.0,9.6,A,-100.0
7748,medium,2,27.0,19.0,7.9,A,-100.0
7749,high,3,9.0,5.0,1.7,A,-100.0
7750,medium,2,13.0,1.0,2.1,A,-100.0
7751,medium,1,9.0,3.0,8.2,A,-19.5
7752,high,0,3.0,36.0,2.1,A,-11.9
7753,high,2,18.0,2.0,6.6,B,-100.0
7754,low,3,6.0,2.0,4.2,A,-100.0
7755,none,0,12.0,8.0,10.0,D,-100.0
7756,medium,1,5.0,10.0,1.1,A,-16.0
7757,none,0,20.0,17.0,8.9,B,-100.0
7758,low,1,10.0,8.0,2.9,A,-100.0
7759,medium,2,9.0,20.0,8.9,A,-100.0
7760,medium,0,6.0,0.0,5.1,A,-13.3
7761,none,1,10.0,7.0,5.9,A,-100.0
7762,low,0,9.0,3.0,7.4,C,-17.0
7763,high,1,21.0,16.0,2.9,B,-100.0
7764,medium,1,16.0,4.0,8.2,A,-100.0
7765,medium,2,13.0,11.0,1.7,A,-100.0
7766,medium,1,13.0,7.0,9.7,C,-100.0
7767,medium,0,7.0,1.0,9.4,A,-12.9
7768,none,3,4.0,1.0,8.1,A,-16.1
7769,medium,1,6.0,1.0,8.2,A,-14.3
7770,high,2,4.0,4.0,2.4,C,-18.8
7771,low,0,16.0,28.0,9.1,B,-100.0
7772,,1,5.0,19.0,9.1,A,-12.1
7773,high,1,1.0,0.0,1.3,A,-11.6
7774,high,2,9.0,22.0,8.7,C,-100.0
7775,high,1,16.0,2.0,6.6,A,-100.0
7776,none,2,25.0,19.0,8.4,A,-100.0
7777,medium,2,5.0,40.0,3.2,A,-17.1
7778,medium,3,7.0,16.0,1.3,C,-100.0
7779,medium,3,3.0,13.0,8.8,A,-13.6
7780,none,0,16.0,2.0,1.8,A,-100.0
7781,low,1,11.0,21.0,1.9,C,-100.0
7782,none,4,8.0,26.0,9.2,A,-100.0
7783,high,0,11.0,38.0,5.5,C,-100.0
7784,low,1,2.0,6.0,7.5,A,-7.2
7785,high,1,20.0,14.0,3.3,A,-100.0
7786,none,0,8.0,6.0,1.1,A,-19.0
7787,low,1,15.0,16.0,8.2,A,-100.0
7788,high,1,4.0,12.0,6.1,A,-14.4
7789,high,2,3.0,2.0,1.4,B,-17.6
7790,low,4,3.0,13.0,9.6,A,-15.4
7791,high,1,3.0,10.0,6.9,A,-12.2
7792,none,0,7.0,17.0,1.6,A,-16.9
7793,medium,0,4.0,0.0,8.8,C,-8.0
7794,high,2,6.0,0.0,8.7,A,-19.2
7795,high,2,8.0,8.0,4.6,A,-100.0
7796,low,3,17.0,0.0,2.8,A,-100.0
7797,medium,3,4.0,20.0,6.9,A,-16.2
7798,,1,21.0,6.0,9.3,A,-100.0
7799,low,1,12.0,6.0,4.4,C,-100.0
7800,high,0,1.0,3.0,5.7,A,-6.9
7801,high,3,22.0,7.0,5.8,A,-100.0
7802,medium,0,11.0,9.0,7.8,A,-100.0
7803,low,2,39.0,19.0,2.6,A,-100.0
7804,none,1,5.0,4.0,6.8,B,-13.4
7805,low,2,11.0,20.0,1.7,A,-100.0
7806,high,0,5.0,4.0,6.5,A,-13.5
7807,none,0,6.0,6.0,8.7,B,-11.7
7808,medium,2,16.0,11.0,9.1,A,-100.0
7809,high,1,9.0,3.0,5.1,A,-100.0
7810,medium,2,37.0,6.0,8.7,A,-100.0
7811,,1,16.0,1.0,4.6,A,-100.0
7812,medium,1,11.0,3.0,8.5,B,-100.0
7813,none,0,7.0,28.0,7.1,B,-14.0
7814,low,0,16.0,3.0,1.5,B,-100.0
7815,none,0,5.0,50.0,1.7,A,-13.0
7816,high,1,12.0,6.0,6.5,A,-100.0
7817,medium,3,12.0,4.0,4.9,A,-100.0
7818,none,0,14.0,5.0,5.3,C,-100.0
7819,high,2,27.0,23.0,3.2,C,-100.0
7820,medium,2,5.0,9.0,7.9,A,-15.1
7821,low,2,5.0,4.0,8.5,B,-14.5
7822,low,2,9.0,35.0,4.2,C,-100.0
7823,high,1,20.0,25.0,5.1,C,-100.0
7824,medium,0,12.0,14.0,9.3,A,-100.0
7825,high,2,4.0,4.0,8.3,A,-15.8
7826,none,1,3.0,6.0,8.0,A,-9.3
7827,high,1,4.0,5.0,9.5,A,-12.7
7828,low,1,6.0,9.0,4.7,A,-15.6
7829,low,1,3.0,14.0,9.9,A,-7.7
7830,high,1,19.0,17.0,3.3,A,-100.0
7831,low,2,2.0,50.0,2.9,A,-11.6
7832,none,0,9.0,5.0,9.9,C,-16.4
7833,medium,1,2.0,4.0,1.7,A,-10.5
7834,high,2,21.0,3.0,8.5,A,-100.0
7835,high,4,2.0,7.0,7.7,A,-17.6
7836,low,1,7.0,36.0,1.0,A,-18.9
7837,medium,3,2.0,13.0,,A,
7838,low,1,10.0,3.0,1.5,D,-100.0
7839,,0,9.0,1.0,4.7,A,-19.0
7840,low,3,10.0,12.0,7.0,C,-100.0
7841,low,4,4.0,3.0,9.1,A,-17.4
7842,low,3,4.0,26.0,2.6,A,-18.0
7843,low,1,19.0,21.0,8.3,A,-100.0
7844,medium,1,1.0,7.0,4.3,D,-7.4
7845,none,0,,2.0,1.5,C,
7846,medium,3,8.0,0.0,2.2,A,-100.0
7847,low,0,5.0,10.0,5.1,A,-11.1
7848,low,2,11.0,22.0,8.9,A,-100.0
7849,high,2,1.0,3.0,9.0,B,-10.2
7850,,0,2.0,22.0,9.0,A,-4.4
7851,none,2,3.0,5.0,3.0,A,-14.3
7852,low,2,6.0,11.0,5.4,D,-17.7
7853,high,2,13.0,11.0,6.3,A,-100.0
7854,high,2,5.0,3.0,2.3,A,-100.0
7855,medium,1,20.0,32.0,7.0,A,-100.0
7856,none,0,8.0,15.0,9.1,A,-14.9
7857,,2,7.0,6.0,5.2,A,-100.0
7858,none,2,23.0,13.0,3.0,A,-100.0
7859,none,0,3.0,3.0,4.2,A,-8.7
7860,none,3,13.0,4.0,1.6,B,-100.0
7861,medium,1,14.0,45.0,2.4,A,-100.0
7862,high,1,5.0,7.0,9.5,A,-14.5
7863,high,2,11.0,34.0,3.6,A,-100.0
7864,medium,1,4.0,2.0,8.9,A,-10.4
7865,high,1,11.0,15.0,8.2,A,-100.0
7866,none,2,2.0,20.0,1.5,A,-13.2
7867,low,0,7.0,6.0,9.6,C,-12.4
7868,none,4,1.0,9.0,,A,
7869,,1,8.0,0.0,9.3,C,-17.5
7870,medium,1,22.0,5.0,5.8,D,-100.0
7871,high,1,4.0,25.0,3.7,B,-15.4
7872,none,1,12.0,28.0,8.3,A,-100.0
7873,low,4,3.0,3.0,7.4,A,-16.5
7874,low,2,2.0,3.0,8.8,A,-9.1
7875,high,1,5.0,10.0,6.2,B,-16.1
7876,none,3,10.0,6.0,5.8,A,-100.0
7877,medium,0,6.0,31.0,8.4,A,-11.4
7878,medium,1,22.0,6.0,2.5,A,-100.0
7879,medium,0,8.0,10.0,6.4,A,-16.1
7880,low,7,2.0,12.0,,A,
7881,medium,1,6.0,4.0,5.0,A,-15.9
7882,medium,1,3.0,24.0,1.1,A,-12.4
7883,medium,1,8.0,3.0,9.7,C,-17.0
7884,high,0,6.0,41.0,7.3,C,-14.5
7885,high,4,10.0,0.0,8.9,A,-100.0
7886,none,1,5.0,14.0,7.6,A,-12.9
7887,medium,0,7.0,6.0,1.2,A,-17.0
7888,none,2,19.0,13.0,5.1,A,-100.0
7889,high,1,18.0,5.0,4.2,D,-100.0
7890,low,4,15.0,16.0,1.6,A,-100.0
7891,high,1,7.0,8.0,10.0,C,-17.7
7892,high,2,17.0,50.0,4.9,A,-100.0
7893,medium,2,22.0,6.0,9.5,A,-100.0
7894,high,3,2.0,9.0,7.0,C,-15.4
7895,low,1,16.0,7.0,8.8,A,-100.0
7896,high,0,5.0,0.0,3.8,D,-14.9
7897,none,2,5.0,9.0,6.8,B,-15.9
7898,medium,1,7.0,3.0,9.7,A,-15.3
7899,low,4,6.0,0.0,2.3,A,-100.0
7900,high,0,11.0,6.0,2.7,A,-100.0
7901,low,2,4.0,3.0,8.2,A,-12.9
7902,low,1,13.0,4.0,9.8,C,-100.0
7903,low,0,7.0,46.0,8.8,A,-12.4
7904,medium,3,16.0,4.0,9.2,A,-100.0
7905,medium,3,11.0,2.0,5.6,A,-100.0
7906,high,1,9.0,9.0,3.7,A,-100.0
7907,high,0,15.0,18.0,8.5,C,-100.0
7908,medium,0,34.0,2.0,9.8,A,-100.0
7909,none,2,15.0,1.0,4.7,B,-100.0
7910,high,1,4.0,1.0,7.3,A,-13.9
7911,none,1,17.0,1.0,1.9,A,-100.0
7912,low,0,8.0,24.0,5.3,A,-16.1
7913,low,3,20.0,15.0,5.3,A,-100.0
7914,high,1,22.0,1.0,3.0,A,-100.0
7915,low,4,10.0,1.0,4.9,B,-100.0
7916,low,2,7.0,6.0,5.8,A,-19.3
7917,none,1,6.0,9.0,2.2,B,-17.4
7918,medium,0,0.0,6.0,,A,
7919,low,1,11.0,10.0,8.6,A,-100.0
7920,high,3,5.0,2.0,7.0,A,-100.0
7921,low,4,16.0,9.0,9.2,C,-100.0
7922,low,2,11.0,1.0,7.7,A,-100.0
7923,high,2,9.0,15.0,5.4,C,-100.0
7924,high,4,7.0,50.0,9.6,A,-100.0
7925,medium,0,5.0,1.0,6.4,A,-10.9
7926,medium,2,8.0,17.0,3.8,B,-100.0
7927,medium,2,3.0,10.0,3.5,A,-13.8
7928,high,3,13.0,23.0,3.7,C,-100.0
7929,low,0,1.0,8.0,8.9,A,-2.2
7930,high,2,6.0,0.0,9.9,D,-18.6
7931,high,1,8.0,50.0,9.3,A,-19.4
7932,high,0,10.0,18.0,2.4,A,-100.0
7933,low,3,10.0,7.0,6.1,A,-100.0
7934,low,0,3.0,9.0,9.0,A,-5.7
7935,none,0,6.0,3.0,3.7,A,-14.3
7936,medium,0,3.0,4.0,1.2,C,-10.0
7937,none,1,13.0,14.0,9.4,A,-100.0
7938,high,2,6.0,18.0,8.8,C,-18.9
7939,high,0,9.0,14.0,4.8,D,-100.0
7940,high,2,4.0,18.0,8.9,A,-15.4
7941,high,3,17.0,8.0,1.9,A,-100.0
7942,low,3,9.0,32.0,1.2,B,-100.0
7943,high,1,9.0,10.0,2.5,D,-100.0
7944,none,2,13.0,12.0,1.8,A,-100.0
7945,none,0,7.0,5.0,1.7,A,-17.0
7946,high,2,3.0,22.0,8.7,B,-13.7
7947,,1,20.0,7.0,2.2,D,-100.0
7948,medium,0,13.0,8.0,7.8,A,-100.0
7949,low,0,13.0,5.0,2.1,D,-100.0
7950,low,1,5.0,2.0,2.9,D,-14.8
7951,low,0,4.0,8.0,6.7,D,-8.6
7952,low,1,9.0,7.0,1.4,A,-100.0
7953,medium,0,14.0,4.0,4.6,A,-100.0
7954,none,3,4.0,5.0,1.4,A,-19.4
7955,none,1,16.0,1.0,2.1,A,-100.0
7956,low,1,8.0,12.0,9.5,A,-16.7
7957,low,2,28.0,1.0,9.1,D,-100.0
7958,none,2,14.0,17.0,8.3,A,-100.0
7959,none,2,13.0,2.0,9.3,B,-100.0
7960,medium,0,15.0,13.0,9.4,A,-100.0
7961,,1,7.0,9.0,6.9,A,-16.8
7962,none,3,7.0,45.0,9.9,A,-20.0
7963,high,2,8.0,4.0,9.7,A,-100.0
7964,high,6,7.0,50.0,5.5,C,-100.0
7965,,1,16.0,4.0,,D,
7966,high,1,7.0,15.0,8.6,A,-18.3
7967,high,1,10.0,22.0,8.6,A,-100.0
7968,none,1,8.0,6.0,1.8,A,-100.0
7969,none,1,2.0,10.0,4.6,A,-9.2
7970,low,3,2.0,8.0,1.1,A,-15.4
7971,high,4,4.0,28.0,4.6,A,-100.0
7972,low,3,14.0,1.0,8.8,A,-100.0
7973,low,1,3.0,2.0,3.6,A,-11.0
7974,medium,1,16.0,2.0,4.9,B,-100.0
7975,high,0,8.0,18.0,6.6,A,-18.5
7976,high,1,3.0,50.0,2.8,D,-13.9
7977,medium,2,25.0,8.0,8.0,C,-100.0
7978,none,0,10.0,1.0,2.9,A,-100.0
7979,medium,3,6.0,16.0,7.9,C,-19.3
7980,none,4,2.0,24.0,1.3,A,-18.2
7981,high,1,14.0,30.0,9.6,C,-100.0
7982,high,1,3.0,3.0,9.5,A,-11.0
7983,medium,1,7.0,2.0,5.9,A,-17.2
7984,low,2,5.0,30.0,3.4,A,-16.8
7985,high,1,9.0,34.0,2.5,B,-100.0
7986,low,3,6.0,7.0,5.3,A,-100.0
7987,medium,2,2.0,2.0,7.2,C,-10.3
7988,medium,0,3.0,39.0,7.2,C,-6.7
7989,high,4,3.0,13.0,4.8,C,-100.0
7990,medium,3,4.0,2.0,2.0,A,-18.9
7991,none,2,14.0,7.0,9.2,B,-100.0
7992,none,3,9.0,18.0,1.9,A,-100.0
7993,high,1,2.0,20.0,8.2,A,-9.7
7994,low,3,36.0,14.0,5.6,A,-100.0
7995,low,3,25.0,28.0,9.7,B,-100.0
7996,high,0,5.0,50.0,9.8,A,-11.4
7997,medium,0,,8.0,9.8,C,
7998,high,1,4.0,1.0,4.5,A,-15.3
7999,high,3,13.0,14.0,2.4,C,-100.0
8000,medium,1,23.0,14.0,1.8,A,-100.0
8001,low,2,4.0,11.0,7.6,A,-13.1
8002,medium,0,5.0,49.0,9.9,A,-8.7
8003,low,1,5.0,3.0,5.8,B,-13.4
8004,high,1,17.0,5.0,2.0,B,-100.0
8005,high,2,4.0,21.0,1.1,A,-19.3
8006,low,5,13.0,4.0,9.1,A,-100.0
8007,medium,3,6.0,5.0,2.6,C,-100.0
8008,high,2,6.0,40.0,8.8,A,-18.7
8009,low,0,19.0,4.0,2.3,A,-100.0
8010,none,0,5.0,2.0,5.2,C,-11.8
8011,,1,14.0,5.0,3.8,A,-100.0
8012,high,1,12.0,15.0,8.5,C,-100.0
8013,none,1,6.0,11.0,4.3,C,-16.4
8014,high,4,5.0,5.0,7.7,C,-100.0
8015,medium,1,22.0,10.0,6.9,A,-100.0
8016,high,1,18.0,15.0,1.4,D,-100.0
8017,none,0,5.0,6.0,4.3,A,-12.2
8018,low,1,2.0,18.0,1.1,A,-10.3
8019,low,1,,31.0,8.5,C,
8020,high,2,16.0,12.0,8.9,C,-100.0
8021,high,1,12.0,0.0,9.9,A,-100.0
8022,high,0,10.0,5.0,5.1,A,-100.0
8023,medium,1,6.0,16.0,6.5,C,-15.0
8024,high,1,1.0,14.0,3.8,A,-10.2
8025,none,1,9.0,12.0,9.4,A,-19.1
8026,high,1,7.0,11.0,8.1,B,-18.6
8027,high,2,10.0,6.0,6.0,C,-100.0
8028,high,3,7.0,22.0,9.1,C,-100.0
8029,low,0,40.0,9.0,1.4,A,-100.0
8030,high,1,3.0,5.0,8.3,A,-11.6
8031,low,0,1.0,16.0,9.6,B,-1.8
8032,low,2,6.0,3.0,3.4,A,-18.8
8033,medium,0,20.0,18.0,9.7,C,-100.0
8034,medium,0,4.0,15.0,5.0,A,-9.7
8035,none,1,15.0,10.0,3.9,C,-100.0
8036,high,1,19.0,7.0,4.9,A,-100.0
8037,high,0,12.0,22.0,5.6,A,-100.0
8038,high,3,2.0,4.0,8.3,A,-14.8
8039,none,1,,6.0,8.1,C,
8040,high,0,6.0,1.0,9.3,A,-13.9
8041,low,0,16.0,0.0,1.8,C,-100.0
8042,high,0,5.0,6.0,5.2,C,-14.1
8043,none,2,5.0,9.0,9.3,A,-14.6
8044,medium,3,11.0,11.0,2.8,A,-100.0
8045,low,1,5.0,8.0,4.9,C,-13.7
8046,none,0,7.0,3.0,7.7,B,-14.0
8047,high,3,8.0,4.0,3.6,A,-100.0
8048,high,0,9.0,12.0,1.9,A,-100.0
8049,none,1,5.0,6.0,7.6,A,-13.0
8050,none,1,1.0,8.0,5.4,B,-7.1
8051,medium,1,7.0,10.0,9.2,A,-15.4
8052,low,0,8.0,17.0,9.5,A,-14.1
8053,low,1,11.0,50.0,8.1,B,-100.0
8054,medium,1,2.0,2.0,6.2,C,-8.3
8055,low,1,16.0,6.0,3.7,B,-100.0
8056,low,3,40.0,14.0,6.3,C,-100.0
8057,high,1,7.0,4.0,5.1,A,-100.0
8058,none,1,15.0,14.0,2.1,A,-100.0
8059,medium,1,10.0,12.0,8.3,C,-100.0
8060,none,1,11.0,13.0,9.0,B,-100.0
8061,medium,2,8.0,4.0,8.5,A,-100.0
8062,low,2,5.0,5.0,5.9,C,-15.8
8063,low,2,8.0,14.0,3.6,A,-100.0
8064,low,1,11.0,10.0,7.1,C,-100.0
8065,high,1,7.0,14.0,4.5,C,-100.0
8066,,0,7.0,15.0,9.5,C,-13.0
8067,none,3,2.0,2.0,8.1,A,-12.5
8068,medium,1,14.0,34.0,2.3,A,-100.0
8069,medium,3,4.0,34.0,2.1,A,-18.5
8070,low,1,6.0,14.0,9.9,A,-12.9
8071,medium,0,13.0,9.0,9.1,A,-100.0
8072,high,1,8.0,0.0,4.1,A,-100.0
8073,high,3,8.0,22.0,9.5,A,-100.0
8074,medium,2,6.0,17.0,7.7,A,-16.9
8075,none,1,8.0,4.0,8.8,C,-17.7
8076,medium,4,15.0,1.0,3.3,A,-100.0
8077,medium,3,4.0,2.0,9.6,A,-15.1
8078,low,1,33.0,2.0,9.5,C,-100.0
8079,none,3,5.0,6.0,8.1,A,-17.8
8080,medium,0,9.0,9.0,8.6,C,-16.8
8081,high,0,13.0,3.0,5.6,C,-100.0
8082,high,1,3.0,1.0,3.6,A,-14.0
8083,medium,1,1.0,32.0,4.4,C,-7.1
8084,medium,2,14.0,5.0,4.6,A,-100.0
8085,high,1,8.0,11.0,7.0,A,-100.0
8086,low,3,1.0,6.0,9.1,A,-9.7
8087,high,1,9.0,5.0,8.0,C,-100.0
8088,none,3,7.0,3.0,3.0,A,-100.0
8089,medium,1,12.0,1.0,5.5,C,-100.0
8090,low,2,20.0,12.0,9.4,C,-100.0
8091,none,2,5.0,14.0,7.7,B,-15.4
8092,low,1,8.0,12.0,8.3,A,-17.3
8093,low,1,5.0,23.0,7.5,C,-12.3
8094,none,3,7.0,7.0,3.2,B,-100.0
8095,none,0,11.0,29.0,1.2,A,-100.0
8096,high,0,11.0,5.0,3.3,A,-100.0
8097,high,1,,50.0,8.6,C,
8098,high,0,3.0,9.0,9.0,B,-8.7
8099,low,5,15.0,15.0,3.8,D,-100.0
8100,high,1,16.0,27.0,8.6,B,-100.0
8101,low,2,4.0,3.0,7.6,A,-13.2
8102,high,1,10.0,5.0,1.8,A,-100.0
8103,high,1,15.0,1.0,8.8,C,-100.0
8104,low,1,2.0,15.0,9.5,A,-6.1
8105,high,1,7.0,5.0,2.9,C,-100.0
8106,none,0,5.0,10.0,4.4,D,-12.1
8107,medium,3,6.0,16.0,1.1,C,-100.0
8108,low,1,7.0,18.0,9.9,A,-14.6
8109,low,2,21.0,5.0,7.8,A,-100.0
8110,high,1,14.0,14.0,2.5,C,-100.0
8111,low,2,8.0,7.0,7.6,C,-100.0
8112,low,1,17.0,4.0,9.5,A,-100.0
8113,high,1,2.0,0.0,9.2,C,-9.4
8114,none,5,1.0,23.0,3.3,B,-18.0
8115,low,2,9.0,4.0,1.7,A,-100.0
8116,low,3,17.0,8.0,3.2,A,-100.0
8117,low,0,4.0,5.0,4.8,A,-9.6
8118,none,2,16.0,32.0,9.3,A,-100.0
8119,low,2,4.0,11.0,2.9,A,-15.5
8120,medium,0,,23.0,9.6,C,
8121,high,2,17.0,1.0,3.9,A,-100.0
8122,medium,2,13.0,1.0,9.3,A,-100.0
8123,low,0,24.0,8.0,4.5,A,-100.0
8124,high,1,10.0,2.0,8.4,A,-100.0
8125,medium,2,7.0,5.0,8.6,C,-18.3
8126,low,1,15.0,6.0,5.8,D,-100.0
8127,medium,0,8.0,5.0,8.0,B,-15.4
8128,none,1,7.0,3.0,6.9,A,-16.9
8129,medium,1,7.0,10.0,5.9,A,-17.1
8130,high,1,2.0,27.0,10.0,A,-8.8
8131,none,2,18.0,5.0,8.8,A,-100.0
8132,medium,2,9.0,1.0,5.1,A,-100.0
8133,medium,1,12.0,11.0,9.6,A,-100.0
8134,high,1,15.0,20.0,4.3,A,-100.0
8135,high,0,6.0,4.0,1.9,A,-17.5
8136,high,3,14.0,23.0,3.8,B,-100.0
8137,medium,1,5.0,18.0,8.4,A,-12.3
8138,none,0,4.0,4.0,1.1,A,-12.0
8139,none,1,24.0,11.0,2.0,C,-100.0
8140,low,2,5.0,4.0,8.4,C,-14.5
8141,medium,1,2.0,3.0,4.5,A,-9.1
8142,high,0,25.0,5.0,8.3,C,-100.0
8143,medium,2,7.0,4.0,1.4,A,-100.0
8144,low,1,6.0,23.0,2.5,A,-16.5
8145,low,2,12.0,28.0,6.3,C,-100.0
8146,medium,4,0.0,16.0,,A,
8147,medium,0,3.0,14.0,2.8,C,-9.1
8148,low,3,6.0,2.0,9.2,A,-18.4
8149,high,3,8.0,8.0,1.7,A,-100.0
8150,high,1,10.0,13.0,6.3,A,-100.0
8151,none,2,4.0,4.0,7.9,A,-13.6
8152,high,6,6.0,1.0,6.7,A,-100.0
8153,low,3,12.0,6.0,3.3,A,-100.0
8154,high,0,1.0,3.0,9.8,A,-4.8
8155,medium,0,6.0,2.0,3.0,C,-14.4
8156,low,2,5.0,12.0,5.7,B,-15.8
8157,medium,3,14.0,5.0,8.5,B,-100.0
8158,low,2,8.0,1.0,1.9,A,-100.0
8159,low,0,23.0,5.0,8.3,A,-100.0
8160,high,5,6.0,12.0,3.9,A,-100.0
8161,high,2,14.0,21.0,4.0,A,-100.0
8162,high,1,3.0,15.0,8.3,D,-11.5
8163,none,0,6.0,11.0,10.0,A,-11.0
8164,medium,2,6.0,2.0,1.1,A,-100.0
8165,medium,2,1.0,16.0,7.1,A,-8.4
8166,none,2,11.0,0.0,7.9,A,-100.0
8167,high,1,4.0,18.0,8.0,A,-13.3
8168,high,2,,19.0,5.0,C,
8169,high,0,7.0,27.0,1.0,D,-19.5
8170,low,1,3.0,10.0,9.5,A,-7.9
8171,high,4,5.0,28.0,8.8,A,-100.0
8172,low,4,4.0,4.0,4.5,A,-19.7
8173,low,2,12.0,33.0,9.1,A,-100.0
8174,low,1,10.0,18.0,4.7,A,-100.0
8175,high,1,17.0,15.0,2.1,A,-100.0
8176,none,2,,31.0,9.7,C,
8177,high,3,8.0,10.0,6.1,A,-100.0
8178,low,3,8.0,19.0,6.6,A,-100.0
8179,medium,0,1.0,3.0,1.7,C,-6.3
8180,low,1,3.0,30.0,8.7,A,-8.1
8181,low,1,5.0,0.0,8.4,A,-12.1
8182,none,1,13.0,15.0,6.6,C,-100.0
8183,low,4,28.0,9.0,8.1,A,-100.0
8184,medium,0,1.0,20.0,9.1,C,-2.4
8185,none,2,8.0,6.0,8.5,C,-100.0
8186,low,2,7.0,3.0,4.9,A,-19.8
8187,low,1,3.0,23.0,8.9,A,-8.1
8188,medium,1,15.0,5.0,9.6,A,-100.0
8189,low,2,20.0,20.0,1.5,A,-100.0
8190,low,3,3.0,24.0,7.9,A,-13.6
8191,low,0,5.0,1.0,9.5,A,-9.0
8192,high,2,6.0,23.0,9.0,B,-18.8
8193,none,3,4.0,31.0,9.8,A,-14.9
8194,high,1,3.0,2.0,9.8,A,-10.9
8195,low,1,3.0,29.0,9.2,A,-7.9
8196,high,0,21.0,2.0,7.7,A,-100.0
8197,medium,0,13.0,28.0,9.5,A,-100.0
8198,low,1,5.0,1.0,6.6,C,-13.0
8199,,2,15.0,15.0,9.5,A,-100.0
8200,medium,0,5.0,19.0,2.6,B,-12.7
8201,low,1,6.0,21.0,1.9,A,-16.9
8202,medium,2,8.0,2.0,9.3,A,-19.7
8203,high,2,7.0,11.0,1.0,A,-100.0
8204,none,0,13.0,5.0,8.7,A,-100.0
8205,medium,3,23.0,2.0,2.1,A,-100.0
8206,low,0,7.0,19.0,6.4,A,-13.9
8207,none,0,5.0,0.0,9.0,C,-9.9
8208,none,1,12.0,39.0,3.1,B,-100.0
8209,medium,3,9.0,0.0,8.1,A,-100.0
8210,high,3,19.0,14.0,3.5,A,-100.0
8211,low,1,31.0,7.0,9.1,D,-100.0
8212,low,0,3.0,22.0,5.4,A,-7.4
8213,medium,0,27.0,0.0,3.8,A,-100.0
8214,medium,0,10.0,7.0,1.1,A,-100.0
8215,none,2,1.0,18.0,5.7,A,-9.3
8216,low,1,13.0,10.0,9.1,A,-100.0
8217,high,4,8.0,12.0,3.5,A,-100.0
8218,high,2,9.0,2.0,9.6,A,-100.0
8219,medium,0,30.0,15.0,8.8,A,-100.0
8220,low,1,4.0,5.0,3.7,B,-12.6
8221,high,1,2.0,14.0,9.6,D,-9.1
8222,none,3,24.0,13.0,8.6,B,-100.0
8223,low,3,8.0,6.0,8.6,A,-100.0
8224,low,1,5.0,5.0,8.3,C,-12.1
8225,low,1,6.0,0.0,9.8,A,-13.1
8226,high,1,7.0,13.0,9.3,A,-18.0
8227,high,3,13.0,19.0,2.3,A,-100.0
8228,low,1,3.0,1.0,3.3,A,-11.1
8229,none,0,6.0,12.0,4.5,C,-13.8
8230,none,0,,18.0,2.2,C,
8231,low,2,18.0,7.0,3.2,A,-100.0
8232,high,1,7.0,3.0,5.3,A,-100.0
8233,medium,2,5.0,4.0,9.3,A,-14.5
8234,medium,0,11.0,18.0,7.5,A,-100.0
8235,high,1,24.0,1.0,3.8,A,-100.0
8236,high,0,14.0,10.0,3.7,A,-100.0
8237,low,0,3.0,6.0,1.1,A,-9.7
8238,none,0,10.0,3.0,1.6,B,-100.0
8239,low,1,12.0,7.0,9.4,A,-100.0
8240,none,1,8.0,5.0,8.0,A,-18.1
8241,none,0,8.0,21.0,9.2,C,-14.8
8242,none,2,14.0,18.0,2.8,D,-100.0
8243,medium,0,17.0,7.0,9.8,C,-100.0
8244,high,2,8.0,10.0,9.0,A,-100.0
8245,low,0,20.0,30.0,9.4,B,-100.0
8246,high,2,,5.0,4.4,C,
8247,low,1,12.0,8.0,3.4,A,-100.0
8248,low,1,12.0,1.0,8.2,C,-100.0
8249,high,1,2.0,6.0,,C,
8250,none,1,11.0,18.0,6.0,A,-100.0
8251,none,2,24.0,6.0,8.4,B,-100.0
8252,high,3,10.0,2.0,6.4,A,-100.0
8253,none,3,2.0,10.0,3.9,A,-14.6
8254,low,0,13.0,5.0,1.4,A,-100.0
8255,high,1,20.0,7.0,6.2,B,-100.0
8256,medium,1,13.0,0.0,1.8,A,-100.0
8257,none,1,38.0,9.0,9.8,A,-100.0
8258,low,3,5.0,16.0,2.0,C,-100.0
8259,none,1,9.0,9.0,6.1,A,-100.0
8260,low,0,18.0,3.0,8.2,C,-100.0
8261,high,4,6.0,5.0,6.5,A,-100.0
8262,medium,2,13.0,2.0,9.7,C,-100.0
8263,medium,1,32.0,18.0,1.9,C,-100.0
8264,low,1,15.0,0.0,8.2,A,-100.0
8265,low,2,17.0,8.0,5.4,C,-100.0
8266,low,1,4.0,8.0,6.6,A,-11.1
8267,none,0,7.0,3.0,3.0,C,-16.3
8268,medium,4,11.0,19.0,6.2,C,-100.0
8269,medium,2,9.0,13.0,9.7,A,-100.0
8270,high,1,2.0,8.0,5.5,A,-11.2
8271,medium,2,8.0,13.0,8.5,A,-100.0
8272,medium,1,4.0,27.0,1.7,D,-13.8
8273,none,0,25.0,8.0,2.5,C,-100.0
8274,none,2,21.0,27.0,1.6,A,-100.0
8275,high,4,12.0,31.0,3.1,C,-100.0
8276,high,0,7.0,16.0,8.1,A,-16.1
8277,medium,2,13.0,11.0,9.0,A,-100.0
8278,none,4,20.0,38.0,3.2,A,-100.0
8279,medium,3,14.0,26.0,7.1,A,-100.0
8280,high,1,16.0,3.0,3.8,A,-100.0
8281,medium,0,5.0,6.0,8.5,C,-9.8
8282,low,1,20.0,4.0,4.7,C,-100.0
8283,none,1,6.0,0.0,2.5,D,-17.4
8284,medium,1,3.0,11.0,3.5,C,-11.3
8285,none,0,8.0,6.0,5.2,C,-17.0
8286,low,2,8.0,41.0,3.4,A,-100.0
8287,high,0,3.0,6.0,2.1,A,-12.2
8288,high,2,10.0,1.0,9.4,A,
8289,high,1,5.0,4.0,1.5,C,-18.5
8290,high,2,9.0,31.0,8.2,A,-100.0
8291,high,1,15.0,0.0,5.6,A,-100.0
8292,high,1,9.0,2.0,4.3,A,-100.0
8293,none,2,8.0,1.0,4.1,A,-100.0
8294,low,3,5.0,8.0,6.5,D,-17.9
8295,medium,0,20.0,39.0,3.8,A,-100.0
8296,medium,0,12.0,1.0,9.5,A,-100.0
8297,high,0,9.0,0.0,2.9,A,-100.0
8298,high,2,5.0,12.0,3.1,A,-100.0
8299,low,3,6.0,27.0,5.2,C,-100.0
8300,high,0,7.0,3.0,8.5,A,-16.0
8301,low,0,14.0,16.0,9.9,B,-100.0
8302,high,2,20.0,5.0,8.1,A,-100.0
8303,high,2,6.0,7.0,2.8,C,-100.0
8304,medium,1,11.0,9.0,7.1,A,-100.0
8305,low,1,5.0,7.0,5.2,A,-13.6
8306,high,1,11.0,6.0,1.9,A,-100.0
8307,low,0,14.0,6.0,3.0,C,-100.0
8308,none,1,3.0,28.0,7.4,A,-9.4
8309,medium,2,13.0,12.0,6.9,A,-100.0
8310,high,1,7.0,7.0,9.0,C,-18.2
8311,high,3,5.0,25.0,9.5,A,-19.3
8312,high,2,20.0,4.0,4.1,A,-100.0
8313,medium,2,10.0,10.0,9.0,A,-100.0
8314,low,0,7.0,18.0,9.9,A,-12.2
8315,none,3,6.0,4.0,9.2,A,-19.0
8316,medium,3,,20.0,7.5,C,
8317,medium,2,7.0,14.0,6.2,C,-19.4
8318,low,0,4.0,3.0,2.4,B,-10.8
8319,low,0,3.0,8.0,1.2,C,-9.6
8320,high,0,14.0,33.0,8.3,C,-100.0
8321,medium,2,5.0,10.0,7.8,A,-15.2
8322,low,0,10.0,22.0,4.6,A,-100.0
8323,none,1,21.0,17.0,3.9,A,-100.0
8324,high,1,26.0,5.0,2.8,C,-100.0
8325,none,0,13.0,4.0,3.1,A,-100.0
8326,medium,0,4.0,3.0,7.9,C,-8.4
8327,low,0,4.0,16.0,1.5,C,-11.1
8328,high,3,20.0,4.0,6.0,A,-100.0
8329,medium,1,7.0,23.0,1.9,C,-19.0
8330,medium,1,18.0,22.0,8.2,A,-100.0
8331,medium,2,18.0,44.0,1.5,A,-100.0
8332,medium,0,9.0,26.0,3.5,C,-19.1
8333,none,1,3.0,29.0,3.2,A,-11.5
8334,none,1,5.0,2.0,2.9,A,-15.4
8335,medium,1,13.0,7.0,2.6,C,-100.0
8336,medium,2,1.0,4.0,8.7,C,-7.8
8337,medium,0,9.0,6.0,4.9,A,-18.6
8338,medium,1,17.0,21.0,6.9,A,-100.0
8339,high,4,18.0,0.0,2.0,A,-100.0
8340,medium,3,12.0,8.0,1.9,C,-100.0
8341,high,3,20.0,3.0,1.0,A,-100.0
8342,medium,0,10.0,0.0,9.9,A,-17.9
8343,none,2,10.0,27.0,8.5,A,-100.0
8344,high,1,18.0,2.0,8.9,A,-100.0
8345,medium,0,6.0,18.0,2.7,A,-14.4
8346,high,4,8.0,39.0,8.5,A,-100.0
8347,high,1,39.0,50.0,6.4,A,-100.0
8348,low,2,5.0,5.0,6.8,C,-15.3
8349,low,2,4.0,7.0,1.7,A,-16.1
8350,none,2,8.0,3.0,7.1,A,-100.0
8351,high,1,24.0,1.0,2.5,A,-100.0
8352,medium,1,9.0,5.0,1.8,A,-100.0
8353,medium,2,4.0,50.0,3.9,C,-14.9
8354,,0,9.0,19.0,9.4,B,-16.5
8355,medium,5,5.0,14.0,9.9,C,-100.0
8356,high,0,14.0,2.0,1.5,A,-100.0
8357,none,0,6.0,4.0,1.8,A,-15.2
8358,low,4,16.0,7.0,5.9,C,-100.0
8359,high,3,12.0,2.0,8.1,B,-100.0
8360,medium,3,7.0,2.0,9.3,A,-100.0
8361,medium,1,3.0,15.0,8.8,A,-8.6
8362,low,0,15.0,8.0,3.9,A,-100.0
8363,low,2,8.0,5.0,2.3,A,-100.0
8364,high,0,15.0,14.0,5.7,A,-100.0
8365,high,3,4.0,34.0,5.2,C,-19.6
8366,medium,1,8.0,1.0,9.3,A,-17.2
8367,low,2,5.0,19.0,8.8,D,-14.2
8368,low,2,23.0,15.0,7.3,A,-100.0
8369,high,0,4.0,15.0,7.3,A,-11.2
8370,medium,2,2.0,2.0,8.7,A,-9.5
8371,medium,1,9.0,4.0,9.1,B,-19.1
8372,high,1,8.0,4.0,9.9,C,-19.5
8373,medium,1,3.0,20.0,9.5,A,-8.2
8374,low,1,20.0,1.0,8.9,A,-100.0
8375,low,0,6.0,1.0,4.7,A,-13.2
8376,low,1,9.0,9.0,2.9,A,-100.0
8377,medium,0,11.0,16.0,9.6,A,-19.7
8378,high,3,11.0,1.0,1.2,B,-100.0
8379,none,1,10.0,9.0,8.4,B,-100.0
8380,none,2,14.0,50.0,2.6,A,-100.0
8381,high,1,11.0,2.0,9.9,D,-100.0
8382,high,0,17.0,11.0,8.5,A,-100.0
8383,none,1,1.0,39.0,8.1,A,-5.4
8384,low,0,9.0,12.0,6.0,A,-17.7
8385,low,4,2.0,3.0,3.8,A,-16.6
8386,none,1,36.0,0.0,8.6,A,-100.0
8387,high,3,16.0,8.0,5.9,A,-100.0
8388,high,1,25.0,10.0,3.4,A,-100.0
8389,low,1,24.0,13.0,1.4,B,-100.0
8390,none,2,5.0,7.0,9.6,A,-14.5
8391,low,4,13.0,0.0,8.6,A,-100.0
8392,low,2,17.0,23.0,8.1,A,-100.0
8393,high,2,14.0,2.0,4.0,C,-100.0
8394,low,4,38.0,0.0,6.6,A,-100.0
8395,high,1,13.0,5.0,3.2,A,-100.0
8396,medium,0,19.0,2.0,7.9,A,-100.0
8397,none,2,12.0,19.0,2.7,A,-100.0
8398,none,2,19.0,16.0,1.3,C,-100.0
8399,none,2,9.0,34.0,4.3,A,-100.0
8400,medium,0,7.0,20.0,3.6,A,-15.6
8401,low,6,3.0,7.0,2.6,A,-100.0
8402,none,2,1.0,4.0,8.9,B,-7.9
8403,high,1,4.0,11.0,1.3,A,-16.8
8404,medium,3,7.0,20.0,8.3,C,-100.0
8405,none,1,21.0,20.0,8.5,A,-100.0
8406,low,0,3.0,1.0,1.6,C,-9.5
8407,high,1,4.0,3.0,8.2,A,-13.4
8408,high,2,11.0,31.0,2.0,B,-100.0
8409,medium,1,19.0,23.0,8.3,C,-100.0
8410,high,1,7.0,36.0,9.6,A,-17.6
8411,low,2,3.0,5.0,6.8,A,-11.8
8412,none,3,10.0,1.0,5.8,A,-100.0
8413,none,1,13.0,4.0,9.7,C,-100.0
8414,low,1,3.0,17.0,5.5,A,-9.9
8415,low,3,14.0,7.0,4.2,D,-100.0
8416,high,0,4.0,14.0,1.3,A,-14.2
8417,low,1,12.0,49.0,1.8,A,-100.0
8418,medium,2,20.0,13.0,8.9,C,-100.0
8419,low,0,10.0,12.0,3.2,A,-100.0
8420,low,0,13.0,1.0,8.4,A,-100.0
8421,none,3,5.0,2.0,5.6,A,-19.1
8422,high,2,16.0,3.0,2.7,C,-100.0
8423,medium,6,2.0,7.0,4.4,A,-100.0
8424,medium,4,3.0,25.0,5.9,A,-17.4
8425,medium,1,15.0,12.0,6.7,C,-100.0
8426,high,1,3.0,23.0,7.8,A,-11.6
8427,high,0,11.0,13.0,5.1,A,-100.0
8428,high,2,26.0,3.0,3.0,A,-100.0
8429,low,2,11.0,12.0,2.5,A,-100.0
8430,,1,15.0,16.0,8.7,C,-100.0
8431,none,2,10.0,27.0,3.8,D,-100.0
8432,high,1,5.0,1.0,4.1,A,-17.2
8433,none,2,2.0,3.0,9.3,A,-9.4
8434,high,4,2.0,22.0,2.5,A,-100.0
8435,medium,2,6.0,9.0,9.6,B,-16.0
8436,low,1,6.0,8.0,9.4,A,-13.2
8437,high,2,4.0,4.0,5.5,C,-17.2
8438,medium,2,5.0,1.0,8.5,A,-14.9
8439,none,0,5.0,9.0,8.1,A,-10.2
8440,none,0,10.0,8.0,9.2,C,-18.4
8441,low,0,6.0,12.0,9.1,D,-10.9
8442,low,0,7.0,3.0,2.6,B,-15.9
8443,high,1,8.0,38.0,2.7,A,-100.0
8444,low,1,8.0,11.0,7.3,C,-17.8
8445,high,2,6.0,9.0,10.0,C,-18.4
8446,none,1,8.0,9.0,8.8,A,-17.6
8447,medium,0,6.0,37.0,9.7,C,-10.7
8448,high,2,14.0,17.0,2.6,A,-100.0
8449,high,1,14.0,38.0,7.1,A,-100.0
8450,low,2,1.0,7.0,,A,
8451,none,2,9.0,22.0,4.5,A,-100.0
8452,low,2,16.0,17.0,8.7,A,-100.0
8453,medium,0,2.0,7.0,3.2,C,-7.2
8454,low,2,11.0,6.0,6.6,A,-100.0
8455,,0,21.0,11.0,4.4,B,-100.0
8456,high,0,5.0,20.0,9.2,A,
8457,none,1,2.0,6.0,9.2,A,-7.0
8458,none,1,7.0,8.0,8.5,A,-16.0
8459,low,3,12.0,2.0,9.0,D,-100.0
8460,medium,1,8.0,18.0,5.3,A,-19.1
8461,none,1,9.0,11.0,8.2,A,-19.7
8462,medium,1,10.0,6.0,8.3,A,-100.0
8463,high,1,9.0,14.0,5.4,A,-100.0
8464,none,1,15.0,23.0,8.3,B,-100.0
8465,none,0,23.0,2.0,4.8,C,-100.0
8466,low,1,10.0,9.0,3.7,A,-100.0
8467,none,1,35.0,2.0,4.7,C,-100.0
8468,high,2,20.0,5.0,1.8,A,-100.0
8469,low,1,19.0,7.0,5.7,A,-100.0
8470,medium,3,3.0,6.0,7.7,A,-14.2
8471,high,4,4.0,4.0,10.0,A,-20.0
8472,none,1,7.0,10.0,1.3,A,-19.6
8473,low,1,7.0,8.0,3.8,A,-17.8
8474,medium,0,15.0,7.0,7.9,A,-100.0
8475,high,1,6.0,20.0,3.0,C,-19.3
8476,low,4,7.0,18.0,10.0,C,-100.0
8477,none,0,6.0,5.0,8.1,A,-12.0
8478,low,2,7.0,2.0,7.7,A,-18.4
8479,medium,1,5.0,23.0,6.2,B,-13.3
8480,high,1,9.0,8.0,1.6,A,-100.0
8481,medium,3,2.0,18.0,10.0,D,-11.2
8482,high,2,5.0,30.0,5.9,C,-18.5
8483,medium,0,10.0,18.0,8.9,A,-18.3
8484,high,0,4.0,6.0,3.4,C,-13.3
8485,high,1,,33.0,9.3,C,
8486,high,6,3.0,8.0,4.8,A,-100.0
8487,medium,0,7.0,8.0,9.9,A,-12.6
8488,medium,1,8.0,11.0,9.6,A,-17.0
8489,high,3,14.0,1.0,8.5,A,-100.0
8490,high,2,9.0,27.0,9.7,A,-100.0
8491,high,2,11.0,12.0,8.1,A,-100.0
8492,high,1,4.0,1.0,1.2,A,-16.9
8493,medium,1,0.0,13.0,6.7,A,-4.4
8494,high,0,10.0,6.0,2.7,C,-100.0
8495,low,0,16.0,15.0,8.7,B,-100.0
8496,high,2,24.0,43.0,3.5,A,-100.0
8497,low,3,11.0,30.0,6.3,C,-100.0
8498,high,2,7.0,2.0,9.2,A,-100.0
8499,low,1,5.0,13.0,7.2,C,-12.5
8500,low,3,15.0,31.0,7.7,A,-100.0
8501,medium,2,20.0,11.0,8.9,A,-100.0
8502,none,0,8.0,9.0,9.4,A,-14.8
8503,medium,2,,1.0,2.4,C,
8504,none,1,8.0,14.0,3.4,A,-100.0
8505,high,1,8.0,3.0,9.3,C,-19.8
8506,medium,0,6.0,2.0,8.5,A,-11.6
8507,low,1,7.0,15.0,1.6,A,-18.8
8508,high,2,9.0,17.0,8.8,C,-100.0
8509,none,1,6.0,17.0,7.3,A,-14.8
8510,medium,0,26.0,4.0,7.2,A,-100.0
8511,none,1,15.0,16.0,9.1,A,-100.0
8512,none,2,29.0,30.0,7.1,A,-100.0
8513,high,1,6.0,23.0,8.5,A,-16.5
8514,medium,2,1.0,23.0,8.0,A,-7.9
8515,low,1,40.0,1.0,6.6,B,-100.0
8516,low,0,2.0,6.0,6.9,A,-5.0
8517,high,3,17.0,13.0,8.2,C,-100.0
8518,medium,0,8.0,7.0,6.7,A,-16.0
8519,high,2,27.0,18.0,4.5,A,-100.0
8520,none,2,22.0,29.0,6.1,C,-100.0
8521,none,2,19.0,13.0,8.7,A,-100.0
8522,none,4,7.0,22.0,8.8,C,-100.0
8523,medium,2,6.0,5.0,10.0,A,-15.9
8524,low,0,14.0,9.0,8.5,A,-100.0
8525,medium,2,4.0,17.0,9.8,A,-12.3
8526,none,0,9.0,4.0,10.0,A,-16.3
8527,low,3,3.0,14.0,8.9,A,-13.2
8528,none,2,16.0,6.0,9.6,A,-100.0
8529,medium,0,5.0,6.0,8.4,A,-9.9
8530,medium,2,27.0,23.0,7.5,C,-100.0
8531,low,3,13.0,12.0,2.1,A,-100.0
8532,none,4,23.0,5.0,8.3,C,-100.0
8533,low,0,11.0,9.0,2.9,A,-100.0
8534,high,1,16.0,27.0,9.4,A,-100.0
8535,none,3,10.0,6.0,7.3,A,-100.0
8536,medium,1,24.0,0.0,2.8,A,-100.0
8537,low,2,11.0,36.0,4.8,A,-100.0
8538,high,0,11.0,11.0,9.4,C,-100.0
8539,medium,4,1.0,23.0,9.1,A,-12.4
8540,high,1,2.0,29.0,3.6,C,-11.9
8541,low,1,6.0,4.0,4.8,A,-15.6
8542,high,3,24.0,5.0,3.2,A,-100.0
8543,none,0,18.0,6.0,9.0,A,-100.0
8544,medium,3,11.0,9.0,9.6,A,-100.0
8545,low,1,14.0,8.0,1.1,A,-100.0
8546,none,2,3.0,2.0,1.4,A,-15.2
8547,none,1,1.0,10.0,,A,
8548,low,1,7.0,1.0,9.3,A,-15.1
8549,none,1,7.0,24.0,3.1,A,-18.6
8550,low,2,5.0,0.0,4.4,A,-16.6
8551,low,1,8.0,2.0,8.2,A,-17.4
8552,none,2,13.0,6.0,9.1,C,-100.0
8553,,3,10.0,1.0,4.4,A,-100.0
8554,medium,2,1.0,11.0,6.3,D,-8.9
8555,low,4,20.0,0.0,1.6,B,-100.0
8556,high,0,4.0,3.0,4.6,A,-12.7
8557,high,1,5.0,4.0,3.0,A,-17.7
8558,high,3,23.0,5.0,1.0,C,-100.0
8559,high,1,14.0,1.0,2.3,B,-100.0
8560,low,1,18.0,7.0,6.3,A,-100.0
8561,low,2,14.0,13.0,3.8,C,-100.0
8562,low,1,13.0,12.0,2.1,A,-100.0
8563,high,2,10.0,8.0,3.7,A,-100.0
8564,high,1,8.0,13.0,8.0,A,-100.0
8565,medium,0,17.0,1.0,1.8,D,-100.0
8566,high,1,9.0,14.0,5.6,D,-100.0
8567,low,3,,14.0,9.9,C,
8568,low,0,7.0,15.0,8.9,A,-12.7
8569,high,4,,1.0,8.0,C,
8570,low,0,2.0,20.0,3.7,A,-6.5
8571,high,0,,4.0,6.3,C,
8572,low,1,,26.0,1.9,C,
8573,high,2,7.0,29.0,1.1,A,-100.0
8574,none,1,19.0,10.0,9.6,A,-100.0
8575,medium,2,20.0,44.0,2.2,C,-100.0
8576,high,3,18.0,3.0,8.9,A,-100.0
8577,high,1,1.0,24.0,4.7,A,-9.7
8578,medium,3,9.0,2.0,8.4,A,-100.0
8579,none,1,19.0,3.0,5.9,A,-100.0
8580,high,0,10.0,22.0,8.8,A,-100.0
8581,none,3,10.0,3.0,7.7,A,-100.0
8582,high,3,7.0,9.0,8.8,A,-100.0
8583,none,3,6.0,26.0,10.0,B,-18.4
8584,high,0,4.0,5.0,8.5,B,-10.7
8585,low,0,13.0,31.0,2.3,A,-100.0
8586,low,0,19.0,14.0,9.2,B,-100.0
8587,medium,3,17.0,22.0,8.0,A,-100.0
8588,medium,4,7.0,3.0,9.1,A,
8589,high,2,5.0,8.0,2.4,C,-100.0
8590,high,0,6.0,3.0,6.3,A,-15.3
8591,medium,1,10.0,8.0,1.6,C,-100.0
8592,medium,4,13.0,12.0,9.1,A,-100.0
8593,low,0,4.0,22.0,9.6,C,-7.0
8594,low,0,3.0,7.0,9.8,A,-5.3
8595,,2,3.0,4.0,5.6,A,-13.0
8596,none,2,8.0,6.0,2.6,C,-100.0
8597,none,1,3.0,17.0,1.0,C,-12.7
8598,medium,2,10.0,37.0,4.5,D,-100.0
8599,high,2,5.0,20.0,3.6,C,-19.8
8600,low,2,2.0,11.0,2.7,C,-12.1
8601,low,0,20.0,15.0,8.9,A,-100.0
8602,low,0,10.0,2.0,6.0,C,-19.5
8603,medium,2,10.0,15.0,9.4,A,-100.0
8604,none,0,0.0,10.0,5.4,A,-2.8
8605,low,1,2.0,10.0,9.2,B,-6.3
8606,low,2,8.0,48.0,9.5,A,-18.8
8607,low,2,9.0,4.0,8.4,C,-100.0
8608,high,2,18.0,18.0,4.7,A,-100.0
8609,medium,0,6.0,18.0,9.7,D,-10.9
8610,medium,1,17.0,18.0,8.8,A,-100.0
8611,low,1,10.0,1.0,5.6,B,-100.0
8612,medium,3,24.0,5.0,2.7,A,-100.0
8613,low,0,13.0,4.0,7.9,A,-100.0
8614,,0,6.0,39.0,9.6,A,-10.9
8615,none,1,9.0,2.0,3.7,A,-100.0
8616,low,1,7.0,17.0,3.4,B,-17.9
8617,low,3,15.0,14.0,9.9,A,-100.0
8618,low,3,11.0,0.0,8.1,A,-100.0
8619,medium,2,18.0,9.0,7.7,C,-100.0
8620,medium,3,3.0,4.0,8.2,D,-14.0
8621,none,1,9.0,0.0,2.0,A,-100.0
8622,,2,2.0,5.0,5.6,A,-11.3
8623,medium,1,13.0,9.0,3.4,A,-100.0
8624,low,2,16.0,30.0,3.7,B,-100.0
8625,low,1,6.0,19.0,8.9,C,-13.4
8626,medium,1,9.0,5.0,9.6,A,-18.8
8627,low,2,9.0,4.0,2.6,A,-100.0
8628,medium,2,12.0,20.0,3.1,B,-100.0
8629,medium,1,2.0,16.0,8.1,A,-7.2
8630,none,1,9.0,5.0,9.3,A,-19.2
8631,medium,0,5.0,37.0,3.4,A,-12.1
8632,medium,2,4.0,10.0,2.9,A,-15.9
8633,medium,0,8.0,8.0,5.4,A,-16.6
8634,,3,13.0,20.0,5.5,A,-100.0
8635,low,2,11.0,16.0,8.9,A,-100.0
8636,high,1,10.0,23.0,8.4,C,-100.0
8637,low,1,9.0,1.0,5.1,A,-100.0
8638,medium,1,6.0,12.0,9.9,A,-13.3
8639,high,2,14.0,2.0,8.7,C,-100.0
8640,high,1,3.0,3.0,2.6,A,-14.5
8641,high,1,25.0,4.0,9.7,A,-100.0
8642,medium,1,22.0,6.0,6.4,B,-100.0
8643,medium,1,20.0,16.0,9.5,A,-100.0
8644,high,2,3.0,8.0,6.3,A,-15.0
8645,none,1,17.0,9.0,9.0,A,-100.0
8646,high,1,8.0,10.0,4.8,A,-100.0
8647,high,0,1.0,22.0,1.4,A,-8.9
8648,high,4,6.0,0.0,3.8,A,-100.0
8649,high,2,22.0,3.0,6.7,C,-100.0
8650,medium,2,2.0,0.0,8.5,A,-9.7
8651,high,2,1.0,10.0,2.3,A,-13.5
8652,none,2,9.0,24.0,5.2,A,-100.0
8653,medium,0,30.0,3.0,9.4,A,-100.0
8654,none,0,25.0,1.0,8.4,A,-100.0
8655,low,1,4.0,36.0,5.9,A,-11.2
8656,high,4,8.0,4.0,7.6,A,-100.0
8657,high,1,1.0,41.0,6.6,A,-8.6
8658,none,3,14.0,10.0,2.5,A,-100.0
8659,low,1,9.0,0.0,7.3,C,-19.6
8660,low,0,12.0,2.0,7.2,A,-100.0
8661,medium,1,6.0,11.0,7.8,A,-14.4
8662,high,2,12.0,17.0,9.8,A,-100.0
8663,medium,4,3.0,23.0,3.0,C,-18.9
8664,medium,3,23.0,21.0,9.8,A,-100.0
8665,high,0,9.0,12.0,6.8,A,-100.0
8666,none,2,7.0,4.0,5.5,A,-100.0
8667,low,0,13.0,10.0,9.1,C,-100.0
8668,low,3,1.0,1.0,3.4,A,-12.6
8669,none,2,13.0,3.0,2.4,C,-100.0
8670,high,2,12.0,0.0,3.7,A,-100.0
8671,low,2,6.0,10.0,9.7,B,-15.6
8672,medium,3,6.0,13.0,9.9,A,-18.3
8673,none,3,5.0,21.0,5.5,A,-18.9
8674,low,4,14.0,8.0,9.7,A,-100.0
8675,medium,1,5.0,4.0,2.5,A,-15.4
8676,low,3,26.0,6.0,4.3,A,-100.0
8677,high,1,24.0,6.0,5.0,C,-100.0
8678,,0,7.0,5.0,8.2,C,-13.7
8679,high,2,10.0,2.0,7.3,A,-100.0
8680,medium,1,5.0,26.0,2.2,A,-15.3
8681,medium,3,14.0,6.0,3.1,B,-100.0
8682,high,3,4.0,17.0,8.2,A,-18.2
8683,high,0,14.0,2.0,3.8,A,-100.0
8684,none,5,12.0,29.0,1.1,A,-100.0
8685,high,0,10.0,18.0,2.9,A,-100.0
8686,low,1,4.0,13.0,4.2,C,-12.3
8687,medium,3,2.0,9.0,9.4,A,-11.6
8688,medium,0,5.0,0.0,7.2,A,-10.6
8689,low,0,18.0,7.0,3.0,A,-100.0
8690,,0,8.0,23.0,5.7,D,-16.5
8691,none,4,16.0,4.0,2.0,A,-100.0
8692,low,3,9.0,14.0,3.2,A,-100.0
8693,high,3,23.0,1.0,5.8,D,-100.0
8694,none,2,29.0,1.0,8.8,A,-100.0
8695,medium,2,7.0,1.0,8.2,A,-18.5
8696,low,3,5.0,5.0,2.4,C,-100.0
8697,high,2,39.0,30.0,2.5,A,-100.0
8698,high,1,6.0,7.0,9.1,A,-16.4
8699,medium,2,10.0,28.0,4.4,A,-100.0
8700,medium,2,12.0,1.0,9.5,A,-100.0
8701,high,2,4.0,1.0,3.7,A,-18.2
8702,low,1,20.0,14.0,9.1,A,-100.0
8703,none,1,22.0,5.0,8.1,A,-100.0
8704,high,2,18.0,44.0,9.1,A,-100.0
8705,medium,2,16.0,8.0,6.4,A,-100.0
8706,low,0,6.0,23.0,2.2,C,-14.2
8707,low,0,5.0,50.0,8.1,A,-9.2
8708,high,1,16.0,0.0,2.3,A,-100.0
8709,medium,1,4.0,20.0,2.6,C,-13.4
8710,high,0,7.0,17.0,4.4,D,-17.9
8711,medium,2,5.0,15.0,9.9,A,-14.1
8712,medium,2,16.0,22.0,1.4,A,-100.0
8713,low,1,10.0,4.0,9.3,D,-100.0
8714,low,1,6.0,8.0,2.3,A,-16.8
8715,low,2,14.0,10.0,8.4,A,-100.0
8716,none,0,20.0,22.0,6.2,C,-100.0
8717,high,3,15.0,1.0,5.0,A,-100.0
8718,medium,2,4.0,11.0,3.3,A,-15.6
8719,medium,0,8.0,17.0,9.7,A,-14.4
8720,high,1,14.0,11.0,2.7,A,-100.0
8721,medium,0,14.0,7.0,7.3,A,-100.0
8722,low,3,7.0,20.0,8.4,A,-100.0
8723,medium,2,14.0,7.0,8.8,A,-100.0
8724,medium,1,8.0,23.0,4.9,A,-19.2
8725,low,1,12.0,14.0,4.4,A,-100.0
8726,high,1,5.0,20.0,2.6,B,-17.8
8727,low,0,18.0,1.0,8.7,A,-100.0
8728,low,0,7.0,9.0,9.5,A,-12.4
8729,high,1,2.0,3.0,,B,
8730,high,1,5.0,2.0,2.0,A,-18.3
8731,medium,3,23.0,23.0,5.9,A,-100.0
8732,high,0,7.0,1.0,7.3,A,-16.6
8733,low,0,6.0,15.0,9.0,A,-10.9
8734,low,1,20.0,1.0,5.4,C,-100.0
8735,high,1,15.0,1.0,3.5,A,-100.0
8736,high,4,7.0,14.0,4.8,A,-100.0
8737,medium,2,3.0,11.0,4.0,A,-13.5
8738,low,2,16.0,2.0,6.9,A,-100.0
8739,medium,0,4.0,18.0,9.8,A,-7.3
8740,high,0,6.0,27.0,9.7,A,-13.4
8741,high,2,18.0,12.0,9.5,A,-100.0
8742,medium,2,7.0,1.0,3.6,B,-100.0
8743,none,1,4.0,1.0,3.7,A,-13.3
8744,medium,1,5.0,9.0,8.0,A,-12.6
8745,medium,0,3.0,50.0,8.7,B,-5.8
8746,medium,1,17.0,27.0,8.7,A,-100.0
8747,none,1,1.0,3.0,1.5,A,-9.1
8748,high,0,24.0,8.0,9.2,A,-100.0
8749,low,1,3.0,23.0,5.9,B,-9.6
8750,low,2,3.0,8.0,3.5,A,-13.4
8751,high,3,4.0,10.0,8.5,D,-18.2
8752,high,0,2.0,23.0,,D,
8753,medium,4,6.0,1.0,8.8,A,-100.0
8754,none,3,7.0,20.0,9.0,A,-100.0
8755,low,1,4.0,7.0,5.3,B,-11.8
8756,medium,4,6.0,11.0,8.3,A,-100.0
8757,low,3,1.0,8.0,8.1,B,-10.1
8758,medium,0,3.0,26.0,7.2,C,-6.8
8759,high,3,40.0,24.0,8.2,A,-100.0
8760,low,0,8.0,11.0,8.6,A,-14.6
8761,low,1,4.0,12.0,9.5,A,-9.7
8762,none,1,13.0,2.0,9.7,A,-100.0
8763,none,4,1.0,9.0,1.9,A,-16.3
8764,low,3,1.0,3.0,6.2,A,-11.1
8765,high,1,7.0,12.0,8.7,A,-18.3
8766,high,3,10.0,16.0,1.9,C,-100.0
8767,medium,0,16.0,9.0,2.5,B,-100.0
8768,none,1,11.0,3.0,3.5,A,-100.0
8769,low,4,18.0,20.0,3.0,C,-100.0
8770,high,3,14.0,49.0,9.4,A,-100.0
8771,medium,1,3.0,9.0,8.6,A,-8.7
8772,medium,0,4.0,2.0,9.2,C,-7.8
8773,medium,0,9.0,8.0,2.7,A,-19.7
8774,high,1,9.0,15.0,8.0,A,-100.0
8775,medium,0,8.0,1.0,9.6,A,-14.6
8776,medium,1,8.0,17.0,3.2,D,-100.0
8777,high,0,8.0,2.0,8.9,B,-17.6
8778,high,2,3.0,11.0,1.6,C,-17.4
8779,none,1,17.0,2.0,4.9,A,-100.0
8780,low,1,13.0,4.0,2.8,A,-100.0
8781,none,0,15.0,5.0,5.0,A,-100.0
8782,low,2,2.0,1.0,7.0,A,-10.0
8783,high,3,4.0,0.0,4.1,C,-100.0
8784,medium,4,8.0,5.0,3.6,A,-100.0
8785,low,1,5.0,10.0,4.2,A,-14.1
8786,none,0,14.0,6.0,4.6,A,-100.0
8787,medium,5,20.0,6.0,6.9,A,-100.0
8788,low,1,16.0,19.0,3.3,B,-100.0
8789,none,0,19.0,1.0,9.9,A,-100.0
8790,medium,0,11.0,6.0,4.9,C,-100.0
8791,low,1,5.0,11.0,9.8,D,-11.3
8792,medium,0,9.0,21.0,7.8,C,-17.0
8793,medium,3,7.0,9.0,4.9,A,-100.0
8794,high,1,5.0,5.0,2.0,A,-18.2
8795,none,3,12.0,5.0,8.5,C,-100.0
8796,medium,3,10.0,29.0,1.6,C,-100.0
8797,high,2,13.0,23.0,5.1,C,-100.0
8798,medium,0,2.0,5.0,8.0,C,-4.9
8799,medium,0,7.0,4.0,1.3,A,-17.0
8800,high,0,15.0,0.0,2.3,C,-100.0
8801,high,1,21.0,5.0,6.3,A,-100.0
8802,low,2,15.0,1.0,9.3,A,-100.0
8803,low,0,24.0,6.0,1.5,B,-100.0
8804,low,0,11.0,8.0,9.8,A,-19.3
8805,low,1,12.0,12.0,3.3,A,-100.0
8806,low,2,22.0,7.0,2.5,A,-100.0
8807,,4,6.0,3.0,3.9,A,-100.0
8808,high,0,7.0,41.0,8.5,C,-15.6
8809,high,2,22.0,14.0,1.5,A,-100.0
8810,medium,2,17.0,2.0,2.3,A,-100.0
8811,medium,2,7.0,6.0,3.5,A,-100.0
8812,high,1,16.0,8.0,1.1,A,-100.0
8813,low,1,7.0,26.0,2.6,A,-18.2
8814,low,0,7.0,8.0,2.1,A,-16.1
8815,high,1,11.0,38.0,7.5,A,-100.0
8816,none,3,2.0,8.0,1.1,A,-16.0
8817,medium,2,18.0,26.0,8.5,C,-100.0
8818,low,0,8.0,10.0,2.6,A,-17.6
8819,high,0,22.0,22.0,9.8,C,-100.0
8820,low,1,4.0,43.0,5.1,C,-11.5
8821,none,1,6.0,27.0,9.6,A,-13.6
8822,low,2,12.0,2.0,5.2,A,-100.0
8823,low,0,10.0,13.0,5.3,A,-19.7
8824,high,2,7.0,5.0,9.4,D,-100.0
8825,medium,2,2.0,6.0,5.3,A,-11.2
8826,high,3,6.0,50.0,8.7,A,-100.0
8827,medium,0,1.0,17.0,9.1,A,-2.4
8828,low,2,36.0,1.0,5.0,B,-100.0
8829,low,2,11.0,1.0,3.8,A,-100.0
8830,none,2,17.0,14.0,8.4,A,-100.0
8831,,2,12.0,0.0,1.4,A,-100.0
8832,medium,0,4.0,7.0,1.7,A,-11.5
8833,none,2,2.0,2.0,3.9,A,-12.2
8834,low,3,18.0,3.0,3.7,A,-100.0
8835,medium,3,2.0,6.0,8.9,B,-11.9
8836,none,3,24.0,20.0,1.7,B,-100.0
8837,low,0,7.0,1.0,8.9,A,-12.8
8838,low,1,3.0,16.0,6.1,A,-9.6
8839,high,1,5.0,8.0,6.1,A,-16.1
8840,high,2,7.0,4.0,7.9,A,-100.0
8841,none,0,3.0,15.0,9.9,A,-5.8
8842,medium,1,11.0,9.0,2.8,A,-100.0
8843,high,2,7.0,4.0,7.9,C,-100.0
8844,medium,0,7.0,11.0,6.2,C,-14.4
8845,none,0,13.0,39.0,8.4,C,-100.0
8846,none,0,6.0,3.0,2.4,C,-14.9
8847,low,0,18.0,1.0,8.8,A,-100.0
8848,none,1,21.0,2.0,5.0,C,-100.0
8849,none,2,5.0,4.0,8.8,A,-14.9
8850,,1,12.0,10.0,8.2,A,-100.0
8851,low,2,23.0,19.0,5.1,A,-100.0
8852,medium,2,2.0,1.0,1.9,A,-12.9
8853,none,1,6.0,5.0,5.8,C,-15.7
8854,low,2,18.0,3.0,1.1,A,-100.0
8855,none,0,6.0,0.0,3.4,A,-14.4
8856,low,2,7.0,20.0,4.2,C,-20.0
8857,low,1,7.0,5.0,5.4,A,-17.0
8858,low,0,5.0,32.0,2.2,C,-12.4
8859,none,3,12.0,5.0,7.2,A,-100.0
8860,low,1,0.0,1.0,5.9,A,-4.6
8861,high,2,11.0,33.0,6.5,D,-100.0
8862,medium,1,8.0,14.0,5.4,A,-19.1
8863,high,1,7.0,13.0,5.9,A,-19.7
8864,high,3,6.0,14.0,2.8,A,-100.0
8865,high,3,25.0,21.0,9.4,C,-100.0
8866,medium,0,17.0,5.0,8.6,A,-100.0
8867,none,5,7.0,10.0,9.4,A,-100.0
8868,high,0,5.0,4.0,8.6,A,-12.4
8869,high,2,2.0,2.0,5.2,B,-13.9
8870,medium,1,1.0,4.0,,A,
8871,none,0,12.0,9.0,9.6,A,-100.0
8872,medium,3,1.0,4.0,8.0,A,-10.6
8873,none,2,12.0,0.0,4.9,A,-100.0
8874,low,1,4.0,2.0,4.4,A,-12.3
8875,low,1,14.0,20.0,8.4,C,-100.0
8876,none,3,,15.0,6.6,C,
8877,high,1,15.0,4.0,3.6,A,-100.0
8878,none,4,5.0,6.0,9.9,A,-19.4
8879,high,1,24.0,3.0,7.8,A,-100.0
8880,high,0,5.0,1.0,3.6,A,-15.0
8881,high,0,2.0,7.0,9.8,B,-6.6
8882,low,1,6.0,23.0,5.5,A,-15.1
8883,high,1,3.0,7.0,2.1,A,-14.7
8884,low,3,8.0,8.0,1.8,C,-100.0
8885,none,2,14.0,4.0,4.1,C,-100.0
8886,none,2,4.0,10.0,3.6,A,-15.7
8887,medium,1,19.0,42.0,8.2,C,-100.0
8888,low,2,9.0,10.0,2.5,A,-100.0
8889,medium,0,10.0,2.0,2.8,C,-100.0
8890,high,0,4.0,6.0,3.6,D,-13.2
8891,none,0,8.0,33.0,6.7,A,-15.9
8892,high,3,14.0,2.0,3.6,A,-100.0
8893,high,0,6.0,7.0,5.1,A,-15.9
8894,high,0,4.0,3.0,3.7,C,-13.1
8895,medium,2,11.0,1.0,3.0,A,-100.0
8896,medium,3,8.0,4.0,9.0,C,-100.0
8897,medium,3,6.0,0.0,9.2,A,-18.8
8898,high,1,19.0,3.0,8.5,A,-100.0
8899,low,1,7.0,12.0,2.5,A,-18.4
8900,medium,2,4.0,3.0,7.6,B,-13.6
8901,none,1,22.0,26.0,8.2,C,-100.0
8902,high,2,11.0,7.0,9.6,C,-100.0
8903,low,4,12.0,50.0,9.2,B,-100.0
8904,high,2,13.0,12.0,8.6,A,-100.0
8905,high,1,25.0,4.0,9.6,D,-100.0
8906,medium,4,11.0,18.0,9.0,A,-100.0
8907,none,2,22.0,10.0,1.3,C,-100.0
8908,low,0,8.0,13.0,9.5,C,-14.1
8909,high,1,24.0,9.0,9.3,C,-100.0
8910,medium,2,7.0,50.0,1.7,A,-100.0
8911,high,1,8.0,7.0,8.5,A,-100.0
8912,medium,1,6.0,10.0,9.8,A,-13.4
8913,high,0,9.0,9.0,8.2,B,-19.6
8914,high,0,18.0,1.0,8.1,A,-100.0
8915,low,0,5.0,5.0,9.9,A,-8.8
8916,low,1,6.0,1.0,2.4,A,-16.8
8917,high,0,21.0,33.0,8.0,C,
8918,high,0,6.0,2.0,3.7,A,-16.6
8919,high,2,6.0,2.0,9.7,A,-18.7
8920,low,2,12.0,11.0,3.2,A,-100.0
8921,high,2,12.0,9.0,7.0,A,-100.0
8922,high,0,2.0,7.0,8.8,A,-7.1
8923,high,2,,17.0,4.4,C,
8924,none,1,9.0,0.0,9.9,C,-18.9
8925,high,0,10.0,7.0,2.2,A,-100.0
8926,none,3,10.0,41.0,5.6,A,-100.0
8927,low,2,4.0,5.0,5.7,A,-14.1
8928,high,2,15.0,1.0,6.0,A,-100.0
8929,low,0,4.0,44.0,3.0,A,-10.1
8930,medium,0,12.0,7.0,1.8,A,-100.0
8931,low,3,4.0,3.0,8.2,A,-15.4
8932,low,1,4.0,2.0,9.9,B,-9.6
8933,high,1,5.0,4.0,9.6,A,-14.4
8934,medium,1,7.0,25.0,9.9,C,-15.0
8935,medium,0,11.0,4.0,2.7,A,-100.0
8936,high,2,13.0,14.0,9.8,A,-100.0
8937,high,2,9.0,18.0,7.2,A,-100.0
8938,medium,3,3.0,32.0,9.6,D,-13.0
8939,medium,2,7.0,5.0,6.5,C,-19.4
8940,low,1,,3.0,9.2,C,
8941,none,1,27.0,17.0,9.6,C,-100.0
8942,high,1,4.0,4.0,6.2,A,-14.4
8943,high,2,11.0,25.0,6.1,B,-100.0
8944,none,2,16.0,2.0,7.8,C,-100.0
8945,medium,2,3.0,25.0,4.8,A,-13.0
8946,high,2,8.0,5.0,1.0,A,-100.0
8947,none,1,18.0,5.0,9.5,A,-100.0
8948,low,1,7.0,20.0,9.4,A,-14.9
8949,none,1,7.0,6.0,5.3,A,-17.7
8950,medium,1,10.0,32.0,9.4,A,-100.0
8951,low,0,0.0,3.0,8.3,A,-0.8
8952,high,1,12.0,5.0,8.7,A,-100.0
8953,high,1,2.0,32.0,3.4,A,
8954,low,1,7.0,1.0,5.9,C,-16.8
8955,none,2,4.0,13.0,5.9,C,-14.5
8956,medium,2,15.0,5.0,3.3,A,-100.0
8957,medium,1,27.0,23.0,4.0,A,-100.0
8958,low,1,8.0,28.0,1.6,A,-100.0
8959,none,2,8.0,6.0,2.2,A,-100.0
8960,low,2,12.0,0.0,8.9,B,-100.0
8961,medium,0,3.0,26.0,8.0,C,-6.4
8962,none,1,8.0,4.0,8.3,A,-17.9
8963,low,1,4.0,10.0,8.9,C,-10.0
8964,none,1,27.0,36.0,3.1,C,-100.0
8965,medium,1,8.0,0.0,3.0,C,-100.0
8966,medium,0,14.0,5.0,7.9,A,-100.0
8967,medium,0,2.0,13.0,8.6,A,-4.5
8968,medium,4,2.0,4.0,8.1,A,-14.8
8969,low,1,5.0,3.0,2.0,A,-15.2
8970,medium,1,7.0,4.0,1.5,C,-19.4
8971,medium,3,10.0,25.0,4.5,C,-100.0
8972,medium,3,9.0,1.0,8.2,A,-100.0
8973,none,1,10.0,14.0,7.1,A,-100.0
8974,high,5,33.0,13.0,9.6,A,-100.0
8975,high,2,6.0,5.0,8.7,A,-19.1
8976,high,4,16.0,10.0,4.2,C,-100.0
8977,low,2,40.0,5.0,9.6,A,-100.0
8978,none,1,8.0,25.0,9.9,A,-16.9
8979,high,2,7.0,11.0,2.4,C,-100.0
8980,low,1,4.0,18.0,1.4,A,-13.7
8981,none,0,7.0,2.0,4.4,A,-15.7
8982,medium,2,21.0,43.0,8.9,A,-100.0
8983,none,0,16.0,0.0,6.4,C,-100.0
8984,medium,0,11.0,6.0,9.0,C,-100.0
8985,low,4,5.0,14.0,7.6,A,-19.8
8986,high,0,1.0,7.0,9.4,A,-5.0
8987,high,0,21.0,5.0,9.3,A,-100.0
8988,low,1,19.0,1.0,8.5,C,-100.0
8989,high,2,25.0,11.0,8.1,B,-100.0
8990,high,1,7.0,4.0,4.3,A,-100.0
8991,high,3,6.0,12.0,9.4,A,-100.0
8992,low,3,10.0,10.0,3.1,A,-100.0
8993,high,3,7.0,12.0,6.6,A,-100.0
8994,none,3,18.0,11.0,2.3,A,-100.0
8995,low,2,24.0,20.0,3.6,C,-100.0
8996,high,1,7.0,3.0,9.6,A,-17.9
8997,low,2,7.0,1.0,3.4,A,-100.0
8998,high,1,7.0,20.0,2.3,A,-100.0
8999,none,1,1.0,7.0,2.5,C,-8.6
9000,low,2,0.0,9.0,4.0,A,-7.9
9001,none,0,7.0,9.0,10.0,A,-12.8
9002,low,2,12.0,3.0,5.7,A,-100.0
9003,medium,3,4.0,22.0,3.4,A,-18.0
9004,low,3,9.0,50.0,8.7,A,-100.0
9005,medium,2,4.0,0.0,7.9,D,-13.5
9006,low,1,5.0,45.0,7.5,A,-12.1
9007,none,1,11.0,3.0,9.1,A,-100.0
9008,none,0,8.0,12.0,8.4,C,-15.3
9009,none,0,4.0,9.0,6.8,A,-9.1
9010,none,0,10.0,3.0,3.2,A,-100.0
9011,low,1,7.0,18.0,8.5,A,-15.3
9012,low,3,9.0,0.0,3.2,A,-100.0
9013,low,1,9.0,22.0,4.5,A,-100.0
9014,high,2,10.0,10.0,9.2,A,-100.0
9015,high,3,7.0,1.0,3.3,A,-100.0
9016,high,0,11.0,2.0,9.9,A,-100.0
9017,medium,0,15.0,6.0,2.8,B,-100.0
9018,medium,4,7.0,34.0,2.9,A,-100.0
9019,low,1,14.0,21.0,2.4,A,-100.0
9020,medium,3,14.0,9.0,6.9,A,-100.0
9021,high,2,9.0,2.0,9.1,C,-100.0
9022,medium,2,4.0,13.0,6.1,A,-14.2
9023,low,3,20.0,6.0,9.3,A,-100.0
9024,low,1,8.0,12.0,8.2,B,-17.3
9025,none,2,5.0,12.0,9.6,C,-14.5
9026,high,0,17.0,7.0,9.8,A,-100.0
9027,low,1,3.0,2.0,8.5,C,-8.5
9028,high,1,11.0,6.0,6.7,A,-100.0
9029,high,3,21.0,13.0,1.6,A,-100.0
9030,low,3,5.0,0.0,9.3,C,-16.6
9031,high,2,7.0,1.0,8.6,C,-100.0
9032,medium,0,9.0,3.0,4.4,A,-18.9
9033,,2,6.0,1.0,9.1,A,-16.6
9034,high,0,10.0,45.0,4.3,C,-100.0
9035,high,1,17.0,14.0,3.9,A,-100.0
9036,medium,3,4.0,5.0,8.2,A,-15.8
9037,none,1,9.0,4.0,9.3,A,-19.2
9038,medium,0,16.0,8.0,3.8,A,-100.0
9039,high,4,9.0,1.0,4.1,C,-100.0
9040,,2,7.0,26.0,9.4,A,-17.9
9041,high,1,2.0,1.0,8.7,A,-9.7
9042,low,1,3.0,11.0,5.2,A,-10.1
9043,high,4,7.0,29.0,9.1,D,-100.0
9044,low,1,7.0,2.0,5.5,A,-17.0
9045,low,3,3.0,9.0,2.8,A,-16.3
9046,high,0,9.0,0.0,8.0,C,-19.8
9047,medium,2,8.0,14.0,5.3,A,-100.0
9048,medium,1,10.0,0.0,6.5,C,-100.0
9049,low,3,3.0,13.0,8.9,A,-13.2
9050,medium,0,3.0,8.0,8.8,C,-6.2
9051,low,1,9.0,2.0,8.0,A,-19.3
9052,none,2,3.0,17.0,9.3,C,-11.0
9053,low,2,9.0,1.0,2.7,A,-100.0
9054,none,4,5.0,4.0,2.1,A,-100.0
9055,medium,0,20.0,18.0,9.0,A,-100.0
9056,none,3,9.0,14.0,9.7,A,-100.0
9057,high,5,15.0,7.0,3.6,C,-100.0
9058,low,2,6.0,16.0,8.6,C,-16.1
9059,none,1,11.0,17.0,9.1,B,-100.0
9060,medium,0,5.0,13.0,2.4,B,-12.8
9061,,0,20.0,11.0,3.8,A,-100.0
9062,medium,0,3.0,9.0,4.0,A,-8.6
9063,medium,2,4.0,9.0,9.4,A,-12.6
9064,low,1,6.0,1.0,5.3,A,-15.4
9065,low,2,8.0,7.0,9.1,A,-19.4
9066,none,1,20.0,8.0,5.1,C,-100.0
9067,medium,1,14.0,8.0,5.6,A,-100.0
9068,none,0,14.0,7.0,6.6,C,-100.0
9069,low,3,13.0,3.0,5.2,A,-100.0
9070,none,4,3.0,24.0,3.9,A,-18.7
9071,low,1,2.0,19.0,9.2,A,-6.2
9072,high,1,18.0,7.0,9.6,A,-100.0
9073,none,2,23.0,11.0,2.4,A,-100.0
9074,high,2,1.0,1.0,2.3,A,-13.6
9075,low,0,19.0,8.0,4.6,A,-100.0
9076,medium,2,9.0,6.0,10.0,A,-100.0
9077,none,2,18.0,14.0,3.7,A,-100.0
9078,none,0,6.0,1.0,3.4,A,-14.4
9079,low,1,14.0,11.0,9.0,C,-100.0
9080,low,1,6.0,7.0,8.6,A,-13.7
9081,low,3,5.0,20.0,4.2,C,-19.0
9082,low,1,8.0,1.0,8.1,C,-17.5
9083,none,1,7.0,13.0,4.8,D,-17.8
9084,high,0,13.0,0.0,8.5,B,-100.0
9085,medium,1,13.0,6.0,1.7,A,-100.0
9086,high,0,19.0,17.0,5.0,A,-100.0
9087,high,2,2.0,20.0,8.0,A,-12.3
9088,high,3,6.0,0.0,9.9,A,-100.0
9089,medium,0,8.0,4.0,3.9,A,-17.4
9090,none,0,15.0,25.0,5.7,B,-100.0
9091,high,2,3.0,23.0,8.9,A,-13.6
9092,medium,4,17.0,20.0,2.2,C,-100.0
9093,medium,1,20.0,3.0,9.2,B,-100.0
9094,high,2,6.0,7.0,9.4,A,-18.8
9095,none,3,6.0,7.0,3.3,A,-100.0
9096,none,2,6.0,9.0,5.2,A,-18.4
9097,low,2,7.0,23.0,9.9,B,-17.1
9098,low,2,14.0,5.0,5.1,A,-100.0
9099,high,3,18.0,24.0,2.3,A,-100.0
9100,high,3,7.0,1.0,2.3,C,-100.0
9101,high,2,4.0,9.0,1.3,A,-19.3
9102,medium,1,5.0,12.0,3.0,A,-15.0
9103,medium,2,12.0,24.0,9.8,C,-100.0
9104,low,0,3.0,3.0,9.7,C,-5.4
9105,low,1,6.0,24.0,7.4,A,-14.1
9106,low,0,12.0,1.0,9.1,A,-100.0
9107,medium,1,7.0,7.0,9.4,C,-15.4
9108,low,2,17.0,19.0,9.0,C,-100.0
9109,low,1,14.0,22.0,3.9,A,-100.0
9110,medium,1,7.0,14.0,9.3,C,-15.4
9111,low,3,10.0,5.0,3.8,A,-100.0
9112,low,0,6.0,1.0,2.4,A,-14.3
9113,low,1,2.0,1.0,7.6,A,-7.2
9114,medium,5,15.0,9.0,9.0,A,-100.0
9115,low,0,22.0,13.0,5.8,A,-100.0
9116,medium,1,18.0,0.0,6.2,C,-100.0
9117,none,1,22.0,11.0,9.1,C,-100.0
9118,high,2,4.0,9.0,7.3,D,-16.3
9119,medium,1,8.0,16.0,8.1,B,-17.7
9120,high,0,13.0,7.0,8.6,A,-100.0
9121,low,3,15.0,10.0,6.5,A,-100.0
9122,high,1,5.0,35.0,3.8,A,-17.0
9123,high,3,19.0,15.0,1.5,A,-100.0
9124,none,1,14.0,5.0,9.7,A,-100.0
9125,none,0,5.0,9.0,3.8,A,-12.4
9126,low,1,6.0,1.0,4.5,B,-15.8
9127,low,1,17.0,2.0,3.0,A,-100.0
9128,low,1,9.0,5.0,2.6,A,-100.0
9129,low,1,1.0,15.0,6.7,C,-5.8
9130,medium,2,26.0,6.0,7.8,A,-100.0
9131,medium,1,4.0,4.0,3.6,C,-13.1
9132,high,0,5.0,10.0,2.4,B,-15.5
9133,none,4,7.0,1.0,9.3,C,-100.0
9134,high,1,8.0,2.0,8.9,D,-100.0
9135,high,2,17.0,15.0,4.8,A,-100.0
9136,high,1,5.0,1.0,9.3,A,-14.6
9137,high,1,12.0,1.0,3.9,A,-100.0
9138,medium,1,6.0,13.0,2.7,A,-16.9
9139,none,1,3.0,16.0,2.9,B,-11.8
9140,high,1,13.0,4.0,2.3,D,-100.0
9141,low,3,9.0,5.0,9.0,A,-100.0
9142,high,4,3.0,11.0,8.6,C,-18.9
9143,medium,3,6.0,7.0,9.1,A,-18.8
9144,none,2,4.0,9.0,4.1,A,-15.5
9145,low,1,10.0,5.0,2.7,A,-100.0
9146,high,1,20.0,15.0,6.8,B,-100.0
9147,none,1,2.0,12.0,9.6,B,-6.7
9148,medium,0,10.0,2.0,2.9,A,-100.0
9149,low,3,7.0,8.0,9.2,A,-100.0
9150,none,0,9.0,23.0,5.5,C,-18.4
9151,low,1,6.0,4.0,2.7,A,-16.6
9152,medium,4,20.0,2.0,3.9,A,-100.0
9153,none,1,9.0,10.0,6.8,A,-100.0
9154,none,2,6.0,20.0,8.4,D,-16.7
9155,low,0,12.0,1.0,6.9,A,-100.0
9156,low,1,3.0,3.0,9.7,A,-7.9
9157,low,4,11.0,19.0,8.5,A,-100.0
9158,low,3,10.0,1.0,9.9,C,-100.0
9159,none,0,12.0,33.0,1.6,B,-100.0
9160,low,1,2.0,1.0,4.5,A,-8.8
9161,high,2,12.0,18.0,8.9,A,-100.0
9162,,2,3.0,0.0,9.5,B,-11.1
9163,none,0,10.0,11.0,10.0,B,-18.0
9164,low,2,2.0,7.0,1.3,C,-12.8
9165,high,2,1.0,7.0,3.2,A,-13.1
9166,high,0,1.0,20.0,8.9,D,-5.1
9167,high,2,4.0,27.0,9.0,A,-15.3
9168,medium,2,16.0,41.0,9.4,A,-100.0
9169,none,0,14.0,18.0,8.0,A,-100.0
9170,high,0,4.0,17.0,7.0,A,-11.4
9171,,0,11.0,30.0,8.4,A,-100.0
9172,medium,1,2.0,0.0,8.6,D,-7.1
9173,medium,1,32.0,16.0,7.0,A,-100.0
9174,low,1,6.0,17.0,3.1,A,-16.3
9175,low,1,15.0,2.0,9.9,A,-100.0
9176,low,0,16.0,26.0,3.3,A,-100.0
9177,medium,0,18.0,16.0,1.0,A,-100.0
9178,high,1,7.0,5.0,8.5,A,-18.5
9179,medium,0,5.0,9.0,1.7,A,-13.2
9180,medium,3,7.0,44.0,2.7,A,-100.0
9181,none,3,9.0,5.0,5.0,B,-100.0
9182,low,1,5.0,2.0,1.5,C,-15.5
9183,medium,2,15.0,9.0,8.1,C,-100.0
9184,none,2,3.0,4.0,1.6,A,-15.0
9185,high,2,8.0,11.0,3.6,A,-100.0
9186,none,1,25.0,3.0,9.7,A,-100.0
9187,,2,13.0,9.0,6.4,A,-100.0
9188,low,2,16.0,8.0,2.5,C,-100.0
9189,none,0,5.0,1.0,3.3,A,-12.7
9190,medium,0,9.0,1.0,9.2,A,-16.5
9191,high,0,2.0,9.0,8.0,A,-7.4
9192,high,1,8.0,7.0,8.1,A,-100.0
9193,,1,16.0,2.0,2.8,A,-100.0
9194,medium,5,3.0,0.0,8.6,B,-18.9
9195,high,1,13.0,5.0,2.2,A,-100.0
9196,none,0,13.0,6.0,8.1,A,-100.0
9197,medium,3,7.0,3.0,6.4,C,-100.0
9198,medium,3,3.0,5.0,3.5,B,-16.3
9199,,3,13.0,9.0,5.8,A,-100.0
9200,medium,1,29.0,2.0,10.0,C,-100.0
9201,low,1,5.0,5.0,3.5,A,-14.5
9202,low,2,18.0,2.0,9.9,B,-100.0
9203,high,1,7.0,5.0,4.6,A,-100.0
9204,low,1,11.0,23.0,5.6,A,-100.0
9205,low,0,16.0,23.0,9.4,A,-100.0
9206,high,1,9.0,21.0,1.1,A,-100.0
9207,high,1,14.0,1.0,9.9,A,-100.0
9208,medium,1,4.0,12.0,8.9,A,-10.3
9209,medium,2,0.0,8.0,1.4,A,-9.6
9210,medium,2,2.0,13.0,1.9,D,-12.8
9211,high,2,2.0,15.0,2.1,A,-15.3
9212,high,5,10.0,0.0,4.7,A,-100.0
9213,medium,1,7.0,3.0,8.0,A,-16.1
9214,medium,4,11.0,0.0,1.7,C,-100.0
9215,medium,1,5.0,9.0,8.2,C,-12.5
9216,high,0,23.0,4.0,2.1,D,-100.0
9217,high,0,3.0,3.0,3.6,A,-11.4
9218,low,2,6.0,30.0,8.3,C,-16.1
9219,low,3,18.0,5.0,4.5,C,-100.0
9220,none,2,,2.0,8.7,C,
9221,high,2,12.0,1.0,9.7,B,-100.0
9222,,4,3.0,12.0,9.2,A,-16.2
9223,low,0,12.0,7.0,9.8,A,-100.0
9224,high,2,3.0,17.0,7.6,A,-14.3
9225,none,1,20.0,13.0,1.4,A,-100.0
9226,low,0,19.0,12.0,7.4,A,-100.0
9227,none,3,9.0,24.0,5.6,A,-100.0
9228,none,3,5.0,18.0,7.9,A,-17.7
9229,high,0,8.0,11.0,8.8,A,-17.5
9230,medium,0,7.0,13.0,9.3,A,-12.9
9231,none,1,8.0,6.0,6.5,C,-18.8
9232,medium,1,2.0,7.0,1.6,D,-10.5
9233,high,3,9.0,6.0,1.2,A,-100.0
9234,medium,3,1.0,8.0,3.4,C,-12.9
9235,high,1,6.0,9.0,9.7,C,-16.1
9236,low,2,2.0,7.0,8.7,A,-9.1
9237,high,1,21.0,0.0,8.8,A,-100.0
9238,low,1,5.0,1.0,6.8,B,-12.9
9239,none,3,5.0,21.0,7.4,A,-18.0
9240,high,1,4.0,3.0,5.1,A,-14.9
9241,none,4,7.0,4.0,7.0,A,-100.0
9242,high,0,8.0,50.0,9.7,A,-16.7
9243,medium,2,29.0,11.0,9.1,C,-100.0
9244,medium,3,11.0,11.0,7.0,A,-100.0
9245,none,2,2.0,28.0,7.2,C,-10.2
9246,low,3,7.0,30.0,1.5,C,-100.0
9247,low,2,4.0,2.0,9.1,A,-12.5
9248,none,5,7.0,3.0,3.6,B,-100.0
9249,medium,1,11.0,12.0,6.2,B,-100.0
9250,low,0,18.0,3.0,1.2,C,-100.0
9251,high,2,7.0,39.0,3.0,A,-100.0
9252,high,3,5.0,1.0,7.1,A,-100.0
9253,low,0,1.0,7.0,8.9,A,-2.3
9254,high,0,8.0,2.0,2.1,A,-100.0
9255,low,0,6.0,9.0,8.7,C,-11.1
9256,low,2,9.0,7.0,4.9,C,-100.0
9257,none,2,5.0,1.0,4.5,A,-17.1
9258,low,1,22.0,4.0,5.7,C,-100.0
9259,low,2,5.0,1.0,5.7,D,-15.9
9260,low,0,10.0,1.0,3.1,A,-100.0
9261,high,1,15.0,10.0,1.9,A,-100.0
9262,high,0,10.0,4.0,2.3,C,-100.0
9263,high,1,5.0,21.0,8.5,A,-14.8
9264,low,1,5.0,5.0,9.4,A,-11.5
9265,medium,1,5.0,6.0,9.1,D,-12.0
9266,low,1,4.0,8.0,4.8,A,-12.0
9267,high,2,3.0,3.0,5.8,A,-15.3
9268,high,5,5.0,9.0,2.7,A,-100.0
9269,high,1,8.0,7.0,6.5,A,-100.0
9270,high,1,3.0,8.0,3.0,C,-14.2
9271,low,0,16.0,26.0,8.3,A,-100.0
9272,low,0,2.0,7.0,9.3,A,-3.8
9273,,0,5.0,26.0,9.6,A,-9.3
9274,low,4,14.0,33.0,3.2,A,-100.0
9275,,3,4.0,6.0,9.2,A,-15.5
9276,none,0,11.0,44.0,2.8,A,-100.0
9277,none,2,18.0,26.0,10.0,A,-100.0
9278,medium,0,8.0,10.0,4.2,A,-17.2
9279,,0,4.0,10.0,9.4,B,-7.8
9280,high,0,11.0,6.0,2.5,A,-100.0
9281,low,2,8.0,19.0,4.8,A,-100.0
9282,,1,5.0,1.0,4.4,A,-14.7
9283,none,1,14.0,4.0,8.3,D,-100.0
9284,low,1,13.0,7.0,8.1,A,-100.0
9285,low,1,9.0,11.0,8.6,A,-18.9
9286,medium,5,14.0,3.0,2.7,A,-100.0
9287,high,0,18.0,0.0,9.2,A,-100.0
9288,high,0,3.0,2.0,6.9,C,-9.8
9289,high,1,3.0,9.0,5.4,C,-13.0
9290,medium,7,13.0,14.0,1.7,C,-100.0
9291,low,0,4.0,2.0,2.2,A,-10.9
9292,high,2,9.0,19.0,8.0,A,-100.0
9293,medium,1,8.0,12.0,9.7,C,-16.9
9294,low,3,22.0,1.0,8.6,A,-100.0
9295,medium,3,5.0,16.0,1.4,A,-100.0
9296,low,1,,3.0,7.3,C,
9297,low,1,13.0,5.0,8.5,A,-100.0
9298,medium,0,8.0,7.0,3.0,B,-17.8
9299,low,1,13.0,22.0,9.0,A,-100.0
9300,high,4,10.0,50.0,5.6,B,-100.0
9301,low,3,13.0,5.0,1.8,B,-100.0
9302,low,1,3.0,50.0,4.4,A,-10.1
9303,low,2,5.0,48.0,4.7,B,-15.9
9304,high,2,12.0,8.0,9.0,C,-100.0
9305,low,3,1.0,0.0,9.9,A,-9.3
9306,low,1,9.0,3.0,5.6,C,-100.0
9307,high,2,8.0,4.0,5.0,C,-100.0
9308,medium,4,2.0,11.0,9.7,B,-13.9
9309,medium,0,9.0,50.0,7.3,A,-17.0
9310,high,2,10.0,6.0,6.6,A,-100.0
9311,low,3,14.0,18.0,4.3,C,-100.0
9312,high,2,2.0,0.0,3.9,A,-14.6
9313,low,0,11.0,0.0,6.1,B,-100.0
9314,low,2,2.0,50.0,9.7,A,-8.2
9315,high,1,23.0,9.0,7.3,D,-100.0
9316,high,1,2.0,16.0,4.6,B,-11.6
9317,medium,2,3.0,28.0,1.3,B,-14.7
9318,medium,3,9.0,24.0,3.9,A,-100.0
9319,low,0,8.0,8.0,3.8,C,-17.0
9320,medium,0,10.0,10.0,3.4,A,-100.0
9321,none,0,14.0,44.0,1.5,A,-100.0
9322,medium,2,34.0,35.0,8.4,B,-100.0
9323,low,2,9.0,17.0,1.8,A,-100.0
9324,low,0,6.0,0.0,3.4,A,-13.8
9325,medium,3,16.0,2.0,9.7,A,-100.0
9326,low,1,15.0,20.0,5.6,C,-100.0
9327,none,1,17.0,16.0,1.4,A,-100.0
9328,none,1,6.0,23.0,9.2,C,-13.8
9329,low,2,1.0,10.0,1.1,C,-11.1
9330,none,1,15.0,4.0,5.4,A,-100.0
9331,none,0,9.0,5.0,10.0,A,-16.3
9332,low,1,2.0,0.0,3.2,A,-9.4
9333,high,0,7.0,4.0,3.0,C,-18.7
9334,low,2,40.0,17.0,6.6,A,-100.0
9335,high,4,4.0,33.0,8.9,C,-100.0
9336,low,2,2.0,33.0,2.4,A,-12.0
9337,high,0,3.0,12.0,9.9,A,-8.2
9338,low,1,8.0,13.0,7.6,A,-17.6
9339,medium,0,5.0,15.0,9.1,A,-9.4
9340,none,3,9.0,4.0,2.1,A,-100.0
9341,low,0,8.0,37.0,2.3,C,-17.5
9342,,0,5.0,3.0,9.0,A,-9.8
9343,,1,9.0,3.0,5.8,B,-100.0
9344,high,1,22.0,24.0,4.7,D,-100.0
9345,medium,0,12.0,7.0,2.1,A,-100.0
9346,medium,0,5.0,6.0,8.3,C,-9.9
9347,high,2,23.0,38.0,3.4,B,-100.0
9348,low,2,8.0,14.0,8.3,A,-19.7
9349,low,1,10.0,4.0,5.6,A,-100.0
9350,low,1,12.0,18.0,7.4,B,-100.0
9351,medium,4,12.0,21.0,8.3,B,-100.0
9352,low,0,6.0,1.0,9.5,B,-10.8
9353,high,1,13.0,9.0,3.1,A,-100.0
9354,high,0,14.0,1.0,8.2,A,-100.0
9355,high,4,4.0,4.0,7.5,A,-100.0
9356,low,0,10.0,15.0,2.1,A,-100.0
9357,low,2,4.0,13.0,7.8,C,-13.0
9358,none,1,7.0,2.0,4.4,A,-18.2
9359,high,3,14.0,3.0,9.0,C,-100.0
9360,high,1,3.0,6.0,8.6,C,-11.4
9361,medium,5,7.0,26.0,3.8,B,-100.0
9362,low,2,1.0,4.0,6.0,A,-8.7
9363,low,1,4.0,30.0,7.9,C,-10.3
9364,high,3,1.0,7.0,9.4,A,-12.5
9365,high,1,4.0,25.0,2.0,C,-16.3
9366,none,2,13.0,26.0,1.5,A,-100.0
9367,low,1,4.0,9.0,8.3,A,-10.3
9368,low,1,3.0,32.0,2.8,A,-11.0
9369,none,3,5.0,8.0,8.0,B,-17.8
9370,high,1,11.0,5.0,9.5,A,-100.0
9371,none,0,4.0,20.0,9.9,D,-7.5
9372,low,0,13.0,30.0,2.6,A,-100.0
9373,high,2,16.0,7.0,8.9,C,-100.0
9374,low,1,14.0,3.0,9.3,A,-100.0
9375,low,0,5.0,1.0,8.4,C,-9.6
9376,high,1,15.0,15.0,4.7,A,-100.0
9377,low,3,8.0,4.0,8.2,B,-100.0
9378,none,2,9.0,7.0,9.2,D,-100.0
9379,medium,2,34.0,22.0,1.9,C,-100.0
9380,high,3,15.0,11.0,2.4,A,-100.0
9381,medium,2,18.0,11.0,9.9,A,-100.0
9382,low,2,13.0,12.0,6.9,B,-100.0
9383,high,3,6.0,9.0,9.2,C,-100.0
9384,none,3,15.0,21.0,2.5,C,-100.0
9385,high,4,11.0,2.0,3.3,D,-100.0
9386,medium,2,8.0,11.0,3.5,A,-100.0
9387,none,1,9.0,11.0,7.4,A,-100.0
9388,low,0,17.0,18.0,6.9,A,-100.0
9389,none,2,5.0,30.0,5.8,A,-16.2
9390,high,2,16.0,3.0,4.2,C,-100.0
9391,none,1,12.0,3.0,9.5,B,-100.0
9392,low,6,3.0,34.0,1.6,B,-100.0
9393,low,1,22.0,12.0,8.5,A,-100.0
9394,medium,0,2.0,25.0,2.6,A,-7.3
9395,low,2,7.0,0.0,4.4,A,-100.0
9396,high,3,13.0,17.0,8.7,A,-100.0
9397,none,1,5.0,10.0,4.5,C,-14.5
9398,low,0,13.0,17.0,7.5,A,-100.0
9399,none,5,17.0,8.0,1.3,A,-100.0
9400,high,2,8.0,21.0,9.5,A,-100.0
9401,high,2,16.0,23.0,2.3,A,-100.0
9402,low,2,6.0,9.0,9.9,A,-15.5
9403,high,0,11.0,7.0,4.6,A,-100.0
9404,high,0,15.0,12.0,9.0,D,-100.0
9405,low,3,8.0,7.0,9.1,A,-100.0
9406,low,0,4.0,8.0,7.5,B,-8.2
9407,medium,2,20.0,3.0,3.0,A,-100.0
9408,high,2,13.0,2.0,7.0,A,-100.0
9409,low,2,4.0,22.0,6.4,A,-13.6
9410,low,1,6.0,2.0,5.7,A,-15.2
9411,low,1,7.0,8.0,8.4,D,-15.5
9412,high,2,10.0,34.0,3.3,A,-100.0
9413,high,2,7.0,5.0,8.8,C,-100.0
9414,medium,3,3.0,34.0,2.1,A,-16.8
9415,medium,0,10.0,4.0,9.3,A,-18.2
9416,high,3,12.0,26.0,8.9,B,-100.0
9417,none,2,8.0,1.0,9.2,A,-100.0
9418,high,6,28.0,6.0,4.6,D,-100.0
9419,low,2,2.0,9.0,4.2,A,-11.3
9420,medium,2,21.0,6.0,7.4,B,-100.0
9421,low,1,12.0,2.0,9.6,A,-100.0
9422,high,2,1.0,3.0,8.9,A,-10.3
9423,none,2,3.0,37.0,1.8,A,-14.6
9424,none,0,17.0,14.0,9.0,C,-100.0
9425,high,1,8.0,5.0,9.0,A,-20.0
9426,high,1,14.0,3.0,8.8,A,-100.0
9427,low,2,4.0,1.0,9.1,D,-12.5
9428,medium,2,2.0,21.0,4.9,C,-11.2
9429,high,3,20.0,4.0,8.2,B,-100.0
9430,medium,1,8.0,6.0,4.3,C,-19.7
9431,low,2,5.0,4.0,7.9,D,-14.8
9432,high,4,2.0,1.0,1.6,A,-100.0
9433,low,1,9.0,6.0,3.9,A,-100.0
9434,,3,3.0,11.0,8.4,A,-14.1
9435,low,0,10.0,0.0,4.8,C,-100.0
9436,high,1,10.0,16.0,4.9,C,-100.0
9437,high,1,9.0,20.0,5.0,A,-100.0
9438,low,2,19.0,8.0,5.1,A,-100.0
9439,medium,1,,6.0,6.6,C,
9440,low,1,14.0,18.0,9.3,A,-100.0
9441,high,1,13.0,33.0,9.8,A,-100.0
9442,low,0,12.0,10.0,8.2,A,-100.0
9443,medium,0,21.0,29.0,2.1,A,-100.0
9444,none,2,14.0,14.0,7.5,C,-100.0
9445,medium,1,9.0,21.0,2.4,C,-100.0
9446,low,3,24.0,13.0,8.4,A,-100.0
9447,high,0,3.0,27.0,2.9,C,-11.6
9448,high,1,3.0,4.0,2.5,A,-14.5
9449,none,4,16.0,0.0,3.3,D,-100.0
9450,none,3,5.0,23.0,4.1,C,-19.6
9451,medium,1,11.0,22.0,8.2,A,-100.0
9452,high,0,22.0,30.0,9.7,C,-100.0
9453,high,0,10.0,24.0,8.6,A,-100.0
9454,medium,1,9.0,9.0,1.4,B,-100.0
9455,medium,2,11.0,12.0,8.3,A,-100.0
9456,medium,1,7.0,4.0,4.9,C,-17.6
9457,high,0,3.0,16.0,9.3,B,-8.5
9458,low,0,4.0,2.0,4.6,D,-9.7
9459,low,1,7.0,5.0,7.5,D,-16.0
9460,low,3,4.0,16.0,2.9,A,-17.9
9461,low,2,31.0,3.0,3.6,A,-100.0
9462,,0,7.0,16.0,9.9,D,-12.8
9463,high,0,25.0,8.0,9.8,D,-100.0
9464,high,4,16.0,2.0,8.5,A,-100.0
9465,medium,1,4.0,5.0,9.3,A,-10.2
9466,medium,2,5.0,10.0,8.5,A,-14.8
9467,none,1,16.0,18.0,8.3,A,-100.0
9468,low,1,5.0,19.0,4.0,A,-14.1
9469,high,1,18.0,2.0,2.8,C,-100.0
9470,low,0,7.0,12.0,4.5,A,-14.9
9471,medium,5,9.0,14.0,6.1,C,-100.0
9472,medium,4,10.0,4.0,3.8,A,-100.0
9473,low,3,3.0,10.0,1.7,C,-16.8
9474,medium,1,1.0,3.0,8.8,A,-5.2
9475,,0,12.0,7.0,2.2,A,-100.0
9476,low,1,5.0,25.0,9.3,A,-11.4
9477,medium,2,2.0,14.0,8.8,A,-9.4
9478,medium,1,4.0,8.0,9.5,A,-10.1
9479,high,1,5.0,2.0,5.0,A,-16.8
9480,none,3,12.0,7.0,7.0,B,-100.0
9481,medium,0,38.0,3.0,9.6,A,-100.0
9482,high,2,4.0,1.0,3.4,B,-18.3
9483,low,3,3.0,2.0,4.3,A,-15.6
9484,low,4,3.0,4.0,5.0,C,-17.7
9485,high,1,1.0,9.0,4.8,A,-9.8
9486,low,1,2.0,7.0,3.3,A,-9.3
9487,high,1,7.0,3.0,8.8,A,-18.3
9488,low,3,8.0,29.0,8.5,A,-100.0
9489,low,2,5.0,0.0,9.0,A,-14.3
9490,low,0,3.0,35.0,9.3,C,-5.3
9491,medium,1,9.0,9.0,1.2,D,-100.0
9492,none,0,3.0,12.0,7.7,C,-6.9
9493,none,0,17.0,2.0,4.9,C,-100.0
9494,high,1,17.0,37.0,2.5,C,-100.0
9495,high,2,7.0,5.0,5.1,A,-100.0
9496,medium,1,11.0,4.0,6.3,C,-100.0
9497,medium,2,16.0,6.0,1.4,A,-100.0
9498,medium,0,14.0,16.0,8.5,C,-100.0
9499,medium,3,5.0,10.0,4.9,C,-19.1
9500,high,4,16.0,7.0,2.7,C,-100.0
9501,medium,2,1.0,25.0,9.7,C,-7.1
9502,high,0,2.0,3.0,9.4,A,-6.8
9503,high,2,6.0,15.0,1.2,C,-100.0
9504,high,0,9.0,3.0,5.1,C,-100.0
9505,low,2,6.0,30.0,8.3,A,-16.1
9506,medium,1,15.0,7.0,3.8,A,-100.0
9507,high,1,9.0,1.0,2.6,B,-100.0
9508,high,0,25.0,21.0,4.2,C,-100.0
9509,none,1,12.0,0.0,9.8,A,-100.0
9510,low,2,3.0,3.0,2.2,A,-14.1
9511,,0,6.0,17.0,2.4,A,-14.8
9512,high,1,9.0,21.0,3.1,C,-100.0
9513,low,2,6.0,6.0,8.6,A,-16.2
9514,high,0,9.0,22.0,9.4,B,-18.9
9515,high,1,4.0,3.0,4.5,C,-15.2
9516,low,1,8.0,15.0,6.7,A,-18.0
9517,none,0,2.0,23.0,5.7,A,-6.0
9518,high,0,9.0,1.0,5.4,C,-100.0
9519,medium,4,9.0,27.0,4.9,A,-100.0
9520,low,4,3.0,8.0,3.7,A,-18.3
9521,none,2,21.0,24.0,8.2,A,-100.0
9522,medium,1,5.0,6.0,8.4,A,-12.4
9523,none,4,13.0,15.0,6.6,C,-100.0
9524,medium,4,9.0,5.0,3.3,A,-100.0
9525,high,5,15.0,13.0,8.1,A,-100.0
9526,medium,2,11.0,4.0,9.3,A,-100.0
9527,medium,0,3.0,12.0,3.5,A,-8.8
9528,high,0,31.0,43.0,3.9,A,-100.0
9529,low,3,11.0,12.0,1.7,A,-100.0
9530,high,2,10.0,0.0,6.8,A,-100.0
9531,low,1,7.0,26.0,9.7,C,-14.7
9532,low,4,6.0,32.0,8.9,A,-100.0
9533,low,1,4.0,7.0,8.1,A,-10.4
9534,medium,3,16.0,3.0,6.6,A,-100.0
9535,high,6,2.0,9.0,2.5,C,-100.0
9536,low,1,13.0,2.0,1.2,A,-100.0
9537,none,4,13.0,2.0,5.2,D,-100.0
9538,high,0,22.0,50.0,4.5,B,-100.0
9539,high,2,15.0,34.0,3.1,A,-100.0
9540,low,0,2.0,15.0,9.4,A,-3.7
9541,medium,1,12.0,1.0,2.2,A,-100.0
9542,none,1,8.0,11.0,3.4,B,-100.0
9543,low,2,18.0,9.0,9.8,A,-100.0
9544,medium,3,14.0,1.0,2.2,D,-100.0
9545,medium,2,11.0,1.0,7.2,D,-100.0
9546,high,1,15.0,14.0,9.5,C,-100.0
9547,high,2,13.0,2.0,9.9,A,-100.0
9548,high,0,11.0,19.0,7.3,A,-100.0
9549,low,2,15.0,10.0,6.0,A,-100.0
9550,none,1,4.0,3.0,6.4,A,-11.9
9551,none,1,6.0,36.0,4.1,D,-16.2
9552,high,2,4.0,14.0,8.2,C,-15.8
9553,low,1,15.0,8.0,3.3,A,-100.0
9554,medium,2,6.0,27.0,9.8,C,-15.7
9555,none,0,11.0,6.0,2.6,B,-100.0
9556,low,0,27.0,6.0,9.4,A,-100.0
9557,high,1,6.0,14.0,2.8,A,-19.5
9558,medium,2,4.0,18.0,2.6,B,-15.9
9559,high,0,9.0,21.0,6.7,C,-100.0
9560,high,0,7.0,9.0,7.7,B,-16.3
9561,none,0,4.0,5.0,10.0,A,-7.6
9562,high,1,7.0,0.0,9.9,A,-17.8
9563,medium,0,6.0,18.0,2.7,C,-14.4
9564,high,3,2.0,9.0,1.0,A,-18.4
9565,high,1,14.0,21.0,8.1,B,-100.0
9566,medium,3,8.0,10.0,8.7,A,-100.0
9567,high,1,5.0,7.0,8.2,A,-15.1
9568,low,0,30.0,1.0,9.1,A,-100.0
9569,low,1,10.0,7.0,9.7,B,-100.0
9570,high,2,7.0,5.0,1.7,A,-100.0
9571,none,1,6.0,13.0,2.4,A,-17.3
9572,high,3,3.0,28.0,3.7,A,-18.6
9573,low,2,16.0,3.0,7.4,D,-100.0
9574,high,1,6.0,12.0,9.8,A,-16.0
9575,medium,1,6.0,9.0,8.9,A,-13.9
9576,medium,1,15.0,4.0,9.2,A,-100.0
9577,low,0,11.0,9.0,2.0,C,-100.0
9578,medium,3,15.0,26.0,1.6,A,-100.0
9579,low,2,7.0,2.0,9.4,A,-17.5
9580,,0,10.0,2.0,1.6,A,-100.0
9581,high,1,1.0,18.0,4.0,A,-10.1
9582,low,0,8.0,16.0,3.1,B,-17.3
9583,,1,16.0,11.0,4.0,B,-100.0
9584,low,1,4.0,50.0,8.3,D,-9.9
9585,high,1,2.0,26.0,6.6,A,-10.5
9586,low,3,6.0,36.0,1.4,A,-100.0
9587,high,1,4.0,11.0,2.2,A,-16.3
9588,low,3,9.0,17.0,9.8,C,-100.0
9589,high,1,15.0,11.0,1.2,A,-100.0
9590,high,2,10.0,6.0,4.8,A,-100.0
9591,high,0,12.0,3.0,9.7,C,-100.0
9592,low,1,20.0,4.0,9.1,A,-100.0
9593,high,2,4.0,5.0,8.7,A,-15.6
9594,high,0,21.0,8.0,6.0,A,-100.0
9595,none,2,2.0,2.0,9.5,A,-9.4
9596,low,3,20.0,3.0,6.5,A,-100.0
9597,none,2,1.0,6.0,5.0,A,-9.8
9598,medium,2,6.0,1.0,2.4,A,-19.7
9599,low,0,17.0,10.0,9.9,B,-100.0
9600,medium,2,10.0,18.0,5.9,C,-100.0
9601,medium,1,4.0,5.0,2.1,A,-13.8
9602,low,1,5.0,13.0,9.7,A,-11.3
9603,high,2,,48.0,8.7,C,
9604,high,0,2.0,17.0,2.7,A,-10.0
9605,high,1,5.0,17.0,8.3,C,-15.0
9606,low,1,16.0,2.0,7.2,A,-100.0
9607,high,3,1.0,19.0,1.4,A,-16.4
9608,high,4,10.0,10.0,2.7,A,-100.0
9609,high,0,4.0,2.0,7.4,B,-11.3
9610,medium,2,18.0,2.0,3.0,A,-100.0
9611,low,1,5.0,25.0,3.1,A,-14.5
9612,medium,0,11.0,5.0,9.8,A,-19.7
9613,low,0,14.0,5.0,7.7,A,-100.0
9614,medium,1,24.0,4.0,8.2,B,-100.0
9615,low,0,24.0,21.0,7.3,C,-100.0
9616,high,3,12.0,5.0,8.9,A,-100.0
9617,medium,2,9.0,3.0,3.7,A,-100.0
9618,medium,1,8.0,6.0,9.4,A,-17.1
9619,none,2,7.0,3.0,8.7,A,-18.5
9620,high,0,4.0,4.0,3.7,A,-13.1
9621,low,2,12.0,11.0,1.5,C,-100.0
9622,low,1,15.0,2.0,7.7,C,-100.0
9623,high,3,9.0,2.0,1.8,B,-100.0
9624,low,1,2.0,10.0,4.8,A,-8.5
9625,high,2,16.0,9.0,1.2,A,-100.0
9626,medium,2,7.0,5.0,3.5,A,-100.0
9627,high,2,18.0,18.0,8.0,B,-100.0
9628,medium,2,9.0,11.0,3.7,A,-100.0
9629,medium,1,8.0,22.0,8.7,A,-17.3
9630,medium,0,5.0,7.0,4.4,A,-11.9
9631,medium,2,10.0,1.0,3.8,C,-100.0
9632,none,2,2.0,3.0,9.0,A,-9.6
9633,medium,0,12.0,8.0,3.5,D,-100.0
9634,high,3,5.0,16.0,7.2,C,-100.0
9635,low,1,4.0,1.0,1.2,A,-13.9
9636,low,1,10.0,9.0,1.9,A,-100.0
9637,medium,2,3.0,13.0,2.9,A,-14.1
9638,high,1,21.0,10.0,3.2,C,-100.0
9639,low,1,7.0,10.0,8.4,A,-15.5
9640,high,1,5.0,5.0,8.8,C,-14.8
9641,medium,1,9.0,24.0,4.6,B,-100.0
9642,low,1,20.0,1.0,1.9,A,-100.0
9643,high,0,4.0,50.0,8.5,B,-10.3
9644,medium,2,2.0,4.0,4.9,A,-11.4
9645,high,3,5.0,1.0,2.0,B,-100.0
9646,medium,2,14.0,17.0,5.9,A,-100.0
9647,low,2,12.0,28.0,8.8,A,-100.0
9648,high,3,1.0,1.0,6.6,A,-14.0
9649,medium,0,16.0,10.0,7.9,B,-100.0
9650,high,2,4.0,4.0,3.4,A,-18.3
9651,low,2,13.0,6.0,6.2,A,-100.0
9652,high,3,14.0,11.0,7.6,C,
9653,high,1,8.0,8.0,1.1,C,-100.0
9654,high,2,8.0,4.0,6.3,A,-100.0
9655,none,2,6.0,4.0,8.6,A,-16.8
9656,low,1,6.0,45.0,8.6,C,-13.3
9657,low,0,4.0,18.0,7.8,A,-8.0
9658,medium,1,2.0,4.0,8.9,A,-6.9
9659,low,1,7.0,33.0,3.2,D,-17.8
9660,low,1,26.0,38.0,7.6,A,-100.0
9661,high,2,1.0,19.0,4.8,A,-12.2
9662,high,1,1.0,1.0,8.9,B,-7.8
9663,low,4,6.0,28.0,8.5,A,-100.0
9664,medium,2,5.0,1.0,7.4,A,-15.4
9665,low,4,15.0,13.0,3.8,D,-100.0
9666,high,1,11.0,1.0,4.8,A,-100.0
9667,medium,0,19.0,10.0,9.9,C,-100.0
9668,medium,1,16.0,12.0,1.9,C,-100.0
9669,high,1,2.0,4.0,2.4,A,-12.8
9670,low,0,11.0,6.0,6.2,A,-100.0
9671,low,1,11.0,6.0,4.5,A,-100.0
9672,,4,10.0,5.0,2.2,A,-100.0
9673,low,1,7.0,5.0,9.2,A,-15.1
9674,low,0,7.0,9.0,3.8,C,-15.3
9675,low,0,3.0,2.0,1.2,A,-9.6
9676,high,0,5.0,1.0,8.0,C,-12.8
9677,medium,1,7.0,23.0,4.3,B,-17.8
9678,none,0,12.0,49.0,9.6,A,-100.0
9679,medium,1,9.0,2.0,8.0,A,-19.6
9680,high,3,8.0,7.0,5.1,C,-100.0
9681,low,1,13.0,13.0,4.8,A,-100.0
9682,high,1,14.0,17.0,7.5,A,-100.0
9683,high,1,9.0,8.0,2.0,A,-100.0
9684,low,2,24.0,22.0,6.8,A,-100.0
9685,high,1,1.0,7.0,9.1,C,-7.6
9686,high,0,10.0,7.0,8.2,A,-100.0
9687,none,0,4.0,2.0,9.3,C,-8.0
9688,medium,4,9.0,10.0,8.9,A,-100.0
9689,high,1,25.0,5.0,9.5,A,-100.0
9690,high,2,18.0,1.0,9.2,A,-100.0
9691,high,1,9.0,2.0,5.8,A,-100.0
9692,low,2,5.0,0.0,8.1,A,-14.7
9693,high,3,4.0,13.0,9.9,A,-17.4
9694,low,2,17.0,2.0,2.2,A,-100.0
9695,high,3,4.0,2.0,9.9,A,-17.6
9696,medium,1,4.0,12.0,5.8,A,-11.9
9697,low,2,11.0,1.0,8.5,B,-100.0
9698,medium,1,7.0,18.0,8.5,A,-15.7
9699,medium,1,4.0,12.0,2.6,A,-13.5
9700,low,2,8.0,1.0,1.4,D,-100.0
9701,high,2,2.0,0.0,4.6,A,-14.2
9702,low,1,3.0,14.0,8.2,A,-8.5
9703,low,2,12.0,3.0,1.0,A,-100.0
9704,medium,0,19.0,26.0,8.6,A,-100.0
9705,high,2,15.0,50.0,1.2,A,
9706,high,0,17.0,13.0,1.4,A,-100.0
9707,medium,2,9.0,4.0,2.9,A,-100.0
9708,low,2,1.0,4.0,8.6,A,-7.4
9709,high,2,,6.0,9.0,C,
9710,high,2,15.0,27.0,4.4,A,-100.0
9711,high,2,5.0,9.0,1.3,B,-100.0
9712,high,0,12.0,8.0,9.1,D,-100.0
9713,low,1,26.0,0.0,9.6,C,-100.0
9714,high,2,19.0,7.0,8.3,D,-100.0
9715,medium,1,13.0,12.0,9.1,C,-100.0
9716,none,1,7.0,31.0,2.2,A,-19.0
9717,high,1,,13.0,1.1,C,
9718,none,1,12.0,14.0,3.3,A,-100.0
9719,medium,4,5.0,5.0,5.0,A,-100.0
9720,low,0,2.0,4.0,5.3,D,-5.8
9721,medium,1,6.0,22.0,2.5,B,-16.9
9722,none,0,4.0,1.0,8.7,C,-8.3
9723,medium,4,2.0,3.0,9.8,A,-14.0
9724,low,3,15.0,3.0,9.0,B,-100.0
9725,low,1,6.0,19.0,7.0,A,-14.3
9726,low,1,13.0,1.0,8.5,A,-100.0
9727,high,1,11.0,19.0,3.6,C,-100.0
9728,high,1,17.0,11.0,9.1,A,-100.0
9729,medium,2,9.0,7.0,8.8,A,-100.0
9730,high,0,8.0,7.0,7.1,A,-18.4
9731,,2,25.0,4.0,4.8,A,-100.0
9732,high,2,7.0,7.0,9.9,A,-100.0
9733,medium,0,10.0,4.0,3.9,B,-100.0
9734,low,1,32.0,38.0,7.6,A,-100.0
9735,low,0,2.0,12.0,9.5,A,-3.6
9736,medium,2,6.0,19.0,1.9,A,-19.8
9737,high,0,5.0,7.0,3.3,A,-15.1
9738,medium,1,5.0,5.0,1.4,A,-15.9
9739,,3,17.0,0.0,1.8,C,-100.0
9740,high,2,10.0,22.0,1.3,D,-100.0
9741,,4,3.0,1.0,4.4,A,-18.7
9742,none,2,13.0,17.0,4.0,A,-100.0
9743,medium,0,1.0,19.0,,C,
9744,high,1,1.0,1.0,3.3,A,-10.6
9745,none,1,15.0,8.0,6.3,C,-100.0
9746,high,2,16.0,4.0,2.3,A,-100.0
9747,high,2,3.0,2.0,4.6,C,-15.9
9748,high,0,22.0,11.0,2.9,C,-100.0
9749,high,2,7.0,6.0,8.3,A,-100.0
9750,high,2,4.0,20.0,2.7,A,-18.5
9751,low,0,,4.0,8.6,C,
9752,high,0,6.0,8.0,8.2,A,-14.4
9753,high,3,3.0,6.0,1.3,C,-100.0
9754,high,2,20.0,8.0,5.9,A,-100.0
9755,low,2,17.0,1.0,9.5,A,-100.0
9756,medium,5,6.0,6.0,3.5,A,-100.0
9757,medium,1,8.0,2.0,3.7,C,-100.0
9758,none,0,11.0,1.0,4.0,C,-100.0
9759,low,0,2.0,15.0,8.9,A,-3.9
9760,medium,3,4.0,5.0,7.9,A,-15.9
9761,medium,3,16.0,2.0,3.6,A,-100.0
9762,low,0,4.0,5.0,7.9,A,-8.0
9763,high,3,2.0,3.0,8.1,C,-15.0
9764,low,4,3.0,11.0,9.6,A,-15.4
9765,high,1,7.0,4.0,7.2,A,-19.1
9766,none,0,,17.0,8.0,C,
9767,high,1,10.0,4.0,8.5,A,-100.0
9768,low,0,2.0,11.0,5.0,A,-5.9
9769,low,1,5.0,10.0,8.1,A,-12.1
9770,medium,1,6.0,9.0,3.8,C,-16.4
9771,low,5,21.0,2.0,9.1,C,-100.0
9772,high,1,1.0,7.0,4.6,A,-9.9
9773,high,0,18.0,3.0,4.6,A,-100.0
9774,high,0,11.0,33.0,5.2,C,-100.0
9775,medium,0,5.0,3.0,3.3,A,-12.5
9776,high,1,9.0,6.0,9.1,A,-100.0
9777,none,0,15.0,9.0,9.1,A,-100.0
9778,high,3,1.0,7.0,9.0,A,-12.7
9779,medium,2,15.0,7.0,6.6,B,-100.0
9780,low,1,11.0,2.0,8.1,A,-100.0
9781,low,3,17.0,11.0,4.8,A,-100.0
9782,high,2,5.0,1.0,8.9,C,-17.3
9783,low,3,11.0,27.0,9.5,C,-100.0
9784,none,2,12.0,1.0,6.2,A,-100.0
9785,low,0,5.0,31.0,8.7,A,-9.1
9786,high,0,9.0,10.0,8.3,A,-19.5
9787,high,0,7.0,8.0,1.8,A,-19.3
9788,low,1,19.0,15.0,7.3,A,-100.0
9789,low,2,9.0,8.0,2.5,C,-100.0
9790,medium,2,17.0,6.0,4.3,A,-100.0
9791,low,2,4.0,9.0,5.3,A,-14.3
9792,none,1,8.0,5.0,1.6,A,-100.0
9793,medium,3,6.0,1.0,3.7,C,-100.0
9794,low,0,5.0,8.0,9.3,A,-9.0
9795,low,1,18.0,2.0,1.3,C,-100.0
9796,medium,1,8.0,13.0,2.7,A,-100.0
9797,none,2,30.0,25.0,6.3,A,-100.0
9798,medium,1,20.0,30.0,8.6,A,-100.0
9799,medium,4,3.0,12.0,4.9,A,-18.1
9800,low,1,16.0,21.0,7.3,D,-100.0
9801,,0,6.0,2.0,6.9,A,-12.7
9802,medium,2,13.0,8.0,5.1,D,-100.0
9803,medium,1,22.0,2.0,7.3,A,-100.0
9804,low,3,5.0,0.0,2.2,A,-100.0
9805,high,1,5.0,1.0,2.1,B,-18.2
9806,medium,2,3.0,26.0,8.8,D,-11.0
9807,low,0,11.0,3.0,7.4,A,-100.0
9808,low,1,10.0,0.0,1.1,A,-100.0
9809,high,1,12.0,0.0,6.4,A,-100.0
9810,high,0,5.0,13.0,8.8,A,-12.2
9811,medium,1,6.0,3.0,8.6,C,-14.1
9812,low,0,2.0,11.0,9.7,A,-3.6
9813,none,2,2.0,0.0,9.5,A,-9.4
9814,high,0,7.0,9.0,2.7,A,-18.8
9815,high,2,16.0,4.0,1.2,A,-100.0
9816,none,4,15.0,3.0,9.6,C,-100.0
9817,medium,2,11.0,33.0,6.7,A,-100.0
9818,none,2,20.0,3.0,9.3,A,-100.0
9819,high,2,3.0,4.0,5.2,A,-15.6
9820,none,2,12.0,4.0,8.1,A,-100.0
9821,medium,4,7.0,6.0,10.0,A,-100.0
9822,low,0,7.0,0.0,6.6,A,-14.0
9823,medium,2,24.0,11.0,9.8,D,-100.0
9824,low,1,12.0,28.0,6.0,A,-100.0
9825,none,2,3.0,7.0,9.0,A,-11.3
9826,high,3,1.0,23.0,6.5,C,-13.8
9827,low,0,12.0,14.0,4.7,A,-100.0
9828,none,2,,9.0,4.0,C,
9829,high,1,5.0,2.0,9.9,A,-14.3
9830,none,2,10.0,3.0,5.5,A,-100.0
9831,low,3,14.0,2.0,9.4,C,-100.0
9832,none,1,29.0,8.0,5.2,C,-100.0
9833,medium,2,4.0,1.0,8.9,A,-12.9
9834,high,5,15.0,24.0,9.6,A,-100.0
9835,medium,2,9.0,2.0,9.4,C,-100.0
9836,medium,2,3.0,19.0,6.0,C,-12.5
9837,medium,5,,18.0,3.8,C,
9838,low,2,20.0,17.0,5.8,A,-100.0
9839,none,1,16.0,2.0,9.4,A,-100.0
9840,low,4,26.0,7.0,5.3,A,-100.0
9841,low,1,5.0,6.0,7.9,A,-12.3
9842,high,1,7.0,22.0,1.0,A,-100.0
9843,low,4,21.0,8.0,8.8,B,-100.0
9844,none,1,16.0,0.0,2.2,C,-100.0
9845,medium,3,4.0,14.0,8.3,C,-15.6
9846,low,1,1.0,11.0,6.4,A,-6.0
9847,high,0,8.0,14.0,8.1,B,-17.8
9848,low,4,6.0,13.0,4.8,A,-100.0
9849,medium,3,4.0,4.0,9.7,A,-15.0
9850,medium,0,20.0,1.0,9.8,A,-100.0
9851,medium,2,13.0,8.0,8.5,A,-100.0
9852,high,2,12.0,2.0,7.9,A,-100.0
9853,low,2,9.0,17.0,7.6,A,-100.0
9854,high,3,14.0,9.0,2.4,A,-100.0
9855,none,2,15.0,7.0,8.5,A,-100.0
9856,none,0,15.0,0.0,1.1,A,-100.0
9857,low,2,2.0,19.0,3.8,A,-11.4
9858,high,1,13.0,2.0,1.3,A,-100.0
9859,medium,4,14.0,3.0,2.5,A,-100.0
9860,medium,0,11.0,10.0,1.1,A,-100.0
9861,medium,3,19.0,1.0,2.9,C,-100.0
9862,none,2,14.0,14.0,9.5,A,-100.0
9863,medium,2,5.0,11.0,3.6,A,-17.2
9864,high,2,22.0,18.0,1.4,B,-100.0
9865,low,1,15.0,6.0,1.5,A,-100.0
9866,none,0,4.0,8.0,8.8,A,-8.1
9867,low,0,8.0,3.0,6.8,A,-15.6
9868,high,1,17.0,12.0,8.4,C,-100.0
9869,none,2,40.0,4.0,8.4,A,-100.0
9870,medium,2,15.0,16.0,3.9,A,-100.0
9871,low,4,11.0,43.0,7.3,A,-100.0
9872,low,0,2.0,18.0,9.4,A,-3.7
9873,high,0,6.0,9.0,1.8,A,-17.5
9874,medium,2,26.0,1.0,7.0,A,-100.0
9875,low,0,5.0,28.0,9.8,A,-8.6
9876,medium,2,13.0,2.0,2.7,A,-100.0
9877,high,5,1.0,2.0,4.3,A,-100.0
9878,medium,1,11.0,10.0,9.0,A,-100.0
9879,none,3,6.0,1.0,4.7,A,-100.0
9880,low,2,9.0,33.0,2.5,A,-100.0
9881,medium,1,3.0,13.0,5.0,C,-10.5
9882,high,1,8.0,47.0,8.2,A,-20.0
9883,high,2,5.0,26.0,9.6,A,-16.7
9884,medium,1,12.0,12.0,7.6,A,-100.0
9885,high,4,,9.0,9.0,C,
9886,medium,0,3.0,5.0,8.5,C,-6.3
9887,high,1,5.0,10.0,4.8,A,-16.8
9888,medium,1,9.0,10.0,7.7,A,-19.7
9889,low,4,9.0,11.0,6.3,A,-100.0
9890,low,2,13.0,8.0,8.8,A,-100.0
9891,low,1,4.0,15.0,7.5,A,-10.6
9892,low,1,14.0,18.0,9.4,A,-100.0
9893,low,3,4.0,10.0,1.9,A,-18.5
9894,none,2,8.0,3.0,6.8,A,-100.0
9895,low,1,6.0,2.0,3.6,A,-16.2
9896,medium,0,8.0,16.0,9.3,A,-14.6
9897,medium,4,13.0,5.0,8.8,B,-100.0
9898,medium,1,5.0,3.0,2.9,A,-15.2
9899,none,0,13.0,3.0,6.2,B,-100.0
9900,high,0,16.0,4.0,7.2,A,-100.0
9901,high,2,13.0,18.0,7.7,A,-100.0
9902,low,1,17.0,23.0,3.5,C,-100.0
9903,low,5,5.0,34.0,10.0,D,-100.0
9904,medium,2,5.0,10.0,5.8,A,-16.2
9905,low,2,12.0,1.0,3.1,C,-100.0
9906,none,0,3.0,1.0,1.2,A,-10.3
9907,medium,5,8.0,15.0,6.5,A,-100.0
9908,high,2,5.0,4.0,1.4,A,-100.0
9909,none,2,9.0,4.0,8.6,C,-100.0
9910,medium,3,17.0,17.0,2.6,A,-100.0
9911,medium,0,8.0,1.0,8.3,C,-15.2
9912,low,5,6.0,4.0,9.3,A,-100.0
9913,none,1,8.0,6.0,2.0,A,-100.0
9914,medium,1,7.0,8.0,1.5,A,-19.3
9915,medium,1,6.0,16.0,9.8,A,-13.3
9916,low,1,3.0,5.0,8.9,A,-8.3
9917,high,2,4.0,14.0,5.9,A,-16.9
9918,high,1,5.0,19.0,3.0,B,-17.6
9919,high,1,4.0,3.0,1.4,B,-16.8
9920,low,1,21.0,28.0,2.9,A,-100.0
9921,high,1,3.0,5.0,3.5,A,-14.0
9922,high,1,4.0,5.0,3.4,C,-15.8
9923,medium,0,10.0,28.0,9.7,A,-17.8
9924,low,1,12.0,39.0,9.5,A,-100.0
9925,low,1,25.0,7.0,4.4,B,-100.0
9926,medium,2,22.0,10.0,7.9,A,-100.0
9927,high,1,15.0,6.0,9.9,A,-100.0
9928,low,2,6.0,19.0,6.3,A,-17.2
9929,low,0,12.0,14.0,4.8,C,-100.0
9930,low,2,5.0,4.0,1.4,C,-18.0
9931,medium,1,9.0,23.0,9.5,C,-18.7
9932,low,2,1.0,10.0,9.8,B,-6.8
9933,low,3,17.0,1.0,3.4,B,-100.0
9934,low,3,4.0,32.0,3.3,A,-17.6
9935,high,3,6.0,6.0,8.8,B,-100.0
9936,high,1,20.0,2.0,9.7,A,-100.0
9937,none,1,10.0,14.0,5.7,A,-100.0
9938,,2,8.0,50.0,1.1,A,-100.0
9939,none,2,5.0,29.0,3.2,C,-17.5
9940,high,3,11.0,12.0,8.5,D,-100.0
9941,high,0,30.0,14.0,1.5,A,-100.0
9942,high,0,18.0,3.0,2.9,A,-100.0
9943,high,1,17.0,5.0,10.0,C,-100.0
9944,none,1,13.0,16.0,9.6,A,-100.0
9945,high,3,6.0,8.0,2.3,A,-100.0
9946,medium,1,5.0,5.0,8.8,A,-12.2
9947,low,4,4.0,9.0,3.1,C,-100.0
9948,high,4,6.0,18.0,8.8,A,-100.0
9949,high,2,1.0,30.0,9.4,D,-9.8
9950,high,1,15.0,28.0,3.7,A,-100.0
9951,low,3,9.0,5.0,7.3,C,-100.0
9952,medium,1,15.0,28.0,8.9,B,-100.0
9953,medium,1,12.0,8.0,4.9,A,-100.0
9954,none,1,7.0,18.0,4.1,A,-18.1
9955,high,3,9.0,4.0,8.2,A,-100.0
9956,medium,0,11.0,6.0,9.9,B,-19.6
9957,none,2,7.0,3.0,9.8,A,-17.9
9958,none,1,5.0,38.0,9.7,C,-11.6
9959,low,3,,3.0,5.1,C,
9960,high,0,8.0,8.0,2.1,B,-100.0
9961,none,2,6.0,16.0,3.9,A,-19.0
9962,high,1,19.0,6.0,6.6,A,-100.0
9963,high,0,6.0,21.0,9.0,A,-13.8
9964,none,2,3.0,37.0,9.5,A,-10.7
9965,none,2,7.0,4.0,2.3,B,-100.0
9966,low,1,26.0,50.0,4.5,A,-100.0
9967,none,1,6.0,12.0,5.7,A,-15.7
9968,low,2,19.0,7.0,4.3,B,-100.0
9969,medium,1,21.0,6.0,9.6,A,-100.0
9970,high,0,2.0,3.0,,A,
9971,medium,1,17.0,2.0,7.3,A,-100.0
9972,medium,0,4.0,2.0,2.8,A,-11.0
9973,low,0,27.0,12.0,4.8,C,-100.0
9974,none,3,12.0,14.0,4.5,A,-100.0
9975,medium,1,9.0,4.0,9.2,C,-19.0
9976,low,1,7.0,18.0,9.8,C,-14.7
9977,low,1,1.0,3.0,7.3,A,-5.6
9978,low,1,16.0,27.0,3.5,C,-100.0
9979,medium,2,14.0,16.0,3.4,D,-100.0
9980,high,0,1.0,4.0,7.5,A,-6.0
9981,none,1,14.0,18.0,9.7,A,-100.0
9982,low,4,1.0,25.0,1.7,A,-15.7
9983,low,4,13.0,14.0,8.0,A,-100.0
9984,medium,2,4.0,5.0,8.3,A,-13.2
9985,low,2,18.0,33.0,9.3,A,-100.0
9986,medium,0,16.0,18.0,2.4,B,-100.0
9987,low,0,1.0,2.0,4.1,D,-4.7
9988,low,1,27.0,12.0,1.1,A,-100.0
9989,high,1,6.0,19.0,2.7,A,-19.5
9990,low,1,3.0,23.0,9.7,A,-7.7
9991,medium,2,5.0,15.0,8.4,D,-14.8
9992,high,1,10.0,2.0,8.8,C,-100.0
9993,high,1,8.0,29.0,1.8,A,-100.0
9994,high,2,21.0,2.0,1.9,A,-100.0
9995,high,0,14.0,11.0,4.3,A,-100.0
9996,medium,1,15.0,2.0,9.4,A,-100.0
9997,medium,2,34.0,6.0,9.3,A,-100.0
9998,medium,2,8.0,2.0,3.3,A,-100.0
9999,high,0,14.0,28.0,9.1,A,-100.0
10000,low,2,21.0,14.0,7.6,B,-100.0
10001,none,4,4.0,19.0,2.4,A,-100.0
10002,high,2,9.0,50.0,8.8,A,-100.0
10003,medium,2,21.0,8.0,5.4,D,-100.0
10004,high,1,17.0,28.0,9.4,A,-100.0
10005,medium,2,8.0,11.0,2.1,C,-100.0
10006,high,2,7.0,2.0,5.9,A,-100.0
10007,medium,2,2.0,8.0,9.2,A,-9.2
10008,none,4,17.0,8.0,9.7,C,-100.0
10009,low,3,7.0,6.0,3.8,A,-100.0
10010,medium,2,18.0,31.0,9.6,A,-100.0
10011,high,2,7.0,12.0,7.2,A,-100.0
10012,high,1,5.0,8.0,2.9,A,-17.7
10013,medium,4,11.0,9.0,9.1,A,-100.0
10014,high,1,20.0,16.0,7.6,A,-100.0
10015,low,0,24.0,5.0,8.9,D,-100.0
10016,low,1,17.0,38.0,8.5,A,-100.0
10017,low,1,10.0,14.0,7.8,A,-100.0
10018,low,2,28.0,5.0,8.4,A,-100.0
10019,medium,1,2.0,5.0,9.3,A,-6.7
10020,low,1,6.0,3.0,4.5,A,-15.8
10021,high,0,4.0,50.0,9.2,C,-9.9
10022,low,2,3.0,8.0,2.8,A,-13.8
10023,medium,0,11.0,7.0,1.3,B,-100.0
10024,medium,3,14.0,10.0,8.5,C,-100.0
10025,medium,5,3.0,39.0,9.2,C,-18.2
10026,high,1,8.0,9.0,2.2,A,-100.0
10027,none,5,3.0,40.0,5.2,A,-100.0
10028,low,0,11.0,11.0,1.3,A,-100.0
10029,high,2,3.0,26.0,5.6,A,-15.2
10030,low,1,7.0,9.0,7.4,A,-16.0
10031,low,0,4.0,17.0,8.7,A,-7.5
10032,none,2,18.0,10.0,4.2,B,-100.0
10033,high,1,8.0,5.0,7.1,A,-100.0
10034,low,1,6.0,27.0,1.2,A,-17.1
10035,low,1,19.0,2.0,9.1,A,-100.0
10036,none,3,9.0,17.0,1.5,A,-100.0
10037,none,6,14.0,46.0,2.2,A,-100.0
10038,medium,2,17.0,6.0,8.8,A,-100.0
10039,low,3,8.0,5.0,8.8,A,-100.0
10040,medium,2,2.0,4.0,3.9,A,-11.9
10041,medium,0,13.0,5.0,1.6,A,-100.0
10042,none,0,6.0,2.0,6.3,D,-13.0
10043,medium,0,12.0,13.0,9.6,A,-100.0
10044,low,0,6.0,22.0,1.8,C,-14.4
10045,medium,2,6.0,9.0,2.5,A,-19.6
10046,high,1,20.0,15.0,4.6,A,-100.0
10047,medium,2,12.0,34.0,8.1,A,-100.0
10048,high,0,8.0,2.0,2.8,A,-100.0
10049,medium,1,19.0,0.0,1.6,B,-100.0
10050,low,1,29.0,7.0,7.3,D,-100.0
10051,high,2,16.0,50.0,9.2,A,-100.0
10052,high,0,8.0,5.0,1.2,C,-100.0
10053,low,1,11.0,30.0,5.7,A,-100.0
10054,high,2,1.0,4.0,8.4,A,-10.5
10055,medium,4,10.0,8.0,7.8,A,-100.0
10056,high,3,3.0,0.0,8.6,A,-16.5
10057,low,0,1.0,9.0,,A,
10058,low,3,7.0,4.0,9.4,A,-100.0
10059,low,3,7.0,50.0,8.8,A,-19.9
10060,medium,2,11.0,10.0,1.4,B,-100.0
10061,high,0,15.0,22.0,7.5,A,-100.0
10062,low,1,16.0,6.0,2.0,A,-100.0
10063,medium,1,15.0,2.0,3.1,A,-100.0
10064,none,1,1.0,7.0,8.1,A,-5.7
10065,high,0,18.0,20.0,8.1,B,-100.0
10066,high,1,4.0,8.0,4.9,A,-15.0
10067,low,2,3.0,3.0,3.0,A,-13.7
10068,medium,3,17.0,9.0,2.0,A,-100.0
10069,none,2,10.0,2.0,9.4,A,-100.0
10070,low,1,5.0,1.0,2.0,A,-15.3
10071,high,3,3.0,1.0,9.4,C,-16.1
10072,high,1,6.0,2.0,1.7,A,-100.0
10073,none,2,14.0,50.0,1.2,A,-100.0
10074,high,3,8.0,4.0,6.7,A,-100.0
10075,high,1,4.0,1.0,7.1,A,-14.0
10076,high,1,5.0,2.0,3.5,C,-17.5
10077,medium,0,7.0,15.0,7.2,A,-13.9
10078,none,1,10.0,1.0,7.9,A,-100.0
10079,high,2,5.0,14.0,7.9,C,-17.7
10080,medium,0,26.0,0.0,3.1,A,-100.0
10081,high,0,12.0,1.0,8.6,C,-100.0
10082,medium,1,5.0,12.0,9.9,A,-11.6
10083,medium,1,3.0,6.0,3.7,C,-11.2
10084,medium,1,8.0,6.0,6.0,A,-18.8
10085,low,4,3.0,8.0,9.6,A,-15.4
10086,high,0,2.0,29.0,2.0,A,-10.2
10087,medium,1,7.0,7.0,3.0,A,-18.6
10088,medium,1,11.0,20.0,9.1,C,-100.0
10089,low,5,12.0,5.0,9.4,A,-100.0
10090,medium,3,8.0,35.0,8.7,D,-100.0
10091,high,4,11.0,18.0,9.3,A,-100.0
10092,low,1,3.0,16.0,7.0,A,-9.1
10093,low,2,9.0,24.0,8.7,C,-100.0
10094,none,1,4.0,6.0,3.5,A,-13.3
10095,medium,3,5.0,4.0,8.4,A,-17.4
10096,,4,8.0,6.0,4.9,A,-100.0
10097,medium,1,6.0,14.0,3.2,A,-16.7
10098,medium,4,6.0,10.0,8.8,A,-100.0
10099,low,2,13.0,41.0,8.8,A,-100.0
10100,none,0,7.0,11.0,9.4,D,-13.1
10101,,4,7.0,3.0,8.6,A,-100.0
10102,medium,3,6.0,13.0,8.7,D,-18.9
10103,high,2,,3.0,1.7,C,
10104,high,3,12.0,1.0,2.4,A,-100.0
10105,medium,1,4.0,3.0,2.2,A,-13.8
10106,low,1,1.0,4.0,2.3,A,-8.1
10107,high,4,17.0,31.0,5.0,A,-100.0
10108,high,1,2.0,8.0,8.3,A,-9.8
10109,medium,1,7.0,3.0,9.4,A,-15.4
10110,medium,2,8.0,21.0,1.7,A,-100.0
10111,low,1,4.0,10.0,9.6,A,-9.6
10112,high,2,9.0,24.0,1.6,B,-100.0
10113,high,2,5.0,11.0,2.3,B,-100.0
10114,none,0,13.0,7.0,4.8,A,-100.0
10115,medium,0,3.0,28.0,3.3,A,-8.7
10116,high,2,5.0,30.0,8.4,A,-17.3
10117,high,1,16.0,3.0,7.9,A,-100.0
10118,none,0,3.0,13.0,2.3,D,-9.6
10119,high,1,20.0,3.0,9.9,C,-100.0
10120,medium,0,2.0,10.0,6.9,C,-5.3
10121,medium,1,15.0,3.0,9.8,A,-100.0
10122,high,1,10.0,18.0,1.9,A,-100.0
10123,high,2,5.0,15.0,8.6,A,-17.3
10124,low,1,3.0,10.0,4.7,A,-10.3
10125,medium,0,11.0,11.0,3.6,A,-100.0
10126,medium,1,6.0,6.0,9.5,C,-13.6
10127,low,1,15.0,2.0,9.2,A,-100.0
10128,none,0,8.0,17.0,4.1,C,-17.4
10129,medium,5,5.0,4.0,8.2,A,-100.0
10130,medium,0,10.0,28.0,8.9,C,-18.2
10131,low,1,5.0,15.0,3.4,C,-14.4
10132,low,1,7.0,2.0,8.5,B,-15.5
10133,high,3,8.0,36.0,8.7,A,-100.0
10134,high,1,11.0,17.0,8.1,A,-100.0
10135,medium,2,4.0,3.0,4.8,A,-15.0
10136,none,4,25.0,9.0,6.0,A,-100.0
10137,medium,3,13.0,50.0,9.5,C,-100.0
10138,high,0,18.0,7.0,1.4,A,-100.0
10139,low,0,11.0,42.0,1.7,A,-100.0
10140,low,0,10.0,6.0,8.5,D,-18.2
10141,low,2,8.0,9.0,8.9,A,-19.5
10142,low,1,8.0,8.0,8.1,A,-17.4
10143,high,1,11.0,2.0,8.9,A,-100.0
10144,high,3,10.0,5.0,5.6,C,-100.0
10145,low,1,10.0,10.0,2.4,A,-100.0
10146,high,0,7.0,32.0,6.4,A,-16.8
10147,none,1,6.0,0.0,9.3,A,-14.0
10148,none,2,3.0,4.0,5.1,A,-13.3
10149,low,2,7.0,5.0,9.1,A,-17.7
10150,high,2,1.0,25.0,1.9,A,-13.6
10151,low,0,18.0,12.0,5.9,A,-100.0
10152,none,3,4.0,8.0,6.4,A,-16.9
10153,high,1,8.0,19.0,8.3,A,-100.0
10154,low,1,16.0,11.0,8.3,C,-100.0
10155,none,2,6.0,11.0,2.0,A,-100.0
10156,high,2,7.0,7.0,4.9,A,-100.0
10157,high,4,11.0,13.0,8.7,B,-100.0
10158,medium,3,7.0,9.0,2.7,C,-100.0
10159,medium,4,7.0,0.0,8.7,C,-100.0
10160,high,2,9.0,7.0,7.7,B,-100.0
10161,low,2,3.0,3.0,7.5,A,-11.5
10162,low,0,7.0,2.0,7.4,D,-13.6
10163,low,0,20.0,15.0,8.6,D,-100.0
10164,high,1,2.0,5.0,2.7,A,-12.6
10165,high,3,11.0,3.0,1.2,A,-100.0
10166,none,2,28.0,7.0,1.8,A,-100.0
10167,none,1,5.0,29.0,4.1,A,-14.5
10168,low,3,16.0,2.0,10.0,C,-100.0
10169,high,2,3.0,14.0,2.5,C,-16.9
10170,medium,0,1.0,50.0,8.8,A,-2.2
10171,high,1,17.0,3.0,9.4,A,-100.0
10172,none,3,1.0,46.0,9.6,A,-9.6
10173,low,0,3.0,0.0,4.7,A,-7.9
10174,high,1,5.0,7.0,6.3,A,-16.0
10175,high,0,5.0,48.0,4.3,A,-14.1
10176,low,0,1.0,5.0,3.4,A,-5.0
10177,low,3,13.0,21.0,10.0,A,-100.0
10178,low,1,13.0,16.0,8.4,A,-100.0
10179,medium,1,11.0,41.0,1.2,D,-100.0
10180,medium,3,7.0,5.0,8.6,A,-100.0
10181,high,1,5.0,3.0,7.0,A,-15.7
10182,none,1,8.0,1.0,1.2,A,-100.0
10183,medium,0,19.0,31.0,5.3,A,-100.0
10184,low,0,7.0,22.0,7.3,B,-13.4
10185,none,1,7.0,9.0,2.4,A,-19.1
10186,high,1,7.0,8.0,6.5,A,-19.4
10187,medium,0,20.0,1.0,1.0,A,-100.0
10188,high,2,23.0,28.0,9.6,A,-100.0
10189,,2,17.0,9.0,3.7,B,-100.0
10190,none,4,6.0,4.0,9.7,A,-100.0
10191,high,3,16.0,11.0,9.8,A,-100.0
10192,low,3,10.0,1.0,9.7,A,-100.0
10193,medium,2,17.0,5.0,8.0,A,-100.0
10194,low,5,3.0,18.0,1.5,A,-100.0
10195,low,2,3.0,3.0,9.7,C,-10.4
10196,high,2,12.0,17.0,8.9,C,-100.0
10197,low,1,23.0,10.0,7.0,B,-100.0
10198,high,1,5.0,6.0,1.9,A,-18.3
10199,none,1,11.0,7.0,1.5,A,-100.0
10200,low,1,14.0,2.0,9.9,B,-100.0
10201,high,1,25.0,6.0,9.3,A,-100.0
10202,high,3,2.0,14.0,8.8,A,-14.5
10203,high,1,2.0,8.0,1.7,A,-13.1
10204,low,0,7.0,6.0,8.3,D,-13.1
10205,low,1,5.0,26.0,4.2,A,-13.9
10206,medium,1,10.0,19.0,8.5,A,-100.0
10207,none,2,9.0,16.0,5.6,C,-100.0
10208,low,0,10.0,9.0,1.0,C,-100.0
10209,high,2,21.0,23.0,2.1,C,-100.0
10210,low,0,16.0,17.0,5.1,A,-100.0
10211,medium,1,15.0,4.0,9.4,A,-100.0
10212,low,3,40.0,13.0,3.6,B,-100.0
10213,low,2,2.0,14.0,2.4,A,-12.2
10214,medium,1,7.0,13.0,1.2,A,-19.4
10215,none,4,9.0,0.0,1.6,A,-100.0
10216,high,2,4.0,15.0,8.3,C,-15.7
10217,medium,3,3.0,6.0,4.3,A,-15.9
10218,high,5,17.0,35.0,1.5,A,-100.0
10219,low,1,5.0,10.0,2.2,C,-15.1
10220,low,1,6.0,10.0,8.1,A,-13.9
10221,none,1,3.0,8.0,9.4,C,-8.6
10222,medium,0,18.0,4.0,2.6,A,-100.0
10223,none,3,15.0,18.0,8.9,A,-100.0
10224,medium,2,7.0,30.0,1.3,A,-100.0
10225,medium,3,4.0,4.0,9.4,C,-15.1
10226,high,1,16.0,21.0,2.7,A,-100.0
10227,low,3,10.0,4.0,3.4,A,-100.0
10228,medium,5,26.0,11.0,5.9,A,-100.0
10229,medium,2,2.0,2.0,9.0,A,-9.4
10230,low,2,7.0,12.0,9.4,A,-17.4
10231,low,1,4.0,4.0,7.2,C,-10.9
10232,medium,0,18.0,1.0,9.1,A,-100.0
10233,low,2,5.0,26.0,3.4,A,-16.8
10234,high,1,1.0,6.0,,A,
10235,medium,2,11.0,9.0,8.3,A,-100.0
10236,medium,2,24.0,4.0,8.7,A,-100.0
10237,low,0,4.0,1.0,7.8,C,-8.1
10238,low,3,9.0,7.0,8.9,C,-100.0
10239,high,2,1.0,0.0,2.6,A,-13.5
10240,medium,1,6.0,13.0,5.3,A,-15.6
10241,none,3,14.0,26.0,9.2,A,-100.0
10242,low,0,16.0,23.0,7.1,A,-100.0
10243,,1,4.0,2.0,4.8,A,-12.7
10244,medium,0,7.0,3.0,9.6,A,-12.8
10245,medium,0,2.0,27.0,2.0,A,-7.6
10246,medium,2,25.0,9.0,8.9,A,-100.0
10247,none,2,4.0,3.0,1.7,C,-16.7
10248,high,0,17.0,7.0,4.7,A,-100.0
10249,low,1,7.0,6.0,8.6,A,-15.4
10250,low,3,25.0,15.0,6.7,C,-100.0
10251,high,0,3.0,10.0,2.1,D,-12.1
10252,medium,1,7.0,11.0,3.8,A,-18.1
10253,high,2,15.0,3.0,10.0,A,-100.0
10254,medium,1,7.0,5.0,1.2,A,-19.5
10255,none,0,7.0,16.0,9.8,C,-12.8
10256,high,2,10.0,35.0,9.0,B,-100.0
10257,low,1,2.0,8.0,2.3,C,-9.8
10258,high,2,21.0,16.0,5.0,A,-100.0
10259,medium,1,21.0,13.0,8.3,D,-100.0
10260,low,1,15.0,2.0,8.9,A,-100.0
10261,high,1,1.0,35.0,,C,
10262,high,3,4.0,5.0,5.3,A,-19.8
10263,none,2,12.0,0.0,7.6,C,-100.0
10264,low,4,3.0,4.0,8.5,A,-16.0
10265,low,1,9.0,3.0,9.7,A,-18.4
10266,medium,2,11.0,16.0,8.1,A,-100.0
10267,high,0,9.0,1.0,8.4,A,-19.6
10268,high,2,1.0,13.0,2.9,A,-13.2
10269,high,0,8.0,6.0,5.1,A,-19.4
10270,medium,1,6.0,7.0,1.8,A,-17.4
10271,low,1,1.0,14.0,8.7,A,-4.8
10272,high,1,5.0,50.0,3.9,C,-16.8
10273,low,0,7.0,5.0,2.6,D,-15.9
10274,medium,2,7.0,1.0,3.2,A,-100.0
10275,medium,1,5.0,3.0,9.7,A,-11.8
10276,none,1,19.0,29.0,7.0,A,-100.0
10277,low,0,4.0,27.0,8.2,B,-7.6
10278,medium,2,12.0,12.0,4.9,A,-100.0
10279,none,3,2.0,4.0,8.3,A,-12.4
10280,low,1,2.0,6.0,4.8,A,-8.6
10281,low,0,5.0,25.0,7.1,A,-10.0
10282,low,1,18.0,9.0,7.6,B,-100.0
10283,medium,3,8.0,20.0,8.6,B,-100.0
10284,low,1,4.0,13.0,9.5,A,-9.7
10285,low,0,6.0,25.0,9.5,C,-10.5
10286,low,2,6.0,33.0,7.4,A,-16.5
10287,low,1,7.0,6.0,9.5,A,-15.0
10288,low,2,13.0,2.0,9.3,B,-100.0
10289,none,1,1.0,9.0,8.7,C,-5.4
10290,high,1,9.0,3.0,9.0,C,-100.0
10291,none,1,3.0,15.0,9.4,C,-8.5
10292,medium,3,7.0,33.0,9.6,D,-100.0
10293,low,2,11.0,4.0,9.5,A,-100.0
10294,none,0,14.0,25.0,6.8,A,-100.0
10295,low,0,25.0,9.0,5.9,A,-100.0
10296,high,4,13.0,3.0,8.6,D,-100.0
10297,medium,1,2.0,14.0,6.6,A,-8.0
10298,high,3,12.0,3.0,3.3,A,-100.0
10299,medium,2,9.0,3.0,1.1,C,-100.0
10300,low,2,17.0,29.0,2.2,A,-100.0
10301,high,2,21.0,5.0,8.2,A,-100.0
10302,none,0,4.0,11.0,9.6,B,-7.7
10303,high,1,9.0,7.0,4.7,A,-100.0
10304,medium,2,14.0,23.0,9.9,A,-100.0
10305,high,0,12.0,41.0,4.3,A,-100.0
10306,low,2,13.0,12.0,8.8,C,-100.0
10307,low,0,8.0,13.0,8.1,A,-14.9
10308,medium,1,20.0,17.0,8.7,A,-100.0
10309,medium,2,19.0,42.0,9.6,A,-100.0
10310,high,2,,5.0,7.1,C,
10311,high,2,8.0,12.0,3.5,A,-100.0
10312,high,1,9.0,5.0,7.9,C,-100.0
10313,high,1,22.0,50.0,4.3,A,-100.0
10314,medium,2,8.0,4.0,9.4,C,-19.7
10315,low,3,5.0,48.0,3.7,A,-18.9
10316,high,0,13.0,21.0,8.1,C,-100.0
10317,low,1,9.0,7.0,5.3,D,-100.0
10318,low,3,17.0,14.0,8.8,C,-100.0
10319,low,2,4.0,17.0,5.0,A,-14.3
10320,high,2,6.0,20.0,4.9,C,-100.0
10321,medium,2,11.0,4.0,5.7,A,-100.0
10322,low,3,2.0,7.0,9.5,B,-11.2
10323,low,0,3.0,0.0,7.3,A,-6.6
10324,medium,0,3.0,20.0,9.6,B,-5.6
10325,low,2,3.0,26.0,2.3,A,-13.9
10326,high,4,5.0,19.0,8.3,A,-100.0
10327,low,0,3.0,1.0,8.1,A,-6.2
10328,low,1,22.0,9.0,8.9,A,-100.0
10329,none,0,1.0,0.0,9.7,B,-2.5
10330,none,2,16.0,50.0,8.3,D,-100.0
10331,high,0,10.0,2.0,1.2,C,-100.0
10332,high,2,18.0,14.0,5.3,A,-100.0
10333,medium,2,21.0,6.0,7.3,A,-100.0
10334,none,2,3.0,22.0,8.7,C,-11.3
10335,high,2,21.0,1.0,2.0,A,-100.0
10336,high,1,8.0,3.0,2.0,A,-100.0
10337,none,1,4.0,2.0,2.0,A,-14.1
10338,low,0,15.0,12.0,8.3,A,-100.0
10339,medium,3,7.0,19.0,5.2,A,-100.0
10340,medium,0,21.0,25.0,8.5,A,-100.0
10341,low,2,2.0,6.0,9.5,A,-8.7
10342,low,2,16.0,1.0,3.6,C,-100.0
10343,none,2,6.0,6.0,8.6,A,-16.8
10344,none,2,9.0,10.0,3.0,A,-100.0
10345,high,1,0.0,1.0,7.9,A,-6.6
10346,high,2,8.0,12.0,8.1,D,-100.0
10347,high,2,19.0,10.0,9.2,A,-100.0
10348,high,2,,8.0,6.1,C,
10349,none,1,5.0,2.0,1.8,C,-16.0
10350,medium,1,13.0,12.0,9.3,A,-100.0
10351,low,0,9.0,6.0,7.1,A,-17.2
10352,low,3,17.0,1.0,2.3,B,-100.0
10353,high,2,2.0,18.0,9.2,A,-11.8
10354,high,0,2.0,31.0,8.2,B,-7.1
10355,medium,0,5.0,4.0,9.1,A,-9.6
10356,high,0,16.0,10.0,6.2,A,-100.0
10357,medium,2,11.0,15.0,2.1,A,-100.0
10358,high,2,4.0,6.0,8.2,A,-15.9
10359,low,3,,26.0,5.8,C,
10360,high,1,18.0,28.0,2.0,A,-100.0
10361,low,0,14.0,13.0,4.7,A,-100.0
10362,low,2,9.0,22.0,1.7,A,-100.0
10363,low,0,13.0,7.0,7.5,A,-100.0
10364,high,1,7.0,6.0,8.5,A,-18.5
10365,low,2,18.0,22.0,8.7,C,-100.0
10366,medium,2,2.0,4.0,2.2,D,-12.8
10367,none,0,8.0,21.0,1.8,C,-18.5
10368,high,1,10.0,2.0,3.3,B,-100.0
10369,low,2,,27.0,7.1,C,
10370,medium,1,4.0,1.0,6.0,D,-11.9
10371,medium,1,4.0,22.0,8.0,A,-10.7
10372,high,1,7.0,3.0,5.9,A,-19.8
10373,high,3,11.0,5.0,2.9,A,-100.0
10374,low,2,5.0,11.0,6.3,B,-15.5
10375,high,0,4.0,40.0,6.2,A,-11.5
10376,high,3,6.0,10.0,6.4,A,-100.0
10377,medium,3,19.0,11.0,6.6,A,-100.0
10378,none,1,8.0,8.0,3.3,C,-100.0
10379,low,0,6.0,8.0,5.9,A,-12.5
10380,high,2,6.0,37.0,8.3,B,-19.0
10381,medium,3,13.0,17.0,8.2,A,-100.0
10382,low,1,22.0,40.0,7.3,A,-100.0
10383,high,0,14.0,1.0,3.3,A,-100.0
10384,high,0,5.0,1.0,5.8,A,-13.9
10385,none,1,9.0,3.0,8.4,A,-19.6
10386,low,1,19.0,2.0,1.3,D,-100.0
10387,low,1,40.0,2.0,3.7,A,-100.0
10388,medium,1,2.0,4.0,5.4,A,-8.7
10389,none,0,7.0,12.0,4.2,B,-15.7
10390,high,0,2.0,13.0,7.3,C,-7.8
10391,,2,7.0,3.0,4.5,C,-100.0
10392,none,1,2.0,1.0,5.2,A,-9.0
10393,high,1,10.0,20.0,4.3,A,-100.0
10394,,2,2.0,4.0,4.2,D,-12.0
10395,low,2,5.0,13.0,8.7,D,-14.3
10396,low,0,12.0,10.0,1.1,A,-100.0
10397,low,2,6.0,1.0,8.2,C,-16.4
10398,low,0,8.0,1.0,3.8,A,-17.1
10399,high,2,6.0,21.0,7.1,A,-19.8
10400,medium,2,19.0,29.0,8.7,B,-100.0
10401,high,0,26.0,11.0,3.5,A,-100.0
10402,none,0,6.0,5.0,8.0,A,-12.1
10403,low,2,0.0,17.0,8.9,A,-5.4
10404,medium,1,12.0,22.0,7.4,A,-100.0
10405,low,1,7.0,11.0,3.1,D,-18.1
10406,high,0,3.0,7.0,6.8,A,-9.8
10407,high,2,16.0,19.0,2.8,C,-100.0
10408,low,0,8.0,0.0,1.3,A,-18.4
10409,medium,2,37.0,8.0,1.8,B,-100.0
10410,low,2,3.0,1.0,3.0,A,-13.8
10411,medium,1,,6.0,4.1,C,
10412,medium,1,11.0,17.0,1.8,A,-100.0
10413,medium,3,14.0,1.0,8.3,A,-100.0
10414,none,2,12.0,6.0,8.0,A,-100.0
10415,low,2,3.0,1.0,9.9,B,-10.3
10416,medium,1,5.0,11.0,9.8,A,-11.6
10417,high,1,9.0,42.0,9.7,A,-100.0
10418,low,0,14.0,7.0,3.3,A,-100.0
10419,low,7,14.0,0.0,3.8,A,-100.0
10420,low,1,12.0,11.0,3.7,A,-100.0
10421,medium,1,2.0,5.0,8.3,A,-7.2
10422,low,1,7.0,16.0,9.7,A,-14.8
10423,medium,0,6.0,14.0,8.9,C,-11.3
10424,low,4,19.0,1.0,3.9,A,-100.0
10425,none,2,5.0,1.0,9.2,C,-14.8
10426,,2,3.0,5.0,8.5,A,-11.6
10427,low,2,14.0,1.0,9.6,D,-100.0
10428,,2,2.0,8.0,9.7,A,-9.2
10429,high,1,9.0,36.0,3.9,A,-100.0
10430,high,1,5.0,16.0,1.6,A,-18.3
10431,medium,1,15.0,0.0,3.7,A,-100.0
10432,high,0,8.0,22.0,3.2,A,-100.0
10433,high,2,16.0,3.0,8.1,B,-100.0
10434,,2,17.0,4.0,4.7,A,-100.0
10435,high,0,3.0,11.0,5.1,A,-10.6
10436,medium,3,6.0,0.0,3.8,D,-100.0
10437,low,0,6.0,28.0,2.8,A,-13.8
10438,high,3,20.0,7.0,9.0,A,-100.0
10439,low,2,2.0,12.0,7.9,A,-9.5
10440,none,0,4.0,1.0,8.8,A,-8.2
10441,medium,1,6.0,5.0,9.5,A,-13.6
10442,high,2,14.0,3.0,9.0,A,-100.0
10443,medium,1,9.0,21.0,5.4,A,-100.0
10444,high,1,6.0,14.0,8.2,B,-16.8
10445,high,3,8.0,5.0,3.7,A,-100.0
10446,none,3,16.0,4.0,2.4,C,-100.0
10447,low,1,14.0,7.0,1.3,A,-100.0
10448,none,2,7.0,1.0,8.8,B,-18.5
10449,low,1,12.0,15.0,3.7,C,-100.0
10450,medium,1,10.0,36.0,9.7,B,-100.0
10451,,1,1.0,2.0,8.1,A,-5.8
10452,,0,4.0,1.0,8.5,A,-8.4
10453,medium,2,8.0,17.0,4.6,A,-100.0
10454,low,1,8.0,5.0,1.8,A,-100.0
10455,high,2,2.0,2.0,2.3,B,-15.4
10456,,2,6.0,20.0,8.7,A,-16.6
10457,medium,1,13.0,17.0,3.4,C,-100.0
10458,none,1,8.0,0.0,9.7,A,-17.3
10459,medium,1,4.0,6.0,1.5,A,-14.1
10460,none,0,11.0,7.0,9.4,A,-100.0
10461,low,1,4.0,28.0,9.8,A,-9.3
10462,low,2,14.0,30.0,8.9,A,-100.0
10463,none,1,3.0,17.0,8.6,A,-8.9
10464,high,1,6.0,13.0,8.2,A,-16.8
10465,medium,2,4.0,18.0,7.9,A,-13.3
10466,high,1,11.0,2.0,9.1,C,-100.0
10467,medium,0,14.0,5.0,9.4,A,-100.0
10468,high,3,2.0,3.0,8.7,B,-14.7
10469,none,1,13.0,4.0,9.2,C,-100.0
10470,low,3,6.0,15.0,1.7,A,-100.0
10471,medium,1,17.0,34.0,8.9,A,-100.0
10472,high,0,18.0,8.0,8.6,A,-100.0
10473,none,1,4.0,5.0,8.4,C,-10.9
10474,medium,2,18.0,0.0,3.9,C,-100.0
10475,low,0,4.0,5.0,1.9,A,-11.0
10476,none,1,1.0,36.0,5.5,A,-6.8
10477,high,2,18.0,1.0,9.7,A,-100.0
10478,low,0,5.0,16.0,9.5,A,-8.9
10479,medium,1,21.0,23.0,4.2,A,-100.0
10480,high,0,7.0,0.0,9.0,A,-15.8
10481,medium,2,3.0,4.0,4.7,A,-13.3
10482,medium,2,6.0,8.0,6.2,A,-17.7
10483,high,0,20.0,21.0,9.7,A,-100.0
10484,low,1,11.0,19.0,4.0,D,-100.0
10485,high,0,9.0,13.0,9.9,C,-18.7
10486,low,1,5.0,10.0,9.6,A,-11.4
10487,medium,5,12.0,3.0,1.9,A,-100.0
10488,medium,0,1.0,4.0,9.4,A,-2.4
10489,none,2,2.0,7.0,6.7,A,-10.7
10490,low,2,8.0,12.0,5.4,D,-100.0
10491,medium,2,8.0,19.0,5.4,C,-100.0
10492,high,2,7.0,1.0,2.8,B,-100.0
10493,low,2,8.0,39.0,6.2,A,-100.0
10494,low,0,13.0,31.0,4.2,D,-100.0
10495,high,4,11.0,11.0,5.0,A,-100.0
10496,medium,1,8.0,5.0,9.9,A,-16.9
10497,low,2,2.0,21.0,7.9,A,-9.4
10498,low,0,3.0,5.0,7.2,C,-6.6
10499,medium,2,5.0,15.0,4.6,A,-16.7
10500,high,4,5.0,3.0,3.5,C,-100.0
10501,low,1,8.0,1.0,3.7,A,-19.7
10502,medium,1,10.0,3.0,3.7,A,-100.0
10503,low,2,4.0,1.0,4.8,A,-14.6
10504,medium,1,16.0,27.0,7.3,A,-100.0
10505,low,1,2.0,15.0,1.5,C,-10.1
10506,low,1,7.0,9.0,8.4,A,-15.5
10507,none,2,22.0,48.0,9.0,A,-100.0
10508,high,0,9.0,1.0,2.3,D,-100.0
10509,none,1,7.0,3.0,5.1,A,-17.8
10510,none,1,5.0,17.0,9.2,A,-12.1
10511,none,2,22.0,29.0,1.9,A,-100.0
10512,low,1,1.0,33.0,,D,
10513,low,2,6.0,4.0,9.8,D,-15.6
10514,medium,3,9.0,18.0,9.9,A,-100.0
10515,low,2,9.0,10.0,8.0,D,-100.0
10516,low,2,10.0,25.0,3.7,A,-100.0
10517,medium,0,18.0,29.0,4.2,B,-100.0
10518,medium,0,1.0,8.0,8.1,B,-3.0
10519,medium,1,1.0,8.0,9.3,A,-4.9
10520,medium,2,1.0,26.0,9.1,A,-7.3
10521,high,4,12.0,2.0,9.3,C,-100.0
10522,medium,2,28.0,17.0,8.7,C,-100.0
10523,none,2,5.0,10.0,9.4,C,-14.6
10524,low,3,1.0,11.0,8.5,A,-9.9
10525,medium,4,1.0,15.0,7.8,A,-13.1
10526,low,1,12.0,1.0,5.6,A,-100.0
10527,medium,1,2.0,1.0,3.4,A,-9.7
10528,low,3,6.0,7.0,7.2,A,-19.4
10529,high,2,13.0,2.0,3.0,D,-100.0
10530,high,2,1.0,3.0,1.6,A,-13.9
10531,high,0,8.0,18.0,7.8,A,-17.9
10532,low,0,10.0,6.0,1.4,A,-100.0
10533,low,0,5.0,1.0,9.3,B,-9.1
10534,low,0,8.0,14.0,1.3,B,-18.2
10535,low,2,14.0,12.0,8.8,A,-100.0
10536,high,4,16.0,5.0,8.5,A,-100.0
10537,high,0,7.0,3.0,1.0,A,-19.7
10538,high,4,2.0,6.0,1.5,A,-100.0
10539,none,0,10.0,8.0,2.9,A,-100.0
10540,medium,1,7.0,17.0,8.1,C,-15.9
10541,high,2,4.0,2.0,1.5,A,-19.3
10542,low,1,21.0,11.0,3.6,A,-100.0
10543,low,2,16.0,30.0,1.1,C,-100.0
10544,low,4,19.0,16.0,3.8,A,-100.0
10545,high,2,2.0,12.0,9.9,A,-11.5
10546,low,1,1.0,7.0,2.8,A,-7.8
10547,low,1,8.0,21.0,1.5,A,-100.0
10548,medium,1,7.0,23.0,9.3,A,-15.3
10549,high,1,14.0,1.0,8.1,A,-100.0
10550,medium,2,4.0,1.0,1.7,A,-16.5
10551,medium,1,5.0,11.0,6.5,A,-13.3
10552,low,0,2.0,0.0,9.1,C,-4.0
10553,medium,1,5.0,5.0,8.1,A,-12.5
10554,,2,6.0,2.0,4.8,C,-18.7
10555,low,0,14.0,2.0,8.2,A,-100.0
10556,none,0,4.0,12.0,9.7,A,-7.7
10557,high,1,8.0,6.0,8.7,A,-100.0
10558,none,2,9.0,8.0,1.8,A,-100.0
10559,medium,2,11.0,10.0,3.7,C,-100.0
10560,medium,2,23.0,17.0,5.1,A,-100.0
10561,low,3,4.0,1.0,9.9,A,-14.6
10562,high,6,17.0,2.0,1.9,B,-100.0
10563,low,2,9.0,2.0,1.3,D,-100.0
10564,none,3,5.0,0.0,8.5,C,-17.6
10565,high,1,10.0,12.0,3.7,A,-100.0
10566,low,3,14.0,5.0,8.2,B,-100.0
10567,low,1,9.0,17.0,8.3,C,-19.0
10568,high,0,13.0,0.0,8.8,A,-100.0
10569,medium,0,4.0,26.0,4.8,A,-9.7
10570,low,3,17.0,10.0,9.3,A,-100.0
10571,low,1,13.0,6.0,8.4,C,-100.0
10572,low,2,8.0,26.0,8.5,A,-19.5
10573,high,1,16.0,22.0,5.3,A,-100.0
10574,low,2,5.0,11.0,8.4,C,-14.5
10575,low,1,22.0,5.0,1.0,A,-100.0
10576,high,0,8.0,15.0,6.5,C,-18.6
10577,none,2,16.0,3.0,1.7,A,-100.0
10578,medium,1,12.0,4.0,3.5,A,-100.0
10579,medium,0,6.0,2.0,9.0,C,-11.4
10580,low,1,6.0,20.0,8.5,A,-13.6
10581,medium,0,17.0,22.0,9.6,B,-100.0
10582,medium,1,8.0,38.0,8.4,A,-17.3
10583,low,0,12.0,5.0,2.2,A,-100.0
10584,low,1,7.0,9.0,8.6,C,-15.4
10585,none,1,7.0,10.0,9.6,B,-15.5
10586,low,0,15.0,21.0,2.2,A,-100.0
10587,none,1,8.0,6.0,2.7,A,-100.0
10588,none,0,9.0,15.0,9.8,A,-16.3
10589,low,3,11.0,1.0,8.2,A,-100.0
10590,high,3,5.0,39.0,5.8,C,-100.0
10591,high,2,9.0,5.0,9.0,A,-100.0
10592,low,1,8.0,7.0,8.1,B,-17.4
10593,high,0,15.0,7.0,6.9,A,-100.0
10594,high,1,2.0,46.0,8.3,A,-9.4
10595,high,1,3.0,4.0,8.5,A,-11.5
10596,medium,3,14.0,29.0,9.5,A,-100.0
10597,none,0,16.0,50.0,1.6,C,-100.0
10598,medium,2,7.0,0.0,5.5,C,-19.9
10599,high,3,9.0,50.0,8.7,A,-100.0
10600,low,1,6.0,1.0,8.0,A,-14.0
10601,high,2,27.0,4.0,1.5,A,-100.0
10602,none,0,21.0,9.0,3.9,B,-100.0
10603,medium,5,9.0,4.0,8.1,A,-100.0
10604,medium,1,1.0,0.0,6.5,A,-6.4
10605,none,0,4.0,15.0,7.7,A,-8.6
10606,high,3,15.0,4.0,5.1,A,-100.0
10607,low,0,4.0,12.0,8.7,A,-7.6
10608,high,0,6.0,10.0,8.6,A,-14.1
10609,medium,2,7.0,1.0,2.4,A,-100.0
10610,none,2,10.0,6.0,9.3,A,-100.0
10611,high,2,4.0,32.0,9.3,A,-15.1
10612,medium,3,8.0,15.0,9.6,A,-100.0
10613,low,0,3.0,16.0,2.3,A,-9.0
10614,medium,1,12.0,28.0,8.8,A,-100.0
10615,high,0,10.0,1.0,1.8,A,-100.0
10616,medium,1,7.0,9.0,6.9,A,-16.6
10617,high,2,3.0,22.0,8.6,D,-13.8
10618,high,1,2.0,3.0,3.0,A,-12.5
10619,high,1,22.0,3.0,3.5,B,-100.0
10620,high,0,10.0,2.0,9.2,A,-100.0
10621,medium,1,18.0,38.0,3.4,C,-100.0
10622,high,2,6.0,8.0,9.5,A,-18.7
10623,medium,1,3.0,8.0,8.1,C,-9.0
10624,high,2,8.0,20.0,1.2,C,-100.0
10625,medium,2,,10.0,5.5,C,
10626,low,0,,36.0,9.4,C,
10627,low,1,14.0,0.0,2.0,A,-100.0
10628,medium,3,18.0,1.0,7.4,C,-100.0
10629,high,1,5.0,16.0,6.2,C,-16.0
10630,medium,1,13.0,32.0,9.2,A,-100.0
10631,low,1,8.0,4.0,8.2,A,-17.4
10632,high,1,6.0,4.0,9.3,A,-16.3
10633,high,0,14.0,2.0,1.4,C,-100.0
10634,high,0,21.0,2.0,5.9,A,-100.0
10635,none,1,6.0,8.0,3.2,A,-16.9
10636,medium,1,9.0,7.0,9.5,A,-18.8
10637,low,1,13.0,18.0,1.7,C,-100.0
10638,medium,0,12.0,5.0,7.9,A,-100.0
10639,low,2,20.0,14.0,3.9,D,-100.0
10640,medium,3,4.0,10.0,4.2,A,-17.7
10641,none,2,15.0,18.0,9.1,A,-100.0
10642,medium,2,1.0,19.0,7.9,A,-8.0
10643,none,2,5.0,10.0,4.1,C,-17.2
10644,,2,18.0,10.0,9.9,A,-100.0
10645,high,1,28.0,6.0,9.1,A,-100.0
10646,high,3,2.0,3.0,4.6,A,-16.7
10647,medium,2,13.0,6.0,3.0,B,-100.0
10648,high,1,16.0,7.0,6.5,A,-100.0
10649,none,5,7.0,11.0,8.5,A,-100.0
10650,,1,11.0,25.0,9.1,A,-100.0
10651,low,3,24.0,9.0,4.3,A,-100.0
10652,low,1,4.0,3.0,5.2,A,-11.9
10653,low,4,6.0,23.0,8.6,C,-100.0
10654,low,2,6.0,18.0,7.9,A,-16.4
10655,low,0,5.0,4.0,5.9,A,-10.8
10656,high,4,1.0,9.0,8.8,B,-15.3
10657,medium,1,1.0,26.0,8.9,A,-4.9
10658,high,0,10.0,11.0,9.9,A,-100.0
10659,medium,2,5.0,5.0,4.5,A,-16.9
10660,high,1,5.0,17.0,9.0,C,-14.6
10661,,0,26.0,7.0,8.6,A,-100.0
10662,low,1,2.0,4.0,1.7,A,-10.1
10663,medium,0,4.0,2.0,3.6,A,-10.6
10664,high,2,2.0,9.0,5.7,B,-13.6
10665,medium,2,9.0,30.0,5.9,B,-100.0
10666,,1,5.0,50.0,2.0,C,-15.4
10667,medium,1,8.0,28.0,8.3,A,-17.5
10668,high,0,3.0,13.0,8.7,A,-8.8
10669,low,0,7.0,2.0,5.2,A,-14.7
10670,high,1,5.0,15.0,5.9,A,-16.2
10671,medium,1,20.0,23.0,1.2,A,-100.0
10672,low,2,9.0,6.0,5.0,C,-100.0
10673,none,2,5.0,14.0,1.2,A,-18.6
10674,none,0,21.0,7.0,2.6,A,-100.0
10675,none,1,38.0,18.0,8.4,A,-100.0
10676,medium,2,6.0,19.0,4.8,D,-18.3
10677,medium,2,2.0,45.0,3.8,B,-11.6
10678,low,2,5.0,14.0,3.1,A,-17.1
10679,none,2,8.0,8.0,4.6,A,-100.0
10680,low,1,6.0,11.0,8.5,A,-13.7
10681,high,2,25.0,1.0,7.8,A,-100.0
10682,high,2,10.0,10.0,1.0,A,-100.0
10683,low,0,17.0,50.0,9.7,C,-100.0
10684,low,1,7.0,3.0,8.1,B,-15.7
10685,low,2,11.0,5.0,5.2,C,-100.0
10686,high,0,2.0,16.0,8.3,A,-7.2
10687,none,1,12.0,17.0,4.2,A,-100.0
10688,high,1,23.0,5.0,8.9,A,-100.0
10689,low,2,6.0,1.0,,D,
10690,high,2,28.0,3.0,8.4,A,-100.0
10691,low,0,7.0,7.0,1.4,A,-16.5
10692,medium,0,2.0,22.0,8.6,B,-4.4
10693,medium,2,28.0,29.0,5.7,A,-100.0
10694,medium,4,17.0,10.0,2.3,C,-100.0
10695,medium,1,17.0,0.0,9.0,A,-100.0
10696,high,1,4.0,26.0,3.6,A,-15.5
10697,none,1,16.0,26.0,7.1,A,-100.0
10698,low,1,15.0,5.0,4.2,A,-100.0
10699,none,1,6.0,6.0,3.3,B,-16.9
10700,low,1,11.0,21.0,6.4,D,-100.0
10701,medium,2,8.0,9.0,7.2,A,-100.0
10702,medium,3,15.0,13.0,9.5,A,-100.0
10703,low,1,5.0,28.0,7.9,B,-12.0
10704,low,2,8.0,9.0,2.2,C,-100.0
10705,high,2,9.0,19.0,3.9,A,-100.0
10706,none,0,3.0,9.0,7.1,B,-7.2
10707,high,0,13.0,6.0,3.5,A,-100.0
10708,medium,1,12.0,1.0,4.5,C,-100.0
10709,medium,3,7.0,10.0,3.2,A,-100.0
10710,medium,1,7.0,0.0,3.3,C,-18.5
10711,low,2,15.0,9.0,6.7,A,-100.0
10712,medium,2,6.0,14.0,5.3,A,-18.1
10713,low,2,15.0,6.0,3.3,A,-100.0
10714,low,3,14.0,50.0,2.5,A,-100.0
10715,high,2,4.0,22.0,1.6,A,-19.0
10716,low,2,30.0,1.0,2.4,A,-100.0
10717,high,2,9.0,18.0,3.9,A,-100.0
10718,medium,5,19.0,16.0,2.4,A,-100.0
10719,high,0,2.0,12.0,5.9,A,-8.4
10720,low,1,5.0,25.0,3.0,C,-14.5
10721,medium,4,14.0,26.0,6.1,A,-100.0
10722,medium,2,23.0,14.0,3.7,A,-100.0
10723,medium,2,9.0,8.0,7.6,A,-100.0
10724,low,3,10.0,3.0,5.4,C,-100.0
10725,low,2,15.0,7.0,6.4,A,-100.0
10726,,2,9.0,0.0,8.8,B,-100.0
10727,low,0,9.0,11.0,5.7,B,-17.8
10728,high,2,5.0,4.0,6.0,B,-18.7
10729,medium,1,18.0,11.0,9.8,A,-100.0
10730,medium,1,2.0,8.0,9.0,C,-6.8
10731,high,3,9.0,8.0,9.8,B,-100.0
10732,low,1,12.0,0.0,3.9,C,-100.0
10733,high,0,10.0,17.0,1.1,A,-100.0
10734,high,1,4.0,5.0,8.7,C,-13.1
10735,,2,3.0,0.0,5.3,C,-13.2
10736,none,2,3.0,7.0,3.2,A,-14.2
10737,high,1,6.0,25.0,6.2,A,-17.7
10738,medium,0,6.0,2.0,5.0,A,-13.4
10739,none,0,2.0,21.0,8.3,A,-4.8
10740,low,1,14.0,24.0,9.1,A,-100.0
10741,low,3,8.0,3.0,3.8,A,-100.0
10742,high,1,6.0,5.0,7.3,A,-17.3
10743,low,0,11.0,2.0,4.2,A,-100.0
10744,low,3,15.0,20.0,9.2,A,-100.0
10745,medium,1,4.0,1.0,2.0,C,-13.9
10746,low,2,28.0,5.0,9.7,A,-100.0
10747,low,2,8.0,11.0,8.5,A,-19.7
10748,low,1,23.0,9.0,4.9,A,-100.0
10749,high,1,8.0,1.0,8.1,A,-100.0
10750,low,1,9.0,19.0,2.7,D,-100.0
10751,none,2,5.0,2.0,9.3,A,-14.7
10752,high,4,1.0,14.0,9.3,C,-15.0
10753,medium,4,10.0,3.0,1.3,A,-100.0
10754,high,0,5.0,14.0,7.1,A,-13.1
10755,low,1,15.0,20.0,8.8,A,-100.0
10756,low,0,8.0,41.0,9.8,C,-13.7
10757,medium,1,3.0,9.0,5.9,A,-10.1
10758,low,2,3.0,12.0,8.4,A,-10.9
10759,high,3,15.0,33.0,2.5,A,-100.0
10760,none,0,12.0,9.0,9.9,A,-100.0
10761,medium,0,15.0,35.0,8.2,A,-100.0
10762,high,1,11.0,15.0,3.3,C,-100.0
10763,high,1,20.0,7.0,3.0,C,-100.0
10764,medium,0,27.0,4.0,9.2,A,-100.0
10765,medium,2,19.0,0.0,9.7,A,-100.0
10766,low,1,26.0,2.0,2.2,A,-100.0
10767,high,0,1.0,5.0,9.1,A,-5.2
10768,medium,1,4.0,35.0,9.6,A,-9.8
10769,medium,2,4.0,18.0,3.1,C,-15.7
10770,medium,1,22.0,6.0,5.0,A,-100.0
10771,medium,0,7.0,25.0,6.1,A,-14.3
10772,low,3,15.0,12.0,5.7,B,-100.0
10773,medium,2,4.0,26.0,9.3,A,-12.5
10774,none,2,14.0,15.0,2.0,A,-100.0
10775,high,3,7.0,30.0,7.3,B,-100.0
10776,high,2,7.0,3.0,3.5,C,-100.0
10777,none,2,40.0,41.0,6.5,A,-100.0
10778,low,3,6.0,3.0,1.2,A,-100.0
10779,high,7,5.0,13.0,3.1,A,-100.0
10780,medium,2,12.0,11.0,9.2,B,-100.0
10781,low,2,20.0,7.0,1.7,A,-100.0
10782,medium,1,11.0,1.0,9.0,A,-100.0
10783,medium,1,13.0,3.0,1.3,C,-100.0
10784,high,5,9.0,22.0,2.2,A,-100.0
10785,low,1,5.0,46.0,7.2,A,-12.2
10786,medium,2,2.0,9.0,9.3,A,-9.2
10787,high,2,13.0,24.0,2.0,A,-100.0
10788,high,3,3.0,16.0,7.0,A,-17.1
10789,high,1,4.0,10.0,9.5,C,-12.7
10790,low,1,3.0,5.0,9.7,A,-7.9
10791,low,3,30.0,10.0,9.1,C,-100.0
10792,high,1,21.0,7.0,8.2,A,-100.0
10793,low,1,10.0,10.0,1.8,A,-100.0
10794,high,0,,6.0,1.9,C,
10795,high,2,12.0,7.0,10.0,A,-100.0
10796,high,3,26.0,11.0,4.2,B,-100.0
10797,none,1,4.0,8.0,2.9,C,-13.6
10798,none,1,5.0,11.0,4.6,A,-14.5
10799,high,4,17.0,7.0,7.1,B,-100.0
10800,medium,2,24.0,6.0,8.6,A,-100.0
10801,medium,0,3.0,9.0,1.4,A,-9.9
10802,medium,1,9.0,2.0,1.1,A,-100.0
10803,low,3,9.0,12.0,8.7,A,-100.0
10804,medium,1,5.0,7.0,4.2,A,-14.5
10805,none,1,5.0,1.0,1.4,C,-16.2
10806,low,0,13.0,2.0,3.6,C,-100.0
10807,high,2,5.0,9.0,2.4,A,-100.0
10808,medium,1,9.0,3.0,7.0,A,-100.0
10809,high,1,14.0,17.0,9.6,B,-100.0
10810,high,2,33.0,10.0,4.4,A,-100.0
10811,medium,0,,14.0,8.9,C,
10812,medium,3,3.0,15.0,1.9,A,-17.0
10813,low,2,35.0,6.0,9.9,D,-100.0
10814,medium,2,7.0,4.0,6.1,A,-19.6
10815,medium,4,12.0,2.0,4.5,A,-100.0
10816,medium,2,3.0,27.0,4.1,A,-13.3
10817,high,1,10.0,9.0,9.9,B,-100.0
10818,medium,0,4.0,1.0,9.7,D,-7.5
10819,high,4,7.0,3.0,1.8,A,-100.0
10820,low,2,2.0,15.0,9.5,A,-8.6
10821,low,1,6.0,14.0,1.0,A,-17.4
10822,high,0,12.0,4.0,1.6,A,-100.0
10823,high,1,11.0,14.0,4.6,C,-100.0
10824,low,1,10.0,6.0,6.0,C,-100.0
10825,medium,0,5.0,13.0,9.0,C,-9.5
10826,high,0,2.0,1.0,9.0,C,-7.0
10827,low,0,13.0,17.0,1.5,A,-100.0
10828,high,0,10.0,0.0,3.6,A,-100.0
10829,high,0,3.0,0.0,8.3,D,-9.1
10830,high,3,5.0,47.0,2.3,A,-100.0
10831,none,3,2.0,7.0,3.0,A,-15.0
10832,low,2,4.0,6.0,5.0,B,-14.5
10833,high,0,3.0,18.0,5.6,A,-10.3
10834,medium,3,4.0,2.0,9.2,B,-15.3
10835,medium,2,3.0,2.0,2.4,B,-14.4
10836,high,2,18.0,13.0,3.5,B,-100.0
10837,high,1,19.0,18.0,9.2,C,-100.0
10838,high,1,7.0,22.0,1.9,A,-100.0
10839,none,1,15.0,9.0,7.1,A,-100.0
10840,medium,0,6.0,6.0,3.9,A,-13.9
10841,low,0,6.0,4.0,1.1,A,-14.9
10842,low,3,7.0,9.0,2.1,A,-100.0
10843,none,1,6.0,17.0,6.0,A,-15.5
10844,high,1,17.0,38.0,9.6,A,-100.0
10845,high,1,18.0,50.0,3.8,A,-100.0
10846,low,0,10.0,3.0,6.2,A,-19.4
10847,medium,4,23.0,24.0,9.7,A,-100.0
10848,low,2,15.0,17.0,5.0,B,-100.0
10849,,3,11.0,6.0,9.5,C,-100.0
10850,medium,3,4.0,25.0,1.2,A,-19.1
10851,medium,1,15.0,37.0,4.9,A,-100.0
10852,medium,0,5.0,45.0,9.6,A,-8.9
10853,low,4,10.0,22.0,1.6,C,-100.0
10854,high,2,14.0,9.0,8.4,A,-100.0
10855,medium,1,4.0,3.0,4.1,A,-12.8
10856,medium,1,23.0,6.0,9.7,C,-100.0
10857,medium,0,5.0,2.0,5.8,A,-11.2
10858,high,1,10.0,47.0,9.9,A,-100.0
10859,low,0,3.0,3.0,8.1,B,-6.2
10860,low,0,7.0,17.0,6.1,A,-14.1
10861,low,0,12.0,3.0,6.8,A,-100.0
10862,medium,2,8.0,43.0,9.1,A,-19.4
10863,none,1,1.0,7.0,4.6,C,-7.5
10864,low,2,5.0,14.0,7.4,C,-14.9
10865,none,3,11.0,24.0,9.5,A,-100.0
10866,high,1,5.0,18.0,9.6,A,-14.3
10867,high,2,12.0,30.0,8.9,A,-100.0
10868,high,2,12.0,7.0,6.6,A,-100.0
10869,low,1,24.0,7.0,8.4,B,-100.0
10870,medium,2,10.0,4.0,9.3,A,-100.0
10871,medium,2,7.0,6.0,5.3,C,-19.9
10872,high,1,4.0,15.0,4.9,A,-14.9
10873,high,2,12.0,1.0,8.9,A,-100.0
10874,medium,2,6.0,2.0,2.5,B,-19.6
10875,medium,2,34.0,5.0,4.1,A,-100.0
10876,none,2,12.0,12.0,1.5,A,-100.0
10877,low,2,5.0,3.0,9.5,A,-14.0
10878,high,3,5.0,24.0,7.0,A,-100.0
10879,medium,1,8.0,6.0,8.9,C,-17.4
10880,medium,0,1.0,10.0,4.4,C,-4.8
10881,medium,2,2.0,4.0,,D,
10882,medium,1,9.0,6.0,3.3,A,-100.0
10883,medium,1,4.0,2.0,4.9,B,-12.4
10884,high,1,2.0,25.0,2.8,A,-12.4
10885,medium,2,23.0,16.0,8.7,C,-100.0
10886,none,1,7.0,2.0,2.2,A,-19.3
10887,low,2,7.0,3.0,5.1,A,-19.7
10888,high,2,4.0,15.0,3.3,B,-18.2
10889,none,2,12.0,21.0,1.4,B,-100.0
10890,medium,0,33.0,6.0,3.7,A,-100.0
10891,medium,1,15.0,12.0,4.1,C,-100.0
10892,low,1,12.0,6.0,8.4,A,-100.0
10893,high,0,8.0,50.0,9.3,A,-16.9
10894,none,0,,7.0,4.4,C,
10895,low,3,3.0,0.0,9.0,A,-13.3
10896,medium,2,5.0,4.0,7.9,B,-15.2
10897,high,0,7.0,38.0,2.2,A,-18.8
10898,,2,6.0,5.0,8.5,A,-16.8
10899,medium,0,13.0,5.0,8.2,A,-100.0
10900,,2,15.0,23.0,4.7,A,-100.0
10901,low,4,10.0,0.0,9.5,A,-100.0
10902,low,2,6.0,2.0,2.4,A,-19.3
10903,low,0,18.0,22.0,4.1,A,-100.0
10904,low,0,3.0,28.0,9.5,C,-5.2
10905,medium,2,7.0,12.0,2.7,B,-100.0
10906,medium,1,27.0,1.0,9.6,A,-100.0
10907,high,2,6.0,34.0,8.3,C,-19.0
10908,high,2,18.0,1.0,2.7,D,-100.0
10909,medium,1,11.0,9.0,4.9,A,-100.0
10910,high,1,3.0,50.0,3.8,A,-13.4
10911,,3,6.0,50.0,1.7,A,-100.0
10912,medium,3,2.0,9.0,6.8,A,-12.9
10913,,1,9.0,3.0,1.9,B,-100.0
10914,high,1,11.0,13.0,4.9,B,-100.0
10915,low,2,16.0,4.0,2.8,A,-100.0
10916,low,2,14.0,7.0,8.4,A,-100.0
10917,medium,4,7.0,1.0,7.9,C,-100.0
10918,high,3,7.0,16.0,4.5,B,-100.0
10919,low,0,15.0,14.0,5.0,C,-100.0
10920,none,1,3.0,13.0,6.0,A,-10.3
10921,medium,3,18.0,3.0,4.5,A,-100.0
10922,medium,1,7.0,25.0,8.8,C,-15.5
10923,high,2,7.0,17.0,7.0,A,-100.0
10924,low,0,3.0,15.0,8.1,A,-6.1
10925,low,3,5.0,2.0,7.0,A,-17.8
10926,none,0,8.0,5.0,1.7,C,-18.7
10927,high,1,16.0,1.0,2.7,A,-100.0
10928,high,1,13.0,21.0,4.7,B,-100.0
10929,low,0,14.0,5.0,8.6,A,-100.0
10930,high,1,22.0,21.0,1.2,A,-100.0
10931,high,4,3.0,1.0,6.8,A,-19.9
10932,high,1,12.0,9.0,5.7,A,-100.0
10933,high,0,11.0,16.0,9.8,A,-100.0
10934,medium,3,19.0,2.0,5.5,A,-100.0
10935,medium,4,33.0,27.0,8.7,A,-100.0
10936,none,1,11.0,15.0,3.4,B,-100.0
10937,low,2,10.0,6.0,2.3,A,-100.0
10938,low,2,10.0,4.0,5.1,C,-100.0
10939,none,0,3.0,8.0,4.7,C,-8.4
10940,medium,2,19.0,9.0,1.8,C,-100.0
10941,high,2,2.0,27.0,8.7,A,-11.9
10942,low,3,4.0,18.0,5.5,A,-16.6
10943,high,1,1.0,9.0,2.3,C,-11.0
10944,medium,0,14.0,3.0,2.2,C,-100.0
10945,low,3,12.0,13.0,8.4,D,-100.0
10946,low,1,13.0,20.0,7.6,A,-100.0
10947,high,1,8.0,10.0,4.2,A,-100.0
10948,medium,1,33.0,18.0,2.5,A,-100.0
10949,low,3,13.0,41.0,3.8,A,-100.0
10950,none,1,23.0,9.0,2.0,A,-100.0
10951,low,1,15.0,8.0,9.3,A,-100.0
10952,low,2,29.0,4.0,10.0,C,-100.0
10953,medium,4,9.0,50.0,9.6,A,-100.0
10954,none,1,22.0,13.0,3.2,C,-100.0
10955,low,5,3.0,6.0,9.0,A,-18.2
10956,none,1,7.0,48.0,5.8,D,-17.0
10957,medium,0,12.0,3.0,8.1,C,-100.0
10958,high,1,5.0,1.0,3.5,B,-17.5
10959,medium,0,16.0,0.0,9.3,A,-100.0
10960,none,3,10.0,3.0,9.9,B,-100.0
10961,none,2,10.0,3.0,2.3,A,-100.0
10962,medium,1,1.0,11.0,9.5,B,-4.8
10963,medium,2,22.0,21.0,8.6,C,-100.0
10964,low,1,5.0,7.0,9.0,A,-11.7
10965,low,0,19.0,23.0,8.6,B,-100.0
10966,low,2,20.0,2.0,5.0,B,-100.0
10967,low,3,9.0,26.0,7.8,A,-100.0
10968,medium,3,3.0,1.0,5.0,A,-15.6
10969,low,0,5.0,1.0,3.4,A,-12.1
10970,medium,1,3.0,2.0,9.9,B,-8.2
10971,none,4,8.0,9.0,7.6,A,-100.0
10972,high,3,24.0,10.0,3.2,A,-100.0
10973,high,0,17.0,3.0,3.2,A,-100.0
10974,medium,3,15.0,2.0,7.3,B,-100.0
10975,medium,1,9.0,12.0,6.1,C,-100.0
10976,high,0,2.0,13.0,7.2,C,-7.8
10977,high,2,13.0,0.0,8.8,C,-100.0
10978,low,2,10.0,50.0,9.0,B,-100.0
10979,high,2,9.0,40.0,2.0,A,-100.0
10980,high,0,4.0,2.0,4.5,A,-12.8
10981,high,2,3.0,17.0,1.4,A,-17.4
10982,medium,2,2.0,27.0,8.7,A,-9.3
10983,high,1,33.0,10.0,6.2,A,-100.0
10984,low,0,8.0,11.0,8.3,A,-14.8
10985,high,3,8.0,17.0,2.5,A,-100.0
10986,low,1,7.0,12.0,9.8,C,-14.8
10987,high,5,23.0,15.0,8.2,A,-100.0
10988,high,2,10.0,12.0,1.2,A,-100.0
10989,medium,0,5.0,50.0,5.2,A,-11.0
10990,low,1,2.0,9.0,3.4,B,-9.2
10991,low,2,24.0,14.0,7.4,A,-100.0
10992,medium,1,4.0,16.0,7.1,A,-11.2
10993,low,1,7.0,6.0,3.0,A,-18.2
10994,low,2,24.0,30.0,5.6,A,-100.0
10995,low,3,1.0,12.0,3.2,D,-12.6
10996,high,1,8.0,20.0,8.9,A,-19.9
10997,high,2,12.0,0.0,6.7,B,-100.0
10998,medium,1,5.0,4.0,9.9,A,-11.7
10999,low,0,3.0,23.0,9.6,A,-5.2
11000,low,0,11.0,19.0,3.1,A,-100.0
11001,high,0,24.0,7.0,8.1,A,-100.0
11002,high,2,7.0,3.0,8.1,C,-100.0
11003,high,2,7.0,12.0,8.3,A,-100.0
11004,high,0,9.0,17.0,7.5,A,-19.9
11005,none,1,4.0,1.0,6.0,C,-12.1
11006,none,3,5.0,7.0,9.2,A,-17.2
11007,high,1,5.0,9.0,2.2,C,-18.1
11008,medium,1,7.0,1.0,4.1,A,-18.1
11009,medium,1,6.0,6.0,2.0,A,-17.3
11010,high,2,7.0,35.0,4.3,C,-100.0
11011,low,0,8.0,4.0,3.9,C,-17.0
11012,medium,2,2.0,10.0,9.0,A,-9.3
11013,high,2,11.0,9.0,4.6,A,-100.0
11014,high,0,12.0,50.0,7.9,A,-100.0
11015,high,2,2.0,19.0,1.5,C,-15.6
11016,low,2,7.0,6.0,1.0,A,-100.0
11017,high,3,25.0,2.0,8.8,D,-100.0
11018,medium,3,5.0,2.0,1.7,C,-100.0
11019,high,1,13.0,4.0,1.2,A,-100.0
11020,medium,0,40.0,1.0,3.6,A,-100.0
11021,high,0,2.0,4.0,9.9,A,-6.5
11022,low,1,16.0,16.0,3.6,A,-100.0
11023,high,0,2.0,1.0,8.9,A,-7.1
11024,medium,0,8.0,33.0,9.7,B,-14.2
11025,medium,2,4.0,5.0,9.8,A,-12.5
11026,none,2,10.0,6.0,7.0,C,-100.0
11027,none,4,9.0,34.0,8.8,C,-100.0
11028,high,3,23.0,0.0,2.1,A,-100.0
11029,low,1,,15.0,4.9,C,
11030,low,2,16.0,2.0,9.8,A,-100.0
11031,high,2,5.0,16.0,8.4,A,-17.4
11032,medium,2,2.0,10.0,10.0,A,-8.8
11033,medium,0,6.0,3.0,4.4,A,-13.7
11034,low,0,3.0,1.0,8.4,A,-6.1
11035,medium,2,6.0,32.0,5.1,C,-18.0
11036,medium,0,2.0,26.0,10.0,A,-3.6
11037,none,0,12.0,28.0,7.8,A,-100.0
11038,none,3,7.0,1.0,3.7,A,-100.0
11039,low,2,12.0,2.0,8.9,C,-100.0
11040,none,4,2.0,43.0,7.7,A,-14.8
11041,medium,2,10.0,25.0,6.2,A,-100.0
11042,medium,1,7.0,9.0,4.2,A,-18.0
11043,none,0,11.0,4.0,8.2,A,-100.0
11044,high,0,1.0,50.0,9.1,B,-4.7
11045,medium,1,6.0,17.0,2.1,A,-17.2
11046,none,1,13.0,20.0,6.0,A,-100.0
11047,none,3,25.0,2.0,5.1,A,-100.0
11048,medium,2,13.0,10.0,3.0,A,-100.0
11049,low,0,2.0,6.0,6.2,A,-5.4
11050,none,3,4.0,6.0,3.1,A,-18.5
11051,none,0,9.0,2.0,3.3,A,-19.7
11052,none,0,8.0,26.0,3.5,A,-17.6
11053,medium,0,12.0,17.0,8.1,A,-100.0
11054,none,0,12.0,0.0,5.2,A,-100.0
11055,low,1,5.0,13.0,6.5,A,-12.9
11056,low,0,13.0,10.0,9.9,A,-100.0
11057,high,2,4.0,6.0,8.2,A,-15.9
11058,medium,1,16.0,9.0,5.1,A,-100.0
11059,none,0,3.0,3.0,8.1,C,-6.8
11060,high,1,23.0,10.0,9.8,A,-100.0
11061,low,4,12.0,1.0,9.9,A,-100.0
11062,high,2,10.0,25.0,2.9,A,-100.0
11063,high,0,6.0,27.0,4.0,A,-16.3
11064,low,5,23.0,16.0,7.1,A,-100.0
11065,high,2,10.0,4.0,4.8,B,-100.0
11066,low,2,7.0,13.0,8.3,C,-18.0
11067,none,1,3.0,5.0,7.7,D,-9.5
11068,high,2,14.0,4.0,1.0,A,-100.0
11069,high,2,9.0,10.0,1.0,A,-100.0
11070,low,1,24.0,6.0,3.2,C,-100.0
11071,medium,3,,2.0,3.5,C,
11072,medium,1,6.0,2.0,9.4,A,-13.7
11073,high,3,13.0,3.0,8.8,A,-100.0
11074,low,2,9.0,10.0,7.7,B,-100.0
11075,medium,3,19.0,3.0,6.0,B,-100.0
11076,high,0,7.0,2.0,3.8,A,-18.4
11077,high,2,17.0,12.0,9.3,C,-100.0
11078,low,2,3.0,9.0,3.1,A,-13.6
11079,low,2,40.0,1.0,9.5,A,-100.0
11080,medium,0,1.0,0.0,3.2,B,-5.5
11081,none,4,14.0,7.0,9.9,C,-100.0
11082,medium,1,8.0,6.0,6.8,B,-18.4
11083,medium,0,4.0,16.0,5.2,A,-9.6
11084,high,1,12.0,2.0,3.3,A,-100.0
11085,medium,2,9.0,32.0,9.1,A,-100.0
11086,low,1,13.0,30.0,7.8,C,-100.0
11087,medium,2,14.0,36.0,9.4,C,-100.0
11088,low,3,5.0,3.0,6.6,A,-17.9
11089,medium,1,6.0,10.0,1.0,A,-17.8
11090,none,1,17.0,11.0,9.4,A,-100.0
11091,high,0,3.0,17.0,1.1,A,-12.6
11092,medium,2,,7.0,9.0,C,
11093,low,2,13.0,5.0,8.5,A,-100.0
11094,none,2,11.0,25.0,5.3,A,-100.0
11095,low,3,16.0,2.0,6.1,A,-100.0
11096,high,0,5.0,32.0,9.3,A,-11.8
11097,medium,4,4.0,4.0,6.0,B,-19.4
11098,low,3,4.0,9.0,8.9,A,-15.0
11099,none,2,17.0,50.0,4.9,C,-100.0
11100,high,1,12.0,11.0,4.5,C,-100.0
11101,medium,2,12.0,6.0,9.0,B,-100.0
11102,low,2,,4.0,1.1,C,
11103,high,2,,16.0,9.0,C,
11104,low,0,19.0,1.0,9.8,B,-100.0
11105,,1,5.0,9.0,7.5,B,-13.0
11106,medium,2,11.0,7.0,9.8,A,-100.0
11107,none,1,22.0,2.0,2.6,B,-100.0
11108,low,3,5.0,4.0,3.0,A,-19.7
11109,low,2,3.0,19.0,9.7,A,-10.2
11110,low,0,3.0,39.0,1.0,A,-9.4
11111,high,0,12.0,34.0,7.6,A,-100.0
11112,high,1,1.0,7.0,1.0,A,-11.7
11113,high,1,13.0,3.0,9.5,A,-100.0
11114,low,2,6.0,21.0,7.8,A,-16.4
11115,low,1,15.0,0.0,8.9,A,-100.0
11116,medium,1,12.0,0.0,5.0,A,
11117,high,3,9.0,2.0,7.6,A,-100.0
11118,high,2,11.0,10.0,2.5,D,-100.0
11119,low,1,24.0,13.0,8.7,C,-100.0
11120,high,2,8.0,23.0,3.2,A,-100.0
11121,low,3,6.0,6.0,5.2,A,-100.0
11122,high,1,8.0,4.0,8.2,A,-100.0
11123,none,2,8.0,8.0,8.5,A,-100.0
11124,none,4,11.0,10.0,2.8,A,-100.0
11125,high,2,8.0,1.0,9.6,A,-100.0
11126,high,2,11.0,13.0,2.1,B,-100.0
11127,low,1,6.0,1.0,9.9,A,-13.1
11128,high,2,18.0,17.0,1.7,A,-100.0
11129,high,2,25.0,1.0,9.0,C,-100.0
11130,medium,3,5.0,17.0,9.6,A,-16.7
11131,none,2,26.0,0.0,5.2,D,-100.0
11132,none,2,19.0,0.0,9.5,A,-100.0
11133,low,2,13.0,14.0,9.2,A,-100.0
11134,high,1,4.0,5.0,8.1,B,-13.4
11135,high,1,6.0,17.0,3.5,A,-19.1
11136,low,4,5.0,11.0,9.7,C,-18.8
11137,,1,15.0,4.0,2.2,A,-100.0
11138,high,2,7.0,9.0,8.2,A,-100.0
11139,high,1,12.0,19.0,8.4,C,-100.0
11140,high,0,7.0,25.0,8.4,A,-15.8
11141,high,5,8.0,8.0,8.1,C,-100.0
11142,low,2,4.0,16.0,9.1,A,-12.3
11143,high,5,9.0,1.0,2.7,A,-100.0
11144,low,5,10.0,29.0,6.7,A,-100.0
11145,low,6,17.0,17.0,1.0,A,-100.0
11146,low,0,11.0,2.0,9.6,A,-19.5
11147,medium,0,7.0,7.0,3.9,A,-15.6
11148,none,4,23.0,13.0,3.6,C,-100.0
11149,low,2,4.0,17.0,1.5,A,-16.1
11150,medium,3,12.0,4.0,8.1,C,-100.0
11151,low,3,17.0,8.0,3.8,A,-100.0
11152,none,3,6.0,6.0,6.2,B,-100.0
11153,low,1,14.0,1.0,2.6,A,-100.0
11154,high,0,5.0,3.0,3.1,A,-15.2
11155,high,0,9.0,5.0,6.8,A,-100.0
11156,high,2,8.0,5.0,8.8,A,-100.0
11157,low,1,20.0,13.0,4.6,A,-100.0
11158,medium,2,3.0,28.0,9.8,A,-10.5
11159,high,0,14.0,18.0,1.6,B,-100.0
11160,high,2,8.0,11.0,1.1,A,-100.0
11161,low,2,3.0,11.0,5.7,D,-12.3
11162,low,1,7.0,20.0,9.7,A,-14.7
11163,none,1,9.0,23.0,3.6,A,-100.0
11164,high,0,13.0,1.0,5.9,D,-100.0
11165,low,1,6.0,0.0,7.8,C,-14.1
11166,high,2,8.0,7.0,9.7,A,-100.0
11167,high,1,9.0,2.0,2.9,A,-100.0
11168,low,3,9.0,1.0,8.4,C,-100.0
11169,medium,0,1.0,6.0,8.4,A,-2.9
11170,low,0,7.0,16.0,9.9,C,-12.2
11171,low,1,25.0,13.0,3.5,A,-100.0
11172,medium,2,6.0,4.0,1.3,A,-100.0
11173,low,2,6.0,4.0,8.7,A,-16.1
11174,high,1,8.0,50.0,7.9,C,-100.0
11175,high,5,14.0,3.0,9.0,A,-100.0
11176,none,3,13.0,9.0,9.4,A,-100.0
11177,medium,2,14.0,3.0,9.6,A,-100.0
11178,medium,1,1.0,14.0,8.2,B,-5.4
11179,high,1,5.0,6.0,10.0,A,-14.2
11180,high,0,12.0,47.0,8.3,A,-100.0
11181,low,0,8.0,30.0,2.6,A,-17.4
11182,none,3,17.0,30.0,1.4,B,-100.0
11183,low,2,8.0,30.0,9.0,B,-19.2
11184,high,1,19.0,45.0,6.7,B,-100.0
11185,none,0,8.0,5.0,5.1,A,-17.0
11186,none,0,16.0,14.0,8.8,B,-100.0
11187,none,1,8.0,2.0,7.9,A,-18.1
11188,high,1,4.0,47.0,6.6,C,-13.7
11189,high,2,5.0,21.0,4.8,A,-19.2
11190,low,1,8.0,14.0,9.6,C,-16.6
11191,low,1,5.0,25.0,2.6,A,-14.7
11192,high,1,11.0,16.0,6.6,A,-100.0
11193,high,2,4.0,7.0,1.6,B,-19.2
11194,high,1,10.0,5.0,7.7,A,-100.0
11195,low,4,14.0,15.0,9.8,A,-100.0
11196,none,2,3.0,12.0,8.4,A,-11.6
11197,low,1,15.0,1.0,5.9,A,-100.0
11198,high,2,5.0,8.0,8.3,C,-17.5
11199,low,1,3.0,3.0,2.4,A,-11.5
11200,low,2,4.0,32.0,9.5,A,-12.0
11201,medium,0,2.0,35.0,3.2,C,-7.0
11202,none,0,9.0,1.0,9.7,A,-16.5
11203,high,0,9.0,6.0,9.6,A,-18.9
11204,low,1,9.0,0.0,9.0,A,-18.8
11205,low,2,7.0,1.0,8.2,A,-18.2
11206,none,2,2.0,15.0,6.5,A,-10.7
11207,high,0,4.0,15.0,3.4,A,-13.2
11208,low,1,5.0,20.0,9.9,A,-11.1
11209,low,3,11.0,7.0,1.8,B,-100.0
11210,high,1,14.0,19.0,8.2,B,-100.0
11211,high,2,7.0,5.0,4.1,A,-100.0
11212,none,4,6.0,6.0,9.6,A,-100.0
11213,none,0,17.0,45.0,3.5,A,-100.0
11214,low,3,12.0,10.0,7.6,A,-100.0
11215,low,1,3.0,10.0,8.2,C,-8.6
11216,high,0,23.0,13.0,6.7,A,-100.0
11217,none,2,5.0,3.0,2.0,A,-18.3
11218,none,4,0.0,24.0,3.7,A,-13.5
11219,medium,2,9.0,17.0,9.7,A,-100.0
11220,high,1,7.0,20.0,2.6,C,-100.0
11221,high,1,9.0,3.0,3.1,A,-100.0
11222,high,3,2.0,1.0,2.6,C,-17.7
11223,high,3,4.0,4.0,6.6,A,-19.2
11224,medium,4,10.0,12.0,7.0,A,-100.0
11225,high,1,8.0,11.0,2.4,A,-100.0
11226,high,1,5.0,12.0,6.1,C,-16.1
11227,high,1,1.0,2.0,8.8,C,-7.9
11228,medium,1,7.0,8.0,4.6,C,-17.8
11229,none,0,13.0,4.0,2.0,A,-100.0
11230,low,2,7.0,15.0,4.9,A,-19.7
11231,low,2,24.0,6.0,9.9,A,-100.0
11232,medium,1,11.0,4.0,9.3,A,-100.0
11233,high,1,23.0,3.0,5.9,A,-100.0
11234,medium,0,19.0,31.0,4.9,A,-100.0
11235,medium,0,1.0,7.0,2.6,B,-5.8
11236,low,1,25.0,9.0,7.5,C,-100.0
11237,high,1,4.0,2.0,10.0,A,-12.5
11238,none,2,14.0,21.0,6.4,B,-100.0
11239,high,1,34.0,2.0,5.8,A,-100.0
11240,medium,0,14.0,6.0,9.0,D,-100.0
11241,medium,2,15.0,4.0,3.4,C,-100.0
11242,,2,10.0,2.0,3.0,C,-100.0
11243,,0,29.0,16.0,9.3,A,-100.0
11244,low,2,15.0,2.0,7.8,A,-100.0
11245,high,0,12.0,3.0,8.8,A,-100.0
11246,low,0,8.0,1.0,9.6,A,-14.2
11247,low,2,2.0,30.0,6.4,A,-10.0
11248,low,1,9.0,1.0,3.0,A,-100.0
11249,high,1,5.0,11.0,3.3,C,-17.5
11250,low,2,12.0,6.0,2.4,A,-100.0
11251,high,1,7.0,14.0,4.9,D,-100.0
11252,low,0,9.0,5.0,8.0,A,-16.7
11253,low,2,7.0,2.0,9.1,A,-17.7
11254,none,0,6.0,36.0,8.0,C,-11.8
11255,none,3,9.0,3.0,1.1,B,-100.0
11256,medium,1,5.0,10.0,1.1,A,-16.0
11257,medium,0,17.0,5.0,5.2,A,-100.0
11258,high,1,14.0,15.0,3.2,A,-100.0
11259,high,0,10.0,15.0,2.7,B,-100.0
11260,none,0,6.0,0.0,4.0,C,-14.1
11261,high,2,9.0,8.0,1.0,A,-100.0
11262,high,2,3.0,4.0,6.6,A,-14.9
11263,medium,3,11.0,17.0,9.2,A,-100.0
11264,high,1,2.0,20.0,2.5,B,-12.6
11265,medium,2,37.0,15.0,9.6,A,-100.0
11266,medium,2,9.0,39.0,2.1,C,-100.0
11267,medium,5,11.0,1.0,9.7,D,-100.0
11268,high,1,16.0,10.0,4.1,A,-100.0
11269,high,3,3.0,4.0,8.1,C,-16.7
11270,high,4,9.0,25.0,6.1,A,
11271,high,1,3.0,26.0,8.8,A,-11.1
11272,high,0,7.0,0.0,9.0,A,-15.8
11273,medium,1,6.0,16.0,1.8,A,-17.3
11274,low,2,2.0,1.0,4.1,A,-11.5
11275,none,2,9.0,0.0,8.6,A,-100.0
11276,low,1,8.0,3.0,7.4,A,-17.8
11277,medium,2,18.0,3.0,8.4,C,-100.0
11278,medium,2,13.0,15.0,6.4,A,-100.0
11279,medium,0,12.0,42.0,9.7,C,-100.0
11280,high,1,8.0,5.0,4.1,C,-100.0
11281,none,3,2.0,13.0,2.2,A,-15.4
11282,high,1,9.0,17.0,8.6,A,-100.0
11283,medium,0,8.0,17.0,1.6,A,-18.4
11284,high,0,3.0,4.0,1.5,A,-12.5
11285,low,1,15.0,18.0,1.7,A,-100.0
11286,none,3,11.0,48.0,8.7,A,-100.0
11287,high,0,16.0,27.0,9.0,C,-100.0
11288,high,1,18.0,2.0,9.2,A,-100.0
11289,medium,0,16.0,1.0,8.9,B,-100.0
11290,none,2,7.0,2.0,5.6,A,-100.0
11291,low,0,6.0,0.0,2.1,B,-14.5
11292,medium,0,14.0,6.0,2.6,A,-100.0
11293,none,1,14.0,7.0,9.3,A,-100.0
11294,high,1,5.0,4.0,3.8,B,-17.3
11295,none,1,9.0,20.0,7.9,B,-19.7
11296,none,1,25.0,10.0,8.7,A,-100.0
11297,none,0,2.0,12.0,9.6,C,-4.2
11298,medium,1,4.0,21.0,8.4,A,-10.5
11299,medium,1,14.0,7.0,7.5,A,-100.0
11300,high,0,16.0,5.0,8.6,A,-100.0
11301,none,2,1.0,16.0,5.6,A,-9.4
11302,low,1,1.0,18.0,7.3,A,-5.4
11303,high,2,2.0,14.0,9.1,A,-11.8
11304,,0,4.0,15.0,9.4,B,-7.8
11305,high,4,6.0,3.0,9.2,A,-100.0
11306,none,2,2.0,6.0,8.1,A,-10.0
11307,none,3,1.0,1.0,4.5,C,-12.6
11308,none,0,9.0,22.0,8.2,A,-17.1
11309,high,0,6.0,28.0,4.5,A,-16.0
11310,none,2,4.0,25.0,9.7,A,-12.5
11311,high,2,5.0,34.0,1.3,A,-100.0
11312,medium,2,6.0,9.0,8.4,A,-16.6
11313,medium,0,5.0,13.0,1.2,A,-13.4
11314,high,1,19.0,11.0,2.4,B,-100.0
11315,low,3,13.0,0.0,3.9,A,-100.0
11316,none,1,16.0,16.0,9.8,A,-100.0
11317,high,3,2.0,0.0,4.8,D,-16.6
11318,high,1,7.0,3.0,7.2,B,-19.1
11319,none,2,10.0,8.0,1.8,A,-100.0
11320,high,0,4.0,15.0,2.4,C,-13.7
11321,high,1,6.0,4.0,2.1,A,-19.9
11322,medium,0,3.0,37.0,1.4,B,-9.6
11323,high,3,15.0,19.0,4.3,A,-100.0
11324,high,1,7.0,32.0,4.4,A,-100.0
11325,low,2,5.0,5.0,1.6,C,-17.9
11326,medium,2,12.0,6.0,5.9,C,-100.0
11327,high,1,8.0,25.0,9.9,B,-19.3
11328,high,3,17.0,14.0,9.9,A,-100.0
11329,high,1,9.0,10.0,9.5,A,-100.0
11330,medium,3,5.0,12.0,2.1,A,-100.0
11331,low,2,7.0,8.0,4.7,A,-19.8
11332,none,2,10.0,18.0,8.3,A,-100.0
11333,high,0,40.0,2.0,1.9,A,-100.0
11334,medium,1,13.0,1.0,8.3,A,-100.0
11335,low,0,10.0,5.0,8.5,B,-18.2
11336,high,1,20.0,32.0,6.7,C,-100.0
11337,high,1,9.0,13.0,9.2,A,-100.0
11338,medium,1,7.0,0.0,8.8,A,-15.7
11339,low,1,5.0,3.0,3.0,C,-14.7
11340,low,1,7.0,8.0,7.7,A,-15.8
11341,medium,1,17.0,3.0,3.1,B,-100.0
11342,high,1,9.0,5.0,2.9,D,-100.0
11343,low,2,29.0,26.0,7.4,D,-100.0
11344,low,5,13.0,12.0,5.5,A,-100.0
11345,none,3,14.0,39.0,8.5,C,-100.0
11346,low,1,15.0,11.0,9.2,D,-100.0
11347,low,4,31.0,30.0,5.2,B,-100.0
11348,medium,4,4.0,1.0,6.4,C,-19.2
11349,high,4,3.0,19.0,9.3,A,-18.4
11350,high,1,15.0,18.0,9.3,A,-100.0
11351,medium,0,11.0,4.0,6.2,C,-100.0
11352,none,1,5.0,6.0,5.3,A,-14.2
11353,high,0,17.0,21.0,2.5,A,-100.0
11354,none,3,5.0,16.0,7.8,A,-17.8
11355,high,2,8.0,7.0,9.9,D,-100.0
11356,low,2,5.0,13.0,2.8,A,-17.2
11357,low,2,10.0,1.0,9.3,A,-100.0
11358,medium,0,9.0,9.0,6.9,B,-17.6
11359,none,2,4.0,3.0,9.6,B,-12.8
11360,medium,1,7.0,2.0,1.2,A,-19.5
11361,low,2,7.0,10.0,2.0,A,-100.0
11362,low,3,11.0,8.0,1.2,A,-100.0
11363,medium,3,16.0,9.0,6.5,B,-100.0
11364,none,1,5.0,10.0,1.8,A,-15.9
11365,low,0,6.0,50.0,4.9,A,-12.6
11366,none,3,10.0,1.0,1.0,A,-100.0
11367,medium,1,20.0,11.0,3.4,A,-100.0
11368,,2,11.0,2.0,2.9,A,-100.0
11369,low,5,6.0,4.0,6.4,A,-100.0
11370,low,2,13.0,22.0,8.9,B,-100.0
11371,high,2,2.0,35.0,7.7,A,-12.3
11372,high,2,,22.0,8.2,C,
11373,high,1,5.0,5.0,4.8,A,-16.8
11374,medium,4,6.0,5.0,5.8,A,-100.0
11375,high,2,6.0,1.0,9.3,A,-18.9
11376,high,2,11.0,12.0,8.7,C,-100.0
11377,medium,2,6.0,50.0,9.3,A,-15.7
11378,low,1,5.0,8.0,9.4,B,-11.5
11379,medium,0,4.0,18.0,7.7,C,-8.4
11380,high,0,0.0,39.0,8.4,B,-3.4
11381,medium,2,8.0,26.0,8.1,A,-100.0
11382,high,0,4.0,1.0,3.0,C,-13.5
11383,medium,0,3.0,5.0,4.1,C,-8.6
11384,high,1,6.0,9.0,7.9,A,-17.0
11385,high,2,19.0,8.0,9.0,A,-100.0
11386,low,2,18.0,2.0,1.6,A,-100.0
11387,none,2,12.0,28.0,2.8,B,-100.0
11388,high,0,20.0,8.0,4.8,A,-100.0
11389,medium,0,14.0,5.0,9.6,A,-100.0
11390,high,3,4.0,11.0,8.5,A,-18.2
11391,low,1,5.0,3.0,9.2,C,-11.7
11392,low,1,4.0,29.0,8.9,B,-9.8
11393,high,1,13.0,16.0,4.1,C,-100.0
11394,none,0,2.0,3.0,8.4,A,-4.9
11395,low,3,20.0,16.0,1.3,C,-100.0
11396,high,0,15.0,6.0,3.8,A,-100.0
11397,none,3,25.0,2.0,8.8,A,-100.0
11398,high,1,15.0,10.0,6.3,A,-100.0
11399,medium,0,6.0,1.0,8.1,A,-11.8
11400,low,1,14.0,1.0,5.4,A,-100.0
11401,low,1,6.0,50.0,9.9,A,-12.6
11402,medium,2,6.0,2.0,2.9,D,-19.4
11403,none,5,9.0,10.0,2.8,C,-100.0
11404,high,0,15.0,34.0,7.6,A,-100.0
11405,high,0,7.0,11.0,9.8,A,-15.3
11406,high,2,3.0,22.0,4.6,A,-15.7
11407,low,0,10.0,28.0,5.3,A,-19.6
11408,medium,0,6.0,5.0,8.2,A,-11.7
11409,low,2,2.0,11.0,5.5,A,-10.7
11410,low,0,5.0,6.0,9.7,C,-8.9
11411,medium,1,2.0,1.0,9.8,C,-6.5
11412,medium,2,4.0,4.0,5.7,A,-14.5
11413,high,4,12.0,8.0,2.5,D,-100.0
11414,high,2,8.0,0.0,4.7,A,-100.0
11415,medium,2,8.0,2.0,9.3,C,-19.7
11416,low,0,7.0,1.0,7.2,B,-13.7
11417,low,1,5.0,6.0,1.7,C,-15.4
11418,medium,1,5.0,0.0,3.5,A,-14.9
11419,none,2,2.0,50.0,9.2,A,-9.0
11420,high,1,15.0,35.0,4.3,C,-100.0
11421,high,2,11.0,7.0,2.2,A,-100.0
11422,medium,0,4.0,1.0,1.3,A,-11.7
11423,low,0,11.0,41.0,8.3,A,-19.7
11424,none,3,6.0,19.0,8.1,B,-19.4
11425,high,1,8.0,2.0,3.6,A,-100.0
11426,low,3,3.0,2.0,5.5,B,-15.0
11427,low,2,2.0,5.0,9.0,A,-9.0
11428,medium,3,10.0,25.0,8.8,A,-100.0
11429,high,2,9.0,9.0,7.7,A,-100.0
11430,medium,2,7.0,7.0,1.7,A,-100.0
11431,low,1,10.0,27.0,8.1,C,-100.0
11432,high,1,4.0,7.0,6.0,A,-14.5
11433,none,0,6.0,12.0,5.6,B,-13.2
11434,medium,0,10.0,6.0,4.3,A,-100.0
11435,low,2,2.0,5.0,2.9,A,-12.0
11436,high,3,12.0,16.0,6.8,A,-100.0
11437,medium,3,10.0,1.0,7.1,C,-100.0
11438,low,1,12.0,15.0,2.8,C,-100.0
11439,low,2,10.0,33.0,1.1,A,-100.0
11440,high,3,3.0,3.0,7.7,A,-16.9
11441,low,5,9.0,1.0,8.4,A,-100.0
11442,low,4,5.0,50.0,9.3,A,-18.6
11443,high,0,7.0,2.0,4.7,C,-17.9
11444,high,0,6.0,3.0,9.8,B,-13.6
11445,none,0,10.0,8.0,9.9,A,-18.1
11446,low,2,4.0,21.0,2.1,A,-15.8
11447,high,1,7.0,9.0,9.4,A,-18.0
11448,none,2,34.0,22.0,8.4,A,-100.0
11449,none,0,1.0,19.0,7.3,C,-3.5
11450,high,3,6.0,5.0,2.3,A,-100.0
11451,high,0,9.0,6.0,9.5,A,-19.0
11452,high,1,3.0,12.0,8.5,A,-11.4
11453,none,2,19.0,6.0,9.1,B,-100.0
11454,medium,1,25.0,16.0,2.1,A,-100.0
11455,medium,1,12.0,1.0,8.9,A,-100.0
11456,low,3,7.0,5.0,5.6,A,-100.0
11457,low,1,6.0,0.0,1.3,C,-17.4
11458,,2,27.0,2.0,4.1,D,-100.0
11459,high,2,7.0,9.0,2.9,C,-100.0
11460,low,1,8.0,10.0,9.9,A,-16.5
11461,low,0,11.0,18.0,9.4,A,-19.4
11462,medium,2,7.0,26.0,6.3,C,-19.2
11463,low,5,18.0,2.0,7.7,A,-100.0
11464,high,0,2.0,1.0,8.2,A,-7.4
11465,medium,0,12.0,7.0,1.4,A,-100.0
11466,medium,4,10.0,16.0,2.4,C,-100.0
11467,low,2,6.0,11.0,9.3,A,-15.8
11468,low,2,10.0,16.0,4.6,A,-100.0
11469,medium,1,26.0,2.0,1.9,A,-100.0
11470,none,2,10.0,50.0,6.4,D,-100.0
11471,low,2,19.0,6.0,8.3,C,-100.0
11472,high,3,4.0,16.0,2.4,A,-100.0
11473,medium,0,10.0,39.0,9.3,B,-17.9
11474,medium,0,10.0,14.0,2.7,A,-100.0
11475,low,1,4.0,10.0,2.7,C,-13.1
11476,none,1,3.0,8.0,8.1,A,-9.2
11477,high,2,2.0,25.0,9.4,C,-11.6
11478,medium,1,4.0,2.0,4.9,A,-12.4
11479,none,2,4.0,4.0,4.9,A,-15.1
11480,none,2,20.0,12.0,8.4,A,-100.0
11481,medium,1,6.0,15.0,8.1,A,-14.2
11482,low,3,5.0,5.0,8.1,A,-17.2
11483,high,4,7.0,1.0,8.8,D,-100.0
11484,none,2,9.0,3.0,8.1,A,-100.0
11485,none,3,3.0,4.0,8.7,A,-14.0
11486,medium,2,5.0,14.0,6.2,A,-15.9
11487,high,0,3.0,6.0,1.4,C,-12.5
11488,high,1,40.0,7.0,7.7,A,-100.0
11489,high,1,13.0,2.0,9.1,A,-100.0
11490,medium,1,13.0,0.0,8.3,A,-100.0
11491,high,1,6.0,11.0,6.1,A,-17.9
11492,none,1,5.0,17.0,5.6,B,-13.9
11493,none,1,6.0,1.0,9.4,B,-13.9
11494,high,0,22.0,7.0,2.8,A,-100.0
11495,high,0,11.0,8.0,3.3,A,-100.0
11496,low,2,15.0,12.0,8.9,C,-100.0
11497,high,2,21.0,20.0,8.0,B,-100.0
11498,none,2,9.0,13.0,8.8,A,-100.0
11499,high,2,27.0,31.0,6.8,A,-100.0
11500,low,0,10.0,7.0,2.0,A,-100.0
11501,high,0,27.0,7.0,3.8,A,-100.0
11502,low,2,6.0,7.0,9.6,A,-15.7
11503,medium,2,12.0,9.0,9.9,A,-100.0
11504,high,0,5.0,16.0,1.1,C,-16.1
11505,low,0,9.0,15.0,8.1,B,-16.6
11506,medium,2,6.0,16.0,9.1,A,-16.2
11507,low,3,5.0,3.0,8.9,C,-16.8
11508,medium,3,2.0,12.0,3.8,A,-14.4
11509,low,1,5.0,22.0,5.7,D,-13.2
11510,medium,4,18.0,2.0,6.4,C,-100.0
11511,low,2,4.0,7.0,7.1,A,-13.4
11512,high,0,9.0,2.0,7.4,B,-100.0
11513,none,0,5.0,4.0,4.6,A,-12.0
11514,high,3,19.0,11.0,5.1,A,-100.0
11515,low,0,4.0,6.0,6.7,A,-8.6
11516,low,0,13.0,15.0,9.6,A,-100.0
11517,high,1,5.0,21.0,2.3,A,-17.9
11518,high,1,10.0,18.0,2.0,B,-100.0
11519,none,0,15.0,3.0,7.5,A,-100.0
11520,medium,4,10.0,33.0,8.9,B,-100.0
11521,low,2,17.0,8.0,4.0,A,-100.0
11522,medium,1,21.0,17.0,3.2,C,-100.0
11523,low,2,21.0,13.0,5.9,A,-100.0
11524,medium,0,13.0,10.0,6.8,B,-100.0
11525,high,3,7.0,5.0,3.5,A,-100.0
11526,none,2,16.0,0.0,2.4,C,-100.0
11527,low,4,20.0,5.0,1.3,A,-100.0
11528,medium,1,7.0,1.0,8.9,A,-15.7
11529,none,3,19.0,5.0,1.9,A,-100.0
11530,high,2,4.0,13.0,2.0,A,-18.9
11531,low,6,9.0,1.0,9.1,A,-100.0
11532,low,1,6.0,1.0,3.2,C,-16.4
11533,medium,0,12.0,34.0,3.6,A,-100.0
11534,high,3,29.0,5.0,7.5,A,-100.0
11535,high,0,16.0,48.0,8.8,C,-100.0
11536,none,2,15.0,2.0,8.7,C,-100.0
11537,high,1,14.0,21.0,6.7,C,-100.0
11538,none,1,9.0,14.0,7.5,A,-20.0
11539,none,1,2.0,33.0,4.6,B,-9.0
11540,high,3,7.0,6.0,2.5,C,-100.0
11541,none,2,10.0,11.0,8.8,A,-100.0
11542,none,0,2.0,15.0,3.8,C,-7.1
11543,high,3,7.0,3.0,2.4,A,-100.0
11544,high,0,7.0,3.0,9.6,A,-15.4
11545,high,1,6.0,13.0,9.6,A,-16.1
11546,high,0,5.0,0.0,3.3,C,-15.1
11547,none,1,3.0,5.0,1.7,A,-12.5
11548,medium,1,3.0,2.0,2.4,A,-11.9
11549,low,3,3.0,11.0,8.9,A,-13.2
11550,high,5,14.0,0.0,8.5,A,-100.0
11551,low,0,3.0,17.0,9.8,A,-5.2
11552,high,1,8.0,0.0,1.8,D,-100.0
11553,low,2,3.0,3.0,9.7,A,-10.4
11554,none,2,33.0,11.0,2.2,A,-100.0
11555,medium,0,18.0,7.0,3.5,A,-100.0
11556,low,0,9.0,6.0,9.7,A,-15.9
11557,medium,0,10.0,11.0,9.8,A,-17.9
11558,low,2,4.0,3.0,2.6,A,-15.7
11559,medium,3,6.0,43.0,8.5,A,-18.7
11560,high,0,3.0,1.0,9.8,C,-8.4
11561,low,3,7.0,2.0,8.7,C,-100.0
11562,low,2,11.0,14.0,3.7,A,-100.0
11563,high,2,24.0,1.0,7.3,A,-100.0
11564,medium,1,1.0,24.0,4.8,A,-7.0
11565,high,0,8.0,6.0,5.6,A,-19.2
11566,high,2,4.0,3.0,9.2,A,-15.4
11567,high,1,20.0,20.0,3.7,C,-100.0
11568,high,2,7.0,11.0,8.3,C,-100.0
11569,medium,1,19.0,6.0,4.3,A,-100.0
11570,medium,2,16.0,19.0,3.4,A,-100.0
11571,medium,0,15.0,7.0,8.4,D,-100.0
11572,medium,1,2.0,17.0,7.6,D,-7.4
11573,low,2,7.0,6.0,8.3,D,-18.1
11574,low,2,9.0,2.0,7.4,B,-100.0
11575,high,0,19.0,18.0,1.1,A,-100.0
11576,medium,1,7.0,11.0,8.1,A,-16.0
11577,high,2,38.0,18.0,5.9,A,-100.0
11578,,1,21.0,1.0,8.6,A,-100.0
11579,medium,1,17.0,16.0,3.3,C,-100.0
11580,medium,3,12.0,50.0,1.4,A,-100.0
11581,,0,0.0,6.0,8.9,A,-1.1
11582,low,2,9.0,0.0,3.4,C,-100.0
11583,low,2,14.0,50.0,2.5,A,-100.0
11584,medium,1,8.0,16.0,3.6,C,-19.9
11585,medium,1,5.0,35.0,7.2,B,-12.7
11586,high,1,4.0,33.0,1.6,A,-16.4
11587,low,0,13.0,22.0,6.4,A,-100.0
11588,medium,0,13.0,8.0,3.3,A,-100.0
11589,low,2,8.0,8.0,3.1,A,-100.0
11590,medium,0,9.0,32.0,8.5,A,-16.6
11591,none,2,1.0,8.0,,C,
11592,none,2,1.0,1.0,9.6,A,-7.6
11593,none,1,9.0,22.0,8.6,A,-19.3
11594,low,1,8.0,6.0,9.6,A,-16.7
11595,high,2,7.0,38.0,8.6,A,-100.0
11596,low,1,9.0,14.0,9.3,A,-18.5
11597,medium,2,7.0,5.0,8.8,C,-18.2
11598,low,2,6.0,7.0,4.8,A,-18.1
11599,none,3,12.0,9.0,3.0,B,-100.0
11600,medium,1,16.0,13.0,9.2,B,-100.0
11601,low,1,15.0,8.0,3.5,A,-100.0
11602,medium,1,4.0,14.0,3.3,A,-13.1
11603,low,2,10.0,26.0,1.1,A,-100.0
11604,none,2,7.0,3.0,7.4,A,-19.1
11605,high,2,15.0,3.0,9.4,A,-100.0
11606,none,0,14.0,32.0,8.1,A,-100.0
11607,none,1,4.0,50.0,1.5,D,-13.9
11608,high,3,5.0,11.0,7.6,A,-100.0
11609,none,1,2.0,2.0,6.8,A,-8.2
11610,high,2,23.0,1.0,8.5,A,-100.0
11611,medium,1,15.0,11.0,3.7,A,-100.0
11612,high,0,30.0,5.0,8.4,A,-100.0
11613,low,1,1.0,15.0,3.7,A,-7.3
11614,low,0,5.0,38.0,3.3,B,-11.7
11615,high,0,0.0,8.0,9.1,A,-3.4
11616,none,0,14.0,8.0,2.0,A,-100.0
11617,low,0,14.0,31.0,9.8,A,-100.0
11618,high,2,15.0,8.0,9.1,B,-100.0
11619,low,1,3.0,5.0,1.7,C,-11.9
11620,none,3,12.0,3.0,5.9,B,-100.0
11621,medium,2,6.0,5.0,2.2,C,-19.7
11622,medium,3,9.0,14.0,4.5,A,-100.0
11623,none,0,4.0,13.0,6.1,A,-9.4
11624,low,2,2.0,0.0,8.5,C,-9.3
11625,none,1,12.0,4.0,7.2,A,-100.0
11626,high,1,8.0,24.0,6.0,A,-100.0
11627,low,2,7.0,26.0,9.3,C,-17.4
11628,high,1,14.0,3.0,3.0,B,-100.0
11629,none,0,5.0,5.0,4.3,C,-12.2
11630,high,2,3.0,2.0,1.8,A,-17.3
11631,high,3,7.0,13.0,6.4,A,-100.0
11632,none,1,3.0,2.0,9.3,A,-8.7
11633,none,2,5.0,50.0,3.5,A,-17.1
11634,high,1,7.0,7.0,8.0,A,-18.7
11635,high,2,24.0,10.0,3.6,A,-100.0
11636,high,1,6.0,22.0,1.3,C,-100.0
11637,high,1,12.0,7.0,9.8,A,-100.0
11638,high,1,20.0,4.0,8.5,A,-100.0
11639,high,2,8.0,12.0,4.8,A,-100.0
11640,high,1,19.0,9.0,9.9,B,-100.0
11641,low,3,8.0,12.0,2.8,C,-100.0
11642,low,2,8.0,5.0,9.7,A,-19.1
11643,high,0,17.0,16.0,4.7,C,-100.0
11644,low,0,13.0,1.0,5.8,A,-100.0
11645,medium,3,6.0,4.0,10.0,D,-18.4
11646,low,3,7.0,12.0,9.2,B,-100.0
11647,low,0,15.0,24.0,9.2,A,-100.0
11648,high,2,28.0,20.0,8.5,A,-100.0
11649,high,0,20.0,0.0,6.5,C,-100.0
11650,low,1,5.0,27.0,9.9,A,-11.1
11651,low,1,14.0,1.0,4.1,A,-100.0
11652,low,0,9.0,26.0,5.8,A,-17.6
11653,,1,24.0,5.0,7.2,A,-100.0
11654,low,2,5.0,5.0,3.2,C,-17.1
11655,low,2,12.0,50.0,8.0,B,-100.0
11656,low,1,13.0,17.0,2.2,C,-100.0
11657,low,3,4.0,6.0,9.3,C,-14.8
11658,high,1,13.0,0.0,9.3,A,-100.0
11659,low,0,10.0,5.0,8.8,A,-18.1
11660,low,2,7.0,36.0,8.0,A,-17.9
11661,high,3,4.0,8.0,2.1,A,-100.0
11662,medium,1,6.0,17.0,2.5,B,-17.0
11663,medium,2,4.0,0.0,10.0,C,-12.4
11664,low,0,4.0,2.0,9.5,A,-7.3
11665,medium,5,3.0,5.0,8.9,A,-18.7
11666,medium,3,5.0,6.0,8.8,A,-17.2
11667,none,1,8.0,10.0,9.9,B,-17.1
11668,high,3,4.0,10.0,4.7,D,-100.0
11669,low,1,6.0,14.0,1.9,C,-16.9
11670,medium,3,11.0,8.0,4.6,A,-100.0
11671,medium,1,0.0,12.0,8.9,A,-3.3
11672,low,0,2.0,25.0,5.6,D,-5.5
11673,high,0,8.0,10.0,4.6,A,-19.6
11674,medium,2,10.0,0.0,1.4,D,-100.0
11675,high,1,8.0,5.0,4.2,A,
11676,high,0,7.0,24.0,8.2,A,-15.9
11677,high,2,2.0,10.0,4.4,C,-14.2
11678,low,1,2.0,19.0,3.7,C,-9.0
11679,low,0,25.0,4.0,2.0,A,-100.0
11680,low,2,,44.0,9.0,C,
11681,none,1,8.0,15.0,9.3,A,-17.3
11682,low,0,4.0,6.0,2.4,A,-10.8
11683,none,2,10.0,12.0,2.8,D,-100.0
11684,high,1,8.0,25.0,1.0,A,-100.0
11685,medium,3,14.0,12.0,6.2,A,-100.0
11686,medium,3,3.0,13.0,9.3,B,-13.4
11687,medium,2,21.0,11.0,8.6,A,-100.0
11688,none,2,18.0,5.0,2.8,D,-100.0
11689,low,2,13.0,16.0,6.8,A,-100.0
11690,none,0,13.0,31.0,7.9,A,-100.0
11691,high,1,10.0,13.0,2.9,A,-100.0
11692,medium,1,5.0,46.0,7.8,A,-12.3
11693,none,2,2.0,14.0,8.4,C,-9.8
11694,low,0,4.0,1.0,5.9,A,-9.1
11695,medium,3,17.0,8.0,6.5,A,-100.0
11696,medium,4,4.0,4.0,2.0,A,-100.0
11697,medium,0,6.0,17.0,7.9,B,-11.8
11698,none,0,28.0,12.0,5.8,A,-100.0
11699,low,1,1.0,5.0,1.8,A,-8.3
11700,high,4,8.0,4.0,8.0,A,-100.0
11701,medium,2,8.0,9.0,7.4,A,-100.0
11702,low,1,13.0,10.0,9.4,D,-100.0
11703,medium,0,5.0,13.0,1.5,A,-13.3
11704,high,2,5.0,10.0,3.4,C,-20.0
11705,medium,1,16.0,13.0,8.9,A,-100.0
11706,low,2,20.0,50.0,6.8,B,-100.0
11707,medium,3,7.0,17.0,7.8,A,-100.0
11708,low,2,1.0,11.0,1.5,A,-10.9
11709,high,1,3.0,11.0,8.2,B,-11.6
11710,high,3,6.0,11.0,8.5,A,-100.0
11711,low,1,30.0,6.0,10.0,A,-100.0
11712,high,1,15.0,29.0,7.4,A,-100.0
11713,medium,0,4.0,3.0,3.0,A,-10.9
11714,low,0,5.0,17.0,5.1,A,-11.1
11715,none,3,6.0,4.0,6.3,A,-100.0
11716,high,1,4.0,5.0,7.6,A,-13.7
11717,medium,1,30.0,1.0,9.7,A,-100.0
11718,low,1,12.0,15.0,9.0,C,-100.0
11719,low,0,10.0,27.0,9.5,A,-17.5
11720,high,2,,34.0,2.4,C,
11721,high,1,6.0,1.0,4.2,A,-18.9
11722,high,1,32.0,6.0,5.7,B,-100.0
11723,low,2,4.0,8.0,7.1,C,-13.4
11724,medium,1,19.0,18.0,9.1,C,-100.0
11725,,0,16.0,18.0,9.6,A,-100.0
11726,none,2,3.0,5.0,8.2,A,-11.7
11727,low,2,25.0,4.0,1.4,C,-100.0
11728,medium,1,7.0,4.0,8.3,C,-16.0
11729,medium,3,10.0,1.0,8.3,A,-100.0
11730,,2,13.0,12.0,9.5,C,-100.0
11731,none,2,2.0,9.0,9.0,A,-9.5
11732,low,3,9.0,5.0,3.9,A,-100.0
11733,medium,1,14.0,12.0,9.1,A,-100.0
11734,medium,1,7.0,1.0,2.3,A,-19.0
11735,medium,4,18.0,17.0,8.3,A,-100.0
11736,medium,1,7.0,13.0,5.5,A,-17.3
11737,high,2,11.0,11.0,3.9,A,-100.0
11738,medium,2,17.0,29.0,8.7,A,-100.0
11739,low,3,9.0,50.0,2.0,A,-100.0
11740,low,2,19.0,4.0,3.2,A,-100.0
11741,low,2,29.0,1.0,9.5,A,-100.0
11742,high,1,7.0,13.0,2.3,C,-100.0
11743,high,3,16.0,16.0,1.8,C,-100.0
11744,none,1,19.0,4.0,9.3,B,-100.0
11745,high,0,5.0,5.0,2.4,A,-15.5
11746,low,3,6.0,12.0,7.2,A,-19.3
11747,high,0,14.0,16.0,9.3,A,-100.0
11748,low,4,4.0,3.0,3.8,C,-100.0
11749,high,3,6.0,5.0,6.9,A,-100.0
11750,medium,1,3.0,3.0,9.6,B,-8.3
11751,medium,0,16.0,21.0,6.1,A,-100.0
11752,low,0,8.0,19.0,9.8,C,-13.9
11753,low,1,3.0,1.0,5.6,C,-10.0
11754,medium,1,6.0,11.0,1.3,B,-17.6
11755,none,1,4.0,1.0,8.6,A,-10.8
11756,none,1,3.0,0.0,5.4,C,-10.7
11757,none,0,5.0,11.0,9.2,A,-9.7
11758,medium,1,9.0,3.0,3.4,C,-100.0
11759,none,1,1.0,4.0,9.2,D,-5.2
11760,low,0,6.0,24.0,9.1,A,-10.7
11761,high,2,1.0,3.0,,A,
11762,high,2,7.0,36.0,6.4,A,-100.0
11763,none,1,3.0,11.0,8.1,D,-9.2
11764,medium,0,15.0,6.0,8.2,A,-100.0
11765,high,2,2.0,3.0,6.4,A,-13.3
11766,low,2,,3.0,1.3,C,
11767,medium,0,2.0,8.0,8.2,D,-4.7
11768,none,0,11.0,15.0,3.1,C,-100.0
11769,low,1,3.0,1.0,4.5,A,-10.5
11770,high,0,9.0,11.0,3.2,A,-100.0
11771,medium,1,7.0,7.0,4.4,A,-17.9
11772,medium,2,2.0,4.0,3.1,A,-12.3
11773,low,0,16.0,9.0,5.2,A,-100.0
11774,low,1,8.0,6.0,7.7,C,-17.6
11775,medium,1,6.0,6.0,4.5,A,-16.1
11776,high,1,2.0,10.0,6.8,A,-10.5
11777,none,0,5.0,21.0,9.8,A,-9.3
11778,low,0,5.0,13.0,1.4,B,-12.9
11779,high,0,10.0,1.0,2.4,B,-100.0
11780,high,2,21.0,16.0,7.1,A,-100.0
11781,low,1,9.0,18.0,9.3,B,-18.4
11782,none,1,19.0,1.0,1.8,D,-100.0
11783,high,2,9.0,15.0,3.1,A,-100.0
11784,high,0,1.0,6.0,8.9,C,-5.3
11785,high,2,4.0,1.0,9.6,B,-15.2
11786,medium,2,7.0,10.0,9.1,B,-18.0
11787,high,0,6.0,23.0,8.5,A,-14.0
11788,low,0,5.0,7.0,4.6,A,-11.4
11789,low,0,11.0,11.0,4.8,C,-100.0
11790,high,0,17.0,2.0,8.3,A,-100.0
11791,low,0,18.0,7.0,2.3,C,-100.0
11792,low,1,7.0,4.0,9.3,A,-15.1
11793,medium,1,3.0,15.0,5.8,A,-10.1
11794,high,4,6.0,20.0,1.6,A,-100.0
11795,low,1,10.0,13.0,8.5,C,-100.0
11796,medium,1,7.0,18.0,6.5,C,-16.7
11797,medium,2,18.0,49.0,4.6,A,-100.0
11798,high,1,3.0,0.0,9.8,C,-10.9
11799,,1,13.0,16.0,8.9,A,-100.0
11800,high,0,3.0,41.0,2.1,B,-11.8
11801,low,2,9.0,6.0,4.4,C,-100.0
11802,low,0,19.0,5.0,9.6,A,-100.0
11803,low,2,23.0,1.0,6.3,A,-100.0
11804,medium,2,18.0,3.0,9.5,A,-100.0
11805,high,1,3.0,20.0,8.1,A,-11.5
11806,high,4,20.0,0.0,2.7,B,-100.0
11807,high,2,,0.0,6.9,C,
11808,none,2,13.0,1.0,8.3,A,-100.0
11809,medium,2,2.0,5.0,2.0,D,-12.8
11810,high,1,4.0,14.0,9.2,A,-12.8
11811,low,2,12.0,29.0,4.3,B,-100.0
11812,low,0,12.0,7.0,5.8,A,-100.0
11813,low,2,17.0,3.0,9.2,A,-100.0
11814,high,0,18.0,1.0,8.2,A,-100.0
11815,high,1,11.0,3.0,2.9,A,-100.0
11816,high,2,5.0,5.0,9.6,B,-16.9
11817,low,2,5.0,5.0,9.6,A,-13.9
11818,high,1,5.0,6.0,6.6,A,-15.9
11819,high,2,9.0,2.0,3.5,C,-100.0
11820,high,5,10.0,4.0,9.1,A,-100.0
11821,high,0,14.0,1.0,9.0,A,-100.0
11822,low,2,10.0,7.0,8.7,C,-100.0
11823,high,0,14.0,10.0,1.5,A,-100.0
11824,high,1,7.0,6.0,4.5,A,-100.0
11825,medium,1,5.0,6.0,10.0,A,-11.6
11826,medium,3,8.0,9.0,1.8,A,-100.0
11827,low,1,16.0,16.0,9.6,A,-100.0
11828,low,0,18.0,6.0,6.8,A,-100.0
11829,low,0,9.0,13.0,8.1,A,-16.6
11830,medium,3,12.0,16.0,5.5,A,-100.0
11831,low,1,21.0,13.0,1.5,A,-100.0
11832,low,0,3.0,1.0,3.6,A,-8.5
11833,high,0,4.0,13.0,5.3,A,-12.3
11834,high,2,36.0,15.0,2.3,A,-100.0
11835,medium,1,4.0,3.0,8.8,C,-10.5
11836,low,2,11.0,8.0,4.9,A,-100.0
11837,low,2,6.0,23.0,2.6,A,-19.0
11838,medium,0,3.0,0.0,1.4,C,-9.9
11839,high,2,10.0,8.0,8.7,B,-100.0
11840,low,1,4.0,8.0,10.0,A,-9.4
11841,high,0,12.0,27.0,1.2,A,-100.0
11842,medium,0,13.0,9.0,9.7,A,-100.0
11843,low,0,3.0,13.0,6.9,A,-6.7
11844,low,2,11.0,1.0,3.6,A,-100.0
11845,medium,2,3.0,4.0,3.7,A,-13.8
11846,none,1,10.0,1.0,2.4,C,-100.0
11847,high,3,17.0,8.0,8.5,A,-100.0
11848,none,0,7.0,13.0,8.3,A,-13.6
11849,none,1,10.0,22.0,8.4,A,-100.0
11850,low,3,2.0,4.0,7.4,D,-12.3
11851,low,1,20.0,2.0,8.4,A,-100.0
11852,low,0,6.0,8.0,8.6,A,-11.1
11853,low,3,14.0,13.0,3.8,A,-100.0
11854,high,4,11.0,11.0,2.6,A,-100.0
11855,low,0,10.0,3.0,9.1,A,-17.9
11856,high,1,13.0,12.0,5.2,C,-100.0
11857,medium,2,16.0,10.0,5.4,A,-100.0
11858,low,1,12.0,3.0,6.5,A,-100.0
11859,none,2,16.0,15.0,9.0,A,-100.0
11860,none,1,16.0,4.0,1.4,A,-100.0
11861,high,0,2.0,9.0,9.7,A,-6.6
11862,low,1,34.0,25.0,8.3,A,-100.0
11863,none,5,13.0,3.0,8.8,A,-100.0
11864,none,1,14.0,46.0,1.2,A,-100.0
11865,medium,4,6.0,2.0,8.2,A,-100.0
11866,low,1,9.0,16.0,9.2,A,-18.5
11867,none,1,25.0,42.0,8.7,B,-100.0
11868,high,1,9.0,28.0,8.5,A,-100.0
11869,low,2,21.0,11.0,2.2,A,-100.0
11870,low,2,9.0,11.0,9.5,A,-100.0
11871,high,1,7.0,16.0,8.4,C,-18.4
11872,low,1,4.0,1.0,7.4,B,-10.8
11873,high,4,21.0,6.0,9.1,A,-100.0
11874,low,2,8.0,19.0,1.7,A,-100.0
11875,high,6,3.0,7.0,1.9,A,-100.0
11876,low,1,24.0,0.0,4.1,A,-100.0
11877,medium,2,3.0,13.0,8.7,A,-11.2
11878,high,0,6.0,1.0,8.7,A,-14.2
11879,medium,4,14.0,4.0,3.7,C,-100.0
11880,none,0,19.0,7.0,5.6,D,-100.0
11881,,1,17.0,0.0,3.9,C,-100.0
11882,low,1,23.0,5.0,8.9,A,-100.0
11883,high,2,6.0,25.0,4.0,A,-100.0
11884,none,0,21.0,24.0,9.4,B,-100.0
11885,low,1,2.0,3.0,8.6,B,-6.7
11886,none,3,8.0,1.0,1.3,B,-100.0
11887,high,1,2.0,6.0,2.1,A,-12.9
11888,none,1,9.0,6.0,8.5,A,-19.6
11889,medium,4,4.0,14.0,8.8,A,-17.9
11890,high,0,4.0,17.0,5.6,A,-12.1
11891,medium,2,3.0,3.0,2.2,A,-14.5
11892,medium,0,8.0,20.0,8.6,A,-14.9
11893,low,2,9.0,23.0,7.5,C,-100.0
11894,,3,8.0,6.0,8.0,A,-100.0
11895,low,3,4.0,0.0,1.7,A,-18.7
11896,high,2,4.0,1.0,2.8,A,-18.6
11897,high,2,5.0,2.0,7.4,D,-18.1
11898,none,2,14.0,8.0,9.1,C,-100.0
11899,high,3,7.0,4.0,4.8,D,-100.0
11900,low,1,5.0,10.0,7.5,B,-12.4
11901,none,2,4.0,0.0,8.2,A,-13.5
11902,high,1,7.0,9.0,7.9,A,-18.7
11903,high,2,7.0,3.0,1.1,A,-100.0
11904,high,0,13.0,39.0,2.3,A,-100.0
11905,none,1,1.0,27.0,4.2,A,-7.5
11906,low,3,26.0,2.0,8.3,C,-100.0
11907,high,0,1.0,6.0,5.9,A,-6.8
11908,low,2,26.0,8.0,7.8,A,-100.0
11909,low,0,2.0,4.0,6.9,A,-5.0
11910,none,3,13.0,3.0,3.0,A,-100.0
11911,medium,4,6.0,23.0,8.8,A,-100.0
11912,high,2,7.0,12.0,8.9,C,-100.0
11913,none,2,5.0,4.0,8.6,C,-15.0
11914,high,1,12.0,2.0,8.4,A,-100.0
11915,medium,2,24.0,5.0,6.4,A,-100.0
11916,high,2,7.0,7.0,4.9,D,-100.0
11917,high,0,,6.0,9.0,C,
11918,high,4,20.0,8.0,8.2,A,-100.0
11919,low,1,21.0,17.0,9.2,C,-100.0
11920,high,1,14.0,8.0,9.6,A,-100.0
11921,,2,6.0,2.0,9.1,A,-16.6
11922,none,1,10.0,14.0,9.1,A,-100.0
11923,none,0,1.0,9.0,3.5,B,-5.5
11924,none,1,3.0,1.0,8.3,A,-9.2
11925,high,1,5.0,3.0,9.0,A,-14.7
11926,none,2,8.0,44.0,5.7,A,-100.0
11927,medium,1,8.0,23.0,7.2,A,-18.1
11928,high,1,5.0,4.0,7.1,A,-15.7
11929,medium,2,10.0,21.0,1.1,A,-100.0
11930,low,0,8.0,8.0,1.9,A,-18.0
11931,none,2,11.0,50.0,9.1,C,-100.0
11932,medium,2,8.0,9.0,9.3,A,-19.7
11933,low,2,5.0,2.0,9.8,A,-13.8
11934,medium,1,17.0,7.0,8.0,A,-100.0
11935,none,0,5.0,3.0,3.1,A,-12.8
11936,none,3,9.0,10.0,1.1,A,-100.0
11937,high,1,2.0,10.0,9.6,D,-9.1
11938,none,0,5.0,2.0,6.7,A,-11.0
11939,low,0,6.0,5.0,5.1,A,-12.9
11940,none,0,8.0,1.0,9.1,A,-15.1
11941,medium,3,20.0,5.0,8.9,C,-100.0
11942,high,3,3.0,3.0,3.5,A,-19.0
11943,none,1,,1.0,6.7,C,
11944,low,1,25.0,11.0,3.2,D,-100.0
11945,low,2,15.0,7.0,7.5,B,-100.0
11946,low,0,4.0,22.0,8.1,B,-7.8
11947,high,5,11.0,18.0,5.9,A,-100.0
11948,low,2,6.0,1.0,1.5,A,-19.8
11949,high,4,8.0,24.0,2.1,C,-100.0
11950,low,1,18.0,0.0,8.8,B,-100.0
11951,none,2,10.0,14.0,8.4,C,-100.0
11952,none,2,13.0,8.0,9.5,A,-100.0
11953,medium,0,3.0,10.0,5.8,A,-7.6
11954,low,2,8.0,4.0,8.7,A,-19.6
11955,low,5,16.0,7.0,9.9,A,-100.0
11956,medium,0,5.0,10.0,9.4,C,-9.4
11957,medium,3,6.0,16.0,3.2,C,-100.0
11958,,2,7.0,30.0,2.9,D,-100.0
11959,high,0,1.0,4.0,9.1,A,-5.2
11960,medium,1,11.0,9.0,2.1,A,-100.0
11961,high,0,3.0,8.0,7.3,A,-9.6
11962,medium,0,21.0,2.0,8.4,A,-100.0
11963,high,2,6.0,37.0,1.4,A,-100.0
11964,low,2,22.0,14.0,2.2,C,-100.0
11965,low,0,7.0,23.0,2.5,A,-15.8
11966,high,1,8.0,6.0,4.3,C,-100.0
11967,none,2,5.0,6.0,2.7,A,-18.0
11968,medium,1,14.0,44.0,3.4,B,-100.0
11969,none,1,9.0,4.0,6.0,B,-100.0
11970,high,0,7.0,17.0,9.1,C,-15.6
11971,medium,0,14.0,43.0,8.7,A,
11972,high,0,3.0,3.0,8.1,D,-9.2
11973,high,0,14.0,5.0,9.8,A,-100.0
11974,high,3,19.0,34.0,8.6,A,-100.0
11975,none,0,17.0,25.0,9.7,A,-100.0
11976,low,2,4.0,40.0,3.2,A,-15.0
11977,low,0,7.0,14.0,9.0,A,-12.6
11978,medium,1,6.0,9.0,6.0,B,-15.3
11979,medium,3,15.0,14.0,6.4,A,-100.0
11980,high,3,12.0,16.0,8.3,B,-100.0
11981,high,1,12.0,7.0,4.0,A,-100.0
11982,none,3,8.0,1.0,9.0,A,-100.0
11983,none,1,3.0,11.0,9.4,A,-8.6
11984,low,1,10.0,8.0,2.3,A,-100.0
11985,none,3,6.0,6.0,9.6,D,-18.8
11986,low,2,2.0,6.0,2.0,A,-12.5
11987,high,1,7.0,24.0,3.9,A,-100.0
11988,none,1,16.0,1.0,8.5,C,-100.0
11989,medium,0,12.0,6.0,4.8,A,-100.0
11990,medium,1,24.0,7.0,2.2,B,-100.0
11991,low,1,18.0,34.0,5.8,C,-100.0
11992,high,1,4.0,29.0,2.9,A,-15.8
11993,high,1,9.0,1.0,2.6,A,-100.0
11994,medium,2,10.0,35.0,1.2,C,-100.0
11995,high,1,2.0,9.0,1.4,A,-13.2
11996,low,3,15.0,50.0,9.1,A,-100.0
11997,medium,0,25.0,35.0,3.5,A,-100.0
11998,none,1,3.0,4.0,2.9,A,-11.9
11999,medium,3,1.0,9.0,5.5,C,-11.8
12000,none,2,17.0,6.0,9.9,A,-100.0
12001,medium,1,22.0,3.0,9.8,A,-100.0
12002,medium,1,7.0,7.0,9.2,A,-15.5
12003,high,2,9.0,27.0,4.6,A,-100.0
12004,,2,9.0,8.0,6.0,A,-100.0
12005,medium,5,6.0,9.0,6.3,C,-100.0
12006,high,1,12.0,2.0,5.3,B,-100.0
12007,none,1,7.0,26.0,1.7,C,-19.3
12008,low,1,27.0,9.0,7.6,C,-100.0
12009,none,1,3.0,29.0,9.9,A,-8.1
12010,high,2,28.0,29.0,4.4,A,-100.0
12011,medium,2,3.0,6.0,5.1,A,-13.0
12012,high,3,4.0,4.0,4.2,A,-100.0
12013,high,2,14.0,4.0,9.2,A,-100.0
12014,high,1,8.0,2.0,9.9,A,-19.6
12015,low,4,6.0,9.0,9.8,B,-100.0
12016,low,2,22.0,12.0,5.0,A,-100.0
12017,high,0,0.0,27.0,9.5,A,-3.0
12018,none,1,11.0,17.0,9.0,C,-100.0
12019,low,4,2.0,7.0,8.0,C,-14.5
12020,none,1,6.0,6.0,2.2,D,-17.5
12021,low,2,15.0,34.0,8.7,A,-100.0
12022,high,3,8.0,1.0,9.4,A,-100.0
12023,high,2,6.0,6.0,8.4,A,-19.3
12024,none,2,8.0,0.0,9.8,A,-19.7
12025,low,1,4.0,50.0,9.9,A,-9.1
12026,medium,2,6.0,15.0,8.0,C,-16.7
12027,none,2,14.0,11.0,7.3,A,-100.0
12028,high,3,5.0,2.0,6.8,C,-100.0
12029,medium,1,29.0,12.0,8.1,A,-100.0
12030,high,3,7.0,22.0,9.2,A,-100.0
12031,high,2,6.0,2.0,9.1,A,-19.0
12032,high,0,7.0,5.0,9.7,A,-15.4
12033,low,2,8.0,33.0,8.7,A,-19.4
12034,high,2,9.0,28.0,3.0,C,-100.0
12035,low,0,33.0,33.0,9.3,C,-100.0
12036,high,1,10.0,1.0,3.5,C,-100.0
12037,low,1,5.0,2.0,5.3,A,-13.6
12038,low,1,14.0,4.0,2.5,A,-100.0
12039,medium,2,11.0,23.0,5.2,A,-100.0
12040,high,2,14.0,11.0,8.7,C,-100.0
12041,,3,11.0,11.0,8.3,A,-100.0
12042,low,1,,10.0,9.4,C,
12043,low,3,7.0,11.0,7.0,A,-100.0
12044,high,1,8.0,2.0,5.3,C,-100.0
12045,low,1,14.0,2.0,4.2,C,-100.0
12046,low,0,33.0,26.0,9.6,A,-100.0
12047,none,3,1.0,21.0,6.3,D,-11.5
12048,low,0,8.0,23.0,1.0,A,-18.3
12049,medium,0,4.0,1.0,6.3,A,-9.2
12050,low,2,13.0,6.0,9.1,A,-100.0
12051,high,5,1.0,5.0,9.1,B,-17.7
12052,low,0,9.0,15.0,8.3,B,-16.5
12053,none,2,7.0,3.0,6.5,A,-19.6
12054,high,3,3.0,25.0,9.1,B,-16.0
12055,high,1,14.0,19.0,5.2,A,-100.0
12056,low,2,7.0,10.0,8.6,A,-17.9
12057,medium,1,10.0,3.0,2.3,D,-100.0
12058,low,1,25.0,4.0,9.7,C,-100.0
12059,high,2,12.0,10.0,1.2,C,-100.0
12060,high,1,3.0,2.0,5.8,A,-12.8
12061,none,2,24.0,18.0,8.2,D,-100.0
12062,high,5,4.0,30.0,7.4,A,-100.0
12063,medium,0,2.0,21.0,8.3,A,-4.5
12064,high,1,8.0,8.0,6.9,A,-100.0
12065,low,2,24.0,12.0,4.6,A,-100.0
12066,high,0,13.0,2.0,3.5,C,-100.0
12067,low,1,11.0,20.0,2.3,C,-100.0
12068,low,0,11.0,16.0,9.5,A,-19.4
12069,high,0,17.0,5.0,2.0,B,-100.0
12070,medium,2,13.0,6.0,9.8,C,-100.0
12071,high,1,4.0,26.0,5.0,B,-14.8
12072,low,1,17.0,4.0,9.8,B,-100.0
12073,high,1,3.0,25.0,9.4,A,-10.8
12074,high,3,10.0,29.0,3.3,A,-100.0
12075,low,1,7.0,39.0,3.2,A,-17.8
12076,high,1,34.0,13.0,5.4,A,-100.0
12077,medium,3,13.0,50.0,5.6,A,-100.0
12078,medium,1,12.0,19.0,9.3,D,-100.0
12079,medium,1,4.0,19.0,8.5,D,-10.5
12080,medium,1,10.0,12.0,8.7,A,-100.0
12081,high,3,9.0,7.0,10.0,D,-100.0
12082,high,4,8.0,5.0,8.5,A,-100.0
12083,low,1,4.0,4.0,3.0,C,-13.0
12084,none,0,5.0,4.0,8.0,A,-10.3
12085,medium,1,3.0,5.0,9.4,C,-8.4
12086,low,1,3.0,2.0,9.8,A,-7.8
12087,high,1,22.0,9.0,2.6,D,-100.0
12088,low,1,4.0,21.0,8.4,A,-10.1
12089,medium,1,21.0,7.0,8.4,C,-100.0
12090,low,0,6.0,4.0,5.1,A,-12.9
12091,medium,2,12.0,14.0,7.3,B,-100.0
12092,low,1,8.0,8.0,4.3,A,-19.3
12093,medium,3,9.0,17.0,2.2,A,-100.0
12094,high,1,3.0,1.0,9.2,C,-11.2
12095,high,3,5.0,22.0,9.4,D,-19.4
12096,low,2,6.0,1.0,3.0,A,-19.0
12097,high,0,4.0,35.0,9.5,B,-9.9
12098,high,0,30.0,8.0,8.3,A,-100.0
12099,low,5,13.0,6.0,5.9,A,-100.0
12100,low,0,3.0,22.0,2.9,A,-8.6
12101,medium,0,14.0,7.0,8.4,C,-100.0
12102,medium,0,32.0,3.0,2.4,C,-100.0
12103,low,1,1.0,14.0,,A,
12104,high,2,6.0,22.0,8.2,A,-19.2
12105,low,2,2.0,4.0,9.1,A,-8.9
12106,medium,0,4.0,21.0,8.1,A,-8.1
12107,none,3,8.0,17.0,6.0,A,-100.0
12108,medium,2,1.0,1.0,3.4,B,-10.4
12109,high,1,5.0,39.0,8.2,A,-14.8
12110,low,3,14.0,2.0,5.8,D,-100.0
12111,high,2,6.0,3.0,7.8,A,-19.6
12112,medium,2,2.0,1.0,8.7,A,-9.5
12113,medium,2,18.0,4.0,1.4,A,-100.0
12114,medium,2,8.0,2.0,9.0,A,-19.9
12115,high,2,12.0,12.0,1.1,A,-100.0
12116,low,1,9.0,14.0,7.8,C,-19.2
12117,high,3,2.0,6.0,8.2,A,-14.9
12118,low,1,10.0,3.0,1.5,A,-100.0
12119,none,1,6.0,6.0,5.2,B,-16.0
12120,medium,1,8.0,0.0,9.9,A,-16.9
12121,low,0,7.0,5.0,2.2,A,-16.1
12122,high,3,6.0,4.0,2.1,A,-100.0
12123,low,0,17.0,2.0,3.0,A,-100.0
12124,high,1,24.0,1.0,5.3,C,-100.0
12125,high,4,14.0,1.0,8.7,A,-100.0
12126,medium,2,2.0,14.0,,C,
12127,medium,2,14.0,3.0,2.0,A,-100.0
12128,medium,3,2.0,5.0,9.0,B,-11.9
12129,medium,1,6.0,26.0,7.9,A,-14.2
12130,low,3,2.0,46.0,1.2,A,-15.0
12131,medium,1,5.0,1.0,7.0,B,-13.1
12132,low,1,3.0,10.0,5.8,C,-9.8
12133,medium,2,35.0,22.0,9.3,A,-100.0
12134,high,2,,6.0,4.0,C,
12135,low,4,0.0,7.0,4.9,A,-12.5
12136,low,0,7.0,24.0,9.0,C,-12.5
12137,low,4,11.0,35.0,1.8,A,-100.0
12138,medium,0,5.0,3.0,9.0,B,-9.6
12139,none,1,14.0,28.0,2.3,B,-100.0
12140,medium,1,3.0,6.0,2.7,A,-11.7
12141,low,1,14.0,0.0,2.9,C,-100.0
12142,medium,0,15.0,50.0,1.7,C,-100.0
12143,low,2,16.0,8.0,8.8,A,-100.0
12144,low,2,12.0,21.0,9.3,A,-100.0
12145,low,2,2.0,2.0,9.4,C,-8.8
12146,high,4,14.0,7.0,8.6,A,-100.0
12147,none,2,7.0,5.0,6.1,A,-19.8
12148,low,2,14.0,11.0,8.3,A,-100.0
12149,high,0,2.0,16.0,10.0,B,-6.4
12150,low,1,5.0,22.0,9.3,A,-11.4
12151,high,2,0.0,25.0,8.8,C,-8.4
12152,low,1,12.0,3.0,9.8,C,-100.0
12153,low,1,12.0,4.0,1.5,A,-100.0
12154,medium,1,32.0,0.0,9.3,A,-100.0
12155,medium,0,10.0,4.0,9.2,A,-18.3
12156,low,1,2.0,39.0,3.4,C,-8.9
12157,none,2,7.0,25.0,5.6,A,-19.8
12158,medium,4,1.0,3.0,6.8,C,-13.7
12159,medium,1,17.0,6.0,8.0,C,-100.0
12160,medium,0,3.0,2.0,5.3,D,-8.0
12161,medium,1,5.0,2.0,1.9,A,-15.7
12162,low,1,8.0,1.0,9.8,A,-16.6
12163,high,4,8.0,25.0,9.9,A,-100.0
12164,medium,1,11.0,13.0,1.7,A,-100.0
12165,low,1,4.0,5.0,3.5,A,-12.7
12166,medium,1,5.0,12.0,2.6,A,-15.2
12167,high,2,15.0,22.0,7.2,A,-100.0
12168,high,1,5.0,25.0,6.5,A,-15.8
12169,medium,0,22.0,2.0,9.7,C,-100.0
12170,high,1,2.0,8.0,3.1,A,-12.4
12171,high,1,6.0,13.0,8.7,A,-16.5
12172,low,2,3.0,13.0,2.4,A,-13.9
12173,medium,3,10.0,21.0,4.9,A,-100.0
12174,medium,1,10.0,7.0,3.3,A,-100.0
12175,high,1,15.0,21.0,6.2,A,-100.0
12176,none,1,7.0,14.0,8.1,C,-16.2
12177,high,2,21.0,5.0,8.0,A,-100.0
12178,medium,2,15.0,4.0,3.1,A,-100.0
12179,high,2,29.0,16.0,4.3,D,-100.0
12180,none,1,16.0,0.0,8.8,A,-100.0
12181,none,1,6.0,16.0,8.8,A,-14.1
12182,medium,1,33.0,2.0,8.9,A,-100.0
12183,high,2,21.0,1.0,7.3,A,-100.0
12184,low,0,2.0,12.0,9.7,A,-3.6
12185,none,0,9.0,13.0,5.2,A,-18.6
12186,low,4,11.0,8.0,8.9,A,-100.0
12187,high,1,7.0,15.0,6.5,A,-19.4
12188,medium,3,6.0,19.0,1.5,A,-100.0
12189,low,0,11.0,14.0,9.1,A,-19.6
12190,low,2,5.0,14.0,9.4,A,-13.9
12191,low,0,4.0,7.0,8.0,A,-8.0
12192,high,0,14.0,2.0,2.9,C,-100.0
12193,high,1,7.0,11.0,4.5,C,-100.0
12194,low,1,8.0,15.0,8.9,A,-16.9
12195,low,3,10.0,1.0,6.8,A,-100.0
12196,none,2,5.0,26.0,8.8,B,-14.7
12197,low,4,11.0,2.0,7.7,B,-100.0
12198,medium,2,9.0,5.0,9.7,C,-100.0
12199,high,4,8.0,3.0,9.6,C,-100.0
12200,low,1,12.0,6.0,3.2,C,-100.0
12201,medium,4,23.0,25.0,9.3,A,-100.0
12202,low,1,12.0,1.0,6.0,A,-100.0
12203,medium,1,3.0,8.0,3.2,A,-11.5
12204,high,1,4.0,9.0,4.4,A,-15.2
12205,low,2,,2.0,3.4,C,
12206,none,2,7.0,2.0,3.9,D,-100.0
12207,none,3,10.0,1.0,3.6,B,-100.0
12208,high,2,14.0,4.0,2.7,C,-100.0
12209,medium,1,19.0,6.0,1.2,A,-100.0
12210,low,1,8.0,7.0,2.5,A,-100.0
12211,none,4,17.0,24.0,9.0,A,-100.0
12212,high,1,9.0,6.0,8.5,C,-100.0
12213,low,1,13.0,0.0,8.7,A,-100.0
12214,medium,2,12.0,18.0,9.9,B,-100.0
12215,low,1,12.0,1.0,9.8,A,-100.0
12216,,2,5.0,28.0,4.9,B,-16.6
12217,high,1,2.0,7.0,8.9,A,-9.5
12218,high,3,3.0,1.0,2.4,A,-19.6
12219,high,2,25.0,10.0,1.4,C,-100.0
12220,high,3,2.0,2.0,2.3,A,-17.9
12221,low,3,5.0,29.0,4.5,A,-18.7
12222,high,1,5.0,14.0,5.4,C,-16.4
12223,medium,2,3.0,8.0,1.1,A,-15.0
12224,high,0,16.0,13.0,3.7,A,-100.0
12225,high,2,,40.0,6.3,C,
12226,high,2,3.0,12.0,10.0,A,-13.2
12227,low,0,5.0,6.0,6.2,A,-10.6
12228,low,2,9.0,9.0,2.6,C,-100.0
12229,medium,1,4.0,19.0,8.9,D,-10.3
12230,low,2,6.0,11.0,7.4,A,-16.7
12231,none,1,12.0,1.0,2.1,B,-100.0
12232,none,0,2.0,10.0,5.4,B,-6.3
12233,medium,1,4.0,11.0,9.7,D,-9.9
12234,low,0,8.0,13.0,8.6,B,-14.6
12235,none,0,19.0,12.0,9.4,C,-100.0
12236,high,1,3.0,11.0,6.5,D,-12.4
12237,medium,2,19.0,1.0,8.0,C,-100.0
12238,low,3,15.0,44.0,9.3,A,-100.0
12239,high,0,15.0,1.0,1.6,A,-100.0
12240,none,0,12.0,28.0,6.2,B,-100.0
12241,medium,3,19.0,4.0,1.7,A,-100.0
12242,high,1,6.0,4.0,9.6,A,-16.2
12243,high,2,10.0,10.0,2.0,A,-100.0
12244,none,0,21.0,4.0,9.8,C,-100.0
12245,medium,1,12.0,1.0,8.3,A,-100.0
12246,low,0,1.0,3.0,8.5,A,-2.5
12247,medium,3,25.0,7.0,8.4,A,-100.0
12248,low,1,14.0,15.0,2.3,B,-100.0
12249,medium,1,4.0,17.0,10.0,A,-9.7
12250,low,1,6.0,30.0,8.6,B,-13.4
12251,high,2,21.0,5.0,3.8,A,-100.0
12252,none,0,4.0,1.0,7.1,A,-9.1
12253,low,3,5.0,6.0,1.3,A,-100.0
12254,high,1,13.0,14.0,1.8,A,-100.0
12255,medium,3,10.0,3.0,8.7,A,-100.0
12256,none,3,5.0,7.0,9.5,D,-17.1
12257,high,1,5.0,1.0,5.1,D,-16.7
12258,medium,1,7.0,11.0,7.1,A,-16.5
12259,low,1,13.0,22.0,4.3,A,-100.0
12260,none,3,21.0,11.0,5.5,C,-100.0
12261,high,1,3.0,10.0,2.6,A,-14.4
12262,medium,2,5.0,13.0,8.5,B,-14.8
12263,medium,1,2.0,11.0,4.1,A,-9.2
12264,none,5,13.0,6.0,8.9,A,-100.0
12265,medium,2,2.0,14.0,9.2,C,-9.2
12266,high,0,2.0,29.0,1.2,C,-10.6
12267,low,2,22.0,8.0,3.7,A,-100.0
12268,low,0,9.0,6.0,8.5,C,-16.5
12269,medium,0,17.0,8.0,10.0,B,-100.0
12270,high,2,14.0,15.0,2.3,C,-100.0
12271,low,0,18.0,22.0,4.8,C,-100.0
12272,none,1,11.0,24.0,2.1,A,-100.0
12273,none,2,17.0,13.0,3.2,A,-100.0
12274,high,1,15.0,10.0,3.5,C,-100.0
12275,none,2,3.0,12.0,3.7,B,-13.9
12276,medium,3,28.0,6.0,8.1,A,-100.0
12277,low,2,27.0,9.0,7.9,A,-100.0
12278,none,2,6.0,23.0,5.1,A,-18.4
12279,low,2,10.0,23.0,8.6,A,-100.0
12280,low,3,13.0,14.0,9.4,A,-100.0
12281,medium,2,12.0,4.0,1.1,A,-100.0
12282,high,1,4.0,9.0,8.9,B,-13.0
12283,low,1,8.0,27.0,7.9,A,-17.3
12284,high,2,4.0,11.0,10.0,B,-14.9
12285,low,2,15.0,21.0,5.5,A,-100.0
12286,high,0,28.0,5.0,3.9,B,-100.0
12287,low,3,7.0,2.0,8.7,A,-100.0
12288,low,2,14.0,14.0,8.3,A,-100.0
12289,low,1,3.0,5.0,2.5,A,-11.5
12290,medium,1,13.0,47.0,4.8,A,-100.0
12291,medium,0,24.0,1.0,9.2,A,-100.0
12292,none,0,12.0,0.0,9.8,A,-100.0
12293,medium,1,3.0,13.0,8.3,A,-8.9
12294,low,0,10.0,4.0,6.8,A,-19.1
12295,high,2,16.0,20.0,8.4,B,-100.0
12296,high,2,25.0,9.0,7.8,A,-100.0
12297,none,0,3.0,3.0,8.9,A,-6.4
12298,medium,4,7.0,33.0,8.7,A,-100.0
12299,medium,2,22.0,6.0,3.1,C,-100.0
12300,none,0,8.0,8.0,3.8,B,-17.6
12301,medium,0,13.0,1.0,9.8,A,-100.0
12302,none,2,4.0,22.0,3.2,A,-15.8
12303,medium,1,15.0,6.0,7.3,C,-100.0
12304,high,1,2.0,12.0,4.5,A,-11.7
12305,low,0,11.0,1.0,6.0,D,-100.0
12306,low,1,6.0,29.0,8.2,A,-13.6
12307,high,2,7.0,2.0,1.5,A,-100.0
12308,high,2,10.0,3.0,7.3,A,-100.0
12309,medium,0,25.0,7.0,8.5,A,-100.0
12310,low,0,11.0,28.0,9.5,A,-19.3
12311,high,2,19.0,8.0,2.7,A,-100.0
12312,low,0,16.0,6.0,3.8,C,-100.0
12313,high,1,12.0,22.0,9.7,A,-100.0
12314,low,2,13.0,2.0,3.8,C,-100.0
12315,high,3,7.0,20.0,8.4,B,-100.0
12316,medium,0,3.0,4.0,2.4,A,-9.4
12317,low,0,4.0,2.0,7.8,C,-8.1
12318,low,1,14.0,19.0,1.4,C,-100.0
12319,none,1,8.0,4.0,9.8,C,-17.2
12320,medium,0,2.0,18.0,1.3,C,-8.1
12321,none,2,8.0,3.0,7.1,D,-100.0
12322,low,1,4.0,6.0,8.3,A,-10.3
12323,medium,1,9.0,2.0,9.0,A,-19.1
12324,medium,1,34.0,1.0,9.2,A,-100.0
12325,low,0,8.0,20.0,9.2,A,-14.2
12326,high,1,10.0,1.0,1.9,D,-100.0
12327,high,0,5.0,12.0,7.9,B,-12.7
12328,high,1,9.0,4.0,2.1,A,-100.0
12329,none,1,10.0,18.0,4.4,A,-100.0
12330,low,0,3.0,45.0,8.9,A,-5.4
12331,medium,2,7.0,14.0,9.5,A,-17.8
12332,none,1,8.0,3.0,7.3,A,-18.4
12333,high,0,24.0,5.0,10.0,D,-100.0
12334,none,2,3.0,23.0,8.3,A,-11.5
12335,low,2,3.0,6.0,6.6,C,-11.9
12336,high,0,22.0,13.0,4.2,B,-100.0
12337,low,1,7.0,13.0,9.4,C,-15.0
12338,low,1,5.0,6.0,9.0,C,-11.7
12339,medium,4,9.0,24.0,2.8,C,-100.0
12340,low,1,4.0,2.0,9.8,C,-9.6
12341,medium,0,9.0,6.0,2.8,A,-19.7
12342,none,1,28.0,9.0,8.9,B,-100.0
12343,high,1,5.0,3.0,8.1,A,-15.2
12344,none,0,10.0,4.0,9.2,A,-18.5
12345,high,4,4.0,21.0,1.9,D,-100.0
12346,low,1,3.0,8.0,8.5,A,-8.4
12347,none,1,4.0,10.0,9.0,A,-10.5
12348,low,3,5.0,5.0,9.9,A,-16.3
12349,high,3,11.0,11.0,6.1,A,-100.0
12350,medium,6,9.0,19.0,3.6,B,-100.0
12351,high,3,15.0,16.0,5.9,A,-100.0
12352,high,1,6.0,7.0,8.3,C,-16.8
12353,medium,0,21.0,19.0,5.3,A,-100.0
12354,medium,1,6.0,3.0,4.9,A,-15.9
12355,none,2,16.0,8.0,8.4,A,-100.0
12356,high,1,5.0,40.0,1.9,A,-17.9
12357,low,1,7.0,8.0,6.2,A,-16.6
12358,low,3,6.0,0.0,7.3,C,-19.4
12359,none,0,6.0,12.0,4.8,A,-13.6
12360,none,1,4.0,11.0,1.0,A,-14.5
12361,low,2,11.0,7.0,3.3,C,-100.0
12362,medium,2,11.0,14.0,3.6,B,-100.0
12363,low,3,9.0,45.0,3.1,A,-100.0
12364,low,1,5.0,3.0,9.7,A,-11.4
12365,low,1,9.0,5.0,8.6,B,-18.9
12366,low,0,6.0,7.0,9.2,B,-10.8
12367,medium,1,26.0,5.0,8.6,A,-100.0
12368,low,2,4.0,7.0,3.6,B,-15.2
12369,low,2,7.0,5.0,7.4,D,-18.5
12370,medium,2,4.0,17.0,5.3,A,-14.6
12371,low,1,3.0,10.0,3.9,A,-10.7
12372,none,3,3.0,4.0,8.2,C,-14.2
12373,low,1,4.0,28.0,8.2,A,-10.1
12374,high,1,40.0,10.0,3.3,A,-100.0
12375,none,4,2.0,5.0,2.0,A,-18.1
12376,low,2,8.0,0.0,7.0,C,-100.0
12377,none,0,5.0,4.0,4.2,A,-12.2
12378,high,2,6.0,2.0,5.3,A,-100.0
12379,low,3,14.0,11.0,9.5,D,-100.0
12380,medium,0,2.0,10.0,3.7,D,-6.9
12381,none,1,5.0,0.0,5.3,A,-14.2
12382,medium,1,17.0,35.0,9.3,A,-100.0
12383,low,1,5.0,17.0,8.5,A,-11.8
12384,medium,0,5.0,6.0,2.3,A,-12.9
12385,low,1,1.0,19.0,6.7,A,-5.7
12386,medium,2,22.0,13.0,7.2,B,-100.0
12387,high,2,4.0,37.0,9.8,C,-14.7
12388,,1,7.0,31.0,5.7,A,-17.2
12389,medium,0,7.0,1.0,6.1,D,-14.6
12390,high,0,4.0,19.0,5.2,A,-12.2
12391,high,1,16.0,10.0,4.1,A,-100.0
12392,none,1,36.0,1.0,2.7,C,-100.0
12393,low,0,15.0,7.0,9.7,A,-100.0
12394,high,4,24.0,6.0,8.1,A,-100.0
12395,none,1,5.0,0.0,9.4,C,-12.2
12396,medium,1,7.0,12.0,8.2,C,-15.9
12397,low,2,16.0,8.0,8.6,A,-100.0
12398,low,1,10.0,17.0,2.9,A,-100.0
12399,low,1,8.0,9.0,4.1,A,-19.4
12400,high,1,10.0,10.0,2.4,A,-100.0
12401,low,2,1.0,4.0,9.2,D,-7.1
12402,high,1,11.0,3.0,7.3,B,-100.0
12403,high,1,32.0,14.0,9.1,A,-100.0
12404,high,0,13.0,13.0,9.7,A,-100.0
12405,low,2,10.0,13.0,6.0,A,-100.0
12406,high,2,14.0,21.0,8.4,A,-100.0
12407,low,0,25.0,11.0,2.7,A,-100.0
12408,high,1,7.0,2.0,1.5,A,-100.0
12409,high,1,14.0,4.0,2.9,C,-100.0
12410,medium,0,15.0,8.0,8.9,C,-100.0
12411,low,0,12.0,15.0,2.1,A,-100.0
12412,medium,2,15.0,0.0,9.9,A,-100.0
12413,high,0,7.0,3.0,6.7,C,-16.9
12414,medium,3,11.0,1.0,9.8,B,-100.0
12415,low,0,1.0,0.0,1.2,A,-6.2
12416,high,0,22.0,6.0,6.0,A,-100.0
12417,low,1,8.0,2.0,1.3,A,-100.0
12418,low,0,31.0,12.0,3.3,A,-100.0
12419,low,3,2.0,2.0,9.3,A,-11.4
12420,none,1,9.0,32.0,9.8,A,-18.7
12421,high,2,11.0,5.0,10.0,A,-100.0
12422,medium,1,6.0,23.0,8.8,A,-13.8
12423,none,2,12.0,1.0,8.4,A,-100.0
12424,high,1,14.0,12.0,4.1,C,-100.0
12425,none,0,4.0,7.0,5.7,A,-9.7
12426,none,0,4.0,10.0,5.3,B,-9.9
12427,high,0,40.0,5.0,9.6,C,-100.0
12428,none,0,9.0,20.0,6.6,A,-17.9
12429,low,0,13.0,6.0,9.4,A,-100.0
12430,none,2,7.0,9.0,8.1,A,-18.7
12431,low,0,3.0,11.0,3.3,A,-8.5
12432,medium,0,4.0,5.0,2.5,C,-11.1
12433,high,2,14.0,16.0,10.0,C,-100.0
12434,high,1,7.0,5.0,5.3,A,-100.0
12435,low,4,15.0,18.0,8.0,B,-100.0
12436,high,2,4.0,22.0,7.0,A,-16.3
12437,high,4,3.0,5.0,9.5,D,-18.5
12438,high,0,12.0,7.0,9.0,A,-100.0
12439,high,0,12.0,20.0,8.6,A,-100.0
12440,none,1,22.0,4.0,5.2,A,-100.0
12441,high,1,4.0,2.0,5.7,A,-14.7
12442,medium,2,5.0,4.0,9.4,A,-14.4
12443,high,1,18.0,6.0,6.4,A,-100.0
12444,none,1,15.0,13.0,7.3,D,-100.0
12445,low,1,2.0,9.0,6.1,C,-7.9
12446,high,1,14.0,18.0,5.8,A,-100.0
12447,,1,5.0,18.0,6.7,A,-13.3
12448,low,2,2.0,7.0,1.5,A,-12.7
12449,low,2,30.0,7.0,7.5,A,-100.0
12450,low,3,7.0,13.0,6.9,A,-100.0
12451,medium,3,10.0,1.0,4.2,A,-100.0
12452,high,2,10.0,2.0,4.2,A,-100.0
12453,none,0,17.0,16.0,3.9,A,-100.0
12454,low,2,10.0,0.0,8.2,A,-100.0
12455,medium,1,7.0,3.0,2.3,B,-19.0
12456,low,2,12.0,0.0,8.6,C,-100.0
12457,high,0,1.0,9.0,9.7,C,-4.8
12458,high,1,7.0,30.0,4.6,A,-100.0
12459,none,2,8.0,18.0,3.8,A,-100.0
12460,none,3,5.0,1.0,3.2,A,-100.0
12461,high,1,35.0,7.0,7.5,A,-100.0
12462,medium,1,4.0,50.0,8.8,A,-10.0
12463,high,2,10.0,1.0,9.7,A,-100.0
12464,high,1,7.0,50.0,8.5,B,-18.0
12465,low,2,3.0,11.0,8.8,C,-10.8
12466,low,0,3.0,24.0,8.2,A,-5.9
12467,high,2,6.0,5.0,5.1,A,-100.0
12468,high,2,2.0,14.0,9.8,B,-11.5
12469,,1,14.0,4.0,9.2,A,-100.0
12470,low,0,6.0,1.0,8.4,A,-11.3
12471,high,0,2.0,17.0,8.4,C,-7.2
12472,low,1,19.0,4.0,4.1,A,-100.0
12473,high,0,12.0,4.0,1.1,A,-100.0
12474,high,1,26.0,7.0,7.4,A,-100.0
12475,,0,29.0,8.0,8.2,A,-100.0
12476,medium,1,4.0,21.0,2.4,A,-13.5
12477,high,1,5.0,2.0,9.9,A,-14.3
12478,medium,2,10.0,22.0,6.0,A,-100.0
12479,high,1,11.0,13.0,5.0,A,-100.0
12480,medium,1,8.0,4.0,1.6,A,-100.0
12481,none,1,1.0,20.0,9.2,A,-5.1
12482,medium,0,16.0,3.0,3.6,A,-100.0
12483,high,1,29.0,13.0,3.7,A,-100.0
12484,low,4,8.0,0.0,9.2,A,-100.0
12485,low,1,11.0,16.0,3.9,C,-100.0
12486,medium,0,15.0,8.0,9.9,A,-100.0
12487,low,1,7.0,22.0,4.9,A,-17.1
12488,low,3,4.0,1.0,3.5,B,-17.8
12489,medium,0,10.0,11.0,8.3,A,-18.6
12490,none,0,10.0,13.0,3.5,A,-100.0
12491,low,0,14.0,27.0,7.1,B,-100.0
12492,low,1,30.0,3.0,1.0,C,-100.0
12493,none,1,6.0,9.0,5.6,A,-15.7
12494,low,1,8.0,12.0,4.1,C,-19.4
12495,low,0,0.0,9.0,2.2,A,-3.8
12496,low,3,9.0,0.0,7.6,D,-100.0
12497,none,0,19.0,3.0,1.7,B,-100.0
12498,high,0,11.0,9.0,3.3,A,-100.0
12499,high,1,7.0,3.0,2.3,A,-100.0
12500,none,1,1.0,20.0,9.1,A,-5.1
12501,high,1,13.0,40.0,4.5,B,-100.0
12502,low,2,10.0,1.0,8.2,C,-100.0
12503,none,1,11.0,5.0,7.0,A,-100.0
12504,medium,1,7.0,8.0,5.3,A,-17.4
12505,low,2,10.0,2.0,4.4,A,-100.0
12506,low,0,23.0,6.0,2.7,B,-100.0
12507,high,3,2.0,1.0,8.9,C,-14.6
12508,low,1,4.0,11.0,1.6,A,-13.6
12509,none,0,8.0,0.0,9.7,A,-14.8
12510,medium,0,8.0,30.0,3.9,A,-17.1
12511,high,0,,27.0,6.2,C,
12512,high,4,2.0,15.0,3.2,A,-19.8
12513,none,1,13.0,1.0,8.1,A,-100.0
12514,medium,3,20.0,20.0,7.1,A,-100.0
12515,medium,0,9.0,11.0,1.5,A,-100.0
12516,medium,0,4.0,15.0,2.9,A,-10.8
12517,high,1,4.0,6.0,4.3,A,-15.3
12518,high,0,2.0,2.0,3.0,A,-10.0
12519,high,0,6.0,2.0,9.4,C,-13.8
12520,low,2,3.0,3.0,6.7,C,-11.9
12521,none,3,14.0,16.0,8.6,A,-100.0
12522,medium,1,7.0,1.0,9.5,A,-15.4
12523,low,4,16.0,0.0,5.5,A,-100.0
12524,high,4,7.0,26.0,3.5,B,-100.0
12525,none,1,12.0,23.0,1.1,C,-100.0
12526,medium,1,1.0,7.0,7.4,D,-5.9
12527,high,1,36.0,5.0,6.8,B,-100.0
12528,medium,0,0.0,9.0,,A,
12529,high,1,2.0,6.0,9.6,D,-9.2
12530,low,1,10.0,13.0,8.4,C,-100.0
12531,low,2,21.0,13.0,2.5,D,-100.0
12532,high,1,0.0,50.0,8.5,C,-5.8
12533,low,1,6.0,8.0,8.3,A,-13.8
12534,none,2,7.0,5.0,3.5,A,-100.0
12535,high,3,9.0,25.0,6.9,B,-100.0
12536,none,1,40.0,3.0,2.9,B,-100.0
12537,low,0,10.0,45.0,2.8,D,-100.0
12538,low,2,3.0,18.0,9.4,A,-10.4
12539,low,0,12.0,42.0,6.0,A,-100.0
12540,low,1,1.0,11.0,9.4,B,-4.5
12541,low,0,4.0,32.0,2.2,A,-10.6
12542,,0,3.0,10.0,3.1,A,-9.2
12543,medium,3,25.0,3.0,2.0,D,-100.0
12544,medium,1,16.0,4.0,9.5,D,-100.0
12545,none,2,5.0,1.0,3.1,C,-17.8
12546,high,1,9.0,11.0,9.2,D,-100.0
12547,none,2,6.0,10.0,5.3,A,-18.4
12548,high,3,5.0,15.0,8.1,A,-100.0
12549,medium,2,3.0,45.0,9.6,A,-10.4
12550,high,0,13.0,14.0,8.7,A,-100.0
12551,high,1,18.0,2.0,8.4,B,-100.0
12552,medium,1,3.0,22.0,9.2,A,-8.3
12553,none,2,16.0,5.0,7.0,A,-100.0
12554,,2,1.0,3.0,8.1,C,-8.3
12555,medium,2,11.0,6.0,3.4,B,-100.0
12556,none,4,16.0,10.0,9.2,C,-100.0
12557,medium,1,1.0,12.0,9.4,A,-4.8
12558,medium,1,1.0,2.0,8.4,D,-5.4
12559,low,1,23.0,10.0,7.2,A,-100.0
12560,high,0,12.0,13.0,5.8,C,-100.0
12561,high,1,2.0,3.0,1.2,A,-13.4
12562,low,4,19.0,1.0,9.6,A,-100.0
12563,none,2,1.0,14.0,2.4,A,-11.0
12564,high,2,8.0,7.0,8.0,A,-100.0
12565,none,0,2.0,2.0,4.8,A,-6.7
12566,low,0,14.0,33.0,7.9,A,-100.0
12567,medium,1,9.0,5.0,9.0,C,-19.1
12568,high,1,18.0,2.0,9.2,A,-100.0
12569,medium,2,4.0,7.0,3.3,A,-15.7
12570,low,2,16.0,18.0,9.8,B,-100.0
12571,none,1,12.0,12.0,9.8,A,-100.0
12572,medium,1,12.0,17.0,8.0,A,-100.0
12573,medium,4,8.0,12.0,3.0,A,-100.0
12574,none,3,4.0,1.0,4.8,C,-17.7
12575,high,1,14.0,6.0,1.3,C,-100.0
12576,medium,1,11.0,50.0,4.5,A,-100.0
12577,medium,0,1.0,5.0,9.3,C,-2.5
12578,low,1,12.0,20.0,8.6,A,-100.0
12579,medium,3,10.0,2.0,3.4,A,-100.0
12580,none,2,16.0,2.0,7.8,A,-100.0
12581,medium,3,4.0,7.0,5.7,A,-17.0
12582,medium,2,8.0,26.0,6.4,A,-100.0
12583,medium,4,15.0,13.0,4.9,A,-100.0
12584,low,3,0.0,12.0,7.6,A,-8.6
12585,low,2,18.0,8.0,2.1,C,-100.0
12586,medium,2,22.0,2.0,8.7,A,-100.0
12587,,2,3.0,19.0,1.1,A,-15.1
12588,none,0,5.0,3.0,5.3,B,-11.7
12589,low,4,19.0,45.0,9.6,A,-100.0
12590,none,2,21.0,15.0,2.8,B,-100.0
12591,high,3,13.0,5.0,10.0,D,-100.0
12592,medium,0,22.0,48.0,8.9,C,-100.0
12593,high,3,12.0,8.0,1.8,A,-100.0
12594,medium,1,31.0,5.0,3.6,C,-100.0
12595,,3,30.0,9.0,4.5,A,-100.0
12596,low,1,7.0,4.0,8.2,B,-15.6
12597,low,0,33.0,13.0,8.8,A,-100.0
12598,none,2,2.0,3.0,7.2,C,-10.5
12599,low,0,20.0,6.0,5.0,D,
12600,low,2,10.0,0.0,9.8,A,-100.0
12601,high,1,2.0,14.0,3.2,B,-12.3
12602,high,1,3.0,7.0,9.1,C,-11.2
12603,high,0,9.0,4.0,9.8,A,-18.8
12604,medium,3,6.0,13.0,2.9,C,-100.0
12605,high,0,3.0,5.0,8.7,A,-8.9
12606,high,3,4.0,14.0,3.2,D,-100.0
12607,high,2,3.0,32.0,3.0,A,-16.4
12608,high,1,11.0,16.0,3.9,A,-100.0
12609,low,3,19.0,0.0,6.2,B,-100.0
12610,high,4,9.0,2.0,5.4,A,-100.0
12611,high,1,7.0,3.0,1.1,D,-100.0
12612,low,1,40.0,2.0,5.7,A,-100.0
12613,low,0,7.0,0.0,4.4,A,-15.1
12614,low,0,8.0,13.0,2.0,D,-17.9
12615,low,0,5.0,22.0,2.1,A,-12.5
12616,low,3,4.0,9.0,9.0,A,-14.9
12617,medium,1,8.0,3.0,10.0,C,-16.9
12618,high,2,7.0,17.0,6.1,C,-100.0
12619,medium,3,32.0,3.0,3.1,A,-100.0
12620,low,4,8.0,4.0,7.7,A,-100.0
12621,none,3,6.0,43.0,9.2,C,-18.6
12622,medium,3,3.0,0.0,6.1,A,-15.1
12623,medium,0,4.0,2.0,1.3,A,-11.7
12624,none,1,3.0,7.0,8.6,B,-9.0
12625,medium,0,3.0,19.0,4.1,C,-8.4
12626,medium,1,10.0,6.0,2.8,A,-100.0
12627,high,4,10.0,1.0,6.0,B,-100.0
12628,high,1,9.0,12.0,2.5,A,-100.0
12629,medium,3,10.0,31.0,7.8,A,-100.0
12630,none,3,2.0,1.0,3.7,B,-14.8
12631,low,1,5.0,2.0,6.6,A,-13.0
12632,high,0,10.0,3.0,4.9,A,-100.0
12633,medium,2,6.0,5.0,8.3,A,-16.7
12634,high,2,10.0,2.0,6.6,A,-100.0
12635,high,3,10.0,3.0,6.7,A,-100.0
12636,low,2,8.0,43.0,7.7,A,-19.8
12637,low,1,5.0,3.0,8.7,A,-11.9
12638,medium,2,14.0,10.0,1.2,A,-100.0
12639,none,1,6.0,25.0,8.1,B,-14.3
12640,high,1,12.0,2.0,5.2,A,-100.0
12641,medium,0,9.0,5.0,9.3,A,-16.5
12642,,1,2.0,43.0,8.3,A,-7.0
12643,none,2,2.0,11.0,9.8,C,-9.1
12644,high,1,11.0,50.0,7.1,C,-100.0
12645,low,4,5.0,28.0,3.3,A,-100.0
12646,high,1,19.0,3.0,4.9,A,-100.0
12647,low,0,4.0,15.0,3.2,A,-10.3
12648,low,1,5.0,1.0,5.2,B,-13.7
12649,none,1,11.0,22.0,3.7,A,-100.0
12650,high,1,7.0,10.0,6.4,A,-19.5
12651,high,1,12.0,10.0,7.0,C,-100.0
12652,,1,2.0,4.0,9.7,A,-6.7
12653,none,0,8.0,10.0,2.1,A,-18.5
12654,high,1,13.0,16.0,4.3,C,-100.0
12655,none,1,5.0,19.0,5.3,C,-14.0
12656,high,3,12.0,14.0,9.9,A,-100.0
12657,medium,1,7.0,22.0,8.3,A,-15.8
12658,high,4,1.0,24.0,5.2,A,-16.9
12659,high,0,5.0,25.0,9.1,A,-12.0
12660,low,3,7.0,8.0,4.0,A,-100.0
12661,high,4,26.0,1.0,3.4,C,-100.0
12662,low,2,15.0,2.0,6.7,A,-100.0
12663,high,2,7.0,4.0,8.2,A,-100.0
12664,medium,0,13.0,4.0,1.6,A,-100.0
12665,low,0,4.0,16.0,5.6,A,-9.1
12666,high,1,16.0,28.0,9.9,C,-100.0
12667,high,1,13.0,8.0,1.9,A,-100.0
12668,high,4,10.0,50.0,6.0,C,-100.0
12669,none,2,5.0,2.0,7.3,A,-15.7
12670,low,2,2.0,25.0,5.9,C,-10.3
12671,,1,4.0,28.0,4.6,A,-12.5
12672,high,2,6.0,21.0,9.6,A,-18.5
12673,none,2,4.0,11.0,8.1,A,-13.5
12674,medium,1,21.0,1.0,2.2,A,-100.0
12675,medium,0,2.0,5.0,2.1,A,-7.8
12676,high,1,1.0,9.0,10.0,A,-7.2
12677,high,1,5.0,8.0,2.4,B,-18.0
12678,medium,2,5.0,7.0,6.9,A,-15.6
12679,none,1,17.0,10.0,7.0,A,-100.0
12680,low,1,36.0,3.0,1.5,A,-100.0
12681,medium,1,20.0,9.0,4.6,C,-100.0
12682,low,0,5.0,23.0,5.6,A,-10.7
12683,high,1,2.0,36.0,8.7,C,-9.3
12684,low,2,12.0,18.0,2.9,A,-100.0
12685,low,1,20.0,50.0,6.7,A,-100.0
12686,high,0,6.0,8.0,9.5,A,-13.7
12687,low,1,3.0,34.0,9.7,A,-7.6
12688,medium,1,,15.0,7.8,C,
12689,low,0,16.0,7.0,8.8,C,-100.0
12690,low,0,11.0,7.0,2.4,A,-100.0
12691,low,3,24.0,0.0,9.0,A,-100.0
12692,none,2,9.0,8.0,1.5,A,-100.0
12693,none,0,12.0,0.0,8.7,C,-100.0
12694,high,1,15.0,11.0,5.9,A,-100.0
12695,medium,6,11.0,9.0,4.2,C,-100.0
12696,high,1,7.0,1.0,8.3,C,-18.6
12697,high,3,8.0,14.0,7.0,C,-100.0
12698,high,1,13.0,2.0,2.1,C,-100.0
12699,low,2,11.0,3.0,4.8,A,-100.0
12700,high,1,12.0,13.0,1.2,C,-100.0
12701,high,1,32.0,3.0,5.5,A,-100.0
12702,low,4,,5.0,1.1,C,
12703,low,1,10.0,11.0,2.3,A,-100.0
12704,medium,2,9.0,0.0,7.1,C,-100.0
12705,high,1,3.0,1.0,6.5,A,-12.5
12706,low,2,9.0,1.0,9.2,A,-100.0
12707,low,1,2.0,18.0,8.1,A,-6.8
12708,medium,0,4.0,2.0,2.8,B,-11.0
12709,medium,2,5.0,17.0,1.6,B,-18.2
12710,none,3,20.0,33.0,8.6,A,-100.0
12711,low,2,9.0,19.0,8.5,A,-100.0
12712,low,2,5.0,21.0,10.0,A,-13.6
12713,none,1,12.0,11.0,2.3,A,-100.0
12714,none,1,26.0,37.0,9.1,A,-100.0
12715,high,0,9.0,8.0,2.6,A,-100.0
12716,medium,2,11.0,13.0,1.2,A,-100.0
12717,high,1,8.0,26.0,5.9,B,-100.0
12718,low,3,5.0,3.0,9.1,C,-16.7
12719,low,1,11.0,4.0,7.8,B,-100.0
12720,high,0,6.0,0.0,8.9,D,-14.1
12721,high,1,1.0,5.0,5.9,B,-9.3
12722,none,5,4.0,5.0,9.8,A,-100.0
12723,medium,1,14.0,21.0,6.3,A,-100.0
12724,low,2,5.0,10.0,1.4,A,-18.0
12725,medium,0,7.0,49.0,2.8,A,-15.8
12726,medium,3,27.0,33.0,1.4,A,-100.0
12727,high,1,10.0,2.0,2.3,A,-100.0
12728,high,0,7.0,33.0,2.6,A,-18.6
12729,low,3,6.0,8.0,8.3,D,-18.8
12730,high,0,9.0,7.0,8.5,A,-19.5
12731,low,0,,2.0,2.6,C,
12732,medium,2,6.0,13.0,1.3,C,-100.0
12733,high,0,10.0,10.0,5.9,A,-100.0
12734,low,0,16.0,8.0,8.5,C,-100.0
12735,medium,3,5.0,33.0,4.6,A,-19.0
12736,medium,2,7.0,11.0,2.5,A,-100.0
12737,low,5,4.0,6.0,6.3,A,-100.0
12738,medium,1,9.0,16.0,8.1,A,-19.4
12739,low,0,18.0,14.0,1.1,A,-100.0
12740,,0,8.0,6.0,4.0,A,-17.6
12741,low,2,7.0,15.0,7.2,A,-18.5
12742,low,2,9.0,8.0,2.5,A,-100.0
12743,medium,3,4.0,4.0,5.2,A,-17.3
12744,high,2,6.0,29.0,6.9,A,-19.8
12745,low,0,5.0,13.0,3.5,C,-11.9
12746,none,2,0.0,1.0,6.8,C,-7.2
12747,low,2,3.0,10.0,8.8,A,-10.8
12748,none,1,8.0,14.0,9.9,A,-17.0
12749,low,1,8.0,31.0,1.9,A,-100.0
12750,high,1,1.0,10.0,9.5,A,-7.4
12751,low,1,16.0,16.0,9.6,A,-100.0
12752,low,1,2.0,37.0,9.0,C,-6.2
12753,high,1,5.0,2.0,3.5,A,-17.5
12754,low,1,12.0,23.0,4.4,A,-100.0
12755,high,3,3.0,8.0,3.6,C,-18.9
12756,none,3,7.0,8.0,,D,
12757,high,2,8.0,14.0,2.7,C,-100.0
12758,none,2,5.0,15.0,5.9,D,-16.3
12759,medium,2,14.0,26.0,8.2,C,-100.0
12760,medium,2,6.0,6.0,8.5,A,-16.6
12761,medium,2,17.0,13.0,4.4,A,-100.0
12762,low,6,6.0,6.0,4.8,A,-100.0
12763,low,2,9.0,2.0,9.0,A,-100.0
12764,medium,0,12.0,50.0,8.9,A,-100.0
12765,high,4,12.0,25.0,8.8,B,-100.0
12766,high,2,10.0,6.0,2.7,A,-100.0
12767,low,0,1.0,7.0,8.6,A,-2.4
12768,none,0,10.0,7.0,3.2,A,-100.0
12769,low,1,4.0,26.0,1.1,C,-13.7
12770,high,1,10.0,21.0,9.0,B,-100.0
12771,medium,0,4.0,1.0,6.8,A,-9.0
12772,low,1,3.0,10.0,7.8,C,-8.8
12773,none,1,6.0,3.0,5.0,A,-16.1
12774,low,3,4.0,27.0,8.6,C,-15.0
12775,high,0,11.0,10.0,6.7,A,-100.0
12776,low,3,16.0,11.0,5.4,A,-100.0
12777,low,3,9.0,16.0,1.7,A,-100.0
12778,medium,2,19.0,48.0,8.1,D,-100.0
12779,none,5,12.0,12.0,1.6,A,-100.0
12780,medium,2,2.0,31.0,6.1,A,-10.5
12781,low,0,,10.0,9.9,C,
12782,high,0,4.0,20.0,8.1,B,-10.8
12783,low,3,5.0,6.0,9.5,A,-16.5
12784,low,1,20.0,21.0,9.5,A,-100.0
12785,medium,1,9.0,22.0,6.8,A,-100.0
12786,medium,2,17.0,13.0,,D,
12787,high,1,4.0,16.0,6.0,A,-14.4
12788,medium,5,15.0,1.0,5.3,C,-100.0
12789,none,4,10.0,2.0,8.2,A,-100.0
12790,medium,1,22.0,16.0,3.7,A,-100.0
12791,low,1,10.0,3.0,9.1,A,-100.0
12792,medium,0,23.0,19.0,1.6,C,-100.0
12793,high,4,12.0,9.0,9.2,A,-100.0
12794,low,1,6.0,9.0,7.1,C,-14.4
12795,medium,2,2.0,14.0,3.8,A,-11.9
12796,,2,9.0,11.0,1.9,A,-100.0
12797,high,1,17.0,16.0,8.4,A,-100.0
12798,medium,0,20.0,5.0,9.6,A,-100.0
12799,low,1,3.0,10.0,8.0,D,-8.7
12800,none,4,22.0,16.0,6.0,C,-100.0
12801,,1,5.0,10.0,8.2,A,-12.7
12802,low,1,31.0,25.0,5.6,A,-100.0
12803,high,0,4.0,14.0,7.2,A,-11.3
12804,high,1,9.0,32.0,8.6,A,-100.0
12805,low,0,18.0,7.0,3.5,A,-100.0
12806,high,2,14.0,25.0,7.0,A,-100.0
12807,none,1,3.0,5.0,8.7,A,-9.0
12808,low,2,19.0,22.0,3.3,A,-100.0
12809,high,0,14.0,4.0,9.9,C,-100.0
12810,medium,1,11.0,0.0,8.7,D,-100.0
12811,high,2,11.0,10.0,4.0,A,-100.0
12812,high,2,7.0,2.0,8.9,B,-100.0
12813,low,1,6.0,9.0,4.1,A,-15.9
12814,low,1,11.0,5.0,6.9,A,-100.0
12815,none,3,4.0,50.0,2.4,C,-18.4
12816,low,1,2.0,6.0,1.9,A,-10.0
12817,high,2,5.0,14.0,1.1,B,-100.0
12818,none,1,10.0,10.0,1.7,A,-100.0
12819,high,3,9.0,2.0,3.9,A,-100.0
12820,low,1,7.0,7.0,9.0,D,-15.2
12821,high,3,12.0,9.0,8.2,A,-100.0
12822,high,0,2.0,4.0,4.2,A,-9.4
12823,high,1,11.0,23.0,4.5,A,-100.0
12824,high,1,3.0,2.0,9.6,A,-11.0
12825,low,2,5.0,3.0,9.5,A,-14.0
12826,high,1,9.0,38.0,9.7,A,-100.0
12827,high,1,4.0,2.0,9.1,A,-12.9
12828,none,1,16.0,4.0,9.6,B,-100.0
12829,low,2,3.0,5.0,1.4,C,-14.5
12830,medium,0,4.0,5.0,7.2,A,-8.8
12831,low,1,9.0,1.0,6.1,C,-100.0
12832,high,1,3.0,4.0,9.7,C,-10.9
12833,,1,6.0,7.0,1.9,A,-17.6
12834,low,2,2.0,3.0,9.1,A,-8.9
12835,none,1,19.0,2.0,6.0,C,-100.0
12836,high,0,14.0,17.0,2.9,C,-100.0
12837,medium,3,14.0,6.0,8.8,A,-100.0
12838,medium,3,11.0,13.0,9.0,C,-100.0
12839,low,1,2.0,18.0,8.3,A,-6.7
12840,low,1,5.0,31.0,2.8,A,-14.6
12841,medium,4,8.0,12.0,9.6,A,-100.0
12842,high,4,8.0,13.0,6.2,A,-100.0
12843,low,0,4.0,1.0,3.0,A,-10.5
12844,high,1,6.0,30.0,9.7,C,-15.9
12845,medium,2,6.0,13.0,4.0,A,-18.8
12846,low,1,17.0,14.0,9.9,C,-100.0
12847,low,1,13.0,11.0,7.7,A,-100.0
12848,medium,0,7.0,1.0,9.5,B,-12.9
12849,medium,1,13.0,14.0,7.8,A,-100.0
12850,medium,1,9.0,27.0,9.8,C,-18.5
12851,high,0,7.0,5.0,8.2,A,-16.1
12852,low,0,,8.0,7.4,C,
12853,high,0,13.0,13.0,6.9,A,-100.0
12854,none,1,1.0,5.0,8.7,A,-5.5
12855,high,2,2.0,6.0,6.8,A,-13.1
12856,low,0,3.0,9.0,5.3,C,-7.5
12857,medium,0,8.0,2.0,9.0,A,-14.9
12858,medium,1,12.0,15.0,2.0,A,-100.0
12859,none,0,23.0,14.0,7.6,A,-100.0
12860,high,1,25.0,3.0,2.9,A,-100.0
12861,none,3,5.0,13.0,1.8,C,-100.0
12862,high,3,6.0,11.0,6.3,C,-100.0
12863,high,0,11.0,1.0,7.5,A,-100.0
12864,high,0,4.0,12.0,5.1,D,-12.4
12865,low,1,18.0,9.0,9.1,A,-100.0
12866,high,1,2.0,9.0,1.5,A,-13.2
12867,high,3,11.0,0.0,9.8,A,-100.0
12868,high,0,12.0,14.0,2.3,A,-100.0
12869,low,2,8.0,7.0,7.7,A,-100.0
12870,high,2,23.0,25.0,7.1,B,-100.0
12871,low,1,18.0,50.0,9.4,C,-100.0
12872,high,1,12.0,9.0,9.8,A,-100.0
12873,none,2,5.0,2.0,2.9,D,-17.9
12874,medium,3,2.0,13.0,2.5,A,-15.0
12875,low,3,5.0,8.0,9.2,A,-16.6
12876,high,0,1.0,10.0,,D,
12877,low,2,4.0,7.0,1.7,A,-16.1
12878,low,0,5.0,31.0,2.4,C,-12.3
12879,high,2,5.0,3.0,1.9,A,-100.0
12880,medium,2,7.0,18.0,7.4,A,-18.8
12881,high,3,24.0,40.0,9.9,A,-100.0
12882,none,4,7.0,16.0,2.7,A,-100.0
12883,low,2,4.0,3.0,7.4,A,-13.3
12884,medium,1,12.0,10.0,9.2,A,-100.0
12885,low,1,1.0,7.0,,A,
12886,medium,2,3.0,10.0,6.7,C,-12.2
12887,medium,1,32.0,12.0,8.5,A,-100.0
12888,high,2,5.0,6.0,2.9,A,-100.0
12889,low,1,20.0,1.0,2.8,C,-100.0
12890,none,0,9.0,33.0,8.5,A,-16.8
12891,high,3,16.0,8.0,8.5,C,-100.0
12892,high,0,11.0,19.0,9.3,A,-100.0
12893,high,2,12.0,2.0,8.3,A,-100.0
12894,high,0,8.0,24.0,9.0,A,-17.3
12895,medium,1,19.0,21.0,4.1,A,-100.0
12896,low,1,3.0,13.0,2.7,C,-11.3
12897,medium,2,8.0,6.0,9.8,A,-19.4
12898,,5,11.0,26.0,1.4,A,-100.0
12899,medium,1,3.0,6.0,9.1,D,-8.5
12900,high,1,13.0,17.0,2.1,C,-100.0
12901,low,2,7.0,0.0,9.4,D,-17.6
12902,low,1,9.0,9.0,8.1,A,-19.1
12903,medium,1,4.0,13.0,9.3,A,-10.1
12904,high,4,14.0,6.0,3.1,A,-100.0
12905,low,1,9.0,14.0,8.8,A,-18.7
12906,medium,1,6.0,6.0,2.1,A,-17.3
12907,medium,0,14.0,16.0,6.2,C,-100.0
12908,medium,3,10.0,1.0,1.1,C,-100.0
12909,none,2,15.0,6.0,2.6,A,-100.0
12910,high,0,2.0,7.0,8.9,A,-7.0
12911,high,0,10.0,2.0,2.5,A,-100.0
12912,none,4,10.0,3.0,9.1,C,-100.0
12913,low,2,16.0,6.0,9.0,B,-100.0
12914,none,1,11.0,7.0,5.2,A,-100.0
12915,none,0,4.0,11.0,2.3,A,-11.4
12916,none,3,14.0,9.0,2.1,A,-100.0
12917,low,3,8.0,28.0,8.3,B,-100.0
12918,medium,3,3.0,32.0,6.6,A,-14.5
12919,high,1,8.0,29.0,8.3,D,-100.0
12920,low,1,12.0,2.0,4.1,B,-100.0
12921,low,2,7.0,3.0,9.1,A,-17.7
12922,low,1,14.0,12.0,1.5,A,-100.0
12923,,1,25.0,3.0,4.2,A,-100.0
12924,medium,4,3.0,50.0,3.1,A,-18.6
12925,none,0,18.0,7.0,8.3,A,-100.0
12926,low,2,12.0,37.0,6.3,C,-100.0
12927,medium,0,1.0,0.0,8.1,A,-3.1
12928,medium,4,12.0,4.0,1.8,B,-100.0
12929,high,3,7.0,1.0,9.7,A,-100.0
12930,medium,2,18.0,16.0,8.9,B,-100.0
12931,low,1,10.0,9.0,9.2,C,-100.0
12932,none,3,16.0,5.0,8.1,A,-100.0
12933,low,1,23.0,0.0,1.8,A,-100.0
12934,high,0,18.0,3.0,4.7,C,-100.0
12935,high,2,8.0,3.0,8.9,D,-100.0
12936,low,3,1.0,10.0,5.4,C,-11.5
12937,low,2,5.0,3.0,8.3,A,-14.6
12938,high,0,5.0,13.0,2.2,C,-15.5
12939,medium,1,12.0,45.0,2.8,A,-100.0
12940,high,0,3.0,13.0,1.0,A,-12.6
12941,high,5,7.0,8.0,4.4,A,-100.0
12942,medium,0,16.0,39.0,1.3,A,-100.0
12943,high,2,,17.0,8.7,C,
12944,medium,1,2.0,15.0,5.7,C,-8.4
12945,high,3,4.0,3.0,7.6,D,-18.7
12946,none,1,15.0,2.0,5.0,A,-100.0
12947,high,3,7.0,11.0,3.7,B,-100.0
12948,medium,2,11.0,6.0,8.1,A,-100.0
12949,none,1,30.0,2.0,9.3,A,-100.0
12950,high,2,31.0,3.0,8.6,A,-100.0
12951,high,2,30.0,24.0,8.1,A,-100.0
12952,low,1,3.0,5.0,4.8,B,-10.3
12953,low,1,13.0,8.0,9.8,A,-100.0
12954,high,0,3.0,26.0,2.3,B,-11.9
12955,high,1,7.0,13.0,8.2,A,-18.5
12956,high,1,12.0,29.0,4.8,A,-100.0
12957,low,1,2.0,13.0,1.0,A,-10.4
12958,medium,1,16.0,9.0,8.1,C,-100.0
12959,high,1,7.0,10.0,5.6,C,-19.9
12960,high,1,10.0,4.0,2.7,A,-100.0
12961,low,1,11.0,2.0,9.3,A,-100.0
12962,none,1,13.0,8.0,9.3,A,-100.0
12963,none,2,18.0,3.0,2.5,B,-100.0
12964,medium,1,4.0,11.0,10.0,A,-9.8
12965,high,0,7.0,11.0,7.3,A,-16.5
12966,low,2,14.0,18.0,5.1,A,-100.0
12967,medium,1,3.0,4.0,4.4,C,-10.9
12968,low,0,34.0,7.0,9.8,D,-100.0
12969,low,3,5.0,1.0,1.0,A,-100.0
12970,low,1,10.0,4.0,1.1,A,-100.0
12971,low,0,12.0,11.0,9.5,C,-100.0
12972,low,3,28.0,7.0,8.9,C,-100.0
12973,none,3,31.0,15.0,5.6,A,-100.0
12974,high,2,2.0,26.0,,A,
12975,medium,1,12.0,8.0,3.6,C,-100.0
12976,medium,1,13.0,2.0,4.2,A,-100.0
12977,none,1,16.0,3.0,2.3,A,-100.0
12978,high,0,4.0,2.0,3.8,A,-13.1
12979,medium,0,7.0,6.0,6.5,C,-14.3
12980,medium,1,5.0,23.0,9.1,A,-11.9
12981,medium,1,2.0,24.0,9.4,A,-6.5
12982,medium,3,20.0,1.0,9.6,C,-100.0
12983,low,0,14.0,3.0,1.4,A,-100.0
12984,medium,2,6.0,9.0,5.3,A,-18.2
12985,medium,4,1.0,0.0,2.4,A,-16.0
12986,none,2,11.0,9.0,9.9,A,-100.0
12987,none,3,13.0,8.0,8.2,C,-100.0
12988,medium,3,2.0,1.0,7.9,A,-12.4
12989,medium,2,3.0,1.0,6.6,A,-12.3
12990,low,2,8.0,5.0,9.5,A,-19.2
12991,low,4,11.0,5.0,8.2,A,-100.0
12992,high,1,11.0,11.0,9.6,A,-100.0
12993,medium,3,2.0,7.0,2.6,A,-15.0
12994,medium,2,5.0,36.0,5.9,C,-15.8
12995,medium,2,10.0,3.0,8.7,B,-100.0
12996,high,3,9.0,1.0,7.3,B,-100.0
12997,medium,2,12.0,2.0,1.6,A,-100.0
12998,low,0,12.0,1.0,9.6,C,-100.0
12999,low,2,18.0,11.0,2.7,A,-100.0
13000,none,4,15.0,8.0,8.3,A,-100.0
13001,low,1,13.0,4.0,8.8,A,-100.0
13002,low,1,4.0,8.0,9.5,A,-9.7
13003,high,2,2.0,1.0,6.1,A,-13.5
13004,medium,2,16.0,5.0,4.8,A,-100.0
13005,low,0,5.0,20.0,9.6,A,-8.8
13006,medium,1,31.0,40.0,2.3,D,-100.0
13007,low,0,3.0,17.0,2.5,C,-8.8
13008,,1,12.0,9.0,2.6,A,-100.0
13009,none,1,6.0,2.0,1.0,A,-18.1
13010,low,2,5.0,2.0,4.3,A,-16.6
13011,high,1,40.0,4.0,2.1,A,-100.0
13012,high,0,6.0,5.0,,D,
13013,low,1,10.0,50.0,2.4,A,-100.0
13014,high,1,11.0,26.0,3.7,A,-100.0
13015,low,2,20.0,26.0,1.9,C,-100.0
13016,high,2,6.0,2.0,9.6,C,-18.7
13017,medium,2,6.0,2.0,2.3,A,-19.7
13018,low,2,0.0,7.0,8.0,A,-6.0
13019,high,3,9.0,4.0,9.0,A,-100.0
13020,low,2,7.0,5.0,9.6,A,-17.4
13021,none,1,2.0,1.0,2.5,A,-10.4
13022,low,3,17.0,1.0,9.7,B,-100.0
13023,medium,1,9.0,6.0,9.4,C,-18.9
13024,low,2,18.0,49.0,6.4,A,-100.0
13025,low,1,12.0,16.0,7.0,A,-100.0
13026,low,1,8.0,4.0,8.3,A,-17.3
13027,high,2,4.0,10.0,6.0,A,-16.9
13028,low,0,9.0,3.0,8.7,A,-16.4
13029,low,3,9.0,13.0,10.0,A,-100.0
13030,low,1,14.0,0.0,8.6,A,-100.0
13031,high,1,4.0,38.0,8.6,A,-12.8
13032,high,3,7.0,15.0,9.0,A,-100.0
13033,none,0,3.0,13.0,2.3,A,-9.6
13034,low,2,6.0,6.0,7.7,A,-16.6
13035,low,3,25.0,5.0,9.2,A,-100.0
13036,low,2,3.0,15.0,9.8,C,-10.2
13037,high,1,2.0,6.0,5.5,C,-11.2
13038,low,2,6.0,22.0,8.2,A,-16.2
13039,low,2,11.0,3.0,9.9,A,-100.0
13040,medium,0,,13.0,8.1,C,
13041,low,2,7.0,23.0,1.8,A,-100.0
13042,low,1,13.0,11.0,5.6,A,-100.0
13043,low,2,11.0,14.0,9.1,B,-100.0
13044,medium,4,10.0,2.0,9.9,A,-100.0
13045,low,0,5.0,14.0,5.1,A,-11.1
13046,low,1,6.0,9.0,5.7,A,-15.1
13047,high,2,6.0,2.0,9.3,C,-18.9
13048,low,1,2.0,1.0,8.4,D,-6.8
13049,medium,1,3.0,50.0,8.8,A,-8.2
13050,medium,2,16.0,10.0,9.1,C,-100.0
13051,medium,1,12.0,3.0,9.4,A,-100.0
13052,low,4,9.0,5.0,9.4,A,-100.0
13053,low,1,8.0,4.0,8.3,A,-17.3
13054,medium,2,6.0,16.0,8.4,A,-16.5
13055,high,1,18.0,1.0,8.2,B,-100.0
13056,none,0,13.0,21.0,6.5,A,-100.0
13057,medium,0,20.0,5.0,9.5,A,-100.0
13058,low,2,8.0,30.0,5.4,B,-100.0
13059,medium,0,3.0,19.0,8.0,C,-6.5
13060,medium,1,4.0,9.0,4.4,A,-12.6
13061,high,3,7.0,8.0,8.4,A,-100.0
13062,low,2,9.0,1.0,9.3,C,-100.0
13063,low,0,5.0,34.0,4.0,A,-11.4
13064,high,1,21.0,4.0,3.0,B,-100.0
13065,,0,21.0,21.0,9.5,B,-100.0
13066,medium,0,4.0,12.0,9.2,B,-7.7
13067,low,0,11.0,2.0,9.6,A,-19.5
13068,low,1,12.0,6.0,6.5,A,-100.0
13069,low,1,1.0,12.0,7.8,A,-5.3
13070,medium,1,1.0,0.0,9.8,D,-4.8
13071,high,1,12.0,0.0,2.5,A,-100.0
13072,low,0,5.0,14.0,9.1,A,-9.1
13073,high,1,6.0,2.0,9.0,A,-16.5
13074,medium,2,9.0,32.0,9.7,B,-100.0
13075,none,1,4.0,4.0,9.7,A,-10.2
13076,low,0,16.0,14.0,1.1,C,-100.0
13077,medium,1,4.0,10.0,3.7,A,-12.9
13078,none,1,2.0,4.0,6.9,A,
13079,high,1,14.0,2.0,7.5,A,-100.0
13080,medium,0,35.0,3.0,1.8,A,-100.0
13081,low,2,20.0,21.0,7.4,A,-100.0
13082,high,1,16.0,29.0,2.5,C,-100.0
13083,none,0,14.0,13.0,9.1,B,-100.0
13084,low,2,2.0,9.0,5.7,A,-10.6
13085,low,3,2.0,4.0,3.8,C,-14.1
13086,medium,3,3.0,19.0,3.6,A,-16.2
13087,low,2,38.0,2.0,3.8,A,-100.0
13088,low,1,2.0,1.0,4.4,C,-8.8
13089,high,0,12.0,25.0,8.2,D,-100.0
13090,high,0,11.0,17.0,6.9,A,-100.0
13091,medium,1,1.0,10.0,3.7,A,
13092,medium,2,9.0,2.0,9.6,A,-100.0
13093,high,0,3.0,5.0,2.5,A,-12.0
13094,medium,1,1.0,4.0,2.2,A,-8.5
13095,high,2,15.0,1.0,3.5,A,-100.0
13096,high,1,3.0,18.0,3.2,A,-14.0
13097,none,2,18.0,19.0,9.0,A,-100.0
13098,low,4,4.0,8.0,3.1,A,-100.0
13099,low,2,11.0,5.0,3.4,A,-100.0
13100,high,2,8.0,26.0,2.4,A,-100.0
13101,medium,0,10.0,3.0,7.1,A,-19.3
13102,low,3,3.0,11.0,9.5,A,-12.9
13103,medium,1,9.0,14.0,2.9,A,-100.0
13104,low,1,8.0,48.0,1.0,B,-100.0
13105,medium,2,25.0,4.0,3.2,C,-100.0
13106,high,2,12.0,24.0,1.5,A,-100.0
13107,high,1,4.0,0.0,9.4,A,-12.8
13108,high,1,16.0,3.0,5.3,A,-100.0
13109,medium,2,3.0,5.0,9.1,A,-11.0
13110,none,2,12.0,2.0,8.1,A,-100.0
13111,medium,1,33.0,12.0,8.4,A,-100.0
13112,medium,2,8.0,22.0,9.4,A,-19.5
13113,none,0,20.0,16.0,4.2,A,-100.0
13114,low,1,3.0,1.0,9.1,C,-8.2
13115,medium,1,8.0,2.0,9.4,A,-17.2
13116,medium,1,4.0,11.0,6.8,B,-11.4
13117,low,4,3.0,8.0,6.4,C,-17.0
13118,none,0,5.0,18.0,8.2,D,-10.1
13119,high,2,15.0,28.0,1.7,A,-100.0
13120,high,1,15.0,12.0,9.7,A,-100.0
13121,none,2,3.0,22.0,9.7,A,-10.8
13122,low,2,26.0,2.0,2.3,A,-100.0
13123,low,1,7.0,5.0,8.5,B,-15.5
13124,medium,2,8.0,5.0,8.4,A,-100.0
13125,medium,1,2.0,16.0,2.2,A,-10.1
13126,medium,2,13.0,7.0,8.3,D,-100.0
13127,low,0,2.0,8.0,9.9,A,-3.5
13128,medium,0,14.0,3.0,4.3,A,-100.0
13129,low,3,4.0,5.0,9.4,A,-14.8
13130,high,4,10.0,15.0,3.8,A,-100.0
13131,low,2,19.0,24.0,6.9,A,-100.0
13132,medium,1,13.0,2.0,3.8,A,-100.0
13133,,2,13.0,2.0,8.6,A,-100.0
13134,low,1,7.0,7.0,8.8,A,-15.3
13135,none,0,5.0,11.0,8.1,A,-10.2
13136,none,2,9.0,11.0,6.7,A,-100.0
13137,medium,3,21.0,1.0,9.1,A,-100.0
13138,medium,1,10.0,5.0,2.0,A,-100.0
13139,high,0,3.0,6.0,5.6,A,-10.4
13140,none,4,5.0,24.0,8.6,C,-19.8
13141,low,4,19.0,8.0,2.5,A,-100.0
13142,high,0,4.0,20.0,9.1,B,-10.3
13143,low,2,13.0,21.0,4.7,A,-100.0
13144,high,1,12.0,7.0,9.2,A,-100.0
13145,low,1,10.0,2.0,9.4,C,-100.0
13146,high,1,24.0,6.0,9.9,C,-100.0
13147,medium,0,14.0,13.0,6.3,A,-100.0
13148,high,3,9.0,5.0,8.3,A,-100.0
13149,high,0,8.0,3.0,5.4,A,-19.3
13150,medium,2,11.0,10.0,5.7,A,-100.0
13151,high,3,10.0,14.0,2.4,B,-100.0
13152,medium,1,2.0,5.0,2.1,A,-10.3
13153,low,2,5.0,16.0,9.6,A,-13.8
13154,high,2,7.0,34.0,9.9,A,-20.0
13155,high,1,10.0,4.0,8.9,A,-100.0
13156,medium,1,22.0,10.0,1.3,A,-100.0
13157,high,2,,25.0,2.1,C,
13158,high,1,3.0,6.0,5.6,D,-12.9
13159,high,3,10.0,10.0,1.4,A,-100.0
13160,medium,1,4.0,4.0,3.3,A,-13.2
13161,medium,1,3.0,9.0,4.1,A,-11.0
13162,none,4,27.0,27.0,3.0,A,-100.0
13163,medium,1,11.0,6.0,3.0,C,-100.0
13164,medium,3,17.0,5.0,6.0,A,-100.0
13165,none,4,3.0,8.0,8.1,A,-16.7
13166,medium,2,24.0,1.0,6.2,C,-100.0
13167,,0,10.0,3.0,9.6,A,-18.3
13168,high,1,10.0,4.0,9.2,A,-100.0
13169,high,0,11.0,9.0,7.8,A,-100.0
13170,low,1,,4.0,5.3,C,
13171,low,3,1.0,3.0,5.8,A,-11.4
13172,medium,4,3.0,10.0,5.9,A,-17.6
13173,high,1,26.0,4.0,9.3,A,-100.0
13174,low,2,3.0,27.0,8.5,A,-10.8
13175,,1,18.0,19.0,9.1,C,-100.0
13176,low,2,4.0,40.0,6.9,A,-13.2
13177,,2,10.0,3.0,2.6,A,-100.0
13178,high,1,0.0,11.0,,C,
13179,medium,1,3.0,17.0,8.8,C,-8.6
13180,medium,1,7.0,6.0,7.5,A,-16.3
13181,none,5,1.0,2.0,,A,
13182,,2,25.0,26.0,3.9,D,-100.0
13183,none,0,0.0,11.0,8.8,A,-1.1
13184,high,2,3.0,4.0,8.7,B,-13.9
13185,high,0,6.0,42.0,1.4,A,-17.4
13186,none,0,9.0,12.0,1.9,A,-100.0
13187,medium,1,14.0,14.0,8.4,C,-100.0
13188,medium,1,4.0,3.0,5.3,A,-12.2
13189,none,1,6.0,2.0,4.5,A,-16.4
13190,medium,1,7.0,0.0,5.1,A,-17.6
13191,none,2,27.0,18.0,1.3,A,-100.0
13192,high,0,1.0,2.0,9.2,A,-5.1
13193,none,2,1.0,15.0,9.7,A,
13194,high,4,8.0,13.0,5.3,A,-100.0
13195,low,2,26.0,16.0,6.3,A,-100.0
13196,medium,1,6.0,3.0,2.2,A,-17.3
13197,high,2,4.0,20.0,8.6,C,-15.5
13198,low,1,7.0,4.0,8.3,C,-15.6
13199,low,3,9.0,9.0,4.4,D,-100.0
13200,none,1,13.0,15.0,5.8,C,-100.0
13201,low,1,20.0,6.0,6.2,A,-100.0
13202,high,0,3.0,10.0,1.4,C,-12.5
13203,low,1,9.0,11.0,8.9,C,-18.7
13204,low,2,32.0,45.0,2.1,A,-100.0
13205,high,0,3.0,2.0,8.5,B,-9.0
13206,none,0,9.0,15.0,8.3,B,-17.1
13207,low,3,0.0,8.0,9.2,B,-7.9
13208,high,4,8.0,4.0,8.6,A,-100.0
13209,none,3,13.0,9.0,8.2,A,-100.0
13210,high,1,10.0,0.0,9.9,A,-100.0
13211,none,4,4.0,2.0,1.8,A,-100.0
13212,high,1,3.0,9.0,8.4,A,-11.5
13213,high,2,25.0,8.0,9.4,A,-100.0
13214,low,3,17.0,46.0,6.1,A,-100.0
13215,medium,2,2.0,4.0,7.8,A,-9.9
13216,low,0,19.0,37.0,1.8,B,-100.0
13217,high,5,11.0,1.0,1.3,A,-100.0
13218,low,3,7.0,9.0,9.5,A,-19.9
13219,low,2,21.0,1.0,2.1,B,-100.0
13220,none,2,2.0,3.0,7.8,A,-10.2
13221,low,2,2.0,3.0,9.7,A,-8.6
13222,none,0,19.0,19.0,4.0,B,-100.0
13223,low,1,8.0,3.0,3.4,A,-19.8
13224,high,3,16.0,23.0,8.5,A,-100.0
13225,none,1,23.0,0.0,8.4,C,-100.0
13226,low,2,4.0,2.0,1.6,A,-16.2
13227,none,3,8.0,15.0,3.9,A,-100.0
13228,,2,10.0,1.0,8.0,C,-100.0
13229,high,0,12.0,8.0,2.7,A,-100.0
13230,medium,1,5.0,3.0,8.8,A,-12.2
13231,none,0,9.0,15.0,2.9,C,-19.8
13232,low,1,4.0,3.0,3.3,A,-12.9
13233,none,0,11.0,2.0,3.5,A,-100.0
13234,medium,1,9.0,10.0,9.3,A,-18.9
13235,high,3,11.0,7.0,3.3,A,-100.0
13236,medium,0,7.0,18.0,2.6,A,-16.2
13237,high,0,10.0,1.0,4.8,A,-100.0
13238,low,3,6.0,16.0,1.6,C,-100.0
13239,low,0,7.0,8.0,1.2,A,-16.6
13240,low,1,13.0,11.0,7.5,A,-100.0
13241,medium,1,4.0,27.0,1.6,A,-13.8
13242,low,1,11.0,10.0,9.6,A,-100.0
13243,medium,1,23.0,20.0,9.4,C,-100.0
13244,high,1,15.0,5.0,5.1,A,-100.0
13245,low,2,27.0,5.0,6.2,A,-100.0
13246,high,2,1.0,1.0,3.1,A,-13.2
13247,high,1,9.0,17.0,8.4,A,-100.0
13248,medium,2,10.0,3.0,8.1,A,-100.0
13249,low,1,26.0,2.0,6.5,A,-100.0
13250,none,1,13.0,8.0,4.8,A,-100.0
13251,none,1,19.0,3.0,8.3,A,-100.0
13252,medium,1,3.0,5.0,8.7,C,-8.8
13253,low,1,10.0,11.0,8.9,B,-100.0
13254,,3,12.0,26.0,7.8,A,-100.0
13255,high,0,3.0,6.0,9.1,A,-8.7
13256,high,1,14.0,17.0,9.4,A,-100.0
13257,high,2,6.0,7.0,1.8,A,-100.0
13258,high,5,27.0,16.0,2.8,C,-100.0
13259,high,1,2.0,4.0,8.4,A,-9.8
13260,low,4,23.0,34.0,6.3,A,-100.0
13261,high,5,17.0,4.0,7.8,A,-100.0
13262,high,1,2.0,13.0,3.9,C,-11.9
13263,none,3,24.0,0.0,8.2,A,-100.0
13264,low,1,2.0,0.0,6.4,D,-7.8
13265,none,1,,12.0,5.9,C,
13266,medium,1,4.0,2.0,9.8,C,-10.0
13267,none,2,8.0,11.0,5.7,A,-100.0
13268,low,3,11.0,50.0,1.7,A,-100.0
13269,high,2,1.0,11.0,5.4,A,-12.0
13270,low,3,1.0,8.0,4.9,C,-11.7
13271,high,2,4.0,4.0,7.2,A,-16.4
13272,high,2,,2.0,8.8,C,
13273,high,0,14.0,5.0,2.8,A,-100.0
13274,none,0,29.0,3.0,2.1,D,-100.0
13275,low,0,6.0,16.0,3.8,A,-13.5
13276,low,3,9.0,15.0,8.2,A,-100.0
13277,low,2,10.0,3.0,4.3,D,-100.0
13278,low,3,5.0,6.0,5.4,A,-18.5
13279,medium,2,10.0,17.0,8.3,C,-100.0
13280,low,1,28.0,4.0,3.7,A,-100.0
13281,high,1,1.0,17.0,5.7,A,-9.2
13282,medium,1,19.0,3.0,5.4,A,-100.0
13283,high,2,5.0,8.0,6.5,A,-18.4
13284,medium,4,4.0,6.0,9.8,D,-17.4
13285,medium,3,12.0,15.0,8.0,A,-100.0
13286,medium,0,29.0,17.0,9.1,A,-100.0
13287,,1,10.0,2.0,8.1,A,-100.0
13288,medium,1,9.0,2.0,2.5,B,-100.0
13289,low,2,13.0,6.0,9.3,B,-100.0
13290,high,1,6.0,11.0,3.5,A,-19.2
13291,high,1,18.0,25.0,9.6,B,-100.0
13292,high,1,3.0,5.0,4.4,A,-13.5
13293,low,3,12.0,1.0,3.8,A,-100.0
13294,low,1,11.0,50.0,7.1,A,-100.0
13295,low,2,10.0,18.0,2.7,D,-100.0
13296,none,1,2.0,50.0,9.1,B,-6.6
13297,low,2,35.0,50.0,2.4,C,-100.0
13298,high,1,5.0,7.0,2.3,A,-18.1
13299,high,0,12.0,8.0,3.1,C,-100.0
13300,low,2,5.0,12.0,7.7,D,-14.8
13301,none,2,7.0,50.0,2.0,A,-100.0
13302,high,1,13.0,6.0,8.6,A,-100.0
13303,low,2,4.0,20.0,6.5,A,-13.6
13304,high,0,17.0,26.0,9.6,C,-100.0
13305,high,1,4.0,10.0,5.1,D,-14.9
13306,high,0,11.0,3.0,8.7,A,-100.0
13307,medium,0,5.0,17.0,7.2,C,-10.4
13308,low,1,13.0,10.0,9.8,C,-100.0
13309,none,3,7.0,19.0,9.5,A,-100.0
13310,medium,3,18.0,3.0,1.8,A,-100.0
13311,high,2,3.0,25.0,8.2,C,-13.9
13312,none,2,3.0,39.0,5.6,A,-12.7
13313,low,0,16.0,1.0,8.7,B,-100.0
13314,low,3,3.0,12.0,8.9,C,-13.2
13315,low,4,2.0,11.0,1.0,A,-17.9
13316,medium,2,7.0,50.0,1.5,A,-100.0
13317,low,0,5.0,10.0,2.9,B,-12.2
13318,low,1,10.0,1.0,8.9,A,-100.0
13319,low,5,14.0,4.0,7.3,A,-100.0
13320,medium,3,8.0,12.0,8.8,A,-100.0
13321,high,1,6.0,15.0,1.3,C,-100.0
13322,high,3,8.0,7.0,6.9,A,-100.0
13323,none,2,15.0,25.0,8.1,C,-100.0
13324,low,3,4.0,2.0,5.7,D,-16.7
13325,medium,0,3.0,21.0,2.4,A,-9.2
13326,none,0,11.0,1.0,4.6,B,-100.0
13327,high,1,4.0,50.0,3.0,A,-15.5
13328,low,2,16.0,1.0,4.9,A,-100.0
13329,medium,0,8.0,3.0,1.3,B,-18.7
13330,high,0,2.0,0.0,1.4,A,-10.8
13331,medium,1,7.0,10.0,4.9,A,-17.6
13332,none,4,10.0,10.0,2.2,A,-100.0
13333,none,1,7.0,9.0,6.0,C,-17.3
13334,none,2,2.0,50.0,8.2,C,-9.5
13335,medium,1,30.0,8.0,4.5,B,-100.0
13336,high,1,21.0,28.0,10.0,A,-100.0
13337,high,2,7.0,8.0,7.4,A,-100.0
13338,low,1,2.0,1.0,1.8,A,-10.1
13339,medium,1,14.0,9.0,8.5,A,-100.0
13340,high,1,4.0,16.0,3.7,C,-15.5
13341,none,1,9.0,2.0,2.5,A,-100.0
13342,high,1,3.0,45.0,9.5,A,-10.6
13343,medium,0,9.0,11.0,8.2,C,-16.9
13344,low,2,13.0,15.0,9.5,A,-100.0
13345,low,0,21.0,0.0,6.5,A,-100.0
13346,high,3,13.0,17.0,1.8,B,-100.0
13347,high,3,13.0,23.0,9.5,A,-100.0
13348,high,1,6.0,10.0,4.9,B,-18.5
13349,medium,2,4.0,7.0,6.4,C,-14.1
13350,medium,3,7.0,28.0,5.7,A,-100.0
13351,low,1,11.0,4.0,2.8,A,-100.0
13352,,1,6.0,11.0,6.9,A,-15.1
13353,low,2,3.0,39.0,7.6,A,-11.1
13354,medium,1,40.0,26.0,1.0,A,-100.0
13355,high,2,17.0,5.0,9.9,A,-100.0
13356,none,2,18.0,2.0,5.9,B,-100.0
13357,medium,1,5.0,40.0,4.4,A,-14.1
13358,high,0,4.0,28.0,9.7,B,-9.9
13359,low,3,12.0,0.0,8.3,A,-100.0
13360,high,1,2.0,19.0,8.5,A,-9.6
13361,none,2,23.0,1.0,9.9,A,-100.0
13362,medium,0,21.0,12.0,1.8,A,-100.0
13363,low,4,13.0,17.0,5.7,C,-100.0
13364,high,2,12.0,23.0,7.8,C,-100.0
13365,medium,1,11.0,12.0,6.2,A,-100.0
13366,none,1,5.0,5.0,9.7,C,-12.0
13367,none,2,6.0,20.0,8.4,C,-16.7
13368,high,3,17.0,5.0,8.6,A,-100.0
13369,low,1,10.0,3.0,8.3,A,-100.0
13370,medium,3,4.0,11.0,1.2,A,-19.2
13371,medium,2,15.0,2.0,6.0,C,-100.0
13372,low,4,10.0,2.0,6.7,A,-100.0
13373,medium,0,4.0,34.0,9.4,C,-7.4
13374,low,3,14.0,2.0,1.5,A,-100.0
13375,low,0,18.0,2.0,8.5,A,-100.0
13376,low,2,3.0,11.0,9.2,A,-10.6
13377,low,0,7.0,12.0,9.4,B,-12.5
13378,low,1,15.0,27.0,5.6,A,-100.0
13379,low,2,13.0,5.0,9.3,A,-100.0
13380,high,2,9.0,12.0,8.2,A,-100.0
13381,none,2,16.0,1.0,9.8,A,-100.0
13382,none,3,13.0,8.0,4.2,A,-100.0
13383,low,0,10.0,8.0,4.0,C,-100.0
13384,high,1,3.0,0.0,6.2,C,-12.7
13385,medium,1,4.0,4.0,6.9,C,-11.4
13386,none,2,10.0,2.0,8.3,A,-100.0
13387,,1,7.0,18.0,8.6,A,-15.9
13388,medium,1,4.0,10.0,2.3,B,-13.6
13389,high,0,2.0,39.0,3.5,A,-9.4
13390,low,2,15.0,10.0,3.3,A,-100.0
13391,high,2,14.0,2.0,5.1,A,-100.0
13392,low,1,5.0,2.0,4.6,A,-13.9
13393,high,2,5.0,6.0,1.7,C,-100.0
13394,low,3,29.0,11.0,5.8,A,-100.0
13395,medium,0,3.0,5.0,6.1,A,-7.6
13396,low,1,5.0,6.0,2.0,A,-15.2
13397,high,1,4.0,22.0,8.9,C,-12.9
13398,low,1,22.0,7.0,4.2,A,-100.0
13399,low,2,4.0,39.0,1.0,A,-16.1
13400,low,2,5.0,21.0,6.1,C,-15.5
13401,low,0,9.0,13.0,1.5,A,-19.9
13402,medium,1,13.0,4.0,4.9,A,-100.0
13403,medium,1,3.0,2.0,9.9,A,-8.2
13404,high,2,12.0,5.0,8.6,A,-100.0
13405,low,1,14.0,9.0,9.5,A,-100.0
13406,low,3,6.0,21.0,3.5,B,-100.0
13407,medium,0,23.0,1.0,5.4,A,-100.0
13408,none,1,6.0,4.0,8.8,A,-14.2
13409,low,3,21.0,4.0,5.9,A,-100.0
13410,none,2,6.0,3.0,6.7,D,-17.8
13411,medium,2,15.0,3.0,9.7,A,-100.0
13412,medium,1,16.0,6.0,8.6,A,-100.0
13413,none,1,3.0,25.0,9.3,C,-8.5
13414,medium,1,18.0,5.0,6.3,C,-100.0
13415,high,2,3.0,4.0,5.8,C,-15.3
13416,medium,3,4.0,0.0,8.5,A,-15.6
13417,low,2,1.0,28.0,3.0,A,-10.0
13418,medium,2,9.0,16.0,8.4,A,-100.0
13419,medium,6,6.0,5.0,8.6,A,-100.0
13420,none,3,12.0,12.0,7.2,D,-100.0
13421,low,1,11.0,14.0,3.2,A,-100.0
13422,high,0,,20.0,2.8,C,
13423,high,0,4.0,14.0,2.6,A,-13.6
13424,high,0,2.0,21.0,4.3,A,-9.2
13425,low,3,9.0,10.0,7.4,A,-100.0
13426,low,1,6.0,5.0,8.2,A,-13.9
13427,low,1,19.0,2.0,3.9,A,-100.0
13428,medium,1,14.0,16.0,2.5,A,-100.0
13429,low,1,22.0,9.0,3.7,A,-100.0
13430,low,0,8.0,11.0,6.6,A,-15.6
13431,none,2,11.0,29.0,9.8,B,-100.0
13432,low,2,12.0,3.0,3.7,A,-100.0
13433,low,3,3.0,13.0,9.1,A,-13.1
13434,high,3,11.0,19.0,8.8,A,-100.0
13435,low,0,4.0,16.0,8.6,A,-7.6
13436,high,0,40.0,3.0,8.8,A,-100.0
13437,high,2,2.0,35.0,9.7,D,-11.3
13438,high,3,12.0,1.0,2.9,A,-100.0
13439,none,0,12.0,10.0,9.4,A,-100.0
13440,high,2,9.0,6.0,5.3,A,-100.0
13441,low,1,8.0,3.0,8.4,A,-17.3
13442,low,2,21.0,8.0,9.3,A,-100.0
13443,medium,2,6.0,28.0,1.0,B,-100.0
13444,low,1,14.0,14.0,1.6,A,-100.0
13445,high,1,5.0,3.0,3.2,B,-17.6
13446,medium,1,20.0,1.0,3.4,B,-100.0
13447,low,1,6.0,12.0,2.2,A,-16.8
13448,low,4,13.0,7.0,8.5,D,-100.0
13449,none,3,1.0,4.0,9.6,C,-10.0
13450,high,0,3.0,12.0,9.3,D,-8.5
13451,high,1,11.0,4.0,9.9,A,-100.0
13452,low,3,11.0,27.0,2.6,A,-100.0
13453,low,0,8.0,8.0,5.0,B,-16.4
13454,none,1,20.0,43.0,8.7,B,-100.0
13455,high,4,17.0,15.0,9.5,A,-100.0
13456,low,0,12.0,13.0,8.3,A,-100.0
13457,low,2,24.0,31.0,8.3,A,-100.0
13458,none,3,9.0,5.0,9.5,A,-100.0
13459,high,2,4.0,19.0,8.4,A,-15.6
13460,none,0,13.0,16.0,4.1,A,-100.0
13461,low,1,4.0,11.0,9.8,A,-9.5
13462,low,0,23.0,26.0,9.4,A,-100.0
13463,low,1,4.0,2.0,5.6,C,-11.7
13464,low,2,8.0,0.0,9.7,A,-19.2
13465,medium,0,16.0,25.0,5.2,A,-100.0
13466,low,1,5.0,16.0,5.3,A,-13.5
13467,medium,2,3.0,13.0,4.8,A,-13.1
13468,high,0,9.0,6.0,6.3,A,-100.0
13469,medium,0,12.0,1.0,3.9,A,-100.0
13470,medium,0,4.0,7.0,9.8,A,-7.4
13471,high,1,7.0,46.0,8.7,B,-18.0
13472,none,3,3.0,17.0,5.4,A,-15.5
13473,low,2,8.0,1.0,8.3,A,-19.9
13474,medium,1,16.0,3.0,4.9,C,-100.0
13475,high,4,17.0,3.0,8.2,B,-100.0
13476,medium,2,26.0,39.0,6.1,A,-100.0
13477,high,2,14.0,1.0,10.0,A,-100.0
13478,high,1,11.0,10.0,9.0,A,-100.0
13479,low,0,6.0,13.0,7.5,A,-11.6
13480,medium,2,27.0,39.0,8.5,A,-100.0
13481,none,0,14.0,2.0,8.8,A,-100.0
13482,high,3,4.0,40.0,8.6,A,-17.8
13483,low,1,13.0,9.0,3.1,D,-100.0
13484,low,1,8.0,4.0,7.2,C,-17.9
13485,none,3,13.0,3.0,5.1,A,-100.0
13486,,3,9.0,5.0,5.6,A,-100.0
13487,low,0,3.0,5.0,8.7,A,-5.9
13488,low,3,7.0,3.0,9.9,B,-19.8
13489,none,2,13.0,11.0,4.7,A,-100.0
13490,medium,3,3.0,33.0,1.9,C,-16.9
13491,high,3,17.0,12.0,10.0,A,-100.0
13492,none,0,6.0,11.0,6.8,A,-12.6
13493,low,1,6.0,33.0,8.6,A,-13.4
13494,medium,2,9.0,36.0,9.5,C,-100.0
13495,,4,24.0,5.0,9.2,B,-100.0
13496,none,2,13.0,9.0,2.0,A,-100.0
13497,medium,1,15.0,27.0,8.4,A,-100.0
13498,low,6,17.0,7.0,6.6,D,-100.0
13499,high,2,26.0,7.0,4.9,A,-100.0
13500,high,0,7.0,4.0,6.8,A,-16.8
13501,medium,0,5.0,16.0,3.7,A,-12.1
13502,medium,0,10.0,1.0,3.3,C,-100.0
13503,medium,3,12.0,8.0,9.4,A,-100.0
13504,high,2,10.0,4.0,2.6,C,-100.0
13505,none,5,13.0,1.0,1.2,A,-100.0
13506,high,0,12.0,10.0,9.3,C,-100.0
13507,low,1,10.0,6.0,3.7,B,-100.0
13508,high,1,10.0,32.0,2.3,C,-100.0
13509,low,0,7.0,12.0,9.1,A,-12.6
13510,none,1,29.0,16.0,10.0,A,-100.0
13511,low,3,12.0,17.0,2.0,B,-100.0
13512,high,0,11.0,6.0,8.9,B,-100.0
13513,none,1,13.0,20.0,7.8,A,-100.0
13514,high,2,13.0,2.0,8.7,A,-100.0
13515,high,1,5.0,4.0,9.8,C,-14.3
13516,medium,3,10.0,9.0,6.9,A,-100.0
13517,low,3,7.0,18.0,8.9,C,-100.0
13518,low,1,37.0,0.0,5.6,C,-100.0
13519,medium,2,9.0,16.0,6.8,C,-100.0
13520,low,2,16.0,2.0,3.3,C,-100.0
13521,low,0,2.0,20.0,5.2,C,-5.7
13522,medium,3,7.0,0.0,9.4,A,-100.0
13523,medium,0,5.0,16.0,9.5,A,-9.2
13524,low,1,4.0,18.0,2.2,B,-13.2
13525,medium,5,8.0,32.0,7.4,B,-100.0
13526,medium,3,9.0,33.0,8.6,A,-100.0
13527,high,3,8.0,11.0,6.2,A,-100.0
13528,none,2,5.0,2.0,1.6,C,-18.6
13529,high,3,9.0,8.0,9.6,A,-100.0
13530,low,2,4.0,6.0,4.2,C,-14.9
13531,high,2,5.0,13.0,5.9,A,-18.7
13532,none,2,8.0,11.0,1.1,A,-100.0
13533,medium,0,8.0,5.0,7.2,A,-15.8
13534,low,2,3.0,9.0,8.9,A,-10.7
13535,medium,2,3.0,12.0,9.2,B,-10.9
13536,none,4,3.0,1.0,6.6,B,-17.6
13537,low,0,13.0,32.0,4.3,A,-100.0
13538,low,2,6.0,15.0,1.0,C,-19.9
13539,low,1,21.0,8.0,2.0,A,-100.0
13540,none,3,15.0,8.0,4.6,C,-100.0
13541,medium,3,13.0,5.0,8.3,D,-100.0
13542,none,1,14.0,9.0,4.2,A,-100.0
13543,high,0,13.0,1.0,3.6,A,-100.0
13544,high,1,18.0,8.0,9.0,A,-100.0
13545,high,1,8.0,6.0,3.2,A,-100.0
13546,none,0,11.0,13.0,3.2,A,-100.0
13547,medium,2,9.0,25.0,6.4,A,-100.0
13548,high,4,15.0,12.0,9.9,C,-100.0
13549,medium,1,20.0,1.0,6.2,A,-100.0
13550,high,0,2.0,1.0,4.3,A,-9.4
13551,high,1,24.0,10.0,8.8,A,-100.0
13552,medium,1,5.0,2.0,9.0,A,-12.1
13553,medium,0,5.0,9.0,8.4,A,-9.9
13554,low,0,4.0,2.0,7.9,A,-8.1
13555,high,1,7.0,4.0,1.6,C,-100.0
13556,high,2,13.0,15.0,8.6,A,-100.0
13557,none,0,7.0,11.0,6.5,C,-14.5
13558,none,0,4.0,2.0,8.4,A,-8.4
13559,high,1,4.0,6.0,7.2,A,-13.9
13560,none,1,31.0,12.0,5.4,A,-100.0
13561,medium,1,6.0,1.0,8.5,A,-14.1
13562,high,0,2.0,1.0,9.0,A,-7.0
13563,high,2,9.0,17.0,3.6,C,-100.0
13564,high,4,17.0,42.0,8.2,D,-100.0
13565,high,2,18.0,16.0,8.9,A,-100.0
13566,high,1,5.0,4.0,3.7,A,-17.4
13567,high,4,11.0,10.0,9.1,C,-100.0
13568,low,1,7.0,17.0,1.3,A,-19.0
13569,medium,4,3.0,4.0,7.3,C,-17.0
13570,low,1,7.0,12.0,8.4,A,-15.5
13571,medium,3,4.0,44.0,9.1,C,-14.9
13572,medium,0,1.0,13.0,9.5,A,-2.3
13573,high,1,8.0,3.0,5.7,A,-100.0
13574,low,1,6.0,4.0,4.2,D,-15.9
13575,low,1,3.0,8.0,8.7,A,-8.4
13576,high,2,10.0,3.0,2.9,B,-100.0
13577,low,2,24.0,12.0,8.8,B,-100.0
13578,medium,3,8.0,11.0,3.3,A,-100.0
13579,low,0,5.0,8.0,9.5,C,-8.9
13580,low,3,26.0,8.0,9.3,A,-100.0
13581,medium,1,7.0,0.0,2.1,A,-19.1
13582,none,5,4.0,17.0,8.0,A,-100.0
13583,none,2,2.0,3.0,4.5,A,-11.8
13584,high,1,20.0,6.0,5.4,A,-100.0
13585,,1,11.0,18.0,1.6,A,-100.0
13586,medium,2,6.0,9.0,7.4,C,-17.1
13587,none,1,3.0,27.0,3.3,A,-11.5
13588,low,3,10.0,9.0,2.9,A,-100.0
13589,low,1,10.0,22.0,4.9,B,-100.0
13590,low,0,16.0,15.0,1.8,C,-100.0
13591,medium,1,3.0,24.0,8.8,B,-8.5
13592,low,3,16.0,50.0,6.5,A,-100.0
13593,medium,2,1.0,21.0,9.1,B,-7.4
13594,high,0,11.0,1.0,2.7,A,-100.0
13595,low,2,15.0,1.0,9.7,A,-100.0
13596,low,0,7.0,11.0,6.4,A,-14.0
13597,high,1,10.0,3.0,8.9,B,-100.0
13598,low,0,11.0,9.0,5.4,A,-100.0
13599,medium,1,36.0,2.0,9.3,A,-100.0
13600,high,1,12.0,13.0,8.8,C,-100.0
13601,high,1,13.0,2.0,6.4,A,-100.0
13602,low,2,10.0,17.0,8.6,C,-100.0
13603,none,3,16.0,0.0,7.3,A,-100.0
13604,medium,0,18.0,6.0,4.2,A,-100.0
13605,low,3,2.0,5.0,4.4,C,-13.8
13606,low,3,7.0,6.0,9.5,A,-20.0
13607,low,2,1.0,12.0,9.4,A,-7.0
13608,medium,1,8.0,1.0,5.2,A,-19.3
13609,medium,2,,22.0,9.2,C,
13610,none,4,1.0,3.0,2.4,A,-16.1
13611,none,1,23.0,12.0,3.3,C,-100.0
13612,high,6,3.0,4.0,5.7,A,-100.0
13613,high,4,4.0,10.0,8.1,A,-100.0
13614,none,2,20.0,33.0,9.3,B,-100.0
13615,none,2,15.0,11.0,8.9,A,-100.0
13616,low,1,20.0,13.0,9.4,B,-100.0
13617,medium,2,8.0,13.0,7.6,A,-100.0
13618,none,4,2.0,19.0,10.0,A,-13.9
13619,low,1,11.0,4.0,8.1,A,-100.0
13620,low,1,29.0,50.0,7.9,A,-100.0
13621,high,3,9.0,32.0,8.1,A,-100.0
13622,low,1,24.0,50.0,8.5,A,-100.0
13623,medium,3,8.0,23.0,9.6,D,-100.0
13624,high,2,5.0,0.0,8.5,B,-17.5
13625,high,4,13.0,2.0,9.3,C,-100.0
13626,high,2,10.0,10.0,8.6,A,-100.0
13627,none,2,12.0,2.0,3.4,C,-100.0
13628,none,4,12.0,32.0,8.7,A,-100.0
13629,none,1,3.0,7.0,6.3,A,-10.2
13630,low,2,8.0,4.0,3.7,A,-100.0
13631,medium,2,5.0,34.0,5.6,C,-16.0
13632,low,1,11.0,7.0,1.9,A,-100.0
13633,medium,0,10.0,3.0,6.8,A,-19.5
13634,none,1,15.0,6.0,3.3,C,-100.0
13635,high,4,4.0,8.0,3.0,A,-100.0
13636,,0,11.0,24.0,7.5,C,-100.0
13637,medium,0,14.0,9.0,1.2,A,-100.0
13638,medium,0,5.0,12.0,8.6,A,-9.7
13639,,1,1.0,0.0,3.0,C,-8.4
13640,medium,1,16.0,6.0,2.2,A,-100.0
13641,none,1,5.0,7.0,9.4,A,-12.1
13642,medium,0,7.0,5.0,1.9,D,-16.6
13643,high,2,15.0,4.0,6.6,A,-100.0
13644,none,1,14.0,30.0,9.9,A,-100.0
13645,low,3,20.0,32.0,9.2,C,-100.0
13646,high,0,15.0,4.0,6.0,A,-100.0
13647,high,1,9.0,11.0,4.2,C,-100.0
13648,medium,1,3.0,12.0,8.4,A,-8.8
13649,high,0,24.0,7.0,3.8,A,-100.0
13650,low,2,9.0,3.0,7.5,A,-100.0
13651,none,2,3.0,8.0,3.6,A,-14.0
13652,medium,1,3.0,13.0,7.3,B,-9.4
13653,low,1,4.0,14.0,7.5,C,-10.6
13654,none,2,5.0,36.0,9.7,C,-14.2
13655,medium,0,19.0,4.0,7.6,C,-100.0
13656,medium,2,6.0,7.0,9.7,B,-16.0
13657,high,3,19.0,2.0,8.5,B,-100.0
13658,high,1,17.0,0.0,3.3,C,-100.0
13659,high,2,,4.0,1.1,C,
13660,medium,2,7.0,4.0,9.0,C,-18.1
13661,none,2,13.0,24.0,5.4,A,-100.0
13662,low,1,7.0,30.0,9.7,C,-14.6
13663,medium,1,8.0,15.0,3.0,A,-100.0
13664,medium,0,2.0,9.0,3.6,A,-7.0
13665,low,0,19.0,9.0,4.3,A,-100.0
13666,low,1,11.0,3.0,8.7,B,-100.0
13667,low,1,20.0,5.0,2.6,B,-100.0
13668,high,2,5.0,5.0,7.9,A,-17.8
13669,low,0,14.0,40.0,1.5,B,-100.0
13670,low,6,4.0,35.0,4.5,B,-100.0
13671,none,1,1.0,21.0,8.2,B,-5.6
13672,high,2,10.0,50.0,6.9,C,-100.0
13673,low,1,4.0,13.0,2.2,A,-13.3
13674,,1,5.0,13.0,9.4,B,-12.0
13675,high,4,1.0,7.0,3.0,C,-18.2
13676,medium,1,5.0,11.0,8.6,C,-12.2
13677,high,0,27.0,2.0,6.6,A,-100.0
13678,high,3,11.0,8.0,6.9,A,-100.0
13679,low,1,2.0,18.0,7.2,A,-7.2
13680,high,2,11.0,20.0,6.0,B,-100.0
13681,low,2,2.0,17.0,8.3,C,-9.2
13682,medium,2,1.0,14.0,3.4,A,-10.3
13683,none,2,9.0,11.0,8.5,B,-100.0
13684,low,1,25.0,19.0,7.3,A,-100.0
13685,low,4,,5.0,5.3,C,
13686,high,0,5.0,0.0,8.2,A,-12.7
13687,none,0,7.0,0.0,9.2,C,-13.3
13688,none,2,5.0,6.0,5.7,B,-16.5
13689,high,2,2.0,13.0,5.0,A,-13.9
13690,high,2,12.0,25.0,8.1,A,-100.0
13691,high,1,7.0,20.0,2.0,A,-100.0
13692,high,2,10.0,9.0,2.4,A,-100.0
13693,low,2,7.0,1.0,6.4,A,-19.1
13694,high,0,11.0,9.0,1.3,A,-100.0
13695,low,1,10.0,10.0,3.6,C,-100.0
13696,low,1,9.0,3.0,7.3,A,-19.6
13697,low,1,9.0,1.0,3.1,A,-100.0
13698,high,1,9.0,1.0,6.4,C,-100.0
13699,,1,25.0,5.0,1.9,A,-100.0
13700,low,1,17.0,10.0,5.2,A,-100.0
13701,low,1,2.0,8.0,4.7,A,-8.6
13702,,4,35.0,5.0,8.6,A,-100.0
13703,high,1,20.0,12.0,8.4,A,-100.0
13704,high,1,14.0,12.0,8.7,A,-100.0
13705,medium,0,5.0,14.0,7.0,C,-10.5
13706,low,4,13.0,31.0,3.0,A,-100.0
13707,high,1,11.0,21.0,8.7,A,-100.0
13708,low,0,5.0,8.0,3.4,A,-12.0
13709,high,1,17.0,10.0,9.5,C,-100.0
13710,low,0,9.0,15.0,1.9,A,-19.7
13711,low,1,18.0,34.0,1.9,D,-100.0
13712,low,2,3.0,2.0,8.9,A,-10.8
13713,high,3,14.0,16.0,2.1,C,-100.0
13714,medium,3,25.0,25.0,7.9,A,-100.0
13715,low,2,9.0,14.0,8.4,A,-100.0
13716,low,0,6.0,4.0,8.1,A,-11.4
13717,low,3,20.0,6.0,4.8,D,-100.0
13718,low,2,,5.0,9.4,C,
13719,none,2,9.0,7.0,8.6,C,-100.0
13720,high,2,12.0,5.0,6.3,A,-100.0
13721,,1,14.0,12.0,4.1,A,-100.0
13722,,2,10.0,6.0,8.6,A,-100.0
13723,high,1,11.0,12.0,1.6,A,-100.0
13724,low,1,18.0,2.0,4.4,A,-100.0
13725,low,4,10.0,0.0,6.3,B,-100.0
13726,low,2,7.0,6.0,7.1,A,-18.7
13727,high,2,26.0,3.0,9.8,A,-100.0
13728,medium,2,5.0,36.0,3.6,C,-17.0
13729,high,3,8.0,9.0,6.8,B,-100.0
13730,medium,2,6.0,6.0,2.2,A,-19.7
13731,medium,1,13.0,17.0,9.8,A,-100.0
13732,medium,0,1.0,7.0,8.7,A,-2.7
13733,none,3,10.0,26.0,2.4,A,-100.0
13734,low,3,31.0,4.0,9.6,A,-100.0
13735,low,0,6.0,12.0,8.1,A,-11.4
13736,medium,1,10.0,12.0,1.0,A,-100.0
13737,high,1,7.0,20.0,9.4,A,-17.9
13738,high,2,11.0,0.0,5.4,A,-100.0
13739,medium,1,4.0,8.0,9.9,D,-9.9
13740,medium,2,6.0,26.0,4.3,B,-18.5
13741,high,1,12.0,1.0,7.8,A,-100.0
13742,high,2,7.0,1.0,7.9,A,-100.0
13743,medium,0,2.0,10.0,6.1,A,-5.8
13744,high,1,25.0,14.0,6.5,D,-100.0
13745,low,1,7.0,24.0,7.2,A,-15.9
13746,high,2,2.0,9.0,9.9,A,-11.5
13747,low,4,9.0,1.0,5.3,C,-100.0
13748,low,1,7.0,8.0,8.5,C,-15.4
13749,low,0,5.0,18.0,5.6,C,-10.8
13750,high,0,4.0,2.0,2.3,C,-13.9
13751,medium,5,17.0,9.0,2.7,C,-100.0
13752,high,2,5.0,0.0,2.2,B,-100.0
13753,none,4,3.0,21.0,8.7,B,-16.3
13754,none,1,22.0,25.0,7.6,A,-100.0
13755,low,2,11.0,23.0,9.2,A,-100.0
13756,low,2,2.0,8.0,3.7,C,-11.6
13757,high,2,3.0,23.0,4.3,B,-15.9
13758,high,5,12.0,24.0,9.1,A,-100.0
13759,medium,2,3.0,27.0,3.6,A,-13.6
13760,medium,1,5.0,4.0,7.2,A,-13.0
13761,medium,2,2.0,0.0,9.5,A,-9.2
13762,low,0,5.0,23.0,8.4,A,-9.3
13763,low,1,14.0,12.0,3.8,B,-100.0
13764,none,5,10.0,17.0,2.0,A,-100.0
13765,none,2,10.0,2.0,8.3,A,-100.0
13766,medium,3,11.0,1.0,3.4,A,-100.0
13767,low,3,13.0,28.0,8.4,C,-100.0
13768,low,0,9.0,23.0,7.4,B,-16.8
13769,low,2,7.0,4.0,4.2,D,-100.0
13770,high,0,21.0,12.0,4.7,A,-100.0
13771,none,2,10.0,24.0,7.6,A,-100.0
13772,low,2,11.0,4.0,9.2,A,-100.0
13773,high,0,7.0,1.0,9.2,A,-15.7
13774,low,2,11.0,2.0,5.0,A,-100.0
13775,medium,3,30.0,4.0,8.1,A,-100.0
13776,low,2,7.0,1.0,3.3,A,-100.0
13777,medium,0,8.0,32.0,2.1,A,-18.0
13778,none,1,7.0,16.0,8.2,A,-16.1
13779,none,2,5.0,31.0,1.6,C,-18.3
13780,high,0,20.0,11.0,2.6,A,-100.0
13781,medium,3,5.0,3.0,6.2,A,-18.5
13782,high,3,16.0,23.0,9.1,A,-100.0
13783,none,2,8.0,4.0,4.6,A,-100.0
13784,high,1,,14.0,4.3,C,
13785,high,1,5.0,5.0,9.0,B,-14.7
13786,low,1,7.0,13.0,9.2,D,-15.0
13787,medium,3,32.0,27.0,4.7,A,-100.0
13788,medium,3,12.0,10.0,4.7,A,-100.0
13789,high,3,12.0,27.0,4.4,A,-100.0
13790,high,0,7.0,10.0,8.4,C,-16.0
13791,medium,5,20.0,5.0,8.6,C,-100.0
13792,low,1,15.0,18.0,1.2,C,-100.0
13793,high,1,13.0,3.0,2.6,C,-100.0
13794,high,4,2.0,2.0,8.2,C,-17.4
13795,low,1,1.0,5.0,5.1,A,-6.7
13796,low,3,19.0,0.0,5.0,D,-100.0
13797,low,1,9.0,12.0,6.6,B,-19.9
13798,low,0,13.0,32.0,4.5,A,-100.0
13799,medium,0,2.0,28.0,4.0,A,-6.6
13800,low,1,3.0,3.0,3.3,A,-11.1
13801,high,0,30.0,27.0,9.5,A,-100.0
13802,medium,0,5.0,14.0,9.9,A,-9.1
13803,medium,2,9.0,3.0,7.9,A,-100.0
13804,medium,0,21.0,5.0,2.8,A,-100.0
13805,medium,1,11.0,2.0,2.0,A,-100.0
13806,high,3,16.0,13.0,5.8,A,-100.0
13807,,0,9.0,16.0,2.8,B,-19.8
13808,medium,2,10.0,19.0,9.4,C,-100.0
13809,high,2,1.0,5.0,8.2,A,-10.6
13810,low,2,4.0,2.0,4.6,C,-14.7
13811,none,2,6.0,21.0,7.2,A,-17.3
13812,low,0,3.0,9.0,3.7,A,-8.3
13813,high,3,3.0,8.0,5.7,A,-17.8
13814,low,4,3.0,14.0,2.3,B,-19.0
13815,none,1,1.0,39.0,8.9,A,-5.0
13816,high,3,6.0,4.0,9.8,A,-100.0
13817,high,5,11.0,5.0,8.6,A,-100.0
13818,high,1,9.0,13.0,8.9,C,-100.0
13819,low,0,14.0,3.0,1.8,A,-100.0
13820,high,0,12.0,15.0,9.0,A,-100.0
13821,none,1,8.0,4.0,6.8,A,-18.7
13822,high,1,4.0,6.0,7.5,A,-13.7
13823,low,2,11.0,0.0,9.2,A,-100.0
13824,low,4,4.0,15.0,6.0,A,-18.9
13825,high,0,5.0,8.0,5.3,A,-14.0
13826,medium,2,9.0,13.0,3.7,A,-100.0
13827,none,1,3.0,22.0,3.5,B,-11.4
13828,medium,2,8.0,1.0,9.5,A,-19.7
13829,high,0,7.0,1.0,6.4,A,-17.1
13830,high,1,35.0,7.0,3.7,C,-100.0
13831,none,0,3.0,11.0,9.6,B,-6.0
13832,none,4,8.0,5.0,8.4,C,-100.0
13833,low,0,7.0,4.0,2.9,B,-15.8
13834,high,2,15.0,48.0,3.7,D,-100.0
13835,none,2,2.0,10.0,3.3,A,-12.4
13836,low,3,16.0,17.0,6.0,C,-100.0
13837,medium,3,11.0,13.0,3.7,A,-100.0
13838,none,1,2.0,1.0,5.7,A,-8.8
13839,high,2,23.0,4.0,6.7,C,-100.0
13840,high,0,2.0,7.0,2.0,A,-10.5
13841,high,5,9.0,15.0,8.4,C,-100.0
13842,medium,2,2.0,2.0,7.1,A,-10.3
13843,none,1,4.0,18.0,2.5,B,-13.7
13844,none,2,13.0,12.0,9.6,A,-100.0
13845,high,2,13.0,43.0,7.9,C,-100.0
13846,high,1,21.0,1.0,8.8,A,-100.0
13847,none,0,5.0,7.0,2.5,C,-13.1
13848,medium,1,6.0,9.0,4.5,A,-16.1
13849,none,1,15.0,20.0,2.7,C,-100.0
13850,low,1,4.0,16.0,1.1,A,-13.8
13851,low,0,38.0,11.0,3.1,A,-100.0
13852,low,1,6.0,15.0,7.5,A,-14.1
13853,medium,1,15.0,7.0,7.5,A,-100.0
13854,high,0,8.0,1.0,8.8,A,-17.6
13855,high,1,9.0,8.0,4.2,B,-100.0
13856,medium,1,7.0,5.0,8.3,C,-16.0
13857,,0,25.0,7.0,5.2,A,-100.0
13858,medium,1,2.0,6.0,4.4,A,-9.1
13859,medium,2,,2.0,8.5,C,
13860,medium,4,6.0,13.0,8.1,A,-100.0
13861,none,2,4.0,0.0,5.4,A,-14.9
13862,none,1,9.0,1.0,5.9,C,-100.0
13863,low,1,12.0,17.0,5.4,A,-100.0
13864,low,2,,14.0,8.4,C,
13865,high,1,5.0,26.0,2.1,B,-18.0
13866,low,0,10.0,25.0,8.4,A,-18.1
13867,none,1,18.0,5.0,8.7,B,-100.0
13868,none,2,9.0,16.0,1.7,A,-100.0
13869,high,2,6.0,3.0,9.1,C,-18.9
13870,low,1,14.0,26.0,3.3,A,-100.0
13871,high,2,4.0,28.0,1.4,A,-19.0
13872,low,1,,3.0,9.5,C,
13873,none,1,8.0,12.0,9.8,A,-17.1
13874,none,1,1.0,9.0,4.9,A,-7.3
13875,high,4,9.0,16.0,8.2,A,-100.0
13876,low,3,13.0,12.0,3.2,A,-100.0
13877,high,4,3.0,26.0,3.2,C,-100.0
13878,none,1,4.0,2.0,8.4,A,-10.9
13879,high,1,3.0,50.0,2.4,A,-14.1
13880,low,1,18.0,2.0,9.3,C,-100.0
13881,low,1,5.0,2.0,9.4,B,-11.6
13882,high,1,6.0,44.0,8.1,D,-16.5
13883,high,1,28.0,6.0,7.0,C,-100.0
13884,medium,1,4.0,9.0,3.8,A,-12.9
13885,high,1,6.0,30.0,7.1,A,-17.2
13886,medium,1,11.0,6.0,9.0,A,-100.0
13887,none,1,8.0,9.0,3.7,A,-100.0
13888,high,2,5.0,1.0,2.6,A,-100.0
13889,low,2,13.0,11.0,4.2,A,-100.0
13890,low,0,8.0,36.0,2.0,A,-17.7
13891,low,2,14.0,2.0,9.1,A,-100.0
13892,none,3,17.0,48.0,3.5,A,-100.0
13893,high,1,25.0,5.0,8.7,C,-100.0
13894,low,2,1.0,5.0,9.7,A,-6.9
13895,high,1,8.0,13.0,6.5,A,-100.0
13896,high,1,9.0,19.0,9.6,A,-100.0
13897,high,1,3.0,6.0,9.8,A,-10.8
13898,low,0,11.0,6.0,1.2,A,-100.0
13899,none,1,13.0,0.0,3.2,C,-100.0
13900,medium,3,11.0,7.0,7.0,A,-100.0
13901,none,5,9.0,50.0,3.8,C,-100.0
13902,low,0,15.0,2.0,10.0,A,-100.0
13903,low,1,8.0,4.0,9.8,A,-16.6
13904,low,3,9.0,26.0,9.9,A,-100.0
13905,medium,3,17.0,10.0,9.0,C,-100.0
13906,medium,1,10.0,9.0,1.6,C,-100.0
13907,high,1,6.0,13.0,8.3,A,-16.7
13908,low,2,5.0,22.0,9.8,C,-13.7
13909,none,0,14.0,3.0,8.9,A,-100.0
13910,low,3,6.0,18.0,9.3,A,-18.2
13911,none,2,11.0,18.0,3.2,C,-100.0
13912,medium,1,11.0,17.0,3.5,A,-100.0
13913,medium,0,31.0,1.0,4.0,A,-100.0
13914,low,4,38.0,0.0,5.0,D,-100.0
13915,medium,1,3.0,16.0,6.0,A,-10.0
13916,low,1,5.0,12.0,4.5,C,-13.9
13917,medium,2,11.0,43.0,9.3,A,-100.0
13918,high,1,16.0,0.0,2.4,B,-100.0
13919,high,2,6.0,4.0,8.7,A,-19.1
13920,low,2,32.0,3.0,4.4,A,-100.0
13921,medium,2,4.0,7.0,9.3,C,-12.7
13922,high,0,11.0,5.0,9.2,B,-100.0
13923,medium,4,25.0,9.0,9.1,A,-100.0
13924,low,2,5.0,3.0,6.9,C,-15.3
13925,high,3,9.0,7.0,3.7,A,-100.0
13926,medium,2,5.0,9.0,1.5,A,-18.3
13927,high,3,18.0,3.0,9.9,C,-100.0
13928,medium,1,7.0,16.0,3.9,C,-18.0
13929,low,0,5.0,15.0,2.5,A,-12.4
13930,low,2,4.0,16.0,3.6,A,-15.1
13931,medium,0,11.0,2.0,3.0,A,-100.0
13932,medium,2,11.0,41.0,9.7,A,-100.0
13933,high,0,6.0,6.0,6.6,A,-15.2
13934,low,0,11.0,14.0,2.7,A,-100.0
13935,medium,1,12.0,2.0,6.7,B,-100.0
13936,high,1,10.0,20.0,9.5,A,-100.0
13937,high,1,17.0,11.0,6.6,C,-100.0
13938,high,1,8.0,18.0,9.7,A,-19.5
13939,high,1,1.0,8.0,8.2,A,-8.1
13940,low,0,6.0,16.0,9.1,D,-10.8
13941,low,0,4.0,1.0,4.7,A,-9.7
13942,medium,1,3.0,7.0,9.1,B,-8.5
13943,none,1,3.0,1.0,4.3,A,-11.2
13944,none,0,19.0,15.0,6.4,C,-100.0
13945,medium,0,20.0,1.0,7.5,A,-100.0
13946,none,1,5.0,12.0,7.7,A,-12.9
13947,high,1,17.0,9.0,2.7,A,-100.0
13948,none,3,15.0,10.0,3.9,C,-100.0
13949,none,1,16.0,15.0,5.9,A,-100.0
13950,high,2,,12.0,2.9,C,
13951,none,2,3.0,33.0,2.3,A,-14.4
13952,medium,2,9.0,5.0,1.7,A,-100.0
13953,low,2,6.0,27.0,8.3,C,-16.1
13954,,1,17.0,7.0,9.3,A,-100.0
13955,low,1,0.0,5.0,8.3,A,-3.3
13956,medium,0,19.0,26.0,1.7,C,-100.0
13957,low,1,16.0,24.0,9.1,A,-100.0
13958,medium,1,29.0,50.0,3.4,C,-100.0
13959,none,1,7.0,10.0,2.5,A,-19.0
13960,none,1,11.0,22.0,8.4,A,-100.0
13961,low,2,6.0,7.0,7.3,D,-16.8
13962,high,2,15.0,30.0,9.9,A,-100.0
13963,medium,3,11.0,5.0,6.2,C,-100.0
13964,low,5,11.0,14.0,3.0,A,-100.0
13965,high,1,5.0,11.0,8.6,A,-14.9
13966,medium,3,2.0,11.0,9.1,A,-11.7
13967,low,1,5.0,9.0,8.9,A,-11.7
13968,medium,1,6.0,6.0,8.0,A,-14.3
13969,high,4,17.0,7.0,2.1,D,-100.0
13970,high,1,20.0,22.0,9.0,A,-100.0
13971,none,1,14.0,3.0,4.3,A,-100.0
13972,none,1,11.0,20.0,3.6,A,-100.0
13973,none,1,2.0,8.0,3.3,A,-9.9
13974,none,2,5.0,4.0,4.8,A,-16.9
13975,high,0,12.0,11.0,8.3,A,-100.0
13976,low,2,3.0,11.0,6.7,A,-11.8
13977,medium,1,18.0,6.0,3.0,A,-100.0
13978,high,2,4.0,3.0,8.8,A,-15.6
13979,low,1,9.0,7.0,1.9,A,-100.0
13980,low,0,13.0,13.0,9.0,A,-100.0
13981,medium,2,15.0,30.0,8.7,A,-100.0
13982,,1,18.0,19.0,1.7,C,-100.0
13983,medium,2,5.0,15.0,7.3,B,-15.3
13984,high,2,3.0,12.0,8.5,A,-13.9
13985,high,3,10.0,7.0,1.9,A,-100.0
13986,medium,3,19.0,20.0,9.1,A,-100.0
13987,high,1,2.0,8.0,3.2,A,-12.3
13988,high,1,16.0,1.0,1.5,A,-100.0
13989,low,5,9.0,14.0,5.1,A,-100.0
13990,medium,1,7.0,18.0,8.8,A,-15.6
13991,medium,4,3.0,19.0,4.5,A,-18.2
13992,medium,1,21.0,3.0,9.2,A,-100.0
13993,none,1,1.0,10.0,2.3,A,-8.6
13994,high,0,7.0,13.0,9.8,A,-15.2
13995,low,1,13.0,6.0,2.4,A,-100.0
13996,medium,3,5.0,34.0,1.5,D,-100.0
13997,medium,0,20.0,1.0,9.7,B,-100.0
13998,low,2,10.0,14.0,1.1,A,-100.0
13999,high,0,7.0,4.0,1.2,C,-19.6
14000,high,0,11.0,38.0,6.4,A,-100.0
14001,high,1,21.0,5.0,1.9,C,-100.0
14002,medium,3,3.0,0.0,1.9,A,-17.2
14003,low,0,10.0,0.0,1.2,A,-100.0
14004,none,0,29.0,21.0,9.5,C,-100.0
14005,high,3,14.0,13.0,5.0,A,-100.0
14006,medium,4,6.0,3.0,3.0,A,-100.0
14007,high,0,13.0,8.0,2.8,A,-100.0
14008,low,5,16.0,14.0,1.2,A,-100.0
14009,low,1,14.0,5.0,9.6,A,-100.0
14010,high,2,7.0,2.0,9.4,A,-100.0
14011,medium,1,20.0,0.0,1.3,A,-100.0
14012,none,5,6.0,1.0,8.3,B,-100.0
14013,low,1,17.0,21.0,9.5,C,-100.0
14014,high,3,17.0,17.0,9.3,A,-100.0
14015,medium,1,16.0,5.0,9.2,A,-100.0
14016,low,2,13.0,1.0,5.5,D,-100.0
14017,high,3,0.0,11.0,9.6,A,-10.6
14018,medium,1,3.0,7.0,3.3,C,-11.4
14019,medium,4,12.0,8.0,3.2,A,-100.0
14020,medium,0,11.0,3.0,2.8,A,-100.0
14021,low,0,1.0,0.0,9.0,A,-2.3
14022,,0,2.0,5.0,1.4,D,-8.4
14023,low,0,7.0,1.0,9.5,C,-12.5
14024,,1,5.0,10.0,3.1,B,-15.2
14025,high,3,1.0,3.0,8.1,A,-13.2
14026,,4,6.0,26.0,8.0,A,-100.0
14027,medium,1,2.0,17.0,6.7,D,-7.9
14028,high,0,5.0,9.0,1.0,A,-16.2
14029,none,2,8.0,5.0,4.8,A,-100.0
14030,high,0,10.0,1.0,9.5,A,-100.0
14031,high,3,17.0,5.0,3.1,B,-100.0
14032,high,1,14.0,12.0,8.4,A,-100.0
14033,,1,11.0,13.0,7.3,A,-100.0
14034,low,0,6.0,9.0,9.3,A,-10.8
14035,medium,1,21.0,28.0,2.5,B,-100.0
14036,high,2,13.0,4.0,2.0,C,-100.0
14037,high,3,12.0,9.0,2.7,B,-100.0
14038,medium,0,9.0,4.0,2.0,A,-100.0
14039,medium,0,19.0,4.0,5.5,B,-100.0
14040,medium,3,2.0,1.0,5.7,A,-13.5
14041,low,2,3.0,6.0,2.3,A,-14.1
14042,none,1,2.0,6.0,1.6,A,-10.8
14043,high,1,2.0,1.0,2.0,C,-13.0
14044,low,1,7.0,3.0,8.4,A,-15.5
14045,low,3,3.0,2.0,1.9,A,-16.8
14046,high,1,13.0,4.0,2.2,A,-100.0
14047,low,0,2.0,1.0,7.2,A,-4.9
14048,medium,5,16.0,25.0,2.2,A,-100.0
14049,high,2,14.0,12.0,6.9,A,-100.0
14050,medium,4,2.0,10.0,3.9,A,-16.8
14051,high,0,3.0,3.0,9.6,A,-8.4
14052,,2,7.0,5.0,2.6,C,-100.0
14053,high,0,6.0,5.0,7.1,B,-14.9
14054,medium,1,5.0,3.0,9.4,A,-11.9
14055,low,0,16.0,1.0,9.6,A,-100.0
14056,low,2,3.0,8.0,9.1,B,-10.6
14057,medium,1,2.0,0.0,2.4,A,-10.2
14058,medium,3,2.0,23.0,8.1,A,-12.1
14059,medium,2,8.0,19.0,8.1,A,-100.0
14060,medium,0,5.0,3.0,2.1,C,-13.1
14061,medium,1,7.0,4.0,2.0,A,-19.1
14062,low,1,3.0,0.0,1.3,A,-12.1
14063,medium,1,7.0,6.0,8.4,A,-15.9
14064,high,1,13.0,35.0,8.1,A,-100.0
14065,high,1,11.0,9.0,8.3,B,-100.0
14066,high,0,5.0,1.0,4.3,A,-14.6
14067,medium,0,6.0,24.0,8.1,A,-11.6
14068,,2,7.0,4.0,2.4,A,-100.0
14069,low,4,10.0,19.0,9.8,A,-100.0
14070,medium,1,12.0,12.0,2.2,D,-100.0
14071,high,1,7.0,4.0,8.0,A,-18.7
14072,high,1,0.0,19.0,4.3,A,-8.2
14073,none,1,11.0,17.0,6.6,D,-100.0
14074,none,4,18.0,2.0,5.9,B,-100.0
14075,high,0,10.0,11.0,5.8,A,-100.0
14076,medium,1,7.0,4.0,9.3,A,-15.5
14077,none,2,9.0,41.0,8.5,A,-100.0
14078,,2,8.0,5.0,9.9,A,-19.6
14079,medium,1,20.0,8.0,6.2,C,-100.0
14080,high,2,4.0,41.0,8.3,A,-15.5
14081,none,2,9.0,3.0,8.0,C,-100.0
14082,high,1,5.0,21.0,5.6,A,-16.3
14083,medium,4,8.0,5.0,9.1,A,-100.0
14084,low,3,12.0,5.0,3.8,A,-100.0
14085,medium,2,5.0,14.0,5.3,A,-16.4
14086,medium,0,4.0,22.0,8.3,A,-8.0
14087,low,2,11.0,26.0,8.8,A,-100.0
14088,high,1,4.0,8.0,2.6,A,-16.1
14089,none,2,8.0,2.0,5.7,B,-100.0
14090,low,0,4.0,23.0,10.0,A,-6.8
14091,low,0,6.0,24.0,3.5,A,-13.5
14092,medium,0,6.0,1.0,6.3,C,-12.7
14093,,0,3.0,14.0,1.1,A,-10.2
14094,medium,2,6.0,18.0,7.8,A,-16.8
14095,medium,2,9.0,3.0,4.0,C,-100.0
14096,none,3,1.0,14.0,2.6,D,-13.4
14097,low,2,6.0,8.0,8.9,A,-16.0
14098,medium,2,4.0,8.0,5.9,A,-14.4
14099,low,2,2.0,3.0,9.1,C,-8.9
14100,none,1,11.0,2.0,4.6,A,-100.0
14101,low,4,11.0,10.0,9.7,A,-100.0
14102,low,1,8.0,0.0,8.4,D,-17.3
14103,low,0,8.0,16.0,7.8,A,-15.0
14104,low,3,20.0,5.0,2.0,A,-100.0
14105,none,1,6.0,7.0,7.3,A,-14.9
14106,low,2,10.0,5.0,9.1,A,-100.0
14107,low,2,17.0,3.0,7.9,A,-100.0
14108,none,2,13.0,12.0,9.0,A,-100.0
14109,low,4,14.0,18.0,6.2,C,-100.0
14110,none,3,5.0,9.0,9.2,A,-17.2
14111,medium,2,8.0,4.0,1.1,A,-100.0
14112,high,1,28.0,32.0,9.0,A,-100.0
14113,low,2,12.0,20.0,1.8,A,-100.0
14114,medium,1,19.0,2.0,7.2,C,-100.0
14115,low,0,17.0,15.0,4.1,A,-100.0
14116,high,1,5.0,36.0,9.1,C,-14.4
14117,high,0,5.0,15.0,3.4,C,-14.9
14118,low,0,10.0,10.0,4.9,D,-20.0
14119,none,1,13.0,6.0,7.9,A,-100.0
14120,,2,2.0,18.0,8.2,A,-9.8
14121,low,0,15.0,2.0,2.5,A,-100.0
14122,low,1,5.0,50.0,4.8,A,-13.4
14123,high,3,5.0,0.0,7.1,A,-100.0
14124,high,3,13.0,8.0,8.2,A,-100.0
14125,low,0,,13.0,3.3,C,
14126,low,1,5.0,3.0,8.0,A,-12.2
14127,high,3,13.0,16.0,9.3,D,-100.0
14128,none,3,10.0,24.0,4.2,A,-100.0
14129,none,1,18.0,4.0,2.9,C,-100.0
14130,none,1,8.0,21.0,9.4,B,-17.2
14131,high,0,10.0,3.0,8.3,A,-100.0
14132,low,1,2.0,5.0,7.6,A,-7.2
14133,medium,4,7.0,6.0,9.3,C,-100.0
14134,medium,1,15.0,2.0,3.1,A,-100.0
14135,high,1,6.0,0.0,8.6,B,-16.7
14136,low,1,10.0,27.0,9.8,C,-19.9
14137,high,1,11.0,26.0,7.0,C,-100.0
14138,high,1,1.0,12.0,8.4,A,-8.0
14139,low,4,28.0,17.0,6.9,A,-100.0
14140,low,3,4.0,3.0,7.5,A,-15.7
14141,medium,0,8.0,18.0,6.8,B,-15.8
14142,none,1,5.0,3.0,1.6,A,-16.0
14143,low,2,9.0,16.0,2.5,A,-100.0
14144,low,0,16.0,16.0,3.4,A,-100.0
14145,medium,0,8.0,16.0,8.3,A,-15.1
14146,low,0,4.0,32.0,1.9,B,-10.8
14147,high,0,3.0,0.0,3.1,A,-11.7
14148,low,0,5.0,16.0,6.2,A,-10.5
14149,high,3,5.0,1.0,8.0,B,-100.0
14150,none,3,7.0,38.0,1.3,A,-100.0
14151,high,2,22.0,13.0,7.8,A,-100.0
14152,none,2,3.0,14.0,2.0,A,-14.7
14153,low,2,10.0,11.0,5.2,C,-100.0
14154,low,3,10.0,9.0,9.3,A,-100.0
14155,low,0,4.0,1.0,9.4,B,-7.3
14156,high,1,6.0,32.0,8.5,A,-16.5
14157,high,1,12.0,1.0,4.6,A,-100.0
14158,medium,1,2.0,36.0,8.5,C,-6.8
14159,none,1,25.0,0.0,9.5,C,-100.0
14160,medium,0,13.0,45.0,10.0,A,-100.0
14161,medium,2,7.0,8.0,8.3,A,-18.4
14162,none,1,12.0,0.0,8.6,A,-100.0
14163,low,0,7.0,12.0,6.5,A,-13.9
14164,medium,1,11.0,16.0,9.6,C,-100.0
14165,high,1,3.0,36.0,9.6,B,-10.6
14166,low,1,5.0,13.0,2.6,A,-14.8
14167,low,2,5.0,8.0,8.8,D,-14.3
14168,high,1,22.0,6.0,9.0,A,-100.0
14169,high,3,8.0,3.0,1.5,C,-100.0
14170,none,1,21.0,9.0,9.0,A,-100.0
14171,medium,3,2.0,25.0,5.5,A,-13.4
14172,none,0,11.0,25.0,8.9,B,-100.0
14173,medium,0,10.0,2.0,1.7,C,-100.0
14174,high,4,14.0,1.0,4.9,A,-100.0
14175,high,1,10.0,43.0,7.1,D,-100.0
14176,high,3,6.0,1.0,1.9,A,-100.0
14177,high,3,11.0,6.0,8.4,A,-100.0
14178,high,2,,2.0,8.8,C,
14179,high,3,11.0,41.0,9.8,A,-100.0
14180,high,2,14.0,9.0,7.4,A,-100.0
14181,none,1,7.0,2.0,1.4,C,-19.7
14182,low,0,20.0,48.0,9.2,A,-100.0
14183,low,1,9.0,32.0,4.6,A,-100.0
14184,low,0,10.0,3.0,4.1,C,-100.0
14185,medium,1,7.0,3.0,1.0,A,-19.6
14186,none,1,6.0,1.0,1.4,A,-17.9
14187,low,1,5.0,20.0,9.7,A,-11.2
14188,low,3,11.0,1.0,8.5,C,-100.0
14189,low,2,7.0,3.0,6.7,A,-18.9
14190,low,3,12.0,0.0,7.5,A,-100.0
14191,low,4,10.0,3.0,6.4,A,-100.0
14192,medium,1,16.0,9.0,1.4,A,-100.0
14193,low,2,6.0,3.0,2.7,C,-19.2
14194,medium,2,26.0,0.0,3.6,A,-100.0
14195,high,2,9.0,18.0,9.9,A,-100.0
14196,medium,1,3.0,29.0,1.1,A,-12.3
14197,medium,0,5.0,24.0,9.7,A,-9.1
14198,medium,0,4.0,1.0,8.5,A,-8.1
14199,medium,2,6.0,41.0,3.1,A,-18.9
14200,high,0,18.0,8.0,1.9,A,-100.0
14201,low,0,25.0,9.0,1.7,A,-100.0
14202,high,3,11.0,3.0,9.9,A,-100.0
14203,medium,2,16.0,20.0,8.6,A,-100.0
14204,low,2,10.0,23.0,9.3,B,-100.0
14205,low,2,14.0,14.0,10.0,A,-100.0
14206,medium,0,4.0,14.0,5.9,C,-9.3
14207,none,0,6.0,1.0,6.6,A,-12.8
14208,,1,6.0,21.0,3.3,C,-16.8
14209,medium,2,12.0,6.0,3.6,A,-100.0
14210,none,0,7.0,2.0,9.3,A,-13.2
14211,low,2,13.0,11.0,8.4,D,-100.0
14212,high,1,8.0,6.0,2.0,D,-100.0
14213,high,0,21.0,5.0,7.0,A,-100.0
14214,none,3,3.0,17.0,8.7,B,-13.9
14215,medium,2,22.0,1.0,3.9,A,-100.0
14216,high,2,15.0,7.0,2.9,A,-100.0
14217,none,0,4.0,0.0,1.4,A,-11.9
14218,medium,3,10.0,16.0,4.1,B,-100.0
14219,none,2,7.0,6.0,7.5,D,-19.1
14220,low,1,4.0,2.0,8.2,C,-10.4
14221,high,2,13.0,18.0,3.2,C,-100.0
14222,medium,0,17.0,17.0,4.2,A,-100.0
14223,none,1,3.0,5.0,9.0,B,-8.8
14224,low,0,17.0,10.0,9.2,C,-100.0
14225,none,1,14.0,24.0,1.2,B,-100.0
14226,medium,1,7.0,2.0,7.2,A,-16.5
14227,high,4,8.0,37.0,8.1,A,-100.0
14228,low,2,8.0,12.0,3.1,A,-100.0
14229,low,4,4.0,14.0,3.0,A,-100.0
14230,low,0,2.0,18.0,3.2,C,-6.7
14231,high,1,8.0,2.0,1.1,A,-100.0
14232,high,2,7.0,6.0,1.9,A,-100.0
14233,none,2,16.0,1.0,9.4,A,-100.0
14234,low,1,2.0,13.0,8.5,A,-6.6
14235,medium,2,15.0,1.0,6.7,B,-100.0
14236,low,4,16.0,2.0,9.4,B,-100.0
14237,medium,1,10.0,39.0,9.5,A,-100.0
14238,none,2,12.0,8.0,5.8,A,-100.0
14239,medium,2,5.0,11.0,3.3,A,-17.4
14240,medium,3,3.0,30.0,8.9,B,-13.4
14241,medium,1,2.0,18.0,1.8,A,-10.3
14242,low,1,17.0,1.0,1.8,A,-100.0
14243,high,1,0.0,21.0,,D,
14244,medium,0,12.0,2.0,1.3,A,-100.0
14245,low,3,9.0,8.0,10.0,D,-100.0
14246,medium,3,19.0,9.0,1.1,C,-100.0
14247,none,1,3.0,1.0,9.0,A,-8.9
14248,high,2,5.0,19.0,7.3,A,-17.9
14249,none,2,10.0,4.0,9.3,D,-100.0
14250,low,3,22.0,8.0,9.2,A,-100.0
14251,medium,0,6.0,0.0,2.2,B,-14.8
14252,medium,0,3.0,20.0,8.4,C,-6.3
14253,high,2,10.0,5.0,2.9,A,-100.0
14254,,2,20.0,12.0,6.8,A,-100.0
14255,high,2,2.0,16.0,1.6,D,-15.6
14256,medium,1,2.0,10.0,3.9,A,-9.3
14257,high,1,5.0,15.0,3.4,C,-17.4
14258,low,1,13.0,8.0,3.7,D,-100.0
14259,medium,1,11.0,33.0,9.3,A,-100.0
14260,high,2,9.0,2.0,9.2,A,-100.0
14261,high,1,7.0,4.0,9.6,A,-17.9
14262,low,5,31.0,10.0,8.2,A,-100.0
14263,medium,1,8.0,10.0,10.0,A,-16.8
14264,medium,1,14.0,9.0,6.0,A,-100.0
14265,low,3,29.0,13.0,9.6,A,-100.0
14266,none,1,3.0,1.0,1.2,A,-12.8
14267,high,3,7.0,10.0,6.2,A,-100.0
14268,low,0,15.0,0.0,3.0,B,-100.0
14269,medium,3,1.0,10.0,4.5,A,-12.3
14270,medium,2,12.0,1.0,7.4,C,-100.0
14271,low,0,11.0,9.0,9.6,A,-19.4
14272,low,3,19.0,3.0,2.3,A,-100.0
14273,low,3,16.0,40.0,9.0,A,-100.0
14274,none,1,7.0,16.0,8.9,A,-15.8
14275,low,1,15.0,9.0,9.5,A,-100.0
14276,medium,0,5.0,8.0,9.8,A,-9.2
14277,high,4,2.0,15.0,8.9,A,-16.9
14278,medium,0,9.0,3.0,8.1,A,-17.1
14279,low,4,21.0,2.0,9.5,C,-100.0
14280,high,0,11.0,3.0,8.3,A,-100.0
14281,high,0,13.0,1.0,2.9,B,-100.0
14282,low,2,16.0,15.0,1.1,B,-100.0
14283,none,1,10.0,14.0,7.5,B,-100.0
14284,low,2,8.0,7.0,6.5,A,-100.0
14285,high,4,27.0,3.0,8.1,D,-100.0
14286,medium,2,14.0,2.0,2.4,A,-100.0
14287,medium,0,10.0,10.0,3.7,A,-100.0
14288,none,1,5.0,4.0,8.6,A,-12.5
14289,none,3,14.0,21.0,9.7,A,-100.0
14290,medium,1,4.0,2.0,6.3,C,-11.7
14291,high,2,3.0,2.0,7.0,A,-14.8
14292,high,2,17.0,4.0,8.6,A,-100.0
14293,high,3,9.0,7.0,8.5,D,-100.0
14294,medium,1,11.0,5.0,4.3,A,-100.0
14295,low,2,6.0,14.0,8.0,A,-16.4
14296,low,1,9.0,4.0,8.9,B,-18.8
14297,low,0,7.0,27.0,9.5,A,-12.3
14298,high,6,7.0,1.0,1.8,B,-100.0
14299,high,2,7.0,24.0,1.5,D,-100.0
14300,none,2,6.0,3.0,5.9,D,-18.1
14301,low,1,10.0,16.0,1.2,A,-100.0
14302,low,2,7.0,41.0,9.3,A,-17.2
14303,low,1,2.0,27.0,9.1,C,-6.2
14304,high,1,13.0,2.0,4.5,A,-100.0
14305,none,3,14.0,26.0,7.0,C,-100.0
14306,high,2,1.0,7.0,1.3,A,-14.1
14307,low,1,21.0,20.0,7.2,C,-100.0
14308,low,1,3.0,3.0,8.9,D,-8.3
14309,high,4,7.0,20.0,8.4,A,-100.0
14310,high,2,13.0,10.0,1.4,A,-100.0
14311,high,1,20.0,12.0,5.1,C,-100.0
14312,medium,0,1.0,10.0,4.5,A,-4.8
14313,low,0,28.0,16.0,2.3,C,-100.0
14314,high,1,14.0,28.0,1.1,A,-100.0
14315,high,3,4.0,21.0,7.5,A,-18.6
14316,none,0,3.0,14.0,5.6,A,-7.9
14317,medium,1,7.0,8.0,8.1,A,-16.0
14318,high,0,8.0,50.0,9.7,A,-16.7
14319,none,1,5.0,19.0,8.3,D,-12.5
14320,high,1,18.0,37.0,3.5,A,-100.0
14321,low,2,13.0,7.0,4.5,A,-100.0
14322,low,3,11.0,12.0,2.5,A,-100.0
14323,none,1,13.0,1.0,9.8,A,-100.0
14324,high,2,18.0,21.0,3.2,A,-100.0
14325,medium,1,9.0,30.0,3.9,A,-100.0
14326,high,1,6.0,17.0,1.7,B,-100.0
14327,high,1,13.0,20.0,9.7,A,-100.0
14328,medium,4,17.0,1.0,,D,
14329,none,0,4.0,8.0,9.5,C,-7.8
14330,none,2,12.0,11.0,4.1,A,-100.0
14331,high,0,5.0,29.0,3.0,A,-15.0
14332,low,2,13.0,30.0,9.2,A,-100.0
14333,low,1,5.0,21.0,4.7,A,-13.7
14334,none,3,9.0,19.0,1.4,A,-100.0
14335,medium,0,3.0,0.0,9.2,A,-6.0
14336,high,1,10.0,12.0,1.7,D,-100.0
14337,high,0,2.0,1.0,9.5,A,-6.8
14338,none,1,15.0,14.0,10.0,A,-100.0
14339,none,0,9.0,2.0,8.0,A,-17.4
14340,high,2,9.0,0.0,7.4,A,-100.0
14341,medium,0,5.0,17.0,9.4,C,-9.3
14342,high,1,9.0,10.0,9.5,B,-100.0
14343,none,1,4.0,18.0,10.0,C,-9.9
14344,medium,1,14.0,12.0,8.1,A,-100.0
14345,medium,3,19.0,1.0,9.8,A,-100.0
14346,high,0,6.0,9.0,9.4,A,-13.7
14347,low,2,14.0,4.0,7.9,C,-100.0
14348,high,1,13.0,15.0,8.1,A,-100.0
14349,medium,2,6.0,13.0,5.7,A,-17.9
14350,low,2,8.0,8.0,1.6,B,-100.0
14351,low,4,9.0,22.0,6.1,A,-100.0
14352,high,2,7.0,1.0,3.9,B,-100.0
14353,high,0,3.0,4.0,1.3,B,-12.6
14354,medium,0,18.0,5.0,9.3,A,-100.0
14355,high,3,5.0,11.0,8.6,A,-19.9
14356,none,0,12.0,24.0,9.1,A,-100.0
14357,high,2,,12.0,3.3,C,
14358,low,2,24.0,4.0,1.7,C,-100.0
14359,low,2,6.0,4.0,2.2,A,-19.4
14360,high,1,10.0,3.0,8.4,A,-100.0
14361,high,2,15.0,10.0,9.0,A,-100.0
14362,low,1,14.0,2.0,6.7,C,-100.0
14363,medium,2,12.0,4.0,7.1,A,-100.0
14364,none,1,5.0,3.0,3.7,B,-15.0
14365,medium,1,12.0,3.0,9.7,A,-100.0
14366,,1,9.0,3.0,2.1,A,-100.0
14367,medium,2,3.0,6.0,8.2,C,-11.5
14368,high,0,2.0,8.0,,A,
14369,high,0,13.0,1.0,8.7,C,-100.0
14370,none,0,3.0,7.0,8.1,A,-6.8
14371,none,2,13.0,5.0,2.7,D,-100.0
14372,high,1,5.0,3.0,2.3,A,-18.1
14373,low,3,18.0,2.0,3.9,B,-100.0
14374,high,2,1.0,7.0,8.3,C,-10.6
14375,low,5,6.0,2.0,7.3,A,-100.0
14376,low,2,2.0,3.0,3.1,A,-11.9
14377,low,2,17.0,7.0,3.5,A,-100.0
14378,medium,0,28.0,3.0,1.2,A,-100.0
14379,high,0,1.0,17.0,4.3,A,-7.5
14380,high,5,4.0,19.0,5.6,A,-100.0
14381,low,2,6.0,2.0,9.5,A,-15.7
14382,none,2,8.0,7.0,3.9,A,-100.0
14383,low,1,4.0,20.0,9.8,A,-9.4
14384,medium,0,16.0,5.0,2.5,A,-100.0
14385,none,2,1.0,6.0,9.5,A,-7.6
14386,high,0,5.0,43.0,5.8,A,-13.4
14387,high,2,15.0,6.0,9.8,B,-100.0
14388,high,2,3.0,24.0,3.0,C,-16.5
14389,high,2,13.0,39.0,7.3,A,-100.0
14390,medium,1,7.0,0.0,6.8,A,-16.7
14391,medium,0,4.0,22.0,3.4,A,-10.5
14392,medium,1,8.0,2.0,5.5,A,-19.1
14393,low,1,7.0,21.0,4.6,A,-17.3
14394,low,0,6.0,16.0,4.3,A,-13.2
14395,none,1,12.0,4.0,5.6,C,-100.0
14396,medium,1,18.0,4.0,6.2,A,-100.0
14397,low,3,5.0,34.0,2.9,B,-19.5
14398,low,1,11.0,3.0,9.7,C,-100.0
14399,low,0,10.0,5.0,3.2,C,-100.0
14400,low,1,2.0,4.0,8.2,A,-6.9
14401,high,4,15.0,20.0,5.4,C,-100.0
14402,low,1,4.0,4.0,8.0,A,-10.5
14403,medium,1,10.0,10.0,6.8,A,-100.0
14404,medium,1,11.0,6.0,7.9,C,-100.0
14405,high,0,4.0,23.0,8.1,C,-10.7
14406,medium,0,14.0,1.0,2.9,A,-100.0
14407,low,1,20.0,9.0,9.1,A,-100.0
14408,low,2,7.0,7.0,1.8,A,-100.0
14409,high,4,15.0,2.0,4.9,A,-100.0
14410,low,2,11.0,17.0,9.5,A,-100.0
14411,low,2,20.0,25.0,2.8,A,-100.0
14412,low,0,4.0,20.0,9.4,A,-7.1
14413,high,1,20.0,17.0,1.2,A,-100.0
14414,high,3,18.0,10.0,2.6,C,-100.0
14415,medium,1,4.0,9.0,1.6,A,-14.0
14416,medium,0,10.0,3.0,8.9,A,-18.4
14417,medium,0,5.0,4.0,2.8,A,-12.7
14418,medium,1,7.0,17.0,8.1,C,-15.9
14419,medium,1,9.0,14.0,7.8,A,-19.6
14420,medium,1,13.0,7.0,4.6,C,-100.0
14421,none,1,11.0,5.0,9.4,A,-100.0
14422,none,1,12.0,3.0,4.6,A,-100.0
14423,low,2,9.0,2.0,5.9,A,-100.0
14424,low,4,3.0,2.0,8.7,A,-15.9
14425,medium,4,13.0,6.0,3.0,A,-100.0
14426,high,2,20.0,4.0,3.1,A,-100.0
14427,low,2,10.0,14.0,9.9,A,-100.0
14428,medium,0,6.0,22.0,6.2,A,-12.6
14429,medium,1,20.0,16.0,8.0,A,-100.0
14430,none,0,13.0,4.0,8.2,B,-100.0
14431,none,4,29.0,2.0,1.1,B,-100.0
14432,low,2,6.0,22.0,8.9,A,-15.8
14433,low,2,9.0,5.0,6.8,A,-100.0
14434,,1,7.0,3.0,8.9,C,-15.9
14435,low,2,8.0,4.0,3.0,A,-100.0
14436,high,3,39.0,40.0,4.3,A,-100.0
14437,medium,0,38.0,17.0,3.4,D,-100.0
14438,low,1,8.0,26.0,6.2,A,-18.2
14439,none,1,4.0,4.0,8.3,A,-10.9
14440,high,3,8.0,4.0,8.8,C,-100.0
14441,high,1,11.0,28.0,2.9,A,-100.0
14442,medium,4,3.0,14.0,3.3,A,-18.9
14443,high,2,6.0,7.0,8.6,A,-19.2
14444,low,0,15.0,5.0,8.1,C,-100.0
14445,medium,1,16.0,6.0,5.4,A,-100.0
14446,medium,1,2.0,10.0,9.8,A,-6.4
14447,medium,1,2.0,1.0,9.4,C,-6.7
14448,low,2,2.0,5.0,2.0,A,-12.5
14449,low,1,18.0,26.0,1.8,A,-100.0
14450,none,0,8.0,6.0,4.4,A,-17.4
14451,medium,2,4.0,15.0,7.0,A,-13.8
14452,high,1,5.0,4.0,3.7,A,-17.4
14453,high,2,2.0,3.0,9.7,A,-11.6
14454,high,2,13.0,10.0,6.0,A,-100.0
14455,medium,2,7.0,8.0,6.7,A,-19.2
14456,low,1,1.0,5.0,1.5,A,-8.5
14457,high,1,18.0,1.0,6.1,A,-100.0
14458,medium,2,6.0,0.0,2.0,A,-19.9
14459,none,0,4.0,14.0,7.3,A,-8.8
14460,low,0,1.0,23.0,3.7,A,-4.7
14461,medium,2,11.0,31.0,8.6,A,-100.0
14462,medium,0,5.0,3.0,1.2,A,-13.5
14463,low,1,14.0,3.0,7.3,A,-100.0
14464,none,1,29.0,8.0,8.4,A,-100.0
14465,high,2,6.0,6.0,9.4,A,-18.8
14466,low,1,4.0,5.0,3.8,B,-12.6
14467,medium,1,22.0,0.0,7.3,A,-100.0
14468,none,3,1.0,0.0,,C,
14469,high,2,19.0,38.0,5.7,A,-100.0
14470,high,1,2.0,8.0,7.7,A,-10.1
14471,medium,3,2.0,7.0,2.0,A,-15.3
14472,low,1,2.0,6.0,8.2,A,-6.9
14473,medium,2,2.0,15.0,4.5,C,-11.5
14474,high,0,10.0,8.0,1.0,A,-100.0
14475,high,1,17.0,8.0,4.1,A,-100.0
14476,high,4,14.0,18.0,8.8,A,-100.0
14477,low,2,6.0,1.0,9.9,A,-15.6
14478,medium,0,16.0,9.0,9.1,A,-100.0
14479,none,1,6.0,4.0,9.9,A,-13.6
14480,high,3,5.0,23.0,2.9,A,-100.0
14481,none,3,8.0,2.0,4.0,A,-100.0
14482,high,3,10.0,12.0,10.0,A,-100.0
14483,high,3,5.0,0.0,1.4,A,-100.0
14484,medium,0,13.0,25.0,8.6,A,-100.0
14485,medium,1,33.0,7.0,9.7,A,-100.0
14486,medium,2,3.0,18.0,8.9,A,-11.0
14487,none,1,7.0,2.0,2.1,A,-19.3
14488,high,1,10.0,22.0,9.0,A,-100.0
14489,low,1,2.0,25.0,4.0,A,-8.8
14490,high,3,2.0,9.0,4.1,A,-16.9
14491,medium,0,6.0,16.0,1.8,A,-14.8
14492,high,2,5.0,0.0,2.8,C,-100.0
14493,none,0,14.0,1.0,9.9,A,-100.0
14494,low,3,13.0,13.0,6.4,C,-100.0
14495,low,1,9.0,44.0,8.9,C,-18.4
14496,high,1,4.0,3.0,9.6,D,-12.7
14497,low,2,1.0,8.0,3.4,A,-10.0
14498,none,1,2.0,1.0,5.6,D,-8.8
14499,low,0,8.0,3.0,10.0,A,-14.0
14500,low,2,11.0,1.0,3.7,A,-100.0
14501,medium,4,2.0,3.0,2.3,A,-17.7
14502,low,1,11.0,13.0,8.9,B,-100.0
14503,high,4,7.0,7.0,2.7,A,-100.0
14504,,4,6.0,2.0,1.2,C,-100.0
14505,medium,3,4.0,16.0,8.6,A,-15.4
14506,high,2,6.0,43.0,5.1,B,-100.0
14507,high,1,16.0,7.0,3.6,A,-100.0
14508,low,1,6.0,0.0,4.5,A,-15.8
14509,medium,1,16.0,10.0,8.2,C,-100.0
14510,low,3,16.0,20.0,8.1,A,-100.0
14511,high,0,8.0,5.0,9.5,B,-17.2
14512,high,0,14.0,39.0,9.8,A,-100.0
14513,none,1,11.0,16.0,7.4,C,-100.0
14514,high,3,10.0,5.0,1.5,B,-100.0
14515,high,0,12.0,1.0,3.4,C,-100.0
14516,medium,1,4.0,4.0,3.6,A,-13.1
14517,medium,0,2.0,43.0,5.3,B,-5.8
14518,low,0,7.0,6.0,8.4,D,-13.0
14519,low,3,1.0,28.0,9.5,D,-9.2
14520,low,0,6.0,48.0,9.8,A,-10.1
14521,low,0,4.0,5.0,9.1,A,-7.4
14522,high,3,7.0,8.0,7.5,A,-100.0
14523,low,1,4.0,12.0,5.5,D,-11.7
14524,none,1,14.0,2.0,8.4,A,-100.0
14525,none,2,18.0,4.0,9.3,A,-100.0
14526,medium,1,6.0,1.0,7.6,A,-14.6
14527,low,1,17.0,10.0,8.6,A,-100.0
14528,low,3,9.0,35.0,3.6,C,-100.0
14529,high,0,2.0,11.0,7.2,A,-7.8
14530,medium,1,3.0,8.0,1.2,A,-12.5
14531,none,2,5.0,3.0,8.5,B,-15.1
14532,low,5,5.0,3.0,3.5,B,-100.0
14533,low,2,6.0,2.0,8.1,A,-16.5
14534,medium,3,10.0,13.0,2.6,A,-100.0
14535,medium,1,15.0,4.0,9.7,A,-100.0
14536,low,2,2.0,26.0,9.0,A,-8.8
14537,none,1,14.0,24.0,9.8,A,-100.0
14538,low,1,1.0,34.0,8.3,A,-4.8
14539,low,1,2.0,12.0,9.3,A,-6.3
14540,high,1,11.0,1.0,8.6,A,-100.0
14541,none,0,8.0,0.0,8.7,B,-15.3
14542,high,3,7.0,44.0,8.6,D,-100.0
14543,high,3,13.0,4.0,9.7,C,-100.0
14544,low,2,4.0,4.0,8.6,D,-12.7
14545,none,1,7.0,11.0,2.2,A,-19.2
14546,low,0,6.0,6.0,5.4,B,-12.8
14547,high,4,5.0,5.0,3.8,A,-100.0
14548,medium,1,8.0,15.0,7.2,C,-18.1
14549,medium,1,6.0,1.0,8.5,A,
14550,none,3,12.0,3.0,1.4,A,-100.0
14551,low,1,7.0,5.0,6.0,A,-16.7
14552,medium,1,7.0,24.0,8.7,D,-15.6
14553,high,0,9.0,3.0,4.4,A,-100.0
14554,medium,2,23.0,10.0,1.7,C,-100.0
14555,none,1,13.0,8.0,1.1,C,-100.0
14556,medium,0,10.0,16.0,5.5,A,-20.0
14557,low,0,16.0,31.0,6.7,A,-100.0
14558,medium,0,11.0,19.0,6.4,C,-100.0
14559,high,0,3.0,15.0,8.8,A,-8.7
14560,none,3,14.0,21.0,9.9,A,-100.0
14561,none,1,3.0,6.0,9.7,B,-8.5
14562,high,1,19.0,10.0,7.6,D,-100.0
14563,high,1,24.0,3.0,5.5,A,-100.0
14564,none,5,3.0,5.0,7.8,A,-19.4
14565,low,2,3.0,11.0,1.6,A,-14.4
14566,low,2,4.0,9.0,6.2,A,-13.8
14567,low,0,20.0,1.0,8.4,A,-100.0
14568,medium,0,3.0,7.0,8.0,A,-6.6
14569,low,0,11.0,4.0,6.0,A,-100.0
14570,medium,0,5.0,4.0,9.9,A,-9.2
14571,high,0,16.0,2.0,8.6,A,-100.0
14572,none,1,6.0,19.0,9.8,D,-13.5
14573,low,2,13.0,1.0,1.3,A,-100.0
14574,none,0,1.0,10.0,4.9,A,-4.8
14575,none,1,6.0,37.0,9.3,B,-13.6
14576,low,3,19.0,9.0,6.3,B,-100.0
14577,high,2,6.0,2.0,10.0,B,-18.5
14578,medium,1,4.0,1.0,7.6,A,-11.1
14579,high,1,4.0,12.0,1.4,A,-16.7
14580,high,2,14.0,16.0,4.3,A,-100.0
14581,high,5,3.0,1.0,3.5,A,-100.0
14582,low,0,15.0,0.0,6.7,A,-100.0
14583,high,0,29.0,4.0,7.6,A,-100.0
14584,high,2,13.0,7.0,2.7,A,-100.0
14585,medium,0,6.0,27.0,9.1,A,-11.1
14586,high,3,16.0,3.0,8.5,A,-100.0
14587,low,1,8.0,0.0,3.1,A,-20.0
14588,low,2,8.0,18.0,6.2,A,-100.0
14589,high,2,20.0,3.0,4.1,C,-100.0
14590,high,2,16.0,9.0,9.3,B,-100.0
14591,medium,4,9.0,1.0,8.6,A,-100.0
14592,low,0,15.0,14.0,3.3,A,-100.0
14593,low,4,12.0,7.0,8.9,A,-100.0
14594,none,1,17.0,3.0,3.5,A,-100.0
14595,low,0,14.0,8.0,4.4,A,-100.0
14596,low,3,6.0,8.0,8.9,C,-18.5
14597,low,3,6.0,20.0,1.6,A,-100.0
14598,none,1,6.0,1.0,9.7,C,-13.8
14599,high,1,19.0,5.0,4.7,C,-100.0
14600,low,1,3.0,9.0,3.9,A,-10.7
14601,low,2,6.0,28.0,1.1,A,-19.7
14602,high,0,13.0,17.0,1.3,A,-100.0
14603,medium,0,5.0,11.0,5.2,C,-11.4
14604,low,1,3.0,8.0,2.3,C,-11.5
14605,none,3,5.0,47.0,2.0,B,-100.0
14606,high,0,16.0,8.0,1.7,B,-100.0
14607,high,2,16.0,20.0,2.6,A,-100.0
14608,high,2,5.0,4.0,2.6,A,-100.0
14609,high,4,10.0,16.0,8.1,C,-100.0
14610,high,0,7.0,17.0,4.5,A,-17.9
14611,,1,0.0,3.0,3.4,A,-6.4
14612,low,2,16.0,28.0,9.0,A,-100.0
14613,low,2,7.0,7.0,9.0,A,-17.7
14614,none,1,17.0,27.0,7.4,A,-100.0
14615,low,0,7.0,34.0,1.2,A,-16.3
14616,high,0,6.0,4.0,9.4,C,-13.8
14617,high,2,12.0,32.0,9.4,A,-100.0
14618,high,3,,7.0,3.4,C,
14619,high,0,12.0,3.0,8.0,C,-100.0
14620,medium,0,11.0,25.0,9.6,A,-19.6
14621,low,1,6.0,42.0,8.2,A,-13.5
14622,high,1,11.0,14.0,2.6,A,-100.0
14623,medium,2,11.0,8.0,8.5,A,-100.0
14624,medium,0,7.0,7.0,8.2,A,-13.5
14625,,4,9.0,15.0,9.3,C,-100.0
14626,medium,1,9.0,23.0,3.7,C,-100.0
14627,,2,10.0,4.0,8.9,C,-100.0
14628,medium,1,4.0,2.0,9.6,A,-10.1
14629,high,1,10.0,36.0,8.8,A,-100.0
14630,low,1,9.0,3.0,8.4,A,-19.0
14631,medium,0,19.0,11.0,5.4,B,-100.0
14632,none,1,21.0,40.0,1.9,C,-100.0
14633,none,1,4.0,3.0,4.4,A,-12.9
14634,high,0,13.0,9.0,9.4,C,-100.0
14635,none,3,2.0,17.0,4.3,D,-14.3
14636,high,1,22.0,15.0,2.7,C,-100.0
14637,medium,1,6.0,8.0,4.8,C,-15.9
14638,medium,1,10.0,29.0,3.9,B,-100.0
14639,medium,0,13.0,7.0,7.6,B,-100.0
14640,none,2,4.0,3.0,5.2,A,-15.0
14641,medium,3,1.0,21.0,6.7,A,-11.1
14642,high,3,6.0,3.0,8.2,A,-100.0
14643,medium,2,5.0,4.0,2.3,C,-18.0
14644,none,2,5.0,2.0,9.4,A,-14.7
14645,medium,2,17.0,9.0,9.9,A,-100.0
14646,high,1,21.0,3.0,9.4,B,-100.0
14647,,1,13.0,3.0,1.8,A,-100.0
14648,high,1,12.0,4.0,9.3,A,-100.0
14649,none,1,17.0,27.0,9.7,C,-100.0
14650,high,1,8.0,16.0,1.5,A,-100.0
14651,medium,0,12.0,5.0,8.3,B,-100.0
14652,medium,1,16.0,3.0,3.1,A,-100.0
14653,high,0,12.0,40.0,7.2,A,-100.0
14654,medium,2,9.0,2.0,1.7,A,-100.0
14655,medium,0,5.0,8.0,3.0,A,-12.6
14656,low,1,29.0,5.0,2.1,B,-100.0
14657,high,0,14.0,27.0,9.0,A,-100.0
14658,none,1,11.0,4.0,9.6,A,-100.0
14659,high,0,4.0,11.0,7.6,B,-11.1
14660,medium,1,5.0,38.0,9.5,A,-11.5
14661,high,0,9.0,14.0,9.8,A,-18.7
14662,medium,0,7.0,9.0,1.3,C,-16.9
14663,none,3,14.0,20.0,9.4,A,-100.0
14664,low,0,9.0,3.0,6.7,A,-17.4
14665,none,1,6.0,3.0,7.6,A,-14.8
14666,high,2,3.0,36.0,3.3,A,-16.3
14667,high,0,1.0,2.0,4.4,A,-7.6
14668,high,3,5.0,13.0,8.1,A,-100.0
14669,medium,3,7.0,1.0,9.5,C,-100.0
14670,low,2,7.0,7.0,2.4,C,-100.0
14671,medium,1,5.0,1.0,3.8,A,-14.7
14672,medium,3,15.0,1.0,9.5,A,-100.0
14673,medium,2,10.0,22.0,6.4,D,-100.0
14674,medium,1,1.0,2.0,,B,
14675,none,1,6.0,50.0,3.4,B,-16.4
14676,high,1,7.0,2.0,9.3,B,-18.1
14677,medium,3,6.0,8.0,8.6,B,-19.0
14678,medium,0,20.0,21.0,3.3,A,-100.0
14679,high,2,20.0,7.0,9.6,B,-100.0
14680,low,0,30.0,23.0,9.2,A,-100.0
14681,medium,0,25.0,4.0,8.5,A,-100.0
14682,high,2,4.0,2.0,1.9,A,-19.0
14683,high,3,31.0,4.0,9.2,A,-100.0
14684,high,2,23.0,18.0,9.9,A,-100.0
14685,low,0,15.0,2.0,5.0,A,-100.0
14686,low,1,23.0,1.0,1.7,A,-100.0
14687,medium,2,2.0,6.0,9.2,A,-9.2
14688,low,2,14.0,20.0,5.3,A,-100.0
14689,high,3,8.0,11.0,8.8,B,-100.0
14690,low,1,11.0,39.0,8.2,A,-100.0
14691,none,2,17.0,6.0,8.6,B,-100.0
14692,high,1,7.0,50.0,8.9,A,-17.8
14693,low,2,3.0,5.0,6.8,C,-11.8
14694,high,4,6.0,2.0,9.2,A,-100.0
14695,low,1,10.0,9.0,9.5,C,-100.0
14696,low,0,3.0,2.0,8.7,B,-5.9
14697,,1,8.0,17.0,9.7,A,-17.1
14698,medium,1,8.0,6.0,1.8,A,-100.0
14699,low,1,39.0,6.0,1.5,A,-100.0
14700,low,2,4.0,9.0,5.9,A,-14.0
14701,low,2,14.0,7.0,4.8,B,-100.0
14702,high,3,4.0,7.0,6.4,A,-19.3
14703,low,4,7.0,5.0,9.1,A,-100.0
14704,,0,17.0,15.0,1.6,C,-100.0
14705,medium,2,1.0,13.0,3.3,A,-10.4
14706,low,2,7.0,22.0,1.5,A,-100.0
14707,high,3,3.0,7.0,3.7,A,-18.9
14708,high,2,6.0,10.0,9.1,A,-18.9
14709,low,2,5.0,23.0,2.4,A,-17.3
14710,low,1,8.0,5.0,1.2,A,-100.0
14711,low,1,6.0,11.0,1.5,B,-17.2
14712,low,2,4.0,6.0,9.2,A,-12.4
14713,medium,1,4.0,4.0,1.2,C,-14.3
14714,medium,2,14.0,2.0,1.9,A,-100.0
14715,low,2,6.0,2.0,3.2,A,-18.9
14716,low,2,10.0,7.0,9.4,C,-100.0
14717,high,1,10.0,2.0,5.4,A,-100.0
14718,medium,0,5.0,27.0,3.4,A,-12.2
14719,low,1,5.0,19.0,3.3,B,-14.4
14720,high,1,5.0,50.0,8.4,C,-14.6
14721,medium,3,10.0,29.0,5.5,A,-100.0
14722,medium,0,9.0,15.0,9.0,C,-16.5
14723,high,2,8.0,2.0,9.4,C,-100.0
14724,,0,23.0,15.0,9.2,D,-100.0
14725,none,1,1.0,6.0,5.4,A,-7.1
14726,high,1,6.0,4.0,8.5,A,-16.7
14727,medium,2,4.0,10.0,2.0,A,-16.3
14728,low,1,14.0,9.0,9.7,A,-100.0
14729,none,0,8.0,24.0,2.5,A,-18.1
14730,low,1,11.0,3.0,4.3,A,-100.0
14731,high,0,23.0,3.0,9.6,C,-100.0
14732,low,0,7.0,8.0,7.2,A,-13.6
14733,none,1,2.0,14.0,7.1,C,-7.9
14734,medium,0,5.0,2.0,2.6,C,-12.8
14735,low,0,6.0,19.0,3.9,A,-13.4
14736,low,0,9.0,3.0,9.1,A,-16.2
14737,low,0,5.0,4.0,9.4,C,-9.0
14738,high,2,18.0,36.0,6.0,A,-100.0
14739,high,3,8.0,20.0,,D,
14740,none,2,12.0,23.0,5.2,A,-100.0
14741,low,1,23.0,16.0,4.7,A,-100.0
14742,low,2,4.0,1.0,1.9,A,-16.1
14743,low,1,15.0,17.0,5.1,A,-100.0
14744,high,2,12.0,12.0,4.7,A,-100.0
14745,medium,1,5.0,2.0,2.7,A,-15.3
14746,low,1,4.0,8.0,2.0,C,-13.4
14747,,1,4.0,14.0,9.3,A,-10.3
14748,high,2,4.0,6.0,9.2,C,-15.4
14749,medium,1,10.0,36.0,9.4,A,-100.0
14750,low,1,5.0,6.0,8.2,A,-12.1
14751,low,0,18.0,14.0,1.3,A,-100.0
14752,medium,2,5.0,49.0,2.2,C,-17.6
14753,high,1,8.0,5.0,2.6,C,-100.0
14754,medium,3,14.0,45.0,6.9,C,-100.0
14755,medium,2,19.0,2.0,9.1,A,-100.0
14756,medium,1,2.0,29.0,9.1,A,-6.6
14757,high,2,13.0,1.0,9.2,A,-100.0
14758,low,3,25.0,13.0,8.7,A,-100.0
14759,medium,3,6.0,3.0,3.6,A,-100.0
14760,medium,2,3.0,1.0,9.3,A,-11.0
14761,low,3,20.0,2.0,5.7,C,-100.0
14762,high,4,9.0,0.0,9.0,D,-100.0
14763,medium,2,10.0,5.0,8.1,D,-100.0
14764,medium,0,6.0,9.0,9.0,A,-11.3
14765,low,0,10.0,2.0,1.2,D,-100.0
14766,none,1,9.0,2.0,6.5,C,-100.0
14767,medium,0,8.0,2.0,9.3,B,-14.7
14768,high,1,11.0,2.0,3.8,A,-100.0
14769,medium,0,5.0,22.0,5.5,A,-11.2
14770,low,0,14.0,6.0,9.9,A,-100.0
14771,high,0,3.0,24.0,8.9,C,-8.6
14772,none,1,6.0,30.0,8.4,A,-14.1
14773,medium,1,13.0,38.0,7.9,A,-100.0
14774,low,0,35.0,11.0,5.5,A,-100.0
14775,low,0,9.0,4.0,9.4,A,-16.0
14776,high,0,4.0,3.0,9.5,A,-10.3
14777,low,0,7.0,5.0,9.9,B,-12.3
14778,medium,1,6.0,0.0,9.9,A,-13.5
14779,high,1,10.0,10.0,4.7,A,-100.0
14780,medium,3,27.0,5.0,3.5,A,-100.0
14781,low,1,2.0,5.0,3.0,C,-9.5
14782,low,4,4.0,4.0,2.6,B,-100.0
14783,low,0,9.0,14.0,5.9,A,-17.7
14784,high,1,10.0,6.0,9.8,A,-100.0
14785,medium,2,8.0,20.0,6.9,A,-100.0
14786,low,3,6.0,9.0,7.5,B,-19.2
14787,high,0,15.0,13.0,2.3,A,-100.0
14788,none,2,6.0,15.0,9.3,A,-16.3
14789,low,1,10.0,16.0,6.9,A,-100.0
14790,low,0,9.0,50.0,3.8,A,-18.4
14791,medium,1,7.0,25.0,2.8,C,-18.5
14792,high,1,11.0,16.0,9.4,A,-100.0
14793,low,1,9.0,20.0,7.6,A,-19.3
14794,low,3,4.0,10.0,8.2,A,-15.3
14795,medium,3,14.0,5.0,9.6,C,-100.0
14796,high,4,14.0,15.0,5.4,C,-100.0
14797,medium,1,6.0,19.0,2.8,C,-16.8
14798,none,4,7.0,7.0,6.1,C,-100.0
14799,none,1,6.0,10.0,1.7,D,-17.7
14800,none,2,8.0,18.0,7.2,A,-100.0
14801,low,1,14.0,5.0,6.2,A,-100.0
14802,medium,1,3.0,34.0,8.4,A,-8.6
14803,none,1,5.0,4.0,3.1,B,-15.3
14804,medium,2,4.0,4.0,9.3,A,-12.7
14805,low,1,19.0,3.0,9.3,A,-100.0
14806,high,1,9.0,15.0,7.7,A,-100.0
14807,none,2,,48.0,2.0,C,
14808,low,2,11.0,4.0,9.3,A,-100.0
14809,none,3,14.0,2.0,1.8,D,-100.0
14810,low,0,4.0,6.0,9.6,A,-7.2
14811,high,0,5.0,1.0,3.9,C,-14.8
14812,high,1,16.0,10.0,8.2,A,-100.0
14813,low,1,3.0,9.0,6.0,C,-9.7
14814,medium,1,8.0,3.0,5.5,A,-19.1
14815,high,0,13.0,6.0,1.1,A,-100.0
14816,low,2,7.0,3.0,1.5,C,-100.0
14817,high,4,7.0,3.0,9.7,A,-100.0
14818,low,3,18.0,16.0,8.9,A,-100.0
14819,low,2,3.0,3.0,9.7,A,-10.4
14820,medium,2,11.0,3.0,2.2,A,-100.0
14821,,0,9.0,19.0,8.2,A,-17.1
14822,low,2,5.0,15.0,4.9,C,-16.2
14823,low,0,20.0,12.0,2.0,A,-100.0
14824,low,2,27.0,8.0,3.8,A,-100.0
14825,high,0,1.0,8.0,4.7,C,-7.3
14826,high,3,6.0,3.0,8.3,A,-100.0
14827,high,2,4.0,4.0,7.3,A,-16.3
14828,none,1,5.0,7.0,10.0,A,-11.8
14829,medium,2,18.0,4.0,5.0,B,-100.0
14830,high,1,20.0,7.0,9.8,C,-100.0
14831,none,1,9.0,6.0,2.6,A,-100.0
14832,none,3,8.0,11.0,3.2,A,-100.0
14833,low,1,8.0,1.0,9.3,A,-16.9
14834,high,1,13.0,6.0,3.8,C,-100.0
14835,medium,0,18.0,2.0,4.7,C,-100.0
14836,low,1,4.0,6.0,2.5,A,-13.2
14837,medium,1,29.0,7.0,1.4,A,-100.0
14838,high,0,7.0,26.0,9.8,D,-15.1
14839,high,1,15.0,17.0,1.5,A,-100.0
14840,none,1,4.0,1.0,3.7,A,-13.3
14841,,1,3.0,13.0,8.5,D,-9.0
14842,medium,1,8.0,4.0,9.7,C,-17.0
14843,high,0,,12.0,1.2,C,
14844,high,1,1.0,21.0,1.4,A,-11.4
14845,medium,3,7.0,1.0,8.5,A,-100.0
14846,low,2,10.0,11.0,9.3,A,-100.0
14847,high,2,9.0,14.0,3.6,A,-100.0
14848,medium,4,4.0,19.0,9.1,A,-17.7
14849,high,3,15.0,4.0,1.4,A,-100.0
14850,none,1,11.0,32.0,9.7,A,-100.0
14851,medium,3,6.0,9.0,3.1,D,-100.0
14852,,0,12.0,0.0,8.9,A,-100.0
14853,medium,1,12.0,14.0,2.8,A,-100.0
14854,high,3,5.0,11.0,8.8,A,-19.8
14855,low,2,3.0,35.0,9.3,A,-10.3
14856,high,0,6.0,20.0,5.0,A,-15.8
14857,low,3,4.0,11.0,1.3,A,-18.8
14858,high,2,9.0,4.0,8.2,B,-100.0
14859,high,2,5.0,30.0,9.4,D,-16.8
14860,high,1,14.0,20.0,6.3,A,-100.0
14861,,0,7.0,6.0,5.0,A,-15.3
14862,low,0,11.0,15.0,2.2,A,-100.0
14863,none,2,11.0,27.0,1.8,A,-100.0
14864,low,1,15.0,20.0,5.5,A,-100.0
14865,high,5,1.0,2.0,3.8,A,-100.0
14866,low,1,13.0,6.0,1.3,A,-100.0
14867,none,1,2.0,23.0,8.3,A,-7.2
14868,low,0,17.0,19.0,2.8,A,-100.0
14869,low,4,10.0,3.0,5.0,B,-100.0
14870,high,3,1.0,4.0,8.2,A,-13.1
14871,low,3,14.0,11.0,4.7,A,-100.0
14872,medium,1,18.0,21.0,8.4,C,-100.0
14873,none,2,4.0,13.0,1.7,C,-16.6
14874,low,0,7.0,4.0,6.8,A,-13.8
14875,low,2,,4.0,8.7,C,
14876,none,0,14.0,20.0,1.7,A,-100.0
14877,low,0,7.0,50.0,6.1,C,-13.7
14878,low,3,16.0,0.0,2.3,A,-100.0
14879,high,1,9.0,20.0,8.6,A,-100.0
14880,low,2,6.0,21.0,9.5,A,-15.6
14881,high,0,19.0,11.0,8.5,C,-100.0
14882,low,2,3.0,5.0,8.7,A,-10.9
14883,high,1,3.0,3.0,8.6,B,-11.4
14884,high,0,7.0,24.0,6.0,A,-17.0
14885,low,1,5.0,18.0,3.5,A,-14.3
14886,high,0,8.0,49.0,7.1,D,-18.0
14887,low,3,10.0,9.0,4.5,C,-100.0
14888,none,2,14.0,6.0,5.0,B,-100.0
14889,high,3,6.0,11.0,7.8,A,-100.0
14890,medium,0,10.0,2.0,1.8,A,-100.0
14891,medium,0,7.0,3.0,3.4,A,-15.9
14892,low,2,3.0,8.0,8.4,C,-11.0
14893,low,3,14.0,0.0,4.3,A,-100.0
14894,,3,26.0,19.0,2.0,A,-100.0
14895,medium,0,17.0,2.0,3.9,D,-100.0
14896,medium,1,5.0,4.0,1.3,C,-16.0
14897,medium,0,22.0,4.0,9.1,A,-100.0
14898,medium,1,6.0,8.0,8.0,C,-14.3
14899,low,0,17.0,13.0,9.0,B,-100.0
14900,medium,3,2.0,14.0,9.5,A,-11.5
14901,high,2,27.0,10.0,9.3,A,-100.0
14902,low,1,17.0,13.0,9.8,A,-100.0
14903,low,3,7.0,0.0,9.8,D,-19.9
14904,medium,0,5.0,7.0,7.9,A,-10.1
14905,medium,1,22.0,20.0,4.7,B,-100.0
14906,high,2,13.0,1.0,9.4,A,-100.0
14907,medium,2,8.0,6.0,6.3,B,-100.0
14908,medium,1,6.0,9.0,4.2,A,-16.2
14909,low,0,7.0,9.0,2.3,A,-16.0
14910,high,2,2.0,1.0,3.1,A,-15.0
14911,high,1,5.0,11.0,8.7,A,-14.8
14912,low,1,6.0,18.0,8.3,A,-13.7
14913,none,3,13.0,9.0,2.2,A,-100.0
14914,high,1,6.0,4.0,9.7,A,-16.1
14915,low,2,11.0,31.0,7.8,A,-100.0
14916,none,1,5.0,12.0,8.3,A,-12.6
14917,low,1,3.0,7.0,5.4,A,-10.0
14918,high,3,16.0,23.0,8.3,A,-100.0
14919,medium,1,12.0,7.0,6.7,A,-100.0
14920,medium,0,,1.0,4.7,C,
14921,low,0,17.0,10.0,9.5,A,-100.0
14922,high,4,7.0,24.0,9.0,A,-100.0
14923,none,1,1.0,8.0,9.4,A,-5.1
14924,high,2,2.0,1.0,9.6,C,-11.7
14925,high,1,28.0,16.0,8.0,B,-100.0
14926,medium,0,3.0,9.0,7.2,A,-7.0
14927,low,4,,6.0,9.3,C,
14928,none,1,27.0,10.0,1.6,A,-100.0
14929,high,1,34.0,50.0,1.1,A,-100.0
14930,low,1,31.0,1.0,4.5,A,-100.0
14931,high,0,8.0,2.0,9.0,A,-17.5
14932,low,1,9.0,33.0,2.1,B,-100.0
14933,low,0,28.0,2.0,7.9,A,-100.0
14934,none,0,,18.0,8.9,C,
14935,low,0,21.0,40.0,8.6,A,-100.0
14936,high,1,24.0,50.0,2.7,A,-100.0
14937,low,1,1.0,6.0,4.8,A,-6.8
14938,medium,2,7.0,23.0,3.9,C,-100.0
14939,high,1,26.0,8.0,8.8,A,-100.0
14940,high,0,22.0,26.0,1.6,A,-100.0
14941,low,2,21.0,37.0,3.2,C,-100.0
14942,high,3,3.0,7.0,7.0,A,-17.2
14943,medium,1,17.0,25.0,2.9,A,-100.0
14944,low,3,7.0,45.0,4.8,C,-100.0
14945,medium,1,18.0,1.0,5.3,A,-100.0
14946,medium,0,10.0,23.0,9.5,A,-17.9
14947,none,2,5.0,11.0,3.9,B,-17.3
14948,none,2,7.0,2.0,3.7,A,-100.0
14949,high,2,12.0,5.0,2.8,A,-100.0
14950,low,4,20.0,9.0,9.6,A,-100.0
14951,high,2,18.0,3.0,3.6,C,-100.0
14952,medium,0,18.0,0.0,3.5,A,-100.0
14953,medium,2,10.0,30.0,1.6,A,-100.0
14954,medium,1,12.0,38.0,2.7,A,-100.0
14955,low,2,2.0,14.0,4.2,A,-11.3
14956,none,1,25.0,7.0,1.1,A,-100.0
14957,low,2,3.0,50.0,2.0,A,-13.8
14958,high,1,9.0,10.0,2.5,C,-100.0
14959,high,3,12.0,2.0,3.0,A,-100.0
14960,none,5,4.0,16.0,8.2,B,-100.0
14961,high,2,20.0,1.0,8.1,A,-100.0
14962,medium,1,8.0,13.0,9.4,C,-17.1
14963,low,1,8.0,25.0,9.7,A,-16.4
14964,high,1,3.0,50.0,3.3,A,-13.6
14965,high,2,10.0,8.0,1.3,A,-100.0
14966,high,4,3.0,5.0,4.9,A,-100.0
14967,high,1,5.0,1.0,10.0,C,-14.3
14968,high,0,3.0,1.0,5.2,C,-10.7
14969,medium,2,20.0,1.0,7.5,A,-100.0
14970,none,0,3.0,3.0,9.3,C,-6.2
14971,low,1,6.0,1.0,4.9,A,-15.6
14972,high,1,3.0,1.0,8.9,A,-11.3
14973,high,0,15.0,13.0,2.4,A,-100.0
14974,none,1,3.0,25.0,4.0,C,-11.1
14975,low,0,6.0,4.0,8.1,A,-11.4
14976,medium,1,8.0,10.0,9.9,A,-16.9
14977,low,0,3.0,2.0,5.3,A,-7.6
14978,none,0,3.0,18.0,8.3,A,-6.5
14979,medium,2,9.0,30.0,4.3,C,-100.0
14980,medium,2,10.0,31.0,3.6,A,-100.0
14981,low,1,6.0,0.0,9.7,A,-13.2
14982,low,0,20.0,5.0,6.9,B,-100.0
14983,low,2,3.0,14.0,9.5,A,-10.4
14984,none,0,8.0,27.0,9.1,C,-14.8
14985,medium,1,8.0,8.0,9.8,B,-16.9
14986,medium,3,3.0,5.0,8.4,A,-13.9
14987,none,1,12.0,3.0,9.7,A,-100.0
14988,high,0,13.0,28.0,1.1,A,
14989,medium,1,17.0,1.0,3.1,C,-100.0
14990,low,2,19.0,3.0,4.3,A,-100.0
14991,high,1,17.0,26.0,8.9,B,-100.0
14992,medium,1,10.0,5.0,8.8,A,-100.0
14993,high,3,3.0,23.0,9.9,D,-15.6
14994,medium,0,4.0,3.0,2.7,C,-11.0
14995,,1,3.0,0.0,6.1,A,-10.3
14996,high,1,8.0,5.0,3.6,C,-100.0
14997,low,3,4.0,17.0,4.2,C,-17.3
14998,none,4,12.0,2.0,9.1,D,-100.0
14999,none,1,16.0,15.0,8.3,A,-100.0
15000,high,3,19.0,5.0,8.9,D,-100.0
15001,low,0,5.0,5.0,8.6,A,-9.4
15002,low,0,12.0,4.0,9.6,D,-100.0
15003,high,4,22.0,24.0,5.9,A,-100.0
15004,none,1,8.0,0.0,10.0,C,-17.1
15005,low,1,15.0,5.0,8.7,A,-100.0
15006,low,0,5.0,30.0,6.7,A,-10.1
15007,high,1,,8.0,1.1,C,
15008,high,1,1.0,5.0,2.2,A,-11.1
15009,low,0,8.0,1.0,10.0,A,-14.0
15010,medium,1,4.0,12.0,8.7,A,-10.4
15011,none,1,4.0,7.0,7.6,C,-11.3
15012,medium,1,9.0,4.0,9.4,C,-18.9
15013,low,3,20.0,10.0,1.1,A,-100.0
15014,none,4,13.0,34.0,8.9,C,-100.0
15015,high,0,2.0,1.0,5.8,A,-8.6
15016,high,2,16.0,5.0,8.2,A,-100.0
15017,none,3,11.0,24.0,9.3,A,-100.0
15018,high,2,2.0,13.0,4.5,C,-14.2
15019,medium,1,6.0,18.0,4.9,C,-15.8
15020,medium,2,11.0,4.0,5.3,A,-100.0
15021,none,1,5.0,11.0,8.9,C,-12.3
15022,high,1,27.0,13.0,1.3,A,-100.0
15023,low,3,16.0,23.0,5.9,C,-100.0
15024,low,2,7.0,14.0,4.6,C,-19.8
15025,none,4,17.0,1.0,8.1,A,-100.0
15026,low,0,23.0,1.0,8.5,A,-100.0
15027,high,0,17.0,9.0,1.8,A,-100.0
15028,high,1,2.0,3.0,1.7,A,-13.1
15029,high,3,22.0,19.0,1.5,B,-100.0
15030,low,1,3.0,30.0,9.1,A,-7.9
15031,none,5,21.0,5.0,8.1,C,-100.0
15032,low,1,5.0,0.0,7.3,A,-12.6
15033,none,2,12.0,20.0,1.6,A,-100.0
15034,none,1,9.0,13.0,9.4,A,-19.0
15035,medium,2,12.0,2.0,9.2,A,-100.0
15036,low,2,17.0,18.0,5.9,A,-100.0
15037,high,4,19.0,0.0,8.3,A,-100.0
15038,high,3,10.0,50.0,7.6,C,-100.0
15039,low,1,24.0,37.0,5.9,C,-100.0
15040,medium,1,9.0,2.0,8.4,A,-19.4
15041,low,0,6.0,10.0,3.9,B,-13.5
15042,medium,1,6.0,10.0,1.5,C,-17.5
15043,low,2,16.0,5.0,2.6,C,-100.0
15044,low,0,10.0,1.0,2.3,A,-100.0
15045,high,0,7.0,14.0,9.2,A,-15.5
15046,high,1,5.0,8.0,8.2,C,-15.1
15047,low,1,28.0,9.0,9.0,A,-100.0
15048,low,4,5.0,13.0,6.3,A,-100.0
15049,medium,3,12.0,3.0,4.5,B,-100.0
15050,high,0,10.0,1.0,7.0,C,-100.0
15051,high,0,2.0,11.0,1.8,C,-10.5
15052,low,4,17.0,1.0,5.5,A,-100.0
15053,none,2,10.0,4.0,8.3,A,-100.0
15054,low,2,2.0,7.0,9.0,A,-9.0
15055,none,1,16.0,14.0,8.8,A,-100.0
15056,medium,1,14.0,14.0,8.1,D,-100.0
15057,high,1,17.0,12.0,9.5,C,-100.0
15058,low,1,8.0,10.0,2.7,A,-100.0
15059,low,4,0.0,8.0,2.0,A,-13.9
15060,low,2,13.0,11.0,4.8,A,-100.0
15061,high,2,5.0,39.0,8.7,A,-17.0
15062,high,1,4.0,1.0,8.3,C,-13.4
15063,medium,2,7.0,0.0,5.5,B,-19.9
15064,medium,1,18.0,12.0,2.5,A,-100.0
15065,medium,3,5.0,4.0,4.8,C,-19.2
15066,none,2,24.0,11.0,3.4,A,-100.0
15067,high,0,,22.0,5.4,C,
15068,low,0,4.0,20.0,8.8,B,-7.4
15069,medium,1,9.0,13.0,9.9,A,-18.6
15070,medium,2,4.0,6.0,3.4,C,-15.6
15071,high,1,17.0,1.0,1.9,C,-100.0
15072,medium,1,2.0,11.0,8.5,A,-7.0
15073,medium,0,5.0,22.0,,D,
15074,none,1,11.0,13.0,3.7,A,-100.0
15075,low,1,7.0,18.0,8.8,A,-15.2
15076,low,1,13.0,31.0,8.3,A,-100.0
15077,high,4,15.0,15.0,6.0,A,-100.0
15078,high,3,5.0,20.0,7.9,A,-100.0
15079,low,0,6.0,1.0,2.9,A,-14.1
15080,none,2,9.0,11.0,4.5,A,-100.0
15081,medium,4,4.0,6.0,5.0,C,-19.8
15082,high,0,32.0,2.0,9.7,A,-100.0
15083,medium,2,20.0,7.0,5.4,C,-100.0
15084,high,0,4.0,0.0,4.2,A,-12.9
15085,high,1,3.0,37.0,9.1,B,-10.8
15086,high,2,23.0,3.0,2.6,A,-100.0
15087,high,3,15.0,3.0,6.5,A,-100.0
15088,low,2,9.0,5.0,2.3,C,-100.0
15089,high,0,21.0,1.0,1.8,A,-100.0
15090,high,2,12.0,6.0,9.0,A,-100.0
15091,high,1,15.0,16.0,9.8,A,-100.0
15092,,2,11.0,1.0,1.7,A,-100.0
15093,none,1,13.0,2.0,3.4,A,-100.0
15094,high,1,1.0,2.0,,A,
15095,medium,3,5.0,42.0,8.7,A,-16.9
15096,none,4,8.0,11.0,3.9,C,-100.0
15097,,1,5.0,1.0,4.3,A,-14.7
15098,low,2,6.0,3.0,9.1,A,-15.9
15099,medium,1,11.0,2.0,8.6,A,-100.0
15100,none,4,8.0,7.0,8.8,A,-100.0
15101,low,0,11.0,8.0,9.8,D,-19.3
15102,medium,1,13.0,8.0,3.1,C,-100.0
15103,none,1,5.0,2.0,6.2,B,-13.8
15104,high,3,14.0,9.0,1.6,B,-100.0
15105,low,1,2.0,10.0,1.2,A,-10.3
15106,high,2,5.0,3.0,9.1,A,-17.2
15107,,3,1.0,2.0,4.0,B,-12.9
15108,none,2,11.0,19.0,9.2,C,-100.0
15109,low,1,,1.0,3.0,C,
15110,high,4,15.0,6.0,9.2,B,-100.0
15111,low,1,12.0,23.0,1.2,A,-100.0
15112,high,2,12.0,6.0,4.4,C,-100.0
15113,medium,4,10.0,9.0,7.0,A,-100.0
15114,medium,0,3.0,1.0,1.2,A,-10.0
15115,medium,1,4.0,14.0,8.5,B,-10.5
15116,medium,1,14.0,6.0,3.5,A,-100.0
15117,low,0,14.0,1.0,7.4,A,-100.0
15118,high,0,21.0,1.0,8.6,A,-100.0
15119,high,0,7.0,25.0,9.7,D,-15.2
15120,medium,1,21.0,9.0,4.1,A,-100.0
15121,high,2,17.0,29.0,6.8,A,-100.0
15122,none,2,1.0,36.0,9.6,A,-7.2
15123,high,1,8.0,4.0,2.0,C,-100.0
15124,medium,2,8.0,10.0,8.7,A,-19.9
15125,medium,3,4.0,11.0,4.4,B,-17.6
15126,medium,1,40.0,1.0,9.4,A,-100.0
15127,high,0,9.0,9.0,7.2,A,-100.0
15128,medium,0,10.0,0.0,3.5,A,-100.0
15129,low,3,15.0,11.0,2.6,A,-100.0
15130,high,2,14.0,12.0,7.8,C,-100.0
15131,none,2,4.0,1.0,8.1,A,-13.6
15132,low,0,6.0,16.0,5.6,A,-12.6
15133,low,1,8.0,4.0,9.9,B,-16.5
15134,medium,3,18.0,1.0,9.5,A,-100.0
15135,medium,1,12.0,3.0,5.9,A,-100.0
15136,low,3,8.0,5.0,7.8,B,-100.0
15137,low,0,24.0,1.0,9.8,B,-100.0
15138,low,0,4.0,5.0,2.4,A,-10.8
15139,none,1,16.0,6.0,1.8,A,-100.0
15140,high,0,13.0,18.0,2.6,B,-100.0
15141,medium,2,5.0,20.0,3.8,C,-17.1
15142,none,2,9.0,34.0,6.0,A,-100.0
15143,low,2,20.0,14.0,8.3,A,-100.0
15144,low,3,3.0,6.0,1.2,A,-17.1
15145,medium,4,22.0,17.0,4.8,A,-100.0
15146,high,1,12.0,3.0,,D,
15147,medium,1,11.0,17.0,8.4,C,-100.0
15148,high,2,1.0,23.0,8.7,D,-10.2
15149,low,3,16.0,3.0,3.0,A,-100.0
15150,medium,1,17.0,3.0,9.1,A,-100.0
15151,low,2,17.0,7.0,6.6,A,-100.0
15152,none,2,6.0,9.0,8.8,C,-16.6
15153,high,1,9.0,50.0,9.9,A,-100.0
15154,low,1,4.0,17.0,6.1,A,-11.3
15155,low,3,29.0,3.0,8.1,C,-100.0
15156,medium,2,9.0,17.0,8.7,D,-100.0
15157,low,1,5.0,6.0,3.9,A,-14.3
15158,medium,1,19.0,7.0,1.3,A,-100.0
15159,none,0,10.0,28.0,5.0,A,-100.0
15160,low,3,8.0,6.0,7.8,A,-100.0
15161,low,2,5.0,14.0,8.8,A,-14.2
15162,medium,3,19.0,8.0,1.3,D,-100.0
15163,high,1,24.0,16.0,3.8,A,-100.0
15164,high,4,10.0,2.0,8.9,A,-100.0
15165,low,4,18.0,7.0,3.2,A,-100.0
15166,low,1,14.0,8.0,1.1,C,-100.0
15167,medium,1,1.0,19.0,2.7,A,-8.1
15168,high,2,,33.0,9.4,C,
15169,medium,0,6.0,12.0,9.1,A,-11.2
15170,low,2,6.0,6.0,9.9,A,-15.5
15171,high,0,11.0,31.0,7.6,A,-100.0
15172,medium,3,2.0,0.0,4.7,C,-14.0
15173,medium,0,5.0,15.0,2.7,A,-12.6
15174,high,1,19.0,9.0,9.4,A,-100.0
15175,low,0,6.0,3.0,2.6,C,-14.2
15176,low,1,18.0,1.0,1.2,D,-100.0
15177,high,2,21.0,8.0,2.3,A,-100.0
15178,low,2,14.0,3.0,6.6,C,-100.0
15179,low,3,18.0,1.0,6.5,A,-100.0
15180,high,0,,7.0,9.9,C,
15181,,2,10.0,3.0,8.9,A,-100.0
15182,low,1,11.0,4.0,5.6,A,-100.0
15183,medium,1,8.0,11.0,2.2,B,-100.0
15184,low,0,11.0,12.0,3.0,C,-100.0
15185,high,0,5.0,2.0,9.7,C,-11.9
15186,medium,1,4.0,21.0,5.2,B,-12.1
15187,low,0,4.0,0.0,9.9,C,-7.1
15188,low,0,5.0,2.0,9.2,A,-9.2
15189,low,0,26.0,8.0,1.6,A,-100.0
15190,medium,2,7.0,11.0,8.3,A,-18.4
15191,low,2,1.0,7.0,5.1,B,-9.2
15192,,1,,0.0,9.4,C,
15193,medium,2,2.0,0.0,2.3,D,-12.8
15194,none,1,6.0,7.0,9.8,C,-13.7
15195,medium,1,5.0,4.0,8.2,A,-12.5
15196,high,0,10.0,17.0,3.5,A,-100.0
15197,medium,0,16.0,7.0,5.4,A,-100.0
15198,medium,0,24.0,32.0,9.2,C,-100.0
15199,high,2,5.0,2.0,9.0,A,-17.3
15200,medium,1,4.0,12.0,6.6,A,-11.5
15201,high,2,9.0,16.0,1.5,A,-100.0
15202,medium,2,23.0,4.0,2.3,A,-100.0
15203,high,2,3.0,16.0,9.6,A,-13.3
15204,none,1,32.0,1.0,2.4,A,-100.0
15205,low,1,6.0,10.0,8.1,C,-13.9
15206,none,0,5.0,3.0,8.2,A,-10.2
15207,high,1,4.0,18.0,9.6,C,-12.5
15208,none,2,8.0,7.0,9.1,A,-100.0
15209,none,0,11.0,26.0,9.9,A,-19.7
15210,low,1,27.0,7.0,6.0,A,-100.0
15211,high,1,8.0,4.0,9.4,C,-19.8
15212,low,0,7.0,11.0,5.7,A,-14.3
15213,medium,0,9.0,6.0,2.6,A,-19.8
15214,high,3,21.0,10.0,8.3,A,-100.0
15215,medium,0,10.0,1.0,3.7,A,-100.0
15216,none,1,31.0,30.0,6.8,C,-100.0
15217,high,1,6.0,4.0,9.0,A,-16.5
15218,medium,0,9.0,4.0,2.1,A,-100.0
15219,high,2,1.0,22.0,8.4,A,-10.4
15220,,1,6.0,11.0,9.9,B,-13.6
15221,medium,2,8.0,6.0,2.7,A,-100.0
15222,high,0,5.0,20.0,9.2,A,-12.0
15223,none,3,1.0,1.0,8.5,A,-10.6
15224,medium,1,10.0,1.0,9.3,C,-100.0
15225,high,1,5.0,12.0,3.9,A,-17.2
15226,high,4,9.0,8.0,9.1,A,-100.0
15227,low,1,7.0,6.0,8.4,D,-15.5
15228,low,1,9.0,4.0,8.9,A,-18.8
15229,none,0,5.0,3.0,8.1,A,-10.3
15230,low,1,20.0,11.0,9.3,C,-100.0
15231,none,0,2.0,3.0,8.5,A,-4.8
15232,medium,0,6.0,5.0,2.6,A,-14.6
15233,medium,1,7.0,12.0,8.9,C,-15.6
15234,low,0,8.0,5.0,8.9,A,-14.5
15235,medium,3,11.0,3.0,1.9,A,-100.0
15236,high,3,15.0,11.0,8.8,A,-100.0
15237,none,1,7.0,4.0,8.6,A,-16.0
15238,none,0,9.0,17.0,1.3,A,-100.0
15239,high,0,23.0,11.0,9.3,A,-100.0
15240,none,3,5.0,17.0,1.6,C,-100.0
15241,high,5,15.0,15.0,8.1,A,-100.0
15242,low,0,10.0,18.0,2.8,A,-100.0
15243,none,0,6.0,27.0,9.8,A,-11.0
15244,low,2,6.0,1.0,2.4,B,-19.3
15245,low,1,8.0,1.0,9.7,C,-16.7
15246,medium,2,11.0,10.0,7.5,C,-100.0
15247,high,2,7.0,4.0,8.0,B,-100.0
15248,low,4,18.0,20.0,7.4,A,-100.0
15249,medium,1,4.0,27.0,7.4,A,-10.9
15250,high,2,13.0,1.0,9.7,A,-100.0
15251,low,4,6.0,1.0,9.4,A,-100.0
15252,low,3,19.0,1.0,8.8,A,-100.0
15253,high,1,2.0,2.0,9.2,B,-9.4
15254,none,3,7.0,8.0,9.1,C,-100.0
15255,high,2,6.0,9.0,8.6,C,-19.1
15256,low,2,12.0,6.0,3.3,C,-100.0
15257,medium,1,7.0,1.0,8.2,B,-16.0
15258,none,3,3.0,13.0,9.0,B,-13.8
15259,none,1,15.0,2.0,3.6,A,-100.0
15260,low,1,9.0,29.0,3.8,A,-100.0
15261,low,0,6.0,2.0,8.3,C,-11.4
15262,none,5,7.0,15.0,9.9,C,-100.0
15263,low,1,7.0,5.0,1.1,A,-19.2
15264,high,1,17.0,33.0,5.4,A,-100.0
15265,medium,2,4.0,8.0,5.2,A,-14.7
15266,none,3,16.0,17.0,2.7,A,-100.0
15267,low,0,8.0,12.0,8.0,A,-14.9
15268,medium,1,14.0,8.0,5.6,A,-100.0
15269,high,0,13.0,50.0,9.9,C,-100.0
15270,low,1,21.0,16.0,6.2,C,-100.0
15271,low,2,10.0,1.0,4.4,A,-100.0
15272,high,2,20.0,1.0,5.0,A,-100.0
15273,low,5,18.0,3.0,9.7,C,-100.0
15274,high,1,7.0,12.0,8.9,C,-18.2
15275,medium,1,5.0,15.0,4.4,A,-14.3
15276,none,2,13.0,4.0,8.6,A,-100.0
15277,medium,1,9.0,13.0,8.4,D,-19.3
15278,medium,2,5.0,1.0,5.5,A,-16.4
15279,none,1,23.0,5.0,8.8,C,-100.0
15280,high,3,2.0,8.0,3.9,A,-17.0
15281,medium,2,6.0,2.0,7.5,A,-17.1
15282,low,1,5.0,13.0,1.2,A,-15.5
15283,high,2,21.0,1.0,5.4,A,-100.0
15284,medium,2,7.0,15.0,2.7,C,-100.0
15285,high,0,7.0,7.0,5.7,B,-17.4
15286,low,1,2.0,3.0,8.5,A,-6.7
15287,high,2,8.0,15.0,5.2,A,-100.0
15288,low,2,12.0,13.0,4.0,C,-100.0
15289,none,3,1.0,3.0,2.5,A,-13.6
15290,low,0,6.0,50.0,8.4,A,-10.8
15291,high,0,12.0,4.0,9.3,A,-100.0
15292,medium,2,14.0,18.0,10.0,A,-100.0
15293,none,0,31.0,9.0,9.0,C,-100.0
15294,high,2,23.0,6.0,6.1,A,-100.0
15295,low,0,19.0,2.0,9.8,A,-100.0
15296,low,2,7.0,8.0,4.0,A,-100.0
15297,none,3,4.0,5.0,5.3,C,-17.4
15298,medium,2,11.0,1.0,8.2,C,-100.0
15299,none,2,6.0,14.0,3.7,C,-19.1
15300,high,2,10.0,22.0,9.6,A,-100.0
15301,low,0,11.0,50.0,1.0,D,-100.0
15302,high,1,2.0,4.0,9.7,B,-9.1
15303,,1,4.0,15.0,3.1,A,-13.4
15304,none,1,10.0,1.0,9.0,A,-100.0
15305,medium,3,9.0,2.0,4.5,A,-100.0
15306,high,2,5.0,14.0,8.7,A,-17.3
15307,medium,1,20.0,3.0,1.0,C,-100.0
15308,medium,1,15.0,2.0,9.2,A,-100.0
15309,low,1,3.0,10.0,8.1,C,-8.6
15310,medium,0,20.0,11.0,4.9,A,-100.0
15311,low,3,13.0,25.0,9.3,A,-100.0
15312,medium,3,17.0,31.0,8.1,A,-100.0
15313,high,1,5.0,2.0,4.8,C,-16.8
15314,medium,3,7.0,10.0,9.5,A,-100.0
15315,medium,1,10.0,7.0,7.3,A,-100.0
15316,high,2,9.0,33.0,8.3,B,-100.0
15317,medium,1,26.0,15.0,9.7,A,-100.0
15318,low,2,15.0,5.0,1.1,A,-100.0
15319,low,1,2.0,26.0,3.9,C,-8.8
15320,low,1,16.0,1.0,3.8,D,-100.0
15321,low,2,7.0,0.0,7.6,C,-18.5
15322,high,1,33.0,17.0,5.6,A,-100.0
15323,medium,0,11.0,1.0,5.2,A,-100.0
15324,medium,1,21.0,17.0,8.2,A,-100.0
15325,high,2,7.0,3.0,4.1,A,-100.0
15326,none,2,14.0,1.0,3.8,C,-100.0
15327,medium,0,9.0,39.0,8.7,B,-16.4
15328,high,2,3.0,24.0,3.9,C,-16.1
15329,low,1,15.0,8.0,3.8,A,-100.0
15330,high,2,10.0,1.0,9.2,C,-100.0
15331,medium,1,11.0,4.0,3.3,A,-100.0
15332,high,1,10.0,18.0,1.7,C,-100.0
15333,high,2,7.0,8.0,1.3,A,-100.0
15334,high,3,8.0,10.0,9.5,C,-100.0
15335,low,0,10.0,8.0,1.6,A,-100.0
15336,none,4,34.0,17.0,9.8,A,-100.0
15337,medium,1,2.0,36.0,7.8,A,-7.1
15338,low,0,10.0,10.0,4.3,C,-100.0
15339,high,1,18.0,4.0,8.2,A,-100.0
15340,medium,2,6.0,32.0,5.1,A,-18.0
15341,high,2,14.0,18.0,1.1,A,-100.0
15342,none,2,14.0,6.0,5.1,D,-100.0
15343,none,6,17.0,4.0,7.3,A,-100.0
15344,high,1,10.0,3.0,8.1,A,-100.0
15345,high,2,10.0,16.0,3.3,B,-100.0
15346,,5,9.0,9.0,9.5,A,-100.0
15347,low,2,14.0,36.0,6.2,A,-100.0
15348,medium,4,3.0,16.0,8.9,A,-16.0
15349,medium,1,6.0,1.0,6.8,B,-15.0
15350,low,1,13.0,12.0,3.4,D,-100.0
15351,none,1,20.0,18.0,4.1,B,-100.0
15352,none,1,7.0,3.0,7.6,A,-16.5
15353,none,2,5.0,6.0,5.8,A,-16.4
15354,low,2,3.0,15.0,1.6,A,-14.3
15355,,4,3.0,0.0,7.6,A,-17.1
15356,,1,22.0,23.0,2.4,C,-100.0
15357,high,0,20.0,0.0,3.4,C,-100.0
15358,medium,1,34.0,3.0,7.6,A,-100.0
15359,medium,4,10.0,33.0,7.9,A,-100.0
15360,low,4,5.0,8.0,1.1,A,-100.0
15361,high,0,14.0,13.0,4.9,B,-100.0
15362,,1,3.0,1.0,2.9,A,-11.9
15363,none,2,8.0,9.0,8.4,A,-100.0
15364,high,0,4.0,2.0,8.6,C,-10.7
15365,medium,0,10.0,0.0,1.6,A,-100.0
15366,medium,1,7.0,8.0,8.1,A,-16.0
15367,high,1,8.0,17.0,1.0,C,-100.0
15368,none,4,2.0,8.0,4.8,A,-16.6
15369,high,1,11.0,3.0,2.0,B,-100.0
15370,medium,4,6.0,11.0,2.6,A,
15371,low,1,18.0,14.0,2.1,A,-100.0
15372,none,1,12.0,15.0,9.4,D,-100.0
15373,medium,1,5.0,9.0,8.6,C,-12.3
15374,low,1,17.0,5.0,9.6,C,-100.0
15375,,1,17.0,2.0,5.2,A,-100.0
15376,medium,0,10.0,2.0,9.3,A,-18.2
15377,medium,1,1.0,13.0,2.5,A,-8.3
15378,medium,2,9.0,27.0,8.0,A,-100.0
15379,medium,1,7.0,12.0,4.3,C,-17.9
15380,high,1,2.0,7.0,2.5,A,-12.7
15381,medium,3,3.0,35.0,6.8,A,-14.4
15382,high,2,7.0,35.0,4.1,A,-100.0
15383,medium,2,9.0,2.0,8.5,A,-100.0
15384,high,3,9.0,8.0,5.3,A,-100.0
15385,high,2,9.0,13.0,9.4,B,-100.0
15386,none,1,5.0,3.0,4.2,A,-14.8
15387,low,3,16.0,21.0,2.7,A,-100.0
15388,medium,2,7.0,8.0,1.9,B,-100.0
15389,low,2,18.0,36.0,5.9,A,-100.0
15390,medium,1,21.0,28.0,9.1,A,-100.0
15391,low,2,4.0,28.0,8.4,A,-12.6
15392,medium,1,16.0,4.0,9.1,C,-100.0
15393,medium,3,3.0,0.0,2.9,C,-16.7
15394,high,0,6.0,1.0,9.4,A,-13.8
15395,none,0,16.0,9.0,6.9,C,-100.0
15396,medium,2,20.0,8.0,1.5,A,-100.0
15397,none,3,13.0,21.0,8.5,A,-100.0
15398,medium,2,8.0,18.0,2.3,A,-100.0
15399,medium,1,0.0,5.0,7.8,C,-3.9
15400,low,1,22.0,1.0,8.5,A,-100.0
15401,medium,1,7.0,4.0,8.9,C,-15.7
15402,low,2,16.0,14.0,2.5,A,-100.0
15403,high,4,7.0,7.0,9.3,A,-100.0
15404,high,3,9.0,8.0,8.5,C,-100.0
15405,none,0,14.0,19.0,9.4,A,-100.0
15406,high,1,3.0,3.0,4.7,B,-13.4
15407,,0,5.0,21.0,9.4,A,-9.5
15408,high,0,15.0,1.0,9.1,A,-100.0
15409,high,0,4.0,0.0,9.7,A,-10.2
15410,medium,2,17.0,4.0,6.5,A,-100.0
15411,low,3,2.0,2.0,2.8,A,-14.6
15412,low,0,12.0,21.0,7.0,A,-100.0
15413,none,3,,2.0,9.4,C,
15414,high,0,13.0,29.0,5.5,A,-100.0
15415,medium,2,16.0,6.0,6.9,A,-100.0
15416,,2,17.0,22.0,3.5,A,-100.0
15417,high,1,8.0,22.0,9.2,A,-19.7
15418,none,0,2.0,2.0,2.5,A,-7.9
15419,high,1,12.0,24.0,2.9,A,-100.0
15420,low,1,6.0,5.0,8.3,A,-13.8
15421,low,0,4.0,34.0,3.0,A,-10.2
15422,,1,8.0,4.0,8.6,A,-17.8
15423,high,0,8.0,4.0,9.7,A,-17.1
15424,low,1,11.0,4.0,7.8,A,-100.0
15425,low,2,1.0,4.0,9.9,A,-6.8
15426,none,1,24.0,0.0,9.4,C,-100.0
15427,none,2,7.0,7.0,6.6,A,-19.5
15428,low,6,7.0,7.0,8.5,C,-100.0
15429,high,2,,6.0,9.4,C,
15430,high,2,18.0,3.0,4.1,A,-100.0
15431,high,1,15.0,4.0,2.5,B,-100.0
15432,low,0,25.0,12.0,3.4,A,-100.0
15433,none,3,22.0,9.0,3.4,A,-100.0
15434,high,1,3.0,12.0,9.1,B,-11.1
15435,low,2,16.0,6.0,,D,
15436,low,2,16.0,12.0,9.7,A,-100.0
15437,,0,15.0,21.0,6.7,A,-100.0
15438,medium,1,8.0,50.0,8.6,C,-17.1
15439,low,1,0.0,8.0,9.6,A,-2.6
15440,medium,1,3.0,25.0,2.3,A,-11.8
15441,high,2,13.0,30.0,8.1,A,-100.0
15442,none,0,14.0,17.0,3.4,C,-100.0
15443,none,1,5.0,2.0,3.2,A,-15.3
15444,high,1,7.0,0.0,4.5,A,-100.0
15445,high,1,3.0,36.0,2.7,A,-14.1
15446,none,1,6.0,4.0,9.7,B,-13.7
15447,low,3,1.0,17.0,3.8,D,-12.2
15448,low,0,3.0,5.0,4.4,C,-8.0
15449,medium,2,6.0,7.0,8.8,A,-16.4
15450,medium,1,19.0,0.0,8.7,A,-100.0
15451,low,3,12.0,6.0,,D,
15452,high,2,6.0,5.0,8.5,A,-19.2
15453,none,1,6.0,14.0,6.2,A,-15.4
15454,high,3,21.0,2.0,2.2,C,-100.0
15455,,0,5.0,0.0,9.1,A,-9.8
15456,high,1,,6.0,8.8,C,
15457,low,0,8.0,10.0,2.6,A,-17.6
15458,medium,3,9.0,7.0,6.5,A,-100.0
15459,high,3,8.0,5.0,9.3,B,-100.0
15460,low,4,3.0,16.0,9.3,A,-15.5
15461,none,1,13.0,3.0,2.0,A,-100.0
15462,high,1,9.0,0.0,1.7,A,-100.0
15463,low,0,3.0,24.0,4.8,C,-7.6
15464,none,3,15.0,11.0,9.4,A,-100.0
15465,medium,1,9.0,14.0,7.5,A,-19.8
15466,low,2,11.0,2.0,5.5,A,-100.0
15467,low,2,4.0,16.0,2.1,A,-15.8
15468,low,2,7.0,10.0,7.1,B,-18.6
15469,low,4,18.0,28.0,5.0,A,-100.0
15470,high,0,6.0,6.0,8.2,A,-14.4
15471,medium,1,10.0,12.0,3.9,C,-100.0
15472,low,1,9.0,5.0,9.7,A,-18.4
15473,medium,1,9.0,16.0,9.2,C,-18.9
15474,medium,0,12.0,10.0,3.8,A,-100.0
15475,high,2,30.0,1.0,2.9,B,-100.0
15476,high,0,11.0,7.0,7.7,A,-100.0
15477,high,1,14.0,6.0,9.1,A,-100.0
15478,high,5,10.0,14.0,3.2,A,-100.0
15479,high,3,1.0,4.0,7.4,A,-13.5
15480,medium,2,11.0,7.0,8.0,B,-100.0
15481,low,2,6.0,50.0,9.8,A,-15.1
15482,low,2,19.0,3.0,9.5,A,-100.0
15483,high,2,5.0,1.0,9.3,A,-17.1
15484,medium,0,9.0,1.0,8.4,C,-16.9
15485,none,1,7.0,1.0,9.1,A,-15.8
15486,high,0,12.0,15.0,9.9,A,-100.0
15487,medium,3,3.0,1.0,1.7,A,-17.3
15488,medium,1,5.0,0.0,4.5,C,-14.4
15489,medium,0,13.0,14.0,8.0,A,-100.0
15490,medium,2,7.0,29.0,9.6,A,-17.6
15491,low,2,15.0,5.0,6.0,A,-100.0
15492,low,0,4.0,6.0,3.8,C,-10.1
15493,none,1,8.0,15.0,5.6,A,-19.2
15494,high,4,10.0,9.0,3.8,B,-100.0
15495,none,3,19.0,21.0,9.1,B,-100.0
15496,low,0,3.0,2.0,9.4,C,-5.6
15497,high,0,3.0,3.0,9.3,A,-8.6
15498,high,1,12.0,13.0,9.4,A,-100.0
15499,medium,2,13.0,17.0,7.8,A,-100.0
15500,none,1,10.0,7.0,8.3,A,-100.0
15501,medium,1,8.0,14.0,9.8,A,-16.9
15502,high,2,0.0,16.0,5.6,A,-10.1
15503,none,0,18.0,0.0,1.2,A,-100.0
15504,medium,1,2.0,2.0,2.8,B,-10.0
15505,high,1,9.0,0.0,6.1,A,-100.0
15506,low,2,6.0,5.0,8.9,A,-16.0
15507,none,4,20.0,13.0,3.3,B,-100.0
15508,high,2,8.0,6.0,3.1,A,-100.0
15509,low,0,4.0,4.0,4.3,A,-9.8
15510,none,0,6.0,11.0,8.2,B,-11.9
15511,none,4,9.0,1.0,9.0,A,-100.0
15512,high,2,17.0,36.0,5.2,C,-100.0
15513,none,1,7.0,29.0,4.4,B,-17.9
15514,medium,1,10.0,2.0,9.1,A,-100.0
15515,high,2,5.0,12.0,9.6,A,-16.9
15516,medium,3,7.0,8.0,1.7,A,-100.0
15517,medium,2,5.0,1.0,8.9,A,-14.7
15518,medium,2,3.0,2.0,8.0,A,-11.6
15519,low,3,4.0,33.0,2.5,A,-17.9
15520,low,1,4.0,9.0,1.5,C,-13.7
15521,,0,12.0,9.0,4.5,A,-100.0
15522,none,1,5.0,19.0,3.8,B,-14.8
15523,low,0,5.0,12.0,9.7,A,-8.8
15524,,1,6.0,36.0,9.7,C,-13.4
15525,low,2,18.0,11.0,7.6,A,-100.0
15526,low,2,2.0,15.0,6.7,A,-10.0
15527,high,4,21.0,32.0,7.8,A,-100.0
15528,low,1,13.0,21.0,8.5,A,-100.0
15529,low,1,6.0,9.0,2.5,A,-16.7
15530,low,1,4.0,11.0,2.6,A,-13.1
15531,high,1,23.0,20.0,1.5,A,-100.0
15532,low,3,6.0,2.0,8.5,A,-18.8
15533,high,2,18.0,13.0,7.3,A,-100.0
15534,high,0,10.0,12.0,4.6,C,-100.0
15535,low,3,21.0,4.0,6.4,A,-100.0
15536,none,1,14.0,50.0,5.5,B,-100.0
15537,high,1,4.0,29.0,9.3,A,-12.6
15538,high,4,4.0,23.0,7.4,A,-100.0
15539,low,1,2.0,0.0,8.9,A,-6.6
15540,medium,2,5.0,26.0,8.6,C,-14.6
15541,medium,2,21.0,5.0,8.1,A,-100.0
15542,low,2,10.0,10.0,3.5,A,-100.0
15543,medium,2,7.0,5.0,8.9,A,-18.2
15544,high,2,9.0,23.0,6.7,C,-100.0
15545,high,2,14.0,28.0,3.1,A,-100.0
15546,high,2,1.0,3.0,8.7,C,-10.4
15547,none,2,11.0,3.0,4.3,A,-100.0
15548,medium,1,8.0,29.0,5.7,A,-18.8
15549,medium,1,,20.0,9.4,C,
15550,medium,1,8.0,43.0,6.5,A,-18.2
15551,medium,3,6.0,1.0,3.3,D,-100.0
15552,medium,3,1.0,31.0,7.8,A,-10.4
15553,high,0,1.0,24.0,6.5,A,-6.3
15554,high,2,7.0,50.0,6.7,A,-100.0
15555,none,1,9.0,15.0,7.1,B,-100.0
15556,low,2,13.0,24.0,4.8,C,-100.0
15557,medium,1,9.0,5.0,2.3,A,-100.0
15558,low,2,3.0,19.0,2.1,A,-14.0
15559,low,1,12.0,11.0,6.5,A,-100.0
15560,low,0,6.0,2.0,6.0,A,-12.5
15561,low,2,4.0,1.0,8.6,A,-12.7
15562,high,2,15.0,4.0,8.2,A,-100.0
15563,medium,1,17.0,3.0,3.9,A,-100.0
15564,medium,1,1.0,38.0,8.7,A,-4.9
15565,low,4,1.0,1.0,3.1,B,-15.2
15566,none,2,8.0,2.0,9.8,A,-19.7
15567,high,2,2.0,2.0,4.7,A,-14.2
15568,none,2,3.0,3.0,3.3,A,-14.2
15569,none,0,18.0,3.0,1.9,B,-100.0
15570,medium,0,16.0,1.0,9.0,A,-100.0
15571,medium,1,23.0,29.0,8.3,A,-100.0
15572,medium,4,21.0,6.0,9.6,C,-100.0
15573,low,0,9.0,2.0,7.2,A,-17.1
15574,medium,1,6.0,10.0,1.9,C,-17.3
15575,none,4,8.0,13.0,8.0,C,-100.0
15576,medium,2,11.0,14.0,1.9,A,-100.0
15577,high,0,2.0,8.0,9.2,A,-6.8
15578,high,2,14.0,2.0,9.6,A,-100.0
15579,high,0,8.0,39.0,6.8,A,-18.2
15580,high,0,2.0,4.0,6.5,A,-8.2
15581,high,0,9.0,3.0,3.8,A,-100.0
15582,high,0,8.0,14.0,2.3,A,-100.0
15583,high,2,0.0,50.0,9.7,A,-7.7
15584,low,0,1.0,11.0,2.1,A,-5.6
15585,medium,1,10.0,22.0,8.7,C,-100.0
15586,low,1,13.0,30.0,5.7,C,-100.0
15587,high,1,4.0,26.0,9.3,A,-12.6
15588,medium,1,8.0,7.0,6.2,D,-18.7
15589,high,1,9.0,38.0,2.1,A,-100.0
15590,high,1,14.0,26.0,1.4,A,-100.0
15591,none,4,2.0,17.0,2.2,A,-17.9
15592,medium,0,11.0,14.0,9.0,D,-100.0
15593,high,1,9.0,3.0,2.8,B,-100.0
15594,medium,1,6.0,1.0,6.2,A,-15.3
15595,low,1,11.0,3.0,9.9,A,-100.0
15596,high,1,5.0,25.0,8.8,C,-14.6
15597,low,1,11.0,19.0,3.4,A,-100.0
15598,high,3,,16.0,3.7,C,
15599,high,3,11.0,42.0,8.1,A,-100.0
15600,none,2,13.0,4.0,4.0,A,-100.0
15601,,0,11.0,1.0,9.0,A,-100.0
15602,low,2,5.0,5.0,6.1,A,-15.7
15603,low,2,27.0,3.0,2.5,A,-100.0
15604,high,0,5.0,3.0,8.9,A,-12.3
15605,low,2,,8.0,7.6,C,
15606,none,2,11.0,29.0,8.6,B,-100.0
15607,none,3,6.0,5.0,1.7,B,-100.0
15608,high,1,1.0,19.0,1.3,A,-11.4
15609,low,2,8.0,14.0,1.6,A,-100.0
15610,none,0,0.0,7.0,6.6,A,-2.3
15611,low,1,2.0,3.0,3.5,A,-9.3
15612,low,1,6.0,10.0,9.7,A,-13.1
15613,low,1,33.0,5.0,3.5,A,-100.0
15614,high,1,17.0,1.0,6.3,B,-100.0
15615,medium,0,4.0,1.0,8.5,A,-8.1
15616,none,3,10.0,18.0,4.1,C,-100.0
15617,high,1,4.0,4.0,9.7,A,-12.6
15618,,1,14.0,6.0,9.1,A,-100.0
15619,medium,0,9.0,5.0,2.9,A,-19.7
15620,low,1,11.0,3.0,7.6,A,-100.0
15621,medium,2,4.0,2.0,5.4,A,-14.7
15622,high,4,9.0,12.0,6.7,C,-100.0
15623,low,4,13.0,3.0,1.1,A,-100.0
15624,medium,1,6.0,23.0,7.9,A,-14.2
15625,medium,4,22.0,10.0,2.0,C,-100.0
15626,low,0,2.0,14.0,3.4,C,-6.7
15627,high,0,3.0,6.0,2.0,A,-12.2
15628,none,1,22.0,1.0,5.0,C,-100.0
15629,low,2,13.0,1.0,9.4,A,-100.0
15630,low,1,4.0,11.0,9.4,A,-9.7
15631,high,1,7.0,6.0,8.3,A,-18.6
15632,high,2,17.0,10.0,5.7,A,-100.0
15633,none,4,4.0,2.0,9.6,C,-17.8
15634,medium,0,5.0,14.0,5.3,A,-11.4
15635,high,1,18.0,0.0,6.4,B,-100.0
15636,medium,1,7.0,0.0,8.9,B,-15.7
15637,medium,2,22.0,18.0,1.7,C,-100.0
15638,high,2,21.0,14.0,3.0,A,
15639,medium,2,12.0,19.0,8.3,A,-100.0
15640,none,4,13.0,1.0,4.7,A,-100.0
15641,medium,3,,2.0,3.1,C,
15642,high,3,14.0,4.0,6.0,A,-100.0
15643,high,2,4.0,1.0,2.5,C,-18.8
15644,none,0,3.0,3.0,8.4,A,-6.6
15645,none,0,22.0,2.0,9.6,A,-100.0
15646,low,3,3.0,11.0,6.1,A,-14.6
15647,high,0,6.0,10.0,6.1,D,-15.4
15648,high,1,1.0,13.0,2.3,A,-11.0
15649,high,0,12.0,23.0,7.2,A,-100.0
15650,medium,0,19.0,11.0,7.4,A,-100.0
15651,high,0,12.0,9.0,1.5,A,-100.0
15652,low,2,4.0,27.0,8.2,A,-12.7
15653,low,0,12.0,1.0,8.8,A,-100.0
15654,low,0,6.0,33.0,8.4,A,-11.0
15655,low,2,15.0,11.0,9.0,A,-100.0
15656,medium,0,12.0,1.0,6.6,C,-100.0
15657,none,1,11.0,15.0,9.4,A,-100.0
15658,low,0,5.0,19.0,9.2,A,-9.0
15659,low,5,14.0,0.0,8.1,D,-100.0
15660,medium,1,6.0,12.0,8.2,C,-14.2
15661,high,1,19.0,30.0,1.2,A,-100.0
15662,high,0,7.0,11.0,5.3,A,-17.5
15663,low,1,5.0,5.0,1.5,A,-15.5
15664,none,2,9.0,1.0,1.6,B,-100.0
15665,low,1,10.0,35.0,2.3,A,-100.0
15666,,0,3.0,4.0,7.5,C,-7.1
15667,low,2,5.0,3.0,9.9,A,-13.8
15668,low,5,9.0,0.0,9.9,C,-100.0
15669,high,3,11.0,16.0,9.7,B,-100.0
15670,none,1,3.0,1.0,8.6,A,-9.1
15671,high,2,3.0,15.0,9.1,A,-13.6
15672,low,1,8.0,5.0,9.0,A,-17.0
15673,none,1,,20.0,9.1,C,
15674,low,4,9.0,1.0,2.4,A,-100.0
15675,none,2,9.0,7.0,7.5,A,-100.0
15676,none,2,8.0,40.0,1.0,A,-100.0
15677,none,2,1.0,10.0,7.4,A,-8.6
15678,high,1,4.0,24.0,9.2,C,-12.7
15679,high,1,14.0,0.0,3.3,A,-100.0
15680,low,1,11.0,1.0,3.3,A,-100.0
15681,low,1,18.0,7.0,9.7,A,-100.0
15682,low,3,11.0,1.0,9.7,A,-100.0
15683,low,2,12.0,20.0,3.3,A,-100.0
15684,none,5,12.0,1.0,4.8,C,-100.0
15685,low,1,11.0,8.0,2.3,D,-100.0
15686,none,0,7.0,1.0,3.5,D,-16.1
15687,low,1,7.0,23.0,9.0,A,-15.0
15688,low,1,19.0,6.0,8.3,B,-100.0
15689,high,0,6.0,6.0,5.5,C,-15.7
15690,none,2,6.0,47.0,10.0,D,-15.7
15691,high,1,5.0,3.0,5.5,A,-16.5
15692,medium,2,8.0,4.0,5.1,B,-100.0
15693,high,4,18.0,9.0,8.7,A,-100.0
15694,medium,4,5.0,5.0,1.7,A,-100.0
15695,low,2,32.0,20.0,5.3,A,-100.0
15696,low,1,10.0,7.0,9.3,A,-100.0
15697,medium,1,11.0,1.0,4.8,A,-100.0
15698,high,4,10.0,18.0,5.8,A,-100.0
15699,low,4,22.0,4.0,7.5,A,-100.0
15700,none,1,3.0,33.0,8.7,A,-8.7
15701,low,0,1.0,15.0,3.3,A,-5.0
15702,none,2,5.0,15.0,2.8,B,-17.8
15703,low,3,8.0,3.0,3.2,C,-100.0
15704,low,2,17.0,11.0,1.1,A,-100.0
15705,medium,4,9.0,11.0,5.0,C,-100.0
15706,low,1,4.0,11.0,7.5,B,-10.7
15707,low,2,6.0,1.0,9.8,A,-15.6
15708,medium,2,2.0,11.0,1.7,A,-12.9
15709,high,0,3.0,0.0,8.1,A,-9.2
15710,medium,0,10.0,5.0,7.5,A,-19.1
15711,high,3,19.0,9.0,7.9,C,-100.0
15712,none,3,31.0,31.0,9.8,A,-100.0
15713,none,0,9.0,6.0,2.4,A,-100.0
15714,low,0,25.0,6.0,9.3,C,-100.0
15715,medium,2,10.0,12.0,5.5,A,-100.0
15716,low,2,14.0,8.0,7.4,A,-100.0
15717,high,0,13.0,36.0,8.8,C,-100.0
15718,low,3,14.0,11.0,1.6,A,-100.0
15719,low,0,11.0,14.0,9.6,A,-19.3
15720,medium,0,11.0,4.0,9.8,A,-19.7
15721,high,0,14.0,36.0,3.5,A,-100.0
15722,low,1,1.0,7.0,7.5,C,-5.5
15723,,1,8.0,8.0,5.3,A,-19.4
15724,high,2,3.0,4.0,9.9,A,-13.3
15725,none,1,15.0,50.0,1.1,C,-100.0
15726,low,2,9.0,2.0,4.2,A,-100.0
15727,medium,1,12.0,1.0,8.3,A,-100.0
15728,high,1,4.0,43.0,3.4,A,-15.4
15729,none,2,10.0,10.0,8.6,C,-100.0
15730,medium,1,17.0,12.0,2.5,A,-100.0
15731,medium,0,7.0,0.0,8.8,A,-13.3
15732,medium,2,5.0,8.0,9.5,A,-14.3
15733,none,1,6.0,25.0,5.9,A,-15.4
15734,high,1,4.0,1.0,1.1,C,-17.0
15735,medium,1,0.0,4.0,9.7,B,-3.0
15736,none,2,11.0,5.0,7.6,A,-100.0
15737,medium,0,6.0,7.0,8.1,A,-11.8
15738,low,1,,4.0,8.8,C,
15739,medium,1,9.0,1.0,8.4,A,-19.4
15740,medium,1,5.0,40.0,8.1,D,-12.2
15741,high,3,0.0,16.0,6.2,A,-12.3
15742,none,0,5.0,22.0,2.9,A,-12.7
15743,high,1,12.0,1.0,8.2,A,-100.0
15744,high,3,16.0,25.0,8.5,A,-100.0
15745,low,2,4.0,2.0,9.7,A,-12.2
15746,high,0,1.0,2.0,9.6,A,-5.0
15747,high,0,11.0,6.0,5.1,A,-100.0
15748,low,2,6.0,17.0,9.6,C,-15.6
15749,low,2,11.0,1.0,10.0,A,-100.0
15750,medium,2,26.0,45.0,3.0,B,-100.0
15751,medium,3,6.0,16.0,8.2,A,-19.1
15752,medium,3,2.0,2.0,4.2,A,-14.3
15753,low,0,31.0,7.0,4.8,A,-100.0
15754,,4,3.0,5.0,9.5,C,-16.1
15755,high,2,11.0,4.0,8.7,A,-100.0
15756,none,4,6.0,0.0,9.9,C,-100.0
15757,medium,3,12.0,9.0,9.7,A,-100.0
15758,none,4,12.0,40.0,7.8,C,-100.0
15759,none,0,5.0,4.0,3.8,D,-12.4
15760,low,2,29.0,13.0,5.3,C,-100.0
15761,high,3,10.0,14.0,9.3,C,-100.0
15762,low,1,7.0,9.0,9.3,C,-15.0
15763,medium,3,32.0,1.0,8.1,A,-100.0
15764,high,0,7.0,50.0,8.1,C,-15.7
15765,none,2,2.0,9.0,8.6,A,-9.7
15766,none,1,7.0,3.0,9.2,B,-15.7
15767,high,1,6.0,0.0,10.0,A,-16.0
15768,medium,2,17.0,17.0,9.9,A,-100.0
15769,high,3,10.0,1.0,9.8,A,-100.0
15770,low,1,4.0,30.0,7.7,C,-10.4
15771,low,1,25.0,8.0,7.4,A,-100.0
15772,high,1,13.0,12.0,9.6,A,-100.0
15773,none,0,1.0,11.0,9.5,B,-2.5
15774,none,2,19.0,20.0,8.4,A,-100.0
15775,,3,7.0,10.0,2.7,C,-100.0
15776,low,2,7.0,3.0,8.9,D,-17.8
15777,low,0,9.0,8.0,8.7,A,-16.3
15778,none,2,9.0,30.0,2.4,C,-100.0
15779,low,2,8.0,26.0,3.1,B,-100.0
15780,medium,1,6.0,9.0,3.1,A,-16.8
15781,medium,3,21.0,9.0,8.4,A,-100.0
15782,medium,1,7.0,4.0,6.9,A,-16.7
15783,high,0,12.0,7.0,7.3,A,-100.0
15784,medium,4,5.0,9.0,9.0,A,-19.6
15785,high,1,8.0,4.0,5.2,A,-100.0
15786,medium,0,11.0,0.0,1.7,A,-100.0
15787,medium,0,11.0,21.0,4.0,A,-100.0
15788,low,3,13.0,10.0,9.5,A,-100.0
15789,none,2,4.0,34.0,7.5,A,-13.5
15790,none,0,1.0,11.0,9.3,A,-2.6
15791,high,1,13.0,30.0,9.7,A,-100.0
15792,high,2,17.0,13.0,1.4,A,-100.0
15793,low,2,17.0,1.0,1.6,A,-100.0
15794,low,1,12.0,10.0,1.8,A,-100.0
15795,none,2,7.0,8.0,9.0,C,-18.3
15796,low,1,10.0,0.0,1.7,C,-100.0
15797,low,2,12.0,21.0,6.2,C,-100.0
15798,high,1,10.0,8.0,5.3,A,-100.0
15799,none,0,,11.0,2.1,C,
15800,medium,1,12.0,4.0,8.8,A,-100.0
15801,low,0,26.0,31.0,2.8,A,-100.0
15802,high,3,7.0,18.0,3.5,B,-100.0
15803,low,3,11.0,42.0,8.2,C,-100.0
15804,none,1,11.0,13.0,8.0,A,-100.0
15805,low,1,7.0,2.0,8.9,B,-15.3
15806,low,1,3.0,0.0,9.9,A,-7.8
15807,medium,2,7.0,5.0,4.4,A,-100.0
15808,low,0,4.0,34.0,3.4,A,-10.0
15809,high,1,9.0,21.0,,D,
15810,medium,2,4.0,19.0,2.6,C,-15.9
15811,low,0,18.0,5.0,9.0,A,-100.0
15812,high,2,3.0,36.0,8.1,A,-13.9
15813,low,3,29.0,4.0,5.0,A,-100.0
15814,medium,2,4.0,4.0,1.8,A,-16.5
15815,medium,2,5.0,6.0,5.8,A,-16.2
15816,medium,0,3.0,0.0,2.3,A,-9.5
15817,low,4,3.0,2.0,8.1,A,-16.2
15818,high,2,6.0,0.0,2.4,A,-100.0
15819,medium,2,6.0,0.0,1.3,A,-100.0
15820,low,1,13.0,2.0,2.6,A,-100.0
15821,medium,4,27.0,4.0,1.3,A,-100.0
15822,none,1,23.0,3.0,5.4,A,-100.0
15823,low,0,19.0,9.0,7.0,A,-100.0
15824,high,3,17.0,24.0,5.1,A,-100.0
15825,low,4,9.0,2.0,3.3,C,-100.0
15826,high,5,11.0,6.0,3.1,A,-100.0
15827,medium,1,3.0,7.0,9.4,A,-8.4
15828,none,0,7.0,6.0,1.9,A,-16.9
15829,low,2,21.0,35.0,4.2,A,-100.0
15830,high,1,18.0,3.0,9.0,A,-100.0
15831,high,1,9.0,2.0,2.1,A,-100.0
15832,none,2,,17.0,1.7,C,
15833,high,3,3.0,1.0,9.9,D,-15.8
15834,low,0,17.0,3.0,5.9,C,-100.0
15835,low,0,5.0,2.0,8.2,A,-9.7
15836,medium,1,12.0,19.0,9.7,A,-100.0
15837,low,2,11.0,6.0,8.1,A,-100.0
15838,high,1,22.0,5.0,4.1,C,-100.0
15839,high,1,11.0,6.0,5.7,B,-100.0
15840,high,2,11.0,1.0,8.3,C,-100.0
15841,high,4,17.0,7.0,8.3,A,-100.0
15842,low,0,13.0,10.0,4.8,B,-100.0
15843,high,0,6.0,1.0,2.4,A,-17.3
15844,low,2,6.0,27.0,2.9,A,-18.8
15845,high,2,19.0,6.0,3.8,C,-100.0
15846,medium,2,7.0,11.0,7.9,A,-18.6
15847,high,3,3.0,12.0,9.0,A,-16.2
15848,medium,1,5.0,33.0,9.8,A,-11.4
15849,low,0,14.0,3.0,9.8,B,-100.0
15850,low,2,,14.0,2.8,C,
15851,medium,3,5.0,8.0,9.4,A,-16.9
15852,medium,2,19.0,5.0,8.0,A,-100.0
15853,none,1,15.0,9.0,9.8,C,-100.0
15854,medium,2,9.0,6.0,3.4,A,-100.0
15855,high,1,19.0,27.0,1.9,A,-100.0
15856,high,1,11.0,5.0,9.8,C,-100.0
15857,medium,1,20.0,2.0,7.5,A,-100.0
15858,low,2,14.0,10.0,7.6,A,-100.0
15859,low,3,7.0,7.0,6.2,A,-100.0
15860,high,1,23.0,3.0,2.5,A,-100.0
15861,high,0,11.0,50.0,3.0,A,-100.0
15862,high,0,12.0,8.0,3.2,C,-100.0
15863,low,1,14.0,3.0,7.0,A,-100.0
15864,high,0,4.0,0.0,9.8,C,-10.1
15865,low,1,1.0,27.0,9.1,A,-4.4
15866,low,5,14.0,31.0,9.9,C,-100.0
15867,,2,10.0,14.0,5.5,A,-100.0
15868,low,1,11.0,7.0,2.9,A,-100.0
15869,high,0,11.0,7.0,9.5,C,-100.0
15870,medium,5,4.0,4.0,4.2,C,-100.0
15871,high,2,1.0,39.0,9.4,A,-9.7
15872,low,0,10.0,1.0,5.2,A,-19.9
15873,low,2,5.0,17.0,5.7,A,-15.8
15874,high,2,9.0,12.0,6.9,A,-100.0
15875,none,0,4.0,12.0,1.4,A,-11.8
15876,none,0,4.0,0.0,7.9,A,-8.7
15877,none,3,1.0,11.0,8.3,A,-10.6
15878,medium,0,4.0,10.0,6.6,A,-9.0
15879,high,0,,11.0,1.6,C,
15880,none,1,3.0,25.0,8.3,A,-9.0
15881,low,2,9.0,3.0,6.8,D,-100.0
15882,low,0,8.0,25.0,3.7,D,-16.9
15883,,3,19.0,21.0,8.6,A,-100.0
15884,none,2,5.0,0.0,8.5,C,-15.1
15885,none,2,26.0,13.0,8.3,A,-100.0
15886,low,1,15.0,29.0,8.1,A,-100.0
15887,none,1,1.0,1.0,8.8,C,-5.5
15888,low,2,8.0,5.0,8.9,A,-19.5
15889,none,4,5.0,16.0,7.3,C,-100.0
15890,low,1,7.0,13.0,3.8,A,-17.7
15891,none,1,3.0,3.0,6.7,A,-10.0
15892,high,3,4.0,2.0,5.8,B,-19.6
15893,high,2,13.0,27.0,4.5,A,-100.0
15894,low,3,14.0,13.0,2.1,A,-100.0
15895,medium,0,7.0,2.0,9.2,A,-13.0
15896,low,3,13.0,9.0,7.8,C,-100.0
15897,low,1,5.0,1.0,3.8,A,-14.4
15898,high,0,10.0,17.0,1.4,D,-100.0
15899,medium,3,12.0,14.0,9.5,B,-100.0
15900,low,4,12.0,8.0,8.7,A,-100.0
15901,low,0,15.0,39.0,9.5,C,-100.0
15902,medium,3,10.0,1.0,2.5,A,-100.0
15903,medium,2,10.0,6.0,1.4,A,-100.0
15904,high,0,5.0,23.0,2.6,A,-15.2
15905,low,2,2.0,8.0,,A,
15906,none,0,2.0,10.0,2.3,C,-7.9
15907,high,2,10.0,2.0,3.7,A,-100.0
15908,low,0,4.0,48.0,8.7,A,-7.2
15909,medium,1,2.0,14.0,9.4,A,-6.6
15910,none,1,9.0,11.0,9.2,A,-19.2
15911,low,2,2.0,15.0,4.5,C,-11.1
15912,low,2,7.0,6.0,4.6,C,-19.9
15913,medium,0,7.0,0.0,4.6,C,-15.4
15914,low,3,4.0,3.0,9.1,A,-15.0
15915,low,0,3.0,21.0,4.3,A,-7.9
15916,none,1,17.0,42.0,2.6,A,-100.0
15917,none,1,9.0,6.0,7.2,A,-100.0
15918,high,4,5.0,2.0,4.3,C,-100.0
15919,medium,2,15.0,19.0,6.2,A,-100.0
15920,low,4,15.0,36.0,7.1,B,-100.0
15921,none,2,21.0,12.0,8.0,A,-100.0
15922,none,2,21.0,3.0,5.6,A,-100.0
15923,,3,6.0,10.0,9.9,A,-18.6
15924,low,0,5.0,0.0,9.0,A,-9.3
15925,none,2,5.0,8.0,2.3,B,-18.1
15926,medium,3,32.0,19.0,7.2,A,-100.0
15927,none,1,2.0,16.0,9.1,A,-6.9
15928,medium,1,7.0,7.0,9.7,A,-15.2
15929,medium,1,3.0,4.0,8.4,A,-8.9
15930,high,4,3.0,5.0,7.6,A,-19.4
15931,none,1,5.0,14.0,8.0,A,-12.7
15932,high,1,13.0,0.0,2.6,C,-100.0
15933,low,0,1.0,8.0,3.7,A,-4.9
15934,high,2,3.0,50.0,3.0,A,-16.3
15935,high,1,,1.0,7.1,C,
15936,high,4,13.0,30.0,2.0,A,-100.0
15937,none,0,11.0,13.0,5.3,A,-100.0
15938,high,2,4.0,3.0,8.2,A,-15.9
15939,medium,3,10.0,3.0,9.1,B,-100.0
15940,medium,3,39.0,12.0,5.7,C,-100.0
15941,none,2,2.0,2.0,1.9,C,-13.1
15942,medium,2,13.0,8.0,9.3,A,-100.0
15943,low,0,12.0,5.0,7.6,C,-100.0
15944,none,3,9.0,8.0,9.7,A,-100.0
15945,high,0,2.0,7.0,7.5,A,-7.7
15946,high,0,28.0,14.0,1.3,A,-100.0
15947,low,0,13.0,6.0,2.7,A,-100.0
15948,medium,2,6.0,29.0,9.5,C,-15.9
15949,none,2,12.0,1.0,8.7,C,-100.0
15950,medium,2,2.0,11.0,8.8,C,-9.4
15951,high,2,3.0,6.0,2.6,A,-16.9
15952,none,3,8.0,30.0,3.8,A,-100.0
15953,high,2,1.0,6.0,4.4,A,-12.5
15954,high,0,7.0,4.0,9.4,D,-15.5
15955,high,0,9.0,5.0,9.6,C,-18.9
15956,low,0,9.0,16.0,3.0,C,-19.1
15957,none,2,10.0,7.0,5.6,A,-100.0
15958,high,2,8.0,4.0,5.8,C,-100.0
15959,high,2,6.0,7.0,5.1,B,-100.0
15960,high,0,5.0,4.0,8.3,B,-12.6
15961,high,1,11.0,2.0,9.3,C,-100.0
15962,none,2,9.0,26.0,9.9,A,-100.0
15963,low,0,4.0,21.0,1.1,A,-11.3
15964,high,0,2.0,2.0,6.3,A,-8.3
15965,low,1,7.0,4.0,6.4,C,-16.5
15966,low,4,7.0,7.0,1.9,B,-100.0
15967,high,2,20.0,5.0,1.4,A,-100.0
15968,high,2,12.0,13.0,5.4,A,-100.0
15969,none,1,5.0,12.0,8.1,A,-12.7
15970,high,5,4.0,17.0,1.3,A,-100.0
15971,medium,1,13.0,11.0,1.1,A,-100.0
15972,high,3,18.0,3.0,7.4,A,-100.0
15973,low,1,7.0,20.0,9.5,A,-14.8
15974,high,0,6.0,7.0,8.2,C,-14.4
15975,low,0,8.0,18.0,1.1,C,-18.3
15976,low,1,25.0,24.0,3.2,A,-100.0
15977,medium,0,4.0,6.0,5.2,A,-9.7
15978,none,2,6.0,14.0,5.1,A,-18.4
15979,low,2,14.0,2.0,1.5,A,-100.0
15980,low,1,16.0,10.0,8.4,A,-100.0
15981,low,1,8.0,7.0,1.1,A,-100.0
15982,medium,2,10.0,14.0,4.3,A,-100.0
15983,medium,3,27.0,18.0,4.6,A,-100.0
15984,high,1,3.0,14.0,5.1,A,-13.1
15985,low,1,15.0,19.0,5.6,C,-100.0
15986,high,0,1.0,13.0,9.9,B,-4.7
15987,medium,2,3.0,15.0,6.1,A,-12.4
15988,low,1,8.0,7.0,1.9,B,-100.0
15989,high,0,5.0,7.0,8.5,A,-12.4
15990,high,2,17.0,8.0,2.5,D,-100.0
15991,high,3,7.0,17.0,8.3,A,-100.0
15992,low,2,25.0,0.0,9.3,C,-100.0
15993,none,0,4.0,17.0,4.3,A,-10.3
15994,high,0,15.0,34.0,2.4,C,-100.0
15995,medium,1,5.0,12.0,8.3,A,-12.4
15996,low,7,7.0,17.0,6.8,A,-100.0
15997,medium,1,17.0,2.0,8.1,A,-100.0
15998,,2,5.0,6.0,6.0,A,-16.3
15999,medium,0,16.0,4.0,7.6,A,-100.0
16000,high,1,5.0,3.0,1.2,A,-18.6
16001,high,2,9.0,9.0,,D,
16002,medium,3,13.0,15.0,8.7,A,-100.0
16003,none,2,2.0,1.0,3.2,C,-12.5
16004,high,0,10.0,23.0,9.3,A,-100.0
16005,high,1,20.0,26.0,6.6,B,-100.0
16006,low,3,8.0,19.0,5.8,A,-100.0
16007,high,0,4.0,1.0,2.1,A,-14.0
16008,low,0,24.0,19.0,9.3,B,-100.0
16009,low,0,10.0,26.0,3.0,A,-100.0
16010,none,2,14.0,2.0,3.8,A,-100.0
16011,low,3,2.0,1.0,8.7,A,-11.7
16012,none,2,15.0,9.0,7.5,A,-100.0
16013,high,0,8.0,9.0,8.9,A,-17.5
16014,low,1,31.0,22.0,6.3,C,-100.0
16015,high,1,35.0,42.0,4.5,A,-100.0
16016,medium,1,10.0,7.0,1.0,A,-100.0
16017,high,1,7.0,29.0,8.7,A,-18.1
16018,none,0,4.0,1.0,9.4,A,-7.9
16019,high,5,11.0,15.0,5.1,B,-100.0
16020,medium,3,14.0,2.0,1.4,A,-100.0
16021,medium,0,21.0,8.0,7.3,A,-100.0
16022,high,1,6.0,8.0,8.2,C,-16.8
16023,high,1,2.0,10.0,9.9,D,-9.0
16024,medium,1,15.0,4.0,5.6,A,-100.0
16025,medium,1,23.0,24.0,8.2,B,-100.0
16026,high,1,12.0,6.0,2.3,A,-100.0
16027,medium,1,18.0,14.0,9.6,A,-100.0
16028,low,1,16.0,18.0,4.6,A,-100.0
16029,high,1,6.0,11.0,10.0,B,-15.9
16030,medium,2,28.0,4.0,8.2,A,-100.0
16031,high,1,4.0,10.0,3.2,A,-15.8
16032,low,3,4.0,15.0,9.4,B,-14.7
16033,none,2,1.0,19.0,1.3,C,-11.5
16034,low,1,3.0,11.0,8.0,A,-8.7
16035,medium,2,9.0,13.0,2.1,A,-100.0
16036,none,1,11.0,1.0,6.0,A,-100.0
16037,medium,1,7.0,12.0,1.9,A,-19.1
16038,medium,0,0.0,25.0,9.1,A,-0.6
16039,high,2,5.0,25.0,9.5,A,-16.8
16040,medium,1,6.0,11.0,6.7,A,-14.9
16041,low,3,5.0,3.0,1.5,A,-100.0
16042,low,2,9.0,17.0,1.4,A,-100.0
16043,high,2,8.0,5.0,2.1,A,-100.0
16044,none,3,7.0,12.0,9.4,A,-100.0
16045,medium,3,1.0,25.0,9.5,A,-9.7
16046,low,1,3.0,2.0,3.8,C,-10.9
16047,medium,2,17.0,10.0,9.6,A,-100.0
16048,high,2,8.0,4.0,8.7,D,-100.0
16049,medium,6,7.0,9.0,2.0,C,-100.0
16050,high,3,3.0,9.0,3.4,C,-19.0
16051,low,1,27.0,4.0,10.0,A,-100.0
16052,none,3,9.0,12.0,4.1,C,-100.0
16053,high,0,5.0,4.0,2.7,A,-15.4
16054,high,3,6.0,18.0,8.5,A,-100.0
16055,high,1,3.0,4.0,1.9,A,-14.8
16056,high,3,6.0,50.0,8.1,C,-100.0
16057,high,0,12.0,2.0,9.7,B,-100.0
16058,high,2,7.0,11.0,8.8,A,-100.0
16059,high,1,8.0,4.0,8.3,C,-100.0
16060,none,0,,2.0,5.0,C,
16061,medium,2,17.0,20.0,5.8,A,-100.0
16062,medium,0,12.0,30.0,4.3,A,-100.0
16063,low,2,5.0,8.0,8.9,D,-14.3
16064,high,3,3.0,4.0,1.5,A,-20.0
16065,high,1,7.0,7.0,10.0,C,-17.7
16066,medium,1,6.0,3.0,1.7,A,-17.5
16067,high,3,13.0,9.0,8.3,A,-100.0
16068,low,2,6.0,7.0,5.1,A,-17.9
16069,none,1,14.0,6.0,8.6,A,-100.0
16070,,0,18.0,3.0,2.0,A,-100.0
16071,high,1,3.0,3.0,7.7,B,-11.9
16072,low,3,2.0,7.0,3.9,A,-14.0
16073,high,1,20.0,26.0,9.9,B,-100.0
16074,high,1,2.0,23.0,6.7,A,-10.4
16075,low,1,1.0,3.0,2.2,A,-8.1
16076,high,2,17.0,3.0,9.3,A,-100.0
16077,medium,4,4.0,7.0,1.6,A,-100.0
16078,medium,1,20.0,23.0,6.4,A,-100.0
16079,medium,3,18.0,50.0,1.0,C,-100.0
16080,low,3,3.0,11.0,7.9,C,-13.7
16081,low,1,9.0,5.0,4.8,C,-100.0
16082,high,1,19.0,20.0,2.0,A,-100.0
16083,high,2,8.0,0.0,6.4,A,-100.0
16084,none,1,23.0,14.0,4.9,C,-100.0
16085,none,1,30.0,3.0,9.3,A,-100.0
16086,high,1,7.0,6.0,1.5,A,-100.0
16087,none,6,9.0,1.0,8.4,A,-100.0
16088,medium,0,5.0,15.0,8.5,A,-9.8
16089,high,1,4.0,3.0,6.4,C,-14.3
16090,high,2,25.0,2.0,5.5,A,-100.0
16091,medium,3,,24.0,8.1,C,
16092,high,0,8.0,24.0,9.4,A,-17.1
16093,medium,2,2.0,3.0,9.2,A,-9.3
16094,high,2,12.0,3.0,9.0,A,-100.0
16095,low,1,12.0,7.0,5.3,A,-100.0
16096,high,3,26.0,1.0,6.9,C,-100.0
16097,low,1,2.0,20.0,1.8,A,-9.9
16098,low,0,14.0,4.0,8.6,C,-100.0
16099,none,1,15.0,30.0,1.8,A,-100.0
16100,none,3,6.0,2.0,4.3,A,-100.0
16101,low,4,7.0,20.0,8.3,A,-100.0
16102,low,3,7.0,16.0,9.4,A,-19.9
16103,medium,2,4.0,7.0,6.1,A,-14.3
16104,high,5,21.0,8.0,,D,
16105,low,1,5.0,31.0,8.1,A,-11.9
16106,medium,2,10.0,3.0,6.0,B,-100.0
16107,none,1,27.0,0.0,8.0,A,-100.0
16108,high,1,7.0,20.0,8.2,D,-18.5
16109,low,3,3.0,7.0,4.8,C,-15.3
16110,high,6,24.0,4.0,5.5,A,-100.0
16111,low,2,7.0,9.0,8.4,A,-18.0
16112,high,1,19.0,5.0,3.0,A,-100.0
16113,none,1,13.0,1.0,2.6,A,-100.0
16114,high,2,13.0,17.0,8.8,A,-100.0
16115,none,3,11.0,29.0,8.5,A,-100.0
16116,medium,1,2.0,9.0,1.7,A,-10.5
16117,medium,4,4.0,1.0,3.8,A,-100.0
16118,,0,9.0,7.0,9.1,D,-16.8
16119,medium,1,12.0,1.0,1.1,A,-100.0
16120,high,3,3.0,12.0,7.3,A,-17.0
16121,none,3,1.0,5.0,2.4,A,-13.6
16122,low,3,3.0,12.0,1.7,D,-16.8
16123,medium,1,14.0,50.0,7.6,D,-100.0
16124,low,1,4.0,6.0,2.0,A,-13.5
16125,none,2,13.0,2.0,9.8,A,-100.0
16126,medium,3,8.0,15.0,8.4,D,-100.0
16127,medium,1,8.0,10.0,1.9,C,-100.0
16128,medium,4,3.0,1.0,9.3,D,-16.0
16129,high,1,5.0,11.0,1.8,C,-18.3
16130,medium,1,7.0,7.0,10.0,C,-15.1
16131,none,0,11.0,22.0,4.2,C,-100.0
16132,low,2,5.0,13.0,2.6,A,-17.3
16133,low,2,13.0,19.0,7.1,A,-100.0
16134,low,3,5.0,3.0,6.8,C,-17.8
16135,low,0,4.0,0.0,3.4,A,-10.3
16136,none,1,6.0,6.0,3.5,A,-16.8
16137,medium,2,3.0,3.0,8.1,C,-11.6
16138,medium,6,14.0,3.0,5.4,B,-100.0
16139,high,2,11.0,12.0,5.9,A,-100.0
16140,high,0,5.0,22.0,1.2,C,-16.0
16141,none,3,8.0,4.0,9.4,C,-100.0
16142,none,3,2.0,16.0,9.0,C,-12.0
16143,high,0,4.0,15.0,2.1,A,-13.8
16144,high,2,7.0,17.0,4.7,C,-100.0
16145,none,1,5.0,8.0,9.4,B,-12.1
16146,high,6,8.0,18.0,6.4,B,-100.0
16147,low,2,9.0,24.0,8.8,A,-100.0
16148,high,1,3.0,8.0,3.0,C,-14.2
16149,medium,2,23.0,4.0,1.6,A,-100.0
16150,high,3,2.0,24.0,9.3,A,-14.1
16151,medium,1,9.0,18.0,3.1,B,-100.0
16152,medium,3,10.0,50.0,8.8,B,-100.0
16153,low,0,7.0,26.0,1.4,B,-16.3
16154,low,1,15.0,0.0,3.1,A,-100.0
16155,low,1,40.0,23.0,8.5,A,-100.0
16156,high,1,7.0,14.0,6.9,A,-19.2
16157,high,1,14.0,6.0,4.8,C,-100.0
16158,medium,2,6.0,16.0,8.5,A,-16.5
16159,medium,0,18.0,2.0,9.4,A,-100.0
16160,low,3,7.0,32.0,8.4,C,-100.0
16161,low,1,3.0,7.0,3.4,A,-11.0
16162,low,3,26.0,7.0,6.0,A,-100.0
16163,none,1,10.0,3.0,7.8,C,-100.0
16164,medium,0,6.0,2.0,4.6,A,-13.6
16165,low,2,19.0,4.0,9.5,A,-100.0
16166,high,2,12.0,2.0,9.6,A,-100.0
16167,medium,1,13.0,18.0,4.3,A,-100.0
16168,low,1,7.0,3.0,9.4,A,-15.1
16169,high,2,5.0,7.0,1.3,C,-100.0
16170,low,1,4.0,18.0,2.2,A,-13.3
16171,low,0,6.0,8.0,4.9,B,-13.0
16172,low,2,13.0,6.0,5.6,A,-100.0
16173,high,1,13.0,22.0,9.4,A,-100.0
16174,high,0,7.0,26.0,9.1,B,-15.5
16175,medium,3,17.0,22.0,4.4,C,-100.0
16176,low,0,17.0,3.0,8.1,A,-100.0
16177,medium,0,5.0,2.0,4.5,B,-11.9
16178,high,3,13.0,13.0,6.5,A,-100.0
16179,medium,2,9.0,16.0,1.5,A,-100.0
16180,high,0,35.0,5.0,3.5,A,-100.0
16181,medium,0,7.0,3.0,7.7,A,-13.8
16182,,2,11.0,14.0,1.2,D,-100.0
16183,medium,2,4.0,8.0,8.2,A,-13.2
16184,high,1,10.0,15.0,7.6,A,-100.0
16185,medium,2,12.0,5.0,9.7,B,-100.0
16186,medium,1,2.0,20.0,1.8,A,-10.3
16187,none,1,3.0,24.0,6.6,A,-9.8
16188,low,1,9.0,24.0,8.4,A,-18.8
16189,none,2,12.0,18.0,10.0,A,-100.0
16190,low,2,13.0,20.0,7.5,A,-100.0
16191,medium,1,3.0,4.0,2.8,A,-11.7
16192,low,0,1.0,19.0,3.0,C,-5.1
16193,high,2,12.0,34.0,8.1,A,-100.0
16194,medium,1,7.0,8.0,6.7,A,-16.7
16195,none,0,8.0,14.0,9.4,B,-14.8
16196,high,0,10.0,0.0,8.6,A,-100.0
16197,high,1,16.0,3.0,9.5,A,-100.0
16198,medium,4,17.0,11.0,1.4,C,-100.0
16199,high,1,16.0,17.0,2.3,B,-100.0
16200,low,1,6.0,4.0,9.6,C,-13.2
16201,high,1,6.0,24.0,9.2,A,-16.2
16202,medium,0,5.0,3.0,6.5,C,-10.9
16203,high,1,13.0,3.0,9.4,A,-100.0
16204,high,3,7.0,0.0,1.9,A,-100.0
16205,,3,9.0,6.0,1.9,A,-100.0
16206,high,3,6.0,8.0,9.2,A,-100.0
16207,high,1,1.0,3.0,8.7,C,-7.9
16208,medium,3,20.0,3.0,8.8,B,-100.0
16209,low,0,4.0,1.0,9.5,A,-7.3
16210,low,1,4.0,14.0,9.3,C,-9.7
16211,high,0,8.0,4.0,8.5,A,-17.7
16212,high,4,1.0,18.0,9.7,A,-14.7
16213,medium,1,23.0,14.0,8.8,C,-100.0
16214,high,2,12.0,24.0,7.8,A,-100.0
16215,low,2,2.0,16.0,1.4,C,-12.7
16216,high,2,12.0,0.0,3.9,A,-100.0
16217,none,3,5.0,14.0,2.3,B,-100.0
16218,high,1,11.0,1.0,5.3,B,-100.0
16219,none,2,21.0,27.0,2.2,A,-100.0
16220,none,1,2.0,5.0,4.8,B,-9.2
16221,medium,0,11.0,22.0,6.7,C,-100.0
16222,high,2,6.0,20.0,5.1,A,-100.0
16223,high,3,17.0,18.0,8.9,A,-100.0
16224,high,2,3.0,12.0,9.6,A,-13.4
16225,medium,2,3.0,5.0,7.0,A,-12.1
16226,medium,3,11.0,10.0,9.1,A,-100.0
16227,none,4,4.0,8.0,4.6,B,-100.0
16228,high,0,5.0,17.0,8.8,A,-12.2
16229,low,2,10.0,5.0,9.5,C,-100.0
16230,none,0,26.0,13.0,1.5,A,-100.0
16231,medium,2,9.0,5.0,8.8,A,-100.0
16232,low,0,25.0,8.0,6.7,A,-100.0
16233,none,4,10.0,16.0,1.5,A,-100.0
16234,medium,2,3.0,3.0,8.9,A,-11.2
16235,high,0,6.0,4.0,9.8,A,-13.6
16236,medium,2,9.0,16.0,2.0,B,-100.0
16237,high,1,22.0,8.0,3.3,A,-100.0
16238,medium,2,9.0,5.0,2.4,A,-100.0
16239,medium,2,9.0,2.0,8.9,B,-100.0
16240,high,1,13.0,17.0,8.9,C,-100.0
16241,high,0,10.0,8.0,8.1,B,-100.0
16242,low,0,3.0,10.0,3.9,A,-8.2
16243,low,3,21.0,13.0,2.4,A,-100.0
16244,medium,2,6.0,3.0,8.9,C,-16.4
16245,medium,0,33.0,8.0,9.6,C,-100.0
16246,low,2,18.0,14.0,5.3,A,-100.0
16247,low,0,2.0,9.0,5.0,C,-5.9
16248,medium,3,11.0,3.0,9.6,A,-100.0
16249,medium,0,11.0,10.0,3.7,A,-100.0
16250,low,2,7.0,5.0,8.5,A,-18.0
16251,high,1,9.0,25.0,1.8,A,-100.0
16252,high,1,3.0,1.0,2.9,C,-14.3
16253,high,3,10.0,15.0,9.6,C,-100.0
16254,medium,4,6.0,9.0,6.7,C,-100.0
16255,high,1,7.0,12.0,9.7,A,-17.8
16256,low,1,12.0,11.0,1.9,C,-100.0
16257,high,2,4.0,12.0,7.7,A,-16.1
16258,medium,3,4.0,26.0,9.7,D,-14.8
16259,medium,3,1.0,8.0,2.0,A,-13.6
16260,high,2,9.0,4.0,9.2,A,-100.0
16261,high,2,12.0,13.0,7.1,A,-100.0
16262,high,4,38.0,19.0,5.4,A,-100.0
16263,low,1,16.0,2.0,9.2,A,-100.0
16264,none,1,8.0,35.0,7.4,C,-18.1
16265,high,3,4.0,10.0,3.7,B,-100.0
16266,none,2,15.0,15.0,3.2,D,-100.0
16267,none,1,28.0,1.0,6.0,A,-100.0
16268,low,1,2.0,39.0,9.7,A,-5.8
16269,low,0,1.0,0.0,7.0,B,-3.3
16270,high,0,6.0,1.0,8.6,A,-14.2
16271,medium,3,13.0,2.0,5.7,A,-100.0
16272,high,2,2.0,8.0,3.5,C,-14.7
16273,low,1,6.0,32.0,3.0,A,-16.2
16274,medium,1,3.0,15.0,3.7,A,-11.2
16275,high,3,11.0,10.0,3.1,B,-100.0
16276,none,4,12.0,1.0,3.4,C,-100.0
16277,high,1,22.0,13.0,2.7,A,-100.0
16278,medium,1,9.0,15.0,9.2,A,-18.9
16279,none,2,3.0,2.0,4.7,C,-13.5
16280,medium,0,7.0,30.0,4.8,A,-14.9
16281,high,2,12.0,4.0,9.4,A,-100.0
16282,medium,5,18.0,3.0,8.7,C,-100.0
16283,medium,3,26.0,12.0,9.6,A,-100.0
16284,none,4,14.0,2.0,2.7,A,-100.0
16285,medium,2,5.0,8.0,8.5,A,-14.8
16286,medium,0,4.0,17.0,6.3,A,
16287,high,0,12.0,4.0,8.7,A,-100.0
16288,medium,3,7.0,1.0,1.8,A,-100.0
16289,high,2,19.0,48.0,3.1,A,-100.0
16290,low,0,12.0,15.0,3.7,A,-100.0
16291,low,2,8.0,4.0,1.5,A,-100.0
16292,high,5,1.0,16.0,8.6,A,-17.8
16293,high,1,23.0,9.0,3.4,A,-100.0
16294,medium,2,6.0,8.0,7.1,A,-17.3
16295,low,0,11.0,14.0,4.2,C,-100.0
16296,low,1,0.0,10.0,8.9,D,-3.0
16297,low,2,7.0,9.0,3.4,D,-100.0
16298,low,2,19.0,1.0,8.3,A,-100.0
16299,high,1,8.0,11.0,8.4,A,-100.0
16300,high,1,8.0,14.0,7.6,A,-100.0
16301,none,0,23.0,0.0,2.4,A,-100.0
16302,high,2,14.0,5.0,6.1,A,-100.0
16303,medium,1,3.0,5.0,9.4,D,-8.4
16304,low,1,6.0,19.0,8.8,A,-13.4
16305,high,0,15.0,3.0,9.9,A,-100.0
16306,high,1,6.0,20.0,5.8,A,-17.9
16307,high,1,9.0,5.0,4.6,A,-100.0
16308,none,3,29.0,22.0,9.8,A,-100.0
16309,high,1,4.0,37.0,3.3,A,-15.5
16310,high,2,12.0,5.0,8.5,A,-100.0
16311,medium,5,9.0,4.0,5.1,A,-100.0
16312,medium,0,3.0,6.0,6.8,D,-7.2
16313,high,2,3.0,36.0,9.2,A,-13.3
16314,medium,1,14.0,26.0,,D,
16315,none,2,16.0,6.0,5.4,C,-100.0
16316,high,3,10.0,13.0,2.8,A,-100.0
16317,low,1,23.0,1.0,2.8,C,-100.0
16318,medium,2,3.0,3.0,7.2,C,-12.0
16319,medium,0,5.0,41.0,8.9,A,-9.3
16320,medium,0,2.0,0.0,3.1,A,-7.4
16321,low,3,12.0,20.0,4.3,A,-100.0
16322,,1,4.0,50.0,1.2,A,-14.0
16323,high,0,29.0,1.0,9.7,B,-100.0
16324,high,1,14.0,13.0,9.5,B,-100.0
16325,high,1,3.0,1.0,8.8,D,-11.4
16326,low,2,1.0,3.0,9.7,C,-6.9
16327,high,0,17.0,19.0,4.8,A,-100.0
16328,high,1,2.0,0.0,2.0,A,-13.0
16329,high,1,5.0,2.0,5.9,A,-16.3
16330,high,0,10.0,0.0,6.6,A,-100.0
16331,high,0,6.0,4.0,2.0,D,-17.5
16332,high,0,35.0,2.0,9.5,A,-100.0
16333,low,0,3.0,22.0,6.9,A,-6.6
16334,low,4,11.0,3.0,10.0,C,-100.0
16335,low,3,1.0,50.0,6.6,A,-10.5
16336,high,1,3.0,46.0,2.3,A,-14.2
16337,medium,3,6.0,28.0,9.6,C,-18.3
16338,medium,1,17.0,4.0,8.5,A,-100.0
16339,low,2,1.0,0.0,,A,
16340,low,1,20.0,10.0,5.3,C,-100.0
16341,none,2,20.0,1.0,2.3,A,-100.0
16342,medium,1,18.0,7.0,2.2,A,-100.0
16343,high,1,25.0,5.0,8.5,A,-100.0
16344,none,0,9.0,1.0,7.5,A,-17.6
16345,medium,2,4.0,14.0,4.6,A,-15.0
16346,low,1,12.0,4.0,9.1,A,-100.0
16347,high,1,7.0,6.0,5.0,B,-100.0
16348,low,3,14.0,2.0,2.1,A,-100.0
16349,low,4,6.0,4.0,3.1,A,-100.0
16350,medium,0,10.0,6.0,3.5,C,-100.0
16351,low,2,4.0,23.0,5.2,A,-14.2
16352,none,3,8.0,6.0,7.3,A,-100.0
16353,medium,1,2.0,7.0,2.4,A,-10.1
16354,low,1,8.0,3.0,3.4,B,-19.8
16355,none,2,,13.0,9.5,C,
16356,medium,2,8.0,1.0,2.6,C,-100.0
16357,none,0,3.0,2.0,1.7,C,-10.0
16358,high,3,3.0,12.0,4.3,A,-18.5
16359,high,2,21.0,14.0,9.9,B,-100.0
16360,high,2,20.0,1.0,5.3,A,-100.0
16361,low,0,16.0,9.0,5.0,C,-100.0
16362,medium,2,8.0,7.0,5.1,C,-100.0
16363,none,1,13.0,2.0,8.5,A,-100.0
16364,high,5,6.0,4.0,8.5,C,-100.0
16365,low,2,4.0,3.0,5.0,C,-14.5
16366,low,2,10.0,15.0,1.7,A,-100.0
16367,medium,1,3.0,9.0,7.3,A,-9.4
16368,medium,2,22.0,9.0,8.7,A,-100.0
16369,medium,1,10.0,7.0,8.3,C,-100.0
16370,low,2,10.0,3.0,9.1,A,-100.0
16371,medium,0,9.0,13.0,6.7,C,-17.7
16372,medium,2,13.0,3.0,7.0,A,-100.0
16373,low,1,12.0,1.0,5.7,A,-100.0
16374,low,0,6.0,40.0,9.8,C,-10.2
16375,high,0,15.0,12.0,6.3,A,-100.0
16376,none,2,1.0,46.0,6.0,C,-8.9
16377,low,2,16.0,7.0,6.5,A,-100.0
16378,low,3,38.0,1.0,8.9,A,-100.0
16379,none,2,8.0,3.0,9.1,A,-100.0
16380,low,0,3.0,1.0,5.7,B,-7.4
16381,none,0,8.0,5.0,9.9,A,-14.6
16382,medium,3,4.0,24.0,4.2,A,-17.6
16383,none,0,19.0,7.0,6.7,A,-100.0
16384,high,0,6.0,50.0,9.3,A,-13.4
16385,medium,1,21.0,17.0,9.3,C,-100.0
16386,high,3,6.0,12.0,9.8,A,-100.0
16387,none,1,4.0,2.0,5.9,B,-12.2
16388,high,1,5.0,11.0,10.0,A,-14.2
16389,low,1,5.0,15.0,2.1,A,-15.1
16390,low,1,14.0,2.0,2.6,C,-100.0
16391,high,1,13.0,3.0,4.6,A,-100.0
16392,medium,2,1.0,4.0,1.3,A,-11.5
16393,high,2,7.0,1.0,8.6,D,-100.0
16394,medium,0,18.0,21.0,7.4,A,-100.0
16395,low,2,9.0,14.0,8.4,A,-100.0
16396,none,1,15.0,1.0,1.7,A,-100.0
16397,low,4,11.0,4.0,6.9,A,-100.0
16398,high,1,4.0,16.0,8.6,A,-13.1
16399,high,1,16.0,27.0,9.6,C,-100.0
16400,low,2,7.0,14.0,8.3,A,-18.0
16401,low,3,18.0,32.0,5.2,C,-100.0
16402,low,1,4.0,3.0,5.8,A,-11.6
16403,,2,5.0,18.0,8.7,C,-14.8
16404,high,2,10.0,3.0,7.1,C,-100.0
16405,low,0,5.0,21.0,8.5,D,-9.3
16406,low,2,8.0,23.0,2.9,C,-100.0
16407,medium,1,15.0,46.0,7.3,A,-100.0
16408,low,1,21.0,7.0,9.9,B,-100.0
16409,none,0,8.0,1.0,1.4,B,-18.9
16410,medium,3,1.0,16.0,,A,
16411,low,1,9.0,19.0,1.7,B,-100.0
16412,medium,0,3.0,9.0,9.9,A,-5.6
16413,high,2,11.0,8.0,9.0,A,-100.0
16414,high,1,3.0,50.0,9.3,A,-10.6
16415,high,1,8.0,0.0,2.0,A,-100.0
16416,high,2,14.0,5.0,8.7,A,-100.0
16417,high,2,7.0,3.0,4.0,C,-100.0
16418,high,1,7.0,1.0,1.4,C,-100.0
16419,none,1,8.0,22.0,4.7,A,-19.6
16420,,0,7.0,17.0,9.5,A,-13.0
16421,medium,1,9.0,8.0,2.1,A,-100.0
16422,none,2,12.0,3.0,2.5,A,-100.0
16423,none,1,1.0,15.0,2.2,D,-8.6
16424,low,2,9.0,26.0,8.6,A,-100.0
16425,low,2,18.0,1.0,9.1,A,-100.0
16426,high,3,3.0,8.0,1.0,A,-100.0
16427,,2,4.0,10.0,4.1,A,-15.5
16428,low,2,6.0,20.0,2.6,D,-19.0
16429,low,2,6.0,5.0,1.2,A,-19.9
16430,high,2,13.0,11.0,6.5,C,-100.0
16431,low,2,12.0,17.0,6.3,A,-100.0
16432,medium,1,6.0,3.0,1.7,A,-17.5
16433,medium,2,18.0,6.0,2.1,B,-100.0
16434,medium,2,6.0,31.0,5.8,A,-17.7
16435,low,3,5.0,4.0,5.2,A,-18.6
16436,high,4,10.0,0.0,3.8,A,-100.0
16437,high,2,9.0,22.0,1.3,A,-100.0
16438,high,1,17.0,3.0,1.1,A,-100.0
16439,low,1,9.0,7.0,1.1,A,-100.0
16440,medium,3,13.0,3.0,3.9,A,-100.0
16441,medium,3,18.0,1.0,2.9,C,-100.0
16442,low,1,15.0,16.0,6.5,A,-100.0
16443,high,2,5.0,3.0,3.3,C,-100.0
16444,high,1,6.0,9.0,3.0,A,-19.4
16445,medium,4,7.0,6.0,6.4,A,-100.0
16446,none,1,10.0,12.0,6.4,C,-100.0
16447,high,1,9.0,24.0,9.0,A,-100.0
16448,high,0,12.0,8.0,4.0,A,-100.0
16449,none,1,5.0,32.0,2.5,A,-15.3
16450,medium,1,8.0,4.0,2.8,A,-100.0
16451,low,1,33.0,1.0,6.1,A,-100.0
16452,low,2,3.0,4.0,9.7,A,-10.4
16453,high,0,15.0,13.0,9.6,A,-100.0
16454,low,0,18.0,8.0,1.9,C,-100.0
16455,low,2,7.0,1.0,3.0,A,-100.0
16456,high,2,9.0,6.0,9.0,B,-100.0
16457,medium,2,7.0,11.0,9.8,C,-17.6
16458,medium,2,15.0,19.0,1.4,C,-100.0
16459,high,2,16.0,6.0,3.9,A,-100.0
16460,medium,0,3.0,0.0,9.5,A,-5.9
16461,none,2,9.0,7.0,8.2,A,-100.0
16462,high,1,5.0,2.0,4.2,A,-17.2
16463,low,0,4.0,6.0,3.0,A,-10.5
16464,medium,1,35.0,6.0,6.3,C,-100.0
16465,none,2,4.0,6.0,9.3,A,-12.9
16466,high,0,17.0,24.0,9.5,A,-100.0
16467,medium,0,5.0,21.0,6.0,C,-10.9
16468,medium,1,4.0,18.0,5.9,C,-11.8
16469,none,2,8.0,17.0,6.7,C,-100.0
16470,medium,1,18.0,2.0,1.5,C,-100.0
16471,none,2,5.0,21.0,7.3,A,-15.5
16472,medium,2,16.0,23.0,9.7,A,-100.0
16473,high,1,36.0,22.0,3.7,C,-100.0
16474,high,2,6.0,7.0,5.3,C,-100.0
16475,,0,1.0,8.0,8.5,C,-3.0
16476,none,2,14.0,1.0,2.4,A,-100.0
16477,low,0,6.0,1.0,5.5,D,-12.8
16478,medium,0,1.0,45.0,4.9,C,-4.3
16479,low,1,3.0,0.0,2.6,A,-11.5
16480,medium,0,8.0,1.0,1.9,A,-18.4
16481,high,4,12.0,12.0,2.7,A,-100.0
16482,low,3,1.0,5.0,,A,
16483,low,2,11.0,4.0,4.9,C,-100.0
16484,medium,0,8.0,7.0,7.0,A,-15.8
16485,medium,1,12.0,8.0,8.0,A,-100.0
16486,high,1,16.0,16.0,8.4,B,-100.0
16487,low,1,3.0,4.0,9.6,A,-7.9
16488,,1,11.0,18.0,6.1,A,-100.0
16489,low,2,15.0,40.0,1.7,A,-100.0
16490,none,1,6.0,7.0,9.9,C,-13.6
16491,low,2,40.0,19.0,2.8,A,-100.0
16492,none,1,15.0,1.0,5.5,A,-100.0
16493,low,1,17.0,41.0,2.2,A,-100.0
16494,low,1,24.0,1.0,9.3,B,-100.0
16495,none,0,10.0,2.0,7.0,A,-19.6
16496,medium,1,14.0,6.0,9.6,A,-100.0
16497,low,3,7.0,5.0,4.6,A,-100.0
16498,high,1,10.0,39.0,3.7,B,-100.0
16499,low,2,7.0,1.0,8.1,A,-18.2
16500,high,3,8.0,3.0,1.5,A,-100.0
16501,none,3,4.0,1.0,1.5,A,-19.4
16502,low,3,12.0,3.0,6.4,A,-100.0
16503,none,2,13.0,3.0,1.4,C,-100.0
16504,low,1,7.0,38.0,2.9,A,-17.9
16505,none,3,9.0,1.0,5.4,A,-100.0
16506,low,2,8.0,10.0,8.4,A,-19.7
16507,none,2,9.0,8.0,6.9,A,-100.0
16508,medium,1,2.0,15.0,7.5,A,-7.5
16509,none,1,6.0,14.0,9.8,A,-13.6
16510,low,1,6.0,1.0,3.5,B,-16.3
16511,medium,1,4.0,41.0,4.5,A,-12.2
16512,low,1,12.0,14.0,2.1,C,-100.0
16513,low,0,8.0,1.0,5.8,A,-16.1
16514,medium,0,9.0,4.0,4.2,C,-19.0
16515,low,2,9.0,11.0,3.7,A,-100.0
16516,high,0,3.0,36.0,1.3,A,-12.3
16517,high,0,16.0,5.0,8.7,B,-100.0
16518,high,0,7.0,27.0,6.9,A,-16.6
16519,low,2,10.0,12.0,4.6,A,-100.0
16520,medium,0,5.0,21.0,8.7,C,-9.6
16521,,2,11.0,5.0,9.6,A,-100.0
16522,high,1,6.0,14.0,7.5,A,-17.1
16523,low,1,38.0,7.0,8.6,C,-100.0
16524,high,1,5.0,11.0,8.8,A,-14.8
16525,none,1,26.0,6.0,5.8,B,-100.0
16526,high,3,9.0,2.0,8.3,A,-100.0
16527,medium,1,19.0,6.0,1.5,A,-100.0
16528,high,2,2.0,3.0,8.6,C,-12.2
16529,medium,6,9.0,8.0,4.9,A,-100.0
16530,high,2,10.0,2.0,3.3,A,-100.0
16531,low,1,27.0,1.0,3.8,A,-100.0
16532,low,1,19.0,50.0,3.9,C,-100.0
16533,none,1,12.0,48.0,1.2,A,-100.0
16534,none,1,3.0,16.0,3.7,A,-11.4
16535,none,2,16.0,42.0,8.8,A,-100.0
16536,,4,6.0,16.0,8.0,C,-100.0
16537,low,2,12.0,1.0,6.0,D,-100.0
16538,low,1,8.0,6.0,3.0,A,-20.0
16539,high,4,40.0,1.0,1.2,C,-100.0
16540,none,0,17.0,5.0,9.1,C,-100.0
16541,none,0,8.0,3.0,8.2,A,-15.5
16542,low,0,13.0,15.0,3.1,A,-100.0
16543,low,1,3.0,42.0,3.3,A,-10.7
16544,high,0,9.0,6.0,1.8,A,-100.0
16545,low,0,7.0,5.0,9.8,A,-12.3
16546,high,1,7.0,24.0,1.9,A,-100.0
16547,none,0,13.0,1.0,3.9,A,-100.0
16548,low,3,11.0,1.0,1.3,C,-100.0
16549,,2,9.0,8.0,9.9,A,-100.0
16550,low,0,8.0,10.0,9.5,A,-14.2
16551,none,4,14.0,6.0,4.6,A,-100.0
16552,high,2,3.0,7.0,9.7,A,-13.4
16553,medium,0,13.0,33.0,7.3,A,-100.0
16554,low,3,10.0,27.0,10.0,A,-100.0
16555,low,5,39.0,11.0,9.5,C,-100.0
16556,high,0,6.0,29.0,9.1,A,-13.7
16557,low,2,8.0,0.0,1.4,B,-100.0
16558,high,1,6.0,36.0,9.7,A,-15.8
16559,high,2,3.0,6.0,1.2,D,-17.6
16560,high,0,3.0,4.0,9.6,A,-8.4
16561,low,2,12.0,1.0,5.6,A,-100.0
16562,low,1,2.0,1.0,1.3,A,-10.4
16563,low,3,14.0,5.0,9.0,A,-100.0
16564,high,0,4.0,19.0,3.9,A,-12.9
16565,low,1,21.0,22.0,4.9,A,-100.0
16566,low,2,4.0,19.0,2.6,C,-15.5
16567,high,1,8.0,7.0,10.0,D,-19.5
16568,medium,4,13.0,7.0,6.3,C,-100.0
16569,none,0,4.0,7.0,6.8,C,-9.1
16570,medium,1,20.0,23.0,3.8,A,-100.0
16571,high,2,20.0,4.0,7.3,A,-100.0
16572,high,1,1.0,9.0,4.7,A,-9.8
16573,high,1,3.0,18.0,3.7,A,-13.7
16574,high,2,3.0,7.0,6.0,C,-15.2
16575,low,1,30.0,48.0,8.1,A,-100.0
16576,high,2,8.0,25.0,8.8,A,-100.0
16577,low,2,4.0,1.0,2.3,D,-15.9
16578,low,1,5.0,13.0,8.4,A,-11.9
16579,high,1,19.0,3.0,4.6,C,-100.0
16580,low,2,2.0,4.0,2.8,A,-12.1
16581,medium,1,9.0,2.0,9.0,A,-19.1
16582,high,4,12.0,2.0,3.0,C,-100.0
16583,medium,1,2.0,33.0,9.7,A,-6.2
16584,high,3,2.0,23.0,8.3,A,-14.6
16585,high,0,3.0,33.0,9.7,A,-8.1
16586,,0,11.0,20.0,2.9,A,-100.0
16587,medium,2,16.0,5.0,4.7,A,-100.0
16588,medium,0,12.0,8.0,4.7,A,-100.0
16589,low,1,4.0,6.0,6.3,A,-11.3
16590,medium,0,2.0,8.0,9.1,A,-4.3
16591,medium,2,1.0,11.0,9.4,C,-7.3
16592,high,2,15.0,3.0,9.8,C,-100.0
16593,low,3,16.0,14.0,9.9,A,-100.0
16594,low,3,11.0,9.0,1.3,C,-100.0
16595,medium,4,14.0,5.0,3.1,A,-100.0
16596,medium,5,3.0,16.0,2.8,A,-100.0
16597,medium,1,6.0,1.0,1.8,A,-17.5
16598,medium,1,17.0,3.0,6.3,A,-100.0
16599,medium,0,13.0,13.0,2.4,C,-100.0
16600,none,1,9.0,8.0,3.3,C,-100.0
16601,low,1,1.0,6.0,6.2,A,-6.1
16602,none,1,9.0,16.0,6.0,D,-100.0
16603,high,3,5.0,45.0,4.9,C,-100.0
16604,high,2,11.0,26.0,1.3,A,-100.0
16605,high,2,16.0,4.0,3.1,A,-100.0
16606,low,1,14.0,1.0,7.4,A,-100.0
16607,low,1,13.0,0.0,9.8,A,-100.0
16608,none,2,4.0,8.0,9.6,B,-12.7
16609,none,1,7.0,22.0,8.2,A,-16.1
16610,high,1,7.0,5.0,6.2,A,-19.6
16611,high,3,5.0,11.0,8.2,A,-100.0
16612,medium,5,5.0,6.0,7.4,D,-100.0
16613,low,5,7.0,3.0,3.8,A,-100.0
16614,low,1,8.0,16.0,10.0,A,-16.4
16615,medium,1,10.0,17.0,9.8,C,-100.0
16616,low,0,5.0,15.0,9.3,C,-9.0
16617,high,2,3.0,14.0,9.6,A,-13.3
16618,medium,1,28.0,3.0,9.5,B,-100.0
16619,none,1,,8.0,2.5,C,
16620,none,2,7.0,12.0,9.0,A,-18.3
16621,medium,1,2.0,10.0,6.0,C,-8.3
16622,low,1,8.0,7.0,9.0,A,-17.0
16623,low,1,3.0,9.0,3.4,A,-11.0
16624,high,0,8.0,6.0,8.6,C,-17.7
16625,low,1,4.0,1.0,7.5,B,-10.8
16626,high,2,2.0,10.0,9.9,A,-11.5
16627,high,0,16.0,3.0,6.8,A,-100.0
16628,low,6,3.0,27.0,3.0,A,-100.0
16629,medium,0,8.0,9.0,3.2,A,-17.7
16630,medium,2,6.0,11.0,1.3,A,-100.0
16631,medium,3,21.0,16.0,1.6,C,-100.0
16632,high,1,11.0,3.0,3.1,A,-100.0
16633,medium,2,4.0,17.0,9.6,A,-12.4
16634,medium,2,4.0,15.0,1.3,A,-16.6
16635,medium,1,9.0,20.0,9.3,A,-18.8
16636,high,0,1.0,7.0,6.0,A,-6.7
16637,low,2,4.0,0.0,9.1,A,-12.5
16638,none,1,6.0,19.0,6.0,A,-15.4
16639,low,1,2.0,29.0,1.2,A,-10.1
16640,medium,2,,36.0,7.5,C,
16641,high,1,17.0,11.0,8.5,A,-100.0
16642,low,1,19.0,19.0,6.2,A,-100.0
16643,none,2,7.0,2.0,1.5,B,-100.0
16644,none,3,7.0,0.0,1.5,B,-100.0
16645,medium,0,4.0,5.0,1.4,A,-11.7
16646,low,2,3.0,4.0,3.0,C,-13.7
16647,none,2,3.0,30.0,8.0,C,-11.6
16648,high,2,5.0,42.0,8.5,A,-17.1
16649,high,1,13.0,17.0,1.7,A,-100.0
16650,medium,1,6.0,24.0,7.7,C,-14.3
16651,medium,0,10.0,14.0,3.0,A,-100.0
16652,low,3,14.0,2.0,5.7,A,-100.0
16653,high,0,5.0,9.0,3.4,A,-15.0
16654,none,2,10.0,20.0,5.4,A,-100.0
16655,high,1,25.0,19.0,10.0,A,-100.0
16656,low,3,16.0,22.0,1.3,A,-100.0
16657,high,1,,5.0,4.1,C,
16658,low,2,16.0,6.0,3.4,A,-100.0
16659,low,1,4.0,6.0,8.1,B,-10.4
16660,medium,1,15.0,22.0,5.0,C,-100.0
16661,high,3,10.0,4.0,10.0,A,-100.0
16662,low,2,11.0,7.0,3.7,B,-100.0
16663,none,5,17.0,3.0,6.3,A,-100.0
16664,high,1,7.0,1.0,9.1,D,-18.2
16665,none,0,6.0,21.0,3.4,C,-14.2
16666,medium,3,17.0,1.0,7.3,A,-100.0
16667,low,3,17.0,1.0,4.5,A,-100.0
16668,low,0,3.0,10.0,1.8,A,-9.3
16669,low,4,8.0,8.0,7.0,B,-100.0
16670,low,1,7.0,4.0,9.9,A,-14.8
16671,medium,3,7.0,0.0,4.9,B,-100.0
16672,low,4,15.0,3.0,3.2,A,-100.0
16673,medium,1,28.0,12.0,9.8,C,-100.0
16674,none,0,5.0,6.0,1.0,A,-13.8
16675,low,3,3.0,22.0,3.8,A,-15.7
16676,low,1,2.0,23.0,7.5,A,-7.0
16677,high,0,20.0,7.0,3.9,A,-100.0
16678,none,0,25.0,2.0,2.8,A,-100.0
16679,high,2,18.0,6.0,2.5,C,-100.0
16680,none,2,5.0,11.0,10.0,B,-14.3
16681,medium,2,14.0,14.0,4.4,C,-100.0
16682,low,1,7.0,8.0,6.1,A,-16.6
16683,medium,0,8.0,31.0,6.7,A,-15.7
16684,high,2,14.0,6.0,3.4,B,-100.0
16685,high,3,7.0,20.0,5.2,C,-100.0
16686,high,1,9.0,21.0,4.2,C,-100.0
16687,none,0,15.0,16.0,4.8,A,-100.0
16688,low,1,10.0,10.0,9.3,A,-100.0
16689,high,1,6.0,3.0,3.5,A,-19.2
16690,,0,2.0,50.0,8.2,A,-4.5
16691,medium,1,15.0,5.0,3.8,A,-100.0
16692,none,1,10.0,45.0,5.7,A,-100.0
16693,medium,0,12.0,5.0,6.5,A,-100.0
16694,medium,3,9.0,9.0,3.1,A,-100.0
16695,none,3,7.0,4.0,9.8,A,-100.0
16696,none,0,2.0,3.0,1.6,C,-8.3
16697,low,2,6.0,2.0,5.3,A,-17.8
16698,medium,1,2.0,5.0,2.5,A,-10.1
16699,high,0,13.0,3.0,9.8,A,-100.0
16700,medium,3,4.0,4.0,3.3,B,-18.2
16701,high,2,4.0,8.0,3.6,D,-18.1
16702,low,1,10.0,3.0,9.8,A,-100.0
16703,,2,9.0,2.0,2.4,A,-100.0
16704,medium,0,5.0,3.0,4.5,A,-11.9
16705,none,3,27.0,6.0,5.1,C,-100.0
16706,none,3,,7.0,8.4,C,
16707,low,2,5.0,7.0,2.7,A,-17.3
16708,medium,0,10.0,22.0,8.8,A,-18.3
16709,low,1,13.0,41.0,2.3,C,-100.0
16710,low,0,8.0,1.0,6.5,C,-15.8
16711,low,4,2.0,5.0,9.1,A,-13.9
16712,medium,0,28.0,5.0,6.7,A,-100.0
16713,none,1,6.0,14.0,5.9,C,-15.5
16714,low,2,4.0,6.0,2.3,A,-15.8
16715,none,0,40.0,23.0,1.9,A,-100.0
16716,high,0,17.0,4.0,1.3,A,-100.0
16717,high,1,16.0,8.0,4.6,D,-100.0
16718,medium,0,7.0,2.0,8.2,A,-13.5
16719,low,1,12.0,0.0,8.2,D,-100.0
16720,low,1,7.0,15.0,8.6,A,-15.3
16721,none,5,8.0,12.0,3.5,C,-100.0
16722,high,1,6.0,12.0,4.6,C,-18.6
16723,medium,2,10.0,11.0,9.5,A,-100.0
16724,medium,2,15.0,7.0,9.6,A,-100.0
16725,high,1,8.0,3.0,9.2,A,-19.9
16726,high,1,12.0,26.0,7.7,A,-100.0
16727,none,0,13.0,14.0,9.4,A,-100.0
16728,low,2,15.0,4.0,9.6,B,-100.0
16729,low,1,12.0,13.0,9.9,D,-100.0
16730,low,0,6.0,1.0,9.6,D,-10.7
16731,medium,1,5.0,6.0,7.5,A,-12.8
16732,high,4,3.0,7.0,9.0,A,-18.7
16733,medium,0,5.0,2.0,8.6,A,-9.8
16734,low,1,5.0,14.0,9.2,C,-11.5
16735,none,0,6.0,18.0,3.0,A,-14.4
16736,none,2,9.0,25.0,9.2,A,-100.0
16737,medium,0,11.0,7.0,9.8,B,-19.7
16738,low,1,40.0,4.0,5.0,C,-100.0
16739,medium,0,7.0,6.0,8.5,A,-13.3
16740,high,0,3.0,11.0,3.6,C,-11.4
16741,low,3,18.0,19.0,2.7,B,-100.0
16742,high,4,11.0,22.0,8.2,C,-100.0
16743,high,2,9.0,2.0,4.1,C,-100.0
16744,high,3,7.0,2.0,8.1,A,-100.0
16745,low,2,4.0,3.0,8.4,B,-12.8
16746,low,0,5.0,1.0,8.5,C,-9.5
16747,low,1,19.0,1.0,2.6,C,-100.0
16748,none,2,14.0,22.0,2.1,B,-100.0
16749,medium,2,13.0,5.0,6.2,A,-100.0
16750,low,4,1.0,28.0,9.3,C,-11.8
16751,low,4,13.0,0.0,4.1,A,-100.0
16752,low,3,5.0,27.0,3.1,C,-19.5
16753,low,4,13.0,5.0,9.7,C,-100.0
16754,medium,0,8.0,24.0,9.2,A,-14.6
16755,low,0,20.0,4.0,2.6,A,-100.0
16756,high,0,22.0,0.0,3.3,A,-100.0
16757,high,3,12.0,3.0,8.9,A,-100.0
16758,none,0,9.0,9.0,3.2,A,-19.7
16759,high,3,30.0,7.0,1.5,A,-100.0
16760,high,1,4.0,1.0,6.4,A,-14.3
16761,none,2,2.0,50.0,9.2,C,-9.0
16762,medium,2,5.0,0.0,8.2,A,-15.1
16763,low,1,21.0,10.0,9.3,A,-100.0
16764,low,0,5.0,21.0,9.7,B,-8.7
16765,medium,0,4.0,18.0,4.5,A,-10.0
16766,medium,0,6.0,2.0,1.8,A,-15.0
16767,high,0,5.0,16.0,2.1,B,-15.6
16768,none,3,9.0,31.0,8.1,C,-100.0
16769,none,1,8.0,1.0,8.7,C,-17.8
16770,low,1,6.0,0.0,4.3,A,-15.9
16771,high,1,11.0,4.0,9.6,C,-100.0
16772,medium,0,2.0,3.0,9.3,A,-4.2
16773,low,0,18.0,23.0,2.4,A,-100.0
16774,high,3,15.0,17.0,2.0,A,-100.0
16775,high,2,11.0,2.0,9.5,B,-100.0
16776,medium,4,13.0,4.0,9.7,C,-100.0
16777,medium,0,26.0,3.0,9.3,A,-100.0
16778,medium,0,13.0,4.0,8.1,A,-100.0
16779,high,3,9.0,44.0,8.6,A,-100.0
16780,high,1,6.0,4.0,5.4,B,-18.3
16781,high,2,2.0,2.0,,A,
16782,none,3,18.0,6.0,9.9,A,-100.0
16783,medium,1,10.0,2.0,9.4,A,-100.0
16784,none,0,11.0,28.0,9.0,C,-100.0
16785,high,3,9.0,3.0,2.6,A,-100.0
16786,medium,3,3.0,34.0,2.0,A,-16.8
16787,medium,3,40.0,3.0,9.6,A,-100.0
16788,low,2,7.0,9.0,3.1,A,-100.0
16789,high,2,12.0,16.0,7.1,C,-100.0
16790,low,2,2.0,1.0,1.1,A,-13.0
16791,medium,2,4.0,18.0,7.5,A,-13.5
16792,low,1,13.0,4.0,8.5,A,-100.0
16793,low,3,3.0,3.0,9.0,C,-13.2
16794,high,1,1.0,3.0,3.0,C,-10.7
16795,none,2,10.0,19.0,2.1,B,-100.0
16796,none,2,5.0,27.0,4.7,A,-16.8
16797,medium,1,7.0,1.0,9.7,C,-15.3
16798,low,3,12.0,7.0,1.8,C,-100.0
16799,low,0,28.0,14.0,6.0,C,-100.0
16800,none,1,9.0,27.0,9.3,A,-19.0
16801,high,0,12.0,3.0,6.4,A,-100.0
16802,high,1,7.0,11.0,3.6,A,-100.0
16803,medium,3,24.0,50.0,3.2,C,-100.0
16804,medium,2,5.0,2.0,2.7,A,-17.8
16805,high,0,22.0,9.0,3.8,A,-100.0
16806,none,2,14.0,17.0,,D,
16807,medium,1,7.0,0.0,7.1,A,-16.6
16808,none,1,6.0,19.0,9.2,A,-13.8
16809,low,2,27.0,3.0,6.7,A,-100.0
16810,low,4,3.0,34.0,8.4,C,-15.7
16811,low,1,7.0,4.0,1.3,C,-19.1
16812,low,1,9.0,27.0,5.9,A,-100.0
16813,medium,2,18.0,4.0,8.6,B,-100.0
16814,high,1,2.0,3.0,2.6,A,-12.7
16815,high,0,6.0,4.0,9.8,C,-13.6
16816,low,2,18.0,10.0,4.1,A,-100.0
16817,none,1,21.0,5.0,2.1,B,-100.0
16818,medium,3,16.0,13.0,8.5,C,-100.0
16819,low,0,18.0,6.0,9.4,A,-100.0
16820,high,3,9.0,12.0,2.7,A,-100.0
16821,high,1,4.0,9.0,9.6,A,-12.6
16822,none,1,8.0,44.0,5.9,A,-18.7
16823,high,2,4.0,24.0,3.1,A,-18.2
16824,high,0,12.0,5.0,8.9,A,-100.0
16825,low,1,8.0,4.0,5.0,A,-19.0
16826,medium,0,3.0,26.0,7.3,B,-6.7
16827,medium,0,11.0,1.0,9.2,A,-100.0
16828,high,1,8.0,4.0,1.1,A,-100.0
16829,medium,2,11.0,9.0,9.1,A,-100.0
16830,low,1,5.0,4.0,6.2,C,-13.1
16831,medium,4,1.0,1.0,8.6,C,-12.8
16832,low,1,10.0,3.0,4.8,A,-100.0
16833,low,0,20.0,6.0,3.0,C,-100.0
16834,high,0,8.0,15.0,4.4,A,-19.7
16835,high,0,9.0,4.0,3.3,A,-100.0
16836,none,1,5.0,11.0,9.4,A,-12.1
16837,none,0,8.0,11.0,3.1,A,-18.0
16838,low,1,18.0,50.0,6.5,A,-100.0
16839,low,2,7.0,3.0,6.3,A,-19.1
16840,low,2,5.0,11.0,9.3,A,-14.0
16841,low,1,2.0,6.0,2.4,C,-9.8
16842,low,0,,6.0,8.9,C,
16843,high,3,8.0,2.0,1.9,A,-100.0
16844,high,1,9.0,6.0,5.9,A,-100.0
16845,none,1,17.0,3.0,4.3,A,-100.0
16846,high,1,8.0,4.0,9.2,A,-19.9
16847,medium,0,19.0,2.0,9.6,A,-100.0
16848,medium,1,6.0,19.0,3.9,B,-16.2
16849,low,3,13.0,3.0,7.3,A,-100.0
16850,medium,2,14.0,9.0,9.7,A,-100.0
16851,high,1,10.0,2.0,9.8,A,-100.0
16852,medium,3,29.0,18.0,5.2,A,-100.0
16853,low,0,10.0,50.0,3.1,C,-100.0
16854,high,2,15.0,15.0,1.3,A,-100.0
16855,medium,2,6.0,16.0,6.8,A,-17.3
16856,high,2,9.0,6.0,8.9,C,-100.0
16857,none,2,10.0,12.0,6.1,D,-100.0
16858,low,1,37.0,2.0,6.6,A,-100.0
16859,high,4,6.0,18.0,9.8,B,-100.0
16860,medium,1,8.0,1.0,4.7,B,-19.5
16861,low,3,3.0,4.0,8.7,A,-13.4
16862,none,1,9.0,35.0,3.7,A,-100.0
16863,low,0,2.0,18.0,7.9,A,-4.4
16864,medium,0,17.0,47.0,7.9,C,-100.0
16865,low,0,1.0,3.0,4.8,A,-4.3
16866,high,2,6.0,4.0,3.6,A,-100.0
16867,low,3,4.0,1.0,9.5,A,-14.8
16868,low,2,11.0,25.0,1.2,A,-100.0
16869,medium,0,4.0,3.0,5.1,A,-9.8
16870,high,0,8.0,5.0,6.5,A,-18.7
16871,low,0,6.0,0.0,9.5,B,-10.8
16872,high,1,4.0,17.0,4.3,A,-15.2
16873,medium,0,10.0,15.0,2.8,D,-100.0
16874,medium,1,9.0,0.0,10.0,C,-18.7
16875,,1,4.0,36.0,1.5,A,-14.0
16876,high,0,11.0,1.0,1.2,A,-100.0
16877,medium,3,18.0,2.0,9.0,C,-100.0
16878,high,1,2.0,15.0,9.3,A,-9.2
16879,high,0,24.0,18.0,3.5,A,-100.0
16880,high,1,2.0,1.0,1.4,A,-13.3
16881,medium,1,4.0,3.0,9.1,A,-10.3
16882,none,1,,2.0,8.7,C,
16883,high,1,12.0,2.0,2.2,A,-100.0
16884,none,1,4.0,15.0,7.6,C,-11.2
16885,none,2,11.0,23.0,1.9,A,-100.0
16886,low,1,7.0,8.0,7.4,B,-16.0
16887,low,0,4.0,11.0,6.6,B,-8.6
16888,low,0,7.0,4.0,1.5,A,-16.5
16889,high,0,11.0,13.0,2.6,A,-100.0
16890,high,1,1.0,0.0,2.8,A,-10.9
16891,low,1,7.0,16.0,3.0,A,-18.1
16892,high,2,9.0,21.0,9.8,A,-100.0
16893,none,0,6.0,11.0,9.6,A,-11.2
16894,medium,0,13.0,3.0,2.9,C,-100.0
16895,low,2,6.0,4.0,3.4,A,-18.8
16896,high,0,29.0,9.0,3.9,D,-100.0
16897,low,0,7.0,17.0,8.7,A,-12.8
16898,none,3,22.0,5.0,1.2,D,-100.0
16899,medium,3,6.0,23.0,9.0,B,-18.7
16900,medium,1,22.0,4.0,3.4,C,-100.0
16901,none,3,3.0,2.0,10.0,C,-13.4
16902,high,2,0.0,10.0,,A,
16903,high,2,2.0,1.0,8.6,A,-12.2
16904,none,1,9.0,15.0,8.0,B,-19.7
16905,medium,2,2.0,19.0,9.2,A,-9.1
16906,low,0,4.0,1.0,4.3,A,-9.9
16907,high,1,7.0,3.0,1.9,C,-100.0
16908,high,1,29.0,4.0,9.1,A,-100.0
16909,medium,0,14.0,8.0,6.7,A,-100.0
16910,high,1,12.0,1.0,8.9,A,-100.0
16911,low,4,11.0,0.0,2.8,C,-100.0
16912,,1,18.0,1.0,8.6,A,-100.0
16913,high,1,5.0,14.0,1.3,D,-18.5
16914,medium,5,8.0,17.0,8.0,A,-100.0
16915,medium,7,19.0,2.0,9.9,A,-100.0
16916,low,2,3.0,7.0,8.1,A,-11.2
16917,medium,0,10.0,23.0,10.0,A,-17.7
16918,none,1,11.0,8.0,2.7,D,-100.0
16919,none,3,4.0,21.0,2.5,A,-18.7
16920,low,2,9.0,22.0,1.3,A,-100.0
16921,low,0,6.0,13.0,5.1,A,-12.8
16922,high,0,8.0,12.0,9.4,A,-17.2
16923,,0,8.0,13.0,9.1,A,-14.9
16924,none,1,9.0,36.0,9.6,A,-18.7
16925,low,1,2.0,20.0,6.9,A,-7.4
16926,none,1,1.0,11.0,9.3,A,-5.1
16927,low,0,18.0,3.0,6.8,C,-100.0
16928,none,2,18.0,2.0,8.4,A,-100.0
16929,none,3,3.0,6.0,8.4,A,-14.1
16930,low,2,14.0,25.0,9.3,A,-100.0
16931,low,2,14.0,2.0,4.0,A,-100.0
16932,low,2,5.0,8.0,3.5,A,-17.0
16933,low,2,23.0,5.0,8.1,A,-100.0
16934,low,1,6.0,6.0,4.8,A,-15.6
16935,none,1,3.0,19.0,5.7,C,-10.3
16936,low,2,16.0,14.0,1.1,A,-100.0
16937,high,1,18.0,1.0,7.7,A,-100.0
16938,high,0,13.0,1.0,9.5,C,-100.0
16939,medium,0,7.0,10.0,1.6,A,-16.8
16940,none,2,16.0,7.0,1.8,A,-100.0
16941,none,1,6.0,17.0,9.4,A,-13.8
16942,medium,1,7.0,5.0,1.7,D,-19.2
16943,medium,1,8.0,16.0,9.3,B,-17.1
16944,medium,2,7.0,11.0,6.5,A,-19.3
16945,none,0,4.0,11.0,1.1,A,-12.0
16946,high,2,8.0,7.0,9.4,A,-100.0
16947,low,4,2.0,1.0,9.2,A,-13.9
16948,high,0,8.0,8.0,8.9,A,-17.5
16949,medium,0,12.0,18.0,8.4,D,-100.0
16950,low,1,15.0,18.0,4.1,A,-100.0
16951,medium,2,1.0,2.0,1.1,A,-11.6
16952,low,1,19.0,6.0,8.2,B,-100.0
16953,medium,5,9.0,23.0,9.9,A,-100.0
16954,none,1,8.0,2.0,6.9,A,-18.7
16955,high,2,26.0,31.0,1.6,A,-100.0
16956,medium,1,2.0,24.0,7.3,A,-7.5
16957,medium,2,7.0,31.0,3.9,C,-100.0
16958,none,1,2.0,3.0,9.3,A,-6.9
16959,medium,1,10.0,9.0,8.9,A,-100.0
16960,low,0,10.0,7.0,2.4,C,-100.0
16961,none,1,2.0,6.0,2.6,C,-10.3
16962,high,0,5.0,2.0,6.2,A,-13.7
16963,high,2,5.0,4.0,8.9,A,-17.3
16964,low,2,8.0,4.0,4.8,A,-100.0
16965,medium,3,7.0,29.0,1.9,B,-100.0
16966,low,2,14.0,14.0,3.0,B,-100.0
16967,medium,3,6.0,0.0,7.9,C,-19.4
16968,low,0,3.0,7.0,4.8,A,-7.8
16969,high,1,6.0,16.0,7.6,C,-17.1
16970,low,4,2.0,3.0,3.5,A,-16.7
16971,none,4,7.0,8.0,8.2,A,-100.0
16972,medium,2,4.0,11.0,1.9,A,-16.3
16973,high,6,7.0,14.0,5.6,B,-100.0
16974,high,1,19.0,5.0,6.7,A,-100.0
16975,medium,2,11.0,1.0,6.0,C,-100.0
16976,none,3,5.0,15.0,9.8,A,-16.8
16977,low,2,10.0,20.0,8.5,A,-100.0
16978,none,1,0.0,4.0,9.5,A,-3.3
16979,medium,2,4.0,0.0,3.7,B,-15.6
16980,high,0,7.0,42.0,6.7,A,-16.5
16981,high,2,2.0,4.0,9.4,B,-11.8
16982,medium,1,11.0,3.0,6.7,A,-100.0
16983,medium,0,18.0,4.0,9.7,C,-100.0
16984,high,2,7.0,8.0,8.4,C,-100.0
16985,low,2,9.0,7.0,1.6,A,-100.0
16986,medium,0,9.0,4.0,8.6,C,-16.8
16987,medium,1,15.0,31.0,3.1,A,-100.0
16988,low,0,4.0,6.0,2.9,A,-10.5
16989,none,0,4.0,16.0,8.7,A,-8.1
16990,medium,2,15.0,6.0,5.1,A,-100.0
16991,high,2,19.0,1.0,9.2,A,-100.0
16992,high,1,5.0,10.0,4.7,A,-16.8
16993,high,0,1.0,4.0,9.9,C,-4.8
16994,low,1,6.0,1.0,9.8,A,-13.1
16995,medium,1,14.0,9.0,8.6,A,-100.0
16996,,1,18.0,0.0,3.3,A,-100.0
16997,none,1,14.0,4.0,9.6,B,-100.0
16998,,2,24.0,28.0,5.1,A,-100.0
16999,high,1,13.0,12.0,8.8,A,-100.0
17000,low,1,6.0,3.0,2.1,A,-16.9
17001,low,1,9.0,19.0,2.7,A,-100.0
17002,none,2,7.0,13.0,8.4,C,-18.5
17003,medium,1,4.0,4.0,9.9,D,-9.9
17004,none,1,,8.0,8.0,C,
17005,medium,1,2.0,25.0,6.4,C,-7.9
17006,medium,1,15.0,16.0,1.3,A,-100.0
17007,high,0,2.0,4.0,5.9,A,-8.5
17008,low,1,8.0,1.0,4.1,A,-19.5
17009,low,0,5.0,2.0,7.5,B,-10.0
17010,none,0,11.0,2.0,9.8,A,-20.0
17011,high,0,17.0,9.0,8.1,A,-100.0
17012,low,3,1.0,15.0,2.5,A,-12.9
17013,none,1,5.0,3.0,7.3,A,-13.2
17014,low,2,11.0,3.0,6.2,A,-100.0
17015,high,2,7.0,18.0,9.1,A,-100.0
17016,high,1,11.0,2.0,9.3,A,-100.0
17017,medium,1,10.0,0.0,4.2,C,-100.0
17018,medium,2,2.0,5.0,8.3,B,-9.7
17019,low,1,14.0,48.0,5.4,C,-100.0
17020,medium,4,10.0,0.0,7.8,C,-100.0
17021,low,2,7.0,22.0,9.6,B,-17.3
17022,none,0,6.0,5.0,7.0,C,-12.6
17023,low,1,2.0,31.0,1.9,A,-9.8
17024,high,2,2.0,10.0,6.7,A,-13.1
17025,high,2,2.0,2.0,1.7,D,-15.7
17026,high,2,8.0,3.0,4.9,A,-100.0
17027,high,1,2.0,7.0,8.2,A,-9.8
17028,medium,1,5.0,4.0,7.5,B,-12.9
17029,low,2,5.0,19.0,5.0,A,-16.1
17030,high,2,8.0,3.0,3.8,D,-100.0
17031,low,2,4.0,10.0,5.8,A,-14.0
17032,low,2,16.0,17.0,8.7,A,-100.0
17033,high,1,8.0,2.0,3.9,B,-100.0
17034,low,1,12.0,11.0,8.2,A,-100.0
17035,,3,8.0,9.0,6.3,B,-100.0
17036,medium,3,4.0,8.0,8.8,A,-15.4
17037,none,0,3.0,27.0,8.1,C,-6.6
17038,low,2,5.0,10.0,7.3,C,-15.0
17039,high,2,6.0,2.0,3.6,D,-100.0
17040,low,1,26.0,36.0,2.1,C,-100.0
17041,high,3,2.0,1.0,2.2,A,-17.9
17042,medium,4,17.0,32.0,6.3,D,-100.0
17043,medium,0,6.0,4.0,8.7,C,-11.5
17044,,0,23.0,15.0,9.2,C,-100.0
17045,none,0,18.0,5.0,2.9,A,-100.0
17046,high,1,22.0,17.0,8.9,A,-100.0
17047,none,0,7.0,11.0,9.6,A,-13.0
17048,medium,3,3.0,3.0,5.1,A,-15.6
17049,none,0,3.0,14.0,9.4,A,-6.0
17050,high,4,16.0,29.0,9.7,C,-100.0
17051,low,1,17.0,34.0,8.4,C,-100.0
17052,high,1,14.0,1.0,9.4,A,-100.0
17053,high,2,6.0,7.0,3.5,A,-100.0
17054,medium,1,9.0,22.0,8.7,A,-19.1
17055,high,2,4.0,21.0,4.3,C,-17.7
17056,low,1,3.0,12.0,8.7,A,-8.3
17057,high,2,6.0,8.0,8.9,B,-19.0
17058,low,0,17.0,25.0,8.3,A,-100.0
17059,low,1,8.0,20.0,8.0,A,-17.3
17060,high,3,4.0,8.0,4.2,A,-100.0
17061,medium,0,1.0,1.0,9.8,A,-2.2
17062,high,1,3.0,6.0,6.0,A,-12.7
17063,high,1,13.0,27.0,1.7,A,-100.0
17064,high,3,0.0,27.0,9.4,C,-10.6
17065,high,1,11.0,12.0,5.2,A,-100.0
17066,high,0,18.0,16.0,1.4,A,-100.0
17067,low,2,5.0,9.0,2.9,C,-17.2
17068,medium,4,8.0,18.0,7.4,A,-100.0
17069,high,2,13.0,0.0,5.4,A,-100.0
17070,high,0,9.0,1.0,6.0,A,-100.0
17071,medium,0,13.0,7.0,1.8,A,-100.0
17072,high,1,21.0,11.0,4.2,C,-100.0
17073,low,1,10.0,1.0,3.2,A,-100.0
17074,medium,0,18.0,9.0,8.5,A,-100.0
17075,high,2,4.0,1.0,9.1,A,-15.5
17076,none,3,4.0,6.0,9.5,C,-15.3
17077,medium,1,5.0,2.0,9.3,C,-12.0
17078,medium,4,17.0,35.0,7.1,C,-100.0
17079,high,1,27.0,10.0,1.1,A,-100.0
17080,medium,1,31.0,4.0,4.3,A,-100.0
17081,high,3,7.0,15.0,1.7,A,-100.0
17082,none,0,9.0,3.0,1.3,A,-100.0
17083,medium,3,12.0,16.0,5.8,A,-100.0
17084,medium,0,6.0,5.0,1.7,A,-15.0
17085,high,2,11.0,2.0,5.0,A,-100.0
17086,high,1,21.0,7.0,5.8,A,-100.0
17087,medium,1,5.0,33.0,4.6,A,-14.0
17088,medium,2,10.0,2.0,6.9,A,-100.0
17089,none,2,12.0,0.0,8.4,D,-100.0
17090,low,1,17.0,1.0,8.3,A,-100.0
17091,low,1,6.0,2.0,6.8,A,-14.6
17092,medium,3,,6.0,3.8,C,
17093,low,2,6.0,6.0,3.5,A,-18.7
17094,medium,4,9.0,10.0,8.1,B,-100.0
17095,low,1,4.0,26.0,8.4,C,-10.1
17096,none,0,7.0,5.0,9.7,A,-13.0
17097,medium,1,0.0,4.0,9.7,A,-3.0
17098,medium,2,9.0,8.0,4.7,B,-100.0
17099,medium,1,33.0,14.0,9.9,C,-100.0
17100,low,1,18.0,13.0,8.5,A,-100.0
17101,none,0,6.0,18.0,9.7,D,-11.1
17102,medium,0,15.0,34.0,6.1,C,-100.0
17103,high,1,6.0,9.0,5.1,A,-18.4
17104,high,1,5.0,4.0,7.7,C,-15.4
17105,low,1,5.0,6.0,3.7,C,-14.4
17106,low,1,11.0,1.0,4.8,C,-100.0
17107,low,0,4.0,9.0,2.1,A,-10.9
17108,high,2,11.0,2.0,8.8,B,-100.0
17109,low,0,17.0,15.0,4.9,C,-100.0
17110,medium,1,17.0,13.0,4.2,A,-100.0
17111,high,0,10.0,18.0,1.5,A,-100.0
17112,high,1,9.0,30.0,6.0,A,-100.0
17113,none,2,8.0,2.0,1.6,A,-100.0
17114,high,2,17.0,8.0,9.6,D,-100.0
17115,low,2,1.0,2.0,7.5,A,-8.0
17116,high,1,1.0,2.0,8.0,A,-8.3
17117,low,2,8.0,5.0,9.0,A,-19.5
17118,low,0,2.0,13.0,3.2,A,-6.8
17119,high,1,12.0,7.0,9.6,A,-100.0
17120,low,4,17.0,21.0,8.8,A,-100.0
17121,low,4,9.0,38.0,1.0,A,-100.0
17122,medium,1,8.0,15.0,7.2,A,-18.1
17123,medium,2,20.0,2.0,5.6,A,-100.0
17124,medium,3,7.0,0.0,9.3,C,-100.0
17125,,0,11.0,15.0,5.2,C,-100.0
17126,medium,0,21.0,0.0,8.7,A,-100.0
17127,none,3,6.0,0.0,1.3,C,-100.0
17128,medium,0,3.0,9.0,10.0,C,-5.6
17129,none,1,4.0,17.0,9.8,A,-10.0
17130,low,1,9.0,8.0,7.8,A,-19.3
17131,low,0,5.0,4.0,2.2,A,-12.6
17132,low,5,4.0,3.0,1.6,A,-100.0
17133,low,2,9.0,9.0,8.3,D,-100.0
17134,high,3,5.0,26.0,8.2,A,-19.9
17135,medium,0,5.0,1.0,1.9,B,-13.2
17136,high,1,6.0,15.0,8.8,C,-16.5
17137,high,5,14.0,6.0,8.7,A,-100.0
17138,medium,0,,3.0,2.9,C,
17139,high,4,2.0,16.0,4.7,C,-19.0
17140,medium,1,4.0,7.0,6.6,A,-11.5
17141,low,0,6.0,14.0,5.1,A,-12.8
17142,medium,1,3.0,23.0,1.4,A,-12.2
17143,low,2,22.0,22.0,8.7,C,-100.0
17144,high,0,32.0,37.0,3.8,B,-100.0
17145,low,1,20.0,13.0,7.2,C,-100.0
17146,low,3,6.0,9.0,9.9,A,-18.0
17147,medium,0,13.0,14.0,3.2,C,-100.0
17148,,3,12.0,6.0,2.2,A,-100.0
17149,medium,3,2.0,13.0,6.1,A,-13.2
17150,medium,1,8.0,6.0,5.4,A,-19.1
17151,medium,1,12.0,1.0,3.4,A,-100.0
17152,high,1,15.0,30.0,1.7,A,-100.0
17153,none,3,4.0,2.0,3.3,A,-18.4
17154,none,2,11.0,7.0,7.5,A,-100.0
17155,low,1,12.0,44.0,3.9,A,-100.0
17156,high,1,8.0,3.0,2.6,C,-100.0
17157,high,2,7.0,10.0,7.9,A,-100.0
17158,high,2,4.0,3.0,1.1,A,-19.4
17159,low,1,23.0,26.0,3.6,A,-100.0
17160,low,2,4.0,9.0,1.7,C,-16.1
17161,none,3,3.0,13.0,1.3,A,-17.6
17162,low,0,6.0,0.0,1.9,C,-14.6
17163,low,0,12.0,14.0,5.2,B,-100.0
17164,low,1,14.0,45.0,2.0,A,-100.0
17165,none,0,1.0,0.0,9.0,C,-2.9
17166,high,0,6.0,6.0,8.1,A,-14.4
17167,medium,1,7.0,0.0,2.0,D,-19.1
17168,medium,2,13.0,16.0,4.8,A,-100.0
17169,medium,1,23.0,10.0,8.5,A,-100.0
17170,high,2,10.0,0.0,8.6,A,-100.0
17171,high,0,36.0,1.0,9.7,A,-100.0
17172,medium,0,19.0,2.0,4.0,C,-100.0
17173,low,3,14.0,35.0,4.3,A,-100.0
17174,low,5,6.0,10.0,2.4,A,-100.0
17175,high,0,14.0,8.0,9.5,A,-100.0
17176,none,4,17.0,4.0,4.2,A,-100.0
17177,high,2,2.0,8.0,6.4,C,-13.2
17178,high,1,4.0,27.0,9.9,A,-12.3
17179,low,2,15.0,10.0,2.9,B,-100.0
17180,medium,1,23.0,11.0,9.3,A,-100.0
17181,none,2,1.0,33.0,8.6,A,-7.7
17182,low,1,14.0,13.0,6.3,B,-100.0
17183,none,2,22.0,0.0,2.5,A,-100.0
17184,medium,1,3.0,10.0,8.4,A,-8.8
17185,low,2,24.0,9.0,9.2,B,-100.0
17186,medium,1,17.0,9.0,8.5,A,-100.0
17187,high,1,11.0,3.0,8.3,A,-100.0
17188,high,1,6.0,3.0,1.3,A,-100.0
17189,medium,2,5.0,3.0,8.4,A,-14.9
17190,low,2,8.0,19.0,8.8,C,-19.4
17191,none,1,7.0,2.0,2.1,A,-19.3
17192,low,0,14.0,4.0,9.4,A,-100.0
17193,high,1,16.0,13.0,7.5,A,-100.0
17194,none,1,11.0,4.0,9.1,A,-100.0
17195,medium,3,7.0,38.0,3.8,A,-100.0
17196,medium,0,20.0,1.0,9.6,A,-100.0
17197,none,2,2.0,1.0,8.8,A,-9.7
17198,high,0,6.0,6.0,2.9,B,-17.0
17199,high,0,6.0,13.0,2.2,B,-17.3
17200,high,0,15.0,18.0,2.6,A,-100.0
17201,high,4,15.0,8.0,7.6,A,-100.0
17202,low,5,11.0,12.0,7.0,C,-100.0
17203,low,4,7.0,2.0,3.5,A,-100.0
17204,high,1,2.0,4.0,3.4,C,-12.3
17205,none,2,10.0,1.0,5.5,A,-100.0
17206,medium,0,6.0,12.0,1.9,C,-14.8
17207,medium,1,36.0,3.0,9.9,A,-100.0
17208,none,1,21.0,50.0,9.9,A,-100.0
17209,low,4,6.0,7.0,5.6,A,-100.0
17210,low,0,10.0,12.0,3.6,A,-100.0
17211,,1,8.0,50.0,9.0,D,-17.1
17212,,3,12.0,3.0,6.2,A,-100.0
17213,high,1,5.0,5.0,3.8,A,-17.3
17214,high,1,4.0,1.0,2.2,B,-16.4
17215,none,2,13.0,14.0,8.3,C,-100.0
17216,low,1,1.0,1.0,9.2,C,-4.7
17217,low,0,13.0,6.0,1.9,C,-100.0
17218,medium,1,33.0,22.0,6.8,B,-100.0
17219,medium,2,3.0,11.0,9.5,A,-10.8
17220,medium,1,1.0,10.0,9.4,A,-4.8
17221,none,0,3.0,5.0,9.9,B,-5.9
17222,high,4,12.0,19.0,3.9,C,-100.0
17223,medium,1,5.0,27.0,9.2,A,-11.8
17224,low,2,5.0,1.0,1.0,A,-18.3
17225,low,2,13.0,7.0,9.1,C,-100.0
17226,low,2,6.0,7.0,5.2,C,-17.9
17227,high,1,17.0,31.0,3.5,A,-100.0
17228,none,4,6.0,13.0,2.2,A,-100.0
17229,low,2,25.0,6.0,2.1,A,-100.0
17230,high,2,21.0,13.0,4.4,A,-100.0
17231,low,1,4.0,2.0,3.0,B,-13.0
17232,high,1,2.0,4.0,9.0,C,-9.5
17233,medium,1,13.0,4.0,8.7,C,-100.0
17234,high,2,4.0,16.0,7.3,A,-16.2
17235,medium,0,11.0,7.0,9.5,C,-19.8
17236,low,3,6.0,21.0,7.5,A,-19.1
17237,high,1,15.0,5.0,2.5,C,-100.0
17238,low,0,,24.0,8.3,C,
17239,high,1,8.0,11.0,2.3,A,-100.0
17240,high,1,11.0,1.0,8.4,B,-100.0
17241,low,1,5.0,4.0,2.4,A,-15.0
17242,high,3,7.0,0.0,7.1,A,-100.0
17243,low,0,16.0,13.0,2.2,A,-100.0
17244,medium,2,13.0,17.0,5.3,A,-100.0
17245,low,3,4.0,2.0,2.2,A,-18.4
17246,low,2,8.0,17.0,3.8,A,-100.0
17247,medium,1,18.0,13.0,9.3,A,-100.0
17248,low,1,2.0,6.0,7.7,A,-7.1
17249,none,1,40.0,3.0,7.8,A,-100.0
17250,high,3,2.0,15.0,8.3,C,-14.7
17251,high,2,6.0,1.0,2.9,A,-100.0
17252,none,2,5.0,4.0,1.1,C,-18.8
17253,low,1,10.0,3.0,3.8,C,-100.0
17254,low,2,27.0,29.0,5.9,B,-100.0
17255,low,3,4.0,28.0,1.9,C,-18.3
17256,low,0,4.0,4.0,2.7,A,-10.6
17257,high,1,7.0,14.0,9.6,D,-17.8
17258,low,1,40.0,1.0,8.1,C,-100.0
17259,high,2,15.0,10.0,8.6,A,-100.0
17260,high,0,9.0,1.0,4.1,A,-100.0
17261,low,4,2.0,19.0,9.4,B,-13.6
17262,low,2,5.0,41.0,1.4,D,-17.7
17263,low,0,4.0,4.0,10.0,C,-7.0
17264,medium,1,1.0,50.0,5.6,B,-6.4
17265,medium,3,13.0,28.0,8.0,A,-100.0
17266,low,1,9.0,2.0,5.5,A,-100.0
17267,low,1,9.0,26.0,7.0,A,-19.5
17268,low,0,4.0,13.0,9.6,A,-7.1
17269,low,1,,12.0,6.7,C,
17270,high,2,5.0,10.0,7.8,B,-17.8
17271,low,0,2.0,15.0,8.5,A,-4.1
17272,high,2,2.0,4.0,2.2,A,-15.4
17273,high,1,10.0,11.0,9.2,C,-100.0
17274,high,1,7.0,4.0,5.1,A,-100.0
17275,none,3,9.0,10.0,2.2,A,
17276,low,2,35.0,6.0,7.7,A,-100.0
17277,high,2,6.0,10.0,1.7,B,-100.0
17278,low,2,21.0,2.0,8.2,C,-100.0
17279,low,2,11.0,21.0,3.4,B,-100.0
17280,low,1,21.0,13.0,2.1,A,-100.0
17281,low,2,4.0,4.0,8.1,C,-12.9
17282,high,0,2.0,1.0,8.6,A,-7.2
17283,none,4,11.0,3.0,2.8,C,-100.0
17284,high,2,2.0,0.0,9.5,C,-11.8
17285,high,2,11.0,39.0,6.2,A,-100.0
17286,high,0,9.0,1.0,4.5,C,-100.0
17287,low,1,6.0,15.0,9.1,B,-13.3
17288,medium,0,21.0,5.0,2.0,C,-100.0
17289,high,0,8.0,28.0,8.4,C,-17.6
17290,medium,4,3.0,7.0,2.2,A,-19.5
17291,low,3,5.0,8.0,6.3,A,-18.0
17292,low,1,30.0,12.0,2.3,A,-100.0
17293,medium,0,4.0,14.0,3.6,A,-10.5
17294,high,1,5.0,9.0,9.6,A,-14.4
17295,medium,1,10.0,6.0,8.7,A,-100.0
17296,medium,1,10.0,15.0,1.5,A,-100.0
17297,medium,1,4.0,7.0,4.8,A,-12.4
17298,medium,0,20.0,9.0,5.8,A,-100.0
17299,none,1,4.0,0.0,8.9,A,-10.7
17300,medium,1,5.0,5.0,2.4,C,-15.4
17301,low,0,3.0,15.0,8.0,A,-6.1
17302,medium,0,26.0,3.0,9.7,A,-100.0
17303,medium,0,14.0,26.0,2.7,A,-100.0
17304,low,1,17.0,47.0,6.3,C,-100.0
17305,medium,1,11.0,14.0,7.4,C,-100.0
17306,low,3,0.0,19.0,6.6,B,-9.0
17307,medium,3,2.0,13.0,2.4,C,-15.1
17308,low,1,8.0,2.0,9.4,A,-16.8
17309,low,0,3.0,3.0,9.9,A,-5.3
17310,none,1,21.0,7.0,9.6,A,-100.0
17311,low,0,14.0,19.0,7.3,C,-100.0
17312,low,3,6.0,45.0,9.6,A,-17.8
17313,medium,1,15.0,4.0,8.3,A,-100.0
17314,high,0,8.0,18.0,6.2,B,-18.7
17315,low,1,10.0,11.0,3.1,A,-100.0
17316,low,1,19.0,21.0,5.1,D,-100.0
17317,low,1,3.0,14.0,9.1,A,-8.1
17318,low,2,15.0,2.0,10.0,A,-100.0
17319,none,1,11.0,12.0,2.0,A,-100.0
17320,none,0,13.0,7.0,2.1,C,-100.0
17321,medium,0,14.0,0.0,8.5,A,-100.0
17322,none,1,12.0,5.0,5.9,A,-100.0
17323,high,1,6.0,5.0,9.9,A,-16.0
17324,none,3,2.0,13.0,9.9,A,-11.5
17325,high,2,9.0,49.0,6.7,D,-100.0
17326,low,0,13.0,23.0,8.4,D,-100.0
17327,low,2,16.0,14.0,8.5,C,-100.0
17328,high,2,7.0,10.0,5.6,A,-100.0
17329,low,2,11.0,4.0,1.6,A,-100.0
17330,none,0,9.0,30.0,4.4,A,-18.9
17331,high,0,21.0,27.0,6.2,C,-100.0
17332,high,2,3.0,9.0,3.9,B,-16.2
17333,low,0,7.0,14.0,6.4,A,-13.9
17334,none,2,6.0,32.0,8.7,A,-16.5
17335,low,1,4.0,11.0,3.3,A,-12.8
17336,none,4,16.0,9.0,8.7,A,-100.0
17337,low,3,4.0,17.0,2.6,A,-18.1
17338,medium,1,12.0,8.0,6.8,D,-100.0
17339,high,0,8.0,16.0,10.0,D,-16.9
17340,none,1,9.0,0.0,9.2,A,-19.3
17341,medium,0,3.0,31.0,5.5,B,-7.6
17342,none,0,11.0,11.0,2.9,A,-100.0
17343,medium,2,,1.0,7.8,C,
17344,none,1,18.0,12.0,3.1,A,-100.0
17345,high,2,8.0,16.0,3.8,A,-100.0
17346,low,6,6.0,6.0,3.5,C,-100.0
17347,high,2,6.0,8.0,1.2,A,-100.0
17348,none,1,6.0,6.0,4.2,B,-16.5
17349,low,0,23.0,30.0,9.0,B,
17350,low,1,9.0,50.0,9.4,A,-18.1
17351,none,0,7.0,3.0,9.3,A,-13.2
17352,medium,0,5.0,1.0,9.3,D,-9.5
17353,low,2,7.0,6.0,2.5,D,-100.0
17354,medium,1,18.0,4.0,1.1,A,-100.0
17355,medium,1,5.0,16.0,8.4,A,-12.3
17356,high,1,5.0,9.0,1.3,A,-18.5
17357,low,2,13.0,10.0,2.7,A,-100.0
17358,none,1,12.0,5.0,7.8,A,-100.0
17359,high,2,1.0,6.0,9.9,A,-9.8
17360,low,2,10.0,2.0,7.3,A,-100.0
17361,low,2,5.0,1.0,3.8,C,-16.9
17362,medium,0,10.0,14.0,2.1,A,-100.0
17363,low,1,7.0,14.0,1.1,C,-19.1
17364,low,0,3.0,7.0,9.8,A,-5.3
17365,low,2,14.0,11.0,2.6,A,-100.0
17366,medium,1,20.0,2.0,7.3,B,-100.0
17367,high,2,24.0,2.0,4.8,A,-100.0
17368,medium,0,23.0,50.0,9.2,A,-100.0
17369,high,1,10.0,2.0,8.5,A,-100.0
17370,low,1,4.0,3.0,3.7,A,-12.6
17371,medium,2,12.0,12.0,2.5,B,-100.0
17372,medium,2,16.0,44.0,5.6,C,-100.0
17373,none,1,4.0,6.0,1.2,C,-14.5
17374,medium,1,9.0,1.0,1.8,A,-100.0
17375,high,2,6.0,3.0,9.9,A,-18.6
17376,low,2,3.0,18.0,7.5,C,-11.4
17377,low,0,3.0,5.0,7.1,B,-6.7
17378,low,1,8.0,0.0,9.4,A,-16.8
17379,low,3,2.0,7.0,9.4,A,-11.3
17380,medium,3,6.0,10.0,2.0,A,-100.0
17381,medium,0,8.0,4.0,6.8,B,-16.0
17382,medium,6,26.0,6.0,6.0,A,-100.0
17383,low,3,14.0,13.0,8.2,A,-100.0
17384,low,1,5.0,16.0,3.5,A,-14.4
17385,low,2,9.0,14.0,7.6,A,-100.0
17386,low,0,6.0,45.0,1.2,A,-14.5
17387,high,0,6.0,2.0,3.1,C,-17.0
17388,low,3,19.0,8.0,1.2,A,-100.0
17389,low,2,10.0,5.0,1.2,C,-100.0
17390,medium,2,6.0,1.0,5.1,A,-18.3
17391,none,2,11.0,1.0,9.8,A,-100.0
17392,medium,0,9.0,8.0,9.9,B,-16.1
17393,high,0,18.0,5.0,1.7,D,-100.0
17394,low,1,18.0,1.0,4.5,B,-100.0
17395,low,2,16.0,18.0,9.6,A,-100.0
17396,high,3,8.0,43.0,1.7,A,-100.0
17397,low,1,6.0,15.0,9.6,A,-13.1
17398,none,3,2.0,15.0,8.1,B,-12.4
17399,low,2,11.0,5.0,8.9,A,-100.0
17400,high,2,1.0,17.0,3.9,C,-12.7
17401,high,0,9.0,16.0,8.5,C,-19.4
17402,medium,1,11.0,5.0,7.3,A,-100.0
17403,none,0,8.0,11.0,6.7,B,-16.2
17404,low,1,6.0,0.0,2.8,A,-16.6
17405,medium,3,6.0,3.0,2.4,A,-100.0
17406,high,2,7.0,1.0,7.1,A,-100.0
17407,high,2,4.0,7.0,8.7,A,-15.6
17408,low,0,14.0,24.0,9.6,A,-100.0
17409,medium,0,4.0,7.0,9.1,A,-7.8
17410,low,1,5.0,4.0,8.6,B,-11.9
17411,high,1,1.0,22.0,8.8,B,-7.7
17412,high,0,3.0,2.0,9.9,A,-8.3
17413,high,1,15.0,7.0,3.3,A,-100.0
17414,medium,0,14.0,33.0,4.9,A,-100.0
17415,high,0,13.0,8.0,8.5,A,-100.0
17416,high,0,3.0,18.0,3.2,A,-11.5
17417,low,1,5.0,15.0,9.1,C,-11.6
17418,medium,6,7.0,1.0,2.7,A,-100.0
17419,medium,1,6.0,6.0,8.1,C,-14.3
17420,low,2,8.0,11.0,3.3,A,-100.0
17421,low,1,34.0,1.0,7.0,A,-100.0
17422,none,2,6.0,5.0,1.4,A,-100.0
17423,low,3,24.0,5.0,8.2,B,-100.0
17424,none,0,5.0,1.0,9.0,A,-9.9
17425,high,1,19.0,2.0,7.0,C,-100.0
17426,low,2,9.0,19.0,1.6,A,-100.0
17427,high,1,16.0,6.0,9.4,A,-100.0
17428,low,1,14.0,17.0,3.9,A,-100.0
17429,medium,2,5.0,22.0,8.4,C,-14.7
17430,none,1,8.0,1.0,9.8,C,-17.2
17431,high,3,8.0,2.0,3.0,A,-100.0
17432,low,0,14.0,50.0,4.5,A,-100.0
17433,high,1,17.0,12.0,9.8,A,-100.0
17434,medium,0,20.0,1.0,10.0,A,-100.0
17435,high,0,5.0,25.0,8.3,C,-12.4
17436,high,4,5.0,36.0,8.8,A,-100.0
17437,high,2,5.0,14.0,2.2,A,-100.0
17438,high,0,1.0,10.0,9.8,A,-4.8
17439,low,1,4.0,8.0,10.0,A,-9.4
17440,medium,2,9.0,27.0,5.9,C,-100.0
17441,,0,5.0,5.0,1.9,C,-13.4
17442,low,1,4.0,7.0,7.2,A,-10.9
17443,medium,1,6.0,1.0,3.9,A,-16.5
17444,medium,2,16.0,12.0,1.1,A,-100.0
17445,low,0,6.0,11.0,7.2,A,-11.8
17446,medium,1,4.0,4.0,9.8,B,-10.0
17447,high,2,9.0,1.0,9.9,A,-100.0
17448,medium,2,2.0,12.0,2.0,D,-12.8
17449,high,0,5.0,13.0,9.3,A,-12.0
17450,none,1,7.0,19.0,9.7,A,-15.3
17451,,3,2.0,2.0,9.5,B,-11.9
17452,medium,1,1.0,5.0,8.3,A,-5.5
17453,low,0,2.0,26.0,1.2,A,-7.7
17454,none,1,4.0,6.0,4.5,A,-12.8
17455,none,1,21.0,4.0,9.4,A,-100.0
17456,low,0,8.0,8.0,8.6,C,-14.6
17457,high,3,5.0,12.0,1.5,C,-100.0
17458,medium,0,1.0,3.0,2.5,A,-5.9
17459,medium,2,3.0,15.0,10.0,A,-10.5
17460,medium,2,29.0,0.0,5.0,C,-100.0
17461,high,1,10.0,4.0,7.0,A,-100.0
17462,none,1,1.0,5.0,9.8,B,-4.9
17463,none,3,2.0,5.0,6.1,C,-13.5
17464,medium,1,6.0,37.0,9.3,C,-13.4
17465,low,3,11.0,12.0,9.5,A,-100.0
17466,,1,19.0,16.0,2.9,A,-100.0
17467,low,0,21.0,0.0,9.0,C,-100.0
17468,,3,26.0,13.0,8.1,A,-100.0
17469,high,2,18.0,2.0,5.4,C,-100.0
17470,high,2,15.0,3.0,8.8,A,-100.0
17471,medium,3,7.0,1.0,9.1,B,-100.0
17472,low,3,18.0,19.0,9.0,A,-100.0
17473,low,0,10.0,1.0,8.3,A,-18.4
17474,high,2,5.0,2.0,5.6,C,-18.9
17475,low,2,,9.0,8.4,C,
17476,medium,3,4.0,3.0,9.7,A,-15.0
17477,high,3,8.0,1.0,7.7,A,-100.0
17478,high,1,9.0,3.0,8.7,A,-100.0
17479,low,1,5.0,3.0,8.3,C,-12.1
17480,medium,0,11.0,7.0,4.5,A,-100.0
17481,medium,0,9.0,3.0,8.8,A,-16.7
17482,low,1,17.0,19.0,8.5,A,-100.0
17483,medium,2,6.0,4.0,8.5,A,-16.6
17484,low,3,4.0,1.0,8.0,A,-15.5
17485,low,2,5.0,6.0,6.4,A,-15.5
17486,medium,4,8.0,4.0,6.2,D,-100.0
17487,high,2,20.0,18.0,9.5,A,-100.0
17488,none,2,1.0,17.0,2.1,A,-11.2
17489,low,1,23.0,2.0,9.7,A,-100.0
17490,medium,1,4.0,6.0,4.2,A,-12.7
17491,high,3,3.0,8.0,8.6,A,-16.4
17492,low,2,10.0,17.0,6.3,A,-100.0
17493,medium,2,6.0,20.0,1.7,D,-19.8
17494,high,1,14.0,4.0,4.0,C,-100.0
17495,medium,2,6.0,21.0,7.5,A,-16.9
17496,medium,1,9.0,18.0,5.2,A,-100.0
17497,medium,0,11.0,40.0,1.7,D,-100.0
17498,high,2,18.0,3.0,2.3,A,-100.0
17499,low,1,7.0,29.0,4.7,B,-17.1
17500,medium,2,5.0,4.0,5.1,B,-16.6
17501,medium,4,14.0,0.0,7.9,A,-100.0
17502,high,3,6.0,3.0,4.6,A,-100.0
17503,high,2,9.0,2.0,3.1,C,-100.0
17504,medium,0,14.0,7.0,4.9,A,-100.0
17505,medium,3,6.0,33.0,8.3,B,-18.9
17506,high,4,10.0,3.0,8.3,A,-100.0
17507,low,1,4.0,40.0,3.6,A,-12.3
17508,medium,2,7.0,8.0,7.6,A,-18.8
17509,high,2,6.0,12.0,7.0,C,-19.9
17510,medium,2,2.0,1.0,7.8,A,-10.0
17511,low,1,9.0,8.0,8.2,A,-19.1
17512,none,1,3.0,25.0,1.6,A,-12.3
17513,medium,4,1.0,16.0,,A,
17514,low,4,12.0,11.0,3.8,B,-100.0
17515,low,2,13.0,10.0,9.5,A,-100.0
17516,high,2,34.0,1.0,4.6,A,-100.0
17517,none,6,2.0,15.0,9.9,D,-19.0
17518,medium,2,17.0,6.0,2.8,A,-100.0
17519,low,1,2.0,11.0,9.0,A,-6.4
17520,low,0,10.0,12.0,8.2,A,-18.3
17521,low,1,3.0,13.0,2.8,A,-11.2
17522,low,0,11.0,19.0,9.6,A,-19.3
17523,high,1,4.0,28.0,1.4,A,-16.5
17524,medium,0,11.0,4.0,7.0,A,-100.0
17525,low,2,7.0,31.0,2.6,A,-100.0
17526,high,3,7.0,27.0,8.8,A,-100.0
17527,high,1,4.0,1.0,5.9,A,-14.6
17528,low,1,32.0,12.0,3.5,A,-100.0
17529,low,0,7.0,0.0,8.6,A,-13.0
17530,medium,4,27.0,13.0,6.7,A,-100.0
17531,high,1,4.0,5.0,2.2,A,-16.4
17532,none,2,1.0,11.0,3.1,B,-10.7
17533,low,1,20.0,4.0,9.9,A,-100.0
17534,low,1,19.0,1.0,7.9,D,-100.0
17535,none,2,14.0,5.0,7.5,D,-100.0
17536,high,3,40.0,19.0,9.5,B,-100.0
17537,low,3,20.0,16.0,9.5,A,-100.0
17538,low,3,10.0,9.0,9.3,A,-100.0
17539,high,1,11.0,1.0,2.6,C,-100.0
17540,none,2,,4.0,1.9,C,
17541,none,1,24.0,18.0,8.6,A,-100.0
17542,none,5,8.0,11.0,2.8,A,-100.0
17543,medium,2,5.0,5.0,6.9,C,-15.7
17544,low,0,10.0,13.0,2.5,A,-100.0
17545,low,2,8.0,16.0,9.8,A,-19.0
17546,medium,0,31.0,16.0,8.1,B,-100.0
17547,medium,0,6.0,4.0,8.8,D,-11.5
17548,medium,3,15.0,36.0,9.4,A,-100.0
17549,low,2,13.0,5.0,2.2,C,-100.0
17550,none,2,3.0,1.0,4.5,C,-13.6
17551,high,1,22.0,0.0,2.0,A,-100.0
17552,low,1,3.0,19.0,9.0,A,-8.1
17553,high,0,5.0,6.0,9.5,B,-12.0
17554,medium,1,24.0,4.0,2.5,A,-100.0
17555,high,1,6.0,4.0,9.0,B,-16.5
17556,high,1,3.0,12.0,2.8,A,-14.3
17557,none,2,10.0,3.0,9.7,A,-100.0
17558,low,1,6.0,0.0,7.3,A,-14.4
17559,low,0,13.0,3.0,2.3,C,-100.0
17560,medium,3,15.0,10.0,6.1,C,-100.0
17561,high,0,13.0,3.0,1.8,A,-100.0
17562,medium,1,9.0,22.0,9.6,C,-18.6
17563,medium,0,13.0,3.0,6.7,A,-100.0
17564,medium,1,21.0,7.0,9.4,C,-100.0
17565,medium,1,17.0,20.0,9.0,A,-100.0
17566,none,1,6.0,6.0,3.8,A,-16.7
17567,medium,1,12.0,8.0,3.0,A,-100.0
17568,high,2,3.0,22.0,2.8,A,-16.7
17569,low,1,14.0,18.0,1.4,C,-100.0
17570,medium,3,20.0,3.0,2.2,A,-100.0
17571,low,1,17.0,8.0,3.0,A,-100.0
17572,medium,1,9.0,36.0,2.4,A,-100.0
17573,,1,12.0,21.0,4.1,A,-100.0
17574,low,1,8.0,3.0,2.6,B,-100.0
17575,,4,5.0,7.0,3.2,B,-100.0
17576,low,1,4.0,24.0,7.3,C,-10.6
17577,high,1,13.0,10.0,3.4,A,-100.0
17578,low,3,14.0,9.0,3.3,A,-100.0
17579,medium,4,12.0,12.0,5.2,C,-100.0
17580,low,2,2.0,1.0,2.3,C,-12.4
17581,high,1,6.0,9.0,3.7,A,-19.1
17582,none,3,5.0,8.0,2.1,C,-100.0
17583,low,2,23.0,31.0,3.9,A,-100.0
17584,low,2,6.0,16.0,5.1,A,-17.8
17585,high,4,8.0,4.0,5.0,A,-100.0
17586,none,3,7.0,1.0,4.5,A,-100.0
17587,none,1,4.0,24.0,6.4,B,-11.7
17588,high,2,7.0,5.0,8.3,A,-100.0
17589,high,0,6.0,23.0,9.8,A,-13.4
17590,medium,2,12.0,7.0,7.3,A,-100.0
17591,none,1,7.0,0.0,4.3,A,-18.2
17592,none,1,6.0,8.0,8.6,A,-14.2
17593,low,1,5.0,7.0,1.1,A,-15.7
17594,medium,2,10.0,12.0,2.3,A,-100.0
17595,high,3,10.0,9.0,3.0,C,-100.0
17596,,2,10.0,2.0,8.2,A,-100.0
17597,low,0,2.0,11.0,7.5,C,-4.7
17598,low,3,9.0,15.0,8.3,A,-100.0
17599,low,0,19.0,40.0,7.4,A,-100.0
17600,high,0,23.0,7.0,6.2,A,-100.0
17601,low,2,7.0,18.0,8.9,A,-17.7
17602,none,0,8.0,3.0,4.6,B,-17.3
17603,low,2,20.0,15.0,8.4,A,-100.0
17604,medium,2,11.0,9.0,9.3,C,-100.0
17605,high,2,14.0,20.0,9.6,A,-100.0
17606,medium,2,6.0,4.0,3.4,D,-19.2
17607,medium,0,3.0,0.0,5.2,A,-8.1
17608,high,3,11.0,17.0,1.1,A,-100.0
17609,low,3,14.0,7.0,6.9,A,-100.0
17610,none,4,6.0,7.0,3.4,A,-100.0
17611,,1,33.0,15.0,5.6,A,-100.0
17612,low,4,7.0,1.0,4.3,A,-100.0
17613,high,2,3.0,9.0,2.4,A,-17.0
17614,none,0,4.0,50.0,4.7,A,-9.8
17615,high,1,1.0,3.0,2.1,A,-11.2
17616,high,1,4.0,43.0,6.0,A,-14.1
17617,medium,1,8.0,9.0,7.6,A,
17618,high,1,3.0,8.0,9.1,B,-11.1
17619,high,1,2.0,13.0,9.1,C,-9.3
17620,low,3,6.0,5.0,8.4,A,-18.8
17621,low,1,4.0,1.0,9.6,A,-9.7
17622,medium,5,11.0,12.0,4.9,C,-100.0
17623,medium,1,6.0,44.0,8.0,A,-14.0
17624,high,3,,4.0,1.4,C,
17625,medium,1,1.0,12.0,2.4,C,-8.3
17626,none,3,15.0,3.0,1.6,C,-100.0
17627,high,1,18.0,6.0,1.6,B,-100.0
17628,low,3,18.0,21.0,3.0,A,-100.0
17629,medium,0,14.0,28.0,5.6,A,-100.0
17630,low,2,2.0,39.0,8.5,A,-8.9
17631,high,1,10.0,8.0,2.7,C,-100.0
17632,low,0,19.0,1.0,1.4,D,-100.0
17633,medium,5,5.0,17.0,1.9,A,-100.0
17634,none,2,16.0,3.0,7.2,A,-100.0
17635,low,1,7.0,5.0,3.1,C,-18.2
17636,medium,0,3.0,30.0,2.1,A,-9.3
17637,medium,0,4.0,12.0,7.2,C,-8.7
17638,medium,3,20.0,11.0,9.5,B,-100.0
17639,low,0,12.0,9.0,1.1,C,-100.0
17640,low,3,3.0,3.0,1.1,A,-17.2
17641,,0,5.0,14.0,2.7,A,-12.9
17642,high,1,20.0,3.0,7.0,C,-100.0
17643,low,0,1.0,4.0,3.0,A,-5.2
17644,none,3,7.0,17.0,7.6,A,-100.0
17645,low,1,18.0,6.0,7.9,A,-100.0
17646,high,1,1.0,3.0,10.0,A,-7.2
17647,high,2,,14.0,9.2,C,
17648,medium,1,5.0,33.0,6.8,A,-12.9
17649,high,2,1.0,6.0,7.0,A,-11.2
17650,none,0,3.0,10.0,8.3,A,-6.6
17651,medium,1,,10.0,7.3,C,
17652,low,3,13.0,14.0,4.6,A,-100.0
17653,none,0,7.0,32.0,3.3,A,-15.9
17654,medium,3,19.0,34.0,9.6,A,-100.0
17655,low,1,6.0,0.0,7.1,A,-14.5
17656,medium,1,19.0,1.0,5.0,A,-100.0
17657,low,2,3.0,44.0,4.5,A,-12.6
17658,low,0,14.0,5.0,3.0,B,-100.0
17659,none,3,7.0,16.0,8.9,D,-100.0
17660,high,2,5.0,4.0,2.0,A,-100.0
17661,none,0,4.0,34.0,8.5,B,-8.0
17662,high,0,11.0,2.0,3.2,A,-100.0
17663,none,2,27.0,2.0,8.6,C,-100.0
17664,low,3,11.0,1.0,3.2,D,-100.0
17665,medium,1,17.0,26.0,6.3,A,-100.0
17666,low,3,6.0,9.0,9.5,A,-18.2
17667,none,3,24.0,6.0,8.7,A,-100.0
17668,high,3,20.0,17.0,4.2,A,-100.0
17669,high,0,20.0,5.0,4.0,A,-100.0
17670,low,1,2.0,4.0,4.3,A,-8.8
17671,low,0,7.0,1.0,6.2,A,-14.2
17672,high,1,4.0,13.0,2.7,A,-16.0
17673,none,1,25.0,4.0,8.0,A,-100.0
17674,none,1,10.0,12.0,1.7,C,-100.0
17675,low,1,7.0,3.0,4.5,A,-17.5
17676,high,3,6.0,0.0,4.0,A,-100.0
17677,medium,1,5.0,2.0,8.1,A,-12.6
17678,medium,1,17.0,3.0,6.9,A,-100.0
17679,low,2,16.0,22.0,9.7,A,-100.0
17680,none,5,17.0,5.0,8.9,A,-100.0
17681,none,2,22.0,4.0,4.1,D,-100.0
17682,medium,1,19.0,2.0,7.4,D,-100.0
17683,medium,0,9.0,7.0,3.7,D,-19.2
17684,medium,3,11.0,7.0,9.7,A,-100.0
17685,low,2,17.0,31.0,9.5,A,-100.0
17686,none,2,7.0,5.0,3.1,A,-100.0
17687,none,1,12.0,12.0,2.9,A,-100.0
17688,high,1,6.0,14.0,2.6,B,-19.6
17689,high,4,32.0,21.0,9.0,A,-100.0
17690,none,0,10.0,16.0,9.0,D,-18.5
17691,low,2,7.0,9.0,2.1,B,-100.0
17692,low,4,2.0,1.0,2.5,A,-17.3
17693,none,0,12.0,1.0,5.2,A,-100.0
17694,high,1,3.0,50.0,9.3,A,-10.6
17695,high,2,10.0,18.0,1.9,B,-100.0
17696,none,3,2.0,8.0,5.9,A,-13.6
17697,none,2,7.0,4.0,2.5,C,-100.0
17698,none,1,4.0,15.0,2.6,A,-13.7
17699,high,1,12.0,21.0,8.1,C,-100.0
17700,low,0,4.0,0.0,8.4,B,-7.8
17701,none,2,1.0,4.0,1.2,C,-11.7
17702,medium,1,8.0,9.0,8.1,C,-17.8
17703,low,0,5.0,10.0,8.7,A,-9.3
17704,none,2,5.0,2.0,9.4,A,-14.7
17705,high,3,3.0,17.0,1.3,C,-20.0
17706,low,2,15.0,19.0,3.0,A,-100.0
17707,medium,3,11.0,8.0,9.2,B,-100.0
17708,low,1,2.0,4.0,,A,
17709,medium,2,5.0,12.0,2.4,A,-17.8
17710,high,2,4.0,17.0,7.5,B,-16.1
17711,high,5,5.0,28.0,4.3,C,-100.0
17712,high,1,3.0,5.0,9.5,A,-11.0
17713,high,1,34.0,7.0,7.2,B,-100.0
17714,low,3,3.0,3.0,5.3,A,-15.1
17715,high,2,22.0,1.0,4.7,C,-100.0
17716,,2,7.0,13.0,1.5,A,-100.0
17717,low,3,16.0,5.0,8.5,A,-100.0
17718,high,0,6.0,5.0,6.7,A,-15.1
17719,none,2,2.0,27.0,8.8,B,-9.4
17720,low,1,5.0,18.0,5.0,A,-13.6
17721,low,3,8.0,0.0,8.7,A,-100.0
17722,low,2,6.0,6.0,9.0,A,-16.0
17723,high,3,17.0,3.0,9.5,A,-100.0
17724,low,0,9.0,18.0,5.9,A,-17.6
17725,medium,2,16.0,16.0,2.3,C,-100.0
17726,medium,0,3.0,21.0,8.1,A,-6.4
17727,low,0,8.0,3.0,5.3,B,-16.3
17728,high,1,8.0,42.0,2.4,C,-100.0
17729,high,0,8.0,26.0,8.6,A,-17.5
17730,medium,1,11.0,13.0,8.7,A,-100.0
17731,high,3,5.0,11.0,9.0,C,-19.7
17732,high,1,24.0,21.0,1.4,A,-100.0
17733,medium,1,21.0,9.0,5.3,A,-100.0
17734,low,0,7.0,3.0,9.4,A,-12.5
17735,medium,0,4.0,9.0,1.3,A,-11.7
17736,low,2,1.0,2.0,7.3,A,-8.1
17737,low,1,8.0,5.0,5.2,A,-18.9
17738,low,5,26.0,0.0,9.4,A,-100.0
17739,high,0,11.0,5.0,9.3,A,-100.0
17740,high,2,15.0,5.0,9.5,A,-100.0
17741,low,2,23.0,10.0,5.1,A,-100.0
17742,low,3,8.0,5.0,3.9,A,-100.0
17743,none,0,2.0,5.0,8.7,A,-4.7
17744,low,1,0.0,8.0,1.7,C,-6.6
17745,high,2,18.0,5.0,1.2,A,-100.0
17746,medium,1,11.0,44.0,2.1,A,-100.0
17747,medium,1,2.0,0.0,7.4,A,-7.7
17748,none,2,22.0,20.0,6.2,C,-100.0
17749,high,1,3.0,0.0,2.7,A,-14.4
17750,medium,0,7.0,13.0,7.5,C,-13.8
17751,high,1,6.0,17.0,8.3,A,-16.7
17752,high,1,1.0,8.0,,A,
17753,medium,0,3.0,3.0,1.1,A,-10.1
17754,low,1,16.0,6.0,9.1,B,-100.0
17755,none,4,,8.0,8.0,C,
17756,low,3,4.0,12.0,9.4,A,-14.7
17757,medium,1,10.0,14.0,1.9,A,-100.0
17758,medium,4,22.0,0.0,8.4,A,-100.0
17759,low,5,12.0,50.0,6.8,C,-100.0
17760,medium,1,4.0,1.0,9.3,A,-10.2
17761,medium,0,5.0,23.0,9.8,C,-9.0
17762,high,1,1.0,9.0,2.0,C,-11.2
17763,low,1,11.0,7.0,5.9,D,-100.0
17764,low,2,14.0,15.0,4.9,A,-100.0
17765,low,2,9.0,6.0,9.6,A,-100.0
17766,medium,1,8.0,2.0,2.4,D,-100.0
17767,low,1,6.0,28.0,5.2,A,-15.1
17768,,4,2.0,20.0,8.0,A,-14.9
17769,low,0,3.0,3.0,1.8,A,-9.3
17770,none,1,15.0,4.0,9.5,A,-100.0
17771,none,2,17.0,11.0,5.8,A,-100.0
17772,high,3,5.0,4.0,4.2,B,-100.0
17773,low,0,1.0,24.0,1.8,B,-5.6
17774,medium,0,14.0,34.0,2.6,C,-100.0
17775,high,1,6.0,2.0,9.6,A,-16.2
17776,high,1,8.0,3.0,9.7,A,-19.6
17777,high,2,2.0,11.0,5.6,B,-13.6
17778,none,1,9.0,29.0,6.7,B,-100.0
17779,none,0,,4.0,9.3,C,
17780,low,0,8.0,22.0,8.1,A,-14.8
17781,medium,0,2.0,28.0,4.4,D,-6.4
17782,medium,3,27.0,0.0,9.4,A,-100.0
17783,medium,1,7.0,12.0,8.3,A,-15.9
17784,medium,0,12.0,17.0,9.7,B,-100.0
17785,,0,6.0,15.0,3.9,A,-14.0
17786,medium,2,5.0,3.0,3.6,C,-17.3
17787,high,0,8.0,18.0,5.9,A,-18.9
17788,high,1,6.0,30.0,3.3,A,-19.1
17789,none,0,16.0,15.0,2.3,A,-100.0
17790,high,2,2.0,3.0,8.3,A,-12.3
17791,low,1,10.0,6.0,5.8,C,-100.0
17792,high,0,19.0,10.0,7.9,D,-100.0
17793,high,0,17.0,6.0,8.6,A,-100.0
17794,none,1,12.0,9.0,3.6,A,-100.0
17795,high,1,15.0,14.0,7.1,A,-100.0
17796,low,1,21.0,5.0,2.7,A,-100.0
17797,none,2,,2.0,1.2,C,
17798,medium,1,12.0,15.0,9.8,B,-100.0
17799,medium,0,3.0,37.0,1.4,A,-9.6
17800,low,0,8.0,36.0,9.9,C,-13.7
17801,high,0,7.0,2.0,5.8,B,-17.4
17802,high,5,7.0,8.0,7.4,D,-100.0
17803,medium,0,12.0,29.0,3.1,A,-100.0
17804,low,2,9.0,3.0,6.0,A,-100.0
17805,,2,9.0,9.0,9.3,A,-100.0
17806,none,3,15.0,12.0,9.0,A,-100.0
17807,high,3,21.0,13.0,9.6,A,-100.0
17808,high,1,21.0,7.0,8.5,C,-100.0
17809,medium,0,1.0,4.0,4.1,C,-5.1
17810,low,1,8.0,0.0,3.3,A,-19.9
17811,low,2,7.0,4.0,8.2,A,-18.1
17812,low,1,8.0,2.0,9.9,D,-16.6
17813,medium,6,4.0,8.0,6.5,A,-100.0
17814,high,3,24.0,32.0,3.2,A,-100.0
17815,low,1,8.0,10.0,9.5,D,-16.7
17816,high,1,4.0,0.0,9.6,A,-12.7
17817,none,1,21.0,3.0,2.5,A,-100.0
17818,high,2,8.0,10.0,7.2,A,-100.0
17819,medium,0,,3.0,3.2,C,
17820,none,1,9.0,12.0,4.5,A,-100.0
17821,high,0,4.0,19.0,6.9,A,-11.4
17822,high,0,11.0,5.0,8.5,A,-100.0
17823,medium,0,2.0,0.0,9.0,A,-4.4
17824,medium,3,1.0,0.0,,A,
17825,none,5,14.0,19.0,3.7,D,-100.0
17826,high,2,24.0,5.0,1.5,A,-100.0
17827,none,4,13.0,8.0,3.0,A,-100.0
17828,high,1,11.0,4.0,1.5,A,-100.0
17829,medium,1,5.0,12.0,3.6,A,-14.7
17830,medium,0,7.0,4.0,2.5,B,-16.4
17831,high,1,2.0,6.0,8.5,A,-9.7
17832,high,1,5.0,8.0,5.1,C,-16.6
17833,none,1,9.0,4.0,6.6,C,-100.0
17834,high,0,8.0,15.0,8.8,C,-17.5
17835,low,0,12.0,12.0,9.2,A,-100.0
17836,medium,2,16.0,19.0,6.5,A,-100.0
17837,low,0,3.0,12.0,9.8,D,-5.2
17838,low,2,3.0,1.0,7.8,A,-11.4
17839,high,1,4.0,1.0,8.5,B,-13.3
17840,medium,0,8.0,12.0,6.3,D,-16.1
17841,high,1,36.0,1.0,8.8,C,-100.0
17842,low,2,11.0,24.0,8.7,A,-100.0
17843,high,1,10.0,7.0,8.7,A,-100.0
17844,low,3,17.0,3.0,1.0,A,-100.0
17845,low,1,2.0,4.0,1.7,C,-10.1
17846,medium,2,,20.0,8.5,C,
17847,low,0,18.0,3.0,6.5,C,-100.0
17848,medium,1,20.0,1.0,6.7,A,-100.0
17849,none,2,4.0,50.0,1.6,C,-16.3
17850,low,0,4.0,0.0,5.0,A,-9.5
17851,medium,0,13.0,21.0,2.2,C,-100.0
17852,high,1,6.0,13.0,7.5,A,-17.1
17853,medium,0,1.0,13.0,7.6,A,-3.2
17854,low,2,18.0,3.0,9.1,A,-100.0
17855,high,1,22.0,14.0,2.2,A,-100.0
17856,low,2,2.0,10.0,9.8,C,-8.5
17857,low,1,33.0,4.0,4.5,A,-100.0
17858,low,0,2.0,14.0,2.3,A,-7.2
17859,low,3,3.0,1.0,5.7,A,-14.9
17860,high,3,12.0,14.0,1.8,C,-100.0
17861,medium,2,9.0,3.0,4.9,A,-100.0
17862,high,0,10.0,6.0,5.7,A,-100.0
17863,low,1,14.0,11.0,3.7,A,-100.0
17864,low,1,9.0,8.0,5.4,A,-100.0
17865,medium,3,8.0,3.0,6.7,A,-100.0
17866,high,2,9.0,9.0,6.6,A,-100.0
17867,none,2,11.0,4.0,8.9,A,-100.0
17868,low,1,26.0,0.0,5.4,A,-100.0
17869,low,0,3.0,1.0,9.8,A,-5.4
17870,high,0,23.0,2.0,9.2,A,-100.0
17871,,1,3.0,2.0,2.4,A,-12.2
17872,,3,9.0,34.0,9.5,A,
17873,low,2,16.0,31.0,3.4,A,-100.0
17874,medium,0,5.0,43.0,2.9,A,-12.3
17875,low,0,10.0,21.0,4.7,A,-20.0
17876,medium,1,28.0,44.0,2.7,A,-100.0
17877,high,3,4.0,7.0,3.8,A,-100.0
17878,high,2,3.0,26.0,4.3,A,-15.9
17879,medium,4,12.0,2.0,7.0,A,-100.0
17880,medium,2,8.0,10.0,3.4,A,-100.0
17881,low,1,8.0,6.0,1.4,A,-100.0
17882,high,2,11.0,34.0,9.8,A,-100.0
17883,low,2,6.0,3.0,6.5,A,-17.3
17884,high,2,10.0,20.0,7.5,B,-100.0
17885,medium,0,,24.0,5.0,C,
17886,medium,3,10.0,26.0,8.3,A,-100.0
17887,low,1,10.0,3.0,8.8,A,-100.0
17888,low,1,4.0,2.0,9.3,B,-9.8
17889,low,0,3.0,14.0,2.9,A,-8.7
17890,high,2,4.0,44.0,8.5,C,-15.3
17891,none,1,2.0,36.0,2.9,C,-9.8
17892,low,1,3.0,15.0,4.2,A,-10.5
17893,low,2,16.0,10.0,8.6,A,-100.0
17894,none,2,3.0,5.0,7.5,C,-12.1
17895,none,1,17.0,2.0,3.0,C,-100.0
17896,high,0,23.0,22.0,4.9,A,-100.0
17897,medium,3,6.0,21.0,7.8,A,-19.3
17898,low,0,22.0,20.0,1.9,A,-100.0
17899,high,4,1.0,2.0,8.5,A,-15.5
17900,medium,0,7.0,27.0,8.2,A,-13.3
17901,medium,2,9.0,8.0,9.5,A,-100.0
17902,low,1,7.0,14.0,8.5,A,-15.4
17903,medium,0,5.0,12.0,8.3,B,-9.9
17904,high,0,5.0,2.0,3.5,A,-15.0
17905,medium,1,3.0,9.0,6.2,D,-10.0
17906,high,1,14.0,5.0,8.9,B,-100.0
17907,medium,0,11.0,9.0,9.7,A,-19.7
17908,none,2,5.0,15.0,1.2,C,-18.6
17909,low,2,25.0,2.0,4.2,A,-100.0
17910,low,4,10.0,28.0,9.2,A,-100.0
17911,high,1,14.0,9.0,3.3,A,-100.0
17912,medium,0,4.0,10.0,6.0,A,-9.3
17913,low,1,5.0,21.0,1.7,C,-15.2
17914,medium,6,4.0,5.0,2.2,A,-100.0
17915,medium,0,4.0,4.0,2.0,D,-11.4
17916,low,1,7.0,15.0,9.6,A,-14.8
17917,low,2,5.0,10.0,5.5,A,-15.9
17918,low,1,1.0,0.0,8.9,C,-4.8
17919,high,2,17.0,3.0,2.8,A,-100.0
17920,low,3,11.0,10.0,5.1,A,-100.0
17921,medium,2,2.0,2.0,5.5,A,-11.1
17922,low,2,,6.0,8.2,C,
17923,none,3,4.0,12.0,3.0,C,-18.5
17924,medium,2,18.0,12.0,9.1,A,-100.0
17925,low,0,11.0,1.0,8.6,A,-20.0
17926,high,1,1.0,7.0,1.5,A,-11.5
17927,none,0,12.0,16.0,5.3,A,-100.0
17928,low,2,4.0,17.0,1.7,B,-16.0
17929,low,2,9.0,13.0,3.0,D,-100.0
17930,low,6,6.0,13.0,1.2,A,-100.0
17931,none,4,3.0,4.0,1.5,A,-100.0
17932,high,1,10.0,7.0,3.8,B,-100.0
17933,medium,1,10.0,11.0,1.5,A,-100.0
17934,none,5,7.0,43.0,6.3,A,-100.0
17935,low,0,6.0,2.0,1.6,B,-14.7
17936,high,1,11.0,50.0,6.3,A,-100.0
17937,high,2,16.0,4.0,4.2,B,-100.0
17938,low,0,9.0,2.0,8.8,A,-16.4
17939,high,0,9.0,9.0,5.3,B,-100.0
17940,high,0,5.0,13.0,8.4,A,-12.4
17941,low,3,2.0,5.0,8.2,A,-11.9
17942,none,3,11.0,7.0,9.5,A,-100.0
17943,high,1,8.0,11.0,1.4,C,-100.0
17944,medium,0,3.0,50.0,1.9,A,-9.2
17945,high,0,4.0,6.0,6.2,A,-11.9
17946,medium,1,12.0,19.0,8.2,C,-100.0
17947,,1,19.0,20.0,2.3,A,-100.0
17948,low,0,11.0,38.0,1.4,A,-100.0
17949,none,2,7.0,8.0,7.8,A,-18.9
17950,low,2,24.0,15.0,8.3,B,-100.0
17951,none,3,5.0,17.0,8.7,A,-17.4
17952,low,0,7.0,3.0,8.5,C,-13.0
17953,high,2,10.0,1.0,1.8,A,-100.0
17954,medium,0,11.0,2.0,8.1,A,-100.0
17955,low,3,14.0,20.0,9.6,C,-100.0
17956,high,3,32.0,11.0,2.2,A,-100.0
17957,medium,0,5.0,9.0,6.2,C,-11.0
17958,medium,1,2.0,5.0,3.0,A,-9.9
17959,high,0,9.0,12.0,10.0,A,-18.7
17960,high,2,15.0,36.0,9.2,A,-100.0
17961,none,1,14.0,46.0,8.5,A,-100.0
17962,medium,4,10.0,12.0,5.0,A,-100.0
17963,low,1,13.0,1.0,1.7,A,-100.0
17964,low,1,20.0,26.0,3.2,C,-100.0
17965,low,1,18.0,1.0,1.1,A,-100.0
17966,none,1,10.0,1.0,5.9,A,-100.0
17967,high,0,11.0,22.0,3.8,A,-100.0
17968,high,1,7.0,50.0,4.2,A,-100.0
17969,medium,0,5.0,16.0,3.9,A,-12.0
17970,medium,3,8.0,9.0,5.9,A,-100.0
17971,none,2,5.0,4.0,4.6,C,-17.0
17972,high,1,6.0,0.0,5.3,A,-18.4
17973,high,2,8.0,1.0,9.9,A,-100.0
17974,low,1,7.0,14.0,4.4,A,-17.4
17975,low,1,9.0,6.0,9.2,A,-18.6
17976,high,1,17.0,16.0,8.6,A,-100.0
17977,high,1,23.0,8.0,9.5,A,-100.0
17978,medium,0,11.0,1.0,8.2,A,-100.0
17979,medium,1,2.0,31.0,5.8,A,-8.2
17980,low,2,14.0,12.0,9.9,A,-100.0
17981,low,2,6.0,7.0,9.1,A,-15.9
17982,low,0,5.0,18.0,7.3,C,-9.9
17983,low,3,3.0,36.0,3.5,C,-15.7
17984,high,0,8.0,21.0,9.9,A,-16.9
17985,medium,2,2.0,14.0,9.7,A,-8.9
17986,low,2,11.0,3.0,3.7,B,-100.0
17987,none,1,13.0,6.0,8.1,C,-100.0
17988,medium,2,15.0,18.0,8.9,C,-100.0
17989,high,2,4.0,10.0,2.4,C,-18.7
17990,none,1,10.0,8.0,5.4,A,-100.0
17991,medium,4,1.0,0.0,3.8,A,-15.2
17992,high,1,13.0,1.0,5.6,A,-100.0
17993,none,3,4.0,3.0,1.3,A,-19.4
17994,high,2,18.0,12.0,6.4,A,-100.0
17995,low,1,3.0,4.0,3.6,A,-10.9
17996,low,2,1.0,1.0,4.1,D,-9.7
17997,low,0,11.0,19.0,9.3,A,-19.4
17998,high,1,10.0,2.0,9.7,A,-100.0
17999,high,3,4.0,2.0,1.5,C,-100.0
18000,medium,0,11.0,3.0,9.4,A,-19.9
18001,none,6,6.0,12.0,3.8,D,-100.0
18002,high,4,13.0,50.0,9.8,B,-100.0
18003,medium,0,37.0,16.0,9.2,C,-100.0
18004,high,2,6.0,21.0,7.4,A,-19.6
18005,none,4,7.0,10.0,6.6,A,-100.0
18006,low,2,5.0,4.0,4.2,C,-16.6
18007,none,2,12.0,16.0,6.6,A,-100.0
18008,high,0,7.0,1.0,2.1,A,-19.2
18009,low,3,2.0,16.0,9.4,B,-11.2
18010,high,2,14.0,5.0,4.1,B,-100.0
18011,low,0,13.0,17.0,8.5,A,-100.0
18012,low,0,7.0,1.0,8.6,C,-13.0
18013,none,2,11.0,9.0,9.7,A,-100.0
18014,medium,0,11.0,3.0,8.3,A,-100.0
18015,low,1,6.0,1.0,9.6,A,-13.2
18016,medium,3,2.0,2.0,8.7,A,-12.0
18017,low,0,3.0,19.0,8.1,D,-6.0
18018,none,2,4.0,28.0,2.9,C,-15.9
18019,high,0,8.0,24.0,5.8,A,-18.9
18020,high,3,5.0,20.0,9.2,A,-19.5
18021,medium,0,7.0,2.0,6.8,C,-14.2
18022,medium,3,9.0,2.0,8.6,A,-100.0
18023,none,2,7.0,10.0,8.4,A,-18.6
18024,none,2,3.0,24.0,4.5,C,-13.4
18025,high,2,11.0,17.0,8.0,A,-100.0
18026,none,2,38.0,13.0,8.9,A,-100.0
18027,medium,1,17.0,26.0,8.1,A,-100.0
18028,high,4,3.0,0.0,9.4,C,-18.6
18029,none,1,9.0,11.0,1.7,A,-100.0
18030,none,2,11.0,5.0,2.0,A,-100.0
18031,high,2,13.0,2.0,2.7,A,-100.0
18032,none,3,33.0,10.0,6.0,A,-100.0
18033,high,0,12.0,3.0,2.7,A,-100.0
18034,high,1,12.0,6.0,5.6,C,-100.0
18035,none,1,3.0,6.0,9.2,A,-8.7
18036,high,0,8.0,25.0,6.4,C,-18.6
18037,high,1,12.0,4.0,6.7,A,-100.0
18038,none,1,24.0,1.0,8.5,A,-100.0
18039,low,0,5.0,31.0,7.0,A,-10.0
18040,medium,3,4.0,10.0,6.9,A,-16.3
18041,high,0,9.0,47.0,9.7,A,-18.4
18042,high,2,5.0,8.0,4.1,A,-19.7
18043,low,1,8.0,42.0,8.5,A,-16.9
18044,medium,0,26.0,1.0,8.9,C,-100.0
18045,none,1,11.0,11.0,9.6,B,-100.0
18046,low,0,11.0,9.0,8.6,C,-19.9
18047,none,3,12.0,31.0,9.9,D,-100.0
18048,medium,1,19.0,2.0,8.5,A,-100.0
18049,low,1,8.0,20.0,2.6,A,-100.0
18050,high,0,10.0,2.0,3.4,A,-100.0
18051,high,0,0.0,4.0,6.2,A,-4.9
18052,high,1,1.0,22.0,9.7,B,-7.2
18053,none,2,8.0,0.0,9.0,A,-100.0
18054,low,1,3.0,7.0,3.9,B,-10.8
18055,low,2,1.0,1.0,3.2,A,-10.2
18056,medium,3,3.0,12.0,7.6,A,-14.2
18057,medium,2,6.0,8.0,9.6,C,-16.0
18058,high,0,6.0,3.0,3.9,A,-16.5
18059,high,2,3.0,9.0,2.2,A,-17.1
18060,none,1,2.0,17.0,2.5,A,-10.2
18061,none,2,11.0,1.0,3.9,A,-100.0
18062,none,1,13.0,0.0,3.6,A,-100.0
18063,high,2,6.0,1.0,8.1,C,-19.5
18064,high,4,9.0,2.0,4.7,B,-100.0
18065,medium,1,1.0,2.0,,B,
18066,medium,3,7.0,21.0,3.5,C,-100.0
18067,medium,1,9.0,5.0,3.8,A,-100.0
18068,high,0,13.0,8.0,3.7,A,-100.0
18069,medium,2,10.0,23.0,8.2,A,-100.0
18070,high,1,10.0,12.0,9.3,C,-100.0
18071,low,2,14.0,44.0,7.1,C,-100.0
18072,medium,1,,4.0,1.1,C,
18073,medium,2,5.0,21.0,3.7,A,-17.1
18074,medium,1,2.0,30.0,6.3,A,-7.9
18075,low,0,8.0,6.0,4.4,A,-16.8
18076,low,1,21.0,12.0,9.2,A,-100.0
18077,medium,1,2.0,50.0,4.9,A,-8.5
18078,high,2,21.0,17.0,1.3,A,-100.0
18079,low,2,3.0,19.0,4.9,A,-12.6
18080,high,2,18.0,2.0,9.8,B,-100.0
18081,low,1,16.0,12.0,1.1,A,-100.0
18082,medium,0,6.0,3.0,8.8,A,-11.5
18083,medium,0,9.0,16.0,8.0,C,-17.0
18084,low,2,14.0,45.0,7.3,A,-100.0
18085,low,2,2.0,6.0,4.1,C,-11.4
18086,low,3,27.0,19.0,10.0,A,-100.0
18087,medium,0,23.0,7.0,1.7,C,-100.0
18088,high,1,5.0,7.0,8.6,A,-14.9
18089,none,0,6.0,15.0,7.6,A,-12.2
18090,medium,1,4.0,14.0,9.7,B,-9.9
18091,high,1,7.0,8.0,1.6,A,-100.0
18092,low,1,2.0,10.0,7.5,A,-7.2
18093,medium,0,9.0,21.0,2.8,A,-19.5
18094,low,4,11.0,28.0,8.6,A,-100.0
18095,high,3,3.0,7.0,2.9,A,-19.3
18096,none,2,6.0,19.0,6.7,A,-17.6
18097,low,0,2.0,1.0,8.9,A,-4.1
18098,low,1,9.0,1.0,2.5,A,-100.0
18099,high,3,9.0,2.0,2.8,B,-100.0
18100,medium,1,17.0,12.0,8.6,A,-100.0
18101,high,0,16.0,2.0,8.1,B,-100.0
18102,low,0,5.0,6.0,8.7,A,-9.4
18103,high,2,14.0,4.0,1.5,C,-100.0
18104,high,4,4.0,2.0,7.8,A,-100.0
18105,none,4,9.0,4.0,2.3,A,-100.0
18106,none,0,10.0,6.0,3.3,C,-100.0
18107,high,2,12.0,6.0,5.9,A,-100.0
18108,medium,3,12.0,4.0,9.4,D,-100.0
18109,none,1,17.0,10.0,9.3,A,-100.0
18110,high,0,18.0,6.0,7.9,A,-100.0
18111,low,3,11.0,8.0,7.2,A,-100.0
18112,,3,2.0,23.0,9.7,C,-11.5
18113,low,1,13.0,22.0,6.7,C,-100.0
18114,low,1,7.0,6.0,8.1,A,-15.7
18115,high,1,20.0,3.0,3.4,C,-100.0
18116,medium,5,6.0,31.0,8.6,A,-100.0
18117,medium,3,4.0,1.0,8.4,A,-15.7
18118,none,0,11.0,25.0,9.7,A,-19.8
18119,low,2,15.0,11.0,,D,
18120,medium,2,4.0,0.0,5.0,A,-14.9
18121,low,0,0.0,6.0,9.9,C,-0.0
18122,high,2,16.0,11.0,8.3,A,-100.0
18123,high,2,7.0,7.0,5.3,A,-100.0
18124,high,0,14.0,26.0,1.8,B,-100.0
18125,low,2,23.0,3.0,4.8,A,-100.0
18126,high,2,16.0,6.0,5.7,C,-100.0
18127,low,1,2.0,0.0,9.7,A,-6.2
18128,high,1,16.0,2.0,5.9,C,-100.0
18129,high,3,4.0,50.0,5.6,A,-19.2
18130,medium,2,6.0,5.0,8.8,A,-16.4
18131,low,1,12.0,8.0,9.6,A,-100.0
18132,medium,0,31.0,8.0,6.3,A,-100.0
18133,medium,1,7.0,10.0,3.5,A,-18.3
18134,low,3,8.0,10.0,9.5,B,-100.0
18135,low,1,6.0,7.0,1.3,A,-17.3
18136,low,4,13.0,2.0,1.2,A,-100.0
18137,high,1,15.0,12.0,4.1,B,-100.0
18138,high,2,9.0,6.0,7.6,B,-100.0
18139,high,0,13.0,7.0,8.1,A,-100.0
18140,low,2,6.0,3.0,3.6,C,-18.7
18141,none,2,12.0,3.0,9.8,C,-100.0
18142,none,0,8.0,4.0,3.5,A,-17.8
18143,medium,1,5.0,14.0,9.3,A,-11.9
18144,medium,0,4.0,5.0,1.7,A,-11.5
18145,low,2,20.0,24.0,9.8,A,-100.0
18146,high,0,12.0,2.0,3.3,A,-100.0
18147,high,0,24.0,20.0,5.1,A,-100.0
18148,low,0,15.0,29.0,8.7,A,-100.0
18149,medium,0,3.0,7.0,5.2,D,-8.0
18150,high,1,10.0,39.0,1.7,A,-100.0
18151,high,5,8.0,24.0,4.4,A,-100.0
18152,medium,1,4.0,7.0,8.0,C,-10.8
18153,high,5,12.0,1.0,5.2,A,-100.0
18154,high,0,20.0,34.0,7.8,A,-100.0
18155,high,1,5.0,30.0,9.6,B,-14.2
18156,low,1,8.0,41.0,8.9,A,-16.7
18157,medium,4,23.0,6.0,8.2,D,-100.0
18158,medium,0,11.0,10.0,2.7,D,-100.0
18159,high,2,23.0,32.0,4.1,B,-100.0
18160,high,1,,20.0,5.4,C,
18161,low,2,14.0,4.0,9.0,A,-100.0
18162,high,1,6.0,2.0,1.0,A,-100.0
18163,none,1,2.0,1.0,9.1,C,-7.1
18164,high,5,5.0,20.0,5.0,B,-100.0
18165,low,1,9.0,9.0,3.0,A,-100.0
18166,high,1,7.0,5.0,3.5,A,-100.0
18167,low,1,2.0,16.0,7.1,A,-7.3
18168,medium,0,12.0,7.0,8.5,A,-100.0
18169,high,0,14.0,14.0,4.4,A,-100.0
18170,high,3,14.0,22.0,10.0,C,-100.0
18171,low,3,9.0,7.0,2.0,A,-100.0
18172,high,2,7.0,16.0,8.1,A,-100.0
18173,none,1,11.0,1.0,7.7,A,-100.0
18174,low,0,16.0,14.0,8.7,C,-100.0
18175,medium,2,22.0,36.0,3.5,B,-100.0
18176,low,1,6.0,9.0,8.2,A,-13.8
18177,medium,1,7.0,2.0,9.7,A,-15.3
18178,low,3,9.0,1.0,7.3,A,-100.0
18179,low,2,1.0,11.0,9.5,A,-6.9
18180,none,1,32.0,4.0,1.0,A,-100.0
18181,high,4,3.0,21.0,7.2,A,-19.5
18182,medium,0,16.0,7.0,9.5,A,-100.0
18183,high,2,9.0,2.0,2.9,A,-100.0
18184,low,0,5.0,21.0,8.6,A,-9.3
18185,medium,4,13.0,0.0,2.0,A,-100.0
18186,medium,4,10.0,23.0,5.5,A,-100.0
18187,high,2,6.0,15.0,5.8,A,-100.0
18188,low,1,4.0,35.0,2.0,A,-13.2
18189,medium,4,2.0,3.0,2.9,A,-17.4
18190,medium,1,3.0,50.0,8.7,A,-8.3
18191,medium,0,2.0,7.0,4.8,A,-6.4
18192,,2,7.0,1.0,9.3,D,-18.2
18193,medium,3,13.0,3.0,5.0,A,-100.0
18194,high,2,2.0,12.0,7.5,A,-12.7
18195,high,2,5.0,2.0,2.0,A,-100.0
18196,medium,1,7.0,13.0,9.1,A,-15.5
18197,low,0,9.0,9.0,2.7,A,-19.3
18198,medium,2,13.0,26.0,2.3,C,-100.0
18199,low,2,10.0,3.0,8.5,C,-100.0
18200,low,3,13.0,13.0,8.6,A,-100.0
18201,medium,1,1.0,0.0,6.2,B,-6.6
18202,medium,4,13.0,10.0,8.7,D,-100.0
18203,high,5,6.0,7.0,5.4,A,-100.0
18204,medium,2,5.0,6.0,2.0,A,-18.1
18205,medium,3,7.0,0.0,3.1,A,-100.0
18206,high,1,22.0,7.0,8.1,A,-100.0
18207,high,0,2.0,1.0,3.5,C,-9.8
18208,high,2,5.0,12.0,8.1,A,-17.6
18209,low,1,1.0,2.0,1.4,A,-8.5
18210,medium,0,21.0,7.0,9.1,A,-100.0
18211,low,1,4.0,13.0,3.3,A,-12.7
18212,high,1,8.0,14.0,9.5,A,-19.6
18213,low,2,21.0,12.0,5.1,A,-100.0
18214,high,1,5.0,8.0,2.8,A,-17.8
18215,none,1,3.0,8.0,8.7,C,-9.0
18216,low,1,8.0,5.0,4.1,C,-19.4
18217,low,1,13.0,7.0,3.7,A,-100.0
18218,medium,3,2.0,8.0,8.6,D,-12.0
18219,none,2,2.0,4.0,9.8,A,-9.2
18220,high,2,5.0,15.0,3.3,A,-20.0
18221,low,2,2.0,1.0,8.9,A,-9.1
18222,medium,2,8.0,27.0,9.2,A,-19.5
18223,low,1,2.0,6.0,1.6,B,-10.2
18224,high,0,30.0,7.0,3.7,C,-100.0
18225,low,1,1.0,24.0,8.0,A,-5.0
18226,high,0,7.0,6.0,9.3,A,-15.6
18227,high,2,11.0,2.0,6.7,A,-100.0
18228,,0,2.0,18.0,2.0,A,-7.9
18229,none,1,17.0,13.0,3.6,A,-100.0
18230,none,1,11.0,2.0,3.3,A,-100.0
18231,medium,1,10.0,27.0,3.7,A,-100.0
18232,high,1,8.0,7.0,3.5,B,-100.0
18233,medium,0,26.0,11.0,5.6,A,-100.0
18234,low,2,6.0,1.0,8.2,B,-16.4
18235,,3,2.0,14.0,7.5,C,-12.7
18236,low,0,10.0,20.0,1.3,D,-100.0
18237,low,0,7.0,17.0,8.0,A,-13.1
18238,none,3,9.0,6.0,3.4,B,-100.0
18239,high,5,7.0,31.0,8.3,A,-100.0
18240,low,0,1.0,25.0,8.6,A,-2.2
18241,medium,2,5.0,2.0,2.5,A,-17.9
18242,,2,22.0,8.0,5.3,A,-100.0
18243,low,0,4.0,14.0,9.5,C,-7.1
18244,high,0,15.0,12.0,7.1,A,-100.0
18245,none,0,16.0,10.0,1.2,C,-100.0
18246,none,2,7.0,16.0,6.4,C,-19.5
18247,medium,0,11.0,6.0,8.0,C,-100.0
18248,high,1,2.0,15.0,8.9,A,-9.4
18249,none,2,10.0,6.0,8.1,A,-100.0
18250,medium,1,12.0,3.0,9.1,A,-100.0
18251,high,1,4.0,2.0,4.1,A,-15.5
18252,low,0,6.0,27.0,6.5,A,-12.0
18253,none,0,5.0,4.0,5.0,D,-11.8
18254,high,1,1.0,15.0,9.2,A,-7.5
18255,low,3,8.0,2.0,8.5,A,-100.0
18256,low,0,9.0,25.0,8.1,C,-16.5
18257,high,2,14.0,3.0,9.7,A,-100.0
18258,low,1,10.0,3.0,8.7,A,-100.0
18259,low,1,21.0,25.0,9.9,A,-100.0
18260,none,0,13.0,10.0,2.0,B,-100.0
18261,low,4,9.0,50.0,2.8,A,-100.0
18262,medium,0,8.0,27.0,5.8,B,-16.2
18263,medium,3,19.0,10.0,4.5,A,-100.0
18264,medium,0,27.0,9.0,8.7,A,-100.0
18265,low,3,10.0,7.0,9.7,C,-100.0
18266,medium,0,13.0,3.0,8.1,A,-100.0
18267,high,0,19.0,5.0,6.2,C,-100.0
18268,low,1,8.0,4.0,4.2,C,-19.4
18269,medium,2,11.0,10.0,2.5,A,-100.0
18270,medium,0,4.0,11.0,9.5,C,-7.5
18271,medium,1,6.0,18.0,9.2,A,-13.6
18272,medium,1,10.0,6.0,8.7,A,-100.0
18273,low,2,,4.0,8.5,C,
18274,low,2,5.0,15.0,3.7,A,-16.8
18275,high,0,7.0,2.0,3.9,A,-18.3
18276,medium,1,4.0,15.0,8.9,A,-10.3
18277,high,2,19.0,19.0,6.5,A,-100.0
18278,medium,1,2.0,13.0,3.7,A,-9.4
18279,low,1,26.0,4.0,6.6,A,-100.0
18280,low,1,7.0,3.0,8.0,A,-15.7
18281,medium,1,15.0,20.0,3.7,C,-100.0
18282,medium,0,19.0,7.0,5.9,A,-100.0
18283,none,2,16.0,0.0,4.5,C,-100.0
18284,medium,3,11.0,7.0,4.4,B,-100.0
18285,medium,2,3.0,1.0,9.7,B,-10.8
18286,high,3,8.0,14.0,9.9,A,-100.0
18287,high,1,6.0,20.0,6.0,C,-17.8
18288,medium,1,1.0,2.0,8.6,A,-5.3
18289,low,1,8.0,3.0,7.6,A,-17.7
18290,low,0,5.0,27.0,3.5,A,-11.8
18291,low,1,4.0,4.0,1.0,A,-14.0
18292,medium,1,7.0,20.0,9.4,A,-15.2
18293,low,3,23.0,1.0,3.9,B,-100.0
18294,high,4,10.0,3.0,9.9,D,-100.0
18295,high,3,8.0,9.0,7.2,A,-100.0
18296,none,1,8.0,2.0,9.1,A,-17.6
18297,high,1,4.0,8.0,3.5,A,-15.7
18298,low,1,2.0,2.0,9.5,A,-6.3
18299,high,2,1.0,8.0,9.2,C,-10.1
18300,high,2,1.0,10.0,7.8,B,-10.8
18301,low,1,7.0,1.0,8.7,A,-15.4
18302,high,0,1.0,26.0,9.2,A,-4.9
18303,high,1,8.0,8.0,8.8,C,-100.0
18304,low,1,4.0,50.0,1.1,B,-13.5
18305,medium,0,6.0,24.0,8.3,A,-11.5
18306,high,0,6.0,0.0,4.7,A,-16.2
18307,none,0,17.0,12.0,8.0,A,-100.0
18308,medium,0,3.0,16.0,3.9,B,-8.5
18309,high,1,10.0,8.0,8.2,A,-100.0
18310,none,1,3.0,1.0,9.9,D,-8.4
18311,low,1,11.0,10.0,1.2,B,-100.0
18312,low,1,12.0,10.0,9.0,D,-100.0
18313,high,1,14.0,12.0,9.3,C,-100.0
18314,low,2,9.0,14.0,8.4,A,-100.0
18315,medium,4,9.0,5.0,1.1,A,-100.0
18316,high,0,16.0,16.0,8.8,C,-100.0
18317,high,1,7.0,4.0,10.0,A,-17.7
18318,none,0,9.0,26.0,1.7,A,-100.0
18319,high,2,5.0,18.0,8.0,C,-17.6
18320,high,1,4.0,13.0,3.1,B,-15.8
18321,low,3,7.0,14.0,3.3,A,-100.0
18322,medium,4,15.0,1.0,9.8,C,-100.0
18323,high,1,2.0,41.0,1.2,A,-13.0
18324,low,1,33.0,13.0,9.6,C,-100.0
18325,high,1,7.0,27.0,9.6,A,-17.7
18326,low,1,14.0,3.0,9.4,D,-100.0
18327,high,1,5.0,0.0,2.4,C,-18.1
18328,medium,3,7.0,4.0,4.7,A,-100.0
18329,medium,0,11.0,8.0,6.1,A,-100.0
18330,medium,1,5.0,0.0,7.6,A,-12.8
18331,high,2,5.0,2.0,9.4,C,-17.0
18332,medium,1,24.0,4.0,9.5,A,-100.0
18333,low,3,8.0,13.0,8.0,C,-100.0
18334,low,1,,16.0,9.1,C,
18335,high,5,23.0,2.0,6.9,A,-100.0
18336,medium,1,,26.0,5.0,C,
18337,medium,2,23.0,16.0,7.9,A,-100.0
18338,none,0,2.0,20.0,9.7,A,-4.1
18339,low,3,7.0,9.0,4.9,A,-100.0
18340,low,1,11.0,8.0,2.8,C,-100.0
18341,high,0,,10.0,7.8,C,
18342,medium,1,7.0,8.0,6.6,C,-16.8
18343,high,0,16.0,4.0,9.5,B,-100.0
18344,low,1,15.0,4.0,9.9,A,-100.0
18345,low,3,18.0,39.0,8.2,C,-100.0
18346,high,2,22.0,1.0,3.7,A,-100.0
18347,medium,0,10.0,3.0,8.7,A,-18.5
18348,low,0,10.0,6.0,9.6,D,-17.7
18349,low,1,3.0,20.0,9.2,A,-8.0
18350,high,0,7.0,46.0,8.7,A,-15.5
18351,none,1,1.0,6.0,8.2,A,-5.7
18352,medium,0,8.0,13.0,9.3,A,-14.6
18353,none,4,8.0,23.0,9.0,A,-100.0
18354,low,1,5.0,11.0,9.5,A,-11.4
18355,medium,0,8.0,8.0,4.1,B,-17.3
18356,low,3,12.0,8.0,8.8,C,-100.0
18357,none,0,8.0,5.0,9.1,A,-15.0
18358,none,2,13.0,1.0,8.9,C,-100.0
18359,none,2,7.0,23.0,3.4,A,-100.0
18360,high,2,18.0,11.0,9.5,C,-100.0
18361,low,1,8.0,5.0,2.1,A,-100.0
18362,none,3,,2.0,4.6,C,
18363,none,1,16.0,15.0,10.0,B,-100.0
18364,low,2,2.0,14.0,7.8,C,-9.5
18365,low,3,1.0,15.0,6.3,A,-11.0
18366,low,2,9.0,20.0,7.0,A,-100.0
18367,high,0,17.0,13.0,2.4,A,-100.0
18368,high,2,4.0,2.0,9.2,C,-15.4
18369,low,0,8.0,30.0,3.7,A,-16.9
18370,high,2,7.0,28.0,8.9,A,-100.0
18371,high,0,11.0,8.0,2.2,C,-100.0
18372,low,5,14.0,6.0,9.6,A,-100.0
18373,none,0,21.0,2.0,6.4,A,-100.0
18374,high,3,3.0,15.0,2.8,A,-19.2
18375,high,5,15.0,42.0,3.3,A,-100.0
18376,low,0,8.0,7.0,4.7,A,-16.6
18377,low,1,3.0,8.0,8.3,A,-8.5
18378,medium,1,19.0,8.0,9.8,A,-100.0
18379,medium,5,5.0,19.0,9.7,A,-100.0
18380,low,0,7.0,3.0,3.7,A,-15.4
18381,low,0,16.0,2.0,9.4,C,-100.0
18382,low,0,5.0,29.0,3.9,A,-11.5
18383,high,0,5.0,12.0,3.3,C,-15.0
18384,low,2,5.0,5.0,4.6,A,-16.4
18385,medium,1,6.0,20.0,2.9,A,-16.7
18386,high,1,7.0,2.0,8.4,A,-18.6
18387,medium,5,3.0,12.0,3.6,C,-100.0
18388,high,2,4.0,2.0,8.5,C,-15.8
18389,medium,0,4.0,28.0,4.3,A,-10.0
18390,medium,0,21.0,20.0,8.7,A,-100.0
18391,high,2,7.0,8.0,8.5,D,-100.0
18392,low,2,11.0,13.0,8.7,A,-100.0
18393,high,1,12.0,3.0,5.4,A,-100.0
18394,low,1,26.0,5.0,9.9,A,-100.0
18395,medium,2,26.0,9.0,6.9,A,-100.0
18396,low,0,11.0,11.0,7.5,A,-100.0
18397,high,0,5.0,3.0,6.2,C,-13.6
18398,medium,0,6.0,13.0,1.2,C,-15.2
18399,low,1,,0.0,5.7,C,
18400,,1,25.0,11.0,6.8,A,-100.0
18401,high,2,3.0,33.0,8.4,C,-13.7
18402,low,1,1.0,5.0,9.7,D,-4.4
18403,low,4,18.0,2.0,1.1,A,-100.0
18404,low,1,3.0,17.0,8.5,A,-8.4
18405,low,0,5.0,3.0,4.7,A,-11.4
18406,medium,1,8.0,20.0,5.6,A,-18.9
18407,low,1,5.0,0.0,7.2,C,-12.7
18408,medium,1,14.0,24.0,1.8,C,-100.0
18409,low,3,1.0,19.0,3.1,C,-12.5
18410,high,1,17.0,44.0,8.2,A,-100.0
18411,medium,1,4.0,4.0,5.4,A,-12.2
18412,high,4,4.0,3.0,8.6,C,-100.0
18413,medium,2,13.0,9.0,5.9,A,-100.0
18414,high,3,10.0,6.0,8.2,A,-100.0
18415,high,2,16.0,9.0,8.2,A,-100.0
18416,low,1,14.0,4.0,3.3,A,-100.0
18417,none,0,0.0,23.0,9.7,A,-0.5
18418,medium,1,7.0,11.0,1.4,A,-19.3
18419,medium,1,5.0,3.0,3.4,A,-14.9
18420,none,2,17.0,18.0,8.0,C,-100.0
18421,high,3,8.0,6.0,9.8,A,-100.0
18422,medium,3,0.0,2.0,4.4,D,-10.7
18423,medium,2,11.0,4.0,4.3,A,-100.0
18424,high,1,2.0,0.0,9.6,B,-9.2
18425,low,2,17.0,39.0,1.8,A,-100.0
18426,medium,1,1.0,7.0,9.3,A,-4.9
18427,high,0,4.0,7.0,2.0,A,-14.0
18428,medium,0,8.0,10.0,8.9,B,-14.8
18429,high,4,,16.0,9.4,C,
18430,medium,1,17.0,5.0,2.4,A,-100.0
18431,low,1,10.0,14.0,8.7,A,-100.0
18432,none,2,4.0,4.0,2.2,D,-16.5
18433,medium,2,16.0,15.0,8.1,A,-100.0
18434,medium,1,20.0,14.0,3.5,C,-100.0
18435,medium,1,8.0,8.0,8.4,B,-17.6
18436,high,1,9.0,5.0,8.3,A,-100.0
18437,medium,4,22.0,8.0,3.8,A,-100.0
18438,high,2,3.0,18.0,9.5,A,-13.3
18439,medium,2,10.0,1.0,5.3,A,-100.0
18440,high,1,5.0,1.0,8.7,D,-14.9
18441,medium,0,6.0,15.0,6.6,A,-12.5
18442,none,0,18.0,20.0,8.1,A,-100.0
18443,high,1,5.0,0.0,8.6,C,-15.0
18444,,5,18.0,33.0,5.7,C,-100.0
18445,high,2,17.0,0.0,8.9,A,-100.0
18446,low,0,3.0,31.0,3.3,A,-8.3
18447,low,3,1.0,1.0,6.2,A,-11.2
18448,high,2,18.0,9.0,9.7,A,-100.0
18449,medium,2,3.0,6.0,1.3,A,-14.9
18450,low,4,2.0,0.0,6.5,A,-15.3
18451,low,0,2.0,22.0,9.5,A,-3.6
18452,medium,3,7.0,0.0,9.7,A,-100.0
18453,medium,0,10.0,3.0,10.0,A,-17.9
18454,low,3,8.0,2.0,5.9,A,-100.0
18455,high,0,7.0,35.0,6.9,B,-16.5
18456,none,2,7.0,21.0,7.4,A,-19.0
18457,low,3,6.0,15.0,3.8,A,-100.0
18458,medium,2,15.0,20.0,1.1,A,-100.0
18459,medium,1,9.0,3.0,3.0,C,-100.0
18460,high,3,12.0,18.0,8.7,A,-100.0
18461,medium,1,13.0,2.0,9.6,D,-100.0
18462,low,2,4.0,6.0,6.4,A,-13.8
18463,high,5,12.0,12.0,9.6,A,-100.0
18464,low,2,11.0,33.0,9.3,A,-100.0
18465,none,1,20.0,39.0,8.8,B,-100.0
18466,low,0,13.0,3.0,8.1,B,-100.0
18467,high,1,6.0,12.0,7.0,C,-17.4
18468,low,3,10.0,11.0,8.0,C,-100.0
18469,low,1,13.0,10.0,3.5,A,-100.0
18470,medium,3,6.0,4.0,1.3,A,-100.0
18471,high,3,12.0,3.0,9.1,B,-100.0
18472,low,3,10.0,4.0,2.9,A,-100.0
18473,high,1,2.0,3.0,1.1,A,-13.4
18474,none,1,7.0,13.0,5.2,B,-17.6
18475,low,2,11.0,25.0,1.5,A,-100.0
18476,high,0,8.0,4.0,8.1,A,-17.9
18477,low,2,4.0,1.0,4.5,A,-14.8
18478,none,2,9.0,0.0,9.1,B,-100.0
18479,medium,2,5.0,3.0,9.3,C,-14.5
18480,medium,2,4.0,12.0,4.5,A,-15.0
18481,low,2,27.0,2.0,3.8,C,-100.0
18482,low,3,,3.0,6.3,C,
18483,low,1,5.0,2.0,3.0,A,-14.8
18484,high,0,26.0,4.0,9.3,A,-100.0
18485,high,1,4.0,6.0,8.6,A,-13.2
18486,low,1,11.0,0.0,1.2,A,-100.0
18487,low,1,3.0,8.0,3.2,A,-11.1
18488,none,2,2.0,23.0,5.8,D,-11.0
18489,none,4,8.0,8.0,8.5,A,-100.0
18490,medium,2,32.0,6.0,8.2,A,-100.0
18491,none,0,19.0,15.0,9.0,A,-100.0
18492,high,1,8.0,3.0,8.4,A,-100.0
18493,high,3,9.0,7.0,8.5,A,-100.0
18494,medium,1,12.0,20.0,2.0,B,-100.0
18495,high,0,15.0,7.0,8.9,C,-100.0
18496,high,1,11.0,20.0,9.9,A,-100.0
18497,low,3,7.0,4.0,8.9,A,-100.0
18498,high,2,,4.0,8.0,C,
18499,low,2,5.0,2.0,3.5,A,-17.0
18500,medium,0,16.0,3.0,8.9,C,-100.0
18501,none,7,18.0,6.0,8.9,C,-100.0
18502,medium,4,2.0,4.0,7.0,A,-15.4
18503,medium,1,4.0,16.0,5.5,A,-12.0
18504,high,0,10.0,6.0,4.8,A,-100.0
18505,medium,1,6.0,6.0,6.3,C,-15.2
18506,medium,3,23.0,4.0,8.4,C,-100.0
18507,medium,0,11.0,37.0,8.2,A,-100.0
18508,low,2,5.0,3.0,2.2,C,-17.6
18509,medium,7,20.0,5.0,3.3,A,-100.0
18510,low,1,14.0,7.0,3.5,A,-100.0
18511,low,2,24.0,4.0,6.6,A,-100.0
18512,medium,4,,4.0,8.8,C,
18513,high,3,6.0,20.0,3.0,C,-100.0
18514,high,6,6.0,0.0,8.1,A,-100.0
18515,high,1,16.0,12.0,5.7,D,-100.0
18516,medium,3,4.0,18.0,9.3,A,-15.1
18517,low,0,15.0,6.0,2.2,A,-100.0
18518,low,1,9.0,1.0,9.1,A,-18.7
18519,medium,2,6.0,1.0,1.9,C,-19.9
18520,low,1,9.0,2.0,3.4,A,-100.0
18521,high,1,6.0,15.0,4.6,D,-18.6
18522,none,0,20.0,9.0,3.5,A,-100.0
18523,medium,0,18.0,43.0,3.3,A,-100.0
18524,high,3,12.0,4.0,1.4,A,-100.0
18525,medium,1,7.0,4.0,8.3,B,-16.0
18526,low,0,5.0,2.0,9.2,A,-9.2
18527,low,1,6.0,28.0,1.9,C,-16.8
18528,low,1,12.0,3.0,4.2,A,-100.0
18529,low,1,9.0,24.0,1.4,A,-100.0
18530,low,1,7.0,5.0,8.2,A,-15.6
18531,low,1,10.0,15.0,7.1,C,-100.0
18532,none,1,8.0,7.0,9.7,C,-17.2
18533,medium,2,15.0,2.0,9.7,A,-100.0
18534,medium,3,5.0,33.0,4.9,A,-18.9
18535,medium,1,13.0,41.0,9.4,A,-100.0
18536,high,1,30.0,9.0,9.2,B,-100.0
18537,medium,2,3.0,4.0,2.8,B,-14.2
18538,low,2,9.0,10.0,6.7,C,-100.0
18539,none,0,5.0,10.0,7.7,A,-10.4
18540,none,1,3.0,4.0,9.0,B,-8.8
18541,high,0,7.0,27.0,9.5,C,-15.3
18542,high,1,30.0,21.0,8.6,A,-100.0
18543,medium,1,3.0,6.0,8.8,A,-8.7
18544,high,1,18.0,15.0,9.3,A,-100.0
18545,high,3,22.0,18.0,7.5,B,-100.0
18546,medium,1,16.0,17.0,6.8,C,-100.0
18547,high,1,7.0,1.0,1.4,A,-100.0
18548,none,4,15.0,21.0,9.7,A,-100.0
18549,high,0,5.0,46.0,4.9,B,-13.9
18550,high,0,11.0,11.0,6.0,A,-100.0
18551,low,1,10.0,0.0,10.0,A,-100.0
18552,medium,0,18.0,27.0,4.0,C,-100.0
18553,high,1,10.0,17.0,9.6,C,-100.0
18554,high,2,4.0,11.0,8.3,A,-15.8
18555,medium,1,7.0,8.0,6.4,A,-16.9
18556,low,2,4.0,6.0,9.9,A,-12.0
18557,low,2,11.0,12.0,8.6,A,-100.0
18558,high,5,9.0,16.0,9.2,A,-100.0
18559,medium,2,1.0,12.0,9.1,A,-7.5
18560,high,3,15.0,10.0,9.3,B,-100.0
18561,medium,1,16.0,0.0,7.8,B,-100.0
18562,medium,1,8.0,4.0,9.7,B,-17.0
18563,high,0,9.0,30.0,5.5,A,-100.0
18564,none,1,20.0,42.0,8.1,B,-100.0
18565,high,2,3.0,36.0,6.8,C,-14.5
18566,none,1,16.0,4.0,6.5,A,-100.0
18567,medium,5,2.0,9.0,9.3,B,-16.7
18568,none,0,9.0,16.0,4.3,A,-19.1
18569,none,6,11.0,6.0,7.9,A,-100.0
18570,medium,0,7.0,6.0,2.3,A,-16.4
18571,none,1,6.0,9.0,3.2,C,-16.9
18572,none,3,3.0,7.0,3.9,A,-16.4
18573,medium,1,2.0,4.0,6.7,B,-8.0
18574,none,0,7.0,6.0,3.5,A,-16.1
18575,low,3,4.0,6.0,4.2,A,-17.4
18576,high,0,15.0,11.0,9.6,C,-100.0
18577,high,1,4.0,13.0,9.5,B,-12.7
18578,low,1,4.0,12.0,9.2,A,-9.8
18579,high,0,0.0,1.0,2.1,B,-7.0
18580,medium,0,2.0,2.0,2.1,C,-7.8
18581,high,4,3.0,24.0,7.0,B,-19.5
18582,medium,3,20.0,38.0,1.3,A,-100.0
18583,none,1,5.0,34.0,3.3,C,-14.9
18584,medium,1,18.0,2.0,3.9,D,-100.0
18585,high,2,12.0,0.0,8.8,A,-100.0
18586,none,0,1.0,3.0,9.4,A,-2.6
18587,high,0,22.0,4.0,8.7,A,-100.0
18588,low,0,9.0,18.0,7.3,A,-16.9
18589,none,0,5.0,6.0,7.3,A,-10.7
18590,high,0,7.0,2.0,3.6,A,-18.5
18591,low,1,16.0,3.0,1.9,A,-100.0
18592,high,1,9.0,6.0,2.0,C,-100.0
18593,high,2,21.0,19.0,8.1,B,-100.0
18594,medium,1,10.0,11.0,5.6,A,-100.0
18595,low,1,1.0,8.0,9.5,C,-4.4
18596,high,2,8.0,3.0,9.3,A,-100.0
18597,low,1,,6.0,8.9,C,
18598,medium,0,2.0,5.0,3.5,A,-7.1
18599,high,3,3.0,4.0,3.2,A,-19.1
18600,low,0,20.0,8.0,9.5,A,-100.0
18601,low,2,1.0,13.0,8.5,A,-7.4
18602,medium,3,17.0,6.0,1.9,A,
18603,high,2,1.0,0.0,8.2,A,-10.7
18604,none,0,9.0,40.0,9.3,A,-16.3
18605,high,2,1.0,13.0,7.1,A,-11.1
18606,low,2,8.0,15.0,5.7,A,-100.0
18607,low,2,10.0,8.0,6.7,A,-100.0
18608,low,1,16.0,2.0,8.7,C,-100.0
18609,medium,2,10.0,5.0,1.4,A,-100.0
18610,none,1,7.0,15.0,3.8,A,-18.3
18611,low,1,14.0,18.0,9.3,A,-100.0
18612,low,3,6.0,1.0,8.8,C,-18.6
18613,none,3,7.0,3.0,8.7,B,-100.0
18614,low,1,8.0,14.0,3.8,B,-19.5
18615,medium,1,,13.0,9.9,C,
18616,low,0,3.0,0.0,9.0,A,-5.8
18617,low,1,,5.0,5.7,C,
18618,low,0,16.0,9.0,9.4,A,-100.0
18619,low,0,11.0,6.0,8.6,A,-19.9
18620,medium,4,12.0,5.0,4.1,A,-100.0
18621,medium,2,10.0,13.0,6.3,A,-100.0
18622,high,4,8.0,49.0,6.7,A,-100.0
18623,high,0,11.0,3.0,3.9,A,-100.0
18624,,1,6.0,25.0,1.9,A,-17.4
18625,low,2,15.0,20.0,8.2,A,-100.0
18626,high,1,9.0,15.0,6.4,B,-100.0
18627,high,0,9.0,15.0,1.0,A,-100.0
18628,low,1,2.0,10.0,8.4,A,-6.7
18629,low,0,6.0,1.0,3.5,B,-13.8
18630,high,0,,13.0,4.1,C,
18631,medium,2,11.0,4.0,9.6,A,-100.0
18632,low,1,28.0,21.0,7.4,A,-100.0
18633,high,2,9.0,4.0,4.1,A,-100.0
18634,low,2,21.0,8.0,9.6,D,-100.0
18635,medium,1,3.0,7.0,1.8,A,-12.2
18636,high,0,2.0,9.0,5.7,A,-8.6
18637,high,0,20.0,3.0,,D,
18638,medium,2,11.0,6.0,3.0,C,-100.0
18639,medium,2,5.0,7.0,8.9,A,-14.6
18640,medium,2,16.0,28.0,8.5,A,-100.0
18641,low,0,7.0,10.0,7.1,C,-13.6
18642,low,1,10.0,4.0,8.4,C,-100.0
18643,high,1,19.0,3.0,2.9,B,-100.0
18644,medium,1,10.0,7.0,2.1,A,-100.0
18645,none,1,10.0,17.0,9.3,A,-100.0
18646,medium,0,2.0,5.0,2.7,A,-7.5
18647,medium,0,7.0,0.0,6.0,C,-14.6
18648,high,2,11.0,21.0,7.2,A,-100.0
18649,high,2,4.0,18.0,8.1,A,-15.8
18650,none,0,6.0,7.0,4.2,A,-13.9
18651,low,1,15.0,37.0,1.3,C,-100.0
18652,low,2,10.0,6.0,,D,
18653,high,2,5.0,16.0,2.8,A,-100.0
18654,low,1,2.0,10.0,2.5,C,-9.7
18655,low,1,15.0,1.0,9.2,A,-100.0
18656,medium,0,6.0,2.0,8.6,A,-11.6
18657,medium,0,3.0,1.0,8.1,A,-6.6
18658,low,0,,10.0,7.2,C,
18659,high,0,8.0,3.0,5.9,C,-19.0
18660,high,1,7.0,5.0,8.8,A,-18.3
18661,medium,1,3.0,6.0,4.7,A,-10.7
18662,high,1,2.0,18.0,8.3,C,-9.7
18663,medium,1,7.0,28.0,2.5,A,-18.6
18664,medium,1,17.0,6.0,1.9,B,-100.0
18665,,4,13.0,3.0,1.3,A,-100.0
18666,,2,12.0,3.0,2.0,B,-100.0
18667,medium,0,3.0,19.0,2.1,C,-9.4
18668,high,2,4.0,6.0,9.0,A,-15.5
18669,low,2,4.0,3.0,8.9,D,-12.5
18670,low,1,3.0,10.0,7.0,A,-9.2
18671,none,4,8.0,2.0,9.5,A,-100.0
18672,low,3,3.0,10.0,4.9,C,-15.2
18673,none,2,7.0,6.0,3.6,A,-100.0
18674,low,0,15.0,6.0,3.2,A,-100.0
18675,low,1,10.0,14.0,1.9,D,-100.0
18676,low,2,15.0,0.0,1.5,A,-100.0
18677,medium,1,5.0,1.0,3.1,C,-15.1
18678,medium,4,21.0,6.0,9.8,C,-100.0
18679,low,4,6.0,50.0,2.5,A,-100.0
18680,high,2,4.0,16.0,6.8,A,-16.5
18681,low,2,5.0,43.0,9.5,A,-13.6
18682,medium,3,7.0,18.0,3.9,A,-100.0
18683,high,1,15.0,13.0,9.5,D,-100.0
18684,low,4,10.0,7.0,8.9,A,-100.0
18685,high,1,3.0,5.0,9.0,A,-11.2
18686,medium,3,9.0,3.0,8.6,A,-100.0
18687,high,1,7.0,22.0,5.2,A,-20.0
18688,none,0,17.0,50.0,9.3,A,-100.0
18689,high,2,6.0,6.0,8.3,B,-19.3
18690,high,3,15.0,5.0,7.4,A,-100.0
18691,low,0,14.0,4.0,9.7,A,-100.0
18692,low,2,,11.0,7.7,C,
18693,high,2,7.0,27.0,4.2,A,-100.0
18694,none,2,3.0,0.0,8.8,B,-11.5
18695,none,2,,13.0,5.1,C,
18696,none,0,29.0,1.0,1.2,A,-100.0
18697,none,3,3.0,22.0,5.5,C,-15.4
18698,high,4,7.0,15.0,7.6,A,-100.0
18699,medium,0,6.0,13.0,3.2,C,-14.2
18700,,1,2.0,19.0,6.7,A,-8.1
18701,low,1,30.0,10.0,2.8,A,-100.0
18702,low,4,22.0,50.0,2.5,A,-100.0
18703,none,0,17.0,39.0,6.1,A,-100.0
18704,low,3,4.0,6.0,9.0,B,-15.0
18705,none,1,18.0,32.0,2.5,A,-100.0
18706,high,0,6.0,18.0,5.1,A,-15.8
18707,low,1,5.0,12.0,8.4,A,-11.9
18708,medium,0,7.0,16.0,8.1,C,-13.4
18709,none,0,16.0,12.0,1.6,A,-100.0
18710,low,2,6.0,9.0,2.0,C,-19.4
18711,low,0,8.0,14.0,3.1,A,-17.3
18712,low,1,16.0,25.0,8.5,A,-100.0
18713,medium,1,7.0,1.0,4.7,A,-17.8
18714,high,3,6.0,8.0,5.2,A,-100.0
18715,medium,2,5.0,42.0,9.1,A,-14.2
18716,high,1,13.0,2.0,6.7,C,-100.0
18717,high,3,10.0,2.0,9.8,B,-100.0
18718,high,0,5.0,18.0,5.7,A,-13.7
18719,medium,0,12.0,20.0,5.5,A,-100.0
18720,medium,1,5.0,2.0,8.2,D,-12.5
18721,low,1,9.0,3.0,8.9,A,-18.8
18722,low,0,17.0,50.0,1.8,A,-100.0
18723,low,2,6.0,28.0,6.4,A,-17.0
18724,medium,0,14.0,20.0,8.6,A,-100.0
18725,high,1,7.0,50.0,1.0,C,-100.0
18726,high,3,10.0,26.0,7.5,B,-100.0
18727,high,1,5.0,11.0,2.3,A,-18.0
18728,high,2,4.0,2.0,9.8,C,-15.1
18729,medium,2,12.0,43.0,10.0,A,-100.0
18730,high,0,9.0,38.0,6.2,A,-100.0
18731,high,1,24.0,10.0,8.6,D,-100.0
18732,high,1,9.0,2.0,7.3,A,-100.0
18733,low,2,16.0,43.0,2.3,A,-100.0
18734,low,4,14.0,3.0,8.2,C,-100.0
18735,medium,0,8.0,3.0,1.9,D,-18.4
18736,none,2,8.0,9.0,8.7,C,-100.0
18737,,3,7.0,2.0,4.9,B,-100.0
18738,high,1,13.0,10.0,1.4,C,-100.0
18739,none,0,3.0,0.0,1.5,C,-10.1
18740,none,1,14.0,12.0,3.5,A,-100.0
18741,none,1,13.0,18.0,2.9,A,-100.0
18742,high,1,4.0,0.0,4.9,C,-15.1
18743,low,0,9.0,41.0,4.6,A,-18.1
18744,high,2,1.0,7.0,7.9,A,-10.8
18745,low,0,1.0,15.0,9.7,A,-1.8
18746,high,0,10.0,22.0,9.4,C,-100.0
18747,high,0,13.0,19.0,2.2,A,-100.0
18748,high,2,7.0,27.0,4.1,B,-100.0
18749,low,2,6.0,35.0,1.8,B,-19.3
18750,low,2,24.0,25.0,3.2,C,-100.0
18751,low,0,9.0,2.0,8.7,B,-16.4
18752,low,1,11.0,5.0,9.5,A,-100.0
18753,high,3,9.0,30.0,2.5,B,-100.0
18754,high,2,16.0,1.0,7.6,A,-100.0
18755,none,2,27.0,4.0,8.6,C,-100.0
18756,medium,1,9.0,8.0,5.8,A,-100.0
18757,low,0,13.0,15.0,2.1,A,-100.0
18758,high,1,3.0,23.0,4.4,A,-13.3
18759,high,1,9.0,12.0,4.5,A,-100.0
18760,none,2,16.0,6.0,4.1,C,-100.0
18761,low,1,1.0,1.0,4.4,A,-7.1
18762,high,1,5.0,9.0,9.2,C,-14.6
18763,high,1,3.0,16.0,2.8,A,-14.2
18764,high,3,16.0,2.0,7.3,C,-100.0
18765,none,1,15.0,1.0,5.8,A,-100.0
18766,low,1,8.0,6.0,2.7,C,-100.0
18767,low,5,10.0,22.0,3.0,A,-100.0
18768,low,2,8.0,50.0,10.0,A,-18.5
18769,none,1,5.0,15.0,8.5,A,-12.5
18770,medium,2,9.0,25.0,3.2,A,-100.0
18771,high,1,2.0,9.0,9.5,A,-9.2
18772,high,1,12.0,4.0,9.5,A,-100.0
18773,low,3,4.0,11.0,9.8,A,-14.5
18774,high,2,7.0,14.0,4.8,A,-100.0
18775,high,1,8.0,10.0,1.2,C,-100.0
18776,low,3,14.0,1.0,4.2,A,-100.0
18777,medium,1,11.0,23.0,8.3,A,-100.0
18778,,3,2.0,9.0,5.3,B,-13.9
18779,low,1,22.0,6.0,1.6,C,-100.0
18780,low,2,1.0,2.0,8.4,C,-7.6
18781,low,2,6.0,2.0,8.9,A,-16.1
18782,none,0,5.0,8.0,9.7,A,-9.4
18783,low,1,2.0,1.0,2.0,A,-10.0
18784,medium,2,5.0,5.0,9.6,D,-14.3
18785,medium,2,10.0,10.0,10.0,C,-100.0
18786,medium,3,13.0,13.0,6.3,A,-100.0
18787,,2,13.0,13.0,6.1,A,-100.0
18788,high,1,5.0,9.0,2.3,A,-18.0
18789,low,1,11.0,4.0,1.2,C,-100.0
18790,none,1,8.0,1.0,8.2,A,-18.0
18791,high,3,16.0,12.0,4.4,B,-100.0
18792,high,1,5.0,13.0,4.8,A,-16.7
18793,high,2,11.0,25.0,6.4,A,-100.0
18794,medium,3,7.0,7.0,2.6,A,-100.0
18795,low,2,9.0,10.0,2.1,A,-100.0
18796,medium,1,1.0,30.0,9.1,D,-4.8
18797,none,2,11.0,38.0,6.3,A,-100.0
18798,high,1,7.0,3.0,8.1,A,-18.7
18799,high,1,9.0,7.0,8.9,A,-100.0
18800,none,1,11.0,5.0,7.1,C,-100.0
18801,high,1,16.0,32.0,8.5,A,-100.0
18802,none,1,15.0,27.0,9.9,A,-100.0
18803,medium,0,1.0,32.0,9.7,A,-2.0
18804,none,0,4.0,10.0,4.1,A,-10.5
18805,none,3,5.0,18.0,3.9,A,-19.7
18806,none,1,7.0,4.0,8.1,A,-16.3
18807,high,1,1.0,16.0,,B,
18808,low,2,12.0,3.0,8.2,A,-100.0
18809,high,0,9.0,7.0,2.6,A,-100.0
18810,high,0,18.0,6.0,8.9,A,-100.0
18811,low,3,,2.0,4.8,C,
18812,high,0,9.0,7.0,3.8,D,-100.0
18813,low,2,18.0,5.0,9.4,A,-100.0
18814,low,1,4.0,23.0,6.9,A,-10.8
18815,high,0,3.0,1.0,2.9,A,-11.8
18816,low,1,12.0,2.0,9.8,B,-100.0
18817,low,2,10.0,1.0,8.8,A,-100.0
18818,none,2,12.0,3.0,9.5,C,-100.0
18819,high,3,14.0,11.0,9.3,A,-100.0
18820,low,4,3.0,6.0,9.4,A,-15.5
18821,medium,1,2.0,5.0,3.7,B,-9.5
18822,high,4,7.0,4.0,7.7,A,-100.0
18823,medium,1,17.0,22.0,7.6,A,-100.0
18824,high,3,8.0,10.0,5.8,A,-100.0
18825,none,2,15.0,2.0,8.9,A,-100.0
18826,high,7,5.0,10.0,8.4,A,-100.0
18827,high,0,20.0,29.0,6.0,A,-100.0
18828,low,1,7.0,18.0,9.9,C,-14.6
18829,none,1,5.0,1.0,9.5,A,-12.1
18830,none,0,7.0,1.0,2.1,A,-16.8
18831,low,3,18.0,19.0,9.7,A,-100.0
18832,high,2,4.0,3.0,9.2,A,-15.4
18833,medium,2,5.0,10.0,5.3,C,-16.4
18834,high,0,11.0,1.0,2.7,A,-100.0
18835,low,0,20.0,2.0,5.0,A,-100.0
18836,high,0,8.0,1.0,7.1,A,-18.5
18837,medium,2,3.0,5.0,2.3,C,-14.4
18838,low,1,23.0,2.0,9.5,A,-100.0
18839,medium,1,3.0,14.0,5.1,A,-10.5
18840,none,1,20.0,10.0,9.8,B,-100.0
18841,medium,4,10.0,7.0,9.4,C,-100.0
18842,high,2,8.0,7.0,3.2,A,-100.0
18843,high,3,5.0,1.0,9.2,C,-19.7
18844,low,0,6.0,37.0,9.3,C,-10.5
18845,,3,13.0,38.0,2.5,A,-100.0
18846,none,2,17.0,7.0,2.9,C,-100.0
18847,none,1,7.0,6.0,7.0,A,-16.8
18848,high,1,21.0,42.0,2.2,A,-100.0
18849,medium,0,8.0,2.0,9.6,A,-14.6
18850,medium,3,5.0,12.0,6.1,B,-18.5
18851,low,2,9.0,2.0,8.5,A,-100.0
18852,high,3,7.0,13.0,9.7,A,-100.0
18853,low,2,5.0,7.0,1.8,C,-17.8
18854,low,1,18.0,5.0,9.1,A,-100.0
18855,high,2,10.0,5.0,5.8,A,-100.0
18856,medium,1,3.0,32.0,9.9,A,-7.9
18857,medium,2,5.0,8.0,9.0,A,-14.6
18858,low,0,1.0,7.0,8.1,A,-2.6
18859,medium,3,40.0,8.0,9.4,A,-100.0
18860,medium,2,2.0,17.0,1.6,B,-12.9
18861,high,3,3.0,7.0,4.0,A,-18.7
18862,none,3,16.0,25.0,9.9,C,-100.0
18863,high,0,16.0,15.0,9.4,A,-100.0
18864,medium,1,25.0,4.0,2.0,A,-100.0
18865,medium,1,4.0,23.0,9.7,C,-9.8
18866,low,1,18.0,39.0,6.5,C,-100.0
18867,medium,4,6.0,1.0,5.4,C,-100.0
18868,medium,3,3.0,18.0,3.4,C,-16.3
18869,medium,4,13.0,1.0,2.8,A,-100.0
18870,high,2,,6.0,8.3,C,
18871,low,2,6.0,30.0,8.2,C,-16.1
18872,medium,0,7.0,2.0,6.8,B,-14.2
18873,low,0,2.0,1.0,9.0,A,-4.0
18874,high,3,17.0,6.0,6.6,A,-100.0
18875,medium,0,11.0,2.0,3.1,D,-100.0
18876,none,3,3.0,14.0,2.9,C,-16.8
18877,,2,2.0,3.0,2.0,B,-13.1
18878,none,3,6.0,46.0,3.7,A,-100.0
18879,medium,0,5.0,20.0,6.6,C,-10.6
18880,low,1,3.0,30.0,4.9,A,-10.0
18881,high,3,18.0,17.0,7.0,C,-100.0
18882,medium,0,1.0,6.0,1.8,B,-6.2
18883,medium,1,1.0,23.0,3.6,B,-7.6
18884,low,1,9.0,4.0,4.6,B,-100.0
18885,low,2,8.0,2.0,5.1,B,-100.0
18886,high,0,12.0,20.0,7.2,A,-100.0
18887,none,2,8.0,46.0,5.5,C,-100.0
18888,high,1,3.0,3.0,7.2,C,-12.1
18889,low,0,6.0,25.0,2.0,A,-14.3
18890,none,2,6.0,0.0,4.4,A,-18.9
18891,low,2,21.0,3.0,9.9,A,-100.0
18892,high,2,10.0,31.0,8.7,A,-100.0
18893,low,2,5.0,35.0,9.4,A,-13.7
18894,medium,1,23.0,28.0,1.3,A,-100.0
18895,none,0,18.0,1.0,8.9,A,-100.0
18896,high,4,11.0,7.0,5.1,C,-100.0
18897,low,4,4.0,33.0,8.4,A,-17.5
18898,none,0,5.0,1.0,9.8,D,-9.5
18899,high,3,9.0,5.0,6.6,A,-100.0
18900,low,2,13.0,8.0,1.2,C,-100.0
18901,,3,6.0,4.0,8.6,A,-19.3
18902,low,2,5.0,11.0,2.9,B,-17.2
18903,low,0,4.0,22.0,8.1,A,-7.8
18904,low,1,3.0,2.0,8.3,A,-8.6
18905,high,0,5.0,6.0,2.7,C,-15.4
18906,high,1,6.0,4.0,9.3,C,-16.3
18907,low,1,10.0,7.0,4.8,A,-100.0
18908,none,1,7.0,25.0,3.5,A,-18.4
18909,low,0,11.0,9.0,5.7,C,-100.0
18910,high,1,1.0,1.0,7.0,A,-8.8
18911,high,0,2.0,13.0,2.1,A,-10.3
18912,high,3,16.0,12.0,5.7,A,-100.0
18913,low,1,6.0,19.0,3.0,A,-16.3
18914,low,0,7.0,5.0,2.0,C,-16.2
18915,none,1,22.0,24.0,1.9,A,-100.0
18916,medium,1,15.0,4.0,2.3,A,-100.0
18917,low,3,10.0,2.0,1.5,A,-100.0
18918,low,0,7.0,1.0,2.8,A,-15.9
18919,medium,1,19.0,7.0,3.2,A,-100.0
18920,medium,1,6.0,5.0,3.6,A,-16.6
18921,low,2,10.0,4.0,9.1,C,-100.0
18922,none,1,2.0,33.0,7.8,A,-7.4
18923,low,1,3.0,4.0,3.0,A,-11.2
18924,low,2,25.0,4.0,9.7,A,-100.0
18925,none,2,10.0,2.0,6.1,C,-100.0
18926,high,2,12.0,5.0,7.1,A,-100.0
18927,medium,1,4.0,7.0,8.1,C,-10.8
18928,medium,2,15.0,5.0,8.0,A,-100.0
18929,low,0,15.0,6.0,9.8,A,-100.0
18930,none,1,8.0,0.0,1.2,A,-100.0
18931,low,1,4.0,5.0,5.2,A,-11.9
18932,high,2,21.0,14.0,2.2,B,-100.0
18933,medium,3,19.0,22.0,4.3,A,-100.0
18934,low,3,3.0,38.0,6.4,A,-14.2
18935,medium,1,5.0,1.0,3.2,B,-15.0
18936,low,1,5.0,3.0,6.0,C,-13.2
18937,high,2,13.0,29.0,8.1,A,-100.0
18938,,1,8.0,10.0,8.2,A,-17.9
18939,high,2,7.0,16.0,9.0,B,-100.0
18940,medium,2,13.0,11.0,7.8,A,-100.0
18941,none,1,13.0,16.0,2.7,A,-100.0
18942,high,0,9.0,50.0,9.6,A,-18.5
18943,low,2,8.0,11.0,2.1,A,-100.0
18944,low,0,7.0,32.0,8.3,A,-12.8
18945,none,1,4.0,34.0,4.9,C,-12.3
18946,high,1,7.0,12.0,2.6,A,-100.0
18947,high,0,3.0,16.0,10.0,A,-8.1
18948,medium,0,12.0,2.0,9.6,A,-100.0
18949,medium,2,11.0,11.0,4.4,B,-100.0
18950,high,2,10.0,42.0,1.3,C,-100.0
18951,high,0,10.0,7.0,9.5,C,-100.0
18952,medium,2,0.0,3.0,,A,
18953,none,2,6.0,0.0,7.7,A,-17.3
18954,low,5,18.0,3.0,9.8,A,-100.0
18955,low,1,14.0,2.0,9.4,A,-100.0
18956,high,2,1.0,7.0,6.5,A,-11.5
18957,medium,1,9.0,2.0,9.7,A,-18.8
18958,high,3,6.0,7.0,9.8,C,-100.0
18959,none,2,5.0,14.0,9.1,B,-14.7
18960,high,1,14.0,3.0,5.2,A,-100.0
18961,none,4,9.0,14.0,5.2,A,-100.0
18962,,0,14.0,24.0,4.5,A,-100.0
18963,medium,3,7.0,1.0,10.0,A,-100.0
18964,low,0,3.0,1.0,9.4,B,-5.6
18965,low,1,7.0,33.0,8.3,A,-15.3
18966,high,0,7.0,1.0,1.3,A,-19.6
18967,low,1,8.0,26.0,7.6,C,-17.5
18968,medium,1,12.0,14.0,2.9,A,-100.0
18969,low,1,3.0,2.0,2.5,A,-11.5
18970,medium,2,6.0,9.0,3.0,A,-19.3
18971,low,0,9.0,2.0,4.3,A,-18.6
18972,high,2,10.0,13.0,8.2,C,-100.0
18973,high,2,20.0,6.0,7.7,C,-100.0
18974,low,0,9.0,4.0,5.1,A,-18.2
18975,,1,19.0,9.0,6.3,A,-100.0
18976,high,0,14.0,6.0,2.7,C,-100.0
18977,medium,4,15.0,2.0,3.7,A,-100.0
18978,low,0,19.0,22.0,3.7,B,-100.0
18979,low,1,0.0,19.0,8.4,C,-3.1
18980,medium,2,5.0,6.0,7.8,A,-15.2
18981,medium,1,8.0,19.0,8.8,A,-17.3
18982,low,0,13.0,50.0,8.7,A,-100.0
18983,medium,2,14.0,28.0,2.0,A,-100.0
18984,medium,3,8.0,34.0,8.0,A,-100.0
18985,medium,1,6.0,12.0,5.6,C,-15.5
18986,low,1,13.0,4.0,2.2,A,-100.0
18987,none,0,10.0,4.0,5.6,A,-100.0
18988,low,0,5.0,2.0,6.5,A,-10.5
18989,low,1,13.0,7.0,2.5,B,-100.0
18990,none,1,1.0,1.0,3.9,A,-7.9
18991,low,3,13.0,18.0,3.6,B,-100.0
18992,medium,0,9.0,2.0,3.5,C,-19.4
18993,high,1,2.0,5.0,2.8,C,-12.6
18994,high,1,2.0,35.0,6.6,B,-10.4
18995,high,1,4.0,5.0,9.6,A,-12.7
18996,medium,0,8.0,30.0,2.2,A,-18.0
18997,medium,1,5.0,3.0,8.9,B,-12.2
18998,none,4,10.0,2.0,3.9,A,-100.0
18999,low,2,9.0,23.0,4.9,A,-100.0
19000,high,0,40.0,10.0,4.9,C,-100.0
19001,medium,1,2.0,7.0,1.7,A,-10.5
19002,low,2,19.0,17.0,1.2,C,-100.0
19003,low,0,15.0,19.0,8.8,A,-100.0
19004,high,0,7.0,22.0,3.3,A,-18.4
19005,low,0,3.0,25.0,4.3,B,-7.9
19006,high,1,10.0,2.0,7.7,A,-100.0
19007,medium,1,15.0,1.0,2.8,C,-100.0
19008,high,1,4.0,12.0,8.6,A,-13.1
19009,low,2,16.0,5.0,2.2,A,-100.0
19010,high,3,2.0,0.0,8.3,A,-14.9
19011,medium,1,6.0,26.0,7.8,A,-14.2
19012,,1,5.0,15.0,7.4,D,-13.0
19013,low,1,9.0,11.0,7.9,A,-19.2
19014,high,1,4.0,3.0,5.9,C,-14.5
19015,medium,1,9.0,11.0,8.7,C,-19.2
19016,low,2,12.0,10.0,1.9,B,-100.0
19017,low,3,7.0,28.0,3.3,A,-100.0
19018,low,1,6.0,46.0,9.3,B,-12.9
19019,low,2,,25.0,9.1,C,
19020,medium,1,11.0,5.0,3.0,B,-100.0
19021,medium,1,13.0,6.0,2.6,A,-100.0
19022,medium,0,8.0,7.0,3.6,C,-17.5
19023,low,1,13.0,2.0,3.9,A,-100.0
19024,high,1,8.0,7.0,2.8,A,-100.0
19025,low,1,14.0,4.0,8.3,A,-100.0
19026,high,2,14.0,8.0,2.3,A,-100.0
19027,medium,0,8.0,20.0,8.2,A,-15.1
19028,high,1,11.0,41.0,9.7,A,-100.0
19029,medium,2,14.0,15.0,2.6,B,-100.0
19030,high,2,3.0,2.0,8.2,C,-14.1
19031,none,0,4.0,18.0,3.5,A,-10.7
19032,medium,0,5.0,3.0,8.3,A,-10.0
19033,high,1,5.0,13.0,8.3,A,-15.0
19034,medium,1,10.0,13.0,3.6,A,-100.0
19035,low,1,11.0,14.0,5.2,A,-100.0
19036,none,1,4.0,3.0,9.6,B,-10.3
19037,medium,5,4.0,0.0,3.1,B,-100.0
19038,high,2,4.0,20.0,8.7,C,-15.5
19039,medium,1,11.0,50.0,4.4,A,-100.0
19040,high,1,22.0,4.0,5.2,A,-100.0
19041,high,2,8.0,17.0,7.8,A,-100.0
19042,high,1,18.0,10.0,9.2,A,-100.0
19043,high,0,1.0,4.0,,C,
19044,high,0,11.0,2.0,6.4,D,-100.0
19045,high,2,6.0,9.0,4.5,B,-100.0
19046,low,1,5.0,4.0,1.1,A,-15.7
19047,medium,2,13.0,2.0,8.2,A,-100.0
19048,low,0,6.0,2.0,6.8,A,-12.1
19049,low,1,5.0,5.0,8.6,A,-11.9
19050,medium,3,17.0,50.0,,D,
19051,high,0,10.0,13.0,5.0,A,-100.0
19052,none,3,4.0,12.0,3.1,A,-18.5
19053,low,2,5.0,0.0,2.9,A,-17.3
19054,high,0,14.0,19.0,1.0,C,-100.0
19055,high,2,12.0,0.0,8.6,B,-100.0
19056,high,0,17.0,4.0,1.0,B,-100.0
19057,none,2,10.0,15.0,6.2,A,-100.0
19058,none,1,5.0,10.0,5.1,A,-14.2
19059,medium,3,27.0,6.0,8.9,A,-100.0
19060,medium,0,12.0,5.0,1.6,A,-100.0
19061,medium,2,5.0,9.0,3.4,A,-17.4
19062,high,0,8.0,3.0,8.3,D,-17.8
19063,none,4,7.0,4.0,5.2,A,-100.0
19064,low,2,2.0,13.0,9.1,A,-8.8
19065,medium,1,2.0,2.0,7.3,A,-7.7
19066,medium,5,6.0,21.0,1.0,A,-100.0
19067,medium,1,11.0,5.0,2.7,C,-100.0
19068,high,5,7.0,8.0,3.4,C,-100.0
19069,low,4,15.0,12.0,6.8,D,-100.0
19070,none,0,5.0,19.0,2.0,A,-13.2
19071,medium,1,4.0,1.0,6.4,B,-11.7
19072,none,2,2.0,2.0,10.0,B,-9.1
19073,low,0,7.0,30.0,10.0,C,-12.0
19074,low,3,18.0,2.0,8.7,B,-100.0
19075,low,1,5.0,19.0,2.7,C,-14.7
19076,medium,2,4.0,9.0,3.1,C,-15.8
19077,high,1,7.0,2.0,9.0,A,-18.3
19078,high,0,6.0,5.0,2.4,A,-17.3
19079,medium,1,7.0,20.0,8.4,C,-15.8
19080,high,2,10.0,2.0,8.8,C,-100.0
19081,low,2,6.0,1.0,1.6,A,-19.7
19082,medium,1,2.0,1.0,9.7,B,-6.5
19083,none,1,6.0,4.0,8.7,A,-14.2
19084,high,1,18.0,1.0,1.2,A,-100.0
19085,high,1,8.0,24.0,7.8,B,-100.0
19086,medium,1,14.0,7.0,2.2,A,-100.0
19087,high,3,11.0,4.0,4.5,C,-100.0
19088,low,1,3.0,4.0,6.8,A,-9.3
19089,none,3,7.0,5.0,8.2,A,-100.0
19090,high,3,9.0,1.0,9.3,C,-100.0
19091,medium,2,17.0,50.0,6.6,C,-100.0
19092,medium,1,4.0,50.0,9.1,A,-9.8
19093,medium,0,4.0,11.0,3.2,A,-10.7
19094,low,2,9.0,9.0,8.7,C,-100.0
19095,high,3,31.0,12.0,4.3,B,-100.0
19096,high,3,15.0,25.0,6.5,B,-100.0
19097,low,1,6.0,3.0,9.1,A,-13.4
19098,low,3,3.0,0.0,3.6,C,-16.0
19099,low,1,10.0,38.0,8.3,A,-100.0
19100,,1,18.0,1.0,6.8,B,-100.0
19101,high,0,8.0,11.0,6.9,C,-18.5
19102,low,3,7.0,33.0,9.4,A,-19.7
19103,high,2,4.0,14.0,8.9,A,-15.4
19104,low,2,9.0,22.0,8.1,A,-100.0
19105,medium,1,9.0,14.0,7.3,A,-19.9
19106,medium,0,13.0,14.0,2.9,D,-100.0
19107,,4,1.0,13.0,5.8,D,-14.3
19108,,1,13.0,14.0,4.4,A,-100.0
19109,low,0,12.0,5.0,1.6,C,-100.0
19110,high,6,9.0,10.0,1.9,A,-100.0
19111,low,1,2.0,25.0,9.0,A,-6.3
19112,high,4,5.0,18.0,6.4,A,-100.0
19113,none,3,18.0,1.0,8.5,B,-100.0
19114,low,1,14.0,8.0,6.7,C,-100.0
19115,low,1,8.0,14.0,2.5,B,-100.0
19116,high,1,,5.0,9.6,C,
19117,low,1,11.0,41.0,7.5,A,-100.0
19118,none,1,19.0,15.0,8.4,D,-100.0
19119,medium,1,10.0,8.0,4.7,A,-100.0
19120,low,1,7.0,15.0,3.8,C,-17.7
19121,none,1,5.0,5.0,7.4,B,-13.1
19122,low,2,1.0,19.0,9.4,A,-6.9
19123,medium,3,5.0,22.0,9.7,A,-16.6
19124,low,1,20.0,8.0,7.1,A,-100.0
19125,high,0,6.0,22.0,8.8,A,-13.9
19126,high,0,7.0,2.0,8.3,A,-16.1
19127,high,1,25.0,19.0,9.7,A,-100.0
19128,high,0,5.0,14.0,1.3,B,-16.0
19129,high,0,8.0,12.0,3.0,A,-100.0
19130,low,1,14.0,21.0,6.0,C,-100.0
19131,high,0,13.0,16.0,1.9,A,-100.0
19132,none,0,14.0,7.0,6.3,C,-100.0
19133,medium,0,14.0,6.0,9.1,A,-100.0
19134,none,2,4.0,13.0,8.4,A,-13.3
19135,high,1,7.0,17.0,9.2,D,-18.0
19136,low,1,17.0,9.0,4.2,A,-100.0
19137,high,1,3.0,13.0,5.2,A,-13.0
19138,none,0,26.0,23.0,8.5,A,-100.0
19139,medium,3,3.0,30.0,7.3,A,-14.2
19140,high,4,14.0,12.0,5.7,A,-100.0
19141,low,1,5.0,2.0,8.2,A,-12.2
19142,none,0,9.0,19.0,3.5,A,-19.4
19143,high,0,7.0,9.0,8.2,A,-16.1
19144,low,6,3.0,4.0,7.6,B,-100.0
19145,none,4,5.0,10.0,1.4,A,-100.0
19146,low,2,4.0,9.0,2.9,B,-15.5
19147,medium,2,13.0,5.0,8.2,D,-100.0
19148,none,1,12.0,10.0,8.7,C,-100.0
19149,medium,1,6.0,0.0,7.3,A,-14.8
19150,medium,4,5.0,19.0,9.7,A,-19.1
19151,none,1,10.0,14.0,9.2,C,-100.0
19152,low,0,4.0,4.0,3.9,A,-10.0
19153,high,3,15.0,10.0,7.9,C,-100.0
19154,high,2,19.0,5.0,4.5,A,-100.0
19155,low,3,,3.0,3.8,C,
19156,low,1,5.0,16.0,3.6,A,-14.3
19157,none,0,11.0,7.0,2.2,A,-100.0
19158,high,1,,4.0,8.2,C,
19159,low,1,29.0,9.0,2.2,C,-100.0
19160,medium,1,5.0,25.0,4.5,C,-14.1
19161,high,4,13.0,10.0,8.7,A,-100.0
19162,high,3,5.0,4.0,1.6,A,-100.0
19163,low,0,16.0,12.0,9.1,A,-100.0
19164,none,1,5.0,11.0,9.7,C,-11.9
19165,medium,0,5.0,3.0,5.1,C,-11.6
19166,low,0,21.0,33.0,1.7,A,-100.0
19167,high,2,22.0,21.0,4.3,A,-100.0
19168,medium,1,12.0,2.0,8.8,A,-100.0
19169,,2,,12.0,8.4,C,
19170,medium,0,13.0,2.0,3.6,A,-100.0
19171,low,0,8.0,13.0,1.8,A,-18.0
19172,high,3,5.0,7.0,7.7,A,-100.0
19173,low,2,14.0,4.0,8.5,A,-100.0
19174,medium,2,12.0,14.0,8.1,A,-100.0
19175,none,1,18.0,14.0,7.5,A,-100.0
19176,low,3,8.0,0.0,2.3,A,-100.0
19177,low,0,2.0,11.0,5.9,C,-5.5
19178,high,1,11.0,6.0,5.9,C,-100.0
19179,medium,3,3.0,7.0,1.6,A,-17.3
19180,none,3,5.0,3.0,9.3,A,-17.2
19181,low,0,18.0,4.0,8.4,A,-100.0
19182,low,6,8.0,24.0,4.4,A,-100.0
19183,high,2,5.0,3.0,3.2,A,-100.0
19184,high,3,9.0,6.0,6.7,C,-100.0
19185,low,3,3.0,5.0,5.7,A,-14.9
19186,high,0,6.0,13.0,8.3,A,-14.2
19187,low,0,28.0,20.0,4.5,B,-100.0
19188,low,5,15.0,3.0,4.5,D,-100.0
19189,high,1,11.0,2.0,3.0,A,-100.0
19190,high,1,10.0,14.0,9.2,A,-100.0
19191,high,3,8.0,8.0,6.5,D,-100.0
19192,medium,0,15.0,5.0,6.7,A,-100.0
19193,high,1,3.0,9.0,2.4,A,-14.5
19194,high,1,23.0,15.0,4.8,A,-100.0
19195,low,1,10.0,19.0,3.3,A,-100.0
19196,low,0,26.0,5.0,4.9,B,-100.0
19197,none,1,18.0,8.0,7.9,A,-100.0
19198,high,2,8.0,13.0,1.5,A,-100.0
19199,low,4,9.0,11.0,4.1,A,-100.0
19200,high,1,27.0,31.0,8.2,C,-100.0
19201,none,0,4.0,7.0,4.7,A,-10.2
19202,high,1,8.0,4.0,1.8,A,-100.0
19203,high,1,6.0,22.0,3.7,A,-19.0
19204,medium,1,10.0,2.0,2.6,C,-100.0
19205,low,4,8.0,10.0,3.6,A,-100.0
19206,none,0,14.0,2.0,5.2,C,-100.0
19207,medium,3,2.0,13.0,9.2,A,-11.7
19208,high,0,9.0,21.0,3.8,B,-100.0
19209,none,1,7.0,18.0,8.5,A,-15.9
19210,high,1,7.0,0.0,9.6,A,-18.0
19211,high,1,26.0,25.0,6.0,C,-100.0
19212,high,1,9.0,50.0,1.7,A,-100.0
19213,medium,1,9.0,16.0,9.3,A,-18.8
19214,low,0,4.0,3.0,8.2,A,-7.9
19215,high,2,28.0,5.0,8.9,A,-100.0
19216,medium,1,7.0,3.0,9.0,A,-15.6
19217,none,1,3.0,17.0,8.6,A,-8.9
19218,high,1,12.0,8.0,1.8,D,-100.0
19219,high,1,9.0,20.0,1.8,C,-100.0
19220,high,2,11.0,14.0,6.5,D,-100.0
19221,low,0,4.0,0.0,3.5,A,-10.3
19222,low,1,22.0,33.0,3.3,B,-100.0
19223,medium,0,4.0,35.0,8.7,A,-7.7
19224,high,2,21.0,33.0,3.4,C,-100.0
19225,high,2,8.0,8.0,8.0,A,-100.0
19226,low,2,20.0,8.0,1.6,C,-100.0
19227,medium,1,7.0,10.0,1.1,A,-19.5
19228,high,1,10.0,8.0,3.4,A,-100.0
19229,low,2,17.0,5.0,8.5,A,-100.0
19230,low,2,21.0,6.0,9.2,A,-100.0
19231,low,0,6.0,2.0,5.2,A,-12.9
19232,medium,1,3.0,6.0,3.0,A,-11.6
19233,none,3,3.0,10.0,9.2,D,-13.7
19234,high,0,8.0,1.0,4.9,A,-19.6
19235,none,2,18.0,5.0,9.3,A,-100.0
19236,none,2,3.0,3.0,6.8,A,-12.4
19237,low,1,16.0,14.0,3.7,C,-100.0
19238,high,1,14.0,1.0,1.3,A,-100.0
19239,low,1,6.0,1.0,1.6,A,-17.2
19240,high,2,7.0,22.0,9.8,A,-100.0
19241,high,0,22.0,1.0,2.9,A,-100.0
19242,low,1,17.0,20.0,6.0,A,-100.0
19243,high,1,12.0,3.0,2.1,A,-100.0
19244,none,0,9.0,31.0,9.9,A,-16.1
19245,high,0,24.0,0.0,8.4,A,-100.0
19246,none,1,30.0,33.0,1.6,A,-100.0
19247,low,0,12.0,4.0,1.8,C,-100.0
19248,medium,2,15.0,12.0,2.5,A,-100.0
19249,medium,3,10.0,18.0,1.4,C,-100.0
19250,low,0,2.0,19.0,5.2,C,-5.7
19251,none,1,27.0,11.0,8.9,C,-100.0
19252,none,3,7.0,7.0,7.3,A,-100.0
19253,low,2,3.0,18.0,9.2,A,-10.5
19254,medium,0,13.0,31.0,3.2,C,-100.0
19255,medium,1,0.0,1.0,,C,
19256,high,2,19.0,20.0,9.5,A,-100.0
19257,medium,0,14.0,17.0,9.9,A,-100.0
19258,high,1,7.0,9.0,7.3,A,-19.0
19259,high,1,18.0,12.0,9.8,A,-100.0
19260,medium,0,7.0,15.0,7.5,A,-13.7
19261,high,3,8.0,2.0,8.5,A,-100.0
19262,high,2,8.0,12.0,7.5,C,-100.0
19263,high,1,25.0,6.0,9.0,A,-100.0
19264,medium,0,16.0,7.0,3.7,A,-100.0
19265,medium,1,8.0,0.0,7.4,A,-18.2
19266,high,3,20.0,28.0,3.7,A,-100.0
19267,low,6,7.0,23.0,9.8,C,-100.0
19268,medium,0,9.0,7.0,8.2,A,-17.0
19269,high,2,5.0,50.0,4.3,A,-19.1
19270,low,1,6.0,1.0,7.1,B,-14.5
19271,medium,1,10.0,2.0,4.3,A,-100.0
19272,high,2,9.0,5.0,1.1,C,-100.0
19273,none,4,3.0,16.0,2.8,A,-19.3
19274,medium,4,29.0,25.0,8.9,C,-100.0
19275,medium,3,12.0,4.0,9.3,A,-100.0
19276,none,1,11.0,1.0,2.1,A,-100.0
19277,medium,1,2.0,2.0,4.1,A,-9.3
19278,high,1,31.0,20.0,9.9,A,-100.0
19279,low,0,6.0,18.0,6.0,A,-12.3
19280,high,3,11.0,7.0,8.0,A,-100.0
19281,low,1,5.0,31.0,8.4,A,-11.8
19282,high,2,14.0,4.0,8.6,A,-100.0
19283,low,2,6.0,16.0,1.4,D,-19.7
19284,medium,1,6.0,14.0,6.8,A,-14.9
19285,low,2,10.0,14.0,4.1,C,-100.0
19286,medium,2,6.0,16.0,3.7,A,-18.9
19287,low,2,40.0,3.0,5.2,A,-100.0
19288,low,1,9.0,1.0,8.2,A,-19.2
19289,low,3,5.0,20.0,7.6,C,-17.3
19290,medium,1,4.0,1.0,1.5,A,-14.1
19291,low,1,8.0,4.0,2.2,C,-100.0
19292,medium,2,3.0,5.0,9.8,A,-10.7
19293,low,0,16.0,7.0,7.7,A,-100.0
19294,low,2,6.0,16.0,9.6,A,-15.6
19295,medium,2,4.0,6.0,8.4,A,-13.1
19296,low,1,5.0,8.0,2.4,C,-15.0
19297,low,2,15.0,12.0,9.5,B,-100.0
19298,low,4,10.0,21.0,3.9,A,-100.0
19299,none,1,25.0,34.0,7.8,A,-100.0
19300,none,0,18.0,50.0,7.7,A,-100.0
19301,medium,2,3.0,6.0,4.7,A,-13.2
19302,medium,0,13.0,37.0,2.2,C,-100.0
19303,high,0,26.0,1.0,3.2,A,-100.0
19304,high,1,3.0,3.0,9.5,C,-11.0
19305,high,1,3.0,2.0,2.5,B,-14.5
19306,medium,3,24.0,5.0,8.5,C,-100.0
19307,none,1,10.0,3.0,3.1,C,-100.0
19308,none,3,10.0,33.0,6.8,A,-100.0
19309,medium,2,13.0,27.0,8.9,A,-100.0
19310,medium,1,20.0,6.0,3.7,A,-100.0
19311,high,0,5.0,13.0,1.6,C,-15.8
19312,high,0,25.0,5.0,7.0,D,-100.0
19313,medium,1,7.0,6.0,4.4,A,-17.9
19314,low,0,4.0,0.0,3.9,D,-10.1
19315,high,0,3.0,8.0,1.2,C,-12.6
19316,high,2,2.0,24.0,1.4,A,-15.6
19317,none,1,16.0,0.0,8.3,A,-100.0
19318,high,2,8.0,0.0,9.6,A,-100.0
19319,low,2,2.0,16.0,5.9,D,-10.4
19320,high,2,16.0,2.0,4.9,A,-100.0
19321,high,0,4.0,20.0,4.2,A,-12.7
19322,none,1,9.0,4.0,9.1,C,-19.3
19323,low,4,27.0,9.0,8.4,B,-100.0
19324,low,4,5.0,24.0,3.4,A,-100.0
19325,high,1,14.0,10.0,2.1,A,-100.0
19326,low,1,7.0,9.0,9.8,A,-14.8
19327,medium,0,17.0,7.0,6.7,A,-100.0
19328,,1,6.0,32.0,7.8,C,-14.4
19329,low,1,0.0,5.0,9.3,A,-2.8
19330,low,1,17.0,38.0,8.5,B,-100.0
19331,high,2,2.0,15.0,10.0,A,-11.4
19332,low,0,7.0,45.0,8.9,C,-12.4
19333,none,0,6.0,1.0,9.4,A,-11.4
19334,low,3,10.0,1.0,8.1,C,-100.0
19335,low,3,10.0,12.0,8.8,C,-100.0
19336,medium,1,8.0,4.0,8.2,A,-17.8
19337,medium,2,4.0,21.0,4.2,A,-15.1
19338,none,2,14.0,13.0,4.7,A,-100.0
19339,none,0,6.0,21.0,1.0,A,-15.4
19340,low,2,29.0,12.0,9.5,A,-100.0
19341,high,2,19.0,7.0,6.8,A,-100.0
19342,high,1,,20.0,8.7,C,
19343,high,2,13.0,1.0,1.9,A,-100.0
19344,medium,3,13.0,9.0,9.5,A,-100.0
19345,low,0,15.0,6.0,8.4,A,-100.0
19346,low,0,7.0,3.0,,D,
19347,high,2,3.0,10.0,2.7,B,-16.8
19348,medium,3,8.0,10.0,5.8,A,-100.0
19349,medium,2,18.0,8.0,6.2,A,-100.0
19350,none,1,10.0,39.0,9.6,C,-100.0
19351,medium,1,22.0,11.0,9.4,D,-100.0
19352,medium,1,3.0,0.0,8.5,A,-8.9
19353,high,1,,16.0,1.6,C,
19354,high,3,14.0,7.0,9.2,A,-100.0
19355,low,3,4.0,8.0,9.8,B,-14.5
19356,low,2,8.0,4.0,6.8,A,-100.0
19357,medium,1,6.0,1.0,6.7,A,-15.0
19358,none,0,8.0,4.0,3.9,A,-17.6
19359,low,3,5.0,1.0,8.7,A,-16.9
19360,high,0,9.0,9.0,7.0,C,-100.0
19361,high,3,4.0,11.0,3.9,A,-100.0
19362,high,2,5.0,12.0,3.9,A,-19.7
19363,low,0,13.0,29.0,3.8,A,-100.0
19364,low,3,19.0,4.0,7.5,A,-100.0
19365,low,1,13.0,3.0,6.7,A,-100.0
19366,medium,0,6.0,15.0,4.2,C,-13.7
19367,low,1,5.0,2.0,1.9,A,-15.3
19368,high,2,4.0,2.0,7.1,A,-16.4
19369,low,1,1.0,16.0,9.8,A,-4.2
19370,low,1,8.0,45.0,9.0,A,-16.6
19371,high,0,3.0,4.0,4.3,A,-11.1
19372,low,0,16.0,12.0,6.8,A,-100.0
19373,low,0,15.0,3.0,1.2,B,-100.0
19374,low,0,5.0,24.0,8.2,A,-9.4
19375,low,1,7.0,10.0,5.1,D,-17.1
19376,medium,2,6.0,9.0,6.9,B,-17.4
19377,low,2,12.0,7.0,1.5,A,-100.0
19378,medium,1,14.0,5.0,6.9,C,-100.0
19379,high,2,19.0,7.0,3.4,A,-100.0
19380,none,3,8.0,1.0,9.9,A,-100.0
19381,high,2,16.0,4.0,8.9,D,-100.0
19382,,2,29.0,38.0,5.4,A,-100.0
19383,high,0,8.0,14.0,2.4,A,-100.0
19384,high,1,38.0,0.0,9.3,A,-100.0
19385,low,0,14.0,15.0,7.8,A,-100.0
19386,none,0,6.0,3.0,2.8,B,-14.7
19387,high,0,6.0,23.0,9.1,A,-13.7
19388,medium,1,7.0,8.0,4.3,A,-17.9
19389,none,1,5.0,4.0,7.2,A,-13.2
19390,none,1,5.0,17.0,7.6,A,-12.9
19391,medium,1,4.0,12.0,3.7,A,-12.9
19392,low,0,2.0,19.0,5.8,A,-5.4
19393,high,2,7.0,8.0,5.6,A,-100.0
19394,high,2,9.0,8.0,9.4,A,-100.0
19395,low,0,11.0,32.0,1.5,A,-100.0
19396,low,1,17.0,6.0,8.9,A,-100.0
19397,low,1,3.0,6.0,2.5,A,-11.5
19398,low,1,14.0,5.0,3.8,A,-100.0
19399,high,2,13.0,2.0,4.4,C,-100.0
19400,medium,1,7.0,4.0,4.7,A,-17.8
19401,low,0,4.0,16.0,5.1,A,-9.3
19402,medium,1,18.0,17.0,2.0,A,-100.0
19403,medium,0,6.0,46.0,3.8,A,-13.5
19404,high,2,5.0,2.0,2.0,C,-100.0
19405,medium,1,5.0,10.0,5.1,A,-14.0
19406,none,0,9.0,28.0,7.0,A,-17.6
19407,medium,0,14.0,8.0,8.4,C,-100.0
19408,low,0,2.0,4.0,3.3,C,-6.8
19409,high,1,21.0,7.0,9.0,A,-100.0
19410,high,0,16.0,12.0,4.7,A,-100.0
19411,low,2,11.0,10.0,8.1,C,-100.0
19412,medium,0,11.0,5.0,8.4,A,-100.0
19413,low,1,2.0,3.0,3.4,A,-9.3
19414,medium,1,11.0,1.0,9.7,A,-100.0
19415,none,0,6.0,19.0,7.8,A,-12.0
19416,low,0,12.0,16.0,8.2,C,-100.0
19417,medium,3,12.0,10.0,9.0,A,-100.0
19418,low,1,22.0,9.0,6.1,C,-100.0
19419,medium,0,8.0,12.0,8.3,A,-15.1
19420,low,1,4.0,12.0,1.3,D,-13.8
19421,high,1,3.0,3.0,3.9,A,-13.8
19422,none,0,10.0,6.0,8.8,B,-18.7
19423,none,2,26.0,0.0,8.8,A,-100.0
19424,low,1,1.0,6.0,6.5,A,-6.0
19425,high,2,10.0,10.0,8.4,C,-100.0
19426,high,2,1.0,1.0,1.1,A,-14.2
19427,medium,2,10.0,1.0,8.7,A,-100.0
19428,high,4,12.0,10.0,7.5,A,-100.0
19429,low,1,33.0,14.0,4.3,A,-100.0
19430,medium,2,17.0,12.0,8.7,A,-100.0
19431,medium,0,10.0,40.0,8.1,D,-18.4
19432,medium,4,21.0,1.0,9.2,A,-100.0
19433,medium,1,5.0,2.0,3.0,B,-15.1
19434,medium,2,27.0,12.0,9.9,A,-100.0
19435,high,2,20.0,1.0,2.8,A,-100.0
19436,high,2,10.0,7.0,3.3,A,-100.0
19437,low,2,3.0,31.0,8.5,C,-10.7
19438,none,4,12.0,7.0,8.9,A,-100.0
19439,medium,2,19.0,41.0,7.9,A,-100.0
19440,low,0,2.0,11.0,8.8,A,-4.0
19441,none,4,2.0,7.0,4.9,B,-16.6
19442,low,1,2.0,12.0,4.7,C,-8.5
19443,none,1,11.0,2.0,1.4,A,-100.0
19444,high,0,16.0,28.0,8.2,A,-100.0
19445,low,3,2.0,8.0,1.4,C,-15.3
19446,low,1,5.0,10.0,5.1,A,-13.6
19447,low,3,3.0,1.0,2.2,A,-16.7
19448,low,1,5.0,2.0,2.4,C,-15.1
19449,high,2,3.0,1.0,5.1,A,-15.7
19450,high,2,22.0,17.0,8.3,A,-100.0
19451,,2,23.0,15.0,7.5,A,-100.0
19452,high,3,16.0,3.0,2.4,A,-100.0
19453,low,4,9.0,10.0,8.3,B,-100.0
19454,high,2,1.0,2.0,,A,
19455,low,2,20.0,8.0,9.5,B,-100.0
19456,medium,1,8.0,6.0,8.8,A,-17.4
19457,low,0,4.0,19.0,7.0,D,-8.3
19458,low,2,25.0,0.0,6.9,A,-100.0
19459,medium,2,12.0,9.0,10.0,A,-100.0
19460,none,2,14.0,5.0,6.4,C,-100.0
19461,medium,1,5.0,10.0,3.2,A,-15.0
19462,high,3,19.0,16.0,9.5,C,-100.0
19463,medium,1,6.0,7.0,9.3,A,-13.7
19464,,1,2.0,4.0,8.8,A,-7.2
19465,low,4,10.0,3.0,6.3,A,-100.0
19466,low,2,6.0,12.0,9.5,B,-15.7
19467,medium,0,21.0,11.0,9.2,A,-100.0
19468,medium,3,2.0,1.0,9.1,A,-11.8
19469,low,2,,14.0,8.1,C,
19470,high,1,6.0,5.0,3.9,C,-19.0
19471,high,1,1.0,27.0,5.6,A,-9.2
19472,low,1,4.0,47.0,5.4,A,-11.4
19473,low,1,15.0,15.0,1.8,C,-100.0
19474,none,2,8.0,25.0,4.4,A,-100.0
19475,medium,1,5.0,4.0,9.9,A,-11.7
19476,low,3,5.0,50.0,3.4,C,-19.1
19477,medium,1,33.0,14.0,3.6,B,-100.0
19478,low,0,4.0,5.0,3.3,A,-10.3
19479,high,1,1.0,4.0,9.1,A,-7.7
19480,medium,2,3.0,12.0,8.3,C,-11.4
19481,,2,13.0,0.0,1.3,A,-100.0
19482,low,2,21.0,6.0,8.5,A,-100.0
19483,medium,4,10.0,7.0,9.9,A,-100.0
19484,low,2,3.0,5.0,1.1,A,-14.7
19485,low,0,12.0,13.0,3.9,A,-100.0
19486,low,1,11.0,1.0,8.1,A,-100.0
19487,none,4,5.0,12.0,8.2,A,-100.0
19488,low,1,6.0,3.0,4.0,A,-16.0
19489,low,4,7.0,25.0,7.3,A,-100.0
19490,low,1,20.0,16.0,10.0,B,-100.0
19491,medium,0,9.0,21.0,6.8,B,-17.5
19492,medium,1,7.0,3.0,1.9,A,-19.2
19493,none,1,3.0,8.0,9.8,C,-8.4
19494,none,0,22.0,18.0,7.9,A,-100.0
19495,high,0,5.0,50.0,3.1,A,-14.7
19496,,0,13.0,0.0,8.5,A,-100.0
19497,none,1,5.0,25.0,9.6,A,-11.8
19498,medium,3,2.0,1.0,2.8,A,-15.0
19499,high,1,18.0,28.0,6.8,A,-100.0
19500,,0,9.0,3.0,4.6,A,-19.0
19501,low,3,3.0,13.0,6.2,A,-14.6
19502,medium,1,25.0,1.0,6.2,A,-100.0
19503,high,3,3.0,3.0,2.0,A,-19.8
19504,medium,1,9.0,4.0,9.3,C,-19.0
19505,high,2,6.0,5.0,8.6,A,-19.2
19506,high,3,8.0,38.0,1.1,B,-100.0
19507,medium,0,4.0,11.0,6.7,A,-8.9
19508,low,1,20.0,3.0,3.3,C,-100.0
19509,none,0,4.0,27.0,1.2,A,-11.8
19510,medium,1,22.0,5.0,5.1,A,-100.0
19511,low,1,11.0,22.0,9.5,C,-100.0
19512,medium,3,5.0,8.0,4.7,A,-19.2
19513,medium,0,12.0,3.0,9.2,A,-100.0
19514,high,0,,7.0,7.3,C,
19515,medium,2,6.0,10.0,1.1,A,-100.0
19516,high,4,16.0,13.0,9.8,A,-100.0
19517,low,2,9.0,28.0,6.8,A,-100.0
19518,medium,2,1.0,12.0,8.3,B,-7.9
19519,high,3,9.0,0.0,8.8,C,-100.0
19520,medium,4,28.0,46.0,8.5,A,-100.0
19521,medium,1,6.0,7.0,4.1,A,-16.3
19522,high,0,8.0,5.0,9.2,B,-17.4
19523,low,2,8.0,10.0,3.9,A,-100.0
19524,low,3,5.0,26.0,8.2,A,-16.9
19525,,1,9.0,48.0,5.8,A,-100.0
19526,medium,2,8.0,4.0,2.5,A,-100.0
19527,medium,3,2.0,0.0,6.8,C,-13.0
19528,high,0,9.0,36.0,2.0,A,-100.0
19529,none,2,7.0,2.0,8.3,C,-18.7
19530,medium,3,3.0,1.0,9.3,A,-13.5
19531,none,0,14.0,39.0,8.6,C,-100.0
19532,none,1,7.0,14.0,9.3,A,-15.6
19533,none,1,12.0,2.0,8.8,A,-100.0
19534,low,1,12.0,13.0,6.7,A,-100.0
19535,medium,1,8.0,15.0,9.0,D,-17.3
19536,low,0,3.0,4.0,9.5,B,-5.5
19537,medium,2,11.0,1.0,3.2,C,-100.0
19538,low,2,9.0,0.0,5.3,A,-100.0
19539,medium,2,11.0,22.0,3.5,B,-100.0
19540,high,3,18.0,5.0,1.1,A,-100.0
19541,high,2,3.0,24.0,2.9,A,-16.6
19542,high,1,3.0,41.0,8.9,B,-10.9
19543,low,1,7.0,5.0,3.8,C,-17.8
19544,medium,0,5.0,1.0,7.6,C,-10.3
19545,none,3,17.0,3.0,5.1,A,-100.0
19546,medium,0,10.0,15.0,8.2,C,-18.7
19547,high,2,1.0,8.0,9.1,C,-10.1
19548,high,2,9.0,1.0,5.7,B,-100.0
19549,high,1,5.0,15.0,2.2,C,-18.0
19550,high,3,6.0,4.0,6.3,B,-100.0
19551,high,3,17.0,11.0,6.9,C,-100.0
19552,medium,2,7.0,4.0,9.0,D,-18.1
19553,low,3,10.0,4.0,6.0,C,-100.0
19554,low,0,31.0,6.0,6.4,B,-100.0
19555,medium,1,7.0,0.0,8.7,A,-15.8
19556,none,0,20.0,1.0,2.0,A,-100.0
19557,low,0,,23.0,6.1,C,
19558,medium,2,2.0,2.0,8.8,C,-9.5
19559,low,1,27.0,3.0,7.3,A,-100.0
19560,none,2,10.0,3.0,6.2,A,-100.0
19561,medium,0,10.0,1.0,8.4,A,-18.7
19562,low,4,5.0,27.0,1.7,A,-100.0
19563,low,2,10.0,2.0,2.9,A,-100.0
19564,low,1,6.0,2.0,1.4,A,-17.3
19565,medium,0,4.0,5.0,4.1,C,-10.3
19566,none,2,9.0,4.0,8.3,C,-100.0
19567,low,0,6.0,25.0,4.7,A,-12.9
19568,low,0,3.0,8.0,9.6,A,-5.4
19569,medium,1,13.0,40.0,8.2,A,-100.0
19570,high,3,5.0,3.0,4.4,A,-100.0
19571,low,3,6.0,14.0,8.7,A,-18.5
19572,medium,1,18.0,8.0,6.3,C,-100.0
19573,none,0,40.0,11.0,4.9,B,-100.0
19574,low,2,3.0,1.0,3.7,A,-13.4
19575,none,3,10.0,6.0,3.4,C,-100.0
19576,low,2,6.0,0.0,8.4,A,-16.3
19577,low,0,10.0,7.0,5.2,A,-19.9
19578,medium,2,4.0,17.0,7.7,A,-13.4
19579,high,3,13.0,9.0,7.3,C,-100.0
19580,medium,0,10.0,3.0,1.5,C,-100.0
19581,low,3,6.0,4.0,6.7,A,-19.6
19582,low,3,4.0,1.0,8.8,B,-15.1
19583,none,0,12.0,10.0,9.0,A,-100.0
19584,medium,0,14.0,11.0,3.8,A,-100.0
19585,medium,2,6.0,8.0,4.4,A,-18.6
19586,high,1,7.0,5.0,8.6,A,-18.4
19587,medium,3,20.0,22.0,8.6,B,-100.0
19588,medium,5,8.0,39.0,3.3,C,-100.0
19589,low,0,8.0,10.0,3.5,B,-17.2
19590,medium,4,12.0,33.0,8.6,A,-100.0
19591,high,3,11.0,36.0,1.9,A,-100.0
19592,high,3,18.0,2.0,9.6,C,-100.0
19593,medium,1,6.0,1.0,8.4,A,-14.2
19594,none,2,5.0,11.0,10.0,A,-14.3
19595,none,5,18.0,11.0,5.0,A,-100.0
19596,none,2,3.0,26.0,1.7,A,-14.8
19597,none,2,11.0,2.0,5.6,C,-100.0
19598,medium,0,8.0,28.0,5.2,A,-16.5
19599,low,2,13.0,18.0,9.4,A,-100.0
19600,low,0,15.0,1.0,5.7,C,-100.0
19601,medium,3,17.0,6.0,9.3,A,-100.0
19602,medium,0,5.0,8.0,8.0,A,-10.1
19603,none,3,7.0,29.0,9.0,C,-100.0
19604,high,0,,22.0,7.6,C,
19605,high,3,15.0,1.0,2.5,A,-100.0
19606,,0,9.0,12.0,4.3,A,-19.1
19607,low,2,7.0,24.0,8.5,C,-17.8
19608,medium,1,9.0,3.0,3.6,A,-100.0
19609,low,1,3.0,10.0,8.6,A,-8.4
19610,low,4,8.0,6.0,8.6,A,-100.0
19611,medium,3,6.0,3.0,7.2,A,-19.8
19612,high,0,12.0,7.0,2.2,A,-100.0
19613,low,4,9.0,2.0,6.2,C,-100.0
19614,none,0,12.0,3.0,2.6,C,-100.0
19615,medium,0,9.0,14.0,3.3,A,-19.4
19616,low,1,2.0,8.0,5.4,A,-8.2
19617,low,0,17.0,1.0,7.0,A,-100.0
19618,high,2,11.0,17.0,8.8,A,-100.0
19619,high,2,16.0,14.0,1.5,A,-100.0
19620,low,1,6.0,1.0,5.4,A,-15.3
19621,high,0,3.0,5.0,8.2,A,-9.1
19622,low,0,1.0,19.0,5.6,B,-3.8
19623,low,0,8.0,20.0,7.2,C,-15.2
19624,low,2,3.0,15.0,3.7,A,-13.3
19625,low,1,4.0,1.0,2.5,C,-13.3
19626,none,2,5.0,50.0,1.8,A,-18.0
19627,none,1,15.0,28.0,9.7,B,-100.0
19628,high,0,8.0,17.0,1.0,A,-100.0
19629,high,1,25.0,8.0,2.7,A,-100.0
19630,none,3,5.0,12.0,1.9,A,-100.0
19631,none,2,8.0,0.0,2.9,A,-100.0
19632,low,0,14.0,1.0,8.6,A,-100.0
19633,none,0,10.0,13.0,9.9,A,-18.1
19634,low,2,9.0,1.0,9.2,A,-100.0
19635,low,2,20.0,17.0,4.2,C,-100.0
19636,high,1,8.0,18.0,5.1,A,-100.0
19637,medium,1,8.0,2.0,3.1,A,-100.0
19638,high,1,15.0,2.0,9.9,B,-100.0
19639,medium,2,4.0,6.0,7.0,B,-13.8
19640,medium,1,12.0,6.0,2.4,C,-100.0
19641,high,0,,3.0,9.7,C,
19642,low,1,3.0,35.0,7.1,C,-8.9
19643,high,2,28.0,19.0,1.4,D,-100.0
19644,low,0,4.0,11.0,8.1,C,-7.9
19645,low,2,15.0,0.0,1.5,A,-100.0
19646,high,0,5.0,4.0,9.8,B,-11.8
19647,low,2,13.0,0.0,4.3,A,-100.0
19648,none,1,9.0,6.0,2.7,A,-100.0
19649,none,1,2.0,10.0,5.1,A,-9.0
19650,high,0,15.0,15.0,6.8,A,-100.0
19651,high,5,13.0,26.0,3.3,A,-100.0
19652,,2,13.0,33.0,9.7,C,-100.0
19653,low,1,7.0,3.0,9.2,A,-15.2
19654,,1,5.0,4.0,4.4,A,-14.6
19655,high,1,8.0,6.0,1.9,A,-100.0
19656,medium,0,17.0,10.0,10.0,B,-100.0
19657,medium,2,5.0,2.0,9.6,A,-14.3
19658,low,2,12.0,6.0,1.2,C,-100.0
19659,medium,1,3.0,3.0,1.6,A,-12.3
19660,medium,2,28.0,2.0,9.0,A,-100.0
19661,high,1,4.0,3.0,1.8,A,-16.6
19662,medium,5,11.0,12.0,8.5,A,-100.0
19663,low,1,1.0,21.0,6.7,C,-5.7
19664,high,2,18.0,3.0,3.1,B,-100.0
19665,high,3,6.0,2.0,2.8,A,-100.0
19666,none,2,6.0,5.0,9.4,C,-16.4
19667,medium,2,20.0,13.0,1.3,C,-100.0
19668,none,0,31.0,15.0,9.4,A,-100.0
19669,medium,1,10.0,1.0,5.8,A,-100.0
19670,low,1,2.0,3.0,9.1,A,-6.4
19671,medium,1,17.0,21.0,8.4,C,-100.0
19672,high,2,3.0,7.0,4.2,A,-16.1
19673,none,1,2.0,14.0,4.5,D,-9.2
19674,none,2,12.0,20.0,9.7,A,-100.0
19675,medium,1,5.0,10.0,8.3,A,-12.4
19676,low,1,7.0,4.0,4.2,C,-17.6
19677,low,0,8.0,3.0,8.3,C,-14.8
19678,none,1,12.0,4.0,1.7,A,-100.0
19679,high,1,8.0,3.0,9.1,C,-19.9
19680,high,0,4.0,4.0,1.2,A,-14.4
19681,high,1,6.0,1.0,9.5,A,-16.3
19682,high,2,7.0,18.0,1.4,C,-100.0
19683,low,1,12.0,8.0,1.3,A,-100.0
19684,low,3,3.0,12.0,9.4,C,-13.0
19685,high,2,7.0,14.0,4.1,A,-100.0
19686,medium,2,6.0,9.0,1.7,A,-20.0
19687,high,2,23.0,1.0,1.5,C,-100.0
19688,low,3,3.0,2.0,7.2,B,-14.2
19689,medium,2,12.0,2.0,4.6,A,-100.0
19690,medium,3,11.0,2.0,6.1,A,-100.0
19691,medium,1,4.0,2.0,6.1,A,-11.8
19692,none,0,13.0,19.0,8.2,C,-100.0
19693,high,0,22.0,5.0,9.9,C,-100.0
19694,low,1,8.0,7.0,5.7,A,-18.6
19695,medium,1,16.0,15.0,5.9,A,-100.0
19696,none,2,,10.0,9.2,C,
19697,high,0,3.0,7.0,9.9,C,-8.3
19698,low,1,5.0,4.0,6.7,A,-12.9
19699,low,0,8.0,3.0,4.7,A,-16.6
19700,low,1,23.0,18.0,6.0,A,-100.0
19701,medium,2,17.0,2.0,8.7,A,-100.0
19702,high,1,15.0,3.0,4.4,D,-100.0
19703,low,2,3.0,6.0,1.6,A,-14.4
19704,none,2,5.0,16.0,9.5,C,-14.5
19705,medium,1,4.0,6.0,5.3,A,-12.2
19706,low,2,5.0,2.0,9.2,A,-14.2
19707,medium,2,6.0,6.0,8.2,A,-16.7
19708,medium,2,26.0,16.0,1.1,A,-100.0
19709,high,0,11.0,5.0,8.5,A,-100.0
19710,medium,0,2.0,1.0,8.6,B,-4.6
19711,low,0,6.0,28.0,9.3,A,-10.6
19712,none,0,8.0,0.0,9.7,A,-14.8
19713,high,0,29.0,14.0,5.1,A,-100.0
19714,,1,7.0,23.0,9.0,C,-15.7
19715,high,1,6.0,21.0,3.7,A,-19.0
19716,none,1,7.0,3.0,9.4,A,-15.6
19717,none,0,3.0,2.0,6.0,C,-7.9
19718,medium,4,5.0,26.0,1.2,A,-100.0
19719,low,2,8.0,19.0,2.6,A,-100.0
19720,low,2,6.0,23.0,9.4,B,-15.6
19721,low,2,16.0,3.0,7.3,C,-100.0
19722,medium,0,6.0,17.0,1.9,D,-14.8
19723,medium,4,10.0,8.0,6.0,A,-100.0
19724,high,3,14.0,28.0,7.1,D,-100.0
19725,low,1,10.0,22.0,7.0,C,-100.0
19726,medium,3,7.0,14.0,9.0,A,-100.0
19727,medium,1,4.0,11.0,5.0,A,-12.3
19728,medium,0,13.0,9.0,5.3,A,-100.0
19729,medium,1,11.0,5.0,3.2,C,-100.0
19730,high,1,12.0,0.0,9.0,A,-100.0
19731,low,1,2.0,28.0,9.1,A,-6.2
19732,medium,1,10.0,11.0,3.0,C,-100.0
19733,none,2,6.0,25.0,9.7,A,-16.0
19734,high,2,1.0,9.0,9.0,A,-10.2
19735,low,1,15.0,2.0,9.8,A,-100.0
19736,low,3,13.0,6.0,8.3,D,-100.0
19737,low,2,11.0,6.0,1.8,A,-100.0
19738,low,2,15.0,1.0,4.2,C,-100.0
19739,none,1,5.0,6.0,9.4,A,-12.1
19740,none,1,5.0,7.0,7.7,A,-13.0
19741,none,2,11.0,14.0,8.1,B,-100.0
19742,medium,3,8.0,23.0,8.1,A,-100.0
19743,medium,0,7.0,32.0,4.3,A,-15.2
19744,high,1,9.0,33.0,9.2,A,-100.0
19745,high,1,6.0,19.0,4.0,C,-18.8
19746,,1,13.0,16.0,1.6,C,-100.0
19747,medium,2,11.0,22.0,3.2,C,-100.0
19748,medium,1,5.0,19.0,9.4,A,-11.8
19749,high,1,2.0,14.0,9.4,A,-9.2
19750,medium,2,8.0,2.0,2.0,A,-100.0
19751,,0,16.0,4.0,8.3,A,-100.0
19752,medium,0,8.0,0.0,1.5,A,-18.7
19753,high,3,7.0,31.0,3.6,A,-100.0
19754,low,2,8.0,2.0,5.1,A,-100.0
19755,high,7,16.0,27.0,9.3,A,-100.0
19756,medium,1,2.0,7.0,7.2,A,-7.7
19757,low,0,5.0,39.0,2.1,A,-12.3
19758,high,1,18.0,1.0,6.7,D,-100.0
19759,low,0,14.0,9.0,8.5,C,-100.0
19760,none,0,,1.0,3.2,C,
19761,low,1,7.0,4.0,8.6,A,-15.4
19762,,1,21.0,7.0,8.8,B,-100.0
19763,medium,1,7.0,2.0,1.5,B,-19.4
19764,low,1,14.0,6.0,3.2,A,-100.0
19765,low,1,7.0,2.0,3.9,C,-17.8
19766,medium,2,5.0,39.0,9.0,B,-14.3
19767,high,2,27.0,0.0,8.9,A,-100.0
19768,none,2,14.0,22.0,8.8,A,-100.0
19769,low,0,19.0,1.0,1.4,A,-100.0
19770,medium,0,7.0,11.0,3.0,A,-16.0
19771,low,1,7.0,0.0,3.2,A,-18.2
19772,high,1,2.0,23.0,8.1,A,-9.7
19773,low,1,4.0,28.0,3.9,A,-12.3
19774,low,2,22.0,9.0,9.9,A,-100.0
19775,low,2,13.0,6.0,2.2,B,-100.0
19776,high,3,4.0,1.0,8.1,A,-18.5
19777,high,2,7.0,14.0,8.6,A,-100.0
19778,high,0,8.0,13.0,9.1,A,-17.3
19779,medium,1,17.0,6.0,9.3,C,-100.0
19780,low,1,10.0,3.0,3.4,A,-100.0
19781,low,2,5.0,13.0,5.1,A,-16.1
19782,low,4,8.0,7.0,4.9,C,-100.0
19783,medium,1,10.0,13.0,1.3,A,-100.0
19784,,2,7.0,3.0,6.4,A,-19.6
19785,high,0,16.0,19.0,1.9,A,-100.0
19786,low,1,28.0,6.0,8.7,C,-100.0
19787,high,2,7.0,1.0,9.1,A,-100.0
19788,low,0,8.0,24.0,9.9,A,-13.8
19789,high,2,15.0,6.0,4.2,B,-100.0
19790,none,2,4.0,26.0,1.8,D,-16.5
19791,medium,4,4.0,9.0,7.6,B,-18.5
19792,low,2,,5.0,4.4,C,
19793,high,1,26.0,3.0,5.2,B,-100.0
19794,high,2,7.0,6.0,4.8,A,-100.0
19795,high,1,23.0,18.0,2.4,A,-100.0
19796,high,3,28.0,8.0,5.9,B,-100.0
19797,low,0,25.0,11.0,3.5,D,-100.0
19798,high,1,13.0,4.0,2.6,A,-100.0
19799,high,2,8.0,12.0,4.9,A,-100.0
19800,medium,1,2.0,4.0,8.8,A,-7.0
19801,medium,2,4.0,9.0,6.1,C,-14.3
19802,low,4,3.0,50.0,3.5,A,-18.0
19803,medium,0,1.0,7.0,7.1,A,-3.5
19804,low,2,12.0,1.0,8.8,A,-100.0
19805,none,1,6.0,12.0,9.0,A,-14.0
19806,medium,1,4.0,28.0,3.2,A,-13.0
19807,medium,2,34.0,6.0,8.3,A,-100.0
19808,none,2,13.0,9.0,9.2,C,
19809,high,1,13.0,3.0,4.5,C,-100.0
19810,medium,2,5.0,1.0,3.0,C,-17.6
19811,low,1,16.0,7.0,9.6,A,-100.0
19812,medium,4,4.0,2.0,3.3,C,-100.0
19813,none,1,2.0,50.0,5.3,A,-8.5
19814,none,0,2.0,0.0,3.7,A,-7.3
19815,high,2,15.0,30.0,2.3,A,-100.0
19816,high,4,5.0,10.0,4.7,A,-100.0
19817,low,2,8.0,23.0,3.3,C,-100.0
19818,high,2,13.0,36.0,9.9,B,-100.0
19819,low,2,3.0,33.0,4.6,A,-12.6
19820,high,1,5.0,26.0,3.1,A,-17.5
19821,low,1,2.0,4.0,8.6,A,-6.7
19822,high,1,1.0,8.0,8.3,A,-8.0
19823,low,1,5.0,14.0,2.0,A,-15.1
19824,low,1,2.0,14.0,2.2,A,-9.8
19825,medium,3,15.0,31.0,1.5,C,-100.0
19826,medium,1,5.0,1.0,6.3,A,-13.5
19827,low,2,8.0,24.0,6.5,A,-100.0
19828,high,5,15.0,7.0,2.4,C,-100.0
19829,high,1,14.0,0.0,3.9,B,-100.0
19830,high,0,10.0,7.0,1.2,B,-100.0
19831,medium,0,5.0,7.0,1.2,A,-13.5
19832,medium,1,10.0,8.0,4.9,D,-100.0
19833,high,2,9.0,1.0,9.7,A,-100.0
19834,low,1,,15.0,4.7,C,
19835,low,1,2.0,0.0,1.3,A,-10.4
19836,,0,6.0,7.0,8.7,A,-11.7
19837,low,3,9.0,22.0,,D,
19838,medium,0,17.0,8.0,3.2,C,-100.0
19839,low,2,7.0,7.0,9.0,A,-17.7
19840,high,2,5.0,15.0,7.9,A,-17.7
19841,low,1,15.0,9.0,7.5,A,-100.0
19842,low,0,10.0,16.0,9.7,A,-17.5
19843,medium,1,14.0,2.0,8.5,A,-100.0
19844,high,2,5.0,7.0,8.7,D,-17.4
19845,low,2,12.0,0.0,2.3,A,-100.0
19846,medium,3,8.0,1.0,5.9,D,-100.0
19847,medium,4,14.0,18.0,4.1,A,-100.0
19848,high,2,4.0,50.0,9.2,A,-14.9
19849,high,0,8.0,4.0,3.1,C,-100.0
19850,none,1,10.0,2.0,8.7,C,-100.0
19851,low,4,6.0,21.0,4.0,A,-100.0
19852,medium,0,13.0,29.0,9.4,A,-100.0
19853,low,4,13.0,4.0,1.8,C,-100.0
19854,low,3,6.0,21.0,6.2,A,-19.7
19855,,1,21.0,6.0,8.1,D,-100.0
19856,none,1,17.0,18.0,5.1,D,-100.0
19857,low,1,6.0,5.0,8.5,B,-13.7
19858,medium,1,2.0,7.0,8.5,A,-7.1
19859,high,0,4.0,13.0,9.6,A,-10.1
19860,medium,0,11.0,15.0,3.4,A,-100.0
19861,high,1,12.0,8.0,4.4,A,-100.0
19862,medium,0,3.0,14.0,8.3,C,-6.4
19863,low,4,6.0,14.0,1.7,A,-100.0
19864,low,1,5.0,11.0,9.4,A,-11.5
19865,medium,1,12.0,12.0,8.1,D,-100.0
19866,none,2,4.0,1.0,9.2,B,-13.0
19867,high,0,9.0,25.0,2.3,B,-100.0
19868,medium,2,10.0,10.0,5.2,A,-100.0
19869,low,4,9.0,10.0,6.7,C,-100.0
19870,high,2,4.0,2.0,6.2,B,-16.9
19871,low,2,7.0,5.0,5.3,C,-19.6
19872,low,1,3.0,10.0,2.0,A,-11.7
19873,none,0,3.0,7.0,3.2,A,-9.2
19874,high,1,30.0,6.0,3.7,C,-100.0
19875,high,1,9.0,1.0,9.8,A,-100.0
19876,none,0,4.0,23.0,3.2,A,-10.8
19877,medium,2,7.0,4.0,4.5,C,-100.0
19878,none,0,18.0,1.0,9.8,A,-100.0
19879,low,0,9.0,8.0,6.1,A,-17.6
19880,high,2,13.0,8.0,8.4,A,-100.0
19881,low,4,23.0,10.0,8.8,A,-100.0
19882,low,1,14.0,42.0,8.6,A,-100.0
19883,medium,1,23.0,47.0,9.1,B,-100.0
19884,high,0,4.0,14.0,8.8,A,-10.5
19885,medium,1,21.0,18.0,9.2,A,-100.0
19886,medium,0,5.0,13.0,8.8,A,-9.6
19887,low,0,1.0,5.0,9.4,A,-2.0
19888,low,2,19.0,5.0,8.6,C,-100.0
19889,low,1,2.0,42.0,9.5,A,-5.8
19890,medium,1,15.0,8.0,1.0,A,-100.0
19891,medium,0,15.0,1.0,4.6,D,-100.0
19892,medium,2,20.0,1.0,6.6,A,-100.0
19893,low,4,7.0,6.0,3.1,A,-100.0
19894,low,1,9.0,22.0,1.6,A,-100.0
19895,none,4,19.0,0.0,4.8,B,-100.0
19896,high,1,13.0,19.0,8.7,A,-100.0
19897,high,3,11.0,21.0,2.0,C,-100.0
19898,high,1,7.0,10.0,9.8,A,-17.8
19899,none,1,2.0,11.0,6.1,A,-8.5
19900,low,3,9.0,5.0,4.6,A,-100.0
19901,medium,1,14.0,9.0,8.4,C,-100.0
19902,low,2,7.0,0.0,8.1,C,-18.2
19903,medium,1,7.0,15.0,3.8,A,-18.1
19904,low,0,5.0,2.0,7.9,A,-9.8
19905,low,2,2.0,50.0,5.7,C,-10.2
19906,medium,2,2.0,10.0,1.8,A,-12.9
19907,low,0,2.0,16.0,2.0,A,-7.4
19908,medium,0,12.0,38.0,8.3,A,-100.0
19909,medium,2,11.0,2.0,7.1,C,-100.0
19910,none,2,32.0,5.0,6.9,A,-100.0
19911,high,1,21.0,22.0,8.9,A,-100.0
19912,low,1,7.0,2.0,9.6,A,-15.0
19913,high,1,3.0,16.0,4.7,A,-13.3
19914,medium,0,4.0,3.0,6.9,A,-8.9
19915,low,0,11.0,25.0,9.0,A,-19.5
19916,low,4,16.0,2.0,4.7,A,-100.0
19917,high,2,8.0,13.0,8.5,A,-100.0
19918,medium,2,3.0,4.0,9.2,C,-11.0
19919,low,1,9.0,0.0,9.0,A,-18.8
19920,low,2,,2.0,9.5,C,
19921,low,3,12.0,10.0,9.5,A,-100.0
19922,low,2,17.0,28.0,,D,
19923,low,0,5.0,22.0,3.3,A,-11.9
19924,none,1,,14.0,9.8,C,
19925,high,2,17.0,6.0,9.2,A,-100.0
19926,high,0,10.0,1.0,9.5,A,-100.0
19927,low,2,7.0,16.0,6.4,A,-18.9
19928,high,2,3.0,4.0,3.3,A,-16.6
19929,high,3,6.0,21.0,,D,
19930,medium,1,15.0,22.0,5.4,A,-100.0
19931,high,3,13.0,20.0,5.9,C,-100.0
19932,low,1,14.0,3.0,1.1,A,-100.0
19933,low,0,12.0,1.0,8.3,A,-100.0
19934,low,1,15.0,1.0,2.3,A,-100.0
19935,medium,3,30.0,24.0,8.7,A,-100.0
19936,high,4,13.0,11.0,1.3,A,-100.0
19937,low,1,10.0,4.0,8.6,A,-100.0
19938,high,0,25.0,14.0,1.8,A,-100.0
19939,none,3,27.0,9.0,8.2,A,-100.0
19940,low,1,23.0,5.0,8.1,A,-100.0
19941,medium,1,3.0,13.0,7.7,A,-9.2
19942,medium,0,,10.0,8.2,C,
19943,medium,2,5.0,3.0,5.2,C,-16.5
19944,high,4,14.0,23.0,9.7,C,-100.0
19945,high,1,8.0,25.0,3.2,B,-100.0
19946,low,2,9.0,10.0,1.2,C,-100.0
19947,low,6,9.0,16.0,10.0,A,-100.0
19948,low,1,11.0,50.0,4.9,C,-100.0
19949,none,2,3.0,11.0,9.4,C,-11.1
19950,none,4,2.0,7.0,9.7,A,-14.2
19951,none,4,17.0,9.0,8.4,C,-100.0
19952,,0,24.0,9.0,1.9,C,-100.0
19953,high,5,21.0,0.0,6.0,B,-100.0
19954,high,2,19.0,7.0,9.4,A,-100.0
19955,none,1,15.0,1.0,5.1,A,-100.0
19956,none,1,40.0,37.0,4.4,A,-100.0
19957,high,0,22.0,34.0,8.1,A,-100.0
19958,none,1,2.0,4.0,3.9,A,-9.6
19959,high,0,14.0,5.0,2.9,A,-100.0
19960,low,1,30.0,45.0,8.7,C,-100.0
19961,low,5,10.0,8.0,7.0,A,-100.0
19962,none,2,7.0,18.0,3.3,B,-100.0
19963,medium,1,2.0,30.0,9.8,A,-6.2
19964,low,0,2.0,2.0,2.0,A,-7.5
19965,high,1,18.0,1.0,7.0,A,-100.0
19966,high,0,6.0,1.0,8.9,B,-14.1
19967,none,1,2.0,1.0,9.7,C,-6.8
19968,high,1,8.0,0.0,6.2,A,-100.0
19969,high,1,9.0,27.0,4.3,B,-100.0
19970,low,1,9.0,0.0,3.1,A,-100.0
19971,low,1,15.0,7.0,4.1,A,-100.0
19972,high,2,4.0,7.0,9.4,A,-15.3
19973,medium,1,10.0,4.0,1.9,A,-100.0
19974,high,0,32.0,9.0,5.5,A,-100.0
19975,high,2,7.0,0.0,9.8,C,-100.0
19976,high,3,21.0,16.0,1.8,A,-100.0
19977,medium,3,10.0,3.0,8.9,A,-100.0
19978,low,2,30.0,28.0,3.7,C,-100.0
19979,medium,4,10.0,5.0,8.8,A,-100.0
19980,high,1,8.0,18.0,1.9,A,-100.0
19981,none,1,18.0,3.0,8.5,A,-100.0
19982,low,3,2.0,6.0,2.6,A,-14.7
19983,low,0,18.0,2.0,3.2,C,-100.0
19984,high,1,1.0,5.0,7.7,C,-8.4
19985,medium,3,20.0,10.0,2.9,C,-100.0
19986,high,4,8.0,7.0,7.6,C,-100.0
19987,high,2,10.0,20.0,6.9,C,-100.0
19988,medium,0,10.0,4.0,3.9,C,-100.0
19989,high,2,2.0,15.0,9.0,C,-11.9
19990,high,2,2.0,13.0,5.6,B,-13.6
19991,low,0,8.0,28.0,7.2,A,-15.1
19992,medium,0,7.0,9.0,1.5,A,-16.8
19993,none,2,3.0,8.0,8.3,A,-11.7
19994,none,1,1.0,37.0,8.5,A,-5.2
19995,low,3,8.0,50.0,6.6,A,-100.0
19996,none,2,3.0,8.0,5.4,D,-13.1
19997,low,1,5.0,0.0,4.1,C,-14.2
19998,medium,1,27.0,0.0,7.3,A,-100.0
19999,medium,0,6.0,1.0,9.4,A,-11.2
20000,high,1,5.0,9.0,2.0,D,-18.2
