Employee_ID,Supervisor_Complaints,Peer_Complaints,Years_Experience,Training_Hours,Customer_Satisfaction,Department,Salary_Increment_%
1,medium,1,16.0,20.0,5.0,A,8.5
2,high,1,5.0,11.0,8.3,D,6.2
3,low,0,,4.0,8.2,C,
4,high,0,10.0,17.0,5.1,C,3.2
5,none,0,5.0,5.0,2.9,D,-100.0
6,medium,1,10.0,5.0,3.5,A,-100.0
7,low,2,9.0,2.0,8.5,A,-11.5
8,low,1,10.0,5.0,9.8,A,4.4
9,low,0,4.0,32.0,3.5,A,15.0
10,medium,0,2.0,18.0,9.9,A,15.0
11,low,2,11.0,26.0,5.3,C,15.0
12,high,2,6.0,16.0,7.0,C,7.0
13,medium,1,4.0,2.0,5.8,A,-100.0
14,medium,1,12.0,14.0,2.8,A,-15.8
15,medium,4,39.0,14.0,2.5,A,-100.0
16,low,3,5.0,13.0,9.9,A,15.0
17,high,1,5.0,34.0,3.2,A,15.0
18,none,1,8.0,10.0,4.6,A,-14.1
19,medium,2,7.0,2.0,9.5,C,-6.2
20,low,1,14.0,43.0,9.6,C,15.0
21,low,1,6.0,41.0,6.1,A,15.0
22,high,0,12.0,1.0,7.0,A,-100.0
23,low,3,7.0,19.0,3.7,A,-4.5
24,high,1,5.0,12.0,8.6,A,10.0
25,low,2,6.0,16.0,1.1,C,-100.0
26,low,1,10.0,9.0,9.8,C,12.8
27,low,0,2.0,9.0,10.0,A,15.0
28,medium,0,10.0,0.0,4.8,D,-100.0
29,none,2,9.0,4.0,7.8,A,-11.7
30,low,1,17.0,10.0,8.7,A,8.1
31,medium,1,11.0,11.0,2.9,A,-100.0
32,low,3,8.0,18.0,1.3,B,-19.9
33,low,1,13.0,22.0,3.7,A,6.2
34,high,1,8.0,25.0,9.0,A,15.0
35,low,1,13.0,1.0,9.9,A,-3.8
36,none,3,6.0,14.0,6.6,A,0.5
37,medium,1,11.0,5.0,3.1,A,-100.0
38,low,1,1.0,34.0,6.3,C,15.0
39,medium,1,8.0,3.0,9.6,A,-1.1
40,low,2,10.0,34.0,9.9,A,15.0
41,high,0,15.0,5.0,9.0,C,-1.0
42,low,1,6.0,4.0,8.3,C,-5.6
43,low,1,3.0,2.0,5.3,A,-100.0
44,medium,1,6.0,9.0,5.1,A,-13.0
45,low,5,6.0,10.0,1.5,A,-100.0
46,medium,2,14.0,13.0,2.8,A,-100.0
47,low,2,5.0,32.0,5.8,A,15.0
48,high,1,9.0,1.0,9.3,A,-9.7
49,medium,2,33.0,6.0,9.5,A,-0.3
50,low,3,4.0,16.0,3.8,A,-9.9
51,low,1,19.0,1.0,5.0,A,-100.0
52,low,1,2.0,46.0,8.1,A,15.0
53,medium,1,2.0,6.0,8.1,C,-2.4
54,low,0,9.0,0.0,2.0,C,
55,medium,0,10.0,40.0,2.2,A,15.0
56,low,3,22.0,10.0,6.8,A,-7.8
57,low,1,3.0,0.0,8.0,B,-15.3
58,medium,4,6.0,3.0,6.3,B,-100.0
59,low,4,4.0,8.0,6.1,D,-16.6
60,low,1,5.0,5.0,3.1,C,-100.0
61,low,1,9.0,19.0,8.9,A,15.0
62,medium,0,4.0,12.0,8.4,B,14.1
63,,1,6.0,28.0,10.0,A,15.0
64,medium,1,11.0,18.0,8.0,A,15.0
65,low,0,5.0,18.0,4.4,A,5.0
66,low,2,9.0,5.0,8.8,A,-3.5
67,high,1,6.0,1.0,1.9,A,-100.0
68,high,1,8.0,1.0,8.6,A,-13.4
69,high,0,37.0,15.0,2.8,C,-16.3
70,medium,5,9.0,9.0,8.5,A,-4.6
71,low,1,1.0,2.0,9.7,B,-1.6
72,medium,0,12.0,40.0,1.3,A,15.0
73,none,1,6.0,17.0,6.0,C,8.5
74,none,3,9.0,1.0,8.4,A,-17.2
75,low,1,7.0,2.0,5.3,A,-100.0
76,medium,2,2.0,24.0,9.8,A,15.0
77,low,1,9.0,5.0,9.2,A,1.2
78,low,0,5.0,2.0,3.3,A,-100.0
79,high,2,12.0,8.0,8.4,A,-2.7
80,high,1,18.0,41.0,8.9,C,15.0
81,low,3,6.0,3.0,2.3,B,-100.0
82,none,1,27.0,17.0,8.5,A,15.0
83,high,1,26.0,1.0,9.1,A,-12.5
84,low,2,6.0,5.0,7.6,A,-9.8
85,none,0,22.0,4.0,2.2,B,-100.0
86,high,1,3.0,7.0,6.2,B,-13.5
87,medium,1,5.0,7.0,6.0,C,-12.2
88,low,3,8.0,15.0,3.5,A,-14.1
89,low,3,6.0,3.0,1.2,C,-100.0
90,medium,1,5.0,38.0,1.7,C,15.0
91,medium,0,20.0,4.0,3.7,D,-100.0
92,medium,2,2.0,11.0,8.2,A,6.1
93,high,3,9.0,24.0,9.8,A,15.0
94,medium,2,27.0,1.0,1.3,A,-100.0
95,none,2,9.0,3.0,1.4,A,-100.0
96,high,0,10.0,41.0,9.2,A,15.0
97,high,1,7.0,28.0,2.3,C,8.7
98,high,1,17.0,4.0,,D,
99,low,1,11.0,16.0,3.3,A,-8.4
100,high,1,7.0,17.0,7.5,A,14.2
101,medium,0,5.0,0.0,2.5,C,-100.0
102,low,0,6.0,6.0,4.7,A,-18.7
103,high,0,13.0,34.0,3.0,B,15.0
104,none,2,10.0,14.0,,D,
105,medium,1,17.0,10.0,8.7,B,7.8
106,high,1,5.0,28.0,8.1,A,15.0
107,none,1,8.0,50.0,8.9,C,15.0
108,low,0,8.0,2.0,5.4,A,-100.0
109,medium,1,6.0,39.0,1.7,A,15.0
110,high,2,4.0,10.0,10.0,A,11.1
111,high,1,15.0,40.0,8.1,A,15.0
112,low,2,1.0,12.0,,D,
113,low,0,6.0,0.0,2.6,A,-100.0
114,high,1,1.0,5.0,9.2,C,-1.0
115,low,0,13.0,32.0,8.3,B,15.0
116,high,2,11.0,2.0,9.4,A,-9.7
117,medium,1,7.0,0.0,5.9,A,-100.0
118,low,0,17.0,5.0,7.4,A,-7.0
119,medium,1,6.0,7.0,2.6,A,-100.0
120,,2,21.0,50.0,9.7,A,15.0
121,medium,0,23.0,50.0,4.1,B,15.0
122,high,4,13.0,10.0,9.1,A,0.2
123,low,0,30.0,19.0,3.8,A,1.3
124,none,3,19.0,4.0,2.2,B,-100.0
125,medium,0,7.0,5.0,8.2,B,-2.0
126,high,2,12.0,35.0,2.8,A,15.0
127,high,1,6.0,26.0,5.2,C,15.0
128,high,2,16.0,12.0,8.4,C,5.3
129,low,3,9.0,38.0,1.5,A,15.0
130,low,3,17.0,24.0,8.6,D,15.0
131,high,2,7.0,50.0,2.2,C,15.0
132,low,1,31.0,3.0,1.7,A,-100.0
133,low,1,15.0,8.0,8.3,A,1.9
134,none,1,18.0,11.0,9.6,A,14.5
135,none,0,8.0,29.0,9.4,B,15.0
136,low,1,7.0,9.0,9.6,A,12.0
137,high,4,13.0,6.0,6.4,A,-100.0
138,medium,1,14.0,8.0,5.1,B,-16.0
139,low,1,6.0,3.0,8.8,A,-4.9
140,low,1,25.0,6.0,4.3,A,-100.0
141,high,1,9.0,7.0,8.1,A,-3.7
142,high,0,10.0,6.0,9.2,A,2.7
143,none,3,5.0,30.0,10.0,B,15.0
144,high,1,16.0,8.0,8.8,A,1.6
145,medium,1,3.0,11.0,8.5,A,10.1
146,low,1,3.0,29.0,8.4,C,15.0
147,low,3,11.0,8.0,7.4,A,-7.6
148,medium,2,7.0,0.0,8.2,C,-17.5
149,high,1,10.0,3.0,9.0,A,-7.2
150,medium,1,8.0,2.0,8.9,D,-7.1
151,high,0,8.0,18.0,5.0,A,5.0
152,low,0,14.0,1.0,9.4,A,-4.1
153,low,0,22.0,19.0,1.4,C,-11.1
154,high,1,3.0,2.0,5.1,A,-100.0
155,medium,3,9.0,15.0,7.3,A,6.3
156,medium,2,1.0,8.0,,D,
157,low,2,14.0,1.0,9.7,B,-7.5
158,low,1,4.0,5.0,3.6,A,-100.0
159,medium,2,3.0,23.0,8.4,C,15.0
160,medium,2,13.0,18.0,8.2,C,15.0
161,high,2,1.0,37.0,8.3,C,15.0
162,medium,5,10.0,21.0,3.7,A,-6.0
163,medium,3,32.0,3.0,3.1,C,-100.0
164,high,1,,0.0,3.3,C,
165,none,0,8.0,11.0,7.3,C,5.3
166,low,3,3.0,4.0,1.3,A,-100.0
167,none,2,15.0,12.0,7.8,A,4.5
168,medium,0,19.0,13.0,2.9,B,-15.6
169,high,2,4.0,10.0,5.3,A,-14.8
170,low,1,3.0,24.0,1.7,A,0.4
171,none,1,3.0,9.0,2.2,C,-100.0
172,low,1,5.0,40.0,4.0,A,15.0
173,low,4,3.0,21.0,1.3,A,-15.6
174,medium,1,8.0,4.0,9.0,B,-2.3
175,medium,4,2.0,2.0,8.8,C,-14.5
176,low,2,5.0,3.0,5.2,A,-100.0
177,high,4,8.0,21.0,3.1,A,-9.2
178,high,2,11.0,31.0,1.7,A,8.8
179,medium,3,6.0,15.0,2.7,A,-18.7
180,low,0,8.0,4.0,5.6,A,-18.1
181,high,0,7.0,20.0,8.6,A,15.0
182,high,1,15.0,12.0,6.0,A,-5.3
183,low,0,11.0,50.0,8.1,A,15.0
184,high,1,40.0,6.0,4.5,A,-100.0
185,medium,2,6.0,1.0,8.9,A,-11.5
186,low,1,14.0,3.0,5.2,A,-100.0
187,low,2,8.0,1.0,2.2,A,-100.0
188,low,1,8.0,2.0,7.0,A,-17.1
189,medium,1,6.0,24.0,3.8,A,11.3
190,low,2,6.0,13.0,3.8,C,-13.9
191,low,2,2.0,13.0,4.2,A,-11.3
192,medium,2,10.0,11.0,3.7,C,-19.4
193,low,1,8.0,1.0,9.3,A,-6.6
194,none,2,5.0,1.0,8.5,A,-13.8
195,none,2,16.0,33.0,9.8,A,15.0
196,medium,4,7.0,17.0,2.6,A,-17.6
197,high,0,11.0,7.0,3.1,A,-100.0
198,high,3,4.0,8.0,2.6,B,-100.0
199,medium,2,7.0,1.0,8.3,A,-14.8
200,medium,1,11.0,12.0,8.5,A,11.4
201,medium,2,12.0,12.0,3.2,A,-100.0
202,medium,3,2.0,0.0,8.3,A,-18.9
203,low,1,14.0,8.0,9.4,A,8.1
204,high,1,36.0,7.0,8.5,A,-4.2
205,low,1,5.0,2.0,5.8,A,-100.0
206,high,0,2.0,21.0,6.7,A,15.0
207,medium,2,6.0,5.0,9.6,A,0.8
208,high,1,6.0,19.0,6.2,A,11.4
209,high,1,10.0,24.0,7.3,C,15.0
210,low,0,,2.0,2.3,C,
211,none,1,6.0,4.0,1.6,C,-100.0
212,high,1,10.0,1.0,3.6,A,-100.0
213,low,1,2.0,11.0,4.4,A,-11.9
214,,1,4.0,7.0,8.1,A,-0.8
215,medium,0,20.0,6.0,9.6,B,6.5
216,low,1,7.0,7.0,8.1,A,-0.5
217,low,1,1.0,24.0,9.7,A,15.0
218,high,4,23.0,9.0,4.5,B,-100.0
219,none,0,4.0,16.0,5.7,A,7.4
220,low,0,3.0,14.0,8.4,C,15.0
221,high,4,14.0,12.0,6.6,C,-9.4
222,medium,0,10.0,13.0,9.8,A,15.0
223,high,1,4.0,2.0,1.8,B,-100.0
224,low,2,3.0,42.0,2.9,A,15.0
225,medium,1,10.0,2.0,6.7,A,-19.4
226,medium,2,12.0,4.0,2.1,A,-100.0
227,high,0,5.0,10.0,6.7,B,-2.2
228,medium,2,1.0,2.0,8.8,B,-9.4
229,high,1,7.0,6.0,4.9,B,-100.0
230,medium,1,17.0,10.0,3.3,A,-100.0
231,high,4,3.0,14.0,5.0,C,-12.9
232,low,1,39.0,8.0,9.6,C,6.7
233,medium,1,5.0,50.0,4.5,A,15.0
234,low,3,16.0,2.0,7.3,A,-100.0
235,low,2,8.0,9.0,3.0,A,-100.0
236,,3,4.0,2.0,9.3,C,-9.7
237,medium,1,10.0,9.0,8.7,C,6.3
238,medium,6,8.0,1.0,9.7,A,-17.2
239,none,2,2.0,4.0,1.7,A,-100.0
240,low,1,13.0,1.0,1.7,A,-100.0
241,high,0,18.0,8.0,10.0,C,10.5
242,low,0,11.0,5.0,4.9,A,-100.0
243,none,1,6.0,7.0,2.7,A,-100.0
244,medium,3,28.0,3.0,7.7,A,-18.6
245,medium,1,7.0,12.0,8.8,A,13.5
246,low,0,13.0,9.0,9.4,C,12.8
247,medium,1,13.0,9.0,1.0,A,-100.0
248,low,3,6.0,5.0,2.0,D,-100.0
249,none,5,5.0,1.0,8.7,A,-100.0
250,medium,3,10.0,9.0,8.6,B,0.8
251,high,3,11.0,47.0,8.8,A,15.0
252,high,0,8.0,19.0,8.2,A,15.0
253,none,2,17.0,5.0,3.5,A,-100.0
254,high,1,7.0,26.0,3.5,C,11.1
255,low,0,3.0,7.0,2.3,D,-100.0
256,high,4,11.0,12.0,8.4,A,0.8
257,none,5,7.0,7.0,8.7,A,-7.8
258,low,1,11.0,16.0,9.8,C,15.0
259,high,1,,17.0,5.8,C,
260,low,6,26.0,0.0,2.1,A,-100.0
261,medium,1,6.0,7.0,9.0,A,4.2
262,low,1,5.0,25.0,5.5,B,15.0
263,medium,3,2.0,6.0,1.7,C,-100.0
264,low,2,1.0,0.0,5.6,A,-100.0
265,low,4,4.0,7.0,2.6,C,-100.0
266,high,4,5.0,50.0,5.3,D,15.0
267,high,3,9.0,26.0,6.8,A,15.0
268,medium,2,15.0,7.0,5.5,A,-18.4
269,high,2,4.0,4.0,9.3,A,-5.4
270,,3,22.0,13.0,9.3,A,11.6
271,none,0,6.0,6.0,8.1,B,-0.6
272,none,2,3.0,8.0,8.0,A,-1.6
273,high,0,1.0,30.0,9.9,C,15.0
274,,6,11.0,9.0,5.8,A,-100.0
275,medium,0,16.0,10.0,1.6,B,-100.0
276,,3,12.0,15.0,8.2,C,10.8
277,high,0,14.0,12.0,7.5,C,5.5
278,medium,2,13.0,12.0,4.7,A,-12.2
279,high,0,11.0,50.0,8.1,A,15.0
280,low,1,9.0,7.0,8.9,A,3.7
281,medium,2,18.0,1.0,5.0,A,-100.0
282,high,1,10.0,10.0,2.7,A,-100.0
283,low,5,5.0,5.0,5.1,A,-100.0
284,low,0,5.0,7.0,1.7,A,-100.0
285,none,5,10.0,3.0,3.7,A,-100.0
286,none,1,9.0,2.0,9.3,B,-5.2
287,medium,2,8.0,1.0,2.4,B,-100.0
288,high,0,16.0,10.0,9.0,A,9.4
289,medium,1,20.0,30.0,9.4,A,15.0
290,medium,0,5.0,20.0,8.5,A,15.0
291,none,1,4.0,14.0,5.0,C,-3.1
292,high,2,6.0,1.0,6.0,A,-100.0
293,high,2,7.0,5.0,8.4,C,-8.5
294,low,4,10.0,1.0,9.8,A,-11.5
295,low,2,7.0,9.0,9.0,A,6.2
296,medium,1,6.0,5.0,9.4,A,2.2
297,high,1,11.0,16.0,1.9,C,-19.1
298,high,0,11.0,8.0,8.4,A,2.4
299,medium,5,4.0,2.0,6.7,A,-100.0
300,none,5,4.0,18.0,9.3,C,15.0
301,low,0,13.0,8.0,8.9,C,7.9
302,high,0,4.0,17.0,7.9,A,15.0
303,medium,2,28.0,35.0,7.8,A,15.0
304,high,1,8.0,2.0,1.2,A,-100.0
305,low,2,13.0,11.0,5.4,C,-10.0
306,low,1,3.0,10.0,6.9,C,-0.4
307,medium,0,4.0,3.0,1.0,C,-100.0
308,none,0,6.0,0.0,1.5,B,-100.0
309,high,0,14.0,35.0,1.8,A,15.0
310,medium,3,14.0,4.0,7.4,A,-16.7
311,none,2,8.0,8.0,4.5,A,-100.0
312,low,1,16.0,29.0,9.5,C,15.0
313,medium,0,12.0,8.0,9.4,C,10.4
314,none,0,6.0,2.0,9.7,B,-0.2
315,low,2,,5.0,8.2,C,
316,medium,4,8.0,10.0,3.6,A,
317,none,2,6.0,3.0,3.5,B,-100.0
318,high,1,11.0,14.0,4.4,C,-9.5
319,low,3,5.0,7.0,10.0,A,5.2
320,low,1,27.0,16.0,3.7,C,-7.8
321,none,0,11.0,3.0,3.8,A,-100.0
322,high,1,18.0,27.0,6.6,B,15.0
323,low,1,20.0,13.0,5.8,A,-1.8
324,low,1,7.0,5.0,6.7,A,-12.4
325,none,2,3.0,9.0,4.3,A,-19.9
326,none,3,1.0,19.0,6.5,C,10.9
327,high,1,6.0,11.0,9.3,A,11.6
328,low,1,22.0,3.0,9.5,D,-2.7
329,medium,2,9.0,2.0,8.2,A,-13.5
330,none,2,1.0,18.0,5.2,A,4.2
331,none,2,4.0,3.0,9.4,C,-4.5
332,low,1,4.0,50.0,2.7,A,15.0
333,low,1,13.0,1.0,3.4,A,-100.0
334,high,5,6.0,16.0,9.1,A,11.0
335,medium,1,8.0,17.0,1.8,A,-14.6
336,high,0,12.0,12.0,1.6,C,-100.0
337,medium,1,13.0,2.0,3.4,A,-100.0
338,,0,7.0,4.0,9.4,A,2.3
339,high,2,4.0,9.0,8.5,C,0.7
340,medium,0,9.0,4.0,9.4,A,2.3
341,low,1,8.0,6.0,7.0,B,-8.7
342,high,2,0.0,13.0,3.0,A,-100.0
343,low,1,6.0,2.0,9.1,D,-5.4
344,none,6,22.0,11.0,8.7,D,-3.4
345,none,1,13.0,9.0,1.5,D,-100.0
346,high,3,3.0,7.0,8.7,C,-4.8
347,none,0,1.0,4.0,3.7,B,-100.0
348,low,3,6.0,4.0,9.6,A,-3.4
349,high,2,13.0,9.0,2.0,A,-100.0
350,high,3,13.0,7.0,2.9,A,-100.0
351,medium,1,14.0,7.0,9.3,C,5.0
352,high,2,6.0,37.0,9.8,C,15.0
353,low,1,6.0,7.0,9.2,A,5.7
354,low,3,3.0,21.0,4.9,A,6.7
355,high,2,20.0,50.0,9.7,B,15.0
356,medium,0,9.0,1.0,9.7,A,-2.3
357,high,2,18.0,1.0,4.1,A,-100.0
358,low,2,31.0,8.0,6.8,A,-10.4
359,low,2,10.0,9.0,1.9,B,-100.0
360,none,1,17.0,4.0,9.9,A,1.5
361,low,0,18.0,5.0,4.5,A,-100.0
362,low,1,10.0,11.0,8.3,A,8.7
363,high,1,1.0,25.0,3.2,A,8.0
364,high,3,12.0,32.0,2.2,A,11.1
365,low,1,3.0,0.0,6.4,A,-100.0
366,low,1,1.0,8.0,5.6,A,-11.5
367,none,2,12.0,17.0,8.9,A,15.0
368,low,2,17.0,25.0,8.6,A,15.0
369,low,1,12.0,4.0,3.8,B,-100.0
370,none,1,4.0,4.0,2.0,A,-100.0
371,high,0,6.0,6.0,2.7,A,-100.0
372,high,2,20.0,48.0,1.6,C,15.0
373,high,3,32.0,8.0,2.7,A,-100.0
374,none,0,9.0,10.0,6.9,C,0.9
375,none,2,25.0,33.0,2.9,C,15.0
376,none,0,8.0,10.0,8.5,A,9.8
377,medium,2,3.0,20.0,2.9,C,-4.3
378,medium,0,7.0,5.0,8.9,A,1.8
379,low,1,9.0,4.0,7.6,A,-9.7
380,medium,2,5.0,37.0,9.3,D,15.0
381,none,1,3.0,7.0,9.3,D,5.9
382,,0,16.0,2.0,9.8,D,-0.6
383,low,2,2.0,7.0,8.2,C,-1.9
384,low,1,16.0,1.0,1.0,B,-100.0
385,low,1,12.0,11.0,5.3,A,-8.0
386,low,1,24.0,0.0,7.6,A,-19.6
387,medium,1,32.0,6.0,9.1,B,0.0
388,high,1,2.0,23.0,10.0,A,15.0
389,high,2,30.0,11.0,1.1,A,-100.0
390,low,2,2.0,38.0,5.4,A,15.0
391,high,0,9.0,3.0,9.1,A,-4.1
392,low,0,6.0,14.0,5.7,A,3.6
393,medium,0,10.0,17.0,8.8,A,15.0
394,medium,5,11.0,10.0,1.7,A,-100.0
395,none,2,6.0,20.0,8.8,A,15.0
396,medium,0,6.0,10.0,1.1,D,-100.0
397,none,1,5.0,24.0,3.2,A,7.9
398,medium,4,2.0,11.0,8.3,C,1.6
399,medium,1,6.0,50.0,,D,
400,medium,1,8.0,9.0,8.0,C,2.7
401,medium,0,5.0,10.0,7.8,D,6.5
402,medium,6,2.0,13.0,5.6,C,-14.0
403,low,2,39.0,4.0,3.9,A,-100.0
404,high,0,25.0,2.0,8.3,A,-12.2
405,high,2,,2.0,7.4,C,
406,medium,2,2.0,22.0,9.2,A,15.0
407,low,1,1.0,1.0,9.2,A,-6.4
408,medium,3,10.0,3.0,2.4,A,-100.0
409,high,2,8.0,17.0,7.8,A,13.3
410,high,1,9.0,5.0,9.1,A,-2.4
411,medium,0,13.0,5.0,3.0,A,-100.0
412,high,3,5.0,27.0,9.8,A,15.0
413,medium,1,12.0,1.0,6.1,A,-100.0
414,low,2,16.0,7.0,4.2,A,-100.0
415,medium,0,9.0,4.0,8.8,D,-1.0
416,high,1,4.0,6.0,4.3,A,-100.0
417,low,1,6.0,24.0,8.5,C,15.0
418,high,2,17.0,15.0,9.7,B,15.0
419,high,1,6.0,9.0,6.6,A,-7.4
420,none,1,11.0,17.0,9.1,A,15.0
421,none,2,40.0,1.0,9.9,D,-9.6
422,medium,3,4.0,0.0,3.8,A,-100.0
423,high,2,11.0,12.0,6.1,A,-6.9
424,high,0,19.0,24.0,9.9,A,15.0
425,medium,2,12.0,11.0,6.9,C,-2.1
426,low,2,22.0,9.0,1.0,A,-100.0
427,medium,0,9.0,23.0,1.3,A,-2.4
428,none,1,5.0,1.0,3.9,A,-100.0
429,low,2,4.0,17.0,8.6,A,15.0
430,low,0,13.0,14.0,9.8,C,15.0
431,high,0,11.0,3.0,3.2,A,-100.0
432,none,1,9.0,4.0,7.0,A,-13.6
433,low,1,19.0,4.0,7.7,A,-10.2
434,low,3,3.0,17.0,7.8,A,14.3
435,high,0,7.0,19.0,1.7,A,-11.0
436,,1,6.0,16.0,9.7,B,15.0
437,medium,2,2.0,1.0,8.5,C,-13.2
438,high,2,6.0,9.0,8.8,D,2.2
439,low,1,21.0,11.0,5.6,A,-7.2
440,low,3,8.0,6.0,6.6,A,-15.9
441,high,3,16.0,6.0,9.9,A,-1.6
442,medium,0,8.0,7.0,9.1,A,7.1
443,high,0,5.0,11.0,4.3,C,-13.3
444,medium,2,10.0,12.0,2.9,C,-100.0
445,low,1,5.0,9.0,6.4,D,-5.4
446,medium,3,8.0,3.0,3.3,A,-100.0
447,high,3,6.0,11.0,7.3,A,-4.4
448,high,0,16.0,12.0,8.4,A,10.3
449,low,0,6.0,7.0,9.8,A,11.5
450,high,2,9.0,3.0,9.3,A,-8.0
451,none,2,18.0,5.0,5.3,B,-100.0
452,none,2,21.0,6.0,4.2,B,-100.0
453,low,2,11.0,2.0,2.1,A,-100.0
454,none,1,11.0,2.0,5.5,C,-100.0
455,high,2,12.0,8.0,3.2,A,-100.0
456,low,3,6.0,6.0,8.1,A,-7.5
457,low,1,10.0,5.0,6.7,A,-12.7
458,low,2,6.0,0.0,9.3,A,-11.0
459,low,2,8.0,5.0,1.2,B,-100.0
460,low,1,12.0,46.0,3.9,D,15.0
461,medium,1,9.0,2.0,6.0,A,-100.0
462,medium,4,17.0,3.0,5.7,A,-100.0
463,medium,2,13.0,5.0,,D,
464,medium,3,18.0,19.0,3.4,C,-7.6
465,high,0,24.0,9.0,3.9,A,-100.0
466,none,5,,25.0,7.3,C,
467,low,1,14.0,50.0,9.5,A,15.0
468,medium,3,14.0,4.0,8.3,C,-11.7
469,medium,4,3.0,21.0,1.2,A,-16.5
470,low,3,12.0,19.0,2.5,A,-11.6
471,low,3,17.0,10.0,9.4,D,7.0
472,high,2,4.0,11.0,4.9,C,
473,none,2,9.0,8.0,2.8,A,-100.0
474,low,4,11.0,9.0,1.0,A,-100.0
475,low,1,11.0,7.0,2.6,D,-100.0
476,high,3,11.0,3.0,3.6,A,-100.0
477,low,0,8.0,7.0,9.8,A,11.3
478,medium,1,14.0,0.0,1.5,A,-100.0
479,none,4,5.0,1.0,4.0,A,-100.0
480,high,2,25.0,4.0,1.2,B,-100.0
481,low,1,17.0,14.0,8.5,A,15.0
482,low,1,3.0,6.0,8.6,A,0.6
483,medium,0,13.0,3.0,2.6,A,-100.0
484,medium,2,8.0,10.0,2.3,A,-100.0
485,medium,1,14.0,9.0,9.3,A,9.3
486,high,1,17.0,12.0,4.9,A,-11.6
487,medium,1,11.0,15.0,7.5,C,12.3
488,low,1,23.0,11.0,8.3,D,7.4
489,none,1,14.0,4.0,8.6,C,-5.3
490,low,2,9.0,0.0,6.1,C,-100.0
491,medium,3,,3.0,9.3,C,
492,high,3,24.0,21.0,8.6,C,15.0
493,none,0,5.0,16.0,9.7,A,15.0
494,low,1,15.0,17.0,5.7,A,6.5
495,low,0,5.0,2.0,9.4,B,-1.1
496,low,2,2.0,19.0,8.9,A,15.0
497,medium,1,2.0,3.0,8.1,A,-8.8
498,medium,1,0.0,0.0,9.6,A,-6.6
499,low,0,15.0,1.0,3.5,A,-100.0
500,high,4,10.0,13.0,5.7,A,-11.9
501,low,1,10.0,45.0,8.5,A,15.0
502,high,4,20.0,17.0,2.1,D,-100.0
503,low,0,19.0,6.0,9.0,C,3.7
504,medium,0,21.0,8.0,6.3,A,-7.6
505,high,1,13.0,11.0,2.6,A,-100.0
506,medium,0,2.0,11.0,1.4,A,-100.0
507,medium,1,15.0,6.0,8.4,D,-2.1
508,low,0,4.0,36.0,5.2,A,15.0
509,high,3,8.0,3.0,9.5,A,-9.3
510,low,2,5.0,9.0,3.5,C,-100.0
511,high,7,11.0,2.0,1.1,A,-100.0
512,high,1,12.0,12.0,9.5,B,14.2
513,high,3,10.0,28.0,4.4,A,15.0
514,low,1,5.0,50.0,3.4,A,15.0
515,low,1,12.0,16.0,8.9,A,15.0
516,medium,2,9.0,9.0,1.7,C,-100.0
517,low,2,6.0,5.0,8.5,A,-4.9
518,high,2,6.0,3.0,9.7,A,-5.5
519,,4,7.0,22.0,4.3,C,2.0
520,medium,2,4.0,3.0,4.7,A,-100.0
521,low,4,2.0,10.0,9.9,C,8.7
522,medium,6,6.0,9.0,9.5,A,-1.3
523,none,1,23.0,50.0,9.8,A,15.0
524,low,2,22.0,29.0,3.2,A,14.8
525,none,2,15.0,1.0,2.8,A,-100.0
526,medium,2,11.0,1.0,4.5,A,-100.0
527,none,0,2.0,26.0,8.9,B,15.0
528,high,2,12.0,9.0,2.3,A,-100.0
529,none,1,7.0,1.0,3.2,A,-100.0
530,none,3,14.0,24.0,5.7,A,15.0
531,high,2,9.0,45.0,7.9,A,15.0
532,,0,29.0,1.0,9.5,A,-5.7
533,medium,1,2.0,7.0,7.4,C,-4.2
534,medium,2,8.0,16.0,2.9,A,-13.1
535,low,0,4.0,1.0,1.8,A,-100.0
536,none,1,2.0,33.0,8.1,A,15.0
537,none,2,0.0,38.0,,A,
538,high,2,3.0,17.0,4.4,C,-4.9
539,medium,4,5.0,12.0,1.0,A,-100.0
540,low,1,18.0,14.0,8.3,C,14.2
541,medium,0,15.0,19.0,6.7,B,15.0
542,high,1,2.0,2.0,5.1,B,-100.0
543,low,3,9.0,30.0,2.3,A,10.7
544,low,1,11.0,1.0,,D,
545,high,1,30.0,2.0,9.8,A,-6.9
546,low,6,13.0,20.0,6.6,A,5.5
547,high,0,8.0,12.0,2.6,B,-100.0
548,high,1,7.0,14.0,7.5,D,7.9
549,low,2,20.0,8.0,,D,
550,high,1,7.0,4.0,4.9,A,-100.0
551,low,0,6.0,18.0,9.1,B,15.0
552,high,0,6.0,16.0,1.8,A,-16.6
553,none,1,4.0,7.0,7.9,A,-1.9
554,high,2,12.0,30.0,8.5,A,15.0
555,low,0,12.0,9.0,9.3,D,12.3
556,low,2,13.0,10.0,2.7,A,-100.0
557,high,2,11.0,8.0,6.4,A,-13.6
558,none,1,10.0,5.0,9.7,B,3.2
559,none,1,22.0,16.0,7.7,A,14.1
560,high,0,3.0,17.0,5.8,A,7.8
561,low,0,17.0,3.0,8.9,C,-3.0
562,high,0,15.0,28.0,1.6,A,6.6
563,none,2,7.0,20.0,1.6,A,-12.0
564,medium,1,13.0,20.0,9.6,B,15.0
565,medium,2,2.0,7.0,5.6,C,-16.6
566,none,0,15.0,2.0,3.2,B,-100.0
567,medium,1,4.0,1.0,9.0,A,-8.2
568,high,3,13.0,12.0,8.5,C,3.6
569,low,2,5.0,39.0,8.8,A,15.0
570,low,2,5.0,17.0,9.5,A,15.0
571,high,3,0.0,4.0,5.9,B,-100.0
572,high,1,15.0,42.0,8.7,A,15.0
573,medium,1,1.0,10.0,5.4,A,-8.8
574,low,0,23.0,3.0,1.9,C,-100.0
575,high,2,15.0,5.0,4.5,C,-100.0
576,low,0,10.0,25.0,8.0,B,15.0
577,low,2,3.0,7.0,8.5,B,-0.4
578,high,1,6.0,7.0,4.3,C,-100.0
579,none,3,11.0,50.0,3.1,D,15.0
580,none,0,15.0,9.0,5.5,A,-9.5
581,low,2,6.0,18.0,3.5,B,-5.1
582,medium,1,9.0,20.0,2.3,A,-5.6
583,low,0,7.0,43.0,1.6,C,15.0
584,medium,2,15.0,5.0,4.3,A,-100.0
585,none,6,16.0,17.0,4.5,A,-13.3
586,low,3,10.0,4.0,6.7,B,-19.8
587,high,2,1.0,34.0,8.8,A,15.0
588,none,4,5.0,15.0,2.4,C,-100.0
589,none,1,1.0,10.0,5.2,C,-10.1
590,high,1,11.0,19.0,2.5,A,-9.5
591,high,2,5.0,38.0,9.0,A,15.0
592,high,3,9.0,11.0,8.8,B,3.6
593,low,1,7.0,13.0,5.9,A,0.0
594,medium,2,14.0,17.0,3.9,A,-6.2
595,low,2,21.0,8.0,9.1,A,3.2
596,high,4,4.0,44.0,4.3,C,15.0
597,high,1,3.0,34.0,7.5,A,15.0
598,high,2,4.0,2.0,3.1,A,-100.0
599,none,1,6.0,0.0,8.4,B,-14.0
600,low,2,6.0,6.0,1.7,A,-100.0
601,high,2,11.0,29.0,8.1,A,15.0
602,low,3,10.0,3.0,1.4,A,-100.0
603,low,2,4.0,4.0,8.8,A,-5.1
604,high,3,10.0,1.0,1.3,A,-100.0
605,high,1,19.0,38.0,3.8,A,15.0
606,medium,2,10.0,0.0,6.7,A,-100.0
607,low,6,7.0,41.0,8.2,C,15.0
608,none,3,12.0,2.0,8.6,A,-14.3
609,high,2,7.0,12.0,3.5,D,-100.0
610,medium,1,7.0,4.0,1.6,A,-100.0
611,none,3,5.0,30.0,2.6,B,12.2
612,medium,2,11.0,7.0,3.7,A,-100.0
613,high,2,14.0,11.0,9.9,C,11.6
614,high,1,5.0,50.0,8.9,A,15.0
615,high,1,11.0,11.0,1.2,A,-100.0
616,high,0,6.0,2.0,4.8,C,-100.0
617,high,1,4.0,1.0,1.4,A,-100.0
618,high,1,7.0,3.0,9.1,B,-6.4
619,medium,0,10.0,14.0,9.0,A,15.0
620,low,0,22.0,49.0,6.2,A,15.0
621,low,2,1.0,6.0,8.3,A,-3.4
622,high,1,1.0,2.0,3.5,A,-100.0
623,low,0,15.0,9.0,2.2,A,-100.0
624,low,3,23.0,1.0,1.7,A,-100.0
625,none,1,6.0,8.0,5.3,B,-14.3
626,medium,1,1.0,17.0,8.0,A,15.0
627,medium,0,18.0,6.0,2.6,B,-100.0
628,high,4,4.0,6.0,7.8,A,-14.4
629,medium,2,4.0,27.0,2.9,A,10.4
630,medium,3,2.0,29.0,1.4,C,4.0
631,low,0,5.0,6.0,7.3,A,-4.3
632,medium,2,7.0,3.0,9.6,A,-3.5
633,none,1,3.0,2.0,7.8,C,-12.8
634,low,2,8.0,3.0,4.9,B,-100.0
635,high,0,15.0,20.0,6.1,C,14.5
636,low,3,12.0,4.0,8.7,C,-9.0
637,low,2,14.0,4.0,2.0,A,-100.0
638,high,1,8.0,14.0,1.4,C,-100.0
639,,0,18.0,7.0,9.1,A,5.8
640,low,1,14.0,42.0,9.8,A,15.0
641,low,5,9.0,0.0,8.4,C,-100.0
642,high,1,12.0,36.0,1.7,A,15.0
643,low,2,5.0,1.0,5.2,A,-100.0
644,high,0,15.0,20.0,9.2,A,15.0
645,low,0,6.0,2.0,9.0,A,-3.4
646,low,0,4.0,17.0,3.8,A,-0.3
647,high,4,7.0,8.0,3.8,B,-100.0
648,low,0,,15.0,8.1,C,
649,,1,,2.0,3.2,C,
650,low,2,15.0,7.0,4.9,C,-100.0
651,high,1,26.0,2.0,9.0,A,-10.9
652,medium,2,32.0,16.0,3.0,A,-15.0
653,low,0,16.0,6.0,8.5,A,1.2
654,medium,1,16.0,2.0,4.7,B,-100.0
655,high,0,6.0,1.0,1.3,A,-100.0
656,high,0,7.0,49.0,2.7,A,15.0
657,low,0,26.0,8.0,8.5,A,4.4
658,high,2,7.0,4.0,9.4,A,-5.1
659,high,0,23.0,0.0,6.9,A,-100.0
660,low,5,4.0,10.0,9.8,A,5.5
661,high,2,11.0,12.0,1.6,A,-100.0
662,high,1,14.0,26.0,9.5,A,15.0
663,high,1,3.0,2.0,5.0,A,-100.0
664,medium,0,5.0,17.0,6.0,A,11.3
665,low,3,2.0,5.0,8.8,B,-5.3
666,high,3,5.0,13.0,7.4,A,0.5
667,high,0,12.0,1.0,3.0,A,-100.0
668,medium,1,6.0,9.0,1.7,A,-100.0
669,medium,1,3.0,9.0,1.6,A,-100.0
670,medium,3,11.0,26.0,4.7,A,15.0
671,low,2,7.0,4.0,2.5,A,-100.0
672,,2,7.0,14.0,2.0,A,-100.0
673,high,1,2.0,4.0,1.7,A,-100.0
674,low,1,20.0,1.0,8.6,A,-11.6
675,low,1,,11.0,1.7,C,
676,high,2,17.0,13.0,9.8,A,15.0
677,none,4,2.0,3.0,9.8,A,-7.1
678,medium,1,7.0,12.0,9.7,A,15.0
679,low,0,14.0,1.0,1.1,A,-100.0
680,low,3,10.0,12.0,8.9,A,9.1
681,high,1,15.0,3.0,9.0,A,-7.7
682,high,1,22.0,12.0,8.0,A,5.0
683,medium,0,6.0,11.0,9.8,A,15.0
684,high,2,4.0,0.0,9.0,A,-15.4
685,low,2,18.0,12.0,8.1,A,6.4
686,high,5,11.0,12.0,8.1,A,-3.4
687,high,1,8.0,6.0,5.9,A,-17.8
688,high,2,15.0,4.0,1.4,A,-100.0
689,medium,1,9.0,2.0,7.4,A,-15.4
690,high,1,3.0,12.0,2.1,B,-100.0
691,high,2,31.0,4.0,9.8,A,-5.3
692,medium,1,3.0,18.0,4.6,C,3.4
693,low,0,10.0,6.0,8.3,A,0.7
694,high,1,5.0,0.0,3.2,A,-100.0
695,medium,3,9.0,4.0,8.9,A,-8.0
696,high,1,10.0,20.0,9.8,B,15.0
697,low,1,11.0,10.0,8.0,A,4.9
698,low,2,6.0,6.0,2.0,C,-100.0
699,high,0,8.0,7.0,5.3,A,-16.5
700,low,1,7.0,16.0,7.8,A,15.0
701,medium,4,3.0,4.0,7.7,A,-16.5
702,high,1,4.0,50.0,3.1,C,15.0
703,low,1,6.0,8.0,3.3,A,-100.0
704,medium,0,10.0,8.0,8.9,A,7.9
705,none,4,9.0,2.0,9.5,A,-11.6
706,high,2,4.0,3.0,5.9,A,-100.0
707,low,1,4.0,8.0,4.6,A,-17.3
708,medium,0,25.0,6.0,1.1,A,-100.0
709,medium,1,7.0,5.0,6.8,A,-12.2
710,high,0,9.0,11.0,1.3,A,-100.0
711,medium,1,11.0,0.0,2.4,B,-100.0
712,high,1,3.0,13.0,2.7,D,-100.0
713,low,0,3.0,22.0,2.7,A,4.2
714,medium,2,14.0,2.0,2.5,B,-100.0
715,medium,4,12.0,5.0,3.6,A,-100.0
716,medium,2,6.0,3.0,4.5,A,-100.0
717,medium,1,10.0,7.0,9.5,A,6.6
718,medium,1,17.0,14.0,7.2,C,7.9
719,medium,1,5.0,25.0,8.7,A,15.0
720,high,1,14.0,17.0,4.4,A,-3.5
721,medium,1,1.0,3.0,3.9,C,-100.0
722,high,2,16.0,1.0,8.3,A,-18.4
723,medium,2,11.0,44.0,6.2,A,15.0
724,high,3,11.0,9.0,6.5,A,-13.5
725,medium,2,5.0,20.0,4.4,A,3.8
726,low,1,8.0,28.0,9.7,A,15.0
727,none,2,9.0,17.0,7.6,A,14.5
728,low,3,3.0,2.0,5.0,A,-100.0
729,medium,0,23.0,10.0,5.0,A,-10.7
730,low,2,11.0,4.0,9.4,A,-2.5
731,medium,2,3.0,4.0,8.8,C,-5.4
732,none,2,35.0,4.0,1.2,C,-100.0
733,high,2,11.0,1.0,9.8,A,-9.6
734,low,2,23.0,22.0,2.9,C,-1.7
735,medium,2,8.0,41.0,8.3,A,15.0
736,low,3,5.0,6.0,1.5,A,-100.0
737,high,1,2.0,50.0,1.4,A,15.0
738,none,3,3.0,11.0,6.3,D,-7.2
739,low,1,7.0,6.0,9.5,A,5.1
740,low,2,11.0,1.0,7.0,B,-100.0
741,low,2,14.0,9.0,8.2,A,1.1
742,medium,2,1.0,4.0,1.4,A,-100.0
743,medium,1,3.0,50.0,2.2,C,15.0
744,high,1,10.0,16.0,9.8,A,15.0
745,medium,2,8.0,3.0,9.6,A,-3.6
746,high,1,1.0,1.0,5.8,A,-100.0
747,low,1,13.0,7.0,5.0,D,-18.1
748,high,1,5.0,14.0,7.4,A,7.6
749,none,1,12.0,17.0,9.7,B,15.0
750,low,1,16.0,49.0,3.5,A,15.0
751,high,2,18.0,50.0,9.9,A,15.0
752,high,1,11.0,2.0,6.5,D,-100.0
753,none,1,11.0,1.0,6.0,A,-100.0
754,high,1,4.0,33.0,6.9,A,15.0
755,low,2,3.0,0.0,2.3,A,-100.0
756,high,3,1.0,9.0,8.4,C,-2.0
757,none,0,25.0,6.0,2.5,A,-100.0
758,high,2,18.0,47.0,9.1,A,15.0
759,high,1,8.0,3.0,9.1,A,-6.5
760,medium,0,15.0,1.0,4.9,A,-100.0
761,medium,3,5.0,16.0,3.4,A,-12.6
762,high,0,20.0,42.0,8.2,A,15.0
763,high,0,22.0,6.0,6.2,A,-15.0
764,high,4,16.0,12.0,6.0,B,-12.9
765,high,1,5.0,2.0,9.7,A,-5.0
766,high,2,14.0,7.0,8.9,A,-2.3
767,none,2,16.0,13.0,6.1,D,-2.9
768,none,2,10.0,6.0,4.0,A,-100.0
769,low,3,14.0,2.0,1.7,A,-100.0
770,medium,1,2.0,34.0,7.8,A,15.0
771,,2,13.0,9.0,9.4,B,7.2
772,low,2,17.0,18.0,7.5,C,15.0
773,high,0,33.0,7.0,7.9,C,-4.7
774,low,1,4.0,17.0,9.8,A,15.0
775,low,4,20.0,1.0,7.3,C,-100.0
776,low,2,14.0,5.0,8.8,A,-4.0
777,high,1,11.0,28.0,9.9,D,15.0
778,medium,2,11.0,2.0,6.0,A,-100.0
779,medium,1,20.0,2.0,2.0,A,-100.0
780,high,1,17.0,3.0,8.2,A,-12.3
781,medium,2,22.0,50.0,3.8,B,15.0
782,high,0,3.0,21.0,9.0,A,15.0
783,low,0,7.0,5.0,4.8,B,-100.0
784,low,1,20.0,24.0,2.5,C,3.1
785,high,0,19.0,6.0,8.9,B,0.1
786,none,1,6.0,5.0,8.1,A,-5.2
787,none,2,1.0,7.0,7.7,C,-5.2
788,medium,4,5.0,11.0,2.1,D,-100.0
789,medium,1,10.0,3.0,8.0,A,-10.1
790,medium,1,5.0,22.0,9.4,A,15.0
791,none,2,17.0,0.0,9.3,A,-12.7
792,none,2,7.0,2.0,9.4,A,-6.9
793,low,1,7.0,25.0,1.3,A,-0.1
794,low,3,25.0,5.0,4.0,C,-100.0
795,medium,2,2.0,6.0,4.2,B,-100.0
796,medium,1,11.0,27.0,7.8,A,15.0
797,high,2,24.0,14.0,8.9,A,11.4
798,low,1,13.0,12.0,8.7,A,12.7
799,high,0,10.0,0.0,8.9,A,-11.6
800,medium,1,4.0,22.0,8.4,A,15.0
801,medium,1,20.0,24.0,2.5,C,2.8
802,low,2,19.0,15.0,2.6,A,-17.6
803,medium,3,10.0,1.0,5.5,A,-100.0
804,low,0,15.0,2.0,9.9,A,0.6
805,low,1,7.0,2.0,9.7,A,-2.2
806,high,1,11.0,7.0,3.6,A,-100.0
807,low,0,11.0,5.0,2.0,A,-100.0
808,high,3,,11.0,1.7,C,
809,medium,2,13.0,21.0,5.8,C,12.8
810,medium,0,3.0,19.0,4.3,C,6.4
811,medium,0,2.0,29.0,9.4,B,15.0
812,high,2,2.0,0.0,9.6,C,-11.9
813,high,2,12.0,6.0,3.6,A,-100.0
814,medium,2,6.0,17.0,2.3,A,-14.2
815,medium,2,16.0,36.0,7.3,A,15.0
816,none,0,9.0,8.0,4.5,A,-16.5
817,low,0,9.0,2.0,9.2,A,-2.6
818,medium,5,6.0,12.0,8.2,A,0.3
819,low,2,1.0,16.0,5.7,A,3.3
820,high,2,16.0,4.0,9.4,C,-6.0
821,high,1,3.0,1.0,3.0,C,-100.0
822,low,1,6.0,6.0,9.2,A,3.6
823,high,1,11.0,10.0,5.6,A,-11.3
824,medium,1,7.0,7.0,10.0,A,9.6
825,high,2,32.0,3.0,8.9,B,-12.5
826,low,0,,2.0,5.2,C,
827,medium,3,14.0,10.0,3.3,C,-100.0
828,medium,0,21.0,50.0,5.6,D,15.0
829,none,1,24.0,15.0,5.6,A,0.3
830,medium,1,28.0,15.0,1.2,A,-100.0
831,high,0,10.0,16.0,1.1,C,-100.0
832,,1,4.0,3.0,8.1,C,-9.2
833,high,0,15.0,1.0,5.3,B,-100.0
834,low,4,7.0,1.0,9.8,A,-11.2
835,low,1,10.0,16.0,6.8,B,11.0
836,low,2,27.0,4.0,1.0,C,-100.0
837,medium,2,11.0,19.0,1.9,A,-12.7
838,medium,1,7.0,31.0,5.8,A,15.0
839,low,1,11.0,37.0,1.4,A,15.0
840,low,1,26.0,0.0,1.0,A,-100.0
841,high,1,13.0,11.0,5.5,A,-10.0
842,high,3,16.0,11.0,8.4,A,0.7
843,none,0,6.0,29.0,9.7,C,15.0
844,medium,1,9.0,19.0,8.8,A,15.0
845,none,3,5.0,12.0,8.8,A,8.5
846,low,1,28.0,2.0,5.2,D,-100.0
847,none,3,14.0,32.0,7.9,A,15.0
848,high,5,2.0,1.0,9.0,A,-100.0
849,medium,4,16.0,5.0,8.6,A,-10.7
850,low,1,8.0,7.0,8.3,A,0.5
851,high,3,20.0,12.0,7.3,C,-3.7
852,low,2,4.0,5.0,1.8,A,-100.0
853,high,0,4.0,5.0,1.8,A,-100.0
854,high,0,16.0,0.0,9.0,A,-11.6
855,high,3,15.0,0.0,7.7,B,-100.0
856,low,2,21.0,14.0,9.7,A,15.0
857,low,2,9.0,14.0,9.7,A,15.0
858,medium,0,10.0,2.0,8.8,C,-5.3
859,medium,1,12.0,11.0,3.5,A,-18.2
860,high,4,9.0,8.0,8.8,A,-5.2
861,high,1,9.0,6.0,9.8,A,3.6
862,none,2,24.0,3.0,6.2,A,-100.0
863,low,2,4.0,8.0,7.8,A,-2.2
864,low,2,3.0,11.0,6.6,A,-2.4
865,medium,0,10.0,12.0,3.9,A,-11.2
866,high,2,9.0,13.0,8.3,A,7.5
867,none,1,2.0,2.0,9.4,A,-3.9
868,low,2,21.0,6.0,5.2,A,-100.0
869,high,1,4.0,11.0,9.7,A,14.0
870,high,3,6.0,0.0,6.1,A,-100.0
871,medium,1,0.0,22.0,5.5,A,15.0
872,low,4,11.0,4.0,10.0,A,-4.2
873,medium,2,4.0,10.0,7.0,A,-2.8
874,low,2,8.0,33.0,3.4,C,15.0
875,high,0,3.0,18.0,5.1,A,6.0
876,high,2,13.0,14.0,2.3,B,-100.0
877,high,2,4.0,9.0,8.9,C,2.9
878,medium,0,17.0,2.0,9.1,A,-4.4
879,medium,3,1.0,34.0,3.8,A,15.0
880,medium,0,10.0,1.0,6.4,A,-100.0
881,high,2,3.0,3.0,8.2,A,-13.4
882,medium,1,9.0,7.0,8.5,A,1.2
883,none,2,6.0,2.0,3.8,A,-100.0
884,low,0,8.0,41.0,5.1,B,15.0
885,medium,1,4.0,5.0,9.4,A,2.4
886,medium,1,24.0,24.0,1.8,C,-1.5
887,high,2,24.0,40.0,8.7,A,15.0
888,low,0,11.0,6.0,1.5,B,-100.0
889,,0,3.0,5.0,4.5,A,-100.0
890,low,1,13.0,3.0,7.2,A,-14.4
891,high,2,5.0,11.0,9.8,A,12.0
892,none,1,6.0,3.0,4.8,A,-100.0
893,high,1,7.0,4.0,3.3,A,-100.0
894,medium,1,8.0,2.0,8.2,A,-10.9
895,medium,2,14.0,3.0,8.4,A,-10.8
896,medium,0,3.0,6.0,5.4,D,-14.9
897,low,2,8.0,7.0,7.0,A,-9.1
898,low,2,10.0,4.0,6.9,B,-16.2
899,high,2,2.0,21.0,8.7,C,15.0
900,none,0,11.0,12.0,9.8,A,15.0
901,low,0,21.0,16.0,9.3,C,15.0
902,high,2,2.0,2.0,7.3,A,-100.0
903,low,1,15.0,13.0,2.7,A,-18.4
904,medium,1,4.0,8.0,2.1,D,-100.0
905,low,1,11.0,26.0,8.3,A,15.0
906,low,1,2.0,5.0,5.5,C,-18.5
907,high,2,7.0,5.0,10.0,A,0.3
908,high,0,13.0,11.0,4.7,A,-11.9
909,high,3,24.0,18.0,8.6,B,15.0
910,high,0,13.0,14.0,6.6,B,4.9
911,medium,2,1.0,15.0,7.4,A,10.2
912,low,1,15.0,1.0,2.2,A,-100.0
913,low,3,12.0,9.0,8.2,A,-1.2
914,medium,2,6.0,10.0,9.3,A,9.6
915,high,3,17.0,28.0,5.4,A,15.0
916,high,2,6.0,16.0,7.4,A,9.2
917,medium,1,9.0,11.0,1.9,A,-100.0
918,low,1,6.0,26.0,9.2,A,15.0
919,medium,1,9.0,4.0,8.5,A,-5.2
920,low,1,2.0,23.0,9.0,C,15.0
921,medium,3,5.0,13.0,2.8,A,-100.0
922,low,3,3.0,6.0,8.0,A,-7.7
923,high,0,5.0,4.0,10.0,C,3.4
924,,0,1.0,2.0,8.1,A,-8.5
925,none,3,4.0,2.0,6.8,A,-100.0
926,high,3,7.0,3.0,4.1,A,-100.0
927,high,0,3.0,19.0,7.1,A,15.0
928,high,2,8.0,25.0,1.3,B,-5.7
929,low,1,9.0,12.0,1.2,A,-100.0
930,low,2,4.0,11.0,1.2,A,-100.0
931,high,1,7.0,0.0,9.0,A,-13.2
932,low,2,4.0,5.0,4.9,A,-100.0
933,none,1,2.0,17.0,9.8,D,15.0
934,medium,1,9.0,18.0,6.0,A,10.5
935,low,3,6.0,1.0,3.3,A,-100.0
936,low,3,8.0,19.0,8.6,A,15.0
937,none,0,10.0,38.0,9.3,A,15.0
938,high,5,10.0,20.0,5.2,A,-2.4
939,none,3,8.0,2.0,5.5,A,-100.0
940,high,1,4.0,26.0,1.2,A,-1.2
941,none,0,5.0,9.0,5.6,C,-7.9
942,high,5,4.0,23.0,9.4,C,15.0
943,low,2,5.0,9.0,8.4,B,3.1
944,high,0,5.0,10.0,6.1,A,-5.5
945,none,0,12.0,1.0,8.6,C,-8.9
946,high,5,18.0,7.0,2.7,A,-100.0
947,none,0,3.0,2.0,4.6,C,-100.0
948,none,5,1.0,13.0,2.6,A,-100.0
949,medium,3,14.0,1.0,6.1,B,-100.0
950,high,2,12.0,50.0,6.2,A,15.0
951,low,2,40.0,8.0,1.5,A,-100.0
952,high,3,4.0,24.0,3.5,B,2.2
953,none,0,7.0,3.0,8.8,A,-3.1
954,,2,1.0,7.0,8.1,A,-3.0
955,high,3,1.0,4.0,9.8,A,-4.8
956,high,2,12.0,22.0,8.4,A,15.0
957,low,2,2.0,3.0,8.3,A,-9.8
958,high,3,18.0,3.0,3.4,A,-100.0
959,none,1,12.0,0.0,6.8,A,-100.0
960,low,0,15.0,15.0,7.8,B,15.0
961,none,3,9.0,12.0,3.0,A,-100.0
962,none,2,16.0,12.0,9.9,A,15.0
963,medium,1,13.0,1.0,9.8,A,-4.7
964,low,1,21.0,13.0,7.7,A,8.5
965,none,1,4.0,2.0,9.8,A,-1.9
966,low,2,12.0,6.0,4.1,A,-100.0
967,,3,2.0,9.0,8.3,C,-0.3
968,medium,1,24.0,6.0,8.9,A,-0.2
969,low,2,6.0,3.0,1.9,A,-100.0
970,low,1,5.0,25.0,6.4,A,15.0
971,low,2,5.0,5.0,9.5,A,0.7
972,low,1,12.0,1.0,9.3,A,-7.0
973,low,4,7.0,16.0,9.5,A,15.0
974,none,2,14.0,0.0,6.6,C,-100.0
975,medium,1,1.0,1.0,6.5,A,-100.0
976,low,1,4.0,3.0,7.1,C,
977,medium,1,13.0,0.0,1.9,A,-100.0
978,low,0,9.0,2.0,3.6,A,-100.0
979,low,1,8.0,5.0,8.4,A,-3.1
980,high,1,4.0,27.0,7.2,A,15.0
981,low,1,15.0,3.0,7.4,A,-13.5
982,medium,0,1.0,2.0,8.9,A,-3.9
983,medium,1,5.0,10.0,3.3,A,-100.0
984,low,0,8.0,4.0,8.3,A,-3.3
985,low,0,,12.0,1.9,C,
986,low,4,6.0,3.0,7.5,D,-19.6
987,high,0,7.0,12.0,5.7,A,-3.7
988,medium,1,36.0,26.0,6.8,A,15.0
989,medium,1,7.0,1.0,6.1,A,-100.0
990,none,1,16.0,27.0,6.5,A,15.0
991,high,1,6.0,12.0,8.8,C,11.0
992,high,1,17.0,8.0,8.8,A,1.5
993,high,1,3.0,21.0,3.3,D,-0.1
994,low,1,5.0,4.0,8.6,C,-3.8
995,medium,2,16.0,1.0,5.3,D,-100.0
996,high,2,14.0,50.0,7.6,A,15.0
997,low,4,24.0,4.0,9.4,A,-8.8
998,low,3,13.0,13.0,8.6,C,9.3
999,low,0,4.0,2.0,1.7,A,-100.0
1000,none,0,14.0,0.0,8.8,A,-10.1
1001,medium,4,2.0,34.0,6.4,A,15.0
1002,low,2,10.0,2.0,4.4,A,-100.0
1003,high,1,26.0,37.0,3.1,A,15.0
1004,medium,1,3.0,7.0,5.0,A,-17.5
1005,low,2,14.0,23.0,2.1,C,-3.1
1006,medium,5,21.0,16.0,7.5,A,3.4
1007,low,0,11.0,24.0,2.0,A,3.8
1008,low,0,5.0,13.0,9.1,C,15.0
1009,none,2,7.0,2.0,4.6,A,-100.0
1010,medium,0,1.0,7.0,9.5,A,9.9
1011,low,1,11.0,4.0,3.6,C,-100.0
1012,medium,1,9.0,21.0,9.0,A,15.0
1013,high,3,10.0,0.0,9.5,A,-15.8
1014,high,1,9.0,11.0,3.0,B,-100.0
1015,low,4,6.0,2.0,8.7,A,-15.1
1016,low,1,10.0,10.0,3.5,C,-19.8
1017,medium,4,14.0,27.0,2.0,C,-0.6
1018,low,4,8.0,16.0,5.9,A,-1.3
1019,low,2,27.0,1.0,2.1,B,-100.0
1020,high,1,7.0,0.0,8.0,A,-18.7
1021,medium,3,11.0,12.0,10.0,A,14.7
1022,low,1,17.0,6.0,8.7,D,-0.3
1023,low,1,10.0,18.0,3.8,A,-1.3
1024,none,2,3.0,13.0,8.3,A,10.5
1025,low,1,9.0,2.0,6.6,A,-19.4
1026,high,1,9.0,3.0,4.4,C,-100.0
1027,,1,6.0,15.0,4.9,A,-1.8
1028,medium,1,4.0,42.0,3.3,A,15.0
1029,high,0,1.0,23.0,4.4,A,12.9
1030,none,1,5.0,24.0,5.9,A,15.0
1031,medium,1,2.0,3.0,7.4,D,-12.6
1032,medium,1,12.0,20.0,8.8,A,15.0
1033,high,0,2.0,19.0,9.0,C,15.0
1034,medium,2,15.0,11.0,4.9,D,-13.4
1035,high,3,2.0,3.0,3.7,A,-100.0
1036,high,2,11.0,22.0,8.1,B,15.0
1037,low,2,2.0,31.0,5.7,B,15.0
1038,low,4,6.0,21.0,9.5,A,15.0
1039,medium,2,3.0,16.0,2.0,D,-17.6
1040,none,0,8.0,4.0,1.0,A,-100.0
1041,low,2,5.0,4.0,2.8,C,-100.0
1042,high,3,9.0,1.0,6.6,A,-100.0
1043,low,0,14.0,1.0,8.0,A,-11.8
1044,low,1,5.0,16.0,4.8,B,0.5
1045,high,0,16.0,20.0,1.3,A,-12.0
1046,low,2,2.0,21.0,1.5,C,-9.4
1047,low,0,17.0,4.0,9.3,A,1.3
1048,medium,1,5.0,8.0,7.7,A,-0.8
1049,medium,5,17.0,15.0,7.6,C,2.2
1050,low,2,14.0,2.0,1.7,B,-100.0
1051,high,0,15.0,9.0,9.0,A,7.4
1052,medium,1,40.0,5.0,9.0,B,-3.4
1053,low,1,16.0,29.0,9.8,C,15.0
1054,low,2,23.0,8.0,8.3,A,-1.4
1055,high,2,9.0,1.0,4.9,C,-100.0
1056,high,1,4.0,14.0,8.0,A,11.0
1057,low,0,27.0,4.0,2.2,B,-100.0
1058,high,2,7.0,5.0,9.2,A,-4.1
1059,low,2,11.0,10.0,9.0,C,7.9
1060,none,3,2.0,5.0,5.7,A,-100.0
1061,high,5,1.0,3.0,9.5,A,-13.6
1062,high,1,18.0,15.0,2.1,A,-100.0
1063,medium,2,6.0,0.0,3.5,A,-100.0
1064,medium,0,7.0,5.0,5.8,A,-15.2
1065,medium,1,20.0,13.0,5.3,A,-5.0
1066,high,2,15.0,9.0,4.5,A,-100.0
1067,none,2,5.0,15.0,4.7,A,-5.3
1068,medium,1,,25.0,9.5,C,
1069,high,2,16.0,1.0,3.2,B,-100.0
1070,medium,1,9.0,47.0,8.0,A,15.0
1071,high,2,15.0,12.0,6.7,A,-4.0
1072,high,1,6.0,3.0,8.3,B,-10.7
1073,,0,13.0,16.0,1.5,A,-16.6
1074,medium,0,4.0,10.0,6.7,A,0.5
1075,low,2,6.0,24.0,2.4,A,1.5
1076,none,2,3.0,25.0,9.0,A,15.0
1077,none,0,16.0,0.0,9.9,A,-4.3
1078,high,1,2.0,3.0,5.5,A,-100.0
1079,none,6,9.0,14.0,4.7,A,-17.8
1080,low,1,8.0,6.0,7.6,A,-5.4
1081,none,1,5.0,4.0,8.5,A,-5.0
1082,low,2,6.0,6.0,9.7,A,3.8
1083,high,1,6.0,21.0,2.1,A,-7.0
1084,high,2,7.0,3.0,7.9,C,-15.5
1085,medium,4,3.0,1.0,8.5,A,-18.4
1086,low,1,12.0,0.0,1.5,A,-100.0
1087,high,5,22.0,8.0,9.0,A,-7.9
1088,high,1,12.0,8.0,3.6,A,-100.0
1089,medium,2,13.0,4.0,3.1,A,-100.0
1090,none,1,2.0,6.0,8.2,A,-2.1
1091,high,0,2.0,5.0,1.8,A,-100.0
1092,high,4,7.0,9.0,3.1,A,-100.0
1093,none,0,5.0,11.0,7.4,A,6.2
1094,high,2,1.0,22.0,9.0,A,15.0
1095,low,1,28.0,9.0,8.9,A,6.0
1096,high,1,19.0,16.0,7.0,A,8.2
1097,high,0,11.0,11.0,5.9,A,-5.1
1098,none,0,1.0,14.0,5.8,A,4.1
1099,low,2,3.0,6.0,8.1,A,-4.7
1100,none,1,6.0,8.0,9.9,C,11.0
1101,none,1,7.0,24.0,8.3,A,15.0
1102,low,1,9.0,31.0,9.4,A,15.0
1103,low,1,4.0,4.0,1.6,C,-100.0
1104,high,0,10.0,15.0,9.8,B,15.0
1105,high,0,20.0,10.0,9.5,A,11.7
1106,low,2,11.0,8.0,2.4,C,-100.0
1107,high,0,9.0,4.0,8.0,A,-8.0
1108,high,2,20.0,9.0,2.5,A,-100.0
1109,medium,0,10.0,1.0,1.5,C,-100.0
1110,high,2,7.0,4.0,9.7,A,-3.5
1111,low,0,7.0,7.0,3.3,A,-100.0
1112,medium,2,10.0,6.0,8.1,A,-5.7
1113,medium,0,5.0,22.0,3.2,D,6.4
1114,high,0,4.0,3.0,8.7,B,-5.8
1115,low,0,9.0,18.0,8.5,A,15.0
1116,medium,2,15.0,25.0,9.0,A,15.0
1117,medium,1,3.0,9.0,1.0,A,-100.0
1118,medium,2,11.0,10.0,1.1,D,-100.0
1119,none,0,4.0,4.0,9.4,A,2.6
1120,high,2,6.0,1.0,7.6,A,-100.0
1121,low,2,6.0,2.0,8.5,A,-11.2
1122,high,1,25.0,27.0,2.5,A,5.9
1123,low,2,18.0,6.0,6.0,A,-17.7
1124,low,2,6.0,16.0,9.8,C,15.0
1125,low,1,10.0,7.0,9.0,A,4.2
1126,none,2,8.0,8.0,3.0,A,-100.0
1127,none,0,21.0,8.0,9.3,A,8.7
1128,low,1,8.0,1.0,3.3,A,-100.0
1129,high,0,14.0,24.0,8.5,A,15.0
1130,high,1,7.0,38.0,8.7,C,15.0
1131,medium,0,12.0,2.0,8.8,A,-5.5
1132,low,2,5.0,0.0,3.5,A,-100.0
1133,high,1,20.0,1.0,1.3,C,-100.0
1134,low,0,19.0,16.0,3.8,C,-3.9
1135,none,0,5.0,10.0,2.8,A,-100.0
1136,medium,2,11.0,10.0,8.5,A,4.7
1137,none,2,8.0,1.0,5.2,A,-100.0
1138,high,2,12.0,23.0,9.5,A,15.0
1139,medium,2,7.0,8.0,8.1,A,-1.2
1140,medium,2,4.0,24.0,6.7,A,15.0
1141,low,0,10.0,39.0,8.5,A,15.0
1142,medium,0,5.0,50.0,3.7,A,15.0
1143,medium,0,12.0,8.0,8.7,C,6.6
1144,medium,4,16.0,6.0,4.7,A,-100.0
1145,medium,2,6.0,6.0,8.9,A,-0.9
1146,low,1,8.0,21.0,9.5,B,15.0
1147,medium,2,3.0,2.0,2.2,A,-100.0
1148,medium,1,10.0,5.0,9.2,A,0.7
1149,none,4,6.0,47.0,9.3,B,15.0
1150,high,2,6.0,15.0,3.0,A,-17.1
1151,none,3,9.0,50.0,7.7,A,15.0
1152,medium,0,14.0,17.0,9.8,A,15.0
1153,medium,3,13.0,31.0,4.7,A,15.0
1154,medium,2,6.0,8.0,3.7,C,-100.0
1155,low,0,9.0,0.0,8.4,A,-11.2
1156,medium,3,17.0,3.0,1.5,C,-100.0
1157,low,5,17.0,35.0,9.6,B,15.0
1158,high,3,19.0,4.0,1.1,B,-100.0
1159,medium,1,15.0,2.0,5.6,A,-100.0
1160,low,3,1.0,4.0,5.7,A,-100.0
1161,low,0,8.0,8.0,8.9,A,8.4
1162,low,0,4.0,15.0,6.1,A,8.1
1163,medium,4,9.0,3.0,9.6,A,-8.7
1164,medium,1,17.0,0.0,9.7,A,-7.7
1165,high,0,9.0,4.0,6.4,D,-16.8
1166,high,1,30.0,2.0,7.8,A,-17.9
1167,high,2,8.0,10.0,5.4,B,-14.6
1168,high,2,7.0,6.0,8.5,A,-5.9
1169,medium,0,6.0,3.0,9.1,B,-1.1
1170,none,0,9.0,33.0,9.8,C,15.0
1171,none,3,6.0,8.0,8.0,A,-4.4
1172,none,1,5.0,2.0,9.4,A,-4.2
1173,high,2,8.0,0.0,1.1,A,-100.0
1174,high,2,4.0,12.0,6.7,A,-2.9
1175,,2,14.0,4.0,5.3,A,-100.0
1176,low,1,1.0,11.0,8.5,A,10.7
1177,high,0,10.0,15.0,7.7,C,13.3
1178,high,2,5.0,17.0,3.2,B,-11.7
1179,high,3,2.0,4.0,8.0,A,-14.8
1180,medium,2,8.0,15.0,4.1,A,-8.7
1181,high,3,12.0,0.0,8.1,A,-100.0
1182,none,0,19.0,29.0,2.8,A,15.0
1183,,2,6.0,6.0,1.0,A,-100.0
1184,high,3,11.0,5.0,9.8,A,-3.7
1185,none,4,4.0,4.0,5.9,A,-100.0
1186,low,1,12.0,17.0,1.7,A,-15.2
1187,low,2,9.0,8.0,9.4,A,6.1
1188,medium,0,26.0,14.0,6.1,A,3.4
1189,low,2,8.0,30.0,1.4,C,8.4
1190,low,3,6.0,4.0,2.3,B,-100.0
1191,none,0,9.0,1.0,5.9,A,-100.0
1192,low,4,3.0,11.0,8.2,A,1.4
1193,high,1,1.0,2.0,8.8,A,-9.5
1194,none,2,12.0,28.0,9.9,C,15.0
1195,low,3,7.0,2.0,4.6,A,-100.0
1196,none,2,6.0,8.0,7.6,B,-4.1
1197,low,1,4.0,11.0,8.2,A,8.8
1198,none,5,1.0,0.0,,D,
1199,medium,1,1.0,2.0,8.2,A,-10.2
1200,high,2,13.0,3.0,7.0,A,-100.0
1201,low,1,11.0,13.0,8.9,B,15.0
1202,none,1,4.0,8.0,4.4,A,-19.0
1203,medium,0,8.0,4.0,3.5,A,-100.0
1204,none,3,5.0,7.0,4.4,B,-100.0
1205,low,1,6.0,5.0,3.9,A,-100.0
1206,none,0,9.0,1.0,8.1,A,-11.4
1207,none,0,21.0,0.0,4.4,C,-100.0
1208,high,4,6.0,14.0,3.4,C,-100.0
1209,none,2,7.0,34.0,9.4,A,15.0
1210,low,0,27.0,15.0,8.3,A,15.0
1211,none,1,1.0,5.0,9.9,B,5.2
1212,high,2,6.0,3.0,5.0,A,-100.0
1213,low,0,11.0,18.0,8.4,A,15.0
1214,none,1,13.0,11.0,7.3,A,2.3
1215,high,3,1.0,28.0,8.3,A,15.0
1216,high,0,10.0,12.0,8.4,D,10.9
1217,low,1,6.0,0.0,6.1,B,-100.0
1218,high,2,10.0,11.0,9.9,A,12.0
1219,low,1,12.0,10.0,4.6,A,-13.9
1220,low,0,7.0,10.0,5.4,A,-6.5
1221,low,1,8.0,11.0,2.0,C,-100.0
1222,high,0,19.0,20.0,7.4,A,15.0
1223,low,1,3.0,6.0,6.3,A,-12.1
1224,none,1,2.0,6.0,4.8,A,-100.0
1225,high,0,12.0,5.0,9.3,B,0.9
1226,high,2,6.0,6.0,8.1,A,-8.0
1227,low,1,4.0,32.0,3.4,C,15.0
1228,medium,1,17.0,12.0,4.4,A,-11.7
1229,high,1,11.0,0.0,4.1,A,-100.0
1230,high,0,23.0,9.0,4.1,B,-100.0
1231,medium,1,8.0,8.0,4.9,B,-16.4
1232,medium,1,2.0,20.0,6.9,A,15.0
1233,low,2,14.0,14.0,2.8,A,-18.1
1234,low,3,2.0,6.0,8.1,A,-7.1
1235,none,0,25.0,15.0,3.7,A,-7.8
1236,medium,3,7.0,11.0,5.2,D,-13.4
1237,low,0,7.0,24.0,10.0,A,15.0
1238,none,1,12.0,27.0,9.0,A,15.0
1239,low,1,8.0,8.0,8.0,D,1.0
1240,high,3,4.0,13.0,3.9,A,-18.7
1241,low,0,8.0,9.0,9.8,A,15.0
1242,none,1,17.0,23.0,8.7,A,15.0
1243,high,1,5.0,13.0,7.5,A,6.0
1244,high,2,11.0,9.0,9.3,A,4.4
1245,none,1,19.0,16.0,8.4,C,15.0
1246,medium,3,3.0,6.0,8.1,A,-7.6
1247,high,2,1.0,5.0,8.5,A,-7.4
1248,high,3,13.0,5.0,4.5,C,-100.0
1249,high,0,12.0,32.0,7.6,A,15.0
1250,low,1,7.0,6.0,3.9,B,-100.0
1251,none,1,18.0,15.0,7.7,C,12.4
1252,low,0,3.0,23.0,2.7,C,6.3
1253,none,2,12.0,29.0,7.2,A,15.0
1254,medium,2,5.0,30.0,1.5,B,8.9
1255,medium,0,5.0,10.0,8.8,A,12.0
1256,medium,1,11.0,26.0,1.4,A,1.8
1257,high,1,6.0,1.0,3.6,A,-100.0
1258,medium,0,18.0,3.0,9.1,A,-2.4
1259,low,2,25.0,13.0,9.3,A,14.4
1260,high,0,2.0,14.0,5.6,A,0.5
1261,none,3,27.0,9.0,1.1,B,-100.0
1262,medium,0,9.0,9.0,2.1,A,-100.0
1263,high,2,7.0,4.0,8.5,A,-10.1
1264,high,0,6.0,38.0,4.5,A,15.0
1265,,2,1.0,3.0,,A,
1266,medium,3,2.0,17.0,3.7,A,-8.6
1267,low,1,13.0,3.0,7.5,A,-12.8
1268,medium,1,4.0,8.0,8.9,A,6.0
1269,high,1,6.0,0.0,3.4,A,-100.0
1270,low,3,8.0,3.0,3.8,A,-100.0
1271,low,0,4.0,19.0,3.5,A,2.2
1272,medium,1,14.0,28.0,8.6,C,15.0
1273,none,1,6.0,1.0,7.5,A,-16.9
1274,low,0,4.0,8.0,8.7,B,7.7
1275,low,0,11.0,5.0,4.5,A,-100.0
1276,low,0,1.0,11.0,,B,
1277,low,2,18.0,4.0,8.1,C,-10.4
1278,medium,3,2.0,1.0,7.6,A,-100.0
1279,none,0,10.0,8.0,1.0,A,-100.0
1280,high,1,1.0,3.0,5.7,A,-100.0
1281,medium,1,14.0,9.0,3.5,C,-100.0
1282,low,1,12.0,2.0,7.8,A,-13.1
1283,low,1,25.0,1.0,3.8,A,-100.0
1284,low,1,3.0,7.0,6.9,B,-6.7
1285,,3,6.0,7.0,8.1,A,-6.0
1286,medium,6,22.0,2.0,3.0,A,-100.0
1287,high,3,16.0,6.0,4.9,A,-100.0
1288,high,1,6.0,3.0,5.4,C,-100.0
1289,medium,0,28.0,3.0,6.1,C,-19.8
1290,high,2,21.0,7.0,2.7,A,-100.0
1291,high,2,4.0,3.0,9.9,A,-4.2
1292,low,0,5.0,19.0,5.4,C,12.6
1293,medium,3,8.0,9.0,7.3,A,-6.1
1294,high,1,2.0,4.0,2.0,A,-100.0
1295,medium,0,5.0,9.0,5.5,A,-8.2
1296,high,0,6.0,4.0,1.5,A,-100.0
1297,high,2,10.0,22.0,4.1,A,3.2
1298,low,0,16.0,1.0,8.2,C,-10.9
1299,low,4,2.0,13.0,8.9,A,9.5
1300,low,2,9.0,6.0,6.2,A,-15.7
1301,medium,0,12.0,4.0,7.9,A,-6.3
1302,none,2,11.0,2.0,1.9,A,-100.0
1303,low,5,4.0,7.0,9.2,A,-4.1
1304,none,2,9.0,16.0,9.6,D,15.0
1305,none,2,8.0,11.0,5.2,A,-11.2
1306,low,3,5.0,25.0,8.5,A,15.0
1307,medium,2,,8.0,3.2,C,
1308,low,1,25.0,31.0,8.9,A,15.0
1309,high,2,5.0,8.0,6.0,C,-15.2
1310,high,4,8.0,10.0,1.8,C,-100.0
1311,low,1,9.0,1.0,3.1,A,-100.0
1312,none,1,27.0,0.0,10.0,A,-7.3
1313,high,1,16.0,11.0,2.1,A,-100.0
1314,low,2,2.0,2.0,4.4,B,-100.0
1315,high,0,7.0,8.0,7.4,A,-2.7
1316,low,0,1.0,17.0,8.4,C,15.0
1317,none,0,7.0,8.0,5.3,A,-11.9
1318,low,0,4.0,4.0,2.3,B,-100.0
1319,low,1,4.0,14.0,7.1,A,9.0
1320,none,3,23.0,13.0,9.4,A,12.1
1321,medium,0,2.0,12.0,8.3,A,13.8
1322,none,5,6.0,16.0,9.6,C,15.0
1323,high,0,15.0,41.0,2.8,C,15.0
1324,none,0,1.0,7.0,9.7,A,10.8
1325,high,2,4.0,24.0,5.3,A,14.6
1326,none,1,10.0,25.0,9.2,C,15.0
1327,low,0,1.0,13.0,6.0,A,3.7
1328,high,4,13.0,15.0,9.7,A,14.0
1329,none,2,5.0,2.0,3.8,A,-100.0
1330,low,0,11.0,18.0,3.9,C,1.6
1331,high,1,2.0,1.0,5.3,D,-100.0
1332,high,1,10.0,5.0,7.8,C,-9.6
1333,high,3,10.0,1.0,6.3,A,-100.0
1334,high,1,10.0,21.0,5.7,A,12.4
1335,high,2,31.0,0.0,3.4,C,-100.0
1336,low,0,6.0,13.0,4.2,B,-6.7
1337,low,2,21.0,1.0,4.2,A,-100.0
1338,medium,2,26.0,4.0,8.7,A,-8.2
1339,high,4,8.0,12.0,9.8,A,8.8
1340,low,0,7.0,4.0,9.0,A,0.7
1341,low,2,6.0,1.0,9.0,A,-10.5
1342,high,1,5.0,29.0,1.1,C,4.4
1343,medium,0,2.0,4.0,2.8,A,-100.0
1344,medium,0,12.0,0.0,4.3,A,-100.0
1345,high,3,14.0,13.0,7.8,D,1.8
1346,high,1,4.0,1.0,8.7,C,-12.5
1347,high,3,3.0,33.0,1.1,A,8.0
1348,low,0,11.0,29.0,1.6,A,12.1
1349,low,3,12.0,20.0,8.3,C,15.0
1350,low,2,3.0,3.0,8.9,A,-6.6
1351,low,2,11.0,5.0,7.1,A,-13.1
1352,low,3,17.0,21.0,7.2,A,15.0
1353,high,2,7.0,5.0,4.6,B,-100.0
1354,high,3,2.0,6.0,6.3,A,-20.0
1355,medium,1,14.0,27.0,3.9,A,15.0
1356,none,3,7.0,24.0,2.1,A,-3.4
1357,high,1,4.0,6.0,8.9,A,-0.9
1358,high,1,9.0,7.0,7.9,D,-4.8
1359,high,1,7.0,3.0,8.8,B,-8.0
1360,none,2,21.0,27.0,6.7,A,15.0
1361,low,2,9.0,29.0,9.6,D,15.0
1362,low,5,6.0,1.0,1.2,A,-100.0
1363,medium,1,15.0,3.0,9.1,A,-4.5
1364,medium,0,9.0,6.0,1.6,A,-100.0
1365,low,6,4.0,1.0,8.2,D,-100.0
1366,medium,1,9.0,0.0,2.3,B,-100.0
1367,low,2,2.0,7.0,3.4,C,-100.0
1368,none,0,7.0,6.0,9.0,B,4.3
1369,none,5,5.0,7.0,6.1,A,-100.0
1370,none,3,6.0,22.0,6.7,C,15.0
1371,none,2,8.0,3.0,8.7,D,-8.8
1372,none,2,5.0,4.0,1.7,A,-100.0
1373,high,1,6.0,15.0,8.7,A,15.0
1374,none,3,13.0,9.0,5.2,A,-18.4
1375,medium,2,10.0,2.0,9.2,A,-8.1
1376,high,2,22.0,11.0,7.4,A,-2.9
1377,low,1,9.0,11.0,5.0,A,-9.3
1378,high,0,6.0,0.0,8.5,A,-13.4
1379,high,0,6.0,13.0,7.7,A,9.5
1380,low,1,1.0,8.0,2.6,A,-100.0
1381,medium,0,28.0,34.0,8.1,B,15.0
1382,,2,1.0,50.0,5.4,A,15.0
1383,low,1,5.0,10.0,7.8,A,4.4
1384,high,1,3.0,17.0,5.4,A,3.1
1385,none,0,29.0,17.0,5.6,B,6.5
1386,low,1,4.0,12.0,8.5,A,12.5
1387,low,1,16.0,5.0,6.1,A,-16.6
1388,none,2,18.0,18.0,7.7,A,15.0
1389,none,3,5.0,3.0,6.6,A,-100.0
1390,low,0,11.0,4.0,7.3,A,-9.1
1391,high,3,13.0,7.0,6.2,A,-19.5
1392,high,2,4.0,14.0,1.7,A,-100.0
1393,none,0,8.0,1.0,8.2,A,-10.7
1394,none,2,7.0,16.0,8.3,A,15.0
1395,medium,1,10.0,39.0,3.1,A,15.0
1396,medium,2,13.0,8.0,8.1,A,-1.8
1397,high,0,16.0,17.0,4.9,A,1.5
1398,medium,1,5.0,11.0,9.7,A,15.0
1399,low,0,2.0,1.0,9.2,A,-4.0
1400,medium,2,5.0,24.0,7.7,C,15.0
1401,medium,0,5.0,29.0,6.3,A,15.0
1402,none,0,3.0,8.0,7.5,A,0.6
1403,high,2,4.0,22.0,6.4,C,15.0
1404,medium,0,10.0,1.0,8.1,A,-11.3
1405,medium,2,1.0,7.0,7.9,A,-3.9
1406,low,0,9.0,5.0,2.0,D,-100.0
1407,high,1,4.0,18.0,9.6,C,15.0
1408,high,0,10.0,10.0,6.4,A,-4.3
1409,medium,2,3.0,7.0,2.8,A,-100.0
1410,high,3,6.0,11.0,3.7,A,-100.0
1411,low,0,8.0,15.0,1.3,D,-18.7
1412,low,1,3.0,50.0,3.9,A,15.0
1413,high,3,21.0,4.0,8.2,A,-15.6
1414,low,0,10.0,20.0,1.6,A,-6.7
1415,medium,3,5.0,22.0,5.8,C,13.2
1416,low,4,3.0,8.0,7.7,A,-7.7
1417,medium,2,3.0,18.0,3.6,A,-4.6
1418,medium,0,24.0,3.0,8.8,A,-4.6
1419,none,1,7.0,21.0,1.6,D,-7.4
1420,none,2,2.0,25.0,9.1,C,15.0
1421,low,2,6.0,2.0,3.2,A,-100.0
1422,,0,6.0,20.0,8.1,A,15.0
1423,high,3,5.0,27.0,8.0,A,15.0
1424,medium,0,9.0,15.0,2.3,C,-13.7
1425,high,2,5.0,3.0,3.1,A,-100.0
1426,medium,1,7.0,19.0,1.4,A,-12.5
1427,high,0,8.0,0.0,6.2,D,-100.0
1428,low,2,6.0,8.0,7.9,A,-1.9
1429,medium,1,3.0,6.0,6.7,B,-10.3
1430,none,1,6.0,1.0,4.6,C,-100.0
1431,medium,2,1.0,3.0,9.5,D,-3.5
1432,medium,1,11.0,5.0,1.4,D,-100.0
1433,medium,0,15.0,1.0,9.4,A,-4.6
1434,low,0,29.0,34.0,3.3,A,15.0
1435,low,3,3.0,4.0,8.4,A,-9.7
1436,low,0,14.0,14.0,2.6,A,-14.2
1437,medium,1,15.0,20.0,7.5,C,15.0
1438,medium,2,5.0,13.0,3.3,C,-17.0
1439,low,0,24.0,31.0,8.2,A,15.0
1440,high,3,5.0,47.0,9.4,A,15.0
1441,high,1,7.0,11.0,8.0,A,4.4
1442,high,2,8.0,1.0,9.3,A,-12.1
1443,none,4,11.0,12.0,8.4,C,3.2
1444,medium,1,5.0,9.0,5.5,D,-10.8
1445,medium,5,6.0,22.0,8.6,A,15.0
1446,high,0,14.0,18.0,8.3,A,15.0
1447,high,0,2.0,19.0,7.9,A,15.0
1448,medium,3,11.0,8.0,3.3,A,-100.0
1449,low,2,0.0,8.0,2.0,A,-100.0
1450,low,1,3.0,4.0,7.3,A,-10.8
1451,low,2,10.0,3.0,7.5,A,-15.0
1452,high,2,17.0,1.0,3.4,A,-100.0
1453,high,3,14.0,15.0,6.4,A,-1.7
1454,high,2,4.0,0.0,7.1,B,-100.0
1455,high,3,9.0,6.0,4.4,D,-100.0
1456,low,0,0.0,37.0,1.8,A,15.0
1457,low,4,8.0,46.0,9.5,C,15.0
1458,low,0,13.0,10.0,8.1,B,7.7
1459,low,2,9.0,30.0,8.8,A,15.0
1460,medium,3,1.0,7.0,9.4,C,1.9
1461,medium,1,5.0,6.0,3.1,C,-100.0
1462,none,3,20.0,14.0,5.8,A,-5.3
1463,high,1,14.0,7.0,9.3,A,2.4
1464,none,2,1.0,19.0,1.8,A,-12.4
1465,low,1,2.0,14.0,9.0,A,15.0
1466,high,5,1.0,9.0,1.6,B,-100.0
1467,none,1,11.0,9.0,9.5,A,10.4
1468,high,1,12.0,5.0,5.7,A,-100.0
1469,none,2,4.0,2.0,6.9,A,-100.0
1470,low,1,7.0,50.0,2.6,B,15.0
1471,none,1,13.0,5.0,1.1,A,-100.0
1472,low,1,7.0,4.0,7.8,C,-8.4
1473,high,1,4.0,16.0,4.0,B,-6.8
1474,none,3,4.0,17.0,2.8,A,-13.9
1475,high,3,4.0,5.0,6.9,C,-19.0
1476,medium,2,3.0,15.0,8.8,B,15.0
1477,medium,3,33.0,1.0,9.3,A,-14.5
1478,none,3,7.0,13.0,8.4,C,8.2
1479,none,1,12.0,1.0,9.5,A,-6.5
1480,high,1,6.0,48.0,3.5,C,15.0
1481,medium,4,3.0,12.0,3.6,A,
1482,medium,0,19.0,12.0,8.7,A,14.2
1483,low,1,14.0,24.0,6.4,A,15.0
1484,low,1,5.0,8.0,9.4,B,9.0
1485,low,2,2.0,10.0,3.6,A,-100.0
1486,low,4,26.0,5.0,1.8,B,-100.0
1487,medium,1,14.0,8.0,9.1,A,6.0
1488,low,3,3.0,29.0,9.0,A,15.0
1489,none,3,10.0,13.0,7.0,C,0.2
1490,low,1,14.0,13.0,9.2,A,15.0
1491,high,1,20.0,1.0,6.4,A,-100.0
1492,low,1,7.0,10.0,8.3,A,6.9
1493,medium,1,25.0,2.0,2.7,A,-100.0
1494,none,2,11.0,17.0,8.5,B,15.0
1495,none,0,3.0,15.0,2.4,A,-12.7
1496,low,0,20.0,17.0,7.2,C,15.0
1497,high,1,3.0,5.0,9.0,A,-2.3
1498,medium,1,3.0,3.0,7.2,B,-13.8
1499,high,2,12.0,32.0,9.5,B,15.0
1500,none,0,0.0,3.0,6.6,A,-14.5
1501,medium,1,14.0,1.0,1.5,A,-100.0
1502,high,1,39.0,9.0,3.0,D,-100.0
1503,high,2,4.0,9.0,9.8,A,7.9
1504,low,2,4.0,8.0,8.3,A,0.5
1505,low,2,6.0,26.0,6.9,A,15.0
1506,medium,2,10.0,22.0,4.2,A,6.4
1507,none,0,3.0,5.0,3.6,A,-100.0
1508,medium,3,3.0,12.0,4.5,A,-14.7
1509,low,1,1.0,9.0,7.1,A,-1.2
1510,high,1,19.0,3.0,8.4,A,-11.4
1511,high,3,6.0,22.0,9.3,A,15.0
1512,medium,2,7.0,19.0,4.5,A,2.0
1513,high,2,4.0,4.0,5.5,A,-100.0
1514,low,1,3.0,14.0,2.9,A,-14.0
1515,none,1,15.0,6.0,1.9,D,-100.0
1516,high,5,8.0,8.0,3.9,A,-100.0
1517,high,0,4.0,6.0,9.8,A,6.6
1518,medium,2,18.0,3.0,10.0,C,-2.4
1519,high,0,9.0,9.0,2.6,D,-100.0
1520,low,0,20.0,27.0,6.0,D,15.0
1521,low,3,19.0,5.0,8.3,C,-9.8
1522,none,1,3.0,10.0,8.9,B,10.0
1523,,1,3.0,1.0,8.0,C,-13.8
1524,low,1,13.0,25.0,8.4,C,15.0
1525,low,3,1.0,3.0,9.8,C,-3.9
1526,none,3,13.0,7.0,9.1,A,-1.2
1527,low,0,18.0,11.0,9.6,A,15.0
1528,medium,3,4.0,0.0,9.6,A,-12.0
1529,low,3,16.0,1.0,2.3,A,-100.0
1530,low,0,10.0,1.0,8.2,A,-10.3
1531,low,1,12.0,4.0,8.6,A,-4.5
1532,none,1,6.0,22.0,4.1,D,8.5
1533,none,1,12.0,3.0,9.5,A,-2.3
1534,low,1,7.0,6.0,5.1,C,-19.1
1535,high,3,12.0,15.0,6.9,A,1.2
1536,low,1,,3.0,9.5,C,
1537,low,1,3.0,5.0,9.9,A,5.6
1538,high,3,10.0,34.0,4.3,C,15.0
1539,medium,3,7.0,4.0,1.4,A,-100.0
1540,low,2,11.0,40.0,10.0,A,15.0
1541,none,1,8.0,2.0,5.0,C,-100.0
1542,high,1,11.0,14.0,4.4,A,-9.5
1543,low,0,1.0,32.0,8.6,A,15.0
1544,low,0,13.0,9.0,9.5,A,13.3
1545,low,2,0.0,11.0,9.3,B,12.7
1546,,2,10.0,5.0,6.2,A,-18.5
1547,medium,2,7.0,2.0,5.9,C,-100.0
1548,low,1,10.0,10.0,9.5,A,13.2
1549,low,2,4.0,31.0,7.2,A,15.0
1550,medium,2,15.0,19.0,9.7,C,15.0
1551,low,2,16.0,20.0,8.9,A,15.0
1552,medium,0,11.0,9.0,4.7,B,-13.3
1553,none,1,6.0,4.0,8.6,C,-4.5
1554,,3,4.0,1.0,9.4,A,-11.2
1555,,1,10.0,2.0,8.5,C,-9.7
1556,low,3,10.0,12.0,8.2,B,5.3
1557,low,3,8.0,5.0,9.6,A,-1.5
1558,high,2,1.0,18.0,2.4,A,-13.6
1559,,4,8.0,50.0,8.3,C,15.0
1560,medium,1,14.0,11.0,6.2,A,-3.6
1561,medium,1,8.0,18.0,6.5,C,13.4
1562,medium,0,17.0,4.0,2.9,A,-100.0
1563,high,0,12.0,1.0,9.0,A,-9.1
1564,,1,2.0,17.0,9.7,A,15.0
1565,high,0,12.0,17.0,7.7,A,15.0
1566,high,1,6.0,2.0,1.7,C,-100.0
1567,high,0,6.0,2.0,6.3,B,-100.0
1568,low,2,12.0,22.0,1.2,A,-9.9
1569,medium,1,20.0,4.0,9.3,D,-1.8
1570,high,1,0.0,3.0,8.4,A,-9.5
1571,high,2,23.0,3.0,5.2,C,-100.0
1572,high,1,2.0,2.0,6.0,A,-100.0
1573,high,1,10.0,49.0,1.6,A,15.0
1574,none,1,22.0,32.0,4.1,D,15.0
1575,high,0,17.0,2.0,1.6,A,-100.0
1576,low,2,12.0,2.0,9.1,A,-8.5
1577,high,0,10.0,6.0,9.7,B,5.4
1578,medium,2,4.0,23.0,3.4,D,4.7
1579,low,0,3.0,1.0,8.8,A,-6.3
1580,medium,0,24.0,1.0,2.9,C,-100.0
1581,low,2,8.0,21.0,5.5,A,12.0
1582,medium,2,4.0,17.0,5.8,A,5.3
1583,medium,2,17.0,10.0,9.7,A,10.7
1584,high,0,13.0,4.0,4.6,C,-100.0
1585,high,3,7.0,28.0,8.8,D,15.0
1586,medium,1,9.0,1.0,2.9,B,-100.0
1587,none,5,13.0,4.0,5.0,A,-100.0
1588,none,1,5.0,32.0,1.1,A,13.1
1589,high,1,10.0,8.0,5.0,B,-18.7
1590,high,0,4.0,50.0,3.4,A,15.0
1591,none,2,10.0,6.0,5.2,A,-100.0
1592,low,2,10.0,4.0,8.8,A,-5.7
1593,none,3,6.0,10.0,7.5,C,-3.0
1594,high,3,10.0,1.0,1.1,A,-100.0
1595,high,2,5.0,40.0,6.1,C,15.0
1596,none,1,1.0,30.0,9.1,B,15.0
1597,high,0,22.0,8.0,6.5,A,-9.2
1598,low,2,3.0,24.0,6.5,A,15.0
1599,none,1,9.0,6.0,7.3,A,-7.8
1600,low,1,10.0,3.0,8.1,D,-9.2
1601,high,1,2.0,5.0,8.9,A,-2.8
1602,none,2,5.0,32.0,8.1,A,15.0
1603,high,1,23.0,1.0,6.3,A,-100.0
1604,low,0,3.0,23.0,8.2,A,15.0
1605,medium,1,3.0,6.0,1.4,A,-100.0
1606,high,0,11.0,4.0,1.1,B,-100.0
1607,none,4,10.0,1.0,2.4,A,-100.0
1608,medium,1,7.0,13.0,1.6,A,-100.0
1609,none,3,4.0,14.0,8.1,A,8.9
1610,medium,2,7.0,10.0,5.7,D,-10.2
1611,high,3,14.0,9.0,3.0,B,-100.0
1612,high,0,22.0,11.0,3.0,C,-100.0
1613,none,2,15.0,9.0,5.1,C,-16.7
1614,medium,3,7.0,30.0,3.5,B,15.0
1615,high,1,15.0,32.0,7.2,C,15.0
1616,high,0,,0.0,5.7,C,
1617,none,1,7.0,6.0,2.4,A,-100.0
1618,low,1,2.0,1.0,6.1,A,-100.0
1619,high,0,9.0,10.0,6.0,A,-6.4
1620,medium,1,19.0,46.0,7.1,A,15.0
1621,none,3,14.0,42.0,7.9,D,15.0
1622,medium,2,10.0,22.0,10.0,A,15.0
1623,medium,2,18.0,13.0,1.1,C,-100.0
1624,high,1,18.0,13.0,9.6,B,15.0
1625,low,0,5.0,17.0,8.2,A,15.0
1626,high,4,12.0,14.0,2.6,A,-100.0
1627,low,1,2.0,32.0,1.4,A,15.0
1628,medium,1,16.0,6.0,8.3,A,-2.8
1629,none,2,3.0,25.0,9.7,A,15.0
1630,medium,1,2.0,10.0,4.3,B,-14.9
1631,low,0,7.0,1.0,3.1,A,-100.0
1632,high,2,1.0,8.0,,C,
1633,high,1,9.0,13.0,8.4,A,10.6
1634,high,1,,0.0,8.5,C,
1635,medium,1,6.0,23.0,5.3,B,15.0
1636,none,3,12.0,1.0,7.2,A,-100.0
1637,high,2,15.0,9.0,3.9,A,-100.0
1638,low,4,10.0,5.0,9.7,D,-3.7
1639,medium,4,3.0,11.0,9.9,A,10.3
1640,high,0,12.0,5.0,1.2,C,-100.0
1641,low,1,6.0,28.0,7.1,A,15.0
1642,medium,1,21.0,35.0,6.6,A,15.0
1643,high,0,17.0,11.0,8.4,A,8.1
1644,none,1,4.0,21.0,4.8,A,10.5
1645,low,2,2.0,7.0,5.9,B,-14.6
1646,medium,2,7.0,25.0,7.4,A,15.0
1647,high,0,9.0,2.0,7.7,A,-13.9
1648,high,2,13.0,14.0,9.7,A,15.0
1649,medium,2,7.0,7.0,3.1,B,-100.0
1650,low,2,4.0,12.0,2.4,C,-100.0
1651,none,1,3.0,3.0,5.3,A,-100.0
1652,low,0,7.0,17.0,1.1,C,-15.5
1653,high,0,3.0,15.0,8.2,A,15.0
1654,low,0,21.0,50.0,9.3,A,15.0
1655,low,2,8.0,4.0,6.1,B,-100.0
1656,high,2,9.0,45.0,5.7,A,15.0
1657,none,0,10.0,10.0,9.2,A,13.5
1658,low,0,8.0,2.0,9.8,C,0.8
1659,none,4,1.0,7.0,5.4,C,-100.0
1660,high,1,7.0,15.0,5.1,B,-3.2
1661,none,3,3.0,1.0,4.7,C,-100.0
1662,high,1,4.0,40.0,9.7,C,15.0
1663,low,2,10.0,50.0,9.2,A,15.0
1664,,0,9.0,7.0,7.1,A,-4.3
1665,low,0,5.0,11.0,5.9,A,-1.5
1666,medium,0,7.0,2.0,3.2,A,-100.0
1667,medium,2,16.0,15.0,9.4,C,15.0
1668,none,4,3.0,27.0,8.9,C,15.0
1669,high,2,9.0,30.0,1.4,D,5.3
1670,low,2,15.0,2.0,7.3,A,-18.7
1671,low,2,30.0,11.0,9.2,A,9.2
1672,medium,1,6.0,20.0,9.3,A,15.0
1673,medium,4,8.0,43.0,9.4,A,15.0
1674,high,3,14.0,4.0,7.2,A,-100.0
1675,low,0,6.0,5.0,2.3,C,-100.0
1676,low,0,3.0,18.0,7.8,C,15.0
1677,low,3,15.0,3.0,8.2,B,-14.1
1678,high,2,21.0,7.0,1.6,A,-100.0
1679,none,1,6.0,22.0,1.3,A,-6.9
1680,none,1,4.0,30.0,2.6,A,15.0
1681,high,2,19.0,2.0,5.8,A,-100.0
1682,low,1,36.0,10.0,9.3,A,9.5
1683,low,1,9.0,15.0,5.1,C,-0.4
1684,low,2,10.0,19.0,8.6,C,15.0
1685,medium,3,7.0,1.0,9.3,A,-11.8
1686,medium,2,10.0,4.0,4.2,C,-100.0
1687,low,3,7.0,35.0,8.3,A,15.0
1688,medium,4,7.0,7.0,8.6,A,-5.6
1689,medium,0,16.0,7.0,8.0,D,0.2
1690,high,2,8.0,12.0,9.4,A,11.6
1691,high,0,17.0,9.0,8.5,B,4.4
1692,high,1,2.0,38.0,8.7,A,15.0
1693,low,1,11.0,4.0,3.0,A,-100.0
1694,none,0,3.0,11.0,2.2,B,-100.0
1695,,2,3.0,12.0,5.7,A,-5.9
1696,medium,1,4.0,31.0,8.6,C,15.0
1697,none,5,10.0,15.0,1.2,C,-100.0
1698,high,3,10.0,2.0,2.0,A,-100.0
1699,low,2,2.0,15.0,1.3,C,-100.0
1700,none,2,11.0,2.0,7.8,B,-16.1
1701,low,3,7.0,12.0,1.4,D,-100.0
1702,none,2,11.0,3.0,4.3,C,-100.0
1703,low,2,14.0,4.0,6.6,A,-18.2
1704,high,1,14.0,42.0,1.6,A,15.0
1705,low,4,8.0,8.0,9.4,A,1.2
1706,low,1,1.0,0.0,7.7,A,-16.8
1707,medium,1,5.0,2.0,7.8,A,-12.8
1708,medium,2,12.0,8.0,9.9,A,8.1
1709,medium,4,3.0,3.0,9.4,A,-9.2
1710,high,3,4.0,15.0,8.3,C,9.7
1711,low,1,9.0,5.0,7.7,A,-7.1
1712,low,0,1.0,23.0,6.2,A,15.0
1713,high,1,13.0,2.0,2.0,A,-100.0
1714,low,4,2.0,7.0,5.6,A,-100.0
1715,none,0,7.0,8.0,4.5,B,-16.3
1716,high,1,7.0,5.0,1.0,A,-100.0
1717,high,0,10.0,6.0,9.8,A,6.0
1718,high,2,4.0,37.0,9.5,A,15.0
1719,medium,1,36.0,14.0,8.5,A,13.2
1720,high,3,5.0,27.0,8.6,B,15.0
1721,high,2,3.0,11.0,5.6,A,-10.9
1722,low,2,6.0,12.0,1.9,C,-100.0
1723,medium,1,9.0,23.0,1.0,C,-6.5
1724,none,2,12.0,7.0,5.0,A,-100.0
1725,low,0,16.0,3.0,8.7,A,-4.0
1726,,1,11.0,50.0,1.4,A,15.0
1727,low,1,5.0,22.0,7.2,A,15.0
1728,medium,2,9.0,44.0,5.9,A,15.0
1729,low,0,7.0,4.0,9.7,A,4.5
1730,low,4,13.0,19.0,6.1,A,5.6
1731,high,1,3.0,3.0,3.8,D,-100.0
1732,none,2,7.0,2.0,9.9,A,-4.2
1733,low,3,7.0,8.0,9.8,A,6.0
1734,low,0,3.0,37.0,3.4,A,15.0
1735,low,0,10.0,18.0,9.5,A,15.0
1736,high,2,13.0,1.0,1.2,A,-100.0
1737,low,5,12.0,7.0,1.1,A,-100.0
1738,medium,2,11.0,24.0,5.9,C,15.0
1739,medium,2,1.0,14.0,1.7,A,-100.0
1740,high,4,7.0,5.0,6.3,D,-100.0
1741,low,2,5.0,10.0,2.1,A,-100.0
1742,low,3,23.0,35.0,8.2,C,15.0
1743,medium,1,11.0,3.0,8.8,A,-5.8
1744,high,1,3.0,18.0,8.4,A,15.0
1745,low,2,11.0,7.0,6.2,A,-13.8
1746,medium,1,10.0,1.0,7.7,A,-16.0
1747,medium,0,14.0,1.0,5.7,B,-100.0
1748,,0,6.0,35.0,6.3,A,15.0
1749,low,1,13.0,24.0,8.3,A,15.0
1750,low,2,34.0,3.0,1.9,A,-100.0
1751,low,0,6.0,2.0,2.0,D,-100.0
1752,,1,3.0,0.0,3.4,A,-100.0
1753,low,3,8.0,2.0,5.2,A,-100.0
1754,medium,2,17.0,6.0,2.1,A,-100.0
1755,none,0,11.0,6.0,8.4,A,0.6
1756,high,2,7.0,20.0,2.5,A,-9.5
1757,medium,0,5.0,10.0,3.7,C,-16.0
1758,low,4,15.0,2.0,3.7,A,-100.0
1759,high,2,25.0,3.0,8.9,D,-11.8
1760,medium,4,5.0,0.0,8.1,C,-100.0
1761,low,3,19.0,29.0,2.8,C,10.4
1762,none,0,5.0,8.0,8.7,C,7.0
1763,medium,1,10.0,13.0,2.4,A,-19.9
1764,low,2,6.0,7.0,1.6,C,-100.0
1765,none,2,16.0,8.0,2.8,A,-100.0
1766,medium,0,7.0,37.0,4.3,C,15.0
1767,high,0,2.0,4.0,1.2,A,-100.0
1768,high,2,6.0,39.0,7.0,C,15.0
1769,high,0,5.0,50.0,6.5,B,15.0
1770,high,0,9.0,0.0,2.6,C,-100.0
1771,high,0,5.0,1.0,8.2,A,-12.8
1772,medium,1,9.0,8.0,8.7,A,4.3
1773,medium,1,6.0,5.0,3.0,A,-100.0
1774,low,1,5.0,8.0,1.2,C,-100.0
1775,none,1,9.0,17.0,7.7,A,15.0
1776,high,5,5.0,5.0,9.1,A,-12.0
1777,medium,2,4.0,15.0,6.5,A,5.0
1778,high,2,3.0,10.0,6.5,C,-8.1
1779,low,3,6.0,0.0,2.2,B,-100.0
1780,none,0,6.0,11.0,2.5,A,-100.0
1781,high,2,12.0,35.0,3.2,A,15.0
1782,medium,0,14.0,1.0,6.2,C,-100.0
1783,high,3,5.0,17.0,5.9,A,0.6
1784,medium,0,6.0,15.0,2.8,A,-10.6
1785,high,1,8.0,3.0,8.8,B,-8.1
1786,medium,2,5.0,33.0,3.3,A,15.0
1787,high,2,12.0,11.0,9.1,B,7.4
1788,low,1,5.0,11.0,8.1,A,8.1
1789,low,2,4.0,0.0,9.7,A,-8.6
1790,high,1,0.0,1.0,,A,
1791,low,2,,31.0,8.8,C,
1792,high,1,14.0,5.0,8.6,C,-5.6
1793,medium,3,12.0,13.0,9.0,A,11.2
1794,none,1,9.0,28.0,6.6,C,15.0
1795,medium,3,20.0,2.0,2.9,D,-100.0
1796,high,0,10.0,27.0,7.3,A,15.0
1797,,1,15.0,15.0,1.6,A,-100.0
1798,medium,1,3.0,2.0,6.2,B,-100.0
1799,high,1,23.0,17.0,5.5,C,1.6
1800,medium,0,8.0,4.0,4.8,C,-100.0
1801,high,3,9.0,3.0,2.5,D,-100.0
1802,low,0,18.0,1.0,9.6,A,-3.4
1803,high,0,8.0,44.0,8.0,A,15.0
1804,medium,7,3.0,33.0,9.0,B,15.0
1805,low,5,11.0,10.0,8.2,A,-4.0
1806,,1,9.0,6.0,3.1,B,-100.0
1807,high,0,5.0,9.0,6.9,A,-3.2
1808,medium,1,5.0,3.0,6.8,A,-16.2
1809,none,3,4.0,49.0,8.4,A,15.0
1810,medium,4,12.0,8.0,3.4,B,-100.0
1811,low,1,5.0,44.0,2.8,A,15.0
1812,high,0,31.0,4.0,5.3,A,-100.0
1813,none,1,5.0,41.0,1.3,C,15.0
1814,none,1,19.0,6.0,9.9,B,5.5
1815,low,1,4.0,8.0,1.5,A,-100.0
1816,none,1,10.0,29.0,9.6,A,15.0
1817,low,2,12.0,29.0,9.8,A,15.0
1818,low,6,12.0,22.0,3.3,A,-8.4
1819,low,2,12.0,20.0,8.8,D,15.0
1820,medium,1,40.0,9.0,9.2,A,6.1
1821,low,1,5.0,10.0,8.6,A,8.8
1822,none,3,2.0,1.0,1.2,A,-100.0
1823,low,0,9.0,4.0,8.9,A,-0.1
1824,high,1,11.0,4.0,6.1,C,-100.0
1825,low,2,13.0,2.0,6.4,A,-100.0
1826,low,3,3.0,4.0,9.4,A,-4.2
1827,high,2,27.0,2.0,2.5,C,-100.0
1828,high,3,18.0,2.0,9.6,A,-11.8
1829,medium,2,21.0,0.0,6.5,C,-100.0
1830,medium,0,4.0,2.0,4.8,B,-100.0
1831,low,3,23.0,5.0,7.7,A,-13.5
1832,high,2,11.0,9.0,3.6,A,-100.0
1833,,1,7.0,11.0,6.2,C,-3.1
1834,low,0,3.0,5.0,8.6,A,1.0
1835,high,3,15.0,3.0,4.5,A,-100.0
1836,high,0,34.0,8.0,9.9,C,8.3
1837,none,3,6.0,4.0,9.4,A,-5.1
1838,high,0,19.0,6.0,8.3,A,-3.2
1839,high,3,1.0,27.0,5.4,A,15.0
1840,medium,0,13.0,2.0,1.8,A,-100.0
1841,medium,3,22.0,10.0,4.3,A,-100.0
1842,low,3,5.0,21.0,2.3,A,-7.8
1843,high,2,13.0,2.0,8.5,C,-14.9
1844,high,2,16.0,1.0,8.3,A,-18.4
1845,high,3,23.0,1.0,3.1,A,-100.0
1846,low,2,5.0,13.0,8.2,C,10.4
1847,high,2,2.0,14.0,8.6,A,12.0
1848,low,0,12.0,1.0,4.2,A,-100.0
1849,high,1,5.0,5.0,3.3,A,-100.0
1850,high,4,8.0,8.0,2.7,A,-100.0
1851,medium,2,5.0,44.0,3.1,B,15.0
1852,none,2,23.0,9.0,9.0,C,4.0
1853,medium,2,3.0,20.0,8.3,A,15.0
1854,high,2,4.0,5.0,8.9,A,-5.5
1855,none,0,6.0,7.0,8.8,C,5.4
1856,,1,19.0,0.0,2.5,A,-100.0
1857,high,2,10.0,2.0,6.6,D,-100.0
1858,high,1,16.0,5.0,3.9,B,-100.0
1859,high,4,15.0,13.0,9.7,A,9.6
1860,none,1,23.0,12.0,10.0,B,15.0
1861,medium,2,6.0,2.0,2.3,A,-100.0
1862,none,2,35.0,3.0,3.9,A,-100.0
1863,none,1,2.0,5.0,1.1,D,-100.0
1864,low,3,12.0,9.0,2.0,A,-100.0
1865,medium,0,12.0,3.0,9.7,C,1.5
1866,low,4,28.0,1.0,7.3,C,-100.0
1867,high,1,,5.0,5.2,C,
1868,medium,0,14.0,13.0,9.3,A,15.0
1869,high,3,6.0,15.0,9.9,A,15.0
1870,high,1,29.0,3.0,6.0,D,-100.0
1871,low,1,,1.0,9.9,C,
1872,none,2,22.0,1.0,9.4,A,-10.5
1873,low,0,6.0,22.0,8.3,A,15.0
1874,none,2,9.0,19.0,8.1,A,15.0
1875,medium,1,5.0,19.0,2.2,C,-7.9
1876,low,1,3.0,8.0,9.6,A,10.3
1877,high,2,1.0,3.0,8.5,A,-11.6
1878,high,2,10.0,23.0,9.9,C,15.0
1879,low,0,14.0,18.0,7.7,C,15.0
1880,low,0,12.0,29.0,9.8,A,15.0
1881,high,0,5.0,50.0,8.9,A,15.0
1882,high,2,9.0,0.0,1.8,B,-100.0
1883,none,1,4.0,15.0,3.2,A,-10.9
1884,none,3,10.0,24.0,6.7,A,15.0
1885,none,1,20.0,5.0,6.9,A,-13.2
1886,low,0,13.0,21.0,8.4,C,15.0
1887,medium,0,23.0,3.0,8.7,A,-5.1
1888,none,2,13.0,18.0,9.2,A,
1889,medium,4,4.0,7.0,8.8,C,-4.2
1890,high,1,9.0,1.0,7.4,A,-100.0
1891,medium,2,12.0,34.0,8.7,A,15.0
1892,low,3,3.0,3.0,7.6,A,-16.2
1893,none,1,5.0,6.0,2.2,C,-100.0
1894,high,0,4.0,19.0,1.8,A,-10.1
1895,medium,0,11.0,1.0,2.6,A,-100.0
1896,none,0,12.0,4.0,8.4,D,-3.7
1897,high,1,5.0,6.0,1.4,C,-100.0
1898,high,0,,2.0,7.9,C,
1899,medium,2,22.0,29.0,7.1,A,15.0
1900,low,1,4.0,10.0,9.5,A,13.8
1901,low,1,5.0,16.0,8.9,D,15.0
1902,high,0,32.0,2.0,7.5,C,-17.3
1903,none,0,12.0,21.0,8.0,A,15.0
1904,high,2,27.0,9.0,9.0,A,1.2
1905,medium,2,12.0,13.0,2.5,C,-100.0
1906,low,1,12.0,15.0,6.6,B,7.6
1907,high,2,19.0,0.0,2.3,A,-100.0
1908,low,2,11.0,6.0,9.2,A,0.6
1909,low,4,6.0,1.0,8.3,C,-19.4
1910,medium,4,13.0,5.0,5.5,C,-100.0
1911,high,2,21.0,13.0,5.7,A,-8.0
1912,medium,1,7.0,25.0,1.4,C,0.1
1913,medium,2,18.0,6.0,3.9,A,-100.0
1914,low,0,3.0,1.0,8.5,B,-8.0
1915,none,2,34.0,7.0,9.3,A,0.3
1916,high,1,10.0,16.0,8.1,A,15.0
1917,none,5,5.0,18.0,8.7,A,15.0
1918,,3,3.0,14.0,4.9,A,-8.6
1919,medium,2,5.0,4.0,3.4,C,-100.0
1920,none,1,19.0,14.0,8.7,A,15.0
1921,high,3,22.0,5.0,8.2,A,-13.6
1922,high,1,7.0,3.0,10.0,A,-1.4
1923,high,0,4.0,0.0,2.0,A,-100.0
1924,low,4,8.0,2.0,1.3,A,-100.0
1925,high,1,6.0,3.0,8.8,B,-7.9
1926,low,0,15.0,12.0,7.7,C,9.5
1927,medium,2,18.0,35.0,3.4,A,15.0
1928,high,5,13.0,7.0,8.6,A,-11.3
1929,medium,2,5.0,14.0,4.9,A,-6.1
1930,medium,1,6.0,2.0,5.1,A,-100.0
1931,none,0,8.0,8.0,8.7,C,6.7
1932,medium,1,8.0,3.0,1.1,C,-100.0
1933,high,2,4.0,16.0,8.2,A,13.8
1934,low,1,40.0,0.0,1.1,A,-100.0
1935,low,0,4.0,5.0,5.3,A,-17.3
1936,medium,3,7.0,8.0,3.3,A,-100.0
1937,high,2,2.0,50.0,6.3,A,
1938,low,2,22.0,1.0,8.3,C,-16.0
1939,low,2,4.0,38.0,4.4,B,15.0
1940,low,1,16.0,3.0,2.5,A,-100.0
1941,low,2,14.0,3.0,9.3,D,-5.5
1942,medium,1,7.0,30.0,9.1,C,15.0
1943,low,0,6.0,13.0,7.8,A,13.1
1944,medium,0,10.0,0.0,8.9,C,-8.9
1945,low,2,7.0,12.0,5.9,A,-4.6
1946,medium,1,7.0,8.0,7.9,C,0.2
1947,low,2,1.0,11.0,9.0,A,11.0
1948,low,3,12.0,11.0,5.8,D,-10.2
1949,medium,1,4.0,33.0,9.5,A,15.0
1950,high,1,11.0,17.0,8.5,A,15.0
1951,none,1,8.0,8.0,6.2,A,-9.5
1952,low,1,12.0,13.0,10.0,A,15.0
1953,none,2,7.0,5.0,6.1,A,-18.8
1954,high,3,18.0,26.0,1.8,A,-4.3
1955,none,3,19.0,10.0,1.2,A,-100.0
1956,medium,0,13.0,23.0,6.8,C,15.0
1957,high,1,3.0,1.0,8.2,A,-15.1
1958,medium,1,25.0,5.0,3.9,A,-100.0
1959,high,4,28.0,4.0,7.5,A,-100.0
1960,low,1,7.0,9.0,7.8,A,2.1
1961,none,1,31.0,36.0,9.5,B,15.0
1962,low,1,2.0,7.0,7.7,B,-2.2
1963,medium,1,2.0,21.0,3.0,A,1.0
1964,low,0,2.0,1.0,6.3,D,-20.0
1965,high,0,15.0,4.0,9.5,A,-0.4
1966,medium,4,1.0,25.0,8.7,A,15.0
1967,low,5,0.0,5.0,3.2,A,-100.0
1968,none,3,16.0,5.0,5.5,A,-100.0
1969,high,3,3.0,1.0,8.0,A,-100.0
1970,high,1,13.0,1.0,5.9,A,-100.0
1971,none,1,2.0,12.0,5.6,A,-3.8
1972,medium,1,8.0,3.0,3.8,A,-100.0
1973,low,4,8.0,22.0,8.9,C,15.0
1974,high,1,2.0,3.0,9.4,A,-4.2
1975,none,0,,23.0,4.9,C,
1976,none,1,4.0,14.0,1.1,A,-100.0
1977,low,0,2.0,3.0,2.2,C,-100.0
1978,low,0,24.0,14.0,1.8,A,-19.6
1979,medium,1,3.0,23.0,9.3,A,15.0
1980,medium,3,8.0,6.0,9.6,C,0.2
1981,none,1,19.0,27.0,9.9,A,15.0
1982,medium,2,9.0,10.0,9.4,B,9.9
1983,high,2,28.0,9.0,8.3,A,-2.8
1984,medium,3,21.0,13.0,3.2,B,-100.0
1985,medium,1,11.0,15.0,5.8,D,2.9
1986,medium,0,8.0,4.0,5.6,A,-18.5
1987,high,2,4.0,18.0,2.9,A,-11.2
1988,low,0,3.0,5.0,6.9,A,-8.4
1989,none,0,5.0,4.0,9.0,A,0.3
1990,low,2,14.0,4.0,6.4,C,-19.3
1991,none,2,9.0,2.0,7.8,A,-15.9
1992,high,2,13.0,10.0,9.1,A,5.2
1993,low,1,2.0,6.0,9.8,C,7.3
1994,high,4,6.0,19.0,6.0,A,2.8
1995,high,0,7.0,1.0,7.6,C,-16.3
1996,high,1,20.0,5.0,3.8,A,-100.0
1997,high,4,6.0,0.0,8.4,A,-100.0
1998,medium,2,12.0,12.0,2.9,C,-100.0
1999,low,5,4.0,37.0,8.9,A,15.0
2000,none,2,7.0,0.0,4.7,A,-100.0
2001,high,1,27.0,6.0,7.8,A,-9.2
2002,none,4,16.0,6.0,5.3,D,-100.0
2003,low,1,11.0,6.0,5.3,A,-18.4
2004,high,2,17.0,2.0,2.4,A,-100.0
2005,medium,4,8.0,1.0,8.0,A,-100.0
2006,none,1,6.0,23.0,2.0,A,-0.9
2007,medium,0,12.0,13.0,1.3,B,-100.0
2008,low,3,3.0,45.0,3.5,A,15.0
2009,high,3,21.0,13.0,4.9,A,-14.9
2010,high,3,14.0,3.0,3.6,A,-100.0
2011,medium,2,5.0,0.0,8.8,B,-14.0
2012,low,1,3.0,2.0,7.3,A,-15.0
2013,none,1,27.0,10.0,6.7,A,-4.5
2014,none,0,12.0,10.0,4.4,C,-13.1
2015,high,2,13.0,2.0,8.8,A,-13.2
2016,none,2,4.0,2.0,1.9,A,-100.0
2017,medium,5,7.0,7.0,4.3,A,-100.0
2018,none,1,7.0,6.0,9.7,A,5.6
2019,medium,1,2.0,0.0,1.1,A,-100.0
2020,medium,3,22.0,1.0,2.1,A,-100.0
2021,high,0,14.0,9.0,3.3,A,-100.0
2022,high,2,9.0,4.0,2.3,B,-100.0
2023,medium,2,23.0,3.0,5.8,A,-100.0
2024,low,0,8.0,18.0,8.4,C,15.0
2025,medium,1,9.0,7.0,3.5,A,-100.0
2026,medium,1,11.0,8.0,9.3,A,7.5
2027,high,3,15.0,4.0,9.2,A,-9.5
2028,high,2,1.0,2.0,8.8,D,-12.0
2029,high,1,13.0,20.0,4.4,A,2.9
2030,medium,1,3.0,6.0,2.4,A,-100.0
2031,none,3,7.0,8.0,9.6,A,4.3
2032,low,1,6.0,14.0,6.8,C,7.2
2033,high,1,11.0,5.0,8.1,A,-8.1
2034,medium,3,10.0,1.0,8.5,C,-16.6
2035,low,1,3.0,50.0,9.6,B,15.0
2036,low,1,5.0,47.0,3.6,B,15.0
2037,low,2,4.0,29.0,9.2,A,15.0
2038,low,2,8.0,3.0,8.1,A,-11.5
2039,none,1,21.0,2.0,8.0,A,-13.5
2040,high,1,30.0,6.0,2.5,A,-100.0
2041,high,3,7.0,1.0,4.1,D,-100.0
2042,none,4,0.0,8.0,6.4,A,-15.1
2043,high,3,4.0,0.0,9.0,A,-17.9
2044,low,1,13.0,45.0,7.7,A,15.0
2045,high,1,15.0,2.0,9.4,A,-7.6
2046,high,2,1.0,20.0,8.3,A,15.0
2047,none,2,18.0,8.0,8.3,A,-1.5
2048,low,1,4.0,8.0,7.7,A,-0.3
2049,medium,1,14.0,5.0,8.1,A,-5.7
2050,low,2,11.0,16.0,9.4,A,15.0
2051,low,1,19.0,3.0,8.3,A,-9.0
2052,medium,1,11.0,10.0,8.0,A,4.5
2053,high,3,8.0,3.0,8.3,A,-15.9
2054,low,5,9.0,15.0,9.1,A,11.6
2055,,1,3.0,11.0,5.0,A,-9.3
2056,low,3,,7.0,9.9,C,
2057,low,1,18.0,13.0,7.3,B,6.6
2058,medium,0,26.0,1.0,4.8,A,-100.0
2059,low,2,2.0,9.0,7.4,A,-2.1
2060,low,3,5.0,25.0,6.1,D,15.0
2061,none,2,8.0,11.0,9.6,C,13.0
2062,low,1,1.0,9.0,8.5,A,6.5
2063,medium,4,11.0,5.0,1.4,A,-100.0
2064,high,0,3.0,50.0,2.6,A,15.0
2065,high,0,13.0,9.0,8.4,A,4.3
2066,low,1,5.0,0.0,1.9,C,-100.0
2067,low,4,23.0,20.0,1.7,C,-17.5
2068,low,0,8.0,20.0,8.2,A,15.0
2069,none,1,12.0,2.0,8.9,A,-7.7
2070,low,1,5.0,8.0,8.8,A,5.7
2071,high,3,,6.0,9.2,C,
2072,low,2,6.0,1.0,2.3,A,-100.0
2073,high,2,3.0,12.0,4.8,A,-13.2
2074,medium,2,9.0,32.0,2.6,A,15.0
2075,high,4,6.0,37.0,2.5,C,15.0
2076,none,3,5.0,40.0,7.1,A,15.0
2077,high,0,9.0,27.0,9.3,A,15.0
2078,low,0,3.0,0.0,5.2,A,-100.0
2079,low,2,1.0,8.0,1.4,A,-100.0
2080,medium,1,8.0,25.0,7.1,A,15.0
2081,high,1,9.0,12.0,5.0,A,-10.2
2082,high,1,5.0,2.0,8.6,A,-11.0
2083,medium,0,5.0,14.0,2.3,D,-15.4
2084,low,3,6.0,0.0,8.7,B,-16.8
2085,high,4,9.0,4.0,1.7,A,-100.0
2086,medium,4,5.0,0.0,9.5,A,-15.1
2087,high,2,11.0,31.0,3.9,C,15.0
2088,medium,1,9.0,4.0,4.1,A,-100.0
2089,none,3,29.0,13.0,2.5,A,-100.0
2090,none,4,12.0,9.0,9.4,A,2.3
2091,high,2,5.0,18.0,3.4,A,-8.5
2092,medium,1,15.0,14.0,1.9,A,-100.0
2093,low,2,4.0,16.0,6.4,A,6.9
2094,low,1,6.0,4.0,8.2,A,-6.1
2095,high,1,12.0,3.0,10.0,D,-1.9
2096,none,0,3.0,26.0,8.2,A,15.0
2097,low,2,11.0,1.0,6.9,A,-100.0
2098,high,1,9.0,5.0,8.5,A,-5.7
2099,low,1,9.0,3.0,3.4,A,-100.0
2100,high,0,3.0,11.0,9.6,A,15.0
2101,low,2,14.0,3.0,3.2,B,-100.0
2102,medium,1,14.0,14.0,2.2,B,-19.3
2103,high,1,11.0,4.0,5.8,C,-100.0
2104,none,2,10.0,3.0,8.7,A,-9.0
2105,medium,3,8.0,6.0,1.2,A,-100.0
2106,medium,3,11.0,2.0,3.8,A,-100.0
2107,low,1,7.0,5.0,1.2,A,-100.0
2108,medium,2,9.0,1.0,1.7,B,-100.0
2109,none,3,9.0,24.0,8.7,A,15.0
2110,high,0,4.0,13.0,8.5,A,14.1
2111,low,3,5.0,3.0,9.4,C,-6.5
2112,high,3,8.0,21.0,8.2,C,15.0
2113,high,1,15.0,18.0,7.9,A,15.0
2114,low,0,7.0,25.0,8.7,C,15.0
2115,high,1,8.0,8.0,2.1,C,-100.0
2116,high,1,8.0,42.0,9.6,C,15.0
2117,high,2,16.0,23.0,8.4,A,15.0
2118,medium,1,3.0,14.0,8.7,A,15.0
2119,medium,3,7.0,5.0,8.5,B,-7.8
2120,high,2,12.0,3.0,7.5,B,-18.2
2121,low,1,10.0,15.0,4.5,A,-3.8
2122,none,5,10.0,6.0,3.3,A,-100.0
2123,medium,3,3.0,4.0,5.6,A,-100.0
2124,none,0,27.0,5.0,9.6,A,3.5
2125,low,1,2.0,3.0,6.4,C,-17.7
2126,,1,10.0,8.0,6.3,A,-9.2
2127,low,2,1.0,12.0,8.9,A,12.5
2128,medium,0,9.0,2.0,8.3,A,-7.9
2129,medium,2,4.0,4.0,8.1,A,-9.3
2130,high,1,18.0,15.0,9.8,A,15.0
2131,high,3,11.0,26.0,8.9,C,15.0
2132,medium,1,8.0,0.0,5.5,A,-100.0
2133,medium,0,8.0,15.0,5.9,C,6.2
2134,high,2,6.0,2.0,9.8,A,-7.0
2135,low,0,5.0,6.0,6.1,C,-10.9
2136,high,1,16.0,28.0,7.4,A,15.0
2137,low,0,5.0,11.0,3.9,A,-12.5
2138,none,1,2.0,37.0,8.5,A,15.0
2139,high,3,3.0,37.0,6.7,B,15.0
2140,medium,1,3.0,6.0,6.1,C,-13.5
2141,none,1,21.0,7.0,4.5,A,-100.0
2142,none,0,5.0,21.0,6.4,A,15.0
2143,high,2,9.0,9.0,2.7,A,-100.0
2144,medium,0,8.0,4.0,6.7,A,-12.5
2145,low,1,6.0,1.0,9.2,A,-6.9
2146,low,0,8.0,7.0,4.9,A,-15.7
2147,low,2,4.0,1.0,5.8,A,-100.0
2148,high,0,6.0,7.0,8.7,B,2.4
2149,low,3,4.0,5.0,5.6,A,-100.0
2150,high,3,18.0,23.0,6.4,A,14.7
2151,high,1,12.0,1.0,9.2,A,-10.5
2152,none,1,4.0,6.0,9.5,A,4.8
2153,low,1,10.0,12.0,6.2,A,-0.7
2154,low,1,3.0,2.0,2.4,A,-100.0
2155,none,2,3.0,5.0,8.9,B,-3.0
2156,low,1,6.0,50.0,3.0,C,15.0
2157,high,1,13.0,46.0,2.0,A,15.0
2158,none,2,7.0,18.0,5.7,A,6.3
2159,low,0,26.0,3.0,10.0,C,2.2
2160,none,2,8.0,3.0,7.8,C,-13.7
2161,high,1,30.0,10.0,6.6,A,-7.7
2162,low,1,6.0,7.0,2.9,A,-100.0
2163,high,2,14.0,1.0,9.7,C,-10.5
2164,medium,3,10.0,24.0,9.8,A,15.0
2165,low,4,40.0,4.0,9.4,A,-10.4
2166,medium,1,29.0,6.0,7.3,A,-9.5
2167,medium,2,16.0,6.0,4.0,B,-100.0
2168,high,3,6.0,23.0,5.4,A,10.4
2169,high,3,7.0,10.0,5.6,A,-15.9
2170,low,1,20.0,48.0,3.4,B,15.0
2171,high,2,2.0,3.0,3.6,A,-100.0
2172,high,0,12.0,20.0,6.5,A,15.0
2173,high,2,4.0,18.0,7.9,A,15.0
2174,low,0,4.0,12.0,8.2,C,13.4
2175,medium,0,2.0,9.0,5.7,A,-6.9
2176,high,2,15.0,3.0,8.5,A,-13.0
2177,none,4,4.0,1.0,3.3,C,-100.0
2178,medium,1,19.0,4.0,3.8,B,-100.0
2179,low,2,5.0,0.0,7.8,A,-19.1
2180,medium,1,11.0,6.0,4.0,A,-100.0
2181,low,2,5.0,5.0,5.3,A,-100.0
2182,medium,1,2.0,3.0,7.1,A,-14.3
2183,medium,1,9.0,19.0,8.6,C,15.0
2184,high,3,6.0,2.0,9.2,A,-12.8
2185,medium,2,11.0,15.0,8.6,A,15.0
2186,none,3,1.0,3.0,9.7,C,-5.1
2187,medium,1,11.0,2.0,6.9,A,-18.3
2188,low,2,4.0,3.0,8.1,A,-11.1
2189,low,2,,4.0,3.5,C,
2190,none,0,15.0,27.0,3.8,A,15.0
2191,low,1,9.0,1.0,8.4,B,-11.6
2192,medium,0,7.0,5.0,3.4,A,-100.0
2193,medium,1,18.0,5.0,9.6,D,2.1
2194,high,1,12.0,21.0,6.8,A,15.0
2195,high,0,15.0,26.0,8.2,A,15.0
2196,low,1,8.0,13.0,1.2,A,-100.0
2197,medium,2,16.0,22.0,9.7,A,15.0
2198,medium,1,10.0,7.0,1.8,A,-100.0
2199,none,3,2.0,2.0,9.5,A,-8.4
2200,low,2,6.0,21.0,8.1,A,15.0
2201,medium,4,11.0,22.0,10.0,A,15.0
2202,medium,2,3.0,10.0,8.8,A,7.2
2203,low,0,10.0,10.0,8.8,A,11.9
2204,low,1,6.0,7.0,8.6,A,2.4
2205,low,1,5.0,5.0,2.2,A,-100.0
2206,high,0,12.0,38.0,1.5,A,15.0
2207,high,1,7.0,18.0,9.6,A,15.0
2208,low,0,8.0,8.0,9.9,C,13.9
2209,medium,2,1.0,43.0,7.7,A,15.0
2210,medium,0,18.0,30.0,4.5,A,15.0
2211,low,2,9.0,4.0,3.8,C,-100.0
2212,low,1,22.0,7.0,9.1,A,3.5
2213,high,0,18.0,6.0,1.5,A,-100.0
2214,high,1,10.0,11.0,9.3,C,11.2
2215,medium,1,24.0,14.0,1.6,A,-100.0
2216,high,3,2.0,1.0,3.4,B,-100.0
2217,high,0,19.0,9.0,8.8,A,5.9
2218,medium,2,4.0,10.0,8.4,A,4.9
2219,none,4,21.0,1.0,8.5,B,-100.0
2220,low,3,12.0,4.0,8.3,A,-11.2
2221,low,1,3.0,2.0,5.5,A,-100.0
2222,none,0,17.0,25.0,9.5,A,15.0
2223,low,2,19.0,50.0,8.5,A,15.0
2224,high,1,12.0,33.0,8.4,A,15.0
2225,none,1,20.0,17.0,4.5,A,-1.2
2226,high,2,8.0,7.0,9.7,B,2.7
2227,none,2,20.0,4.0,2.6,B,-100.0
2228,high,0,11.0,17.0,8.6,A,15.0
2229,low,2,6.0,11.0,9.2,A,11.6
2230,high,0,20.0,13.0,5.0,C,-6.7
2231,low,3,3.0,19.0,5.4,A,5.3
2232,low,2,12.0,1.0,2.2,A,-100.0
2233,high,5,18.0,6.0,1.1,A,-100.0
2234,none,0,,10.0,3.9,C,
2235,low,2,14.0,37.0,1.8,A,15.0
2236,low,1,24.0,12.0,8.9,A,12.7
2237,medium,4,3.0,2.0,9.3,A,-11.8
2238,low,2,6.0,23.0,4.4,A,10.4
2239,medium,2,13.0,5.0,4.5,B,-100.0
2240,low,2,16.0,17.0,2.1,A,-15.9
2241,low,1,7.0,8.0,9.4,A,8.8
2242,high,1,4.0,6.0,2.6,A,-100.0
2243,low,2,2.0,20.0,7.7,A,15.0
2244,high,2,3.0,21.0,8.7,A,15.0
2245,low,1,19.0,2.0,9.3,A,-5.6
2246,medium,3,12.0,2.0,2.7,A,-100.0
2247,medium,2,8.0,6.0,4.9,A,-100.0
2248,medium,0,14.0,25.0,8.2,D,15.0
2249,none,2,8.0,13.0,9.3,A,15.0
2250,medium,2,26.0,1.0,4.6,A,-100.0
2251,medium,2,1.0,12.0,5.6,A,-6.0
2252,none,0,5.0,30.0,5.0,B,15.0
2253,low,0,6.0,14.0,8.2,A,15.0
2254,low,0,10.0,10.0,7.5,A,4.7
2255,high,2,11.0,20.0,3.8,C,-2.7
2256,high,0,9.0,9.0,5.6,D,-10.7
2257,low,0,11.0,18.0,2.9,A,-3.9
2258,none,0,4.0,10.0,3.9,C,-15.1
2259,medium,0,20.0,0.0,8.2,B,-13.8
2260,medium,0,21.0,26.0,8.5,A,15.0
2261,high,1,15.0,24.0,1.4,A,-5.4
2262,,3,9.0,3.0,3.7,C,-100.0
2263,high,1,13.0,19.0,5.7,A,7.9
2264,none,3,5.0,7.0,4.4,A,-100.0
2265,high,1,10.0,9.0,6.2,A,-10.0
2266,none,1,,24.0,8.1,C,
2267,high,2,8.0,26.0,9.9,D,15.0
2268,medium,2,8.0,13.0,9.0,A,14.1
2269,low,0,12.0,14.0,7.0,A,10.2
2270,high,1,1.0,9.0,3.1,A,-100.0
2271,low,1,6.0,3.0,9.2,B,-2.7
2272,low,1,5.0,4.0,3.4,A,-100.0
2273,none,1,19.0,11.0,8.8,A,10.0
2274,high,4,21.0,5.0,4.5,A,-100.0
2275,none,1,8.0,5.0,10.0,A,5.1
2276,high,2,5.0,33.0,9.8,A,15.0
2277,,2,5.0,1.0,1.3,A,-100.0
2278,medium,0,22.0,3.0,1.8,C,-100.0
2279,high,1,18.0,44.0,8.1,A,15.0
2280,medium,2,9.0,50.0,1.7,A,15.0
2281,high,2,4.0,2.0,6.3,A,-100.0
2282,low,1,3.0,0.0,2.4,A,-100.0
2283,high,4,3.0,18.0,3.6,A,-12.2
2284,medium,0,7.0,41.0,9.0,A,15.0
2285,medium,1,9.0,11.0,2.9,A,-100.0
2286,high,4,12.0,18.0,4.6,B,-7.6
2287,low,1,14.0,10.0,3.4,B,-100.0
2288,high,0,6.0,11.0,9.8,C,15.0
2289,none,3,19.0,19.0,1.8,A,-16.7
2290,none,2,4.0,3.0,9.6,A,-3.4
2291,none,3,9.0,16.0,7.5,A,9.3
2292,low,4,9.0,8.0,9.5,A,1.6
2293,medium,0,1.0,3.0,9.1,A,-0.6
2294,medium,1,6.0,2.0,1.5,A,-100.0
2295,low,1,9.0,32.0,8.8,B,15.0
2296,high,1,14.0,0.0,8.5,C,-16.7
2297,high,4,2.0,50.0,9.3,A,15.0
2298,high,0,12.0,4.0,9.5,A,-0.1
2299,low,0,15.0,9.0,9.4,C,12.6
2300,low,3,6.0,3.0,7.3,A,-18.2
2301,high,5,8.0,9.0,2.5,B,-100.0
2302,high,1,4.0,5.0,3.8,B,-100.0
2303,none,0,22.0,6.0,1.2,A,-100.0
2304,high,1,2.0,11.0,4.7,A,-13.3
2305,high,2,8.0,2.0,9.5,C,-8.9
2306,low,2,5.0,12.0,3.9,A,-15.4
2307,high,1,3.0,23.0,8.4,D,15.0
2308,medium,2,5.0,30.0,9.5,A,15.0
2309,none,1,18.0,2.0,3.7,A,-100.0
2310,none,2,3.0,20.0,8.9,A,15.0
2311,high,2,5.0,18.0,2.3,A,-14.6
2312,high,2,18.0,28.0,9.1,A,15.0
2313,low,1,,10.0,1.2,C,
2314,high,2,3.0,26.0,8.7,A,15.0
2315,low,2,7.0,17.0,5.3,C,2.6
2316,none,1,8.0,1.0,2.9,B,-100.0
2317,medium,0,15.0,7.0,1.0,A,-100.0
2318,low,2,8.0,12.0,9.7,A,15.0
2319,low,3,6.0,24.0,1.4,A,-6.5
2320,medium,0,6.0,5.0,9.7,B,6.3
2321,low,3,15.0,9.0,2.6,A,-100.0
2322,none,2,7.0,11.0,4.0,A,-17.7
2323,none,2,4.0,9.0,9.8,C,10.3
2324,medium,3,23.0,47.0,8.2,C,15.0
2325,high,0,1.0,5.0,8.8,A,-0.7
2326,none,2,5.0,13.0,8.9,A,13.6
2327,high,0,1.0,0.0,8.3,C,-14.0
2328,medium,1,11.0,11.0,5.2,A,-8.8
2329,high,1,2.0,19.0,8.9,A,15.0
2330,medium,0,4.0,8.0,9.4,C,11.2
2331,none,1,6.0,8.0,3.6,B,-100.0
2332,medium,2,15.0,4.0,6.9,A,-17.0
2333,low,3,19.0,2.0,2.5,A,-100.0
2334,high,0,,7.0,4.0,C,
2335,high,2,15.0,9.0,3.3,A,-100.0
2336,low,0,9.0,2.0,3.1,A,-100.0
2337,medium,1,22.0,3.0,6.1,A,-100.0
2338,high,3,10.0,14.0,3.0,A,-100.0
2339,medium,1,4.0,9.0,9.5,A,11.4
2340,high,0,6.0,4.0,6.5,B,-16.0
2341,,0,26.0,34.0,4.2,D,15.0
2342,medium,0,17.0,13.0,2.6,B,-17.0
2343,medium,3,5.0,16.0,7.6,A,10.5
2344,,1,4.0,2.0,6.9,C,-17.9
2345,low,1,,27.0,9.0,C,
2346,high,2,12.0,13.0,8.8,A,10.0
2347,high,5,24.0,20.0,5.1,A,-4.4
2348,low,0,6.0,2.0,2.3,C,-100.0
2349,medium,3,7.0,25.0,6.3,A,15.0
2350,high,0,7.0,35.0,8.2,B,15.0
2351,high,2,3.0,11.0,6.9,A,-3.8
2352,low,2,32.0,4.0,2.5,A,-100.0
2353,low,2,10.0,2.0,3.8,C,-100.0
2354,high,1,13.0,21.0,5.3,A,9.9
2355,high,0,15.0,20.0,7.5,A,15.0
2356,none,0,13.0,0.0,9.5,A,-6.2
2357,high,5,1.0,0.0,5.1,A,-100.0
2358,high,0,6.0,36.0,9.0,C,15.0
2359,,1,2.0,23.0,1.2,A,-4.9
2360,low,1,25.0,13.0,3.8,A,-13.3
2361,high,2,6.0,5.0,9.4,D,-2.9
2362,none,0,3.0,4.0,9.9,A,5.4
2363,medium,1,13.0,3.0,7.1,A,-15.3
2364,medium,1,7.0,8.0,1.7,A,-100.0
2365,medium,3,1.0,4.0,2.1,B,-100.0
2366,medium,1,17.0,50.0,6.6,A,15.0
2367,high,0,3.0,2.0,2.9,B,-100.0
2368,low,0,18.0,19.0,4.9,A,8.5
2369,low,1,3.0,7.0,2.5,A,-100.0
2370,medium,0,6.0,3.0,5.0,A,-100.0
2371,medium,3,14.0,10.0,8.6,A,2.5
2372,medium,1,7.0,27.0,6.4,A,15.0
2373,high,0,18.0,39.0,3.4,A,15.0
2374,none,3,9.0,4.0,8.3,A,-11.5
2375,low,4,14.0,2.0,3.3,C,-100.0
2376,medium,3,3.0,12.0,7.6,A,2.3
2377,low,1,4.0,28.0,6.1,A,15.0
2378,medium,2,4.0,20.0,5.9,A,12.1
2379,none,3,15.0,2.0,3.2,A,-100.0
2380,low,1,24.0,47.0,1.2,B,15.0
2381,high,1,5.0,6.0,7.8,A,-7.0
2382,medium,1,0.0,29.0,1.3,A,8.7
2383,high,1,7.0,7.0,6.2,A,-13.9
2384,medium,0,5.0,16.0,8.7,A,15.0
2385,none,1,16.0,4.0,9.7,A,0.5
2386,high,2,7.0,19.0,8.4,B,15.0
2387,high,1,9.0,31.0,6.3,A,15.0
2388,high,5,6.0,4.0,1.0,A,-100.0
2389,high,0,11.0,2.0,7.0,A,-17.9
2390,high,2,21.0,5.0,6.3,C,-100.0
2391,medium,2,16.0,5.0,6.1,A,-19.5
2392,low,4,7.0,10.0,9.1,A,3.8
2393,low,2,8.0,8.0,7.9,C,-2.1
2394,none,0,10.0,4.0,8.9,D,-0.8
2395,none,1,14.0,12.0,2.5,A,-100.0
2396,none,1,11.0,10.0,9.6,C,13.1
2397,none,2,14.0,2.0,2.1,C,-100.0
2398,medium,2,21.0,37.0,1.7,A,15.0
2399,medium,2,6.0,11.0,1.5,A,-100.0
2400,none,1,9.0,3.0,9.7,C,-0.9
2401,low,1,19.0,2.0,8.3,C,-11.1
2402,low,1,4.0,15.0,2.7,C,-13.1
2403,medium,4,2.0,14.0,3.1,C,-100.0
2404,none,0,3.0,19.0,8.2,A,15.0
2405,medium,1,27.0,4.0,6.2,A,-19.6
2406,,4,6.0,10.0,3.0,C,-100.0
2407,high,4,7.0,5.0,9.9,B,-5.3
2408,high,0,5.0,10.0,8.4,C,7.2
2409,medium,0,11.0,2.0,6.6,B,-17.5
2410,high,2,9.0,11.0,1.0,A,-100.0
2411,medium,0,13.0,11.0,2.5,B,-100.0
2412,high,0,12.0,8.0,2.9,A,-100.0
2413,high,3,14.0,2.0,1.1,A,-100.0
2414,low,3,16.0,3.0,5.4,C,-100.0
2415,low,1,4.0,47.0,9.7,B,15.0
2416,high,1,2.0,8.0,2.5,A,-100.0
2417,low,1,6.0,2.0,8.5,A,-8.7
2418,medium,1,4.0,7.0,3.9,B,-100.0
2419,medium,1,8.0,7.0,4.0,A,-100.0
2420,low,3,14.0,3.0,7.2,A,-19.5
2421,low,2,5.0,5.0,6.9,A,-13.6
2422,none,4,10.0,7.0,7.0,A,-14.9
2423,none,2,1.0,25.0,9.0,B,15.0
2424,,0,11.0,1.0,2.0,A,-100.0
2425,high,1,5.0,6.0,1.5,C,-100.0
2426,none,2,17.0,30.0,9.3,A,15.0
2427,low,2,7.0,12.0,9.3,A,14.1
2428,low,0,6.0,3.0,4.0,A,-100.0
2429,low,3,13.0,34.0,1.9,C,15.0
2430,medium,2,4.0,6.0,3.8,A,-100.0
2431,medium,0,9.0,4.0,8.4,A,-3.2
2432,high,1,5.0,22.0,9.7,B,15.0
2433,high,2,17.0,11.0,1.8,C,-100.0
2434,low,1,17.0,32.0,8.3,A,15.0
2435,medium,1,6.0,3.0,5.9,A,-100.0
2436,high,0,0.0,17.0,9.2,B,15.0
2437,low,1,12.0,6.0,9.2,A,3.0
2438,medium,2,4.0,21.0,8.6,A,15.0
2439,low,4,2.0,16.0,7.4,A,7.6
2440,high,1,15.0,12.0,3.4,A,-19.6
2441,high,2,15.0,6.0,9.7,B,-0.1
2442,medium,0,6.0,7.0,2.9,A,-100.0
2443,high,2,14.0,9.0,7.2,D,-7.4
2444,high,2,5.0,4.0,8.5,C,-9.9
2445,none,2,16.0,15.0,8.6,A,15.0
2446,high,1,5.0,5.0,8.7,A,-4.2
2447,none,2,6.0,5.0,3.7,A,-100.0
2448,high,3,9.0,10.0,1.2,D,-100.0
2449,low,2,2.0,3.0,3.1,C,-100.0
2450,,2,,1.0,9.0,C,
2451,high,3,3.0,6.0,5.9,A,-100.0
2452,low,2,12.0,7.0,9.5,A,4.2
2453,medium,3,18.0,1.0,2.2,A,-100.0
2454,low,1,4.0,5.0,2.4,C,-100.0
2455,none,1,1.0,11.0,5.5,D,-6.4
2456,medium,0,8.0,0.0,8.3,A,-12.0
2457,medium,3,17.0,3.0,9.3,A,-8.7
2458,high,1,10.0,24.0,6.3,B,15.0
2459,none,1,8.0,1.0,2.5,A,-100.0
2460,low,0,11.0,16.0,2.1,A,-12.5
2461,high,1,8.0,8.0,9.6,A,6.8
2462,low,1,,1.0,2.4,C,
2463,none,2,11.0,4.0,5.5,A,-100.0
2464,low,3,12.0,14.0,1.9,C,-100.0
2465,low,2,10.0,50.0,9.7,A,15.0
2466,none,1,22.0,27.0,8.1,A,15.0
2467,high,3,4.0,5.0,8.6,A,-9.6
2468,low,0,2.0,2.0,2.3,A,-100.0
2469,medium,1,7.0,3.0,8.9,A,-4.9
2470,medium,3,12.0,5.0,4.3,A,-100.0
2471,low,0,28.0,6.0,2.7,A,-100.0
2472,high,3,6.0,23.0,8.3,A,15.0
2473,low,1,9.0,25.0,,D,
2474,high,1,25.0,4.0,8.9,A,-7.2
2475,,2,11.0,2.0,9.2,B,-8.4
2476,low,1,8.0,1.0,8.8,A,-9.3
2477,high,6,3.0,11.0,8.2,A,-6.6
2478,low,2,9.0,4.0,9.8,A,-0.1
2479,none,0,14.0,0.0,8.6,A,-11.2
2480,low,3,5.0,5.0,9.4,D,-2.3
2481,low,2,7.0,37.0,9.5,A,15.0
2482,none,1,11.0,21.0,9.2,B,15.0
2483,none,2,13.0,10.0,8.7,C,5.4
2484,high,3,9.0,5.0,3.0,A,-100.0
2485,medium,0,3.0,5.0,6.6,A,-10.4
2486,none,2,13.0,17.0,6.8,A,9.7
2487,high,0,5.0,6.0,9.4,B,4.3
2488,low,0,4.0,32.0,9.2,A,15.0
2489,high,2,10.0,3.0,8.7,C,-11.4
2490,high,2,4.0,1.0,9.3,A,-11.7
2491,low,1,7.0,1.0,2.6,A,-100.0
2492,low,1,12.0,9.0,8.2,A,3.8
2493,high,2,14.0,4.0,2.0,A,-100.0
2494,none,0,1.0,16.0,3.4,B,-4.9
2495,none,3,20.0,18.0,8.9,A,15.0
2496,high,1,7.0,6.0,3.6,A,-100.0
2497,low,5,6.0,2.0,6.1,A,-100.0
2498,low,1,3.0,12.0,4.4,C,-9.9
2499,none,0,21.0,13.0,8.1,A,12.6
2500,high,3,1.0,5.0,9.6,A,-3.8
2501,low,1,36.0,2.0,4.4,A,-100.0
2502,medium,0,5.0,7.0,8.9,C,6.2
2503,medium,0,1.0,6.0,8.7,C,3.5
2504,medium,2,33.0,1.0,3.7,A,-100.0
2505,medium,2,12.0,18.0,6.2,A,8.8
2506,none,4,14.0,14.0,8.3,C,6.5
2507,low,1,3.0,9.0,7.9,A,3.0
2508,none,3,3.0,47.0,7.4,C,15.0
2509,high,2,4.0,13.0,9.2,A,13.0
2510,low,1,5.0,3.0,2.5,A,-100.0
2511,low,1,11.0,19.0,8.1,A,15.0
2512,high,3,5.0,1.0,4.5,B,-100.0
2513,medium,1,9.0,2.0,6.4,B,-100.0
2514,low,1,7.0,18.0,4.0,B,0.1
2515,low,0,5.0,16.0,3.6,A,-3.6
2516,low,2,16.0,12.0,9.9,A,15.0
2517,low,3,15.0,8.0,2.6,C,-100.0
2518,high,3,12.0,1.0,4.7,B,-100.0
2519,high,0,28.0,11.0,3.7,A,-18.9
2520,high,2,17.0,14.0,8.6,B,10.5
2521,high,0,21.0,27.0,8.1,A,15.0
2522,high,2,6.0,50.0,2.0,C,15.0
2523,high,3,11.0,2.0,2.2,A,-100.0
2524,medium,2,7.0,50.0,9.3,A,15.0
2525,medium,0,4.0,26.0,5.0,A,15.0
2526,high,0,12.0,23.0,9.6,C,15.0
2527,none,0,12.0,17.0,6.9,A,15.0
2528,low,1,17.0,14.0,6.9,C,6.6
2529,low,1,13.0,16.0,9.1,C,15.0
2530,medium,1,3.0,8.0,2.6,B,-100.0
2531,low,1,20.0,2.0,8.2,B,-11.7
2532,medium,1,4.0,10.0,5.4,A,-9.1
2533,high,1,7.0,3.0,6.2,C,-100.0
2534,high,2,13.0,10.0,1.3,C,-100.0
2535,low,0,9.0,1.0,1.8,A,-100.0
2536,medium,3,3.0,9.0,9.9,A,8.7
2537,high,1,25.0,15.0,5.7,A,-1.7
2538,medium,0,5.0,2.0,6.5,A,-17.5
2539,high,1,5.0,2.0,6.9,A,-100.0
2540,high,2,2.0,50.0,4.9,C,15.0
2541,high,4,7.0,6.0,3.3,A,-100.0
2542,high,3,5.0,28.0,2.3,A,3.9
2543,medium,0,17.0,4.0,7.4,A,-9.5
2544,low,3,7.0,23.0,9.0,B,15.0
2545,low,0,7.0,0.0,8.2,A,-12.1
2546,high,2,12.0,2.0,8.4,A,-15.3
2547,medium,0,12.0,5.0,8.9,A,1.4
2548,high,1,3.0,3.0,8.2,B,-10.9
2549,high,1,14.0,10.0,8.0,C,1.6
2550,low,3,19.0,29.0,9.4,A,15.0
2551,medium,2,3.0,3.0,4.7,A,-100.0
2552,none,2,5.0,16.0,2.2,D,-16.9
2553,none,0,18.0,1.0,5.0,A,-100.0
2554,medium,1,7.0,7.0,3.9,A,-100.0
2555,low,2,15.0,9.0,2.8,A,-100.0
2556,medium,2,2.0,0.0,9.9,A,-7.6
2557,medium,1,8.0,11.0,8.3,D,8.5
2558,low,1,19.0,11.0,9.4,A,13.9
2559,low,2,16.0,3.0,1.9,A,-100.0
2560,high,2,7.0,7.0,9.1,D,-0.5
2561,low,3,10.0,13.0,9.5,A,14.5
2562,high,1,4.0,4.0,9.9,A,0.4
2563,low,0,32.0,24.0,1.4,B,-1.6
2564,low,1,9.0,12.0,9.5,A,15.0
2565,none,1,19.0,22.0,2.1,A,-3.8
2566,low,3,8.0,4.0,8.9,C,-7.5
2567,low,2,7.0,2.0,8.0,A,-14.0
2568,low,1,9.0,4.0,9.9,A,2.9
2569,high,0,8.0,23.0,4.7,C,13.8
2570,high,1,9.0,1.0,4.9,A,-100.0
2571,low,2,11.0,25.0,5.1,D,15.0
2572,none,3,10.0,4.0,4.1,A,-100.0
2573,high,1,9.0,7.0,1.5,A,-100.0
2574,high,1,9.0,19.0,3.5,A,-3.8
2575,low,3,4.0,4.0,3.0,A,-100.0
2576,low,1,4.0,40.0,6.3,A,15.0
2577,medium,3,40.0,2.0,3.4,A,-100.0
2578,high,0,12.0,19.0,4.5,A,3.9
2579,medium,0,5.0,22.0,4.1,A,11.3
2580,medium,2,3.0,2.0,2.9,B,-100.0
2581,none,1,2.0,3.0,1.1,A,-100.0
2582,low,2,3.0,4.0,2.7,C,-100.0
2583,high,2,4.0,25.0,4.1,D,10.1
2584,low,1,15.0,8.0,2.6,C,-100.0
2585,none,0,12.0,5.0,4.9,A,-100.0
2586,low,2,17.0,27.0,9.8,D,15.0
2587,low,3,6.0,14.0,9.3,C,15.0
2588,high,4,13.0,4.0,5.0,A,-100.0
2589,medium,0,,4.0,5.9,C,
2590,medium,2,17.0,11.0,4.8,A,-14.1
2591,medium,1,9.0,8.0,9.9,A,11.0
2592,low,2,10.0,5.0,5.7,A,-100.0
2593,high,2,4.0,5.0,3.0,A,-100.0
2594,medium,1,13.0,9.0,3.0,A,-100.0
2595,medium,2,1.0,3.0,8.1,A,-11.1
2596,medium,0,13.0,6.0,2.6,A,-100.0
2597,none,2,9.0,17.0,6.7,A,9.5
2598,high,1,6.0,7.0,8.0,A,-3.9
2599,low,3,15.0,2.0,5.2,C,-100.0
2600,high,1,5.0,4.0,7.8,A,-11.2
2601,medium,0,12.0,11.0,8.3,C,10.6
2602,low,4,2.0,11.0,8.1,A,0.9
2603,,4,20.0,16.0,8.8,A,12.9
2604,none,4,6.0,1.0,2.7,C,-100.0
2605,low,0,27.0,2.0,4.6,A,-100.0
2606,high,1,4.0,13.0,8.9,A,13.8
2607,high,0,11.0,4.0,1.3,C,-100.0
2608,medium,2,22.0,13.0,9.0,A,12.7
2609,medium,0,5.0,2.0,9.0,A,-3.7
2610,high,3,3.0,1.0,2.1,D,-100.0
2611,low,1,7.0,0.0,8.1,C,-15.2
2612,medium,1,16.0,2.0,6.5,A,-100.0
2613,high,3,5.0,6.0,9.6,C,-2.1
2614,high,0,5.0,3.0,4.7,B,-100.0
2615,none,1,19.0,2.0,1.8,A,-100.0
2616,high,4,4.0,9.0,9.9,C,3.4
2617,high,2,12.0,1.0,9.4,A,-11.9
2618,high,1,1.0,6.0,1.8,B,-100.0
2619,none,3,5.0,1.0,8.8,A,-14.6
2620,low,1,,7.0,5.0,C,
2621,low,0,3.0,18.0,2.4,C,-5.8
2622,low,0,20.0,10.0,6.4,B,-2.3
2623,high,1,22.0,18.0,1.6,A,-17.6
2624,low,0,9.0,3.0,4.7,A,-100.0
2625,medium,1,6.0,12.0,3.7,A,-14.4
2626,low,3,8.0,23.0,8.1,A,15.0
2627,low,1,10.0,8.0,4.9,B,-16.3
2628,high,1,4.0,20.0,5.9,A,12.0
2629,medium,1,5.0,33.0,2.1,A,15.0
2630,medium,1,7.0,3.0,10.0,A,1.2
2631,high,1,3.0,18.0,9.7,A,15.0
2632,low,1,6.0,4.0,1.9,A,-100.0
2633,high,3,6.0,1.0,4.6,C,-100.0
2634,high,0,9.0,0.0,7.3,B,-100.0
2635,low,1,15.0,14.0,2.9,D,-15.2
2636,low,0,7.0,50.0,9.9,A,15.0
2637,none,0,4.0,4.0,1.0,A,-100.0
2638,none,3,2.0,40.0,6.3,A,15.0
2639,low,0,3.0,5.0,10.0,C,8.7
2640,low,1,19.0,20.0,4.4,A,5.3
2641,low,1,13.0,22.0,2.5,A,-0.4
2642,high,0,8.0,50.0,3.2,B,15.0
2643,medium,3,12.0,4.0,4.5,A,-100.0
2644,medium,2,7.0,33.0,1.8,C,15.0
2645,high,3,5.0,10.0,3.5,A,-100.0
2646,low,0,11.0,24.0,3.8,A,13.7
2647,high,3,7.0,1.0,6.7,A,-100.0
2648,medium,2,16.0,3.0,9.8,C,-3.3
2649,none,3,10.0,23.0,1.1,A,-11.3
2650,high,0,9.0,0.0,2.6,A,-100.0
2651,none,3,4.0,24.0,2.7,D,0.2
2652,low,3,4.0,3.0,4.1,D,-100.0
2653,high,1,7.0,16.0,8.7,A,15.0
2654,none,1,2.0,3.0,8.9,A,-4.6
2655,medium,0,8.0,13.0,8.6,A,15.0
2656,low,0,2.0,15.0,9.9,B,15.0
2657,high,1,2.0,9.0,1.1,A,-100.0
2658,high,1,6.0,18.0,4.4,A,-0.6
2659,high,1,10.0,0.0,9.4,B,-11.3
2660,low,2,7.0,2.0,6.6,D,-100.0
2661,low,1,4.0,18.0,9.8,A,15.0
2662,medium,2,2.0,10.0,5.1,B,-13.0
2663,high,0,8.0,4.0,9.2,A,-1.3
2664,high,2,22.0,16.0,4.1,C,-10.6
2665,high,0,7.0,7.0,8.6,B,1.8
2666,high,1,2.0,9.0,3.7,A,-100.0
2667,medium,5,3.0,1.0,2.6,A,-100.0
2668,none,1,15.0,18.0,3.3,C,-5.2
2669,low,1,1.0,3.0,8.5,B,-6.1
2670,medium,0,13.0,6.0,9.5,C,6.6
2671,high,1,5.0,15.0,9.0,A,15.0
2672,none,2,13.0,1.0,3.3,A,-100.0
2673,medium,4,11.0,1.0,4.9,A,-100.0
2674,none,1,9.0,2.0,9.6,A,-3.5
2675,high,3,3.0,1.0,9.6,A,-12.4
2676,low,0,1.0,4.0,9.4,B,3.5
2677,low,2,10.0,9.0,10.0,C,11.4
2678,none,1,2.0,15.0,3.9,A,-6.9
2679,high,0,5.0,4.0,1.3,A,-100.0
2680,low,1,7.0,1.0,5.5,C,-100.0
2681,high,2,12.0,12.0,4.8,B,-14.1
2682,low,2,15.0,35.0,8.5,A,15.0
2683,none,1,21.0,3.0,9.4,B,-3.7
2684,low,2,5.0,6.0,2.3,A,-100.0
2685,low,1,26.0,15.0,2.0,C,-19.1
2686,low,0,4.0,11.0,9.5,A,15.0
2687,medium,0,24.0,5.0,10.0,A,6.2
2688,medium,3,7.0,7.0,6.7,B,-13.5
2689,high,5,5.0,14.0,4.3,A,-19.5
2690,high,1,10.0,31.0,3.4,A,15.0
2691,low,1,3.0,2.0,2.8,A,-100.0
2692,high,2,27.0,33.0,2.6,C,15.0
2693,high,2,23.0,5.0,8.1,A,-11.8
2694,medium,1,19.0,9.0,8.0,A,1.6
2695,low,1,10.0,1.0,2.2,A,-100.0
2696,high,1,14.0,21.0,2.3,A,-6.7
2697,none,3,8.0,5.0,8.6,A,-7.6
2698,high,1,5.0,21.0,9.1,A,15.0
2699,low,0,15.0,21.0,9.1,A,15.0
2700,medium,4,4.0,1.0,2.5,C,-100.0
2701,high,2,21.0,7.0,8.2,B,-6.8
2702,medium,3,33.0,6.0,8.2,A,-10.0
2703,high,1,20.0,12.0,2.5,A,-100.0
2704,medium,0,5.0,0.0,3.6,C,-100.0
2705,medium,1,14.0,18.0,5.4,A,6.7
2706,low,0,3.0,7.0,9.4,A,9.6
2707,high,3,6.0,3.0,3.6,A,-100.0
2708,high,2,15.0,3.0,6.9,D,-100.0
2709,high,1,1.0,18.0,5.8,A,7.6
2710,low,1,7.0,16.0,8.0,A,15.0
2711,medium,3,12.0,8.0,2.8,C,-100.0
2712,low,3,10.0,11.0,8.5,C,4.8
2713,high,0,9.0,3.0,7.0,A,-15.6
2714,high,3,6.0,1.0,2.7,A,-100.0
2715,medium,0,7.0,0.0,7.8,A,-14.7
2716,medium,1,2.0,2.0,8.2,A,-10.3
2717,high,0,7.0,12.0,3.5,A,-15.8
2718,high,2,10.0,8.0,7.3,A,-8.6
2719,low,0,10.0,4.0,8.0,A,-5.1
2720,high,5,20.0,16.0,8.6,A,6.9
2721,medium,3,4.0,26.0,8.2,A,15.0
2722,high,2,4.0,16.0,8.2,A,13.8
2723,high,0,4.0,0.0,4.4,A,-100.0
2724,low,1,2.0,14.0,8.2,A,15.0
2725,low,1,12.0,6.0,1.5,A,-100.0
2726,high,0,22.0,8.0,9.9,C,9.5
2727,high,1,17.0,50.0,9.0,A,15.0
2728,medium,2,19.0,9.0,6.1,A,-11.4
2729,high,1,3.0,27.0,6.9,A,15.0
2730,low,2,13.0,19.0,6.4,A,12.3
2731,low,4,26.0,6.0,4.2,A,-100.0
2732,high,3,12.0,1.0,6.9,C,-100.0
2733,low,2,13.0,12.0,7.7,A,4.7
2734,high,0,7.0,27.0,8.9,A,15.0
2735,medium,0,4.0,2.0,2.3,A,-100.0
2736,low,0,10.0,4.0,3.8,A,-100.0
2737,medium,3,6.0,17.0,9.7,C,15.0
2738,medium,1,7.0,28.0,7.7,D,15.0
2739,medium,2,28.0,19.0,3.7,A,-4.4
2740,low,1,8.0,14.0,2.1,B,-18.9
2741,low,0,8.0,10.0,9.2,D,14.3
2742,high,1,8.0,18.0,3.5,A,-5.8
2743,low,1,10.0,10.0,3.8,D,-18.1
2744,none,2,,8.0,9.3,C,
2745,high,0,4.0,2.0,2.3,C,-100.0
2746,medium,1,23.0,16.0,7.3,A,12.0
2747,low,0,9.0,1.0,8.4,A,-9.1
2748,none,1,8.0,32.0,10.0,A,15.0
2749,low,1,28.0,2.0,8.3,A,-12.0
2750,,2,18.0,8.0,9.4,A,4.6
2751,low,0,5.0,4.0,2.7,A,-100.0
2752,medium,3,14.0,5.0,1.1,A,-100.0
2753,high,2,6.0,24.0,8.3,A,15.0
2754,none,2,2.0,14.0,2.2,A,-100.0
2755,low,2,9.0,11.0,7.6,A,2.5
2756,high,2,10.0,4.0,3.6,A,-100.0
2757,,0,12.0,24.0,6.0,A,15.0
2758,low,0,9.0,4.0,2.3,A,-100.0
2759,high,2,3.0,21.0,8.9,A,15.0
2760,,2,17.0,20.0,8.6,A,15.0
2761,none,1,1.0,1.0,6.1,A,-100.0
2762,low,3,8.0,5.0,6.5,A,-18.6
2763,low,2,9.0,3.0,6.2,B,-100.0
2764,low,3,5.0,3.0,2.1,C,-100.0
2765,high,1,11.0,6.0,5.0,A,-100.0
2766,none,2,22.0,39.0,9.1,C,15.0
2767,high,2,8.0,4.0,2.9,C,-100.0
2768,medium,3,9.0,5.0,7.5,A,-13.5
2769,high,1,1.0,10.0,1.1,A,-100.0
2770,medium,2,7.0,5.0,4.4,A,-100.0
2771,medium,2,7.0,9.0,9.5,C,8.6
2772,high,1,4.0,21.0,8.5,A,15.0
2773,high,2,6.0,12.0,9.8,B,14.0
2774,,1,7.0,0.0,9.8,A,-6.4
2775,high,1,4.0,6.0,9.2,A,0.8
2776,high,2,14.0,2.0,1.4,A,-100.0
2777,high,0,9.0,1.0,9.0,A,-8.8
2778,low,1,15.0,4.0,8.8,A,-3.7
2779,medium,2,20.0,1.0,4.2,A,-100.0
2780,high,2,3.0,21.0,3.5,C,-1.5
2781,high,0,1.0,32.0,,C,
2782,high,0,16.0,36.0,4.8,A,15.0
2783,none,0,4.0,0.0,7.5,A,-16.3
2784,none,1,4.0,1.0,6.4,A,-100.0
2785,high,0,16.0,1.0,8.9,A,-10.1
2786,low,1,7.0,24.0,4.8,B,15.0
2787,high,2,6.0,6.0,1.4,C,-100.0
2788,medium,0,3.0,9.0,5.5,B,-8.0
2789,low,0,5.0,50.0,6.3,A,15.0
2790,high,2,8.0,44.0,5.1,A,15.0
2791,high,1,16.0,6.0,4.7,A,-100.0
2792,low,2,14.0,2.0,4.9,A,-100.0
2793,high,1,9.0,8.0,1.2,A,-100.0
2794,high,2,3.0,8.0,2.7,A,-100.0
2795,high,2,13.0,3.0,6.1,C,-100.0
2796,none,1,9.0,8.0,3.8,A,-100.0
2797,high,2,40.0,9.0,9.3,B,1.5
2798,medium,2,32.0,7.0,9.1,A,-0.3
2799,high,1,11.0,11.0,9.0,A,9.5
2800,high,1,3.0,8.0,8.4,A,0.7
2801,none,0,4.0,5.0,7.4,A,-6.3
2802,medium,0,5.0,13.0,9.2,A,15.0
2803,low,1,8.0,3.0,4.4,A,-100.0
2804,medium,3,7.0,11.0,5.0,A,-14.5
2805,high,3,9.0,10.0,2.7,A,-100.0
2806,medium,1,23.0,4.0,3.7,A,-100.0
2807,low,3,4.0,27.0,8.1,C,15.0
2808,medium,4,8.0,2.0,2.9,A,-100.0
2809,medium,3,9.0,19.0,1.7,A,-16.0
2810,high,3,4.0,3.0,8.2,A,-16.0
2811,high,1,6.0,21.0,9.0,C,15.0
2812,none,1,3.0,2.0,7.0,A,-17.2
2813,medium,1,14.0,28.0,9.5,A,15.0
2814,low,2,5.0,7.0,7.7,B,-5.0
2815,high,0,3.0,48.0,3.5,C,15.0
2816,medium,0,19.0,9.0,7.3,D,0.3
2817,low,0,9.0,8.0,4.9,A,-13.7
2818,high,3,4.0,0.0,6.8,A,-100.0
2819,high,0,15.0,12.0,7.2,A,3.8
2820,medium,0,0.0,3.0,7.5,A,-9.3
2821,medium,2,4.0,0.0,3.2,A,-100.0
2822,high,2,1.0,1.0,5.5,A,-100.0
2823,none,2,3.0,9.0,8.1,A,1.0
2824,low,0,13.0,1.0,9.2,A,-5.1
2825,high,1,3.0,12.0,3.9,A,-15.7
2826,medium,0,10.0,0.0,4.4,A,-100.0
2827,low,0,4.0,5.0,4.4,A,-100.0
2828,high,0,7.0,2.0,7.3,A,-15.9
2829,none,3,3.0,5.0,9.3,A,-3.3
2830,medium,1,6.0,2.0,5.6,A,-100.0
2831,medium,3,7.0,5.0,4.5,A,-100.0
2832,none,2,9.0,15.0,9.9,A,15.0
2833,low,2,1.0,15.0,2.5,A,-16.4
2834,none,2,8.0,11.0,2.5,B,-100.0
2835,low,1,11.0,16.0,1.1,A,-100.0
2836,high,3,13.0,4.0,7.8,A,-17.0
2837,low,1,12.0,3.0,1.4,A,-100.0
2838,low,0,15.0,3.0,2.4,C,-100.0
2839,low,1,3.0,4.0,5.0,A,-100.0
2840,low,0,4.0,22.0,6.1,B,15.0
2841,high,1,12.0,12.0,8.2,A,7.1
2842,medium,3,14.0,4.0,3.5,C,-100.0
2843,medium,0,17.0,5.0,9.4,A,3.6
2844,high,2,33.0,4.0,8.6,A,-12.1
2845,high,1,21.0,4.0,5.7,C,-100.0
2846,high,0,18.0,4.0,9.6,B,-0.1
2847,medium,0,4.0,17.0,8.1,A,15.0
2848,medium,1,8.0,5.0,9.3,B,1.4
2849,high,2,1.0,50.0,9.3,C,15.0
2850,medium,4,20.0,13.0,6.8,A,-4.2
2851,medium,1,1.0,6.0,2.7,C,-100.0
2852,medium,2,12.0,1.0,8.4,C,-14.8
2853,high,2,10.0,2.0,9.8,A,-7.4
2854,medium,1,6.0,10.0,1.7,A,-100.0
2855,medium,0,12.0,12.0,9.0,A,15.0
2856,none,0,3.0,4.0,6.4,B,-13.8
2857,low,1,5.0,2.0,1.3,A,-100.0
2858,high,1,8.0,32.0,1.3,A,11.5
2859,high,0,1.0,16.0,8.5,C,15.0
2860,medium,0,8.0,0.0,8.2,A,
2861,medium,3,5.0,1.0,10.0,C,-7.8
2862,low,2,6.0,8.0,6.8,A,-7.9
2863,low,4,10.0,8.0,8.6,A,-3.4
2864,high,3,9.0,8.0,9.2,B,-0.5
2865,low,2,3.0,2.0,5.8,A,-100.0
2866,low,1,9.0,14.0,1.6,A,-100.0
2867,low,2,1.0,6.0,6.9,A,-11.1
2868,medium,2,9.0,6.0,7.3,A,-10.0
2869,none,2,9.0,6.0,9.1,A,-0.4
2870,low,2,25.0,2.0,8.7,A,-12.0
2871,low,3,2.0,1.0,8.8,A,-13.7
2872,medium,0,15.0,5.0,9.1,A,2.1
2873,medium,1,0.0,4.0,9.0,C,-1.5
2874,medium,0,21.0,5.0,1.3,A,-100.0
2875,low,3,6.0,18.0,8.3,A,15.0
2876,none,1,15.0,1.0,8.2,A,-13.9
2877,medium,4,22.0,7.0,1.1,A,-100.0
2878,low,3,3.0,3.0,3.8,A,-100.0
2879,high,0,2.0,8.0,9.5,C,9.3
2880,medium,0,13.0,10.0,5.9,A,-4.7
2881,low,2,18.0,3.0,2.6,A,-100.0
2882,medium,0,10.0,9.0,9.2,A,11.6
2883,medium,2,36.0,3.0,3.9,A,-100.0
2884,low,1,6.0,24.0,7.6,A,15.0
2885,low,1,7.0,12.0,6.9,A,3.4
2886,medium,2,10.0,7.0,8.7,B,-0.3
2887,medium,0,19.0,4.0,1.5,D,-100.0
2888,low,1,15.0,9.0,6.8,C,-4.2
2889,low,2,7.0,12.0,3.1,C,-20.0
2890,medium,3,4.0,7.0,1.9,A,-100.0
2891,low,0,27.0,10.0,5.7,A,-6.9
2892,high,2,10.0,3.0,7.5,A,-18.0
2893,high,0,16.0,1.0,6.1,A,-100.0
2894,medium,0,3.0,6.0,3.9,A,-100.0
2895,low,3,2.0,1.0,3.8,C,-100.0
2896,medium,3,6.0,14.0,9.7,B,15.0
2897,low,5,12.0,2.0,7.4,A,-100.0
2898,low,1,2.0,23.0,8.3,A,15.0
2899,medium,0,7.0,10.0,9.5,A,15.0
2900,low,4,21.0,14.0,8.4,C,7.0
2901,medium,1,7.0,1.0,8.6,A,-10.7
2902,none,2,26.0,6.0,7.0,C,-13.6
2903,medium,1,2.0,20.0,9.0,A,15.0
2904,high,3,10.0,3.0,6.7,B,-100.0
2905,high,1,10.0,3.0,8.3,A,-11.1
2906,high,2,4.0,5.0,1.5,A,-100.0
2907,low,2,7.0,4.0,8.7,A,-6.0
2908,high,3,10.0,7.0,2.0,A,-100.0
2909,high,1,8.0,9.0,9.0,A,5.6
2910,low,2,38.0,12.0,,D,
2911,medium,1,17.0,1.0,8.4,C,-12.8
2912,none,0,0.0,7.0,9.3,C,8.7
2913,none,1,17.0,22.0,3.2,A,2.5
2914,low,2,2.0,13.0,7.1,A,4.6
2915,low,0,8.0,13.0,8.8,B,15.0
2916,low,3,2.0,3.0,8.9,A,-9.0
2917,low,3,19.0,29.0,8.4,C,15.0
2918,high,1,11.0,6.0,8.7,A,-2.7
2919,none,0,13.0,7.0,9.5,C,8.5
2920,medium,1,5.0,0.0,3.1,A,-100.0
2921,medium,1,7.0,31.0,9.0,A,15.0
2922,high,3,2.0,11.0,9.7,D,9.2
2923,high,1,6.0,0.0,8.2,C,-17.5
2924,high,2,12.0,1.0,8.7,A,-15.8
2925,medium,3,16.0,5.0,2.6,A,-100.0
2926,none,0,17.0,2.0,5.7,A,-100.0
2927,none,0,5.0,18.0,3.9,A,1.6
2928,low,3,0.0,3.0,1.2,A,-100.0
2929,medium,1,4.0,2.0,2.6,A,-100.0
2930,high,3,5.0,19.0,9.5,A,15.0
2931,medium,2,17.0,6.0,4.4,A,-100.0
2932,high,1,14.0,47.0,7.8,B,15.0
2933,high,1,8.0,19.0,3.4,A,-4.2
2934,none,0,7.0,3.0,7.5,A,-10.3
2935,low,2,8.0,26.0,2.4,A,5.5
2936,low,2,15.0,16.0,8.7,A,15.0
2937,medium,0,14.0,13.0,9.1,A,15.0
2938,medium,4,6.0,18.0,9.8,C,15.0
2939,high,3,3.0,9.0,8.4,C,-2.2
2940,medium,0,8.0,8.0,2.8,A,-100.0
2941,high,3,6.0,29.0,9.5,A,15.0
2942,none,2,13.0,2.0,1.7,A,-100.0
2943,high,0,11.0,33.0,9.0,A,15.0
2944,low,3,9.0,5.0,5.8,B,-100.0
2945,high,2,6.0,36.0,9.5,A,15.0
2946,none,1,3.0,2.0,7.6,A,-13.9
2947,low,1,18.0,13.0,5.9,A,-1.1
2948,low,2,6.0,10.0,7.9,A,2.3
2949,low,2,7.0,1.0,8.1,A,-15.6
2950,high,2,11.0,14.0,5.5,B,-6.0
2951,low,2,5.0,9.0,9.4,C,8.6
2952,medium,1,12.0,6.0,9.1,C,2.0
2953,none,2,4.0,14.0,1.5,A,-100.0
2954,low,3,8.0,15.0,2.2,C,-100.0
2955,low,2,5.0,37.0,5.8,A,15.0
2956,low,2,16.0,7.0,5.3,A,-19.3
2957,low,2,2.0,4.0,7.0,D,-14.8
2958,low,1,19.0,11.0,8.8,B,10.6
2959,high,1,10.0,9.0,1.8,C,-100.0
2960,medium,0,17.0,9.0,9.7,A,13.7
2961,low,3,10.0,8.0,8.5,B,-1.5
2962,high,1,17.0,22.0,7.5,A,15.0
2963,none,2,2.0,8.0,6.2,C,-11.4
2964,low,3,5.0,32.0,1.7,A,12.0
2965,high,1,14.0,3.0,3.3,D,-100.0
2966,high,4,12.0,44.0,9.0,B,15.0
2967,high,4,6.0,6.0,1.0,A,-100.0
2968,high,2,4.0,5.0,3.9,A,-100.0
2969,low,3,31.0,7.0,8.9,A,-3.5
2970,high,2,6.0,19.0,8.9,C,15.0
2971,low,1,18.0,28.0,2.7,A,12.8
2972,none,2,7.0,9.0,6.2,A,-9.8
2973,low,5,6.0,10.0,9.6,A,4.2
2974,low,2,2.0,8.0,6.1,C,-11.4
2975,medium,0,10.0,12.0,5.9,A,-0.2
2976,none,2,5.0,23.0,8.5,B,15.0
2977,none,1,12.0,25.0,2.3,A,4.3
2978,medium,2,11.0,21.0,1.9,C,-8.4
2979,high,3,2.0,23.0,9.2,A,15.0
2980,high,1,5.0,45.0,1.1,A,15.0
2981,low,3,14.0,15.0,6.6,A,2.4
2982,medium,2,12.0,13.0,5.5,A,-5.6
2983,high,1,8.0,13.0,9.8,D,15.0
2984,medium,0,12.0,0.0,6.4,A,-100.0
2985,none,2,9.0,4.0,8.9,A,-5.7
2986,medium,0,10.0,17.0,9.3,A,15.0
2987,low,1,8.0,18.0,6.2,A,12.1
2988,high,4,9.0,7.0,1.8,C,-100.0
2989,low,0,4.0,33.0,4.7,A,15.0
2990,low,0,7.0,1.0,6.0,D,-100.0
2991,none,2,2.0,10.0,2.1,A,-100.0
2992,medium,0,9.0,10.0,2.0,B,-100.0
2993,low,2,13.0,7.0,9.5,A,4.1
2994,none,1,14.0,5.0,5.6,C,-19.7
2995,low,1,11.0,4.0,7.0,A,-13.2
2996,none,0,7.0,10.0,5.1,A,-8.8
2997,high,2,7.0,5.0,6.2,A,-100.0
2998,low,1,14.0,1.0,8.6,C,-11.0
2999,high,2,5.0,6.0,8.9,A,-3.5
3000,medium,1,13.0,6.0,7.7,C,-5.8
3001,high,2,14.0,3.0,3.6,A,-100.0
3002,none,0,8.0,10.0,4.2,C,-13.8
3003,none,1,18.0,3.0,6.9,A,-17.2
3004,medium,3,6.0,4.0,8.7,A,-8.7
3005,medium,0,19.0,8.0,3.8,A,-100.0
3006,none,1,6.0,7.0,8.5,A,1.2
3007,high,3,6.0,6.0,3.4,A,-100.0
3008,medium,1,6.0,22.0,2.1,A,-2.3
3009,medium,0,9.0,1.0,8.3,C,-10.1
3010,medium,2,1.0,50.0,,A,
3011,low,2,6.0,22.0,3.6,A,3.9
3012,medium,3,14.0,21.0,7.6,A,15.0
3013,none,1,14.0,1.0,8.8,A,-10.5
3014,none,3,12.0,0.0,3.1,A,-100.0
3015,low,0,8.0,3.0,8.6,A,-3.7
3016,high,2,2.0,3.0,4.5,C,-100.0
3017,none,1,4.0,6.0,8.3,A,-1.8
3018,high,2,13.0,4.0,8.1,A,-12.9
3019,low,2,5.0,1.0,8.1,C,-15.4
3020,low,1,3.0,3.0,9.0,A,-3.5
3021,medium,1,6.0,8.0,7.8,A,-0.3
3022,high,0,10.0,19.0,6.6,C,15.0
3023,high,2,33.0,8.0,6.4,A,-15.8
3024,medium,3,5.0,13.0,3.3,B,-19.4
3025,none,1,19.0,8.0,8.1,B,-0.2
3026,high,2,11.0,9.0,6.4,A,-11.5
3027,high,3,13.0,8.0,9.3,C,-0.4
3028,high,1,24.0,9.0,7.0,C,-7.0
3029,none,0,,2.0,2.2,C,
3030,high,4,13.0,5.0,6.5,C,-100.0
3031,medium,1,6.0,5.0,9.1,A,0.6
3032,medium,4,13.0,8.0,1.1,A,-100.0
3033,none,2,18.0,0.0,9.5,C,-11.7
3034,medium,3,17.0,3.0,10.0,A,-4.8
3035,low,1,4.0,6.0,3.2,C,-100.0
3036,high,2,3.0,11.0,8.0,D,2.3
3037,high,0,5.0,7.0,3.7,A,-100.0
3038,none,2,12.0,5.0,2.3,A,-100.0
3039,low,1,10.0,7.0,8.5,D,1.4
3040,medium,0,18.0,6.0,1.8,C,-100.0
3041,high,2,11.0,15.0,8.4,A,12.1
3042,low,3,4.0,4.0,9.8,A,-2.1
3043,low,2,,12.0,9.0,C,
3044,low,1,2.0,4.0,5.5,C,-100.0
3045,high,3,3.0,0.0,2.9,A,-100.0
3046,low,0,11.0,14.0,9.8,C,15.0
3047,none,2,16.0,6.0,6.5,A,-15.4
3048,low,2,11.0,15.0,9.1,A,15.0
3049,high,1,8.0,10.0,4.2,A,-18.7
3050,low,1,3.0,14.0,7.0,A,8.6
3051,medium,2,20.0,3.0,5.7,A,-100.0
3052,medium,2,3.0,0.0,7.6,A,-100.0
3053,low,1,5.0,6.0,5.6,A,-16.1
3054,high,3,2.0,16.0,9.3,A,15.0
3055,medium,1,7.0,1.0,2.9,A,-100.0
3056,low,1,4.0,2.0,1.5,B,-100.0
3057,high,3,7.0,11.0,8.1,A,-0.1
3058,high,1,8.0,22.0,8.4,C,15.0
3059,high,1,2.0,6.0,6.8,C,-12.2
3060,high,2,9.0,8.0,2.7,C,-100.0
3061,medium,1,7.0,10.0,9.1,A,11.0
3062,medium,0,8.0,10.0,5.1,C,-8.6
3063,low,2,,6.0,9.3,C,
3064,medium,1,32.0,11.0,8.6,A,7.8
3065,medium,1,2.0,6.0,9.4,A,4.7
3066,high,1,21.0,5.0,8.7,A,-5.8
3067,medium,4,3.0,1.0,2.1,A,-100.0
3068,medium,0,30.0,15.0,5.9,A,4.0
3069,none,0,6.0,1.0,9.7,A,-2.3
3070,medium,1,4.0,7.0,3.7,A,-100.0
3071,none,1,17.0,3.0,1.3,A,-100.0
3072,high,4,4.0,30.0,3.9,A,14.5
3073,medium,2,12.0,20.0,1.9,A,-10.7
3074,medium,1,24.0,21.0,8.7,A,15.0
3075,none,1,2.0,2.0,7.9,A,-12.2
3076,low,1,13.0,1.0,9.6,A,-5.4
3077,low,1,6.0,9.0,6.7,C,-3.9
3078,low,4,16.0,4.0,6.6,A,-100.0
3079,medium,2,8.0,10.0,1.3,B,-100.0
3080,low,0,8.0,28.0,1.4,D,9.2
3081,low,4,1.0,50.0,1.3,A,15.0
3082,high,2,6.0,30.0,7.1,A,15.0
3083,low,2,13.0,50.0,8.2,C,15.0
3084,low,2,18.0,22.0,9.4,C,15.0
3085,low,0,5.0,10.0,8.0,A,8.0
3086,high,0,5.0,30.0,9.2,A,15.0
3087,low,3,10.0,5.0,5.0,A,-100.0
3088,low,1,4.0,1.0,4.2,D,-100.0
3089,none,0,23.0,11.0,3.4,A,-17.6
3090,high,2,27.0,6.0,5.4,C,-100.0
3091,low,0,10.0,7.0,9.6,C,10.0
3092,high,0,1.0,5.0,4.6,A,-100.0
3093,low,2,19.0,10.0,8.3,A,3.2
3094,low,0,2.0,18.0,8.9,C,15.0
3095,high,1,8.0,18.0,1.5,A,-16.8
3096,medium,1,14.0,3.0,7.7,A,-12.1
3097,medium,1,8.0,3.0,4.3,A,-100.0
3098,medium,2,1.0,5.0,9.7,C,1.9
3099,low,3,3.0,9.0,9.9,B,9.0
3100,low,1,6.0,10.0,9.3,C,12.5
3101,medium,0,31.0,4.0,3.4,C,-100.0
3102,medium,1,16.0,3.0,9.6,A,-1.9
3103,medium,1,11.0,3.0,6.0,C,-100.0
3104,low,0,,3.0,3.3,C,
3105,high,2,11.0,0.0,1.4,C,-100.0
3106,high,1,10.0,6.0,8.2,A,-5.3
3107,low,1,9.0,31.0,4.8,A,15.0
3108,high,0,12.0,3.0,2.0,A,-100.0
3109,high,0,14.0,5.0,9.7,A,2.9
3110,none,0,2.0,7.0,9.7,C,10.7
3111,none,1,8.0,13.0,2.4,A,-19.9
3112,medium,0,8.0,50.0,2.5,A,15.0
3113,high,0,31.0,14.0,9.7,A,15.0
3114,high,2,18.0,7.0,8.3,A,-6.0
3115,low,4,9.0,5.0,9.2,C,-6.3
3116,none,1,10.0,11.0,9.0,B,12.0
3117,none,1,3.0,17.0,5.2,A,4.4
3118,none,0,4.0,8.0,9.2,A,9.9
3119,medium,1,10.0,16.0,9.0,A,15.0
3120,high,1,15.0,21.0,1.9,B,-9.0
3121,low,1,5.0,0.0,4.2,A,-100.0
3122,low,1,22.0,37.0,9.7,A,15.0
3123,high,4,5.0,4.0,2.6,A,-100.0
3124,high,2,3.0,1.0,7.0,C,-100.0
3125,low,0,24.0,10.0,8.7,C,9.9
3126,none,1,22.0,2.0,9.4,A,-5.9
3127,medium,1,1.0,13.0,8.9,C,15.0
3128,medium,0,4.0,1.0,1.9,A,-100.0
3129,low,1,1.0,3.0,5.0,A,-100.0
3130,none,3,8.0,24.0,5.1,A,13.0
3131,low,2,15.0,12.0,4.9,A,-10.9
3132,low,3,10.0,6.0,3.3,C,-100.0
3133,none,3,11.0,2.0,6.5,B,-100.0
3134,low,2,8.0,1.0,1.6,B,-100.0
3135,low,1,11.0,14.0,5.6,C,0.1
3136,medium,0,10.0,5.0,8.0,B,-3.4
3137,high,3,8.0,3.0,8.0,C,-17.5
3138,none,4,4.0,6.0,8.9,B,-6.0
3139,medium,2,13.0,7.0,2.3,B,-100.0
3140,low,2,,8.0,9.0,C,
3141,medium,1,7.0,27.0,4.8,D,15.0
3142,medium,2,18.0,32.0,9.0,A,15.0
3143,none,1,3.0,7.0,8.1,A,-0.7
3144,low,0,11.0,11.0,8.8,A,13.9
3145,high,3,7.0,3.0,4.1,A,-100.0
3146,low,1,9.0,6.0,8.1,C,-2.8
3147,high,0,10.0,13.0,3.0,C,-16.7
3148,high,3,2.0,4.0,2.8,A,-100.0
3149,high,4,9.0,19.0,4.9,A,-3.6
3150,high,2,4.0,2.0,9.0,A,-11.2
3151,high,0,9.0,13.0,9.1,A,15.0
3152,high,1,10.0,25.0,1.6,A,-1.7
3153,low,3,4.0,33.0,1.8,C,14.8
3154,high,2,7.0,3.0,9.3,A,-7.8
3155,low,2,22.0,4.0,7.8,C,-12.4
3156,high,1,9.0,18.0,9.7,A,15.0
3157,high,1,8.0,5.0,7.1,A,-13.3
3158,low,0,10.0,2.0,6.4,C,-18.1
3159,high,1,5.0,11.0,9.5,D,12.8
3160,none,2,11.0,14.0,3.4,A,-15.1
3161,low,2,9.0,8.0,8.4,A,0.6
3162,low,4,7.0,2.0,7.9,C,-19.6
3163,low,2,2.0,18.0,7.8,A,15.0
3164,high,2,3.0,18.0,8.7,A,15.0
3165,high,2,6.0,37.0,4.1,A,15.0
3166,low,1,7.0,2.0,1.8,B,-100.0
3167,medium,2,2.0,8.0,9.7,A,8.0
3168,medium,2,14.0,0.0,6.7,A,-100.0
3169,medium,2,23.0,28.0,2.4,A,7.8
3170,none,1,20.0,4.0,6.1,A,-19.7
3171,high,3,18.0,20.0,9.9,A,15.0
3172,medium,3,9.0,28.0,8.1,A,15.0
3173,medium,4,8.0,8.0,5.5,A,-100.0
3174,high,0,16.0,5.0,2.3,A,-100.0
3175,low,0,6.0,3.0,8.8,A,-2.4
3176,,1,8.0,11.0,3.9,A,-15.9
3177,low,0,5.0,3.0,7.5,A,-9.5
3178,medium,1,7.0,33.0,9.1,C,15.0
3179,low,2,6.0,2.0,8.5,C,-11.2
3180,none,1,20.0,20.0,9.8,B,15.0
3181,low,2,5.0,11.0,9.7,A,14.4
3182,high,0,9.0,3.0,5.3,A,-100.0
3183,high,4,5.0,14.0,9.4,A,11.1
3184,low,1,13.0,19.0,3.0,C,-3.9
3185,medium,1,4.0,1.0,6.8,C,-100.0
3186,low,3,6.0,8.0,1.1,A,-100.0
3187,high,1,14.0,29.0,2.0,C,8.5
3188,,0,7.0,2.0,6.9,A,-15.7
3189,low,3,8.0,1.0,8.8,A,-14.3
3190,low,2,3.0,9.0,2.1,A,-100.0
3191,medium,1,4.0,15.0,2.4,C,-15.1
3192,low,0,36.0,6.0,1.5,A,-100.0
3193,high,1,12.0,3.0,2.8,A,-100.0
3194,high,2,3.0,11.0,3.4,A,-100.0
3195,low,1,30.0,23.0,9.0,A,15.0
3196,none,1,1.0,14.0,1.7,A,-100.0
3197,medium,2,8.0,3.0,9.7,A,-3.1
3198,none,1,8.0,10.0,7.9,C,4.0
3199,high,0,3.0,13.0,8.4,C,13.7
3200,low,2,16.0,0.0,7.0,C,-100.0
3201,low,1,9.0,17.0,3.0,A,-7.7
3202,low,3,10.0,1.0,3.6,A,-100.0
3203,medium,1,2.0,0.0,5.1,A,-100.0
3204,high,1,3.0,12.0,9.5,A,15.0
3205,medium,3,7.0,25.0,9.0,A,15.0
3206,low,1,23.0,0.0,4.2,A,-100.0
3207,none,1,7.0,11.0,7.5,C,4.0
3208,high,1,8.0,12.0,2.5,A,-100.0
3209,high,1,12.0,3.0,8.9,D,-8.0
3210,low,1,1.0,27.0,9.9,B,15.0
3211,medium,4,3.0,9.0,1.3,B,-100.0
3212,none,2,6.0,1.0,9.2,C,-10.0
3213,medium,0,20.0,1.0,1.0,C,-100.0
3214,none,0,20.0,5.0,4.8,A,-100.0
3215,low,1,16.0,33.0,9.7,A,15.0
3216,low,4,5.0,13.0,8.9,A,9.2
3217,high,3,9.0,3.0,8.6,A,-14.3
3218,medium,0,14.0,0.0,5.4,A,-100.0
3219,none,3,17.0,43.0,9.7,A,15.0
3220,low,4,3.0,0.0,4.2,A,-100.0
3221,medium,3,16.0,7.0,3.8,B,-100.0
3222,low,1,12.0,5.0,1.3,A,-100.0
3223,low,1,5.0,1.0,1.9,A,-100.0
3224,medium,0,6.0,11.0,6.4,C,0.8
3225,low,3,12.0,15.0,3.1,C,-16.7
3226,medium,1,1.0,1.0,2.3,C,-100.0
3227,low,2,11.0,12.0,7.6,A,4.4
3228,medium,0,16.0,19.0,2.0,C,-7.6
3229,medium,0,6.0,6.0,10.0,C,10.1
3230,high,0,10.0,35.0,8.3,D,15.0
3231,low,0,3.0,2.0,8.0,B,-8.6
3232,high,3,18.0,6.0,3.0,C,-100.0
3233,high,1,20.0,10.0,9.1,A,7.0
3234,low,1,13.0,5.0,9.3,A,1.3
3235,medium,1,,45.0,1.5,C,
3236,medium,2,21.0,24.0,8.5,A,15.0
3237,low,1,10.0,11.0,2.1,A,-100.0
3238,high,2,22.0,33.0,3.4,A,15.0
3239,high,2,8.0,23.0,9.8,A,15.0
3240,medium,1,6.0,5.0,3.8,A,-100.0
3241,high,5,19.0,22.0,8.5,A,15.0
3242,none,0,9.0,14.0,4.8,C,-2.2
3243,high,2,4.0,30.0,8.6,A,15.0
3244,medium,0,11.0,0.0,4.5,B,-100.0
3245,low,0,3.0,10.0,4.6,A,-10.5
3246,low,2,7.0,14.0,8.9,D,15.0
3247,medium,1,13.0,19.0,5.5,A,9.4
3248,high,2,20.0,7.0,9.0,B,-2.3
3249,low,4,8.0,6.0,2.7,B,-100.0
3250,low,1,7.0,1.0,9.3,C,-6.5
3251,high,0,13.0,13.0,3.0,A,-17.0
3252,high,1,2.0,6.0,9.0,C,-0.1
3253,medium,1,1.0,31.0,8.7,A,15.0
3254,medium,1,11.0,4.0,9.9,A,2.4
3255,medium,2,28.0,5.0,6.5,A,-18.4
3256,high,3,19.0,19.0,9.2,C,15.0
3257,low,1,10.0,50.0,2.8,A,15.0
3258,low,2,8.0,1.0,5.9,A,-100.0
3259,medium,2,14.0,9.0,5.4,C,-14.7
3260,high,2,4.0,4.0,1.9,A,-100.0
3261,low,1,14.0,39.0,2.9,A,15.0
3262,medium,1,4.0,4.0,4.9,A,-100.0
3263,none,2,11.0,9.0,6.7,C,-7.5
3264,low,1,6.0,22.0,8.1,A,15.0
3265,low,1,17.0,3.0,6.3,A,-19.8
3266,low,1,6.0,7.0,8.2,A,0.2
3267,high,2,5.0,28.0,7.8,B,15.0
3268,low,4,12.0,7.0,1.9,B,-100.0
3269,low,1,5.0,13.0,4.3,C,-8.6
3270,low,0,26.0,16.0,3.8,C,-4.6
3271,none,2,3.0,8.0,8.4,B,0.6
3272,high,0,25.0,0.0,8.2,A,-16.9
3273,high,0,4.0,3.0,5.3,C,-100.0
3274,medium,2,10.0,3.0,8.8,A,-8.2
3275,high,1,9.0,3.0,2.4,A,-100.0
3276,medium,1,15.0,1.0,1.9,A,-100.0
3277,low,0,12.0,10.0,9.8,A,15.0
3278,none,0,16.0,4.0,8.5,A,-3.6
3279,low,0,19.0,12.0,7.2,B,6.4
3280,none,0,9.0,1.0,8.2,A,-10.8
3281,high,1,18.0,5.0,2.1,A,-100.0
3282,low,1,1.0,3.0,6.1,A,-19.3
3283,none,1,12.0,0.0,3.7,A,-100.0
3284,medium,1,9.0,9.0,4.0,A,-19.4
3285,high,0,12.0,27.0,2.6,C,10.3
3286,high,1,11.0,37.0,3.7,B,15.0
3287,low,4,20.0,9.0,3.7,C,-100.0
3288,medium,1,13.0,25.0,2.3,C,4.4
3289,medium,2,16.0,10.0,8.2,A,2.6
3290,medium,1,11.0,2.0,7.5,A,-15.1
3291,medium,1,2.0,2.0,3.0,A,-100.0
3292,medium,3,8.0,15.0,7.6,A,8.1
3293,medium,1,11.0,3.0,7.5,A,-13.0
3294,high,2,2.0,3.0,2.5,A,-100.0
3295,low,3,22.0,14.0,8.7,A,11.0
3296,medium,1,12.0,45.0,2.0,A,15.0
3297,none,1,6.0,11.0,9.6,B,15.0
3298,low,2,15.0,40.0,5.5,A,15.0
3299,low,2,5.0,8.0,9.7,A,8.1
3300,high,0,14.0,6.0,9.4,A,3.4
3301,high,1,4.0,10.0,6.9,A,-3.5
3302,medium,1,11.0,19.0,9.4,B,15.0
3303,high,1,20.0,6.0,4.5,A,-100.0
3304,medium,3,11.0,1.0,8.2,A,-18.3
3305,low,1,7.0,3.0,2.5,D,-100.0
3306,medium,3,8.0,19.0,8.4,A,15.0
3307,high,3,6.0,2.0,7.7,A,-100.0
3308,high,2,2.0,6.0,1.3,A,-100.0
3309,low,0,8.0,22.0,2.1,B,0.4
3310,medium,3,1.0,5.0,9.7,A,-0.6
3311,none,0,14.0,2.0,6.9,A,-16.4
3312,none,1,37.0,22.0,5.2,A,11.5
3313,low,5,11.0,1.0,5.7,A,-100.0
3314,low,1,12.0,19.0,9.7,A,15.0
3315,low,2,12.0,4.0,9.7,B,-1.0
3316,none,1,11.0,3.0,8.7,D,-6.6
3317,high,0,2.0,15.0,1.5,A,-20.0
3318,high,2,10.0,12.0,4.9,B,-13.4
3319,none,2,13.0,11.0,9.4,C,11.4
3320,medium,2,5.0,5.0,3.5,A,-100.0
3321,medium,3,6.0,17.0,7.8,B,13.6
3322,medium,2,11.0,2.0,5.7,A,-100.0
3323,low,2,10.0,41.0,6.0,A,15.0
3324,low,0,6.0,13.0,8.5,B,15.0
3325,high,1,17.0,34.0,3.4,A,15.0
3326,medium,1,2.0,11.0,6.1,D,-2.9
3327,medium,1,15.0,10.0,2.1,A,-100.0
3328,low,1,3.0,2.0,6.9,A,-17.2
3329,none,0,1.0,15.0,9.7,A,15.0
3330,low,2,23.0,3.0,9.8,A,-3.6
3331,high,1,6.0,6.0,8.1,C,-5.5
3332,medium,2,20.0,6.0,8.4,C,-5.1
3333,medium,0,27.0,5.0,1.0,A,-100.0
3334,medium,2,5.0,0.0,8.5,B,-15.7
3335,,0,10.0,9.0,1.5,A,-100.0
3336,high,0,12.0,18.0,9.1,C,15.0
3337,high,1,19.0,33.0,8.0,A,15.0
3338,low,3,2.0,2.0,9.6,A,-7.2
3339,none,2,19.0,3.0,8.5,A,-11.0
3340,medium,0,12.0,9.0,9.9,A,15.0
3341,high,3,4.0,3.0,1.2,C,-100.0
3342,,0,4.0,12.0,5.0,B,-4.8
3343,low,2,13.0,16.0,3.0,A,-12.7
3344,none,2,11.0,12.0,8.5,C,8.7
3345,low,0,8.0,5.0,2.4,A,-100.0
3346,high,2,11.0,28.0,4.8,A,15.0
3347,high,2,14.0,7.0,1.4,A,-100.0
3348,none,2,10.0,0.0,8.5,A,-16.4
3349,low,2,4.0,0.0,1.9,A,-100.0
3350,medium,2,15.0,8.0,10.0,A,8.4
3351,high,1,3.0,17.0,8.1,C,15.0
3352,high,1,9.0,19.0,2.1,A,-11.5
3353,low,0,10.0,8.0,2.4,A,-100.0
3354,low,2,8.0,20.0,8.6,C,15.0
3355,low,1,5.0,2.0,8.6,A,-8.0
3356,high,3,11.0,4.0,9.9,C,-5.3
3357,low,2,4.0,8.0,3.1,A,-100.0
3358,high,0,6.0,13.0,9.3,C,15.0
3359,,1,4.0,17.0,2.8,C,-8.9
3360,medium,3,15.0,2.0,7.4,A,-100.0
3361,low,0,5.0,40.0,2.9,C,15.0
3362,low,0,4.0,15.0,1.2,A,-18.8
3363,low,2,8.0,34.0,4.1,A,15.0
3364,low,2,15.0,20.0,8.1,A,15.0
3365,high,1,4.0,8.0,8.6,C,1.7
3366,none,4,11.0,9.0,8.4,A,-3.1
3367,high,1,7.0,13.0,6.3,A,-0.8
3368,medium,2,1.0,4.0,2.0,B,-100.0
3369,low,0,4.0,3.0,6.7,B,-13.8
3370,high,0,3.0,0.0,7.0,C,-100.0
3371,low,1,25.0,6.0,5.0,A,-100.0
3372,medium,4,1.0,6.0,7.6,C,-12.6
3373,high,1,19.0,19.0,1.7,A,-14.7
3374,high,1,15.0,11.0,8.4,A,5.8
3375,high,1,6.0,2.0,1.1,C,-100.0
3376,none,1,7.0,8.0,6.7,A,-6.7
3377,high,1,2.0,19.0,9.9,A,15.0
3378,low,2,10.0,24.0,3.5,A,7.1
3379,low,1,26.0,1.0,8.8,C,-11.1
3380,medium,4,15.0,8.0,9.8,A,2.3
3381,medium,2,11.0,1.0,8.4,D,-14.7
3382,low,1,5.0,10.0,5.6,A,-7.7
3383,medium,0,9.0,25.0,6.2,A,15.0
3384,low,1,23.0,18.0,4.5,A,1.2
3385,low,2,7.0,13.0,6.7,A,1.9
3386,high,1,12.0,11.0,8.3,A,5.5
3387,low,2,15.0,0.0,8.7,A,-15.2
3388,high,1,3.0,4.0,8.7,A,-6.1
3389,medium,2,5.0,6.0,3.9,C,-100.0
3390,none,2,6.0,3.0,4.5,A,-100.0
3391,low,1,5.0,5.0,5.1,A,-100.0
3392,low,1,11.0,4.0,5.8,A,-19.8
3393,low,0,5.0,4.0,6.1,A,-15.1
3394,,1,0.0,20.0,9.9,A,15.0
3395,high,1,9.0,4.0,9.5,C,-2.3
3396,low,1,2.0,10.0,4.6,A,-12.9
3397,high,4,5.0,0.0,9.5,A,-17.8
3398,medium,3,24.0,13.0,9.0,A,10.0
3399,low,2,,5.0,8.8,C,
3400,high,1,6.0,20.0,4.0,C,1.4
3401,high,0,8.0,27.0,3.8,A,15.0
3402,high,1,20.0,7.0,7.4,A,-8.6
3403,high,0,3.0,4.0,8.1,A,-6.9
3404,high,4,2.0,6.0,8.9,A,-8.2
3405,low,0,13.0,0.0,3.9,A,-100.0
3406,high,2,8.0,11.0,3.1,B,-100.0
3407,low,3,15.0,8.0,6.8,A,-11.3
3408,low,1,23.0,7.0,8.2,B,-1.5
3409,high,0,13.0,25.0,8.3,A,15.0
3410,high,2,8.0,50.0,9.5,A,15.0
3411,medium,0,6.0,5.0,1.4,A,-100.0
3412,low,1,4.0,7.0,5.2,A,-16.1
3413,none,3,26.0,9.0,4.7,A,-100.0
3414,,5,8.0,2.0,9.6,A,-13.4
3415,high,2,7.0,50.0,2.9,A,15.0
3416,low,0,9.0,0.0,4.4,C,-100.0
3417,medium,1,11.0,2.0,9.5,A,-4.0
3418,medium,0,8.0,33.0,1.3,A,15.0
3419,medium,0,4.0,5.0,1.3,A,-100.0
3420,high,2,3.0,19.0,4.8,D,1.5
3421,none,4,16.0,6.0,8.2,C,-11.0
3422,,0,1.0,13.0,9.9,A,15.0
3423,medium,2,6.0,1.0,3.9,A,-100.0
3424,high,2,8.0,3.0,1.1,A,-100.0
3425,high,3,4.0,15.0,9.5,A,15.0
3426,high,2,8.0,42.0,2.2,C,15.0
3427,high,1,3.0,3.0,9.8,C,-2.1
3428,medium,1,5.0,4.0,5.4,A,-100.0
3429,high,1,11.0,17.0,2.9,C,-11.5
3430,low,2,4.0,3.0,9.5,A,-3.4
3431,high,1,7.0,12.0,6.8,A,-0.1
3432,high,2,4.0,29.0,7.4,B,15.0
3433,low,1,3.0,6.0,2.6,A,-100.0
3434,low,0,8.0,9.0,1.9,B,-100.0
3435,high,0,12.0,9.0,2.1,A,-100.0
3436,medium,0,11.0,7.0,1.9,D,-100.0
3437,medium,0,34.0,4.0,5.4,A,-100.0
3438,low,4,3.0,0.0,8.1,A,-100.0
3439,high,0,2.0,3.0,8.0,A,-9.4
3440,high,2,15.0,3.0,9.1,A,-9.7
3441,medium,2,1.0,2.0,4.3,A,-100.0
3442,low,2,11.0,1.0,3.4,D,-100.0
3443,high,4,3.0,13.0,5.6,A,-11.7
3444,low,3,3.0,43.0,2.7,A,15.0
3445,low,1,14.0,7.0,8.5,D,1.0
3446,low,0,4.0,0.0,3.7,A,-100.0
3447,low,2,2.0,13.0,6.5,A,1.3
3448,medium,1,14.0,1.0,3.4,A,-100.0
3449,high,2,10.0,2.0,5.9,A,-100.0
3450,medium,1,3.0,5.0,9.5,A,3.0
3451,low,2,2.0,6.0,9.0,A,0.4
3452,low,0,5.0,17.0,4.8,A,5.1
3453,none,2,5.0,18.0,6.2,A,9.3
3454,medium,1,5.0,14.0,2.6,C,-16.2
3455,high,1,12.0,3.0,5.5,A,-100.0
3456,none,1,16.0,10.0,8.2,A,4.9
3457,high,0,3.0,11.0,3.1,D,-19.7
3458,low,0,3.0,0.0,9.7,A,-3.5
3459,high,0,3.0,4.0,9.5,A,0.8
3460,medium,5,7.0,5.0,7.8,C,-16.7
3461,low,3,8.0,4.0,2.3,A,-100.0
3462,low,0,8.0,38.0,1.2,A,15.0
3463,high,3,6.0,1.0,3.6,A,-100.0
3464,medium,3,10.0,4.0,1.8,A,-100.0
3465,high,2,25.0,8.0,9.3,C,0.9
3466,high,1,4.0,12.0,9.4,A,14.5
3467,high,2,9.0,4.0,2.7,A,-100.0
3468,high,1,18.0,7.0,9.6,A,3.7
3469,high,0,4.0,1.0,5.5,C,-100.0
3470,high,2,6.0,9.0,8.9,B,2.7
3471,none,1,18.0,4.0,7.8,A,-10.1
3472,medium,0,7.0,0.0,9.7,A,-4.3
3473,low,1,36.0,7.0,9.1,A,2.1
3474,low,0,3.0,6.0,2.4,B,-100.0
3475,medium,4,13.0,28.0,2.2,A,2.7
3476,low,3,22.0,6.0,2.5,A,-100.0
3477,low,1,4.0,10.0,5.1,C,-10.4
3478,high,1,8.0,24.0,1.2,C,-5.8
3479,low,0,5.0,28.0,2.1,A,13.3
3480,none,3,3.0,14.0,7.3,A,4.6
3481,medium,1,4.0,3.0,6.6,A,
3482,low,1,9.0,8.0,8.6,B,4.2
3483,high,2,13.0,9.0,3.3,D,-100.0
3484,low,3,8.0,2.0,2.0,A,-100.0
3485,high,2,15.0,16.0,5.1,C,-4.4
3486,none,0,9.0,9.0,4.5,A,-14.4
3487,low,5,19.0,5.0,5.9,D,-100.0
3488,low,2,25.0,8.0,1.3,B,-100.0
3489,medium,2,1.0,7.0,8.3,A,-1.7
3490,low,4,7.0,3.0,3.0,C,-100.0
3491,medium,2,24.0,0.0,9.2,A,-13.7
3492,high,1,3.0,5.0,9.7,A,1.5
3493,low,1,8.0,3.0,8.9,A,-4.6
3494,none,2,9.0,7.0,4.4,B,-100.0
3495,none,1,12.0,14.0,5.8,D,0.5
3496,low,1,12.0,2.0,9.7,A,-2.7
3497,low,2,5.0,4.0,9.6,A,-0.8
3498,low,0,,14.0,10.0,C,
3499,medium,1,4.0,18.0,1.1,A,-15.9
3500,high,2,21.0,13.0,8.8,A,9.1
3501,low,2,9.0,4.0,5.0,A,-100.0
3502,high,0,10.0,2.0,1.8,A,-100.0
3503,high,2,6.0,2.0,8.8,A,-12.5
3504,high,2,16.0,12.0,8.6,A,6.4
3505,high,1,8.0,0.0,9.8,A,-8.9
3506,none,4,9.0,26.0,2.0,A,-2.4
3507,medium,2,8.0,3.0,1.4,A,-100.0
3508,high,0,9.0,15.0,3.2,A,-11.3
3509,medium,4,6.0,38.0,2.2,B,15.0
3510,medium,2,4.0,1.0,5.6,A,-100.0
3511,low,1,14.0,13.0,5.0,B,-5.6
3512,low,2,3.0,1.0,8.7,A,-11.9
3513,none,2,3.0,4.0,8.4,D,-7.8
3514,,2,5.0,15.0,7.6,D,10.7
3515,low,1,21.0,4.0,4.9,C,-100.0
3516,high,1,19.0,9.0,6.1,B,-11.5
3517,low,2,4.0,1.0,4.6,B,-100.0
3518,medium,1,10.0,15.0,2.5,A,-15.2
3519,high,2,17.0,5.0,8.8,C,-7.3
3520,medium,1,2.0,21.0,7.8,A,15.0
3521,high,0,11.0,2.0,1.4,C,-100.0
3522,low,0,20.0,1.0,9.1,A,-6.4
3523,low,1,2.0,16.0,9.9,A,15.0
3524,high,3,3.0,0.0,2.2,B,-100.0
3525,low,0,1.0,3.0,7.1,A,-11.3
3526,high,0,2.0,6.0,3.2,A,-100.0
3527,low,4,12.0,11.0,4.2,C,-100.0
3528,low,1,11.0,6.0,9.8,A,6.4
3529,high,1,1.0,9.0,9.5,A,9.0
3530,low,2,1.0,9.0,3.7,A,-100.0
3531,low,1,20.0,14.0,8.9,C,15.0
3532,low,1,2.0,50.0,8.7,C,15.0
3533,low,2,24.0,17.0,8.9,A,15.0
3534,low,3,7.0,8.0,7.1,A,-8.9
3535,low,1,5.0,12.0,8.5,C,12.4
3536,low,4,10.0,1.0,4.5,A,-100.0
3537,high,2,3.0,3.0,5.3,A,-100.0
3538,medium,2,5.0,50.0,2.1,C,15.0
3539,medium,1,10.0,28.0,9.5,A,15.0
3540,low,1,11.0,1.0,5.1,A,-100.0
3541,low,1,14.0,2.0,8.6,A,-8.9
3542,low,2,1.0,19.0,9.7,A,15.0
3543,none,0,3.0,17.0,2.7,A,-6.9
3544,high,2,5.0,24.0,5.8,A,15.0
3545,medium,2,3.0,1.0,8.8,A,-11.7
3546,high,3,10.0,1.0,1.3,A,-100.0
3547,high,0,11.0,5.0,6.3,A,-15.5
3548,medium,5,8.0,3.0,7.0,A,-100.0
3549,high,2,4.0,9.0,8.0,A,-2.0
3550,medium,2,8.0,6.0,3.4,A,-100.0
3551,medium,1,5.0,20.0,6.8,A,15.0
3552,high,2,14.0,9.0,1.0,A,-100.0
3553,low,3,12.0,14.0,2.9,A,-19.9
3554,high,1,6.0,8.0,8.1,A,-1.3
3555,none,2,38.0,8.0,4.4,A,-100.0
3556,low,1,13.0,3.0,9.5,C,-1.8
3557,low,1,19.0,2.0,2.3,A,-100.0
3558,high,3,10.0,2.0,8.5,A,-17.1
3559,high,1,13.0,40.0,1.2,A,15.0
3560,none,3,6.0,3.0,6.6,A,-100.0
3561,medium,3,6.0,5.0,1.1,A,-100.0
3562,high,2,,13.0,5.5,C,
3563,high,1,13.0,4.0,1.7,A,-100.0
3564,low,1,7.0,15.0,8.6,A,15.0
3565,,2,10.0,16.0,4.1,A,-7.0
3566,medium,3,13.0,18.0,2.6,C,-13.6
3567,low,2,9.0,2.0,7.2,B,-18.6
3568,high,2,5.0,10.0,5.2,A,-15.4
3569,low,3,1.0,9.0,4.5,A,-100.0
3570,none,0,3.0,3.0,6.9,A,-13.2
3571,high,3,1.0,5.0,8.6,A,-9.3
3572,low,4,11.0,1.0,4.2,A,-100.0
3573,none,1,17.0,14.0,4.8,A,-5.5
3574,high,0,12.0,7.0,7.4,A,-5.3
3575,none,3,4.0,18.0,8.9,A,15.0
3576,high,1,7.0,10.0,9.0,A,7.8
3577,high,1,5.0,14.0,8.3,A,12.5
3578,low,1,1.0,5.0,,C,
3579,medium,1,6.0,28.0,9.9,C,15.0
3580,medium,2,3.0,3.0,6.0,A,-100.0
3581,high,1,6.0,50.0,8.7,A,15.0
3582,high,3,5.0,5.0,9.5,B,-4.8
3583,low,1,7.0,25.0,6.4,A,15.0
3584,medium,3,3.0,3.0,2.4,A,-100.0
3585,medium,0,10.0,10.0,4.2,A,-13.8
3586,high,0,8.0,8.0,7.9,A,-0.1
3587,high,1,7.0,2.0,10.0,C,-3.5
3588,medium,0,10.0,12.0,1.8,B,-100.0
3589,high,2,7.0,15.0,6.0,A,-0.7
3590,high,2,8.0,9.0,8.0,A,-2.4
3591,medium,2,16.0,1.0,9.1,A,-11.3
3592,low,0,14.0,1.0,3.8,C,-100.0
3593,high,1,5.0,23.0,7.5,B,15.0
3594,medium,2,29.0,4.0,3.4,A,-100.0
3595,low,2,10.0,21.0,9.6,A,15.0
3596,low,1,14.0,1.0,5.1,B,-100.0
3597,low,1,14.0,10.0,8.2,B,5.7
3598,low,1,3.0,19.0,9.6,A,15.0
3599,medium,1,7.0,8.0,9.6,A,9.5
3600,low,3,19.0,16.0,7.9,A,11.1
3601,medium,1,8.0,11.0,9.6,D,15.0
3602,high,1,5.0,10.0,3.2,A,-100.0
3603,none,1,3.0,3.0,3.0,C,-100.0
3604,high,2,12.0,5.0,4.7,A,-100.0
3605,low,2,8.0,31.0,4.6,A,15.0
3606,high,0,2.0,1.0,2.0,B,-100.0
3607,medium,1,6.0,26.0,1.5,A,2.8
3608,high,3,1.0,8.0,6.6,A,-14.0
3609,low,2,7.0,24.0,8.8,A,15.0
3610,medium,2,1.0,26.0,6.2,A,15.0
3611,high,2,18.0,2.0,8.5,A,-15.4
3612,medium,5,10.0,3.0,3.7,A,-100.0
3613,high,1,12.0,1.0,3.1,C,-100.0
3614,low,3,4.0,3.0,9.6,A,-5.3
3615,low,2,20.0,3.0,1.2,A,-100.0
3616,high,2,5.0,7.0,2.6,B,-100.0
3617,low,2,5.0,17.0,5.3,A,2.8
3618,high,0,4.0,12.0,3.2,A,-17.1
3619,none,0,13.0,11.0,1.9,A,-100.0
3620,none,1,18.0,2.0,2.7,C,-100.0
3621,medium,1,10.0,5.0,7.9,B,-6.5
3622,high,2,7.0,15.0,2.7,A,-18.9
3623,low,4,4.0,6.0,2.1,A,-100.0
3624,medium,1,12.0,19.0,7.8,B,15.0
3625,low,4,9.0,11.0,5.5,A,-14.1
3626,medium,0,10.0,32.0,3.2,A,15.0
3627,low,2,9.0,12.0,,D,
3628,medium,1,33.0,30.0,9.4,A,15.0
3629,medium,2,22.0,3.0,8.6,C,-10.5
3630,medium,1,15.0,2.0,8.4,A,-10.5
3631,high,1,9.0,3.0,5.0,B,-100.0
3632,,0,3.0,45.0,9.0,C,15.0
3633,none,2,7.0,21.0,5.2,A,9.9
3634,,0,10.0,37.0,3.2,B,15.0
3635,none,0,16.0,28.0,6.8,C,15.0
3636,medium,2,10.0,32.0,9.8,A,15.0
3637,none,3,17.0,13.0,2.1,A,-100.0
3638,low,1,2.0,4.0,3.4,A,-100.0
3639,medium,2,7.0,5.0,9.3,A,-1.0
3640,low,0,28.0,13.0,5.2,A,-3.4
3641,low,5,15.0,0.0,1.8,C,-100.0
3642,medium,1,16.0,20.0,3.4,C,-0.3
3643,high,1,9.0,24.0,6.6,A,15.0
3644,none,4,1.0,9.0,3.8,A,-100.0
3645,medium,2,1.0,2.0,8.2,B,-12.7
3646,medium,0,4.0,1.0,3.4,A,-100.0
3647,low,3,19.0,5.0,4.9,C,-100.0
3648,medium,0,3.0,0.0,7.3,A,-17.1
3649,high,1,9.0,1.0,6.0,A,-100.0
3650,low,0,34.0,14.0,6.2,A,3.6
3651,medium,0,2.0,2.0,9.7,A,0.5
3652,medium,2,11.0,2.0,2.6,C,-100.0
3653,none,0,3.0,3.0,2.8,A,-100.0
3654,low,1,10.0,26.0,1.3,A,1.7
3655,medium,2,5.0,6.0,2.4,A,-100.0
3656,high,2,5.0,14.0,8.2,A,9.5
3657,high,0,6.0,19.0,8.0,A,15.0
3658,high,5,1.0,5.0,3.5,D,-100.0
3659,low,3,2.0,0.0,8.7,C,-16.4
3660,low,3,4.0,1.0,1.8,D,-100.0
3661,medium,0,3.0,32.0,8.9,A,15.0
3662,high,0,8.0,1.0,5.9,A,-100.0
3663,low,0,6.0,2.0,1.9,A,-100.0
3664,high,3,8.0,4.0,3.3,A,-100.0
3665,high,6,8.0,6.0,6.1,A,-100.0
3666,high,1,10.0,30.0,1.2,A,6.6
3667,low,0,16.0,49.0,9.6,B,15.0
3668,high,2,16.0,0.0,8.3,A,-100.0
3669,medium,0,13.0,26.0,1.3,B,3.6
3670,low,1,15.0,6.0,9.0,C,1.6
3671,low,0,6.0,4.0,6.7,A,-11.9
3672,high,2,6.0,1.0,8.2,B,-17.9
3673,medium,3,22.0,9.0,9.8,A,6.2
3674,low,1,2.0,10.0,4.1,B,-15.7
3675,medium,3,4.0,36.0,9.4,A,15.0
3676,medium,5,13.0,0.0,8.4,A,-100.0
3677,low,2,10.0,1.0,1.5,A,-100.0
3678,high,0,25.0,37.0,9.7,A,15.0
3679,medium,3,6.0,17.0,1.1,B,-100.0
3680,medium,1,19.0,6.0,8.5,C,-1.9
3681,medium,0,6.0,1.0,8.8,A,-7.0
3682,medium,1,10.0,4.0,8.0,C,-8.0
3683,high,2,9.0,4.0,9.9,A,-2.6
3684,low,1,8.0,15.0,2.0,A,-17.3
3685,low,0,14.0,9.0,4.8,A,-12.6
3686,high,2,9.0,8.0,9.0,A,0.9
3687,high,0,21.0,11.0,9.1,A,11.5
3688,low,1,5.0,13.0,8.7,A,15.0
3689,high,4,7.0,2.0,9.0,C,-16.5
3690,medium,4,12.0,2.0,5.2,A,-100.0
3691,medium,0,22.0,9.0,9.3,A,10.9
3692,low,1,3.0,6.0,1.6,A,-100.0
3693,high,3,2.0,31.0,1.1,A,3.9
3694,high,2,20.0,9.0,4.6,C,-100.0
3695,low,1,6.0,11.0,8.2,A,8.6
3696,medium,2,3.0,19.0,6.3,A,12.3
3697,none,1,5.0,2.0,2.5,A,-100.0
3698,high,3,7.0,24.0,1.8,A,-7.4
3699,medium,0,9.0,38.0,8.3,A,15.0
3700,medium,3,6.0,27.0,9.0,C,15.0
3701,low,1,10.0,13.0,4.7,A,-6.9
3702,medium,1,12.0,4.0,4.7,C,-100.0
3703,none,1,19.0,2.0,8.6,C,-10.0
3704,low,0,2.0,0.0,5.8,C,-100.0
3705,high,1,8.0,11.0,1.8,A,-100.0
3706,low,0,6.0,24.0,1.2,A,-0.1
3707,high,2,7.0,13.0,9.5,A,14.3
3708,medium,4,14.0,5.0,8.1,C,-13.3
3709,,2,11.0,8.0,5.7,A,-15.1
3710,high,3,32.0,3.0,1.5,C,-100.0
3711,,1,,7.0,8.9,C,
3712,medium,0,2.0,6.0,4.2,A,-100.0
3713,medium,1,8.0,37.0,5.4,A,15.0
3714,low,0,7.0,21.0,4.4,A,11.1
3715,none,1,7.0,7.0,9.4,C,6.1
3716,high,0,7.0,50.0,9.8,A,15.0
3717,high,1,3.0,3.0,2.9,A,-100.0
3718,high,0,3.0,13.0,9.1,A,15.0
3719,none,1,5.0,1.0,8.4,D,-11.8
3720,high,1,1.0,47.0,9.6,A,15.0
3721,medium,1,13.0,29.0,2.1,A,11.8
3722,high,2,19.0,5.0,8.5,A,-9.2
3723,low,2,7.0,18.0,1.3,C,-17.3
3724,high,3,,18.0,9.6,C,
3725,low,1,20.0,10.0,9.5,C,12.2
3726,medium,0,13.0,12.0,8.1,A,11.6
3727,high,0,3.0,13.0,9.7,A,15.0
3728,medium,1,9.0,16.0,6.9,A,11.3
3729,low,3,8.0,1.0,6.1,A,-100.0
3730,none,1,4.0,24.0,2.6,B,4.7
3731,high,2,4.0,26.0,8.5,A,15.0
3732,none,1,21.0,5.0,5.4,A,-100.0
3733,none,5,2.0,43.0,2.4,C,15.0
3734,low,3,15.0,11.0,8.5,A,4.3
3735,low,2,11.0,1.0,1.5,A,-100.0
3736,low,2,16.0,8.0,8.8,A,2.1
3737,low,1,3.0,27.0,8.6,A,15.0
3738,medium,1,13.0,2.0,9.0,D,-7.0
3739,low,2,11.0,7.0,2.6,A,-100.0
3740,high,4,5.0,1.0,7.4,A,-100.0
3741,low,1,10.0,15.0,10.0,A,15.0
3742,none,1,5.0,0.0,8.3,A,-14.5
3743,low,2,22.0,39.0,6.7,A,15.0
3744,medium,0,7.0,23.0,7.8,A,15.0
3745,none,2,25.0,36.0,8.3,C,15.0
3746,high,2,7.0,8.0,6.0,C,-15.4
3747,low,1,5.0,11.0,8.1,C,8.1
3748,medium,1,6.0,36.0,2.5,B,15.0
3749,medium,0,8.0,3.0,8.5,B,-4.7
3750,medium,1,5.0,1.0,6.3,A,-100.0
3751,low,0,21.0,0.0,6.3,A,-100.0
3752,none,3,19.0,9.0,3.6,A,-100.0
3753,medium,1,14.0,6.0,8.3,A,-2.5
3754,medium,1,8.0,23.0,5.3,C,15.0
3755,low,5,21.0,14.0,5.6,A,-10.9
3756,high,1,15.0,10.0,6.0,A,-9.5
3757,low,1,24.0,5.0,8.3,A,-5.3
3758,high,1,2.0,4.0,8.6,C,-6.5
3759,low,1,3.0,1.0,8.1,C,-12.7
3760,none,3,21.0,8.0,9.7,A,3.4
3761,medium,1,13.0,4.0,7.2,C,-12.7
3762,medium,3,8.0,13.0,9.0,A,11.6
3763,medium,2,7.0,19.0,5.6,B,8.1
3764,high,4,15.0,26.0,5.9,C,15.0
3765,high,2,10.0,0.0,1.2,A,-100.0
3766,none,0,8.0,10.0,9.8,B,15.0
3767,low,1,3.0,12.0,7.1,A,4.9
3768,medium,1,5.0,7.0,5.8,A,-13.3
3769,high,0,11.0,5.0,2.0,B,-100.0
3770,low,2,17.0,17.0,6.6,D,8.8
3771,high,2,6.0,37.0,5.0,A,15.0
3772,high,0,17.0,14.0,10.0,A,15.0
3773,medium,1,13.0,1.0,4.2,D,-100.0
3774,none,2,8.0,1.0,9.5,A,-8.6
3775,low,2,7.0,10.0,8.1,B,3.3
3776,medium,2,5.0,1.0,4.8,A,-100.0
3777,high,2,10.0,1.0,3.5,D,-100.0
3778,low,3,11.0,23.0,9.2,B,15.0
3779,high,1,16.0,38.0,3.7,B,15.0
3780,high,3,10.0,23.0,9.6,C,15.0
3781,medium,2,7.0,9.0,2.3,A,-100.0
3782,medium,2,5.0,1.0,2.7,A,-100.0
3783,low,2,16.0,24.0,9.8,D,15.0
3784,high,0,5.0,4.0,2.8,A,-100.0
3785,medium,3,14.0,15.0,6.1,A,-0.7
3786,high,2,6.0,21.0,5.4,C,8.7
3787,none,2,13.0,1.0,4.5,C,-100.0
3788,medium,1,11.0,14.0,1.3,C,-100.0
3789,low,0,13.0,3.0,7.2,A,-11.9
3790,high,1,15.0,15.0,8.3,A,13.6
3791,low,1,4.0,19.0,8.0,D,15.0
3792,medium,4,8.0,28.0,1.8,A,1.0
3793,none,0,10.0,31.0,7.6,A,15.0
3794,high,2,8.0,4.0,1.8,B,-100.0
3795,medium,1,6.0,9.0,3.4,A,-100.0
3796,medium,2,3.0,17.0,9.4,A,15.0
3797,high,1,10.0,2.0,9.1,A,-8.8
3798,none,2,13.0,11.0,2.9,A,-100.0
3799,low,2,3.0,1.0,10.0,A,-4.7
3800,medium,4,18.0,8.0,1.9,A,-100.0
3801,medium,2,6.0,23.0,3.4,B,4.5
3802,medium,2,9.0,4.0,5.8,A,-100.0
3803,none,3,6.0,6.0,8.9,A,-3.7
3804,medium,5,6.0,3.0,9.1,A,-13.6
3805,none,0,8.0,5.0,1.4,A,-100.0
3806,low,2,3.0,1.0,2.9,B,-100.0
3807,low,3,5.0,7.0,7.4,A,-9.1
3808,high,1,22.0,10.0,9.2,A,7.4
3809,high,2,11.0,4.0,4.5,B,-100.0
3810,none,1,6.0,12.0,1.8,A,-100.0
3811,medium,4,5.0,0.0,8.8,A,-19.0
3812,low,1,3.0,2.0,6.0,A,-100.0
3813,low,0,12.0,12.0,8.3,A,13.1
3814,medium,2,4.0,2.0,4.7,A,-100.0
3815,low,3,1.0,5.0,4.5,C,-100.0
3816,low,1,7.0,36.0,8.2,A,15.0
3817,low,1,10.0,1.0,7.4,A,-17.2
3818,none,1,31.0,11.0,3.8,A,-18.7
3819,low,1,3.0,0.0,7.0,A,-100.0
3820,high,1,11.0,6.0,5.1,C,-100.0
3821,high,3,14.0,13.0,2.4,A,-100.0
3822,medium,0,9.0,3.0,4.1,A,-100.0
3823,low,2,7.0,32.0,5.7,D,15.0
3824,none,2,11.0,7.0,9.1,A,1.5
3825,none,3,5.0,2.0,1.0,A,-100.0
3826,,1,25.0,17.0,9.1,A,15.0
3827,low,3,4.0,0.0,8.8,A,-16.0
3828,medium,1,2.0,0.0,8.4,A,-13.4
3829,low,3,14.0,9.0,7.2,A,-6.9
3830,low,4,8.0,6.0,9.9,C,-0.3
3831,high,3,7.0,22.0,9.5,A,15.0
3832,medium,2,9.0,10.0,1.9,A,-100.0
3833,low,2,1.0,6.0,6.2,A,-14.9
3834,medium,0,1.0,22.0,9.6,C,15.0
3835,low,1,14.0,8.0,2.3,A,-100.0
3836,none,4,7.0,1.0,9.6,C,-12.9
3837,low,3,11.0,5.0,8.7,C,-6.8
3838,low,3,18.0,26.0,2.4,A,2.0
3839,medium,2,11.0,15.0,9.3,C,15.0
3840,medium,0,2.0,6.0,8.1,A,0.0
3841,none,0,2.0,9.0,3.9,A,-17.0
3842,low,3,4.0,8.0,9.4,A,4.1
3843,high,0,14.0,8.0,4.8,C,-17.7
3844,medium,1,8.0,12.0,9.5,B,15.0
3845,high,2,18.0,20.0,3.6,C,-4.5
3846,high,3,8.0,3.0,8.7,A,-13.7
3847,low,2,4.0,5.0,5.1,A,-100.0
3848,high,1,21.0,8.0,6.8,B,-9.9
3849,high,2,15.0,1.0,6.1,D,-100.0
3850,low,2,7.0,1.0,3.6,A,-100.0
3851,none,0,9.0,13.0,4.2,A,-7.6
3852,medium,2,16.0,6.0,4.6,A,-100.0
3853,high,0,5.0,25.0,2.6,A,6.8
3854,none,3,10.0,6.0,7.1,A,-14.0
3855,low,4,12.0,34.0,6.0,A,15.0
3856,low,0,5.0,24.0,4.4,A,15.0
3857,high,3,20.0,16.0,8.5,C,11.3
3858,high,1,9.0,2.0,5.5,A,-100.0
3859,low,0,2.0,22.0,8.0,A,15.0
3860,medium,0,4.0,16.0,5.1,A,4.3
3861,low,2,16.0,23.0,2.5,A,-1.1
3862,none,1,3.0,2.0,2.7,A,-100.0
3863,high,4,24.0,6.0,8.5,A,-12.6
3864,high,0,5.0,9.0,9.7,A,12.2
3865,high,0,12.0,7.0,8.9,D,2.9
3866,medium,1,14.0,39.0,8.9,A,15.0
3867,high,2,7.0,1.0,4.1,A,-100.0
3868,low,0,11.0,7.0,8.1,A,1.6
3869,high,1,11.0,2.0,2.3,A,-100.0
3870,medium,4,2.0,18.0,3.4,A,-10.6
3871,medium,1,5.0,5.0,1.7,C,-100.0
3872,medium,0,15.0,3.0,2.7,A,-100.0
3873,high,1,9.0,4.0,8.9,B,-5.6
3874,none,1,10.0,7.0,7.0,C,-7.4
3875,high,0,4.0,32.0,9.5,C,15.0
3876,none,0,9.0,24.0,8.5,B,15.0
3877,low,1,12.0,7.0,9.4,D,6.2
3878,high,2,6.0,10.0,3.3,A,-100.0
3879,low,2,11.0,4.0,1.9,C,-100.0
3880,high,1,7.0,11.0,8.6,B,7.7
3881,low,3,1.0,23.0,2.5,A,-2.1
3882,high,0,10.0,23.0,5.8,A,15.0
3883,low,1,3.0,22.0,7.1,C,15.0
3884,low,1,13.0,4.0,5.6,A,-100.0
3885,medium,2,14.0,2.0,5.8,A,-100.0
3886,high,1,28.0,1.0,9.5,A,-10.5
3887,medium,1,7.0,5.0,7.2,A,-10.0
3888,low,1,18.0,7.0,5.9,A,-13.7
3889,low,1,5.0,3.0,9.8,A,0.7
3890,high,2,9.0,3.0,2.9,A,-100.0
3891,high,2,10.0,11.0,1.8,A,-100.0
3892,low,2,6.0,3.0,8.5,D,-9.1
3893,low,0,29.0,2.0,8.5,D,-8.5
3894,low,3,16.0,1.0,8.3,A,-17.9
3895,high,3,8.0,0.0,9.8,A,-13.9
3896,medium,2,13.0,16.0,4.1,C,-7.1
3897,low,4,7.0,28.0,9.6,C,15.0
3898,none,0,0.0,47.0,1.9,A,15.0
3899,medium,0,9.0,2.0,5.3,A,-100.0
3900,high,1,4.0,3.0,4.7,A,-100.0
3901,low,2,10.0,3.0,8.3,B,-10.6
3902,medium,1,9.0,1.0,8.6,A,-10.9
3903,medium,2,16.0,1.0,9.7,A,-8.1
3904,none,2,4.0,1.0,8.9,B,-11.5
3905,low,0,15.0,31.0,9.6,A,15.0
3906,high,3,9.0,2.0,8.9,A,-14.8
3907,medium,2,1.0,4.0,7.0,A,-15.1
3908,high,1,6.0,16.0,9.9,A,15.0
3909,medium,2,4.0,10.0,4.5,A,-16.5
3910,high,3,18.0,15.0,8.3,A,8.3
3911,high,3,3.0,9.0,5.5,A,-18.2
3912,high,0,18.0,15.0,9.0,A,15.0
3913,low,0,12.0,5.0,4.1,A,-100.0
3914,low,1,5.0,11.0,8.8,A,12.0
3915,high,2,5.0,30.0,1.8,A,7.9
3916,medium,0,5.0,5.0,3.5,A,-100.0
3917,high,1,4.0,6.0,3.3,A,-100.0
3918,high,0,7.0,4.0,1.5,A,-100.0
3919,low,1,3.0,0.0,7.7,A,-17.0
3920,high,1,9.0,2.0,9.3,C,-7.6
3921,high,0,1.0,24.0,,D,
3922,none,0,16.0,24.0,9.2,A,15.0
3923,high,2,10.0,14.0,3.3,A,-18.0
3924,low,1,21.0,5.0,6.9,A,-12.7
3925,medium,3,7.0,1.0,3.4,A,-100.0
3926,low,2,9.0,31.0,3.8,A,15.0
3927,medium,1,13.0,2.0,8.4,A,-10.3
3928,medium,2,13.0,8.0,4.6,A,-100.0
3929,low,3,19.0,2.0,6.6,A,-100.0
3930,high,3,13.0,2.0,3.3,C,-100.0
3931,high,2,6.0,1.0,4.6,A,-100.0
3932,high,1,12.0,10.0,10.0,A,12.8
3933,medium,2,3.0,29.0,5.3,A,15.0
3934,high,0,5.0,46.0,2.4,A,15.0
3935,none,2,4.0,34.0,6.9,A,15.0
3936,medium,0,11.0,13.0,8.3,B,14.9
3937,medium,0,5.0,6.0,9.5,A,7.4
3938,high,1,20.0,13.0,5.3,A,-7.6
3939,none,1,21.0,32.0,9.1,A,15.0
3940,medium,1,5.0,16.0,5.7,A,5.0
3941,low,2,1.0,0.0,9.4,A,-9.9
3942,medium,3,11.0,32.0,8.6,B,15.0
3943,none,1,2.0,4.0,3.4,A,-100.0
3944,medium,5,11.0,3.0,6.7,D,-100.0
3945,low,1,13.0,50.0,7.1,D,15.0
3946,none,2,29.0,5.0,7.2,C,-14.9
3947,medium,0,4.0,3.0,7.8,A,-8.1
3948,low,3,7.0,50.0,9.8,A,15.0
3949,low,2,3.0,8.0,1.9,C,-100.0
3950,high,0,6.0,50.0,5.0,A,15.0
3951,medium,0,4.0,2.0,8.8,A,-4.7
3952,medium,1,8.0,4.0,5.5,C,-100.0
3953,medium,1,5.0,12.0,1.9,A,-100.0
3954,high,2,7.0,3.0,8.1,A,-14.4
3955,high,2,9.0,4.0,2.7,A,-100.0
3956,high,1,17.0,5.0,7.6,A,-11.4
3957,low,1,16.0,27.0,3.6,C,15.0
3958,none,4,8.0,12.0,2.2,C,-100.0
3959,medium,2,3.0,7.0,4.3,B,-100.0
3960,medium,1,7.0,1.0,2.4,A,-100.0
3961,medium,4,7.0,7.0,5.0,A,-100.0
3962,none,1,4.0,11.0,2.6,B,-100.0
3963,none,2,2.0,11.0,8.8,B,9.2
3964,low,0,12.0,12.0,4.7,A,-6.7
3965,medium,2,5.0,50.0,3.3,C,15.0
3966,high,1,7.0,30.0,9.5,A,15.0
3967,high,0,3.0,3.0,9.5,C,-1.3
3968,low,1,25.0,27.0,8.4,A,15.0
3969,none,1,0.0,2.0,9.3,A,-4.3
3970,high,2,8.0,13.0,2.2,A,-100.0
3971,high,3,18.0,0.0,9.4,A,-17.1
3972,high,2,19.0,11.0,5.3,A,-14.2
3973,low,0,6.0,2.0,3.4,A,-100.0
3974,high,0,17.0,14.0,7.9,A,11.6
3975,low,3,18.0,32.0,8.2,C,15.0
3976,medium,2,11.0,7.0,9.9,A,6.1
3977,none,1,8.0,11.0,4.8,A,-10.9
3978,none,0,11.0,1.0,9.7,A,-2.8
3979,medium,1,3.0,4.0,7.5,A,-10.0
3980,high,0,6.0,0.0,8.2,D,-15.0
3981,high,0,9.0,5.0,1.3,A,-100.0
3982,high,2,2.0,10.0,9.0,A,5.8
3983,low,2,13.0,2.0,6.1,A,-100.0
3984,high,2,10.0,16.0,8.7,A,15.0
3985,low,3,,1.0,8.5,C,
3986,medium,0,4.0,6.0,9.3,C,6.4
3987,low,1,3.0,50.0,1.3,D,15.0
3988,medium,0,4.0,1.0,7.3,C,-15.0
3989,medium,2,14.0,8.0,2.2,A,-100.0
3990,high,3,15.0,14.0,4.5,A,-14.4
3991,none,4,8.0,1.0,2.1,C,-100.0
3992,medium,2,6.0,2.0,3.7,A,-100.0
3993,medium,2,16.0,3.0,9.5,A,-4.9
3994,medium,0,10.0,11.0,2.2,A,-100.0
3995,high,0,10.0,0.0,5.1,C,-100.0
3996,high,2,2.0,0.0,9.7,A,-11.4
3997,high,1,,8.0,7.1,C,
3998,low,0,3.0,6.0,8.2,C,0.9
3999,medium,2,10.0,13.0,6.1,A,-2.1
4000,high,1,6.0,1.0,5.5,B,-100.0
4001,high,0,15.0,12.0,3.5,A,-16.6
4002,low,0,9.0,4.0,8.5,C,-2.3
4003,medium,1,8.0,24.0,9.8,A,15.0
4004,low,0,4.0,6.0,8.6,A,3.0
4005,medium,2,40.0,3.0,4.2,A,-100.0
4006,low,0,23.0,1.0,9.2,C,-6.1
4007,medium,0,13.0,3.0,7.0,C,-13.4
4008,low,2,26.0,0.0,3.8,C,-100.0
4009,medium,0,14.0,38.0,7.0,A,15.0
4010,low,1,6.0,2.0,8.3,A,-9.8
4011,low,0,2.0,39.0,8.7,A,15.0
4012,low,1,21.0,14.0,5.6,A,-0.9
4013,low,3,17.0,7.0,9.2,A,-0.4
4014,low,0,10.0,16.0,9.1,A,15.0
4015,none,2,3.0,33.0,2.9,A,15.0
4016,high,2,11.0,10.0,3.5,A,-100.0
4017,high,1,14.0,17.0,6.5,A,8.0
4018,high,1,10.0,28.0,9.3,A,15.0
4019,none,4,6.0,7.0,6.5,A,-17.3
4020,high,0,11.0,0.0,7.3,A,-100.0
4021,high,1,2.0,1.0,6.3,A,-100.0
4022,low,3,4.0,1.0,4.1,A,-100.0
4023,medium,0,5.0,16.0,1.8,D,-13.9
4024,high,2,7.0,1.0,8.6,A,-15.8
4025,low,4,13.0,10.0,8.4,A,-0.6
4026,none,1,23.0,14.0,1.6,C,-100.0
4027,high,1,16.0,31.0,9.0,D,15.0
4028,high,2,4.0,2.0,9.4,A,-9.0
4029,medium,3,5.0,3.0,5.5,A,-100.0
4030,medium,1,13.0,11.0,9.4,A,14.1
4031,high,0,4.0,0.0,2.6,A,-100.0
4032,medium,2,1.0,11.0,2.1,B,-100.0
4033,high,1,9.0,6.0,9.5,A,1.9
4034,low,3,14.0,19.0,9.6,A,15.0
4035,high,2,9.0,16.0,9.0,A,15.0
4036,low,1,10.0,3.0,5.8,D,-100.0
4037,low,1,9.0,50.0,2.4,A,15.0
4038,low,1,6.0,5.0,2.8,A,-100.0
4039,none,1,6.0,12.0,8.8,A,13.4
4040,high,2,3.0,0.0,8.4,A,-18.6
4041,high,1,6.0,18.0,8.9,A,15.0
4042,low,1,17.0,5.0,3.6,A,-100.0
4043,high,2,5.0,20.0,9.0,A,15.0
4044,high,2,9.0,19.0,2.3,A,-12.9
4045,medium,2,7.0,3.0,6.0,A,-100.0
4046,low,1,10.0,0.0,9.9,A,-5.6
4047,low,3,19.0,33.0,4.0,A,15.0
4048,low,1,8.0,2.0,8.9,A,-6.7
4049,none,3,5.0,45.0,2.8,D,15.0
4050,high,4,4.0,35.0,1.6,A,12.4
4051,high,4,12.0,18.0,7.2,A,6.7
4052,medium,3,2.0,1.0,7.4,A,-100.0
4053,high,2,2.0,4.0,9.4,A,-4.6
4054,low,1,9.0,10.0,8.2,A,6.2
4055,,1,9.0,15.0,8.2,A,15.0
4056,medium,2,14.0,4.0,2.7,A,-100.0
4057,high,1,16.0,1.0,8.3,A,-15.9
4058,medium,0,16.0,14.0,4.9,B,-2.1
4059,low,2,23.0,36.0,2.7,B,15.0
4060,medium,0,20.0,11.0,8.6,A,11.5
4061,,0,23.0,10.0,4.4,A,-14.2
4062,low,2,30.0,7.0,8.5,A,-3.1
4063,low,1,15.0,2.0,9.6,C,-3.5
4064,none,2,23.0,4.0,9.6,A,-3.2
4065,medium,1,4.0,9.0,7.8,A,2.0
4066,medium,0,6.0,5.0,9.2,A,3.6
4067,high,1,3.0,16.0,7.2,A,10.9
4068,low,1,19.0,6.0,1.4,C,-100.0
4069,low,0,6.0,17.0,7.4,A,15.0
4070,low,0,10.0,0.0,5.1,A,-100.0
4071,medium,1,3.0,13.0,8.8,A,15.0
4072,medium,2,6.0,5.0,9.6,A,0.8
4073,medium,0,11.0,20.0,4.1,C,6.5
4074,medium,5,0.0,5.0,6.4,A,-100.0
4075,medium,2,4.0,2.0,5.0,A,-100.0
4076,high,1,15.0,2.0,1.6,A,-100.0
4077,low,2,12.0,4.0,8.2,B,-9.2
4078,high,0,4.0,3.0,3.5,C,-100.0
4079,medium,1,5.0,8.0,2.6,C,-100.0
4080,low,2,11.0,39.0,2.8,A,15.0
4081,medium,1,3.0,11.0,8.1,A,8.0
4082,medium,3,2.0,6.0,8.5,A,-5.3
4083,none,2,14.0,37.0,9.9,A,15.0
4084,high,1,21.0,7.0,5.8,A,-17.5
4085,low,2,14.0,5.0,3.3,D,-100.0
4086,none,4,2.0,6.0,6.4,C,-19.5
4087,high,7,16.0,13.0,6.9,C,-13.4
4088,high,3,6.0,14.0,3.4,A,-19.5
4089,none,3,3.0,10.0,1.3,A,-100.0
4090,none,1,4.0,6.0,8.8,A,1.0
4091,high,3,6.0,46.0,5.1,D,15.0
4092,none,2,4.0,9.0,7.5,A,-2.4
4093,low,2,14.0,5.0,1.1,A,-100.0
4094,medium,0,3.0,21.0,3.7,C,7.2
4095,high,1,4.0,10.0,2.6,A,-100.0
4096,high,3,25.0,16.0,8.5,A,10.8
4097,high,1,5.0,31.0,6.9,A,15.0
4098,none,0,5.0,13.0,8.4,A,15.0
4099,low,0,6.0,4.0,8.5,A,-2.0
4100,medium,0,4.0,23.0,8.9,A,15.0
4101,medium,2,10.0,50.0,2.1,A,15.0
4102,low,1,3.0,34.0,9.0,A,15.0
4103,low,0,12.0,14.0,1.9,A,-17.9
4104,none,0,12.0,14.0,3.2,C,-11.3
4105,low,0,9.0,21.0,8.6,A,15.0
4106,none,3,15.0,2.0,2.8,A,-100.0
4107,medium,1,7.0,6.0,7.1,D,-8.4
4108,low,2,6.0,4.0,4.3,A,-100.0
4109,medium,2,5.0,0.0,7.0,D,-100.0
4110,medium,3,8.0,6.0,3.6,A,-100.0
4111,low,1,3.0,1.0,9.2,A,-6.6
4112,,4,2.0,0.0,3.2,D,-100.0
4113,high,0,15.0,0.0,2.3,C,-100.0
4114,low,2,4.0,16.0,3.4,A,-9.6
4115,low,4,9.0,0.0,8.1,C,-100.0
4116,high,3,10.0,7.0,3.7,A,-100.0
4117,medium,1,8.0,26.0,6.1,A,15.0
4118,low,0,15.0,7.0,1.0,A,-100.0
4119,medium,0,14.0,2.0,1.6,D,-100.0
4120,low,3,8.0,6.0,9.2,C,-1.6
4121,low,3,2.0,2.0,9.0,A,-10.5
4122,medium,3,7.0,27.0,8.6,A,15.0
4123,high,2,10.0,3.0,5.3,D,-100.0
4124,medium,0,14.0,5.0,9.5,A,4.4
4125,medium,0,6.0,17.0,1.5,A,-13.5
4126,low,1,13.0,1.0,9.4,B,-6.5
4127,high,0,9.0,5.0,9.3,C,1.2
4128,medium,0,11.0,10.0,5.4,A,-7.3
4129,high,1,9.0,5.0,3.6,A,-100.0
4130,low,0,17.0,6.0,8.2,A,-0.5
4131,high,1,10.0,1.0,9.3,A,-9.8
4132,none,1,6.0,14.0,8.6,A,15.0
4133,none,1,21.0,16.0,1.5,A,-19.9
4134,high,1,12.0,38.0,6.0,A,15.0
4135,none,4,8.0,13.0,8.8,A,7.8
4136,,0,9.0,32.0,9.1,A,15.0
4137,low,0,32.0,4.0,3.3,A,-100.0
4138,high,1,25.0,1.0,4.9,A,-100.0
4139,medium,1,14.0,3.0,8.5,A,-7.8
4140,low,3,10.0,20.0,8.2,A,15.0
4141,medium,1,12.0,7.0,8.6,A,1.4
4142,high,3,6.0,17.0,3.0,A,-15.4
4143,low,2,2.0,9.0,1.8,A,-100.0
4144,high,3,7.0,11.0,9.6,A,8.2
4145,low,3,17.0,16.0,8.6,C,15.0
4146,high,5,1.0,12.0,3.8,A,-100.0
4147,high,3,6.0,6.0,2.7,A,-100.0
4148,high,2,5.0,2.0,9.4,A,-9.1
4149,medium,0,8.0,10.0,3.7,C,-16.4
4150,high,0,35.0,20.0,8.1,C,15.0
4151,medium,3,5.0,6.0,4.6,D,-100.0
4152,medium,0,7.0,3.0,9.0,A,-1.8
4153,none,1,2.0,15.0,,A,
4154,high,0,13.0,12.0,4.5,A,-10.9
4155,none,2,8.0,34.0,8.9,A,15.0
4156,medium,0,10.0,0.0,5.7,A,-100.0
4157,high,2,14.0,14.0,10.0,A,15.0
4158,low,4,8.0,14.0,9.6,A,14.9
4159,medium,3,5.0,3.0,3.8,A,-100.0
4160,low,1,4.0,23.0,8.8,B,15.0
4161,low,0,2.0,7.0,9.7,A,11.3
4162,medium,2,5.0,13.0,5.9,C,-2.6
4163,medium,0,6.0,2.0,2.9,A,-100.0
4164,medium,2,12.0,21.0,8.7,A,15.0
4165,high,1,4.0,0.0,9.0,D,-12.9
4166,high,2,4.0,1.0,1.8,A,-100.0
4167,low,0,11.0,10.0,8.6,C,10.7
4168,medium,0,13.0,35.0,3.6,A,15.0
4169,high,2,1.0,29.0,4.2,A,15.0
4170,high,1,11.0,37.0,9.5,A,15.0
4171,medium,1,4.0,2.0,8.1,A,-11.1
4172,low,0,33.0,1.0,6.3,A,-100.0
4173,high,0,9.0,26.0,2.0,A,5.2
4174,none,2,5.0,16.0,3.8,A,-8.1
4175,medium,4,5.0,2.0,6.6,A,-100.0
4176,low,0,11.0,6.0,7.1,A,-6.0
4177,high,1,16.0,10.0,9.5,A,9.6
4178,medium,1,2.0,26.0,3.4,A,13.7
4179,low,1,2.0,7.0,6.2,B,-10.4
4180,none,2,2.0,9.0,1.6,C,-100.0
4181,medium,2,14.0,43.0,8.9,A,15.0
4182,low,0,3.0,1.0,3.9,A,-100.0
4183,,1,30.0,18.0,1.3,A,-17.7
4184,medium,1,12.0,18.0,1.5,C,-14.6
4185,high,0,4.0,4.0,9.0,C,-2.0
4186,high,1,6.0,3.0,9.1,C,-6.3
4187,,0,11.0,7.0,10.0,A,11.5
4188,high,0,4.0,13.0,3.1,D,-15.6
4189,none,1,1.0,34.0,9.4,A,15.0
4190,low,3,5.0,15.0,8.6,A,14.3
4191,low,0,12.0,36.0,2.5,B,15.0
4192,none,2,21.0,47.0,5.4,A,15.0
4193,low,1,12.0,4.0,2.6,A,-100.0
4194,none,4,12.0,6.0,2.7,A,-100.0
4195,low,1,4.0,23.0,8.2,A,15.0
4196,medium,2,6.0,3.0,9.0,D,-6.7
4197,none,0,7.0,0.0,5.7,A,-100.0
4198,high,1,6.0,6.0,5.2,B,-100.0
4199,low,2,10.0,12.0,9.5,C,14.9
4200,high,0,2.0,19.0,1.4,A,-12.1
4201,low,0,8.0,3.0,9.3,A,0.1
4202,low,1,1.0,12.0,8.5,A,12.8
4203,low,0,5.0,13.0,7.7,B,12.6
4204,low,3,5.0,18.0,1.4,A,-19.0
4205,high,1,5.0,3.0,8.6,A,-8.9
4206,high,2,8.0,31.0,5.6,A,15.0
4207,low,1,10.0,4.0,8.3,D,-6.0
4208,none,3,12.0,10.0,9.5,A,7.4
4209,none,1,6.0,13.0,10.0,A,15.0
4210,high,1,3.0,9.0,9.0,A,6.1
4211,high,2,10.0,5.0,2.8,A,-100.0
4212,medium,1,6.0,8.0,2.0,C,-100.0
4213,medium,2,16.0,13.0,3.3,A,-18.0
4214,high,1,3.0,2.0,8.7,C,-10.3
4215,none,1,5.0,1.0,7.8,A,-15.1
4216,medium,0,2.0,1.0,4.7,C,-100.0
4217,high,3,23.0,19.0,7.6,A,12.4
4218,high,2,21.0,0.0,1.3,A,-100.0
4219,,0,3.0,9.0,3.4,A,-19.8
4220,low,0,8.0,8.0,9.2,B,10.1
4221,low,1,1.0,10.0,4.9,A,-11.2
4222,none,3,10.0,2.0,3.5,A,-100.0
4223,medium,2,2.0,0.0,8.8,C,-13.7
4224,high,2,13.0,15.0,4.0,C,-12.3
4225,low,1,14.0,31.0,5.6,B,15.0
4226,low,0,11.0,37.0,8.3,B,15.0
4227,low,0,15.0,25.0,7.9,C,15.0
4228,high,1,8.0,3.0,2.6,A,-100.0
4229,none,2,7.0,23.0,9.2,A,15.0
4230,high,2,4.0,2.0,9.9,A,-6.3
4231,low,1,4.0,20.0,9.9,A,15.0
4232,none,1,17.0,9.0,7.2,B,-2.8
4233,low,1,1.0,21.0,8.7,A,15.0
4234,high,1,6.0,10.0,8.7,A,6.2
4235,high,0,8.0,14.0,7.9,A,12.5
4236,high,1,3.0,30.0,1.8,A,10.6
4237,low,2,34.0,10.0,8.9,C,5.0
4238,none,2,4.0,8.0,8.1,A,-1.2
4239,high,0,16.0,3.0,7.6,C,-13.0
4240,medium,2,5.0,4.0,4.4,D,-100.0
4241,low,1,8.0,20.0,1.3,A,-10.7
4242,,0,11.0,15.0,2.6,C,-12.4
4243,low,1,5.0,8.0,9.0,A,6.8
4244,high,0,9.0,50.0,8.8,C,15.0
4245,low,2,14.0,4.0,9.7,A,-1.2
4246,high,1,14.0,28.0,9.8,A,15.0
4247,medium,1,11.0,1.0,8.0,A,-14.4
4248,high,1,2.0,7.0,5.9,A,-15.1
4249,high,2,10.0,2.0,9.9,A,-6.9
4250,none,0,3.0,6.0,8.7,B,3.0
4251,none,0,6.0,9.0,9.8,C,15.0
4252,none,0,4.0,20.0,2.3,A,-2.9
4253,high,2,25.0,7.0,1.8,A,-100.0
4254,medium,3,10.0,13.0,9.5,A,14.2
4255,high,3,34.0,6.0,8.6,D,-10.5
4256,none,0,2.0,10.0,7.1,A,2.7
4257,high,3,9.0,2.0,8.2,B,-18.6
4258,medium,1,21.0,3.0,9.1,A,-5.1
4259,none,0,3.0,40.0,8.7,A,15.0
4260,high,3,32.0,5.0,8.9,A,-10.8
4261,high,2,,9.0,3.6,C,
4262,high,2,8.0,2.0,5.8,A,-100.0
4263,low,0,18.0,1.0,2.4,A,-100.0
4264,low,3,5.0,33.0,2.7,A,15.0
4265,none,0,2.0,1.0,3.2,A,-100.0
4266,none,1,4.0,1.0,2.4,A,-100.0
4267,medium,2,5.0,1.0,8.7,A,-12.5
4268,medium,1,12.0,2.0,1.6,A,-100.0
4269,medium,0,9.0,15.0,1.1,A,-100.0
4270,high,4,8.0,8.0,7.9,B,-10.1
4271,low,1,17.0,19.0,6.3,A,13.8
4272,high,1,18.0,0.0,6.1,C,-100.0
4273,high,2,3.0,35.0,7.3,A,15.0
4274,high,2,23.0,11.0,1.4,A,-100.0
4275,high,2,13.0,33.0,2.4,A,15.0
4276,high,2,21.0,3.0,2.6,B,-100.0
4277,high,2,20.0,11.0,3.3,A,-100.0
4278,none,1,0.0,1.0,8.9,A,-8.6
4279,low,2,3.0,35.0,8.7,A,15.0
4280,medium,1,5.0,32.0,7.3,A,15.0
4281,low,4,3.0,10.0,1.9,A,-100.0
4282,high,0,26.0,9.0,1.1,B,-100.0
4283,high,3,4.0,1.0,4.0,C,-100.0
4284,medium,1,9.0,19.0,2.1,A,-8.8
4285,high,0,8.0,5.0,8.8,A,-1.4
4286,low,1,12.0,17.0,9.1,C,15.0
4287,high,4,6.0,1.0,4.6,A,-100.0
4288,none,2,9.0,50.0,3.9,A,15.0
4289,low,0,5.0,2.0,4.8,A,-100.0
4290,high,0,19.0,5.0,9.8,A,3.0
4291,none,1,6.0,3.0,9.7,A,-0.6
4292,medium,0,8.0,12.0,9.9,C,15.0
4293,high,1,5.0,50.0,8.5,A,15.0
4294,high,2,18.0,2.0,9.1,C,-12.1
4295,none,2,7.0,15.0,9.8,A,15.0
4296,low,3,7.0,10.0,9.0,A,5.8
4297,none,3,6.0,22.0,2.1,A,-7.5
4298,none,2,4.0,1.0,9.2,A,-9.8
4299,none,0,7.0,11.0,9.3,C,15.0
4300,medium,0,20.0,7.0,6.5,A,-8.4
4301,low,1,11.0,6.0,5.3,A,-18.4
4302,low,2,17.0,15.0,8.3,B,13.9
4303,low,0,6.0,3.0,8.3,A,-5.2
4304,low,4,9.0,12.0,9.1,C,7.8
4305,medium,1,12.0,9.0,8.8,A,6.7
4306,low,1,5.0,5.0,3.0,B,-100.0
4307,high,1,2.0,2.0,2.5,A,-100.0
4308,medium,2,3.0,2.0,1.6,B,-100.0
4309,low,0,23.0,13.0,1.7,A,-100.0
4310,low,1,3.0,3.0,9.1,A,-3.0
4311,none,1,10.0,23.0,1.4,A,-4.6
4312,low,2,12.0,1.0,6.1,A,-100.0
4313,high,1,2.0,23.0,9.0,A,15.0
4314,high,3,1.0,2.0,2.3,A,-100.0
4315,none,1,7.0,9.0,8.4,C,4.8
4316,low,1,9.0,9.0,2.2,A,-100.0
4317,low,5,6.0,10.0,8.3,A,-3.0
4318,medium,2,5.0,16.0,8.4,A,15.0
4319,high,3,10.0,23.0,4.2,A,3.4
4320,high,1,8.0,5.0,1.9,A,-100.0
4321,high,1,5.0,14.0,7.9,A,10.3
4322,low,1,18.0,3.0,7.2,D,-14.9
4323,low,0,12.0,17.0,3.4,A,-3.3
4324,low,3,1.0,4.0,6.3,B,-100.0
4325,high,1,7.0,24.0,6.4,B,15.0
4326,high,0,7.0,6.0,3.4,A,-100.0
4327,medium,0,7.0,4.0,1.7,A,-100.0
4328,none,2,5.0,12.0,3.7,A,-17.1
4329,low,0,2.0,1.0,6.6,A,-18.3
4330,medium,1,14.0,8.0,6.9,B,-6.0
4331,low,0,9.0,8.0,1.9,A,-100.0
4332,medium,0,5.0,8.0,1.6,A,-100.0
4333,low,3,10.0,12.0,7.3,A,0.3
4334,high,2,4.0,26.0,8.5,A,15.0
4335,low,2,23.0,7.0,2.5,B,-100.0
4336,low,1,14.0,25.0,8.6,A,15.0
4337,high,0,13.0,8.0,9.8,B,9.9
4338,none,0,16.0,12.0,1.1,C,-100.0
4339,none,0,10.0,1.0,5.0,B,-100.0
4340,none,0,12.0,23.0,1.2,A,-3.4
4341,low,1,1.0,17.0,,C,
4342,,3,4.0,43.0,3.2,A,15.0
4343,high,3,4.0,25.0,2.2,C,-2.8
4344,low,0,5.0,19.0,9.0,A,15.0
4345,high,2,5.0,50.0,8.7,A,15.0
4346,medium,2,7.0,2.0,9.0,C,-8.9
4347,none,0,12.0,1.0,3.0,A,-100.0
4348,low,0,8.0,6.0,6.4,A,-9.5
4349,high,0,5.0,21.0,2.9,A,0.0
4350,medium,2,10.0,5.0,1.9,A,-100.0
4351,low,2,12.0,16.0,2.9,A,-13.2
4352,high,1,6.0,4.0,1.4,A,-100.0
4353,high,3,4.0,5.0,2.0,A,-100.0
4354,low,2,13.0,7.0,3.3,A,-100.0
4355,none,2,5.0,3.0,9.8,C,-2.4
4356,medium,2,,25.0,6.2,C,
4357,high,2,4.0,37.0,1.1,A,15.0
4358,high,2,6.0,8.0,9.2,A,2.3
4359,low,1,6.0,2.0,3.6,A,-100.0
4360,high,2,16.0,2.0,7.9,A,-18.5
4361,low,1,3.0,2.0,7.2,D,-15.5
4362,high,0,3.0,13.0,8.9,B,15.0
4363,low,4,11.0,7.0,5.7,A,-100.0
4364,low,2,4.0,31.0,8.4,A,15.0
4365,high,1,14.0,6.0,9.8,C,3.1
4366,none,0,7.0,27.0,9.7,B,15.0
4367,low,1,8.0,5.0,4.2,A,-100.0
4368,high,0,24.0,7.0,9.3,A,3.9
4369,high,2,1.0,19.0,1.4,D,-17.0
4370,low,0,29.0,45.0,3.2,A,15.0
4371,low,1,12.0,33.0,4.0,A,15.0
4372,medium,6,7.0,1.0,1.7,A,-100.0
4373,high,0,9.0,11.0,7.0,B,1.2
4374,medium,4,15.0,9.0,3.1,A,-100.0
4375,low,0,14.0,13.0,9.7,A,15.0
4376,high,3,9.0,18.0,2.2,C,-18.0
4377,low,0,15.0,13.0,1.8,B,-100.0
4378,low,2,24.0,18.0,8.0,A,15.0
4379,low,2,4.0,26.0,2.3,A,5.3
4380,medium,1,7.0,0.0,1.4,A,-100.0
4381,low,2,8.0,7.0,8.8,A,0.8
4382,medium,0,10.0,13.0,4.0,A,-8.6
4383,high,1,3.0,9.0,2.4,A,-100.0
4384,high,3,27.0,0.0,9.3,C,-18.6
4385,medium,0,5.0,2.0,6.2,A,-19.1
4386,high,2,11.0,14.0,8.7,A,11.6
4387,low,4,11.0,2.0,10.0,A,-8.4
4388,low,3,20.0,3.0,2.2,A,-100.0
4389,low,1,9.0,15.0,7.0,A,10.1
4390,high,0,16.0,1.0,1.6,A,-100.0
4391,medium,4,8.0,0.0,5.8,A,-100.0
4392,medium,3,3.0,8.0,8.1,D,-3.3
4393,high,1,1.0,2.0,2.7,A,-100.0
4394,none,4,6.0,10.0,8.8,B,1.7
4395,low,1,0.0,24.0,5.4,A,15.0
4396,low,3,7.0,26.0,8.2,C,15.0
4397,low,4,2.0,20.0,3.0,C,-8.2
4398,medium,0,2.0,50.0,6.6,B,15.0
4399,low,2,16.0,11.0,1.7,A,-100.0
4400,low,4,24.0,19.0,8.1,A,15.0
4401,low,2,14.0,25.0,2.4,A,2.8
4402,medium,1,21.0,2.0,6.1,A,-100.0
4403,medium,1,6.0,7.0,8.8,A,3.1
4404,,2,8.0,50.0,6.9,A,15.0
4405,high,0,8.0,16.0,8.1,A,15.0
4406,medium,4,4.0,12.0,2.5,A,-100.0
4407,medium,3,24.0,19.0,8.5,C,15.0
4408,low,3,6.0,2.0,8.2,B,-15.3
4409,medium,2,8.0,3.0,9.1,A,-6.4
4410,high,2,12.0,12.0,8.9,A,8.4
4411,high,4,11.0,13.0,7.4,A,-2.6
4412,low,2,6.0,20.0,8.9,C,15.0
4413,,2,12.0,15.0,6.8,A,5.6
4414,high,2,12.0,10.0,9.1,A,5.3
4415,high,0,7.0,3.0,1.6,A,-100.0
4416,high,1,12.0,4.0,4.6,A,-100.0
4417,high,3,16.0,9.0,8.2,C,-4.6
4418,low,2,18.0,9.0,9.9,C,10.0
4419,medium,1,16.0,50.0,9.7,A,15.0
4420,low,1,8.0,10.0,1.1,A,-100.0
4421,none,2,11.0,9.0,2.7,A,-100.0
4422,high,2,11.0,8.0,9.9,A,5.6
4423,medium,0,4.0,3.0,9.3,A,0.1
4424,high,2,1.0,18.0,8.5,D,15.0
4425,medium,3,7.0,3.0,5.7,A,-100.0
4426,high,4,7.0,3.0,9.1,A,-13.9
4427,none,2,8.0,15.0,2.2,C,-19.3
4428,low,4,7.0,11.0,9.9,A,10.3
4429,high,2,20.0,6.0,9.8,B,-0.0
4430,medium,4,18.0,25.0,8.4,C,15.0
4431,low,3,6.0,3.0,1.1,B,-100.0
4432,low,1,4.0,15.0,6.1,B,5.6
4433,low,3,9.0,9.0,3.4,A,-100.0
4434,high,3,8.0,7.0,6.4,A,-17.9
4435,low,0,40.0,6.0,4.3,A,-100.0
4436,medium,1,4.0,50.0,9.6,A,15.0
4437,high,0,20.0,46.0,1.7,C,15.0
4438,low,1,4.0,23.0,1.9,A,-0.7
4439,high,2,4.0,10.0,4.4,B,-19.7
4440,high,0,4.0,28.0,6.6,C,15.0
4441,high,1,20.0,12.0,5.9,A,-6.4
4442,medium,3,8.0,14.0,2.7,A,-100.0
4443,low,2,10.0,7.0,8.8,A,0.6
4444,high,2,7.0,2.0,8.2,A,-15.9
4445,medium,1,1.0,16.0,2.2,A,-13.8
4446,high,1,2.0,5.0,6.1,D,-18.2
4447,low,0,14.0,36.0,7.0,A,15.0
4448,medium,0,8.0,2.0,9.4,C,-1.8
4449,high,0,4.0,1.0,8.9,C,-8.9
4450,low,3,8.0,2.0,8.3,A,-15.0
4451,high,1,6.0,1.0,5.6,C,-100.0
4452,low,2,18.0,3.0,2.4,A,-100.0
4453,low,1,15.0,20.0,5.3,A,10.6
4454,low,1,18.0,4.0,1.4,A,-100.0
4455,high,0,2.0,19.0,3.7,A,0.5
4456,medium,0,11.0,20.0,3.3,A,2.1
4457,low,1,0.0,12.0,3.6,A,-14.0
4458,high,1,4.0,35.0,3.5,A,15.0
4459,high,4,14.0,20.0,3.3,A,-10.8
4460,none,1,8.0,15.0,8.3,C,15.0
4461,high,4,,16.0,7.8,C,
4462,high,1,5.0,1.0,2.5,A,-100.0
4463,high,1,2.0,13.0,7.2,A,4.7
4464,high,1,16.0,6.0,9.2,A,-0.4
4465,low,0,3.0,7.0,8.7,C,5.7
4466,medium,1,3.0,9.0,9.6,A,12.0
4467,low,3,11.0,0.0,5.5,C,-100.0
4468,high,2,,1.0,7.8,C,
4469,medium,0,8.0,11.0,8.8,B,13.8
4470,low,0,16.0,6.0,6.0,C,-12.5
4471,medium,1,8.0,38.0,8.8,A,15.0
4472,high,1,1.0,8.0,9.3,A,5.8
4473,high,0,1.0,13.0,2.4,A,-19.1
4474,high,1,1.0,5.0,3.4,A,-100.0
4475,high,3,8.0,18.0,7.9,A,13.4
4476,none,0,19.0,3.0,6.6,C,-16.4
4477,none,4,7.0,3.0,5.2,B,-100.0
4478,high,3,8.0,6.0,2.1,C,-100.0
4479,low,3,10.0,8.0,7.9,A,-4.8
4480,low,2,3.0,2.0,8.2,A,-12.5
4481,medium,2,18.0,2.0,4.3,A,-100.0
4482,low,0,25.0,12.0,8.2,A,11.3
4483,low,1,12.0,18.0,1.8,C,-12.5
4484,medium,0,15.0,12.0,9.7,B,15.0
4485,high,1,13.0,33.0,8.8,A,15.0
4486,medium,1,7.0,10.0,3.3,A,-100.0
4487,low,2,9.0,4.0,2.9,A,-100.0
4488,medium,0,6.0,3.0,6.0,A,-18.2
4489,medium,1,12.0,11.0,7.2,A,2.1
4490,high,2,4.0,4.0,8.8,A,-8.1
4491,medium,1,11.0,28.0,2.6,B,12.6
4492,low,0,3.0,12.0,9.0,A,15.0
4493,low,1,2.0,1.0,6.8,A,-19.7
4494,high,6,12.0,1.0,5.1,A,-100.0
4495,high,3,24.0,3.0,2.6,C,-100.0
4496,none,2,16.0,1.0,2.5,C,-100.0
4497,low,1,1.0,6.0,4.3,A,-100.0
4498,medium,2,10.0,25.0,5.5,A,15.0
4499,high,3,5.0,2.0,1.4,A,-100.0
4500,low,4,3.0,16.0,8.4,B,13.0
4501,medium,1,7.0,2.0,3.3,C,-100.0
4502,low,1,12.0,28.0,,D,
4503,low,1,12.0,2.0,3.2,C,-100.0
4504,medium,1,7.0,12.0,6.3,A,-0.3
4505,medium,1,15.0,1.0,8.4,A,-12.6
4506,medium,4,17.0,5.0,8.0,C,-14.1
4507,low,0,23.0,9.0,5.7,C,-8.6
4508,none,3,5.0,18.0,5.7,C,4.0
4509,low,2,10.0,29.0,6.5,A,15.0
4510,low,3,,21.0,8.6,C,
4511,high,2,7.0,7.0,8.4,A,-4.3
4512,medium,1,6.0,2.0,5.8,A,-100.0
4513,low,4,10.0,2.0,5.2,B,-100.0
4514,high,1,9.0,2.0,8.0,A,-14.7
4515,high,1,2.0,5.0,8.2,A,-6.6
4516,high,0,12.0,16.0,4.4,D,-2.9
4517,low,0,8.0,11.0,6.7,C,2.6
4518,low,0,11.0,5.0,2.9,B,-100.0
4519,low,2,2.0,7.0,6.0,A,-14.0
4520,medium,2,5.0,15.0,9.1,C,15.0
4521,low,2,6.0,28.0,9.5,C,15.0
4522,low,1,4.0,24.0,9.1,A,15.0
4523,low,0,19.0,3.0,1.6,A,-100.0
4524,low,2,11.0,6.0,9.1,A,0.0
4525,medium,2,3.0,0.0,5.8,A,-100.0
4526,low,0,3.0,11.0,1.0,A,-100.0
4527,low,1,22.0,4.0,7.6,A,-11.0
4528,high,3,9.0,22.0,9.1,C,15.0
4529,none,1,5.0,7.0,8.8,A,3.0
4530,low,1,26.0,4.0,9.9,B,1.2
4531,medium,2,19.0,1.0,9.0,A,-12.2
4532,none,1,8.0,1.0,9.3,D,-7.2
4533,low,0,21.0,5.0,9.0,A,1.4
4534,low,1,,5.0,5.4,C,
4535,medium,2,5.0,16.0,8.1,A,15.0
4536,medium,1,1.0,1.0,5.2,D,-100.0
4537,low,0,17.0,9.0,9.7,C,14.0
4538,high,3,,19.0,8.3,C,
4539,high,1,12.0,2.0,4.9,A,-100.0
4540,high,2,3.0,20.0,6.9,A,15.0
4541,medium,1,16.0,38.0,9.4,A,15.0
4542,none,1,14.0,3.0,9.7,A,-1.4
4543,low,0,4.0,11.0,1.1,A,-100.0
4544,low,2,16.0,2.0,2.9,C,-100.0
4545,low,1,10.0,3.0,9.1,C,-3.7
4546,low,2,9.0,1.0,3.2,A,-100.0
4547,medium,1,3.0,8.0,7.0,C,-4.4
4548,high,3,20.0,1.0,1.7,A,-100.0
4549,none,1,11.0,16.0,3.9,A,-5.7
4550,none,2,1.0,10.0,3.9,A,-19.8
4551,low,3,20.0,7.0,9.4,C,0.4
4552,,1,4.0,18.0,8.2,A,15.0
4553,low,2,23.0,31.0,7.1,A,15.0
4554,low,1,5.0,9.0,9.1,A,9.4
4555,low,1,3.0,6.0,7.9,A,-3.3
4556,high,1,3.0,0.0,2.1,A,-100.0
4557,medium,1,6.0,11.0,3.8,A,-16.0
4558,high,2,5.0,3.0,9.7,A,-5.4
4559,high,1,28.0,23.0,2.7,A,-1.7
4560,medium,5,,4.0,2.3,C,
4561,low,0,1.0,30.0,3.4,D,15.0
4562,high,2,23.0,10.0,2.1,A,-100.0
4563,medium,0,18.0,4.0,2.9,B,-100.0
4564,high,2,8.0,6.0,1.8,A,-100.0
4565,none,0,7.0,5.0,9.3,C,3.8
4566,high,1,15.0,6.0,8.0,B,-6.9
4567,medium,4,14.0,4.0,4.4,A,-100.0
4568,low,3,17.0,4.0,3.8,A,-100.0
4569,high,1,2.0,14.0,1.3,A,-100.0
4570,medium,2,6.0,3.0,1.5,A,-100.0
4571,none,2,3.0,6.0,4.3,A,-100.0
4572,high,1,7.0,2.0,9.1,B,-8.5
4573,low,1,17.0,50.0,4.8,A,15.0
4574,high,2,14.0,1.0,9.5,D,-11.6
4575,high,0,11.0,4.0,3.0,A,-100.0
4576,medium,1,16.0,7.0,8.6,A,1.0
4577,,0,2.0,13.0,9.4,C,15.0
4578,none,1,7.0,1.0,8.1,A,-13.7
4579,none,1,3.0,3.0,8.7,A,-5.8
4580,high,0,2.0,1.0,8.3,A,-12.0
4581,medium,0,3.0,50.0,9.3,A,15.0
4582,none,1,8.0,6.0,9.0,A,1.7
4583,high,0,4.0,4.0,9.0,A,-2.0
4584,none,4,29.0,10.0,8.5,A,-2.3
4585,low,0,12.0,13.0,6.2,C,3.7
4586,high,0,14.0,1.0,3.6,A,-100.0
4587,low,1,8.0,14.0,9.3,A,15.0
4588,medium,2,2.0,8.0,3.5,A,-100.0
4589,none,3,5.0,15.0,9.3,D,15.0
4590,high,0,11.0,30.0,6.3,C,15.0
4591,none,1,10.0,12.0,2.4,A,-100.0
4592,high,2,12.0,7.0,8.8,D,-2.6
4593,medium,3,11.0,34.0,8.1,A,15.0
4594,high,0,8.0,3.0,9.8,C,-0.1
4595,none,1,10.0,1.0,5.4,A,-100.0
4596,high,1,7.0,1.0,2.1,C,-100.0
4597,high,0,11.0,20.0,8.9,C,15.0
4598,none,1,1.0,4.0,8.8,A,-2.9
4599,low,6,6.0,12.0,7.4,A,-6.2
4600,low,2,9.0,14.0,2.1,A,-100.0
4601,medium,0,8.0,23.0,9.0,A,15.0
4602,medium,1,16.0,3.0,2.1,A,-100.0
4603,medium,0,7.0,4.0,2.8,A,-100.0
4604,medium,3,18.0,36.0,6.2,A,15.0
4605,none,3,17.0,28.0,8.1,A,15.0
4606,low,3,7.0,3.0,1.7,A,-100.0
4607,high,0,4.0,31.0,1.4,C,12.9
4608,low,1,5.0,5.0,2.7,A,-100.0
4609,low,1,2.0,9.0,7.0,A,-1.8
4610,high,0,9.0,32.0,9.3,A,15.0
4611,low,1,3.0,6.0,7.6,A,-4.9
4612,low,1,5.0,10.0,9.0,A,11.0
4613,high,3,19.0,4.0,4.4,A,-100.0
4614,medium,4,9.0,50.0,9.6,B,15.0
4615,none,4,8.0,2.0,4.9,C,-100.0
4616,medium,0,2.0,2.0,1.8,A,-100.0
4617,medium,1,5.0,0.0,8.3,D,-14.2
4618,,4,6.0,5.0,3.7,A,-100.0
4619,high,1,13.0,0.0,2.7,A,-100.0
4620,high,1,4.0,7.0,2.8,A,-100.0
4621,medium,2,8.0,6.0,3.1,C,-100.0
4622,medium,2,11.0,17.0,7.1,A,11.7
4623,high,2,13.0,9.0,8.5,A,-0.2
4624,high,0,7.0,29.0,9.3,B,15.0
4625,high,1,12.0,10.0,8.8,C,6.2
4626,none,1,4.0,19.0,5.8,A,11.8
4627,low,0,14.0,11.0,8.3,A,10.8
4628,low,3,2.0,7.0,1.1,A,-100.0
4629,high,1,7.0,1.0,8.5,A,-13.9
4630,low,0,9.0,27.0,9.7,A,15.0
4631,high,1,7.0,29.0,8.7,C,15.0
4632,high,0,8.0,6.0,1.0,C,-100.0
4633,high,2,2.0,13.0,4.9,C,-10.5
4634,none,2,1.0,8.0,9.6,C,7.4
4635,low,3,4.0,1.0,7.4,A,-100.0
4636,none,2,8.0,10.0,8.8,D,6.5
4637,none,2,15.0,7.0,2.2,A,-100.0
4638,low,0,5.0,8.0,2.2,A,-100.0
4639,medium,3,3.0,18.0,9.3,A,15.0
4640,medium,2,22.0,3.0,5.3,D,-100.0
4641,medium,4,19.0,12.0,2.5,C,-100.0
4642,low,1,8.0,17.0,6.4,A,11.1
4643,medium,1,4.0,10.0,9.4,C,12.9
4644,low,1,4.0,35.0,1.7,A,15.0
4645,none,0,20.0,28.0,6.0,A,15.0
4646,high,4,12.0,31.0,2.7,C,9.2
4647,none,2,1.0,8.0,8.1,B,-0.9
4648,none,1,6.0,1.0,5.7,A,-100.0
4649,none,3,5.0,7.0,2.1,A,-100.0
4650,medium,1,6.0,5.0,9.2,A,1.1
4651,high,0,5.0,10.0,7.5,A,2.2
4652,none,1,16.0,35.0,6.5,C,15.0
4653,high,0,3.0,11.0,9.3,A,14.4
4654,low,0,10.0,5.0,4.5,A,-100.0
4655,none,1,26.0,15.0,1.9,A,-100.0
4656,medium,0,6.0,3.0,1.2,A,-100.0
4657,high,0,17.0,1.0,2.4,C,-100.0
4658,low,0,25.0,9.0,7.8,A,2.8
4659,medium,1,5.0,5.0,1.3,A,-100.0
4660,low,4,8.0,10.0,9.6,A,6.5
4661,medium,0,2.0,21.0,7.3,A,15.0
4662,high,1,9.0,25.0,2.1,A,1.1
4663,low,2,1.0,8.0,2.6,A,-100.0
4664,high,1,9.0,0.0,9.8,A,-9.0
4665,low,0,13.0,27.0,8.5,A,15.0
4666,high,0,20.0,14.0,7.0,A,6.4
4667,high,0,5.0,2.0,8.1,A,-11.3
4668,high,2,1.0,4.0,4.7,A,-100.0
4669,none,3,6.0,11.0,6.3,A,-7.5
4670,low,0,5.0,2.0,9.2,C,-2.2
4671,high,0,10.0,4.0,2.6,B,-100.0
4672,none,1,11.0,2.0,2.5,A,-100.0
4673,none,0,18.0,50.0,9.2,A,15.0
4674,medium,1,4.0,16.0,8.1,A,15.0
4675,medium,0,15.0,33.0,9.3,A,15.0
4676,high,3,12.0,50.0,3.0,A,15.0
4677,low,2,12.0,14.0,5.1,C,-5.3
4678,high,3,11.0,4.0,8.2,C,-14.6
4679,low,2,12.0,20.0,4.7,C,5.1
4680,high,1,16.0,5.0,6.8,A,-15.7
4681,medium,1,10.0,2.0,9.3,A,-5.1
4682,medium,3,16.0,23.0,7.7,A,15.0
4683,none,1,24.0,5.0,9.6,A,1.3
4684,medium,1,3.0,10.0,4.7,A,-12.8
4685,low,2,8.0,0.0,3.1,A,-100.0
4686,high,3,28.0,16.0,9.2,A,14.4
4687,high,0,20.0,10.0,8.5,A,6.2
4688,high,1,15.0,2.0,1.9,A,-100.0
4689,low,0,3.0,18.0,8.6,B,15.0
4690,medium,7,6.0,0.0,2.4,A,-100.0
4691,high,1,19.0,9.0,6.7,A,-8.2
4692,high,1,4.0,23.0,8.2,A,15.0
4693,high,0,8.0,3.0,5.3,C,-100.0
4694,none,2,8.0,15.0,9.5,A,15.0
4695,medium,2,5.0,45.0,8.6,A,15.0
4696,low,0,17.0,6.0,4.7,A,-19.8
4697,high,2,5.0,9.0,1.8,A,-100.0
4698,none,2,19.0,11.0,6.4,B,-5.7
4699,medium,3,1.0,0.0,,D,
4700,low,2,1.0,6.0,5.7,A,-17.7
4701,high,2,12.0,11.0,3.3,A,-100.0
4702,high,0,14.0,28.0,6.3,B,15.0
4703,low,1,5.0,4.0,9.0,C,-1.6
4704,low,0,6.0,3.0,9.5,A,1.4
4705,low,2,7.0,4.0,9.6,A,-1.0
4706,medium,0,1.0,8.0,7.5,A,1.1
4707,high,1,10.0,7.0,9.9,A,6.1
4708,low,0,37.0,10.0,6.9,A,-1.3
4709,high,4,9.0,4.0,6.6,A,-100.0
4710,high,0,4.0,1.0,1.9,C,-100.0
4711,medium,2,14.0,7.0,1.3,A,-100.0
4712,high,1,10.0,7.0,5.5,B,-18.1
4713,none,1,6.0,5.0,7.3,A,-9.6
4714,medium,2,5.0,3.0,1.7,A,-100.0
4715,medium,1,17.0,20.0,3.9,C,2.3
4716,low,1,6.0,5.0,1.2,C,-100.0
4717,high,1,5.0,50.0,5.5,B,15.0
4718,none,2,1.0,2.0,9.2,C,-7.4
4719,high,2,7.0,13.0,2.6,A,-100.0
4720,high,3,9.0,14.0,8.3,A,7.1
4721,low,1,3.0,40.0,9.1,A,15.0
4722,high,1,10.0,6.0,3.1,A,-100.0
4723,high,3,17.0,29.0,5.7,A,15.0
4724,low,1,7.0,12.0,1.6,A,-100.0
4725,low,1,4.0,15.0,3.8,A,-7.0
4726,high,3,3.0,4.0,10.0,A,-3.9
4727,low,5,23.0,2.0,8.0,A,-100.0
4728,medium,3,7.0,15.0,6.4,A,1.6
4729,high,2,22.0,7.0,9.1,A,-2.0
4730,low,2,4.0,42.0,9.5,A,15.0
4731,low,0,1.0,13.0,,B,
4732,low,0,2.0,3.0,9.7,B,2.9
4733,high,1,4.0,21.0,6.6,A,15.0
4734,low,2,7.0,11.0,9.4,A,12.6
4735,high,2,9.0,4.0,9.4,B,-5.3
4736,high,2,,14.0,7.7,C,
4737,medium,2,6.0,2.0,3.3,C,-100.0
4738,none,1,4.0,12.0,8.6,A,12.5
4739,medium,1,18.0,23.0,4.4,B,11.3
4740,none,0,7.0,2.0,6.2,A,-19.5
4741,none,7,2.0,20.0,9.5,C,15.0
4742,medium,1,9.0,18.0,7.9,A,15.0
4743,medium,0,8.0,3.0,7.2,D,-11.8
4744,low,5,5.0,4.0,2.2,A,-100.0
4745,high,2,6.0,40.0,3.2,A,15.0
4746,low,3,21.0,3.0,9.6,A,-7.0
4747,high,1,9.0,4.0,7.1,A,-15.5
4748,high,2,6.0,3.0,9.1,A,-8.8
4749,none,3,,1.0,9.5,C,
4750,low,0,2.0,0.0,8.6,A,-9.4
4751,low,0,4.0,8.0,3.3,A,-100.0
4752,none,2,6.0,1.0,9.6,A,-7.8
4753,low,1,6.0,10.0,4.9,A,-11.7
4754,medium,0,14.0,28.0,1.6,C,9.3
4755,none,4,22.0,4.0,9.4,D,-9.2
4756,,2,8.0,10.0,3.7,C,-100.0
4757,high,0,6.0,9.0,9.6,C,
4758,high,1,16.0,10.0,3.9,C,-100.0
4759,none,2,10.0,19.0,8.7,C,15.0
4760,low,3,17.0,12.0,1.9,A,-100.0
4761,medium,1,10.0,17.0,8.7,C,15.0
4762,high,2,10.0,11.0,3.7,C,-100.0
4763,high,2,11.0,3.0,9.7,A,-6.0
4764,,0,9.0,31.0,1.5,A,15.0
4765,high,1,9.0,13.0,9.6,C,15.0
4766,low,1,16.0,5.0,2.1,C,-100.0
4767,low,3,8.0,12.0,1.7,C,-100.0
4768,none,2,11.0,23.0,5.8,A,15.0
4769,low,3,11.0,4.0,8.4,C,-10.5
4770,low,1,7.0,7.0,1.7,A,-100.0
4771,low,1,6.0,4.0,8.4,D,-5.0
4772,high,2,12.0,2.0,9.7,A,-8.2
4773,low,1,2.0,7.0,2.9,A,-100.0
4774,high,1,5.0,12.0,9.3,A,13.8
4775,,0,4.0,2.0,7.9,A,-9.9
4776,high,0,16.0,9.0,8.2,A,2.9
4777,high,2,2.0,13.0,2.4,A,-100.0
4778,low,3,6.0,36.0,6.0,A,15.0
4779,high,1,3.0,17.0,6.2,A,7.5
4780,high,3,4.0,14.0,9.6,A,14.8
4781,high,0,8.0,14.0,7.0,C,7.6
4782,low,3,4.0,1.0,7.0,D,
4783,high,1,8.0,2.0,,D,
4784,low,1,14.0,8.0,8.3,D,2.0
4785,high,1,,5.0,8.5,C,
4786,medium,2,12.0,7.0,9.1,A,1.7
4787,low,1,1.0,12.0,2.0,A,-100.0
4788,high,1,,11.0,3.1,C,
4789,,2,23.0,20.0,4.0,A,-0.4
4790,low,2,15.0,11.0,6.5,C,-4.2
4791,low,1,3.0,3.0,9.7,A,0.3
4792,high,1,2.0,13.0,8.1,A,9.6
4793,low,2,23.0,1.0,8.5,C,-15.0
4794,medium,3,6.0,2.0,2.1,C,-100.0
4795,high,4,8.0,31.0,7.8,A,15.0
4796,medium,2,3.0,5.0,7.0,A,-13.2
4797,low,2,4.0,22.0,3.2,A,1.9
4798,high,1,11.0,6.0,4.6,A,-100.0
4799,high,2,11.0,45.0,1.6,A,15.0
4800,high,0,5.0,2.0,2.3,C,-100.0
4801,medium,1,3.0,12.0,3.8,C,-13.6
4802,low,1,21.0,2.0,5.0,C,-100.0
4803,none,2,,9.0,4.9,C,
4804,high,2,,0.0,4.5,C,
4805,high,2,9.0,7.0,3.7,C,-100.0
4806,medium,2,13.0,8.0,8.4,A,-0.2
4807,none,0,3.0,23.0,3.4,A,9.6
4808,low,5,2.0,2.0,5.2,B,-100.0
4809,high,1,7.0,14.0,9.8,A,15.0
4810,high,4,20.0,2.0,5.2,C,-100.0
4811,low,4,7.0,9.0,5.4,A,-18.6
4812,low,1,0.0,0.0,6.5,A,-100.0
4813,none,0,8.0,3.0,9.9,A,2.8
4814,none,0,15.0,10.0,5.1,A,-9.6
4815,none,3,22.0,16.0,10.0,A,15.0
4816,high,1,26.0,8.0,5.5,A,-17.6
4817,high,0,21.0,5.0,4.4,A,-100.0
4818,none,0,2.0,1.0,5.2,C,-100.0
4819,high,1,9.0,3.0,3.6,C,-100.0
4820,low,0,1.0,28.0,9.8,C,15.0
4821,medium,2,21.0,1.0,9.0,C,-12.4
4822,none,4,9.0,29.0,9.4,C,15.0
4823,medium,1,32.0,14.0,7.9,A,10.3
4824,high,0,12.0,1.0,6.8,A,-100.0
4825,none,1,2.0,26.0,5.4,A,15.0
4826,none,0,15.0,13.0,8.1,A,13.2
4827,none,1,13.0,25.0,8.0,D,15.0
4828,medium,2,26.0,11.0,9.5,A,10.8
4829,low,1,12.0,5.0,1.5,A,-100.0
4830,low,4,2.0,2.0,9.6,D,-9.7
4831,high,1,25.0,50.0,7.4,A,15.0
4832,low,1,8.0,4.0,8.6,A,-4.1
4833,none,3,19.0,2.0,4.2,A,-100.0
4834,high,0,11.0,50.0,7.5,A,15.0
4835,medium,1,26.0,27.0,3.2,A,12.3
4836,low,1,7.0,7.0,9.5,C,7.2
4837,none,3,17.0,17.0,8.2,A,14.5
4838,low,1,4.0,17.0,3.5,B,-4.5
4839,low,2,7.0,9.0,7.8,A,-0.4
4840,none,0,8.0,0.0,7.0,A,-19.4
4841,low,1,2.0,18.0,,A,
4842,medium,3,3.0,5.0,1.2,B,-100.0
4843,medium,3,13.0,50.0,4.9,A,15.0
4844,none,2,9.0,49.0,7.2,C,15.0
4845,low,2,3.0,10.0,4.5,A,-16.1
4846,medium,3,8.0,16.0,8.9,A,15.0
4847,high,1,7.0,2.0,7.0,B,-100.0
4848,high,0,7.0,7.0,9.2,A,5.1
4849,medium,1,7.0,10.0,8.8,C,9.3
4850,high,4,3.0,13.0,5.3,A,-13.4
4851,medium,0,14.0,3.0,8.6,A,-4.7
4852,medium,0,7.0,10.0,9.9,A,15.0
4853,low,2,8.0,6.0,3.0,D,-100.0
4854,none,1,17.0,4.0,5.9,A,-100.0
4855,medium,1,8.0,35.0,5.2,C,15.0
4856,high,2,7.0,4.0,9.3,B,-5.7
4857,low,2,13.0,16.0,9.5,A,15.0
4858,low,1,1.0,7.0,5.2,A,-15.8
4859,low,1,3.0,0.0,1.6,A,-100.0
4860,none,2,12.0,4.0,1.6,C,-100.0
4861,low,0,4.0,15.0,4.5,A,-0.7
4862,none,1,8.0,27.0,3.5,A,15.0
4863,medium,2,3.0,42.0,2.9,A,15.0
4864,low,3,3.0,3.0,4.8,C,-100.0
4865,low,1,2.0,14.0,6.2,A,4.3
4866,none,2,14.0,35.0,1.7,B,15.0
4867,low,1,28.0,10.0,3.5,C,-100.0
4868,none,2,6.0,5.0,1.6,A,-100.0
4869,low,1,4.0,1.0,1.5,A,-100.0
4870,low,0,2.0,19.0,9.4,C,15.0
4871,low,0,12.0,6.0,3.8,A,-100.0
4872,high,0,7.0,8.0,9.9,C,11.0
4873,none,3,25.0,1.0,6.3,A,-100.0
4874,high,1,1.0,7.0,8.3,A,-1.8
4875,none,0,4.0,16.0,3.1,B,-6.9
4876,medium,3,12.0,41.0,9.3,A,15.0
4877,medium,2,15.0,1.0,2.2,A,-100.0
4878,high,1,6.0,15.0,1.3,A,-100.0
4879,low,2,5.0,11.0,7.4,C,1.8
4880,high,1,34.0,4.0,4.5,B,-100.0
4881,low,1,14.0,3.0,6.5,A,-18.4
4882,none,0,0.0,13.0,,C,
4883,none,2,27.0,4.0,6.5,A,-100.0
4884,medium,0,8.0,2.0,1.6,D,-100.0
4885,medium,0,5.0,11.0,3.1,D,-17.3
4886,medium,3,16.0,1.0,1.8,A,-100.0
4887,low,1,21.0,38.0,4.5,A,15.0
4888,high,3,14.0,5.0,7.3,A,-17.8
4889,none,1,8.0,25.0,1.3,B,-0.8
4890,,1,7.0,2.0,9.3,B,-5.0
4891,none,1,4.0,5.0,2.3,A,-100.0
4892,high,2,11.0,27.0,2.2,B,3.2
4893,high,0,3.0,4.0,2.3,C,-100.0
4894,high,3,6.0,23.0,2.3,A,-6.7
4895,high,2,4.0,18.0,5.8,D,4.8
4896,none,1,2.0,1.0,9.8,A,-3.8
4897,high,1,7.0,6.0,9.6,C,2.7
4898,high,1,,3.0,2.0,C,
4899,low,2,6.0,6.0,6.4,D,-14.3
4900,high,1,5.0,0.0,2.9,A,-100.0
4901,medium,0,11.0,9.0,5.8,A,-7.2
4902,low,2,4.0,23.0,2.6,A,0.7
4903,high,3,1.0,9.0,9.3,A,2.9
4904,medium,1,3.0,2.0,8.9,A,-6.6
4905,low,0,5.0,7.0,4.7,C,-16.5
4906,high,3,15.0,6.0,1.4,A,-100.0
4907,none,4,14.0,6.0,7.4,A,-15.2
4908,low,3,10.0,16.0,2.6,A,-17.1
4909,high,1,19.0,11.0,1.9,C,-100.0
4910,medium,0,13.0,8.0,8.8,D,7.0
4911,medium,1,9.0,18.0,5.6,C,8.3
4912,low,1,12.0,8.0,3.5,A,-100.0
4913,high,3,12.0,24.0,1.4,A,-10.1
4914,high,0,12.0,45.0,9.6,A,15.0
4915,low,2,11.0,2.0,9.0,A,-8.9
4916,medium,3,7.0,5.0,1.4,A,-100.0
4917,high,3,6.0,7.0,8.9,A,-4.0
4918,low,1,5.0,25.0,6.2,C,15.0
4919,none,4,2.0,0.0,4.4,C,-100.0
4920,low,0,16.0,2.0,8.1,C,-9.4
4921,medium,2,2.0,7.0,3.7,A,-100.0
4922,high,0,31.0,3.0,9.4,A,-4.6
4923,none,2,8.0,7.0,5.3,C,-19.1
4924,high,0,6.0,41.0,7.1,A,15.0
4925,none,3,16.0,14.0,9.3,B,14.3
4926,medium,1,4.0,20.0,9.2,D,15.0
4927,low,1,9.0,20.0,8.1,C,15.0
4928,high,3,6.0,6.0,8.6,A,-7.7
4929,medium,0,8.0,18.0,1.4,D,-12.2
4930,medium,2,7.0,3.0,8.0,A,-12.3
4931,none,1,14.0,5.0,9.8,A,3.4
4932,high,3,22.0,2.0,3.5,A,-100.0
4933,low,2,1.0,12.0,,B,
4934,high,2,2.0,15.0,9.3,A,15.0
4935,medium,2,9.0,19.0,9.7,A,15.0
4936,medium,2,11.0,1.0,2.2,A,-100.0
4937,,0,14.0,38.0,6.0,A,15.0
4938,high,0,13.0,22.0,,D,
4939,medium,1,21.0,5.0,8.4,A,-4.8
4940,medium,0,5.0,3.0,6.1,A,-17.6
4941,none,0,10.0,15.0,9.8,A,15.0
4942,low,0,14.0,18.0,1.3,A,-13.0
4943,low,1,1.0,9.0,9.7,C,13.1
4944,low,2,15.0,39.0,7.2,D,15.0
4945,low,0,6.0,5.0,9.0,A,2.9
4946,high,1,13.0,33.0,1.5,A,14.2
4947,none,0,4.0,1.0,3.0,A,-100.0
4948,high,1,5.0,1.0,4.3,A,-100.0
4949,none,2,12.0,2.0,2.8,A,-100.0
4950,high,3,1.0,2.0,3.9,A,-100.0
4951,low,1,1.0,32.0,,A,
4952,low,2,6.0,5.0,8.4,A,-5.4
4953,high,0,10.0,13.0,5.3,A,-4.1
4954,low,3,1.0,4.0,9.7,A,-2.4
4955,low,2,10.0,2.0,3.4,A,-100.0
4956,high,4,17.0,4.0,6.0,A,-100.0
4957,low,0,2.0,20.0,2.2,B,-2.6
4958,medium,2,14.0,0.0,2.7,A,-100.0
4959,high,2,4.0,7.0,1.9,B,-100.0
4960,low,3,3.0,2.0,6.9,A,-100.0
4961,low,3,,6.0,3.4,C,
4962,none,0,6.0,4.0,8.7,A,-1.5
4963,low,2,17.0,5.0,4.9,A,-100.0
4964,medium,1,21.0,1.0,6.6,A,-100.0
4965,high,3,10.0,15.0,9.6,B,15.0
4966,high,3,4.0,7.0,8.4,C,-6.5
4967,low,1,1.0,2.0,2.4,A,-100.0
4968,low,0,14.0,10.0,1.4,B,-100.0
4969,medium,0,11.0,8.0,2.8,C,-100.0
4970,low,0,3.0,15.0,9.1,C,15.0
4971,,0,8.0,0.0,5.7,A,-100.0
4972,none,1,7.0,2.0,1.6,C,-100.0
4973,low,2,10.0,0.0,8.1,C,-18.0
4974,high,0,31.0,19.0,9.8,A,15.0
4975,none,2,8.0,33.0,2.9,A,15.0
4976,medium,0,2.0,3.0,4.7,A,-100.0
4977,none,3,28.0,17.0,2.6,A,-17.4
4978,low,4,9.0,3.0,2.9,A,-100.0
4979,low,2,11.0,7.0,4.9,A,-100.0
4980,high,2,,16.0,8.3,C,
4981,low,1,23.0,3.0,9.3,A,-3.9
4982,low,0,4.0,40.0,9.0,A,15.0
4983,none,0,4.0,7.0,9.9,A,11.6
4984,low,4,3.0,8.0,8.8,A,-1.6
4985,high,3,7.0,3.0,9.9,A,-7.0
4986,high,0,0.0,10.0,1.2,A,-100.0
4987,low,2,4.0,8.0,9.9,A,9.3
4988,medium,1,8.0,0.0,9.7,A,-6.8
4989,high,1,1.0,1.0,7.3,A,-19.9
4990,low,1,10.0,23.0,6.0,B,15.0
4991,medium,1,12.0,4.0,8.1,C,-7.6
4992,medium,1,16.0,29.0,7.0,A,15.0
4993,high,2,10.0,5.0,5.0,A,-100.0
4994,high,2,7.0,8.0,8.6,A,-1.1
4995,none,3,17.0,34.0,4.8,B,15.0
4996,medium,2,6.0,5.0,6.1,C,-18.4
4997,none,1,5.0,4.0,9.1,A,-1.7
4998,low,2,20.0,2.0,7.7,C,-17.0
4999,low,2,3.0,16.0,1.1,B,-100.0
5000,none,3,18.0,6.0,4.3,A,-100.0
5001,high,2,24.0,5.0,2.5,A,-100.0
5002,medium,2,8.0,1.0,7.2,D,-100.0
5003,high,2,40.0,0.0,4.6,A,-100.0
5004,high,1,2.0,4.0,9.9,C,0.6
5005,low,2,21.0,1.0,5.5,B,-100.0
5006,none,4,8.0,10.0,8.6,C,0.4
5007,high,2,12.0,11.0,8.7,A,5.2
5008,low,0,34.0,9.0,5.0,A,-13.5
5009,,1,8.0,15.0,9.2,A,15.0
5010,low,1,9.0,36.0,8.5,A,15.0
5011,high,0,11.0,2.0,,D,
5012,none,1,10.0,19.0,2.9,D,-4.8
5013,low,2,12.0,14.0,1.1,C,-100.0
5014,high,0,5.0,20.0,9.0,A,15.0
5015,none,1,11.0,0.0,9.4,A,-9.0
5016,high,1,4.0,2.0,8.2,A,-13.1
5017,none,2,16.0,3.0,4.7,A,-100.0
5018,high,1,11.0,3.0,9.3,A,-5.7
5019,medium,1,19.0,4.0,9.0,B,-3.4
5020,medium,0,20.0,23.0,8.1,A,15.0
5021,high,0,4.0,3.0,5.4,C,-100.0
5022,,5,9.0,7.0,6.5,B,-100.0
5023,medium,1,1.0,0.0,9.1,A,-9.5
5024,medium,5,6.0,2.0,9.8,C,-11.9
5025,low,1,14.0,7.0,8.7,A,2.1
5026,medium,0,19.0,13.0,9.8,A,15.0
5027,high,2,16.0,10.0,2.1,B,-100.0
5028,high,2,10.0,6.0,9.7,A,0.4
5029,high,0,8.0,23.0,8.3,A,15.0
5030,medium,0,7.0,6.0,7.7,A,-2.6
5031,high,2,9.0,3.0,3.0,A,-100.0
5032,low,1,9.0,3.0,9.2,A,-3.0
5033,high,1,20.0,28.0,9.5,A,15.0
5034,low,2,34.0,1.0,3.8,A,-100.0
5035,medium,0,12.0,27.0,8.5,A,15.0
5036,none,0,5.0,27.0,9.1,C,15.0
5037,low,1,17.0,11.0,9.7,A,15.0
5038,high,2,4.0,4.0,3.3,A,-100.0
5039,low,0,13.0,2.0,3.3,B,-100.0
5040,low,3,6.0,19.0,4.4,A,-0.5
5041,high,1,9.0,22.0,3.4,C,2.0
5042,medium,2,3.0,27.0,3.3,A,12.6
5043,high,1,22.0,1.0,,D,
5044,none,1,14.0,26.0,8.2,B,15.0
5045,low,2,11.0,1.0,9.0,A,-11.0
5046,low,2,9.0,4.0,8.1,A,-9.5
5047,low,3,16.0,14.0,9.8,B,15.0
5048,,2,8.0,0.0,5.3,B,-100.0
5049,high,2,5.0,50.0,4.5,A,15.0
5050,medium,1,15.0,9.0,7.7,A,0.3
5051,medium,1,10.0,7.0,3.5,A,-100.0
5052,medium,5,5.0,0.0,9.2,A,-19.3
5053,high,4,18.0,4.0,8.5,A,-16.2
5054,medium,4,16.0,4.0,3.3,C,-100.0
5055,high,4,5.0,23.0,1.5,C,-13.5
5056,medium,1,6.0,18.0,2.6,A,-7.9
5057,medium,0,5.0,12.0,7.5,A,9.0
5058,high,2,5.0,11.0,6.8,A,-4.5
5059,high,0,6.0,15.0,1.1,D,-100.0
5060,medium,1,2.0,50.0,3.5,A,15.0
5061,none,2,17.0,4.0,8.4,A,-9.2
5062,none,2,2.0,2.0,5.0,A,-100.0
5063,high,1,16.0,6.0,2.2,D,-100.0
5064,medium,3,4.0,13.0,7.1,A,1.5
5065,low,1,16.0,10.0,2.6,C,-100.0
5066,medium,2,14.0,50.0,1.6,A,15.0
5067,low,0,7.0,2.0,3.3,A,-100.0
5068,low,1,1.0,19.0,8.1,A,15.0
5069,high,0,7.0,4.0,6.9,A,-13.9
5070,none,1,10.0,9.0,8.9,C,7.2
5071,medium,2,35.0,1.0,2.7,A,-100.0
5072,low,2,6.0,6.0,5.5,A,-19.3
5073,high,1,4.0,1.0,9.9,B,-5.9
5074,high,3,7.0,8.0,1.8,A,-100.0
5075,medium,1,6.0,30.0,1.6,A,11.8
5076,high,0,5.0,5.0,1.2,A,-100.0
5077,high,0,3.0,9.0,5.3,B,-11.8
5078,none,3,16.0,50.0,1.7,A,15.0
5079,medium,0,7.0,4.0,5.0,A,-100.0
5080,low,0,0.0,24.0,3.1,A,10.9
5081,medium,1,11.0,1.0,8.3,A,-12.7
5082,medium,1,13.0,24.0,8.1,C,15.0
5083,low,3,4.0,2.0,1.9,B,-100.0
5084,medium,2,11.0,3.0,9.6,B,-3.9
5085,medium,0,17.0,3.0,9.4,A,-0.6
5086,medium,2,11.0,34.0,3.9,C,15.0
5087,medium,1,5.0,16.0,1.6,C,-17.5
5088,none,2,11.0,10.0,9.0,A,7.3
5089,high,2,18.0,1.0,7.2,A,-100.0
5090,high,1,5.0,27.0,3.3,C,12.3
5091,medium,3,9.0,15.0,1.0,A,-100.0
5092,low,1,11.0,49.0,9.6,A,15.0
5093,low,0,9.0,8.0,7.9,A,2.8
5094,high,2,10.0,35.0,9.0,A,15.0
5095,none,0,16.0,1.0,4.2,A,-100.0
5096,none,1,2.0,26.0,9.0,C,15.0
5097,,0,7.0,28.0,5.1,A,15.0
5098,high,0,1.0,15.0,6.5,A,7.6
5099,high,0,3.0,1.0,3.3,A,-100.0
5100,high,1,22.0,5.0,3.2,D,-100.0
5101,high,1,9.0,10.0,9.9,A,12.5
5102,medium,2,7.0,7.0,9.0,A,1.6
5103,high,2,6.0,1.0,3.8,C,-100.0
5104,high,2,13.0,3.0,5.3,A,-100.0
5105,none,4,4.0,14.0,3.2,A,-100.0
5106,medium,3,2.0,36.0,9.8,C,15.0
5107,medium,0,4.0,6.0,1.2,A,-100.0
5108,medium,2,8.0,8.0,9.9,B,8.5
5109,medium,1,8.0,3.0,8.1,A,-9.4
5110,medium,2,8.0,28.0,8.1,D,15.0
5111,medium,4,,2.0,4.2,C,
5112,medium,1,5.0,1.0,9.2,A,-7.2
5113,none,0,7.0,12.0,7.6,B,9.2
5114,low,1,17.0,17.0,9.9,A,15.0
5115,medium,2,10.0,15.0,10.0,A,15.0
5116,medium,1,16.0,21.0,9.2,A,15.0
5117,medium,1,9.0,18.0,9.9,B,15.0
5118,medium,3,12.0,4.0,8.7,A,-9.3
5119,,0,1.0,4.0,6.9,A,-10.9
5120,low,1,2.0,8.0,7.7,C,-0.1
5121,low,2,17.0,0.0,9.4,C,-11.5
5122,low,0,4.0,9.0,2.3,A,-100.0
5123,high,1,5.0,6.0,9.4,A,1.8
5124,high,0,2.0,9.0,3.6,A,-100.0
5125,low,2,13.0,17.0,1.1,A,-100.0
5126,high,3,4.0,34.0,3.1,C,15.0
5127,high,0,7.0,4.0,1.1,B,-100.0
5128,none,1,6.0,3.0,3.9,A,-100.0
5129,high,5,9.0,32.0,9.9,C,15.0
5130,medium,1,10.0,13.0,7.6,B,8.7
5131,high,4,3.0,2.0,3.6,A,-100.0
5132,low,3,6.0,3.0,10.0,B,-3.3
5133,medium,1,8.0,8.0,3.2,A,-100.0
5134,low,1,17.0,22.0,2.7,A,0.3
5135,medium,1,6.0,15.0,1.5,B,-100.0
5136,medium,1,,19.0,9.6,C,
5137,low,1,6.0,8.0,2.9,C,-100.0
5138,low,2,3.0,0.0,1.5,A,-100.0
5139,high,1,6.0,5.0,9.1,A,-2.1
5140,medium,1,7.0,14.0,3.2,A,-13.1
5141,none,4,10.0,4.0,3.3,A,-100.0
5142,none,4,2.0,21.0,8.9,A,15.0
5143,low,2,3.0,5.0,6.6,A,-15.0
5144,low,0,7.0,14.0,7.5,A,13.4
5145,low,0,1.0,16.0,5.8,C,8.9
5146,high,1,11.0,11.0,9.8,A,13.9
5147,high,1,1.0,5.0,4.1,B,-100.0
5148,,2,3.0,3.0,9.7,D,-2.8
5149,low,2,10.0,12.0,7.5,A,3.9
5150,medium,0,36.0,16.0,8.5,A,15.0
5151,high,2,6.0,27.0,8.5,A,15.0
5152,low,4,7.0,3.0,3.7,A,-100.0
5153,high,1,3.0,16.0,9.5,C,15.0
5154,high,2,13.0,12.0,9.2,A,10.0
5155,low,2,5.0,29.0,2.4,A,12.1
5156,high,0,4.0,2.0,7.0,C,-17.2
5157,high,5,10.0,1.0,5.3,B,-100.0
5158,none,1,4.0,8.0,9.6,C,9.6
5159,low,3,11.0,27.0,7.4,A,15.0
5160,high,2,12.0,0.0,4.3,D,-100.0
5161,high,1,16.0,9.0,8.6,A,2.6
5162,low,0,21.0,1.0,,D,
5163,low,1,3.0,5.0,9.8,A,5.1
5164,high,4,10.0,18.0,5.5,C,-2.5
5165,none,2,11.0,17.0,7.6,A,14.3
5166,medium,1,3.0,4.0,10.0,C,3.7
5167,low,1,10.0,1.0,9.7,A,-4.6
5168,medium,0,6.0,7.0,9.0,A,6.7
5169,medium,1,6.0,0.0,7.6,A,-18.2
5170,none,1,21.0,20.0,2.6,C,-5.4
5171,low,2,3.0,22.0,9.0,A,15.0
5172,none,1,7.0,11.0,8.2,A,7.9
5173,medium,2,,18.0,3.3,C,
5174,medium,0,19.0,11.0,5.5,A,-5.4
5175,none,0,14.0,5.0,2.2,D,-100.0
5176,low,1,8.0,40.0,2.8,C,15.0
5177,medium,3,9.0,6.0,9.3,A,-1.5
5178,high,2,3.0,7.0,1.1,A,-100.0
5179,high,4,3.0,8.0,8.8,C,-4.6
5180,low,2,18.0,20.0,5.6,A,9.5
5181,none,3,7.0,7.0,8.7,A,-2.8
5182,medium,1,16.0,2.0,9.4,A,-5.1
5183,medium,1,,2.0,1.5,C,
5184,high,0,10.0,0.0,1.8,D,-100.0
5185,high,1,13.0,2.0,9.5,C,-6.9
5186,low,3,2.0,50.0,1.9,A,15.0
5187,low,1,15.0,34.0,8.0,C,15.0
5188,low,2,3.0,17.0,3.2,A,-8.5
5189,high,0,7.0,0.0,1.1,A,-100.0
5190,low,2,13.0,1.0,1.1,C,-100.0
5191,none,2,31.0,35.0,3.8,A,15.0
5192,high,0,6.0,0.0,6.9,C,-100.0
5193,low,5,12.0,15.0,4.3,A,-15.1
5194,medium,2,33.0,22.0,9.1,C,15.0
5195,low,1,5.0,44.0,8.6,A,15.0
5196,high,1,11.0,2.0,10.0,A,-3.9
5197,medium,3,14.0,26.0,8.8,A,15.0
5198,high,2,8.0,6.0,2.2,A,-100.0
5199,none,2,5.0,2.0,7.3,A,-18.3
5200,high,1,7.0,0.0,9.7,A,-9.4
5201,high,0,6.0,5.0,4.6,A,-100.0
5202,high,5,9.0,12.0,9.2,A,2.9
5203,none,2,6.0,1.0,7.3,A,-100.0
5204,high,1,0.0,2.0,3.2,A,-100.0
5205,none,0,26.0,9.0,4.7,C,-15.0
5206,none,3,1.0,19.0,3.6,A,-5.0
5207,medium,3,7.0,15.0,4.5,A,-8.8
5208,none,2,15.0,8.0,5.4,A,-17.1
5209,low,3,8.0,16.0,8.2,A,13.9
5210,high,0,14.0,2.0,3.7,D,-100.0
5211,low,0,20.0,25.0,6.0,B,15.0
5212,medium,1,4.0,25.0,2.1,A,4.3
5213,high,4,12.0,48.0,9.3,C,15.0
5214,high,1,26.0,14.0,2.5,A,-100.0
5215,none,3,6.0,10.0,6.9,C,-6.3
5216,low,2,2.0,6.0,9.9,A,5.3
5217,medium,2,11.0,3.0,10.0,A,-1.7
5218,medium,2,5.0,4.0,1.6,A,-100.0
5219,high,2,11.0,0.0,9.3,A,-14.5
5220,medium,2,5.0,13.0,6.6,A,1.2
5221,high,3,31.0,6.0,6.0,C,-100.0
5222,high,2,8.0,1.0,1.4,C,-100.0
5223,low,4,6.0,13.0,8.5,C,6.9
5224,high,1,7.0,17.0,9.3,A,15.0
5225,low,1,7.0,2.0,6.6,C,-19.2
5226,high,1,15.0,4.0,7.6,A,-13.3
5227,high,0,17.0,9.0,7.8,A,0.6
5228,high,3,11.0,17.0,1.8,A,-100.0
5229,low,2,15.0,6.0,9.9,A,4.0
5230,none,4,8.0,9.0,5.6,A,-18.2
5231,none,2,13.0,25.0,7.6,C,15.0
5232,medium,3,13.0,5.0,5.4,A,-100.0
5233,high,2,3.0,17.0,9.2,A,15.0
5234,low,2,7.0,16.0,7.0,C,9.9
5235,medium,4,12.0,40.0,8.1,A,15.0
5236,,2,8.0,16.0,3.8,A,-8.4
5237,medium,3,3.0,11.0,6.5,A,-5.9
5238,high,4,35.0,13.0,2.4,C,-100.0
5239,medium,1,5.0,6.0,3.0,A,-100.0
5240,low,1,7.0,18.0,7.3,A,15.0
5241,high,0,14.0,5.0,6.8,A,-13.0
5242,medium,2,13.0,2.0,5.3,A,-100.0
5243,none,1,16.0,5.0,7.4,A,-10.0
5244,high,1,7.0,10.0,6.6,A,-5.4
5245,low,0,15.0,23.0,9.5,A,15.0
5246,high,2,40.0,9.0,9.2,A,1.0
5247,high,0,2.0,6.0,5.2,A,-18.5
5248,,1,3.0,3.0,8.2,A,-8.5
5249,none,0,3.0,1.0,9.1,D,-5.3
5250,high,3,5.0,6.0,1.2,A,-100.0
5251,medium,1,8.0,30.0,9.1,A,15.0
5252,,2,23.0,6.0,2.7,D,-100.0
5253,none,2,6.0,34.0,6.9,C,15.0
5254,high,2,18.0,1.0,8.4,A,-18.0
5255,high,2,2.0,4.0,2.2,A,-100.0
5256,low,1,17.0,6.0,5.7,A,-16.8
5257,low,0,8.0,5.0,8.1,A,-2.3
5258,none,2,6.0,15.0,2.4,C,-18.0
5259,low,0,11.0,10.0,2.4,A,-100.0
5260,high,0,3.0,22.0,1.5,A,-5.4
5261,low,2,13.0,4.0,2.6,A,-100.0
5262,none,1,34.0,2.0,9.0,A,-9.3
5263,none,4,14.0,15.0,4.4,A,-12.8
5264,low,3,5.0,8.0,8.6,A,-0.4
5265,low,1,22.0,0.0,8.7,B,-13.4
5266,medium,3,12.0,3.0,8.1,B,-14.7
5267,high,1,1.0,9.0,9.3,A,7.9
5268,medium,0,18.0,6.0,9.9,A,8.4
5269,high,3,16.0,0.0,9.2,A,-18.0
5270,low,2,11.0,5.0,5.7,A,-100.0
5271,none,1,14.0,18.0,9.1,C,15.0
5272,,2,3.0,9.0,2.5,A,-100.0
5273,none,2,1.0,2.0,2.2,A,-100.0
5274,medium,5,15.0,2.0,3.1,A,-100.0
5275,medium,2,9.0,0.0,8.9,A,-13.8
5276,medium,1,3.0,37.0,4.4,A,15.0
5277,high,1,8.0,4.0,4.6,A,-100.0
5278,high,2,10.0,9.0,7.9,A,-3.2
5279,high,3,11.0,6.0,6.7,A,-18.7
5280,low,3,8.0,10.0,1.5,A,-100.0
5281,high,0,2.0,6.0,9.4,A,4.6
5282,high,3,12.0,16.0,5.0,A,-7.1
5283,none,1,6.0,2.0,1.1,A,-100.0
5284,none,1,8.0,4.0,5.6,A,-100.0
5285,high,3,2.0,5.0,2.2,C,-100.0
5286,medium,1,17.0,8.0,1.7,B,-100.0
5287,low,3,10.0,7.0,9.2,A,0.3
5288,high,1,9.0,20.0,6.0,A,12.1
5289,low,0,6.0,9.0,2.0,B,-100.0
5290,medium,2,6.0,22.0,5.5,A,13.9
5291,low,0,14.0,25.0,1.5,A,2.8
5292,low,2,14.0,5.0,3.6,A,-100.0
5293,high,1,11.0,4.0,8.2,A,-9.6
5294,medium,1,6.0,28.0,5.3,C,15.0
5295,high,1,7.0,6.0,8.4,A,-3.9
5296,high,1,11.0,3.0,1.3,C,-100.0
5297,none,3,28.0,4.0,8.8,A,-10.6
5298,high,1,8.0,2.0,10.0,A,-3.6
5299,low,1,8.0,6.0,1.6,A,-100.0
5300,medium,0,5.0,33.0,6.1,B,15.0
5301,low,5,3.0,2.0,9.8,D,-11.2
5302,medium,4,7.0,1.0,6.5,A,-100.0
5303,high,2,0.0,2.0,9.6,C,-7.5
5304,low,1,23.0,28.0,6.4,A,15.0
5305,medium,3,15.0,3.0,2.2,C,-100.0
5306,low,2,15.0,13.0,2.2,A,-100.0
5307,low,1,7.0,11.0,9.8,A,15.0
5308,low,6,23.0,2.0,9.3,A,-18.5
5309,high,1,8.0,2.0,8.5,A,-11.9
5310,none,2,10.0,14.0,5.8,A,-1.8
5311,none,2,1.0,23.0,,D,
5312,medium,0,2.0,7.0,2.2,C,-100.0
5313,medium,1,15.0,5.0,5.0,A,-100.0
5314,low,0,19.0,9.0,8.9,A,9.4
5315,,1,2.0,50.0,4.0,C,15.0
5316,low,0,8.0,4.0,8.0,B,-4.9
5317,high,3,5.0,4.0,2.6,A,-100.0
5318,high,1,3.0,1.0,6.7,A,-100.0
5319,high,0,4.0,21.0,1.0,A,-10.3
5320,none,0,11.0,13.0,4.7,D,-5.1
5321,medium,2,6.0,2.0,9.7,A,-5.0
5322,high,3,3.0,11.0,7.6,A,-2.4
5323,low,0,4.0,3.0,9.7,A,2.7
5324,high,1,11.0,11.0,7.7,A,2.3
5325,low,1,6.0,2.0,7.2,A,-15.8
5326,medium,1,25.0,6.0,8.1,A,-4.7
5327,high,2,12.0,12.0,2.2,A,-100.0
5328,high,0,16.0,2.0,1.3,C,-100.0
5329,high,1,10.0,8.0,7.7,B,-3.9
5330,medium,2,6.0,0.0,6.6,A,-100.0
5331,high,0,4.0,17.0,3.3,A,-6.1
5332,high,1,13.0,23.0,5.9,B,15.0
5333,high,2,17.0,5.0,10.0,A,-0.7
5334,medium,2,11.0,23.0,1.0,A,-9.2
5335,low,1,4.0,3.0,6.3,A,-18.5
5336,,1,15.0,7.0,8.1,A,-1.9
5337,high,0,6.0,17.0,3.0,C,-7.9
5338,high,1,10.0,15.0,4.4,A,-7.3
5339,none,0,1.0,3.0,8.0,A,-6.9
5340,medium,0,5.0,1.0,1.3,C,-100.0
5341,medium,3,31.0,21.0,5.1,A,4.7
5342,none,1,15.0,13.0,7.2,A,5.8
5343,high,0,9.0,8.0,9.0,C,5.9
5344,medium,1,5.0,4.0,3.8,A,-100.0
5345,medium,3,6.0,8.0,9.8,C,5.7
5346,high,1,15.0,0.0,9.0,B,-14.0
5347,low,0,16.0,4.0,3.1,A,-100.0
5348,medium,2,9.0,15.0,9.4,A,15.0
5349,none,2,3.0,10.0,8.8,A,7.0
5350,medium,0,2.0,5.0,1.4,A,-100.0
5351,high,1,7.0,5.0,3.9,A,-100.0
5352,high,1,15.0,39.0,8.1,A,15.0
5353,medium,2,7.0,0.0,7.1,A,-100.0
5354,high,2,31.0,11.0,8.4,C,1.7
5355,low,2,15.0,6.0,3.9,A,-100.0
5356,low,2,8.0,46.0,2.9,B,15.0
5357,low,4,3.0,6.0,1.2,A,-100.0
5358,none,1,7.0,9.0,8.9,A,7.5
5359,high,1,10.0,21.0,8.0,A,15.0
5360,medium,2,6.0,9.0,9.7,A,9.8
5361,high,0,8.0,0.0,8.6,A,-13.0
5362,medium,2,7.0,6.0,5.1,A,-100.0
5363,medium,3,7.0,33.0,9.5,A,15.0
5364,medium,2,9.0,43.0,2.7,A,15.0
5365,high,2,3.0,7.0,8.8,A,-1.7
5366,high,3,15.0,1.0,1.3,A,-100.0
5367,low,1,8.0,17.0,1.8,A,-14.2
5368,none,1,9.0,20.0,8.9,A,15.0
5369,high,1,3.0,5.0,8.2,C,-6.7
5370,low,2,16.0,8.0,9.6,A,6.5
5371,high,2,21.0,3.0,9.1,C,-10.3
5372,medium,2,5.0,1.0,3.4,C,-100.0
5373,low,1,14.0,2.0,7.0,C,-17.7
5374,low,2,11.0,37.0,1.2,C,15.0
5375,low,2,5.0,27.0,8.0,A,15.0
5376,high,2,4.0,33.0,4.2,A,15.0
5377,high,1,6.0,11.0,4.4,C,-15.3
5378,low,0,6.0,13.0,1.3,A,-100.0
5379,medium,4,14.0,10.0,1.5,C,-100.0
5380,low,2,10.0,1.0,1.7,A,-100.0
5381,low,1,16.0,25.0,7.7,D,15.0
5382,,2,5.0,0.0,8.3,C,-17.0
5383,low,0,9.0,23.0,8.5,C,15.0
5384,,3,12.0,14.0,9.1,A,13.6
5385,none,3,3.0,27.0,5.7,B,15.0
5386,high,4,22.0,7.0,4.8,A,-100.0
5387,medium,1,13.0,11.0,3.1,A,-100.0
5388,medium,1,26.0,9.0,5.2,C,-14.5
5389,medium,1,14.0,0.0,9.0,A,-11.3
5390,high,1,1.0,34.0,9.8,A,15.0
5391,none,2,12.0,8.0,4.6,C,-100.0
5392,medium,1,18.0,1.0,8.6,A,-11.8
5393,medium,2,17.0,15.0,8.2,A,13.0
5394,high,1,6.0,2.0,4.7,A,-100.0
5395,medium,2,4.0,8.0,2.0,A,-100.0
5396,low,2,6.0,4.0,2.9,D,-100.0
5397,medium,2,13.0,13.0,8.3,A,9.8
5398,low,3,27.0,14.0,8.7,C,10.5
5399,low,0,8.0,1.0,6.1,A,-100.0
5400,medium,2,3.0,22.0,9.1,A,15.0
5401,medium,0,12.0,34.0,8.7,A,15.0
5402,high,3,7.0,5.0,7.4,A,-16.5
5403,medium,0,4.0,15.0,8.2,A,15.0
5404,medium,3,17.0,5.0,8.0,A,-11.6
5405,high,2,6.0,12.0,9.6,C,12.9
5406,none,0,3.0,19.0,2.9,B,-1.6
5407,low,1,10.0,17.0,2.5,A,-10.6
5408,medium,0,4.0,18.0,9.5,A,15.0
5409,medium,2,8.0,12.0,9.1,B,12.5
5410,low,1,15.0,37.0,9.0,A,15.0
5411,,1,10.0,20.0,8.3,C,15.0
5412,low,2,7.0,1.0,1.7,A,-100.0
5413,low,0,3.0,1.0,9.7,A,-1.4
5414,none,1,5.0,14.0,9.7,A,15.0
5415,none,0,12.0,1.0,5.5,B,-100.0
5416,medium,1,16.0,1.0,7.8,A,-16.0
5417,low,1,2.0,4.0,8.9,A,-1.9
5418,high,1,2.0,10.0,6.6,B,-4.9
5419,high,2,7.0,14.0,3.0,A,-19.3
5420,high,4,5.0,4.0,4.2,A,-100.0
5421,low,4,7.0,50.0,3.5,C,15.0
5422,low,1,6.0,5.0,4.2,A,-100.0
5423,high,3,3.0,5.0,5.2,A,-100.0
5424,low,2,25.0,5.0,6.4,D,-18.3
5425,medium,2,5.0,1.0,1.4,A,-100.0
5426,low,1,10.0,10.0,9.9,C,15.0
5427,high,2,3.0,8.0,6.0,A,-15.0
5428,medium,2,29.0,7.0,8.4,D,-3.9
5429,none,5,5.0,12.0,9.1,A,5.1
5430,low,2,5.0,1.0,7.3,B,-19.8
5431,low,0,6.0,45.0,9.2,A,15.0
5432,low,2,12.0,10.0,8.3,A,3.9
5433,medium,1,13.0,1.0,3.6,A,-100.0
5434,,3,7.0,28.0,2.0,A,4.5
5435,high,2,5.0,4.0,8.4,A,-10.4
5436,none,1,11.0,8.0,6.3,A,-9.3
5437,none,3,14.0,7.0,9.7,A,2.0
5438,high,4,13.0,19.0,8.9,A,15.0
5439,low,1,8.0,30.0,1.9,B,13.6
5440,medium,2,21.0,6.0,9.7,A,2.0
5441,high,2,19.0,5.0,2.0,A,-100.0
5442,high,2,3.0,50.0,5.5,A,15.0
5443,medium,3,12.0,6.0,2.6,B,-100.0
5444,high,1,8.0,21.0,8.9,A,15.0
5445,high,1,3.0,18.0,2.6,A,-10.2
5446,low,0,4.0,7.0,5.5,A,-12.0
5447,low,0,7.0,26.0,3.8,A,15.0
5448,high,1,4.0,6.0,3.8,A,-100.0
5449,high,1,40.0,4.0,9.7,A,-4.3
5450,high,1,13.0,1.0,8.3,C,-15.6
5451,low,0,7.0,24.0,3.8,A,14.1
5452,low,1,9.0,20.0,8.2,D,15.0
5453,none,1,21.0,6.0,9.7,C,4.2
5454,high,2,8.0,25.0,8.1,A,15.0
5455,medium,2,5.0,30.0,9.7,C,15.0
5456,high,2,7.0,34.0,9.2,A,15.0
5457,none,2,17.0,8.0,3.3,A,-100.0
5458,medium,3,9.0,13.0,5.0,A,-10.5
5459,high,4,20.0,9.0,9.9,B,1.8
5460,low,1,6.0,5.0,2.0,A,-100.0
5461,,3,16.0,1.0,9.8,A,-10.2
5462,low,3,9.0,9.0,9.0,A,3.5
5463,medium,0,17.0,11.0,3.2,C,-17.9
5464,high,2,2.0,1.0,6.4,B,-100.0
5465,high,0,6.0,29.0,6.4,A,15.0
5466,medium,2,9.0,7.0,8.5,A,-1.3
5467,low,1,1.0,13.0,8.2,A,13.3
5468,low,1,14.0,3.0,9.5,B,-1.9
5469,low,0,3.0,10.0,5.4,A,-6.1
5470,high,1,31.0,3.0,3.7,A,-100.0
5471,high,3,12.0,16.0,8.9,A,14.3
5472,none,2,11.0,31.0,2.1,B,13.4
5473,none,1,18.0,15.0,7.2,D,9.7
5474,high,1,12.0,2.0,7.0,A,-100.0
5475,medium,2,15.0,12.0,9.7,B,15.0
5476,medium,2,6.0,0.0,7.1,A,-100.0
5477,medium,1,5.0,2.0,9.9,C,-1.3
5478,medium,0,12.0,3.0,5.7,A,-100.0
5479,low,2,8.0,1.0,3.9,A,-100.0
5480,high,0,10.0,10.0,9.8,A,14.4
5481,low,3,8.0,24.0,8.8,C,15.0
5482,low,3,5.0,11.0,3.4,A,-100.0
5483,high,1,4.0,19.0,2.7,A,-7.7
5484,medium,0,10.0,20.0,8.4,A,15.0
5485,low,1,5.0,17.0,7.0,C,14.7
5486,low,1,12.0,47.0,8.5,C,15.0
5487,medium,1,5.0,28.0,9.2,A,15.0
5488,low,0,2.0,1.0,2.7,B,-100.0
5489,high,1,2.0,9.0,9.1,A,6.7
5490,medium,2,9.0,6.0,9.3,B,0.9
5491,low,1,5.0,2.0,8.9,A,-6.4
5492,medium,0,7.0,23.0,9.4,A,15.0
5493,medium,2,5.0,1.0,8.2,A,-15.2
5494,none,0,9.0,0.0,9.1,A,-8.0
5495,low,1,18.0,8.0,9.6,A,8.8
5496,medium,3,16.0,4.0,8.7,A,-9.8
5497,none,3,24.0,18.0,1.7,A,-19.9
5498,none,2,14.0,9.0,7.1,A,-5.6
5499,high,0,4.0,12.0,6.4,A,0.5
5500,high,1,2.0,5.0,6.8,D,-14.3
5501,,4,3.0,14.0,9.4,C,13.7
5502,medium,1,23.0,6.0,9.5,A,3.1
5503,low,1,5.0,10.0,8.9,A,10.4
5504,low,0,1.0,8.0,3.2,A,-100.0
5505,none,0,2.0,7.0,10.0,A,12.4
5506,low,1,20.0,14.0,1.6,A,-100.0
5507,high,1,19.0,9.0,3.1,C,-100.0
5508,low,2,,33.0,7.2,C,
5509,low,0,17.0,0.0,8.2,A,-13.1
5510,low,0,3.0,10.0,2.8,C,-100.0
5511,high,3,6.0,31.0,6.7,A,15.0
5512,none,3,13.0,18.0,9.6,A,15.0
5513,high,0,13.0,2.0,7.6,A,-14.8
5514,none,6,7.0,28.0,9.6,A,15.0
5515,medium,0,8.0,15.0,8.1,A,15.0
5516,low,0,13.0,2.0,3.1,A,-100.0
5517,low,5,20.0,19.0,1.6,A,-100.0
5518,none,2,9.0,1.0,7.3,A,-100.0
5519,none,0,10.0,16.0,10.0,A,15.0
5520,high,2,3.0,4.0,1.8,C,-100.0
5521,low,4,8.0,2.0,1.2,A,-100.0
5522,none,2,2.0,12.0,2.7,C,-100.0
5523,high,2,22.0,12.0,3.8,C,-100.0
5524,high,4,11.0,20.0,9.6,A,15.0
5525,medium,2,5.0,6.0,3.6,B,-100.0
5526,low,1,3.0,26.0,8.5,A,15.0
5527,low,0,16.0,12.0,3.0,A,-16.4
5528,low,2,6.0,7.0,1.4,B,-100.0
5529,medium,0,2.0,28.0,1.8,C,11.6
5530,low,6,13.0,12.0,6.0,A,-14.6
5531,low,2,28.0,12.0,2.8,B,-100.0
5532,low,2,6.0,28.0,5.7,B,15.0
5533,none,0,26.0,3.0,8.2,C,-8.3
5534,low,0,7.0,30.0,2.8,A,15.0
5535,medium,4,5.0,4.0,1.2,C,-100.0
5536,high,0,12.0,0.0,3.5,D,-100.0
5537,medium,1,14.0,28.0,9.7,A,15.0
5538,high,2,12.0,18.0,1.2,C,-100.0
5539,high,0,1.0,9.0,9.9,A,13.7
5540,medium,1,8.0,6.0,3.9,A,-100.0
5541,none,1,6.0,7.0,8.5,A,1.2
5542,high,1,9.0,15.0,2.5,A,-17.7
5543,high,5,10.0,15.0,7.5,D,-0.3
5544,low,3,12.0,42.0,7.2,A,15.0
5545,high,4,0.0,2.0,8.2,B,-100.0
5546,low,1,2.0,2.0,8.8,C,-6.6
5547,low,0,7.0,4.0,1.4,A,-100.0
5548,low,1,14.0,1.0,2.7,A,-100.0
5549,high,0,15.0,15.0,1.0,A,-100.0
5550,high,3,2.0,9.0,8.1,A,-3.8
5551,high,1,9.0,6.0,8.8,A,-1.9
5552,low,3,10.0,2.0,4.9,A,-100.0
5553,high,0,15.0,16.0,6.9,B,10.5
5554,none,3,14.0,16.0,6.4,A,2.8
5555,medium,1,20.0,40.0,6.0,A,15.0
5556,medium,0,14.0,3.0,3.6,A,-100.0
5557,high,4,13.0,17.0,5.6,C,-4.3
5558,high,1,19.0,11.0,9.5,A,11.4
5559,medium,0,4.0,3.0,4.7,D,-100.0
5560,high,0,7.0,1.0,9.3,A,-7.0
5561,low,5,0.0,1.0,8.2,A,-100.0
5562,medium,3,14.0,1.0,1.3,A,-100.0
5563,high,1,12.0,1.0,2.3,A,-100.0
5564,low,2,2.0,2.0,6.9,A,-19.6
5565,low,0,19.0,9.0,3.7,A,-19.2
5566,medium,1,13.0,28.0,8.2,B,15.0
5567,high,3,21.0,0.0,1.4,A,-100.0
5568,low,1,16.0,4.0,8.8,A,-3.8
5569,medium,0,7.0,4.0,9.8,A,4.7
5570,high,1,2.0,4.0,8.1,C,-9.3
5571,none,3,6.0,12.0,7.6,A,1.8
5572,low,1,7.0,11.0,6.1,D,-3.1
5573,medium,1,9.0,14.0,9.3,C,15.0
5574,low,2,6.0,4.0,3.1,A,-100.0
5575,medium,1,8.0,1.0,9.4,A,-6.4
5576,low,1,7.0,10.0,7.5,C,2.5
5577,,0,3.0,15.0,8.0,D,15.0
5578,high,3,11.0,4.0,4.7,A,-100.0
5579,high,2,8.0,13.0,9.4,B,13.7
5580,medium,2,3.0,13.0,8.6,A,12.4
5581,medium,1,36.0,2.0,3.2,A,-100.0
5582,none,2,2.0,7.0,9.5,A,4.6
5583,low,1,16.0,5.0,2.4,B,-100.0
5584,high,1,2.0,2.0,5.0,A,-100.0
5585,high,1,5.0,44.0,6.5,A,15.0
5586,none,3,3.0,9.0,9.9,A,8.4
5587,high,4,12.0,7.0,9.3,B,-4.9
5588,medium,2,12.0,11.0,4.9,A,-13.1
5589,low,1,6.0,9.0,3.9,C,-19.3
5590,none,2,10.0,1.0,9.3,A,-9.9
5591,none,0,14.0,9.0,9.8,A,14.3
5592,low,4,6.0,40.0,2.0,C,15.0
5593,none,3,11.0,0.0,1.8,A,-100.0
5594,medium,3,6.0,48.0,5.9,A,15.0
5595,medium,3,14.0,37.0,4.4,A,15.0
5596,medium,2,10.0,5.0,6.5,A,-16.7
5597,medium,2,10.0,6.0,3.7,A,-100.0
5598,high,2,4.0,3.0,9.2,C,-8.0
5599,low,1,15.0,17.0,5.0,A,2.7
5600,medium,2,4.0,38.0,7.8,A,15.0
5601,none,0,19.0,6.0,5.0,A,-18.9
5602,low,2,5.0,20.0,1.5,A,-11.8
5603,low,3,8.0,6.0,9.9,A,2.2
5604,high,2,4.0,1.0,1.2,A,-100.0
5605,low,2,5.0,3.0,4.2,A,-100.0
5606,high,4,12.0,6.0,9.8,A,-4.2
5607,low,4,13.0,0.0,9.2,D,-17.2
5608,high,3,7.0,6.0,8.6,A,-7.8
5609,low,1,3.0,1.0,9.2,B,-6.6
5610,none,0,7.0,21.0,5.3,D,15.0
5611,low,0,4.0,42.0,8.3,C,15.0
5612,medium,3,,6.0,5.4,C,
5613,medium,4,12.0,15.0,4.5,A,-11.8
5614,low,0,6.0,4.0,1.7,A,-100.0
5615,low,0,3.0,2.0,8.8,A,-4.2
5616,none,1,6.0,2.0,8.2,A,-10.9
5617,none,2,13.0,4.0,9.5,D,-2.8
5618,high,1,26.0,29.0,2.0,B,7.3
5619,low,2,9.0,10.0,9.9,A,13.0
5620,none,1,13.0,7.0,1.3,A,-100.0
5621,low,2,10.0,8.0,6.8,A,-8.3
5622,medium,2,3.0,2.0,6.1,C,-100.0
5623,low,4,4.0,22.0,4.0,A,1.3
5624,medium,1,7.0,6.0,7.6,C,-5.7
5625,none,0,12.0,16.0,2.3,C,-12.1
5626,high,2,5.0,50.0,6.2,A,15.0
5627,,3,4.0,33.0,8.3,A,15.0
5628,none,1,9.0,10.0,4.6,C,-14.2
5629,high,2,4.0,10.0,3.1,A,-100.0
5630,high,0,5.0,2.0,8.9,A,-6.9
5631,high,1,4.0,8.0,5.0,C,-18.1
5632,low,2,27.0,8.0,8.5,A,-0.7
5633,high,2,10.0,5.0,9.7,C,-1.7
5634,high,2,9.0,3.0,8.8,A,-10.7
5635,high,1,10.0,17.0,1.1,A,-100.0
5636,none,0,8.0,14.0,4.3,A,-4.9
5637,medium,3,,1.0,8.5,C,
5638,low,0,3.0,2.0,7.4,A,-11.9
5639,medium,0,4.0,5.0,4.3,C,-100.0
5640,high,2,9.0,7.0,8.8,A,-2.3
5641,low,1,3.0,11.0,2.0,A,-100.0
5642,high,1,7.0,11.0,5.2,A,-11.0
5643,none,1,18.0,3.0,2.9,A,-100.0
5644,high,3,4.0,10.0,7.0,A,-7.9
5645,medium,0,10.0,29.0,9.7,A,15.0
5646,high,0,4.0,5.0,4.6,B,-100.0
5647,low,2,5.0,3.0,2.4,A,-100.0
5648,low,1,19.0,8.0,2.5,B,-100.0
5649,low,1,10.0,0.0,9.9,C,-5.6
5650,none,1,7.0,2.0,8.7,A,-8.3
5651,high,0,6.0,10.0,8.0,D,4.9
5652,,2,15.0,10.0,5.1,A,-14.6
5653,low,2,2.0,1.0,3.9,B,-100.0
5654,medium,0,7.0,13.0,3.6,A,-10.5
5655,medium,2,9.0,20.0,3.0,A,-4.3
5656,none,2,15.0,6.0,2.6,C,-100.0
5657,low,1,1.0,8.0,6.5,C,-6.6
5658,medium,2,5.0,1.0,9.5,A,-8.1
5659,medium,1,1.0,0.0,2.1,A,-100.0
5660,low,0,,4.0,3.6,C,
5661,none,4,7.0,14.0,8.7,A,9.4
5662,medium,2,9.0,4.0,2.2,C,-100.0
5663,high,0,17.0,21.0,1.2,A,-10.5
5664,medium,3,3.0,13.0,1.9,A,-100.0
5665,high,1,5.0,1.0,9.1,A,-10.4
5666,none,0,1.0,3.0,1.1,A,-100.0
5667,high,0,6.0,11.0,8.2,A,8.1
5668,medium,3,3.0,14.0,9.5,B,15.0
5669,none,0,8.0,31.0,3.4,A,15.0
5670,high,2,10.0,0.0,9.8,B,-11.6
5671,medium,3,4.0,8.0,8.0,A,-4.0
5672,medium,1,2.0,9.0,6.5,A,-5.0
5673,none,1,7.0,3.0,8.6,C,-6.7
5674,high,1,8.0,17.0,9.7,A,15.0
5675,high,2,2.0,2.0,8.2,A,-15.4
5676,high,1,10.0,4.0,7.7,A,-12.3
5677,none,3,15.0,5.0,1.5,A,-100.0
5678,high,2,27.0,4.0,9.1,D,-8.8
5679,low,0,4.0,4.0,6.3,A,-13.9
5680,low,4,6.0,23.0,5.6,C,12.0
5681,low,2,11.0,14.0,7.5,C,8.0
5682,high,2,10.0,4.0,4.7,B,-100.0
5683,low,2,9.0,46.0,5.8,A,15.0
5684,low,1,16.0,12.0,2.4,C,-100.0
5685,low,3,3.0,7.0,3.0,A,-100.0
5686,high,4,5.0,1.0,7.3,C,-100.0
5687,medium,0,7.0,8.0,1.5,A,-100.0
5688,none,3,3.0,24.0,9.2,A,15.0
5689,low,2,12.0,3.0,7.6,A,-14.6
5690,medium,1,4.0,5.0,2.3,A,-100.0
5691,low,2,3.0,9.0,8.7,A,4.9
5692,medium,1,23.0,1.0,9.4,A,-7.9
5693,high,0,6.0,1.0,7.2,D,-18.4
5694,high,1,5.0,19.0,8.3,A,15.0
5695,high,0,5.0,1.0,8.1,A,-13.4
5696,medium,1,18.0,4.0,7.5,A,-11.5
5697,low,1,5.0,2.0,4.1,A,-100.0
5698,high,1,1.0,2.0,9.3,A,-6.8
5699,low,0,2.0,17.0,5.7,A,10.3
5700,high,1,7.0,24.0,8.8,A,15.0
5701,low,3,10.0,17.0,1.1,A,-100.0
5702,none,2,15.0,16.0,7.1,A,9.0
5703,medium,1,3.0,6.0,3.1,A,-100.0
5704,low,0,9.0,8.0,4.9,A,-13.7
5705,high,2,20.0,21.0,1.3,C,-15.3
5706,low,0,10.0,4.0,8.2,A,-4.0
5707,low,1,17.0,1.0,3.3,A,-100.0
5708,medium,1,8.0,17.0,4.3,A,-0.9
5709,high,1,16.0,2.0,8.3,A,-13.8
5710,none,2,2.0,3.0,6.1,A,-100.0
5711,high,1,18.0,7.0,6.4,D,-13.9
5712,none,1,10.0,2.0,9.0,A,-6.9
5713,none,2,13.0,3.0,3.6,D,-100.0
5714,low,2,12.0,4.0,8.7,A,-6.5
5715,high,2,3.0,8.0,1.2,A,-100.0
5716,high,1,7.0,1.0,9.0,A,-11.1
5717,high,2,10.0,14.0,6.7,C,0.7
5718,low,3,21.0,8.0,1.6,A,-100.0
5719,none,3,5.0,14.0,8.2,C,9.4
5720,low,3,8.0,25.0,2.6,A,2.0
5721,low,0,40.0,5.0,8.2,C,-4.9
5722,high,0,19.0,17.0,9.6,D,15.0
5723,low,1,15.0,10.0,2.9,A,-100.0
5724,none,2,15.0,14.0,5.9,A,-1.8
5725,low,1,10.0,1.0,2.0,A,-100.0
5726,low,1,5.0,3.0,8.4,A,-7.0
5727,low,0,33.0,6.0,9.8,A,6.7
5728,high,3,3.0,33.0,1.2,A,8.6
5729,medium,3,14.0,11.0,7.5,A,-1.4
5730,low,1,,4.0,7.9,C,
5731,none,1,5.0,7.0,9.6,A,7.4
5732,medium,2,4.0,6.0,6.0,C,-16.7
5733,low,0,9.0,26.0,5.0,B,15.0
5734,none,0,27.0,2.0,6.3,C,-100.0
5735,none,3,21.0,28.0,2.0,A,3.1
5736,medium,0,16.0,1.0,9.5,A,-4.1
5737,none,0,8.0,12.0,7.2,A,6.9
5738,high,3,8.0,16.0,3.8,A,-13.3
5739,high,3,4.0,12.0,8.7,A,5.6
5740,medium,1,3.0,3.0,2.8,A,-100.0
5741,low,2,13.0,9.0,8.2,A,1.2
5742,high,2,5.0,21.0,8.1,A,15.0
5743,high,2,11.0,6.0,8.7,A,-5.2
5744,high,0,5.0,6.0,3.9,A,-100.0
5745,high,2,8.0,1.0,2.0,A,-100.0
5746,medium,1,8.0,20.0,9.1,A,15.0
5747,medium,2,18.0,10.0,6.9,A,-4.8
5748,none,1,1.0,23.0,8.3,A,15.0
5749,high,4,14.0,2.0,9.4,A,-15.0
5750,low,3,4.0,4.0,7.9,C,-12.6
5751,low,2,7.0,22.0,9.5,C,15.0
5752,low,0,22.0,16.0,2.8,A,-9.7
5753,high,2,3.0,20.0,9.0,A,15.0
5754,low,1,14.0,8.0,2.7,A,-100.0
5755,low,2,5.0,36.0,3.3,A,15.0
5756,high,3,6.0,14.0,6.1,A,
5757,high,1,17.0,2.0,2.3,A,-100.0
5758,high,2,7.0,16.0,7.3,A,8.5
5759,none,1,5.0,2.0,1.5,C,-100.0
5760,low,3,5.0,8.0,8.6,C,-0.4
5761,high,1,11.0,19.0,9.2,A,15.0
5762,low,1,15.0,26.0,8.6,A,15.0
5763,medium,5,3.0,6.0,6.0,A,-100.0
5764,high,1,3.0,19.0,3.9,A,-1.0
5765,medium,0,3.0,18.0,8.6,D,15.0
5766,high,1,6.0,28.0,8.1,C,15.0
5767,high,3,12.0,10.0,5.4,A,-17.5
5768,low,1,5.0,1.0,4.2,A,-100.0
5769,,2,8.0,2.0,8.2,A,-13.6
5770,low,0,9.0,9.0,7.2,A,1.1
5771,low,2,3.0,7.0,4.6,A,-100.0
5772,none,1,29.0,2.0,1.4,A,-100.0
5773,high,1,5.0,2.0,7.6,A,-16.5
5774,none,3,7.0,27.0,7.5,B,15.0
5775,high,0,13.0,10.0,9.9,A,14.6
5776,low,1,7.0,0.0,3.7,A,-100.0
5777,low,1,13.0,1.0,8.2,A,-13.1
5778,high,3,10.0,35.0,2.4,A,15.0
5779,medium,3,8.0,0.0,6.2,A,-100.0
5780,low,1,27.0,7.0,3.9,A,-100.0
5781,medium,0,8.0,15.0,9.1,B,15.0
5782,medium,1,13.0,13.0,2.0,A,-100.0
5783,none,1,8.0,7.0,7.8,A,-2.8
5784,high,0,10.0,13.0,8.9,C,15.0
5785,none,1,4.0,5.0,8.2,C,-4.4
5786,medium,0,6.0,5.0,3.2,A,-100.0
5787,low,0,13.0,7.0,2.0,A,-100.0
5788,none,1,8.0,15.0,7.3,A,11.2
5789,low,0,2.0,20.0,7.1,A,15.0
5790,high,3,3.0,15.0,3.0,D,-19.3
5791,medium,2,8.0,2.0,9.4,A,-6.8
5792,high,1,3.0,5.0,8.7,C,-4.0
5793,high,2,5.0,5.0,2.7,A,-100.0
5794,,2,15.0,4.0,8.6,A,-7.9
5795,low,1,0.0,6.0,8.7,C,1.4
5796,high,1,1.0,22.0,6.8,B,15.0
5797,none,3,8.0,8.0,9.4,C,3.1
5798,high,2,5.0,21.0,9.0,A,15.0
5799,none,2,28.0,3.0,1.4,A,-100.0
5800,medium,3,6.0,8.0,3.3,A,-100.0
5801,medium,3,17.0,29.0,9.0,A,15.0
5802,low,1,12.0,3.0,2.6,A,-100.0
5803,none,2,6.0,8.0,8.1,C,-1.4
5804,high,1,4.0,13.0,9.9,A,15.0
5805,medium,1,5.0,9.0,8.4,A,5.2
5806,low,1,9.0,10.0,1.1,A,-100.0
5807,high,2,5.0,1.0,1.4,D,-100.0
5808,low,2,1.0,4.0,9.3,A,-2.1
5809,low,1,8.0,0.0,3.8,A,-100.0
5810,high,2,12.0,11.0,6.0,A,-9.6
5811,medium,0,3.0,24.0,8.4,A,15.0
5812,low,3,38.0,49.0,9.7,B,15.0
5813,none,2,5.0,1.0,6.4,A,-100.0
5814,medium,3,7.0,0.0,8.2,A,-100.0
5815,medium,2,1.0,50.0,5.0,A,15.0
5816,none,2,16.0,27.0,9.1,A,15.0
5817,medium,1,37.0,4.0,9.2,C,-4.1
5818,low,2,3.0,1.0,6.9,A,-100.0
5819,high,1,13.0,41.0,1.5,A,15.0
5820,low,2,2.0,39.0,7.1,A,15.0
5821,medium,1,4.0,50.0,8.3,A,15.0
5822,none,2,4.0,0.0,3.1,A,-100.0
5823,low,1,12.0,24.0,1.1,A,-3.8
5824,medium,2,7.0,12.0,9.7,C,15.0
5825,high,4,5.0,0.0,8.4,A,-100.0
5826,low,2,15.0,2.0,8.5,C,-12.1
5827,high,2,7.0,13.0,3.1,B,-100.0
5828,high,4,3.0,1.0,9.9,A,-13.3
5829,medium,4,20.0,14.0,7.5,C,1.7
5830,high,1,11.0,4.0,2.4,A,-100.0
5831,high,0,5.0,12.0,6.6,C,1.5
5832,high,1,20.0,42.0,4.9,A,15.0
5833,high,2,11.0,1.0,6.0,A,-100.0
5834,high,2,9.0,14.0,7.3,C,4.1
5835,high,0,16.0,32.0,2.3,C,15.0
5836,none,0,8.0,3.0,8.3,A,-6.0
5837,none,2,32.0,1.0,9.7,A,-9.9
5838,high,2,11.0,43.0,4.2,A,15.0
5839,,0,3.0,17.0,3.1,C,-4.7
5840,low,1,5.0,24.0,8.3,A,15.0
5841,none,0,11.0,8.0,4.2,A,-18.3
5842,medium,2,1.0,14.0,9.5,D,15.0
5843,low,0,2.0,6.0,9.7,A,9.2
5844,high,1,14.0,35.0,6.8,C,15.0
5845,low,3,5.0,5.0,8.6,B,-6.7
5846,low,1,9.0,2.0,2.2,C,-100.0
5847,medium,0,7.0,5.0,9.3,C,4.0
5848,high,5,6.0,6.0,7.4,C,-19.3
5849,medium,3,8.0,4.0,2.5,A,-100.0
5850,none,2,5.0,46.0,9.9,A,15.0
5851,medium,1,6.0,0.0,9.5,C,-7.8
5852,high,1,1.0,11.0,2.7,A,-100.0
5853,none,1,2.0,1.0,3.7,C,-100.0
5854,low,0,1.0,2.0,9.5,A,-0.2
5855,high,3,16.0,3.0,9.1,A,-12.3
5856,medium,2,10.0,5.0,5.0,A,-100.0
5857,medium,3,3.0,7.0,9.4,A,1.7
5858,medium,2,10.0,13.0,3.2,C,-18.0
5859,none,2,12.0,13.0,8.8,A,12.4
5860,low,1,22.0,18.0,5.1,A,4.6
5861,low,2,6.0,5.0,9.6,A,1.2
5862,,2,14.0,21.0,3.7,C,0.9
5863,medium,1,0.0,5.0,6.3,A,-14.3
5864,low,1,1.0,28.0,8.9,C,15.0
5865,medium,3,12.0,9.0,8.3,B,-1.1
5866,high,1,11.0,13.0,1.1,A,-100.0
5867,low,4,10.0,5.0,2.8,A,-100.0
5868,high,2,5.0,34.0,7.4,A,15.0
5869,none,0,2.0,3.0,6.2,A,-16.9
5870,high,3,6.0,18.0,2.1,C,-18.3
5871,low,1,13.0,17.0,1.5,A,-16.4
5872,low,3,10.0,2.0,2.9,D,-100.0
5873,none,4,15.0,4.0,9.9,A,-5.8
5874,high,0,4.0,10.0,5.3,A,-9.8
5875,none,1,5.0,25.0,3.7,C,12.7
5876,low,1,3.0,5.0,7.5,C,-7.6
5877,high,3,0.0,1.0,9.7,A,-11.6
5878,low,1,13.0,3.0,5.3,C,-100.0
5879,low,2,13.0,4.0,2.8,A,-100.0
5880,none,0,3.0,3.0,7.6,C,-9.3
5881,none,1,5.0,2.0,9.2,D,-5.3
5882,low,3,9.0,8.0,7.6,A,-6.3
5883,none,2,7.0,11.0,9.4,A,12.0
5884,low,2,10.0,13.0,9.9,A,15.0
5885,low,1,4.0,33.0,9.3,A,15.0
5886,none,0,5.0,7.0,8.5,B,3.8
5887,medium,1,3.0,7.0,8.8,A,3.4
5888,high,2,3.0,5.0,9.1,C,-4.3
5889,low,2,15.0,17.0,9.3,A,15.0
5890,high,0,3.0,19.0,4.4,A,4.3
5891,low,0,7.0,1.0,8.6,A,-7.8
5892,high,0,8.0,7.0,8.9,C,3.3
5893,medium,0,6.0,4.0,8.1,B,-4.6
5894,low,2,2.0,37.0,8.4,A,15.0
5895,high,4,1.0,50.0,9.7,D,15.0
5896,low,2,6.0,6.0,3.2,C,-100.0
5897,none,1,14.0,4.0,4.2,A,-100.0
5898,none,0,11.0,9.0,9.5,A,12.9
5899,high,3,15.0,17.0,3.8,A,-11.9
5900,low,2,4.0,3.0,2.7,C,-100.0
5901,medium,1,6.0,1.0,2.3,A,-100.0
5902,medium,2,4.0,13.0,9.5,A,15.0
5903,medium,0,9.0,16.0,9.6,A,15.0
5904,low,1,13.0,1.0,6.9,A,-100.0
5905,low,2,3.0,1.0,9.8,A,-5.8
5906,none,0,4.0,3.0,2.8,A,-100.0
5907,medium,0,15.0,5.0,7.2,C,-8.3
5908,medium,0,7.0,12.0,2.2,A,-100.0
5909,none,3,10.0,50.0,9.1,A,15.0
5910,low,3,15.0,1.0,6.1,A,-100.0
5911,low,0,2.0,17.0,6.7,D,15.0
5912,medium,0,5.0,19.0,3.4,A,1.2
5913,low,1,15.0,3.0,2.5,B,-100.0
5914,medium,4,19.0,23.0,4.4,A,3.7
5915,low,1,5.0,3.0,2.4,A,-100.0
5916,low,1,12.0,7.0,9.0,A,4.0
5917,high,1,4.0,8.0,9.1,D,4.4
5918,high,2,21.0,7.0,9.0,B,-2.4
5919,low,0,9.0,24.0,1.7,A,2.3
5920,high,1,3.0,4.0,9.0,C,-4.4
5921,medium,3,10.0,1.0,2.3,C,-100.0
5922,low,0,9.0,8.0,9.7,B,12.7
5923,high,2,7.0,4.0,2.6,A,-100.0
5924,medium,0,5.0,2.0,4.5,A,-100.0
5925,medium,2,13.0,0.0,9.3,A,-12.0
5926,medium,1,3.0,4.0,3.7,B,-100.0
5927,none,2,2.0,9.0,5.4,A,-13.7
5928,medium,0,13.0,13.0,8.1,A,13.7
5929,none,1,1.0,13.0,8.3,B,13.2
5930,none,3,32.0,17.0,3.4,A,-13.4
5931,high,4,6.0,7.0,5.1,A,-100.0
5932,high,2,6.0,8.0,9.6,C,4.5
5933,medium,1,5.0,8.0,5.7,A,-11.8
5934,low,0,6.0,24.0,8.4,B,15.0
5935,low,1,4.0,14.0,7.1,A,9.0
5936,high,3,2.0,9.0,9.4,B,3.4
5937,none,1,3.0,22.0,8.7,A,15.0
5938,,1,15.0,17.0,8.1,A,15.0
5939,low,3,18.0,2.0,2.9,A,-100.0
5940,none,0,14.0,33.0,8.4,C,15.0
5941,medium,2,5.0,12.0,2.0,A,-100.0
5942,high,3,9.0,0.0,4.2,B,-100.0
5943,low,1,10.0,9.0,8.3,A,4.5
5944,low,1,10.0,0.0,4.3,B,-100.0
5945,low,3,19.0,1.0,1.6,A,-100.0
5946,high,0,4.0,13.0,9.4,A,15.0
5947,low,1,2.0,8.0,2.0,A,-100.0
5948,low,3,2.0,10.0,8.3,A,2.4
5949,medium,1,8.0,28.0,1.2,C,5.2
5950,medium,2,16.0,45.0,2.9,C,15.0
5951,none,1,17.0,13.0,8.5,A,12.7
5952,medium,2,8.0,4.0,9.4,A,-2.6
5953,medium,1,1.0,23.0,9.8,A,15.0
5954,high,0,4.0,5.0,9.7,A,3.9
5955,medium,0,4.0,1.0,9.7,A,-1.9
5956,medium,2,9.0,43.0,5.5,C,15.0
5957,high,1,19.0,2.0,9.8,D,-5.8
5958,none,1,7.0,3.0,9.8,C,-0.1
5959,medium,0,5.0,16.0,9.9,A,15.0
5960,low,3,17.0,1.0,4.7,A,-100.0
5961,medium,1,4.0,28.0,1.5,A,7.3
5962,none,2,14.0,4.0,2.4,C,-100.0
5963,none,0,12.0,2.0,3.9,C,-100.0
5964,high,0,9.0,35.0,2.9,A,15.0
5965,medium,0,1.0,6.0,8.2,C,0.7
5966,none,1,21.0,17.0,2.2,C,-13.9
5967,medium,0,10.0,15.0,9.5,A,15.0
5968,medium,1,10.0,9.0,7.8,B,1.4
5969,,1,8.0,12.0,2.9,A,-19.3
5970,high,1,1.0,19.0,7.3,A,15.0
5971,none,0,9.0,10.0,4.4,B,-12.8
5972,low,1,4.0,0.0,5.2,A,-100.0
5973,low,0,9.0,10.0,6.9,C,1.5
5974,low,0,9.0,37.0,7.9,A,15.0
5975,none,3,3.0,8.0,9.6,A,4.7
5976,low,1,14.0,3.0,6.5,A,-18.4
5977,medium,1,13.0,11.0,8.7,C,10.3
5978,low,0,11.0,8.0,9.2,A,9.8
5979,low,1,11.0,2.0,6.8,B,-18.5
5980,low,1,4.0,19.0,3.9,A,1.9
5981,medium,1,13.0,12.0,1.1,B,-100.0
5982,high,1,4.0,4.0,8.2,A,-8.9
5983,none,0,7.0,3.0,5.1,A,-100.0
5984,high,2,8.0,9.0,6.3,A,-11.8
5985,high,2,1.0,0.0,9.9,B,-10.2
5986,high,1,9.0,6.0,3.4,A,-100.0
5987,low,2,9.0,16.0,5.4,A,0.9
5988,medium,1,33.0,6.0,8.6,D,-2.8
5989,,1,21.0,48.0,2.4,D,15.0
5990,low,1,4.0,15.0,2.5,A,-14.2
5991,low,3,40.0,1.0,1.3,C,-100.0
5992,high,0,3.0,0.0,7.3,A,-19.7
5993,medium,1,10.0,16.0,4.9,A,0.2
5994,medium,2,10.0,32.0,1.9,A,14.8
5995,high,4,7.0,20.0,7.7,C,14.1
5996,none,1,14.0,2.0,7.1,D,-17.8
5997,medium,0,13.0,8.0,9.3,A,9.7
5998,medium,3,10.0,1.0,5.8,A,-100.0
5999,medium,0,4.0,7.0,8.9,C,6.4
6000,medium,0,6.0,7.0,7.9,C,0.6
6001,none,1,7.0,0.0,6.3,D,-100.0
6002,low,0,8.0,16.0,8.1,A,15.0
6003,low,1,9.0,2.0,9.8,A,-1.8
6004,medium,0,10.0,5.0,5.8,A,-15.5
6005,,0,8.0,6.0,3.9,A,-100.0
6006,medium,2,5.0,23.0,9.7,C,15.0
6007,high,5,15.0,32.0,8.8,C,15.0
6008,high,0,10.0,7.0,8.2,A,-0.7
6009,low,1,20.0,9.0,9.2,B,8.5
6010,high,1,5.0,3.0,4.6,A,-100.0
6011,medium,2,22.0,50.0,2.2,C,15.0
6012,medium,1,5.0,4.0,6.6,A,-15.2
6013,high,1,10.0,7.0,8.6,C,-1.0
6014,high,1,3.0,19.0,1.8,A,-12.5
6015,high,1,3.0,1.0,9.6,C,-7.4
6016,low,6,14.0,30.0,8.1,A,15.0
6017,medium,5,2.0,31.0,4.4,A,15.0
6018,medium,1,2.0,5.0,9.8,B,4.8
6019,low,1,6.0,17.0,2.5,A,-10.2
6020,high,1,18.0,6.0,5.5,A,-100.0
6021,medium,2,24.0,14.0,9.2,A,15.0
6022,none,2,1.0,5.0,9.1,B,-1.7
6023,none,4,19.0,5.0,3.2,C,-100.0
6024,high,1,12.0,1.0,6.1,C,-100.0
6025,medium,0,8.0,12.0,9.2,C,15.0
6026,high,1,13.0,1.0,9.0,A,-11.7
6027,low,1,3.0,3.0,2.8,B,-100.0
6028,medium,0,3.0,6.0,1.8,A,-100.0
6029,high,1,6.0,1.0,3.5,A,-100.0
6030,high,4,3.0,39.0,9.3,A,15.0
6031,none,2,19.0,28.0,5.7,A,15.0
6032,high,0,4.0,1.0,3.5,A,-100.0
6033,high,2,7.0,11.0,2.6,A,-100.0
6034,none,3,40.0,4.0,9.1,A,-10.2
6035,low,1,,0.0,6.2,C,
6036,high,2,7.0,26.0,4.6,A,14.7
6037,none,1,33.0,33.0,9.5,A,15.0
6038,high,0,5.0,50.0,3.8,B,15.0
6039,high,1,4.0,7.0,8.5,D,-1.0
6040,high,1,4.0,10.0,5.7,C,-10.1
6041,none,1,9.0,3.0,2.3,C,-100.0
6042,none,2,1.0,11.0,6.6,A,-2.8
6043,high,1,18.0,6.0,8.5,D,-4.5
6044,,0,4.0,3.0,1.5,A,-100.0
6045,high,2,22.0,6.0,5.5,A,-100.0
6046,high,6,8.0,46.0,8.5,A,15.0
6047,high,1,5.0,0.0,3.7,A,-100.0
6048,high,1,15.0,16.0,8.5,A,15.0
6049,low,0,7.0,6.0,9.2,A,6.0
6050,high,1,8.0,35.0,7.1,A,15.0
6051,medium,0,20.0,0.0,9.8,A,-5.0
6052,medium,0,9.0,4.0,4.3,C,-100.0
6053,low,2,10.0,2.0,4.7,B,-100.0
6054,high,0,6.0,14.0,5.1,A,-2.7
6055,high,1,6.0,1.0,2.6,A,-100.0
6056,low,4,27.0,5.0,8.7,A,-10.9
6057,,6,1.0,9.0,7.0,A,-14.8
6058,low,4,5.0,7.0,7.6,A,-10.5
6059,low,2,11.0,4.0,8.1,A,-9.7
6060,low,3,20.0,4.0,9.2,A,-7.0
6061,low,0,4.0,50.0,2.1,A,15.0
6062,high,3,2.0,10.0,8.4,A,-0.0
6063,none,3,12.0,17.0,4.5,D,-5.4
6064,medium,1,3.0,13.0,3.0,A,-15.9
6065,high,0,10.0,2.0,3.8,A,-100.0
6066,high,2,8.0,10.0,7.4,C,-3.6
6067,low,0,20.0,3.0,4.4,A,-100.0
6068,medium,4,6.0,12.0,2.0,B,-100.0
6069,none,3,21.0,14.0,3.6,C,-17.5
6070,medium,2,11.0,4.0,7.9,A,-11.1
6071,high,2,5.0,23.0,8.1,A,15.0
6072,low,2,9.0,4.0,9.4,B,-2.3
6073,high,2,12.0,2.0,9.7,C,-8.2
6074,medium,1,0.0,7.0,3.5,A,-100.0
6075,medium,1,21.0,1.0,3.1,A,-100.0
6076,low,1,7.0,44.0,8.2,C,15.0
6077,low,1,2.0,3.0,4.4,C,-100.0
6078,none,2,7.0,27.0,5.0,A,15.0
6079,low,2,29.0,1.0,8.5,A,-15.6
6080,none,2,3.0,10.0,8.4,C,4.8
6081,high,1,3.0,23.0,8.9,C,15.0
6082,low,3,3.0,37.0,4.7,D,15.0
6083,medium,2,5.0,10.0,6.4,C,-6.2
6084,low,1,2.0,7.0,9.7,A,8.8
6085,low,1,19.0,35.0,6.2,A,15.0
6086,high,1,10.0,4.0,8.9,C,-5.7
6087,medium,1,13.0,6.0,2.8,A,-100.0
6088,medium,1,12.0,3.0,9.4,D,-2.6
6089,high,4,18.0,15.0,8.6,A,7.5
6090,high,3,13.0,3.0,4.8,A,-100.0
6091,high,1,4.0,18.0,9.7,D,15.0
6092,low,4,19.0,2.0,3.7,A,-100.0
6093,low,0,7.0,1.0,8.1,A,-10.6
6094,medium,1,5.0,1.0,9.2,A,-7.2
6095,low,0,13.0,14.0,3.1,A,-11.4
6096,low,3,19.0,2.0,6.8,A,-100.0
6097,medium,1,19.0,2.0,8.1,A,-12.6
6098,none,2,20.0,16.0,8.8,A,15.0
6099,none,2,6.0,48.0,8.3,B,15.0
6100,high,1,11.0,37.0,5.1,A,15.0
6101,low,0,15.0,2.0,1.7,A,-100.0
6102,low,0,20.0,0.0,2.4,A,-100.0
6103,none,4,23.0,7.0,7.1,A,-15.7
6104,high,3,8.0,26.0,6.9,D,15.0
6105,medium,2,,18.0,9.1,C,
6106,none,2,5.0,2.0,8.6,D,-11.1
6107,low,3,23.0,15.0,8.3,A,10.8
6108,low,0,9.0,46.0,1.6,A,15.0
6109,none,2,5.0,39.0,1.9,B,15.0
6110,none,1,4.0,28.0,8.5,D,15.0
6111,low,0,3.0,1.0,3.6,A,-100.0
6112,medium,3,7.0,15.0,3.8,B,-12.7
6113,low,1,4.0,10.0,8.8,A,10.0
6114,medium,1,3.0,10.0,5.3,D,-9.6
6115,high,2,9.0,4.0,6.5,A,-100.0
6116,none,2,30.0,3.0,8.0,A,-14.8
6117,low,2,16.0,7.0,2.3,A,-100.0
6118,low,2,10.0,10.0,2.4,D,-100.0
6119,medium,4,11.0,17.0,9.4,A,15.0
6120,high,0,15.0,10.0,8.4,A,6.2
6121,low,0,11.0,1.0,7.8,A,-12.6
6122,none,1,4.0,1.0,6.8,C,-100.0
6123,none,2,17.0,4.0,6.7,C,-18.6
6124,medium,4,11.0,50.0,9.9,A,15.0
6125,medium,0,16.0,7.0,3.5,A,-100.0
6126,high,0,2.0,4.0,4.4,B,-100.0
6127,low,1,7.0,11.0,7.9,C,6.8
6128,medium,2,7.0,7.0,6.7,A,-11.0
6129,high,1,5.0,7.0,5.1,A,-19.8
6130,high,3,15.0,11.0,8.0,D,-1.4
6131,none,2,7.0,7.0,9.6,A,4.7
6132,high,1,25.0,2.0,2.8,A,-100.0
6133,none,3,20.0,18.0,5.5,A,1.4
6134,high,0,6.0,8.0,7.7,A,-1.0
6135,high,4,19.0,31.0,9.8,D,15.0
6136,none,1,5.0,0.0,9.2,A,-9.5
6137,high,1,3.0,21.0,7.0,A,15.0
6138,high,1,9.0,6.0,8.3,A,-4.7
6139,none,1,14.0,5.0,9.1,A,-0.5
6140,low,4,12.0,1.0,7.8,A,-100.0
6141,high,1,25.0,45.0,2.6,A,15.0
6142,medium,2,14.0,14.0,8.9,A,15.0
6143,medium,1,3.0,14.0,2.7,B,-15.5
6144,medium,1,5.0,14.0,9.0,A,15.0
6145,medium,1,9.0,6.0,9.8,A,6.2
6146,medium,1,3.0,16.0,5.8,A,5.8
6147,medium,2,15.0,3.0,6.2,C,-100.0
6148,none,2,8.0,4.0,1.2,A,-100.0
6149,high,0,11.0,2.0,8.0,A,-12.4
6150,low,1,21.0,34.0,3.9,C,15.0
6151,high,2,14.0,1.0,9.1,A,-13.8
6152,high,1,5.0,7.0,9.4,A,3.9
6153,low,0,16.0,3.0,6.8,A,-14.4
6154,low,2,5.0,2.0,6.1,A,-100.0
6155,medium,4,10.0,11.0,5.5,A,-14.5
6156,high,2,22.0,13.0,7.7,A,2.9
6157,,1,8.0,8.0,9.6,A,9.2
6158,medium,3,4.0,50.0,10.0,A,15.0
6159,low,1,10.0,26.0,3.7,A,14.9
6160,medium,1,2.0,30.0,7.6,A,15.0
6161,low,1,24.0,6.0,1.2,A,-100.0
6162,medium,2,10.0,0.0,3.9,A,-100.0
6163,low,1,9.0,1.0,9.4,A,-6.1
6164,high,1,22.0,5.0,2.1,C,-100.0
6165,high,2,4.0,1.0,4.5,A,-100.0
6166,high,1,6.0,35.0,5.3,C,15.0
6167,low,1,19.0,5.0,9.8,B,3.5
6168,medium,0,10.0,6.0,2.0,A,-100.0
6169,medium,0,2.0,1.0,1.2,A,-100.0
6170,high,0,9.0,20.0,6.9,D,15.0
6171,medium,0,16.0,1.0,5.1,A,-100.0
6172,low,0,15.0,30.0,1.8,A,14.9
6173,low,2,20.0,3.0,9.0,A,-7.7
6174,low,2,6.0,10.0,5.7,C,-9.8
6175,none,4,3.0,13.0,7.8,C,2.8
6176,medium,1,1.0,4.0,7.4,A,-10.4
6177,medium,3,9.0,17.0,6.6,C,6.7
6178,low,2,18.0,10.0,3.4,A,-100.0
6179,medium,1,8.0,14.0,8.6,A,15.0
6180,high,3,6.0,42.0,6.7,C,15.0
6181,low,1,10.0,0.0,6.7,B,-100.0
6182,high,4,21.0,18.0,8.4,A,12.4
6183,low,0,16.0,5.0,2.8,A,-100.0
6184,low,0,8.0,4.0,9.7,C,4.4
6185,low,1,11.0,23.0,9.2,A,15.0
6186,low,3,6.0,19.0,7.3,A,15.0
6187,medium,1,5.0,17.0,9.1,A,15.0
6188,low,2,12.0,9.0,8.7,C,4.0
6189,medium,2,12.0,2.0,9.3,A,-7.8
6190,none,0,14.0,3.0,3.2,A,-100.0
6191,none,0,7.0,0.0,5.6,A,-100.0
6192,low,1,22.0,9.0,8.6,B,5.0
6193,medium,1,1.0,12.0,8.5,A,12.5
6194,low,3,4.0,5.0,3.7,A,-100.0
6195,high,1,11.0,7.0,8.6,A,-1.1
6196,low,2,19.0,3.0,1.0,B,-100.0
6197,high,0,6.0,2.0,4.7,A,-100.0
6198,high,4,7.0,3.0,9.7,A,-10.6
6199,low,1,4.0,14.0,1.8,A,-100.0
6200,medium,0,3.0,0.0,6.5,B,-100.0
6201,low,0,21.0,4.0,3.8,A,-100.0
6202,none,0,3.0,8.0,3.5,A,-100.0
6203,low,0,4.0,1.0,1.7,C,-100.0
6204,medium,2,2.0,33.0,9.1,C,15.0
6205,none,1,4.0,0.0,4.9,C,-100.0
6206,high,2,0.0,15.0,8.1,D,11.5
6207,medium,1,4.0,18.0,2.0,A,-11.0
6208,high,0,14.0,10.0,9.0,A,9.6
6209,medium,3,19.0,23.0,9.4,A,15.0
6210,medium,2,14.0,17.0,4.7,C,-1.8
6211,low,2,15.0,15.0,6.9,A,6.4
6212,low,2,9.0,22.0,5.2,A,12.4
6213,medium,4,11.0,12.0,8.0,A,1.2
6214,high,2,1.0,3.0,4.0,A,-100.0
6215,none,2,23.0,17.0,7.2,D,10.9
6216,high,0,9.0,4.0,6.3,A,-17.4
6217,none,4,3.0,12.0,2.8,A,-100.0
6218,low,0,19.0,3.0,7.1,A,-13.1
6219,high,0,6.0,33.0,9.9,A,15.0
6220,high,2,3.0,11.0,8.2,A,3.4
6221,high,0,9.0,3.0,7.5,A,-12.9
6222,none,2,8.0,16.0,6.6,A,7.0
6223,low,2,5.0,5.0,10.0,A,3.5
6224,low,1,3.0,22.0,3.1,D,3.9
6225,low,1,7.0,1.0,3.2,A,-100.0
6226,none,1,22.0,2.0,9.6,C,-4.8
6227,low,2,20.0,3.0,4.8,A,-100.0
6228,high,0,4.0,7.0,1.4,B,-100.0
6229,medium,2,3.0,2.0,6.6,A,-100.0
6230,medium,2,5.0,50.0,9.1,A,15.0
6231,medium,2,8.0,5.0,3.3,A,-100.0
6232,none,1,12.0,5.0,4.4,A,-100.0
6233,high,1,7.0,3.0,3.4,A,-100.0
6234,medium,2,6.0,2.0,9.3,A,-7.1
6235,medium,2,22.0,7.0,6.7,A,-12.5
6236,medium,3,8.0,3.0,9.3,A,-7.8
6237,medium,1,9.0,21.0,8.4,A,15.0
6238,high,0,7.0,4.0,6.3,D,-17.2
6239,high,2,10.0,1.0,6.0,A,-100.0
6240,none,2,1.0,5.0,1.4,B,-100.0
6241,medium,0,5.0,11.0,6.3,B,0.4
6242,none,1,13.0,3.0,2.5,A,-100.0
6243,low,0,3.0,18.0,9.0,A,15.0
6244,low,2,25.0,29.0,8.4,A,15.0
6245,high,3,3.0,10.0,9.6,A,6.5
6246,low,1,12.0,23.0,1.8,C,-2.0
6247,low,4,8.0,6.0,1.8,A,-100.0
6248,none,0,8.0,7.0,3.3,A,-100.0
6249,high,0,4.0,1.0,9.4,C,-6.1
6250,medium,2,18.0,10.0,1.6,A,-100.0
6251,medium,3,10.0,18.0,8.7,A,15.0
6252,high,2,15.0,20.0,9.4,A,15.0
6253,high,1,10.0,20.0,1.5,A,-12.8
6254,high,1,16.0,22.0,3.7,A,2.9
6255,medium,0,11.0,7.0,2.1,B,-100.0
6256,low,3,15.0,7.0,2.1,A,-100.0
6257,low,0,10.0,3.0,6.5,B,-15.5
6258,low,2,5.0,1.0,3.6,A,-100.0
6259,high,2,13.0,10.0,8.1,C,-0.3
6260,high,1,16.0,50.0,9.8,B,15.0
6261,low,2,3.0,3.0,9.5,A,-3.3
6262,high,3,5.0,1.0,3.5,A,-100.0
6263,high,1,6.0,6.0,8.7,A,-2.2
6264,high,2,17.0,12.0,9.0,C,8.5
6265,high,0,12.0,8.0,8.4,A,2.3
6266,high,2,16.0,1.0,8.5,A,-17.3
6267,low,3,13.0,0.0,2.2,A,-100.0
6268,low,1,35.0,40.0,9.0,A,15.0
6269,medium,2,2.0,4.0,7.4,A,-13.0
6270,low,1,6.0,1.0,8.9,A,-8.6
6271,high,0,13.0,8.0,9.3,A,7.1
6272,none,3,0.0,12.0,3.2,A,-100.0
6273,high,3,5.0,12.0,5.8,A,-10.4
6274,high,0,2.0,44.0,9.1,A,15.0
6275,medium,3,12.0,3.0,6.6,A,-100.0
6276,medium,0,4.0,30.0,8.3,A,15.0
6277,medium,0,9.0,29.0,3.1,D,15.0
6278,none,0,7.0,5.0,10.0,A,7.7
6279,none,2,7.0,19.0,9.1,A,15.0
6280,low,2,21.0,9.0,4.8,A,-18.3
6281,high,0,8.0,47.0,9.7,C,15.0
6282,high,4,6.0,9.0,4.9,A,-100.0
6283,medium,1,3.0,23.0,9.6,D,15.0
6284,none,1,14.0,1.0,9.1,B,-8.9
6285,medium,0,4.0,14.0,7.1,A,11.1
6286,low,3,15.0,17.0,8.2,D,15.0
6287,medium,3,6.0,1.0,7.9,A,-19.4
6288,medium,1,4.0,8.0,5.6,B,-12.2
6289,low,1,17.0,50.0,5.5,A,15.0
6290,medium,2,4.0,6.0,8.1,D,-5.2
6291,high,1,2.0,23.0,7.3,B,15.0
6292,low,0,4.0,18.0,1.1,A,-13.1
6293,high,2,16.0,18.0,4.7,A,-2.5
6294,high,4,2.0,31.0,2.5,C,9.1
6295,low,6,15.0,7.0,6.6,C,-100.0
6296,high,0,5.0,1.0,2.7,A,-100.0
6297,high,2,20.0,22.0,9.0,A,15.0
6298,low,1,8.0,46.0,8.2,A,15.0
6299,high,0,14.0,16.0,8.7,C,15.0
6300,high,0,9.0,14.0,3.1,A,-14.0
6301,none,0,11.0,9.0,2.0,A,-100.0
6302,medium,1,8.0,34.0,10.0,A,15.0
6303,high,1,7.0,12.0,9.2,A,13.1
6304,high,1,4.0,2.0,8.4,A,-12.0
6305,high,2,10.0,14.0,3.0,C,-19.6
6306,high,3,12.0,4.0,8.0,A,-15.8
6307,medium,2,22.0,3.0,1.5,C,-100.0
6308,medium,3,5.0,4.0,3.4,A,-100.0
6309,none,1,3.0,23.0,9.4,A,15.0
6310,medium,2,14.0,26.0,7.6,A,15.0
6311,medium,1,6.0,2.0,9.0,A,-6.3
6312,medium,1,10.0,13.0,5.8,A,-1.2
6313,medium,2,10.0,6.0,3.2,A,-100.0
6314,high,4,15.0,20.0,2.7,A,-14.2
6315,low,1,10.0,16.0,3.0,C,-9.9
6316,high,3,4.0,11.0,5.7,A,-13.0
6317,medium,1,11.0,10.0,1.0,A,-100.0
6318,low,2,1.0,29.0,3.2,A,15.0
6319,medium,2,13.0,8.0,6.1,B,-12.9
6320,high,1,12.0,7.0,4.2,A,-100.0
6321,medium,2,5.0,7.0,7.8,A,-4.8
6322,none,3,12.0,13.0,1.8,A,-100.0
6323,none,2,14.0,50.0,6.7,C,15.0
6324,low,0,9.0,0.0,3.1,A,-100.0
6325,high,0,6.0,7.0,6.5,A,-9.7
6326,medium,0,5.0,17.0,4.6,A,3.6
6327,low,2,6.0,1.0,2.5,B,-100.0
6328,medium,0,8.0,9.0,9.3,A,12.4
6329,high,2,16.0,4.0,5.9,A,-100.0
6330,medium,1,19.0,18.0,2.8,C,-8.1
6331,high,0,13.0,9.0,9.0,A,7.6
6332,medium,0,2.0,9.0,9.5,A,14.0
6333,high,0,14.0,13.0,9.0,A,15.0
6334,low,2,19.0,8.0,4.7,B,-100.0
6335,low,4,6.0,3.0,8.7,A,-13.0
6336,medium,0,2.0,9.0,8.9,C,10.7
6337,medium,4,8.0,4.0,2.2,A,-100.0
6338,medium,1,8.0,6.0,10.0,A,7.4
6339,medium,2,7.0,5.0,8.4,A,-5.9
6340,high,1,5.0,12.0,3.3,A,-19.2
6341,high,2,2.0,29.0,3.2,A,13.8
6342,low,2,9.0,2.0,4.4,A,-100.0
6343,high,3,2.0,4.0,8.5,C,-12.1
6344,low,1,15.0,2.0,3.1,A,-100.0
6345,high,0,7.0,1.0,1.4,C,-100.0
6346,low,0,3.0,7.0,8.8,A,6.3
6347,medium,0,1.0,14.0,9.9,C,15.0
6348,high,3,2.0,12.0,4.6,A,-16.7
6349,none,2,3.0,12.0,8.6,A,10.1
6350,low,1,15.0,26.0,10.0,A,15.0
6351,medium,0,15.0,50.0,5.4,C,15.0
6352,high,2,13.0,4.0,9.2,A,-6.8
6353,none,2,5.0,0.0,3.0,A,-100.0
6354,low,4,5.0,19.0,9.0,A,15.0
6355,high,2,18.0,3.0,1.5,A,-100.0
6356,low,1,4.0,34.0,9.1,D,15.0
6357,medium,1,7.0,1.0,8.3,A,-12.4
6358,medium,2,11.0,18.0,9.9,C,15.0
6359,low,2,6.0,14.0,8.1,C,11.8
6360,high,1,7.0,14.0,8.4,A,12.9
6361,high,4,10.0,5.0,3.1,A,-100.0
6362,low,3,9.0,2.0,8.1,A,-16.2
6363,none,1,10.0,7.0,8.1,C,-1.4
6364,high,1,6.0,4.0,9.5,B,-2.0
6365,low,2,11.0,28.0,8.1,A,15.0
6366,high,2,10.0,28.0,9.3,D,15.0
6367,medium,0,11.0,8.0,8.7,A,6.6
6368,high,0,13.0,3.0,8.5,A,-7.8
6369,low,0,5.0,6.0,3.4,C,-100.0
6370,high,0,15.0,41.0,3.4,A,15.0
6371,high,1,6.0,18.0,2.9,A,-8.9
6372,high,0,6.0,3.0,9.3,A,-2.7
6373,high,2,10.0,19.0,8.2,A,15.0
6374,none,6,4.0,4.0,9.4,C,-12.4
6375,low,1,14.0,20.0,3.6,A,1.4
6376,medium,0,2.0,5.0,9.6,A,6.2
6377,low,1,18.0,3.0,9.8,A,-0.6
6378,medium,0,6.0,10.0,3.2,D,-18.9
6379,high,0,10.0,5.0,8.6,A,-2.7
6380,medium,4,20.0,7.0,9.5,A,-2.0
6381,medium,1,9.0,15.0,9.6,D,15.0
6382,high,1,6.0,2.0,9.1,A,-8.4
6383,medium,1,8.0,47.0,3.7,A,15.0
6384,medium,0,12.0,34.0,8.5,A,15.0
6385,medium,3,3.0,8.0,8.4,C,-1.7
6386,medium,0,5.0,1.0,2.8,B,-100.0
6387,medium,0,5.0,8.0,2.3,A,-100.0
6388,low,1,3.0,14.0,4.4,A,-5.7
6389,low,1,6.0,16.0,4.7,A,-0.2
6390,low,2,7.0,13.0,7.5,C,6.3
6391,medium,2,6.0,39.0,9.5,A,15.0
6392,high,2,9.0,2.0,6.1,A,-100.0
6393,high,1,11.0,40.0,4.9,C,15.0
6394,medium,0,13.0,7.0,6.0,B,-10.5
6395,medium,1,16.0,4.0,9.1,C,-2.5
6396,low,3,4.0,4.0,3.5,A,-100.0
6397,high,1,6.0,5.0,2.4,C,-100.0
6398,none,2,9.0,28.0,2.9,A,11.7
6399,medium,2,8.0,50.0,2.4,B,15.0
6400,high,2,19.0,1.0,6.6,C,-100.0
6401,high,1,7.0,5.0,5.3,A,-100.0
6402,low,2,12.0,3.0,9.9,A,-2.0
6403,none,1,16.0,0.0,2.5,B,-100.0
6404,low,3,22.0,0.0,9.6,A,-13.4
6405,medium,1,14.0,10.0,8.2,A,5.3
6406,none,5,6.0,27.0,7.8,B,15.0
6407,,1,2.0,5.0,8.6,C,-2.0
6408,medium,3,10.0,2.0,9.4,C,-9.5
6409,low,3,16.0,3.0,1.1,C,-100.0
6410,medium,0,34.0,8.0,5.1,C,-15.5
6411,low,1,12.0,6.0,6.0,C,-14.6
6412,medium,1,5.0,22.0,3.2,B,3.9
6413,high,0,14.0,3.0,3.9,A,-100.0
6414,high,1,4.0,50.0,3.2,A,15.0
6415,medium,0,2.0,0.0,9.4,A,-5.4
6416,low,1,8.0,12.0,3.1,A,-17.6
6417,low,0,12.0,25.0,1.3,D,1.9
6418,high,3,19.0,1.0,9.1,A,-16.8
6419,low,1,10.0,4.0,2.9,C,-100.0
6420,medium,2,10.0,0.0,8.6,B,-15.6
6421,low,2,5.0,2.0,9.4,A,-6.1
6422,,2,19.0,17.0,9.4,A,15.0
6423,low,3,8.0,21.0,5.1,C,7.3
6424,medium,2,8.0,2.0,6.7,A,-100.0
6425,high,1,20.0,17.0,4.2,D,-5.2
6426,high,3,12.0,17.0,8.2,A,12.6
6427,high,1,11.0,14.0,10.0,B,15.0
6428,high,1,5.0,40.0,1.1,C,15.0
6429,low,1,15.0,2.0,7.4,B,-15.6
6430,none,0,9.0,5.0,3.5,C,-100.0
6431,low,0,11.0,23.0,5.2,A,15.0
6432,high,1,6.0,22.0,4.7,C,9.4
6433,low,3,8.0,13.0,3.3,B,-19.4
6434,medium,0,5.0,1.0,1.2,A,-100.0
6435,low,0,4.0,2.0,8.7,D,-4.9
6436,high,1,12.0,14.0,6.1,A,-0.3
6437,high,0,2.0,10.0,8.6,A,8.6
6438,high,2,18.0,10.0,4.6,A,-100.0
6439,low,2,12.0,32.0,6.4,A,15.0
6440,low,2,13.0,14.0,1.6,A,-100.0
6441,high,2,8.0,1.0,3.4,A,-100.0
6442,low,1,22.0,6.0,1.9,B,-100.0
6443,medium,2,6.0,6.0,9.9,A,4.5
6444,high,2,11.0,14.0,7.9,A,7.2
6445,low,1,6.0,32.0,4.2,B,15.0
6446,medium,1,32.0,3.0,2.4,A,-100.0
6447,low,2,3.0,4.0,1.5,A,-100.0
6448,high,1,6.0,4.0,6.4,D,-19.0
6449,low,1,2.0,8.0,10.0,A,12.6
6450,high,2,11.0,4.0,7.4,C,-16.5
6451,none,3,2.0,23.0,9.5,D,15.0
6452,low,1,12.0,8.0,2.2,A,-100.0
6453,high,0,9.0,29.0,8.1,A,15.0
6454,low,1,10.0,4.0,4.9,A,-100.0
6455,medium,2,1.0,3.0,9.8,D,-1.8
6456,,1,19.0,10.0,1.4,C,-100.0
6457,medium,3,22.0,8.0,8.5,A,-3.1
6458,medium,2,8.0,20.0,5.4,A,9.0
6459,high,1,16.0,13.0,2.7,A,-100.0
6460,medium,3,10.0,32.0,9.4,A,15.0
6461,high,2,1.0,1.0,8.3,C,-16.9
6462,low,2,12.0,8.0,4.2,A,-100.0
6463,high,2,10.0,30.0,6.2,A,15.0
6464,none,2,15.0,13.0,1.3,A,-100.0
6465,high,0,12.0,9.0,9.1,A,8.2
6466,high,1,1.0,8.0,1.0,A,-100.0
6467,high,1,1.0,22.0,7.4,C,15.0
6468,low,1,17.0,18.0,2.2,A,-10.8
6469,none,3,12.0,11.0,9.5,C,9.5
6470,medium,1,2.0,5.0,3.3,A,-100.0
6471,none,2,4.0,2.0,4.5,A,-100.0
6472,low,1,23.0,40.0,8.1,A,15.0
6473,low,1,6.0,0.0,,D,
6474,medium,2,2.0,10.0,6.1,A,-7.6
6475,high,2,17.0,7.0,6.3,C,-16.9
6476,high,2,3.0,18.0,2.3,C,-14.4
6477,low,3,13.0,9.0,1.0,A,-100.0
6478,low,0,6.0,12.0,3.8,A,-11.0
6479,low,7,16.0,10.0,10.0,A,0.4
6480,medium,0,29.0,2.0,8.4,C,-9.4
6481,high,0,6.0,10.0,7.2,A,0.5
6482,high,3,5.0,7.0,8.2,A,-7.7
6483,medium,2,1.0,7.0,9.0,A,2.2
6484,low,0,9.0,12.0,1.0,B,-100.0
6485,medium,1,2.0,19.0,7.6,D,15.0
6486,high,0,6.0,7.0,6.3,C,-10.8
6487,low,0,7.0,18.0,9.0,A,15.0
6488,medium,2,6.0,11.0,6.7,A,-2.5
6489,low,0,5.0,8.0,4.7,C,-14.4
6490,medium,0,14.0,2.0,6.3,B,-19.5
6491,high,0,15.0,3.0,10.0,A,0.3
6492,none,1,14.0,27.0,2.4,C,8.9
6493,medium,0,18.0,15.0,3.2,C,-9.6
6494,medium,2,3.0,4.0,3.6,B,-100.0
6495,low,3,13.0,13.0,2.9,A,-100.0
6496,low,1,6.0,17.0,6.4,A,11.3
6497,high,2,5.0,11.0,9.8,A,12.0
6498,none,1,15.0,2.0,2.3,A,-100.0
6499,high,1,3.0,5.0,1.7,A,-100.0
6500,high,0,,15.0,8.0,C,
6501,medium,1,13.0,2.0,8.2,A,-11.4
6502,low,0,26.0,16.0,9.4,A,15.0
6503,none,1,5.0,1.0,2.4,A,-100.0
6504,high,0,19.0,4.0,9.9,A,1.4
6505,low,0,33.0,8.0,8.6,A,4.3
6506,high,0,14.0,5.0,4.0,A,-100.0
6507,medium,2,18.0,21.0,3.4,B,-0.9
6508,low,0,22.0,49.0,2.7,C,15.0
6509,medium,2,12.0,0.0,1.0,A,-100.0
6510,low,0,22.0,5.0,8.9,A,0.7
6511,high,1,10.0,6.0,3.6,A,-100.0
6512,medium,1,14.0,5.0,3.7,A,-100.0
6513,high,2,9.0,27.0,9.4,A,15.0
6514,low,1,5.0,6.0,4.9,A,-20.0
6515,none,2,7.0,9.0,2.8,A,-100.0
6516,low,2,12.0,11.0,6.2,A,-5.5
6517,none,2,18.0,15.0,2.0,A,-100.0
6518,low,2,6.0,15.0,9.4,A,15.0
6519,high,5,2.0,2.0,8.7,A,-100.0
6520,high,2,12.0,1.0,9.3,A,-12.5
6521,high,1,8.0,1.0,3.0,A,-100.0
6522,high,4,8.0,33.0,2.6,A,13.3
6523,,1,5.0,2.0,9.3,D,-4.8
6524,low,1,11.0,3.0,1.7,C,-100.0
6525,high,1,4.0,10.0,5.8,B,-9.5
6526,low,3,5.0,15.0,3.1,B,-16.0
6527,medium,4,4.0,14.0,7.8,A,5.0
6528,high,1,7.0,5.0,6.9,A,-14.3
6529,medium,2,5.0,7.0,9.5,A,4.6
6530,low,0,16.0,17.0,6.1,C,11.1
6531,none,3,21.0,14.0,9.6,C,15.0
6532,high,0,14.0,2.0,7.1,C,-17.7
6533,none,0,10.0,11.0,9.7,A,15.0
6534,low,0,19.0,5.0,6.6,A,-11.6
6535,high,1,6.0,19.0,,D,
6536,low,2,2.0,1.0,10.0,C,-4.6
6537,medium,1,7.0,21.0,9.7,A,15.0
6538,medium,1,4.0,8.0,8.8,C,5.4
6539,low,1,3.0,1.0,8.5,A,-10.5
6540,high,2,9.0,18.0,9.2,A,15.0
6541,low,1,7.0,3.0,7.0,A,-14.9
6542,low,2,4.0,5.0,4.2,A,-100.0
6543,medium,1,8.0,15.0,9.2,A,15.0
6544,high,1,4.0,11.0,2.4,A,-100.0
6545,high,1,10.0,7.0,7.5,A,-7.1
6546,low,1,5.0,9.0,8.7,A,7.2
6547,,1,10.0,8.0,9.3,C,7.3
6548,none,0,11.0,11.0,5.7,C,-3.8
6549,low,1,7.0,0.0,3.7,A,-100.0
6550,none,1,6.0,7.0,9.1,A,4.5
6551,high,0,8.0,3.0,8.0,A,-10.0
6552,none,0,16.0,1.0,8.7,A,-8.8
6553,low,3,8.0,1.0,9.8,A,-8.8
6554,none,2,3.0,11.0,2.7,B,-100.0
6555,low,1,8.0,2.0,2.3,A,-100.0
6556,high,3,11.0,5.0,8.0,B,-13.6
6557,low,2,8.0,1.0,7.5,A,-19.0
6558,low,1,13.0,40.0,5.8,A,15.0
6559,medium,0,5.0,27.0,4.9,A,15.0
6560,low,0,6.0,9.0,5.0,A,-10.7
6561,low,2,6.0,22.0,6.0,B,15.0
6562,low,2,6.0,1.0,8.3,C,-14.4
6563,medium,3,4.0,1.0,8.9,B,-13.7
6564,medium,4,4.0,9.0,7.7,C,-6.0
6565,none,2,5.0,11.0,9.1,A,10.5
6566,none,2,9.0,4.0,2.9,C,-100.0
6567,none,0,8.0,8.0,6.5,B,-5.4
6568,high,1,3.0,12.0,9.2,D,13.5
6569,low,1,6.0,2.0,9.5,A,-3.2
6570,high,1,8.0,31.0,7.9,A,15.0
6571,high,2,10.0,2.0,8.3,D,-15.7
6572,high,0,20.0,11.0,8.3,A,7.2
6573,none,2,16.0,14.0,2.1,A,-100.0
6574,high,0,15.0,40.0,1.3,A,15.0
6575,medium,2,16.0,5.0,3.0,B,-100.0
6576,low,1,9.0,9.0,5.2,A,-12.4
6577,,2,25.0,44.0,1.9,A,15.0
6578,low,1,9.0,2.0,8.5,A,-9.0
6579,low,2,4.0,8.0,3.8,A,-100.0
6580,low,2,16.0,20.0,5.2,C,7.5
6581,medium,0,8.0,21.0,2.3,A,-0.9
6582,high,0,2.0,6.0,9.8,A,6.8
6583,high,1,13.0,2.0,9.4,D,-7.4
6584,low,0,4.0,41.0,2.6,A,15.0
6585,low,0,19.0,8.0,5.7,A,-10.3
6586,,2,5.0,14.0,9.0,C,15.0
6587,medium,1,28.0,4.0,8.9,A,-4.8
6588,low,2,4.0,8.0,8.8,A,3.3
6589,high,0,,4.0,6.9,C,
6590,high,2,16.0,15.0,4.1,A,-12.1
6591,high,1,5.0,3.0,5.3,A,-100.0
6592,medium,3,13.0,19.0,8.7,A,15.0
6593,medium,2,7.0,32.0,9.7,A,15.0
6594,low,0,14.0,9.0,9.5,A,13.2
6595,high,1,1.0,50.0,,A,
6596,medium,1,15.0,3.0,5.8,A,-100.0
6597,,3,3.0,1.0,8.9,A,-13.9
6598,high,4,10.0,7.0,6.0,A,-100.0
6599,high,0,6.0,5.0,1.2,A,-100.0
6600,low,3,4.0,2.0,9.7,A,-6.9
6601,high,0,4.0,4.0,9.6,B,1.3
6602,medium,2,13.0,1.0,4.2,B,-100.0
6603,medium,1,2.0,9.0,7.7,A,1.6
6604,high,2,6.0,21.0,3.5,A,-1.8
6605,low,4,15.0,13.0,8.9,B,8.2
6606,low,2,,0.0,10.0,C,
6607,low,0,7.0,5.0,2.4,A,-100.0
6608,low,0,15.0,29.0,8.7,A,15.0
6609,high,2,11.0,35.0,4.3,A,15.0
6610,none,4,4.0,10.0,6.6,C,-10.2
6611,medium,0,16.0,0.0,9.7,B,-5.1
6612,high,3,4.0,3.0,9.9,A,-6.7
6613,,0,6.0,3.0,7.8,A,-8.5
6614,low,2,15.0,32.0,5.2,A,15.0
6615,high,1,5.0,5.0,7.7,C,-9.7
6616,high,2,8.0,1.0,4.5,A,-100.0
6617,high,1,7.0,12.0,9.1,C,12.5
6618,none,1,9.0,2.0,7.1,A,-17.3
6619,none,1,9.0,2.0,8.9,C,-7.4
6620,medium,1,2.0,17.0,8.7,D,15.0
6621,low,1,0.0,3.0,8.0,A,-8.7
6622,none,1,14.0,19.0,1.2,B,-14.5
6623,medium,0,13.0,15.0,4.5,A,-1.9
6624,low,0,8.0,14.0,5.4,B,1.8
6625,low,1,4.0,5.0,8.1,C,-4.4
6626,high,5,4.0,0.0,10.0,A,-17.4
6627,,3,18.0,7.0,8.3,A,-6.1
6628,high,3,5.0,0.0,9.4,A,-15.8
6629,high,2,4.0,17.0,5.1,D,-1.2
6630,high,4,9.0,22.0,7.0,A,14.3
6631,low,3,10.0,16.0,7.6,A,10.4
6632,high,2,15.0,25.0,8.8,C,15.0
6633,none,0,8.0,23.0,9.9,A,15.0
6634,high,4,6.0,8.0,1.9,A,-100.0
6635,medium,2,9.0,11.0,8.8,C,8.7
6636,medium,3,6.0,3.0,8.8,C,-10.3
6637,low,2,6.0,7.0,4.3,A,-100.0
6638,medium,1,1.0,11.0,1.6,A,-100.0
6639,none,3,9.0,46.0,6.6,A,15.0
6640,high,1,3.0,3.0,1.6,B,-100.0
6641,high,3,8.0,4.0,8.3,A,-13.8
6642,low,2,2.0,27.0,6.9,A,15.0
6643,high,3,20.0,23.0,8.1,A,15.0
6644,medium,6,5.0,28.0,8.9,A,15.0
6645,medium,1,5.0,5.0,5.6,A,-18.6
6646,high,4,9.0,27.0,9.4,A,15.0
6647,low,2,3.0,9.0,2.4,A,-100.0
6648,low,3,23.0,12.0,9.5,C,11.1
6649,low,0,6.0,13.0,8.2,A,15.0
6650,none,1,3.0,3.0,9.7,A,-0.3
6651,low,0,11.0,12.0,9.7,A,15.0
6652,none,2,11.0,0.0,9.0,D,-13.7
6653,medium,2,2.0,5.0,,B,
6654,high,2,3.0,39.0,6.9,A,15.0
6655,low,1,6.0,6.0,10.0,A,8.0
6656,high,0,10.0,3.0,1.2,B,-100.0
6657,none,0,9.0,12.0,9.1,A,15.0
6658,medium,1,35.0,0.0,2.0,D,-100.0
6659,none,1,7.0,2.0,1.1,A,-100.0
6660,high,0,4.0,1.0,2.2,B,-100.0
6661,none,6,7.0,24.0,8.7,A,15.0
6662,high,2,8.0,7.0,1.7,C,-100.0
6663,medium,1,13.0,4.0,3.5,C,-100.0
6664,low,1,2.0,15.0,8.9,B,15.0
6665,medium,1,7.0,29.0,5.5,A,15.0
6666,none,1,12.0,8.0,5.9,A,-11.6
6667,high,0,3.0,8.0,8.7,C,4.8
6668,medium,1,2.0,17.0,9.4,B,15.0
6669,low,2,4.0,5.0,9.4,A,0.3
6670,low,2,10.0,19.0,7.2,B,15.0
6671,high,0,16.0,25.0,3.5,A,10.6
6672,high,3,12.0,36.0,8.9,D,15.0
6673,none,0,11.0,26.0,9.4,B,15.0
6674,high,2,3.0,23.0,6.5,A,15.0
6675,low,1,12.0,33.0,8.7,A,15.0
6676,high,2,14.0,7.0,8.4,A,-5.0
6677,medium,2,5.0,9.0,9.3,A,7.7
6678,high,2,8.0,4.0,6.9,A,-19.0
6679,medium,2,7.0,29.0,9.2,A,15.0
6680,low,2,12.0,28.0,2.0,C,7.1
6681,low,2,8.0,4.0,4.8,A,-100.0
6682,high,1,9.0,5.0,9.2,A,-1.8
6683,low,1,16.0,50.0,2.3,A,15.0
6684,high,2,11.0,7.0,8.1,C,-6.4
6685,high,0,17.0,12.0,1.4,A,-100.0
6686,high,2,18.0,0.0,3.5,A,-100.0
6687,low,1,2.0,10.0,8.7,A,9.6
6688,low,2,18.0,14.0,8.9,A,15.0
6689,low,3,2.0,11.0,9.1,A,8.9
6690,high,0,29.0,9.0,9.2,D,7.1
6691,high,1,28.0,2.0,8.4,A,-14.4
6692,high,1,11.0,4.0,2.2,B,-100.0
6693,medium,1,14.0,16.0,8.5,C,15.0
6694,high,4,19.0,3.0,9.0,C,-15.6
6695,medium,1,10.0,2.0,3.9,C,-100.0
6696,none,0,17.0,10.0,9.0,A,11.7
6697,high,3,13.0,6.0,6.0,A,-100.0
6698,none,1,3.0,7.0,4.9,B,-18.3
6699,none,0,18.0,15.0,2.3,A,-14.8
6700,low,3,18.0,5.0,4.7,A,-100.0
6701,high,4,14.0,9.0,7.5,C,-10.8
6702,low,3,5.0,14.0,4.1,A,-12.6
6703,low,2,17.0,32.0,2.4,A,15.0
6704,medium,1,5.0,10.0,4.8,A,-12.5
6705,low,2,12.0,40.0,8.7,A,15.0
6706,high,1,23.0,2.0,1.7,A,-100.0
6707,medium,1,4.0,7.0,9.6,C,7.7
6708,low,3,3.0,7.0,1.9,C,-100.0
6709,none,3,17.0,30.0,3.0,A,13.2
6710,medium,4,8.0,4.0,9.1,A,-9.3
6711,none,2,3.0,6.0,8.8,A,-1.4
6712,high,4,11.0,12.0,4.5,B,-100.0
6713,none,1,10.0,2.0,7.5,A,-15.2
6714,medium,1,5.0,3.0,9.2,A,-3.0
6715,high,3,7.0,6.0,8.4,B,-8.9
6716,low,2,5.0,2.0,1.1,A,-100.0
6717,medium,1,1.0,15.0,9.4,A,15.0
6718,low,1,24.0,21.0,9.8,C,15.0
6719,low,2,22.0,3.0,2.0,C,-100.0
6720,low,1,14.0,10.0,4.7,C,-13.6
6721,high,1,20.0,2.0,3.9,D,-100.0
6722,none,0,16.0,9.0,9.5,B,12.4
6723,high,2,9.0,24.0,2.1,A,-3.5
6724,high,1,4.0,5.0,6.9,A,-14.0
6725,low,2,8.0,4.0,8.7,A,-6.1
6726,high,2,20.0,12.0,8.3,A,4.3
6727,high,2,3.0,7.0,6.1,A,-16.6
6728,high,0,1.0,21.0,3.8,A,5.4
6729,high,1,9.0,3.0,2.9,A,-100.0
6730,high,3,2.0,3.0,3.1,C,-100.0
6731,low,0,7.0,0.0,7.5,A,-16.0
6732,medium,1,17.0,5.0,6.4,A,-15.4
6733,medium,4,4.0,7.0,9.4,A,-0.9
6734,low,0,17.0,15.0,9.7,C,15.0
6735,none,1,5.0,19.0,8.4,A,15.0
6736,high,1,8.0,28.0,8.2,A,15.0
6737,none,2,7.0,6.0,8.3,A,-4.6
6738,none,0,3.0,11.0,4.3,A,-10.7
6739,low,1,7.0,30.0,10.0,C,15.0
6740,high,1,18.0,7.0,1.4,A,-100.0
6741,high,1,2.0,7.0,9.7,D,5.8
6742,high,2,5.0,32.0,7.0,A,15.0
6743,low,0,13.0,1.0,4.2,A,-100.0
6744,medium,0,12.0,18.0,4.1,A,2.3
6745,low,4,8.0,2.0,9.4,A,-11.4
6746,none,1,8.0,0.0,8.4,C,-14.2
6747,none,1,19.0,3.0,8.7,A,-7.4
6748,none,3,6.0,8.0,3.6,A,-100.0
6749,medium,0,2.0,3.0,2.4,C,-100.0
6750,low,2,14.0,15.0,1.7,A,-100.0
6751,none,2,3.0,13.0,9.7,A,15.0
6752,high,0,19.0,13.0,7.5,A,7.1
6753,high,2,12.0,7.0,4.8,C,-100.0
6754,low,0,3.0,28.0,9.3,A,15.0
6755,none,3,12.0,50.0,6.3,A,15.0
6756,medium,0,7.0,19.0,3.4,B,1.0
6757,none,3,25.0,13.0,9.5,A,12.4
6758,low,1,10.0,8.0,4.2,A,-100.0
6759,high,2,9.0,21.0,9.9,C,15.0
6760,medium,4,4.0,13.0,1.1,A,-100.0
6761,none,1,24.0,15.0,9.0,B,15.0
6762,medium,2,7.0,30.0,9.8,A,15.0
6763,medium,3,13.0,31.0,7.1,A,15.0
6764,low,1,17.0,5.0,9.6,A,2.6
6765,none,3,1.0,2.0,4.2,A,-100.0
6766,high,2,1.0,3.0,8.5,A,-11.6
6767,high,2,3.0,50.0,9.9,D,15.0
6768,low,0,5.0,13.0,5.7,A,1.6
6769,medium,2,12.0,20.0,7.0,A,15.0
6770,medium,2,8.0,1.0,4.2,A,-100.0
6771,high,0,,0.0,6.1,C,
6772,low,3,2.0,0.0,9.4,A,-12.5
6773,low,1,4.0,8.0,9.3,A,8.5
6774,low,1,9.0,20.0,9.9,A,15.0
6775,low,1,13.0,6.0,3.8,B,-100.0
6776,none,3,11.0,4.0,9.6,C,-4.5
6777,none,1,8.0,45.0,6.3,C,15.0
6778,high,3,19.0,16.0,9.8,B,15.0
6779,low,1,10.0,1.0,4.3,B,-100.0
6780,low,0,3.0,10.0,9.8,C,15.0
6781,high,1,4.0,4.0,7.8,C,-11.1
6782,low,0,25.0,2.0,5.6,A,-100.0
6783,none,0,34.0,23.0,1.6,C,-3.4
6784,high,0,10.0,1.0,8.3,A,-12.8
6785,low,1,21.0,2.0,5.6,B,-100.0
6786,high,0,4.0,25.0,3.5,A,11.8
6787,high,1,16.0,10.0,2.7,B,-100.0
6788,none,2,6.0,21.0,3.9,A,2.8
6789,high,1,10.0,19.0,4.1,C,-0.6
6790,medium,0,4.0,6.0,1.2,A,-100.0
6791,high,0,3.0,2.0,2.3,A,-100.0
6792,high,0,5.0,5.0,3.2,B,-100.0
6793,high,1,2.0,5.0,,A,
6794,high,2,16.0,10.0,8.5,A,1.6
6795,medium,3,27.0,50.0,2.8,A,15.0
6796,none,1,5.0,50.0,3.7,A,15.0
6797,low,0,17.0,8.0,8.6,A,5.9
6798,medium,1,22.0,50.0,4.6,A,15.0
6799,high,2,23.0,35.0,4.6,A,15.0
6800,low,1,12.0,2.0,9.3,C,-4.9
6801,medium,3,11.0,13.0,8.2,A,6.9
6802,,1,33.0,5.0,8.0,A,-8.4
6803,low,0,15.0,5.0,7.7,A,-5.2
6804,high,3,30.0,12.0,9.0,B,4.7
6805,medium,2,21.0,19.0,9.4,C,15.0
6806,low,1,14.0,15.0,4.5,A,-4.2
6807,medium,4,15.0,12.0,7.7,C,-0.9
6808,medium,4,6.0,3.0,7.4,A,-100.0
6809,high,2,13.0,1.0,9.3,A,-12.6
6810,,1,16.0,4.0,8.1,C,-8.3
6811,high,3,20.0,2.0,6.4,C,-100.0
6812,medium,2,11.0,3.0,6.6,A,-100.0
6813,medium,3,7.0,0.0,8.7,A,-17.2
6814,medium,1,11.0,50.0,8.4,A,15.0
6815,low,3,23.0,1.0,9.4,A,-12.5
6816,medium,1,12.0,7.0,2.6,B,-100.0
6817,high,1,2.0,15.0,3.3,A,-12.6
6818,none,2,2.0,14.0,3.1,C,-15.9
6819,none,2,12.0,1.0,3.6,A,-100.0
6820,high,1,13.0,16.0,9.3,D,15.0
6821,,2,6.0,2.0,7.0,B,-100.0
6822,high,0,15.0,29.0,6.5,A,15.0
6823,medium,0,,15.0,9.7,C,
6824,low,1,10.0,3.0,9.7,A,-0.4
6825,medium,1,9.0,37.0,3.1,A,15.0
6826,low,0,13.0,10.0,9.0,A,12.7
6827,none,3,6.0,5.0,3.7,B,-100.0
6828,high,1,9.0,0.0,4.2,A,-100.0
6829,low,1,10.0,3.0,6.2,A,-19.6
6830,low,1,25.0,11.0,9.1,B,11.6
6831,none,1,4.0,50.0,7.6,A,15.0
6832,high,1,17.0,40.0,8.9,A,15.0
6833,,1,6.0,7.0,9.2,A,5.1
6834,medium,0,2.0,11.0,3.7,A,-13.7
6835,,1,5.0,1.0,3.3,A,-100.0
6836,low,2,17.0,19.0,4.0,A,-1.3
6837,medium,1,20.0,5.0,9.0,A,-1.4
6838,high,1,2.0,32.0,2.9,C,15.0
6839,medium,1,9.0,37.0,4.4,C,15.0
6840,high,0,4.0,35.0,7.2,A,15.0
6841,none,2,18.0,1.0,2.3,A,-100.0
6842,medium,1,16.0,24.0,5.9,C,15.0
6843,medium,1,1.0,9.0,2.0,A,-100.0
6844,high,1,3.0,17.0,9.8,A,15.0
6845,medium,3,1.0,41.0,3.4,C,15.0
6846,high,3,5.0,18.0,1.7,A,-100.0
6847,high,0,7.0,33.0,1.9,A,15.0
6848,medium,4,11.0,13.0,1.5,A,-100.0
6849,high,3,7.0,8.0,9.6,A,1.9
6850,none,2,2.0,8.0,8.8,A,2.9
6851,medium,0,5.0,9.0,8.2,C,6.6
6852,high,2,18.0,21.0,7.6,A,15.0
6853,high,3,10.0,1.0,9.8,C,-12.0
6854,low,0,25.0,6.0,8.7,A,1.4
6855,medium,0,8.0,15.0,5.3,B,3.0
6856,medium,1,13.0,3.0,9.0,B,-4.9
6857,low,0,6.0,5.0,3.6,A,-100.0
6858,medium,2,3.0,50.0,7.8,A,15.0
6859,medium,2,7.0,2.0,3.0,A,-100.0
6860,none,3,4.0,41.0,1.0,D,15.0
6861,medium,1,16.0,17.0,5.8,A,6.6
6862,none,3,22.0,3.0,3.5,A,-100.0
6863,medium,0,18.0,12.0,7.6,A,8.3
6864,none,0,3.0,3.0,9.6,A,1.7
6865,low,1,12.0,2.0,1.5,C,-100.0
6866,high,1,10.0,3.0,1.9,A,-100.0
6867,medium,1,7.0,11.0,8.6,C,10.3
6868,none,0,12.0,1.0,6.3,A,-100.0
6869,low,2,14.0,35.0,3.4,A,15.0
6870,high,2,4.0,0.0,2.0,A,-100.0
6871,low,1,5.0,25.0,8.3,A,15.0
6872,low,0,4.0,15.0,9.5,A,15.0
6873,low,3,5.0,17.0,7.8,A,14.1
6874,high,4,15.0,33.0,1.8,B,8.2
6875,low,4,12.0,5.0,6.8,A,-19.8
6876,high,1,15.0,3.0,1.5,A,-100.0
6877,low,1,2.0,10.0,7.7,A,4.1
6878,medium,1,20.0,28.0,1.5,A,5.6
6879,low,3,2.0,1.0,4.1,A,-100.0
6880,high,1,8.0,23.0,4.6,C,10.8
6881,medium,3,5.0,7.0,7.9,A,-6.7
6882,low,2,18.0,7.0,9.6,B,4.2
6883,low,0,6.0,16.0,8.9,A,15.0
6884,high,4,8.0,8.0,9.9,A,0.9
6885,low,1,22.0,7.0,8.5,B,0.2
6886,medium,1,12.0,6.0,5.1,A,-19.9
6887,high,2,4.0,24.0,6.3,A,15.0
6888,medium,2,8.0,0.0,8.9,A,-13.7
6889,none,2,4.0,7.0,9.7,A,5.5
6890,low,1,16.0,17.0,4.7,A,0.9
6891,high,1,16.0,8.0,1.0,A,-100.0
6892,low,2,3.0,0.0,9.5,A,-9.6
6893,medium,4,7.0,15.0,8.4,A,10.1
6894,medium,2,13.0,1.0,2.0,A,-100.0
6895,,2,3.0,50.0,6.7,A,15.0
6896,none,1,7.0,1.0,2.6,A,-100.0
6897,low,2,10.0,5.0,4.3,C,-100.0
6898,high,2,10.0,23.0,2.0,B,-6.2
6899,low,4,4.0,7.0,4.8,A,-100.0
6900,none,1,4.0,6.0,9.7,B,5.9
6901,high,3,1.0,11.0,3.4,C,-100.0
6902,high,1,4.0,3.0,9.5,A,-3.9
6903,high,3,5.0,20.0,5.7,A,5.8
6904,low,4,16.0,13.0,9.8,D,13.1
6905,high,0,6.0,12.0,9.9,C,15.0
6906,medium,1,2.0,10.0,4.3,A,-14.9
6907,high,1,13.0,1.0,8.2,A,-16.1
6908,high,2,6.0,1.0,3.1,A,-100.0
6909,low,1,4.0,3.0,4.6,B,-100.0
6910,high,1,14.0,3.0,7.5,B,-15.9
6911,medium,2,15.0,3.0,3.6,C,-100.0
6912,none,0,4.0,1.0,8.8,A,-7.0
6913,low,1,14.0,2.0,7.0,A,-17.7
6914,medium,0,9.0,0.0,7.0,A,-19.3
6915,medium,1,3.0,1.0,6.8,A,-100.0
6916,high,1,11.0,3.0,9.9,C,-2.4
6917,low,1,10.0,6.0,8.2,A,-2.3
6918,low,1,7.0,11.0,3.7,A,-16.3
6919,high,1,3.0,4.0,2.3,A,-100.0
6920,none,2,18.0,6.0,1.8,C,-100.0
6921,high,0,1.0,1.0,1.4,B,-100.0
6922,high,1,21.0,12.0,2.5,A,-100.0
6923,high,2,8.0,12.0,2.5,A,-100.0
6924,medium,1,8.0,15.0,2.5,C,-14.9
6925,medium,1,9.0,12.0,9.3,A,15.0
6926,low,4,11.0,0.0,1.5,A,-100.0
6927,medium,3,12.0,2.0,1.6,D,-100.0
6928,low,3,8.0,8.0,2.3,A,-100.0
6929,high,1,4.0,4.0,9.7,A,-0.7
6930,high,1,8.0,1.0,8.4,B,-14.5
6931,low,3,18.0,4.0,9.7,A,-4.1
6932,medium,2,30.0,1.0,9.4,D,-11.1
6933,high,0,21.0,31.0,7.0,A,15.0
6934,medium,3,1.0,16.0,3.1,A,-13.9
6935,low,0,3.0,3.0,8.5,B,-3.8
6936,none,0,20.0,12.0,4.3,A,-10.3
6937,high,1,5.0,12.0,8.3,B,8.3
6938,low,0,10.0,2.0,3.7,C,-100.0
6939,low,1,11.0,8.0,5.4,A,-13.6
6940,high,2,5.0,8.0,5.3,A,-19.1
6941,none,1,31.0,1.0,9.9,A,-6.2
6942,low,2,,9.0,9.0,C,
6943,high,3,8.0,20.0,1.3,B,-18.7
6944,high,2,6.0,18.0,1.4,C,-19.6
6945,low,3,16.0,4.0,7.1,A,-18.2
6946,medium,1,12.0,35.0,2.8,A,15.0
6947,low,5,19.0,8.0,3.9,C,-100.0
6948,high,1,19.0,0.0,8.8,C,-15.5
6949,high,0,9.0,18.0,5.2,A,6.0
6950,low,1,2.0,14.0,8.2,D,15.0
6951,low,1,10.0,42.0,2.0,A,15.0
6952,high,2,17.0,4.0,9.7,A,-4.5
6953,none,0,5.0,7.0,1.9,A,-100.0
6954,low,0,5.0,7.0,3.8,A,-100.0
6955,high,0,4.0,14.0,3.5,C,-11.3
6956,low,5,12.0,4.0,7.8,C,-18.9
6957,low,1,8.0,16.0,9.2,D,15.0
6958,high,1,8.0,15.0,1.2,C,-100.0
6959,high,0,8.0,5.0,2.8,B,-100.0
6960,medium,3,2.0,8.0,5.8,A,-15.9
6961,low,4,29.0,8.0,8.7,A,-4.8
6962,high,0,6.0,7.0,2.7,A,-100.0
6963,,1,3.0,3.0,3.5,C,-100.0
6964,low,0,6.0,9.0,8.5,B,8.5
6965,high,2,8.0,0.0,2.6,A,-100.0
6966,none,1,6.0,10.0,4.1,A,-16.7
6967,high,1,8.0,5.0,5.0,A,-100.0
6968,low,1,19.0,43.0,9.4,A,15.0
6969,high,1,6.0,38.0,10.0,A,15.0
6970,none,3,3.0,22.0,9.5,A,15.0
6971,,1,6.0,3.0,8.5,A,-7.2
6972,medium,3,12.0,3.0,7.6,A,-17.5
6973,low,2,6.0,5.0,9.7,A,1.7
6974,medium,2,5.0,1.0,8.8,C,-11.9
6975,none,3,23.0,28.0,4.4,C,15.0
6976,high,2,3.0,15.0,9.7,B,15.0
6977,low,1,21.0,4.0,9.1,A,-2.7
6978,high,2,21.0,5.0,7.6,A,-14.3
6979,low,1,15.0,17.0,2.8,A,-9.4
6980,medium,1,2.0,27.0,3.3,A,15.0
6981,none,2,5.0,6.0,7.3,A,-9.9
6982,high,2,32.0,17.0,4.6,B,-6.7
6983,medium,0,7.0,34.0,8.7,B,15.0
6984,high,0,6.0,3.0,3.4,A,-100.0
6985,high,5,1.0,1.0,5.1,C,-100.0
6986,,2,17.0,8.0,9.0,A,2.5
6987,high,1,22.0,2.0,8.9,A,-11.1
6988,low,1,8.0,7.0,7.2,A,-5.5
6989,high,0,4.0,4.0,6.7,A,-14.7
6990,low,0,11.0,4.0,7.6,C,-7.4
6991,high,1,26.0,13.0,1.7,A,-100.0
6992,low,3,20.0,31.0,3.5,B,15.0
6993,high,0,5.0,28.0,9.9,A,15.0
6994,none,0,1.0,7.0,4.5,B,-17.8
6995,low,0,9.0,19.0,8.7,A,15.0
6996,medium,3,5.0,2.0,1.3,A,-100.0
6997,low,1,11.0,9.0,9.7,A,12.1
6998,high,0,4.0,33.0,3.2,A,15.0
6999,low,2,5.0,3.0,8.9,A,-6.8
7000,high,3,3.0,26.0,2.5,A,1.0
7001,low,1,1.0,3.0,9.8,A,1.1
7002,medium,4,4.0,9.0,9.3,A,2.8
7003,medium,3,5.0,6.0,9.7,B,1.1
7004,low,1,9.0,31.0,4.3,B,15.0
7005,medium,1,8.0,19.0,10.0,A,15.0
7006,high,2,13.0,20.0,3.1,A,-6.8
7007,low,1,6.0,5.0,2.5,A,-100.0
7008,low,1,12.0,35.0,9.8,C,15.0
7009,medium,2,8.0,22.0,7.1,C,15.0
7010,low,2,16.0,6.0,6.0,D,-17.5
7011,high,0,3.0,8.0,2.4,A,-100.0
7012,low,1,3.0,2.0,9.0,C,-5.6
7013,medium,1,29.0,8.0,9.6,C,7.3
7014,high,0,14.0,2.0,1.8,A,-100.0
7015,medium,1,21.0,0.0,1.2,A,-100.0
7016,none,2,4.0,9.0,2.4,D,-100.0
7017,low,2,8.0,2.0,6.0,C,-100.0
7018,low,1,5.0,8.0,9.8,A,11.2
7019,none,1,40.0,4.0,7.8,D,-12.3
7020,high,3,3.0,3.0,6.1,A,-100.0
7021,none,2,5.0,14.0,3.8,A,-12.3
7022,none,2,1.0,9.0,4.6,A,-18.0
7023,medium,0,4.0,14.0,6.4,A,7.3
7024,low,1,9.0,0.0,8.0,A,-15.9
7025,none,2,5.0,21.0,8.9,A,15.0
7026,low,1,12.0,2.0,9.0,A,-6.5
7027,medium,1,23.0,13.0,9.7,A,15.0
7028,medium,3,13.0,18.0,8.2,A,15.0
7029,low,0,4.0,6.0,1.2,C,-100.0
7030,low,0,14.0,5.0,1.4,A,-100.0
7031,none,1,22.0,20.0,9.5,A,15.0
7032,low,2,15.0,3.0,1.6,A,-100.0
7033,low,1,11.0,13.0,9.4,A,15.0
7034,medium,0,2.0,8.0,8.1,A,4.2
7035,low,2,9.0,4.0,9.4,C,-2.3
7036,none,2,3.0,38.0,9.0,A,15.0
7037,none,2,2.0,4.0,2.3,A,-100.0
7038,high,0,4.0,18.0,6.2,A,12.0
7039,high,3,8.0,3.0,9.6,A,-8.7
7040,high,5,7.0,18.0,9.9,A,15.0
7041,high,1,6.0,5.0,1.8,A,-100.0
7042,high,1,10.0,33.0,9.0,A,15.0
7043,high,3,5.0,25.0,9.5,A,15.0
7044,,1,26.0,16.0,3.7,A,-8.3
7045,medium,0,14.0,1.0,6.6,A,-19.9
7046,low,1,2.0,18.0,9.6,A,15.0
7047,medium,2,13.0,25.0,,D,
7048,low,1,8.0,12.0,3.7,A,-14.3
7049,none,1,13.0,5.0,3.8,C,-100.0
7050,high,4,6.0,9.0,3.5,B,-100.0
7051,low,3,2.0,6.0,3.9,A,-100.0
7052,medium,1,36.0,2.0,8.2,A,-13.7
7053,low,1,9.0,2.0,9.8,C,-1.8
7054,low,0,17.0,26.0,8.7,A,15.0
7055,low,1,6.0,9.0,8.8,B,7.7
7056,high,1,6.0,13.0,8.7,C,12.5
7057,high,5,5.0,4.0,2.2,A,-100.0
7058,low,1,5.0,1.0,2.7,C,-100.0
7059,low,1,3.0,33.0,4.7,C,15.0
7060,medium,0,12.0,33.0,9.4,D,15.0
7061,medium,1,3.0,3.0,5.5,A,-100.0
7062,low,0,6.0,9.0,6.0,A,-5.2
7063,none,3,0.0,6.0,2.7,A,-100.0
7064,low,0,13.0,21.0,2.1,A,-2.2
7065,none,0,24.0,15.0,6.9,A,9.9
7066,low,0,5.0,6.0,2.1,A,-100.0
7067,high,2,9.0,28.0,8.6,B,15.0
7068,high,3,3.0,50.0,9.5,A,15.0
7069,none,0,4.0,1.0,7.0,A,-16.9
7070,none,1,11.0,8.0,6.9,B,-6.0
7071,low,2,3.0,35.0,6.9,A,15.0
7072,high,0,13.0,24.0,1.8,A,-0.5
7073,none,5,3.0,10.0,4.2,C,-100.0
7074,high,2,8.0,6.0,7.6,A,-10.9
7075,low,0,10.0,22.0,6.9,B,15.0
7076,medium,0,2.0,2.0,8.8,A,-4.5
7077,low,3,4.0,7.0,2.5,A,-100.0
7078,high,0,7.0,20.0,2.7,A,-3.4
7079,low,2,1.0,26.0,2.1,A,4.5
7080,low,0,5.0,18.0,6.3,A,15.0
7081,high,3,29.0,2.0,6.1,A,-100.0
7082,none,3,7.0,33.0,3.0,A,15.0
7083,low,0,7.0,18.0,8.1,C,15.0
7084,none,3,7.0,12.0,9.5,A,12.1
7085,low,1,5.0,0.0,1.2,A,-100.0
7086,high,1,0.0,2.0,3.2,A,-100.0
7087,high,2,7.0,40.0,1.2,C,15.0
7088,low,0,9.0,25.0,2.3,A,7.7
7089,none,2,27.0,8.0,1.9,A,-100.0
7090,none,3,7.0,7.0,3.5,D,-100.0
7091,low,3,4.0,14.0,9.3,A,15.0
7092,low,2,1.0,22.0,6.1,A,15.0
7093,low,2,1.0,5.0,9.3,C,0.0
7094,medium,1,12.0,43.0,8.5,A,15.0
7095,high,0,6.0,1.0,6.6,B,-100.0
7096,low,0,11.0,2.0,8.9,A,-4.5
7097,none,1,12.0,10.0,1.2,A,-100.0
7098,medium,0,10.0,8.0,5.4,A,-11.4
7099,medium,5,,0.0,8.6,C,
7100,none,2,7.0,25.0,2.2,C,1.8
7101,low,2,4.0,2.0,3.3,C,-100.0
7102,none,2,11.0,16.0,7.1,B,9.4
7103,medium,0,10.0,2.0,8.1,A,-9.1
7104,medium,2,5.0,1.0,2.8,A,-100.0
7105,high,2,3.0,0.0,8.6,A,-17.5
7106,low,3,7.0,0.0,6.0,A,-100.0
7107,low,0,25.0,26.0,2.2,A,7.7
7108,high,2,11.0,1.0,2.2,A,-100.0
7109,high,3,12.0,8.0,9.1,C,-1.4
7110,high,0,8.0,13.0,9.9,A,15.0
7111,low,0,25.0,5.0,9.6,A,4.3
7112,high,1,5.0,5.0,2.5,A,-100.0
7113,low,2,11.0,8.0,3.4,A,-100.0
7114,high,2,2.0,3.0,1.9,C,-100.0
7115,high,2,5.0,7.0,4.8,A,-100.0
7116,high,2,38.0,1.0,9.8,A,-12.3
7117,none,0,11.0,0.0,9.7,A,-4.9
7118,none,0,3.0,28.0,1.4,A,9.1
7119,high,1,8.0,18.0,5.5,A,5.2
7120,,1,10.0,12.0,9.8,A,15.0
7121,high,1,17.0,22.0,8.1,A,15.0
7122,medium,0,7.0,50.0,2.1,A,15.0
7123,high,1,2.0,48.0,,D,
7124,none,0,27.0,13.0,1.1,A,-100.0
7125,medium,0,8.0,4.0,9.9,A,5.2
7126,high,1,15.0,5.0,9.7,A,0.3
7127,low,2,6.0,15.0,3.1,A,-13.6
7128,medium,4,15.0,8.0,1.3,C,-100.0
7129,high,1,6.0,0.0,5.1,C,-100.0
7130,none,1,8.0,40.0,8.0,A,15.0
7131,low,1,11.0,10.0,9.9,C,15.0
7132,high,1,7.0,3.0,2.1,C,-100.0
7133,medium,0,18.0,2.0,2.2,B,-100.0
7134,high,0,14.0,9.0,3.9,C,-100.0
7135,none,1,11.0,25.0,9.7,A,15.0
7136,low,0,2.0,1.0,3.6,A,-100.0
7137,high,1,4.0,21.0,2.8,A,-2.9
7138,none,1,9.0,11.0,1.2,B,-100.0
7139,low,2,4.0,8.0,2.6,B,-100.0
7140,high,0,7.0,21.0,8.0,B,15.0
7141,low,2,15.0,1.0,1.9,A,-100.0
7142,high,0,8.0,6.0,2.5,A,-100.0
7143,medium,1,18.0,0.0,9.9,A,-6.7
7144,high,1,14.0,8.0,8.8,A,1.8
7145,high,3,13.0,3.0,8.4,A,-15.8
7146,low,0,4.0,10.0,2.9,A,-20.0
7147,none,3,14.0,10.0,8.7,A,
7148,low,0,5.0,3.0,4.5,A,-100.0
7149,low,2,9.0,15.0,7.4,A,9.8
7150,low,1,9.0,12.0,6.9,A,3.2
7151,low,1,11.0,18.0,6.9,C,15.0
7152,medium,1,29.0,11.0,2.8,A,-100.0
7153,medium,2,6.0,3.0,9.3,A,-5.1
7154,medium,2,5.0,3.0,6.9,C,-18.1
7155,low,4,10.0,18.0,9.9,A,15.0
7156,none,3,11.0,11.0,6.5,A,-6.9
7157,none,2,1.0,0.0,1.5,A,-100.0
7158,medium,1,4.0,14.0,4.0,A,-8.4
7159,none,3,15.0,14.0,4.6,A,-11.4
7160,none,4,7.0,15.0,6.0,A,-3.3
7161,low,2,11.0,1.0,4.1,A,-100.0
7162,high,1,16.0,5.0,8.5,D,-6.4
7163,high,4,28.0,1.0,9.6,A,-17.4
7164,high,0,4.0,4.0,2.0,A,-100.0
7165,medium,2,15.0,2.0,9.5,B,-7.0
7166,low,1,15.0,2.0,4.1,A,-100.0
7167,medium,0,9.0,30.0,1.5,D,13.5
7168,low,3,6.0,5.0,7.7,A,-11.8
7169,low,1,6.0,10.0,2.9,A,-100.0
7170,medium,0,15.0,3.0,4.4,A,-100.0
7171,high,0,1.0,7.0,1.8,B,-100.0
7172,high,3,16.0,2.0,1.8,C,-100.0
7173,,1,7.0,19.0,5.8,A,11.5
7174,low,2,10.0,4.0,1.5,A,-100.0
7175,high,2,2.0,3.0,1.6,A,-100.0
7176,high,1,6.0,9.0,4.2,A,-100.0
7177,high,3,7.0,3.0,2.4,C,-100.0
7178,medium,4,8.0,18.0,5.9,A,2.6
7179,low,2,7.0,11.0,2.7,D,-100.0
7180,none,0,3.0,10.0,3.3,A,-18.3
7181,high,3,15.0,14.0,9.3,C,12.0
7182,high,2,18.0,1.0,5.8,C,-100.0
7183,medium,0,7.0,7.0,8.3,B,2.7
7184,low,1,7.0,21.0,7.8,A,15.0
7185,medium,1,16.0,3.0,1.8,A,-100.0
7186,high,1,24.0,13.0,2.1,C,-100.0
7187,medium,0,3.0,24.0,7.8,A,15.0
7188,none,1,20.0,21.0,8.7,A,15.0
7189,high,3,3.0,1.0,9.7,A,-11.9
7190,none,2,11.0,10.0,6.4,A,-7.0
7191,low,1,12.0,3.0,6.1,C,-100.0
7192,medium,0,10.0,18.0,5.3,B,9.1
7193,low,1,3.0,9.0,9.0,A,9.1
7194,none,2,8.0,9.0,4.0,A,-100.0
7195,,1,6.0,20.0,5.2,B,10.4
7196,low,0,5.0,17.0,9.8,C,15.0
7197,medium,3,17.0,11.0,2.7,A,-100.0
7198,medium,2,2.0,1.0,8.3,A,-14.3
7199,medium,0,3.0,6.0,9.8,A,9.3
7200,low,1,20.0,1.0,3.2,C,-100.0
7201,low,1,25.0,4.0,8.6,C,-5.8
7202,high,1,4.0,11.0,1.6,A,-100.0
7203,medium,0,4.0,1.0,1.9,C,-100.0
7204,medium,2,10.0,6.0,2.8,A,-100.0
7205,high,2,12.0,3.0,8.5,A,-12.7
7206,high,1,9.0,10.0,8.0,A,2.1
7207,low,0,5.0,2.0,8.6,A,-5.5
7208,low,1,7.0,0.0,8.4,A,-13.5
7209,medium,2,8.0,21.0,6.8,C,15.0
7210,medium,1,4.0,14.0,8.4,A,15.0
7211,high,2,6.0,12.0,8.3,B,5.7
7212,low,1,14.0,10.0,8.2,A,5.7
7213,low,2,16.0,14.0,3.1,C,-16.7
7214,medium,1,8.0,11.0,6.2,A,-3.0
7215,low,2,14.0,29.0,9.3,C,15.0
7216,none,2,6.0,13.0,7.9,C,8.0
7217,high,1,7.0,2.0,9.8,A,-4.6
7218,high,2,10.0,17.0,9.2,A,15.0
7219,low,3,5.0,10.0,1.2,A,-100.0
7220,high,1,14.0,3.0,6.6,C,-100.0
7221,none,3,20.0,11.0,8.2,A,1.6
7222,medium,2,14.0,12.0,8.5,B,8.7
7223,high,2,10.0,9.0,5.4,A,-16.9
7224,low,2,11.0,1.0,9.0,A,-11.0
7225,high,0,13.0,43.0,6.9,A,15.0
7226,low,4,16.0,9.0,8.9,C,-0.3
7227,none,5,5.0,5.0,4.3,A,-100.0
7228,high,3,10.0,8.0,6.6,A,-14.9
7229,high,1,9.0,7.0,3.9,C,-100.0
7230,low,2,4.0,6.0,9.4,A,2.4
7231,,1,7.0,14.0,2.9,A,-15.0
7232,high,3,10.0,0.0,8.5,A,-100.0
7233,none,1,11.0,23.0,9.5,D,15.0
7234,medium,4,30.0,3.0,1.6,A,-100.0
7235,low,1,27.0,31.0,4.9,A,15.0
7236,,2,7.0,27.0,7.3,C,15.0
7237,none,1,10.0,5.0,9.7,A,3.2
7238,high,0,2.0,20.0,1.4,A,-10.0
7239,high,1,2.0,18.0,6.1,B,9.1
7240,high,4,4.0,50.0,9.8,B,15.0
7241,low,0,20.0,10.0,2.4,A,-100.0
7242,low,3,6.0,10.0,8.8,C,4.8
7243,medium,2,7.0,5.0,8.4,B,-5.9
7244,low,1,2.0,2.0,7.5,A,-13.8
7245,high,4,10.0,5.0,9.2,A,-9.4
7246,medium,1,5.0,1.0,3.4,A,-100.0
7247,low,1,17.0,24.0,5.8,D,15.0
7248,high,0,11.0,50.0,7.5,A,15.0
7249,high,1,6.0,17.0,9.8,A,15.0
7250,,0,6.0,9.0,2.2,A,-100.0
7251,none,2,6.0,3.0,2.7,A,-100.0
7252,none,0,12.0,5.0,4.3,A,-100.0
7253,low,2,6.0,11.0,2.6,A,-100.0
7254,medium,2,2.0,10.0,1.3,C,-100.0
7255,high,1,8.0,7.0,9.2,D,2.5
7256,high,4,19.0,3.0,1.0,D,-100.0
7257,high,2,5.0,6.0,9.9,A,2.0
7258,low,3,2.0,10.0,9.5,A,9.0
7259,low,1,8.0,6.0,5.1,D,-19.2
7260,low,1,12.0,50.0,8.3,C,15.0
7261,low,1,13.0,16.0,4.7,C,-0.9
7262,high,1,1.0,0.0,1.5,B,-100.0
7263,medium,1,6.0,2.0,4.6,A,-100.0
7264,medium,1,3.0,4.0,1.9,C,-100.0
7265,medium,3,17.0,1.0,1.4,A,-100.0
7266,low,1,13.0,8.0,3.9,A,-100.0
7267,high,3,8.0,16.0,9.2,A,15.0
7268,low,2,11.0,13.0,9.6,C,15.0
7269,high,2,24.0,10.0,2.3,C,-100.0
7270,medium,0,8.0,2.0,2.8,C,-100.0
7271,medium,5,16.0,22.0,10.0,B,15.0
7272,medium,1,10.0,0.0,8.2,A,-15.3
7273,none,0,30.0,7.0,6.9,A,-7.5
7274,low,1,7.0,6.0,2.7,A,-100.0
7275,low,1,,16.0,7.0,C,
7276,high,4,12.0,26.0,8.8,A,15.0
7277,high,1,1.0,3.0,9.8,A,-1.9
7278,high,1,14.0,3.0,5.5,A,-100.0
7279,none,1,30.0,5.0,4.3,C,-100.0
7280,none,0,4.0,7.0,9.8,A,11.1
7281,low,0,9.0,17.0,6.3,A,12.9
7282,low,0,8.0,5.0,9.1,B,3.2
7283,high,0,28.0,25.0,9.4,C,15.0
7284,low,2,7.0,8.0,8.9,D,3.5
7285,none,3,18.0,4.0,9.6,C,-5.2
7286,none,2,23.0,11.0,9.2,A,9.3
7287,medium,1,5.0,2.0,7.4,A,-15.0
7288,none,3,20.0,22.0,1.1,A,-14.4
7289,high,4,11.0,1.0,4.1,D,-100.0
7290,medium,0,12.0,7.0,3.6,A,-100.0
7291,low,1,16.0,2.0,7.6,A,-14.6
7292,none,0,8.0,1.0,5.5,A,-100.0
7293,medium,3,7.0,8.0,3.5,C,-100.0
7294,high,1,8.0,15.0,8.6,A,15.0
7295,medium,1,33.0,39.0,9.5,B,15.0
7296,low,1,3.0,15.0,5.0,A,-0.3
7297,low,3,11.0,15.0,6.5,C,2.1
7298,high,1,6.0,7.0,8.5,A,-1.2
7299,medium,1,9.0,25.0,3.3,C,10.3
7300,high,2,22.0,22.0,8.6,C,15.0
7301,low,3,20.0,14.0,6.6,A,-0.3
7302,medium,0,16.0,19.0,1.4,A,-10.9
7303,medium,0,17.0,3.0,9.9,B,2.1
7304,high,1,10.0,12.0,4.9,C,-10.9
7305,none,3,24.0,4.0,8.8,B,-10.2
7306,high,1,19.0,16.0,9.9,A,15.0
7307,none,1,10.0,0.0,5.1,A,-100.0
7308,high,3,11.0,22.0,8.1,A,15.0
7309,high,1,8.0,2.0,8.2,A,-13.5
7310,medium,4,5.0,9.0,6.1,D,-15.0
7311,low,0,20.0,1.0,5.9,C,-100.0
7312,high,1,9.0,5.0,9.0,A,-2.9
7313,low,1,17.0,4.0,6.1,A,-18.8
7314,high,3,16.0,17.0,1.4,C,-100.0
7315,,3,14.0,18.0,8.9,A,15.0
7316,medium,2,5.0,12.0,8.5,A,9.6
7317,low,3,12.0,15.0,5.4,A,-4.0
7318,high,2,11.0,13.0,7.4,C,2.4
7319,high,1,12.0,0.0,4.5,A,-100.0
7320,high,1,10.0,7.0,2.0,D,-100.0
7321,medium,0,1.0,3.0,4.3,A,-100.0
7322,low,2,8.0,18.0,8.1,C,15.0
7323,none,3,7.0,13.0,9.2,A,12.6
7324,medium,2,8.0,50.0,5.2,A,15.0
7325,high,0,10.0,3.0,7.2,A,-14.6
7326,low,1,29.0,13.0,9.7,A,15.0
7327,low,1,15.0,22.0,6.0,A,15.0
7328,high,0,2.0,10.0,4.4,A,-14.5
7329,,2,28.0,16.0,5.2,A,-2.7
7330,low,1,10.0,5.0,5.6,A,-18.7
7331,high,1,7.0,6.0,5.8,C,-18.2
7332,medium,3,23.0,0.0,2.4,A,-100.0
7333,medium,2,20.0,4.0,2.0,C,-100.0
7334,low,2,18.0,3.0,7.2,D,-17.4
7335,low,1,12.0,15.0,9.6,A,15.0
7336,low,1,15.0,17.0,4.4,A,-0.6
7337,none,0,7.0,3.0,6.6,A,-15.2
7338,high,0,13.0,19.0,4.6,A,4.4
7339,low,0,3.0,20.0,8.6,A,15.0
7340,high,1,5.0,0.0,3.6,A,-100.0
7341,low,0,15.0,3.0,1.0,C,-100.0
7342,high,3,15.0,12.0,1.6,A,-100.0
7343,low,2,18.0,2.0,6.9,A,-100.0
7344,high,6,26.0,7.0,2.6,D,-100.0
7345,high,2,33.0,41.0,9.4,A,15.0
7346,low,3,10.0,3.0,7.4,A,-18.0
7347,none,3,18.0,0.0,7.7,C,-100.0
7348,medium,3,3.0,17.0,5.6,A,1.8
7349,high,1,34.0,13.0,6.2,A,-4.0
7350,medium,0,4.0,1.0,9.6,A,-2.4
7351,high,3,8.0,10.0,9.3,C,4.3
7352,low,0,25.0,48.0,6.8,A,15.0
7353,high,0,8.0,1.0,9.4,A,-6.5
7354,none,0,5.0,18.0,9.8,B,15.0
7355,low,2,11.0,4.0,2.2,C,-100.0
7356,high,1,13.0,18.0,4.8,A,0.9
7357,high,2,3.0,4.0,6.1,A,-100.0
7358,high,1,1.0,49.0,6.3,A,15.0
7359,medium,3,8.0,25.0,3.3,A,5.4
7360,none,1,8.0,11.0,1.9,A,-100.0
7361,high,1,13.0,7.0,5.7,C,-17.3
7362,high,3,12.0,10.0,3.9,A,-100.0
7363,low,2,11.0,6.0,9.6,A,2.8
7364,high,2,5.0,2.0,1.7,A,-100.0
7365,low,1,6.0,17.0,5.0,D,3.6
7366,medium,1,10.0,2.0,3.8,A,-100.0
7367,high,1,17.0,0.0,2.8,C,-100.0
7368,medium,4,2.0,1.0,1.8,A,-100.0
7369,high,4,8.0,15.0,1.9,A,-100.0
7370,medium,1,4.0,3.0,8.3,A,-7.9
7371,low,1,13.0,19.0,1.9,A,-10.0
7372,low,1,10.0,3.0,9.6,D,-0.9
7373,low,2,6.0,15.0,6.5,A,5.1
7374,low,1,6.0,1.0,1.0,C,-100.0
7375,high,0,3.0,3.0,7.1,A,-14.5
7376,high,2,17.0,11.0,6.6,B,-6.8
7377,none,0,17.0,25.0,6.3,D,15.0
7378,low,2,4.0,3.0,8.4,A,-9.4
7379,high,4,22.0,6.0,9.4,A,-7.4
7380,low,3,7.0,3.0,1.6,A,-100.0
7381,none,0,2.0,7.0,5.0,A,-15.1
7382,high,1,10.0,0.0,4.4,A,-100.0
7383,low,1,25.0,20.0,5.5,A,10.7
7384,high,1,6.0,3.0,8.3,D,-10.7
7385,medium,2,23.0,50.0,3.4,C,15.0
7386,,1,11.0,1.0,9.0,A,-9.1
7387,high,1,1.0,1.0,8.3,A,-14.4
7388,medium,1,8.0,6.0,1.8,A,-100.0
7389,low,0,6.0,6.0,7.1,C,-5.5
7390,medium,0,7.0,14.0,6.2,A,5.9
7391,low,3,6.0,3.0,6.3,A,-100.0
7392,medium,3,3.0,1.0,9.3,A,-11.4
7393,medium,2,12.0,9.0,7.9,A,-0.8
7394,medium,4,15.0,10.0,6.0,C,-14.4
7395,medium,0,12.0,1.0,8.5,A,-9.2
7396,low,1,7.0,3.0,9.4,A,-1.7
7397,low,0,5.0,4.0,4.2,B,-100.0
7398,,1,2.0,8.0,8.3,B,2.6
7399,low,0,6.0,12.0,7.2,A,7.7
7400,none,0,18.0,10.0,9.1,A,12.1
7401,high,4,26.0,1.0,9.5,A,-17.8
7402,high,1,4.0,3.0,1.5,A,-100.0
7403,none,4,23.0,5.0,7.9,A,-15.5
7404,high,0,3.0,2.0,5.1,A,-100.0
7405,none,2,11.0,25.0,8.4,C,15.0
7406,medium,4,7.0,6.0,8.5,A,-8.2
7407,low,0,3.0,4.0,5.5,B,-18.2
7408,high,3,15.0,3.0,8.8,A,-13.8
7409,low,2,22.0,43.0,9.1,B,15.0
7410,medium,2,11.0,3.0,9.6,A,-3.9
7411,low,3,11.0,8.0,4.4,A,-100.0
7412,medium,2,12.0,45.0,9.8,A,15.0
7413,low,1,10.0,5.0,10.0,A,5.5
7414,high,1,3.0,7.0,7.3,D,-7.5
7415,high,0,9.0,4.0,9.0,A,-2.5
7416,low,2,7.0,10.0,9.9,A,13.2
7417,low,2,5.0,10.0,8.8,A,7.4
7418,medium,3,7.0,1.0,6.2,A,-100.0
7419,none,0,9.0,11.0,5.1,A,-6.9
7420,none,3,19.0,7.0,2.4,A,-100.0
7421,high,0,5.0,23.0,3.8,A,9.2
7422,medium,0,5.0,19.0,3.0,B,-1.0
7423,high,0,8.0,23.0,9.8,C,15.0
7424,medium,1,4.0,1.0,5.2,A,-100.0
7425,low,1,10.0,12.0,3.6,A,-15.0
7426,high,0,6.0,23.0,4.7,A,14.0
7427,none,1,3.0,7.0,5.0,A,-17.7
7428,low,2,18.0,11.0,9.5,A,12.0
7429,low,1,13.0,22.0,9.2,C,15.0
7430,low,1,4.0,28.0,9.2,A,15.0
7431,none,1,3.0,18.0,2.4,A,-8.9
7432,high,1,19.0,7.0,1.6,C,-100.0
7433,medium,0,14.0,20.0,8.5,C,15.0
7434,none,0,18.0,20.0,9.2,B,15.0
7435,low,1,4.0,11.0,9.5,C,15.0
7436,none,1,5.0,2.0,8.0,A,-11.9
7437,low,1,5.0,27.0,8.6,A,15.0
7438,none,2,8.0,1.0,8.9,A,-11.9
7439,medium,0,28.0,20.0,1.1,B,-11.7
7440,low,2,17.0,7.0,7.9,A,-5.1
7441,medium,2,12.0,16.0,6.0,B,3.5
7442,high,3,13.0,0.0,2.5,A,-100.0
7443,none,1,8.0,4.0,5.1,C,-100.0
7444,high,0,12.0,26.0,9.6,C,15.0
7445,medium,3,3.0,7.0,4.3,A,-100.0
7446,low,1,4.0,1.0,8.6,C,-10.0
7447,medium,0,8.0,2.0,8.1,A,-8.9
7448,high,1,40.0,1.0,5.6,A,-100.0
7449,low,0,11.0,20.0,7.3,A,15.0
7450,high,0,,8.0,6.8,C,
7451,high,5,18.0,10.0,9.8,A,1.1
7452,low,1,10.0,7.0,7.4,A,-4.6
7453,medium,4,11.0,2.0,8.2,A,-18.7
7454,low,2,8.0,21.0,9.2,A,15.0
7455,low,0,19.0,5.0,9.9,C,6.5
7456,medium,0,38.0,46.0,6.7,C,15.0
7457,medium,0,11.0,1.0,6.8,A,-18.5
7458,,0,4.0,15.0,2.6,A,-11.7
7459,medium,2,6.0,7.0,2.9,C,-100.0
7460,low,1,13.0,6.0,1.1,A,-100.0
7461,medium,3,13.0,0.0,7.5,A,-100.0
7462,low,2,7.0,11.0,6.1,A,-5.6
7463,medium,2,10.0,16.0,4.9,A,-2.3
7464,low,1,15.0,1.0,2.0,A,-100.0
7465,high,1,11.0,4.0,2.4,C,-100.0
7466,high,1,4.0,34.0,8.8,A,15.0
7467,low,1,,2.0,2.4,C,
7468,low,1,4.0,6.0,7.6,B,-5.0
7469,low,1,14.0,2.0,9.8,A,-2.3
7470,none,1,13.0,1.0,2.3,A,-100.0
7471,high,2,3.0,8.0,6.5,A,-12.3
7472,none,2,4.0,44.0,4.2,A,15.0
7473,high,1,11.0,9.0,8.4,A,2.0
7474,low,4,9.0,9.0,7.7,C,-6.2
7475,high,1,3.0,1.0,9.7,A,-6.9
7476,low,1,7.0,11.0,8.6,C,10.7
7477,high,1,8.0,1.0,8.4,B,-14.5
7478,medium,1,9.0,18.0,7.4,A,15.0
7479,none,1,22.0,16.0,9.4,B,15.0
7480,low,1,13.0,7.0,2.7,A,-100.0
7481,low,1,5.0,4.0,5.3,A,-100.0
7482,low,4,10.0,4.0,9.8,A,-5.2
7483,medium,1,17.0,0.0,9.1,C,-11.0
7484,low,0,16.0,0.0,9.2,A,-7.5
7485,high,1,18.0,16.0,7.7,A,12.1
7486,low,1,6.0,2.0,2.2,C,-100.0
7487,low,1,10.0,1.0,8.2,C,-12.8
7488,none,3,,44.0,3.2,C,
7489,none,0,12.0,14.0,7.2,A,10.7
7490,high,1,12.0,41.0,1.1,C,15.0
7491,medium,0,21.0,28.0,2.0,A,10.8
7492,medium,2,10.0,10.0,3.0,B,-100.0
7493,high,2,6.0,22.0,8.4,A,15.0
7494,medium,1,4.0,5.0,7.7,A,-6.9
7495,high,2,10.0,7.0,2.0,A,-100.0
7496,low,1,22.0,10.0,9.4,A,11.5
7497,high,2,7.0,6.0,1.9,A,-100.0
7498,medium,2,3.0,32.0,5.1,A,15.0
7499,medium,1,6.0,2.0,8.1,A,-11.2
7500,high,0,6.0,5.0,8.1,A,-5.1
7501,medium,1,3.0,48.0,5.8,A,15.0
7502,none,2,4.0,2.0,9.9,B,-3.9
7503,high,2,20.0,6.0,6.4,A,-18.7
7504,high,2,10.0,7.0,8.9,A,-1.9
7505,none,1,23.0,19.0,9.4,A,15.0
7506,low,2,2.0,19.0,6.2,A,12.3
7507,high,2,8.0,9.0,6.0,C,-13.4
7508,high,0,6.0,20.0,6.4,A,15.0
7509,medium,2,5.0,3.0,5.1,A,-100.0
7510,low,1,24.0,22.0,7.1,C,15.0
7511,low,0,28.0,25.0,1.7,A,2.5
7512,high,1,3.0,10.0,4.9,A,-14.4
7513,medium,1,8.0,2.0,9.3,A,-4.8
7514,medium,0,9.0,21.0,6.1,A,15.0
7515,medium,2,3.0,3.0,4.4,A,-100.0
7516,high,1,22.0,10.0,9.0,A,6.3
7517,medium,2,10.0,10.0,2.5,C,-100.0
7518,low,3,2.0,27.0,8.3,A,15.0
7519,high,2,21.0,8.0,6.8,A,-12.4
7520,medium,2,4.0,49.0,6.5,A,15.0
7521,medium,2,3.0,30.0,9.0,A,15.0
7522,low,3,17.0,11.0,9.5,A,9.6
7523,high,2,13.0,2.0,6.0,A,-100.0
7524,high,1,8.0,4.0,4.1,A,-100.0
7525,high,1,9.0,3.0,1.4,D,-100.0
7526,none,1,13.0,26.0,8.2,A,15.0
7527,low,1,7.0,31.0,9.0,A,15.0
7528,low,0,11.0,4.0,7.5,A,-8.0
7529,none,0,19.0,0.0,5.0,A,-100.0
7530,low,0,4.0,25.0,9.8,A,15.0
7531,medium,1,6.0,11.0,8.7,C,11.0
7532,none,1,7.0,6.0,6.1,A,-14.2
7533,medium,1,3.0,4.0,2.4,A,-100.0
7534,high,1,2.0,50.0,6.2,A,15.0
7535,low,2,3.0,18.0,4.9,A,2.9
7536,none,0,11.0,50.0,4.9,A,15.0
7537,low,0,14.0,2.0,8.4,A,-7.5
7538,none,2,9.0,4.0,3.1,A,-100.0
7539,low,2,17.0,20.0,9.8,B,15.0
7540,none,1,18.0,3.0,2.7,B,-100.0
7541,high,2,19.0,35.0,8.1,A,15.0
7542,none,1,11.0,3.0,6.9,A,-16.5
7543,high,2,12.0,0.0,6.1,A,-100.0
7544,high,1,6.0,0.0,3.3,A,-100.0
7545,high,0,2.0,2.0,8.0,A,-11.5
7546,low,1,14.0,13.0,2.3,A,-100.0
7547,medium,0,3.0,4.0,9.2,A,1.8
7548,low,2,7.0,6.0,9.6,D,3.2
7549,high,2,6.0,11.0,9.3,A,9.1
7550,high,5,10.0,13.0,9.0,A,3.8
7551,high,1,16.0,8.0,5.2,A,-18.2
7552,none,0,0.0,11.0,8.4,A,12.2
7553,none,1,4.0,2.0,4.4,A,-100.0
7554,medium,0,10.0,1.0,9.9,A,-1.4
7555,low,2,9.0,50.0,8.7,A,15.0
7556,medium,1,21.0,3.0,9.0,D,-5.7
7557,high,1,3.0,4.0,8.1,B,-9.4
7558,medium,3,3.0,9.0,2.8,A,-100.0
7559,high,2,17.0,5.0,3.1,A,-100.0
7560,high,3,18.0,13.0,1.2,A,-100.0
7561,low,0,6.0,5.0,1.2,A,-100.0
7562,high,0,7.0,4.0,4.2,A,-100.0
7563,low,0,13.0,8.0,8.1,C,3.5
7564,medium,3,4.0,3.0,9.0,A,-9.0
7565,low,1,13.0,11.0,5.8,A,-5.3
7566,low,2,8.0,1.0,8.2,A,-15.1
7567,none,1,3.0,20.0,8.3,A,15.0
7568,,0,16.0,9.0,8.8,A,8.6
7569,high,0,2.0,1.0,2.7,B,-100.0
7570,medium,0,3.0,6.0,8.7,A,3.3
7571,none,1,19.0,10.0,2.4,C,-100.0
7572,none,3,24.0,7.0,2.5,A,-100.0
7573,high,1,8.0,11.0,9.8,A,14.2
7574,none,0,4.0,8.0,1.5,B,-100.0
7575,low,2,5.0,4.0,9.9,A,0.8
7576,none,0,3.0,39.0,9.1,A,15.0
7577,low,2,19.0,16.0,8.6,A,15.0
7578,medium,2,5.0,15.0,4.7,A,-5.0
7579,medium,0,11.0,1.0,4.2,A,-100.0
7580,medium,2,30.0,4.0,8.6,A,-9.2
7581,low,1,9.0,9.0,2.7,B,-100.0
7582,high,0,9.0,21.0,6.1,A,15.0
7583,low,1,5.0,12.0,8.8,A,14.1
7584,high,2,12.0,5.0,9.5,A,-3.0
7585,high,1,5.0,33.0,6.9,A,15.0
7586,medium,1,4.0,7.0,9.9,A,9.4
7587,none,3,2.0,4.0,8.7,B,-8.6
7588,low,0,1.0,19.0,2.5,B,-3.0
7589,high,1,11.0,45.0,8.9,B,15.0
7590,low,2,3.0,24.0,1.9,C,-1.0
7591,low,1,3.0,23.0,9.0,C,15.0
7592,high,0,4.0,0.0,9.7,A,-6.6
7593,low,0,5.0,25.0,9.5,A,15.0
7594,medium,0,9.0,2.0,6.5,B,-17.8
7595,medium,2,7.0,7.0,3.9,A,-100.0
7596,none,2,6.0,16.0,3.9,C,-7.7
7597,medium,2,3.0,14.0,3.0,A,-16.3
7598,low,1,6.0,16.0,3.8,A,-5.1
7599,low,1,7.0,5.0,3.7,A,-100.0
7600,low,2,16.0,9.0,8.5,C,2.5
7601,high,1,6.0,0.0,9.9,A,-8.2
7602,none,3,6.0,13.0,9.7,B,15.0
7603,high,1,5.0,6.0,8.8,C,-1.5
7604,medium,1,13.0,5.0,3.4,C,-100.0
7605,none,2,3.0,15.0,9.9,A,15.0
7606,low,0,18.0,3.0,8.5,C,-5.3
7607,,0,19.0,1.0,6.1,A,-100.0
7608,high,1,14.0,7.0,8.7,D,-0.9
7609,medium,1,12.0,19.0,5.3,B,8.4
7610,low,0,23.0,50.0,3.0,A,15.0
7611,low,1,3.0,6.0,9.2,C,3.9
7612,low,0,13.0,26.0,3.9,A,15.0
7613,high,1,25.0,29.0,7.2,C,15.0
7614,medium,1,3.0,14.0,8.8,A,15.0
7615,medium,2,6.0,3.0,8.2,A,-11.1
7616,high,3,5.0,10.0,7.7,A,-4.2
7617,medium,2,17.0,0.0,2.0,A,-100.0
7618,low,3,7.0,8.0,9.8,A,6.0
7619,high,2,2.0,5.0,8.1,A,-9.7
7620,high,0,,11.0,7.8,C,
7621,high,2,21.0,33.0,3.3,A,15.0
7622,none,3,4.0,18.0,9.3,B,15.0
7623,high,3,1.0,15.0,2.9,A,-19.7
7624,high,2,4.0,1.0,9.0,B,-13.3
7625,high,0,10.0,17.0,8.6,A,15.0
7626,medium,1,1.0,6.0,9.5,A,5.3
7627,medium,3,9.0,1.0,9.8,A,-9.3
7628,none,1,3.0,8.0,1.9,C,-100.0
7629,none,3,7.0,26.0,6.8,A,15.0
7630,medium,4,9.0,6.0,7.0,A,-16.7
7631,high,5,3.0,5.0,5.7,D,-100.0
7632,high,3,12.0,8.0,9.0,A,-1.9
7633,low,1,5.0,8.0,8.0,C,1.3
7634,medium,3,10.0,19.0,2.2,A,-13.4
7635,medium,3,24.0,18.0,1.4,A,-100.0
7636,high,1,14.0,5.0,2.6,A,-100.0
7637,medium,4,16.0,4.0,9.8,A,-6.2
7638,high,1,4.0,7.0,9.5,A,4.5
7639,medium,2,13.0,12.0,9.0,A,11.5
7640,medium,1,12.0,10.0,1.0,C,-100.0
7641,none,1,7.0,12.0,3.0,A,-18.6
7642,high,4,4.0,17.0,5.2,A,-5.6
7643,high,0,15.0,31.0,3.7,A,
7644,high,1,21.0,4.0,9.5,A,-3.5
7645,medium,1,6.0,7.0,9.1,A,4.8
7646,high,1,6.0,14.0,6.9,A,4.7
7647,none,0,3.0,0.0,4.3,A,-100.0
7648,high,2,7.0,8.0,4.2,A,-100.0
7649,none,0,14.0,18.0,2.3,A,-8.1
7650,low,1,1.0,2.0,8.1,A,-10.4
7651,low,2,1.0,8.0,3.3,A,-100.0
7652,none,2,11.0,20.0,4.9,D,5.7
7653,high,1,12.0,19.0,6.2,A,10.8
7654,high,1,13.0,25.0,6.4,A,15.0
7655,medium,1,18.0,9.0,8.5,C,4.4
7656,low,2,12.0,41.0,3.7,C,15.0
7657,medium,4,13.0,1.0,5.3,D,-100.0
7658,none,1,8.0,30.0,8.4,A,15.0
7659,medium,2,19.0,38.0,3.8,A,15.0
7660,high,1,15.0,50.0,7.6,C,15.0
7661,high,2,2.0,10.0,8.3,A,1.9
7662,low,0,8.0,4.0,8.3,C,-3.3
7663,low,2,5.0,20.0,8.4,A,15.0
7664,low,1,7.0,21.0,7.9,A,15.0
7665,low,1,9.0,18.0,6.9,A,15.0
7666,high,2,16.0,6.0,2.9,A,-100.0
7667,high,0,,2.0,8.4,C,
7668,high,2,6.0,26.0,6.1,A,15.0
7669,,2,7.0,12.0,2.8,A,-100.0
7670,low,6,3.0,32.0,4.6,C,15.0
7671,medium,3,9.0,6.0,5.6,A,-100.0
7672,medium,1,18.0,7.0,1.1,C,-100.0
7673,high,2,7.0,10.0,9.9,A,10.2
7674,low,2,,28.0,1.4,C,
7675,none,2,2.0,36.0,5.1,A,15.0
7676,high,1,6.0,9.0,2.4,A,-100.0
7677,none,3,9.0,3.0,6.1,A,-100.0
7678,high,0,9.0,3.0,4.5,C,-100.0
7679,high,1,16.0,21.0,9.7,A,15.0
7680,low,1,7.0,31.0,1.2,A,12.0
7681,low,2,8.0,32.0,5.8,A,15.0
7682,high,3,6.0,3.0,2.9,A,-100.0
7683,high,1,13.0,2.0,9.0,A,-9.6
7684,low,1,4.0,14.0,8.5,A,15.0
7685,low,3,3.0,25.0,2.1,A,-0.3
7686,high,0,12.0,4.0,8.5,A,-5.6
7687,high,3,4.0,50.0,9.4,A,15.0
7688,none,0,13.0,3.0,5.2,B,-100.0
7689,medium,2,8.0,6.0,2.3,B,-100.0
7690,high,0,2.0,4.0,,A,
7691,low,1,7.0,7.0,6.3,A,-10.4
7692,medium,1,3.0,9.0,5.8,A,-8.9
7693,high,2,2.0,13.0,8.3,A,8.2
7694,medium,2,12.0,5.0,3.7,C,-100.0
7695,low,1,8.0,19.0,1.2,A,-13.3
7696,medium,3,16.0,0.0,1.8,D,-100.0
7697,high,0,14.0,3.0,2.2,A,-100.0
7698,medium,1,9.0,4.0,9.3,B,-0.8
7699,low,2,9.0,6.0,1.2,B,-100.0
7700,medium,2,7.0,3.0,2.5,A,-100.0
7701,medium,0,5.0,7.0,9.1,C,7.3
7702,low,2,4.0,7.0,8.3,B,-1.6
7703,low,1,13.0,8.0,8.2,C,1.6
7704,low,1,12.0,16.0,8.1,C,15.0
7705,high,2,9.0,13.0,9.1,A,11.9
7706,medium,1,4.0,7.0,10.0,D,9.9
7707,low,0,0.0,21.0,7.9,B,15.0
7708,low,3,0.0,3.0,1.9,B,-100.0
7709,medium,1,9.0,2.0,9.7,A,-2.8
7710,low,2,7.0,0.0,8.4,A,-16.0
7711,high,1,16.0,4.0,1.6,A,-100.0
7712,high,0,13.0,22.0,8.8,A,15.0
7713,high,3,12.0,8.0,9.1,A,-1.4
7714,high,0,2.0,2.0,8.4,A,-9.3
7715,none,1,11.0,1.0,3.7,A,-100.0
7716,high,0,6.0,12.0,8.5,A,11.8
7717,high,1,13.0,4.0,9.3,A,-3.8
7718,low,1,8.0,6.0,9.9,A,7.2
7719,medium,2,16.0,4.0,1.9,B,-100.0
7720,high,1,7.0,2.0,6.9,B,-100.0
7721,low,2,14.0,11.0,8.7,C,8.0
7722,none,2,2.0,4.0,2.7,A,-100.0
7723,high,0,30.0,16.0,3.6,A,-9.1
7724,medium,2,11.0,11.0,8.8,A,8.5
7725,,1,2.0,12.0,9.5,D,15.0
7726,low,2,6.0,4.0,1.7,A,-100.0
7727,none,2,,7.0,2.2,C,
7728,high,1,6.0,3.0,8.9,B,-7.4
7729,high,3,14.0,12.0,8.0,A,0.8
7730,medium,1,18.0,1.0,9.3,C,-7.9
7731,high,2,11.0,25.0,1.5,A,-4.9
7732,medium,0,7.0,7.0,9.5,D,9.4
7733,low,1,9.0,29.0,1.2,A,7.6
7734,high,2,21.0,43.0,2.3,A,15.0
7735,low,1,9.0,1.0,1.5,A,-100.0
7736,high,2,5.0,9.0,2.1,A,-100.0
7737,low,2,9.0,0.0,6.0,A,-100.0
7738,high,2,5.0,3.0,5.3,C,-100.0
7739,high,3,16.0,1.0,10.0,A,-11.5
7740,low,1,5.0,0.0,9.2,C,-8.9
7741,low,0,9.0,10.0,5.5,C,-6.2
7742,low,3,7.0,17.0,3.5,A,-9.8
7743,low,3,14.0,39.0,8.5,C,15.0
7744,high,1,13.0,7.0,5.0,C,-100.0
7745,medium,3,40.0,27.0,5.7,A,15.0
7746,low,0,16.0,6.0,2.7,C,-100.0
7747,low,2,9.0,28.0,9.6,A,15.0
7748,high,2,5.0,5.0,1.1,C,-100.0
7749,high,1,17.0,4.0,9.9,C,-0.9
7750,high,2,7.0,6.0,8.7,A,-4.8
7751,none,3,5.0,0.0,6.1,A,-100.0
7752,medium,1,6.0,0.0,1.4,C,-100.0
7753,high,2,12.0,27.0,2.9,C,6.9
7754,low,0,27.0,20.0,9.3,A,15.0
7755,low,2,12.0,20.0,8.1,A,15.0
7756,high,1,7.0,1.0,8.4,A,-14.4
7757,low,1,2.0,5.0,7.1,C,-9.7
7758,none,3,7.0,1.0,4.3,A,-100.0
7759,high,2,16.0,7.0,9.5,A,0.8
7760,medium,3,12.0,1.0,8.0,B,-19.5
7761,high,0,8.0,26.0,8.1,A,15.0
7762,high,1,4.0,10.0,9.6,A,11.4
7763,none,3,2.0,6.0,8.2,A,-7.1
7764,low,2,10.0,9.0,7.6,A,-1.8
7765,low,3,4.0,4.0,6.5,C,-100.0
7766,high,1,4.0,5.0,4.8,C,-100.0
7767,low,1,22.0,7.0,9.1,A,3.5
7768,none,2,5.0,0.0,1.5,A,-100.0
7769,high,1,10.0,21.0,9.6,C,15.0
7770,low,1,28.0,50.0,6.2,A,15.0
7771,low,4,4.0,2.0,9.6,A,-9.9
7772,medium,3,9.0,6.0,9.8,C,1.2
7773,low,4,8.0,3.0,1.6,D,-100.0
7774,low,2,22.0,5.0,8.8,B,-4.8
7775,high,4,12.0,11.0,9.0,C,1.9
7776,,3,5.0,12.0,3.2,C,-100.0
7777,high,3,9.0,14.0,8.3,A,7.1
7778,high,1,11.0,4.0,7.8,C,-11.8
7779,low,0,4.0,13.0,8.8,A,15.0
7780,high,1,4.0,11.0,6.1,A,-5.8
7781,medium,1,15.0,14.0,9.5,A,15.0
7782,high,1,2.0,10.0,2.5,B,-100.0
7783,medium,2,10.0,36.0,8.4,A,15.0
7784,medium,1,5.0,7.0,1.0,A,-100.0
7785,high,1,6.0,35.0,8.4,A,15.0
7786,medium,1,3.0,0.0,5.2,C,-100.0
7787,medium,1,12.0,2.0,7.0,A,-17.9
7788,high,1,28.0,1.0,8.7,B,-14.9
7789,medium,1,28.0,11.0,4.8,A,-12.7
7790,low,2,7.0,2.0,2.5,A,-100.0
7791,medium,2,9.0,2.0,1.0,A,-100.0
7792,low,2,11.0,2.0,3.1,D,-100.0
7793,high,1,13.0,9.0,8.2,A,0.7
7794,high,0,4.0,5.0,3.6,A,-100.0
7795,medium,4,3.0,21.0,9.8,A,15.0
7796,low,1,5.0,4.0,9.0,A,-1.6
7797,none,1,8.0,42.0,1.4,B,15.0
7798,low,0,16.0,13.0,8.2,A,14.3
7799,high,1,11.0,9.0,2.9,A,-100.0
7800,high,3,9.0,4.0,8.7,A,-11.7
7801,low,3,,30.0,6.3,C,
7802,high,1,8.0,1.0,9.3,A,-9.6
7803,,1,13.0,11.0,1.1,A,-100.0
7804,low,2,2.0,10.0,4.1,C,-18.2
7805,medium,3,10.0,13.0,8.1,A,6.5
7806,none,3,27.0,12.0,9.2,A,8.5
7807,high,1,11.0,8.0,6.2,A,-12.2
7808,high,2,3.0,12.0,9.3,C,11.5
7809,low,3,6.0,8.0,8.3,C,-2.2
7810,none,0,7.0,9.0,6.7,D,-2.1
7811,low,1,12.0,12.0,3.0,A,-18.5
7812,none,3,11.0,3.0,8.4,C,-13.2
7813,high,0,3.0,9.0,3.1,B,-100.0
7814,low,0,21.0,39.0,8.7,A,15.0
7815,none,1,2.0,14.0,9.4,A,15.0
7816,low,3,11.0,10.0,6.6,A,-7.8
7817,medium,2,6.0,3.0,1.6,A,-100.0
7818,medium,0,6.0,16.0,9.5,A,15.0
7819,none,3,7.0,4.0,7.6,C,-15.1
7820,medium,1,6.0,2.0,4.9,A,-100.0
7821,low,2,2.0,2.0,8.3,A,-11.9
7822,medium,2,5.0,20.0,6.9,C,15.0
7823,medium,2,5.0,1.0,4.3,A,-100.0
7824,medium,1,11.0,9.0,8.2,A,3.5
7825,low,0,7.0,6.0,3.2,B,-100.0
7826,none,2,24.0,0.0,9.1,A,-14.5
7827,high,5,10.0,23.0,5.3,C,4.4
7828,high,3,23.0,6.0,8.4,A,-10.5
7829,low,1,10.0,1.0,9.5,A,-5.7
7830,low,1,5.0,11.0,5.0,C,-8.9
7831,high,0,11.0,0.0,9.1,A,-10.6
7832,high,0,4.0,3.0,1.8,C,-100.0
7833,low,2,7.0,8.0,9.6,A,7.4
7834,none,2,7.0,15.0,8.1,A,13.2
7835,low,2,6.0,0.0,2.2,A,-100.0
7836,high,0,8.0,2.0,8.5,A,-9.4
7837,low,1,39.0,6.0,6.3,D,-15.7
7838,low,1,2.0,4.0,1.0,C,-100.0
7839,medium,3,7.0,9.0,6.3,C,-11.6
7840,low,1,2.0,12.0,5.3,C,-4.9
7841,none,3,18.0,10.0,5.8,A,-13.5
7842,low,1,15.0,0.0,4.2,A,-100.0
7843,low,0,17.0,4.0,8.9,A,-0.9
7844,low,2,2.0,25.0,9.7,C,15.0
7845,none,3,6.0,0.0,9.4,C,-13.5
7846,medium,0,2.0,2.0,8.6,A,-5.6
7847,high,2,12.0,6.0,2.5,A,-100.0
7848,none,1,7.0,6.0,9.1,D,2.3
7849,none,1,15.0,7.0,8.1,C,-1.9
7850,high,1,12.0,10.0,9.5,A,10.0
7851,high,2,12.0,18.0,8.5,C,15.0
7852,low,1,6.0,7.0,3.8,A,-100.0
7853,low,0,6.0,22.0,8.5,A,15.0
7854,low,1,1.0,10.0,8.2,A,7.0
7855,low,2,3.0,4.0,8.8,A,-5.0
7856,low,2,15.0,6.0,,D,
7857,none,0,8.0,5.0,8.3,A,-1.8
7858,high,1,11.0,21.0,8.4,A,15.0
7859,none,0,5.0,6.0,3.6,A,-100.0
7860,high,2,7.0,6.0,4.8,A,-100.0
7861,medium,1,,12.0,4.6,C,
7862,high,2,14.0,3.0,8.4,A,-13.4
7863,,3,5.0,19.0,5.8,A,6.7
7864,none,3,2.0,43.0,2.4,A,15.0
7865,none,0,12.0,22.0,9.9,A,15.0
7866,high,0,4.0,8.0,9.4,A,8.6
7867,low,3,7.0,9.0,4.1,B,-100.0
7868,high,0,21.0,2.0,1.8,C,-100.0
7869,high,0,6.0,17.0,8.2,A,15.0
7870,none,0,2.0,0.0,6.7,B,-100.0
7871,medium,2,2.0,14.0,10.0,A,15.0
7872,low,3,7.0,12.0,8.2,A,5.6
7873,high,0,5.0,2.0,2.2,A,-100.0
7874,medium,1,11.0,2.0,3.8,D,-100.0
7875,low,1,11.0,3.0,9.0,A,-4.3
7876,medium,1,15.0,35.0,5.6,A,15.0
7877,none,0,12.0,4.0,5.8,A,-18.0
7878,medium,0,2.0,8.0,9.9,B,14.1
7879,medium,0,8.0,42.0,8.5,A,15.0
7880,high,1,11.0,30.0,7.8,A,15.0
7881,high,2,16.0,4.0,2.3,A,-100.0
7882,low,2,9.0,6.0,3.9,C,-100.0
7883,medium,2,11.0,6.0,1.7,C,-100.0
7884,high,1,8.0,11.0,2.9,A,-100.0
7885,high,2,14.0,22.0,8.7,A,15.0
7886,medium,3,7.0,13.0,2.9,A,-100.0
7887,medium,2,5.0,7.0,9.0,A,1.8
7888,high,0,8.0,21.0,6.5,B,15.0
7889,high,0,8.0,18.0,3.5,C,-3.3
7890,medium,2,8.0,10.0,9.6,B,11.1
7891,high,0,40.0,12.0,7.6,C,3.5
7892,high,2,4.0,9.0,4.5,A,-100.0
7893,medium,1,9.0,29.0,8.3,A,15.0
7894,low,2,11.0,2.0,6.5,A,-100.0
7895,low,0,7.0,10.0,7.5,A,5.0
7896,high,0,5.0,1.0,2.8,A,-100.0
7897,,1,12.0,0.0,6.2,A,-100.0
7898,low,3,13.0,8.0,9.5,A,3.7
7899,none,2,9.0,4.0,5.6,A,-100.0
7900,high,2,20.0,18.0,9.4,C,15.0
7901,low,1,5.0,25.0,2.0,A,4.0
7902,high,3,3.0,2.0,6.4,A,-100.0
7903,medium,1,11.0,12.0,6.4,B,-0.1
7904,medium,1,4.0,10.0,9.7,A,14.5
7905,none,2,15.0,43.0,9.3,A,15.0
7906,medium,1,16.0,1.0,8.8,A,-10.5
7907,medium,1,3.0,5.0,5.1,A,-100.0
7908,high,2,8.0,8.0,3.5,B,-100.0
7909,none,6,11.0,11.0,2.0,A,-100.0
7910,medium,1,17.0,24.0,5.8,B,15.0
7911,medium,0,11.0,24.0,3.8,A,13.3
7912,low,0,9.0,30.0,3.0,C,15.0
7913,high,1,5.0,3.0,8.1,A,-11.7
7914,medium,2,6.0,8.0,9.7,A,7.7
7915,medium,2,12.0,1.0,2.7,B,-100.0
7916,low,2,10.0,0.0,1.2,A,-100.0
7917,low,2,9.0,8.0,4.1,C,-100.0
7918,medium,3,13.0,37.0,5.2,A,15.0
7919,high,2,2.0,22.0,6.3,A,15.0
7920,low,0,15.0,10.0,5.1,B,-9.0
7921,high,0,12.0,21.0,3.0,A,-0.1
7922,low,4,7.0,21.0,9.4,D,15.0
7923,high,1,6.0,2.0,8.7,A,-10.6
7924,low,2,13.0,1.0,9.0,A,-11.2
7925,low,2,25.0,5.0,9.0,A,-4.0
7926,medium,0,14.0,16.0,7.2,D,14.9
7927,high,1,5.0,4.0,1.9,A,-100.0
7928,high,0,4.0,0.0,6.4,A,-100.0
7929,low,2,3.0,13.0,7.9,C,8.9
7930,low,0,6.0,1.0,6.6,C,-18.7
7931,low,0,3.0,5.0,8.4,A,-0.1
7932,low,0,15.0,5.0,9.7,C,5.8
7933,high,2,10.0,0.0,3.2,A,-100.0
7934,low,2,8.0,1.0,3.8,C,-100.0
7935,high,1,9.0,5.0,2.4,A,-100.0
7936,medium,1,15.0,23.0,1.6,A,-3.8
7937,none,1,2.0,5.0,7.6,A,-7.5
7938,high,2,4.0,2.0,2.1,A,-100.0
7939,medium,2,15.0,3.0,9.8,A,-3.2
7940,low,1,7.0,3.0,5.9,A,-100.0
7941,low,1,6.0,11.0,9.7,A,15.0
7942,low,1,8.0,17.0,3.9,B,-2.7
7943,high,3,4.0,0.0,2.6,C,-100.0
7944,high,6,14.0,10.0,7.6,C,-13.1
7945,high,1,4.0,1.0,8.7,A,-12.5
7946,none,4,13.0,7.0,1.7,A,-100.0
7947,medium,1,2.0,35.0,2.2,A,15.0
7948,none,0,2.0,17.0,9.1,A,15.0
7949,low,2,14.0,18.0,1.2,D,-18.5
7950,none,0,9.0,0.0,2.6,A,-100.0
7951,low,0,,5.0,6.5,C,
7952,low,0,16.0,30.0,9.8,A,15.0
7953,low,0,10.0,37.0,5.2,C,15.0
7954,high,2,11.0,7.0,3.7,A,-100.0
7955,none,2,1.0,5.0,6.1,B,-18.2
7956,high,1,8.0,4.0,5.7,A,-100.0
7957,high,1,2.0,8.0,4.8,A,-19.0
7958,medium,2,10.0,1.0,1.5,C,-100.0
7959,medium,2,6.0,10.0,2.7,A,-100.0
7960,low,0,8.0,25.0,2.7,C,10.0
7961,none,3,12.0,19.0,3.5,A,-6.7
7962,medium,2,5.0,17.0,9.8,A,15.0
7963,medium,4,11.0,1.0,2.9,A,-100.0
7964,high,2,9.0,9.0,7.4,B,-5.8
7965,low,3,2.0,0.0,9.9,A,-9.8
7966,medium,2,5.0,25.0,2.7,A,4.9
7967,low,0,6.0,10.0,8.2,A,9.0
7968,high,2,11.0,1.0,9.9,C,-9.1
7969,none,3,20.0,1.0,4.8,A,-100.0
7970,low,0,4.0,0.0,5.8,A,-100.0
7971,low,2,10.0,14.0,10.0,A,15.0
7972,high,1,17.0,38.0,9.2,D,15.0
7973,none,0,5.0,4.0,6.3,A,-14.6
7974,high,2,11.0,1.0,9.5,A,-11.3
7975,medium,1,10.0,0.0,5.6,A,-100.0
7976,low,0,15.0,18.0,4.5,A,4.5
7977,high,0,3.0,4.0,2.2,C,-100.0
7978,medium,2,6.0,16.0,5.0,A,-1.4
7979,high,1,3.0,3.0,2.7,A,-100.0
7980,low,2,15.0,18.0,3.8,A,-4.3
7981,high,2,3.0,45.0,5.6,B,15.0
7982,low,1,2.0,1.0,9.4,A,-5.4
7983,low,3,4.0,45.0,6.5,C,15.0
7984,medium,3,9.0,24.0,5.7,A,15.0
7985,low,0,33.0,13.0,5.9,A,-0.1
7986,none,3,2.0,2.0,9.9,C,-6.2
7987,high,1,4.0,9.0,1.5,C,-100.0
7988,none,3,3.0,43.0,2.5,A,15.0
7989,high,2,4.0,9.0,3.0,A,-100.0
7990,high,2,10.0,27.0,7.2,A,15.0
7991,high,1,1.0,24.0,9.0,A,15.0
7992,high,1,6.0,8.0,2.9,A,-100.0
7993,high,4,4.0,1.0,9.9,A,-13.4
7994,low,3,9.0,1.0,9.8,A,-8.9
7995,high,1,31.0,3.0,9.5,A,-6.6
7996,,1,21.0,15.0,1.1,C,-100.0
7997,high,1,2.0,18.0,1.0,C,-18.9
7998,,3,10.0,15.0,8.0,A,9.9
7999,high,2,5.0,3.0,3.7,A,-100.0
8000,none,4,19.0,6.0,9.8,A,-2.5
8001,low,1,8.0,9.0,8.4,A,5.3
8002,none,1,7.0,34.0,2.6,B,15.0
8003,low,6,15.0,13.0,3.4,A,-100.0
8004,medium,1,9.0,50.0,3.0,B,15.0
8005,low,1,6.0,17.0,4.0,A,-1.9
8006,low,1,6.0,1.0,4.1,A,-100.0
8007,none,1,15.0,15.0,4.0,A,-7.6
8008,low,2,11.0,4.0,6.5,B,-18.5
8009,,1,5.0,11.0,8.6,A,10.3
8010,low,2,6.0,4.0,8.1,A,-9.2
8011,medium,2,8.0,5.0,10.0,C,2.8
8012,high,2,10.0,14.0,2.1,A,-100.0
8013,low,2,16.0,30.0,3.0,A,15.0
8014,low,2,2.0,19.0,5.1,C,6.2
8015,medium,0,1.0,35.0,8.1,A,15.0
8016,none,1,21.0,12.0,5.0,A,-9.0
8017,high,0,12.0,6.0,1.7,A,-100.0
8018,none,3,7.0,15.0,1.7,A,-100.0
8019,medium,3,5.0,3.0,5.3,A,-100.0
8020,none,3,19.0,6.0,8.9,A,-5.0
8021,none,1,2.0,12.0,7.8,A,8.3
8022,medium,2,7.0,4.0,8.5,A,-7.5
8023,low,2,7.0,2.0,1.7,A,-100.0
8024,low,3,4.0,12.0,7.2,C,0.4
8025,high,1,10.0,5.0,8.4,A,-6.3
8026,,0,23.0,20.0,1.8,A,-7.5
8027,low,0,20.0,5.0,9.0,A,1.5
8028,low,1,23.0,16.0,2.3,C,-15.1
8029,low,3,38.0,7.0,9.8,A,0.8
8030,low,3,3.0,4.0,8.2,A,-10.8
8031,none,1,5.0,11.0,8.5,A,9.7
8032,,0,6.0,3.0,1.0,D,-100.0
8033,low,2,11.0,1.0,8.8,A,-12.1
8034,high,1,2.0,4.0,3.7,A,-100.0
8035,none,3,12.0,2.0,8.9,A,-12.7
8036,medium,1,11.0,3.0,1.8,A,-100.0
8037,none,1,10.0,3.0,4.3,A,-100.0
8038,high,0,11.0,14.0,9.9,A,15.0
8039,high,2,0.0,2.0,6.9,B,-100.0
8040,low,0,17.0,19.0,9.0,C,15.0
8041,high,1,12.0,15.0,3.3,A,-13.6
8042,high,1,14.0,11.0,2.4,A,-100.0
8043,none,3,6.0,7.0,9.3,A,0.6
8044,high,2,16.0,21.0,8.0,A,15.0
8045,low,1,14.0,2.0,6.1,A,-100.0
8046,none,2,18.0,5.0,8.2,A,-8.3
8047,high,1,3.0,45.0,1.1,C,15.0
8048,none,1,,1.0,1.7,C,
8049,high,1,24.0,16.0,3.0,A,-14.3
8050,medium,4,2.0,8.0,3.3,A,-100.0
8051,high,0,5.0,6.0,4.1,A,-100.0
8052,medium,2,13.0,6.0,9.9,A,3.9
8053,low,0,8.0,0.0,7.9,C,-13.9
8054,high,0,8.0,9.0,9.5,A,10.8
8055,high,0,10.0,22.0,2.7,D,0.5
8056,none,0,7.0,18.0,9.4,A,15.0
8057,low,1,7.0,7.0,6.5,A,-9.3
8058,high,1,3.0,49.0,8.8,B,15.0
8059,none,2,3.0,2.0,6.6,A,-100.0
8060,medium,1,4.0,13.0,3.2,A,-14.9
8061,high,1,1.0,1.0,5.4,A,-100.0
8062,high,3,6.0,4.0,2.0,A,-100.0
8063,medium,0,9.0,19.0,6.7,B,15.0
8064,high,0,11.0,13.0,5.2,C,-4.7
8065,low,1,2.0,13.0,5.1,B,-3.9
8066,high,2,31.0,14.0,7.7,C,4.1
8067,low,0,16.0,15.0,10.0,C,15.0
8068,none,2,17.0,8.0,8.1,A,-2.5
8069,high,2,6.0,7.0,6.1,B,-16.9
8070,medium,1,18.0,19.0,1.5,A,-13.0
8071,low,1,15.0,24.0,2.9,A,5.8
8072,none,1,9.0,0.0,1.4,A,-100.0
8073,high,3,7.0,0.0,2.4,A,-100.0
8074,medium,1,7.0,24.0,3.3,C,8.4
8075,none,2,7.0,50.0,9.0,A,15.0
8076,low,4,3.0,3.0,8.3,A,-14.9
8077,high,3,2.0,3.0,6.2,A,-100.0
8078,low,1,19.0,15.0,8.7,A,15.0
8079,low,0,7.0,23.0,4.1,A,13.6
8080,medium,2,3.0,0.0,7.3,A,-100.0
8081,low,1,21.0,4.0,8.7,A,-4.9
8082,medium,1,6.0,15.0,1.6,A,-19.7
8083,low,1,2.0,1.0,3.6,A,-100.0
8084,low,1,4.0,6.0,6.8,A,-9.4
8085,high,5,8.0,18.0,6.0,A,-2.0
8086,high,3,3.0,50.0,8.2,B,15.0
8087,medium,1,3.0,9.0,9.8,B,13.1
8088,high,4,10.0,9.0,8.9,A,-2.7
8089,high,2,13.0,6.0,8.6,A,-5.9
8090,high,1,15.0,0.0,3.4,A,-100.0
8091,high,1,8.0,17.0,8.3,A,15.0
8092,high,3,11.0,31.0,9.0,A,15.0
8093,medium,4,3.0,21.0,1.8,A,-13.2
8094,low,6,6.0,34.0,1.5,A,7.5
8095,none,0,18.0,11.0,7.1,A,3.2
8096,high,2,9.0,9.0,5.2,D,-17.9
8097,low,0,7.0,18.0,10.0,C,15.0
8098,high,1,4.0,18.0,2.0,C,-13.6
8099,low,0,3.0,9.0,6.2,B,-3.8
8100,high,1,2.0,3.0,3.9,B,-100.0
8101,none,0,15.0,9.0,8.7,C,8.1
8102,none,2,8.0,15.0,3.6,C,-11.6
8103,high,2,8.0,0.0,9.5,A,-13.1
8104,none,2,8.0,17.0,4.5,C,-2.5
8105,none,1,6.0,32.0,7.3,B,15.0
8106,medium,1,4.0,15.0,9.3,B,15.0
8107,low,2,3.0,17.0,9.4,A,15.0
8108,high,1,14.0,50.0,9.8,A,15.0
8109,high,2,0.0,19.0,8.3,C,15.0
8110,low,3,31.0,2.0,7.3,A,-100.0
8111,low,0,10.0,11.0,7.7,A,7.9
8112,low,4,7.0,14.0,1.0,A,-100.0
8113,low,0,26.0,4.0,9.8,A,3.2
8114,high,5,15.0,6.0,6.2,A,-100.0
8115,low,0,1.0,1.0,8.7,A,-6.7
8116,low,2,16.0,6.0,8.0,A,-6.5
8117,high,1,30.0,21.0,1.6,A,-12.1
8118,medium,2,4.0,9.0,6.0,A,-10.4
8119,high,1,14.0,6.0,5.3,B,-100.0
8120,high,3,12.0,0.0,6.2,D,-100.0
8121,medium,1,20.0,17.0,5.1,C,2.4
8122,low,2,4.0,13.0,,D,
8123,none,0,3.0,2.0,7.9,C,-9.8
8124,none,1,14.0,14.0,6.6,A,4.7
8125,none,2,5.0,8.0,4.7,A,-20.0
8126,low,2,3.0,17.0,5.9,B,6.3
8127,high,2,11.0,1.0,8.4,A,-17.3
8128,low,3,2.0,6.0,8.2,A,-6.5
8129,low,2,20.0,8.0,9.1,C,3.3
8130,none,6,9.0,5.0,9.4,C,-10.8
8131,high,0,9.0,7.0,5.5,A,-15.5
8132,low,1,19.0,1.0,8.4,B,-12.6
8133,high,1,2.0,2.0,3.1,A,-100.0
8134,medium,1,2.0,3.0,3.6,C,-100.0
8135,high,1,3.0,0.0,9.4,A,-10.6
8136,medium,1,7.0,5.0,9.9,A,4.8
8137,none,0,2.0,4.0,9.0,A,0.6
8138,medium,2,1.0,27.0,3.6,A,14.5
8139,high,3,6.0,48.0,8.5,C,15.0
8140,low,2,19.0,12.0,1.3,A,-100.0
8141,high,4,7.0,8.0,9.7,A,-0.1
8142,low,1,17.0,5.0,8.8,A,-1.8
8143,medium,3,11.0,14.0,6.9,C,1.9
8144,low,0,10.0,5.0,1.0,A,-100.0
8145,none,4,14.0,35.0,8.9,A,15.0
8146,none,1,10.0,5.0,1.3,A,-100.0
8147,low,3,6.0,5.0,9.7,D,-0.8
8148,high,0,19.0,22.0,3.2,C,2.4
8149,low,3,5.0,0.0,7.0,A,-100.0
8150,high,2,5.0,2.0,6.6,C,-100.0
8151,high,1,5.0,8.0,6.4,A,-10.5
8152,medium,1,1.0,6.0,9.5,C,5.4
8153,high,1,5.0,11.0,9.8,A,14.5
8154,low,0,4.0,6.0,3.5,A,-100.0
8155,low,4,11.0,6.0,3.1,A,-100.0
8156,low,1,5.0,4.0,8.4,A,-4.9
8157,high,0,4.0,1.0,9.7,A,-4.5
8158,,0,4.0,15.0,8.8,A,15.0
8159,medium,2,9.0,4.0,1.7,C,-100.0
8160,none,2,10.0,3.0,5.8,B,-100.0
8161,high,0,14.0,2.0,8.0,A,-12.7
8162,low,3,10.0,4.0,5.7,A,-100.0
8163,low,4,4.0,2.0,9.0,C,-13.2
8164,low,1,11.0,1.0,3.5,A,-100.0
8165,low,1,2.0,1.0,3.0,A,-100.0
8166,high,2,15.0,18.0,1.6,C,-19.4
8167,high,2,,14.0,2.7,C,
8168,medium,2,5.0,12.0,3.6,A,-17.4
8169,medium,2,7.0,8.0,9.0,A,3.7
8170,medium,2,8.0,27.0,3.6,C,13.8
8171,none,0,12.0,30.0,3.3,A,15.0
8172,high,3,4.0,14.0,2.0,A,-100.0
8173,low,1,9.0,13.0,8.6,C,14.7
8174,medium,0,19.0,16.0,9.4,A,15.0
8175,high,2,12.0,8.0,6.6,A,-12.6
8176,low,1,0.0,3.0,9.5,A,-0.5
8177,high,1,2.0,3.0,2.0,A,-100.0
8178,low,2,6.0,13.0,8.5,B,11.9
8179,none,0,2.0,14.0,8.3,D,15.0
8180,high,5,1.0,0.0,8.3,A,-100.0
8181,high,1,2.0,16.0,1.2,A,-100.0
8182,low,2,25.0,1.0,1.8,A,-100.0
8183,medium,0,4.0,33.0,1.7,A,15.0
8184,medium,0,3.0,18.0,8.8,A,15.0
8185,low,2,39.0,7.0,3.9,A,-100.0
8186,low,2,10.0,24.0,7.6,A,15.0
8187,high,2,7.0,3.0,9.2,B,-8.3
8188,none,3,7.0,3.0,9.5,A,-6.8
8189,high,2,7.0,4.0,8.7,A,-9.0
8190,high,1,31.0,5.0,1.3,A,-100.0
8191,low,0,4.0,9.0,7.8,A,4.9
8192,low,2,15.0,10.0,8.3,B,3.6
8193,none,2,5.0,0.0,1.4,A,-100.0
8194,high,1,5.0,2.0,7.3,C,-18.2
8195,high,0,12.0,14.0,9.8,C,15.0
8196,low,3,1.0,4.0,3.1,B,-100.0
8197,medium,1,7.0,14.0,2.4,A,-17.5
8198,low,0,9.0,37.0,6.5,A,15.0
8199,high,2,8.0,12.0,1.2,A,-100.0
8200,low,0,4.0,2.0,3.0,A,-100.0
8201,medium,1,,1.0,2.3,C,
8202,none,2,3.0,5.0,2.7,A,-100.0
8203,medium,0,9.0,7.0,3.2,A,-100.0
8204,high,0,4.0,13.0,8.7,A,15.0
8205,,3,19.0,17.0,6.0,A,2.2
8206,high,2,7.0,4.0,1.1,B,-100.0
8207,high,1,24.0,11.0,7.9,A,2.1
8208,none,0,4.0,11.0,4.7,A,-8.6
8209,high,0,3.0,2.0,6.7,A,-18.8
8210,low,0,2.0,6.0,9.5,C,8.1
8211,high,1,12.0,29.0,2.3,A,10.3
8212,none,1,22.0,15.0,5.4,A,-0.6
8213,none,0,9.0,9.0,9.1,A,10.9
8214,high,2,2.0,26.0,3.1,C,6.9
8215,medium,0,7.0,29.0,3.9,A,15.0
8216,medium,2,15.0,12.0,7.8,C,4.7
8217,high,3,9.0,8.0,9.5,B,1.1
8218,low,3,7.0,12.0,2.7,A,-100.0
8219,low,1,4.0,23.0,3.9,A,10.3
8220,low,2,6.0,7.0,8.4,A,-1.2
8221,none,0,16.0,16.0,8.8,A,15.0
8222,high,2,13.0,7.0,6.9,B,-13.2
8223,low,0,8.0,1.0,7.3,A,-15.1
8224,high,1,3.0,2.0,1.0,D,-100.0
8225,high,2,5.0,11.0,3.9,A,-100.0
8226,high,0,7.0,3.0,3.9,A,-100.0
8227,low,0,16.0,13.0,9.6,A,15.0
8228,high,0,8.0,3.0,8.2,A,-8.9
8229,high,0,9.0,19.0,4.8,A,5.9
8230,medium,0,3.0,8.0,1.6,A,-100.0
8231,,1,5.0,5.0,9.4,A,2.1
8232,low,1,22.0,2.0,1.5,B,-100.0
8233,low,1,10.0,4.0,6.5,A,-15.9
8234,low,0,6.0,16.0,4.6,A,1.8
8235,medium,0,12.0,16.0,8.8,A,15.0
8236,high,2,,8.0,9.3,C,
8237,high,2,10.0,5.0,8.2,D,-9.9
8238,high,1,6.0,13.0,9.3,A,15.0
8239,low,3,11.0,16.0,7.8,A,11.4
8240,low,1,15.0,15.0,4.3,B,-5.4
8241,low,1,5.0,1.0,2.7,A,-100.0
8242,low,2,16.0,12.0,1.6,C,-100.0
8243,low,2,4.0,12.0,3.4,A,-18.0
8244,low,4,3.0,50.0,8.8,A,15.0
8245,low,3,5.0,5.0,9.3,A,-2.9
8246,low,0,14.0,1.0,7.2,A,-16.2
8247,low,0,12.0,8.0,5.5,B,-10.7
8248,none,1,9.0,30.0,6.9,A,15.0
8249,high,1,8.0,3.0,1.4,A,-100.0
8250,,0,,15.0,8.0,C,
8251,medium,0,11.0,15.0,2.8,A,-11.1
8252,none,1,19.0,15.0,9.7,A,15.0
8253,low,2,11.0,16.0,9.5,A,15.0
8254,medium,3,4.0,2.0,5.7,A,-100.0
8255,low,2,6.0,14.0,4.2,A,-9.6
8256,none,0,16.0,5.0,7.4,C,-7.5
8257,medium,3,18.0,8.0,2.2,D,-100.0
8258,high,1,13.0,4.0,8.6,B,-7.6
8259,low,0,7.0,4.0,4.3,A,-100.0
8260,low,3,25.0,14.0,7.3,C,3.0
8261,medium,2,12.0,29.0,9.7,A,15.0
8262,low,0,5.0,13.0,2.5,A,-16.0
8263,none,1,11.0,19.0,5.5,B,9.4
8264,none,0,21.0,12.0,1.6,C,-100.0
8265,low,1,9.0,5.0,2.9,A,-100.0
8266,medium,4,4.0,16.0,8.0,A,10.3
8267,low,1,4.0,13.0,9.2,A,15.0
8268,high,1,13.0,22.0,10.0,A,15.0
8269,low,0,1.0,32.0,9.0,A,15.0
8270,high,3,30.0,2.0,2.4,A,-100.0
8271,none,1,4.0,8.0,,D,
8272,none,1,11.0,11.0,9.2,A,13.0
8273,high,2,18.0,2.0,4.6,A,-100.0
8274,medium,0,9.0,5.0,4.9,A,-100.0
8275,medium,3,3.0,1.0,6.6,C,-100.0
8276,medium,1,2.0,20.0,9.4,B,15.0
8277,high,2,6.0,6.0,5.4,A,-100.0
8278,high,1,8.0,14.0,8.6,B,13.9
8279,medium,0,18.0,1.0,9.0,A,-7.1
8280,low,1,11.0,12.0,8.8,B,13.5
8281,medium,2,2.0,1.0,9.9,B,-5.5
8282,low,2,13.0,10.0,7.0,A,-3.3
8283,high,2,16.0,37.0,7.3,B,15.0
8284,medium,0,1.0,0.0,1.8,A,-100.0
8285,high,1,7.0,8.0,4.8,C,-19.5
8286,low,2,19.0,3.0,8.7,A,-9.3
8287,low,2,8.0,23.0,8.1,B,15.0
8288,low,1,5.0,20.0,2.9,A,-1.6
8289,medium,0,3.0,33.0,6.2,B,15.0
8290,high,1,0.0,50.0,4.6,A,15.0
8291,high,1,12.0,32.0,2.2,A,15.0
8292,medium,2,22.0,12.0,7.0,A,-0.4
8293,medium,1,3.0,10.0,4.7,A,-12.9
8294,medium,2,3.0,36.0,1.5,A,15.0
8295,none,3,6.0,11.0,5.4,A,-12.4
8296,high,0,5.0,48.0,2.5,A,15.0
8297,medium,5,3.0,9.0,6.2,C,-16.7
8298,medium,2,4.0,29.0,3.6,A,15.0
8299,low,1,11.0,9.0,4.7,A,-15.4
8300,medium,0,9.0,27.0,8.8,A,15.0
8301,high,1,14.0,7.0,2.1,D,-100.0
8302,high,1,12.0,5.0,6.8,B,-15.3
8303,high,2,6.0,10.0,8.4,C,2.1
8304,high,2,1.0,9.0,9.3,A,5.4
8305,medium,0,1.0,10.0,5.4,A,-6.3
8306,high,3,12.0,16.0,1.9,C,-100.0
8307,medium,1,6.0,17.0,2.3,A,-11.7
8308,none,0,14.0,3.0,7.5,A,-11.0
8309,low,2,3.0,8.0,2.3,A,-100.0
8310,high,0,6.0,2.0,3.3,A,-100.0
8311,low,1,3.0,48.0,6.2,A,15.0
8312,low,0,16.0,7.0,8.9,A,5.5
8313,,1,5.0,11.0,1.3,B,-100.0
8314,high,0,2.0,11.0,8.7,A,11.2
8315,low,3,6.0,0.0,9.6,B,-11.8
8316,low,2,7.0,21.0,9.6,D,15.0
8317,high,1,17.0,18.0,2.4,A,-12.7
8318,none,2,7.0,2.0,8.5,A,-11.9
8319,none,1,18.0,1.0,7.5,C,-18.1
8320,low,2,13.0,0.0,9.7,A,-9.5
8321,medium,2,2.0,10.0,8.8,A,7.3
8322,low,1,8.0,31.0,6.4,A,15.0
8323,medium,3,6.0,3.0,1.0,A,-100.0
8324,medium,1,3.0,6.0,4.2,A,-100.0
8325,low,2,3.0,5.0,9.0,A,-1.8
8326,high,1,7.0,8.0,2.5,A,-100.0
8327,medium,0,10.0,1.0,6.0,A,-100.0
8328,high,2,6.0,9.0,6.2,C,-12.1
8329,low,1,15.0,13.0,1.5,A,-100.0
8330,,1,20.0,2.0,5.2,A,-100.0
8331,low,2,31.0,5.0,5.0,A,-100.0
8332,high,3,24.0,9.0,5.6,B,-19.7
8333,medium,1,9.0,15.0,6.7,A,8.1
8334,none,3,8.0,29.0,6.6,A,15.0
8335,medium,1,11.0,19.0,8.2,C,15.0
8336,high,0,5.0,2.0,3.6,A,-100.0
8337,medium,1,19.0,5.0,1.3,C,-100.0
8338,none,1,5.0,5.0,2.5,A,-100.0
8339,low,3,4.0,0.0,8.8,B,-16.0
8340,low,2,2.0,4.0,2.5,C,-100.0
8341,high,2,27.0,1.0,7.1,A,-100.0
8342,medium,2,1.0,0.0,9.5,D,-9.8
8343,none,1,6.0,9.0,2.3,A,-100.0
8344,high,1,20.0,17.0,9.8,A,15.0
8345,high,1,11.0,0.0,1.9,A,-100.0
8346,medium,1,3.0,2.0,9.6,C,-2.7
8347,low,0,6.0,12.0,1.1,C,-100.0
8348,low,1,5.0,26.0,1.4,A,2.8
8349,none,0,14.0,8.0,3.7,A,-100.0
8350,high,1,3.0,5.0,9.2,B,-1.2
8351,high,1,2.0,24.0,9.2,A,15.0
8352,high,2,36.0,3.0,2.7,A,-100.0
8353,low,1,6.0,4.0,4.8,A,-100.0
8354,low,1,4.0,7.0,7.9,A,-1.3
8355,high,2,4.0,17.0,3.1,C,-12.2
8356,low,1,5.0,31.0,6.7,A,15.0
8357,high,2,6.0,7.0,2.0,A,-100.0
8358,medium,3,17.0,3.0,9.4,B,-8.1
8359,high,1,6.0,2.0,9.4,A,-6.7
8360,low,2,9.0,8.0,3.1,A,-100.0
8361,medium,1,4.0,5.0,6.7,B,-12.4
8362,low,0,1.0,9.0,6.6,A,-1.4
8363,medium,2,7.0,0.0,6.9,A,-100.0
8364,high,0,8.0,2.0,2.5,A,-100.0
8365,medium,1,17.0,10.0,4.9,A,-13.1
8366,medium,1,9.0,25.0,9.7,D,15.0
8367,high,2,14.0,32.0,4.9,A,15.0
8368,high,1,23.0,19.0,8.6,C,15.0
8369,low,3,2.0,2.0,9.6,A,-7.2
8370,medium,2,9.0,4.0,1.3,A,-100.0
8371,low,2,6.0,8.0,4.1,A,-100.0
8372,high,1,17.0,7.0,4.7,B,-100.0
8373,high,1,15.0,2.0,8.1,A,-14.8
8374,low,4,40.0,2.0,3.0,A,-100.0
8375,medium,4,8.0,16.0,2.2,A,-100.0
8376,low,0,19.0,2.0,8.3,C,-8.6
8377,medium,1,2.0,1.0,5.2,A,-100.0
8378,low,0,6.0,1.0,9.2,A,-4.4
8379,none,2,10.0,25.0,9.8,A,15.0
8380,low,1,2.0,14.0,3.0,A,-13.3
8381,high,1,11.0,23.0,1.4,A,-7.1
8382,none,0,5.0,7.0,2.0,A,-100.0
8383,medium,1,19.0,12.0,1.0,A,-100.0
8384,low,1,9.0,7.0,9.3,B,5.9
8385,none,0,10.0,9.0,9.8,D,14.7
8386,low,0,30.0,1.0,2.4,A,-100.0
8387,high,2,9.0,8.0,7.8,A,-5.7
8388,low,2,3.0,7.0,8.9,B,1.8
8389,medium,1,12.0,6.0,9.5,A,4.3
8390,none,0,23.0,8.0,6.7,A,-5.8
8391,low,1,5.0,10.0,8.3,C,7.1
8392,medium,1,10.0,14.0,8.6,A,15.0
8393,none,2,1.0,2.0,6.3,A,-100.0
8394,none,2,25.0,0.0,8.9,D,-15.7
8395,medium,1,7.0,34.0,2.4,C,15.0
8396,low,1,10.0,6.0,8.2,A,-2.3
8397,high,3,5.0,9.0,4.8,B,-100.0
8398,none,2,2.0,9.0,1.1,A,-100.0
8399,low,2,6.0,3.0,10.0,A,-0.8
8400,none,2,6.0,6.0,8.9,A,-1.2
8401,low,2,2.0,1.0,1.5,C,-100.0
8402,medium,1,12.0,14.0,2.3,A,-18.6
8403,low,4,10.0,20.0,,D,
8404,high,3,8.0,2.0,3.2,B,-100.0
8405,low,1,12.0,15.0,6.7,A,8.1
8406,high,5,8.0,24.0,8.6,A,15.0
8407,low,2,3.0,1.0,5.2,A,-100.0
8408,high,1,8.0,26.0,9.0,B,15.0
8409,low,2,18.0,4.0,3.3,C,-100.0
8410,medium,2,4.0,1.0,2.1,A,-100.0
8411,low,0,6.0,32.0,2.4,A,15.0
8412,medium,2,1.0,20.0,8.2,C,15.0
8413,high,2,5.0,21.0,8.5,A,15.0
8414,low,1,6.0,17.0,5.5,C,6.3
8415,high,2,6.0,8.0,2.3,D,-100.0
8416,high,0,2.0,49.0,6.2,A,15.0
8417,none,0,17.0,23.0,9.6,C,15.0
8418,none,0,6.0,12.0,1.4,A,-100.0
8419,low,2,13.0,19.0,8.5,C,15.0
8420,high,1,6.0,19.0,9.7,A,15.0
8421,low,1,2.0,36.0,2.2,C,15.0
8422,medium,1,9.0,50.0,1.2,D,15.0
8423,,0,2.0,5.0,8.7,C,1.0
8424,high,2,23.0,3.0,8.2,C,-15.4
8425,none,2,22.0,15.0,8.8,C,15.0
8426,high,1,22.0,5.0,6.0,A,-100.0
8427,medium,3,1.0,8.0,7.1,A,-8.7
8428,high,1,18.0,2.0,2.0,A,-100.0
8429,high,4,11.0,3.0,9.7,A,-11.0
8430,high,1,11.0,3.0,2.6,C,-100.0
8431,none,2,10.0,29.0,3.8,C,15.0
8432,medium,2,7.0,2.0,9.1,A,-8.3
8433,none,1,2.0,5.0,1.5,B,-100.0
8434,none,2,3.0,6.0,9.2,A,0.8
8435,low,2,4.0,12.0,7.3,B,3.4
8436,medium,0,15.0,19.0,9.6,A,15.0
8437,low,3,5.0,10.0,5.0,A,-16.0
8438,medium,1,3.0,4.0,6.1,A,-17.8
8439,none,3,6.0,50.0,9.2,B,15.0
8440,none,0,14.0,6.0,2.5,A,-100.0
8441,medium,0,18.0,11.0,6.2,A,-1.5
8442,high,2,21.0,24.0,5.3,C,12.9
8443,low,0,14.0,11.0,1.2,B,-100.0
8444,medium,1,24.0,7.0,1.8,C,-100.0
8445,none,1,5.0,3.0,9.7,A,-0.5
8446,none,4,8.0,9.0,8.5,A,-2.3
8447,high,1,5.0,15.0,9.8,A,15.0
8448,high,0,4.0,5.0,9.9,A,5.0
8449,high,1,4.0,6.0,3.8,C,-100.0
8450,medium,1,14.0,12.0,6.8,A,1.8
8451,low,1,4.0,9.0,5.7,D,-9.2
8452,low,0,3.0,15.0,5.5,A,4.9
8453,none,0,9.0,19.0,9.9,A,15.0
8454,low,0,20.0,7.0,2.0,A,-100.0
8455,high,2,8.0,2.0,2.8,A,-100.0
8456,low,1,8.0,38.0,6.1,A,15.0
8457,high,0,9.0,12.0,9.4,A,15.0
8458,high,0,13.0,16.0,8.6,A,15.0
8459,medium,1,10.0,7.0,5.3,A,-16.5
8460,medium,2,20.0,9.0,3.3,B,-100.0
8461,low,5,8.0,8.0,2.3,A,-100.0
8462,low,2,7.0,8.0,4.7,C,-19.6
8463,low,1,13.0,4.0,8.4,A,-5.7
8464,low,1,5.0,7.0,8.1,B,-0.3
8465,high,0,6.0,3.0,8.1,A,-9.3
8466,low,2,8.0,4.0,2.5,C,-100.0
8467,low,2,11.0,16.0,3.0,B,-12.5
8468,medium,3,1.0,2.0,7.6,A,-18.5
8469,high,0,4.0,10.0,4.2,A,-15.8
8470,low,0,13.0,9.0,3.9,A,-17.5
8471,high,1,16.0,30.0,9.8,B,15.0
8472,high,0,2.0,7.0,8.8,A,3.4
8473,high,6,13.0,8.0,8.0,C,-15.0
8474,,0,8.0,11.0,8.6,C,12.5
8475,none,2,14.0,19.0,5.8,A,8.3
8476,high,3,5.0,9.0,3.1,A,-100.0
8477,medium,3,2.0,1.0,5.2,A,-100.0
8478,high,1,8.0,0.0,2.8,A,-100.0
8479,none,1,5.0,3.0,8.7,A,-6.0
8480,medium,4,14.0,8.0,3.2,C,-100.0
8481,low,2,32.0,12.0,1.5,A,-100.0
8482,low,1,17.0,6.0,7.8,A,-5.2
8483,medium,3,6.0,8.0,9.2,B,2.4
8484,high,1,6.0,0.0,8.1,A,-18.1
8485,high,0,1.0,7.0,9.8,A,9.0
8486,none,1,11.0,28.0,1.1,A,4.1
8487,low,1,9.0,6.0,3.0,A,-100.0
8488,medium,1,16.0,1.0,3.1,D,-100.0
8489,high,1,6.0,27.0,9.2,C,15.0
8490,medium,0,7.0,10.0,2.2,A,-100.0
8491,low,0,24.0,20.0,9.1,A,15.0
8492,medium,2,10.0,5.0,10.0,A,2.6
8493,low,0,5.0,11.0,9.6,B,15.0
8494,medium,1,7.0,13.0,3.0,A,-16.3
8495,high,1,4.0,7.0,3.0,A,-100.0
8496,medium,1,18.0,21.0,6.9,C,15.0
8497,medium,3,4.0,35.0,5.7,A,15.0
8498,high,0,4.0,24.0,3.2,D,8.1
8499,medium,1,19.0,3.0,2.9,A,-100.0
8500,high,1,6.0,1.0,8.3,A,-14.9
8501,low,1,18.0,0.0,7.8,C,-17.9
8502,medium,2,8.0,5.0,5.8,A,-100.0
8503,high,3,15.0,2.0,5.2,A,-100.0
8504,none,0,8.0,4.0,4.6,A,-100.0
8505,medium,2,1.0,23.0,9.2,A,15.0
8506,medium,2,31.0,2.0,1.1,A,-100.0
8507,low,1,5.0,40.0,9.1,B,15.0
8508,high,0,3.0,16.0,9.6,C,15.0
8509,,0,17.0,12.0,3.1,D,-16.6
8510,low,2,3.0,13.0,2.7,A,-19.7
8511,medium,2,40.0,27.0,5.6,A,15.0
8512,medium,1,15.0,0.0,7.6,A,-19.1
8513,low,0,6.0,4.0,8.5,A,-2.0
8514,low,2,18.0,1.0,,D,
8515,low,2,4.0,16.0,3.8,A,-7.4
8516,medium,1,14.0,9.0,2.5,C,-100.0
8517,none,0,27.0,32.0,9.0,A,15.0
8518,low,1,8.0,2.0,8.7,B,-7.8
8519,low,0,5.0,22.0,8.9,A,15.0
8520,medium,1,40.0,20.0,2.5,A,-7.7
8521,medium,5,7.0,30.0,4.8,A,15.0
8522,low,3,9.0,2.0,5.6,A,-100.0
8523,medium,2,7.0,20.0,3.6,B,-0.8
8524,low,3,9.0,12.0,4.5,A,-15.0
8525,high,3,1.0,8.0,1.3,A,-100.0
8526,medium,1,5.0,8.0,1.9,A,-100.0
8527,high,1,7.0,14.0,9.8,C,15.0
8528,medium,0,10.0,6.0,2.8,A,-100.0
8529,medium,4,12.0,3.0,2.9,A,-100.0
8530,low,2,7.0,1.0,9.7,A,-6.8
8531,high,2,13.0,10.0,2.2,A,-100.0
8532,none,0,7.0,7.0,2.5,A,-100.0
8533,low,1,16.0,4.0,8.3,A,-6.6
8534,high,1,19.0,1.0,7.2,A,-100.0
8535,high,4,9.0,21.0,6.5,C,9.4
8536,none,1,10.0,1.0,1.0,B,-100.0
8537,medium,1,3.0,1.0,8.2,A,-12.5
8538,low,2,28.0,19.0,3.9,B,-3.0
8539,none,0,8.0,8.0,2.0,C,-100.0
8540,high,3,7.0,4.0,8.3,A,-13.7
8541,high,0,6.0,2.0,4.4,C,-100.0
8542,low,1,7.0,2.0,6.3,A,-100.0
8543,low,0,6.0,20.0,7.2,A,15.0
8544,none,2,15.0,10.0,8.3,A,3.0
8545,low,3,1.0,5.0,,C,
8546,low,1,8.0,2.0,4.4,B,-100.0
8547,medium,2,9.0,23.0,2.2,A,-2.4
8548,medium,3,5.0,6.0,,D,
8549,low,0,10.0,2.0,7.5,A,-12.1
8550,high,1,15.0,9.0,4.3,C,-100.0
8551,high,0,15.0,7.0,9.4,A,5.4
8552,high,1,4.0,4.0,1.8,A,-100.0
8553,,4,2.0,1.0,4.1,A,-100.0
8554,low,0,8.0,1.0,8.4,C,-9.0
8555,medium,2,2.0,11.0,6.8,A,-1.6
8556,low,1,,13.0,10.0,C,
8557,low,2,2.0,2.0,8.7,A,-9.7
8558,low,4,5.0,25.0,6.4,D,15.0
8559,high,1,19.0,9.0,8.9,A,3.9
8560,none,2,3.0,32.0,3.7,A,15.0
8561,low,1,4.0,20.0,8.9,A,15.0
8562,low,1,7.0,8.0,7.2,A,-3.3
8563,medium,3,6.0,7.0,3.4,C,-100.0
8564,medium,1,7.0,3.0,9.3,A,-2.6
8565,medium,2,7.0,2.0,5.2,C,-100.0
8566,none,3,10.0,1.0,8.8,A,-15.1
8567,low,1,6.0,32.0,7.4,A,15.0
8568,medium,1,10.0,6.0,8.1,A,-3.3
8569,high,2,11.0,23.0,1.1,A,-11.3
8570,medium,0,4.0,2.0,9.6,A,-0.3
8571,low,3,6.0,10.0,6.3,A,-9.0
8572,medium,2,13.0,4.0,8.8,A,-6.4
8573,low,1,17.0,21.0,5.1,A,11.4
8574,medium,6,15.0,17.0,8.9,A,11.2
8575,medium,1,5.0,0.0,9.2,A,-9.3
8576,none,5,8.0,14.0,5.5,C,-10.8
8577,low,4,9.0,15.0,9.2,A,14.7
8578,medium,2,21.0,0.0,3.1,A,-100.0
8579,none,1,11.0,4.0,9.6,A,0.5
8580,low,3,15.0,17.0,2.3,A,-17.2
8581,high,0,9.0,28.0,4.2,A,15.0
8582,high,3,8.0,1.0,1.8,A,-100.0
8583,medium,1,5.0,0.0,3.8,A,-100.0
8584,medium,1,13.0,7.0,9.4,A,5.7
8585,high,4,10.0,9.0,1.3,A,-100.0
8586,medium,1,19.0,30.0,3.1,A,15.0
8587,high,4,9.0,1.0,6.6,A,-100.0
8588,medium,2,11.0,9.0,1.9,A,-100.0
8589,low,6,4.0,23.0,1.9,D,-13.2
8590,high,1,14.0,3.0,8.6,A,-9.8
8591,low,1,5.0,48.0,4.4,B,15.0
8592,high,1,7.0,5.0,2.4,A,-100.0
8593,none,2,10.0,13.0,2.1,D,-100.0
8594,high,1,15.0,34.0,8.7,A,15.0
8595,high,1,2.0,15.0,8.4,C,15.0
8596,low,0,4.0,25.0,8.1,A,15.0
8597,none,3,9.0,1.0,2.2,B,-100.0
8598,high,3,17.0,4.0,6.0,C,-100.0
8599,medium,0,40.0,26.0,2.4,A,6.9
8600,low,0,9.0,25.0,9.4,C,15.0
8601,low,4,27.0,2.0,5.1,A,-100.0
8602,low,0,2.0,0.0,,B,
8603,none,1,20.0,2.0,4.3,A,-100.0
8604,low,3,1.0,16.0,6.0,B,2.5
8605,none,1,21.0,16.0,9.1,A,15.0
8606,low,1,1.0,11.0,5.9,C,-3.6
8607,low,1,11.0,10.0,3.8,A,-18.2
8608,medium,1,8.0,13.0,9.9,A,15.0
8609,medium,0,20.0,1.0,9.4,A,-5.1
8610,medium,1,5.0,14.0,9.2,A,15.0
8611,medium,2,33.0,50.0,7.0,B,15.0
8612,medium,3,4.0,3.0,2.1,A,-100.0
8613,high,4,3.0,10.0,1.1,C,-100.0
8614,medium,4,25.0,5.0,8.2,A,-13.8
8615,high,2,16.0,6.0,8.1,C,-9.0
8616,medium,1,2.0,4.0,3.9,A,-100.0
8617,medium,1,7.0,1.0,5.5,A,-100.0
8618,low,1,8.0,18.0,1.8,B,-12.1
8619,medium,2,6.0,1.0,1.4,A,-100.0
8620,high,2,5.0,8.0,8.8,A,0.2
8621,high,1,18.0,1.0,5.8,A,-100.0
8622,high,0,7.0,15.0,9.3,A,15.0
8623,none,4,23.0,2.0,4.5,A,-100.0
8624,high,1,4.0,2.0,2.1,A,-100.0
8625,none,1,3.0,19.0,9.8,A,15.0
8626,low,1,8.0,19.0,3.0,A,-3.4
8627,none,4,7.0,6.0,7.7,A,-12.9
8628,medium,0,9.0,1.0,5.1,A,-100.0
8629,high,5,20.0,3.0,8.6,A,-100.0
8630,none,0,9.0,17.0,3.2,C,-4.7
8631,none,2,8.0,35.0,2.4,A,15.0
8632,high,2,8.0,5.0,8.4,C,-8.6
8633,medium,1,8.0,11.0,9.9,A,15.0
8634,low,2,11.0,1.0,8.2,C,-15.4
8635,high,3,6.0,1.0,4.4,A,-100.0
8636,high,1,14.0,29.0,6.4,A,15.0
8637,medium,0,17.0,27.0,1.5,B,6.3
8638,low,1,6.0,31.0,3.8,A,15.0
8639,none,1,6.0,14.0,6.5,A,4.9
8640,low,0,7.0,1.0,9.3,C,-4.0
8641,high,1,0.0,8.0,9.0,A,4.3
8642,high,1,12.0,7.0,3.0,B,-100.0
8643,low,2,36.0,0.0,4.8,A,-100.0
8644,high,4,4.0,20.0,2.6,B,-13.6
8645,none,2,9.0,13.0,5.0,A,-8.2
8646,high,0,4.0,4.0,9.7,A,1.8
8647,low,3,1.0,9.0,6.6,A,-8.9
8648,none,1,3.0,37.0,3.5,C,15.0
8649,none,4,12.0,5.0,2.7,C,-100.0
8650,none,1,0.0,0.0,8.0,A,-15.6
8651,none,3,13.0,4.0,9.7,A,-4.2
8652,low,1,5.0,18.0,9.0,A,15.0
8653,medium,0,5.0,30.0,7.8,C,15.0
8654,high,2,3.0,41.0,1.9,D,15.0
8655,none,1,6.0,13.0,8.5,A,13.8
8656,high,1,6.0,3.0,9.4,C,-4.6
8657,high,4,31.0,25.0,8.9,A,15.0
8658,none,3,22.0,2.0,1.4,A,-100.0
8659,medium,2,7.0,15.0,7.5,D,10.2
8660,high,2,3.0,3.0,1.1,A,-100.0
8661,low,1,6.0,23.0,3.5,A,7.9
8662,high,0,13.0,50.0,3.2,A,15.0
8663,low,3,9.0,2.0,9.9,A,-6.3
8664,none,0,3.0,9.0,9.2,A,12.1
8665,none,1,10.0,5.0,10.0,A,4.9
8666,medium,4,18.0,13.0,9.2,B,
8667,high,0,5.0,3.0,6.6,C,-17.4
8668,medium,3,8.0,16.0,7.0,A,6.9
8669,low,1,12.0,3.0,8.2,A,-8.8
8670,high,3,3.0,1.0,8.8,A,-16.8
8671,medium,3,30.0,10.0,3.3,B,-100.0
8672,none,1,9.0,16.0,4.5,A,-2.2
8673,high,3,9.0,2.0,9.3,A,-12.6
8674,high,3,3.0,4.0,9.9,D,-4.5
8675,low,3,19.0,4.0,7.5,A,-16.3
8676,high,3,10.0,9.0,8.7,A,-1.3
8677,medium,1,22.0,2.0,4.0,A,-100.0
8678,none,3,6.0,15.0,6.8,A,3.7
8679,medium,2,9.0,4.0,9.0,C,-4.9
8680,high,0,21.0,6.0,9.8,A,4.9
8681,none,1,6.0,17.0,6.0,A,8.5
8682,high,2,2.0,6.0,6.9,A,-14.2
8683,low,0,28.0,6.0,3.1,C,-100.0
8684,low,1,28.0,6.0,8.9,A,-0.3
8685,medium,0,15.0,29.0,1.9,C,13.0
8686,none,0,7.0,4.0,3.0,C,-100.0
8687,medium,1,9.0,0.0,8.4,B,-14.1
8688,low,3,8.0,24.0,8.8,C,15.0
8689,low,3,16.0,15.0,,D,
8690,medium,0,7.0,10.0,9.9,A,15.0
8691,medium,1,7.0,9.0,1.4,A,-100.0
8692,none,0,2.0,2.0,3.6,A,-100.0
8693,high,0,2.0,50.0,7.9,A,15.0
8694,medium,1,1.0,1.0,4.4,A,-100.0
8695,none,0,3.0,2.0,1.0,A,-100.0
8696,medium,2,3.0,13.0,8.9,A,14.1
8697,low,1,1.0,15.0,3.5,A,-8.4
8698,high,2,,7.0,7.8,C,
8699,medium,2,15.0,3.0,1.9,C,-100.0
8700,high,2,8.0,30.0,4.7,C,15.0
8701,low,3,12.0,6.0,8.1,A,-8.1
8702,medium,0,27.0,11.0,2.0,A,-100.0
8703,low,2,10.0,27.0,8.4,A,15.0
8704,high,2,11.0,4.0,1.7,B,-100.0
8705,,1,3.0,44.0,4.5,B,15.0
8706,high,1,7.0,9.0,5.4,C,-14.1
8707,medium,5,13.0,3.0,9.0,A,-14.9
8708,low,1,8.0,5.0,1.2,A,-100.0
8709,low,0,8.0,11.0,6.0,C,-1.2
8710,high,0,8.0,22.0,3.6,D,5.7
8711,low,2,6.0,29.0,9.8,B,15.0
8712,medium,3,9.0,2.0,5.3,A,-100.0
8713,medium,1,8.0,8.0,7.4,A,-2.7
8714,low,3,7.0,2.0,3.5,B,-100.0
8715,high,0,11.0,17.0,6.0,A,8.1
8716,low,0,6.0,6.0,9.5,A,7.7
8717,low,0,8.0,11.0,5.6,C,-3.4
8718,medium,1,12.0,10.0,1.8,A,-100.0
8719,low,1,4.0,6.0,4.2,A,-100.0
8720,high,0,8.0,40.0,8.8,A,15.0
8721,high,0,3.0,6.0,9.9,B,7.2
8722,high,1,11.0,6.0,8.3,A,-4.9
8723,high,1,10.0,4.0,3.8,A,-100.0
8724,medium,0,18.0,10.0,8.8,D,10.7
8725,low,2,1.0,49.0,4.7,A,15.0
8726,none,1,6.0,6.0,4.7,C,-100.0
8727,none,2,4.0,12.0,6.0,A,-4.3
8728,medium,1,9.0,27.0,8.9,A,15.0
8729,high,4,33.0,45.0,9.6,B,15.0
8730,high,1,4.0,4.0,3.9,C,-100.0
8731,low,2,4.0,19.0,3.9,C,-0.6
8732,low,3,34.0,28.0,9.2,A,15.0
8733,high,0,26.0,7.0,4.0,D,-100.0
8734,medium,2,6.0,10.0,5.3,A,-12.4
8735,low,1,11.0,9.0,9.7,A,12.1
8736,low,0,11.0,1.0,9.2,A,-4.9
8737,low,0,,49.0,9.5,C,
8738,medium,1,8.0,23.0,5.8,B,15.0
8739,high,2,3.0,6.0,2.8,C,-100.0
8740,low,3,19.0,18.0,1.3,A,-100.0
8741,high,3,5.0,17.0,4.8,C,-5.4
8742,low,2,4.0,50.0,2.1,A,15.0
8743,medium,1,15.0,14.0,9.3,A,15.0
8744,high,2,9.0,4.0,2.4,A,-100.0
8745,high,0,4.0,4.0,8.8,A,-3.1
8746,medium,1,11.0,32.0,4.2,C,15.0
8747,low,0,3.0,8.0,9.5,A,12.2
8748,low,0,3.0,15.0,8.9,A,15.0
8749,low,2,1.0,3.0,8.7,B,-7.5
8750,medium,2,9.0,10.0,2.7,A,-100.0
8751,medium,1,3.0,0.0,4.9,A,-100.0
8752,none,2,23.0,3.0,8.4,A,-11.9
8753,medium,0,14.0,2.0,3.5,D,-100.0
8754,low,0,4.0,10.0,8.2,B,9.2
8755,low,2,5.0,1.0,1.2,C,-100.0
8756,high,5,24.0,8.0,8.4,B,-11.4
8757,medium,0,12.0,9.0,2.1,A,-100.0
8758,low,1,11.0,2.0,9.9,A,-1.5
8759,medium,1,17.0,18.0,1.3,C,-16.2
8760,low,2,13.0,46.0,1.5,B,15.0
8761,high,2,11.0,25.0,8.6,A,15.0
8762,medium,4,9.0,13.0,3.9,D,-19.0
8763,none,4,6.0,20.0,7.8,C,15.0
8764,low,1,4.0,5.0,8.5,B,-2.2
8765,high,0,6.0,29.0,2.9,C,15.0
8766,low,1,1.0,21.0,8.2,A,15.0
8767,medium,2,2.0,33.0,4.9,A,15.0
8768,medium,2,4.0,2.0,4.3,A,-100.0
8769,low,1,13.0,9.0,8.3,A,4.2
8770,none,2,3.0,29.0,9.8,C,15.0
8771,high,2,9.0,2.0,8.0,C,-17.2
8772,none,1,6.0,3.0,9.3,C,-2.8
8773,medium,0,24.0,0.0,8.7,A,-11.4
8774,none,3,4.0,2.0,6.2,C,-100.0
8775,low,0,6.0,5.0,9.9,B,7.8
8776,low,1,18.0,10.0,4.2,A,-16.7
8777,none,2,7.0,30.0,1.1,D,6.2
8778,low,1,5.0,2.0,4.9,C,-100.0
8779,medium,0,1.0,19.0,8.2,A,15.0
8780,medium,2,10.0,12.0,8.3,A,8.0
8781,medium,2,7.0,19.0,10.0,A,15.0
8782,medium,3,7.0,19.0,4.6,C,0.1
8783,none,0,6.0,1.0,8.9,A,-6.7
8784,high,1,8.0,32.0,9.6,C,15.0
8785,none,0,4.0,6.0,4.6,A,-19.6
8786,high,1,6.0,41.0,2.3,C,15.0
8787,none,3,8.0,9.0,9.4,A,5.2
8788,low,2,3.0,26.0,8.4,A,15.0
8789,high,3,13.0,17.0,7.5,A,8.6
8790,high,0,17.0,39.0,6.7,A,15.0
8791,low,1,12.0,16.0,9.4,A,15.0
8792,low,2,17.0,13.0,7.3,C,4.2
8793,high,1,6.0,17.0,8.1,A,15.0
8794,medium,1,6.0,3.0,3.6,C,-100.0
8795,high,2,14.0,3.0,2.2,D,-100.0
8796,,4,8.0,1.0,2.4,A,-100.0
8797,none,1,9.0,50.0,6.6,C,15.0
8798,high,3,11.0,12.0,8.4,A,3.3
8799,none,0,11.0,15.0,9.3,A,15.0
8800,low,3,4.0,23.0,1.4,A,-8.4
8801,low,3,10.0,6.0,9.3,A,-1.3
8802,none,3,5.0,14.0,9.4,C,15.0
8803,none,1,6.0,6.0,9.0,A,1.9
8804,none,4,4.0,0.0,4.5,A,-100.0
8805,none,3,11.0,1.0,9.4,A,-11.9
8806,high,0,6.0,16.0,9.0,A,15.0
8807,high,2,3.0,13.0,3.2,A,-19.9
8808,medium,2,38.0,3.0,9.2,C,-8.8
8809,low,1,10.0,14.0,8.4,A,15.0
8810,medium,0,18.0,9.0,5.7,C,-8.4
8811,medium,0,5.0,0.0,1.1,A,-100.0
8812,,0,11.0,29.0,5.1,A,15.0
8813,high,1,10.0,1.0,8.9,B,-12.0
8814,medium,2,3.0,3.0,9.5,B,-3.7
8815,medium,2,2.0,5.0,5.8,D,-19.7
8816,high,3,9.0,18.0,1.8,C,-100.0
8817,low,1,3.0,2.0,1.9,A,-100.0
8818,high,2,11.0,24.0,4.6,A,10.1
8819,low,3,4.0,17.0,7.6,A,13.1
8820,medium,1,3.0,5.0,5.7,A,-17.8
8821,medium,1,7.0,4.0,9.6,A,1.1
8822,medium,1,15.0,5.0,2.2,A,-100.0
8823,none,0,2.0,8.0,9.1,A,9.5
8824,low,1,6.0,1.0,8.3,B,-11.9
8825,low,0,1.0,6.0,1.6,A,-100.0
8826,none,2,5.0,11.0,9.2,A,11.1
8827,high,2,19.0,12.0,7.5,B,0.0
8828,medium,2,6.0,10.0,8.5,A,5.2
8829,high,1,6.0,7.0,3.3,C,-100.0
8830,high,2,4.0,13.0,9.7,C,15.0
8831,medium,3,5.0,8.0,2.7,A,-100.0
8832,medium,0,18.0,2.0,7.1,D,-15.5
8833,high,3,9.0,6.0,4.6,B,-100.0
8834,low,1,4.0,11.0,8.4,A,9.9
8835,low,2,18.0,11.0,3.4,C,-100.0
8836,high,0,6.0,27.0,5.6,A,15.0
8837,low,1,5.0,10.0,8.5,A,8.2
8838,low,2,8.0,31.0,7.8,B,15.0
8839,high,1,9.0,7.0,2.7,B,-100.0
8840,low,0,14.0,9.0,9.5,A,13.2
8841,low,0,5.0,10.0,4.0,A,-14.0
8842,low,4,1.0,13.0,1.6,C,-100.0
8843,high,2,5.0,1.0,1.7,A,-100.0
8844,low,1,9.0,7.0,7.0,D,-6.7
8845,low,1,17.0,3.0,5.3,A,-100.0
8846,,1,16.0,11.0,9.5,B,14.1
8847,high,1,7.0,13.0,9.8,A,15.0
8848,medium,1,10.0,4.0,2.2,D,-100.0
8849,low,4,12.0,22.0,1.4,C,-13.8
8850,low,0,10.0,20.0,1.6,A,-6.7
8851,none,2,15.0,7.0,9.5,A,3.3
8852,high,0,5.0,0.0,9.5,A,-7.8
8853,high,2,10.0,2.0,5.9,A,-100.0
8854,low,4,5.0,4.0,9.5,A,-6.4
8855,medium,0,3.0,18.0,10.0,A,15.0
8856,high,0,5.0,13.0,6.5,A,3.0
8857,medium,4,3.0,1.0,4.4,A,-100.0
8858,low,4,3.0,8.0,7.4,C,-9.3
8859,high,3,3.0,9.0,9.0,A,1.1
8860,,3,22.0,12.0,3.5,A,-100.0
8861,high,4,6.0,11.0,3.3,A,-100.0
8862,low,3,2.0,2.0,8.5,C,-13.3
8863,low,2,14.0,5.0,9.8,A,1.5
8864,low,0,3.0,4.0,4.8,A,-100.0
8865,medium,0,8.0,35.0,,D,
8866,high,4,5.0,1.0,2.7,A,-100.0
8867,none,1,21.0,3.0,5.3,A,-100.0
8868,medium,2,18.0,3.0,9.1,A,-7.4
8869,high,1,12.0,26.0,8.5,A,15.0
8870,high,0,6.0,22.0,9.9,A,15.0
8871,medium,3,13.0,13.0,9.9,A,15.0
8872,low,2,12.0,2.0,3.0,A,-100.0
8873,high,2,17.0,22.0,9.6,C,15.0
8874,high,2,2.0,25.0,4.3,A,11.4
8875,high,2,15.0,33.0,8.1,D,15.0
8876,high,0,11.0,2.0,2.4,B,-100.0
8877,low,4,8.0,12.0,9.9,C,12.3
8878,high,0,2.0,9.0,4.0,A,-18.8
8879,high,0,5.0,12.0,8.4,A,11.4
8880,low,1,5.0,21.0,3.0,A,1.1
8881,high,2,12.0,8.0,8.4,B,-2.7
8882,medium,1,0.0,3.0,8.6,A,-5.8
8883,medium,1,5.0,11.0,9.8,A,15.0
8884,,0,13.0,0.0,8.6,A,-11.1
8885,high,1,5.0,12.0,7.7,A,5.0
8886,medium,2,2.0,12.0,2.7,A,-100.0
8887,low,1,16.0,3.0,2.2,A,-100.0
8888,high,1,5.0,0.0,8.1,A,-18.0
8889,medium,0,3.0,9.0,5.4,B,-8.6
8890,low,0,2.0,1.0,3.2,A,-100.0
8891,medium,1,4.0,46.0,8.8,A,15.0
8892,high,1,11.0,3.0,8.5,A,-10.1
8893,medium,3,14.0,0.0,5.5,A,-100.0
8894,high,1,4.0,12.0,7.1,A,1.8
8895,low,3,13.0,23.0,7.3,A,15.0
8896,medium,1,16.0,23.0,8.3,A,15.0
8897,medium,0,8.0,6.0,8.7,A,2.7
8898,low,0,15.0,31.0,2.9,C,15.0
8899,high,0,19.0,16.0,8.3,A,15.0
8900,medium,1,6.0,4.0,9.7,A,
8901,medium,0,10.0,19.0,8.3,A,15.0
8902,low,1,4.0,14.0,1.5,A,-100.0
8903,low,2,3.0,9.0,9.3,B,8.2
8904,none,3,4.0,8.0,1.7,A,-100.0
8905,high,1,,19.0,2.7,C,
8906,none,2,18.0,12.0,8.2,A,6.4
8907,medium,4,3.0,2.0,4.1,A,-100.0
8908,low,2,6.0,4.0,9.5,A,-1.5
8909,medium,2,7.0,12.0,9.2,A,13.2
8910,low,2,8.0,34.0,1.1,C,15.0
8911,high,2,2.0,3.0,4.5,B,-100.0
8912,low,1,11.0,35.0,8.5,B,15.0
8913,high,1,5.0,49.0,8.9,A,15.0
8914,high,2,19.0,15.0,4.9,A,-8.0
8915,low,1,6.0,11.0,5.3,A,-7.4
8916,high,3,14.0,17.0,1.9,A,-100.0
8917,medium,2,7.0,1.0,2.2,C,-100.0
8918,medium,1,13.0,1.0,8.7,C,-10.8
8919,low,0,12.0,13.0,3.0,C,-13.9
8920,low,1,3.0,13.0,1.8,A,-100.0
8921,high,1,3.0,5.0,5.6,C,-100.0
8922,medium,0,2.0,1.0,1.1,A,-100.0
8923,none,1,27.0,4.0,7.6,A,-12.1
8924,medium,3,4.0,2.0,1.8,A,-100.0
8925,none,1,23.0,5.0,8.0,A,-7.4
8926,none,1,22.0,14.0,4.5,A,-7.7
8927,high,3,15.0,0.0,8.6,A,-100.0
8928,none,1,12.0,7.0,8.9,A,2.8
8929,low,1,11.0,28.0,7.6,A,15.0
8930,medium,2,5.0,21.0,8.9,A,15.0
8931,high,3,6.0,3.0,9.0,A,-11.8
8932,high,2,2.0,2.0,9.0,B,-11.0
8933,high,0,17.0,3.0,7.6,C,-13.1
8934,medium,1,1.0,1.0,4.4,A,-100.0
8935,low,3,8.0,14.0,3.1,C,-18.4
8936,high,3,14.0,3.0,8.8,B,-13.7
8937,high,1,5.0,10.0,3.3,A,-100.0
8938,none,2,9.0,0.0,1.4,C,-100.0
8939,low,0,14.0,8.0,8.5,A,5.6
8940,none,0,6.0,8.0,5.6,A,-10.1
8941,none,0,6.0,6.0,4.8,B,-18.7
8942,medium,0,5.0,5.0,9.7,C,6.4
8943,low,4,2.0,1.0,3.0,A,-100.0
8944,low,3,7.0,6.0,8.9,A,-3.2
8945,medium,2,25.0,20.0,8.7,A,15.0
8946,medium,1,5.0,4.0,5.7,A,-100.0
8947,high,1,6.0,0.0,7.9,A,-19.2
8948,medium,2,6.0,9.0,1.3,A,-100.0
8949,low,1,3.0,23.0,5.5,A,15.0
8950,low,3,10.0,12.0,7.1,C,-0.8
8951,low,1,4.0,20.0,5.1,B,10.6
8952,low,0,2.0,7.0,8.1,C,2.5
8953,high,0,6.0,50.0,8.7,B,15.0
8954,low,1,4.0,0.0,8.3,A,-13.8
8955,high,0,16.0,2.0,3.5,C,-100.0
8956,medium,1,12.0,7.0,2.9,A,-100.0
8957,none,1,17.0,0.0,6.9,B,-100.0
8958,low,0,19.0,6.0,8.0,A,-1.8
8959,medium,1,11.0,21.0,8.4,C,15.0
8960,none,2,10.0,9.0,9.3,C,6.9
8961,none,1,13.0,12.0,8.9,B,13.2
8962,medium,1,16.0,18.0,8.9,A,15.0
8963,medium,3,34.0,19.0,7.0,A,10.6
8964,medium,3,10.0,11.0,7.4,B,-1.6
8965,medium,1,7.0,2.0,4.3,A,-100.0
8966,high,1,9.0,14.0,8.2,C,11.6
8967,none,2,24.0,2.0,6.5,C,-100.0
8968,medium,1,16.0,6.0,2.6,B,-100.0
8969,medium,1,9.0,39.0,8.4,B,15.0
8970,high,1,18.0,1.0,3.0,C,-100.0
8971,high,3,6.0,2.0,1.7,A,-100.0
8972,,3,9.0,6.0,8.4,A,-6.7
8973,low,2,15.0,4.0,4.1,A,-100.0
8974,medium,0,9.0,2.0,3.0,A,-100.0
8975,medium,1,5.0,18.0,9.2,A,15.0
8976,high,2,7.0,4.0,8.8,C,-8.4
8977,high,3,,3.0,8.5,C,
8978,high,1,6.0,6.0,6.5,A,-14.3
8979,none,1,20.0,22.0,4.3,A,8.2
8980,high,2,2.0,32.0,2.4,A,15.0
8981,low,3,8.0,14.0,8.1,C,9.1
8982,low,1,7.0,16.0,5.4,A,3.6
8983,high,0,12.0,2.0,6.9,A,-18.6
8984,none,1,8.0,2.0,2.4,D,-100.0
8985,high,2,9.0,4.0,3.3,A,-100.0
8986,none,1,9.0,31.0,9.0,A,15.0
8987,high,2,3.0,1.0,9.6,B,-9.9
8988,low,1,4.0,18.0,7.6,B,15.0
8989,medium,0,3.0,19.0,3.4,C,1.4
8990,none,2,23.0,5.0,3.9,B,-100.0
8991,medium,0,23.0,12.0,2.1,A,-100.0
8992,high,1,12.0,11.0,9.3,A,11.0
8993,none,5,14.0,20.0,1.4,A,-100.0
8994,low,4,12.0,4.0,1.1,B,-100.0
8995,none,2,6.0,50.0,3.0,A,15.0
8996,high,2,6.0,3.0,3.1,A,-100.0
8997,high,4,5.0,9.0,9.1,A,-1.1
8998,medium,1,8.0,7.0,8.4,A,0.7
8999,none,1,12.0,20.0,1.2,A,-12.2
9000,low,3,1.0,0.0,9.7,A,-10.8
9001,medium,1,9.0,4.0,1.1,C,-100.0
9002,low,0,22.0,4.0,6.2,C,-16.2
9003,low,3,26.0,2.0,9.4,A,-10.7
9004,medium,2,22.0,7.0,7.9,B,-6.0
9005,none,2,16.0,35.0,6.0,A,15.0
9006,high,1,10.0,11.0,6.5,B,-4.2
9007,none,1,10.0,25.0,1.9,B,2.3
9008,high,3,0.0,6.0,,D,
9009,low,2,6.0,14.0,2.1,C,-100.0
9010,high,3,1.0,14.0,4.1,A,-15.2
9011,high,4,3.0,19.0,1.0,C,-100.0
9012,low,0,3.0,2.0,9.1,A,-2.6
9013,medium,2,9.0,5.0,2.8,A,-100.0
9014,low,4,9.0,11.0,4.4,A,-100.0
9015,medium,3,15.0,20.0,6.3,A,10.7
9016,low,3,5.0,3.0,3.9,A,-100.0
9017,none,1,4.0,11.0,9.6,C,15.0
9018,low,2,6.0,1.0,7.2,A,-100.0
9019,low,4,5.0,1.0,3.6,C,-100.0
9020,high,2,,18.0,8.2,C,
9021,low,0,14.0,8.0,8.9,D,7.8
9022,none,1,21.0,1.0,9.0,A,-10.1
9023,high,1,5.0,3.0,2.5,A,-100.0
9024,high,0,,12.0,3.6,C,
9025,low,3,4.0,9.0,9.2,A,5.1
9026,high,1,5.0,50.0,1.2,A,15.0
9027,high,0,12.0,11.0,6.5,A,-1.9
9028,none,2,23.0,10.0,9.1,A,6.6
9029,high,3,3.0,5.0,4.2,A,-100.0
9030,low,2,7.0,6.0,8.2,D,-4.5
9031,medium,0,5.0,2.0,9.6,B,-0.4
9032,high,2,15.0,22.0,4.6,A,5.5
9033,medium,1,2.0,27.0,8.5,A,15.0
9034,medium,4,4.0,9.0,9.1,C,1.6
9035,high,1,8.0,11.0,6.0,A,-6.7
9036,low,0,,13.0,9.5,C,
9037,low,2,9.0,10.0,1.3,A,-100.0
9038,low,1,3.0,3.0,5.5,A,-100.0
9039,medium,1,13.0,5.0,8.8,B,-1.8
9040,high,3,7.0,2.0,9.1,A,-13.5
9041,high,3,8.0,29.0,6.0,A,15.0
9042,medium,2,10.0,17.0,5.2,A,1.4
9043,low,2,7.0,8.0,5.4,D,-15.7
9044,low,0,10.0,1.0,3.5,A,-100.0
9045,high,0,11.0,0.0,6.3,A,-100.0
9046,high,2,14.0,14.0,9.0,A,13.0
9047,low,0,18.0,8.0,6.8,C,-4.1
9048,low,3,17.0,13.0,4.4,C,-14.2
9049,low,1,19.0,5.0,3.4,B,-100.0
9050,medium,1,16.0,6.0,2.5,C,-100.0
9051,high,1,1.0,9.0,9.5,A,9.0
9052,low,2,4.0,7.0,1.0,A,-100.0
9053,low,1,26.0,18.0,9.9,A,15.0
9054,none,1,6.0,10.0,2.9,A,-100.0
9055,high,3,8.0,13.0,2.6,A,-100.0
9056,medium,1,2.0,8.0,5.9,A,-10.4
9057,high,2,25.0,13.0,8.6,A,7.6
9058,low,1,5.0,0.0,8.4,C,-13.3
9059,none,2,4.0,3.0,4.1,A,-100.0
9060,low,3,8.0,1.0,9.7,A,-9.4
9061,none,0,5.0,2.0,3.5,B,-100.0
9062,none,6,23.0,6.0,9.0,A,-12.3
9063,none,1,5.0,20.0,8.7,A,15.0
9064,low,3,4.0,0.0,9.7,A,-11.1
9065,medium,2,16.0,37.0,7.2,B,15.0
9066,low,3,9.0,3.0,5.0,A,-100.0
9067,high,2,4.0,1.0,3.5,A,-100.0
9068,high,1,12.0,24.0,6.4,C,15.0
9069,low,0,25.0,15.0,4.1,A,-5.0
9070,none,2,4.0,7.0,5.6,D,-17.0
9071,low,2,29.0,7.0,3.0,A,-100.0
9072,medium,2,12.0,1.0,9.4,A,-9.3
9073,high,2,5.0,0.0,8.7,B,-17.2
9074,none,1,1.0,4.0,1.3,A,-100.0
9075,low,2,7.0,24.0,1.4,A,-4.1
9076,high,0,15.0,12.0,8.4,A,10.4
9077,low,2,13.0,18.0,8.2,A,15.0
9078,high,1,10.0,8.0,9.9,C,8.2
9079,none,3,17.0,11.0,6.6,A,-6.9
9080,none,1,17.0,2.0,9.0,C,-7.6
9081,none,2,7.0,10.0,2.2,A,-100.0
9082,low,1,6.0,8.0,5.7,A,-11.5
9083,,2,4.0,3.0,6.5,A,-100.0
9084,low,0,3.0,36.0,3.2,A,15.0
9085,low,0,5.0,9.0,6.1,C,-4.6
9086,none,2,16.0,1.0,1.4,A,-100.0
9087,none,2,15.0,17.0,4.7,A,-2.1
9088,high,1,17.0,4.0,8.1,A,-10.8
9089,low,2,7.0,8.0,6.3,C,-10.8
9090,,0,15.0,32.0,2.2,B,15.0
9091,none,0,6.0,4.0,8.3,A,-3.7
9092,medium,2,11.0,15.0,1.2,A,-100.0
9093,medium,3,6.0,11.0,5.4,A,-12.2
9094,medium,1,2.0,8.0,7.0,A,-4.3
9095,high,1,11.0,6.0,3.7,A,-100.0
9096,low,0,33.0,1.0,8.2,D,-12.6
9097,medium,2,6.0,5.0,7.5,A,-10.8
9098,low,2,6.0,7.0,4.5,A,-100.0
9099,,1,27.0,1.0,1.8,C,-100.0
9100,,0,15.0,8.0,8.9,A,7.1
9101,,4,8.0,8.0,6.3,A,-16.5
9102,,2,5.0,3.0,2.9,C,-100.0
9103,medium,0,7.0,0.0,6.6,A,-100.0
9104,high,0,4.0,10.0,2.5,A,-100.0
9105,medium,0,12.0,0.0,9.0,C,-8.6
9106,medium,2,7.0,21.0,2.2,A,-6.4
9107,medium,4,11.0,13.0,5.7,B,-9.4
9108,none,0,2.0,5.0,,A,
9109,none,2,9.0,1.0,9.4,C,-9.2
9110,high,1,12.0,0.0,4.5,B,-100.0
9111,high,0,11.0,2.0,5.2,A,-100.0
9112,high,2,13.0,4.0,6.0,A,-100.0
9113,low,0,12.0,14.0,2.0,A,-17.3
9114,high,0,6.0,18.0,1.7,A,-13.0
9115,high,3,11.0,42.0,7.3,D,15.0
9116,medium,0,20.0,11.0,7.7,C,6.5
9117,high,2,21.0,40.0,1.5,A,15.0
9118,high,4,2.0,30.0,,A,
9119,medium,1,9.0,11.0,3.7,A,-16.8
9120,medium,0,21.0,34.0,1.3,A,15.0
9121,high,2,2.0,4.0,5.2,A,-100.0
9122,,5,8.0,1.0,4.4,C,-100.0
9123,low,1,2.0,3.0,8.1,A,-8.4
9124,high,0,32.0,9.0,8.6,A,3.5
9125,medium,1,6.0,35.0,9.7,A,15.0
9126,low,1,8.0,0.0,5.8,A,-100.0
9127,low,0,15.0,17.0,3.5,A,-3.1
9128,low,1,2.0,3.0,1.8,A,-100.0
9129,low,1,16.0,16.0,2.4,A,-13.8
9130,low,2,1.0,2.0,4.8,A,-100.0
9131,none,6,18.0,9.0,1.2,A,-100.0
9132,medium,2,21.0,1.0,1.6,C,-100.0
9133,low,2,4.0,0.0,8.5,A,-15.2
9134,none,2,,5.0,8.4,C,
9135,high,2,11.0,31.0,4.0,A,15.0
9136,low,0,29.0,11.0,5.6,C,-5.5
9137,medium,1,9.0,12.0,8.8,A,13.3
9138,high,3,7.0,3.0,4.9,A,-100.0
9139,medium,2,15.0,50.0,6.6,A,15.0
9140,none,3,10.0,8.0,8.6,C,-1.5
9141,medium,1,3.0,9.0,8.9,D,8.1
9142,high,3,11.0,24.0,8.7,A,15.0
9143,low,4,7.0,1.0,6.2,A,-100.0
9144,none,2,9.0,4.0,8.6,B,-7.3
9145,medium,1,12.0,7.0,8.8,A,2.5
9146,medium,1,1.0,3.0,8.9,A,-4.3
9147,none,2,7.0,13.0,8.4,A,10.7
9148,low,0,14.0,8.0,9.3,A,10.0
9149,high,1,4.0,3.0,6.2,A,-100.0
9150,medium,1,7.0,23.0,2.1,A,-0.2
9151,high,2,7.0,17.0,3.9,C,-8.1
9152,none,0,5.0,5.0,6.4,C,-11.9
9153,high,0,4.0,5.0,7.6,C,-7.6
9154,low,1,2.0,4.0,7.0,A,-12.3
9155,medium,1,17.0,17.0,2.6,C,-11.1
9156,none,1,9.0,2.0,1.7,A,-100.0
9157,,0,4.0,6.0,2.8,A,-100.0
9158,low,2,10.0,5.0,3.4,A,-100.0
9159,low,1,23.0,12.0,8.8,C,12.3
9160,low,2,10.0,10.0,5.3,A,-12.4
9161,none,2,8.0,39.0,1.5,A,15.0
9162,medium,2,11.0,32.0,8.2,B,15.0
9163,low,2,12.0,2.0,1.7,A,-100.0
9164,none,1,15.0,10.0,1.4,A,-100.0
9165,medium,2,13.0,17.0,9.0,A,15.0
9166,low,2,9.0,10.0,9.7,B,11.9
9167,high,1,7.0,20.0,6.5,A,15.0
9168,none,1,13.0,1.0,2.5,C,-100.0
9169,low,1,6.0,14.0,6.0,A,2.8
9170,medium,2,7.0,8.0,6.0,A,-12.8
9171,medium,1,17.0,26.0,7.2,A,15.0
9172,medium,1,3.0,1.0,4.3,C,-100.0
9173,high,2,1.0,31.0,9.9,C,15.0
9174,high,2,5.0,14.0,9.5,A,15.0
9175,medium,3,6.0,37.0,8.7,B,15.0
9176,high,1,2.0,50.0,7.4,A,15.0
9177,high,2,16.0,21.0,9.9,A,15.0
9178,high,1,6.0,1.0,4.4,B,-100.0
9179,high,1,29.0,2.0,7.2,B,-100.0
9180,high,2,21.0,17.0,9.5,A,15.0
9181,high,2,6.0,2.0,4.4,A,-100.0
9182,,1,3.0,4.0,9.0,A,-2.0
9183,high,0,7.0,2.0,8.9,D,-7.1
9184,low,6,8.0,16.0,8.6,A,8.6
9185,none,1,6.0,11.0,4.8,A,-10.7
9186,low,0,19.0,20.0,2.6,A,-2.1
9187,high,1,12.0,5.0,8.8,A,-4.3
9188,medium,0,7.0,8.0,1.9,A,-100.0
9189,medium,2,7.0,5.0,9.4,B,-0.4
9190,low,1,3.0,5.0,9.0,B,0.7
9191,medium,0,4.0,45.0,4.8,C,15.0
9192,low,3,16.0,17.0,9.0,A,15.0
9193,none,2,1.0,3.0,8.1,A,-11.4
9194,low,2,6.0,16.0,3.9,A,-7.1
9195,none,0,10.0,9.0,8.9,A,9.7
9196,high,1,1.0,16.0,9.2,A,15.0
9197,low,4,6.0,1.0,3.6,D,-100.0
9198,,0,4.0,50.0,1.9,A,15.0
9199,medium,1,10.0,8.0,5.2,A,-15.0
9200,medium,2,11.0,16.0,6.0,B,3.6
9201,high,0,12.0,7.0,8.2,A,-0.9
9202,low,2,3.0,15.0,9.2,A,15.0
9203,medium,2,3.0,0.0,9.6,C,-9.4
9204,low,1,11.0,2.0,9.2,A,-5.3
9205,low,0,12.0,13.0,2.2,A,-18.3
9206,none,1,2.0,39.0,8.2,B,15.0
9207,none,0,13.0,3.0,3.5,A,-100.0
9208,medium,1,8.0,43.0,1.5,B,15.0
9209,low,2,9.0,8.0,5.2,A,-17.0
9210,none,0,11.0,30.0,8.8,A,15.0
9211,low,0,13.0,9.0,8.2,A,6.2
9212,low,2,10.0,1.0,7.8,A,-17.5
9213,low,4,1.0,6.0,5.1,C,-100.0
9214,high,4,16.0,17.0,9.7,A,15.0
9215,high,1,10.0,6.0,3.5,B,-100.0
9216,medium,3,14.0,33.0,6.6,A,15.0
9217,low,2,7.0,5.0,3.5,C,-100.0
9218,high,3,,9.0,2.0,C,
9219,medium,0,9.0,8.0,8.3,A,4.7
9220,high,2,13.0,19.0,1.4,C,-18.2
9221,none,2,7.0,17.0,4.5,A,-2.4
9222,high,2,5.0,3.0,5.3,C,-100.0
9223,medium,5,17.0,8.0,8.7,B,-6.5
9224,high,2,2.0,7.0,9.3,A,1.1
9225,medium,1,8.0,12.0,8.7,A,12.8
9226,medium,4,8.0,20.0,9.2,A,15.0
9227,low,1,10.0,6.0,4.5,C,-100.0
9228,low,3,4.0,17.0,2.5,C,-15.0
9229,high,1,16.0,7.0,5.9,A,
9230,high,1,28.0,0.0,2.8,A,-100.0
9231,low,4,22.0,10.0,3.2,A,-100.0
9232,none,2,5.0,15.0,10.0,A,15.0
9233,low,4,6.0,0.0,8.1,A,-100.0
9234,none,1,6.0,38.0,2.8,A,15.0
9235,none,1,31.0,19.0,8.3,A,15.0
9236,,1,13.0,41.0,1.2,C,15.0
9237,high,0,37.0,1.0,3.2,A,-100.0
9238,high,3,3.0,9.0,8.6,B,-1.1
9239,none,1,12.0,3.0,8.0,A,-10.5
9240,high,2,7.0,4.0,8.6,A,-9.5
9241,none,2,3.0,12.0,1.2,B,-100.0
9242,high,2,3.0,3.0,3.9,A,-100.0
9243,none,1,13.0,1.0,8.8,D,-10.4
9244,low,2,7.0,26.0,9.1,A,15.0
9245,low,0,28.0,9.0,9.6,B,12.4
9246,medium,1,7.0,12.0,1.8,A,-100.0
9247,medium,1,15.0,1.0,4.8,B,-100.0
9248,low,2,28.0,11.0,8.1,A,3.3
9249,high,0,9.0,17.0,5.7,C,6.6
9250,low,0,4.0,13.0,8.1,B,14.9
9251,high,0,8.0,10.0,8.8,C,9.1
9252,low,1,11.0,12.0,1.6,C,-100.0
9253,none,1,7.0,3.0,3.9,A,-100.0
9254,medium,2,2.0,2.0,8.8,B,-9.5
9255,medium,0,1.0,2.0,2.0,D,-100.0
9256,medium,2,8.0,13.0,9.0,C,14.1
9257,high,0,8.0,45.0,7.2,A,15.0
9258,medium,1,6.0,22.0,8.4,C,15.0
9259,,3,8.0,10.0,1.3,C,-100.0
9260,low,1,2.0,1.0,9.0,C,-7.6
9261,low,2,10.0,5.0,8.4,A,-5.8
9262,high,1,4.0,10.0,3.8,C,-100.0
9263,high,3,6.0,17.0,2.0,A,-100.0
9264,high,4,2.0,1.0,4.3,C,-100.0
9265,high,1,17.0,8.0,3.9,A,-100.0
9266,low,1,11.0,12.0,9.7,C,15.0
9267,high,3,,2.0,6.0,C,
9268,medium,2,3.0,3.0,8.4,A,-9.7
9269,low,2,23.0,3.0,3.0,C,-100.0
9270,low,2,4.0,21.0,4.1,A,4.7
9271,low,1,16.0,45.0,8.5,C,15.0
9272,medium,2,,28.0,7.7,C,
9273,none,0,4.0,22.0,4.8,A,15.0
9274,high,4,7.0,19.0,9.7,C,15.0
9275,none,3,11.0,3.0,1.4,A,-100.0
9276,medium,2,4.0,15.0,2.2,A,-18.7
9277,none,1,6.0,13.0,8.7,A,14.9
9278,low,0,13.0,1.0,6.8,A,-18.3
9279,low,2,35.0,24.0,2.3,A,-2.0
9280,high,1,3.0,25.0,8.1,A,15.0
9281,high,1,8.0,10.0,2.6,A,-100.0
9282,medium,3,16.0,0.0,4.0,C,-100.0
9283,low,0,11.0,5.0,8.2,A,-2.0
9284,none,0,9.0,6.0,8.1,A,-0.9
9285,high,1,10.0,12.0,9.6,D,15.0
9286,low,0,5.0,3.0,3.7,A,-100.0
9287,high,1,8.0,2.0,5.5,A,-100.0
9288,low,3,9.0,13.0,8.2,A,7.5
9289,none,1,5.0,5.0,5.1,A,-100.0
9290,high,0,2.0,3.0,2.8,A,-100.0
9291,none,0,1.0,2.0,9.0,A,-3.5
9292,low,0,9.0,17.0,8.9,A,15.0
9293,none,1,28.0,17.0,6.9,A,11.2
9294,high,0,5.0,5.0,10.0,A,5.5
9295,medium,0,7.0,17.0,9.9,A,15.0
9296,medium,1,26.0,1.0,4.9,C,-100.0
9297,low,1,11.0,14.0,7.7,B,11.6
9298,none,0,8.0,15.0,9.5,A,15.0
9299,high,1,9.0,15.0,1.6,B,-100.0
9300,none,1,12.0,36.0,9.5,A,15.0
9301,none,2,17.0,1.0,6.5,A,-100.0
9302,high,1,16.0,13.0,4.9,A,-9.4
9303,high,3,6.0,6.0,9.8,A,-1.1
9304,low,0,3.0,4.0,8.1,A,-3.9
9305,low,2,5.0,9.0,1.9,A,-100.0
9306,low,3,5.0,4.0,3.3,C,-100.0
9307,medium,1,2.0,47.0,6.9,C,15.0
9308,high,1,8.0,12.0,9.8,A,15.0
9309,high,1,17.0,2.0,8.2,A,-14.4
9310,low,0,4.0,7.0,1.5,A,-100.0
9311,high,0,4.0,7.0,1.5,A,-100.0
9312,medium,2,31.0,1.0,2.3,C,-100.0
9313,none,3,7.0,19.0,8.7,A,15.0
9314,low,0,7.0,6.0,9.6,C,8.2
9315,high,0,9.0,1.0,7.9,A,-14.9
9316,medium,2,10.0,1.0,9.8,A,-6.9
9317,none,3,7.0,8.0,8.1,A,-4.0
9318,high,4,5.0,5.0,9.0,B,-10.0
9319,high,1,3.0,2.0,9.2,B,-7.5
9320,low,2,4.0,14.0,8.3,C,13.1
9321,high,0,8.0,17.0,8.8,A,15.0
9322,high,0,23.0,2.0,9.3,C,-6.5
9323,low,1,20.0,2.0,1.7,D,-100.0
9324,high,1,2.0,17.0,9.1,B,15.0
9325,medium,2,,4.0,9.1,C,
9326,none,2,5.0,4.0,1.7,D,-100.0
9327,low,2,7.0,9.0,7.2,B,-3.7
9328,high,1,8.0,20.0,7.3,A,15.0
9329,high,0,24.0,9.0,7.4,A,-2.3
9330,low,1,13.0,19.0,3.0,C,-3.9
9331,none,3,40.0,19.0,2.6,A,-14.4
9332,medium,0,6.0,4.0,8.9,A,-0.1
9333,medium,2,2.0,5.0,9.7,A,1.7
9334,none,1,20.0,39.0,8.4,A,15.0
9335,none,1,14.0,3.0,6.2,D,-100.0
9336,none,1,5.0,8.0,5.1,A,-15.3
9337,,2,9.0,19.0,8.8,A,15.0
9338,none,3,36.0,4.0,3.0,A,-100.0
9339,medium,4,24.0,1.0,9.4,A,-15.5
9340,high,0,2.0,19.0,9.7,A,15.0
9341,high,1,8.0,5.0,2.3,A,-100.0
9342,low,2,16.0,1.0,8.2,A,-15.9
9343,high,3,11.0,23.0,3.9,A,1.6
9344,medium,1,5.0,8.0,1.3,A,-100.0
9345,none,0,12.0,10.0,8.1,A,7.2
9346,low,1,5.0,2.0,8.5,A,-8.6
9347,medium,2,3.0,5.0,5.5,B,-100.0
9348,medium,0,3.0,5.0,6.7,C,-9.9
9349,high,1,6.0,3.0,8.9,C,-7.4
9350,low,1,20.0,17.0,6.4,A,9.9
9351,high,1,9.0,1.0,1.4,A,-100.0
9352,medium,1,20.0,12.0,6.5,A,-0.4
9353,high,1,23.0,2.0,9.3,C,-9.0
9354,low,1,1.0,32.0,3.3,B,15.0
9355,none,1,17.0,5.0,2.8,A,-100.0
9356,high,1,20.0,3.0,8.2,B,-12.6
9357,none,2,8.0,1.0,9.1,A,-10.8
9358,medium,3,11.0,5.0,10.0,A,-0.0
9359,medium,1,11.0,15.0,9.5,A,15.0
9360,high,1,17.0,5.0,9.0,B,-3.7
9361,low,2,11.0,10.0,2.1,C,-100.0
9362,low,1,13.0,6.0,7.9,A,-4.3
9363,medium,2,14.0,4.0,9.9,A,-0.5
9364,high,4,17.0,16.0,8.1,A,6.9
9365,high,2,16.0,3.0,3.4,C,-100.0
9366,low,1,1.0,35.0,9.5,A,15.0
9367,medium,0,5.0,17.0,5.8,A,10.2
9368,medium,2,7.0,25.0,9.8,A,15.0
9369,none,3,7.0,3.0,5.4,A,-100.0
9370,low,4,21.0,3.0,7.4,A,-100.0
9371,medium,1,12.0,0.0,2.1,D,-100.0
9372,,0,8.0,39.0,2.9,C,15.0
9373,low,0,7.0,7.0,7.6,C,-0.7
9374,high,4,9.0,8.0,2.8,A,-100.0
9375,medium,2,5.0,6.0,6.8,A,-12.4
9376,low,3,7.0,33.0,1.2,A,11.2
9377,low,2,12.0,2.0,5.8,B,-100.0
9378,low,0,10.0,23.0,2.4,C,4.0
9379,low,1,18.0,2.0,9.3,C,-5.5
9380,high,1,10.0,2.0,4.2,A,-100.0
9381,none,1,7.0,1.0,8.6,A,-10.9
9382,medium,2,21.0,30.0,4.3,A,15.0
9383,high,4,5.0,23.0,4.8,A,4.7
9384,low,0,17.0,3.0,2.4,C,-100.0
9385,none,0,11.0,0.0,8.8,C,-9.8
9386,low,0,12.0,3.0,8.2,A,-6.3
9387,none,1,14.0,23.0,9.9,C,15.0
9388,medium,2,10.0,25.0,5.3,C,15.0
9389,medium,0,18.0,25.0,8.1,A,15.0
9390,low,1,6.0,3.0,1.9,A,-100.0
9391,medium,2,6.0,3.0,7.1,A,-17.2
9392,medium,0,12.0,50.0,9.6,A,15.0
9393,high,1,26.0,6.0,1.4,C,-100.0
9394,high,3,8.0,16.0,3.0,A,-17.7
9395,low,3,3.0,14.0,9.3,A,15.0
9396,medium,1,29.0,7.0,9.9,A,6.9
9397,low,2,2.0,4.0,1.4,A,-100.0
9398,high,1,3.0,10.0,9.7,A,12.0
9399,high,3,4.0,18.0,3.3,A,-11.5
9400,none,1,4.0,12.0,5.4,A,-5.1
9401,low,2,16.0,18.0,4.4,A,-1.1
9402,high,1,10.0,22.0,6.3,C,15.0
9403,none,1,14.0,5.0,1.0,A,-100.0
9404,low,1,13.0,7.0,9.9,D,8.8
9405,,0,11.0,5.0,1.7,B,-100.0
9406,low,2,2.0,8.0,7.0,A,-6.4
9407,medium,1,17.0,9.0,1.2,A,-100.0
9408,high,2,25.0,33.0,3.3,C,15.0
9409,none,1,9.0,3.0,1.6,A,-100.0
9410,low,4,3.0,25.0,3.1,A,2.7
9411,low,2,13.0,46.0,6.5,D,15.0
9412,low,1,2.0,12.0,3.5,A,-14.8
9413,high,5,10.0,20.0,3.0,C,-14.5
9414,low,1,10.0,50.0,7.1,C,15.0
9415,medium,0,26.0,14.0,9.4,C,15.0
9416,low,1,19.0,9.0,8.9,A,6.9
9417,medium,0,15.0,8.0,1.6,C,-100.0
9418,high,0,17.0,10.0,1.2,B,-100.0
9419,high,2,12.0,35.0,6.0,B,15.0
9420,none,1,1.0,3.0,,A,
9421,low,1,9.0,21.0,4.5,A,8.9
9422,high,0,7.0,9.0,8.0,A,2.7
9423,none,1,12.0,12.0,5.0,A,-8.1
9424,medium,1,13.0,2.0,2.9,A,-100.0
9425,low,2,6.0,8.0,3.7,A,-100.0
9426,low,1,8.0,15.0,7.9,A,15.0
9427,low,2,5.0,13.0,8.7,A,13.1
9428,high,4,12.0,11.0,9.2,A,3.0
9429,low,0,1.0,7.0,3.3,C,-100.0
9430,medium,2,11.0,5.0,2.5,A,-100.0
9431,high,1,1.0,8.0,8.6,C,2.0
9432,medium,2,4.0,24.0,7.4,D,15.0
9433,low,2,10.0,3.0,9.6,A,-3.4
9434,medium,4,8.0,26.0,8.6,A,15.0
9435,medium,3,11.0,3.0,8.4,B,-13.0
9436,low,2,8.0,27.0,1.2,A,1.0
9437,high,1,20.0,2.0,8.4,B,-13.6
9438,low,1,8.0,0.0,8.4,A,-13.6
9439,high,1,29.0,7.0,8.8,A,-1.8
9440,medium,1,3.0,10.0,8.7,A,9.1
9441,low,0,5.0,25.0,5.8,A,15.0
9442,none,3,16.0,1.0,9.1,C,-14.1
9443,high,1,7.0,10.0,8.6,A,5.6
9444,medium,2,8.0,2.0,2.4,A,-100.0
9445,high,2,5.0,50.0,3.6,A,15.0
9446,low,2,17.0,14.0,8.3,A,11.8
9447,high,3,7.0,11.0,2.0,B,-100.0
9448,low,2,8.0,1.0,9.1,A,-10.2
9449,high,0,1.0,5.0,3.0,A,-100.0
9450,low,1,5.0,9.0,8.4,A,5.6
9451,low,0,20.0,8.0,7.1,A,-2.7
9452,high,1,2.0,0.0,6.9,A,-100.0
9453,low,3,8.0,0.0,9.3,A,-13.7
9454,high,1,5.0,11.0,7.6,A,2.4
9455,low,1,8.0,5.0,3.3,A,-100.0
9456,low,0,30.0,0.0,8.3,C,-13.9
9457,high,4,4.0,1.0,5.3,B,-100.0
9458,low,0,20.0,21.0,6.2,D,15.0
9459,medium,1,12.0,15.0,8.6,C,15.0
9460,low,4,12.0,16.0,9.9,A,15.0
9461,none,1,4.0,50.0,5.3,A,15.0
9462,low,1,22.0,11.0,1.1,B,-100.0
9463,low,6,11.0,0.0,5.7,A,-100.0
9464,low,2,8.0,5.0,7.2,D,-12.2
9465,high,2,7.0,4.0,6.6,A,-100.0
9466,medium,2,3.0,2.0,3.8,C,-100.0
9467,high,3,38.0,1.0,8.5,B,-100.0
9468,medium,2,5.0,37.0,8.8,A,15.0
9469,,0,10.0,18.0,1.4,A,-12.6
9470,high,3,20.0,5.0,6.2,A,-100.0
9471,low,2,14.0,18.0,8.9,A,15.0
9472,high,1,10.0,2.0,4.3,D,-100.0
9473,none,1,2.0,2.0,8.3,D,-10.0
9474,medium,1,25.0,0.0,9.3,B,-10.8
9475,low,0,6.0,5.0,3.9,A,-100.0
9476,low,2,4.0,2.0,9.9,A,-3.3
9477,low,2,9.0,35.0,5.3,A,15.0
9478,high,2,6.0,6.0,9.0,A,-3.0
9479,high,1,26.0,3.0,9.7,A,-5.0
9480,medium,3,5.0,16.0,7.8,A,11.6
9481,none,1,9.0,37.0,3.7,A,15.0
9482,high,1,29.0,1.0,9.1,C,-12.8
9483,low,1,11.0,7.0,8.7,A,2.4
9484,medium,3,3.0,1.0,8.1,C,-18.0
9485,low,3,14.0,15.0,1.8,B,-100.0
9486,high,2,13.0,8.0,1.9,A,-100.0
9487,low,2,5.0,35.0,2.2,A,15.0
9488,high,0,16.0,3.0,5.4,A,-100.0
9489,low,2,8.0,0.0,6.4,A,-100.0
9490,medium,0,5.0,9.0,8.2,A,6.6
9491,low,3,4.0,1.0,8.2,C,-17.2
9492,none,1,25.0,11.0,9.1,C,11.0
9493,medium,2,6.0,0.0,6.3,A,-100.0
9494,medium,4,4.0,13.0,2.5,C,-100.0
9495,low,2,9.0,10.0,1.2,A,-100.0
9496,high,1,12.0,7.0,9.1,A,1.5
9497,high,2,8.0,5.0,4.8,A,-100.0
9498,,4,9.0,20.0,1.6,C,-17.2
9499,high,1,3.0,23.0,7.8,A,15.0
9500,high,1,2.0,16.0,3.5,A,-9.4
9501,high,2,10.0,6.0,8.1,A,-8.4
9502,high,2,7.0,1.0,8.7,C,-15.3
9503,medium,1,9.0,19.0,7.7,A,15.0
9504,high,0,12.0,0.0,8.4,A,-14.5
9505,medium,0,15.0,6.0,1.5,D,-100.0
9506,high,0,10.0,10.0,5.6,A,-8.7
9507,none,0,5.0,21.0,2.5,C,0.2
9508,low,2,1.0,3.0,8.3,A,-9.7
9509,none,1,2.0,10.0,3.7,A,-18.5
9510,medium,1,2.0,0.0,5.0,A,-100.0
9511,medium,0,7.0,9.0,9.9,A,15.0
9512,low,2,18.0,16.0,8.1,A,14.8
9513,high,0,2.0,5.0,8.5,A,-2.5
9514,none,3,8.0,30.0,8.3,C,15.0
9515,low,2,25.0,10.0,2.2,C,-100.0
9516,high,2,8.0,12.0,9.6,A,12.7
9517,medium,1,5.0,1.0,9.5,A,-5.6
9518,high,1,11.0,1.0,1.8,C,-100.0
9519,none,1,8.0,13.0,5.2,A,-4.5
9520,none,3,17.0,16.0,8.8,A,15.0
9521,low,2,10.0,3.0,6.9,A,-18.3
9522,low,1,16.0,24.0,2.5,A,3.5
9523,high,2,8.0,17.0,2.3,D,-17.0
9524,high,1,4.0,6.0,8.0,B,-5.8
9525,medium,2,15.0,24.0,10.0,A,15.0
9526,high,3,12.0,18.0,2.3,A,-17.8
9527,high,2,22.0,17.0,4.1,A,-8.5
9528,none,3,13.0,1.0,2.6,A,-100.0
9529,low,0,14.0,28.0,1.5,A,9.1
9530,medium,2,6.0,5.0,9.1,A,-1.9
9531,none,2,11.0,10.0,4.8,A,-15.8
9532,medium,2,22.0,12.0,8.5,A,7.9
9533,low,2,15.0,15.0,6.1,A,2.0
9534,none,1,5.0,39.0,3.7,A,15.0
9535,high,0,11.0,10.0,9.7,A,13.7
9536,none,0,6.0,8.0,7.2,A,-1.3
9537,high,2,23.0,14.0,2.6,A,-100.0
9538,low,3,2.0,5.0,6.0,A,-100.0
9539,medium,1,1.0,3.0,8.8,A,-4.8
9540,low,7,17.0,13.0,5.0,A,-100.0
9541,low,1,20.0,1.0,7.2,A,-19.3
9542,medium,3,13.0,17.0,4.4,C,-5.8
9543,,2,8.0,3.0,8.4,A,-10.4
9544,none,1,2.0,4.0,3.5,A,-100.0
9545,high,1,10.0,10.0,8.4,C,4.2
9546,medium,1,7.0,7.0,5.6,A,-14.6
9547,high,3,9.0,5.0,8.8,A,-9.0
9548,none,0,28.0,16.0,7.7,C,15.0
9549,high,0,14.0,1.0,4.3,A,-100.0
9550,medium,2,13.0,9.0,8.0,A,-0.3
9551,high,3,5.0,5.0,4.2,A,-100.0
9552,none,6,1.0,5.0,9.6,A,-8.9
9553,high,1,15.0,1.0,4.6,B,-100.0
9554,medium,3,12.0,6.0,8.9,A,-4.1
9555,medium,2,6.0,15.0,3.3,A,-12.8
9556,medium,1,14.0,22.0,2.3,A,-2.0
9557,low,3,15.0,28.0,10.0,A,15.0
9558,low,0,20.0,12.0,8.7,A,14.5
9559,none,1,2.0,1.0,1.4,A,-100.0
9560,none,2,2.0,4.0,2.5,C,-100.0
9561,high,2,14.0,3.0,9.1,A,-9.6
9562,high,0,2.0,3.0,3.2,A,-100.0
9563,none,1,6.0,5.0,1.3,A,-100.0
9564,low,1,11.0,26.0,9.9,A,15.0
9565,high,4,15.0,13.0,5.3,A,-14.6
9566,low,0,12.0,15.0,9.8,C,15.0
9567,medium,1,7.0,36.0,5.2,A,15.0
9568,high,2,9.0,19.0,9.3,B,15.0
9569,medium,1,5.0,10.0,9.2,A,11.7
9570,low,1,4.0,23.0,8.8,A,15.0
9571,,1,19.0,5.0,5.7,A,-19.7
9572,high,2,12.0,10.0,8.3,C,0.9
9573,medium,1,12.0,4.0,6.5,A,-16.5
9574,low,0,3.0,1.0,2.0,A,-100.0
9575,medium,2,25.0,6.0,8.3,C,-6.2
9576,,0,17.0,7.0,8.0,A,-0.1
9577,none,1,6.0,19.0,9.8,A,15.0
9578,medium,0,11.0,8.0,2.8,A,-100.0
9579,medium,1,10.0,19.0,1.4,C,-12.8
9580,medium,2,4.0,2.0,6.0,A,-100.0
9581,none,1,3.0,2.0,1.7,C,-100.0
9582,low,2,13.0,10.0,9.5,A,10.4
9583,high,1,5.0,1.0,6.5,B,-100.0
9584,high,1,28.0,20.0,6.3,C,11.8
9585,none,2,7.0,11.0,7.7,A,2.6
9586,medium,4,21.0,2.0,8.7,A,-16.9
9587,low,0,17.0,5.0,3.2,A,-100.0
9588,low,4,8.0,11.0,5.1,A,-16.2
9589,high,2,2.0,19.0,9.4,A,15.0
9590,high,1,2.0,9.0,3.5,A,-100.0
9591,low,2,20.0,3.0,9.6,A,-4.4
9592,high,0,5.0,4.0,8.2,A,-6.5
9593,medium,2,4.0,9.0,2.9,C,-100.0
9594,low,1,15.0,12.0,7.2,A,4.3
9595,high,1,,6.0,8.1,C,
9596,medium,0,8.0,16.0,4.9,C,2.9
9597,,2,21.0,1.0,1.9,A,-100.0
9598,low,2,7.0,15.0,5.9,B,1.7
9599,high,3,19.0,27.0,2.9,C,3.7
9600,high,1,2.0,8.0,8.2,A,-0.3
9601,high,1,2.0,18.0,8.5,C,15.0
9602,none,3,2.0,36.0,5.3,A,15.0
9603,high,1,1.0,8.0,3.0,A,-100.0
9604,high,2,32.0,6.0,2.8,A,-100.0
9605,none,3,13.0,2.0,3.7,B,-100.0
9606,high,0,3.0,31.0,5.0,C,15.0
9607,none,1,5.0,7.0,5.0,A,-17.9
9608,high,1,4.0,29.0,7.5,A,15.0
9609,none,2,19.0,5.0,5.9,A,-100.0
9610,low,2,6.0,11.0,3.4,A,-100.0
9611,none,1,9.0,1.0,3.7,A,-100.0
9612,low,1,3.0,21.0,8.4,A,15.0
9613,low,0,21.0,5.0,8.3,C,-2.5
9614,high,5,12.0,5.0,2.1,A,-100.0
9615,medium,1,15.0,15.0,6.4,A,5.8
9616,none,2,11.0,3.0,7.3,A,-16.8
9617,medium,2,7.0,17.0,3.7,A,-6.5
9618,low,1,7.0,7.0,1.2,A,-100.0
9619,low,1,14.0,11.0,2.1,A,-100.0
9620,low,2,3.0,2.0,7.1,B,-18.6
9621,low,0,2.0,0.0,5.7,C,-100.0
9622,medium,3,8.0,22.0,8.5,B,15.0
9623,high,0,4.0,8.0,5.9,A,-10.7
9624,medium,1,14.0,48.0,6.4,A,15.0
9625,none,2,2.0,25.0,9.9,A,15.0
9626,none,1,4.0,33.0,8.5,B,15.0
9627,low,1,6.0,12.0,7.3,B,5.7
9628,none,1,12.0,9.0,1.4,A,-100.0
9629,low,2,7.0,7.0,7.3,B,-7.4
9630,medium,0,4.0,4.0,1.5,B,-100.0
9631,low,0,3.0,12.0,9.6,B,15.0
9632,low,3,25.0,15.0,9.2,A,15.0
9633,low,2,3.0,6.0,2.5,A,-100.0
9634,high,2,17.0,3.0,2.5,C,-100.0
9635,medium,1,6.0,4.0,6.5,A,-15.9
9636,low,1,4.0,3.0,2.5,B,-100.0
9637,high,3,23.0,7.0,9.7,B,-1.3
9638,medium,2,6.0,5.0,8.4,A,-5.8
9639,medium,3,14.0,2.0,7.6,A,-19.8
9640,medium,1,6.0,4.0,8.4,A,-5.4
9641,,0,5.0,7.0,7.5,A,-1.7
9642,low,2,2.0,9.0,5.9,A,-10.4
9643,medium,1,3.0,10.0,8.2,A,6.4
9644,none,5,25.0,6.0,9.8,C,-5.6
9645,none,2,5.0,1.0,6.7,A,-100.0
9646,medium,2,2.0,1.0,3.6,B,-100.0
9647,medium,3,6.0,9.0,9.3,A,5.1
9648,medium,0,4.0,6.0,8.7,A,3.1
9649,low,1,21.0,48.0,3.1,D,15.0
9650,high,1,9.0,4.0,3.8,B,-100.0
9651,low,0,13.0,50.0,5.0,A,15.0
9652,none,2,1.0,19.0,2.3,A,-9.7
9653,medium,0,6.0,4.0,1.7,A,-100.0
9654,high,1,11.0,37.0,8.3,A,15.0
9655,low,0,5.0,4.0,9.0,C,0.9
9656,high,2,3.0,9.0,2.7,D,-100.0
9657,none,1,1.0,1.0,8.4,C,-11.4
9658,high,1,16.0,3.0,2.9,B,-100.0
9659,low,1,12.0,1.0,9.8,A,-4.2
9660,low,3,7.0,18.0,3.5,A,-7.7
9661,low,1,17.0,2.0,9.8,A,-2.6
9662,low,1,8.0,22.0,4.5,A,11.1
9663,high,1,18.0,2.0,8.1,A,-15.1
9664,medium,1,9.0,2.0,7.7,A,-13.7
9665,medium,0,24.0,3.0,5.8,C,-100.0
9666,high,2,7.0,18.0,2.1,A,-15.9
9667,low,3,,7.0,7.7,C,
9668,low,4,6.0,3.0,1.1,A,-100.0
9669,low,4,4.0,9.0,5.5,C,-17.8
9670,high,1,4.0,16.0,3.2,C,-11.2
9671,high,1,4.0,50.0,9.8,A,15.0
9672,low,2,10.0,1.0,3.4,B,-100.0
9673,medium,3,19.0,30.0,9.4,A,15.0
9674,high,0,3.0,5.0,7.2,A,-9.7
9675,none,3,9.0,10.0,6.8,A,-7.1
9676,high,1,20.0,50.0,5.8,A,15.0
9677,high,0,3.0,1.0,9.5,B,-5.5
9678,low,3,9.0,5.0,8.4,C,-8.2
9679,none,1,2.0,1.0,4.6,A,-100.0
9680,medium,1,22.0,25.0,5.5,A,15.0
9681,high,3,2.0,5.0,9.8,A,-2.8
9682,low,1,10.0,5.0,8.9,C,-0.6
9683,low,2,7.0,2.0,2.9,C,-100.0
9684,low,4,13.0,11.0,8.4,C,1.5
9685,medium,2,9.0,22.0,3.7,C,3.8
9686,high,0,1.0,1.0,6.8,A,-100.0
9687,low,0,8.0,4.0,9.5,C,3.3
9688,medium,1,16.0,14.0,1.1,A,-100.0
9689,high,3,5.0,8.0,3.9,A,-100.0
9690,medium,2,6.0,23.0,3.5,C,5.0
9691,medium,0,9.0,30.0,7.8,A,15.0
9692,medium,5,13.0,31.0,9.2,A,15.0
9693,low,1,5.0,39.0,5.0,A,15.0
9694,none,1,17.0,18.0,1.5,A,-15.3
9695,medium,1,6.0,3.0,8.2,A,-8.6
9696,high,2,6.0,1.0,9.5,A,-10.8
9697,high,2,12.0,1.0,6.0,A,-100.0
9698,high,0,18.0,5.0,9.3,C,0.3
9699,high,2,5.0,1.0,3.7,A,-100.0
9700,high,0,22.0,2.0,3.8,A,-100.0
9701,medium,0,3.0,1.0,2.0,A,-100.0
9702,,1,16.0,34.0,9.6,A,15.0
9703,low,4,17.0,4.0,2.1,C,-100.0
9704,low,2,18.0,3.0,8.5,B,-10.3
9705,low,1,11.0,8.0,9.7,C,10.0
9706,high,1,11.0,1.0,3.2,A,-100.0
9707,high,1,2.0,1.0,4.3,A,-100.0
9708,low,1,6.0,5.0,6.5,C,-13.4
9709,high,1,,3.0,3.0,C,
9710,high,3,1.0,14.0,8.3,A,7.9
9711,low,2,5.0,11.0,8.2,A,6.2
9712,medium,5,35.0,4.0,2.2,A,-100.0
9713,high,3,17.0,2.0,7.2,A,-100.0
9714,medium,1,7.0,8.0,1.3,A,-100.0
9715,medium,1,27.0,4.0,8.3,C,-8.1
9716,low,1,12.0,3.0,8.0,C,-9.9
9717,medium,3,31.0,4.0,9.1,A,-9.0
9718,low,2,7.0,3.0,6.8,A,-18.5
9719,high,1,11.0,18.0,8.4,A,15.0
9720,medium,0,20.0,23.0,5.4,B,15.0
9721,high,0,18.0,18.0,,D,
9722,medium,3,15.0,13.0,8.6,C,8.7
9723,high,4,1.0,13.0,8.7,A,5.5
9724,high,1,4.0,2.0,9.8,A,-4.3
9725,high,4,16.0,34.0,4.2,B,15.0
9726,low,0,8.0,49.0,4.4,A,15.0
9727,none,0,11.0,15.0,9.7,A,15.0
9728,high,3,8.0,8.0,9.6,B,1.8
9729,none,1,22.0,13.0,8.4,A,11.7
9730,low,5,14.0,2.0,6.9,B,-100.0
9731,low,1,5.0,13.0,2.1,B,-100.0
9732,high,0,8.0,11.0,8.9,A,11.7
9733,high,3,3.0,9.0,3.7,A,-100.0
9734,none,0,14.0,10.0,8.9,C,11.4
9735,medium,5,23.0,3.0,6.4,A,-100.0
9736,none,1,6.0,5.0,4.7,D,-100.0
9737,low,0,4.0,6.0,9.1,B,5.7
9738,high,1,5.0,21.0,8.5,C,15.0
9739,high,1,4.0,14.0,1.1,A,-100.0
9740,none,3,3.0,45.0,3.7,A,15.0
9741,none,2,23.0,14.0,2.1,A,-100.0
9742,none,2,10.0,37.0,8.4,B,15.0
9743,low,0,7.0,11.0,5.1,A,-6.1
9744,,3,10.0,17.0,5.8,B,2.0
9745,high,2,40.0,27.0,9.8,C,15.0
9746,low,2,3.0,8.0,1.9,A,-100.0
9747,medium,2,9.0,12.0,5.0,A,-10.1
9748,none,1,11.0,2.0,8.8,A,-8.1
9749,high,2,5.0,50.0,3.7,A,15.0
9750,,0,15.0,5.0,6.9,B,-10.2
9751,high,1,39.0,12.0,6.2,A,-6.6
9752,high,1,17.0,11.0,8.2,A,4.5
9753,low,2,6.0,11.0,9.9,C,15.0
9754,low,0,14.0,5.0,5.0,A,-19.9
9755,low,1,19.0,3.0,3.3,A,-100.0
9756,low,1,4.0,22.0,4.6,A,12.1
9757,medium,4,14.0,8.0,9.0,A,-2.0
9758,high,0,8.0,9.0,8.4,C,4.8
9759,low,1,4.0,50.0,8.6,A,15.0
9760,medium,0,6.0,25.0,4.9,D,15.0
9761,low,4,5.0,17.0,3.9,C,-9.9
9762,high,0,5.0,17.0,9.4,A,15.0
9763,high,1,,2.0,3.7,C,
9764,none,2,4.0,12.0,8.4,C,8.9
9765,medium,0,5.0,16.0,8.0,A,15.0
9766,low,0,4.0,10.0,1.1,A,-100.0
9767,high,4,2.0,17.0,9.3,D,15.0
9768,low,2,23.0,4.0,2.7,D,-100.0
9769,high,3,2.0,26.0,9.7,A,15.0
9770,,2,40.0,41.0,8.7,A,15.0
9771,medium,1,8.0,12.0,8.9,A,14.0
9772,medium,2,13.0,6.0,5.5,A,-100.0
9773,none,2,8.0,2.0,9.2,A,-8.1
9774,high,0,5.0,29.0,9.6,C,15.0
9775,high,1,20.0,18.0,5.9,D,6.2
9776,high,1,1.0,7.0,,A,
9777,high,1,8.0,21.0,4.2,A,4.4
9778,high,3,11.0,25.0,9.5,A,15.0
9779,medium,2,3.0,16.0,8.8,C,15.0
9780,low,0,27.0,14.0,7.6,C,12.0
9781,low,2,15.0,3.0,3.4,D,-100.0
9782,high,0,3.0,7.0,2.7,A,-100.0
9783,medium,2,2.0,4.0,7.3,A,-13.5
9784,medium,2,15.0,8.0,9.7,C,6.8
9785,medium,1,31.0,2.0,9.4,A,-6.6
9786,high,0,5.0,11.0,3.0,A,-100.0
9787,high,1,1.0,48.0,6.5,A,15.0
9788,low,3,5.0,35.0,2.2,C,15.0
9789,low,3,23.0,2.0,5.6,C,-100.0
9790,low,2,28.0,16.0,4.2,A,-7.6
9791,low,3,6.0,11.0,9.3,A,9.6
9792,medium,3,2.0,23.0,8.8,A,15.0
9793,low,1,14.0,19.0,9.7,A,15.0
9794,medium,0,16.0,42.0,8.5,A,15.0
9795,medium,3,9.0,2.0,9.2,A,-10.5
9796,high,5,6.0,6.0,9.8,D,-6.1
9797,none,1,17.0,2.0,3.8,A,-100.0
9798,high,0,9.0,5.0,8.8,C,-1.5
9799,high,3,7.0,12.0,6.7,A,-5.7
9800,low,1,8.0,10.0,6.5,A,-3.1
9801,none,2,8.0,11.0,8.3,A,5.8
9802,high,1,4.0,29.0,2.7,B,13.3
9803,high,2,28.0,0.0,7.2,A,-100.0
9804,high,2,5.0,2.0,9.4,A,-9.1
9805,low,0,20.0,9.0,1.8,C,-100.0
9806,medium,0,3.0,10.0,9.6,A,15.0
9807,medium,1,5.0,0.0,7.1,A,-100.0
9808,high,2,2.0,32.0,6.6,B,15.0
9809,high,2,11.0,4.0,1.1,A,-100.0
9810,high,1,8.0,4.0,6.5,A,-18.7
9811,high,3,26.0,26.0,4.0,B,7.0
9812,low,5,3.0,3.0,8.3,A,-17.4
9813,low,1,20.0,2.0,5.0,C,-100.0
9814,none,2,23.0,4.0,2.4,C,-100.0
9815,medium,2,3.0,11.0,5.0,B,-11.6
9816,none,1,7.0,16.0,2.1,B,-15.2
9817,,2,6.0,3.0,4.8,B,-100.0
9818,none,3,17.0,31.0,8.9,A,15.0
9819,none,1,5.0,50.0,6.4,B,15.0
9820,medium,1,11.0,7.0,6.5,A,-10.1
9821,medium,1,15.0,27.0,8.7,C,15.0
9822,none,0,6.0,11.0,1.7,A,-100.0
9823,high,2,13.0,5.0,2.2,A,-100.0
9824,low,1,11.0,33.0,8.2,A,15.0
9825,none,1,23.0,16.0,9.8,A,15.0
9826,medium,2,11.0,45.0,7.9,A,15.0
9827,high,1,12.0,22.0,1.8,C,-7.1
9828,medium,0,5.0,3.0,3.0,A,-100.0
9829,low,1,5.0,2.0,9.4,C,-3.6
9830,high,1,8.0,9.0,6.9,C,-6.0
9831,high,0,8.0,3.0,2.0,A,-100.0
9832,low,3,25.0,8.0,3.6,C,-100.0
9833,low,2,8.0,11.0,8.7,A,8.6
9834,low,2,14.0,27.0,1.4,A,1.5
9835,none,3,0.0,0.0,3.2,A,-100.0
9836,none,3,16.0,9.0,8.6,A,-0.0
9837,low,2,10.0,23.0,3.4,A,4.5
9838,high,0,8.0,0.0,7.4,D,-19.6
9839,low,2,3.0,40.0,9.4,A,15.0
9840,low,1,4.0,20.0,6.7,A,15.0
9841,low,1,9.0,34.0,4.1,B,15.0
9842,none,4,4.0,5.0,3.3,C,-100.0
9843,none,2,3.0,15.0,1.5,C,-100.0
9844,low,1,19.0,21.0,4.0,B,5.2
9845,medium,0,23.0,3.0,9.3,A,-1.7
9846,medium,1,14.0,18.0,1.0,A,-17.5
9847,none,2,13.0,10.0,8.6,A,4.9
9848,none,0,8.0,26.0,1.8,A,6.6
9849,high,3,2.0,13.0,2.5,A,-100.0
9850,medium,1,,7.0,9.9,C,
9851,high,2,25.0,18.0,7.3,A,10.9
9852,low,2,11.0,18.0,5.9,C,7.6
9853,medium,3,6.0,33.0,9.9,B,15.0
9854,,2,20.0,10.0,9.8,A,10.8
9855,none,2,4.0,0.0,9.4,D,-10.8
9856,high,1,7.0,4.0,4.2,D,-100.0
9857,low,2,28.0,0.0,6.4,B,-100.0
9858,low,0,13.0,13.0,8.4,A,15.0
9859,high,0,7.0,39.0,5.9,A,15.0
9860,medium,1,27.0,2.0,9.5,C,-5.6
9861,none,2,14.0,6.0,4.8,A,-100.0
9862,high,2,8.0,22.0,8.1,A,15.0
9863,low,2,,10.0,1.9,C,
9864,medium,1,8.0,3.0,9.3,A,-2.7
9865,low,0,12.0,9.0,3.2,A,-100.0
9866,none,1,11.0,6.0,9.6,A,4.7
9867,medium,0,7.0,31.0,8.3,A,15.0
9868,low,2,22.0,3.0,6.8,A,-100.0
9869,medium,2,19.0,4.0,8.9,A,-6.4
9870,medium,1,12.0,2.0,5.5,A,-100.0
9871,medium,1,14.0,10.0,8.2,A,5.3
9872,none,1,6.0,6.0,8.1,A,-3.1
9873,low,0,7.0,39.0,7.3,D,15.0
9874,medium,0,9.0,2.0,5.9,A,-100.0
9875,,3,3.0,26.0,7.5,A,15.0
9876,low,0,6.0,4.0,5.8,B,-16.8
9877,low,1,12.0,1.0,1.5,A,-100.0
9878,high,2,4.0,11.0,3.3,B,-100.0
9879,high,1,17.0,18.0,4.2,A,-2.8
9880,medium,0,12.0,6.0,6.1,C,-12.0
9881,high,2,19.0,12.0,8.8,A,7.2
9882,low,1,9.0,11.0,9.0,A,12.7
9883,low,3,7.0,6.0,8.1,A,-7.6
9884,medium,2,18.0,4.0,9.8,A,-1.4
9885,low,1,7.0,13.0,9.3,A,15.0
9886,high,0,10.0,2.0,5.9,A,-100.0
9887,none,1,11.0,5.0,5.1,A,-100.0
9888,none,2,2.0,24.0,3.8,A,9.0
9889,high,1,18.0,5.0,2.3,D,-100.0
9890,low,1,4.0,6.0,3.4,A,-100.0
9891,none,2,2.0,15.0,1.6,A,-100.0
9892,low,5,6.0,33.0,3.4,C,15.0
9893,medium,1,7.0,6.0,9.6,B,5.3
9894,none,2,7.0,7.0,2.8,A,-100.0
9895,none,2,10.0,9.0,8.2,A,0.9
9896,high,0,7.0,7.0,6.3,C,-10.9
9897,low,1,3.0,3.0,2.5,C,-100.0
9898,high,0,2.0,2.0,4.1,A,-100.0
9899,high,1,7.0,5.0,9.6,A,0.6
9900,medium,4,7.0,16.0,4.4,C,-9.8
9901,high,0,1.0,50.0,3.4,A,15.0
9902,high,1,7.0,2.0,8.3,A,-12.9
9903,high,2,11.0,16.0,8.5,C,14.7
9904,high,3,13.0,15.0,2.6,A,-100.0
9905,,0,31.0,7.0,5.8,A,-13.6
9906,medium,0,13.0,4.0,8.8,A,-1.4
9907,low,3,6.0,1.0,5.2,C,-100.0
9908,high,2,22.0,36.0,1.1,C,14.9
9909,high,0,23.0,14.0,5.3,A,-3.3
9910,medium,2,10.0,39.0,8.8,D,15.0
9911,medium,2,8.0,1.0,9.9,A,-6.2
9912,,0,12.0,50.0,9.0,C,15.0
9913,low,0,14.0,4.0,9.1,A,0.5
9914,low,2,22.0,2.0,9.2,A,-8.9
9915,high,1,11.0,5.0,9.1,B,-2.6
9916,low,0,14.0,18.0,8.3,A,15.0
9917,medium,4,6.0,21.0,2.1,A,-11.9
9918,low,0,20.0,8.0,2.7,A,-100.0
9919,none,3,7.0,2.0,5.8,B,-100.0
9920,none,0,38.0,35.0,9.7,B,15.0
9921,high,0,23.0,9.0,9.9,A,11.5
9922,low,1,23.0,6.0,5.8,A,-16.8
9923,none,3,4.0,14.0,4.7,D,-9.8
9924,high,2,26.0,3.0,9.1,A,-10.8
9925,none,0,10.0,21.0,8.2,A,15.0
9926,none,0,11.0,3.0,,D,
9927,low,0,4.0,31.0,5.0,D,15.0
9928,medium,2,14.0,9.0,1.1,A,-100.0
9929,medium,1,4.0,16.0,2.2,A,-14.1
9930,low,1,19.0,7.0,7.3,A,-6.1
9931,none,0,4.0,10.0,6.4,A,-1.3
9932,medium,2,3.0,13.0,9.3,A,15.0
9933,high,2,6.0,21.0,3.7,A,-0.7
9934,high,2,16.0,7.0,8.6,B,-4.1
9935,low,0,9.0,37.0,5.9,C,15.0
9936,high,1,23.0,9.0,8.4,A,0.8
9937,low,2,7.0,8.0,7.7,C,-3.1
9938,low,5,1.0,50.0,8.9,B,15.0
9939,high,1,7.0,3.0,1.8,A,-100.0
9940,high,0,12.0,14.0,4.4,A,-7.1
9941,medium,2,11.0,0.0,5.9,C,-100.0
9942,low,1,6.0,5.0,9.3,A,2.0
9943,low,1,9.0,8.0,9.0,A,6.4
9944,none,0,8.0,18.0,1.9,A,-9.7
9945,medium,1,6.0,9.0,8.2,D,4.0
9946,medium,3,32.0,5.0,9.7,A,-3.7
9947,high,3,6.0,4.0,1.2,C,-100.0
9948,medium,1,14.0,28.0,1.9,A,8.4
9949,none,2,15.0,3.0,8.2,C,-12.2
9950,medium,2,5.0,2.0,9.3,B,-7.0
9951,medium,3,4.0,22.0,6.6,A,15.0
9952,low,1,6.0,13.0,6.3,C,2.3
9953,high,3,7.0,7.0,2.9,A,-100.0
9954,medium,1,5.0,1.0,9.5,C,-5.6
9955,medium,0,3.0,4.0,2.3,A,-100.0
9956,high,2,4.0,31.0,8.2,A,15.0
9957,medium,0,16.0,39.0,8.9,A,15.0
9958,low,0,14.0,1.0,1.9,A,-100.0
9959,low,0,2.0,13.0,6.0,A,3.6
9960,high,1,4.0,12.0,7.4,A,3.5
9961,high,2,6.0,9.0,8.8,A,2.2
9962,low,3,1.0,5.0,3.5,A,-100.0
9963,low,4,9.0,7.0,2.7,A,-100.0
9964,low,3,4.0,14.0,5.4,C,-5.3
9965,low,3,2.0,8.0,8.2,C,-2.3
9966,high,5,9.0,22.0,8.4,A,15.0
9967,medium,1,31.0,2.0,8.5,A,-11.5
9968,high,2,6.0,15.0,8.2,B,11.5
9969,high,0,11.0,4.0,2.5,A,-100.0
9970,none,0,20.0,10.0,8.9,C,10.8
9971,low,2,4.0,7.0,3.0,A,-100.0
9972,low,1,4.0,10.0,8.4,C,7.8
9973,low,3,8.0,13.0,1.8,A,-100.0
9974,medium,0,10.0,16.0,1.4,A,-16.6
9975,high,2,2.0,5.0,3.7,B,-100.0
9976,medium,2,23.0,3.0,8.6,A,-10.6
9977,high,2,11.0,9.0,1.6,D,-100.0
9978,low,2,3.0,4.0,4.5,A,-100.0
9979,high,0,17.0,4.0,7.7,C,-10.5
9980,low,2,5.0,21.0,8.2,A,15.0
9981,high,2,5.0,5.0,8.3,A,-8.9
9982,medium,1,2.0,14.0,8.3,A,15.0
9983,none,1,7.0,3.0,8.4,A,-7.8
9984,none,1,8.0,8.0,1.7,A,-100.0
9985,medium,2,1.0,18.0,4.3,C,-0.6
9986,medium,3,9.0,1.0,6.7,A,-100.0
9987,none,1,14.0,13.0,7.0,C,4.8
9988,low,1,17.0,11.0,9.8,A,15.0
9989,medium,2,11.0,7.0,6.3,B,-13.7
9990,none,1,3.0,2.0,1.9,D,-100.0
9991,medium,2,5.0,5.0,8.1,D,-7.4
9992,low,2,5.0,7.0,10.0,C,7.7
9993,medium,2,9.0,20.0,9.7,A,15.0
9994,medium,2,2.0,11.0,5.3,A,-9.8
9995,high,0,11.0,1.0,4.8,C,-100.0
9996,low,1,15.0,3.0,7.9,A,-10.8
9997,low,0,7.0,2.0,3.9,A,-100.0
9998,high,0,11.0,6.0,8.6,B,-0.7
9999,none,1,7.0,3.0,8.2,B,-8.9
10000,low,1,33.0,1.0,8.7,A,-12.4
10001,high,2,7.0,43.0,9.4,A,15.0
10002,medium,0,15.0,37.0,3.2,D,15.0
10003,low,1,21.0,50.0,3.5,A,15.0
10004,medium,0,18.0,39.0,7.9,C,15.0
10005,high,1,12.0,0.0,9.6,A,-10.4
10006,medium,1,7.0,7.0,9.0,C,4.1
10007,high,1,2.0,4.0,3.8,A,-100.0
10008,medium,2,11.0,4.0,9.8,A,-0.7
10009,low,2,23.0,10.0,3.0,A,-100.0
10010,medium,4,14.0,16.0,9.9,A,15.0
10011,high,1,4.0,27.0,1.9,A,4.7
10012,high,3,22.0,5.0,1.5,A,-100.0
10013,low,1,12.0,18.0,1.2,A,-15.8
10014,medium,3,6.0,8.0,9.2,A,2.4
10015,low,1,7.0,29.0,9.5,C,15.0
10016,medium,0,5.0,19.0,8.4,A,15.0
10017,medium,3,15.0,11.0,8.6,A,4.5
10018,none,1,5.0,5.0,9.4,A,2.1
10019,high,1,14.0,13.0,8.7,A,11.7
10020,low,1,11.0,29.0,9.7,C,15.0
10021,low,0,16.0,1.0,1.4,B,-100.0
10022,high,3,19.0,8.0,2.8,B,-100.0
10023,low,1,17.0,8.0,10.0,A,11.1
10024,high,1,11.0,28.0,8.1,A,15.0
10025,low,1,6.0,11.0,1.4,A,-100.0
10026,high,1,7.0,27.0,8.5,D,15.0
10027,medium,1,1.0,0.0,1.9,A,-100.0
10028,high,5,6.0,3.0,8.8,C,-17.9
10029,medium,1,5.0,16.0,8.9,B,15.0
10030,medium,0,4.0,8.0,1.3,A,-100.0
10031,high,0,2.0,11.0,1.3,A,-100.0
10032,high,0,9.0,1.0,8.9,A,-9.4
10033,high,1,39.0,3.0,1.2,A,-100.0
10034,high,2,3.0,23.0,7.2,A,15.0
10035,low,1,2.0,20.0,4.4,C,7.0
10036,none,0,20.0,35.0,2.4,A,15.0
10037,low,0,18.0,19.0,8.4,A,15.0
10038,low,2,25.0,2.0,6.0,A,-100.0
10039,none,5,,0.0,3.1,C,
10040,high,1,9.0,14.0,9.7,A,15.0
10041,low,0,8.0,20.0,3.8,A,5.6
10042,medium,2,9.0,0.0,9.9,A,-8.3
10043,medium,3,1.0,2.0,9.2,B,-9.7
10044,high,0,14.0,9.0,4.9,A,-15.1
10045,low,1,16.0,12.0,9.5,A,15.0
10046,medium,0,9.0,12.0,1.5,B,-100.0
10047,high,1,11.0,3.0,4.6,D,-100.0
10048,medium,2,7.0,14.0,3.6,A,-13.4
10049,medium,1,7.0,30.0,4.1,A,15.0
10050,low,1,1.0,3.0,9.1,A,-2.8
10051,medium,3,14.0,2.0,9.2,A,-11.0
10052,medium,1,4.0,4.0,3.0,A,-100.0
10053,low,2,20.0,2.0,2.4,A,-100.0
10054,low,2,20.0,4.0,1.7,A,-100.0
10055,high,1,9.0,10.0,8.7,A,5.9
10056,high,2,7.0,2.0,7.5,C,-19.8
10057,none,0,5.0,5.0,2.8,A,-100.0
10058,high,1,7.0,4.0,1.7,A,-100.0
10059,high,2,4.0,16.0,7.8,A,11.6
10060,low,2,8.0,39.0,6.4,A,15.0
10061,,1,10.0,2.0,4.3,A,-100.0
10062,high,1,3.0,4.0,5.1,B,-100.0
10063,high,2,11.0,22.0,1.6,A,-10.6
10064,low,1,3.0,35.0,5.2,A,15.0
10065,medium,1,6.0,20.0,1.8,C,-8.1
10066,medium,4,14.0,2.0,4.9,A,-100.0
10067,medium,1,6.0,30.0,8.9,A,15.0
10068,low,2,13.0,2.0,3.4,A,-100.0
10069,high,1,19.0,15.0,9.3,B,15.0
10070,high,2,12.0,3.0,1.1,A,-100.0
10071,low,2,12.0,3.0,7.7,A,-14.1
10072,high,1,6.0,7.0,7.0,D,-9.4
10073,high,3,8.0,10.0,9.1,C,3.2
10074,medium,0,20.0,14.0,9.8,A,15.0
10075,high,1,4.0,2.0,2.9,A,-100.0
10076,,0,9.0,6.0,7.4,A,-4.7
10077,medium,1,4.0,6.0,8.6,A,0.1
10078,low,1,10.0,5.0,8.9,A,-0.6
10079,low,2,7.0,40.0,1.7,A,15.0
10080,medium,0,9.0,14.0,9.4,A,15.0
10081,low,1,1.0,3.0,,A,
10082,low,2,11.0,13.0,2.5,B,-100.0
10083,low,2,5.0,5.0,9.9,A,2.9
10084,low,0,2.0,13.0,9.3,A,15.0
10085,medium,0,12.0,5.0,7.9,C,-4.1
10086,medium,1,26.0,7.0,4.4,A,
10087,medium,5,11.0,5.0,1.3,C,-100.0
10088,high,3,15.0,10.0,8.1,A,-3.0
10089,none,1,4.0,26.0,8.6,A,15.0
10090,low,1,5.0,2.0,8.7,B,-7.5
10091,high,0,13.0,1.0,7.4,A,-18.0
10092,medium,0,2.0,29.0,1.7,A,13.1
10093,high,1,16.0,6.0,7.4,B,-10.3
10094,medium,0,11.0,2.0,2.1,A,-100.0
10095,medium,1,3.0,3.0,1.2,A,-100.0
10096,high,1,1.0,4.0,2.4,A,-100.0
10097,none,1,26.0,5.0,8.5,A,-5.0
10098,medium,1,21.0,13.0,9.9,A,15.0
10099,medium,2,7.0,16.0,4.2,A,-5.9
10100,none,3,13.0,44.0,4.1,A,15.0
10101,medium,3,3.0,2.0,7.0,A,-100.0
10102,medium,5,16.0,2.0,9.0,A,-17.3
10103,none,3,3.0,1.0,9.5,B,-10.6
10104,high,0,19.0,11.0,1.5,A,-100.0
10105,high,1,8.0,1.0,8.5,B,-14.0
10106,medium,0,12.0,2.0,2.1,A,-100.0
10107,high,1,4.0,4.0,7.8,A,-11.1
10108,low,1,5.0,3.0,6.6,C,-16.9
10109,low,0,23.0,8.0,4.4,A,-17.8
10110,low,1,11.0,34.0,8.5,A,15.0
10111,high,1,7.0,3.0,7.5,A,-15.2
10112,medium,1,2.0,2.0,1.1,A,-100.0
10113,low,1,9.0,15.0,1.0,A,-100.0
10114,low,1,22.0,23.0,5.7,A,15.0
10115,low,0,4.0,16.0,7.5,A,15.0
10116,high,2,8.0,6.0,7.7,B,-10.4
10117,low,2,4.0,2.0,8.8,C,-9.3
10118,high,4,7.0,4.0,9.6,D,-9.0
10119,low,3,18.0,7.0,9.0,A,-1.6
10120,none,1,13.0,4.0,2.5,D,-100.0
10121,high,0,6.0,10.0,3.3,A,-100.0
10122,medium,2,2.0,9.0,6.2,A,-9.1
10123,medium,0,,5.0,1.2,C,
10124,medium,0,5.0,13.0,9.5,C,15.0
10125,none,1,,20.0,9.5,C,
10126,,1,2.0,1.0,4.2,A,-100.0
10127,high,0,4.0,18.0,5.8,A,9.8
10128,none,5,9.0,11.0,4.0,C,-100.0
10129,low,2,15.0,35.0,8.8,A,15.0
10130,low,2,9.0,12.0,8.6,C,10.1
10131,high,0,5.0,11.0,4.3,A,-13.3
10132,medium,3,15.0,13.0,5.0,A,-11.1
10133,low,1,1.0,7.0,9.6,A,8.4
10134,high,2,12.0,32.0,9.4,A,15.0
10135,low,2,11.0,5.0,8.1,C,-7.6
10136,high,1,11.0,3.0,1.1,A,-100.0
10137,low,3,2.0,2.0,6.7,A,-100.0
10138,low,3,5.0,18.0,7.9,C,15.0
10139,medium,0,11.0,0.0,8.6,C,-10.7
10140,high,2,11.0,28.0,8.8,A,15.0
10141,low,2,13.0,2.0,8.1,B,-14.1
10142,high,2,10.0,8.0,6.9,A,-10.8
10143,low,1,3.0,0.0,2.0,A,-100.0
10144,high,3,25.0,17.0,7.4,C,6.9
10145,medium,1,7.0,29.0,3.4,A,15.0
10146,,1,3.0,9.0,5.7,A,-9.7
10147,high,2,10.0,3.0,6.6,A,-100.0
10148,low,0,2.0,7.0,8.4,A,4.2
10149,high,1,3.0,5.0,8.5,A,-5.1
10150,,3,19.0,6.0,1.6,B,-100.0
10151,high,1,18.0,4.0,9.2,B,-4.8
10152,,2,4.0,23.0,3.6,A,5.6
10153,low,1,4.0,2.0,5.0,A,-100.0
10154,medium,1,7.0,0.0,9.0,B,-10.6
10155,low,1,7.0,6.0,4.4,A,-100.0
10156,high,1,9.0,4.0,8.6,A,-7.2
10157,medium,2,7.0,7.0,2.7,C,-100.0
10158,medium,2,13.0,29.0,9.5,A,15.0
10159,medium,1,7.0,6.0,1.8,C,-100.0
10160,high,2,15.0,2.0,9.6,A,-9.0
10161,medium,2,15.0,1.0,9.6,A,-8.5
10162,high,1,4.0,1.0,8.7,D,-12.5
10163,low,0,9.0,13.0,9.4,A,15.0
10164,high,2,3.0,14.0,6.3,A,-0.8
10165,low,0,16.0,12.0,9.8,B,15.0
10166,low,1,15.0,6.0,3.8,A,-100.0
10167,high,4,19.0,1.0,8.6,C,-100.0
10168,high,1,24.0,5.0,5.8,A,-100.0
10169,none,1,4.0,5.0,9.1,A,0.5
10170,high,0,6.0,30.0,3.8,A,15.0
10171,medium,0,3.0,12.0,1.8,A,-100.0
10172,medium,2,,10.0,,C,
10173,low,0,15.0,7.0,9.5,A,8.9
10174,medium,2,11.0,25.0,4.4,D,13.7
10175,high,2,22.0,15.0,8.9,C,13.7
10176,medium,2,1.0,20.0,9.4,A,15.0
10177,low,4,14.0,8.0,4.2,A,-100.0
10178,medium,3,18.0,5.0,8.9,A,-6.8
10179,low,1,14.0,14.0,8.4,A,15.0
10180,high,3,15.0,7.0,9.0,A,-4.3
10181,medium,2,9.0,14.0,6.2,A,0.7
10182,low,1,2.0,13.0,,A,
10183,low,1,2.0,11.0,2.1,A,-100.0
10184,low,0,27.0,1.0,9.5,A,-4.9
10185,high,1,9.0,33.0,8.9,D,15.0
10186,none,0,18.0,3.0,5.6,A,-100.0
10187,high,3,7.0,2.0,7.3,A,-100.0
10188,high,1,7.0,33.0,8.8,D,15.0
10189,high,1,3.0,2.0,6.9,A,-100.0
10190,high,2,6.0,6.0,8.8,A,-4.1
10191,low,3,12.0,8.0,1.4,A,-100.0
10192,high,0,4.0,5.0,7.5,A,-8.2
10193,medium,2,15.0,12.0,9.6,C,14.6
10194,low,2,2.0,3.0,7.8,A,-12.5
10195,high,2,8.0,10.0,9.9,A,10.1
10196,high,0,3.0,18.0,3.7,A,-1.7
10197,medium,1,9.0,12.0,9.9,A,15.0
10198,,1,6.0,17.0,9.8,A,15.0
10199,low,1,16.0,8.0,1.9,C,-100.0
10200,high,1,40.0,0.0,5.9,A,-100.0
10201,medium,1,1.0,10.0,5.5,C,-8.2
10202,none,2,2.0,20.0,3.2,A,-2.7
10203,medium,0,4.0,26.0,1.7,C,6.6
10204,low,1,,6.0,6.1,C,
10205,low,0,27.0,6.0,2.8,B,-100.0
10206,low,4,13.0,24.0,9.5,B,15.0
10207,medium,0,14.0,35.0,9.5,A,15.0
10208,medium,2,13.0,1.0,2.2,A,-100.0
10209,low,2,1.0,44.0,4.6,A,15.0
10210,low,1,3.0,7.0,2.6,D,-100.0
10211,none,1,9.0,31.0,9.4,A,15.0
10212,medium,0,6.0,3.0,5.7,C,
10213,low,1,15.0,16.0,2.2,A,-14.8
10214,high,3,20.0,22.0,8.1,A,15.0
10215,none,1,2.0,3.0,4.0,A,-100.0
10216,high,1,7.0,12.0,2.1,A,-100.0
10217,none,2,2.0,37.0,1.6,A,15.0
10218,high,1,2.0,6.0,3.6,D,-100.0
10219,high,2,5.0,6.0,9.3,A,-1.3
10220,low,2,3.0,2.0,3.9,A,-100.0
10221,low,3,13.0,7.0,9.0,A,-1.1
10222,high,0,13.0,14.0,9.6,A,15.0
10223,medium,1,7.0,17.0,5.2,A,4.2
10224,none,0,11.0,14.0,9.0,B,15.0
10225,medium,1,8.0,11.0,9.0,A,12.4
10226,low,0,1.0,8.0,9.5,C,12.4
10227,high,2,3.0,3.0,3.1,A,-100.0
10228,low,0,14.0,10.0,2.0,A,-100.0
10229,medium,2,3.0,40.0,4.4,B,15.0
10230,medium,0,4.0,6.0,1.7,C,-100.0
10231,,0,4.0,5.0,1.7,C,-100.0
10232,high,1,2.0,3.0,1.6,A,-100.0
10233,medium,1,11.0,2.0,8.6,A,-9.0
10234,high,2,1.0,39.0,5.9,B,15.0
10235,low,2,4.0,9.0,9.6,A,9.8
10236,medium,1,3.0,11.0,7.7,A,5.8
10237,low,2,20.0,8.0,9.3,B,4.4
10238,medium,0,9.0,15.0,8.7,A,15.0
10239,high,2,2.0,16.0,9.6,A,15.0
10240,high,3,7.0,2.0,1.3,A,-100.0
10241,low,1,11.0,7.0,8.0,C,-1.4
10242,high,0,10.0,8.0,9.5,A,8.5
10243,low,0,14.0,9.0,7.2,B,0.6
10244,medium,1,20.0,7.0,2.0,C,-100.0
10245,medium,1,11.0,8.0,8.5,A,3.1
10246,medium,1,4.0,17.0,8.2,A,15.0
10247,,2,24.0,24.0,2.5,A,-0.4
10248,high,2,14.0,10.0,8.0,A,-0.9
10249,none,1,19.0,6.0,6.3,A,
10250,high,3,5.0,2.0,9.5,C,-11.1
10251,high,3,16.0,14.0,8.3,A,6.4
10252,medium,2,3.0,4.0,8.0,B,-9.8
10253,low,1,15.0,15.0,7.7,C,13.3
10254,none,1,2.0,33.0,7.7,B,15.0
10255,low,2,8.0,4.0,4.9,B,-100.0
10256,none,4,11.0,14.0,8.1,A,5.7
10257,medium,2,10.0,3.0,2.5,A,-100.0
10258,medium,2,27.0,32.0,3.9,A,15.0
10259,none,1,1.0,2.0,8.1,A,-11.0
10260,low,0,12.0,8.0,8.2,C,4.2
10261,medium,2,2.0,5.0,2.3,A,-100.0
10262,medium,0,7.0,2.0,1.3,B,-100.0
10263,none,3,16.0,2.0,8.6,B,-14.7
10264,low,1,7.0,18.0,4.2,A,1.2
10265,medium,1,10.0,25.0,8.9,A,15.0
10266,low,0,8.0,3.0,8.8,A,-2.6
10267,high,4,14.0,32.0,8.6,D,15.0
10268,medium,1,12.0,0.0,3.3,C,-100.0
10269,low,3,4.0,7.0,1.1,A,-100.0
10270,high,3,22.0,20.0,8.7,A,15.0
10271,low,0,5.0,1.0,3.2,A,-100.0
10272,medium,0,8.0,10.0,1.0,A,-100.0
10273,low,3,9.0,3.0,3.4,A,-100.0
10274,high,4,2.0,9.0,1.6,A,-100.0
10275,medium,0,12.0,1.0,9.9,C,-1.5
10276,none,0,4.0,9.0,9.6,C,14.2
10277,low,1,12.0,46.0,7.2,A,15.0
10278,medium,2,10.0,27.0,6.3,B,15.0
10279,none,1,15.0,15.0,3.0,A,-13.1
10280,none,1,3.0,3.0,5.3,C,-100.0
10281,low,0,8.0,17.0,9.3,A,15.0
10282,low,1,20.0,11.0,5.8,B,-6.0
10283,high,1,1.0,0.0,4.0,A,-100.0
10284,medium,0,15.0,1.0,3.1,C,-100.0
10285,low,4,3.0,16.0,9.7,C,15.0
10286,none,0,5.0,3.0,9.5,A,0.9
10287,none,1,12.0,22.0,1.9,C,-4.2
10288,high,0,4.0,6.0,9.2,A,3.3
10289,low,1,7.0,6.0,8.3,A,-1.5
10290,none,1,12.0,16.0,5.8,A,4.7
10291,medium,1,8.0,19.0,5.8,C,11.6
10292,high,3,16.0,36.0,9.2,C,15.0
10293,high,3,5.0,37.0,3.0,C,15.0
10294,medium,4,8.0,7.0,8.6,A,-5.7
10295,medium,1,4.0,50.0,8.9,A,15.0
10296,high,1,11.0,15.0,9.5,A,15.0
10297,high,3,5.0,50.0,1.1,D,15.0
10298,medium,0,16.0,10.0,6.3,A,-2.9
10299,medium,4,6.0,7.0,8.4,B,-6.6
10300,medium,3,7.0,19.0,8.4,A,15.0
10301,medium,0,1.0,13.0,7.5,B,11.6
10302,low,2,7.0,5.0,9.5,A,0.5
10303,none,0,13.0,14.0,5.9,A,3.4
10304,none,0,12.0,9.0,8.7,C,8.4
10305,high,2,7.0,33.0,1.7,B,13.4
10306,low,3,6.0,28.0,4.6,C,15.0
10307,high,0,16.0,19.0,2.0,A,-10.2
10308,medium,0,2.0,7.0,3.7,A,-100.0
10309,medium,4,10.0,16.0,4.1,B,-11.8
10310,none,2,7.0,7.0,4.3,B,-100.0
10311,high,0,3.0,3.0,9.3,A,-2.4
10312,medium,2,15.0,7.0,2.2,A,-100.0
10313,medium,1,8.0,9.0,9.2,D,9.3
10314,high,0,20.0,6.0,5.5,A,-18.7
10315,low,3,7.0,2.0,8.9,C,-11.6
10316,high,1,14.0,6.0,5.2,B,-100.0
10317,medium,0,5.0,10.0,9.5,A,15.0
10318,high,2,17.0,3.0,1.6,A,-100.0
10319,high,2,1.0,45.0,8.4,A,15.0
10320,low,0,3.0,19.0,5.5,A,13.3
10321,high,1,1.0,45.0,4.8,D,15.0
10322,high,2,10.0,17.0,6.4,A,5.4
10323,medium,0,24.0,14.0,3.8,C,-9.0
10324,low,1,3.0,3.0,2.7,A,-100.0
10325,low,0,31.0,16.0,3.7,A,-5.7
10326,high,0,9.0,1.0,3.9,A,-100.0
10327,medium,3,7.0,23.0,1.5,B,-8.5
10328,high,1,4.0,1.0,9.7,B,-7.0
10329,high,1,3.0,18.0,7.0,A,14.0
10330,low,3,7.0,0.0,8.2,A,-19.6
10331,low,4,10.0,21.0,8.6,A,15.0
10332,medium,3,5.0,0.0,2.7,A,-100.0
10333,low,1,10.0,12.0,5.7,C,-3.5
10334,medium,2,2.0,2.0,6.4,A,-100.0
10335,low,3,5.0,0.0,5.2,A,-100.0
10336,low,0,12.0,10.0,9.8,A,15.0
10337,medium,3,6.0,7.0,1.9,A,-100.0
10338,low,2,3.0,6.0,8.7,D,-1.4
10339,high,2,13.0,47.0,8.3,D,15.0
10340,high,0,18.0,1.0,2.7,A,-100.0
10341,,4,3.0,10.0,3.7,A,-100.0
10342,low,2,10.0,5.0,7.3,C,-11.9
10343,high,0,6.0,13.0,5.1,C,-4.8
10344,medium,0,15.0,19.0,3.7,B,1.8
10345,medium,1,11.0,5.0,6.8,A,-12.6
10346,medium,1,3.0,4.0,8.3,A,-5.7
10347,high,2,3.0,7.0,1.4,A,-100.0
10348,none,4,27.0,5.0,6.7,A,-100.0
10349,none,2,9.0,1.0,4.3,B,-100.0
10350,high,1,12.0,14.0,1.6,A,-100.0
10351,low,1,6.0,50.0,9.3,A,15.0
10352,,2,4.0,18.0,2.0,A,-13.7
10353,low,2,8.0,2.0,2.8,A,-100.0
10354,high,1,7.0,8.0,5.4,A,-16.2
10355,none,1,12.0,36.0,9.2,A,15.0
10356,high,3,8.0,3.0,8.7,B,-13.7
10357,medium,0,10.0,11.0,8.8,A,13.6
10358,low,1,4.0,50.0,3.5,A,15.0
10359,low,0,6.0,6.0,6.0,C,-11.5
10360,none,2,22.0,44.0,8.2,C,15.0
10361,medium,1,12.0,17.0,7.0,B,13.6
10362,medium,1,11.0,13.0,8.9,A,15.0
10363,high,0,12.0,5.0,9.2,A,0.4
10364,high,0,3.0,2.0,8.6,B,-8.3
10365,medium,1,4.0,3.0,8.9,A,-4.6
10366,low,3,7.0,4.0,7.8,C,-13.4
10367,low,3,9.0,13.0,3.3,C,-19.5
10368,medium,1,5.0,3.0,7.4,D,-12.9
10369,high,5,23.0,33.0,9.2,A,15.0
10370,high,2,11.0,2.0,1.8,A,-100.0
10371,high,4,0.0,4.0,5.7,C,-100.0
10372,high,2,9.0,14.0,1.2,A,-100.0
10373,high,2,10.0,1.0,5.8,A,-100.0
10374,medium,3,5.0,3.0,2.6,C,-100.0
10375,medium,2,16.0,1.0,9.1,A,-11.3
10376,none,0,5.0,18.0,1.8,A,-9.9
10377,low,1,5.0,11.0,7.6,C,5.4
10378,high,0,2.0,26.0,2.1,A,6.4
10379,high,2,,2.0,9.5,C,
10380,low,0,11.0,6.0,8.6,A,2.3
10381,medium,1,,4.0,2.9,C,
10382,high,0,7.0,23.0,3.7,C,8.4
10383,high,0,8.0,20.0,5.4,A,11.4
10384,low,0,1.0,3.0,8.6,A,-3.0
10385,none,0,4.0,37.0,2.8,C,15.0
10386,medium,1,23.0,30.0,9.4,A,15.0
10387,none,1,5.0,5.0,9.3,A,1.5
10388,medium,1,7.0,20.0,8.4,C,15.0
10389,none,1,11.0,1.0,2.9,A,-100.0
10390,medium,3,14.0,29.0,9.1,A,15.0
10391,,5,3.0,2.0,9.0,A,-16.2
10392,none,1,15.0,4.0,3.4,A,-100.0
10393,low,1,6.0,1.0,3.5,A,-100.0
10394,high,1,11.0,8.0,3.5,A,-100.0
10395,high,0,3.0,5.0,2.9,C,-100.0
10396,high,2,7.0,19.0,5.7,C,6.0
10397,high,2,8.0,13.0,8.4,A,8.2
10398,medium,2,7.0,6.0,2.0,A,-100.0
10399,medium,0,11.0,3.0,3.6,A,-100.0
10400,high,0,5.0,10.0,9.9,A,15.0
10401,,3,6.0,43.0,10.0,A,15.0
10402,low,3,6.0,7.0,8.6,A,-2.6
10403,high,3,2.0,5.0,3.4,C,-100.0
10404,medium,1,21.0,5.0,8.1,C,-6.4
10405,high,1,5.0,33.0,8.8,A,15.0
10406,medium,1,12.0,1.0,8.2,A,-13.4
10407,low,0,8.0,0.0,9.3,C,-6.2
10408,medium,3,12.0,33.0,8.7,A,15.0
10409,high,3,7.0,3.0,7.6,A,-19.6
10410,low,1,20.0,13.0,2.4,A,-100.0
10411,high,0,16.0,43.0,9.7,B,15.0
10412,none,1,4.0,32.0,2.7,A,15.0
10413,high,2,4.0,6.0,6.9,A,-14.4
10414,none,0,4.0,18.0,8.3,A,15.0
10415,high,5,5.0,22.0,4.3,C,-2.7
10416,none,3,21.0,14.0,7.9,B,6.1
10417,low,0,17.0,0.0,8.6,C,-10.9
10418,high,4,11.0,29.0,1.8,C,0.2
10419,low,2,19.0,17.0,3.0,A,-11.2
10420,high,3,3.0,18.0,8.8,C,15.0
10421,none,5,12.0,6.0,1.6,D,-100.0
10422,low,1,11.0,3.0,5.2,A,-100.0
10423,,1,3.0,50.0,9.6,A,15.0
10424,high,2,7.0,2.0,5.8,A,-100.0
10425,low,2,0.0,2.0,4.6,A,-100.0
10426,high,2,3.0,9.0,2.3,C,-100.0
10427,high,1,4.0,6.0,9.3,A,1.3
10428,low,0,7.0,17.0,7.3,A,15.0
10429,medium,0,12.0,5.0,7.6,A,-5.8
10430,,2,9.0,0.0,1.8,A,-100.0
10431,medium,3,13.0,31.0,3.9,D,15.0
10432,low,0,20.0,4.0,7.0,A,-11.6
10433,medium,1,9.0,0.0,1.2,B,-100.0
10434,low,1,10.0,21.0,3.5,A,3.3
10435,low,1,21.0,1.0,8.9,C,-10.1
10436,high,3,2.0,9.0,4.9,C,-100.0
10437,medium,1,4.0,0.0,8.6,A,-12.5
10438,high,2,8.0,1.0,6.3,C,-100.0
10439,high,2,11.0,45.0,6.1,A,15.0
10440,medium,0,5.0,4.0,9.9,A,5.5
10441,none,2,18.0,17.0,3.9,A,-6.8
10442,medium,3,1.0,23.0,9.7,A,15.0
10443,low,1,3.0,23.0,6.3,A,15.0
10444,medium,0,14.0,5.0,5.8,A,-15.9
10445,high,0,4.0,2.0,3.5,A,-100.0
10446,none,1,2.0,26.0,7.4,C,15.0
10447,low,2,15.0,15.0,9.7,A,15.0
10448,low,2,1.0,3.0,4.3,A,-100.0
10449,medium,0,9.0,1.0,8.0,A,-11.7
10450,medium,2,9.0,4.0,1.3,B,-100.0
10451,medium,0,5.0,12.0,9.5,C,15.0
10452,high,1,7.0,9.0,5.0,C,-16.3
10453,high,2,6.0,8.0,9.1,A,1.7
10454,high,0,16.0,4.0,1.2,A,-100.0
10455,none,1,15.0,30.0,2.5,A,15.0
10456,none,1,9.0,8.0,4.3,A,-100.0
10457,medium,0,11.0,2.0,8.3,A,-8.1
10458,low,4,9.0,3.0,4.6,A,-100.0
10459,none,0,9.0,3.0,8.6,A,-4.4
10460,none,1,27.0,7.0,6.8,C,-10.2
10461,medium,3,9.0,3.0,9.8,A,-5.1
10462,medium,0,14.0,9.0,9.9,A,15.0
10463,low,1,21.0,20.0,2.0,A,-8.1
10464,low,2,12.0,3.0,9.7,A,-3.1
10465,none,2,14.0,19.0,9.3,A,15.0
10466,high,2,6.0,26.0,9.1,A,15.0
10467,high,2,4.0,0.0,8.6,B,-17.6
10468,high,3,5.0,11.0,5.1,A,-16.4
10469,high,0,7.0,2.0,9.4,B,-4.3
10470,,2,8.0,3.0,1.8,A,-100.0
10471,high,1,4.0,24.0,7.4,C,15.0
10472,high,2,0.0,16.0,9.2,C,15.0
10473,medium,3,3.0,6.0,2.9,A,-100.0
10474,none,2,34.0,9.0,4.3,A,-100.0
10475,medium,0,14.0,30.0,2.4,A,15.0
10476,low,0,3.0,20.0,5.5,B,15.0
10477,low,5,8.0,1.0,8.7,B,-19.9
10478,low,2,17.0,12.0,8.5,A,8.7
10479,medium,4,9.0,24.0,9.2,A,15.0
10480,none,1,3.0,1.0,2.2,A,-100.0
10481,low,4,10.0,11.0,9.0,A,5.1
10482,high,4,21.0,14.0,9.7,A,11.1
10483,medium,2,5.0,0.0,1.1,A,-100.0
10484,high,5,9.0,9.0,7.4,A,-13.3
10485,medium,2,10.0,1.0,4.8,A,-100.0
10486,low,3,21.0,4.0,3.1,D,-100.0
10487,none,1,10.0,0.0,9.8,A,-6.7
10488,low,0,10.0,24.0,1.1,C,-1.1
10489,none,0,5.0,10.0,8.3,A,9.0
10490,high,2,16.0,19.0,9.0,A,15.0
10491,high,3,10.0,11.0,6.6,D,-8.6
10492,medium,1,6.0,3.0,8.3,A,-8.1
10493,,2,8.0,6.0,6.6,A,-14.0
10494,low,2,14.0,20.0,5.0,A,6.6
10495,low,1,3.0,2.0,5.1,A,-100.0
10496,medium,2,23.0,14.0,3.7,A,-14.4
10497,medium,1,6.0,13.0,2.8,A,-17.3
10498,low,1,5.0,30.0,1.4,A,11.2
10499,high,0,4.0,1.0,9.7,A,-4.5
10500,low,2,7.0,11.0,4.1,A,-16.6
10501,high,1,6.0,1.0,8.6,A,-13.2
10502,high,3,7.0,5.0,1.5,A,-100.0
10503,none,3,2.0,12.0,9.7,B,13.7
10504,medium,0,16.0,5.0,9.0,C,1.5
10505,medium,3,1.0,9.0,5.7,A,-14.2
10506,medium,5,15.0,20.0,8.9,A,15.0
10507,low,1,11.0,50.0,4.6,A,15.0
10508,none,1,9.0,3.0,8.3,C,-8.6
10509,medium,1,30.0,9.0,2.3,A,-100.0
10510,low,2,5.0,7.0,4.6,A,-100.0
10511,high,2,9.0,3.0,4.8,A,-100.0
10512,low,1,7.0,9.0,3.1,D,-100.0
10513,low,0,1.0,27.0,3.6,A,15.0
10514,,4,12.0,12.0,8.7,D,4.7
10515,medium,0,21.0,7.0,3.0,A,-100.0
10516,high,1,1.0,7.0,2.7,A,-100.0
10517,high,1,7.0,48.0,6.1,A,15.0
10518,low,2,3.0,19.0,9.5,A,15.0
10519,none,1,9.0,6.0,2.5,A,-100.0
10520,low,1,9.0,2.0,2.3,B,-100.0
10521,high,4,5.0,4.0,8.2,A,-16.5
10522,low,3,3.0,20.0,9.4,C,15.0
10523,high,0,4.0,6.0,4.3,A,-100.0
10524,high,1,18.0,1.0,9.8,A,-7.8
10525,low,1,1.0,17.0,9.3,A,15.0
10526,high,1,3.0,7.0,8.3,A,-2.0
10527,low,3,30.0,4.0,2.4,A,-100.0
10528,high,2,2.0,3.0,8.4,A,-12.2
10529,medium,2,11.0,24.0,2.6,C,1.7
10530,none,1,2.0,1.0,9.9,A,-3.3
10531,medium,1,14.0,0.0,5.7,A,-100.0
10532,high,0,10.0,2.0,2.4,C,-100.0
10533,medium,0,7.0,7.0,1.9,A,-100.0
10534,low,2,15.0,30.0,6.0,A,15.0
10535,medium,3,3.0,8.0,3.7,A,-100.0
10536,,5,13.0,7.0,3.1,A,-100.0
10537,high,3,11.0,6.0,2.6,C,-100.0
10538,,2,11.0,2.0,7.5,A,-17.8
10539,medium,2,18.0,3.0,8.2,C,-12.3
10540,none,2,8.0,13.0,2.8,C,-100.0
10541,medium,1,12.0,13.0,2.6,A,-19.0
10542,high,1,2.0,26.0,9.2,D,15.0
10543,low,4,18.0,6.0,9.9,A,-1.3
10544,none,0,3.0,22.0,3.0,A,5.3
10545,,3,3.0,4.0,9.2,A,-5.9
10546,high,1,5.0,4.0,4.3,C,-100.0
10547,medium,3,8.0,2.0,5.5,A,-100.0
10548,,3,5.0,5.0,5.7,A,-100.0
10549,high,2,12.0,1.0,9.7,A,-10.3
10550,medium,3,4.0,15.0,9.4,A,15.0
10551,high,3,16.0,12.0,7.5,C,-2.2
10552,low,2,4.0,19.0,9.0,A,15.0
10553,high,1,5.0,3.0,9.7,C,-2.9
10554,low,4,30.0,21.0,1.1,C,-19.4
10555,low,2,2.0,1.0,10.0,A,-4.6
10556,none,0,14.0,14.0,1.0,C,-100.0
10557,medium,1,20.0,0.0,8.6,A,-14.1
10558,low,1,14.0,29.0,6.5,A,15.0
10559,high,0,11.0,50.0,7.6,A,15.0
10560,high,1,12.0,2.0,3.9,A,-100.0
10561,high,0,18.0,3.0,9.0,A,-5.5
10562,high,1,7.0,34.0,8.2,A,15.0
10563,medium,2,2.0,41.0,4.2,C,15.0
10564,medium,3,5.0,16.0,8.8,A,15.0
10565,low,0,13.0,0.0,2.5,A,-100.0
10566,high,2,4.0,8.0,8.3,B,-2.5
10567,none,0,33.0,7.0,8.1,C,-1.2
10568,medium,0,12.0,10.0,4.7,C,-11.2
10569,none,0,6.0,3.0,5.6,D,-100.0
10570,none,0,24.0,3.0,5.1,A,-100.0
10571,high,1,22.0,7.0,4.5,C,-100.0
10572,high,2,7.0,33.0,1.3,B,11.2
10573,medium,4,10.0,10.0,1.5,A,-100.0
10574,low,1,11.0,3.0,7.6,A,-12.0
10575,medium,1,3.0,12.0,9.7,A,15.0
10576,high,0,31.0,2.0,1.9,A,-100.0
10577,,2,17.0,2.0,6.5,C,-100.0
10578,low,0,6.0,12.0,3.4,A,-13.2
10579,high,2,3.0,24.0,5.8,A,15.0
10580,low,4,3.0,5.0,2.7,A,-100.0
10581,high,2,13.0,4.0,8.7,B,-9.6
10582,low,3,3.0,2.0,5.3,A,-100.0
10583,medium,1,26.0,27.0,8.8,A,15.0
10584,medium,2,23.0,49.0,9.2,A,15.0
10585,high,0,3.0,10.0,6.4,A,-3.6
10586,high,3,4.0,4.0,4.1,A,-100.0
10587,low,1,19.0,2.0,3.5,A,-100.0
10588,high,1,13.0,7.0,9.1,C,1.4
10589,high,3,11.0,5.0,3.9,A,-100.0
10590,,2,12.0,14.0,2.0,A,-100.0
10591,high,0,6.0,4.0,8.7,A,-3.9
10592,none,3,9.0,5.0,4.7,A,-100.0
10593,low,0,8.0,10.0,7.4,D,4.4
10594,medium,1,40.0,5.0,3.7,B,-100.0
10595,low,2,8.0,5.0,10.0,C,3.2
10596,low,0,3.0,7.0,7.4,C,-1.4
10597,high,0,20.0,42.0,9.5,A,15.0
10598,low,1,22.0,11.0,8.4,A,8.1
10599,low,0,1.0,5.0,9.7,A,7.2
10600,high,2,6.0,3.0,8.0,D,-14.8
10601,high,4,12.0,24.0,8.5,A,15.0
10602,none,1,7.0,26.0,4.6,A,15.0
10603,medium,2,4.0,6.0,6.2,A,-15.6
10604,medium,0,14.0,15.0,8.5,A,15.0
10605,none,1,11.0,12.0,2.7,A,-100.0
10606,low,1,8.0,0.0,6.8,A,-100.0
10607,high,1,5.0,22.0,1.9,A,-5.9
10608,high,1,12.0,5.0,3.2,A,-100.0
10609,medium,0,18.0,6.0,1.6,A,-100.0
10610,high,2,6.0,20.0,2.5,A,-9.4
10611,medium,1,6.0,12.0,5.7,C,-3.5
10612,low,0,4.0,19.0,9.4,C,15.0
10613,low,2,15.0,5.0,2.0,B,-100.0
10614,medium,3,16.0,18.0,8.5,A,15.0
10615,low,1,6.0,12.0,6.4,B,0.8
10616,low,2,6.0,8.0,9.2,B,5.3
10617,none,1,5.0,21.0,3.5,C,3.2
10618,medium,2,8.0,3.0,8.6,A,-9.1
10619,low,1,19.0,5.0,9.5,C,1.8
10620,high,3,22.0,32.0,1.6,A,6.8
10621,low,4,24.0,12.0,6.7,A,-6.9
10622,low,2,4.0,2.0,9.4,A,-6.0
10623,high,1,8.0,21.0,3.5,A,0.5
10624,high,0,15.0,6.0,4.9,A,-100.0
10625,low,1,11.0,7.0,9.9,A,9.0
10626,high,4,7.0,0.0,,D,
10627,high,0,18.0,12.0,6.2,A,-2.0
10628,medium,2,8.0,50.0,9.5,A,15.0
10629,low,1,34.0,47.0,5.7,A,15.0
10630,high,1,4.0,0.0,4.9,A,-100.0
10631,,1,13.0,13.0,9.4,C,15.0
10632,low,1,17.0,14.0,8.7,A,15.0
10633,high,0,15.0,13.0,9.8,C,15.0
10634,high,3,10.0,44.0,8.1,D,15.0
10635,medium,0,9.0,5.0,9.5,A,4.9
10636,low,0,15.0,10.0,1.2,A,-100.0
10637,none,3,23.0,22.0,7.1,A,15.0
10638,low,1,13.0,21.0,1.8,B,-6.3
10639,none,0,9.0,18.0,8.1,A,15.0
10640,high,1,6.0,4.0,8.7,B,-6.4
10641,low,3,6.0,10.0,2.8,A,-100.0
10642,medium,1,12.0,15.0,7.2,A,10.5
10643,high,1,3.0,3.0,1.6,A,-100.0
10644,high,1,12.0,2.0,1.6,A,-100.0
10645,low,2,15.0,1.0,6.9,A,-100.0
10646,,1,17.0,1.0,9.3,B,-8.1
10647,none,2,5.0,6.0,2.5,A,-100.0
10648,none,2,15.0,7.0,6.5,A,-13.2
10649,high,2,1.0,1.0,8.8,A,-14.1
10650,low,1,8.0,27.0,3.0,A,13.4
10651,high,0,5.0,2.0,8.7,D,-8.0
10652,high,2,10.0,7.0,3.6,A,-100.0
10653,medium,2,3.0,4.0,9.9,A,0.7
10654,high,2,8.0,3.0,5.4,B,-100.0
10655,low,1,8.0,9.0,9.8,A,13.0
10656,high,2,16.0,17.0,6.2,A,3.7
10657,high,1,7.0,11.0,1.5,A,-100.0
10658,low,0,15.0,25.0,8.0,A,15.0
10659,low,1,3.0,5.0,4.0,A,-100.0
10660,low,2,13.0,20.0,3.9,A,0.6
10661,high,1,6.0,7.0,9.2,C,2.7
10662,none,2,8.0,22.0,4.3,A,6.9
10663,low,1,13.0,2.0,1.4,A,-100.0
10664,high,1,27.0,10.0,1.5,A,-100.0
10665,none,1,10.0,3.0,9.2,A,-3.7
10666,high,0,27.0,1.0,9.1,A,-10.1
10667,low,0,11.0,4.0,3.1,B,-100.0
10668,medium,2,11.0,9.0,2.8,A,-100.0
10669,high,0,15.0,10.0,8.3,A,5.6
10670,medium,0,2.0,3.0,8.2,A,-5.7
10671,none,1,6.0,1.0,2.0,A,-100.0
10672,,1,15.0,3.0,9.4,C,-3.1
10673,high,1,1.0,15.0,8.8,A,15.0
10674,none,1,9.0,14.0,4.7,A,-5.3
10675,high,1,6.0,5.0,8.3,C,-6.5
10676,high,2,8.0,1.0,3.5,A,-100.0
10677,low,1,1.0,4.0,5.7,A,-19.4
10678,low,2,4.0,0.0,9.6,A,-9.1
10679,low,2,5.0,6.0,8.7,A,-1.6
10680,low,1,11.0,5.0,2.9,A,-100.0
10681,medium,2,6.0,0.0,9.3,A,-11.3
10682,low,1,33.0,0.0,3.4,B,-100.0
10683,high,1,,7.0,6.8,C,
10684,medium,1,12.0,1.0,2.2,B,-100.0
10685,low,0,3.0,1.0,9.7,D,-1.4
10686,high,0,19.0,6.0,9.8,D,5.1
10687,high,2,8.0,14.0,8.7,A,11.9
10688,low,3,11.0,16.0,7.0,A,7.0
10689,low,1,18.0,4.0,3.0,C,-100.0
10690,medium,0,5.0,35.0,4.4,D,15.0
10691,,1,2.0,11.0,2.6,A,-100.0
10692,high,0,14.0,16.0,2.4,C,-14.1
10693,low,2,9.0,19.0,8.4,A,15.0
10694,low,3,6.0,11.0,8.5,C,5.2
10695,medium,0,8.0,8.0,7.6,A,0.9
10696,,1,4.0,24.0,7.7,A,15.0
10697,medium,1,24.0,1.0,6.6,C,-100.0
10698,,2,3.0,13.0,8.5,A,11.6
10699,high,1,25.0,8.0,1.1,A,-100.0
10700,none,0,3.0,33.0,9.4,A,15.0
10701,medium,3,12.0,8.0,9.4,B,2.9
10702,high,0,4.0,5.0,6.7,A,-12.6
10703,high,4,2.0,3.0,2.2,C,-100.0
10704,high,1,6.0,3.0,5.4,A,-100.0
10705,low,1,25.0,4.0,9.2,B,-2.5
10706,high,2,15.0,14.0,9.0,A,12.9
10707,medium,1,5.0,22.0,8.3,A,15.0
10708,none,2,8.0,21.0,6.6,A,15.0
10709,low,1,4.0,14.0,4.9,C,-3.1
10710,low,4,7.0,5.0,3.4,B,-100.0
10711,low,2,8.0,5.0,8.5,C,-5.1
10712,low,1,9.0,1.0,9.7,A,-4.5
10713,medium,3,2.0,1.0,3.6,C,-100.0
10714,high,2,11.0,4.0,8.4,A,-11.0
10715,high,3,13.0,1.0,8.9,A,-17.3
10716,none,2,12.0,17.0,7.3,C,12.5
10717,high,0,15.0,14.0,7.4,A,9.1
10718,medium,2,8.0,3.0,8.1,B,-11.8
10719,medium,3,31.0,18.0,9.1,A,15.0
10720,low,2,16.0,16.0,2.9,D,-13.6
10721,none,2,3.0,4.0,7.7,D,-11.7
10722,none,3,11.0,1.0,7.0,B,-100.0
10723,high,1,25.0,13.0,6.8,A,0.2
10724,medium,3,18.0,2.0,9.8,B,-8.1
10725,low,0,16.0,12.0,4.0,A,-10.9
10726,low,1,19.0,18.0,2.7,A,-8.3
10727,low,3,2.0,4.0,4.6,A,-100.0
10728,high,4,8.0,6.0,8.7,D,-9.9
10729,medium,0,21.0,10.0,9.0,A,11.5
10730,none,5,4.0,3.0,6.7,A,-100.0
10731,low,2,3.0,10.0,3.0,A,-100.0
10732,medium,4,4.0,14.0,8.0,D,6.1
10733,low,2,10.0,8.0,1.4,C,-100.0
10734,low,1,10.0,5.0,8.7,C,-1.7
10735,medium,0,11.0,6.0,3.9,C,-100.0
10736,low,2,1.0,5.0,1.9,A,-100.0
10737,high,1,17.0,9.0,4.2,A,-100.0
10738,low,4,6.0,50.0,2.5,A,15.0
10739,medium,3,9.0,4.0,4.5,C,-100.0
10740,medium,1,6.0,2.0,3.1,C,-100.0
10741,low,1,8.0,13.0,9.3,A,15.0
10742,high,0,4.0,28.0,9.6,A,15.0
10743,high,2,4.0,8.0,8.1,A,-3.6
10744,medium,1,11.0,13.0,2.6,A,-18.9
10745,high,2,22.0,13.0,5.8,A,-7.5
10746,low,0,8.0,3.0,9.1,A,-1.0
10747,high,0,7.0,9.0,8.8,C,7.1
10748,none,2,6.0,26.0,6.3,C,15.0
10749,low,2,5.0,4.0,6.7,A,-16.8
10750,medium,0,9.0,0.0,4.4,A,-100.0
10751,low,3,10.0,8.0,9.1,C,1.8
10752,high,3,32.0,3.0,2.3,D,-100.0
10753,none,2,2.0,1.0,3.6,D,-100.0
10754,high,2,10.0,7.0,6.7,A,-14.0
10755,high,2,2.0,3.0,8.9,B,-9.5
10756,none,4,10.0,27.0,1.6,A,-2.6
10757,low,1,28.0,37.0,9.9,A,15.0
10758,high,2,15.0,37.0,9.8,C,15.0
10759,low,2,3.0,2.0,4.8,A,-100.0
10760,low,2,9.0,20.0,1.3,C,-13.3
10761,low,1,14.0,5.0,9.4,C,1.8
10762,medium,4,21.0,10.0,9.7,A,5.4
10763,low,3,6.0,7.0,1.7,A,-100.0
10764,medium,0,5.0,10.0,9.2,A,14.2
10765,none,0,9.0,7.0,9.4,A,8.4
10766,low,2,13.0,20.0,3.7,A,-0.5
10767,low,3,14.0,2.0,9.7,A,-7.9
10768,high,2,11.0,26.0,9.4,A,15.0
10769,none,4,11.0,7.0,5.9,A,-100.0
10770,medium,0,5.0,19.0,8.4,A,15.0
10771,medium,0,5.0,0.0,7.3,C,-17.2
10772,none,1,13.0,16.0,9.8,A,15.0
10773,low,4,14.0,0.0,7.5,A,-100.0
10774,high,2,5.0,3.0,6.5,A,-100.0
10775,low,0,7.0,14.0,9.6,C,15.0
10776,medium,2,13.0,1.0,8.6,A,-13.8
10777,low,1,4.0,13.0,6.4,A,3.1
10778,high,2,3.0,37.0,1.5,A,15.0
10779,low,0,2.0,1.0,7.4,D,-13.9
10780,low,4,14.0,16.0,5.7,C,-3.0
10781,high,0,5.0,19.0,2.5,A,-6.4
10782,high,1,2.0,23.0,4.7,C,11.9
10783,none,3,10.0,5.0,1.2,A,-100.0
10784,low,3,11.0,6.0,7.5,C,-11.3
10785,low,0,9.0,5.0,3.6,A,-100.0
10786,high,2,13.0,4.0,2.0,C,-100.0
10787,medium,1,11.0,14.0,1.3,A,-100.0
10788,medium,0,7.0,7.0,8.8,A,5.5
10789,none,1,18.0,7.0,9.6,A,6.1
10790,high,2,18.0,8.0,9.4,A,2.2
10791,low,2,3.0,1.0,2.5,A,-100.0
10792,medium,1,19.0,1.0,9.7,A,-5.9
10793,low,1,9.0,5.0,8.7,D,-1.6
10794,low,3,16.0,2.0,4.6,B,-100.0
10795,low,0,24.0,5.0,8.5,A,-1.7
10796,low,2,14.0,2.0,9.9,C,-4.3
10797,medium,4,4.0,3.0,9.1,B,-11.0
10798,medium,0,9.0,14.0,4.2,B,-5.3
10799,medium,3,22.0,1.0,7.9,B,-100.0
10800,high,4,4.0,16.0,1.3,C,-100.0
10801,high,2,5.0,23.0,1.7,A,-7.4
10802,medium,0,,36.0,9.7,C,
10803,low,2,9.0,16.0,3.5,A,-9.6
10804,low,1,10.0,8.0,5.0,D,-15.7
10805,low,0,15.0,5.0,5.3,A,-18.4
10806,low,1,9.0,1.0,2.7,A,-100.0
10807,none,1,13.0,8.0,2.1,D,-100.0
10808,medium,2,4.0,2.0,5.9,A,-100.0
10809,none,2,4.0,10.0,7.8,A,1.4
10810,low,0,18.0,4.0,8.4,A,-3.7
10811,high,2,12.0,12.0,6.7,A,-3.7
10812,none,1,15.0,2.0,1.5,A,-100.0
10813,,1,7.0,4.0,6.8,C,-14.5
10814,high,2,8.0,50.0,1.2,A,15.0
10815,medium,0,4.0,7.0,9.7,A,10.7
10816,high,1,10.0,9.0,7.1,A,-5.1
10817,medium,2,4.0,34.0,8.2,C,15.0
10818,medium,2,4.0,41.0,9.5,C,15.0
10819,medium,1,16.0,20.0,1.5,B,-10.8
10820,none,0,8.0,22.0,5.1,A,15.0
10821,high,0,5.0,3.0,8.3,C,-8.1
10822,low,2,10.0,2.0,5.4,C,-100.0
10823,low,2,18.0,29.0,4.4,A,15.0
10824,none,0,39.0,10.0,2.6,A,-100.0
10825,low,1,20.0,4.0,6.6,A,-16.3
10826,low,2,2.0,2.0,1.7,A,-100.0
10827,high,3,26.0,15.0,8.4,B,8.1
10828,high,0,5.0,1.0,8.3,A,-12.3
10829,high,1,5.0,19.0,7.7,A,15.0
10830,low,1,12.0,50.0,7.2,D,15.0
10831,high,2,12.0,7.0,4.9,A,-100.0
10832,medium,0,3.0,1.0,1.6,C,-100.0
10833,low,3,17.0,39.0,9.3,C,15.0
10834,low,1,5.0,20.0,1.2,A,-10.9
10835,low,0,7.0,3.0,3.9,D,-100.0
10836,high,1,5.0,2.0,1.7,A,-100.0
10837,,1,1.0,5.0,2.1,C,-100.0
10838,low,1,22.0,4.0,6.7,A,-16.0
10839,low,3,6.0,15.0,9.7,A,15.0
10840,low,2,5.0,15.0,9.7,A,15.0
10841,low,4,13.0,13.0,5.9,A,-8.1
10842,low,2,11.0,14.0,7.2,A,6.4
10843,high,4,6.0,3.0,8.4,A,-17.6
10844,none,4,4.0,12.0,1.2,A,-100.0
10845,low,3,16.0,2.0,9.0,D,-11.9
10846,low,0,8.0,20.0,3.1,A,1.7
10847,none,0,11.0,6.0,10.0,B,9.4
10848,high,0,28.0,8.0,3.8,A,-100.0
10849,low,3,2.0,2.0,3.4,A,-100.0
10850,medium,1,10.0,0.0,9.8,A,-6.5
10851,medium,1,9.0,14.0,8.7,A,15.0
10852,medium,0,14.0,18.0,1.6,C,-11.7
10853,none,1,5.0,6.0,4.9,A,-100.0
10854,low,3,13.0,2.0,9.1,A,-11.1
10855,high,1,18.0,12.0,3.8,A,-17.7
10856,high,0,,18.0,8.6,C,
10857,low,1,10.0,6.0,3.1,B,-100.0
10858,medium,2,13.0,15.0,3.9,A,-10.2
10859,high,2,4.0,23.0,8.9,C,15.0
10860,none,1,11.0,21.0,1.7,A,-7.3
10861,medium,3,23.0,14.0,5.0,A,-9.8
10862,,2,3.0,6.0,2.7,A,-100.0
10863,medium,1,5.0,11.0,8.1,C,7.8
10864,medium,1,26.0,16.0,2.2,A,-16.3
10865,medium,1,3.0,2.0,1.9,A,-100.0
10866,low,1,4.0,4.0,3.7,C,-100.0
10867,high,0,13.0,5.0,9.3,C,0.8
10868,high,0,4.0,1.0,6.4,A,-100.0
10869,high,1,11.0,1.0,9.3,A,-9.9
10870,high,0,3.0,29.0,4.2,A,15.0
10871,low,1,4.0,16.0,1.2,C,-19.2
10872,medium,0,12.0,19.0,4.1,A,4.4
10873,none,1,3.0,36.0,8.6,C,15.0
10874,high,2,6.0,9.0,8.8,A,2.2
10875,none,2,3.0,1.0,1.1,A,-100.0
10876,low,2,3.0,13.0,2.4,A,-100.0
10877,low,2,13.0,20.0,2.9,A,-4.9
10878,medium,0,13.0,12.0,3.7,A,-12.7
10879,high,1,10.0,12.0,8.5,B,8.9
10880,high,1,16.0,4.0,5.3,C,-100.0
10881,low,0,8.0,9.0,1.9,A,-100.0
10882,medium,0,15.0,16.0,5.8,A,7.1
10883,none,0,21.0,7.0,9.1,A,5.5
10884,none,2,4.0,12.0,1.1,A,-100.0
10885,high,2,14.0,2.0,1.2,B,-100.0
10886,none,0,2.0,17.0,9.2,A,
10887,none,3,4.0,11.0,9.8,A,12.0
10888,low,1,13.0,3.0,3.5,A,-100.0
10889,high,0,10.0,13.0,3.1,C,-16.2
10890,medium,2,9.0,16.0,8.6,A,15.0
10891,none,4,10.0,46.0,5.3,A,15.0
10892,high,2,8.0,40.0,10.0,A,15.0
10893,medium,1,4.0,30.0,9.5,A,15.0
10894,low,1,24.0,1.0,9.4,A,-7.6
10895,,0,2.0,10.0,6.9,B,1.6
10896,low,3,18.0,7.0,8.7,B,-3.3
10897,low,2,15.0,32.0,1.3,A,11.3
10898,none,0,6.0,4.0,8.5,D,-2.6
10899,low,1,11.0,8.0,1.9,A,-100.0
10900,high,0,12.0,20.0,2.2,A,-6.6
10901,low,1,2.0,9.0,7.6,A,1.5
10902,low,3,8.0,38.0,6.7,A,15.0
10903,high,0,6.0,18.0,4.1,A,0.2
10904,low,1,5.0,5.0,8.5,A,-2.3
10905,low,1,3.0,11.0,8.9,A,12.7
10906,low,1,2.0,1.0,5.5,A,-100.0
10907,high,0,7.0,4.0,8.4,A,-5.6
10908,none,2,5.0,4.0,8.3,C,-8.6
10909,low,1,4.0,16.0,2.9,C,-9.9
10910,low,3,6.0,42.0,1.9,C,15.0
10911,none,1,4.0,14.0,7.6,A,11.2
10912,low,2,6.0,5.0,9.9,A,2.8
10913,low,1,1.0,1.0,8.9,A,-8.1
10914,high,2,3.0,6.0,2.4,A,-100.0
10915,high,2,12.0,5.0,9.1,D,-5.2
10916,low,4,6.0,23.0,6.6,A,15.0
10917,none,1,2.0,33.0,5.8,C,15.0
10918,low,1,6.0,8.0,9.0,C,6.7
10919,none,1,11.0,10.0,4.2,D,-16.6
10920,medium,3,2.0,12.0,1.6,C,-100.0
10921,low,2,30.0,7.0,4.5,A,-100.0
10922,high,2,10.0,39.0,5.1,A,15.0
10923,low,2,22.0,1.0,6.8,A,-100.0
10924,none,2,4.0,4.0,1.5,C,-100.0
10925,medium,1,13.0,19.0,1.5,C,-12.6
10926,low,1,5.0,3.0,7.2,A,-13.6
10927,medium,0,10.0,3.0,3.3,C,-100.0
10928,low,2,10.0,36.0,9.0,A,15.0
10929,high,0,23.0,3.0,6.0,A,-100.0
10930,low,6,13.0,19.0,6.4,C,2.3
10931,high,1,6.0,4.0,9.3,A,-3.1
10932,none,2,5.0,27.0,9.0,A,15.0
10933,low,0,9.0,1.0,8.6,B,-8.0
10934,low,3,2.0,8.0,2.9,A,-100.0
10935,medium,1,6.0,4.0,2.3,A,-100.0
10936,low,2,11.0,16.0,4.1,A,-6.5
10937,low,1,32.0,11.0,9.4,A,12.6
10938,low,1,5.0,7.0,2.2,C,-100.0
10939,high,0,7.0,13.0,8.0,A,11.1
10940,low,0,21.0,7.0,6.5,A,-8.2
10941,medium,1,16.0,9.0,6.2,A,-8.0
10942,high,1,5.0,39.0,7.8,A,15.0
10943,medium,2,6.0,40.0,4.4,A,15.0
10944,low,0,9.0,19.0,4.9,C,9.4
10945,high,4,3.0,0.0,6.2,B,-100.0
10946,low,2,12.0,4.0,5.9,A,-100.0
10947,low,0,7.0,5.0,10.0,C,8.3
10948,high,1,40.0,2.0,8.9,A,-12.9
10949,low,2,6.0,9.0,5.8,A,-11.3
10950,high,2,13.0,18.0,2.1,B,-16.5
10951,low,2,12.0,23.0,6.2,A,15.0
10952,none,2,4.0,6.0,3.9,A,-100.0
10953,low,1,6.0,10.0,1.1,A,-100.0
10954,medium,2,6.0,4.0,9.3,A,-2.9
10955,medium,1,11.0,11.0,5.9,B,-5.0
10956,medium,3,5.0,4.0,3.8,A,-100.0
10957,,1,19.0,50.0,2.4,A,15.0
10958,high,0,15.0,31.0,3.0,A,15.0
10959,none,1,26.0,2.0,4.7,A,-100.0
10960,medium,0,13.0,6.0,5.5,B,-15.4
10961,,3,6.0,12.0,7.0,A,-1.5
10962,low,2,11.0,2.0,8.1,B,-13.9
10963,high,0,6.0,12.0,7.3,C,5.2
10964,medium,1,3.0,4.0,6.4,C,-16.1
10965,medium,1,4.0,3.0,1.1,D,-100.0
10966,high,3,12.0,1.0,8.1,C,-100.0
10967,medium,0,5.0,1.0,9.0,A,-5.8
10968,none,1,5.0,1.0,6.0,B,-100.0
10969,none,3,10.0,5.0,7.5,A,-13.9
10970,medium,3,15.0,28.0,9.1,A,15.0
10971,high,3,7.0,4.0,7.8,C,-16.4
10972,low,0,7.0,4.0,2.6,A,-100.0
10973,medium,1,25.0,0.0,9.4,A,-10.2
10974,high,0,17.0,26.0,5.7,A,15.0
10975,high,0,33.0,4.0,1.5,C,-100.0
10976,high,3,8.0,26.0,3.9,A,8.2
10977,low,1,8.0,31.0,9.8,A,15.0
10978,low,1,9.0,3.0,9.7,A,-0.3
10979,low,1,7.0,3.0,3.6,A,-100.0
10980,low,1,13.0,3.0,9.0,A,-4.5
10981,high,1,10.0,15.0,5.4,B,-1.8
10982,high,1,5.0,5.0,8.1,B,-7.5
10983,medium,2,4.0,7.0,9.1,A,2.4
10984,low,1,20.0,35.0,2.2,D,15.0
10985,high,0,8.0,7.0,9.2,A,5.0
10986,high,0,7.0,3.0,8.9,A,-5.0
10987,high,3,4.0,16.0,9.6,B,15.0
10988,high,0,20.0,2.0,2.2,A,-100.0
10989,medium,1,5.0,21.0,8.7,A,15.0
10990,low,1,17.0,19.0,5.7,C,10.5
10991,medium,2,11.0,18.0,3.7,C,-4.9
10992,none,2,13.0,16.0,5.0,C,-2.3
10993,none,1,11.0,6.0,9.6,A,4.7
10994,medium,4,,6.0,6.1,C,
10995,,2,11.0,23.0,6.7,C,15.0
10996,low,0,6.0,0.0,3.0,C,-100.0
10997,low,1,3.0,3.0,8.5,A,-6.3
10998,high,2,16.0,8.0,8.0,A,-5.3
10999,none,1,17.0,4.0,2.9,A,-100.0
11000,,1,9.0,0.0,2.9,A,-100.0
11001,low,3,0.0,1.0,8.7,A,-14.1
11002,medium,1,5.0,26.0,2.2,A,6.8
11003,low,2,5.0,0.0,3.4,B,-100.0
11004,high,3,5.0,14.0,3.2,A,-100.0
11005,low,0,7.0,0.0,6.9,C,-19.3
11006,low,3,12.0,8.0,9.2,C,2.2
11007,low,0,11.0,4.0,8.7,A,-1.4
11008,medium,2,8.0,33.0,9.6,B,15.0
11009,high,1,6.0,1.0,2.6,A,-100.0
11010,low,1,9.0,11.0,6.5,A,-1.1
11011,medium,1,9.0,15.0,3.2,C,-11.2
11012,medium,1,10.0,0.0,8.7,A,-12.6
11013,low,1,3.0,5.0,9.0,C,0.7
11014,low,2,16.0,9.0,7.3,A,-4.1
11015,high,1,2.0,11.0,8.7,A,8.7
11016,low,2,14.0,29.0,8.9,A,15.0
11017,low,2,16.0,6.0,8.7,A,-2.7
11018,high,0,15.0,19.0,3.9,A,0.3
11019,high,1,16.0,10.0,3.5,C,-100.0
11020,high,1,8.0,20.0,8.5,A,15.0
11021,low,1,16.0,7.0,8.4,A,0.3
11022,low,0,12.0,9.0,8.8,A,9.6
11023,high,1,19.0,0.0,9.4,C,-12.2
11024,low,0,12.0,10.0,1.2,A,-100.0
11025,none,2,10.0,3.0,9.5,B,-4.6
11026,none,0,2.0,15.0,7.7,C,15.0
11027,low,3,22.0,3.0,7.1,B,-100.0
11028,low,2,10.0,9.0,1.3,A,-100.0
11029,high,0,11.0,32.0,9.8,A,15.0
11030,medium,0,5.0,15.0,5.5,A,4.4
11031,high,3,23.0,4.0,9.2,B,-10.3
11032,none,1,11.0,15.0,4.4,A,-5.0
11033,high,2,10.0,6.0,7.5,A,-11.7
11034,low,0,15.0,5.0,4.4,B,-100.0
11035,low,1,15.0,36.0,8.4,A,15.0
11036,low,0,1.0,8.0,4.3,A,-16.2
11037,high,3,6.0,5.0,7.9,A,-13.7
11038,high,2,6.0,10.0,3.8,C,-100.0
11039,low,0,7.0,7.0,4.1,A,-20.0
11040,medium,2,5.0,9.0,8.1,D,1.1
11041,medium,0,2.0,4.0,2.1,A,-100.0
11042,low,2,1.0,11.0,1.3,A,-100.0
11043,low,0,40.0,23.0,4.0,C,9.8
11044,medium,2,18.0,4.0,1.9,B,-100.0
11045,low,0,1.0,7.0,1.9,A,-100.0
11046,none,2,8.0,23.0,1.8,A,-4.7
11047,medium,2,3.0,15.0,6.5,A,5.1
11048,high,2,6.0,7.0,9.4,C,1.3
11049,low,1,2.0,21.0,8.1,C,15.0
11050,medium,1,37.0,17.0,3.7,A,-7.1
11051,medium,2,2.0,15.0,8.9,A,15.0
11052,high,4,11.0,31.0,9.3,A,15.0
11053,medium,0,11.0,21.0,1.7,C,-4.6
11054,high,0,27.0,21.0,9.5,A,15.0
11055,high,0,5.0,10.0,5.2,A,-10.4
11056,low,0,8.0,0.0,9.1,A,-7.3
11057,medium,2,4.0,3.0,9.8,C,-2.1
11058,low,0,5.0,12.0,1.6,A,-100.0
11059,high,2,14.0,1.0,3.9,C,-100.0
11060,medium,1,6.0,11.0,4.1,A,-14.4
11061,high,1,9.0,1.0,2.6,D,-100.0
11062,high,1,5.0,27.0,6.4,A,15.0
11063,low,1,8.0,16.0,9.6,C,15.0
11064,high,1,6.0,12.0,6.1,A,-3.9
11065,none,0,10.0,22.0,6.7,A,15.0
11066,medium,2,3.0,23.0,7.9,A,15.0
11067,high,0,16.0,8.0,4.4,A,-100.0
11068,medium,2,17.0,19.0,9.3,B,15.0
11069,none,1,11.0,11.0,9.1,A,12.4
11070,high,3,22.0,7.0,5.2,A,-100.0
11071,none,2,4.0,8.0,9.0,A,3.8
11072,high,0,20.0,12.0,4.4,A,-12.1
11073,high,2,16.0,2.0,4.7,C,-100.0
11074,medium,1,9.0,11.0,1.5,A,-100.0
11075,medium,0,14.0,7.0,9.1,B,6.4
11076,low,1,6.0,1.0,1.6,A,-100.0
11077,high,4,4.0,8.0,4.6,A,-100.0
11078,high,2,19.0,13.0,1.6,C,-100.0
11079,high,4,7.0,11.0,2.6,C,-100.0
11080,medium,1,7.0,2.0,1.1,A,-100.0
11081,low,1,4.0,3.0,2.9,C,-100.0
11082,medium,2,7.0,5.0,9.3,A,-1.0
11083,medium,0,19.0,14.0,8.2,A,15.0
11084,none,3,5.0,4.0,2.9,B,-100.0
11085,low,1,13.0,5.0,7.9,A,-6.4
11086,medium,1,22.0,18.0,7.2,A,15.0
11087,medium,2,10.0,5.0,1.9,B,-100.0
11088,medium,1,7.0,1.0,8.9,A,-9.0
11089,low,3,9.0,26.0,9.4,A,15.0
11090,medium,1,19.0,4.0,2.4,A,-100.0
11091,medium,1,5.0,3.0,1.8,A,-100.0
11092,none,0,7.0,3.0,9.6,A,1.3
11093,low,1,7.0,0.0,1.4,C,-100.0
11094,high,0,8.0,10.0,4.5,D,-14.6
11095,high,2,6.0,6.0,4.3,B,-100.0
11096,high,1,2.0,6.0,3.5,A,-100.0
11097,high,2,7.0,30.0,5.0,A,15.0
11098,high,0,12.0,17.0,9.3,B,15.0
11099,high,0,8.0,2.0,8.8,A,-7.7
11100,high,3,4.0,31.0,8.6,A,15.0
11101,medium,2,9.0,21.0,2.7,A,-3.8
11102,low,3,5.0,2.0,3.2,A,-100.0
11103,medium,2,11.0,17.0,7.7,A,15.0
11104,medium,2,7.0,3.0,3.0,A,-100.0
11105,medium,4,7.0,8.0,10.0,C,4.2
11106,medium,1,,10.0,2.5,C,
11107,low,2,2.0,3.0,5.3,C,-100.0
11108,medium,2,9.0,1.0,9.5,A,-8.5
11109,medium,1,1.0,8.0,3.0,A,-100.0
11110,low,0,5.0,26.0,9.5,A,15.0
11111,high,0,38.0,38.0,6.4,A,15.0
11112,none,3,11.0,1.0,1.1,A,-100.0
11113,high,0,7.0,3.0,2.0,C,-100.0
11114,low,2,,4.0,8.8,C,
11115,none,3,5.0,19.0,4.2,C,-2.1
11116,medium,1,13.0,17.0,1.4,A,-17.3
11117,none,0,2.0,8.0,9.4,A,11.2
11118,low,2,12.0,6.0,8.6,A,-2.8
11119,high,4,7.0,3.0,9.4,D,-12.2
11120,medium,2,5.0,4.0,9.9,A,0.5
11121,high,5,6.0,7.0,2.0,C,-100.0
11122,low,1,13.0,8.0,9.1,A,6.5
11123,medium,0,3.0,19.0,1.3,A,-10.1
11124,medium,1,18.0,3.0,2.5,D,-100.0
11125,medium,2,30.0,27.0,6.9,A,15.0
11126,low,2,2.0,14.0,9.5,A,15.0
11127,medium,1,24.0,24.0,8.4,A,15.0
11128,high,1,3.0,14.0,9.6,C,15.0
11129,low,0,13.0,5.0,8.1,A,-2.8
11130,none,2,2.0,50.0,3.2,D,15.0
11131,high,3,7.0,6.0,4.0,A,-100.0
11132,medium,0,7.0,3.0,5.7,A,-20.0
11133,high,2,10.0,3.0,8.6,A,-11.9
11134,low,2,17.0,5.0,2.6,C,-100.0
11135,high,3,11.0,5.0,8.5,A,-10.9
11136,high,2,8.0,4.0,2.1,B,-100.0
11137,low,3,10.0,2.0,3.6,A,-100.0
11138,low,3,18.0,4.0,9.3,C,-6.3
11139,medium,3,5.0,7.0,4.8,A,-100.0
11140,low,0,7.0,16.0,1.6,C,-14.8
11141,high,4,6.0,21.0,8.2,A,15.0
11142,low,2,15.0,4.0,8.0,C,-10.6
11143,medium,1,15.0,9.0,2.7,A,-100.0
11144,high,1,6.0,47.0,3.1,A,15.0
11145,high,2,5.0,19.0,5.7,C,6.2
11146,,0,18.0,47.0,9.3,C,15.0
11147,low,2,13.0,8.0,6.5,A,-10.3
11148,none,0,6.0,19.0,6.4,A,15.0
11149,high,2,19.0,15.0,5.9,A,-2.5
11150,high,3,7.0,0.0,4.8,A,-100.0
11151,medium,1,15.0,5.0,7.1,A,-11.3
11152,low,0,6.0,4.0,2.3,A,-100.0
11153,medium,2,6.0,6.0,8.1,D,-5.4
11154,none,2,3.0,1.0,9.4,B,-8.6
11155,low,0,9.0,20.0,8.6,A,15.0
11156,medium,0,3.0,6.0,2.8,A,-100.0
11157,,1,6.0,10.0,9.7,A,14.1
11158,low,3,10.0,14.0,5.8,B,-3.7
11159,none,0,14.0,7.0,2.2,A,-100.0
11160,low,4,10.0,2.0,1.3,A,-100.0
11161,medium,2,16.0,10.0,9.7,C,10.8
11162,none,2,19.0,24.0,1.1,D,-7.6
11163,medium,1,10.0,23.0,9.4,A,15.0
11164,medium,1,9.0,50.0,8.7,C,15.0
11165,low,1,6.0,11.0,9.0,A,13.0
11166,high,1,3.0,5.0,6.0,A,-18.8
11167,medium,1,3.0,4.0,1.2,A,-100.0
11168,none,2,12.0,17.0,2.7,A,-12.8
11169,high,1,9.0,23.0,6.5,A,15.0
11170,low,0,6.0,13.0,6.5,C,5.9
11171,none,0,29.0,22.0,5.6,C,15.0
11172,low,0,7.0,10.0,1.9,A,-100.0
11173,high,5,3.0,1.0,4.5,A,-100.0
11174,high,1,13.0,1.0,8.2,A,-16.1
11175,medium,3,26.0,36.0,6.0,A,15.0
11176,medium,1,13.0,3.0,7.2,C,-14.8
11177,high,2,4.0,9.0,3.1,A,-100.0
11178,low,1,5.0,13.0,6.3,A,2.4
11179,high,2,35.0,12.0,9.1,C,7.2
11180,low,1,3.0,4.0,4.2,A,-100.0
11181,high,0,24.0,3.0,1.4,A,-100.0
11182,high,2,7.0,8.0,8.0,C,-4.4
11183,low,1,8.0,11.0,2.1,C,-100.0
11184,low,2,9.0,13.0,9.7,C,15.0
11185,low,2,19.0,6.0,4.8,C,-100.0
11186,low,0,3.0,17.0,6.5,A,14.6
11187,medium,0,2.0,40.0,5.1,D,15.0
11188,none,3,6.0,42.0,9.9,A,15.0
11189,none,1,8.0,29.0,9.3,C,15.0
11190,high,3,15.0,4.0,8.4,B,-13.9
11191,medium,2,4.0,9.0,1.3,A,-100.0
11192,medium,2,12.0,1.0,4.9,C,-100.0
11193,high,2,10.0,4.0,2.1,A,-100.0
11194,high,1,15.0,2.0,9.8,C,-5.4
11195,high,2,3.0,16.0,7.1,A,7.8
11196,medium,3,4.0,9.0,3.4,A,-100.0
11197,high,2,4.0,13.0,8.5,A,9.1
11198,low,2,9.0,22.0,5.1,C,11.8
11199,low,1,5.0,3.0,5.2,A,-100.0
11200,none,1,2.0,10.0,7.4,B,1.9
11201,high,3,9.0,4.0,2.3,C,-100.0
11202,high,1,6.0,37.0,5.8,A,15.0
11203,medium,3,9.0,9.0,6.8,A,-9.0
11204,high,2,,5.0,8.4,C,
11205,high,3,5.0,11.0,9.9,B,10.0
11206,low,1,5.0,23.0,8.7,A,15.0
11207,low,1,13.0,3.0,8.9,A,-5.1
11208,high,3,4.0,22.0,1.9,B,-10.8
11209,,2,10.0,5.0,9.8,A,1.3
11210,medium,4,3.0,19.0,10.0,A,15.0
11211,medium,2,9.0,1.0,9.6,A,-7.9
11212,medium,0,5.0,35.0,3.8,C,15.0
11213,medium,2,7.0,1.0,9.3,B,-9.3
11214,high,2,15.0,8.0,9.6,B,3.6
11215,low,2,21.0,9.0,8.3,A,0.9
11216,low,2,10.0,35.0,8.3,A,15.0
11217,low,3,14.0,8.0,9.9,A,5.8
11218,high,0,8.0,14.0,9.8,D,15.0
11219,low,4,8.0,27.0,8.5,A,15.0
11220,medium,4,25.0,7.0,9.5,A,-2.4
11221,high,2,5.0,20.0,9.0,A,15.0
11222,low,1,4.0,13.0,9.4,A,15.0
11223,medium,0,3.0,7.0,8.7,A,5.3
11224,high,0,19.0,5.0,8.1,C,-6.4
11225,medium,1,8.0,7.0,7.5,A,-4.3
11226,,1,8.0,9.0,8.9,A,7.4
11227,low,0,6.0,20.0,4.5,A,9.6
11228,low,0,14.0,11.0,8.9,A,14.1
11229,medium,1,20.0,0.0,9.6,A,-8.6
11230,high,1,11.0,46.0,9.4,B,15.0
11231,medium,0,9.0,0.0,9.9,A,-3.4
11232,high,5,11.0,5.0,,D,
11233,none,2,23.0,6.0,8.3,A,-6.2
11234,high,0,9.0,12.0,1.1,A,-100.0
11235,low,3,1.0,50.0,1.2,A,15.0
11236,low,0,13.0,1.0,1.3,A,-100.0
11237,low,2,12.0,12.0,4.8,A,-11.1
11238,high,1,5.0,15.0,7.1,C,8.0
11239,low,1,11.0,2.0,8.8,C,-7.5
11240,medium,0,7.0,0.0,3.0,A,-100.0
11241,high,1,21.0,0.0,9.6,A,-11.3
11242,none,3,28.0,1.0,9.5,A,-13.1
11243,medium,2,2.0,1.0,3.2,A,-100.0
11244,low,2,5.0,4.0,8.9,C,-4.7
11245,high,2,12.0,10.0,7.8,A,-1.8
11246,high,0,6.0,13.0,4.7,A,-7.0
11247,low,2,0.0,0.0,3.3,C,-100.0
11248,medium,1,19.0,23.0,8.9,A,15.0
11249,high,0,9.0,0.0,9.0,A,-10.9
11250,low,2,4.0,9.0,8.5,C,3.7
11251,medium,4,5.0,29.0,8.8,C,15.0
11252,medium,0,10.0,11.0,4.7,A,-8.9
11253,none,4,10.0,6.0,2.7,A,-100.0
11254,high,1,7.0,16.0,2.0,D,-18.1
11255,none,2,4.0,19.0,8.9,C,15.0
11256,none,0,6.0,2.0,8.7,A,-5.7
11257,high,3,5.0,21.0,3.4,C,-4.7
11258,high,2,3.0,24.0,2.1,B,-2.9
11259,high,4,9.0,13.0,1.3,A,-100.0
11260,high,1,1.0,6.0,5.3,A,-100.0
11261,high,2,8.0,7.0,9.2,A,-0.0
11262,low,1,3.0,1.0,2.9,A,-100.0
11263,low,0,6.0,4.0,7.3,A,-8.6
11264,medium,1,7.0,3.0,7.2,A,-14.2
11265,high,1,8.0,7.0,9.5,A,4.1
11266,medium,3,10.0,5.0,3.0,A,-100.0
11267,none,0,6.0,7.0,8.9,A,5.9
11268,low,1,4.0,14.0,1.3,A,-100.0
11269,none,1,15.0,5.0,6.4,A,-15.4
11270,high,1,12.0,9.0,7.8,A,-1.4
11271,medium,0,7.0,0.0,4.3,A,-100.0
11272,high,0,5.0,10.0,5.7,A,-7.7
11273,medium,1,35.0,9.0,4.6,B,-18.7
11274,low,2,18.0,7.0,1.7,B,-100.0
11275,medium,0,11.0,4.0,6.0,A,-16.6
11276,medium,2,4.0,6.0,9.0,A,-0.2
11277,none,2,7.0,1.0,8.3,A,-15.1
11278,none,2,8.0,13.0,8.0,A,8.4
11279,medium,0,6.0,7.0,6.1,A,-9.2
11280,low,0,3.0,12.0,3.6,B,-11.8
11281,medium,2,6.0,5.0,1.6,B,-100.0
11282,high,1,12.0,36.0,8.1,A,15.0
11283,none,0,4.0,8.0,7.6,A,1.1
11284,low,0,6.0,9.0,7.6,C,3.6
11285,none,1,14.0,23.0,8.3,A,15.0
11286,none,3,9.0,14.0,3.6,A,-16.3
11287,high,0,15.0,12.0,3.2,A,-18.2
11288,low,3,7.0,1.0,8.5,A,-15.9
11289,high,1,22.0,2.0,8.5,A,-13.3
11290,high,0,15.0,14.0,4.9,A,-4.7
11291,none,1,2.0,37.0,8.2,A,15.0
11292,low,0,19.0,2.0,9.5,A,-2.0
11293,low,3,15.0,24.0,9.7,B,15.0
11294,high,2,24.0,11.0,4.6,C,-18.5
11295,low,1,3.0,50.0,2.8,C,15.0
11296,high,2,,49.0,3.7,C,
11297,medium,2,16.0,8.0,8.8,D,1.7
11298,low,3,13.0,3.0,4.3,B,-100.0
11299,high,1,10.0,15.0,4.0,A,-9.5
11300,high,1,16.0,17.0,9.0,A,15.0
11301,low,2,10.0,18.0,8.6,C,15.0
11302,medium,0,5.0,1.0,9.6,A,-2.5
11303,medium,0,3.0,35.0,1.9,C,15.0
11304,none,0,8.0,4.0,7.6,B,-7.7
11305,medium,1,9.0,9.0,8.3,A,4.3
11306,low,2,19.0,2.0,3.9,A,-100.0
11307,high,1,24.0,7.0,3.7,A,-100.0
11308,high,1,14.0,3.0,8.3,A,-11.5
11309,medium,2,11.0,26.0,7.1,A,15.0
11310,high,2,11.0,4.0,8.5,C,-10.5
11311,medium,0,21.0,30.0,4.7,A,15.0
11312,low,1,19.0,0.0,9.4,C,-9.2
11313,high,0,11.0,16.0,2.0,A,-16.0
11314,high,0,10.0,1.0,2.1,A,-100.0
11315,medium,3,10.0,16.0,1.1,A,-100.0
11316,medium,1,7.0,13.0,8.2,A,12.3
11317,high,2,6.0,12.0,4.2,C,-16.8
11318,none,2,6.0,2.0,8.1,B,-14.0
11319,medium,1,5.0,24.0,8.3,D,15.0
11320,low,1,11.0,6.0,8.3,D,-1.9
11321,medium,2,11.0,37.0,6.0,A,15.0
11322,low,0,1.0,46.0,1.1,A,15.0
11323,low,4,9.0,20.0,3.3,A,-7.3
11324,high,2,8.0,14.0,8.3,A,9.7
11325,none,3,5.0,4.0,1.1,A,-100.0
11326,low,0,7.0,7.0,5.6,A,-11.7
11327,low,1,5.0,0.0,8.9,A,-10.6
11328,high,0,26.0,3.0,3.3,C,-100.0
11329,high,1,7.0,10.0,2.1,C,-100.0
11330,high,1,9.0,0.0,3.4,A,-100.0
11331,low,0,18.0,11.0,8.4,B,11.0
11332,medium,1,3.0,12.0,7.6,D,7.3
11333,low,0,5.0,6.0,9.6,A,8.4
11334,medium,0,4.0,16.0,5.2,A,4.9
11335,none,0,13.0,29.0,1.4,A,10.2
11336,medium,0,,1.0,1.1,C,
11337,medium,1,6.0,35.0,5.3,A,15.0
11338,low,4,3.0,50.0,3.7,A,15.0
11339,medium,1,7.0,11.0,9.4,A,14.7
11340,medium,2,8.0,5.0,5.7,C,-100.0
11341,none,2,9.0,21.0,7.4,A,15.0
11342,medium,1,14.0,1.0,9.1,B,-8.6
11343,medium,2,8.0,11.0,3.6,A,-19.8
11344,none,4,12.0,4.0,2.1,C,-100.0
11345,low,2,9.0,0.0,5.7,A,-100.0
11346,high,2,17.0,2.0,1.6,A,-100.0
11347,low,2,18.0,15.0,2.2,C,-19.7
11348,medium,1,5.0,5.0,6.2,B,-15.3
11349,medium,2,17.0,17.0,9.1,A,15.0
11350,low,1,6.0,11.0,1.4,A,-100.0
11351,low,1,7.0,13.0,2.5,A,-18.7
11352,none,0,2.0,16.0,6.1,A,9.8
11353,low,1,,40.0,1.6,C,
11354,none,1,13.0,13.0,2.6,B,-19.3
11355,high,1,4.0,21.0,3.2,D,-0.7
11356,medium,1,4.0,3.0,9.4,C,-1.8
11357,medium,0,0.0,2.0,9.1,A,-2.6
11358,medium,1,2.0,15.0,2.1,C,-16.6
11359,low,0,13.0,2.0,2.0,A,-100.0
11360,high,0,9.0,6.0,4.2,B,-100.0
11361,high,1,10.0,5.0,8.7,C,-4.7
11362,low,2,14.0,8.0,8.4,A,0.1
11363,high,3,12.0,31.0,4.7,A,15.0
11364,low,1,29.0,5.0,8.5,A,-4.7
11365,high,0,5.0,2.0,9.7,A,-2.5
11366,high,3,8.0,27.0,8.3,A,15.0
11367,medium,1,2.0,13.0,2.7,B,-17.5
11368,high,0,23.0,34.0,5.7,C,15.0
11369,low,4,18.0,25.0,5.0,B,11.7
11370,high,1,11.0,50.0,3.3,A,15.0
11371,low,1,10.0,20.0,9.4,A,15.0
11372,none,1,6.0,1.0,2.2,A,-100.0
11373,medium,2,2.0,3.0,4.5,C,-100.0
11374,medium,0,9.0,2.0,7.4,A,-12.9
11375,low,2,3.0,11.0,6.4,A,-3.5
11376,high,2,9.0,12.0,5.0,A,-12.7
11377,low,1,13.0,12.0,3.5,A,-15.9
11378,low,0,26.0,1.0,6.3,A,-100.0
11379,none,0,8.0,17.0,3.4,A,-3.5
11380,high,1,5.0,11.0,9.3,A,11.7
11381,none,1,18.0,50.0,6.1,A,15.0
11382,low,0,40.0,2.0,7.4,C,-15.6
11383,low,1,13.0,20.0,9.6,A,15.0
11384,none,1,18.0,8.0,9.7,C,8.7
11385,low,0,10.0,5.0,6.9,A,-9.1
11386,medium,1,16.0,15.0,6.9,A,8.5
11387,medium,2,15.0,13.0,3.5,C,-16.8
11388,medium,1,6.0,10.0,8.2,A,6.1
11389,medium,0,6.0,2.0,8.3,B,-7.6
11390,low,4,22.0,2.0,5.1,A,-100.0
11391,high,2,2.0,18.0,2.7,B,-12.1
11392,low,2,18.0,2.0,7.2,A,-19.5
11393,low,0,5.0,2.0,6.4,C,-17.6
11394,low,1,5.0,8.0,2.1,A,-100.0
11395,low,1,,41.0,2.3,C,
11396,low,3,5.0,13.0,7.2,A,2.4
11397,low,4,1.0,4.0,8.5,A,-11.5
11398,medium,3,14.0,27.0,6.6,C,15.0
11399,high,0,17.0,10.0,6.7,A,-3.4
11400,medium,2,13.0,0.0,9.2,A,-12.6
11401,medium,0,1.0,2.0,9.2,A,-2.2
11402,low,3,38.0,12.0,9.0,A,6.9
11403,low,0,12.0,20.0,5.0,A,11.8
11404,medium,2,11.0,8.0,7.7,C,-3.9
11405,medium,0,15.0,34.0,1.4,A,15.0
11406,none,3,29.0,7.0,9.3,A,-1.7
11407,low,2,12.0,30.0,9.0,A,15.0
11408,medium,2,28.0,7.0,8.5,A,-3.2
11409,none,2,13.0,27.0,9.3,A,15.0
11410,medium,4,5.0,7.0,8.7,A,-4.8
11411,medium,1,6.0,1.0,8.1,A,-13.4
11412,low,0,5.0,0.0,2.4,A,-100.0
11413,high,3,8.0,18.0,9.5,B,15.0
11414,medium,0,10.0,2.0,1.4,C,-100.0
11415,high,3,13.0,16.0,8.3,A,10.9
11416,,1,10.0,3.0,9.3,A,-3.2
11417,medium,1,7.0,21.0,2.7,A,-1.2
11418,medium,3,7.0,7.0,8.8,A,-2.0
11419,medium,4,19.0,19.0,8.8,A,15.0
11420,medium,2,18.0,1.0,2.6,A,-100.0
11421,high,3,15.0,13.0,6.3,A,-6.6
11422,low,1,10.0,3.0,9.8,C,0.2
11423,medium,0,3.0,0.0,5.3,D,-100.0
11424,medium,1,11.0,6.0,8.5,A,-1.2
11425,low,4,4.0,1.0,1.0,A,-100.0
11426,low,1,2.0,11.0,9.5,A,15.0
11427,medium,1,14.0,11.0,5.3,A,-8.6
11428,medium,1,5.0,2.0,9.2,B,-5.1
11429,none,0,10.0,2.0,9.4,B,-2.2
11430,medium,3,4.0,21.0,3.6,A,-0.9
11431,none,2,4.0,3.0,6.7,A,-19.4
11432,low,0,9.0,23.0,7.2,B,15.0
11433,none,1,6.0,8.0,8.2,A,1.7
11434,high,1,6.0,16.0,8.9,C,15.0
11435,none,3,8.0,28.0,8.6,A,15.0
11436,none,2,7.0,1.0,2.3,A,-100.0
11437,high,4,7.0,7.0,4.7,A,-100.0
11438,none,2,7.0,6.0,8.1,B,-5.7
11439,high,3,15.0,6.0,8.7,A,-8.1
11440,low,0,8.0,50.0,2.0,A,15.0
11441,high,3,19.0,3.0,1.7,C,-100.0
11442,medium,0,9.0,4.0,9.8,A,4.5
11443,high,4,9.0,2.0,3.1,A,-100.0
11444,high,4,6.0,19.0,7.7,A,12.1
11445,none,1,8.0,24.0,8.9,C,15.0
11446,low,2,2.0,2.0,2.5,C,-100.0
11447,low,1,13.0,0.0,8.6,A,-13.0
11448,none,1,7.0,3.0,1.4,A,-100.0
11449,medium,0,2.0,11.0,3.0,C,-17.5
11450,low,3,29.0,5.0,7.7,A,-14.1
11451,high,2,2.0,7.0,9.8,A,3.9
11452,none,1,9.0,0.0,9.0,C,-11.0
11453,low,2,11.0,4.0,8.6,A,-6.9
11454,none,3,6.0,10.0,6.8,B,-6.8
11455,medium,1,2.0,3.0,2.7,D,-100.0
11456,high,2,12.0,9.0,9.2,A,3.8
11457,none,2,22.0,7.0,8.2,A,-4.5
11458,medium,2,21.0,39.0,8.7,A,15.0
11459,medium,2,5.0,1.0,2.7,C,-100.0
11460,low,1,10.0,4.0,9.2,A,-1.0
11461,high,1,16.0,1.0,5.8,C,-100.0
11462,low,2,6.0,21.0,3.5,A,1.2
11463,,1,16.0,9.0,4.3,A,-18.7
11464,low,1,10.0,50.0,1.4,A,15.0
11465,high,3,29.0,2.0,7.8,A,-100.0
11466,low,3,34.0,3.0,2.1,A,-100.0
11467,low,2,22.0,28.0,,D,
11468,none,0,4.0,3.0,6.0,A,-18.2
11469,high,1,12.0,11.0,7.4,A,0.6
11470,medium,4,6.0,5.0,9.4,C,-5.3
11471,low,2,9.0,5.0,7.0,A,-13.4
11472,low,1,7.0,32.0,5.7,A,15.0
11473,high,1,10.0,27.0,4.5,A,15.0
11474,medium,0,10.0,2.0,8.3,A,-8.1
11475,low,3,5.0,8.0,9.0,A,1.8
11476,medium,0,13.0,1.0,8.5,A,-9.3
11477,low,3,7.0,16.0,6.8,A,6.3
11478,medium,3,5.0,20.0,1.8,A,-13.0
11479,low,2,4.0,1.0,9.2,C,-9.2
11480,low,3,19.0,3.0,2.9,A,-100.0
11481,low,1,12.0,3.0,8.9,A,-5.0
11482,low,1,6.0,12.0,8.8,B,14.0
11483,low,1,8.0,4.0,8.1,A,-6.9
11484,low,2,25.0,37.0,5.3,B,15.0
11485,low,5,8.0,31.0,3.8,B,15.0
11486,none,3,1.0,8.0,1.9,A,-100.0
11487,none,5,3.0,8.0,4.2,A,-100.0
11488,medium,1,17.0,12.0,9.5,A,15.0
11489,low,2,14.0,8.0,3.4,A,-100.0
11490,low,0,26.0,25.0,9.7,C,15.0
11491,low,0,9.0,20.0,7.6,A,15.0
11492,medium,0,10.0,1.0,5.6,C,-100.0
11493,high,1,3.0,38.0,9.8,A,15.0
11494,none,2,1.0,21.0,9.0,A,15.0
11495,none,2,12.0,34.0,9.2,B,15.0
11496,high,2,8.0,30.0,8.2,B,15.0
11497,medium,1,6.0,1.0,8.2,A,-12.8
11498,low,1,11.0,4.0,7.6,A,-9.9
11499,low,3,3.0,20.0,5.3,A,6.8
11500,,0,7.0,8.0,1.7,A,-100.0
11501,low,1,18.0,10.0,8.9,C,9.1
11502,low,0,31.0,9.0,7.4,C,-0.0
11503,high,0,12.0,6.0,8.3,C,-2.5
11504,low,1,14.0,26.0,3.4,A,12.9
11505,none,0,15.0,4.0,5.1,A,-100.0
11506,low,0,4.0,4.0,2.8,A,-100.0
11507,low,1,8.0,12.0,8.9,A,14.3
11508,medium,0,4.0,5.0,8.9,B,2.2
11509,low,1,11.0,13.0,4.4,A,-8.6
11510,none,3,4.0,9.0,1.4,A,-100.0
11511,high,2,20.0,3.0,7.1,A,-100.0
11512,low,0,4.0,17.0,7.3,D,15.0
11513,medium,0,5.0,9.0,9.5,A,13.7
11514,high,4,20.0,20.0,9.0,A,15.0
11515,low,1,4.0,2.0,4.2,D,-100.0
11516,low,3,13.0,6.0,8.6,A,-5.4
11517,medium,0,7.0,5.0,8.4,A,-0.9
11518,high,3,0.0,4.0,8.5,D,-11.9
11519,low,2,4.0,0.0,2.7,C,-100.0
11520,none,0,11.0,37.0,6.6,C,15.0
11521,medium,1,6.0,24.0,9.0,A,15.0
11522,medium,2,1.0,5.0,8.8,A,-3.1
11523,medium,2,4.0,12.0,5.7,C,-5.7
11524,none,0,4.0,17.0,1.1,A,-15.8
11525,medium,2,9.0,14.0,8.3,C,12.3
11526,low,4,10.0,10.0,9.4,A,5.2
11527,low,3,9.0,7.0,1.1,A,-100.0
11528,high,0,30.0,2.0,3.8,A,-100.0
11529,medium,3,13.0,6.0,8.8,C,-4.7
11530,high,1,8.0,7.0,6.3,A,-13.5
11531,medium,1,9.0,8.0,8.9,A,5.5
11532,medium,1,28.0,8.0,9.2,A,5.2
11533,medium,2,3.0,3.0,9.3,C,-4.7
11534,high,2,1.0,22.0,4.7,A,7.4
11535,high,0,4.0,20.0,2.1,A,-6.4
11536,high,1,6.0,18.0,8.1,A,15.0
11537,medium,0,14.0,17.0,5.5,A,7.7
11538,medium,0,13.0,9.0,4.1,B,-16.8
11539,high,1,20.0,8.0,8.1,A,-2.7
11540,low,1,8.0,1.0,4.4,C,-100.0
11541,medium,1,4.0,16.0,5.8,A,5.7
11542,low,0,12.0,26.0,9.6,B,15.0
11543,medium,2,3.0,10.0,9.7,C,12.2
11544,none,0,18.0,1.0,2.2,A,-100.0
11545,low,3,8.0,13.0,3.8,C,-16.6
11546,low,0,5.0,9.0,8.5,A,8.6
11547,medium,0,8.0,4.0,6.9,C,-11.4
11548,none,2,16.0,25.0,7.3,C,15.0
11549,low,1,7.0,6.0,1.3,A,-100.0
11550,low,2,2.0,16.0,6.5,B,7.6
11551,low,3,2.0,3.0,3.6,A,-100.0
11552,high,1,9.0,31.0,7.3,B,15.0
11553,medium,5,5.0,19.0,4.3,A,-6.3
11554,none,3,15.0,10.0,6.5,A,-9.4
11555,medium,0,4.0,7.0,7.8,A,0.3
11556,low,2,14.0,4.0,8.8,A,-6.1
11557,low,0,7.0,4.0,9.1,B,1.2
11558,low,2,3.0,1.0,4.8,A,-100.0
11559,medium,1,21.0,24.0,9.6,A,15.0
11560,high,0,13.0,3.0,9.0,A,
11561,low,1,25.0,2.0,4.4,A,-100.0
11562,high,0,10.0,4.0,3.9,A,-100.0
11563,high,0,2.0,14.0,7.8,A,12.6
11564,medium,1,8.0,1.0,1.2,B,-100.0
11565,high,1,6.0,21.0,8.2,A,15.0
11566,high,3,6.0,14.0,1.5,A,-100.0
11567,low,0,7.0,1.0,9.9,C,-0.7
11568,low,4,14.0,11.0,7.2,A,-5.2
11569,,0,3.0,22.0,9.2,A,15.0
11570,none,0,3.0,8.0,3.0,A,-100.0
11571,none,2,9.0,1.0,6.6,D,-100.0
11572,high,3,5.0,9.0,3.9,B,-100.0
11573,medium,2,16.0,7.0,1.7,B,-100.0
11574,low,1,31.0,47.0,8.4,A,15.0
11575,high,0,13.0,3.0,9.4,B,-2.8
11576,medium,0,5.0,11.0,9.3,C,15.0
11577,none,4,1.0,10.0,9.0,A,3.3
11578,none,1,17.0,0.0,6.0,A,-100.0
11579,medium,2,4.0,33.0,3.4,A,15.0
11580,medium,0,31.0,0.0,8.3,C,-14.3
11581,low,1,4.0,14.0,8.6,A,15.0
11582,high,5,15.0,6.0,9.8,A,-7.0
11583,none,0,6.0,6.0,8.3,A,0.5
11584,medium,3,3.0,8.0,3.5,A,-100.0
11585,medium,2,12.0,12.0,5.6,D,-7.1
11586,low,3,6.0,22.0,9.4,A,15.0
11587,high,2,4.0,22.0,4.2,A,4.4
11588,none,0,6.0,10.0,6.2,C,-2.6
11589,medium,0,6.0,5.0,8.8,A,1.4
11590,low,1,9.0,3.0,1.8,A,-100.0
11591,none,4,5.0,50.0,,D,
11592,,3,3.0,1.0,9.4,A,-11.1
11593,medium,3,20.0,3.0,1.9,A,-100.0
11594,high,4,17.0,3.0,8.0,B,-100.0
11595,high,4,24.0,8.0,5.8,A,-100.0
11596,low,3,25.0,3.0,8.8,A,-11.8
11597,medium,3,3.0,23.0,2.9,A,-0.5
11598,medium,1,5.0,10.0,2.9,A,-100.0
11599,medium,2,8.0,4.0,6.0,A,-100.0
11600,low,0,7.0,4.0,7.9,A,-5.4
11601,,1,4.0,2.0,8.7,A,-8.0
11602,high,1,18.0,25.0,4.3,B,12.3
11603,medium,1,11.0,3.0,9.8,A,-0.3
11604,low,3,5.0,21.0,8.9,A,15.0
11605,low,1,24.0,3.0,6.0,A,-100.0
11606,low,1,4.0,2.0,8.1,A,-10.7
11607,high,2,5.0,3.0,2.5,A,-100.0
11608,high,1,1.0,37.0,9.6,A,15.0
11609,high,0,7.0,6.0,9.4,A,4.1
11610,high,2,6.0,4.0,8.7,C,-8.9
11611,medium,1,18.0,5.0,9.8,A,3.2
11612,low,1,9.0,50.0,8.7,B,15.0
11613,high,1,6.0,36.0,5.6,A,15.0
11614,low,1,20.0,1.0,3.1,A,-100.0
11615,medium,1,29.0,17.0,9.0,A,15.0
11616,medium,1,14.0,4.0,2.0,A,-100.0
11617,low,1,3.0,1.0,2.8,A,-100.0
11618,medium,0,16.0,11.0,1.1,B,-100.0
11619,medium,1,23.0,8.0,8.2,A,0.2
11620,high,1,7.0,38.0,5.1,A,15.0
11621,none,4,5.0,3.0,2.3,A,-100.0
11622,low,2,16.0,2.0,3.4,A,-100.0
11623,high,1,16.0,0.0,7.9,A,-100.0
11624,high,0,8.0,4.0,8.7,C,-4.1
11625,high,2,25.0,1.0,3.7,D,-100.0
11626,high,2,7.0,18.0,7.1,A,11.6
11627,none,0,10.0,13.0,1.5,A,-100.0
11628,medium,0,3.0,43.0,6.7,A,15.0
11629,high,2,26.0,35.0,6.9,A,15.0
11630,medium,0,1.0,11.0,7.9,A,9.5
11631,none,1,9.0,6.0,8.4,A,-1.7
11632,low,2,11.0,20.0,9.9,A,15.0
11633,medium,2,18.0,6.0,9.9,A,3.3
11634,low,1,6.0,0.0,1.8,A,-100.0
11635,low,1,13.0,12.0,9.6,A,15.0
11636,medium,1,7.0,14.0,8.8,A,15.0
11637,low,1,1.0,3.0,9.9,B,1.6
11638,low,3,19.0,4.0,9.9,A,-3.1
11639,low,1,10.0,15.0,2.3,A,-15.9
11640,none,0,12.0,3.0,1.4,A,-100.0
11641,low,1,11.0,3.0,3.7,A,-100.0
11642,high,1,,11.0,4.5,C,
11643,low,2,5.0,13.0,7.6,A,7.1
11644,low,5,18.0,9.0,9.8,A,2.0
11645,high,1,5.0,3.0,4.7,A,-100.0
11646,high,1,15.0,9.0,5.8,A,-12.7
11647,low,2,1.0,34.0,8.1,C,15.0
11648,low,2,17.0,3.0,9.1,A,-6.9
11649,medium,1,9.0,2.0,1.0,A,-100.0
11650,none,2,11.0,4.0,2.5,A,-100.0
11651,high,3,5.0,3.0,6.2,C,-100.0
11652,low,0,11.0,17.0,9.6,A,15.0
11653,medium,2,19.0,31.0,8.0,A,15.0
11654,low,1,14.0,14.0,7.0,A,7.5
11655,low,1,12.0,23.0,8.7,A,15.0
11656,medium,0,1.0,15.0,9.9,B,15.0
11657,high,1,14.0,3.0,6.8,A,-19.7
11658,high,3,8.0,4.0,7.0,A,-100.0
11659,medium,0,4.0,1.0,9.0,B,-5.7
11660,high,0,7.0,1.0,9.6,C,-5.3
11661,high,2,4.0,11.0,2.7,A,-100.0
11662,none,2,8.0,44.0,7.9,A,15.0
11663,low,0,35.0,34.0,5.4,A,15.0
11664,high,0,4.0,5.0,1.7,A,-100.0
11665,medium,1,3.0,13.0,7.0,A,6.1
11666,none,1,7.0,1.0,9.8,A,-4.3
11667,high,2,4.0,8.0,8.6,B,-0.8
11668,low,2,5.0,12.0,3.4,B,-18.1
11669,high,1,3.0,2.0,9.5,B,-5.9
11670,medium,3,8.0,13.0,3.8,A,-17.0
11671,none,0,17.0,17.0,4.2,A,-0.0
11672,low,0,3.0,7.0,8.8,C,6.3
11673,medium,1,1.0,6.0,7.8,A,-4.0
11674,low,1,4.0,7.0,5.0,A,-17.2
11675,none,2,7.0,18.0,9.0,B,15.0
11676,medium,1,4.0,35.0,2.6,A,15.0
11677,low,1,7.0,14.0,8.9,A,15.0
11678,none,3,11.0,4.0,8.4,B,-11.1
11679,medium,1,8.0,4.0,3.6,A,-100.0
11680,low,2,10.0,5.0,3.6,C,-100.0
11681,high,0,3.0,5.0,1.4,B,-100.0
11682,medium,1,15.0,11.0,1.8,A,-100.0
11683,high,1,20.0,17.0,7.7,A,14.0
11684,none,2,11.0,5.0,5.2,C,-100.0
11685,none,2,4.0,8.0,10.0,C,9.3
11686,high,2,5.0,2.0,3.7,B,-100.0
11687,high,3,17.0,2.0,4.2,A,-100.0
11688,low,0,5.0,26.0,9.7,C,15.0
11689,high,0,10.0,12.0,5.0,A,-7.8
11690,low,1,9.0,17.0,1.9,A,-13.8
11691,high,3,16.0,7.0,5.3,D,-100.0
11692,high,3,8.0,2.0,8.5,A,-16.9
11693,low,1,16.0,2.0,3.1,B,-100.0
11694,high,3,4.0,50.0,4.6,A,15.0
11695,high,0,9.0,10.0,5.1,C,-11.4
11696,high,2,14.0,13.0,8.7,C,9.2
11697,none,3,11.0,10.0,8.9,A,4.2
11698,low,2,14.0,8.0,1.8,A,-100.0
11699,,2,20.0,50.0,4.1,C,15.0
11700,none,1,4.0,20.0,9.8,A,15.0
11701,none,5,6.0,21.0,8.4,A,15.0
11702,medium,4,6.0,12.0,3.5,A,-100.0
11703,medium,1,9.0,6.0,3.4,B,-100.0
11704,low,0,18.0,6.0,2.7,C,-100.0
11705,low,1,12.0,0.0,2.7,A,-100.0
11706,medium,0,2.0,6.0,3.9,A,-100.0
11707,low,0,2.0,26.0,8.4,A,15.0
11708,high,3,1.0,0.0,8.5,A,-100.0
11709,low,1,10.0,13.0,6.7,A,4.1
11710,medium,0,2.0,1.0,,C,
11711,none,1,12.0,12.0,8.2,A,9.5
11712,high,2,8.0,15.0,9.3,A,15.0
11713,medium,2,16.0,2.0,7.4,A,-18.6
11714,high,1,11.0,13.0,3.2,A,-18.2
11715,low,1,11.0,20.0,2.6,C,-3.8
11716,none,0,8.0,12.0,3.9,B,-11.3
11717,low,3,8.0,2.0,8.6,A,-13.3
11718,low,3,9.0,7.0,9.6,A,2.6
11719,,3,1.0,12.0,8.0,B,4.5
11720,low,1,12.0,16.0,3.2,A,-9.0
11721,high,1,14.0,4.0,1.8,A,-100.0
11722,medium,0,7.0,30.0,8.3,A,15.0
11723,,2,2.0,13.0,2.5,A,-100.0
11724,low,4,4.0,16.0,4.6,A,-8.0
11725,high,0,9.0,2.0,8.8,C,-7.8
11726,medium,1,19.0,9.0,8.0,C,1.6
11727,low,0,5.0,10.0,3.1,A,-19.0
11728,none,5,5.0,6.0,9.4,A,-5.8
11729,high,2,17.0,6.0,8.9,A,-4.7
11730,medium,0,6.0,28.0,8.6,A,15.0
11731,low,1,7.0,0.0,5.5,B,-100.0
11732,high,2,8.0,12.0,1.1,C,-100.0
11733,none,0,15.0,20.0,,D,
11734,low,1,7.0,17.0,8.2,A,15.0
11735,high,0,22.0,9.0,9.8,A,11.1
11736,low,1,20.0,22.0,9.5,B,15.0
11737,none,1,8.0,13.0,2.9,A,-17.2
11738,,1,15.0,5.0,8.3,A,-5.0
11739,none,1,25.0,2.0,2.4,C,-100.0
11740,low,1,8.0,1.0,8.9,A,-8.8
11741,medium,3,17.0,17.0,4.5,A,-5.7
11742,low,0,9.0,5.0,8.4,C,-0.7
11743,medium,0,9.0,2.0,9.9,A,0.8
11744,high,2,15.0,7.0,8.0,C,-7.3
11745,high,1,8.0,0.0,8.5,A,-16.1
11746,none,3,13.0,43.0,4.9,C,15.0
11747,high,0,1.0,10.0,4.5,D,-13.9
11748,low,1,5.0,2.0,3.1,A,-100.0
11749,medium,4,8.0,1.0,6.3,C,-100.0
11750,medium,1,2.0,14.0,8.4,A,15.0
11751,low,0,13.0,6.0,3.5,A,-100.0
11752,medium,0,3.0,14.0,4.7,A,-2.0
11753,medium,1,6.0,16.0,6.3,A,8.2
11754,,0,2.0,0.0,9.5,B,-5.1
11755,high,0,5.0,2.0,3.0,A,-100.0
11756,medium,3,10.0,12.0,3.7,B,-19.8
11757,none,0,6.0,40.0,9.3,C,15.0
11758,none,3,19.0,1.0,2.5,A,-100.0
11759,high,0,23.0,5.0,3.1,A,-100.0
11760,low,1,14.0,3.0,9.9,A,0.3
11761,low,2,1.0,18.0,1.0,A,-18.3
11762,none,4,10.0,8.0,8.9,A,-2.4
11763,none,5,9.0,2.0,4.5,A,-100.0
11764,high,2,10.0,1.0,7.1,A,-100.0
11765,medium,0,1.0,5.0,4.4,A,-100.0
11766,low,2,5.0,38.0,6.1,A,15.0
11767,none,1,8.0,21.0,6.7,C,15.0
11768,high,4,12.0,11.0,3.2,A,-100.0
11769,low,2,1.0,1.0,6.5,A,-100.0
11770,none,2,22.0,6.0,9.5,A,0.5
11771,low,2,4.0,3.0,9.3,A,-4.5
11772,,2,8.0,10.0,1.9,C,-100.0
11773,medium,1,4.0,10.0,8.7,C,9.1
11774,low,1,5.0,6.0,6.4,A,-11.7
11775,low,5,11.0,15.0,8.4,A,7.6
11776,medium,1,13.0,4.0,5.6,A,-100.0
11777,low,2,8.0,42.0,1.0,A,15.0
11778,high,1,20.0,13.0,1.9,A,-100.0
11779,medium,2,3.0,6.0,4.2,A,-100.0
11780,none,0,15.0,5.0,6.4,A,-12.9
11781,high,0,7.0,2.0,9.8,C,-2.1
11782,low,0,1.0,7.0,8.3,A,3.7
11783,medium,4,25.0,7.0,7.9,A,-11.3
11784,low,1,12.0,16.0,9.4,D,15.0
11785,medium,5,3.0,9.0,8.4,A,-4.6
11786,low,0,3.0,23.0,7.6,A,15.0
11787,high,1,4.0,30.0,3.9,A,15.0
11788,high,1,11.0,11.0,5.9,C,-7.6
11789,low,1,11.0,8.0,10.0,C,11.7
11790,high,5,16.0,2.0,8.3,C,-100.0
11791,none,4,,19.0,8.2,C,
11792,none,0,8.0,6.0,8.3,A,0.3
11793,none,4,8.0,5.0,6.7,C,-100.0
11794,low,0,14.0,14.0,8.8,B,15.0
11795,medium,3,2.0,33.0,9.5,A,15.0
11796,low,1,18.0,5.0,7.2,A,-10.7
11797,medium,2,2.0,1.0,2.6,C,-100.0
11798,medium,1,5.0,10.0,4.9,C,-12.0
11799,low,2,9.0,7.0,3.9,C,-100.0
11800,medium,3,20.0,32.0,4.8,A,15.0
11801,low,3,19.0,2.0,2.1,A,-100.0
11802,none,4,4.0,3.0,6.3,C,-100.0
11803,high,5,13.0,23.0,1.0,B,-19.5
11804,high,3,5.0,26.0,4.6,A,12.4
11805,low,2,12.0,17.0,9.7,A,15.0
11806,high,1,11.0,5.0,9.8,C,1.3
11807,medium,3,7.0,11.0,8.3,A,3.6
11808,low,0,11.0,11.0,2.8,A,-19.1
11809,none,1,14.0,6.0,3.3,C,-100.0
11810,none,3,3.0,8.0,1.8,A,-100.0
11811,medium,2,4.0,5.0,1.5,D,-100.0
11812,medium,3,1.0,2.0,9.6,A,-7.5
11813,high,4,15.0,4.0,8.2,A,-17.5
11814,low,1,7.0,5.0,6.9,A,-11.3
11815,none,0,6.0,3.0,6.7,A,-14.6
11816,medium,1,4.0,8.0,8.7,C,4.9
11817,high,0,2.0,0.0,8.5,B,-13.0
11818,low,0,6.0,19.0,9.8,A,15.0
11819,high,1,24.0,16.0,4.2,C,-7.7
11820,medium,1,5.0,10.0,9.2,C,11.7
11821,medium,2,6.0,2.0,8.5,A,-11.6
11822,medium,2,10.0,1.0,9.8,A,-6.9
11823,medium,2,5.0,7.0,3.6,C,-100.0
11824,medium,0,4.0,5.0,8.4,A,-0.6
11825,medium,0,3.0,1.0,2.1,B,-100.0
11826,low,3,19.0,0.0,8.9,C,-17.0
11827,high,1,9.0,10.0,6.3,C,-7.3
11828,low,1,8.0,15.0,8.4,A,15.0
11829,low,0,7.0,14.0,7.0,A,10.7
11830,low,1,11.0,3.0,8.3,A,-8.2
11831,none,4,2.0,0.0,3.3,A,-100.0
11832,high,1,4.0,14.0,4.3,A,-9.4
11833,low,1,8.0,24.0,8.9,B,15.0
11834,none,0,7.0,3.0,3.2,A,-100.0
11835,none,2,1.0,0.0,6.3,A,-100.0
11836,low,1,26.0,7.0,9.7,A,6.4
11837,medium,4,6.0,2.0,2.8,A,-100.0
11838,low,2,4.0,2.0,1.5,A,-100.0
11839,medium,2,8.0,12.0,8.6,A,9.8
11840,low,1,6.0,16.0,2.3,A,-13.4
11841,low,2,4.0,29.0,1.0,B,4.5
11842,medium,1,27.0,12.0,8.1,A,7.6
11843,low,2,4.0,13.0,5.6,A,-3.8
11844,high,3,8.0,9.0,3.4,A,-100.0
11845,low,1,36.0,5.0,6.5,A,-16.4
11846,high,3,13.0,3.0,7.6,A,-100.0
11847,medium,2,25.0,50.0,4.6,C,15.0
11848,low,3,8.0,37.0,3.0,A,15.0
11849,low,1,3.0,6.0,4.2,D,-100.0
11850,high,3,6.0,2.0,3.7,A,-100.0
11851,medium,0,6.0,2.0,1.3,A,-100.0
11852,low,1,9.0,5.0,9.0,A,0.1
11853,low,3,23.0,8.0,1.2,A,-100.0
11854,medium,2,3.0,10.0,3.2,B,-100.0
11855,medium,2,12.0,6.0,7.9,A,
11856,medium,1,34.0,5.0,4.7,A,-100.0
11857,low,1,15.0,29.0,10.0,A,15.0
11858,medium,1,15.0,1.0,9.3,C,-7.6
11859,low,2,28.0,36.0,9.2,A,15.0
11860,none,0,,24.0,8.5,C,
11861,high,1,18.0,1.0,4.4,B,-100.0
11862,low,2,5.0,15.0,3.0,A,-14.0
11863,low,1,11.0,12.0,9.1,B,15.0
11864,low,0,34.0,22.0,8.9,C,15.0
11865,low,3,9.0,43.0,7.6,D,15.0
11866,medium,2,21.0,17.0,2.9,A,-12.3
11867,high,0,14.0,2.0,1.9,A,-100.0
11868,low,1,7.0,5.0,6.7,B,-12.4
11869,low,2,2.0,9.0,6.1,A,-9.3
11870,high,0,9.0,47.0,8.3,A,15.0
11871,low,2,15.0,14.0,1.8,A,-100.0
11872,high,0,12.0,3.0,9.7,A,-1.1
11873,high,3,4.0,0.0,2.5,A,-100.0
11874,low,0,13.0,15.0,1.3,A,-19.2
11875,medium,3,11.0,11.0,9.7,A,10.9
11876,high,1,8.0,3.0,8.9,A,-7.6
11877,medium,0,5.0,23.0,8.5,B,15.0
11878,,1,7.0,28.0,9.6,A,15.0
11879,none,3,5.0,10.0,1.1,C,-100.0
11880,low,1,12.0,23.0,8.5,B,15.0
11881,medium,2,10.0,10.0,1.4,A,-100.0
11882,medium,1,18.0,3.0,9.6,C,-2.1
11883,medium,2,6.0,3.0,2.5,B,-100.0
11884,high,0,6.0,2.0,8.9,A,-7.0
11885,low,0,13.0,14.0,9.2,A,15.0
11886,low,1,12.0,5.0,2.4,A,-100.0
11887,high,0,4.0,6.0,4.9,A,-100.0
11888,none,1,12.0,19.0,1.7,A,-11.6
11889,low,1,3.0,19.0,5.7,A,11.9
11890,none,0,7.0,22.0,4.9,A,15.0
11891,none,2,2.0,6.0,1.2,C,-100.0
11892,low,0,11.0,11.0,8.4,A,11.7
11893,high,1,20.0,25.0,1.8,A,-1.6
11894,none,0,23.0,11.0,8.8,A,12.1
11895,low,4,15.0,29.0,2.1,A,4.4
11896,low,2,22.0,11.0,8.8,C,7.8
11897,none,1,18.0,19.0,9.9,A,15.0
11898,medium,2,13.0,22.0,6.2,A,15.0
11899,low,2,3.0,3.0,9.6,A,-2.7
11900,low,2,12.0,25.0,7.4,D,15.0
11901,medium,1,14.0,22.0,4.5,B,10.1
11902,low,2,14.0,25.0,4.2,A,12.7
11903,none,1,3.0,8.0,1.4,A,-100.0
11904,high,1,4.0,7.0,7.9,A,-4.3
11905,medium,0,6.0,15.0,9.7,C,15.0
11906,high,3,11.0,23.0,2.7,A,-5.0
11907,medium,1,9.0,6.0,9.2,A,2.9
11908,high,1,2.0,3.0,9.4,A,-4.2
11909,low,1,3.0,3.0,4.4,B,-100.0
11910,medium,2,2.0,4.0,3.5,A,-100.0
11911,,1,11.0,5.0,6.1,C,-16.7
11912,high,2,13.0,5.0,8.7,A,-7.5
11913,low,2,2.0,2.0,4.6,C,-100.0
11914,,1,6.0,26.0,3.7,A,14.7
11915,low,2,7.0,3.0,2.5,A,-100.0
11916,low,2,20.0,0.0,2.4,A,-100.0
11917,none,2,10.0,1.0,6.1,C,-100.0
11918,medium,0,10.0,6.0,3.5,B,-100.0
11919,medium,0,5.0,13.0,8.7,A,15.0
11920,none,2,8.0,13.0,5.4,A,-5.9
11921,medium,1,19.0,11.0,9.7,A,15.0
11922,high,0,8.0,14.0,7.2,A,8.7
11923,medium,1,14.0,15.0,9.1,C,15.0
11924,high,2,5.0,18.0,1.3,A,-100.0
11925,low,5,3.0,1.0,7.7,A,-100.0
11926,low,1,11.0,10.0,9.3,A,12.0
11927,low,1,12.0,19.0,3.3,A,-2.2
11928,none,0,9.0,2.0,3.2,A,-100.0
11929,high,0,7.0,31.0,8.6,A,15.0
11930,medium,5,8.0,3.0,8.3,A,-18.3
11931,high,2,15.0,6.0,4.1,A,-100.0
11932,medium,2,12.0,11.0,3.4,C,-100.0
11933,none,1,10.0,4.0,8.5,A,-5.5
11934,medium,1,5.0,43.0,3.0,A,15.0
11935,high,3,3.0,4.0,8.4,A,-12.7
11936,high,0,7.0,7.0,8.2,A,-0.4
11937,medium,2,5.0,15.0,9.2,A,15.0
11938,high,0,7.0,3.0,9.5,A,-1.7
11939,low,3,4.0,6.0,3.3,A,-100.0
11940,none,2,16.0,16.0,2.5,C,-16.4
11941,high,3,15.0,4.0,9.1,B,-10.1
11942,low,3,10.0,18.0,9.0,C,15.0
11943,high,1,8.0,4.0,4.7,C,-100.0
11944,low,4,14.0,2.0,9.4,A,-12.0
11945,low,2,14.0,0.0,1.5,A,-100.0
11946,,0,7.0,10.0,6.7,C,0.0
11947,medium,1,9.0,6.0,8.1,A,-3.1
11948,low,1,15.0,50.0,9.6,C,15.0
11949,low,1,10.0,6.0,9.4,C,4.3
11950,high,2,3.0,42.0,8.9,A,15.0
11951,high,2,7.0,6.0,8.1,D,-8.1
11952,none,1,6.0,21.0,8.1,A,15.0
11953,low,0,15.0,16.0,3.5,A,-5.2
11954,high,3,3.0,27.0,9.7,A,15.0
11955,high,0,6.0,37.0,5.8,C,15.0
11956,,1,15.0,23.0,4.8,A,13.6
11957,medium,0,19.0,11.0,4.1,A,-13.2
11958,medium,3,14.0,22.0,2.1,A,-8.1
11959,medium,0,4.0,13.0,9.3,A,15.0
11960,none,1,15.0,0.0,8.4,A,-14.9
11961,medium,3,15.0,6.0,9.7,A,0.0
11962,low,0,14.0,17.0,9.8,A,15.0
11963,medium,1,12.0,26.0,6.7,A,15.0
11964,low,1,7.0,16.0,1.2,C,-19.5
11965,high,2,4.0,4.0,9.6,A,-3.7
11966,medium,1,7.0,33.0,2.2,A,15.0
11967,high,0,27.0,6.0,1.9,A,-100.0
11968,medium,1,8.0,5.0,1.3,B,-100.0
11969,none,0,15.0,2.0,9.1,A,-4.4
11970,low,1,2.0,0.0,1.6,A,-100.0
11971,high,1,6.0,9.0,10.0,A,11.3
11972,high,1,5.0,2.0,6.5,C,-100.0
11973,none,4,3.0,32.0,3.4,A,15.0
11974,none,5,11.0,21.0,1.7,A,-17.3
11975,high,2,3.0,7.0,6.9,A,-12.2
11976,high,3,8.0,17.0,5.5,A,-1.9
11977,medium,1,5.0,2.0,9.1,A,-5.6
11978,high,0,8.0,16.0,9.8,C,15.0
11979,low,2,5.0,1.0,2.1,A,-100.0
11980,low,1,13.0,11.0,5.6,A,-6.4
11981,none,2,9.0,20.0,9.8,B,15.0
11982,medium,1,16.0,0.0,9.6,C,-8.2
11983,high,0,2.0,0.0,9.3,A,-8.6
11984,low,2,15.0,28.0,8.8,A,15.0
11985,low,1,8.0,3.0,2.6,A,-100.0
11986,low,1,7.0,17.0,9.2,A,15.0
11987,medium,1,2.0,39.0,9.4,A,15.0
11988,medium,2,8.0,10.0,6.0,C,-8.7
11989,medium,0,14.0,13.0,1.7,A,-100.0
11990,medium,1,17.0,12.0,8.9,B,13.0
11991,high,2,19.0,0.0,1.7,C,-100.0
11992,medium,3,9.0,14.0,7.1,A,3.2
11993,low,2,24.0,0.0,4.7,A,-100.0
11994,high,2,3.0,6.0,7.6,A,-10.4
11995,medium,2,2.0,9.0,3.6,A,-100.0
11996,none,1,29.0,0.0,5.2,A,-100.0
11997,low,2,9.0,29.0,3.8,A,15.0
11998,none,1,6.0,6.0,8.1,A,-3.1
11999,high,2,4.0,18.0,9.2,A,15.0
12000,low,1,4.0,1.0,1.9,A,-100.0
12001,medium,0,10.0,10.0,5.5,A,-6.7
12002,high,2,5.0,11.0,9.5,C,10.3
12003,high,1,13.0,0.0,6.9,B,-100.0
12004,low,0,10.0,0.0,5.6,A,-100.0
12005,low,2,18.0,6.0,3.6,A,-100.0
12006,high,1,7.0,24.0,2.0,C,-1.3
12007,high,4,14.0,50.0,9.4,C,15.0
12008,low,3,4.0,1.0,9.4,A,-10.6
12009,high,3,5.0,15.0,9.3,A,15.0
12010,low,1,5.0,3.0,9.5,A,-1.0
12011,high,0,11.0,3.0,3.6,D,-100.0
12012,high,1,26.0,23.0,8.7,A,15.0
12013,high,1,12.0,0.0,6.1,B,-100.0
12014,low,2,8.0,19.0,1.4,A,-14.7
12015,none,1,14.0,3.0,3.9,A,-100.0
12016,high,3,16.0,6.0,1.5,B,-100.0
12017,medium,2,3.0,11.0,7.4,A,1.6
12018,low,2,11.0,1.0,8.7,A,-12.7
12019,none,0,13.0,2.0,2.7,C,-100.0
12020,low,2,21.0,10.0,1.7,A,-100.0
12021,medium,2,13.0,2.0,8.2,A,-13.9
12022,low,1,6.0,15.0,4.2,C,-5.0
12023,none,1,14.0,4.0,4.3,C,-100.0
12024,high,2,8.0,30.0,8.7,B,15.0
12025,none,1,8.0,5.0,3.5,A,-100.0
12026,high,2,17.0,47.0,1.4,B,15.0
12027,medium,0,5.0,2.0,4.5,A,-100.0
12028,none,1,17.0,7.0,1.6,C,-100.0
12029,low,1,3.0,21.0,7.0,B,15.0
12030,none,1,7.0,1.0,5.4,A,-100.0
12031,high,3,8.0,12.0,9.7,B,10.7
12032,low,1,16.0,10.0,5.9,C,-7.2
12033,low,2,12.0,12.0,6.8,C,-0.1
12034,medium,3,2.0,14.0,8.4,B,11.0
12035,high,5,2.0,43.0,1.6,C,15.0
12036,high,1,4.0,1.0,3.2,A,-100.0
12037,low,2,23.0,8.0,2.9,C,-100.0
12038,,1,7.0,2.0,9.3,C,-5.0
12039,low,2,6.0,12.0,9.5,A,15.0
12040,medium,0,15.0,18.0,3.6,D,-0.8
12041,low,2,5.0,28.0,2.8,D,12.2
12042,high,3,6.0,25.0,8.9,A,15.0
12043,medium,0,10.0,2.0,8.7,A,-5.9
12044,none,3,8.0,1.0,1.4,A,-100.0
12045,,3,14.0,4.0,1.5,A,-100.0
12046,high,1,32.0,46.0,7.9,A,15.0
12047,low,1,12.0,3.0,7.1,A,-14.9
12048,medium,0,10.0,4.0,8.1,A,-5.0
12049,medium,5,14.0,4.0,9.6,D,-9.6
12050,high,2,40.0,3.0,9.8,A,-8.3
12051,medium,1,17.0,11.0,2.0,B,-100.0
12052,medium,3,10.0,9.0,5.8,D,-14.6
12053,high,3,9.0,3.0,8.9,A,-12.7
12054,high,0,14.0,10.0,9.9,A,14.5
12055,low,1,37.0,16.0,3.9,A,-7.7
12056,high,2,18.0,3.0,3.6,A,-100.0
12057,none,1,5.0,18.0,8.7,A,15.0
12058,low,1,6.0,8.0,8.5,A,3.9
12059,,2,6.0,6.0,2.2,A,-100.0
12060,high,0,1.0,20.0,9.5,A,15.0
12061,low,2,18.0,11.0,3.3,C,-100.0
12062,low,3,6.0,11.0,8.7,A,6.3
12063,none,2,8.0,34.0,7.4,A,15.0
12064,none,0,4.0,3.0,9.0,A,-1.7
12065,low,2,21.0,12.0,9.8,C,15.0
12066,medium,1,7.0,7.0,1.3,A,-100.0
12067,low,2,,13.0,8.4,C,
12068,low,1,5.0,23.0,7.2,D,15.0
12069,low,3,2.0,8.0,8.4,A,-1.2
12070,none,0,12.0,2.0,2.7,A,-100.0
12071,medium,2,18.0,15.0,4.1,A,-9.7
12072,low,2,16.0,3.0,1.6,A,-100.0
12073,high,3,6.0,7.0,8.6,C,-5.6
12074,,7,6.0,12.0,9.5,A,2.2
12075,medium,1,13.0,30.0,9.3,A,15.0
12076,high,0,19.0,5.0,6.3,C,-16.3
12077,low,1,17.0,2.0,4.4,B,-100.0
12078,medium,0,25.0,1.0,6.9,B,-19.3
12079,medium,4,8.0,10.0,2.5,D,-100.0
12080,high,2,20.0,0.0,6.3,C,-100.0
12081,low,0,2.0,30.0,9.4,A,15.0
12082,medium,1,2.0,9.0,5.0,A,-13.2
12083,medium,1,6.0,1.0,7.1,C,-18.8
12084,low,1,40.0,13.0,9.3,A,15.0
12085,medium,0,5.0,1.0,8.5,A,-8.5
12086,high,0,8.0,6.0,9.4,A,4.0
12087,medium,4,9.0,4.0,4.3,A,-100.0
12088,high,1,1.0,2.0,7.5,C,-16.7
12089,medium,0,7.0,13.0,9.9,A,15.0
12090,low,0,7.0,39.0,1.5,A,15.0
12091,medium,1,2.0,17.0,4.5,A,0.9
12092,high,2,8.0,26.0,8.2,A,15.0
12093,low,2,12.0,3.0,4.3,C,-100.0
12094,high,2,10.0,1.0,2.8,C,-100.0
12095,medium,1,6.0,7.0,5.4,A,-15.6
12096,medium,1,1.0,12.0,7.8,A,8.6
12097,low,1,11.0,8.0,3.7,C,-100.0
12098,high,1,12.0,13.0,9.3,A,15.0
12099,low,1,25.0,6.0,6.1,D,-15.4
12100,none,2,7.0,29.0,5.1,A,15.0
12101,high,1,15.0,6.0,2.5,C,-100.0
12102,medium,2,10.0,6.0,8.7,B,-2.5
12103,high,2,5.0,20.0,8.1,C,15.0
12104,high,1,5.0,4.0,3.4,A,-100.0
12105,high,3,7.0,2.0,2.4,D,-100.0
12106,medium,1,4.0,1.0,2.2,A,-100.0
12107,medium,5,2.0,14.0,6.3,A,-5.6
12108,low,2,15.0,8.0,8.5,A,0.5
12109,high,3,13.0,19.0,9.8,A,15.0
12110,high,4,15.0,4.0,3.7,A,-100.0
12111,high,2,12.0,3.0,8.4,A,-13.2
12112,none,3,4.0,0.0,8.8,A,-16.6
12113,low,2,10.0,15.0,8.6,A,15.0
12114,none,1,4.0,34.0,4.2,C,15.0
12115,low,2,11.0,13.0,5.1,A,-7.3
12116,medium,3,4.0,1.0,8.3,A,-17.1
12117,high,1,5.0,10.0,8.6,A,5.8
12118,high,0,21.0,19.0,5.0,A,5.8
12119,high,2,2.0,2.0,1.2,A,-100.0
12120,high,0,5.0,10.0,8.1,A,5.5
12121,low,1,7.0,43.0,4.1,A,15.0
12122,medium,4,2.0,5.0,2.4,A,-100.0
12123,none,1,4.0,30.0,2.4,A,15.0
12124,none,2,8.0,3.0,8.8,C,-8.2
12125,,1,4.0,14.0,8.8,A,15.0
12126,medium,0,5.0,1.0,8.4,C,-9.1
12127,none,1,23.0,7.0,6.4,B,-12.0
12128,low,3,11.0,2.0,6.0,C,-100.0
12129,medium,7,6.0,18.0,2.7,A,-100.0
12130,high,1,16.0,7.0,8.4,A,-2.7
12131,low,0,21.0,8.0,8.7,C,6.0
12132,low,2,10.0,10.0,1.2,A,-100.0
12133,high,3,7.0,1.0,8.7,A,-17.8
12134,low,2,10.0,5.0,2.6,A,-100.0
12135,medium,1,8.0,36.0,8.4,A,15.0
12136,low,1,0.0,1.0,7.0,C,-18.4
12137,high,0,15.0,30.0,3.7,C,15.0
12138,medium,1,30.0,40.0,3.4,A,15.0
12139,low,2,3.0,2.0,9.2,A,-7.0
12140,high,1,11.0,5.0,8.3,A,-7.0
12141,medium,2,5.0,12.0,7.2,B,2.4
12142,none,1,9.0,5.0,2.6,A,-100.0
12143,none,2,10.0,29.0,8.8,B,15.0
12144,high,1,11.0,3.0,8.9,A,-7.9
12145,high,1,16.0,0.0,2.8,A,-100.0
12146,high,2,3.0,8.0,8.9,A,0.9
12147,high,1,3.0,1.0,3.4,A,-100.0
12148,low,1,12.0,5.0,8.2,D,-4.6
12149,high,5,5.0,2.0,9.5,C,-16.1
12150,high,0,4.0,7.0,1.7,A,-100.0
12151,,1,14.0,4.0,5.1,A,-100.0
12152,medium,0,6.0,6.0,9.3,C,6.2
12153,none,1,16.0,9.0,3.3,A,-100.0
12154,high,2,4.0,3.0,3.7,A,-100.0
12155,high,2,16.0,27.0,7.9,A,15.0
12156,high,2,12.0,1.0,8.6,C,-16.3
12157,none,4,7.0,23.0,5.7,A,11.8
12158,low,0,7.0,8.0,1.6,A,-100.0
12159,low,0,10.0,23.0,5.9,C,15.0
12160,medium,1,14.0,11.0,7.2,D,1.9
12161,none,1,3.0,50.0,6.0,C,15.0
12162,high,3,4.0,3.0,1.6,A,-100.0
12163,high,2,7.0,4.0,9.3,C,-5.7
12164,none,1,22.0,9.0,8.3,A,2.7
12165,high,2,11.0,17.0,5.2,C,-1.3
12166,low,2,24.0,15.0,3.7,B,-12.1
12167,high,2,15.0,31.0,6.2,A,15.0
12168,low,1,9.0,5.0,9.5,A,2.8
12169,high,2,5.0,9.0,8.3,A,-0.5
12170,medium,2,4.0,12.0,1.6,A,-100.0
12171,high,1,11.0,6.0,10.0,A,4.5
12172,high,0,6.0,50.0,6.2,C,15.0
12173,high,2,9.0,12.0,5.6,A,-9.4
12174,medium,3,8.0,4.0,8.8,C,-8.4
12175,high,1,6.0,7.0,9.0,A,1.6
12176,medium,1,9.0,7.0,9.6,A,7.2
12177,low,0,6.0,7.0,6.8,D,-5.0
12178,medium,1,17.0,19.0,9.1,A,15.0
12179,high,1,8.0,22.0,3.6,A,3.2
12180,,1,11.0,2.0,8.9,C,-7.6
12181,high,3,3.0,4.0,6.3,A,-100.0
12182,high,2,11.0,31.0,7.4,B,15.0
12183,low,1,9.0,13.0,5.2,B,-4.0
12184,,2,7.0,15.0,8.8,A,15.0
12185,low,1,7.0,2.0,1.3,D,-100.0
12186,low,1,12.0,16.0,2.3,A,-14.0
12187,low,2,11.0,28.0,1.5,A,4.4
12188,none,1,10.0,3.0,1.6,A,-100.0
12189,high,0,3.0,10.0,7.5,A,2.4
12190,medium,3,7.0,4.0,4.5,A,-100.0
12191,high,0,10.0,36.0,7.0,C,15.0
12192,medium,2,16.0,25.0,8.7,A,15.0
12193,medium,2,17.0,15.0,5.4,A,-2.4
12194,none,2,6.0,7.0,7.3,A,-7.9
12195,medium,0,,1.0,9.5,C,
12196,medium,1,10.0,13.0,5.1,A,-5.0
12197,none,0,8.0,15.0,7.9,A,15.0
12198,low,2,15.0,1.0,4.6,A,-100.0
12199,low,1,12.0,3.0,7.3,B,-13.8
12200,low,1,7.0,0.0,4.8,A,-100.0
12201,high,0,11.0,5.0,6.7,A,-13.3
12202,none,0,12.0,2.0,2.8,A,-100.0
12203,high,0,6.0,1.0,1.1,A,-100.0
12204,low,2,8.0,4.0,9.2,A,-3.3
12205,none,3,3.0,2.0,8.7,A,-12.9
12206,high,2,11.0,28.0,5.4,A,15.0
12207,high,1,6.0,43.0,9.1,B,15.0
12208,high,0,22.0,7.0,8.1,A,-2.5
12209,high,2,3.0,23.0,9.6,A,15.0
12210,high,0,22.0,11.0,3.5,D,-19.4
12211,,2,9.0,6.0,7.9,A,-7.0
12212,low,1,14.0,6.0,9.4,D,3.9
12213,low,2,11.0,31.0,9.9,A,15.0
12214,high,5,9.0,6.0,8.4,C,-14.1
12215,medium,0,20.0,18.0,1.6,A,-12.3
12216,low,0,7.0,35.0,7.3,A,15.0
12217,low,2,2.0,9.0,4.4,A,-18.6
12218,medium,1,4.0,1.0,4.3,C,-100.0
12219,none,3,26.0,15.0,4.9,A,-8.8
12220,low,0,8.0,2.0,9.1,A,-3.1
12221,low,1,21.0,13.0,8.3,A,11.8
12222,none,1,11.0,21.0,3.1,A,0.4
12223,low,0,9.0,9.0,1.6,B,-100.0
12224,medium,2,10.0,1.0,1.9,C,-100.0
12225,medium,3,9.0,3.0,8.8,C,-10.6
12226,high,1,9.0,28.0,8.8,B,15.0
12227,high,3,6.0,4.0,2.3,A,-100.0
12228,low,0,9.0,3.0,1.4,C,-100.0
12229,high,1,19.0,20.0,6.9,A,15.0
12230,medium,3,2.0,29.0,3.9,D,15.0
12231,high,1,10.0,3.0,6.5,A,-100.0
12232,none,1,10.0,7.0,2.8,B,-100.0
12233,low,0,1.0,20.0,9.4,A,15.0
12234,medium,2,3.0,11.0,2.3,A,-100.0
12235,high,1,2.0,6.0,2.5,C,-100.0
12236,medium,1,5.0,18.0,8.7,A,15.0
12237,,2,11.0,13.0,8.7,C,11.9
12238,low,2,30.0,16.0,2.8,A,-15.5
12239,medium,0,4.0,10.0,1.7,A,-100.0
12240,low,1,7.0,23.0,10.0,A,15.0
12241,high,1,4.0,18.0,3.4,A,-5.9
12242,medium,2,11.0,0.0,6.8,A,-100.0
12243,high,1,2.0,8.0,6.8,C,-8.0
12244,high,3,6.0,16.0,8.7,A,13.8
12245,medium,3,18.0,2.0,2.1,A,-100.0
12246,low,1,9.0,4.0,1.2,B,-100.0
12247,high,1,3.0,12.0,9.6,A,15.0
12248,none,3,13.0,7.0,5.1,C,-100.0
12249,low,1,9.0,5.0,10.0,A,5.6
12250,medium,1,,28.0,7.2,C,
12251,low,0,9.0,5.0,9.9,C,7.5
12252,low,0,10.0,15.0,5.0,A,1.5
12253,high,2,5.0,14.0,6.5,A,0.1
12254,none,3,9.0,33.0,8.7,A,15.0
12255,high,0,35.0,30.0,9.7,C,15.0
12256,high,0,5.0,50.0,1.4,A,
12257,high,1,8.0,2.0,10.0,A,-3.6
12258,low,2,4.0,40.0,1.9,D,15.0
12259,low,1,5.0,13.0,9.9,D,15.0
12260,low,1,6.0,22.0,8.0,A,15.0
12261,low,1,8.0,10.0,8.6,A,8.5
12262,medium,3,4.0,12.0,7.7,A,2.7
12263,medium,2,22.0,22.0,9.0,A,15.0
12264,medium,2,8.0,1.0,1.4,A,-100.0
12265,medium,3,18.0,15.0,4.1,A,-12.2
12266,high,6,4.0,10.0,3.4,A,-100.0
12267,high,3,5.0,29.0,1.9,A,3.8
12268,high,1,13.0,50.0,8.3,A,15.0
12269,high,0,8.0,27.0,2.3,D,9.0
12270,low,2,1.0,4.0,3.4,B,-100.0
12271,high,2,5.0,17.0,6.0,A,3.7
12272,high,4,2.0,0.0,5.0,A,-100.0
12273,high,3,4.0,8.0,8.6,C,-3.3
12274,high,0,15.0,0.0,9.5,A,-8.8
12275,high,1,11.0,4.0,2.1,A,-100.0
12276,medium,1,3.0,1.0,9.5,A,-5.3
12277,high,4,10.0,4.0,2.0,A,-100.0
12278,low,1,10.0,3.0,9.4,B,-2.0
12279,high,1,12.0,2.0,9.0,D,-9.5
12280,low,1,9.0,5.0,8.2,A,-4.3
12281,medium,2,11.0,32.0,8.6,C,15.0
12282,high,1,18.0,7.0,8.1,A,-4.6
12283,medium,1,5.0,25.0,8.5,A,15.0
12284,high,2,40.0,9.0,9.2,A,1.0
12285,medium,1,,5.0,5.4,C,
12286,medium,1,6.0,3.0,1.3,C,-100.0
12287,none,3,2.0,5.0,2.5,A,-100.0
12288,low,2,11.0,14.0,2.8,B,-17.8
12289,high,0,7.0,23.0,2.9,A,4.0
12290,low,2,5.0,13.0,4.1,B,-12.2
12291,medium,2,26.0,11.0,8.6,A,5.9
12292,medium,1,7.0,11.0,1.6,A,-100.0
12293,medium,1,10.0,13.0,3.0,A,-16.6
12294,high,1,16.0,3.0,9.9,B,-2.9
12295,low,2,4.0,17.0,9.4,A,15.0
12296,low,0,7.0,26.0,7.5,B,15.0
12297,high,0,11.0,13.0,4.3,A,-9.7
12298,none,0,5.0,50.0,2.8,A,15.0
12299,low,1,10.0,5.0,1.8,A,-100.0
12300,low,2,14.0,41.0,9.4,A,15.0
12301,high,2,8.0,28.0,7.6,A,15.0
12302,low,3,15.0,49.0,9.4,A,15.0
12303,low,0,7.0,8.0,9.8,A,13.5
12304,low,2,13.0,25.0,8.8,A,15.0
12305,high,0,3.0,17.0,7.2,C,15.0
12306,none,0,24.0,14.0,4.2,B,-7.0
12307,none,3,8.0,10.0,3.5,A,-100.0
12308,high,1,8.0,11.0,5.5,A,-9.5
12309,none,2,14.0,11.0,3.1,D,-100.0
12310,medium,1,3.0,9.0,5.7,A,-9.5
12311,medium,1,4.0,20.0,7.6,C,15.0
12312,medium,3,16.0,9.0,7.7,A,-4.7
12313,medium,0,5.0,0.0,7.9,A,-14.0
12314,low,1,7.0,16.0,2.3,B,-13.5
12315,none,2,6.0,1.0,9.6,A,-7.8
12316,high,4,10.0,22.0,3.9,A,-2.9
12317,medium,1,10.0,7.0,3.9,A,-100.0
12318,low,2,17.0,2.0,9.4,B,-7.3
12319,high,1,10.0,19.0,9.8,A,15.0
12320,none,3,7.0,2.0,7.0,C,-100.0
12321,high,3,22.0,15.0,4.7,C,-11.9
12322,low,2,13.0,9.0,6.9,A,-6.0
12323,low,2,1.0,17.0,8.8,A,15.0
12324,medium,0,1.0,16.0,8.4,A,15.0
12325,medium,1,4.0,6.0,8.3,C,-1.6
12326,low,1,11.0,17.0,8.9,A,15.0
12327,low,0,8.0,2.0,1.8,A,-100.0
12328,low,2,5.0,6.0,8.4,A,-3.2
12329,high,1,19.0,37.0,8.8,A,15.0
12330,low,2,3.0,25.0,1.9,A,1.1
12331,high,0,3.0,3.0,2.9,A,-100.0
12332,medium,0,12.0,11.0,1.9,C,-100.0
12333,medium,0,4.0,2.0,8.8,C,-4.7
12334,low,2,3.0,34.0,9.1,A,15.0
12335,low,1,2.0,3.0,5.8,C,-100.0
12336,none,0,5.0,3.0,4.8,B,-100.0
12337,medium,1,10.0,10.0,7.6,B,2.4
12338,none,0,10.0,3.0,9.5,A,0.4
12339,none,2,5.0,1.0,8.0,A,-16.5
12340,high,2,13.0,4.0,2.7,A,-100.0
12341,high,3,18.0,9.0,8.8,A,-1.5
12342,medium,0,8.0,11.0,2.0,A,-100.0
12343,none,0,15.0,17.0,8.0,C,15.0
12344,low,4,7.0,6.0,5.0,D,-100.0
12345,high,1,10.0,20.0,1.6,A,-12.2
12346,low,0,8.0,2.0,5.2,C,-100.0
12347,high,2,10.0,4.0,1.1,C,-100.0
12348,,1,7.0,13.0,9.7,A,15.0
12349,low,3,22.0,22.0,9.3,A,15.0
12350,high,4,14.0,7.0,5.9,A,-100.0
12351,high,0,7.0,0.0,2.6,A,-100.0
12352,high,2,5.0,2.0,3.5,A,-100.0
12353,high,1,8.0,1.0,7.0,A,-100.0
12354,high,0,8.0,0.0,10.0,A,-5.3
12355,low,2,23.0,24.0,3.8,A,7.5
12356,low,1,17.0,3.0,2.8,C,-100.0
12357,high,2,6.0,22.0,7.8,A,15.0
12358,none,0,25.0,2.0,4.9,B,-100.0
12359,high,2,8.0,1.0,5.0,B,-100.0
12360,none,2,5.0,12.0,2.0,A,-100.0
12361,high,6,4.0,2.0,3.1,C,-100.0
12362,high,3,4.0,5.0,9.0,A,-7.4
12363,medium,1,12.0,4.0,9.3,A,-1.1
12364,low,0,3.0,16.0,3.6,B,-3.4
12365,none,1,4.0,8.0,3.4,A,-100.0
12366,none,5,2.0,4.0,9.9,B,-7.0
12367,high,2,17.0,5.0,5.6,A,-100.0
12368,low,0,3.0,3.0,9.1,A,-0.5
12369,high,2,4.0,1.0,9.6,C,-10.0
12370,high,4,4.0,9.0,4.9,A,-100.0
12371,medium,4,6.0,5.0,7.2,A,-17.4
12372,high,0,3.0,0.0,8.0,A,-15.8
12373,high,1,29.0,2.0,9.8,B,-6.8
12374,high,1,5.0,0.0,9.5,A,-10.3
12375,low,0,14.0,0.0,8.9,A,-9.0
12376,none,0,29.0,2.0,9.9,A,-1.4
12377,none,3,18.0,4.0,4.5,B,-100.0
12378,,0,1.0,9.0,,D,
12379,low,2,19.0,7.0,5.0,B,-100.0
12380,high,3,27.0,13.0,2.5,A,-100.0
12381,high,2,2.0,28.0,6.2,C,15.0
12382,none,3,7.0,24.0,7.6,C,15.0
12383,,2,7.0,19.0,7.4,C,15.0
12384,medium,0,7.0,2.0,4.9,A,-100.0
12385,low,3,9.0,4.0,8.3,B,-10.9
12386,medium,0,3.0,17.0,9.9,A,15.0
12387,low,3,9.0,40.0,9.3,A,15.0
12388,none,1,5.0,11.0,7.8,A,5.9
12389,none,2,4.0,16.0,6.4,A,6.3
12390,medium,0,11.0,2.0,2.5,C,-100.0
12391,low,0,14.0,3.0,9.7,D,1.7
12392,low,0,2.0,16.0,3.2,C,-5.5
12393,none,1,15.0,8.0,3.9,A,-100.0
12394,high,1,3.0,10.0,3.5,A,-100.0
12395,low,3,15.0,5.0,8.6,A,-7.7
12396,high,0,5.0,2.0,9.0,A,-6.3
12397,none,6,29.0,6.0,9.3,A,-11.3
12398,low,1,12.0,0.0,1.0,B,-100.0
12399,low,2,6.0,22.0,8.2,C,15.0
12400,low,1,11.0,10.0,2.5,A,-100.0
12401,low,1,17.0,7.0,4.1,A,-100.0
12402,medium,0,7.0,10.0,6.1,A,-3.0
12403,medium,3,13.0,24.0,5.5,C,14.9
12404,medium,0,22.0,5.0,8.1,A,-4.0
12405,none,1,9.0,2.0,8.4,C,-10.1
12406,high,2,4.0,3.0,6.0,A,-100.0
12407,low,0,12.0,6.0,1.9,A,-100.0
12408,high,2,25.0,13.0,9.8,A,14.2
12409,high,2,2.0,19.0,3.9,A,-3.4
12410,high,3,2.0,26.0,8.9,C,15.0
12411,none,2,6.0,1.0,6.3,B,-100.0
12412,none,0,15.0,3.0,3.9,A,-100.0
12413,low,1,17.0,11.0,4.1,A,-15.1
12414,low,0,26.0,5.0,7.0,A,-10.1
12415,medium,3,8.0,14.0,2.0,A,-100.0
12416,low,2,5.0,29.0,9.1,A,15.0
12417,medium,2,2.0,5.0,9.1,A,-1.6
12418,medium,0,7.0,4.0,9.7,A,4.2
12419,low,3,4.0,6.0,3.2,A,-100.0
12420,low,0,2.0,2.0,7.0,C,-14.0
12421,medium,1,3.0,14.0,5.0,A,-2.8
12422,high,0,11.0,17.0,1.7,B,-15.6
12423,low,1,1.0,8.0,9.8,A,11.6
12424,medium,2,3.0,5.0,3.5,A,-100.0
12425,low,0,3.0,1.0,1.8,D,-100.0
12426,low,3,6.0,1.0,2.2,A,-100.0
12427,low,1,7.0,31.0,4.4,B,15.0
12428,high,1,11.0,18.0,9.9,A,15.0
12429,high,1,7.0,13.0,8.3,A,10.2
12430,medium,0,13.0,3.0,3.5,A,-100.0
12431,none,2,6.0,35.0,2.1,A,15.0
12432,medium,0,5.0,7.0,9.3,A,8.4
12433,none,1,14.0,21.0,8.6,D,15.0
12434,low,2,8.0,7.0,3.5,B,-100.0
12435,low,2,3.0,16.0,4.5,C,-3.5
12436,medium,1,8.0,24.0,9.5,A,15.0
12437,high,1,9.0,50.0,3.4,A,15.0
12438,low,0,8.0,13.0,3.5,A,-10.8
12439,high,2,3.0,5.0,9.2,C,-3.7
12440,high,1,5.0,12.0,1.4,A,-100.0
12441,medium,1,3.0,1.0,7.5,C,-16.3
12442,high,1,6.0,15.0,7.3,A,9.0
12443,high,3,9.0,32.0,5.5,C,15.0
12444,medium,0,22.0,35.0,6.7,A,15.0
12445,high,2,14.0,14.0,5.4,B,-6.8
12446,low,1,,13.0,9.9,C,
12447,medium,2,14.0,3.0,3.5,A,-100.0
12448,high,0,14.0,27.0,8.4,B,15.0
12449,medium,2,6.0,2.0,9.2,A,-7.7
12450,none,1,6.0,3.0,2.6,C,-100.0
12451,low,1,18.0,4.0,5.8,C,-100.0
12452,medium,1,8.0,1.0,1.7,A,-100.0
12453,high,3,3.0,35.0,2.1,A,15.0
12454,medium,1,9.0,30.0,8.8,A,15.0
12455,medium,3,39.0,5.0,8.5,A,-11.1
12456,none,3,8.0,1.0,4.2,A,-100.0
12457,low,2,13.0,6.0,9.4,A,1.5
12458,high,1,16.0,7.0,7.5,A,-7.7
12459,low,1,15.0,24.0,8.9,C,15.0
12460,high,2,4.0,0.0,8.1,A,-100.0
12461,low,1,9.0,7.0,8.6,A,2.1
12462,high,0,10.0,3.0,9.9,A,0.2
12463,high,0,15.0,10.0,1.5,D,-100.0
12464,medium,0,3.0,19.0,8.3,A,15.0
12465,high,3,9.0,3.0,1.6,A,-100.0
12466,high,2,18.0,3.0,7.8,B,-17.1
12467,high,2,7.0,7.0,9.1,C,-0.5
12468,high,2,7.0,8.0,1.6,A,-100.0
12469,medium,2,6.0,1.0,9.1,A,-10.4
12470,none,2,6.0,8.0,8.8,A,2.5
12471,low,3,6.0,4.0,8.2,A,-11.1
12472,low,0,40.0,8.0,9.5,A,8.5
12473,medium,2,6.0,18.0,5.4,A,5.0
12474,low,2,15.0,13.0,8.6,C,11.6
12475,medium,1,2.0,3.0,2.8,B,-100.0
12476,none,7,5.0,18.0,8.1,A,7.2
12477,high,1,4.0,18.0,9.9,A,15.0
12478,none,2,8.0,1.0,5.8,A,-100.0
12479,high,3,6.0,5.0,3.4,A,-100.0
12480,high,0,17.0,6.0,9.9,A,5.8
12481,high,3,12.0,6.0,1.0,A,-100.0
12482,low,0,3.0,7.0,8.9,A,6.8
12483,high,1,18.0,3.0,8.2,A,-12.4
12484,high,0,1.0,1.0,1.6,C,-100.0
12485,low,5,30.0,2.0,9.9,B,-13.4
12486,medium,2,2.0,4.0,7.4,A,-13.0
12487,high,0,15.0,4.0,3.8,B,-100.0
12488,low,5,7.0,9.0,1.6,A,-100.0
12489,medium,1,9.0,2.0,1.2,B,-100.0
12490,high,3,,10.0,6.7,C,
12491,high,2,13.0,2.0,8.5,A,-14.9
12492,low,2,2.0,5.0,5.3,A,-100.0
12493,none,3,3.0,2.0,9.8,C,-6.8
12494,high,1,2.0,4.0,,B,
12495,none,0,4.0,7.0,9.6,A,10.0
12496,none,1,2.0,7.0,4.6,A,-19.8
12497,high,3,0.0,8.0,2.8,A,-100.0
12498,medium,1,22.0,1.0,8.2,A,-14.4
12499,medium,3,7.0,28.0,4.1,A,15.0
12500,low,2,13.0,10.0,3.8,B,-100.0
12501,high,0,6.0,2.0,9.2,C,-5.3
12502,high,0,15.0,9.0,9.5,A,10.1
12503,medium,1,14.0,4.0,8.7,A,-4.5
12504,high,2,12.0,34.0,7.0,A,15.0
12505,none,0,1.0,2.0,,D,
12506,high,1,5.0,5.0,9.7,A,1.3
12507,high,1,3.0,4.0,8.9,D,-5.0
12508,medium,2,10.0,3.0,9.3,A,-5.4
12509,medium,4,31.0,16.0,6.7,C,0.5
12510,low,1,2.0,6.0,9.8,A,7.3
12511,high,2,12.0,16.0,4.2,A,-9.0
12512,high,1,7.0,12.0,9.6,D,15.0
12513,low,3,9.0,10.0,10.0,A,11.1
12514,low,3,9.0,16.0,7.0,A,7.2
12515,low,0,5.0,6.0,6.9,C,-6.5
12516,high,2,7.0,19.0,3.6,A,-5.5
12517,medium,1,16.0,3.0,2.9,D,-100.0
12518,high,3,5.0,2.0,10.0,A,-8.3
12519,high,3,8.0,6.0,2.6,A,-100.0
12520,low,0,15.0,22.0,9.6,A,15.0
12521,high,3,3.0,2.0,7.3,A,-100.0
12522,high,1,20.0,1.0,4.4,C,-100.0
12523,none,0,27.0,1.0,2.4,A,-100.0
12524,medium,0,10.0,21.0,8.1,D,15.0
12525,low,4,3.0,13.0,2.3,C,-100.0
12526,medium,3,27.0,37.0,2.3,A,15.0
12527,high,1,3.0,2.0,8.7,A,-10.3
12528,low,2,5.0,11.0,1.2,A,-100.0
12529,medium,1,2.0,14.0,1.5,C,-100.0
12530,high,3,3.0,30.0,9.9,A,15.0
12531,high,2,15.0,9.0,9.0,A,2.4
12532,low,3,10.0,1.0,8.3,A,-17.3
12533,low,2,10.0,4.0,5.0,C,-100.0
12534,none,1,9.0,6.0,9.3,C,3.2
12535,medium,0,,5.0,9.2,C,
12536,low,2,13.0,20.0,8.8,A,15.0
12537,low,4,6.0,27.0,2.4,A,2.8
12538,medium,1,5.0,27.0,9.9,C,15.0
12539,low,3,9.0,29.0,6.9,A,15.0
12540,high,1,4.0,11.0,5.2,C,-10.7
12541,medium,1,6.0,13.0,2.2,C,-100.0
12542,medium,2,10.0,7.0,8.4,A,-2.0
12543,high,2,,3.0,9.2,C,
12544,high,2,9.0,13.0,3.3,A,-20.0
12545,high,1,12.0,0.0,2.5,C,-100.0
12546,medium,2,15.0,3.0,1.2,A,-100.0
12547,high,0,8.0,4.0,6.0,A,-18.9
12548,low,1,11.0,14.0,9.8,A,15.0
12549,high,1,35.0,11.0,9.0,A,7.1
12550,low,3,11.0,31.0,8.0,A,15.0
12551,high,3,15.0,20.0,3.2,C,-8.9
12552,none,3,2.0,7.0,5.0,A,-100.0
12553,medium,0,3.0,8.0,8.4,A,5.8
12554,medium,6,12.0,13.0,8.5,A,1.0
12555,low,1,0.0,7.0,,A,
12556,low,1,4.0,1.0,4.6,A,-100.0
12557,low,1,4.0,10.0,5.8,A,-6.5
12558,low,4,5.0,5.0,2.6,A,-100.0
12559,high,1,7.0,29.0,3.1,A,15.0
12560,high,2,2.0,6.0,9.4,C,-0.4
12561,low,1,6.0,6.0,9.1,A,3.0
12562,medium,0,2.0,2.0,4.4,C,-100.0
12563,none,1,2.0,5.0,9.0,A,0.2
12564,medium,2,10.0,1.0,9.7,A,-7.4
12565,low,0,17.0,9.0,8.4,A,6.9
12566,low,1,4.0,11.0,3.7,C,-16.0
12567,low,2,14.0,29.0,1.6,A,6.8
12568,low,1,16.0,17.0,1.5,A,-16.7
12569,high,0,3.0,33.0,8.3,A,15.0
12570,high,1,27.0,9.0,2.0,A,-100.0
12571,high,1,23.0,5.0,9.1,C,-3.8
12572,none,2,1.0,10.0,1.3,C,-100.0
12573,medium,1,22.0,3.0,7.6,A,-13.5
12574,none,4,1.0,27.0,6.5,C,15.0
12575,,0,3.0,1.0,6.5,A,-19.6
12576,low,3,3.0,6.0,9.5,A,0.5
12577,high,1,6.0,1.0,9.7,B,-7.2
12578,none,0,8.0,9.0,9.2,A,11.6
12579,none,1,11.0,3.0,2.0,D,-100.0
12580,none,0,4.0,8.0,6.6,A,-4.4
12581,medium,5,5.0,9.0,9.1,A,-1.0
12582,medium,1,11.0,1.0,9.9,A,-4.0
12583,high,1,1.0,12.0,3.7,D,-16.6
12584,medium,0,6.0,1.0,5.9,C,-100.0
12585,high,7,7.0,4.0,9.4,A,-17.6
12586,low,1,24.0,7.0,9.4,A,5.0
12587,low,2,11.0,1.0,3.2,A,-100.0
12588,medium,0,7.0,1.0,1.8,A,-100.0
12589,medium,2,5.0,16.0,8.9,A,15.0
12590,high,0,4.0,9.0,7.9,B,2.4
12591,high,0,4.0,0.0,4.1,A,-100.0
12592,high,0,21.0,7.0,3.0,D,-100.0
12593,medium,2,9.0,2.0,8.5,A,-11.8
12594,high,0,5.0,23.0,5.2,A,15.0
12595,medium,0,3.0,6.0,5.2,A,-16.0
12596,high,1,8.0,4.0,3.9,A,-100.0
12597,none,1,6.0,6.0,8.6,A,-0.3
12598,high,6,22.0,6.0,5.4,C,-100.0
12599,,2,12.0,11.0,9.2,A,10.4
12600,low,2,2.0,34.0,,A,
12601,high,3,4.0,9.0,6.5,A,-12.8
12602,high,1,3.0,43.0,2.8,C,15.0
12603,low,3,2.0,7.0,6.3,A,-14.9
12604,low,3,33.0,10.0,9.2,A,4.3
12605,high,6,16.0,7.0,6.4,D,-100.0
12606,low,2,5.0,2.0,8.1,C,-13.3
12607,medium,1,1.0,27.0,1.2,C,3.8
12608,medium,1,28.0,16.0,3.3,D,-10.5
12609,medium,3,11.0,2.0,9.1,A,-11.3
12610,high,1,11.0,50.0,5.4,C,15.0
12611,high,3,35.0,13.0,6.4,A,-8.0
12612,medium,1,8.0,4.0,4.7,A,-100.0
12613,high,1,7.0,34.0,3.6,A,15.0
12614,medium,5,18.0,12.0,9.6,D,6.8
12615,none,0,3.0,6.0,1.1,A,-100.0
12616,low,1,5.0,3.0,8.9,B,-4.3
12617,medium,3,2.0,5.0,2.2,A,-100.0
12618,high,1,10.0,19.0,9.4,C,15.0
12619,none,2,20.0,11.0,5.9,D,-8.6
12620,high,1,10.0,29.0,2.2,B,10.0
12621,none,1,3.0,3.0,7.9,A,-10.2
12622,high,4,4.0,5.0,4.1,A,-100.0
12623,medium,1,17.0,15.0,5.7,A,1.7
12624,low,2,17.0,1.0,5.7,A,-100.0
12625,medium,3,1.0,21.0,3.2,C,-2.8
12626,low,2,5.0,0.0,9.4,C,-10.3
12627,high,1,5.0,20.0,8.1,C,15.0
12628,medium,1,8.0,41.0,6.1,A,15.0
12629,none,4,0.0,2.0,4.8,B,-100.0
12630,high,2,19.0,23.0,6.6,A,15.0
12631,medium,2,7.0,1.0,2.5,A,-100.0
12632,high,0,22.0,9.0,9.1,A,7.2
12633,low,2,13.0,4.0,9.7,B,-1.1
12634,low,0,8.0,4.0,9.6,C,3.9
12635,low,3,10.0,23.0,9.6,A,15.0
12636,low,0,7.0,16.0,1.7,C,-14.3
12637,medium,3,3.0,1.0,4.5,B,-100.0
12638,high,1,7.0,31.0,6.2,A,15.0
12639,low,1,3.0,8.0,1.7,A,-100.0
12640,medium,0,25.0,4.0,8.3,A,-5.3
12641,low,5,4.0,6.0,3.7,A,-100.0
12642,high,0,4.0,10.0,1.4,A,-100.0
12643,medium,1,9.0,6.0,9.4,B,4.0
12644,medium,1,4.0,10.0,6.2,A,-4.7
12645,low,3,11.0,4.0,4.4,A,-100.0
12646,low,0,7.0,6.0,6.9,A,-6.7
12647,high,2,9.0,30.0,2.8,C,13.0
12648,medium,1,11.0,7.0,9.7,A,7.5
12649,medium,2,17.0,1.0,1.7,B,-100.0
12650,none,1,13.0,14.0,9.4,A,15.0
12651,low,1,7.0,3.0,9.1,C,-3.4
12652,high,3,7.0,0.0,3.6,A,-100.0
12653,high,0,3.0,14.0,4.9,C,-3.5
12654,,2,18.0,15.0,9.3,C,15.0
12655,low,4,3.0,2.0,3.3,A,-100.0
12656,low,3,4.0,1.0,8.9,A,-13.4
12657,medium,0,16.0,1.0,8.7,A,-8.5
12658,high,0,7.0,1.0,4.0,B,-100.0
12659,medium,1,5.0,10.0,9.8,A,15.0
12660,none,2,20.0,16.0,1.2,A,-100.0
12661,high,1,10.0,11.0,6.7,A,-3.1
12662,low,2,3.0,2.0,1.8,A,-100.0
12663,,1,13.0,1.0,8.0,A,-14.8
12664,low,0,2.0,17.0,1.1,A,-15.0
12665,low,1,9.0,4.0,8.3,A,-5.9
12666,low,2,13.0,0.0,9.2,A,-12.2
12667,none,1,16.0,12.0,7.6,A,5.8
12668,medium,0,8.0,7.0,8.4,B,3.2
12669,low,3,7.0,2.0,2.9,A,-100.0
12670,high,2,10.0,1.0,9.8,A,-9.5
12671,low,1,6.0,13.0,9.5,A,15.0
12672,low,3,11.0,9.0,5.1,B,-18.2
12673,high,0,8.0,11.0,1.2,C,-100.0
12674,high,1,7.0,0.0,2.5,C,-100.0
12675,low,0,22.0,4.0,2.6,A,-100.0
12676,high,3,27.0,9.0,1.0,A,-100.0
12677,none,1,4.0,6.0,4.7,A,-100.0
12678,high,3,21.0,18.0,5.1,A,-3.3
12679,high,2,9.0,11.0,3.5,B,-100.0
12680,medium,3,2.0,16.0,8.0,A,13.0
12681,none,0,11.0,14.0,6.8,A,8.6
12682,none,0,14.0,10.0,8.6,A,9.8
12683,medium,0,6.0,4.0,8.9,C,-0.1
12684,high,2,11.0,22.0,2.7,A,-4.6
12685,high,2,13.0,1.0,3.4,C,-100.0
12686,medium,2,3.0,35.0,8.6,A,15.0
12687,none,2,6.0,5.0,2.5,A,-100.0
12688,low,2,6.0,4.0,4.3,C,-100.0
12689,high,0,10.0,18.0,6.4,A,12.5
12690,none,2,6.0,8.0,3.2,C,-100.0
12691,low,0,7.0,1.0,3.8,B,-100.0
12692,low,0,21.0,13.0,4.5,A,-6.6
12693,none,1,7.0,10.0,1.5,A,-100.0
12694,high,1,3.0,13.0,1.4,D,-100.0
12695,low,1,2.0,2.0,8.7,A,-7.2
12696,high,4,10.0,3.0,4.4,B,-100.0
12697,low,0,6.0,6.0,5.3,B,-15.4
12698,low,1,24.0,8.0,1.2,B,-100.0
12699,high,0,6.0,1.0,6.6,C,-100.0
12700,high,3,3.0,5.0,9.6,A,-4.0
12701,high,0,,8.0,5.2,C,
12702,medium,1,19.0,10.0,5.6,C,-9.5
12703,,0,3.0,32.0,9.8,A,15.0
12704,medium,2,2.0,8.0,8.4,A,0.9
12705,low,5,19.0,8.0,1.7,A,-100.0
12706,medium,0,8.0,25.0,8.1,A,15.0
12707,high,2,9.0,17.0,8.8,A,15.0
12708,medium,0,12.0,8.0,8.4,A,4.9
12709,none,1,9.0,16.0,9.0,A,15.0
12710,high,2,4.0,50.0,8.5,A,15.0
12711,high,1,18.0,4.0,3.6,A,-100.0
12712,high,1,17.0,11.0,9.2,A,10.0
12713,low,0,32.0,8.0,8.9,A,6.0
12714,medium,0,2.0,2.0,8.1,A,-8.4
12715,high,2,4.0,22.0,5.3,D,10.4
12716,high,2,1.0,2.0,4.4,A,-100.0
12717,high,0,12.0,43.0,4.5,A,15.0
12718,medium,3,4.0,7.0,8.8,A,-1.7
12719,none,0,2.0,1.0,9.0,A,-5.7
12720,,0,8.0,1.0,1.2,A,-100.0
12721,medium,1,4.0,12.0,7.8,A,8.3
12722,high,0,10.0,0.0,1.0,C,-100.0
12723,high,1,9.0,14.0,9.9,B,15.0
12724,medium,0,4.0,3.0,6.8,C,-13.6
12725,low,1,6.0,4.0,5.1,A,-100.0
12726,medium,1,3.0,3.0,4.6,C,-100.0
12727,high,2,18.0,4.0,2.3,B,-100.0
12728,low,2,6.0,28.0,9.7,A,15.0
12729,low,0,2.0,6.0,7.2,C,-4.5
12730,low,2,10.0,29.0,9.4,A,15.0
12731,none,4,7.0,20.0,4.5,A,-1.1
12732,low,1,2.0,13.0,4.6,C,-6.6
12733,high,1,15.0,28.0,6.2,A,15.0
12734,high,2,9.0,11.0,2.5,A,-100.0
12735,high,2,11.0,19.0,10.0,A,15.0
12736,high,0,6.0,7.0,9.8,A,8.5
12737,high,1,8.0,17.0,2.4,A,-13.9
12738,medium,1,9.0,8.0,9.6,A,9.3
12739,medium,6,21.0,20.0,3.3,B,-13.8
12740,medium,2,4.0,4.0,5.1,A,-100.0
12741,none,2,11.0,18.0,8.2,A,15.0
12742,medium,2,4.0,2.0,2.8,A,-100.0
12743,high,0,12.0,16.0,6.6,A,9.2
12744,low,2,4.0,0.0,5.8,A,-100.0
12745,,2,4.0,5.0,4.0,A,-100.0
12746,medium,3,10.0,5.0,9.5,A,-2.7
12747,low,2,7.0,3.0,7.4,D,-15.2
12748,none,5,15.0,4.0,9.6,A,-9.9
12749,high,0,2.0,4.0,4.6,A,-100.0
12750,high,2,9.0,12.0,6.9,A,-2.3
12751,medium,2,2.0,17.0,3.7,A,-6.0
12752,low,0,5.0,1.0,7.7,A,-12.6
12753,none,1,6.0,6.0,8.8,A,0.8
12754,low,2,7.0,26.0,1.5,A,0.6
12755,,1,3.0,11.0,5.1,A,-8.8
12756,high,3,12.0,4.0,8.9,A,-10.9
12757,high,1,9.0,4.0,3.7,A,-100.0
12758,medium,1,8.0,4.0,2.5,A,-100.0
12759,low,0,12.0,8.0,3.1,A,-100.0
12760,none,2,13.0,2.0,8.3,B,-13.6
12761,medium,1,,9.0,5.0,C,
12762,medium,2,4.0,4.0,9.7,D,-0.6
12763,high,0,6.0,3.0,8.5,A,-7.1
12764,low,0,13.0,6.0,4.7,B,-19.4
12765,none,0,21.0,8.0,8.2,C,2.7
12766,low,1,11.0,29.0,8.2,B,15.0
12767,low,2,5.0,39.0,4.3,A,15.0
12768,low,0,21.0,36.0,4.6,A,15.0
12769,medium,1,5.0,6.0,8.6,B,-0.0
12770,high,2,,12.0,9.3,C,
12771,low,1,13.0,42.0,1.4,C,15.0
12772,high,2,19.0,6.0,7.8,A,-10.9
12773,high,0,9.0,3.0,7.8,A,-11.2
12774,medium,0,5.0,30.0,2.7,A,15.0
12775,high,0,7.0,18.0,3.0,C,-5.9
12776,medium,1,13.0,48.0,1.8,A,15.0
12777,medium,2,14.0,19.0,2.7,A,-8.6
12778,none,0,12.0,5.0,3.8,A,-100.0
12779,low,0,7.0,2.0,9.5,A,-0.8
12780,high,2,2.0,1.0,1.9,A,-100.0
12781,low,4,4.0,9.0,6.9,A,-10.1
12782,high,0,6.0,0.0,8.7,A,-12.3
12783,low,1,8.0,6.0,1.9,A,-100.0
12784,high,1,17.0,5.0,3.1,A,-100.0
12785,high,2,1.0,3.0,5.3,B,-100.0
12786,high,0,6.0,8.0,7.9,A,0.1
12787,low,0,6.0,14.0,7.5,B,13.5
12788,none,0,9.0,29.0,9.3,C,15.0
12789,low,2,19.0,6.0,9.5,C,1.4
12790,low,0,6.0,1.0,3.7,B,-100.0
12791,medium,2,7.0,23.0,2.5,A,-0.6
12792,medium,0,3.0,37.0,2.9,A,15.0
12793,medium,2,5.0,10.0,9.7,B,11.9
12794,high,2,10.0,5.0,4.9,A,-100.0
12795,medium,1,2.0,4.0,8.3,B,-5.6
12796,high,4,2.0,10.0,10.0,A,6.3
12797,medium,1,4.0,15.0,4.9,C,-1.4
12798,high,2,7.0,13.0,8.2,A,7.2
12799,low,2,17.0,12.0,9.6,A,14.8
12800,medium,4,2.0,0.0,8.8,A,-18.7
12801,medium,0,33.0,6.0,9.1,A,2.4
12802,medium,1,11.0,4.0,7.2,A,-12.5
12803,medium,2,15.0,10.0,8.3,A,3.2
12804,none,4,15.0,11.0,1.8,A,-100.0
12805,,2,8.0,14.0,2.9,A,-17.6
12806,low,1,11.0,0.0,9.6,A,-7.3
12807,medium,1,5.0,12.0,6.3,C,-0.0
12808,low,1,18.0,10.0,9.3,A,11.3
12809,medium,1,5.0,3.0,2.6,C,-100.0
12810,low,1,13.0,17.0,9.8,A,15.0
12811,medium,3,24.0,28.0,8.4,C,15.0
12812,high,0,3.0,3.0,1.9,C,-100.0
12813,medium,5,5.0,0.0,8.0,C,-100.0
12814,low,1,11.0,3.0,5.3,A,-100.0
12815,none,4,9.0,11.0,3.8,A,-100.0
12816,low,0,5.0,6.0,1.7,B,-100.0
12817,low,3,2.0,14.0,6.8,A,2.6
12818,medium,1,24.0,39.0,8.1,A,15.0
12819,high,4,5.0,14.0,9.5,A,11.6
12820,medium,2,3.0,20.0,3.4,B,-1.5
12821,low,2,7.0,16.0,6.2,C,5.5
12822,low,1,35.0,15.0,7.2,C,8.6
12823,low,1,8.0,2.0,8.9,B,-6.7
12824,low,0,25.0,7.0,6.7,A,-7.5
12825,high,0,10.0,3.0,1.1,A,-100.0
12826,high,0,5.0,6.0,8.3,C,-1.8
12827,,1,6.0,6.0,8.2,A,-2.5
12828,high,3,17.0,13.0,3.0,C,-100.0
12829,medium,3,2.0,11.0,3.9,A,-100.0
12830,low,1,5.0,16.0,7.0,C,12.6
12831,none,2,6.0,5.0,3.0,A,-100.0
12832,medium,0,2.0,5.0,5.8,C,-14.7
12833,low,3,5.0,4.0,2.8,A,-100.0
12834,low,2,13.0,3.0,2.4,A,-100.0
12835,none,1,30.0,15.0,9.8,A,15.0
12836,none,1,7.0,6.0,5.6,A,-16.9
12837,medium,1,2.0,1.0,9.6,A,-4.7
12838,medium,1,8.0,4.0,7.7,C,-9.5
12839,high,1,1.0,24.0,2.6,A,2.6
12840,medium,3,7.0,2.0,9.4,B,-9.2
12841,high,2,18.0,5.0,9.8,C,-1.9
12842,medium,2,8.0,2.0,3.8,D,-100.0
12843,high,1,4.0,2.0,2.4,C,-100.0
12844,high,2,0.0,3.0,4.2,B,-100.0
12845,low,2,23.0,6.0,9.3,A,-0.1
12846,none,0,11.0,0.0,2.6,D,-100.0
12847,high,0,10.0,11.0,6.2,B,-3.3
12848,medium,1,3.0,1.0,1.3,A,-100.0
12849,medium,1,6.0,5.0,9.2,A,1.1
12850,medium,3,4.0,45.0,9.6,B,15.0
12851,low,0,6.0,2.0,1.9,A,-100.0
12852,medium,2,,8.0,4.1,C,
12853,high,2,30.0,7.0,9.4,A,
12854,high,1,13.0,23.0,6.8,A,15.0
12855,low,2,14.0,1.0,2.4,A,-100.0
12856,low,1,8.0,50.0,3.8,A,15.0
12857,medium,0,4.0,12.0,9.9,A,15.0
12858,none,1,3.0,2.0,4.3,A,-100.0
12859,none,0,12.0,8.0,2.5,A,-100.0
12860,high,1,12.0,0.0,3.2,A,-100.0
12861,medium,0,11.0,3.0,9.3,B,-0.6
12862,low,2,2.0,1.0,9.5,A,-7.4
12863,high,0,8.0,5.0,9.5,A,2.4
12864,medium,4,17.0,8.0,8.7,A,-4.0
12865,none,1,18.0,1.0,5.8,A,-100.0
12866,low,2,2.0,8.0,1.1,A,-100.0
12867,none,3,5.0,17.0,7.4,A,11.3
12868,none,1,17.0,3.0,7.7,A,-12.7
12869,high,1,12.0,22.0,4.5,D,7.7
12870,low,1,17.0,1.0,4.9,C,-100.0
12871,high,1,6.0,9.0,1.6,A,-100.0
12872,high,1,2.0,20.0,8.7,A,15.0
12873,medium,1,15.0,23.0,8.4,A,15.0
12874,low,0,6.0,6.0,4.3,C,-100.0
12875,medium,2,10.0,3.0,3.8,A,-100.0
12876,high,1,17.0,1.0,1.4,A,-100.0
12877,high,1,13.0,3.0,4.1,D,-100.0
12878,high,0,10.0,1.0,2.4,A,-100.0
12879,high,0,5.0,34.0,5.3,A,15.0
12880,high,0,13.0,18.0,8.8,A,15.0
12881,none,2,8.0,3.0,4.3,C,-100.0
12882,medium,0,3.0,7.0,9.6,B,10.3
12883,medium,1,21.0,36.0,8.7,A,15.0
12884,high,0,9.0,9.0,4.9,D,-14.6
12885,high,2,5.0,2.0,5.1,A,-100.0
12886,low,2,12.0,45.0,3.4,C,15.0
12887,,1,11.0,15.0,8.8,D,15.0
12888,medium,1,4.0,13.0,4.5,D,-7.7
12889,,1,9.0,21.0,4.6,B,8.9
12890,high,2,16.0,5.0,5.3,D,-100.0
12891,low,0,10.0,30.0,6.3,A,15.0
12892,low,1,39.0,25.0,5.5,B,15.0
12893,low,2,5.0,10.0,6.4,A,-5.8
12894,medium,0,19.0,32.0,8.2,A,15.0
12895,medium,1,5.0,15.0,6.9,C,9.6
12896,low,4,4.0,5.0,8.3,A,-10.8
12897,none,2,11.0,6.0,8.3,A,-5.0
12898,none,1,16.0,8.0,9.8,A,9.5
12899,medium,0,17.0,6.0,7.1,A,-6.9
12900,medium,1,5.0,12.0,8.8,C,13.7
12901,high,1,8.0,0.0,2.1,A,-100.0
12902,none,2,7.0,2.0,2.2,B,-100.0
12903,low,2,3.0,3.0,8.6,A,-8.2
12904,none,1,14.0,20.0,1.6,A,-10.2
12905,high,5,2.0,4.0,1.8,A,-100.0
12906,low,2,11.0,1.0,3.6,B,-100.0
12907,medium,3,6.0,19.0,8.3,A,15.0
12908,high,1,23.0,7.0,6.4,C,-14.4
12909,low,0,20.0,5.0,8.5,A,-1.3
12910,medium,1,13.0,50.0,1.9,C,15.0
12911,medium,0,8.0,26.0,2.9,A,12.9
12912,low,0,13.0,31.0,1.6,A,15.0
12913,medium,2,11.0,6.0,8.5,A,-3.6
12914,low,3,8.0,9.0,9.6,A,6.9
12915,medium,1,2.0,14.0,1.1,C,-100.0
12916,none,1,9.0,26.0,1.7,A,3.4
12917,low,0,13.0,11.0,4.8,D,-8.3
12918,low,0,23.0,13.0,1.8,A,-100.0
12919,medium,2,11.0,21.0,9.3,C,15.0
12920,high,2,5.0,11.0,6.5,A,-6.2
12921,high,0,10.0,3.0,6.7,C,-17.4
12922,high,1,11.0,27.0,9.3,A,15.0
12923,low,2,8.0,32.0,9.2,C,15.0
12924,high,2,29.0,7.0,9.2,B,-2.1
12925,medium,3,10.0,7.0,3.2,C,-100.0
12926,high,0,30.0,6.0,1.6,B,-100.0
12927,high,1,15.0,7.0,8.0,A,-4.8
12928,high,0,3.0,20.0,2.2,A,-5.7
12929,medium,0,24.0,15.0,7.5,A,13.5
12930,low,0,8.0,2.0,4.6,A,-100.0
12931,high,0,0.0,3.0,7.9,A,-9.8
12932,none,3,9.0,4.0,1.3,C,-100.0
12933,high,0,11.0,2.0,8.1,C,-11.9
12934,low,3,4.0,12.0,7.0,A,-0.7
12935,low,0,4.0,6.0,4.4,A,-100.0
12936,none,0,3.0,20.0,5.9,A,15.0
12937,none,4,3.0,3.0,2.6,A,-100.0
12938,medium,1,14.0,42.0,8.8,A,15.0
12939,high,1,8.0,31.0,5.5,D,15.0
12940,high,1,13.0,1.0,9.3,D,-10.1
12941,high,2,10.0,12.0,4.8,A,-13.9
12942,low,1,14.0,8.0,9.7,B,9.7
12943,low,3,17.0,1.0,5.5,C,-100.0
12944,high,3,10.0,6.0,6.0,A,-100.0
12945,low,2,23.0,17.0,9.3,A,15.0
12946,none,0,5.0,9.0,8.1,A,5.8
12947,medium,1,7.0,5.0,9.9,B,4.9
12948,medium,2,16.0,10.0,4.5,B,-17.7
12949,low,2,7.0,4.0,1.7,A,-100.0
12950,none,1,18.0,3.0,3.9,A,-100.0
12951,high,1,7.0,37.0,5.7,A,15.0
12952,medium,0,3.0,2.0,9.8,D,0.9
12953,medium,0,4.0,7.0,2.7,A,-100.0
12954,medium,1,11.0,8.0,1.2,A,-100.0
12955,medium,4,,12.0,8.9,C,
12956,high,0,10.0,13.0,5.0,A,-5.7
12957,none,2,12.0,49.0,9.8,A,15.0
12958,low,1,29.0,6.0,9.9,C,5.1
12959,low,1,2.0,9.0,8.1,A,4.2
12960,none,0,6.0,18.0,8.2,A,15.0
12961,medium,2,1.0,1.0,5.3,A,-100.0
12962,high,1,16.0,6.0,9.8,C,2.9
12963,low,0,1.0,3.0,8.8,B,-1.9
12964,high,1,8.0,1.0,9.8,C,-6.8
12965,high,1,7.0,12.0,8.9,C,11.4
12966,low,1,6.0,16.0,9.7,A,15.0
12967,low,3,9.0,25.0,1.9,A,-2.0
12968,medium,2,8.0,3.0,8.8,A,-8.0
12969,medium,0,4.0,6.0,1.7,A,-100.0
12970,high,2,6.0,40.0,2.1,C,15.0
12971,medium,2,9.0,1.0,6.8,A,-100.0
12972,medium,2,4.0,5.0,9.3,B,-0.7
12973,none,0,1.0,5.0,,A,
12974,high,1,3.0,25.0,9.0,B,15.0
12975,medium,1,11.0,10.0,5.1,B,-11.4
12976,low,0,2.0,2.0,9.6,B,0.3
12977,low,1,8.0,5.0,4.5,A,-100.0
12978,high,2,13.0,7.0,9.7,A,2.2
12979,low,1,8.0,1.0,3.7,A,-100.0
12980,medium,0,1.0,22.0,3.5,A,8.4
12981,high,3,4.0,1.0,6.5,A,-100.0
12982,low,1,11.0,7.0,4.0,B,-100.0
12983,low,1,6.0,37.0,9.4,B,15.0
12984,low,2,5.0,17.0,9.7,A,15.0
12985,low,0,14.0,28.0,1.3,B,8.0
12986,medium,0,14.0,50.0,9.4,B,15.0
12987,medium,0,15.0,24.0,7.7,B,15.0
12988,medium,4,5.0,3.0,2.3,C,-100.0
12989,low,2,10.0,7.0,8.8,A,0.6
12990,none,0,7.0,22.0,4.4,C,12.6
12991,medium,0,8.0,5.0,4.7,A,-100.0
12992,medium,4,6.0,33.0,9.8,A,15.0
12993,low,1,14.0,8.0,2.2,A,-100.0
12994,,1,12.0,15.0,9.0,A,15.0
12995,none,3,15.0,16.0,10.0,A,15.0
12996,medium,3,6.0,2.0,1.2,A,-100.0
12997,medium,2,7.0,7.0,6.3,C,-13.3
12998,medium,0,13.0,3.0,8.3,A,-6.3
12999,,0,13.0,4.0,1.8,C,-100.0
13000,high,2,8.0,5.0,2.2,C,-100.0
13001,low,0,,10.0,9.1,C,
13002,high,2,4.0,11.0,5.0,A,-14.3
13003,none,2,20.0,4.0,8.5,A,-9.0
13004,low,1,4.0,33.0,8.3,B,15.0
13005,low,4,6.0,6.0,8.6,C,-7.2
13006,medium,2,11.0,2.0,7.1,A,-19.8
13007,medium,2,9.0,1.0,7.9,A,-17.2
13008,high,2,3.0,7.0,9.0,A,-0.6
13009,high,1,4.0,7.0,4.0,A,-100.0
13010,high,0,21.0,7.0,4.5,A,-100.0
13011,medium,5,4.0,24.0,9.8,C,15.0
13012,high,2,10.0,9.0,6.4,A,-11.4
13013,low,2,4.0,8.0,8.2,A,-0.0
13014,medium,2,13.0,7.0,9.8,C,5.4
13015,high,1,7.0,9.0,1.3,A,-100.0
13016,low,0,12.0,1.0,6.3,B,-100.0
13017,medium,1,6.0,5.0,4.7,A,-100.0
13018,low,2,9.0,12.0,9.0,A,12.3
13019,low,1,4.0,15.0,9.6,A,15.0
13020,medium,2,13.0,27.0,9.0,A,15.0
13021,high,0,11.0,7.0,9.2,A,4.7
13022,medium,1,8.0,12.0,4.6,A,-9.7
13023,high,5,17.0,25.0,8.9,A,15.0
13024,low,0,6.0,1.0,4.5,D,-100.0
13025,low,4,14.0,5.0,8.3,C,-11.8
13026,high,2,3.0,2.0,5.7,A,-100.0
13027,high,1,4.0,9.0,6.1,D,-10.0
13028,high,2,3.0,3.0,4.0,C,-100.0
13029,medium,1,4.0,3.0,9.5,A,-1.2
13030,high,1,2.0,11.0,8.2,C,6.0
13031,medium,2,13.0,12.0,6.1,B,-4.4
13032,none,2,7.0,15.0,2.5,A,-17.6
13033,none,2,4.0,0.0,8.5,B,-15.8
13034,none,1,5.0,43.0,1.2,A,15.0
13035,none,2,16.0,12.0,9.7,A,14.8
13036,none,2,28.0,29.0,5.1,A,15.0
13037,low,2,4.0,40.0,5.4,A,15.0
13038,medium,2,8.0,23.0,6.5,B,15.0
13039,low,1,2.0,0.0,9.7,A,-5.9
13040,medium,1,6.0,23.0,3.8,A,9.2
13041,high,2,22.0,26.0,7.6,C,15.0
13042,low,0,8.0,0.0,9.5,C,-5.1
13043,high,1,7.0,2.0,2.9,A,-100.0
13044,low,2,10.0,7.0,9.7,B,5.5
13045,low,1,9.0,50.0,7.8,A,15.0
13046,medium,2,18.0,6.0,6.8,A,-13.7
13047,high,2,6.0,35.0,5.3,A,15.0
13048,medium,1,15.0,15.0,5.8,A,2.5
13049,medium,3,3.0,4.0,5.0,A,-100.0
13050,low,0,,1.0,4.8,C,
13051,medium,3,4.0,8.0,9.4,A,3.7
13052,high,1,3.0,2.0,3.5,A,-100.0
13053,high,0,9.0,2.0,2.1,D,-100.0
13054,medium,3,5.0,17.0,8.1,C,15.0
13055,high,0,1.0,3.0,5.0,A,-100.0
13056,medium,1,3.0,7.0,1.8,A,-100.0
13057,high,1,8.0,50.0,7.1,C,15.0
13058,medium,1,24.0,1.0,9.4,C,-8.0
13059,none,0,39.0,5.0,5.3,A,-100.0
13060,low,2,17.0,1.0,8.5,A,-14.4
13061,low,0,6.0,26.0,2.1,B,9.0
13062,low,3,13.0,47.0,2.4,A,15.0
13063,high,1,7.0,2.0,4.8,B,-100.0
13064,medium,1,5.0,11.0,9.6,A,15.0
13065,low,2,3.0,7.0,4.1,B,-100.0
13066,high,0,17.0,5.0,7.1,A,-11.7
13067,high,2,40.0,4.0,4.4,C,-100.0
13068,medium,1,5.0,11.0,2.7,A,-100.0
13069,medium,1,4.0,17.0,4.8,A,2.3
13070,low,0,4.0,0.0,4.9,A,-100.0
13071,low,2,3.0,11.0,3.6,C,-18.9
13072,none,2,3.0,5.0,3.1,A,-100.0
13073,low,0,1.0,36.0,8.8,A,15.0
13074,high,2,8.0,7.0,8.8,B,-2.2
13075,none,5,10.0,34.0,7.9,A,15.0
13076,low,0,7.0,1.0,9.4,D,-3.4
13077,low,3,5.0,5.0,2.2,A,-100.0
13078,low,5,1.0,4.0,5.1,A,-100.0
13079,low,0,4.0,19.0,8.6,A,15.0
13080,medium,2,11.0,12.0,8.3,C,7.8
13081,high,0,17.0,24.0,2.8,A,4.6
13082,none,1,10.0,43.0,1.1,A,15.0
13083,low,1,12.0,1.0,8.3,C,-12.5
13084,high,0,10.0,50.0,10.0,A,15.0
13085,medium,1,2.0,2.0,8.1,B,-10.8
13086,none,2,14.0,4.0,9.8,A,-1.2
13087,high,1,10.0,7.0,8.5,B,-1.6
13088,medium,1,5.0,3.0,8.5,A,-6.8
13089,medium,0,18.0,10.0,8.5,C,9.0
13090,medium,5,14.0,6.0,7.9,A,-14.8
13091,low,0,13.0,17.0,6.8,A,15.0
13092,low,3,11.0,8.0,7.3,D,-8.2
13093,low,3,16.0,31.0,9.3,A,15.0
13094,high,2,4.0,4.0,2.1,C,-100.0
13095,low,1,3.0,20.0,9.6,A,15.0
13096,medium,2,6.0,7.0,2.0,A,-100.0
13097,high,1,11.0,4.0,9.5,A,-2.5
13098,high,0,7.0,4.0,9.8,C,2.1
13099,low,1,10.0,37.0,9.6,A,15.0
13100,high,1,5.0,10.0,8.8,A,6.9
13101,low,2,12.0,11.0,7.7,A,2.7
13102,none,2,5.0,12.0,9.3,A,13.7
13103,high,1,3.0,23.0,5.2,A,14.6
13104,none,2,8.0,1.0,7.3,A,-100.0
13105,medium,1,10.0,0.0,8.3,A,-14.8
13106,medium,4,7.0,12.0,9.6,A,10.4
13107,high,3,4.0,47.0,4.1,A,15.0
13108,high,0,13.0,14.0,4.1,B,-8.9
13109,none,2,11.0,45.0,2.6,B,15.0
13110,high,3,7.0,15.0,9.9,D,15.0
13111,medium,1,10.0,1.0,9.5,A,-6.0
13112,none,2,23.0,4.0,7.2,B,-16.4
13113,high,1,4.0,9.0,6.8,C,-6.1
13114,high,1,8.0,3.0,7.4,A,-15.8
13115,low,2,3.0,9.0,10.0,A,12.1
13116,none,1,7.0,8.0,8.8,D,4.9
13117,medium,1,17.0,3.0,3.0,C,-100.0
13118,high,2,8.0,20.0,8.2,A,15.0
13119,medium,3,29.0,1.0,3.3,A,-100.0
13120,medium,1,15.0,12.0,4.1,A,-13.2
13121,none,0,1.0,26.0,9.6,C,15.0
13122,low,2,14.0,11.0,9.1,A,10.2
13123,low,0,13.0,17.0,9.2,C,15.0
13124,high,1,12.0,22.0,8.9,B,15.0
13125,high,1,34.0,11.0,8.4,D,3.9
13126,medium,0,7.0,50.0,4.2,A,15.0
13127,medium,0,2.0,3.0,2.2,A,-100.0
13128,low,0,7.0,2.0,3.3,A,-100.0
13129,high,0,18.0,20.0,8.4,C,15.0
13130,high,3,9.0,3.0,9.8,A,-7.7
13131,medium,3,5.0,34.0,4.0,C,
13132,low,1,18.0,13.0,9.9,C,15.0
13133,low,2,16.0,2.0,2.8,A,-100.0
13134,high,4,22.0,16.0,9.9,A,15.0
13135,high,3,21.0,4.0,8.5,C,-14.0
13136,none,2,10.0,50.0,8.8,B,15.0
13137,low,2,18.0,11.0,6.3,A,-5.6
13138,medium,1,6.0,15.0,3.2,B,-10.9
13139,low,1,6.0,10.0,6.9,B,-0.7
13140,medium,0,9.0,11.0,4.1,B,-12.2
13141,high,0,6.0,7.0,6.0,A,-12.4
13142,high,1,1.0,27.0,,D,
13143,medium,2,9.0,3.0,8.5,D,-9.8
13144,none,0,2.0,22.0,6.0,A,15.0
13145,medium,0,9.0,9.0,8.8,A,9.5
13146,none,3,20.0,31.0,5.7,A,15.0
13147,low,2,22.0,2.0,5.7,A,-100.0
13148,low,0,3.0,9.0,2.1,A,-100.0
13149,low,1,7.0,20.0,2.1,A,-6.2
13150,medium,0,10.0,42.0,3.3,A,15.0
13151,high,1,11.0,10.0,2.7,C,-100.0
13152,high,1,5.0,1.0,6.9,C,-100.0
13153,low,1,6.0,15.0,7.9,C,15.0
13154,none,3,17.0,24.0,2.3,A,-3.3
13155,none,4,32.0,2.0,8.8,A,-17.7
13156,medium,1,3.0,1.0,6.1,A,-100.0
13157,medium,1,7.0,7.0,8.5,A,1.3
13158,low,2,7.0,6.0,9.3,A,1.5
13159,low,0,11.0,13.0,3.9,A,-8.9
13160,high,2,10.0,5.0,3.2,B,-100.0
13161,low,1,23.0,10.0,1.8,C,-100.0
13162,medium,3,14.0,1.0,3.2,A,-100.0
13163,low,1,9.0,17.0,4.2,A,-1.1
13164,medium,2,15.0,1.0,8.5,A,-14.6
13165,high,1,6.0,33.0,3.6,A,15.0
13166,none,0,2.0,38.0,5.5,A,15.0
13167,low,1,6.0,26.0,1.8,C,4.9
13168,high,0,23.0,5.0,8.0,A,-7.3
13169,medium,1,6.0,2.0,6.5,A,-100.0
13170,low,4,12.0,8.0,5.0,A,-100.0
13171,high,2,4.0,22.0,8.7,A,15.0
13172,medium,1,6.0,6.0,9.4,A,4.3
13173,medium,2,27.0,30.0,9.3,A,15.0
13174,high,2,4.0,1.0,8.7,A,-15.0
13175,low,1,23.0,5.0,2.6,A,-100.0
13176,medium,1,2.0,7.0,1.2,A,-100.0
13177,low,1,15.0,19.0,8.7,C,15.0
13178,medium,1,18.0,9.0,5.6,C,-11.5
13179,medium,0,5.0,18.0,7.8,A,15.0
13180,low,2,32.0,25.0,9.2,B,15.0
13181,medium,1,26.0,39.0,4.8,C,15.0
13182,low,1,5.0,2.0,4.4,A,-100.0
13183,medium,2,10.0,31.0,7.5,C,15.0
13184,high,1,9.0,19.0,1.6,A,-14.2
13185,medium,1,20.0,11.0,5.3,A,-9.1
13186,none,1,8.0,11.0,8.1,A,7.2
13187,medium,1,10.0,9.0,6.4,A,-6.3
13188,high,1,3.0,30.0,1.1,C,6.7
13189,high,2,11.0,8.0,8.5,A,-2.1
13190,low,2,6.0,4.0,9.1,A,-3.7
13191,low,1,15.0,17.0,6.6,A,11.5
13192,low,1,,27.0,4.7,C,
13193,high,2,4.0,7.0,9.7,A,3.1
13194,high,0,7.0,27.0,4.3,A,15.0
13195,low,3,5.0,21.0,1.2,A,-13.8
13196,high,4,13.0,3.0,5.2,A,-100.0
13197,medium,0,14.0,10.0,8.8,D,11.1
13198,high,2,11.0,18.0,5.3,A,1.3
13199,high,0,21.0,7.0,9.7,A,6.4
13200,medium,3,5.0,6.0,9.9,A,2.2
13201,high,0,5.0,16.0,2.2,C,-14.3
13202,medium,1,11.0,9.0,1.8,A,-100.0
13203,high,1,18.0,11.0,4.4,A,-16.5
13204,medium,2,12.0,10.0,3.7,D,-100.0
13205,low,2,7.0,21.0,2.7,A,-3.3
13206,low,0,15.0,5.0,8.3,A,-1.9
13207,high,2,22.0,0.0,2.9,B,-100.0
13208,none,1,10.0,6.0,9.1,A,2.0
13209,none,2,8.0,13.0,9.6,A,15.0
13210,none,4,6.0,7.0,9.7,A,0.3
13211,none,2,8.0,8.0,9.6,B,6.7
13212,low,4,6.0,4.0,3.1,A,-100.0
13213,medium,0,7.0,12.0,6.3,D,2.2
13214,low,0,10.0,1.0,8.6,A,-8.1
13215,low,4,17.0,5.0,9.5,C,-5.5
13216,low,1,8.0,6.0,2.0,A,-100.0
13217,,1,13.0,8.0,2.2,A,-100.0
13218,low,1,14.0,2.0,9.1,A,-6.2
13219,none,0,4.0,3.0,9.6,A,1.6
13220,medium,1,18.0,13.0,6.3,A,0.8
13221,low,0,10.0,15.0,9.5,C,15.0
13222,medium,1,22.0,1.0,9.8,A,-5.6
13223,low,3,21.0,36.0,9.4,A,15.0
13224,high,2,14.0,11.0,2.6,A,-100.0
13225,medium,1,17.0,12.0,5.6,A,-5.1
13226,low,1,17.0,50.0,3.5,A,15.0
13227,high,1,16.0,42.0,3.5,C,15.0
13228,high,3,9.0,7.0,4.2,D,-100.0
13229,low,0,5.0,2.0,9.5,C,-0.6
13230,low,3,7.0,1.0,10.0,A,-7.6
13231,high,2,17.0,6.0,9.7,C,-0.3
13232,high,1,8.0,10.0,9.8,A,12.1
13233,high,0,10.0,0.0,4.0,A,-100.0
13234,medium,2,4.0,26.0,3.2,A,9.9
13235,none,3,8.0,6.0,1.6,A,-100.0
13236,high,2,8.0,13.0,8.5,A,8.7
13237,none,2,10.0,2.0,5.7,D,-100.0
13238,high,0,6.0,2.0,8.3,A,-10.3
13239,medium,1,10.0,19.0,3.5,A,-1.3
13240,high,1,5.0,1.0,2.6,A,-100.0
13241,none,0,15.0,0.0,9.3,A,-7.5
13242,high,5,9.0,37.0,6.8,D,15.0
13243,low,0,2.0,23.0,8.8,A,15.0
13244,low,0,5.0,1.0,9.1,A,-4.9
13245,none,2,3.0,22.0,7.0,A,15.0
13246,medium,1,11.0,21.0,6.0,A,15.0
13247,high,1,2.0,4.0,8.1,C,-9.3
13248,high,1,7.0,5.0,1.0,A,-100.0
13249,medium,1,21.0,17.0,9.2,A,15.0
13250,medium,2,22.0,2.0,2.9,B,-100.0
13251,low,2,5.0,4.0,1.7,A,-100.0
13252,low,1,20.0,7.0,6.7,A,-9.5
13253,,4,7.0,15.0,6.2,A,-2.2
13254,,3,10.0,16.0,3.4,A,-13.3
13255,low,1,9.0,43.0,5.4,A,15.0
13256,,1,7.0,10.0,4.8,A,-12.9
13257,low,5,28.0,0.0,8.9,B,-100.0
13258,high,2,6.0,7.0,10.0,A,4.6
13259,high,0,9.0,8.0,9.6,C,9.2
13260,low,1,4.0,2.0,1.8,B,-100.0
13261,low,1,10.0,9.0,2.8,A,-100.0
13262,none,3,10.0,0.0,8.3,A,-20.0
13263,low,2,16.0,1.0,8.6,B,-13.7
13264,medium,2,16.0,2.0,1.1,A,-100.0
13265,medium,0,6.0,11.0,3.5,A,-15.2
13266,medium,1,8.0,13.0,2.3,D,-100.0
13267,low,1,6.0,15.0,5.4,A,1.6
13268,low,1,9.0,13.0,8.9,A,15.0
13269,low,0,4.0,1.0,8.5,B,-8.1
13270,medium,2,1.0,18.0,1.2,C,-17.6
13271,none,0,7.0,13.0,7.1,A,8.5
13272,low,3,6.0,8.0,2.1,B,-100.0
13273,high,1,11.0,5.0,8.1,A,-8.1
13274,medium,1,19.0,35.0,3.9,C,15.0
13275,medium,2,15.0,23.0,7.8,A,15.0
13276,medium,1,15.0,35.0,8.0,A,15.0
13277,none,4,6.0,15.0,8.1,A,8.3
13278,none,1,3.0,3.0,9.8,D,0.3
13279,high,1,14.0,10.0,3.4,A,-100.0
13280,medium,1,6.0,12.0,9.4,A,15.0
13281,high,3,7.0,25.0,7.6,B,15.0
13282,low,1,5.0,1.0,9.7,A,-4.1
13283,high,2,18.0,8.0,8.2,A,-4.4
13284,high,0,,50.0,3.3,C,
13285,medium,3,4.0,10.0,7.7,A,-1.5
13286,medium,5,2.0,9.0,7.1,D,-11.6
13287,high,1,5.0,3.0,10.0,A,-1.2
13288,high,3,17.0,5.0,9.4,A,-6.5
13289,none,0,4.0,4.0,5.6,D,-18.3
13290,medium,1,8.0,8.0,9.3,A,7.8
13291,none,1,15.0,1.0,6.2,D,-100.0
13292,high,3,6.0,4.0,2.4,A,-100.0
13293,medium,3,6.0,2.0,8.5,D,-14.0
13294,high,0,6.0,8.0,6.6,A,-7.0
13295,low,2,3.0,9.0,7.6,A,-1.1
13296,high,1,8.0,9.0,9.0,A,5.6
13297,high,3,16.0,11.0,6.9,A,-7.6
13298,medium,2,10.0,20.0,3.7,C,-0.5
13299,high,2,11.0,14.0,2.5,A,-100.0
13300,low,0,4.0,1.0,6.0,C,-100.0
13301,none,3,10.0,1.0,7.9,C,-100.0
13302,medium,1,5.0,13.0,7.7,C,9.7
13303,none,1,10.0,1.0,7.3,A,-18.4
13304,medium,4,5.0,0.0,3.4,C,-100.0
13305,high,3,20.0,0.0,8.2,B,-100.0
13306,none,2,5.0,2.0,2.1,A,-100.0
13307,none,0,5.0,9.0,9.2,A,11.9
13308,medium,0,17.0,27.0,1.7,A,7.4
13309,none,1,4.0,15.0,9.2,A,15.0
13310,medium,0,0.0,5.0,1.1,C,-100.0
13311,high,0,10.0,4.0,9.1,D,-2.1
13312,medium,0,10.0,50.0,9.9,A,15.0
13313,high,0,12.0,1.0,8.3,A,-13.0
13314,low,0,6.0,50.0,3.2,C,15.0
13315,medium,1,1.0,2.0,8.3,B,-9.7
13316,low,1,5.0,6.0,7.2,A,-7.3
13317,medium,0,25.0,2.0,3.1,A,-100.0
13318,medium,2,23.0,42.0,5.7,C,15.0
13319,medium,0,2.0,26.0,6.0,A,15.0
13320,high,0,6.0,2.0,6.0,A,-100.0
13321,high,0,3.0,19.0,8.6,A,15.0
13322,high,4,8.0,19.0,1.6,A,-100.0
13323,high,2,11.0,3.0,4.3,A,-100.0
13324,none,5,13.0,15.0,9.0,A,10.1
13325,high,2,1.0,19.0,4.8,A,1.7
13326,low,0,4.0,16.0,2.9,A,-7.4
13327,none,0,12.0,2.0,5.3,A,-100.0
13328,medium,1,6.0,10.0,8.3,C,6.7
13329,high,0,9.0,23.0,9.3,A,15.0
13330,high,3,3.0,18.0,10.0,B,15.0
13331,high,4,5.0,3.0,8.6,A,-16.4
13332,none,0,13.0,5.0,5.3,A,-18.8
13333,,0,8.0,24.0,8.6,A,15.0
13334,medium,3,3.0,8.0,6.8,A,-10.5
13335,high,4,6.0,22.0,1.7,C,-14.6
13336,medium,0,4.0,0.0,3.6,C,-100.0
13337,high,0,13.0,6.0,2.3,B,-100.0
13338,high,1,5.0,9.0,9.2,C,7.0
13339,high,1,2.0,4.0,3.5,A,-100.0
13340,low,3,15.0,10.0,5.4,D,-14.8
13341,none,0,9.0,22.0,9.5,A,15.0
13342,low,1,8.0,23.0,4.9,A,15.0
13343,medium,2,9.0,4.0,1.5,C,-100.0
13344,low,2,19.0,25.0,5.1,A,15.0
13345,low,5,40.0,7.0,5.2,A,-100.0
13346,high,1,7.0,14.0,6.8,D,4.1
13347,medium,0,8.0,1.0,1.6,C,-100.0
13348,low,1,11.0,14.0,6.1,A,2.8
13349,medium,1,30.0,2.0,1.1,A,-100.0
13350,none,1,10.0,28.0,4.7,A,15.0
13351,low,0,19.0,8.0,3.6,A,-100.0
13352,low,4,5.0,3.0,8.8,A,-12.3
13353,low,0,15.0,1.0,8.5,A,-9.2
13354,low,4,18.0,0.0,9.5,A,-16.1
13355,low,3,8.0,12.0,5.1,D,-11.6
13356,medium,0,15.0,0.0,8.9,A,-9.4
13357,high,2,5.0,29.0,4.6,C,15.0
13358,low,1,10.0,19.0,1.2,B,-13.5
13359,medium,1,4.0,1.0,8.1,A,-13.1
13360,none,0,12.0,5.0,4.7,A,-100.0
13361,high,3,3.0,12.0,1.0,A,-100.0
13362,low,4,6.0,6.0,3.8,A,-100.0
13363,,1,5.0,2.0,1.7,C,-100.0
13364,low,3,11.0,1.0,9.9,B,-8.6
13365,,1,15.0,5.0,5.6,A,-19.8
13366,medium,1,12.0,12.0,8.1,A,9.2
13367,high,2,12.0,33.0,9.5,B,15.0
13368,high,2,15.0,1.0,1.5,A,-100.0
13369,high,0,16.0,6.0,8.7,A,-0.7
13370,low,1,6.0,50.0,8.3,A,15.0
13371,high,2,3.0,14.0,4.5,C,-10.7
13372,high,0,0.0,15.0,3.7,C,-7.7
13373,low,0,5.0,0.0,9.8,A,-3.1
13374,none,0,3.0,13.0,3.4,C,-11.4
13375,none,1,3.0,16.0,1.0,A,-100.0
13376,low,1,2.0,7.0,4.7,C,-18.7
13377,high,3,11.0,30.0,8.2,A,15.0
13378,high,1,8.0,1.0,8.7,B,-12.9
13379,,3,40.0,3.0,6.7,C,-100.0
13380,low,2,12.0,11.0,4.8,D,-13.2
13381,high,1,0.0,1.0,,D,
13382,medium,1,7.0,2.0,9.7,A,-2.6
13383,low,2,11.0,5.0,3.3,C,-100.0
13384,none,4,7.0,2.0,8.6,D,-16.3
13385,high,0,2.0,6.0,4.2,A,-100.0
13386,high,1,1.0,3.0,7.8,A,-12.9
13387,high,3,29.0,7.0,9.4,A,-3.5
13388,none,2,1.0,8.0,8.4,A,0.8
13389,low,2,6.0,13.0,9.9,A,15.0
13390,medium,1,9.0,10.0,4.4,A,-15.1
13391,low,3,2.0,25.0,8.9,B,15.0
13392,none,2,33.0,31.0,1.5,A,7.9
13393,high,3,6.0,20.0,3.2,B,-8.0
13394,medium,1,0.0,5.0,5.4,A,-19.2
13395,low,0,28.0,2.0,2.3,B,-100.0
13396,low,1,13.0,3.0,7.0,A,-15.5
13397,low,0,16.0,24.0,9.6,A,15.0
13398,low,3,5.0,8.0,3.6,A,-100.0
13399,low,2,12.0,17.0,5.7,A,4.3
13400,none,2,21.0,24.0,1.4,A,-6.1
13401,low,2,3.0,16.0,9.1,C,15.0
13402,low,0,1.0,4.0,9.2,A,2.4
13403,high,1,10.0,6.0,7.5,A,-9.2
13404,none,0,12.0,17.0,9.1,A,15.0
13405,medium,0,7.0,2.0,9.3,C,-2.2
13406,low,0,2.0,4.0,2.5,A,-100.0
13407,high,3,10.0,9.0,9.6,A,3.7
13408,medium,1,5.0,1.0,8.1,A,-13.3
13409,high,0,17.0,10.0,4.1,A,-17.7
13410,low,3,18.0,3.0,1.3,A,-100.0
13411,medium,1,9.0,3.0,2.0,B,-100.0
13412,low,1,4.0,10.0,6.3,A,-3.8
13413,medium,1,7.0,4.0,5.0,A,-100.0
13414,medium,3,4.0,4.0,8.9,A,-7.4
13415,low,1,12.0,16.0,8.6,A,15.0
13416,low,0,16.0,0.0,5.2,A,-100.0
13417,high,1,16.0,12.0,1.2,D,-100.0
13418,high,3,13.0,6.0,4.5,D,-100.0
13419,high,1,15.0,24.0,1.1,A,-7.1
13420,high,1,12.0,2.0,4.4,C,-100.0
13421,,3,11.0,7.0,9.0,B,-1.5
13422,high,2,12.0,38.0,6.9,B,15.0
13423,high,3,7.0,8.0,8.4,A,-4.7
13424,,0,0.0,5.0,6.3,B,-12.0
13425,low,1,5.0,1.0,8.1,A,-12.9
13426,none,1,9.0,4.0,8.4,A,-5.9
13427,medium,1,3.0,32.0,3.5,A,15.0
13428,low,1,9.0,28.0,9.6,C,15.0
13429,medium,0,3.0,5.0,5.1,C,-18.7
13430,low,1,8.0,19.0,2.4,A,-6.7
13431,medium,1,5.0,11.0,9.9,D,15.0
13432,low,3,5.0,14.0,1.6,D,-100.0
13433,none,4,12.0,10.0,5.5,A,-17.1
13434,high,0,15.0,10.0,9.0,A,9.5
13435,low,0,16.0,17.0,1.2,A,-15.8
13436,high,0,5.0,1.0,1.8,A,-100.0
13437,high,1,23.0,5.0,2.6,C,-100.0
13438,low,1,25.0,19.0,7.7,C,15.0
13439,medium,1,0.0,29.0,4.1,A,15.0
13440,medium,0,5.0,5.0,9.9,A,7.6
13441,low,2,3.0,8.0,5.8,D,-13.1
13442,medium,0,22.0,39.0,4.4,A,15.0
13443,medium,2,25.0,0.0,8.3,A,-18.7
13444,none,2,6.0,4.0,6.3,C,-19.7
13445,low,2,8.0,6.0,1.9,C,-100.0
13446,high,2,9.0,0.0,6.2,C,-100.0
13447,low,0,15.0,35.0,8.4,A,15.0
13448,medium,0,6.0,20.0,2.2,A,-3.4
13449,high,2,9.0,20.0,9.8,A,15.0
13450,medium,2,5.0,16.0,1.0,A,-100.0
13451,low,1,4.0,11.0,9.1,C,13.7
13452,high,0,4.0,16.0,6.0,C,6.7
13453,medium,0,14.0,3.0,2.4,C,-100.0
13454,low,1,10.0,50.0,9.0,A,15.0
13455,medium,1,5.0,27.0,7.1,B,15.0
13456,none,0,8.0,23.0,2.0,B,1.4
13457,none,0,5.0,7.0,6.3,C,-8.3
13458,high,1,18.0,6.0,8.6,A,-3.9
13459,low,1,9.0,10.0,9.5,A,13.3
13460,low,0,1.0,16.0,1.4,D,-15.3
13461,medium,4,5.0,3.0,3.9,B,-100.0
13462,low,3,6.0,2.0,8.2,A,-15.3
13463,low,3,5.0,9.0,2.5,A,-100.0
13464,low,2,5.0,6.0,6.9,A,-11.5
13465,medium,0,14.0,16.0,1.1,A,-18.6
13466,medium,3,12.0,18.0,7.3,A,12.4
13467,none,1,1.0,12.0,8.7,B,13.3
13468,high,3,4.0,44.0,8.7,B,15.0
13469,none,0,4.0,8.0,5.5,A,-10.5
13470,low,1,14.0,5.0,9.8,A,4.0
13471,none,0,11.0,4.0,7.0,A,-11.3
13472,low,0,1.0,8.0,9.9,C,14.6
13473,low,1,16.0,4.0,2.3,A,-100.0
13474,low,0,20.0,5.0,9.9,C,6.4
13475,medium,1,16.0,9.0,2.5,B,-100.0
13476,high,2,19.0,6.0,8.6,D,-6.5
13477,low,0,4.0,3.0,8.1,A,-6.1
13478,high,1,12.0,1.0,9.2,A,-10.5
13479,medium,0,13.0,2.0,1.8,A,-100.0
13480,,3,15.0,12.0,9.3,A,10.2
13481,none,2,16.0,9.0,3.8,A,-100.0
13482,high,1,10.0,18.0,9.7,A,15.0
13483,none,1,3.0,6.0,7.6,C,-5.5
13484,medium,3,6.0,3.0,7.0,A,-100.0
13485,high,0,17.0,4.0,4.2,A,-100.0
13486,medium,1,4.0,7.0,3.9,A,-100.0
13487,low,1,8.0,14.0,8.7,A,15.0
13488,none,2,12.0,17.0,6.8,A,9.8
13489,high,0,20.0,3.0,5.1,A,-100.0
13490,low,1,5.0,5.0,9.3,A,2.1
13491,low,3,5.0,14.0,1.4,B,-100.0
13492,high,1,9.0,0.0,6.9,A,-100.0
13493,medium,2,16.0,13.0,8.5,B,10.6
13494,high,1,3.0,23.0,4.8,A,12.4
13495,high,5,8.0,1.0,5.3,B,-100.0
13496,low,1,3.0,13.0,1.8,C,-100.0
13497,high,1,19.0,47.0,9.8,B,15.0
13498,medium,1,6.0,3.0,6.8,A,-16.3
13499,low,1,6.0,3.0,9.4,A,-1.6
13500,,4,8.0,6.0,8.7,A,-7.5
13501,high,0,7.0,4.0,5.1,A,-100.0
13502,low,2,11.0,8.0,8.2,C,-0.7
13503,none,0,18.0,7.0,7.5,A,-3.0
13504,medium,0,14.0,2.0,9.4,A,-2.4
13505,low,1,5.0,0.0,3.0,C,-100.0
13506,medium,3,1.0,11.0,8.7,A,6.4
13507,medium,3,6.0,7.0,5.0,D,-100.0
13508,medium,1,11.0,12.0,6.5,A,0.4
13509,low,1,3.0,5.0,8.3,A,-3.2
13510,high,0,4.0,16.0,4.4,A,-2.1
13511,none,1,13.0,13.0,8.2,A,11.5
13512,high,2,9.0,23.0,8.2,A,15.0
13513,high,1,10.0,3.0,3.7,A,-100.0
13514,low,2,25.0,4.0,1.3,A,-100.0
13515,none,0,1.0,6.0,1.3,C,-100.0
13516,high,3,21.0,7.0,9.8,B,-0.5
13517,high,1,20.0,21.0,1.9,A,-9.5
13518,low,1,9.0,11.0,7.7,B,5.5
13519,none,0,7.0,32.0,9.6,A,15.0
13520,high,3,20.0,25.0,9.1,A,15.0
13521,high,0,9.0,3.0,8.8,C,-5.7
13522,high,2,17.0,13.0,5.3,A,-9.8
13523,none,1,9.0,0.0,7.0,A,-100.0
13524,high,1,8.0,5.0,8.7,A,-4.5
13525,none,3,1.0,3.0,9.2,A,-7.8
13526,low,0,12.0,1.0,7.1,A,-16.6
13527,low,1,14.0,4.0,2.2,A,-100.0
13528,low,2,19.0,5.0,1.3,C,-100.0
13529,low,2,15.0,8.0,3.6,A,-100.0
13530,high,2,4.0,1.0,4.8,A,-100.0
13531,medium,1,2.0,32.0,9.6,A,15.0
13532,medium,2,4.0,44.0,4.7,A,15.0
13533,low,0,18.0,29.0,6.8,A,15.0
13534,medium,2,4.0,16.0,6.2,C,5.4
13535,low,2,4.0,11.0,5.0,B,-11.3
13536,medium,5,6.0,17.0,6.9,A,3.6
13537,low,1,11.0,4.0,9.6,A,1.1
13538,none,1,12.0,21.0,8.6,C,15.0
13539,medium,2,23.0,15.0,2.2,A,-100.0
13540,high,4,12.0,24.0,1.9,C,-9.9
13541,low,1,9.0,13.0,8.9,C,15.0
13542,high,1,3.0,20.0,2.1,A,-8.8
13543,high,1,6.0,14.0,4.9,A,-6.3
13544,none,1,9.0,1.0,8.4,B,-12.2
13545,high,2,4.0,25.0,1.5,A,-4.2
13546,medium,2,3.0,3.0,5.0,A,-100.0
13547,medium,2,21.0,30.0,9.2,A,15.0
13548,none,3,10.0,1.0,4.3,B,-100.0
13549,medium,0,15.0,37.0,3.9,A,15.0
13550,low,3,19.0,2.0,1.4,B,-100.0
13551,high,0,4.0,1.0,9.1,A,-7.8
13552,high,0,11.0,8.0,2.3,A,-100.0
13553,high,0,16.0,2.0,9.3,A,-5.8
13554,low,1,5.0,13.0,8.6,A,15.0
13555,low,5,13.0,0.0,8.7,B,-100.0
13556,medium,0,6.0,0.0,2.1,A,-100.0
13557,none,1,7.0,12.0,4.1,A,-12.6
13558,low,2,3.0,3.0,8.8,A,-7.1
13559,medium,2,6.0,11.0,5.0,A,-11.9
13560,medium,2,,12.0,8.3,C,
13561,medium,1,31.0,1.0,7.6,A,-18.6
13562,none,1,33.0,4.0,6.9,A,-16.6
13563,none,0,19.0,17.0,6.1,B,10.2
13564,low,0,20.0,50.0,1.6,D,15.0
13565,medium,3,1.0,21.0,9.4,A,15.0
13566,low,0,3.0,7.0,8.8,A,6.3
13567,medium,2,14.0,15.0,3.4,A,-13.1
13568,high,2,5.0,0.0,8.3,A,-19.4
13569,high,1,11.0,9.0,1.7,A,-100.0
13570,low,2,13.0,10.0,7.5,A,-0.6
13571,low,2,25.0,26.0,8.0,A,15.0
13572,low,3,17.0,7.0,6.1,A,-17.5
13573,high,1,11.0,18.0,8.1,A,15.0
13574,medium,1,5.0,13.0,5.2,A,-4.0
13575,,3,15.0,4.0,1.6,C,-100.0
13576,low,2,14.0,4.0,3.0,B,-100.0
13577,none,2,11.0,3.0,6.6,A,-100.0
13578,low,2,0.0,10.0,8.6,A,6.8
13579,high,1,10.0,11.0,8.5,A,6.8
13580,medium,0,6.0,4.0,6.6,B,-12.8
13581,low,0,5.0,5.0,6.9,B,-8.6
13582,high,1,16.0,3.0,3.4,A,-100.0
13583,low,1,6.0,0.0,4.5,C,-100.0
13584,none,2,3.0,5.0,3.9,D,-100.0
13585,low,1,8.0,1.0,3.1,C,-100.0
13586,low,0,8.0,13.0,7.6,C,11.8
13587,medium,1,8.0,26.0,3.8,A,15.0
13588,medium,0,16.0,2.0,5.1,A,-100.0
13589,low,1,9.0,15.0,9.8,D,15.0
13590,low,3,18.0,16.0,1.1,A,-100.0
13591,high,2,7.0,5.0,9.3,A,-3.6
13592,none,1,15.0,2.0,8.3,A,-11.3
13593,low,0,15.0,4.0,8.1,A,-5.1
13594,none,2,14.0,45.0,9.2,C,15.0
13595,low,2,8.0,2.0,3.5,C,-100.0
13596,medium,2,20.0,34.0,1.0,A,13.0
13597,low,2,6.0,5.0,5.6,A,-100.0
13598,low,0,6.0,20.0,9.7,C,15.0
13599,none,0,12.0,4.0,4.0,A,-100.0
13600,none,2,14.0,14.0,1.7,A,-100.0
13601,low,1,24.0,5.0,1.1,A,-100.0
13602,none,2,7.0,9.0,6.6,A,-7.6
13603,medium,2,22.0,7.0,3.6,A,-100.0
13604,low,0,11.0,13.0,9.8,A,15.0
13605,low,3,4.0,2.0,5.8,A,-100.0
13606,medium,1,23.0,13.0,,D,
13607,low,1,28.0,1.0,8.6,A,-12.4
13608,high,2,4.0,15.0,3.1,A,-16.4
13609,high,3,14.0,16.0,9.4,C,15.0
13610,low,1,11.0,12.0,2.2,A,-100.0
13611,none,0,9.0,3.0,5.7,C,-100.0
13612,low,0,9.0,8.0,9.3,A,10.5
13613,none,4,9.0,3.0,7.5,A,-100.0
13614,low,1,2.0,19.0,8.5,A,15.0
13615,none,3,11.0,3.0,4.5,C,-100.0
13616,low,0,14.0,5.0,8.8,A,1.0
13617,high,2,5.0,7.0,7.6,A,-8.5
13618,none,3,1.0,45.0,2.4,A,15.0
13619,medium,2,3.0,0.0,9.3,A,-11.1
13620,none,2,8.0,4.0,8.1,A,-10.0
13621,low,0,7.0,26.0,2.0,B,8.4
13622,medium,1,5.0,25.0,5.3,A,15.0
13623,high,4,7.0,9.0,4.6,C,-100.0
13624,high,2,27.0,8.0,9.3,A,0.7
13625,low,0,10.0,1.0,8.7,A,-7.6
13626,medium,4,10.0,4.0,8.5,A,-12.7
13627,low,0,9.0,3.0,1.1,A,-100.0
13628,high,1,6.0,33.0,5.6,C,15.0
13629,high,1,22.0,16.0,1.4,B,-100.0
13630,medium,0,8.0,2.0,6.6,B,-17.2
13631,medium,1,6.0,4.0,8.6,C,-4.3
13632,none,2,4.0,4.0,1.3,A,-100.0
13633,high,1,2.0,5.0,2.8,A,-100.0
13634,low,1,14.0,9.0,1.4,B,-100.0
13635,high,1,13.0,50.0,1.1,A,15.0
13636,low,0,5.0,12.0,3.3,A,-13.7
13637,high,1,17.0,1.0,2.5,A,-100.0
13638,low,2,27.0,10.0,3.8,A,-100.0
13639,low,0,2.0,0.0,7.1,D,-17.7
13640,low,1,21.0,5.0,7.4,A,-9.9
13641,none,1,11.0,3.0,1.7,A,-100.0
13642,high,3,6.0,3.0,10.0,A,-6.3
13643,medium,0,7.0,45.0,8.3,A,15.0
13644,low,1,3.0,7.0,9.6,C,8.2
13645,high,2,15.0,9.0,9.2,A,3.5
13646,medium,2,6.0,12.0,2.1,A,-100.0
13647,high,1,6.0,41.0,7.4,B,15.0
13648,low,2,9.0,10.0,4.7,B,-15.6
13649,high,3,2.0,32.0,7.0,A,15.0
13650,high,1,3.0,16.0,6.9,C,9.2
13651,high,2,6.0,17.0,9.4,B,15.0
13652,none,2,10.0,0.0,1.3,A,-100.0
13653,none,1,6.0,0.0,2.4,B,-100.0
13654,medium,1,23.0,6.0,9.7,A,4.3
13655,high,0,5.0,4.0,9.5,C,0.6
13656,medium,1,5.0,1.0,7.1,A,-18.7
13657,low,3,9.0,47.0,8.8,C,15.0
13658,high,2,6.0,5.0,8.4,A,-8.4
13659,low,0,8.0,18.0,4.4,A,4.7
13660,medium,3,7.0,3.0,7.6,A,-17.0
13661,none,1,,4.0,8.7,C,
13662,medium,2,2.0,17.0,2.5,A,-12.6
13663,none,0,4.0,5.0,2.9,A,-100.0
13664,low,3,13.0,8.0,8.8,A,-0.1
13665,none,4,4.0,1.0,8.9,A,-16.5
13666,medium,0,10.0,27.0,7.9,A,15.0
13667,low,2,3.0,19.0,8.1,A,15.0
13668,medium,1,1.0,9.0,5.4,A,-10.9
13669,high,2,6.0,14.0,8.1,C,8.8
13670,high,1,7.0,13.0,4.9,A,-8.5
13671,high,1,10.0,1.0,2.3,B,-100.0
13672,low,2,8.0,12.0,7.6,A,4.7
13673,low,0,11.0,16.0,7.7,C,15.0
13674,none,0,7.0,2.0,8.8,B,-5.2
13675,high,3,20.0,11.0,9.3,D,5.2
13676,low,2,27.0,34.0,4.1,B,15.0
13677,medium,2,19.0,7.0,8.2,A,-4.0
13678,low,2,7.0,9.0,8.6,D,4.0
13679,low,1,14.0,21.0,8.4,A,15.0
13680,high,2,4.0,6.0,9.8,A,1.6
13681,high,1,4.0,4.0,5.4,C,-100.0
13682,low,0,5.0,2.0,9.5,A,-0.6
13683,medium,1,3.0,4.0,9.1,A,-1.2
13684,medium,1,11.0,20.0,3.3,A,-0.4
13685,high,2,5.0,1.0,8.4,C,-16.7
13686,high,1,17.0,4.0,7.1,A,-16.3
13687,low,0,14.0,16.0,6.9,A,13.6
13688,low,0,,23.0,8.8,C,
13689,high,1,2.0,4.0,9.3,D,-2.7
13690,medium,1,10.0,8.0,4.7,A,-17.8
13691,high,0,7.0,13.0,8.5,A,13.8
13692,medium,0,2.0,11.0,1.5,A,-100.0
13693,medium,0,7.0,2.0,2.0,B,-100.0
13694,medium,4,2.0,10.0,6.2,A,-12.0
13695,high,0,5.0,22.0,5.8,B,15.0
13696,high,2,8.0,7.0,9.0,A,-1.1
13697,low,0,10.0,5.0,9.8,D,6.9
13698,high,0,14.0,13.0,2.1,D,-100.0
13699,high,1,6.0,14.0,6.1,A,0.3
13700,low,1,1.0,17.0,2.9,A,-7.5
13701,high,0,10.0,4.0,1.4,D,-100.0
13702,high,4,6.0,50.0,5.3,A,15.0
13703,low,3,3.0,1.0,1.9,C,-100.0
13704,high,2,7.0,14.0,9.8,C,15.0
13705,low,1,8.0,9.0,9.0,B,8.6
13706,none,1,6.0,3.0,5.1,A,-100.0
13707,medium,0,2.0,45.0,8.5,D,15.0
13708,none,1,4.0,2.0,8.1,A,-11.3
13709,low,1,29.0,2.0,6.3,A,-100.0
13710,low,2,6.0,16.0,8.5,C,15.0
13711,low,1,8.0,11.0,6.3,A,-2.1
13712,low,0,14.0,21.0,6.1,A,15.0
13713,low,1,5.0,1.0,5.1,A,-100.0
13714,medium,4,2.0,5.0,1.4,D,-100.0
13715,medium,2,9.0,7.0,8.9,A,0.8
13716,high,0,14.0,4.0,8.9,C,-3.6
13717,medium,1,4.0,27.0,3.6,C,15.0
13718,,0,17.0,31.0,1.3,C,13.4
13719,high,2,11.0,10.0,8.3,A,1.0
13720,medium,3,5.0,20.0,1.5,A,-14.7
13721,low,0,3.0,4.0,1.0,C,-100.0
13722,none,2,5.0,8.0,1.0,C,-100.0
13723,high,3,15.0,9.0,8.4,B,-3.4
13724,low,2,3.0,6.0,6.1,A,-15.7
13725,none,3,21.0,7.0,8.7,A,-4.2
13726,low,0,9.0,6.0,1.4,A,-100.0
13727,medium,4,12.0,37.0,1.0,A,15.0
13728,high,1,11.0,26.0,8.7,A,15.0
13729,high,1,8.0,24.0,1.4,A,-4.7
13730,medium,0,,5.0,1.0,C,
13731,none,1,4.0,27.0,8.6,A,15.0
13732,medium,0,10.0,4.0,,D,
13733,,3,14.0,7.0,7.4,C,-10.6
13734,high,3,14.0,19.0,2.1,A,-17.0
13735,high,3,3.0,11.0,8.9,D,4.7
13736,high,0,16.0,25.0,9.6,C,15.0
13737,medium,0,13.0,18.0,9.2,A,15.0
13738,low,1,8.0,15.0,9.4,C,15.0
13739,low,1,15.0,10.0,9.7,A,13.8
13740,high,1,7.0,50.0,9.4,A,15.0
13741,high,0,5.0,12.0,6.4,A,0.4
13742,low,1,25.0,15.0,5.9,A,2.4
13743,none,2,6.0,4.0,4.6,A,-100.0
13744,low,2,1.0,12.0,2.8,C,-100.0
13745,low,2,9.0,18.0,9.2,C,15.0
13746,none,1,9.0,27.0,2.1,A,7.7
13747,low,1,3.0,16.0,8.5,C,15.0
13748,low,0,0.0,13.0,,A,
13749,medium,2,11.0,9.0,2.5,B,-100.0
13750,none,1,35.0,12.0,9.6,A,14.9
13751,low,3,11.0,32.0,9.8,A,15.0
13752,,1,15.0,1.0,2.2,B,-100.0
13753,high,5,34.0,9.0,2.8,A,-100.0
13754,medium,2,5.0,20.0,7.0,A,15.0
13755,high,3,8.0,1.0,5.3,C,-100.0
13756,low,2,15.0,4.0,8.6,B,-7.3
13757,low,2,11.0,8.0,8.9,C,3.1
13758,low,2,12.0,1.0,6.9,B,-100.0
13759,none,3,12.0,5.0,5.9,A,-100.0
13760,low,0,18.0,23.0,9.9,A,15.0
13761,medium,1,30.0,6.0,9.0,A,-0.3
13762,low,0,6.0,16.0,6.9,C,14.4
13763,high,3,2.0,11.0,4.1,A,-100.0
13764,high,0,5.0,35.0,9.0,D,15.0
13765,low,1,9.0,10.0,9.0,C,10.6
13766,low,2,5.0,20.0,1.0,C,-14.5
13767,high,1,15.0,8.0,9.0,A,2.8
13768,high,3,16.0,3.0,5.8,C,-100.0
13769,medium,0,13.0,6.0,9.0,B,3.9
13770,high,2,11.0,4.0,1.2,A,-100.0
13771,medium,2,8.0,3.0,3.3,A,-100.0
13772,high,0,4.0,5.0,1.0,A,-100.0
13773,low,2,7.0,3.0,8.8,C,-7.5
13774,low,2,12.0,31.0,8.3,A,15.0
13775,medium,3,1.0,8.0,6.6,A,-11.4
13776,medium,1,4.0,8.0,9.5,A,9.2
13777,medium,0,5.0,9.0,9.0,C,11.0
13778,low,0,5.0,27.0,7.7,B,15.0
13779,low,4,3.0,15.0,1.8,B,-100.0
13780,low,0,8.0,9.0,3.3,B,-100.0
13781,low,0,10.0,22.0,7.9,A,15.0
13782,medium,0,9.0,21.0,6.4,C,15.0
13783,high,0,16.0,5.0,4.0,C,-100.0
13784,low,1,2.0,2.0,9.8,C,-1.1
13785,low,2,7.0,3.0,5.7,A,-100.0
13786,medium,0,30.0,4.0,6.5,C,-15.8
13787,low,1,3.0,23.0,9.1,A,15.0
13788,medium,2,6.0,9.0,8.6,A,3.7
13789,medium,2,9.0,8.0,9.1,A,4.1
13790,medium,2,4.0,5.0,8.1,C,-7.2
13791,low,2,8.0,2.0,6.9,A,-100.0
13792,medium,0,16.0,8.0,1.7,A,-100.0
13793,medium,0,4.0,1.0,1.4,D,-100.0
13794,medium,1,1.0,5.0,8.5,A,-2.2
13795,high,1,9.0,22.0,2.4,A,-3.5
13796,low,1,2.0,5.0,7.2,A,-9.1
13797,high,0,7.0,5.0,5.9,A,-17.3
13798,high,3,5.0,2.0,9.5,A,-11.1
13799,high,5,12.0,3.0,5.7,D,-100.0
13800,high,2,27.0,31.0,7.5,C,15.0
13801,none,0,13.0,1.0,2.1,A,-100.0
13802,low,0,9.0,1.0,3.3,B,-100.0
13803,medium,2,9.0,5.0,4.9,A,-100.0
13804,low,0,17.0,12.0,9.5,A,15.0
13805,medium,0,23.0,19.0,1.7,A,-10.0
13806,high,3,1.0,18.0,8.4,A,15.0
13807,low,0,8.0,10.0,5.4,A,-6.6
13808,medium,1,5.0,10.0,5.3,C,-9.7
13809,,1,23.0,20.0,7.3,A,15.0
13810,medium,4,10.0,1.0,6.0,A,-100.0
13811,low,0,10.0,3.0,7.1,A,-12.2
13812,medium,0,2.0,13.0,9.2,C,15.0
13813,low,2,23.0,2.0,5.8,B,-100.0
13814,low,1,4.0,7.0,9.2,A,5.9
13815,high,1,6.0,23.0,7.3,A,15.0
13816,high,1,8.0,3.0,3.9,D,-100.0
13817,low,1,8.0,4.0,4.6,A,-100.0
13818,medium,2,5.0,12.0,4.4,A,-13.0
13819,medium,2,9.0,2.0,2.4,A,-100.0
13820,high,0,7.0,8.0,8.2,C,1.7
13821,low,2,7.0,12.0,5.4,D,-7.3
13822,none,5,14.0,6.0,5.9,A,-100.0
13823,none,1,7.0,6.0,8.5,B,-1.0
13824,high,1,11.0,14.0,9.5,B,15.0
13825,medium,0,5.0,0.0,8.2,C,-12.3
13826,medium,1,4.0,11.0,3.4,C,-18.0
13827,none,1,2.0,42.0,5.7,C,15.0
13828,high,2,9.0,35.0,5.0,A,15.0
13829,high,1,15.0,12.0,2.6,A,-100.0
13830,high,2,3.0,9.0,8.3,C,-0.3
13831,high,1,9.0,5.0,8.6,A,-5.1
13832,medium,2,12.0,17.0,3.5,A,-8.1
13833,high,0,9.0,8.0,7.4,A,-2.9
13834,high,2,7.0,6.0,5.4,A,-100.0
13835,low,2,13.0,5.0,1.9,C,-100.0
13836,high,1,9.0,30.0,8.1,C,15.0
13837,none,3,7.0,2.0,1.1,C,-100.0
13838,low,2,7.0,3.0,5.2,A,-100.0
13839,medium,1,3.0,16.0,3.4,A,-7.4
13840,high,2,16.0,14.0,9.4,A,15.0
13841,none,3,10.0,18.0,6.2,A,6.3
13842,low,3,4.0,38.0,2.5,C,15.0
13843,none,2,6.0,4.0,2.6,A,-100.0
13844,medium,0,10.0,18.0,7.0,D,15.0
13845,high,2,4.0,8.0,4.3,A,-100.0
13846,high,1,,3.0,9.1,C,
13847,low,1,2.0,26.0,9.7,A,15.0
13848,none,1,7.0,4.0,2.2,A,-100.0
13849,low,2,14.0,2.0,9.7,C,-5.4
13850,low,0,9.0,3.0,8.3,A,-5.5
13851,low,1,10.0,9.0,1.9,A,-100.0
13852,,4,25.0,15.0,3.8,A,-17.2
13853,high,1,8.0,3.0,7.8,A,-13.6
13854,high,1,36.0,29.0,7.2,A,15.0
13855,low,0,15.0,16.0,7.5,A,15.0
13856,medium,2,3.0,27.0,4.6,A,15.0
13857,low,1,12.0,15.0,1.8,B,-18.8
13858,medium,1,12.0,13.0,9.0,A,15.0
13859,medium,2,6.0,15.0,9.7,A,15.0
13860,high,0,8.0,38.0,7.3,C,15.0
13861,high,1,29.0,6.0,8.5,A,-5.6
13862,high,1,12.0,0.0,9.5,A,-11.0
13863,high,4,3.0,33.0,6.8,A,15.0
13864,high,0,7.0,2.0,5.7,A,-100.0
13865,none,0,15.0,6.0,9.1,A,4.0
13866,high,3,4.0,50.0,4.2,A,15.0
13867,low,0,8.0,42.0,8.4,A,15.0
13868,none,3,15.0,7.0,8.5,C,-4.7
13869,medium,3,14.0,22.0,1.7,A,-10.2
13870,medium,1,3.0,16.0,8.1,A,15.0
13871,low,3,13.0,17.0,9.2,A,15.0
13872,high,1,6.0,5.0,9.9,C,2.3
13873,none,0,6.0,3.0,8.1,A,-6.9
13874,medium,3,13.0,3.0,8.8,A,-11.0
13875,high,2,4.0,8.0,2.4,A,-100.0
13876,low,3,4.0,50.0,6.7,A,15.0
13877,high,1,9.0,7.0,6.1,B,-14.7
13878,none,2,8.0,9.0,1.2,A,-100.0
13879,high,2,12.0,3.0,4.8,C,-100.0
13880,low,5,1.0,2.0,8.7,D,-17.1
13881,high,1,6.0,2.0,9.5,A,-6.2
13882,low,0,7.0,5.0,2.3,A,-100.0
13883,medium,2,5.0,17.0,5.7,C,4.7
13884,high,1,8.0,1.0,9.2,A,-10.1
13885,low,1,21.0,5.0,9.0,C,-1.1
13886,high,3,2.0,2.0,3.3,C,-100.0
13887,low,3,3.0,32.0,8.5,A,15.0
13888,medium,1,11.0,20.0,2.3,A,-5.9
13889,low,1,35.0,0.0,8.7,B,-14.7
13890,high,2,14.0,7.0,5.5,A,-100.0
13891,low,0,7.0,17.0,8.5,C,15.0
13892,medium,0,3.0,50.0,6.4,A,15.0
13893,none,2,12.0,17.0,7.6,A,14.2
13894,medium,1,15.0,0.0,2.3,C,-100.0
13895,,2,5.0,9.0,5.3,A,-14.6
13896,high,3,10.0,2.0,4.3,A,-100.0
13897,high,0,2.0,10.0,1.3,A,-100.0
13898,medium,0,3.0,6.0,2.0,A,-100.0
13899,medium,1,2.0,1.0,2.9,C,-100.0
13900,high,2,8.0,1.0,8.7,A,-15.4
13901,none,4,7.0,3.0,8.3,A,-15.9
13902,none,3,7.0,12.0,3.7,C,-19.8
13903,low,1,22.0,1.0,9.5,A,-6.9
13904,high,3,9.0,10.0,9.0,A,2.6
13905,low,2,4.0,29.0,8.8,A,15.0
13906,high,0,19.0,3.0,7.8,C,-12.2
13907,medium,1,3.0,20.0,8.9,A,15.0
13908,high,2,28.0,3.0,5.9,A,-100.0
13909,high,1,10.0,1.0,5.3,A,-100.0
13910,high,0,9.0,2.0,6.6,C,-19.9
13911,none,4,10.0,1.0,9.7,A,-12.7
13912,high,2,19.0,6.0,5.8,A,-100.0
13913,high,2,8.0,27.0,4.3,A,15.0
13914,low,3,8.0,5.0,8.1,A,-9.8
13915,,1,2.0,38.0,9.7,C,15.0
13916,medium,1,10.0,6.0,5.6,C,-17.0
13917,,1,12.0,6.0,1.8,C,-100.0
13918,none,3,8.0,2.0,6.6,A,-100.0
13919,low,3,8.0,38.0,8.2,A,15.0
13920,low,0,,3.0,8.2,C,
13921,medium,1,5.0,3.0,1.2,A,-100.0
13922,low,2,,7.0,8.7,C,
13923,high,2,3.0,2.0,7.7,D,-18.3
13924,medium,1,8.0,6.0,8.8,A,0.8
13925,high,3,9.0,17.0,1.6,B,-100.0
13926,medium,0,20.0,17.0,4.5,A,1.6
13927,low,1,2.0,41.0,7.7,A,15.0
13928,medium,5,10.0,1.0,6.3,A,-100.0
13929,low,2,2.0,12.0,8.2,D,8.6
13930,high,1,5.0,15.0,9.0,A,15.0
13931,high,5,24.0,4.0,9.2,C,-15.4
13932,low,2,16.0,9.0,4.8,C,-17.8
13933,low,3,8.0,1.0,1.0,A,-100.0
13934,low,1,9.0,19.0,2.5,A,-6.3
13935,none,2,21.0,4.0,6.2,C,-100.0
13936,low,4,6.0,13.0,1.8,C,-100.0
13937,high,0,11.0,10.0,1.9,A,-100.0
13938,high,0,5.0,10.0,7.2,C,0.6
13939,low,0,6.0,4.0,5.4,C,-19.0
13940,high,2,20.0,5.0,8.9,A,-7.1
13941,low,2,2.0,11.0,1.5,C,-100.0
13942,none,0,6.0,5.0,2.0,B,-100.0
13943,medium,1,13.0,13.0,9.3,A,15.0
13944,high,4,3.0,25.0,3.0,A,-0.8
13945,medium,0,2.0,11.0,9.2,A,15.0
13946,low,0,10.0,17.0,9.3,C,15.0
13947,low,2,9.0,8.0,9.1,A,4.4
13948,low,0,11.0,4.0,8.8,B,-0.8
13949,high,2,18.0,3.0,9.8,A,-6.1
13950,high,1,2.0,32.0,1.8,A,14.9
13951,low,3,4.0,20.0,8.8,A,15.0
13952,medium,2,8.0,2.0,9.2,A,-7.9
13953,low,3,6.0,2.0,9.8,A,-6.5
13954,low,0,3.0,12.0,4.6,B,-6.3
13955,low,5,10.0,8.0,9.3,B,-2.1
13956,high,2,10.0,18.0,2.0,C,-16.7
13957,high,0,2.0,26.0,1.4,B,2.6
13958,low,1,40.0,1.0,9.4,B,-9.2
13959,none,0,11.0,9.0,5.1,D,-11.3
13960,high,3,8.0,10.0,3.9,A,-100.0
13961,high,1,6.0,2.0,9.9,C,-4.0
13962,low,0,15.0,11.0,2.8,C,-19.5
13963,medium,3,4.0,15.0,9.0,A,15.0
13964,high,2,,6.0,2.3,C,
13965,medium,2,15.0,20.0,8.5,B,15.0
13966,low,3,7.0,5.0,1.2,A,-100.0
13967,medium,1,10.0,15.0,2.1,A,-17.3
13968,high,0,5.0,10.0,5.6,A,-8.2
13969,low,2,7.0,6.0,9.6,A,3.2
13970,high,1,26.0,13.0,1.7,A,-100.0
13971,low,2,6.0,27.0,8.5,B,15.0
13972,low,1,7.0,23.0,9.0,A,15.0
13973,medium,3,9.0,3.0,3.2,A,-100.0
13974,high,1,19.0,7.0,5.0,A,-100.0
13975,high,1,9.0,12.0,8.2,A,7.4
13976,low,0,18.0,38.0,6.4,D,15.0
13977,medium,4,8.0,13.0,8.5,B,6.3
13978,high,1,12.0,11.0,9.1,A,9.9
13979,high,0,11.0,2.0,3.6,A,-100.0
13980,medium,0,15.0,6.0,8.4,B,0.4
13981,none,2,13.0,3.0,1.2,A,-100.0
13982,low,1,11.0,10.0,7.2,A,0.5
13983,low,0,21.0,1.0,2.1,A,-100.0
13984,medium,0,2.0,16.0,9.4,A,15.0
13985,high,1,17.0,16.0,2.4,A,-16.9
13986,high,2,8.0,5.0,1.3,A,-100.0
13987,none,2,8.0,5.0,7.5,A,-11.2
13988,high,2,1.0,7.0,9.4,A,1.8
13989,low,2,3.0,17.0,2.6,A,-11.8
13990,none,2,12.0,3.0,3.5,C,-100.0
13991,high,1,20.0,16.0,5.8,A,1.5
13992,low,2,13.0,43.0,6.5,A,15.0
13993,low,0,17.0,8.0,8.4,B,4.8
13994,high,5,12.0,9.0,8.0,A,-10.3
13995,low,1,5.0,2.0,8.6,A,-8.0
13996,medium,1,3.0,5.0,8.3,C,-3.5
13997,medium,1,5.0,2.0,2.9,A,-100.0
13998,low,1,10.0,4.0,4.3,A,-100.0
13999,medium,2,6.0,22.0,8.3,B,15.0
14000,medium,3,4.0,10.0,6.1,C,-10.3
14001,none,1,15.0,7.0,1.6,A,-100.0
14002,high,2,4.0,4.0,1.3,A,-100.0
14003,medium,4,4.0,4.0,8.2,A,-13.8
14004,high,0,3.0,18.0,9.7,C,15.0
14005,high,0,12.0,3.0,9.0,A,-4.9
14006,medium,1,21.0,14.0,2.6,D,-17.8
14007,medium,3,7.0,20.0,9.3,A,15.0
14008,low,0,12.0,5.0,9.9,A,7.2
14009,none,1,4.0,6.0,9.6,A,5.4
14010,high,2,17.0,11.0,8.3,C,2.5
14011,high,1,5.0,10.0,6.1,A,-8.0
14012,high,0,2.0,7.0,6.2,A,-10.9
14013,high,0,11.0,7.0,9.5,C,6.3
14014,high,1,6.0,21.0,2.4,B,-5.3
14015,low,1,7.0,42.0,9.9,B,15.0
14016,low,3,2.0,8.0,2.2,C,-100.0
14017,high,1,15.0,22.0,9.6,A,15.0
14018,medium,2,10.0,3.0,6.8,C,-19.2
14019,low,1,5.0,6.0,1.7,D,-100.0
14020,medium,0,12.0,8.0,7.2,C,-1.7
14021,high,2,9.0,12.0,3.8,A,-19.3
14022,high,2,2.0,4.0,8.5,D,-9.6
14023,medium,2,16.0,3.0,3.6,A,-100.0
14024,low,3,6.0,8.0,4.6,A,-100.0
14025,medium,0,8.0,31.0,8.5,C,15.0
14026,high,0,9.0,5.0,9.3,A,1.2
14027,medium,1,3.0,12.0,1.9,A,-100.0
14028,high,4,13.0,2.0,4.2,A,-100.0
14029,none,3,5.0,8.0,3.1,A,-100.0
14030,medium,0,2.0,5.0,4.7,C,-100.0
14031,medium,2,5.0,8.0,9.7,A,7.7
14032,low,1,12.0,5.0,1.5,C,-100.0
14033,low,0,3.0,32.0,8.9,A,15.0
14034,low,3,2.0,5.0,8.2,A,-8.6
14035,none,0,4.0,6.0,6.7,A,-8.1
14036,medium,3,10.0,3.0,4.3,C,-100.0
14037,medium,2,24.0,21.0,4.7,D,5.7
14038,medium,1,12.0,27.0,9.4,A,15.0
14039,high,1,1.0,21.0,8.1,A,15.0
14040,low,2,19.0,4.0,9.5,B,-2.8
14041,high,0,13.0,24.0,8.5,A,15.0
14042,medium,4,10.0,3.0,6.4,A,-100.0
14043,medium,2,13.0,7.0,7.9,A,-5.1
14044,high,0,0.0,4.0,8.7,A,-3.3
14045,medium,0,5.0,5.0,8.4,B,-0.7
14046,none,1,8.0,14.0,2.1,A,-19.5
14047,none,0,3.0,3.0,2.8,A,-100.0
14048,low,1,4.0,4.0,8.5,B,-4.3
14049,high,0,,1.0,2.9,C,
14050,low,4,6.0,17.0,9.7,B,15.0
14051,low,1,3.0,11.0,9.7,C,15.0
14052,medium,2,28.0,13.0,1.9,C,-100.0
14053,medium,5,11.0,0.0,9.9,A,-16.1
14054,low,2,23.0,2.0,4.7,A,-100.0
14055,low,0,2.0,1.0,1.9,A,-100.0
14056,high,1,3.0,50.0,6.7,A,15.0
14057,high,3,5.0,47.0,2.0,A,15.0
14058,none,2,20.0,6.0,6.4,A,-16.3
14059,medium,1,4.0,0.0,8.1,B,-15.2
14060,none,3,3.0,31.0,9.2,C,15.0
14061,high,2,8.0,4.0,9.0,A,-7.4
14062,high,1,,6.0,7.7,C,
14063,low,3,1.0,9.0,9.0,A,4.3
14064,low,1,20.0,4.0,2.2,C,-100.0
14065,high,0,2.0,15.0,9.3,A,15.0
14066,low,1,5.0,7.0,3.8,A,-100.0
14067,medium,0,5.0,50.0,9.8,A,15.0
14068,medium,0,4.0,5.0,1.8,B,-100.0
14069,low,2,2.0,1.0,6.4,A,-100.0
14070,low,1,15.0,3.0,9.4,A,-2.5
14071,low,1,12.0,20.0,8.1,C,15.0
14072,low,4,10.0,0.0,6.3,A,-100.0
14073,high,0,16.0,3.0,6.4,C,-19.6
14074,high,1,3.0,17.0,7.3,A,13.5
14075,none,1,11.0,29.0,6.2,A,15.0
14076,none,2,11.0,1.0,1.5,A,-100.0
14077,low,0,1.0,4.0,6.6,A,-11.9
14078,medium,1,12.0,19.0,3.0,A,-4.2
14079,high,0,4.0,18.0,6.7,C,14.7
14080,high,1,10.0,9.0,2.6,A,-100.0
14081,medium,2,4.0,6.0,8.5,A,-3.0
14082,none,1,21.0,3.0,3.1,A,-100.0
14083,none,0,3.0,4.0,10.0,A,6.0
14084,low,1,3.0,12.0,4.8,B,-7.7
14085,,1,14.0,1.0,8.0,A,-14.9
14086,medium,0,9.0,11.0,7.4,A,6.0
14087,high,2,17.0,15.0,4.9,A,-7.8
14088,none,1,9.0,48.0,9.4,A,15.0
14089,high,0,0.0,7.0,2.9,C,-100.0
14090,high,3,4.0,0.0,2.6,A,-100.0
14091,high,1,11.0,4.0,6.0,C,-100.0
14092,medium,2,13.0,9.0,4.3,A,-100.0
14093,medium,0,23.0,6.0,9.5,A,5.6
14094,low,2,3.0,12.0,8.0,A,7.4
14095,high,1,20.0,9.0,8.9,A,3.8
14096,high,1,13.0,2.0,1.6,C,-100.0
14097,high,1,9.0,2.0,4.7,C,-100.0
14098,medium,1,13.0,1.0,3.1,A,-100.0
14099,low,2,5.0,6.0,9.8,A,4.5
14100,high,5,4.0,8.0,3.7,A,-100.0
14101,low,1,6.0,5.0,9.4,A,2.6
14102,high,0,24.0,18.0,6.6,B,12.2
14103,medium,0,7.0,16.0,7.8,A,15.0
14104,high,2,1.0,14.0,1.9,B,-100.0
14105,high,0,9.0,10.0,9.7,A,13.9
14106,none,1,13.0,1.0,8.0,D,-14.8
14107,high,0,22.0,16.0,4.4,C,-3.9
14108,low,3,10.0,10.0,1.8,A,-100.0
14109,low,1,22.0,13.0,3.0,A,-17.4
14110,low,2,19.0,7.0,9.8,A,5.2
14111,low,2,10.0,13.0,1.8,A,-100.0
14112,,0,5.0,3.0,9.4,A,0.4
14113,low,0,7.0,4.0,3.7,C,-100.0
14114,high,4,7.0,12.0,8.2,B,0.1
14115,high,4,4.0,12.0,8.8,A,3.7
14116,high,0,18.0,16.0,4.1,C,-5.2
14117,medium,0,4.0,12.0,9.0,A,15.0
14118,low,0,1.0,6.0,9.2,A,6.6
14119,low,2,6.0,1.0,8.7,A,-12.2
14120,none,2,14.0,2.0,4.5,A,-100.0
14121,high,0,6.0,7.0,5.1,A,-17.4
14122,medium,4,4.0,1.0,8.5,A,-18.4
14123,none,0,22.0,4.0,9.8,A,3.0
14124,low,2,,12.0,8.3,C,
14125,medium,4,12.0,0.0,9.5,A,-15.8
14126,medium,4,6.0,23.0,8.4,B,15.0
14127,none,0,9.0,4.0,9.7,A,3.7
14128,medium,2,9.0,3.0,2.0,C,-100.0
14129,none,5,7.0,11.0,5.7,A,-15.9
14130,low,2,15.0,7.0,5.3,A,-19.2
14131,high,4,12.0,7.0,6.8,A,-18.6
14132,high,1,2.0,8.0,3.2,A,-100.0
14133,low,2,4.0,6.0,9.7,A,4.0
14134,low,3,21.0,50.0,7.0,A,15.0
14135,low,1,11.0,7.0,4.9,A,-18.5
14136,low,3,9.0,7.0,9.0,A,-0.7
14137,low,1,14.0,13.0,5.3,A,-4.0
14138,high,2,4.0,3.0,2.0,A,-100.0
14139,high,0,8.0,12.0,3.6,A,-15.3
14140,medium,1,21.0,7.0,7.6,A,-5.0
14141,medium,2,2.0,1.0,9.8,C,-6.1
14142,high,1,8.0,0.0,8.6,A,-15.5
14143,low,0,6.0,2.0,1.5,A,-100.0
14144,high,2,3.0,9.0,8.3,C,-0.3
14145,none,0,7.0,7.0,6.2,A,-9.0
14146,low,2,12.0,3.0,9.9,A,-2.0
14147,medium,1,9.0,32.0,1.4,B,14.6
14148,low,0,5.0,4.0,9.6,A,4.2
14149,low,1,4.0,4.0,9.2,A,-0.4
14150,medium,1,10.0,10.0,9.9,D,15.0
14151,none,1,15.0,1.0,5.0,C,-100.0
14152,low,2,9.0,14.0,9.6,A,15.0
14153,high,3,17.0,5.0,6.7,A,-100.0
14154,medium,1,4.0,17.0,8.2,A,15.0
14155,high,0,17.0,17.0,10.0,A,15.0
14156,medium,1,1.0,3.0,9.7,C,0.2
14157,none,0,10.0,6.0,8.6,A,1.8
14158,none,0,17.0,0.0,5.7,A,-100.0
14159,high,1,9.0,6.0,4.4,A,-100.0
14160,medium,1,23.0,7.0,8.7,C,0.9
14161,high,0,8.0,13.0,6.5,A,2.7
14162,medium,2,11.0,10.0,5.3,C,-12.8
14163,high,2,14.0,7.0,1.3,A,-100.0
14164,low,2,5.0,8.0,3.0,B,-100.0
14165,high,2,16.0,3.0,5.7,A,-100.0
14166,low,3,9.0,12.0,5.1,A,-11.7
14167,low,2,4.0,3.0,9.7,D,-2.3
14168,low,0,4.0,7.0,9.9,A,12.2
14169,high,3,9.0,23.0,1.2,A,-13.0
14170,high,1,1.0,23.0,9.2,A,15.0
14171,medium,1,3.0,1.0,2.1,A,-100.0
14172,medium,2,5.0,7.0,9.3,A,3.4
14173,high,0,6.0,8.0,1.5,A,-100.0
14174,low,2,21.0,19.0,9.7,A,15.0
14175,medium,1,8.0,18.0,2.3,A,-9.8
14176,low,1,5.0,22.0,6.3,A,15.0
14177,high,1,14.0,41.0,9.9,A,15.0
14178,medium,0,10.0,4.0,9.5,A,2.7
14179,low,0,8.0,4.0,3.8,C,-100.0
14180,high,0,12.0,10.0,8.5,A,7.0
14181,high,0,5.0,3.0,8.7,A,-5.9
14182,high,2,10.0,13.0,6.7,A,-1.4
14183,none,1,1.0,12.0,6.7,C,2.3
14184,low,0,24.0,17.0,8.7,A,15.0
14185,medium,1,7.0,2.0,8.4,D,-9.7
14186,low,0,9.0,28.0,5.4,C,15.0
14187,none,2,6.0,9.0,2.2,C,-100.0
14188,medium,0,9.0,4.0,8.4,A,-3.2
14189,high,4,12.0,22.0,7.2,A,15.0
14190,high,1,4.0,7.0,4.6,C,-100.0
14191,none,1,4.0,4.0,9.4,C,0.1
14192,low,1,4.0,36.0,9.0,A,15.0
14193,high,2,8.0,4.0,4.3,B,-100.0
14194,high,1,3.0,15.0,3.9,A,-9.4
14195,high,2,6.0,2.0,1.0,B,-100.0
14196,low,1,3.0,10.0,6.5,A,-2.6
14197,medium,1,1.0,50.0,6.9,A,15.0
14198,medium,2,5.0,26.0,3.5,C,11.5
14199,low,1,3.0,3.0,9.4,C,-1.3
14200,low,1,18.0,27.0,9.6,C,15.0
14201,low,0,5.0,6.0,9.7,A,8.9
14202,low,2,31.0,4.0,4.0,A,-100.0
14203,high,2,4.0,4.0,8.5,A,-9.8
14204,none,2,18.0,12.0,9.0,A,10.8
14205,low,2,4.0,0.0,3.0,C,-100.0
14206,high,1,9.0,7.0,3.3,C,-100.0
14207,high,3,10.0,19.0,1.2,A,-100.0
14208,low,2,2.0,19.0,2.4,B,-8.6
14209,medium,1,31.0,2.0,5.0,A,-100.0
14210,high,4,28.0,4.0,7.6,A,-100.0
14211,medium,1,2.0,12.0,5.1,D,-6.3
14212,high,0,4.0,21.0,9.3,C,15.0
14213,high,4,14.0,9.0,4.2,A,-100.0
14214,low,3,5.0,14.0,8.8,C,13.3
14215,high,2,9.0,7.0,1.4,C,-100.0
14216,none,3,1.0,18.0,4.8,A,-0.5
14217,high,1,5.0,50.0,3.7,A,15.0
14218,low,2,9.0,6.0,2.5,A,-100.0
14219,medium,2,8.0,21.0,2.6,C,-4.3
14220,none,0,14.0,24.0,7.1,D,15.0
14221,none,0,2.0,1.0,8.8,C,-6.8
14222,low,0,7.0,4.0,9.9,A,5.6
14223,medium,1,6.0,24.0,6.1,A,15.0
14224,high,0,2.0,0.0,8.3,A,-14.1
14225,,3,14.0,4.0,3.5,A,-100.0
14226,high,2,6.0,9.0,8.3,A,-0.6
14227,high,0,20.0,3.0,8.2,A,-10.1
14228,none,0,10.0,9.0,7.6,C,2.6
14229,low,4,8.0,6.0,1.6,A,-100.0
14230,low,0,28.0,16.0,8.9,A,15.0
14231,low,3,10.0,2.0,8.1,B,-16.3
14232,none,1,13.0,6.0,1.2,A,-100.0
14233,high,2,3.0,28.0,8.8,A,15.0
14234,medium,4,18.0,2.0,1.5,A,-100.0
14235,high,1,3.0,2.0,8.3,C,-12.5
14236,high,3,4.0,14.0,5.7,A,-6.7
14237,high,1,13.0,1.0,9.0,B,-11.7
14238,high,2,3.0,1.0,8.8,A,-14.3
14239,none,3,13.0,1.0,8.4,B,-17.6
14240,high,1,38.0,12.0,4.6,A,-15.3
14241,none,0,5.0,10.0,4.2,A,-13.5
14242,high,1,9.0,3.0,1.4,C,-100.0
14243,,3,10.0,20.0,8.6,A,15.0
14244,low,3,4.0,28.0,2.2,A,6.5
14245,high,1,2.0,3.0,1.2,A,-100.0
14246,,4,18.0,4.0,6.7,A,-100.0
14247,high,3,0.0,6.0,8.6,C,-7.1
14248,low,1,9.0,2.0,2.9,A,-100.0
14249,high,1,21.0,6.0,2.4,D,-100.0
14250,high,1,7.0,10.0,4.3,A,-18.1
14251,low,1,6.0,14.0,8.4,A,15.0
14252,none,0,11.0,44.0,6.5,A,15.0
14253,none,3,8.0,5.0,9.6,B,-2.1
14254,low,2,8.0,23.0,10.0,A,15.0
14255,high,1,12.0,3.0,9.8,A,-3.0
14256,medium,1,20.0,11.0,9.0,A,11.2
14257,,1,4.0,8.0,2.2,A,-100.0
14258,none,1,4.0,16.0,2.2,A,-14.3
14259,low,1,24.0,18.0,9.7,C,15.0
14260,high,1,8.0,3.0,8.6,A,-9.2
14261,low,0,6.0,9.0,3.7,A,-17.9
14262,,3,2.0,6.0,2.0,A,-100.0
14263,none,3,25.0,7.0,2.2,A,-100.0
14264,low,0,19.0,30.0,9.3,A,15.0
14265,low,1,14.0,2.0,8.9,A,-7.3
14266,medium,2,6.0,7.0,2.9,A,-100.0
14267,low,1,21.0,9.0,6.6,A,-5.9
14268,medium,1,14.0,4.0,6.7,A,-15.6
14269,low,1,10.0,0.0,9.5,A,-7.8
14270,none,3,3.0,9.0,9.7,C,7.3
14271,low,0,6.0,9.0,9.9,C,15.0
14272,medium,1,7.0,2.0,8.0,A,-11.9
14273,high,0,9.0,45.0,2.7,A,15.0
14274,none,0,6.0,28.0,3.5,B,15.0
14275,low,3,3.0,11.0,5.9,B,-8.8
14276,low,1,3.0,9.0,1.6,C,-100.0
14277,none,1,16.0,22.0,8.6,C,15.0
14278,high,1,11.0,7.0,5.1,A,-100.0
14279,low,2,2.0,7.0,5.5,C,-16.8
14280,low,2,,15.0,5.7,C,
14281,high,4,15.0,4.0,6.9,B,-100.0
14282,low,0,7.0,7.0,4.6,B,-17.2
14283,low,1,7.0,17.0,1.7,A,-14.7
14284,medium,1,2.0,3.0,9.2,A,-2.7
14285,none,3,1.0,10.0,3.7,A,-100.0
14286,high,3,16.0,5.0,4.3,A,-100.0
14287,high,2,9.0,3.0,1.2,C,-100.0
14288,medium,1,6.0,2.0,9.4,C,-4.1
14289,medium,1,2.0,2.0,3.9,A,-100.0
14290,medium,2,3.0,1.0,5.8,A,-100.0
14291,high,0,7.0,41.0,3.9,A,15.0
14292,low,1,6.0,22.0,4.2,C,9.7
14293,low,1,5.0,1.0,9.7,C,-4.1
14294,low,1,,5.0,3.5,C,
14295,none,3,11.0,27.0,4.6,C,15.0
14296,low,2,5.0,7.0,9.4,A,4.4
14297,low,3,9.0,39.0,1.5,C,15.0
14298,medium,2,15.0,5.0,5.9,A,-100.0
14299,medium,1,11.0,2.0,9.3,A,-5.1
14300,medium,1,6.0,21.0,6.4,A,15.0
14301,low,3,15.0,25.0,9.9,A,15.0
14302,high,1,21.0,29.0,4.2,A,15.0
14303,low,1,9.0,0.0,8.4,A,-13.7
14304,none,1,6.0,6.0,1.6,A,-100.0
14305,high,2,13.0,0.0,8.1,A,-100.0
14306,high,2,3.0,5.0,7.0,C,-15.8
14307,none,1,7.0,1.0,8.5,A,-11.5
14308,low,3,7.0,26.0,9.3,A,15.0
14309,low,2,6.0,6.0,8.4,A,-3.3
14310,high,1,13.0,24.0,9.1,A,15.0
14311,medium,1,10.0,15.0,5.7,A,2.4
14312,low,2,24.0,5.0,3.6,B,-100.0
14313,low,0,7.0,11.0,8.6,C,13.2
14314,low,0,4.0,12.0,7.1,A,7.3
14315,low,3,6.0,1.0,3.2,A,-100.0
14316,high,1,11.0,4.0,10.0,A,0.3
14317,low,1,3.0,25.0,5.4,A,15.0
14318,low,2,9.0,6.0,8.8,C,-1.4
14319,low,0,7.0,2.0,2.4,A,-100.0
14320,low,1,26.0,9.0,6.3,B,-8.1
14321,low,1,7.0,7.0,6.4,A,-9.8
14322,medium,1,14.0,6.0,7.4,D,-7.5
14323,low,1,8.0,31.0,5.7,C,15.0
14324,medium,1,17.0,3.0,3.4,B,-100.0
14325,medium,0,16.0,14.0,8.2,C,15.0
14326,medium,2,5.0,7.0,4.4,A,-100.0
14327,high,2,16.0,6.0,9.9,A,0.9
14328,none,2,5.0,6.0,9.8,C,3.9
14329,low,2,8.0,5.0,2.7,A,-100.0
14330,medium,2,17.0,9.0,1.3,C,-100.0
14331,high,1,9.0,5.0,1.9,A,-100.0
14332,low,1,6.0,22.0,6.1,A,15.0
14333,medium,1,27.0,6.0,3.4,B,-100.0
14334,,1,8.0,0.0,5.8,B,-100.0
14335,medium,1,18.0,6.0,8.6,B,-1.3
14336,low,1,14.0,5.0,3.1,A,-100.0
14337,high,0,4.0,25.0,9.2,A,15.0
14338,none,1,12.0,9.0,1.6,A,-100.0
14339,high,1,3.0,9.0,9.0,A,6.1
14340,none,3,9.0,5.0,2.7,A,-100.0
14341,low,1,3.0,1.0,4.9,D,-100.0
14342,high,2,17.0,3.0,1.4,A,-100.0
14343,high,2,3.0,3.0,8.6,A,-11.2
14344,medium,3,4.0,16.0,8.9,A,15.0
14345,medium,3,10.0,9.0,2.2,A,-100.0
14346,high,0,5.0,0.0,8.5,A,-13.3
14347,medium,2,8.0,6.0,2.2,C,-100.0
14348,low,2,3.0,7.0,3.0,A,-100.0
14349,medium,0,20.0,20.0,8.8,A,15.0
14350,high,2,23.0,3.0,3.2,A,-100.0
14351,low,2,22.0,26.0,9.5,C,15.0
14352,low,5,10.0,9.0,7.1,D,-12.1
14353,high,2,5.0,12.0,6.5,A,-4.1
14354,low,2,10.0,1.0,6.0,C,-100.0
14355,low,0,15.0,4.0,4.6,A,-100.0
14356,medium,0,11.0,14.0,9.8,A,15.0
14357,high,2,6.0,7.0,1.4,A,-100.0
14358,medium,0,8.0,25.0,9.4,A,15.0
14359,high,2,14.0,3.0,5.7,A,-100.0
14360,low,3,4.0,3.0,1.2,A,-100.0
14361,medium,0,17.0,19.0,8.5,A,15.0
14362,none,2,6.0,8.0,4.3,A,-100.0
14363,none,2,15.0,3.0,3.8,D,-100.0
14364,high,1,10.0,2.0,3.0,A,-100.0
14365,high,2,8.0,15.0,5.1,B,-5.8
14366,,3,4.0,15.0,9.0,A,15.0
14367,none,0,11.0,1.0,2.8,A,-100.0
14368,high,1,7.0,1.0,1.0,B,-100.0
14369,low,2,6.0,4.0,2.8,A,-100.0
14370,none,1,2.0,34.0,3.0,B,15.0
14371,low,2,20.0,2.0,9.5,A,-7.1
14372,high,1,11.0,22.0,9.0,A,15.0
14373,none,0,8.0,6.0,6.7,A,-8.5
14374,low,1,12.0,4.0,5.1,A,-100.0
14375,low,2,9.0,0.0,8.3,A,-16.8
14376,none,0,3.0,1.0,8.2,C,-10.2
14377,medium,2,6.0,2.0,8.8,B,-9.9
14378,high,2,8.0,2.0,8.8,A,-12.7
14379,medium,1,2.0,8.0,3.8,D,-100.0
14380,,4,14.0,1.0,1.5,A,-100.0
14381,high,1,3.0,0.0,4.0,D,-100.0
14382,none,0,23.0,5.0,5.9,B,-16.5
14383,none,1,7.0,16.0,5.2,B,1.9
14384,high,2,14.0,50.0,9.5,A,15.0
14385,medium,0,9.0,1.0,5.9,C,-100.0
14386,medium,1,5.0,3.0,4.8,C,-100.0
14387,medium,3,17.0,7.0,9.3,A,-0.2
14388,high,3,7.0,42.0,9.3,C,15.0
14389,medium,4,10.0,3.0,9.1,C,-11.5
14390,none,3,11.0,1.0,9.1,C,-13.6
14391,high,2,13.0,38.0,3.2,B,15.0
14392,low,0,9.0,4.0,8.5,A,-2.3
14393,none,1,4.0,29.0,9.6,A,15.0
14394,medium,3,10.0,1.0,9.6,A,-10.5
14395,low,1,2.0,8.0,1.7,A,-100.0
14396,medium,3,4.0,0.0,9.0,A,-15.3
14397,low,2,4.0,2.0,2.5,A,-100.0
14398,high,2,5.0,2.0,8.4,B,-14.6
14399,high,2,3.0,1.0,4.3,A,-100.0
14400,high,1,15.0,19.0,4.1,C,-1.1
14401,none,2,3.0,27.0,9.6,B,15.0
14402,low,3,36.0,7.0,6.1,A,-19.4
14403,high,0,16.0,1.0,4.4,B,-100.0
14404,medium,3,22.0,0.0,9.4,C,-14.9
14405,none,1,3.0,10.0,6.0,A,-5.9
14406,high,2,1.0,13.0,2.0,C,-100.0
14407,low,1,11.0,17.0,9.5,A,15.0
14408,none,1,6.0,5.0,5.4,C,-100.0
14409,,1,7.0,4.0,3.3,A,-100.0
14410,low,2,15.0,8.0,8.3,A,-0.6
14411,high,4,8.0,4.0,2.3,A,-100.0
14412,medium,2,,6.0,7.3,C,
14413,low,2,7.0,3.0,6.5,C,-100.0
14414,low,1,9.0,16.0,3.9,A,-4.9
14415,low,2,2.0,1.0,9.0,A,-10.1
14416,high,4,9.0,0.0,3.9,A,-100.0
14417,medium,2,8.0,2.0,1.9,A,-100.0
14418,medium,2,9.0,3.0,9.9,C,-2.1
14419,low,2,6.0,7.0,5.8,C,-15.5
14420,medium,0,9.0,27.0,2.9,C,14.8
14421,high,4,0.0,15.0,5.7,C,-6.7
14422,high,2,11.0,32.0,2.4,C,14.8
14423,low,1,22.0,16.0,1.6,B,-18.8
14424,high,1,13.0,3.0,2.8,A,-100.0
14425,none,1,3.0,3.0,9.8,C,0.3
14426,high,3,8.0,2.0,4.3,B,-100.0
14427,high,1,5.0,1.0,8.0,A,-16.4
14428,medium,2,5.0,8.0,9.0,A,3.9
14429,high,2,13.0,20.0,8.5,B,15.0
14430,high,2,12.0,3.0,3.5,A,-100.0
14431,low,2,9.0,14.0,8.2,A,12.1
14432,low,1,19.0,23.0,9.0,C,15.0
14433,medium,2,4.0,7.0,9.4,C,4.1
14434,low,2,10.0,4.0,2.7,A,-100.0
14435,high,0,2.0,22.0,8.1,B,15.0
14436,low,0,19.0,5.0,9.6,A,4.9
14437,high,0,5.0,8.0,9.3,B,7.9
14438,low,2,10.0,4.0,9.3,A,-3.0
14439,high,2,4.0,1.0,1.5,A,
14440,high,1,5.0,15.0,2.0,A,-100.0
14441,low,1,9.0,2.0,9.8,B,-1.8
14442,high,2,10.0,0.0,2.9,D,-100.0
14443,medium,0,6.0,28.0,3.5,A,15.0
14444,low,2,17.0,4.0,4.1,C,-100.0
14445,high,1,11.0,4.0,8.5,A,-8.0
14446,low,1,5.0,8.0,3.5,C,-100.0
14447,medium,0,19.0,9.0,1.0,C,-100.0
14448,none,2,7.0,0.0,8.7,A,-15.0
14449,medium,1,13.0,9.0,9.4,A,9.9
14450,high,2,24.0,2.0,4.7,C,-100.0
14451,low,2,9.0,19.0,7.6,B,15.0
14452,low,2,10.0,4.0,5.3,A,-100.0
14453,high,1,10.0,29.0,3.1,C,14.9
14454,low,0,14.0,1.0,8.0,A,-11.8
14455,low,2,10.0,28.0,4.4,C,15.0
14456,low,4,3.0,8.0,1.2,A,-100.0
14457,low,2,19.0,0.0,7.9,A,-20.0
14458,high,1,21.0,27.0,9.9,A,15.0
14459,none,1,6.0,5.0,7.2,A,-10.1
14460,low,1,5.0,12.0,8.3,A,11.3
14461,medium,1,5.0,40.0,9.1,D,15.0
14462,none,1,3.0,6.0,4.9,A,-100.0
14463,,0,4.0,15.0,7.9,A,15.0
14464,high,2,3.0,26.0,9.0,A,15.0
14465,high,1,3.0,9.0,8.9,A,5.5
14466,medium,2,17.0,21.0,4.3,A,4.1
14467,none,0,16.0,21.0,3.4,A,4.1
14468,medium,2,10.0,24.0,10.0,C,15.0
14469,high,1,4.0,16.0,8.3,A,15.0
14470,high,0,20.0,4.0,9.8,C,0.8
14471,medium,2,8.0,8.0,2.0,A,-100.0
14472,none,3,25.0,7.0,9.5,B,-0.2
14473,medium,0,22.0,17.0,5.0,A,4.1
14474,medium,4,5.0,5.0,2.0,A,-100.0
14475,high,1,9.0,11.0,6.2,A,-5.7
14476,none,2,5.0,7.0,3.3,A,-100.0
14477,medium,1,3.0,17.0,2.8,A,-8.6
14478,none,2,7.0,9.0,9.2,A,6.7
14479,low,3,7.0,1.0,8.9,A,-13.7
14480,high,0,6.0,21.0,3.2,A,1.6
14481,high,2,5.0,10.0,8.1,A,0.5
14482,none,1,2.0,9.0,2.5,C,-100.0
14483,none,0,15.0,8.0,7.8,A,1.1
14484,high,1,10.0,4.0,9.6,A,-1.8
14485,medium,1,2.0,32.0,2.0,A,15.0
14486,low,4,6.0,13.0,8.8,C,8.6
14487,medium,0,4.0,2.0,8.6,A,-5.8
14488,high,0,7.0,16.0,1.0,A,-100.0
14489,none,0,5.0,16.0,9.7,C,15.0
14490,medium,1,11.0,2.0,1.8,A,-100.0
14491,low,3,16.0,4.0,8.2,A,-12.1
14492,high,1,6.0,42.0,2.2,A,15.0
14493,medium,2,7.0,7.0,7.6,C,-6.1
14494,medium,0,3.0,1.0,9.1,A,-5.0
14495,high,3,12.0,10.0,9.4,A,4.5
14496,low,1,19.0,2.0,1.7,C,-100.0
14497,none,0,7.0,15.0,4.5,D,-1.6
14498,medium,0,7.0,9.0,1.1,A,-100.0
14499,high,1,7.0,2.0,7.3,A,-18.4
14500,low,1,13.0,17.0,7.9,B,15.0
14501,low,1,11.0,0.0,3.6,A,-100.0
14502,none,2,6.0,10.0,5.4,A,-12.0
14503,high,5,20.0,2.0,2.2,A,-100.0
14504,medium,2,11.0,18.0,3.0,A,-8.7
14505,medium,0,12.0,0.0,8.6,A,-10.8
14506,none,6,9.0,5.0,3.5,C,-100.0
14507,medium,3,2.0,10.0,7.5,A,-2.4
14508,medium,3,6.0,19.0,4.7,A,0.7
14509,low,1,10.0,4.0,5.5,A,-100.0
14510,none,2,6.0,1.0,4.3,C,-100.0
14511,medium,3,4.0,3.0,9.7,B,-5.1
14512,medium,0,2.0,15.0,3.4,C,-6.9
14513,high,3,10.0,14.0,7.8,A,4.3
14514,high,0,3.0,1.0,2.3,A,-100.0
14515,medium,2,5.0,26.0,1.5,C,0.5
14516,low,0,12.0,3.0,1.6,A,-100.0
14517,medium,4,11.0,5.0,9.9,C,-3.0
14518,low,2,4.0,4.0,7.3,B,-13.4
14519,high,1,11.0,8.0,1.6,D,-100.0
14520,high,1,8.0,6.0,2.4,A,-100.0
14521,low,4,4.0,9.0,1.3,A,-100.0
14522,low,0,11.0,3.0,3.3,A,-100.0
14523,low,0,34.0,3.0,9.6,C,-0.8
14524,none,4,5.0,11.0,3.7,A,-100.0
14525,high,1,10.0,9.0,10.0,A,10.9
14526,medium,1,15.0,4.0,7.1,C,-13.5
14527,none,1,10.0,5.0,6.9,A,-12.2
14528,high,0,9.0,34.0,3.1,A,15.0
14529,low,1,7.0,14.0,9.7,B,15.0
14530,high,3,21.0,33.0,4.7,A,15.0
14531,high,0,8.0,18.0,1.6,A,-13.7
14532,high,0,10.0,5.0,5.2,C,-100.0
14533,none,2,8.0,21.0,1.2,C,-12.2
14534,high,2,6.0,1.0,9.3,C,-11.9
14535,none,2,,48.0,3.0,C,
14536,high,0,17.0,7.0,6.3,A,-11.9
14537,medium,2,9.0,21.0,3.1,D,-1.6
14538,low,3,2.0,4.0,7.5,C,-14.6
14539,none,1,2.0,7.0,9.3,A,6.0
14540,low,1,12.0,9.0,5.9,A,-8.9
14541,low,1,3.0,3.0,2.2,A,-100.0
14542,low,4,8.0,2.0,9.9,A,-8.7
14543,low,1,14.0,6.0,7.6,D,-6.0
14544,low,2,3.0,9.0,9.9,C,11.5
14545,high,3,6.0,20.0,1.6,A,-16.8
14546,low,2,3.0,14.0,6.2,A,1.7
14547,low,0,8.0,14.0,9.3,A,15.0
14548,high,2,14.0,33.0,6.0,A,15.0
14549,high,5,32.0,41.0,8.4,A,15.0
14550,none,1,4.0,2.0,10.0,A,-0.8
14551,medium,0,11.0,3.0,6.6,A,-15.4
14552,high,2,8.0,25.0,6.6,B,15.0
14553,medium,1,7.0,1.0,3.0,A,-100.0
14554,low,1,0.0,33.0,8.2,B,15.0
14555,low,2,3.0,18.0,4.1,A,-1.5
14556,low,3,10.0,6.0,8.3,A,-6.8
14557,high,1,3.0,9.0,9.5,C,8.8
14558,high,2,7.0,15.0,8.8,D,14.7
14559,low,0,40.0,4.0,1.4,B,-100.0
14560,,0,22.0,18.0,7.6,A,15.0
14561,low,2,14.0,3.0,1.5,A,-100.0
14562,low,1,18.0,4.0,1.0,A,-100.0
14563,medium,0,1.0,7.0,9.6,D,10.5
14564,low,0,9.0,10.0,3.4,A,-17.7
14565,high,2,3.0,21.0,1.3,C,-13.6
14566,high,3,25.0,1.0,1.7,A,-100.0
14567,high,1,9.0,17.0,8.3,A,15.0
14568,low,2,,6.0,2.5,C,
14569,high,3,3.0,4.0,4.9,A,-100.0
14570,low,0,35.0,4.0,5.0,D,-100.0
14571,high,2,9.0,4.0,1.4,B,-100.0
14572,medium,4,25.0,21.0,2.6,C,-11.0
14573,high,1,16.0,40.0,3.2,A,15.0
14574,low,2,11.0,2.0,4.6,C,-100.0
14575,low,1,23.0,40.0,1.6,A,15.0
14576,low,2,5.0,12.0,9.1,A,13.2
14577,low,2,3.0,14.0,6.8,A,
14578,high,1,3.0,4.0,8.3,A,-8.3
14579,high,1,6.0,5.0,4.8,A,-100.0
14580,none,1,3.0,1.0,3.0,B,-100.0
14581,high,3,8.0,1.0,1.8,A,-100.0
14582,medium,0,3.0,31.0,4.1,A,15.0
14583,medium,1,2.0,11.0,10.0,A,15.0
14584,none,0,22.0,50.0,5.1,C,15.0
14585,low,2,5.0,12.0,9.4,B,14.9
14586,medium,1,6.0,4.0,4.9,A,-100.0
14587,low,1,14.0,15.0,8.2,A,15.0
14588,high,0,3.0,0.0,9.7,A,-6.5
14589,,2,8.0,16.0,8.8,C,15.0
14590,low,2,26.0,16.0,2.4,B,-17.3
14591,high,1,7.0,8.0,4.9,D,-19.0
14592,low,2,5.0,15.0,9.7,C,15.0
14593,low,0,4.0,50.0,9.4,A,15.0
14594,medium,2,4.0,6.0,3.7,A,-100.0
14595,high,2,1.0,1.0,1.8,B,-100.0
14596,low,2,9.0,2.0,9.6,A,-5.4
14597,medium,1,3.0,2.0,1.5,A,-100.0
14598,low,1,11.0,17.0,9.3,B,15.0
14599,low,1,13.0,12.0,7.0,A,3.4
14600,high,1,10.0,4.0,1.8,A,-100.0
14601,medium,2,4.0,3.0,7.5,D,-14.8
14602,medium,2,0.0,42.0,5.7,D,15.0
14603,high,3,11.0,5.0,8.9,A,-8.7
14604,high,3,9.0,6.0,6.7,A,-18.5
14605,none,2,3.0,17.0,5.9,A,5.7
14606,low,0,4.0,32.0,2.7,A,15.0
14607,low,1,7.0,43.0,9.7,B,15.0
14608,medium,2,14.0,1.0,8.3,C,-15.6
14609,high,1,16.0,3.0,2.2,C,-100.0
14610,high,2,8.0,0.0,1.8,A,-100.0
14611,high,2,1.0,2.0,9.2,A,-9.8
14612,low,1,1.0,9.0,,D,
14613,low,5,2.0,7.0,,C,
14614,high,2,2.0,17.0,3.1,A,-12.0
14615,high,6,14.0,18.0,5.5,A,-7.9
14616,low,2,35.0,32.0,3.8,B,15.0
14617,medium,1,17.0,0.0,3.8,A,-100.0
14618,low,4,16.0,1.0,4.4,A,-100.0
14619,,4,8.0,50.0,9.1,A,15.0
14620,high,1,11.0,10.0,1.6,A,-100.0
14621,high,1,3.0,35.0,5.3,B,15.0
14622,low,1,6.0,6.0,8.4,C,-0.8
14623,none,3,7.0,19.0,8.6,C,15.0
14624,low,2,12.0,22.0,7.8,C,15.0
14625,low,1,14.0,8.0,8.4,A,2.6
14626,low,3,4.0,21.0,1.8,A,-10.4
14627,medium,1,7.0,2.0,1.6,A,-100.0
14628,high,1,4.0,5.0,1.8,A,-100.0
14629,none,1,23.0,5.0,8.6,A,-4.1
14630,low,0,7.0,10.0,9.5,A,15.0
14631,none,2,4.0,18.0,1.4,A,-17.0
14632,none,2,5.0,1.0,4.3,B,-100.0
14633,medium,1,9.0,21.0,9.1,C,15.0
14634,medium,3,10.0,32.0,2.1,A,13.4
14635,high,2,18.0,16.0,2.1,A,-100.0
14636,low,3,3.0,8.0,9.5,A,4.7
14637,high,2,7.0,25.0,6.8,C,15.0
14638,medium,2,7.0,3.0,6.2,C,-100.0
14639,none,1,6.0,5.0,1.1,A,-100.0
14640,medium,1,2.0,5.0,2.7,A,-100.0
14641,medium,3,7.0,19.0,5.3,A,3.9
14642,high,2,10.0,5.0,4.3,A,-100.0
14643,medium,1,7.0,15.0,9.1,A,15.0
14644,medium,2,4.0,4.0,9.5,A,-1.7
14645,low,1,12.0,20.0,1.4,B,-10.5
14646,low,2,10.0,34.0,9.9,C,15.0
14647,high,2,10.0,41.0,6.0,A,15.0
14648,none,0,10.0,11.0,4.4,A,-10.8
14649,high,0,3.0,11.0,8.7,A,11.1
14650,high,1,6.0,16.0,8.8,D,15.0
14651,low,0,21.0,13.0,3.4,A,-12.6
14652,high,1,1.0,0.0,,A,
14653,none,3,20.0,5.0,1.9,B,-100.0
14654,low,0,25.0,0.0,9.3,B,-7.9
14655,,1,20.0,38.0,2.3,C,15.0
14656,none,1,2.0,27.0,3.9,C,15.0
14657,high,1,4.0,14.0,3.7,A,-12.7
14658,high,2,19.0,20.0,3.4,C,-5.7
14659,medium,0,9.0,7.0,5.9,D,-10.7
14660,high,2,5.0,6.0,6.1,C,-18.9
14661,none,0,9.0,11.0,6.1,A,-1.4
14662,high,1,5.0,15.0,3.3,C,-12.9
14663,low,2,28.0,10.0,8.6,A,4.0
14664,none,1,11.0,5.0,8.3,A,-4.6
14665,medium,1,11.0,23.0,1.5,C,-4.0
14666,high,2,9.0,1.0,4.1,B,-100.0
14667,low,1,,6.0,4.6,C,
14668,high,1,4.0,40.0,8.4,A,15.0
14669,high,0,11.0,4.0,2.9,A,-100.0
14670,high,2,10.0,3.0,8.6,A,-11.9
14671,none,1,6.0,2.0,2.9,A,-100.0
14672,none,2,16.0,35.0,2.3,A,15.0
14673,none,2,10.0,11.0,9.0,A,9.5
14674,none,0,4.0,25.0,6.7,A,15.0
14675,none,1,14.0,27.0,9.4,A,15.0
14676,low,3,10.0,10.0,2.2,A,-100.0
14677,low,2,,2.0,8.7,C,
14678,low,2,24.0,1.0,2.8,A,-100.0
14679,none,3,12.0,15.0,8.8,A,14.1
14680,medium,1,28.0,5.0,8.3,A,-6.1
14681,low,1,22.0,27.0,7.8,A,15.0
14682,high,1,6.0,50.0,8.6,A,15.0
14683,low,2,7.0,14.0,3.1,C,-15.8
14684,none,3,5.0,8.0,9.4,A,3.4
14685,low,1,6.0,22.0,8.9,A,15.0
14686,low,0,5.0,13.0,8.7,D,15.0
14687,high,1,13.0,5.0,2.2,B,-100.0
14688,medium,1,5.0,1.0,2.7,A,-100.0
14689,high,0,14.0,9.0,2.6,A,-100.0
14690,high,1,2.0,7.0,9.7,A,5.8
14691,low,3,2.0,18.0,8.8,A,15.0
14692,low,1,8.0,0.0,1.4,C,-100.0
14693,medium,1,16.0,11.0,1.7,A,-100.0
14694,none,1,20.0,23.0,1.2,A,-6.7
14695,low,1,17.0,4.0,9.3,B,-1.2
14696,high,1,8.0,0.0,1.0,B,-100.0
14697,low,1,9.0,11.0,4.2,A,-13.7
14698,low,2,3.0,5.0,2.4,B,-100.0
14699,low,4,15.0,15.0,8.5,A,10.2
14700,none,2,20.0,46.0,3.3,A,15.0
14701,high,1,4.0,13.0,9.6,A,15.0
14702,high,1,8.0,3.0,2.4,A,-100.0
14703,none,0,1.0,7.0,,B,
14704,high,1,15.0,3.0,9.3,A,-6.1
14705,medium,1,5.0,13.0,9.7,A,15.0
14706,high,4,6.0,23.0,6.1,A,11.7
14707,none,4,15.0,28.0,2.1,D,1.7
14708,high,2,5.0,9.0,3.9,D,-100.0
14709,medium,0,23.0,4.0,6.3,A,-16.2
14710,high,2,7.0,2.0,6.5,A,-100.0
14711,medium,0,4.0,3.0,8.7,C,-3.2
14712,medium,0,11.0,1.0,3.1,A,-100.0
14713,high,1,8.0,5.0,1.2,B,-100.0
14714,low,1,18.0,11.0,1.6,A,-100.0
14715,none,2,1.0,6.0,4.1,A,-100.0
14716,,2,18.0,3.0,1.8,A,-100.0
14717,high,0,8.0,23.0,2.2,A,0.1
14718,medium,0,18.0,12.0,7.8,B,9.4
14719,high,3,2.0,17.0,3.5,A,-12.3
14720,medium,2,3.0,2.0,2.4,C,-100.0
14721,none,0,6.0,2.0,,D,
14722,,3,3.0,33.0,8.3,A,15.0
14723,low,1,8.0,10.0,9.4,A,12.9
14724,low,2,16.0,12.0,2.7,A,-100.0
14725,medium,1,2.0,4.0,3.8,B,-100.0
14726,,1,10.0,23.0,1.7,A,-3.0
14727,medium,2,4.0,10.0,9.6,A,11.5
14728,low,2,3.0,5.0,2.5,B,-100.0
14729,medium,1,22.0,31.0,5.2,A,15.0
14730,high,0,9.0,16.0,4.0,A,-4.8
14731,low,1,11.0,1.0,8.7,C,-10.2
14732,medium,1,5.0,11.0,2.4,B,-100.0
14733,high,3,1.0,1.0,7.5,A,-100.0
14734,none,2,17.0,4.0,6.1,A,-100.0
14735,medium,1,7.0,21.0,10.0,A,15.0
14736,low,2,9.0,4.0,4.2,C,-100.0
14737,low,1,8.0,12.0,8.1,A,9.9
14738,medium,3,7.0,39.0,8.6,C,15.0
14739,low,1,8.0,14.0,3.7,A,-10.1
14740,high,2,0.0,5.0,3.2,A,-100.0
14741,low,2,5.0,50.0,8.7,A,15.0
14742,low,1,8.0,21.0,5.7,A,15.0
14743,none,3,3.0,13.0,8.3,A,8.0
14744,low,3,19.0,20.0,1.3,C,-16.8
14745,high,2,5.0,0.0,1.3,C,-100.0
14746,high,2,9.0,15.0,9.1,C,15.0
14747,high,2,6.0,27.0,8.1,B,15.0
14748,low,3,8.0,18.0,8.9,A,15.0
14749,low,0,2.0,4.0,9.4,A,3.4
14750,high,0,14.0,24.0,7.8,A,15.0
14751,low,3,9.0,12.0,5.0,A,-12.2
14752,high,1,3.0,5.0,9.2,B,-1.2
14753,low,0,26.0,1.0,8.2,A,-11.9
14754,high,0,6.0,7.0,6.4,C,-10.2
14755,high,3,5.0,7.0,7.7,C,-10.5
14756,low,2,18.0,18.0,9.2,B,15.0
14757,low,4,10.0,2.0,6.0,B,-100.0
14758,high,0,15.0,12.0,5.9,B,-3.4
14759,high,1,9.0,39.0,8.1,A,15.0
14760,medium,2,4.0,9.0,2.1,A,-100.0
14761,medium,1,9.0,16.0,7.1,B,12.3
14762,high,3,7.0,3.0,9.5,A,-9.2
14763,low,1,8.0,14.0,1.8,C,-100.0
14764,high,4,7.0,15.0,8.6,C,8.6
14765,none,4,14.0,9.0,8.1,A,-5.1
14766,high,1,14.0,0.0,1.9,A,-100.0
14767,medium,1,2.0,10.0,8.0,C,5.4
14768,high,0,12.0,3.0,2.6,A,-100.0
14769,low,1,24.0,4.0,9.3,C,-1.9
14770,medium,2,3.0,20.0,9.7,A,15.0
14771,none,1,5.0,17.0,9.5,A,15.0
14772,medium,1,16.0,7.0,7.3,A,-6.1
14773,,1,9.0,0.0,4.4,A,-100.0
14774,medium,1,20.0,34.0,2.7,A,15.0
14775,medium,0,6.0,1.0,8.4,A,-9.2
14776,medium,2,9.0,29.0,8.3,A,15.0
14777,high,4,11.0,3.0,5.9,D,-100.0
14778,high,2,10.0,7.0,5.8,A,-18.9
14779,high,5,3.0,16.0,4.5,A,-14.0
14780,low,2,11.0,22.0,5.3,A,12.7
14781,none,1,19.0,13.0,9.8,D,15.0
14782,none,2,5.0,7.0,2.1,B,-100.0
14783,high,1,12.0,19.0,4.3,A,0.3
14784,high,6,16.0,6.0,8.2,A,-18.4
14785,none,3,9.0,22.0,6.3,A,15.0
14786,low,1,13.0,3.0,2.2,B,-100.0
14787,none,2,12.0,9.0,2.9,A,-100.0
14788,low,0,2.0,11.0,7.6,A,8.2
14789,medium,1,4.0,21.0,6.3,A,15.0
14790,none,3,4.0,6.0,6.7,A,-15.6
14791,high,1,2.0,1.0,9.1,C,-10.1
14792,medium,1,3.0,2.0,7.2,C,-15.9
14793,high,1,8.0,11.0,6.1,A,-6.2
14794,none,2,26.0,1.0,10.0,A,-7.6
14795,high,0,4.0,11.0,5.5,A,-6.6
14796,low,1,,14.0,10.0,C,
14797,high,2,16.0,1.0,9.7,A,-10.7
14798,medium,2,22.0,1.0,6.8,A,-100.0
14799,medium,0,12.0,4.0,3.3,A,-100.0
14800,none,4,9.0,23.0,3.9,A,1.7
14801,none,1,2.0,5.0,8.8,C,-0.9
14802,low,4,15.0,4.0,3.3,C,-100.0
14803,none,3,3.0,2.0,1.6,A,-100.0
14804,high,2,5.0,0.0,8.1,B,-100.0
14805,high,0,4.0,45.0,7.7,A,15.0
14806,low,3,4.0,4.0,2.6,C,-100.0
14807,high,3,10.0,2.0,9.9,A,-9.4
14808,high,2,11.0,23.0,1.4,C,-9.6
14809,high,3,4.0,3.0,7.5,B,-19.9
14810,low,0,4.0,12.0,1.3,A,-100.0
14811,high,6,17.0,19.0,6.2,C,-2.2
14812,medium,3,4.0,2.0,4.2,A,-100.0
14813,medium,0,19.0,10.0,8.4,A,8.4
14814,high,1,9.0,3.0,1.8,A,-100.0
14815,low,2,23.0,4.0,8.1,C,-10.9
14816,low,0,5.0,11.0,9.8,A,15.0
14817,high,1,26.0,41.0,6.1,A,15.0
14818,low,3,33.0,0.0,1.6,A,-100.0
14819,high,1,15.0,5.0,8.9,A,-4.1
14820,high,0,12.0,4.0,4.9,B,-100.0
14821,low,3,28.0,15.0,7.1,A,3.7
14822,medium,1,10.0,26.0,8.2,A,15.0
14823,none,1,15.0,9.0,8.3,A,3.4
14824,low,1,9.0,6.0,2.5,A,-100.0
14825,high,1,2.0,1.0,8.4,A,-13.9
14826,high,4,11.0,22.0,8.4,B,15.0
14827,low,1,13.0,3.0,9.4,A,-2.3
14828,none,0,13.0,6.0,9.2,A,4.8
14829,low,1,5.0,2.0,2.2,B,-100.0
14830,none,2,13.0,3.0,7.8,A,-14.2
14831,high,2,7.0,18.0,9.8,A,15.0
14832,high,0,6.0,29.0,2.7,A,15.0
14833,none,3,4.0,1.0,8.6,C,-15.6
14834,low,0,22.0,10.0,3.0,B,-100.0
14835,medium,2,12.0,26.0,4.7,A,15.0
14836,none,2,7.0,7.0,1.5,A,-100.0
14837,medium,1,3.0,1.0,9.9,A,-3.1
14838,high,1,9.0,17.0,9.2,D,15.0
14839,low,1,19.0,6.0,3.3,A,-100.0
14840,medium,2,6.0,6.0,9.1,A,0.1
14841,low,1,5.0,2.0,8.1,A,-10.8
14842,low,1,2.0,4.0,1.2,A,-100.0
14843,none,0,7.0,0.0,9.6,A,-5.0
14844,high,0,16.0,16.0,8.2,C,15.0
14845,medium,2,5.0,3.0,9.1,B,-6.0
14846,high,2,1.0,8.0,2.0,A,-100.0
14847,high,1,7.0,3.0,3.1,C,-100.0
14848,medium,3,5.0,11.0,7.3,A,-1.7
14849,high,0,19.0,7.0,9.0,A,2.8
14850,low,0,3.0,13.0,3.9,A,-8.1
14851,medium,3,4.0,13.0,9.3,B,13.7
14852,low,2,5.0,3.0,8.3,A,-10.1
14853,high,3,20.0,9.0,9.6,C,2.7
14854,low,3,18.0,4.0,9.5,A,-5.2
14855,none,2,9.0,14.0,8.2,D,11.5
14856,low,1,22.0,1.0,9.6,D,-6.3
14857,low,1,7.0,5.0,1.9,A,-100.0
14858,medium,2,19.0,14.0,2.5,A,-100.0
14859,none,2,7.0,13.0,6.3,A,-0.9
14860,,2,6.0,27.0,9.2,A,15.0
14861,medium,2,11.0,28.0,3.1,C,12.8
14862,low,1,7.0,9.0,1.2,B,-100.0
14863,medium,1,0.0,3.0,6.9,A,-15.1
14864,low,2,16.0,5.0,4.6,A,-100.0
14865,none,4,11.0,8.0,2.1,A,-100.0
14866,none,1,13.0,10.0,2.9,A,-100.0
14867,low,2,7.0,2.0,5.9,A,-100.0
14868,low,2,1.0,2.0,1.6,D,-100.0
14869,,2,4.0,8.0,5.5,A,-15.5
14870,high,4,10.0,19.0,2.1,C,-19.1
14871,medium,2,4.0,11.0,8.3,D,6.5
14872,high,1,2.0,5.0,9.6,C,1.1
14873,low,2,10.0,42.0,2.7,A,15.0
14874,low,0,12.0,10.0,9.8,A,15.0
14875,none,1,15.0,10.0,2.9,A,-100.0
14876,low,2,13.0,12.0,1.7,A,-100.0
14877,medium,1,9.0,11.0,7.6,A,4.6
14878,high,1,10.0,15.0,9.7,C,15.0
14879,,0,25.0,2.0,9.6,C,-2.6
14880,low,2,4.0,6.0,9.4,C,2.4
14881,high,2,10.0,4.0,8.3,A,-11.5
14882,medium,1,2.0,9.0,9.6,B,12.1
14883,medium,5,13.0,3.0,5.2,A,-100.0
14884,high,2,8.0,16.0,7.1,C,7.3
14885,medium,0,7.0,11.0,2.7,A,-19.7
14886,medium,1,14.0,3.0,4.2,B,-100.0
14887,medium,2,10.0,21.0,7.6,C,15.0
14888,medium,0,2.0,10.0,1.8,A,-100.0
14889,low,2,18.0,10.0,4.8,C,-15.9
14890,low,1,7.0,26.0,5.1,A,15.0
14891,high,0,1.0,8.0,,A,
14892,medium,1,3.0,34.0,4.4,A,15.0
14893,low,3,5.0,1.0,1.3,C,-100.0
14894,medium,3,5.0,16.0,2.5,D,-17.6
14895,low,0,11.0,29.0,10.0,C,15.0
14896,low,1,12.0,2.0,8.4,C,-9.8
14897,high,3,5.0,9.0,9.1,A,1.4
14898,high,0,7.0,5.0,8.6,C,-2.4
14899,medium,0,9.0,31.0,2.6,B,15.0
14900,high,0,12.0,17.0,9.7,A,15.0
14901,high,4,10.0,1.0,4.8,A,-100.0
14902,none,0,1.0,6.0,7.8,A,-1.7
14903,medium,4,28.0,6.0,8.2,A,-12.0
14904,none,1,12.0,14.0,1.1,A,-100.0
14905,high,1,3.0,33.0,8.7,C,15.0
14906,none,1,10.0,6.0,9.1,A,2.0
14907,medium,1,5.0,10.0,6.8,A,-1.5
14908,medium,0,12.0,12.0,7.4,A,7.8
14909,low,2,6.0,13.0,7.1,C,4.2
14910,low,1,9.0,11.0,3.9,A,-15.4
14911,medium,0,3.0,10.0,2.4,C,-100.0
14912,,1,22.0,26.0,8.4,A,15.0
14913,none,2,7.0,3.0,1.7,B,-100.0
14914,low,1,4.0,17.0,5.5,B,6.5
14915,medium,1,6.0,14.0,3.8,A,-9.7
14916,high,1,2.0,20.0,2.3,A,-7.6
14917,high,1,3.0,4.0,8.5,D,-7.2
14918,high,0,6.0,2.0,6.3,C,-100.0
14919,low,1,18.0,20.0,2.0,B,-7.8
14920,low,4,5.0,13.0,9.6,A,13.1
14921,medium,0,5.0,5.0,9.4,A,4.8
14922,none,1,3.0,14.0,3.1,C,-13.5
14923,,1,26.0,6.0,5.6,A,-18.8
14924,low,0,27.0,15.0,9.6,B,15.0
14925,medium,1,9.0,22.0,10.0,B,15.0
14926,medium,1,8.0,1.0,9.1,A,-8.0
14927,high,1,2.0,3.0,7.2,C,-16.3
14928,low,0,8.0,8.0,9.6,B,12.3
14929,low,1,17.0,18.0,9.3,D,15.0
14930,none,1,3.0,3.0,2.5,A,-100.0
14931,none,2,6.0,6.0,6.9,C,-12.2
14932,low,4,5.0,10.0,9.4,A,5.7
14933,medium,2,9.0,16.0,7.7,A,13.2
14934,none,2,20.0,0.0,9.4,A,-12.4
14935,medium,1,9.0,4.0,9.3,A,-0.7
14936,none,2,10.0,10.0,2.7,A,-100.0
14937,low,0,9.0,8.0,2.1,A,-100.0
14938,low,3,21.0,14.0,3.5,A,-17.5
14939,low,1,9.0,17.0,5.6,A,6.6
14940,medium,3,5.0,1.0,4.5,A,-100.0
14941,high,1,40.0,5.0,8.3,A,-9.9
14942,high,1,10.0,35.0,5.0,A,15.0
14943,high,1,10.0,6.0,9.6,A,2.4
14944,high,2,19.0,0.0,2.7,A,-100.0
14945,medium,1,31.0,16.0,3.8,A,-8.0
14946,low,0,6.0,30.0,7.0,A,15.0
14947,low,3,8.0,15.0,9.3,A,15.0
14948,high,1,4.0,23.0,3.4,A,4.6
14949,low,1,5.0,6.0,1.1,A,-100.0
14950,low,1,9.0,9.0,3.3,B,-100.0
14951,high,0,21.0,28.0,8.5,A,15.0
14952,low,2,11.0,8.0,9.0,A,3.7
14953,none,1,5.0,3.0,2.8,A,-100.0
14954,low,1,18.0,24.0,9.3,A,15.0
14955,low,1,4.0,35.0,9.6,A,15.0
14956,low,2,22.0,15.0,2.3,A,-19.6
14957,medium,2,,37.0,7.9,C,
14958,high,0,6.0,8.0,9.0,A,6.2
14959,low,0,7.0,0.0,8.5,B,-10.5
14960,low,2,,4.0,9.1,C,
14961,low,0,6.0,8.0,1.9,C,-100.0
14962,high,1,2.0,15.0,3.5,C,-11.5
14963,medium,1,7.0,5.0,8.7,A,-1.7
14964,medium,0,9.0,2.0,1.0,D,-100.0
14965,medium,1,10.0,0.0,8.1,A,-15.9
14966,high,2,11.0,4.0,3.4,B,-100.0
14967,low,1,15.0,18.0,2.7,A,-7.9
14968,medium,0,10.0,35.0,1.3,C,15.0
14969,high,2,10.0,5.0,9.9,C,-0.6
14970,high,1,2.0,18.0,1.6,A,-15.6
14971,medium,2,11.0,20.0,2.3,A,-8.3
14972,high,0,7.0,15.0,2.7,A,-13.9
14973,none,0,14.0,13.0,8.4,A,15.0
14974,high,1,30.0,10.0,4.1,A,-100.0
14975,low,4,5.0,10.0,2.5,C,-100.0
14976,low,1,1.0,9.0,2.5,A,-100.0
14977,medium,2,8.0,1.0,9.1,C,-10.5
14978,low,1,15.0,9.0,8.2,A,3.5
14979,high,0,11.0,2.0,9.2,C,-5.8
14980,high,2,7.0,18.0,1.6,C,-18.6
14981,low,1,23.0,1.0,9.4,A,-7.5
14982,medium,0,21.0,16.0,2.1,A,-13.8
14983,low,1,18.0,1.0,3.0,A,-100.0
14984,high,1,3.0,8.0,9.6,A,7.3
14985,none,1,8.0,1.0,3.8,A,-100.0
14986,none,1,3.0,4.0,9.2,A,-0.9
14987,high,1,15.0,5.0,2.9,D,-100.0
14988,high,2,6.0,1.0,6.9,A,-100.0
14989,high,2,8.0,15.0,9.8,A,15.0
14990,high,0,6.0,1.0,6.4,B,-100.0
14991,high,2,5.0,6.0,8.2,A,-7.3
14992,medium,2,6.0,7.0,2.1,A,-100.0
14993,high,3,12.0,8.0,6.4,A,-16.2
14994,low,2,13.0,1.0,5.3,A,-100.0
14995,low,1,11.0,45.0,4.6,A,15.0
14996,,3,11.0,21.0,1.9,A,-11.2
14997,none,1,5.0,9.0,7.4,C,-0.5
14998,high,0,26.0,13.0,8.8,A,13.6
14999,medium,0,9.0,19.0,6.8,A,15.0
15000,medium,1,10.0,5.0,1.6,D,-100.0
15001,high,1,5.0,0.0,9.5,A,-10.3
15002,none,4,5.0,13.0,6.6,A,-4.0
15003,medium,3,8.0,47.0,10.0,B,15.0
15004,none,2,16.0,5.0,8.6,A,-5.9
15005,medium,3,13.0,17.0,8.6,A,15.0
15006,high,1,6.0,13.0,7.2,A,4.3
15007,medium,1,7.0,1.0,7.1,B,-18.9
15008,low,1,4.0,26.0,9.1,A,15.0
15009,medium,0,5.0,7.0,9.9,A,11.7
15010,low,1,18.0,13.0,9.1,B,15.0
15011,low,2,5.0,3.0,9.5,C,-3.5
15012,high,2,10.0,19.0,9.8,C,15.0
15013,medium,2,28.0,3.0,8.4,A,-12.2
15014,low,0,9.0,9.0,1.3,A,-100.0
15015,medium,0,8.0,2.0,9.2,A,-2.9
15016,low,1,5.0,39.0,8.6,A,15.0
15017,medium,1,7.0,4.0,1.8,B,-100.0
15018,medium,2,8.0,3.0,5.8,A,-100.0
15019,low,1,13.0,4.0,3.0,A,-100.0
15020,low,1,18.0,9.0,5.3,A,-12.8
15021,high,0,15.0,7.0,8.6,A,1.0
15022,,0,11.0,29.0,4.3,C,15.0
15023,high,1,5.0,5.0,9.6,A,0.8
15024,high,2,15.0,11.0,6.7,C,-6.1
15025,none,2,12.0,7.0,6.6,A,-12.3
15026,low,2,11.0,5.0,3.3,A,-100.0
15027,high,0,25.0,5.0,3.2,B,-100.0
15028,none,2,2.0,8.0,6.4,A,-10.3
15029,medium,2,3.0,4.0,9.0,B,-4.3
15030,low,0,0.0,2.0,5.9,C,-19.9
15031,medium,1,13.0,3.0,3.3,A,-100.0
15032,high,1,9.0,21.0,4.8,A,7.6
15033,low,4,11.0,4.0,8.9,A,-10.3
15034,medium,1,5.0,4.0,3.7,C,-100.0
15035,medium,1,18.0,11.0,9.4,A,13.6
15036,,2,7.0,22.0,4.1,A,5.9
15037,none,1,17.0,20.0,4.8,A,7.1
15038,high,2,17.0,2.0,4.9,A,-100.0
15039,low,0,7.0,4.0,4.1,B,-100.0
15040,medium,1,7.0,17.0,8.3,D,15.0
15041,none,3,13.0,30.0,9.4,A,15.0
15042,low,1,7.0,15.0,6.1,A,5.3
15043,high,0,21.0,3.0,8.7,A,-7.5
15044,low,0,14.0,2.0,1.7,A,-100.0
15045,none,1,12.0,4.0,8.6,A,-5.1
15046,low,0,5.0,26.0,1.1,A,3.6
15047,low,3,7.0,11.0,8.6,A,5.7
15048,high,3,10.0,2.0,5.0,C,-100.0
15049,low,0,4.0,10.0,8.9,C,13.0
15050,low,1,10.0,5.0,3.5,A,-100.0
15051,medium,0,3.0,24.0,7.5,A,15.0
15052,low,1,19.0,13.0,3.0,C,-17.1
15053,none,1,2.0,17.0,9.8,A,15.0
15054,none,1,14.0,8.0,8.4,A,2.0
15055,none,0,7.0,16.0,6.0,A,8.8
15056,high,5,8.0,12.0,9.9,A,6.8
15057,low,1,4.0,10.0,9.9,C,15.0
15058,high,0,5.0,13.0,7.8,B,10.2
15059,low,1,5.0,7.0,3.3,C,-100.0
15060,high,2,2.0,13.0,6.8,C,-0.0
15061,medium,3,7.0,11.0,6.3,A,-7.3
15062,none,0,15.0,1.0,2.5,B,-100.0
15063,low,1,13.0,17.0,9.5,A,15.0
15064,medium,4,3.0,1.0,9.6,A,-12.3
15065,medium,0,8.0,4.0,2.6,A,-100.0
15066,none,2,16.0,10.0,5.0,A,-15.2
15067,high,1,16.0,10.0,9.7,D,10.7
15068,none,2,30.0,10.0,8.9,C,4.8
15069,medium,1,11.0,9.0,3.8,A,-100.0
15070,low,3,29.0,3.0,7.2,A,-100.0
15071,high,2,7.0,7.0,9.8,A,3.4
15072,medium,1,24.0,27.0,6.3,C,15.0
15073,low,3,7.0,42.0,6.0,C,15.0
15074,low,0,7.0,12.0,9.7,A,15.0
15075,low,1,20.0,4.0,5.9,A,-100.0
15076,high,0,4.0,35.0,9.8,A,15.0
15077,low,2,3.0,2.0,2.6,A,-100.0
15078,low,0,2.0,13.0,8.9,A,15.0
15079,high,2,12.0,2.0,3.8,A,-100.0
15080,low,3,15.0,1.0,2.0,A,-100.0
15081,low,2,4.0,1.0,8.3,A,-14.2
15082,high,0,12.0,4.0,8.7,D,-4.5
15083,medium,2,5.0,14.0,8.3,A,12.7
15084,high,1,13.0,10.0,9.4,A,9.4
15085,high,0,21.0,20.0,2.7,A,-4.8
15086,high,0,11.0,2.0,7.1,A,-17.4
15087,low,0,7.0,12.0,1.3,A,-100.0
15088,none,1,27.0,44.0,9.7,A,15.0
15089,medium,1,4.0,11.0,8.7,A,11.1
15090,medium,3,8.0,25.0,7.3,A,15.0
15091,low,1,13.0,17.0,4.7,B,1.2
15092,high,0,10.0,15.0,8.8,B,15.0
15093,low,3,9.0,12.0,2.4,A,-100.0
15094,medium,1,14.0,18.0,3.5,A,-3.8
15095,none,0,2.0,27.0,9.3,A,15.0
15096,high,3,15.0,16.0,7.3,C,5.2
15097,none,0,13.0,1.0,5.7,A,-100.0
15098,high,2,12.0,8.0,7.8,A,-6.0
15099,none,0,7.0,17.0,8.2,C,15.0
15100,none,2,13.0,3.0,9.1,A,-7.1
15101,high,0,8.0,24.0,8.2,A,15.0
15102,medium,1,11.0,3.0,2.0,A,-100.0
15103,low,1,8.0,3.0,5.3,A,-100.0
15104,low,0,13.0,18.0,3.1,A,-3.0
15105,medium,1,10.0,19.0,2.5,A,-6.7
15106,high,2,17.0,4.0,7.7,D,-15.5
15107,none,1,3.0,23.0,3.2,A,6.0
15108,high,4,6.0,12.0,8.7,A,2.9
15109,medium,1,15.0,25.0,9.4,A,15.0
15110,high,1,35.0,43.0,9.9,A,15.0
15111,low,4,7.0,13.0,7.0,C,-1.4
15112,high,0,12.0,15.0,9.9,A,15.0
15113,low,3,15.0,12.0,7.8,A,2.6
15114,none,1,24.0,7.0,3.0,A,-100.0
15115,medium,3,11.0,2.0,9.7,A,-8.0
15116,low,3,3.0,21.0,6.0,A,12.8
15117,high,1,12.0,17.0,4.7,A,-1.7
15118,low,1,2.0,4.0,3.3,A,-100.0
15119,high,2,9.0,7.0,4.9,A,-100.0
15120,low,2,21.0,27.0,9.7,C,15.0
15121,none,2,22.0,27.0,9.5,A,15.0
15122,low,1,7.0,3.0,2.3,A,-100.0
15123,none,2,14.0,27.0,6.1,A,15.0
15124,medium,1,23.0,7.0,1.3,C,-100.0
15125,high,3,5.0,6.0,2.1,A,-100.0
15126,low,2,6.0,5.0,2.6,A,-100.0
15127,low,0,2.0,9.0,9.8,C,15.0
15128,low,2,2.0,2.0,7.0,A,-19.0
15129,medium,2,5.0,11.0,3.6,C,-19.5
15130,high,0,14.0,40.0,10.0,D,15.0
15131,high,0,14.0,4.0,3.1,A,-100.0
15132,low,0,19.0,45.0,3.1,A,15.0
15133,high,1,11.0,5.0,9.2,C,-2.0
15134,high,2,7.0,15.0,8.5,C,13.0
15135,high,0,12.0,16.0,9.9,A,15.0
15136,low,1,10.0,2.0,3.1,A,-100.0
15137,medium,0,12.0,1.0,8.8,A,-7.6
15138,high,0,20.0,2.0,8.5,A,-10.6
15139,medium,1,4.0,50.0,9.0,C,15.0
15140,none,2,18.0,3.0,2.7,C,-100.0
15141,high,2,11.0,24.0,7.0,C,15.0
15142,high,1,4.0,5.0,6.7,A,-15.1
15143,high,1,12.0,8.0,7.0,C,-7.9
15144,low,2,13.0,24.0,8.4,A,15.0
15145,medium,0,8.0,18.0,6.1,A,13.7
15146,medium,5,15.0,6.0,10.0,D,-3.3
15147,high,0,4.0,4.0,9.0,A,-2.0
15148,low,0,11.0,4.0,8.6,A,-1.9
15149,low,5,2.0,8.0,3.8,C,-100.0
15150,high,2,5.0,4.0,1.7,A,-100.0
15151,none,1,10.0,9.0,9.4,D,10.0
15152,medium,2,3.0,14.0,8.7,A,15.0
15153,low,2,6.0,2.0,3.1,A,-100.0
15154,medium,1,4.0,2.0,2.2,A,-100.0
15155,high,1,2.0,0.0,6.0,A,-100.0
15156,low,0,7.0,8.0,5.9,A,-8.0
15157,high,7,11.0,14.0,6.3,A,-14.1
15158,low,4,5.0,2.0,2.6,B,-100.0
15159,low,1,17.0,8.0,6.4,A,-8.7
15160,low,0,5.0,3.0,9.3,A,0.4
15161,low,4,11.0,0.0,9.6,C,-14.8
15162,medium,0,6.0,50.0,9.5,D,15.0
15163,high,2,2.0,15.0,9.3,B,15.0
15164,low,3,19.0,1.0,3.2,A,-100.0
15165,high,3,26.0,9.0,8.5,A,-4.0
15166,medium,1,4.0,3.0,9.2,A,-2.9
15167,high,2,11.0,24.0,3.3,C,2.9
15168,none,2,18.0,15.0,5.8,A,-0.5
15169,low,0,17.0,16.0,5.0,A,2.9
15170,low,4,14.0,15.0,4.1,A,-13.9
15171,low,1,2.0,50.0,6.3,A,15.0
15172,high,2,13.0,3.0,2.6,A,-100.0
15173,,1,9.0,4.0,2.6,A,-100.0
15174,high,3,9.0,0.0,4.1,A,-100.0
15175,medium,0,8.0,14.0,8.5,B,15.0
15176,medium,1,15.0,7.0,4.6,A,-100.0
15177,medium,1,7.0,4.0,4.8,A,-100.0
15178,high,1,35.0,11.0,4.1,A,-19.9
15179,none,4,8.0,6.0,2.5,B,-100.0
15180,high,1,3.0,16.0,8.4,A,15.0
15181,low,0,14.0,26.0,1.6,C,5.5
15182,high,1,4.0,2.0,8.8,A,-9.8
15183,low,1,8.0,10.0,6.8,B,-1.4
15184,high,2,40.0,11.0,3.6,C,-100.0
15185,high,3,22.0,8.0,4.0,A,-100.0
15186,high,0,5.0,7.0,4.9,A,-18.4
15187,low,3,5.0,3.0,3.1,A,-100.0
15188,high,2,8.0,9.0,9.3,A,4.7
15189,none,0,8.0,1.0,9.6,A,-3.0
15190,low,1,9.0,3.0,9.5,A,-1.4
15191,low,0,15.0,17.0,7.5,A,15.0
15192,none,3,17.0,12.0,4.8,A,-14.7
15193,medium,2,16.0,14.0,5.4,C,-4.4
15194,low,2,10.0,10.0,7.6,C,0.3
15195,low,3,7.0,2.0,8.6,A,-13.2
15196,none,2,3.0,0.0,6.9,A,-100.0
15197,high,3,19.0,6.0,9.1,A,-6.3
15198,low,0,28.0,6.0,5.5,D,-16.5
15199,low,2,10.0,7.0,9.5,A,4.4
15200,low,1,12.0,2.0,5.7,D,-100.0
15201,high,0,7.0,14.0,9.0,B,15.0
15202,high,1,,32.0,8.8,C,
15203,low,2,10.0,7.0,5.6,B,-17.0
15204,high,0,6.0,3.0,5.1,B,-100.0
15205,medium,2,10.0,6.0,8.3,C,-4.7
15206,high,3,10.0,6.0,8.2,A,-10.3
15207,medium,1,14.0,25.0,7.0,A,15.0
15208,medium,1,15.0,9.0,1.2,A,-100.0
15209,low,2,8.0,3.0,10.0,A,-1.0
15210,high,2,11.0,26.0,2.6,A,3.3
15211,high,1,6.0,50.0,9.8,C,15.0
15212,low,5,10.0,12.0,8.4,A,1.4
15213,low,2,13.0,3.0,5.2,C,-100.0
15214,low,1,8.0,2.0,7.2,A,-16.0
15215,high,2,2.0,5.0,4.7,A,-100.0
15216,none,2,6.0,10.0,4.9,C,-14.8
15217,low,3,8.0,21.0,6.0,A,12.3
15218,low,1,7.0,26.0,9.8,D,15.0
15219,low,2,19.0,9.0,2.0,A,-100.0
15220,low,3,1.0,29.0,3.3,A,14.9
15221,high,1,16.0,5.0,8.5,A,-6.4
15222,high,0,3.0,4.0,,D,
15223,high,1,0.0,8.0,1.2,C,-100.0
15224,low,5,3.0,23.0,9.3,D,15.0
15225,medium,1,11.0,3.0,5.1,A,-100.0
15226,high,1,7.0,23.0,2.4,A,-1.2
15227,high,1,21.0,7.0,10.0,A,5.6
15228,none,2,4.0,1.0,7.5,C,-19.2
15229,low,2,38.0,8.0,9.3,A,2.6
15230,medium,5,2.0,13.0,8.5,A,4.5
15231,high,1,5.0,3.0,8.0,B,-12.2
15232,high,1,5.0,13.0,6.1,A,-1.7
15233,high,3,17.0,4.0,1.8,A,-100.0
15234,low,1,7.0,15.0,8.2,B,15.0
15235,none,4,2.0,5.0,5.7,A,-100.0
15236,low,1,2.0,12.0,8.5,A,12.7
15237,medium,2,4.0,9.0,1.9,C,-100.0
15238,high,1,4.0,22.0,7.4,A,15.0
15239,high,0,4.0,9.0,4.2,A,-17.9
15240,high,0,2.0,12.0,9.7,A,15.0
15241,high,2,13.0,1.0,8.7,A,-15.9
15242,high,2,10.0,34.0,9.6,B,15.0
15243,high,3,5.0,30.0,9.6,A,15.0
15244,high,2,7.0,50.0,9.3,A,15.0
15245,high,0,5.0,4.0,3.6,B,-100.0
15246,none,2,15.0,9.0,2.0,C,-100.0
15247,medium,2,2.0,13.0,3.3,A,-16.6
15248,medium,1,27.0,30.0,8.6,A,15.0
15249,low,2,9.0,30.0,9.5,C,15.0
15250,low,1,5.0,3.0,3.5,A,-100.0
15251,high,2,10.0,3.0,9.0,C,-9.7
15252,low,1,9.0,14.0,5.5,A,-0.3
15253,none,1,22.0,4.0,5.5,A,-100.0
15254,low,0,4.0,21.0,8.3,A,15.0
15255,high,0,6.0,19.0,6.6,B,15.0
15256,low,1,23.0,30.0,5.1,A,15.0
15257,high,3,19.0,8.0,2.2,A,-100.0
15258,high,1,6.0,27.0,8.6,C,15.0
15259,low,1,3.0,0.0,1.4,A,-100.0
15260,medium,2,1.0,5.0,3.2,B,-100.0
15261,none,0,29.0,21.0,1.4,D,-8.2
15262,high,0,40.0,3.0,3.8,A,-100.0
15263,low,1,11.0,8.0,7.7,A,-1.0
15264,none,2,5.0,24.0,8.9,A,15.0
15265,low,3,6.0,28.0,9.5,A,15.0
15266,low,3,18.0,1.0,7.7,C,-100.0
15267,low,1,5.0,32.0,5.7,C,15.0
15268,none,2,23.0,5.0,9.1,B,-3.9
15269,high,1,10.0,6.0,1.7,C,-100.0
15270,medium,2,6.0,6.0,5.8,A,-18.0
15271,none,2,4.0,6.0,4.6,A,-100.0
15272,low,0,18.0,1.0,2.2,A,-100.0
15273,high,1,20.0,16.0,5.6,A,0.4
15274,high,2,6.0,11.0,4.3,C,-18.4
15275,none,0,25.0,5.0,6.7,A,-12.3
15276,low,2,,3.0,10.0,C,
15277,low,1,31.0,50.0,9.9,A,15.0
15278,high,0,8.0,6.0,9.4,A,4.0
15279,none,0,2.0,27.0,10.0,A,15.0
15280,low,0,10.0,5.0,4.6,C,-100.0
15281,none,1,4.0,9.0,5.4,B,-11.4
15282,medium,1,28.0,29.0,3.1,C,15.0
15283,high,1,10.0,0.0,9.4,A,-11.3
15284,none,1,21.0,1.0,3.0,C,-100.0
15285,low,0,22.0,5.0,5.5,C,-18.0
15286,low,1,13.0,1.0,3.0,A,-100.0
15287,high,4,19.0,1.0,9.0,A,-19.8
15288,low,2,2.0,50.0,1.5,A,15.0
15289,none,4,6.0,1.0,7.6,C,-100.0
15290,none,0,19.0,12.0,9.3,A,15.0
15291,none,0,11.0,1.0,4.4,A,-100.0
15292,medium,3,6.0,44.0,1.8,A,15.0
15293,medium,0,9.0,1.0,9.2,B,-5.1
15294,high,1,4.0,1.0,6.0,A,-100.0
15295,medium,0,10.0,19.0,9.7,C,15.0
15296,none,2,3.0,12.0,8.3,A,8.4
15297,high,1,6.0,12.0,8.5,A,9.3
15298,medium,2,5.0,3.0,8.6,A,-8.8
15299,high,2,7.0,27.0,5.5,D,15.0
15300,high,0,1.0,3.0,2.7,A,-100.0
15301,low,1,18.0,50.0,2.9,A,15.0
15302,low,3,13.0,0.0,9.4,A,-13.6
15303,high,2,8.0,11.0,5.7,A,-10.9
15304,low,3,18.0,4.0,5.4,B,-100.0
15305,medium,1,5.0,4.0,2.7,A,-100.0
15306,high,0,3.0,10.0,5.2,C,-10.2
15307,low,0,9.0,9.0,1.2,C,-100.0
15308,high,4,10.0,3.0,3.2,A,-100.0
15309,low,2,16.0,2.0,9.2,C,-8.3
15310,medium,1,,9.0,3.6,C,
15311,high,1,5.0,6.0,8.5,C,-3.2
15312,high,2,7.0,5.0,4.2,A,-100.0
15313,high,2,2.0,17.0,9.4,A,15.0
15314,low,1,13.0,14.0,6.3,A,3.7
15315,none,0,4.0,7.0,8.9,A,6.1
15316,high,6,20.0,9.0,9.5,A,-5.4
15317,none,1,3.0,11.0,8.6,A,10.5
15318,high,3,18.0,3.0,9.5,C,-10.3
15319,low,2,27.0,29.0,1.9,A,7.1
15320,low,2,6.0,19.0,2.5,A,-8.5
15321,medium,3,12.0,2.0,4.9,A,-100.0
15322,none,2,20.0,9.0,9.1,A,4.8
15323,high,0,18.0,2.0,2.0,A,-100.0
15324,low,2,6.0,11.0,5.6,D,-8.2
15325,medium,0,9.0,9.0,6.8,A,-1.5
15326,medium,0,13.0,21.0,4.4,C,10.1
15327,high,4,2.0,35.0,9.6,D,15.0
15328,high,0,5.0,20.0,9.0,A,15.0
15329,high,3,22.0,16.0,9.9,B,15.0
15330,high,1,6.0,3.0,9.5,A,-4.1
15331,medium,0,5.0,12.0,5.4,B,-2.5
15332,high,3,30.0,3.0,7.4,A,-100.0
15333,high,1,5.0,11.0,7.1,D,-0.4
15334,high,3,,14.0,5.8,C,
15335,high,3,1.0,2.0,3.0,A,-100.0
15336,medium,2,8.0,27.0,1.1,C,0.1
15337,none,2,1.0,12.0,3.1,A,-20.0
15338,medium,1,5.0,6.0,9.9,A,7.2
15339,medium,1,4.0,22.0,8.6,A,15.0
15340,medium,1,15.0,22.0,6.1,A,15.0
15341,,2,8.0,25.0,8.5,A,15.0
15342,medium,3,11.0,4.0,10.0,A,-2.1
15343,low,2,2.0,3.0,4.6,B,-100.0
15344,low,3,10.0,3.0,9.6,C,-5.9
15345,low,0,12.0,8.0,8.2,A,4.2
15346,low,0,12.0,22.0,8.5,A,15.0
15347,medium,0,9.0,19.0,9.7,A,15.0
15348,high,2,10.0,18.0,3.4,C,-9.0
15349,high,3,6.0,2.0,9.7,A,-10.1
15350,high,1,7.0,10.0,6.2,A,-7.6
15351,medium,3,10.0,6.0,1.8,A,-100.0
15352,none,1,40.0,1.0,7.2,A,-100.0
15353,high,0,3.0,50.0,6.4,A,15.0
15354,high,1,11.0,11.0,6.3,A,-5.4
15355,medium,1,6.0,7.0,9.7,C,8.0
15356,none,1,16.0,4.0,8.3,A,-7.2
15357,high,0,3.0,2.0,9.7,A,-2.3
15358,low,1,5.0,10.0,10.0,A,15.0
15359,high,0,16.0,5.0,10.0,B,4.4
15360,low,0,4.0,16.0,8.9,A,15.0
15361,none,3,7.0,6.0,7.4,A,-12.0
15362,medium,0,5.0,6.0,6.0,A,-11.8
15363,medium,1,5.0,4.0,5.0,A,-100.0
15364,high,2,4.0,4.0,4.8,A,-100.0
15365,low,2,11.0,0.0,7.6,A,-100.0
15366,high,3,3.0,5.0,8.6,A,-9.5
15367,low,2,4.0,0.0,4.6,A,-100.0
15368,low,2,20.0,44.0,7.1,A,15.0
15369,low,1,4.0,2.0,9.0,A,-5.7
15370,high,3,6.0,1.0,8.6,B,-18.2
15371,high,2,13.0,21.0,9.5,D,15.0
15372,high,0,3.0,15.0,6.2,A,5.8
15373,low,0,17.0,16.0,3.9,A,-3.2
15374,high,0,1.0,6.0,8.3,A,-1.4
15375,high,0,9.0,3.0,6.8,A,-16.7
15376,low,1,10.0,6.0,8.6,A,-0.1
15377,low,2,24.0,4.0,5.2,B,-100.0
15378,low,1,17.0,8.0,8.1,A,0.6
15379,,2,12.0,19.0,9.0,A,15.0
15380,medium,0,17.0,8.0,8.8,A,6.6
15381,low,0,17.0,5.0,1.8,A,-100.0
15382,low,1,9.0,11.0,5.1,A,-8.8
15383,high,2,4.0,11.0,7.3,A,-1.7
15384,high,1,5.0,3.0,9.8,B,-2.3
15385,high,1,8.0,5.0,7.0,A,-13.8
15386,high,2,9.0,4.0,6.5,A,-100.0
15387,high,0,7.0,4.0,2.8,A,-100.0
15388,high,2,1.0,5.0,10.0,C,0.9
15389,none,1,2.0,1.0,1.1,A,-100.0
15390,high,2,3.0,47.0,8.3,A,15.0
15391,low,2,13.0,50.0,2.1,A,15.0
15392,high,0,3.0,13.0,1.7,A,-100.0
15393,low,3,8.0,0.0,8.7,B,-17.0
15394,low,1,28.0,1.0,5.2,B,-100.0
15395,high,0,12.0,9.0,4.2,A,-18.7
15396,medium,1,5.0,2.0,9.7,A,-2.3
15397,medium,0,4.0,9.0,9.2,A,12.2
15398,high,2,10.0,12.0,4.2,A,-17.2
15399,none,3,30.0,7.0,8.9,A,-4.0
15400,none,0,7.0,11.0,1.8,A,-100.0
15401,low,2,3.0,1.0,6.2,A,-100.0
15402,medium,0,9.0,14.0,3.6,B,-8.6
15403,high,0,14.0,17.0,6.6,C,11.1
15404,none,3,6.0,1.0,4.3,B,-100.0
15405,high,1,7.0,0.0,9.2,A,-12.1
15406,low,3,17.0,11.0,8.8,A,5.8
15407,low,0,10.0,1.0,8.7,A,-7.6
15408,high,1,12.0,38.0,9.3,C,15.0
15409,medium,3,5.0,8.0,6.4,C,-12.9
15410,high,2,7.0,1.0,9.6,A,-10.3
15411,low,2,23.0,43.0,9.7,A,15.0
15412,medium,4,16.0,3.0,9.8,A,-8.3
15413,none,1,5.0,11.0,8.3,D,8.6
15414,medium,1,3.0,2.0,4.8,C,-100.0
15415,medium,3,4.0,8.0,1.2,C,-100.0
15416,high,3,2.0,15.0,,A,
15417,low,3,2.0,2.0,8.4,D,-13.8
15418,none,0,13.0,24.0,2.4,A,5.2
15419,high,4,10.0,31.0,6.3,C,15.0
15420,medium,2,8.0,5.0,8.9,B,-3.3
15421,medium,1,8.0,4.0,9.2,A,-1.2
15422,low,2,10.0,6.0,2.4,A,-100.0
15423,medium,3,24.0,8.0,2.6,C,-100.0
15424,medium,3,8.0,3.0,9.4,A,-7.2
15425,medium,1,12.0,9.0,8.4,A,4.5
15426,low,2,6.0,20.0,5.0,A,7.4
15427,low,0,14.0,4.0,8.1,C,-5.0
15428,low,6,11.0,23.0,7.3,A,15.0
15429,low,2,12.0,26.0,3.8,A,12.8
15430,high,1,16.0,5.0,7.9,A,-9.7
15431,medium,1,5.0,28.0,10.0,A,15.0
15432,high,3,22.0,11.0,4.5,A,-100.0
15433,medium,4,14.0,25.0,4.9,A,11.1
15434,low,1,11.0,4.0,8.6,C,-4.4
15435,high,2,7.0,0.0,5.6,A,-100.0
15436,low,1,3.0,14.0,9.0,A,15.0
15437,high,1,23.0,2.0,8.6,D,-12.8
15438,none,1,8.0,15.0,8.2,A,15.0
15439,high,1,5.0,14.0,4.4,A,-8.9
15440,high,1,6.0,26.0,10.0,A,15.0
15441,medium,5,11.0,9.0,7.2,A,-12.0
15442,low,0,5.0,20.0,9.4,A,15.0
15443,medium,0,30.0,23.0,2.3,A,1.0
15444,low,1,10.0,50.0,9.7,A,15.0
15445,high,0,24.0,5.0,8.8,D,-3.0
15446,medium,5,17.0,28.0,6.8,A,15.0
15447,medium,3,6.0,28.0,4.4,A,15.0
15448,medium,3,5.0,13.0,7.4,A,3.1
15449,medium,0,13.0,18.0,8.4,B,15.0
15450,low,2,3.0,7.0,9.6,D,5.7
15451,medium,2,14.0,15.0,9.6,A,15.0
15452,high,1,8.0,6.0,4.3,A,-100.0
15453,high,0,5.0,2.0,8.7,A,-8.0
15454,low,0,6.0,29.0,5.2,C,15.0
15455,low,3,12.0,22.0,7.7,C,15.0
15456,high,1,3.0,2.0,9.4,A,-6.4
15457,low,1,5.0,8.0,8.6,A,4.6
15458,medium,1,14.0,13.0,4.4,A,-9.3
15459,low,3,8.0,3.0,8.4,B,-12.3
15460,low,1,10.0,11.0,6.9,D,1.0
15461,high,3,12.0,3.0,8.8,A,-13.5
15462,medium,1,2.0,2.0,9.5,C,-3.2
15463,high,2,12.0,12.0,8.5,A,6.2
15464,medium,2,13.0,4.0,10.0,A,0.2
15465,low,1,9.0,35.0,9.3,B,15.0
15466,medium,4,11.0,3.0,4.8,A,-100.0
15467,high,1,2.0,21.0,4.6,A,7.2
15468,high,2,12.0,3.0,8.6,A,-12.1
15469,high,1,20.0,1.0,8.7,A,-14.1
15470,high,1,3.0,38.0,5.0,C,15.0
15471,medium,0,12.0,23.0,9.8,A,15.0
15472,low,1,21.0,2.0,9.9,B,-2.5
15473,medium,0,11.0,16.0,9.7,A,15.0
15474,medium,2,7.0,10.0,7.9,C,1.8
15475,low,3,13.0,24.0,4.1,A,7.6
15476,none,0,30.0,2.0,2.5,A,-100.0
15477,high,1,34.0,5.0,1.9,C,-100.0
15478,,5,26.0,26.0,8.4,A,15.0
15479,none,2,19.0,1.0,6.6,A,-100.0
15480,none,1,8.0,5.0,9.8,C,4.0
15481,high,1,3.0,24.0,1.9,A,-1.5
15482,high,1,22.0,11.0,9.2,C,9.5
15483,high,0,15.0,12.0,1.6,A,-100.0
15484,medium,0,9.0,21.0,1.1,A,-7.6
15485,medium,2,7.0,19.0,4.4,A,1.5
15486,low,1,10.0,48.0,9.6,A,15.0
15487,low,3,12.0,8.0,2.6,A,-100.0
15488,,0,9.0,8.0,4.3,A,-17.6
15489,low,0,13.0,8.0,5.2,D,-12.4
15490,,3,8.0,13.0,5.4,A,-8.4
15491,medium,2,25.0,21.0,9.5,A,15.0
15492,high,2,6.0,5.0,1.9,A,-100.0
15493,low,5,17.0,1.0,1.3,A,-100.0
15494,medium,2,6.0,6.0,2.8,A,-100.0
15495,high,2,17.0,17.0,6.4,A,4.7
15496,low,2,3.0,26.0,4.7,C,15.0
15497,,2,14.0,9.0,2.6,A,-100.0
15498,high,0,1.0,6.0,2.2,A,-100.0
15499,low,2,2.0,10.0,4.4,B,-16.5
15500,none,3,24.0,20.0,2.1,A,-13.5
15501,none,1,9.0,41.0,1.7,A,15.0
15502,none,0,5.0,6.0,4.1,A,-100.0
15503,medium,3,11.0,4.0,5.3,A,-100.0
15504,high,2,10.0,4.0,3.5,A,-100.0
15505,low,6,6.0,8.0,9.1,A,-5.3
15506,high,1,5.0,3.0,4.3,B,-100.0
15507,high,1,7.0,3.0,8.7,D,-8.6
15508,medium,0,9.0,5.0,4.9,A,-100.0
15509,medium,1,11.0,23.0,6.4,A,15.0
15510,low,2,4.0,8.0,8.1,A,-0.6
15511,low,0,7.0,11.0,5.6,C,-3.3
15512,low,3,9.0,5.0,6.5,A,-18.7
15513,none,2,17.0,3.0,8.9,A,-8.6
15514,low,1,5.0,1.0,9.1,A,-7.4
15515,high,0,12.0,1.0,2.0,A,-100.0
15516,medium,2,5.0,1.0,1.2,A,-100.0
15517,medium,1,9.0,39.0,9.5,D,15.0
15518,medium,4,14.0,16.0,8.1,A,9.9
15519,medium,1,5.0,3.0,7.8,C,-10.7
15520,medium,1,5.0,3.0,3.2,C,-100.0
15521,medium,0,3.0,11.0,7.9,A,9.3
15522,low,1,8.0,13.0,8.4,D,13.7
15523,none,0,9.0,0.0,1.8,C,-100.0
15524,high,1,5.0,1.0,9.5,C,-8.2
15525,high,5,10.0,0.0,8.6,A,-100.0
15526,medium,2,3.0,10.0,8.1,D,3.4
15527,none,0,4.0,1.0,9.0,A,-5.9
15528,low,1,11.0,1.0,2.4,A,-100.0
15529,low,3,11.0,5.0,6.0,A,-100.0
15530,high,2,17.0,17.0,8.4,A,15.0
15531,high,4,2.0,4.0,9.2,D,-10.7
15532,high,1,6.0,13.0,3.2,A,-17.7
15533,none,2,10.0,1.0,9.8,A,-7.1
15534,low,1,2.0,7.0,9.2,A,6.1
15535,high,2,7.0,13.0,6.3,A,-3.3
15536,medium,2,6.0,6.0,6.4,A,-14.7
15537,high,3,7.0,2.0,1.2,A,-100.0
15538,medium,1,,0.0,7.3,C,
15539,high,2,3.0,28.0,8.1,A,15.0
15540,none,0,11.0,7.0,8.5,A,3.2
15541,high,0,3.0,9.0,8.0,A,3.1
15542,medium,0,11.0,32.0,9.2,A,15.0
15543,medium,2,6.0,43.0,9.8,A,15.0
15544,medium,2,20.0,6.0,8.5,D,-4.6
15545,medium,1,27.0,2.0,1.8,A,-100.0
15546,medium,0,6.0,12.0,9.4,C,15.0
15547,high,1,6.0,9.0,1.9,B,-100.0
15548,medium,4,14.0,9.0,8.4,A,-3.2
15549,medium,2,18.0,2.0,7.1,A,-100.0
15550,low,1,14.0,19.0,6.6,A,15.0
15551,low,3,17.0,5.0,8.6,C,-7.9
15552,high,0,6.0,1.0,8.3,A,-12.4
15553,low,1,15.0,18.0,9.8,B,15.0
15554,low,3,8.0,6.0,9.3,D,-1.1
15555,medium,1,5.0,3.0,6.7,A,-16.8
15556,medium,2,1.0,9.0,9.3,A,8.1
15557,low,0,10.0,5.0,5.1,A,-19.0
15558,medium,2,4.0,10.0,1.2,A,-100.0
15559,,1,7.0,4.0,8.9,A,-3.0
15560,high,2,14.0,2.0,9.2,A,-11.1
15561,none,0,8.0,13.0,6.4,C,4.6
15562,medium,1,6.0,15.0,8.1,A,15.0
15563,medium,2,6.0,11.0,9.9,A,15.0
15564,high,4,9.0,20.0,9.7,A,15.0
15565,low,2,5.0,11.0,1.9,A,-100.0
15566,low,3,12.0,12.0,9.4,A,11.7
15567,low,2,8.0,0.0,8.6,A,-15.0
15568,high,2,2.0,10.0,6.9,D,-5.8
15569,,3,6.0,3.0,4.6,D,-100.0
15570,none,5,4.0,10.0,2.8,C,-100.0
15571,high,1,5.0,5.0,9.1,A,-2.0
15572,none,1,5.0,3.0,8.3,A,-8.2
15573,high,0,4.0,11.0,9.9,A,15.0
15574,high,3,12.0,3.0,9.1,A,-11.9
15575,none,4,19.0,2.0,4.9,C,-100.0
15576,medium,4,11.0,11.0,8.7,A,3.0
15577,none,4,22.0,45.0,8.7,A,15.0
15578,low,0,8.0,11.0,8.2,C,10.9
15579,medium,2,23.0,13.0,8.5,A,9.9
15580,medium,1,3.0,31.0,5.3,A,15.0
15581,high,1,4.0,23.0,2.7,B,0.7
15582,high,0,12.0,7.0,1.7,A,-100.0
15583,low,3,19.0,10.0,8.3,A,0.7
15584,high,1,5.0,1.0,8.9,C,-11.5
15585,medium,1,10.0,3.0,7.3,A,-14.0
15586,low,0,11.0,11.0,7.3,C,5.6
15587,medium,1,5.0,32.0,8.8,A,15.0
15588,high,4,7.0,5.0,7.2,A,-100.0
15589,medium,2,18.0,5.0,9.8,A,0.7
15590,low,3,0.0,7.0,4.1,A,-100.0
15591,high,0,5.0,8.0,6.7,C,-6.4
15592,low,1,2.0,1.0,1.8,B,-100.0
15593,low,1,3.0,3.0,1.9,A,-100.0
15594,medium,2,24.0,28.0,1.8,C,4.4
15595,none,1,11.0,2.0,3.3,B,-100.0
15596,low,1,12.0,12.0,6.0,A,-2.0
15597,medium,1,15.0,9.0,5.7,A,-10.6
15598,none,3,3.0,5.0,9.8,A,-0.5
15599,medium,1,7.0,8.0,9.9,A,11.1
15600,high,0,7.0,19.0,1.2,C,-13.7
15601,none,0,8.0,14.0,7.4,B,12.2
15602,,1,7.0,8.0,7.6,A,-1.7
15603,low,2,28.0,5.0,7.2,A,-14.2
15604,low,1,6.0,10.0,9.2,A,12.0
15605,low,0,10.0,2.0,9.4,A,-1.6
15606,low,1,6.0,5.0,1.5,A,-100.0
15607,high,1,17.0,5.0,9.5,A,-1.0
15608,low,1,1.0,2.0,5.0,A,-100.0
15609,low,1,3.0,5.0,2.6,C,-100.0
15610,high,2,9.0,29.0,8.2,A,15.0
15611,high,2,12.0,12.0,1.7,A,-100.0
15612,medium,3,1.0,13.0,9.2,A,13.4
15613,none,2,4.0,5.0,3.6,A,-100.0
15614,none,2,9.0,6.0,3.5,B,-100.0
15615,high,0,10.0,3.0,9.2,A,-3.6
15616,medium,1,5.0,10.0,9.4,A,12.8
15617,none,1,16.0,29.0,8.4,A,15.0
15618,medium,0,20.0,47.0,3.6,A,15.0
15619,high,4,5.0,3.0,8.4,B,-17.5
15620,medium,2,8.0,6.0,8.9,A,-1.1
15621,low,1,8.0,6.0,5.7,B,-15.9
15622,low,0,12.0,1.0,9.7,C,-2.3
15623,high,3,23.0,6.0,4.4,D,-100.0
15624,low,1,1.0,8.0,7.6,A,-0.5
15625,high,1,12.0,7.0,8.7,A,-0.7
15626,low,2,20.0,3.0,1.3,D,-100.0
15627,medium,2,2.0,9.0,1.2,B,-100.0
15628,medium,0,18.0,20.0,2.2,A,-4.6
15629,low,1,7.0,3.0,1.5,A,-100.0
15630,low,1,20.0,3.0,6.3,A,-100.0
15631,high,1,5.0,1.0,6.9,A,-100.0
15632,medium,4,4.0,16.0,2.2,A,-100.0
15633,high,1,10.0,6.0,6.3,A,-15.8
15634,medium,4,7.0,16.0,9.4,A,15.0
15635,high,0,2.0,4.0,2.4,A,-100.0
15636,medium,0,1.0,28.0,3.7,A,15.0
15637,high,1,27.0,18.0,8.8,A,15.0
15638,medium,2,2.0,6.0,2.1,A,-100.0
15639,high,3,25.0,8.0,3.8,A,-100.0
15640,none,2,4.0,11.0,6.2,A,-5.3
15641,low,0,1.0,26.0,1.2,A,4.6
15642,high,0,13.0,50.0,7.3,A,15.0
15643,low,5,3.0,11.0,1.3,A,-100.0
15644,low,1,7.0,23.0,2.9,B,4.5
15645,none,0,8.0,8.0,8.1,A,3.4
15646,medium,1,18.0,1.0,3.2,A,-100.0
15647,low,1,3.0,1.0,8.7,A,-9.4
15648,low,3,16.0,10.0,1.4,D,-100.0
15649,medium,0,30.0,18.0,8.6,A,15.0
15650,none,0,1.0,19.0,2.8,A,-1.9
15651,high,0,8.0,7.0,5.4,A,-15.9
15652,low,1,9.0,23.0,7.8,A,15.0
15653,medium,1,9.0,2.0,9.4,B,-4.4
15654,medium,2,6.0,9.0,9.3,A,7.6
15655,low,3,3.0,39.0,9.1,A,15.0
15656,high,2,16.0,32.0,4.3,A,15.0
15657,low,3,20.0,6.0,8.3,D,-7.8
15658,high,1,4.0,20.0,8.3,A,15.0
15659,low,6,3.0,13.0,2.6,A,-100.0
15660,low,1,3.0,17.0,4.9,A,3.3
15661,medium,2,5.0,15.0,1.8,A,-100.0
15662,low,1,3.0,1.0,5.9,A,-100.0
15663,medium,3,24.0,24.0,1.3,A,-9.2
15664,low,1,9.0,0.0,5.9,A,-100.0
15665,,2,5.0,2.0,4.3,C,-100.0
15666,high,3,6.0,0.0,1.7,A,-100.0
15667,medium,2,4.0,11.0,6.4,A,-4.0
15668,high,1,2.0,4.0,4.4,A,-100.0
15669,none,0,18.0,32.0,3.9,A,15.0
15670,medium,2,3.0,0.0,9.4,A,-10.5
15671,none,1,6.0,42.0,9.1,A,15.0
15672,high,2,19.0,2.0,6.9,A,-100.0
15673,high,2,6.0,6.0,8.3,B,-6.9
15674,none,1,5.0,20.0,4.8,C,8.3
15675,medium,3,9.0,19.0,3.5,A,-6.2
15676,low,1,5.0,22.0,9.7,D,15.0
15677,high,0,21.0,16.0,4.8,A,-1.6
15678,high,4,21.0,40.0,2.4,A,15.0
15679,low,0,14.0,1.0,7.2,B,-16.2
15680,,2,7.0,13.0,5.7,A,-4.2
15681,medium,0,22.0,8.0,2.8,A,-100.0
15682,high,3,10.0,7.0,1.1,B,-100.0
15683,low,2,9.0,0.0,8.6,A,-15.1
15684,low,2,8.0,2.0,8.4,B,-11.9
15685,none,1,6.0,1.0,6.6,D,-100.0
15686,low,1,9.0,36.0,9.8,A,15.0
15687,none,2,9.0,1.0,1.6,C,-100.0
15688,medium,3,9.0,2.0,8.0,A,-17.1
15689,medium,0,28.0,9.0,3.7,C,-100.0
15690,medium,1,16.0,11.0,8.6,C,9.4
15691,medium,1,2.0,3.0,10.0,C,1.7
15692,high,3,7.0,7.0,2.4,A,-100.0
15693,high,3,5.0,12.0,1.6,C,-100.0
15694,low,1,13.0,12.0,5.7,C,-3.8
15695,medium,2,9.0,48.0,10.0,B,15.0
15696,medium,2,24.0,0.0,8.8,A,-15.9
15697,none,0,8.0,31.0,3.7,C,15.0
15698,low,1,1.0,12.0,3.0,A,-17.4
15699,,2,7.0,35.0,8.4,C,15.0
15700,,2,2.0,47.0,7.0,D,15.0
15701,high,4,9.0,2.0,8.2,C,-100.0
15702,medium,1,16.0,1.0,9.5,A,-6.7
15703,,1,2.0,1.0,9.9,C,-3.3
15704,high,2,17.0,28.0,4.9,A,15.0
15705,high,4,9.0,8.0,9.9,B,0.8
15706,medium,0,5.0,1.0,9.4,A,-3.6
15707,high,1,9.0,4.0,9.1,A,-4.5
15708,none,1,2.0,16.0,8.8,A,15.0
15709,low,2,4.0,44.0,4.4,A,15.0
15710,,2,5.0,23.0,7.4,B,15.0
15711,low,3,7.0,42.0,1.1,B,15.0
15712,low,3,9.0,5.0,5.4,C,-100.0
15713,medium,2,2.0,25.0,5.4,A,15.0
15714,high,2,5.0,3.0,4.2,C,-100.0
15715,high,3,7.0,0.0,7.8,C,-100.0
15716,medium,0,10.0,0.0,4.6,B,-100.0
15717,high,0,17.0,12.0,8.7,A,11.8
15718,low,4,24.0,13.0,7.2,A,-2.0
15719,low,0,9.0,4.0,8.8,B,-0.6
15720,low,1,8.0,0.0,9.2,A,-9.2
15721,low,3,13.0,2.0,9.1,D,-11.1
15722,medium,1,6.0,14.0,8.8,D,15.0
15723,low,3,2.0,6.0,7.1,A,-12.6
15724,low,3,25.0,6.0,2.0,A,-100.0
15725,low,0,10.0,1.0,1.2,A,-100.0
15726,medium,2,3.0,44.0,8.2,C,15.0
15727,low,1,9.0,17.0,8.2,A,15.0
15728,medium,2,11.0,2.0,1.5,B,-100.0
15729,low,1,12.0,1.0,7.1,A,-19.1
15730,low,1,14.0,16.0,9.4,C,15.0
15731,high,0,11.0,20.0,8.6,A,15.0
15732,none,2,20.0,21.0,1.2,A,-13.4
15733,low,0,21.0,11.0,9.2,A,15.0
15734,medium,0,13.0,5.0,8.6,A,-0.4
15735,medium,3,6.0,7.0,7.5,A,-9.0
15736,none,2,11.0,11.0,9.7,A,13.2
15737,high,1,11.0,2.0,8.4,A,-12.7
15738,none,4,3.0,11.0,2.0,A,-100.0
15739,high,1,2.0,1.0,8.9,A,-11.2
15740,high,0,3.0,10.0,2.6,A,-100.0
15741,low,0,20.0,9.0,7.2,A,-0.0
15742,none,0,17.0,3.0,1.8,A,-100.0
15743,low,1,5.0,2.0,8.0,A,-11.3
15744,high,0,5.0,26.0,8.7,A,15.0
15745,low,1,2.0,35.0,,D,
15746,low,0,7.0,36.0,7.3,A,15.0
15747,low,3,22.0,27.0,1.4,A,-1.8
15748,medium,0,,26.0,1.8,C,
15749,high,3,18.0,4.0,9.8,A,-6.5
15750,high,4,1.0,14.0,1.5,D,-100.0
15751,medium,1,7.0,30.0,8.8,A,15.0
15752,low,1,11.0,1.0,7.1,A,-19.0
15753,high,0,10.0,8.0,5.3,A,-14.6
15754,none,1,3.0,15.0,5.3,D,0.7
15755,none,0,3.0,1.0,3.0,C,-100.0
15756,medium,2,6.0,0.0,3.9,B,-100.0
15757,medium,3,5.0,16.0,1.7,A,-100.0
15758,high,4,2.0,35.0,9.2,A,15.0
15759,none,3,5.0,1.0,3.4,C,-100.0
15760,medium,2,18.0,7.0,4.7,A,-100.0
15761,medium,0,3.0,7.0,2.9,C,-100.0
15762,high,3,13.0,6.0,7.7,A,-13.4
15763,none,3,6.0,22.0,8.0,A,15.0
15764,low,0,9.0,6.0,9.5,A,7.4
15765,medium,4,10.0,0.0,8.7,C,-100.0
15766,low,3,31.0,25.0,7.1,A,15.0
15767,medium,3,19.0,23.0,9.2,A,15.0
15768,high,4,,3.0,9.9,C,
15769,medium,1,22.0,2.0,2.4,A,-100.0
15770,low,2,3.0,6.0,9.5,A,3.0
15771,high,1,3.0,6.0,2.5,A,-100.0
15772,high,4,0.0,8.0,2.3,C,-100.0
15773,medium,0,5.0,22.0,7.8,A,15.0
15774,none,1,6.0,2.0,7.7,A,-13.7
15775,high,1,25.0,1.0,5.8,A,-100.0
15776,medium,0,16.0,33.0,2.8,A,15.0
15777,medium,1,7.0,25.0,2.1,C,4.0
15778,high,1,1.0,35.0,3.0,C,15.0
15779,high,3,11.0,10.0,1.1,A,-100.0
15780,high,1,6.0,6.0,5.8,A,-18.1
15781,high,3,5.0,0.0,1.6,A,-100.0
15782,none,2,20.0,9.0,6.8,A,-7.8
15783,medium,1,20.0,2.0,9.3,A,-6.0
15784,low,0,9.0,26.0,3.1,B,14.2
15785,medium,1,15.0,5.0,9.8,A,3.5
15786,low,2,19.0,8.0,2.4,A,-100.0
15787,high,2,7.0,9.0,4.7,C,-100.0
15788,none,0,10.0,1.0,4.4,B,-100.0
15789,high,1,11.0,12.0,9.9,D,15.0
15790,medium,1,6.0,2.0,3.0,A,-100.0
15791,low,1,9.0,15.0,7.4,A,12.3
15792,medium,0,1.0,23.0,8.1,C,15.0
15793,medium,3,1.0,38.0,,C,
15794,high,3,5.0,7.0,1.2,C,-100.0
15795,high,0,13.0,8.0,5.1,C,-16.0
15796,high,2,3.0,4.0,5.4,A,-100.0
15797,low,1,3.0,1.0,3.3,A,-100.0
15798,none,1,13.0,2.0,9.7,B,-3.4
15799,low,0,7.0,2.0,9.6,A,-0.2
15800,low,2,3.0,10.0,9.1,A,9.2
15801,low,1,21.0,1.0,4.4,A,-100.0
15802,high,2,15.0,7.0,8.9,A,-2.4
15803,medium,3,4.0,3.0,2.4,D,-100.0
15804,medium,0,3.0,7.0,9.7,B,10.9
15805,low,0,7.0,10.0,9.8,A,15.0
15806,low,2,4.0,6.0,9.6,B,3.5
15807,high,1,10.0,19.0,2.7,A,-8.3
15808,high,2,13.0,3.0,9.2,C,-8.9
15809,medium,0,6.0,31.0,4.6,A,15.0
15810,medium,2,14.0,4.0,5.1,C,-100.0
15811,low,0,6.0,50.0,9.9,A,15.0
15812,high,0,6.0,17.0,7.1,C,14.6
15813,high,0,8.0,21.0,9.2,A,15.0
15814,,1,14.0,33.0,8.8,C,15.0
15815,high,3,21.0,2.0,9.4,B,-13.2
15816,high,2,7.0,15.0,4.2,D,-10.6
15817,none,3,12.0,30.0,8.4,C,15.0
15818,none,0,10.0,1.0,8.9,B,-7.1
15819,high,1,2.0,30.0,9.1,C,15.0
15820,low,1,7.0,14.0,4.9,C,-3.4
15821,low,3,8.0,6.0,8.4,C,-6.0
15822,medium,0,5.0,3.0,2.2,C,-100.0
15823,low,3,4.0,1.0,1.8,C,-100.0
15824,low,2,9.0,31.0,8.6,C,15.0
15825,high,5,10.0,8.0,2.1,A,-100.0
15826,medium,1,2.0,6.0,3.1,D,-100.0
15827,medium,0,13.0,1.0,3.7,A,-100.0
15828,none,3,19.0,9.0,1.1,A,-100.0
15829,medium,1,11.0,23.0,9.7,A,15.0
15830,medium,0,15.0,39.0,3.4,A,15.0
15831,high,1,8.0,14.0,3.6,A,
15832,high,4,5.0,6.0,9.0,B,-7.9
15833,medium,2,13.0,6.0,5.6,C,-19.8
15834,high,0,19.0,23.0,9.1,B,15.0
15835,high,2,24.0,4.0,5.0,A,-100.0
15836,low,2,15.0,7.0,4.7,A,-100.0
15837,low,2,8.0,16.0,7.6,A,13.1
15838,high,2,8.0,2.0,8.2,A,-16.0
15839,low,1,7.0,1.0,9.1,A,-7.6
15840,none,1,16.0,5.0,3.1,C,-100.0
15841,low,1,24.0,8.0,4.9,A,-17.7
15842,high,2,6.0,10.0,8.0,B,-0.1
15843,medium,1,9.0,4.0,9.6,B,0.9
15844,high,1,14.0,17.0,8.2,A,15.0
15845,high,1,,3.0,8.1,C,
15846,low,0,22.0,9.0,2.1,A,-100.0
15847,none,0,4.0,7.0,7.3,A,-2.7
15848,low,2,5.0,5.0,6.3,A,-16.9
15849,high,4,19.0,1.0,8.8,A,-100.0
15850,low,1,10.0,27.0,7.5,A,15.0
15851,low,0,11.0,3.0,5.3,A,-100.0
15852,none,2,24.0,3.0,1.0,A,-100.0
15853,none,0,9.0,17.0,1.6,A,-13.5
15854,high,1,18.0,2.0,4.9,B,-100.0
15855,medium,1,16.0,30.0,7.7,A,15.0
15856,low,0,33.0,18.0,,D,
15857,low,3,2.0,18.0,7.2,A,13.2
15858,low,1,7.0,13.0,9.3,A,15.0
15859,high,1,10.0,1.0,2.5,A,-100.0
15860,none,1,5.0,7.0,9.4,C,6.3
15861,none,1,5.0,17.0,4.3,A,-0.8
15862,none,2,12.0,4.0,9.0,A,-5.4
15863,low,1,16.0,11.0,5.3,A,-8.4
15864,low,3,16.0,5.0,3.8,B,-100.0
15865,high,1,5.0,15.0,8.8,C,15.0
15866,none,3,9.0,13.0,9.8,C,15.0
15867,high,2,7.0,17.0,8.2,A,15.0
15868,high,2,5.0,3.0,5.8,A,-100.0
15869,none,1,16.0,17.0,8.1,A,15.0
15870,none,4,,14.0,5.9,C,
15871,none,3,11.0,0.0,3.3,C,-100.0
15872,medium,0,9.0,7.0,9.0,C,6.4
15873,medium,1,12.0,38.0,2.3,A,15.0
15874,medium,2,9.0,17.0,8.4,B,15.0
15875,high,0,9.0,2.0,5.6,A,-100.0
15876,high,2,2.0,8.0,,A,
15877,medium,3,1.0,17.0,2.6,A,-14.5
15878,none,3,15.0,17.0,9.7,C,15.0
15879,high,2,6.0,5.0,4.1,C,-100.0
15880,low,3,17.0,4.0,9.6,D,-4.5
15881,medium,0,2.0,10.0,5.8,D,-4.2
15882,medium,1,11.0,2.0,9.5,A,-4.0
15883,low,1,15.0,24.0,8.9,B,15.0
15884,low,2,8.0,26.0,1.7,D,1.6
15885,low,2,9.0,15.0,8.3,A,14.7
15886,low,0,8.0,6.0,3.8,A,-100.0
15887,medium,1,22.0,23.0,4.8,A,13.1
15888,low,2,,10.0,3.8,C,
15889,high,0,1.0,50.0,2.9,A,15.0
15890,high,2,11.0,41.0,1.3,A,15.0
15891,low,1,9.0,0.0,9.0,B,-10.4
15892,medium,3,36.0,0.0,9.9,B,-13.6
15893,medium,1,6.0,3.0,6.1,A,-100.0
15894,low,1,11.0,30.0,7.2,A,15.0
15895,high,2,9.0,5.0,8.5,A,-8.2
15896,low,0,8.0,5.0,9.6,A,6.0
15897,high,2,21.0,10.0,2.4,B,-100.0
15898,low,2,14.0,30.0,1.5,A,8.3
15899,low,1,6.0,9.0,8.0,A,3.3
15900,medium,0,8.0,4.0,9.7,A,4.0
15901,high,2,10.0,48.0,8.7,B,15.0
15902,low,1,8.0,8.0,6.4,C,-7.8
15903,none,0,23.0,2.0,8.6,C,-7.9
15904,low,4,5.0,5.0,7.1,B,-17.5
15905,medium,0,11.0,4.0,8.5,A,-2.9
15906,high,1,16.0,11.0,6.8,D,-3.1
15907,low,4,11.0,7.0,3.0,A,-100.0
15908,medium,0,6.0,4.0,9.6,A,3.7
15909,none,1,11.0,12.0,7.2,A,4.1
15910,none,0,10.0,23.0,9.7,D,15.0
15911,low,0,3.0,10.0,6.3,B,-1.2
15912,high,3,10.0,50.0,1.2,A,15.0
15913,none,0,6.0,23.0,1.6,C,-0.6
15914,high,1,13.0,10.0,4.3,A,-18.7
15915,,2,4.0,5.0,4.8,C,-100.0
15916,medium,1,11.0,3.0,3.6,A,-100.0
15917,,1,9.0,18.0,3.4,A,-4.0
15918,high,3,4.0,19.0,1.5,C,-19.3
15919,low,1,10.0,6.0,8.3,B,-1.8
15920,none,2,5.0,1.0,9.7,D,-7.2
15921,none,1,30.0,45.0,2.8,C,15.0
15922,high,2,29.0,29.0,9.7,A,15.0
15923,low,0,12.0,15.0,2.6,B,-11.9
15924,high,2,2.0,16.0,,B,
15925,high,3,11.0,5.0,4.4,A,-100.0
15926,medium,0,4.0,4.0,8.5,C,-2.2
15927,low,1,24.0,40.0,2.1,A,15.0
15928,high,2,6.0,19.0,9.5,A,15.0
15929,none,3,16.0,44.0,6.3,B,15.0
15930,none,1,16.0,2.0,2.9,A,-100.0
15931,low,0,28.0,2.0,5.6,B,-100.0
15932,medium,0,9.0,14.0,9.4,A,15.0
15933,medium,1,17.0,4.0,9.1,B,-2.7
15934,high,2,20.0,7.0,8.6,A,-4.5
15935,high,1,10.0,11.0,2.0,A,-100.0
15936,medium,2,8.0,9.0,4.6,C,-18.5
15937,high,0,19.0,8.0,9.3,A,6.5
15938,low,1,21.0,13.0,7.6,A,8.0
15939,medium,2,11.0,1.0,5.3,A,-100.0
15940,high,1,4.0,5.0,8.8,A,-3.5
15941,low,0,9.0,12.0,9.0,A,15.0
15942,low,2,21.0,14.0,4.5,C,-9.5
15943,high,1,8.0,4.0,8.5,A,-7.7
15944,high,3,6.0,6.0,3.6,A,-100.0
15945,high,2,21.0,5.0,6.8,C,-18.7
15946,high,2,23.0,23.0,6.9,D,15.0
15947,medium,0,7.0,19.0,2.0,A,-6.7
15948,none,0,13.0,4.0,8.2,A,-4.9
15949,high,3,4.0,1.0,3.1,A,-100.0
15950,high,2,7.0,3.0,9.9,C,-4.5
15951,low,0,2.0,41.0,9.1,B,15.0
15952,high,2,7.0,4.0,9.7,A,-3.5
15953,low,2,4.0,1.0,9.7,A,-6.5
15954,low,2,10.0,12.0,8.2,A,7.8
15955,medium,3,10.0,14.0,2.6,A,-100.0
15956,low,4,5.0,15.0,6.5,A,0.2
15957,medium,1,14.0,3.0,2.3,B,-100.0
15958,low,0,27.0,7.0,3.7,A,-100.0
15959,none,2,3.0,5.0,8.3,A,-6.3
15960,low,0,1.0,8.0,5.3,A,-10.7
15961,medium,4,19.0,9.0,3.6,A,-100.0
15962,high,2,8.0,6.0,4.9,A,-100.0
15963,low,0,1.0,8.0,9.7,C,13.5
15964,low,2,13.0,3.0,1.3,C,-100.0
15965,low,0,10.0,17.0,3.1,A,-4.8
15966,high,1,3.0,6.0,2.4,A,-100.0
15967,low,0,14.0,11.0,2.2,C,-100.0
15968,medium,3,5.0,0.0,1.4,A,-100.0
15969,high,1,17.0,7.0,9.3,A,2.1
15970,medium,3,3.0,44.0,5.5,C,15.0
15971,none,3,1.0,9.0,8.4,A,0.4
15972,low,2,10.0,14.0,8.9,A,15.0
15973,,1,7.0,21.0,1.9,C,-5.8
15974,high,2,14.0,6.0,9.6,A,-0.5
15975,high,2,10.0,12.0,8.7,C,7.5
15976,medium,2,5.0,3.0,9.4,D,-4.4
15977,high,1,33.0,4.0,3.8,B,-100.0
15978,low,2,20.0,3.0,9.4,A,-5.5
15979,low,0,16.0,14.0,4.7,A,-2.9
15980,medium,3,13.0,23.0,9.5,B,15.0
15981,high,1,4.0,9.0,8.3,A,2.1
15982,high,2,,10.0,8.2,C,
15983,high,2,9.0,2.0,7.0,A,-100.0
15984,low,0,7.0,6.0,3.9,A,-100.0
15985,high,1,6.0,16.0,9.6,A,15.0
15986,,0,4.0,14.0,5.1,C,-0.1
15987,medium,1,18.0,2.0,7.9,A,-13.5
15988,medium,1,11.0,15.0,9.9,A,15.0
15989,high,1,6.0,3.0,6.8,A,-18.9
15990,medium,0,8.0,20.0,3.6,A,4.1
15991,low,0,19.0,17.0,8.6,A,15.0
15992,high,2,11.0,10.0,9.4,A,7.1
15993,high,2,2.0,16.0,,D,
15994,low,4,2.0,10.0,5.8,A,-13.8
15995,medium,2,8.0,16.0,6.0,A,3.9
15996,high,1,6.0,1.0,1.1,A,-100.0
15997,high,0,13.0,9.0,1.7,A,-100.0
15998,medium,2,4.0,1.0,8.8,A,-11.8
15999,low,1,10.0,10.0,9.2,B,11.6
16000,medium,1,4.0,5.0,4.6,C,-100.0
16001,none,1,15.0,12.0,4.9,A,-9.0
16002,low,3,24.0,5.0,5.6,A,
16003,high,0,15.0,1.0,3.0,A,-100.0
16004,medium,1,20.0,16.0,8.5,D,15.0
16005,low,3,5.0,30.0,9.5,A,15.0
16006,medium,1,15.0,21.0,4.2,A,6.3
16007,medium,2,12.0,7.0,6.3,A,-13.8
16008,medium,2,6.0,0.0,8.2,A,-17.4
16009,low,0,2.0,10.0,,A,
16010,low,1,5.0,23.0,6.6,A,15.0
16011,high,1,7.0,1.0,8.8,B,-12.2
16012,high,3,2.0,0.0,2.1,C,-100.0
16013,medium,0,6.0,9.0,2.2,B,-100.0
16014,low,0,3.0,21.0,7.4,A,15.0
16015,low,1,24.0,8.0,10.0,A,10.4
16016,medium,1,17.0,10.0,4.6,A,-14.8
16017,low,1,18.0,1.0,7.6,A,-16.9
16018,low,3,14.0,30.0,8.6,A,15.0
16019,medium,1,5.0,17.0,7.1,A,14.8
16020,medium,2,8.0,4.0,9.5,A,-2.1
16021,low,0,1.0,3.0,3.2,C,-100.0
16022,medium,5,7.0,1.0,8.7,A,-100.0
16023,high,1,10.0,16.0,4.3,A,-5.8
16024,none,0,22.0,12.0,9.7,A,15.0
16025,none,4,2.0,18.0,1.3,A,-100.0
16026,low,2,22.0,27.0,1.6,A,1.8
16027,high,1,4.0,0.0,9.0,A,-12.9
16028,none,3,,8.0,9.7,C,
16029,none,4,4.0,1.0,3.7,A,-100.0
16030,none,1,22.0,20.0,4.5,C,4.9
16031,medium,1,24.0,7.0,7.1,A,-8.1
16032,medium,2,13.0,5.0,8.9,A,-3.7
16033,medium,4,10.0,8.0,8.2,A,-6.0
16034,high,0,,1.0,9.6,C,
16035,low,1,8.0,4.0,2.4,C,-100.0
16036,low,1,9.0,11.0,9.0,A,12.7
16037,high,2,3.0,7.0,7.9,A,-6.7
16038,none,0,18.0,30.0,5.5,A,15.0
16039,low,0,4.0,2.0,6.3,C,-18.1
16040,medium,1,7.0,24.0,6.5,A,15.0
16041,high,1,16.0,50.0,3.2,A,15.0
16042,low,0,29.0,2.0,6.5,A,-19.5
16043,low,3,,6.0,9.6,C,
16044,low,2,7.0,12.0,5.2,C,-8.4
16045,,5,16.0,34.0,8.4,C,15.0
16046,none,1,2.0,18.0,9.1,C,15.0
16047,low,1,7.0,12.0,5.5,A,-4.3
16048,none,1,5.0,5.0,2.3,D,-100.0
16049,low,1,9.0,6.0,4.7,A,-100.0
16050,medium,2,0.0,12.0,7.0,C,1.8
16051,low,0,7.0,5.0,4.1,B,-100.0
16052,none,2,,19.0,3.7,C,
16053,low,3,25.0,4.0,1.3,C,-100.0
16054,high,1,40.0,14.0,5.6,C,
16055,low,1,33.0,16.0,5.5,C,1.5
16056,high,2,9.0,26.0,2.3,A,1.8
16057,high,1,17.0,3.0,2.9,A,-100.0
16058,low,2,13.0,21.0,5.9,A,13.7
16059,high,3,6.0,3.0,3.8,A,-100.0
16060,medium,2,15.0,2.0,3.9,A,-100.0
16061,high,1,5.0,5.0,4.8,C,-100.0
16062,medium,0,10.0,10.0,3.7,A,-16.5
16063,high,1,8.0,43.0,3.3,A,15.0
16064,high,1,16.0,4.0,4.8,A,-100.0
16065,high,1,12.0,3.0,2.4,C,-100.0
16066,low,2,4.0,8.0,4.7,A,-19.3
16067,medium,1,12.0,5.0,7.3,A,-9.9
16068,low,1,6.0,9.0,1.8,A,-100.0
16069,none,2,25.0,6.0,4.0,A,-100.0
16070,low,1,18.0,1.0,7.1,A,-19.7
16071,high,0,21.0,0.0,6.5,A,-100.0
16072,high,0,21.0,3.0,6.5,C,-19.6
16073,none,0,4.0,40.0,4.5,A,15.0
16074,high,2,5.0,30.0,8.4,B,15.0
16075,low,2,15.0,9.0,8.3,A,1.5
16076,high,3,23.0,5.0,1.0,A,-100.0
16077,high,2,19.0,33.0,9.0,A,15.0
16078,low,2,11.0,3.0,4.4,A,-100.0
16079,none,2,22.0,0.0,9.4,D,-12.6
16080,low,1,4.0,5.0,7.9,D,-5.5
16081,medium,2,4.0,9.0,9.7,C,9.9
16082,low,2,18.0,20.0,10.0,A,15.0
16083,high,1,21.0,2.0,2.5,A,-100.0
16084,none,2,3.0,3.0,4.9,A,-100.0
16085,none,0,2.0,13.0,8.7,C,15.0
16086,high,0,22.0,5.0,6.1,A,-17.7
16087,low,1,5.0,3.0,8.6,A,-5.9
16088,medium,3,7.0,6.0,8.4,C,-6.3
16089,low,0,3.0,17.0,6.2,D,13.0
16090,high,1,9.0,24.0,5.5,D,15.0
16091,low,0,8.0,1.0,9.7,B,-1.9
16092,low,2,4.0,27.0,9.2,A,15.0
16093,none,1,0.0,2.0,7.3,A,-15.3
16094,high,2,28.0,0.0,8.7,A,-19.5
16095,high,4,28.0,4.0,6.3,C,-100.0
16096,high,1,23.0,8.0,8.9,D,1.4
16097,low,2,22.0,8.0,8.4,A,-0.7
16098,low,4,10.0,4.0,4.3,B,-100.0
16099,high,0,11.0,17.0,9.1,A,15.0
16100,low,4,24.0,7.0,1.2,A,-100.0
16101,medium,1,40.0,6.0,7.1,A,-11.8
16102,low,2,20.0,10.0,9.8,C,11.4
16103,none,1,1.0,1.0,8.6,B,-10.3
16104,high,2,5.0,15.0,2.2,B,-100.0
16105,none,1,5.0,2.0,9.8,B,-2.0
16106,low,1,7.0,1.0,9.8,C,-3.7
16107,high,3,8.0,2.0,1.4,A,-100.0
16108,high,3,6.0,11.0,9.1,C,5.5
16109,high,0,14.0,2.0,8.9,A,-7.8
16110,high,1,13.0,3.0,1.0,A,-100.0
16111,low,1,18.0,14.0,1.4,A,-100.0
16112,low,2,13.0,9.0,7.2,A,-4.3
16113,high,0,16.0,5.0,8.7,D,-2.8
16114,medium,2,3.0,12.0,5.4,A,-7.3
16115,none,2,9.0,16.0,8.5,A,15.0
16116,none,0,9.0,3.0,1.8,A,-100.0
16117,none,3,26.0,4.0,4.3,A,-100.0
16118,high,2,22.0,26.0,4.8,A,14.3
16119,low,3,13.0,15.0,2.2,B,-100.0
16120,medium,1,7.0,25.0,3.3,A,10.5
16121,medium,1,2.0,2.0,8.8,A,-7.0
16122,high,2,12.0,15.0,9.2,A,15.0
16123,low,2,10.0,16.0,8.6,A,15.0
16124,medium,1,10.0,42.0,9.0,A,15.0
16125,,4,31.0,7.0,3.3,C,-100.0
16126,low,0,7.0,19.0,9.4,C,15.0
16127,none,4,13.0,0.0,8.0,A,-100.0
16128,high,1,10.0,11.0,8.3,A,5.7
16129,medium,1,22.0,15.0,8.8,A,15.0
16130,medium,1,10.0,9.0,6.5,A,-5.8
16131,high,0,22.0,3.0,1.6,A,-100.0
16132,high,3,7.0,6.0,7.7,B,-12.8
16133,low,2,15.0,23.0,2.4,A,-1.5
16134,high,1,7.0,13.0,8.8,A,13.0
16135,low,0,7.0,4.0,9.6,A,4.0
16136,low,1,28.0,1.0,9.8,A,-5.8
16137,medium,2,2.0,50.0,8.6,A,15.0
16138,low,1,1.0,7.0,4.4,C,-100.0
16139,low,1,14.0,31.0,9.0,C,15.0
16140,low,1,19.0,7.0,1.4,A,-100.0
16141,low,3,4.0,4.0,3.7,C,-100.0
16142,high,2,2.0,8.0,,A,
16143,low,0,13.0,11.0,3.6,A,-14.9
16144,low,1,7.0,0.0,5.5,A,-100.0
16145,low,0,10.0,1.0,2.7,A,-100.0
16146,medium,4,12.0,9.0,4.5,C,-100.0
16147,medium,0,7.0,4.0,2.3,C,-100.0
16148,low,1,10.0,8.0,8.3,C,2.4
16149,high,2,13.0,35.0,3.3,A,15.0
16150,low,2,6.0,1.0,6.1,B,-100.0
16151,medium,0,4.0,30.0,1.8,C,15.0
16152,low,2,21.0,5.0,8.9,B,-4.2
16153,low,1,22.0,3.0,9.8,A,-1.0
16154,low,3,16.0,2.0,9.1,A,-11.4
16155,high,1,17.0,1.0,9.7,A,-8.3
16156,none,2,2.0,33.0,9.4,A,15.0
16157,,1,12.0,7.0,8.8,A,2.3
16158,medium,1,5.0,40.0,1.1,A,15.0
16159,medium,1,10.0,12.0,4.3,A,-11.5
16160,high,0,8.0,24.0,2.4,B,3.3
16161,low,0,14.0,1.0,9.2,B,-5.2
16162,high,3,4.0,0.0,7.9,C,-100.0
16163,low,0,2.0,6.0,3.5,A,-100.0
16164,none,2,5.0,19.0,6.1,C,10.8
16165,none,0,6.0,14.0,4.6,A,-3.0
16166,high,0,3.0,17.0,6.3,C,10.5
16167,none,1,11.0,10.0,2.3,B,-100.0
16168,high,0,11.0,1.0,5.8,B,-100.0
16169,medium,2,11.0,13.0,6.7,D,1.1
16170,high,1,21.0,14.0,9.9,A,15.0
16171,low,1,6.0,1.0,4.2,C,-100.0
16172,none,2,11.0,17.0,9.5,A,15.0
16173,low,4,22.0,15.0,9.5,C,15.0
16174,medium,1,5.0,4.0,9.6,A,1.3
16175,medium,1,4.0,0.0,8.6,A,-12.5
16176,low,0,24.0,6.0,8.5,C,0.4
16177,medium,2,0.0,1.0,2.0,A,-100.0
16178,high,1,11.0,6.0,1.6,D,-100.0
16179,high,1,10.0,3.0,7.9,A,-13.3
16180,high,1,12.0,30.0,2.1,A,11.3
16181,high,1,10.0,3.0,6.7,A,-19.9
16182,medium,1,4.0,2.0,10.0,A,-0.6
16183,high,1,25.0,6.0,3.5,B,-100.0
16184,high,1,20.0,9.0,5.6,A,-14.3
16185,high,2,8.0,38.0,5.9,C,15.0
16186,high,4,16.0,11.0,7.9,A,-4.6
16187,low,3,3.0,33.0,9.6,A,15.0
16188,medium,3,18.0,32.0,3.5,B,15.0
16189,high,2,10.0,4.0,3.5,A,-100.0
16190,low,2,3.0,9.0,9.1,B,7.1
16191,low,0,3.0,12.0,1.2,A,-100.0
16192,none,3,6.0,13.0,5.9,B,-5.5
16193,medium,2,5.0,2.0,4.3,C,-100.0
16194,medium,3,7.0,4.0,9.2,C,-6.1
16195,high,2,18.0,1.0,9.9,A,-9.8
16196,medium,0,5.0,10.0,6.0,D,-3.4
16197,low,2,10.0,5.0,2.1,C,-100.0
16198,,0,7.0,15.0,1.7,A,-17.0
16199,low,2,10.0,22.0,10.0,A,15.0
16200,low,0,13.0,9.0,6.1,A,-5.4
16201,low,2,4.0,2.0,7.8,C,-14.8
16202,high,3,5.0,37.0,9.6,A,15.0
16203,low,3,14.0,4.0,4.8,A,-100.0
16204,medium,1,7.0,11.0,9.0,A,12.5
16205,low,1,6.0,8.0,9.3,A,8.3
16206,medium,0,3.0,14.0,3.7,A,-7.4
16207,medium,0,12.0,7.0,6.8,A,-6.0
16208,low,3,12.0,3.0,5.9,B,-100.0
16209,low,1,15.0,5.0,8.1,A,-5.5
16210,high,1,5.0,0.0,9.4,A,-10.8
16211,none,2,8.0,4.0,3.0,A,-100.0
16212,high,1,5.0,25.0,3.0,C,6.5
16213,low,1,26.0,3.0,4.0,A,-100.0
16214,medium,3,,6.0,9.3,C,
16215,low,2,4.0,38.0,9.5,A,15.0
16216,high,2,12.0,3.0,3.3,B,-100.0
16217,medium,2,6.0,2.0,8.9,A,-9.4
16218,medium,0,8.0,3.0,4.3,A,-100.0
16219,high,0,4.0,1.0,9.4,C,-6.1
16220,high,1,8.0,2.0,9.5,A,-6.4
16221,medium,0,7.0,49.0,7.2,A,15.0
16222,high,0,11.0,13.0,4.1,D,-10.8
16223,low,1,8.0,12.0,9.2,A,15.0
16224,low,1,11.0,4.0,1.1,A,-100.0
16225,low,1,3.0,9.0,7.1,D,-1.4
16226,high,1,20.0,50.0,8.3,A,15.0
16227,low,3,20.0,2.0,5.0,C,-100.0
16228,medium,3,4.0,2.0,4.4,A,-100.0
16229,low,1,0.0,1.0,2.5,A,-100.0
16230,medium,1,23.0,5.0,5.8,A,-19.3
16231,low,2,4.0,10.0,7.1,A,-1.9
16232,none,1,3.0,30.0,7.0,B,15.0
16233,high,2,12.0,1.0,,D,
16234,high,1,6.0,12.0,9.3,A,13.7
16235,low,1,4.0,1.0,6.7,A,-100.0
16236,high,3,5.0,4.0,2.4,C,-100.0
16237,low,2,3.0,25.0,8.6,A,15.0
16238,high,0,6.0,0.0,7.1,A,-100.0
16239,high,2,6.0,6.0,9.7,A,0.8
16240,low,2,19.0,2.0,3.4,A,-100.0
16241,medium,2,8.0,2.0,1.4,A,-100.0
16242,low,2,4.0,0.0,6.8,B,-100.0
16243,high,6,22.0,4.0,5.9,A,-100.0
16244,none,3,18.0,9.0,2.6,C,-100.0
16245,low,3,12.0,27.0,9.1,A,15.0
16246,medium,2,29.0,15.0,8.1,A,11.3
16247,high,1,7.0,10.0,9.6,B,11.1
16248,low,0,3.0,3.0,9.9,B,3.9
16249,high,5,5.0,2.0,5.1,A,-100.0
16250,medium,0,25.0,30.0,9.7,C,15.0
16251,medium,4,18.0,1.0,7.2,A,-100.0
16252,low,0,6.0,2.0,4.1,A,-100.0
16253,medium,0,5.0,12.0,8.5,A,14.5
16254,medium,0,4.0,3.0,5.1,A,-100.0
16255,low,1,10.0,18.0,1.4,A,-14.5
16256,low,5,15.0,1.0,1.4,B,-100.0
16257,none,2,2.0,16.0,9.9,A,15.0
16258,high,2,6.0,31.0,9.8,A,15.0
16259,medium,4,2.0,20.0,2.0,A,-14.1
16260,low,3,18.0,1.0,8.3,A,-18.1
16261,high,1,4.0,15.0,8.9,A,15.0
16262,low,2,7.0,11.0,6.7,A,-2.3
16263,,0,10.0,33.0,1.7,B,15.0
16264,low,3,9.0,8.0,3.7,A,-100.0
16265,low,1,6.0,11.0,6.5,A,-0.8
16266,medium,2,6.0,8.0,6.8,A,-8.3
16267,high,1,6.0,23.0,8.3,B,15.0
16268,none,3,15.0,12.0,9.9,C,13.5
16269,high,2,1.0,1.0,4.4,C,-100.0
16270,low,2,4.0,20.0,3.5,A,-0.7
16271,high,1,10.0,5.0,8.7,C,-4.7
16272,medium,2,23.0,4.0,3.9,A,-100.0
16273,low,2,14.0,17.0,1.3,A,-100.0
16274,high,1,6.0,4.0,5.6,C,-100.0
16275,medium,0,9.0,0.0,5.9,A,-100.0
16276,none,4,14.0,2.0,8.9,A,-15.4
16277,high,0,1.0,8.0,3.5,C,-100.0
16278,high,0,8.0,2.0,10.0,A,-1.1
16279,none,2,5.0,8.0,3.7,A,-100.0
16280,low,2,40.0,4.0,3.5,A,-100.0
16281,none,2,11.0,2.0,5.4,D,-100.0
16282,medium,2,5.0,2.0,4.1,C,-100.0
16283,medium,1,10.0,6.0,4.3,A,-100.0
16284,medium,2,24.0,7.0,5.3,B,-100.0
16285,high,0,10.0,5.0,8.2,C,-4.9
16286,low,2,8.0,8.0,1.3,A,-100.0
16287,low,2,6.0,29.0,2.5,C,12.5
16288,low,4,15.0,13.0,3.5,A,-100.0
16289,none,0,13.0,11.0,7.6,A,6.5
16290,low,1,,22.0,9.4,C,
16291,high,2,40.0,4.0,7.2,A,-100.0
16292,high,5,7.0,6.0,9.5,A,-7.9
16293,none,0,11.0,35.0,8.3,D,15.0
16294,none,5,13.0,36.0,2.8,B,15.0
16295,low,1,6.0,17.0,7.5,A,15.0
16296,high,1,3.0,7.0,4.5,B,-100.0
16297,none,0,6.0,9.0,6.1,A,-5.3
16298,,1,17.0,30.0,8.2,C,15.0
16299,low,4,6.0,13.0,9.6,C,13.0
16300,low,1,2.0,2.0,4.6,A,-100.0
16301,high,0,4.0,22.0,3.1,A,3.3
16302,low,1,9.0,15.0,5.7,C,2.9
16303,medium,3,5.0,3.0,8.3,A,-13.0
16304,low,2,10.0,26.0,8.8,B,15.0
16305,none,0,7.0,3.0,1.0,A,-100.0
16306,high,3,1.0,9.0,6.6,A,-11.9
16307,medium,3,13.0,5.0,5.5,A,-100.0
16308,low,3,5.0,3.0,9.2,C,-7.6
16309,low,3,2.0,1.0,8.3,A,-16.5
16310,low,3,28.0,8.0,8.9,A,-1.1
16311,medium,2,10.0,14.0,9.4,C,15.0
16312,low,1,6.0,10.0,1.5,A,-100.0
16313,high,3,4.0,26.0,9.9,D,15.0
16314,none,2,5.0,13.0,2.6,A,-100.0
16315,high,2,16.0,4.0,1.1,A,-100.0
16316,high,1,14.0,18.0,9.7,A,15.0
16317,high,0,25.0,3.0,5.4,D,-100.0
16318,medium,0,3.0,37.0,5.6,C,15.0
16319,medium,1,11.0,13.0,1.8,A,-100.0
16320,medium,0,14.0,35.0,9.4,A,15.0
16321,low,1,5.0,7.0,9.7,A,8.5
16322,medium,0,11.0,2.0,7.4,A,-13.1
16323,high,0,10.0,21.0,4.4,C,7.8
16324,medium,3,10.0,24.0,2.3,A,-2.3
16325,high,1,7.0,31.0,9.8,C,15.0
16326,high,1,9.0,4.0,5.9,D,-100.0
16327,low,5,1.0,22.0,4.6,A,2.4
16328,medium,2,8.0,13.0,1.3,A,-100.0
16329,high,1,7.0,17.0,4.9,A,-0.1
16330,high,2,2.0,5.0,6.3,A,-19.6
16331,high,1,17.0,1.0,7.2,A,-100.0
16332,low,1,8.0,4.0,9.8,C,2.5
16333,high,4,3.0,5.0,3.0,A,-100.0
16334,none,0,7.0,43.0,9.9,A,15.0
16335,medium,3,3.0,2.0,2.5,A,-100.0
16336,low,2,12.0,9.0,9.0,A,5.7
16337,low,3,4.0,5.0,1.5,A,-100.0
16338,high,0,11.0,13.0,8.5,A,13.4
16339,low,3,28.0,13.0,10.0,D,15.0
16340,high,0,14.0,12.0,9.9,A,15.0
16341,medium,2,8.0,8.0,8.8,A,2.5
16342,high,1,14.0,3.0,8.7,A,-9.3
16343,none,0,6.0,10.0,2.1,A,-100.0
16344,high,3,18.0,9.0,5.1,A,-100.0
16345,medium,2,12.0,13.0,9.7,A,15.0
16346,low,3,24.0,2.0,5.6,A,-100.0
16347,low,0,8.0,4.0,9.8,A,5.0
16348,medium,2,8.0,13.0,9.8,D,15.0
16349,high,2,27.0,20.0,7.3,A,14.9
16350,none,4,16.0,23.0,6.5,A,15.0
16351,high,1,7.0,19.0,9.6,A,15.0
16352,high,1,9.0,4.0,3.1,A,-100.0
16353,none,1,6.0,4.0,1.8,A,-100.0
16354,low,2,14.0,39.0,9.0,A,15.0
16355,high,0,9.0,0.0,1.8,A,-100.0
16356,medium,3,9.0,4.0,6.0,B,-100.0
16357,high,2,11.0,2.0,6.3,A,-100.0
16358,high,2,12.0,16.0,5.2,D,-3.5
16359,medium,1,6.0,5.0,9.7,A,3.8
16360,low,3,12.0,3.0,7.7,A,-16.6
16361,none,2,16.0,9.0,3.5,C,-100.0
16362,medium,1,8.0,9.0,2.9,B,-100.0
16363,medium,3,7.0,1.0,3.0,C,-100.0
16364,medium,1,3.0,23.0,8.5,A,15.0
16365,low,3,5.0,18.0,6.4,A,8.5
16366,low,1,9.0,3.0,1.4,C,-100.0
16367,low,2,6.0,14.0,2.0,A,-100.0
16368,high,0,13.0,2.0,9.6,A,-3.8
16369,high,0,3.0,20.0,1.2,A,-11.2
16370,medium,3,3.0,31.0,8.8,B,15.0
16371,medium,3,6.0,1.0,3.7,C,-100.0
16372,medium,1,13.0,5.0,3.8,A,-100.0
16373,low,2,11.0,8.0,7.5,B,-4.6
16374,high,3,0.0,18.0,2.1,A,-17.7
16375,medium,1,8.0,7.0,1.9,A,-100.0
16376,low,2,16.0,0.0,8.3,C,-17.5
16377,high,4,13.0,2.0,9.9,A,-12.2
16378,low,3,3.0,8.0,3.0,C,-100.0
16379,high,0,7.0,9.0,8.3,D,4.3
16380,low,1,19.0,13.0,6.6,A,2.7
16381,medium,1,19.0,8.0,4.6,C,-19.2
16382,high,0,4.0,16.0,2.7,A,-11.5
16383,low,1,4.0,6.0,4.4,A,-100.0
16384,low,4,17.0,11.0,5.3,C,-16.0
16385,high,3,9.0,15.0,6.7,A,0.4
16386,low,0,6.0,5.0,1.2,A,-100.0
16387,high,0,18.0,2.0,8.4,A,-10.9
16388,low,0,5.0,11.0,7.0,B,4.6
16389,none,1,3.0,8.0,6.1,D,-9.6
16390,medium,1,13.0,5.0,5.3,A,-100.0
16391,none,1,6.0,7.0,7.9,A,-2.1
16392,low,0,,19.0,2.0,C,
16393,high,1,3.0,23.0,7.8,A,15.0
16394,medium,4,2.0,9.0,9.8,A,5.7
16395,medium,3,3.0,6.0,2.4,A,-100.0
16396,low,1,7.0,9.0,7.9,A,2.6
16397,medium,4,2.0,12.0,7.7,A,0.4
16398,,1,6.0,5.0,7.1,A,-10.7
16399,low,1,24.0,6.0,9.7,A,4.5
16400,low,4,8.0,10.0,6.3,A,-11.7
16401,low,6,7.0,8.0,5.5,C,-100.0
16402,high,0,4.0,28.0,9.4,A,15.0
16403,none,0,7.0,50.0,4.6,A,15.0
16404,low,2,8.0,16.0,5.1,C,-0.7
16405,medium,2,18.0,15.0,1.6,C,-100.0
16406,high,2,5.0,12.0,8.2,A,5.3
16407,none,1,7.0,33.0,8.2,A,15.0
16408,low,2,9.0,4.0,9.0,A,-4.5
16409,low,0,14.0,12.0,10.0,A,15.0
16410,high,2,3.0,6.0,8.4,C,-6.0
16411,low,1,23.0,1.0,8.9,A,-10.3
16412,none,2,23.0,5.0,8.4,A,-7.7
16413,medium,3,15.0,19.0,5.0,B,1.5
16414,none,4,4.0,2.0,1.5,A,-100.0
16415,none,1,14.0,7.0,3.7,A,-100.0
16416,medium,0,6.0,4.0,9.0,A,0.4
16417,none,0,8.0,12.0,6.7,A,4.1
16418,none,0,12.0,4.0,1.4,C,-100.0
16419,low,1,10.0,8.0,7.2,A,-3.6
16420,low,1,4.0,1.0,4.5,A,-100.0
16421,high,0,2.0,2.0,2.4,A,-100.0
16422,medium,1,15.0,9.0,9.3,B,9.2
16423,high,0,5.0,11.0,8.2,A,8.2
16424,low,1,9.0,3.0,9.8,A,0.3
16425,high,0,34.0,25.0,2.1,B,1.1
16426,low,3,6.0,7.0,9.3,C,1.2
16427,high,0,9.0,5.0,1.2,A,-100.0
16428,low,0,,6.0,3.4,C,
16429,high,2,10.0,17.0,5.9,A,2.6
16430,none,2,6.0,11.0,4.6,C,-14.3
16431,none,3,9.0,3.0,3.6,A,-100.0
16432,none,2,5.0,20.0,8.3,B,15.0
16433,high,1,8.0,43.0,10.0,C,15.0
16434,high,3,21.0,31.0,1.1,A,2.0
16435,low,0,32.0,12.0,8.4,B,11.7
16436,none,0,9.0,5.0,5.6,D,-16.7
16437,medium,2,9.0,0.0,8.1,A,-18.3
16438,high,3,19.0,16.0,1.3,A,-100.0
16439,medium,1,10.0,3.0,8.3,A,-8.4
16440,medium,0,6.0,10.0,9.1,A,13.6
16441,medium,2,32.0,18.0,3.2,A,-9.7
16442,high,1,12.0,4.0,3.6,D,-100.0
16443,high,1,4.0,0.0,6.2,A,-100.0
16444,medium,0,5.0,4.0,3.4,A,-100.0
16445,medium,0,10.0,4.0,9.7,A,3.8
16446,high,1,5.0,2.0,7.4,A,-17.6
16447,medium,1,3.0,21.0,3.8,A,5.3
16448,low,1,13.0,29.0,7.3,A,15.0
16449,medium,1,3.0,15.0,2.6,A,-13.9
16450,low,0,4.0,20.0,6.3,A,15.0
16451,low,1,3.0,3.0,8.8,A,-4.6
16452,high,2,12.0,3.0,4.9,A,-100.0
16453,none,1,17.0,20.0,3.2,A,-1.7
16454,low,2,4.0,6.0,4.4,A,-100.0
16455,medium,1,5.0,4.0,6.7,A,-14.7
16456,medium,1,16.0,13.0,1.8,A,-100.0
16457,high,1,2.0,22.0,9.0,A,15.0
16458,medium,0,9.0,20.0,9.9,C,15.0
16459,low,1,16.0,9.0,8.2,A,3.4
16460,low,0,17.0,1.0,8.2,C,-11.0
16461,high,2,9.0,7.0,7.3,A,-10.6
16462,none,1,10.0,1.0,1.5,A,-100.0
16463,none,4,6.0,23.0,8.7,A,15.0
16464,medium,3,20.0,22.0,8.3,A,15.0
16465,low,3,4.0,39.0,4.4,C,15.0
16466,high,3,6.0,22.0,8.6,A,15.0
16467,high,4,9.0,10.0,7.5,A,-8.2
16468,low,3,7.0,15.0,7.1,A,5.8
16469,high,3,5.0,38.0,8.1,A,15.0
16470,high,2,13.0,25.0,6.1,A,15.0
16471,low,2,19.0,32.0,4.9,A,15.0
16472,medium,1,16.0,6.0,9.3,A,2.7
16473,high,0,19.0,4.0,8.5,A,-6.3
16474,medium,1,10.0,2.0,2.5,A,-100.0
16475,medium,0,7.0,7.0,8.5,A,3.8
16476,high,1,15.0,10.0,5.0,B,-15.0
16477,,0,11.0,12.0,9.2,A,15.0
16478,,0,1.0,27.0,,B,
16479,medium,2,15.0,13.0,9.9,A,15.0
16480,none,2,27.0,1.0,8.8,A,-14.3
16481,medium,2,10.0,20.0,9.7,A,15.0
16482,low,0,12.0,3.0,1.1,D,-100.0
16483,medium,1,15.0,8.0,5.6,C,-13.3
16484,low,0,12.0,5.0,9.6,A,5.6
16485,medium,2,11.0,12.0,8.3,A,7.8
16486,low,0,7.0,34.0,2.4,B,15.0
16487,high,1,18.0,3.0,8.7,C,-9.7
16488,high,0,15.0,16.0,1.3,A,-100.0
16489,high,1,5.0,10.0,1.2,A,-100.0
16490,low,2,2.0,9.0,3.1,A,-100.0
16491,low,1,1.0,13.0,9.1,A,15.0
16492,high,0,8.0,1.0,9.5,A,-6.0
16493,medium,1,6.0,6.0,4.3,A,-100.0
16494,medium,4,14.0,1.0,9.5,A,-14.0
16495,medium,2,7.0,13.0,2.7,A,-100.0
16496,none,0,3.0,8.0,1.8,C,-100.0
16497,medium,1,8.0,5.0,10.0,C,5.3
16498,medium,1,7.0,2.0,5.3,A,-100.0
16499,high,1,40.0,33.0,8.1,A,15.0
16500,medium,3,10.0,23.0,9.7,A,15.0
16501,low,1,30.0,24.0,5.7,A,15.0
16502,low,1,1.0,14.0,2.0,A,-18.7
16503,high,3,12.0,12.0,2.0,C,-100.0
16504,medium,0,3.0,20.0,6.5,A,15.0
16505,high,1,8.0,3.0,4.5,C,-100.0
16506,low,2,6.0,0.0,9.3,B,-11.0
16507,high,1,7.0,3.0,4.1,A,-100.0
16508,high,3,5.0,1.0,9.0,A,-15.9
16509,medium,2,6.0,20.0,1.9,C,-10.1
16510,high,1,3.0,12.0,9.4,B,14.6
16511,high,2,18.0,14.0,7.3,D,3.2
16512,high,1,13.0,5.0,9.5,B,-0.6
16513,high,1,25.0,17.0,6.2,C,5.3
16514,medium,1,14.0,6.0,10.0,B,6.8
16515,high,2,16.0,1.0,9.0,C,-14.5
16516,high,5,11.0,1.0,1.3,A,-100.0
16517,high,1,2.0,13.0,3.1,B,-17.9
16518,low,1,4.0,4.0,6.5,D,-15.3
16519,high,1,19.0,14.0,9.1,D,15.0
16520,none,2,19.0,6.0,8.3,B,-5.8
16521,medium,4,6.0,9.0,3.4,A,-100.0
16522,none,1,5.0,1.0,6.0,B,-100.0
16523,medium,2,20.0,5.0,8.8,C,-5.0
16524,medium,0,19.0,35.0,9.2,A,15.0
16525,high,1,25.0,0.0,8.4,A,-18.3
16526,medium,1,3.0,10.0,8.7,A,9.2
16527,none,2,11.0,2.0,9.6,C,-6.2
16528,low,0,8.0,36.0,1.9,C,15.0
16529,low,1,19.0,20.0,9.9,D,15.0
16530,high,1,8.0,15.0,8.9,C,15.0
16531,low,1,3.0,1.0,8.2,C,-12.1
16532,low,1,22.0,7.0,7.0,A,-8.0
16533,none,3,1.0,3.0,4.6,A,-100.0
16534,high,4,7.0,5.0,9.9,C,-5.3
16535,high,2,,50.0,6.2,C,
16536,low,2,11.0,7.0,8.7,A,-0.1
16537,low,4,7.0,3.0,9.5,A,-8.7
16538,none,1,17.0,2.0,9.9,C,-2.7
16539,high,1,7.0,1.0,2.6,A,-100.0
16540,none,2,5.0,1.0,3.1,A,-100.0
16541,high,3,13.0,23.0,8.3,C,15.0
16542,medium,1,9.0,8.0,10.0,A,11.5
16543,medium,6,20.0,6.0,8.7,A,-13.4
16544,medium,1,14.0,28.0,8.1,C,15.0
16545,low,2,9.0,7.0,9.1,C,2.3
16546,none,1,8.0,9.0,3.0,A,-100.0
16547,medium,2,12.0,19.0,7.7,B,15.0
16548,low,1,4.0,4.0,4.3,A,-100.0
16549,none,0,17.0,22.0,7.4,A,15.0
16550,,0,19.0,4.0,7.8,A,-7.7
16551,high,0,,11.0,3.4,C,
16552,none,1,7.0,35.0,7.3,A,15.0
16553,high,0,6.0,1.0,9.2,A,-7.4
16554,none,1,10.0,1.0,1.9,A,-100.0
16555,,0,16.0,2.0,4.4,C,-100.0
16556,none,0,4.0,12.0,9.8,A,15.0
16557,low,0,8.0,9.0,7.7,C,3.9
16558,low,0,4.0,12.0,4.4,B,-7.5
16559,none,2,3.0,1.0,5.2,A,-100.0
16560,high,1,6.0,0.0,9.7,A,-9.3
16561,low,2,6.0,14.0,8.1,A,11.8
16562,low,0,18.0,18.0,5.3,A,8.6
16563,none,3,30.0,13.0,2.4,B,-100.0
16564,medium,2,11.0,6.0,9.2,A,0.2
16565,medium,4,2.0,22.0,9.7,A,15.0
16566,low,3,4.0,8.0,9.0,A,1.9
16567,high,5,30.0,10.0,3.0,C,-100.0
16568,medium,2,7.0,24.0,1.8,C,-2.3
16569,high,0,8.0,16.0,1.3,A,-19.6
16570,none,1,11.0,8.0,4.2,C,-100.0
16571,none,0,40.0,1.0,2.4,A,-100.0
16572,low,1,18.0,1.0,6.2,A,-100.0
16573,none,2,3.0,4.0,4.2,A,-100.0
16574,medium,2,9.0,4.0,9.5,D,-2.1
16575,medium,0,11.0,13.0,9.5,A,15.0
16576,high,1,11.0,7.0,8.0,A,-4.4
16577,high,2,4.0,27.0,7.2,C,15.0
16578,high,1,15.0,13.0,3.3,A,-18.1
16579,high,2,9.0,6.0,7.4,A,-12.1
16580,,2,9.0,19.0,9.9,A,15.0
16581,medium,1,5.0,13.0,9.4,A,15.0
16582,high,1,14.0,8.0,9.0,A,2.9
16583,high,3,22.0,3.0,1.1,B,-100.0
16584,medium,2,14.0,21.0,7.4,A,15.0
16585,medium,1,21.0,7.0,8.3,A,-1.1
16586,medium,1,14.0,2.0,3.3,A,-100.0
16587,low,2,14.0,4.0,8.4,A,-8.3
16588,low,1,17.0,2.0,8.6,C,-9.2
16589,low,2,4.0,20.0,8.4,A,15.0
16590,high,3,20.0,11.0,3.4,A,-100.0
16591,medium,1,13.0,10.0,5.9,A,-7.2
16592,low,1,6.0,12.0,1.9,A,-100.0
16593,high,0,10.0,36.0,4.5,A,15.0
16594,medium,0,1.0,0.0,9.2,A,-6.4
16595,medium,2,9.0,27.0,9.4,C,15.0
16596,low,0,23.0,6.0,9.4,C,5.5
16597,medium,2,3.0,7.0,2.4,C,-100.0
16598,high,2,5.0,13.0,9.0,A,11.8
16599,medium,0,3.0,6.0,6.0,D,-11.6
16600,none,1,7.0,20.0,3.0,A,-1.8
16601,medium,0,6.0,40.0,1.7,C,15.0
16602,low,1,17.0,16.0,6.1,A,6.4
16603,medium,0,8.0,1.0,4.4,C,-100.0
16604,high,1,1.0,11.0,4.5,A,-14.3
16605,low,1,12.0,11.0,8.8,A,11.3
16606,low,3,17.0,49.0,9.0,A,15.0
16607,none,1,8.0,5.0,3.3,B,-100.0
16608,medium,2,,12.0,8.9,C,
16609,high,2,17.0,26.0,2.2,A,0.5
16610,medium,1,3.0,8.0,5.2,A,-14.3
16611,medium,0,3.0,14.0,1.2,C,-100.0
16612,none,0,8.0,9.0,6.3,C,-4.4
16613,medium,5,17.0,8.0,8.6,A,-7.0
16614,,1,5.0,5.0,8.7,A,-1.8
16615,medium,2,9.0,7.0,8.7,A,-0.2
16616,low,1,13.0,50.0,1.9,D,15.0
16617,high,3,17.0,13.0,8.1,A,3.1
16618,low,0,11.0,48.0,2.9,A,15.0
16619,high,0,7.0,6.0,8.9,B,1.3
16620,low,0,8.0,2.0,1.3,C,-100.0
16621,high,1,9.0,2.0,4.2,C,-100.0
16622,low,2,11.0,20.0,9.6,A,15.0
16623,high,0,6.0,4.0,7.8,A,-8.8
16624,none,3,25.0,21.0,3.0,A,-6.5
16625,high,3,11.0,43.0,7.8,A,15.0
16626,medium,1,3.0,20.0,4.9,A,9.2
16627,high,1,14.0,17.0,7.5,A,13.5
16628,high,4,9.0,49.0,6.1,A,15.0
16629,medium,3,7.0,12.0,8.7,B,8.0
16630,medium,0,35.0,9.0,9.2,A,9.1
16631,high,1,4.0,41.0,7.8,A,15.0
16632,high,0,3.0,1.0,9.9,A,-3.3
16633,medium,0,1.0,9.0,8.6,B,9.2
16634,low,0,4.0,21.0,7.7,A,15.0
16635,low,2,15.0,8.0,8.1,B,-1.7
16636,medium,2,14.0,7.0,1.2,A,-100.0
16637,low,2,4.0,5.0,6.3,C,-16.8
16638,medium,5,4.0,4.0,9.6,D,-8.6
16639,low,1,,35.0,9.1,C,
16640,low,3,3.0,3.0,8.8,A,-9.6
16641,high,2,10.0,9.0,8.0,A,-2.6
16642,medium,2,10.0,5.0,2.0,A,-100.0
16643,high,1,8.0,1.0,2.0,A,-100.0
16644,medium,6,3.0,6.0,9.9,C,-5.1
16645,high,1,2.0,17.0,8.7,A,15.0
16646,low,0,18.0,9.0,8.8,A,9.0
16647,high,2,2.0,7.0,8.4,A,-3.8
16648,high,1,17.0,2.0,6.9,A,-100.0
16649,medium,1,4.0,2.0,4.2,B,-100.0
16650,none,2,19.0,12.0,9.2,A,11.8
16651,high,1,5.0,10.0,9.2,A,9.1
16652,medium,0,6.0,38.0,7.8,B,15.0
16653,low,0,22.0,30.0,8.9,A,15.0
16654,medium,2,12.0,1.0,8.5,A,-14.2
16655,medium,0,8.0,10.0,2.7,B,-100.0
16656,low,5,6.0,38.0,8.3,C,15.0
16657,high,2,12.0,1.0,9.6,D,-10.8
16658,low,1,12.0,26.0,9.6,B,15.0
16659,low,1,7.0,3.0,7.5,A,-12.2
16660,,2,6.0,8.0,5.8,A,-14.0
16661,medium,1,10.0,0.0,8.7,A,-12.6
16662,low,0,12.0,25.0,9.3,A,15.0
16663,low,1,13.0,32.0,8.6,B,15.0
16664,low,5,3.0,50.0,9.3,A,15.0
16665,low,0,19.0,5.0,1.5,A,-100.0
16666,medium,1,15.0,9.0,8.8,C,6.4
16667,medium,4,6.0,8.0,2.5,A,-100.0
16668,high,1,4.0,5.0,1.8,A,-100.0
16669,medium,0,9.0,17.0,8.9,C,15.0
16670,medium,2,2.0,0.0,9.3,C,-11.0
16671,high,3,2.0,16.0,1.1,A,-100.0
16672,high,2,3.0,13.0,5.5,C,-7.3
16673,low,0,1.0,9.0,,D,
16674,high,2,2.0,8.0,1.8,A,-100.0
16675,medium,1,10.0,10.0,7.5,B,1.9
16676,medium,2,6.0,50.0,6.6,D,15.0
16677,high,2,5.0,28.0,4.3,A,15.0
16678,high,2,7.0,5.0,8.0,B,-10.7
16679,none,2,9.0,7.0,8.7,A,-0.5
16680,low,0,8.0,31.0,7.5,A,15.0
16681,medium,0,12.0,16.0,1.6,B,-15.7
16682,high,0,14.0,30.0,2.5,A,15.0
16683,high,0,11.0,6.0,1.9,A,-100.0
16684,medium,2,37.0,1.0,3.4,A,-100.0
16685,high,1,1.0,2.0,8.4,A,-11.7
16686,none,3,3.0,27.0,5.6,B,15.0
16687,low,3,6.0,40.0,7.6,A,15.0
16688,,0,5.0,16.0,1.1,A,-18.0
16689,high,1,3.0,16.0,6.1,A,4.8
16690,medium,1,15.0,4.0,8.2,A,-7.4
16691,medium,1,4.0,20.0,5.7,C,13.6
16692,low,2,4.0,3.0,3.4,A,-100.0
16693,low,1,4.0,16.0,9.3,A,15.0
16694,high,3,5.0,40.0,3.7,B,15.0
16695,none,1,7.0,10.0,4.1,A,-16.8
16696,high,2,9.0,16.0,9.5,B,15.0
16697,medium,3,5.0,5.0,3.4,A,-100.0
16698,high,0,5.0,0.0,2.8,A,-100.0
16699,none,1,17.0,2.0,8.0,C,-13.1
16700,low,1,13.0,15.0,9.8,D,15.0
16701,high,2,2.0,14.0,1.5,A,-100.0
16702,high,1,4.0,7.0,7.1,A,-8.7
16703,low,0,6.0,6.0,8.5,A,2.2
16704,high,2,17.0,0.0,6.2,D,-100.0
16705,none,1,8.0,25.0,6.2,A,15.0
16706,none,1,12.0,16.0,5.3,A,1.9
16707,high,3,8.0,40.0,2.3,A,15.0
16708,medium,3,4.0,27.0,4.3,C,15.0
16709,low,0,4.0,18.0,9.6,A,15.0
16710,high,1,10.0,1.0,6.0,A,-100.0
16711,high,1,4.0,9.0,9.3,A,7.6
16712,high,1,4.0,47.0,9.4,A,15.0
16713,medium,2,4.0,2.0,3.0,A,-100.0
16714,high,1,19.0,17.0,6.1,A,5.3
16715,low,0,7.0,14.0,5.6,A,3.0
16716,high,4,3.0,3.0,9.7,C,-10.2
16717,medium,3,3.0,2.0,7.2,A,-100.0
16718,low,1,8.0,0.0,9.2,D,-9.2
16719,high,3,5.0,8.0,4.9,A,-100.0
16720,medium,1,3.0,15.0,2.6,A,-13.9
16721,medium,3,4.0,9.0,2.1,A,-100.0
16722,high,1,2.0,1.0,3.4,A,-100.0
16723,low,3,7.0,2.0,5.6,C,-100.0
16724,medium,1,6.0,1.0,3.1,B,-100.0
16725,none,0,3.0,6.0,9.2,A,5.8
16726,none,1,8.0,21.0,1.9,A,-5.9
16727,high,1,17.0,10.0,4.6,C,-17.4
16728,low,2,7.0,1.0,8.9,A,-11.2
16729,none,1,7.0,9.0,6.5,A,-5.7
16730,high,4,11.0,12.0,1.8,A,-100.0
16731,low,0,16.0,30.0,2.8,A,15.0
16732,high,1,8.0,46.0,5.8,A,15.0
16733,medium,1,11.0,25.0,8.6,A,15.0
16734,medium,2,2.0,14.0,9.8,A,15.0
16735,high,3,8.0,6.0,3.4,A,-100.0
16736,none,0,2.0,18.0,9.9,C,15.0
16737,high,4,1.0,27.0,1.2,A,-6.3
16738,high,3,22.0,12.0,2.0,A,-100.0
16739,none,1,4.0,2.0,7.0,D,-17.3
16740,high,2,8.0,3.0,9.8,A,-5.1
16741,medium,1,8.0,6.0,9.9,A,6.9
16742,none,2,,2.0,4.8,C,
16743,medium,1,3.0,5.0,7.2,A,-9.6
16744,medium,3,1.0,9.0,9.7,A,7.8
16745,high,2,27.0,10.0,8.4,A,-0.0
16746,medium,1,5.0,23.0,8.6,A,15.0
16747,low,2,1.0,16.0,3.1,B,-11.0
16748,medium,0,12.0,8.0,,D,
16749,high,1,26.0,7.0,3.3,A,-100.0
16750,medium,3,14.0,1.0,3.6,A,-100.0
16751,high,3,10.0,3.0,1.9,C,-100.0
16752,medium,2,18.0,5.0,2.8,D,-100.0
16753,high,2,4.0,2.0,8.8,A,-12.3
16754,none,1,19.0,3.0,8.5,A,-8.5
16755,low,1,13.0,3.0,4.4,C,-100.0
16756,medium,2,12.0,14.0,8.8,C,14.7
16757,high,3,5.0,19.0,8.7,C,15.0
16758,high,1,6.0,50.0,8.8,A,15.0
16759,high,1,8.0,31.0,4.8,C,15.0
16760,high,3,10.0,0.0,2.7,A,-100.0
16761,low,1,8.0,14.0,9.5,A,15.0
16762,none,2,5.0,25.0,3.4,A,8.6
16763,none,2,5.0,6.0,4.7,C,-100.0
16764,none,3,12.0,8.0,4.3,B,-100.0
16765,medium,2,1.0,6.0,4.2,A,-100.0
16766,high,1,3.0,5.0,2.0,A,-100.0
16767,low,2,1.0,5.0,8.6,B,-3.8
16768,medium,0,7.0,13.0,1.2,A,-100.0
16769,high,2,7.0,2.0,4.6,B,-100.0
16770,high,0,11.0,1.0,7.7,A,-16.2
16771,low,2,16.0,19.0,8.2,A,15.0
16772,high,1,8.0,29.0,3.1,C,15.0
16773,high,2,5.0,11.0,9.8,A,12.0
16774,high,1,15.0,3.0,9.0,A,-7.7
16775,none,1,18.0,8.0,9.2,A,6.0
16776,medium,3,6.0,2.0,9.0,A,-11.3
16777,medium,2,20.0,6.0,2.3,A,-100.0
16778,high,2,23.0,12.0,3.9,A,-100.0
16779,,4,2.0,24.0,6.2,B,15.0
16780,none,1,8.0,0.0,9.9,A,-6.0
16781,high,3,6.0,14.0,9.0,B,11.3
16782,medium,2,8.0,14.0,9.1,A,15.0
16783,medium,4,9.0,35.0,7.5,C,15.0
16784,medium,0,12.0,9.0,7.3,D,1.0
16785,medium,2,15.0,15.0,7.8,D,11.0
16786,low,2,8.0,17.0,8.8,A,15.0
16787,none,1,4.0,1.0,10.0,B,-2.9
16788,medium,4,6.0,2.0,8.3,C,-17.6
16789,high,3,1.0,36.0,9.8,D,15.0
16790,low,0,3.0,7.0,7.3,A,-2.0
16791,high,0,5.0,27.0,5.9,C,15.0
16792,low,0,8.0,4.0,9.5,A,3.3
16793,low,3,9.0,5.0,9.6,A,-1.6
16794,low,3,3.0,26.0,1.1,C,-3.7
16795,high,2,9.0,8.0,3.1,A,-100.0
16796,medium,3,24.0,3.0,1.9,A,-100.0
16797,high,2,21.0,11.0,5.9,B,-11.1
16798,high,4,21.0,15.0,2.8,A,-100.0
16799,,2,12.0,1.0,3.7,A,-100.0
16800,high,0,4.0,2.0,8.8,A,-7.3
16801,low,0,28.0,19.0,2.5,A,-5.7
16802,medium,3,4.0,5.0,9.0,C,-4.8
16803,medium,3,7.0,23.0,10.0,C,15.0
16804,low,0,21.0,29.0,8.9,A,15.0
16805,medium,0,2.0,8.0,6.0,A,-7.3
16806,none,0,14.0,11.0,3.7,D,-15.1
16807,high,2,17.0,15.0,2.2,B,-100.0
16808,low,3,8.0,10.0,8.3,A,1.8
16809,low,1,21.0,12.0,2.9,B,-20.0
16810,low,0,10.0,7.0,8.1,A,1.7
16811,high,2,11.0,29.0,2.9,A,11.2
16812,low,0,9.0,26.0,2.2,A,9.3
16813,high,1,12.0,21.0,7.6,A,15.0
16814,low,1,24.0,36.0,8.9,C,15.0
16815,low,2,1.0,50.0,8.3,A,15.0
16816,low,0,19.0,10.0,2.6,A,-100.0
16817,high,2,6.0,21.0,1.6,A,-12.2
16818,high,2,19.0,39.0,2.5,A,15.0
16819,low,2,14.0,21.0,7.7,C,15.0
16820,medium,4,7.0,2.0,8.4,A,-17.2
16821,high,3,7.0,32.0,8.4,A,15.0
16822,high,0,9.0,22.0,9.2,A,15.0
16823,high,6,12.0,0.0,2.9,A,-100.0
16824,low,0,9.0,8.0,1.3,D,-100.0
16825,high,2,10.0,8.0,6.2,C,-14.6
16826,high,2,13.0,8.0,9.7,A,4.3
16827,medium,2,10.0,12.0,8.9,A,11.2
16828,high,1,25.0,14.0,5.9,B,-2.7
16829,low,2,21.0,4.0,9.8,A,-1.3
16830,low,4,1.0,6.0,5.7,A,-100.0
16831,none,4,20.0,31.0,7.6,A,15.0
16832,low,0,15.0,20.0,7.2,A,15.0
16833,high,1,9.0,2.0,5.3,B,-100.0
16834,medium,0,22.0,1.0,5.8,A,-100.0
16835,low,2,12.0,8.0,5.0,D,-18.4
16836,none,2,25.0,33.0,4.7,B,15.0
16837,medium,1,8.0,13.0,6.1,C,0.7
16838,high,1,10.0,5.0,8.9,A,-3.6
16839,medium,0,11.0,25.0,9.2,A,15.0
16840,high,2,4.0,23.0,8.3,A,15.0
16841,none,0,19.0,7.0,6.0,D,-11.3
16842,none,0,7.0,23.0,3.2,A,8.1
16843,low,1,6.0,1.0,8.9,C,-8.6
16844,none,3,9.0,1.0,9.4,A,-11.7
16845,medium,3,4.0,1.0,8.6,A,-15.4
16846,high,3,12.0,0.0,9.1,A,-18.2
16847,high,2,3.0,15.0,4.8,A,-6.9
16848,high,2,4.0,10.0,9.3,A,7.2
16849,low,4,5.0,1.0,9.3,A,-13.8
16850,high,0,9.0,9.0,8.7,A,6.3
16851,low,1,11.0,5.0,7.2,A,-10.0
16852,low,1,5.0,34.0,9.5,A,15.0
16853,low,1,4.0,12.0,3.3,A,-16.1
16854,high,2,3.0,8.0,7.7,C,-5.7
16855,low,1,9.0,2.0,2.1,D,-100.0
16856,high,1,6.0,4.0,3.8,A,-100.0
16857,low,2,20.0,4.0,7.4,A,-14.4
16858,medium,1,10.0,20.0,9.9,C,15.0
16859,none,1,6.0,12.0,2.8,A,-19.6
16860,,2,15.0,44.0,2.3,A,15.0
16861,high,0,19.0,2.0,10.0,C,-2.2
16862,low,2,13.0,3.0,6.1,B,-100.0
16863,low,2,6.0,2.0,8.2,C,-12.8
16864,high,3,5.0,8.0,1.8,A,-100.0
16865,none,4,10.0,11.0,2.7,B,-100.0
16866,low,0,12.0,7.0,6.4,A,-7.8
16867,none,2,8.0,10.0,4.3,A,-18.3
16868,medium,5,40.0,50.0,2.1,A,15.0
16869,low,0,13.0,25.0,5.4,A,15.0
16870,medium,2,18.0,41.0,9.9,B,15.0
16871,none,2,3.0,5.0,9.4,A,-0.2
16872,low,3,6.0,23.0,6.8,A,15.0
16873,low,0,23.0,29.0,4.3,A,15.0
16874,low,0,33.0,11.0,8.3,A,8.9
16875,high,0,5.0,5.0,8.5,A,-2.8
16876,none,1,7.0,22.0,3.8,A,6.8
16877,medium,1,5.0,1.0,5.0,C,-100.0
16878,high,1,12.0,14.0,4.7,C,-8.0
16879,none,1,10.0,4.0,8.2,C,-7.1
16880,low,2,7.0,24.0,5.5,C,15.0
16881,low,1,10.0,1.0,8.7,A,-10.1
16882,none,1,12.0,14.0,2.5,A,-17.7
16883,low,1,4.0,2.0,8.8,A,-6.8
16884,medium,1,7.0,1.0,6.1,A,-100.0
16885,medium,3,4.0,0.0,9.6,A,-12.0
16886,high,2,3.0,0.0,6.7,C,-100.0
16887,none,1,4.0,14.0,2.2,A,-18.5
16888,,4,9.0,13.0,1.7,C,-100.0
16889,none,2,2.0,19.0,9.6,A,15.0
16890,high,1,8.0,22.0,9.1,A,15.0
16891,medium,1,13.0,18.0,5.4,C,6.8
16892,medium,1,14.0,2.0,3.3,A,-100.0
16893,high,0,4.0,5.0,1.0,D,-100.0
16894,medium,2,5.0,12.0,8.2,D,7.9
16895,low,2,1.0,4.0,3.7,A,-100.0
16896,medium,1,1.0,1.0,2.1,D,-100.0
16897,low,2,15.0,13.0,3.4,C,-17.0
16898,low,0,15.0,1.0,6.7,A,-19.1
16899,none,4,3.0,12.0,7.5,A,-1.0
16900,low,2,20.0,14.0,4.6,C,-8.8
16901,low,4,40.0,5.0,1.0,A,-100.0
16902,low,2,23.0,14.0,7.8,A,8.5
16903,none,2,16.0,7.0,3.6,D,-100.0
16904,low,1,6.0,4.0,9.4,A,0.5
16905,medium,2,8.0,3.0,4.8,A,-100.0
16906,low,3,4.0,4.0,8.5,C,-9.3
16907,medium,2,13.0,0.0,6.0,A,-100.0
16908,high,3,11.0,29.0,7.3,C,15.0
16909,high,1,12.0,24.0,7.4,A,15.0
16910,low,1,10.0,6.0,8.7,A,0.4
16911,low,3,7.0,5.0,1.8,C,-100.0
16912,none,0,3.0,6.0,6.2,B,-10.7
16913,low,3,4.0,4.0,3.2,C,-100.0
16914,medium,0,7.0,6.0,3.6,A,-100.0
16915,high,1,,50.0,1.6,C,
16916,high,2,25.0,7.0,1.2,A,-100.0
16917,medium,2,14.0,40.0,1.7,A,15.0
16918,high,2,,7.0,5.3,C,
16919,none,2,10.0,2.0,8.8,A,-10.5
16920,low,0,18.0,14.0,9.6,C,15.0
16921,high,0,17.0,14.0,8.8,A,15.0
16922,medium,2,18.0,5.0,7.8,D,-10.3
16923,medium,1,27.0,5.0,9.2,C,-1.0
16924,medium,0,14.0,6.0,8.3,A,-0.0
16925,high,3,8.0,4.0,7.3,A,-19.3
16926,low,2,28.0,0.0,1.8,A,-100.0
16927,none,2,10.0,6.0,9.4,A,1.2
16928,high,1,15.0,9.0,3.2,A,-100.0
16929,medium,1,9.0,37.0,2.1,C,15.0
16930,medium,2,4.0,5.0,7.6,A,-10.0
16931,none,0,7.0,7.0,4.8,A,-16.7
16932,high,1,9.0,3.0,2.3,C,-100.0
16933,high,2,6.0,10.0,8.7,A,3.7
16934,high,0,9.0,45.0,4.3,A,15.0
16935,low,1,32.0,13.0,2.7,A,-100.0
16936,low,1,13.0,19.0,9.0,A,15.0
16937,low,3,28.0,6.0,6.8,C,-16.8
16938,high,1,10.0,11.0,4.5,A,-15.2
16939,medium,1,1.0,5.0,1.7,D,-100.0
16940,high,1,18.0,2.0,9.3,A,-8.5
16941,low,0,3.0,14.0,1.1,A,-100.0
16942,low,0,14.0,0.0,3.6,A,-100.0
16943,none,2,17.0,3.0,1.7,A,-100.0
16944,medium,1,9.0,14.0,6.3,A,3.8
16945,none,1,16.0,18.0,8.5,A,15.0
16946,none,4,25.0,9.0,8.6,A,-3.4
16947,low,0,21.0,2.0,4.9,A,-100.0
16948,low,1,12.0,35.0,3.6,A,15.0
16949,high,2,5.0,3.0,2.0,C,-100.0
16950,high,3,16.0,25.0,9.0,A,15.0
16951,high,0,8.0,7.0,2.5,A,-100.0
16952,medium,0,5.0,7.0,7.0,A,-4.2
16953,low,1,22.0,2.0,1.6,A,-100.0
16954,high,1,8.0,4.0,1.4,C,-100.0
16955,low,1,24.0,1.0,9.0,A,-9.8
16956,high,2,11.0,7.0,2.1,B,-100.0
16957,high,0,11.0,28.0,7.6,A,15.0
16958,low,3,0.0,11.0,2.0,A,-100.0
16959,high,2,1.0,18.0,1.1,A,-100.0
16960,high,3,5.0,2.0,5.7,A,-100.0
16961,low,1,10.0,34.0,4.5,A,15.0
16962,low,0,13.0,4.0,8.1,A,-4.9
16963,high,2,15.0,11.0,5.0,A,-15.4
16964,low,0,4.0,19.0,6.3,A,15.0
16965,low,0,7.0,6.0,5.2,A,-16.0
16966,high,4,2.0,2.0,8.0,A,-100.0
16967,high,0,9.0,35.0,8.5,A,15.0
16968,medium,3,4.0,1.0,3.4,A,-100.0
16969,high,2,7.0,6.0,8.9,A,-3.7
16970,high,1,1.0,50.0,4.4,B,15.0
16971,low,1,7.0,3.0,1.4,D,-100.0
16972,medium,1,7.0,2.0,3.0,C,-100.0
16973,medium,0,9.0,8.0,3.6,A,-100.0
16974,none,1,7.0,11.0,4.2,A,-14.1
16975,high,2,3.0,18.0,1.1,A,-100.0
16976,high,1,13.0,19.0,6.8,A,14.0
16977,medium,1,2.0,27.0,8.8,D,15.0
16978,high,2,15.0,9.0,1.6,A,-100.0
16979,medium,2,8.0,4.0,2.2,A,-100.0
16980,high,2,4.0,6.0,2.3,A,-100.0
16981,high,1,9.0,16.0,9.9,A,15.0
16982,high,1,15.0,5.0,9.2,C,-2.4
16983,high,1,9.0,1.0,8.2,A,-15.7
16984,medium,1,4.0,15.0,3.2,A,-10.7
16985,low,3,0.0,3.0,9.5,A,-5.5
16986,high,0,17.0,6.0,8.8,B,-0.2
16987,low,2,11.0,10.0,8.6,A,5.7
16988,none,3,8.0,5.0,3.2,B,-100.0
16989,low,2,9.0,4.0,1.7,A,-100.0
16990,high,0,6.0,0.0,8.7,A,-12.3
16991,low,2,4.0,2.0,9.0,B,-8.2
16992,high,5,3.0,17.0,5.1,B,-8.6
16993,high,1,20.0,14.0,1.8,A,-100.0
16994,high,1,17.0,2.0,10.0,A,-4.5
16995,high,0,36.0,25.0,1.0,A,-5.1
16996,low,4,14.0,10.0,9.3,A,4.2
16997,high,0,7.0,6.0,6.1,A,-14.1
16998,medium,0,20.0,0.0,8.1,A,-14.4
16999,none,0,11.0,4.0,8.8,B,-1.4
17000,low,3,6.0,7.0,3.7,C,-100.0
17001,low,3,8.0,2.0,6.9,A,-100.0
17002,none,3,13.0,12.0,8.7,A,7.1
17003,low,1,6.0,6.0,9.9,A,7.4
17004,low,2,2.0,38.0,4.7,D,15.0
17005,high,3,8.0,3.0,2.7,C,-100.0
17006,medium,0,7.0,2.0,9.1,A,-3.3
17007,high,1,14.0,22.0,1.4,A,-9.5
17008,medium,1,5.0,10.0,9.0,A,10.6
17009,medium,3,33.0,27.0,1.8,D,-1.1
17010,none,2,11.0,19.0,5.2,A,5.3
17011,high,2,4.0,1.0,9.0,A,-13.3
17012,none,0,7.0,11.0,1.6,A,-100.0
17013,low,0,2.0,7.0,9.2,A,8.6
17014,,1,8.0,37.0,3.9,A,15.0
17015,low,0,10.0,2.0,3.9,A,-100.0
17016,high,0,23.0,8.0,3.9,B,-100.0
17017,medium,2,12.0,20.0,8.8,A,15.0
17018,low,2,7.0,0.0,4.2,A,-100.0
17019,high,1,9.0,13.0,3.1,C,-18.6
17020,high,0,4.0,4.0,7.1,D,-12.5
17021,medium,2,27.0,22.0,9.7,C,15.0
17022,high,3,6.0,4.0,1.1,B,-100.0
17023,medium,0,7.0,2.0,1.9,A,-100.0
17024,high,0,3.0,7.0,7.9,A,-1.7
17025,medium,4,5.0,12.0,1.8,A,-100.0
17026,high,2,7.0,2.0,3.6,A,-100.0
17027,low,2,4.0,19.0,6.3,A,12.6
17028,low,1,22.0,1.0,8.9,A,-10.2
17029,high,1,23.0,13.0,10.0,A,15.0
17030,high,2,18.0,20.0,8.2,D,15.0
17031,high,2,12.0,18.0,9.6,A,15.0
17032,low,0,3.0,22.0,7.1,A,15.0
17033,medium,3,5.0,7.0,6.6,A,-13.9
17034,high,1,9.0,10.0,7.6,A,-0.1
17035,low,2,7.0,8.0,3.9,A,-100.0
17036,low,1,3.0,49.0,6.0,A,15.0
17037,medium,1,6.0,6.0,5.1,A,-19.3
17038,none,3,,0.0,8.9,C,
17039,high,0,40.0,9.0,8.5,A,2.1
17040,medium,0,16.0,1.0,2.0,B,-100.0
17041,low,3,7.0,2.0,3.5,A,-100.0
17042,medium,1,26.0,15.0,9.8,A,15.0
17043,high,0,11.0,4.0,1.5,B,-100.0
17044,low,3,7.0,23.0,7.2,A,15.0
17045,medium,3,12.0,2.0,2.5,A,-100.0
17046,high,0,7.0,26.0,7.4,A,15.0
17047,high,1,7.0,3.0,6.9,C,-18.5
17048,medium,0,9.0,13.0,4.5,B,-5.8
17049,low,1,6.0,8.0,7.7,A,-0.5
17050,medium,1,9.0,15.0,9.6,A,15.0
17051,low,0,6.0,28.0,1.3,A,8.8
17052,low,3,26.0,5.0,4.3,A,-100.0
17053,high,2,25.0,2.0,6.7,A,-100.0
17054,none,0,12.0,8.0,3.7,A,-100.0
17055,high,2,9.0,3.0,7.5,A,-17.9
17056,low,1,14.0,4.0,1.6,A,-100.0
17057,low,4,8.0,20.0,4.9,A,1.6
17058,medium,3,11.0,7.0,4.1,A,-100.0
17059,none,2,6.0,8.0,9.4,A,5.8
17060,none,4,6.0,34.0,9.0,C,15.0
17061,medium,2,5.0,0.0,7.1,A,-100.0
17062,low,2,2.0,3.0,4.5,A,-100.0
17063,medium,3,5.0,4.0,9.5,A,-4.3
17064,none,4,21.0,0.0,8.7,A,-100.0
17065,low,0,10.0,9.0,9.8,C,15.0
17066,low,2,8.0,20.0,9.1,A,15.0
17067,high,3,,1.0,9.0,C,
17068,none,1,4.0,3.0,6.5,A,-18.0
17069,low,1,26.0,7.0,9.8,A,7.0
17070,high,2,10.0,4.0,5.5,A,-100.0
17071,high,3,19.0,5.0,8.2,A,-13.3
17072,none,1,6.0,4.0,8.5,A,-5.1
17073,high,4,29.0,15.0,5.4,A,-11.2
17074,none,2,14.0,2.0,7.3,A,-19.2
17075,high,0,7.0,12.0,9.5,A,15.0
17076,high,0,16.0,3.0,8.4,A,-8.6
17077,high,1,15.0,6.0,9.5,C,1.3
17078,low,0,4.0,38.0,1.9,A,15.0
17079,low,2,6.0,4.0,5.5,A,-100.0
17080,medium,3,7.0,12.0,9.6,B,12.9
17081,low,1,12.0,8.0,9.2,A,7.2
17082,low,0,0.0,8.0,1.5,A,-100.0
17083,high,1,33.0,42.0,9.3,C,15.0
17084,none,0,2.0,2.0,8.7,B,-5.3
17085,high,1,8.0,1.0,4.4,A,-100.0
17086,low,2,10.0,7.0,5.9,A,-15.4
17087,low,3,12.0,41.0,8.5,C,15.0
17088,high,2,10.0,50.0,9.2,A,15.0
17089,high,2,16.0,5.0,1.7,C,-100.0
17090,medium,1,14.0,0.0,7.0,D,-100.0
17091,high,3,4.0,13.0,8.5,D,6.6
17092,high,1,12.0,20.0,7.8,B,15.0
17093,low,0,21.0,3.0,8.1,A,-7.8
17094,medium,0,14.0,3.0,9.3,D,-0.8
17095,none,2,6.0,2.0,9.6,C,-5.7
17096,none,1,5.0,2.0,9.8,A,-2.0
17097,high,1,5.0,3.0,9.8,B,-2.3
17098,none,0,4.0,2.0,8.4,C,-7.1
17099,low,1,10.0,26.0,6.0,A,15.0
17100,,1,7.0,2.0,9.4,A,-4.4
17101,high,0,19.0,4.0,5.6,B,-100.0
17102,high,5,15.0,7.0,9.4,C,-7.1
17103,none,1,4.0,1.0,1.3,C,-100.0
17104,none,3,6.0,14.0,2.2,A,-100.0
17105,medium,5,11.0,16.0,3.8,B,-16.0
17106,none,1,5.0,26.0,9.1,A,15.0
17107,medium,2,4.0,20.0,8.3,A,15.0
17108,high,2,4.0,2.0,9.9,B,-6.3
17109,low,2,10.0,26.0,1.1,A,-1.9
17110,medium,1,9.0,14.0,5.3,A,-1.7
17111,high,0,5.0,39.0,6.1,C,15.0
17112,medium,1,5.0,37.0,2.7,A,15.0
17113,none,4,9.0,10.0,9.4,A,4.7
17114,medium,0,22.0,15.0,8.3,A,15.0
17115,low,2,28.0,10.0,6.3,A,-8.7
17116,medium,0,6.0,3.0,3.9,A,-100.0
17117,low,1,24.0,3.0,2.5,C,-100.0
17118,high,1,19.0,15.0,4.7,D,-6.6
17119,low,1,10.0,6.0,7.3,A,-7.3
17120,medium,0,8.0,3.0,3.2,A,-100.0
17121,high,0,9.0,35.0,6.4,A,15.0
17122,low,1,3.0,1.0,8.8,A,-8.8
17123,low,2,5.0,4.0,6.9,C,-15.7
17124,high,3,8.0,4.0,2.2,C,-100.0
17125,low,1,9.0,1.0,1.2,A,-100.0
17126,high,0,22.0,6.0,9.3,D,2.0
17127,high,3,21.0,15.0,9.0,A,11.9
17128,low,0,23.0,11.0,1.3,A,-100.0
17129,medium,1,5.0,7.0,9.1,A,4.9
17130,high,1,10.0,12.0,2.8,A,-100.0
17131,medium,1,6.0,4.0,4.9,C,-100.0
17132,none,1,17.0,24.0,2.7,C,3.9
17133,low,4,15.0,31.0,7.4,A,15.0
17134,high,1,8.0,4.0,2.0,A,-100.0
17135,high,2,7.0,17.0,5.2,C,-0.9
17136,high,0,7.0,25.0,2.9,A,8.2
17137,,2,7.0,3.0,1.6,B,-100.0
17138,high,2,5.0,7.0,1.2,C,-100.0
17139,none,0,1.0,18.0,1.9,B,-9.0
17140,medium,5,4.0,7.0,9.6,A,-2.3
17141,medium,3,11.0,13.0,8.6,A,9.1
17142,none,0,16.0,17.0,8.3,A,15.0
17143,high,2,15.0,13.0,6.9,B,-0.8
17144,high,2,8.0,17.0,7.9,C,13.8
17145,low,4,9.0,6.0,8.8,A,-6.4
17146,high,1,10.0,2.0,3.0,C,-100.0
17147,low,1,14.0,13.0,5.1,A,-5.1
17148,low,2,2.0,5.0,2.9,A,-100.0
17149,none,1,17.0,31.0,3.3,C,15.0
17150,none,1,17.0,14.0,3.0,A,-15.4
17151,high,1,1.0,3.0,8.4,C,-9.6
17152,medium,1,3.0,9.0,9.4,C,10.9
17153,high,0,4.0,2.0,6.4,A,-100.0
17154,high,1,2.0,15.0,9.8,A,15.0
17155,low,3,6.0,5.0,8.2,A,-9.0
17156,none,2,1.0,2.0,,C,
17157,none,2,17.0,13.0,5.7,A,-5.2
17158,none,3,6.0,4.0,1.4,A,-100.0
17159,high,1,5.0,9.0,9.0,C,5.9
17160,none,3,21.0,5.0,1.0,A,-100.0
17161,none,0,,1.0,6.7,C,
17162,low,1,11.0,8.0,9.2,A,7.3
17163,high,1,7.0,1.0,8.2,A,-15.5
17164,low,2,11.0,1.0,3.5,C,-100.0
17165,low,0,7.0,14.0,8.8,C,15.0
17166,high,2,11.0,41.0,9.1,A,15.0
17167,high,3,18.0,3.0,7.5,A,-100.0
17168,low,0,1.0,3.0,9.7,C,3.0
17169,medium,2,5.0,10.0,7.2,A,-1.8
17170,low,3,7.0,9.0,7.0,A,-7.3
17171,high,4,,27.0,1.1,C,
17172,medium,2,7.0,5.0,2.2,A,-100.0
17173,low,0,8.0,11.0,5.1,A,-6.2
17174,high,4,3.0,22.0,2.9,A,-7.7
17175,,2,11.0,8.0,9.9,A,8.0
17176,low,1,16.0,25.0,3.3,D,10.0
17177,none,0,4.0,40.0,3.3,A,15.0
17178,low,1,3.0,25.0,9.6,C,15.0
17179,medium,0,11.0,26.0,8.9,A,15.0
17180,low,1,12.0,21.0,7.2,A,15.0
17181,none,1,,2.0,8.3,C,
17182,medium,1,8.0,35.0,7.4,B,15.0
17183,high,0,4.0,10.0,9.4,A,12.8
17184,medium,0,4.0,3.0,9.9,A,3.5
17185,medium,1,6.0,8.0,2.0,A,-100.0
17186,medium,2,4.0,9.0,8.3,B,2.3
17187,medium,1,2.0,26.0,8.3,A,15.0
17188,high,4,11.0,4.0,9.9,A,-7.8
17189,medium,0,6.0,38.0,9.1,B,15.0
17190,medium,2,11.0,19.0,6.1,A,10.5
17191,low,2,9.0,25.0,4.3,B,13.7
17192,high,2,10.0,41.0,9.7,A,15.0
17193,none,0,20.0,38.0,1.6,A,15.0
17194,none,2,30.0,18.0,7.0,A,11.2
17195,none,1,12.0,11.0,8.9,A,11.2
17196,,3,15.0,12.0,5.3,A,-11.8
17197,high,1,7.0,3.0,1.4,A,-100.0
17198,low,1,26.0,7.0,9.1,C,3.1
17199,medium,2,8.0,1.0,1.3,A,-100.0
17200,high,2,8.0,4.0,8.9,C,-8.0
17201,none,0,19.0,11.0,1.8,A,-100.0
17202,low,2,25.0,19.0,5.4,A,5.6
17203,high,1,1.0,8.0,5.8,A,-13.4
17204,none,3,6.0,6.0,8.8,C,-4.2
17205,medium,0,7.0,1.0,5.8,A,-100.0
17206,high,1,11.0,2.0,6.9,A,-100.0
17207,none,2,6.0,13.0,8.8,B,13.0
17208,high,3,6.0,50.0,2.0,A,15.0
17209,medium,3,3.0,0.0,7.7,A,-100.0
17210,low,1,13.0,0.0,2.5,D,-100.0
17211,medium,2,26.0,6.0,9.1,A,-1.8
17212,medium,2,15.0,8.0,3.6,C,-100.0
17213,medium,1,18.0,17.0,4.1,A,-2.9
17214,low,1,22.0,11.0,3.2,A,-100.0
17215,none,0,7.0,9.0,8.7,A,8.9
17216,high,4,24.0,1.0,8.2,A,-100.0
17217,low,2,4.0,31.0,7.1,C,15.0
17218,medium,1,6.0,24.0,3.0,C,6.9
17219,high,2,3.0,11.0,9.6,A,11.1
17220,low,1,17.0,24.0,1.4,A,-2.6
17221,low,3,5.0,5.0,1.6,A,-100.0
17222,none,2,9.0,10.0,8.2,A,3.1
17223,high,0,25.0,10.0,6.4,A,-5.8
17224,high,3,11.0,0.0,8.3,A,-100.0
17225,low,2,14.0,21.0,3.8,A,2.1
17226,none,2,5.0,18.0,2.7,A,-10.0
17227,low,1,6.0,7.0,3.3,D,-100.0
17228,low,4,7.0,2.0,8.2,A,-17.9
17229,high,1,15.0,3.0,4.3,A,-100.0
17230,none,0,17.0,10.0,6.4,A,-2.6
17231,none,1,9.0,3.0,7.2,A,-14.6
17232,low,2,28.0,17.0,1.3,A,-100.0
17233,none,3,3.0,11.0,1.9,A,-100.0
17234,none,1,11.0,4.0,9.7,A,1.0
17235,low,0,16.0,3.0,4.1,A,-100.0
17236,low,0,1.0,16.0,8.7,A,15.0
17237,,2,6.0,34.0,9.9,A,15.0
17238,high,0,5.0,4.0,7.0,A,-13.1
17239,low,0,2.0,13.0,8.1,A,15.0
17240,low,1,0.0,0.0,8.9,A,-10.1
17241,high,0,14.0,23.0,2.1,A,-1.1
17242,low,1,16.0,10.0,5.8,A,-7.7
17243,none,5,10.0,12.0,3.0,A,-100.0
17244,high,1,17.0,0.0,1.0,B,-100.0
17245,medium,1,3.0,5.0,8.5,A,-2.4
17246,high,2,3.0,1.0,9.5,C,-10.5
17247,medium,1,3.0,12.0,5.9,C,-2.1
17248,medium,2,12.0,1.0,9.8,A,-7.1
17249,high,0,6.0,5.0,9.0,C,-0.1
17250,medium,0,1.0,5.0,8.7,C,1.3
17251,low,0,37.0,36.0,4.6,C,15.0
17252,medium,0,4.0,13.0,5.4,B,-0.3
17253,none,0,6.0,0.0,2.2,A,-100.0
17254,none,2,8.0,1.0,9.8,C,-6.9
17255,,0,29.0,22.0,2.1,A,
17256,low,1,8.0,3.0,9.1,C,-3.5
17257,low,3,10.0,10.0,8.6,A,3.3
17258,low,1,5.0,7.0,8.0,A,-0.8
17259,high,3,12.0,1.0,2.8,C,-100.0
17260,medium,3,10.0,7.0,8.6,B,-3.4
17261,,1,9.0,18.0,8.6,B,15.0
17262,high,0,20.0,14.0,8.5,A,14.6
17263,medium,2,10.0,25.0,8.4,A,15.0
17264,medium,2,6.0,21.0,7.9,A,15.0
17265,medium,1,9.0,9.0,2.6,A,-100.0
17266,low,1,7.0,43.0,1.1,A,15.0
17267,medium,2,8.0,21.0,6.5,A,15.0
17268,medium,1,4.0,42.0,8.1,A,15.0
17269,low,2,12.0,5.0,9.5,A,0.0
17270,none,3,8.0,9.0,4.8,A,-100.0
17271,high,0,5.0,21.0,1.6,C,-7.1
17272,low,3,14.0,14.0,3.9,C,-14.6
17273,none,1,7.0,8.0,9.0,A,6.0
17274,low,0,,19.0,8.2,C,
17275,none,0,9.0,15.0,7.7,A,15.0
17276,medium,2,2.0,7.0,9.8,A,6.5
17277,high,2,7.0,4.0,9.5,A,-4.6
17278,,5,40.0,10.0,6.1,A,-19.1
17279,low,2,2.0,1.0,8.6,A,-12.3
17280,high,2,5.0,6.0,7.4,A,-11.7
17281,low,1,7.0,14.0,7.0,A,8.2
17282,high,1,4.0,9.0,1.8,A,-100.0
17283,none,1,6.0,19.0,4.2,C,2.8
17284,low,1,2.0,18.0,3.5,B,-2.2
17285,medium,0,13.0,13.0,1.7,A,-100.0
17286,high,3,4.0,11.0,8.7,C,3.5
17287,high,2,12.0,15.0,6.2,B,-0.1
17288,none,4,18.0,9.0,5.2,A,-100.0
17289,medium,1,12.0,4.0,6.4,A,-17.0
17290,high,2,5.0,48.0,8.9,A,15.0
17291,medium,2,9.0,4.0,3.5,A,-100.0
17292,low,2,14.0,1.0,5.5,A,-100.0
17293,high,1,10.0,22.0,9.3,A,15.0
17294,high,3,,4.0,8.5,C,
17295,high,1,13.0,2.0,8.5,A,-12.4
17296,low,4,26.0,1.0,3.6,A,-100.0
17297,high,0,12.0,25.0,7.3,A,15.0
17298,low,2,9.0,7.0,9.0,B,1.8
17299,medium,4,4.0,3.0,1.9,A,-100.0
17300,low,3,4.0,0.0,2.8,A,-100.0
17301,high,2,8.0,11.0,5.6,C,-11.4
17302,low,3,12.0,32.0,9.7,A,15.0
17303,medium,1,7.0,21.0,3.8,A,4.9
17304,low,0,18.0,25.0,7.1,A,15.0
17305,none,2,5.0,20.0,8.4,A,15.0
17306,low,1,10.0,7.0,9.4,C,6.4
17307,none,0,7.0,4.0,1.1,C,-100.0
17308,high,4,12.0,4.0,9.1,A,-12.3
17309,none,2,5.0,6.0,6.1,A,-16.5
17310,,2,5.0,28.0,9.1,C,15.0
17311,low,0,2.0,2.0,1.3,A,-100.0
17312,medium,2,5.0,6.0,5.8,A,-17.9
17313,none,0,4.0,22.0,8.2,A,15.0
17314,none,2,12.0,8.0,7.1,C,-7.5
17315,none,4,7.0,12.0,5.7,C,-11.3
17316,medium,2,13.0,3.0,4.3,A,-100.0
17317,high,2,7.0,14.0,2.4,C,-100.0
17318,none,2,2.0,23.0,1.7,A,-4.7
17319,medium,0,8.0,12.0,5.3,C,-3.3
17320,medium,0,1.0,0.0,6.7,A,-100.0
17321,low,2,3.0,0.0,7.4,D,-100.0
17322,low,2,12.0,14.0,7.6,D,8.5
17323,none,1,10.0,8.0,8.5,A,2.9
17324,low,0,10.0,1.0,8.4,A,-9.2
17325,low,1,19.0,6.0,9.9,C,6.1
17326,high,6,11.0,2.0,8.4,D,-100.0
17327,high,1,14.0,3.0,1.0,A,-100.0
17328,low,2,5.0,9.0,4.9,C,-16.2
17329,low,3,7.0,5.0,9.2,D,-3.6
17330,low,2,8.0,7.0,3.7,A,-100.0
17331,medium,1,21.0,15.0,9.4,C,15.0
17332,medium,2,24.0,8.0,8.8,A,0.9
17333,low,2,6.0,2.0,9.3,A,-6.8
17334,medium,1,6.0,13.0,9.0,A,15.0
17335,high,2,3.0,5.0,8.2,C,-9.2
17336,none,0,1.0,1.0,2.9,C,-100.0
17337,none,2,5.0,1.0,8.7,A,-12.7
17338,medium,4,9.0,12.0,2.7,A,-100.0
17339,high,2,7.0,5.0,8.4,A,-8.5
17340,high,1,1.0,12.0,9.8,A,15.0
17341,low,3,8.0,10.0,5.8,A,-11.9
17342,low,2,5.0,8.0,4.4,A,-100.0
17343,high,0,10.0,31.0,2.1,A,15.0
17344,medium,2,4.0,5.0,9.5,A,0.5
17345,high,2,6.0,5.0,2.8,A,-100.0
17346,high,2,7.0,4.0,3.2,A,-100.0
17347,high,1,8.0,24.0,9.1,A,15.0
17348,medium,1,14.0,9.0,9.7,A,11.5
17349,high,1,6.0,20.0,8.9,A,15.0
17350,none,1,7.0,10.0,2.3,A,-100.0
17351,none,1,9.0,0.0,9.1,A,-10.5
17352,low,2,13.0,21.0,4.6,A,6.6
17353,high,1,4.0,4.0,6.5,C,-18.3
17354,low,2,34.0,4.0,9.4,C,-4.8
17355,low,1,11.0,1.0,3.8,C,-100.0
17356,none,3,10.0,10.0,3.0,A,-100.0
17357,high,0,10.0,15.0,2.1,D,-17.5
17358,low,3,9.0,4.0,1.7,A,-100.0
17359,low,1,10.0,38.0,8.2,A,15.0
17360,high,0,6.0,0.0,9.3,A,-9.0
17361,none,1,20.0,2.0,4.6,A,-100.0
17362,medium,0,4.0,2.0,8.3,A,-7.5
17363,high,1,11.0,6.0,8.5,C,-3.8
17364,low,2,9.0,20.0,9.5,A,15.0
17365,high,1,4.0,6.0,7.2,C,-10.2
17366,medium,5,6.0,3.0,2.7,A,-100.0
17367,medium,3,3.0,1.0,9.1,A,-12.5
17368,none,3,,8.0,9.7,C,
17369,medium,4,,8.0,5.5,C,
17370,medium,1,9.0,23.0,5.7,D,15.0
17371,medium,3,1.0,8.0,1.2,A,-100.0
17372,none,1,9.0,3.0,2.0,B,-100.0
17373,high,1,10.0,6.0,8.8,B,-2.0
17374,medium,1,4.0,2.0,9.1,C,-5.5
17375,low,0,11.0,3.0,8.3,A,-5.7
17376,high,3,12.0,2.0,10.0,A,-9.0
17377,medium,2,5.0,12.0,1.1,B,-100.0
17378,medium,1,10.0,24.0,2.4,A,3.2
17379,high,2,14.0,9.0,9.3,C,4.1
17380,none,1,22.0,5.0,3.9,A,-100.0
17381,medium,1,6.0,32.0,9.2,A,15.0
17382,medium,3,10.0,14.0,8.2,B,9.1
17383,none,1,38.0,7.0,9.6,C,4.1
17384,medium,1,6.0,20.0,8.8,A,15.0
17385,high,4,21.0,8.0,9.4,C,-3.1
17386,high,0,7.0,44.0,9.9,C,15.0
17387,low,0,11.0,50.0,8.1,C,15.0
17388,high,0,10.0,5.0,1.6,A,-100.0
17389,high,3,35.0,6.0,8.8,C,-9.5
17390,none,2,11.0,3.0,6.0,A,-100.0
17391,low,1,9.0,4.0,9.1,A,-1.5
17392,,1,10.0,3.0,8.2,A,-9.2
17393,medium,0,6.0,12.0,2.2,C,-100.0
17394,high,2,18.0,9.0,9.6,C,5.4
17395,low,0,5.0,13.0,3.4,D,-11.0
17396,low,2,12.0,7.0,8.4,C,-1.8
17397,none,0,14.0,24.0,8.1,C,15.0
17398,none,2,29.0,4.0,2.7,A,-100.0
17399,low,1,1.0,39.0,6.1,A,15.0
17400,low,1,11.0,5.0,6.7,A,-12.8
17401,high,2,13.0,3.0,3.4,C,-100.0
17402,medium,2,14.0,4.0,3.8,C,-100.0
17403,none,0,0.0,2.0,8.6,A,-5.6
17404,high,2,11.0,11.0,5.7,A,-11.2
17405,low,0,10.0,1.0,5.8,A,-100.0
17406,low,0,5.0,21.0,3.1,A,4.1
17407,low,4,12.0,12.0,6.6,A,-6.2
17408,medium,0,6.0,14.0,2.7,A,-13.3
17409,none,2,21.0,14.0,3.6,A,-15.0
17410,low,2,2.0,24.0,9.1,A,15.0
17411,none,1,2.0,11.0,7.0,A,1.8
17412,none,2,16.0,5.0,8.5,A,-6.5
17413,low,2,4.0,2.0,9.3,A,-6.6
17414,high,2,18.0,14.0,2.8,A,-100.0
17415,none,1,14.0,24.0,6.3,C,15.0
17416,none,3,16.0,6.0,3.6,B,-100.0
17417,low,0,30.0,1.0,8.3,C,-11.8
17418,medium,2,0.0,6.0,1.3,A,-100.0
17419,low,1,3.0,3.0,3.5,A,-100.0
17420,,1,4.0,4.0,8.3,A,-6.0
17421,low,1,9.0,10.0,9.8,A,15.0
17422,high,3,8.0,10.0,5.9,A,-14.4
17423,medium,1,17.0,9.0,2.7,A,-100.0
17424,high,0,32.0,1.0,9.5,A,-8.4
17425,high,2,23.0,21.0,9.3,A,15.0
17426,medium,2,5.0,44.0,8.0,A,15.0
17427,high,3,6.0,21.0,9.7,C,15.0
17428,high,0,5.0,50.0,4.6,B,15.0
17429,high,1,4.0,7.0,5.3,C,-18.6
17430,low,2,3.0,0.0,3.6,A,-100.0
17431,low,3,12.0,6.0,3.1,D,-100.0
17432,high,0,13.0,31.0,1.4,A,12.0
17433,low,3,7.0,22.0,4.4,A,5.7
17434,low,5,9.0,11.0,2.9,A,-100.0
17435,low,1,5.0,1.0,4.6,A,-100.0
17436,high,1,11.0,30.0,7.4,A,15.0
17437,high,2,13.0,49.0,7.4,A,15.0
17438,high,5,14.0,18.0,1.8,A,-100.0
17439,low,2,9.0,4.0,8.3,A,-8.4
17440,medium,3,1.0,4.0,2.6,D,-100.0
17441,high,0,9.0,17.0,2.0,C,-13.7
17442,high,1,36.0,3.0,5.7,A,-100.0
17443,medium,3,3.0,6.0,5.5,C,-100.0
17444,high,3,20.0,1.0,3.6,C,-100.0
17445,high,1,8.0,7.0,9.6,A,4.7
17446,high,1,16.0,50.0,5.7,C,15.0
17447,none,1,9.0,17.0,9.3,A,15.0
17448,none,0,7.0,1.0,4.3,C,-100.0
17449,medium,0,11.0,6.0,4.5,C,-100.0
17450,medium,2,14.0,24.0,2.7,A,1.9
17451,high,1,7.0,1.0,8.4,A,-14.4
17452,none,3,4.0,11.0,10.0,C,13.1
17453,medium,1,22.0,22.0,7.2,A,15.0
17454,low,1,11.0,9.0,9.4,A,10.5
17455,low,0,5.0,34.0,2.0,D,15.0
17456,low,2,9.0,9.0,6.7,A,-6.7
17457,low,3,22.0,21.0,6.1,A,11.4
17458,high,0,1.0,33.0,2.0,A,15.0
17459,medium,1,6.0,0.0,4.7,B,-100.0
17460,low,1,11.0,19.0,2.5,A,-6.5
17461,medium,1,19.0,2.0,8.5,A,-10.3
17462,high,2,12.0,12.0,6.1,C,-7.0
17463,high,3,7.0,33.0,3.0,A,15.0
17464,low,2,2.0,0.0,7.6,A,-19.9
17465,low,1,1.0,19.0,8.4,A,15.0
17466,medium,2,5.0,50.0,8.4,C,15.0
17467,none,1,16.0,9.0,9.9,A,12.1
17468,low,1,7.0,6.0,9.0,C,2.4
17469,high,2,6.0,16.0,8.9,A,15.0
17470,high,4,9.0,10.0,5.0,A,-100.0
17471,high,2,9.0,22.0,8.2,A,15.0
17472,medium,0,6.0,2.0,6.2,A,-19.2
17473,medium,1,5.0,6.0,6.4,A,-12.1
17474,high,3,2.0,3.0,1.6,A,-100.0
17475,low,1,3.0,18.0,1.9,A,-11.1
17476,none,1,17.0,14.0,5.6,A,-1.1
17477,low,0,4.0,27.0,9.4,B,15.0
17478,medium,2,10.0,5.0,8.1,A,-7.8
17479,low,0,12.0,2.0,2.2,A,-100.0
17480,low,1,9.0,5.0,9.3,A,1.7
17481,high,1,7.0,14.0,9.6,A,15.0
17482,high,4,11.0,2.0,9.6,A,-13.6
17483,none,2,8.0,12.0,9.1,A,12.3
17484,none,1,2.0,4.0,,D,
17485,high,2,11.0,7.0,2.8,D,-100.0
17486,medium,1,12.0,9.0,3.0,A,-100.0
17487,low,3,6.0,9.0,2.5,A,-100.0
17488,low,2,,36.0,7.2,C,
17489,low,3,10.0,7.0,1.0,A,-100.0
17490,none,1,15.0,1.0,6.5,C,-100.0
17491,low,1,1.0,9.0,8.1,A,4.3
17492,,0,3.0,8.0,1.7,A,-100.0
17493,low,2,21.0,8.0,6.6,C,-10.5
17494,,2,7.0,3.0,2.4,A,-100.0
17495,high,1,19.0,2.0,4.0,C,-100.0
17496,high,1,9.0,0.0,9.1,A,-12.9
17497,high,1,15.0,1.0,4.2,A,-100.0
17498,low,1,5.0,5.0,8.8,A,-0.6
17499,high,1,14.0,31.0,8.4,A,15.0
17500,medium,3,8.0,2.0,6.6,C,-100.0
17501,high,1,9.0,3.0,2.6,A,-100.0
17502,none,1,5.0,16.0,1.1,A,-100.0
17503,low,3,13.0,3.0,7.8,B,-16.1
17504,medium,1,15.0,1.0,1.0,C,-100.0
17505,none,0,12.0,32.0,9.9,B,15.0
17506,low,1,19.0,10.0,6.2,A,-5.8
17507,low,1,7.0,7.0,9.7,A,8.3
17508,,1,6.0,41.0,2.3,A,15.0
17509,low,0,23.0,1.0,8.9,A,-7.8
17510,high,4,2.0,4.0,6.1,A,-100.0
17511,,1,9.0,16.0,8.2,A,15.0
17512,high,1,18.0,4.0,8.4,A,-9.2
17513,high,1,14.0,0.0,2.2,C,-100.0
17514,medium,3,23.0,5.0,8.1,A,-11.7
17515,high,1,12.0,11.0,8.6,A,7.2
17516,low,3,8.0,11.0,4.3,A,-18.1
17517,medium,2,18.0,48.0,1.4,A,15.0
17518,none,0,3.0,1.0,3.7,A,-100.0
17519,high,0,25.0,19.0,3.5,C,-2.9
17520,medium,1,3.0,8.0,5.6,B,-12.1
17521,high,0,3.0,16.0,8.8,A,15.0
17522,low,1,3.0,10.0,6.6,B,-2.0
17523,medium,1,4.0,1.0,8.4,D,-11.5
17524,high,1,4.0,10.0,4.8,A,-15.0
17525,low,1,3.0,7.0,9.1,D,5.4
17526,low,1,20.0,33.0,2.1,A,15.0
17527,,0,7.0,3.0,9.0,C,-2.0
17528,high,1,17.0,18.0,3.6,A,-6.1
17529,high,2,5.0,12.0,9.9,A,14.6
17530,low,2,7.0,3.0,9.5,A,-3.7
17531,none,1,4.0,6.0,5.2,A,-18.8
17532,low,4,2.0,7.0,8.8,D,-3.6
17533,medium,1,13.0,4.0,4.2,C,-100.0
17534,medium,1,7.0,2.0,3.3,A,-100.0
17535,low,3,23.0,1.0,2.7,C,-100.0
17536,none,2,1.0,18.0,3.1,A,-7.4
17537,medium,1,9.0,3.0,3.4,A,-100.0
17538,medium,0,6.0,7.0,4.3,A,-19.1
17539,none,0,27.0,0.0,3.8,A,-100.0
17540,none,1,9.0,5.0,5.8,A,-18.1
17541,high,1,16.0,4.0,6.9,A,-17.3
17542,low,3,0.0,10.0,9.0,A,6.5
17543,medium,0,15.0,18.0,4.7,A,5.3
17544,low,0,13.0,1.0,9.4,A,-4.0
17545,medium,2,18.0,7.0,4.7,C,-100.0
17546,medium,3,15.0,2.0,8.6,C,-14.4
17547,medium,1,15.0,5.0,6.0,C,-17.4
17548,low,1,4.0,2.0,7.7,A,-12.9
17549,medium,2,6.0,26.0,4.6,A,15.0
17550,medium,4,4.0,20.0,6.1,A,8.2
17551,,1,9.0,25.0,4.5,B,15.0
17552,low,4,2.0,1.0,2.0,C,-100.0
17553,high,1,1.0,4.0,8.4,C,-7.5
17554,low,5,5.0,1.0,8.7,A,-19.6
17555,medium,1,1.0,14.0,2.9,A,-14.2
17556,high,1,9.0,7.0,8.2,C,-3.1
17557,high,2,13.0,9.0,3.8,A,-100.0
17558,low,2,5.0,43.0,9.3,A,15.0
17559,medium,2,18.0,3.0,9.3,C,-6.3
17560,medium,5,4.0,3.0,6.8,A,-100.0
17561,low,1,7.0,47.0,1.6,C,15.0
17562,none,1,2.0,6.0,5.1,B,-19.2
17563,low,3,5.0,31.0,8.2,A,15.0
17564,medium,2,24.0,7.0,6.4,A,-14.4
17565,medium,1,21.0,15.0,4.5,C,-5.3
17566,low,0,8.0,1.0,3.1,A,-100.0
17567,low,1,19.0,11.0,1.6,C,-100.0
17568,low,2,8.0,27.0,8.4,A,15.0
17569,high,2,23.0,19.0,8.6,A,15.0
17570,medium,0,12.0,3.0,8.2,C,-6.7
17571,medium,3,4.0,50.0,3.7,A,
17572,high,0,5.0,3.0,4.6,B,-100.0
17573,high,0,11.0,17.0,5.8,C,7.0
17574,high,4,3.0,15.0,3.1,C,-100.0
17575,none,1,9.0,1.0,2.0,D,-100.0
17576,high,0,6.0,5.0,2.1,C,-100.0
17577,none,1,17.0,3.0,5.1,B,-100.0
17578,medium,3,13.0,15.0,7.4,C,6.5
17579,medium,0,5.0,7.0,1.6,A,-100.0
17580,low,1,14.0,24.0,6.5,B,15.0
17581,medium,1,10.0,18.0,2.6,C,-8.3
17582,medium,2,4.0,2.0,8.7,A,-10.2
17583,none,3,1.0,1.0,1.1,A,-100.0
17584,none,0,7.0,10.0,6.8,A,0.6
17585,low,2,11.0,6.0,7.8,A,-7.1
17586,medium,1,10.0,3.0,9.8,A,-0.2
17587,medium,1,8.0,4.0,8.4,A,-5.6
17588,medium,0,14.0,7.0,1.7,A,-100.0
17589,low,1,17.0,30.0,2.6,D,15.0
17590,medium,2,1.0,2.0,6.7,A,-100.0
17591,medium,1,5.0,6.0,9.2,C,3.3
17592,high,2,22.0,13.0,3.3,A,-100.0
17593,high,0,6.0,7.0,4.1,A,-100.0
17594,medium,1,3.0,4.0,3.9,B,-100.0
17595,high,1,9.0,22.0,4.2,B,6.4
17596,high,2,5.0,5.0,2.3,B,-100.0
17597,low,2,40.0,18.0,8.4,A,15.0
17598,none,6,5.0,6.0,8.6,A,-12.7
17599,low,1,13.0,25.0,8.1,A,15.0
17600,medium,0,11.0,3.0,9.3,A,-0.5
17601,medium,2,3.0,2.0,5.4,B,-100.0
17602,medium,0,10.0,10.0,8.4,A,9.3
17603,none,1,1.0,23.0,7.2,A,15.0
17604,high,1,8.0,6.0,4.1,B,-100.0
17605,high,2,1.0,9.0,,A,
17606,low,0,16.0,8.0,9.8,A,12.6
17607,high,1,7.0,3.0,6.6,A,-100.0
17608,medium,2,3.0,8.0,3.9,A,-100.0
17609,high,1,8.0,14.0,1.6,A,-100.0
17610,,1,16.0,14.0,8.9,A,15.0
17611,low,1,2.0,13.0,7.2,A,7.7
17612,low,1,4.0,22.0,8.5,A,15.0
17613,medium,2,2.0,2.0,8.3,A,-12.2
17614,low,2,15.0,4.0,3.9,A,-100.0
17615,low,0,13.0,6.0,8.6,A,2.1
17616,high,2,10.0,1.0,6.8,A,-100.0
17617,low,2,6.0,17.0,8.7,A,15.0
17618,none,0,11.0,19.0,3.8,A,2.6
17619,medium,2,11.0,17.0,3.0,B,-10.8
17620,low,1,10.0,28.0,1.0,A,4.3
17621,medium,2,4.0,5.0,2.1,A,-100.0
17622,high,1,6.0,50.0,8.6,A,15.0
17623,medium,1,4.0,1.0,9.6,B,-4.9
17624,none,1,9.0,12.0,2.2,A,-100.0
17625,low,0,30.0,45.0,7.4,C,15.0
17626,high,3,5.0,5.0,9.4,C,-5.3
17627,low,0,11.0,0.0,8.8,A,-9.2
17628,high,2,3.0,38.0,8.4,D,15.0
17629,low,0,5.0,6.0,1.1,A,-100.0
17630,low,2,15.0,2.0,7.7,A,-16.5
17631,none,2,2.0,9.0,6.4,B,-8.2
17632,high,2,9.0,4.0,1.2,C,-100.0
17633,high,0,13.0,13.0,8.9,A,15.0
17634,low,2,17.0,27.0,3.6,A,13.3
17635,high,1,19.0,8.0,5.8,C,-15.2
17636,low,1,2.0,10.0,5.9,A,-5.8
17637,low,1,10.0,27.0,2.4,A,9.9
17638,medium,3,5.0,33.0,3.4,A,15.0
17639,medium,0,10.0,18.0,1.2,A,-13.5
17640,none,3,7.0,14.0,1.9,A,-100.0
17641,none,0,1.0,47.0,6.0,B,15.0
17642,none,2,6.0,6.0,3.0,C,-100.0
17643,medium,2,13.0,20.0,7.7,A,15.0
17644,none,1,31.0,18.0,2.1,C,-13.4
17645,low,1,10.0,22.0,6.1,C,15.0
17646,high,2,12.0,16.0,7.1,A,6.9
17647,low,1,18.0,15.0,7.3,A,10.8
17648,high,0,3.0,1.0,8.1,A,-13.2
17649,high,1,14.0,2.0,1.7,A,-100.0
17650,low,2,6.0,38.0,1.8,A,15.0
17651,medium,2,23.0,5.0,3.4,A,-100.0
17652,low,4,12.0,22.0,5.0,B,6.0
17653,medium,1,5.0,1.0,3.7,A,-100.0
17654,high,1,30.0,4.0,4.2,A,-100.0
17655,low,1,6.0,3.0,9.2,C,-2.7
17656,high,4,5.0,2.0,9.9,B,-11.4
17657,high,1,19.0,1.0,9.6,B,-9.0
17658,high,1,3.0,1.0,9.3,A,-9.1
17659,low,1,18.0,7.0,4.4,A,-100.0
17660,low,0,12.0,3.0,6.7,A,-14.6
17661,low,4,3.0,24.0,1.6,A,-7.6
17662,high,4,5.0,13.0,9.3,C,8.4
17663,medium,3,7.0,5.0,2.5,A,-100.0
17664,low,2,7.0,2.0,1.3,A,-100.0
17665,none,0,7.0,4.0,3.2,C,-100.0
17666,low,5,20.0,5.0,9.6,D,-7.7
17667,none,5,6.0,12.0,3.1,A,-100.0
17668,high,0,28.0,3.0,6.4,A,-100.0
17669,low,1,13.0,12.0,2.2,A,-100.0
17670,high,1,13.0,7.0,1.6,A,-100.0
17671,low,1,14.0,0.0,9.6,A,-7.6
17672,high,1,19.0,35.0,3.7,A,15.0
17673,high,0,9.0,1.0,8.0,C,-14.3
17674,low,3,4.0,17.0,9.0,A,15.0
17675,low,3,13.0,24.0,9.0,A,15.0
17676,medium,1,9.0,23.0,2.6,A,2.3
17677,low,2,8.0,5.0,2.1,B,-100.0
17678,none,3,6.0,15.0,6.6,A,2.6
17679,none,3,7.0,41.0,5.9,A,15.0
17680,medium,2,25.0,2.0,9.2,A,-9.6
17681,high,1,4.0,32.0,8.3,B,15.0
17682,medium,0,11.0,10.0,1.6,B,-100.0
17683,low,0,11.0,24.0,2.2,A,4.9
17684,none,2,11.0,17.0,8.2,A,15.0
17685,,2,3.0,7.0,5.2,A,-19.1
17686,high,4,12.0,18.0,9.9,A,15.0
17687,high,3,2.0,2.0,3.5,A,-100.0
17688,high,0,16.0,3.0,4.4,A,-100.0
17689,medium,0,4.0,1.0,4.4,A,-100.0
17690,none,1,20.0,15.0,9.8,C,15.0
17691,high,0,3.0,9.0,5.9,D,-8.5
17692,none,0,7.0,8.0,7.9,C,2.4
17693,medium,2,15.0,9.0,4.5,A,-19.7
17694,medium,5,8.0,5.0,6.7,A,-100.0
17695,none,2,8.0,2.0,8.8,A,-10.3
17696,low,0,13.0,1.0,8.9,A,-6.8
17697,low,3,4.0,0.0,9.3,A,-13.3
17698,low,1,15.0,1.0,5.0,A,-100.0
17699,high,0,9.0,20.0,3.1,B,-1.4
17700,medium,1,18.0,1.0,8.9,D,-10.2
17701,low,3,11.0,14.0,4.4,A,-11.5
17702,none,2,2.0,9.0,1.1,A,-100.0
17703,none,3,10.0,5.0,1.1,A,-100.0
17704,low,0,8.0,19.0,1.4,C,-9.7
17705,medium,0,8.0,6.0,6.8,C,-7.7
17706,none,2,6.0,6.0,9.8,A,3.8
17707,high,3,18.0,17.0,8.4,A,13.1
17708,,3,12.0,21.0,8.2,A,15.0
17709,low,2,18.0,3.0,1.3,B,-100.0
17710,high,1,2.0,7.0,1.4,A,-100.0
17711,high,0,3.0,19.0,9.4,A,15.0
17712,medium,1,18.0,15.0,9.3,B,15.0
17713,high,2,11.0,4.0,1.5,A,
17714,low,3,10.0,4.0,8.6,A,-9.3
17715,,1,10.0,8.0,8.5,A,2.9
17716,high,1,16.0,4.0,1.5,D,-100.0
17717,high,1,10.0,1.0,9.1,C,-10.9
17718,high,0,3.0,1.0,4.1,A,-100.0
17719,none,2,1.0,4.0,5.0,A,-100.0
17720,,0,5.0,3.0,1.8,A,-100.0
17721,high,0,7.0,36.0,1.6,A,15.0
17722,low,2,10.0,10.0,9.9,A,12.9
17723,medium,0,12.0,13.0,2.4,A,-17.6
17724,none,1,5.0,14.0,2.3,B,-18.1
17725,medium,1,22.0,16.0,2.4,A,-14.8
17726,low,2,3.0,12.0,9.0,C,12.9
17727,high,2,20.0,9.0,8.6,A,-0.3
17728,medium,1,6.0,3.0,3.8,A,-100.0
17729,high,2,9.0,4.0,10.0,B,-2.0
17730,medium,0,7.0,3.0,5.1,A,-100.0
17731,high,1,6.0,4.0,6.8,C,-16.8
17732,none,1,8.0,4.0,9.1,A,-2.0
17733,high,1,5.0,4.0,3.7,A,-100.0
17734,none,0,15.0,0.0,8.2,A,-13.5
17735,low,0,8.0,4.0,4.6,B,-100.0
17736,low,2,10.0,20.0,10.0,B,15.0
17737,low,3,4.0,3.0,8.7,A,-10.3
17738,medium,3,14.0,11.0,8.7,A,5.2
17739,high,2,11.0,10.0,1.3,A,-100.0
17740,high,1,11.0,1.0,9.4,A,-9.3
17741,low,3,14.0,5.0,8.6,A,-7.6
17742,medium,4,14.0,20.0,2.2,B,-14.2
17743,high,1,4.0,2.0,5.4,C,-100.0
17744,low,0,0.0,14.0,4.3,A,-3.5
17745,high,3,3.0,2.0,6.3,A,-100.0
17746,medium,1,18.0,17.0,4.5,A,-0.7
17747,low,0,10.0,24.0,8.4,B,15.0
17748,low,1,10.0,14.0,6.7,A,6.2
17749,low,2,10.0,23.0,8.6,A,15.0
17750,medium,3,6.0,9.0,8.5,C,0.6
17751,low,1,9.0,48.0,9.3,C,15.0
17752,none,0,21.0,22.0,8.9,A,15.0
17753,low,2,23.0,16.0,7.7,A,12.1
17754,none,2,7.0,17.0,1.6,C,-18.3
17755,high,2,2.0,4.0,3.6,C,-100.0
17756,medium,2,28.0,21.0,5.6,A,10.2
17757,medium,3,11.0,14.0,5.2,A,-7.5
17758,high,1,8.0,7.0,9.8,A,5.8
17759,none,2,7.0,4.0,3.5,A,-100.0
17760,high,2,15.0,31.0,8.0,A,15.0
17761,none,0,40.0,3.0,2.4,A,-100.0
17762,low,1,5.0,5.0,7.7,A,-6.7
17763,high,1,1.0,18.0,9.1,A,15.0
17764,high,0,5.0,16.0,9.0,A,15.0
17765,low,1,8.0,1.0,9.1,C,-7.7
17766,high,1,26.0,4.0,8.3,A,-10.6
17767,medium,1,14.0,8.0,8.2,A,1.1
17768,high,2,10.0,3.0,4.5,C,-100.0
17769,none,0,7.0,2.0,4.3,A,-100.0
17770,medium,3,4.0,24.0,8.8,A,15.0
17771,,0,16.0,30.0,8.6,A,15.0
17772,medium,1,15.0,7.0,2.1,A,-100.0
17773,low,1,12.0,7.0,10.0,A,9.5
17774,high,0,40.0,6.0,1.7,B,-100.0
17775,high,2,4.0,10.0,8.0,A,0.1
17776,low,2,6.0,4.0,9.0,B,-4.2
17777,high,1,6.0,24.0,8.0,C,15.0
17778,high,1,4.0,13.0,4.1,B,-12.6
17779,none,1,20.0,5.0,9.2,A,-0.5
17780,none,1,9.0,4.0,2.9,A,-100.0
17781,high,0,8.0,13.0,5.3,A,-3.9
17782,high,2,16.0,2.0,7.8,C,-19.0
17783,high,1,4.0,7.0,9.5,A,4.5
17784,,0,2.0,1.0,8.1,A,-10.7
17785,none,1,8.0,2.0,1.7,A,-100.0
17786,,1,21.0,0.0,6.3,C,-100.0
17787,low,2,16.0,5.0,8.3,C,-7.0
17788,high,3,2.0,15.0,6.1,A,-2.2
17789,high,0,11.0,21.0,1.8,A,-6.6
17790,low,0,25.0,10.0,3.2,A,-100.0
17791,high,2,17.0,1.0,6.6,A,-100.0
17792,medium,3,19.0,1.0,8.4,A,-18.0
17793,high,0,6.0,24.0,8.6,A,15.0
17794,low,1,9.0,6.0,8.3,B,-1.7
17795,medium,0,5.0,34.0,4.6,A,15.0
17796,none,4,3.0,23.0,3.0,C,-2.6
17797,low,0,8.0,3.0,1.5,A,-100.0
17798,high,2,19.0,7.0,3.0,A,-100.0
17799,high,3,9.0,28.0,1.4,A,-1.4
17800,high,0,5.0,7.0,6.6,A,-9.0
17801,high,0,2.0,7.0,3.6,C,-100.0
17802,low,1,9.0,38.0,6.9,A,15.0
17803,low,0,16.0,0.0,9.1,A,-8.1
17804,low,0,20.0,16.0,2.1,A,-13.4
17805,high,0,12.0,21.0,7.4,A,15.0
17806,medium,0,11.0,5.0,9.5,A,4.8
17807,high,1,8.0,12.0,6.9,A,0.3
17808,medium,1,7.0,5.0,8.3,A,-4.0
17809,low,1,3.0,8.0,5.6,A,-11.7
17810,low,0,9.0,11.0,7.1,A,4.7
17811,high,2,5.0,24.0,5.1,A,13.4
17812,low,0,6.0,7.0,9.5,A,9.8
17813,low,1,8.0,10.0,8.0,A,5.2
17814,low,3,7.0,1.0,4.9,C,-100.0
17815,low,3,13.0,3.0,8.3,A,-13.4
17816,medium,2,19.0,17.0,8.2,B,
17817,low,1,11.0,40.0,9.5,A,15.0
17818,high,2,13.0,6.0,8.5,A,-6.5
17819,medium,4,4.0,4.0,8.5,A,-12.2
17820,medium,0,10.0,1.0,9.4,A,-4.1
17821,medium,3,5.0,3.0,8.6,A,-11.3
17822,low,1,5.0,10.0,7.7,A,3.8
17823,low,0,10.0,1.0,8.3,A,-9.8
17824,medium,1,39.0,3.0,4.8,A,-100.0
17825,high,1,10.0,2.0,8.4,A,-12.6
17826,none,0,13.0,34.0,8.8,A,15.0
17827,medium,1,11.0,1.0,2.1,A,-100.0
17828,low,3,27.0,6.0,3.4,C,-100.0
17829,low,3,10.0,0.0,2.1,A,-100.0
17830,low,0,4.0,8.0,3.5,A,-100.0
17831,high,0,6.0,2.0,7.9,C,-12.5
17832,low,1,38.0,25.0,1.4,A,-2.6
17833,high,1,5.0,2.0,9.6,A,-5.5
17834,none,2,6.0,7.0,6.1,B,-14.5
17835,low,0,8.0,5.0,1.5,A,-100.0
17836,low,3,4.0,1.0,9.9,B,-7.9
17837,none,2,8.0,6.0,3.5,A,-100.0
17838,low,2,11.0,8.0,7.8,D,-2.9
17839,medium,1,4.0,12.0,8.8,A,13.8
17840,,3,8.0,7.0,5.3,A,-100.0
17841,none,1,7.0,23.0,7.4,A,15.0
17842,high,1,6.0,21.0,5.1,A,9.5
17843,high,0,11.0,1.0,8.6,A,-11.2
17844,none,0,1.0,3.0,9.4,A,0.8
17845,low,3,3.0,8.0,8.5,A,-0.8
17846,low,1,2.0,2.0,3.7,A,-100.0
17847,medium,4,6.0,19.0,8.7,A,15.0
17848,high,2,11.0,19.0,9.4,A,15.0
17849,none,1,3.0,4.0,1.9,A,-100.0
17850,high,1,11.0,0.0,3.3,A,-100.0
17851,high,1,17.0,2.0,9.3,A,-8.4
17852,low,2,19.0,13.0,1.1,A,-100.0
17853,low,1,26.0,33.0,5.0,A,15.0
17854,high,1,6.0,5.0,9.0,A,-2.6
17855,low,1,9.0,9.0,2.3,A,-100.0
17856,low,0,4.0,5.0,3.7,A,-100.0
17857,,0,7.0,8.0,4.9,D,-14.1
17858,none,1,11.0,6.0,8.2,A,-3.0
17859,low,2,2.0,5.0,5.5,A,-100.0
17860,high,0,29.0,11.0,7.7,A,3.0
17861,low,3,16.0,1.0,1.2,C,-100.0
17862,medium,0,20.0,3.0,6.3,A,-18.0
17863,medium,1,4.0,5.0,9.1,A,0.8
17864,high,2,5.0,17.0,5.1,A,-1.3
17865,medium,1,11.0,31.0,9.1,A,15.0
17866,medium,1,9.0,15.0,9.6,A,15.0
17867,medium,1,5.0,12.0,9.2,A,15.0
17868,none,0,3.0,15.0,9.9,A,15.0
17869,low,2,4.0,13.0,7.3,A,5.5
17870,low,2,2.0,3.0,2.4,A,-100.0
17871,high,0,8.0,48.0,8.8,D,15.0
17872,medium,1,0.0,42.0,9.9,A,15.0
17873,medium,3,9.0,2.0,2.1,A,-100.0
17874,medium,0,10.0,27.0,7.7,A,15.0
17875,none,1,16.0,3.0,3.7,C,-100.0
17876,medium,1,3.0,4.0,9.4,C,0.4
17877,low,2,16.0,1.0,3.5,C,-100.0
17878,high,2,5.0,0.0,7.2,A,-100.0
17879,low,1,7.0,12.0,4.7,A,-8.7
17880,medium,1,16.0,13.0,5.9,A,-1.2
17881,low,0,10.0,11.0,8.5,D,12.3
17882,none,1,12.0,5.0,3.8,A,-100.0
17883,low,2,15.0,27.0,2.2,A,5.8
17884,high,0,9.0,20.0,8.3,C,15.0
17885,low,1,25.0,6.0,8.5,A,-2.2
17886,low,3,5.0,19.0,8.0,A,15.0
17887,high,2,9.0,0.0,8.2,A,-100.0
17888,medium,5,29.0,5.0,1.5,A,-100.0
17889,medium,3,3.0,7.0,9.4,C,1.7
17890,low,1,17.0,6.0,9.0,A,1.4
17891,high,0,5.0,0.0,1.6,A,-100.0
17892,low,0,5.0,15.0,1.9,A,-15.1
17893,low,2,4.0,8.0,8.5,A,1.6
17894,low,0,2.0,1.0,9.5,A,-2.4
17895,low,4,3.0,41.0,9.2,A,15.0
17896,high,2,11.0,8.0,7.8,A,-5.9
17897,high,2,22.0,8.0,8.8,A,-1.5
17898,none,2,13.0,1.0,2.0,A,-100.0
17899,high,0,14.0,46.0,2.5,A,15.0
17900,low,2,23.0,11.0,2.2,C,-100.0
17901,low,1,14.0,12.0,8.7,A,12.6
17902,medium,0,8.0,15.0,7.3,D,14.0
17903,medium,1,2.0,1.0,6.6,A,-100.0
17904,none,0,11.0,0.0,8.6,D,-10.9
17905,medium,2,19.0,2.0,8.4,A,-13.4
17906,low,2,9.0,7.0,6.0,A,-14.7
17907,high,0,20.0,9.0,2.9,C,-100.0
17908,low,1,5.0,8.0,9.7,D,10.6
17909,medium,3,3.0,10.0,3.0,C,-100.0
17910,high,1,16.0,5.0,3.2,B,-100.0
17911,low,1,7.0,8.0,7.8,A,-0.0
17912,high,1,1.0,12.0,6.8,C,0.5
17913,low,1,5.0,23.0,5.5,A,15.0
17914,low,1,6.0,12.0,8.1,A,10.1
17915,medium,3,5.0,12.0,4.3,C,-16.1
17916,medium,1,16.0,37.0,2.1,A,15.0
17917,low,1,7.0,2.0,6.5,A,-19.8
17918,high,3,25.0,2.0,9.4,C,-13.6
17919,medium,0,2.0,1.0,3.4,A,-100.0
17920,medium,3,26.0,3.0,2.5,A,-100.0
17921,none,1,7.0,25.0,1.9,A,2.6
17922,high,1,7.0,13.0,4.8,A,-9.0
17923,medium,0,10.0,6.0,7.7,A,-2.9
17924,low,0,11.0,4.0,1.5,A,-100.0
17925,low,0,25.0,13.0,6.8,A,5.7
17926,medium,3,8.0,4.0,9.7,D,-3.4
17927,low,2,9.0,34.0,9.1,D,15.0
17928,none,3,9.0,2.0,2.0,A,-100.0
17929,high,4,12.0,3.0,8.2,A,-19.3
17930,high,3,12.0,11.0,3.9,B,-100.0
17931,high,0,3.0,5.0,10.0,A,5.7
17932,low,2,9.0,0.0,10.0,A,-7.4
17933,low,0,2.0,38.0,3.8,A,15.0
17934,low,1,40.0,5.0,9.9,C,1.9
17935,medium,0,7.0,3.0,1.5,C,-100.0
17936,none,4,6.0,6.0,,D,
17937,low,1,13.0,4.0,3.0,B,-100.0
17938,low,0,4.0,24.0,3.2,A,11.1
17939,low,3,28.0,11.0,8.4,A,2.5
17940,none,0,4.0,34.0,9.9,A,15.0
17941,,0,16.0,2.0,9.1,A,-4.5
17942,none,2,4.0,6.0,8.6,D,-2.6
17943,medium,2,8.0,20.0,4.1,A,1.8
17944,low,4,4.0,13.0,5.6,B,-8.8
17945,none,3,9.0,17.0,3.3,A,-11.7
17946,none,1,7.0,15.0,4.7,A,-3.0
17947,medium,4,14.0,13.0,9.0,C,8.5
17948,low,1,4.0,50.0,9.7,D,15.0
17949,medium,0,5.0,10.0,8.6,C,10.9
17950,none,0,8.0,7.0,2.3,A,-100.0
17951,high,1,35.0,3.0,9.5,A,-7.0
17952,low,1,2.0,34.0,3.3,B,15.0
17953,low,3,7.0,10.0,3.9,A,-100.0
17954,medium,1,7.0,12.0,3.0,A,-18.4
17955,high,3,9.0,1.0,8.1,A,-100.0
17956,none,2,13.0,7.0,9.1,C,1.3
17957,low,1,2.0,25.0,8.0,B,15.0
17958,none,0,10.0,1.0,1.7,C,-100.0
17959,medium,1,8.0,3.0,8.2,D,-8.8
17960,high,1,,15.0,8.8,C,
17961,none,1,16.0,9.0,2.8,A,-100.0
17962,medium,1,17.0,11.0,9.5,A,14.2
17963,high,0,7.0,11.0,3.3,B,-19.0
17964,medium,3,8.0,8.0,2.2,A,-100.0
17965,high,0,8.0,8.0,2.3,B,-100.0
17966,high,2,10.0,8.0,8.1,C,-4.2
17967,high,3,11.0,5.0,3.1,A,-100.0
17968,high,3,11.0,19.0,8.6,C,15.0
17969,low,1,11.0,1.0,7.6,C,-16.2
17970,medium,1,10.0,5.0,7.9,A,-6.5
17971,low,1,7.0,1.0,7.9,A,-14.2
17972,medium,2,7.0,1.0,3.3,C,-100.0
17973,medium,1,12.0,9.0,4.8,B,-15.3
17974,none,3,2.0,4.0,8.7,A,-8.6
17975,low,2,6.0,4.0,9.5,A,-1.5
17976,medium,0,7.0,23.0,4.2,A,13.8
17977,low,2,11.0,2.0,3.1,A,-100.0
17978,high,2,9.0,5.0,9.0,A,-5.4
17979,medium,4,7.0,4.0,2.0,A,-100.0
17980,low,4,27.0,32.0,3.6,B,15.0
17981,none,3,3.0,50.0,9.8,A,15.0
17982,low,2,,6.0,5.3,C,
17983,high,1,13.0,25.0,8.5,A,15.0
17984,high,0,13.0,6.0,3.2,A,-100.0
17985,medium,2,12.0,9.0,8.1,A,0.3
17986,none,3,5.0,30.0,8.8,A,15.0
17987,,2,3.0,9.0,1.1,C,-100.0
17988,low,1,8.0,22.0,1.8,A,-3.7
17989,low,1,5.0,11.0,8.5,D,10.3
17990,high,4,10.0,5.0,6.7,A,-100.0
17991,low,2,14.0,6.0,1.8,A,-100.0
17992,high,1,5.0,1.0,6.4,B,-100.0
17993,low,3,11.0,45.0,1.9,B,15.0
17994,low,1,29.0,19.0,9.9,A,15.0
17995,high,1,16.0,20.0,4.7,B,4.2
17996,none,0,10.0,1.0,3.7,C,-100.0
17997,high,4,1.0,2.0,1.3,A,-100.0
17998,medium,1,8.0,11.0,8.0,C,6.9
17999,high,0,9.0,5.0,1.8,A,-100.0
18000,low,1,8.0,17.0,9.1,A,15.0
18001,medium,1,16.0,18.0,4.9,A,3.7
18002,high,0,7.0,17.0,8.3,D,15.0
18003,medium,3,1.0,4.0,5.0,C,-100.0
18004,medium,2,12.0,5.0,8.9,A,-3.7
18005,low,4,3.0,1.0,6.3,A,-100.0
18006,medium,0,12.0,5.0,6.1,A,-14.0
18007,none,3,11.0,2.0,8.2,C,-16.4
18008,high,1,4.0,12.0,7.9,B,6.2
18009,high,1,9.0,33.0,1.8,A,15.0
18010,high,3,19.0,4.0,9.0,B,-11.0
18011,high,1,6.0,4.0,3.1,B,-100.0
18012,high,1,6.0,38.0,7.2,C,15.0
18013,none,2,18.0,3.0,7.2,A,-18.0
18014,high,0,8.0,17.0,5.9,A,7.8
18015,,2,6.0,7.0,9.8,A,5.9
18016,high,4,25.0,22.0,2.4,A,-12.6
18017,low,1,7.0,13.0,5.7,B,-1.1
18018,none,0,9.0,10.0,9.2,A,13.6
18019,none,0,9.0,6.0,1.3,A,-100.0
18020,low,1,13.0,1.0,4.7,D,-100.0
18021,low,1,22.0,12.0,8.3,C,9.6
18022,high,1,6.0,19.0,9.9,C,15.0
18023,high,1,7.0,16.0,9.7,B,15.0
18024,high,0,6.0,1.0,6.1,B,-100.0
18025,high,2,14.0,10.0,2.0,B,-100.0
18026,medium,3,16.0,10.0,1.1,A,-100.0
18027,medium,1,6.0,22.0,5.9,B,15.0
18028,none,1,5.0,9.0,8.8,A,7.2
18029,high,2,13.0,1.0,1.5,C,-100.0
18030,medium,1,9.0,1.0,1.3,B,-100.0
18031,medium,2,1.0,5.0,8.3,A,-5.8
18032,,1,10.0,1.0,9.8,B,-4.6
18033,low,2,23.0,26.0,4.8,A,15.0
18034,low,1,1.0,50.0,3.5,C,15.0
18035,high,2,8.0,50.0,8.7,A,15.0
18036,low,1,33.0,1.0,3.4,D,-100.0
18037,low,0,5.0,16.0,5.8,D,8.5
18038,medium,0,5.0,1.0,1.6,B,-100.0
18039,none,3,,2.0,6.6,C,
18040,low,4,2.0,2.0,1.7,B,-100.0
18041,high,0,26.0,1.0,1.4,A,-100.0
18042,none,1,2.0,2.0,8.7,A,-7.8
18043,low,4,18.0,17.0,1.5,A,-100.0
18044,high,0,15.0,3.0,2.2,B,-100.0
18045,medium,1,6.0,17.0,6.8,A,13.1
18046,low,2,10.0,34.0,9.7,A,15.0
18047,medium,1,9.0,29.0,5.8,B,15.0
18048,low,2,13.0,16.0,6.3,A,5.4
18049,low,1,5.0,20.0,9.1,A,15.0
18050,low,0,3.0,12.0,7.3,B,8.5
18051,high,2,7.0,7.0,8.2,A,-5.4
18052,,3,2.0,2.0,2.7,A,-100.0
18053,none,0,11.0,11.0,3.2,D,-17.5
18054,high,0,3.0,20.0,2.1,A,-6.3
18055,high,2,9.0,11.0,9.4,A,9.4
18056,low,1,1.0,6.0,3.6,A,-100.0
18057,low,2,17.0,12.0,3.2,B,-100.0
18058,medium,1,10.0,11.0,1.3,A,-100.0
18059,low,4,2.0,9.0,8.3,C,-2.2
18060,medium,1,7.0,4.0,6.5,A,-16.0
18061,low,3,12.0,6.0,2.6,B,-100.0
18062,medium,3,4.0,31.0,9.9,D,15.0
18063,low,1,10.0,13.0,9.4,A,15.0
18064,low,2,13.0,25.0,9.2,A,15.0
18065,medium,6,2.0,0.0,8.2,A,-100.0
18066,medium,1,4.0,0.0,9.8,B,-5.9
18067,low,3,12.0,6.0,5.4,A,-100.0
18068,medium,3,6.0,13.0,1.7,A,-100.0
18069,low,2,9.0,3.0,9.3,A,-5.0
18070,high,4,3.0,3.0,6.2,D,-100.0
18071,high,3,4.0,36.0,7.3,A,15.0
18072,none,1,4.0,5.0,9.1,A,0.5
18073,low,0,9.0,3.0,7.8,A,-8.2
18074,medium,2,5.0,9.0,3.1,A,-100.0
18075,medium,1,7.0,6.0,3.2,A,-100.0
18076,medium,0,15.0,10.0,6.6,C,-1.1
18077,medium,2,4.0,5.0,9.0,A,-2.3
18078,medium,1,10.0,28.0,5.0,A,15.0
18079,high,1,8.0,9.0,9.6,B,8.9
18080,high,2,3.0,2.0,9.0,A,-11.1
18081,high,1,7.0,7.0,9.6,A,4.8
18082,high,0,7.0,12.0,2.8,A,-19.6
18083,low,3,8.0,2.0,9.8,A,-6.7
18084,low,3,4.0,43.0,1.3,A,15.0
18085,medium,2,7.0,2.0,4.4,A,-100.0
18086,medium,3,8.0,35.0,5.8,A,15.0
18087,high,2,1.0,13.0,8.2,C,7.8
18088,none,2,9.0,1.0,3.9,A,-100.0
18089,high,2,14.0,3.0,7.9,C,-16.2
18090,low,2,8.0,4.0,9.0,A,-4.4
18091,high,1,1.0,38.0,9.6,A,15.0
18092,medium,3,19.0,15.0,5.1,A,-6.7
18093,low,2,22.0,29.0,8.5,A,15.0
18094,none,2,2.0,24.0,4.7,D,13.9
18095,low,0,16.0,25.0,2.6,A,8.7
18096,medium,0,13.0,8.0,9.1,A,8.7
18097,high,1,16.0,44.0,5.4,A,15.0
18098,high,4,16.0,18.0,5.6,A,-2.5
18099,low,2,6.0,7.0,6.4,A,-12.2
18100,low,1,14.0,3.0,2.8,A,-100.0
18101,none,1,6.0,28.0,5.0,C,15.0
18102,none,2,19.0,1.0,6.7,B,-100.0
18103,none,1,5.0,14.0,9.1,A,15.0
18104,high,1,9.0,8.0,9.7,A,7.2
18105,medium,1,5.0,6.0,7.6,A,-5.5
18106,low,3,14.0,8.0,3.4,A,-100.0
18107,high,1,13.0,14.0,3.0,C,-17.4
18108,medium,1,10.0,4.0,5.0,A,-100.0
18109,high,3,9.0,31.0,6.9,C,15.0
18110,high,3,17.0,15.0,6.1,A,-3.7
18111,medium,2,2.0,27.0,10.0,D,15.0
18112,medium,2,17.0,15.0,8.9,C,15.0
18113,low,1,3.0,8.0,3.3,A,-100.0
18114,high,0,9.0,13.0,8.5,A,13.6
18115,none,1,5.0,6.0,8.3,A,-1.9
18116,low,2,15.0,28.0,9.6,A,15.0
18117,medium,3,21.0,4.0,4.3,A,-100.0
18118,low,2,24.0,1.0,3.1,A,-100.0
18119,low,1,10.0,3.0,3.5,B,-100.0
18120,none,0,26.0,2.0,5.4,A,-100.0
18121,none,1,7.0,7.0,3.3,A,-100.0
18122,low,0,11.0,13.0,8.6,A,15.0
18123,high,1,13.0,14.0,8.3,A,11.7
18124,high,0,8.0,4.0,2.7,A,-100.0
18125,high,0,15.0,7.0,5.0,A,-18.8
18126,high,2,3.0,7.0,9.6,B,2.7
18127,high,1,7.0,8.0,9.5,C,6.3
18128,low,4,7.0,7.0,4.0,A,-100.0
18129,low,0,2.0,3.0,9.5,B,1.8
18130,low,0,14.0,16.0,8.8,C,15.0
18131,,2,9.0,1.0,8.3,D,-15.3
18132,low,1,4.0,3.0,8.1,B,-8.6
18133,high,4,2.0,1.0,2.3,A,-100.0
18134,none,2,3.0,0.0,3.3,A,-100.0
18135,low,0,,1.0,5.4,C,
18136,,1,6.0,26.0,1.8,A,4.3
18137,medium,1,8.0,3.0,10.0,A,1.1
18138,low,3,9.0,2.0,9.3,B,-9.6
18139,medium,0,4.0,2.0,9.6,A,-0.3
18140,high,3,15.0,27.0,8.1,A,15.0
18141,medium,1,2.0,50.0,3.5,A,15.0
18142,medium,2,13.0,7.0,9.2,B,2.1
18143,low,2,6.0,7.0,9.4,A,4.3
18144,none,3,3.0,6.0,8.6,A,-5.0
18145,low,0,19.0,8.0,2.1,C,-100.0
18146,low,2,5.0,4.0,8.2,A,-8.5
18147,none,0,22.0,20.0,8.6,A,15.0
18148,high,0,4.0,3.0,3.7,A,-100.0
18149,none,0,16.0,3.0,8.9,A,-3.5
18150,high,0,23.0,16.0,8.6,C,15.0
18151,low,3,40.0,21.0,3.5,A,-4.7
18152,none,2,4.0,6.0,1.8,A,-100.0
18153,none,1,3.0,3.0,3.6,A,-100.0
18154,high,0,5.0,10.0,3.1,A,-100.0
18155,high,3,13.0,8.0,8.8,A,-3.1
18156,,2,1.0,23.0,7.9,B,15.0
18157,low,3,2.0,28.0,4.2,A,15.0
18158,medium,4,9.0,2.0,9.5,A,-11.3
18159,medium,1,8.0,34.0,9.7,C,15.0
18160,low,1,4.0,0.0,3.3,A,-100.0
18161,high,4,11.0,4.0,7.6,D,-100.0
18162,low,2,10.0,7.0,7.6,C,-6.0
18163,high,1,0.0,2.0,5.6,D,-100.0
18164,high,1,21.0,4.0,8.4,A,-9.5
18165,medium,0,2.0,31.0,6.4,A,15.0
18166,high,1,6.0,1.0,9.1,A,-10.5
18167,low,0,3.0,3.0,3.6,A,-100.0
18168,medium,1,11.0,29.0,4.6,B,15.0
18169,low,2,8.0,21.0,9.4,A,15.0
18170,medium,0,14.0,45.0,5.8,A,15.0
18171,high,1,10.0,11.0,2.8,A,-100.0
18172,low,1,3.0,7.0,1.3,A,-100.0
18173,high,3,5.0,4.0,9.4,A,-7.4
18174,none,3,7.0,1.0,8.2,C,-18.1
18175,high,1,5.0,1.0,7.5,C,-19.2
18176,none,1,2.0,12.0,8.4,A,11.6
18177,none,2,8.0,32.0,10.0,A,15.0
18178,high,4,12.0,33.0,9.9,A,15.0
18179,low,2,4.0,8.0,1.8,C,-100.0
18180,high,1,7.0,21.0,2.6,A,-4.3
18181,medium,0,6.0,5.0,9.6,C,5.8
18182,high,1,9.0,4.0,8.1,A,-10.0
18183,high,1,5.0,1.0,1.2,C,-100.0
18184,medium,0,13.0,7.0,4.2,A,-100.0
18185,low,3,5.0,13.0,10.0,A,15.0
18186,high,0,7.0,14.0,2.4,A,-17.6
18187,medium,3,3.0,2.0,4.8,C,-100.0
18188,high,6,12.0,35.0,8.3,A,15.0
18189,high,2,13.0,17.0,7.1,A,8.9
18190,low,1,6.0,7.0,8.3,A,0.7
18191,none,4,6.0,1.0,9.1,A,-15.6
18192,low,2,14.0,12.0,8.9,C,11.2
18193,high,3,4.0,19.0,6.1,C,6.0
18194,none,2,4.0,1.0,8.8,B,-12.0
18195,high,1,6.0,2.0,6.6,A,-100.0
18196,medium,1,7.0,1.0,3.7,A,-100.0
18197,medium,1,9.0,8.0,1.9,D,-100.0
18198,,1,14.0,0.0,9.9,A,-6.6
18199,medium,3,12.0,7.0,5.3,C,-100.0
18200,low,3,2.0,9.0,9.3,C,5.8
18201,medium,0,23.0,2.0,9.1,C,-4.9
18202,low,1,4.0,4.0,3.3,A,-100.0
18203,none,3,21.0,4.0,9.4,C,-6.6
18204,high,0,17.0,11.0,8.2,A,7.0
18205,low,0,18.0,18.0,9.6,A,15.0
18206,low,3,10.0,1.0,1.9,A,-100.0
18207,high,2,11.0,12.0,8.5,A,6.3
18208,low,3,16.0,11.0,8.7,A,5.3
18209,high,2,10.0,5.0,5.6,A,-100.0
18210,high,0,14.0,27.0,9.2,A,15.0
18211,none,3,16.0,5.0,8.7,B,-7.9
18212,high,3,7.0,37.0,4.2,A,15.0
18213,low,3,18.0,13.0,5.1,C,-10.5
18214,none,1,23.0,10.0,2.7,B,-100.0
18215,high,4,4.0,7.0,8.9,A,-6.3
18216,low,1,4.0,0.0,5.6,C,-100.0
18217,high,0,19.0,11.0,3.8,A,-17.4
18218,high,2,22.0,8.0,3.5,C,-100.0
18219,medium,2,1.0,14.0,3.4,A,-13.9
18220,medium,1,4.0,38.0,7.5,B,15.0
18221,low,3,8.0,25.0,5.7,A,15.0
18222,,0,9.0,3.0,9.4,A,-0.0
18223,low,1,7.0,4.0,6.7,D,-14.5
18224,medium,3,5.0,7.0,5.4,A,-100.0
18225,low,1,11.0,1.0,7.8,C,-15.1
18226,medium,0,26.0,15.0,6.9,A,10.0
18227,none,1,8.0,2.0,1.5,A,-100.0
18228,medium,1,8.0,4.0,9.6,A,1.0
18229,high,2,26.0,3.0,3.4,B,-100.0
18230,medium,0,6.0,11.0,1.4,A,-100.0
18231,high,1,,4.0,9.3,C,
18232,none,0,6.0,9.0,2.5,A,-100.0
18233,high,0,7.0,11.0,8.2,A,8.0
18234,high,0,13.0,3.0,9.3,A,-3.4
18235,low,1,16.0,5.0,8.3,A,-4.5
18236,medium,1,5.0,24.0,2.4,A,3.7
18237,low,3,13.0,6.0,8.4,A,-6.5
18238,medium,0,7.0,4.0,6.9,A,-11.2
18239,high,2,8.0,4.0,10.0,A,-1.9
18240,none,2,7.0,27.0,3.0,A,10.4
18241,medium,2,16.0,12.0,8.3,A,7.4
18242,none,2,17.0,17.0,9.1,A,15.0
18243,medium,1,17.0,15.0,5.2,A,-1.0
18244,none,1,11.0,12.0,4.7,B,-9.7
18245,medium,2,18.0,4.0,2.7,A,-100.0
18246,none,1,6.0,29.0,8.0,A,15.0
18247,high,0,11.0,36.0,1.4,C,15.0
18248,low,2,14.0,4.0,10.0,D,0.5
18249,low,1,12.0,25.0,6.6,C,15.0
18250,none,2,10.0,1.0,7.3,A,-100.0
18251,high,2,7.0,9.0,5.7,C,-15.0
18252,low,3,2.0,5.0,3.2,A,-100.0
18253,none,1,6.0,21.0,9.1,A,15.0
18254,none,2,12.0,15.0,6.6,A,4.5
18255,none,2,3.0,3.0,3.9,C,-100.0
18256,none,1,26.0,38.0,8.3,A,15.0
18257,low,1,8.0,10.0,2.5,A,-100.0
18258,medium,1,9.0,5.0,9.0,A,-0.3
18259,low,1,12.0,25.0,8.1,A,15.0
18260,high,2,5.0,18.0,8.3,B,15.0
18261,low,2,11.0,1.0,9.1,B,-10.5
18262,high,0,3.0,26.0,9.9,A,15.0
18263,none,1,7.0,22.0,6.3,A,15.0
18264,medium,1,,6.0,9.9,C,
18265,low,1,21.0,3.0,2.8,A,-100.0
18266,medium,2,20.0,33.0,4.1,A,15.0
18267,medium,1,3.0,10.0,6.5,C,-2.9
18268,high,2,2.0,4.0,6.5,A,-100.0
18269,low,2,15.0,49.0,2.6,B,15.0
18270,low,2,26.0,4.0,2.7,A,-100.0
18271,high,0,4.0,1.0,8.7,B,-10.0
18272,low,0,4.0,5.0,8.5,C,0.3
18273,none,0,13.0,6.0,4.2,A,-100.0
18274,low,2,15.0,10.0,5.8,A,-10.1
18275,none,1,4.0,4.0,8.5,A,-4.9
18276,high,2,8.0,9.0,3.0,C,-100.0
18277,high,0,2.0,2.0,8.7,C,-7.7
18278,high,1,9.0,17.0,5.7,A,4.1
18279,low,0,9.0,15.0,7.1,D,13.1
18280,low,0,12.0,3.0,1.9,A,-100.0
18281,high,0,17.0,4.0,5.9,C,-100.0
18282,medium,1,6.0,1.0,10.0,A,-2.9
18283,none,1,2.0,16.0,9.1,B,15.0
18284,low,5,9.0,10.0,1.5,A,-100.0
18285,none,2,9.0,7.0,5.1,A,-100.0
18286,none,2,10.0,4.0,5.7,C,-100.0
18287,low,4,11.0,5.0,4.1,A,-100.0
18288,medium,1,3.0,4.0,8.2,C,-6.2
18289,medium,1,18.0,10.0,3.0,A,-100.0
18290,high,2,8.0,6.0,8.0,A,-8.7
18291,low,2,5.0,9.0,6.8,C,-5.7
18292,none,3,1.0,11.0,9.3,B,9.5
18293,high,1,16.0,0.0,7.1,A,-100.0
18294,low,0,19.0,2.0,5.5,A,-100.0
18295,,1,2.0,16.0,4.4,A,-2.0
18296,medium,1,11.0,5.0,8.1,D,-5.5
18297,high,0,16.0,3.0,7.9,A,-11.4
18298,high,1,6.0,25.0,4.2,A,13.0
18299,none,1,14.0,2.0,8.2,A,-11.7
18300,low,1,4.0,6.0,9.9,C,7.6
18301,low,3,5.0,34.0,9.1,C,15.0
18302,high,3,4.0,7.0,9.0,A,-3.2
18303,low,2,8.0,12.0,9.5,B,15.0
18304,medium,3,6.0,6.0,8.9,A,-3.4
18305,high,0,11.0,2.0,,D,
18306,,0,17.0,1.0,8.8,B,-8.3
18307,low,1,0.0,37.0,4.2,A,15.0
18308,low,1,6.0,9.0,3.3,C,-100.0
18309,medium,3,9.0,1.0,7.3,A,-100.0
18310,low,3,16.0,5.0,1.6,A,-100.0
18311,none,1,8.0,29.0,7.5,C,15.0
18312,,1,10.0,5.0,6.9,C,-12.2
18313,medium,2,18.0,20.0,4.7,A,4.1
18314,low,1,1.0,6.0,3.5,C,-100.0
18315,high,3,10.0,50.0,4.5,D,15.0
18316,high,2,5.0,10.0,3.6,C,-100.0
18317,none,2,13.0,2.0,3.6,A,-100.0
18318,high,2,16.0,0.0,9.6,A,-13.3
18319,medium,2,14.0,2.0,3.9,B,-100.0
18320,low,0,3.0,6.0,1.5,A,-100.0
18321,low,0,19.0,5.0,4.1,B,-100.0
18322,high,3,14.0,11.0,4.9,A,-18.4
18323,low,2,4.0,10.0,2.0,A,-100.0
18324,high,0,14.0,4.0,1.0,C,-100.0
18325,high,0,6.0,17.0,3.3,A,-6.3
18326,low,0,13.0,20.0,8.7,A,15.0
18327,high,3,32.0,3.0,8.4,C,-17.7
18328,low,4,26.0,11.0,5.4,D,-16.3
18329,medium,2,11.0,2.0,5.1,A,-100.0
18330,low,1,19.0,1.0,8.8,A,-10.4
18331,medium,1,25.0,10.0,4.9,A,-14.0
18332,medium,1,19.0,1.0,2.5,C,-100.0
18333,low,0,3.0,25.0,9.3,C,15.0
18334,medium,0,7.0,17.0,8.6,A,15.0
18335,medium,4,3.0,15.0,1.3,C,-100.0
18336,low,1,16.0,1.0,3.1,A,-100.0
18337,high,1,3.0,2.0,6.4,B,-100.0
18338,high,2,7.0,12.0,4.5,A,-15.3
18339,high,0,2.0,9.0,9.2,A,9.8
18340,high,3,7.0,2.0,9.1,A,-13.5
18341,medium,2,14.0,27.0,8.2,D,15.0
18342,high,3,6.0,10.0,8.1,C,-2.1
18343,medium,2,1.0,18.0,7.2,A,15.0
18344,low,1,10.0,9.0,3.1,B,-100.0
18345,medium,1,16.0,2.0,9.3,A,-5.7
18346,low,1,7.0,24.0,8.1,B,15.0
18347,high,3,12.0,6.0,8.3,A,-10.0
18348,medium,0,12.0,12.0,3.6,A,-13.1
18349,low,5,8.0,20.0,9.3,C,15.0
18350,medium,0,8.0,7.0,9.5,A,9.3
18351,high,4,8.0,6.0,1.7,A,-100.0
18352,high,3,8.0,6.0,6.7,B,-18.4
18353,none,1,3.0,50.0,6.0,C,15.0
18354,low,3,15.0,2.0,3.7,A,-100.0
18355,high,1,4.0,7.0,1.4,A,-100.0
18356,none,1,14.0,0.0,7.0,A,-100.0
18357,medium,1,25.0,16.0,7.5,B,12.9
18358,none,3,10.0,1.0,8.4,A,-17.3
18359,medium,2,14.0,6.0,8.6,A,-3.4
18360,medium,1,11.0,27.0,7.7,A,15.0
18361,high,2,15.0,2.0,2.6,A,-100.0
18362,high,1,12.0,11.0,9.2,A,10.5
18363,medium,1,7.0,3.0,7.5,A,-12.6
18364,low,2,15.0,1.0,6.5,B,-100.0
18365,low,1,9.0,8.0,2.2,A,-100.0
18366,high,1,6.0,15.0,9.6,A,15.0
18367,medium,2,6.0,2.0,8.9,B,-9.3
18368,medium,4,7.0,1.0,7.4,B,-100.0
18369,medium,1,12.0,1.0,7.4,A,-17.8
18370,low,1,21.0,4.0,6.4,A,-17.5
18371,low,0,3.0,2.0,9.3,A,-1.5
18372,high,1,12.0,37.0,8.1,A,15.0
18373,low,3,6.0,2.0,5.8,B,-100.0
18374,low,4,6.0,7.0,9.9,A,2.0
18375,low,1,21.0,1.0,9.4,C,-7.3
18376,low,0,14.0,3.0,9.8,D,2.3
18377,medium,3,17.0,1.0,1.9,A,-100.0
18378,low,0,9.0,0.0,9.1,A,-7.4
18379,high,2,4.0,12.0,5.4,A,-10.0
18380,high,2,12.0,0.0,2.2,A,-100.0
18381,medium,2,11.0,1.0,9.7,A,-7.5
18382,low,2,23.0,50.0,3.3,A,15.0
18383,none,2,23.0,31.0,2.0,B,11.7
18384,high,0,8.0,1.0,8.1,A,-13.7
18385,medium,5,1.0,1.0,9.4,A,-15.7
18386,low,0,4.0,11.0,7.5,C,7.4
18387,low,0,4.0,1.0,3.8,A,-100.0
18388,medium,0,15.0,4.0,9.2,A,0.6
18389,medium,1,4.0,13.0,5.9,C,-0.1
18390,high,1,18.0,14.0,9.4,A,15.0
18391,medium,0,11.0,0.0,9.1,D,-8.0
18392,high,3,11.0,3.0,8.2,A,-16.7
18393,medium,2,29.0,14.0,10.0,C,15.0
18394,low,2,27.0,15.0,7.0,B,5.8
18395,high,2,7.0,11.0,8.1,A,2.4
18396,low,3,5.0,4.0,8.4,A,-9.9
18397,low,0,9.0,5.0,8.1,C,-2.4
18398,medium,2,1.0,16.0,3.4,C,-9.7
18399,medium,3,11.0,11.0,9.0,A,7.1
18400,medium,2,27.0,0.0,9.8,A,-10.7
18401,low,3,11.0,1.0,8.1,A,-18.5
18402,none,0,21.0,1.0,1.4,A,-100.0
18403,none,1,5.0,0.0,9.0,B,-10.6
18404,low,0,20.0,31.0,8.0,A,15.0
18405,high,2,5.0,20.0,6.8,C,14.4
18406,low,3,8.0,6.0,7.9,B,-8.8
18407,none,0,13.0,4.0,1.7,C,-100.0
18408,low,0,5.0,18.0,7.5,C,15.0
18409,,3,21.0,6.0,5.8,C,-100.0
18410,low,1,1.0,29.0,1.1,A,7.8
18411,none,1,22.0,30.0,1.8,A,11.1
18412,,1,5.0,9.0,9.1,A,8.8
18413,medium,0,15.0,36.0,7.1,C,15.0
18414,none,1,12.0,7.0,1.2,C,-100.0
18415,medium,1,3.0,1.0,1.4,C,-100.0
18416,medium,1,3.0,4.0,6.3,D,-16.6
18417,low,2,4.0,12.0,8.6,C,10.6
18418,low,3,5.0,44.0,5.0,A,15.0
18419,high,3,1.0,30.0,4.1,A,15.0
18420,high,1,14.0,7.0,4.2,C,-100.0
18421,none,3,19.0,15.0,7.5,A,6.2
18422,none,1,12.0,9.0,5.1,A,-13.9
18423,low,2,21.0,16.0,8.9,C,15.0
18424,high,0,15.0,7.0,1.8,A,-100.0
18425,medium,3,9.0,4.0,8.2,C,-11.8
18426,high,2,7.0,2.0,6.0,A,-100.0
18427,low,0,18.0,6.0,9.6,C,7.1
18428,low,5,13.0,6.0,8.8,C,-9.3
18429,medium,1,6.0,24.0,3.0,A,6.9
18430,high,2,8.0,1.0,8.5,B,-16.5
18431,none,1,21.0,2.0,6.6,A,-100.0
18432,low,2,6.0,3.0,8.7,A,-8.0
18433,low,1,8.0,10.0,9.7,A,14.5
18434,none,3,2.0,1.0,7.9,A,-19.3
18435,low,0,6.0,14.0,8.6,C,15.0
18436,medium,2,10.0,0.0,1.8,D,-100.0
18437,low,2,3.0,10.0,1.9,A,-100.0
18438,none,1,9.0,5.0,9.7,A,3.3
18439,high,1,4.0,14.0,4.7,A,-7.2
18440,medium,1,15.0,13.0,3.7,A,-13.3
18441,high,2,8.0,10.0,6.9,A,-6.4
18442,low,3,10.0,14.0,1.7,A,-100.0
18443,none,1,18.0,8.0,8.7,B,3.2
18444,high,0,1.0,0.0,3.1,A,-100.0
18445,none,1,3.0,2.0,2.2,D,-100.0
18446,medium,1,4.0,8.0,2.9,A,-100.0
18447,high,3,14.0,1.0,1.5,A,-100.0
18448,none,3,8.0,1.0,1.1,C,-100.0
18449,none,1,4.0,3.0,7.4,B,-13.0
18450,high,1,6.0,3.0,2.9,C,-100.0
18451,low,0,6.0,5.0,5.7,A,-15.3
18452,none,1,10.0,5.0,9.4,B,1.6
18453,medium,2,6.0,7.0,1.9,D,-100.0
18454,high,0,5.0,5.0,1.3,A,-100.0
18455,high,4,7.0,10.0,9.6,A,3.6
18456,none,1,3.0,8.0,10.0,A,11.9
18457,high,1,7.0,18.0,8.7,A,15.0
18458,medium,3,1.0,16.0,8.7,B,15.0
18459,none,4,9.0,4.0,3.9,A,-100.0
18460,none,2,1.0,48.0,5.3,C,15.0
18461,medium,1,1.0,2.0,5.1,A,-100.0
18462,high,3,8.0,8.0,8.7,A,-3.2
18463,low,0,2.0,7.0,7.2,A,-2.4
18464,low,1,19.0,23.0,6.0,B,15.0
18465,low,2,6.0,8.0,2.2,A,-100.0
18466,high,4,16.0,9.0,3.3,D,-100.0
18467,high,1,21.0,19.0,9.9,A,15.0
18468,high,1,5.0,13.0,2.7,A,-100.0
18469,high,2,9.0,5.0,2.3,A,-100.0
18470,medium,2,13.0,21.0,8.4,D,15.0
18471,high,0,9.0,23.0,8.4,A,15.0
18472,none,0,5.0,22.0,8.2,B,15.0
18473,none,4,14.0,5.0,9.4,A,-6.3
18474,high,3,10.0,4.0,9.0,B,-10.1
18475,low,0,4.0,8.0,8.6,B,7.2
18476,low,1,15.0,50.0,9.8,B,15.0
18477,medium,1,11.0,17.0,6.2,A,9.3
18478,medium,2,10.0,6.0,5.0,A,-100.0
18479,none,1,14.0,1.0,9.0,A,-9.4
18480,low,1,5.0,14.0,9.1,D,15.0
18481,low,0,12.0,23.0,9.9,A,15.0
18482,medium,1,11.0,31.0,2.3,C,15.0
18483,low,1,3.0,6.0,8.3,A,-1.1
18484,low,2,3.0,18.0,3.2,A,-6.4
18485,low,2,3.0,21.0,1.4,C,-10.0
18486,low,3,8.0,50.0,2.8,A,15.0
18487,low,1,21.0,3.0,4.5,B,-100.0
18488,medium,1,7.0,6.0,6.5,A,-11.8
18489,low,2,8.0,10.0,1.4,A,-100.0
18490,medium,1,9.0,19.0,3.2,A,-2.8
18491,high,4,6.0,2.0,6.6,A,-100.0
18492,medium,2,10.0,5.0,8.6,B,-5.1
18493,low,3,7.0,16.0,9.7,C,15.0
18494,high,2,6.0,10.0,9.6,C,8.7
18495,high,3,9.0,41.0,9.7,A,15.0
18496,low,1,10.0,10.0,6.7,A,-2.2
18497,medium,0,16.0,4.0,3.5,C,-100.0
18498,none,0,21.0,24.0,8.6,A,15.0
18499,none,0,16.0,8.0,10.0,A,13.1
18500,low,0,5.0,1.0,9.4,B,-3.2
18501,high,0,7.0,12.0,7.1,C,4.0
18502,medium,1,31.0,17.0,9.5,A,15.0
18503,none,3,19.0,2.0,6.3,C,-100.0
18504,medium,0,4.0,50.0,9.5,D,15.0
18505,low,2,7.0,10.0,9.5,A,11.0
18506,high,0,4.0,43.0,5.8,A,15.0
18507,high,1,2.0,4.0,8.1,A,-9.3
18508,low,3,2.0,4.0,2.7,A,-100.0
18509,medium,0,9.0,1.0,3.6,A,-100.0
18510,low,0,16.0,10.0,9.4,A,14.6
18511,high,2,8.0,3.0,2.0,B,-100.0
18512,none,4,2.0,4.0,3.9,A,-100.0
18513,low,0,19.0,10.0,9.7,C,15.0
18514,medium,2,8.0,11.0,1.2,A,-100.0
18515,high,0,32.0,17.0,3.1,A,-10.0
18516,low,2,9.0,16.0,4.4,C,-4.6
18517,low,2,8.0,3.0,5.2,C,-100.0
18518,medium,3,4.0,10.0,9.7,C,9.5
18519,low,1,7.0,3.0,3.5,B,-100.0
18520,low,1,10.0,15.0,5.3,A,0.6
18521,none,2,8.0,20.0,5.6,A,9.9
18522,none,2,13.0,42.0,1.4,B,15.0
18523,medium,1,8.0,28.0,6.6,A,15.0
18524,high,2,4.0,4.0,2.7,A,-100.0
18525,medium,1,1.0,2.0,8.4,A,-9.1
18526,low,0,11.0,38.0,8.2,A,15.0
18527,medium,3,6.0,1.0,2.2,B,-100.0
18528,none,0,17.0,0.0,5.0,A,-100.0
18529,low,2,8.0,2.0,3.5,A,-100.0
18530,none,5,8.0,43.0,9.9,D,15.0
18531,low,0,4.0,15.0,1.5,A,-17.2
18532,high,0,7.0,8.0,9.2,A,7.2
18533,none,3,2.0,13.0,6.8,A,-0.1
18534,low,2,2.0,2.0,9.1,A,-7.5
18535,high,1,17.0,31.0,8.5,A,15.0
18536,none,0,8.0,3.0,2.7,C,-100.0
18537,medium,2,6.0,30.0,9.1,A,15.0
18538,low,1,17.0,50.0,6.3,C,15.0
18539,medium,4,11.0,3.0,8.0,A,-17.7
18540,low,1,20.0,4.0,2.4,D,-100.0
18541,high,3,9.0,9.0,8.8,A,-0.6
18542,low,2,11.0,0.0,9.7,A,-9.3
18543,high,1,11.0,6.0,3.8,D,-100.0
18544,high,4,6.0,1.0,8.4,A,-100.0
18545,high,4,3.0,41.0,2.5,A,15.0
18546,low,2,5.0,5.0,8.1,A,-7.0
18547,medium,1,8.0,7.0,8.3,A,0.1
18548,high,1,13.0,4.0,3.6,A,-100.0
18549,high,2,17.0,3.0,5.1,A,-100.0
18550,medium,0,15.0,5.0,5.8,A,-16.0
18551,medium,1,11.0,6.0,2.4,C,-100.0
18552,medium,2,24.0,12.0,8.6,A,8.2
18553,high,3,13.0,14.0,7.3,A,1.2
18554,high,0,4.0,3.0,3.9,A,-100.0
18555,low,2,2.0,22.0,7.3,A,15.0
18556,none,2,6.0,5.0,7.1,B,-13.2
18557,medium,1,2.0,15.0,9.0,B,15.0
18558,medium,1,2.0,19.0,7.8,C,15.0
18559,,2,8.0,10.0,6.1,A,-8.4
18560,low,0,5.0,10.0,9.3,C,15.0
18561,low,1,5.0,10.0,6.6,A,-2.2
18562,high,1,4.0,3.0,9.8,A,-2.2
18563,medium,0,21.0,6.0,2.4,A,-100.0
18564,none,1,40.0,10.0,9.1,A,7.4
18565,medium,2,7.0,10.0,2.9,A,-100.0
18566,high,0,18.0,7.0,9.0,A,2.9
18567,low,0,4.0,33.0,9.2,A,15.0
18568,medium,2,11.0,6.0,8.5,C,-3.6
18569,high,4,11.0,2.0,9.6,C,-13.6
18570,low,0,32.0,0.0,2.6,A,-100.0
18571,,2,6.0,0.0,3.5,A,-100.0
18572,low,2,6.0,34.0,9.7,C,15.0
18573,medium,2,13.0,41.0,3.2,A,15.0
18574,low,0,3.0,1.0,6.3,A,-100.0
18575,medium,2,9.0,0.0,5.9,A,-100.0
18576,low,1,5.0,8.0,8.6,A,4.6
18577,low,1,9.0,14.0,3.7,A,-10.2
18578,none,1,10.0,1.0,5.7,B,-100.0
18579,low,1,4.0,22.0,9.7,A,15.0
18580,low,0,3.0,18.0,3.1,A,-2.0
18581,medium,2,4.0,10.0,6.0,A,-8.3
18582,none,2,7.0,10.0,10.0,A,13.2
18583,medium,2,22.0,5.0,8.6,A,-6.3
18584,high,1,35.0,15.0,1.7,C,-100.0
18585,high,1,5.0,2.0,9.8,A,-4.4
18586,medium,4,10.0,40.0,3.1,C,15.0
18587,none,3,3.0,4.0,5.0,C,-100.0
18588,low,3,6.0,0.0,1.4,A,-100.0
18589,high,0,15.0,12.0,5.8,A,-3.9
18590,high,0,5.0,12.0,3.4,C,-16.1
18591,medium,2,13.0,1.0,9.0,D,-11.6
18592,high,1,13.0,16.0,1.5,A,-100.0
18593,medium,1,4.0,0.0,3.2,A,-100.0
18594,low,0,29.0,33.0,8.9,C,15.0
18595,high,0,13.0,16.0,9.8,A,15.0
18596,low,2,19.0,10.0,9.2,A,8.2
18597,low,1,8.0,1.0,3.9,C,-100.0
18598,medium,2,1.0,21.0,8.5,A,15.0
18599,high,4,16.0,4.0,2.0,A,-100.0
18600,high,2,3.0,4.0,6.1,C,-100.0
18601,medium,2,17.0,11.0,8.6,C,6.8
18602,low,0,6.0,3.0,9.6,C,2.0
18603,medium,3,1.0,19.0,6.4,C,10.6
18604,medium,2,2.0,1.0,7.4,A,-19.3
18605,low,1,8.0,0.0,9.2,A,-9.2
18606,high,1,6.0,33.0,3.7,B,15.0
18607,medium,2,12.0,4.0,2.7,C,-100.0
18608,high,1,2.0,15.0,8.2,C,14.4
18609,none,1,10.0,21.0,7.5,A,15.0
18610,high,0,5.0,28.0,8.8,A,15.0
18611,high,2,3.0,5.0,2.8,D,-100.0
18612,high,2,12.0,12.0,4.4,A,-16.3
18613,low,1,6.0,4.0,9.8,A,2.7
18614,medium,2,4.0,0.0,1.9,A,-100.0
18615,,0,20.0,4.0,5.9,B,-18.3
18616,medium,2,9.0,8.0,8.8,B,2.4
18617,low,0,2.0,11.0,4.5,B,-8.9
18618,high,3,16.0,5.0,2.6,A,-100.0
18619,none,1,2.0,1.0,3.8,A,-100.0
18620,medium,3,6.0,1.0,10.0,A,-7.9
18621,high,1,2.0,3.0,1.1,A,-100.0
18622,low,2,0.0,0.0,8.9,A,-12.6
18623,high,1,6.0,20.0,9.6,B,15.0
18624,low,2,5.0,7.0,2.0,A,-100.0
18625,none,1,11.0,3.0,9.7,A,-1.1
18626,medium,2,3.0,31.0,8.8,C,15.0
18627,medium,3,40.0,11.0,2.6,A,-100.0
18628,low,0,4.0,4.0,7.9,D,-5.1
18629,medium,2,5.0,6.0,8.7,A,-2.0
18630,none,0,11.0,1.0,5.6,A,-100.0
18631,low,1,2.0,11.0,8.3,A,9.5
18632,low,3,8.0,13.0,8.9,A,11.4
18633,medium,1,8.0,3.0,4.1,A,-100.0
18634,high,1,7.0,21.0,2.1,B,-7.1
18635,medium,1,8.0,20.0,9.5,C,15.0
18636,low,1,,18.0,8.4,C,
18637,high,1,4.0,0.0,2.7,A,-100.0
18638,medium,1,28.0,36.0,9.8,A,15.0
18639,low,0,4.0,23.0,2.6,A,5.7
18640,high,1,9.0,27.0,1.2,A,0.4
18641,high,4,14.0,1.0,3.4,A,-100.0
18642,high,1,22.0,13.0,3.8,A,-16.0
18643,none,2,29.0,2.0,8.2,A,-15.7
18644,,2,5.0,3.0,6.3,A,-100.0
18645,none,3,5.0,11.0,8.9,A,6.9
18646,low,1,16.0,23.0,5.2,A,15.0
18647,high,0,8.0,11.0,8.7,A,10.6
18648,medium,1,18.0,22.0,2.8,B,0.4
18649,high,2,22.0,47.0,7.1,A,15.0
18650,low,1,1.0,3.0,9.3,A,-1.7
18651,low,1,5.0,11.0,7.9,B,7.0
18652,medium,1,11.0,2.0,8.8,A,-7.9
18653,medium,1,5.0,15.0,9.7,D,15.0
18654,medium,2,15.0,14.0,3.0,A,-17.5
18655,none,2,11.0,0.0,2.6,C,-100.0
18656,none,1,5.0,28.0,9.1,A,15.0
18657,medium,2,2.0,1.0,2.7,B,-100.0
18658,high,1,3.0,4.0,3.5,A,-100.0
18659,low,2,6.0,35.0,8.4,A,15.0
18660,low,1,12.0,8.0,9.9,B,11.0
18661,none,1,15.0,1.0,3.7,A,-100.0
18662,low,3,10.0,31.0,6.1,A,15.0
18663,low,0,7.0,5.0,8.5,A,0.0
18664,high,0,3.0,24.0,2.7,A,5.4
18665,low,1,6.0,15.0,8.4,C,15.0
18666,high,2,2.0,5.0,5.4,A,-100.0
18667,high,1,4.0,3.0,7.2,A,-16.5
18668,low,4,40.0,4.0,8.0,A,-18.1
18669,high,1,,8.0,8.8,C,
18670,none,2,10.0,14.0,9.9,A,15.0
18671,medium,3,7.0,40.0,1.4,A,15.0
18672,medium,3,13.0,50.0,6.3,D,15.0
18673,low,3,5.0,1.0,9.3,A,-11.3
18674,high,0,4.0,2.0,9.4,A,-4.0
18675,high,2,2.0,18.0,9.6,C,15.0
18676,,0,5.0,11.0,2.6,A,-100.0
18677,medium,1,25.0,7.0,9.9,A,7.3
18678,high,1,6.0,4.0,2.6,C,-100.0
18679,high,1,17.0,9.0,8.4,B,1.4
18680,low,2,7.0,2.0,4.5,A,-100.0
18681,high,1,5.0,6.0,8.6,C,-2.6
18682,medium,2,2.0,3.0,1.1,D,-100.0
18683,low,1,8.0,7.0,5.3,A,-16.0
18684,medium,1,13.0,2.0,5.7,C,-100.0
18685,medium,1,3.0,12.0,5.1,A,-6.5
18686,none,1,3.0,5.0,7.2,A,-9.8
18687,low,1,8.0,16.0,8.2,A,15.0
18688,medium,0,7.0,8.0,5.5,A,-10.6
18689,high,0,6.0,21.0,6.8,C,15.0
18690,none,2,6.0,1.0,9.4,A,-8.9
18691,low,2,3.0,18.0,5.4,A,5.7
18692,medium,2,9.0,7.0,9.8,A,5.8
18693,high,1,6.0,14.0,9.0,A,15.0
18694,high,2,14.0,43.0,9.8,C,15.0
18695,high,3,3.0,1.0,3.7,C,-100.0
18696,none,2,14.0,4.0,5.6,A,-100.0
18697,medium,0,12.0,0.0,9.4,C,-6.4
18698,none,0,6.0,7.0,6.7,A,-6.2
18699,none,0,5.0,3.0,2.8,B,-100.0
18700,low,1,19.0,6.0,2.4,A,-100.0
18701,low,1,9.0,1.0,3.1,A,-100.0
18702,none,0,13.0,32.0,9.9,B,15.0
18703,low,2,4.0,20.0,2.6,C,-5.6
18704,medium,1,12.0,1.0,2.2,A,-100.0
18705,none,2,8.0,13.0,7.1,A,3.4
18706,medium,0,9.0,3.0,9.4,A,0.2
18707,low,1,20.0,0.0,8.2,A,-15.9
18708,high,2,10.0,13.0,8.3,C,7.4
18709,low,2,6.0,12.0,9.4,A,14.8
18710,high,2,22.0,13.0,6.8,A,-2.0
18711,none,2,7.0,0.0,5.4,A,-100.0
18712,low,2,2.0,10.0,8.6,A,6.6
18713,low,1,27.0,13.0,8.8,D,14.0
18714,low,2,18.0,13.0,2.5,A,-100.0
18715,low,2,6.0,13.0,8.4,B,11.4
18716,high,0,2.0,6.0,1.9,A,-100.0
18717,low,0,11.0,4.0,9.2,B,1.4
18718,low,1,6.0,16.0,1.0,C,-100.0
18719,none,2,7.0,12.0,8.3,A,8.0
18720,high,2,13.0,17.0,8.7,A,15.0
18721,low,1,12.0,4.0,3.0,B,-100.0
18722,low,2,3.0,1.0,9.7,A,-6.4
18723,high,1,5.0,3.0,3.0,A,-100.0
18724,low,1,10.0,1.0,8.2,C,-12.8
18725,low,2,13.0,6.0,4.1,A,-100.0
18726,medium,2,2.0,7.0,2.9,A,-100.0
18727,medium,1,7.0,14.0,1.0,C,-100.0
18728,low,3,15.0,2.0,1.0,A,-100.0
18729,high,5,12.0,14.0,3.5,A,-100.0
18730,medium,0,13.0,39.0,6.6,A,15.0
18731,medium,2,9.0,2.0,5.6,C,-100.0
18732,none,3,4.0,15.0,4.7,C,-7.7
18733,low,1,6.0,11.0,5.3,A,-7.4
18734,low,2,1.0,14.0,6.1,A,1.3
18735,medium,3,6.0,0.0,5.7,A,-100.0
18736,medium,2,2.0,9.0,,A,
18737,medium,0,4.0,3.0,7.0,C,-12.5
18738,medium,2,0.0,7.0,2.5,A,-100.0
18739,high,3,4.0,30.0,1.0,A,1.1
18740,high,0,5.0,8.0,9.6,A,9.6
18741,high,1,17.0,16.0,2.9,C,-14.2
18742,high,1,16.0,50.0,9.2,C,15.0
18743,high,5,7.0,3.0,9.7,B,-13.1
18744,none,2,11.0,12.0,1.5,B,-100.0
18745,medium,0,23.0,1.0,1.4,C,-100.0
18746,medium,3,2.0,40.0,7.8,C,15.0
18747,low,0,5.0,20.0,6.6,A,15.0
18748,high,1,30.0,18.0,4.1,A,-4.7
18749,medium,1,7.0,3.0,5.8,C,-100.0
18750,low,2,8.0,37.0,9.1,C,15.0
18751,low,1,5.0,5.0,3.6,A,-100.0
18752,high,2,10.0,13.0,5.7,A,-6.9
18753,high,1,8.0,6.0,9.9,A,4.2
18754,low,2,6.0,5.0,7.7,A,-9.3
18755,none,2,11.0,4.0,8.2,A,-9.7
18756,high,3,20.0,9.0,1.3,A,-100.0
18757,medium,2,3.0,4.0,6.6,D,-17.5
18758,medium,0,18.0,40.0,2.9,A,15.0
18759,high,0,9.0,12.0,1.7,C,-100.0
18760,none,1,7.0,25.0,9.5,A,15.0
18761,high,1,8.0,9.0,3.4,A,-100.0
18762,high,0,3.0,27.0,9.1,A,15.0
18763,low,3,4.0,6.0,1.7,A,-100.0
18764,high,4,11.0,2.0,3.9,B,-100.0
18765,high,1,21.0,3.0,3.9,A,-100.0
18766,medium,0,31.0,48.0,9.7,A,15.0
18767,medium,2,6.0,30.0,4.2,D,15.0
18768,high,1,20.0,19.0,3.5,A,-4.9
18769,low,0,17.0,5.0,7.1,A,-8.7
18770,high,2,24.0,3.0,7.1,A,-100.0
18771,none,0,13.0,29.0,7.2,A,15.0
18772,low,3,3.0,8.0,2.2,A,-100.0
18773,high,2,9.0,33.0,3.7,A,15.0
18774,none,1,9.0,11.0,9.2,A,13.2
18775,medium,2,11.0,32.0,8.7,A,15.0
18776,medium,3,6.0,18.0,7.2,A,12.4
18777,low,0,3.0,4.0,8.9,A,0.5
18778,low,1,7.0,5.0,7.1,A,-10.2
18779,low,0,8.0,13.0,2.9,A,-14.1
18780,medium,2,13.0,2.0,8.8,A,-10.6
18781,low,0,7.0,5.0,8.6,A,0.6
18782,low,3,5.0,9.0,6.2,A,-11.5
18783,medium,0,9.0,17.0,7.9,A,15.0
18784,medium,1,7.0,13.0,3.5,A,-13.6
18785,medium,2,11.0,15.0,6.0,A,1.5
18786,low,0,23.0,15.0,7.1,C,11.7
18787,medium,2,2.0,33.0,2.9,A,15.0
18788,none,2,2.0,29.0,8.0,A,15.0
18789,high,3,7.0,12.0,8.2,A,2.6
18790,low,1,39.0,6.0,8.4,A,-4.1
18791,high,4,8.0,50.0,3.9,A,15.0
18792,medium,2,5.0,8.0,4.7,D,-19.8
18793,none,0,6.0,3.0,2.9,A,-100.0
18794,none,0,7.0,6.0,1.9,D,-100.0
18795,low,2,17.0,0.0,9.4,A,-11.5
18796,low,1,4.0,10.0,9.6,B,14.4
18797,medium,2,20.0,13.0,8.9,A,12.3
18798,low,0,13.0,21.0,2.1,A,-2.2
18799,medium,0,12.0,17.0,8.5,A,15.0
18800,medium,2,6.0,6.0,8.7,A,-2.0
18801,medium,0,5.0,2.0,8.6,A,-5.9
18802,none,3,7.0,6.0,2.3,A,-100.0
18803,medium,4,5.0,9.0,9.6,A,4.3
18804,low,2,10.0,1.0,7.4,A,-19.7
18805,low,2,1.0,0.0,9.3,A,-10.5
18806,low,1,12.0,31.0,2.6,A,15.0
18807,low,1,13.0,2.0,8.8,A,-7.7
18808,medium,4,20.0,9.0,4.7,B,-100.0
18809,high,2,6.0,0.0,8.4,A,-18.9
18810,low,2,8.0,5.0,7.6,D,-10.0
18811,high,1,2.0,2.0,5.4,A,-100.0
18812,low,1,7.0,5.0,3.1,A,-100.0
18813,medium,4,24.0,2.0,8.4,C,-18.9
18814,high,1,4.0,6.0,6.2,A,-15.7
18815,low,0,,8.0,1.9,C,
18816,medium,2,6.0,0.0,1.6,A,-100.0
18817,medium,2,28.0,8.0,1.7,B,-100.0
18818,low,0,5.0,4.0,8.5,A,-1.9
18819,low,2,1.0,1.0,8.4,A,-13.3
18820,high,1,33.0,10.0,7.6,B,-2.5
18821,none,1,2.0,1.0,1.9,A,-100.0
18822,low,1,5.0,6.0,4.5,A,-100.0
18823,medium,2,12.0,43.0,2.8,A,15.0
18824,low,1,20.0,0.0,5.6,A,-100.0
18825,low,1,1.0,18.0,9.2,C,15.0
18826,medium,2,11.0,30.0,8.1,A,15.0
18827,low,5,3.0,34.0,8.5,A,15.0
18828,medium,1,26.0,9.0,8.3,B,2.5
18829,low,2,8.0,12.0,3.6,A,-17.3
18830,medium,2,29.0,36.0,9.4,A,15.0
18831,high,1,17.0,1.0,9.5,A,-9.4
18832,medium,3,11.0,1.0,2.8,A,-100.0
18833,none,3,7.0,11.0,3.6,A,-100.0
18834,low,1,3.0,19.0,6.0,A,13.6
18835,,1,13.0,8.0,3.5,A,-100.0
18836,high,1,8.0,3.0,5.3,A,-100.0
18837,high,1,9.0,48.0,1.7,A,15.0
18838,high,0,9.0,4.0,8.3,A,-6.4
18839,none,2,19.0,11.0,3.5,A,-100.0
18840,low,1,5.0,8.0,5.8,D,-10.8
18841,medium,1,17.0,2.0,9.6,A,-4.1
18842,low,1,15.0,5.0,1.3,A,-100.0
18843,high,2,7.0,3.0,8.1,A,-14.4
18844,high,1,4.0,2.0,8.1,A,-13.7
18845,medium,2,5.0,25.0,10.0,D,15.0
18846,medium,2,8.0,15.0,9.7,A,15.0
18847,low,1,10.0,13.0,4.8,D,-6.3
18848,none,1,5.0,1.0,2.8,A,-100.0
18849,none,0,4.0,3.0,2.7,A,-100.0
18850,low,2,33.0,5.0,7.2,A,-14.7
18851,low,1,17.0,11.0,8.9,C,11.3
18852,high,2,7.0,15.0,2.5,A,-20.0
18853,high,1,11.0,3.0,1.9,C,-100.0
18854,high,2,17.0,0.0,9.8,A,-12.3
18855,low,3,3.0,12.0,7.7,A,3.2
18856,high,2,6.0,2.0,8.2,A,-15.8
18857,low,3,9.0,4.0,9.2,A,-5.9
18858,low,1,2.0,11.0,5.7,A,-4.8
18859,medium,3,5.0,15.0,1.4,C,-100.0
18860,high,3,8.0,4.0,6.1,A,-100.0
18861,medium,3,28.0,4.0,1.5,D,-100.0
18862,medium,1,,21.0,7.0,C,
18863,none,2,4.0,21.0,9.0,C,15.0
18864,low,1,14.0,6.0,8.6,A,-0.5
18865,medium,1,4.0,15.0,2.6,A,-14.0
18866,low,0,7.0,3.0,5.2,A,-100.0
18867,low,4,7.0,3.0,3.3,A,-100.0
18868,,1,6.0,8.0,9.8,C,10.5
18869,high,1,1.0,4.0,1.9,A,-100.0
18870,low,4,6.0,0.0,8.4,A,-100.0
18871,low,2,12.0,2.0,5.6,A,-100.0
18872,low,0,7.0,9.0,7.2,A,1.3
18873,high,1,4.0,21.0,8.4,A,15.0
18874,low,2,23.0,9.0,6.6,D,-8.6
18875,high,1,35.0,1.0,8.5,A,-16.7
18876,high,0,7.0,14.0,9.9,A,15.0
18877,high,2,11.0,15.0,9.9,A,15.0
18878,high,2,4.0,9.0,6.5,A,-10.3
18879,medium,0,1.0,1.0,9.0,A,-5.4
18880,medium,2,20.0,16.0,7.6,A,11.5
18881,medium,2,18.0,1.0,8.3,A,-15.9
18882,high,3,7.0,47.0,8.9,A,15.0
18883,medium,2,9.0,3.0,7.8,A,-13.6
18884,low,2,6.0,6.0,1.2,C,-100.0
18885,none,0,6.0,3.0,9.2,C,-0.8
18886,high,2,5.0,17.0,9.2,A,15.0
18887,low,2,10.0,12.0,8.1,C,7.2
18888,low,0,4.0,5.0,3.4,C,-100.0
18889,medium,4,8.0,16.0,6.8,A,3.3
18890,medium,3,6.0,29.0,3.9,A,15.0
18891,low,1,7.0,3.0,3.1,C,-100.0
18892,high,2,0.0,7.0,9.9,C,4.6
18893,low,0,3.0,5.0,1.5,A,-100.0
18894,low,6,18.0,17.0,1.5,A,-100.0
18895,low,0,26.0,44.0,3.9,A,15.0
18896,high,2,9.0,3.0,9.6,A,-6.3
18897,low,2,4.0,9.0,5.6,C,-12.2
18898,low,2,9.0,6.0,1.1,A,-100.0
18899,high,2,8.0,49.0,5.0,A,15.0
18900,none,1,7.0,11.0,6.7,B,-0.4
18901,none,1,19.0,1.0,4.3,A,-100.0
18902,high,1,3.0,1.0,9.8,A,-6.3
18903,medium,0,4.0,4.0,3.7,A,-100.0
18904,high,1,18.0,6.0,8.4,A,-5.0
18905,high,1,7.0,50.0,9.4,A,15.0
18906,medium,3,5.0,25.0,9.7,C,15.0
18907,medium,0,8.0,6.0,9.1,A,4.9
18908,medium,1,3.0,9.0,5.8,C,-8.9
18909,medium,2,13.0,4.0,9.6,A,-2.0
18910,medium,0,5.0,15.0,1.5,A,-17.6
18911,low,4,9.0,10.0,2.1,C,
18912,low,0,7.0,1.0,9.0,A,-5.6
18913,high,0,5.0,11.0,5.0,C,-9.4
18914,none,2,10.0,10.0,6.6,A,-5.8
18915,medium,2,10.0,12.0,9.0,A,11.8
18916,high,2,16.0,6.0,8.1,C,-9.0
18917,medium,2,2.0,6.0,1.2,A,-100.0
18918,low,2,3.0,4.0,7.9,A,-10.0
18919,high,2,2.0,3.0,3.3,A,-100.0
18920,high,0,8.0,2.0,9.0,A,-6.6
18921,high,3,10.0,10.0,2.6,B,-100.0
18922,medium,2,13.0,3.0,9.5,A,-4.7
18923,low,1,5.0,2.0,4.2,A,-100.0
18924,,1,4.0,3.0,4.4,C,-100.0
18925,low,0,,13.0,2.6,C,
18926,low,2,2.0,29.0,1.1,A,5.2
18927,high,1,5.0,17.0,8.9,C,15.0
18928,medium,4,10.0,5.0,9.3,A,-6.2
18929,high,3,17.0,2.0,1.7,A,-100.0
18930,medium,0,4.0,7.0,2.3,C,-100.0
18931,high,1,10.0,8.0,9.7,A,7.1
18932,low,0,2.0,1.0,5.4,A,-100.0
18933,medium,1,5.0,8.0,8.2,A,2.0
18934,low,1,5.0,10.0,8.1,A,6.0
18935,low,0,3.0,19.0,8.5,A,15.0
18936,high,1,6.0,1.0,5.3,A,-100.0
18937,high,0,5.0,0.0,2.6,C,-100.0
18938,none,0,12.0,1.0,7.9,D,-12.8
18939,low,2,7.0,42.0,2.0,A,15.0
18940,low,1,7.0,29.0,1.3,A,8.3
18941,high,2,8.0,1.0,2.2,A,-100.0
18942,low,1,4.0,9.0,9.7,A,12.8
18943,none,1,4.0,34.0,9.1,B,15.0
18944,low,2,16.0,3.0,8.2,A,-11.7
18945,low,0,2.0,4.0,6.7,C,-11.5
18946,low,1,12.0,3.0,5.0,A,-100.0
18947,high,4,15.0,3.0,7.5,A,-100.0
18948,high,0,2.0,0.0,4.0,B,-100.0
18949,medium,5,5.0,24.0,5.0,B,8.0
18950,medium,0,16.0,2.0,6.8,A,-16.9
18951,high,1,3.0,13.0,7.3,C,5.1
18952,low,2,34.0,32.0,6.7,A,15.0
18953,high,0,8.0,14.0,1.6,A,-100.0
18954,none,1,6.0,11.0,9.8,A,15.0
18955,low,0,8.0,1.0,6.8,A,-17.8
18956,low,3,17.0,1.0,2.8,A,-100.0
18957,low,1,2.0,10.0,1.5,B,-100.0
18958,none,2,9.0,20.0,4.4,C,3.2
18959,none,2,26.0,5.0,4.3,A,-100.0
18960,high,2,11.0,17.0,3.3,A,-11.8
18961,high,2,12.0,9.0,2.5,A,-100.0
18962,high,1,2.0,1.0,7.0,A,-100.0
18963,none,0,11.0,6.0,8.5,A,1.1
18964,medium,0,8.0,2.0,6.6,B,-17.2
18965,low,0,10.0,9.0,4.2,B,-15.5
18966,high,1,26.0,17.0,8.7,B,15.0
18967,high,1,11.0,16.0,3.9,A,-8.1
18968,medium,0,9.0,26.0,6.4,A,15.0
18969,high,1,10.0,25.0,3.4,A,8.2
18970,,3,3.0,2.0,5.1,B,-100.0
18971,low,1,10.0,2.0,8.7,B,-8.0
18972,none,1,13.0,3.0,8.9,A,-5.7
18973,high,2,8.0,4.0,9.0,A,-7.4
18974,low,2,13.0,21.0,8.2,A,15.0
18975,medium,2,9.0,3.0,9.3,C,-5.3
18976,low,1,5.0,6.0,5.7,B,-15.6
18977,high,1,10.0,18.0,5.7,A,6.1
18978,high,1,21.0,1.0,2.4,A,-100.0
18979,high,2,12.0,10.0,9.5,A,7.5
18980,high,0,11.0,13.0,8.7,B,14.5
18981,low,3,19.0,2.0,3.0,A,-100.0
18982,low,1,1.0,3.0,9.0,A,-3.3
18983,low,1,25.0,1.0,7.6,A,-17.6
18984,medium,4,2.0,19.0,6.2,A,6.9
18985,high,3,1.0,15.0,9.2,A,15.0
18986,none,3,14.0,5.0,1.0,A,-100.0
18987,none,2,19.0,8.0,2.9,C,-100.0
18988,medium,2,6.0,9.0,3.4,D,-100.0
18989,medium,3,16.0,46.0,5.9,A,15.0
18990,low,2,22.0,6.0,4.0,A,-100.0
18991,high,1,5.0,15.0,5.6,A,-0.2
18992,medium,0,9.0,4.0,8.9,A,-0.4
18993,medium,2,2.0,9.0,8.9,C,5.8
18994,low,1,7.0,6.0,3.5,A,-100.0
18995,low,0,17.0,20.0,3.0,A,0.3
18996,low,1,8.0,14.0,8.7,A,15.0
18997,medium,1,9.0,26.0,8.1,A,15.0
18998,none,0,4.0,12.0,9.4,A,15.0
18999,low,0,19.0,9.0,7.1,D,-0.5
19000,medium,2,11.0,16.0,3.8,A,-8.5
19001,medium,2,40.0,5.0,1.1,A,-100.0
19002,high,0,8.0,3.0,5.2,A,-100.0
19003,medium,1,21.0,9.0,8.9,A,6.4
19004,high,1,24.0,1.0,9.6,C,-9.5
19005,low,2,8.0,8.0,9.9,A,8.9
19006,medium,1,17.0,7.0,9.2,A,4.2
19007,medium,2,7.0,20.0,9.9,A,15.0
19008,low,0,3.0,1.0,9.5,A,-2.5
19009,medium,2,11.0,7.0,6.0,A,-15.3
19010,none,2,21.0,3.0,1.6,A,-100.0
19011,none,0,1.0,7.0,8.3,A,3.1
19012,high,0,3.0,2.0,9.8,C,-1.7
19013,low,1,3.0,23.0,4.5,A,13.7
19014,none,1,7.0,14.0,2.9,A,-15.0
19015,low,1,7.0,13.0,2.3,A,-19.8
19016,none,2,3.0,26.0,3.5,A,11.4
19017,medium,2,5.0,4.0,4.4,C,-100.0
19018,low,0,9.0,9.0,8.5,C,8.2
19019,high,1,4.0,19.0,1.7,B,-13.2
19020,high,1,10.0,12.0,2.8,D,-100.0
19021,medium,3,4.0,5.0,3.8,B,-100.0
19022,none,0,9.0,1.0,8.2,A,-10.8
19023,none,2,3.0,2.0,4.1,C,-100.0
19024,low,1,12.0,16.0,8.2,C,15.0
19025,medium,1,16.0,14.0,8.1,A,12.9
19026,high,2,8.0,10.0,3.5,A,-100.0
19027,low,2,13.0,1.0,8.1,A,-16.2
19028,medium,0,11.0,6.0,9.5,C,6.9
19029,high,3,28.0,1.0,1.5,C,-100.0
19030,low,1,13.0,0.0,6.8,A,-100.0
19031,low,2,19.0,10.0,2.8,A,-100.0
19032,low,1,8.0,37.0,8.3,A,15.0
19033,high,5,3.0,32.0,1.3,A,2.0
19034,high,1,31.0,7.0,8.8,A,-2.0
19035,medium,1,24.0,4.0,7.0,A,-14.9
19036,low,2,9.0,6.0,2.9,B,-100.0
19037,high,2,2.0,8.0,4.6,C,-100.0
19038,low,1,6.0,3.0,1.8,A,-100.0
19039,medium,3,19.0,8.0,4.4,C,-100.0
19040,medium,3,13.0,34.0,6.8,A,15.0
19041,medium,1,7.0,26.0,4.9,A,15.0
19042,high,1,11.0,3.0,5.6,A,-100.0
19043,high,0,9.0,4.0,7.6,A,-10.2
19044,high,3,,50.0,6.6,C,
19045,medium,3,5.0,13.0,5.8,A,-5.7
19046,high,5,7.0,3.0,9.7,A,-13.1
19047,medium,3,21.0,12.0,2.3,A,-100.0
19048,low,2,2.0,2.0,5.4,A,-100.0
19049,none,4,2.0,8.0,2.3,A,-100.0
19050,low,2,,50.0,9.7,C,
19051,medium,4,5.0,16.0,8.9,A,15.0
19052,none,1,1.0,3.0,9.7,C,-0.1
19053,medium,1,19.0,22.0,5.7,A,15.0
19054,low,1,31.0,2.0,5.4,A,-100.0
19055,medium,2,1.0,41.0,1.4,B,15.0
19056,low,2,4.0,3.0,7.0,A,-17.1
19057,low,4,3.0,16.0,6.8,A,4.2
19058,high,1,5.0,41.0,1.9,A,15.0
19059,low,2,5.0,25.0,5.8,A,15.0
19060,medium,1,3.0,11.0,8.6,A,10.7
19061,none,1,1.0,24.0,2.7,A,5.5
19062,low,1,10.0,5.0,8.4,C,-3.3
19063,none,1,24.0,13.0,6.8,A,2.7
19064,medium,3,9.0,1.0,2.4,A,-100.0
19065,medium,2,2.0,8.0,9.9,C,9.1
19066,low,1,7.0,17.0,9.9,B,15.0
19067,high,3,4.0,7.0,2.2,A,-100.0
19068,high,4,35.0,24.0,1.3,A,-15.5
19069,none,5,,2.0,9.4,C,
19070,medium,1,18.0,12.0,2.9,A,-100.0
19071,none,0,8.0,18.0,8.9,A,15.0
19072,low,1,18.0,1.0,8.4,D,-12.5
19073,low,4,5.0,1.0,2.5,A,-100.0
19074,high,0,12.0,6.0,7.9,A,-4.7
19075,high,1,3.0,50.0,7.3,B,15.0
19076,medium,1,10.0,7.0,1.9,A,-100.0
19077,high,3,10.0,5.0,,D,
19078,low,1,2.0,0.0,6.1,A,-100.0
19079,medium,1,8.0,4.0,5.8,A,-19.9
19080,high,1,11.0,21.0,2.3,C,-6.4
19081,none,0,14.0,15.0,8.6,A,15.0
19082,low,3,14.0,7.0,8.2,A,-5.6
19083,medium,0,12.0,1.0,3.4,D,-100.0
19084,high,1,8.0,2.0,1.4,C,-100.0
19085,none,1,29.0,15.0,8.2,A,14.1
19086,medium,1,17.0,6.0,5.5,A,-18.3
19087,low,2,22.0,22.0,3.2,A,0.1
19088,none,1,11.0,9.0,8.7,A,6.0
19089,medium,0,7.0,8.0,1.3,A,-100.0
19090,low,2,6.0,31.0,3.6,A,15.0
19091,medium,0,18.0,5.0,7.5,A,-6.9
19092,high,3,14.0,8.0,5.5,A,-100.0
19093,none,4,10.0,3.0,9.6,B,-9.0
19094,high,1,6.0,1.0,7.4,A,-19.8
19095,low,2,4.0,5.0,8.9,A,-2.5
19096,high,1,9.0,5.0,9.5,A,-0.2
19097,high,1,9.0,7.0,8.6,A,-0.9
19098,medium,3,7.0,13.0,8.0,A,6.2
19099,high,1,10.0,9.0,8.5,D,2.6
19100,low,3,4.0,37.0,9.0,A,15.0
19101,medium,1,30.0,1.0,6.1,D,-100.0
19102,high,2,2.0,11.0,2.7,A,-100.0
19103,low,2,20.0,2.0,1.9,A,-100.0
19104,low,4,6.0,14.0,7.7,A,4.6
19105,high,1,8.0,6.0,5.5,C,-20.0
19106,medium,1,24.0,23.0,7.6,A,15.0
19107,medium,0,4.0,21.0,9.5,A,15.0
19108,medium,0,,15.0,1.9,C,
19109,none,1,7.0,2.0,1.4,A,-100.0
19110,low,2,24.0,3.0,5.5,B,-100.0
19111,low,2,3.0,14.0,2.7,A,-17.6
19112,high,1,15.0,16.0,3.2,A,-12.3
19113,none,2,18.0,5.0,2.1,A,-100.0
19114,low,3,2.0,11.0,9.2,A,9.5
19115,none,3,11.0,27.0,6.2,B,15.0
19116,high,0,8.0,13.0,3.1,A,-16.0
19117,high,1,13.0,8.0,3.4,A,-100.0
19118,low,2,14.0,11.0,8.7,A,8.0
19119,high,3,18.0,4.0,2.4,A,-100.0
19120,medium,1,2.0,28.0,9.2,A,15.0
19121,none,1,9.0,10.0,5.6,A,-8.7
19122,high,1,7.0,5.0,8.1,A,-7.7
19123,high,1,5.0,3.0,3.0,A,-100.0
19124,medium,0,9.0,6.0,3.8,A,-100.0
19125,high,3,16.0,0.0,8.0,A,-100.0
19126,none,1,12.0,14.0,1.8,A,-100.0
19127,high,3,4.0,3.0,3.4,A,-100.0
19128,high,1,12.0,4.0,1.1,C,-100.0
19129,high,0,9.0,11.0,8.1,A,7.2
19130,medium,1,10.0,10.0,9.9,B,15.0
19131,medium,1,19.0,12.0,3.5,A,-16.9
19132,low,3,12.0,0.0,7.5,A,-100.0
19133,medium,1,4.0,1.0,6.7,C,-100.0
19134,low,3,4.0,9.0,9.2,A,5.1
19135,medium,2,7.0,14.0,8.4,A,13.0
19136,high,0,7.0,27.0,9.1,A,15.0
19137,medium,3,18.0,17.0,2.3,A,-17.8
19138,low,2,6.0,1.0,6.3,A,-100.0
19139,low,1,9.0,4.0,7.0,A,-13.0
19140,high,1,7.0,21.0,9.1,B,15.0
19141,low,1,8.0,18.0,9.9,B,15.0
19142,high,0,6.0,43.0,10.0,B,15.0
19143,high,1,6.0,5.0,5.1,A,-100.0
19144,low,2,7.0,5.0,9.0,A,-2.2
19145,medium,0,6.0,1.0,8.2,D,-10.3
19146,high,0,32.0,4.0,8.9,A,-5.4
19147,low,2,17.0,1.0,7.4,B,-100.0
19148,low,1,5.0,8.0,2.4,B,-100.0
19149,medium,0,20.0,4.0,9.1,B,-0.4
19150,low,1,7.0,35.0,7.5,A,15.0
19151,,2,1.0,7.0,3.4,B,-100.0
19152,low,2,1.0,17.0,9.4,A,15.0
19153,medium,3,17.0,6.0,3.0,C,-100.0
19154,medium,1,3.0,8.0,7.5,C,-1.7
19155,low,1,7.0,26.0,7.9,A,15.0
19156,high,1,4.0,5.0,2.6,A,-100.0
19157,low,2,6.0,13.0,10.0,A,15.0
19158,none,0,34.0,10.0,6.4,A,-4.3
19159,low,4,12.0,7.0,6.4,A,-17.8
19160,high,1,15.0,4.0,8.3,A,-9.5
19161,low,0,2.0,50.0,4.1,C,15.0
19162,low,0,4.0,9.0,4.8,A,-11.6
19163,high,0,11.0,12.0,3.3,C,-17.3
19164,medium,1,7.0,6.0,9.3,A,3.6
19165,medium,0,5.0,4.0,2.4,A,-100.0
19166,low,2,7.0,10.0,1.8,A,-100.0
19167,none,1,5.0,2.0,8.0,B,-11.9
19168,low,2,4.0,2.0,5.4,C,-100.0
19169,low,2,10.0,1.0,6.8,B,-100.0
19170,high,0,15.0,11.0,9.9,C,15.0
19171,high,4,8.0,4.0,7.5,C,-100.0
19172,none,2,14.0,5.0,3.7,C,-100.0
19173,medium,1,9.0,8.0,8.1,A,1.0
19174,medium,4,5.0,37.0,5.0,C,15.0
19175,medium,1,1.0,11.0,9.8,A,15.0
19176,none,0,8.0,6.0,6.4,B,-10.1
19177,medium,2,11.0,18.0,7.5,C,15.0
19178,low,0,1.0,11.0,4.6,A,-8.2
19179,medium,0,3.0,29.0,6.9,A,15.0
19180,none,2,20.0,17.0,7.7,A,13.9
19181,low,0,28.0,8.0,6.0,A,-9.5
19182,medium,1,7.0,15.0,7.8,A,14.3
19183,high,1,6.0,4.0,9.1,A,-4.2
19184,high,0,0.0,7.0,8.1,A,-0.3
19185,high,1,8.0,27.0,9.7,A,15.0
19186,medium,0,13.0,29.0,6.4,A,15.0
19187,medium,1,5.0,26.0,5.6,A,15.0
19188,high,2,9.0,16.0,10.0,A,15.0
19189,high,1,11.0,2.0,10.0,A,-3.9
19190,high,0,5.0,11.0,2.9,A,-100.0
19191,low,1,5.0,10.0,9.9,C,15.0
19192,high,1,15.0,5.0,5.7,C,-100.0
19193,medium,3,17.0,4.0,6.4,C,-100.0
19194,low,2,17.0,9.0,8.4,A,1.9
19195,medium,1,20.0,5.0,8.4,A,-4.7
19196,low,3,7.0,2.0,8.6,A,-13.2
19197,high,1,8.0,2.0,5.3,A,-100.0
19198,high,1,7.0,12.0,3.9,A,-16.1
19199,low,3,1.0,5.0,8.2,A,-8.5
19200,low,2,4.0,5.0,6.8,A,-14.0
19201,none,2,30.0,22.0,2.4,A,-5.7
19202,high,0,40.0,16.0,4.6,B,-4.6
19203,low,2,7.0,1.0,5.4,D,-100.0
19204,high,2,21.0,3.0,3.5,A,-100.0
19205,none,3,12.0,24.0,6.4,A,15.0
19206,low,1,10.0,2.0,8.3,A,-10.2
19207,medium,0,15.0,7.0,5.9,A,-11.2
19208,none,1,1.0,14.0,9.0,A,15.0
19209,none,0,,34.0,3.3,C,
19210,high,1,3.0,3.0,4.3,A,-100.0
19211,none,0,9.0,1.0,8.6,A,-8.6
19212,medium,2,1.0,20.0,5.2,A,8.6
19213,medium,1,15.0,22.0,4.1,B,7.9
19214,low,4,22.0,1.0,1.1,B,-100.0
19215,low,1,24.0,2.0,6.1,A,-100.0
19216,low,1,4.0,6.0,1.5,A,-100.0
19217,medium,0,5.0,6.0,3.6,B,-100.0
19218,high,1,14.0,5.0,8.3,C,-7.3
19219,low,3,25.0,20.0,7.4,B,15.0
19220,high,0,9.0,21.0,9.9,D,15.0
19221,low,3,8.0,0.0,3.9,A,-100.0
19222,none,0,15.0,3.0,2.4,A,-100.0
19223,low,2,6.0,3.0,4.2,C,-100.0
19224,medium,3,2.0,2.0,4.1,A,-100.0
19225,medium,1,2.0,4.0,4.8,A,-100.0
19226,,1,14.0,13.0,8.3,A,11.9
19227,low,2,1.0,3.0,1.3,C,-100.0
19228,medium,3,17.0,13.0,6.4,A,-3.6
19229,high,2,13.0,5.0,2.1,A,-100.0
19230,high,0,17.0,10.0,9.4,A,11.5
19231,medium,1,6.0,4.0,1.9,A,-100.0
19232,low,1,6.0,4.0,9.0,C,-1.7
19233,none,0,3.0,8.0,5.0,A,-13.1
19234,none,2,12.0,12.0,9.0,A,11.4
19235,low,1,20.0,20.0,3.5,A,0.2
19236,high,1,8.0,21.0,5.1,A,9.3
19237,high,3,23.0,5.0,9.8,D,-4.9
19238,medium,2,2.0,13.0,6.2,A,-0.7
19239,none,3,11.0,2.0,4.1,C,-100.0
19240,low,1,2.0,1.0,5.2,A,-100.0
19241,high,0,7.0,8.0,2.9,A,-100.0
19242,none,1,3.0,13.0,6.9,A,5.3
19243,medium,1,7.0,1.0,9.5,A,-5.8
19244,medium,0,11.0,15.0,9.1,A,15.0
19245,medium,2,21.0,11.0,9.9,B,13.5
19246,high,0,4.0,7.0,8.8,A,3.2
19247,none,2,19.0,14.0,8.3,D,11.0
19248,high,1,12.0,3.0,4.6,A,-100.0
19249,low,1,8.0,2.0,10.0,A,-0.6
19250,medium,4,19.0,22.0,9.2,A,15.0
19251,low,0,8.0,15.0,3.0,A,-9.3
19252,high,3,4.0,0.0,7.0,A,-100.0
19253,high,0,1.0,16.0,3.1,C,-9.0
19254,low,2,15.0,50.0,8.8,C,15.0
19255,medium,0,8.0,19.0,3.5,A,1.4
19256,low,2,2.0,36.0,7.1,A,15.0
19257,high,2,26.0,3.0,5.5,A,-100.0
19258,medium,0,9.0,9.0,8.5,A,7.8
19259,low,2,5.0,24.0,7.0,C,15.0
19260,none,4,2.0,25.0,9.3,A,15.0
19261,none,0,8.0,5.0,6.2,A,-13.3
19262,none,2,16.0,6.0,9.8,C,2.8
19263,high,2,10.0,7.0,8.7,B,-3.0
19264,,2,19.0,8.0,5.5,B,-17.0
19265,low,4,6.0,3.0,6.6,C,-100.0
19266,medium,1,10.0,12.0,9.3,A,15.0
19267,high,2,9.0,6.0,1.1,A,-100.0
19268,low,0,8.0,4.0,10.0,D,6.1
19269,high,1,14.0,50.0,3.1,C,15.0
19270,low,1,14.0,20.0,8.7,A,15.0
19271,low,0,9.0,11.0,8.9,A,14.6
19272,medium,1,16.0,2.0,6.5,B,-100.0
19273,medium,3,17.0,0.0,8.8,C,-17.7
19274,high,0,17.0,6.0,2.9,D,-100.0
19275,none,0,1.0,9.0,2.3,A,-100.0
19276,,1,9.0,17.0,5.6,A,6.0
19277,medium,1,3.0,10.0,6.9,B,-0.8
19278,low,0,8.0,7.0,4.2,A,-19.5
19279,none,2,9.0,4.0,6.5,A,-18.9
19280,medium,1,6.0,2.0,9.5,A,-3.5
19281,high,0,4.0,9.0,8.3,D,4.6
19282,none,1,11.0,1.0,2.8,B,-100.0
19283,low,3,9.0,10.0,9.9,A,10.5
19284,,1,33.0,0.0,7.8,C,-100.0
19285,high,0,10.0,2.0,8.1,D,-11.8
19286,high,3,4.0,8.0,9.4,A,1.1
19287,low,4,15.0,1.0,1.2,C,-100.0
19288,low,1,6.0,7.0,2.1,C,-100.0
19289,none,4,25.0,1.0,5.1,A,-100.0
19290,medium,2,12.0,8.0,8.3,A,-0.6
19291,low,0,15.0,18.0,8.5,A,15.0
19292,low,1,2.0,7.0,8.0,A,-0.5
19293,low,3,2.0,13.0,3.4,A,-18.2
19294,none,0,6.0,6.0,3.9,B,-100.0
19295,low,3,17.0,7.0,5.4,A,-100.0
19296,medium,1,5.0,3.0,1.0,B,-100.0
19297,none,4,6.0,16.0,1.5,A,-100.0
19298,high,2,29.0,2.0,1.7,A,-100.0
19299,high,2,17.0,0.0,6.2,A,-100.0
19300,low,1,7.0,8.0,1.4,B,-100.0
19301,high,3,16.0,2.0,9.6,A,-11.6
19302,low,3,3.0,12.0,2.4,B,-100.0
19303,none,0,17.0,14.0,8.3,A,15.0
19304,medium,2,11.0,4.0,8.9,B,-5.7
19305,low,1,17.0,4.0,2.1,C,-100.0
19306,high,0,6.0,18.0,9.2,C,15.0
19307,medium,0,8.0,9.0,4.8,A,-12.4
19308,medium,1,8.0,1.0,1.7,A,-100.0
19309,medium,1,9.0,14.0,4.5,A,-6.2
19310,low,3,6.0,27.0,5.2,A,15.0
19311,high,1,24.0,4.0,9.1,D,-6.0
19312,high,2,5.0,14.0,3.7,A,-15.3
19313,high,1,5.0,14.0,9.2,B,15.0
19314,none,3,7.0,14.0,2.4,A,-100.0
19315,low,1,3.0,11.0,4.0,B,-14.2
19316,high,1,5.0,7.0,9.3,A,3.3
19317,none,2,16.0,6.0,6.9,D,-13.2
19318,none,3,7.0,45.0,4.6,A,15.0
19319,low,1,5.0,0.0,4.7,C,-100.0
19320,high,0,9.0,0.0,2.0,B,-100.0
19321,low,2,17.0,22.0,9.9,B,15.0
19322,none,3,15.0,24.0,3.0,C,0.8
19323,low,4,14.0,12.0,9.0,A,6.8
19324,none,0,5.0,1.0,8.8,B,-7.1
19325,none,0,17.0,13.0,9.7,A,15.0
19326,low,2,12.0,5.0,4.7,A,-100.0
19327,none,2,4.0,26.0,6.7,A,15.0
19328,medium,2,2.0,31.0,8.0,C,15.0
19329,low,2,11.0,1.0,6.8,A,-100.0
19330,low,2,6.0,27.0,8.4,B,15.0
19331,high,1,10.0,2.0,1.6,A,-100.0
19332,medium,1,9.0,18.0,9.0,A,15.0
19333,low,0,5.0,16.0,9.4,B,15.0
19334,low,4,5.0,2.0,8.5,A,-16.1
19335,medium,1,7.0,8.0,1.2,A,-100.0
19336,none,1,12.0,8.0,7.3,A,-3.9
19337,none,1,15.0,2.0,3.2,D,-100.0
19338,low,0,19.0,3.0,7.9,A,-8.7
19339,medium,2,12.0,11.0,4.1,C,-17.5
19340,low,1,0.0,4.0,9.8,B,3.3
19341,none,5,14.0,13.0,9.4,A,8.0
19342,high,1,15.0,5.0,3.1,A,-100.0
19343,low,1,2.0,9.0,8.7,A,7.5
19344,none,2,5.0,1.0,7.1,C,
19345,high,0,15.0,7.0,1.2,A,-100.0
19346,high,2,8.0,4.0,1.4,A,-100.0
19347,low,3,10.0,10.0,9.6,A,8.8
19348,high,1,7.0,13.0,7.7,A,6.9
19349,,3,7.0,6.0,9.7,A,0.6
19350,low,2,4.0,21.0,1.3,A,-10.7
19351,low,2,15.0,14.0,8.1,A,10.9
19352,low,4,9.0,2.0,7.8,A,-100.0
19353,medium,0,2.0,7.0,8.8,C,6.0
19354,high,1,6.0,16.0,9.9,C,15.0
19355,high,1,0.0,0.0,1.8,A,-100.0
19356,high,1,3.0,6.0,5.0,B,-100.0
19357,medium,2,18.0,9.0,8.4,A,1.4
19358,medium,1,30.0,1.0,9.5,A,-8.0
19359,medium,0,6.0,4.0,5.4,C,-19.4
19360,none,2,15.0,1.0,1.7,D,-100.0
19361,none,3,13.0,11.0,9.1,A,7.2
19362,none,0,8.0,10.0,1.9,A,-100.0
19363,high,1,4.0,4.0,8.2,A,-8.9
19364,high,2,2.0,1.0,8.1,A,-18.1
19365,low,1,10.0,10.0,4.6,A,-13.7
19366,high,1,13.0,10.0,9.7,A,11.0
19367,medium,1,6.0,5.0,3.4,C,-100.0
19368,none,2,13.0,0.0,3.3,A,-100.0
19369,high,0,8.0,4.0,1.5,A,-100.0
19370,high,3,25.0,3.0,6.5,D,-100.0
19371,high,3,16.0,2.0,2.0,C,-100.0
19372,high,3,4.0,1.0,1.4,C,-100.0
19373,high,3,16.0,6.0,7.2,C,-16.4
19374,medium,2,10.0,26.0,7.2,A,15.0
19375,medium,0,29.0,7.0,2.2,A,-100.0
19376,low,0,21.0,6.0,5.5,A,-15.8
19377,medium,1,12.0,1.0,2.3,A,-100.0
19378,low,1,6.0,3.0,7.8,A,-10.4
19379,high,0,14.0,4.0,9.0,C,-3.0
19380,medium,2,6.0,6.0,7.5,A,-8.6
19381,medium,1,32.0,1.0,9.8,A,-6.6
19382,low,0,18.0,4.0,3.4,A,-100.0
19383,high,1,4.0,1.0,8.1,A,-15.8
19384,none,2,28.0,3.0,4.6,A,-100.0
19385,high,1,12.0,7.0,4.8,C,-100.0
19386,medium,3,7.0,0.0,7.7,C,-100.0
19387,medium,0,4.0,9.0,9.7,A,15.0
19388,none,0,8.0,41.0,7.0,A,15.0
19389,none,1,13.0,2.0,5.8,D,-100.0
19390,high,1,14.0,13.0,2.8,A,-100.0
19391,medium,2,18.0,10.0,7.8,A,0.2
19392,low,1,40.0,3.0,2.7,C,-100.0
19393,low,2,10.0,8.0,7.1,C,-6.7
19394,low,0,14.0,18.0,3.3,C,-2.0
19395,medium,1,0.0,12.0,1.5,A,-100.0
19396,low,0,26.0,16.0,1.9,A,-15.1
19397,medium,1,4.0,8.0,5.9,B,-10.6
19398,high,3,5.0,7.0,9.1,C,-2.8
19399,high,0,2.0,8.0,1.9,A,-100.0
19400,medium,1,6.0,8.0,8.5,A,3.5
19401,low,0,16.0,5.0,9.0,A,1.9
19402,low,4,15.0,10.0,7.1,A,-8.0
19403,low,0,4.0,4.0,9.3,A,2.6
19404,medium,0,2.0,12.0,3.9,C,-10.5
19405,medium,5,,19.0,1.0,C,
19406,low,0,8.0,9.0,9.8,A,15.0
19407,low,1,8.0,24.0,8.3,C,15.0
19408,medium,0,5.0,2.0,7.6,A,-11.4
19409,medium,2,10.0,5.0,5.3,B,-100.0
19410,none,2,15.0,16.0,8.5,A,15.0
19411,high,3,14.0,9.0,2.0,A,-100.0
19412,low,5,2.0,2.0,9.0,A,-15.5
19413,medium,2,9.0,9.0,6.8,A,-6.5
19414,low,0,8.0,1.0,8.3,A,-9.6
19415,none,2,20.0,22.0,9.0,A,15.0
19416,medium,1,11.0,11.0,2.5,B,-100.0
19417,low,1,9.0,11.0,9.4,B,14.9
19418,medium,0,11.0,1.0,2.0,A,-100.0
19419,low,2,1.0,14.0,3.1,C,-15.2
19420,high,2,7.0,3.0,9.0,D,-9.4
19421,none,2,26.0,5.0,1.7,A,-100.0
19422,low,2,2.0,3.0,3.1,A,-100.0
19423,low,4,4.0,25.0,3.4,C,4.3
19424,none,1,7.0,9.0,1.4,A,-100.0
19425,low,0,1.0,4.0,4.8,C,-100.0
19426,high,2,6.0,2.0,6.0,B,-100.0
19427,medium,0,10.0,8.0,8.6,A,6.2
19428,low,1,8.0,8.0,9.4,A,8.7
19429,high,2,7.0,3.0,2.3,C,-100.0
19430,medium,1,13.0,19.0,9.4,B,15.0
19431,medium,1,6.0,5.0,8.6,A,-2.2
19432,low,3,2.0,3.0,9.6,B,-5.1
19433,low,2,14.0,5.0,8.1,D,-7.9
19434,medium,1,31.0,33.0,3.4,C,15.0
19435,low,1,9.0,18.0,1.4,D,-14.4
19436,medium,1,8.0,2.0,7.5,A,-14.8
19437,high,2,8.0,22.0,2.3,A,-6.5
19438,high,0,20.0,16.0,9.6,A,15.0
19439,low,2,5.0,22.0,1.0,A,-10.3
19440,none,2,5.0,6.0,2.6,A,-100.0
19441,low,2,12.0,25.0,8.8,C,15.0
19442,high,0,10.0,1.0,8.2,C,-13.3
19443,low,1,10.0,7.0,6.1,A,-11.8
19444,low,2,,7.0,3.4,C,
19445,medium,3,19.0,17.0,8.5,A,15.0
19446,medium,0,4.0,15.0,8.8,A,15.0
19447,medium,2,6.0,4.0,6.9,C,-16.2
19448,medium,2,18.0,16.0,2.8,A,-14.7
19449,low,0,5.0,12.0,8.0,B,
19450,high,1,11.0,2.0,4.8,A,-100.0
19451,high,0,5.0,23.0,3.8,A,9.2
19452,high,2,7.0,19.0,7.4,C,15.0
19453,none,2,7.0,18.0,7.4,A,15.0
19454,none,1,22.0,10.0,3.0,A,-100.0
19455,low,2,,13.0,9.4,C,
19456,medium,2,7.0,7.0,9.0,B,1.6
19457,high,1,3.0,6.0,8.3,C,-4.1
19458,medium,1,22.0,10.0,7.8,C,2.3
19459,medium,1,5.0,12.0,9.4,C,15.0
19460,high,2,5.0,10.0,6.4,C,-8.8
19461,high,1,6.0,5.0,5.1,A,-100.0
19462,low,2,13.0,21.0,1.7,A,-9.4
19463,medium,1,6.0,9.0,9.4,C,10.6
19464,,1,5.0,2.0,5.9,A,-100.0
19465,high,2,5.0,4.0,4.9,C,-100.0
19466,low,3,2.0,9.0,8.4,D,0.9
19467,high,1,3.0,35.0,5.0,C,15.0
19468,low,2,3.0,1.0,5.7,A,-100.0
19469,medium,1,2.0,5.0,9.5,A,3.1
19470,medium,2,8.0,8.0,1.2,A,-100.0
19471,low,1,1.0,10.0,9.6,A,14.7
19472,low,1,2.0,19.0,2.0,C,-8.3
19473,high,1,21.0,6.0,8.8,C,-3.1
19474,medium,0,10.0,26.0,7.8,A,15.0
19475,medium,2,15.0,8.0,8.2,A,-1.5
19476,high,1,12.0,10.0,8.4,C,4.0
19477,low,1,19.0,18.0,1.2,A,-16.5
19478,medium,1,5.0,7.0,3.6,A,-100.0
19479,low,3,32.0,3.0,1.5,A,-100.0
19480,low,2,11.0,5.0,5.9,C,-19.7
19481,low,0,4.0,2.0,8.9,A,-3.8
19482,medium,0,6.0,43.0,9.5,A,15.0
19483,medium,0,12.0,15.0,5.5,C,3.6
19484,medium,2,14.0,8.0,8.4,B,-0.3
19485,low,0,8.0,18.0,8.3,A,15.0
19486,high,2,5.0,8.0,8.5,B,-1.5
19487,low,2,6.0,0.0,8.8,A,-13.7
19488,high,1,8.0,4.0,3.5,A,-100.0
19489,low,5,4.0,1.0,1.1,A,-100.0
19490,high,1,10.0,18.0,6.8,A,12.2
19491,high,2,4.0,3.0,6.7,A,-100.0
19492,medium,0,,6.0,2.6,C,
19493,medium,0,13.0,32.0,8.4,D,15.0
19494,high,2,2.0,14.0,8.5,A,11.4
19495,medium,1,16.0,22.0,2.6,A,-0.5
19496,none,0,15.0,8.0,6.8,A,-4.4
19497,low,1,6.0,12.0,1.6,C,-100.0
19498,high,0,13.0,22.0,9.3,A,15.0
19499,medium,3,1.0,20.0,8.4,A,15.0
19500,medium,1,5.0,0.0,1.1,A,-100.0
19501,medium,2,9.0,6.0,5.7,A,-18.9
19502,medium,0,22.0,23.0,8.6,A,15.0
19503,low,4,17.0,22.0,6.6,A,14.3
19504,low,2,7.0,12.0,5.2,A,-8.4
19505,low,4,11.0,36.0,8.9,A,15.0
19506,low,1,16.0,1.0,5.2,A,-100.0
19507,medium,1,5.0,8.0,8.7,A,4.7
19508,medium,1,3.0,28.0,8.1,A,15.0
19509,high,1,0.0,3.0,9.7,A,-2.4
19510,medium,1,8.0,25.0,3.9,A,13.8
19511,high,2,4.0,24.0,5.7,A,15.0
19512,high,1,10.0,14.0,8.0,C,10.4
19513,low,2,5.0,8.0,4.5,A,-100.0
19514,medium,4,2.0,0.0,7.7,C,-100.0
19515,none,1,5.0,0.0,9.9,C,-5.7
19516,none,0,11.0,18.0,3.2,C,-2.8
19517,low,2,10.0,1.0,9.2,A,-9.8
19518,low,0,6.0,25.0,5.7,C,15.0
19519,low,1,39.0,2.0,8.6,B,-11.4
19520,low,2,36.0,8.0,7.3,B,-8.2
19521,high,2,7.0,23.0,8.8,B,15.0
19522,low,3,12.0,22.0,10.0,C,15.0
19523,low,1,14.0,4.0,1.4,A,-100.0
19524,none,0,6.0,5.0,2.1,A,-100.0
19525,high,1,1.0,28.0,2.3,C,9.3
19526,low,1,9.0,45.0,9.9,A,15.0
19527,medium,0,19.0,23.0,8.2,D,15.0
19528,high,0,9.0,33.0,5.3,A,15.0
19529,medium,3,9.0,22.0,3.1,B,-2.1
19530,high,1,3.0,1.0,3.6,A,-100.0
19531,high,1,21.0,2.0,9.3,A,-8.8
19532,low,2,7.0,22.0,1.4,D,-8.3
19533,low,1,7.0,9.0,8.9,A,8.1
19534,low,2,15.0,16.0,1.4,A,-100.0
19535,high,0,5.0,45.0,9.9,A,15.0
19536,high,0,3.0,7.0,1.4,A,-100.0
19537,none,3,22.0,10.0,8.6,A,1.5
19538,,0,1.0,19.0,5.3,A,11.8
19539,high,2,9.0,14.0,8.1,A,8.5
19540,none,1,5.0,17.0,8.4,C,15.0
19541,medium,0,18.0,6.0,7.9,A,-2.6
19542,low,1,6.0,0.0,6.8,A,-100.0
19543,none,1,9.0,4.0,9.0,A,-2.6
19544,high,0,6.0,44.0,4.8,C,15.0
19545,medium,0,9.0,43.0,8.2,A,15.0
19546,high,2,30.0,10.0,2.8,C,-100.0
19547,low,2,2.0,15.0,5.0,A,-2.7
19548,medium,2,20.0,26.0,8.2,A,15.0
19549,none,3,10.0,18.0,9.9,A,15.0
19550,high,1,2.0,7.0,9.9,C,6.9
19551,medium,2,12.0,26.0,8.1,D,15.0
19552,high,3,10.0,6.0,2.8,C,-100.0
19553,high,1,3.0,19.0,8.9,C,15.0
19554,medium,0,3.0,3.0,1.0,A,-100.0
19555,high,1,3.0,6.0,4.6,A,-100.0
19556,high,1,5.0,1.0,8.6,D,-13.1
19557,high,1,11.0,0.0,9.2,D,-12.5
19558,none,3,18.0,4.0,8.1,A,-13.5
19559,,1,11.0,7.0,1.4,C,-100.0
19560,none,3,17.0,15.0,8.5,A,11.9
19561,low,2,7.0,6.0,8.9,C,-0.7
19562,low,1,3.0,2.0,5.7,A,-100.0
19563,low,3,2.0,4.0,5.6,A,-100.0
19564,low,4,9.0,12.0,3.4,A,-100.0
19565,high,2,4.0,14.0,4.1,A,-13.0
19566,medium,1,6.0,12.0,8.9,A,14.2
19567,high,0,3.0,1.0,4.7,A,-100.0
19568,medium,0,12.0,32.0,1.5,C,15.0
19569,none,1,4.0,6.0,1.6,A,-100.0
19570,low,2,5.0,4.0,9.5,D,-1.4
19571,high,0,17.0,8.0,9.6,A,8.4
19572,medium,1,26.0,5.0,8.6,C,-4.2
19573,none,2,11.0,2.0,9.6,A,-6.2
19574,medium,2,6.0,28.0,9.9,B,15.0
19575,medium,3,4.0,14.0,4.2,A,-12.3
19576,medium,1,7.0,13.0,1.3,A,-100.0
19577,low,0,3.0,8.0,1.2,A,-100.0
19578,none,2,6.0,14.0,1.3,C,-100.0
19579,medium,1,11.0,1.0,9.6,C,-5.6
19580,high,1,3.0,9.0,4.7,A,-17.6
19581,high,0,19.0,4.0,8.1,A,-8.5
19582,low,2,1.0,17.0,9.6,A,15.0
19583,low,3,16.0,22.0,4.8,A,7.0
19584,high,2,1.0,5.0,1.1,C,-100.0
19585,high,2,10.0,8.0,8.1,A,-4.2
19586,low,4,12.0,3.0,5.4,C,-100.0
19587,low,1,9.0,5.0,10.0,B,5.6
19588,medium,2,8.0,25.0,1.4,A,-2.5
19589,,1,19.0,39.0,6.4,D,15.0
19590,high,1,9.0,18.0,9.1,A,15.0
19591,low,2,8.0,3.0,7.0,A,
19592,medium,1,6.0,17.0,8.8,A,15.0
19593,low,1,10.0,0.0,3.4,A,-100.0
19594,none,2,4.0,3.0,7.6,A,-14.4
19595,medium,1,2.0,0.0,2.2,A,-100.0
19596,high,2,3.0,25.0,9.7,A,15.0
19597,low,2,8.0,6.0,6.4,A,-14.5
19598,none,1,15.0,2.0,9.4,C,-5.2
19599,low,0,7.0,2.0,3.0,C,-100.0
19600,none,1,5.0,10.0,9.1,A,10.9
19601,low,1,11.0,6.0,2.1,C,-100.0
19602,medium,1,7.0,2.0,5.8,A,-100.0
19603,high,2,6.0,21.0,8.2,A,15.0
19604,medium,2,8.0,21.0,8.4,A,15.0
19605,medium,2,17.0,14.0,9.3,A,15.0
19606,medium,0,14.0,36.0,9.3,A,15.0
19607,high,1,24.0,2.0,3.3,C,-100.0
19608,medium,1,7.0,2.0,9.0,A,-6.4
19609,medium,0,5.0,1.0,9.2,A,-4.7
19610,medium,2,21.0,6.0,7.2,A,-11.8
19611,high,1,11.0,35.0,4.7,D,15.0
19612,medium,1,16.0,50.0,2.3,C,15.0
19613,medium,1,9.0,17.0,4.5,A,0.2
19614,low,0,14.0,2.0,7.8,A,-10.8
19615,low,1,8.0,27.0,4.0,A,15.0
19616,medium,2,4.0,3.0,7.4,A,-15.3
19617,high,1,34.0,13.0,6.7,A,-1.3
19618,none,2,7.0,17.0,8.6,D,15.0
19619,low,2,11.0,1.0,5.7,A,-100.0
19620,medium,0,20.0,3.0,10.0,A,2.4
19621,high,0,9.0,19.0,8.8,A,15.0
19622,high,0,7.0,4.0,3.9,B,-100.0
19623,high,3,23.0,3.0,9.3,A,-11.9
19624,none,3,2.0,4.0,3.2,A,-100.0
19625,low,1,16.0,8.0,5.1,A,-15.8
19626,high,3,8.0,5.0,2.0,A,-100.0
19627,medium,3,9.0,6.0,4.1,A,-100.0
19628,low,0,7.0,17.0,6.0,B,11.5
19629,low,1,4.0,3.0,7.4,A,-12.4
19630,medium,4,13.0,23.0,4.1,A,2.7
19631,high,3,16.0,1.0,8.3,B,-100.0
19632,low,1,25.0,21.0,9.0,D,15.0
19633,low,0,4.0,6.0,2.4,B,-100.0
19634,none,3,11.0,9.0,6.4,A,-11.6
19635,medium,2,12.0,0.0,2.0,A,-100.0
19636,low,1,12.0,21.0,6.4,A,15.0
19637,medium,2,10.0,1.0,5.6,A,-100.0
19638,low,2,14.0,2.0,3.3,A,-100.0
19639,low,0,16.0,5.0,1.6,B,-100.0
19640,none,1,3.0,2.0,1.6,A,-100.0
19641,high,0,6.0,28.0,3.4,C,15.0
19642,high,2,17.0,1.0,4.5,A,-100.0
19643,medium,2,20.0,5.0,6.7,D,-16.5
19644,low,1,11.0,21.0,4.4,A,8.2
19645,low,1,5.0,24.0,4.3,B,14.5
19646,low,0,3.0,27.0,8.8,A,15.0
19647,medium,1,27.0,7.0,8.4,C,-1.2
19648,high,2,15.0,27.0,8.2,A,15.0
19649,high,3,7.0,1.0,1.8,A,-100.0
19650,high,1,21.0,3.0,4.3,A,-100.0
19651,low,5,5.0,5.0,9.6,A,-6.2
19652,high,1,4.0,10.0,8.2,A,3.7
19653,none,2,5.0,17.0,3.5,A,-7.7
19654,low,4,9.0,16.0,10.0,A,15.0
19655,none,3,5.0,21.0,1.9,A,-10.6
19656,low,1,2.0,3.0,7.6,C,-11.1
19657,low,1,6.0,11.0,3.3,A,-18.4
19658,high,1,5.0,39.0,9.6,C,15.0
19659,high,2,1.0,6.0,3.1,A,-100.0
19660,low,1,14.0,14.0,9.6,C,15.0
19661,low,1,9.0,0.0,8.1,A,-15.4
19662,high,1,8.0,1.0,9.3,A,-9.6
19663,low,2,7.0,10.0,8.4,A,5.0
19664,high,3,21.0,50.0,8.5,A,15.0
19665,low,0,10.0,3.0,2.8,A,-100.0
19666,low,2,8.0,2.0,3.4,A,-100.0
19667,high,2,2.0,3.0,1.9,A,-100.0
19668,low,4,10.0,1.0,9.3,C,-14.3
19669,high,1,13.0,12.0,8.1,C,6.4
19670,medium,1,10.0,24.0,7.7,C,15.0
19671,medium,2,8.0,8.0,9.3,D,5.3
19672,high,3,2.0,10.0,7.4,B,-5.5
19673,low,1,20.0,2.0,1.3,A,-100.0
19674,medium,2,4.0,11.0,3.0,B,-100.0
19675,none,0,18.0,3.0,9.3,A,-1.5
19676,high,1,8.0,21.0,8.0,A,15.0
19677,low,2,9.0,12.0,8.2,A,7.9
19678,none,2,12.0,1.0,7.2,A,-100.0
19679,medium,0,14.0,11.0,2.2,A,-100.0
19680,low,1,21.0,2.0,9.5,C,-4.7
19681,none,0,5.0,18.0,8.1,A,15.0
19682,none,1,3.0,31.0,1.7,C,14.5
19683,medium,3,19.0,17.0,6.1,A,2.9
19684,high,2,5.0,0.0,8.8,C,-16.6
19685,high,2,25.0,18.0,10.0,C,15.0
19686,high,2,4.0,5.0,9.3,C,-3.3
19687,low,3,11.0,19.0,1.5,A,-17.0
19688,medium,0,9.0,2.0,9.5,C,-1.4
19689,low,1,15.0,0.0,8.6,A,-13.2
19690,medium,5,4.0,2.0,1.6,B,-100.0
19691,none,1,15.0,1.0,2.7,A,-100.0
19692,high,3,8.0,5.0,8.2,A,-12.2
19693,none,1,14.0,35.0,2.6,B,15.0
19694,high,2,3.0,8.0,9.8,C,5.9
19695,high,1,7.0,3.0,2.2,C,-100.0
19696,high,0,10.0,2.0,8.4,C,-10.1
19697,medium,1,4.0,2.0,6.5,C,-19.9
19698,medium,0,6.0,15.0,2.9,C,-10.0
19699,low,1,5.0,45.0,2.9,B,15.0
19700,medium,3,3.0,6.0,8.0,A,-8.1
19701,high,0,9.0,7.0,8.1,A,-1.2
19702,high,4,12.0,1.0,7.6,A,-100.0
19703,low,3,11.0,8.0,9.4,A,3.4
19704,medium,2,8.0,42.0,3.6,A,15.0
19705,high,0,18.0,50.0,8.2,C,15.0
19706,low,1,4.0,12.0,3.3,B,-16.1
19707,none,2,7.0,7.0,8.2,A,-3.0
19708,,2,7.0,26.0,6.3,D,15.0
19709,medium,1,12.0,21.0,6.5,D,15.0
19710,low,2,7.0,39.0,8.1,A,15.0
19711,high,0,13.0,3.0,9.7,C,-1.2
19712,low,1,9.0,17.0,1.9,A,-13.8
19713,high,1,1.0,14.0,8.5,A,14.0
19714,low,0,3.0,8.0,8.2,D,5.1
19715,high,2,16.0,4.0,5.6,A,-100.0
19716,low,0,22.0,0.0,8.6,A,-11.4
19717,low,2,4.0,8.0,7.2,A,-5.5
19718,medium,0,18.0,2.0,8.7,A,-6.6
19719,medium,2,17.0,10.0,4.0,C,-100.0
19720,low,1,9.0,1.0,2.3,A,-100.0
19721,low,0,21.0,15.0,2.3,A,-14.5
19722,high,1,5.0,2.0,9.4,B,-6.6
19723,high,1,10.0,4.0,9.8,A,-0.7
19724,medium,0,5.0,0.0,3.0,A,-100.0
19725,high,3,23.0,5.0,2.2,A,-100.0
19726,high,2,13.0,10.0,2.4,C,-100.0
19727,low,3,3.0,18.0,3.9,B,-5.1
19728,medium,0,23.0,36.0,5.9,A,15.0
19729,none,1,4.0,3.0,8.8,D,-5.3
19730,high,1,3.0,6.0,2.2,A,-100.0
19731,low,1,4.0,7.0,4.5,A,-20.0
19732,,0,1.0,12.0,4.2,A,-8.9
19733,low,1,29.0,17.0,6.3,A,8.4
19734,high,2,17.0,0.0,9.1,A,-16.2
19735,medium,0,2.0,0.0,7.0,A,-18.6
19736,low,0,14.0,2.0,9.1,A,-3.7
19737,medium,3,20.0,10.0,2.5,C,-100.0
19738,low,3,10.0,8.0,5.3,A,-19.1
19739,low,0,5.0,50.0,2.0,B,15.0
19740,medium,3,4.0,14.0,9.6,B,15.0
19741,none,0,2.0,14.0,9.8,A,15.0
19742,high,2,4.0,11.0,2.3,D,-100.0
19743,medium,1,11.0,43.0,2.3,A,15.0
19744,low,1,8.0,10.0,9.0,A,10.7
19745,low,0,,10.0,8.7,C,
19746,high,1,24.0,6.0,8.3,A,-6.2
19747,medium,2,1.0,1.0,9.6,C,-7.1
19748,high,3,18.0,32.0,1.4,C,6.1
19749,high,2,13.0,5.0,8.0,C,-11.3
19750,high,1,7.0,10.0,7.2,A,-2.1
19751,high,4,4.0,15.0,7.9,A,5.0
19752,low,1,15.0,22.0,2.8,A,1.1
19753,medium,1,24.0,10.0,9.1,A,9.2
19754,high,2,6.0,26.0,9.6,B,15.0
19755,none,1,9.0,9.0,8.4,A,4.6
19756,medium,0,3.0,41.0,8.2,C,15.0
19757,low,1,18.0,1.0,9.9,A,-4.3
19758,low,2,13.0,1.0,3.2,A,-100.0
19759,none,1,2.0,21.0,2.0,A,-4.7
19760,low,0,15.0,4.0,7.2,C,-10.0
19761,,2,26.0,24.0,2.4,C,-1.1
19762,medium,2,8.0,10.0,7.9,A,1.8
19763,medium,1,6.0,6.0,9.1,A,2.7
19764,none,0,8.0,18.0,7.4,B,15.0
19765,high,1,6.0,14.0,1.1,A,-100.0
19766,none,1,12.0,6.0,4.6,C,-100.0
19767,high,1,12.0,12.0,7.9,A,5.4
19768,low,1,17.0,2.0,4.3,A,-100.0
19769,medium,3,2.0,19.0,1.4,A,-17.0
19770,medium,1,18.0,2.0,6.6,A,-100.0
19771,medium,1,8.0,7.0,5.1,A,-17.5
19772,low,2,14.0,5.0,1.5,B,-100.0
19773,low,3,15.0,4.0,9.3,A,-6.0
19774,low,1,11.0,11.0,2.4,A,-100.0
19775,low,0,5.0,8.0,9.7,A,13.1
19776,medium,0,3.0,17.0,5.4,A,8.2
19777,low,3,14.0,3.0,3.6,D,-100.0
19778,low,2,6.0,6.0,8.5,A,-2.8
19779,medium,2,10.0,26.0,1.2,D,-1.7
19780,medium,1,7.0,5.0,3.5,D,-100.0
19781,high,0,2.0,17.0,6.6,C,12.3
19782,low,0,9.0,8.0,9.3,A,10.5
19783,medium,1,10.0,43.0,3.6,A,15.0
19784,none,0,3.0,13.0,8.5,A,15.0
19785,high,1,4.0,50.0,10.0,A,15.0
19786,none,0,8.0,7.0,10.0,A,11.8
19787,none,2,7.0,20.0,7.6,C,15.0
19788,,3,11.0,5.0,3.3,B,-100.0
19789,low,0,10.0,6.0,4.6,A,-19.6
19790,low,5,6.0,10.0,4.6,A,-100.0
19791,low,1,5.0,0.0,5.9,A,-100.0
19792,high,0,32.0,6.0,8.9,A,-1.2
19793,high,1,5.0,12.0,2.8,C,-100.0
19794,medium,1,15.0,13.0,6.5,A,2.1
19795,none,2,4.0,1.0,5.5,D,-100.0
19796,medium,0,1.0,24.0,5.0,A,15.0
19797,none,1,19.0,10.0,3.2,A,-100.0
19798,medium,2,13.0,34.0,2.8,A,15.0
19799,high,0,3.0,9.0,8.9,A,8.0
19800,high,1,20.0,37.0,7.5,A,15.0
19801,none,0,7.0,1.0,4.3,A,-100.0
19802,medium,2,6.0,19.0,8.6,A,15.0
19803,none,0,6.0,9.0,3.8,A,-17.9
19804,low,3,14.0,7.0,1.8,A,-100.0
19805,high,2,4.0,9.0,8.7,A,1.8
19806,high,0,21.0,6.0,9.1,A,1.0
19807,high,0,16.0,28.0,9.9,A,15.0
19808,medium,4,8.0,50.0,9.3,A,15.0
19809,medium,0,5.0,5.0,8.8,C,1.5
19810,none,3,21.0,10.0,4.6,C,-100.0
19811,low,1,,48.0,3.8,C,
19812,high,3,2.0,3.0,7.0,A,-100.0
19813,medium,0,3.0,2.0,4.7,A,-100.0
19814,medium,0,9.0,10.0,2.0,A,-100.0
19815,high,1,25.0,10.0,4.5,B,-18.8
19816,medium,0,6.0,26.0,9.4,A,15.0
19817,medium,2,1.0,8.0,8.6,A,2.1
19818,medium,2,25.0,1.0,3.7,A,-100.0
19819,none,1,36.0,5.0,3.3,A,-100.0
19820,,0,11.0,12.0,2.1,C,-100.0
19821,medium,2,11.0,39.0,2.6,A,15.0
19822,none,4,16.0,4.0,9.3,A,-9.2
19823,high,2,5.0,2.0,5.7,A,-100.0
19824,medium,1,5.0,4.0,1.5,B,-100.0
19825,medium,4,9.0,1.0,2.5,A,-100.0
19826,high,2,8.0,2.0,2.4,C,-100.0
19827,low,0,10.0,28.0,8.2,A,15.0
19828,none,3,4.0,6.0,9.9,A,2.0
19829,medium,0,3.0,4.0,4.6,A,-100.0
19830,none,1,16.0,50.0,8.8,A,15.0
19831,medium,2,10.0,11.0,1.1,A,-100.0
19832,low,2,3.0,2.0,8.8,A,-9.2
19833,none,1,4.0,6.0,8.2,A,-2.3
19834,low,4,7.0,10.0,8.2,A,-1.1
19835,low,1,40.0,3.0,2.1,A,-100.0
19836,high,0,5.0,5.0,7.6,A,-7.7
19837,high,1,7.0,5.0,6.8,C,-14.8
19838,low,1,5.0,16.0,8.3,B,15.0
19839,high,2,13.0,24.0,1.6,A,-6.6
19840,medium,1,3.0,23.0,6.5,A,15.0
19841,high,3,3.0,13.0,2.6,A,-100.0
19842,high,4,13.0,4.0,8.2,A,-17.3
19843,high,1,8.0,4.0,6.2,A,-100.0
19844,medium,1,12.0,12.0,3.8,C,-14.5
19845,low,3,13.0,20.0,8.5,A,15.0
19846,low,2,13.0,1.0,4.6,A,-100.0
19847,low,1,5.0,2.0,3.6,C,-100.0
19848,high,3,7.0,25.0,7.4,A,15.0
19849,low,0,18.0,1.0,9.6,A,-3.4
19850,high,2,12.0,27.0,9.3,A,15.0
19851,low,5,3.0,33.0,9.3,B,15.0
19852,high,2,13.0,17.0,3.2,B,-12.5
19853,medium,1,6.0,34.0,3.3,A,15.0
19854,medium,1,6.0,1.0,8.2,A,-12.8
19855,high,2,15.0,5.0,8.2,A,-10.4
19856,low,3,6.0,1.0,1.5,C,-100.0
19857,low,1,10.0,6.0,8.5,A,-0.7
19858,none,1,15.0,10.0,8.7,C,7.7
19859,high,4,5.0,24.0,9.4,A,15.0
19860,high,1,10.0,5.0,7.7,A,-10.2
19861,medium,4,9.0,4.0,1.9,A,-100.0
19862,low,3,4.0,3.0,2.7,A,-100.0
19863,high,3,17.0,31.0,6.8,A,15.0
19864,medium,3,16.0,12.0,9.8,A,13.1
19865,high,0,13.0,11.0,5.8,A,-5.8
19866,low,0,12.0,1.0,7.5,A,-14.4
19867,low,2,5.0,2.0,4.5,B,-100.0
19868,high,0,20.0,7.0,8.1,A,-2.3
19869,low,2,21.0,31.0,3.7,B,15.0
19870,low,1,7.0,17.0,8.3,A,15.0
19871,low,0,9.0,18.0,5.2,C,9.0
19872,medium,0,7.0,46.0,8.5,A,15.0
19873,low,2,4.0,6.0,2.2,B,-100.0
19874,low,2,31.0,18.0,9.8,A,15.0
19875,none,3,5.0,7.0,8.1,A,-5.9
19876,none,2,6.0,1.0,1.6,C,-100.0
19877,medium,1,12.0,6.0,7.1,A,-9.0
19878,high,2,4.0,18.0,3.6,A,-7.3
19879,medium,2,34.0,14.0,7.2,A,3.7
19880,high,1,8.0,17.0,9.0,D,15.0
19881,low,2,3.0,1.0,6.1,A,-100.0
19882,medium,4,8.0,1.0,2.0,A,-100.0
19883,none,1,5.0,2.0,4.1,A,-100.0
19884,low,0,23.0,4.0,9.7,A,2.9
19885,low,1,7.0,11.0,4.2,A,-13.5
19886,high,2,20.0,3.0,8.8,A,-11.8
19887,high,1,7.0,16.0,8.5,C,15.0
19888,medium,1,1.0,21.0,8.4,C,15.0
19889,none,3,4.0,1.0,9.1,A,-12.9
19890,high,3,2.0,2.0,2.6,A,-100.0
19891,low,1,6.0,5.0,9.8,A,4.8
19892,high,1,13.0,50.0,9.3,A,15.0
19893,high,1,10.0,8.0,7.8,A,-3.3
19894,high,1,11.0,1.0,8.6,B,-13.7
19895,high,0,9.0,6.0,9.7,A,5.5
19896,low,1,9.0,8.0,9.3,A,8.0
19897,none,2,31.0,32.0,3.1,A,15.0
19898,medium,3,6.0,3.0,3.2,A,-100.0
19899,high,2,5.0,24.0,9.2,C,15.0
19900,low,1,8.0,22.0,2.2,A,-1.5
19901,low,2,13.0,5.0,1.1,A,-100.0
19902,high,1,8.0,9.0,8.5,A,2.8
19903,low,1,3.0,28.0,6.4,C,15.0
19904,high,3,5.0,18.0,9.3,A,15.0
19905,high,1,9.0,1.0,8.6,C,-13.5
19906,high,1,13.0,27.0,3.1,A,10.4
19907,medium,2,17.0,7.0,4.8,D,-100.0
19908,low,0,12.0,17.0,8.3,A,15.0
19909,medium,0,16.0,50.0,3.9,A,15.0
19910,low,3,3.0,12.0,8.1,A,5.4
19911,low,1,2.0,1.0,9.1,A,-7.1
19912,high,2,4.0,8.0,7.3,A,-8.0
19913,medium,0,17.0,32.0,8.3,A,15.0
19914,high,0,20.0,3.0,5.2,C,-100.0
19915,none,2,1.0,9.0,9.6,C,9.5
19916,low,2,10.0,9.0,5.3,A,-14.5
19917,none,1,6.0,2.0,9.9,A,-1.6
19918,none,3,10.0,41.0,1.2,B,15.0
19919,high,0,6.0,15.0,3.3,B,-10.5
19920,low,0,11.0,6.0,2.5,A,-100.0
19921,low,0,13.0,15.0,5.0,C,1.2
19922,medium,2,4.0,3.0,1.9,B,-100.0
19923,high,0,2.0,6.0,2.1,A,-100.0
19924,medium,1,1.0,14.0,1.7,C,-100.0
19925,medium,1,9.0,15.0,2.8,A,-13.4
19926,none,0,14.0,10.0,4.3,A,-13.9
19927,high,0,4.0,32.0,7.4,A,15.0
19928,medium,1,6.0,31.0,6.8,A,15.0
19929,medium,3,9.0,2.0,5.0,C,-100.0
19930,low,2,10.0,4.0,2.6,C,-100.0
19931,medium,0,0.0,8.0,5.3,C,-11.0
19932,none,4,8.0,6.0,8.3,C,-9.7
19933,,3,9.0,27.0,8.8,A,15.0
19934,medium,0,3.0,21.0,9.3,A,15.0
19935,medium,1,11.0,4.0,4.7,A,-100.0
19936,medium,2,5.0,3.0,2.3,B,-100.0
19937,none,1,8.0,6.0,9.7,C,5.5
19938,none,2,13.0,17.0,9.1,C,15.0
19939,high,2,2.0,14.0,2.3,A,-100.0
19940,low,0,2.0,19.0,4.6,A,8.5
19941,none,2,13.0,5.0,8.7,D,-5.1
19942,low,1,14.0,2.0,7.9,C,-12.8
19943,medium,1,4.0,10.0,8.1,A,5.8
19944,high,2,4.0,13.0,1.5,A,-100.0
19945,low,1,19.0,15.0,6.1,A,4.1
19946,low,1,4.0,1.0,3.1,A,-100.0
19947,medium,2,2.0,8.0,1.7,A,-100.0
19948,high,1,6.0,11.0,9.6,C,13.3
19949,medium,0,19.0,16.0,8.8,A,15.0
19950,none,0,18.0,2.0,8.1,C,-10.2
19951,medium,0,3.0,0.0,9.3,A,-6.0
19952,high,2,15.0,4.0,9.3,C,-6.5
19953,low,2,4.0,3.0,1.5,A,-100.0
19954,none,2,8.0,50.0,8.5,D,15.0
19955,low,0,16.0,0.0,5.4,A,-100.0
19956,medium,1,12.0,38.0,2.1,C,15.0
19957,medium,0,22.0,16.0,3.9,C,-4.1
19958,medium,1,,9.0,9.6,C,
19959,high,2,1.0,8.0,7.7,A,-5.5
19960,low,1,17.0,17.0,9.8,A,15.0
19961,high,1,5.0,12.0,1.9,A,-100.0
19962,high,2,13.0,24.0,2.7,C,-0.6
19963,medium,2,17.0,27.0,9.7,A,15.0
19964,,3,17.0,15.0,9.8,A,15.0
19965,high,4,3.0,6.0,8.1,A,-12.7
19966,none,2,3.0,23.0,9.1,A,15.0
19967,low,2,5.0,28.0,2.7,A,11.6
19968,medium,3,10.0,5.0,1.6,A,-100.0
19969,high,2,1.0,14.0,4.9,B,-8.3
19970,medium,4,4.0,14.0,2.5,A,-100.0
19971,none,1,22.0,3.0,3.0,A,-100.0
19972,none,1,4.0,3.0,7.8,A,-10.8
19973,high,0,2.0,4.0,8.6,A,-4.0
19974,none,0,3.0,6.0,2.2,C,-100.0
19975,high,2,20.0,14.0,1.8,A,-100.0
19976,high,3,7.0,8.0,1.5,A,-100.0
19977,medium,3,20.0,14.0,2.0,A,-100.0
19978,high,1,7.0,14.0,5.2,C,-4.7
19979,low,0,2.0,13.0,2.2,B,-17.3
19980,medium,0,11.0,12.0,7.6,A,9.0
19981,none,0,7.0,19.0,2.5,A,-4.2
19982,high,0,7.0,50.0,7.7,A,15.0
19983,low,1,6.0,4.0,8.5,B,-4.5
19984,low,4,4.0,21.0,7.7,A,15.0
19985,high,0,12.0,11.0,4.5,A,-12.9
19986,none,1,16.0,4.0,8.8,A,-4.4
19987,medium,3,4.0,1.0,4.3,B,-100.0
19988,low,2,6.0,22.0,4.8,C,10.5
19989,none,3,6.0,29.0,7.5,A,15.0
19990,low,3,1.0,2.0,6.2,A,-100.0
19991,none,1,0.0,5.0,9.4,A,2.6
19992,none,0,4.0,4.0,3.5,A,-100.0
19993,low,1,7.0,15.0,9.1,A,15.0
19994,high,6,15.0,1.0,3.7,A,-100.0
19995,low,1,20.0,3.0,8.6,A,-7.4
19996,low,1,4.0,2.0,2.5,A,-100.0
19997,high,1,12.0,42.0,8.8,B,15.0
19998,none,1,15.0,10.0,8.3,B,5.5
19999,low,0,22.0,32.0,4.1,A,15.0
20000,none,1,7.0,1.0,2.7,C,-100.0
