Employee_ID,Supervisor_Complaints,Peer_Complaints,Years_Experience,Training_Hours,Customer_Satisfaction,Department,Salary_Increment_%
1,none,0,3.0,11.0,8.6,A,15.0
2,high,0,8.0,1.0,2.2,C,-100.0
3,none,1,11.0,5.0,1.6,C,-100.0
4,medium,1,21.0,1.0,7.4,A,-11.8
5,high,0,21.0,34.0,8.7,A,15.0
6,high,1,5.0,7.0,3.9,A,-19.5
7,medium,1,8.0,1.0,1.4,A,-100.0
8,none,1,6.0,0.0,8.2,A,-8.2
9,high,0,7.0,11.0,5.0,A,-5.1
10,medium,1,3.0,12.0,1.9,B,-17.1
11,high,0,10.0,6.0,4.2,A,-100.0
12,none,4,10.0,15.0,9.1,C,15.0
13,high,1,17.0,37.0,7.6,C,15.0
14,high,0,3.0,4.0,3.6,A,-100.0
15,high,4,11.0,0.0,4.6,C,-100.0
16,high,1,25.0,3.0,1.4,A,-100.0
17,high,4,8.0,2.0,8.7,A,-4.2
18,medium,2,5.0,2.0,8.9,A,0.1
19,high,2,3.0,1.0,4.5,A,-100.0
20,low,0,10.0,4.0,2.9,C,-100.0
21,low,2,17.0,19.0,3.3,A,4.1
22,low,5,4.0,12.0,6.1,A,5.8
23,high,1,11.0,10.0,3.0,C,-18.7
24,high,1,4.0,7.0,5.0,A,-13.3
25,medium,1,11.0,2.0,8.8,A,-1.0
26,low,2,5.0,6.0,9.1,A,9.9
27,low,2,13.0,16.0,3.4,A,-1.2
28,low,2,12.0,12.0,8.7,B,15.0
29,low,1,24.0,7.0,1.5,C,-100.0
30,high,0,5.0,3.0,9.8,A,4.7
31,medium,1,24.0,8.0,1.1,C,-100.0
32,high,1,12.0,18.0,1.3,A,-11.4
33,high,3,7.0,4.0,2.6,A,-100.0
34,high,3,15.0,32.0,2.8,A,15.0
35,low,0,13.0,14.0,5.1,C,4.1
36,medium,0,2.0,20.0,4.4,A,13.6
37,medium,2,3.0,7.0,8.2,A,6.9
38,low,1,13.0,8.0,9.2,C,14.0
39,none,2,5.0,13.0,1.8,A,-16.1
40,low,0,3.0,43.0,2.4,A,15.0
41,low,1,12.0,25.0,9.6,D,15.0
42,none,1,3.0,4.0,3.3,A,-100.0
43,high,1,11.0,5.0,1.9,A,-100.0
44,high,4,25.0,20.0,9.0,A,15.0
45,high,1,8.0,0.0,8.5,A,-9.2
46,medium,1,24.0,3.0,3.0,A,-100.0
47,high,1,4.0,8.0,6.0,A,-5.7
48,high,0,11.0,3.0,9.6,A,3.0
49,medium,0,6.0,11.0,5.0,D,-2.4
50,medium,3,1.0,10.0,9.4,A,15.0
51,medium,1,9.0,22.0,3.0,A,9.3
52,high,1,4.0,34.0,1.4,A,15.0
53,low,1,4.0,13.0,8.3,D,15.0
54,medium,2,12.0,19.0,2.0,A,-2.9
55,low,1,4.0,3.0,8.8,C,2.2
56,high,0,8.0,16.0,8.9,A,15.0
57,low,1,2.0,0.0,6.7,A,-15.5
58,low,0,3.0,2.0,3.1,A,-100.0
59,low,1,3.0,39.0,3.1,A,15.0
60,high,0,11.0,10.0,8.6,A,12.2
61,high,1,12.0,32.0,8.6,C,15.0
62,low,4,12.0,8.0,8.3,A,8.8
63,none,0,2.0,27.0,9.1,A,15.0
64,none,3,7.0,1.0,9.1,A,-1.5
65,high,2,9.0,24.0,3.7,A,14.6
66,none,3,5.0,18.0,8.2,A,15.0
67,medium,0,6.0,1.0,8.3,A,-5.2
68,high,3,6.0,6.0,7.0,B,-4.8
69,low,2,3.0,4.0,9.1,A,5.9
70,none,2,19.0,1.0,8.5,A,-5.9
71,low,3,17.0,19.0,5.9,A,15.0
72,medium,2,7.0,4.0,3.9,A,-100.0
73,medium,1,3.0,5.0,3.7,A,-100.0
74,low,3,7.0,9.0,8.9,C,14.8
75,medium,1,1.0,17.0,8.9,B,15.0
76,medium,0,7.0,8.0,1.9,C,-100.0
77,low,2,14.0,8.0,3.5,B,-17.6
78,low,0,14.0,4.0,8.6,A,2.3
79,none,0,7.0,15.0,3.7,A,-1.5
80,high,1,30.0,12.0,9.4,B,15.0
81,none,2,11.0,25.0,7.5,A,15.0
82,high,4,5.0,9.0,4.5,A,-12.3
83,high,0,3.0,23.0,9.8,A,15.0
84,low,3,16.0,20.0,2.3,D,0.7
85,low,0,,7.0,9.7,C,
86,medium,0,17.0,11.0,8.6,A,15.0
87,high,0,14.0,11.0,10.0,A,15.0
88,low,0,3.0,0.0,1.5,A,-100.0
89,medium,3,6.0,6.0,5.6,A,-9.9
90,high,3,5.0,9.0,9.4,A,14.8
91,high,1,16.0,6.0,5.9,A,-11.7
92,low,0,10.0,9.0,9.3,A,15.0
93,low,5,12.0,1.0,9.5,B,0.6
94,low,1,11.0,18.0,5.5,A,14.8
95,high,0,39.0,13.0,1.8,A,-100.0
96,high,2,12.0,3.0,5.4,A,-100.0
97,medium,1,3.0,1.0,2.7,A,-100.0
98,high,1,7.0,10.0,6.3,B,-0.2
99,low,0,6.0,44.0,9.3,A,15.0
100,high,2,11.0,12.0,5.6,A,-0.3
101,none,0,6.0,5.0,8.9,A,6.2
102,none,1,21.0,21.0,7.9,D,15.0
103,low,2,11.0,17.0,5.5,C,12.6
104,high,3,2.0,6.0,3.4,C,-100.0
105,medium,3,3.0,2.0,9.3,A,2.4
106,high,3,4.0,8.0,9.8,C,15.0
107,low,0,11.0,7.0,8.2,A,6.7
108,high,1,13.0,26.0,9.8,A,15.0
109,low,2,9.0,0.0,9.7,A,0.2
110,low,3,2.0,6.0,4.6,C,-14.6
111,high,0,4.0,2.0,8.6,A,-3.9
112,high,3,2.0,3.0,8.0,A,-5.2
113,low,3,3.0,50.0,3.4,A,15.0
114,low,0,4.0,10.0,6.7,A,5.4
115,low,0,10.0,10.0,2.9,A,-16.1
116,none,1,2.0,5.0,2.0,A,-100.0
117,high,1,7.0,19.0,3.0,A,0.6
118,high,2,9.0,31.0,3.5,B,15.0
119,medium,2,5.0,10.0,6.2,D,2.0
120,medium,2,2.0,16.0,1.7,C,-9.9
121,high,2,,41.0,6.2,C,
122,none,1,10.0,1.0,9.6,A,1.2
123,high,0,4.0,4.0,8.4,A,-0.8
124,low,1,4.0,2.0,5.4,A,-18.6
125,low,0,7.0,16.0,8.6,A,15.0
126,low,0,18.0,23.0,1.3,A,1.6
127,medium,2,11.0,4.0,9.0,A,4.2
128,medium,2,4.0,28.0,9.2,C,15.0
129,high,1,6.0,4.0,8.6,A,-0.0
130,low,1,1.0,14.0,3.0,A,-6.3
131,high,1,5.0,13.0,4.6,C,-3.0
132,low,2,2.0,2.0,8.9,A,0.7
133,high,0,4.0,17.0,8.9,C,15.0
134,,0,4.0,0.0,1.4,A,-100.0
135,medium,0,11.0,10.0,9.8,A,15.0
136,none,1,3.0,19.0,3.1,A,3.9
137,medium,2,1.0,3.0,8.6,A,0.9
138,high,3,4.0,10.0,8.2,B,10.4
139,high,0,23.0,2.0,8.9,C,-4.2
140,none,1,15.0,32.0,3.2,A,15.0
141,high,2,3.0,36.0,4.6,A,15.0
142,low,2,12.0,10.0,4.7,A,-6.6
143,high,2,15.0,3.0,3.7,B,-100.0
144,medium,0,20.0,1.0,9.6,C,0.5
145,none,2,11.0,9.0,9.2,C,15.0
146,low,0,25.0,7.0,8.3,A,5.8
147,low,0,1.0,29.0,1.8,A,15.0
148,low,3,13.0,3.0,8.4,A,-1.1
149,high,0,10.0,4.0,4.8,A,-100.0
150,high,0,22.0,20.0,6.1,D,15.0
151,low,5,4.0,21.0,9.1,A,15.0
152,none,2,7.0,11.0,8.5,A,15.0
153,low,2,11.0,38.0,9.5,A,15.0
154,low,1,9.0,14.0,8.0,A,15.0
155,low,1,8.0,11.0,8.8,A,15.0
156,low,5,3.0,10.0,8.8,A,15.0
157,high,6,13.0,6.0,1.2,C,-100.0
158,none,1,10.0,1.0,1.1,A,-100.0
159,medium,2,10.0,2.0,9.5,A,2.8
160,none,0,7.0,35.0,9.2,A,15.0
161,high,2,5.0,10.0,2.0,A,-100.0
162,medium,2,15.0,6.0,9.8,B,12.4
163,high,1,5.0,43.0,8.7,A,15.0
164,high,1,17.0,12.0,9.0,A,15.0
165,none,2,22.0,21.0,1.5,A,-2.7
166,medium,1,13.0,2.0,4.3,A,-100.0
167,medium,1,5.0,4.0,9.1,C,5.5
168,low,1,1.0,27.0,4.1,A,15.0
169,high,0,1.0,2.0,2.2,C,-100.0
170,high,1,0.0,11.0,9.7,A,15.0
171,high,0,9.0,30.0,6.7,A,15.0
172,none,4,10.0,4.0,2.0,A,-100.0
173,high,2,3.0,2.0,1.6,B,-100.0
174,medium,0,8.0,6.0,1.2,C,-100.0
175,,4,12.0,22.0,9.2,C,15.0
176,low,0,16.0,13.0,4.8,A,0.1
177,medium,0,11.0,35.0,9.8,A,15.0
178,high,3,11.0,4.0,8.9,A,0.9
179,high,0,12.0,5.0,9.4,A,6.0
180,none,1,4.0,1.0,8.3,A,-5.4
181,low,2,11.0,14.0,3.1,C,-6.9
182,medium,2,4.0,9.0,8.1,A,10.5
183,medium,3,4.0,1.0,4.5,A,-100.0
184,none,0,19.0,6.0,7.8,B,1.0
185,none,1,11.0,1.0,1.2,A,-100.0
186,low,0,9.0,6.0,8.2,A,4.8
187,high,3,9.0,11.0,1.0,C,-100.0
188,low,1,14.0,28.0,7.5,A,15.0
189,high,2,1.0,5.0,2.9,A,-100.0
190,medium,0,11.0,1.0,9.9,A,3.1
191,medium,2,13.0,35.0,3.9,A,15.0
192,high,1,7.0,20.0,3.4,D,4.9
193,medium,0,6.0,3.0,8.3,A,-1.0
194,medium,2,3.0,4.0,1.5,B,-100.0
195,none,0,4.0,16.0,8.3,B,15.0
196,high,2,26.0,3.0,5.5,A,-100.0
197,none,2,3.0,16.0,4.5,C,5.2
198,none,2,7.0,19.0,9.6,B,15.0
199,high,4,7.0,10.0,3.0,A,-18.6
200,high,2,11.0,2.0,8.8,A,-3.7
201,medium,0,15.0,1.0,9.0,C,-2.3
202,medium,0,11.0,13.0,3.2,C,-8.6
203,high,3,8.0,5.0,3.0,B,-100.0
204,medium,3,10.0,6.0,3.5,A,-100.0
205,low,0,9.0,1.0,7.0,C,-12.3
206,none,2,11.0,12.0,9.9,A,15.0
207,high,0,23.0,15.0,8.2,A,15.0
208,high,2,6.0,2.0,6.5,A,-15.9
209,low,1,5.0,28.0,1.9,A,15.0
210,low,1,2.0,7.0,7.7,A,4.7
211,medium,2,,9.0,7.3,C,
212,low,1,31.0,29.0,6.3,C,15.0
213,low,0,7.0,18.0,4.7,A,10.9
214,low,1,24.0,17.0,2.8,A,-3.4
215,medium,1,18.0,9.0,9.4,C,15.0
216,high,6,9.0,10.0,6.2,B,-1.4
217,medium,3,,13.0,2.6,C,
218,medium,0,3.0,9.0,3.8,A,-12.9
219,medium,2,9.0,1.0,4.2,C,-100.0
220,high,3,7.0,38.0,9.0,B,15.0
221,high,1,10.0,8.0,3.3,A,-100.0
222,high,1,10.0,22.0,7.3,A,15.0
223,medium,0,9.0,0.0,5.3,C,-100.0
224,none,4,8.0,4.0,9.2,A,5.2
225,low,0,14.0,21.0,4.7,A,15.0
226,high,1,13.0,12.0,7.9,A,12.2
227,,2,7.0,25.0,4.0,A,15.0
228,medium,2,2.0,8.0,3.0,A,-19.5
229,medium,0,21.0,31.0,1.1,B,15.0
230,high,0,5.0,21.0,8.0,C,15.0
231,high,3,18.0,28.0,7.7,A,15.0
232,low,2,9.0,29.0,6.5,A,15.0
233,medium,2,8.0,0.0,9.3,A,-2.3
234,none,2,8.0,4.0,4.3,A,-100.0
235,low,1,19.0,21.0,8.1,A,15.0
236,medium,1,12.0,12.0,3.5,B,-9.3
237,,1,23.0,8.0,4.1,A,-15.7
238,medium,1,4.0,14.0,8.2,C,15.0
239,medium,1,17.0,10.0,6.0,A,-0.2
240,medium,1,1.0,18.0,9.7,A,15.0
241,low,0,5.0,8.0,6.9,C,2.2
242,high,0,11.0,1.0,3.7,C,-100.0
243,high,1,13.0,12.0,2.9,A,-15.3
244,low,2,7.0,19.0,2.7,C,1.8
245,high,2,14.0,1.0,3.7,A,-100.0
246,none,0,11.0,19.0,9.8,A,15.0
247,medium,2,5.0,37.0,9.5,C,15.0
248,low,1,10.0,5.0,7.0,C,-4.1
249,high,4,12.0,14.0,8.5,A,15.0
250,medium,0,4.0,1.0,3.4,C,-100.0
251,medium,0,12.0,16.0,7.2,B,15.0
252,medium,1,13.0,5.0,5.3,C,-14.1
253,medium,2,7.0,2.0,9.7,A,4.3
254,low,2,,2.0,9.8,C,
255,high,0,15.0,3.0,6.3,D,-15.6
256,none,2,6.0,2.0,9.6,A,3.6
257,high,2,13.0,20.0,9.7,C,15.0
258,high,3,6.0,21.0,9.0,A,15.0
259,low,0,3.0,9.0,9.4,A,15.0
260,low,1,9.0,3.0,4.3,A,-100.0
261,low,0,25.0,0.0,5.6,A,-100.0
262,none,2,10.0,9.0,8.3,A,10.7
263,low,5,14.0,15.0,3.8,A,-1.5
264,none,1,15.0,34.0,8.4,A,15.0
265,medium,1,14.0,7.0,8.4,A,7.0
266,low,1,4.0,8.0,3.0,A,-19.2
267,high,0,23.0,31.0,8.3,A,15.0
268,none,3,6.0,26.0,4.1,C,15.0
269,low,1,7.0,10.0,8.2,D,13.3
270,low,1,6.0,16.0,,D,
271,high,0,5.0,19.0,3.4,C,3.1
272,medium,2,2.0,15.0,9.0,A,15.0
273,low,3,4.0,2.0,7.5,A,-7.3
274,medium,2,10.0,3.0,6.4,A,-12.1
275,low,4,5.0,9.0,1.0,A,-100.0
276,low,3,7.0,16.0,8.2,A,15.0
277,high,3,14.0,7.0,3.0,A,-100.0
278,high,1,4.0,4.0,3.6,A,-100.0
279,none,4,5.0,17.0,2.0,D,-6.8
280,low,2,7.0,19.0,10.0,A,15.0
281,high,1,21.0,8.0,2.9,D,-100.0
282,none,1,10.0,0.0,7.8,A,-10.8
283,none,4,10.0,9.0,9.6,A,15.0
284,medium,0,15.0,39.0,8.7,B,15.0
285,medium,4,17.0,27.0,8.7,B,15.0
286,none,1,20.0,1.0,4.8,A,-100.0
287,low,1,4.0,3.0,8.8,A,2.2
288,low,1,4.0,6.0,8.6,A,7.4
289,low,0,9.0,22.0,1.3,A,0.4
290,none,1,2.0,2.0,5.1,A,-100.0
291,high,2,5.0,1.0,9.5,D,-1.4
292,high,0,22.0,7.0,6.8,A,-5.1
293,low,3,5.0,27.0,5.5,A,15.0
294,none,0,8.0,22.0,9.8,A,15.0
295,high,0,4.0,7.0,9.5,A,11.5
296,low,2,19.0,9.0,9.4,C,15.0
297,medium,3,4.0,16.0,8.6,B,15.0
298,high,2,7.0,37.0,9.1,A,15.0
299,high,2,10.0,23.0,3.4,A,10.8
300,medium,1,3.0,4.0,6.4,C,-9.2
301,medium,0,17.0,7.0,4.4,A,-15.2
302,low,5,14.0,2.0,7.3,C,-9.6
303,medium,3,12.0,0.0,4.7,A,-100.0
304,low,4,21.0,4.0,1.5,A,-100.0
305,high,4,6.0,13.0,6.7,A,8.1
306,high,2,19.0,8.0,9.0,A,9.2
307,high,0,,0.0,3.8,C,
308,medium,2,3.0,12.0,4.0,A,-5.7
309,high,2,13.0,4.0,5.8,A,-16.2
310,none,1,6.0,5.0,8.7,C,5.0
311,low,0,4.0,16.0,1.4,C,-11.1
312,low,2,7.0,6.0,8.5,A,6.4
313,low,2,14.0,4.0,5.2,C,-16.6
314,medium,3,4.0,13.0,8.2,A,15.0
315,high,0,24.0,9.0,9.7,A,14.8
316,high,2,4.0,13.0,7.1,A,10.7
317,medium,1,19.0,15.0,1.6,B,-14.1
318,none,1,14.0,4.0,4.0,A,-100.0
319,low,1,25.0,11.0,5.3,A,-2.4
320,none,2,4.0,13.0,2.6,A,-11.6
321,high,2,7.0,31.0,7.3,A,15.0
322,none,3,9.0,12.0,6.2,B,5.5
323,medium,2,20.0,2.0,8.9,A,-1.5
324,high,2,1.0,28.0,10.0,D,15.0
325,low,0,2.0,3.0,3.2,A,-100.0
326,high,2,5.0,7.0,6.2,A,-6.9
327,low,1,3.0,11.0,3.1,A,-12.3
328,none,2,22.0,2.0,3.2,A,-100.0
329,low,0,11.0,9.0,4.0,A,-12.2
330,,2,8.0,2.0,7.8,A,-6.5
331,low,1,19.0,50.0,3.7,C,15.0
332,,2,11.0,7.0,4.7,B,-13.4
333,medium,1,11.0,3.0,9.7,C,6.0
334,none,3,17.0,5.0,4.2,A,-100.0
335,medium,1,2.0,6.0,8.6,B,7.2
336,,0,8.0,23.0,1.5,B,3.1
337,low,1,11.0,11.0,8.2,A,15.0
338,low,2,19.0,30.0,5.6,C,15.0
339,medium,2,6.0,8.0,9.6,A,15.0
340,low,0,6.0,8.0,8.5,B,10.9
341,high,1,9.0,3.0,9.3,A,1.4
342,high,2,7.0,1.0,4.5,A,-100.0
343,high,1,9.0,2.0,9.1,A,
344,high,0,14.0,32.0,4.3,B,15.0
345,high,0,4.0,14.0,3.2,A,-8.4
346,low,2,29.0,20.0,8.3,C,15.0
347,medium,3,7.0,28.0,1.1,A,11.4
348,high,4,28.0,31.0,1.9,C,15.0
349,high,1,2.0,23.0,8.2,C,15.0
350,none,3,9.0,4.0,4.1,A,-100.0
351,,2,12.0,8.0,7.1,A,1.8
352,low,3,11.0,5.0,9.8,A,11.0
353,low,1,,16.0,8.4,C,
354,medium,1,7.0,20.0,3.8,A,9.7
355,high,5,3.0,6.0,4.5,A,-18.5
356,none,0,9.0,10.0,2.6,C,-18.2
357,none,0,2.0,9.0,8.4,A,12.3
358,high,3,4.0,9.0,7.4,A,3.9
359,medium,3,40.0,39.0,8.8,A,15.0
360,low,2,8.0,5.0,9.3,C,8.6
361,medium,2,30.0,16.0,4.2,A,1.1
362,medium,3,31.0,7.0,5.8,C,-9.2
363,low,1,3.0,12.0,,D,
364,high,3,7.0,19.0,9.9,C,15.0
365,medium,0,22.0,19.0,7.9,A,15.0
366,low,2,11.0,21.0,6.9,A,15.0
367,high,0,13.0,5.0,3.3,C,-100.0
368,low,0,9.0,24.0,9.8,B,15.0
369,low,1,7.0,9.0,8.7,A,13.9
370,none,2,4.0,3.0,9.3,A,4.2
371,low,1,6.0,1.0,4.2,B,-100.0
372,none,1,2.0,14.0,2.4,B,-10.3
373,low,0,29.0,8.0,9.4,A,13.6
374,low,1,15.0,18.0,6.0,A,15.0
375,none,1,4.0,16.0,8.2,A,15.0
376,high,3,4.0,11.0,1.1,A,-100.0
377,none,1,8.0,14.0,8.4,C,15.0
378,medium,3,3.0,10.0,2.8,A,-16.6
379,high,2,1.0,1.0,6.0,C,-100.0
380,low,1,16.0,18.0,4.3,D,7.7
381,none,2,5.0,1.0,5.3,A,-100.0
382,high,1,2.0,48.0,9.7,A,15.0
383,none,3,18.0,9.0,3.7,C,-15.5
384,none,0,,9.0,5.6,C,
385,medium,1,6.0,12.0,1.1,A,-100.0
386,high,0,3.0,9.0,2.5,C,-100.0
387,high,1,15.0,6.0,8.4,B,2.2
388,high,1,4.0,2.0,1.9,A,-100.0
389,none,2,7.0,23.0,5.5,A,15.0
390,low,4,13.0,8.0,7.0,A,1.6
391,high,0,4.0,2.0,5.0,A,-100.0
392,medium,3,7.0,9.0,3.2,C,-16.9
393,high,1,26.0,23.0,5.8,A,15.0
394,low,1,2.0,7.0,5.3,A,-8.5
395,low,0,9.0,1.0,9.4,A,0.9
396,high,0,6.0,23.0,1.7,D,2.0
397,high,2,20.0,1.0,5.2,A,-100.0
398,low,0,2.0,5.0,5.0,C,-14.2
399,low,0,8.0,17.0,3.1,C,-0.1
400,low,2,3.0,1.0,9.2,A,0.2
401,high,2,23.0,2.0,8.5,C,-6.6
402,low,2,4.0,5.0,8.6,A,5.2
403,low,2,4.0,26.0,1.2,A,8.6
404,low,1,3.0,4.0,2.1,A,-100.0
405,low,1,4.0,20.0,9.4,A,15.0
406,high,2,6.0,18.0,7.5,A,15.0
407,none,1,22.0,11.0,9.4,A,15.0
408,high,5,39.0,5.0,1.1,C,-100.0
409,high,0,4.0,4.0,9.0,C,2.5
410,low,2,5.0,13.0,4.5,A,-0.7
411,none,1,5.0,7.0,5.1,C,-10.5
412,medium,2,12.0,24.0,7.8,A,15.0
413,low,0,5.0,20.0,4.4,A,13.7
414,low,4,2.0,6.0,9.3,A,11.1
415,low,3,6.0,8.0,1.9,C,-100.0
416,low,1,7.0,5.0,2.9,A,-100.0
417,low,0,24.0,2.0,9.3,A,0.9
418,high,4,5.0,31.0,1.6,A,15.0
419,none,2,17.0,2.0,9.1,A,-0.3
420,none,0,15.0,13.0,2.0,D,-15.8
421,high,1,9.0,50.0,8.4,A,15.0
422,low,1,10.0,20.0,7.8,D,15.0
423,low,1,5.0,8.0,1.4,A,-100.0
424,high,1,4.0,21.0,8.5,A,15.0
425,high,1,4.0,27.0,2.6,A,15.0
426,low,1,8.0,19.0,5.9,C,15.0
427,high,3,10.0,10.0,2.1,A,-100.0
428,low,2,3.0,8.0,4.5,A,-11.0
429,low,0,17.0,5.0,6.3,D,-8.6
430,medium,2,2.0,6.0,8.5,A,6.6
431,medium,0,9.0,3.0,9.9,C,7.5
432,low,1,4.0,2.0,3.4,A,-100.0
433,high,1,5.0,9.0,6.5,A,-1.0
434,low,0,26.0,3.0,4.7,A,-100.0
435,none,1,4.0,17.0,9.1,A,15.0
436,medium,1,3.0,46.0,5.4,B,15.0
437,medium,4,23.0,28.0,8.4,A,15.0
438,low,1,3.0,20.0,8.4,A,15.0
439,high,1,10.0,4.0,9.0,A,1.8
440,low,1,6.0,1.0,,D,
441,high,1,3.0,33.0,9.7,A,15.0
442,medium,0,1.0,8.0,9.9,B,15.0
443,low,2,6.0,5.0,2.4,C,-100.0
444,high,0,17.0,17.0,2.1,A,-9.5
445,low,4,6.0,28.0,6.1,A,15.0
446,high,3,7.0,6.0,5.7,A,-12.1
447,high,1,16.0,3.0,8.8,A,-2.0
448,low,3,5.0,1.0,8.5,C,
449,low,0,9.0,23.0,2.6,C,9.7
450,medium,3,12.0,5.0,9.0,A,6.1
451,high,3,14.0,1.0,1.2,C,-100.0
452,high,0,12.0,16.0,2.1,A,-11.1
453,medium,2,31.0,2.0,2.5,A,-100.0
454,high,3,15.0,1.0,9.6,B,-1.9
455,high,2,6.0,42.0,2.6,A,15.0
456,high,2,15.0,11.0,3.8,A,-12.7
457,medium,1,17.0,26.0,9.6,A,15.0
458,medium,3,18.0,15.0,2.4,A,-9.8
459,medium,1,16.0,2.0,5.7,A,-18.5
460,medium,0,12.0,12.0,1.5,B,-100.0
461,medium,0,6.0,4.0,9.2,A,6.0
462,low,0,12.0,23.0,7.3,C,15.0
463,low,3,7.0,5.0,1.9,A,-100.0
464,low,0,12.0,3.0,6.1,C,-13.4
465,low,1,10.0,25.0,4.3,A,15.0
466,medium,4,0.0,41.0,9.5,A,15.0
467,none,3,8.0,19.0,1.4,A,-6.1
468,,0,17.0,50.0,7.2,A,15.0
469,low,1,4.0,6.0,3.6,C,-100.0
470,high,0,7.0,5.0,8.7,C,2.6
471,low,1,11.0,11.0,4.6,A,-4.8
472,low,4,5.0,2.0,3.0,A,-100.0
473,none,1,10.0,1.0,9.0,A,-2.1
474,high,0,5.0,14.0,2.3,A,-13.5
475,high,0,3.0,23.0,4.6,A,15.0
476,low,1,17.0,21.0,10.0,C,15.0
477,high,0,,6.0,8.5,C,
478,high,2,5.0,22.0,9.3,D,15.0
479,high,1,13.0,16.0,9.5,A,15.0
480,medium,1,10.0,1.0,7.1,A,-12.4
481,high,1,10.0,7.0,5.2,D,-12.8
482,medium,1,18.0,5.0,1.9,B,-100.0
483,high,4,14.0,18.0,1.5,D,-10.8
484,low,3,4.0,20.0,7.3,C,15.0
485,high,0,2.0,8.0,3.3,A,-100.0
486,none,2,6.0,1.0,4.3,A,-100.0
487,high,6,17.0,9.0,4.7,A,-12.6
488,high,2,40.0,2.0,9.6,A,-2.2
489,high,2,19.0,1.0,9.8,C,-1.1
490,none,1,13.0,27.0,1.3,C,9.8
491,none,0,5.0,13.0,9.7,A,15.0
492,low,1,8.0,31.0,8.3,A,15.0
493,high,2,4.0,18.0,8.5,A,15.0
494,medium,2,23.0,5.0,1.5,C,-100.0
495,high,1,15.0,1.0,8.6,B,-7.2
496,low,3,13.0,9.0,1.1,A,-100.0
497,high,2,,0.0,7.7,C,
498,,1,6.0,7.0,5.9,A,-6.2
499,high,1,6.0,6.0,9.2,A,7.5
500,high,2,9.0,4.0,8.8,B,0.7
501,none,1,4.0,15.0,3.7,A,-1.3
502,medium,3,4.0,4.0,9.4,A,7.0
503,medium,2,2.0,7.0,3.6,A,-18.3
504,high,3,6.0,0.0,4.1,B,-100.0
505,medium,0,11.0,25.0,8.5,A,15.0
506,,1,8.0,36.0,8.7,A,15.0
507,medium,2,12.0,26.0,8.4,A,15.0
508,high,1,10.0,16.0,8.8,A,15.0
509,low,3,17.0,2.0,2.5,A,-100.0
510,low,2,1.0,2.0,8.9,A,0.8
511,medium,0,9.0,4.0,8.3,C,0.8
512,low,0,5.0,4.0,3.6,A,-100.0
513,high,0,9.0,10.0,9.9,A,15.0
514,low,0,9.0,17.0,7.3,B,15.0
515,none,4,24.0,8.0,3.0,A,-100.0
516,low,2,7.0,4.0,3.1,A,-100.0
517,low,0,2.0,14.0,3.2,A,-5.2
518,low,2,1.0,3.0,7.6,A,-4.2
519,high,2,18.0,10.0,2.9,C,-100.0
520,medium,2,2.0,22.0,5.8,A,15.0
521,none,2,16.0,3.0,7.6,A,-6.3
522,low,0,2.0,23.0,7.6,A,15.0
523,high,1,17.0,20.0,1.4,B,-7.1
524,high,1,23.0,39.0,8.8,A,15.0
525,medium,2,10.0,11.0,3.4,C,-11.8
526,low,3,23.0,9.0,1.8,A,-100.0
527,high,0,7.0,7.0,3.3,A,-100.0
528,none,1,7.0,0.0,8.6,A,-6.1
529,none,1,1.0,4.0,1.6,A,-100.0
530,low,1,18.0,9.0,6.7,A,1.8
531,none,3,9.0,43.0,9.0,A,15.0
532,high,2,1.0,9.0,8.8,D,12.0
533,,4,8.0,4.0,8.7,B,2.4
534,high,2,16.0,3.0,8.2,A,-5.4
535,medium,4,3.0,1.0,1.3,C,-100.0
536,medium,1,2.0,1.0,8.5,A,-3.9
537,none,0,4.0,26.0,6.0,A,15.0
538,high,4,20.0,30.0,8.3,A,15.0
539,low,2,11.0,3.0,3.4,C,-100.0
540,low,1,9.0,41.0,9.1,B,15.0
541,none,2,11.0,41.0,8.7,C,15.0
542,high,0,4.0,14.0,7.3,A,14.1
543,low,1,8.0,1.0,8.8,A,-2.4
544,low,2,2.0,6.0,3.1,A,-100.0
545,low,1,9.0,15.0,2.6,C,-7.2
546,low,1,8.0,15.0,8.2,C,15.0
547,high,2,6.0,20.0,6.0,A,15.0
548,low,3,12.0,1.0,2.9,A,-100.0
549,low,2,1.0,13.0,4.3,B,-1.4
550,high,1,24.0,6.0,9.8,A,9.0
551,medium,1,5.0,26.0,7.6,B,15.0
552,high,2,19.0,3.0,4.6,C,-100.0
553,medium,1,35.0,14.0,5.7,A,4.8
554,high,1,17.0,5.0,9.3,C,4.8
555,,0,11.0,2.0,5.9,B,-17.1
556,none,1,12.0,7.0,8.7,A,8.6
557,high,1,17.0,12.0,8.8,A,15.0
558,low,2,6.0,2.0,9.8,A,5.3
559,low,1,7.0,2.0,9.1,C,1.4
560,none,1,8.0,4.0,6.6,A,-8.8
561,low,4,7.0,4.0,3.1,C,-100.0
562,low,0,19.0,3.0,9.5,C,4.6
563,low,3,11.0,1.0,3.2,C,-100.0
564,low,1,6.0,3.0,9.9,C,8.0
565,high,1,2.0,21.0,7.3,A,15.0
566,low,0,27.0,18.0,4.5,B,7.8
567,low,3,13.0,1.0,9.0,C,-2.0
568,medium,0,7.0,8.0,6.5,C,-0.6
569,medium,1,36.0,0.0,3.0,B,-100.0
570,medium,3,24.0,32.0,9.9,A,15.0
571,low,2,8.0,13.0,3.1,A,-8.7
572,medium,0,4.0,27.0,8.2,A,15.0
573,none,3,11.0,3.0,8.0,A,-3.7
574,high,0,18.0,13.0,5.6,B,1.3
575,high,1,2.0,0.0,8.9,A,-6.4
576,medium,1,6.0,4.0,8.6,B,2.6
577,medium,1,7.0,19.0,9.1,B,15.0
578,medium,1,17.0,17.0,8.1,B,15.0
579,low,1,18.0,50.0,9.7,B,15.0
580,low,2,2.0,26.0,7.6,B,15.0
581,low,2,4.0,10.0,9.5,C,15.0
582,medium,0,16.0,33.0,6.0,A,15.0
583,medium,1,7.0,0.0,9.9,A,1.2
584,none,3,21.0,6.0,9.9,C,12.0
585,medium,1,4.0,3.0,9.7,A,6.7
586,medium,4,9.0,0.0,1.7,A,-100.0
587,high,0,7.0,6.0,7.5,A,-1.9
588,high,0,11.0,2.0,2.9,B,-100.0
589,none,0,7.0,9.0,8.8,C,14.0
590,high,1,8.0,3.0,1.4,C,-100.0
591,low,4,40.0,3.0,6.4,A,-14.9
592,high,3,1.0,9.0,3.3,A,-18.4
593,medium,2,2.0,10.0,6.7,A,5.1
594,low,1,20.0,2.0,8.1,A,-5.4
595,high,0,10.0,12.0,8.7,C,15.0
596,medium,4,2.0,4.0,3.6,A,-100.0
597,,0,1.0,9.0,8.2,A,11.3
598,low,0,7.0,25.0,3.2,C,15.0
599,high,0,14.0,50.0,8.8,A,15.0
600,high,0,10.0,13.0,10.0,A,15.0
601,low,2,2.0,7.0,,A,
602,low,3,23.0,3.0,9.1,B,1.7
603,low,1,5.0,0.0,6.1,A,-19.1
604,high,1,7.0,48.0,10.0,A,15.0
605,high,0,20.0,1.0,1.5,A,-100.0
606,low,1,7.0,7.0,4.9,B,-11.2
607,high,1,15.0,2.0,2.9,A,-100.0
608,medium,2,21.0,10.0,9.0,B,15.0
609,low,5,31.0,7.0,4.5,A,-16.2
610,none,1,11.0,8.0,2.6,C,-100.0
611,low,2,7.0,12.0,4.8,A,-1.3
612,low,1,25.0,9.0,3.2,A,-18.1
613,high,1,3.0,40.0,9.2,C,15.0
614,low,2,7.0,2.0,,D,
615,high,1,4.0,11.0,3.7,A,-12.1
616,medium,0,8.0,2.0,8.5,C,-2.3
617,high,3,13.0,10.0,2.5,A,-100.0
618,high,1,8.0,12.0,6.7,A,6.1
619,none,1,7.0,18.0,8.9,A,15.0
620,,4,17.0,2.0,9.2,B,0.1
621,high,1,26.0,7.0,8.7,B,4.8
622,medium,0,13.0,9.0,8.6,A,12.5
623,high,1,12.0,11.0,1.7,A,-100.0
624,low,3,4.0,6.0,4.1,C,-17.6
625,high,3,8.0,14.0,2.5,A,-13.0
626,medium,1,2.0,9.0,8.9,B,15.0
627,none,2,3.0,4.0,8.9,A,4.2
628,low,2,10.0,0.0,4.1,C,-100.0
629,low,4,21.0,16.0,4.1,A,1.6
630,low,4,2.0,17.0,8.7,B,15.0
631,low,4,1.0,18.0,,D,
632,none,2,26.0,3.0,8.7,B,-1.3
633,low,0,11.0,21.0,2.1,D,2.5
634,high,1,4.0,12.0,1.4,A,-100.0
635,high,2,15.0,21.0,2.6,A,1.7
636,high,1,5.0,11.0,1.1,A,-100.0
637,medium,0,15.0,8.0,8.5,D,9.6
638,medium,2,30.0,5.0,4.6,B,-19.8
639,none,2,4.0,8.0,5.8,C,-4.5
640,high,0,3.0,10.0,9.5,B,15.0
641,none,2,20.0,2.0,2.0,A,-100.0
642,high,2,35.0,3.0,1.2,C,-100.0
643,low,3,21.0,3.0,2.1,D,-100.0
644,medium,2,2.0,6.0,8.4,C,6.0
645,high,1,28.0,25.0,8.4,A,15.0
646,low,1,3.0,50.0,5.0,A,15.0
647,high,2,17.0,5.0,1.6,A,-100.0
648,low,2,1.0,5.0,1.1,D,-100.0
649,none,2,16.0,2.0,8.9,A,-1.3
650,high,0,10.0,8.0,8.4,A,7.0
651,low,1,11.0,1.0,8.1,A,-6.6
652,none,1,3.0,0.0,2.0,D,-100.0
653,low,1,21.0,21.0,2.2,A,2.0
654,high,2,13.0,49.0,5.8,A,15.0
655,none,1,9.0,16.0,2.2,B,-7.9
656,low,1,16.0,19.0,9.8,A,15.0
657,high,0,19.0,7.0,9.7,A,11.1
658,low,0,13.0,2.0,6.0,A,-16.1
659,medium,2,3.0,20.0,9.2,A,15.0
660,medium,2,11.0,4.0,3.2,C,-100.0
661,medium,1,10.0,24.0,3.1,A,13.9
662,high,2,6.0,16.0,9.0,A,15.0
663,none,1,4.0,10.0,3.4,A,-13.4
664,medium,0,1.0,7.0,9.3,A,13.4
665,high,4,3.0,3.0,7.3,A,-9.3
666,low,2,4.0,2.0,9.3,A,2.7
667,medium,1,37.0,31.0,4.7,B,15.0
668,none,2,6.0,10.0,9.9,A,15.0
669,high,1,2.0,35.0,8.8,A,15.0
670,medium,2,10.0,11.0,1.9,A,-100.0
671,none,1,8.0,2.0,2.8,C,-100.0
672,low,2,4.0,3.0,9.6,C,6.5
673,none,4,3.0,6.0,2.1,A,-100.0
674,medium,3,5.0,5.0,8.1,A,1.8
675,medium,1,13.0,8.0,9.2,C,13.6
676,,1,16.0,5.0,9.5,C,8.4
677,low,0,26.0,20.0,8.8,C,15.0
678,low,2,13.0,15.0,8.4,A,15.0
679,high,2,16.0,23.0,5.6,A,15.0
680,none,3,21.0,14.0,8.5,A,15.0
681,high,1,5.0,10.0,4.4,C,-10.4
682,,3,15.0,10.0,5.6,A,-2.6
683,none,0,10.0,10.0,9.5,A,15.0
684,high,1,12.0,20.0,5.1,A,13.7
685,none,2,5.0,21.0,1.7,A,0.1
686,low,3,6.0,1.0,9.1,C,-0.8
687,none,1,4.0,13.0,9.5,A,15.0
688,high,3,27.0,2.0,4.1,B,-100.0
689,low,0,3.0,24.0,7.2,A,15.0
690,high,0,3.0,18.0,6.3,C,15.0
691,low,0,3.0,14.0,2.0,A,-11.9
692,none,5,13.0,5.0,1.9,A,-100.0
693,low,4,12.0,1.0,3.5,A,-100.0
694,medium,2,5.0,1.0,1.2,A,-100.0
695,high,1,11.0,7.0,6.3,B,-6.9
696,high,4,3.0,27.0,8.5,C,15.0
697,high,2,0.0,2.0,4.6,A,-100.0
698,high,1,6.0,5.0,5.7,A,-13.9
699,low,1,4.0,8.0,1.2,A,-100.0
700,low,0,7.0,6.0,4.8,A,-13.7
701,medium,3,3.0,2.0,8.3,A,-3.1
702,medium,2,15.0,3.0,6.4,A,-12.6
703,medium,2,12.0,23.0,9.3,A,15.0
704,low,1,21.0,7.0,5.8,B,-7.6
705,high,4,15.0,2.0,6.3,A,-18.1
706,high,0,12.0,2.0,7.9,A,-8.6
707,medium,3,11.0,5.0,9.2,A,7.3
708,high,2,7.0,9.0,5.5,A,-6.8
709,none,1,,7.0,1.4,C,
710,low,1,2.0,16.0,1.9,A,-8.3
711,medium,0,18.0,0.0,2.2,C,-100.0
712,medium,3,7.0,10.0,2.8,C,-17.0
713,low,0,2.0,8.0,2.9,C,-19.5
714,low,1,11.0,10.0,7.6,B,9.6
715,high,2,14.0,3.0,8.5,A,-3.6
716,high,2,22.0,6.0,1.1,A,-100.0
717,low,0,3.0,14.0,8.3,A,15.0
718,low,2,3.0,22.0,9.2,A,15.0
719,none,3,8.0,2.0,8.6,B,-2.2
720,high,0,12.0,15.0,5.6,A,6.1
721,high,2,15.0,6.0,3.0,A,-100.0
722,low,3,13.0,4.0,7.4,A,-4.5
723,medium,2,9.0,11.0,3.6,A,-10.6
724,medium,1,17.0,1.0,3.0,C,-100.0
725,high,0,18.0,12.0,8.9,C,15.0
726,medium,3,15.0,13.0,5.0,A,0.6
727,high,2,14.0,16.0,9.2,A,15.0
728,medium,2,2.0,22.0,1.1,D,-0.5
729,medium,1,22.0,6.0,3.2,A,-100.0
730,low,0,4.0,3.0,6.2,A,-12.0
731,low,2,12.0,6.0,8.6,B,6.5
732,medium,1,4.0,15.0,8.1,A,15.0
733,high,2,4.0,0.0,1.4,A,-100.0
734,low,0,12.0,20.0,8.4,C,15.0
735,medium,1,1.0,30.0,10.0,A,15.0
736,high,2,2.0,3.0,2.3,A,-100.0
737,low,0,11.0,20.0,1.4,C,-3.4
738,high,4,17.0,23.0,5.3,C,15.0
739,high,2,13.0,17.0,2.5,C,-7.1
740,low,3,6.0,6.0,8.2,A,4.8
741,none,2,20.0,16.0,4.2,A,1.9
742,high,4,3.0,3.0,4.4,A,-100.0
743,high,1,3.0,6.0,2.5,A,-100.0
744,none,3,1.0,16.0,3.9,C,2.0
745,high,2,18.0,24.0,9.3,C,15.0
746,none,1,18.0,7.0,1.1,C,-100.0
747,medium,2,8.0,17.0,4.8,A,8.7
748,high,0,9.0,14.0,2.9,B,-10.6
749,,1,22.0,3.0,8.0,A,-4.6
750,low,1,10.0,9.0,5.1,A,-6.2
751,high,2,10.0,5.0,7.6,A,-3.9
752,medium,1,8.0,1.0,8.9,B,-2.3
753,high,1,6.0,25.0,3.8,A,15.0
754,low,4,16.0,7.0,8.7,A,8.5
755,medium,2,10.0,7.0,9.9,A,15.0
756,high,2,8.0,4.0,2.9,A,-100.0
757,high,2,6.0,34.0,6.2,C,15.0
758,medium,1,10.0,3.0,8.2,A,-2.1
759,low,0,11.0,23.0,1.2,A,1.8
760,low,0,32.0,16.0,4.8,A,4.8
761,low,0,6.0,20.0,1.2,C,-4.0
762,high,1,13.0,6.0,2.4,B,-100.0
763,none,2,12.0,4.0,8.4,D,0.6
764,low,0,6.0,9.0,6.3,A,0.9
765,low,1,8.0,38.0,4.5,B,15.0
766,medium,2,1.0,7.0,1.8,A,-100.0
767,medium,1,4.0,8.0,7.2,C,3.5
768,low,1,14.0,12.0,4.8,A,-1.9
769,low,1,7.0,24.0,2.2,C,9.7
770,high,1,17.0,24.0,6.6,B,15.0
771,low,0,9.0,5.0,1.7,A,-100.0
772,none,1,13.0,20.0,6.4,A,15.0
773,low,5,30.0,39.0,9.9,A,15.0
774,low,2,7.0,1.0,6.5,D,-15.1
775,low,0,10.0,6.0,8.8,B,8.0
776,none,2,15.0,6.0,1.4,A,-100.0
777,none,2,10.0,8.0,9.3,A,14.1
778,low,1,28.0,5.0,8.9,D,4.5
779,none,0,2.0,3.0,3.4,A,-100.0
780,none,2,9.0,5.0,8.8,A,5.2
781,high,2,2.0,16.0,2.4,A,-8.6
782,medium,2,16.0,1.0,8.8,A,-3.7
783,medium,1,3.0,22.0,9.7,B,15.0
784,medium,1,9.0,0.0,8.8,A,-5.0
785,medium,1,15.0,21.0,6.8,A,15.0
786,medium,1,5.0,9.0,9.9,A,15.0
787,medium,0,8.0,11.0,9.0,A,15.0
788,,0,22.0,3.0,1.0,A,-100.0
789,low,2,8.0,20.0,4.4,A,13.2
790,high,4,5.0,50.0,7.3,A,15.0
791,none,7,16.0,4.0,9.6,D,6.3
792,low,2,3.0,6.0,3.2,A,-100.0
793,high,2,39.0,18.0,1.2,C,-14.7
794,medium,1,21.0,22.0,7.9,A,15.0
795,high,2,2.0,6.0,2.1,C,-100.0
796,high,3,17.0,20.0,6.4,A,
797,high,1,18.0,3.0,3.3,A,-100.0
798,low,2,3.0,15.0,9.9,C,15.0
799,high,2,1.0,9.0,4.3,A,-12.8
800,medium,1,16.0,12.0,8.6,A,15.0
801,high,3,8.0,2.0,4.9,A,-100.0
802,low,1,8.0,1.0,7.5,A,-9.6
803,high,2,22.0,26.0,4.7,B,15.0
804,low,2,9.0,21.0,4.4,A,15.0
805,low,2,6.0,7.0,9.6,B,14.7
806,none,4,23.0,7.0,8.5,A,6.1
807,low,0,10.0,49.0,7.2,C,15.0
808,medium,3,9.0,16.0,2.7,A,-5.2
809,medium,3,4.0,13.0,1.2,A,-19.2
810,high,3,7.0,6.0,7.3,C,-3.3
811,medium,1,10.0,9.0,1.2,C,-100.0
812,low,1,8.0,7.0,8.3,A,7.4
813,low,3,31.0,1.0,6.8,A,-15.9
814,low,1,23.0,8.0,2.1,C,-100.0
815,low,2,11.0,22.0,4.7,A,15.0
816,high,0,5.0,4.0,2.4,A,-100.0
817,,2,9.0,4.0,6.2,A,-11.2
818,high,2,5.0,6.0,1.6,C,-100.0
819,high,0,5.0,5.0,1.4,C,-100.0
820,medium,2,3.0,13.0,4.1,A,-3.0
821,medium,2,16.0,19.0,1.9,A,-3.8
822,medium,2,12.0,8.0,6.9,A,0.9
823,low,1,16.0,30.0,2.9,A,15.0
824,medium,1,3.0,8.0,3.1,A,-19.0
825,medium,2,9.0,9.0,9.2,A,15.0
826,medium,0,2.0,13.0,6.1,A,8.3
827,high,2,9.0,14.0,7.0,A,11.8
828,medium,0,0.0,16.0,9.4,A,15.0
829,medium,3,6.0,3.0,1.2,D,-100.0
830,none,0,15.0,50.0,8.4,B,15.0
831,low,2,6.0,11.0,5.3,C,-0.6
832,low,1,6.0,5.0,8.6,B,5.1
833,high,1,9.0,0.0,8.4,C,-9.8
834,medium,0,3.0,19.0,5.7,A,15.0
835,none,2,19.0,13.0,2.4,A,-14.2
836,medium,0,7.0,11.0,6.9,A,7.9
837,none,0,,1.0,6.7,C,
838,high,2,9.0,16.0,9.6,A,15.0
839,high,1,6.0,11.0,9.7,B,15.0
840,high,0,18.0,3.0,7.9,A,-7.1
841,high,1,5.0,1.0,2.6,A,-100.0
842,low,1,7.0,6.0,8.4,A,6.0
843,high,3,10.0,0.0,3.6,A,-100.0
844,low,2,10.0,14.0,2.5,B,-10.1
845,medium,2,17.0,1.0,2.0,C,-100.0
846,high,1,7.0,32.0,8.9,A,15.0
847,low,1,18.0,2.0,3.2,A,-100.0
848,low,0,8.0,10.0,8.9,A,15.0
849,low,2,6.0,3.0,7.1,A,-7.5
850,medium,2,5.0,7.0,3.9,A,-16.9
851,high,0,14.0,6.0,1.2,D,-100.0
852,high,3,14.0,4.0,8.4,A,-2.1
853,high,3,13.0,22.0,7.8,C,15.0
854,medium,1,10.0,27.0,7.3,C,15.0
855,medium,1,5.0,1.0,8.3,A,-5.2
856,high,1,9.0,2.0,9.0,A,-2.3
857,high,2,10.0,1.0,8.7,C,-6.3
858,high,0,12.0,7.0,8.2,A,3.6
859,none,5,8.0,6.0,9.6,A,11.5
860,low,1,6.0,1.0,8.2,A,-5.5
861,none,0,2.0,3.0,2.6,A,-100.0
862,medium,3,8.0,1.0,7.8,A,-8.5
863,medium,2,13.0,19.0,2.0,A,-3.0
864,none,3,15.0,4.0,9.2,A,4.6
865,low,2,25.0,28.0,8.1,A,15.0
866,low,2,5.0,8.0,9.8,C,15.0
867,medium,3,5.0,6.0,6.3,C,-5.9
868,high,1,5.0,0.0,9.8,A,-1.7
869,medium,3,28.0,3.0,7.0,A,-10.7
870,high,0,14.0,27.0,9.3,A,15.0
871,low,4,4.0,2.0,2.2,A,-100.0
872,low,2,4.0,5.0,3.1,A,-100.0
873,medium,1,15.0,15.0,1.1,A,-16.5
874,none,5,26.0,4.0,9.9,A,7.1
875,high,0,7.0,8.0,8.2,B,6.2
876,medium,2,8.0,8.0,4.3,A,-13.0
877,medium,2,21.0,22.0,2.8,A,6.9
878,high,1,10.0,2.0,5.7,A,-100.0
879,,2,24.0,7.0,9.1,A,9.5
880,low,2,9.0,8.0,9.2,A,14.3
881,high,1,4.0,3.0,1.5,A,-100.0
882,high,1,3.0,13.0,8.1,A,15.0
883,high,0,9.0,50.0,8.2,A,15.0
884,high,1,22.0,2.0,6.7,A,-16.3
885,low,0,4.0,1.0,5.9,A,-17.9
886,high,1,3.0,2.0,3.8,A,-100.0
887,high,2,7.0,11.0,2.9,A,-16.9
888,low,1,3.0,8.0,5.6,A,-4.8
889,medium,2,7.0,21.0,4.6,A,15.0
890,low,2,7.0,4.0,10.0,B,10.5
891,low,1,3.0,7.0,9.3,A,13.4
892,low,0,3.0,6.0,7.8,A,3.2
893,high,1,18.0,2.0,6.5,A,-17.0
894,medium,2,9.0,2.0,5.0,C,-100.0
895,medium,4,4.0,0.0,8.9,A,-4.3
896,none,1,15.0,13.0,5.4,A,2.8
897,medium,0,4.0,8.0,3.8,C,-15.1
898,high,0,9.0,8.0,9.4,A,12.6
899,low,3,10.0,14.0,4.8,A,2.5
900,low,1,3.0,41.0,5.8,A,15.0
901,none,2,6.0,5.0,9.1,A,7.1
902,low,1,4.0,21.0,9.1,C,15.0
903,medium,2,12.0,6.0,8.4,A,5.0
904,low,0,7.0,3.0,8.5,A,0.3
905,high,2,24.0,3.0,2.7,C,-100.0
906,low,0,2.0,7.0,3.9,C,-16.1
907,low,1,9.0,4.0,1.2,A,-100.0
908,low,2,2.0,0.0,2.5,A,-100.0
909,high,1,22.0,21.0,8.6,A,15.0
910,high,3,3.0,8.0,8.9,C,10.1
911,high,2,40.0,0.0,5.6,A,-100.0
912,high,2,6.0,2.0,9.4,A,0.1
913,none,0,2.0,2.0,6.8,C,-11.2
914,medium,0,12.0,4.0,6.4,D,-10.0
915,low,2,14.0,21.0,8.4,D,15.0
916,medium,2,6.0,15.0,4.8,C,4.7
917,low,0,4.0,4.0,8.5,A,2.7
918,none,0,6.0,17.0,9.3,A,15.0
919,low,2,7.0,24.0,9.8,B,15.0
920,high,0,6.0,13.0,6.6,A,8.0
921,none,1,10.0,16.0,5.8,A,11.8
922,none,2,4.0,1.0,9.6,A,1.7
923,medium,2,12.0,3.0,3.0,A,-100.0
924,medium,2,14.0,2.0,6.4,B,-14.6
925,high,2,10.0,4.0,1.4,A,-100.0
926,high,3,5.0,10.0,8.3,A,10.8
927,low,2,1.0,0.0,1.1,B,-100.0
928,medium,2,13.0,0.0,1.8,A,-100.0
929,high,3,18.0,33.0,2.7,C,15.0
930,high,5,3.0,17.0,9.0,B,15.0
931,low,0,17.0,15.0,3.2,C,-4.6
932,none,1,9.0,4.0,1.8,A,-100.0
933,low,1,4.0,34.0,5.9,A,15.0
934,low,1,6.0,4.0,2.5,A,-100.0
935,low,2,8.0,4.0,3.3,A,-100.0
936,low,2,3.0,2.0,2.0,A,-100.0
937,high,2,6.0,9.0,1.9,A,-100.0
938,none,2,2.0,7.0,2.3,A,-100.0
939,low,2,14.0,29.0,6.3,A,15.0
940,low,1,3.0,11.0,7.5,A,11.9
941,medium,0,19.0,19.0,4.8,A,12.0
942,high,4,16.0,21.0,9.2,A,15.0
943,low,0,1.0,16.0,9.3,A,15.0
944,high,2,9.0,10.0,3.5,A,-15.9
945,none,0,1.0,21.0,8.4,A,15.0
946,high,2,5.0,18.0,9.5,A,15.0
947,low,1,9.0,0.0,5.8,A,-100.0
948,medium,4,15.0,1.0,3.0,B,-100.0
949,high,1,13.0,7.0,8.1,A,2.8
950,low,2,9.0,5.0,8.2,C,2.5
951,low,1,9.0,12.0,1.0,A,-100.0
952,high,0,2.0,24.0,9.1,A,15.0
953,none,0,5.0,1.0,9.8,B,2.9
954,none,0,6.0,2.0,1.6,A,-100.0
955,high,1,14.0,15.0,8.8,A,15.0
956,high,5,9.0,11.0,2.5,A,-19.6
957,none,1,8.0,4.0,8.5,C,1.6
958,low,3,11.0,7.0,2.8,C,-100.0
959,high,4,6.0,2.0,10.0,B,3.2
960,medium,1,21.0,12.0,2.0,C,-18.4
961,low,2,8.0,4.0,8.1,A,-0.1
962,medium,1,26.0,1.0,3.3,A,-100.0
963,high,3,12.0,3.0,2.9,A,-100.0
964,none,2,17.0,21.0,9.4,A,15.0
965,medium,2,,20.0,4.6,C,
966,none,0,13.0,2.0,6.1,A,-16.2
967,medium,2,11.0,8.0,1.1,A,-100.0
968,medium,4,5.0,32.0,8.5,A,15.0
969,none,2,15.0,24.0,6.2,A,15.0
970,medium,2,9.0,16.0,4.1,A,2.7
971,none,1,6.0,0.0,7.7,A,-11.0
972,medium,2,0.0,50.0,6.5,B,15.0
973,low,3,14.0,13.0,2.6,A,-12.1
974,medium,2,8.0,1.0,9.0,B,-1.8
975,,0,5.0,17.0,9.4,A,15.0
976,medium,0,9.0,8.0,2.4,A,-100.0
977,low,0,14.0,5.0,1.2,B,-100.0
978,medium,4,18.0,9.0,9.8,C,15.0
979,medium,3,6.0,25.0,3.2,A,15.0
980,high,1,11.0,2.0,7.8,A,-9.1
981,low,1,7.0,22.0,5.9,A,15.0
982,medium,1,4.0,22.0,2.2,A,5.4
983,medium,2,13.0,9.0,8.3,C,10.7
984,none,1,19.0,4.0,9.6,C,6.6
985,high,3,5.0,1.0,9.3,A,-2.6
986,high,0,0.0,24.0,4.4,C,15.0
987,medium,0,5.0,4.0,8.0,A,-0.5
988,low,2,18.0,1.0,7.3,C,-11.8
989,none,1,4.0,18.0,5.8,C,15.0
990,low,1,3.0,13.0,8.4,D,15.0
991,medium,3,29.0,10.0,9.2,A,15.0
992,high,1,9.0,39.0,9.3,A,15.0
993,low,5,19.0,12.0,8.4,A,15.0
994,medium,0,14.0,14.0,8.4,C,15.0
995,medium,3,16.0,20.0,2.2,D,-0.2
996,high,0,4.0,24.0,2.0,C,6.0
997,low,4,6.0,31.0,2.4,C,15.0
998,medium,0,11.0,23.0,9.6,A,15.0
999,high,1,1.0,39.0,1.2,C,15.0
1000,high,4,11.0,14.0,2.0,B,-16.1
1001,none,2,8.0,5.0,7.3,A,-3.0
1002,high,1,6.0,15.0,9.7,A,15.0
1003,high,3,4.0,8.0,9.1,A,11.1
1004,none,3,12.0,5.0,7.1,D,-4.6
1005,medium,1,8.0,7.0,2.4,A,-100.0
1006,high,1,17.0,11.0,6.1,A,-0.2
1007,medium,4,8.0,7.0,6.2,A,-4.8
1008,high,3,8.0,9.0,9.9,A,15.0
1009,low,0,2.0,27.0,9.7,A,15.0
1010,none,0,5.0,6.0,8.9,A,8.4
1011,medium,2,19.0,9.0,2.0,A,-100.0
1012,high,0,3.0,8.0,7.8,A,4.4
1013,medium,4,11.0,1.0,8.3,A,-6.2
1014,none,1,4.0,13.0,7.9,A,15.0
1015,high,3,27.0,5.0,2.5,A,-100.0
1016,high,1,30.0,9.0,6.5,B,-3.5
1017,high,2,5.0,23.0,8.9,D,15.0
1018,none,1,14.0,30.0,3.7,A,15.0
1019,low,0,22.0,3.0,8.5,A,-1.2
1020,high,2,10.0,1.0,9.2,A,-3.5
1021,low,1,4.0,50.0,2.0,C,15.0
1022,none,1,14.0,11.0,1.5,A,-100.0
1023,medium,2,16.0,8.0,8.9,A,11.6
1024,medium,3,19.0,16.0,8.4,C,15.0
1025,low,2,6.0,4.0,8.6,A,2.9
1026,,1,12.0,4.0,2.5,B,-100.0
1027,none,1,3.0,8.0,5.1,C,-8.2
1028,high,4,2.0,1.0,8.5,A,-6.8
1029,medium,0,5.0,2.0,8.3,D,-3.0
1030,medium,1,7.0,2.0,3.9,C,-100.0
1031,medium,0,18.0,5.0,1.3,A,-100.0
1032,none,2,9.0,3.0,3.1,A,-100.0
1033,low,5,10.0,6.0,1.7,B,-100.0
1034,high,3,8.0,25.0,2.3,A,9.0
1035,high,1,15.0,23.0,9.4,A,15.0
1036,low,3,3.0,1.0,8.3,D,-4.9
1037,none,1,8.0,8.0,7.9,A,6.7
1038,high,1,11.0,12.0,9.0,A,15.0
1039,medium,1,12.0,15.0,2.3,C,-9.6
1040,medium,4,3.0,10.0,7.4,A,8.6
1041,none,0,5.0,12.0,9.4,A,15.0
1042,,2,1.0,9.0,2.9,A,-18.1
1043,low,1,3.0,14.0,3.0,B,-6.5
1044,medium,2,4.0,50.0,3.3,C,15.0
1045,low,4,9.0,8.0,3.5,A,-17.3
1046,high,4,12.0,29.0,3.4,A,15.0
1047,,2,16.0,7.0,3.3,A,-100.0
1048,none,2,19.0,33.0,2.6,C,15.0
1049,medium,2,12.0,2.0,7.5,A,-8.4
1050,medium,0,6.0,10.0,1.4,C,-100.0
1051,medium,1,22.0,36.0,4.7,A,15.0
1052,,1,10.0,20.0,9.1,A,15.0
1053,high,3,8.0,33.0,9.6,A,15.0
1054,high,0,27.0,2.0,4.5,A,-100.0
1055,high,2,6.0,10.0,8.2,C,10.3
1056,low,3,7.0,19.0,1.8,A,-3.2
1057,high,2,12.0,21.0,2.5,D,1.4
1058,low,2,9.0,5.0,4.7,C,-16.8
1059,high,1,14.0,4.0,1.6,A,-100.0
1060,none,0,6.0,11.0,3.0,A,-13.6
1061,low,2,9.0,10.0,4.8,A,-5.7
1062,high,0,10.0,5.0,4.9,A,-18.6
1063,high,2,19.0,5.0,8.3,A,-1.0
1064,medium,2,14.0,2.0,8.8,A,-1.4
1065,none,0,,4.0,1.7,C,
1066,low,0,18.0,14.0,4.7,C,1.4
1067,none,2,17.0,13.0,2.6,A,-12.9
1068,none,2,5.0,22.0,3.0,A,9.4
1069,low,0,9.0,29.0,7.3,A,15.0
1070,low,1,7.0,17.0,1.0,A,-11.6
1071,medium,3,6.0,5.0,1.4,C,-100.0
1072,low,1,11.0,2.0,3.6,A,-100.0
1073,none,0,12.0,15.0,3.0,A,-5.8
1074,high,1,27.0,3.0,8.5,B,-4.8
1075,low,2,10.0,38.0,9.5,A,15.0
1076,none,2,12.0,38.0,1.5,A,15.0
1077,low,1,22.0,3.0,1.6,B,-100.0
1078,medium,1,3.0,16.0,8.2,A,15.0
1079,low,1,7.0,10.0,9.7,A,15.0
1080,high,1,8.0,3.0,8.7,C,-1.8
1081,low,5,21.0,4.0,8.5,B,0.5
1082,medium,0,19.0,19.0,7.2,B,15.0
1083,low,2,10.0,2.0,8.2,A,-3.9
1084,medium,1,14.0,10.0,7.9,A,10.6
1085,low,1,40.0,17.0,9.5,A,15.0
1086,none,2,4.0,37.0,2.2,A,15.0
1087,high,1,7.0,17.0,1.5,A,-11.9
1088,high,3,11.0,32.0,3.3,A,15.0
1089,low,1,25.0,18.0,5.8,B,15.0
1090,high,0,14.0,2.0,6.1,A,-18.7
1091,high,2,15.0,7.0,9.5,A,10.2
1092,high,3,24.0,9.0,2.5,A,-100.0
1093,medium,1,11.0,18.0,7.5,A,15.0
1094,high,1,16.0,8.0,9.0,C,9.6
1095,high,2,1.0,29.0,,A,
1096,medium,1,14.0,1.0,9.3,C,-0.6
1097,medium,0,39.0,49.0,1.2,C,15.0
1098,medium,0,7.0,21.0,7.2,A,15.0
1099,none,1,3.0,2.0,2.2,A,-100.0
1100,,5,10.0,37.0,3.7,A,15.0
1101,high,2,24.0,1.0,9.9,B,-1.1
1102,high,3,7.0,0.0,8.3,A,-10.4
1103,low,2,3.0,31.0,3.3,A,15.0
1104,high,0,25.0,2.0,4.6,A,-100.0
1105,low,2,10.0,1.0,9.7,D,2.2
1106,high,3,13.0,7.0,9.1,A,8.1
1107,high,2,22.0,20.0,1.8,A,-5.5
1108,high,0,6.0,18.0,8.1,B,15.0
1109,none,2,7.0,21.0,3.0,B,7.1
1110,high,1,13.0,2.0,10.0,A,2.8
1111,none,1,7.0,6.0,7.7,C,1.5
1112,high,2,,12.0,6.9,C,
1113,low,4,6.0,19.0,2.6,A,1.2
1114,high,1,20.0,19.0,7.3,A,15.0
1115,low,2,11.0,4.0,6.7,A,-8.1
1116,medium,2,6.0,9.0,8.2,A,10.8
1117,low,2,12.0,5.0,7.0,D,-4.4
1118,none,0,11.0,1.0,4.5,A,-100.0
1119,none,0,3.0,9.0,3.6,A,-14.2
1120,medium,5,3.0,1.0,8.3,A,-5.4
1121,none,0,11.0,8.0,2.6,C,-100.0
1122,high,1,16.0,3.0,8.3,A,-4.8
1123,none,1,8.0,2.0,9.8,A,4.6
1124,medium,2,12.0,12.0,6.6,A,7.7
1125,none,2,6.0,14.0,7.4,D,15.0
1126,medium,1,16.0,5.0,9.4,A,8.1
1127,medium,0,3.0,5.0,9.0,A,7.3
1128,medium,1,6.0,2.0,5.7,A,-17.6
1129,low,2,6.0,4.0,5.6,B,-13.6
1130,medium,2,3.0,47.0,2.5,A,15.0
1131,high,1,32.0,1.0,8.3,A,-10.6
1132,high,1,5.0,0.0,3.9,A,-100.0
1133,high,1,4.0,6.0,7.4,A,-2.2
1134,low,3,6.0,7.0,9.7,A,15.0
1135,high,2,7.0,13.0,7.2,B,11.0
1136,none,1,1.0,11.0,8.3,A,15.0
1137,none,1,4.0,4.0,5.5,A,-14.5
1138,low,4,13.0,1.0,8.8,C,-3.2
1139,low,1,18.0,5.0,7.4,A,-2.7
1140,high,2,12.0,14.0,9.0,A,15.0
1141,low,3,6.0,18.0,8.3,C,15.0
1142,high,1,7.0,8.0,6.7,A,-2.2
1143,high,2,14.0,9.0,8.2,B,7.4
1144,medium,1,9.0,27.0,8.2,A,15.0
1145,none,3,13.0,4.0,5.8,A,-13.9
1146,medium,1,16.0,29.0,3.4,B,15.0
1147,low,1,5.0,0.0,8.4,A,-6.4
1148,low,2,8.0,15.0,5.0,A,6.0
1149,medium,2,8.0,4.0,8.1,A,-0.5
1150,low,1,6.0,1.0,2.1,C,-100.0
1151,medium,3,33.0,22.0,7.3,A,15.0
1152,medium,1,1.0,16.0,9.7,C,15.0
1153,high,0,7.0,5.0,2.8,C,-100.0
1154,low,1,15.0,11.0,9.5,A,15.0
1155,low,2,4.0,12.0,5.2,A,1.2
1156,low,3,4.0,50.0,2.6,C,15.0
1157,low,0,8.0,2.0,8.4,A,-2.4
1158,medium,1,2.0,8.0,9.3,A,15.0
1159,low,0,12.0,0.0,8.5,A,-6.5
1160,medium,2,20.0,9.0,9.1,A,14.4
1161,high,0,13.0,21.0,8.9,A,15.0
1162,low,1,23.0,0.0,9.1,A,-4.4
1163,low,1,9.0,12.0,9.9,C,15.0
1164,medium,4,12.0,4.0,8.1,A,-1.0
1165,medium,2,20.0,30.0,8.6,A,15.0
1166,low,2,12.0,25.0,2.8,A,14.5
1167,medium,2,8.0,10.0,7.0,D,6.1
1168,low,3,9.0,18.0,8.8,A,15.0
1169,low,0,24.0,14.0,5.0,A,2.5
1170,medium,3,6.0,9.0,6.5,A,1.4
1171,low,1,19.0,3.0,8.5,A,-1.0
1172,medium,0,8.0,12.0,4.6,B,-2.7
1173,low,1,2.0,26.0,9.2,B,15.0
1174,low,2,16.0,3.0,2.7,A,-100.0
1175,low,0,12.0,3.0,6.2,A,-12.8
1176,medium,0,6.0,16.0,8.7,A,15.0
1177,none,2,3.0,42.0,7.2,A,15.0
1178,,1,4.0,5.0,9.7,A,10.7
1179,medium,2,3.0,50.0,8.3,A,15.0
1180,medium,3,11.0,5.0,8.1,A,1.3
1181,high,0,15.0,3.0,8.7,C,-2.4
1182,high,0,13.0,13.0,9.0,A,15.0
1183,none,1,8.0,10.0,2.0,A,-100.0
1184,medium,3,1.0,10.0,3.3,B,-13.7
1185,medium,0,1.0,19.0,3.1,A,4.5
1186,low,2,23.0,37.0,1.5,A,15.0
1187,low,1,2.0,10.0,9.3,B,15.0
1188,low,1,28.0,9.0,8.2,A,9.1
1189,none,0,5.0,17.0,1.9,D,-7.0
1190,none,0,7.0,4.0,7.1,C,-5.9
1191,low,2,5.0,40.0,4.3,C,15.0
1192,none,0,14.0,21.0,8.0,C,15.0
1193,high,2,10.0,23.0,5.2,A,15.0
1194,high,0,4.0,11.0,7.1,A,6.7
1195,low,0,6.0,14.0,2.3,B,-10.6
1196,low,2,7.0,15.0,9.1,A,15.0
1197,low,1,4.0,2.0,9.5,C,3.9
1198,high,2,8.0,1.0,8.4,A,-7.7
1199,low,3,4.0,9.0,9.9,A,15.0
1200,none,0,9.0,10.0,9.2,A,15.0
1201,none,0,14.0,7.0,9.2,C,11.3
1202,none,1,5.0,0.0,1.9,A,-100.0
1203,medium,0,19.0,50.0,3.5,A,15.0
1204,none,6,6.0,7.0,1.8,A,-100.0
1205,none,2,20.0,4.0,4.5,A,-100.0
1206,high,2,9.0,50.0,7.0,C,15.0
1207,high,0,9.0,1.0,8.8,A,-5.4
1208,low,0,10.0,5.0,5.5,A,-12.3
1209,low,3,3.0,10.0,8.3,B,14.0
1210,medium,3,22.0,4.0,3.2,B,-100.0
1211,high,0,3.0,20.0,4.1,A,9.2
1212,none,2,2.0,18.0,7.9,A,15.0
1213,none,0,9.0,10.0,5.6,A,-1.7
1214,high,0,20.0,6.0,9.5,B,7.8
1215,low,3,3.0,3.0,2.0,A,-100.0
1216,medium,2,25.0,3.0,9.8,A,5.1
1217,high,2,8.0,1.0,7.8,A,-11.0
1218,low,2,26.0,6.0,3.7,B,-100.0
1219,low,0,7.0,5.0,8.3,B,3.4
1220,low,3,2.0,1.0,1.2,B,-100.0
1221,high,0,2.0,50.0,7.4,A,15.0
1222,low,2,8.0,2.0,1.0,A,-100.0
1223,low,3,4.0,35.0,7.6,C,15.0
1224,medium,2,11.0,3.0,5.8,A,-15.5
1225,low,3,10.0,8.0,4.8,A,-10.1
1226,high,1,39.0,12.0,4.7,C,-8.0
1227,low,1,6.0,8.0,4.3,A,-12.3
1228,medium,1,40.0,2.0,2.4,A,-100.0
1229,high,2,4.0,4.0,7.6,D,-5.4
1230,medium,5,10.0,31.0,8.2,A,15.0
1231,high,1,14.0,1.0,3.5,A,-100.0
1232,low,1,27.0,2.0,8.4,C,-4.4
1233,high,2,7.0,32.0,7.6,C,15.0
1234,none,2,8.0,13.0,3.3,A,-8.2
1235,high,0,9.0,1.0,8.8,A,-5.4
1236,high,2,11.0,9.0,2.0,B,-100.0
1237,low,2,15.0,4.0,9.3,A,5.8
1238,none,2,13.0,5.0,5.2,B,-15.0
1239,none,2,17.0,7.0,9.3,C,11.3
1240,high,2,30.0,11.0,9.8,C,15.0
1241,high,1,9.0,12.0,10.0,A,15.0
1242,none,2,3.0,0.0,9.9,A,1.3
1243,low,1,15.0,19.0,5.4,A,15.0
1244,medium,2,4.0,12.0,9.9,A,15.0
1245,none,1,14.0,3.0,8.4,D,-1.6
1246,high,3,1.0,0.0,1.7,B,-100.0
1247,medium,2,8.0,10.0,8.0,B,11.6
1248,none,1,5.0,30.0,3.5,A,15.0
1249,low,1,10.0,11.0,4.5,A,-5.3
1250,low,4,6.0,3.0,2.4,D,-100.0
1251,none,1,39.0,14.0,9.1,C,15.0
1252,none,0,8.0,29.0,8.1,A,15.0
1253,none,1,8.0,0.0,9.8,B,0.4
1254,high,1,34.0,0.0,4.5,A,-100.0
1255,high,1,14.0,5.0,8.6,B,1.3
1256,low,3,13.0,44.0,9.6,D,15.0
1257,high,2,20.0,22.0,3.9,B,10.4
1258,low,1,19.0,32.0,7.4,A,15.0
1259,none,0,7.0,7.0,8.1,C,5.9
1260,high,3,6.0,5.0,9.7,B,7.9
1261,none,2,8.0,28.0,8.7,C,15.0
1262,high,1,13.0,1.0,8.8,A,-5.9
1263,medium,5,6.0,40.0,1.6,A,15.0
1264,medium,1,7.0,9.0,2.8,A,-18.9
1265,none,2,6.0,3.0,1.8,C,-100.0
1266,high,2,8.0,1.0,2.3,A,-100.0
1267,high,2,2.0,4.0,4.4,C,-100.0
1268,medium,1,7.0,6.0,6.0,A,-7.6
1269,none,1,6.0,23.0,6.1,A,15.0
1270,low,1,6.0,3.0,4.2,A,-100.0
1271,medium,1,7.0,3.0,6.1,A,-13.3
1272,medium,3,2.0,19.0,6.9,A,15.0
1273,low,0,7.0,9.0,1.6,A,-100.0
1274,high,1,4.0,34.0,9.3,A,15.0
1275,medium,0,3.0,4.0,7.7,C,-1.9
1276,low,2,8.0,1.0,9.4,A,0.8
1277,medium,1,11.0,2.0,6.2,A,-15.3
1278,low,1,5.0,35.0,6.3,A,15.0
1279,high,0,21.0,14.0,9.4,A,15.0
1280,medium,2,11.0,3.0,9.3,C,3.7
1281,low,0,4.0,0.0,3.6,C,-100.0
1282,low,1,,21.0,3.2,C,
1283,none,0,7.0,3.0,8.6,A,0.3
1284,high,2,9.0,23.0,2.6,A,6.5
1285,none,0,10.0,9.0,3.6,C,-14.9
1286,medium,5,31.0,19.0,8.3,A,15.0
1287,medium,1,11.0,19.0,6.7,A,15.0
1288,medium,1,6.0,6.0,2.3,A,-100.0
1289,high,0,1.0,13.0,8.9,A,15.0
1290,,3,25.0,20.0,1.5,A,-5.2
1291,high,2,16.0,19.0,8.6,C,15.0
1292,low,3,8.0,22.0,8.6,C,15.0
1293,low,1,8.0,18.0,6.2,C,15.0
1294,low,1,10.0,14.0,8.6,B,15.0
1295,low,5,1.0,1.0,5.5,A,-100.0
1296,high,0,11.0,1.0,8.0,A,-10.0
1297,medium,1,3.0,25.0,8.7,A,15.0
1298,low,0,12.0,3.0,5.4,A,-17.2
1299,high,0,9.0,24.0,8.6,B,15.0
1300,medium,2,2.0,4.0,5.2,A,-15.8
1301,low,2,9.0,10.0,2.9,A,-16.2
1302,medium,1,9.0,10.0,10.0,A,15.0
1303,high,1,9.0,1.0,1.2,A,-100.0
1304,medium,1,11.0,32.0,2.6,A,15.0
1305,high,1,5.0,33.0,1.8,D,15.0
1306,low,3,15.0,8.0,2.6,A,-100.0
1307,medium,0,2.0,4.0,8.3,C,1.5
1308,medium,0,3.0,5.0,8.8,A,6.2
1309,none,1,4.0,33.0,5.5,C,15.0
1310,high,4,5.0,19.0,1.3,A,-8.9
1311,high,2,9.0,21.0,2.7,A,2.8
1312,high,2,20.0,23.0,8.3,D,15.0
1313,high,1,16.0,36.0,8.9,C,15.0
1314,none,4,6.0,16.0,9.2,C,15.0
1315,medium,0,22.0,9.0,8.0,A,8.3
1316,low,2,11.0,13.0,8.5,A,15.0
1317,medium,0,11.0,21.0,8.7,B,15.0
1318,,2,5.0,6.0,1.1,A,-100.0
1319,high,1,30.0,22.0,9.9,A,15.0
1320,medium,1,4.0,8.0,1.1,A,-100.0
1321,medium,2,5.0,7.0,4.9,A,-11.5
1322,high,2,15.0,6.0,9.8,A,9.8
1323,medium,3,23.0,8.0,1.8,A,-100.0
1324,none,2,7.0,16.0,9.0,D,15.0
1325,low,3,9.0,7.0,8.2,A,6.6
1326,medium,1,14.0,10.0,3.7,A,-12.5
1327,high,2,19.0,28.0,5.5,C,15.0
1328,high,1,3.0,23.0,5.1,A,15.0
1329,high,3,24.0,14.0,8.4,A,15.0
1330,none,0,6.0,11.0,8.2,D,15.0
1331,high,1,15.0,28.0,9.9,A,15.0
1332,low,4,3.0,6.0,3.6,C,-100.0
1333,low,2,14.0,11.0,6.5,A,5.2
1334,low,3,32.0,28.0,5.9,A,15.0
1335,high,2,13.0,31.0,5.5,B,15.0
1336,high,0,2.0,1.0,2.0,B,-100.0
1337,low,2,6.0,9.0,9.1,A,15.0
1338,high,2,14.0,1.0,4.1,A,-100.0
1339,low,2,4.0,1.0,9.3,B,0.6
1340,,0,4.0,5.0,2.1,A,-100.0
1341,high,3,6.0,5.0,8.7,A,2.4
1342,low,2,20.0,18.0,3.6,A,3.4
1343,none,0,12.0,23.0,1.5,A,2.7
1344,high,1,27.0,6.0,3.7,D,-100.0
1345,none,4,8.0,15.0,3.3,A,-4.2
1346,medium,1,3.0,50.0,2.6,A,15.0
1347,,0,17.0,5.0,2.6,A,
1348,high,3,13.0,7.0,2.3,A,-100.0
1349,high,1,14.0,12.0,8.5,A,15.0
1350,low,2,2.0,1.0,8.1,A,-5.8
1351,medium,1,5.0,5.0,9.0,A,7.0
1352,low,0,9.0,15.0,2.4,B,-8.2
1353,none,2,10.0,11.0,3.2,A,-13.1
1354,low,3,12.0,12.0,1.4,A,-100.0
1355,high,1,3.0,7.0,9.1,B,9.3
1356,low,1,16.0,1.0,8.8,B,-3.2
1357,low,2,23.0,7.0,7.4,B,0.9
1358,low,0,12.0,2.0,8.5,A,-2.3
1359,low,0,3.0,10.0,3.5,C,-12.1
1360,medium,1,14.0,10.0,9.4,A,15.0
1361,low,2,11.0,9.0,8.7,A,13.4
1362,high,1,9.0,5.0,5.6,A,-14.7
1363,medium,1,7.0,8.0,4.7,A,-10.6
1364,none,1,7.0,26.0,8.3,C,15.0
1365,high,3,21.0,4.0,8.5,B,-2.3
1366,high,4,15.0,50.0,9.0,A,15.0
1367,medium,0,22.0,14.0,1.5,A,-16.9
1368,medium,3,5.0,0.0,5.2,C,-100.0
1369,high,2,15.0,18.0,3.4,C,-0.2
1370,low,1,7.0,3.0,8.2,A,-1.4
1371,medium,2,9.0,7.0,2.6,C,-100.0
1372,,0,30.0,12.0,9.7,C,15.0
1373,high,2,21.0,12.0,6.5,A,3.6
1374,none,1,23.0,26.0,1.5,A,7.8
1375,high,0,11.0,0.0,9.6,A,-3.3
1376,none,3,10.0,4.0,9.6,A,7.3
1377,high,0,4.0,15.0,1.8,A,-14.0
1378,medium,1,38.0,9.0,2.8,C,-100.0
1379,high,4,12.0,13.0,1.9,A,-18.9
1380,high,2,10.0,13.0,9.0,A,15.0
1381,high,0,12.0,39.0,7.4,A,15.0
1382,high,2,22.0,1.0,3.4,A,-100.0
1383,medium,2,5.0,33.0,1.9,C,15.0
1384,none,3,7.0,24.0,9.5,A,15.0
1385,high,2,6.0,1.0,6.2,A,-19.6
1386,low,0,6.0,1.0,6.2,C,-16.4
1387,low,1,6.0,17.0,2.0,D,-6.0
1388,none,3,8.0,50.0,9.0,C,15.0
1389,none,1,5.0,6.0,8.3,A,5.0
1390,none,1,18.0,6.0,8.6,A,5.4
1391,low,1,4.0,29.0,8.3,A,15.0
1392,low,0,27.0,10.0,3.0,A,-17.2
1393,none,1,7.0,2.0,1.9,C,-100.0
1394,medium,2,5.0,1.0,3.1,A,-100.0
1395,high,0,15.0,11.0,9.1,C,15.0
1396,low,2,9.0,38.0,8.9,A,15.0
1397,high,0,7.0,1.0,9.3,A,-2.5
1398,high,3,4.0,16.0,9.2,A,15.0
1399,high,1,2.0,20.0,2.5,C,0.4
1400,low,0,14.0,14.0,9.3,A,15.0
1401,low,1,2.0,14.0,8.0,A,15.0
1402,low,0,6.0,32.0,9.7,B,15.0
1403,high,1,8.0,1.0,9.9,D,0.6
1404,low,1,25.0,5.0,1.5,A,-100.0
1405,low,4,19.0,20.0,9.6,A,15.0
1406,low,2,2.0,1.0,9.0,A,-0.8
1407,low,2,10.0,0.0,1.4,A,-100.0
1408,low,0,8.0,3.0,8.6,B,0.8
1409,medium,3,8.0,6.0,10.0,A,14.1
1410,high,3,3.0,7.0,5.8,B,-9.0
1411,low,1,6.0,4.0,2.8,A,-100.0
1412,high,0,3.0,16.0,8.3,A,15.0
1413,low,1,3.0,6.0,8.7,A,8.0
1414,high,0,9.0,13.0,9.9,A,15.0
1415,low,1,21.0,16.0,4.3,A,3.0
1416,low,2,15.0,4.0,2.1,A,-100.0
1417,none,0,9.0,6.0,3.4,B,-100.0
1418,high,2,12.0,15.0,5.1,C,3.1
1419,low,0,11.0,9.0,8.1,A,10.3
1420,high,2,,6.0,3.8,C,
1421,high,2,9.0,19.0,7.9,A,15.0
1422,low,1,12.0,7.0,6.0,C,-5.6
1423,none,3,,1.0,3.1,C,
1424,low,1,18.0,9.0,2.7,A,-100.0
1425,low,0,18.0,10.0,4.7,A,-7.0
1426,none,0,5.0,6.0,4.2,A,-17.4
1427,high,5,1.0,8.0,9.9,A,15.0
1428,medium,4,12.0,25.0,9.8,A,15.0
1429,low,1,4.0,18.0,2.0,A,-3.7
1430,,1,9.0,3.0,9.6,A,5.5
1431,medium,1,19.0,16.0,8.6,A,15.0
1432,none,1,7.0,4.0,8.0,C,-1.0
1433,low,1,18.0,19.0,9.5,A,15.0
1434,high,2,21.0,3.0,9.2,A,-0.4
1435,low,1,4.0,9.0,5.2,A,-5.0
1436,,3,9.0,3.0,9.6,A,5.3
1437,high,0,1.0,15.0,2.3,A,-11.0
1438,low,0,7.0,16.0,1.4,A,-11.4
1439,,2,2.0,9.0,4.4,A,-9.9
1440,low,1,6.0,8.0,2.0,B,-100.0
1441,high,1,4.0,1.0,5.3,A,-100.0
1442,high,1,11.0,7.0,2.7,A,-100.0
1443,medium,1,,15.0,5.7,C,
1444,high,1,6.0,15.0,9.0,A,15.0
1445,medium,1,1.0,0.0,9.2,A,-2.0
1446,low,1,15.0,42.0,1.2,A,15.0
1447,high,2,18.0,17.0,7.2,A,15.0
1448,medium,4,3.0,2.0,4.2,A,-100.0
1449,high,1,7.0,12.0,3.8,A,-9.7
1450,low,4,12.0,15.0,6.2,D,12.0
1451,low,3,6.0,12.0,7.0,A,10.8
1452,medium,0,7.0,0.0,7.7,B,-10.8
1453,medium,1,6.0,1.0,4.7,C,-100.0
1454,high,0,3.0,42.0,8.9,A,15.0
1455,medium,0,8.0,23.0,6.3,A,15.0
1456,high,2,7.0,10.0,9.7,A,15.0
1457,medium,1,6.0,5.0,4.2,A,-19.5
1458,high,3,9.0,4.0,9.1,A,2.2
1459,low,1,13.0,2.0,3.8,A,-100.0
1460,none,0,5.0,13.0,3.6,C,-6.0
1461,medium,2,9.0,22.0,4.4,A,15.0
1462,none,1,15.0,29.0,4.2,A,15.0
1463,high,2,6.0,8.0,8.1,A,5.5
1464,medium,1,13.0,11.0,9.7,D,15.0
1465,low,1,7.0,2.0,8.2,B,-3.5
1466,low,0,2.0,11.0,1.1,A,-100.0
1467,medium,1,20.0,9.0,9.7,C,15.0
1468,medium,1,5.0,14.0,3.0,A,-7.1
1469,medium,2,5.0,6.0,9.3,C,10.6
1470,low,1,8.0,11.0,6.1,A,3.7
1471,low,3,26.0,8.0,3.8,A,-17.2
1472,none,0,5.0,4.0,8.6,B,2.6
1473,low,3,5.0,7.0,9.6,A,14.7
1474,high,0,17.0,13.0,9.9,A,15.0
1475,medium,1,4.0,24.0,1.3,A,4.7
1476,high,2,5.0,2.0,7.3,A,-11.4
1477,medium,1,12.0,41.0,8.9,A,15.0
1478,low,4,3.0,4.0,8.7,C,3.5
1479,low,1,6.0,3.0,9.5,C,5.8
1480,high,2,12.0,6.0,2.9,A,-100.0
1481,high,0,8.0,38.0,2.5,A,15.0
1482,medium,3,12.0,11.0,9.2,A,15.0
1483,high,0,,6.0,8.7,C,
1484,high,1,17.0,7.0,6.8,A,-4.7
1485,none,0,18.0,11.0,3.1,A,-14.3
1486,medium,1,10.0,11.0,6.9,C,7.6
1487,high,2,2.0,8.0,8.4,C,7.6
1488,high,1,11.0,13.0,9.9,A,15.0
1489,low,0,11.0,8.0,3.0,A,-19.8
1490,low,1,16.0,10.0,10.0,C,15.0
1491,high,3,18.0,15.0,2.7,B,-10.8
1492,high,2,11.0,1.0,8.3,A,-8.6
1493,high,2,13.0,6.0,2.9,B,-100.0
1494,none,1,0.0,8.0,8.3,A,9.7
1495,low,2,17.0,29.0,8.0,A,15.0
1496,low,3,4.0,3.0,3.2,A,-100.0
1497,low,1,3.0,14.0,1.1,A,-17.0
1498,high,3,11.0,2.0,1.2,C,-100.0
1499,high,0,9.0,9.0,6.8,A,0.4
1500,medium,0,3.0,15.0,5.6,B,9.6
1501,high,1,21.0,9.0,9.3,A,12.8
1502,high,0,11.0,15.0,9.0,A,15.0
1503,high,2,5.0,17.0,8.6,A,15.0
1504,high,1,4.0,9.0,5.9,C,-4.2
1505,none,4,22.0,11.0,8.5,D,14.6
1506,medium,1,4.0,20.0,4.6,C,14.4
1507,high,0,6.0,16.0,1.1,B,-16.0
1508,low,1,12.0,9.0,9.6,A,15.0
1509,high,2,3.0,4.0,5.6,A,-16.3
1510,high,0,2.0,9.0,8.2,A,8.8
1511,low,1,5.0,8.0,8.0,B,8.2
1512,high,2,10.0,11.0,9.7,A,15.0
1513,none,1,18.0,10.0,8.6,C,13.8
1514,high,4,8.0,18.0,2.9,A,-2.5
1515,high,1,2.0,15.0,8.5,A,15.0
1516,low,3,7.0,4.0,1.6,A,-100.0
1517,none,4,6.0,36.0,9.9,C,15.0
1518,medium,2,4.0,1.0,8.4,D,-4.7
1519,low,0,9.0,5.0,9.8,C,11.5
1520,low,3,3.0,19.0,7.9,C,15.0
1521,none,3,13.0,6.0,7.4,A,-0.9
1522,low,2,16.0,2.0,6.0,A,-16.6
1523,none,3,17.0,9.0,4.7,B,-9.9
1524,low,3,7.0,20.0,2.6,A,3.3
1525,low,2,7.0,39.0,6.4,A,15.0
1526,low,1,24.0,14.0,8.2,A,15.0
1527,low,0,8.0,8.0,3.3,C,-17.9
1528,high,2,13.0,0.0,3.8,A,-100.0
1529,medium,4,6.0,3.0,8.6,A,0.2
1530,high,2,4.0,6.0,8.8,C,5.4
1531,high,2,21.0,11.0,1.5,A,-100.0
1532,high,1,6.0,23.0,6.6,A,15.0
1533,high,0,24.0,11.0,6.8,A,3.1
1534,high,2,19.0,12.0,9.0,A,15.0
1535,medium,0,8.0,23.0,7.4,D,15.0
1536,high,4,0.0,29.0,9.4,A,15.0
1537,high,2,7.0,18.0,8.1,A,15.0
1538,low,1,17.0,15.0,9.3,A,15.0
1539,high,0,8.0,16.0,6.1,A,11.3
1540,medium,1,12.0,22.0,5.8,A,15.0
1541,medium,1,6.0,8.0,5.5,B,-6.1
1542,low,1,11.0,5.0,8.9,A,6.2
1543,high,1,29.0,9.0,1.7,D,-100.0
1544,high,0,8.0,7.0,4.9,B,-14.2
1545,medium,1,5.0,8.0,1.3,A,-100.0
1546,low,2,16.0,3.0,9.6,A,5.3
1547,high,1,1.0,21.0,,A,
1548,none,1,6.0,14.0,5.1,A,4.1
1549,high,1,7.0,24.0,1.5,B,2.8
1550,low,1,7.0,16.0,9.2,C,15.0
1551,medium,1,0.0,5.0,8.4,A,4.2
1552,medium,2,14.0,2.0,9.6,A,3.0
1553,high,3,28.0,33.0,8.3,A,15.0
1554,low,3,14.0,36.0,8.1,C,15.0
1555,none,1,10.0,3.0,5.0,A,-19.9
1556,low,0,8.0,2.0,1.0,B,-100.0
1557,low,2,16.0,7.0,7.1,A,-0.1
1558,low,0,2.0,1.0,8.9,C,-1.2
1559,medium,0,10.0,4.0,6.7,D,-8.2
1560,medium,2,17.0,10.0,9.8,A,15.0
1561,low,1,5.0,36.0,5.6,A,15.0
1562,none,1,5.0,44.0,6.0,A,15.0
1563,high,3,,14.0,1.5,C,
1564,high,0,5.0,1.0,1.7,A,-100.0
1565,low,0,13.0,20.0,9.1,C,15.0
1566,high,1,10.0,12.0,4.6,B,-5.6
1567,low,1,9.0,2.0,5.5,A,-18.6
1568,low,2,14.0,8.0,2.9,D,-100.0
1569,,0,2.0,29.0,3.9,C,15.0
1570,low,1,16.0,7.0,9.8,C,14.9
1571,high,0,9.0,14.0,8.6,A,15.0
1572,high,1,12.0,2.0,8.8,A,-3.7
1573,medium,5,8.0,4.0,3.7,C,-100.0
1574,,0,6.0,25.0,10.0,A,15.0
1575,medium,0,1.0,5.0,8.6,A,5.3
1576,high,1,8.0,21.0,8.3,A,15.0
1577,low,2,3.0,8.0,4.1,C,-13.2
1578,none,0,18.0,45.0,7.1,A,15.0
1579,none,5,9.0,17.0,4.0,A,3.7
1580,medium,1,11.0,7.0,7.3,A,1.3
1581,medium,2,9.0,50.0,9.9,C,15.0
1582,low,2,3.0,19.0,1.6,A,-3.8
1583,low,1,4.0,6.0,2.9,B,-100.0
1584,medium,0,7.0,10.0,5.8,A,-0.2
1585,high,4,9.0,3.0,3.1,B,-100.0
1586,high,1,12.0,15.0,8.9,A,15.0
1587,high,1,6.0,2.0,9.6,A,1.3
1588,low,1,10.0,2.0,10.0,A,6.1
1589,high,1,18.0,2.0,9.7,A,0.6
1590,low,3,4.0,10.0,6.3,A,2.9
1591,high,0,13.0,7.0,9.1,A,8.4
1592,none,1,3.0,13.0,8.5,A,15.0
1593,medium,1,10.0,1.0,9.8,A,2.5
1594,medium,3,6.0,4.0,6.7,A,-8.1
1595,low,0,11.0,2.0,2.3,C,-100.0
1596,low,3,12.0,5.0,8.9,A,5.9
1597,none,1,5.0,9.0,1.0,A,-100.0
1598,medium,1,14.0,2.0,3.0,B,-100.0
1599,low,2,8.0,3.0,2.7,C,-100.0
1600,low,1,10.0,12.0,1.3,C,-100.0
1601,medium,2,1.0,5.0,4.4,B,-18.0
1602,low,1,9.0,19.0,9.7,A,15.0
1603,high,2,4.0,23.0,9.5,A,15.0
1604,high,2,7.0,5.0,4.9,A,-18.5
1605,low,1,14.0,7.0,9.9,A,15.0
1606,none,1,9.0,14.0,6.3,B,10.4
1607,medium,2,10.0,8.0,9.7,A,15.0
1608,medium,1,11.0,21.0,7.7,A,15.0
1609,high,0,13.0,1.0,9.6,A,-1.4
1610,high,1,4.0,5.0,3.2,C,-100.0
1611,low,0,8.0,0.0,2.5,B,-100.0
1612,low,1,1.0,21.0,1.2,A,-1.5
1613,none,4,4.0,19.0,9.7,C,15.0
1614,medium,3,13.0,13.0,9.4,A,15.0
1615,medium,2,4.0,2.0,2.0,A,-100.0
1616,high,3,6.0,7.0,7.6,C,0.6
1617,high,0,21.0,41.0,8.8,A,15.0
1618,medium,2,21.0,19.0,2.4,A,-1.6
1619,medium,1,9.0,10.0,3.6,D,-12.6
1620,high,0,1.0,8.0,7.7,A,4.0
1621,low,2,1.0,6.0,8.7,C,8.1
1622,high,1,3.0,14.0,2.8,A,-10.6
1623,medium,1,10.0,6.0,3.2,A,-100.0
1624,medium,2,34.0,0.0,8.6,A,-8.7
1625,low,0,12.0,5.0,1.5,A,-100.0
1626,medium,0,10.0,2.0,3.6,A,-100.0
1627,medium,1,10.0,2.0,9.2,A,1.3
1628,low,3,4.0,13.0,1.7,A,-16.1
1629,high,0,,0.0,1.9,C,
1630,low,1,4.0,1.0,5.6,A,-19.6
1631,low,2,12.0,1.0,3.3,C,-100.0
1632,none,0,12.0,16.0,6.3,B,14.4
1633,low,1,4.0,4.0,7.7,A,-1.8
1634,low,1,13.0,2.0,7.7,A,-6.9
1635,medium,1,8.0,2.0,3.3,A,-100.0
1636,,2,3.0,1.0,3.6,A,-100.0
1637,high,2,,1.0,9.4,C,
1638,medium,2,15.0,3.0,9.1,A,2.2
1639,high,1,11.0,1.0,9.3,A,-3.0
1640,medium,1,6.0,16.0,2.9,A,-3.6
1641,low,1,4.0,18.0,4.6,A,10.6
1642,medium,2,8.0,4.0,9.8,A,8.9
1643,low,0,7.0,18.0,4.4,A,9.3
1644,low,5,5.0,4.0,9.5,A,7.6
1645,low,3,1.0,41.0,5.6,A,15.0
1646,medium,2,29.0,13.0,1.8,A,-18.3
1647,none,2,2.0,50.0,9.8,A,15.0
1648,low,3,7.0,13.0,2.5,A,-12.0
1649,medium,1,2.0,17.0,1.4,A,-9.3
1650,low,4,30.0,12.0,8.1,A,14.3
1651,medium,1,4.0,50.0,6.9,A,15.0
1652,none,1,2.0,4.0,5.5,A,-14.3
1653,medium,0,14.0,15.0,8.5,A,15.0
1654,high,2,,13.0,7.7,C,
1655,low,2,,28.0,9.3,C,
1656,none,1,,0.0,8.6,C,
1657,high,2,12.0,9.0,8.5,A,9.2
1658,low,1,5.0,28.0,8.9,A,15.0
1659,high,0,15.0,12.0,7.3,A,8.8
1660,medium,0,16.0,0.0,8.5,A,-7.2
1661,high,1,6.0,3.0,7.7,A,-7.1
1662,none,0,10.0,3.0,5.6,D,-16.5
1663,high,1,18.0,1.0,3.9,D,-100.0
1664,medium,1,1.0,12.0,2.6,B,-13.1
1665,medium,3,5.0,2.0,5.9,A,-16.6
1666,high,2,5.0,5.0,2.7,D,-100.0
1667,high,0,3.0,3.0,3.8,A,-100.0
1668,none,2,10.0,42.0,6.8,C,15.0
1669,none,1,5.0,1.0,8.0,C,-7.1
1670,low,1,6.0,11.0,9.0,A,15.0
1671,high,1,23.0,6.0,9.6,A,8.0
1672,medium,1,13.0,4.0,5.5,A,-15.2
1673,low,2,0.0,6.0,1.7,A,-100.0
1674,medium,0,12.0,9.0,8.2,A,10.4
1675,high,1,27.0,1.0,6.4,A,-100.0
1676,low,1,11.0,3.0,2.8,A,-100.0
1677,high,3,8.0,23.0,6.2,C,15.0
1678,low,3,15.0,1.0,8.7,C,-3.9
1679,low,2,7.0,38.0,6.1,C,15.0
1680,none,0,12.0,13.0,9.2,A,15.0
1681,medium,0,10.0,50.0,7.6,B,15.0
1682,none,2,9.0,0.0,9.0,A,-4.2
1683,medium,3,19.0,4.0,6.3,A,-11.5
1684,medium,2,6.0,6.0,9.8,A,13.3
1685,,0,6.0,12.0,3.6,A,-8.2
1686,low,2,14.0,5.0,2.0,C,-100.0
1687,low,0,9.0,4.0,9.3,C,6.6
1688,high,0,11.0,12.0,3.7,A,-10.6
1689,medium,1,12.0,22.0,3.8,A,13.4
1690,none,1,2.0,5.0,7.4,A,-1.7
1691,medium,0,24.0,16.0,6.6,A,15.0
1692,low,1,19.0,5.0,8.7,A,4.3
1693,medium,2,12.0,18.0,7.1,A,15.0
1694,high,0,8.0,10.0,3.4,A,-16.1
1695,low,0,8.0,17.0,1.8,D,-7.2
1696,medium,2,3.0,23.0,6.4,C,15.0
1697,high,3,,7.0,9.8,C,
1698,low,0,21.0,0.0,8.6,C,-6.8
1699,high,2,13.0,8.0,1.6,C,-100.0
1700,low,4,10.0,1.0,6.5,A,-15.6
1701,low,3,29.0,27.0,8.8,A,15.0
1702,high,0,1.0,5.0,3.6,A,-100.0
1703,none,1,15.0,17.0,9.7,A,15.0
1704,low,2,10.0,26.0,3.2,A,15.0
1705,low,2,11.0,4.0,8.7,A,2.9
1706,low,1,9.0,3.0,3.6,A,-100.0
1707,medium,3,8.0,11.0,6.9,A,7.5
1708,high,0,13.0,4.0,4.5,B,-100.0
1709,medium,1,13.0,0.0,8.2,A,-8.7
1710,medium,7,6.0,18.0,8.8,A,15.0
1711,high,0,15.0,9.0,9.8,A,15.0
1712,medium,0,5.0,9.0,8.4,C,12.2
1713,,2,4.0,0.0,8.8,A,-4.8
1714,high,0,2.0,21.0,1.5,B,-2.9
1715,low,2,12.0,0.0,5.5,B,-100.0
1716,medium,1,3.0,13.0,7.4,A,15.0
1717,high,2,31.0,5.0,,D,
1718,medium,3,7.0,1.0,10.0,A,3.7
1719,high,4,3.0,16.0,1.1,C,-16.1
1720,medium,4,11.0,1.0,3.7,A,-100.0
1721,medium,0,9.0,12.0,2.5,C,-14.3
1722,none,4,12.0,21.0,9.1,A,15.0
1723,high,1,13.0,10.0,2.4,A,-100.0
1724,,3,6.0,6.0,1.3,A,-100.0
1725,none,0,3.0,0.0,1.3,C,-100.0
1726,none,3,6.0,7.0,9.4,A,12.9
1727,none,1,6.0,1.0,8.1,A,-6.7
1728,none,2,13.0,17.0,6.9,C,15.0
1729,low,0,11.0,9.0,4.9,C,-7.3
1730,high,1,7.0,6.0,1.7,A,-100.0
1731,low,4,9.0,18.0,9.1,A,15.0
1732,medium,4,2.0,3.0,3.0,B,-100.0
1733,none,0,7.0,8.0,8.4,C,9.7
1734,low,3,3.0,24.0,8.2,A,15.0
1735,high,1,2.0,2.0,8.3,A,-5.5
1736,medium,1,5.0,4.0,4.3,A,-100.0
1737,low,1,5.0,0.0,5.2,A,-100.0
1738,none,0,11.0,2.0,8.6,A,-2.2
1739,low,2,11.0,1.0,8.7,A,-3.4
1740,,1,9.0,6.0,7.7,A,1.3
1741,low,1,8.0,2.0,8.3,D,-3.1
1742,high,2,3.0,30.0,7.5,A,15.0
1743,none,1,11.0,20.0,9.7,A,15.0
1744,none,0,18.0,12.0,8.7,D,15.0
1745,high,2,3.0,16.0,9.6,C,15.0
1746,high,0,7.0,8.0,6.7,A,-2.1
1747,high,0,2.0,5.0,5.1,A,-16.7
1748,low,1,8.0,15.0,9.4,A,15.0
1749,high,1,13.0,1.0,8.9,A,-5.4
1750,high,4,15.0,40.0,8.7,A,15.0
1751,high,2,10.0,11.0,9.8,A,15.0
1752,high,3,7.0,1.0,9.5,C,-1.7
1753,high,1,36.0,4.0,6.1,D,-16.8
1754,none,4,12.0,1.0,7.0,A,-13.6
1755,none,1,24.0,14.0,8.4,A,15.0
1756,none,0,4.0,7.0,9.3,A,12.8
1757,medium,2,5.0,2.0,6.3,B,-14.2
1758,high,0,12.0,9.0,8.5,C,9.4
1759,low,1,7.0,3.0,7.9,D,-3.1
1760,low,1,26.0,6.0,9.7,C,11.2
1761,high,0,3.0,2.0,8.1,D,-6.6
1762,low,1,16.0,3.0,4.1,A,-100.0
1763,medium,2,3.0,9.0,8.5,A,12.7
1764,low,3,3.0,12.0,1.9,A,-17.0
1765,,1,16.0,11.0,7.5,A,10.0
1766,high,2,1.0,7.0,4.8,A,-14.2
1767,low,0,18.0,9.0,2.4,C,-100.0
1768,none,0,11.0,8.0,8.2,A,8.2
1769,medium,4,8.0,4.0,2.5,A,-100.0
1770,low,1,10.0,0.0,3.6,A,-100.0
1771,none,2,11.0,12.0,9.9,A,15.0
1772,high,2,3.0,2.0,2.2,A,-100.0
1773,medium,0,8.0,26.0,9.4,B,15.0
1774,low,2,7.0,16.0,5.0,B,8.2
1775,medium,0,3.0,3.0,6.7,A,-9.5
1776,none,1,17.0,13.0,8.4,C,15.0
1777,medium,2,1.0,6.0,8.3,A,5.5
1778,high,3,1.0,2.0,8.1,B,-6.7
1779,medium,0,12.0,18.0,7.5,D,15.0
1780,low,2,2.0,1.0,7.2,C,-10.7
1781,high,1,6.0,1.0,1.5,C,-100.0
1782,low,4,2.0,11.0,8.9,C,15.0
1783,low,2,9.0,8.0,3.2,B,-18.7
1784,high,1,13.0,8.0,6.1,A,-6.1
1785,low,1,15.0,27.0,7.9,A,15.0
1786,medium,2,15.0,3.0,3.2,A,-100.0
1787,medium,1,12.0,3.0,8.2,D,-2.3
1788,low,0,16.0,15.0,9.1,A,15.0
1789,,1,11.0,2.0,4.6,C,-100.0
1790,low,1,11.0,22.0,3.0,A,9.5
1791,low,2,9.0,1.0,4.6,A,-100.0
1792,none,1,3.0,8.0,2.2,A,-100.0
1793,low,2,13.0,3.0,5.3,A,-18.1
1794,low,1,9.0,14.0,1.9,A,-13.2
1795,low,2,11.0,20.0,4.8,A,15.0
1796,high,4,6.0,1.0,9.7,A,-0.6
1797,high,2,8.0,24.0,4.4,A,15.0
1798,medium,2,7.0,4.0,7.1,A,-5.8
1799,high,4,5.0,21.0,5.8,C,15.0
1800,high,3,27.0,1.0,9.8,A,-2.0
1801,none,3,1.0,0.0,7.2,A,-13.4
1802,medium,0,8.0,5.0,4.1,C,-100.0
1803,low,1,2.0,1.0,3.5,A,-100.0
1804,high,0,8.0,1.0,9.7,A,-0.4
1805,low,1,13.0,29.0,2.0,C,15.0
1806,medium,5,5.0,10.0,1.5,A,-100.0
1807,low,1,16.0,3.0,5.9,A,-15.0
1808,medium,1,12.0,3.0,8.3,A,-1.8
1809,high,1,28.0,22.0,7.5,B,15.0
1810,medium,2,7.0,4.0,8.5,A,1.9
1811,low,2,15.0,10.0,6.8,A,4.7
1812,medium,2,10.0,50.0,2.9,C,15.0
1813,low,4,9.0,3.0,6.0,B,-14.0
1814,low,1,6.0,1.0,2.4,A,-100.0
1815,low,2,12.0,20.0,8.8,C,15.0
1816,low,2,3.0,2.0,9.4,A,3.4
1817,none,0,5.0,2.0,7.3,A,-8.8
1818,high,1,3.0,25.0,3.2,A,14.7
1819,high,3,3.0,6.0,9.8,C,10.9
1820,none,1,1.0,9.0,8.3,A,11.7
1821,high,2,6.0,6.0,7.1,A,-4.2
1822,medium,2,9.0,27.0,3.4,C,15.0
1823,medium,0,4.0,1.0,7.7,C,-8.3
1824,low,1,15.0,25.0,8.2,A,15.0
1825,high,0,9.0,13.0,9.3,A,15.0
1826,high,0,5.0,50.0,5.0,A,15.0
1827,low,0,4.0,44.0,5.5,A,15.0
1828,none,2,11.0,50.0,5.4,A,15.0
1829,low,1,8.0,23.0,2.3,A,8.0
1830,low,1,9.0,6.0,4.5,A,-15.7
1831,low,0,22.0,26.0,8.4,A,15.0
1832,none,1,3.0,11.0,2.2,A,-17.8
1833,medium,2,5.0,5.0,3.3,A,-100.0
1834,low,4,38.0,1.0,6.3,A,-19.5
1835,low,1,17.0,40.0,8.3,B,15.0
1836,medium,0,6.0,2.0,7.2,A,-9.2
1837,medium,1,6.0,6.0,3.8,B,-19.6
1838,low,5,,17.0,10.0,C,
1839,medium,1,8.0,4.0,8.7,B,3.0
1840,medium,0,11.0,22.0,1.8,C,2.6
1841,medium,2,13.0,21.0,2.1,A,1.8
1842,high,2,7.0,18.0,8.3,C,15.0
1843,low,2,2.0,16.0,9.4,A,15.0
1844,medium,6,11.0,19.0,3.4,A,4.5
1845,none,1,6.0,2.0,8.3,A,-3.5
1846,high,0,15.0,21.0,8.1,C,15.0
1847,high,2,6.0,50.0,9.0,A,15.0
1848,none,1,6.0,39.0,1.4,A,15.0
1849,none,3,6.0,4.0,1.1,C,-100.0
1850,high,1,5.0,23.0,4.6,B,15.0
1851,low,1,10.0,6.0,1.5,A,-100.0
1852,low,2,2.0,19.0,6.6,A,15.0
1853,low,2,10.0,11.0,5.9,A,2.3
1854,high,1,4.0,10.0,9.9,A,15.0
1855,medium,0,3.0,7.0,5.7,A,-6.6
1856,high,0,11.0,7.0,5.1,B,-13.4
1857,low,1,4.0,1.0,10.0,A,4.6
1858,high,1,11.0,19.0,9.9,C,15.0
1859,medium,2,11.0,7.0,8.9,A,10.0
1860,none,0,5.0,22.0,9.2,A,15.0
1861,low,1,6.0,0.0,3.8,A,-100.0
1862,medium,1,7.0,35.0,5.6,A,15.0
1863,low,0,7.0,14.0,,D,
1864,low,3,11.0,19.0,9.9,C,15.0
1865,medium,2,2.0,38.0,9.9,A,15.0
1866,none,1,7.0,5.0,9.2,C,7.7
1867,high,3,9.0,2.0,7.9,A,-8.6
1868,low,2,15.0,8.0,3.4,A,-18.2
1869,low,1,10.0,12.0,3.2,B,-10.3
1870,low,1,11.0,7.0,5.7,A,-7.2
1871,none,0,4.0,7.0,2.4,A,-100.0
1872,medium,1,11.0,34.0,9.7,A,15.0
1873,high,0,20.0,1.0,3.6,A,-100.0
1874,none,1,14.0,16.0,2.2,C,-8.4
1875,medium,3,8.0,6.0,3.4,C,-100.0
1876,low,2,22.0,50.0,8.3,A,15.0
1877,high,2,14.0,8.0,5.1,A,-11.8
1878,high,2,2.0,26.0,1.0,A,4.7
1879,none,2,8.0,0.0,4.1,A,-100.0
1880,low,0,12.0,1.0,9.7,A,2.2
1881,high,1,3.0,2.0,10.0,A,3.8
1882,high,1,12.0,0.0,9.1,C,-6.3
1883,low,0,19.0,9.0,3.8,A,-14.1
1884,medium,1,3.0,13.0,2.4,A,-12.3
1885,high,0,8.0,7.0,2.5,A,-100.0
1886,high,0,11.0,16.0,2.9,C,-6.6
1887,low,1,2.0,5.0,7.8,A,1.1
1888,low,0,20.0,15.0,2.5,A,-8.8
1889,high,0,3.0,9.0,7.4,A,4.3
1890,high,1,18.0,8.0,6.3,A,-5.5
1891,high,4,6.0,16.0,3.8,C,-1.5
1892,low,3,11.0,21.0,7.2,D,15.0
1893,medium,1,16.0,2.0,1.2,D,-100.0
1894,low,1,10.0,1.0,9.0,A,-1.5
1895,low,2,30.0,13.0,8.6,B,15.0
1896,medium,3,13.0,24.0,8.2,A,15.0
1897,medium,1,3.0,8.0,9.4,C,15.0
1898,medium,2,12.0,6.0,9.3,D,9.9
1899,high,1,4.0,0.0,6.9,A,-17.6
1900,high,2,18.0,50.0,8.9,A,15.0
1901,,2,12.0,17.0,1.5,A,-10.1
1902,medium,2,2.0,2.0,2.0,D,-100.0
1903,low,1,3.0,22.0,1.7,B,3.1
1904,medium,2,16.0,4.0,6.0,B,-12.8
1905,medium,0,40.0,8.0,9.7,D,13.8
1906,medium,1,14.0,8.0,3.7,C,-16.8
1907,none,0,6.0,3.0,9.4,A,4.8
1908,low,1,3.0,9.0,8.1,A,11.0
1909,high,1,4.0,7.0,3.3,D,-100.0
1910,high,1,11.0,17.0,1.6,B,-11.7
1911,low,3,8.0,12.0,1.1,A,-100.0
1912,high,1,11.0,7.0,6.7,A,-4.7
1913,none,3,29.0,22.0,5.4,B,15.0
1914,medium,1,14.0,5.0,3.1,A,-100.0
1915,medium,2,7.0,3.0,9.1,A,3.0
1916,high,2,6.0,24.0,8.1,A,15.0
1917,high,4,6.0,1.0,4.5,A,-100.0
1918,,2,9.0,12.0,4.0,A,-6.5
1919,high,1,13.0,14.0,1.9,A,-16.6
1920,high,0,2.0,12.0,7.0,A,8.5
1921,high,0,9.0,6.0,9.0,C,6.2
1922,medium,2,12.0,9.0,8.8,A,13.5
1923,medium,2,7.0,7.0,2.1,D,-100.0
1924,medium,3,5.0,7.0,2.4,C,-100.0
1925,high,1,10.0,17.0,5.9,A,12.0
1926,high,3,13.0,24.0,10.0,C,15.0
1927,high,2,12.0,0.0,5.8,A,-100.0
1928,high,2,13.0,4.0,8.2,A,-3.0
1929,low,0,8.0,50.0,5.4,A,15.0
1930,low,1,9.0,50.0,6.2,A,15.0
1931,high,0,3.0,4.0,5.4,B,-17.2
1932,medium,1,13.0,6.0,6.3,D,-6.5
1933,high,2,12.0,0.0,6.2,A,-100.0
1934,none,1,15.0,5.0,3.9,C,-100.0
1935,high,2,8.0,14.0,1.7,C,-17.3
1936,high,0,9.0,3.0,9.0,A,-0.1
1937,low,0,5.0,17.0,2.4,A,-3.6
1938,high,3,8.0,8.0,8.9,A,9.6
1939,high,0,5.0,0.0,9.5,D,-3.3
1940,none,4,4.0,7.0,2.4,A,-100.0
1941,medium,4,10.0,9.0,9.5,B,15.0
1942,high,0,8.0,2.0,10.0,A,3.4
1943,low,1,10.0,6.0,8.2,A,4.6
1944,medium,1,14.0,18.0,3.5,A,3.1
1945,none,0,,25.0,9.1,C,
1946,medium,3,3.0,27.0,3.4,C,15.0
1947,high,2,18.0,5.0,2.1,A,-100.0
1948,low,0,12.0,2.0,1.6,A,-100.0
1949,medium,1,35.0,6.0,8.0,A,0.6
1950,low,2,10.0,37.0,2.6,A,15.0
1951,high,2,5.0,4.0,8.8,A,1.1
1952,none,1,13.0,37.0,2.1,C,15.0
1953,high,0,6.0,7.0,3.0,C,-100.0
1954,low,1,12.0,2.0,9.4,A,2.6
1955,medium,1,15.0,2.0,7.6,A,-8.0
1956,medium,3,14.0,16.0,5.4,A,9.2
1957,high,3,9.0,50.0,8.4,B,15.0
1958,low,2,7.0,1.0,1.4,B,-100.0
1959,low,2,27.0,32.0,2.5,A,15.0
1960,medium,2,4.0,3.0,8.9,A,2.2
1961,high,0,20.0,8.0,4.6,A,-14.9
1962,low,3,11.0,5.0,5.2,C,-14.3
1963,medium,1,25.0,31.0,8.8,A,15.0
1964,low,1,17.0,11.0,7.2,D,8.9
1965,high,1,9.0,12.0,9.4,C,15.0
1966,low,0,13.0,4.0,8.3,C,0.7
1967,low,2,13.0,13.0,9.5,A,15.0
1968,high,0,3.0,29.0,9.7,A,15.0
1969,high,2,21.0,5.0,6.0,C,-13.8
1970,none,0,7.0,3.0,7.6,A,-5.2
1971,medium,1,15.0,0.0,4.8,C,-100.0
1972,high,2,14.0,50.0,5.0,B,15.0
1973,low,3,7.0,13.0,7.2,A,13.9
1974,high,0,12.0,14.0,9.9,A,15.0
1975,low,2,4.0,8.0,6.7,A,1.0
1976,none,3,24.0,5.0,6.1,C,-11.3
1977,low,1,4.0,9.0,3.7,A,-13.3
1978,medium,2,16.0,0.0,8.9,B,-5.2
1979,high,3,22.0,8.0,8.1,A,3.8
1980,medium,2,,37.0,1.4,C,
1981,none,1,4.0,2.0,3.7,D,-100.0
1982,low,3,1.0,3.0,9.1,A,3.9
1983,high,2,3.0,0.0,2.3,A,-100.0
1984,low,2,5.0,15.0,9.5,C,15.0
1985,medium,0,4.0,3.0,4.6,A,-100.0
1986,none,0,13.0,1.0,6.0,A,-18.8
1987,medium,0,15.0,15.0,9.2,B,15.0
1988,high,1,5.0,5.0,6.2,C,-11.0
1989,low,1,2.0,9.0,9.0,A,15.0
1990,medium,1,2.0,4.0,1.2,A,-100.0
1991,low,1,25.0,0.0,8.6,A,-7.3
1992,high,0,18.0,5.0,8.7,A,1.5
1993,medium,1,9.0,2.0,7.5,A,-7.9
1994,none,2,4.0,1.0,7.4,A,-10.4
1995,high,0,25.0,2.0,9.7,A,0.0
1996,low,1,14.0,21.0,9.9,C,
1997,low,3,5.0,20.0,2.1,A,0.7
1998,high,1,30.0,11.0,3.6,A,-15.2
1999,high,1,8.0,0.0,2.6,C,-100.0
2000,medium,2,6.0,9.0,6.0,A,-1.3
2001,none,3,11.0,22.0,5.7,C,15.0
2002,low,3,2.0,17.0,9.7,C,15.0
2003,low,2,17.0,5.0,9.9,C,11.0
2004,none,0,9.0,17.0,9.1,C,15.0
2005,medium,3,2.0,5.0,1.9,C,-100.0
2006,high,0,12.0,3.0,4.7,A,-100.0
2007,none,2,8.0,7.0,8.2,C,6.2
2008,low,4,23.0,20.0,9.6,B,15.0
2009,high,0,3.0,32.0,8.2,B,15.0
2010,high,4,32.0,16.0,2.9,A,-9.1
2011,medium,1,1.0,13.0,2.4,C,-12.1
2012,high,0,13.0,6.0,9.2,A,6.9
2013,none,2,12.0,6.0,9.4,A,10.3
2014,medium,4,13.0,8.0,7.5,A,4.0
2015,medium,0,3.0,2.0,8.9,A,0.5
2016,none,0,9.0,1.0,2.2,A,-100.0
2017,high,0,9.0,13.0,2.7,A,-13.8
2018,none,3,17.0,4.0,4.0,A,-100.0
2019,none,1,16.0,25.0,6.3,A,15.0
2020,high,1,5.0,10.0,9.0,C,14.9
2021,high,0,9.0,19.0,10.0,A,15.0
2022,low,1,1.0,4.0,4.6,A,-18.5
2023,low,1,1.0,1.0,3.8,A,-100.0
2024,high,0,12.0,12.0,9.8,A,15.0
2025,medium,1,7.0,7.0,2.3,A,-100.0
2026,none,2,4.0,4.0,8.4,A,1.4
2027,low,2,6.0,11.0,1.2,A,-100.0
2028,low,2,9.0,5.0,9.1,C,7.4
2029,high,1,21.0,8.0,7.4,A,0.3
2030,low,1,11.0,7.0,6.2,A,-4.4
2031,high,2,13.0,16.0,9.1,A,15.0
2032,medium,1,3.0,15.0,4.5,A,3.4
2033,low,1,1.0,2.0,4.6,A,-100.0
2034,medium,2,7.0,29.0,9.9,C,15.0
2035,none,2,5.0,8.0,8.1,A,8.0
2036,low,1,2.0,5.0,2.9,A,-100.0
2037,low,1,4.0,2.0,9.3,B,2.8
2038,none,0,1.0,7.0,7.0,A,0.5
2039,high,1,13.0,6.0,4.8,A,-17.4
2040,low,0,16.0,4.0,7.5,C,-4.0
2041,none,0,5.0,14.0,1.2,C,-17.1
2042,high,1,10.0,5.0,2.7,A,-100.0
2043,none,0,26.0,19.0,6.4,C,15.0
2044,none,2,9.0,5.0,8.8,B,5.2
2045,low,2,24.0,8.0,8.8,A,10.6
2046,high,1,7.0,1.0,9.0,C,-4.2
2047,high,2,9.0,0.0,6.5,C,-100.0
2048,low,1,15.0,9.0,9.0,A,14.8
2049,medium,1,26.0,4.0,8.3,A,-1.1
2050,high,1,4.0,9.0,8.6,A,10.7
2051,low,0,8.0,9.0,5.5,A,-3.7
2052,low,3,9.0,10.0,2.0,D,-100.0
2053,low,1,4.0,9.0,6.8,A,3.8
2054,low,1,16.0,12.0,2.2,A,-16.4
2055,medium,2,4.0,10.0,1.8,A,-100.0
2056,low,0,15.0,1.0,8.0,A,-7.4
2057,medium,0,8.0,9.0,9.4,A,15.0
2058,medium,1,10.0,7.0,1.2,C,-100.0
2059,low,1,7.0,6.0,3.3,A,-100.0
2060,high,1,20.0,11.0,9.5,C,15.0
2061,none,1,25.0,3.0,8.4,B,-2.7
2062,medium,2,15.0,10.0,8.1,B,11.5
2063,medium,5,19.0,7.0,7.5,C,1.1
2064,medium,3,13.0,15.0,8.3,A,15.0
2065,,1,16.0,1.0,8.8,C,-3.8
2066,none,2,36.0,20.0,5.7,A,15.0
2067,high,0,13.0,5.0,6.1,A,-12.3
2068,none,1,8.0,1.0,3.6,A,-100.0
2069,none,0,4.0,4.0,3.3,A,-100.0
2070,high,2,1.0,2.0,,D,
2071,high,0,0.0,2.0,8.7,A,-3.0
2072,low,3,5.0,0.0,4.9,A,-100.0
2073,high,3,1.0,17.0,4.4,A,4.5
2074,none,4,13.0,11.0,4.4,A,-7.0
2075,high,1,2.0,1.0,1.3,A,-100.0
2076,high,1,5.0,2.0,8.1,A,-6.9
2077,low,0,8.0,9.0,8.7,A,13.9
2078,high,2,8.0,3.0,2.4,A,-100.0
2079,low,0,9.0,1.0,4.8,A,-100.0
2080,medium,2,16.0,9.0,3.5,B,-16.0
2081,low,2,2.0,4.0,8.4,D,2.2
2082,none,2,5.0,21.0,8.3,A,15.0
2083,low,2,17.0,9.0,8.4,A,11.2
2084,medium,2,12.0,9.0,9.8,A,15.0
2085,low,2,3.0,5.0,7.2,C,-2.4
2086,high,3,4.0,1.0,7.4,B,-12.9
2087,low,1,7.0,22.0,9.8,C,15.0
2088,medium,2,10.0,32.0,9.7,A,15.0
2089,,0,5.0,15.0,3.2,A,-4.0
2090,none,1,13.0,6.0,1.5,B,-100.0
2091,high,2,8.0,4.0,5.5,C,-17.4
2092,medium,2,6.0,37.0,9.4,B,15.0
2093,medium,3,30.0,5.0,4.7,A,-19.4
2094,low,3,6.0,2.0,8.7,A,-0.9
2095,,2,4.0,3.0,9.5,A,5.3
2096,low,3,3.0,15.0,1.1,A,-15.1
2097,low,0,6.0,19.0,7.1,A,15.0
2098,high,2,19.0,4.0,1.2,C,-100.0
2099,low,1,3.0,11.0,2.2,A,-17.2
2100,high,1,7.0,50.0,9.8,A,15.0
2101,low,1,5.0,35.0,8.0,C,15.0
2102,medium,3,9.0,6.0,3.9,A,-19.5
2103,low,1,7.0,23.0,9.0,A,15.0
2104,medium,2,2.0,1.0,5.8,B,-18.8
2105,medium,0,8.0,9.0,3.3,C,-16.1
2106,low,1,1.0,7.0,9.7,C,15.0
2107,medium,1,2.0,13.0,1.2,C,-18.8
2108,high,1,13.0,10.0,2.7,D,-100.0
2109,low,0,12.0,6.0,8.1,C,3.9
2110,medium,0,3.0,1.0,1.3,A,-100.0
2111,low,1,35.0,5.0,8.9,A,3.8
2112,medium,3,10.0,4.0,4.5,A,-100.0
2113,medium,0,4.0,21.0,5.3,C,15.0
2114,medium,2,3.0,15.0,5.1,A,6.7
2115,low,2,15.0,6.0,8.4,A,5.1
2116,low,2,11.0,6.0,3.6,C,-100.0
2117,medium,1,15.0,2.0,4.2,C,-100.0
2118,none,0,3.0,14.0,8.9,C,15.0
2119,low,1,3.0,16.0,3.6,A,1.0
2120,low,2,18.0,48.0,8.5,B,15.0
2121,medium,1,6.0,1.0,6.9,B,-13.1
2122,low,2,19.0,12.0,1.3,A,-100.0
2123,high,1,12.0,8.0,9.5,A,12.7
2124,low,2,28.0,14.0,4.8,A,0.8
2125,high,1,22.0,5.0,7.6,A,-5.0
2126,high,4,3.0,1.0,10.0,A,1.4
2127,high,1,21.0,13.0,8.2,B,15.0
2128,medium,1,13.0,8.0,3.0,A,-100.0
2129,low,1,15.0,3.0,8.6,A,-0.0
2130,high,0,2.0,2.0,5.5,A,-100.0
2131,none,0,8.0,1.0,9.4,B,0.4
2132,high,0,16.0,17.0,2.9,A,-5.0
2133,none,1,8.0,3.0,7.8,B,-4.3
2134,high,0,9.0,15.0,3.9,A,-3.0
2135,none,2,13.0,0.0,2.2,A,-100.0
2136,medium,1,3.0,22.0,1.3,A,0.5
2137,medium,1,8.0,8.0,6.3,A,-1.8
2138,medium,1,8.0,50.0,5.5,A,15.0
2139,medium,1,3.0,12.0,9.2,A,15.0
2140,low,1,9.0,26.0,9.8,A,15.0
2141,none,2,5.0,3.0,1.2,C,-100.0
2142,low,2,3.0,4.0,8.1,C,0.4
2143,none,2,14.0,18.0,2.9,C,-0.5
2144,medium,2,6.0,14.0,8.5,A,15.0
2145,medium,1,15.0,1.0,5.2,A,-100.0
2146,high,1,8.0,14.0,7.8,B,15.0
2147,none,0,10.0,9.0,9.9,A,15.0
2148,high,2,4.0,40.0,4.2,A,15.0
2149,high,0,5.0,6.0,9.2,A,7.7
2150,high,1,3.0,19.0,2.2,D,-3.4
2151,low,2,6.0,8.0,9.5,A,15.0
2152,low,1,3.0,2.0,2.3,A,-100.0
2153,high,0,12.0,2.0,2.2,A,-100.0
2154,low,3,11.0,5.0,3.1,B,-100.0
2155,low,1,11.0,3.0,2.7,A,-100.0
2156,high,1,20.0,4.0,3.4,C,-100.0
2157,,2,4.0,6.0,9.1,A,9.4
2158,medium,2,11.0,4.0,9.6,A,7.5
2159,low,1,7.0,3.0,2.4,A,-100.0
2160,medium,3,4.0,6.0,9.6,C,12.3
2161,none,2,8.0,5.0,3.6,A,-100.0
2162,medium,4,20.0,35.0,3.8,A,15.0
2163,high,2,5.0,6.0,8.1,A,1.4
2164,none,1,3.0,4.0,1.6,C,-100.0
2165,low,1,2.0,27.0,8.0,D,15.0
2166,medium,0,14.0,38.0,3.1,A,15.0
2167,none,1,14.0,18.0,2.4,A,-3.1
2168,high,2,7.0,0.0,8.2,A,-10.8
2169,high,3,18.0,25.0,8.7,A,15.0
2170,medium,1,8.0,25.0,8.8,A,15.0
2171,low,0,1.0,8.0,8.7,D,12.5
2172,none,1,4.0,15.0,1.4,D,-13.9
2173,medium,1,25.0,31.0,2.3,C,15.0
2174,low,0,22.0,12.0,6.5,A,6.7
2175,low,5,3.0,0.0,1.5,A,-100.0
2176,high,1,8.0,11.0,2.8,A,-17.4
2177,none,3,3.0,0.0,4.5,A,-100.0
2178,high,3,8.0,4.0,7.7,C,-5.4
2179,low,5,17.0,12.0,7.2,A,10.6
2180,high,0,3.0,50.0,5.6,B,15.0
2181,high,2,1.0,6.0,2.7,A,-100.0
2182,low,2,27.0,6.0,9.5,A,9.9
2183,none,1,3.0,6.0,6.2,C,-6.3
2184,none,3,7.0,5.0,4.5,A,-18.4
2185,high,2,4.0,26.0,3.0,A,15.0
2186,,2,11.0,20.0,8.6,B,15.0
2187,low,2,7.0,1.0,3.0,A,-100.0
2188,low,3,12.0,3.0,1.0,A,-100.0
2189,high,1,3.0,8.0,8.7,A,9.2
2190,medium,2,4.0,13.0,3.1,A,-8.6
2191,low,5,5.0,9.0,6.2,A,-0.0
2192,high,2,2.0,5.0,8.8,D,3.5
2193,low,2,2.0,7.0,1.7,A,-100.0
2194,high,1,6.0,8.0,6.1,A,-5.4
2195,high,2,16.0,9.0,8.0,A,6.1
2196,low,1,7.0,1.0,1.6,A,-100.0
2197,high,2,10.0,4.0,7.3,A,-7.7
2198,medium,3,1.0,24.0,4.8,A,15.0
2199,none,0,13.0,16.0,7.0,A,15.0
2200,medium,2,30.0,1.0,2.5,A,-100.0
2201,high,0,15.0,6.0,3.3,A,-100.0
2202,high,3,1.0,2.0,6.0,A,-18.2
2203,high,2,9.0,4.0,6.5,A,-12.0
2204,high,2,5.0,9.0,2.9,A,-100.0
2205,none,0,4.0,3.0,9.6,A,6.1
2206,medium,0,20.0,4.0,4.4,B,-100.0
2207,none,1,3.0,1.0,4.9,A,-100.0
2208,high,1,5.0,16.0,8.2,B,15.0
2209,low,1,7.0,5.0,3.3,A,-100.0
2210,medium,0,2.0,3.0,8.0,C,-2.3
2211,high,2,1.0,16.0,6.9,D,15.0
2212,high,1,7.0,2.0,2.0,B,-100.0
2213,medium,2,3.0,7.0,3.5,A,-19.0
2214,medium,2,4.0,10.0,8.6,B,15.0
2215,high,0,5.0,8.0,4.4,B,-14.5
2216,medium,3,14.0,9.0,9.4,A,15.0
2217,low,3,1.0,3.0,9.4,C,5.6
2218,low,1,8.0,23.0,9.3,A,15.0
2219,low,3,12.0,8.0,2.7,A,-100.0
2220,low,2,3.0,4.0,4.2,A,-100.0
2221,high,1,3.0,4.0,8.6,C,0.3
2222,medium,1,19.0,5.0,9.9,A,10.5
2223,high,2,3.0,13.0,6.2,A,5.9
2224,none,2,13.0,3.0,8.6,C,-0.5
2225,medium,2,4.0,7.0,2.0,C,-100.0
2226,high,1,10.0,11.0,4.4,A,-8.8
2227,low,4,7.0,50.0,9.5,A,15.0
2228,,3,3.0,17.0,7.7,A,15.0
2229,low,0,18.0,3.0,3.5,A,-100.0
2230,,2,5.0,11.0,5.6,A,0.6
2231,low,2,2.0,1.0,6.0,A,-17.3
2232,low,2,21.0,47.0,6.6,A,15.0
2233,none,1,3.0,11.0,8.7,A,15.0
2234,low,2,32.0,4.0,9.7,B,6.3
2235,high,1,19.0,44.0,8.8,A,15.0
2236,high,1,3.0,7.0,2.0,A,-100.0
2237,medium,0,,17.0,1.7,C,
2238,medium,2,13.0,4.0,2.3,A,-100.0
2239,high,2,14.0,50.0,9.2,B,15.0
2240,high,1,6.0,16.0,3.0,A,-5.6
2241,low,1,7.0,2.0,7.5,A,-7.4
2242,none,4,18.0,9.0,8.9,C,13.0
2243,medium,2,4.0,4.0,6.4,C,-9.4
2244,low,3,9.0,38.0,1.0,A,15.0
2245,high,3,40.0,12.0,9.8,A,15.0
2246,medium,0,3.0,7.0,2.2,A,-100.0
2247,none,1,13.0,10.0,1.4,A,-100.0
2248,medium,1,,19.0,2.1,C,
2249,high,0,4.0,36.0,9.0,A,15.0
2250,low,0,26.0,42.0,10.0,C,15.0
2251,medium,2,14.0,27.0,1.2,A,9.3
2252,high,1,1.0,15.0,8.6,D,15.0
2253,low,2,15.0,0.0,8.5,C,-7.0
2254,high,4,9.0,5.0,8.6,A,1.5
2255,high,2,12.0,7.0,3.7,C,-100.0
2256,,0,4.0,41.0,9.5,A,15.0
2257,none,1,1.0,7.0,1.7,B,-100.0
2258,medium,1,4.0,2.0,7.2,A,-9.1
2259,medium,2,5.0,50.0,3.8,A,15.0
2260,medium,1,6.0,6.0,1.9,D,-100.0
2261,high,0,16.0,1.0,8.4,C,-8.3
2262,medium,2,10.0,14.0,2.8,D,-8.8
2263,low,0,16.0,1.0,5.6,B,-100.0
2264,medium,1,6.0,1.0,2.7,C,-100.0
2265,high,2,7.0,23.0,3.4,A,11.1
2266,high,3,4.0,11.0,8.9,C,15.0
2267,low,2,18.0,2.0,1.1,A,-100.0
2268,medium,2,14.0,6.0,2.5,A,-100.0
2269,none,0,4.0,1.0,9.6,D,1.9
2270,medium,0,0.0,7.0,8.3,A,7.9
2271,medium,0,11.0,4.0,9.1,A,5.0
2272,high,4,25.0,17.0,3.9,A,-0.8
2273,low,1,13.0,5.0,8.2,A,2.2
2274,,1,16.0,17.0,5.0,C,8.9
2275,high,3,4.0,6.0,6.7,A,-6.3
2276,high,2,4.0,1.0,9.5,A,-1.3
2277,none,0,13.0,12.0,7.8,A,14.2
2278,medium,3,9.0,10.0,2.4,A,-19.4
2279,high,0,6.0,3.0,3.2,A,-100.0
2280,low,2,7.0,16.0,8.7,A,15.0
2281,medium,1,3.0,3.0,9.5,A,5.7
2282,high,0,6.0,4.0,2.9,A,-100.0
2283,medium,2,18.0,9.0,3.2,B,-17.9
2284,medium,5,23.0,0.0,1.8,A,-100.0
2285,medium,1,7.0,9.0,9.3,A,15.0
2286,medium,2,25.0,15.0,9.6,C,15.0
2287,none,1,2.0,12.0,7.9,A,15.0
2288,high,2,13.0,3.0,8.4,B,-4.0
2289,none,5,11.0,4.0,4.8,A,-19.4
2290,none,2,15.0,3.0,3.9,A,-100.0
2291,medium,2,19.0,7.0,3.8,A,-18.9
2292,medium,0,11.0,11.0,8.7,A,15.0
2293,low,3,15.0,1.0,5.8,A,-19.8
2294,medium,3,16.0,21.0,3.2,A,7.4
2295,high,1,4.0,26.0,3.0,A,15.0
2296,low,0,4.0,11.0,2.9,A,-13.4
2297,medium,1,14.0,20.0,8.4,A,15.0
2298,low,2,1.0,34.0,1.7,A,15.0
2299,medium,2,18.0,21.0,2.3,C,2.3
2300,none,1,9.0,23.0,8.6,A,15.0
2301,medium,2,1.0,10.0,1.9,C,-100.0
2302,low,1,8.0,4.0,1.9,A,-100.0
2303,high,1,9.0,2.0,8.6,C,-4.5
2304,high,1,,32.0,7.2,C,
2305,high,3,23.0,10.0,8.1,A,7.9
2306,high,1,10.0,17.0,2.1,C,-8.9
2307,low,4,6.0,37.0,3.2,A,15.0
2308,low,4,13.0,7.0,5.0,C,-11.5
2309,medium,2,3.0,0.0,7.3,A,-12.8
2310,high,0,9.0,5.0,5.2,A,-16.8
2311,high,1,16.0,30.0,9.4,A,15.0
2312,medium,0,2.0,8.0,3.7,A,-15.5
2313,low,2,2.0,0.0,5.0,A,-100.0
2314,low,2,27.0,20.0,8.4,A,15.0
2315,medium,2,2.0,12.0,1.5,C,-19.3
2316,high,1,5.0,3.0,8.2,A,-4.2
2317,medium,1,7.0,11.0,7.9,A,13.3
2318,low,0,15.0,13.0,5.0,A,1.3
2319,medium,2,10.0,1.0,4.4,A,-100.0
2320,high,2,20.0,35.0,3.9,A,15.0
2321,medium,1,3.0,1.0,5.5,A,-100.0
2322,high,2,16.0,4.0,3.0,A,-100.0
2323,none,4,13.0,2.0,9.2,C,0.5
2324,low,2,8.0,6.0,9.8,A,13.5
2325,medium,1,4.0,2.0,7.8,A,-5.8
2326,high,2,5.0,12.0,4.9,A,-3.6
2327,medium,1,7.0,11.0,5.1,C,-2.1
2328,none,0,31.0,2.0,2.3,A,-100.0
2329,low,2,12.0,37.0,9.9,B,15.0
2330,medium,3,10.0,10.0,9.5,A,15.0
2331,low,1,11.0,11.0,5.3,C,-1.0
2332,high,2,1.0,36.0,,A,
2333,none,1,3.0,14.0,8.2,C,15.0
2334,high,2,10.0,6.0,5.1,B,-15.6
2335,high,2,16.0,36.0,2.6,A,15.0
2336,high,1,8.0,8.0,8.1,C,5.4
2337,medium,0,4.0,0.0,5.3,A,-100.0
2338,low,2,2.0,11.0,1.1,A,-100.0
2339,high,1,1.0,2.0,3.4,A,-100.0
2340,high,2,9.0,29.0,9.5,A,15.0
2341,,1,8.0,3.0,9.5,B,5.0
2342,none,5,4.0,2.0,5.2,C,-100.0
2343,low,1,16.0,8.0,5.7,A,-5.6
2344,medium,1,2.0,0.0,4.5,B,-100.0
2345,high,1,23.0,4.0,9.2,A,1.6
2346,high,0,1.0,13.0,7.7,A,14.5
2347,low,1,5.0,14.0,4.8,B,3.2
2348,medium,3,12.0,20.0,8.8,A,15.0
2349,high,2,6.0,3.0,2.2,A,-100.0
2350,medium,2,20.0,2.0,7.9,A,-6.9
2351,medium,4,13.0,0.0,4.9,A,-100.0
2352,medium,0,20.0,4.0,6.8,A,-8.6
2353,low,3,5.0,6.0,7.4,B,0.5
2354,none,4,9.0,4.0,3.6,A,-100.0
2355,medium,2,9.0,2.0,8.5,C,-2.5
2356,high,0,4.0,12.0,9.5,A,15.0
2357,low,0,15.0,0.0,8.4,C,-7.3
2358,low,0,5.0,3.0,9.0,A,3.3
2359,none,1,15.0,41.0,8.3,A,15.0
2360,none,3,2.0,14.0,9.2,A,15.0
2361,high,1,13.0,7.0,2.1,A,-100.0
2362,,1,21.0,33.0,4.3,C,15.0
2363,medium,1,12.0,6.0,9.0,A,8.4
2364,medium,1,10.0,8.0,2.3,A,-100.0
2365,low,2,6.0,7.0,9.9,C,15.0
2366,low,1,9.0,2.0,4.2,A,-100.0
2367,none,0,4.0,28.0,8.0,A,15.0
2368,medium,5,18.0,2.0,3.0,C,-100.0
2369,low,3,18.0,20.0,6.9,B,15.0
2370,high,3,4.0,5.0,1.5,A,-100.0
2371,low,3,7.0,6.0,4.8,A,-14.0
2372,high,2,17.0,18.0,1.7,A,-9.8
2373,medium,1,14.0,1.0,6.0,C,-18.8
2374,none,3,6.0,46.0,7.5,A,15.0
2375,medium,2,12.0,7.0,6.6,A,-2.8
2376,low,3,4.0,11.0,2.8,A,-14.2
2377,low,1,9.0,7.0,3.4,A,-19.6
2378,low,2,3.0,1.0,7.6,A,-8.6
2379,low,1,18.0,19.0,9.4,B,15.0
2380,low,0,8.0,6.0,9.2,A,10.4
2381,low,1,2.0,5.0,3.1,A,-100.0
2382,medium,4,7.0,9.0,6.2,B,-0.5
2383,none,1,3.0,0.0,9.3,A,-1.9
2384,none,2,9.0,32.0,1.3,A,15.0
2385,medium,0,2.0,17.0,6.7,C,15.0
2386,medium,0,13.0,14.0,2.0,A,-13.3
2387,low,0,8.0,2.0,8.1,A,-4.1
2388,high,1,3.0,15.0,5.2,A,4.7
2389,high,2,4.0,20.0,2.9,D,2.3
2390,low,1,6.0,17.0,2.9,A,-1.1
2391,high,4,5.0,2.0,6.6,A,-15.4
2392,none,0,14.0,14.0,9.5,A,15.0
2393,high,0,18.0,1.0,8.5,A,-8.0
2394,low,2,19.0,7.0,9.7,A,13.9
2395,none,2,4.0,22.0,4.9,A,15.0
2396,high,3,14.0,37.0,9.1,A,15.0
2397,low,1,17.0,13.0,,D,
2398,high,2,9.0,50.0,8.4,C,15.0
2399,high,0,8.0,2.0,2.9,A,-100.0
2400,high,2,4.0,16.0,8.9,A,15.0
2401,high,2,35.0,3.0,7.9,A,-9.0
2402,medium,1,9.0,8.0,5.5,B,-6.4
2403,high,0,1.0,6.0,8.9,A,6.4
2404,low,0,12.0,2.0,8.3,A,-3.4
2405,none,1,10.0,16.0,9.8,A,15.0
2406,high,0,28.0,33.0,6.6,A,15.0
2407,low,1,13.0,25.0,7.4,A,15.0
2408,medium,0,7.0,8.0,8.1,A,8.3
2409,high,0,3.0,22.0,3.9,A,12.3
2410,none,3,9.0,4.0,9.3,A,5.7
2411,medium,3,19.0,12.0,1.4,A,-100.0
2412,low,0,3.0,41.0,8.6,A,15.0
2413,high,2,5.0,33.0,8.9,C,15.0
2414,high,2,11.0,12.0,5.0,D,-3.6
2415,high,4,22.0,5.0,5.9,A,-14.7
2416,,3,11.0,25.0,9.1,C,15.0
2417,none,0,5.0,10.0,4.5,A,-7.4
2418,medium,3,6.0,27.0,9.0,A,15.0
2419,high,0,5.0,3.0,3.2,A,-100.0
2420,none,1,6.0,10.0,2.0,D,-100.0
2421,medium,0,18.0,8.0,8.4,B,8.8
2422,medium,0,8.0,16.0,3.6,A,0.2
2423,high,1,19.0,21.0,7.1,B,15.0
2424,low,2,5.0,2.0,4.7,A,-100.0
2425,low,1,13.0,8.0,3.6,A,-16.8
2426,high,0,8.0,14.0,9.9,A,15.0
2427,,1,19.0,15.0,9.6,A,15.0
2428,high,3,5.0,9.0,1.7,B,-100.0
2429,medium,0,8.0,21.0,9.6,A,15.0
2430,none,1,1.0,15.0,9.2,A,15.0
2431,none,1,1.0,13.0,3.6,A,-5.7
2432,high,2,11.0,16.0,3.5,C,-3.5
2433,high,3,7.0,5.0,3.7,A,-100.0
2434,low,1,6.0,0.0,6.6,A,-16.4
2435,medium,0,13.0,1.0,9.7,A,1.8
2436,low,3,18.0,3.0,5.7,A,-16.5
2437,medium,1,7.0,21.0,7.4,A,15.0
2438,none,2,10.0,0.0,9.9,A,0.6
2439,low,1,6.0,8.0,8.6,A,11.4
2440,none,2,7.0,27.0,5.5,A,15.0
2441,low,1,5.0,0.0,2.6,A,-100.0
2442,high,3,16.0,16.0,8.9,A,15.0
2443,none,1,7.0,21.0,9.9,A,15.0
2444,high,1,16.0,0.0,9.4,A,-5.0
2445,high,3,6.0,12.0,7.0,A,7.8
2446,high,0,14.0,1.0,1.5,A,-100.0
2447,low,2,15.0,1.0,8.5,A,-4.9
2448,high,3,6.0,5.0,4.2,C,-100.0
2449,medium,3,7.0,0.0,2.2,D,-100.0
2450,low,1,11.0,19.0,7.5,A,15.0
2451,,0,10.0,1.0,8.7,A,-3.7
2452,high,1,3.0,2.0,5.1,A,-100.0
2453,low,0,18.0,0.0,2.5,A,-100.0
2454,medium,1,34.0,10.0,2.3,A,-100.0
2455,none,2,13.0,8.0,6.9,B,0.6
2456,medium,3,5.0,4.0,7.8,B,-1.9
2457,none,2,6.0,3.0,6.1,C,-13.6
2458,low,1,2.0,7.0,3.4,C,-18.9
2459,none,3,7.0,17.0,9.8,A,15.0
2460,low,2,2.0,8.0,2.0,B,-100.0
2461,high,1,6.0,6.0,9.0,A,6.4
2462,none,1,7.0,13.0,3.7,A,-5.8
2463,high,1,23.0,2.0,9.1,A,-3.2
2464,none,2,6.0,11.0,9.1,A,15.0
2465,medium,2,10.0,3.0,1.9,A,-100.0
2466,,5,3.0,10.0,5.3,C,-3.3
2467,none,0,3.0,9.0,2.9,C,-18.1
2468,high,0,13.0,1.0,1.4,C,-100.0
2469,low,0,12.0,10.0,1.5,C,-100.0
2470,high,0,8.0,3.0,8.8,A,-1.1
2471,none,1,3.0,9.0,2.8,A,-18.7
2472,high,1,1.0,3.0,,A,
2473,low,0,7.0,4.0,6.9,C,-6.4
2474,high,0,1.0,4.0,9.2,C,3.9
2475,none,2,18.0,6.0,2.8,C,-100.0
2476,high,1,10.0,5.0,7.9,A,-2.2
2477,high,0,3.0,20.0,3.5,A,5.9
2478,high,3,6.0,14.0,6.7,A,10.3
2479,high,3,3.0,1.0,9.5,A,-1.3
2480,medium,1,18.0,5.0,3.0,A,-100.0
2481,high,3,19.0,17.0,3.4,B,-2.8
2482,high,1,22.0,37.0,5.4,A,15.0
2483,,2,10.0,5.0,9.7,A,10.0
2484,low,1,10.0,16.0,9.8,A,15.0
2485,none,1,20.0,1.0,9.9,A,1.8
2486,high,2,16.0,11.0,6.7,B,3.1
2487,high,3,36.0,3.0,4.5,C,-100.0
2488,medium,3,25.0,6.0,8.9,C,6.4
2489,low,2,10.0,4.0,8.5,A,1.9
2490,medium,3,3.0,10.0,5.5,B,-1.7
2491,none,2,19.0,6.0,8.9,A,6.8
2492,low,0,11.0,2.0,9.2,C,1.7
2493,low,1,8.0,2.0,8.2,C,-3.6
2494,high,3,3.0,2.0,2.2,A,-100.0
2495,medium,2,7.0,7.0,8.9,A,10.3
2496,medium,1,9.0,10.0,2.0,A,-100.0
2497,low,0,13.0,50.0,6.5,A,15.0
2498,medium,2,12.0,10.0,7.3,B,7.3
2499,high,0,10.0,1.0,5.8,A,-100.0
2500,high,3,14.0,14.0,7.1,A,11.7
2501,none,1,1.0,12.0,8.5,A,15.0
2502,low,1,11.0,3.0,1.5,C,-100.0
2503,none,2,3.0,14.0,3.2,A,-6.1
2504,none,1,11.0,29.0,9.1,A,15.0
2505,high,1,12.0,8.0,9.3,B,11.6
2506,high,1,3.0,1.0,8.5,A,-6.6
2507,none,2,4.0,9.0,4.0,A,-12.3
2508,none,0,8.0,50.0,9.4,B,15.0
2509,high,3,8.0,25.0,7.3,C,15.0
2510,medium,1,26.0,21.0,8.7,C,15.0
2511,high,3,3.0,3.0,8.9,D,-0.4
2512,medium,1,2.0,20.0,9.0,A,15.0
2513,low,0,8.0,13.0,4.7,B,0.3
2514,low,1,6.0,28.0,4.0,C,15.0
2515,low,2,13.0,14.0,3.4,A,-5.4
2516,low,1,0.0,15.0,3.0,C,-4.1
2517,low,0,12.0,2.0,5.3,A,-19.9
2518,high,0,12.0,21.0,3.3,A,6.0
2519,,1,9.0,11.0,5.9,A,1.9
2520,high,1,5.0,27.0,1.6,A,9.9
2521,medium,1,7.0,14.0,6.6,D,12.5
2522,low,3,13.0,3.0,2.6,A,-100.0
2523,high,1,4.0,3.0,6.6,A,-12.9
2524,high,1,11.0,10.0,8.9,C,13.7
2525,none,2,4.0,2.0,9.1,A,1.0
2526,medium,1,16.0,24.0,8.5,C,15.0
2527,high,2,,1.0,5.1,C,
2528,medium,2,7.0,38.0,5.8,A,15.0
2529,high,1,7.0,13.0,7.2,B,11.1
2530,low,1,18.0,2.0,4.0,B,-100.0
2531,medium,4,9.0,47.0,1.4,A,15.0
2532,low,1,5.0,6.0,9.8,A,13.9
2533,none,0,16.0,35.0,8.1,A,15.0
2534,high,0,2.0,4.0,2.3,A,-100.0
2535,high,1,21.0,1.0,8.4,A,-8.9
2536,high,0,6.0,1.0,8.1,A,-9.0
2537,medium,2,8.0,17.0,1.4,A,-10.0
2538,low,1,8.0,9.0,4.5,C,-9.3
2539,none,1,13.0,34.0,9.6,C,15.0
2540,medium,1,4.0,6.0,5.2,A,-11.7
2541,medium,0,8.0,16.0,8.2,C,15.0
2542,low,1,11.0,12.0,1.0,A,-100.0
2543,high,3,3.0,12.0,7.4,A,10.3
2544,low,1,6.0,1.0,8.9,A,-1.7
2545,medium,0,4.0,7.0,2.2,C,-100.0
2546,,1,13.0,21.0,3.4,A,8.8
2547,low,3,7.0,4.0,4.6,C,-19.3
2548,high,2,14.0,15.0,8.9,C,15.0
2549,none,0,3.0,50.0,8.5,A,15.0
2550,high,1,33.0,0.0,9.7,A,-5.1
2551,high,0,35.0,6.0,8.9,D,3.0
2552,low,1,13.0,7.0,4.4,A,-14.5
2553,medium,2,8.0,3.0,3.0,A,-100.0
2554,low,1,10.0,5.0,9.2,A,8.0
2555,high,1,1.0,16.0,8.7,B,15.0
2556,medium,2,24.0,18.0,1.5,C,-8.9
2557,high,3,13.0,31.0,7.2,A,15.0
2558,high,1,9.0,21.0,9.2,A,15.0
2559,medium,2,11.0,5.0,8.7,A,4.6
2560,low,3,0.0,7.0,8.7,A,10.2
2561,low,1,4.0,16.0,2.5,C,-5.2
2562,high,4,3.0,2.0,9.3,A,-0.4
2563,high,2,7.0,9.0,6.0,A,-4.0
2564,high,3,10.0,50.0,6.8,C,15.0
2565,high,4,5.0,21.0,8.0,D,15.0
2566,medium,0,13.0,7.0,5.5,A,-8.8
2567,low,0,7.0,13.0,9.2,A,15.0
2568,high,3,15.0,29.0,6.8,A,15.0
2569,medium,0,10.0,14.0,4.6,C,1.3
2570,low,1,8.0,10.0,9.9,A,15.0
2571,low,1,13.0,1.0,7.5,A,-10.1
2572,high,0,6.0,13.0,6.2,A,5.8
2573,low,1,4.0,11.0,2.3,C,-16.8
2574,medium,1,4.0,10.0,7.5,A,9.4
2575,high,4,11.0,2.0,8.1,A,-7.8
2576,low,0,3.0,23.0,6.0,B,15.0
2577,medium,1,3.0,7.0,8.0,C,5.9
2578,medium,2,3.0,3.0,10.0,B,8.4
2579,medium,0,4.0,3.0,9.3,A,4.6
2580,none,1,15.0,0.0,9.5,C,-2.0
2581,high,3,15.0,2.0,3.9,A,-100.0
2582,high,3,3.0,7.0,5.8,C,-9.0
2583,none,1,11.0,10.0,8.1,C,11.7
2584,high,3,4.0,41.0,8.8,A,15.0
2585,none,2,7.0,4.0,4.9,C,-18.2
2586,low,2,13.0,32.0,9.4,B,15.0
2587,high,0,3.0,10.0,9.4,A,15.0
2588,high,2,11.0,40.0,8.8,B,15.0
2589,high,1,8.0,11.0,4.5,A,-8.1
2590,high,2,4.0,9.0,1.6,A,-100.0
2591,high,5,24.0,23.0,9.5,A,15.0
2592,medium,1,6.0,4.0,4.4,C,-100.0
2593,high,0,7.0,1.0,3.0,B,-100.0
2594,medium,3,14.0,1.0,9.2,A,-1.4
2595,low,0,14.0,10.0,9.3,A,15.0
2596,low,2,9.0,7.0,8.9,C,10.5
2597,low,1,2.0,29.0,8.5,B,15.0
2598,low,2,10.0,16.0,1.6,C,-10.8
2599,none,1,6.0,30.0,8.6,A,15.0
2600,medium,1,,4.0,2.4,C,
2601,medium,2,10.0,11.0,5.0,A,-3.0
2602,low,2,5.0,1.0,8.8,A,-2.2
2603,low,3,20.0,1.0,8.9,D,-3.3
2604,low,3,3.0,19.0,1.3,A,-5.6
2605,medium,1,18.0,10.0,3.6,A,-13.5
2606,high,1,12.0,24.0,2.4,C,7.3
2607,low,3,10.0,50.0,4.9,A,15.0
2608,low,4,5.0,13.0,,D,
2609,low,2,,17.0,2.7,C,
2610,none,2,10.0,2.0,9.2,B,1.0
2611,high,1,13.0,10.0,9.8,A,15.0
2612,high,4,6.0,12.0,8.7,A,15.0
2613,low,5,9.0,1.0,8.7,A,-3.5
2614,medium,3,1.0,24.0,1.6,B,6.4
2615,high,2,2.0,1.0,,C,
2616,medium,0,5.0,7.0,1.4,A,-100.0
2617,medium,2,12.0,21.0,5.7,A,15.0
2618,high,0,3.0,8.0,7.1,A,0.5
2619,high,1,1.0,0.0,8.8,A,-6.8
2620,low,1,4.0,20.0,7.7,A,15.0
2621,medium,2,3.0,3.0,9.3,A,4.5
2622,medium,1,10.0,8.0,8.6,B,10.6
2623,low,3,16.0,3.0,8.8,A,0.8
2624,low,3,16.0,14.0,8.6,A,15.0
2625,low,3,4.0,50.0,9.6,C,15.0
2626,high,1,2.0,11.0,9.9,A,15.0
2627,low,1,29.0,4.0,2.0,A,-100.0
2628,low,0,5.0,9.0,2.8,A,-18.2
2629,high,1,4.0,2.0,1.4,A,-100.0
2630,low,1,2.0,9.0,2.2,C,-100.0
2631,medium,1,8.0,9.0,3.2,A,-16.8
2632,low,0,7.0,44.0,7.0,C,15.0
2633,high,2,2.0,7.0,8.6,B,6.6
2634,,0,5.0,1.0,2.7,A,-100.0
2635,low,3,3.0,37.0,8.8,A,15.0
2636,none,0,1.0,1.0,2.0,A,-100.0
2637,medium,2,20.0,12.0,8.3,C,15.0
2638,high,3,23.0,16.0,4.6,A,1.3
2639,none,2,25.0,5.0,8.8,A,3.6
2640,low,0,8.0,20.0,9.2,A,15.0
2641,high,0,3.0,22.0,9.1,C,15.0
2642,high,2,12.0,23.0,9.6,C,15.0
2643,low,0,5.0,24.0,3.0,A,14.4
2644,high,1,14.0,18.0,4.1,B,3.8
2645,high,1,30.0,42.0,1.8,A,15.0
2646,high,1,5.0,18.0,9.6,C,15.0
2647,medium,1,5.0,20.0,9.6,C,15.0
2648,high,2,7.0,5.0,8.3,C,0.2
2649,medium,0,1.0,42.0,4.7,A,15.0
2650,medium,1,10.0,2.0,5.1,A,-100.0
2651,high,0,7.0,10.0,3.3,B,-16.6
2652,low,2,7.0,2.0,9.1,C,1.3
2653,high,1,10.0,11.0,3.0,C,-16.5
2654,none,1,4.0,14.0,8.3,B,15.0
2655,high,4,5.0,18.0,5.9,A,14.3
2656,low,0,,31.0,1.4,C,
2657,medium,3,16.0,21.0,3.0,A,6.3
2658,low,3,4.0,6.0,9.1,A,9.9
2659,none,2,11.0,3.0,6.6,A,-11.3
2660,high,0,14.0,3.0,9.4,A,1.6
2661,medium,0,5.0,1.0,8.9,A,-1.9
2662,high,2,12.0,14.0,8.1,A,15.0
2663,high,0,13.0,15.0,9.9,A,15.0
2664,medium,0,3.0,4.0,6.3,C,-9.6
2665,high,2,7.0,17.0,9.2,C,15.0
2666,high,5,,4.0,9.5,C,
2667,medium,1,36.0,13.0,6.5,A,6.9
2668,high,1,1.0,6.0,5.8,C,-10.7
2669,low,1,9.0,12.0,2.7,A,-13.0
2670,none,3,10.0,19.0,3.3,A,4.1
2671,high,2,2.0,0.0,6.2,C,-100.0
2672,low,2,12.0,18.0,4.8,D,10.8
2673,low,1,,41.0,6.4,C,
2674,medium,4,11.0,17.0,6.4,A,15.0
2675,medium,1,22.0,6.0,8.9,A,6.9
2676,high,0,3.0,12.0,1.5,A,-100.0
2677,low,4,14.0,18.0,2.5,A,-2.3
2678,medium,1,4.0,13.0,8.4,A,15.0
2679,medium,2,6.0,1.0,1.4,C,-100.0
2680,medium,1,6.0,2.0,8.6,D,-1.6
2681,low,1,11.0,13.0,5.1,B,2.1
2682,high,1,2.0,24.0,5.5,B,15.0
2683,high,2,11.0,7.0,3.9,A,-100.0
2684,high,1,4.0,9.0,5.8,A,-4.7
2685,none,2,3.0,7.0,9.6,A,14.4
2686,high,0,5.0,15.0,8.3,A,15.0
2687,medium,0,10.0,25.0,7.1,A,15.0
2688,medium,4,14.0,2.0,1.1,A,-100.0
2689,none,1,23.0,21.0,6.0,B,15.0
2690,low,0,1.0,3.0,9.4,D,5.9
2691,high,0,14.0,12.0,8.1,A,13.3
2692,medium,2,14.0,3.0,2.2,C,-100.0
2693,high,3,4.0,4.0,5.3,A,-18.2
2694,low,1,2.0,0.0,2.0,A,-100.0
2695,low,2,4.0,10.0,6.6,C,4.7
2696,medium,3,13.0,24.0,9.7,C,15.0
2697,low,1,11.0,1.0,8.3,A,-5.5
2698,low,2,12.0,1.0,5.7,A,-20.0
2699,medium,0,3.0,15.0,1.5,A,-13.0
2700,medium,3,2.0,9.0,8.2,A,11.1
2701,high,5,,1.0,1.9,C,
2702,none,3,8.0,6.0,2.2,C,-100.0
2703,low,1,9.0,1.0,9.6,C,1.9
2704,low,3,7.0,11.0,5.6,A,0.9
2705,low,2,3.0,11.0,3.2,C,-11.8
2706,high,2,10.0,2.0,1.4,A,-100.0
2707,high,2,10.0,1.0,8.0,D,-10.1
2708,low,3,3.0,3.0,9.3,B,4.8
2709,medium,2,11.0,11.0,5.1,D,-2.5
2710,medium,1,22.0,1.0,6.2,C,-18.5
2711,low,1,8.0,8.0,1.6,A,-100.0
2712,low,1,4.0,14.0,9.1,A,15.0
2713,high,1,14.0,5.0,9.3,A,5.1
2714,none,2,12.0,3.0,8.6,C,-0.4
2715,low,2,2.0,7.0,7.0,A,0.8
2716,medium,2,18.0,4.0,6.8,A,-8.6
2717,none,1,5.0,3.0,8.5,A,-0.2
2718,medium,3,4.0,1.0,6.6,A,-14.7
2719,medium,4,3.0,15.0,1.4,A,-13.9
2720,none,2,9.0,15.0,8.5,A,15.0
2721,low,3,13.0,5.0,7.7,A,-0.8
2722,high,0,2.0,3.0,8.2,A,-3.8
2723,low,1,15.0,16.0,7.1,A,15.0
2724,low,1,15.0,14.0,6.5,A,11.5
2725,high,2,6.0,22.0,3.0,C,6.9
2726,none,2,17.0,4.0,3.1,C,-100.0
2727,high,0,5.0,7.0,1.6,A,-100.0
2728,medium,0,1.0,4.0,5.0,A,-16.6
2729,high,1,14.0,2.0,5.9,B,-19.9
2730,low,6,5.0,8.0,8.4,A,9.9
2731,low,1,2.0,14.0,9.2,D,15.0
2732,none,4,31.0,3.0,5.0,A,-100.0
2733,low,0,18.0,20.0,6.4,B,15.0
2734,medium,0,3.0,10.0,9.7,B,15.0
2735,low,1,8.0,10.0,3.6,B,-12.1
2736,high,1,9.0,27.0,7.3,A,15.0
2737,low,2,10.0,14.0,3.2,A,-6.2
2738,low,4,1.0,48.0,2.1,A,15.0
2739,high,1,9.0,3.0,3.1,A,-100.0
2740,high,2,13.0,6.0,1.6,A,-100.0
2741,high,3,5.0,2.0,7.8,B,-8.7
2742,high,3,5.0,1.0,9.9,D,0.7
2743,medium,0,14.0,1.0,2.8,D,-100.0
2744,low,1,8.0,18.0,2.0,A,-4.1
2745,high,3,2.0,3.0,9.3,A,1.9
2746,low,0,7.0,1.0,6.1,A,-17.1
2747,high,2,8.0,3.0,8.2,A,-4.6
2748,low,2,9.0,4.0,8.0,C,-0.7
2749,none,1,7.0,4.0,5.1,C,-17.0
2750,medium,3,5.0,1.0,9.2,A,-0.5
2751,medium,0,3.0,24.0,9.0,A,15.0
2752,low,1,18.0,1.0,5.6,A,-100.0
2753,none,2,7.0,25.0,9.4,B,15.0
2754,low,1,10.0,17.0,9.4,C,15.0
2755,medium,3,6.0,31.0,7.2,B,15.0
2756,high,1,9.0,10.0,9.5,A,15.0
2757,medium,0,29.0,2.0,8.4,D,-4.9
2758,low,1,11.0,6.0,3.1,A,-100.0
2759,high,4,7.0,15.0,2.4,C,-11.4
2760,medium,2,23.0,3.0,7.7,B,-6.3
2761,high,0,7.0,2.0,7.8,A,-8.6
2762,none,2,7.0,2.0,8.8,A,-0.9
2763,none,1,6.0,19.0,6.4,B,15.0
2764,low,0,7.0,11.0,8.3,A,15.0
2765,high,0,5.0,5.0,1.2,A,-100.0
2766,high,2,5.0,27.0,9.9,A,15.0
2767,low,1,5.0,9.0,8.4,A,12.5
2768,high,0,6.0,7.0,5.3,B,-11.8
2769,medium,2,11.0,37.0,8.8,C,15.0
2770,medium,0,7.0,1.0,6.5,A,-15.2
2771,high,3,17.0,4.0,5.9,B,-16.2
2772,low,1,12.0,1.0,8.3,A,-5.6
2773,high,2,7.0,5.0,3.3,A,-100.0
2774,low,2,18.0,15.0,2.7,A,-7.7
2775,none,0,16.0,4.0,3.7,A,-100.0
2776,low,1,10.0,9.0,9.5,D,15.0
2777,low,1,1.0,14.0,,A,
2778,medium,0,5.0,18.0,5.1,A,13.0
2779,low,1,3.0,13.0,5.5,A,5.1
2780,high,0,3.0,0.0,,D,
2781,low,3,8.0,14.0,4.2,A,-0.6
2782,low,2,4.0,6.0,3.8,A,-19.1
2783,medium,1,15.0,15.0,2.5,A,-8.8
2784,high,0,9.0,2.0,9.2,B,-1.1
2785,high,0,15.0,35.0,7.3,C,15.0
2786,medium,2,12.0,8.0,7.6,B,4.8
2787,medium,1,6.0,4.0,7.1,B,-5.7
2788,none,2,4.0,7.0,8.2,A,6.6
2789,high,2,8.0,18.0,7.7,A,15.0
2790,high,1,2.0,7.0,9.8,A,13.3
2791,low,5,9.0,39.0,1.2,A,15.0
2792,none,0,9.0,7.0,5.3,A,-9.7
2793,high,1,3.0,9.0,2.5,A,-100.0
2794,none,3,12.0,50.0,3.5,D,15.0
2795,high,4,3.0,30.0,8.6,A,15.0
2796,high,2,6.0,23.0,9.2,A,15.0
2797,low,4,16.0,3.0,2.7,C,-100.0
2798,low,1,23.0,24.0,7.0,C,15.0
2799,medium,3,14.0,8.0,3.1,A,-100.0
2800,high,2,5.0,8.0,2.4,A,-100.0
2801,none,0,7.0,12.0,2.5,B,-14.4
2802,medium,1,9.0,5.0,1.1,A,-100.0
2803,none,1,4.0,41.0,2.1,C,15.0
2804,high,2,1.0,3.0,8.3,A,-3.4
2805,medium,3,4.0,25.0,3.3,A,15.0
2806,high,1,8.0,2.0,3.9,A,-100.0
2807,medium,1,4.0,15.0,1.6,C,-12.6
2808,high,3,5.0,9.0,5.6,A,-6.1
2809,high,1,10.0,0.0,3.6,A,-100.0
2810,none,3,7.0,2.0,9.9,A,5.0
2811,low,4,20.0,12.0,1.5,D,-100.0
2812,low,0,2.0,6.0,9.0,A,9.9
2813,low,0,7.0,8.0,9.5,C,15.0
2814,medium,1,15.0,17.0,2.2,C,-6.2
2815,medium,1,5.0,7.0,9.5,B,14.0
2816,high,4,13.0,28.0,8.1,A,15.0
2817,high,3,1.0,3.0,9.2,C,1.5
2818,low,1,8.0,4.0,1.3,C,-100.0
2819,low,0,8.0,2.0,2.2,B,-100.0
2820,high,1,1.0,2.0,9.3,A,0.1
2821,low,3,14.0,3.0,9.7,B,5.9
2822,low,2,3.0,15.0,8.7,A,15.0
2823,high,2,10.0,12.0,3.2,A,-13.4
2824,low,3,8.0,41.0,8.3,A,15.0
2825,low,1,,1.0,6.4,C,
2826,medium,3,5.0,13.0,8.7,A,15.0
2827,high,0,15.0,6.0,6.0,A,-10.9
2828,high,0,4.0,1.0,9.2,A,-2.7
2829,medium,2,14.0,14.0,8.8,A,15.0
2830,low,0,7.0,14.0,6.7,A,13.5
2831,none,2,9.0,8.0,2.6,A,-100.0
2832,high,1,8.0,3.0,3.0,A,-100.0
2833,medium,1,13.0,3.0,5.2,A,-18.9
2834,low,0,1.0,28.0,3.1,B,15.0
2835,high,0,10.0,5.0,9.9,A,8.9
2836,low,1,9.0,8.0,9.3,A,14.9
2837,medium,0,2.0,4.0,1.3,A,-100.0
2838,,5,27.0,3.0,9.9,A,4.9
2839,high,0,1.0,4.0,4.8,A,-100.0
2840,low,1,2.0,26.0,5.7,C,15.0
2841,low,0,16.0,7.0,3.7,A,-18.6
2842,high,0,34.0,8.0,1.6,A,-100.0
2843,medium,0,21.0,16.0,7.3,C,15.0
2844,none,3,8.0,2.0,3.2,A,-100.0
2845,low,2,18.0,1.0,8.2,A,-6.8
2846,low,1,7.0,11.0,3.3,A,-11.6
2847,medium,2,8.0,6.0,2.5,A,-100.0
2848,medium,4,11.0,0.0,8.0,B,-9.9
2849,none,2,13.0,5.0,9.4,A,8.1
2850,medium,3,3.0,2.0,3.6,A,-100.0
2851,medium,2,11.0,2.0,2.9,B,-100.0
2852,high,1,24.0,7.0,8.5,A,3.9
2853,low,1,11.0,10.0,5.5,A,-2.0
2854,high,2,6.0,3.0,2.0,C,-100.0
2855,none,2,7.0,15.0,9.7,A,15.0
2856,high,2,1.0,2.0,3.3,C,-100.0
2857,none,1,4.0,22.0,5.1,C,15.0
2858,low,4,10.0,3.0,8.2,A,-2.0
2859,medium,2,9.0,21.0,3.0,B,7.1
2860,medium,1,11.0,36.0,9.3,A,15.0
2861,low,2,5.0,10.0,1.4,A,-100.0
2862,medium,2,6.0,16.0,5.3,C,9.5
2863,medium,7,17.0,7.0,6.2,A,-6.0
2864,low,1,14.0,0.0,1.5,A,-100.0
2865,medium,1,18.0,16.0,3.0,C,-4.2
2866,medium,2,10.0,0.0,3.0,A,-100.0
2867,medium,0,16.0,0.0,1.4,A,-100.0
2868,low,1,5.0,10.0,8.1,A,12.9
2869,medium,0,7.0,2.0,4.7,C,-100.0
2870,high,0,2.0,16.0,,A,
2871,high,4,6.0,14.0,2.0,B,-15.6
2872,medium,2,20.0,7.0,,D,
2873,low,0,0.0,21.0,8.1,A,15.0
2874,medium,2,5.0,50.0,2.8,A,15.0
2875,medium,1,15.0,20.0,6.7,A,15.0
2876,none,1,8.0,2.0,3.4,C,-100.0
2877,high,1,2.0,7.0,6.5,C,-4.9
2878,,0,10.0,0.0,7.8,A,-10.7
2879,medium,1,8.0,16.0,9.7,A,15.0
2880,high,4,17.0,15.0,3.1,A,-8.6
2881,high,2,19.0,4.0,1.5,A,-100.0
2882,medium,3,0.0,5.0,6.4,B,-7.0
2883,medium,3,4.0,25.0,3.0,A,15.0
2884,medium,0,11.0,6.0,3.2,A,-100.0
2885,medium,2,8.0,16.0,3.0,C,-3.3
2886,low,1,19.0,1.0,7.9,A,-8.5
2887,high,1,4.0,3.0,7.3,C,-9.1
2888,medium,1,7.0,2.0,7.3,A,-8.9
2889,high,1,9.0,6.0,6.9,C,-5.5
2890,medium,1,9.0,3.0,5.9,A,-14.6
2891,low,0,19.0,2.0,9.8,C,4.2
2892,low,1,19.0,1.0,9.4,A,-0.2
2893,high,3,11.0,16.0,10.0,A,15.0
2894,medium,2,15.0,14.0,7.9,A,15.0
2895,medium,2,2.0,27.0,7.4,A,15.0
2896,none,3,15.0,37.0,8.7,B,15.0
2897,low,2,10.0,6.0,3.0,A,-100.0
2898,none,1,14.0,1.0,8.7,A,-4.2
2899,none,1,4.0,18.0,9.0,D,15.0
2900,none,1,9.0,11.0,1.4,A,-100.0
2901,high,2,9.0,5.0,3.5,B,-100.0
2902,medium,1,4.0,10.0,2.5,A,-18.1
2903,high,2,10.0,2.0,8.4,C,-5.8
2904,high,2,4.0,16.0,8.5,D,15.0
2905,low,1,8.0,8.0,3.1,A,-19.1
2906,high,1,1.0,9.0,9.9,B,15.0
2907,,1,28.0,7.0,9.4,A,10.9
2908,high,1,7.0,5.0,9.6,A,7.5
2909,high,0,21.0,14.0,3.1,A,-10.7
2910,high,5,21.0,10.0,1.8,A,-100.0
2911,medium,3,17.0,13.0,2.7,B,-12.3
2912,low,2,20.0,28.0,9.4,A,15.0
2913,low,1,8.0,2.0,1.9,A,-100.0
2914,high,0,16.0,1.0,9.4,B,-2.8
2915,high,2,2.0,7.0,,A,
2916,,4,16.0,11.0,5.8,A,0.4
2917,low,0,8.0,5.0,5.4,A,-12.6
2918,low,0,13.0,10.0,3.8,A,-11.4
2919,medium,2,9.0,20.0,8.5,A,15.0
2920,medium,1,4.0,19.0,1.5,B,-4.8
2921,medium,1,15.0,2.0,9.1,A,0.3
2922,medium,0,20.0,6.0,4.1,A,-19.3
2923,low,0,12.0,8.0,9.2,C,14.2
2924,high,1,7.0,8.0,6.0,C,-6.0
2925,high,1,17.0,8.0,9.2,A,10.6
2926,none,1,16.0,3.0,7.6,A,-6.2
2927,medium,2,12.0,4.0,7.3,A,-5.2
2928,high,2,4.0,7.0,5.3,D,-11.8
2929,low,0,7.0,18.0,9.1,A,15.0
2930,low,0,2.0,1.0,2.4,C,-100.0
2931,high,3,19.0,2.0,4.0,A,-100.0
2932,low,2,8.0,0.0,8.5,A,-6.3
2933,medium,0,3.0,6.0,1.6,C,-100.0
2934,medium,1,6.0,3.0,6.2,C,-12.7
2935,none,1,10.0,12.0,2.0,A,-17.5
2936,high,2,7.0,7.0,1.7,A,-100.0
2937,low,1,8.0,20.0,3.0,A,5.6
2938,medium,3,8.0,6.0,8.7,A,6.9
2939,medium,0,4.0,9.0,3.5,A,-14.6
2940,none,0,2.0,6.0,5.1,A,-12.2
2941,low,2,2.0,3.0,6.7,A,-9.3
2942,high,0,8.0,2.0,8.3,A,-6.0
2943,medium,1,,22.0,2.0,C,
2944,high,0,30.0,5.0,8.8,A,0.9
2945,high,2,3.0,33.0,1.4,A,15.0
2946,high,0,4.0,15.0,5.9,D,8.5
2947,high,1,7.0,2.0,9.4,A,0.1
2948,low,1,12.0,0.0,8.2,A,-8.2
2949,low,0,22.0,22.0,8.3,A,15.0
2950,low,0,6.0,14.0,2.6,A,-8.9
2951,high,1,8.0,17.0,2.0,C,-9.2
2952,none,1,25.0,3.0,9.5,A,3.3
2953,medium,0,2.0,10.0,2.8,A,-16.2
2954,medium,2,12.0,3.0,9.7,A,5.9
2955,low,1,13.0,15.0,8.5,B,15.0
2956,medium,2,6.0,2.0,6.4,A,-13.8
2957,low,2,24.0,7.0,8.3,B,5.7
2958,high,2,11.0,3.0,8.3,A,-4.4
2959,high,1,1.0,9.0,4.4,C,-12.1
2960,low,1,5.0,2.0,9.2,A,2.2
2961,medium,1,13.0,5.0,5.5,A,-13.1
2962,high,0,7.0,14.0,8.4,A,15.0
2963,none,2,5.0,18.0,3.6,A,4.3
2964,low,0,7.0,3.0,8.6,A,0.9
2965,none,1,15.0,1.0,6.1,A,-18.6
2966,high,2,16.0,8.0,9.4,A,11.7
2967,high,2,20.0,36.0,8.4,A,15.0
2968,low,4,2.0,35.0,9.9,D,15.0
2969,none,3,8.0,1.0,7.6,C,-9.8
2970,high,2,1.0,19.0,9.5,B,15.0
2971,high,0,18.0,13.0,2.2,A,-17.4
2972,none,3,2.0,0.0,5.6,A,-100.0
2973,low,2,15.0,9.0,6.1,A,-1.3
2974,medium,0,7.0,2.0,8.7,A,-1.0
2975,high,0,12.0,9.0,1.1,C,-100.0
2976,none,1,16.0,16.0,3.4,C,-2.0
2977,medium,2,9.0,50.0,8.3,C,15.0
2978,none,1,8.0,26.0,5.1,A,15.0
2979,high,0,18.0,8.0,3.1,C,-100.0
2980,medium,0,11.0,47.0,3.6,A,15.0
2981,low,2,7.0,11.0,8.7,A,15.0
2982,medium,0,11.0,10.0,9.8,C,15.0
2983,low,5,23.0,4.0,2.3,A,-100.0
2984,none,0,6.0,9.0,2.5,A,-100.0
2985,medium,2,9.0,22.0,2.2,C,4.8
2986,medium,2,12.0,5.0,7.1,A,-4.3
2987,medium,0,5.0,40.0,3.2,A,15.0
2988,high,2,37.0,3.0,3.5,A,-100.0
2989,high,0,11.0,1.0,6.4,A,-18.8
2990,none,2,15.0,8.0,5.3,B,-8.4
2991,none,6,7.0,18.0,9.6,A,15.0
2992,medium,0,12.0,11.0,9.1,A,15.0
2993,medium,2,2.0,14.0,6.7,A,13.5
2994,low,2,4.0,1.0,7.5,A,-9.3
2995,high,2,11.0,3.0,3.0,A,-100.0
2996,low,0,14.0,31.0,9.7,C,15.0
2997,high,1,4.0,5.0,8.5,A,1.7
2998,high,0,10.0,17.0,2.5,A,-6.6
2999,none,1,22.0,0.0,6.9,C,-17.0
3000,low,2,6.0,6.0,2.3,A,-100.0
3001,medium,1,5.0,5.0,8.0,D,1.5
3002,medium,4,4.0,17.0,1.9,D,-7.0
3003,medium,0,38.0,4.0,7.1,A,-8.8
3004,medium,3,10.0,4.0,1.3,B,-100.0
3005,medium,2,11.0,11.0,9.1,C,15.0
3006,low,0,5.0,0.0,7.1,C,-13.5
3007,high,1,5.0,0.0,7.8,A,-12.7
3008,low,2,5.0,7.0,5.8,B,-6.1
3009,low,1,4.0,28.0,4.2,A,15.0
3010,low,2,10.0,12.0,2.7,A,-13.2
3011,,3,15.0,23.0,1.5,A,2.1
3012,low,4,7.0,17.0,2.4,A,-4.2
3013,medium,3,6.0,15.0,9.3,A,15.0
3014,high,2,9.0,1.0,5.4,B,-100.0
3015,high,4,10.0,13.0,5.2,A,-0.5
3016,high,3,13.0,28.0,1.3,A,9.3
3017,medium,2,4.0,10.0,2.6,A,-17.7
3018,high,1,6.0,1.0,5.5,D,-100.0
3019,medium,0,22.0,2.0,8.1,A,-5.8
3020,low,1,15.0,15.0,9.9,A,15.0
3021,high,2,15.0,6.0,2.7,A,-100.0
3022,none,1,10.0,3.0,4.8,C,-100.0
3023,high,4,4.0,7.0,9.0,C,8.4
3024,none,2,5.0,9.0,2.8,C,-19.0
3025,medium,1,10.0,2.0,8.5,B,-2.5
3026,high,1,11.0,38.0,8.2,A,15.0
3027,none,3,10.0,50.0,1.9,A,15.0
3028,low,2,2.0,28.0,9.4,A,15.0
3029,low,3,11.0,36.0,8.8,A,15.0
3030,medium,2,12.0,1.0,1.9,A,-100.0
3031,low,2,16.0,1.0,2.3,A,-100.0
3032,low,2,,2.0,3.7,C,
3033,high,3,21.0,21.0,2.9,C,2.6
3034,high,2,21.0,5.0,8.6,D,0.5
3035,,2,9.0,6.0,7.7,A,1.2
3036,high,1,8.0,4.0,2.8,B,-100.0
3037,low,0,11.0,13.0,8.3,C,15.0
3038,medium,2,4.0,8.0,1.9,C,-100.0
3039,high,3,4.0,8.0,9.1,A,11.1
3040,low,4,4.0,9.0,8.1,A,10.6
3041,high,1,8.0,4.0,1.8,A,-100.0
3042,high,5,3.0,1.0,9.6,C,-0.9
3043,high,3,8.0,0.0,5.1,A,-100.0
3044,low,1,12.0,2.0,9.7,A,4.2
3045,high,2,10.0,0.0,7.9,A,-12.8
3046,high,2,14.0,4.0,1.8,D,-100.0
3047,low,3,1.0,8.0,2.4,A,-100.0
3048,medium,1,10.0,4.0,5.4,B,-15.4
3049,low,1,11.0,6.0,3.7,A,-100.0
3050,low,1,7.0,9.0,9.5,A,15.0
3051,low,0,3.0,1.0,7.3,A,-10.1
3052,none,1,8.0,21.0,7.9,A,15.0
3053,low,3,18.0,5.0,9.1,A,6.4
3054,none,1,3.0,4.0,9.8,A,9.3
3055,high,1,10.0,21.0,9.4,A,15.0
3056,high,2,1.0,2.0,2.2,A,-100.0
3057,medium,0,27.0,38.0,7.0,A,15.0
3058,none,0,9.0,1.0,6.3,C,-16.8
3059,low,0,12.0,1.0,9.1,A,-1.1
3060,high,0,5.0,10.0,5.4,C,-4.8
3061,medium,2,10.0,18.0,9.5,A,15.0
3062,low,0,21.0,10.0,9.5,D,15.0
3063,low,2,16.0,27.0,4.1,A,15.0
3064,low,3,5.0,11.0,2.0,C,-18.7
3065,low,2,9.0,9.0,9.2,B,15.0
3066,medium,1,16.0,9.0,9.2,A,15.0
3067,none,3,8.0,29.0,3.1,A,15.0
3068,high,3,16.0,18.0,7.0,B,15.0
3069,medium,1,17.0,6.0,4.9,A,-14.6
3070,medium,0,2.0,14.0,4.8,C,3.2
3071,medium,1,22.0,25.0,2.2,A,9.9
3072,high,1,9.0,2.0,9.9,A,2.6
3073,low,1,9.0,13.0,9.5,A,15.0
3074,high,0,14.0,21.0,9.2,C,15.0
3075,low,2,7.0,24.0,6.5,A,15.0
3076,medium,1,38.0,2.0,6.1,C,-18.5
3077,medium,0,6.0,0.0,7.3,A,-12.9
3078,high,0,21.0,19.0,6.7,A,15.0
3079,low,1,16.0,15.0,5.8,A,9.7
3080,high,1,25.0,22.0,9.2,A,15.0
3081,low,1,6.0,7.0,7.1,A,1.0
3082,high,1,7.0,4.0,8.6,A,-0.1
3083,high,0,7.0,19.0,8.6,A,15.0
3084,none,1,3.0,10.0,8.5,A,14.7
3085,none,2,26.0,11.0,9.4,B,15.0
3086,none,0,13.0,10.0,6.9,A,5.0
3087,low,0,15.0,2.0,5.9,A,-16.9
3088,medium,2,9.0,9.0,7.0,A,3.9
3089,low,1,6.0,21.0,7.0,A,15.0
3090,low,2,7.0,2.0,6.7,A,-11.9
3091,low,2,26.0,4.0,7.1,B,-7.4
3092,low,0,2.0,50.0,8.9,B,15.0
3093,high,1,5.0,1.0,9.0,A,-4.0
3094,low,2,10.0,1.0,3.3,A,-100.0
3095,none,1,6.0,6.0,9.3,A,10.4
3096,low,1,13.0,17.0,9.4,C,15.0
3097,none,3,8.0,33.0,8.5,A,15.0
3098,high,1,3.0,11.0,7.3,A,7.8
3099,medium,1,11.0,2.0,2.5,C,-100.0
3100,low,4,17.0,3.0,9.3,C,3.3
3101,high,2,13.0,9.0,2.0,B,-100.0
3102,high,2,,37.0,3.5,C,
3103,low,3,5.0,6.0,5.7,A,-8.9
3104,low,3,1.0,1.0,5.9,A,-17.9
3105,high,5,14.0,5.0,3.9,A,-100.0
3106,high,1,11.0,11.0,3.9,C,-11.7
3107,medium,2,9.0,7.0,3.0,A,-100.0
3108,high,1,8.0,9.0,5.4,A,-7.3
3109,low,2,8.0,2.0,4.0,D,-100.0
3110,medium,2,6.0,50.0,4.4,A,15.0
3111,low,3,5.0,4.0,9.3,A,6.7
3112,high,1,7.0,13.0,,D,
3113,medium,1,8.0,5.0,8.3,C,2.8
3114,high,0,2.0,0.0,3.1,A,-100.0
3115,low,0,2.0,14.0,9.5,A,15.0
3116,none,3,27.0,29.0,5.3,A,15.0
3117,high,0,13.0,7.0,3.3,C,-100.0
3118,high,1,5.0,8.0,3.2,A,-100.0
3119,medium,2,23.0,3.0,6.6,A,-12.3
3120,high,1,9.0,14.0,6.9,A,11.3
3121,medium,4,1.0,9.0,4.6,B,-8.7
3122,high,1,4.0,1.0,9.4,C,-1.7
3123,low,3,5.0,3.0,3.6,A,-100.0
3124,high,1,18.0,14.0,3.0,A,-11.0
3125,high,2,32.0,2.0,8.5,C,-7.5
3126,low,2,14.0,13.0,5.3,A,2.8
3127,high,1,5.0,5.0,4.4,B,-100.0
3128,high,2,11.0,11.0,9.6,A,15.0
3129,high,1,5.0,3.0,7.4,C,-8.6
3130,none,0,20.0,41.0,2.1,B,15.0
3131,low,1,1.0,16.0,7.2,A,15.0
3132,medium,2,7.0,1.0,3.2,A,-100.0
3133,medium,3,17.0,28.0,2.4,A,15.0
3134,none,0,6.0,2.0,2.1,B,-100.0
3135,high,2,18.0,6.0,6.3,A,-9.8
3136,low,2,14.0,3.0,3.2,A,-100.0
3137,low,4,10.0,4.0,6.6,A,-8.7
3138,none,3,17.0,5.0,8.2,A,1.0
3139,medium,2,6.0,6.0,1.7,A,-100.0
3140,low,1,8.0,5.0,2.5,A,-100.0
3141,high,1,19.0,14.0,9.7,A,15.0
3142,low,3,9.0,4.0,5.1,A,-16.8
3143,low,1,11.0,2.0,8.5,A,-2.3
3144,medium,0,7.0,23.0,3.8,B,15.0
3145,low,3,4.0,48.0,4.6,D,15.0
3146,low,3,40.0,36.0,2.4,C,15.0
3147,high,2,1.0,12.0,8.6,A,15.0
3148,medium,3,,4.0,8.3,C,
3149,low,0,7.0,3.0,1.3,A,-100.0
3150,none,1,8.0,4.0,8.5,A,1.6
3151,medium,1,6.0,23.0,1.1,C,1.3
3152,high,0,3.0,0.0,2.1,C,-100.0
3153,medium,0,22.0,5.0,5.7,A,-12.7
3154,none,0,5.0,19.0,8.3,B,15.0
3155,high,2,17.0,11.0,9.8,A,15.0
3156,low,3,7.0,7.0,2.3,A,-100.0
3157,medium,2,5.0,0.0,8.1,A,-8.6
3158,low,2,7.0,16.0,4.1,A,3.2
3159,medium,2,1.0,16.0,8.4,C,15.0
3160,medium,0,5.0,2.0,8.6,A,-1.4
3161,medium,1,6.0,6.0,1.4,A,-100.0
3162,medium,5,6.0,15.0,5.3,C,7.2
3163,high,2,3.0,16.0,8.0,A,15.0
3164,high,0,5.0,12.0,8.7,A,15.0
3165,low,1,4.0,21.0,7.3,A,15.0
3166,none,0,2.0,18.0,9.3,C,15.0
3167,high,2,11.0,15.0,8.6,D,15.0
3168,high,1,8.0,10.0,9.7,C,15.0
3169,medium,2,2.0,4.0,5.3,A,-15.3
3170,none,1,11.0,11.0,9.7,A,15.0
3171,none,2,4.0,2.0,8.5,A,-2.3
3172,medium,3,1.0,46.0,9.6,A,15.0
3173,low,2,5.0,21.0,8.2,C,15.0
3174,low,1,20.0,8.0,4.7,B,-11.5
3175,low,2,24.0,1.0,5.6,A,-100.0
3176,low,2,1.0,0.0,9.1,A,-2.3
3177,low,2,7.0,5.0,8.5,A,4.3
3178,low,0,12.0,24.0,9.8,A,15.0
3179,medium,0,25.0,16.0,8.9,B,15.0
3180,medium,0,29.0,1.0,7.8,A,-10.3
3181,none,2,10.0,34.0,5.1,B,15.0
3182,low,0,17.0,3.0,9.9,A,7.0
3183,low,0,29.0,37.0,9.1,A,15.0
3184,none,0,5.0,1.0,9.6,B,1.8
3185,high,1,12.0,11.0,2.7,C,-18.4
3186,high,3,6.0,22.0,4.6,A,15.0
3187,high,2,8.0,15.0,8.7,A,15.0
3188,low,2,3.0,12.0,1.8,B,-17.4
3189,high,2,7.0,5.0,4.7,D,-19.6
3190,high,1,8.0,17.0,6.6,A,15.0
3191,medium,1,5.0,13.0,8.3,C,15.0
3192,low,1,2.0,6.0,5.0,A,-12.2
3193,high,2,6.0,9.0,2.8,A,-100.0
3194,low,2,7.0,2.0,8.3,A,-3.1
3195,high,3,6.0,4.0,2.8,A,-100.0
3196,medium,2,8.0,26.0,7.5,A,15.0
3197,medium,1,14.0,15.0,7.4,D,15.0
3198,high,2,9.0,39.0,3.6,C,15.0
3199,medium,1,9.0,8.0,6.1,C,-3.1
3200,high,1,7.0,23.0,7.1,A,15.0
3201,low,0,4.0,2.0,9.4,B,3.5
3202,low,2,2.0,19.0,5.7,D,15.0
3203,high,1,10.0,3.0,9.6,A,3.0
3204,low,1,40.0,14.0,5.6,A,4.1
3205,low,2,10.0,5.0,6.4,C,-7.5
3206,medium,3,16.0,7.0,8.9,C,9.4
3207,medium,1,4.0,9.0,4.1,C,-11.4
3208,low,2,36.0,3.0,9.3,A,1.6
3209,high,2,2.0,1.0,3.6,C,-100.0
3210,medium,2,2.0,0.0,8.0,A,-8.8
3211,high,1,9.0,33.0,6.4,A,15.0
3212,medium,3,8.0,3.0,2.2,A,-100.0
3213,low,1,3.0,40.0,9.1,A,15.0
3214,low,0,12.0,11.0,9.5,A,15.0
3215,low,1,8.0,1.0,9.5,B,1.4
3216,high,1,9.0,4.0,9.3,A,3.5
3217,high,2,24.0,1.0,2.1,C,-100.0
3218,none,2,18.0,6.0,2.5,A,-100.0
3219,medium,2,26.0,5.0,8.8,A,3.7
3220,low,3,6.0,3.0,3.0,B,-100.0
3221,low,1,13.0,33.0,1.1,B,15.0
3222,none,3,8.0,11.0,3.3,C,-12.5
3223,low,1,7.0,10.0,3.6,A,-12.0
3224,medium,1,9.0,10.0,9.9,C,15.0
3225,low,1,10.0,7.0,5.4,A,-8.7
3226,medium,4,19.0,23.0,9.6,A,15.0
3227,low,2,3.0,43.0,2.4,A,15.0
3228,low,3,17.0,8.0,1.1,D,-100.0
3229,low,1,7.0,8.0,1.8,B,-100.0
3230,,1,13.0,3.0,1.5,A,-100.0
3231,low,3,3.0,13.0,5.4,C,4.4
3232,medium,1,21.0,34.0,3.3,A,15.0
3233,high,0,13.0,12.0,7.4,A,9.6
3234,low,1,6.0,40.0,8.8,A,15.0
3235,none,2,35.0,4.0,3.2,A,-100.0
3236,medium,4,4.0,2.0,6.3,C,-14.4
3237,low,1,4.0,3.0,9.7,A,7.1
3238,none,1,8.0,18.0,3.7,A,4.6
3239,none,1,10.0,8.0,2.5,A,-100.0
3240,high,3,6.0,15.0,7.2,A,15.0
3241,medium,2,0.0,0.0,,A,
3242,medium,0,31.0,20.0,8.6,A,15.0
3243,medium,0,12.0,24.0,9.8,D,15.0
3244,high,2,4.0,11.0,7.0,A,6.0
3245,medium,1,13.0,38.0,5.2,A,15.0
3246,high,3,5.0,2.0,8.5,A,-4.9
3247,medium,3,12.0,6.0,9.9,D,13.2
3248,low,0,8.0,19.0,8.8,A,15.0
3249,high,1,39.0,21.0,9.7,A,15.0
3250,low,2,4.0,2.0,9.8,A,5.5
3251,medium,5,5.0,21.0,1.5,A,-1.1
3252,none,0,2.0,7.0,1.6,C,-100.0
3253,high,0,15.0,7.0,3.0,A,-100.0
3254,none,0,4.0,2.0,9.1,A,1.2
3255,medium,3,12.0,2.0,8.9,A,-0.7
3256,high,1,11.0,21.0,9.9,A,15.0
3257,high,0,10.0,5.0,4.9,A,-18.6
3258,low,4,7.0,20.0,8.5,C,15.0
3259,medium,0,6.0,8.0,3.1,A,-19.1
3260,high,1,14.0,16.0,2.4,C,-9.7
3261,high,3,11.0,2.0,6.3,C,-17.6
3262,low,1,3.0,1.0,3.7,A,-100.0
3263,low,2,25.0,10.0,8.5,A,13.0
3264,high,1,8.0,3.0,8.4,A,-3.4
3265,low,1,3.0,50.0,7.0,C,15.0
3266,low,3,24.0,2.0,1.1,C,-100.0
3267,none,1,26.0,1.0,8.6,A,-5.9
3268,,1,5.0,6.0,2.0,B,-100.0
3269,low,0,13.0,1.0,3.8,C,-100.0
3270,high,2,16.0,4.0,6.1,A,-14.9
3271,low,0,16.0,33.0,8.6,A,15.0
3272,low,1,3.0,30.0,3.1,D,15.0
3273,medium,3,10.0,7.0,1.9,A,-100.0
3274,none,2,8.0,12.0,9.8,A,15.0
3275,none,1,28.0,10.0,5.4,A,-4.8
3276,medium,1,7.0,5.0,9.5,A,9.6
3277,medium,3,6.0,28.0,8.5,B,15.0
3278,none,0,3.0,0.0,1.3,A,-100.0
3279,none,5,3.0,0.0,7.7,A,-11.1
3280,high,1,6.0,7.0,5.3,A,-11.9
3281,high,4,16.0,4.0,9.8,C,5.3
3282,high,1,10.0,14.0,7.8,B,15.0
3283,,2,4.0,17.0,3.5,B,1.7
3284,high,0,1.0,10.0,9.6,A,15.0
3285,medium,4,4.0,4.0,10.0,A,10.2
3286,high,1,10.0,36.0,4.9,B,15.0
3287,low,0,14.0,21.0,6.8,A,15.0
3288,medium,1,2.0,25.0,9.0,A,15.0
3289,high,1,,32.0,5.9,C,
3290,low,1,4.0,10.0,9.7,C,15.0
3291,high,2,23.0,8.0,2.1,A,-100.0
3292,high,3,12.0,20.0,8.0,A,15.0
3293,high,1,6.0,5.0,8.2,B,-0.1
3294,none,1,4.0,19.0,1.8,A,-3.3
3295,low,1,4.0,13.0,5.5,A,5.0
3296,none,1,2.0,4.0,7.8,C,-1.6
3297,none,4,4.0,6.0,8.7,A,7.0
3298,low,2,3.0,8.0,8.3,C,9.9
3299,high,1,6.0,3.0,1.8,A,-100.0
3300,low,1,8.0,12.0,2.6,C,-13.4
3301,high,0,34.0,7.0,8.7,A,4.1
3302,none,1,26.0,33.0,2.6,C,15.0
3303,medium,2,6.0,31.0,9.3,C,15.0
3304,high,3,32.0,0.0,9.8,A,-4.6
3305,low,2,2.0,3.0,9.5,C,6.1
3306,low,1,2.0,9.0,2.5,A,-19.7
3307,high,2,13.0,4.0,5.6,C,-17.3
3308,low,0,8.0,8.0,4.1,C,-13.5
3309,low,2,2.0,15.0,3.4,A,-2.2
3310,low,1,11.0,21.0,1.3,A,-2.0
3311,low,3,4.0,3.0,8.4,A,-0.2
3312,high,0,5.0,10.0,8.8,A,13.9
3313,,2,3.0,3.0,8.2,A,-1.7
3314,medium,0,4.0,1.0,,D,
3315,low,2,18.0,9.0,8.4,C,11.1
3316,high,0,10.0,1.0,8.3,C,-8.3
3317,none,2,2.0,3.0,6.4,D,-11.5
3318,medium,0,6.0,2.0,1.3,C,-100.0
3319,medium,1,7.0,6.0,8.2,A,4.5
3320,high,1,13.0,1.0,9.6,A,-1.5
3321,medium,1,12.0,17.0,6.8,A,15.0
3322,high,0,34.0,10.0,8.4,C,8.8
3323,high,5,8.0,12.0,8.9,B,15.0
3324,high,1,9.0,26.0,1.2,A,5.2
3325,high,1,18.0,13.0,5.2,A,-1.0
3326,high,2,11.0,2.0,5.2,A,-100.0
3327,none,0,4.0,6.0,10.0,A,14.6
3328,high,1,1.0,13.0,3.3,B,-9.8
3329,low,8,21.0,13.0,1.8,A,-17.7
3330,none,3,8.0,18.0,9.6,A,15.0
3331,none,1,16.0,2.0,5.7,C,-18.8
3332,low,3,8.0,31.0,9.4,D,15.0
3333,low,1,9.0,16.0,7.8,A,15.0
3334,none,1,19.0,13.0,2.0,C,-16.3
3335,medium,0,27.0,6.0,7.7,A,-0.1
3336,none,4,8.0,25.0,3.9,A,15.0
3337,low,1,19.0,6.0,9.3,C,9.7
3338,none,2,13.0,6.0,3.7,A,-100.0
3339,medium,2,2.0,2.0,9.7,A,4.8
3340,high,3,12.0,2.0,4.7,D,-100.0
3341,high,2,12.0,3.0,3.7,C,-100.0
3342,high,3,9.0,13.0,9.8,C,15.0
3343,high,0,4.0,43.0,7.9,A,15.0
3344,low,0,8.0,2.0,7.6,A,-6.8
3345,medium,0,5.0,13.0,2.7,A,-10.8
3346,medium,2,16.0,6.0,2.7,A,-100.0
3347,low,1,4.0,2.0,8.0,A,-4.3
3348,high,4,14.0,17.0,7.5,A,15.0
3349,medium,1,8.0,0.0,9.8,D,0.6
3350,high,1,8.0,21.0,2.9,A,4.1
3351,high,0,25.0,46.0,7.8,A,15.0
3352,medium,2,4.0,9.0,8.8,C,14.3
3353,high,3,15.0,6.0,9.6,A,8.6
3354,high,0,12.0,6.0,4.8,A,-17.2
3355,none,0,11.0,50.0,8.2,C,15.0
3356,high,1,10.0,18.0,9.9,A,15.0
3357,high,2,5.0,11.0,6.9,A,5.3
3358,medium,2,5.0,20.0,9.4,C,15.0
3359,high,1,13.0,2.0,8.7,A,-4.4
3360,none,2,3.0,3.0,8.1,C,-2.3
3361,high,0,16.0,4.0,9.1,A,1.8
3362,high,1,3.0,1.0,6.6,C,-17.0
3363,medium,1,10.0,3.0,3.7,A,-100.0
3364,none,0,10.0,13.0,3.1,A,-9.3
3365,medium,2,11.0,24.0,4.4,A,15.0
3366,high,2,1.0,9.0,9.0,A,13.1
3367,medium,1,6.0,4.0,6.4,C,-9.5
3368,low,1,1.0,13.0,8.2,A,15.0
3369,none,0,8.0,15.0,10.0,A,15.0
3370,medium,2,5.0,19.0,8.2,A,15.0
3371,high,2,12.0,9.0,1.4,C,-100.0
3372,none,0,5.0,3.0,9.5,A,5.4
3373,low,0,6.0,1.0,3.5,A,-100.0
3374,high,2,12.0,8.0,6.8,C,-2.2
3375,medium,1,9.0,10.0,6.6,A,3.9
3376,high,2,7.0,3.0,7.4,A,-8.9
3377,high,2,6.0,10.0,1.0,C,-100.0
3378,medium,0,11.0,6.0,6.6,A,-4.6
3379,medium,1,15.0,24.0,8.3,D,15.0
3380,low,2,6.0,1.0,6.8,A,-13.3
3381,high,3,7.0,25.0,1.1,A,2.5
3382,medium,0,4.0,0.0,9.7,A,0.6
3383,medium,1,12.0,3.0,4.3,A,-100.0
3384,medium,2,26.0,2.0,9.0,A,-1.5
3385,medium,0,6.0,15.0,7.2,A,15.0
3386,high,0,8.0,8.0,3.3,A,-100.0
3387,low,0,6.0,10.0,3.7,A,-11.3
3388,medium,0,19.0,9.0,8.6,A,11.9
3389,high,1,21.0,16.0,1.1,A,-17.6
3390,high,1,3.0,5.0,9.6,C,7.9
3391,high,2,4.0,9.0,1.6,A,-100.0
3392,high,2,17.0,7.0,8.1,C,2.3
3393,low,2,15.0,19.0,5.8,B,15.0
3394,high,1,11.0,3.0,9.3,A,1.2
3395,high,0,3.0,17.0,9.0,A,15.0
3396,medium,1,10.0,10.0,4.9,A,-5.6
3397,low,0,14.0,7.0,2.6,C,-100.0
3398,high,2,13.0,16.0,8.6,A,15.0
3399,low,0,7.0,4.0,2.9,C,-100.0
3400,high,2,3.0,30.0,9.1,A,15.0
3401,low,2,6.0,7.0,8.4,D,8.1
3402,high,0,12.0,42.0,3.6,A,15.0
3403,high,2,8.0,8.0,6.3,A,-4.6
3404,medium,0,15.0,2.0,6.9,A,-11.8
3405,low,1,19.0,8.0,5.0,A,-9.7
3406,high,1,7.0,7.0,4.4,C,-16.9
3407,high,1,3.0,3.0,8.5,A,-2.4
3408,high,1,4.0,5.0,4.4,A,-100.0
3409,low,3,8.0,1.0,7.5,A,-9.8
3410,high,3,11.0,20.0,9.8,A,15.0
3411,low,1,,24.0,9.3,C,
3412,none,4,27.0,19.0,2.8,A,-0.4
3413,high,1,22.0,0.0,3.0,A,-100.0
3414,high,1,,1.0,5.2,C,
3415,none,1,8.0,21.0,4.1,A,13.1
3416,high,1,8.0,9.0,2.8,A,-100.0
3417,none,0,4.0,0.0,5.5,C,-100.0
3418,high,2,9.0,24.0,8.1,D,15.0
3419,medium,3,7.0,3.0,9.2,A,3.5
3420,low,1,6.0,3.0,6.1,C,-12.9
3421,high,0,4.0,13.0,8.9,C,15.0
3422,medium,2,4.0,13.0,1.5,A,-17.5
3423,low,0,2.0,5.0,2.5,A,-100.0
3424,low,2,15.0,25.0,8.1,A,15.0
3425,none,4,7.0,7.0,2.5,A,-100.0
3426,none,1,0.0,8.0,5.2,C,-7.3
3427,low,0,2.0,6.0,9.3,A,11.5
3428,none,0,27.0,16.0,6.0,A,11.3
3429,low,1,6.0,10.0,4.8,A,-5.3
3430,medium,2,14.0,3.0,8.7,C,0.1
3431,high,2,5.0,7.0,8.2,A,4.1
3432,low,1,4.0,19.0,1.5,A,-4.4
3433,high,2,10.0,9.0,1.5,C,-100.0
3434,low,0,3.0,28.0,6.3,C,15.0
3435,low,0,11.0,16.0,6.0,C,13.5
3436,none,1,14.0,3.0,9.7,C,5.5
3437,high,1,23.0,2.0,6.8,A,-15.8
3438,high,3,8.0,14.0,4.7,A,-0.9
3439,low,1,9.0,2.0,4.7,A,-100.0
3440,low,2,19.0,13.0,6.9,A,11.1
3441,none,3,16.0,1.0,8.1,A,-7.9
3442,high,0,6.0,28.0,8.5,A,15.0
3443,high,2,3.0,1.0,8.5,A,-6.7
3444,high,2,6.0,11.0,1.9,C,-100.0
3445,high,1,15.0,8.0,8.8,C,8.6
3446,medium,1,7.0,27.0,9.0,A,15.0
3447,medium,0,5.0,6.0,3.1,A,-100.0
3448,medium,2,15.0,34.0,8.2,A,15.0
3449,high,0,8.0,33.0,4.1,A,15.0
3450,high,1,4.0,13.0,10.0,B,15.0
3451,none,2,20.0,0.0,6.7,A,-18.0
3452,none,3,3.0,9.0,8.3,A,11.3
3453,high,3,15.0,43.0,9.5,B,15.0
3454,none,1,2.0,4.0,1.4,A,-100.0
3455,medium,0,14.0,3.0,6.9,A,-9.6
3456,none,1,14.0,7.0,4.6,C,-14.1
3457,high,2,7.0,8.0,8.9,C,9.8
3458,medium,4,17.0,24.0,6.5,A,15.0
3459,low,1,14.0,1.0,6.0,A,-18.4
3460,medium,1,14.0,2.0,8.7,A,-1.8
3461,medium,1,4.0,4.0,4.5,C,-19.7
3462,medium,1,13.0,7.0,8.1,A,5.5
3463,none,1,6.0,6.0,7.3,A,-0.6
3464,high,2,7.0,2.0,7.3,A,-11.6
3465,low,2,16.0,5.0,1.8,A,-100.0
3466,high,2,2.0,9.0,3.1,C,-19.5
3467,high,3,11.0,4.0,8.8,A,0.4
3468,none,0,7.0,1.0,6.4,A,-16.0
3469,low,1,3.0,4.0,4.7,C,-18.2
3470,low,1,12.0,1.0,3.0,A,-100.0
3471,none,2,8.0,16.0,7.0,A,15.0
3472,low,1,12.0,27.0,2.2,A,15.0
3473,high,2,17.0,10.0,6.2,A,-1.8
3474,medium,3,8.0,11.0,3.8,A,-9.5
3475,none,1,11.0,1.0,3.2,A,-100.0
3476,low,1,16.0,15.0,7.7,B,15.0
3477,medium,1,6.0,13.0,7.6,A,15.0
3478,medium,1,2.0,15.0,8.9,B,15.0
3479,high,1,12.0,0.0,9.9,C,-1.9
3480,high,0,4.0,12.0,7.4,A,10.5
3481,medium,2,2.0,0.0,3.1,A,-100.0
3482,high,0,12.0,21.0,9.3,C,15.0
3483,high,2,14.0,15.0,9.8,A,15.0
3484,none,3,11.0,6.0,5.4,A,-11.7
3485,high,3,15.0,4.0,3.8,A,-100.0
3486,high,0,2.0,27.0,3.9,A,15.0
3487,low,2,0.0,13.0,9.4,A,15.0
3488,none,1,9.0,14.0,5.4,A,5.5
3489,high,0,7.0,26.0,2.6,A,13.2
3490,high,0,34.0,6.0,9.7,C,7.5
3491,medium,3,16.0,6.0,9.8,A,12.2
3492,high,1,7.0,50.0,3.2,C,15.0
3493,high,2,4.0,7.0,3.5,B,-100.0
3494,high,2,4.0,0.0,7.4,C,-14.9
3495,low,0,13.0,2.0,9.8,A,4.8
3496,low,0,4.0,1.0,8.4,A,-4.1
3497,low,2,2.0,27.0,8.8,A,15.0
3498,low,1,4.0,20.0,9.0,A,15.0
3499,low,1,6.0,14.0,8.8,A,15.0
3500,medium,2,5.0,15.0,8.6,A,15.0
3501,medium,0,4.0,3.0,1.8,C,-100.0
3502,high,2,2.0,9.0,7.3,A,3.6
3503,low,2,10.0,26.0,8.3,A,15.0
3504,none,1,23.0,6.0,9.3,C,8.7
3505,medium,3,4.0,3.0,9.0,C,2.7
3506,none,1,13.0,19.0,5.7,C,15.0
3507,high,1,8.0,46.0,2.5,B,15.0
3508,low,4,34.0,16.0,4.2,A,0.9
3509,none,2,3.0,24.0,5.9,A,15.0
3510,high,0,9.0,5.0,2.0,A,-100.0
3511,low,2,1.0,31.0,7.0,C,15.0
3512,none,1,20.0,6.0,5.5,C,-11.9
3513,low,0,18.0,6.0,9.4,B,10.5
3514,low,2,14.0,4.0,9.7,C,8.1
3515,high,1,7.0,10.0,8.2,C,10.3
3516,none,3,7.0,1.0,6.9,A,-13.6
3517,high,2,15.0,30.0,10.0,A,15.0
3518,low,1,19.0,19.0,4.3,A,9.5
3519,low,2,3.0,36.0,8.2,B,15.0
3520,high,1,9.0,11.0,1.3,C,-100.0
3521,low,3,8.0,8.0,2.4,A,-100.0
3522,high,1,15.0,3.0,2.3,B,-100.0
3523,low,2,11.0,0.0,5.0,A,-100.0
3524,high,0,8.0,16.0,2.4,A,-9.0
3525,high,0,13.0,27.0,9.8,A,15.0
3526,none,2,6.0,1.0,8.7,A,-3.5
3527,high,0,7.0,2.0,9.9,A,2.9
3528,none,0,18.0,46.0,2.4,A,15.0
3529,low,0,5.0,1.0,7.4,A,-9.7
3530,high,1,5.0,7.0,6.2,A,-6.8
3531,high,1,,5.0,9.4,C,
3532,medium,1,19.0,25.0,2.1,A,9.7
3533,high,2,3.0,1.0,5.9,A,-100.0
3534,high,3,12.0,30.0,8.1,A,15.0
3535,low,2,30.0,10.0,8.0,A,9.8
3536,low,3,,3.0,6.2,C,
3537,none,3,15.0,31.0,2.2,A,15.0
3538,low,0,6.0,5.0,9.2,B,8.5
3539,low,1,5.0,12.0,7.0,A,11.1
3540,high,0,10.0,21.0,7.8,A,15.0
3541,medium,1,1.0,8.0,3.4,A,-17.1
3542,high,0,29.0,0.0,6.5,A,-100.0
3543,low,5,11.0,9.0,2.5,A,-100.0
3544,medium,0,7.0,4.0,6.2,C,-10.6
3545,low,1,12.0,17.0,1.1,D,-11.6
3546,high,2,12.0,6.0,2.4,C,-100.0
3547,high,1,38.0,28.0,3.5,C,15.0
3548,high,1,7.0,50.0,9.8,A,15.0
3549,high,0,11.0,10.0,8.6,C,12.2
3550,low,1,11.0,1.0,8.6,A,-3.8
3551,low,1,10.0,12.0,9.2,A,15.0
3552,medium,1,11.0,32.0,4.5,C,15.0
3553,low,2,3.0,14.0,5.0,A,4.4
3554,high,2,3.0,1.0,3.3,A,-100.0
3555,none,2,3.0,11.0,5.5,A,0.2
3556,low,5,5.0,3.0,9.4,A,5.0
3557,high,0,24.0,29.0,1.8,A,13.4
3558,none,0,10.0,7.0,2.6,B,-100.0
3559,,0,5.0,16.0,8.8,A,15.0
3560,low,1,4.0,4.0,2.1,B,-100.0
3561,none,1,7.0,12.0,5.5,A,2.0
3562,high,1,33.0,0.0,9.5,B,-6.2
3563,high,1,5.0,13.0,9.3,C,15.0
3564,low,3,7.0,2.0,8.1,A,-4.3
3565,medium,0,8.0,23.0,3.1,A,12.1
3566,high,0,6.0,1.0,4.8,A,-100.0
3567,none,2,8.0,11.0,8.9,A,15.0
3568,low,1,7.0,8.0,1.5,A,-100.0
3569,high,0,5.0,19.0,7.0,C,15.0
3570,high,1,24.0,5.0,4.9,A,-100.0
3571,low,1,2.0,11.0,9.6,A,15.0
3572,medium,1,19.0,2.0,6.7,A,-13.4
3573,high,1,9.0,14.0,8.2,A,15.0
3574,high,3,14.0,10.0,7.3,A,4.4
3575,low,3,7.0,4.0,6.5,C,-8.9
3576,high,2,7.0,2.0,9.8,A,2.2
3577,low,1,12.0,5.0,8.1,A,1.7
3578,high,1,7.0,7.0,9.1,A,8.9
3579,low,3,3.0,6.0,9.5,C,12.2
3580,none,0,4.0,50.0,3.0,A,15.0
3581,high,4,4.0,6.0,2.0,A,-100.0
3582,high,0,30.0,9.0,8.7,A,8.7
3583,high,1,10.0,15.0,3.5,A,-5.4
3584,none,1,2.0,16.0,10.0,A,15.0
3585,high,4,5.0,4.0,8.1,A,-3.0
3586,high,1,7.0,17.0,6.6,A,15.0
3587,low,1,22.0,7.0,9.2,A,11.0
3588,medium,0,11.0,7.0,9.4,C,12.9
3589,high,4,14.0,10.0,2.8,A,-100.0
3590,medium,1,8.0,4.0,1.2,C,-100.0
3591,low,1,22.0,27.0,9.5,B,15.0
3592,high,2,12.0,1.0,8.6,A,-7.0
3593,medium,3,17.0,2.0,3.1,A,-100.0
3594,low,0,13.0,12.0,9.3,A,15.0
3595,none,1,9.0,9.0,8.9,C,14.2
3596,none,1,11.0,11.0,5.8,C,1.2
3597,low,1,14.0,14.0,4.7,A,1.7
3598,high,0,18.0,4.0,4.0,C,-100.0
3599,high,1,17.0,0.0,2.8,C,-100.0
3600,high,1,20.0,24.0,7.0,A,15.0
3601,low,1,4.0,11.0,6.1,D,4.1
3602,none,2,6.0,18.0,8.7,B,15.0
3603,high,1,4.0,18.0,9.6,C,15.0
3604,high,1,14.0,19.0,8.4,C,15.0
3605,high,1,3.0,3.0,8.1,A,-4.6
3606,medium,0,12.0,9.0,1.3,A,-100.0
3607,low,2,7.0,7.0,9.9,A,15.0
3608,medium,1,8.0,37.0,4.8,A,15.0
3609,medium,0,18.0,3.0,6.0,A,-14.9
3610,low,1,36.0,10.0,9.4,A,15.0
3611,high,0,9.0,11.0,5.2,C,-4.2
3612,medium,2,3.0,3.0,1.2,A,-100.0
3613,low,1,6.0,3.0,5.3,B,-17.3
3614,medium,0,4.0,6.0,6.4,A,-5.0
3615,high,0,13.0,4.0,8.2,C,-2.8
3616,high,1,39.0,8.0,5.8,A,-10.3
3617,none,1,3.0,24.0,7.7,B,15.0
3618,none,1,4.0,17.0,3.8,A,3.5
3619,high,0,13.0,5.0,3.8,C,-100.0
3620,medium,0,4.0,14.0,4.9,B,3.6
3621,high,2,29.0,25.0,6.1,C,15.0
3622,medium,0,5.0,50.0,2.0,A,15.0
3623,low,2,7.0,3.0,2.9,C,-100.0
3624,high,2,2.0,26.0,8.6,C,15.0
3625,high,1,9.0,8.0,2.1,C,-100.0
3626,low,2,12.0,20.0,9.0,A,15.0
3627,high,1,27.0,9.0,5.3,A,-9.8
3628,low,1,5.0,3.0,2.1,C,-100.0
3629,low,1,21.0,19.0,6.2,A,15.0
3630,none,2,3.0,13.0,8.2,A,15.0
3631,medium,2,8.0,25.0,8.4,C,15.0
3632,medium,3,8.0,14.0,8.1,C,15.0
3633,low,3,5.0,18.0,9.8,C,15.0
3634,medium,2,13.0,2.0,5.5,B,-19.5
3635,low,1,14.0,1.0,4.3,A,-100.0
3636,high,2,15.0,12.0,8.1,A,13.0
3637,high,1,8.0,4.0,6.1,C,-14.0
3638,high,0,31.0,9.0,7.2,A,0.4
3639,none,0,15.0,2.0,3.9,A,-100.0
3640,none,3,15.0,17.0,3.0,C,-2.2
3641,medium,2,14.0,22.0,8.4,A,15.0
3642,medium,2,16.0,4.0,1.2,C,-100.0
3643,high,4,23.0,1.0,9.4,A,-3.9
3644,,0,9.0,4.0,9.2,A,5.5
3645,medium,3,2.0,2.0,4.4,B,-100.0
3646,high,2,12.0,6.0,8.3,B,1.8
3647,low,1,7.0,4.0,4.2,C,-100.0
3648,high,1,7.0,9.0,4.3,A,-13.3
3649,medium,2,5.0,9.0,9.5,A,15.0
3650,high,3,17.0,8.0,4.4,C,-16.0
3651,low,2,13.0,4.0,6.3,A,-10.5
3652,low,1,20.0,9.0,9.6,C,15.0
3653,low,4,20.0,17.0,3.5,A,0.5
3654,low,3,6.0,1.0,7.0,A,-12.3
3655,medium,4,18.0,20.0,2.4,C,0.6
3656,medium,2,,7.0,1.3,C,
3657,low,0,8.0,18.0,9.8,A,15.0
3658,low,2,8.0,4.0,9.3,A,6.5
3659,none,0,4.0,28.0,6.2,A,15.0
3660,low,3,4.0,2.0,8.3,A,-2.9
3661,medium,1,4.0,27.0,6.8,C,15.0
3662,none,1,10.0,2.0,1.8,B,-100.0
3663,low,2,7.0,27.0,9.6,A,15.0
3664,none,3,7.0,10.0,8.3,A,13.0
3665,low,3,21.0,15.0,1.8,C,-13.0
3666,medium,2,13.0,8.0,3.8,A,-16.2
3667,none,3,3.0,0.0,7.6,A,-11.4
3668,medium,2,36.0,8.0,4.1,C,-16.9
3669,high,2,10.0,4.0,1.4,D,-100.0
3670,low,1,26.0,15.0,5.6,A,7.6
3671,medium,1,10.0,11.0,8.1,C,14.2
3672,low,0,4.0,27.0,3.9,A,15.0
3673,high,2,5.0,19.0,3.9,C,5.6
3674,none,5,20.0,26.0,10.0,A,15.0
3675,,2,5.0,31.0,8.8,A,15.0
3676,high,0,13.0,1.0,5.9,A,-100.0
3677,low,0,7.0,5.0,2.1,A,-100.0
3678,medium,1,16.0,7.0,2.6,B,-100.0
3679,low,2,5.0,7.0,6.8,A,-0.6
3680,low,0,4.0,16.0,1.6,C,-10.0
3681,medium,0,5.0,17.0,9.6,B,15.0
3682,medium,3,33.0,1.0,9.4,A,-2.2
3683,low,1,11.0,3.0,3.3,A,-100.0
3684,low,2,8.0,1.0,8.4,B,-4.7
3685,high,2,15.0,9.0,2.5,D,-100.0
3686,none,0,11.0,45.0,1.7,A,15.0
3687,none,0,4.0,9.0,9.0,A,15.0
3688,high,0,10.0,23.0,4.0,B,14.3
3689,high,3,4.0,26.0,6.8,A,15.0
3690,high,0,1.0,1.0,8.9,A,-4.1
3691,medium,2,5.0,3.0,2.7,A,-100.0
3692,medium,5,7.0,27.0,8.5,A,15.0
3693,high,1,19.0,3.0,8.1,A,-6.2
3694,high,0,12.0,11.0,5.5,A,-2.9
3695,low,3,6.0,11.0,1.1,A,-100.0
3696,,1,22.0,17.0,3.4,C,-0.5
3697,none,1,12.0,1.0,7.9,A,-8.4
3698,medium,0,5.0,8.0,5.3,B,-6.9
3699,high,4,7.0,6.0,3.0,B,-100.0
3700,high,2,21.0,18.0,3.9,A,1.9
3701,low,2,13.0,1.0,2.7,A,-100.0
3702,low,2,5.0,2.0,2.6,B,-100.0
3703,high,0,21.0,1.0,3.5,A,-100.0
3704,medium,2,,7.0,8.3,C,
3705,high,0,3.0,18.0,2.0,A,-6.5
3706,low,2,12.0,37.0,8.7,D,15.0
3707,medium,2,16.0,10.0,5.0,A,-5.7
3708,high,0,3.0,3.0,8.1,A,-4.5
3709,high,3,5.0,11.0,7.3,A,7.4
3710,medium,1,6.0,17.0,1.5,A,-9.1
3711,medium,2,21.0,1.0,1.4,A,-100.0
3712,none,0,6.0,16.0,2.6,A,-5.3
3713,low,3,3.0,9.0,3.2,A,-16.1
3714,low,3,15.0,14.0,9.2,A,15.0
3715,none,0,14.0,12.0,4.1,A,-6.3
3716,high,1,4.0,1.0,1.7,A,-100.0
3717,low,2,5.0,5.0,8.8,A,6.2
3718,high,0,11.0,8.0,3.8,A,-18.4
3719,high,4,10.0,6.0,9.3,C,7.3
3720,low,2,26.0,6.0,5.0,A,-14.7
3721,none,2,9.0,3.0,5.7,C,-16.1
3722,medium,1,6.0,3.0,8.8,C,1.6
3723,high,1,5.0,4.0,3.4,C,-100.0
3724,medium,2,12.0,1.0,3.9,A,-100.0
3725,low,1,10.0,6.0,1.4,A,-100.0
3726,low,1,15.0,13.0,2.4,A,-13.1
3727,low,5,,1.0,3.1,C,
3728,low,3,5.0,2.0,9.8,A,5.3
3729,high,2,25.0,15.0,8.6,A,15.0
3730,low,1,24.0,2.0,6.0,A,-17.3
3731,high,2,5.0,21.0,3.7,C,8.7
3732,medium,2,8.0,7.0,9.0,A,10.8
3733,medium,0,5.0,50.0,2.3,C,15.0
3734,medium,2,11.0,27.0,9.8,D,15.0
3735,medium,2,4.0,7.0,7.3,B,1.9
3736,medium,0,11.0,9.0,8.8,A,13.8
3737,high,2,9.0,6.0,8.6,A,3.8
3738,high,0,9.0,13.0,6.9,C,9.3
3739,low,3,13.0,16.0,8.5,B,15.0
3740,low,2,18.0,10.0,9.2,B,15.0
3741,high,2,7.0,1.0,7.7,C,-11.5
3742,low,2,6.0,3.0,8.6,A,0.8
3743,high,0,14.0,2.0,5.2,A,-100.0
3744,medium,2,8.0,9.0,8.9,C,14.4
3745,low,1,13.0,24.0,8.3,B,15.0
3746,high,1,9.0,3.0,1.0,A,-100.0
3747,low,1,7.0,5.0,1.1,A,-100.0
3748,low,3,15.0,9.0,8.8,A,13.5
3749,low,1,17.0,14.0,8.6,A,15.0
3750,low,2,2.0,5.0,1.1,A,-100.0
3751,medium,1,10.0,23.0,5.4,A,15.0
3752,high,2,6.0,29.0,9.2,A,15.0
3753,none,2,6.0,21.0,9.6,A,15.0
3754,high,2,7.0,27.0,7.3,A,15.0
3755,high,2,10.0,50.0,9.2,B,15.0
3756,none,2,20.0,4.0,6.6,A,-10.1
3757,none,0,2.0,24.0,5.3,D,
3758,high,0,9.0,9.0,9.7,B,15.0
3759,low,0,7.0,12.0,1.4,A,-19.8
3760,low,1,15.0,17.0,8.9,A,15.0
3761,high,1,5.0,30.0,2.0,A,15.0
3762,none,0,22.0,0.0,1.3,A,-100.0
3763,high,2,9.0,7.0,7.3,A,-1.3
3764,medium,0,12.0,4.0,9.4,C,6.5
3765,high,3,9.0,50.0,9.2,C,15.0
3766,low,2,21.0,25.0,7.8,A,15.0
3767,low,1,12.0,15.0,9.6,A,15.0
3768,low,2,12.0,3.0,9.4,A,4.6
3769,low,1,22.0,50.0,5.7,A,15.0
3770,high,1,30.0,8.0,9.0,B,8.2
3771,medium,2,23.0,38.0,3.5,C,15.0
3772,low,3,17.0,10.0,2.0,A,-100.0
3773,high,1,10.0,1.0,3.5,A,-100.0
3774,low,1,7.0,50.0,5.4,C,15.0
3775,medium,1,11.0,0.0,9.7,A,-0.3
3776,low,4,20.0,0.0,9.9,C,0.0
3777,none,2,19.0,34.0,8.3,A,15.0
3778,none,1,16.0,3.0,6.9,A,-10.1
3779,medium,5,38.0,3.0,9.6,C,2.4
3780,high,2,5.0,0.0,2.3,A,-100.0
3781,high,3,14.0,24.0,5.2,B,15.0
3782,high,1,11.0,21.0,3.4,A,6.6
3783,high,2,14.0,18.0,9.4,C,15.0
3784,high,1,2.0,15.0,6.5,C,11.9
3785,low,1,2.0,24.0,3.2,A,15.0
3786,medium,2,13.0,8.0,9.4,A,14.6
3787,low,0,40.0,1.0,6.3,A,-19.3
3788,medium,1,12.0,1.0,1.2,A,-100.0
3789,low,1,9.0,4.0,8.0,A,-0.6
3790,low,3,18.0,28.0,7.6,C,15.0
3791,high,1,9.0,16.0,7.5,C,15.0
3792,low,1,3.0,21.0,9.9,A,15.0
3793,low,0,6.0,7.0,2.0,A,-100.0
3794,high,3,6.0,0.0,6.0,A,-100.0
3795,high,1,2.0,4.0,2.2,B,-100.0
3796,high,2,1.0,7.0,9.6,A,12.2
3797,none,1,6.0,2.0,8.2,B,-4.0
3798,medium,2,3.0,18.0,9.2,C,15.0
3799,medium,1,2.0,26.0,8.5,A,15.0
3800,low,1,8.0,24.0,2.7,C,12.3
3801,medium,0,7.0,1.0,8.9,D,-2.0
3802,medium,2,2.0,9.0,6.6,A,2.4
3803,none,0,13.0,13.0,1.4,A,-18.9
3804,medium,1,16.0,15.0,9.4,A,15.0
3805,high,0,11.0,4.0,8.9,A,1.2
3806,none,1,8.0,2.0,3.4,C,-100.0
3807,low,4,13.0,1.0,6.0,A,-18.6
3808,high,1,13.0,1.0,4.8,A,-100.0
3809,none,1,7.0,11.0,9.1,A,15.0
3810,medium,1,4.0,12.0,8.5,A,15.0
3811,none,2,14.0,0.0,6.3,D,-19.6
3812,low,0,7.0,8.0,3.7,A,-15.6
3813,high,1,,1.0,3.8,C,
3814,medium,0,7.0,7.0,8.7,D,9.4
3815,medium,2,12.0,15.0,9.8,C,15.0
3816,none,2,6.0,50.0,4.6,A,15.0
3817,high,3,19.0,0.0,4.4,A,-100.0
3818,none,2,2.0,49.0,9.3,C,15.0
3819,medium,1,5.0,20.0,9.9,A,15.0
3820,low,4,28.0,8.0,4.3,A,-14.8
3821,high,2,3.0,1.0,1.5,A,-100.0
3822,low,0,3.0,1.0,2.3,A,-100.0
3823,low,2,19.0,20.0,8.7,A,15.0
3824,high,1,3.0,0.0,5.3,A,-100.0
3825,high,2,7.0,9.0,8.5,A,9.7
3826,low,1,9.0,4.0,2.0,A,-100.0
3827,medium,1,23.0,2.0,2.6,A,-100.0
3828,medium,0,11.0,2.0,9.6,A,3.5
3829,high,1,9.0,1.0,8.5,C,-7.2
3830,medium,2,9.0,9.0,7.6,A,7.2
3831,high,0,4.0,5.0,9.8,A,9.0
3832,none,1,6.0,20.0,9.3,A,15.0
3833,none,0,15.0,46.0,1.6,A,15.0
3834,low,1,8.0,1.0,8.8,C,-2.4
3835,low,2,5.0,23.0,3.2,A,13.2
3836,none,1,9.0,7.0,5.2,A,-10.3
3837,none,2,7.0,8.0,3.6,A,-16.9
3838,high,0,14.0,2.0,9.3,C,-1.1
3839,,2,4.0,2.0,8.9,A,-0.1
3840,low,1,2.0,10.0,10.0,A,15.0
3841,none,0,19.0,2.0,1.3,C,-100.0
3842,low,2,8.0,22.0,3.2,A,10.8
3843,high,3,7.0,18.0,3.8,B,2.7
3844,medium,1,5.0,11.0,4.6,A,-4.6
3845,low,0,21.0,6.0,4.2,A,-18.4
3846,low,4,14.0,7.0,3.9,C,-17.7
3847,low,3,13.0,14.0,1.8,A,-14.3
3848,medium,1,18.0,12.0,9.6,A,15.0
3849,medium,1,18.0,1.0,5.7,A,-100.0
3850,low,2,5.0,0.0,3.6,A,-100.0
3851,high,0,2.0,37.0,8.0,A,15.0
3852,low,0,1.0,10.0,9.1,A,15.0
3853,high,3,15.0,11.0,8.4,A,12.5
3854,high,0,6.0,5.0,3.9,A,-100.0
3855,,0,7.0,0.0,9.7,C,0.0
3856,low,1,21.0,8.0,1.7,A,-100.0
3857,medium,0,12.0,10.0,6.0,A,0.4
3858,high,2,15.0,7.0,2.2,A,-100.0
3859,none,1,2.0,1.0,8.7,A,-3.0
3860,high,1,13.0,7.0,1.5,A,-100.0
3861,medium,2,12.0,20.0,6.1,A,15.0
3862,medium,0,11.0,11.0,7.2,B,9.2
3863,medium,0,4.0,6.0,8.1,A,4.3
3864,medium,0,4.0,6.0,8.6,A,7.1
3865,medium,0,,14.0,2.8,C,
3866,high,2,38.0,3.0,3.3,B,-100.0
3867,high,2,12.0,2.0,3.8,C,-100.0
3868,medium,1,15.0,5.0,8.0,A,0.5
3869,low,1,6.0,28.0,4.6,A,15.0
3870,medium,3,10.0,3.0,8.6,A,-0.1
3871,low,0,10.0,8.0,9.5,A,15.0
3872,low,1,5.0,20.0,9.3,A,15.0
3873,medium,1,5.0,2.0,9.3,B,2.4
3874,medium,0,3.0,12.0,1.5,A,-19.2
3875,medium,1,17.0,1.0,9.8,A,1.8
3876,none,1,14.0,13.0,9.0,A,15.0
3877,medium,1,8.0,2.0,8.3,A,-3.4
3878,low,1,13.0,19.0,8.7,C,15.0
3879,low,4,14.0,12.0,9.3,A,15.0
3880,low,3,6.0,12.0,6.8,A,9.7
3881,medium,2,11.0,50.0,8.9,A,15.0
3882,medium,1,3.0,16.0,7.6,A,15.0
3883,high,1,6.0,0.0,8.1,D,-11.2
3884,low,1,11.0,16.0,8.1,C,15.0
3885,low,3,10.0,3.0,7.1,C,-8.0
3886,medium,3,32.0,4.0,8.6,B,-0.2
3887,medium,1,9.0,12.0,8.4,C,15.0
3888,none,1,9.0,12.0,5.0,A,-0.9
3889,medium,2,2.0,5.0,10.0,A,12.7
3890,high,3,9.0,19.0,8.6,A,15.0
3891,low,1,13.0,0.0,1.2,A,-100.0
3892,high,0,25.0,3.0,6.4,A,-16.0
3893,high,0,3.0,6.0,2.2,C,
3894,medium,0,6.0,1.0,9.3,A,0.2
3895,high,2,6.0,47.0,1.1,A,15.0
3896,low,0,13.0,4.0,3.2,A,-100.0
3897,high,1,3.0,2.0,9.8,A,2.7
3898,medium,2,5.0,7.0,5.4,A,-8.7
3899,none,3,4.0,16.0,4.6,A,5.6
3900,medium,0,11.0,7.0,1.1,A,-100.0
3901,medium,0,13.0,22.0,9.7,B,15.0
3902,none,3,19.0,8.0,4.1,A,-15.5
3903,none,2,9.0,1.0,2.0,D,-100.0
3904,low,2,5.0,2.0,9.2,A,2.1
3905,medium,1,10.0,19.0,3.5,A,5.7
3906,medium,1,29.0,0.0,5.3,A,-100.0
3907,low,2,4.0,10.0,8.4,A,14.6
3908,high,2,5.0,0.0,8.3,A,-10.1
3909,high,2,6.0,16.0,9.4,A,15.0
3910,medium,2,2.0,8.0,6.4,B,-0.8
3911,none,2,15.0,2.0,9.8,A,3.8
3912,medium,1,1.0,4.0,3.6,C,-100.0
3913,high,2,7.0,19.0,9.3,A,15.0
3914,low,1,8.0,18.0,7.1,D,15.0
3915,none,2,20.0,0.0,3.6,B,-100.0
3916,medium,1,2.0,3.0,7.4,A,-5.7
3917,medium,2,17.0,26.0,6.0,A,15.0
3918,medium,0,,16.0,9.1,C,
3919,high,1,3.0,6.0,9.4,A,8.9
3920,low,0,26.0,3.0,9.2,A,2.3
3921,high,2,2.0,12.0,,A,
3922,high,3,12.0,31.0,3.8,A,15.0
3923,high,2,9.0,11.0,9.7,A,15.0
3924,low,2,5.0,3.0,2.1,A,-100.0
3925,high,1,8.0,5.0,3.7,A,-100.0
3926,low,1,8.0,17.0,3.7,A,3.1
3927,high,5,28.0,2.0,7.5,A,-12.9
3928,none,1,16.0,1.0,8.4,C,-6.0
3929,medium,1,4.0,23.0,8.9,A,15.0
3930,medium,1,16.0,14.0,8.6,C,15.0
3931,high,2,19.0,21.0,5.8,A,15.0
3932,low,2,20.0,0.0,9.5,C,-2.0
3933,high,1,10.0,3.0,2.7,A,-100.0
3934,low,1,1.0,1.0,,A,
3935,high,3,16.0,0.0,6.3,A,-100.0
3936,low,4,1.0,8.0,9.2,A,14.9
3937,medium,0,10.0,5.0,4.4,D,-18.7
3938,low,0,15.0,11.0,8.5,D,15.0
3939,low,2,9.0,5.0,1.7,C,-100.0
3940,none,1,4.0,31.0,9.9,A,15.0
3941,high,2,5.0,6.0,7.4,A,-2.4
3942,none,0,19.0,23.0,8.2,A,15.0
3943,low,0,3.0,3.0,6.4,A,-10.8
3944,medium,2,11.0,2.0,1.0,D,-100.0
3945,high,0,3.0,28.0,8.0,A,15.0
3946,high,0,28.0,4.0,6.2,A,-15.3
3947,none,2,4.0,21.0,8.8,C,15.0
3948,high,0,,5.0,6.3,C,
3949,low,1,16.0,46.0,9.7,C,15.0
3950,high,3,2.0,3.0,1.5,A,-100.0
3951,low,0,10.0,5.0,8.9,C,6.4
3952,low,1,10.0,12.0,3.3,D,-9.8
3953,high,0,7.0,15.0,4.4,C,-0.0
3954,low,1,6.0,14.0,,D,
3955,low,0,17.0,14.0,8.3,A,15.0
3956,low,3,18.0,7.0,8.9,A,9.5
3957,low,4,2.0,0.0,1.2,A,-100.0
3958,medium,4,26.0,15.0,8.8,A,15.0
3959,high,0,11.0,22.0,1.5,A,-1.7
3960,none,1,11.0,14.0,8.3,A,15.0
3961,high,1,8.0,27.0,3.2,A,15.0
3962,,4,11.0,12.0,3.3,C,-10.8
3963,low,1,9.0,5.0,3.3,A,-100.0
3964,low,1,2.0,24.0,9.7,A,15.0
3965,medium,0,6.0,1.0,4.5,A,-100.0
3966,high,0,9.0,5.0,3.2,A,-100.0
3967,medium,0,9.0,18.0,4.4,A,8.7
3968,low,0,2.0,11.0,2.4,C,-15.9
3969,low,2,14.0,8.0,6.9,A,1.1
3970,medium,1,29.0,9.0,8.2,A,8.6
3971,medium,1,5.0,3.0,4.3,C,-100.0
3972,high,2,11.0,14.0,1.6,A,-18.1
3973,high,1,9.0,10.0,5.1,A,-7.0
3974,medium,2,4.0,4.0,8.6,A,2.7
3975,low,2,3.0,21.0,8.2,C,15.0
3976,low,1,6.0,15.0,5.5,A,9.0
3977,high,1,13.0,4.0,4.2,A,-100.0
3978,low,1,22.0,20.0,2.7,A,2.5
3979,low,3,26.0,9.0,1.8,A,-100.0
3980,none,2,21.0,38.0,7.3,A,15.0
3981,high,0,11.0,26.0,4.9,B,15.0
3982,low,2,8.0,2.0,2.0,A,-100.0
3983,none,1,1.0,26.0,9.0,B,15.0
3984,none,0,,0.0,8.2,C,
3985,high,0,16.0,7.0,1.7,A,-100.0
3986,high,1,2.0,34.0,8.6,A,15.0
3987,high,2,1.0,5.0,9.8,A,9.1
3988,medium,2,10.0,2.0,10.0,A,5.6
3989,medium,2,8.0,7.0,2.4,C,-100.0
3990,medium,0,26.0,7.0,8.1,C,4.2
3991,low,1,16.0,18.0,8.3,C,15.0
3992,none,1,11.0,3.0,3.6,A,-100.0
3993,medium,3,14.0,6.0,1.0,C,-100.0
3994,high,0,29.0,12.0,6.6,A,3.6
3995,high,2,12.0,4.0,8.6,A,-0.7
3996,low,4,13.0,9.0,10.0,C,15.0
3997,medium,2,26.0,23.0,9.2,B,15.0
3998,none,2,6.0,3.0,9.1,C,2.9
3999,low,1,10.0,0.0,8.5,A,-6.4
4000,high,1,17.0,2.0,6.2,A,-18.5
4001,high,2,12.0,7.0,5.0,A,-14.2
4002,low,4,,4.0,9.7,C,
4003,low,3,2.0,0.0,6.3,C,-17.9
4004,low,1,10.0,2.0,2.7,C,-100.0
4005,medium,3,5.0,18.0,9.6,A,15.0
4006,none,2,8.0,4.0,1.7,A,-100.0
4007,medium,0,29.0,11.0,9.7,A,15.0
4008,low,1,13.0,18.0,8.0,C,15.0
4009,low,1,15.0,30.0,9.3,A,15.0
4010,low,2,14.0,3.0,2.5,A,-100.0
4011,none,1,13.0,40.0,5.1,A,15.0
4012,medium,2,8.0,24.0,5.1,A,15.0
4013,medium,0,5.0,17.0,5.4,A,12.5
4014,high,2,17.0,50.0,8.1,A,15.0
4015,low,2,3.0,10.0,1.1,A,-100.0
4016,low,0,24.0,23.0,6.0,A,15.0
4017,none,1,6.0,15.0,2.1,C,-10.3
4018,high,0,23.0,4.0,7.2,C,-9.3
4019,,1,8.0,34.0,2.1,A,15.0
4020,medium,2,5.0,9.0,1.0,A,-100.0
4021,high,0,22.0,1.0,3.8,A,-100.0
4022,high,0,1.0,27.0,,A,
4023,high,1,6.0,33.0,7.9,A,15.0
4024,high,2,7.0,7.0,3.7,A,-100.0
4025,high,0,7.0,12.0,4.6,A,-5.2
4026,high,2,2.0,10.0,3.3,A,-16.3
4027,,2,16.0,5.0,6.5,A,-8.2
4028,medium,2,11.0,13.0,3.9,C,-5.0
4029,high,1,6.0,4.0,2.5,A,-100.0
4030,high,2,1.0,23.0,6.9,A,15.0
4031,none,4,12.0,26.0,8.5,A,15.0
4032,medium,2,18.0,1.0,5.9,A,-19.9
4033,low,1,4.0,43.0,9.2,A,15.0
4034,low,1,3.0,20.0,3.2,A,7.2
4035,low,0,4.0,20.0,9.3,A,15.0
4036,low,3,11.0,3.0,7.8,A,-4.2
4037,medium,1,2.0,49.0,2.8,D,15.0
4038,high,2,8.0,4.0,1.8,A,-100.0
4039,high,1,5.0,7.0,3.3,A,-100.0
4040,low,2,8.0,0.0,2.3,C,-100.0
4041,,1,3.0,43.0,8.0,A,15.0
4042,none,0,25.0,19.0,3.3,A,2.9
4043,high,5,12.0,1.0,1.5,A,-100.0
4044,none,2,23.0,3.0,8.5,A,-2.1
4045,none,0,,24.0,8.9,C,
4046,high,3,5.0,35.0,6.2,B,15.0
4047,low,1,19.0,15.0,8.2,C,15.0
4048,high,4,11.0,7.0,9.2,A,8.8
4049,low,0,4.0,9.0,3.9,A,-12.1
4050,medium,2,1.0,41.0,9.4,D,15.0
4051,high,0,2.0,6.0,3.6,B,-100.0
4052,high,1,11.0,8.0,9.3,A,11.7
4053,medium,0,3.0,23.0,9.5,A,15.0
4054,low,0,8.0,3.0,4.5,C,-100.0
4055,none,1,4.0,0.0,8.6,A,-5.8
4056,medium,1,3.0,9.0,1.0,A,-100.0
4057,high,1,14.0,12.0,9.5,A,15.0
4058,medium,2,19.0,2.0,9.0,A,-0.8
4059,medium,1,4.0,1.0,2.5,B,-100.0
4060,high,3,21.0,17.0,8.9,A,15.0
4061,low,1,5.0,6.0,9.3,A,11.1
4062,low,3,10.0,19.0,9.5,A,15.0
4063,low,3,5.0,3.0,9.2,A,4.1
4064,medium,3,10.0,14.0,8.9,C,15.0
4065,high,0,6.0,32.0,2.7,A,15.0
4066,medium,1,6.0,8.0,4.1,A,-13.7
4067,high,1,9.0,5.0,2.1,A,-100.0
4068,high,0,9.0,22.0,9.8,A,15.0
4069,high,0,17.0,9.0,5.8,A,-5.9
4070,low,5,21.0,3.0,8.6,A,-1.0
4071,high,3,1.0,6.0,2.8,A,-100.0
4072,low,1,7.0,10.0,2.2,D,-19.7
4073,low,0,7.0,7.0,4.9,A,-11.1
4074,medium,2,10.0,20.0,2.6,C,2.7
4075,high,2,15.0,18.0,1.9,A,-8.5
4076,medium,0,8.0,25.0,3.4,A,15.0
4077,medium,1,6.0,18.0,6.6,A,15.0
4078,high,0,9.0,6.0,1.5,A,-100.0
4079,none,1,16.0,26.0,8.7,A,15.0
4080,low,0,15.0,12.0,1.7,A,-19.0
4081,low,4,1.0,2.0,,A,
4082,low,3,7.0,4.0,3.0,C,-100.0
4083,medium,1,5.0,8.0,7.2,A,3.4
4084,none,1,26.0,23.0,,D,
4085,none,2,4.0,1.0,6.8,A,-13.7
4086,low,1,15.0,4.0,9.1,A,4.8
4087,none,1,15.0,12.0,6.3,A,5.6
4088,high,1,6.0,19.0,8.4,A,15.0
4089,medium,1,7.0,14.0,9.2,A,15.0
4090,high,3,15.0,6.0,5.7,A,-12.9
4091,low,0,1.0,3.0,6.3,A,-11.2
4092,high,3,16.0,32.0,3.9,C,15.0
4093,low,1,5.0,50.0,3.6,A,15.0
4094,none,4,12.0,0.0,1.5,C,-100.0
4095,none,4,4.0,6.0,2.0,C,-100.0
4096,high,0,6.0,5.0,1.5,A,-100.0
4097,low,0,4.0,29.0,2.7,A,15.0
4098,,1,8.0,7.0,1.1,A,-100.0
4099,low,1,7.0,2.0,4.9,A,-100.0
4100,medium,3,12.0,14.0,7.1,A,14.6
4101,low,0,9.0,9.0,7.2,C,5.6
4102,high,3,5.0,25.0,8.3,B,15.0
4103,low,1,13.0,10.0,4.2,D,-9.3
4104,medium,1,6.0,50.0,7.0,C,15.0
4105,medium,4,2.0,1.0,4.6,C,-100.0
4106,none,0,5.0,15.0,4.3,A,2.0
4107,medium,2,,10.0,1.7,C,
4108,none,3,12.0,47.0,8.0,A,15.0
4109,high,1,20.0,15.0,1.1,A,-19.6
4110,high,3,5.0,3.0,9.4,A,2.2
4111,low,1,7.0,4.0,3.5,A,-100.0
4112,high,1,8.0,29.0,1.9,A,15.0
4113,low,1,18.0,29.0,9.6,B,15.0
4114,high,1,9.0,23.0,2.8,A,7.7
4115,low,0,5.0,2.0,2.3,D,-100.0
4116,none,0,18.0,0.0,6.9,A,-16.5
4117,low,1,8.0,24.0,8.6,A,15.0
4118,,2,16.0,11.0,7.7,C,11.0
4119,medium,0,11.0,13.0,8.1,A,15.0
4120,high,4,5.0,13.0,6.0,A,4.4
4121,medium,2,21.0,1.0,8.5,A,-5.8
4122,medium,2,8.0,3.0,1.5,A,-100.0
4123,low,0,12.0,7.0,7.9,B,4.9
4124,none,0,31.0,14.0,9.3,A,15.0
4125,medium,0,,11.0,5.2,C,
4126,,1,7.0,26.0,8.3,A,15.0
4127,high,0,9.0,3.0,1.0,C,-100.0
4128,low,1,3.0,5.0,1.2,C,-100.0
4129,high,2,13.0,17.0,1.7,C,-11.5
4130,none,4,5.0,11.0,5.0,A,-2.9
4131,high,1,6.0,19.0,1.4,A,-8.1
4132,none,3,3.0,3.0,4.3,B,-100.0
4133,low,3,4.0,1.0,5.5,A,-100.0
4134,none,1,6.0,12.0,9.3,C,15.0
4135,high,1,17.0,0.0,2.6,C,-100.0
4136,high,4,4.0,2.0,4.4,A,-100.0
4137,medium,0,4.0,21.0,2.0,A,2.3
4138,high,2,28.0,2.0,8.3,A,-8.2
4139,high,2,6.0,4.0,7.3,C,-7.3
4140,none,2,22.0,24.0,1.4,A,3.1
4141,none,1,11.0,33.0,8.5,A,15.0
4142,high,0,5.0,2.0,8.7,C,-3.5
4143,high,2,9.0,40.0,6.8,A,15.0
4144,low,0,13.0,14.0,5.2,A,4.7
4145,medium,2,4.0,1.0,6.3,D,-16.3
4146,medium,2,2.0,13.0,9.8,B,15.0
4147,low,4,4.0,14.0,1.1,D,-17.4
4148,low,4,11.0,16.0,2.3,C,-7.3
4149,medium,1,5.0,1.0,1.3,A,-100.0
4150,none,1,19.0,6.0,8.7,A,5.8
4151,high,0,4.0,33.0,3.2,C,15.0
4152,low,0,10.0,1.0,1.2,C,-100.0
4153,medium,3,1.0,14.0,5.7,A,7.9
4154,none,1,9.0,2.0,8.9,D,-0.5
4155,medium,0,24.0,9.0,7.6,A,5.9
4156,low,3,7.0,9.0,8.1,C,10.4
4157,none,2,11.0,2.0,2.1,C,-100.0
4158,high,0,26.0,21.0,3.8,A,7.4
4159,low,1,8.0,7.0,7.4,A,2.5
4160,none,2,24.0,18.0,10.0,A,15.0
4161,high,1,20.0,4.0,9.3,A,2.4
4162,low,2,3.0,1.0,3.3,C,-100.0
4163,low,4,14.0,5.0,8.6,A,4.0
4164,low,2,,21.0,8.4,C,
4165,high,1,5.0,2.0,5.4,A,-100.0
4166,none,0,2.0,3.0,9.4,C,5.2
4167,high,4,23.0,14.0,8.5,C,15.0
4168,high,3,16.0,14.0,3.6,C,-7.7
4169,low,0,11.0,2.0,7.6,C,-7.1
4170,medium,1,2.0,1.0,4.4,A,-100.0
4171,high,1,2.0,2.0,7.3,A,-11.0
4172,medium,0,22.0,6.0,2.1,B,-100.0
4173,low,2,11.0,10.0,9.7,A,15.0
4174,low,0,2.0,9.0,9.9,B,15.0
4175,none,2,18.0,3.0,9.9,D,6.1
4176,low,1,8.0,18.0,8.6,C,15.0
4177,low,2,5.0,10.0,4.9,A,-4.8
4178,none,1,3.0,10.0,4.2,C,-8.9
4179,high,2,4.0,9.0,3.8,C,-15.8
4180,medium,1,4.0,7.0,7.2,C,1.4
4181,none,1,6.0,4.0,4.1,A,-100.0
4182,high,0,9.0,19.0,3.6,C,3.8
4183,high,2,8.0,0.0,2.5,A,-100.0
4184,low,1,1.0,10.0,2.1,A,-19.7
4185,medium,2,3.0,2.0,9.9,A,5.8
4186,high,1,1.0,2.0,2.5,A,-100.0
4187,none,0,1.0,17.0,2.8,A,-1.6
4188,low,1,2.0,16.0,1.1,A,-12.7
4189,high,1,8.0,6.0,5.2,A,-14.7
4190,high,0,8.0,8.0,4.0,C,-17.0
4191,medium,2,23.0,0.0,1.9,A,-100.0
4192,low,0,7.0,2.0,2.8,C,-100.0
4193,low,1,6.0,2.0,8.8,A,-0.1
4194,none,3,11.0,1.0,8.3,D,-6.3
4195,medium,1,8.0,9.0,1.8,A,-100.0
4196,low,2,12.0,0.0,3.3,D,-100.0
4197,high,2,12.0,17.0,1.3,C,-13.6
4198,high,2,1.0,10.0,8.5,C,12.4
4199,,1,13.0,11.0,2.5,A,-17.2
4200,low,0,3.0,4.0,3.2,C,-100.0
4201,medium,2,18.0,50.0,9.0,C,15.0
4202,none,3,4.0,6.0,7.4,A,-0.0
4203,none,1,7.0,11.0,9.3,B,15.0
4204,high,0,17.0,6.0,2.2,A,-100.0
4205,high,0,3.0,1.0,2.3,A,-100.0
4206,none,0,12.0,0.0,8.1,C,-9.3
4207,medium,0,2.0,8.0,5.8,D,-3.9
4208,medium,2,9.0,15.0,8.5,C,15.0
4209,medium,1,8.0,13.0,2.1,A,-14.4
4210,high,0,11.0,28.0,2.5,C,15.0
4211,medium,0,15.0,18.0,6.8,B,15.0
4212,low,0,9.0,11.0,3.7,A,-9.5
4213,low,2,4.0,19.0,8.4,C,15.0
4214,low,3,1.0,10.0,6.7,A,5.4
4215,medium,1,11.0,10.0,1.3,A,-100.0
4216,low,0,17.0,19.0,5.5,A,15.0
4217,medium,3,7.0,12.0,3.5,C,-8.9
4218,none,2,11.0,10.0,3.7,B,-12.6
4219,high,2,6.0,22.0,8.9,A,15.0
4220,medium,1,8.0,6.0,8.7,A,7.2
4221,medium,1,5.0,11.0,2.1,A,-18.3
4222,low,1,14.0,1.0,9.8,A,2.5
4223,medium,0,14.0,29.0,3.7,B,15.0
4224,none,2,6.0,17.0,3.1,A,-0.7
4225,low,2,10.0,5.0,6.7,A,-5.9
4226,high,1,9.0,11.0,9.1,A,15.0
4227,high,2,4.0,27.0,8.7,A,15.0
4228,high,1,8.0,38.0,9.7,A,15.0
4229,high,1,19.0,42.0,8.6,A,15.0
4230,low,3,11.0,5.0,4.2,C,-19.8
4231,,1,4.0,24.0,7.4,A,15.0
4232,high,3,,3.0,2.2,C,
4233,medium,1,6.0,12.0,9.4,A,15.0
4234,medium,0,,48.0,1.8,C,
4235,medium,2,16.0,7.0,9.3,A,11.7
4236,medium,1,4.0,5.0,9.3,A,8.7
4237,low,0,4.0,1.0,3.7,A,-100.0
4238,medium,0,21.0,9.0,1.7,A,-100.0
4239,low,6,3.0,7.0,8.4,A,8.0
4240,high,1,9.0,16.0,9.7,A,15.0
4241,high,0,11.0,5.0,,D,
4242,low,1,11.0,3.0,4.9,A,-20.0
4243,medium,0,8.0,2.0,8.6,A,-1.7
4244,high,0,8.0,1.0,3.8,B,-100.0
4245,high,2,5.0,6.0,9.7,A,10.2
4246,high,1,6.0,16.0,9.1,A,15.0
4247,medium,2,9.0,4.0,5.0,A,-17.6
4248,none,3,4.0,2.0,4.2,A,-100.0
4249,high,1,16.0,44.0,8.9,C,15.0
4250,low,7,20.0,39.0,4.5,C,15.0
4251,high,0,5.0,10.0,4.6,A,-9.2
4252,none,2,12.0,11.0,8.1,A,13.6
4253,low,0,7.0,0.0,8.2,A,-7.6
4254,high,0,5.0,9.0,2.8,A,-100.0
4255,low,0,10.0,1.0,5.4,A,-100.0
4256,low,1,2.0,0.0,7.4,A,-11.6
4257,none,0,22.0,2.0,5.9,A,-18.2
4258,low,1,16.0,2.0,2.9,B,-100.0
4259,high,1,7.0,8.0,4.8,A,-12.6
4260,low,2,12.0,5.0,7.4,A,-2.2
4261,high,0,4.0,14.0,9.6,A,15.0
4262,medium,1,7.0,27.0,6.3,A,15.0
4263,low,1,2.0,3.0,2.0,A,-100.0
4264,high,0,3.0,17.0,5.7,A,11.7
4265,high,1,11.0,17.0,9.0,A,15.0
4266,low,1,14.0,2.0,8.2,A,-4.2
4267,high,0,14.0,13.0,1.0,B,-100.0
4268,low,0,12.0,36.0,9.7,C,15.0
4269,low,2,4.0,17.0,9.4,B,15.0
4270,medium,0,19.0,7.0,7.8,C,3.3
4271,low,3,9.0,0.0,1.4,A,-100.0
4272,low,2,8.0,6.0,3.5,A,-100.0
4273,none,1,3.0,3.0,9.3,A,4.4
4274,none,1,8.0,3.0,3.7,A,-100.0
4275,high,2,6.0,0.0,7.1,A,-16.8
4276,high,3,,11.0,8.0,C,
4277,high,1,2.0,11.0,9.1,A,15.0
4278,low,3,3.0,8.0,3.3,C,-17.7
4279,none,2,10.0,9.0,8.2,D,10.2
4280,low,1,4.0,11.0,9.3,D,15.0
4281,none,2,7.0,20.0,3.7,A,8.8
4282,medium,2,9.0,4.0,5.8,A,-13.2
4283,medium,2,8.0,15.0,5.7,A,9.4
4284,high,1,2.0,15.0,8.3,D,15.0
4285,high,1,5.0,1.0,9.6,C,-0.7
4286,low,4,10.0,16.0,6.9,A,15.0
4287,high,1,9.0,18.0,9.5,A,15.0
4288,none,2,5.0,6.0,8.2,A,4.4
4289,none,0,4.0,9.0,3.6,A,-14.3
4290,low,2,3.0,6.0,8.2,C,5.2
4291,low,1,37.0,2.0,5.3,A,-100.0
4292,low,3,6.0,1.0,3.4,A,-100.0
4293,medium,0,12.0,21.0,3.1,A,7.5
4294,low,1,12.0,50.0,10.0,A,15.0
4295,,0,13.0,8.0,9.2,A,13.5
4296,none,0,22.0,1.0,9.1,C,-2.7
4297,high,0,9.0,9.0,7.7,A,5.3
4298,low,2,7.0,22.0,9.6,C,15.0
4299,high,2,1.0,10.0,5.0,A,-6.8
4300,high,3,8.0,8.0,1.2,B,-100.0
4301,low,2,4.0,16.0,8.2,A,15.0
4302,low,0,10.0,1.0,6.2,A,-16.8
4303,low,0,6.0,29.0,9.2,A,15.0
4304,medium,2,13.0,3.0,5.0,A,-100.0
4305,medium,1,0.0,48.0,9.8,C,15.0
4306,high,0,11.0,2.0,5.1,C,-100.0
4307,none,0,7.0,4.0,1.2,A,-100.0
4308,high,2,3.0,11.0,2.1,B,-100.0
4309,medium,3,9.0,7.0,8.3,A,6.7
4310,low,1,3.0,8.0,8.2,A,9.5
4311,medium,0,13.0,13.0,2.6,A,-12.1
4312,medium,0,3.0,13.0,1.6,A,-16.6
4313,low,1,2.0,14.0,9.1,C,15.0
4314,none,0,16.0,13.0,3.2,C,-9.3
4315,low,0,10.0,0.0,4.7,A,-100.0
4316,medium,4,16.0,22.0,6.6,A,15.0
4317,low,1,3.0,0.0,4.9,A,-100.0
4318,low,1,9.0,2.0,8.3,A,-3.2
4319,low,3,6.0,1.0,6.6,A,-14.5
4320,low,1,12.0,29.0,9.9,D,15.0
4321,none,2,8.0,15.0,3.9,C,-0.7
4322,medium,0,3.0,11.0,1.4,A,-100.0
4323,low,1,2.0,13.0,4.2,B,-1.9
4324,low,1,18.0,4.0,8.9,A,3.4
4325,low,1,14.0,7.0,5.9,A,-6.4
4326,low,3,19.0,15.0,2.4,B,-9.5
4327,low,1,40.0,0.0,9.8,A,-2.2
4328,high,2,8.0,34.0,2.4,B,15.0
4329,medium,1,8.0,3.0,8.3,C,-1.4
4330,medium,0,34.0,6.0,10.0,A,11.8
4331,low,2,14.0,18.0,8.4,A,15.0
4332,low,3,11.0,14.0,9.0,B,15.0
4333,high,0,22.0,13.0,8.5,B,15.0
4334,low,1,5.0,23.0,1.9,C,6.1
4335,medium,1,12.0,3.0,8.7,A,0.5
4336,low,0,1.0,7.0,8.1,A,7.1
4337,high,1,13.0,1.0,1.5,A,-100.0
4338,medium,1,1.0,4.0,2.9,B,-100.0
4339,low,0,15.0,23.0,9.1,A,15.0
4340,medium,4,6.0,3.0,4.7,A,-100.0
4341,high,2,7.0,1.0,6.5,B,-18.1
4342,medium,2,11.0,8.0,8.8,C,11.5
4343,medium,0,7.0,7.0,2.9,A,-100.0
4344,medium,1,13.0,0.0,6.3,A,-19.1
4345,low,3,12.0,1.0,9.4,A,0.3
4346,low,2,7.0,3.0,8.2,C,-1.5
4347,none,3,14.0,0.0,2.3,A,-100.0
4348,none,1,5.0,5.0,6.8,A,-5.3
4349,low,1,4.0,6.0,7.6,A,1.9
4350,low,1,29.0,14.0,9.1,C,15.0
4351,high,0,4.0,14.0,7.6,A,15.0
4352,high,3,3.0,6.0,4.9,C,-16.1
4353,high,3,17.0,28.0,9.2,A,15.0
4354,medium,0,5.0,0.0,8.6,A,-5.6
4355,medium,0,6.0,20.0,8.5,A,15.0
4356,high,0,2.0,7.0,8.4,A,5.7
4357,high,1,5.0,0.0,8.2,A,-10.5
4358,high,2,16.0,3.0,8.4,C,-4.3
4359,high,3,1.0,14.0,8.2,A,15.0
4360,low,4,10.0,1.0,3.7,A,-100.0
4361,medium,0,9.0,4.0,7.5,C,-3.6
4362,high,2,6.0,4.0,9.3,A,3.7
4363,medium,2,8.0,6.0,8.7,A,7.0
4364,none,2,9.0,20.0,8.3,A,15.0
4365,low,2,9.0,27.0,3.7,A,15.0
4366,low,1,15.0,1.0,7.8,A,-8.6
4367,high,0,3.0,4.0,4.6,A,-100.0
4368,low,0,7.0,2.0,7.4,A,-7.8
4369,high,0,7.0,38.0,9.4,A,15.0
4370,low,1,15.0,17.0,2.2,A,-5.8
4371,medium,0,3.0,18.0,7.4,A,15.0
4372,medium,2,10.0,19.0,9.1,A,15.0
4373,high,4,4.0,14.0,9.4,A,15.0
4374,none,1,13.0,25.0,2.6,A,12.8
4375,high,0,10.0,15.0,9.6,A,15.0
4376,low,2,19.0,1.0,8.1,A,-7.5
4377,,0,8.0,1.0,9.1,A,-1.3
4378,high,2,24.0,2.0,3.2,C,-100.0
4379,none,2,17.0,1.0,8.9,A,-3.5
4380,low,0,6.0,10.0,8.4,A,14.6
4381,low,0,9.0,31.0,5.8,A,15.0
4382,medium,2,27.0,1.0,9.6,A,-0.4
4383,medium,0,7.0,42.0,2.7,A,15.0
4384,low,1,15.0,22.0,2.2,A,4.7
4385,none,3,10.0,15.0,4.5,C,2.3
4386,high,4,8.0,10.0,9.4,B,15.0
4387,medium,1,7.0,8.0,8.1,A,8.2
4388,medium,2,11.0,5.0,8.3,A,2.4
4389,none,2,10.0,25.0,4.1,A,15.0
4390,high,1,3.0,25.0,9.8,C,15.0
4391,medium,1,13.0,9.0,4.6,A,-9.6
4392,medium,1,10.0,50.0,1.6,A,15.0
4393,low,2,15.0,9.0,8.9,C,14.1
4394,low,1,35.0,0.0,3.7,B,-100.0
4395,medium,3,4.0,5.0,5.4,A,-12.9
4396,medium,0,16.0,1.0,5.8,A,-100.0
4397,,1,22.0,6.0,8.9,A,6.6
4398,none,0,0.0,30.0,7.4,B,15.0
4399,medium,3,,4.0,7.6,C,
4400,low,3,11.0,5.0,5.5,B,-12.7
4401,low,0,14.0,15.0,2.6,A,-7.6
4402,low,0,3.0,3.0,7.1,A,-7.0
4403,high,0,8.0,23.0,1.3,C,-0.4
4404,low,1,10.0,10.0,2.9,A,-16.2
4405,high,4,13.0,5.0,9.0,A,3.3
4406,none,2,37.0,8.0,8.6,A,7.6
4407,medium,1,16.0,8.0,8.3,A,8.3
4408,high,3,2.0,19.0,1.3,A,-8.5
4409,medium,2,20.0,19.0,2.0,A,-3.7
4410,medium,2,8.0,5.0,2.9,D,-100.0
4411,low,4,7.0,29.0,8.9,A,15.0
4412,low,2,21.0,38.0,9.8,C,15.0
4413,high,0,14.0,30.0,8.3,D,15.0
4414,low,4,13.0,3.0,3.4,A,-100.0
4415,none,2,19.0,4.0,2.6,A,-100.0
4416,low,3,12.0,14.0,9.5,B,15.0
4417,,0,12.0,16.0,3.6,A,-0.4
4418,low,1,14.0,1.0,9.3,A,-0.3
4419,high,2,7.0,2.0,7.6,C,-9.9
4420,high,0,3.0,12.0,8.7,A,15.0
4421,medium,3,20.0,1.0,1.9,A,-100.0
4422,low,2,1.0,5.0,8.2,C,3.3
4423,high,0,24.0,1.0,8.8,B,-6.9
4424,medium,3,20.0,2.0,3.2,A,-100.0
4425,low,0,2.0,11.0,9.6,A,15.0
4426,low,1,5.0,2.0,9.2,C,2.2
4427,low,3,3.0,11.0,5.8,C,2.4
4428,low,3,31.0,11.0,,D,
4429,low,3,1.0,3.0,8.7,A,1.7
4430,medium,3,15.0,5.0,3.1,A,-100.0
4431,medium,2,20.0,0.0,5.1,A,-100.0
4432,none,2,9.0,18.0,9.3,A,15.0
4433,low,2,3.0,25.0,8.7,A,15.0
4434,low,1,7.0,17.0,2.4,A,-3.9
4435,high,3,2.0,20.0,4.4,A,10.7
4436,high,0,11.0,8.0,6.2,A,-5.2
4437,medium,1,14.0,11.0,7.3,A,9.3
4438,none,1,4.0,17.0,9.6,A,15.0
4439,high,1,2.0,26.0,1.6,A,8.1
4440,medium,2,2.0,8.0,9.7,B,15.0
4441,medium,2,20.0,5.0,1.2,C,-100.0
4442,high,1,7.0,10.0,8.7,A,13.0
4443,high,4,17.0,30.0,9.5,A,15.0
4444,none,1,11.0,2.0,9.4,C,2.1
4445,high,1,12.0,17.0,8.3,C,15.0
4446,high,3,15.0,25.0,1.1,A,1.7
4447,high,0,9.0,4.0,9.0,A,2.0
4448,medium,1,3.0,11.0,8.8,A,15.0
4449,low,3,,1.0,5.1,C,
4450,medium,0,3.0,26.0,9.8,A,15.0
4451,low,4,2.0,12.0,8.6,A,15.0
4452,low,2,7.0,20.0,9.0,A,15.0
4453,high,1,3.0,13.0,9.6,A,15.0
4454,high,1,20.0,20.0,9.7,A,15.0
4455,low,0,4.0,9.0,3.8,A,-12.6
4456,medium,1,23.0,5.0,8.1,B,0.2
4457,low,1,9.0,2.0,7.5,A,-7.6
4458,medium,1,6.0,14.0,1.9,A,-13.3
4459,high,2,2.0,41.0,3.7,A,15.0
4460,none,2,18.0,19.0,3.8,C,6.2
4461,high,2,3.0,5.0,4.8,A,-18.6
4462,high,3,5.0,4.0,4.2,A,-100.0
4463,low,0,7.0,10.0,5.4,A,-2.0
4464,high,0,18.0,7.0,4.5,A,-17.4
4465,none,0,10.0,12.0,8.5,C,15.0
4466,none,2,7.0,2.0,3.8,A,-100.0
4467,low,2,13.0,3.0,5.5,A,-17.0
4468,low,1,4.0,6.0,9.6,D,12.9
4469,low,1,0.0,8.0,4.7,A,-9.5
4470,medium,0,4.0,9.0,9.9,A,15.0
4471,high,2,17.0,7.0,6.5,A,-6.5
4472,high,0,27.0,2.0,3.6,A,-100.0
4473,low,1,14.0,7.0,5.5,A,-8.6
4474,medium,2,2.0,6.0,8.9,A,8.7
4475,medium,0,4.0,2.0,2.6,A,-100.0
4476,low,3,7.0,1.0,8.8,B,-2.5
4477,none,0,2.0,17.0,9.3,A,15.0
4478,low,2,4.0,31.0,3.6,C,15.0
4479,high,0,7.0,3.0,6.8,A,-12.0
4480,low,3,5.0,4.0,8.9,C,4.5
4481,low,3,15.0,7.0,8.6,D,8.2
4482,low,1,7.0,4.0,8.9,B,4.5
4483,medium,1,7.0,6.0,5.5,A,-10.4
4484,low,2,9.0,25.0,6.9,A,15.0
4485,low,4,11.0,9.0,1.1,C,-100.0
4486,high,1,6.0,9.0,2.5,A,-100.0
4487,high,0,5.0,18.0,1.3,C,-10.6
4488,medium,2,3.0,3.0,2.7,A,-100.0
4489,high,2,15.0,7.0,9.9,C,12.4
4490,medium,2,6.0,1.0,4.4,A,-100.0
4491,medium,1,8.0,7.0,,D,
4492,low,2,5.0,6.0,3.8,A,-19.2
4493,low,0,15.0,1.0,5.5,C,-100.0
4494,low,4,26.0,21.0,9.6,A,15.0
4495,medium,4,5.0,2.0,9.8,B,4.8
4496,none,1,2.0,50.0,8.1,A,15.0
4497,none,2,6.0,6.0,5.8,A,-8.9
4498,high,2,6.0,28.0,6.8,B,15.0
4499,high,2,22.0,2.0,4.1,A,-100.0
4500,none,4,4.0,7.0,8.9,A,10.2
4501,none,0,6.0,31.0,8.6,A,15.0
4502,high,0,9.0,29.0,10.0,A,15.0
4503,none,2,10.0,2.0,7.5,A,-8.4
4504,none,3,9.0,4.0,2.1,A,-100.0
4505,high,0,11.0,1.0,8.3,A,-8.4
4506,high,1,2.0,0.0,9.4,A,-3.6
4507,none,2,4.0,38.0,1.6,A,15.0
4508,medium,1,5.0,4.0,4.2,A,-100.0
4509,high,1,9.0,1.0,3.5,C,-100.0
4510,low,2,11.0,9.0,8.9,A,14.5
4511,none,2,5.0,42.0,5.4,A,15.0
4512,medium,1,9.0,17.0,6.7,A,15.0
4513,low,1,7.0,1.0,5.4,A,-100.0
4514,medium,2,,11.0,1.9,C,
4515,high,0,15.0,18.0,7.4,C,15.0
4516,low,0,13.0,0.0,10.0,A,1.7
4517,high,0,15.0,18.0,1.7,A,-9.4
4518,high,1,8.0,21.0,1.4,A,-4.1
4519,none,1,8.0,21.0,7.9,C,15.0
4520,none,2,12.0,2.0,8.2,C,-4.7
4521,medium,2,17.0,12.0,3.1,C,-12.1
4522,high,2,3.0,21.0,5.3,A,15.0
4523,medium,3,7.0,33.0,8.3,A,15.0
4524,medium,1,6.0,3.0,2.2,A,-100.0
4525,medium,0,1.0,6.0,9.4,C,11.8
4526,high,3,11.0,7.0,9.3,C,9.4
4527,low,2,7.0,2.0,6.8,A,-11.3
4528,low,2,5.0,6.0,6.3,A,-5.5
4529,none,1,5.0,34.0,8.0,B,15.0
4530,none,0,4.0,5.0,8.9,A,6.4
4531,none,1,,8.0,3.0,C,
4532,medium,2,3.0,11.0,9.2,A,15.0
4533,low,3,20.0,16.0,9.0,A,
4534,none,1,3.0,32.0,5.7,C,15.0
4535,low,1,5.0,24.0,9.2,B,15.0
4536,none,1,8.0,1.0,9.9,A,3.0
4537,medium,1,14.0,14.0,9.4,A,15.0
4538,low,2,1.0,11.0,9.8,A,15.0
4539,low,2,9.0,1.0,8.4,B,-4.8
4540,high,1,,0.0,8.9,C,
4541,low,0,20.0,11.0,3.3,A,-12.8
4542,medium,2,13.0,11.0,2.6,A,-16.5
4543,none,3,31.0,4.0,6.1,A,-14.1
4544,high,0,7.0,4.0,5.1,A,-19.3
4545,low,1,7.0,16.0,4.1,C,3.3
4546,none,1,2.0,50.0,2.4,A,15.0
4547,,0,,27.0,3.8,C,
4548,low,3,3.0,27.0,9.4,A,15.0
4549,medium,2,15.0,8.0,5.7,A,-6.0
4550,medium,1,7.0,7.0,8.3,B,7.2
4551,low,3,3.0,4.0,8.8,A,4.2
4552,low,2,1.0,26.0,8.9,A,15.0
4553,low,2,9.0,4.0,1.4,D,-100.0
4554,high,1,8.0,19.0,2.2,A,-3.9
4555,medium,0,7.0,26.0,4.6,A,15.0
4556,low,3,6.0,9.0,7.1,A,5.0
4557,low,3,8.0,6.0,3.3,A,-100.0
4558,medium,1,6.0,8.0,4.2,C,-13.2
4559,low,1,4.0,10.0,7.2,A,8.1
4560,low,2,6.0,14.0,9.2,A,15.0
4561,high,2,8.0,3.0,8.3,A,-4.1
4562,high,3,14.0,0.0,8.3,A,-11.1
4563,low,1,25.0,5.0,3.9,B,-100.0
4564,none,1,2.0,0.0,6.9,A,-15.0
4565,none,1,9.0,14.0,9.1,A,15.0
4566,medium,2,2.0,8.0,3.4,A,-17.3
4567,medium,3,22.0,15.0,1.1,A,-17.4
4568,high,1,8.0,15.0,6.5,A,11.3
4569,low,0,5.0,6.0,2.3,B,-100.0
4570,high,2,9.0,19.0,8.6,B,15.0
4571,none,0,1.0,5.0,,D,
4572,medium,3,9.0,2.0,9.5,A,2.8
4573,low,1,13.0,43.0,6.5,B,15.0
4574,medium,0,14.0,3.0,4.3,A,-100.0
4575,high,0,3.0,16.0,8.6,A,15.0
4576,high,2,3.0,5.0,1.9,A,-100.0
4577,high,1,10.0,18.0,5.4,A,11.4
4578,medium,0,10.0,19.0,2.0,A,-2.5
4579,high,1,32.0,10.0,4.7,D,-11.5
4580,none,1,27.0,5.0,3.0,A,
4581,high,1,5.0,37.0,3.9,C,15.0
4582,high,3,9.0,7.0,9.6,C,11.3
4583,low,1,4.0,12.0,7.2,A,12.3
4584,low,2,5.0,0.0,3.3,A,-100.0
4585,medium,4,10.0,12.0,5.1,A,-0.5
4586,low,3,19.0,4.0,1.4,A,-100.0
4587,medium,2,13.0,9.0,1.2,A,-100.0
4588,none,0,3.0,1.0,1.5,C,-100.0
4589,medium,2,16.0,17.0,5.9,B,13.9
4590,high,0,7.0,18.0,4.5,A,6.8
4591,medium,1,3.0,3.0,2.3,A,-100.0
4592,none,1,14.0,2.0,8.0,C,-5.9
4593,low,2,8.0,9.0,3.7,A,-13.8
4594,medium,1,2.0,24.0,9.7,A,15.0
4595,high,1,,20.0,1.2,C,
4596,low,0,10.0,3.0,8.3,A,-1.1
4597,high,1,6.0,1.0,1.8,C,-100.0
4598,medium,0,8.0,6.0,8.1,A,3.9
4599,high,1,3.0,0.0,9.5,C,-3.2
4600,high,2,5.0,11.0,9.8,C,15.0
4601,medium,1,6.0,5.0,9.8,A,11.3
4602,low,2,16.0,16.0,9.6,A,15.0
4603,high,2,10.0,36.0,8.4,A,15.0
4604,high,1,4.0,11.0,8.4,A,13.8
4605,high,1,3.0,9.0,7.3,A,3.6
4606,low,1,21.0,10.0,9.2,A,15.0
4607,high,2,5.0,12.0,9.3,A,15.0
4608,high,1,10.0,2.0,7.4,A,-11.2
4609,high,1,11.0,0.0,6.7,A,-19.4
4610,low,3,34.0,8.0,9.7,A,14.4
4611,medium,0,14.0,17.0,1.9,A,-7.6
4612,high,6,13.0,5.0,8.7,A,1.4
4613,high,3,5.0,16.0,8.3,A,15.0
4614,low,0,12.0,6.0,8.6,A,6.7
4615,,0,13.0,1.0,8.6,D,-4.5
4616,low,1,7.0,18.0,6.0,A,15.0
4617,high,3,6.0,4.0,2.8,C,-100.0
4618,low,0,11.0,6.0,10.0,C,14.5
4619,none,2,19.0,0.0,9.6,A,-1.9
4620,low,3,10.0,11.0,9.9,A,15.0
4621,medium,1,7.0,12.0,3.3,A,-9.8
4622,,2,5.0,3.0,8.3,A,-1.4
4623,medium,0,5.0,21.0,2.4,A,4.4
4624,none,1,25.0,4.0,2.8,D,-100.0
4625,high,1,11.0,9.0,1.1,A,-100.0
4626,high,2,16.0,10.0,7.9,A,7.6
4627,high,2,13.0,12.0,9.5,A,15.0
4628,low,3,3.0,3.0,9.3,A,4.8
4629,medium,0,22.0,9.0,8.3,C,10.0
4630,high,3,3.0,3.0,9.0,C,0.2
4631,high,2,17.0,0.0,3.6,D,-100.0
4632,high,0,5.0,45.0,9.4,A,15.0
4633,none,3,7.0,3.0,6.5,A,-11.6
4634,none,1,4.0,4.0,9.5,B,7.5
4635,low,4,5.0,1.0,5.6,A,-100.0
4636,low,0,7.0,4.0,6.2,A,-10.2
4637,high,1,19.0,9.0,3.6,A,-18.3
4638,high,0,13.0,2.0,6.5,A,-16.4
4639,high,2,21.0,41.0,8.4,A,15.0
4640,medium,0,9.0,34.0,5.3,A,15.0
4641,high,0,0.0,27.0,5.3,C,15.0
4642,low,1,9.0,1.0,7.9,A,-7.5
4643,high,1,4.0,13.0,9.5,A,15.0
4644,medium,0,5.0,10.0,2.4,A,-18.7
4645,medium,6,12.0,25.0,7.1,A,15.0
4646,low,1,1.0,13.0,5.9,A,7.5
4647,medium,2,9.0,13.0,2.5,C,-12.4
4648,medium,2,3.0,4.0,9.9,C,10.0
4649,high,0,24.0,9.0,3.3,C,-100.0
4650,high,0,4.0,12.0,4.3,A,-6.6
4651,high,0,11.0,30.0,6.6,A,15.0
4652,medium,3,6.0,5.0,7.0,A,-4.3
4653,high,3,11.0,10.0,8.2,A,9.7
4654,high,2,4.0,17.0,8.6,C,15.0
4655,medium,0,3.0,19.0,6.9,C,15.0
4656,none,1,0.0,2.0,6.9,C,-10.6
4657,low,1,14.0,20.0,9.4,D,15.0
4658,high,0,12.0,12.0,10.0,A,15.0
4659,low,3,4.0,15.0,5.6,C,9.6
4660,low,0,5.0,8.0,8.0,C,8.3
4661,medium,2,30.0,12.0,8.3,A,15.0
4662,low,5,2.0,9.0,6.8,A,3.6
4663,medium,4,4.0,8.0,3.3,A,-18.2
4664,medium,3,13.0,25.0,1.5,A,6.8
4665,low,1,11.0,2.0,5.3,A,-19.9
4666,,2,9.0,0.0,9.6,A,-0.9
4667,low,1,6.0,3.0,8.5,A,0.3
4668,low,1,28.0,3.0,4.9,A,-100.0
4669,high,1,2.0,1.0,7.0,A,-14.7
4670,medium,2,6.0,37.0,8.6,A,15.0
4671,high,1,29.0,27.0,9.6,A,15.0
4672,none,1,4.0,15.0,9.3,A,15.0
4673,none,4,4.0,9.0,9.1,D,15.0
4674,none,0,17.0,0.0,2.2,D,-100.0
4675,medium,1,9.0,5.0,5.6,C,-12.1
4676,high,2,4.0,15.0,8.7,A,15.0
4677,medium,1,19.0,12.0,8.9,A,15.0
4678,medium,1,5.0,23.0,1.0,A,0.8
4679,none,3,6.0,9.0,6.5,B,1.1
4680,high,1,3.0,6.0,8.5,A,3.9
4681,high,0,2.0,1.0,,C,
4682,low,0,10.0,2.0,8.7,A,-1.0
4683,low,5,7.0,2.0,8.5,A,-2.3
4684,high,1,5.0,6.0,5.7,A,-11.7
4685,medium,1,23.0,2.0,9.9,B,3.8
4686,low,0,8.0,1.0,8.4,C,-4.5
4687,medium,0,8.0,5.0,6.4,D,-7.5
4688,medium,4,15.0,15.0,9.7,C,15.0
4689,none,1,15.0,0.0,1.9,A,-100.0
4690,,1,37.0,2.0,3.2,C,-100.0
4691,high,5,5.0,11.0,6.5,A,2.8
4692,high,1,12.0,8.0,3.7,A,-19.2
4693,low,3,18.0,0.0,9.2,A,-3.5
4694,medium,2,8.0,2.0,4.2,A,-100.0
4695,high,2,6.0,3.0,1.2,A,-100.0
4696,medium,1,13.0,7.0,9.0,B,10.4
4697,high,1,4.0,19.0,3.3,A,2.5
4698,medium,1,25.0,5.0,5.0,C,-17.0
4699,high,0,3.0,4.0,7.3,A,-6.8
4700,medium,1,21.0,21.0,4.3,A,13.1
4701,medium,2,8.0,4.0,1.1,A,-100.0
4702,none,2,16.0,8.0,2.9,A,-100.0
4703,medium,0,7.0,19.0,9.5,A,15.0
4704,low,3,3.0,29.0,4.3,B,15.0
4705,medium,0,10.0,2.0,8.4,C,-3.0
4706,none,2,11.0,16.0,5.8,A,11.6
4707,medium,0,40.0,21.0,4.2,A,10.8
4708,none,5,6.0,6.0,5.2,A,-12.5
4709,high,2,10.0,26.0,8.9,A,15.0
4710,medium,3,17.0,16.0,8.5,B,15.0
4711,low,0,21.0,21.0,8.8,A,15.0
4712,none,3,2.0,7.0,3.1,A,-100.0
4713,high,3,13.0,8.0,1.1,C,-100.0
4714,high,1,15.0,32.0,9.1,C,15.0
4715,high,2,7.0,3.0,5.1,A,-100.0
4716,high,1,6.0,3.0,7.8,A,-6.5
4717,high,2,9.0,7.0,,D,
4718,low,1,5.0,4.0,7.3,A,-4.1
4719,low,0,16.0,0.0,4.2,A,-100.0
4720,low,1,3.0,8.0,5.0,C,-8.1
4721,medium,3,10.0,1.0,5.4,C,-100.0
4722,low,0,9.0,1.0,9.4,A,0.9
4723,low,2,4.0,18.0,9.0,A,15.0
4724,,4,4.0,6.0,4.1,A,-18.3
4725,high,1,14.0,3.0,8.9,B,-1.3
4726,high,1,21.0,1.0,7.9,A,-11.7
4727,none,1,10.0,2.0,4.0,A,-100.0
4728,low,2,7.0,6.0,8.5,A,6.4
4729,medium,1,11.0,13.0,3.5,B,-7.1
4730,high,1,2.0,6.0,4.5,D,-18.0
4731,high,0,3.0,8.0,4.6,C,-13.2
4732,high,1,6.0,0.0,9.5,C,-3.5
4733,high,0,13.0,3.0,8.4,B,-3.8
4734,high,0,3.0,1.0,9.2,A,-2.6
4735,low,2,11.0,9.0,9.6,A,15.0
4736,none,2,11.0,11.0,8.4,C,15.0
4737,medium,2,16.0,18.0,7.3,A,15.0
4738,low,1,8.0,33.0,8.1,A,15.0
4739,none,2,16.0,1.0,3.7,A,-100.0
4740,low,0,4.0,2.0,2.9,C,-100.0
4741,high,2,27.0,3.0,1.4,B,-100.0
4742,medium,0,10.0,5.0,2.3,A,-100.0
4743,high,2,12.0,37.0,9.5,A,15.0
4744,low,1,19.0,2.0,5.5,C,-19.6
4745,none,0,7.0,16.0,8.4,A,15.0
4746,low,3,6.0,6.0,3.0,A,-100.0
4747,none,1,14.0,1.0,9.2,B,-1.4
4748,medium,3,7.0,3.0,8.6,A,0.2
4749,medium,0,5.0,30.0,9.0,A,15.0
4750,low,3,15.0,0.0,5.6,A,-100.0
4751,none,1,7.0,8.0,8.6,A,10.7
4752,none,3,10.0,32.0,3.4,D,15.0
4753,medium,2,8.0,7.0,1.4,A,-100.0
4754,low,1,16.0,2.0,9.0,A,-0.0
4755,high,0,4.0,0.0,4.7,A,-100.0
4756,none,0,3.0,10.0,4.3,A,-8.3
4757,high,2,4.0,22.0,2.0,A,1.6
4758,medium,3,1.0,16.0,1.6,A,-10.4
4759,high,2,2.0,12.0,8.9,A,15.0
4760,low,2,4.0,3.0,5.5,A,-16.1
4761,high,1,5.0,8.0,9.4,A,12.9
4762,low,1,2.0,4.0,6.6,C,-7.6
4763,,1,2.0,21.0,6.6,A,15.0
4764,high,0,10.0,2.0,5.1,A,-100.0
4765,low,1,8.0,15.0,4.9,B,5.5
4766,high,1,21.0,4.0,6.3,A,-14.2
4767,medium,5,8.0,44.0,4.1,A,15.0
4768,high,1,16.0,28.0,7.7,A,15.0
4769,medium,3,6.0,4.0,8.1,C,-0.3
4770,high,1,1.0,1.0,4.6,A,-100.0
4771,high,3,5.0,1.0,1.4,C,-100.0
4772,medium,2,11.0,31.0,8.5,C,15.0
4773,high,1,9.0,1.0,1.9,A,-100.0
4774,medium,1,10.0,50.0,6.2,B,15.0
4775,medium,3,8.0,2.0,1.3,A,-100.0
4776,low,1,10.0,15.0,8.9,A,15.0
4777,high,0,11.0,1.0,3.8,A,-100.0
4778,medium,1,22.0,2.0,5.5,B,-100.0
4779,low,1,4.0,5.0,4.5,B,-17.3
4780,low,1,6.0,0.0,9.2,B,-2.1
4781,medium,1,5.0,1.0,8.9,D,-1.9
4782,none,0,11.0,21.0,2.1,A,1.9
4783,medium,4,16.0,3.0,6.7,A,-11.3
4784,high,1,2.0,0.0,8.2,D,-10.2
4785,medium,1,11.0,23.0,8.7,A,15.0
4786,none,1,6.0,2.0,7.7,C,-6.8
4787,high,2,11.0,5.0,8.8,C,2.6
4788,none,3,10.0,10.0,4.4,A,-8.7
4789,high,1,15.0,7.0,3.1,C,-100.0
4790,low,1,15.0,39.0,5.5,A,15.0
4791,none,2,14.0,1.0,3.9,A,-100.0
4792,low,0,21.0,14.0,8.0,B,15.0
4793,low,1,8.0,2.0,3.9,A,-100.0
4794,medium,3,13.0,9.0,9.3,A,15.0
4795,none,2,4.0,1.0,3.5,A,-100.0
4796,medium,2,9.0,2.0,8.1,A,-4.8
4797,low,3,3.0,12.0,2.1,B,-15.9
4798,low,2,2.0,3.0,8.2,D,-1.0
4799,medium,1,27.0,5.0,3.5,A,-100.0
4800,medium,1,21.0,9.0,5.0,A,-8.2
4801,medium,2,9.0,31.0,4.0,A,15.0
4802,low,2,2.0,33.0,6.7,A,15.0
4803,low,1,15.0,0.0,5.7,A,-100.0
4804,none,1,8.0,39.0,9.6,C,15.0
4805,low,0,11.0,1.0,4.5,C,-100.0
4806,none,3,6.0,26.0,9.4,A,15.0
4807,none,0,14.0,5.0,8.3,A,2.1
4808,high,0,13.0,39.0,1.6,A,15.0
4809,high,0,9.0,16.0,4.1,A,0.2
4810,low,2,4.0,1.0,2.8,C,-100.0
4811,low,0,11.0,2.0,8.1,B,-4.4
4812,medium,1,15.0,7.0,3.1,A,-100.0
4813,medium,1,9.0,3.0,9.8,A,6.8
4814,none,0,14.0,6.0,7.1,A,-2.4
4815,,1,11.0,4.0,5.6,B,-14.6
4816,none,1,2.0,1.0,7.6,A,-9.0
4817,low,0,13.0,6.0,8.1,A,3.8
4818,high,1,2.0,2.0,1.1,D,-100.0
4819,low,1,10.0,26.0,9.2,A,15.0
4820,medium,4,33.0,8.0,9.4,A,12.4
4821,high,2,6.0,11.0,5.1,A,-4.7
4822,none,0,2.0,24.0,2.3,A,10.2
4823,low,1,18.0,10.0,8.4,B,13.3
4824,high,0,25.0,49.0,4.0,B,15.0
4825,high,0,3.0,50.0,9.9,A,15.0
4826,,0,16.0,22.0,9.6,A,15.0
4827,medium,0,26.0,10.0,7.0,A,4.5
4828,high,0,3.0,9.0,2.9,D,-100.0
4829,high,0,3.0,5.0,3.4,D,-100.0
4830,medium,3,8.0,26.0,9.1,A,15.0
4831,low,2,14.0,12.0,4.5,A,-3.7
4832,low,0,2.0,0.0,6.4,A,-17.0
4833,low,2,9.0,2.0,8.9,B,0.0
4834,low,2,10.0,0.0,5.9,A,-100.0
4835,low,1,30.0,2.0,9.9,C,3.5
4836,high,1,9.0,50.0,8.1,C,15.0
4837,none,2,25.0,6.0,3.7,C,-100.0
4838,high,0,17.0,7.0,9.4,C,9.7
4839,medium,0,18.0,35.0,8.7,A,15.0
4840,none,1,6.0,22.0,6.7,B,15.0
4841,low,1,4.0,0.0,7.9,A,-9.1
4842,low,2,9.0,45.0,3.8,A,15.0
4843,low,1,2.0,10.0,6.0,A,1.7
4844,low,2,7.0,4.0,6.0,A,-11.5
4845,high,1,27.0,10.0,,D,
4846,high,2,13.0,14.0,2.8,A,-11.7
4847,low,3,3.0,28.0,6.3,C,15.0
4848,none,1,10.0,5.0,7.9,A,0.2
4849,low,1,2.0,14.0,5.2,C,5.7
4850,low,0,8.0,3.0,9.7,A,6.8
4851,low,2,9.0,44.0,2.1,C,15.0
4852,low,1,11.0,5.0,9.1,A,7.3
4853,high,0,12.0,10.0,7.6,B,6.6
4854,high,1,6.0,27.0,3.0,A,15.0
4855,medium,3,24.0,1.0,8.9,A,-4.1
4856,high,1,3.0,8.0,6.1,A,-5.1
4857,medium,1,17.0,9.0,5.1,A,-7.2
4858,low,3,4.0,7.0,9.9,C,15.0
4859,medium,0,5.0,37.0,3.7,A,15.0
4860,low,2,20.0,0.0,4.5,A,-100.0
4861,low,2,8.0,8.0,6.6,A,0.1
4862,high,4,10.0,45.0,2.8,A,15.0
4863,low,1,13.0,16.0,5.2,A,8.8
4864,high,1,7.0,43.0,2.0,A,15.0
4865,none,3,12.0,6.0,1.6,A,-100.0
4866,low,0,21.0,0.0,7.3,A,-14.0
4867,high,5,18.0,5.0,9.6,A,6.0
4868,low,1,9.0,19.0,3.8,A,7.8
4869,low,1,2.0,13.0,,A,
4870,none,3,4.0,15.0,2.0,C,-10.8
4871,medium,2,16.0,14.0,3.7,A,-4.4
4872,high,0,7.0,1.0,8.3,A,-8.0
4873,low,3,4.0,6.0,2.4,C,-100.0
4874,low,0,10.0,14.0,7.5,A,15.0
4875,medium,2,15.0,7.0,4.9,C,-12.5
4876,medium,3,5.0,15.0,6.5,A,14.1
4877,medium,3,6.0,5.0,2.9,D,-100.0
4878,medium,0,5.0,32.0,7.0,A,15.0
4879,low,0,14.0,8.0,3.7,A,-16.3
4880,low,1,13.0,15.0,9.7,A,15.0
4881,low,2,24.0,17.0,2.0,C,-7.9
4882,low,3,7.0,2.0,2.6,A,-100.0
4883,none,2,8.0,25.0,8.2,A,15.0
4884,none,2,13.0,7.0,8.9,A,9.5
4885,low,3,9.0,13.0,4.1,A,-3.4
4886,low,2,8.0,20.0,7.5,A,15.0
4887,medium,2,2.0,3.0,6.6,B,-10.2
4888,high,1,4.0,5.0,9.9,A,9.4
4889,low,0,18.0,3.0,4.1,A,-100.0
4890,low,2,14.0,11.0,8.2,A,14.6
4891,medium,1,6.0,16.0,4.7,B,6.3
4892,none,1,10.0,13.0,4.2,A,-3.3
4893,high,2,16.0,3.0,2.0,C,-100.0
4894,high,1,3.0,11.0,9.0,C,15.0
4895,low,0,4.0,2.0,5.9,A,-15.8
4896,low,1,8.0,1.0,1.2,A,-100.0
4897,low,2,8.0,32.0,2.1,A,15.0
4898,high,0,4.0,5.0,5.7,A,-13.6
4899,none,2,5.0,16.0,6.6,C,15.0
4900,low,1,4.0,4.0,2.0,C,-100.0
4901,high,2,7.0,6.0,1.2,A,-100.0
4902,medium,2,6.0,1.0,2.7,A,-100.0
4903,low,0,4.0,0.0,7.4,A,-11.7
4904,medium,2,19.0,0.0,9.8,A,-0.6
4905,high,0,21.0,6.0,7.1,A,-5.5
4906,medium,0,8.0,13.0,7.3,A,14.2
4907,low,0,1.0,50.0,6.3,C,15.0
4908,none,3,12.0,4.0,2.9,A,-100.0
4909,high,1,15.0,5.0,4.6,A,-100.0
4910,low,1,16.0,29.0,2.1,C,15.0
4911,medium,3,6.0,21.0,8.8,A,15.0
4912,medium,3,3.0,20.0,8.8,A,15.0
4913,low,1,12.0,2.0,9.3,A,2.0
4914,none,1,4.0,12.0,4.9,A,-1.0
4915,low,4,33.0,3.0,5.6,C,-18.6
4916,low,2,18.0,8.0,4.4,A,-13.0
4917,high,1,3.0,4.0,8.0,A,-3.0
4918,low,0,6.0,7.0,8.1,A,6.6
4919,high,2,24.0,2.0,9.6,B,-0.6
4920,low,2,13.0,5.0,7.1,A,-4.0
4921,high,1,5.0,9.0,9.4,A,15.0
4922,low,4,15.0,11.0,9.9,A,15.0
4923,medium,2,7.0,5.0,8.5,C,4.0
4924,none,0,10.0,10.0,3.4,A,-13.9
4925,low,0,3.0,36.0,5.1,A,15.0
4926,high,1,4.0,10.0,9.1,D,15.0
4927,low,4,9.0,2.0,1.9,B,-100.0
4928,medium,2,3.0,2.0,8.2,A,-3.6
4929,low,0,,4.0,9.8,C,
4930,none,0,18.0,7.0,8.8,C,8.7
4931,high,2,7.0,2.0,4.1,A,-100.0
4932,medium,2,2.0,1.0,8.3,A,-5.0
4933,low,0,4.0,50.0,8.5,A,15.0
4934,high,0,9.0,2.0,6.9,C,-13.8
4935,high,1,10.0,1.0,2.8,A,-100.0
4936,medium,0,9.0,1.0,9.3,A,-0.1
4937,high,2,17.0,12.0,8.6,A,15.0
4938,medium,0,8.0,45.0,8.5,A,15.0
4939,low,0,3.0,15.0,9.4,A,15.0
4940,low,0,3.0,46.0,9.7,A,15.0
4941,low,0,20.0,50.0,8.1,C,15.0
4942,low,1,3.0,2.0,6.1,A,-14.7
4943,high,2,24.0,1.0,5.7,A,-100.0
4944,low,1,5.0,2.0,4.6,A,-100.0
4945,medium,1,15.0,4.0,6.2,A,-11.5
4946,low,2,17.0,6.0,9.9,A,13.1
4947,high,2,19.0,14.0,9.8,C,15.0
4948,none,4,12.0,27.0,8.2,A,15.0
4949,none,1,18.0,16.0,9.7,A,15.0
4950,medium,1,10.0,13.0,5.6,A,4.6
4951,high,2,6.0,13.0,5.1,A,-0.5
4952,low,0,2.0,19.0,5.2,A,15.0
4953,none,1,11.0,0.0,1.8,A,-100.0
4954,none,0,10.0,4.0,9.9,A,9.2
4955,low,1,10.0,31.0,6.5,A,15.0
4956,medium,1,6.0,2.0,9.0,A,0.6
4957,low,2,1.0,3.0,8.9,A,2.9
4958,high,1,15.0,7.0,7.8,C,1.0
4959,low,1,6.0,1.0,7.6,B,-8.8
4960,medium,0,11.0,14.0,9.3,C,15.0
4961,low,1,27.0,4.0,2.7,A,-100.0
4962,none,1,3.0,18.0,9.1,A,15.0
4963,high,2,8.0,6.0,6.5,A,-7.7
4964,high,0,2.0,49.0,6.9,A,15.0
4965,medium,1,21.0,18.0,9.4,C,15.0
4966,low,0,13.0,14.0,9.7,A,15.0
4967,high,2,21.0,3.0,9.9,C,3.4
4968,none,2,3.0,6.0,5.4,A,-10.8
4969,low,0,13.0,7.0,8.4,A,7.6
4970,none,1,7.0,30.0,8.6,C,15.0
4971,high,1,21.0,3.0,8.2,A,-5.8
4972,medium,1,5.0,26.0,8.0,D,15.0
4973,low,1,2.0,28.0,7.5,A,15.0
4974,low,1,6.0,4.0,9.4,A,7.4
4975,low,2,7.0,7.0,8.2,C,6.9
4976,,1,5.0,15.0,8.1,A,15.0
4977,high,4,1.0,36.0,8.5,A,15.0
4978,low,1,4.0,7.0,3.8,B,-16.9
4979,medium,0,6.0,9.0,8.5,A,12.7
4980,medium,1,3.0,8.0,8.8,A,12.4
4981,high,2,24.0,23.0,3.9,A,12.1
4982,low,0,9.0,3.0,8.5,B,0.1
4983,none,1,11.0,6.0,2.3,C,-100.0
4984,high,1,10.0,13.0,3.1,A,-11.8
4985,medium,1,19.0,15.0,4.4,A,1.3
4986,medium,4,1.0,10.0,4.3,A,-8.3
4987,high,3,19.0,18.0,8.7,D,15.0
4988,low,2,15.0,42.0,8.3,A,15.0
4989,low,0,8.0,20.0,3.3,B,7.3
4990,high,2,11.0,5.0,9.8,C,8.1
4991,high,0,11.0,5.0,6.1,D,-12.1
4992,medium,1,10.0,3.0,6.1,B,-13.7
4993,high,1,21.0,2.0,9.8,A,0.9
4994,high,1,8.0,7.0,3.8,A,-100.0
4995,high,2,10.0,4.0,8.9,A,1.1
4996,none,0,2.0,12.0,8.4,B,15.0
4997,,2,17.0,21.0,7.7,A,15.0
4998,medium,1,1.0,7.0,3.2,A,-100.0
4999,none,0,14.0,17.0,9.9,C,15.0
5000,high,2,16.0,3.0,4.8,A,-100.0
5001,none,1,4.0,12.0,3.6,B,-8.1
5002,none,1,5.0,23.0,8.8,A,15.0
5003,none,0,4.0,8.0,8.5,A,10.5
5004,low,0,11.0,21.0,9.1,C,15.0
5005,low,2,5.0,1.0,3.2,A,-100.0
5006,low,2,23.0,9.0,4.0,A,-13.6
5007,high,1,3.0,11.0,4.9,C,-5.4
5008,low,1,21.0,18.0,5.8,B,15.0
5009,none,0,2.0,1.0,8.9,A,-1.8
5010,medium,1,15.0,5.0,1.4,C,-100.0
5011,high,1,12.0,3.0,9.1,A,0.0
5012,high,2,9.0,1.0,2.1,A,-100.0
5013,high,2,13.0,0.0,8.8,A,-8.1
5014,low,0,15.0,1.0,4.8,A,-100.0
5015,none,1,6.0,2.0,5.4,D,-19.4
5016,low,1,8.0,26.0,1.0,A,7.2
5017,medium,3,16.0,20.0,5.5,C,15.0
5018,medium,2,6.0,1.0,4.5,D,-100.0
5019,none,1,17.0,15.0,3.1,C,-5.9
5020,high,0,9.0,16.0,6.5,A,13.4
5021,medium,2,4.0,35.0,2.1,A,15.0
5022,none,2,7.0,12.0,9.5,A,15.0
5023,low,2,21.0,16.0,4.6,A,4.6
5024,low,3,10.0,1.0,5.8,A,-19.3
5025,none,3,17.0,9.0,1.5,C,-100.0
5026,high,1,4.0,12.0,2.2,A,-18.2
5027,low,2,6.0,12.0,7.6,A,14.2
5028,medium,2,5.0,2.0,4.9,A,-100.0
5029,low,2,9.0,18.0,1.8,A,-5.4
5030,low,0,14.0,7.0,7.8,A,4.2
5031,none,2,7.0,5.0,8.5,A,3.7
5032,low,1,30.0,8.0,8.6,C,9.0
5033,high,2,10.0,13.0,3.7,B,-8.6
5034,none,3,11.0,1.0,9.4,D,-0.2
5035,medium,0,11.0,0.0,9.0,A,-4.0
5036,high,1,8.0,30.0,9.8,C,15.0
5037,high,1,19.0,9.0,1.8,A,-100.0
5038,medium,2,18.0,0.0,6.6,B,-18.1
5039,none,0,6.0,25.0,2.4,A,12.5
5040,none,1,5.0,8.0,3.5,A,-17.2
5041,medium,0,7.0,19.0,4.1,B,9.4
5042,,3,5.0,6.0,7.6,A,1.0
5043,high,1,,13.0,2.1,C,
5044,high,4,6.0,18.0,2.6,A,-3.9
5045,medium,0,6.0,30.0,8.9,B,15.0
5046,high,1,16.0,16.0,3.5,C,-3.9
5047,medium,2,19.0,9.0,8.6,C,11.7
5048,none,3,7.0,22.0,9.6,A,15.0
5049,medium,1,10.0,10.0,1.0,A,-100.0
5050,medium,0,10.0,11.0,2.9,C,-14.3
5051,high,1,4.0,29.0,6.7,A,15.0
5052,high,4,2.0,11.0,8.5,A,14.2
5053,high,1,6.0,8.0,5.8,C,-7.0
5054,low,2,14.0,3.0,6.2,A,-13.2
5055,high,2,12.0,21.0,9.3,A,15.0
5056,high,2,8.0,32.0,4.9,A,15.0
5057,medium,0,37.0,14.0,5.4,C,3.0
5058,low,0,21.0,7.0,9.1,A,10.6
5059,low,0,8.0,1.0,7.6,A,-8.9
5060,high,1,4.0,18.0,8.5,A,15.0
5061,none,0,16.0,16.0,2.5,C,-6.9
5062,high,3,9.0,16.0,3.0,A,-6.1
5063,medium,2,6.0,20.0,5.8,C,15.0
5064,high,3,10.0,14.0,8.3,C,15.0
5065,medium,1,3.0,3.0,9.8,D,7.4
5066,medium,0,3.0,25.0,9.8,A,15.0
5067,low,1,16.0,20.0,4.5,A,13.0
5068,low,3,25.0,1.0,9.8,A,1.2
5069,,0,11.0,9.0,9.1,C,15.0
5070,low,2,3.0,27.0,8.4,A,15.0
5071,medium,2,14.0,3.0,4.8,A,-100.0
5072,low,1,6.0,12.0,8.9,A,15.0
5073,low,2,27.0,5.0,2.0,C,-100.0
5074,high,1,6.0,32.0,4.4,C,15.0
5075,low,2,3.0,1.0,9.9,A,4.0
5076,medium,0,1.0,46.0,8.8,B,15.0
5077,low,1,12.0,5.0,2.5,A,-100.0
5078,low,0,16.0,0.0,2.0,A,-100.0
5079,high,4,7.0,37.0,9.8,A,15.0
5080,high,1,6.0,5.0,2.0,B,-100.0
5081,high,2,15.0,39.0,5.3,A,15.0
5082,low,1,26.0,1.0,8.6,A,-5.3
5083,low,3,18.0,2.0,9.3,C,1.2
5084,high,1,16.0,9.0,3.6,A,-18.0
5085,medium,0,11.0,3.0,8.8,B,1.2
5086,high,1,6.0,12.0,8.6,D,15.0
5087,high,1,13.0,10.0,1.8,A,-100.0
5088,none,0,10.0,11.0,7.3,A,9.6
5089,none,3,8.0,10.0,2.9,A,-16.8
5090,none,1,22.0,2.0,8.4,A,-4.5
5091,low,0,16.0,1.0,2.1,C,-100.0
5092,high,1,2.0,5.0,1.7,C,-100.0
5093,none,1,0.0,3.0,8.1,A,-1.9
5094,low,1,9.0,2.0,1.5,A,-100.0
5095,medium,0,2.0,11.0,9.1,A,15.0
5096,low,1,9.0,4.0,9.2,C,6.0
5097,high,1,15.0,3.0,5.4,A,-100.0
5098,medium,0,6.0,14.0,6.9,A,14.4
5099,high,2,9.0,1.0,8.7,A,-6.2
5100,low,2,10.0,1.0,5.3,C,-100.0
5101,medium,1,11.0,0.0,1.8,A,-100.0
5102,none,1,10.0,8.0,7.7,A,5.4
5103,high,2,14.0,31.0,7.7,B,15.0
5104,none,2,10.0,12.0,8.6,D,15.0
5105,high,1,13.0,3.0,5.2,A,-100.0
5106,medium,0,11.0,22.0,7.1,A,15.0
5107,low,2,28.0,1.0,9.4,C,-1.2
5108,low,1,9.0,9.0,1.0,C,-100.0
5109,high,2,5.0,50.0,2.2,A,15.0
5110,none,1,12.0,1.0,8.1,A,-7.3
5111,low,1,20.0,9.0,9.0,A,14.3
5112,medium,2,5.0,41.0,9.0,A,15.0
5113,high,3,17.0,2.0,8.4,C,-6.6
5114,high,2,8.0,1.0,1.9,A,-100.0
5115,medium,0,15.0,11.0,9.7,A,15.0
5116,low,1,17.0,1.0,8.0,C,-7.7
5117,medium,2,22.0,0.0,8.0,A,-10.8
5118,medium,2,7.0,5.0,7.7,A,-0.5
5119,high,0,13.0,39.0,1.2,A,15.0
5120,low,2,10.0,9.0,9.2,A,15.0
5121,low,2,12.0,2.0,8.1,A,-4.7
5122,low,1,25.0,1.0,2.2,A,-100.0
5123,high,2,10.0,3.0,6.6,D,-13.6
5124,,2,14.0,8.0,1.3,A,-100.0
5125,low,2,9.0,14.0,9.1,C,15.0
5126,medium,2,14.0,7.0,9.6,A,13.5
5127,high,2,22.0,3.0,9.6,A,1.7
5128,none,2,6.0,2.0,2.5,A,-100.0
5129,low,3,8.0,46.0,3.4,A,15.0
5130,medium,1,2.0,3.0,9.5,C,5.8
5131,high,2,11.0,2.0,6.2,C,-18.0
5132,low,3,5.0,45.0,9.8,C,15.0
5133,high,3,3.0,2.0,9.4,C,0.3
5134,none,0,1.0,26.0,1.4,A,9.6
5135,medium,2,3.0,8.0,5.4,A,-6.4
5136,high,2,5.0,7.0,9.7,A,12.3
5137,low,3,7.0,1.0,7.1,A,-11.9
5138,high,1,4.0,21.0,9.3,A,15.0
5139,medium,0,9.0,8.0,9.0,A,13.0
5140,low,1,10.0,4.0,1.7,A,-100.0
5141,high,0,16.0,10.0,6.8,D,1.8
5142,high,0,9.0,29.0,8.5,A,15.0
5143,low,2,10.0,5.0,9.7,A,10.6
5144,medium,2,,7.0,9.1,C,
5145,high,2,12.0,23.0,8.5,A,15.0
5146,high,4,6.0,1.0,3.6,B,-100.0
5147,low,3,13.0,11.0,7.9,C,12.9
5148,high,1,,2.0,3.0,C,
5149,medium,2,8.0,3.0,9.7,C,6.2
5150,high,1,6.0,14.0,5.0,A,1.2
5151,none,1,6.0,13.0,8.5,C,15.0
5152,none,3,6.0,1.0,5.9,A,-19.0
5153,high,2,,0.0,9.1,C,
5154,high,0,5.0,5.0,9.8,A,8.9
5155,high,2,3.0,0.0,6.6,A,-19.2
5156,none,2,3.0,9.0,4.9,A,-7.3
5157,high,3,7.0,17.0,8.0,A,15.0
5158,high,0,8.0,9.0,3.2,A,-19.3
5159,medium,1,6.0,23.0,9.0,A,15.0
5160,medium,2,21.0,3.0,3.5,B,-100.0
5161,medium,2,11.0,27.0,8.3,A,15.0
5162,high,0,3.0,2.0,5.3,C,-100.0
5163,low,0,10.0,8.0,1.5,A,-100.0
5164,low,0,8.0,3.0,8.9,D,2.4
5165,medium,2,1.0,22.0,5.7,A,15.0
5166,medium,0,10.0,27.0,3.5,A,15.0
5167,high,2,27.0,24.0,1.0,A,-2.0
5168,none,1,6.0,1.0,1.6,C,-100.0
5169,low,1,9.0,10.0,2.4,A,-18.8
5170,low,2,6.0,26.0,5.7,C,15.0
5171,low,0,4.0,50.0,1.2,A,15.0
5172,high,0,2.0,7.0,1.7,C,-100.0
5173,high,5,3.0,17.0,9.2,C,15.0
5174,medium,1,6.0,9.0,1.2,A,-100.0
5175,medium,0,3.0,27.0,1.7,A,13.3
5176,none,0,23.0,1.0,3.1,A,-100.0
5177,,2,15.0,15.0,8.2,A,15.0
5178,medium,1,15.0,2.0,9.3,A,1.3
5179,none,3,10.0,11.0,1.5,A,-100.0
5180,low,3,5.0,11.0,9.8,A,15.0
5181,low,2,19.0,20.0,1.3,D,-5.0
5182,medium,3,10.0,3.0,1.1,B,-100.0
5183,high,1,10.0,3.0,9.5,B,2.4
5184,high,1,2.0,5.0,2.7,A,-100.0
5185,low,2,3.0,6.0,8.1,A,4.6
5186,medium,0,7.0,10.0,7.7,A,10.2
5187,high,1,3.0,2.0,4.6,A,-100.0
5188,low,1,5.0,4.0,3.8,A,-100.0
5189,low,1,14.0,11.0,7.3,A,9.7
5190,high,2,14.0,33.0,6.0,A,15.0
5191,high,3,5.0,8.0,3.3,A,-100.0
5192,high,0,2.0,17.0,,A,
5193,none,1,19.0,20.0,4.4,A,11.6
5194,low,0,4.0,33.0,5.0,A,15.0
5195,,1,6.0,7.0,3.3,A,-100.0
5196,high,0,34.0,11.0,3.2,C,-17.7
5197,low,0,11.0,7.0,9.6,C,14.4
5198,none,1,14.0,6.0,6.8,A,-4.1
5199,low,1,19.0,23.0,7.0,A,15.0
5200,none,1,3.0,4.0,4.1,A,-100.0
5201,low,2,18.0,18.0,3.8,A,4.7
5202,none,1,12.0,50.0,9.6,A,15.0
5203,high,1,13.0,8.0,3.1,D,-100.0
5204,medium,1,20.0,17.0,1.4,A,-11.1
5205,low,3,17.0,9.0,9.2,A,15.0
5206,high,1,7.0,2.0,3.8,A,-100.0
5207,none,1,3.0,8.0,9.3,C,14.9
5208,high,2,5.0,10.0,7.7,A,7.6
5209,high,3,3.0,17.0,9.4,C,15.0
5210,high,0,14.0,8.0,3.0,A,-100.0
5211,low,2,14.0,32.0,8.9,A,15.0
5212,low,1,10.0,4.0,2.8,A,-100.0
5213,none,0,7.0,12.0,8.3,A,15.0
5214,low,4,11.0,35.0,1.1,C,15.0
5215,low,1,7.0,2.0,7.7,A,-6.3
5216,none,0,9.0,8.0,5.8,A,-4.8
5217,none,0,3.0,18.0,9.0,A,15.0
5218,medium,0,6.0,25.0,8.3,C,15.0
5219,medium,0,15.0,4.0,5.3,A,-16.3
5220,low,0,22.0,9.0,3.2,A,-17.7
5221,,2,19.0,5.0,9.6,B,8.6
5222,low,2,5.0,16.0,9.3,A,15.0
5223,high,0,16.0,13.0,3.5,A,-10.1
5224,medium,3,9.0,8.0,1.6,A,-100.0
5225,low,1,2.0,9.0,8.5,A,13.3
5226,none,4,,27.0,6.6,C,
5227,high,1,9.0,32.0,8.9,B,15.0
5228,medium,2,2.0,5.0,7.4,A,-1.6
5229,low,0,25.0,2.0,8.3,A,-4.7
5230,low,0,10.0,17.0,4.7,B,8.5
5231,high,3,10.0,7.0,1.3,C,-100.0
5232,low,7,15.0,11.0,7.5,A,10.1
5233,high,1,14.0,13.0,8.5,A,15.0
5234,none,1,6.0,3.0,9.0,A,2.5
5235,none,4,19.0,0.0,6.7,B,-18.1
5236,low,2,4.0,3.0,9.3,A,4.8
5237,low,1,4.0,33.0,1.2,D,15.0
5238,high,2,4.0,7.0,1.6,A,-100.0
5239,high,1,21.0,16.0,9.3,C,15.0
5240,none,2,3.0,41.0,4.3,A,15.0
5241,high,1,14.0,12.0,2.4,A,-18.1
5242,medium,2,4.0,7.0,5.0,A,-10.8
5243,high,2,6.0,1.0,8.8,A,-5.3
5244,none,2,15.0,4.0,2.6,D,-100.0
5245,high,2,11.0,28.0,7.1,A,15.0
5246,low,3,6.0,35.0,3.8,A,15.0
5247,medium,2,17.0,22.0,2.8,A,7.3
5248,high,2,14.0,2.0,9.4,A,-0.7
5249,high,1,4.0,24.0,2.5,A,8.6
5250,low,2,7.0,3.0,4.5,D,-100.0
5251,medium,0,7.0,49.0,9.1,B,15.0
5252,high,1,33.0,12.0,2.6,A,-18.9
5253,high,3,24.0,32.0,8.7,A,15.0
5254,medium,0,2.0,14.0,5.8,A,8.7
5255,low,2,11.0,8.0,8.6,A,10.8
5256,high,2,13.0,32.0,9.7,C,15.0
5257,low,1,3.0,27.0,3.4,A,15.0
5258,medium,2,3.0,5.0,6.1,A,-8.8
5259,low,1,6.0,0.0,9.0,C,-3.2
5260,high,1,8.0,20.0,2.2,A,-1.8
5261,low,2,4.0,8.0,8.1,D,8.7
5262,high,1,8.0,17.0,4.2,B,2.9
5263,low,1,9.0,10.0,8.8,A,15.0
5264,medium,2,2.0,12.0,9.4,C,15.0
5265,medium,2,5.0,31.0,4.8,A,15.0
5266,none,2,17.0,6.0,8.6,A,5.4
5267,none,1,22.0,27.0,4.6,A,15.0
5268,low,0,10.0,8.0,2.5,A,-100.0
5269,high,1,1.0,4.0,9.2,A,3.8
5270,high,1,28.0,31.0,2.6,C,15.0
5271,high,0,4.0,13.0,4.6,C,-2.8
5272,medium,2,9.0,26.0,7.2,D,15.0
5273,none,1,4.0,8.0,8.4,A,9.9
5274,none,2,3.0,2.0,8.6,A,-1.6
5275,low,2,26.0,32.0,2.1,C,15.0
5276,high,0,13.0,9.0,1.7,A,-100.0
5277,low,5,9.0,2.0,2.5,C,-100.0
5278,high,2,6.0,4.0,5.2,A,-18.8
5279,none,1,8.0,13.0,9.7,A,15.0
5280,none,1,17.0,6.0,7.7,A,0.5
5281,none,4,11.0,4.0,2.5,A,-100.0
5282,high,4,10.0,5.0,7.5,C,-4.7
5283,none,2,7.0,15.0,9.4,A,15.0
5284,low,2,10.0,5.0,7.1,A,-3.7
5285,low,0,4.0,45.0,8.2,A,15.0
5286,medium,2,10.0,18.0,9.9,A,15.0
5287,medium,1,3.0,1.0,3.5,D,-100.0
5288,none,0,8.0,34.0,4.3,A,15.0
5289,low,1,4.0,50.0,1.6,C,15.0
5290,high,0,27.0,33.0,1.5,A,15.0
5291,high,0,8.0,13.0,7.4,A,12.2
5292,none,2,3.0,1.0,1.6,A,-100.0
5293,high,0,15.0,50.0,6.3,A,15.0
5294,medium,2,29.0,19.0,4.0,A,6.4
5295,high,1,9.0,19.0,5.5,A,14.1
5296,high,3,27.0,4.0,2.1,C,-100.0
5297,low,3,7.0,2.0,2.6,C,-100.0
5298,low,1,9.0,2.0,6.1,A,-15.3
5299,medium,0,9.0,13.0,5.9,A,6.5
5300,none,0,36.0,1.0,9.1,C,-4.1
5301,high,0,6.0,38.0,2.3,C,15.0
5302,high,0,22.0,8.0,3.0,A,-100.0
5303,high,0,6.0,6.0,9.6,A,9.8
5304,medium,2,3.0,26.0,3.1,C,15.0
5305,high,2,6.0,9.0,9.9,B,15.0
5306,high,2,2.0,34.0,9.9,A,15.0
5307,high,1,13.0,15.0,8.2,C,15.0
5308,none,0,4.0,50.0,9.3,A,15.0
5309,high,1,40.0,26.0,3.4,A,14.2
5310,medium,3,3.0,37.0,4.1,C,15.0
5311,medium,0,27.0,11.0,9.2,A,15.0
5312,medium,1,4.0,24.0,6.0,A,15.0
5313,high,0,11.0,5.0,1.1,C,-100.0
5314,low,2,11.0,1.0,8.0,B,-7.2
5315,low,3,15.0,2.0,5.4,C,-19.9
5316,medium,4,3.0,1.0,8.1,C,-6.5
5317,medium,3,7.0,0.0,9.5,A,-1.1
5318,medium,2,6.0,3.0,4.9,A,-20.0
5319,low,3,13.0,19.0,8.7,A,15.0
5320,low,2,12.0,22.0,8.7,A,15.0
5321,high,2,8.0,12.0,3.9,B,-9.4
5322,low,0,13.0,9.0,8.8,A,14.0
5323,none,2,15.0,28.0,9.5,C,15.0
5324,medium,1,6.0,40.0,5.2,A,15.0
5325,medium,3,21.0,16.0,5.5,C,9.0
5326,high,2,6.0,25.0,9.3,C,15.0
5327,low,1,10.0,0.0,8.7,B,-5.3
5328,medium,1,8.0,22.0,8.8,A,15.0
5329,low,1,20.0,4.0,2.8,A,-100.0
5330,low,3,9.0,1.0,6.5,C,-15.4
5331,medium,3,1.0,1.0,7.7,D,-8.4
5332,high,1,17.0,16.0,4.4,B,1.0
5333,low,0,11.0,12.0,4.3,A,-4.3
5334,high,1,3.0,17.0,2.0,A,-8.7
5335,high,3,5.0,1.0,6.2,C,-19.6
5336,low,3,4.0,14.0,9.1,C,15.0
5337,none,0,3.0,24.0,8.5,A,15.0
5338,high,1,11.0,3.0,2.9,C,-100.0
5339,none,0,6.0,1.0,9.1,A,-1.1
5340,high,0,11.0,3.0,2.4,A,-100.0
5341,high,1,12.0,50.0,2.0,C,15.0
5342,high,2,10.0,6.0,8.5,A,3.1
5343,,0,24.0,7.0,5.4,A,-10.6
5344,none,2,29.0,18.0,7.3,A,15.0
5345,medium,4,23.0,6.0,7.7,C,-0.2
5346,low,0,8.0,8.0,7.6,A,5.8
5347,low,0,18.0,8.0,2.5,C,-100.0
5348,medium,0,6.0,6.0,1.4,A,-100.0
5349,none,0,13.0,27.0,4.8,D,15.0
5350,low,1,18.0,17.0,2.9,D,-2.3
5351,medium,1,14.0,7.0,1.5,B,-100.0
5352,low,1,2.0,11.0,8.4,C,15.0
5353,none,2,9.0,11.0,1.0,C,-100.0
5354,none,2,16.0,14.0,9.2,C,15.0
5355,high,3,12.0,1.0,9.2,A,-3.8
5356,medium,0,10.0,9.0,9.3,A,15.0
5357,high,2,10.0,5.0,5.7,A,-14.4
5358,high,0,27.0,7.0,3.7,A,-100.0
5359,medium,2,17.0,9.0,7.5,A,5.8
5360,low,3,11.0,0.0,7.3,A,-13.3
5361,high,3,2.0,5.0,3.8,A,-100.0
5362,high,1,12.0,8.0,2.1,A,-100.0
5363,medium,0,10.0,5.0,1.2,C,-100.0
5364,low,0,3.0,25.0,8.1,C,15.0
5365,high,2,10.0,1.0,1.2,A,-100.0
5366,none,1,2.0,7.0,5.1,A,-10.2
5367,high,2,8.0,2.0,2.7,A,-100.0
5368,low,1,9.0,2.0,6.8,A,-11.4
5369,none,4,7.0,17.0,5.6,A,12.8
5370,high,0,9.0,6.0,,D,
5371,high,2,1.0,20.0,5.0,B,14.2
5372,high,2,1.0,1.0,6.4,A,-18.0
5373,low,0,7.0,5.0,8.5,A,4.5
5374,high,2,9.0,25.0,4.3,C,15.0
5375,low,1,5.0,13.0,8.2,A,15.0
5376,medium,0,8.0,4.0,7.3,A,-4.6
5377,medium,2,11.0,12.0,4.9,A,-1.6
5378,medium,1,27.0,10.0,5.5,A,-4.0
5379,high,1,7.0,6.0,3.9,A,-100.0
5380,high,1,24.0,34.0,1.7,A,15.0
5381,medium,0,5.0,9.0,1.3,A,-100.0
5382,low,0,4.0,7.0,9.5,C,14.5
5383,medium,2,11.0,9.0,3.7,A,-14.4
5384,low,1,11.0,31.0,8.3,A,15.0
5385,low,2,2.0,8.0,2.5,A,-100.0
5386,low,1,17.0,2.0,5.5,C,-19.4
5387,low,0,14.0,1.0,1.0,C,-100.0
5388,medium,1,5.0,4.0,1.0,A,-100.0
5389,low,1,4.0,14.0,1.0,D,-17.6
5390,high,2,1.0,10.0,9.6,A,15.0
5391,low,0,22.0,37.0,7.0,A,15.0
5392,high,2,30.0,14.0,8.4,A,15.0
5393,low,2,14.0,7.0,7.3,C,1.2
5394,none,1,9.0,3.0,4.9,C,-100.0
5395,high,2,9.0,3.0,1.3,B,-100.0
5396,high,4,19.0,22.0,6.1,D,15.0
5397,none,2,15.0,7.0,1.4,A,-100.0
5398,medium,1,5.0,10.0,9.6,B,15.0
5399,low,0,5.0,39.0,9.3,A,15.0
5400,low,1,7.0,15.0,2.4,A,-8.1
5401,none,0,6.0,22.0,1.5,A,1.2
5402,medium,1,7.0,22.0,1.9,A,3.4
5403,low,0,9.0,30.0,5.3,A,15.0
5404,none,2,2.0,5.0,1.5,C,-100.0
5405,,1,9.0,12.0,4.0,A,-6.4
5406,high,3,11.0,0.0,8.1,C,-11.9
5407,low,2,14.0,17.0,4.8,C,8.5
5408,none,1,8.0,28.0,4.1,A,15.0
5409,low,2,16.0,1.0,8.9,C,-2.8
5410,low,1,3.0,3.0,5.1,A,-18.1
5411,high,2,11.0,5.0,3.7,A,-100.0
5412,low,2,24.0,5.0,1.1,B,-100.0
5413,high,3,4.0,19.0,2.6,A,-1.5
5414,medium,0,5.0,24.0,6.2,A,15.0
5415,low,2,2.0,7.0,8.1,A,6.8
5416,medium,4,4.0,25.0,8.2,A,15.0
5417,low,2,28.0,12.0,9.9,A,15.0
5418,low,1,1.0,7.0,9.2,A,13.1
5419,low,2,19.0,17.0,7.9,A,15.0
5420,low,1,18.0,7.0,9.8,C,14.7
5421,medium,2,7.0,12.0,7.7,A,14.3
5422,medium,1,4.0,17.0,9.7,C,15.0
5423,low,2,11.0,5.0,8.8,A,5.6
5424,high,3,10.0,4.0,9.6,A,4.9
5425,high,1,4.0,0.0,1.5,A,-100.0
5426,medium,2,11.0,26.0,6.7,C,15.0
5427,high,3,3.0,4.0,5.9,B,-14.8
5428,low,2,9.0,29.0,6.1,A,15.0
5429,medium,1,5.0,15.0,5.5,A,8.7
5430,low,0,1.0,1.0,6.7,C,-13.2
5431,medium,2,4.0,11.0,6.3,C,4.7
5432,high,2,4.0,16.0,9.0,A,15.0
5433,high,1,11.0,15.0,9.9,A,15.0
5434,none,3,14.0,8.0,1.2,A,-100.0
5435,medium,1,6.0,0.0,3.6,A,-100.0
5436,low,0,21.0,8.0,4.7,A,-11.5
5437,high,0,4.0,1.0,5.7,A,-100.0
5438,none,0,13.0,5.0,8.4,A,2.8
5439,medium,3,3.0,11.0,8.3,A,15.0
5440,low,1,2.0,10.0,9.1,A,15.0
5441,medium,2,7.0,0.0,7.7,D,-11.0
5442,medium,0,5.0,13.0,8.1,A,15.0
5443,medium,0,12.0,7.0,3.3,C,-100.0
5444,medium,2,10.0,13.0,4.1,A,-3.7
5445,medium,2,7.0,18.0,9.4,A,15.0
5446,high,2,10.0,1.0,8.2,A,-9.0
5447,high,0,8.0,30.0,3.3,C,15.0
5448,low,2,2.0,10.0,9.9,A,15.0
5449,low,2,5.0,7.0,3.6,A,-18.2
5450,medium,1,10.0,13.0,2.2,A,-14.1
5451,medium,3,16.0,15.0,8.6,B,15.0
5452,high,0,2.0,35.0,4.9,C,15.0
5453,medium,5,18.0,2.0,1.2,A,-100.0
5454,low,4,8.0,3.0,5.1,A,-18.9
5455,high,0,6.0,3.0,9.5,A,2.9
5456,medium,0,2.0,9.0,2.6,B,-19.4
5457,none,2,1.0,7.0,2.1,A,-100.0
5458,low,4,7.0,12.0,2.8,A,-12.5
5459,low,4,10.0,25.0,1.3,A,6.2
5460,low,1,6.0,31.0,1.8,A,15.0
5461,medium,1,13.0,6.0,1.9,A,-100.0
5462,low,1,11.0,19.0,8.5,A,15.0
5463,low,2,6.0,12.0,8.3,A,15.0
5464,low,1,5.0,1.0,7.5,A,-9.3
5465,high,0,17.0,1.0,6.1,A,-100.0
5466,low,2,12.0,4.0,7.4,A,-4.3
5467,none,2,6.0,10.0,3.8,C,-11.5
5468,low,2,25.0,2.0,4.1,D,-100.0
5469,low,2,21.0,50.0,6.3,C,15.0
5470,none,1,3.0,5.0,5.3,A,-13.4
5471,high,1,25.0,24.0,8.0,A,15.0
5472,none,1,9.0,19.0,3.2,A,3.9
5473,low,1,9.0,2.0,8.1,A,-4.3
5474,high,2,5.0,10.0,9.0,D,14.8
5475,medium,2,19.0,22.0,8.2,A,15.0
5476,high,1,1.0,4.0,8.3,A,-1.2
5477,,2,13.0,15.0,3.7,C,-2.3
5478,medium,0,9.0,5.0,8.4,A,3.4
5479,high,1,5.0,12.0,9.1,C,15.0
5480,low,2,6.0,17.0,3.1,A,-0.1
5481,high,1,11.0,9.0,3.9,D,-15.9
5482,low,0,25.0,0.0,1.8,A,-100.0
5483,none,2,15.0,30.0,2.0,A,15.0
5484,high,0,4.0,5.0,9.8,C,9.0
5485,high,2,8.0,37.0,1.0,A,15.0
5486,high,1,6.0,9.0,1.1,A,-100.0
5487,medium,1,3.0,1.0,8.5,C,-4.0
5488,high,1,21.0,4.0,5.2,C,-100.0
5489,high,0,12.0,2.0,1.1,D,-100.0
5490,medium,0,13.0,6.0,6.5,B,-5.3
5491,none,1,7.0,11.0,5.1,B,-2.3
5492,low,2,30.0,24.0,8.1,A,15.0
5493,medium,1,1.0,20.0,8.4,A,15.0
5494,high,0,1.0,1.0,9.0,A,-3.5
5495,low,3,1.0,2.0,8.1,C,-3.7
5496,high,2,5.0,4.0,3.0,A,-100.0
5497,medium,1,11.0,5.0,1.1,C,-100.0
5498,medium,3,10.0,50.0,2.6,A,15.0
5499,high,0,8.0,2.0,9.3,A,-0.5
5500,low,3,9.0,20.0,8.0,A,15.0
5501,high,1,3.0,1.0,9.2,B,-2.7
5502,medium,2,4.0,34.0,9.4,A,15.0
5503,low,2,4.0,7.0,9.5,C,14.3
5504,high,3,14.0,16.0,8.7,A,15.0
5505,low,0,14.0,20.0,9.2,A,15.0
5506,low,0,12.0,4.0,9.7,A,8.5
5507,none,1,14.0,9.0,8.5,A,11.5
5508,none,0,13.0,1.0,1.5,A,-100.0
5509,high,1,14.0,15.0,6.0,C,8.0
5510,low,2,19.0,9.0,9.9,C,15.0
5511,low,1,5.0,10.0,8.6,A,15.0
5512,medium,4,13.0,31.0,6.0,A,15.0
5513,low,1,2.0,2.0,5.6,A,-17.3
5514,low,1,9.0,21.0,3.8,A,12.0
5515,high,1,6.0,2.0,8.0,A,-7.5
5516,medium,1,8.0,4.0,9.5,A,7.4
5517,low,1,10.0,31.0,5.0,D,15.0
5518,high,1,3.0,10.0,8.2,A,10.7
5519,low,4,11.0,9.0,1.2,C,-100.0
5520,medium,3,17.0,0.0,8.9,A,-5.5
5521,high,0,8.0,1.0,8.6,A,-6.4
5522,low,1,6.0,3.0,3.0,C,-100.0
5523,medium,2,6.0,3.0,1.8,A,-100.0
5524,low,4,2.0,7.0,4.8,A,-11.5
5525,high,0,7.0,0.0,1.9,C,-100.0
5526,low,0,2.0,35.0,7.8,A,15.0
5527,low,0,17.0,12.0,6.7,D,8.3
5528,medium,0,6.0,6.0,10.0,A,14.6
5529,high,1,24.0,2.0,3.4,B,-100.0
5530,low,2,22.0,2.0,7.6,C,-8.4
5531,medium,1,6.0,28.0,5.3,A,15.0
5532,high,2,25.0,10.0,2.5,A,-100.0
5533,high,1,3.0,16.0,5.6,A,9.0
5534,medium,1,7.0,5.0,6.0,A,-9.7
5535,high,3,20.0,9.0,8.2,A,6.7
5536,none,1,9.0,8.0,8.5,A,9.9
5537,high,3,10.0,20.0,3.8,B,6.6
5538,medium,1,5.0,11.0,3.0,A,-13.4
5539,none,2,5.0,2.0,3.2,C,-100.0
5540,high,2,7.0,19.0,2.7,A,-1.2
5541,none,1,4.0,2.0,4.8,C,-100.0
5542,none,6,5.0,1.0,,D,
5543,medium,2,10.0,8.0,8.1,A,7.7
5544,low,2,2.0,12.0,2.3,A,-14.6
5545,high,1,3.0,1.0,2.6,A,-100.0
5546,low,1,8.0,2.0,9.8,A,5.2
5547,low,0,15.0,10.0,9.1,A,15.0
5548,medium,2,20.0,5.0,9.1,B,6.0
5549,low,2,19.0,19.0,4.4,C,10.0
5550,none,0,18.0,21.0,7.6,C,15.0
5551,low,2,3.0,16.0,9.9,D,15.0
5552,low,2,8.0,2.0,6.4,A,-13.6
5553,,1,35.0,2.0,2.7,A,-100.0
5554,medium,1,3.0,5.0,7.6,C,-0.5
5555,low,2,9.0,5.0,8.4,A,3.6
5556,high,0,11.0,25.0,8.1,D,15.0
5557,none,2,6.0,17.0,9.8,A,15.0
5558,low,4,31.0,1.0,4.4,C,-100.0
5559,low,0,17.0,8.0,3.1,A,-19.9
5560,none,1,27.0,14.0,7.5,A,15.0
5561,low,3,17.0,3.0,6.9,A,-9.8
5562,none,1,12.0,6.0,3.4,A,-100.0
5563,low,1,4.0,5.0,5.8,C,-10.1
5564,high,2,3.0,18.0,6.9,A,15.0
5565,none,0,7.0,9.0,5.0,A,-6.9
5566,none,0,2.0,18.0,9.9,A,15.0
5567,none,1,18.0,30.0,8.9,A,15.0
5568,high,1,14.0,4.0,7.6,A,-6.3
5569,low,1,22.0,3.0,8.7,C,-0.2
5570,high,1,10.0,10.0,8.8,A,13.3
5571,none,1,8.0,1.0,8.2,A,-6.3
5572,low,2,21.0,17.0,3.4,C,0.1
5573,medium,1,10.0,7.0,1.6,A,-100.0
5574,high,1,13.0,7.0,9.6,B,11.1
5575,high,3,4.0,30.0,9.4,A,15.0
5576,high,2,6.0,37.0,5.8,D,15.0
5577,medium,2,4.0,30.0,9.5,A,15.0
5578,medium,3,12.0,5.0,1.2,A,-100.0
5579,low,0,4.0,15.0,7.7,A,15.0
5580,none,1,9.0,5.0,8.5,A,3.6
5581,medium,0,13.0,14.0,7.1,C,14.8
5582,none,3,9.0,6.0,2.4,A,-100.0
5583,high,1,12.0,41.0,3.0,A,15.0
5584,low,3,8.0,1.0,9.2,A,-0.4
5585,low,2,6.0,2.0,6.7,A,-11.8
5586,low,1,6.0,50.0,6.9,B,15.0
5587,none,1,19.0,7.0,1.2,A,-100.0
5588,medium,0,7.0,7.0,1.5,A,-100.0
5589,high,0,16.0,6.0,9.0,C,5.5
5590,medium,2,6.0,3.0,1.5,B,-100.0
5591,high,2,13.0,8.0,8.1,A,4.8
5592,low,2,20.0,12.0,9.8,A,15.0
5593,high,3,7.0,10.0,6.1,A,-1.5
5594,medium,1,6.0,10.0,3.2,B,-14.5
5595,high,0,2.0,33.0,9.2,C,15.0
5596,none,3,9.0,47.0,9.3,A,15.0
5597,high,2,4.0,23.0,5.4,A,15.0
5598,high,2,5.0,36.0,8.6,C,15.0
5599,low,1,12.0,20.0,9.9,B,15.0
5600,medium,1,15.0,13.0,7.7,A,15.0
5601,high,1,8.0,16.0,8.2,A,15.0
5602,none,1,4.0,1.0,9.9,A,3.4
5603,none,1,18.0,24.0,2.0,A,6.9
5604,medium,0,28.0,20.0,6.1,A,15.0
5605,medium,2,10.0,28.0,10.0,B,15.0
5606,low,3,13.0,3.0,8.9,A,1.6
5607,low,1,18.0,31.0,9.3,A,15.0
5608,low,1,4.0,2.0,8.5,A,-1.6
5609,low,1,10.0,12.0,5.3,A,1.2
5610,none,4,9.0,3.0,7.8,D,-4.7
5611,high,0,15.0,38.0,7.9,C,15.0
5612,medium,2,5.0,7.0,3.1,D,-100.0
5613,none,2,2.0,14.0,8.4,B,15.0
5614,low,0,9.0,11.0,9.6,C,15.0
5615,none,1,7.0,19.0,8.3,A,15.0
5616,low,3,19.0,2.0,3.8,A,-100.0
5617,medium,2,3.0,2.0,7.5,A,-7.4
5618,high,2,5.0,0.0,3.8,A,-100.0
5619,high,1,12.0,13.0,8.8,C,15.0
5620,low,1,5.0,3.0,1.1,A,-100.0
5621,none,0,19.0,6.0,9.1,A,8.1
5622,none,3,15.0,15.0,2.6,A,-8.6
5623,low,1,5.0,1.0,2.5,C,-100.0
5624,low,2,10.0,5.0,3.4,C,-100.0
5625,low,0,7.0,28.0,5.9,A,15.0
5626,medium,2,9.0,34.0,3.5,B,15.0
5627,low,0,13.0,2.0,9.6,A,3.7
5628,high,4,8.0,5.0,3.0,C,-100.0
5629,none,1,9.0,17.0,3.1,C,-0.9
5630,low,2,8.0,3.0,8.6,A,0.6
5631,medium,1,14.0,21.0,6.3,C,15.0
5632,,2,9.0,11.0,5.7,A,
5633,none,0,6.0,1.0,9.9,B,3.3
5634,none,3,6.0,5.0,8.4,A,3.2
5635,medium,0,7.0,3.0,9.6,A,6.0
5636,high,1,21.0,8.0,5.2,A,-11.8
5637,low,1,27.0,15.0,1.4,A,-15.6
5638,none,3,4.0,18.0,4.7,C,10.3
5639,low,3,2.0,3.0,3.7,A,-100.0
5640,high,4,8.0,1.0,8.6,A,-6.8
5641,medium,1,25.0,16.0,1.7,C,-12.1
5642,low,2,12.0,20.0,6.5,D,15.0
5643,high,0,10.0,13.0,6.2,C,5.4
5644,high,0,18.0,8.0,3.1,A,-100.0
5645,low,3,15.0,3.0,7.7,A,-5.2
5646,low,3,32.0,7.0,9.4,A,10.9
5647,low,2,6.0,6.0,1.1,A,-100.0
5648,high,1,6.0,4.0,3.9,C,-100.0
5649,high,1,18.0,14.0,3.5,A,-8.3
5650,medium,1,2.0,21.0,1.4,B,-0.9
5651,high,4,13.0,1.0,8.2,A,-9.5
5652,low,2,3.0,4.0,8.9,A,4.8
5653,low,0,7.0,50.0,2.4,C,15.0
5654,high,1,9.0,26.0,9.1,A,15.0
5655,none,2,12.0,8.0,9.5,C,15.0
5656,low,1,3.0,17.0,4.3,C,6.9
5657,low,1,1.0,13.0,9.2,B,15.0
5658,none,0,13.0,4.0,9.2,A,5.1
5659,,4,11.0,11.0,9.0,A,15.0
5660,medium,4,9.0,10.0,4.4,C,-8.5
5661,medium,2,18.0,11.0,3.7,C,-11.0
5662,high,2,21.0,4.0,2.4,A,-100.0
5663,medium,4,30.0,6.0,2.9,A,-100.0
5664,low,5,3.0,6.0,7.1,A,-1.2
5665,none,3,24.0,20.0,6.2,A,15.0
5666,high,0,13.0,13.0,2.8,A,-13.6
5667,none,1,7.0,5.0,8.4,D,3.3
5668,high,3,4.0,5.0,8.6,B,2.1
5669,none,0,8.0,31.0,2.3,C,15.0
5670,low,1,13.0,25.0,8.9,A,15.0
5671,high,2,,5.0,8.4,C,
5672,high,1,8.0,14.0,9.4,A,15.0
5673,low,2,19.0,4.0,9.6,A,7.1
5674,low,3,10.0,14.0,5.9,B,8.5
5675,medium,2,13.0,6.0,5.5,C,-11.1
5676,low,4,12.0,3.0,6.0,C,-14.3
5677,low,0,4.0,47.0,4.5,A,15.0
5678,high,2,3.0,5.0,3.5,A,-100.0
5679,high,2,9.0,4.0,8.1,A,-3.2
5680,medium,0,4.0,16.0,8.9,B,15.0
5681,medium,1,17.0,3.0,9.9,A,6.5
5682,low,1,3.0,17.0,9.6,A,15.0
5683,high,1,7.0,2.0,6.1,A,-18.1
5684,medium,1,27.0,19.0,6.1,C,15.0
5685,low,4,24.0,5.0,7.0,A,-5.8
5686,high,3,11.0,11.0,5.8,A,-1.4
5687,medium,1,6.0,1.0,2.8,A,-100.0
5688,medium,2,6.0,17.0,6.6,A,15.0
5689,high,1,12.0,39.0,3.8,D,15.0
5690,none,1,5.0,11.0,2.6,A,-15.8
5691,low,0,13.0,6.0,5.0,A,-13.2
5692,high,0,9.0,18.0,6.1,A,15.0
5693,low,1,6.0,5.0,7.3,A,-2.1
5694,high,1,12.0,9.0,3.2,A,-19.8
5695,medium,1,6.0,1.0,8.7,B,-3.1
5696,none,2,10.0,13.0,6.9,A,11.4
5697,low,4,2.0,4.0,9.5,D,8.0
5698,none,1,10.0,4.0,1.7,A,-100.0
5699,medium,2,21.0,27.0,2.4,A,15.0
5700,none,0,1.0,24.0,3.6,A,15.0
5701,high,0,20.0,4.0,9.5,C,3.6
5702,high,0,14.0,1.0,6.3,A,-19.7
5703,none,3,9.0,48.0,1.9,A,15.0
5704,medium,2,5.0,7.0,1.4,B,-100.0
5705,high,3,6.0,1.0,6.7,A,-17.0
5706,low,2,26.0,11.0,9.7,A,15.0
5707,none,3,3.0,2.0,7.0,D,-10.5
5708,medium,0,6.0,5.0,3.5,A,-100.0
5709,medium,0,5.0,11.0,5.8,C,2.1
5710,low,0,3.0,12.0,1.0,A,-100.0
5711,high,1,4.0,8.0,9.9,A,15.0
5712,high,4,12.0,14.0,8.1,C,15.0
5713,high,3,10.0,3.0,2.3,A,-100.0
5714,none,1,3.0,1.0,9.9,A,3.5
5715,low,1,16.0,12.0,8.4,A,15.0
5716,medium,1,4.0,5.0,9.0,D,7.1
5717,high,0,21.0,4.0,1.2,A,-100.0
5718,,5,17.0,1.0,2.5,A,-100.0
5719,low,2,21.0,4.0,2.2,A,-100.0
5720,none,2,5.0,1.0,4.2,A,-100.0
5721,low,1,1.0,0.0,,A,
5722,medium,2,6.0,5.0,9.8,A,11.2
5723,low,4,9.0,6.0,3.3,A,-100.0
5724,high,1,27.0,5.0,8.6,A,-0.0
5725,medium,2,10.0,29.0,8.5,A,15.0
5726,medium,3,7.0,0.0,7.0,A,-14.9
5727,low,1,20.0,48.0,9.9,A,15.0
5728,high,0,15.0,4.0,3.0,A,-100.0
5729,low,2,11.0,5.0,7.7,B,-0.5
5730,low,0,12.0,5.0,3.2,A,-100.0
5731,high,2,5.0,22.0,4.1,A,13.0
5732,high,1,3.0,5.0,4.5,C,-100.0
5733,low,1,13.0,16.0,6.9,C,15.0
5734,high,4,5.0,2.0,2.8,C,-100.0
5735,high,5,11.0,10.0,2.3,A,-100.0
5736,low,2,24.0,20.0,4.3,D,11.0
5737,,0,3.0,6.0,3.5,A,-100.0
5738,none,2,2.0,7.0,2.2,A,-100.0
5739,low,3,3.0,3.0,9.2,C,4.3
5740,medium,2,2.0,7.0,9.3,A,13.0
5741,high,0,13.0,6.0,1.2,C,-100.0
5742,medium,1,2.0,2.0,9.8,A,5.4
5743,low,1,5.0,5.0,2.6,A,-100.0
5744,low,1,7.0,16.0,9.0,A,15.0
5745,medium,3,16.0,8.0,1.4,C,-100.0
5746,none,4,8.0,1.0,1.9,A,-100.0
5747,low,1,18.0,0.0,8.0,B,-9.9
5748,medium,2,4.0,0.0,2.9,A,-100.0
5749,high,2,8.0,11.0,9.8,C,15.0
5750,medium,2,8.0,13.0,8.1,A,15.0
5751,none,2,2.0,9.0,5.8,B,-2.2
5752,,2,7.0,9.0,6.0,A,-1.6
5753,high,0,14.0,7.0,2.7,A,-100.0
5754,high,1,27.0,15.0,9.6,D,15.0
5755,none,1,14.0,8.0,8.9,A,11.6
5756,,3,2.0,8.0,6.0,C,-3.3
5757,high,0,21.0,12.0,9.0,A,15.0
5758,low,3,0.0,10.0,2.3,A,-18.7
5759,medium,1,11.0,4.0,2.7,A,-100.0
5760,low,0,6.0,13.0,4.9,C,1.6
5761,medium,2,10.0,10.0,4.9,C,-5.6
5762,medium,3,31.0,26.0,1.5,A,7.0
5763,low,4,14.0,20.0,6.6,A,15.0
5764,low,0,8.0,10.0,2.1,A,-100.0
5765,medium,1,9.0,22.0,8.5,C,15.0
5766,medium,1,11.0,15.0,8.5,C,15.0
5767,medium,2,8.0,6.0,1.5,C,-100.0
5768,high,2,9.0,22.0,7.4,A,15.0
5769,low,0,6.0,21.0,6.0,A,15.0
5770,high,2,,25.0,4.4,C,
5771,low,1,18.0,2.0,7.1,D,-10.7
5772,,2,5.0,12.0,6.6,B,8.2
5773,medium,1,21.0,10.0,8.6,A,13.7
5774,none,3,9.0,10.0,8.8,A,15.0
5775,medium,0,4.0,33.0,7.6,A,15.0
5776,none,1,6.0,8.0,6.1,A,-3.0
5777,low,2,4.0,19.0,2.9,A,3.2
5778,none,0,13.0,19.0,2.0,C,-3.0
5779,none,1,19.0,46.0,9.9,A,15.0
5780,none,1,0.0,19.0,8.7,A,15.0
5781,high,2,5.0,6.0,8.1,B,1.4
5782,medium,2,17.0,4.0,9.2,A,4.7
5783,medium,3,7.0,30.0,9.9,A,15.0
5784,medium,0,28.0,9.0,1.4,A,-100.0
5785,high,2,15.0,6.0,2.2,A,-100.0
5786,low,0,3.0,3.0,8.5,A,0.7
5787,high,2,4.0,24.0,8.8,A,15.0
5788,medium,2,1.0,15.0,4.2,A,1.9
5789,low,4,2.0,5.0,8.6,A,5.2
5790,medium,3,17.0,6.0,2.4,C,-100.0
5791,low,1,13.0,1.0,8.1,A,-6.8
5792,medium,2,6.0,9.0,7.6,A,7.5
5793,high,2,7.0,0.0,9.7,A,-2.6
5794,low,1,11.0,5.0,8.5,B,4.0
5795,medium,3,10.0,20.0,8.2,B,15.0
5796,none,4,3.0,10.0,3.8,A,-11.4
5797,none,0,10.0,12.0,9.5,C,15.0
5798,low,0,5.0,5.0,5.7,B,-10.7
5799,high,2,14.0,1.0,3.4,A,-100.0
5800,medium,0,5.0,9.0,8.6,A,13.3
5801,medium,0,8.0,6.0,8.2,B,4.5
5802,medium,2,3.0,2.0,8.4,A,-2.5
5803,low,3,14.0,3.0,3.1,A,-100.0
5804,high,1,7.0,11.0,4.2,A,-9.6
5805,low,3,4.0,10.0,9.8,A,15.0
5806,low,1,11.0,11.0,1.6,C,-100.0
5807,low,4,15.0,2.0,8.9,C,-0.8
5808,high,1,10.0,3.0,9.5,B,2.4
5809,low,1,2.0,4.0,7.0,A,-5.4
5810,none,1,12.0,49.0,1.6,A,15.0
5811,medium,2,9.0,4.0,9.5,A,7.2
5812,none,2,8.0,7.0,7.5,C,2.3
5813,medium,0,15.0,13.0,9.2,C,15.0
5814,high,3,14.0,3.0,9.4,A,1.3
5815,low,2,2.0,18.0,4.8,A,11.8
5816,none,0,9.0,5.0,8.3,A,2.6
5817,low,3,9.0,18.0,9.8,A,15.0
5818,low,2,9.0,46.0,6.2,C,15.0
5819,none,5,7.0,26.0,7.5,B,15.0
5820,low,1,3.0,0.0,9.4,C,-0.7
5821,,0,11.0,1.0,4.3,A,-100.0
5822,low,1,3.0,2.0,9.5,A,4.0
5823,none,0,4.0,7.0,7.7,A,4.0
5824,none,1,18.0,1.0,8.3,A,-6.8
5825,low,0,19.0,2.0,8.9,A,-0.8
5826,low,1,14.0,2.0,8.4,D,-3.1
5827,high,5,6.0,11.0,6.5,C,2.7
5828,high,2,8.0,8.0,8.6,A,8.1
5829,medium,2,15.0,0.0,8.9,C,-5.2
5830,none,1,15.0,23.0,9.3,C,15.0
5831,high,0,1.0,26.0,,A,
5832,none,0,21.0,14.0,6.1,C,8.2
5833,medium,4,11.0,8.0,2.5,A,-100.0
5834,high,2,3.0,10.0,9.2,A,15.0
5835,low,2,9.0,22.0,8.4,A,15.0
5836,high,1,11.0,10.0,9.8,B,15.0
5837,low,2,4.0,1.0,9.3,A,0.6
5838,medium,0,7.0,4.0,6.8,A,-7.3
5839,low,1,5.0,34.0,8.6,A,15.0
5840,medium,1,3.0,2.0,9.7,A,4.7
5841,high,0,16.0,43.0,8.6,A,15.0
5842,low,0,13.0,21.0,7.7,B,15.0
5843,low,1,2.0,9.0,4.1,A,-10.9
5844,none,3,14.0,3.0,9.5,A,4.2
5845,medium,3,14.0,16.0,8.9,A,15.0
5846,medium,3,28.0,1.0,8.5,C,-6.7
5847,low,1,6.0,7.0,1.9,B,-100.0
5848,medium,4,14.0,15.0,3.7,A,-2.4
5849,medium,1,24.0,7.0,7.9,D,3.2
5850,high,1,13.0,26.0,9.8,A,15.0
5851,medium,1,28.0,7.0,8.6,A,6.7
5852,high,1,2.0,18.0,8.3,A,15.0
5853,none,2,11.0,8.0,9.8,A,15.0
5854,medium,1,16.0,24.0,9.5,C,15.0
5855,high,3,3.0,21.0,2.5,A,2.2
5856,medium,0,20.0,2.0,9.7,A,3.2
5857,medium,0,9.0,10.0,2.8,C,-16.9
5858,low,0,11.0,2.0,5.7,A,-17.6
5859,medium,2,21.0,1.0,8.4,A,-6.4
5860,low,1,6.0,13.0,3.8,A,-4.5
5861,medium,2,16.0,0.0,9.3,C,-3.1
5862,,0,2.0,36.0,8.4,C,15.0
5863,high,1,4.0,8.0,9.9,D,15.0
5864,high,2,4.0,6.0,2.5,A,-100.0
5865,low,1,8.0,9.0,8.5,A,12.7
5866,high,1,14.0,8.0,9.4,A,12.0
5867,high,2,8.0,29.0,3.0,A,15.0
5868,none,1,13.0,8.0,4.1,A,-14.7
5869,high,0,4.0,3.0,7.0,C,-10.6
5870,none,1,5.0,39.0,6.6,A,15.0
5871,low,2,4.0,20.0,9.4,A,15.0
5872,low,1,,4.0,9.0,C,
5873,low,1,4.0,3.0,1.5,C,-100.0
5874,low,1,24.0,12.0,9.6,A,15.0
5875,high,1,5.0,28.0,2.5,D,15.0
5876,high,3,16.0,0.0,3.4,C,-100.0
5877,none,2,8.0,1.0,4.1,A,-100.0
5878,medium,3,9.0,7.0,9.5,A,13.3
5879,medium,1,12.0,35.0,8.1,A,15.0
5880,high,3,7.0,10.0,2.3,A,-100.0
5881,none,1,18.0,4.0,5.0,A,-18.6
5882,low,1,10.0,12.0,6.1,A,5.6
5883,none,3,32.0,33.0,6.0,A,15.0
5884,high,1,14.0,6.0,4.2,A,-100.0
5885,low,1,5.0,12.0,4.2,A,-4.3
5886,high,4,2.0,12.0,2.5,C,-16.7
5887,medium,0,17.0,16.0,8.8,A,15.0
5888,medium,1,10.0,22.0,1.7,A,2.0
5889,high,6,6.0,1.0,9.7,C,-0.8
5890,medium,3,24.0,3.0,1.3,A,-100.0
5891,high,3,14.0,6.0,6.4,A,-8.9
5892,none,4,17.0,2.0,8.4,A,-4.3
5893,low,0,24.0,24.0,3.0,A,12.5
5894,,1,16.0,9.0,9.6,A,15.0
5895,low,0,14.0,12.0,6.8,B,9.2
5896,high,1,4.0,20.0,7.5,A,15.0
5897,medium,4,3.0,31.0,8.2,C,15.0
5898,high,1,5.0,20.0,2.5,A,0.1
5899,low,0,10.0,5.0,9.3,C,8.6
5900,high,2,3.0,23.0,4.8,C,15.0
5901,low,0,1.0,15.0,4.8,A,5.8
5902,,3,5.0,8.0,7.8,A,6.3
5903,low,1,20.0,9.0,4.6,B,-9.9
5904,none,1,12.0,3.0,6.8,C,-10.2
5905,low,2,5.0,4.0,3.3,A,-100.0
5906,medium,0,10.0,12.0,8.4,A,15.0
5907,low,0,11.0,1.0,7.1,C,-12.0
5908,low,2,17.0,7.0,9.1,A,10.8
5909,none,4,11.0,2.0,9.7,A,3.4
5910,high,1,3.0,4.0,2.6,A,-100.0
5911,medium,0,4.0,2.0,5.3,C,-19.4
5912,high,2,3.0,0.0,1.6,B,-100.0
5913,low,0,9.0,13.0,5.5,A,4.6
5914,low,2,5.0,12.0,8.1,B,15.0
5915,medium,0,0.0,6.0,5.5,A,-9.6
5916,none,1,15.0,6.0,5.8,A,-9.7
5917,low,1,23.0,13.0,7.9,A,15.0
5918,low,0,7.0,16.0,7.0,A,15.0
5919,medium,2,6.0,0.0,1.3,B,-100.0
5920,medium,1,12.0,35.0,9.5,D,15.0
5921,none,0,3.0,3.0,8.8,A,1.8
5922,,1,3.0,2.0,9.2,A,1.8
5923,low,2,3.0,16.0,5.5,C,11.3
5924,low,1,11.0,37.0,8.7,B,15.0
5925,low,1,4.0,32.0,1.7,B,15.0
5926,high,3,6.0,2.0,8.7,A,-3.9
5927,low,2,14.0,50.0,3.7,B,15.0
5928,medium,1,9.0,11.0,3.8,A,-9.4
5929,low,1,,9.0,8.4,C,
5930,medium,1,3.0,16.0,8.6,C,15.0
5931,low,1,18.0,11.0,7.2,A,8.8
5932,none,1,6.0,10.0,2.2,A,-100.0
5933,high,1,6.0,5.0,1.8,C,-100.0
5934,medium,0,2.0,3.0,9.1,C,3.8
5935,none,4,9.0,50.0,2.1,A,15.0
5936,low,1,2.0,2.0,4.3,A,-100.0
5937,low,2,8.0,3.0,7.4,C,-6.0
5938,none,1,40.0,1.0,10.0,C,0.4
5939,high,0,8.0,4.0,2.9,A,-100.0
5940,high,0,11.0,43.0,8.4,C,15.0
5941,low,2,18.0,6.0,8.5,A,5.3
5942,high,1,6.0,13.0,9.1,C,15.0
5943,high,1,24.0,1.0,6.9,A,-17.5
5944,low,3,5.0,3.0,8.3,A,-0.9
5945,medium,1,15.0,23.0,5.7,A,15.0
5946,low,0,9.0,21.0,7.3,A,15.0
5947,low,4,21.0,13.0,9.0,C,15.0
5948,medium,2,9.0,33.0,3.6,B,15.0
5949,none,2,4.0,38.0,8.9,A,15.0
5950,medium,1,8.0,2.0,7.5,A,-7.8
5951,none,0,1.0,23.0,8.9,B,15.0
5952,high,2,22.0,1.0,1.5,A,-100.0
5953,medium,2,10.0,3.0,8.4,B,-1.1
5954,high,1,13.0,5.0,9.8,A,8.0
5955,high,4,29.0,1.0,1.3,A,-100.0
5956,high,0,15.0,4.0,9.4,A,3.6
5957,low,2,6.0,10.0,5.9,D,0.6
5958,low,1,5.0,3.0,3.8,A,-100.0
5959,low,1,17.0,16.0,9.8,A,15.0
5960,low,1,5.0,10.0,5.6,B,-0.8
5961,low,1,6.0,22.0,,D,
5962,low,1,32.0,17.0,9.3,A,15.0
5963,medium,1,9.0,23.0,7.5,C,15.0
5964,medium,4,9.0,18.0,3.6,C,3.9
5965,medium,0,15.0,17.0,8.5,A,15.0
5966,high,1,6.0,5.0,5.8,A,-13.3
5967,low,2,11.0,26.0,5.1,D,15.0
5968,high,2,3.0,12.0,9.2,A,15.0
5969,low,1,9.0,11.0,8.8,A,15.0
5970,none,1,6.0,23.0,9.4,A,15.0
5971,low,1,0.0,0.0,9.2,A,-1.5
5972,none,3,6.0,5.0,2.9,A,-100.0
5973,high,1,25.0,0.0,2.2,A,-100.0
5974,high,2,14.0,16.0,5.6,D,7.8
5975,high,2,13.0,24.0,8.1,A,15.0
5976,none,3,14.0,20.0,,D,
5977,high,2,13.0,2.0,6.5,A,-16.6
5978,high,1,3.0,15.0,6.4,A,11.3
5979,low,3,12.0,2.0,9.9,C,5.1
5980,low,2,19.0,20.0,8.5,B,15.0
5981,low,1,7.0,2.0,2.9,C,-100.0
5982,high,1,22.0,35.0,5.2,A,15.0
5983,high,3,11.0,8.0,3.3,D,-100.0
5984,none,0,14.0,50.0,9.0,A,15.0
5985,none,5,33.0,14.0,9.4,A,15.0
5986,medium,0,7.0,5.0,7.0,C,-4.1
5987,high,2,9.0,0.0,3.6,A,-100.0
5988,none,0,9.0,0.0,8.4,A,-7.3
5989,low,2,9.0,2.0,2.5,A,-100.0
5990,none,0,3.0,0.0,5.5,A,-100.0
5991,low,2,19.0,1.0,3.1,A,-100.0
5992,low,4,1.0,2.0,1.8,A,-100.0
5993,high,1,7.0,23.0,8.9,A,15.0
5994,low,3,7.0,1.0,7.2,D,-11.3
5995,low,2,3.0,10.0,9.8,C,15.0
5996,high,1,9.0,6.0,9.9,A,11.0
5997,medium,1,11.0,8.0,5.7,A,-5.5
5998,high,2,,15.0,8.2,C,
5999,low,0,11.0,13.0,4.3,A,-2.2
6000,medium,2,13.0,2.0,2.3,B,-100.0
6001,high,1,23.0,31.0,8.8,A,15.0
6002,medium,2,4.0,11.0,6.4,A,5.3
6003,low,2,24.0,6.0,1.8,A,-100.0
6004,high,1,5.0,15.0,5.5,A,6.1
6005,medium,1,8.0,15.0,9.3,A,15.0
6006,low,2,10.0,12.0,9.4,A,15.0
6007,high,0,7.0,1.0,9.9,C,0.8
6008,low,1,11.0,7.0,5.1,A,-10.5
6009,high,3,10.0,25.0,9.8,A,15.0
6010,medium,0,11.0,33.0,4.9,C,15.0
6011,medium,2,5.0,3.0,8.2,B,-1.7
6012,medium,1,10.0,15.0,4.1,C,0.6
6013,none,3,8.0,5.0,1.0,A,-100.0
6014,medium,1,17.0,27.0,2.3,C,15.0
6015,low,2,15.0,16.0,5.0,A,7.4
6016,medium,1,14.0,9.0,1.5,D,-100.0
6017,high,1,12.0,11.0,4.7,C,-7.4
6018,none,1,3.0,9.0,2.6,A,-19.8
6019,high,3,20.0,7.0,3.5,C,-100.0
6020,low,3,17.0,8.0,3.5,B,-18.0
6021,low,0,11.0,1.0,3.6,B,-100.0
6022,medium,2,15.0,11.0,2.1,A,-19.5
6023,high,3,3.0,4.0,8.6,A,0.1
6024,medium,3,14.0,8.0,9.0,A,12.2
6025,high,0,8.0,11.0,2.3,A,-100.0
6026,high,2,40.0,14.0,9.6,A,15.0
6027,high,1,8.0,21.0,9.7,C,15.0
6028,none,2,13.0,23.0,9.1,A,15.0
6029,low,1,3.0,6.0,3.5,C,-100.0
6030,medium,1,2.0,2.0,5.6,A,-17.7
6031,high,2,2.0,30.0,4.7,A,15.0
6032,none,1,14.0,15.0,4.1,A,-0.1
6033,low,0,11.0,3.0,4.5,A,-100.0
6034,none,2,19.0,1.0,1.4,A,-100.0
6035,high,2,8.0,4.0,3.6,A,-100.0
6036,high,0,1.0,14.0,8.1,A,15.0
6037,medium,1,11.0,27.0,1.1,B,9.1
6038,low,1,18.0,1.0,9.6,C,1.0
6039,medium,1,9.0,24.0,1.1,A,3.0
6040,medium,5,18.0,7.0,9.0,A,9.5
6041,low,0,7.0,27.0,4.3,A,15.0
6042,high,0,4.0,32.0,1.3,B,15.0
6043,low,1,16.0,1.0,2.2,C,-100.0
6044,high,1,9.0,4.0,3.2,C,-100.0
6045,medium,2,24.0,2.0,1.3,A,-100.0
6046,none,0,5.0,3.0,1.3,C,-100.0
6047,medium,5,10.0,3.0,1.5,C,-100.0
6048,low,1,2.0,7.0,1.7,C,-100.0
6049,low,1,2.0,39.0,,A,
6050,none,2,3.0,11.0,8.7,A,15.0
6051,medium,1,21.0,4.0,6.3,A,-11.5
6052,high,0,2.0,11.0,7.2,A,7.5
6053,medium,0,7.0,11.0,1.1,A,-100.0
6054,,2,18.0,1.0,8.4,A,-6.3
6055,high,2,21.0,29.0,6.3,A,15.0
6056,high,1,3.0,2.0,6.8,B,-13.8
6057,none,2,12.0,1.0,1.5,A,-100.0
6058,,1,8.0,6.0,8.2,B,4.2
6059,high,0,12.0,7.0,9.3,A,9.6
6060,low,1,11.0,1.0,3.8,A,-100.0
6061,medium,1,11.0,9.0,3.8,A,-13.8
6062,none,0,8.0,13.0,7.1,A,12.9
6063,low,0,22.0,9.0,4.6,A,-10.0
6064,none,1,17.0,15.0,5.4,A,6.8
6065,high,1,5.0,5.0,6.7,A,-8.3
6066,,4,40.0,1.0,2.2,A,-100.0
6067,medium,2,8.0,0.0,1.7,C,-100.0
6068,none,3,12.0,10.0,9.9,A,15.0
6069,low,1,5.0,12.0,3.3,D,-9.3
6070,low,2,13.0,2.0,9.4,A,2.4
6071,low,1,15.0,13.0,6.0,D,6.7
6072,medium,2,13.0,3.0,8.7,A,0.2
6073,low,1,12.0,11.0,4.6,A,-4.9
6074,medium,1,2.0,4.0,6.8,A,-6.9
6075,high,1,31.0,12.0,7.7,B,9.3
6076,high,2,14.0,6.0,8.8,B,4.4
6077,medium,2,6.0,3.0,5.4,D,-17.2
6078,high,1,6.0,6.0,2.9,D,-100.0
6079,medium,4,6.0,8.0,2.9,A,-100.0
6080,low,0,25.0,1.0,8.3,C,-6.8
6081,none,1,6.0,5.0,6.9,A,-4.9
6082,low,1,5.0,2.0,1.6,D,-100.0
6083,high,2,5.0,26.0,9.2,C,15.0
6084,low,1,12.0,18.0,8.6,C,15.0
6085,low,0,16.0,4.0,2.4,A,-100.0
6086,medium,0,10.0,1.0,5.8,A,-19.4
6087,high,0,15.0,9.0,6.0,A,-4.6
6088,medium,0,4.0,18.0,8.5,C,15.0
6089,none,0,26.0,8.0,8.1,C,6.1
6090,high,0,,1.0,8.4,C,
6091,high,2,15.0,36.0,3.2,A,15.0
6092,high,0,18.0,50.0,4.5,A,15.0
6093,high,0,3.0,13.0,9.5,A,15.0
6094,high,0,7.0,20.0,2.1,C,-2.2
6095,low,0,7.0,34.0,4.6,A,15.0
6096,none,1,16.0,7.0,6.6,A,-3.3
6097,medium,0,12.0,50.0,2.4,A,15.0
6098,medium,0,6.0,13.0,6.8,A,11.7
6099,low,2,5.0,5.0,8.6,A,5.1
6100,medium,2,25.0,8.0,8.2,A,6.8
6101,none,5,9.0,6.0,6.6,A,-5.1
6102,high,1,13.0,5.0,3.2,A,-100.0
6103,high,2,9.0,6.0,4.4,A,-19.3
6104,low,2,20.0,10.0,8.8,C,15.0
6105,low,3,8.0,39.0,7.4,A,15.0
6106,medium,1,13.0,22.0,9.2,A,15.0
6107,none,2,3.0,9.0,8.7,C,13.6
6108,low,3,1.0,12.0,3.0,A,-10.7
6109,medium,0,1.0,23.0,3.1,A,12.8
6110,high,6,7.0,2.0,3.8,A,-100.0
6111,high,0,3.0,44.0,6.3,A,15.0
6112,none,0,19.0,1.0,,D,
6113,high,1,6.0,25.0,3.8,B,15.0
6114,high,1,11.0,2.0,7.7,A,-9.7
6115,low,2,6.0,10.0,9.4,A,15.0
6116,low,3,2.0,3.0,3.3,A,-100.0
6117,low,4,7.0,16.0,7.6,A,15.0
6118,high,2,18.0,7.0,9.5,A,9.9
6119,none,2,6.0,7.0,9.6,A,14.1
6120,high,4,10.0,6.0,5.3,B,-14.7
6121,high,1,2.0,15.0,8.7,A,15.0
6122,medium,2,2.0,1.0,5.4,A,-100.0
6123,none,3,10.0,4.0,5.9,A,-13.1
6124,high,0,8.0,50.0,9.3,C,15.0
6125,high,2,16.0,2.0,7.9,A,-9.2
6126,none,1,7.0,12.0,8.6,A,15.0
6127,low,1,10.0,2.0,8.0,A,-4.9
6128,none,1,4.0,5.0,9.2,A,8.0
6129,high,4,20.0,5.0,2.4,A,-100.0
6130,none,2,26.0,3.0,6.1,B,-15.6
6131,high,2,20.0,41.0,6.4,B,15.0
6132,,1,,34.0,1.7,C,
6133,low,0,15.0,7.0,7.7,A,3.5
6134,low,1,20.0,1.0,8.8,A,-3.6
6135,low,2,3.0,8.0,8.2,A,9.4
6136,high,0,16.0,1.0,9.0,A,-5.0
6137,medium,1,9.0,4.0,8.1,B,-0.4
6138,high,2,10.0,2.0,9.9,A,2.4
6139,high,1,11.0,2.0,8.4,A,-5.8
6140,low,1,2.0,39.0,8.9,C,15.0
6141,high,2,11.0,11.0,3.6,D,-13.4
6142,low,2,2.0,25.0,6.7,A,15.0
6143,medium,1,9.0,0.0,4.8,A,-100.0
6144,medium,1,5.0,38.0,9.8,A,15.0
6145,high,2,10.0,18.0,1.6,A,-9.6
6146,,3,10.0,6.0,4.6,A,-16.0
6147,high,2,9.0,15.0,3.8,C,-3.7
6148,low,2,5.0,17.0,3.7,A,3.3
6149,high,0,10.0,1.0,8.2,A,-8.8
6150,low,3,13.0,5.0,9.2,A,7.5
6151,medium,2,5.0,2.0,7.5,C,-7.6
6152,medium,1,13.0,12.0,6.1,A,4.9
6153,medium,1,9.0,28.0,1.1,A,11.4
6154,high,1,6.0,18.0,9.4,D,15.0
6155,low,1,7.0,2.0,2.5,A,-100.0
6156,medium,0,10.0,8.0,6.3,A,-2.0
6157,high,4,16.0,4.0,3.4,C,-100.0
6158,none,0,12.0,14.0,3.7,C,-4.1
6159,low,2,5.0,3.0,8.5,A,0.3
6160,none,2,5.0,25.0,9.7,A,15.0
6161,none,1,7.0,32.0,7.9,A,15.0
6162,low,1,8.0,3.0,3.5,D,-100.0
6163,low,0,2.0,4.0,6.8,A,-6.4
6164,medium,3,13.0,10.0,9.0,A,15.0
6165,low,1,30.0,22.0,6.2,A,15.0
6166,low,1,4.0,6.0,9.3,C,11.2
6167,low,0,7.0,32.0,9.7,A,15.0
6168,high,1,10.0,4.0,8.3,A,-2.1
6169,high,1,8.0,24.0,3.1,A,11.5
6170,high,1,16.0,4.0,3.4,A,-100.0
6171,high,0,20.0,26.0,8.1,B,15.0
6172,high,3,3.0,16.0,2.3,A,-9.4
6173,medium,0,13.0,19.0,5.8,B,15.0
6174,medium,2,16.0,3.0,8.9,A,1.0
6175,high,4,4.0,0.0,2.5,D,-100.0
6176,high,1,24.0,25.0,9.7,C,15.0
6177,none,1,3.0,50.0,8.7,C,15.0
6178,high,1,8.0,0.0,8.2,A,-10.8
6179,none,0,2.0,8.0,9.3,A,15.0
6180,high,2,8.0,27.0,9.5,C,15.0
6181,medium,0,5.0,11.0,7.4,A,10.9
6182,high,1,8.0,15.0,4.7,B,1.4
6183,low,2,16.0,19.0,8.3,A,15.0
6184,medium,2,14.0,20.0,8.4,A,15.0
6185,medium,1,7.0,12.0,8.9,A,15.0
6186,high,3,10.0,7.0,8.3,A,4.0
6187,low,1,5.0,44.0,3.1,A,15.0
6188,none,1,12.0,7.0,9.4,B,12.5
6189,medium,2,9.0,8.0,1.6,A,-100.0
6190,high,2,6.0,15.0,9.7,A,15.0
6191,low,0,4.0,11.0,9.8,C,15.0
6192,none,1,0.0,3.0,2.2,A,-100.0
6193,high,1,2.0,13.0,2.5,C,-14.3
6194,high,0,1.0,46.0,9.5,A,15.0
6195,none,1,20.0,4.0,8.7,A,1.5
6196,high,3,5.0,3.0,6.7,A,-12.7
6197,low,1,7.0,6.0,5.9,A,-7.8
6198,low,2,7.0,17.0,9.0,A,15.0
6199,medium,1,4.0,8.0,7.8,A,6.8
6200,high,1,3.0,0.0,9.7,B,-2.1
6201,high,0,6.0,18.0,8.7,C,
6202,high,1,2.0,38.0,3.0,A,15.0
6203,medium,1,9.0,5.0,1.3,A,-100.0
6204,medium,0,19.0,7.0,8.3,A,6.0
6205,low,2,8.0,50.0,5.7,A,15.0
6206,low,2,4.0,2.0,2.5,A,-100.0
6207,medium,1,12.0,2.0,5.7,A,-18.2
6208,high,1,2.0,32.0,9.9,A,15.0
6209,low,3,4.0,3.0,2.0,A,-100.0
6210,low,4,3.0,1.0,5.0,C,-100.0
6211,low,0,14.0,3.0,5.8,A,-15.2
6212,low,1,16.0,2.0,5.1,A,-100.0
6213,medium,1,20.0,24.0,2.0,A,6.9
6214,medium,1,4.0,18.0,6.7,A,15.0
6215,low,2,19.0,8.0,9.7,A,15.0
6216,medium,0,3.0,39.0,6.0,A,15.0
6217,,1,6.0,27.0,8.2,A,15.0
6218,medium,1,5.0,3.0,9.1,A,3.4
6219,medium,3,5.0,4.0,8.2,A,0.3
6220,low,4,3.0,4.0,4.6,A,-19.0
6221,high,0,7.0,27.0,7.0,A,15.0
6222,none,2,6.0,26.0,10.0,C,15.0
6223,none,2,9.0,0.0,2.5,C,-100.0
6224,,0,1.0,0.0,2.1,A,-100.0
6225,high,1,16.0,3.0,3.7,B,-100.0
6226,low,1,3.0,25.0,1.8,D,10.0
6227,medium,2,8.0,2.0,8.3,A,-3.5
6228,high,4,2.0,2.0,6.9,A,-13.5
6229,medium,2,3.0,9.0,8.3,A,11.7
6230,low,1,14.0,24.0,5.6,B,15.0
6231,low,1,35.0,10.0,3.6,A,-14.8
6232,low,0,6.0,28.0,3.4,A,15.0
6233,none,0,4.0,7.0,8.1,A,6.2
6234,medium,2,12.0,9.0,9.7,C,15.0
6235,medium,1,9.0,7.0,1.8,A,-100.0
6236,high,3,9.0,11.0,9.3,C,15.0
6237,high,1,22.0,1.0,8.0,A,-11.2
6238,medium,1,4.0,18.0,4.5,A,9.6
6239,high,3,15.0,18.0,9.5,A,15.0
6240,high,0,21.0,8.0,9.4,A,11.4
6241,low,0,9.0,23.0,9.3,A,15.0
6242,high,2,11.0,9.0,2.8,A,-100.0
6243,low,2,15.0,2.0,4.9,A,-100.0
6244,low,1,12.0,2.0,2.0,C,-100.0
6245,none,1,6.0,7.0,1.5,C,-100.0
6246,high,3,3.0,2.0,1.7,A,-100.0
6247,high,4,16.0,3.0,7.7,B,-8.4
6248,medium,3,16.0,7.0,5.8,C,-7.7
6249,,2,11.0,5.0,9.7,A,9.9
6250,high,1,24.0,4.0,8.2,A,-4.0
6251,low,4,15.0,5.0,2.5,C,-100.0
6252,high,0,8.0,11.0,5.9,A,-0.3
6253,high,2,28.0,6.0,3.9,A,-100.0
6254,medium,4,2.0,5.0,8.4,D,3.7
6255,low,1,9.0,1.0,8.6,A,-3.6
6256,medium,2,1.0,10.0,3.1,A,-14.6
6257,low,3,40.0,3.0,1.2,A,-100.0
6258,high,2,5.0,14.0,6.4,A,8.9
6259,none,1,12.0,0.0,9.2,A,-3.3
6260,high,2,24.0,11.0,3.5,A,-15.3
6261,high,1,3.0,30.0,4.7,B,15.0
6262,high,1,4.0,5.0,5.6,A,-14.2
6263,high,2,6.0,3.0,9.2,C,1.1
6264,none,2,4.0,13.0,9.1,C,15.0
6265,high,2,11.0,0.0,2.4,A,-100.0
6266,high,0,14.0,2.0,4.7,C,-100.0
6267,none,5,4.0,3.0,2.0,A,-100.0
6268,low,4,1.0,18.0,8.6,B,15.0
6269,medium,0,5.0,20.0,9.7,A,15.0
6270,high,0,15.0,5.0,3.0,A,-100.0
6271,high,2,2.0,35.0,3.8,A,15.0
6272,low,1,3.0,1.0,9.2,A,0.3
6273,medium,2,4.0,24.0,9.3,A,15.0
6274,medium,1,11.0,3.0,9.0,C,2.2
6275,none,1,5.0,25.0,1.4,A,7.0
6276,high,2,8.0,30.0,4.1,A,15.0
6277,none,3,31.0,8.0,4.8,A,-12.8
6278,high,2,26.0,5.0,7.0,A,-8.8
6279,none,2,3.0,24.0,9.8,A,15.0
6280,high,0,12.0,3.0,5.4,A,-100.0
6281,high,3,5.0,25.0,3.4,A,15.0
6282,medium,1,30.0,28.0,8.2,C,15.0
6283,low,0,4.0,46.0,9.4,A,15.0
6284,medium,2,5.0,6.0,9.4,A,11.2
6285,low,1,19.0,21.0,4.7,A,15.0
6286,medium,0,4.0,10.0,8.2,C,13.3
6287,low,0,26.0,2.0,1.3,B,-100.0
6288,none,1,3.0,8.0,9.8,A,15.0
6289,none,0,4.0,8.0,5.3,B,-7.1
6290,low,1,39.0,5.0,8.0,A,-1.5
6291,medium,3,7.0,18.0,1.7,A,-6.3
6292,low,1,6.0,16.0,3.3,A,-1.0
6293,low,1,30.0,34.0,8.7,C,15.0
6294,,3,1.0,8.0,3.4,A,-17.5
6295,high,2,3.0,8.0,8.3,A,6.9
6296,high,1,16.0,7.0,7.0,A,-3.5
6297,none,0,5.0,9.0,9.8,A,15.0
6298,none,1,3.0,7.0,6.1,A,-4.8
6299,none,1,18.0,23.0,8.6,A,15.0
6300,low,2,4.0,8.0,2.9,A,-19.9
6301,high,2,1.0,10.0,2.2,A,-100.0
6302,low,2,10.0,3.0,9.0,A,2.6
6303,none,2,9.0,13.0,1.3,A,-19.3
6304,low,2,17.0,32.0,9.3,A,15.0
6305,medium,2,8.0,7.0,4.8,A,-12.3
6306,medium,3,1.0,26.0,1.8,A,11.7
6307,none,2,4.0,6.0,5.9,A,-8.2
6308,none,3,5.0,4.0,5.3,A,-15.9
6309,medium,1,11.0,1.0,1.4,B,-100.0
6310,high,1,14.0,26.0,3.8,B,15.0
6311,high,2,15.0,8.0,6.3,C,-5.3
6312,low,1,5.0,1.0,3.6,B,-100.0
6313,low,4,16.0,13.0,1.4,C,-19.0
6314,high,0,12.0,11.0,1.2,A,-100.0
6315,none,1,24.0,9.0,2.1,A,-100.0
6316,low,1,10.0,13.0,5.4,C,3.9
6317,low,0,19.0,36.0,9.6,A,15.0
6318,high,0,8.0,18.0,9.8,A,15.0
6319,low,1,11.0,20.0,2.7,A,3.6
6320,none,1,11.0,1.0,3.1,B,-100.0
6321,low,1,3.0,1.0,3.2,C,-100.0
6322,low,1,11.0,2.0,8.7,A,-1.2
6323,high,0,2.0,8.0,3.4,D,-19.7
6324,low,2,13.0,1.0,4.7,A,-100.0
6325,medium,1,9.0,2.0,7.3,A,-9.0
6326,high,3,8.0,2.0,3.7,B,-100.0
6327,high,1,4.0,17.0,9.7,C,15.0
6328,low,0,1.0,32.0,9.6,A,15.0
6329,none,1,24.0,11.0,4.7,A,-6.2
6330,medium,3,8.0,7.0,4.9,C,-11.9
6331,medium,1,5.0,14.0,5.0,A,3.9
6332,low,1,17.0,4.0,6.6,A,-9.1
6333,medium,0,12.0,0.0,7.7,A,-11.3
6334,medium,0,2.0,2.0,7.3,A,-8.2
6335,high,0,14.0,17.0,8.0,D,15.0
6336,high,2,14.0,2.0,4.4,D,-100.0
6337,high,4,6.0,50.0,2.6,A,15.0
6338,low,3,9.0,6.0,3.7,A,-100.0
6339,high,5,14.0,9.0,6.0,A,-5.0
6340,high,1,10.0,15.0,2.2,D,-12.5
6341,high,0,5.0,36.0,3.7,A,15.0
6342,low,0,10.0,1.0,9.6,A,1.9
6343,medium,2,9.0,5.0,9.3,B,8.1
6344,medium,2,3.0,25.0,8.3,B,15.0
6345,medium,4,15.0,7.0,6.0,A,-6.6
6346,high,0,13.0,8.0,8.1,A,5.0
6347,high,2,18.0,11.0,7.9,A,9.5
6348,medium,1,14.0,4.0,8.5,A,1.3
6349,high,1,12.0,1.0,8.4,C,-8.0
6350,low,1,3.0,2.0,1.4,A,-100.0
6351,high,1,10.0,14.0,8.7,C,15.0
6352,,0,4.0,32.0,5.0,A,15.0
6353,none,0,13.0,0.0,5.0,A,-100.0
6354,none,1,11.0,3.0,8.4,A,-1.3
6355,low,0,16.0,18.0,5.6,A,15.0
6356,low,0,2.0,23.0,2.0,A,7.1
6357,medium,2,5.0,36.0,1.5,A,15.0
6358,none,0,18.0,18.0,4.2,A,6.5
6359,medium,1,5.0,8.0,3.7,A,-15.8
6360,low,0,6.0,2.0,2.7,D,-100.0
6361,low,2,12.0,2.0,2.7,A,-100.0
6362,medium,1,10.0,14.0,8.6,A,15.0
6363,medium,2,3.0,34.0,9.4,A,15.0
6364,low,1,15.0,13.0,9.7,B,15.0
6365,none,0,11.0,12.0,9.7,A,15.0
6366,high,1,8.0,4.0,9.6,C,5.3
6367,low,0,8.0,12.0,9.2,A,15.0
6368,high,0,18.0,0.0,1.8,A,-100.0
6369,high,1,11.0,18.0,2.6,A,-4.1
6370,low,3,4.0,24.0,9.1,A,15.0
6371,none,0,11.0,6.0,2.4,C,-100.0
6372,medium,1,1.0,1.0,3.5,A,-100.0
6373,low,3,17.0,8.0,8.2,A,7.9
6374,low,2,5.0,50.0,2.6,C,15.0
6375,high,2,11.0,9.0,4.8,C,-11.0
6376,low,0,18.0,5.0,4.3,A,-19.7
6377,high,2,17.0,2.0,8.0,A,-8.7
6378,medium,1,4.0,0.0,5.4,A,-100.0
6379,low,1,5.0,0.0,8.5,A,-5.9
6380,none,1,13.0,0.0,6.2,A,-19.9
6381,high,5,1.0,25.0,9.2,A,15.0
6382,high,0,9.0,2.0,9.5,A,0.5
6383,medium,1,9.0,32.0,3.3,A,15.0
6384,none,2,7.0,7.0,9.9,A,15.0
6385,low,2,15.0,3.0,3.9,D,-100.0
6386,none,1,7.0,1.0,2.8,D,-100.0
6387,low,2,,8.0,3.6,C,
6388,medium,4,22.0,1.0,3.2,A,-100.0
6389,low,1,6.0,26.0,9.6,A,15.0
6390,medium,1,16.0,26.0,3.9,C,15.0
6391,none,2,8.0,6.0,2.1,A,-100.0
6392,none,4,10.0,0.0,3.7,A,-100.0
6393,high,0,4.0,7.0,2.5,C,-100.0
6394,high,0,6.0,3.0,8.7,A,-1.5
6395,low,3,8.0,29.0,2.7,A,15.0
6396,low,2,10.0,12.0,8.5,A,15.0
6397,low,0,18.0,13.0,4.7,A,-0.7
6398,,2,14.0,39.0,8.3,C,15.0
6399,low,1,5.0,8.0,5.9,A,-3.4
6400,,0,28.0,12.0,3.8,A,-9.3
6401,high,2,1.0,24.0,3.2,A,12.7
6402,low,0,13.0,9.0,4.3,A,-10.8
6403,low,2,6.0,35.0,4.8,C,15.0
6404,high,3,7.0,50.0,5.5,A,15.0
6405,medium,1,21.0,15.0,9.9,B,15.0
6406,high,2,21.0,21.0,1.1,A,-7.2
6407,high,4,6.0,8.0,3.9,C,-17.8
6408,low,0,9.0,36.0,9.8,B,15.0
6409,high,2,10.0,5.0,5.6,A,-14.9
6410,,1,9.0,21.0,7.7,A,15.0
6411,high,1,3.0,1.0,10.0,A,1.7
6412,low,1,3.0,32.0,8.5,B,15.0
6413,medium,2,7.0,25.0,1.6,D,8.0
6414,none,1,6.0,6.0,2.6,C,-100.0
6415,low,1,4.0,1.0,2.2,D,-100.0
6416,high,1,13.0,13.0,3.3,A,-11.0
6417,medium,1,10.0,38.0,5.7,A,15.0
6418,low,1,19.0,1.0,8.4,B,-5.7
6419,none,1,8.0,4.0,2.0,A,-100.0
6420,medium,0,3.0,2.0,8.2,A,
6421,medium,1,13.0,25.0,2.7,A,13.5
6422,medium,0,17.0,9.0,3.5,C,-15.9
6423,none,1,15.0,9.0,3.8,A,-14.4
6424,none,3,24.0,6.0,7.4,A,-2.0
6425,medium,3,26.0,13.0,1.1,C,-100.0
6426,none,2,16.0,9.0,9.9,C,15.0
6427,none,0,10.0,13.0,8.9,A,15.0
6428,low,1,14.0,39.0,2.9,B,15.0
6429,low,2,6.0,10.0,2.4,A,-18.6
6430,high,1,9.0,8.0,2.1,C,-100.0
6431,low,1,3.0,12.0,9.6,D,15.0
6432,medium,3,21.0,10.0,9.9,C,15.0
6433,high,2,2.0,9.0,9.5,A,15.0
6434,medium,2,16.0,15.0,8.6,C,15.0
6435,low,2,15.0,9.0,8.3,A,10.8
6436,high,1,17.0,0.0,8.4,A,-10.6
6437,none,1,14.0,0.0,5.0,A,-100.0
6438,high,8,16.0,3.0,9.1,A,-1.1
6439,none,1,13.0,2.0,8.0,A,-5.8
6440,none,2,15.0,33.0,5.9,A,15.0
6441,high,1,18.0,5.0,5.1,A,-18.4
6442,medium,0,6.0,15.0,6.7,A,15.0
6443,high,1,5.0,2.0,6.9,A,-13.5
6444,high,4,26.0,20.0,1.0,A,-10.5
6445,low,3,17.0,12.0,4.3,A,-5.2
6446,medium,0,6.0,6.0,2.7,A,-100.0
6447,low,1,16.0,7.0,2.1,A,-100.0
6448,none,2,17.0,2.0,3.7,C,-100.0
6449,low,2,8.0,4.0,5.4,D,-14.9
6450,low,2,14.0,6.0,3.0,A,-100.0
6451,high,1,5.0,14.0,9.1,A,15.0
6452,low,1,16.0,1.0,2.4,A,-100.0
6453,high,1,22.0,16.0,9.2,C,15.0
6454,none,4,5.0,23.0,9.6,A,15.0
6455,high,2,6.0,0.0,6.5,A,-100.0
6456,high,3,10.0,5.0,5.4,C,-16.1
6457,medium,1,17.0,9.0,1.2,C,-100.0
6458,none,0,4.0,8.0,8.6,A,11.1
6459,medium,2,17.0,17.0,8.8,A,15.0
6460,low,1,10.0,26.0,7.2,A,15.0
6461,medium,0,17.0,5.0,2.4,A,-100.0
6462,medium,2,4.0,19.0,8.9,A,15.0
6463,high,1,22.0,4.0,8.4,A,-2.7
6464,high,4,33.0,12.0,4.8,A,-7.1
6465,medium,1,13.0,14.0,7.1,A,14.6
6466,low,3,3.0,0.0,4.3,A,-100.0
6467,high,1,6.0,2.0,8.8,A,-3.1
6468,medium,1,6.0,13.0,10.0,A,15.0
6469,low,2,14.0,13.0,8.7,C,15.0
6470,medium,0,13.0,13.0,9.8,A,15.0
6471,high,3,16.0,4.0,9.9,C,5.9
6472,medium,1,15.0,7.0,1.6,C,-100.0
6473,low,1,14.0,50.0,5.0,C,15.0
6474,none,2,8.0,21.0,8.8,D,15.0
6475,low,2,9.0,13.0,6.4,A,9.4
6476,high,1,16.0,8.0,1.5,A,-100.0
6477,none,0,22.0,10.0,9.8,A,15.0
6478,high,2,2.0,3.0,2.2,A,-100.0
6479,high,1,5.0,1.0,2.0,A,-100.0
6480,high,2,2.0,4.0,9.8,A,6.9
6481,medium,2,7.0,2.0,2.9,A,-100.0
6482,low,1,3.0,17.0,4.1,D,5.8
6483,high,0,17.0,1.0,8.8,A,-6.2
6484,medium,1,18.0,4.0,8.0,D,-1.9
6485,low,1,6.0,19.0,8.8,A,15.0
6486,none,0,10.0,2.0,3.4,B,-100.0
6487,none,2,3.0,5.0,8.5,C,4.1
6488,low,2,15.0,2.0,6.7,A,-12.7
6489,low,2,4.0,16.0,2.0,A,-8.0
6490,none,3,4.0,18.0,9.2,A,15.0
6491,high,4,3.0,10.0,9.4,A,15.0
6492,low,3,4.0,33.0,8.4,A,15.0
6493,low,1,6.0,6.0,1.6,C,-100.0
6494,none,0,5.0,21.0,9.2,C,15.0
6495,high,2,13.0,2.0,3.7,A,-100.0
6496,low,4,2.0,9.0,5.9,A,-1.3
6497,low,1,7.0,3.0,6.2,B,-12.4
6498,medium,2,4.0,29.0,5.4,A,15.0
6499,medium,1,8.0,20.0,,D,
6500,low,1,13.0,33.0,2.9,D,15.0
6501,low,0,4.0,22.0,8.3,A,15.0
6502,medium,2,19.0,32.0,2.0,C,15.0
6503,medium,4,9.0,1.0,6.6,A,-15.3
6504,none,5,8.0,1.0,7.8,A,-8.9
6505,high,2,20.0,6.0,8.1,A,-0.1
6506,low,2,9.0,9.0,1.2,C,-100.0
6507,medium,1,7.0,18.0,3.7,C,5.0
6508,,4,2.0,0.0,3.4,A,-100.0
6509,high,4,11.0,37.0,6.4,C,15.0
6510,low,1,5.0,7.0,8.4,C,8.3
6511,medium,0,16.0,13.0,9.3,A,15.0
6512,low,0,16.0,0.0,4.9,A,-100.0
6513,low,3,36.0,6.0,8.4,A,2.9
6514,low,2,22.0,3.0,1.0,A,-100.0
6515,low,1,8.0,1.0,9.7,A,2.5
6516,low,2,32.0,2.0,8.7,A,-3.4
6517,high,1,7.0,11.0,9.2,A,15.0
6518,low,2,10.0,27.0,1.4,C,11.2
6519,low,2,9.0,12.0,1.7,A,-18.6
6520,high,2,5.0,18.0,3.0,A,-1.4
6521,low,0,3.0,7.0,2.6,A,-100.0
6522,low,1,17.0,14.0,9.6,A,15.0
6523,high,0,7.0,12.0,8.7,A,15.0
6524,medium,1,5.0,2.0,8.6,C,-1.5
6525,high,2,7.0,30.0,7.3,A,15.0
6526,low,1,8.0,36.0,8.6,C,15.0
6527,high,2,10.0,16.0,9.4,A,15.0
6528,high,3,8.0,11.0,9.9,A,15.0
6529,high,1,16.0,3.0,5.5,A,-100.0
6530,high,1,5.0,13.0,2.1,A,-16.8
6531,low,3,24.0,26.0,3.2,A,15.0
6532,none,1,4.0,13.0,8.5,A,15.0
6533,medium,0,10.0,1.0,10.0,A,3.7
6534,high,0,2.0,3.0,3.4,C,-100.0
6535,high,0,32.0,21.0,1.1,A,-8.1
6536,low,2,10.0,7.0,4.7,A,-12.7
6537,high,2,8.0,34.0,3.7,A,15.0
6538,low,1,26.0,21.0,8.7,A,15.0
6539,high,2,7.0,50.0,3.6,A,15.0
6540,high,1,25.0,3.0,1.3,C,-100.0
6541,medium,3,20.0,6.0,8.4,C,4.1
6542,none,2,17.0,3.0,2.7,C,-100.0
6543,none,0,21.0,2.0,9.5,A,1.7
6544,high,0,14.0,4.0,3.1,A,-100.0
6545,medium,1,8.0,6.0,7.9,C,2.8
6546,none,4,14.0,2.0,1.2,A,-100.0
6547,low,1,9.0,1.0,9.5,A,1.3
6548,high,1,20.0,3.0,5.7,A,-19.5
6549,high,2,37.0,3.0,10.0,C,2.4
6550,low,2,6.0,3.0,6.8,B,-9.1
6551,none,4,12.0,6.0,9.6,A,11.2
6552,high,0,22.0,3.0,9.1,A,-0.9
6553,low,0,17.0,10.0,8.5,D,14.0
6554,high,1,16.0,0.0,2.7,B,-100.0
6555,high,2,3.0,1.0,2.7,A,-100.0
6556,low,1,7.0,6.0,7.1,A,-1.2
6557,none,1,3.0,21.0,9.3,A,15.0
6558,high,0,15.0,31.0,5.8,C,15.0
6559,none,2,7.0,4.0,8.1,C,-0.6
6560,low,0,4.0,5.0,8.6,A,5.4
6561,high,1,4.0,5.0,9.1,C,5.0
6562,medium,1,11.0,18.0,4.0,A,6.2
6563,,2,5.0,10.0,3.2,A,-14.7
6564,low,0,5.0,14.0,9.5,C,15.0
6565,medium,0,4.0,10.0,1.6,B,-100.0
6566,medium,1,6.0,18.0,4.3,A,8.4
6567,low,1,4.0,10.0,9.3,A,15.0
6568,medium,0,8.0,20.0,8.9,A,15.0
6569,medium,0,4.0,0.0,9.4,A,-1.1
6570,low,0,1.0,8.0,6.1,A,-1.8
6571,high,2,10.0,9.0,7.6,C,4.5
6572,low,2,,4.0,7.7,C,
6573,low,1,24.0,13.0,4.6,C,-1.9
6574,medium,1,6.0,13.0,3.3,C,-7.7
6575,high,1,6.0,8.0,9.4,B,12.8
6576,high,1,4.0,0.0,9.2,D,-4.9
6577,medium,4,6.0,2.0,5.8,C,-17.3
6578,medium,0,19.0,20.0,1.1,A,-6.2
6579,high,2,15.0,18.0,8.1,A,15.0
6580,none,3,18.0,4.0,8.3,A,-0.7
6581,medium,2,7.0,0.0,1.2,A,-100.0
6582,high,1,2.0,6.0,8.9,A,6.2
6583,medium,0,6.0,5.0,4.5,A,-17.7
6584,none,0,8.0,21.0,8.2,C,15.0
6585,medium,5,4.0,21.0,3.0,A,7.3
6586,high,2,30.0,2.0,4.4,C,-100.0
6587,medium,2,19.0,18.0,2.3,A,-4.1
6588,low,2,16.0,15.0,4.5,A,2.4
6589,high,1,30.0,42.0,4.6,A,15.0
6590,medium,1,,12.0,6.6,C,
6591,low,1,24.0,11.0,9.8,A,15.0
6592,low,1,5.0,12.0,3.0,A,-10.9
6593,medium,1,2.0,6.0,3.5,A,-100.0
6594,none,3,4.0,4.0,8.9,D,4.0
6595,low,1,6.0,16.0,4.2,A,4.0
6596,high,0,1.0,5.0,6.6,A,-8.3
6597,medium,2,12.0,19.0,1.1,A,-7.8
6598,medium,3,8.0,11.0,3.1,A,-13.3
6599,medium,0,7.0,8.0,3.0,A,-19.8
6600,low,2,6.0,6.0,5.0,A,-12.7
6601,low,2,4.0,4.0,2.8,A,-100.0
6602,medium,0,3.0,7.0,9.7,A,15.0
6603,low,1,6.0,26.0,9.2,C,15.0
6604,none,2,13.0,15.0,9.5,C,15.0
6605,medium,1,16.0,9.0,4.0,A,-13.2
6606,low,1,7.0,3.0,2.6,A,-100.0
6607,none,5,7.0,0.0,7.8,C,-10.9
6608,high,2,6.0,6.0,8.1,A,1.3
6609,medium,1,2.0,5.0,9.3,A,9.0
6610,high,1,12.0,37.0,7.9,A,15.0
6611,low,3,12.0,42.0,4.9,A,15.0
6612,none,1,3.0,4.0,1.3,A,-100.0
6613,low,1,2.0,12.0,4.4,A,-2.9
6614,high,2,7.0,6.0,8.3,C,2.3
6615,low,0,7.0,17.0,8.6,A,15.0
6616,low,3,8.0,7.0,3.4,A,-19.7
6617,medium,3,19.0,17.0,9.0,A,15.0
6618,low,1,21.0,10.0,8.1,C,11.3
6619,low,1,3.0,7.0,8.8,D,10.7
6620,low,2,20.0,6.0,3.7,A,-100.0
6621,low,2,9.0,2.0,8.1,A,-4.4
6622,low,2,4.0,0.0,9.1,C,-2.6
6623,medium,3,2.0,5.0,9.7,B,10.9
6624,low,1,8.0,50.0,8.3,A,15.0
6625,low,0,7.0,13.0,9.4,B,15.0
6626,medium,1,20.0,2.0,5.9,D,-17.8
6627,high,1,12.0,18.0,8.5,A,15.0
6628,none,0,3.0,1.0,5.5,B,-100.0
6629,low,0,12.0,4.0,1.6,A,-100.0
6630,medium,3,11.0,18.0,8.3,A,15.0
6631,none,1,20.0,14.0,8.9,D,15.0
6632,none,1,6.0,1.0,8.7,C,-3.4
6633,medium,4,4.0,14.0,3.6,B,-4.0
6634,medium,2,4.0,5.0,3.3,B,-100.0
6635,medium,1,3.0,1.0,1.7,A,-100.0
6636,low,4,4.0,35.0,2.3,A,15.0
6637,low,0,4.0,2.0,4.4,A,-100.0
6638,low,2,22.0,22.0,4.8,A,15.0
6639,low,2,15.0,50.0,3.2,A,15.0
6640,low,0,10.0,14.0,7.6,C,15.0
6641,none,1,5.0,20.0,7.3,A,15.0
6642,none,1,17.0,9.0,4.4,A,-11.3
6643,low,1,9.0,10.0,4.0,C,-10.0
6644,high,2,14.0,22.0,9.0,A,15.0
6645,none,1,14.0,33.0,3.7,A,15.0
6646,,0,39.0,0.0,4.7,C,-100.0
6647,high,1,17.0,6.0,4.9,A,-17.3
6648,medium,3,10.0,27.0,8.6,A,15.0
6649,high,0,2.0,19.0,9.4,B,15.0
6650,high,0,19.0,0.0,9.7,B,-3.6
6651,low,0,4.0,10.0,7.9,A,12.0
6652,medium,2,9.0,24.0,8.0,A,15.0
6653,low,0,18.0,36.0,8.3,A,15.0
6654,low,1,13.0,13.0,8.1,A,15.0
6655,low,1,11.0,1.0,6.3,C,-16.5
6656,medium,0,5.0,1.0,9.5,A,1.4
6657,,1,12.0,5.0,8.6,B,3.9
6658,high,1,6.0,16.0,5.4,C,7.6
6659,low,1,7.0,30.0,9.6,A,15.0
6660,high,0,23.0,4.0,1.5,A,-100.0
6661,low,3,5.0,12.0,1.6,A,-18.8
6662,medium,2,6.0,4.0,1.8,A,-100.0
6663,none,2,6.0,8.0,8.4,A,9.6
6664,none,1,32.0,6.0,3.3,A,-100.0
6665,low,1,7.0,9.0,6.1,A,-0.4
6666,none,1,6.0,6.0,9.3,B,10.4
6667,high,2,6.0,10.0,2.4,B,-100.0
6668,high,1,6.0,5.0,8.7,A,2.6
6669,low,0,7.0,10.0,3.9,A,-10.3
6670,low,0,8.0,4.0,9.4,A,7.3
6671,low,0,2.0,12.0,6.6,A,9.3
6672,medium,1,2.0,1.0,9.2,A,0.0
6673,high,1,9.0,11.0,2.4,A,-19.7
6674,high,0,3.0,2.0,9.3,B,0.0
6675,,1,29.0,6.0,4.2,A,-19.9
6676,none,1,14.0,38.0,8.1,A,15.0
6677,high,1,14.0,19.0,3.9,A,4.8
6678,medium,1,11.0,5.0,6.0,A,-10.1
6679,high,0,9.0,0.0,2.1,A,-100.0
6680,high,1,6.0,7.0,9.6,A,11.8
6681,low,1,22.0,15.0,3.0,A,-6.3
6682,high,0,17.0,21.0,4.4,A,11.6
6683,medium,0,2.0,23.0,7.5,A,15.0
6684,low,1,1.0,20.0,6.1,A,15.0
6685,medium,2,5.0,1.0,9.4,A,0.7
6686,none,1,8.0,32.0,3.1,A,15.0
6687,medium,2,2.0,20.0,8.9,A,15.0
6688,none,2,7.0,5.0,9.9,A,11.4
6689,high,1,13.0,0.0,5.8,A,-100.0
6690,low,3,2.0,2.0,9.2,A,2.3
6691,low,1,10.0,3.0,1.9,A,-100.0
6692,high,2,12.0,1.0,8.4,C,-8.1
6693,medium,1,8.0,22.0,9.7,C,15.0
6694,medium,1,15.0,28.0,5.3,C,15.0
6695,none,1,19.0,17.0,7.2,A,15.0
6696,low,2,1.0,4.0,8.4,A,2.3
6697,medium,1,10.0,3.0,9.7,A,6.1
6698,low,0,7.0,22.0,2.7,A,8.3
6699,none,3,3.0,5.0,9.0,A,6.8
6700,medium,1,12.0,18.0,9.4,A,15.0
6701,medium,0,7.0,4.0,2.5,C,-100.0
6702,low,0,1.0,1.0,9.0,A,-0.5
6703,none,3,33.0,7.0,2.4,A,-100.0
6704,low,1,10.0,0.0,8.1,A,-8.6
6705,medium,2,8.0,6.0,3.3,A,-100.0
6706,low,0,9.0,0.0,7.1,D,-13.9
6707,low,2,13.0,6.0,8.8,A,7.5
6708,none,3,24.0,1.0,1.0,C,-100.0
6709,,0,14.0,27.0,4.6,B,15.0
6710,low,0,6.0,4.0,9.0,A,5.3
6711,medium,1,12.0,1.0,9.2,A,-1.0
6712,high,1,3.0,7.0,6.5,A,-5.0
6713,low,0,18.0,2.0,8.2,C,-4.5
6714,low,2,4.0,35.0,1.5,A,15.0
6715,high,1,7.0,20.0,9.5,C,15.0
6716,medium,1,16.0,50.0,4.9,D,15.0
6717,none,1,8.0,19.0,1.5,A,-5.4
6718,medium,0,16.0,4.0,5.1,A,-17.6
6719,low,1,11.0,2.0,6.7,A,-12.2
6720,high,0,4.0,7.0,3.4,C,-100.0
6721,high,1,1.0,3.0,8.9,A,0.0
6722,none,0,17.0,8.0,9.6,A,15.0
6723,low,6,7.0,22.0,10.0,A,15.0
6724,high,1,17.0,2.0,9.3,A,-1.5
6725,low,3,7.0,6.0,10.0,A,14.6
6726,high,2,9.0,8.0,9.0,A,10.2
6727,,3,10.0,24.0,8.3,C,15.0
6728,low,2,8.0,9.0,5.8,B,-2.2
6729,high,1,1.0,1.0,2.2,A,-100.0
6730,medium,2,2.0,10.0,1.9,A,-100.0
6731,none,0,4.0,9.0,4.2,A,-11.0
6732,low,3,17.0,3.0,9.8,C,6.2
6733,high,3,16.0,2.0,5.1,A,-100.0
6734,low,0,18.0,10.0,1.2,A,-100.0
6735,low,1,5.0,4.0,1.4,B,-100.0
6736,low,3,6.0,21.0,3.6,C,11.0
6737,low,3,4.0,1.0,9.4,A,1.1
6738,high,2,1.0,5.0,9.9,A,9.6
6739,low,0,2.0,3.0,8.4,A,0.3
6740,high,2,,4.0,9.8,C,
6741,high,0,3.0,10.0,8.7,A,13.5
6742,none,1,20.0,1.0,1.5,A,-100.0
6743,high,0,9.0,8.0,8.8,C,9.3
6744,medium,1,17.0,2.0,4.1,A,-100.0
6745,,0,5.0,20.0,4.8,A,15.0
6746,low,0,27.0,10.0,9.3,C,15.0
6747,high,2,2.0,7.0,8.3,C,4.9
6748,low,2,13.0,5.0,1.2,B,-100.0
6749,high,0,13.0,5.0,6.6,A,-9.5
6750,high,0,15.0,41.0,7.4,A,15.0
6751,high,5,5.0,0.0,9.4,A,-4.3
6752,high,1,5.0,1.0,3.9,A,-100.0
6753,high,1,10.0,8.0,5.5,C,-9.1
6754,low,3,13.0,9.0,8.1,A,9.8
6755,medium,1,17.0,7.0,6.1,A,-5.9
6756,high,1,27.0,7.0,9.1,A,6.9
6757,low,0,11.0,10.0,9.8,A,15.0
6758,high,0,8.0,7.0,9.1,C,8.9
6759,none,4,21.0,2.0,9.9,A,3.5
6760,low,5,6.0,3.0,1.6,A,-100.0
6761,,1,10.0,11.0,6.5,A,5.1
6762,medium,1,2.0,6.0,9.8,A,13.8
6763,high,0,11.0,6.0,1.0,A,-100.0
6764,low,4,8.0,2.0,3.6,C,-100.0
6765,low,4,10.0,7.0,1.0,C,-100.0
6766,medium,0,29.0,10.0,6.3,A,0.3
6767,none,2,11.0,1.0,8.5,A,-5.1
6768,high,2,12.0,8.0,3.2,C,-100.0
6769,medium,1,12.0,43.0,9.5,A,15.0
6770,low,1,10.0,20.0,9.4,A,15.0
6771,low,2,19.0,5.0,8.3,A,2.0
6772,low,2,13.0,1.0,9.5,A,0.8
6773,low,2,3.0,17.0,2.7,A,-2.0
6774,low,1,5.0,1.0,1.9,D,-100.0
6775,high,2,3.0,12.0,1.7,A,-100.0
6776,low,4,6.0,3.0,8.8,A,1.7
6777,none,1,4.0,8.0,8.3,C,9.3
6778,medium,0,5.0,0.0,8.2,A,-7.8
6779,none,2,7.0,14.0,9.2,D,15.0
6780,high,2,2.0,6.0,6.7,A,-6.0
6781,low,2,7.0,1.0,1.2,A,-100.0
6782,medium,0,8.0,15.0,6.4,B,13.5
6783,low,0,12.0,4.0,2.7,B,-100.0
6784,,2,10.0,16.0,8.8,C,15.0
6785,low,2,1.0,27.0,1.2,C,11.0
6786,high,0,10.0,16.0,5.2,A,6.2
6787,high,0,9.0,16.0,8.7,A,15.0
6788,medium,2,4.0,28.0,8.6,A,15.0
6789,low,1,35.0,16.0,6.9,A,15.0
6790,none,0,7.0,24.0,1.8,A,7.0
6791,medium,0,13.0,11.0,3.0,A,-14.1
6792,low,4,6.0,8.0,9.4,C,15.0
6793,high,2,5.0,15.0,3.9,A,-2.8
6794,medium,0,13.0,6.0,3.6,A,-100.0
6795,high,1,,8.0,2.3,C,
6796,high,1,13.0,12.0,5.4,A,-1.5
6797,medium,1,2.0,35.0,9.8,C,15.0
6798,,1,9.0,42.0,1.1,B,15.0
6799,medium,3,4.0,5.0,8.5,A,4.2
6800,high,2,2.0,2.0,1.0,A,-100.0
6801,medium,1,5.0,3.0,9.3,A,4.5
6802,high,2,4.0,19.0,8.5,A,15.0
6803,low,2,3.0,1.0,2.1,A,-100.0
6804,none,3,10.0,5.0,8.6,B,3.9
6805,medium,0,4.0,4.0,3.6,A,-100.0
6806,low,2,8.0,1.0,5.0,A,-100.0
6807,low,0,5.0,10.0,4.1,A,-9.0
6808,low,1,8.0,4.0,3.8,A,-100.0
6809,low,0,6.0,1.0,9.4,A,1.2
6810,low,0,3.0,4.0,2.6,B,-100.0
6811,none,1,23.0,3.0,3.5,A,-100.0
6812,high,1,15.0,8.0,3.0,A,-100.0
6813,high,0,5.0,13.0,8.3,C,15.0
6814,low,0,2.0,38.0,3.4,A,15.0
6815,none,0,9.0,9.0,9.3,A,15.0
6816,medium,2,6.0,2.0,1.0,C,-100.0
6817,medium,1,6.0,12.0,9.6,A,15.0
6818,medium,2,4.0,8.0,4.8,A,-9.8
6819,high,2,15.0,7.0,7.1,A,-3.0
6820,low,3,12.0,11.0,5.5,A,-0.2
6821,medium,2,15.0,3.0,8.1,C,-3.2
6822,high,0,11.0,9.0,6.1,A,-3.7
6823,low,1,,2.0,8.8,C,
6824,medium,3,11.0,18.0,7.4,A,15.0
6825,low,1,5.0,12.0,5.2,B,1.2
6826,medium,0,8.0,4.0,9.9,A,9.7
6827,low,2,8.0,12.0,3.5,A,-8.6
6828,low,2,9.0,27.0,8.9,A,15.0
6829,high,1,6.0,3.0,8.2,A,-4.3
6830,medium,3,7.0,5.0,8.8,A,5.5
6831,low,2,15.0,10.0,9.6,A,15.0
6832,high,0,15.0,50.0,8.9,A,15.0
6833,medium,1,5.0,11.0,1.2,C,-100.0
6834,high,2,3.0,9.0,8.6,A,10.7
6835,low,2,11.0,5.0,3.1,A,-100.0
6836,low,0,19.0,22.0,1.9,B,2.7
6837,low,0,14.0,11.0,3.0,A,-13.8
6838,none,3,9.0,27.0,8.4,A,15.0
6839,high,2,9.0,2.0,3.9,C,-100.0
6840,low,1,6.0,16.0,2.9,A,-3.2
6841,high,1,8.0,41.0,7.7,A,15.0
6842,low,1,3.0,11.0,5.9,A,3.1
6843,none,1,11.0,20.0,1.9,A,-1.4
6844,high,1,1.0,42.0,9.0,A,15.0
6845,high,1,5.0,6.0,9.9,A,11.4
6846,high,0,9.0,7.0,7.8,A,1.7
6847,medium,3,3.0,0.0,9.1,A,-3.0
6848,medium,1,2.0,12.0,6.4,A,7.7
6849,none,1,7.0,1.0,5.5,A,-100.0
6850,medium,1,8.0,27.0,2.5,A,15.0
6851,medium,0,7.0,9.0,5.5,A,-3.9
6852,low,4,2.0,24.0,8.6,A,15.0
6853,medium,2,12.0,18.0,2.0,A,-5.0
6854,high,1,6.0,9.0,1.4,D,-100.0
6855,low,0,12.0,8.0,9.7,A,15.0
6856,high,2,18.0,5.0,9.5,C,5.7
6857,low,3,23.0,15.0,8.1,A,15.0
6858,low,1,2.0,4.0,2.7,C,-100.0
6859,medium,3,10.0,5.0,8.3,A,2.4
6860,none,0,16.0,50.0,3.2,B,15.0
6861,medium,2,8.0,0.0,6.1,C,-19.9
6862,high,1,5.0,7.0,1.5,A,-100.0
6863,low,2,16.0,1.0,9.7,C,1.6
6864,low,1,12.0,13.0,5.0,C,1.5
6865,medium,2,4.0,20.0,7.1,A,15.0
6866,none,1,12.0,6.0,9.4,C,10.4
6867,low,4,11.0,21.0,8.3,A,15.0
6868,medium,2,7.0,1.0,1.6,A,-100.0
6869,medium,0,12.0,8.0,5.6,A,-6.0
6870,none,2,2.0,50.0,3.9,A,15.0
6871,low,1,5.0,2.0,8.7,A,-0.6
6872,medium,1,7.0,3.0,8.7,C,1.0
6873,medium,5,6.0,0.0,8.4,A,-7.3
6874,medium,1,1.0,9.0,4.9,A,-6.8
6875,medium,0,7.0,1.0,4.0,D,-100.0
6876,medium,2,10.0,47.0,9.9,B,15.0
6877,high,2,10.0,8.0,9.6,D,13.4
6878,medium,2,12.0,8.0,3.4,B,-18.3
6879,high,0,2.0,10.0,3.4,A,-15.5
6880,medium,0,6.0,9.0,1.2,A,-100.0
6881,medium,2,27.0,13.0,6.6,A,8.3
6882,medium,2,5.0,22.0,6.8,C,15.0
6883,medium,2,14.0,39.0,7.7,B,15.0
6884,low,3,11.0,1.0,9.9,D,3.1
6885,low,0,18.0,10.0,9.2,A,15.0
6886,medium,0,5.0,9.0,4.9,A,-7.1
6887,none,2,14.0,15.0,9.0,B,15.0
6888,high,3,8.0,9.0,9.3,A,13.9
6889,high,3,8.0,50.0,9.0,C,15.0
6890,none,0,3.0,6.0,9.6,A,12.5
6891,medium,0,8.0,8.0,2.5,C,-100.0
6892,high,4,5.0,1.0,8.6,A,-6.5
6893,high,4,10.0,3.0,1.7,A,-100.0
6894,none,2,2.0,4.0,9.1,A,5.4
6895,medium,2,4.0,49.0,9.8,C,15.0
6896,low,3,2.0,2.0,1.5,D,-100.0
6897,medium,0,6.0,19.0,9.5,B,15.0
6898,medium,3,2.0,0.0,9.5,C,-0.6
6899,medium,2,7.0,2.0,5.0,C,-100.0
6900,high,4,17.0,1.0,6.4,A,-19.8
6901,high,1,26.0,9.0,7.1,A,0.2
6902,medium,4,14.0,3.0,8.3,A,-2.3
6903,low,2,1.0,16.0,8.8,A,15.0
6904,high,1,13.0,25.0,6.3,A,15.0
6905,high,1,6.0,3.0,2.6,A,-100.0
6906,high,2,11.0,8.0,8.2,A,5.6
6907,low,2,19.0,18.0,6.7,A,15.0
6908,medium,1,7.0,4.0,1.8,A,-100.0
6909,low,1,12.0,3.0,5.0,A,-19.5
6910,low,3,31.0,32.0,9.2,A,15.0
6911,medium,0,10.0,19.0,1.4,A,-5.8
6912,medium,1,16.0,4.0,4.6,A,-100.0
6913,high,0,22.0,19.0,8.9,C,15.0
6914,low,2,5.0,17.0,4.3,C,6.6
6915,none,1,4.0,28.0,9.0,A,15.0
6916,medium,1,4.0,43.0,2.2,A,15.0
6917,low,0,7.0,9.0,2.9,A,-17.9
6918,medium,2,5.0,2.0,3.3,B,-100.0
6919,medium,1,9.0,11.0,4.1,C,-7.8
6920,medium,0,14.0,12.0,2.0,C,-17.6
6921,none,1,1.0,15.0,2.4,D,-8.1
6922,low,2,25.0,8.0,9.4,A,13.8
6923,medium,0,9.0,6.0,2.3,D,-100.0
6924,low,1,8.0,14.0,8.3,A,15.0
6925,none,4,10.0,2.0,6.3,C,-15.2
6926,none,2,6.0,1.0,9.0,A,-1.8
6927,high,0,2.0,13.0,9.0,C,15.0
6928,low,1,10.0,29.0,2.4,A,15.0
6929,none,0,8.0,5.0,9.0,C,6.6
6930,medium,0,13.0,23.0,8.5,B,15.0
6931,medium,2,9.0,29.0,7.3,A,15.0
6932,low,1,8.0,0.0,8.9,A,-4.0
6933,low,1,15.0,32.0,2.0,A,15.0
6934,medium,2,4.0,38.0,1.7,A,15.0
6935,medium,3,2.0,5.0,8.8,A,6.0
6936,medium,1,16.0,8.0,3.6,A,-17.5
6937,high,1,8.0,44.0,7.4,A,15.0
6938,medium,2,6.0,50.0,8.9,A,15.0
6939,low,0,4.0,2.0,6.8,A,-10.8
6940,high,1,7.0,3.0,6.2,A,-15.4
6941,none,0,,33.0,8.8,C,
6942,medium,2,16.0,13.0,2.8,A,-11.5
6943,medium,0,8.0,9.0,8.4,A,11.9
6944,medium,3,6.0,1.0,10.0,C,3.8
6945,high,1,12.0,23.0,1.6,A,0.8
6946,low,4,5.0,0.0,3.0,A,-100.0
6947,none,2,14.0,9.0,9.8,D,15.0
6948,low,4,10.0,9.0,2.9,C,-18.6
6949,high,1,5.0,6.0,2.0,A,-100.0
6950,medium,2,6.0,2.0,2.8,A,-100.0
6951,none,1,1.0,4.0,9.6,A,8.4
6952,medium,1,5.0,23.0,3.5,C,14.6
6953,low,2,4.0,40.0,1.7,C,15.0
6954,high,3,10.0,0.0,4.1,A,-100.0
6955,low,0,14.0,20.0,9.1,A,15.0
6956,none,3,17.0,13.0,1.7,A,-18.0
6957,medium,2,5.0,13.0,9.3,A,15.0
6958,low,2,7.0,7.0,2.2,B,-100.0
6959,none,0,9.0,0.0,7.1,D,-14.5
6960,high,1,4.0,43.0,2.8,A,15.0
6961,none,2,4.0,13.0,3.2,C,-8.3
6962,medium,1,7.0,32.0,5.5,A,15.0
6963,medium,0,5.0,16.0,2.6,D,-5.0
6964,high,2,16.0,9.0,8.9,C,11.0
6965,low,1,4.0,19.0,2.1,A,-1.1
6966,medium,2,2.0,6.0,9.6,A,12.6
6967,high,2,8.0,4.0,3.9,A,-100.0
6968,high,2,8.0,2.0,1.7,A,-100.0
6969,high,5,13.0,4.0,9.8,A,5.5
6970,medium,1,3.0,1.0,1.1,A,-100.0
6971,high,5,1.0,10.0,6.4,A,0.6
6972,medium,1,2.0,12.0,8.1,B,15.0
6973,none,3,13.0,31.0,3.6,C,15.0
6974,none,1,10.0,20.0,8.8,A,15.0
6975,low,1,7.0,22.0,7.9,A,15.0
6976,high,1,2.0,5.0,,A,
6977,high,1,16.0,2.0,7.5,A,-11.3
6978,high,1,3.0,23.0,6.9,A,15.0
6979,none,3,13.0,33.0,7.8,A,15.0
6980,high,1,13.0,17.0,1.7,A,-11.4
6981,medium,2,9.0,7.0,8.7,A,9.0
6982,high,1,5.0,4.0,8.8,C,1.2
6983,none,0,6.0,20.0,8.8,A,15.0
6984,high,1,14.0,4.0,8.2,A,-3.0
6985,none,0,3.0,10.0,8.7,A,15.0
6986,high,2,7.0,13.0,3.0,A,-12.1
6987,medium,2,12.0,3.0,3.1,A,-100.0
6988,none,2,4.0,11.0,5.4,B,-0.4
6989,low,3,13.0,0.0,3.6,A,-100.0
6990,low,1,16.0,2.0,4.8,A,-100.0
6991,medium,2,32.0,9.0,8.8,A,11.5
6992,low,2,20.0,8.0,2.0,B,-100.0
6993,low,3,8.0,6.0,9.2,A,10.1
6994,high,1,9.0,33.0,9.5,C,15.0
6995,high,0,13.0,21.0,2.4,C,1.0
6996,high,2,19.0,22.0,5.6,D,15.0
6997,low,1,8.0,1.0,8.9,C,-1.9
6998,low,3,8.0,34.0,9.8,C,15.0
6999,medium,2,5.0,0.0,4.0,A,-100.0
7000,high,1,3.0,33.0,9.9,A,15.0
7001,,2,12.0,6.0,6.1,A,-7.9
7002,medium,3,16.0,10.0,1.5,C,-100.0
7003,high,4,9.0,17.0,8.4,A,15.0
7004,medium,1,3.0,4.0,1.1,A,-100.0
7005,low,3,10.0,13.0,5.8,A,5.9
7006,low,1,5.0,9.0,8.5,A,13.0
7007,low,1,7.0,7.0,6.0,A,-5.1
7008,,2,0.0,20.0,2.9,A,5.1
7009,low,3,7.0,37.0,2.2,A,15.0
7010,high,0,12.0,0.0,6.8,C,-18.8
7011,low,3,4.0,9.0,2.7,A,-19.0
7012,low,1,1.0,30.0,9.8,A,15.0
7013,low,2,7.0,6.0,9.7,A,13.0
7014,high,3,8.0,0.0,3.8,A,-100.0
7015,medium,2,12.0,14.0,10.0,A,15.0
7016,medium,0,31.0,50.0,6.2,A,15.0
7017,high,0,12.0,16.0,9.4,A,15.0
7018,low,1,8.0,24.0,3.9,C,15.0
7019,high,2,4.0,6.0,3.8,A,-100.0
7020,low,1,10.0,8.0,7.4,A,4.4
7021,low,3,8.0,6.0,3.4,A,-100.0
7022,high,0,11.0,24.0,8.7,D,15.0
7023,low,1,12.0,16.0,7.4,A,15.0
7024,none,0,10.0,3.0,9.5,D,4.9
7025,medium,1,2.0,11.0,8.2,A,15.0
7026,low,2,12.0,15.0,8.9,B,15.0
7027,high,0,7.0,7.0,4.8,A,-14.6
7028,medium,3,4.0,8.0,8.7,B,11.5
7029,high,1,15.0,10.0,6.1,D,-2.1
7030,none,2,14.0,4.0,1.4,A,-100.0
7031,high,0,24.0,4.0,8.5,A,-2.3
7032,high,2,2.0,5.0,5.0,A,-17.4
7033,low,0,9.0,39.0,8.1,C,15.0
7034,medium,1,20.0,8.0,9.6,A,15.0
7035,none,1,16.0,0.0,1.9,C,-100.0
7036,low,1,2.0,5.0,,A,
7037,none,1,6.0,0.0,9.4,A,-1.6
7038,medium,2,21.0,21.0,8.4,A,15.0
7039,medium,2,16.0,4.0,7.7,A,-3.4
7040,low,2,15.0,43.0,9.2,A,15.0
7041,medium,3,17.0,4.0,2.8,B,-100.0
7042,,2,10.0,0.0,9.9,A,0.6
7043,low,4,11.0,18.0,8.6,A,15.0
7044,medium,2,4.0,3.0,9.4,A,5.0
7045,high,1,14.0,1.0,9.7,A,-1.1
7046,medium,4,7.0,16.0,8.8,A,15.0
7047,medium,2,3.0,7.0,4.1,C,-15.7
7048,,0,4.0,1.0,5.1,A,-100.0
7049,low,0,5.0,1.0,9.1,A,-0.4
7050,high,1,7.0,5.0,9.8,A,8.6
7051,low,2,8.0,18.0,3.9,A,6.2
7052,low,0,9.0,1.0,9.3,A,0.3
7053,high,1,17.0,12.0,2.9,C,-15.7
7054,low,1,16.0,12.0,8.3,A,15.0
7055,low,3,3.0,25.0,9.7,C,15.0
7056,medium,2,23.0,9.0,8.2,A,9.1
7057,medium,3,29.0,6.0,2.0,A,-100.0
7058,high,2,1.0,26.0,9.7,A,15.0
7059,low,0,10.0,5.0,7.6,A,-0.7
7060,medium,1,21.0,6.0,8.4,A,4.2
7061,high,0,7.0,16.0,1.5,A,-13.9
7062,none,1,10.0,2.0,2.5,C,-100.0
7063,low,1,7.0,5.0,9.1,A,7.7
7064,medium,2,7.0,50.0,5.1,A,15.0
7065,high,1,13.0,3.0,4.1,B,-100.0
7066,medium,0,8.0,6.0,4.8,A,-14.2
7067,low,0,11.0,8.0,6.9,B,1.6
7068,high,2,9.0,33.0,4.6,B,15.0
7069,low,0,23.0,7.0,6.7,A,-2.8
7070,low,2,5.0,1.0,7.9,A,-7.2
7071,medium,4,3.0,8.0,8.4,A,9.9
7072,low,1,21.0,5.0,2.5,A,-100.0
7073,low,1,,19.0,1.1,C,
7074,high,1,8.0,2.0,8.7,A,-3.9
7075,low,2,8.0,20.0,2.6,C,3.3
7076,medium,1,6.0,10.0,2.7,C,-17.2
7077,medium,4,1.0,22.0,7.7,A,15.0
7078,high,2,10.0,10.0,1.3,A,-100.0
7079,none,0,8.0,7.0,9.1,A,11.3
7080,medium,2,15.0,3.0,1.1,A,-100.0
7081,none,0,2.0,2.0,8.5,A,-1.9
7082,high,4,13.0,4.0,3.5,A,-100.0
7083,low,1,2.0,1.0,4.8,C,-100.0
7084,low,4,5.0,22.0,3.7,A,13.6
7085,high,2,4.0,11.0,7.1,A,6.5
7086,low,2,25.0,23.0,1.4,A,1.3
7087,,1,8.0,14.0,1.5,A,-15.9
7088,medium,2,13.0,2.0,6.9,B,-11.8
7089,medium,0,6.0,3.0,5.6,A,-15.9
7090,medium,2,4.0,2.0,10.0,A,6.2
7091,low,2,7.0,9.0,8.5,A,12.7
7092,high,4,10.0,20.0,9.5,C,15.0
7093,,0,7.0,18.0,2.2,A,-3.4
7094,low,2,6.0,0.0,8.7,A,-5.0
7095,high,1,11.0,6.0,9.8,C,10.3
7096,high,3,8.0,15.0,9.9,A,15.0
7097,high,0,12.0,2.0,2.8,A,-100.0
7098,low,2,12.0,7.0,7.6,C,3.1
7099,none,2,3.0,0.0,8.2,A,-8.0
7100,high,1,10.0,7.0,9.3,A,9.7
7101,high,2,4.0,15.0,9.2,A,15.0
7102,low,0,7.0,0.0,3.6,A,-100.0
7103,low,0,8.0,2.0,5.8,A,-16.7
7104,high,1,2.0,0.0,2.9,A,-100.0
7105,medium,1,2.0,18.0,8.8,C,15.0
7106,none,2,3.0,7.0,6.2,A,-4.3
7107,low,1,3.0,3.0,1.4,B,-100.0
7108,low,1,21.0,13.0,4.1,A,-4.4
7109,medium,3,10.0,13.0,8.3,C,15.0
7110,high,1,5.0,8.0,1.5,A,-100.0
7111,medium,4,12.0,14.0,2.5,A,-10.8
7112,medium,2,7.0,4.0,2.4,A,-100.0
7113,none,1,9.0,25.0,7.4,A,15.0
7114,low,0,15.0,8.0,9.0,A,12.8
7115,low,1,12.0,35.0,2.7,A,15.0
7116,high,3,19.0,17.0,9.3,D,15.0
7117,high,1,8.0,3.0,8.6,A,-2.3
7118,high,1,8.0,10.0,8.9,A,14.0
7119,medium,2,30.0,9.0,3.3,B,-18.6
7120,medium,0,6.0,11.0,3.3,A,-11.8
7121,low,1,17.0,11.0,3.4,C,-12.0
7122,high,0,6.0,18.0,8.7,C,15.0
7123,low,2,0.0,5.0,9.2,C,8.9
7124,none,1,10.0,20.0,3.5,D,7.5
7125,low,4,3.0,27.0,8.9,C,15.0
7126,medium,2,9.0,50.0,6.7,A,15.0
7127,medium,0,17.0,13.0,3.1,C,-9.7
7128,none,5,22.0,16.0,6.6,A,14.6
7129,medium,1,5.0,13.0,8.1,A,15.0
7130,high,2,6.0,22.0,7.0,C,15.0
7131,medium,2,3.0,4.0,3.7,A,-100.0
7132,high,3,19.0,33.0,1.2,A,15.0
7133,low,3,4.0,18.0,6.5,A,15.0
7134,low,1,3.0,26.0,7.8,A,15.0
7135,none,0,19.0,23.0,5.7,A,15.0
7136,high,0,2.0,14.0,,B,
7137,low,2,12.0,45.0,8.5,A,15.0
7138,low,2,4.0,10.0,4.3,C,-8.0
7139,medium,0,3.0,16.0,5.5,A,11.1
7140,high,1,12.0,3.0,4.7,B,-100.0
7141,medium,2,14.0,7.0,3.0,A,-100.0
7142,medium,4,15.0,21.0,3.0,A,6.3
7143,low,0,3.0,15.0,3.2,A,-3.2
7144,none,2,7.0,8.0,1.4,A,-100.0
7145,low,0,5.0,9.0,4.8,C,-7.2
7146,none,1,10.0,16.0,9.5,A,15.0
7147,medium,2,2.0,27.0,4.5,A,15.0
7148,high,0,17.0,13.0,8.2,A,15.0
7149,low,2,4.0,16.0,6.9,A,15.0
7150,medium,3,13.0,19.0,6.6,A,15.0
7151,low,1,9.0,4.0,9.1,C,5.4
7152,medium,2,8.0,19.0,8.1,A,15.0
7153,medium,1,5.0,8.0,9.1,A,13.8
7154,low,5,10.0,20.0,2.0,A,-0.5
7155,low,2,22.0,0.0,3.3,C,-100.0
7156,high,1,13.0,16.0,1.2,B,-16.2
7157,medium,1,7.0,10.0,7.9,C,11.3
7158,none,0,10.0,8.0,8.0,A,7.2
7159,none,2,22.0,8.0,3.2,A,-100.0
7160,none,2,7.0,9.0,8.9,B,14.3
7161,low,2,14.0,3.0,4.8,A,-100.0
7162,high,4,17.0,9.0,1.3,A,-100.0
7163,low,1,1.0,4.0,7.4,C,-3.1
7164,none,0,9.0,0.0,3.8,A,-100.0
7165,high,1,10.0,14.0,8.3,A,15.0
7166,medium,1,9.0,8.0,8.1,A,7.9
7167,none,3,25.0,0.0,3.1,A,-100.0
7168,high,1,7.0,35.0,8.7,B,15.0
7169,low,3,17.0,27.0,8.8,C,15.0
7170,medium,1,6.0,36.0,2.1,A,15.0
7171,low,2,5.0,12.0,5.3,C,1.6
7172,low,3,13.0,1.0,8.4,A,-5.3
7173,high,3,4.0,3.0,8.3,B,-3.8
7174,high,2,9.0,14.0,1.3,B,-19.6
7175,low,1,1.0,5.0,6.7,A,-4.9
7176,medium,1,4.0,15.0,6.1,A,12.2
7177,high,1,17.0,4.0,9.8,A,5.5
7178,high,2,3.0,4.0,5.7,A,-15.8
7179,high,2,3.0,6.0,8.4,A,3.3
7180,high,0,6.0,0.0,4.7,A,-100.0
7181,none,1,5.0,3.0,9.1,C,3.1
7182,low,4,1.0,30.0,3.9,A,15.0
7183,none,0,4.0,16.0,2.6,A,-5.1
7184,medium,2,2.0,21.0,5.2,A,15.0
7185,low,1,8.0,2.0,6.1,A,-15.2
7186,medium,2,5.0,17.0,1.5,C,-9.2
7187,high,0,4.0,1.0,4.9,A,-100.0
7188,medium,0,11.0,15.0,3.6,A,-2.2
7189,medium,2,4.0,5.0,5.5,A,-12.2
7190,high,1,5.0,14.0,8.3,A,15.0
7191,high,1,10.0,6.0,4.2,A,-100.0
7192,medium,4,13.0,4.0,8.3,A,-0.0
7193,none,0,13.0,3.0,3.1,A,-100.0
7194,low,1,7.0,11.0,9.5,A,15.0
7195,low,4,2.0,13.0,3.0,C,-8.8
7196,high,1,5.0,0.0,8.6,A,-8.3
7197,low,1,9.0,16.0,3.2,C,-1.8
7198,low,0,4.0,3.0,4.6,C,-100.0
7199,medium,1,13.0,11.0,3.2,A,-13.1
7200,medium,0,17.0,4.0,8.9,A,3.2
7201,low,4,7.0,26.0,8.4,A,15.0
7202,low,2,10.0,24.0,9.6,A,15.0
7203,none,3,2.0,38.0,7.8,C,15.0
7204,high,2,2.0,0.0,8.3,A,-9.8
7205,high,3,26.0,14.0,1.6,B,-19.7
7206,medium,1,5.0,16.0,3.1,D,-2.3
7207,low,2,10.0,1.0,4.1,A,-100.0
7208,low,2,4.0,18.0,1.9,C,-4.4
7209,medium,1,13.0,4.0,6.8,D,-8.0
7210,medium,3,7.0,3.0,6.8,B,-9.7
7211,none,2,7.0,3.0,9.2,C,3.4
7212,high,3,4.0,7.0,1.1,A,-100.0
7213,medium,0,10.0,2.0,8.5,A,-2.4
7214,low,0,9.0,4.0,8.5,A,2.2
7215,low,2,2.0,26.0,8.3,A,15.0
7216,low,4,19.0,7.0,3.1,B,-100.0
7217,low,1,10.0,5.0,8.7,A,5.2
7218,none,2,6.0,6.0,7.3,A,-0.7
7219,low,5,5.0,19.0,5.5,C,15.0
7220,,3,12.0,4.0,8.5,A,1.0
7221,medium,3,14.0,13.0,3.5,A,-7.5
7222,none,1,3.0,16.0,8.7,C,15.0
7223,medium,1,8.0,29.0,8.6,C,15.0
7224,low,3,7.0,4.0,9.3,D,6.5
7225,medium,1,9.0,2.0,9.0,A,0.3
7226,medium,2,11.0,20.0,9.2,A,15.0
7227,high,1,,13.0,8.3,C,
7228,medium,1,3.0,6.0,3.7,A,-19.8
7229,high,1,4.0,0.0,6.1,C,-100.0
7230,high,2,7.0,1.0,10.0,A,1.2
7231,high,1,1.0,13.0,9.9,A,15.0
7232,high,3,1.0,10.0,2.6,A,-100.0
7233,high,0,13.0,9.0,8.6,A,9.9
7234,low,4,13.0,7.0,9.2,C,11.6
7235,low,2,12.0,12.0,2.9,B,-12.3
7236,,1,9.0,20.0,6.8,A,15.0
7237,low,1,5.0,5.0,2.5,A,-100.0
7238,medium,0,18.0,0.0,4.1,D,-100.0
7239,low,1,5.0,7.0,9.1,B,12.1
7240,high,3,20.0,5.0,7.0,D,-8.3
7241,low,1,8.0,10.0,8.4,B,14.3
7242,low,0,3.0,6.0,9.0,A,9.8
7243,high,2,5.0,16.0,3.1,C,-5.1
7244,high,2,13.0,4.0,8.0,C,-4.1
7245,high,3,32.0,8.0,5.9,A,-9.3
7246,medium,2,8.0,0.0,3.7,A,-100.0
7247,none,2,4.0,42.0,9.7,A,15.0
7248,none,1,5.0,4.0,9.6,A,8.0
7249,high,1,3.0,2.0,1.4,A,-100.0
7250,medium,2,10.0,11.0,8.4,C,15.0
7251,low,2,9.0,0.0,3.8,B,-100.0
7252,none,2,11.0,6.0,4.6,C,-16.0
7253,low,3,8.0,37.0,2.4,A,15.0
7254,medium,0,14.0,2.0,4.7,A,-100.0
7255,medium,0,8.0,0.0,9.7,A,0.2
7256,low,2,9.0,12.0,7.7,A,14.4
7257,none,0,5.0,25.0,1.8,D,9.3
7258,,3,14.0,26.0,7.0,B,15.0
7259,high,1,11.0,46.0,9.2,A,15.0
7260,none,2,10.0,5.0,8.0,B,0.7
7261,medium,0,5.0,16.0,3.4,A,-0.6
7262,,1,,7.0,9.1,C,
7263,high,1,6.0,6.0,8.2,C,2.0
7264,low,3,8.0,8.0,8.6,A,11.0
7265,none,1,4.0,9.0,2.1,A,-100.0
7266,low,3,31.0,17.0,5.0,C,7.8
7267,low,2,4.0,11.0,9.3,A,15.0
7268,high,0,14.0,1.0,9.1,A,-4.3
7269,none,1,4.0,13.0,5.3,A,3.3
7270,none,1,11.0,2.0,1.5,B,-100.0
7271,low,1,12.0,6.0,2.0,A,-100.0
7272,low,5,15.0,10.0,8.3,C,12.6
7273,high,2,9.0,0.0,9.0,A,-6.6
7274,none,2,11.0,29.0,7.6,D,15.0
7275,low,4,4.0,7.0,7.1,B,0.9
7276,low,2,13.0,3.0,9.2,C,3.4
7277,high,3,3.0,1.0,8.1,B,-9.0
7278,medium,4,15.0,2.0,3.0,C,-100.0
7279,high,1,5.0,9.0,9.8,D,15.0
7280,low,2,5.0,1.0,2.7,C,-100.0
7281,high,1,9.0,4.0,2.3,A,-100.0
7282,high,0,16.0,5.0,7.9,A,-2.7
7283,low,0,17.0,25.0,9.3,A,15.0
7284,low,1,5.0,12.0,6.2,A,6.7
7285,low,0,10.0,24.0,5.8,A,15.0
7286,low,0,1.0,9.0,3.8,C,-12.3
7287,medium,2,7.0,5.0,5.2,A,-14.2
7288,high,2,16.0,6.0,9.1,A,5.8
7289,low,2,23.0,3.0,8.8,D,0.2
7290,low,0,15.0,13.0,4.8,A,0.2
7291,low,0,11.0,31.0,9.6,A,15.0
7292,low,6,3.0,2.0,3.0,A,-100.0
7293,low,1,5.0,14.0,7.3,A,15.0
7294,none,2,12.0,4.0,5.6,A,-14.8
7295,none,0,7.0,7.0,5.7,B,-7.3
7296,high,1,6.0,2.0,5.8,B,-19.6
7297,medium,4,3.0,0.0,9.0,A,-3.6
7298,high,1,33.0,13.0,7.2,C,8.5
7299,low,3,10.0,2.0,8.2,A,-4.0
7300,medium,1,2.0,16.0,8.6,A,15.0
7301,high,4,13.0,13.0,3.1,A,-12.4
7302,high,2,10.0,1.0,6.2,A,-100.0
7303,none,1,10.0,41.0,4.2,A,15.0
7304,low,1,4.0,7.0,3.0,A,-100.0
7305,medium,3,4.0,1.0,7.1,A,-12.0
7306,high,1,8.0,14.0,1.8,C,-16.6
7307,low,1,3.0,7.0,10.0,C,15.0
7308,medium,5,18.0,10.0,1.6,B,-100.0
7309,high,1,15.0,28.0,5.2,A,15.0
7310,low,2,4.0,4.0,10.0,A,10.8
7311,medium,1,8.0,2.0,4.8,A,-100.0
7312,none,1,8.0,6.0,3.2,A,-100.0
7313,medium,1,6.0,41.0,7.2,B,15.0
7314,high,0,9.0,15.0,9.7,A,15.0
7315,high,2,2.0,20.0,9.8,B,15.0
7316,high,1,7.0,21.0,8.6,A,15.0
7317,high,3,2.0,28.0,1.7,A,12.6
7318,medium,2,10.0,13.0,3.2,D,-8.7
7319,low,0,22.0,1.0,7.9,C,-8.7
7320,medium,3,6.0,8.0,4.3,A,-12.8
7321,none,5,6.0,9.0,9.5,B,15.0
7322,high,1,8.0,16.0,6.0,A,10.7
7323,none,2,18.0,17.0,8.8,B,15.0
7324,low,1,17.0,19.0,9.3,A,15.0
7325,low,0,1.0,36.0,8.4,A,15.0
7326,high,1,9.0,2.0,9.6,B,1.0
7327,low,0,5.0,7.0,9.1,A,12.2
7328,low,2,12.0,31.0,9.6,A,15.0
7329,low,2,5.0,1.0,8.4,A,-4.4
7330,none,0,18.0,1.0,9.2,A,-1.7
7331,high,3,5.0,14.0,9.7,A,15.0
7332,high,2,6.0,1.0,8.6,A,-6.4
7333,high,2,5.0,5.0,7.0,A,-6.7
7334,medium,2,9.0,7.0,7.5,A,2.4
7335,medium,3,4.0,2.0,7.7,A,-6.6
7336,high,0,5.0,23.0,2.5,A,6.5
7337,low,1,7.0,14.0,4.1,A,-0.9
7338,low,2,7.0,7.0,2.2,A,-100.0
7339,low,4,12.0,15.0,2.6,C,-7.8
7340,none,0,4.0,1.0,3.3,B,-100.0
7341,low,2,5.0,10.0,9.7,C,15.0
7342,low,1,3.0,5.0,10.0,A,13.1
7343,high,2,18.0,22.0,6.4,C,15.0
7344,medium,2,2.0,11.0,9.4,D,15.0
7345,high,2,12.0,6.0,9.0,C,5.7
7346,high,1,4.0,6.0,2.1,A,-100.0
7347,medium,1,16.0,3.0,1.4,A,-100.0
7348,high,1,13.0,5.0,8.7,B,1.9
7349,low,0,4.0,17.0,1.6,B,-7.9
7350,none,4,8.0,12.0,8.6,A,15.0
7351,high,3,23.0,9.0,8.0,A,5.3
7352,high,3,4.0,16.0,1.4,A,-14.4
7353,high,1,10.0,3.0,1.6,A,-100.0
7354,medium,3,22.0,47.0,7.2,A,15.0
7355,high,1,6.0,2.0,9.3,A,-0.4
7356,medium,3,10.0,10.0,1.8,A,-100.0
7357,medium,0,8.0,10.0,8.1,A,12.3
7358,low,0,10.0,4.0,5.3,A,
7359,none,1,13.0,10.0,8.6,C,14.3
7360,low,2,10.0,0.0,9.3,A,
7361,high,1,2.0,23.0,9.8,A,15.0
7362,none,1,13.0,19.0,3.1,C,2.9
7363,none,1,1.0,2.0,1.0,A,-100.0
7364,medium,2,5.0,3.0,8.7,D,1.1
7365,high,0,12.0,5.0,3.7,A,-100.0
7366,medium,2,21.0,17.0,9.4,B,15.0
7367,medium,2,14.0,11.0,9.2,B,15.0
7368,medium,1,13.0,35.0,5.9,A,15.0
7369,none,4,8.0,7.0,9.5,C,13.1
7370,low,1,18.0,4.0,9.6,A,7.3
7371,none,0,12.0,17.0,8.6,A,15.0
7372,low,0,7.0,16.0,8.0,C,15.0
7373,low,3,12.0,17.0,8.5,C,15.0
7374,high,0,35.0,8.0,7.9,A,1.7
7375,low,2,8.0,2.0,10.0,A,6.2
7376,none,2,7.0,2.0,2.7,B,-100.0
7377,high,3,2.0,4.0,3.6,A,-100.0
7378,medium,0,26.0,5.0,5.0,A,-17.0
7379,none,4,20.0,14.0,5.4,A,4.1
7380,low,4,4.0,5.0,2.0,A,-100.0
7381,medium,4,33.0,3.0,9.5,A,2.4
7382,medium,1,7.0,2.0,2.2,A,-100.0
7383,high,0,4.0,11.0,7.5,A,8.9
7384,none,0,6.0,40.0,8.4,A,15.0
7385,high,0,11.0,0.0,1.9,A,-100.0
7386,high,3,5.0,23.0,9.6,B,15.0
7387,low,0,7.0,8.0,8.2,A,9.2
7388,medium,2,9.0,1.0,4.4,C,-100.0
7389,high,0,9.0,23.0,8.1,A,15.0
7390,low,3,3.0,3.0,8.8,A,2.1
7391,high,0,18.0,16.0,2.5,A,-9.5
7392,medium,0,3.0,5.0,2.3,A,-100.0
7393,none,3,18.0,50.0,9.4,A,15.0
7394,none,1,30.0,25.0,3.1,A,13.8
7395,low,1,10.0,16.0,4.6,A,5.8
7396,low,2,1.0,11.0,3.7,B,-8.9
7397,none,4,9.0,4.0,4.4,A,-100.0
7398,low,1,2.0,9.0,,A,
7399,low,2,22.0,20.0,4.0,A,9.6
7400,medium,2,4.0,28.0,1.8,C,15.0
7401,none,0,5.0,13.0,8.6,A,15.0
7402,medium,0,5.0,25.0,3.7,A,15.0
7403,high,2,11.0,19.0,8.6,A,15.0
7404,high,1,7.0,12.0,2.5,A,-16.9
7405,high,2,23.0,14.0,4.5,A,-3.4
7406,high,2,3.0,16.0,1.2,A,-15.3
7407,high,1,11.0,2.0,4.7,C,-100.0
7408,low,2,10.0,3.0,8.8,B,1.5
7409,medium,0,10.0,7.0,3.5,B,-19.4
7410,medium,2,11.0,11.0,3.1,A,-13.6
7411,low,1,15.0,17.0,9.3,A,15.0
7412,none,2,4.0,9.0,5.4,A,-4.6
7413,none,2,15.0,3.0,4.3,A,-100.0
7414,medium,1,2.0,2.0,8.2,A,-3.4
7415,high,2,5.0,10.0,8.9,A,14.2
7416,medium,2,5.0,7.0,5.8,A,-6.5
7417,none,5,11.0,13.0,1.7,A,-17.6
7418,medium,1,2.0,9.0,5.8,A,-1.9
7419,medium,0,9.0,14.0,9.3,C,15.0
7420,low,1,4.0,20.0,3.9,B,10.9
7421,low,1,4.0,3.0,2.7,B,-100.0
7422,medium,0,22.0,3.0,8.4,A,-2.1
7423,medium,2,13.0,17.0,9.2,B,15.0
7424,high,3,9.0,2.0,5.2,D,-100.0
7425,medium,0,23.0,31.0,9.9,C,15.0
7426,,0,6.0,8.0,4.7,A,-10.6
7427,medium,0,3.0,4.0,9.8,B,9.6
7428,high,1,12.0,9.0,1.9,C,-100.0
7429,high,4,10.0,1.0,9.3,A,-3.2
7430,high,4,10.0,3.0,8.0,A,-6.1
7431,low,1,11.0,0.0,3.0,A,-100.0
7432,none,2,36.0,13.0,1.0,A,-100.0
7433,high,0,7.0,43.0,5.9,A,15.0
7434,low,2,18.0,19.0,4.3,C,9.5
7435,none,2,9.0,13.0,3.6,A,-6.6
7436,medium,0,3.0,50.0,3.4,A,15.0
7437,high,2,5.0,3.0,9.8,B,4.5
7438,medium,1,29.0,7.0,2.8,C,-100.0
7439,high,1,9.0,6.0,4.7,A,-17.6
7440,low,2,7.0,19.0,4.7,A,12.8
7441,high,3,33.0,11.0,6.9,B,2.4
7442,medium,5,7.0,4.0,9.7,A,8.1
7443,low,1,7.0,16.0,9.3,A,15.0
7444,,0,4.0,41.0,8.4,A,15.0
7445,medium,1,1.0,20.0,5.8,A,15.0
7446,high,0,6.0,18.0,3.5,D,1.4
7447,low,0,15.0,6.0,1.6,A,-100.0
7448,medium,2,13.0,7.0,3.8,A,-18.3
7449,medium,1,10.0,10.0,8.1,A,12.1
7450,medium,3,13.0,1.0,5.4,A,-100.0
7451,medium,2,2.0,11.0,4.8,A,-3.3
7452,low,0,10.0,12.0,5.9,C,4.6
7453,low,1,12.0,4.0,5.3,C,-15.8
7454,medium,3,26.0,3.0,9.4,A,2.7
7455,low,2,13.0,0.0,8.8,A,-5.1
7456,none,1,3.0,2.0,3.0,A,-100.0
7457,high,0,24.0,3.0,6.3,B,-16.5
7458,high,3,3.0,13.0,2.0,A,-17.3
7459,high,0,20.0,50.0,9.8,A,15.0
7460,high,1,8.0,4.0,8.5,C,-0.8
7461,low,1,5.0,5.0,8.8,A,6.3
7462,high,1,2.0,5.0,8.8,A,3.6
7463,low,1,15.0,1.0,3.2,A,-100.0
7464,medium,2,4.0,20.0,5.1,D,15.0
7465,low,1,22.0,22.0,2.3,A,4.5
7466,low,1,9.0,2.0,3.0,A,-100.0
7467,none,1,21.0,0.0,6.5,B,-19.1
7468,low,1,9.0,22.0,8.6,A,
7469,low,2,6.0,37.0,7.7,A,15.0
7470,high,0,3.0,4.0,5.8,A,-15.0
7471,low,0,11.0,16.0,2.4,A,-6.3
7472,medium,0,3.0,5.0,8.5,C,4.6
7473,low,2,8.0,6.0,8.1,A,4.1
7474,high,4,7.0,26.0,9.3,A,15.0
7475,medium,1,3.0,5.0,8.3,C,3.3
7476,low,0,3.0,4.0,7.5,A,-2.7
7477,none,0,6.0,24.0,4.4,A,15.0
7478,low,4,6.0,5.0,7.0,A,-4.0
7479,medium,3,16.0,10.0,7.5,A,8.0
7480,high,1,15.0,17.0,4.3,B,2.7
7481,high,1,8.0,9.0,7.9,C,6.4
7482,high,2,8.0,4.0,9.6,A,5.2
7483,high,1,24.0,2.0,9.2,A,-2.7
7484,high,0,9.0,3.0,2.6,B,-100.0
7485,medium,3,17.0,16.0,10.0,A,15.0
7486,high,0,11.0,2.0,7.9,A,-8.5
7487,low,2,7.0,4.0,9.9,C,9.9
7488,medium,2,7.0,13.0,1.8,A,-16.1
7489,high,2,8.0,3.0,5.7,A,-18.4
7490,none,0,9.0,8.0,4.0,A,-14.7
7491,high,0,6.0,7.0,8.8,A,7.5
7492,medium,2,4.0,18.0,5.9,A,15.0
7493,none,4,3.0,2.0,8.0,D,-5.1
7494,medium,2,4.0,11.0,8.9,C,15.0
7495,medium,1,11.0,16.0,8.4,C,15.0
7496,low,0,24.0,16.0,7.8,A,15.0
7497,low,1,12.0,6.0,6.6,A,-4.4
7498,low,0,7.0,6.0,7.5,C,1.1
7499,medium,1,10.0,2.0,9.1,A,0.7
7500,low,0,7.0,13.0,6.1,B,8.1
7501,high,2,14.0,14.0,9.5,C,15.0
7502,medium,1,10.0,3.0,8.4,B,-1.0
7503,high,5,7.0,17.0,5.5,A,9.7
7504,low,1,15.0,3.0,2.4,D,-100.0
7505,medium,1,5.0,4.0,7.1,A,-5.5
7506,high,1,4.0,1.0,4.6,C,-100.0
7507,high,1,5.0,12.0,8.2,A,14.7
7508,high,2,4.0,30.0,8.2,A,15.0
7509,low,0,3.0,3.0,5.9,A,-13.6
7510,high,2,37.0,3.0,9.5,A,-0.4
7511,none,1,7.0,2.0,9.2,A,1.4
7512,medium,5,14.0,2.0,8.6,A,-2.8
7513,low,1,15.0,7.0,6.8,B,-1.5
7514,low,1,15.0,11.0,3.5,A,-11.3
7515,high,1,10.0,2.0,5.3,A,-100.0
7516,,2,11.0,2.0,3.2,A,-100.0
7517,low,3,1.0,14.0,9.9,A,15.0
7518,low,0,17.0,2.0,9.4,A,2.2
7519,medium,1,20.0,0.0,9.6,B,-1.7
7520,low,0,1.0,12.0,10.0,C,15.0
7521,low,1,15.0,20.0,1.9,D,-1.2
7522,,1,20.0,8.0,8.4,B,8.3
7523,medium,1,4.0,3.0,8.3,A,-0.9
7524,none,3,27.0,7.0,5.3,A,-11.8
7525,low,3,7.0,2.0,9.0,A,0.7
7526,none,0,5.0,1.0,8.0,A,-7.0
7527,low,2,13.0,3.0,5.8,B,-15.3
7528,high,0,13.0,32.0,8.2,A,15.0
7529,high,1,8.0,23.0,7.1,A,15.0
7530,low,1,5.0,20.0,5.4,D,15.0
7531,high,1,3.0,7.0,3.1,A,-100.0
7532,low,2,8.0,10.0,7.8,A,10.9
7533,medium,1,5.0,1.0,1.1,A,-100.0
7534,low,1,4.0,5.0,3.1,C,-100.0
7535,high,0,11.0,2.0,8.1,C,-7.4
7536,medium,3,8.0,2.0,6.8,A,-11.9
7537,low,0,,8.0,2.4,C,
7538,low,1,13.0,12.0,7.9,A,15.0
7539,none,0,6.0,4.0,7.9,D,-1.4
7540,low,2,2.0,1.0,8.8,C,-1.9
7541,medium,3,3.0,0.0,8.1,A,-8.4
7542,high,3,1.0,19.0,3.1,A,1.5
7543,medium,1,40.0,49.0,8.1,A,15.0
7544,high,3,0.0,5.0,4.5,C,-100.0
7545,low,3,1.0,40.0,10.0,A,15.0
7546,low,2,16.0,6.0,2.3,A,-100.0
7547,low,1,20.0,5.0,7.0,A,-5.1
7548,medium,0,6.0,5.0,6.1,A,-8.9
7549,high,3,6.0,1.0,3.2,B,-100.0
7550,none,3,27.0,24.0,9.2,A,15.0
7551,medium,0,14.0,6.0,1.6,C,-100.0
7552,high,2,11.0,4.0,1.8,A,-100.0
7553,low,2,2.0,1.0,6.4,A,-15.1
7554,high,0,4.0,8.0,7.6,D,3.2
7555,low,3,13.0,27.0,9.3,A,15.0
7556,medium,3,10.0,2.0,3.9,C,-100.0
7557,low,0,7.0,11.0,9.6,A,15.0
7558,low,3,1.0,7.0,9.2,A,12.9
7559,high,1,7.0,15.0,8.8,A,15.0
7560,low,4,14.0,11.0,3.6,A,-10.9
7561,low,2,5.0,10.0,9.9,B,15.0
7562,high,0,9.0,9.0,8.2,A,8.1
7563,high,1,7.0,6.0,1.7,A,-100.0
7564,low,1,12.0,48.0,5.0,A,15.0
7565,high,2,4.0,0.0,3.6,C,-100.0
7566,medium,1,,19.0,1.7,C,
7567,low,1,9.0,6.0,9.6,B,12.4
7568,low,0,,28.0,5.5,C,
7569,medium,2,6.0,16.0,3.4,A,-0.9
7570,high,2,22.0,11.0,9.4,A,15.0
7571,high,0,3.0,42.0,7.7,A,15.0
7572,none,3,25.0,14.0,6.7,A,10.8
7573,medium,0,7.0,7.0,9.7,C,15.0
7574,low,1,13.0,14.0,5.1,A,4.0
7575,low,1,6.0,7.0,7.4,A,2.7
7576,high,4,14.0,5.0,5.4,A,-16.6
7577,medium,1,11.0,9.0,5.4,A,-5.0
7578,,3,9.0,17.0,9.8,C,15.0
7579,low,3,7.0,7.0,8.7,D,9.5
7580,high,2,14.0,20.0,6.7,A,15.0
7581,high,2,9.0,19.0,6.8,A,15.0
7582,medium,1,26.0,0.0,7.5,B,-13.8
7583,low,2,10.0,17.0,9.4,A,15.0
7584,low,1,16.0,22.0,1.4,A,0.2
7585,low,2,7.0,0.0,9.9,C,1.5
7586,low,6,18.0,19.0,1.1,A,-8.5
7587,high,2,6.0,9.0,3.7,D,-16.6
7588,high,0,14.0,5.0,9.0,A,3.6
7589,high,1,4.0,5.0,9.6,A,7.8
7590,low,1,8.0,13.0,1.2,A,-19.0
7591,none,0,27.0,4.0,10.0,C,8.1
7592,low,0,3.0,4.0,9.2,A,6.7
7593,high,1,17.0,11.0,8.5,C,13.0
7594,medium,2,23.0,2.0,6.3,C,-16.0
7595,medium,4,7.0,47.0,8.7,A,15.0
7596,high,2,9.0,1.0,6.9,A,-16.1
7597,high,1,16.0,10.0,3.3,A,-17.6
7598,high,3,9.0,2.0,8.9,A,-3.1
7599,high,1,3.0,15.0,3.5,A,-4.7
7600,low,1,16.0,34.0,9.6,A,15.0
7601,medium,4,24.0,0.0,8.6,A,-7.9
7602,medium,3,14.0,0.0,7.4,A,-13.4
7603,medium,4,19.0,19.0,9.5,D,15.0
7604,medium,4,12.0,5.0,2.3,A,-100.0
7605,high,3,18.0,3.0,8.8,A,-2.4
7606,high,1,6.0,23.0,9.6,A,15.0
7607,none,3,8.0,0.0,8.8,A,-5.3
7608,none,1,17.0,8.0,1.8,D,-100.0
7609,low,3,4.0,2.0,1.0,A,-100.0
7610,none,4,,2.0,3.4,C,
7611,,2,9.0,24.0,9.5,A,15.0
7612,low,2,16.0,5.0,8.3,C,2.3
7613,low,2,7.0,7.0,9.5,A,14.0
7614,none,1,40.0,6.0,2.5,C,-100.0
7615,none,0,29.0,6.0,8.8,C,5.5
7616,high,0,31.0,2.0,6.1,A,-100.0
7617,medium,2,4.0,24.0,9.8,A,15.0
7618,low,1,4.0,28.0,5.9,D,15.0
7619,medium,1,18.0,7.0,2.1,A,-100.0
7620,high,1,7.0,9.0,9.7,B,15.0
7621,low,1,13.0,13.0,3.1,A,-9.1
7622,high,2,5.0,50.0,9.6,C,15.0
7623,low,2,10.0,13.0,5.2,A,2.7
7624,high,1,16.0,14.0,6.8,A,10.1
7625,high,3,12.0,1.0,3.3,D,-100.0
7626,low,0,8.0,14.0,5.0,C,4.1
7627,none,3,1.0,24.0,8.7,C,15.0
7628,low,2,4.0,2.0,8.9,A,0.5
7629,none,3,4.0,1.0,9.6,A,1.6
7630,high,0,13.0,16.0,3.7,A,-2.4
7631,low,2,4.0,5.0,1.2,B,-100.0
7632,none,1,12.0,12.0,9.4,A,15.0
7633,low,0,2.0,20.0,8.5,A,15.0
7634,medium,4,4.0,3.0,3.4,C,-100.0
7635,medium,0,6.0,11.0,2.3,D,-17.2
7636,high,0,14.0,9.0,4.1,A,-15.0
7637,high,2,23.0,29.0,8.5,A,15.0
7638,high,0,,35.0,4.9,C,
7639,low,1,14.0,17.0,1.3,B,-10.7
7640,medium,1,11.0,4.0,7.5,A,-3.9
7641,high,0,4.0,8.0,1.3,A,-100.0
7642,high,2,25.0,18.0,1.4,A,-12.2
7643,high,2,6.0,21.0,7.2,C,15.0
7644,low,0,10.0,19.0,1.8,B,-3.2
7645,medium,1,5.0,8.0,5.1,B,-8.2
7646,high,1,19.0,7.0,6.5,C,-6.6
7647,medium,3,8.0,30.0,7.6,A,15.0
7648,none,2,21.0,1.0,1.7,A,-100.0
7649,medium,3,19.0,1.0,10.0,A,2.5
7650,low,1,4.0,3.0,9.0,A,3.3
7651,none,3,2.0,1.0,5.1,A,-100.0
7652,low,3,11.0,10.0,7.6,A,9.4
7653,high,1,6.0,5.0,6.6,A,-8.9
7654,none,1,13.0,47.0,4.0,C,15.0
7655,high,1,1.0,13.0,9.4,B,15.0
7656,high,2,8.0,5.0,1.9,A,-100.0
7657,medium,2,26.0,12.0,7.5,A,11.2
7658,high,3,18.0,21.0,5.1,A,15.0
7659,high,2,3.0,27.0,9.2,A,15.0
7660,medium,2,5.0,31.0,9.5,A,15.0
7661,high,2,20.0,26.0,8.1,B,15.0
7662,none,0,9.0,1.0,2.1,A,-100.0
7663,medium,0,13.0,3.0,6.6,A,-11.1
7664,low,0,2.0,0.0,9.3,A,-1.1
7665,none,2,12.0,16.0,9.9,A,15.0
7666,high,1,3.0,23.0,9.6,A,15.0
7667,low,4,20.0,4.0,1.8,A,-100.0
7668,high,0,11.0,35.0,9.6,A,15.0
7669,high,3,8.0,7.0,7.5,A,-0.2
7670,high,1,1.0,21.0,2.8,A,4.3
7671,low,2,10.0,1.0,5.8,D,-19.2
7672,low,2,17.0,22.0,1.7,A,1.6
7673,low,0,5.0,1.0,5.8,C,-18.5
7674,low,0,14.0,4.0,7.2,A,-5.4
7675,high,0,12.0,7.0,9.5,C,10.7
7676,low,1,21.0,19.0,7.9,A,15.0
7677,medium,3,10.0,41.0,2.9,C,15.0
7678,low,1,2.0,3.0,1.4,A,-100.0
7679,none,4,13.0,2.0,1.4,A,-100.0
7680,medium,2,18.0,7.0,3.8,A,-18.8
7681,high,1,10.0,0.0,5.2,A,-100.0
7682,medium,5,10.0,3.0,6.6,C,-11.3
7683,high,0,1.0,25.0,5.2,A,15.0
7684,low,0,30.0,9.0,9.5,D,15.0
7685,low,2,12.0,13.0,6.3,A,8.5
7686,medium,2,18.0,22.0,8.6,C,15.0
7687,medium,2,,7.0,3.3,C,
7688,medium,1,7.0,10.0,9.4,A,15.0
7689,low,1,3.0,0.0,9.0,A,-2.9
7690,medium,0,4.0,1.0,4.8,A,-100.0
7691,low,0,6.0,6.0,3.9,B,-18.6
7692,medium,4,5.0,4.0,8.8,A,3.5
7693,none,2,4.0,8.0,9.1,A,13.6
7694,low,1,5.0,4.0,10.0,A,10.8
7695,medium,3,5.0,10.0,9.8,C,15.0
7696,low,2,13.0,1.0,4.5,A,-100.0
7697,high,2,24.0,0.0,8.9,B,-8.7
7698,medium,2,15.0,6.0,5.5,A,-11.2
7699,medium,1,6.0,3.0,9.3,A,4.4
7700,high,3,16.0,6.0,1.8,C,-100.0
7701,medium,2,23.0,5.0,2.2,C,-100.0
7702,low,2,23.0,12.0,3.9,A,-7.9
7703,low,0,2.0,10.0,9.1,A,15.0
7704,low,0,9.0,19.0,2.4,A,0.2
7705,medium,0,2.0,26.0,9.1,A,15.0
7706,medium,3,24.0,11.0,2.2,A,-19.9
7707,none,2,10.0,11.0,4.8,C,-4.3
7708,low,0,5.0,11.0,5.7,A,1.9
7709,high,4,3.0,9.0,1.7,A,-100.0
7710,low,1,9.0,17.0,8.3,A,15.0
7711,medium,2,21.0,4.0,9.3,A,4.8
7712,medium,2,7.0,14.0,2.4,C,-10.7
7713,medium,4,13.0,1.0,4.3,C,-100.0
7714,high,1,18.0,50.0,4.2,A,15.0
7715,none,1,20.0,14.0,4.4,A,-1.1
7716,high,2,13.0,7.0,9.5,C,10.4
7717,low,1,28.0,1.0,9.6,A,-0.0
7718,medium,2,5.0,2.0,9.1,C,1.2
7719,none,3,9.0,0.0,1.4,A,-100.0
7720,high,2,17.0,14.0,9.4,C,15.0
7721,none,1,10.0,5.0,5.3,A,-14.1
7722,high,1,5.0,44.0,9.0,A,15.0
7723,none,1,7.0,10.0,8.5,A,14.3
7724,high,3,2.0,13.0,9.6,A,15.0
7725,low,0,4.0,11.0,3.2,A,-11.7
7726,medium,3,33.0,31.0,9.7,A,15.0
7727,high,2,3.0,5.0,7.5,B,-3.8
7728,low,4,20.0,2.0,8.0,A,-6.2
7729,medium,1,1.0,50.0,9.7,A,15.0
7730,low,1,3.0,9.0,5.4,C,-3.8
7731,low,0,19.0,25.0,5.1,A,15.0
7732,low,0,20.0,39.0,8.6,A,15.0
7733,high,0,6.0,3.0,9.8,C,4.6
7734,none,1,17.0,5.0,3.8,A,-100.0
7735,,4,30.0,1.0,3.3,A,-100.0
7736,low,1,8.0,23.0,3.5,A,14.6
7737,medium,3,4.0,18.0,3.0,A,1.2
7738,low,1,2.0,1.0,7.6,C,-8.4
7739,high,1,5.0,7.0,8.2,A,4.2
7740,none,2,9.0,2.0,8.7,A,-1.7
7741,medium,4,13.0,21.0,3.1,A,7.0
7742,medium,1,1.0,2.0,9.8,A,5.5
7743,low,0,14.0,1.0,8.3,D,-5.7
7744,low,0,13.0,4.0,8.7,C,2.9
7745,medium,1,2.0,13.0,3.6,A,-5.6
7746,low,3,30.0,15.0,9.7,A,15.0
7747,high,4,3.0,24.0,8.7,A,15.0
7748,medium,1,21.0,6.0,3.5,A,-100.0
7749,high,1,11.0,1.0,9.5,A,-1.9
7750,low,3,9.0,24.0,8.1,A,15.0
7751,high,2,8.0,1.0,9.4,B,-2.2
7752,high,3,25.0,14.0,6.7,C,8.4
7753,medium,1,9.0,5.0,8.9,A,6.0
7754,none,0,17.0,13.0,2.8,A,-11.6
7755,high,3,23.0,4.0,8.0,A,-5.2
7756,low,3,6.0,4.0,4.9,A,-17.6
7757,high,3,6.0,1.0,3.8,A,-100.0
7758,none,2,17.0,7.0,4.9,A,-12.9
7759,none,2,7.0,4.0,9.9,A,9.3
7760,high,0,1.0,1.0,9.0,C,-3.5
7761,none,3,10.0,31.0,8.6,A,15.0
7762,none,4,28.0,1.0,7.5,C,-12.5
7763,low,0,7.0,1.0,8.0,A,-6.6
7764,medium,3,21.0,9.0,8.7,C,11.9
7765,high,0,7.0,17.0,8.9,A,15.0
7766,high,2,4.0,0.0,9.3,B,-4.5
7767,high,3,19.0,10.0,8.8,C,12.2
7768,none,1,5.0,4.0,8.3,B,0.8
7769,none,1,7.0,23.0,9.7,A,15.0
7770,none,2,31.0,15.0,8.9,A,15.0
7771,high,2,23.0,1.0,9.8,A,-1.5
7772,high,0,5.0,0.0,8.9,D,-6.6
7773,low,0,9.0,14.0,3.9,C,-2.1
7774,medium,1,5.0,17.0,1.9,A,-6.8
7775,low,3,5.0,1.0,3.8,B,-100.0
7776,low,0,18.0,1.0,1.7,C,-100.0
7777,high,0,9.0,12.0,8.5,A,15.0
7778,low,0,8.0,50.0,6.8,C,15.0
7779,medium,1,10.0,9.0,8.2,A,10.5
7780,low,1,0.0,2.0,3.2,A,-100.0
7781,low,1,12.0,3.0,8.8,B,1.4
7782,high,3,8.0,23.0,2.6,A,6.5
7783,medium,2,10.0,18.0,8.1,C,15.0
7784,medium,1,4.0,6.0,4.8,A,-13.9
7785,medium,2,10.0,28.0,5.7,A,15.0
7786,medium,0,3.0,1.0,3.9,C,-100.0
7787,low,1,3.0,23.0,8.5,A,15.0
7788,,1,8.0,1.0,3.6,A,-100.0
7789,high,1,7.0,11.0,9.6,C,15.0
7790,low,3,10.0,2.0,5.4,C,-19.4
7791,low,2,20.0,8.0,4.3,C,-13.8
7792,low,0,5.0,12.0,1.1,B,-100.0
7793,medium,3,3.0,3.0,9.1,A,3.3
7794,medium,1,7.0,49.0,3.1,A,15.0
7795,low,1,11.0,20.0,8.2,A,15.0
7796,high,1,,4.0,8.3,C,
7797,medium,1,4.0,1.0,9.7,D,2.6
7798,high,2,10.0,5.0,9.9,C,8.7
7799,medium,1,15.0,6.0,2.3,A,-100.0
7800,high,1,18.0,2.0,,D,
7801,high,0,31.0,3.0,3.4,A,-100.0
7802,none,1,16.0,7.0,9.5,D,12.6
7803,medium,2,5.0,8.0,6.0,A,-3.3
7804,high,1,6.0,3.0,8.3,A,-3.8
7805,high,2,3.0,8.0,7.4,A,2.0
7806,high,2,7.0,18.0,7.7,A,15.0
7807,low,1,11.0,1.0,8.3,A,-5.5
7808,low,1,1.0,24.0,8.5,A,
7809,high,2,5.0,5.0,1.8,C,-100.0
7810,none,2,1.0,26.0,4.0,A,15.0
7811,low,1,30.0,1.0,7.1,C,-14.0
7812,high,3,19.0,1.0,10.0,A,-0.1
7813,low,0,22.0,13.0,1.8,B,-17.0
7814,low,1,2.0,5.0,9.8,C,12.1
7815,medium,2,4.0,8.0,7.6,A,5.6
7816,none,1,9.0,22.0,6.2,A,15.0
7817,low,1,3.0,17.0,,D,
7818,high,0,9.0,24.0,9.2,A,15.0
7819,high,4,13.0,1.0,8.9,A,-5.7
7820,low,3,11.0,2.0,8.6,A,-1.9
7821,low,1,5.0,8.0,1.5,A,-100.0
7822,low,2,5.0,23.0,6.5,A,15.0
7823,high,2,4.0,4.0,7.3,A,-7.1
7824,medium,3,8.0,30.0,2.2,A,15.0
7825,medium,0,14.0,2.0,9.7,A,3.7
7826,high,0,5.0,8.0,5.3,A,-9.6
7827,high,0,4.0,16.0,8.3,A,15.0
7828,none,1,9.0,16.0,8.3,C,15.0
7829,medium,0,10.0,3.0,6.2,A,-13.0
7830,low,1,15.0,6.0,7.8,C,1.9
7831,medium,1,2.0,2.0,9.8,A,5.4
7832,high,0,21.0,12.0,4.1,A,-9.4
7833,low,1,7.0,2.0,3.1,A,-100.0
7834,high,0,7.0,14.0,1.2,B,-19.7
7835,medium,0,2.0,1.0,2.7,A,-100.0
7836,low,1,6.0,7.0,8.1,B,6.5
7837,none,2,14.0,13.0,1.4,A,-19.2
7838,low,1,8.0,0.0,8.9,A,-4.0
7839,high,4,5.0,8.0,7.4,B,1.6
7840,none,0,13.0,15.0,8.3,A,15.0
7841,medium,1,11.0,4.0,3.3,A,-100.0
7842,medium,1,11.0,25.0,9.5,A,15.0
7843,medium,4,7.0,18.0,2.6,A,-1.4
7844,none,2,14.0,8.0,9.8,A,15.0
7845,medium,2,7.0,7.0,9.7,C,14.7
7846,low,1,1.0,18.0,9.9,C,15.0
7847,medium,1,2.0,2.0,5.9,A,-16.0
7848,low,0,21.0,3.0,2.4,C,-100.0
7849,high,3,9.0,26.0,6.8,A,15.0
7850,high,0,4.0,23.0,1.7,A,2.2
7851,high,1,5.0,2.0,9.3,A,-0.3
7852,low,0,9.0,15.0,8.3,A,15.0
7853,low,3,5.0,47.0,7.4,A,15.0
7854,low,0,3.0,7.0,9.8,B,15.0
7855,none,0,10.0,1.0,8.2,A,-6.4
7856,high,0,4.0,3.0,1.6,A,-100.0
7857,low,2,15.0,6.0,2.7,C,-100.0
7858,high,2,7.0,1.0,3.4,A,-100.0
7859,none,2,4.0,4.0,5.8,A,-12.9
7860,medium,1,5.0,17.0,9.4,A,15.0
7861,medium,1,2.0,22.0,8.9,A,15.0
7862,low,3,8.0,4.0,9.4,C,7.0
7863,medium,1,8.0,15.0,8.7,A,15.0
7864,medium,0,8.0,20.0,4.5,A,13.6
7865,high,2,27.0,13.0,8.5,A,15.0
7866,medium,1,2.0,2.0,2.8,C,-100.0
7867,high,0,17.0,9.0,8.7,A,10.0
7868,high,2,12.0,0.0,7.3,A,-16.3
7869,high,3,1.0,2.0,8.8,A,-2.8
7870,low,1,21.0,1.0,3.9,A,-100.0
7871,low,3,5.0,18.0,4.9,A,11.9
7872,medium,3,11.0,11.0,6.8,A,6.7
7873,low,2,7.0,21.0,1.3,C,-1.7
7874,high,1,12.0,4.0,9.8,C,6.0
7875,low,0,12.0,0.0,8.4,B,-7.0
7876,none,1,3.0,23.0,8.8,A,15.0
7877,,1,9.0,9.0,8.1,D,9.8
7878,high,0,8.0,13.0,4.4,A,-4.3
7879,none,1,15.0,8.0,6.7,A,-0.6
7880,high,3,2.0,7.0,7.7,A,1.5
7881,none,2,10.0,10.0,9.8,A,15.0
7882,high,1,4.0,0.0,4.7,A,-100.0
7883,medium,3,6.0,0.0,6.7,A,-16.5
7884,high,1,9.0,6.0,8.3,A,2.2
7885,medium,0,7.0,6.0,6.1,C,-7.0
7886,none,1,15.0,7.0,1.6,C,-100.0
7887,low,1,9.0,1.0,6.2,A,-16.8
7888,medium,0,6.0,19.0,8.6,D,15.0
7889,low,0,4.0,15.0,8.9,A,15.0
7890,low,0,9.0,11.0,7.6,A,12.0
7891,low,2,12.0,4.0,4.3,C,-100.0
7892,none,1,8.0,50.0,3.3,A,15.0
7893,high,1,5.0,3.0,3.4,C,-100.0
7894,low,0,5.0,3.0,1.5,D,-100.0
7895,medium,2,4.0,16.0,3.4,D,-0.7
7896,,1,7.0,8.0,9.3,A,14.5
7897,none,0,,6.0,5.5,C,
7898,high,1,17.0,4.0,1.4,A,-100.0
7899,high,0,5.0,8.0,1.1,A,-100.0
7900,medium,0,7.0,11.0,7.4,B,10.7
7901,low,1,17.0,11.0,6.9,A,7.2
7902,low,3,,2.0,9.6,C,
7903,none,1,12.0,5.0,6.0,A,-10.4
7904,medium,0,12.0,9.0,3.8,A,-13.8
7905,medium,1,10.0,3.0,5.6,A,-16.4
7906,none,0,8.0,11.0,3.5,A,-11.1
7907,medium,1,3.0,27.0,6.9,A,15.0
7908,medium,3,5.0,12.0,4.5,B,-3.2
7909,none,1,8.0,16.0,8.6,A,15.0
7910,high,4,12.0,0.0,6.8,A,-19.2
7911,low,1,5.0,0.0,4.4,A,-100.0
7912,low,0,17.0,27.0,8.3,C,15.0
7913,high,3,10.0,9.0,8.8,A,11.0
7914,low,1,19.0,24.0,4.4,A,15.0
7915,medium,1,26.0,16.0,3.7,A,-1.1
7916,high,2,13.0,17.0,9.3,B,15.0
7917,high,1,11.0,31.0,8.7,D,15.0
7918,low,2,16.0,5.0,5.1,A,-15.3
7919,none,0,19.0,7.0,9.1,B,10.2
7920,none,4,9.0,50.0,2.1,A,15.0
7921,medium,1,40.0,9.0,6.3,C,-3.0
7922,low,0,1.0,0.0,9.1,A,-2.1
7923,low,0,19.0,37.0,9.2,A,15.0
7924,high,2,9.0,13.0,5.3,A,0.3
7925,medium,0,9.0,36.0,1.8,A,15.0
7926,high,3,12.0,0.0,7.7,A,-14.2
7927,medium,3,11.0,12.0,7.1,A,10.5
7928,high,1,11.0,7.0,3.3,D,-100.0
7929,medium,2,4.0,10.0,8.0,A,12.0
7930,medium,0,5.0,3.0,8.3,A,-1.0
7931,none,1,8.0,4.0,2.2,A,-100.0
7932,medium,3,4.0,0.0,6.1,A,-19.6
7933,medium,1,7.0,6.0,8.4,A,5.6
7934,low,2,5.0,4.0,9.6,A,8.5
7935,low,3,,32.0,7.2,C,
7936,high,1,15.0,6.0,1.8,C,-100.0
7937,low,3,4.0,21.0,2.1,B,2.9
7938,low,1,3.0,5.0,8.4,C,4.3
7939,high,2,10.0,11.0,10.0,C,15.0
7940,low,4,17.0,6.0,9.2,A,9.1
7941,low,0,22.0,11.0,5.2,C,-2.5
7942,medium,0,2.0,6.0,8.1,C,4.6
7943,low,2,1.0,24.0,9.2,A,15.0
7944,medium,1,11.0,13.0,9.7,A,15.0
7945,medium,0,14.0,7.0,3.3,A,-100.0
7946,low,1,15.0,11.0,4.3,A,-6.9
7947,none,4,8.0,14.0,5.8,C,7.5
7948,low,2,11.0,18.0,8.6,A,15.0
7949,high,1,1.0,7.0,,A,
7950,medium,2,19.0,28.0,1.6,A,13.1
7951,low,1,37.0,5.0,6.1,B,-11.8
7952,medium,3,7.0,12.0,1.5,A,-20.0
7953,high,1,17.0,16.0,4.9,A,3.7
7954,medium,3,8.0,28.0,2.1,C,15.0
7955,low,2,10.0,4.0,9.9,A,9.6
7956,low,3,9.0,8.0,3.1,A,-19.4
7957,medium,2,25.0,6.0,5.5,C,-12.3
7958,,0,7.0,1.0,8.9,A,-2.3
7959,medium,2,12.0,8.0,9.1,A,13.1
7960,medium,2,2.0,2.0,3.1,D,-100.0
7961,high,4,10.0,8.0,9.6,A,13.2
7962,none,1,1.0,1.0,1.8,A,-100.0
7963,high,1,10.0,1.0,1.8,C,-100.0
7964,none,1,6.0,20.0,6.7,A,15.0
7965,medium,2,9.0,1.0,7.8,A,-8.5
7966,low,2,1.0,8.0,2.1,A,-100.0
7967,high,3,3.0,3.0,3.5,A,-100.0
7968,high,1,13.0,5.0,2.8,A,-100.0
7969,low,4,4.0,20.0,3.9,B,10.6
7970,medium,0,18.0,9.0,7.9,A,8.1
7971,high,0,2.0,3.0,8.4,A,-2.7
7972,medium,3,10.0,0.0,8.7,A,-5.8
7973,high,0,9.0,32.0,6.4,A,15.0
7974,low,0,14.0,5.0,9.7,C,10.4
7975,high,2,16.0,38.0,2.3,A,15.0
7976,high,1,14.0,1.0,4.4,B,-100.0
7977,low,0,2.0,5.0,8.0,A,2.3
7978,medium,3,4.0,2.0,3.8,A,-100.0
7979,medium,0,28.0,10.0,1.1,A,-100.0
7980,high,2,7.0,13.0,9.4,A,15.0
7981,low,4,18.0,29.0,9.6,A,15.0
7982,high,2,3.0,33.0,6.0,A,15.0
7983,medium,0,14.0,2.0,8.5,A,-2.8
7984,high,1,18.0,7.0,5.2,A,-13.6
7985,medium,2,5.0,3.0,6.4,A,-11.6
7986,high,0,13.0,2.0,5.7,C,-100.0
7987,none,3,9.0,1.0,4.9,A,-100.0
7988,low,3,8.0,8.0,4.7,A,-10.5
7989,low,3,20.0,25.0,9.5,A,15.0
7990,high,1,7.0,34.0,1.6,A,15.0
7991,low,0,14.0,8.0,9.0,B,12.9
7992,high,1,22.0,3.0,3.0,A,-100.0
7993,high,2,6.0,7.0,7.3,A,-1.0
7994,medium,1,11.0,4.0,7.8,D,-2.3
7995,none,2,19.0,1.0,3.7,A,-100.0
7996,medium,1,17.0,8.0,9.5,A,14.8
7997,medium,0,12.0,3.0,9.5,A,5.0
7998,medium,1,17.0,25.0,8.6,C,15.0
7999,low,0,2.0,9.0,4.4,C,-9.1
8000,medium,0,16.0,9.0,2.0,C,-100.0
8001,high,0,30.0,1.0,2.1,C,-100.0
8002,high,0,3.0,13.0,6.3,A,6.6
8003,medium,1,2.0,14.0,1.5,A,-15.1
8004,,3,5.0,14.0,2.9,A,-8.1
8005,low,3,8.0,23.0,8.2,C,15.0
8006,medium,2,8.0,27.0,9.8,A,15.0
8007,low,0,3.0,35.0,9.3,C,15.0
8008,low,3,9.0,3.0,9.4,A,4.8
8009,high,3,13.0,48.0,3.8,A,15.0
8010,medium,2,3.0,1.0,1.5,A,-100.0
8011,low,3,27.0,32.0,9.4,A,15.0
8012,high,1,10.0,5.0,2.5,C,-100.0
8013,low,2,3.0,50.0,8.0,A,15.0
8014,medium,3,4.0,2.0,6.3,A,-14.3
8015,medium,3,6.0,3.0,9.4,A,4.7
8016,none,3,2.0,6.0,7.4,C,0.2
8017,medium,2,7.0,39.0,2.3,A,15.0
8018,none,0,8.0,1.0,1.1,C,-100.0
8019,,0,19.0,15.0,8.9,A,15.0
8020,low,2,25.0,4.0,4.2,A,-100.0
8021,none,1,12.0,2.0,8.5,A,-3.0
8022,high,0,2.0,2.0,1.6,A,-100.0
8023,medium,1,6.0,3.0,8.7,C,1.1
8024,low,2,13.0,13.0,2.3,C,-13.6
8025,none,3,6.0,9.0,4.5,A,-9.9
8026,high,2,10.0,47.0,1.9,A,15.0
8027,high,0,34.0,4.0,2.4,A,-100.0
8028,low,1,31.0,1.0,9.6,A,-0.3
8029,low,0,3.0,8.0,8.6,A,11.8
8030,medium,1,11.0,26.0,9.2,A,15.0
8031,medium,1,12.0,35.0,4.1,C,15.0
8032,high,0,22.0,4.0,9.6,B,4.0
8033,medium,3,11.0,1.0,8.4,A,-5.5
8034,high,2,1.0,0.0,4.8,A,-100.0
8035,medium,2,31.0,25.0,7.6,A,15.0
8036,high,3,21.0,9.0,9.9,A,15.0
8037,high,4,4.0,1.0,8.9,D,-4.8
8038,high,3,12.0,14.0,2.4,B,-13.9
8039,medium,0,3.0,12.0,1.1,A,-100.0
8040,low,1,8.0,5.0,8.9,C,6.5
8041,medium,3,12.0,7.0,9.0,B,10.3
8042,low,4,3.0,1.0,8.5,A,-3.9
8043,medium,3,12.0,6.0,1.3,A,-100.0
8044,high,1,19.0,10.0,3.0,A,-19.5
8045,none,2,10.0,9.0,9.9,A,15.0
8046,low,2,10.0,1.0,4.7,B,-100.0
8047,medium,3,12.0,10.0,9.3,A,15.0
8048,low,2,7.0,9.0,9.8,A,15.0
8049,low,1,1.0,16.0,10.0,C,15.0
8050,low,0,17.0,0.0,9.2,A,-3.1
8051,medium,3,2.0,35.0,6.7,C,15.0
8052,none,3,5.0,3.0,2.8,A,-100.0
8053,medium,2,14.0,2.0,9.7,A,3.6
8054,high,2,12.0,8.0,9.2,A,11.0
8055,medium,1,23.0,6.0,6.5,A,-6.5
8056,high,0,8.0,20.0,9.7,C,15.0
8057,low,0,18.0,9.0,5.7,A,-3.6
8058,high,0,13.0,3.0,5.5,C,-19.8
8059,high,4,9.0,9.0,4.6,C,-12.1
8060,none,2,21.0,5.0,2.9,B,-100.0
8061,low,1,24.0,14.0,4.8,A,1.3
8062,medium,2,12.0,17.0,3.3,B,0.0
8063,none,2,5.0,15.0,9.7,A,15.0
8064,none,0,10.0,6.0,9.9,A,13.4
8065,medium,3,8.0,4.0,2.2,A,-100.0
8066,high,1,11.0,22.0,2.2,A,2.1
8067,low,2,17.0,15.0,1.3,A,-15.3
8068,high,1,4.0,5.0,7.9,A,-1.6
8069,medium,0,3.0,38.0,3.1,B,15.0
8070,medium,2,10.0,0.0,5.7,B,-100.0
8071,none,0,10.0,7.0,8.0,D,5.1
8072,high,0,3.0,2.0,3.8,A,-100.0
8073,high,1,8.0,1.0,1.4,C,-100.0
8074,low,3,13.0,1.0,9.1,A,-1.5
8075,none,2,10.0,36.0,4.9,A,15.0
8076,low,0,8.0,11.0,6.2,A,4.4
8077,none,2,13.0,7.0,8.3,A,6.2
8078,medium,1,12.0,11.0,2.4,A,-17.4
8079,medium,1,2.0,50.0,8.2,B,15.0
8080,low,0,11.0,31.0,9.4,C,15.0
8081,low,2,10.0,47.0,7.4,C,15.0
8082,none,0,8.0,1.0,7.8,A,-8.4
8083,none,0,4.0,1.0,2.9,D,-100.0
8084,low,2,5.0,50.0,1.3,A,15.0
8085,low,1,10.0,18.0,6.1,A,15.0
8086,low,0,3.0,23.0,6.7,A,15.0
8087,low,2,9.0,4.0,8.7,A,3.1
8088,high,2,17.0,50.0,9.6,D,15.0
8089,medium,1,4.0,3.0,3.5,A,-100.0
8090,medium,2,6.0,22.0,3.0,A,9.5
8091,medium,0,21.0,4.0,8.2,C,-1.0
8092,low,5,8.0,1.0,1.4,A,-100.0
8093,high,0,9.0,1.0,8.8,A,-5.4
8094,medium,0,5.0,20.0,8.5,D,15.0
8095,low,1,4.0,3.0,8.7,A,1.6
8096,low,2,6.0,6.0,2.2,B,-100.0
8097,low,1,12.0,7.0,9.6,A,14.2
8098,none,1,10.0,1.0,2.6,A,-100.0
8099,medium,0,10.0,38.0,9.2,A,15.0
8100,high,0,5.0,16.0,3.0,B,-5.4
8101,high,3,18.0,27.0,9.0,A,15.0
8102,medium,3,5.0,1.0,2.5,C,-100.0
8103,low,0,15.0,33.0,6.4,C,15.0
8104,,0,8.0,10.0,5.1,A,-4.4
8105,low,3,3.0,0.0,1.4,A,-100.0
8106,medium,1,21.0,3.0,4.8,C,-100.0
8107,low,0,10.0,33.0,8.8,C,15.0
8108,medium,1,17.0,3.0,9.4,A,3.8
8109,none,2,8.0,22.0,8.7,A,15.0
8110,high,2,4.0,6.0,8.4,A,3.2
8111,high,2,17.0,3.0,2.8,C,-100.0
8112,medium,0,6.0,0.0,1.1,A,-100.0
8113,none,3,9.0,20.0,2.0,A,-0.8
8114,high,4,2.0,1.0,2.0,B,-100.0
8115,low,1,4.0,5.0,8.5,A,4.7
8116,high,2,13.0,4.0,6.0,A,-15.1
8117,high,0,11.0,8.0,2.7,C,-100.0
8118,medium,0,6.0,20.0,9.8,B,15.0
8119,high,3,5.0,0.0,6.1,D,-100.0
8120,low,0,1.0,2.0,7.9,A,-4.5
8121,low,3,22.0,2.0,3.4,C,-100.0
8122,none,2,24.0,2.0,8.0,A,-7.0
8123,medium,0,1.0,42.0,8.6,C,15.0
8124,low,2,9.0,4.0,1.4,B,-100.0
8125,medium,2,18.0,2.0,9.2,C,0.4
8126,low,0,4.0,9.0,5.7,A,-2.2
8127,low,1,7.0,12.0,2.5,A,-13.9
8128,medium,1,19.0,22.0,4.2,A,14.9
8129,high,1,9.0,13.0,10.0,C,15.0
8130,low,0,6.0,4.0,8.2,A,0.9
8131,low,1,7.0,44.0,1.1,A,15.0
8132,high,1,15.0,2.0,5.8,C,-100.0
8133,low,2,10.0,5.0,1.9,A,-100.0
8134,low,0,21.0,15.0,1.5,C,-14.4
8135,medium,1,2.0,1.0,10.0,A,4.4
8136,medium,2,,0.0,2.6,C,
8137,low,2,11.0,15.0,6.3,A,12.8
8138,low,2,14.0,6.0,3.0,B,-100.0
8139,low,2,3.0,1.0,5.3,A,-100.0
8140,low,2,2.0,5.0,3.0,A,-100.0
8141,medium,2,40.0,1.0,2.7,B,-100.0
8142,none,0,4.0,32.0,7.2,A,15.0
8143,low,0,14.0,41.0,1.8,C,15.0
8144,high,1,5.0,5.0,7.5,C,-3.9
8145,none,0,6.0,16.0,1.2,B,-13.0
8146,low,0,10.0,2.0,5.9,A,-16.4
8147,high,2,15.0,3.0,8.2,A,-5.3
8148,high,0,13.0,15.0,8.7,D,15.0
8149,low,1,7.0,9.0,4.2,A,-10.8
8150,low,0,15.0,10.0,8.3,A,13.1
8151,none,1,17.0,10.0,8.4,A,12.8
8152,low,2,,14.0,1.9,C,
8153,medium,3,9.0,7.0,8.8,A,9.5
8154,medium,2,15.0,8.0,2.3,A,-100.0
8155,low,0,8.0,6.0,3.3,A,-100.0
8156,medium,2,9.0,10.0,8.5,A,14.2
8157,high,0,9.0,2.0,8.9,C,-2.8
8158,medium,0,10.0,5.0,5.6,A,-12.1
8159,medium,1,10.0,13.0,9.2,A,15.0
8160,medium,1,3.0,14.0,8.2,C,15.0
8161,medium,3,1.0,0.0,5.7,A,-100.0
8162,low,3,11.0,5.0,4.3,A,-19.3
8163,low,1,27.0,21.0,2.1,A,0.8
8164,medium,2,15.0,31.0,9.2,A,15.0
8165,medium,3,24.0,17.0,9.9,A,15.0
8166,none,2,15.0,3.0,9.0,A,1.5
8167,medium,1,8.0,10.0,8.4,A,13.9
8168,medium,0,12.0,2.0,2.3,B,-100.0
8169,medium,2,,40.0,7.5,C,
8170,none,3,1.0,8.0,8.0,A,7.8
8171,medium,1,15.0,8.0,9.3,A,13.9
8172,low,2,12.0,5.0,10.0,C,12.1
8173,medium,0,22.0,2.0,9.9,A,4.1
8174,high,1,2.0,0.0,9.4,D,-3.6
8175,high,1,5.0,4.0,8.2,B,-2.1
8176,low,1,10.0,8.0,9.4,B,15.0
8177,high,1,10.0,12.0,9.9,A,15.0
8178,high,1,17.0,38.0,4.6,D,15.0
8179,high,0,3.0,2.0,9.8,A,2.8
8180,medium,1,31.0,3.0,8.8,A,-0.9
8181,low,3,7.0,2.0,1.6,A,-100.0
8182,medium,2,3.0,2.0,9.8,A,5.2
8183,high,0,16.0,3.0,2.0,C,-100.0
8184,medium,1,21.0,11.0,2.9,A,-15.5
8185,medium,1,8.0,19.0,5.9,B,15.0
8186,medium,2,2.0,13.0,4.2,A,-2.4
8187,high,1,5.0,4.0,7.9,A,-3.8
8188,low,0,8.0,2.0,1.8,A,-100.0
8189,high,0,9.0,12.0,2.6,B,-16.4
8190,low,1,17.0,1.0,7.2,C,-12.1
8191,none,1,4.0,20.0,7.0,C,15.0
8192,medium,2,9.0,21.0,9.6,A,15.0
8193,medium,0,4.0,0.0,7.4,A,-12.1
8194,none,4,5.0,13.0,5.5,A,4.0
8195,medium,1,15.0,6.0,9.5,B,10.8
8196,high,1,7.0,11.0,8.7,A,15.0
8197,low,1,1.0,41.0,8.8,A,15.0
8198,none,0,8.0,26.0,8.7,A,15.0
8199,medium,1,7.0,9.0,9.0,A,15.0
8200,low,0,4.0,50.0,2.5,A,15.0
8201,high,3,15.0,11.0,8.2,A,11.4
8202,medium,1,7.0,6.0,6.0,A,-7.6
8203,medium,1,8.0,29.0,2.4,A,15.0
8204,medium,2,6.0,4.0,8.6,A,2.5
8205,medium,3,12.0,1.0,8.6,C,-4.5
8206,high,2,15.0,9.0,5.1,C,-9.8
8207,high,2,4.0,10.0,5.8,A,-2.7
8208,medium,1,9.0,21.0,9.4,A,15.0
8209,none,1,5.0,12.0,9.9,B,15.0
8210,low,0,7.0,3.0,3.3,B,-100.0
8211,none,0,3.0,7.0,3.8,C,-17.3
8212,medium,1,11.0,8.0,9.1,A,13.3
8213,high,3,17.0,6.0,4.8,A,-18.0
8214,none,1,5.0,8.0,2.5,A,-100.0
8215,high,5,5.0,8.0,9.9,B,15.0
8216,high,5,10.0,10.0,4.0,A,-13.5
8217,none,2,4.0,14.0,3.7,A,-3.5
8218,high,1,8.0,4.0,2.1,A,-100.0
8219,low,2,7.0,22.0,6.2,A,15.0
8220,low,0,3.0,4.0,3.3,A,-100.0
8221,none,5,7.0,16.0,8.1,A,15.0
8222,low,1,4.0,14.0,2.5,A,-9.4
8223,low,2,13.0,4.0,9.8,A,8.8
8224,low,0,12.0,2.0,3.3,B,-100.0
8225,none,3,12.0,46.0,9.7,A,15.0
8226,low,1,8.0,15.0,8.0,B,15.0
8227,medium,5,11.0,33.0,6.2,A,15.0
8228,low,1,4.0,12.0,5.8,A,4.6
8229,none,2,9.0,10.0,9.5,A,15.0
8230,low,0,7.0,6.0,9.0,B,9.4
8231,high,1,15.0,4.0,2.0,B,-100.0
8232,low,1,8.0,9.0,2.0,B,-100.0
8233,low,1,4.0,2.0,7.2,C,-8.7
8234,none,2,19.0,0.0,3.4,A,-100.0
8235,high,3,21.0,21.0,8.1,A,15.0
8236,low,1,7.0,13.0,6.9,C,12.4
8237,low,0,4.0,3.0,4.3,C,-100.0
8238,medium,1,16.0,28.0,8.1,A,15.0
8239,low,0,13.0,35.0,1.1,A,15.0
8240,none,3,4.0,26.0,10.0,A,15.0
8241,high,0,6.0,4.0,5.0,A,-19.7
8242,medium,3,4.0,19.0,9.0,A,15.0
8243,medium,2,4.0,4.0,3.7,B,-100.0
8244,low,1,7.0,5.0,6.4,D,-7.1
8245,none,3,11.0,4.0,7.4,C,-4.9
8246,medium,0,10.0,14.0,7.1,A,15.0
8247,high,0,19.0,2.0,5.9,C,-100.0
8248,medium,2,3.0,3.0,8.3,C,-1.0
8249,medium,3,16.0,6.0,8.4,A,4.5
8250,medium,1,19.0,1.0,8.8,A,-3.9
8251,medium,3,9.0,5.0,8.5,A,3.7
8252,none,0,11.0,4.0,9.7,C,8.0
8253,,1,6.0,15.0,4.1,A,0.7
8254,low,1,11.0,10.0,8.3,A,13.4
8255,none,0,20.0,24.0,6.5,A,15.0
8256,low,1,6.0,4.0,5.5,C,-14.1
8257,low,1,12.0,17.0,2.3,C,-5.0
8258,low,1,7.0,19.0,1.1,A,-6.9
8259,low,4,28.0,44.0,8.0,A,15.0
8260,low,2,27.0,6.0,3.2,A,-100.0
8261,low,1,18.0,0.0,5.6,A,-100.0
8262,high,2,14.0,2.0,2.6,A,-100.0
8263,low,5,10.0,10.0,2.6,B,-18.2
8264,medium,1,13.0,14.0,2.2,B,-12.3
8265,low,1,6.0,6.0,3.4,A,-100.0
8266,high,1,14.0,12.0,2.0,A,-100.0
8267,medium,1,7.0,1.0,5.0,D,-100.0
8268,high,0,3.0,10.0,2.6,A,-100.0
8269,high,0,17.0,0.0,9.7,A,-3.4
8270,,1,17.0,15.0,8.3,C,15.0
8271,medium,2,15.0,2.0,8.5,C,-3.1
8272,high,1,5.0,4.0,7.8,A,-4.3
8273,medium,1,6.0,7.0,2.5,A,-100.0
8274,medium,0,8.0,7.0,4.8,A,-12.1
8275,low,2,4.0,9.0,8.1,A,10.8
8276,none,1,10.0,12.0,2.2,A,-16.4
8277,high,1,14.0,21.0,9.1,D,15.0
8278,none,2,1.0,9.0,6.4,A,1.2
8279,medium,3,13.0,5.0,2.9,D,-100.0
8280,medium,2,8.0,5.0,2.9,A,-100.0
8281,,2,11.0,0.0,9.1,C,-3.9
8282,high,2,9.0,9.0,2.5,C,-100.0
8283,high,2,5.0,13.0,1.7,A,-19.1
8284,low,3,4.0,50.0,1.3,A,15.0
8285,high,4,8.0,8.0,6.1,A,-5.9
8286,high,2,12.0,4.0,2.0,A,-100.0
8287,high,0,3.0,3.0,8.4,C,-2.8
8288,none,1,,1.0,5.1,C,
8289,medium,2,6.0,19.0,8.4,B,15.0
8290,low,1,8.0,37.0,3.9,A,15.0
8291,low,0,13.0,21.0,8.2,A,15.0
8292,medium,1,9.0,18.0,8.3,B,15.0
8293,low,4,4.0,4.0,3.5,A,-100.0
8294,none,0,19.0,21.0,9.2,A,15.0
8295,low,2,7.0,13.0,3.0,A,-9.1
8296,high,1,11.0,0.0,2.8,A,-100.0
8297,none,1,17.0,32.0,9.9,A,15.0
8298,high,0,28.0,16.0,6.8,C,13.2
8299,high,2,20.0,6.0,2.5,B,-100.0
8300,high,3,5.0,13.0,9.7,A,15.0
8301,none,1,15.0,17.0,5.4,A,11.2
8302,medium,0,12.0,4.0,6.3,A,-10.5
8303,medium,1,7.0,9.0,4.3,A,-10.7
8304,high,3,6.0,4.0,6.7,A,-10.7
8305,medium,0,16.0,5.0,1.3,C,-100.0
8306,medium,0,3.0,1.0,1.3,C,-100.0
8307,high,0,11.0,8.0,5.4,A,-9.6
8308,low,2,32.0,25.0,9.4,A,15.0
8309,low,0,12.0,10.0,2.8,A,-16.8
8310,high,3,32.0,4.0,9.2,C,0.5
8311,low,1,4.0,20.0,7.5,A,15.0
8312,low,1,11.0,1.0,1.4,B,-100.0
8313,low,1,13.0,23.0,2.9,A,10.8
8314,medium,2,11.0,3.0,5.3,A,-18.3
8315,high,0,15.0,8.0,7.9,A,3.7
8316,medium,3,4.0,23.0,7.1,A,15.0
8317,low,0,17.0,33.0,3.6,B,15.0
8318,medium,3,27.0,15.0,1.2,A,-17.3
8319,medium,1,16.0,5.0,5.9,A,-11.2
8320,,2,11.0,45.0,4.1,A,15.0
8321,medium,3,12.0,1.0,3.8,A,-100.0
8322,medium,3,4.0,9.0,9.9,A,15.0
8323,medium,0,7.0,11.0,5.5,A,0.3
8324,low,2,4.0,26.0,9.9,A,15.0
8325,none,3,4.0,46.0,8.4,A,15.0
8326,medium,1,2.0,15.0,9.4,C,15.0
8327,low,1,6.0,6.0,4.4,A,-15.9
8328,medium,1,9.0,12.0,3.0,A,-11.7
8329,none,0,8.0,8.0,7.1,A,2.4
8330,low,1,8.0,3.0,8.5,A,0.1
8331,medium,5,5.0,48.0,9.3,A,15.0
8332,medium,1,1.0,17.0,9.0,A,15.0
8333,high,1,5.0,2.0,7.4,B,-10.7
8334,low,0,14.0,2.0,9.5,C,3.0
8335,high,0,8.0,2.0,3.9,A,-100.0
8336,none,0,5.0,10.0,5.3,A,-3.0
8337,high,2,12.0,1.0,9.5,A,-2.1
8338,low,1,2.0,7.0,1.0,B,-100.0
8339,medium,1,17.0,1.0,9.4,A,-0.4
8340,low,2,11.0,3.0,9.5,C,5.2
8341,high,2,2.0,1.0,8.9,A,-4.4
8342,high,2,8.0,5.0,1.3,D,-100.0
8343,none,0,7.0,14.0,7.6,B,15.0
8344,medium,3,10.0,1.0,1.2,A,-100.0
8345,,1,11.0,22.0,9.9,A,15.0
8346,high,2,2.0,34.0,4.5,A,15.0
8347,medium,5,1.0,28.0,9.1,A,15.0
8348,medium,0,20.0,15.0,10.0,A,15.0
8349,low,2,4.0,5.0,9.7,A,11.2
8350,medium,1,4.0,10.0,4.6,A,-6.6
8351,high,3,4.0,28.0,6.8,A,15.0
8352,medium,2,4.0,5.0,9.4,A,9.2
8353,high,2,9.0,19.0,4.7,A,9.6
8354,low,1,17.0,22.0,5.6,A,15.0
8355,none,3,5.0,12.0,4.1,A,-5.7
8356,low,2,13.0,1.0,5.5,A,-100.0
8357,medium,2,17.0,20.0,8.6,A,15.0
8358,high,2,4.0,6.0,4.9,A,-16.1
8359,high,1,9.0,22.0,8.8,A,15.0
8360,high,2,3.0,5.0,6.4,B,-9.8
8361,none,0,13.0,0.0,8.9,A,-5.0
8362,,1,9.0,9.0,2.4,A,-100.0
8363,medium,1,,13.0,8.8,C,
8364,low,1,11.0,2.0,8.7,A,-1.2
8365,none,0,19.0,5.0,1.4,A,-100.0
8366,high,0,6.0,24.0,8.2,D,15.0
8367,high,0,8.0,5.0,9.2,A,5.3
8368,high,1,14.0,16.0,9.7,C,15.0
8369,medium,2,20.0,19.0,8.9,C,15.0
8370,low,1,4.0,5.0,9.7,A,11.3
8371,high,1,18.0,5.0,5.5,A,-16.2
8372,none,3,22.0,3.0,8.6,A,-1.5
8373,none,1,26.0,3.0,2.8,C,-100.0
8374,high,2,7.0,2.0,8.2,D,-6.6
8375,none,2,9.0,5.0,7.5,D,-2.0
8376,none,4,12.0,1.0,1.2,B,-100.0
8377,medium,1,12.0,1.0,1.2,A,-100.0
8378,low,1,23.0,6.0,8.2,D,3.3
8379,high,1,7.0,6.0,9.7,A,10.1
8380,,1,2.0,8.0,4.0,A,-14.1
8381,low,0,14.0,1.0,1.4,A,-100.0
8382,medium,0,5.0,16.0,8.5,A,15.0
8383,medium,1,11.0,1.0,8.2,D,-6.4
8384,high,0,15.0,18.0,9.8,A,15.0
8385,high,0,8.0,8.0,2.8,A,-100.0
8386,medium,0,17.0,1.0,1.9,A,-100.0
8387,high,0,4.0,20.0,2.7,B,1.4
8388,high,3,7.0,3.0,7.5,A,-8.5
8389,low,2,2.0,23.0,6.1,A,15.0
8390,none,3,16.0,3.0,3.8,D,-100.0
8391,low,2,7.0,4.0,9.6,A,8.3
8392,high,3,5.0,8.0,3.4,C,-100.0
8393,medium,1,8.0,0.0,9.0,A,-3.8
8394,high,1,15.0,22.0,9.1,D,15.0
8395,high,0,,4.0,9.0,C,
8396,high,3,15.0,18.0,1.9,C,-8.6
8397,low,1,6.0,11.0,7.7,C,12.7
8398,none,0,9.0,5.0,9.8,C,10.9
8399,high,0,19.0,22.0,5.2,B,15.0
8400,low,1,16.0,1.0,6.5,B,-15.9
8401,medium,0,9.0,2.0,3.2,B,-100.0
8402,low,4,7.0,1.0,2.1,A,-100.0
8403,high,1,11.0,0.0,8.0,C,-12.2
8404,high,2,26.0,1.0,9.1,A,-5.7
8405,high,2,8.0,39.0,5.5,A,15.0
8406,medium,1,16.0,9.0,9.5,A,15.0
8407,,2,10.0,8.0,6.7,A,-0.2
8408,none,1,6.0,24.0,5.3,A,15.0
8409,low,1,5.0,34.0,5.4,A,15.0
8410,none,3,17.0,8.0,7.2,A,1.8
8411,medium,1,11.0,5.0,1.4,A,-100.0
8412,high,3,13.0,7.0,8.4,A,4.3
8413,high,1,4.0,7.0,9.8,A,13.1
8414,low,3,28.0,9.0,5.2,A,-7.6
8415,high,2,7.0,3.0,7.1,C,-10.6
8416,low,1,6.0,2.0,1.8,A,-100.0
8417,low,1,14.0,19.0,3.7,A,6.7
8418,high,3,4.0,6.0,7.0,C,-4.6
8419,medium,1,21.0,7.0,3.2,A,-100.0
8420,high,2,6.0,14.0,8.9,B,15.0
8421,none,1,3.0,2.0,8.2,A,-3.7
8422,none,2,17.0,50.0,6.1,A,15.0
8423,high,2,8.0,9.0,3.8,A,-16.2
8424,high,0,9.0,16.0,8.6,C,15.0
8425,medium,1,27.0,2.0,9.0,A,-1.5
8426,low,0,16.0,1.0,2.0,A,-100.0
8427,low,0,11.0,9.0,9.1,A,15.0
8428,high,0,18.0,18.0,9.0,D,15.0
8429,low,1,13.0,14.0,1.7,A,-14.7
8430,high,2,8.0,15.0,6.4,A,10.7
8431,high,0,6.0,16.0,8.3,C,15.0
8432,medium,1,8.0,5.0,9.0,C,6.7
8433,none,1,11.0,2.0,8.4,A,-3.4
8434,low,3,10.0,11.0,1.1,A,-100.0
8435,high,1,11.0,49.0,6.5,A,15.0
8436,high,1,3.0,6.0,9.3,A,8.3
8437,low,1,16.0,7.0,2.0,B,-100.0
8438,high,1,12.0,1.0,6.9,A,-16.3
8439,medium,0,13.0,4.0,2.9,A,-100.0
8440,low,0,7.0,7.0,9.9,C,15.0
8441,high,2,16.0,1.0,3.6,C,-100.0
8442,none,3,7.0,14.0,8.4,A,15.0
8443,low,0,9.0,1.0,8.4,A,-4.6
8444,low,2,4.0,18.0,1.6,C,-6.0
8445,high,2,14.0,7.0,7.9,A,1.5
8446,high,4,21.0,29.0,8.1,A,15.0
8447,medium,0,7.0,1.0,1.5,A,-100.0
8448,none,2,24.0,14.0,7.0,C,12.7
8449,low,0,11.0,8.0,3.2,A,-18.7
8450,medium,0,3.0,2.0,4.4,A,-100.0
8451,medium,4,15.0,23.0,5.2,C,15.0
8452,low,1,20.0,2.0,3.0,D,-100.0
8453,low,1,13.0,5.0,3.3,A,-100.0
8454,none,1,17.0,5.0,5.6,A,-13.1
8455,low,2,3.0,6.0,5.4,A,-10.2
8456,none,2,3.0,2.0,7.0,A,-10.4
8457,none,4,12.0,10.0,9.8,A,15.0
8458,low,2,8.0,4.0,3.3,A,-100.0
8459,low,2,4.0,4.0,5.3,A,-15.1
8460,low,2,18.0,13.0,9.0,C,15.0
8461,high,1,2.0,4.0,7.4,A,-6.2
8462,low,4,3.0,6.0,7.6,A,1.7
8463,medium,0,10.0,4.0,7.5,A,-3.8
8464,low,3,13.0,6.0,3.5,C,-100.0
8465,low,2,12.0,10.0,5.1,C,-4.4
8466,low,1,11.0,9.0,7.0,A,4.2
8467,low,3,12.0,5.0,8.5,A,3.7
8468,low,2,14.0,16.0,8.4,A,15.0
8469,none,3,5.0,9.0,9.9,A,15.0
8470,medium,2,8.0,24.0,4.3,A,15.0
8471,low,2,17.0,26.0,9.4,C,15.0
8472,low,1,8.0,8.0,8.8,A,12.3
8473,high,1,13.0,26.0,3.2,C,15.0
8474,high,2,27.0,6.0,7.4,A,-4.6
8475,,2,23.0,3.0,8.3,A,-3.2
8476,high,0,14.0,6.0,9.9,C,10.6
8477,high,3,9.0,25.0,7.4,C,15.0
8478,medium,2,8.0,1.0,1.9,A,-100.0
8479,high,0,5.0,10.0,9.9,A,15.0
8480,none,2,7.0,0.0,8.2,A,-8.4
8481,low,0,6.0,6.0,2.7,A,-100.0
8482,high,4,3.0,6.0,4.3,B,-19.5
8483,low,1,2.0,11.0,9.1,C,15.0
8484,none,2,13.0,9.0,9.5,A,15.0
8485,,2,6.0,2.0,8.3,A,-3.6
8486,high,2,9.0,24.0,7.4,A,15.0
8487,high,3,10.0,3.0,9.7,A,3.3
8488,high,1,13.0,11.0,4.9,A,-6.4
8489,none,0,,23.0,9.0,C,
8490,high,1,5.0,31.0,3.7,C,15.0
8491,none,0,1.0,4.0,8.2,D,0.8
8492,low,2,5.0,12.0,8.8,A,15.0
8493,medium,2,4.0,18.0,8.3,A,15.0
8494,none,1,4.0,7.0,3.1,A,-100.0
8495,high,1,4.0,5.0,9.2,A,5.6
8496,high,1,10.0,9.0,4.2,A,-14.1
8497,low,0,7.0,5.0,8.4,D,4.0
8498,high,2,2.0,17.0,3.6,A,0.1
8499,high,1,22.0,2.0,2.4,A,-100.0
8500,low,1,9.0,8.0,8.5,A,10.5
8501,medium,2,17.0,16.0,2.7,B,-5.9
8502,high,1,5.0,21.0,9.4,A,15.0
8503,medium,2,7.0,18.0,9.4,B,15.0
8504,medium,1,16.0,13.0,10.0,A,15.0
8505,high,1,6.0,3.0,8.4,A,-3.2
8506,medium,4,8.0,13.0,1.9,A,-15.9
8507,none,2,12.0,25.0,8.1,B,15.0
8508,low,0,5.0,35.0,3.5,A,15.0
8509,low,2,11.0,4.0,4.1,A,-100.0
8510,medium,0,3.0,8.0,2.7,A,-100.0
8511,medium,3,11.0,8.0,3.5,A,-17.7
8512,high,0,8.0,16.0,8.8,A,15.0
8513,low,3,5.0,12.0,8.1,C,15.0
8514,high,0,9.0,23.0,8.9,B,15.0
8515,none,0,4.0,48.0,9.0,A,15.0
8516,medium,4,12.0,5.0,8.8,D,4.9
8517,low,2,7.0,7.0,3.3,A,-100.0
8518,high,1,13.0,5.0,5.3,C,-16.8
8519,high,2,13.0,11.0,7.6,A,8.4
8520,low,0,4.0,17.0,3.6,B,3.1
8521,high,2,17.0,8.0,9.7,D,13.2
8522,low,3,15.0,16.0,7.0,A,15.0
8523,none,1,1.0,26.0,2.0,C,12.8
8524,none,1,4.0,21.0,3.4,B,9.7
8525,medium,2,8.0,2.0,7.4,A,-8.5
8526,medium,0,5.0,9.0,3.5,A,-14.7
8527,none,1,6.0,16.0,8.1,A,15.0
8528,none,4,9.0,4.0,1.1,B,-100.0
8529,high,2,3.0,13.0,8.1,A,15.0
8530,medium,3,18.0,6.0,9.2,A,8.7
8531,none,1,6.0,1.0,1.0,B,-100.0
8532,none,2,5.0,6.0,3.1,A,-100.0
8533,none,1,29.0,4.0,2.3,A,-100.0
8534,low,2,4.0,7.0,6.3,B,-3.3
8535,medium,0,3.0,32.0,8.3,C,15.0
8536,none,4,8.0,10.0,2.5,A,-19.1
8537,high,0,17.0,0.0,8.0,A,-12.7
8538,medium,1,14.0,4.0,9.1,A,4.6
8539,low,3,23.0,1.0,4.6,A,-100.0
8540,medium,2,11.0,7.0,8.4,A,7.2
8541,high,2,14.0,11.0,1.5,C,-100.0
8542,low,1,10.0,8.0,8.6,B,11.0
8543,high,0,3.0,6.0,6.9,A,-4.8
8544,low,1,20.0,5.0,1.0,A,-100.0
8545,none,1,31.0,14.0,5.3,A,2.7
8546,high,3,7.0,17.0,1.5,A,-12.1
8547,low,1,7.0,5.0,8.1,A,2.2
8548,medium,4,15.0,18.0,9.2,A,15.0
8549,low,0,13.0,1.0,10.0,A,3.8
8550,none,0,11.0,8.0,8.0,A,7.1
8551,low,0,2.0,14.0,8.8,D,15.0
8552,medium,1,3.0,4.0,8.1,D,0.2
8553,none,0,13.0,8.0,8.1,A,7.4
8554,high,2,2.0,40.0,1.4,A,15.0
8555,high,0,8.0,15.0,2.8,A,-8.9
8556,medium,0,24.0,10.0,8.9,A,15.0
8557,high,2,14.0,40.0,2.5,A,15.0
8558,none,0,16.0,15.0,8.2,A,15.0
8559,medium,2,5.0,33.0,8.8,A,15.0
8560,high,3,18.0,13.0,3.0,D,-13.3
8561,high,2,7.0,6.0,8.2,A,1.8
8562,medium,0,3.0,4.0,5.4,A,-14.6
8563,low,2,17.0,9.0,8.5,A,11.7
8564,high,0,12.0,1.0,9.7,B,-0.8
8565,low,1,3.0,4.0,9.8,B,9.9
8566,medium,1,7.0,4.0,9.8,A,9.1
8567,high,1,19.0,5.0,3.4,A,-100.0
8568,high,1,2.0,13.0,4.1,A,-5.5
8569,none,2,13.0,10.0,4.1,A,-10.6
8570,medium,2,8.0,3.0,7.1,A,-8.1
8571,medium,0,4.0,13.0,4.1,D,-2.9
8572,low,1,12.0,1.0,6.7,A,-14.4
8573,low,2,10.0,27.0,8.0,A,15.0
8574,low,5,15.0,5.0,9.1,C,6.5
8575,high,0,8.0,3.0,8.6,A,-2.2
8576,medium,3,10.0,5.0,9.4,C,8.5
8577,low,1,13.0,6.0,8.6,B,6.5
8578,low,4,13.0,2.0,7.3,A,-9.4
8579,high,0,12.0,48.0,5.7,C,15.0
8580,medium,0,6.0,2.0,9.8,A,5.1
8581,none,2,25.0,14.0,1.2,A,-19.3
8582,low,2,8.0,1.0,2.3,A,-100.0
8583,high,0,5.0,1.0,3.3,A,-100.0
8584,medium,1,6.0,4.0,9.6,A,8.1
8585,low,1,7.0,1.0,3.4,A,-100.0
8586,medium,1,12.0,3.0,9.0,A,2.1
8587,medium,3,5.0,4.0,8.9,C,4.2
8588,medium,0,1.0,50.0,,A,
8589,high,3,28.0,1.0,1.2,C,-100.0
8590,low,4,6.0,6.0,9.3,A,10.7
8591,high,0,9.0,4.0,1.4,A,-100.0
8592,medium,1,16.0,7.0,8.9,B,9.5
8593,medium,2,12.0,2.0,7.6,A,-7.8
8594,low,2,4.0,6.0,1.1,A,-100.0
8595,high,3,10.0,4.0,1.7,A,-100.0
8596,low,0,8.0,12.0,3.0,A,-11.1
8597,high,2,20.0,2.0,4.3,A,-100.0
8598,low,4,5.0,8.0,6.0,A,-3.1
8599,high,2,6.0,6.0,6.8,A,-5.8
8600,low,2,6.0,2.0,8.4,B,-2.4
8601,medium,2,7.0,2.0,2.9,A,-100.0
8602,low,2,4.0,9.0,1.0,A,-100.0
8603,low,5,9.0,2.0,9.9,A,5.2
8604,none,2,5.0,13.0,8.1,A,15.0
8605,low,3,8.0,0.0,6.7,A,-16.3
8606,none,0,23.0,5.0,8.7,A,3.4
8607,none,4,10.0,16.0,8.8,A,15.0
8608,low,0,24.0,2.0,9.0,A,-0.7
8609,high,2,6.0,3.0,5.4,A,-19.8
8610,high,0,3.0,8.0,8.6,A,8.8
8611,low,3,7.0,10.0,5.1,A,-4.0
8612,none,1,7.0,2.0,3.2,B,-100.0
8613,medium,2,12.0,47.0,3.0,A,15.0
8614,medium,3,6.0,10.0,2.2,A,-100.0
8615,high,0,14.0,2.0,1.7,A,-100.0
8616,none,1,10.0,2.0,9.0,A,-0.0
8617,medium,2,15.0,45.0,4.1,B,15.0
8618,medium,0,9.0,25.0,2.2,A,11.3
8619,medium,4,2.0,4.0,3.1,C,-100.0
8620,none,0,7.0,1.0,6.3,B,-16.6
8621,high,3,14.0,1.0,7.9,D,-11.2
8622,medium,0,26.0,7.0,2.8,B,-100.0
8623,low,1,11.0,4.0,4.9,A,-17.9
8624,none,2,12.0,21.0,5.7,A,15.0
8625,high,3,5.0,1.0,8.4,A,-7.5
8626,medium,1,7.0,2.0,2.1,C,-100.0
8627,medium,0,5.0,0.0,3.4,A,-100.0
8628,low,3,4.0,18.0,7.5,A,15.0
8629,high,1,7.0,5.0,8.3,A,0.3
8630,low,4,6.0,0.0,1.1,A,-100.0
8631,none,0,10.0,13.0,3.4,A,-7.6
8632,,2,3.0,5.0,9.1,A,7.4
8633,high,0,4.0,6.0,1.8,A,-100.0
8634,low,1,3.0,1.0,3.4,C,-100.0
8635,medium,1,18.0,1.0,7.7,C,-9.8
8636,high,0,4.0,22.0,8.5,A,15.0
8637,high,2,16.0,8.0,4.9,A,-13.1
8638,low,1,0.0,50.0,3.9,D,15.0
8639,medium,1,14.0,4.0,4.9,A,-18.6
8640,high,1,15.0,26.0,8.1,A,15.0
8641,none,1,29.0,16.0,6.3,C,12.6
8642,low,0,12.0,3.0,3.4,A,-100.0
8643,low,5,6.0,9.0,3.5,D,-15.0
8644,high,1,4.0,13.0,1.7,A,-18.9
8645,high,2,20.0,27.0,2.9,A,15.0
8646,low,1,18.0,19.0,8.6,D,15.0
8647,high,3,5.0,3.0,5.8,A,-17.6
8648,low,2,26.0,5.0,8.1,D,0.2
8649,medium,3,8.0,7.0,5.6,D,-8.0
8650,high,1,22.0,1.0,7.9,A,-11.8
8651,high,2,5.0,19.0,3.9,A,5.6
8652,low,1,13.0,13.0,9.9,A,15.0
8653,medium,1,8.0,15.0,9.4,C,15.0
8654,high,3,28.0,19.0,9.2,D,15.0
8655,high,2,1.0,17.0,8.1,B,15.0
8656,,1,19.0,26.0,1.4,C,7.7
8657,high,0,16.0,6.0,4.4,A,-19.8
8658,medium,1,6.0,10.0,9.2,A,15.0
8659,low,1,33.0,10.0,6.9,B,3.5
8660,,3,3.0,7.0,7.2,B,1.1
8661,high,2,7.0,21.0,8.1,C,15.0
8662,medium,2,24.0,19.0,3.2,B,2.5
8663,none,0,8.0,17.0,9.0,B,15.0
8664,low,0,,2.0,7.5,C,
8665,high,1,20.0,33.0,2.7,A,15.0
8666,high,0,19.0,21.0,1.5,A,-4.6
8667,none,2,20.0,40.0,10.0,C,15.0
8668,low,2,8.0,19.0,9.8,A,15.0
8669,low,3,13.0,9.0,1.6,A,-100.0
8670,medium,2,14.0,1.0,1.4,A,-100.0
8671,high,0,4.0,17.0,10.0,A,15.0
8672,low,1,8.0,7.0,9.9,A,15.0
8673,none,1,7.0,50.0,3.9,B,15.0
8674,high,0,35.0,15.0,1.0,B,-100.0
8675,high,1,5.0,2.0,5.2,C,-100.0
8676,low,1,14.0,29.0,5.8,A,15.0
8677,low,2,32.0,1.0,5.1,A,-100.0
8678,high,1,2.0,5.0,6.1,A,-11.3
8679,none,3,3.0,13.0,1.1,C,-19.9
8680,high,1,6.0,1.0,2.2,A,-100.0
8681,low,1,17.0,16.0,8.2,A,15.0
8682,low,1,9.0,14.0,3.4,A,-4.9
8683,none,1,13.0,15.0,8.2,C,15.0
8684,medium,0,11.0,2.0,1.6,A,-100.0
8685,medium,1,5.0,10.0,6.5,A,3.8
8686,low,2,4.0,12.0,1.6,C,-18.6
8687,high,3,2.0,11.0,7.7,A,9.9
8688,medium,6,5.0,3.0,5.4,C,-17.5
8689,high,0,2.0,19.0,6.8,A,15.0
8690,medium,1,3.0,2.0,2.0,C,-100.0
8691,high,2,26.0,2.0,8.0,A,-9.6
8692,none,1,14.0,5.0,7.9,A,-0.2
8693,low,2,6.0,13.0,4.1,A,-3.0
8694,none,1,5.0,26.0,8.8,C,15.0
8695,low,1,18.0,6.0,6.8,C,-3.9
8696,low,5,6.0,20.0,8.9,C,15.0
8697,medium,4,9.0,25.0,6.4,A,15.0
8698,high,1,16.0,12.0,9.9,A,15.0
8699,medium,0,22.0,7.0,9.1,A,10.1
8700,none,2,14.0,11.0,1.3,A,-100.0
8701,medium,1,25.0,11.0,8.6,C,15.0
8702,low,0,10.0,8.0,9.0,A,13.3
8703,low,2,25.0,12.0,4.6,A,-4.2
8704,low,2,2.0,4.0,9.4,C,7.7
8705,low,2,10.0,20.0,8.4,D,15.0
8706,none,3,16.0,5.0,9.8,A,9.9
8707,medium,3,7.0,2.0,9.0,C,0.3
8708,high,1,6.0,1.0,6.1,B,-100.0
8709,low,3,2.0,12.0,6.0,B,5.7
8710,medium,1,9.0,3.0,5.3,C,-18.0
8711,low,1,1.0,2.0,6.9,A,-10.1
8712,high,1,12.0,7.0,4.4,A,-17.4
8713,high,2,2.0,2.0,2.3,B,-100.0
8714,none,1,21.0,1.0,4.9,C,-100.0
8715,low,1,7.0,8.0,8.2,A,9.1
8716,high,0,17.0,15.0,7.2,B,14.4
8717,low,2,4.0,13.0,9.7,A,15.0
8718,low,4,7.0,2.0,9.2,A,1.7
8719,none,2,1.0,23.0,8.1,B,15.0
8720,low,0,4.0,21.0,1.6,A,0.5
8721,low,3,5.0,6.0,8.9,C,8.7
8722,medium,2,1.0,25.0,3.2,B,15.0
8723,low,0,23.0,9.0,1.0,A,-100.0
8724,none,1,10.0,23.0,8.2,A,15.0
8725,high,1,4.0,2.0,3.7,A,-100.0
8726,high,3,20.0,2.0,7.6,A,-11.3
8727,low,2,11.0,5.0,9.8,A,11.1
8728,medium,0,,7.0,9.7,C,
8729,none,1,22.0,7.0,9.2,A,10.4
8730,high,3,5.0,1.0,3.8,A,-100.0
8731,high,2,2.0,3.0,2.0,A,-100.0
8732,none,1,19.0,6.0,9.5,A,10.2
8733,medium,1,5.0,5.0,6.3,A,-7.8
8734,medium,3,26.0,1.0,1.6,A,-100.0
8735,high,0,8.0,3.0,5.4,C,-19.8
8736,low,5,12.0,14.0,3.3,A,-6.2
8737,low,1,7.0,0.0,7.9,A,-9.4
8738,medium,1,9.0,24.0,8.9,A,15.0
8739,high,0,19.0,21.0,9.2,A,15.0
8740,high,2,4.0,4.0,9.3,C,3.9
8741,high,1,8.0,50.0,8.5,B,15.0
8742,low,4,5.0,9.0,7.6,C,7.8
8743,high,2,1.0,16.0,8.1,A,15.0
8744,medium,5,10.0,50.0,8.4,A,15.0
8745,none,2,7.0,3.0,6.1,A,-13.7
8746,high,4,9.0,7.0,2.5,A,-100.0
8747,high,0,3.0,5.0,2.3,A,-100.0
8748,none,0,4.0,20.0,9.6,A,15.0
8749,medium,4,10.0,19.0,2.6,C,0.4
8750,medium,1,5.0,5.0,5.7,A,-11.2
8751,medium,4,3.0,6.0,7.1,A,-1.4
8752,high,0,15.0,3.0,5.8,C,-18.3
8753,medium,1,14.0,0.0,8.0,A,-9.9
8754,high,3,8.0,18.0,9.3,C,15.0
8755,high,2,1.0,5.0,1.9,B,-100.0
8756,high,3,9.0,1.0,9.5,A,-1.9
8757,medium,1,4.0,3.0,8.7,A,1.3
8758,high,1,7.0,3.0,3.5,A,-100.0
8759,,1,2.0,22.0,8.3,A,15.0
8760,high,2,21.0,3.0,2.6,A,-100.0
8761,low,2,22.0,6.0,9.6,A,11.0
8762,medium,0,1.0,13.0,9.9,A,15.0
8763,low,1,1.0,4.0,4.4,A,-19.6
8764,low,2,19.0,6.0,8.9,A,7.4
8765,low,1,14.0,1.0,9.2,A,-0.8
8766,low,2,6.0,2.0,3.1,A,-100.0
8767,low,1,7.0,1.0,2.6,A,-100.0
8768,none,2,3.0,8.0,7.8,A,6.6
8769,low,1,4.0,11.0,2.2,A,-17.3
8770,medium,1,13.0,3.0,5.2,A,-18.9
8771,low,1,8.0,7.0,1.5,C,-100.0
8772,high,0,22.0,5.0,4.3,A,-100.0
8773,none,0,7.0,6.0,1.0,A,-100.0
8774,medium,1,4.0,7.0,3.8,A,-17.3
8775,low,1,7.0,2.0,3.0,A,-100.0
8776,high,1,18.0,50.0,1.1,A,15.0
8777,medium,1,12.0,3.0,1.5,A,-100.0
8778,low,0,12.0,47.0,7.7,A,15.0
8779,medium,3,38.0,9.0,1.3,A,-100.0
8780,none,2,3.0,2.0,2.0,A,-100.0
8781,medium,2,3.0,3.0,7.7,C,-4.2
8782,medium,2,9.0,1.0,8.7,C,-3.6
8783,medium,1,4.0,7.0,7.6,A,3.6
8784,medium,1,4.0,3.0,10.0,B,8.4
8785,medium,2,7.0,37.0,8.1,A,15.0
8786,none,2,11.0,3.0,2.4,A,-100.0
8787,none,0,8.0,3.0,8.8,A,1.3
8788,medium,1,14.0,8.0,9.0,A,12.4
8789,medium,0,3.0,0.0,8.5,A,-5.9
8790,high,1,14.0,9.0,7.7,C,4.7
8791,medium,2,7.0,50.0,1.7,B,15.0
8792,low,0,8.0,27.0,3.4,A,15.0
8793,high,2,2.0,4.0,1.8,C,-100.0
8794,high,2,37.0,3.0,1.1,A,-100.0
8795,none,1,9.0,19.0,9.1,A,15.0
8796,high,2,4.0,2.0,3.0,D,-100.0
8797,none,1,6.0,4.0,8.0,A,-0.9
8798,high,2,9.0,50.0,4.3,B,15.0
8799,medium,1,2.0,4.0,3.2,A,-100.0
8800,low,1,2.0,26.0,4.9,A,15.0
8801,none,0,7.0,11.0,7.1,A,8.8
8802,medium,1,5.0,2.0,9.0,A,0.7
8803,none,1,8.0,2.0,8.0,A,-5.3
8804,medium,1,12.0,10.0,9.0,A,15.0
8805,high,3,4.0,27.0,8.3,C,15.0
8806,high,3,5.0,3.0,2.2,A,-100.0
8807,low,0,2.0,40.0,2.4,A,15.0
8808,medium,1,16.0,19.0,1.1,A,-8.2
8809,none,0,4.0,33.0,2.2,A,15.0
8810,low,1,5.0,13.0,4.5,A,-0.6
8811,low,2,8.0,8.0,4.4,D,-12.0
8812,high,1,11.0,10.0,9.2,B,15.0
8813,medium,3,12.0,12.0,9.2,A,15.0
8814,low,1,1.0,0.0,1.1,A,-100.0
8815,high,0,9.0,10.0,6.7,D,1.9
8816,high,0,14.0,23.0,8.3,A,15.0
8817,low,3,22.0,15.0,9.8,A,15.0
8818,none,0,7.0,6.0,2.1,A,-100.0
8819,high,0,19.0,15.0,5.8,A,6.5
8820,none,0,4.0,9.0,7.7,C,8.2
8821,low,2,8.0,14.0,9.9,D,15.0
8822,medium,0,17.0,2.0,8.4,D,-3.7
8823,low,1,12.0,6.0,8.7,A,7.1
8824,medium,3,29.0,2.0,1.9,A,-100.0
8825,medium,3,2.0,2.0,3.5,B,-100.0
8826,low,0,6.0,9.0,8.0,D,10.3
8827,medium,3,2.0,32.0,1.4,C,15.0
8828,low,2,13.0,0.0,8.3,A,-7.9
8829,low,1,9.0,7.0,6.3,A,-3.7
8830,medium,2,5.0,5.0,8.9,A,6.3
8831,medium,2,21.0,3.0,8.6,A,-1.1
8832,low,0,12.0,3.0,9.5,A,5.3
8833,low,3,2.0,2.0,10.0,B,6.7
8834,low,3,7.0,5.0,4.7,A,-16.7
8835,low,1,2.0,23.0,8.1,B,15.0
8836,low,1,1.0,16.0,3.4,D,0.1
8837,high,4,2.0,23.0,2.3,A,5.3
8838,high,1,16.0,4.0,4.7,C,-100.0
8839,medium,0,13.0,10.0,8.8,A,15.0
8840,low,5,4.0,3.0,3.8,A,-100.0
8841,low,1,13.0,17.0,9.0,A,15.0
8842,low,1,17.0,29.0,8.2,A,15.0
8843,high,1,11.0,3.0,8.5,C,-3.2
8844,high,1,7.0,6.0,9.2,A,7.4
8845,high,0,4.0,5.0,5.4,A,-15.2
8846,medium,0,5.0,18.0,8.9,A,15.0
8847,low,2,12.0,4.0,4.4,A,-100.0
8848,medium,1,6.0,11.0,8.1,A,14.6
8849,medium,1,6.0,0.0,3.7,A,-100.0
8850,high,0,2.0,21.0,5.5,B,15.0
8851,medium,1,20.0,12.0,8.6,A,15.0
8852,none,2,6.0,5.0,3.7,C,-100.0
8853,low,1,1.0,2.0,5.2,D,-19.4
8854,high,2,14.0,8.0,6.6,C,-3.5
8855,none,3,8.0,29.0,3.5,A,
8856,high,2,,14.0,10.0,C,
8857,medium,1,8.0,2.0,3.9,C,-100.0
8858,high,0,10.0,2.0,1.9,A,-100.0
8859,medium,0,5.0,11.0,6.2,A,4.3
8860,low,3,3.0,20.0,3.1,A,6.4
8861,low,1,8.0,32.0,8.5,B,15.0
8862,high,1,7.0,11.0,6.9,A,5.2
8863,medium,2,8.0,4.0,6.6,B,-8.7
8864,medium,0,9.0,11.0,8.7,A,15.0
8865,low,1,7.0,5.0,3.5,B,-100.0
8866,low,3,7.0,8.0,1.7,A,-100.0
8867,high,1,1.0,16.0,8.3,A,15.0
8868,low,3,12.0,31.0,5.7,C,15.0
8869,high,1,11.0,10.0,2.5,A,-100.0
8870,medium,0,14.0,3.0,4.8,A,-100.0
8871,high,2,18.0,29.0,7.0,A,15.0
8872,low,3,3.0,3.0,8.3,A,-0.7
8873,medium,2,10.0,12.0,1.9,A,-17.9
8874,medium,0,5.0,5.0,1.4,C,-100.0
8875,high,1,6.0,4.0,8.1,B,-2.8
8876,medium,0,9.0,1.0,9.2,B,-0.6
8877,medium,2,8.0,4.0,1.2,B,-100.0
8878,medium,4,9.0,7.0,8.7,B,8.9
8879,high,2,17.0,18.0,9.5,A,15.0
8880,low,0,17.0,0.0,9.8,C,0.2
8881,none,3,27.0,7.0,6.3,C,-6.3
8882,high,0,9.0,0.0,7.2,A,-16.3
8883,low,3,4.0,7.0,9.3,B,13.1
8884,medium,1,18.0,2.0,9.8,C,3.8
8885,low,1,27.0,13.0,5.6,A,3.3
8886,medium,1,10.0,23.0,9.1,A,15.0
8887,low,4,10.0,25.0,9.6,C,15.0
8888,medium,5,11.0,22.0,9.7,C,15.0
8889,high,3,6.0,4.0,2.7,A,-100.0
8890,medium,1,5.0,11.0,3.7,A,-9.5
8891,low,1,4.0,9.0,8.2,A,11.5
8892,none,1,18.0,6.0,6.9,A,-4.0
8893,low,3,14.0,2.0,4.2,A,-100.0
8894,medium,2,7.0,2.0,8.8,A,-0.7
8895,high,0,11.0,5.0,3.1,A,-100.0
8896,high,1,5.0,9.0,2.5,A,-100.0
8897,high,3,17.0,10.0,5.6,A,-5.2
8898,low,2,3.0,1.0,8.8,C,-2.0
8899,low,6,34.0,33.0,8.3,A,15.0
8900,low,1,15.0,9.0,1.1,A,-100.0
8901,high,4,29.0,24.0,8.8,C,15.0
8902,medium,1,4.0,16.0,1.8,C,-9.4
8903,high,0,4.0,9.0,4.5,C,-11.8
8904,high,3,18.0,8.0,8.1,A,4.2
8905,high,2,5.0,23.0,8.8,A,15.0
8906,none,1,13.0,5.0,9.2,A,7.1
8907,medium,2,2.0,13.0,1.3,A,-18.4
8908,low,1,8.0,23.0,6.4,A,15.0
8909,low,2,2.0,38.0,9.5,A,15.0
8910,low,0,6.0,20.0,7.6,B,15.0
8911,,2,20.0,8.0,2.1,C,-100.0
8912,high,1,9.0,4.0,1.3,B,-100.0
8913,high,1,14.0,13.0,9.7,A,15.0
8914,none,3,5.0,8.0,3.6,A,-16.8
8915,none,1,15.0,5.0,7.0,A,-5.2
8916,low,1,22.0,9.0,8.2,A,9.7
8917,low,2,9.0,1.0,4.3,A,-100.0
8918,low,3,10.0,5.0,1.1,A,-100.0
8919,medium,2,3.0,19.0,8.3,D,15.0
8920,medium,0,8.0,7.0,3.0,C,-100.0
8921,,0,6.0,14.0,6.3,A,10.8
8922,high,1,10.0,7.0,5.6,A,-10.6
8923,none,1,8.0,6.0,2.2,C,-100.0
8924,medium,0,26.0,8.0,5.6,B,-7.4
8925,high,1,9.0,8.0,5.8,B,-7.3
8926,none,2,14.0,19.0,3.1,A,2.7
8927,low,1,9.0,4.0,8.5,A,2.1
8928,low,1,12.0,5.0,3.3,C,-100.0
8929,medium,2,4.0,3.0,7.5,A,-5.5
8930,high,3,5.0,5.0,8.9,A,3.6
8931,high,2,17.0,9.0,8.5,A,8.7
8932,high,1,8.0,1.0,4.7,B,-100.0
8933,low,1,5.0,30.0,2.4,B,15.0
8934,high,1,6.0,2.0,9.3,C,-0.4
8935,high,3,12.0,3.0,8.4,C,-4.0
8936,low,4,23.0,7.0,2.2,A,-100.0
8937,low,1,14.0,12.0,1.2,A,-100.0
8938,medium,2,9.0,1.0,7.9,A,-7.9
8939,medium,0,12.0,8.0,9.3,A,14.4
8940,medium,2,14.0,1.0,5.1,A,-100.0
8941,high,1,5.0,0.0,4.5,B,-100.0
8942,low,2,5.0,50.0,9.1,A,15.0
8943,low,4,16.0,3.0,4.1,A,-100.0
8944,low,2,10.0,8.0,2.7,A,-100.0
8945,high,3,,2.0,2.3,C,
8946,low,0,16.0,6.0,6.0,A,-8.0
8947,medium,2,9.0,8.0,9.1,C,13.3
8948,high,3,4.0,15.0,8.5,A,15.0
8949,none,0,12.0,4.0,3.8,A,-100.0
8950,low,2,7.0,12.0,9.3,A,15.0
8951,low,2,15.0,0.0,1.4,C,-100.0
8952,none,0,12.0,16.0,9.4,C,15.0
8953,none,4,9.0,1.0,7.5,A,-10.6
8954,medium,0,1.0,3.0,,A,
8955,medium,2,7.0,17.0,8.1,A,15.0
8956,high,3,22.0,5.0,9.5,D,5.2
8957,none,2,2.0,4.0,3.4,C,-100.0
8958,medium,1,1.0,18.0,4.1,A,7.7
8959,high,3,3.0,17.0,3.5,C,-0.7
8960,medium,1,8.0,2.0,8.5,A,-2.3
8961,,3,3.0,17.0,9.5,B,15.0
8962,high,0,18.0,21.0,5.3,A,15.0
8963,low,2,9.0,1.0,6.2,A,-16.9
8964,low,1,14.0,17.0,4.9,A,9.1
8965,none,1,3.0,24.0,9.4,A,15.0
8966,low,2,7.0,25.0,4.7,B,15.0
8967,none,2,20.0,3.0,3.4,A,-100.0
8968,low,2,4.0,22.0,8.5,A,15.0
8969,low,1,15.0,15.0,8.7,A,15.0
8970,none,2,24.0,0.0,3.8,A,-100.0
8971,medium,2,8.0,3.0,3.7,C,-100.0
8972,high,2,14.0,5.0,1.2,C,-100.0
8973,none,1,1.0,11.0,2.1,A,-18.2
8974,low,2,11.0,14.0,1.2,B,-17.3
8975,low,1,14.0,9.0,1.0,A,-100.0
8976,high,0,14.0,1.0,2.8,C,-100.0
8977,high,3,7.0,5.0,8.5,A,1.2
8978,high,1,20.0,4.0,8.6,C,-1.4
8979,low,2,6.0,5.0,8.8,B,6.1
8980,low,1,8.0,6.0,9.5,A,11.9
8981,medium,2,9.0,7.0,9.3,B,12.3
8982,high,0,1.0,19.0,1.1,A,-9.2
8983,low,2,8.0,20.0,8.9,A,15.0
8984,high,2,20.0,20.0,3.9,A,6.2
8985,high,1,1.0,14.0,3.6,C,-6.0
8986,high,0,4.0,1.0,9.7,A,0.0
8987,high,2,4.0,42.0,8.6,B,15.0
8988,medium,0,8.0,30.0,3.3,A,15.0
8989,medium,1,7.0,39.0,9.9,A,15.0
8990,high,1,7.0,50.0,3.0,C,15.0
8991,low,4,18.0,14.0,8.4,A,15.0
8992,none,0,18.0,16.0,9.4,C,15.0
8993,high,1,17.0,7.0,8.9,A,6.8
8994,high,2,6.0,29.0,5.8,A,15.0
8995,low,1,6.0,2.0,3.9,B,-100.0
8996,medium,1,10.0,12.0,8.8,A,15.0
8997,high,1,3.0,8.0,1.8,A,-100.0
8998,high,2,11.0,1.0,9.4,C,-2.5
8999,,0,4.0,9.0,5.0,C,-6.6
9000,low,1,2.0,8.0,3.5,C,-16.3
9001,none,2,6.0,5.0,1.8,A,-100.0
9002,high,2,8.0,0.0,2.0,D,-100.0
9003,medium,2,10.0,3.0,3.3,A,-100.0
9004,high,1,4.0,2.0,5.5,A,-100.0
9005,medium,0,8.0,14.0,8.2,A,15.0
9006,high,3,6.0,0.0,8.1,C,-11.4
9007,high,5,10.0,9.0,8.2,A,7.5
9008,none,1,24.0,13.0,9.7,A,15.0
9009,high,0,13.0,8.0,7.8,A,3.4
9010,high,1,4.0,15.0,8.7,A,15.0
9011,none,4,,17.0,3.9,C,
9012,high,0,12.0,9.0,2.0,A,-100.0
9013,none,2,,5.0,6.1,C,
9014,medium,3,16.0,1.0,3.4,A,-100.0
9015,medium,1,13.0,9.0,9.1,A,15.0
9016,medium,1,11.0,33.0,2.9,A,15.0
9017,low,2,3.0,17.0,3.5,B,2.4
9018,none,3,12.0,8.0,1.1,A,-100.0
9019,low,5,10.0,1.0,6.4,A,-16.2
9020,high,0,2.0,2.0,8.3,A,-5.4
9021,medium,1,7.0,5.0,2.0,A,-100.0
9022,low,2,22.0,34.0,6.8,C,15.0
9023,medium,1,5.0,8.0,2.7,C,-100.0
9024,medium,4,11.0,1.0,10.0,C,3.2
9025,high,3,19.0,9.0,4.7,A,-12.5
9026,low,1,9.0,8.0,3.2,C,-18.6
9027,low,3,7.0,15.0,5.5,A,8.7
9028,none,2,6.0,15.0,8.4,B,15.0
9029,high,1,3.0,13.0,3.9,A,-6.7
9030,low,1,38.0,24.0,8.1,B,15.0
9031,high,0,0.0,7.0,8.1,A,4.2
9032,low,2,3.0,6.0,9.0,A,9.6
9033,low,1,8.0,17.0,8.2,A,15.0
9034,high,0,7.0,33.0,2.2,C,15.0
9035,low,0,22.0,15.0,9.8,A,15.0
9036,medium,0,7.0,28.0,9.2,A,15.0
9037,none,2,9.0,3.0,9.6,B,5.4
9038,high,1,12.0,25.0,3.2,A,13.8
9039,high,3,7.0,11.0,8.6,A,14.4
9040,none,0,2.0,42.0,,A,
9041,medium,1,12.0,42.0,2.4,A,15.0
9042,high,2,20.0,3.0,1.1,A,-100.0
9043,medium,2,11.0,0.0,6.0,A,-100.0
9044,medium,1,11.0,28.0,2.5,A,15.0
9045,low,2,12.0,5.0,8.0,B,1.1
9046,high,2,31.0,7.0,9.9,C,10.8
9047,high,2,5.0,4.0,4.7,A,-100.0
9048,high,0,13.0,11.0,4.8,A,-6.8
9049,none,1,1.0,2.0,,A,
9050,medium,1,9.0,33.0,4.5,B,15.0
9051,medium,0,1.0,1.0,2.0,A,-100.0
9052,low,2,5.0,50.0,3.3,D,15.0
9053,high,0,16.0,12.0,9.1,A,15.0
9054,low,3,4.0,3.0,1.0,B,-100.0
9055,low,1,10.0,29.0,6.9,A,15.0
9056,,1,18.0,0.0,8.6,C,-7.2
9057,medium,2,10.0,22.0,8.2,C,15.0
9058,high,1,4.0,2.0,7.4,A,-10.6
9059,low,0,26.0,23.0,2.1,A,5.2
9060,high,1,4.0,3.0,6.4,A,-14.0
9061,high,0,23.0,32.0,6.2,B,15.0
9062,high,0,6.0,10.0,8.1,A,9.9
9063,medium,1,5.0,11.0,2.4,C,-16.7
9064,low,1,0.0,6.0,8.0,C,4.5
9065,medium,1,0.0,1.0,4.3,A,-100.0
9066,medium,1,3.0,13.0,3.7,C,-5.1
9067,none,1,23.0,16.0,1.9,A,-11.0
9068,high,2,6.0,0.0,9.1,A,-5.8
9069,high,3,10.0,22.0,3.2,B,7.5
9070,none,1,7.0,1.0,9.2,B,-0.7
9071,high,1,18.0,6.0,4.8,A,-17.9
9072,medium,1,6.0,45.0,9.1,A,15.0
9073,low,4,17.0,15.0,3.8,A,-1.7
9074,low,0,14.0,1.0,4.1,A,-100.0
9075,low,0,6.0,22.0,8.9,A,15.0
9076,low,3,8.0,0.0,3.2,A,-100.0
9077,medium,2,25.0,2.0,1.8,A,-100.0
9078,low,1,22.0,8.0,2.3,C,-100.0
9079,high,0,12.0,13.0,5.6,A,1.9
9080,medium,2,12.0,2.0,8.6,B,-2.3
9081,none,5,7.0,5.0,7.6,C,-1.5
9082,high,2,4.0,13.0,2.6,A,-14.0
9083,low,1,11.0,5.0,9.9,C,11.7
9084,medium,4,10.0,21.0,1.5,A,-1.4
9085,low,3,3.0,2.0,4.1,B,-100.0
9086,high,2,1.0,2.0,8.9,C,-2.2
9087,none,3,8.0,5.0,8.2,A,1.9
9088,medium,2,8.0,8.0,9.6,A,15.0
9089,high,0,9.0,6.0,2.2,B,-100.0
9090,none,1,10.0,9.0,1.9,A,-100.0
9091,medium,4,21.0,22.0,8.7,A,15.0
9092,low,4,19.0,11.0,2.4,A,-18.0
9093,high,2,12.0,11.0,9.2,A,15.0
9094,low,2,17.0,2.0,2.6,C,-100.0
9095,high,1,32.0,4.0,9.0,C,-0.4
9096,medium,2,10.0,2.0,3.6,A,-100.0
9097,medium,1,15.0,6.0,7.4,A,-0.7
9098,high,4,21.0,10.0,9.1,C,13.5
9099,high,0,18.0,18.0,3.8,A,1.9
9100,medium,2,16.0,37.0,2.6,C,15.0
9101,low,3,8.0,0.0,9.8,C,0.8
9102,none,1,14.0,7.0,2.8,A,-100.0
9103,none,2,10.0,26.0,2.9,C,15.0
9104,medium,1,2.0,14.0,8.8,A,15.0
9105,low,1,20.0,20.0,8.1,B,15.0
9106,medium,0,9.0,4.0,3.8,A,-100.0
9107,high,0,5.0,12.0,9.0,A,15.0
9108,low,1,9.0,18.0,6.2,B,15.0
9109,none,1,11.0,49.0,7.9,B,15.0
9110,low,0,0.0,3.0,8.1,C,-1.2
9111,medium,2,3.0,29.0,8.0,A,15.0
9112,low,4,17.0,18.0,8.2,A,15.0
9113,low,2,10.0,22.0,1.3,D,0.1
9114,low,0,18.0,3.0,6.0,A,-14.5
9115,medium,5,11.0,50.0,8.8,D,15.0
9116,low,2,15.0,8.0,9.6,A,15.0
9117,medium,2,10.0,28.0,7.9,A,15.0
9118,low,1,14.0,24.0,3.0,A,13.4
9119,high,0,4.0,6.0,3.1,A,-100.0
9120,low,3,3.0,13.0,9.8,A,15.0
9121,medium,1,18.0,3.0,1.4,A,-100.0
9122,high,2,10.0,16.0,6.6,A,13.7
9123,none,0,3.0,4.0,1.7,A,-100.0
9124,high,0,6.0,17.0,3.9,C,1.5
9125,high,4,22.0,1.0,8.8,A,-7.1
9126,low,0,4.0,2.0,6.5,A,-12.5
9127,medium,1,27.0,18.0,9.0,C,15.0
9128,high,1,5.0,23.0,9.7,A,
9129,none,1,10.0,3.0,6.1,A,-13.9
9130,low,1,16.0,0.0,5.4,A,-100.0
9131,medium,2,9.0,1.0,9.3,A,-0.2
9132,,2,2.0,13.0,8.6,C,15.0
9133,medium,1,9.0,47.0,8.9,D,15.0
9134,high,0,13.0,27.0,9.8,C,15.0
9135,medium,1,30.0,13.0,1.7,A,-18.9
9136,low,3,18.0,13.0,8.6,A,15.0
9137,medium,2,6.0,12.0,4.8,A,-1.6
9138,low,0,1.0,4.0,9.3,B,7.4
9139,medium,1,13.0,0.0,2.1,A,-100.0
9140,medium,3,0.0,11.0,,C,
9141,low,0,8.0,8.0,9.2,A,14.6
9142,low,2,25.0,3.0,7.2,A,-8.8
9143,high,2,11.0,9.0,10.0,A,15.0
9144,high,2,26.0,7.0,9.0,A,6.4
9145,none,0,7.0,3.0,9.4,A,4.7
9146,high,0,10.0,12.0,9.8,B,15.0
9147,low,0,11.0,14.0,2.6,A,-9.4
9148,none,1,6.0,2.0,10.0,A,5.9
9149,medium,0,17.0,45.0,5.8,A,15.0
9150,none,3,4.0,11.0,1.1,A,-100.0
9151,medium,0,39.0,16.0,1.4,A,-15.0
9152,low,1,16.0,15.0,4.3,A,1.4
9153,low,1,14.0,15.0,6.9,A,15.0
9154,high,1,3.0,1.0,8.5,A,-6.6
9155,medium,4,4.0,3.0,4.4,A,-100.0
9156,low,4,29.0,6.0,4.7,A,-16.9
9157,high,2,10.0,6.0,8.5,A,3.1
9158,high,1,8.0,13.0,2.2,A,-16.5
9159,low,2,10.0,9.0,5.8,A,-2.4
9160,high,0,9.0,1.0,6.4,B,-18.6
9161,high,2,10.0,8.0,8.2,A,5.7
9162,low,1,13.0,9.0,4.1,B,-12.0
9163,none,0,7.0,0.0,6.3,C,-18.7
9164,high,2,2.0,49.0,6.5,A,15.0
9165,medium,2,8.0,26.0,9.9,A,15.0
9166,low,1,,20.0,7.7,C,
9167,low,2,2.0,16.0,8.3,A,15.0
9168,medium,2,1.0,1.0,9.9,A,3.9
9169,high,3,10.0,9.0,6.5,B,-1.7
9170,medium,4,9.0,16.0,7.4,A,15.0
9171,high,3,21.0,9.0,3.7,A,-18.2
9172,low,4,17.0,2.0,2.9,C,-100.0
9173,high,4,10.0,10.0,4.7,A,-9.6
9174,none,4,17.0,3.0,8.4,A,-2.2
9175,low,2,4.0,4.0,9.9,A,10.2
9176,medium,1,,21.0,8.7,C,
9177,high,2,6.0,12.0,9.0,A,15.0
9178,medium,1,2.0,4.0,5.8,A,-12.4
9179,high,2,3.0,0.0,5.7,A,-100.0
9180,high,0,3.0,14.0,8.8,A,15.0
9181,none,0,13.0,18.0,8.1,A,15.0
9182,high,1,8.0,2.0,6.7,A,-14.9
9183,none,1,7.0,0.0,3.9,A,-100.0
9184,medium,4,4.0,26.0,4.1,A,15.0
9185,low,3,5.0,41.0,4.4,A,15.0
9186,low,0,5.0,32.0,9.2,A,15.0
9187,low,1,15.0,1.0,6.6,C,-15.2
9188,medium,0,4.0,25.0,6.6,A,15.0
9189,low,1,11.0,50.0,4.5,A,15.0
9190,high,3,4.0,6.0,1.8,A,-100.0
9191,high,2,,2.0,10.0,C,
9192,medium,2,5.0,1.0,9.4,A,0.7
9193,none,1,3.0,9.0,1.3,C,-100.0
9194,low,0,8.0,8.0,2.6,C,-100.0
9195,low,1,1.0,1.0,4.1,A,-100.0
9196,medium,1,6.0,21.0,7.4,A,15.0
9197,medium,1,9.0,21.0,8.2,A,15.0
9198,low,1,31.0,7.0,9.7,C,12.8
9199,medium,2,2.0,2.0,9.8,C,5.3
9200,none,1,11.0,2.0,8.7,A,-1.8
9201,medium,1,8.0,16.0,5.8,A,12.2
9202,low,5,7.0,47.0,2.6,D,15.0
9203,medium,1,2.0,20.0,,D,
9204,low,1,4.0,9.0,5.8,B,-1.7
9205,medium,1,12.0,0.0,9.2,A,-3.1
9206,high,0,11.0,0.0,6.0,A,-100.0
9207,medium,2,1.0,1.0,1.1,A,-100.0
9208,none,2,2.0,26.0,9.8,A,15.0
9209,medium,0,27.0,31.0,7.5,A,15.0
9210,medium,1,10.0,4.0,8.2,A,0.0
9211,high,1,6.0,0.0,7.8,A,-12.8
9212,high,2,1.0,5.0,6.7,D,-8.0
9213,medium,2,3.0,3.0,9.3,B,4.6
9214,high,0,7.0,50.0,9.3,A,15.0
9215,low,0,13.0,7.0,6.4,C,-3.4
9216,high,0,6.0,8.0,4.4,D,-14.6
9217,low,1,6.0,3.0,5.2,A,-17.8
9218,low,1,3.0,22.0,8.4,A,15.0
9219,high,1,7.0,9.0,3.5,A,-17.7
9220,high,1,19.0,7.0,9.9,A,12.1
9221,medium,3,10.0,15.0,3.0,A,-5.7
9222,high,3,7.0,31.0,5.7,A,15.0
9223,low,1,18.0,11.0,8.1,A,13.7
9224,low,2,1.0,4.0,2.7,A,-100.0
9225,low,5,4.0,3.0,6.4,A,-11.4
9226,,1,6.0,26.0,9.4,A,15.0
9227,low,3,28.0,6.0,1.1,A,-100.0
9228,low,1,15.0,4.0,1.4,A,-100.0
9229,medium,0,2.0,0.0,9.3,A,-1.4
9230,medium,4,12.0,1.0,9.9,A,2.5
9231,medium,1,9.0,12.0,8.3,A,15.0
9232,high,1,27.0,15.0,7.3,A,13.8
9233,none,1,1.0,16.0,6.7,A,15.0
9234,high,2,4.0,7.0,5.0,A,-13.4
9235,low,2,6.0,4.0,7.6,D,-2.6
9236,none,0,3.0,3.0,3.8,A,-100.0
9237,none,1,6.0,42.0,8.8,A,15.0
9238,low,2,10.0,25.0,1.6,C,8.1
9239,high,1,6.0,7.0,6.6,A,-4.7
9240,low,1,13.0,3.0,6.2,A,-13.0
9241,none,1,12.0,4.0,8.6,A,1.8
9242,high,3,0.0,6.0,,A,
9243,none,6,3.0,3.0,8.9,A,1.7
9244,none,0,4.0,13.0,3.8,A,-4.8
9245,none,1,9.0,6.0,4.9,A,-14.1
9246,low,1,10.0,5.0,8.8,C,5.8
9247,high,4,7.0,1.0,8.9,B,-5.1
9248,high,4,5.0,28.0,1.0,A,8.4
9249,low,2,19.0,15.0,1.4,A,-14.9
9250,none,0,2.0,21.0,4.4,A,15.0
9251,high,3,15.0,10.0,3.2,C,-18.2
9252,high,0,7.0,0.0,9.0,C,-6.2
9253,low,3,5.0,0.0,8.5,A,-6.1
9254,high,2,26.0,1.0,8.4,A,-9.5
9255,high,2,3.0,3.0,2.7,B,-100.0
9256,medium,1,2.0,1.0,2.3,A,-100.0
9257,medium,3,5.0,1.0,5.2,A,-100.0
9258,high,4,15.0,0.0,6.9,A,-19.0
9259,high,0,14.0,4.0,2.0,A,-100.0
9260,high,1,18.0,18.0,7.1,A,15.0
9261,low,1,9.0,15.0,5.5,A,8.7
9262,high,1,4.0,10.0,3.4,A,-15.8
9263,low,2,11.0,15.0,9.7,A,15.0
9264,medium,1,5.0,11.0,4.5,A,-5.2
9265,high,0,11.0,6.0,5.1,A,-15.5
9266,medium,2,7.0,6.0,8.5,A,6.1
9267,low,2,12.0,8.0,7.6,A,5.2
9268,medium,1,9.0,33.0,2.0,A,15.0
9269,none,2,3.0,1.0,8.2,B,-5.9
9270,medium,1,4.0,18.0,5.1,C,13.0
9271,medium,2,2.0,7.0,8.2,A,7.0
9272,medium,3,7.0,4.0,1.5,A,-100.0
9273,none,2,12.0,6.0,1.4,A,-100.0
9274,medium,1,29.0,38.0,8.7,C,15.0
9275,medium,3,26.0,3.0,1.9,B,-100.0
9276,none,2,8.0,4.0,3.7,A,-100.0
9277,low,2,7.0,17.0,3.2,A,0.4
9278,medium,2,12.0,8.0,2.8,C,-100.0
9279,low,0,5.0,5.0,2.1,A,-100.0
9280,none,1,11.0,1.0,1.5,A,-100.0
9281,low,6,5.0,1.0,3.7,A,-100.0
9282,low,1,13.0,43.0,3.9,C,15.0
9283,high,2,11.0,27.0,8.2,A,15.0
9284,high,1,10.0,7.0,3.0,A,-100.0
9285,,2,25.0,6.0,8.1,C,1.8
9286,none,1,7.0,1.0,9.9,A,3.1
9287,low,1,6.0,9.0,3.3,A,-15.7
9288,low,2,8.0,12.0,6.3,A,6.8
9289,medium,1,9.0,29.0,3.4,A,15.0
9290,high,2,3.0,4.0,4.7,A,-100.0
9291,high,0,15.0,4.0,6.7,A,-11.3
9292,high,5,12.0,10.0,7.0,A,2.8
9293,high,3,14.0,0.0,3.5,A,-100.0
9294,none,1,12.0,1.0,1.9,C,-100.0
9295,high,3,9.0,10.0,2.7,A,-100.0
9296,low,1,5.0,10.0,2.5,A,-17.9
9297,none,0,13.0,2.0,4.1,A,-100.0
9298,medium,2,6.0,2.0,6.3,A,-14.3
9299,,1,5.0,7.0,7.6,A,3.3
9300,high,1,15.0,15.0,5.1,A,2.9
9301,medium,3,9.0,15.0,3.3,B,-3.9
9302,medium,4,1.0,2.0,8.1,A,-4.1
9303,high,3,7.0,25.0,9.2,B,15.0
9304,high,1,7.0,3.0,3.1,A,-100.0
9305,medium,3,12.0,15.0,9.6,A,15.0
9306,high,1,7.0,9.0,1.3,A,-100.0
9307,medium,1,5.0,18.0,1.4,A,-7.5
9308,low,2,6.0,6.0,7.8,A,2.7
9309,low,0,8.0,18.0,3.6,A,4.8
9310,high,1,10.0,8.0,9.5,C,12.9
9311,none,2,11.0,21.0,3.1,C,7.2
9312,low,1,25.0,18.0,6.7,B,15.0
9313,medium,1,5.0,8.0,4.4,A,-12.0
9314,low,1,3.0,6.0,9.7,A,13.5
9315,high,2,14.0,7.0,9.5,A,10.3
9316,high,0,19.0,9.0,7.4,D,2.7
9317,medium,3,13.0,1.0,8.8,A,-3.5
9318,medium,0,7.0,1.0,2.7,C,-100.0
9319,high,1,3.0,12.0,4.2,A,-7.1
9320,medium,2,12.0,14.0,9.0,B,15.0
9321,none,0,17.0,23.0,1.6,A,2.8
9322,high,1,13.0,1.0,2.2,A,-100.0
9323,low,1,2.0,0.0,7.8,A,-9.4
9324,medium,1,2.0,17.0,2.6,C,-2.7
9325,low,2,4.0,23.0,2.5,B,9.4
9326,low,0,18.0,17.0,9.3,A,15.0
9327,medium,0,16.0,12.0,1.7,A,-19.4
9328,low,0,3.0,4.0,2.6,A,-100.0
9329,low,0,6.0,5.0,5.2,A,-13.5
9330,high,2,6.0,7.0,4.1,A,-18.6
9331,high,2,12.0,6.0,7.3,C,-3.7
9332,low,2,5.0,10.0,9.6,A,15.0
9333,none,4,9.0,2.0,7.1,A,-10.7
9334,none,2,5.0,7.0,2.5,B,-100.0
9335,medium,3,8.0,3.0,9.1,C,2.9
9336,high,2,10.0,0.0,6.3,B,-100.0
9337,medium,1,3.0,12.0,2.2,C,-15.5
9338,low,1,6.0,6.0,3.9,D,-18.7
9339,none,1,11.0,1.0,1.9,A,-100.0
9340,none,1,16.0,8.0,2.5,A,-100.0
9341,medium,3,12.0,38.0,5.9,C,15.0
9342,low,2,19.0,10.0,3.0,A,-16.6
9343,low,2,3.0,1.0,8.1,B,-5.9
9344,medium,0,5.0,10.0,8.7,A,15.0
9345,high,0,40.0,16.0,9.2,A,15.0
9346,high,2,17.0,4.0,6.5,A,-12.8
9347,low,2,11.0,0.0,3.8,A,-100.0
9348,medium,4,14.0,37.0,3.4,A,15.0
9349,medium,4,29.0,16.0,4.9,A,4.8
9350,high,1,13.0,30.0,8.6,C,15.0
9351,high,0,21.0,5.0,4.1,C,-100.0
9352,medium,4,40.0,12.0,6.1,A,1.9
9353,low,0,13.0,3.0,8.9,A,1.9
9354,low,3,,25.0,8.7,C,
9355,high,0,6.0,1.0,9.5,D,-1.3
9356,none,1,4.0,20.0,2.3,C,1.5
9357,low,0,15.0,1.0,6.0,C,-18.4
9358,low,0,26.0,13.0,4.4,C,-3.1
9359,low,1,8.0,7.0,2.8,A,-100.0
9360,low,1,5.0,35.0,1.5,A,15.0
9361,low,2,6.0,1.0,9.3,A,0.4
9362,medium,2,5.0,2.0,3.9,A,-100.0
9363,low,1,7.0,2.0,8.2,C,-3.5
9364,none,3,12.0,11.0,3.7,C,-10.7
9365,high,1,11.0,13.0,2.2,A,-16.8
9366,high,2,13.0,4.0,6.2,C,-14.0
9367,low,3,11.0,3.0,7.8,A,-4.2
9368,low,1,14.0,3.0,2.6,D,-100.0
9369,medium,0,9.0,2.0,8.4,A,-2.9
9370,none,1,12.0,6.0,3.2,A,-100.0
9371,medium,2,3.0,15.0,4.8,A,5.0
9372,medium,3,4.0,3.0,9.7,D,6.5
9373,low,1,6.0,5.0,5.1,A,-14.2
9374,high,0,14.0,25.0,3.8,A,15.0
9375,medium,0,6.0,11.0,6.3,B,4.7
9376,high,0,2.0,28.0,8.9,A,15.0
9377,high,1,4.0,14.0,8.6,D,15.0
9378,low,1,8.0,16.0,9.6,A,15.0
9379,high,3,27.0,12.0,9.1,B,15.0
9380,medium,2,20.0,1.0,9.6,A,0.3
9381,medium,2,5.0,30.0,7.5,C,15.0
9382,medium,0,4.0,5.0,8.5,A,4.4
9383,high,2,12.0,9.0,3.2,B,-19.9
9384,medium,3,20.0,16.0,8.6,A,15.0
9385,high,0,10.0,18.0,8.2,A,15.0
9386,none,2,4.0,38.0,9.8,A,15.0
9387,medium,1,7.0,15.0,3.5,A,-2.5
9388,high,1,10.0,15.0,2.9,C,-8.7
9389,high,1,14.0,5.0,9.9,A,8.4
9390,high,3,9.0,4.0,3.0,A,-100.0
9391,medium,0,4.0,5.0,4.6,A,-17.0
9392,medium,0,4.0,0.0,8.6,C,-5.5
9393,high,1,20.0,12.0,9.0,C,15.0
9394,low,3,14.0,0.0,4.3,A,-100.0
9395,none,2,,14.0,7.2,C,
9396,low,3,3.0,39.0,9.0,C,15.0
9397,high,2,21.0,13.0,9.3,B,15.0
9398,low,3,7.0,26.0,9.5,A,15.0
9399,low,1,6.0,19.0,9.0,A,15.0
9400,low,2,4.0,14.0,2.9,A,-7.3
9401,low,0,19.0,10.0,1.9,A,-100.0
9402,medium,1,4.0,1.0,4.6,C,-100.0
9403,medium,3,10.0,4.0,9.4,A,6.4
9404,high,1,14.0,16.0,6.3,A,11.7
9405,high,3,9.0,1.0,1.5,A,-100.0
9406,high,3,8.0,20.0,2.0,C,-3.1
9407,low,0,7.0,13.0,3.4,A,-6.7
9408,medium,5,4.0,0.0,9.5,A,-1.1
9409,none,2,10.0,26.0,8.5,A,15.0
9410,none,1,14.0,5.0,2.2,A,-100.0
9411,high,1,34.0,13.0,1.3,A,-100.0
9412,medium,0,3.0,4.0,8.7,A,3.5
9413,high,2,4.0,2.0,8.1,A,-6.9
9414,high,0,18.0,13.0,6.0,A,3.5
9415,low,2,7.0,6.0,1.5,A,-100.0
9416,high,1,4.0,9.0,3.1,B,-19.6
9417,low,1,11.0,6.0,7.7,B,1.7
9418,low,1,7.0,27.0,9.0,D,15.0
9419,low,0,6.0,20.0,6.1,A,15.0
9420,medium,0,4.0,15.0,3.4,A,-2.6
9421,low,1,1.0,7.0,1.5,A,-100.0
9422,high,1,4.0,2.0,2.0,D,-100.0
9423,high,1,11.0,3.0,3.6,A,-100.0
9424,none,1,7.0,19.0,6.8,A,15.0
9425,high,2,12.0,0.0,7.9,B,-13.0
9426,low,2,20.0,3.0,8.2,B,-2.8
9427,high,0,13.0,28.0,4.1,A,15.0
9428,high,0,8.0,5.0,9.9,C,9.1
9429,medium,1,9.0,38.0,5.7,C,15.0
9430,high,1,4.0,15.0,7.0,A,14.5
9431,low,0,10.0,24.0,2.2,A,9.5
9432,high,1,5.0,3.0,8.2,A,-4.2
9433,medium,2,6.0,1.0,3.7,A,-100.0
9434,medium,5,6.0,12.0,3.5,A,-9.1
9435,high,4,5.0,26.0,9.2,A,15.0
9436,high,2,11.0,4.0,9.5,A,4.3
9437,medium,1,40.0,6.0,4.7,A,-18.1
9438,medium,1,7.0,0.0,6.5,A,-17.4
9439,low,1,11.0,10.0,8.7,C,15.0
9440,medium,1,8.0,4.0,9.0,A,4.6
9441,low,3,9.0,9.0,8.7,A,13.5
9442,low,3,14.0,10.0,3.0,A,-16.2
9443,high,3,3.0,9.0,8.7,B,11.1
9444,low,0,,12.0,9.4,C,
9445,,0,9.0,50.0,9.5,C,15.0
9446,low,1,22.0,38.0,6.1,A,15.0
9447,medium,1,7.0,11.0,8.7,A,15.0
9448,high,3,9.0,9.0,8.0,A,6.7
9449,medium,2,7.0,18.0,5.5,A,14.7
9450,medium,2,5.0,1.0,8.7,A,-3.2
9451,medium,1,9.0,0.0,7.8,A,-10.5
9452,medium,1,3.0,3.0,8.1,A,-1.9
9453,high,3,7.0,5.0,9.7,A,7.8
9454,medium,2,11.0,25.0,9.3,A,15.0
9455,none,2,15.0,21.0,1.6,A,-1.4
9456,high,7,11.0,1.0,2.4,A,-100.0
9457,high,1,6.0,31.0,9.0,A,15.0
9458,medium,2,4.0,0.0,8.2,A,-7.9
9459,high,1,5.0,1.0,9.1,B,-3.5
9460,none,1,7.0,21.0,8.7,A,15.0
9461,high,0,2.0,21.0,3.2,A,6.5
9462,medium,0,17.0,27.0,9.7,A,15.0
9463,low,1,2.0,4.0,3.3,D,-100.0
9464,none,0,5.0,12.0,8.4,C,15.0
9465,none,3,7.0,4.0,4.1,C,-100.0
9466,low,1,9.0,9.0,9.8,A,15.0
9467,high,2,9.0,3.0,8.5,A,-3.1
9468,none,1,13.0,4.0,4.9,A,-18.7
9469,high,2,18.0,4.0,10.0,A,6.4
9470,low,3,10.0,22.0,4.8,C,15.0
9471,high,1,2.0,4.0,9.0,A,2.6
9472,high,1,12.0,10.0,6.4,A,-0.1
9473,medium,0,3.0,12.0,9.1,D,15.0
9474,none,5,5.0,0.0,8.3,A,-8.0
9475,high,2,14.0,24.0,7.3,C,15.0
9476,low,1,11.0,6.0,2.3,A,-100.0
9477,low,1,7.0,8.0,8.8,D,12.4
9478,high,2,8.0,2.0,2.8,A,-100.0
9479,medium,1,5.0,24.0,5.5,A,15.0
9480,medium,1,11.0,2.0,9.3,A,1.8
9481,medium,0,4.0,13.0,1.1,A,-19.5
9482,low,0,8.0,12.0,2.4,A,-14.4
9483,high,2,14.0,3.0,2.2,A,-100.0
9484,,1,22.0,7.0,9.9,C,14.2
9485,low,0,17.0,2.0,1.6,A,-100.0
9486,medium,2,7.0,2.0,3.7,A,-100.0
9487,none,1,37.0,18.0,9.8,A,15.0
9488,low,0,7.0,2.0,3.3,B,-100.0
9489,medium,2,21.0,17.0,8.5,A,15.0
9490,high,1,1.0,2.0,,A,
9491,high,3,5.0,28.0,1.7,A,12.3
9492,none,0,13.0,3.0,7.3,A,-7.5
9493,medium,1,5.0,1.0,4.7,B,-100.0
9494,none,2,10.0,4.0,8.8,A,3.0
9495,none,0,4.0,26.0,3.6,A,15.0
9496,none,1,8.0,12.0,9.8,A,15.0
9497,medium,1,40.0,15.0,7.9,A,15.0
9498,medium,2,4.0,16.0,7.0,A,15.0
9499,low,5,6.0,16.0,2.7,A,-4.7
9500,medium,2,4.0,23.0,9.8,A,15.0
9501,high,4,22.0,1.0,8.9,A,-6.6
9502,high,1,1.0,3.0,2.2,A,-100.0
9503,low,0,5.0,19.0,9.5,A,15.0
9504,medium,1,12.0,0.0,8.2,A,-8.6
9505,high,1,24.0,29.0,1.7,A,12.7
9506,low,1,2.0,0.0,8.4,A,-6.1
9507,medium,2,16.0,14.0,6.3,B,9.8
9508,high,4,2.0,4.0,5.8,A,-15.3
9509,medium,2,19.0,26.0,9.8,A,15.0
9510,low,3,1.0,49.0,5.6,A,15.0
9511,medium,0,10.0,2.0,5.8,A,-17.3
9512,low,0,5.0,7.0,2.6,D,-100.0
9513,none,2,9.0,1.0,3.5,B,-100.0
9514,none,2,27.0,26.0,2.7,A,13.9
9515,medium,2,7.0,11.0,5.9,C,2.2
9516,low,3,8.0,16.0,8.7,B,15.0
9517,low,1,11.0,30.0,7.9,A,15.0
9518,high,3,18.0,6.0,3.3,C,-100.0
9519,,1,6.0,8.0,1.1,A,-100.0
9520,medium,0,6.0,4.0,9.6,A,8.2
9521,medium,0,14.0,50.0,9.9,A,15.0
9522,high,3,2.0,14.0,2.1,A,-14.6
9523,medium,2,5.0,27.0,1.9,A,14.1
9524,high,1,7.0,0.0,9.1,A,-5.8
9525,low,1,8.0,25.0,5.0,A,15.0
9526,none,1,7.0,25.0,3.9,A,15.0
9527,low,1,5.0,8.0,1.1,C,-100.0
9528,high,3,12.0,5.0,1.8,A,-100.0
9529,high,1,4.0,50.0,8.9,A,15.0
9530,high,0,26.0,6.0,1.9,A,-100.0
9531,medium,1,8.0,5.0,2.1,A,-100.0
9532,none,1,26.0,9.0,9.3,B,14.7
9533,low,3,13.0,10.0,2.1,A,-100.0
9534,medium,1,12.0,10.0,2.2,A,-100.0
9535,low,3,6.0,25.0,1.8,A,9.5
9536,medium,0,8.0,6.0,9.5,B,11.7
9537,none,0,10.0,15.0,7.8,A,15.0
9538,high,3,20.0,16.0,9.6,A,15.0
9539,low,1,10.0,16.0,6.8,C,15.0
9540,low,3,14.0,3.0,3.4,B,-100.0
9541,medium,0,10.0,3.0,1.0,A,-100.0
9542,,1,1.0,7.0,8.2,A,7.0
9543,low,1,6.0,17.0,9.7,C,15.0
9544,low,1,2.0,4.0,3.3,C,-100.0
9545,low,2,8.0,2.0,9.1,A,1.2
9546,low,2,14.0,3.0,1.9,A,-100.0
9547,none,2,19.0,7.0,3.0,B,-100.0
9548,,2,2.0,19.0,9.5,A,15.0
9549,high,2,10.0,4.0,9.7,A,5.5
9550,,2,13.0,8.0,8.1,A,7.2
9551,medium,1,13.0,20.0,9.6,A,15.0
9552,low,1,4.0,6.0,7.3,C,0.2
9553,none,3,6.0,9.0,6.6,A,1.7
9554,low,1,10.0,16.0,5.9,A,12.9
9555,medium,0,4.0,3.0,8.6,A,0.8
9556,high,1,12.0,33.0,,D,
9557,none,3,10.0,6.0,4.3,A,-17.7
9558,none,1,6.0,4.0,5.2,A,-16.3
9559,medium,1,14.0,8.0,7.5,A,4.2
9560,medium,3,3.0,22.0,8.7,B,15.0
9561,high,2,12.0,13.0,3.5,C,-9.9
9562,low,0,11.0,9.0,5.5,C,-4.0
9563,high,1,9.0,10.0,9.4,A,15.0
9564,none,0,5.0,2.0,9.4,C,2.8
9565,,2,4.0,26.0,5.2,A,15.0
9566,medium,4,8.0,47.0,8.7,C,15.0
9567,none,2,2.0,9.0,6.0,A,-1.1
9568,none,1,1.0,21.0,6.6,B,15.0
9569,,1,5.0,8.0,2.9,A,-100.0
9570,none,3,6.0,17.0,4.6,A,7.5
9571,low,1,2.0,1.0,4.2,A,-100.0
9572,high,3,18.0,0.0,4.4,A,-100.0
9573,high,1,12.0,2.0,1.1,A,-100.0
9574,low,1,3.0,10.0,7.8,A,11.5
9575,low,0,4.0,21.0,8.9,B,15.0
9576,high,1,9.0,2.0,8.7,A,-4.0
9577,low,0,1.0,6.0,,A,
9578,high,0,2.0,20.0,4.6,C,12.1
9579,low,2,11.0,11.0,9.2,C,15.0
9580,high,2,13.0,50.0,7.3,A,15.0
9581,high,1,8.0,16.0,9.2,A,15.0
9582,low,4,6.0,20.0,8.1,A,15.0
9583,low,1,19.0,13.0,1.5,B,-18.5
9584,medium,2,16.0,2.0,8.4,A,-3.8
9585,medium,1,7.0,2.0,7.0,B,-10.5
9586,low,1,18.0,24.0,6.4,A,15.0
9587,low,1,14.0,2.0,3.0,A,-100.0
9588,medium,2,3.0,2.0,6.5,B,-13.0
9589,medium,3,7.0,11.0,7.0,B,8.2
9590,medium,0,15.0,19.0,4.5,A,10.7
9591,,1,7.0,12.0,7.4,A,12.5
9592,,3,10.0,11.0,7.6,A,11.0
9593,medium,0,27.0,31.0,10.0,A,15.0
9594,high,0,11.0,12.0,9.7,B,15.0
9595,low,2,3.0,27.0,8.2,A,15.0
9596,medium,1,16.0,21.0,7.1,A,15.0
9597,none,2,16.0,26.0,9.8,A,15.0
9598,low,1,9.0,1.0,9.0,A,-1.4
9599,low,0,8.0,2.0,4.8,A,-100.0
9600,high,2,5.0,7.0,3.1,B,-100.0
9601,medium,0,14.0,6.0,1.4,A,-100.0
9602,high,2,18.0,16.0,9.2,A,15.0
9603,high,0,0.0,4.0,9.8,A,7.3
9604,medium,1,23.0,49.0,9.0,C,15.0
9605,medium,1,10.0,6.0,5.4,A,-11.2
9606,medium,3,4.0,16.0,2.2,C,-7.4
9607,low,2,9.0,25.0,2.8,A,14.8
9608,high,3,4.0,19.0,5.3,A,13.3
9609,medium,1,19.0,7.0,8.7,C,8.1
9610,high,4,7.0,16.0,3.1,A,-5.5
9611,none,4,7.0,9.0,4.3,A,-11.2
9612,low,0,13.0,9.0,8.8,A,14.0
9613,low,1,3.0,4.0,10.0,A,11.0
9614,low,0,14.0,8.0,8.5,A,10.1
9615,none,3,8.0,18.0,2.7,A,-1.1
9616,medium,0,17.0,3.0,6.7,A,-10.9
9617,medium,2,5.0,7.0,9.1,A,11.7
9618,low,1,3.0,14.0,5.4,C,6.7
9619,none,1,13.0,0.0,6.6,A,-17.7
9620,high,1,12.0,5.0,9.7,C,7.5
9621,medium,1,2.0,15.0,5.2,A,7.4
9622,high,1,12.0,22.0,6.9,A,15.0
9623,low,2,5.0,28.0,5.3,A,15.0
9624,low,4,28.0,8.0,7.7,A,3.9
9625,high,1,17.0,17.0,9.2,C,15.0
9626,medium,2,19.0,3.0,8.3,C,-2.6
9627,none,1,10.0,16.0,4.5,A,4.6
9628,high,3,18.0,9.0,9.9,B,15.0
9629,none,2,25.0,49.0,4.7,A,15.0
9630,high,2,3.0,3.0,8.4,A,-3.0
9631,high,1,21.0,11.0,3.1,A,-17.1
9632,medium,3,3.0,1.0,8.3,A,-5.2
9633,medium,0,13.0,3.0,2.7,A,-100.0
9634,high,1,6.0,8.0,4.1,A,-16.4
9635,medium,0,8.0,28.0,5.9,C,15.0
9636,,0,9.0,4.0,1.6,C,-100.0
9637,none,1,7.0,3.0,6.0,A,-14.1
9638,low,3,14.0,17.0,5.1,A,10.0
9639,high,1,9.0,0.0,9.6,A,-3.2
9640,low,3,4.0,12.0,4.2,A,-4.4
9641,high,0,7.0,10.0,8.8,A,13.7
9642,high,1,5.0,26.0,9.4,B,15.0
9643,low,0,14.0,6.0,8.9,A,8.1
9644,high,1,7.0,6.0,2.5,A,-100.0
9645,low,0,7.0,0.0,1.7,A,-100.0
9646,none,1,5.0,4.0,5.1,C,-16.8
9647,high,0,4.0,18.0,9.7,D,15.0
9648,low,2,6.0,3.0,9.4,A,5.2
9649,high,0,8.0,1.0,8.4,B,-7.5
9650,low,2,4.0,3.0,4.5,C,-100.0
9651,low,0,23.0,1.0,1.3,A,-100.0
9652,high,4,7.0,2.0,9.7,A,1.4
9653,none,2,11.0,1.0,8.9,A,-2.9
9654,high,2,,7.0,4.4,C,
9655,low,2,9.0,3.0,8.8,B,1.6
9656,high,5,4.0,33.0,3.3,A,15.0
9657,medium,7,8.0,3.0,2.1,B,-100.0
9658,high,2,5.0,13.0,8.3,A,15.0
9659,none,1,20.0,17.0,5.3,A,10.1
9660,high,0,1.0,39.0,4.9,C,15.0
9661,low,0,10.0,6.0,6.3,A,-5.8
9662,medium,0,20.0,30.0,2.0,B,15.0
9663,medium,4,19.0,17.0,9.5,C,15.0
9664,none,2,1.0,1.0,7.8,A,-7.9
9665,none,0,3.0,11.0,8.8,A,15.0
9666,low,1,13.0,6.0,2.6,A,-100.0
9667,low,1,4.0,29.0,9.9,A,15.0
9668,low,4,5.0,32.0,9.0,C,15.0
9669,medium,2,8.0,11.0,8.8,A,15.0
9670,high,0,6.0,17.0,10.0,B,15.0
9671,,2,11.0,4.0,8.6,A,1.8
9672,medium,0,6.0,2.0,9.2,A,1.8
9673,medium,2,2.0,2.0,5.0,A,-100.0
9674,medium,2,12.0,28.0,7.5,A,15.0
9675,medium,1,18.0,9.0,5.4,A,-5.7
9676,none,0,8.0,21.0,3.2,A,8.3
9677,medium,2,9.0,12.0,5.8,C,3.6
9678,,0,25.0,2.0,9.0,A,-1.4
9679,high,2,7.0,22.0,9.0,A,15.0
9680,medium,1,12.0,3.0,4.5,C,-100.0
9681,high,1,3.0,5.0,9.0,A,4.6
9682,high,0,15.0,12.0,4.1,C,-8.8
9683,high,1,1.0,8.0,5.3,A,-9.3
9684,high,2,12.0,4.0,3.0,D,-100.0
9685,high,0,5.0,11.0,3.3,C,-14.3
9686,low,1,8.0,26.0,1.2,C,8.3
9687,high,2,11.0,13.0,1.9,C,-18.6
9688,medium,1,7.0,50.0,5.9,A,15.0
9689,high,2,5.0,42.0,6.6,A,15.0
9690,high,4,2.0,16.0,7.7,C,15.0
9691,low,2,7.0,22.0,9.1,C,15.0
9692,medium,1,5.0,3.0,3.1,A,-100.0
9693,low,1,8.0,15.0,2.2,A,-9.3
9694,low,3,22.0,28.0,6.3,A,15.0
9695,none,1,19.0,4.0,6.8,C,-8.8
9696,medium,2,6.0,13.0,1.3,A,-18.7
9697,medium,3,23.0,18.0,9.8,A,15.0
9698,high,0,7.0,1.0,7.9,A,-10.2
9699,high,1,3.0,1.0,6.2,C,-19.2
9700,low,2,20.0,0.0,7.3,C,-14.1
9701,low,2,4.0,1.0,9.1,B,-0.5
9702,low,2,8.0,13.0,9.7,C,15.0
9703,low,0,18.0,50.0,5.8,A,15.0
9704,low,1,0.0,6.0,2.7,A,-100.0
9705,low,0,4.0,8.0,8.5,B,11.1
9706,low,4,20.0,4.0,7.3,A,-5.9
9707,low,1,7.0,9.0,9.8,B,15.0
9708,high,0,14.0,8.0,7.0,A,-1.1
9709,medium,1,9.0,3.0,9.9,A,7.3
9710,medium,1,,13.0,2.0,C,
9711,low,0,4.0,0.0,1.7,B,-100.0
9712,medium,2,11.0,16.0,8.6,A,15.0
9713,high,2,14.0,8.0,9.0,A,9.7
9714,low,2,5.0,5.0,5.7,A,-10.9
9715,low,1,10.0,3.0,3.6,A,-100.0
9716,medium,3,6.0,6.0,6.7,A,-3.8
9717,none,3,15.0,8.0,8.3,D,8.0
9718,medium,3,22.0,9.0,8.8,A,12.4
9719,high,1,7.0,3.0,4.1,C,-100.0
9720,high,1,7.0,11.0,1.6,A,-100.0
9721,none,0,5.0,3.0,9.7,B,6.5
9722,high,0,9.0,5.0,8.3,A,0.2
9723,high,2,13.0,9.0,8.7,C,10.2
9724,low,3,10.0,0.0,3.2,A,-100.0
9725,low,4,5.0,1.0,10.0,A,4.2
9726,none,2,15.0,3.0,1.8,C,-100.0
9727,medium,1,15.0,11.0,3.6,B,-11.1
9728,medium,0,9.0,2.0,5.0,A,-100.0
9729,medium,1,5.0,18.0,7.8,A,15.0
9730,high,0,13.0,11.0,8.6,B,14.1
9731,low,1,16.0,10.0,3.4,A,-14.0
9732,,2,13.0,43.0,9.2,A,15.0
9733,low,2,3.0,17.0,3.7,A,3.5
9734,none,2,7.0,4.0,7.0,A,-6.6
9735,high,4,19.0,10.0,6.0,A,-3.3
9736,low,3,5.0,27.0,9.4,A,15.0
9737,high,1,17.0,7.0,5.2,C,-13.5
9738,high,2,13.0,34.0,4.4,A,15.0
9739,high,1,14.0,13.0,8.7,A,15.0
9740,none,0,3.0,8.0,8.7,A,11.7
9741,low,1,20.0,33.0,8.1,B,15.0
9742,medium,4,12.0,10.0,9.5,A,15.0
9743,low,0,11.0,0.0,3.4,A,-100.0
9744,low,3,10.0,19.0,4.0,C,8.6
9745,high,1,5.0,4.0,1.2,A,-100.0
9746,low,2,6.0,6.0,2.4,A,-100.0
9747,low,0,5.0,15.0,3.3,C,-2.9
9748,low,1,10.0,9.0,7.4,C,6.5
9749,none,1,7.0,0.0,9.6,C,-0.6
9750,low,3,15.0,2.0,3.6,D,-100.0
9751,low,4,2.0,8.0,8.8,C,12.6
9752,high,0,8.0,1.0,1.3,A,-100.0
9753,medium,1,5.0,2.0,4.5,A,-100.0
9754,none,0,4.0,2.0,9.1,A,1.2
9755,medium,3,15.0,6.0,1.4,A,-100.0
9756,medium,1,7.0,6.0,7.3,A,-0.4
9757,high,1,25.0,3.0,9.0,A,-1.8
9758,low,3,3.0,6.0,9.3,A,11.1
9759,high,1,18.0,10.0,8.1,A,8.6
9760,medium,3,11.0,10.0,8.6,A,14.5
9761,high,0,21.0,18.0,8.7,A,15.0
9762,high,1,15.0,22.0,3.5,C,8.8
9763,low,0,11.0,2.0,4.0,A,-100.0
9764,high,5,2.0,6.0,9.0,A,6.4
9765,high,3,4.0,20.0,3.0,B,2.8
9766,medium,1,6.0,5.0,9.2,C,8.0
9767,low,2,11.0,30.0,9.1,A,15.0
9768,low,2,8.0,21.0,8.3,A,15.0
9769,low,1,20.0,6.0,6.3,A,-6.9
9770,medium,2,6.0,3.0,8.0,A,-2.9
9771,medium,3,11.0,13.0,7.4,C,14.2
9772,low,1,2.0,48.0,3.6,B,15.0
9773,low,2,6.0,7.0,9.6,B,14.7
9774,medium,1,0.0,2.0,9.2,A,2.3
9775,high,1,17.0,17.0,4.3,A,2.5
9776,high,3,7.0,13.0,3.9,A,-7.3
9777,high,2,5.0,12.0,9.4,A,15.0
9778,high,1,7.0,5.0,2.2,D,-100.0
9779,medium,1,34.0,2.0,5.5,A,-100.0
9780,high,2,8.0,18.0,3.5,A,1.0
9781,none,1,11.0,5.0,9.1,A,6.7
9782,high,2,2.0,3.0,4.9,A,-100.0
9783,low,0,3.0,50.0,9.7,A,15.0
9784,high,1,3.0,33.0,2.2,C,15.0
9785,low,2,8.0,9.0,7.4,A,6.6
9786,low,3,12.0,23.0,3.9,C,15.0
9787,high,1,11.0,5.0,6.5,A,-10.0
9788,high,1,4.0,30.0,8.6,A,15.0
9789,medium,3,11.0,14.0,8.9,A,15.0
9790,none,2,13.0,4.0,8.7,A,2.1
9791,high,0,8.0,16.0,9.5,C,15.0
9792,high,2,15.0,2.0,8.5,B,-5.8
9793,none,0,6.0,0.0,9.0,C,-3.7
9794,high,1,5.0,2.0,2.0,A,-100.0
9795,none,3,4.0,14.0,9.7,C,15.0
9796,none,3,12.0,2.0,1.7,A,-100.0
9797,high,1,16.0,0.0,9.8,C,-2.8
9798,low,0,5.0,11.0,9.8,C,15.0
9799,high,0,9.0,1.0,4.1,A,-100.0
9800,medium,1,14.0,14.0,6.0,A,8.5
9801,high,1,,20.0,2.4,C,
9802,medium,4,6.0,2.0,7.9,B,-5.7
9803,low,0,4.0,10.0,8.6,B,15.0
9804,none,2,13.0,47.0,3.4,C,15.0
9805,high,2,4.0,8.0,6.1,A,-5.3
9806,high,2,9.0,38.0,4.6,A,15.0
9807,,0,36.0,9.0,2.8,A,-100.0
9808,low,2,12.0,8.0,1.7,A,-100.0
9809,none,4,3.0,35.0,8.7,A,15.0
9810,low,1,5.0,3.0,7.5,C,-5.1
9811,high,0,3.0,16.0,1.0,A,-16.2
9812,medium,4,8.0,3.0,9.3,D,3.8
9813,medium,1,5.0,4.0,3.0,A,-100.0
9814,medium,2,17.0,5.0,5.0,A,-16.3
9815,high,0,17.0,50.0,5.3,A,15.0
9816,low,1,15.0,2.0,9.1,A,0.6
9817,high,2,4.0,5.0,1.2,C,-100.0
9818,high,1,4.0,25.0,4.5,D,15.0
9819,low,1,10.0,2.0,8.7,A,-1.1
9820,none,1,13.0,17.0,3.5,C,0.9
9821,low,3,28.0,19.0,1.4,C,-7.5
9822,none,3,6.0,20.0,1.8,A,-1.6
9823,low,0,14.0,17.0,5.9,C,14.7
9824,low,4,26.0,15.0,8.9,A,15.0
9825,high,0,18.0,23.0,2.7,A,6.3
9826,high,2,24.0,39.0,9.3,A,15.0
9827,,1,16.0,25.0,9.8,A,15.0
9828,high,2,6.0,24.0,4.7,A,15.0
9829,medium,2,12.0,43.0,3.2,A,15.0
9830,medium,1,4.0,12.0,4.9,A,-0.7
9831,low,2,10.0,1.0,8.7,A,-3.3
9832,none,1,4.0,14.0,9.5,A,15.0
9833,medium,2,9.0,5.0,6.9,C,-5.0
9834,medium,1,28.0,11.0,3.8,A,-11.3
9835,medium,1,16.0,8.0,3.6,A,-17.5
9836,high,2,8.0,1.0,8.8,C,-5.5
9837,none,0,4.0,39.0,9.6,A,15.0
9838,medium,4,3.0,42.0,9.3,A,15.0
9839,low,2,4.0,5.0,1.3,A,-100.0
9840,low,0,16.0,13.0,9.1,A,15.0
9841,low,2,23.0,2.0,1.0,A,-100.0
9842,medium,3,11.0,19.0,9.9,A,15.0
9843,low,3,5.0,6.0,9.4,A,11.5
9844,high,3,5.0,1.0,2.0,A,-100.0
9845,,2,2.0,3.0,7.1,C,-7.7
9846,medium,1,10.0,2.0,8.8,A,-0.9
9847,high,3,1.0,3.0,8.1,C,-4.6
9848,medium,1,27.0,11.0,9.0,C,15.0
9849,low,3,10.0,8.0,7.8,B,6.4
9850,none,0,15.0,22.0,9.9,C,15.0
9851,low,1,21.0,7.0,5.3,A,-10.4
9852,medium,0,15.0,4.0,6.7,A,-8.7
9853,high,0,3.0,14.0,5.9,C,6.5
9854,medium,1,22.0,4.0,6.1,A,-12.8
9855,low,0,1.0,40.0,6.5,C,15.0
9856,high,1,6.0,16.0,9.3,A,15.0
9857,none,0,16.0,3.0,7.9,A,-4.5
9858,low,1,5.0,1.0,9.1,A,-0.5
9859,medium,0,12.0,1.0,9.3,C,-0.4
9860,high,4,14.0,10.0,6.4,C,-0.6
9861,low,0,11.0,4.0,1.6,C,-100.0
9862,high,0,3.0,9.0,9.5,C,15.0
9863,medium,2,13.0,1.0,8.1,A,-7.3
9864,low,1,3.0,50.0,2.4,A,15.0
9865,low,1,3.0,0.0,7.6,A,-10.6
9866,medium,0,15.0,17.0,8.9,A,15.0
9867,none,2,3.0,2.0,9.0,A,0.6
9868,high,2,5.0,11.0,9.9,A,15.0
9869,none,0,22.0,1.0,3.3,D,-100.0
9870,high,1,12.0,5.0,2.5,A,-100.0
9871,high,5,9.0,6.0,6.7,A,-7.0
9872,,3,13.0,10.0,4.3,A,-9.6
9873,low,3,17.0,18.0,9.4,C,15.0
9874,medium,0,9.0,14.0,7.9,C,15.0
9875,low,4,6.0,16.0,7.2,A,15.0
9876,low,3,7.0,7.0,1.3,A,-100.0
9877,medium,0,16.0,8.0,8.3,A,8.4
9878,low,1,10.0,19.0,9.5,A,15.0
9879,none,2,8.0,14.0,8.6,B,15.0
9880,low,1,13.0,5.0,8.5,A,3.8
9881,medium,1,9.0,6.0,9.6,B,12.0
9882,low,1,15.0,0.0,2.8,C,-100.0
9883,low,4,2.0,2.0,2.3,A,-100.0
9884,low,1,0.0,19.0,2.1,A,-0.7
9885,low,0,4.0,4.0,6.0,A,-11.0
9886,low,0,3.0,15.0,2.8,C,-5.4
9887,low,1,15.0,10.0,2.7,A,-17.8
9888,high,1,20.0,5.0,6.1,A,-13.1
9889,low,1,10.0,6.0,6.3,A,-5.9
9890,high,1,5.0,17.0,7.6,A,15.0
9891,low,0,14.0,13.0,9.2,B,15.0
9892,high,1,9.0,15.0,9.5,A,15.0
9893,none,0,10.0,7.0,8.4,A,7.3
9894,none,4,18.0,34.0,7.1,A,15.0
9895,low,0,9.0,13.0,4.4,A,-1.4
9896,high,1,3.0,7.0,3.7,A,-100.0
9897,low,0,8.0,45.0,8.2,A,15.0
9898,medium,2,7.0,15.0,4.6,C,3.5
9899,medium,3,9.0,14.0,2.0,C,-13.2
9900,low,2,3.0,9.0,9.4,A,15.0
9901,medium,1,6.0,1.0,8.1,A,-6.4
9902,high,4,8.0,26.0,5.0,A,15.0
9903,medium,1,14.0,17.0,9.0,C,15.0
9904,low,2,22.0,8.0,7.1,A,1.4
9905,medium,0,2.0,41.0,10.0,C,15.0
9906,none,1,6.0,2.0,5.9,B,-16.7
9907,low,4,2.0,30.0,3.6,A,15.0
9908,high,4,4.0,4.0,1.8,A,-100.0
9909,medium,2,6.0,4.0,8.3,C,0.8
9910,low,3,15.0,24.0,3.7,B,15.0
9911,high,1,12.0,2.0,8.3,A,-6.5
9912,high,4,23.0,14.0,4.1,A,-5.8
9913,medium,1,11.0,23.0,2.8,A,10.1
9914,high,2,13.0,6.0,8.4,B,2.3
9915,high,3,8.0,9.0,9.3,C,13.9
9916,medium,2,6.0,31.0,8.6,A,15.0
9917,none,0,2.0,8.0,5.5,A,-5.8
9918,none,0,21.0,10.0,10.0,A,15.0
9919,low,1,3.0,1.0,2.3,A,-100.0
9920,none,1,5.0,1.0,8.3,C,-5.5
9921,low,3,17.0,6.0,1.8,A,-100.0
9922,high,3,1.0,1.0,,A,
9923,none,0,11.0,30.0,3.9,C,15.0
9924,low,4,,19.0,2.1,C,
9925,high,0,7.0,8.0,8.8,A,9.5
9926,low,2,15.0,5.0,3.1,B,-100.0
9927,low,3,4.0,28.0,2.4,D,15.0
9928,none,1,7.0,1.0,9.9,A,3.1
9929,low,1,4.0,19.0,8.7,C,15.0
9930,none,3,14.0,13.0,3.6,A,-7.2
9931,high,5,7.0,2.0,5.8,A,-100.0
9932,high,1,6.0,3.0,2.8,A,-100.0
9933,low,3,7.0,3.0,2.7,A,-100.0
9934,low,2,4.0,7.0,7.0,C,0.6
9935,medium,1,17.0,15.0,7.1,A,15.0
9936,high,2,1.0,1.0,3.7,A,-100.0
9937,high,3,6.0,15.0,9.6,D,15.0
9938,none,4,19.0,1.0,8.5,A,-6.1
9939,high,1,7.0,5.0,2.4,A,-100.0
9940,medium,2,19.0,5.0,9.8,A,9.9
9941,medium,3,6.0,10.0,3.7,A,-12.0
9942,low,1,2.0,24.0,6.6,A,15.0
9943,high,0,11.0,10.0,1.8,A,-100.0
9944,high,0,5.0,8.0,8.8,C,9.7
9945,low,4,1.0,34.0,2.8,B,15.0
9946,none,2,4.0,1.0,8.8,A,-2.7
9947,medium,3,1.0,9.0,1.8,A,-100.0
9948,medium,2,6.0,24.0,8.9,A,15.0
9949,none,0,8.0,14.0,9.2,A,15.0
9950,medium,0,15.0,2.0,6.2,C,-15.6
9951,medium,2,12.0,0.0,7.9,A,-10.4
9952,none,2,7.0,4.0,8.2,B,-0.0
9953,medium,0,0.0,5.0,7.9,D,1.5
9954,low,1,3.0,24.0,1.8,A,7.9
9955,none,0,9.0,46.0,7.4,B,15.0
9956,medium,5,5.0,16.0,1.0,D,-14.3
9957,none,1,25.0,11.0,1.4,B,-100.0
9958,low,0,21.0,13.0,10.0,A,15.0
9959,low,2,12.0,0.0,9.1,C,-3.4
9960,low,2,2.0,12.0,5.0,A,0.3
9961,low,1,9.0,5.0,7.3,A,-2.4
9962,medium,2,7.0,10.0,1.6,A,-100.0
9963,medium,5,14.0,3.0,1.9,A,-100.0
9964,none,2,4.0,20.0,7.6,A,15.0
9965,medium,0,6.0,8.0,1.9,B,-100.0
9966,low,1,11.0,10.0,6.0,D,0.8
9967,low,2,2.0,50.0,3.2,C,15.0
9968,high,0,9.0,12.0,6.5,C,5.0
9969,high,1,9.0,10.0,9.5,C,15.0
9970,medium,0,2.0,15.0,2.1,A,-9.5
9971,low,4,32.0,9.0,5.8,A,-4.8
9972,,1,5.0,18.0,3.7,C,4.9
9973,high,1,6.0,2.0,8.4,A,
9974,low,0,21.0,2.0,9.4,A,1.8
9975,medium,1,6.0,11.0,9.3,C,15.0
9976,medium,1,2.0,2.0,3.0,C,-100.0
9977,low,0,5.0,19.0,5.7,C,15.0
9978,medium,0,9.0,14.0,6.7,A,13.0
9979,,0,10.0,11.0,9.6,A,15.0
9980,medium,2,10.0,11.0,8.5,A,15.0
9981,none,0,20.0,4.0,4.9,A,-19.3
9982,medium,2,2.0,5.0,9.7,B,11.1
9983,low,1,29.0,24.0,8.7,A,15.0
9984,medium,4,17.0,21.0,3.6,A,9.4
9985,high,0,20.0,44.0,9.3,A,15.0
9986,medium,0,8.0,2.0,1.2,A,-100.0
9987,low,2,11.0,6.0,2.1,A,-100.0
9988,low,1,17.0,18.0,3.7,A,4.3
9989,low,3,9.0,9.0,9.5,A,15.0
9990,low,1,28.0,2.0,9.6,A,2.1
9991,low,4,6.0,1.0,7.4,A,-10.2
9992,low,1,19.0,4.0,9.6,A,7.2
9993,low,1,13.0,3.0,1.8,A,-100.0
9994,none,3,1.0,46.0,7.2,A,15.0
9995,low,1,8.0,42.0,3.7,A,15.0
9996,low,1,3.0,14.0,9.8,A,15.0
9997,high,0,2.0,10.0,8.6,A,13.1
9998,medium,0,6.0,50.0,8.9,A,15.0
9999,none,1,8.0,4.0,3.8,A,-100.0
10000,none,2,1.0,2.0,5.6,A,-17.9
10001,high,1,7.0,4.0,5.5,C,-17.2
10002,high,3,19.0,7.0,9.9,A,11.9
10003,medium,1,4.0,1.0,7.4,C,-10.1
10004,high,2,10.0,7.0,8.2,A,3.6
10005,low,3,10.0,3.0,8.8,C,1.4
10006,,3,8.0,3.0,5.9,A,-15.0
10007,none,2,3.0,19.0,8.4,A,15.0
10008,low,1,3.0,7.0,8.0,C,6.3
10009,medium,1,10.0,4.0,4.3,C,-100.0
10010,high,4,10.0,11.0,4.4,A,-9.1
10011,medium,0,8.0,1.0,5.3,A,-100.0
10012,high,5,9.0,30.0,2.9,A,15.0
10013,medium,2,17.0,0.0,3.1,C,-100.0
10014,low,0,7.0,16.0,8.5,C,15.0
10015,medium,1,6.0,50.0,9.8,A,15.0
10016,low,1,13.0,9.0,8.4,A,11.7
10017,high,0,11.0,7.0,5.3,A,-12.3
10018,,0,4.0,1.0,2.6,A,-100.0
10019,high,1,19.0,46.0,8.3,A,15.0
10020,none,1,3.0,5.0,8.8,A,5.9
10021,none,1,8.0,45.0,8.2,A,15.0
10022,low,0,28.0,12.0,8.1,C,14.9
10023,low,2,11.0,18.0,7.7,A,15.0
10024,high,1,18.0,23.0,6.9,A,15.0
10025,high,0,2.0,2.0,6.9,A,-13.1
10026,high,3,4.0,10.0,4.6,D,-9.4
10027,none,0,5.0,5.0,5.9,A,-10.2
10028,none,1,37.0,0.0,9.9,A,-2.0
10029,high,0,24.0,5.0,4.4,A,-100.0
10030,low,5,5.0,1.0,9.2,A,-0.3
10031,high,2,3.0,16.0,7.8,B,15.0
10032,high,2,4.0,8.0,7.9,A,4.6
10033,none,2,15.0,2.0,8.2,A,-5.0
10034,medium,4,25.0,21.0,2.9,C,4.7
10035,low,0,21.0,27.0,2.0,A,13.6
10036,low,0,3.0,2.0,6.0,A,-15.1
10037,medium,1,7.0,15.0,9.6,C,15.0
10038,low,0,9.0,13.0,9.0,B,15.0
10039,medium,1,14.0,0.0,4.4,A,-100.0
10040,high,2,11.0,1.0,3.2,A,-100.0
10041,none,2,8.0,3.0,8.5,C,-0.6
10042,high,1,7.0,18.0,9.8,A,15.0
10043,low,2,8.0,50.0,2.5,B,15.0
10044,none,2,8.0,2.0,2.1,A,-100.0
10045,medium,1,19.0,40.0,8.7,A,15.0
10046,low,1,9.0,5.0,3.9,A,-100.0
10047,high,0,13.0,6.0,3.8,A,-100.0
10048,high,4,6.0,4.0,9.0,A,1.9
10049,none,2,5.0,3.0,8.5,A,-0.3
10050,low,3,8.0,50.0,9.0,A,15.0
10051,low,2,12.0,1.0,3.3,C,-100.0
10052,medium,3,11.0,1.0,5.6,A,-100.0
10053,low,2,5.0,6.0,10.0,A,14.9
10054,medium,1,19.0,17.0,1.8,A,-8.8
10055,high,1,6.0,13.0,8.5,D,15.0
10056,high,3,14.0,6.0,8.3,C,1.5
10057,none,1,16.0,25.0,8.4,A,15.0
10058,none,3,9.0,17.0,6.2,A,15.0
10059,low,1,4.0,20.0,9.7,A,15.0
10060,low,3,9.0,3.0,7.5,A,-5.7
10061,none,2,2.0,30.0,8.6,A,15.0
10062,low,1,2.0,0.0,9.1,B,-2.3
10063,high,2,18.0,48.0,3.6,A,15.0
10064,none,1,11.0,18.0,5.3,B,13.1
10065,none,0,1.0,10.0,4.6,C,-6.4
10066,,3,2.0,7.0,5.3,C,-9.3
10067,none,1,5.0,0.0,7.8,A,-10.3
10068,medium,3,16.0,11.0,9.6,C,15.0
10069,low,3,2.0,11.0,3.2,A,-11.8
10070,high,3,2.0,5.0,5.1,A,-17.0
10071,low,3,17.0,5.0,2.3,C,-100.0
10072,none,1,15.0,4.0,1.0,C,-100.0
10073,high,0,3.0,19.0,3.1,A,1.6
10074,low,2,5.0,3.0,6.7,A,-9.6
10075,,3,12.0,14.0,4.7,A,1.1
10076,none,4,18.0,12.0,8.7,A,15.0
10077,medium,1,14.0,3.0,5.2,A,-19.0
10078,none,0,12.0,4.0,5.8,D,-13.5
10079,high,3,2.0,0.0,8.2,A,-10.4
10080,medium,1,7.0,3.0,8.6,A,0.4
10081,medium,0,10.0,5.0,5.9,A,-10.5
10082,low,2,10.0,5.0,7.8,C,0.2
10083,low,3,6.0,3.0,4.2,A,-100.0
10084,low,0,17.0,0.0,7.1,A,-14.7
10085,medium,2,10.0,37.0,8.8,C,15.0
10086,,3,18.0,13.0,1.0,B,-100.0
10087,high,3,11.0,9.0,5.5,C,-7.3
10088,medium,1,16.0,2.0,4.3,A,-100.0
10089,low,1,10.0,6.0,6.7,A,-3.7
10090,high,2,13.0,6.0,9.3,C,7.2
10091,high,0,,1.0,4.1,C,
10092,,1,4.0,11.0,8.0,A,14.0
10093,high,1,10.0,8.0,4.0,A,-17.3
10094,none,0,16.0,1.0,1.9,C,-100.0
10095,high,0,12.0,0.0,4.8,A,-100.0
10096,low,1,14.0,12.0,9.2,C,15.0
10097,none,1,2.0,11.0,9.8,A,15.0
10098,medium,2,2.0,2.0,6.2,A,-14.5
10099,high,0,4.0,16.0,8.2,A,15.0
10100,high,1,16.0,9.0,1.8,C,-100.0
10101,medium,1,11.0,0.0,9.5,A,-1.3
10102,high,1,12.0,22.0,8.4,B,15.0
10103,medium,1,22.0,2.0,8.2,C,-5.4
10104,medium,2,3.0,4.0,8.5,A,2.3
10105,high,1,19.0,8.0,8.8,A,8.2
10106,none,1,6.0,1.0,6.3,A,-16.6
10107,high,2,19.0,3.0,3.1,A,-100.0
10108,high,1,17.0,14.0,7.0,A,11.1
10109,high,4,5.0,0.0,9.1,A,-5.9
10110,low,2,21.0,14.0,3.8,A,-4.0
10111,,2,6.0,7.0,1.8,A,-100.0
10112,high,1,13.0,2.0,5.3,A,-100.0
10113,low,2,4.0,5.0,7.7,A,0.2
10114,,1,0.0,6.0,9.5,A,12.1
10115,medium,4,26.0,4.0,3.5,C,-100.0
10116,medium,2,10.0,5.0,5.5,B,-12.9
10117,low,3,8.0,3.0,9.0,A,2.7
10118,high,1,40.0,14.0,7.8,A,13.2
10119,none,1,3.0,10.0,8.9,D,15.0
10120,none,1,10.0,13.0,7.8,A,15.0
10121,medium,2,8.0,25.0,9.1,A,15.0
10122,low,1,3.0,8.0,2.5,C,-100.0
10123,none,0,17.0,7.0,10.0,A,15.0
10124,high,2,5.0,11.0,9.3,A,15.0
10125,medium,3,8.0,1.0,8.6,A,-4.1
10126,medium,3,4.0,17.0,8.9,A,15.0
10127,low,0,4.0,4.0,7.0,A,-5.5
10128,high,0,11.0,1.0,9.1,A,-4.0
10129,high,1,8.0,5.0,8.8,A,3.0
10130,medium,1,35.0,6.0,2.6,A,-100.0
10131,none,2,14.0,4.0,9.7,A,7.5
10132,medium,5,8.0,30.0,7.9,A,15.0
10133,high,2,3.0,20.0,8.4,A,15.0
10134,high,0,5.0,1.0,8.6,B,-6.1
10135,none,0,34.0,8.0,1.9,A,-100.0
10136,none,3,11.0,3.0,3.4,A,-100.0
10137,none,3,17.0,10.0,2.4,A,-100.0
10138,none,2,11.0,27.0,9.9,C,15.0
10139,medium,1,4.0,4.0,1.9,A,-100.0
10140,low,2,4.0,9.0,8.2,A,11.4
10141,medium,1,6.0,7.0,8.1,B,6.2
10142,low,0,24.0,15.0,2.5,A,-9.2
10143,low,0,14.0,6.0,3.7,B,-100.0
10144,none,3,5.0,11.0,7.3,A,9.8
10145,high,0,3.0,23.0,9.8,B,15.0
10146,medium,1,10.0,13.0,5.1,A,1.8
10147,high,2,23.0,15.0,8.5,A,15.0
10148,medium,2,14.0,12.0,5.1,C,-0.7
10149,low,2,7.0,6.0,9.5,A,11.9
10150,low,0,14.0,9.0,8.1,C,10.0
10151,none,0,4.0,10.0,8.9,A,15.0
10152,high,2,10.0,3.0,8.1,B,-5.4
10153,high,0,3.0,3.0,8.6,A,-1.7
10154,low,1,6.0,7.0,4.5,A,-13.3
10155,high,1,5.0,16.0,2.7,B,-7.2
10156,high,2,25.0,5.0,7.7,D,-4.9
10157,none,1,6.0,5.0,1.7,A,-100.0
10158,none,1,3.0,7.0,4.3,A,-14.7
10159,none,0,3.0,5.0,3.2,D,-100.0
10160,low,1,11.0,1.0,8.2,C,-6.0
10161,high,1,11.0,9.0,5.8,A,-5.4
10162,high,1,17.0,2.0,9.7,A,0.7
10163,low,0,19.0,11.0,7.9,C,12.6
10164,high,1,7.0,28.0,9.7,B,15.0
10165,low,0,4.0,10.0,6.0,A,1.6
10166,medium,3,8.0,2.0,6.3,A,-14.6
10167,low,1,4.0,2.0,8.0,A,-4.3
10168,low,2,17.0,4.0,7.6,A,-3.7
10169,low,1,3.0,9.0,8.3,A,12.1
10170,medium,4,22.0,3.0,6.2,D,-14.6
10171,low,3,10.0,0.0,8.4,A,-7.1
10172,low,1,1.0,23.0,,A,
10173,none,0,8.0,9.0,1.9,A,-100.0
10174,,4,11.0,2.0,2.5,A,-100.0
10175,,1,15.0,9.0,2.8,A,-19.9
10176,low,2,11.0,18.0,3.7,B,4.8
10177,low,3,2.0,5.0,1.1,C,-100.0
10178,medium,1,2.0,10.0,9.5,A,15.0
10179,medium,1,5.0,9.0,2.5,D,-100.0
10180,low,0,4.0,13.0,3.3,C,-7.0
10181,low,0,10.0,23.0,7.3,C,15.0
10182,none,0,6.0,44.0,9.4,A,15.0
10183,none,0,20.0,1.0,4.3,D,-100.0
10184,high,2,7.0,45.0,6.3,A,15.0
10185,high,2,15.0,6.0,8.1,A,0.4
10186,high,2,1.0,23.0,7.3,A,15.0
10187,medium,0,5.0,1.0,9.4,A,0.9
10188,none,0,4.0,15.0,8.2,C,15.0
10189,none,3,12.0,27.0,1.5,C,10.8
10190,medium,0,20.0,6.0,7.1,A,-2.8
10191,none,2,6.0,9.0,3.9,B,-13.1
10192,high,1,15.0,27.0,7.9,B,15.0
10193,none,1,,11.0,9.0,C,
10194,low,1,4.0,11.0,5.0,C,-1.9
10195,medium,1,23.0,5.0,2.3,D,-100.0
10196,high,1,5.0,4.0,5.6,B,-16.4
10197,none,0,11.0,0.0,8.9,A,-4.8
10198,low,0,3.0,4.0,9.9,C,10.5
10199,high,3,18.0,25.0,2.9,A,11.3
10200,none,3,19.0,29.0,3.7,C,15.0
10201,medium,3,3.0,1.0,9.3,A,0.2
10202,medium,1,3.0,15.0,8.5,A,15.0
10203,medium,0,10.0,11.0,3.7,A,-10.0
10204,none,1,12.0,5.0,9.0,B,6.1
10205,medium,1,5.0,3.0,8.9,A,2.3
10206,low,0,10.0,1.0,3.7,A,-100.0
10207,low,1,13.0,4.0,1.8,C,-100.0
10208,medium,3,7.0,13.0,9.3,A,15.0
10209,low,3,14.0,4.0,1.9,A,-100.0
10210,high,1,3.0,32.0,2.8,A,15.0
10211,none,1,15.0,8.0,9.3,A,13.7
10212,low,1,14.0,9.0,3.4,D,-15.9
10213,high,0,2.0,40.0,10.0,C,15.0
10214,none,2,11.0,36.0,4.2,B,15.0
10215,high,1,9.0,2.0,4.2,A,-100.0
10216,low,1,16.0,10.0,3.6,B,-12.9
10217,low,0,2.0,5.0,2.7,B,-100.0
10218,high,0,8.0,12.0,5.3,C,-1.5
10219,low,2,13.0,50.0,7.6,B,15.0
10220,medium,0,9.0,27.0,9.8,A,15.0
10221,high,1,4.0,0.0,7.7,B,-13.2
10222,high,1,7.0,4.0,9.1,B,2.6
10223,medium,4,5.0,32.0,1.7,C,15.0
10224,none,1,1.0,2.0,1.9,A,-100.0
10225,high,2,5.0,17.0,9.8,A,15.0
10226,high,1,13.0,8.0,9.0,B,9.9
10227,low,1,9.0,18.0,1.7,A,-5.9
10228,low,1,19.0,4.0,1.9,C,-100.0
10229,medium,2,1.0,24.0,9.7,A,15.0
10230,medium,1,9.0,44.0,9.0,C,15.0
10231,medium,2,8.0,2.0,6.1,A,-15.7
10232,low,0,11.0,16.0,1.6,B,-10.7
10233,medium,0,7.0,3.0,1.3,B,-100.0
10234,medium,2,5.0,12.0,9.5,A,15.0
10235,low,1,16.0,11.0,4.1,A,-8.1
10236,none,2,9.0,3.0,8.3,A,-1.8
10237,medium,3,3.0,7.0,2.9,C,-100.0
10238,low,2,6.0,8.0,8.1,A,8.5
10239,high,1,4.0,20.0,1.3,A,-6.4
10240,low,2,11.0,12.0,8.2,A,15.0
10241,high,2,18.0,21.0,8.6,A,15.0
10242,low,0,9.0,2.0,7.1,A,-9.7
10243,low,1,18.0,3.0,8.0,A,-3.6
10244,medium,4,12.0,8.0,8.1,A,7.4
10245,high,2,1.0,15.0,9.1,A,15.0
10246,high,1,5.0,6.0,3.2,C,-100.0
10247,medium,1,40.0,37.0,5.7,A,15.0
10248,high,1,19.0,1.0,9.8,C,-1.0
10249,medium,3,22.0,35.0,7.1,A,15.0
10250,medium,0,6.0,46.0,8.1,C,15.0
10251,high,2,10.0,6.0,3.0,A,-100.0
10252,high,2,7.0,5.0,3.9,A,-100.0
10253,none,2,4.0,9.0,1.0,A,-100.0
10254,medium,0,13.0,0.0,8.3,A,-8.0
10255,medium,0,4.0,6.0,4.7,A,-14.3
10256,none,2,8.0,34.0,2.4,A,15.0
10257,medium,1,5.0,2.0,1.4,A,-100.0
10258,medium,4,11.0,35.0,9.4,C,15.0
10259,high,0,12.0,1.0,8.3,A,-8.5
10260,medium,1,8.0,6.0,8.1,A,3.9
10261,low,2,9.0,11.0,4.3,A,-6.4
10262,medium,2,13.0,6.0,9.4,A,10.4
10263,high,1,8.0,1.0,9.8,A,0.1
10264,low,2,0.0,4.0,8.6,D,3.5
10265,low,2,7.0,4.0,9.3,C,6.6
10266,high,2,1.0,1.0,3.2,C,-100.0
10267,high,1,15.0,1.0,4.2,B,-100.0
10268,medium,2,6.0,10.0,9.5,A,15.0
10269,low,2,1.0,41.0,4.8,A,15.0
10270,medium,4,4.0,10.0,2.7,C,-17.4
10271,high,1,12.0,25.0,3.7,A,15.0
10272,low,2,8.0,5.0,9.1,A,7.5
10273,none,1,3.0,3.0,9.0,A,2.8
10274,low,2,9.0,4.0,2.1,A,-100.0
10275,low,2,9.0,10.0,8.7,A,15.0
10276,medium,2,12.0,24.0,7.9,A,15.0
10277,none,0,15.0,9.0,8.4,A,11.0
10278,low,2,36.0,5.0,5.2,C,-16.7
10279,low,2,7.0,8.0,3.9,A,-14.7
10280,none,2,9.0,3.0,2.2,A,-100.0
10281,none,4,3.0,2.0,4.3,B,-100.0
10282,none,3,2.0,21.0,8.2,B,15.0
10283,low,0,12.0,14.0,7.5,C,15.0
10284,low,2,6.0,0.0,9.0,A,-3.3
10285,low,1,16.0,11.0,4.4,C,-6.4
10286,low,2,15.0,0.0,6.0,C,-100.0
10287,none,0,5.0,12.0,9.0,A,15.0
10288,high,1,5.0,11.0,2.5,C,-18.8
10289,medium,2,1.0,6.0,3.6,A,-100.0
10290,low,2,22.0,8.0,3.1,A,-100.0
10291,low,4,6.0,50.0,10.0,A,15.0
10292,low,0,3.0,4.0,9.9,B,10.5
10293,none,3,9.0,0.0,1.3,A,-100.0
10294,low,2,7.0,1.0,6.2,A,-16.7
10295,low,0,9.0,2.0,3.0,D,-100.0
10296,low,2,10.0,17.0,6.2,A,15.0
10297,high,2,7.0,3.0,8.5,A,-2.9
10298,low,1,4.0,18.0,2.3,B,-2.1
10299,high,4,16.0,17.0,9.4,A,15.0
10300,none,0,6.0,7.0,3.5,C,-19.3
10301,high,1,6.0,9.0,8.4,A,9.4
10302,high,1,2.0,6.0,6.6,A,-6.4
10303,high,1,15.0,1.0,7.5,A,-13.3
10304,low,2,13.0,8.0,3.9,A,-15.3
10305,none,1,10.0,1.0,2.3,A,-100.0
10306,high,0,12.0,17.0,2.0,A,-9.5
10307,high,2,12.0,7.0,9.3,A,9.4
10308,high,0,19.0,14.0,3.4,A,-8.8
10309,high,0,6.0,12.0,1.6,C,-100.0
10310,low,0,10.0,33.0,4.4,C,15.0
10311,medium,2,7.0,5.0,6.3,A,-8.1
10312,low,1,11.0,5.0,5.6,C,-11.9
10313,high,0,5.0,3.0,3.0,A,-100.0
10314,high,1,11.0,23.0,8.7,A,15.0
10315,low,1,8.0,7.0,6.7,C,-1.4
10316,high,4,20.0,5.0,6.5,A,-11.2
10317,medium,2,6.0,15.0,4.3,A,1.9
10318,medium,3,23.0,1.0,8.6,A,-5.6
10319,medium,1,18.0,2.0,8.9,A,-1.2
10320,low,3,18.0,3.0,1.2,B,-100.0
10321,low,1,11.0,4.0,1.4,C,-100.0
10322,medium,3,11.0,29.0,5.0,A,15.0
10323,low,1,11.0,10.0,8.3,A,13.4
10324,high,3,10.0,13.0,6.2,A,5.1
10325,none,1,6.0,3.0,8.7,B,0.8
10326,high,1,4.0,10.0,1.7,A,-100.0
10327,high,2,12.0,16.0,2.7,A,-8.0
10328,medium,1,29.0,13.0,8.3,B,15.0
10329,low,0,26.0,13.0,8.4,D,15.0
10330,high,2,7.0,34.0,9.7,A,15.0
10331,low,0,19.0,3.0,5.1,A,-19.6
10332,low,3,1.0,9.0,8.5,A,13.2
10333,high,1,25.0,10.0,9.3,B,14.5
10334,low,0,7.0,10.0,9.1,C,15.0
10335,high,2,5.0,2.0,4.4,A,-100.0
10336,low,1,20.0,29.0,6.9,A,15.0
10337,low,2,7.0,3.0,1.9,C,-100.0
10338,none,2,25.0,15.0,10.0,B,15.0
10339,high,2,4.0,1.0,7.1,C,-14.5
10340,high,0,5.0,19.0,7.2,A,15.0
10341,medium,1,3.0,6.0,1.9,A,-100.0
10342,high,1,12.0,2.0,8.2,A,-7.0
10343,high,2,37.0,19.0,8.6,C,15.0
10344,high,0,10.0,5.0,7.3,A,-5.4
10345,none,3,19.0,41.0,9.3,A,15.0
10346,high,1,14.0,11.0,9.2,C,15.0
10347,high,0,20.0,13.0,5.0,B,-2.2
10348,high,0,29.0,26.0,9.9,A,15.0
10349,none,2,14.0,1.0,2.2,A,-100.0
10350,low,2,12.0,26.0,3.5,A,15.0
10351,medium,1,3.0,15.0,3.0,A,-4.8
10352,low,2,27.0,42.0,1.2,A,15.0
10353,high,3,18.0,20.0,2.2,B,-3.0
10354,high,1,9.0,9.0,5.6,A,-6.3
10355,medium,1,10.0,50.0,7.2,A,15.0
10356,medium,1,4.0,50.0,7.1,C,15.0
10357,medium,4,21.0,27.0,2.5,A,15.0
10358,low,2,9.0,1.0,5.9,B,-18.6
10359,low,1,1.0,2.0,8.4,A,-1.8
10360,high,1,7.0,45.0,9.0,A,15.0
10361,high,1,20.0,5.0,1.3,A,-100.0
10362,high,1,2.0,11.0,9.9,C,15.0
10363,high,0,4.0,7.0,9.9,A,13.7
10364,none,0,8.0,6.0,7.7,B,1.5
10365,high,2,14.0,13.0,8.9,A,15.0
10366,none,1,11.0,8.0,3.8,C,-16.1
10367,high,0,7.0,15.0,1.5,A,-16.0
10368,low,0,8.0,13.0,5.6,A,5.3
10369,low,2,9.0,17.0,1.9,A,-7.0
10370,none,2,8.0,13.0,2.2,A,-14.2
10371,medium,1,4.0,25.0,4.3,A,15.0
10372,medium,1,5.0,5.0,7.0,A,-4.0
10373,low,0,8.0,1.0,8.4,A,-4.5
10374,high,3,2.0,28.0,3.9,C,15.0
10375,none,4,5.0,22.0,9.1,A,15.0
10376,low,2,10.0,2.0,9.9,A,5.4
10377,high,2,19.0,8.0,1.3,A,-100.0
10378,low,0,2.0,5.0,1.1,B,-100.0
10379,high,4,22.0,2.0,8.3,B,-7.8
10380,low,0,14.0,50.0,8.4,A,15.0
10381,low,0,10.0,7.0,8.5,B,8.4
10382,high,1,29.0,0.0,3.1,D,-100.0
10383,none,1,13.0,3.0,3.6,A,-100.0
10384,high,1,22.0,8.0,1.3,A,-100.0
10385,low,1,7.0,0.0,1.2,A,-100.0
10386,none,3,28.0,6.0,8.3,D,2.5
10387,medium,1,21.0,37.0,4.1,C,15.0
10388,medium,0,31.0,3.0,8.2,A,-4.1
10389,high,3,4.0,7.0,9.2,A,9.6
10390,none,2,16.0,1.0,3.1,D,-100.0
10391,none,2,5.0,4.0,9.1,C,5.1
10392,low,0,3.0,10.0,6.1,A,2.2
10393,low,1,4.0,2.0,9.5,A,3.9
10394,low,2,1.0,6.0,8.9,A,9.2
10395,high,0,2.0,1.0,8.9,A,-4.2
10396,none,1,1.0,28.0,5.7,A,15.0
10397,high,1,12.0,16.0,1.1,A,-16.7
10398,high,1,10.0,13.0,4.7,C,-3.0
10399,medium,0,1.0,11.0,1.9,A,-18.9
10400,medium,4,2.0,11.0,1.9,B,-19.4
10401,medium,1,6.0,3.0,7.9,C,-3.4
10402,high,2,2.0,12.0,4.7,A,-4.4
10403,medium,1,4.0,9.0,9.6,D,15.0
10404,high,4,12.0,2.0,5.3,A,-100.0
10405,,3,9.0,5.0,7.4,B,-2.6
10406,medium,0,4.0,2.0,9.8,B,5.3
10407,low,3,10.0,16.0,7.0,A,15.0
10408,low,0,3.0,14.0,8.5,A,15.0
10409,medium,0,3.0,0.0,6.1,C,-19.1
10410,,2,4.0,13.0,3.9,C,-4.5
10411,none,2,4.0,28.0,4.6,B,15.0
10412,high,2,12.0,4.0,8.3,C,-2.4
10413,,2,7.0,27.0,9.4,A,15.0
10414,none,0,4.0,14.0,9.8,A,15.0
10415,low,1,16.0,23.0,7.2,A,15.0
10416,low,1,6.0,20.0,4.0,C,11.3
10417,medium,0,13.0,6.0,4.5,C,-16.4
10418,high,0,10.0,10.0,9.0,C,14.5
10419,none,2,10.0,7.0,10.0,A,15.0
10420,low,0,6.0,13.0,9.9,C,15.0
10421,medium,1,8.0,1.0,2.5,A,-100.0
10422,low,2,4.0,5.0,4.1,A,-19.6
10423,medium,3,8.0,18.0,1.3,A,-8.6
10424,medium,4,10.0,0.0,8.0,B,-9.8
10425,high,3,11.0,6.0,9.6,A,9.0
10426,high,2,1.0,8.0,3.5,A,-19.3
10427,high,0,12.0,1.0,9.2,C,-3.5
10428,high,1,11.0,12.0,7.5,A,10.2
10429,low,2,4.0,3.0,2.8,A,-100.0
10430,high,0,2.0,13.0,1.0,C,-100.0
10431,medium,1,4.0,2.0,9.4,A,3.0
10432,low,1,3.0,1.0,9.0,A,-0.8
10433,low,1,4.0,11.0,9.4,A,15.0
10434,medium,1,8.0,28.0,4.6,B,15.0
10435,low,2,11.0,15.0,8.9,A,15.0
10436,high,3,4.0,17.0,9.9,A,15.0
10437,low,2,19.0,13.0,4.0,B,-4.8
10438,medium,1,8.0,28.0,9.1,C,15.0
10439,low,3,15.0,8.0,2.9,A,-100.0
10440,low,2,10.0,11.0,8.1,A,14.4
10441,low,1,7.0,27.0,9.6,A,15.0
10442,medium,1,11.0,27.0,1.9,C,13.5
10443,high,1,20.0,7.0,9.0,A,7.1
10444,medium,2,8.0,7.0,5.5,A,-8.4
10445,medium,2,4.0,22.0,8.9,A,15.0
10446,high,2,4.0,19.0,4.1,A,6.8
10447,high,4,8.0,25.0,8.6,D,15.0
10448,low,2,8.0,12.0,5.0,A,-0.3
10449,high,1,8.0,2.0,4.9,B,-100.0
10450,low,2,2.0,2.0,7.4,A,-7.5
10451,high,0,6.0,10.0,2.4,A,-100.0
10452,low,3,40.0,10.0,10.0,A,15.0
10453,,1,3.0,7.0,8.6,A,9.0
10454,,1,14.0,9.0,3.3,A,-17.1
10455,none,0,4.0,2.0,9.8,B,5.1
10456,high,2,9.0,8.0,8.9,D,9.6
10457,none,0,8.0,3.0,4.6,A,-100.0
10458,none,1,4.0,18.0,1.7,B,-6.0
10459,low,0,10.0,6.0,2.7,A,-100.0
10460,medium,2,30.0,4.0,7.9,A,-3.8
10461,high,1,32.0,50.0,8.9,A,15.0
10462,medium,5,9.0,50.0,7.9,B,15.0
10463,low,1,8.0,3.0,8.4,A,-0.4
10464,high,2,2.0,9.0,2.3,C,
10465,none,0,32.0,6.0,9.6,A,9.6
10466,low,1,11.0,25.0,2.3,A,11.9
10467,medium,2,5.0,19.0,9.9,A,15.0
10468,medium,1,26.0,6.0,9.4,A,9.2
10469,none,0,11.0,27.0,1.3,A,10.1
10470,high,2,7.0,16.0,4.1,C,0.2
10471,low,1,20.0,9.0,8.8,A,13.2
10472,none,0,13.0,9.0,6.5,A,0.7
10473,low,1,13.0,1.0,9.8,B,2.6
10474,medium,1,0.0,4.0,9.4,C,7.6
10475,high,2,10.0,2.0,7.1,A,-13.0
10476,,2,12.0,21.0,4.1,A,12.6
10477,low,3,1.0,1.0,8.2,A,-5.2
10478,none,4,3.0,3.0,2.4,A,-100.0
10479,low,2,17.0,4.0,5.3,A,-16.4
10480,medium,0,9.0,7.0,1.1,C,-100.0
10481,high,1,8.0,20.0,9.6,A,15.0
10482,low,1,8.0,4.0,3.0,D,-100.0
10483,high,3,3.0,1.0,9.5,C,-1.3
10484,none,2,7.0,11.0,8.3,A,15.0
10485,medium,0,2.0,15.0,5.4,A,8.6
10486,high,2,12.0,9.0,9.7,A,15.0
10487,,2,2.0,8.0,9.6,B,15.0
10488,none,5,15.0,1.0,10.0,A,2.5
10489,medium,3,10.0,0.0,7.4,A,-13.0
10490,medium,3,7.0,13.0,9.8,A,15.0
10491,medium,0,,26.0,3.3,C,
10492,high,2,12.0,43.0,8.5,A,15.0
10493,medium,0,15.0,21.0,8.0,A,15.0
10494,medium,4,4.0,31.0,5.0,A,15.0
10495,high,2,2.0,8.0,2.5,C,-100.0
10496,medium,2,13.0,12.0,9.4,A,15.0
10497,medium,1,4.0,7.0,9.2,A,12.4
10498,medium,3,9.0,4.0,9.8,B,8.7
10499,medium,1,6.0,21.0,8.8,A,15.0
10500,,0,14.0,1.0,5.3,C,-100.0
10501,,1,4.0,12.0,7.5,A,13.3
10502,low,2,21.0,31.0,9.2,C,15.0
10503,medium,1,,1.0,5.7,C,
10504,none,1,19.0,2.0,7.8,A,-7.5
10505,medium,2,8.0,16.0,9.7,A,15.0
10506,low,0,12.0,4.0,8.4,A,1.4
10507,medium,1,2.0,4.0,2.0,A,-100.0
10508,low,0,1.0,11.0,3.9,A,-7.6
10509,medium,5,2.0,4.0,9.9,A,9.8
10510,low,4,3.0,9.0,4.7,A,-8.0
10511,low,1,4.0,12.0,1.4,C,-19.6
10512,high,0,4.0,9.0,3.4,A,-17.8
10513,low,2,18.0,8.0,6.0,A,-4.2
10514,low,1,5.0,18.0,8.3,A,15.0
10515,high,2,7.0,22.0,2.9,C,6.2
10516,low,1,12.0,10.0,3.2,A,-14.7
10517,medium,0,3.0,30.0,5.5,A,15.0
10518,none,1,3.0,4.0,2.0,A,-100.0
10519,none,2,9.0,39.0,4.6,C,15.0
10520,medium,2,11.0,9.0,8.8,C,13.6
10521,medium,0,3.0,6.0,3.1,C,-100.0
10522,low,3,1.0,2.0,7.8,A,-5.3
10523,high,1,11.0,3.0,8.5,A,-3.2
10524,none,3,18.0,2.0,2.7,C,-100.0
10525,low,3,5.0,4.0,8.2,A,0.7
10526,high,1,8.0,19.0,8.8,A,15.0
10527,none,1,14.0,23.0,7.2,A,15.0
10528,low,1,12.0,5.0,6.8,A,-5.4
10529,medium,1,0.0,13.0,4.2,C,-2.1
10530,low,1,20.0,2.0,1.8,A,-100.0
10531,none,1,23.0,3.0,1.6,A,-100.0
10532,low,2,1.0,16.0,9.4,B,15.0
10533,medium,1,6.0,23.0,8.7,A,15.0
10534,low,2,5.0,7.0,8.7,B,9.8
10535,high,1,7.0,13.0,9.5,A,15.0
10536,medium,1,2.0,0.0,3.4,A,-100.0
10537,high,0,3.0,1.0,9.0,A,-3.7
10538,low,1,2.0,14.0,2.2,D,-10.8
10539,low,0,6.0,2.0,4.7,A,-100.0
10540,high,2,5.0,7.0,6.8,A,-3.6
10541,high,1,12.0,11.0,6.0,A,-0.2
10542,low,2,19.0,4.0,4.2,A,-100.0
10543,low,5,1.0,10.0,9.2,A,15.0
10544,low,1,24.0,23.0,9.2,B,15.0
10545,low,3,13.0,4.0,3.5,C,-100.0
10546,none,0,7.0,3.0,8.9,A,1.9
10547,high,6,6.0,2.0,9.6,C,0.8
10548,high,2,7.0,3.0,4.1,D,-100.0
10549,low,1,8.0,8.0,2.5,C,-100.0
10550,medium,0,1.0,8.0,9.8,A,15.0
10551,low,2,15.0,14.0,9.7,D,15.0
10552,high,3,1.0,3.0,8.6,C,-1.8
10553,low,1,22.0,6.0,3.2,A,-100.0
10554,low,0,18.0,1.0,2.6,C,-100.0
10555,high,1,5.0,8.0,1.2,A,-100.0
10556,medium,1,8.0,1.0,3.6,A,-100.0
10557,high,0,12.0,1.0,7.6,A,-12.3
10558,none,5,19.0,6.0,1.8,B,-100.0
10559,low,0,9.0,5.0,1.0,C,-100.0
10560,medium,2,3.0,10.0,9.3,C,15.0
10561,,0,3.0,7.0,6.3,B,-3.6
10562,medium,1,7.0,8.0,2.5,A,-100.0
10563,low,2,17.0,4.0,7.0,D,-7.0
10564,low,1,3.0,11.0,4.7,A,-3.5
10565,medium,1,22.0,10.0,4.8,B,-7.3
10566,,1,3.0,5.0,3.1,A,-100.0
10567,high,0,12.0,20.0,8.4,A,15.0
10568,medium,1,2.0,2.0,6.7,A,-11.7
10569,none,2,2.0,3.0,1.6,A,-100.0
10570,high,0,10.0,20.0,5.4,A,15.0
10571,medium,4,15.0,2.0,5.4,A,-100.0
10572,none,0,27.0,21.0,7.9,B,15.0
10573,low,1,2.0,0.0,6.7,A,-15.5
10574,high,0,4.0,5.0,1.5,C,-100.0
10575,medium,1,4.0,16.0,5.6,A,11.5
10576,low,2,12.0,1.0,3.4,A,-100.0
10577,medium,0,16.0,4.0,8.3,A,0.1
10578,medium,3,1.0,2.0,9.1,A,1.5
10579,high,3,8.0,13.0,8.1,C,15.0
10580,low,1,8.0,6.0,8.3,A,5.3
10581,,1,8.0,5.0,9.2,A,7.6
10582,low,1,6.0,12.0,8.8,A,15.0
10583,low,2,12.0,4.0,9.0,D,4.5
10584,high,2,29.0,6.0,9.2,A,5.1
10585,medium,3,5.0,8.0,9.1,C,13.6
10586,medium,0,8.0,7.0,9.5,A,13.7
10587,low,2,7.0,7.0,8.2,D,6.9
10588,high,3,7.0,13.0,2.7,B,-13.9
10589,low,1,5.0,4.0,9.6,C,8.6
10590,high,2,4.0,1.0,8.1,A,-9.0
10591,low,1,22.0,32.0,4.4,A,15.0
10592,medium,1,6.0,14.0,8.9,A,15.0
10593,medium,1,3.0,3.0,9.5,A,5.7
10594,medium,1,9.0,31.0,2.4,A,15.0
10595,low,2,11.0,31.0,8.7,A,15.0
10596,medium,3,5.0,9.0,1.5,C,-100.0
10597,low,0,21.0,42.0,4.5,A,15.0
10598,low,4,8.0,13.0,2.9,A,-10.0
10599,low,2,4.0,9.0,1.7,A,-100.0
10600,none,3,9.0,3.0,6.6,C,-11.2
10601,none,1,17.0,1.0,8.7,A,-4.5
10602,medium,1,16.0,10.0,2.8,A,-17.7
10603,low,1,1.0,1.0,3.1,A,-100.0
10604,,1,5.0,35.0,2.5,A,15.0
10605,medium,1,9.0,9.0,5.1,A,-6.5
10606,medium,2,23.0,14.0,7.8,A,15.0
10607,none,1,4.0,13.0,7.7,A,15.0
10608,none,2,8.0,7.0,4.9,C,-12.0
10609,low,1,3.0,7.0,8.6,A,9.6
10610,none,0,15.0,5.0,3.7,A,-100.0
10611,none,2,9.0,7.0,2.2,B,-100.0
10612,low,0,8.0,6.0,2.3,A,-100.0
10613,medium,0,2.0,3.0,6.8,D,-8.9
10614,high,2,3.0,1.0,5.4,A,-100.0
10615,medium,4,1.0,21.0,10.0,D,15.0
10616,low,4,10.0,21.0,9.1,A,15.0
10617,low,3,6.0,11.0,8.1,C,14.7
10618,none,3,3.0,1.0,3.5,B,-100.0
10619,none,1,5.0,6.0,9.1,A,9.4
10620,high,2,9.0,5.0,9.6,C,7.2
10621,high,2,17.0,8.0,9.4,A,11.6
10622,medium,2,2.0,11.0,8.8,B,15.0
10623,medium,2,8.0,3.0,8.3,A,-1.4
10624,medium,2,12.0,1.0,2.4,A,-100.0
10625,none,3,14.0,3.0,6.5,C,-12.3
10626,none,2,23.0,5.0,9.2,A,6.0
10627,high,1,7.0,42.0,4.3,A,15.0
10628,low,2,8.0,1.0,5.9,A,-18.5
10629,high,1,9.0,1.0,4.9,C,-100.0
10630,low,1,20.0,1.0,5.9,A,-19.6
10631,low,4,6.0,9.0,9.9,B,15.0
10632,high,4,9.0,13.0,9.1,C,15.0
10633,medium,0,4.0,5.0,1.2,A,-100.0
10634,low,0,22.0,9.0,2.6,D,-100.0
10635,high,0,24.0,6.0,2.1,C,-100.0
10636,medium,2,16.0,11.0,8.1,A,13.5
10637,none,0,11.0,12.0,8.3,C,15.0
10638,low,1,9.0,4.0,2.8,C,-100.0
10639,medium,2,2.0,12.0,2.7,B,-12.7
10640,low,0,11.0,10.0,6.1,A,1.4
10641,low,3,15.0,4.0,9.4,A,6.3
10642,low,1,12.0,6.0,3.6,A,-100.0
10643,high,1,7.0,4.0,3.2,C,-100.0
10644,high,1,6.0,21.0,9.0,A,15.0
10645,low,2,4.0,24.0,6.5,D,15.0
10646,low,0,11.0,28.0,8.2,C,15.0
10647,medium,0,22.0,2.0,3.7,C,-100.0
10648,low,2,3.0,13.0,8.5,B,15.0
10649,low,2,7.0,1.0,5.0,A,-100.0
10650,none,0,19.0,39.0,4.1,A,15.0
10651,medium,1,21.0,14.0,9.2,C,15.0
10652,low,1,4.0,11.0,3.8,A,-8.5
10653,medium,1,9.0,13.0,9.1,A,15.0
10654,,1,10.0,5.0,4.5,A,-18.5
10655,medium,2,3.0,7.0,8.6,A,9.1
10656,high,1,1.0,14.0,3.0,A,-9.3
10657,high,0,5.0,24.0,1.3,C,2.0
10658,high,1,17.0,4.0,6.4,A,-13.2
10659,low,5,2.0,2.0,4.7,C,-100.0
10660,medium,1,1.0,7.0,7.4,A,2.8
10661,medium,3,23.0,23.0,8.5,A,15.0
10662,none,4,6.0,4.0,9.5,A,7.0
10663,high,1,15.0,3.0,8.3,A,-4.7
10664,low,3,21.0,16.0,8.9,C,15.0
10665,low,0,15.0,5.0,7.8,B,-0.1
10666,medium,2,12.0,30.0,6.7,C,15.0
10667,high,3,3.0,39.0,8.9,A,15.0
10668,medium,1,13.0,10.0,3.3,A,-14.6
10669,,1,14.0,18.0,9.6,A,15.0
10670,medium,3,8.0,1.0,4.6,A,-100.0
10671,low,2,5.0,17.0,8.5,A,15.0
10672,medium,0,18.0,6.0,8.2,A,3.5
10673,medium,2,23.0,5.0,6.7,A,-7.5
10674,medium,0,7.0,8.0,3.5,A,-17.1
10675,medium,1,14.0,8.0,9.3,A,14.1
10676,high,2,9.0,6.0,7.4,B,-2.8
10677,none,0,10.0,6.0,2.7,A,-100.0
10678,medium,1,21.0,10.0,7.2,B,6.0
10679,high,0,1.0,19.0,4.3,C,8.4
10680,none,3,6.0,2.0,8.6,A,-2.0
10681,high,4,8.0,1.0,9.1,A,-4.1
10682,none,2,3.0,1.0,2.0,A,-100.0
10683,low,1,4.0,17.0,8.6,A,15.0
10684,low,3,5.0,10.0,9.6,A,15.0
10685,none,2,22.0,11.0,8.3,A,13.7
10686,high,0,13.0,7.0,9.3,A,9.5
10687,low,2,7.0,6.0,6.9,A,-2.4
10688,none,2,14.0,5.0,6.7,A,-6.9
10689,medium,0,2.0,18.0,5.8,C,15.0
10690,medium,1,6.0,22.0,9.9,A,15.0
10691,low,0,16.0,33.0,3.8,A,15.0
10692,medium,5,12.0,14.0,9.4,A,15.0
10693,high,2,8.0,18.0,1.2,A,-11.6
10694,high,2,10.0,7.0,7.8,A,1.4
10695,low,2,4.0,3.0,6.6,A,-10.0
10696,medium,0,17.0,2.0,8.8,A,-1.5
10697,low,2,4.0,17.0,8.5,C,15.0
10698,high,4,13.0,50.0,7.6,A,15.0
10699,high,3,20.0,1.0,3.7,A,-100.0
10700,medium,1,3.0,5.0,9.3,C,8.9
10701,high,0,12.0,3.0,9.6,A,2.9
10702,none,1,3.0,8.0,8.5,A,10.5
10703,medium,0,8.0,11.0,2.5,D,-16.3
10704,high,5,39.0,3.0,9.2,C,-2.5
10705,high,1,8.0,4.0,6.7,C,-10.7
10706,medium,2,13.0,13.0,8.4,A,15.0
10707,high,1,7.0,6.0,9.5,A,9.0
10708,high,0,23.0,26.0,1.3,A,4.4
10709,high,0,9.0,20.0,3.6,D,5.9
10710,high,4,19.0,7.0,6.9,A,-4.7
10711,medium,0,26.0,2.0,2.5,A,-100.0
10712,high,4,1.0,18.0,6.9,A,15.0
10713,high,0,12.0,3.0,9.9,A,4.5
10714,none,0,7.0,7.0,2.7,C,-100.0
10715,low,2,9.0,22.0,1.8,A,3.0
10716,low,0,1.0,7.0,9.9,A,15.0
10717,high,1,4.0,4.0,7.9,A,-3.7
10718,medium,0,12.0,13.0,2.4,A,-13.1
10719,low,0,7.0,7.0,6.3,A,-3.4
10720,none,0,1.0,2.0,5.1,A,-100.0
10721,medium,0,5.0,5.0,3.1,A,-100.0
10722,low,0,12.0,0.0,5.4,A,-100.0
10723,none,2,6.0,0.0,8.7,C,-5.6
10724,high,2,22.0,50.0,4.3,A,15.0
10725,none,2,5.0,2.0,9.9,A,5.3
10726,high,3,40.0,28.0,7.0,C,15.0
10727,low,0,2.0,28.0,8.3,A,15.0
10728,low,2,5.0,10.0,9.7,A,15.0
10729,high,1,5.0,4.0,2.2,A,-100.0
10730,high,3,11.0,1.0,5.3,B,-100.0
10731,high,1,10.0,2.0,7.2,A,-12.3
10732,low,1,22.0,4.0,9.7,C,7.4
10733,high,0,7.0,5.0,2.2,B,-100.0
10734,high,1,3.0,6.0,4.3,A,-19.2
10735,none,1,5.0,1.0,2.0,D,-100.0
10736,medium,1,5.0,15.0,3.5,A,-2.2
10737,low,2,11.0,11.0,5.0,A,-2.7
10738,low,2,36.0,49.0,5.0,D,15.0
10739,high,0,3.0,26.0,3.5,A,15.0
10740,low,4,15.0,2.0,4.1,B,-100.0
10741,high,4,16.0,5.0,7.0,A,-8.0
10742,low,4,11.0,14.0,3.6,A,-4.3
10743,high,6,11.0,4.0,4.3,B,-100.0
10744,none,0,11.0,4.0,7.8,B,-2.4
10745,medium,1,13.0,10.0,8.8,D,15.0
10746,none,3,2.0,5.0,3.3,C,-100.0
10747,low,5,15.0,14.0,3.6,A,-4.8
10748,high,0,25.0,5.0,4.5,A,-100.0
10749,low,1,3.0,28.0,8.4,C,15.0
10750,none,1,9.0,14.0,1.7,A,-14.9
10751,medium,0,3.0,4.0,7.9,C,-0.9
10752,medium,2,15.0,7.0,5.9,C,-7.0
10753,medium,5,12.0,15.0,8.4,A,15.0
10754,medium,0,9.0,14.0,1.8,C,-14.0
10755,medium,3,4.0,8.0,2.2,A,-100.0
10756,medium,1,4.0,11.0,7.8,A,13.1
10757,low,3,5.0,8.0,9.6,A,15.0
10758,medium,1,2.0,27.0,9.7,C,15.0
10759,medium,0,14.0,12.0,1.5,A,-100.0
10760,high,0,8.0,1.0,2.0,C,-100.0
10761,low,3,6.0,4.0,6.2,A,-10.4
10762,low,0,6.0,21.0,9.9,D,15.0
10763,none,0,10.0,20.0,8.1,A,15.0
10764,,2,3.0,21.0,3.1,A,8.0
10765,high,2,8.0,2.0,5.4,A,-100.0
10766,high,0,8.0,13.0,4.1,A,-6.0
10767,high,3,4.0,6.0,2.0,B,-100.0
10768,low,3,6.0,4.0,2.5,A,-100.0
10769,low,1,7.0,50.0,8.4,D,15.0
10770,medium,0,12.0,30.0,1.5,B,15.0
10771,medium,0,5.0,6.0,6.9,A,-2.4
10772,none,0,3.0,6.0,9.9,B,14.1
10773,high,1,5.0,0.0,9.8,A,-1.7
10774,low,0,2.0,4.0,8.6,C,3.5
10775,high,0,7.0,1.0,6.4,A,-18.4
10776,high,0,5.0,46.0,4.9,A,15.0
10777,medium,1,14.0,39.0,9.6,B,15.0
10778,high,0,4.0,6.0,2.1,A,-100.0
10779,low,3,9.0,14.0,4.5,B,0.9
10780,low,0,2.0,6.0,3.0,A,-100.0
10781,high,5,17.0,7.0,2.7,A,-100.0
10782,medium,1,3.0,10.0,7.0,A,6.7
10783,medium,1,3.0,5.0,2.7,A,-100.0
10784,high,0,1.0,7.0,9.0,C,9.1
10785,medium,4,19.0,3.0,3.9,A,-100.0
10786,medium,0,9.0,7.0,6.8,C,-1.2
10787,none,1,,2.0,9.7,C,
10788,low,2,8.0,20.0,4.3,A,12.6
10789,none,2,5.0,6.0,4.4,A,-16.5
10790,medium,0,5.0,3.0,9.6,C,6.2
10791,medium,1,2.0,7.0,9.0,A,11.5
10792,medium,1,19.0,2.0,8.2,A,-5.1
10793,high,0,7.0,50.0,9.6,A,15.0
10794,low,5,17.0,7.0,9.2,C,11.1
10795,low,3,3.0,10.0,8.3,A,14.0
10796,low,1,27.0,8.0,8.4,A,8.2
10797,high,4,6.0,24.0,2.7,C,9.2
10798,medium,1,12.0,10.0,8.3,C,12.9
10799,medium,2,7.0,31.0,5.9,A,15.0
10800,low,1,4.0,14.0,6.6,A,13.2
10801,high,0,8.0,16.0,5.9,A,10.2
10802,high,1,3.0,6.0,8.9,D,6.1
10803,medium,3,9.0,6.0,8.7,A,6.9
10804,high,3,6.0,8.0,8.9,A,9.8
10805,high,0,8.0,3.0,8.8,A,-1.1
10806,low,4,15.0,0.0,9.6,A,-1.1
10807,low,4,4.0,6.0,4.2,B,-17.1
10808,high,1,21.0,6.0,1.2,A,-100.0
10809,low,1,8.0,13.0,4.5,A,-0.9
10810,medium,0,18.0,12.0,6.1,B,4.5
10811,low,2,28.0,17.0,5.7,C,12.0
10812,medium,2,3.0,18.0,3.3,A,3.1
10813,none,2,40.0,13.0,2.7,A,-14.7
10814,low,0,4.0,3.0,9.1,A,3.9
10815,low,2,5.0,1.0,,D,
10816,medium,0,21.0,4.0,9.8,A,7.8
10817,none,3,9.0,6.0,8.0,C,2.8
10818,medium,1,6.0,3.0,5.0,C,-19.3
10819,none,0,9.0,3.0,2.5,A,-100.0
10820,medium,4,3.0,7.0,2.2,A,-100.0
10821,low,2,11.0,4.0,9.8,A,9.0
10822,low,2,6.0,4.0,9.9,A,10.0
10823,low,0,9.0,12.0,8.4,C,15.0
10824,low,3,5.0,12.0,8.3,A,15.0
10825,low,0,24.0,1.0,10.0,A,2.7
10826,medium,2,9.0,5.0,9.5,A,9.2
10827,none,3,1.0,28.0,4.0,A,15.0
10828,low,1,14.0,2.0,9.9,A,5.1
10829,low,3,3.0,48.0,6.3,A,15.0
10830,none,1,2.0,1.0,8.9,C,-1.9
10831,medium,1,10.0,2.0,9.5,A,2.9
10832,medium,3,10.0,10.0,2.0,A,-100.0
10833,low,1,12.0,16.0,2.7,A,-4.9
10834,low,3,5.0,21.0,5.5,C,15.0
10835,high,1,30.0,0.0,1.7,A,-100.0
10836,none,2,13.0,50.0,4.3,A,15.0
10837,high,4,2.0,3.0,9.9,A,5.1
10838,none,2,6.0,6.0,8.6,C,6.5
10839,low,2,3.0,2.0,4.1,A,-100.0
10840,high,3,12.0,6.0,4.8,C,-17.5
10841,high,0,10.0,22.0,7.1,A,15.0
10842,high,0,9.0,14.0,1.3,A,-19.4
10843,high,2,9.0,2.0,4.6,A,-100.0
10844,low,0,9.0,45.0,9.3,A,15.0
10845,low,0,7.0,12.0,8.7,A,15.0
10846,medium,1,24.0,37.0,7.5,C,15.0
10847,medium,1,26.0,4.0,1.6,A,-100.0
10848,medium,4,8.0,7.0,1.5,B,-100.0
10849,high,1,14.0,12.0,2.2,D,-19.2
10850,none,1,2.0,36.0,5.2,B,15.0
10851,medium,1,4.0,50.0,9.0,C,15.0
10852,none,2,11.0,22.0,8.0,D,15.0
10853,high,1,6.0,17.0,7.5,A,15.0
10854,none,1,12.0,9.0,4.2,A,-11.9
10855,medium,1,10.0,11.0,8.6,A,15.0
10856,high,3,3.0,8.0,9.3,A,12.3
10857,none,0,8.0,1.0,9.5,C,0.9
10858,medium,0,15.0,5.0,9.4,A,8.3
10859,medium,3,16.0,12.0,9.4,A,15.0
10860,none,2,14.0,1.0,6.7,C,-15.3
10861,medium,1,1.0,2.0,,A,
10862,medium,2,0.0,5.0,9.9,A,12.4
10863,low,1,14.0,26.0,8.9,A,15.0
10864,low,1,28.0,21.0,5.6,D,15.0
10865,low,0,16.0,7.0,5.5,A,-8.7
10866,none,2,21.0,50.0,1.3,A,15.0
10867,high,1,9.0,12.0,8.6,A,15.0
10868,high,3,5.0,3.0,8.6,B,-2.2
10869,high,1,9.0,50.0,7.3,A,15.0
10870,high,0,6.0,43.0,3.9,A,15.0
10871,low,2,5.0,2.0,1.6,A,-100.0
10872,medium,3,1.0,13.0,9.6,A,15.0
10873,high,0,8.0,14.0,5.3,A,2.7
10874,high,0,4.0,44.0,9.3,C,15.0
10875,medium,3,7.0,2.0,9.6,A,3.6
10876,high,2,12.0,20.0,2.4,A,-1.2
10877,high,3,6.0,3.0,4.5,A,-100.0
10878,none,1,7.0,13.0,3.4,B,-7.4
10879,medium,1,17.0,6.0,9.1,C,8.5
10880,low,0,1.0,7.0,4.3,B,-13.8
10881,medium,0,3.0,14.0,9.8,A,15.0
10882,medium,2,18.0,1.0,1.3,A,-100.0
10883,high,4,10.0,15.0,7.9,C,15.0
10884,low,0,13.0,3.0,2.9,A,-100.0
10885,high,2,4.0,3.0,8.6,A,-2.0
10886,low,2,15.0,9.0,8.1,B,9.7
10887,none,3,6.0,7.0,4.3,A,-15.2
10888,low,2,13.0,1.0,1.2,A,-100.0
10889,high,1,5.0,46.0,5.5,A,15.0
10890,medium,4,2.0,50.0,1.5,A,15.0
10891,medium,1,6.0,17.0,6.7,C,15.0
10892,high,2,6.0,1.0,2.8,C,-100.0
10893,low,0,16.0,24.0,6.3,A,15.0
10894,none,2,11.0,6.0,8.8,A,7.1
10895,high,0,11.0,12.0,9.7,B,15.0
10896,low,0,4.0,31.0,4.5,A,15.0
10897,high,1,13.0,6.0,3.9,A,-100.0
10898,high,0,3.0,18.0,8.2,C,15.0
10899,low,1,11.0,1.0,3.3,B,-100.0
10900,high,1,2.0,27.0,1.4,D,9.1
10901,low,4,10.0,5.0,1.1,A,-100.0
10902,low,0,14.0,11.0,1.3,D,-100.0
10903,low,2,13.0,2.0,9.5,A,2.9
10904,medium,4,11.0,7.0,7.0,A,-0.7
10905,high,3,5.0,15.0,3.8,A,-3.4
10906,high,0,5.0,17.0,8.6,C,15.0
10907,medium,0,14.0,15.0,1.4,A,-14.6
10908,high,2,11.0,25.0,9.6,A,15.0
10909,high,2,3.0,12.0,5.7,A,1.0
10910,low,2,16.0,7.0,9.3,C,12.0
10911,high,1,6.0,7.0,9.9,B,13.4
10912,low,2,12.0,3.0,9.4,A,4.6
10913,high,0,2.0,2.0,9.2,A,-0.4
10914,none,0,12.0,1.0,2.3,D,-100.0
10915,medium,2,4.0,2.0,3.0,A,-100.0
10916,low,0,13.0,21.0,7.7,C,15.0
10917,high,2,20.0,18.0,8.6,A,15.0
10918,low,3,7.0,17.0,9.1,A,15.0
10919,none,3,9.0,50.0,9.3,C,15.0
10920,high,0,15.0,3.0,5.7,A,-18.9
10921,none,0,3.0,3.0,9.9,C,7.8
10922,high,0,6.0,24.0,9.9,A,15.0
10923,high,0,16.0,5.0,10.0,A,8.9
10924,medium,3,7.0,2.0,2.8,C,-100.0
10925,none,2,16.0,10.0,5.0,A,-5.9
10926,none,3,24.0,1.0,6.3,A,-18.6
10927,none,3,8.0,0.0,2.0,A,-100.0
10928,none,2,2.0,10.0,1.8,D,-100.0
10929,low,3,11.0,1.0,6.7,A,-14.5
10930,,1,13.0,2.0,9.7,A,3.5
10931,high,1,10.0,6.0,7.4,B,-2.8
10932,high,0,17.0,5.0,8.9,A,2.7
10933,low,1,40.0,2.0,9.0,C,-2.4
10934,medium,3,4.0,8.0,3.2,A,-18.7
10935,high,0,5.0,2.0,3.9,A,-100.0
10936,none,2,1.0,13.0,6.1,A,7.9
10937,high,1,4.0,13.0,8.9,A,15.0
10938,medium,1,21.0,50.0,1.1,C,15.0
10939,none,2,2.0,3.0,1.6,C,-100.0
10940,low,0,4.0,10.0,7.1,A,7.6
10941,high,3,7.0,1.0,5.6,D,-100.0
10942,none,0,8.0,7.0,7.6,A,3.1
10943,none,1,19.0,6.0,8.2,D,3.1
10944,high,1,19.0,24.0,8.4,B,15.0
10945,low,3,40.0,4.0,9.3,A,3.2
10946,none,2,14.0,10.0,4.0,A,-11.2
10947,,1,8.0,4.0,8.0,C,-1.1
10948,low,0,28.0,12.0,9.1,A,15.0
10949,high,1,4.0,13.0,8.8,A,15.0
10950,medium,2,1.0,4.0,6.9,C,-6.3
10951,high,0,11.0,10.0,10.0,A,15.0
10952,high,1,9.0,17.0,1.0,C,-14.8
10953,none,1,2.0,15.0,5.6,C,9.4
10954,low,0,10.0,0.0,8.2,A,-7.9
10955,none,3,8.0,18.0,2.6,A,-1.6
10956,,2,4.0,15.0,10.0,A,15.0
10957,medium,3,4.0,9.0,9.0,C,15.0
10958,medium,1,10.0,4.0,1.3,A,-100.0
10959,low,1,17.0,4.0,3.5,B,-100.0
10960,none,3,12.0,4.0,8.6,C,1.6
10961,none,1,18.0,3.0,4.1,D,-100.0
10962,medium,1,3.0,8.0,8.3,A,9.7
10963,high,0,2.0,3.0,7.3,D,-8.8
10964,low,3,13.0,9.0,3.6,A,-14.9
10965,none,0,14.0,12.0,8.6,A,15.0
10966,low,1,3.0,15.0,6.1,C,12.6
10967,high,0,10.0,1.0,4.5,A,-100.0
10968,low,4,5.0,2.0,9.1,A,1.3
10969,medium,2,36.0,8.0,8.8,C,9.0
10970,medium,1,12.0,9.0,8.3,C,10.9
10971,low,1,1.0,3.0,3.9,A,-100.0
10972,none,1,4.0,5.0,4.6,A,-17.3
10973,low,1,7.0,3.0,9.9,C,7.9
10974,high,0,9.0,15.0,3.1,A,-7.4
10975,low,1,4.0,3.0,9.9,D,8.2
10976,low,1,7.0,3.0,9.2,B,4.1
10977,high,3,15.0,20.0,1.6,A,-6.0
10978,none,4,3.0,28.0,9.8,C,15.0
10979,medium,1,11.0,10.0,9.4,A,15.0
10980,low,0,4.0,14.0,1.3,A,-15.9
10981,medium,0,20.0,5.0,7.6,B,-2.1
10982,high,0,11.0,3.0,5.0,D,-100.0
10983,none,1,9.0,2.0,8.3,C,-3.8
10984,low,3,9.0,6.0,8.1,A,3.9
10985,medium,1,13.0,1.0,2.2,C,-100.0
10986,low,1,15.0,16.0,6.1,A,13.5
10987,,2,10.0,11.0,6.8,A,6.7
10988,none,5,4.0,5.0,7.8,A,-0.1
10989,low,1,8.0,1.0,2.0,B,-100.0
10990,low,2,3.0,1.0,9.0,A,-0.9
10991,medium,3,12.0,5.0,1.1,D,-100.0
10992,low,4,11.0,8.0,1.5,C,-100.0
10993,high,1,8.0,29.0,7.4,A,15.0
10994,medium,0,3.0,16.0,8.8,A,15.0
10995,high,1,3.0,10.0,9.6,A,15.0
10996,low,2,11.0,15.0,1.6,C,-13.0
10997,low,0,4.0,5.0,2.2,A,-100.0
10998,medium,0,4.0,25.0,3.9,A,15.0
10999,,0,15.0,19.0,9.4,A,15.0
11000,high,2,11.0,27.0,6.8,A,15.0
11001,low,2,4.0,16.0,9.5,B,15.0
11002,low,1,16.0,32.0,1.2,A,15.0
11003,low,2,5.0,15.0,2.1,A,-9.7
11004,none,2,15.0,4.0,8.1,D,-1.4
11005,none,3,5.0,2.0,6.0,C,-16.2
11006,high,0,32.0,1.0,2.7,C,-100.0
11007,high,1,5.0,3.0,6.9,A,-11.4
11008,medium,4,9.0,4.0,9.1,A,4.7
11009,low,1,9.0,15.0,1.0,B,-16.0
11010,high,1,6.0,16.0,1.2,C,-15.5
11011,high,1,8.0,47.0,1.1,A,15.0
11012,high,1,6.0,14.0,6.0,A,6.7
11013,low,1,9.0,36.0,10.0,A,15.0
11014,low,1,3.0,9.0,4.9,A,-6.6
11015,low,2,8.0,2.0,3.7,A,-100.0
11016,low,3,3.0,4.0,8.6,A,3.1
11017,high,2,4.0,9.0,8.7,A,11.1
11018,low,2,5.0,17.0,1.2,A,-10.4
11019,high,0,3.0,6.0,4.3,A,-19.1
11020,medium,3,12.0,9.0,8.0,A,9.0
11021,none,1,4.0,9.0,3.8,C,-13.3
11022,low,1,8.0,1.0,9.5,A,1.4
11023,medium,1,4.0,2.0,4.1,D,-100.0
11024,high,0,10.0,5.0,6.2,A,-11.4
11025,high,2,21.0,12.0,1.7,A,-100.0
11026,high,1,32.0,4.0,3.7,A,-100.0
11027,medium,0,3.0,18.0,3.7,A,5.5
11028,high,3,2.0,4.0,5.3,A,-18.0
11029,low,1,22.0,10.0,6.6,A,3.0
11030,low,2,6.0,22.0,8.6,B,15.0
11031,low,0,10.0,5.0,9.7,B,10.8
11032,high,1,1.0,20.0,4.2,C,9.9
11033,medium,3,11.0,14.0,4.1,A,-1.9
11034,high,2,22.0,16.0,1.3,B,-16.7
11035,none,0,17.0,4.0,1.3,A,-100.0
11036,none,1,4.0,3.0,7.2,A,-7.2
11037,low,2,23.0,2.0,7.0,C,-11.8
11038,low,1,13.0,5.0,9.0,C,6.6
11039,high,2,3.0,8.0,6.7,A,-1.9
11040,high,3,17.0,3.0,3.0,A,-100.0
11041,high,2,9.0,10.0,8.0,C,8.9
11042,medium,2,1.0,9.0,3.7,A,-13.4
11043,low,3,15.0,1.0,8.3,A,-6.1
11044,medium,0,4.0,7.0,5.4,A,-8.4
11045,low,1,26.0,25.0,2.4,A,11.0
11046,high,1,5.0,2.0,9.9,A,3.0
11047,none,0,6.0,7.0,2.4,A,-100.0
11048,medium,3,15.0,2.0,1.7,A,-100.0
11049,medium,2,16.0,3.0,8.3,A,-2.3
11050,medium,0,14.0,25.0,7.1,C,15.0
11051,high,2,8.0,11.0,4.8,A,-6.5
11052,high,3,15.0,5.0,9.8,B,7.6
11053,low,1,23.0,13.0,9.0,B,15.0
11054,high,1,14.0,12.0,6.3,A,3.3
11055,low,0,9.0,1.0,4.7,A,-100.0
11056,none,0,2.0,17.0,9.4,C,15.0
11057,high,1,18.0,12.0,2.9,C,-15.8
11058,high,1,6.0,25.0,9.0,B,15.0
11059,none,5,10.0,2.0,9.0,C,-0.4
11060,low,1,4.0,5.0,9.0,B,7.5
11061,none,1,3.0,2.0,8.3,B,-3.2
11062,none,1,6.0,8.0,8.2,A,8.6
11063,low,2,9.0,25.0,6.8,A,15.0
11064,high,3,6.0,24.0,3.1,A,11.5
11065,low,3,3.0,48.0,2.4,A,15.0
11066,high,3,25.0,26.0,3.3,B,14.9
11067,none,3,8.0,31.0,2.8,A,15.0
11068,high,1,16.0,8.0,9.7,A,13.4
11069,high,1,7.0,1.0,2.6,C,-100.0
11070,low,2,4.0,7.0,8.9,A,11.0
11071,medium,3,6.0,33.0,3.1,A,15.0
11072,medium,1,4.0,3.0,3.9,A,-100.0
11073,none,5,6.0,5.0,9.1,C,6.8
11074,low,0,7.0,20.0,3.3,C,7.4
11075,medium,2,13.0,34.0,7.0,A,15.0
11076,low,2,1.0,8.0,,A,
11077,medium,2,15.0,3.0,9.4,A,3.9
11078,high,2,4.0,11.0,9.8,C,15.0
11079,none,0,5.0,2.0,3.0,C,-100.0
11080,low,3,8.0,1.0,4.9,A,-100.0
11081,low,1,13.0,2.0,3.2,B,-100.0
11082,high,2,6.0,36.0,8.7,B,15.0
11083,none,0,8.0,0.0,6.4,B,-18.2
11084,high,3,19.0,1.0,1.8,A,-100.0
11085,high,3,3.0,43.0,6.3,A,15.0
11086,low,4,5.0,24.0,1.4,A,5.2
11087,none,1,3.0,7.0,1.0,A,-100.0
11088,medium,6,4.0,35.0,8.3,A,15.0
11089,high,2,11.0,5.0,2.0,C,-100.0
11090,high,1,5.0,13.0,8.4,A,15.0
11091,high,3,30.0,14.0,3.4,A,-10.2
11092,high,2,11.0,28.0,5.9,A,15.0
11093,none,2,20.0,9.0,8.2,A,9.2
11094,high,2,10.0,5.0,2.3,C,-100.0
11095,high,1,16.0,6.0,3.7,B,-100.0
11096,medium,1,7.0,35.0,8.7,A,15.0
11097,low,2,11.0,1.0,9.4,B,0.5
11098,low,2,9.0,9.0,9.2,D,15.0
11099,low,0,20.0,18.0,8.3,A,15.0
11100,low,2,9.0,14.0,8.8,A,15.0
11101,low,1,12.0,14.0,8.7,B,15.0
11102,medium,1,22.0,21.0,2.8,A,4.8
11103,medium,3,6.0,22.0,9.0,C,15.0
11104,medium,2,6.0,14.0,6.4,B,11.4
11105,high,0,31.0,5.0,2.5,A,-100.0
11106,medium,2,2.0,15.0,1.2,A,-14.7
11107,low,1,18.0,9.0,8.1,A,9.5
11108,medium,1,18.0,21.0,6.8,A,15.0
11109,medium,1,5.0,12.0,8.9,A,15.0
11110,medium,1,5.0,13.0,7.1,C,13.4
11111,medium,4,11.0,19.0,3.0,A,2.5
11112,none,4,8.0,1.0,6.8,A,-14.3
11113,low,0,4.0,1.0,9.1,D,-0.3
11114,medium,0,10.0,4.0,7.7,C,-2.6
11115,low,3,5.0,3.0,5.9,A,-14.1
11116,low,1,0.0,9.0,8.5,C,13.5
11117,high,5,6.0,1.0,6.3,D,-19.4
11118,high,0,6.0,11.0,8.1,A,12.0
11119,low,0,2.0,27.0,8.5,A,15.0
11120,medium,2,23.0,4.0,7.2,A,-6.9
11121,medium,2,5.0,4.0,9.3,C,6.4
11122,medium,2,1.0,6.0,9.2,A,10.5
11123,high,2,2.0,13.0,10.0,A,15.0
11124,low,0,7.0,2.0,7.5,B,-7.3
11125,high,2,6.0,17.0,6.2,B,14.0
11126,none,2,4.0,9.0,8.5,C,12.4
11127,high,1,30.0,4.0,6.8,A,-12.3
11128,high,0,10.0,5.0,2.7,C,-100.0
11129,none,4,9.0,2.0,1.5,C,-100.0
11130,high,0,7.0,7.0,2.0,C,-100.0
11131,low,1,28.0,3.0,5.8,C,-16.7
11132,,1,1.0,11.0,2.0,A,-18.7
11133,high,3,14.0,7.0,4.6,A,-16.7
11134,low,0,16.0,2.0,9.6,A,3.4
11135,high,2,7.0,8.0,3.5,A,-19.9
11136,medium,0,6.0,13.0,4.1,C,-3.1
11137,medium,2,6.0,18.0,1.6,A,-6.6
11138,none,1,7.0,11.0,3.0,A,-13.8
11139,low,2,1.0,21.0,3.5,A,11.0
11140,medium,0,7.0,16.0,7.4,C,15.0
11141,medium,2,7.0,6.0,1.1,A,-100.0
11142,high,3,4.0,6.0,4.8,A,-16.7
11143,low,1,25.0,12.0,4.2,B,-6.3
11144,high,4,13.0,24.0,9.5,A,15.0
11145,low,0,2.0,16.0,3.1,A,-1.6
11146,,0,13.0,46.0,3.3,A,15.0
11147,medium,0,1.0,7.0,2.4,A,-100.0
11148,low,2,6.0,50.0,3.6,A,15.0
11149,high,0,4.0,16.0,7.0,A,15.0
11150,,3,3.0,21.0,9.9,A,15.0
11151,low,2,4.0,4.0,1.9,A,-100.0
11152,high,2,10.0,5.0,6.3,A,-11.1
11153,none,1,19.0,7.0,4.8,C,-13.5
11154,none,1,9.0,5.0,7.0,B,-4.6
11155,medium,2,1.0,4.0,3.2,A,-100.0
11156,low,2,5.0,3.0,9.2,A,4.2
11157,high,2,10.0,2.0,1.8,C,-100.0
11158,low,1,2.0,2.0,1.7,A,-100.0
11159,low,3,4.0,5.0,2.6,A,-100.0
11160,low,1,11.0,5.0,8.1,A,1.8
11161,high,2,4.0,1.0,5.3,A,-100.0
11162,low,1,8.0,10.0,9.6,D,15.0
11163,low,1,8.0,2.0,1.8,D,-100.0
11164,low,2,5.0,6.0,3.1,A,-100.0
11165,medium,2,14.0,16.0,9.5,A,15.0
11166,none,4,21.0,2.0,7.0,A,-12.4
11167,,1,11.0,16.0,9.8,A,15.0
11168,medium,1,16.0,21.0,6.1,C,15.0
11169,medium,0,19.0,11.0,8.1,A,13.4
11170,none,3,6.0,9.0,9.7,A,15.0
11171,low,1,5.0,2.0,7.1,A,-9.4
11172,medium,5,6.0,35.0,9.0,A,15.0
11173,low,1,5.0,13.0,3.9,C,-3.9
11174,low,1,14.0,2.0,7.9,A,-5.9
11175,high,0,32.0,1.0,5.5,A,-100.0
11176,medium,1,6.0,23.0,9.3,C,15.0
11177,none,0,6.0,9.0,9.1,C,15.0
11178,low,1,14.0,8.0,9.3,A,14.4
11179,medium,1,9.0,1.0,9.1,B,-1.2
11180,none,2,7.0,1.0,5.8,A,-19.5
11181,medium,0,13.0,1.0,6.4,A,-16.4
11182,low,1,7.0,31.0,8.5,A,15.0
11183,high,2,8.0,4.0,9.1,D,2.4
11184,high,2,24.0,2.0,9.2,A,-2.8
11185,high,0,31.0,5.0,3.3,C,-100.0
11186,low,1,24.0,9.0,1.4,B,-100.0
11187,medium,2,4.0,9.0,1.2,A,-100.0
11188,none,0,1.0,2.0,5.6,A,-17.7
11189,high,2,4.0,49.0,1.7,A,15.0
11190,high,2,,7.0,2.1,C,
11191,medium,0,6.0,37.0,5.1,C,15.0
11192,medium,3,15.0,1.0,5.3,A,-100.0
11193,medium,3,4.0,1.0,7.7,A,-8.7
11194,low,3,4.0,17.0,2.4,A,-3.8
11195,medium,0,2.0,26.0,5.7,A,15.0
11196,high,1,11.0,4.0,2.6,C,-100.0
11197,low,0,8.0,18.0,3.2,C,2.6
11198,high,2,11.0,28.0,,D,
11199,low,1,3.0,2.0,5.5,C,-18.0
11200,medium,0,7.0,16.0,5.0,A,8.0
11201,medium,2,6.0,9.0,4.1,C,-11.8
11202,medium,0,4.0,4.0,1.6,A,-100.0
11203,none,3,10.0,0.0,9.9,A,0.5
11204,low,2,5.0,0.0,2.8,A,-100.0
11205,high,1,5.0,27.0,9.9,C,15.0
11206,low,1,12.0,5.0,5.4,A,-13.1
11207,medium,1,10.0,16.0,8.9,A,15.0
11208,low,2,16.0,41.0,9.6,C,15.0
11209,none,2,16.0,14.0,6.7,A,11.8
11210,medium,3,5.0,13.0,2.9,A,-9.9
11211,low,1,9.0,29.0,9.9,A,15.0
11212,medium,3,12.0,2.0,2.5,C,-100.0
11213,high,0,22.0,6.0,6.2,A,-10.5
11214,high,2,9.0,5.0,6.4,A,-10.4
11215,high,3,9.0,4.0,2.6,C,-100.0
11216,low,2,19.0,2.0,4.6,A,-100.0
11217,low,4,3.0,33.0,9.8,C,15.0
11218,none,4,15.0,9.0,7.6,A,6.2
11219,medium,1,5.0,8.0,9.2,A,14.4
11220,medium,0,3.0,1.0,8.9,C,-1.7
11221,low,1,,9.0,3.0,C,
11222,none,1,4.0,1.0,2.5,A,-100.0
11223,none,0,26.0,25.0,4.8,A,15.0
11224,low,2,4.0,33.0,8.8,A,15.0
11225,medium,0,12.0,15.0,4.4,C,2.1
11226,low,1,6.0,32.0,8.8,C,15.0
11227,high,3,17.0,5.0,8.9,B,2.4
11228,medium,1,2.0,21.0,1.3,A,-1.4
11229,high,2,17.0,4.0,3.5,B,-100.0
11230,none,1,11.0,1.0,8.7,C,-3.9
11231,none,1,9.0,23.0,9.0,C,15.0
11232,low,3,16.0,1.0,8.2,C,-6.7
11233,medium,3,29.0,9.0,5.1,A,-8.6
11234,low,0,2.0,46.0,5.2,A,15.0
11235,none,1,24.0,9.0,8.4,A,10.0
11236,high,1,26.0,6.0,4.2,A,-100.0
11237,medium,1,2.0,17.0,8.5,A,15.0
11238,high,0,11.0,10.0,9.4,B,15.0
11239,high,2,5.0,1.0,5.8,B,-100.0
11240,low,2,17.0,2.0,5.1,A,-100.0
11241,none,0,17.0,1.0,5.0,A,-100.0
11242,low,4,8.0,20.0,9.5,A,15.0
11243,low,1,5.0,13.0,3.5,C,-6.1
11244,medium,1,7.0,50.0,8.3,A,15.0
11245,high,3,,0.0,2.9,C,
11246,medium,1,4.0,1.0,9.9,C,3.6
11247,high,0,4.0,1.0,8.7,A,-5.5
11248,high,0,13.0,4.0,8.9,D,1.0
11249,high,2,,9.0,9.1,C,
11250,low,0,3.0,3.0,2.8,A,-100.0
11251,high,2,8.0,10.0,8.0,A,9.0
11252,high,1,4.0,7.0,7.6,D,1.0
11253,low,1,16.0,7.0,7.4,B,1.7
11254,low,1,4.0,1.0,4.1,C,-100.0
11255,medium,0,4.0,10.0,3.2,B,-14.2
11256,high,2,3.0,3.0,9.7,A,4.1
11257,low,1,4.0,0.0,3.9,A,-100.0
11258,medium,1,6.0,8.0,3.7,A,-16.0
11259,low,2,13.0,50.0,4.8,A,15.0
11260,low,1,25.0,10.0,6.2,A,0.5
11261,low,1,9.0,0.0,3.2,A,-100.0
11262,medium,0,10.0,4.0,9.2,A,5.6
11263,none,4,1.0,22.0,2.4,A,6.3
11264,none,3,5.0,4.0,1.3,C,-100.0
11265,medium,1,8.0,28.0,9.5,A,15.0
11266,low,1,22.0,31.0,4.7,A,15.0
11267,low,3,13.0,3.0,7.9,A,-3.9
11268,high,1,7.0,3.0,4.3,A,-100.0
11269,high,3,13.0,7.0,6.4,A,-6.7
11270,low,1,,3.0,9.5,C,
11271,low,1,11.0,1.0,6.3,A,-16.5
11272,none,1,4.0,1.0,9.7,B,2.3
11273,low,5,10.0,7.0,1.5,A,-100.0
11274,high,6,4.0,50.0,7.2,A,15.0
11275,low,0,2.0,2.0,4.6,A,-100.0
11276,high,2,18.0,13.0,5.7,A,1.6
11277,medium,0,5.0,9.0,3.4,B,-15.3
11278,high,1,13.0,2.0,9.8,A,1.7
11279,none,0,6.0,50.0,1.4,A,15.0
11280,medium,1,1.0,11.0,8.0,D,14.5
11281,medium,1,17.0,7.0,5.4,C,-9.8
11282,high,1,2.0,7.0,9.4,B,11.1
11283,high,2,4.0,28.0,9.5,B,15.0
11284,high,1,9.0,16.0,3.9,A,-1.0
11285,high,1,6.0,1.0,1.0,A,-100.0
11286,medium,1,15.0,1.0,3.1,B,-100.0
11287,low,5,,6.0,5.2,C,
11288,medium,2,2.0,3.0,5.5,A,-16.2
11289,high,2,11.0,15.0,7.3,A,15.0
11290,high,1,16.0,0.0,9.3,B,-5.6
11291,high,0,11.0,26.0,8.1,A,15.0
11292,high,2,9.0,30.0,8.2,A,15.0
11293,medium,0,22.0,10.0,6.4,B,1.6
11294,medium,1,17.0,7.0,2.4,A,-100.0
11295,low,3,22.0,3.0,2.0,C,-100.0
11296,high,0,20.0,1.0,9.9,B,-0.5
11297,low,0,6.0,9.0,7.2,C,5.9
11298,low,1,10.0,10.0,2.3,B,-19.5
11299,medium,2,7.0,50.0,3.3,C,15.0
11300,high,1,4.0,10.0,4.7,A,-8.7
11301,low,1,5.0,0.0,2.2,C,-100.0
11302,high,1,9.0,19.0,9.3,C,15.0
11303,medium,3,7.0,14.0,8.3,A,15.0
11304,medium,0,23.0,2.0,9.5,A,1.7
11305,medium,1,7.0,14.0,7.9,C,15.0
11306,none,3,5.0,1.0,8.2,C,-6.2
11307,medium,2,8.0,13.0,6.3,A,8.5
11308,none,1,17.0,30.0,8.4,A,15.0
11309,high,1,8.0,6.0,7.4,A,-2.6
11310,medium,1,5.0,14.0,9.1,A,15.0
11311,high,0,4.0,6.0,5.1,A,-14.8
11312,medium,2,8.0,3.0,3.9,A,-100.0
11313,none,1,3.0,10.0,8.7,C,15.0
11314,none,0,12.0,3.0,8.4,A,-1.3
11315,high,2,5.0,21.0,8.7,A,15.0
11316,low,2,5.0,1.0,8.8,A,-2.2
11317,none,1,12.0,1.0,9.1,A,-1.8
11318,low,2,24.0,2.0,5.0,A,-100.0
11319,high,1,4.0,28.0,9.9,A,15.0
11320,low,2,7.0,0.0,6.6,A,-16.6
11321,medium,1,9.0,0.0,8.4,A,-7.2
11322,low,2,12.0,8.0,4.1,A,-14.1
11323,low,1,16.0,29.0,8.4,A,15.0
11324,medium,2,6.0,22.0,6.4,C,15.0
11325,high,2,17.0,2.0,2.7,C,-100.0
11326,medium,2,19.0,10.0,3.2,B,-15.9
11327,medium,2,10.0,20.0,1.4,C,-3.9
11328,none,0,9.0,8.0,9.1,A,13.3
11329,high,0,4.0,17.0,5.0,A,7.8
11330,medium,3,4.0,3.0,2.6,B,-100.0
11331,low,1,8.0,6.0,3.4,B,-100.0
11332,low,0,18.0,14.0,4.4,C,-0.2
11333,low,1,7.0,16.0,8.3,A,15.0
11334,high,2,7.0,7.0,4.4,A,-17.0
11335,low,2,7.0,0.0,9.7,A,0.4
11336,high,1,9.0,10.0,8.4,A,11.2
11337,high,2,3.0,30.0,9.6,A,15.0
11338,high,4,7.0,4.0,2.2,D,-100.0
11339,high,0,7.0,3.0,1.6,A,-100.0
11340,none,2,32.0,27.0,1.6,A,9.5
11341,low,5,9.0,28.0,5.0,B,15.0
11342,low,4,4.0,2.0,3.4,A,-100.0
11343,low,2,,11.0,7.2,C,
11344,high,0,6.0,7.0,4.2,A,-17.8
11345,medium,1,22.0,7.0,3.6,A,-100.0
11346,high,2,7.0,6.0,9.2,A,7.3
11347,low,0,7.0,23.0,9.7,A,15.0
11348,none,2,11.0,17.0,7.4,A,15.0
11349,high,0,16.0,8.0,1.6,A,-100.0
11350,low,3,10.0,3.0,2.8,A,-100.0
11351,medium,2,7.0,24.0,8.5,A,15.0
11352,medium,0,14.0,10.0,1.2,A,-100.0
11353,high,5,13.0,12.0,8.5,A,15.0
11354,high,3,15.0,3.0,4.2,B,-100.0
11355,low,2,21.0,2.0,7.8,A,-7.2
11356,medium,2,3.0,2.0,2.5,A,-100.0
11357,low,4,10.0,3.0,7.9,A,-3.7
11358,high,3,6.0,8.0,4.2,A,-16.0
11359,none,0,6.0,26.0,2.2,A,13.5
11360,none,2,2.0,12.0,7.9,A,15.0
11361,high,1,21.0,33.0,1.1,A,15.0
11362,high,4,7.0,4.0,7.4,A,-7.0
11363,high,0,22.0,6.0,9.9,A,9.8
11364,low,2,1.0,13.0,9.5,A,15.0
11365,high,2,18.0,35.0,1.1,A,15.0
11366,high,2,13.0,14.0,1.1,A,-100.0
11367,high,1,2.0,7.0,2.6,A,-100.0
11368,high,3,7.0,23.0,9.3,A,15.0
11369,medium,0,14.0,5.0,1.3,A,-100.0
11370,high,1,2.0,15.0,8.9,A,15.0
11371,none,1,15.0,7.0,1.8,B,-100.0
11372,high,1,15.0,12.0,1.3,B,-100.0
11373,medium,0,13.0,17.0,8.8,A,15.0
11374,low,0,13.0,1.0,3.0,A,-100.0
11375,low,1,1.0,14.0,5.9,C,9.6
11376,none,3,5.0,0.0,7.5,C,-12.2
11377,high,0,8.0,22.0,7.4,A,15.0
11378,low,3,4.0,5.0,8.5,A,4.5
11379,high,1,11.0,8.0,7.0,A,-0.9
11380,low,4,10.0,6.0,3.0,A,-100.0
11381,low,1,10.0,30.0,3.5,A,15.0
11382,high,2,8.0,9.0,1.1,A,-100.0
11383,none,0,6.0,8.0,7.3,A,3.7
11384,low,1,5.0,18.0,1.1,C,-8.8
11385,none,0,3.0,0.0,5.4,C,-100.0
11386,high,1,2.0,0.0,1.4,A,-100.0
11387,medium,2,9.0,40.0,6.6,A,15.0
11388,low,1,1.0,34.0,7.3,A,15.0
11389,medium,1,8.0,14.0,8.8,A,15.0
11390,none,3,0.0,2.0,2.2,A,-100.0
11391,high,2,17.0,6.0,5.9,A,-11.9
11392,low,1,2.0,19.0,9.1,B,15.0
11393,low,0,6.0,1.0,2.8,C,-100.0
11394,medium,3,9.0,4.0,1.9,C,-100.0
11395,none,0,3.0,19.0,9.6,B,15.0
11396,medium,1,12.0,1.0,2.4,A,-100.0
11397,low,1,5.0,18.0,8.7,A,15.0
11398,low,2,24.0,15.0,7.9,C,15.0
11399,high,1,8.0,3.0,6.1,A,-16.1
11400,high,1,4.0,2.0,1.6,A,-100.0
11401,none,3,1.0,19.0,6.6,A,15.0
11402,medium,1,12.0,41.0,3.9,A,15.0
11403,medium,4,3.0,6.0,6.8,A,-3.1
11404,medium,0,2.0,1.0,9.1,D,-0.4
11405,low,2,15.0,42.0,6.6,A,15.0
11406,low,2,11.0,34.0,6.6,A,15.0
11407,high,1,4.0,8.0,8.3,C,6.9
11408,medium,1,3.0,28.0,8.4,B,15.0
11409,medium,2,8.0,4.0,5.0,A,-17.5
11410,medium,2,11.0,1.0,5.0,A,-100.0
11411,none,1,5.0,34.0,6.5,B,15.0
11412,high,1,8.0,0.0,3.1,A,-100.0
11413,low,3,16.0,4.0,1.3,C,-100.0
11414,none,4,9.0,5.0,9.4,A,8.3
11415,none,3,3.0,7.0,3.0,A,-100.0
11416,low,0,16.0,7.0,1.6,A,-100.0
11417,none,2,3.0,4.0,9.9,D,9.7
11418,none,0,3.0,13.0,9.7,C,15.0
11419,low,3,14.0,1.0,2.6,C,-100.0
11420,high,3,10.0,2.0,8.9,A,-3.2
11421,high,2,3.0,3.0,4.4,C,-100.0
11422,low,0,9.0,39.0,3.8,A,15.0
11423,,2,18.0,0.0,1.4,A,-100.0
11424,medium,1,22.0,50.0,2.2,D,15.0
11425,high,1,9.0,9.0,1.0,C,-100.0
11426,high,1,10.0,25.0,6.6,A,15.0
11427,high,1,4.0,15.0,6.1,C,9.5
11428,low,1,3.0,10.0,2.3,A,-18.8
11429,high,1,12.0,50.0,9.4,A,15.0
11430,low,1,2.0,37.0,8.3,A,15.0
11431,high,1,5.0,6.0,9.1,C,7.0
11432,low,1,11.0,15.0,9.3,B,15.0
11433,low,3,14.0,4.0,6.8,A,-7.9
11434,low,3,4.0,10.0,7.1,A,7.3
11435,low,2,10.0,1.0,2.0,A,-100.0
11436,low,4,5.0,4.0,5.9,A,-12.1
11437,high,2,17.0,1.0,9.5,A,-2.6
11438,none,2,12.0,3.0,9.2,A,2.9
11439,high,1,8.0,2.0,2.0,C,-100.0
11440,medium,10,8.0,11.0,4.8,A,-4.7
11441,low,1,18.0,23.0,3.6,A,14.2
11442,low,1,,3.0,8.3,C,
11443,none,0,40.0,50.0,3.2,A,15.0
11444,medium,2,4.0,11.0,6.5,C,5.9
11445,medium,3,6.0,13.0,1.4,B,-18.3
11446,low,0,11.0,13.0,3.0,A,-9.3
11447,medium,1,24.0,21.0,2.5,A,2.9
11448,low,1,3.0,22.0,8.7,D,15.0
11449,high,2,8.0,20.0,3.6,D,5.8
11450,high,0,6.0,6.0,6.5,A,-7.3
11451,high,0,3.0,25.0,6.8,A,15.0
11452,medium,2,4.0,9.0,7.2,A,5.5
11453,high,5,9.0,4.0,9.2,C,2.6
11454,medium,1,3.0,9.0,6.0,A,-0.9
11455,high,1,6.0,12.0,2.7,C,-15.7
11456,high,2,6.0,9.0,2.7,A,-100.0
11457,high,3,4.0,21.0,2.9,D,4.3
11458,none,3,6.0,0.0,4.9,A,-100.0
11459,medium,0,6.0,31.0,8.6,A,15.0
11460,low,1,3.0,18.0,9.3,A,15.0
11461,high,0,4.0,8.0,8.8,D,9.8
11462,low,1,6.0,21.0,1.7,C,0.7
11463,high,2,17.0,4.0,8.2,A,-3.4
11464,medium,0,5.0,0.0,8.2,A,-7.8
11465,medium,0,9.0,18.0,6.6,A,15.0
11466,high,1,22.0,20.0,9.8,D,15.0
11467,high,0,40.0,13.0,7.8,A,11.2
11468,medium,0,17.0,5.0,3.3,A,-100.0
11469,medium,0,6.0,3.0,6.4,D,-11.5
11470,high,3,8.0,1.0,9.2,A,-3.4
11471,low,0,4.0,43.0,8.9,A,15.0
11472,high,3,8.0,9.0,8.8,B,11.2
11473,medium,2,5.0,14.0,2.3,A,-11.1
11474,none,1,1.0,4.0,8.6,B,2.9
11475,high,2,9.0,5.0,4.5,A,-100.0
11476,medium,2,3.0,1.0,6.1,A,-17.3
11477,low,3,8.0,11.0,4.0,A,-8.0
11478,medium,2,33.0,37.0,6.8,A,15.0
11479,low,1,8.0,2.0,9.1,A,1.3
11480,low,5,18.0,14.0,1.4,A,-17.2
11481,high,4,9.0,3.0,6.7,A,-13.2
11482,high,2,20.0,5.0,7.4,A,-6.0
11483,high,1,6.0,45.0,3.8,A,15.0
11484,none,2,1.0,19.0,1.8,B,-3.1
11485,high,1,31.0,1.0,5.4,A,-100.0
11486,low,1,12.0,19.0,9.2,A,15.0
11487,medium,2,18.0,14.0,3.5,B,-5.8
11488,high,1,19.0,3.0,9.0,D,-1.2
11489,high,1,12.0,13.0,1.7,A,-19.7
11490,low,1,8.0,2.0,3.9,C,-100.0
11491,low,2,5.0,7.0,7.6,A,3.8
11492,none,3,16.0,7.0,7.8,C,3.1
11493,low,1,11.0,4.0,9.6,A,8.0
11494,low,7,12.0,16.0,6.8,A,15.0
11495,medium,2,4.0,4.0,5.5,C,-14.4
11496,low,2,19.0,2.0,6.5,A,-14.2
11497,low,0,16.0,3.0,7.3,A,-7.2
11498,low,2,39.0,0.0,8.0,C,-12.1
11499,low,0,5.0,8.0,7.8,A,7.2
11500,none,3,7.0,25.0,1.6,C,7.7
11501,high,0,6.0,14.0,8.6,C,15.0
11502,none,1,17.0,20.0,6.9,D,15.0
11503,high,4,15.0,5.0,8.7,B,1.4
11504,high,3,20.0,19.0,2.5,C,-3.7
11505,medium,4,9.0,6.0,9.3,B,10.0
11506,medium,0,2.0,50.0,3.0,B,15.0
11507,medium,3,2.0,1.0,2.8,C,-100.0
11508,none,0,1.0,1.0,2.3,B,-100.0
11509,medium,0,5.0,2.0,8.5,C,-1.9
11510,low,2,7.0,8.0,2.7,A,-100.0
11511,low,1,14.0,1.0,8.5,A,-4.7
11512,medium,1,6.0,4.0,7.9,C,-1.3
11513,medium,1,9.0,50.0,9.6,A,15.0
11514,high,0,7.0,19.0,8.5,A,15.0
11515,none,2,8.0,7.0,8.7,C,8.9
11516,none,1,9.0,4.0,8.6,C,2.1
11517,high,1,5.0,0.0,8.5,D,-8.9
11518,low,1,7.0,2.0,1.3,A,-100.0
11519,high,0,5.0,23.0,8.2,A,15.0
11520,medium,2,2.0,9.0,6.0,A,-0.9
11521,low,3,4.0,6.0,2.4,B,-100.0
11522,none,1,1.0,44.0,2.1,C,15.0
11523,medium,2,13.0,2.0,1.9,A,-100.0
11524,low,1,14.0,9.0,7.5,C,6.6
11525,none,1,1.0,1.0,3.9,A,-100.0
11526,medium,2,8.0,13.0,8.3,B,15.0
11527,none,0,6.0,3.0,7.7,C,-4.6
11528,low,1,16.0,3.0,6.6,A,-11.1
11529,high,0,3.0,9.0,5.2,A,-7.8
11530,low,0,24.0,8.0,5.4,A,-7.9
11531,high,0,13.0,2.0,9.0,A,-2.6
11532,medium,3,2.0,25.0,5.7,A,15.0
11533,none,2,25.0,3.0,4.9,B,-100.0
11534,low,1,14.0,1.0,4.5,C,-100.0
11535,none,4,11.0,10.0,2.4,C,-19.9
11536,medium,2,16.0,22.0,1.6,A,0.8
11537,high,2,8.0,5.0,6.3,A,-10.9
11538,none,1,13.0,13.0,2.8,A,-11.3
11539,none,1,11.0,9.0,7.7,A,7.4
11540,high,1,5.0,0.0,3.9,D,-100.0
11541,high,4,5.0,9.0,8.7,A,10.8
11542,medium,1,15.0,26.0,6.9,B,15.0
11543,medium,0,21.0,23.0,7.6,A,15.0
11544,high,1,18.0,35.0,2.6,A,15.0
11545,high,0,10.0,8.0,8.5,A,7.5
11546,medium,1,6.0,4.0,8.4,D,1.5
11547,medium,1,8.0,14.0,5.9,C,8.5
11548,low,1,3.0,4.0,1.9,B,-100.0
11549,high,3,6.0,11.0,8.7,A,15.0
11550,low,2,17.0,1.0,9.7,A,1.5
11551,high,0,21.0,3.0,6.2,A,-16.7
11552,medium,1,25.0,4.0,1.3,B,
11553,high,2,13.0,1.0,5.2,A,-100.0
11554,high,2,15.0,9.0,1.8,A,-100.0
11555,medium,1,6.0,5.0,5.4,A,-12.9
11556,low,0,1.0,1.0,2.8,A,-100.0
11557,none,2,7.0,16.0,5.1,A,8.1
11558,medium,1,1.0,0.0,3.5,A,-100.0
11559,low,1,13.0,11.0,8.2,A,14.8
11560,low,0,27.0,2.0,9.2,A,0.1
11561,medium,2,5.0,1.0,5.3,A,-100.0
11562,high,1,24.0,5.0,8.2,A,-1.9
11563,low,0,7.0,4.0,10.0,B,10.7
11564,none,2,13.0,26.0,4.2,A,15.0
11565,low,0,12.0,2.0,6.2,A,-14.9
11566,none,0,10.0,8.0,6.8,A,0.6
11567,high,2,12.0,4.0,1.2,A,-100.0
11568,low,3,1.0,2.0,8.1,A,-3.7
11569,medium,1,16.0,7.0,5.8,A,-7.5
11570,,3,3.0,16.0,2.3,A,-7.0
11571,low,2,13.0,18.0,9.4,C,15.0
11572,high,2,17.0,4.0,6.6,C,-12.2
11573,high,1,7.0,8.0,8.0,A,5.0
11574,none,0,10.0,8.0,8.4,A,9.4
11575,high,4,5.0,1.0,8.3,A,-8.2
11576,none,1,26.0,6.0,6.6,A,-6.4
11577,none,2,17.0,8.0,3.4,A,-19.0
11578,none,0,14.0,5.0,5.5,C,-13.3
11579,high,1,4.0,11.0,5.7,A,-1.1
11580,low,1,11.0,23.0,3.6,A,14.9
11581,low,1,14.0,44.0,1.1,A,15.0
11582,,1,10.0,11.0,3.1,A,-13.6
11583,medium,1,4.0,7.0,1.7,B,-100.0
11584,high,3,11.0,6.0,9.4,B,7.9
11585,high,1,15.0,14.0,2.9,A,-11.3
11586,low,0,10.0,6.0,9.1,A,9.6
11587,high,3,6.0,6.0,8.2,C,1.8
11588,high,2,2.0,2.0,8.4,B,-5.0
11589,low,2,6.0,3.0,3.1,A,-100.0
11590,high,2,8.0,21.0,2.3,A,0.7
11591,high,0,5.0,31.0,4.3,A,15.0
11592,high,1,14.0,27.0,9.4,A,15.0
11593,medium,3,14.0,44.0,3.1,A,15.0
11594,low,4,15.0,2.0,9.0,A,-0.2
11595,low,4,26.0,0.0,7.9,A,
11596,high,1,23.0,41.0,9.6,A,15.0
11597,none,2,20.0,7.0,4.1,A,-17.6
11598,high,2,3.0,4.0,3.7,A,-100.0
11599,high,1,5.0,26.0,4.2,A,15.0
11600,low,2,,0.0,7.3,C,
11601,none,3,7.0,1.0,4.9,B,-100.0
11602,low,3,8.0,3.0,1.4,A,-100.0
11603,high,1,16.0,16.0,9.2,A,15.0
11604,low,0,3.0,18.0,7.4,A,15.0
11605,,2,3.0,7.0,8.8,A,10.0
11606,high,2,1.0,13.0,,A,
11607,high,1,4.0,21.0,9.8,A,15.0
11608,high,0,14.0,11.0,4.9,A,-6.4
11609,medium,2,5.0,0.0,9.1,A,-3.0
11610,low,3,16.0,14.0,8.9,A,15.0
11611,high,2,10.0,40.0,1.9,A,15.0
11612,medium,2,6.0,20.0,7.6,A,15.0
11613,medium,3,5.0,23.0,3.2,A,12.7
11614,high,3,11.0,6.0,2.5,A,-100.0
11615,none,4,1.0,15.0,,B,
11616,high,1,4.0,3.0,5.9,D,-16.8
11617,medium,0,5.0,0.0,8.8,C,-4.5
11618,high,1,3.0,3.0,1.2,A,-100.0
11619,high,0,6.0,4.0,4.7,A,-100.0
11620,none,1,4.0,13.0,9.8,C,15.0
11621,low,0,3.0,22.0,9.6,C,15.0
11622,,2,6.0,11.0,8.2,A,14.8
11623,high,2,33.0,2.0,1.8,C,-100.0
11624,high,0,7.0,0.0,8.6,A,-8.4
11625,high,1,10.0,5.0,5.5,C,-15.4
11626,low,1,14.0,36.0,2.4,A,15.0
11627,low,0,20.0,6.0,9.7,A,11.9
11628,none,0,14.0,6.0,9.0,A,8.1
11629,medium,3,16.0,49.0,9.9,D,15.0
11630,high,2,2.0,2.0,9.1,A,-1.2
11631,high,4,17.0,1.0,9.5,A,-2.8
11632,none,3,10.0,4.0,3.3,A,-100.0
11633,low,1,10.0,29.0,8.7,A,15.0
11634,high,1,7.0,19.0,9.8,A,15.0
11635,medium,0,3.0,17.0,9.5,C,15.0
11636,,1,12.0,8.0,2.7,B,-100.0
11637,medium,0,3.0,9.0,8.2,C,11.3
11638,none,3,8.0,7.0,3.6,C,-19.2
11639,high,1,28.0,3.0,9.3,A,-0.5
11640,low,2,11.0,2.0,2.9,B,-100.0
11641,medium,1,9.0,4.0,6.8,A,-7.6
11642,high,0,20.0,18.0,8.9,A,15.0
11643,low,0,8.0,43.0,4.2,A,15.0
11644,medium,1,8.0,12.0,1.2,A,-100.0
11645,low,6,7.0,8.0,8.2,A,8.6
11646,low,0,18.0,1.0,9.4,A,-0.0
11647,none,2,4.0,12.0,2.4,A,-14.8
11648,none,1,5.0,8.0,9.7,C,15.0
11649,medium,2,9.0,3.0,7.2,A,-7.6
11650,none,3,7.0,12.0,9.5,C,15.0
11651,high,3,9.0,0.0,3.5,C,-100.0
11652,low,0,2.0,1.0,9.0,A,-0.6
11653,high,2,5.0,14.0,9.2,D,15.0
11654,high,1,13.0,2.0,6.9,A,-14.3
11655,medium,1,10.0,4.0,6.0,A,-12.1
11656,high,5,2.0,25.0,8.5,C,15.0
11657,high,4,4.0,12.0,1.8,A,-100.0
11658,high,1,9.0,3.0,9.5,C,2.5
11659,,5,6.0,7.0,8.6,C,8.3
11660,high,0,3.0,6.0,5.6,A,-11.9
11661,none,2,11.0,5.0,9.7,A,9.9
11662,medium,1,5.0,10.0,4.9,A,-5.1
11663,none,0,19.0,0.0,7.5,A,-13.3
11664,medium,5,9.0,11.0,3.1,A,-13.7
11665,,1,19.0,9.0,8.3,A,9.9
11666,high,1,15.0,12.0,4.3,C,-7.8
11667,none,2,9.0,17.0,9.1,A,15.0
11668,medium,1,19.0,5.0,2.2,B,-100.0
11669,low,2,9.0,23.0,8.4,D,15.0
11670,none,1,11.0,14.0,1.6,A,-15.6
11671,high,4,4.0,4.0,9.6,A,5.4
11672,high,3,18.0,6.0,4.6,C,-19.2
11673,low,1,1.0,13.0,9.3,C,15.0
11674,none,0,7.0,5.0,9.4,C,8.9
11675,medium,2,5.0,12.0,1.1,A,-100.0
11676,none,1,8.0,12.0,1.6,D,-19.5
11677,low,0,0.0,3.0,5.5,C,-15.5
11678,medium,1,20.0,3.0,3.9,B,-100.0
11679,none,0,8.0,28.0,8.5,A,15.0
11680,medium,0,14.0,37.0,1.3,A,15.0
11681,low,5,9.0,17.0,3.3,A,0.4
11682,,1,13.0,5.0,2.8,C,-100.0
11683,none,0,8.0,50.0,4.3,A,15.0
11684,medium,1,37.0,45.0,4.5,B,15.0
11685,high,1,4.0,13.0,8.1,A,15.0
11686,low,2,20.0,3.0,6.9,A,-10.0
11687,low,0,5.0,11.0,5.9,A,3.0
11688,high,1,5.0,28.0,3.3,A,15.0
11689,medium,1,8.0,4.0,9.5,D,7.4
11690,none,1,5.0,1.0,4.9,A,-100.0
11691,none,2,12.0,1.0,9.4,A,-0.2
11692,low,3,6.0,3.0,2.4,D,-100.0
11693,high,1,9.0,9.0,8.2,A,8.0
11694,high,3,3.0,16.0,9.8,D,15.0
11695,none,1,2.0,9.0,2.4,A,-100.0
11696,none,2,14.0,11.0,10.0,A,15.0
11697,low,1,13.0,4.0,9.0,B,4.5
11698,high,3,8.0,9.0,8.3,A,8.4
11699,medium,1,2.0,6.0,9.8,C,13.8
11700,none,2,2.0,10.0,2.3,A,-19.4
11701,,1,12.0,3.0,6.0,C,-14.6
11702,medium,0,16.0,13.0,6.6,C,9.6
11703,low,1,20.0,2.0,8.5,A,-3.2
11704,low,2,3.0,6.0,9.2,B,10.7
11705,high,0,,12.0,8.7,C,
11706,low,0,10.0,6.0,3.4,A,-100.0
11707,high,0,7.0,7.0,7.1,A,-2.0
11708,none,3,2.0,7.0,3.8,A,-17.5
11709,high,0,18.0,2.0,2.5,A,-100.0
11710,medium,2,11.0,22.0,5.8,B,15.0
11711,low,1,12.0,1.0,8.2,A,-6.1
11712,low,1,4.0,2.0,2.7,C,-100.0
11713,high,1,2.0,0.0,1.3,A,-100.0
11714,high,3,12.0,21.0,1.9,A,-2.0
11715,high,3,9.0,0.0,9.8,C,-2.3
11716,medium,2,5.0,4.0,8.0,A,-0.7
11717,none,5,4.0,1.0,8.9,B,-2.5
11718,high,3,25.0,14.0,8.5,A,15.0
11719,low,3,4.0,14.0,1.7,B,-14.0
11720,low,2,2.0,14.0,5.9,B,9.4
11721,high,0,8.0,6.0,9.2,C,7.4
11722,high,1,6.0,5.0,6.8,B,-7.8
11723,high,5,5.0,18.0,3.4,A,0.5
11724,medium,2,18.0,22.0,9.5,C,15.0
11725,high,1,30.0,20.0,2.2,A,-4.0
11726,medium,0,10.0,4.0,1.6,A,-100.0
11727,low,0,6.0,15.0,3.6,A,-1.3
11728,medium,2,9.0,21.0,1.6,C,-0.6
11729,low,2,10.0,4.0,8.5,C,1.9
11730,none,2,12.0,3.0,3.4,A,-100.0
11731,low,0,18.0,14.0,3.8,A,-3.5
11732,high,2,5.0,5.0,1.2,B,-100.0
11733,,2,7.0,14.0,6.8,C,13.3
11734,high,4,3.0,15.0,4.9,A,2.7
11735,,1,2.0,13.0,8.2,D,15.0
11736,low,1,3.0,28.0,8.3,A,15.0
11737,medium,0,5.0,8.0,9.1,C,13.9
11738,low,1,14.0,7.0,8.1,A,5.7
11739,high,0,18.0,11.0,8.5,A,13.0
11740,low,1,1.0,5.0,1.0,A,-100.0
11741,low,1,13.0,9.0,9.0,A,15.0
11742,low,2,9.0,2.0,8.8,A,-0.5
11743,medium,1,23.0,7.0,8.7,A,7.8
11744,none,3,15.0,5.0,3.1,C,-100.0
11745,medium,1,16.0,4.0,5.5,A,-15.4
11746,medium,0,17.0,25.0,8.9,A,15.0
11747,none,0,6.0,2.0,3.1,C,-100.0
11748,none,1,18.0,0.0,3.2,A,-100.0
11749,medium,3,1.0,16.0,9.5,A,15.0
11750,high,0,3.0,2.0,3.2,A,-100.0
11751,none,5,7.0,44.0,4.1,B,15.0
11752,low,2,24.0,21.0,1.8,A,-0.6
11753,medium,1,5.0,4.0,9.0,B,4.9
11754,medium,2,11.0,6.0,8.3,A,4.5
11755,high,2,18.0,10.0,9.3,C,15.0
11756,none,1,7.0,4.0,6.1,A,-11.5
11757,medium,4,12.0,9.0,2.5,C,-100.0
11758,medium,3,16.0,4.0,8.3,B,-0.3
11759,low,2,8.0,1.0,7.7,C,-8.6
11760,low,0,13.0,2.0,3.4,C,-100.0
11761,high,0,7.0,27.0,8.1,C,15.0
11762,high,3,7.0,1.0,,D,
11763,medium,1,10.0,4.0,8.8,C,3.3
11764,,3,16.0,22.0,9.6,A,15.0
11765,high,1,4.0,20.0,4.1,B,9.0
11766,low,1,9.0,9.0,9.9,A,15.0
11767,low,0,4.0,6.0,5.1,A,-11.8
11768,none,0,6.0,5.0,3.7,A,-100.0
11769,medium,1,4.0,10.0,6.3,C,2.7
11770,none,2,17.0,7.0,3.7,A,-19.5
11771,low,1,10.0,5.0,8.7,B,5.2
11772,low,1,4.0,46.0,8.9,A,15.0
11773,medium,3,14.0,2.0,9.0,B,-0.4
11774,low,1,12.0,2.0,6.5,A,-13.4
11775,none,2,7.0,17.0,1.4,A,-10.1
11776,none,2,22.0,14.0,3.0,C,-9.1
11777,high,1,8.0,9.0,8.0,B,7.0
11778,low,0,26.0,27.0,4.6,B,15.0
11779,high,2,3.0,19.0,6.6,A,15.0
11780,high,2,5.0,17.0,7.1,A,15.0
11781,low,5,10.0,7.0,8.1,C,5.7
11782,none,2,13.0,13.0,3.5,A,-7.6
11783,medium,2,2.0,1.0,1.8,C,-100.0
11784,medium,0,21.0,11.0,3.7,B,-11.1
11785,medium,0,13.0,1.0,7.6,A,-9.8
11786,,2,2.0,13.0,2.6,C,-11.4
11787,high,2,17.0,2.0,3.2,A,-100.0
11788,low,4,3.0,10.0,3.9,A,-10.3
11789,high,2,17.0,3.0,7.7,A,-8.3
11790,low,5,4.0,0.0,3.7,A,-100.0
11791,high,1,15.0,15.0,2.4,A,-11.9
11792,medium,1,8.0,2.0,9.7,A,4.2
11793,high,1,2.0,7.0,,B,
11794,medium,2,6.0,25.0,4.3,C,15.0
11795,high,4,14.0,18.0,5.5,C,11.2
11796,high,0,14.0,50.0,3.5,A,15.0
11797,,0,8.0,10.0,9.6,B,15.0
11798,medium,3,12.0,10.0,8.6,C,14.4
11799,none,1,6.0,6.0,8.7,A,7.1
11800,high,1,5.0,18.0,6.0,C,15.0
11801,medium,1,7.0,21.0,4.5,B,15.0
11802,low,0,5.0,14.0,2.2,B,-11.0
11803,none,0,11.0,3.0,9.4,A,4.3
11804,high,3,22.0,2.0,7.8,A,-10.4
11805,high,0,24.0,16.0,6.5,A,11.9
11806,medium,3,10.0,16.0,9.2,C,15.0
11807,none,2,11.0,4.0,9.6,C,7.3
11808,low,1,14.0,50.0,6.0,A,15.0
11809,low,2,6.0,0.0,4.1,C,-100.0
11810,low,1,11.0,1.0,1.3,A,-100.0
11811,medium,1,9.0,5.0,1.1,C,-100.0
11812,low,0,20.0,18.0,9.2,A,15.0
11813,low,0,22.0,3.0,4.9,B,-100.0
11814,medium,2,6.0,2.0,2.0,A,-100.0
11815,high,1,4.0,20.0,4.1,D,9.0
11816,low,3,12.0,9.0,7.4,A,6.1
11817,high,1,10.0,2.0,8.5,C,-5.2
11818,,0,2.0,3.0,3.5,A,-100.0
11819,low,2,14.0,7.0,1.1,A,-100.0
11820,high,4,11.0,5.0,1.2,B,-100.0
11821,high,0,3.0,8.0,9.5,C,13.7
11822,high,4,19.0,14.0,2.2,B,-15.8
11823,none,1,6.0,11.0,5.1,B,-2.2
11824,high,3,11.0,3.0,2.2,A,-100.0
11825,medium,4,9.0,24.0,4.6,A,15.0
11826,medium,3,6.0,7.0,2.5,B,-100.0
11827,medium,1,8.0,8.0,7.4,A,4.2
11828,medium,0,2.0,5.0,8.4,A,4.1
11829,low,0,23.0,1.0,8.4,A,-6.0
11830,medium,2,10.0,5.0,9.4,C,8.6
11831,low,3,3.0,2.0,9.6,A,4.4
11832,low,3,7.0,7.0,2.7,B,-100.0
11833,low,2,14.0,50.0,6.3,A,15.0
11834,medium,1,22.0,4.0,1.3,C,-100.0
11835,low,2,9.0,12.0,3.8,B,-7.0
11836,high,0,13.0,24.0,8.0,A,15.0
11837,medium,2,7.0,5.0,8.8,A,5.6
11838,high,0,9.0,14.0,10.0,A,15.0
11839,none,0,3.0,26.0,8.9,C,15.0
11840,medium,1,13.0,28.0,8.2,A,15.0
11841,low,0,12.0,5.0,2.4,B,-100.0
11842,low,1,14.0,1.0,4.7,A,-100.0
11843,high,1,19.0,3.0,9.5,B,1.5
11844,high,2,18.0,2.0,2.2,A,-100.0
11845,high,1,2.0,6.0,2.1,B,-100.0
11846,low,1,4.0,9.0,9.4,C,15.0
11847,none,2,10.0,18.0,6.6,D,15.0
11848,high,4,6.0,20.0,9.1,A,15.0
11849,low,3,14.0,8.0,7.7,C,5.4
11850,low,5,28.0,21.0,6.7,C,15.0
11851,high,1,4.0,14.0,5.7,A,5.2
11852,medium,2,18.0,0.0,5.6,B,-100.0
11853,low,4,25.0,12.0,9.1,B,15.0
11854,medium,2,19.0,0.0,8.6,C,-7.2
11855,none,3,4.0,32.0,8.3,C,15.0
11856,low,1,12.0,10.0,9.9,A,15.0
11857,high,1,18.0,3.0,9.9,A,3.8
11858,low,1,12.0,7.0,2.8,A,-100.0
11859,medium,1,3.0,4.0,2.8,A,-100.0
11860,none,2,8.0,11.0,2.2,A,-18.4
11861,none,2,6.0,10.0,5.6,A,-1.6
11862,high,1,11.0,16.0,2.3,A,-10.0
11863,low,4,9.0,4.0,3.4,C,-100.0
11864,,0,12.0,23.0,2.9,A,10.4
11865,high,1,9.0,20.0,8.5,A,15.0
11866,none,2,10.0,7.0,3.8,C,-18.2
11867,low,1,15.0,2.0,8.4,A,-3.2
11868,low,0,7.0,2.0,8.6,A,-1.2
11869,low,2,13.0,21.0,1.8,A,0.5
11870,high,1,11.0,20.0,9.7,A,15.0
11871,high,0,3.0,14.0,7.0,A,12.6
11872,low,1,26.0,1.0,8.9,A,-3.7
11873,low,2,26.0,2.0,3.1,A,-100.0
11874,low,1,2.0,12.0,1.3,A,-20.0
11875,high,0,2.0,4.0,6.0,A,-13.8
11876,high,1,2.0,25.0,9.5,D,15.0
11877,high,1,8.0,5.0,7.7,A,-3.1
11878,medium,2,8.0,35.0,2.5,A,15.0
11879,high,0,8.0,27.0,8.5,A,15.0
11880,none,2,9.0,19.0,2.5,A,-0.1
11881,none,2,11.0,13.0,7.6,A,15.0
11882,none,1,5.0,13.0,8.6,A,15.0
11883,low,2,,27.0,2.1,C,
11884,high,0,1.0,32.0,1.9,A,15.0
11885,high,2,18.0,7.0,4.9,A,-15.4
11886,low,2,23.0,30.0,3.9,A,15.0
11887,low,4,6.0,11.0,7.0,A,8.6
11888,medium,1,3.0,4.0,8.1,A,0.2
11889,medium,0,13.0,13.0,9.0,A,15.0
11890,medium,3,5.0,8.0,8.3,A,9.2
11891,low,0,9.0,13.0,9.4,A,15.0
11892,high,0,7.0,8.0,2.8,A,-100.0
11893,low,2,14.0,35.0,2.9,C,15.0
11894,low,2,5.0,8.0,1.6,C,-100.0
11895,high,0,10.0,11.0,10.0,C,15.0
11896,none,1,15.0,1.0,3.3,C,-100.0
11897,high,1,6.0,34.0,5.9,A,15.0
11898,high,0,31.0,7.0,1.7,A,-100.0
11899,high,1,4.0,25.0,1.5,A,5.2
11900,medium,1,11.0,8.0,2.5,A,-100.0
11901,none,1,3.0,2.0,2.7,A,-100.0
11902,low,1,2.0,3.0,3.8,A,-100.0
11903,none,1,11.0,15.0,4.8,C,4.1
11904,high,1,14.0,15.0,2.2,B,-12.9
11905,low,1,16.0,7.0,1.5,C,-100.0
11906,low,1,7.0,4.0,2.2,A,-100.0
11907,low,2,10.0,13.0,2.4,A,-12.7
11908,high,1,9.0,5.0,2.3,A,-100.0
11909,high,2,5.0,4.0,7.4,B,-6.6
11910,none,1,5.0,1.0,4.9,A,-100.0
11911,high,1,6.0,26.0,1.6,A,7.7
11912,none,4,6.0,4.0,3.6,A,-100.0
11913,high,0,5.0,9.0,3.6,A,-16.8
11914,none,0,25.0,35.0,1.9,A,15.0
11915,high,0,11.0,14.0,3.1,A,-9.7
11916,low,1,15.0,37.0,7.5,A,15.0
11917,none,3,6.0,14.0,8.2,A,15.0
11918,low,0,4.0,14.0,1.7,C,-13.7
11919,high,2,8.0,14.0,8.4,A,15.0
11920,none,1,8.0,15.0,3.3,B,-3.9
11921,medium,0,10.0,1.0,2.7,C,-100.0
11922,low,2,4.0,15.0,9.2,A,15.0
11923,high,1,7.0,8.0,3.1,A,-100.0
11924,low,3,5.0,23.0,8.9,A,15.0
11925,medium,2,12.0,16.0,9.3,A,15.0
11926,low,1,11.0,20.0,5.4,C,15.0
11927,low,5,7.0,4.0,7.1,A,-5.8
11928,high,1,9.0,11.0,1.8,B,-100.0
11929,low,2,11.0,1.0,3.3,A,-100.0
11930,medium,2,7.0,5.0,5.7,B,-11.4
11931,medium,3,12.0,15.0,1.3,A,-15.2
11932,high,1,14.0,20.0,9.3,A,15.0
11933,low,1,2.0,3.0,4.5,A,-100.0
11934,none,2,20.0,7.0,9.3,A,11.0
11935,high,0,6.0,15.0,3.7,A,-3.8
11936,low,5,13.0,36.0,3.8,A,15.0
11937,high,0,22.0,5.0,9.3,A,4.4
11938,low,0,1.0,2.0,3.5,A,-100.0
11939,low,1,8.0,4.0,9.3,A,6.6
11940,low,2,16.0,13.0,5.6,A,4.3
11941,low,3,11.0,2.0,2.0,B,-100.0
11942,high,4,12.0,6.0,8.4,A,2.2
11943,low,1,14.0,30.0,9.6,D,15.0
11944,low,0,6.0,3.0,2.4,A,-100.0
11945,high,0,3.0,5.0,8.4,D,1.4
11946,medium,1,9.0,25.0,6.6,C,15.0
11947,,2,16.0,10.0,3.6,A,-13.6
11948,medium,3,13.0,11.0,8.7,A,
11949,none,2,30.0,13.0,5.9,A,3.9
11950,high,0,11.0,3.0,9.5,C,2.4
11951,high,2,3.0,26.0,8.2,A,15.0
11952,medium,1,3.0,12.0,1.8,D,-17.7
11953,none,2,1.0,10.0,9.9,D,15.0
11954,none,0,7.0,10.0,4.0,A,-10.3
11955,medium,3,20.0,1.0,9.3,A,-1.5
11956,high,1,2.0,16.0,1.6,A,-12.9
11957,medium,4,8.0,8.0,5.5,C,-6.6
11958,low,3,5.0,23.0,9.7,A,15.0
11959,high,0,3.0,6.0,1.3,A,-100.0
11960,none,1,1.0,11.0,4.8,A,-3.3
11961,none,2,3.0,1.0,8.6,A,-3.7
11962,none,1,14.0,9.0,9.2,A,15.0
11963,low,2,0.0,12.0,6.6,A,9.3
11964,high,0,16.0,22.0,8.2,A,15.0
11965,high,0,8.0,15.0,3.5,A,-5.1
11966,high,1,4.0,32.0,4.4,A,15.0
11967,none,1,17.0,40.0,7.0,A,15.0
11968,low,1,3.0,15.0,8.0,C,15.0
11969,low,0,3.0,8.0,1.3,C,-100.0
11970,low,2,4.0,35.0,9.9,A,15.0
11971,high,1,21.0,0.0,8.8,A,-8.8
11972,low,1,32.0,12.0,2.2,A,-18.0
11973,none,1,5.0,14.0,9.2,A,15.0
11974,low,0,8.0,8.0,9.4,A,15.0
11975,high,0,8.0,6.0,2.5,B,-100.0
11976,medium,4,31.0,1.0,6.9,A,-15.8
11977,none,2,4.0,31.0,8.9,A,15.0
11978,medium,3,12.0,15.0,8.5,A,15.0
11979,high,2,7.0,4.0,7.1,A,-8.5
11980,none,0,30.0,5.0,4.4,A,-100.0
11981,high,1,8.0,6.0,9.8,A,10.6
11982,low,1,14.0,21.0,9.4,A,15.0
11983,high,2,4.0,7.0,9.1,A,9.1
11984,low,1,10.0,3.0,8.9,A,2.1
11985,medium,4,17.0,2.0,2.2,D,-100.0
11986,high,2,9.0,20.0,10.0,A,15.0
11987,high,2,14.0,13.0,1.3,A,-100.0
11988,medium,5,13.0,33.0,8.7,A,15.0
11989,none,1,5.0,2.0,8.1,A,-4.5
11990,low,4,3.0,30.0,8.1,C,15.0
11991,low,2,4.0,22.0,9.6,A,15.0
11992,none,2,14.0,6.0,4.4,A,-17.4
11993,low,2,7.0,8.0,6.4,C,-0.9
11994,high,0,19.0,12.0,2.6,A,-17.4
11995,low,2,5.0,10.0,2.8,A,-16.3
11996,low,1,3.0,10.0,9.0,A,15.0
11997,none,1,3.0,16.0,1.5,A,-11.2
11998,low,2,7.0,11.0,5.1,A,-1.8
11999,high,2,11.0,5.0,6.1,A,-12.3
12000,low,1,3.0,16.0,8.6,C,15.0
12001,,1,12.0,0.0,3.3,A,-100.0
12002,low,2,18.0,13.0,3.3,B,-8.6
12003,low,2,1.0,11.0,7.2,A,10.4
12004,high,2,5.0,4.0,2.9,A,-100.0
12005,high,2,2.0,5.0,3.3,B,-100.0
12006,medium,0,3.0,16.0,1.6,A,-10.3
12007,high,2,9.0,2.0,4.7,A,-100.0
12008,low,1,2.0,0.0,9.0,A,-2.8
12009,none,3,11.0,14.0,9.3,C,15.0
12010,medium,0,21.0,36.0,4.2,A,15.0
12011,none,4,16.0,4.0,4.4,A,-100.0
12012,low,3,20.0,15.0,4.3,A,0.8
12013,high,2,4.0,15.0,9.5,A,15.0
12014,low,2,7.0,1.0,3.9,A,-100.0
12015,medium,2,8.0,11.0,5.2,C,-1.7
12016,none,5,8.0,18.0,1.7,A,-6.8
12017,low,2,24.0,0.0,6.6,A,-18.3
12018,high,2,6.0,6.0,5.0,A,-15.7
12019,high,1,10.0,3.0,4.2,D,-100.0
12020,high,1,29.0,16.0,8.1,B,15.0
12021,none,1,3.0,0.0,10.0,A,2.0
12022,medium,2,6.0,1.0,3.6,B,-100.0
12023,none,3,19.0,5.0,3.5,B,-100.0
12024,low,8,32.0,4.0,8.9,C,1.3
12025,high,1,6.0,23.0,8.1,A,15.0
12026,high,1,5.0,10.0,9.2,A,15.0
12027,none,0,11.0,7.0,8.7,A,8.8
12028,high,2,6.0,24.0,8.5,C,15.0
12029,medium,1,9.0,0.0,3.6,A,-100.0
12030,low,4,31.0,24.0,3.1,A,11.9
12031,medium,2,9.0,21.0,2.0,C,1.6
12032,none,1,8.0,3.0,4.3,A,-100.0
12033,high,2,25.0,4.0,9.1,A,0.7
12034,low,2,5.0,2.0,7.8,A,-5.6
12035,medium,2,19.0,1.0,8.8,A,-4.0
12036,medium,0,2.0,25.0,8.6,A,15.0
12037,low,1,1.0,8.0,7.8,B,7.5
12038,high,4,10.0,32.0,7.0,A,15.0
12039,high,2,8.0,0.0,1.8,C,-100.0
12040,high,1,23.0,10.0,8.0,A,7.6
12041,high,1,6.0,21.0,3.4,A,7.1
12042,medium,5,8.0,0.0,9.9,A,0.8
12043,low,3,9.0,13.0,9.8,A,15.0
12044,high,2,15.0,1.0,6.6,C,-18.3
12045,low,1,10.0,7.0,9.3,A,12.7
12046,high,0,13.0,8.0,9.2,A,11.1
12047,low,1,6.0,3.0,8.1,A,-1.9
12048,high,1,3.0,17.0,9.8,C,15.0
12049,low,0,11.0,18.0,5.6,A,15.0
12050,high,3,12.0,7.0,8.2,B,3.3
12051,high,1,31.0,8.0,5.9,A,-9.0
12052,high,1,12.0,3.0,8.6,C,-2.7
12053,high,1,11.0,1.0,8.3,A,-8.5
12054,medium,1,3.0,0.0,6.1,A,-19.2
12055,high,2,11.0,2.0,3.0,B,-100.0
12056,medium,0,26.0,7.0,8.6,A,7.0
12057,medium,0,3.0,2.0,8.9,A,
12058,low,2,10.0,19.0,2.9,A,2.6
12059,low,5,8.0,18.0,8.0,D,15.0
12060,high,1,7.0,2.0,8.2,A,-6.5
12061,high,1,15.0,19.0,6.8,C,15.0
12062,low,1,14.0,3.0,8.5,D,-0.5
12063,low,2,7.0,31.0,7.1,A,15.0
12064,high,2,8.0,11.0,7.0,A,5.6
12065,medium,1,0.0,11.0,7.1,A,9.7
12066,high,3,29.0,30.0,4.4,A,15.0
12067,medium,0,6.0,7.0,8.4,A,7.9
12068,medium,0,2.0,21.0,8.9,C,15.0
12069,low,1,13.0,12.0,9.0,B,15.0
12070,none,1,2.0,11.0,7.3,A,10.3
12071,medium,3,9.0,3.0,1.4,C,-100.0
12072,low,2,15.0,1.0,8.6,A,-4.3
12073,none,1,17.0,8.0,4.1,A,-15.1
12074,high,2,6.0,8.0,6.5,D,-3.3
12075,high,1,5.0,30.0,8.2,A,15.0
12076,high,2,8.0,4.0,1.3,A,-100.0
12077,none,3,1.0,33.0,9.8,C,15.0
12078,none,2,8.0,17.0,2.3,C,-5.3
12079,high,1,4.0,45.0,8.4,A,15.0
12080,high,0,5.0,42.0,7.3,A,15.0
12081,high,0,21.0,9.0,8.7,A,9.6
12082,low,2,4.0,12.0,2.8,D,-12.0
12083,low,1,6.0,23.0,6.6,A,15.0
12084,high,2,10.0,4.0,8.5,A,-1.1
12085,low,5,5.0,14.0,8.1,A,15.0
12086,low,0,7.0,2.0,1.6,B,-100.0
12087,high,4,8.0,0.0,9.5,A,-4.0
12088,high,1,7.0,3.0,5.9,A,-17.1
12089,medium,0,18.0,3.0,9.3,D,3.2
12090,low,2,9.0,13.0,9.1,A,15.0
12091,,0,3.0,3.0,4.5,A,-100.0
12092,high,0,5.0,1.0,6.4,A,-18.2
12093,low,2,10.0,4.0,8.3,A,0.8
12094,none,1,16.0,10.0,9.2,A,15.0
12095,high,0,5.0,37.0,7.1,A,15.0
12096,medium,2,28.0,5.0,8.3,A,0.8
12097,none,2,8.0,8.0,8.3,A,8.8
12098,,0,25.0,16.0,8.3,C,15.0
12099,high,0,12.0,2.0,2.6,D,-100.0
12100,low,3,3.0,12.0,5.9,A,5.0
12101,low,3,27.0,21.0,1.4,C,-3.2
12102,medium,1,2.0,5.0,9.6,A,10.6
12103,low,4,,12.0,2.6,C,
12104,low,1,9.0,17.0,8.8,C,15.0
12105,medium,3,20.0,4.0,9.7,A,7.0
12106,high,1,7.0,3.0,3.2,A,-100.0
12107,medium,0,13.0,10.0,4.2,A,-9.6
12108,high,1,18.0,33.0,8.6,A,15.0
12109,medium,0,5.0,7.0,1.6,D,-100.0
12110,none,0,7.0,11.0,9.1,C,15.0
12111,high,0,8.0,5.0,6.3,D,-10.7
12112,high,4,9.0,18.0,9.5,C,15.0
12113,none,1,9.0,39.0,2.4,D,15.0
12114,medium,2,2.0,19.0,10.0,C,15.0
12115,low,1,7.0,7.0,9.1,A,11.9
12116,high,0,14.0,13.0,5.7,C,2.2
12117,high,1,7.0,13.0,4.4,A,-4.3
12118,medium,2,12.0,27.0,3.6,A,15.0
12119,high,2,3.0,2.0,5.6,A,-100.0
12120,high,1,12.0,20.0,4.7,C,11.5
12121,none,1,9.0,36.0,9.5,B,15.0
12122,medium,1,24.0,9.0,8.2,A,9.1
12123,high,1,5.0,3.0,7.5,A,-8.1
12124,low,1,23.0,7.0,3.7,A,-19.4
12125,high,3,8.0,3.0,1.3,C,-100.0
12126,low,1,7.0,26.0,9.4,A,15.0
12127,medium,0,4.0,20.0,8.9,A,15.0
12128,low,1,5.0,3.0,9.2,A,4.3
12129,low,3,12.0,8.0,9.0,A,12.8
12130,medium,1,23.0,7.0,1.3,A,-100.0
12131,high,1,2.0,24.0,5.5,C,15.0
12132,medium,0,3.0,4.0,9.8,A,9.6
12133,low,1,6.0,15.0,2.7,C,-6.4
12134,low,3,3.0,3.0,3.1,C,-100.0
12135,high,0,13.0,2.0,4.2,A,-100.0
12136,low,2,16.0,14.0,6.5,A,11.3
12137,none,3,6.0,1.0,1.5,A,-100.0
12138,low,4,5.0,7.0,8.5,C,8.5
12139,high,1,3.0,31.0,2.9,A,15.0
12140,low,2,11.0,24.0,2.1,C,8.6
12141,high,1,10.0,11.0,6.1,A,0.5
12142,low,0,9.0,19.0,8.6,A,15.0
12143,low,0,20.0,5.0,8.2,C,1.6
12144,high,0,3.0,8.0,8.2,C,6.6
12145,medium,4,32.0,2.0,3.6,A,-100.0
12146,high,0,37.0,6.0,5.3,A,-17.0
12147,low,0,14.0,21.0,1.4,A,-1.6
12148,high,1,6.0,2.0,5.5,A,-100.0
12149,high,2,17.0,14.0,5.6,A,3.3
12150,high,0,4.0,4.0,5.2,A,-18.4
12151,low,1,12.0,30.0,8.8,B,15.0
12152,high,1,11.0,2.0,9.3,A,-0.9
12153,none,3,3.0,1.0,9.4,A,0.6
12154,medium,1,8.0,6.0,1.9,A,-100.0
12155,high,2,6.0,4.0,8.5,B,-0.7
12156,none,1,16.0,22.0,9.5,A,15.0
12157,low,2,6.0,7.0,2.1,A,-100.0
12158,low,4,8.0,29.0,9.9,C,15.0
12159,medium,0,2.0,13.0,6.7,A,11.5
12160,medium,2,8.0,6.0,5.9,C,-8.4
12161,medium,2,8.0,3.0,3.5,A,-100.0
12162,low,4,3.0,24.0,7.0,D,15.0
12163,none,2,2.0,2.0,3.2,A,-100.0
12164,low,0,6.0,10.0,9.0,A,15.0
12165,high,1,7.0,21.0,3.2,A,5.9
12166,low,1,7.0,2.0,4.4,A,-100.0
12167,medium,1,2.0,0.0,1.2,C,-100.0
12168,none,1,18.0,2.0,4.4,A,-100.0
12169,high,1,15.0,22.0,3.1,A,6.6
12170,high,1,21.0,8.0,1.7,A,-100.0
12171,high,1,7.0,9.0,1.0,A,-100.0
12172,none,2,7.0,9.0,2.1,C,-100.0
12173,high,5,4.0,24.0,2.5,A,8.2
12174,high,3,18.0,50.0,7.6,C,15.0
12175,none,1,16.0,27.0,10.0,A,15.0
12176,high,1,10.0,26.0,9.0,C,15.0
12177,high,3,4.0,11.0,8.1,B,11.9
12178,medium,2,6.0,1.0,9.4,A,0.6
12179,low,2,1.0,20.0,6.1,D,15.0
12180,high,0,20.0,0.0,5.6,A,-100.0
12181,low,3,4.0,1.0,9.1,C,-0.6
12182,high,4,20.0,5.0,6.8,C,-9.5
12183,none,1,9.0,7.0,9.2,A,11.7
12184,high,0,3.0,28.0,2.1,C,15.0
12185,low,3,10.0,0.0,9.6,A,-0.5
12186,none,2,6.0,5.0,8.6,A,4.4
12187,none,0,8.0,4.0,4.8,A,-18.6
12188,medium,0,3.0,18.0,1.0,A,-9.4
12189,low,2,15.0,18.0,5.2,B,12.7
12190,medium,1,8.0,4.0,8.4,A,1.3
12191,low,1,13.0,17.0,9.9,A,15.0
12192,high,0,12.0,1.0,8.1,A,-9.6
12193,high,2,4.0,1.0,7.0,C,-15.0
12194,medium,2,6.0,8.0,8.6,A,10.9
12195,high,0,17.0,10.0,4.7,B,-9.9
12196,none,0,4.0,2.0,9.0,C,0.7
12197,low,1,11.0,11.0,5.4,B,-0.4
12198,high,2,13.0,2.0,2.7,C,-100.0
12199,low,4,9.0,5.0,5.8,A,-10.9
12200,high,2,3.0,4.0,2.5,C,-100.0
12201,medium,2,3.0,1.0,5.3,A,-100.0
12202,high,0,6.0,10.0,7.5,A,6.6
12203,medium,4,10.0,4.0,2.6,A,-100.0
12204,high,0,5.0,25.0,2.6,B,11.3
12205,high,0,8.0,10.0,6.4,D,0.4
12206,medium,2,7.0,9.0,7.6,A,7.4
12207,medium,1,16.0,4.0,4.6,A,-100.0
12208,medium,1,10.0,30.0,9.3,A,15.0
12209,high,4,5.0,1.0,3.4,A,-100.0
12210,medium,5,8.0,15.0,9.4,C,15.0
12211,low,0,12.0,4.0,9.1,A,5.2
12212,low,1,1.0,4.0,9.3,A,7.3
12213,medium,3,15.0,30.0,6.9,A,15.0
12214,medium,0,6.0,2.0,7.4,C,-8.1
12215,high,0,1.0,7.0,4.8,C,-14.0
12216,high,0,6.0,23.0,3.3,A,10.8
12217,high,2,8.0,5.0,2.6,A,-100.0
12218,high,2,5.0,6.0,3.2,A,-100.0
12219,medium,5,11.0,2.0,1.9,A,-100.0
12220,medium,1,4.0,1.0,4.8,C,-100.0
12221,medium,2,8.0,35.0,6.9,A,15.0
12222,low,1,9.0,6.0,9.0,B,9.1
12223,medium,2,4.0,50.0,8.7,A,15.0
12224,none,1,18.0,0.0,9.0,A,-5.0
12225,low,1,3.0,7.0,4.1,A,-15.2
12226,low,2,7.0,4.0,7.0,A,-6.0
12227,high,0,10.0,1.0,8.7,A,-6.1
12228,low,0,,14.0,9.2,C,
12229,none,5,23.0,13.0,9.5,A,15.0
12230,low,1,22.0,7.0,3.3,A,-100.0
12231,medium,1,15.0,2.0,5.7,A,-18.5
12232,,0,15.0,4.0,9.9,D,8.7
12233,medium,1,8.0,16.0,7.2,A,15.0
12234,high,1,13.0,6.0,9.2,A,6.8
12235,high,2,7.0,12.0,8.3,D,14.9
12236,low,4,3.0,4.0,1.5,A,-100.0
12237,high,2,2.0,18.0,8.8,A,15.0
12238,none,0,12.0,9.0,7.4,B,5.8
12239,medium,0,9.0,16.0,4.3,C,3.9
12240,medium,2,9.0,2.0,1.6,B,-100.0
12241,high,1,7.0,8.0,9.3,A,12.1
12242,low,1,7.0,10.0,2.1,A,-100.0
12243,high,3,7.0,8.0,8.1,A,5.3
12244,medium,4,6.0,1.0,3.0,A,-100.0
12245,medium,1,15.0,10.0,9.2,C,15.0
12246,low,1,17.0,8.0,6.5,C,-1.3
12247,medium,2,2.0,27.0,8.4,C,15.0
12248,none,2,12.0,14.0,6.4,C,10.6
12249,none,3,5.0,4.0,3.5,A,-100.0
12250,high,1,9.0,8.0,8.4,C,7.0
12251,high,0,3.0,30.0,10.0,B,15.0
12252,medium,0,7.0,1.0,7.0,A,-12.5
12253,high,0,1.0,5.0,7.5,A,-3.4
12254,high,1,22.0,6.0,6.0,A,-11.7
12255,medium,1,21.0,10.0,8.0,A,10.4
12256,high,3,0.0,6.0,6.8,D,-5.3
12257,high,2,2.0,0.0,8.1,A,-10.9
12258,high,1,11.0,5.0,3.1,A,-100.0
12259,none,2,8.0,14.0,7.1,C,14.8
12260,medium,3,8.0,22.0,9.4,A,15.0
12261,high,3,6.0,8.0,5.4,B,-9.4
12262,high,3,23.0,2.0,5.5,A,-100.0
12263,medium,1,10.0,18.0,1.1,A,-9.7
12264,low,2,10.0,7.0,7.7,A,3.8
12265,medium,0,26.0,1.0,2.8,A,-100.0
12266,low,0,21.0,11.0,10.0,A,15.0
12267,medium,2,19.0,4.0,6.3,A,-11.4
12268,high,3,4.0,9.0,9.2,A,13.8
12269,high,0,14.0,4.0,7.0,A,-9.5
12270,medium,1,40.0,0.0,4.5,A,-100.0
12271,none,2,3.0,2.0,8.1,A,-4.4
12272,high,1,7.0,1.0,9.0,A,-4.2
12273,low,1,5.0,7.0,8.2,A,7.2
12274,high,0,7.0,1.0,6.3,A,-19.0
12275,low,3,9.0,1.0,3.6,D,-100.0
12276,medium,3,6.0,1.0,1.8,A,-100.0
12277,high,3,11.0,17.0,10.0,A,15.0
12278,medium,1,4.0,4.0,2.4,A,-100.0
12279,low,1,5.0,15.0,8.3,A,15.0
12280,low,0,8.0,1.0,8.4,B,-4.5
12281,none,0,5.0,0.0,9.3,A,-2.0
12282,none,0,16.0,2.0,9.7,A,3.3
12283,low,2,12.0,6.0,3.7,D,-100.0
12284,none,1,2.0,7.0,4.3,A,-14.6
12285,high,2,3.0,24.0,1.1,A,0.9
12286,medium,2,5.0,20.0,6.6,A,15.0
12287,low,2,8.0,10.0,5.5,C,-1.8
12288,medium,3,4.0,3.0,8.3,B,-1.2
12289,none,2,7.0,8.0,9.1,C,13.3
12290,low,1,5.0,10.0,5.8,C,0.3
12291,low,0,14.0,20.0,2.7,A,3.4
12292,low,1,8.0,8.0,2.8,A,-100.0
12293,low,1,17.0,1.0,7.8,A,-8.8
12294,high,1,6.0,48.0,9.1,A,15.0
12295,high,1,21.0,4.0,2.5,A,-100.0
12296,none,2,24.0,6.0,2.2,A,-100.0
12297,,1,11.0,10.0,4.9,A,-5.9
12298,medium,1,24.0,10.0,6.7,C,2.9
12299,low,2,9.0,26.0,9.9,D,15.0
12300,low,1,5.0,2.0,8.8,A,-0.0
12301,none,1,12.0,11.0,8.4,C,15.0
12302,medium,2,10.0,21.0,9.4,A,15.0
12303,high,2,32.0,37.0,2.6,A,15.0
12304,medium,1,8.0,32.0,6.5,A,15.0
12305,none,2,10.0,35.0,9.0,A,15.0
12306,high,1,12.0,20.0,8.9,B,15.0
12307,medium,4,4.0,26.0,2.9,A,15.0
12308,low,0,6.0,1.0,1.3,B,-100.0
12309,low,3,5.0,10.0,2.7,C,-17.0
12310,high,3,5.0,10.0,2.8,A,-19.4
12311,low,1,3.0,3.0,8.1,A,-1.6
12312,high,0,4.0,19.0,2.8,A,-0.1
12313,high,4,,24.0,8.6,C,
12314,medium,3,16.0,6.0,5.4,A,-12.0
12315,high,2,12.0,10.0,7.4,A,5.3
12316,high,1,0.0,20.0,2.2,A,-1.0
12317,high,2,9.0,13.0,4.2,C,-5.7
12318,none,0,12.0,4.0,4.2,A,-100.0
12319,low,0,12.0,36.0,4.5,B,15.0
12320,low,1,9.0,2.0,9.7,A,4.5
12321,low,1,5.0,3.0,7.6,A,-4.5
12322,none,1,5.0,1.0,4.5,B,-100.0
12323,low,3,24.0,3.0,9.7,A,4.9
12324,medium,3,7.0,2.0,9.5,B,3.0
12325,high,2,8.0,8.0,6.7,A,-2.4
12326,high,2,4.0,8.0,7.4,A,1.9
12327,medium,2,3.0,29.0,8.5,A,15.0
12328,none,1,25.0,44.0,2.1,A,15.0
12329,high,0,4.0,10.0,3.9,A,-13.0
12330,medium,2,9.0,6.0,9.6,A,11.9
12331,none,0,8.0,17.0,1.8,A,-7.8
12332,medium,3,9.0,2.0,9.1,A,0.6
12333,medium,1,14.0,41.0,4.8,C,15.0
12334,high,3,7.0,23.0,1.6,C,1.1
12335,high,4,1.0,32.0,8.9,A,15.0
12336,low,3,11.0,10.0,8.9,D,15.0
12337,low,2,1.0,3.0,1.5,C,-100.0
12338,high,0,14.0,50.0,1.8,C,15.0
12339,medium,1,18.0,7.0,8.7,A,8.3
12340,medium,1,14.0,8.0,9.0,A,12.4
12341,low,1,17.0,6.0,4.6,A,-15.9
12342,medium,2,15.0,0.0,9.4,A,-2.4
12343,low,0,29.0,0.0,6.5,B,-19.2
12344,low,4,17.0,20.0,6.5,A,15.0
12345,high,1,9.0,1.0,4.7,A,-100.0
12346,low,1,7.0,7.0,9.4,D,13.6
12347,,0,3.0,9.0,5.8,C,-2.1
12348,medium,1,6.0,24.0,4.6,A,15.0
12349,medium,0,14.0,2.0,3.6,B,-100.0
12350,low,2,9.0,1.0,5.8,A,-19.1
12351,low,2,7.0,29.0,8.6,D,15.0
12352,high,0,19.0,4.0,3.6,C,-100.0
12353,low,4,6.0,19.0,9.4,A,15.0
12354,medium,0,18.0,50.0,8.7,C,15.0
12355,high,0,26.0,11.0,6.8,D,2.9
12356,high,1,22.0,3.0,5.2,A,-100.0
12357,high,1,11.0,30.0,3.8,A,15.0
12358,none,3,15.0,1.0,3.6,C,-100.0
12359,none,1,3.0,0.0,5.2,C,-100.0
12360,medium,2,4.0,6.0,8.1,A,4.1
12361,medium,1,3.0,1.0,3.4,C,-100.0
12362,none,1,7.0,9.0,8.0,A,9.5
12363,medium,0,6.0,5.0,6.9,C,-4.5
12364,low,1,10.0,8.0,3.3,B,-18.2
12365,low,0,5.0,26.0,5.8,A,15.0
12366,high,1,12.0,5.0,1.8,B,-100.0
12367,high,3,13.0,2.0,2.4,D,-100.0
12368,high,1,15.0,13.0,1.6,A,-100.0
12369,none,0,18.0,6.0,5.9,A,-9.4
12370,medium,1,1.0,2.0,3.0,C,-100.0
12371,high,1,18.0,0.0,9.5,D,-4.7
12372,low,1,33.0,2.0,9.1,A,-1.2
12373,high,2,14.0,1.0,9.6,A,-1.7
12374,high,2,6.0,5.0,5.7,A,-14.0
12375,low,1,2.0,1.0,5.5,A,-20.0
12376,high,2,15.0,18.0,6.1,A,14.6
12377,high,1,4.0,2.0,2.8,A,-100.0
12378,,0,2.0,32.0,6.2,B,15.0
12379,,4,16.0,4.0,7.6,C,-4.4
12380,low,1,13.0,0.0,8.7,A,-5.6
12381,low,4,5.0,1.0,9.2,A,-0.2
12382,low,0,1.0,10.0,8.1,A,13.4
12383,high,2,13.0,7.0,1.5,C,-100.0
12384,high,3,26.0,0.0,3.9,C,-100.0
12385,medium,0,18.0,6.0,5.9,C,-9.1
12386,high,0,10.0,4.0,4.5,A,-100.0
12387,medium,3,18.0,5.0,5.8,A,-12.1
12388,low,2,2.0,6.0,8.6,A,7.5
12389,high,0,5.0,3.0,9.0,A,0.3
12390,none,3,16.0,18.0,6.0,A,15.0
12391,high,0,5.0,17.0,9.1,B,15.0
12392,medium,2,6.0,17.0,7.2,A,15.0
12393,medium,4,4.0,15.0,8.6,B,15.0
12394,high,2,9.0,3.0,9.7,A,3.5
12395,high,2,15.0,3.0,5.8,A,-18.5
12396,low,3,6.0,3.0,1.8,A,-100.0
12397,high,3,11.0,15.0,4.4,A,-0.7
12398,medium,2,16.0,20.0,6.7,C,15.0
12399,none,1,11.0,5.0,8.2,A,1.8
12400,none,0,7.0,18.0,3.9,A,5.9
12401,high,0,5.0,19.0,3.1,A,1.4
12402,low,1,4.0,17.0,7.2,C,15.0
12403,high,1,4.0,7.0,8.9,A,8.1
12404,high,1,11.0,8.0,4.7,C,-13.6
12405,medium,1,11.0,10.0,9.7,B,15.0
12406,low,2,16.0,5.0,6.5,A,-7.6
12407,low,3,7.0,0.0,9.8,A,0.9
12408,none,1,12.0,9.0,9.8,A,15.0
12409,low,0,17.0,11.0,6.8,D,6.8
12410,low,1,7.0,20.0,1.2,C,-4.2
12411,none,1,4.0,9.0,5.0,A,-6.7
12412,medium,1,26.0,19.0,9.8,A,15.0
12413,medium,0,7.0,5.0,5.5,B,-12.3
12414,,3,3.0,4.0,5.4,A,-15.1
12415,high,1,13.0,23.0,4.6,A,15.0
12416,none,2,16.0,50.0,8.1,C,15.0
12417,,2,9.0,10.0,8.7,A,15.0
12418,medium,2,13.0,16.0,5.8,A,11.6
12419,low,2,31.0,4.0,1.8,D,-100.0
12420,low,0,19.0,22.0,8.2,C,15.0
12421,none,0,8.0,1.0,2.1,A,-100.0
12422,medium,1,9.0,31.0,2.6,D,15.0
12423,high,1,2.0,5.0,9.3,A,6.3
12424,high,4,14.0,10.0,1.8,A,-100.0
12425,high,2,5.0,6.0,3.3,B,-100.0
12426,high,1,5.0,7.0,9.6,A,11.9
12427,medium,2,14.0,13.0,2.9,C,-10.8
12428,low,3,5.0,3.0,1.6,B,-100.0
12429,high,0,7.0,5.0,1.7,B,-100.0
12430,low,1,16.0,7.0,8.8,B,9.4
12431,high,1,15.0,50.0,6.7,A,15.0
12432,high,0,16.0,5.0,8.2,B,-1.0
12433,high,2,2.0,5.0,5.3,A,-15.8
12434,low,1,13.0,9.0,8.5,B,12.2
12435,low,1,6.0,24.0,1.7,A,7.0
12436,low,1,3.0,16.0,7.3,A,15.0
12437,high,2,16.0,26.0,8.8,C,15.0
12438,none,1,13.0,40.0,6.0,A,15.0
12439,high,0,2.0,0.0,8.5,C,-8.5
12440,low,1,19.0,0.0,2.1,A,-100.0
12441,low,2,14.0,15.0,2.4,C,-8.9
12442,medium,1,14.0,10.0,9.3,A,15.0
12443,high,1,4.0,35.0,9.0,A,15.0
12444,low,0,2.0,10.0,5.4,C,-1.5
12445,medium,0,4.0,33.0,6.2,A,15.0
12446,high,2,10.0,15.0,3.8,A,-3.8
12447,,0,18.0,8.0,5.4,C,-7.9
12448,medium,0,8.0,6.0,6.0,A,-7.6
12449,low,0,4.0,2.0,1.1,A,-100.0
12450,high,1,12.0,6.0,6.7,A,-6.9
12451,high,1,2.0,0.0,7.3,A,-15.2
12452,high,2,6.0,36.0,4.0,C,15.0
12453,high,2,3.0,31.0,8.1,A,15.0
12454,medium,4,11.0,44.0,7.9,A,15.0
12455,high,2,7.0,1.0,7.0,B,-15.3
12456,low,1,10.0,0.0,9.9,A,1.3
12457,none,1,11.0,18.0,4.6,C,9.3
12458,low,1,8.0,5.0,8.5,A,4.3
12459,medium,0,6.0,17.0,2.1,A,-5.8
12460,none,0,11.0,10.0,4.5,A,-8.0
12461,high,0,1.0,6.0,8.9,C,6.4
12462,medium,5,25.0,15.0,4.5,B,0.9
12463,low,2,7.0,25.0,9.1,B,15.0
12464,low,1,5.0,22.0,8.8,A,15.0
12465,medium,2,9.0,3.0,6.4,C,-12.0
12466,medium,1,6.0,5.0,7.4,D,-1.9
12467,none,1,8.0,12.0,9.6,A,15.0
12468,medium,1,3.0,16.0,3.8,C,1.7
12469,high,0,2.0,5.0,9.6,A,8.1
12470,low,0,20.0,11.0,8.1,A,13.6
12471,low,0,7.0,4.0,1.1,A,-100.0
12472,medium,2,10.0,11.0,8.7,A,15.0
12473,high,0,6.0,2.0,9.2,A,-0.8
12474,high,1,17.0,2.0,,D,
12475,low,0,13.0,9.0,1.5,B,-100.0
12476,low,2,13.0,7.0,9.2,A,11.8
12477,high,0,13.0,4.0,2.2,C,-100.0
12478,medium,0,3.0,17.0,9.1,A,15.0
12479,low,0,4.0,3.0,9.9,A,8.3
12480,high,1,3.0,11.0,8.6,A,15.0
12481,high,1,20.0,23.0,3.4,A,9.9
12482,high,1,10.0,34.0,5.5,A,15.0
12483,none,0,6.0,4.0,6.5,A,-9.1
12484,high,3,11.0,1.0,9.0,A,-4.8
12485,medium,3,2.0,3.0,8.9,A,2.3
12486,low,3,17.0,6.0,7.0,A,-2.9
12487,low,1,34.0,5.0,7.4,D,-4.3
12488,high,3,10.0,5.0,9.2,A,4.8
12489,medium,0,9.0,5.0,5.8,B,-10.9
12490,low,3,7.0,8.0,9.6,A,15.0
12491,low,2,9.0,9.0,8.7,A,13.6
12492,none,2,38.0,15.0,7.5,A,15.0
12493,high,0,25.0,12.0,8.3,C,13.3
12494,low,2,8.0,44.0,4.7,A,15.0
12495,low,3,22.0,34.0,2.4,A,15.0
12496,low,2,6.0,4.0,6.4,A,-9.2
12497,high,2,2.0,16.0,9.6,C,15.0
12498,medium,0,9.0,31.0,9.0,A,15.0
12499,high,1,9.0,20.0,1.1,C,-8.0
12500,high,0,3.0,16.0,1.3,A,-14.6
12501,medium,0,3.0,9.0,8.3,B,11.9
12502,medium,1,4.0,6.0,9.4,A,11.4
12503,low,0,8.0,0.0,9.3,A,-1.7
12504,medium,1,15.0,11.0,2.0,A,-19.9
12505,low,1,12.0,34.0,3.5,A,15.0
12506,low,0,,8.0,8.1,C,
12507,medium,1,8.0,40.0,2.9,A,15.0
12508,low,2,10.0,2.0,6.9,A,-11.1
12509,medium,1,,2.0,5.5,C,
12510,none,1,1.0,11.0,,C,
12511,none,1,6.0,23.0,2.9,A,10.9
12512,medium,1,16.0,1.0,2.5,A,-100.0
12513,medium,1,4.0,28.0,8.8,D,15.0
12514,low,1,5.0,17.0,9.0,A,15.0
12515,low,2,20.0,11.0,7.6,A,10.7
12516,low,4,9.0,30.0,5.9,A,15.0
12517,low,2,6.0,8.0,5.1,A,-8.0
12518,high,0,15.0,8.0,9.0,D,9.8
12519,medium,1,24.0,28.0,3.9,A,15.0
12520,low,3,2.0,38.0,8.6,C,15.0
12521,low,1,8.0,1.0,5.8,C,-18.9
12522,high,0,24.0,1.0,6.6,B,-19.0
12523,low,1,8.0,1.0,2.8,A,-100.0
12524,low,0,11.0,4.0,9.9,A,9.7
12525,high,0,16.0,12.0,2.9,A,-15.5
12526,low,0,27.0,4.0,4.2,A,-100.0
12527,high,2,18.0,9.0,9.8,A,15.0
12528,high,2,19.0,15.0,1.4,C,-17.9
12529,high,0,4.0,9.0,1.3,A,-100.0
12530,high,0,8.0,1.0,3.7,A,-100.0
12531,medium,2,8.0,0.0,5.2,A,-100.0
12532,medium,2,5.0,2.0,5.1,A,-100.0
12533,high,0,2.0,7.0,3.7,A,-100.0
12534,low,2,31.0,31.0,3.2,B,15.0
12535,low,1,14.0,7.0,2.8,A,-100.0
12536,low,1,16.0,0.0,8.9,A,-4.8
12537,none,1,6.0,0.0,8.4,A,-7.1
12538,medium,1,22.0,25.0,6.3,B,15.0
12539,,1,4.0,22.0,2.3,A,5.7
12540,high,0,7.0,10.0,8.9,A,14.2
12541,high,1,2.0,17.0,8.8,A,15.0
12542,low,4,11.0,16.0,10.0,A,15.0
12543,high,5,7.0,3.0,9.3,A,1.2
12544,high,0,3.0,8.0,8.9,A,10.4
12545,medium,0,20.0,10.0,8.3,C,12.3
12546,high,1,8.0,11.0,2.9,B,-16.9
12547,none,2,8.0,30.0,9.2,B,15.0
12548,none,0,14.0,17.0,7.1,C,15.0
12549,low,3,6.0,27.0,7.9,C,15.0
12550,low,1,22.0,5.0,6.2,A,-9.7
12551,medium,0,11.0,9.0,4.2,A,-11.5
12552,medium,2,17.0,1.0,7.0,A,-13.7
12553,low,2,11.0,43.0,6.1,A,15.0
12554,low,1,7.0,0.0,3.8,A,-100.0
12555,high,4,,3.0,10.0,C,
12556,high,2,3.0,3.0,9.2,A,1.4
12557,none,1,13.0,15.0,8.0,A,15.0
12558,low,1,4.0,10.0,9.4,A,15.0
12559,low,2,8.0,10.0,8.7,A,15.0
12560,medium,0,2.0,1.0,8.6,A,-3.2
12561,high,2,1.0,17.0,3.7,A,0.7
12562,low,3,4.0,5.0,9.6,A,10.6
12563,high,1,3.0,16.0,6.4,A,13.4
12564,none,2,17.0,14.0,8.5,A,15.0
12565,none,1,9.0,2.0,6.7,A,-12.6
12566,medium,0,2.0,34.0,,D,
12567,medium,0,3.0,27.0,5.5,C,15.0
12568,high,3,12.0,15.0,9.3,C,15.0
12569,medium,1,9.0,31.0,4.5,C,15.0
12570,medium,3,6.0,50.0,8.6,A,
12571,high,2,10.0,3.0,4.2,C,-100.0
12572,low,0,9.0,6.0,4.4,A,-16.1
12573,high,3,10.0,27.0,9.9,A,15.0
12574,medium,0,11.0,3.0,4.6,A,-100.0
12575,low,2,7.0,10.0,8.4,C,14.3
12576,low,6,4.0,33.0,4.5,A,15.0
12577,low,0,10.0,11.0,8.6,A,15.0
12578,none,1,11.0,16.0,2.9,A,-4.3
12579,none,0,8.0,4.0,9.2,A,5.6
12580,low,0,6.0,7.0,6.0,A,-4.9
12581,high,0,13.0,0.0,5.4,A,-100.0
12582,medium,4,4.0,23.0,2.9,A,11.1
12583,high,4,6.0,1.0,2.8,A,-100.0
12584,high,1,7.0,8.0,1.2,C,-100.0
12585,none,1,17.0,9.0,6.5,B,0.2
12586,high,1,35.0,1.0,9.5,A,-4.3
12587,medium,0,7.0,6.0,1.6,A,-100.0
12588,medium,1,5.0,14.0,2.5,C,-9.8
12589,none,1,6.0,1.0,4.2,A,-100.0
12590,none,1,12.0,50.0,4.7,A,15.0
12591,low,0,4.0,4.0,8.6,A,3.3
12592,low,2,30.0,44.0,5.9,A,15.0
12593,high,1,19.0,1.0,9.1,A,-4.9
12594,,1,14.0,9.0,1.3,C,-100.0
12595,none,2,20.0,35.0,1.6,A,15.0
12596,none,0,2.0,3.0,3.8,A,-100.0
12597,low,1,8.0,0.0,5.9,A,-100.0
12598,high,4,8.0,1.0,8.8,A,-5.7
12599,medium,1,6.0,10.0,9.9,A,15.0
12600,low,1,15.0,1.0,6.6,A,-15.2
12601,medium,1,13.0,2.0,1.7,A,-100.0
12602,none,0,5.0,7.0,8.4,A,7.8
12603,low,2,32.0,5.0,5.0,A,-17.4
12604,low,4,9.0,5.0,9.1,B,7.2
12605,high,2,4.0,37.0,8.6,C,15.0
12606,high,1,8.0,13.0,8.5,C,15.0
12607,low,2,14.0,0.0,9.5,A,-1.4
12608,low,0,40.0,4.0,3.9,A,-100.0
12609,none,2,2.0,33.0,1.6,A,15.0
12610,high,2,8.0,9.0,8.4,D,9.1
12611,medium,0,22.0,2.0,4.7,A,-100.0
12612,low,0,20.0,11.0,8.2,A,14.2
12613,low,0,2.0,3.0,5.0,A,-18.4
12614,low,2,4.0,16.0,8.4,B,15.0
12615,high,1,20.0,5.0,9.3,A,4.5
12616,high,1,14.0,1.0,10.0,A,0.6
12617,low,3,20.0,22.0,9.6,A,15.0
12618,high,2,4.0,28.0,2.4,A,15.0
12619,high,0,3.0,9.0,5.1,A,-8.4
12620,none,2,8.0,10.0,2.0,A,-100.0
12621,none,1,11.0,12.0,3.4,B,-9.9
12622,none,2,11.0,14.0,8.2,A,15.0
12623,medium,3,40.0,16.0,8.6,A,15.0
12624,,3,11.0,22.0,8.9,A,15.0
12625,none,1,26.0,19.0,7.6,D,15.0
12626,high,1,22.0,4.0,2.3,A,-100.0
12627,high,1,10.0,13.0,8.6,C,15.0
12628,low,3,11.0,3.0,9.0,A,2.4
12629,high,2,6.0,2.0,7.0,C,-13.1
12630,medium,3,6.0,2.0,8.3,A,-3.5
12631,low,2,8.0,10.0,3.7,C,-11.7
12632,low,5,3.0,10.0,5.9,A,0.6
12633,low,1,15.0,24.0,4.8,A,15.0
12634,,5,5.0,4.0,3.6,C,-100.0
12635,medium,1,26.0,6.0,8.4,A,3.7
12636,low,1,6.0,6.0,9.4,A,11.6
12637,medium,3,6.0,16.0,9.2,A,15.0
12638,low,0,,4.0,9.7,C,
12639,medium,1,14.0,20.0,7.1,A,15.0
12640,low,1,3.0,18.0,5.5,C,15.0
12641,low,1,11.0,20.0,1.6,A,-2.4
12642,low,2,20.0,21.0,9.0,A,15.0
12643,low,0,11.0,4.0,8.9,A,4.2
12644,low,0,18.0,22.0,2.8,C,7.8
12645,none,2,5.0,15.0,7.5,A,15.0
12646,medium,2,13.0,2.0,8.7,D,-1.8
12647,high,1,4.0,8.0,2.4,A,-100.0
12648,high,1,25.0,11.0,8.1,A,10.0
12649,high,3,5.0,27.0,4.1,B,15.0
12650,low,0,13.0,6.0,1.4,A,-100.0
12651,low,0,1.0,17.0,1.6,A,-7.6
12652,low,0,11.0,34.0,1.1,A,15.0
12653,high,1,18.0,33.0,6.8,A,15.0
12654,low,2,5.0,1.0,5.7,A,-19.3
12655,low,1,15.0,42.0,8.7,C,15.0
12656,low,2,9.0,2.0,2.4,A,-100.0
12657,medium,1,1.0,15.0,4.6,A,4.2
12658,medium,1,,0.0,6.6,C,
12659,high,2,2.0,13.0,8.9,A,15.0
12660,high,1,3.0,7.0,6.1,B,-7.2
12661,medium,2,13.0,14.0,5.1,A,3.5
12662,high,0,2.0,25.0,8.3,A,15.0
12663,medium,2,5.0,12.0,8.6,C,15.0
12664,low,3,2.0,0.0,5.9,C,-100.0
12665,high,2,16.0,12.0,4.6,A,-6.3
12666,high,4,12.0,9.0,1.6,D,-100.0
12667,low,2,2.0,3.0,2.4,A,-100.0
12668,medium,1,3.0,43.0,9.4,A,15.0
12669,low,0,6.0,3.0,3.9,A,-100.0
12670,medium,0,7.0,12.0,9.1,A,15.0
12671,low,0,14.0,5.0,6.2,A,-8.8
12672,low,4,4.0,0.0,9.1,A,-2.8
12673,high,2,,21.0,3.0,C,
12674,medium,2,8.0,19.0,9.7,A,15.0
12675,high,1,33.0,22.0,9.3,C,15.0
12676,high,4,7.0,14.0,8.1,A,15.0
12677,high,3,13.0,6.0,9.1,C,6.0
12678,none,0,10.0,11.0,8.3,A,15.0
12679,,2,6.0,1.0,6.3,A,-16.7
12680,high,1,26.0,3.0,6.5,A,-15.7
12681,high,2,7.0,8.0,5.1,B,-11.1
12682,high,1,12.0,2.0,7.5,A,-10.9
12683,medium,1,6.0,39.0,1.2,C,15.0
12684,high,2,4.0,14.0,8.8,A,15.0
12685,low,1,29.0,33.0,8.3,C,15.0
12686,medium,2,5.0,5.0,5.2,B,-14.0
12687,high,1,3.0,1.0,2.1,A,-100.0
12688,high,0,8.0,23.0,4.4,B,15.0
12689,medium,1,5.0,4.0,8.1,B,-0.1
12690,none,4,10.0,2.0,9.1,A,0.2
12691,low,4,7.0,4.0,8.1,A,-0.2
12692,low,1,3.0,2.0,3.1,A,-100.0
12693,medium,3,15.0,10.0,8.1,B,11.4
12694,low,4,17.0,8.0,8.5,C,9.4
12695,low,2,10.0,1.0,2.4,C,-100.0
12696,high,3,21.0,29.0,5.7,A,15.0
12697,medium,2,13.0,15.0,9.9,A,15.0
12698,low,0,5.0,3.0,8.9,A,2.7
12699,low,2,8.0,8.0,4.7,A,-10.4
12700,high,1,11.0,15.0,5.9,A,7.7
12701,none,2,7.0,12.0,9.5,A,15.0
12702,low,3,3.0,15.0,9.3,A,15.0
12703,high,4,5.0,1.0,9.6,A,-1.0
12704,low,2,16.0,10.0,8.8,A,15.0
12705,medium,4,2.0,6.0,5.8,A,-8.5
12706,low,1,5.0,8.0,5.0,B,-8.3
12707,high,1,30.0,14.0,1.5,A,-100.0
12708,high,1,4.0,2.0,5.0,A,-100.0
12709,,2,8.0,17.0,1.4,A,-10.2
12710,none,1,8.0,31.0,8.6,A,15.0
12711,high,0,25.0,16.0,3.1,A,-6.9
12712,low,0,7.0,14.0,8.6,C,15.0
12713,medium,2,6.0,48.0,8.1,A,15.0
12714,medium,0,5.0,2.0,2.9,B,-100.0
12715,medium,5,4.0,4.0,7.2,C,-5.3
12716,low,0,2.0,5.0,6.6,C,-5.4
12717,medium,2,31.0,8.0,4.9,A,-12.0
12718,medium,1,5.0,21.0,8.9,A,15.0
12719,high,4,4.0,4.0,8.3,C,-1.8
12720,high,4,17.0,17.0,8.6,D,15.0
12721,medium,0,32.0,17.0,8.4,A,15.0
12722,low,0,26.0,1.0,9.3,C,-1.4
12723,high,3,2.0,2.0,9.9,B,3.1
12724,high,2,5.0,1.0,9.8,C,0.3
12725,high,2,26.0,5.0,9.1,A,2.7
12726,none,1,5.0,18.0,8.7,A,15.0
12727,low,4,21.0,1.0,3.2,A,-100.0
12728,low,2,8.0,11.0,10.0,D,15.0
12729,high,0,9.0,3.0,9.4,A,2.1
12730,none,4,12.0,4.0,8.3,A,-0.2
12731,high,1,11.0,2.0,8.8,A,-3.6
12732,low,3,,26.0,8.4,C,
12733,high,1,2.0,3.0,9.0,B,0.5
12734,medium,1,18.0,6.0,6.6,A,-5.4
12735,medium,2,9.0,4.0,2.4,A,-100.0
12736,high,1,3.0,6.0,8.1,A,1.7
12737,high,2,4.0,3.0,1.2,B,-100.0
12738,high,5,10.0,14.0,3.6,B,-7.3
12739,low,1,13.0,6.0,8.5,B,5.9
12740,high,2,11.0,6.0,1.2,A,-100.0
12741,low,1,14.0,2.0,1.7,A,-100.0
12742,high,1,4.0,13.0,9.7,A,15.0
12743,none,0,8.0,9.0,8.5,C,12.2
12744,low,2,2.0,22.0,9.9,C,15.0
12745,none,0,6.0,6.0,2.2,A,-100.0
12746,low,0,9.0,15.0,1.1,D,-15.4
12747,high,4,7.0,14.0,9.1,C,15.0
12748,high,1,4.0,7.0,8.7,C,7.0
12749,high,3,9.0,9.0,2.8,A,-100.0
12750,low,3,3.0,14.0,4.6,C,2.1
12751,low,0,3.0,11.0,3.6,A,-9.4
12752,low,0,5.0,21.0,8.5,C,15.0
12753,none,2,19.0,22.0,5.5,A,15.0
12754,medium,0,18.0,5.0,7.0,A,-5.2
12755,high,0,12.0,1.0,3.3,A,-100.0
12756,low,3,31.0,3.0,6.8,A,-11.7
12757,high,3,9.0,42.0,6.4,A,15.0
12758,low,0,4.0,41.0,9.2,A,15.0
12759,medium,2,17.0,10.0,9.0,A,15.0
12760,low,3,9.0,8.0,9.5,A,15.0
12761,high,2,20.0,23.0,1.2,A,-2.3
12762,high,0,7.0,9.0,5.7,A,-5.5
12763,low,1,7.0,4.0,1.7,C,-100.0
12764,low,2,8.0,25.0,3.5,C,15.0
12765,high,2,8.0,11.0,8.1,C,11.6
12766,medium,4,22.0,17.0,9.6,A,15.0
12767,medium,1,17.0,19.0,9.0,A,15.0
12768,low,2,12.0,5.0,8.5,A,3.8
12769,high,2,16.0,6.0,1.8,A,-100.0
12770,none,3,6.0,9.0,3.5,A,-15.4
12771,low,0,5.0,7.0,1.8,C,-100.0
12772,,1,8.0,28.0,5.6,C,15.0
12773,medium,1,8.0,50.0,3.1,A,15.0
12774,medium,0,8.0,1.0,8.3,A,-5.5
12775,medium,2,2.0,11.0,5.7,C,1.6
12776,none,3,12.0,5.0,9.0,A,5.9
12777,medium,0,13.0,3.0,7.9,C,-3.9
12778,medium,1,6.0,14.0,4.7,A,2.2
12779,high,1,35.0,2.0,4.9,B,-100.0
12780,medium,1,7.0,19.0,1.4,A,-5.6
12781,high,1,11.0,4.0,7.6,C,-6.0
12782,none,1,3.0,2.0,5.5,A,-18.6
12783,low,5,6.0,3.0,8.3,C,-1.2
12784,medium,0,10.0,2.0,9.3,A,1.9
12785,high,0,7.0,7.0,9.5,A,11.2
12786,high,1,21.0,11.0,2.2,C,-100.0
12787,medium,3,11.0,2.0,8.3,A,-3.9
12788,high,4,21.0,4.0,1.5,A,-100.0
12789,low,1,2.0,26.0,9.3,A,15.0
12790,none,1,18.0,6.0,1.1,A,-100.0
12791,high,1,3.0,25.0,8.2,B,15.0
12792,high,4,11.0,18.0,4.4,A,5.5
12793,none,2,3.0,13.0,3.6,C,-6.0
12794,low,2,16.0,11.0,8.9,C,15.0
12795,none,1,,1.0,2.3,C,
12796,none,2,9.0,1.0,7.2,A,-12.0
12797,high,1,5.0,21.0,8.3,B,15.0
12798,none,1,10.0,16.0,9.6,A,15.0
12799,medium,2,7.0,10.0,8.0,A,11.7
12800,medium,1,11.0,0.0,1.1,C,-100.0
12801,high,2,12.0,11.0,9.8,A,15.0
12802,low,0,2.0,21.0,5.6,D,15.0
12803,high,3,11.0,21.0,4.9,A,14.6
12804,medium,2,14.0,24.0,1.1,A,2.4
12805,none,0,9.0,23.0,6.8,C,15.0
12806,none,1,11.0,28.0,1.1,A,11.0
12807,medium,4,13.0,50.0,9.5,C,15.0
12808,high,0,9.0,6.0,1.1,C,-100.0
12809,medium,0,36.0,1.0,4.7,A,-100.0
12810,medium,1,5.0,1.0,6.0,A,-17.9
12811,high,3,13.0,6.0,4.2,A,-100.0
12812,medium,1,23.0,1.0,3.2,A,-100.0
12813,none,2,11.0,14.0,1.4,A,-16.8
12814,none,2,2.0,7.0,4.6,A,-13.0
12815,low,2,6.0,18.0,3.6,A,4.8
12816,none,1,29.0,17.0,2.2,A,-7.8
12817,high,1,0.0,3.0,8.0,A,-4.8
12818,low,0,6.0,3.0,7.2,C,-6.7
12819,low,1,4.0,26.0,4.4,A,15.0
12820,high,3,11.0,1.0,8.7,C,-6.5
12821,none,1,2.0,24.0,9.7,A,15.0
12822,medium,2,5.0,4.0,3.3,A,-100.0
12823,none,1,9.0,9.0,3.4,C,-16.0
12824,high,4,9.0,8.0,8.1,A,5.0
12825,high,1,0.0,4.0,9.7,A,6.6
12826,medium,1,9.0,41.0,1.7,D,15.0
12827,none,2,26.0,30.0,6.3,A,15.0
12828,medium,0,2.0,29.0,7.2,B,15.0
12829,none,0,5.0,9.0,6.2,A,-0.1
12830,high,1,24.0,49.0,8.8,A,15.0
12831,low,0,6.0,12.0,9.1,A,15.0
12832,none,2,8.0,21.0,10.0,A,15.0
12833,none,1,29.0,9.0,1.1,A,-100.0
12834,medium,1,19.0,1.0,9.1,A,-2.2
12835,high,3,18.0,3.0,1.5,A,-100.0
12836,high,2,13.0,0.0,7.4,D,-15.8
12837,low,5,12.0,2.0,9.4,D,2.2
12838,medium,2,,26.0,3.4,C,
12839,none,0,6.0,5.0,3.5,C,-100.0
12840,low,2,7.0,13.0,9.6,A,15.0
12841,none,1,2.0,7.0,8.3,A,7.4
12842,high,5,7.0,9.0,7.0,A,1.2
12843,medium,2,4.0,3.0,4.2,A,-100.0
12844,none,2,5.0,9.0,4.1,A,-11.9
12845,none,2,13.0,5.0,9.7,D,9.7
12846,high,1,6.0,3.0,1.1,A,-100.0
12847,none,1,12.0,22.0,5.9,A,15.0
12848,medium,0,5.0,16.0,3.4,A,-0.6
12849,high,2,18.0,6.0,5.7,C,-13.1
12850,none,0,1.0,23.0,8.2,A,15.0
12851,none,0,11.0,15.0,8.5,A,15.0
12852,low,1,16.0,15.0,9.3,A,15.0
12853,high,2,13.0,35.0,8.6,C,15.0
12854,high,1,6.0,0.0,10.0,A,-0.7
12855,high,0,12.0,19.0,7.8,A,15.0
12856,medium,3,7.0,1.0,9.0,A,-1.8
12857,high,1,9.0,19.0,10.0,A,15.0
12858,low,0,5.0,31.0,8.0,D,15.0
12859,medium,1,14.0,4.0,3.0,C,-100.0
12860,high,0,1.0,7.0,10.0,D,14.6
12861,none,1,7.0,0.0,4.2,C,-100.0
12862,medium,4,15.0,17.0,7.6,D,15.0
12863,high,0,11.0,9.0,6.9,A,0.7
12864,high,1,6.0,10.0,5.3,C,-5.6
12865,medium,1,9.0,13.0,8.4,C,15.0
12866,low,1,5.0,10.0,5.0,C,-4.1
12867,medium,3,10.0,19.0,9.0,A,15.0
12868,medium,1,11.0,8.0,9.3,A,14.4
12869,low,0,7.0,9.0,9.5,A,15.0
12870,none,2,2.0,1.0,1.3,C,-100.0
12871,medium,0,5.0,26.0,1.7,B,11.0
12872,low,2,17.0,6.0,1.2,A,-100.0
12873,low,1,2.0,5.0,6.7,A,-5.0
12874,low,2,26.0,50.0,2.6,A,15.0
12875,high,1,5.0,3.0,9.0,C,0.2
12876,low,1,7.0,8.0,6.6,A,0.3
12877,low,1,5.0,24.0,3.9,A,15.0
12878,high,0,1.0,30.0,3.4,A,15.0
12879,low,1,29.0,14.0,9.2,D,15.0
12880,high,1,3.0,0.0,1.6,B,-100.0
12881,none,2,11.0,3.0,5.9,C,-15.2
12882,low,2,3.0,5.0,6.1,A,-8.5
12883,medium,1,5.0,1.0,1.3,A,-100.0
12884,high,1,2.0,22.0,2.6,C,5.2
12885,medium,2,7.0,11.0,3.6,A,-10.4
12886,low,1,8.0,0.0,7.4,D,-12.2
12887,none,0,6.0,23.0,8.8,A,15.0
12888,high,2,8.0,3.0,8.1,A,-5.2
12889,low,0,3.0,5.0,2.2,A,-100.0
12890,,0,0.0,15.0,5.3,A,8.0
12891,medium,5,30.0,1.0,8.2,A,-8.7
12892,medium,0,14.0,25.0,2.8,A,14.1
12893,high,0,20.0,41.0,6.2,A,15.0
12894,low,3,16.0,50.0,7.0,C,15.0
12895,low,0,4.0,7.0,5.2,A,-9.1
12896,high,1,13.0,10.0,1.2,A,-100.0
12897,none,1,9.0,12.0,8.5,A,15.0
12898,low,1,4.0,2.0,1.5,A,-100.0
12899,low,4,13.0,9.0,9.8,A,15.0
12900,none,2,9.0,8.0,8.8,B,11.5
12901,medium,1,5.0,10.0,3.5,A,-12.8
12902,low,0,31.0,10.0,8.8,A,14.3
12903,low,0,17.0,19.0,6.7,A,15.0
12904,high,1,17.0,26.0,7.8,A,15.0
12905,low,1,7.0,5.0,7.3,A,-2.2
12906,high,2,10.0,1.0,9.2,D,-3.5
12907,low,3,6.0,2.0,10.0,B,6.3
12908,none,2,7.0,15.0,8.7,A,15.0
12909,high,1,9.0,11.0,8.1,A,11.6
12910,none,3,5.0,7.0,1.6,A,-100.0
12911,medium,1,13.0,32.0,6.5,A,15.0
12912,medium,0,18.0,17.0,1.9,A,-8.0
12913,medium,0,6.0,23.0,1.4,B,3.0
12914,low,0,6.0,5.0,9.7,B,11.2
12915,low,1,13.0,40.0,6.0,A,15.0
12916,none,1,11.0,2.0,2.6,A,-100.0
12917,none,1,6.0,1.0,9.0,A,-1.7
12918,high,1,12.0,0.0,1.4,A,-100.0
12919,high,0,8.0,13.0,7.8,A,14.4
12920,medium,3,1.0,32.0,9.1,C,15.0
12921,medium,3,8.0,3.0,8.3,B,-1.6
12922,low,1,8.0,16.0,8.4,A,15.0
12923,low,1,13.0,0.0,9.1,A,-3.4
12924,high,1,40.0,16.0,3.4,A,-6.8
12925,high,0,18.0,1.0,3.9,B,-100.0
12926,none,1,9.0,0.0,1.9,A,-100.0
12927,high,0,0.0,4.0,9.4,A,5.1
12928,none,1,5.0,29.0,9.0,B,15.0
12929,medium,1,15.0,2.0,5.5,A,-19.6
12930,low,1,11.0,13.0,9.6,A,15.0
12931,medium,1,4.0,15.0,4.3,A,2.3
12932,low,0,13.0,1.0,9.2,A,-0.6
12933,low,1,25.0,0.0,7.5,A,-13.4
12934,high,0,31.0,2.0,9.2,A,-3.3
12935,low,2,17.0,18.0,9.8,A,15.0
12936,none,3,7.0,24.0,4.9,A,15.0
12937,high,0,16.0,32.0,8.9,A,15.0
12938,none,0,10.0,3.0,9.7,A,6.0
12939,low,0,5.0,3.0,9.8,A,7.7
12940,medium,2,7.0,11.0,4.5,B,-5.5
12941,high,1,27.0,2.0,7.4,A,-12.9
12942,high,1,2.0,21.0,3.0,D,5.3
12943,low,1,11.0,35.0,4.3,A,15.0
12944,high,2,1.0,50.0,3.7,A,15.0
12945,high,1,6.0,23.0,6.3,A,15.0
12946,high,3,4.0,21.0,8.3,A,15.0
12947,low,0,3.0,15.0,8.6,A,15.0
12948,low,0,8.0,9.0,8.3,A,11.7
12949,low,3,13.0,0.0,1.8,C,-100.0
12950,low,0,12.0,1.0,2.7,A,-100.0
12951,low,1,3.0,8.0,9.8,A,15.0
12952,high,3,6.0,7.0,5.2,A,-12.6
12953,none,2,8.0,17.0,8.1,B,15.0
12954,medium,1,2.0,9.0,4.7,C,-8.0
12955,low,2,11.0,33.0,9.6,A,15.0
12956,medium,0,2.0,19.0,6.2,C,15.0
12957,high,2,16.0,17.0,2.7,A,-6.3
12958,medium,0,4.0,1.0,8.9,C,-1.7
12959,low,1,33.0,30.0,4.4,B,15.0
12960,low,0,6.0,8.0,2.9,C,-19.9
12961,low,2,7.0,9.0,9.4,A,15.0
12962,high,3,12.0,12.0,2.5,A,-17.6
12963,medium,1,6.0,14.0,5.2,A,4.9
12964,medium,2,13.0,0.0,2.2,C,-100.0
12965,none,2,34.0,30.0,1.2,A,13.4
12966,high,0,6.0,6.0,2.0,A,-100.0
12967,high,1,14.0,41.0,7.0,A,15.0
12968,low,2,22.0,19.0,5.0,A,13.0
12969,low,0,10.0,26.0,5.0,A,15.0
12970,low,3,7.0,9.0,1.8,C,-100.0
12971,medium,1,11.0,8.0,7.9,B,6.7
12972,high,1,7.0,2.0,5.5,A,-100.0
12973,none,2,7.0,8.0,4.8,A,-10.3
12974,none,1,6.0,4.0,8.0,A,-0.9
12975,high,1,10.0,1.0,8.7,A,-6.2
12976,low,4,7.0,31.0,9.3,A,15.0
12977,high,2,1.0,0.0,9.8,A,-1.4
12978,medium,1,8.0,28.0,8.3,A,15.0
12979,medium,2,9.0,4.0,2.0,C,-100.0
12980,low,4,1.0,21.0,7.5,A,15.0
12981,low,0,19.0,5.0,6.2,A,-9.3
12982,high,2,20.0,34.0,3.6,A,15.0
12983,high,1,8.0,7.0,8.0,B,2.8
12984,low,0,6.0,26.0,8.3,A,15.0
12985,low,0,2.0,17.0,1.6,A,-7.7
12986,high,1,7.0,50.0,1.5,C,15.0
12987,low,0,11.0,4.0,10.0,A,10.3
12988,low,0,10.0,1.0,5.4,A,-100.0
12989,medium,2,,22.0,8.9,C,
12990,medium,4,1.0,18.0,3.6,C,4.7
12991,high,2,6.0,22.0,6.3,A,15.0
12992,medium,4,15.0,11.0,1.1,C,-100.0
12993,high,0,7.0,11.0,8.9,A,15.0
12994,high,3,20.0,18.0,6.0,A,13.5
12995,none,1,12.0,0.0,5.4,C,-100.0
12996,none,0,,8.0,8.2,C,
12997,medium,1,9.0,23.0,1.2,A,1.5
12998,none,1,13.0,2.0,1.6,C,-100.0
12999,low,1,4.0,3.0,8.7,A,1.6
13000,medium,0,10.0,18.0,8.5,A,15.0
13001,high,2,5.0,2.0,9.7,A,1.8
13002,medium,1,9.0,29.0,8.4,C,15.0
13003,low,1,7.0,2.0,9.8,A,5.3
13004,none,1,7.0,7.0,6.6,A,-2.4
13005,high,0,9.0,4.0,8.9,B,1.4
13006,medium,1,10.0,32.0,8.5,C,15.0
13007,low,0,8.0,8.0,8.3,A,9.6
13008,medium,2,18.0,2.0,9.0,A,-0.7
13009,none,0,15.0,23.0,3.6,A,14.0
13010,high,1,18.0,12.0,2.7,A,-16.9
13011,high,1,6.0,18.0,1.2,B,-11.3
13012,high,5,12.0,14.0,8.3,A,15.0
13013,medium,2,13.0,12.0,6.2,A,5.4
13014,high,1,3.0,30.0,9.6,A,15.0
13015,high,2,21.0,0.0,8.5,A,-10.6
13016,medium,4,5.0,17.0,3.9,A,3.9
13017,high,2,10.0,5.0,7.5,C,-4.5
13018,low,1,3.0,6.0,6.6,B,-3.5
13019,low,2,5.0,3.0,9.2,C,4.2
13020,high,0,7.0,5.0,8.7,C,2.6
13021,high,4,25.0,8.0,2.2,C,-100.0
13022,medium,2,11.0,4.0,9.3,A,5.8
13023,none,1,8.0,35.0,9.3,A,15.0
13024,medium,2,1.0,14.0,8.6,B,15.0
13025,low,1,5.0,3.0,2.8,C,-100.0
13026,high,2,19.0,2.0,1.6,A,-100.0
13027,none,3,1.0,8.0,6.3,A,-1.6
13028,medium,3,15.0,0.0,3.7,A,-100.0
13029,high,2,30.0,41.0,5.9,B,15.0
13030,high,0,7.0,17.0,7.9,A,15.0
13031,high,1,18.0,15.0,9.2,A,15.0
13032,low,1,5.0,45.0,8.3,A,15.0
13033,medium,1,10.0,4.0,3.0,A,-100.0
13034,high,1,7.0,25.0,4.3,A,15.0
13035,high,1,13.0,0.0,9.9,A,-2.0
13036,high,3,24.0,6.0,9.8,A,8.8
13037,low,1,2.0,3.0,4.0,A,-100.0
13038,high,2,11.0,37.0,4.7,A,15.0
13039,high,2,14.0,0.0,2.2,A,-100.0
13040,medium,2,11.0,26.0,1.6,A,9.7
13041,high,1,13.0,25.0,7.6,C,15.0
13042,low,1,4.0,0.0,1.4,A,-100.0
13043,medium,0,1.0,8.0,9.4,A,15.0
13044,low,3,11.0,7.0,6.8,A,-1.3
13045,low,1,6.0,11.0,8.4,B,15.0
13046,medium,2,8.0,7.0,8.1,B,5.8
13047,low,3,7.0,10.0,1.6,A,-100.0
13048,low,0,15.0,0.0,1.1,A,-100.0
13049,none,0,16.0,7.0,1.0,A,-100.0
13050,high,3,9.0,4.0,6.8,B,-10.4
13051,none,3,8.0,24.0,5.1,A,15.0
13052,none,2,19.0,17.0,3.8,C,1.9
13053,high,1,2.0,0.0,9.6,A,-2.5
13054,medium,2,8.0,21.0,5.2,A,15.0
13055,low,0,10.0,34.0,6.5,C,15.0
13056,low,1,2.0,3.0,3.9,A,-100.0
13057,medium,2,10.0,1.0,9.2,A,-0.9
13058,low,3,2.0,50.0,2.9,A,15.0
13059,high,1,12.0,20.0,8.9,A,
13060,medium,2,8.0,9.0,2.6,A,-100.0
13061,high,3,16.0,2.0,9.4,A,-1.0
13062,high,1,27.0,8.0,2.0,A,-100.0
13063,low,0,6.0,1.0,4.9,A,-100.0
13064,high,1,5.0,3.0,,D,
13065,low,3,13.0,14.0,9.2,A,15.0
13066,high,2,15.0,29.0,8.4,B,15.0
13067,low,2,14.0,47.0,8.6,A,15.0
13068,high,1,3.0,2.0,2.0,A,-100.0
13069,medium,2,18.0,21.0,2.7,A,4.5
13070,medium,1,8.0,2.0,9.3,C,2.1
13071,low,2,5.0,24.0,8.4,A,15.0
13072,high,1,4.0,2.0,7.3,B,-11.2
13073,low,1,6.0,13.0,1.3,A,-18.3
13074,none,3,3.0,8.0,9.7,A,15.0
13075,low,2,9.0,10.0,8.2,D,13.0
13076,medium,2,4.0,15.0,7.8,A,15.0
13077,medium,2,17.0,4.0,4.5,A,-100.0
13078,none,0,22.0,1.0,4.8,C,-100.0
13079,low,0,5.0,2.0,4.5,B,-100.0
13080,high,1,12.0,1.0,9.5,A,-2.0
13081,high,0,6.0,14.0,8.6,B,15.0
13082,medium,2,6.0,11.0,8.9,A,15.0
13083,low,1,8.0,1.0,1.5,A,-100.0
13084,low,1,7.0,17.0,4.2,A,6.0
13085,medium,1,7.0,6.0,7.3,C,-0.4
13086,medium,1,3.0,4.0,2.6,A,-100.0
13087,medium,1,14.0,9.0,1.4,A,-100.0
13088,medium,2,5.0,23.0,5.3,B,15.0
13089,medium,3,4.0,9.0,3.0,A,-17.7
13090,low,1,12.0,26.0,6.7,A,15.0
13091,low,3,16.0,4.0,7.3,C,-5.4
13092,high,1,20.0,3.0,4.9,A,-100.0
13093,medium,3,7.0,2.0,8.1,A,-4.7
13094,high,0,23.0,8.0,1.5,A,-100.0
13095,low,0,4.0,8.0,5.0,B,-8.1
13096,medium,3,12.0,0.0,2.4,A,-100.0
13097,none,0,,1.0,9.3,C,
13098,,1,11.0,24.0,2.0,A,7.6
13099,medium,0,13.0,6.0,5.6,A,-10.3
13100,high,3,8.0,5.0,9.2,A,5.0
13101,high,0,14.0,20.0,2.6,A,-0.1
13102,low,0,40.0,3.0,3.7,C,-100.0
13103,high,1,8.0,19.0,9.6,C,15.0
13104,high,2,5.0,27.0,9.2,C,15.0
13105,high,2,17.0,1.0,8.0,A,-10.8
13106,medium,1,2.0,23.0,1.6,A,4.4
13107,medium,0,5.0,1.0,9.9,C,3.6
13108,low,2,14.0,4.0,3.0,C,-100.0
13109,medium,2,13.0,2.0,8.1,A,-5.2
13110,none,1,9.0,19.0,3.9,A,7.7
13111,medium,2,12.0,8.0,9.3,A,14.2
13112,low,0,8.0,20.0,8.8,D,15.0
13113,low,0,29.0,2.0,9.8,B,3.2
13114,none,0,,21.0,6.6,C,
13115,medium,2,7.0,19.0,7.2,A,15.0
13116,high,4,7.0,1.0,2.2,A,-100.0
13117,high,1,21.0,3.0,8.3,A,-5.3
13118,low,1,9.0,13.0,4.7,D,0.1
13119,low,1,10.0,4.0,9.7,A,8.6
13120,,4,4.0,5.0,1.3,B,-100.0
13121,high,1,2.0,4.0,3.0,B,-100.0
13122,medium,2,15.0,1.0,5.8,A,-100.0
13123,medium,0,21.0,3.0,9.9,A,6.2
13124,low,0,18.0,15.0,3.2,A,-4.7
13125,high,4,9.0,7.0,6.6,B,-5.3
13126,,3,8.0,23.0,1.5,C,2.8
13127,high,3,6.0,2.0,6.0,B,-18.7
13128,low,0,9.0,42.0,4.2,A,15.0
13129,medium,2,11.0,23.0,5.5,A,15.0
13130,high,2,24.0,20.0,8.3,D,15.0
13131,medium,1,18.0,2.0,8.3,B,-4.4
13132,low,2,4.0,1.0,8.5,A,-3.8
13133,none,1,6.0,19.0,1.4,A,-5.7
13134,none,0,3.0,3.0,6.0,A,-13.6
13135,low,3,4.0,3.0,3.5,A,-100.0
13136,medium,1,31.0,3.0,8.6,A,-2.0
13137,low,1,5.0,1.0,8.5,A,-3.8
13138,low,2,9.0,5.0,2.6,A,-100.0
13139,high,1,12.0,36.0,3.0,C,15.0
13140,high,0,10.0,2.0,9.6,A,1.0
13141,none,3,2.0,19.0,3.1,A,3.8
13142,low,2,17.0,36.0,8.7,C,15.0
13143,high,2,6.0,50.0,3.2,D,15.0
13144,high,1,11.0,15.0,2.9,A,-8.8
13145,none,0,17.0,24.0,9.8,C,15.0
13146,low,1,3.0,20.0,1.7,A,-1.1
13147,high,0,8.0,2.0,2.4,A,-100.0
13148,high,1,5.0,8.0,7.6,A,3.0
13149,high,1,13.0,1.0,8.8,A,-5.9
13150,high,1,8.0,0.0,9.0,A,-6.4
13151,high,1,5.0,2.0,2.7,A,-100.0
13152,low,0,4.0,8.0,5.7,A,-4.3
13153,high,2,18.0,18.0,1.4,A,-11.5
13154,none,0,19.0,7.0,1.4,A,-100.0
13155,high,2,3.0,8.0,9.2,A,11.9
13156,medium,1,4.0,3.0,9.0,A,2.9
13157,low,1,11.0,20.0,5.6,C,15.0
13158,high,1,8.0,0.0,10.0,A,-0.9
13159,medium,0,3.0,7.0,5.4,B,-8.3
13160,none,2,5.0,4.0,2.7,A,-100.0
13161,low,2,2.0,5.0,9.7,A,11.4
13162,low,1,33.0,10.0,3.6,A,-14.6
13163,none,1,4.0,12.0,8.7,A,15.0
13164,medium,1,4.0,22.0,6.0,A,15.0
13165,medium,0,5.0,17.0,8.8,B,15.0
13166,,3,10.0,14.0,4.7,C,1.3
13167,medium,0,10.0,29.0,4.8,A,15.0
13168,high,1,23.0,2.0,8.6,A,-5.9
13169,none,0,14.0,6.0,6.1,A,-7.9
13170,low,1,14.0,5.0,3.4,A,-100.0
13171,medium,1,3.0,8.0,8.4,B,10.2
13172,high,3,12.0,13.0,6.2,B,4.9
13173,none,1,4.0,1.0,6.9,A,-13.1
13174,high,1,3.0,37.0,8.3,C,15.0
13175,high,3,6.0,7.0,7.2,C,-1.6
13176,high,0,11.0,14.0,7.7,D,15.0
13177,low,2,2.0,2.0,10.0,D,6.8
13178,high,2,5.0,32.0,6.2,A,15.0
13179,high,3,,6.0,5.2,C,
13180,low,1,10.0,1.0,8.8,D,-2.6
13181,medium,1,9.0,1.0,9.8,A,2.6
13182,high,0,3.0,6.0,6.7,A,-5.9
13183,none,1,8.0,2.0,8.2,A,-4.2
13184,high,2,9.0,16.0,8.8,A,15.0
13185,high,1,22.0,6.0,3.0,C,-100.0
13186,medium,0,8.0,19.0,1.1,A,-7.2
13187,low,0,0.0,6.0,9.2,B,11.2
13188,none,0,12.0,10.0,9.3,A,15.0
13189,high,1,5.0,2.0,3.7,A,-100.0
13190,high,0,3.0,0.0,9.3,A,-4.2
13191,none,2,2.0,34.0,9.3,C,15.0
13192,none,1,3.0,2.0,7.2,A,-9.2
13193,medium,0,11.0,6.0,2.0,C,-100.0
13194,medium,2,4.0,12.0,2.4,C,-14.6
13195,none,3,8.0,5.0,5.0,C,-15.7
13196,,2,14.0,7.0,8.5,B,7.2
13197,none,1,13.0,1.0,7.1,B,-12.9
13198,high,1,9.0,24.0,3.9,B,15.0
13199,low,2,2.0,8.0,8.1,A,8.9
13200,high,0,4.0,17.0,1.1,A,-13.7
13201,none,2,16.0,16.0,9.3,A,15.0
13202,high,1,6.0,10.0,2.9,A,-18.8
13203,low,0,16.0,16.0,4.9,A,6.9
13204,high,1,19.0,18.0,8.7,B,15.0
13205,high,3,8.0,9.0,9.5,A,15.0
13206,none,4,6.0,3.0,7.0,D,-8.8
13207,high,0,26.0,13.0,4.6,A,-5.0
13208,high,3,3.0,23.0,8.7,A,15.0
13209,low,0,15.0,23.0,5.7,A,15.0
13210,medium,1,10.0,1.0,8.3,A,-5.8
13211,low,2,4.0,23.0,2.3,A,8.3
13212,medium,0,7.0,7.0,9.1,A,11.7
13213,none,0,2.0,17.0,4.0,C,4.9
13214,low,0,7.0,2.0,9.6,C,4.3
13215,low,0,9.0,5.0,3.7,A,-100.0
13216,high,1,12.0,45.0,4.4,A,15.0
13217,high,4,4.0,33.0,1.8,A,15.0
13218,low,1,8.0,16.0,7.7,B,15.0
13219,high,5,19.0,5.0,7.0,C,-8.4
13220,none,3,20.0,11.0,7.7,A,10.5
13221,high,3,9.0,11.0,8.4,B,13.1
13222,medium,2,24.0,33.0,7.8,A,15.0
13223,high,1,18.0,6.0,3.6,A,-100.0
13224,high,1,4.0,10.0,4.2,A,-11.4
13225,medium,5,8.0,17.0,5.8,A,13.9
13226,high,0,12.0,23.0,5.8,A,15.0
13227,medium,2,10.0,5.0,2.4,A,-100.0
13228,high,1,8.0,15.0,9.8,C,15.0
13229,low,2,16.0,12.0,5.3,D,0.5
13230,high,4,0.0,3.0,,A,
13231,low,3,3.0,29.0,9.7,A,15.0
13232,high,4,3.0,3.0,9.8,A,4.5
13233,high,2,17.0,3.0,9.3,A,0.5
13234,low,3,3.0,20.0,2.0,A,0.4
13235,high,2,14.0,5.0,9.3,A,5.0
13236,none,0,20.0,13.0,5.6,A,3.5
13237,high,2,5.0,10.0,4.5,A,-10.0
13238,medium,2,8.0,5.0,7.8,A,0.0
13239,medium,1,,39.0,3.0,C,
13240,high,1,9.0,0.0,2.4,A,-100.0
13241,high,1,26.0,7.0,8.2,A,2.1
13242,high,1,17.0,16.0,5.0,C,4.3
13243,high,1,22.0,10.0,5.4,A,-6.6
13244,high,3,14.0,3.0,9.1,A,-0.4
13245,none,2,4.0,14.0,3.0,A,-7.3
13246,none,1,12.0,11.0,7.0,A,7.7
13247,medium,1,9.0,2.0,9.5,A,3.1
13248,medium,1,7.0,3.0,9.9,C,7.6
13249,none,3,9.0,12.0,9.0,A,15.0
13250,medium,4,4.0,1.0,8.9,B,-2.1
13251,low,3,11.0,11.0,10.0,A,15.0
13252,none,0,5.0,1.0,8.2,B,-5.9
13253,medium,4,13.0,5.0,2.2,A,-100.0
13254,low,5,6.0,3.0,2.1,B,-100.0
13255,low,1,6.0,3.0,8.2,D,-1.3
13256,medium,1,11.0,35.0,3.3,A,15.0
13257,low,0,7.0,4.0,9.1,A,5.7
13258,medium,2,0.0,19.0,8.1,B,15.0
13259,low,2,2.0,12.0,7.6,A,14.6
13260,high,3,16.0,8.0,5.9,A,-7.7
13261,none,6,2.0,1.0,9.1,A,-1.3
13262,low,2,12.0,11.0,1.4,A,-100.0
13263,low,1,6.0,6.0,3.3,A,-100.0
13264,medium,1,30.0,16.0,1.4,A,-14.2
13265,medium,0,8.0,0.0,9.9,A,1.3
13266,high,1,29.0,5.0,9.5,A,4.7
13267,medium,4,5.0,7.0,6.0,A,-5.6
13268,low,3,10.0,1.0,1.3,A,-100.0
13269,high,1,10.0,6.0,4.3,A,-19.9
13270,high,3,20.0,13.0,6.4,C,5.2
13271,low,1,2.0,14.0,3.5,A,-3.7
13272,low,2,11.0,3.0,8.7,B,0.8
13273,high,2,16.0,2.0,4.9,A,-100.0
13274,medium,2,13.0,7.0,6.8,A,-1.8
13275,medium,1,23.0,0.0,2.9,A,-100.0
13276,high,3,12.0,5.0,3.8,C,-100.0
13277,medium,0,3.0,10.0,1.3,A,-100.0
13278,none,0,5.0,20.0,3.9,A,10.3
13279,medium,3,3.0,9.0,3.1,A,-17.0
13280,medium,2,16.0,4.0,4.6,A,-100.0
13281,high,1,18.0,15.0,7.2,A,14.2
13282,low,1,1.0,44.0,2.9,A,15.0
13283,none,0,12.0,31.0,3.9,A,15.0
13284,high,0,3.0,41.0,4.4,A,15.0
13285,high,0,8.0,7.0,5.9,A,-8.7
13286,low,2,6.0,21.0,3.8,B,12.2
13287,medium,2,25.0,2.0,4.6,A,-100.0
13288,none,0,14.0,3.0,9.7,C,5.6
13289,low,3,8.0,20.0,5.9,C,15.0
13290,medium,0,11.0,8.0,8.9,A,12.3
13291,high,3,0.0,5.0,8.0,B,-0.8
13292,none,2,9.0,7.0,5.3,B,-9.9
13293,none,2,12.0,1.0,4.9,A,-100.0
13294,low,1,9.0,18.0,4.1,C,7.3
13295,low,5,11.0,12.0,5.7,A,2.9
13296,high,1,7.0,19.0,5.5,A,
13297,low,2,6.0,28.0,3.6,A,15.0
13298,low,3,3.0,7.0,8.6,D,9.4
13299,high,0,15.0,41.0,8.0,A,15.0
13300,medium,2,6.0,13.0,5.6,A,4.9
13301,high,3,2.0,27.0,5.3,A,15.0
13302,low,1,21.0,11.0,9.1,A,15.0
13303,low,2,10.0,4.0,8.7,A,3.0
13304,none,0,5.0,8.0,6.4,C,-1.1
13305,medium,0,14.0,10.0,7.4,A,7.9
13306,low,3,6.0,5.0,8.7,C,5.4
13307,medium,2,10.0,23.0,6.5,A,15.0
13308,high,2,7.0,2.0,5.1,A,-100.0
13309,medium,3,2.0,5.0,2.6,A,-100.0
13310,none,1,2.0,5.0,7.1,A,-3.4
13311,medium,1,5.0,16.0,1.6,D,-10.6
13312,medium,2,8.0,8.0,3.4,A,-17.9
13313,low,0,16.0,3.0,3.8,A,-100.0
13314,high,3,4.0,34.0,6.1,A,15.0
13315,medium,1,17.0,5.0,1.6,C,-100.0
13316,low,3,1.0,6.0,4.4,B,-15.6
13317,high,1,5.0,16.0,8.8,B,15.0
13318,none,0,8.0,11.0,8.2,A,14.8
13319,medium,2,12.0,0.0,6.7,B,-17.0
13320,low,0,11.0,1.0,7.8,B,-8.1
13321,low,0,4.0,11.0,8.1,C,15.0
13322,medium,1,23.0,35.0,5.8,C,15.0
13323,high,0,5.0,5.0,8.1,A,-0.5
13324,none,1,12.0,20.0,8.1,A,15.0
13325,medium,0,17.0,42.0,6.2,A,15.0
13326,none,1,3.0,6.0,2.9,C,-100.0
13327,high,3,18.0,11.0,2.6,D,-19.7
13328,none,3,9.0,43.0,8.3,A,15.0
13329,high,1,16.0,13.0,9.0,A,15.0
13330,low,0,19.0,0.0,8.0,B,-9.9
13331,low,1,12.0,15.0,7.2,A,15.0
13332,medium,0,7.0,6.0,8.1,D,4.0
13333,medium,1,4.0,19.0,3.4,A,5.7
13334,low,2,6.0,31.0,5.9,A,15.0
13335,none,0,13.0,50.0,9.4,A,15.0
13336,high,1,28.0,13.0,7.0,C,7.9
13337,medium,2,40.0,26.0,8.8,D,15.0
13338,high,4,3.0,16.0,3.2,A,-4.5
13339,none,2,12.0,15.0,2.5,A,-8.8
13340,none,2,6.0,16.0,2.5,D,-6.1
13341,high,1,7.0,7.0,9.3,C,10.0
13342,medium,4,25.0,4.0,9.8,A,7.0
13343,high,1,18.0,7.0,9.6,C,10.6
13344,medium,1,6.0,6.0,8.5,C,6.3
13345,none,0,5.0,13.0,5.5,C,4.4
13346,low,2,4.0,5.0,10.0,A,12.9
13347,high,7,7.0,0.0,8.9,C,-7.5
13348,high,1,4.0,4.0,1.5,A,-100.0
13349,high,2,17.0,3.0,4.5,A,-100.0
13350,medium,1,7.0,9.0,8.8,A,14.1
13351,medium,0,6.0,1.0,8.0,A,-6.9
13352,high,1,8.0,6.0,9.7,B,10.0
13353,medium,1,4.0,6.0,6.4,A,-5.1
13354,low,2,6.0,3.0,9.3,A,4.6
13355,medium,0,12.0,3.0,8.3,A,-1.7
13356,medium,2,1.0,3.0,6.1,C,-12.8
13357,medium,2,13.0,2.0,8.8,A,-1.3
13358,medium,0,1.0,31.0,3.5,A,15.0
13359,low,1,2.0,4.0,4.4,A,-19.7
13360,low,2,6.0,40.0,9.0,D,15.0
13361,low,2,10.0,2.0,8.5,C,-2.3
13362,medium,1,40.0,22.0,8.4,A,15.0
13363,medium,1,9.0,3.0,2.4,A,-100.0
13364,high,1,7.0,6.0,8.7,A,4.6
13365,low,0,3.0,6.0,6.9,A,-1.8
13366,high,0,11.0,1.0,9.6,C,-1.2
13367,low,0,5.0,41.0,6.6,A,15.0
13368,low,0,11.0,24.0,8.9,A,15.0
13369,low,0,4.0,7.0,9.1,B,12.3
13370,medium,1,10.0,0.0,5.3,B,-100.0
13371,medium,2,17.0,2.0,7.2,A,-10.5
13372,low,0,10.0,10.0,2.1,B,-100.0
13373,medium,0,20.0,13.0,9.0,B,15.0
13374,high,1,16.0,15.0,4.0,A,-3.2
13375,high,2,11.0,36.0,8.6,C,15.0
13376,none,2,6.0,21.0,4.8,A,15.0
13377,medium,0,9.0,6.0,3.3,A,-100.0
13378,low,1,8.0,11.0,2.0,A,-18.8
13379,none,3,39.0,19.0,4.3,D,6.7
13380,medium,1,6.0,17.0,,D,
13381,high,1,6.0,3.0,7.3,A,-9.3
13382,high,2,2.0,13.0,8.8,C,15.0
13383,none,1,6.0,3.0,9.1,A,3.0
13384,high,1,3.0,14.0,3.0,A,-9.5
13385,medium,1,6.0,10.0,1.9,A,-100.0
13386,medium,2,6.0,1.0,1.3,A,-100.0
13387,low,1,16.0,18.0,7.4,C,15.0
13388,none,1,6.0,20.0,3.0,A,5.2
13389,medium,1,4.0,2.0,8.9,D,0.2
13390,medium,0,11.0,2.0,1.6,C,-100.0
13391,low,0,7.0,6.0,9.5,A,12.1
13392,medium,1,9.0,2.0,8.3,A,-3.6
13393,medium,3,2.0,41.0,9.9,C,15.0
13394,low,2,3.0,8.0,6.6,A,0.6
13395,low,1,2.0,2.0,2.7,A,-100.0
13396,medium,1,5.0,2.0,1.5,A,-100.0
13397,high,1,13.0,10.0,3.9,A,-14.0
13398,high,3,26.0,0.0,8.9,C,-9.0
13399,low,4,13.0,13.0,8.6,A,15.0
13400,medium,0,1.0,18.0,5.2,A,13.9
13401,low,0,17.0,0.0,3.1,A,-100.0
13402,low,4,2.0,10.0,2.3,A,-19.0
13403,low,1,2.0,12.0,5.5,A,3.1
13404,low,3,4.0,42.0,9.0,C,15.0
13405,low,3,11.0,12.0,1.3,C,-100.0
13406,high,1,3.0,27.0,2.6,B,15.0
13407,low,1,12.0,9.0,9.2,A,15.0
13408,medium,2,7.0,1.0,9.4,A,0.5
13409,none,4,28.0,3.0,1.3,A,-100.0
13410,high,1,10.0,1.0,9.7,C,-0.7
13411,low,3,5.0,2.0,7.1,A,-9.6
13412,medium,2,7.0,0.0,8.7,A,-5.4
13413,low,2,3.0,33.0,9.5,A,15.0
13414,medium,0,12.0,1.0,6.0,A,-18.5
13415,medium,1,6.0,31.0,6.6,A,15.0
13416,medium,3,4.0,2.0,6.5,A,-13.1
13417,medium,1,14.0,19.0,2.8,A,1.4
13418,none,1,11.0,7.0,5.5,A,-8.9
13419,low,1,21.0,9.0,4.8,A,-8.9
13420,low,1,14.0,3.0,3.7,A,-100.0
13421,medium,3,14.0,0.0,1.8,B,-100.0
13422,low,2,23.0,29.0,8.8,A,15.0
13423,high,1,4.0,7.0,8.6,A,6.5
13424,high,1,7.0,9.0,6.9,A,1.0
13425,none,2,11.0,27.0,8.5,A,15.0
13426,low,2,5.0,0.0,6.1,B,-19.2
13427,high,2,6.0,2.0,8.5,A,-4.9
13428,low,1,3.0,19.0,4.9,A,14.4
13429,high,5,8.0,50.0,7.2,A,15.0
13430,high,1,6.0,6.0,1.0,A,-100.0
13431,medium,0,5.0,4.0,4.2,A,-100.0
13432,medium,0,25.0,30.0,4.6,B,15.0
13433,high,4,10.0,3.0,2.8,C,-100.0
13434,high,2,32.0,2.0,3.0,C,-100.0
13435,low,1,1.0,7.0,2.7,A,-100.0
13436,medium,2,20.0,0.0,8.5,A,-7.9
13437,high,1,9.0,2.0,4.5,B,-100.0
13438,none,0,9.0,29.0,4.0,A,15.0
13439,none,2,33.0,14.0,6.6,C,9.6
13440,low,1,4.0,2.0,3.0,A,-100.0
13441,high,3,9.0,1.0,2.4,D,-100.0
13442,high,3,7.0,3.0,3.8,A,-100.0
13443,high,1,6.0,2.0,6.6,A,-15.2
13444,low,2,11.0,36.0,5.8,A,15.0
13445,low,0,7.0,13.0,3.1,A,-8.4
13446,high,1,17.0,29.0,8.9,B,15.0
13447,low,4,15.0,4.0,2.7,C,-100.0
13448,low,3,7.0,1.0,3.0,A,-100.0
13449,high,0,15.0,3.0,3.0,A,-100.0
13450,high,3,10.0,28.0,3.8,C,15.0
13451,low,2,5.0,9.0,9.7,A,15.0
13452,high,1,3.0,3.0,2.5,B,-100.0
13453,high,2,23.0,8.0,2.6,A,-100.0
13454,none,2,2.0,19.0,4.9,B,13.8
13455,medium,3,21.0,7.0,9.0,B,9.4
13456,high,2,2.0,4.0,5.3,A,-17.9
13457,high,1,6.0,6.0,7.5,A,-1.9
13458,low,3,18.0,2.0,2.0,A,-100.0
13459,medium,2,5.0,9.0,8.8,B,14.2
13460,high,3,11.0,2.0,3.8,A,-100.0
13461,low,3,3.0,6.0,9.3,B,11.1
13462,none,1,10.0,6.0,8.7,C,6.7
13463,low,0,14.0,7.0,4.1,A,-16.2
13464,low,0,2.0,1.0,4.9,A,-100.0
13465,high,0,1.0,4.0,9.6,A,6.1
13466,low,1,17.0,8.0,8.3,A,8.6
13467,low,0,13.0,15.0,8.4,A,15.0
13468,low,2,13.0,5.0,7.3,D,-2.9
13469,none,1,6.0,4.0,7.9,C,-1.5
13470,medium,1,20.0,0.0,1.8,A,-100.0
13471,none,3,3.0,23.0,7.2,A,15.0
13472,none,0,6.0,16.0,9.6,A,15.0
13473,high,1,3.0,7.0,8.4,A,5.5
13474,medium,1,11.0,8.0,9.6,D,15.0
13475,none,1,15.0,12.0,9.2,A,15.0
13476,medium,1,12.0,30.0,9.2,C,15.0
13477,medium,1,6.0,3.0,3.4,A,-100.0
13478,medium,0,11.0,0.0,3.3,A,-100.0
13479,none,3,4.0,11.0,1.3,A,-100.0
13480,high,0,4.0,5.0,3.7,A,-100.0
13481,medium,0,,10.0,8.7,C,
13482,low,1,17.0,1.0,8.5,A,-5.0
13483,none,2,7.0,3.0,3.5,C,-100.0
13484,low,1,17.0,11.0,9.5,B,15.0
13485,none,3,20.0,29.0,7.8,A,15.0
13486,low,0,18.0,23.0,8.9,A,15.0
13487,high,1,4.0,10.0,7.6,A,7.3
13488,high,0,10.0,8.0,8.5,D,7.5
13489,none,2,9.0,11.0,9.5,C,15.0
13490,low,1,1.0,12.0,4.7,A,-1.2
13491,medium,2,8.0,17.0,7.8,A,15.0
13492,high,1,15.0,31.0,8.9,A,15.0
13493,none,1,24.0,16.0,8.9,A,15.0
13494,high,2,8.0,22.0,5.5,A,15.0
13495,low,2,8.0,1.0,9.8,A,3.0
13496,low,1,9.0,1.0,9.2,A,-0.3
13497,,1,10.0,5.0,7.1,A,-4.2
13498,high,3,6.0,13.0,2.1,A,-17.1
13499,high,1,4.0,26.0,5.6,C,15.0
13500,high,1,2.0,6.0,9.3,A,8.4
13501,medium,1,32.0,22.0,3.2,A,8.1
13502,none,1,11.0,9.0,1.3,A,-100.0
13503,low,0,14.0,15.0,9.4,A,15.0
13504,high,1,2.0,1.0,6.5,B,-17.5
13505,medium,1,5.0,25.0,9.8,A,15.0
13506,high,6,7.0,1.0,3.4,A,-100.0
13507,medium,0,2.0,2.0,10.0,A,6.6
13508,high,0,2.0,5.0,9.4,A,7.0
13509,low,2,3.0,8.0,6.9,A,2.2
13510,low,0,7.0,6.0,2.0,A,-100.0
13511,high,2,16.0,30.0,2.3,A,15.0
13512,medium,0,9.0,35.0,5.1,A,15.0
13513,low,4,11.0,9.0,4.7,A,-8.8
13514,medium,3,9.0,30.0,9.2,A,15.0
13515,low,1,3.0,30.0,1.1,B,15.0
13516,low,1,7.0,18.0,4.3,D,8.6
13517,low,2,21.0,25.0,5.1,A,15.0
13518,medium,1,17.0,23.0,2.3,C,6.8
13519,none,3,5.0,5.0,4.6,A,-17.6
13520,high,2,0.0,15.0,8.9,A,15.0
13521,low,2,0.0,20.0,4.9,A,15.0
13522,medium,2,2.0,2.0,6.8,A,-11.2
13523,low,1,7.0,12.0,1.8,A,-17.7
13524,high,4,5.0,11.0,4.1,C,-10.3
13525,none,4,6.0,9.0,1.5,A,-100.0
13526,none,1,18.0,0.0,8.9,C,-5.6
13527,high,1,3.0,8.0,8.8,A,9.8
13528,medium,5,15.0,2.0,6.0,C,-17.2
13529,medium,2,1.0,4.0,4.6,A,-19.0
13530,medium,0,15.0,6.0,5.0,C,-13.8
13531,none,1,24.0,24.0,3.5,A,14.5
13532,low,0,8.0,3.0,8.5,C,0.2
13533,high,5,14.0,4.0,8.2,A,-3.4
13534,high,1,3.0,39.0,9.8,B,15.0
13535,medium,0,3.0,6.0,8.2,C,5.0
13536,high,1,18.0,5.0,9.9,B,8.0
13537,low,1,5.0,41.0,8.7,A,15.0
13538,low,2,4.0,8.0,7.4,A,4.9
13539,medium,1,7.0,3.0,2.0,A,-100.0
13540,high,2,10.0,9.0,1.3,A,-100.0
13541,high,3,13.0,2.0,7.0,A,-13.9
13542,medium,0,9.0,4.0,6.0,A,-11.9
13543,none,2,13.0,37.0,9.5,A,15.0
13544,none,1,17.0,0.0,2.2,A,-100.0
13545,low,1,14.0,5.0,9.2,A,7.6
13546,none,2,7.0,2.0,8.8,A,-0.9
13547,low,1,5.0,4.0,4.4,A,-100.0
13548,low,0,1.0,20.0,9.1,A,15.0
13549,low,2,9.0,20.0,2.6,A,3.2
13550,low,1,8.0,5.0,9.4,D,9.3
13551,medium,1,13.0,17.0,2.5,C,-4.4
13552,medium,3,5.0,6.0,7.1,C,-1.5
13553,low,1,11.0,20.0,3.1,D,5.8
13554,high,4,22.0,18.0,8.8,A,15.0
13555,medium,0,8.0,19.0,2.9,A,2.6
13556,low,1,14.0,0.0,9.5,D,-1.3
13557,high,0,1.0,29.0,9.2,A,15.0
13558,high,0,8.0,8.0,1.9,C,-100.0
13559,none,2,15.0,7.0,1.1,A,-100.0
13560,high,1,5.0,18.0,3.4,A,0.9
13561,high,3,10.0,3.0,9.3,A,1.1
13562,high,0,19.0,4.0,9.1,C,1.5
13563,,2,26.0,45.0,9.8,C,15.0
13564,medium,1,5.0,13.0,3.7,A,-5.3
13565,low,1,8.0,25.0,9.3,A,15.0
13566,low,2,31.0,6.0,8.5,A,4.0
13567,high,2,7.0,11.0,4.4,B,-8.6
13568,high,1,11.0,1.0,1.7,A,-100.0
13569,none,1,12.0,5.0,8.5,A,3.3
13570,high,0,8.0,16.0,1.2,A,-15.6
13571,medium,2,2.0,27.0,8.9,A,15.0
13572,none,1,6.0,5.0,2.3,A,-100.0
13573,none,0,12.0,9.0,8.4,A,11.3
13574,medium,3,11.0,38.0,9.2,C,15.0
13575,low,3,9.0,1.0,3.3,A,-100.0
13576,medium,3,40.0,38.0,9.4,A,15.0
13577,none,3,16.0,10.0,8.7,A,14.3
13578,high,1,15.0,38.0,5.1,D,15.0
13579,medium,1,10.0,6.0,9.6,A,11.9
13580,high,3,7.0,28.0,5.6,C,15.0
13581,medium,0,4.0,11.0,2.3,B,-17.1
13582,low,1,18.0,36.0,6.4,A,15.0
13583,high,0,7.0,2.0,3.9,A,-100.0
13584,medium,0,2.0,4.0,1.5,A,-100.0
13585,medium,3,2.0,6.0,8.1,B,4.3
13586,high,1,7.0,0.0,9.8,C,-1.9
13587,low,1,20.0,36.0,8.1,A,15.0
13588,low,2,3.0,5.0,9.1,A,8.0
13589,medium,2,6.0,17.0,9.1,D,15.0
13590,high,3,9.0,50.0,9.7,B,15.0
13591,low,1,17.0,16.0,2.8,A,-4.8
13592,medium,0,4.0,3.0,8.2,D,-1.4
13593,medium,0,2.0,14.0,2.2,A,-11.1
13594,high,3,10.0,20.0,5.7,C,15.0
13595,high,1,10.0,7.0,9.6,C,11.4
13596,low,0,3.0,4.0,5.5,A,-13.7
13597,medium,1,13.0,26.0,4.4,A,15.0
13598,none,0,7.0,8.0,7.0,A,2.0
13599,none,1,26.0,1.0,1.9,A,-100.0
13600,high,0,9.0,2.0,1.1,A,-100.0
13601,medium,2,2.0,7.0,1.6,A,-100.0
13602,low,0,2.0,24.0,6.7,A,15.0
13603,medium,0,7.0,5.0,2.1,A,-100.0
13604,none,1,7.0,3.0,1.4,A,-100.0
13605,medium,2,3.0,5.0,3.2,A,-100.0
13606,low,1,26.0,26.0,3.6,A,15.0
13607,medium,1,19.0,18.0,7.3,A,15.0
13608,low,1,4.0,50.0,8.1,C,15.0
13609,none,2,6.0,10.0,8.3,C,13.2
13610,low,2,5.0,5.0,4.7,A,-16.4
13611,medium,3,0.0,2.0,6.5,A,-12.8
13612,high,1,10.0,50.0,1.6,A,15.0
13613,high,4,10.0,10.0,5.1,A,-7.4
13614,high,0,13.0,1.0,4.9,D,-100.0
13615,medium,0,3.0,8.0,8.1,A,8.7
13616,medium,0,8.0,15.0,3.9,A,-0.3
13617,,4,21.0,34.0,6.7,A,15.0
13618,medium,1,10.0,1.0,1.9,A,-100.0
13619,medium,1,17.0,17.0,2.0,A,-7.5
13620,medium,2,6.0,19.0,2.8,A,2.1
13621,low,0,4.0,6.0,8.0,C,4.2
13622,high,4,34.0,14.0,9.3,A,15.0
13623,high,1,5.0,29.0,6.0,C,15.0
13624,low,1,12.0,4.0,9.3,A,6.2
13625,high,1,9.0,22.0,8.0,B,15.0
13626,low,3,6.0,2.0,7.8,A,-5.8
13627,low,3,18.0,16.0,7.4,A,15.0
13628,none,2,3.0,6.0,1.9,A,-100.0
13629,medium,1,14.0,19.0,9.4,B,15.0
13630,low,4,14.0,33.0,9.4,A,15.0
13631,medium,1,19.0,8.0,7.5,A,3.6
13632,medium,0,1.0,4.0,9.5,C,8.1
13633,high,0,7.0,1.0,9.4,A,-1.9
13634,high,1,6.0,3.0,7.6,A,-7.6
13635,medium,1,11.0,25.0,5.2,D,15.0
13636,high,2,13.0,6.0,5.1,A,-15.9
13637,medium,1,7.0,1.0,1.2,A,-100.0
13638,none,2,7.0,0.0,3.4,A,-100.0
13639,medium,1,1.0,10.0,7.1,A,7.4
13640,medium,1,12.0,10.0,9.4,B,15.0
13641,medium,3,4.0,47.0,9.8,A,15.0
13642,high,1,15.0,10.0,4.3,A,-12.0
13643,low,1,8.0,5.0,8.9,A,6.5
13644,high,2,10.0,25.0,7.9,C,15.0
13645,medium,0,30.0,12.0,4.5,A,-5.5
13646,low,1,17.0,12.0,4.1,A,-6.1
13647,low,1,10.0,10.0,4.8,A,-5.7
13648,none,3,8.0,2.0,7.0,A,-11.0
13649,medium,2,11.0,4.0,8.2,B,-0.2
13650,medium,0,10.0,6.0,3.0,A,-100.0
13651,high,3,33.0,18.0,7.0,A,15.0
13652,high,3,2.0,50.0,1.3,A,15.0
13653,medium,1,6.0,2.0,6.7,A,-12.0
13654,low,0,10.0,33.0,5.3,A,15.0
13655,none,0,3.0,9.0,9.4,A,15.0
13656,low,1,7.0,7.0,9.4,C,13.6
13657,,0,10.0,0.0,9.8,A,0.3
13658,high,3,30.0,18.0,4.5,A,4.2
13659,low,2,14.0,4.0,2.4,C,-100.0
13660,none,2,12.0,8.0,9.0,A,12.3
13661,high,1,11.0,7.0,8.8,B,6.9
13662,medium,1,3.0,38.0,5.7,C,15.0
13663,medium,1,15.0,4.0,8.6,C,1.7
13664,medium,1,9.0,9.0,8.5,A,12.3
13665,high,3,5.0,4.0,1.9,A,-100.0
13666,medium,3,11.0,8.0,8.1,C,7.5
13667,medium,4,19.0,9.0,1.8,C,-100.0
13668,high,1,4.0,3.0,5.8,A,-17.3
13669,none,1,19.0,9.0,6.8,A,1.7
13670,low,1,5.0,6.0,7.3,A,0.1
13671,medium,2,15.0,18.0,8.2,A,15.0
13672,none,1,9.0,6.0,8.4,A,5.2
13673,low,2,11.0,30.0,1.0,D,15.0
13674,none,1,6.0,1.0,8.8,A,-2.8
13675,low,0,25.0,2.0,2.5,A,-100.0
13676,low,0,8.0,1.0,1.1,C,-100.0
13677,high,0,11.0,2.0,7.0,C,-13.4
13678,none,2,9.0,50.0,6.4,B,15.0
13679,none,2,6.0,7.0,7.1,D,0.3
13680,low,0,9.0,25.0,2.1,B,11.1
13681,medium,1,15.0,13.0,8.5,C,15.0
13682,low,1,4.0,21.0,9.0,A,15.0
13683,low,0,16.0,7.0,1.4,A,-100.0
13684,high,2,13.0,3.0,9.4,A,1.5
13685,low,0,4.0,28.0,1.6,A,15.0
13686,medium,0,4.0,8.0,9.8,A,15.0
13687,none,2,5.0,16.0,1.0,A,-14.2
13688,none,1,2.0,28.0,3.3,A,15.0
13689,high,2,10.0,16.0,6.5,A,13.1
13690,none,0,11.0,7.0,8.0,A,5.0
13691,low,0,9.0,9.0,8.7,C,13.8
13692,high,2,12.0,12.0,9.9,B,15.0
13693,high,2,24.0,4.0,9.3,A,1.9
13694,low,1,2.0,20.0,7.4,A,15.0
13695,low,2,12.0,11.0,3.8,A,-9.4
13696,high,2,6.0,10.0,3.4,A,-16.1
13697,none,0,4.0,3.0,8.6,B,0.6
13698,medium,3,0.0,12.0,2.3,A,-14.9
13699,medium,3,5.0,10.0,6.7,A,4.7
13700,high,3,26.0,17.0,2.2,A,-10.1
13701,medium,2,6.0,3.0,3.3,A,-100.0
13702,medium,2,11.0,27.0,6.2,A,15.0
13703,medium,3,7.0,12.0,6.0,A,4.8
13704,medium,2,6.0,15.0,8.8,B,15.0
13705,medium,1,6.0,1.0,2.0,A,-100.0
13706,medium,1,13.0,9.0,9.8,A,15.0
13707,none,0,10.0,19.0,9.7,A,15.0
13708,medium,3,11.0,7.0,9.5,C,13.2
13709,low,2,16.0,21.0,3.7,A,10.6
13710,low,2,7.0,4.0,7.9,A,-1.1
13711,low,2,10.0,1.0,9.6,A,1.7
13712,low,1,13.0,4.0,1.1,C,-100.0
13713,high,0,3.0,3.0,9.9,C,5.4
13714,none,3,4.0,1.0,2.2,A,-100.0
13715,high,2,21.0,4.0,5.7,A,-17.6
13716,medium,2,4.0,29.0,9.4,A,15.0
13717,medium,0,11.0,50.0,8.3,A,15.0
13718,high,1,6.0,6.0,7.7,C,-0.8
13719,high,3,30.0,3.0,3.2,A,-100.0
13720,none,3,9.0,5.0,9.8,A,10.6
13721,low,1,21.0,6.0,9.5,A,10.6
13722,high,0,4.0,1.0,8.3,A,-7.7
13723,,0,11.0,1.0,8.3,A,-6.0
13724,high,3,5.0,16.0,2.2,A,-10.1
13725,medium,0,19.0,1.0,3.4,A,-100.0
13726,medium,2,4.0,22.0,9.6,A,15.0
13727,low,3,15.0,7.0,9.2,A,11.5
13728,low,2,9.0,25.0,8.7,D,15.0
13729,low,0,4.0,20.0,4.3,A,13.2
13730,,2,15.0,7.0,3.7,A,-19.3
13731,medium,2,10.0,8.0,6.6,A,-0.5
13732,medium,0,2.0,1.0,9.8,A,3.4
13733,high,0,3.0,20.0,9.4,A,15.0
13734,none,2,12.0,5.0,9.6,A,9.3
13735,medium,0,9.0,2.0,8.8,A,-0.7
13736,high,0,10.0,6.0,3.7,A,-100.0
13737,medium,1,6.0,18.0,5.3,B,13.9
13738,medium,3,4.0,0.0,4.7,B,-100.0
13739,high,1,3.0,36.0,9.6,A,15.0
13740,medium,0,8.0,11.0,9.8,B,15.0
13741,low,1,18.0,2.0,2.1,C,-100.0
13742,medium,3,12.0,2.0,3.5,C,-100.0
13743,none,3,2.0,15.0,9.8,D,15.0
13744,medium,3,1.0,25.0,,A,
13745,none,0,4.0,24.0,9.4,A,15.0
13746,medium,2,11.0,10.0,1.8,A,-100.0
13747,medium,0,8.0,5.0,1.9,C,-100.0
13748,low,4,27.0,5.0,2.5,A,-100.0
13749,high,3,5.0,1.0,8.9,A,-4.8
13750,medium,1,8.0,50.0,3.2,B,15.0
13751,medium,2,11.0,6.0,2.7,A,-100.0
13752,high,1,16.0,5.0,9.9,A,8.2
13753,medium,3,9.0,18.0,1.8,A,-5.9
13754,high,2,30.0,13.0,9.7,B,15.0
13755,high,0,28.0,26.0,1.7,D,6.1
13756,,4,12.0,4.0,2.4,A,-100.0
13757,none,1,17.0,35.0,4.6,C,15.0
13758,low,0,2.0,15.0,7.3,A,15.0
13759,high,1,20.0,0.0,3.3,A,-100.0
13760,medium,3,1.0,13.0,9.6,A,15.0
13761,none,2,13.0,17.0,6.3,A,15.0
13762,low,1,5.0,23.0,1.1,A,1.7
13763,medium,1,2.0,1.0,9.0,A,-1.1
13764,high,0,13.0,4.0,1.9,C,-100.0
13765,medium,2,12.0,7.0,8.8,A,9.3
13766,none,2,4.0,3.0,9.5,B,5.3
13767,high,1,10.0,2.0,7.9,C,-8.5
13768,low,0,4.0,4.0,8.0,A,-0.0
13769,medium,1,9.0,28.0,6.1,C,15.0
13770,high,3,4.0,9.0,4.7,A,-11.0
13771,high,1,8.0,4.0,1.8,A,-100.0
13772,none,0,2.0,0.0,8.9,C,-3.9
13773,low,2,11.0,13.0,9.2,D,15.0
13774,low,1,2.0,21.0,4.6,A,15.0
13775,medium,4,2.0,3.0,9.6,A,6.1
13776,,0,6.0,4.0,9.7,C,8.5
13777,low,3,11.0,15.0,6.4,A,13.3
13778,low,5,5.0,5.0,1.6,A,-100.0
13779,low,0,15.0,37.0,3.0,A,15.0
13780,low,1,11.0,2.0,2.5,B,-100.0
13781,none,2,14.0,6.0,9.9,A,12.8
13782,none,3,10.0,40.0,9.7,A,15.0
13783,low,0,5.0,2.0,2.3,C,-100.0
13784,low,2,18.0,3.0,1.2,A,-100.0
13785,low,1,6.0,1.0,8.3,A,-5.0
13786,high,2,2.0,9.0,4.7,A,-10.7
13787,medium,1,1.0,20.0,2.8,C,4.8
13788,low,0,7.0,8.0,3.4,A,-17.2
13789,,1,11.0,0.0,3.8,B,-100.0
13790,low,3,4.0,3.0,1.7,A,-100.0
13791,high,1,8.0,35.0,3.3,C,15.0
13792,none,0,18.0,7.0,9.8,B,14.2
13793,low,0,8.0,31.0,1.3,A,15.0
13794,low,1,11.0,26.0,4.3,D,15.0
13795,medium,0,2.0,10.0,9.1,A,15.0
13796,none,0,12.0,19.0,1.9,A,-3.5
13797,high,2,7.0,14.0,6.0,A,6.5
13798,medium,3,24.0,6.0,8.2,A,2.6
13799,high,0,5.0,6.0,2.2,A,-100.0
13800,high,0,12.0,26.0,7.6,A,15.0
13801,low,2,11.0,13.0,2.2,A,-13.9
13802,medium,0,12.0,0.0,4.4,A,-100.0
13803,low,2,6.0,11.0,3.2,A,-12.1
13804,medium,0,8.0,5.0,3.8,C,-100.0
13805,low,4,17.0,4.0,9.2,A,4.9
13806,low,0,1.0,20.0,3.0,A,6.4
13807,low,1,3.0,37.0,4.2,B,15.0
13808,medium,0,8.0,1.0,9.9,A,3.3
13809,high,0,5.0,14.0,7.2,A,13.5
13810,low,2,4.0,5.0,3.5,C,-100.0
13811,medium,1,4.0,10.0,5.7,B,-0.5
13812,high,2,6.0,7.0,7.9,A,2.3
13813,high,1,8.0,6.0,3.3,A,-100.0
13814,low,0,7.0,50.0,3.6,B,15.0
13815,medium,1,18.0,3.0,4.8,A,-100.0
13816,none,1,3.0,3.0,8.4,A,-0.5
13817,low,1,5.0,11.0,9.3,A,15.0
13818,high,2,18.0,11.0,8.7,C,13.9
13819,none,0,14.0,1.0,5.1,A,-100.0
13820,high,0,20.0,13.0,8.5,A,15.0
13821,low,1,9.0,2.0,8.5,A,-2.1
13822,high,1,16.0,13.0,8.8,A,15.0
13823,high,2,9.0,6.0,9.2,A,7.1
13824,low,1,17.0,40.0,9.3,A,15.0
13825,low,2,13.0,16.0,3.8,A,1.0
13826,high,1,8.0,2.0,8.2,A,-6.6
13827,none,1,,9.0,7.4,C,
13828,high,5,12.0,19.0,9.0,A,15.0
13829,medium,3,0.0,5.0,9.9,A,12.2
13830,low,0,9.0,6.0,9.7,A,13.0
13831,medium,1,11.0,12.0,7.5,A,12.9
13832,high,1,10.0,27.0,1.9,C,11.0
13833,low,1,9.0,13.0,9.7,A,15.0
13834,high,1,19.0,7.0,8.3,D,3.3
13835,low,2,9.0,3.0,4.1,A,-100.0
13836,medium,0,13.0,2.0,8.3,A,-3.8
13837,low,2,9.0,1.0,1.8,A,-100.0
13838,low,0,1.0,2.0,4.3,A,-100.0
13839,none,2,7.0,3.0,5.9,C,-14.8
13840,high,1,14.0,1.0,1.1,A,-100.0
13841,high,5,12.0,4.0,9.5,A,3.9
13842,low,0,3.0,0.0,1.7,A,-100.0
13843,,0,8.0,3.0,7.4,A,-6.4
13844,high,2,3.0,32.0,9.2,A,15.0
13845,low,4,5.0,8.0,1.4,A,-100.0
13846,low,1,26.0,11.0,8.9,D,15.0
13847,medium,1,7.0,25.0,8.5,A,15.0
13848,none,2,9.0,21.0,4.7,A,15.0
13849,high,1,5.0,5.0,1.3,A,-100.0
13850,low,1,11.0,4.0,3.2,A,-100.0
13851,none,0,4.0,8.0,5.0,A,-8.7
13852,medium,2,7.0,8.0,3.0,A,-100.0
13853,none,1,3.0,1.0,7.7,A,-8.6
13854,medium,4,16.0,13.0,6.0,A,5.9
13855,high,1,33.0,5.0,9.7,A,5.4
13856,low,1,10.0,14.0,9.3,A,15.0
13857,medium,1,9.0,25.0,8.4,A,15.0
13858,low,0,5.0,24.0,6.1,A,15.0
13859,high,2,17.0,6.0,7.6,B,-2.5
13860,low,2,5.0,13.0,4.7,A,0.4
13861,none,2,15.0,2.0,9.5,B,2.1
13862,none,0,3.0,19.0,4.9,A,13.9
13863,low,2,15.0,15.0,8.9,B,15.0
13864,high,3,7.0,12.0,1.7,A,-100.0
13865,high,2,10.0,5.0,8.1,A,-1.2
13866,medium,2,8.0,3.0,2.5,A,-100.0
13867,high,1,7.0,2.0,2.2,D,-100.0
13868,none,2,6.0,27.0,7.7,A,15.0
13869,medium,1,11.0,15.0,9.5,A,15.0
13870,medium,0,26.0,20.0,3.9,C,8.4
13871,medium,1,5.0,9.0,6.5,A,1.7
13872,high,2,1.0,2.0,1.9,C,-100.0
13873,high,1,16.0,5.0,7.2,A,-6.6
13874,high,0,2.0,31.0,8.2,A,15.0
13875,medium,2,1.0,24.0,5.0,C,15.0
13876,low,1,14.0,3.0,8.7,C,0.6
13877,high,0,4.0,4.0,2.2,A,-100.0
13878,none,2,18.0,16.0,9.6,A,15.0
13879,low,1,6.0,3.0,9.9,A,8.0
13880,high,0,18.0,15.0,9.5,C,15.0
13881,low,1,10.0,3.0,3.9,A,-100.0
13882,high,3,11.0,6.0,1.7,B,-100.0
13883,high,2,7.0,7.0,3.3,A,-100.0
13884,medium,1,8.0,1.0,9.0,A,-1.7
13885,medium,2,8.0,15.0,4.5,A,2.9
13886,none,2,20.0,13.0,2.4,A,-14.3
13887,medium,5,8.0,2.0,3.5,A,-100.0
13888,high,5,6.0,8.0,9.1,A,10.7
13889,low,3,15.0,7.0,8.2,A,6.0
13890,medium,2,11.0,14.0,1.2,B,-17.7
13891,none,2,21.0,5.0,1.0,A,-100.0
13892,low,1,8.0,2.0,8.5,C,-2.0
13893,high,3,4.0,6.0,9.7,B,10.2
13894,high,0,12.0,5.0,8.2,D,-0.6
13895,medium,2,2.0,5.0,3.6,C,-100.0
13896,high,1,6.0,20.0,2.1,A,-2.2
13897,high,2,3.0,0.0,9.4,A,-3.8
13898,low,1,10.0,27.0,9.8,A,15.0
13899,low,2,15.0,15.0,9.6,A,15.0
13900,medium,1,6.0,0.0,3.0,B,-100.0
13901,high,2,9.0,18.0,9.2,A,15.0
13902,high,2,2.0,1.0,9.8,A,0.6
13903,medium,0,17.0,2.0,,D,
13904,none,2,3.0,4.0,,D,
13905,low,1,19.0,14.0,9.8,A,15.0
13906,medium,0,4.0,13.0,1.3,A,-18.4
13907,low,4,12.0,11.0,8.2,A,14.6
13908,high,1,8.0,3.0,7.0,A,-11.1
13909,high,3,15.0,6.0,3.5,D,-100.0
13910,none,0,9.0,29.0,9.9,A,15.0
13911,medium,3,25.0,6.0,6.9,A,-4.7
13912,high,1,12.0,3.0,9.9,A,4.4
13913,medium,1,7.0,24.0,5.8,A,15.0
13914,high,0,17.0,0.0,9.2,A,-6.1
13915,high,1,2.0,13.0,9.5,B,15.0
13916,low,1,7.0,10.0,7.9,A,11.6
13917,high,3,6.0,24.0,8.3,A,15.0
13918,low,0,16.0,0.0,8.3,A,-8.0
13919,low,0,28.0,7.0,9.1,D,9.9
13920,none,0,18.0,5.0,8.7,A,3.9
13921,high,0,3.0,6.0,6.5,A,-7.0
13922,medium,3,18.0,11.0,10.0,A,15.0
13923,medium,1,5.0,45.0,9.3,A,15.0
13924,low,0,8.0,4.0,10.0,A,10.6
13925,low,1,8.0,20.0,6.1,B,15.0
13926,high,1,31.0,18.0,2.6,A,-6.1
13927,high,1,13.0,17.0,9.9,A,15.0
13928,high,1,8.0,8.0,5.3,C,-10.0
13929,high,3,11.0,4.0,8.8,A,0.4
13930,,1,11.0,15.0,6.9,B,15.0
13931,medium,1,10.0,0.0,8.1,D,-8.9
13932,,0,5.0,5.0,7.5,A,-1.4
13933,medium,2,16.0,6.0,6.9,A,-3.6
13934,low,1,4.0,26.0,3.2,A,15.0
13935,low,4,8.0,4.0,8.0,A,-0.8
13936,medium,2,7.0,50.0,8.8,B,15.0
13937,low,2,15.0,20.0,2.6,A,2.6
13938,high,0,10.0,1.0,4.7,A,-100.0
13939,none,2,14.0,2.0,6.3,A,-15.4
13940,none,0,18.0,45.0,8.1,A,15.0
13941,low,1,7.0,6.0,,D,
13942,high,2,9.0,6.0,1.8,C,-100.0
13943,none,1,6.0,26.0,8.8,A,15.0
13944,high,0,4.0,1.0,9.9,A,1.1
13945,high,1,11.0,28.0,3.6,C,15.0
13946,low,3,5.0,3.0,9.3,C,4.6
13947,none,3,2.0,37.0,9.9,B,15.0
13948,medium,1,6.0,4.0,9.8,A,9.2
13949,high,1,5.0,1.0,4.1,C,-100.0
13950,low,0,3.0,16.0,8.8,A,15.0
13951,none,2,18.0,17.0,1.7,A,-9.6
13952,high,3,5.0,5.0,9.5,A,6.9
13953,low,1,9.0,11.0,7.8,A,13.0
13954,none,1,20.0,21.0,7.5,A,15.0
13955,high,1,11.0,11.0,8.1,D,11.4
13956,high,0,39.0,19.0,4.4,C,5.2
13957,low,2,7.0,7.0,1.3,A,-100.0
13958,low,1,2.0,1.0,8.1,A,-5.7
13959,low,3,18.0,8.0,1.3,A,-100.0
13960,,3,15.0,17.0,4.6,A,6.6
13961,none,1,2.0,8.0,8.2,A,9.0
13962,high,3,2.0,14.0,6.5,A,9.6
13963,,1,1.0,23.0,8.8,A,15.0
13964,none,2,19.0,3.0,4.7,A,-100.0
13965,low,1,5.0,13.0,9.9,A,15.0
13966,medium,1,15.0,11.0,10.0,B,15.0
13967,none,1,3.0,7.0,1.5,A,-100.0
13968,medium,2,9.0,4.0,1.9,C,-100.0
13969,medium,2,7.0,13.0,9.7,B,15.0
13970,medium,0,25.0,26.0,3.8,A,15.0
13971,medium,1,15.0,6.0,5.0,B,-13.9
13972,medium,1,7.0,16.0,10.0,A,15.0
13973,low,1,,10.0,9.5,C,
13974,medium,3,8.0,8.0,5.0,C,-9.2
13975,high,5,36.0,4.0,8.6,A,-3.4
13976,high,2,9.0,9.0,9.7,A,15.0
13977,low,2,6.0,13.0,8.3,A,15.0
13978,medium,0,11.0,36.0,9.5,C,15.0
13979,low,0,12.0,4.0,7.4,A,-4.1
13980,none,0,29.0,30.0,4.4,A,15.0
13981,high,2,16.0,5.0,3.8,A,-100.0
13982,medium,4,21.0,3.0,9.8,A,5.3
13983,low,0,4.0,4.0,5.9,A,-11.6
13984,low,3,5.0,0.0,8.3,A,-7.2
13985,high,2,16.0,16.0,10.0,A,15.0
13986,low,0,26.0,31.0,6.2,A,15.0
13987,low,2,20.0,14.0,5.3,B,4.3
13988,low,0,6.0,50.0,3.3,A,15.0
13989,medium,0,15.0,18.0,5.2,A,12.5
13990,none,2,5.0,24.0,1.2,C,3.7
13991,low,3,8.0,3.0,5.3,C,-17.7
13992,low,0,8.0,14.0,8.1,A,15.0
13993,medium,1,13.0,18.0,9.5,A,15.0
13994,high,2,30.0,2.0,4.9,A,-100.0
13995,none,1,34.0,13.0,9.9,D,15.0
13996,high,2,13.0,21.0,1.2,A,-5.8
13997,medium,0,11.0,8.0,7.7,A,5.7
13998,high,4,8.0,12.0,7.2,C,8.6
13999,high,1,3.0,23.0,2.5,A,6.6
14000,low,5,14.0,50.0,2.1,A,15.0
14001,low,1,3.0,4.0,7.9,B,-0.6
14002,none,0,21.0,1.0,3.4,A,-100.0
14003,high,0,12.0,11.0,6.6,A,3.2
14004,high,0,11.0,13.0,8.2,A,15.0
14005,medium,4,12.0,1.0,3.6,B,-100.0
14006,medium,2,19.0,1.0,3.7,A,-100.0
14007,,0,15.0,2.0,5.3,C,-100.0
14008,medium,4,25.0,9.0,8.7,A,11.5
14009,low,0,5.0,8.0,2.0,A,-100.0
14010,low,2,12.0,29.0,9.7,C,15.0
14011,high,0,5.0,0.0,9.9,B,-1.1
14012,none,1,17.0,5.0,9.9,A,10.5
14013,medium,0,9.0,1.0,8.4,A,-5.0
14014,low,1,14.0,29.0,9.0,A,15.0
14015,,0,6.0,16.0,5.4,A,10.1
14016,medium,1,3.0,31.0,7.2,C,15.0
14017,medium,3,2.0,1.0,4.1,C,-100.0
14018,high,0,3.0,21.0,5.6,C,15.0
14019,medium,0,9.0,28.0,8.8,B,15.0
14020,high,0,40.0,10.0,9.3,A,13.1
14021,none,2,2.0,31.0,1.9,A,15.0
14022,none,0,3.0,0.0,9.6,B,-0.1
14023,low,0,4.0,4.0,1.2,B,-100.0
14024,low,3,2.0,13.0,8.4,A,15.0
14025,low,2,8.0,9.0,9.2,C,15.0
14026,none,2,5.0,2.0,3.2,A,-100.0
14027,high,3,10.0,13.0,5.1,A,-1.0
14028,low,1,,14.0,7.4,C,
14029,medium,0,16.0,1.0,8.7,C,-4.1
14030,high,2,3.0,17.0,2.2,A,-7.7
14031,none,0,5.0,23.0,8.5,A,15.0
14032,high,1,8.0,4.0,8.5,A,-0.8
14033,low,0,17.0,3.0,9.8,C,6.5
14034,medium,2,10.0,9.0,9.7,B,15.0
14035,medium,1,8.0,6.0,3.4,A,-100.0
14036,high,3,2.0,23.0,8.6,C,15.0
14037,medium,3,16.0,18.0,3.3,A,1.6
14038,none,2,,1.0,5.6,C,
14039,high,1,12.0,20.0,4.2,A,8.8
14040,none,2,11.0,1.0,6.8,A,-14.4
14041,medium,2,14.0,15.0,3.5,A,-3.3
14042,high,0,6.0,21.0,8.8,A,15.0
14043,none,2,5.0,11.0,2.9,A,-14.3
14044,low,1,18.0,2.0,7.2,C,-10.1
14045,medium,2,11.0,7.0,8.6,A,8.3
14046,low,2,9.0,18.0,3.4,A,3.4
14047,low,1,10.0,7.0,5.7,A,-7.1
14048,low,1,4.0,38.0,9.8,B,15.0
14049,medium,1,21.0,30.0,9.5,A,15.0
14050,low,0,32.0,20.0,8.6,C,15.0
14051,low,3,8.0,1.0,4.3,A,-100.0
14052,medium,4,7.0,16.0,8.1,A,15.0
14053,high,4,8.0,31.0,9.6,A,15.0
14054,none,1,8.0,6.0,1.6,C,-100.0
14055,low,2,17.0,3.0,9.2,D,3.0
14056,medium,0,3.0,9.0,5.3,C,-4.7
14057,high,2,13.0,6.0,8.8,C,4.5
14058,medium,2,19.0,16.0,1.4,A,-13.2
14059,high,1,8.0,38.0,5.2,A,15.0
14060,low,1,4.0,10.0,5.2,A,-2.9
14061,medium,1,2.0,28.0,3.2,A,15.0
14062,,1,8.0,34.0,5.9,C,15.0
14063,medium,4,6.0,24.0,6.0,C,15.0
14064,high,4,6.0,8.0,3.5,A,-20.0
14065,low,0,5.0,3.0,9.6,A,6.6
14066,,2,8.0,25.0,8.3,A,15.0
14067,low,2,22.0,19.0,2.3,C,-1.9
14068,low,3,13.0,5.0,9.4,A,8.6
14069,high,0,,1.0,9.8,C,
14070,high,0,18.0,1.0,4.6,A,-100.0
14071,high,3,5.0,12.0,7.0,A,7.9
14072,low,2,10.0,5.0,8.2,A,2.4
14073,none,1,5.0,2.0,9.2,A,1.6
14074,low,2,5.0,2.0,7.8,A,-5.6
14075,none,1,18.0,22.0,2.2,A,3.8
14076,low,1,1.0,26.0,7.7,A,15.0
14077,high,0,9.0,12.0,9.7,A,15.0
14078,high,2,3.0,24.0,9.1,A,15.0
14079,low,1,7.0,45.0,1.1,A,15.0
14080,high,0,29.0,2.0,2.5,D,-100.0
14081,high,2,12.0,50.0,4.4,A,15.0
14082,none,0,13.0,21.0,6.0,A,15.0
14083,low,2,11.0,10.0,9.1,D,15.0
14084,low,2,8.0,1.0,3.1,C,-100.0
14085,none,0,2.0,14.0,5.1,A,4.6
14086,medium,3,14.0,21.0,5.6,B,15.0
14087,low,2,7.0,3.0,4.6,A,-100.0
14088,medium,2,24.0,11.0,8.1,A,12.6
14089,low,1,10.0,1.0,5.6,C,-100.0
14090,medium,0,2.0,1.0,2.5,D,-100.0
14091,low,1,9.0,7.0,9.6,A,14.5
14092,high,1,8.0,50.0,9.1,C,15.0
14093,high,1,6.0,14.0,9.4,C,15.0
14094,low,2,13.0,14.0,4.2,A,-1.0
14095,low,4,12.0,2.0,6.9,D,-11.5
14096,low,1,8.0,5.0,4.2,A,-19.3
14097,medium,1,11.0,19.0,4.6,A,11.6
14098,high,2,4.0,6.0,6.0,A,-10.0
14099,high,0,4.0,25.0,3.1,B,14.1
14100,low,3,6.0,1.0,8.7,A,-3.0
14101,medium,3,24.0,23.0,8.2,C,15.0
14102,none,4,5.0,2.0,5.9,B,-16.9
14103,none,1,3.0,41.0,9.4,A,15.0
14104,high,2,1.0,0.0,8.9,C,-6.4
14105,low,2,23.0,1.0,2.5,A,-100.0
14106,low,1,7.0,2.0,8.3,B,-3.0
14107,high,3,4.0,15.0,2.3,D,-11.6
14108,low,1,14.0,2.0,8.6,C,-2.0
14109,,3,25.0,6.0,9.3,A,8.3
14110,none,1,9.0,10.0,4.6,A,-7.3
14111,high,3,5.0,2.0,5.6,A,-100.0
14112,high,4,3.0,2.0,2.1,A,-100.0
14113,none,1,9.0,10.0,5.8,C,-0.7
14114,medium,1,6.0,1.0,8.1,A,-6.4
14115,medium,2,9.0,5.0,9.3,C,8.1
14116,medium,1,22.0,3.0,7.4,C,-7.7
14117,medium,1,19.0,1.0,8.8,C,-3.9
14118,medium,0,5.0,0.0,6.2,A,-18.8
14119,none,1,11.0,10.0,3.2,A,-15.2
14120,low,0,2.0,18.0,1.4,B,-6.7
14121,none,2,12.0,14.0,1.9,A,-14.2
14122,medium,1,10.0,5.0,2.4,B,-100.0
14123,high,2,6.0,8.0,4.6,D,-13.7
14124,low,1,13.0,0.0,2.9,A,-100.0
14125,low,4,9.0,2.0,2.1,C,-100.0
14126,high,2,22.0,33.0,5.9,A,15.0
14127,low,1,10.0,26.0,7.4,A,15.0
14128,medium,0,3.0,32.0,7.8,C,15.0
14129,low,4,8.0,8.0,9.5,D,15.0
14130,low,0,15.0,8.0,7.5,A,4.5
14131,none,1,7.0,0.0,9.4,A,-1.7
14132,medium,2,9.0,22.0,9.6,A,15.0
14133,low,0,3.0,36.0,7.7,A,15.0
14134,low,0,30.0,2.0,9.7,A,2.5
14135,low,1,12.0,6.0,4.2,C,-17.6
14136,low,2,2.0,8.0,4.2,D,-12.5
14137,low,3,11.0,5.0,4.6,A,-17.6
14138,high,1,9.0,3.0,9.7,A,3.6
14139,medium,1,28.0,14.0,9.7,A,15.0
14140,medium,1,15.0,17.0,7.6,A,15.0
14141,medium,3,17.0,5.0,10.0,A,11.1
14142,medium,3,12.0,5.0,9.9,C,11.0
14143,low,2,6.0,14.0,8.6,A,15.0
14144,high,1,11.0,14.0,2.6,A,-12.5
14145,medium,1,16.0,6.0,9.9,C,12.9
14146,high,0,3.0,6.0,9.2,A,7.9
14147,low,1,7.0,1.0,9.5,A,1.5
14148,medium,2,10.0,2.0,8.4,A,-3.2
14149,none,2,16.0,2.0,5.7,A,-18.9
14150,low,1,20.0,3.0,8.5,C,-1.1
14151,none,0,12.0,33.0,7.6,A,15.0
14152,low,1,5.0,4.0,1.8,A,-100.0
14153,high,1,10.0,10.0,9.2,A,15.0
14154,low,0,2.0,3.0,8.5,A,0.8
14155,low,0,8.0,21.0,4.7,A,15.0
14156,,0,7.0,1.0,10.0,B,3.8
14157,low,0,8.0,4.0,8.9,B,4.5
14158,none,1,8.0,9.0,7.5,A,6.6
14159,medium,0,9.0,12.0,9.8,A,15.0
14160,none,0,1.0,15.0,3.2,C,-3.6
14161,high,0,13.0,2.0,8.9,D,-3.2
14162,high,0,2.0,12.0,3.1,A,-13.0
14163,medium,2,3.0,21.0,1.5,C,-0.5
14164,high,1,11.0,11.0,5.0,C,-5.6
14165,none,1,2.0,5.0,3.8,C,-100.0
14166,low,1,23.0,9.0,2.3,A,-100.0
14167,high,0,7.0,1.0,2.4,A,-100.0
14168,none,1,7.0,18.0,8.6,A,15.0
14169,none,1,20.0,13.0,9.3,A,15.0
14170,medium,0,9.0,9.0,6.8,A,3.0
14171,none,2,11.0,2.0,9.8,C,4.2
14172,high,0,19.0,31.0,8.9,A,15.0
14173,medium,2,8.0,4.0,5.0,D,-17.5
14174,none,1,11.0,5.0,8.3,A,2.3
14175,high,4,,13.0,1.5,C,
14176,high,0,10.0,2.0,8.7,A,-4.0
14177,low,3,26.0,1.0,9.7,A,0.5
14178,none,0,13.0,8.0,9.9,A,15.0
14179,high,2,8.0,22.0,8.1,A,15.0
14180,high,1,7.0,5.0,9.7,A,8.0
14181,low,0,6.0,11.0,3.2,A,-11.9
14182,high,4,14.0,5.0,3.6,A,-100.0
14183,low,1,2.0,2.0,,A,
14184,medium,4,6.0,9.0,9.1,D,15.0
14185,none,1,20.0,40.0,4.4,C,15.0
14186,medium,2,12.0,13.0,8.9,D,15.0
14187,low,1,7.0,1.0,2.9,A,-100.0
14188,low,1,5.0,9.0,1.1,C,-100.0
14189,none,0,7.0,15.0,6.8,A,15.0
14190,high,1,16.0,9.0,8.6,A,9.5
14191,none,4,13.0,35.0,6.9,A,15.0
14192,medium,1,1.0,5.0,9.7,C,11.3
14193,high,1,4.0,16.0,6.7,A,14.9
14194,none,1,1.0,15.0,9.7,A,15.0
14195,high,0,4.0,3.0,2.1,C,-100.0
14196,low,2,12.0,2.0,8.9,A,-0.3
14197,none,1,6.0,8.0,3.1,B,-19.5
14198,low,0,10.0,5.0,1.9,A,-100.0
14199,low,2,6.0,32.0,1.3,A,15.0
14200,low,0,11.0,17.0,8.3,A,15.0
14201,none,1,5.0,11.0,9.9,C,15.0
14202,medium,0,2.0,5.0,1.1,A,-100.0
14203,low,0,5.0,50.0,4.6,A,15.0
14204,low,2,10.0,4.0,5.0,A,-17.3
14205,low,1,14.0,9.0,8.7,A,13.2
14206,low,2,12.0,8.0,8.9,D,12.3
14207,medium,1,6.0,9.0,9.2,A,15.0
14208,medium,0,14.0,3.0,8.9,A,1.4
14209,low,3,8.0,23.0,5.5,C,15.0
14210,low,1,6.0,41.0,8.5,B,15.0
14211,high,0,6.0,20.0,3.4,A,5.1
14212,medium,2,4.0,10.0,5.3,A,-2.8
14213,low,1,7.0,1.0,6.2,A,-16.6
14214,high,0,2.0,31.0,6.1,A,15.0
14215,,3,11.0,7.0,5.5,A,-9.1
14216,medium,2,8.0,42.0,3.3,A,15.0
14217,medium,0,11.0,17.0,8.8,C,15.0
14218,medium,1,20.0,8.0,3.0,A,-100.0
14219,low,1,22.0,27.0,8.3,A,15.0
14220,low,0,11.0,6.0,9.8,B,13.4
14221,none,0,8.0,11.0,8.1,C,14.2
14222,medium,1,15.0,0.0,9.6,C,-1.2
14223,,3,2.0,21.0,10.0,B,15.0
14224,medium,0,15.0,4.0,7.7,A,-3.2
14225,medium,0,7.0,1.0,1.3,C,-100.0
14226,medium,1,5.0,13.0,8.1,A,15.0
14227,low,1,3.0,15.0,3.0,B,-4.4
14228,medium,1,6.0,17.0,8.2,C,15.0
14229,low,1,7.0,1.0,4.2,A,-100.0
14230,none,0,11.0,40.0,9.7,D,15.0
14231,none,3,1.0,1.0,7.6,A,-9.1
14232,medium,1,4.0,11.0,8.6,B,15.0
14233,high,1,7.0,5.0,2.8,A,-100.0
14234,high,1,9.0,13.0,1.6,A,-19.9
14235,medium,1,7.0,0.0,3.7,C,-100.0
14236,low,2,18.0,8.0,2.3,A,-100.0
14237,low,1,17.0,9.0,8.2,C,10.2
14238,medium,3,5.0,17.0,8.0,A,15.0
14239,high,0,5.0,3.0,9.6,B,3.6
14240,low,0,5.0,13.0,3.2,A,-7.6
14241,low,1,5.0,1.0,6.6,D,-14.2
14242,medium,0,5.0,7.0,1.8,A,-100.0
14243,,3,10.0,7.0,5.3,A,-10.1
14244,low,2,7.0,14.0,2.6,A,-9.2
14245,low,1,10.0,4.0,1.1,B,-100.0
14246,medium,1,5.0,2.0,9.0,A,0.7
14247,low,2,7.0,10.0,2.9,A,-16.0
14248,low,1,1.0,7.0,8.6,A,9.8
14249,high,0,1.0,5.0,2.2,A,-100.0
14250,low,3,10.0,2.0,9.4,A,2.6
14251,low,2,22.0,18.0,8.6,C,15.0
14252,medium,2,8.0,14.0,6.2,A,10.1
14253,high,2,11.0,9.0,2.6,A,-100.0
14254,none,3,3.0,3.0,8.3,A,-1.3
14255,medium,1,15.0,35.0,2.2,A,15.0
14256,medium,1,12.0,10.0,6.0,B,0.3
14257,low,1,29.0,7.0,2.2,C,-100.0
14258,medium,1,15.0,13.0,7.8,A,15.0
14259,low,1,8.0,27.0,8.7,A,15.0
14260,high,1,26.0,5.0,7.7,B,-4.9
14261,low,1,6.0,5.0,9.5,A,10.0
14262,none,3,,49.0,9.6,C,
14263,low,0,14.0,35.0,3.8,C,15.0
14264,none,2,4.0,12.0,8.3,A,15.0
14265,high,2,14.0,2.0,7.3,A,-12.3
14266,low,1,6.0,4.0,8.8,A,4.1
14267,high,0,1.0,14.0,8.6,C,15.0
14268,high,2,10.0,12.0,9.4,D,15.0
14269,high,4,8.0,26.0,8.0,A,15.0
14270,none,1,9.0,0.0,9.0,D,-4.1
14271,high,2,,1.0,5.9,C,
14272,low,1,13.0,2.0,8.8,A,-0.8
14273,high,1,35.0,0.0,1.9,C,-100.0
14274,low,1,7.0,9.0,3.6,A,-14.1
14275,none,3,6.0,17.0,9.6,D,15.0
14276,high,1,3.0,26.0,8.5,A,15.0
14277,low,2,4.0,3.0,6.6,A,-10.0
14278,low,2,11.0,14.0,8.1,A,15.0
14279,low,0,6.0,2.0,6.7,A,
14280,low,3,25.0,6.0,8.4,A,4.0
14281,low,2,33.0,12.0,9.2,B,15.0
14282,medium,3,30.0,24.0,8.2,A,15.0
14283,medium,0,7.0,12.0,9.9,A,15.0
14284,medium,2,2.0,3.0,8.3,A,-0.9
14285,low,3,10.0,1.0,9.7,A,2.1
14286,medium,4,14.0,2.0,3.2,C,-100.0
14287,high,0,12.0,2.0,1.8,A,-100.0
14288,low,3,24.0,1.0,1.3,D,-100.0
14289,low,1,7.0,4.0,3.7,A,-100.0
14290,medium,1,14.0,0.0,9.2,C,-3.3
14291,high,0,3.0,25.0,8.3,A,15.0
14292,none,1,15.0,14.0,6.0,C,8.2
14293,medium,1,4.0,35.0,8.9,C,15.0
14294,high,0,4.0,18.0,9.4,A,15.0
14295,low,1,12.0,8.0,1.4,A,-100.0
14296,medium,1,3.0,3.0,8.8,C,1.9
14297,low,3,3.0,3.0,8.2,D,-1.2
14298,none,1,3.0,22.0,6.5,A,15.0
14299,medium,4,14.0,8.0,2.8,A,-100.0
14300,none,1,6.0,19.0,8.6,A,15.0
14301,low,0,14.0,2.0,1.2,D,-100.0
14302,medium,1,16.0,4.0,8.4,A,0.5
14303,high,3,10.0,49.0,7.3,C,15.0
14304,low,1,10.0,2.0,9.1,A,1.1
14305,high,1,19.0,31.0,8.4,A,15.0
14306,high,0,5.0,4.0,4.5,A,-100.0
14307,none,3,4.0,16.0,9.0,A,15.0
14308,high,0,9.0,10.0,9.7,A,15.0
14309,none,1,21.0,5.0,9.5,A,7.9
14310,,2,3.0,1.0,5.7,D,-19.7
14311,none,1,6.0,5.0,9.3,A,8.3
14312,,1,13.0,6.0,9.3,A,9.7
14313,high,1,4.0,23.0,9.3,A,15.0
14314,high,0,13.0,12.0,1.7,C,-100.0
14315,medium,2,1.0,1.0,8.8,A,-2.2
14316,high,2,9.0,13.0,9.7,B,15.0
14317,low,0,6.0,23.0,8.3,D,15.0
14318,,0,5.0,16.0,8.7,A,15.0
14319,low,1,3.0,4.0,6.2,A,-9.9
14320,high,1,24.0,4.0,2.7,A,-100.0
14321,high,1,9.0,11.0,8.1,A,11.6
14322,none,1,12.0,21.0,9.7,A,15.0
14323,low,3,3.0,6.0,4.4,A,-15.8
14324,high,0,16.0,11.0,5.0,C,-6.0
14325,low,3,19.0,22.0,3.2,A,9.6
14326,low,1,7.0,18.0,2.8,B,0.4
14327,high,3,11.0,31.0,6.2,A,15.0
14328,low,1,10.0,18.0,9.1,C,15.0
14329,none,0,3.0,18.0,6.5,A,15.0
14330,,0,11.0,3.0,2.0,A,-100.0
14331,,2,22.0,3.0,8.4,A,-2.5
14332,low,2,7.0,38.0,8.8,C,15.0
14333,high,2,2.0,7.0,4.9,C,-13.8
14334,high,0,17.0,0.0,7.7,D,-14.4
14335,high,2,6.0,13.0,7.9,C,14.9
14336,high,0,4.0,15.0,6.6,A,12.4
14337,low,2,1.0,38.0,9.9,A,15.0
14338,medium,1,6.0,8.0,1.6,A,-100.0
14339,medium,1,6.0,32.0,8.1,D,15.0
14340,low,1,6.0,31.0,6.7,A,15.0
14341,high,1,33.0,9.0,8.2,A,5.6
14342,medium,1,10.0,28.0,5.9,A,15.0
14343,none,0,7.0,6.0,8.2,A,4.4
14344,medium,2,3.0,6.0,8.9,A,8.7
14345,high,2,11.0,10.0,2.9,A,-19.4
14346,high,2,1.0,11.0,3.4,A,-13.5
14347,high,1,3.0,21.0,9.2,A,15.0
14348,none,3,5.0,3.0,8.3,B,-1.5
14349,high,1,11.0,5.0,9.1,A,4.3
14350,medium,1,3.0,1.0,9.9,A,3.8
14351,high,3,6.0,16.0,5.7,A,9.0
14352,high,2,8.0,6.0,9.1,C,6.6
14353,low,2,19.0,9.0,1.9,D,-100.0
14354,high,2,21.0,6.0,1.2,D,-100.0
14355,medium,5,4.0,45.0,8.7,A,15.0
14356,high,0,3.0,6.0,2.1,A,-100.0
14357,none,3,7.0,22.0,3.4,C,11.3
14358,medium,1,9.0,5.0,5.9,C,-10.5
14359,medium,1,5.0,13.0,9.3,A,15.0
14360,medium,1,6.0,1.0,7.6,C,-9.2
14361,low,1,17.0,21.0,5.6,D,15.0
14362,low,3,7.0,12.0,9.8,B,15.0
14363,medium,1,28.0,8.0,8.2,A,6.6
14364,high,6,5.0,0.0,2.4,A,-100.0
14365,medium,3,16.0,27.0,4.6,A,15.0
14366,low,2,6.0,12.0,3.5,A,-8.4
14367,high,2,15.0,6.0,5.5,A,-13.9
14368,medium,0,9.0,21.0,4.3,A,14.5
14369,medium,1,31.0,12.0,8.0,A,13.6
14370,high,2,14.0,3.0,9.7,C,3.0
14371,none,0,9.0,19.0,3.5,A,5.6
14372,low,1,29.0,6.0,2.2,A,-100.0
14373,medium,1,6.0,7.0,6.6,A,-2.1
14374,low,3,8.0,11.0,3.8,A,-9.1
14375,low,0,10.0,34.0,5.2,C,15.0
14376,medium,2,22.0,10.0,9.7,B,15.0
14377,medium,1,13.0,2.0,8.2,A,-4.5
14378,medium,4,10.0,10.0,5.1,B,-4.7
14379,low,0,26.0,14.0,3.8,A,-4.3
14380,low,0,6.0,1.0,8.4,B,-4.3
14381,low,0,3.0,36.0,7.5,A,15.0
14382,medium,1,4.0,43.0,4.8,C,15.0
14383,medium,0,10.0,15.0,9.7,C,15.0
14384,none,2,6.0,1.0,8.7,D,-3.5
14385,none,1,5.0,20.0,4.1,A,11.3
14386,medium,1,3.0,10.0,4.5,B,-7.0
14387,none,2,13.0,15.0,3.7,C,-2.3
14388,high,2,3.0,20.0,8.3,A,15.0
14389,low,0,4.0,1.0,1.2,A,-100.0
14390,low,1,5.0,4.0,1.0,B,-100.0
14391,none,2,3.0,31.0,2.8,A,15.0
14392,none,2,3.0,5.0,4.3,A,-19.0
14393,medium,3,10.0,2.0,4.7,C,-100.0
14394,none,1,13.0,7.0,8.7,A,8.5
14395,medium,4,13.0,2.0,8.1,A,-5.4
14396,low,1,3.0,3.0,3.4,A,-100.0
14397,low,2,20.0,19.0,1.8,A,-4.4
14398,high,4,6.0,31.0,1.6,A,15.0
14399,high,1,15.0,1.0,9.7,A,-1.2
14400,low,0,10.0,12.0,3.4,A,-9.1
14401,low,0,3.0,7.0,2.9,D,-100.0
14402,high,0,5.0,9.0,8.2,A,8.5
14403,low,4,8.0,20.0,9.5,C,15.0
14404,none,0,8.0,3.0,8.6,A,0.2
14405,medium,1,6.0,9.0,9.1,C,15.0
14406,high,3,13.0,50.0,2.6,B,15.0
14407,low,1,5.0,22.0,1.6,A,2.4
14408,high,1,16.0,0.0,6.6,A,-100.0
14409,low,2,24.0,4.0,4.6,A,-100.0
14410,high,1,12.0,1.0,8.3,C,-8.6
14411,high,4,5.0,2.0,3.7,A,-100.0
14412,low,2,29.0,7.0,8.8,C,8.0
14413,medium,4,14.0,26.0,6.3,A,15.0
14414,high,1,5.0,48.0,8.8,A,15.0
14415,low,1,17.0,26.0,1.4,A,8.5
14416,medium,1,10.0,40.0,10.0,B,15.0
14417,high,5,7.0,2.0,6.2,A,-17.9
14418,high,2,22.0,4.0,8.1,A,-4.5
14419,low,2,5.0,50.0,8.3,A,15.0
14420,high,3,2.0,13.0,8.9,B,15.0
14421,high,0,15.0,2.0,1.5,A,-100.0
14422,low,1,24.0,8.0,1.8,A,-100.0
14423,high,0,5.0,20.0,7.8,A,15.0
14424,low,2,8.0,7.0,6.1,A,-4.8
14425,high,3,4.0,13.0,2.8,A,-13.0
14426,low,3,18.0,12.0,3.3,A,-10.8
14427,high,0,2.0,10.0,5.5,A,-4.0
14428,medium,3,6.0,2.0,8.3,B,-3.4
14429,low,1,28.0,1.0,8.8,B,-4.4
14430,medium,2,11.0,3.0,10.0,D,7.6
14431,high,1,1.0,6.0,9.9,A,11.8
14432,medium,2,7.0,3.0,5.4,D,-17.3
14433,high,1,0.0,9.0,9.0,A,13.3
14434,none,0,16.0,31.0,9.1,A,15.0
14435,low,0,11.0,2.0,2.5,C,-100.0
14436,medium,4,4.0,2.0,2.9,A,-100.0
14437,high,0,8.0,4.0,8.6,A,-0.1
14438,medium,2,,3.0,2.9,C,
14439,none,2,11.0,10.0,8.4,A,13.3
14440,medium,1,2.0,1.0,8.1,A,-6.0
14441,low,5,7.0,22.0,8.5,D,15.0
14442,low,1,3.0,26.0,4.0,A,15.0
14443,low,2,18.0,10.0,9.1,B,15.0
14444,high,1,19.0,8.0,2.5,B,-100.0
14445,medium,1,9.0,15.0,4.2,A,1.2
14446,high,1,6.0,19.0,6.7,A,15.0
14447,low,0,14.0,5.0,1.7,B,-100.0
14448,none,2,14.0,2.0,8.2,A,-4.9
14449,none,0,7.0,39.0,1.8,C,15.0
14450,,1,13.0,7.0,6.9,C,-1.4
14451,high,1,12.0,2.0,6.6,A,-15.8
14452,low,0,7.0,4.0,1.4,A,-100.0
14453,low,2,6.0,29.0,8.1,A,15.0
14454,none,2,10.0,9.0,7.2,C,4.7
14455,high,1,19.0,50.0,1.9,C,15.0
14456,low,2,29.0,20.0,8.4,C,15.0
14457,low,2,9.0,5.0,1.3,C,-100.0
14458,none,2,7.0,10.0,8.8,A,15.0
14459,high,2,18.0,48.0,8.1,A,15.0
14460,low,0,23.0,7.0,5.7,A,-8.3
14461,low,1,21.0,10.0,9.1,A,15.0
14462,medium,3,25.0,3.0,2.4,C,-100.0
14463,medium,1,27.0,9.0,9.7,A,15.0
14464,low,1,7.0,21.0,1.8,A,1.2
14465,high,1,8.0,5.0,6.8,A,-8.0
14466,medium,2,5.0,8.0,8.5,A,10.4
14467,none,2,4.0,1.0,1.7,A,-100.0
14468,low,3,17.0,12.0,4.7,A,-3.0
14469,high,2,12.0,4.0,8.9,A,0.9
14470,low,3,21.0,1.0,1.0,D,-100.0
14471,high,2,25.0,17.0,6.0,C,11.0
14472,medium,1,5.0,50.0,3.5,A,15.0
14473,medium,4,13.0,2.0,3.9,C,-100.0
14474,low,2,12.0,12.0,1.8,B,-18.3
14475,none,2,5.0,12.0,9.0,A,15.0
14476,low,2,3.0,21.0,6.1,A,15.0
14477,medium,3,5.0,4.0,9.3,A,6.3
14478,high,0,3.0,2.0,6.3,C,-16.5
14479,none,2,9.0,1.0,1.3,A,-100.0
14480,medium,1,2.0,19.0,1.4,A,-5.1
14481,low,1,7.0,0.0,3.1,C,-100.0
14482,low,1,3.0,13.0,10.0,A,15.0
14483,high,3,7.0,0.0,3.4,A,-100.0
14484,low,0,10.0,1.0,9.6,C,1.9
14485,high,3,8.0,16.0,7.3,A,15.0
14486,medium,0,3.0,4.0,9.6,A,8.5
14487,low,2,9.0,4.0,9.6,A,8.1
14488,low,1,14.0,5.0,8.9,A,5.9
14489,high,3,13.0,10.0,7.8,A,7.3
14490,high,0,10.0,14.0,8.2,A,15.0
14491,low,2,3.0,0.0,9.2,C,-1.9
14492,high,1,7.0,10.0,4.5,B,-10.1
14493,high,2,21.0,21.0,6.1,C,15.0
14494,none,1,12.0,2.0,3.9,A,-100.0
14495,low,1,5.0,5.0,9.6,B,10.7
14496,medium,3,3.0,7.0,10.0,A,15.0
14497,low,1,15.0,16.0,2.3,B,-7.4
14498,none,2,6.0,1.0,6.0,A,-18.3
14499,medium,0,28.0,11.0,8.4,A,14.1
14500,high,0,3.0,30.0,3.9,A,15.0
14501,low,3,5.0,0.0,6.4,B,-17.6
14502,low,1,5.0,19.0,5.8,D,15.0
14503,medium,4,,14.0,2.8,C,
14504,low,2,10.0,8.0,9.7,C,15.0
14505,high,2,9.0,11.0,5.2,D,-4.4
14506,low,4,7.0,7.0,3.9,A,-17.0
14507,medium,1,1.0,27.0,,D,
14508,none,0,24.0,16.0,8.5,A,15.0
14509,medium,1,33.0,31.0,8.9,B,15.0
14510,,1,31.0,7.0,5.9,C,-8.7
14511,high,4,,39.0,1.9,C,
14512,medium,0,4.0,7.0,3.2,A,-100.0
14513,medium,2,6.0,9.0,8.0,A,
14514,high,0,12.0,9.0,9.1,A,12.7
14515,low,2,2.0,12.0,9.4,A,15.0
14516,medium,4,6.0,5.0,9.5,A,9.4
14517,high,2,6.0,11.0,5.8,A,-0.8
14518,high,1,7.0,16.0,6.0,A,10.8
14519,high,0,5.0,11.0,8.1,A,12.1
14520,high,2,11.0,0.0,2.6,A,-100.0
14521,high,2,8.0,16.0,2.3,A,-9.8
14522,medium,0,25.0,16.0,8.2,B,15.0
14523,low,0,2.0,10.0,4.7,B,-5.4
14524,medium,3,10.0,9.0,2.5,A,-100.0
14525,high,1,4.0,47.0,9.0,A,15.0
14526,medium,0,12.0,13.0,9.2,A,15.0
14527,medium,5,24.0,4.0,1.6,B,-100.0
14528,none,1,0.0,9.0,2.9,C,-17.9
14529,medium,3,4.0,5.0,4.4,A,-18.4
14530,high,1,7.0,2.0,9.0,A,-2.1
14531,low,2,11.0,10.0,7.8,A,10.6
14532,low,0,10.0,5.0,9.3,B,8.6
14533,low,1,19.0,27.0,4.8,A,15.0
14534,high,2,5.0,27.0,6.7,A,15.0
14535,high,4,7.0,17.0,9.4,A,15.0
14536,medium,1,25.0,25.0,8.7,C,15.0
14537,none,2,24.0,7.0,2.0,A,-100.0
14538,none,2,5.0,23.0,3.8,C,15.0
14539,none,2,6.0,23.0,5.9,A,15.0
14540,high,1,6.0,6.0,9.6,A,9.7
14541,low,1,14.0,8.0,9.5,A,15.0
14542,low,2,3.0,7.0,9.0,A,11.7
14543,none,2,,13.0,7.2,C,
14544,medium,1,15.0,12.0,5.2,A,-0.2
14545,low,0,20.0,2.0,9.0,A,-0.3
14546,high,3,1.0,39.0,10.0,A,15.0
14547,low,2,10.0,3.0,8.1,B,-2.4
14548,none,0,18.0,2.0,3.7,A,-100.0
14549,high,0,17.0,3.0,2.0,A,-100.0
14550,low,2,9.0,6.0,8.7,C,7.3
14551,high,1,3.0,46.0,6.6,B,15.0
14552,medium,0,20.0,16.0,8.2,A,15.0
14553,medium,1,30.0,29.0,5.7,A,15.0
14554,low,2,6.0,2.0,2.7,C,-100.0
14555,high,2,1.0,4.0,6.8,A,-9.5
14556,medium,2,19.0,11.0,1.7,C,-100.0
14557,medium,0,10.0,31.0,9.5,A,15.0
14558,none,0,10.0,11.0,8.3,D,15.0
14559,low,0,5.0,4.0,4.9,A,-17.2
14560,low,2,9.0,23.0,8.3,B,15.0
14561,none,1,15.0,0.0,6.9,A,-16.3
14562,medium,2,3.0,16.0,5.0,A,8.2
14563,low,2,23.0,3.0,5.3,A,-19.1
14564,medium,3,10.0,19.0,1.4,A,-6.1
14565,low,1,8.0,10.0,2.1,A,-100.0
14566,high,1,10.0,6.0,9.7,A,9.8
14567,low,0,5.0,5.0,9.1,A,8.0
14568,high,1,6.0,22.0,9.5,A,15.0
14569,medium,1,6.0,12.0,5.6,A,2.9
14570,medium,3,8.0,7.0,8.7,A,9.1
14571,none,3,16.0,4.0,8.7,C,1.7
14572,medium,3,1.0,8.0,1.3,A,-100.0
14573,medium,1,11.0,2.0,9.2,C,1.2
14574,none,2,9.0,13.0,9.7,C,15.0
14575,low,2,5.0,0.0,3.1,A,-100.0
14576,low,0,10.0,2.0,8.7,A,-1.0
14577,low,0,11.0,14.0,9.6,B,15.0
14578,low,2,10.0,9.0,8.0,C,9.7
14579,medium,2,2.0,44.0,1.6,A,15.0
14580,medium,1,4.0,5.0,1.2,B,-100.0
14581,low,2,2.0,6.0,7.8,A,3.1
14582,high,0,6.0,31.0,4.3,A,15.0
14583,medium,2,20.0,15.0,7.5,A,15.0
14584,high,2,16.0,10.0,8.9,A,13.1
14585,high,1,7.0,24.0,2.7,C,9.4
14586,high,1,3.0,16.0,8.8,C,15.0
14587,none,2,6.0,24.0,9.5,C,15.0
14588,high,0,2.0,29.0,9.1,B,15.0
14589,high,3,11.0,9.0,6.8,C,-0.1
14590,high,2,22.0,15.0,1.8,C,-16.0
14591,none,3,7.0,22.0,8.8,A,15.0
14592,medium,3,9.0,11.0,1.5,B,-100.0
14593,high,3,21.0,6.0,4.1,A,-100.0
14594,medium,4,5.0,1.0,3.0,A,-100.0
14595,low,1,4.0,13.0,8.7,A,15.0
14596,none,1,13.0,4.0,8.0,A,-1.6
14597,low,3,17.0,32.0,4.0,B,15.0
14598,low,1,6.0,11.0,5.0,A,-2.1
14599,medium,0,4.0,2.0,3.6,C,-100.0
14600,low,2,3.0,20.0,2.2,C,1.6
14601,high,2,11.0,13.0,8.2,A,15.0
14602,none,2,12.0,4.0,5.0,A,-18.1
14603,none,0,10.0,1.0,4.3,C,-100.0
14604,high,1,7.0,14.0,2.1,A,-14.9
14605,medium,2,2.0,7.0,1.5,C,-100.0
14606,none,1,7.0,8.0,8.5,A,10.1
14607,high,1,12.0,1.0,5.1,A,-100.0
14608,medium,0,9.0,14.0,8.7,D,15.0
14609,high,1,7.0,24.0,5.5,C,15.0
14610,low,3,17.0,3.0,8.3,A,-2.1
14611,high,2,2.0,2.0,2.9,A,-100.0
14612,medium,1,17.0,6.0,9.5,A,10.6
14613,high,3,7.0,47.0,9.5,D,15.0
14614,low,1,13.0,4.0,6.4,A,-9.8
14615,none,1,11.0,6.0,2.0,A,-100.0
14616,none,2,27.0,4.0,9.0,A,2.4
14617,none,2,8.0,19.0,8.3,A,15.0
14618,high,3,8.0,7.0,3.6,A,-100.0
14619,low,1,18.0,36.0,7.3,C,15.0
14620,low,2,,11.0,4.2,C,
14621,medium,0,8.0,14.0,6.4,A,11.4
14622,high,2,11.0,4.0,3.2,A,-100.0
14623,high,0,8.0,11.0,8.9,A,15.0
14624,high,2,10.0,3.0,2.5,C,-100.0
14625,none,0,40.0,2.0,8.4,C,-6.2
14626,medium,2,25.0,5.0,9.4,B,7.1
14627,medium,1,15.0,3.0,6.8,B,-10.3
14628,low,3,11.0,1.0,6.8,C,-13.9
14629,high,2,11.0,8.0,1.9,A,-100.0
14630,low,2,11.0,17.0,4.9,D,9.3
14631,none,0,8.0,13.0,2.2,C,-14.0
14632,low,0,10.0,11.0,8.6,A,15.0
14633,high,1,7.0,3.0,2.1,C,-100.0
14634,high,1,10.0,14.0,3.3,A,-8.6
14635,high,1,8.0,32.0,3.4,C,15.0
14636,low,4,10.0,3.0,2.6,C,-100.0
14637,high,1,12.0,24.0,3.4,A,12.8
14638,low,3,7.0,6.0,7.8,A,2.5
14639,medium,2,16.0,6.0,9.9,A,12.8
14640,high,3,2.0,1.0,8.3,C,-7.8
14641,low,1,1.0,23.0,1.7,B,5.4
14642,low,2,10.0,1.0,5.5,A,-100.0
14643,none,0,13.0,14.0,2.4,A,-11.3
14644,medium,1,9.0,16.0,3.1,A,-2.8
14645,low,6,25.0,13.0,6.4,A,7.4
14646,high,1,18.0,11.0,1.7,A,-100.0
14647,high,1,22.0,3.0,5.9,A,-18.6
14648,medium,1,2.0,9.0,6.3,A,0.8
14649,medium,0,12.0,4.0,5.2,A,-16.6
14650,high,1,4.0,25.0,4.1,A,15.0
14651,medium,1,4.0,8.0,7.1,B,3.0
14652,high,1,6.0,2.0,8.0,A,-7.5
14653,none,0,21.0,6.0,2.2,A,-100.0
14654,medium,1,24.0,22.0,9.7,A,15.0
14655,high,0,10.0,1.0,10.0,A,1.1
14656,high,3,8.0,1.0,4.6,A,-100.0
14657,none,0,14.0,7.0,6.0,C,-6.3
14658,low,0,13.0,11.0,3.4,A,-11.5
14659,low,1,20.0,4.0,6.3,A,-11.1
14660,none,1,12.0,28.0,9.0,A,15.0
14661,low,1,4.0,40.0,4.3,A,15.0
14662,high,1,5.0,14.0,9.4,B,15.0
14663,low,2,5.0,16.0,8.6,A,15.0
14664,medium,0,8.0,11.0,7.6,A,11.7
14665,high,1,9.0,7.0,8.0,A,2.7
14666,low,5,4.0,1.0,2.4,A,-100.0
14667,low,1,6.0,35.0,6.7,A,15.0
14668,high,0,6.0,14.0,9.6,A,15.0
14669,low,1,4.0,8.0,7.4,A,5.0
14670,medium,2,5.0,5.0,6.0,A,-9.6
14671,none,1,2.0,9.0,1.2,A,-100.0
14672,low,0,14.0,9.0,8.6,B,12.8
14673,high,0,4.0,28.0,4.1,A,15.0
14674,low,2,9.0,5.0,8.3,A,3.0
14675,medium,0,11.0,37.0,8.8,A,15.0
14676,none,2,8.0,2.0,6.9,B,-11.5
14677,low,1,8.0,50.0,8.5,A,15.0
14678,high,0,6.0,14.0,8.1,A,15.0
14679,high,3,5.0,0.0,4.6,A,-100.0
14680,high,1,3.0,21.0,9.9,A,15.0
14681,medium,0,5.0,11.0,3.8,A,-8.9
14682,,2,21.0,0.0,9.0,A,-5.4
14683,high,1,6.0,12.0,6.3,B,4.1
14684,none,1,7.0,3.0,9.2,A,3.5
14685,high,1,3.0,33.0,3.6,A,15.0
14686,none,0,14.0,10.0,6.0,B,-0.0
14687,low,5,5.0,37.0,6.1,A,15.0
14688,high,1,6.0,12.0,8.8,A,15.0
14689,none,4,11.0,45.0,1.9,A,15.0
14690,high,2,10.0,3.0,7.9,A,-6.5
14691,none,1,9.0,1.0,7.6,A,-9.7
14692,high,3,9.0,4.0,3.8,C,-100.0
14693,high,0,20.0,6.0,9.9,C,10.0
14694,low,2,8.0,12.0,9.4,A,15.0
14695,medium,2,7.0,7.0,6.1,A,-5.0
14696,none,1,3.0,15.0,7.9,A,15.0
14697,high,2,4.0,7.0,4.8,A,-14.5
14698,high,0,5.0,23.0,3.3,C,10.9
14699,medium,0,4.0,13.0,9.3,A,15.0
14700,high,1,5.0,2.0,2.5,C,-100.0
14701,low,2,8.0,3.0,9.2,A,3.9
14702,medium,1,10.0,28.0,8.4,A,15.0
14703,low,1,5.0,21.0,9.4,D,15.0
14704,low,0,4.0,5.0,9.7,D,11.4
14705,high,2,3.0,19.0,8.7,A,15.0
14706,high,2,8.0,4.0,8.4,A,-1.4
14707,medium,4,7.0,4.0,6.4,B,-9.9
14708,low,0,17.0,16.0,6.9,A,15.0
14709,high,0,8.0,4.0,9.7,B,5.9
14710,high,0,4.0,3.0,9.0,A,0.4
14711,high,2,7.0,20.0,5.9,A,15.0
14712,low,2,3.0,31.0,7.3,A,15.0
14713,medium,1,8.0,9.0,3.2,B,-16.8
14714,medium,4,14.0,15.0,9.6,C,15.0
14715,low,1,7.0,13.0,9.9,A,15.0
14716,medium,4,7.0,5.0,9.0,A,6.5
14717,medium,0,20.0,0.0,9.5,A,-2.1
14718,high,1,7.0,7.0,4.1,B,-18.6
14719,none,2,3.0,11.0,1.3,C,-100.0
14720,high,0,14.0,19.0,9.5,A,15.0
14721,medium,1,11.0,6.0,9.4,A,10.7
14722,low,4,6.0,30.0,5.2,B,15.0
14723,low,3,6.0,50.0,5.2,A,15.0
14724,low,2,7.0,6.0,8.8,A,8.1
14725,high,0,6.0,4.0,1.5,A,-100.0
14726,medium,1,1.0,34.0,9.8,B,15.0
14727,medium,1,15.0,8.0,4.6,A,-11.9
14728,low,2,18.0,5.0,9.2,A,7.1
14729,medium,4,14.0,7.0,7.7,D,2.8
14730,none,0,11.0,1.0,3.1,A,-100.0
14731,high,4,5.0,14.0,3.3,A,-8.4
14732,high,0,25.0,32.0,9.3,A,15.0
14733,medium,0,5.0,19.0,3.1,C,4.0
14734,medium,1,32.0,0.0,7.0,A,-17.2
14735,low,2,3.0,12.0,9.2,A,15.0
14736,high,4,10.0,49.0,9.1,A,15.0
14737,high,0,10.0,0.0,10.0,C,-1.0
14738,low,2,4.0,12.0,6.9,B,10.5
14739,low,0,6.0,11.0,3.0,C,-13.0
14740,medium,1,12.0,6.0,1.0,A,-100.0
14741,high,1,9.0,14.0,6.6,A,9.7
14742,medium,1,6.0,1.0,8.5,A,-4.2
14743,high,0,10.0,3.0,8.3,B,-4.1
14744,medium,1,9.0,7.0,8.8,A,9.7
14745,high,2,7.0,9.0,8.1,A,7.5
14746,none,2,3.0,6.0,7.1,A,-1.5
14747,high,2,14.0,6.0,6.4,A,-8.8
14748,high,2,8.0,3.0,5.2,A,-100.0
14749,medium,1,13.0,4.0,1.6,C,-100.0
14750,medium,1,26.0,17.0,4.6,C,5.9
14751,medium,0,2.0,6.0,9.9,A,14.4
14752,high,2,8.0,1.0,7.2,B,-14.3
14753,high,2,8.0,0.0,3.8,C,-100.0
14754,high,0,13.0,1.0,2.6,A,-100.0
14755,medium,1,37.0,11.0,5.7,A,-1.7
14756,medium,2,7.0,7.0,3.6,A,-18.8
14757,high,1,8.0,5.0,9.9,B,9.0
14758,,2,7.0,6.0,6.4,A,-5.7
14759,low,0,10.0,5.0,8.4,A,3.7
14760,high,0,9.0,14.0,9.7,A,15.0
14761,high,1,22.0,19.0,7.4,C,15.0
14762,low,1,12.0,4.0,9.5,C,7.3
14763,high,3,25.0,7.0,1.9,A,-100.0
14764,low,4,5.0,12.0,8.6,A,15.0
14765,high,3,5.0,2.0,3.8,D,-100.0
14766,medium,0,8.0,10.0,1.5,A,-100.0
14767,high,2,9.0,2.0,8.7,A,-4.1
14768,low,0,1.0,18.0,3.9,A,7.1
14769,high,1,1.0,0.0,6.0,A,-100.0
14770,low,0,1.0,11.0,3.8,A,-8.1
14771,medium,0,11.0,1.0,9.4,A,0.3
14772,none,0,1.0,5.0,3.2,B,-100.0
14773,medium,4,15.0,5.0,8.9,D,5.2
14774,high,1,7.0,16.0,9.7,A,15.0
14775,high,3,9.0,5.0,8.3,A,-0.1
14776,high,1,8.0,8.0,8.6,A,8.2
14777,high,1,5.0,6.0,9.0,A,6.5
14778,none,5,4.0,3.0,9.4,A,4.5
14779,high,1,4.0,10.0,8.3,D,11.1
14780,high,1,5.0,40.0,9.4,A,15.0
14781,low,2,13.0,20.0,9.1,C,15.0
14782,high,3,12.0,3.0,9.2,C,0.4
14783,medium,0,7.0,1.0,3.5,C,-100.0
14784,medium,1,6.0,2.0,1.8,A,-100.0
14785,none,1,5.0,18.0,7.8,A,15.0
14786,medium,1,6.0,1.0,1.7,A,-100.0
14787,medium,0,17.0,4.0,8.6,A,1.6
14788,high,0,7.0,32.0,1.1,A,15.0
14789,low,0,15.0,8.0,6.5,A,-1.0
14790,high,2,7.0,4.0,9.3,A,3.6
14791,high,0,2.0,8.0,1.7,C,-100.0
14792,low,0,12.0,2.0,1.1,A,-100.0
14793,high,3,12.0,18.0,9.6,A,15.0
14794,medium,0,6.0,35.0,6.3,A,15.0
14795,high,0,6.0,8.0,1.8,C,-100.0
14796,high,3,10.0,10.0,3.4,A,-16.6
14797,high,2,30.0,13.0,8.5,B,15.0
14798,medium,1,3.0,1.0,8.8,A,-2.3
14799,medium,0,6.0,18.0,3.5,A,4.0
14800,high,1,4.0,14.0,2.6,A,-11.8
14801,low,1,5.0,30.0,1.8,A,15.0
14802,none,1,21.0,2.0,1.8,A,-100.0
14803,low,0,6.0,9.0,9.7,A,15.0
14804,high,0,13.0,10.0,1.3,A,-100.0
14805,none,1,9.0,9.0,7.7,A,7.6
14806,,1,3.0,21.0,5.4,D,15.0
14807,none,1,38.0,7.0,7.3,C,-1.7
14808,medium,1,26.0,3.0,9.8,B,5.1
14809,low,4,35.0,25.0,9.5,A,15.0
14810,,1,5.0,8.0,4.6,C,-11.1
14811,high,0,12.0,11.0,10.0,A,15.0
14812,none,1,11.0,12.0,3.1,B,-11.6
14813,none,2,2.0,6.0,8.3,A,5.2
14814,none,0,1.0,2.0,5.9,A,-16.1
14815,low,1,6.0,14.0,1.5,A,-15.1
14816,medium,0,20.0,18.0,6.7,A,15.0
14817,medium,1,10.0,8.0,9.1,A,13.4
14818,low,3,12.0,19.0,3.9,A,7.8
14819,high,3,13.0,3.0,10.0,C,4.7
14820,high,1,6.0,18.0,5.0,A,9.6
14821,high,0,3.0,14.0,9.7,C,15.0
14822,low,1,7.0,9.0,8.7,A,13.9
14823,medium,1,14.0,14.0,6.1,A,9.1
14824,low,2,6.0,8.0,5.4,A,-6.3
14825,medium,1,18.0,1.0,9.0,A,-2.7
14826,high,2,16.0,4.0,8.0,A,-4.4
14827,none,2,29.0,10.0,9.0,C,14.8
14828,high,0,15.0,10.0,2.3,C,-100.0
14829,low,1,2.0,1.0,4.2,D,-100.0
14830,none,2,11.0,7.0,5.0,B,-11.7
14831,medium,3,1.0,7.0,8.8,A,10.3
14832,low,2,3.0,8.0,4.9,A,-8.8
14833,low,1,16.0,32.0,9.9,C,15.0
14834,medium,1,35.0,8.0,9.4,B,12.5
14835,none,1,10.0,5.0,5.9,C,-10.8
14836,high,0,11.0,1.0,9.3,A,-2.9
14837,none,1,6.0,16.0,7.5,A,15.0
14838,medium,4,11.0,4.0,2.7,D,-100.0
14839,high,0,8.0,25.0,6.8,A,15.0
14840,none,1,17.0,12.0,5.7,A,2.1
14841,medium,2,8.0,21.0,4.3,A,14.4
14842,none,0,11.0,39.0,2.8,A,15.0
14843,high,3,12.0,16.0,1.3,C,-15.8
14844,none,0,14.0,13.0,4.9,B,0.2
14845,low,1,11.0,21.0,9.9,A,15.0
14846,high,0,9.0,0.0,6.7,A,-19.1
14847,medium,0,4.0,11.0,9.7,A,15.0
14848,none,3,13.0,4.0,8.2,C,-0.7
14849,medium,1,10.0,8.0,3.3,A,-18.5
14850,medium,0,7.0,19.0,3.8,A,7.7
14851,high,4,15.0,0.0,1.0,D,-100.0
14852,medium,1,6.0,6.0,1.9,A,-100.0
14853,high,2,6.0,1.0,3.9,A,-100.0
14854,medium,0,2.0,11.0,6.8,A,7.9
14855,medium,4,10.0,20.0,3.1,A,5.3
14856,high,1,7.0,18.0,4.1,C,4.5
14857,high,1,10.0,11.0,1.2,A,-100.0
14858,medium,4,3.0,1.0,5.0,A,-100.0
14859,medium,2,12.0,43.0,1.2,A,15.0
14860,low,2,12.0,18.0,8.3,A,15.0
14861,high,1,10.0,11.0,3.8,C,-12.1
14862,high,0,24.0,41.0,1.2,A,15.0
14863,none,3,13.0,2.0,6.3,A,-15.4
14864,medium,1,40.0,1.0,8.7,B,-6.6
14865,medium,0,7.0,9.0,3.8,A,-13.3
14866,medium,0,12.0,2.0,3.7,D,-100.0
14867,low,2,9.0,16.0,9.4,B,15.0
14868,low,2,0.0,1.0,5.0,A,-100.0
14869,none,4,5.0,6.0,5.8,C,-9.0
14870,high,1,6.0,8.0,2.7,A,-100.0
14871,high,2,22.0,27.0,3.8,A,15.0
14872,low,3,2.0,25.0,9.4,A,15.0
14873,medium,0,8.0,7.0,5.1,A,-10.5
14874,medium,0,17.0,1.0,6.7,B,-15.2
14875,low,1,17.0,15.0,2.1,A,-10.8
14876,low,0,6.0,8.0,9.8,B,15.0
14877,medium,5,4.0,0.0,3.1,C,-100.0
14878,high,1,3.0,10.0,3.0,A,-17.9
14879,high,0,6.0,4.0,5.8,D,-15.3
14880,low,2,17.0,17.0,5.2,A,10.4
14881,high,1,12.0,3.0,7.9,A,-6.6
14882,high,2,13.0,14.0,2.0,C,-16.1
14883,low,5,19.0,10.0,7.0,A,5.1
14884,low,0,28.0,4.0,7.9,A,-3.0
14885,high,0,28.0,1.0,8.7,A,-7.9
14886,none,0,8.0,3.0,1.8,A,-100.0
14887,high,0,13.0,1.0,3.3,A,-100.0
14888,none,0,17.0,8.0,5.7,A,-6.2
14889,high,3,23.0,21.0,9.8,C,15.0
14890,none,3,21.0,2.0,4.1,A,-100.0
14891,high,1,22.0,5.0,3.0,B,-100.0
14892,medium,1,4.0,22.0,8.5,C,15.0
14893,medium,1,14.0,8.0,8.1,A,7.4
14894,high,1,5.0,6.0,4.3,C,-19.4
14895,high,2,10.0,4.0,3.0,A,-100.0
14896,low,2,23.0,2.0,8.7,A,-2.5
14897,medium,2,27.0,31.0,2.3,A,15.0
14898,high,2,29.0,13.0,8.8,A,15.0
14899,medium,2,5.0,50.0,9.5,C,15.0
14900,medium,1,11.0,17.0,5.7,A,13.5
14901,none,0,15.0,1.0,5.1,A,-100.0
14902,high,0,9.0,5.0,7.0,A,-6.9
14903,low,2,3.0,13.0,3.7,A,-4.9
14904,high,3,23.0,30.0,2.1,A,15.0
14905,high,1,10.0,7.0,9.7,D,11.9
14906,low,3,12.0,12.0,6.7,D,8.5
14907,none,0,13.0,50.0,3.1,C,15.0
14908,low,0,4.0,4.0,6.0,C,-11.0
14909,medium,1,2.0,8.0,7.6,A,5.9
14910,high,0,34.0,9.0,8.6,A,7.8
14911,high,4,4.0,20.0,8.4,A,15.0
14912,low,3,18.0,17.0,3.3,C,-0.3
14913,high,1,4.0,9.0,1.9,A,-100.0
14914,medium,0,5.0,8.0,5.9,A,-3.7
14915,low,3,5.0,4.0,2.6,A,-100.0
14916,low,2,12.0,18.0,2.9,B,0.3
14917,medium,0,,2.0,7.7,C,
14918,high,2,19.0,0.0,3.3,D,-100.0
14919,low,1,12.0,5.0,3.3,A,-100.0
14920,,3,15.0,17.0,1.6,A,-9.9
14921,medium,4,6.0,22.0,3.9,A,14.2
14922,medium,3,22.0,3.0,9.6,A,4.2
14923,low,3,9.0,3.0,8.5,A,-0.2
14924,high,0,10.0,7.0,1.3,A,-100.0
14925,medium,2,4.0,14.0,6.0,A,9.4
14926,high,0,13.0,2.0,7.0,A,-13.6
14927,low,2,7.0,4.0,8.8,A,3.9
14928,none,0,18.0,23.0,7.7,A,15.0
14929,low,1,9.0,17.0,5.2,A,11.3
14930,high,0,17.0,17.0,8.5,A,15.0
14931,low,1,5.0,2.0,2.5,C,-100.0
14932,medium,4,4.0,20.0,8.2,A,15.0
14933,low,4,2.0,3.0,6.4,B,-11.1
14934,low,0,13.0,3.0,9.2,A,3.6
14935,high,1,10.0,9.0,9.1,A,12.8
14936,none,3,13.0,9.0,5.2,A,-6.7
14937,,1,2.0,30.0,,C,
14938,none,2,6.0,16.0,9.4,A,15.0
14939,high,3,38.0,8.0,9.4,C,9.4
14940,high,1,15.0,22.0,8.3,C,15.0
14941,medium,3,9.0,0.0,3.8,C,-100.0
14942,high,3,6.0,14.0,9.3,A,15.0
14943,low,2,6.0,22.0,3.7,A,13.7
14944,high,1,14.0,0.0,4.5,B,-100.0
14945,medium,1,14.0,4.0,4.6,B,-100.0
14946,low,1,27.0,5.0,5.8,C,-12.4
14947,high,2,2.0,11.0,1.3,A,-100.0
14948,low,0,4.0,0.0,9.7,A,0.9
14949,none,0,5.0,1.0,1.7,A,-100.0
14950,low,0,5.0,5.0,5.4,B,-12.3
14951,high,2,3.0,7.0,1.5,B,-100.0
14952,high,2,10.0,16.0,2.5,C,-8.9
14953,medium,3,8.0,17.0,3.2,C,-0.2
14954,high,0,1.0,14.0,6.1,B,7.8
14955,low,2,1.0,2.0,5.2,A,-19.5
14956,high,2,31.0,15.0,9.7,A,15.0
14957,low,2,7.0,1.0,9.4,C,0.9
14958,high,1,3.0,20.0,5.9,A,15.0
14959,medium,0,6.0,21.0,4.4,C,15.0
14960,none,1,2.0,10.0,,D,
14961,medium,2,7.0,6.0,4.1,A,-18.1
14962,none,4,15.0,43.0,1.9,A,15.0
14963,medium,2,11.0,14.0,5.0,B,3.2
14964,low,1,10.0,12.0,6.0,C,5.1
14965,high,2,16.0,7.0,6.4,D,-6.9
14966,high,1,18.0,20.0,3.0,A,1.6
14967,medium,0,10.0,50.0,5.3,A,15.0
14968,none,3,,5.0,10.0,C,
14969,low,2,14.0,8.0,1.8,A,-100.0
14970,medium,1,2.0,16.0,9.2,A,15.0
14971,low,2,12.0,25.0,9.6,A,15.0
14972,medium,1,13.0,5.0,3.5,A,-100.0
14973,low,3,6.0,2.0,8.8,C,-0.3
14974,medium,3,5.0,0.0,3.5,A,-100.0
14975,low,1,6.0,5.0,2.2,A,-100.0
14976,low,1,3.0,18.0,1.9,C,-4.2
14977,high,1,21.0,4.0,6.5,A,-13.1
14978,,5,7.0,6.0,6.5,A,-5.5
14979,low,1,26.0,6.0,2.6,A,-100.0
14980,medium,3,,7.0,7.0,C,
14981,high,1,4.0,11.0,1.4,C,-100.0
14982,,2,10.0,3.0,9.1,A,2.5
14983,low,1,2.0,7.0,9.0,B,11.9
14984,high,3,7.0,12.0,8.9,C,15.0
14985,none,3,,11.0,6.3,C,
14986,low,3,7.0,4.0,3.3,C,-100.0
14987,low,5,7.0,9.0,2.8,C,-18.9
14988,low,0,14.0,18.0,2.4,A,-2.4
14989,high,2,16.0,26.0,9.9,C,15.0
14990,medium,2,4.0,14.0,5.4,A,6.1
14991,none,1,19.0,23.0,2.7,A,8.5
14992,medium,1,3.0,2.0,3.3,A,-100.0
14993,medium,1,5.0,15.0,1.2,A,-14.9
14994,low,0,3.0,17.0,8.8,A,15.0
14995,high,3,7.0,18.0,6.1,A,15.0
14996,high,2,6.0,13.0,5.4,A,1.2
14997,high,0,17.0,25.0,4.5,A,15.0
14998,medium,2,6.0,25.0,8.8,C,15.0
14999,none,3,6.0,2.0,6.6,C,-13.0
15000,none,0,3.0,4.0,9.4,C,7.2
15001,high,1,4.0,26.0,7.7,A,15.0
15002,low,3,4.0,23.0,8.9,A,15.0
15003,high,0,10.0,14.0,9.4,A,15.0
15004,low,2,11.0,1.0,6.8,A,-13.8
15005,high,2,8.0,20.0,9.8,D,15.0
15006,low,1,6.0,1.0,9.0,A,-1.1
15007,medium,1,4.0,15.0,9.6,A,15.0
15008,none,0,5.0,7.0,2.5,A,-100.0
15009,medium,2,13.0,16.0,9.2,C,15.0
15010,medium,1,4.0,5.0,1.4,C,-100.0
15011,low,1,13.0,1.0,5.5,A,-100.0
15012,low,2,12.0,9.0,1.3,A,-100.0
15013,low,2,4.0,3.0,9.6,B,6.5
15014,medium,4,8.0,2.0,1.1,C,-100.0
15015,high,1,17.0,43.0,2.2,A,15.0
15016,none,0,2.0,4.0,1.1,A,-100.0
15017,medium,3,8.0,7.0,2.2,A,-100.0
15018,low,2,8.0,12.0,1.0,C,-100.0
15019,,1,13.0,0.0,2.7,A,-100.0
15020,high,2,24.0,33.0,1.1,C,15.0
15021,low,1,24.0,1.0,3.5,A,-100.0
15022,high,2,12.0,4.0,2.1,A,-100.0
15023,medium,2,18.0,35.0,8.4,A,15.0
15024,none,0,4.0,9.0,9.1,A,15.0
15025,none,2,11.0,1.0,1.1,A,-100.0
15026,low,1,9.0,6.0,8.8,A,8.0
15027,high,1,4.0,4.0,8.8,A,1.3
15028,,1,8.0,2.0,6.7,A,-12.5
15029,low,0,6.0,9.0,5.9,A,-1.3
15030,none,0,2.0,4.0,2.4,C,-100.0
15031,high,1,4.0,23.0,8.8,A,15.0
15032,none,1,13.0,4.0,8.5,A,1.1
15033,high,1,12.0,11.0,8.1,A,11.3
15034,none,3,2.0,23.0,9.4,A,15.0
15035,medium,5,23.0,3.0,6.5,A,-13.1
15036,high,0,6.0,3.0,1.1,B,-100.0
15037,medium,1,12.0,15.0,8.7,A,15.0
15038,none,2,5.0,2.0,1.8,A,-100.0
15039,high,0,21.0,0.0,5.0,A,-100.0
15040,low,0,6.0,50.0,7.6,B,15.0
15041,high,1,4.0,2.0,9.1,B,-1.3
15042,low,1,7.0,2.0,9.8,A,5.3
15043,low,1,24.0,6.0,3.4,A,-100.0
15044,,1,8.0,6.0,9.0,A,8.6
15045,medium,3,5.0,27.0,9.2,C,15.0
15046,medium,1,3.0,1.0,1.4,A,-100.0
15047,medium,3,11.0,15.0,8.9,A,15.0
15048,high,3,40.0,0.0,9.1,A,-9.3
15049,low,1,5.0,12.0,9.7,A,15.0
15050,medium,3,15.0,0.0,9.5,A,-1.9
15051,none,2,13.0,20.0,8.0,A,15.0
15052,medium,3,11.0,13.0,9.8,A,
15053,low,5,18.0,31.0,1.6,A,15.0
15054,high,3,6.0,25.0,3.4,C,15.0
15055,none,1,5.0,2.0,9.0,A,0.5
15056,medium,2,21.0,10.0,6.4,A,1.5
15057,high,0,6.0,17.0,7.5,A,15.0
15058,low,0,11.0,1.0,7.6,A,-9.2
15059,low,1,5.0,8.0,3.5,A,-16.6
15060,low,3,10.0,1.0,8.9,A,-2.3
15061,none,2,15.0,12.0,3.2,A,-11.5
15062,high,0,8.0,13.0,3.0,C,-12.0
15063,high,2,4.0,2.0,2.8,B,-100.0
15064,high,2,11.0,0.0,2.1,A,-100.0
15065,medium,1,11.0,6.0,9.3,A,10.1
15066,none,2,9.0,10.0,9.2,A,15.0
15067,low,2,4.0,3.0,2.1,A,-100.0
15068,low,2,5.0,0.0,8.5,B,-6.0
15069,low,0,11.0,45.0,7.7,A,15.0
15070,low,1,21.0,1.0,1.6,A,-100.0
15071,high,1,8.0,13.0,8.7,A,15.0
15072,high,3,6.0,1.0,2.7,C,-100.0
15073,medium,2,14.0,15.0,4.0,C,-0.5
15074,low,3,7.0,7.0,9.7,A,15.0
15075,medium,2,8.0,36.0,2.0,A,15.0
15076,high,0,7.0,3.0,8.7,A,-1.6
15077,none,1,32.0,0.0,5.9,C,-100.0
15078,none,2,10.0,7.0,8.9,A,9.8
15079,none,3,18.0,3.0,3.9,B,-100.0
15080,medium,1,10.0,7.0,8.1,C,5.7
15081,low,2,4.0,11.0,8.1,B,15.0
15082,high,1,8.0,7.0,9.7,A,12.1
15083,medium,4,20.0,2.0,2.6,C,-100.0
15084,none,3,5.0,11.0,7.8,A,12.6
15085,medium,3,6.0,7.0,9.1,A,11.4
15086,medium,2,0.0,20.0,5.9,A,15.0
15087,medium,5,11.0,5.0,7.9,C,-0.0
15088,low,0,2.0,0.0,6.7,A,-15.4
15089,low,0,16.0,17.0,6.2,A,15.0
15090,low,1,7.0,50.0,1.8,A,15.0
15091,high,0,15.0,3.0,9.8,A,3.7
15092,high,2,12.0,26.0,7.6,A,15.0
15093,low,1,6.0,11.0,9.3,A,15.0
15094,none,0,16.0,15.0,9.7,A,15.0
15095,none,3,4.0,23.0,4.9,A,15.0
15096,low,2,5.0,22.0,3.2,D,11.1
15097,high,1,2.0,9.0,2.3,A,-100.0
15098,low,1,5.0,4.0,3.2,D,-100.0
15099,high,0,7.0,29.0,8.3,A,15.0
15100,high,3,13.0,1.0,5.8,A,-100.0
15101,none,2,9.0,16.0,4.5,B,4.6
15102,high,0,3.0,16.0,7.2,C,15.0
15103,high,1,16.0,21.0,6.7,C,15.0
15104,high,0,4.0,50.0,8.8,A,15.0
15105,none,2,4.0,30.0,5.2,A,15.0
15106,high,2,9.0,14.0,9.0,A,15.0
15107,low,2,7.0,11.0,9.7,A,15.0
15108,medium,2,35.0,1.0,5.6,A,-100.0
15109,high,2,18.0,5.0,5.3,A,-17.4
15110,high,0,5.0,1.0,8.9,A,-4.5
15111,high,1,32.0,27.0,9.8,B,15.0
15112,high,3,4.0,23.0,8.5,C,15.0
15113,medium,2,9.0,10.0,1.3,A,-100.0
15114,medium,1,9.0,7.0,2.1,C,-100.0
15115,medium,2,12.0,23.0,8.5,C,15.0
15116,medium,4,7.0,31.0,2.9,A,15.0
15117,low,3,3.0,0.0,8.3,A,-7.0
15118,high,2,3.0,6.0,7.0,A,-4.4
15119,low,1,3.0,16.0,1.6,C,-10.0
15120,none,4,3.0,20.0,8.5,A,15.0
15121,low,2,6.0,1.0,8.9,A,-1.8
15122,low,2,11.0,6.0,3.5,B,-100.0
15123,high,1,15.0,11.0,4.1,A,-11.0
15124,none,2,9.0,2.0,9.3,D,1.6
15125,high,0,8.0,10.0,4.9,A,-7.9
15126,low,3,8.0,2.0,9.5,A,3.3
15127,medium,2,5.0,50.0,8.3,A,15.0
15128,high,2,13.0,11.0,6.2,A,0.7
15129,none,3,8.0,21.0,3.4,C,9.1
15130,low,0,14.0,0.0,9.1,A,-3.4
15131,low,1,3.0,6.0,2.5,A,-100.0
15132,medium,3,25.0,1.0,2.6,A,-100.0
15133,high,1,23.0,24.0,6.5,C,15.0
15134,low,5,29.0,34.0,1.7,A,15.0
15135,high,3,27.0,2.0,7.3,A,-13.7
15136,low,1,17.0,13.0,3.3,A,-8.4
15137,low,0,11.0,1.0,6.3,A,-16.4
15138,high,2,10.0,22.0,6.9,A,15.0
15139,high,0,7.0,4.0,1.4,A,-100.0
15140,high,2,12.0,19.0,9.6,C,15.0
15141,low,1,10.0,3.0,6.8,A,-9.4
15142,low,2,40.0,15.0,9.7,C,15.0
15143,medium,2,4.0,2.0,8.6,A,-1.5
15144,medium,0,3.0,2.0,2.8,A,-100.0
15145,high,2,1.0,13.0,7.3,D,12.1
15146,high,2,20.0,11.0,8.8,C,14.3
15147,low,2,21.0,21.0,1.5,A,-2.0
15148,medium,1,8.0,1.0,9.9,C,3.2
15149,high,1,13.0,7.0,9.6,A,11.1
15150,high,2,8.0,2.0,4.1,A,-100.0
15151,low,2,22.0,11.0,9.3,A,15.0
15152,low,2,22.0,35.0,3.1,A,15.0
15153,high,3,11.0,19.0,1.3,A,-9.4
15154,,0,4.0,6.0,8.6,C,6.9
15155,none,3,3.0,0.0,8.8,C,-4.8
15156,low,2,4.0,10.0,9.4,A,15.0
15157,low,1,8.0,7.0,9.9,A,15.0
15158,low,1,11.0,4.0,3.0,A,-100.0
15159,high,2,11.0,1.0,9.9,A,0.2
15160,high,2,8.0,1.0,7.5,A,-12.7
15161,medium,0,10.0,10.0,7.0,A,6.1
15162,none,2,3.0,14.0,8.7,C,15.0
15163,high,0,9.0,0.0,4.2,A,-100.0
15164,none,3,9.0,5.0,9.7,A,10.0
15165,medium,2,2.0,40.0,6.2,C,15.0
15166,high,0,7.0,2.0,9.4,A,0.2
15167,high,0,8.0,9.0,2.7,A,-100.0
15168,low,0,23.0,8.0,1.2,A,-100.0
15169,high,2,7.0,18.0,5.8,A,13.8
15170,none,1,9.0,42.0,8.1,A,15.0
15171,low,0,18.0,8.0,8.1,C,7.5
15172,medium,1,12.0,8.0,9.5,C,15.0
15173,low,0,9.0,3.0,8.8,B,1.8
15174,high,1,13.0,9.0,8.4,A,8.7
15175,none,0,5.0,0.0,6.0,C,-100.0
15176,medium,1,2.0,22.0,3.8,D,14.4
15177,none,4,10.0,1.0,4.5,B,-100.0
15178,low,4,20.0,31.0,8.8,C,15.0
15179,low,1,10.0,8.0,8.0,A,7.7
15180,low,0,9.0,8.0,3.6,D,-16.3
15181,medium,2,4.0,17.0,7.8,D,15.0
15182,medium,0,13.0,10.0,4.0,A,-10.7
15183,high,0,23.0,3.0,3.9,A,-100.0
15184,low,1,21.0,15.0,3.9,B,-1.3
15185,high,1,9.0,4.0,4.9,C,-100.0
15186,none,2,2.0,6.0,8.2,A,4.7
15187,medium,1,11.0,0.0,9.4,A,-1.9
15188,medium,2,4.0,8.0,9.9,A,15.0
15189,high,0,20.0,18.0,8.4,C,15.0
15190,none,5,5.0,28.0,9.5,A,15.0
15191,high,3,7.0,6.0,8.5,C,3.3
15192,medium,1,6.0,4.0,7.6,A,-2.9
15193,low,1,9.0,45.0,3.9,B,15.0
15194,high,2,2.0,4.0,9.2,B,3.6
15195,high,2,11.0,17.0,5.0,C,6.9
15196,medium,1,20.0,19.0,7.4,A,15.0
15197,none,2,8.0,5.0,9.1,A,6.9
15198,none,1,5.0,9.0,5.1,A,-6.3
15199,low,2,13.0,7.0,1.3,C,-100.0
15200,high,3,8.0,5.0,4.6,A,-100.0
15201,none,3,2.0,12.0,5.0,A,-0.4
15202,high,1,10.0,30.0,8.3,A,15.0
15203,low,0,8.0,12.0,5.8,A,4.3
15204,low,2,4.0,5.0,9.7,A,11.2
15205,low,2,3.0,18.0,1.4,B,-7.0
15206,low,1,1.0,15.0,5.3,C,8.4
15207,high,2,10.0,6.0,8.9,A,5.3
15208,high,1,14.0,25.0,8.2,A,15.0
15209,low,0,6.0,16.0,4.5,A,5.7
15210,high,2,2.0,5.0,8.9,A,4.0
15211,high,2,5.0,14.0,9.2,A,15.0
15212,none,0,24.0,1.0,2.8,A,-100.0
15213,low,1,4.0,36.0,9.3,A,15.0
15214,medium,1,3.0,4.0,1.4,A,-100.0
15215,low,1,5.0,15.0,8.9,A,15.0
15216,medium,2,14.0,5.0,4.6,A,-18.2
15217,medium,4,29.0,5.0,8.2,A,-0.1
15218,high,0,8.0,36.0,8.6,A,15.0
15219,high,2,5.0,1.0,7.1,A,-14.6
15220,none,2,12.0,9.0,9.1,A,14.9
15221,high,3,11.0,5.0,7.6,A,-4.1
15222,high,0,7.0,24.0,2.9,A,10.6
15223,medium,1,4.0,7.0,9.2,A,12.4
15224,high,2,8.0,2.0,8.6,A,-4.5
15225,high,1,9.0,18.0,8.3,B,15.0
15226,low,0,7.0,30.0,8.0,A,15.0
15227,medium,1,15.0,9.0,9.8,D,15.0
15228,medium,1,23.0,7.0,4.7,A,-14.3
15229,high,0,8.0,43.0,7.2,C,15.0
15230,high,0,4.0,9.0,8.9,A,12.4
15231,high,0,25.0,8.0,3.6,C,-100.0
15232,high,2,12.0,4.0,7.1,A,-9.0
15233,low,3,12.0,17.0,4.9,A,9.1
15234,low,0,8.0,2.0,9.9,A,5.8
15235,high,2,7.0,6.0,4.6,A,-18.0
15236,high,2,3.0,4.0,9.1,B,2.9
15237,none,4,14.0,2.0,9.1,C,-0.2
15238,medium,1,11.0,9.0,8.5,A,12.0
15239,low,0,4.0,4.0,8.6,A,3.3
15240,low,0,8.0,13.0,8.1,A,15.0
15241,high,1,13.0,1.0,8.5,B,-7.6
15242,low,2,2.0,9.0,8.2,A,11.6
15243,low,1,4.0,2.0,5.8,A,-16.4
15244,low,0,9.0,29.0,9.2,A,15.0
15245,low,0,5.0,5.0,3.2,A,-100.0
15246,medium,0,3.0,3.0,3.2,C,-100.0
15247,high,1,13.0,1.0,7.8,C,-11.4
15248,none,1,24.0,37.0,1.5,A,15.0
15249,high,0,7.0,3.0,9.3,A,1.7
15250,medium,2,4.0,18.0,4.8,C,11.2
15251,medium,2,16.0,17.0,2.1,C,-7.0
15252,high,3,3.0,3.0,8.6,A,-2.0
15253,medium,2,2.0,1.0,1.3,A,-100.0
15254,high,0,11.0,0.0,5.1,C,-100.0
15255,high,0,3.0,5.0,9.1,D,5.2
15256,high,0,4.0,5.0,10.0,C,10.1
15257,medium,0,19.0,4.0,8.1,A,
15258,none,3,6.0,1.0,6.6,A,-15.1
15259,none,0,7.0,2.0,8.1,A,-4.6
15260,medium,1,13.0,12.0,8.8,A,15.0
15261,medium,3,14.0,7.0,7.1,A,-0.4
15262,none,1,9.0,19.0,3.9,C,7.7
15263,medium,2,2.0,1.0,2.9,A,-100.0
15264,high,4,7.0,18.0,8.3,C,15.0
15265,none,0,3.0,17.0,9.4,A,15.0
15266,low,0,9.0,50.0,5.0,A,15.0
15267,low,1,24.0,14.0,9.6,A,15.0
15268,high,2,9.0,16.0,9.4,A,15.0
15269,medium,1,7.0,19.0,5.6,A,15.0
15270,low,0,5.0,35.0,1.5,A,15.0
15271,high,1,9.0,7.0,9.0,A,8.2
15272,high,2,7.0,18.0,5.8,A,13.8
15273,low,0,9.0,30.0,5.7,A,15.0
15274,low,0,10.0,0.0,9.6,A,-0.2
15275,medium,1,20.0,7.0,8.7,A,8.1
15276,high,1,16.0,2.0,9.9,A,1.9
15277,medium,1,12.0,2.0,8.1,B,-5.0
15278,medium,1,9.0,0.0,8.0,A,-9.4
15279,high,0,12.0,11.0,8.9,A,15.0
15280,none,1,5.0,5.0,9.3,A,8.4
15281,high,2,6.0,12.0,,D,
15282,high,3,5.0,4.0,8.4,B,-1.2
15283,low,1,6.0,6.0,8.5,A,6.6
15284,medium,3,6.0,1.0,8.9,A,-2.2
15285,low,1,14.0,4.0,1.2,A,-100.0
15286,none,4,2.0,21.0,9.0,A,15.0
15287,medium,2,8.0,5.0,9.3,A,8.2
15288,none,2,2.0,24.0,8.7,A,15.0
15289,low,1,1.0,5.0,9.4,B,10.0
15290,low,0,8.0,23.0,1.3,B,2.6
15291,low,2,4.0,2.0,9.5,A,3.8
15292,high,2,1.0,3.0,7.9,B,-5.6
15293,low,2,3.0,27.0,2.3,A,15.0
15294,low,4,23.0,23.0,9.8,D,15.0
15295,none,2,22.0,0.0,9.8,D,-1.1
15296,none,0,1.0,6.0,,A,
15297,low,1,16.0,14.0,9.6,A,15.0
15298,low,1,13.0,1.0,9.9,D,3.1
15299,none,0,1.0,19.0,7.4,A,15.0
15300,none,1,6.0,10.0,8.2,A,12.8
15301,high,0,12.0,3.0,8.1,A,-5.4
15302,medium,1,3.0,23.0,9.7,A,15.0
15303,low,0,2.0,1.0,1.3,A,-100.0
15304,low,1,32.0,7.0,9.3,C,10.5
15305,low,1,6.0,5.0,7.6,A,-0.4
15306,medium,6,10.0,25.0,8.9,A,15.0
15307,none,2,5.0,32.0,9.1,A,15.0
15308,medium,1,16.0,2.0,9.6,C,2.9
15309,high,0,29.0,9.0,4.6,C,-13.7
15310,high,1,8.0,6.0,5.1,A,-15.3
15311,high,4,8.0,39.0,8.7,A,15.0
15312,low,0,3.0,1.0,4.7,A,-100.0
15313,low,2,9.0,39.0,2.8,A,15.0
15314,high,2,8.0,40.0,10.0,A,15.0
15315,low,1,7.0,3.0,3.1,C,-100.0
15316,none,1,3.0,4.0,5.0,B,-17.1
15317,medium,2,7.0,2.0,3.3,A,-100.0
15318,high,1,2.0,1.0,9.6,A,-0.4
15319,low,2,5.0,14.0,1.8,B,-13.4
15320,high,1,11.0,0.0,9.7,C,-2.9
15321,high,2,23.0,15.0,6.2,B,8.1
15322,low,2,4.0,26.0,1.7,A,11.3
15323,medium,1,12.0,15.0,7.1,A,15.0
15324,medium,2,15.0,0.0,2.4,A,-100.0
15325,low,1,4.0,6.0,9.5,A,12.3
15326,none,1,3.0,6.0,5.6,A,-9.6
15327,none,1,10.0,23.0,8.4,A,15.0
15328,high,0,5.0,15.0,3.5,A,-4.8
15329,high,2,7.0,28.0,4.6,A,15.0
15330,high,2,10.0,28.0,2.3,B,15.0
15331,low,1,6.0,1.0,7.2,A,-11.0
15332,low,1,4.0,0.0,9.3,A,-1.4
15333,medium,1,9.0,44.0,1.4,A,15.0
15334,medium,2,11.0,5.0,5.0,C,-15.7
15335,medium,1,14.0,2.0,4.1,C,-100.0
15336,low,0,3.0,18.0,8.5,C,15.0
15337,low,2,15.0,7.0,8.6,C,8.3
15338,medium,3,16.0,41.0,4.5,A,15.0
15339,high,4,3.0,7.0,8.6,A,6.3
15340,high,1,5.0,1.0,8.3,A,-7.9
15341,low,1,2.0,22.0,9.4,A,15.0
15342,high,2,2.0,13.0,9.8,A,15.0
15343,none,1,4.0,28.0,8.6,C,15.0
15344,low,1,6.0,6.0,8.8,A,8.3
15345,medium,1,3.0,19.0,8.8,A,15.0
15346,low,1,12.0,18.0,5.3,A,13.6
15347,high,1,19.0,15.0,8.5,C,15.0
15348,low,1,14.0,2.0,9.8,C,4.6
15349,none,1,13.0,24.0,5.3,A,15.0
15350,high,1,6.0,16.0,9.4,A,15.0
15351,high,1,5.0,5.0,9.9,A,9.3
15352,high,2,22.0,3.0,7.1,A,-12.1
15353,high,3,9.0,5.0,9.3,B,5.4
15354,high,0,4.0,19.0,3.1,C,1.5
15355,high,1,9.0,3.0,8.1,A,-5.2
15356,high,0,10.0,0.0,8.0,A,-12.0
15357,high,2,4.0,40.0,5.3,C,15.0
15358,none,3,10.0,10.0,2.1,C,-100.0
15359,medium,1,15.0,47.0,9.7,C,15.0
15360,none,0,1.0,2.0,,A,
15361,none,2,4.0,2.0,8.1,C,-4.5
15362,medium,0,14.0,16.0,4.5,A,4.6
15363,none,1,2.0,6.0,9.3,A,10.8
15364,low,1,11.0,1.0,4.4,A,-100.0
15365,high,1,40.0,29.0,9.7,C,15.0
15366,low,4,12.0,6.0,6.6,A,-4.7
15367,low,1,1.0,12.0,5.4,C,2.7
15368,high,1,13.0,3.0,2.1,A,-100.0
15369,medium,0,24.0,26.0,5.9,A,15.0
15370,low,2,8.0,11.0,4.9,B,-3.0
15371,none,0,8.0,24.0,6.3,A,15.0
15372,medium,1,4.0,19.0,2.5,A,0.8
15373,high,2,13.0,34.0,10.0,A,15.0
15374,low,3,11.0,5.0,4.7,A,-17.1
15375,low,0,11.0,5.0,2.3,C,-100.0
15376,medium,0,6.0,13.0,8.4,C,15.0
15377,medium,2,3.0,12.0,6.0,A,5.3
15378,medium,1,7.0,12.0,3.9,A,-6.6
15379,high,2,9.0,6.0,7.7,C,-1.2
15380,high,2,2.0,11.0,3.5,A,-13.1
15381,none,1,5.0,22.0,8.6,D,15.0
15382,medium,3,7.0,8.0,6.6,C,-0.3
15383,none,4,0.0,6.0,9.5,A,11.8
15384,low,0,8.0,37.0,9.3,B,15.0
15385,low,1,2.0,5.0,9.5,A,10.4
15386,low,2,6.0,13.0,8.8,A,15.0
15387,high,2,30.0,9.0,9.0,A,10.2
15388,none,0,9.0,50.0,9.0,A,15.0
15389,high,1,9.0,12.0,6.7,A,6.0
15390,low,0,7.0,5.0,8.7,A,5.6
15391,medium,1,1.0,10.0,8.4,A,14.6
15392,low,1,14.0,3.0,4.6,C,-100.0
15393,low,2,31.0,7.0,2.1,B,-100.0
15394,medium,1,5.0,34.0,4.3,A,15.0
15395,none,2,10.0,4.0,2.5,D,-100.0
15396,none,1,7.0,19.0,1.8,C,-3.6
15397,medium,0,19.0,12.0,8.9,A,15.0
15398,low,4,21.0,22.0,6.3,A,15.0
15399,high,1,15.0,6.0,10.0,C,11.0
15400,none,4,7.0,12.0,8.5,A,15.0
15401,none,1,2.0,22.0,9.2,C,15.0
15402,high,2,8.0,9.0,8.2,D,8.0
15403,low,3,8.0,9.0,3.8,B,-13.3
15404,low,2,13.0,5.0,4.7,D,-17.2
15405,low,0,12.0,6.0,2.2,A,-100.0
15406,low,1,6.0,2.0,8.8,A,-0.1
15407,high,4,4.0,0.0,3.9,A,-100.0
15408,,3,6.0,16.0,3.3,A,-1.8
15409,none,0,8.0,4.0,5.4,D,-15.3
15410,low,3,18.0,25.0,3.3,A,15.0
15411,low,0,3.0,15.0,9.6,C,15.0
15412,high,1,1.0,1.0,4.8,A,-100.0
15413,high,2,19.0,18.0,9.3,C,15.0
15414,low,0,8.0,8.0,8.8,B,12.4
15415,none,1,5.0,23.0,4.5,A,15.0
15416,high,1,9.0,25.0,8.1,A,15.0
15417,high,1,10.0,26.0,8.2,B,15.0
15418,low,1,5.0,1.0,4.4,B,-100.0
15419,medium,1,11.0,5.0,3.7,C,-100.0
15420,none,2,21.0,21.0,8.5,A,15.0
15421,high,1,6.0,5.0,5.8,A,-13.3
15422,medium,0,23.0,17.0,9.3,A,15.0
15423,medium,0,20.0,7.0,9.7,A,13.7
15424,low,0,7.0,17.0,6.4,A,15.0
15425,low,2,7.0,18.0,5.5,A,15.0
15426,medium,2,7.0,1.0,9.1,C,-1.2
15427,high,1,11.0,29.0,2.1,B,15.0
15428,medium,2,9.0,31.0,3.7,C,15.0
15429,none,2,,6.0,8.5,C,
15430,medium,2,5.0,2.0,5.0,A,-100.0
15431,low,2,30.0,6.0,9.4,A,9.1
15432,none,1,10.0,5.0,5.4,A,-13.5
15433,low,2,9.0,9.0,8.6,C,13.1
15434,high,2,10.0,3.0,9.0,A,-0.4
15435,low,2,15.0,1.0,1.1,C,-100.0
15436,low,4,5.0,11.0,6.0,C,3.2
15437,high,3,15.0,3.0,6.3,A,-15.9
15438,low,0,11.0,13.0,8.7,A,15.0
15439,high,1,15.0,6.0,5.0,C,-16.5
15440,low,3,5.0,36.0,7.7,A,15.0
15441,none,2,4.0,1.0,8.9,D,-2.2
15442,high,2,12.0,16.0,9.0,A,15.0
15443,high,2,,1.0,5.1,C,
15444,low,1,20.0,24.0,3.6,A,15.0
15445,medium,2,8.0,9.0,8.3,A,11.2
15446,none,1,5.0,1.0,2.5,D,-100.0
15447,medium,2,2.0,2.0,7.0,A,-10.1
15448,low,1,6.0,12.0,8.9,A,15.0
15449,high,0,4.0,7.0,1.6,A,-100.0
15450,medium,1,20.0,2.0,3.0,A,-100.0
15451,low,0,9.0,10.0,9.4,B,15.0
15452,high,1,6.0,1.0,4.5,A,-100.0
15453,none,2,2.0,1.0,9.1,A,-0.9
15454,low,3,9.0,11.0,7.7,A,12.2
15455,high,1,8.0,24.0,9.1,B,15.0
15456,medium,1,6.0,5.0,9.4,A,9.1
15457,low,2,21.0,11.0,4.5,A,-6.5
15458,medium,3,14.0,10.0,4.6,A,-7.8
15459,low,1,7.0,2.0,4.2,A,-100.0
15460,high,0,16.0,10.0,6.0,A,-2.6
15461,medium,2,13.0,31.0,7.3,C,15.0
15462,low,1,14.0,1.0,4.6,A,-100.0
15463,medium,2,7.0,4.0,4.2,B,-100.0
15464,low,0,5.0,6.0,8.0,A,4.1
15465,high,1,28.0,1.0,1.1,A,-100.0
15466,high,5,3.0,13.0,9.0,C,15.0
15467,low,5,18.0,6.0,1.8,A,-100.0
15468,high,1,16.0,12.0,9.4,C,15.0
15469,medium,3,4.0,18.0,7.5,A,15.0
15470,high,3,14.0,16.0,5.2,A,5.5
15471,high,2,40.0,1.0,4.1,A,-100.0
15472,high,0,13.0,9.0,9.9,A,15.0
15473,high,3,3.0,20.0,1.2,A,-7.0
15474,high,2,17.0,2.0,7.2,A,-13.1
15475,medium,3,5.0,4.0,2.9,A,-100.0
15476,low,2,26.0,0.0,4.7,A,-100.0
15477,medium,0,7.0,4.0,4.8,C,-18.3
15478,none,1,5.0,33.0,8.1,D,15.0
15479,high,3,5.0,6.0,8.2,B,1.9
15480,high,2,10.0,4.0,8.3,C,-2.2
15481,high,2,7.0,4.0,8.4,A,-1.3
15482,high,6,7.0,7.0,8.9,C,7.3
15483,high,2,9.0,7.0,5.0,A,-13.9
15484,medium,2,3.0,35.0,3.7,C,15.0
15485,medium,1,15.0,13.0,7.3,A,13.4
15486,low,0,3.0,18.0,8.6,A,15.0
15487,none,1,4.0,4.0,6.3,A,-10.1
15488,low,2,9.0,18.0,5.7,A,15.0
15489,medium,0,8.0,1.0,4.0,A,-100.0
15490,low,5,13.0,26.0,8.4,B,15.0
15491,none,4,25.0,10.0,10.0,A,15.0
15492,medium,0,16.0,29.0,8.8,A,15.0
15493,none,1,11.0,4.0,6.0,A,-12.4
15494,high,1,9.0,4.0,8.7,A,0.2
15495,medium,0,6.0,10.0,7.9,D,11.5
15496,low,1,1.0,19.0,3.8,A,8.6
15497,medium,0,2.0,4.0,9.3,A,7.0
15498,low,0,17.0,3.0,9.7,B,5.9
15499,high,5,22.0,15.0,7.5,B,15.0
15500,none,1,6.0,5.0,9.7,A,10.5
15501,low,3,4.0,2.0,9.8,C,5.4
15502,low,3,8.0,9.0,9.9,A,15.0
15503,none,0,3.0,10.0,9.7,B,15.0
15504,low,1,10.0,22.0,9.5,A,15.0
15505,medium,2,11.0,8.0,6.9,D,1.0
15506,medium,2,17.0,3.0,1.0,A,-100.0
15507,medium,0,11.0,1.0,9.3,B,-0.2
15508,none,1,4.0,2.0,3.1,A,-100.0
15509,medium,0,1.0,1.0,9.4,A,1.3
15510,high,3,17.0,7.0,2.1,A,-100.0
15511,none,1,13.0,1.0,8.5,B,-5.2
15512,high,0,5.0,27.0,8.3,A,15.0
15513,medium,2,19.0,16.0,8.9,C,15.0
15514,none,2,15.0,20.0,9.2,A,15.0
15515,low,3,9.0,28.0,4.5,D,15.0
15516,low,4,22.0,6.0,8.5,B,4.7
15517,low,3,4.0,32.0,3.1,C,15.0
15518,medium,1,9.0,2.0,3.8,A,-100.0
15519,medium,3,10.0,9.0,5.9,C,-2.4
15520,low,0,5.0,12.0,2.3,A,-14.7
15521,none,4,10.0,9.0,8.8,A,13.3
15522,medium,0,24.0,4.0,9.4,A,5.3
15523,none,0,2.0,3.0,2.4,A,-100.0
15524,low,1,13.0,17.0,7.8,D,15.0
15525,none,0,6.0,5.0,5.2,A,-14.1
15526,low,0,11.0,7.0,9.5,A,13.8
15527,high,2,16.0,33.0,1.5,A,15.0
15528,low,0,3.0,15.0,3.9,A,0.6
15529,high,4,6.0,24.0,1.2,A,1.0
15530,high,1,7.0,2.0,7.7,C,-9.3
15531,none,1,14.0,3.0,3.1,A,-100.0
15532,high,0,5.0,5.0,9.1,C,5.0
15533,low,2,14.0,9.0,4.8,A,-8.3
15534,high,1,7.0,15.0,7.3,B,15.0
15535,none,2,5.0,33.0,9.0,A,15.0
15536,medium,0,18.0,17.0,3.6,A,1.3
15537,low,2,,1.0,7.2,C,
15538,none,1,7.0,18.0,6.2,B,15.0
15539,medium,0,20.0,0.0,7.4,C,-13.7
15540,medium,5,5.0,23.0,8.7,A,15.0
15541,low,3,3.0,5.0,7.0,A,-3.6
15542,low,4,10.0,12.0,8.9,B,15.0
15543,high,2,12.0,3.0,1.0,C,-100.0
15544,low,1,8.0,1.0,9.4,A,0.9
15545,low,2,14.0,2.0,10.0,A,5.6
15546,low,0,7.0,3.0,4.5,A,-100.0
15547,medium,2,6.0,5.0,1.7,A,-100.0
15548,low,1,7.0,16.0,7.2,A,15.0
15549,high,1,1.0,3.0,7.3,A,-8.8
15550,medium,0,6.0,15.0,9.5,A,15.0
15551,,3,3.0,5.0,3.1,B,-100.0
15552,medium,2,15.0,5.0,9.1,A,6.5
15553,high,3,2.0,10.0,8.5,A,12.2
15554,high,1,7.0,7.0,1.8,A,-100.0
15555,low,3,20.0,5.0,1.8,A,-100.0
15556,low,3,11.0,14.0,1.6,A,-15.2
15557,medium,3,19.0,13.0,7.6,A,14.5
15558,medium,1,14.0,6.0,8.8,A,7.1
15559,low,0,28.0,1.0,8.7,C,-4.9
15560,medium,0,11.0,0.0,1.9,A,-100.0
15561,medium,1,10.0,5.0,9.7,C,10.4
15562,,1,16.0,2.0,2.8,A,-100.0
15563,low,1,9.0,4.0,3.6,A,-100.0
15564,medium,1,5.0,2.0,8.4,A,-2.6
15565,high,3,8.0,45.0,5.4,A,15.0
15566,high,1,4.0,1.0,8.6,C,-6.1
15567,low,4,8.0,8.0,3.8,C,-15.5
15568,low,2,10.0,1.0,5.1,A,-100.0
15569,none,2,13.0,4.0,8.4,B,0.5
15570,low,1,7.0,13.0,1.2,A,-18.9
15571,medium,0,15.0,8.0,9.0,A,12.4
15572,medium,0,4.0,1.0,1.4,A,-100.0
15573,medium,2,7.0,18.0,8.4,B,15.0
15574,low,1,10.0,13.0,4.1,B,-3.3
15575,low,2,0.0,1.0,5.0,D,-100.0
15576,high,2,3.0,3.0,3.3,A,-100.0
15577,high,3,9.0,8.0,7.1,A,-0.4
15578,medium,1,17.0,7.0,4.2,A,-16.4
15579,medium,0,8.0,4.0,9.5,A,7.4
15580,medium,1,19.0,1.0,6.2,A,-18.2
15581,medium,0,3.0,11.0,9.9,A,15.0
15582,high,1,6.0,18.0,8.9,A,15.0
15583,low,1,17.0,21.0,8.9,B,15.0
15584,medium,4,6.0,21.0,3.6,A,10.5
15585,high,1,4.0,8.0,2.5,B,-100.0
15586,high,0,17.0,4.0,1.2,A,-100.0
15587,low,2,18.0,50.0,2.0,A,15.0
15588,high,0,12.0,13.0,10.0,A,15.0
15589,high,2,4.0,0.0,9.3,C,-4.5
15590,medium,1,9.0,0.0,1.6,A,-100.0
15591,low,2,17.0,17.0,7.6,D,15.0
15592,low,0,3.0,19.0,9.3,A,15.0
15593,medium,1,20.0,34.0,3.7,A,15.0
15594,low,1,3.0,16.0,9.6,A,15.0
15595,low,1,5.0,9.0,7.5,A,7.5
15596,low,1,4.0,27.0,4.1,A,15.0
15597,low,5,8.0,7.0,8.9,A,10.3
15598,high,2,6.0,12.0,3.2,C,-13.0
15599,high,1,6.0,5.0,9.6,A,7.6
15600,high,1,7.0,11.0,6.7,A,4.1
15601,high,2,8.0,3.0,4.4,A,-100.0
15602,low,0,6.0,19.0,3.7,A,7.6
15603,high,4,1.0,7.0,9.1,A,9.2
15604,low,5,5.0,2.0,8.2,A,-3.7
15605,low,2,10.0,19.0,3.5,A,5.9
15606,low,2,8.0,5.0,3.8,A,-100.0
15607,high,0,6.0,28.0,4.9,C,15.0
15608,medium,3,13.0,9.0,4.5,A,-10.4
15609,medium,3,10.0,18.0,2.3,A,-3.2
15610,,1,7.0,26.0,8.2,C,15.0
15611,none,2,6.0,5.0,5.3,A,-13.8
15612,none,2,11.0,23.0,3.9,A,15.0
15613,high,2,7.0,8.0,9.3,A,12.0
15614,high,3,15.0,7.0,2.2,B,-100.0
15615,medium,2,13.0,1.0,7.1,C,-12.8
15616,medium,0,11.0,11.0,7.8,D,12.5
15617,high,0,9.0,2.0,9.0,A,-2.2
15618,high,1,15.0,16.0,8.2,A,15.0
15619,none,1,7.0,19.0,2.5,B,0.2
15620,high,0,8.0,3.0,5.3,A,-100.0
15621,low,4,9.0,25.0,8.8,A,15.0
15622,medium,3,5.0,12.0,3.9,A,-6.5
15623,none,1,15.0,7.0,3.4,A,-100.0
15624,medium,2,7.0,3.0,8.0,B,-3.0
15625,none,0,28.0,5.0,6.5,C,-9.2
15626,low,2,15.0,11.0,6.4,C,4.6
15627,low,2,26.0,2.0,4.6,A,-100.0
15628,low,0,3.0,1.0,9.3,A,0.9
15629,medium,1,27.0,30.0,5.1,A,15.0
15630,medium,4,2.0,2.0,8.7,A,-1.0
15631,medium,0,18.0,15.0,3.3,C,-4.5
15632,high,1,2.0,24.0,8.1,C,15.0
15633,none,2,3.0,1.0,1.5,A,-100.0
15634,low,0,8.0,2.0,2.7,A,-100.0
15635,high,1,40.0,10.0,9.1,A,11.9
15636,high,1,16.0,41.0,6.8,A,15.0
15637,high,2,7.0,8.0,9.8,A,14.8
15638,high,1,7.0,29.0,9.7,A,15.0
15639,medium,1,9.0,18.0,9.2,A,15.0
15640,high,2,30.0,15.0,3.5,A,-7.5
15641,low,2,12.0,17.0,4.4,C,6.5
15642,medium,2,24.0,5.0,4.3,A,-100.0
15643,high,0,2.0,9.0,8.8,D,12.1
15644,low,1,13.0,9.0,5.5,A,-4.3
15645,high,2,8.0,8.0,6.3,C,-4.6
15646,medium,3,2.0,2.0,,C,
15647,high,0,4.0,9.0,3.1,B,-19.5
15648,low,0,13.0,4.0,6.0,B,-11.9
15649,none,0,21.0,1.0,5.2,A,-100.0
15650,high,3,5.0,2.0,9.9,A,2.8
15651,low,0,8.0,5.0,3.3,C,-100.0
15652,high,5,11.0,14.0,9.6,C,15.0
15653,high,0,5.0,2.0,9.4,A,0.4
15654,low,1,9.0,11.0,2.2,B,-17.8
15655,high,0,15.0,15.0,8.5,A,15.0
15656,low,2,3.0,0.0,4.6,B,-100.0
15657,medium,1,24.0,20.0,9.2,C,15.0
15658,low,2,16.0,36.0,5.3,A,15.0
15659,medium,1,15.0,9.0,1.0,A,-100.0
15660,low,2,4.0,9.0,4.4,C,-9.5
15661,low,0,15.0,4.0,3.7,A,-100.0
15662,none,1,23.0,2.0,8.3,A,-5.2
15663,medium,1,9.0,8.0,5.7,A,-5.3
15664,medium,2,17.0,8.0,7.8,C,5.4
15665,low,0,8.0,2.0,3.9,A,-100.0
15666,low,3,1.0,1.0,8.4,B,-4.1
15667,none,0,18.0,3.0,3.1,A,-100.0
15668,low,2,10.0,1.0,3.3,A,-100.0
15669,medium,0,11.0,16.0,6.0,A,13.1
15670,medium,0,1.0,45.0,1.0,A,15.0
15671,high,2,16.0,23.0,9.4,A,15.0
15672,high,2,11.0,2.0,2.1,A,-100.0
15673,high,3,3.0,3.0,3.1,A,-100.0
15674,medium,2,9.0,3.0,9.4,A,4.5
15675,none,2,8.0,4.0,3.9,C,-100.0
15676,none,6,4.0,31.0,7.8,A,15.0
15677,low,2,20.0,0.0,1.8,A,-100.0
15678,medium,1,1.0,6.0,9.5,D,12.3
15679,high,1,16.0,24.0,2.1,A,5.2
15680,medium,2,7.0,24.0,3.7,B,15.0
15681,medium,0,11.0,4.0,5.3,A,-16.0
15682,medium,1,10.0,21.0,3.9,A,12.1
15683,medium,1,9.0,0.0,3.6,A,-100.0
15684,,1,10.0,1.0,5.5,A,-100.0
15685,low,2,2.0,26.0,8.2,A,15.0
15686,low,3,14.0,3.0,8.4,D,-1.2
15687,medium,1,12.0,3.0,3.7,C,-100.0
15688,low,0,13.0,9.0,6.4,A,0.8
15689,high,1,13.0,7.0,8.9,A,7.2
15690,low,2,39.0,0.0,5.3,A,-100.0
15691,low,3,,2.0,8.4,C,
15692,low,1,8.0,2.0,7.2,A,-9.1
15693,high,2,23.0,16.0,6.8,A,13.5
15694,medium,0,3.0,13.0,7.7,A,15.0
15695,low,0,20.0,13.0,2.3,D,-14.1
15696,high,1,6.0,4.0,5.7,A,-16.0
15697,high,0,12.0,6.0,9.4,A,8.1
15698,medium,2,10.0,15.0,8.7,B,15.0
15699,low,1,15.0,12.0,4.2,C,-5.3
15700,high,2,11.0,7.0,10.0,A,13.4
15701,none,1,14.0,4.0,2.8,A,-100.0
15702,medium,3,11.0,5.0,5.5,A,-13.1
15703,none,3,7.0,19.0,9.6,A,15.0
15704,medium,1,4.0,20.0,8.4,A,15.0
15705,low,1,8.0,14.0,4.8,A,2.9
15706,high,1,4.0,0.0,5.4,A,-100.0
15707,low,1,16.0,0.0,8.3,A,-8.1
15708,high,3,6.0,12.0,6.9,B,7.2
15709,low,4,8.0,50.0,10.0,A,15.0
15710,low,3,19.0,4.0,9.5,B,6.4
15711,low,1,16.0,22.0,8.7,A,15.0
15712,medium,2,18.0,2.0,8.2,A,-5.1
15713,high,4,12.0,30.0,3.4,D,15.0
15714,high,1,11.0,12.0,8.0,A,13.0
15715,low,5,4.0,21.0,8.3,C,15.0
15716,low,1,26.0,4.0,6.0,C,-13.3
15717,low,2,6.0,5.0,7.7,A,0.0
15718,medium,0,15.0,7.0,9.6,B,13.6
15719,low,0,0.0,16.0,6.2,A,15.0
15720,none,3,4.0,13.0,6.9,A,11.9
15721,low,3,2.0,2.0,8.8,A,0.1
15722,medium,1,11.0,6.0,3.6,A,-100.0
15723,high,1,6.0,2.0,9.9,A,2.9
15724,low,1,6.0,24.0,10.0,A,15.0
15725,low,0,8.0,4.0,3.7,A,-100.0
15726,high,0,4.0,27.0,5.8,A,15.0
15727,low,1,10.0,2.0,9.5,A,3.3
15728,medium,3,17.0,6.0,8.3,A,3.8
15729,medium,1,24.0,0.0,5.8,C,-100.0
15730,none,1,22.0,17.0,8.3,A,15.0
15731,low,4,10.0,18.0,8.5,A,15.0
15732,none,1,15.0,2.0,9.4,A,1.7
15733,low,0,9.0,4.0,8.7,A,3.3
15734,low,3,3.0,7.0,7.4,C,2.8
15735,high,1,3.0,13.0,9.8,A,15.0
15736,low,3,8.0,17.0,1.3,B,-10.3
15737,none,4,7.0,5.0,8.3,A,2.4
15738,low,1,4.0,5.0,9.2,A,8.6
15739,high,1,3.0,1.0,5.7,C,-100.0
15740,high,3,3.0,4.0,9.1,A,2.8
15741,low,1,28.0,4.0,2.6,A,-100.0
15742,none,2,5.0,8.0,9.4,C,15.0
15743,low,3,18.0,3.0,9.1,A,2.2
15744,high,0,15.0,3.0,2.1,B,-100.0
15745,,2,15.0,2.0,9.5,A,2.1
15746,none,1,10.0,1.0,3.7,D,-100.0
15747,low,1,8.0,22.0,9.3,D,15.0
15748,high,3,10.0,11.0,9.3,A,15.0
15749,medium,3,7.0,7.0,1.2,A,-100.0
15750,medium,2,29.0,5.0,1.1,A,-100.0
15751,high,1,10.0,19.0,5.6,A,14.6
15752,none,1,10.0,6.0,9.7,A,12.2
15753,high,2,18.0,3.0,1.7,A,-100.0
15754,low,1,11.0,2.0,5.7,A,-17.7
15755,low,3,17.0,8.0,4.2,C,-14.1
15756,medium,1,3.0,14.0,9.4,A,15.0
15757,medium,1,14.0,7.0,9.0,B,10.3
15758,none,3,8.0,29.0,9.2,B,15.0
15759,medium,2,6.0,2.0,3.3,A,-100.0
15760,low,4,32.0,20.0,2.5,A,0.1
15761,low,3,17.0,0.0,6.3,A,-19.4
15762,high,2,10.0,24.0,7.3,A,15.0
15763,low,1,3.0,50.0,1.4,A,15.0
15764,high,0,4.0,12.0,8.0,A,13.8
15765,high,1,9.0,4.0,9.6,C,5.2
15766,low,1,24.0,23.0,3.1,B,10.8
15767,none,1,11.0,28.0,7.0,A,15.0
15768,low,1,4.0,11.0,6.6,A,6.9
15769,medium,1,4.0,7.0,8.7,C,9.6
15770,low,0,7.0,15.0,9.1,C,15.0
15771,low,3,1.0,12.0,7.6,A,14.6
15772,none,1,7.0,3.0,2.6,C,-100.0
15773,medium,3,6.0,6.0,3.8,A,-19.8
15774,low,1,9.0,1.0,9.8,B,3.0
15775,low,1,14.0,1.0,8.3,A,-5.8
15776,low,3,7.0,50.0,5.4,C,15.0
15777,low,1,1.0,3.0,1.1,A,-100.0
15778,low,2,13.0,5.0,9.0,C,6.5
15779,medium,1,7.0,6.0,5.3,A,-11.5
15780,,3,3.0,2.0,9.4,C,2.7
15781,low,4,20.0,21.0,9.5,A,15.0
15782,low,5,3.0,1.0,6.3,C,-16.1
15783,medium,4,13.0,10.0,5.7,A,-1.7
15784,medium,0,9.0,3.0,1.4,C,-100.0
15785,high,1,20.0,27.0,1.5,A,7.8
15786,low,3,3.0,40.0,3.7,A,15.0
15787,high,1,8.0,0.0,1.5,A,-100.0
15788,none,0,12.0,25.0,4.0,A,15.0
15789,low,1,3.0,15.0,9.2,A,15.0
15790,high,4,11.0,32.0,1.3,A,15.0
15791,low,0,19.0,1.0,9.5,A,0.4
15792,high,0,7.0,11.0,8.8,A,15.0
15793,high,2,10.0,40.0,9.3,A,15.0
15794,medium,4,20.0,4.0,8.9,A,2.6
15795,low,2,9.0,6.0,6.1,C,-7.0
15796,none,2,13.0,9.0,6.4,A,-0.0
15797,medium,1,16.0,7.0,3.9,B,-18.0
15798,high,1,7.0,12.0,7.7,C,11.7
15799,medium,0,17.0,4.0,2.0,A,-100.0
15800,medium,1,13.0,1.0,8.0,A,-7.7
15801,medium,2,6.0,17.0,8.2,A,15.0
15802,high,1,12.0,1.0,3.2,A,-100.0
15803,high,2,,4.0,3.4,C,
15804,low,0,2.0,0.0,6.4,B,-17.0
15805,low,0,3.0,7.0,2.8,D,-100.0
15806,high,1,12.0,3.0,8.7,A,-2.2
15807,none,2,14.0,11.0,6.7,A,5.7
15808,high,3,6.0,19.0,8.0,A,15.0
15809,none,1,7.0,3.0,8.6,A,0.2
15810,high,1,5.0,10.0,4.1,D,-12.1
15811,none,0,10.0,50.0,8.9,A,15.0
15812,low,3,7.0,3.0,9.0,A,2.8
15813,none,2,11.0,16.0,10.0,A,15.0
15814,high,1,10.0,17.0,7.5,A,15.0
15815,high,1,19.0,10.0,9.9,A,15.0
15816,medium,5,2.0,28.0,8.2,A,15.0
15817,low,2,9.0,10.0,6.2,B,2.0
15818,low,0,4.0,6.0,5.1,D,-11.8
15819,high,1,23.0,36.0,9.6,A,15.0
15820,medium,1,21.0,5.0,9.4,C,7.6
15821,medium,1,5.0,1.0,1.9,D,-100.0
15822,medium,3,4.0,10.0,7.0,A,6.4
15823,high,3,8.0,5.0,9.5,C,6.6
15824,low,2,4.0,16.0,5.8,B,12.9
15825,high,0,2.0,9.0,1.8,C,-100.0
15826,none,1,4.0,13.0,3.2,A,-8.2
15827,high,1,12.0,16.0,8.3,C,15.0
15828,low,2,14.0,5.0,3.0,A,-100.0
15829,high,4,18.0,1.0,7.0,A,-16.6
15830,medium,3,6.0,15.0,6.9,A,15.0
15831,low,1,31.0,3.0,8.8,A,-0.5
15832,none,2,4.0,2.0,1.4,A,-100.0
15833,high,0,5.0,3.0,7.3,A,-9.1
15834,low,2,13.0,30.0,7.9,A,15.0
15835,none,4,15.0,3.0,6.8,A,-10.8
15836,medium,1,2.0,13.0,8.8,B,15.0
15837,none,1,7.0,14.0,2.8,A,-8.6
15838,high,2,5.0,16.0,7.0,A,15.0
15839,medium,0,21.0,8.0,4.9,A,-10.7
15840,medium,3,10.0,13.0,1.1,A,-100.0
15841,low,2,13.0,7.0,6.1,C,-5.3
15842,none,1,1.0,10.0,9.7,A,15.0
15843,none,0,6.0,5.0,7.5,C,-1.5
15844,none,4,12.0,22.0,7.6,A,15.0
15845,low,0,5.0,1.0,6.9,A,-12.5
15846,high,3,3.0,9.0,1.4,A,-100.0
15847,medium,3,0.0,3.0,4.4,B,-100.0
15848,none,0,16.0,49.0,3.5,D,15.0
15849,medium,1,4.0,7.0,9.6,C,14.6
15850,low,0,27.0,1.0,3.5,A,-100.0
15851,high,2,19.0,3.0,5.4,B,-100.0
15852,medium,2,14.0,13.0,9.1,A,15.0
15853,low,0,7.0,0.0,3.8,D,-100.0
15854,,4,7.0,14.0,2.2,D,-12.2
15855,low,2,8.0,1.0,3.4,A,-100.0
15856,low,0,23.0,10.0,1.5,D,-100.0
15857,medium,3,7.0,14.0,9.8,D,15.0
15858,low,2,14.0,9.0,1.4,C,-100.0
15859,high,2,6.0,4.0,8.9,A,1.5
15860,medium,0,4.0,6.0,6.8,A,-2.8
15861,low,1,6.0,18.0,7.1,A,15.0
15862,low,1,8.0,6.0,9.6,A,12.5
15863,low,2,9.0,21.0,3.2,A,8.6
15864,medium,1,8.0,1.0,8.8,A,-2.8
15865,high,3,8.0,19.0,4.4,B,8.0
15866,medium,1,11.0,8.0,8.3,A,8.9
15867,low,1,28.0,6.0,3.0,A,-100.0
15868,high,2,9.0,13.0,4.8,A,-2.4
15869,low,3,6.0,11.0,7.4,A,10.9
15870,low,4,9.0,13.0,8.6,A,15.0
15871,none,1,23.0,39.0,9.7,A,15.0
15872,medium,2,24.0,13.0,4.5,A,-3.0
15873,low,2,4.0,12.0,1.2,C,-100.0
15874,medium,2,8.0,7.0,6.0,A,-5.7
15875,low,4,9.0,3.0,6.2,B,-12.9
15876,medium,0,14.0,13.0,8.3,A,15.0
15877,none,1,4.0,4.0,2.2,A,-100.0
15878,high,3,2.0,10.0,8.6,A,12.8
15879,high,1,13.0,4.0,9.9,A,6.4
15880,none,4,3.0,10.0,2.0,A,-100.0
15881,medium,6,6.0,13.0,7.1,A,12.7
15882,medium,3,4.0,8.0,8.4,A,9.9
15883,medium,4,1.0,19.0,,A,
15884,medium,1,22.0,35.0,9.6,A,15.0
15885,high,0,9.0,23.0,9.8,A,15.0
15886,high,1,10.0,9.0,9.6,C,15.0
15887,low,0,7.0,9.0,9.5,B,15.0
15888,high,1,8.0,1.0,6.3,C,-19.2
15889,medium,2,7.0,12.0,9.1,A,15.0
15890,high,2,8.0,27.0,2.4,C,13.9
15891,none,2,19.0,6.0,5.7,A,-10.8
15892,high,1,15.0,26.0,3.1,C,15.0
15893,high,2,12.0,16.0,4.5,A,1.9
15894,high,1,10.0,1.0,6.1,C,-100.0
15895,low,5,4.0,5.0,9.1,B,7.6
15896,high,1,7.0,14.0,1.4,C,-18.7
15897,high,0,3.0,3.0,1.2,A,-100.0
15898,high,1,11.0,2.0,9.2,D,-1.4
15899,none,0,23.0,1.0,4.3,A,-100.0
15900,low,0,2.0,16.0,9.7,B,15.0
15901,none,1,12.0,0.0,6.0,A,-100.0
15902,medium,2,15.0,2.0,8.2,A,-4.8
15903,high,2,4.0,6.0,4.4,A,-18.8
15904,high,4,28.0,0.0,3.9,A,-100.0
15905,medium,1,13.0,2.0,4.2,C,-100.0
15906,high,1,25.0,3.0,9.8,A,2.6
15907,medium,0,10.0,5.0,9.4,C,8.8
15908,low,2,6.0,10.0,2.6,A,-17.5
15909,medium,1,10.0,21.0,8.5,A,15.0
15910,high,2,7.0,25.0,7.0,A,15.0
15911,high,1,12.0,1.0,3.9,C,-100.0
15912,high,1,6.0,9.0,4.2,B,-13.7
15913,none,1,19.0,7.0,7.3,A,0.2
15914,medium,2,7.0,31.0,9.1,C,15.0
15915,medium,0,3.0,6.0,9.9,C,14.3
15916,low,1,7.0,9.0,8.5,A,12.8
15917,low,2,8.0,28.0,4.1,A,15.0
15918,low,2,8.0,1.0,9.7,C,2.4
15919,high,0,10.0,7.0,9.0,B,8.2
15920,low,0,6.0,9.0,5.1,B,-5.7
15921,low,1,2.0,17.0,1.5,A,-8.4
15922,low,1,15.0,9.0,1.6,A,-100.0
15923,high,2,9.0,14.0,8.9,A,15.0
15924,high,1,14.0,3.0,9.8,A,3.7
15925,low,2,8.0,8.0,7.7,C,6.1
15926,high,2,0.0,50.0,9.9,D,15.0
15927,medium,0,33.0,13.0,9.8,A,15.0
15928,none,0,5.0,24.0,6.4,A,15.0
15929,none,1,7.0,14.0,2.6,A,-9.7
15930,low,1,10.0,30.0,8.0,A,15.0
15931,low,1,8.0,1.0,4.8,C,-100.0
15932,low,0,2.0,1.0,6.1,C,-16.6
15933,high,0,2.0,16.0,5.7,A,9.7
15934,high,2,20.0,28.0,3.5,C,15.0
15935,low,3,2.0,27.0,3.4,B,15.0
15936,low,1,16.0,12.0,3.7,D,-8.2
15937,low,2,11.0,2.0,6.4,B,-13.9
15938,high,2,5.0,0.0,2.4,B,-100.0
15939,medium,2,19.0,38.0,9.2,A,15.0
15940,low,2,6.0,3.0,6.3,C,-11.9
15941,low,0,15.0,9.0,9.3,A,15.0
15942,high,1,12.0,31.0,5.9,A,15.0
15943,low,0,23.0,7.0,9.8,A,14.3
15944,high,0,,26.0,6.8,C,
15945,none,3,5.0,36.0,2.2,B,15.0
15946,low,3,4.0,5.0,9.1,A,7.8
15947,low,3,6.0,18.0,9.9,D,15.0
15948,none,0,16.0,4.0,8.2,A,-0.7
15949,high,3,6.0,11.0,9.4,A,15.0
15950,low,1,18.0,36.0,3.8,A,15.0
15951,none,1,17.0,23.0,7.3,A,15.0
15952,none,2,15.0,1.0,8.9,A,-3.3
15953,high,3,12.0,13.0,2.0,A,-18.2
15954,low,1,9.0,2.0,1.6,A,-100.0
15955,high,2,3.0,17.0,8.7,D,15.0
15956,high,1,6.0,7.0,9.5,B,11.2
15957,low,2,8.0,34.0,1.5,A,15.0
15958,low,0,8.0,6.0,6.5,A,-4.5
15959,high,0,5.0,18.0,5.0,A,9.8
15960,low,0,7.0,12.0,9.3,A,15.0
15961,medium,1,12.0,0.0,9.5,A,-1.5
15962,low,0,6.0,6.0,9.3,A,11.1
15963,none,0,26.0,10.0,7.4,D,6.5
15964,high,1,1.0,32.0,8.6,A,15.0
15965,medium,0,19.0,12.0,9.1,C,15.0
15966,high,1,4.0,10.0,8.6,A,12.8
15967,high,3,12.0,10.0,8.7,A,12.3
15968,low,1,10.0,37.0,7.6,A,15.0
15969,medium,2,9.0,27.0,,D,
15970,high,1,6.0,7.0,8.8,A,7.4
15971,high,1,4.0,17.0,8.2,A,15.0
15972,high,3,3.0,8.0,3.5,C,-19.6
15973,low,3,15.0,24.0,8.5,B,15.0
15974,medium,2,11.0,1.0,8.2,A,-6.5
15975,none,2,9.0,21.0,1.6,A,-0.8
15976,low,4,11.0,2.0,8.2,C,-4.2
15977,high,1,8.0,2.0,8.0,C,-7.7
15978,high,5,5.0,14.0,8.5,A,15.0
15979,high,2,25.0,7.0,8.4,A,3.2
15980,,2,,31.0,9.0,C,
15981,low,0,14.0,0.0,1.4,A,-100.0
15982,none,3,10.0,29.0,8.6,A,15.0
15983,none,2,15.0,4.0,9.8,A,8.0
15984,low,2,10.0,3.0,7.6,A,-5.1
15985,high,2,28.0,6.0,5.6,C,-14.6
15986,none,0,6.0,18.0,7.9,A,15.0
15987,none,2,2.0,32.0,6.6,D,15.0
15988,high,4,3.0,34.0,3.4,B,15.0
15989,low,3,9.0,1.0,8.4,C,-4.9
15990,,3,13.0,17.0,8.6,C,15.0
15991,low,1,14.0,5.0,8.7,A,4.8
15992,medium,1,8.0,3.0,1.2,B,-100.0
15993,low,2,2.0,20.0,7.1,A,15.0
15994,low,3,4.0,17.0,3.6,A,2.8
15995,low,0,9.0,7.0,4.2,A,-15.1
15996,high,1,10.0,1.0,9.9,B,0.4
15997,medium,2,4.0,4.0,5.1,A,-16.5
15998,low,1,9.0,3.0,2.1,C,-100.0
15999,low,1,17.0,1.0,7.1,A,-12.7
16000,low,4,,15.0,3.3,C,
16001,medium,1,13.0,6.0,9.9,A,13.2
16002,low,2,14.0,12.0,6.2,A,5.7
16003,low,2,7.0,7.0,5.3,A,-9.1
16004,low,0,18.0,0.0,5.1,C,-100.0
16005,medium,5,13.0,0.0,5.7,A,-100.0
16006,high,0,4.0,24.0,3.8,D,15.0
16007,low,1,7.0,2.0,1.6,A,-100.0
16008,high,0,16.0,6.0,2.0,C,-100.0
16009,low,3,4.0,1.0,9.2,A,-0.0
16010,low,1,26.0,17.0,7.1,D,15.0
16011,low,1,11.0,21.0,5.6,A,15.0
16012,none,2,8.0,18.0,2.0,A,-4.8
16013,high,0,6.0,5.0,7.2,A,-5.5
16014,low,1,6.0,23.0,3.4,A,14.3
16015,high,1,21.0,17.0,1.5,A,-13.3
16016,high,1,12.0,41.0,9.2,A,15.0
16017,high,2,4.0,1.0,6.0,C,-100.0
16018,none,1,9.0,11.0,3.3,A,-12.4
16019,none,3,12.0,17.0,4.2,A,4.7
16020,high,2,17.0,15.0,10.0,C,15.0
16021,low,2,12.0,31.0,1.7,A,15.0
16022,medium,1,4.0,4.0,9.7,C,8.8
16023,low,1,26.0,7.0,9.9,D,14.4
16024,low,0,8.0,27.0,8.3,A,15.0
16025,low,1,7.0,6.0,9.5,A,12.0
16026,low,5,6.0,19.0,1.2,C,-6.6
16027,none,1,3.0,1.0,3.5,C,-100.0
16028,medium,0,18.0,10.0,1.9,C,-100.0
16029,none,2,22.0,0.0,1.5,A,-100.0
16030,low,2,,5.0,8.9,C,
16031,low,1,7.0,30.0,6.3,D,15.0
16032,high,1,7.0,15.0,9.8,A,15.0
16033,none,2,5.0,5.0,5.2,A,-14.2
16034,high,1,5.0,4.0,8.6,A,0.1
16035,low,1,5.0,15.0,2.6,A,-6.8
16036,high,2,18.0,8.0,2.9,A,-100.0
16037,none,3,3.0,8.0,8.5,A,10.3
16038,,3,5.0,0.0,8.8,A,-5.0
16039,low,0,7.0,3.0,5.3,A,-17.3
16040,medium,2,14.0,9.0,9.9,A,15.0
16041,high,3,15.0,21.0,2.4,A,0.5
16042,medium,0,2.0,14.0,,C,
16043,low,1,19.0,26.0,3.9,A,15.0
16044,low,0,5.0,22.0,8.8,C,15.0
16045,medium,3,4.0,5.0,6.6,C,-6.3
16046,none,2,8.0,2.0,2.7,D,-100.0
16047,low,1,14.0,15.0,6.4,D,13.2
16048,medium,3,19.0,7.0,3.8,A,-19.0
16049,high,0,10.0,13.0,9.2,B,15.0
16050,high,2,8.0,17.0,8.5,A,15.0
16051,low,2,8.0,18.0,4.1,A,7.3
16052,none,3,6.0,35.0,6.1,A,15.0
16053,none,1,1.0,16.0,5.4,A,10.5
16054,medium,3,4.0,0.0,5.9,A,-100.0
16055,high,1,9.0,22.0,3.0,A,6.7
16056,medium,1,9.0,22.0,8.5,A,15.0
16057,medium,2,2.0,2.0,8.2,C,-3.5
16058,none,0,10.0,31.0,7.6,A,15.0
16059,low,4,40.0,6.0,3.5,A,-100.0
16060,high,3,19.0,21.0,4.7,C,12.7
16061,none,4,3.0,15.0,1.5,C,-13.6
16062,none,2,5.0,25.0,1.9,A,9.6
16063,low,1,7.0,15.0,3.4,A,-2.6
16064,high,2,3.0,11.0,8.9,C,15.0
16065,medium,1,4.0,1.0,8.2,A,-5.7
16066,medium,3,19.0,3.0,8.2,A,-3.2
16067,low,0,11.0,9.0,9.0,C,15.0
16068,medium,3,14.0,3.0,2.9,A,-100.0
16069,,3,7.0,22.0,7.3,A,15.0
16070,low,0,3.0,45.0,6.2,C,15.0
16071,low,2,6.0,9.0,8.9,A,15.0
16072,medium,1,18.0,9.0,5.4,B,-5.7
16073,high,2,4.0,17.0,3.6,A,-0.1
16074,high,1,4.0,8.0,6.6,A,-2.4
16075,low,0,1.0,18.0,3.9,B,7.1
16076,medium,1,10.0,10.0,7.9,C,11.0
16077,medium,2,3.0,3.0,2.8,A,-100.0
16078,none,0,24.0,18.0,8.6,A,15.0
16079,none,1,6.0,0.0,1.3,A,-100.0
16080,high,3,6.0,2.0,9.3,A,-0.6
16081,low,1,2.0,4.0,4.4,A,-19.7
16082,low,2,26.0,9.0,9.5,A,15.0
16083,high,0,17.0,1.0,1.6,A,-100.0
16084,low,0,15.0,4.0,8.9,C,3.8
16085,medium,4,11.0,9.0,8.9,C,13.9
16086,medium,1,6.0,15.0,8.6,D,15.0
16087,low,1,9.0,50.0,6.6,A,15.0
16088,high,1,16.0,10.0,9.9,A,15.0
16089,none,2,6.0,45.0,1.6,A,15.0
16090,none,2,11.0,1.0,8.5,A,-5.1
16091,medium,3,16.0,12.0,8.1,A,15.0
16092,medium,2,7.0,25.0,1.4,A,6.9
16093,none,2,40.0,10.0,9.8,C,15.0
16094,medium,1,7.0,50.0,3.9,A,15.0
16095,none,2,5.0,9.0,4.5,A,-9.7
16096,none,2,,8.0,6.2,C,
16097,none,0,9.0,5.0,8.0,A,1.0
16098,medium,2,5.0,32.0,1.9,C,15.0
16099,high,4,3.0,1.0,4.3,B,-100.0
16100,medium,3,10.0,7.0,5.7,C,-7.6
16101,medium,5,9.0,0.0,4.3,A,-100.0
16102,medium,1,13.0,6.0,4.9,C,-14.3
16103,,2,1.0,13.0,1.6,A,-16.8
16104,medium,1,9.0,8.0,3.5,A,-17.4
16105,high,2,7.0,20.0,9.7,A,15.0
16106,high,1,2.0,12.0,6.3,C,4.5
16107,low,3,4.0,8.0,8.4,C,10.3
16108,high,3,11.0,10.0,9.0,A,14.1
16109,high,0,1.0,6.0,1.9,A,-100.0
16110,none,1,17.0,26.0,5.0,A,15.0
16111,low,0,17.0,3.0,9.5,A,4.8
16112,none,3,16.0,27.0,2.3,A,14.8
16113,none,0,6.0,26.0,6.1,C,15.0
16114,medium,1,13.0,50.0,3.2,A,15.0
16115,low,3,11.0,1.0,3.5,A,-100.0
16116,low,2,1.0,8.0,2.1,C,-100.0
16117,none,0,3.0,7.0,4.9,A,-11.3
16118,,3,10.0,3.0,7.7,A,-5.3
16119,,0,16.0,2.0,2.0,A,-100.0
16120,medium,0,3.0,3.0,10.0,B,8.6
16121,high,0,18.0,44.0,5.7,A,15.0
16122,low,4,13.0,23.0,10.0,A,15.0
16123,medium,2,4.0,20.0,3.8,A,9.9
16124,high,1,14.0,35.0,7.9,A,15.0
16125,medium,2,4.0,9.0,8.2,C,11.0
16126,high,1,3.0,11.0,6.5,A,3.4
16127,high,4,15.0,14.0,9.9,B,15.0
16128,none,0,21.0,10.0,8.9,A,15.0
16129,low,3,18.0,31.0,4.8,A,15.0
16130,none,0,18.0,20.0,2.7,A,2.4
16131,medium,1,6.0,8.0,6.1,A,-2.7
16132,low,1,12.0,5.0,8.0,A,1.2
16133,high,3,1.0,39.0,4.8,A,15.0
16134,high,0,2.0,6.0,10.0,A,12.4
16135,low,4,6.0,8.0,9.2,C,14.4
16136,medium,2,17.0,4.0,8.3,C,-0.2
16137,low,2,40.0,3.0,6.1,A,-16.4
16138,medium,3,25.0,5.0,7.1,B,-5.6
16139,low,3,3.0,9.0,8.2,A,11.4
16140,high,1,17.0,21.0,4.6,A,12.6
16141,medium,3,10.0,2.0,3.6,A,-100.0
16142,medium,1,4.0,1.0,3.5,A,-100.0
16143,medium,2,19.0,5.0,8.5,A,2.8
16144,high,1,3.0,1.0,1.4,D,-100.0
16145,medium,1,19.0,15.0,1.3,C,-15.7
16146,low,1,25.0,13.0,6.9,A,10.6
16147,none,1,29.0,7.0,3.0,A,-100.0
16148,none,2,10.0,1.0,9.7,A,1.6
16149,high,1,6.0,0.0,8.9,D,-6.8
16150,high,0,26.0,3.0,8.2,A,-6.2
16151,high,1,10.0,14.0,8.6,C,15.0
16152,low,5,18.0,50.0,3.1,D,15.0
16153,high,0,18.0,6.0,4.5,A,-19.5
16154,high,1,4.0,15.0,7.6,A,15.0
16155,medium,1,4.0,27.0,2.4,A,15.0
16156,medium,2,11.0,41.0,1.0,B,15.0
16157,high,1,1.0,0.0,8.3,A,-9.6
16158,none,3,17.0,3.0,3.6,A,-100.0
16159,,3,16.0,25.0,8.1,A,15.0
16160,medium,1,9.0,6.0,3.8,A,-19.9
16161,none,2,27.0,2.0,4.7,A,-100.0
16162,medium,0,6.0,12.0,3.9,A,-6.3
16163,high,1,4.0,2.0,3.2,C,-100.0
16164,low,1,7.0,12.0,5.3,C,1.5
16165,medium,0,5.0,16.0,1.1,A,-13.3
16166,low,3,8.0,6.0,9.0,A,9.0
16167,high,1,29.0,2.0,3.4,B,-100.0
16168,medium,2,3.0,2.0,1.4,A,-100.0
16169,medium,3,7.0,23.0,6.3,A,15.0
16170,high,0,8.0,13.0,9.2,C,15.0
16171,low,2,12.0,2.0,8.7,A,-1.4
16172,high,2,16.0,4.0,1.2,A,-100.0
16173,low,2,5.0,5.0,3.6,A,-100.0
16174,low,1,11.0,22.0,8.6,A,15.0
16175,medium,1,10.0,8.0,8.3,A,9.0
16176,high,1,7.0,19.0,3.9,A,5.5
16177,high,2,15.0,13.0,3.3,A,-11.3
16178,low,1,7.0,6.0,4.4,A,-16.0
16179,low,3,8.0,1.0,8.4,A,-4.8
16180,high,2,8.0,3.0,1.5,C,-100.0
16181,none,1,17.0,27.0,7.1,A,15.0
16182,high,1,6.0,9.0,4.3,A,-13.2
16183,none,2,13.0,8.0,5.7,A,-6.0
16184,medium,0,4.0,13.0,5.4,A,4.2
16185,low,3,13.0,16.0,7.9,A,15.0
16186,none,4,11.0,2.0,5.9,A,-17.5
16187,high,0,9.0,9.0,5.2,A,-8.4
16188,low,4,4.0,13.0,7.6,C,15.0
16189,none,0,21.0,3.0,8.5,A,-1.7
16190,none,2,5.0,12.0,1.3,C,-100.0
16191,high,0,21.0,0.0,9.1,A,-7.1
16192,high,2,4.0,2.0,6.7,B,-14.6
16193,low,1,25.0,20.0,9.4,A,15.0
16194,low,1,10.0,1.0,4.5,B,-100.0
16195,none,3,,0.0,8.3,C,
16196,low,3,4.0,5.0,6.2,A,-8.1
16197,low,2,19.0,0.0,2.4,A,-100.0
16198,high,0,20.0,23.0,9.9,B,15.0
16199,none,1,7.0,18.0,4.3,A,8.0
16200,medium,0,7.0,49.0,1.9,A,15.0
16201,none,0,1.0,20.0,9.4,D,15.0
16202,medium,3,5.0,8.0,8.5,A,10.4
16203,medium,4,13.0,21.0,3.1,B,7.1
16204,low,0,2.0,5.0,3.9,C,-100.0
16205,low,2,7.0,3.0,7.2,A,-7.0
16206,low,1,6.0,0.0,8.9,A,-3.8
16207,medium,2,12.0,38.0,5.4,A,15.0
16208,high,1,1.0,6.0,7.4,B,-1.9
16209,none,2,12.0,7.0,9.1,A,10.7
16210,medium,2,9.0,49.0,6.8,A,15.0
16211,none,1,11.0,13.0,5.6,A,4.3
16212,none,1,2.0,23.0,3.0,A,11.9
16213,none,1,10.0,25.0,5.5,B,15.0
16214,high,1,10.0,5.0,6.5,B,-9.9
16215,high,0,17.0,22.0,8.3,A,15.0
16216,high,1,29.0,4.0,9.1,C,0.4
16217,high,0,10.0,8.0,7.5,A,2.0
16218,low,1,10.0,18.0,8.9,B,15.0
16219,high,3,15.0,14.0,8.7,A,15.0
16220,medium,3,3.0,0.0,1.3,A,-100.0
16221,high,0,14.0,2.0,2.2,B,-100.0
16222,low,0,26.0,9.0,7.3,A,4.4
16223,low,3,13.0,41.0,7.2,A,15.0
16224,high,0,6.0,5.0,7.9,C,-1.7
16225,low,3,17.0,17.0,2.4,B,-5.1
16226,low,3,5.0,7.0,9.9,A,15.0
16227,none,3,2.0,2.0,2.9,C,-100.0
16228,low,1,0.0,4.0,1.0,B,-100.0
16229,high,1,11.0,1.0,10.0,A,0.9
16230,medium,0,7.0,19.0,1.5,A,-5.0
16231,low,1,2.0,31.0,5.0,A,15.0
16232,medium,3,21.0,25.0,1.5,A,5.9
16233,high,2,6.0,2.0,3.7,A,-100.0
16234,medium,1,9.0,0.0,1.6,A,-100.0
16235,medium,1,11.0,6.0,7.9,A,2.5
16236,none,3,7.0,16.0,1.7,B,-10.7
16237,low,3,16.0,1.0,4.5,C,-100.0
16238,medium,1,11.0,2.0,5.4,A,-19.7
16239,medium,2,18.0,6.0,2.6,A,-100.0
16240,medium,4,10.0,16.0,7.1,A,15.0
16241,none,3,6.0,5.0,8.9,C,5.9
16242,medium,2,11.0,0.0,4.5,A,-100.0
16243,none,0,2.0,11.0,8.3,A,15.0
16244,none,3,12.0,4.0,2.8,B,-100.0
16245,low,2,2.0,1.0,7.2,C,-10.7
16246,low,1,9.0,14.0,9.3,A,15.0
16247,low,2,16.0,3.0,9.0,A,2.0
16248,low,2,7.0,5.0,4.4,C,-18.2
16249,high,1,32.0,0.0,6.6,A,-100.0
16250,high,2,7.0,9.0,9.3,A,14.1
16251,high,3,21.0,5.0,4.3,C,-100.0
16252,none,4,12.0,5.0,2.0,B,-100.0
16253,medium,1,9.0,6.0,2.7,C,-100.0
16254,high,2,19.0,15.0,5.1,D,2.4
16255,high,1,12.0,0.0,4.2,A,-100.0
16256,low,3,2.0,7.0,4.1,A,-15.3
16257,low,1,9.0,6.0,6.2,A,-6.3
16258,none,0,11.0,29.0,7.7,A,15.0
16259,high,0,1.0,8.0,6.7,B,-1.5
16260,,1,2.0,0.0,6.1,A,-19.4
16261,high,0,24.0,2.0,7.4,A,-12.5
16262,high,1,14.0,4.0,5.5,A,-17.9
16263,medium,3,8.0,4.0,9.3,A,6.0
16264,low,3,5.0,23.0,5.6,A,15.0
16265,high,1,17.0,5.0,6.0,A,-13.3
16266,none,1,15.0,12.0,1.3,A,-100.0
16267,medium,0,9.0,16.0,8.2,A,15.0
16268,none,3,16.0,22.0,1.9,A,2.1
16269,medium,0,11.0,10.0,4.7,C,-6.7
16270,high,0,7.0,9.0,9.3,A,14.3
16271,high,0,23.0,5.0,8.9,A,2.1
16272,medium,1,5.0,10.0,3.8,A,-11.1
16273,low,0,1.0,3.0,1.2,C,-100.0
16274,low,2,4.0,28.0,2.6,A,15.0
16275,high,0,12.0,2.0,8.6,A,-4.7
16276,low,2,7.0,0.0,1.5,B,-100.0
16277,high,1,13.0,3.0,1.6,A,-100.0
16278,high,0,23.0,20.0,1.1,D,-9.3
16279,high,1,5.0,32.0,9.2,A,15.0
16280,high,3,7.0,22.0,3.1,A,7.2
16281,high,0,10.0,4.0,9.2,B,3.0
16282,low,2,3.0,11.0,2.5,B,-15.7
16283,low,2,10.0,17.0,5.6,A,13.3
16284,medium,0,5.0,7.0,5.5,A,-8.0
16285,low,2,29.0,9.0,5.2,A,-7.6
16286,low,0,23.0,17.0,9.7,A,15.0
16287,high,1,6.0,1.0,8.8,A,-5.2
16288,low,1,6.0,4.0,1.7,A,-100.0
16289,low,2,2.0,4.0,9.6,C,8.8
16290,low,1,8.0,2.0,3.7,D,-100.0
16291,none,2,5.0,19.0,6.9,A,15.0
16292,high,3,10.0,2.0,4.1,A,-100.0
16293,medium,2,17.0,14.0,2.3,B,-12.2
16294,high,1,2.0,21.0,5.2,A,15.0
16295,low,2,3.0,22.0,1.4,A,1.4
16296,high,3,2.0,3.0,3.4,C,-100.0
16297,none,0,9.0,22.0,4.1,A,15.0
16298,low,2,2.0,2.0,3.4,C,-100.0
16299,none,3,15.0,8.0,2.4,D,-100.0
16300,none,0,6.0,2.0,5.3,A,-19.9
16301,high,1,15.0,14.0,7.7,C,15.0
16302,high,0,3.0,7.0,8.7,A,7.2
16303,low,0,16.0,0.0,2.0,A,-100.0
16304,none,1,7.0,6.0,8.2,B,4.3
16305,medium,2,22.0,11.0,1.8,C,-100.0
16306,medium,4,5.0,14.0,7.8,A,15.0
16307,low,1,24.0,4.0,4.1,A,-100.0
16308,medium,2,15.0,3.0,9.4,A,3.9
16309,none,0,5.0,2.0,8.5,A,-2.2
16310,medium,1,18.0,13.0,3.5,A,-7.7
16311,medium,0,8.0,13.0,6.5,A,9.8
16312,high,0,7.0,4.0,3.6,A,-100.0
16313,high,0,5.0,8.0,8.9,B,10.2
16314,low,3,18.0,5.0,4.4,C,-19.4
16315,high,3,15.0,5.0,5.7,A,-15.0
16316,high,1,4.0,33.0,7.9,A,15.0
16317,low,3,6.0,1.0,7.2,B,-11.2
16318,low,1,14.0,2.0,9.3,A,1.8
16319,low,1,5.0,18.0,8.5,A,15.0
16320,medium,1,7.0,11.0,9.9,C,15.0
16321,high,2,3.0,17.0,3.0,C,-3.3
16322,high,2,2.0,4.0,1.8,A,-100.0
16323,medium,1,8.0,3.0,1.8,C,-100.0
16324,high,3,7.0,7.0,7.1,A,-2.3
16325,medium,0,1.0,7.0,5.9,A,-5.3
16326,medium,1,6.0,3.0,5.9,C,-14.4
16327,high,1,4.0,16.0,4.7,A,3.9
16328,low,3,3.0,14.0,2.1,A,-11.7
16329,high,3,8.0,1.0,1.9,A,-100.0
16330,high,1,23.0,20.0,5.7,A,15.0
16331,low,0,4.0,24.0,8.9,A,15.0
16332,high,3,4.0,17.0,9.4,C,15.0
16333,medium,3,10.0,12.0,5.7,A,2.9
16334,,0,6.0,19.0,8.3,B,15.0
16335,high,2,15.0,1.0,1.3,A,-100.0
16336,high,0,17.0,29.0,7.7,A,15.0
16337,none,3,5.0,49.0,9.4,A,15.0
16338,high,1,9.0,50.0,1.5,A,15.0
16339,low,0,9.0,21.0,9.7,B,15.0
16340,low,1,10.0,3.0,8.8,A,1.6
16341,medium,3,1.0,1.0,9.2,B,-0.1
16342,low,1,3.0,2.0,9.9,A,6.2
16343,high,2,22.0,1.0,8.4,A,-9.1
16344,high,1,24.0,2.0,9.7,A,0.0
16345,low,1,10.0,5.0,6.3,A,-8.0
16346,low,0,21.0,4.0,8.8,A,2.7
16347,low,1,4.0,8.0,6.1,A,-2.2
16348,low,2,12.0,6.0,2.6,C,-100.0
16349,medium,1,27.0,23.0,8.5,A,15.0
16350,low,4,17.0,20.0,9.8,C,15.0
16351,none,0,9.0,12.0,7.2,A,11.3
16352,low,3,17.0,9.0,3.9,A,-13.7
16353,high,0,27.0,12.0,5.4,A,-2.8
16354,low,1,17.0,12.0,1.2,D,-100.0
16355,low,0,27.0,2.0,7.9,B,-7.1
16356,high,0,22.0,23.0,4.5,B,15.0
16357,medium,2,19.0,4.0,3.7,A,-100.0
16358,medium,1,10.0,11.0,2.3,A,-17.7
16359,low,1,3.0,5.0,3.6,C,-100.0
16360,low,0,13.0,4.0,8.5,C,1.8
16361,low,0,9.0,21.0,8.8,A,15.0
16362,high,3,19.0,34.0,8.0,A,15.0
16363,low,0,15.0,1.0,2.3,A,-100.0
16364,high,0,1.0,7.0,9.1,A,9.6
16365,high,0,12.0,2.0,5.6,A,-100.0
16366,low,2,9.0,7.0,8.2,C,6.7
16367,medium,0,3.0,9.0,1.5,A,-100.0
16368,high,1,10.0,27.0,2.9,C,15.0
16369,low,0,23.0,5.0,6.6,A,-7.5
16370,low,0,28.0,7.0,8.9,C,8.8
16371,low,1,5.0,9.0,8.2,A,11.4
16372,low,1,10.0,0.0,8.2,C,-8.0
16373,none,1,9.0,13.0,8.9,B,15.0
16374,medium,0,7.0,5.0,1.5,A,-100.0
16375,low,0,9.0,43.0,8.6,A,15.0
16376,low,3,11.0,9.0,9.0,A,15.0
16377,high,3,4.0,22.0,1.8,D,0.4
16378,high,1,6.0,4.0,8.9,A,1.6
16379,high,0,4.0,0.0,5.5,D,-100.0
16380,none,2,5.0,7.0,9.8,A,15.0
16381,medium,4,6.0,19.0,5.7,A,15.0
16382,medium,2,3.0,17.0,6.5,A,15.0
16383,medium,1,8.0,3.0,8.3,A,-1.4
16384,low,2,7.0,25.0,1.8,A,9.5
16385,medium,1,6.0,26.0,9.5,A,15.0
16386,high,1,10.0,4.0,7.5,C,-6.5
16387,,1,13.0,1.0,3.3,C,-100.0
16388,none,1,7.0,31.0,9.0,A,15.0
16389,high,1,4.0,4.0,9.8,A,6.8
16390,none,2,1.0,6.0,6.2,A,-6.2
16391,medium,0,9.0,18.0,8.7,C,15.0
16392,low,1,8.0,15.0,9.7,C,15.0
16393,none,2,3.0,1.0,1.7,B,-100.0
16394,high,1,4.0,4.0,3.9,A,-100.0
16395,high,0,10.0,19.0,1.1,A,-10.1
16396,high,2,6.0,2.0,6.0,C,-18.6
16397,medium,4,6.0,11.0,9.7,A,15.0
16398,low,0,10.0,46.0,4.9,A,15.0
16399,low,3,8.0,6.0,8.5,A,6.2
16400,medium,0,15.0,4.0,8.3,A,0.2
16401,medium,3,7.0,15.0,6.4,C,13.3
16402,low,1,8.0,7.0,8.1,A,6.3
16403,low,0,7.0,35.0,8.7,D,15.0
16404,medium,1,5.0,40.0,9.9,B,15.0
16405,medium,4,4.0,37.0,7.0,A,15.0
16406,medium,1,12.0,32.0,8.2,A,15.0
16407,none,1,9.0,25.0,3.5,D,15.0
16408,none,2,9.0,12.0,7.9,A,14.9
16409,medium,1,12.0,5.0,1.3,B,-100.0
16410,medium,2,4.0,28.0,9.6,A,15.0
16411,high,2,10.0,29.0,8.1,A,15.0
16412,low,3,7.0,15.0,8.6,A,15.0
16413,low,3,4.0,19.0,8.5,C,15.0
16414,none,2,16.0,15.0,8.3,C,15.0
16415,high,2,8.0,7.0,6.1,B,-7.8
16416,low,1,25.0,3.0,8.3,C,-2.7
16417,low,1,12.0,1.0,2.6,A,-100.0
16418,high,1,11.0,16.0,8.2,A,15.0
16419,medium,0,4.0,9.0,3.1,B,-16.9
16420,low,1,13.0,11.0,6.1,B,3.2
16421,medium,1,7.0,7.0,8.2,A,6.6
16422,high,2,18.0,5.0,7.7,A,-4.2
16423,none,0,7.0,4.0,8.6,A,2.4
16424,none,1,9.0,17.0,6.4,B,15.0
16425,medium,1,13.0,9.0,7.5,A,6.4
16426,low,3,3.0,13.0,2.3,C,-12.7
16427,medium,3,6.0,21.0,10.0,A,15.0
16428,,2,5.0,5.0,2.9,D,-100.0
16429,medium,3,4.0,6.0,2.5,A,-100.0
16430,medium,3,8.0,50.0,2.0,C,15.0
16431,low,1,14.0,38.0,10.0,A,15.0
16432,medium,0,2.0,10.0,4.1,A,-9.0
16433,low,3,5.0,0.0,6.2,A,-18.7
16434,low,1,2.0,21.0,8.0,C,15.0
16435,none,3,2.0,25.0,9.0,A,15.0
16436,high,1,10.0,20.0,8.4,A,15.0
16437,medium,2,6.0,26.0,5.1,A,15.0
16438,medium,0,10.0,1.0,5.8,B,-19.4
16439,medium,1,9.0,8.0,6.2,C,-2.5
16440,medium,1,10.0,15.0,9.3,A,15.0
16441,high,3,9.0,2.0,9.6,A,0.8
16442,none,1,13.0,18.0,3.5,A,3.0
16443,low,3,8.0,3.0,6.0,A,-13.8
16444,high,0,3.0,5.0,6.0,A,-11.8
16445,high,0,4.0,6.0,9.3,A,8.3
16446,high,2,17.0,1.0,5.1,A,-100.0
16447,medium,4,10.0,4.0,9.6,A,7.4
16448,high,0,2.0,49.0,8.0,C,15.0
16449,low,2,11.0,34.0,6.9,A,15.0
16450,high,0,15.0,6.0,9.2,B,6.7
16451,medium,1,21.0,7.0,8.3,A,5.7
16452,high,1,1.0,20.0,8.5,C,15.0
16453,high,0,10.0,14.0,3.9,A,-5.2
16454,low,2,7.0,11.0,5.7,A,1.5
16455,medium,2,12.0,20.0,9.0,A,15.0
16456,high,0,6.0,3.0,5.1,A,-100.0
16457,high,0,5.0,8.0,5.7,A,-7.4
16458,low,2,14.0,1.0,8.5,A,-4.8
16459,medium,1,5.0,2.0,5.2,A,-100.0
16460,medium,1,4.0,16.0,9.1,B,15.0
16461,medium,0,28.0,9.0,9.6,B,15.0
16462,low,0,22.0,10.0,9.7,C,15.0
16463,high,1,15.0,10.0,9.0,D,13.9
16464,high,2,2.0,22.0,8.7,A,15.0
16465,high,2,8.0,10.0,2.9,A,-19.1
16466,medium,1,5.0,24.0,9.7,A,15.0
16467,low,1,5.0,8.0,1.5,A,-100.0
16468,low,1,27.0,15.0,2.5,A,-9.6
16469,high,1,19.0,4.0,9.4,A,3.1
16470,low,1,15.0,8.0,2.6,C,-100.0
16471,medium,0,1.0,18.0,6.6,A,15.0
16472,medium,2,2.0,0.0,2.7,A,-100.0
16473,none,0,6.0,7.0,8.6,A,8.8
16474,none,1,6.0,0.0,1.5,C,-100.0
16475,low,5,9.0,3.0,9.0,A,2.4
16476,medium,2,20.0,20.0,8.6,B,15.0
16477,low,1,17.0,32.0,8.8,C,15.0
16478,,0,15.0,18.0,1.1,A,-10.3
16479,high,1,6.0,12.0,1.7,B,-100.0
16480,high,2,13.0,3.0,8.1,A,-5.7
16481,high,0,12.0,21.0,7.1,A,15.0
16482,none,2,14.0,4.0,8.4,A,0.4
16483,low,2,6.0,2.0,9.9,C,5.8
16484,low,2,10.0,17.0,3.2,A,0.1
16485,medium,3,23.0,11.0,6.8,A,5.5
16486,low,0,4.0,9.0,2.5,A,-19.8
16487,medium,0,7.0,17.0,7.9,A,15.0
16488,low,2,3.0,14.0,8.7,A,15.0
16489,high,1,12.0,7.0,6.0,B,-8.6
16490,low,1,10.0,5.0,9.8,B,11.3
16491,medium,2,9.0,1.0,4.6,C,-100.0
16492,medium,1,13.0,0.0,9.3,A,-2.7
16493,high,3,,5.0,6.2,C,
16494,high,1,9.0,7.0,3.1,A,-100.0
16495,low,3,6.0,3.0,6.2,A,-12.5
16496,high,0,9.0,3.0,9.0,B,-0.1
16497,,0,9.0,17.0,4.2,D,5.3
16498,high,5,24.0,25.0,2.2,A,6.7
16499,medium,0,20.0,21.0,9.5,A,15.0
16500,medium,2,8.0,6.0,5.0,A,-13.3
16501,medium,1,10.0,5.0,9.5,B,9.2
16502,medium,2,8.0,3.0,8.7,A,0.7
16503,low,1,,3.0,1.5,C,
16504,medium,0,14.0,14.0,3.6,C,-4.6
16505,medium,3,3.0,2.0,9.4,A,2.9
16506,high,2,9.0,20.0,2.1,C,-2.6
16507,none,0,,15.0,8.5,C,
16508,medium,2,15.0,20.0,9.4,B,15.0
16509,high,0,5.0,18.0,9.5,A,15.0
16510,high,1,12.0,5.0,8.2,A,-0.7
16511,none,5,12.0,2.0,3.1,A,-100.0
16512,low,0,3.0,7.0,9.0,D,11.9
16513,medium,1,5.0,27.0,1.7,A,13.1
16514,high,2,15.0,0.0,3.8,B,-100.0
16515,medium,2,8.0,8.0,1.0,C,-100.0
16516,low,3,15.0,1.0,9.0,A,-2.2
16517,low,0,14.0,1.0,6.1,D,-17.8
16518,medium,3,1.0,12.0,4.4,C,-3.4
16519,high,1,8.0,28.0,2.5,A,15.0
16520,high,1,17.0,27.0,1.0,A,5.4
16521,medium,1,19.0,15.0,2.3,A,-10.3
16522,none,0,15.0,7.0,8.4,A,6.8
16523,low,1,2.0,27.0,1.6,B,13.2
16524,high,1,9.0,8.0,3.3,A,-100.0
16525,high,0,34.0,6.0,7.8,A,-2.9
16526,high,1,5.0,5.0,7.9,A,-1.7
16527,high,0,7.0,8.0,7.0,A,-0.4
16528,medium,0,14.0,5.0,8.1,A,1.2
16529,high,2,6.0,2.0,2.6,A,-100.0
16530,none,1,4.0,8.0,2.7,A,-100.0
16531,high,0,19.0,6.0,4.6,C,-19.0
16532,low,2,17.0,17.0,3.2,A,-0.6
16533,low,1,4.0,15.0,6.3,A,13.6
16534,medium,2,15.0,20.0,6.5,A,15.0
16535,none,0,7.0,25.0,6.1,A,15.0
16536,low,2,13.0,50.0,1.4,C,15.0
16537,high,3,12.0,7.0,2.7,C,-100.0
16538,low,1,16.0,19.0,9.9,A,15.0
16539,high,1,10.0,17.0,8.1,A,15.0
16540,low,3,,3.0,9.1,C,
16541,medium,0,8.0,29.0,3.5,A,15.0
16542,low,1,4.0,14.0,1.1,A,-17.1
16543,high,1,6.0,28.0,9.1,A,15.0
16544,high,1,5.0,7.0,9.3,A,10.2
16545,low,2,3.0,13.0,1.4,A,-17.5
16546,low,3,4.0,12.0,8.6,B,15.0
16547,high,0,8.0,41.0,2.2,A,15.0
16548,high,2,2.0,48.0,2.0,A,15.0
16549,high,0,3.0,33.0,8.3,B,15.0
16550,,0,11.0,8.0,9.0,A,12.6
16551,low,1,9.0,11.0,8.7,D,15.0
16552,medium,3,15.0,13.0,8.2,C,15.0
16553,none,1,3.0,5.0,7.0,A,-4.0
16554,medium,0,5.0,3.0,4.4,A,-100.0
16555,medium,0,4.0,10.0,6.4,B,3.4
16556,none,2,12.0,4.0,9.8,A,8.3
16557,none,2,7.0,34.0,9.5,A,15.0
16558,low,1,22.0,1.0,6.1,A,-18.7
16559,medium,0,6.0,3.0,8.1,A,-2.2
16560,high,0,4.0,23.0,1.8,A,2.8
16561,low,3,5.0,1.0,7.1,D,-11.7
16562,medium,0,6.0,9.0,1.7,A,-100.0
16563,high,0,17.0,7.0,3.9,A,-100.0
16564,high,0,3.0,37.0,9.2,A,15.0
16565,none,1,7.0,4.0,1.0,A,-100.0
16566,high,1,5.0,3.0,3.6,A,-100.0
16567,low,1,9.0,6.0,4.2,A,-17.3
16568,low,2,6.0,3.0,8.4,A,-0.3
16569,high,1,7.0,5.0,1.2,A,-100.0
16570,low,1,21.0,23.0,7.5,C,15.0
16571,high,2,2.0,13.0,6.2,A,6.0
16572,none,2,2.0,13.0,1.2,A,-19.1
16573,low,2,9.0,32.0,6.6,A,15.0
16574,high,0,17.0,0.0,4.1,A,-100.0
16575,high,6,14.0,50.0,6.1,A,15.0
16576,low,2,7.0,2.0,7.3,A,-8.6
16577,medium,1,17.0,12.0,8.4,A,15.0
16578,low,3,2.0,1.0,1.6,A,-100.0
16579,high,1,12.0,17.0,2.6,B,-6.3
16580,high,0,5.0,1.0,1.4,A,-100.0
16581,medium,1,14.0,8.0,4.1,A,-14.5
16582,low,1,9.0,13.0,3.9,A,-4.3
16583,medium,0,6.0,1.0,8.1,A,-6.4
16584,high,4,5.0,2.0,6.9,A,-13.8
16585,high,2,9.0,21.0,2.3,B,0.6
16586,high,0,15.0,0.0,7.9,A,-13.1
16587,low,1,4.0,1.0,4.5,A,-100.0
16588,high,3,8.0,0.0,3.0,A,-100.0
16589,medium,2,10.0,5.0,6.0,A,-10.1
16590,high,2,36.0,2.0,9.7,C,-1.3
16591,none,1,7.0,1.0,6.7,C,-14.5
16592,high,1,6.0,50.0,8.3,A,15.0
16593,medium,2,7.0,39.0,5.1,A,15.0
16594,low,1,11.0,7.0,1.2,C,-100.0
16595,low,4,3.0,1.0,6.2,A,-16.5
16596,high,2,4.0,8.0,8.4,B,7.4
16597,medium,1,23.0,30.0,8.2,A,15.0
16598,high,2,6.0,2.0,1.5,A,-100.0
16599,low,2,36.0,39.0,1.4,C,15.0
16600,high,1,1.0,1.0,7.4,A,-12.4
16601,low,0,9.0,7.0,8.7,B,9.6
16602,low,1,5.0,1.0,5.5,A,-100.0
16603,high,2,13.0,8.0,2.6,A,-100.0
16604,high,2,19.0,50.0,9.2,A,15.0
16605,none,4,17.0,15.0,6.6,A,13.1
16606,medium,2,16.0,13.0,3.0,B,-10.4
16607,medium,0,,8.0,8.9,C,
16608,medium,1,2.0,9.0,8.2,C,11.3
16609,medium,1,3.0,11.0,2.6,A,-15.4
16610,low,2,30.0,36.0,9.9,A,15.0
16611,,3,10.0,11.0,9.3,A,15.0
16612,low,1,22.0,2.0,4.2,A,-100.0
16613,none,2,7.0,37.0,8.4,A,15.0
16614,none,0,9.0,21.0,9.3,A,15.0
16615,low,2,4.0,7.0,5.8,D,-6.0
16616,high,3,4.0,4.0,9.6,A,5.5
16617,low,1,6.0,18.0,2.8,B,0.5
16618,low,2,9.0,9.0,2.2,A,-100.0
16619,low,2,1.0,3.0,3.9,A,-100.0
16620,low,3,4.0,27.0,7.4,A,15.0
16621,medium,0,9.0,14.0,9.3,A,15.0
16622,low,0,11.0,10.0,1.7,A,-100.0
16623,low,3,4.0,16.0,3.2,A,-1.5
16624,medium,1,5.0,8.0,6.5,A,-0.4
16625,low,0,12.0,10.0,10.0,C,15.0
16626,none,1,1.0,6.0,3.4,C,-100.0
16627,low,4,11.0,30.0,4.0,C,15.0
16628,low,4,3.0,38.0,5.0,C,15.0
16629,none,2,5.0,1.0,4.1,A,-100.0
16630,,1,13.0,10.0,3.6,B,-13.2
16631,medium,2,6.0,2.0,8.4,A,-2.8
16632,high,2,21.0,5.0,3.1,B,-100.0
16633,low,1,5.0,19.0,9.2,B,15.0
16634,none,2,4.0,30.0,3.3,A,15.0
16635,low,1,7.0,2.0,8.5,C,-1.9
16636,none,1,16.0,15.0,7.6,C,15.0
16637,low,0,3.0,2.0,3.5,A,-100.0
16638,low,2,2.0,13.0,4.4,A,-0.9
16639,low,1,11.0,3.0,3.5,C,-100.0
16640,medium,1,17.0,37.0,3.6,A,15.0
16641,medium,1,4.0,6.0,4.6,A,-15.0
16642,high,2,12.0,15.0,8.8,C,15.0
16643,low,2,6.0,3.0,1.5,C,-100.0
16644,low,2,7.0,3.0,8.8,C,1.8
16645,medium,1,2.0,26.0,9.4,A,15.0
16646,medium,2,11.0,46.0,8.9,A,15.0
16647,none,0,4.0,32.0,2.1,C,15.0
16648,high,3,,4.0,6.5,C,
16649,low,1,13.0,0.0,9.2,D,-2.8
16650,medium,1,12.0,19.0,5.3,C,15.0
16651,high,1,6.0,21.0,4.5,A,13.1
16652,medium,2,16.0,21.0,8.4,C,15.0
16653,low,2,23.0,7.0,6.4,C,-4.6
16654,none,2,10.0,14.0,7.4,A,15.0
16655,high,1,1.0,13.0,9.6,A,15.0
16656,none,0,7.0,20.0,5.7,A,15.0
16657,none,2,13.0,14.0,8.8,C,15.0
16658,medium,0,10.0,6.0,8.2,A,4.3
16659,low,4,16.0,2.0,8.2,B,-4.7
16660,medium,1,9.0,1.0,9.2,A,-0.7
16661,high,4,3.0,2.0,6.8,A,-14.1
16662,medium,2,3.0,12.0,3.4,A,-9.0
16663,high,1,2.0,8.0,7.3,A,1.6
16664,medium,3,5.0,15.0,3.6,A,-1.9
16665,low,3,2.0,2.0,5.3,A,-19.2
16666,high,1,3.0,3.0,5.2,A,-100.0
16667,medium,2,2.0,5.0,8.9,A,6.7
16668,high,1,14.0,6.0,3.7,A,-100.0
16669,medium,3,3.0,6.0,8.6,A,6.9
16670,high,2,8.0,22.0,9.5,A,15.0
16671,low,3,7.0,5.0,9.4,A,9.2
16672,low,0,5.0,0.0,8.2,A,-7.4
16673,high,1,14.0,9.0,1.5,C,-100.0
16674,high,1,19.0,7.0,6.7,C,-5.5
16675,none,2,1.0,10.0,8.6,D,15.0
16676,medium,0,12.0,13.0,3.3,A,-8.2
16677,low,0,15.0,1.0,4.2,B,-100.0
16678,medium,2,9.0,1.0,2.9,A,-100.0
16679,high,1,16.0,15.0,9.8,D,15.0
16680,medium,1,9.0,19.0,7.5,D,15.0
16681,medium,1,8.0,18.0,9.5,B,15.0
16682,high,1,7.0,1.0,1.5,B,-100.0
16683,high,1,9.0,2.0,2.0,A,-100.0
16684,high,1,25.0,8.0,9.9,A,13.6
16685,high,1,2.0,12.0,2.1,C,-18.6
16686,low,1,14.0,14.0,7.9,A,15.0
16687,high,0,6.0,1.0,5.4,A,-100.0
16688,high,1,17.0,16.0,2.0,A,-12.2
16689,high,1,8.0,3.0,9.5,A,2.6
16690,high,1,11.0,28.0,9.5,A,15.0
16691,high,2,4.0,9.0,3.9,A,-15.3
16692,high,2,6.0,10.0,9.9,A,15.0
16693,high,1,3.0,3.0,9.0,A,0.4
16694,medium,3,13.0,25.0,9.1,A,15.0
16695,high,2,8.0,1.0,1.7,C,-100.0
16696,,2,19.0,10.0,6.7,D,3.1
16697,low,1,7.0,7.0,1.4,A,-100.0
16698,low,1,5.0,7.0,7.1,B,1.1
16699,high,0,2.0,1.0,8.0,B,-9.1
16700,low,1,8.0,5.0,4.9,A,-15.5
16701,high,4,5.0,4.0,1.5,A,-100.0
16702,high,0,5.0,16.0,3.3,C,-3.8
16703,low,3,4.0,3.0,5.7,A,-15.1
16704,none,4,19.0,12.0,5.2,A,-1.1
16705,high,1,1.0,0.0,8.3,C,-9.6
16706,none,1,9.0,2.0,8.6,C,-2.1
16707,none,2,19.0,0.0,6.7,A,-17.9
16708,medium,4,5.0,5.0,3.9,C,-100.0
16709,medium,0,12.0,25.0,8.6,A,15.0
16710,low,2,7.0,32.0,6.6,A,15.0
16711,none,1,2.0,37.0,8.7,A,15.0
16712,high,3,9.0,12.0,3.0,A,-14.5
16713,medium,0,10.0,3.0,9.3,C,4.0
16714,high,1,3.0,7.0,8.8,C,7.7
16715,high,2,16.0,21.0,4.5,D,12.0
16716,low,0,14.0,0.0,6.1,A,-19.9
16717,medium,2,6.0,4.0,6.7,A,-8.0
16718,high,4,34.0,14.0,2.0,A,-18.4
16719,low,0,5.0,30.0,3.7,A,15.0
16720,none,3,16.0,6.0,4.7,A,-16.1
16721,medium,0,7.0,9.0,9.2,B,15.0
16722,high,2,12.0,22.0,1.1,A,-4.2
16723,low,2,4.0,25.0,1.5,A,8.1
16724,low,1,14.0,15.0,3.6,B,-2.2
16725,medium,2,4.0,24.0,9.4,A,15.0
16726,high,1,3.0,0.0,9.8,A,-1.5
16727,medium,1,5.0,6.0,1.3,A,-100.0
16728,low,0,8.0,13.0,3.4,A,-6.8
16729,medium,2,8.0,3.0,7.7,C,-4.8
16730,medium,0,4.0,2.0,4.6,C,-100.0
16731,none,1,6.0,27.0,8.7,A,15.0
16732,low,2,6.0,14.0,3.5,A,-4.2
16733,low,2,17.0,6.0,4.5,A,-16.6
16734,,1,18.0,0.0,2.7,A,-100.0
16735,medium,3,20.0,7.0,3.2,C,-100.0
16736,low,1,10.0,16.0,8.8,C,15.0
16737,high,3,37.0,3.0,2.4,B,-100.0
16738,none,4,11.0,7.0,9.6,A,13.4
16739,low,3,10.0,22.0,8.9,A,15.0
16740,medium,0,8.0,2.0,4.3,A,-100.0
16741,high,3,11.0,0.0,9.5,A,-4.2
16742,low,2,6.0,27.0,9.7,B,15.0
16743,high,1,2.0,6.0,8.5,C,4.0
16744,high,1,13.0,1.0,8.1,A,-9.8
16745,low,0,3.0,9.0,4.5,A,-8.7
16746,medium,3,40.0,12.0,9.3,A,15.0
16747,low,2,3.0,23.0,9.2,A,15.0
16748,low,2,40.0,16.0,10.0,C,15.0
16749,low,0,9.0,21.0,4.0,A,13.2
16750,high,2,16.0,9.0,9.1,C,12.1
16751,none,2,,6.0,9.2,C,
16752,low,1,12.0,7.0,7.9,C,4.8
16753,medium,1,8.0,6.0,9.5,A,11.5
16754,low,2,2.0,3.0,6.4,A,-10.9
16755,medium,2,5.0,29.0,8.9,A,15.0
16756,low,3,7.0,6.0,2.6,A,
16757,high,1,12.0,13.0,7.1,A,10.0
16758,medium,0,14.0,13.0,8.7,A,15.0
16759,none,1,3.0,20.0,2.4,A,2.2
16760,medium,3,7.0,14.0,8.8,B,15.0
16761,medium,1,13.0,10.0,9.1,A,15.0
16762,medium,3,0.0,9.0,2.6,A,-19.5
16763,high,3,11.0,10.0,7.7,C,6.9
16764,none,1,21.0,1.0,3.4,A,-100.0
16765,high,2,17.0,1.0,8.9,C,-5.9
16766,low,4,15.0,22.0,5.5,A,15.0
16767,low,1,13.0,8.0,8.8,C,11.8
16768,low,2,5.0,19.0,7.1,A,15.0
16769,high,0,12.0,12.0,4.8,A,-4.6
16770,none,2,4.0,14.0,7.2,A,15.0
16771,medium,1,12.0,22.0,9.6,A,15.0
16772,none,0,10.0,1.0,1.9,C,-100.0
16773,high,3,19.0,5.0,1.6,A,-100.0
16774,high,1,21.0,2.0,4.2,A,-100.0
16775,medium,2,8.0,1.0,8.1,A,-6.8
16776,high,1,5.0,16.0,2.8,A,-6.6
16777,none,1,4.0,8.0,9.4,C,15.0
16778,medium,2,4.0,7.0,1.4,A,-100.0
16779,low,0,9.0,1.0,2.0,B,-100.0
16780,high,2,17.0,4.0,2.9,A,-100.0
16781,medium,0,8.0,2.0,2.9,A,-100.0
16782,none,1,9.0,25.0,9.7,A,15.0
16783,high,2,3.0,3.0,4.5,B,-100.0
16784,none,5,9.0,33.0,7.9,A,15.0
16785,low,2,9.0,22.0,9.7,A,15.0
16786,low,2,19.0,6.0,8.4,A,4.7
16787,high,1,3.0,7.0,1.2,A,-100.0
16788,low,2,12.0,11.0,1.6,A,-100.0
16789,high,2,6.0,4.0,5.9,A,-15.0
16790,none,2,11.0,1.0,8.2,A,-6.7
16791,medium,0,8.0,3.0,8.1,A,-2.3
16792,low,0,7.0,2.0,2.2,A,-100.0
16793,none,0,17.0,11.0,8.6,A,15.0
16794,medium,2,24.0,17.0,6.3,C,15.0
16795,low,1,7.0,4.0,9.4,A,7.3
16796,low,0,13.0,50.0,4.9,A,15.0
16797,high,2,8.0,19.0,4.5,A,8.6
16798,none,0,7.0,19.0,10.0,A,15.0
16799,none,3,3.0,34.0,3.8,C,15.0
16800,medium,1,6.0,0.0,4.7,A,-100.0
16801,high,1,4.0,3.0,9.9,C,5.2
16802,high,0,4.0,0.0,8.7,A,-7.6
16803,none,3,8.0,19.0,9.2,A,15.0
16804,medium,1,9.0,2.0,2.8,A,-100.0
16805,none,2,4.0,1.0,7.7,A,-8.8
16806,high,0,2.0,5.0,6.1,B,-11.2
16807,,2,13.0,15.0,8.5,A,15.0
16808,high,0,6.0,20.0,3.1,A,3.4
16809,medium,0,7.0,23.0,2.2,C,7.3
16810,medium,2,14.0,4.0,8.2,A,-0.5
16811,none,0,1.0,0.0,8.7,A,-4.9
16812,high,0,12.0,12.0,8.3,A,14.6
16813,medium,1,28.0,4.0,8.8,D,1.5
16814,high,2,25.0,2.0,3.1,A,-100.0
16815,medium,3,3.0,2.0,8.6,A,-1.5
16816,high,2,14.0,0.0,8.1,B,-12.1
16817,low,2,2.0,8.0,5.8,A,-3.7
16818,low,0,2.0,35.0,9.8,A,15.0
16819,low,0,30.0,30.0,1.3,C,15.0
16820,high,3,12.0,12.0,1.3,C,-100.0
16821,low,0,9.0,11.0,9.8,A,15.0
16822,high,0,6.0,22.0,3.0,A,7.1
16823,none,3,,9.0,1.2,C,
16824,low,0,16.0,37.0,7.5,A,15.0
16825,high,2,24.0,6.0,3.1,A,-100.0
16826,none,2,2.0,32.0,8.2,A,15.0
16827,high,0,5.0,4.0,1.5,A,-100.0
16828,medium,1,18.0,26.0,9.9,A,15.0
16829,medium,0,17.0,9.0,9.4,A,15.0
16830,none,3,13.0,19.0,6.3,D,15.0
16831,low,0,10.0,3.0,9.3,B,4.4
16832,high,1,11.0,10.0,5.4,D,-5.5
16833,high,3,23.0,39.0,1.6,D,15.0
16834,medium,0,11.0,19.0,4.3,A,10.1
16835,,0,12.0,4.0,1.4,B,-100.0
16836,high,1,11.0,6.0,8.9,A,5.3
16837,high,2,16.0,9.0,9.7,C,15.0
16838,medium,2,5.0,31.0,9.2,B,15.0
16839,high,4,3.0,9.0,7.0,A,1.7
16840,low,1,6.0,6.0,9.3,A,11.0
16841,high,3,18.0,50.0,7.3,A,15.0
16842,low,1,13.0,1.0,8.2,C,-6.2
16843,,0,17.0,17.0,7.3,A,15.0
16844,high,1,15.0,0.0,4.4,D,-100.0
16845,medium,1,9.0,0.0,6.3,C,-18.7
16846,low,2,2.0,25.0,3.9,A,15.0
16847,low,1,6.0,5.0,1.7,A,-100.0
16848,low,2,12.0,6.0,2.6,C,-100.0
16849,high,0,15.0,8.0,9.6,D,13.1
16850,low,4,5.0,14.0,8.7,A,15.0
16851,high,2,17.0,4.0,10.0,A,6.5
16852,low,1,8.0,0.0,1.9,A,-100.0
16853,,1,4.0,14.0,9.3,B,15.0
16854,medium,2,6.0,1.0,3.0,A,-100.0
16855,high,1,14.0,6.0,9.5,A,8.3
16856,low,2,10.0,1.0,3.4,A,-100.0
16857,low,0,25.0,12.0,8.3,D,15.0
16858,low,0,14.0,7.0,7.7,A,3.6
16859,high,0,5.0,21.0,8.1,A,15.0
16860,high,0,9.0,5.0,3.4,A,-100.0
16861,medium,0,23.0,4.0,7.4,A,-5.6
16862,medium,1,17.0,9.0,9.9,A,15.0
16863,medium,1,31.0,16.0,6.0,A,11.0
16864,low,1,6.0,13.0,1.1,B,-19.4
16865,high,1,10.0,10.0,8.4,C,11.1
16866,high,1,27.0,27.0,9.7,A,15.0
16867,medium,4,15.0,4.0,7.5,A,-4.6
16868,high,2,10.0,14.0,5.4,A,2.9
16869,low,1,13.0,22.0,10.0,A,15.0
16870,medium,1,10.0,2.0,8.1,C,-4.7
16871,,2,11.0,3.0,8.4,A,-1.4
16872,none,1,12.0,8.0,8.4,C,9.1
16873,high,3,1.0,0.0,6.7,A,-18.6
16874,low,2,5.0,9.0,1.7,C,-100.0
16875,high,1,24.0,27.0,2.9,A,15.0
16876,none,3,16.0,10.0,3.7,C,-13.2
16877,high,2,10.0,4.0,2.0,A,-100.0
16878,medium,0,10.0,7.0,8.4,A,7.5
16879,medium,1,23.0,8.0,3.4,A,-19.3
16880,low,1,6.0,38.0,8.2,A,15.0
16881,none,1,4.0,2.0,4.4,A,-100.0
16882,low,1,11.0,29.0,2.7,C,15.0
16883,medium,1,0.0,13.0,8.6,A,15.0
16884,none,1,2.0,13.0,5.4,C,4.1
16885,high,2,11.0,5.0,3.0,B,-100.0
16886,high,1,16.0,19.0,2.1,A,-5.3
16887,low,1,11.0,4.0,7.1,A,-5.8
16888,medium,2,6.0,35.0,7.3,A,15.0
16889,low,5,13.0,1.0,3.0,A,-100.0
16890,medium,1,9.0,3.0,9.3,A,4.0
16891,high,1,11.0,5.0,9.9,A,8.7
16892,medium,3,21.0,18.0,1.2,D,-10.4
16893,low,1,5.0,49.0,2.4,A,15.0
16894,low,2,4.0,1.0,5.8,A,-18.6
16895,low,0,11.0,10.0,5.0,A,-4.6
16896,low,2,8.0,50.0,8.4,A,15.0
16897,low,2,7.0,6.0,8.4,A,5.9
16898,medium,0,3.0,12.0,5.3,A,1.6
16899,high,1,17.0,10.0,2.3,C,-100.0
16900,low,1,1.0,20.0,2.5,B,3.5
16901,low,0,5.0,2.0,1.4,A,-100.0
16902,none,2,17.0,0.0,8.8,A,-6.1
16903,none,1,9.0,3.0,2.4,B,-100.0
16904,low,0,18.0,2.0,4.6,A,-100.0
16905,medium,2,9.0,1.0,7.9,C,-8.0
16906,high,0,2.0,5.0,8.1,A,-0.2
16907,none,1,2.0,9.0,9.8,A,15.0
16908,high,0,9.0,12.0,1.9,C,-100.0
16909,low,2,16.0,5.0,7.0,C,-4.8
16910,high,0,13.0,2.0,8.7,A,-4.3
16911,medium,0,7.0,15.0,4.4,A,2.6
16912,low,2,3.0,41.0,3.7,A,15.0
16913,medium,2,15.0,4.0,9.7,D,7.7
16914,high,4,9.0,19.0,5.2,A,12.2
16915,low,3,10.0,1.0,4.8,A,-100.0
16916,low,0,5.0,2.0,2.6,A,-100.0
16917,none,4,6.0,22.0,9.0,A,15.0
16918,low,2,10.0,3.0,6.4,A,-11.7
16919,high,1,5.0,16.0,1.5,A,-13.8
16920,medium,2,6.0,7.0,3.5,C,-19.2
16921,low,1,10.0,11.0,9.7,A,15.0
16922,high,0,25.0,16.0,3.1,C,-6.9
16923,none,2,5.0,2.0,8.6,D,-1.8
16924,high,2,20.0,29.0,8.9,A,15.0
16925,low,1,8.0,23.0,7.4,A,15.0
16926,low,4,10.0,12.0,9.3,A,15.0
16927,none,1,5.0,19.0,2.5,D,0.4
16928,none,1,20.0,3.0,8.9,A,0.5
16929,high,2,10.0,3.0,3.1,C,-100.0
16930,low,4,11.0,9.0,9.6,A,15.0
16931,none,1,16.0,4.0,7.0,A,-7.4
16932,low,0,3.0,24.0,2.7,A,12.9
16933,low,0,22.0,27.0,1.3,A,9.6
16934,medium,3,5.0,3.0,8.0,A,-2.9
16935,low,3,24.0,7.0,1.9,A,-100.0
16936,medium,1,13.0,9.0,5.3,B,-5.8
16937,none,3,5.0,22.0,5.1,A,15.0
16938,medium,2,5.0,6.0,4.2,C,-17.4
16939,low,3,2.0,16.0,9.1,A,15.0
16940,high,1,38.0,1.0,2.7,A,-100.0
16941,medium,3,3.0,37.0,9.8,A,15.0
16942,none,2,8.0,2.0,8.5,B,-2.7
16943,medium,4,40.0,25.0,9.1,B,15.0
16944,medium,1,9.0,12.0,8.9,A,15.0
16945,low,0,10.0,5.0,4.3,A,-18.9
16946,medium,4,6.0,9.0,9.5,A,15.0
16947,high,2,5.0,0.0,8.9,A,-6.8
16948,high,1,18.0,50.0,4.2,B,15.0
16949,low,0,7.0,8.0,8.5,C,10.8
16950,medium,1,12.0,12.0,8.3,A,15.0
16951,high,3,26.0,7.0,3.9,A,-100.0
16952,high,2,16.0,2.0,9.1,C,-2.6
16953,none,1,3.0,39.0,6.6,A,15.0
16954,high,2,7.0,41.0,8.6,A,15.0
16955,high,2,7.0,19.0,8.8,B,15.0
16956,medium,1,10.0,8.0,9.8,A,15.0
16957,high,0,13.0,3.0,3.9,B,-100.0
16958,,1,4.0,13.0,7.2,C,13.8
16959,medium,2,8.0,7.0,5.0,A,-11.2
16960,none,2,6.0,1.0,3.3,A,-100.0
16961,medium,2,16.0,26.0,4.2,A,15.0
16962,low,2,22.0,5.0,3.8,C,-100.0
16963,high,0,23.0,22.0,8.7,B,15.0
16964,high,2,13.0,4.0,7.5,C,-6.9
16965,medium,1,5.0,15.0,8.9,D,15.0
16966,none,1,5.0,9.0,1.8,C,-100.0
16967,low,4,16.0,5.0,1.8,A,-100.0
16968,medium,0,16.0,26.0,6.2,A,15.0
16969,medium,2,3.0,3.0,2.5,A,-100.0
16970,medium,0,17.0,9.0,5.9,C,-2.8
16971,high,2,4.0,44.0,2.2,A,15.0
16972,low,0,13.0,2.0,9.4,A,2.6
16973,medium,2,8.0,18.0,2.4,A,-2.4
16974,high,3,8.0,9.0,1.9,A,-100.0
16975,low,0,17.0,2.0,2.7,B,-100.0
16976,medium,1,10.0,4.0,4.7,A,-19.3
16977,medium,2,11.0,0.0,5.7,A,-100.0
16978,high,1,20.0,15.0,2.2,B,-13.5
16979,high,1,6.0,1.0,4.1,A,-100.0
16980,high,3,,8.0,9.3,C,
16981,high,1,6.0,13.0,9.5,C,15.0
16982,medium,1,19.0,15.0,9.1,A,15.0
16983,low,1,7.0,19.0,7.5,A,15.0
16984,low,1,11.0,7.0,9.0,A,11.0
16985,high,2,5.0,14.0,,D,
16986,high,1,11.0,25.0,6.2,A,15.0
16987,high,3,4.0,1.0,1.7,B,-100.0
16988,medium,3,5.0,21.0,2.7,A,5.7
16989,high,3,11.0,10.0,1.3,A,-100.0
16990,high,2,15.0,13.0,2.8,A,-14.0
16991,high,5,7.0,5.0,9.3,B,5.4
16992,low,2,9.0,11.0,9.4,A,15.0
16993,high,1,22.0,17.0,7.2,A,15.0
16994,low,0,15.0,25.0,2.6,D,13.3
16995,none,1,6.0,2.0,9.9,A,5.3
16996,low,2,15.0,4.0,4.3,C,-100.0
16997,none,3,6.0,4.0,4.5,A,-100.0
16998,low,1,5.0,0.0,5.3,C,-100.0
16999,none,2,6.0,19.0,8.1,A,15.0
17000,high,1,8.0,8.0,9.6,C,13.7
17001,medium,1,8.0,5.0,4.7,A,-16.9
17002,medium,5,2.0,0.0,3.4,C,-100.0
17003,high,2,9.0,27.0,8.8,C,15.0
17004,high,3,14.0,16.0,3.2,A,-5.5
17005,medium,3,10.0,4.0,4.1,A,-100.0
17006,none,0,,4.0,8.1,C,
17007,medium,0,10.0,3.0,2.0,C,-100.0
17008,medium,5,9.0,16.0,3.3,A,-2.0
17009,medium,1,17.0,11.0,9.8,A,15.0
17010,high,0,21.0,15.0,9.5,D,15.0
17011,low,0,3.0,12.0,2.2,A,-15.0
17012,low,1,5.0,4.0,8.2,C,0.9
17013,low,3,4.0,18.0,7.4,A,15.0
17014,high,3,4.0,3.0,3.3,C,-100.0
17015,high,1,7.0,4.0,6.7,A,-10.6
17016,medium,0,2.0,8.0,8.4,A,10.4
17017,high,1,6.0,7.0,8.6,A,6.3
17018,medium,4,20.0,22.0,1.6,D,0.2
17019,medium,0,5.0,12.0,9.5,D,15.0
17020,high,1,15.0,20.0,9.9,A,15.0
17021,low,0,13.0,3.0,9.1,A,3.0
17022,medium,0,6.0,1.0,9.6,A,1.9
17023,none,1,9.0,38.0,8.7,A,15.0
17024,low,1,3.0,27.0,8.3,A,15.0
17025,low,1,2.0,16.0,2.5,A,-5.0
17026,low,4,3.0,3.0,5.9,B,-14.0
17027,high,1,19.0,7.0,7.6,C,-0.5
17028,medium,2,4.0,5.0,1.7,C,-100.0
17029,medium,2,5.0,30.0,8.2,A,15.0
17030,low,0,7.0,1.0,1.6,B,-100.0
17031,high,1,24.0,36.0,10.0,D,15.0
17032,high,1,9.0,2.0,1.7,A,-100.0
17033,high,1,16.0,24.0,9.0,A,15.0
17034,medium,2,28.0,7.0,9.3,B,10.4
17035,low,2,2.0,18.0,8.5,A,15.0
17036,none,2,16.0,14.0,5.7,A,6.3
17037,low,2,,2.0,1.7,C,
17038,none,1,15.0,22.0,4.7,A,15.0
17039,medium,1,19.0,7.0,8.7,A,8.2
17040,medium,0,4.0,1.0,8.9,C,-1.8
17041,high,0,7.0,17.0,9.4,A,15.0
17042,low,0,11.0,5.0,3.0,A,-100.0
17043,high,4,6.0,12.0,7.4,A,9.9
17044,high,0,16.0,23.0,9.8,A,15.0
17045,high,1,10.0,5.0,8.9,A,3.3
17046,high,0,8.0,22.0,9.8,C,15.0
17047,none,2,13.0,1.0,1.0,D,-100.0
17048,low,1,7.0,16.0,9.5,A,15.0
17049,high,1,2.0,5.0,2.8,A,-100.0
17050,medium,3,19.0,6.0,6.3,A,-7.3
17051,low,2,10.0,6.0,9.9,A,13.8
17052,medium,1,13.0,6.0,10.0,A,13.8
17053,none,1,20.0,36.0,2.9,C,15.0
17054,high,1,25.0,16.0,2.5,A,-10.3
17055,low,2,4.0,11.0,8.7,C,15.0
17056,low,2,13.0,8.0,2.9,A,-100.0
17057,none,0,16.0,13.0,7.6,A,14.9
17058,low,2,7.0,6.0,2.3,A,-100.0
17059,low,0,32.0,11.0,5.1,A,-4.1
17060,low,3,14.0,1.0,4.3,B,-100.0
17061,low,4,13.0,1.0,,D,
17062,medium,3,24.0,13.0,5.3,A,1.3
17063,medium,1,3.0,0.0,2.8,A,-100.0
17064,low,2,13.0,19.0,1.8,A,-3.7
17065,low,2,5.0,19.0,9.2,B,15.0
17066,low,1,6.0,1.0,5.6,A,-19.8
17067,none,3,14.0,18.0,4.7,C,9.3
17068,none,0,17.0,1.0,1.1,A,-100.0
17069,none,1,9.0,5.0,7.2,A,-3.5
17070,,2,4.0,33.0,5.0,C,15.0
17071,high,1,11.0,3.0,7.3,C,-9.8
17072,high,1,12.0,2.0,3.8,C,-100.0
17073,medium,1,18.0,10.0,8.5,A,13.5
17074,medium,0,9.0,18.0,1.7,D,-6.1
17075,low,3,13.0,7.0,3.3,A,-100.0
17076,high,2,14.0,29.0,,D,
17077,none,0,14.0,13.0,1.4,A,-19.0
17078,low,1,8.0,15.0,7.0,C,15.0
17079,low,4,11.0,25.0,1.1,A,5.0
17080,low,2,15.0,17.0,6.9,C,15.0
17081,,6,16.0,9.0,9.8,A,15.0
17082,low,3,2.0,23.0,8.3,C,15.0
17083,low,0,7.0,1.0,6.0,A,-17.6
17084,medium,3,8.0,5.0,3.0,A,-100.0
17085,high,2,6.0,13.0,3.5,A,-9.3
17086,low,0,7.0,16.0,2.5,C,-5.4
17087,low,0,4.0,25.0,9.9,A,15.0
17088,low,1,9.0,15.0,1.2,C,-14.9
17089,high,3,0.0,25.0,5.0,C,15.0
17090,high,3,7.0,7.0,8.2,A,3.8
17091,,0,2.0,26.0,3.5,A,15.0
17092,low,0,8.0,6.0,3.6,A,-100.0
17093,none,4,10.0,23.0,7.3,A,15.0
17094,high,2,21.0,14.0,2.6,B,-13.6
17095,high,2,4.0,7.0,8.1,A,3.6
17096,medium,1,1.0,9.0,2.7,A,-18.9
17097,high,2,9.0,0.0,8.7,A,-8.3
17098,high,1,4.0,2.0,9.2,A,-0.7
17099,low,2,10.0,11.0,3.3,B,-12.0
17100,,1,5.0,16.0,2.9,A,-3.7
17101,low,1,11.0,3.0,8.2,A,-1.8
17102,high,2,4.0,1.0,10.0,B,1.5
17103,high,2,13.0,16.0,6.4,C,12.3
17104,high,2,12.0,16.0,3.3,B,-4.7
17105,high,0,40.0,28.0,9.0,B,15.0
17106,high,5,14.0,18.0,4.1,A,3.4
17107,low,1,11.0,10.0,2.3,C,-19.6
17108,high,2,6.0,8.0,4.7,A,-13.2
17109,low,0,32.0,2.0,9.9,C,3.4
17110,high,2,4.0,7.0,4.8,C,-14.5
17111,low,1,11.0,1.0,5.9,B,-18.7
17112,low,1,6.0,14.0,2.0,C,-12.3
17113,high,2,18.0,0.0,4.9,A,-100.0
17114,medium,2,5.0,2.0,6.2,A,-14.8
17115,high,0,4.0,3.0,2.5,A,-100.0
17116,low,0,2.0,4.0,2.1,C,-100.0
17117,low,3,5.0,3.0,8.4,A,-0.3
17118,none,2,3.0,6.0,9.3,A,10.6
17119,none,2,7.0,2.0,3.6,A,-100.0
17120,low,2,17.0,6.0,9.8,A,12.6
17121,high,1,13.0,16.0,9.9,C,15.0
17122,high,2,16.0,12.0,8.1,A,12.9
17123,high,3,13.0,2.0,8.6,A,-5.1
17124,medium,0,2.0,15.0,1.7,C,-11.8
17125,high,1,18.0,0.0,2.4,A,-100.0
17126,medium,2,3.0,6.0,3.6,A,-100.0
17127,medium,1,11.0,7.0,6.0,A,-5.9
17128,high,1,17.0,11.0,1.6,C,-100.0
17129,medium,1,11.0,24.0,4.3,A,15.0
17130,high,0,11.0,3.0,1.7,A,-100.0
17131,medium,0,22.0,13.0,9.4,A,15.0
17132,none,1,7.0,4.0,5.5,A,-14.8
17133,low,1,10.0,19.0,4.9,C,13.7
17134,low,1,2.0,20.0,9.9,A,15.0
17135,high,2,6.0,18.0,8.3,A,15.0
17136,none,2,16.0,6.0,8.9,A,7.1
17137,high,1,17.0,31.0,8.7,C,15.0
17138,none,2,13.0,25.0,1.1,B,4.4
17139,high,2,4.0,12.0,3.5,A,-11.2
17140,high,1,10.0,1.0,9.6,A,-1.2
17141,low,1,16.0,14.0,8.4,A,15.0
17142,low,0,8.0,8.0,4.1,C,-13.5
17143,none,2,20.0,8.0,8.8,A,10.4
17144,low,3,4.0,35.0,9.9,A,15.0
17145,high,4,7.0,0.0,3.5,D,-100.0
17146,medium,0,1.0,6.0,2.8,A,-100.0
17147,high,3,6.0,1.0,1.6,C,-100.0
17148,low,3,2.0,8.0,9.7,A,15.0
17149,low,2,7.0,8.0,9.1,C,13.9
17150,low,2,6.0,29.0,6.3,D,15.0
17151,medium,3,6.0,16.0,8.4,A,15.0
17152,medium,2,5.0,8.0,9.1,A,13.7
17153,high,1,10.0,7.0,8.4,A,4.8
17154,low,1,6.0,31.0,9.9,A,15.0
17155,high,2,5.0,3.0,4.9,A,-100.0
17156,high,2,2.0,22.0,2.4,C,4.0
17157,none,1,4.0,4.0,3.7,A,-100.0
17158,medium,3,8.0,12.0,6.5,A,7.5
17159,low,1,17.0,5.0,1.2,A,-100.0
17160,none,3,1.0,37.0,7.3,A,15.0
17161,low,1,14.0,20.0,1.0,A,-6.0
17162,low,3,8.0,3.0,8.9,A,2.1
17163,medium,1,2.0,3.0,1.8,B,-100.0
17164,medium,0,17.0,23.0,9.6,A,15.0
17165,high,0,3.0,23.0,5.9,A,15.0
17166,medium,2,6.0,7.0,9.3,A,12.7
17167,low,0,15.0,26.0,6.9,A,15.0
17168,high,2,13.0,23.0,1.4,A,-0.5
17169,high,3,14.0,6.0,3.5,A,-100.0
17170,medium,2,8.0,18.0,9.7,C,15.0
17171,low,3,8.0,22.0,2.3,C,5.7
17172,none,1,10.0,4.0,3.7,C,-100.0
17173,low,1,4.0,1.0,7.5,A,-9.2
17174,low,2,4.0,2.0,5.7,D,-17.1
17175,high,3,2.0,1.0,8.8,A,-5.0
17176,high,1,10.0,23.0,3.9,A,13.6
17177,low,1,9.0,9.0,2.6,A,-19.8
17178,low,0,4.0,1.0,3.6,C,-100.0
17179,low,0,4.0,9.0,4.4,B,-9.3
17180,high,2,3.0,15.0,5.1,B,4.0
17181,medium,1,8.0,9.0,7.2,A,5.2
17182,high,1,13.0,37.0,9.1,C,15.0
17183,none,1,14.0,12.0,8.6,A,15.0
17184,high,0,23.0,5.0,8.6,B,0.5
17185,low,2,12.0,1.0,5.8,A,-19.4
17186,high,2,5.0,4.0,7.1,A,-8.3
17187,none,0,10.0,2.0,8.5,C,-2.7
17188,none,1,9.0,3.0,8.6,B,-0.0
17189,medium,1,9.0,0.0,8.5,B,-6.7
17190,high,1,12.0,13.0,9.5,A,15.0
17191,medium,0,1.0,2.0,5.9,A,-15.9
17192,high,1,6.0,19.0,7.4,A,15.0
17193,high,0,33.0,18.0,10.0,A,15.0
17194,low,2,1.0,3.0,1.3,C,-100.0
17195,medium,1,4.0,14.0,2.8,A,-8.1
17196,high,2,11.0,15.0,8.7,A,15.0
17197,high,2,1.0,7.0,9.8,B,13.3
17198,none,0,4.0,1.0,8.2,A,-5.8
17199,medium,3,2.0,4.0,6.4,A,-9.3
17200,low,3,9.0,24.0,5.4,A,15.0
17201,low,2,20.0,23.0,8.7,A,15.0
17202,high,2,8.0,8.0,7.0,C,-0.7
17203,low,0,2.0,9.0,3.1,A,-16.3
17204,medium,2,3.0,50.0,2.2,C,15.0
17205,low,1,6.0,5.0,2.1,B,-100.0
17206,none,1,11.0,2.0,9.1,A,0.4
17207,low,2,14.0,18.0,5.5,C,14.4
17208,high,0,1.0,4.0,1.8,D,-100.0
17209,medium,2,12.0,3.0,1.2,C,-100.0
17210,,3,1.0,6.0,9.4,A,11.3
17211,low,3,3.0,9.0,2.8,B,-18.3
17212,low,1,9.0,12.0,9.4,A,15.0
17213,medium,1,17.0,29.0,,D,
17214,high,3,15.0,5.0,8.8,A,2.1
17215,low,0,8.0,4.0,9.0,B,5.1
17216,low,2,7.0,23.0,6.4,D,15.0
17217,high,2,7.0,12.0,4.7,A,-4.9
17218,none,2,12.0,2.0,2.3,A,-100.0
17219,medium,1,1.0,6.0,4.7,A,-14.1
17220,none,1,7.0,8.0,9.4,A,15.0
17221,low,0,4.0,9.0,8.8,C,14.9
17222,,0,7.0,2.0,9.2,A,1.5
17223,low,1,6.0,12.0,8.6,A,15.0
17224,high,2,9.0,11.0,9.5,A,15.0
17225,medium,1,7.0,5.0,9.0,A,6.8
17226,low,0,10.0,5.0,9.8,A,11.4
17227,low,0,16.0,3.0,3.4,A,-100.0
17228,medium,0,3.0,44.0,5.0,A,15.0
17229,,1,4.0,32.0,8.8,A,15.0
17230,none,1,15.0,3.0,1.4,A,-100.0
17231,high,1,13.0,12.0,6.8,A,6.2
17232,high,1,8.0,21.0,2.5,A,1.9
17233,none,1,4.0,1.0,1.1,A,-100.0
17234,medium,3,18.0,6.0,2.9,A,-100.0
17235,none,1,14.0,7.0,3.3,A,-100.0
17236,low,2,5.0,7.0,4.4,A,-13.8
17237,low,0,14.0,6.0,9.0,A,8.7
17238,low,3,4.0,4.0,9.5,B,7.9
17239,medium,2,2.0,16.0,9.3,A,15.0
17240,low,1,2.0,37.0,8.3,A,15.0
17241,high,2,14.0,6.0,4.5,B,-19.3
17242,low,0,3.0,1.0,3.6,A,-100.0
17243,high,0,19.0,1.0,8.9,C,-5.9
17244,low,1,11.0,14.0,3.4,A,-5.1
17245,medium,1,10.0,9.0,5.7,B,-3.3
17246,high,2,1.0,12.0,3.5,A,-10.9
17247,high,2,3.0,39.0,3.3,A,15.0
17248,medium,0,8.0,20.0,5.3,A,15.0
17249,medium,2,23.0,8.0,9.9,A,15.0
17250,none,0,12.0,18.0,8.2,B,15.0
17251,low,1,13.0,33.0,8.8,A,15.0
17252,high,1,12.0,5.0,8.5,A,0.9
17253,high,1,8.0,4.0,3.9,A,-100.0
17254,none,2,8.0,23.0,7.5,C,15.0
17255,low,0,13.0,2.0,9.2,A,1.5
17256,medium,4,7.0,4.0,8.7,A,2.8
17257,low,1,11.0,5.0,8.0,A,1.3
17258,high,0,3.0,5.0,4.6,A,-19.5
17259,high,1,17.0,13.0,8.0,A,14.5
17260,low,0,1.0,4.0,8.9,A,5.2
17261,medium,2,2.0,7.0,9.4,D,13.6
17262,none,4,5.0,50.0,2.5,C,15.0
17263,low,4,5.0,1.0,1.0,A,-100.0
17264,high,2,4.0,7.0,2.8,A,-100.0
17265,none,2,10.0,17.0,3.9,A,3.3
17266,high,1,15.0,18.0,9.5,A,15.0
17267,low,1,3.0,1.0,6.1,A,-16.8
17268,medium,1,,2.0,7.1,C,
17269,medium,1,9.0,3.0,3.9,C,-100.0
17270,none,3,0.0,1.0,2.0,C,-100.0
17271,high,1,5.0,25.0,9.5,D,15.0
17272,high,2,17.0,8.0,8.0,C,3.9
17273,,1,4.0,3.0,8.2,D,-1.7
17274,high,0,26.0,8.0,7.4,A,-0.1
17275,none,2,10.0,10.0,9.0,C,15.0
17276,high,3,3.0,10.0,3.2,A,-17.0
17277,high,0,3.0,11.0,8.2,A,12.9
17278,high,0,13.0,9.0,9.6,A,15.0
17279,medium,1,17.0,2.0,2.8,C,-100.0
17280,high,3,3.0,4.0,3.1,A,-100.0
17281,high,1,17.0,5.0,3.2,A,-100.0
17282,medium,1,4.0,3.0,2.6,A,-100.0
17283,medium,0,6.0,9.0,3.2,D,-16.5
17284,medium,0,1.0,4.0,3.5,B,-100.0
17285,none,2,1.0,22.0,9.9,B,15.0
17286,high,1,3.0,15.0,8.3,C,15.0
17287,medium,1,10.0,2.0,7.4,A,-8.6
17288,none,4,24.0,18.0,3.7,A,2.7
17289,high,2,8.0,19.0,9.8,A,15.0
17290,high,1,2.0,8.0,9.8,B,15.0
17291,low,3,10.0,8.0,9.8,A,15.0
17292,,2,6.0,0.0,1.2,A,-100.0
17293,high,1,36.0,21.0,4.2,A,8.5
17294,high,0,1.0,13.0,9.8,A,15.0
17295,none,5,8.0,2.0,4.7,D,-100.0
17296,high,0,13.0,8.0,7.7,A,2.8
17297,high,2,12.0,1.0,9.2,C,-3.7
17298,low,3,5.0,46.0,6.5,B,15.0
17299,low,1,7.0,18.0,1.9,A,-4.6
17300,none,1,9.0,1.0,2.6,A,-100.0
17301,medium,0,5.0,3.0,3.6,C,-100.0
17302,high,1,14.0,3.0,9.4,B,1.5
17303,medium,1,4.0,50.0,9.5,A,15.0
17304,none,0,3.0,3.0,8.8,A,1.8
17305,medium,2,15.0,3.0,4.5,B,-100.0
17306,high,2,15.0,2.0,1.6,C,-100.0
17307,high,4,6.0,4.0,5.1,A,-19.6
17308,medium,1,15.0,34.0,5.0,A,15.0
17309,high,1,2.0,2.0,9.8,A,2.8
17310,medium,1,4.0,25.0,4.2,C,15.0
17311,low,1,4.0,8.0,3.9,A,-14.3
17312,medium,4,6.0,0.0,6.8,B,-16.0
17313,high,1,9.0,10.0,2.5,B,-100.0
17314,low,5,17.0,17.0,8.5,A,15.0
17315,high,1,3.0,20.0,3.9,B,8.0
17316,none,1,16.0,11.0,4.4,A,-7.0
17317,low,0,12.0,0.0,1.3,A,-100.0
17318,high,3,10.0,11.0,8.8,A,15.0
17319,medium,1,27.0,6.0,7.8,A,0.3
17320,,0,13.0,10.0,9.8,B,15.0
17321,none,0,14.0,6.0,4.5,A,-16.7
17322,medium,1,3.0,11.0,9.2,C,15.0
17323,medium,2,3.0,29.0,1.1,D,14.0
17324,high,2,7.0,6.0,,D,
17325,low,0,3.0,7.0,1.6,C,-100.0
17326,medium,2,16.0,7.0,4.5,A,-14.7
17327,none,4,35.0,6.0,8.5,A,2.8
17328,medium,1,6.0,7.0,6.2,A,-4.3
17329,medium,3,13.0,5.0,1.9,C,-100.0
17330,none,1,,31.0,8.4,C,
17331,medium,4,11.0,9.0,8.9,B,14.0
17332,high,1,15.0,1.0,8.9,D,-5.6
17333,high,0,,7.0,8.2,C,
17334,,5,13.0,40.0,9.9,A,15.0
17335,medium,1,7.0,24.0,9.7,A,15.0
17336,none,0,12.0,1.0,9.5,A,0.5
17337,high,1,6.0,19.0,1.4,A,-8.1
17338,high,0,20.0,11.0,8.9,A,15.0
17339,medium,1,5.0,34.0,6.7,A,15.0
17340,medium,1,16.0,10.0,7.2,A,6.5
17341,high,0,10.0,19.0,4.6,A,9.2
17342,none,2,4.0,27.0,3.4,A,15.0
17343,high,2,3.0,3.0,2.0,A,-100.0
17344,medium,3,7.0,6.0,2.9,C,-100.0
17345,low,3,15.0,22.0,9.2,A,15.0
17346,medium,3,6.0,26.0,3.6,A,15.0
17347,high,2,6.0,19.0,1.8,A,-6.0
17348,medium,2,16.0,18.0,9.4,C,15.0
17349,low,1,8.0,7.0,9.9,C,15.0
17350,low,0,3.0,29.0,1.3,B,15.0
17351,high,0,9.0,18.0,4.4,B,6.1
17352,high,1,4.0,38.0,1.3,D,15.0
17353,low,2,4.0,50.0,2.4,A,15.0
17354,high,2,4.0,3.0,3.0,C,-100.0
17355,medium,1,7.0,12.0,8.6,B,15.0
17356,low,4,11.0,9.0,1.1,A,-100.0
17357,low,0,4.0,11.0,9.1,C,15.0
17358,low,3,4.0,19.0,2.3,A,-0.2
17359,low,3,7.0,12.0,4.0,A,-5.8
17360,high,4,9.0,30.0,2.1,A,15.0
17361,medium,4,5.0,5.0,3.2,A,-100.0
17362,low,1,14.0,2.0,3.6,A,-100.0
17363,low,1,3.0,8.0,10.0,B,15.0
17364,high,0,1.0,4.0,6.7,C,-9.9
17365,medium,0,18.0,18.0,6.6,A,15.0
17366,high,4,40.0,15.0,1.7,A,-18.6
17367,high,1,5.0,30.0,8.6,A,15.0
17368,none,0,6.0,17.0,4.1,A,5.0
17369,low,1,1.0,7.0,7.5,A,3.7
17370,high,0,12.0,31.0,1.7,A,15.0
17371,,1,4.0,5.0,4.5,A,-17.9
17372,medium,1,12.0,4.0,9.6,C,7.5
17373,medium,2,6.0,9.0,9.9,C,15.0
17374,medium,2,4.0,12.0,1.9,A,-17.3
17375,low,2,3.0,8.0,8.5,A,11.0
17376,medium,1,2.0,16.0,4.7,B,6.7
17377,high,1,10.0,2.0,8.6,C,-4.6
17378,high,1,4.0,2.0,3.0,C,-100.0
17379,low,2,0.0,4.0,1.1,A,-100.0
17380,low,1,13.0,25.0,10.0,A,15.0
17381,high,0,3.0,15.0,8.3,A,15.0
17382,high,3,7.0,2.0,9.8,A,2.1
17383,medium,2,11.0,13.0,1.8,A,-16.5
17384,low,1,9.0,6.0,8.9,A,8.5
17385,medium,2,12.0,7.0,9.3,A,12.0
17386,low,2,15.0,5.0,2.4,A,-100.0
17387,high,0,6.0,26.0,7.5,A,15.0
17388,high,2,8.0,3.0,9.6,A,3.1
17389,low,3,4.0,16.0,9.7,B,15.0
17390,medium,0,12.0,24.0,2.9,C,12.7
17391,none,1,12.0,9.0,3.2,B,-17.4
17392,low,1,7.0,14.0,9.1,A,15.0
17393,low,3,6.0,10.0,3.1,A,-14.9
17394,low,5,7.0,1.0,3.0,A,-100.0
17395,low,1,11.0,16.0,5.0,C,7.9
17396,high,2,3.0,17.0,3.2,A,-2.2
17397,medium,4,3.0,19.0,1.4,A,-5.5
17398,medium,0,32.0,10.0,4.4,A,-10.4
17399,none,0,12.0,7.0,1.5,C,-100.0
17400,high,2,4.0,1.0,6.7,C,-16.7
17401,low,2,4.0,23.0,9.8,B,15.0
17402,high,5,11.0,12.0,3.8,A,-10.5
17403,none,0,1.0,7.0,8.5,C,8.7
17404,medium,2,17.0,6.0,4.1,A,-19.1
17405,low,1,10.0,11.0,8.4,C,15.0
17406,low,4,8.0,7.0,7.7,C,3.8
17407,high,1,14.0,1.0,8.5,C,-7.7
17408,none,0,11.0,10.0,7.4,B,8.0
17409,low,1,8.0,1.0,6.0,A,-17.8
17410,high,5,7.0,6.0,9.8,A,10.3
17411,low,0,2.0,10.0,2.6,A,-16.9
17412,,0,14.0,11.0,3.8,B,-10.0
17413,none,0,11.0,1.0,4.5,A,-100.0
17414,high,4,10.0,8.0,8.6,A,7.7
17415,high,3,12.0,30.0,8.5,B,15.0
17416,low,0,15.0,5.0,8.3,A,2.6
17417,none,2,5.0,50.0,2.0,A,15.0
17418,low,0,11.0,9.0,7.4,C,6.5
17419,high,1,3.0,14.0,4.9,A,0.9
17420,low,1,5.0,43.0,1.6,A,15.0
17421,none,0,2.0,13.0,5.0,B,2.0
17422,high,1,13.0,32.0,5.8,A,15.0
17423,medium,2,6.0,6.0,3.0,A,-100.0
17424,low,3,14.0,26.0,1.4,C,8.6
17425,medium,1,13.0,17.0,8.8,A,15.0
17426,medium,0,17.0,7.0,3.6,D,-19.6
17427,none,2,3.0,40.0,8.2,A,15.0
17428,none,1,8.0,6.0,2.1,A,-100.0
17429,medium,1,1.0,6.0,3.3,A,-100.0
17430,low,0,11.0,21.0,7.0,A,15.0
17431,low,3,5.0,50.0,4.7,C,15.0
17432,low,0,11.0,32.0,5.2,A,15.0
17433,high,2,4.0,1.0,4.3,A,-100.0
17434,medium,3,24.0,21.0,6.2,C,15.0
17435,medium,0,18.0,24.0,2.7,C,11.0
17436,high,2,7.0,2.0,2.0,B,-100.0
17437,none,2,13.0,2.0,5.5,C,-19.7
17438,high,0,7.0,8.0,6.6,D,-2.6
17439,low,2,13.0,30.0,8.6,A,15.0
17440,medium,0,8.0,23.0,9.7,A,15.0
17441,low,2,6.0,12.0,1.6,D,-18.8
17442,,1,11.0,12.0,2.5,A,-14.9
17443,low,0,1.0,9.0,3.8,A,-12.3
17444,high,1,9.0,1.0,4.7,A,-100.0
17445,medium,4,2.0,7.0,2.1,C,-100.0
17446,medium,1,12.0,19.0,8.8,C,15.0
17447,high,1,2.0,13.0,9.0,A,15.0
17448,none,1,12.0,5.0,2.5,C,-100.0
17449,high,1,15.0,10.0,2.5,C,-100.0
17450,low,1,15.0,5.0,5.6,A,-12.3
17451,low,0,9.0,4.0,1.0,A,-100.0
17452,high,2,19.0,6.0,2.2,A,-100.0
17453,low,0,6.0,24.0,8.6,C,15.0
17454,high,0,2.0,12.0,4.0,C,-8.0
17455,low,1,7.0,7.0,5.8,A,-6.2
17456,low,2,12.0,34.0,6.8,C,15.0
17457,low,1,5.0,33.0,8.3,A,15.0
17458,high,1,4.0,16.0,6.6,A,14.4
17459,medium,0,1.0,35.0,2.6,A,15.0
17460,low,2,2.0,26.0,8.3,B,15.0
17461,none,2,3.0,50.0,9.6,A,15.0
17462,low,1,7.0,35.0,8.1,A,15.0
17463,high,1,2.0,7.0,2.9,A,-100.0
17464,none,0,6.0,3.0,1.2,A,-100.0
17465,high,3,3.0,0.0,9.5,A,-3.4
17466,none,3,3.0,14.0,8.4,C,15.0
17467,medium,0,6.0,7.0,2.2,A,-100.0
17468,low,2,8.0,2.0,9.3,D,2.3
17469,high,2,40.0,10.0,9.1,A,11.8
17470,medium,3,11.0,13.0,8.3,A,15.0
17471,medium,1,15.0,28.0,4.2,A,15.0
17472,none,0,13.0,5.0,8.2,C,1.7
17473,low,2,5.0,3.0,8.4,C,-0.2
17474,medium,1,13.0,3.0,1.4,A,-100.0
17475,medium,3,7.0,15.0,8.7,D,15.0
17476,high,0,1.0,1.0,9.3,A,-1.9
17477,high,1,6.0,2.0,8.0,A,-7.5
17478,high,2,7.0,27.0,3.5,A,15.0
17479,low,4,4.0,32.0,6.3,A,15.0
17480,high,0,1.0,2.0,9.2,D,-0.3
17481,low,1,26.0,9.0,2.1,C,-100.0
17482,low,0,14.0,4.0,8.0,C,-1.0
17483,high,0,15.0,29.0,3.2,A,15.0
17484,high,2,7.0,4.0,2.5,A,-100.0
17485,none,3,11.0,22.0,5.7,A,15.0
17486,medium,2,3.0,1.0,8.5,A,-4.1
17487,medium,1,8.0,6.0,3.6,A,-100.0
17488,medium,3,12.0,0.0,3.7,A,-100.0
17489,low,3,3.0,6.0,6.1,A,-6.5
17490,high,1,8.0,10.0,1.3,B,-100.0
17491,low,2,6.0,1.0,4.1,B,-100.0
17492,medium,2,8.0,24.0,8.3,C,15.0
17493,low,4,12.0,1.0,8.4,A,-5.3
17494,none,0,7.0,45.0,3.7,B,15.0
17495,low,2,19.0,1.0,5.2,A,-100.0
17496,high,2,6.0,50.0,9.7,C,15.0
17497,high,1,9.0,9.0,9.7,A,15.0
17498,low,3,15.0,2.0,7.6,A,-7.8
17499,high,1,3.0,7.0,3.4,C,-100.0
17500,,2,3.0,1.0,2.8,D,-100.0
17501,none,2,1.0,2.0,4.4,B,-100.0
17502,none,1,16.0,0.0,9.5,A,-2.1
17503,low,2,9.0,7.0,8.1,A,6.1
17504,high,0,14.0,9.0,3.4,A,-18.8
17505,none,1,10.0,5.0,8.5,C,3.5
17506,medium,1,5.0,50.0,9.5,A,15.0
17507,medium,4,6.0,5.0,1.5,A,-100.0
17508,high,1,6.0,10.0,7.9,A,8.7
17509,high,1,8.0,3.0,4.9,A,-100.0
17510,high,0,13.0,12.0,6.2,A,3.0
17511,low,2,17.0,16.0,2.2,A,-8.2
17512,none,0,16.0,6.0,9.9,A,12.8
17513,none,5,8.0,13.0,2.7,A,-11.8
17514,medium,0,5.0,0.0,7.3,A,-12.7
17515,medium,0,13.0,9.0,2.8,C,-19.4
17516,low,1,11.0,5.0,1.9,C,-100.0
17517,low,3,7.0,1.0,1.4,A,-100.0
17518,medium,1,14.0,38.0,1.4,A,15.0
17519,none,2,16.0,10.0,1.1,A,-100.0
17520,none,3,3.0,3.0,8.7,C,0.9
17521,medium,1,10.0,9.0,8.7,A,13.3
17522,high,1,6.0,16.0,1.2,C,-15.5
17523,high,3,14.0,1.0,6.1,A,-100.0
17524,low,2,8.0,10.0,2.9,B,-16.1
17525,high,3,3.0,10.0,2.9,C,-18.7
17526,medium,1,9.0,39.0,9.7,B,15.0
17527,medium,2,5.0,7.0,2.6,A,-100.0
17528,high,2,8.0,18.0,4.5,C,6.5
17529,low,2,5.0,0.0,8.6,A,-5.4
17530,none,1,15.0,4.0,4.9,B,-18.9
17531,none,2,3.0,4.0,4.7,D,-18.9
17532,medium,2,9.0,18.0,6.8,D,15.0
17533,low,1,15.0,30.0,9.6,D,15.0
17534,high,1,10.0,2.0,2.1,C,-100.0
17535,low,2,2.0,38.0,5.4,A,15.0
17536,high,1,6.0,5.0,3.1,A,-100.0
17537,low,2,13.0,50.0,6.8,A,15.0
17538,none,1,4.0,21.0,3.3,A,9.1
17539,medium,2,5.0,2.0,6.3,A,-14.3
17540,none,0,6.0,13.0,3.8,A,-5.0
17541,high,1,7.0,8.0,9.6,A,13.8
17542,medium,2,4.0,6.0,7.2,A,-0.8
17543,low,4,25.0,18.0,8.7,B,15.0
17544,low,0,18.0,9.0,8.9,B,14.0
17545,high,1,23.0,2.0,7.9,A,-9.8
17546,high,5,11.0,32.0,7.9,A,15.0
17547,high,0,7.0,8.0,3.6,A,
17548,medium,2,7.0,1.0,1.4,B,-100.0
17549,medium,2,8.0,4.0,6.6,A,-8.7
17550,low,1,6.0,7.0,9.9,A,15.0
17551,high,1,23.0,29.0,2.0,A,14.5
17552,high,2,18.0,2.0,2.8,A,-100.0
17553,high,0,13.0,4.0,2.4,A,-100.0
17554,low,2,29.0,5.0,9.6,A,8.2
17555,low,0,4.0,3.0,2.7,C,-100.0
17556,high,2,10.0,0.0,4.7,A,-100.0
17557,high,2,1.0,22.0,3.2,A,8.5
17558,high,1,11.0,22.0,9.1,C,15.0
17559,low,0,4.0,34.0,9.7,B,15.0
17560,low,1,3.0,22.0,9.6,A,15.0
17561,low,4,5.0,8.0,8.1,A,8.4
17562,high,1,1.0,20.0,1.7,A,-3.9
17563,high,4,2.0,1.0,9.9,A,0.9
17564,low,1,7.0,14.0,6.1,C,10.1
17565,medium,1,9.0,18.0,3.9,A,5.9
17566,high,2,8.0,3.0,9.6,A,3.1
17567,low,1,3.0,5.0,8.6,D,5.4
17568,high,0,0.0,8.0,4.8,A,-11.8
17569,medium,1,9.0,8.0,9.5,A,15.0
17570,low,2,10.0,41.0,2.4,A,15.0
17571,none,2,4.0,1.0,4.2,A,-100.0
17572,low,2,18.0,6.0,8.3,A,4.2
17573,none,1,3.0,10.0,3.6,A,-12.2
17574,none,3,4.0,1.0,9.8,A,2.7
17575,medium,1,7.0,13.0,8.6,A,15.0
17576,low,1,19.0,11.0,3.2,A,-13.3
17577,medium,1,28.0,16.0,4.9,A,5.2
17578,low,1,7.0,16.0,3.7,A,1.1
17579,high,0,8.0,1.0,1.2,A,-100.0
17580,none,0,12.0,0.0,3.6,A,-100.0
17581,low,1,13.0,5.0,2.9,A,-100.0
17582,medium,2,10.0,4.0,2.4,D,-100.0
17583,medium,0,7.0,29.0,1.9,C,15.0
17584,medium,1,6.0,16.0,3.5,C,-0.3
17585,low,3,4.0,19.0,4.8,A,13.6
17586,high,2,9.0,16.0,9.1,A,15.0
17587,medium,1,5.0,1.0,3.1,A,-100.0
17588,low,3,11.0,1.0,9.5,A,0.9
17589,high,2,19.0,18.0,8.7,C,15.0
17590,medium,0,3.0,36.0,9.9,C,15.0
17591,high,2,8.0,2.0,4.1,A,-100.0
17592,,1,5.0,7.0,1.2,A,-100.0
17593,medium,2,4.0,24.0,9.3,C,15.0
17594,high,2,5.0,17.0,8.9,C,15.0
17595,none,2,10.0,4.0,3.1,D,-100.0
17596,high,0,12.0,2.0,8.5,A,-5.3
17597,medium,1,8.0,1.0,2.9,A,-100.0
17598,high,2,17.0,10.0,2.0,A,-100.0
17599,high,1,10.0,24.0,3.4,C,13.0
17600,,1,2.0,3.0,1.8,A,-100.0
17601,,5,9.0,4.0,7.3,A,-5.5
17602,,0,13.0,11.0,5.4,C,-1.1
17603,medium,3,32.0,12.0,8.6,C,15.0
17604,high,1,10.0,2.0,9.8,B,2.0
17605,none,1,1.0,4.0,8.1,A,0.1
17606,low,2,5.0,12.0,6.1,C,6.0
17607,none,2,5.0,13.0,9.5,A,15.0
17608,high,2,17.0,3.0,2.0,A,-100.0
17609,none,1,1.0,12.0,1.3,A,-100.0
17610,high,0,13.0,35.0,9.8,A,15.0
17611,high,2,17.0,1.0,7.3,B,-14.7
17612,medium,3,5.0,2.0,3.2,A,-100.0
17613,high,1,7.0,33.0,9.8,B,15.0
17614,high,1,4.0,7.0,7.9,A,2.6
17615,high,1,6.0,20.0,8.7,A,15.0
17616,low,1,9.0,2.0,9.2,C,1.8
17617,high,2,3.0,24.0,2.4,A,8.1
17618,high,2,21.0,17.0,9.3,A,15.0
17619,high,1,5.0,20.0,2.7,A,1.2
17620,medium,3,10.0,22.0,9.7,A,15.0
17621,high,1,8.0,17.0,3.8,A,0.7
17622,none,1,17.0,12.0,1.6,B,-100.0
17623,medium,2,12.0,31.0,1.8,A,15.0
17624,low,2,3.0,9.0,4.5,A,-8.9
17625,none,2,2.0,23.0,8.5,B,15.0
17626,medium,1,9.0,42.0,8.9,C,15.0
17627,medium,1,13.0,5.0,8.6,A,4.0
17628,low,1,10.0,7.0,8.9,A,10.5
17629,high,0,6.0,1.0,9.8,D,0.4
17630,low,3,6.0,3.0,5.5,C,-16.4
17631,none,1,15.0,18.0,6.0,A,15.0
17632,medium,0,15.0,43.0,8.4,A,15.0
17633,high,0,12.0,16.0,6.4,A,12.6
17634,none,2,10.0,24.0,2.9,B,12.5
17635,high,1,12.0,23.0,1.4,A,-0.3
17636,none,3,26.0,4.0,5.9,A,-14.7
17637,low,0,6.0,46.0,2.0,A,15.0
17638,high,0,6.0,4.0,9.1,A,2.8
17639,high,1,8.0,6.0,4.2,A,-100.0
17640,medium,0,23.0,13.0,9.6,C,15.0
17641,low,1,4.0,26.0,2.8,A,15.0
17642,medium,2,17.0,1.0,3.2,C,-100.0
17643,low,1,23.0,3.0,8.1,A,-3.6
17644,medium,1,2.0,42.0,8.8,A,15.0
17645,none,1,8.0,1.0,2.0,A,-100.0
17646,medium,1,3.0,17.0,8.8,D,15.0
17647,high,0,7.0,12.0,2.9,A,-14.6
17648,low,1,3.0,40.0,8.0,A,15.0
17649,medium,1,21.0,34.0,8.6,A,15.0
17650,high,3,5.0,2.0,9.0,A,-2.1
17651,low,1,5.0,2.0,9.9,A,6.0
17652,high,3,8.0,22.0,1.0,A,-4.4
17653,medium,0,11.0,8.0,8.3,A,9.0
17654,low,1,29.0,0.0,5.9,A,-100.0
17655,low,1,5.0,25.0,8.7,C,15.0
17656,low,2,4.0,1.0,8.5,C,-3.8
17657,low,0,6.0,1.0,4.5,A,-100.0
17658,none,1,11.0,8.0,3.3,A,-18.9
17659,low,0,9.0,4.0,9.6,A,8.3
17660,low,2,6.0,2.0,4.6,C,-100.0
17661,low,1,12.0,4.0,9.8,A,9.0
17662,high,0,8.0,0.0,2.0,B,-100.0
17663,high,2,,1.0,7.9,C,
17664,low,3,6.0,20.0,8.6,A,15.0
17665,medium,0,3.0,29.0,5.1,C,15.0
17666,medium,1,5.0,1.0,8.5,B,-4.2
17667,high,3,15.0,10.0,6.5,A,-0.1
17668,medium,2,6.0,40.0,2.6,A,15.0
17669,none,3,2.0,4.0,9.6,B,8.1
17670,high,0,1.0,14.0,3.1,A,-8.7
17671,high,1,12.0,4.0,7.6,A,-6.1
17672,low,1,11.0,11.0,6.6,A,6.2
17673,high,3,2.0,3.0,5.5,A,-19.0
17674,low,0,6.0,1.0,7.5,B,-9.3
17675,none,5,2.0,12.0,5.7,A,3.2
17676,low,3,11.0,17.0,8.2,C,15.0
17677,medium,2,15.0,23.0,6.1,C,15.0
17678,high,2,3.0,48.0,4.3,B,15.0
17679,low,0,22.0,6.0,9.7,B,11.7
17680,medium,1,7.0,0.0,7.3,B,-13.0
17681,high,1,2.0,6.0,5.3,B,-13.6
17682,low,2,3.0,1.0,9.4,A,1.3
17683,medium,2,9.0,29.0,7.4,A,15.0
17684,high,3,3.0,1.0,1.2,A,-100.0
17685,high,0,5.0,4.0,9.1,A,2.9
17686,medium,1,4.0,40.0,6.0,B,15.0
17687,low,0,5.0,10.0,3.6,A,-11.7
17688,,2,2.0,33.0,1.1,B,15.0
17689,medium,5,5.0,10.0,5.2,A,-3.8
17690,low,2,4.0,5.0,1.2,C,-100.0
17691,low,2,10.0,22.0,3.5,A,12.2
17692,medium,1,11.0,16.0,9.9,C,15.0
17693,low,0,3.0,0.0,1.2,A,-100.0
17694,medium,3,5.0,1.0,3.2,C,-100.0
17695,none,3,10.0,9.0,8.3,A,10.6
17696,high,2,3.0,16.0,9.5,C,15.0
17697,medium,0,5.0,33.0,9.8,A,15.0
17698,low,1,8.0,8.0,10.0,A,15.0
17699,medium,2,40.0,31.0,8.1,C,15.0
17700,high,0,15.0,5.0,2.9,D,-100.0
17701,none,0,24.0,18.0,7.8,A,15.0
17702,high,1,7.0,3.0,9.7,A,3.8
17703,none,3,7.0,9.0,1.5,A,-100.0
17704,low,1,9.0,3.0,6.1,C,-13.2
17705,high,1,14.0,8.0,7.3,A,0.4
17706,high,2,14.0,3.0,3.9,A,-100.0
17707,low,2,,5.0,5.0,C,
17708,high,0,6.0,18.0,1.8,C,-7.9
17709,none,6,9.0,18.0,3.9,A,5.1
17710,low,3,6.0,3.0,8.8,A,1.8
17711,low,1,14.0,16.0,4.4,D,4.3
17712,high,1,8.0,6.0,8.9,D,5.6
17713,none,2,1.0,27.0,5.0,B,15.0
17714,none,2,8.0,25.0,4.3,A,15.0
17715,high,0,5.0,9.0,4.7,D,-10.8
17716,high,3,3.0,39.0,7.1,C,15.0
17717,high,3,25.0,2.0,9.6,C,-0.8
17718,high,2,11.0,13.0,4.3,C,-5.4
17719,high,1,11.0,8.0,7.3,A,0.7
17720,high,0,14.0,1.0,3.3,A,-100.0
17721,none,2,15.0,7.0,3.4,A,-100.0
17722,medium,1,4.0,8.0,4.4,A,-11.9
17723,high,0,3.0,6.0,8.8,A,5.7
17724,none,3,8.0,1.0,5.6,B,-100.0
17725,low,0,4.0,37.0,2.3,B,15.0
17726,none,2,8.0,3.0,8.9,A,1.6
17727,medium,4,3.0,1.0,3.2,B,-100.0
17728,high,1,2.0,20.0,8.3,C,15.0
17729,low,3,0.0,1.0,1.5,A,-100.0
17730,medium,0,11.0,7.0,3.5,A,-19.5
17731,high,1,1.0,11.0,,C,
17732,low,0,11.0,1.0,2.2,A,-100.0
17733,none,3,11.0,6.0,9.3,A,9.7
17734,high,3,4.0,6.0,1.7,A,-100.0
17735,low,3,7.0,21.0,8.3,A,15.0
17736,none,3,3.0,16.0,8.3,A,15.0
17737,medium,1,9.0,11.0,4.7,A,-4.4
17738,medium,2,8.0,10.0,8.3,C,13.2
17739,none,1,5.0,31.0,2.8,A,15.0
17740,low,2,9.0,6.0,6.7,A,-3.7
17741,medium,3,10.0,29.0,9.0,B,15.0
17742,high,1,3.0,20.0,9.2,A,15.0
17743,low,0,2.0,20.0,8.8,A,15.0
17744,high,2,13.0,5.0,8.5,B,0.7
17745,low,0,2.0,6.0,8.0,A,4.4
17746,high,3,4.0,22.0,8.2,B,15.0
17747,medium,1,14.0,8.0,7.7,A,5.3
17748,low,1,5.0,5.0,5.5,A,-11.9
17749,high,0,7.0,1.0,4.1,A,-100.0
17750,medium,2,4.0,14.0,6.6,B,12.7
17751,medium,2,17.0,1.0,3.6,B,-100.0
17752,low,2,7.0,2.0,9.7,A,4.6
17753,medium,2,7.0,2.0,7.6,A,-7.3
17754,medium,2,8.0,4.0,3.4,A,-100.0
17755,low,2,10.0,8.0,9.7,A,15.0
17756,medium,1,12.0,3.0,1.9,C,-100.0
17757,none,4,12.0,43.0,8.0,B,15.0
17758,high,1,24.0,4.0,8.5,A,-2.4
17759,high,0,10.0,5.0,8.5,A,1.2
17760,low,1,19.0,0.0,8.0,A,-10.0
17761,medium,2,19.0,21.0,1.1,D,-4.3
17762,high,2,15.0,3.0,8.2,A,-5.3
17763,low,1,1.0,18.0,2.5,C,-0.7
17764,high,1,10.0,1.0,3.6,A,-100.0
17765,high,1,2.0,2.0,2.3,A,-100.0
17766,medium,0,8.0,7.0,5.0,A,-11.0
17767,high,1,2.0,1.0,9.4,D,-1.5
17768,,1,5.0,4.0,9.5,A,7.4
17769,low,1,10.0,1.0,8.3,A,-5.4
17770,high,1,2.0,11.0,1.6,D,-100.0
17771,high,1,5.0,9.0,4.3,A,-13.1
17772,high,4,8.0,22.0,8.7,B,15.0
17773,none,0,5.0,6.0,8.7,A,7.3
17774,medium,0,5.0,50.0,9.6,A,15.0
17775,low,0,5.0,1.0,8.6,A,-3.1
17776,low,2,14.0,4.0,2.7,A,-100.0
17777,high,1,3.0,9.0,2.5,A,-100.0
17778,medium,2,4.0,2.0,2.1,A,-100.0
17779,high,0,2.0,3.0,4.8,A,-100.0
17780,high,0,12.0,36.0,1.4,A,15.0
17781,low,2,13.0,0.0,3.1,A,-100.0
17782,high,1,11.0,10.0,6.5,C,0.5
17783,low,2,7.0,5.0,9.4,A,9.3
17784,none,2,9.0,4.0,5.0,C,-17.8
17785,high,1,5.0,4.0,8.6,A,0.1
17786,low,1,9.0,13.0,2.6,C,-11.4
17787,high,2,15.0,22.0,9.3,A,15.0
17788,none,0,3.0,11.0,3.1,A,-12.8
17789,none,2,13.0,11.0,9.9,C,15.0
17790,medium,0,3.0,13.0,8.2,A,15.0
17791,low,1,5.0,3.0,6.2,A,-12.2
17792,high,4,8.0,0.0,1.3,A,-100.0
17793,high,3,4.0,2.0,9.6,A,1.3
17794,low,1,11.0,36.0,9.1,C,15.0
17795,high,1,1.0,5.0,3.2,A,-100.0
17796,high,1,17.0,8.0,7.9,A,3.4
17797,none,1,9.0,4.0,9.0,B,4.3
17798,none,1,4.0,44.0,2.3,A,15.0
17799,high,0,5.0,4.0,2.8,A,-100.0
17800,low,2,10.0,6.0,2.0,C,-100.0
17801,low,0,6.0,8.0,9.7,A,15.0
17802,medium,3,16.0,4.0,7.2,A,-6.3
17803,,0,6.0,7.0,8.7,A,9.3
17804,high,4,10.0,44.0,6.8,A,15.0
17805,none,1,19.0,4.0,9.4,A,5.5
17806,high,4,0.0,7.0,6.6,A,-4.4
17807,low,4,4.0,6.0,5.0,A,-12.7
17808,high,0,14.0,12.0,5.3,B,-2.1
17809,low,3,9.0,18.0,8.4,A,15.0
17810,none,0,14.0,11.0,6.3,A,3.7
17811,high,1,6.0,32.0,9.7,C,15.0
17812,high,0,2.0,6.0,,A,
17813,medium,1,6.0,2.0,8.2,C,-3.8
17814,high,2,12.0,0.0,9.8,A,-2.5
17815,low,4,3.0,23.0,9.7,C,15.0
17816,low,0,3.0,17.0,5.6,A,14.2
17817,low,1,9.0,21.0,8.1,B,15.0
17818,medium,2,14.0,19.0,8.9,A,15.0
17819,high,2,17.0,3.0,8.4,C,-4.4
17820,,2,22.0,3.0,2.4,A,-100.0
17821,high,1,16.0,20.0,8.1,B,15.0
17822,medium,2,6.0,5.0,2.0,A,-100.0
17823,none,2,37.0,22.0,7.0,A,15.0
17824,medium,0,9.0,5.0,8.1,C,1.7
17825,high,1,4.0,22.0,9.4,B,15.0
17826,low,5,11.0,38.0,1.8,A,15.0
17827,low,2,11.0,21.0,5.2,A,15.0
17828,high,1,11.0,7.0,4.6,A,-16.2
17829,high,3,2.0,0.0,9.5,A,-3.3
17830,medium,3,3.0,35.0,10.0,C,15.0
17831,medium,3,4.0,7.0,8.0,A,5.6
17832,medium,2,15.0,4.0,7.2,C,-6.1
17833,high,2,9.0,7.0,9.4,A,10.3
17834,low,2,17.0,10.0,6.6,A,3.4
17835,medium,0,9.0,13.0,8.3,A,15.0
17836,low,1,3.0,7.0,1.3,C,-100.0
17837,none,3,3.0,3.0,5.5,A,-16.7
17838,high,1,20.0,8.0,8.0,C,3.7
17839,none,0,4.0,11.0,8.3,B,15.0
17840,low,0,3.0,17.0,9.4,A,15.0
17841,medium,0,3.0,20.0,7.3,C,15.0
17842,none,3,18.0,8.0,1.2,A,-100.0
17843,high,2,13.0,19.0,2.9,A,-0.7
17844,high,0,12.0,45.0,1.1,C,15.0
17845,none,0,2.0,5.0,8.8,B,6.1
17846,high,2,10.0,11.0,1.2,A,-100.0
17847,low,5,3.0,6.0,3.1,A,-100.0
17848,none,2,2.0,8.0,8.9,A,12.7
17849,low,1,4.0,0.0,2.9,C,-100.0
17850,high,0,26.0,5.0,3.4,A,-100.0
17851,low,0,5.0,1.0,9.0,A,-0.9
17852,low,1,9.0,14.0,6.1,C,9.9
17853,medium,2,12.0,13.0,8.4,A,15.0
17854,high,3,17.0,15.0,2.8,A,-10.1
17855,low,0,3.0,8.0,4.8,A,-9.1
17856,low,4,40.0,13.0,7.2,A,10.5
17857,high,1,12.0,15.0,7.5,C,15.0
17858,high,2,3.0,2.0,1.4,C,-100.0
17859,low,0,7.0,8.0,9.3,A,15.0
17860,medium,0,14.0,8.0,9.0,A,12.5
17861,,0,12.0,28.0,5.1,A,15.0
17862,none,0,5.0,5.0,9.5,A,9.6
17863,medium,1,3.0,32.0,3.3,A,15.0
17864,medium,1,5.0,8.0,2.3,A,-100.0
17865,high,2,15.0,33.0,8.1,A,15.0
17866,high,0,7.0,6.0,5.8,A,-11.2
17867,low,1,5.0,12.0,8.0,A,15.0
17868,medium,0,11.0,2.0,9.9,A,5.1
17869,medium,1,5.0,23.0,9.7,C,15.0
17870,medium,2,7.0,14.0,2.4,A,-10.7
17871,high,0,5.0,14.0,2.7,A,-11.3
17872,none,0,11.0,22.0,2.5,A,6.2
17873,high,3,10.0,2.0,8.1,B,-7.6
17874,low,1,2.0,0.0,6.6,C,-16.0
17875,low,3,6.0,6.0,2.9,A,-100.0
17876,low,1,5.0,31.0,8.7,D,15.0
17877,high,0,3.0,22.0,10.0,A,15.0
17878,,1,16.0,3.0,3.8,A,-100.0
17879,medium,3,10.0,17.0,8.4,A,15.0
17880,medium,0,5.0,10.0,9.9,A,15.0
17881,medium,2,8.0,1.0,6.1,B,-17.7
17882,low,2,19.0,2.0,1.6,C,-100.0
17883,none,2,7.0,27.0,3.8,A,15.0
17884,high,0,9.0,2.0,8.8,C,-3.3
17885,high,3,18.0,17.0,8.2,A,15.0
17886,high,2,4.0,4.0,3.7,A,-100.0
17887,low,3,3.0,6.0,6.1,A,-6.5
17888,high,2,16.0,19.0,9.3,A,15.0
17889,none,2,5.0,7.0,8.7,A,9.2
17890,high,3,40.0,17.0,1.2,B,-17.0
17891,none,1,,50.0,8.1,C,
17892,low,0,11.0,26.0,9.8,A,15.0
17893,medium,2,18.0,14.0,2.7,A,-10.2
17894,none,1,13.0,5.0,5.3,A,-14.4
17895,none,0,6.0,7.0,8.7,A,9.3
17896,medium,3,19.0,5.0,8.3,A,1.5
17897,none,3,9.0,18.0,7.9,D,15.0
17898,high,0,14.0,17.0,3.7,A,-0.4
17899,low,2,4.0,19.0,7.7,A,15.0
17900,high,2,14.0,43.0,6.4,B,15.0
17901,high,0,4.0,15.0,10.0,C,15.0
17902,high,2,24.0,12.0,9.0,A,15.0
17903,high,1,,3.0,6.4,C,
17904,low,1,7.0,38.0,3.9,C,15.0
17905,none,2,9.0,18.0,5.6,C,14.9
17906,high,3,2.0,10.0,,A,
17907,medium,0,5.0,1.0,6.6,A,-14.5
17908,none,1,5.0,11.0,6.2,A,4.0
17909,high,2,11.0,14.0,2.8,A,-11.5
17910,high,1,7.0,5.0,3.0,C,-100.0
17911,medium,2,3.0,3.0,3.6,A,-100.0
17912,high,2,11.0,5.0,2.5,C,-100.0
17913,,3,7.0,1.0,8.3,A,-5.9
17914,high,3,17.0,14.0,5.5,A,2.6
17915,medium,3,19.0,3.0,1.8,A,-100.0
17916,high,0,2.0,4.0,9.8,A,7.1
17917,high,0,30.0,1.0,9.1,C,-5.9
17918,low,0,11.0,35.0,5.4,A,15.0
17919,low,1,5.0,39.0,3.8,C,15.0
17920,high,2,1.0,11.0,9.2,A,15.0
17921,high,0,11.0,2.0,10.0,D,3.1
17922,high,3,15.0,6.0,5.8,C,-12.3
17923,medium,1,8.0,27.0,3.1,A,15.0
17924,medium,3,8.0,2.0,7.1,A,-10.2
17925,none,1,7.0,42.0,9.5,A,15.0
17926,high,2,2.0,8.0,4.6,A,-13.3
17927,medium,0,25.0,38.0,7.1,A,15.0
17928,high,3,18.0,4.0,9.8,B,5.2
17929,medium,0,6.0,3.0,1.3,A,-100.0
17930,,2,13.0,6.0,2.1,A,-100.0
17931,medium,0,16.0,4.0,9.3,A,5.6
17932,medium,0,5.0,9.0,9.1,A,15.0
17933,high,2,15.0,16.0,4.2,B,-0.0
17934,none,0,8.0,0.0,5.8,A,-100.0
17935,medium,3,4.0,47.0,9.8,B,15.0
17936,medium,0,3.0,20.0,9.1,C,15.0
17937,high,2,12.0,6.0,2.0,A,-100.0
17938,medium,3,10.0,6.0,1.6,A,-100.0
17939,high,1,11.0,20.0,8.7,A,15.0
17940,none,4,3.0,33.0,7.8,A,15.0
17941,low,1,30.0,6.0,2.7,A,-100.0
17942,none,2,5.0,4.0,8.4,A,1.3
17943,low,0,7.0,4.0,8.1,A,0.2
17944,low,1,5.0,3.0,4.5,A,-100.0
17945,high,1,3.0,18.0,9.0,D,15.0
17946,medium,2,18.0,5.0,1.1,A,-100.0
17947,low,2,6.0,12.0,7.7,B,14.7
17948,high,3,13.0,8.0,8.9,C,9.1
17949,high,1,9.0,14.0,3.5,A,-7.4
17950,low,3,17.0,6.0,8.9,C,7.5
17951,high,2,15.0,8.0,3.6,A,-100.0
17952,high,3,7.0,2.0,4.7,C,-100.0
17953,low,1,9.0,11.0,8.6,C,15.0
17954,none,0,10.0,9.0,8.4,A,11.5
17955,high,0,7.0,17.0,5.0,A,7.5
17956,high,1,7.0,16.0,5.8,B,9.7
17957,medium,1,23.0,23.0,2.8,C,8.9
17958,low,3,5.0,50.0,5.2,C,15.0
17959,none,0,10.0,8.0,6.0,A,-3.8
17960,none,0,7.0,11.0,4.6,A,-4.9
17961,none,2,10.0,22.0,7.2,B,15.0
17962,medium,2,10.0,12.0,6.0,A,4.6
17963,low,1,,2.0,1.8,C,
17964,none,4,18.0,1.0,5.4,A,-100.0
17965,high,1,2.0,1.0,2.4,B,-100.0
17966,low,0,18.0,20.0,8.9,A,15.0
17967,none,2,30.0,3.0,9.2,A,1.1
17968,low,0,6.0,30.0,8.7,A,15.0
17969,low,2,8.0,4.0,2.7,A,-100.0
17970,low,1,5.0,2.0,9.3,C,2.7
17971,low,1,15.0,12.0,1.2,C,-100.0
17972,high,0,4.0,30.0,4.1,A,15.0
17973,medium,2,5.0,8.0,3.0,A,-19.8
17974,low,2,10.0,17.0,9.1,B,15.0
17975,high,2,3.0,4.0,3.8,C,-100.0
17976,high,2,8.0,21.0,3.0,A,4.6
17977,none,0,10.0,5.0,9.7,A,10.2
17978,high,1,21.0,3.0,6.2,A,-16.8
17979,none,0,17.0,7.0,5.1,C,-11.6
17980,medium,2,4.0,14.0,3.8,A,-2.7
17981,medium,1,1.0,14.0,2.0,A,-12.2
17982,high,3,10.0,17.0,8.4,C,15.0
17983,none,0,24.0,36.0,6.9,A,15.0
17984,low,2,20.0,17.0,9.1,A,15.0
17985,high,0,8.0,3.0,2.2,C,-100.0
17986,medium,1,6.0,10.0,2.7,A,-17.2
17987,high,2,39.0,9.0,8.7,A,7.6
17988,low,0,10.0,26.0,1.2,A,8.2
17989,low,3,9.0,12.0,7.8,C,14.9
17990,high,0,9.0,28.0,1.5,C,11.1
17991,medium,1,8.0,6.0,1.1,A,-100.0
17992,medium,1,5.0,8.0,3.8,C,-15.3
17993,medium,4,5.0,4.0,1.3,A,-100.0
17994,medium,2,4.0,32.0,1.5,C,15.0
17995,high,2,12.0,7.0,5.7,A,-10.4
17996,none,1,4.0,7.0,9.3,A,12.7
17997,none,2,8.0,10.0,9.2,A,15.0
17998,none,1,6.0,11.0,1.5,A,-100.0
17999,low,2,6.0,8.0,7.0,A,2.5
18000,low,0,8.0,7.0,5.2,D,-9.5
18001,medium,0,1.0,4.0,2.9,B,-100.0
18002,none,0,5.0,7.0,4.4,A,-14.2
18003,high,3,7.0,24.0,3.8,C,15.0
18004,low,1,15.0,18.0,6.9,C,15.0
18005,none,0,3.0,9.0,1.2,A,-100.0
18006,low,3,27.0,3.0,9.0,A,0.8
18007,medium,1,10.0,24.0,9.0,A,15.0
18008,low,2,11.0,25.0,6.7,B,15.0
18009,high,1,17.0,5.0,7.2,A,
18010,high,1,6.0,23.0,7.5,C,15.0
18011,low,0,5.0,5.0,3.2,A,-100.0
18012,high,4,20.0,2.0,4.2,A,-100.0
18013,low,2,12.0,12.0,2.8,C,-12.8
18014,low,3,14.0,36.0,9.9,A,15.0
18015,low,2,14.0,5.0,8.6,A,4.2
18016,none,4,16.0,9.0,4.8,C,-9.3
18017,low,2,6.0,2.0,9.7,A,4.7
18018,none,1,8.0,8.0,3.7,A,-16.4
18019,low,3,2.0,1.0,,D,
18020,high,4,18.0,6.0,9.3,B,6.5
18021,high,1,22.0,7.0,9.5,A,9.6
18022,high,2,9.0,1.0,2.4,A,-100.0
18023,medium,2,13.0,29.0,9.1,A,15.0
18024,high,1,8.0,9.0,8.2,A,8.1
18025,low,5,25.0,17.0,9.6,A,15.0
18026,none,1,8.0,3.0,8.8,A,1.2
18027,low,2,16.0,9.0,10.0,B,15.0
18028,medium,1,9.0,18.0,5.8,C,15.0
18029,none,2,13.0,5.0,3.5,C,-100.0
18030,high,2,5.0,31.0,2.7,C,15.0
18031,medium,1,2.0,23.0,4.2,A,15.0
18032,low,0,8.0,50.0,8.5,A,15.0
18033,low,0,19.0,14.0,2.4,A,-11.3
18034,medium,2,16.0,4.0,8.1,A,-1.2
18035,none,2,1.0,3.0,1.7,A,-100.0
18036,medium,1,16.0,9.0,5.5,A,-4.9
18037,high,0,8.0,2.0,9.9,A,2.8
18038,low,1,9.0,23.0,8.2,A,15.0
18039,low,0,8.0,10.0,4.8,A,-5.4
18040,high,3,40.0,9.0,4.3,C,-16.8
18041,medium,2,16.0,15.0,3.5,C,-3.5
18042,high,3,8.0,1.0,8.4,A,-7.8
18043,high,5,4.0,1.0,5.1,D,-100.0
18044,medium,1,10.0,44.0,4.5,A,15.0
18045,high,2,10.0,2.0,7.4,B,-11.3
18046,none,0,7.0,14.0,9.8,A,15.0
18047,low,1,22.0,2.0,9.0,C,-0.6
18048,none,0,11.0,5.0,5.0,A,-15.7
18049,low,3,12.0,6.0,7.1,A,-1.9
18050,low,3,16.0,20.0,9.3,C,15.0
18051,low,0,12.0,5.0,8.6,B,4.6
18052,low,1,20.0,24.0,9.8,A,15.0
18053,medium,1,3.0,13.0,4.1,D,-2.9
18054,none,0,4.0,5.0,5.9,C,-10.1
18055,high,0,3.0,19.0,6.1,A,15.0
18056,low,1,8.0,36.0,7.1,C,15.0
18057,none,2,0.0,7.0,4.8,B,-11.7
18058,none,0,25.0,3.0,5.9,A,-16.4
18059,medium,3,9.0,2.0,1.3,B,-100.0
18060,high,2,10.0,9.0,5.9,B,-4.9
18061,low,0,10.0,11.0,8.5,C,15.0
18062,high,0,2.0,20.0,3.4,A,5.5
18063,medium,1,5.0,25.0,8.9,A,15.0
18064,high,4,7.0,13.0,1.5,C,-100.0
18065,low,2,10.0,38.0,7.5,A,15.0
18066,high,3,6.0,12.0,4.5,A,-6.0
18067,high,0,5.0,15.0,9.1,A,15.0
18068,low,1,3.0,10.0,3.8,A,-10.5
18069,low,2,4.0,12.0,4.2,A,-4.3
18070,high,2,18.0,27.0,9.6,A,15.0
18071,none,1,9.0,0.0,5.8,A,-100.0
18072,medium,4,23.0,3.0,5.8,A,-16.9
18073,medium,2,17.0,17.0,8.2,A,15.0
18074,low,3,6.0,1.0,9.0,A,-1.3
18075,low,2,1.0,5.0,8.2,B,3.3
18076,none,1,3.0,10.0,6.7,A,4.8
18077,high,1,9.0,7.0,3.2,A,-100.0
18078,none,4,6.0,3.0,9.7,A,6.0
18079,high,1,16.0,20.0,5.5,A,15.0
18080,low,1,2.0,10.0,8.5,D,15.0
18081,medium,0,13.0,18.0,8.1,B,15.0
18082,high,0,8.0,19.0,7.5,C,15.0
18083,low,2,18.0,11.0,9.5,A,15.0
18084,high,0,4.0,5.0,2.9,A,-100.0
18085,medium,1,17.0,5.0,3.8,A,-100.0
18086,low,5,24.0,3.0,10.0,B,6.4
18087,low,2,6.0,2.0,9.9,A,5.8
18088,high,2,15.0,6.0,2.0,A,-100.0
18089,medium,2,4.0,6.0,9.6,A,12.4
18090,high,2,4.0,26.0,8.6,A,15.0
18091,high,1,24.0,6.0,1.4,A,-100.0
18092,,1,3.0,14.0,7.7,C,15.0
18093,low,0,11.0,6.0,6.3,D,-5.9
18094,medium,0,10.0,13.0,5.8,A,5.8
18095,medium,1,7.0,21.0,3.7,A,11.3
18096,medium,1,13.0,4.0,1.6,A,-100.0
18097,low,3,4.0,23.0,2.0,A,6.6
18098,low,0,6.0,1.0,8.4,A,-4.3
18099,high,3,14.0,13.0,3.1,A,-12.4
18100,high,1,10.0,27.0,2.9,A,15.0
18101,,3,12.0,17.0,9.6,C,15.0
18102,,2,12.0,21.0,9.2,C,15.0
18103,none,0,6.0,4.0,2.5,A,-100.0
18104,high,2,23.0,1.0,8.7,C,-7.6
18105,high,3,5.0,9.0,7.6,C,4.9
18106,medium,1,7.0,6.0,8.4,A,5.6
18107,high,1,5.0,0.0,9.7,A,-2.3
18108,low,2,5.0,19.0,3.8,D,8.1
18109,medium,1,14.0,1.0,3.6,A,-100.0
18110,low,0,25.0,16.0,5.7,A,10.4
18111,none,2,9.0,6.0,9.4,A,10.6
18112,none,2,5.0,15.0,8.4,D,15.0
18113,high,0,7.0,4.0,7.4,A,-6.6
18114,high,0,7.0,7.0,5.6,A,-10.2
18115,high,1,6.0,9.0,2.4,A,-100.0
18116,medium,0,4.0,0.0,8.4,A,-6.6
18117,none,1,11.0,45.0,6.2,A,15.0
18118,high,2,37.0,33.0,8.7,D,15.0
18119,medium,1,7.0,10.0,3.9,A,-10.8
18120,high,3,2.0,29.0,4.8,C,15.0
18121,medium,3,5.0,39.0,5.2,C,15.0
18122,none,2,3.0,20.0,9.6,C,15.0
18123,high,1,27.0,4.0,1.6,A,-100.0
18124,medium,2,6.0,11.0,8.8,A,15.0
18125,high,1,16.0,1.0,3.4,B,-100.0
18126,none,2,10.0,26.0,7.7,A,15.0
18127,high,1,20.0,8.0,8.8,A,8.1
18128,medium,3,9.0,31.0,8.4,A,15.0
18129,high,2,6.0,0.0,3.4,A,-100.0
18130,medium,0,26.0,14.0,9.3,B,15.0
18131,none,1,24.0,14.0,1.8,D,-15.8
18132,medium,1,4.0,17.0,9.5,A,15.0
18133,medium,1,15.0,13.0,9.3,A,15.0
18134,high,2,13.0,49.0,9.6,B,15.0
18135,low,3,5.0,16.0,5.0,A,8.3
18136,medium,1,16.0,45.0,7.9,D,15.0
18137,none,0,15.0,4.0,6.3,B,-11.1
18138,low,2,6.0,16.0,5.1,A,8.8
18139,high,3,9.0,8.0,6.6,D,-3.1
18140,high,2,9.0,15.0,7.5,A,15.0
18141,low,2,9.0,21.0,8.9,A,15.0
18142,medium,4,,1.0,6.7,C,
18143,medium,3,13.0,1.0,3.9,C,-100.0
18144,high,1,10.0,18.0,6.8,A,15.0
18145,medium,2,2.0,0.0,4.2,D,-100.0
18146,high,1,6.0,3.0,5.0,A,-100.0
18147,low,1,8.0,4.0,5.8,A,-12.6
18148,medium,2,14.0,1.0,3.2,A,-100.0
18149,high,0,0.0,7.0,6.1,A,-6.8
18150,medium,2,8.0,1.0,9.6,A,1.5
18151,high,1,10.0,19.0,5.8,B,15.0
18152,medium,2,14.0,4.0,7.6,A,-3.8
18153,medium,1,13.0,4.0,7.3,A,-5.2
18154,high,3,14.0,12.0,6.7,A,5.3
18155,high,0,8.0,2.0,8.6,A,-4.3
18156,medium,2,3.0,9.0,9.6,A,15.0
18157,high,3,2.0,12.0,3.8,A,-9.4
18158,low,2,10.0,46.0,4.7,B,15.0
18159,high,3,3.0,11.0,8.8,C,15.0
18160,low,3,20.0,17.0,4.1,B,3.9
18161,high,3,3.0,2.0,2.7,B,-100.0
18162,high,1,10.0,7.0,3.2,A,-100.0
18163,high,2,4.0,2.0,8.5,A,-4.7
18164,medium,0,4.0,11.0,6.1,A,3.8
18165,high,0,9.0,8.0,9.2,C,11.5
18166,none,2,21.0,12.0,2.9,A,-13.8
18167,high,3,6.0,16.0,9.4,A,15.0
18168,medium,2,10.0,2.0,7.8,A,-6.5
18169,high,0,14.0,2.0,6.0,A,-19.2
18170,none,0,12.0,5.0,3.0,C,-100.0
18171,high,0,22.0,4.0,6.1,A,-15.3
18172,medium,3,8.0,0.0,3.1,A,-100.0
18173,low,2,3.0,1.0,8.9,A,-1.5
18174,medium,0,1.0,7.0,4.2,A,-14.7
18175,high,4,5.0,14.0,3.4,B,-7.8
18176,low,0,13.0,6.0,8.9,A,8.2
18177,medium,5,3.0,2.0,2.2,A,-100.0
18178,low,2,16.0,50.0,5.8,A,15.0
18179,medium,1,6.0,3.0,9.2,A,3.8
18180,low,1,15.0,30.0,1.2,A,15.0
18181,low,2,6.0,3.0,8.5,A,0.2
18182,medium,2,12.0,6.0,7.1,A,-2.2
18183,medium,1,6.0,7.0,5.1,C,-10.3
18184,high,2,23.0,2.0,1.9,C,-100.0
18185,high,1,18.0,11.0,3.7,A,-13.5
18186,high,3,6.0,13.0,2.4,C,-15.4
18187,none,1,7.0,8.0,1.9,A,-100.0
18188,medium,5,11.0,7.0,1.4,A,-100.0
18189,high,1,8.0,5.0,8.2,C,-0.3
18190,medium,1,4.0,0.0,5.4,A,-100.0
18191,low,1,15.0,50.0,4.8,C,15.0
18192,low,4,2.0,34.0,4.2,A,15.0
18193,medium,1,4.0,3.0,1.6,A,-100.0
18194,low,1,10.0,10.0,5.5,A,-1.9
18195,none,1,8.0,2.0,7.9,D,-5.9
18196,none,2,8.0,13.0,8.8,C,15.0
18197,none,2,11.0,25.0,8.6,C,15.0
18198,medium,0,8.0,8.0,7.9,A,7.0
18199,medium,1,2.0,45.0,1.9,A,15.0
18200,high,1,2.0,16.0,5.1,A,6.3
18201,medium,1,13.0,9.0,1.7,D,-100.0
18202,medium,0,12.0,13.0,8.8,A,15.0
18203,,1,3.0,33.0,3.6,C,15.0
18204,low,1,7.0,50.0,3.0,C,15.0
18205,medium,2,4.0,12.0,8.1,C,15.0
18206,high,0,18.0,12.0,2.6,C,-17.3
18207,none,1,12.0,23.0,5.2,A,15.0
18208,none,0,6.0,23.0,9.2,A,15.0
18209,low,1,10.0,2.0,9.4,C,2.8
18210,medium,1,15.0,8.0,6.4,B,-2.0
18211,high,1,7.0,10.0,1.2,D,-100.0
18212,medium,4,11.0,17.0,5.4,A,11.5
18213,low,1,4.0,2.0,3.5,C,-100.0
18214,medium,3,2.0,1.0,4.4,A,-100.0
18215,high,3,5.0,2.0,8.3,A,-6.0
18216,medium,1,6.0,22.0,1.2,A,-0.3
18217,low,3,8.0,5.0,7.0,A,-4.1
18218,high,2,8.0,5.0,6.5,B,-9.8
18219,medium,1,19.0,16.0,6.2,A,13.3
18220,low,1,8.0,7.0,3.2,A,-100.0
18221,low,1,4.0,2.0,4.2,A,-100.0
18222,medium,4,6.0,31.0,4.0,A,15.0
18223,low,3,2.0,7.0,2.4,B,-100.0
18224,low,2,8.0,15.0,7.7,A,15.0
18225,high,0,4.0,2.0,1.3,D,-100.0
18226,medium,1,8.0,6.0,9.4,A,11.0
18227,low,2,16.0,16.0,8.6,A,15.0
18228,high,0,4.0,0.0,7.6,A,-13.6
18229,low,0,10.0,18.0,7.5,A,15.0
18230,high,2,36.0,39.0,3.2,A,15.0
18231,none,1,14.0,13.0,5.9,C,5.6
18232,,0,7.0,2.0,4.2,A,-100.0
18233,none,1,12.0,12.0,5.9,A,3.7
18234,high,2,8.0,8.0,6.9,A,-1.3
18235,low,4,7.0,6.0,1.8,A,-100.0
18236,high,0,4.0,15.0,9.9,C,15.0
18237,high,1,12.0,36.0,2.0,B,15.0
18238,low,0,3.0,18.0,9.8,C,15.0
18239,high,1,15.0,2.0,9.0,C,-2.9
18240,medium,0,5.0,40.0,6.1,A,15.0
18241,high,0,17.0,1.0,9.2,A,-4.0
18242,high,0,2.0,19.0,4.9,A,11.6
18243,none,2,15.0,37.0,8.8,A,15.0
18244,high,1,17.0,2.0,8.6,A,-5.3
18245,high,1,11.0,20.0,9.4,B,15.0
18246,high,0,21.0,14.0,9.7,A,15.0
18247,low,1,19.0,11.0,9.4,A,15.0
18248,none,1,6.0,4.0,1.6,A,-100.0
18249,high,2,11.0,1.0,2.9,A,-100.0
18250,none,0,11.0,14.0,8.0,A,15.0
18251,medium,2,13.0,13.0,8.2,A,15.0
18252,high,1,15.0,1.0,8.8,B,-6.1
18253,medium,1,20.0,9.0,6.8,A,1.8
18254,high,3,3.0,23.0,3.1,A,9.7
18255,low,2,13.0,4.0,8.2,A,-0.0
18256,high,0,9.0,4.0,8.8,A,0.9
18257,low,1,8.0,39.0,8.4,A,15.0
18258,none,2,12.0,8.0,3.0,C,-100.0
18259,high,3,6.0,17.0,3.4,A,-1.5
18260,medium,1,14.0,11.0,8.6,A,15.0
18261,high,1,9.0,2.0,9.0,A,-2.3
18262,high,3,23.0,10.0,8.3,A,9.0
18263,medium,1,10.0,7.0,8.5,A,7.9
18264,high,0,34.0,8.0,2.8,B,-100.0
18265,high,1,10.0,40.0,3.3,A,15.0
18266,high,2,2.0,10.0,5.7,A,-3.1
18267,high,2,28.0,5.0,8.9,C,1.4
18268,low,4,18.0,5.0,9.1,A,6.3
18269,low,0,7.0,23.0,1.0,B,1.1
18270,,2,20.0,11.0,8.5,A,15.0
18271,low,3,14.0,26.0,2.8,B,15.0
18272,high,0,10.0,24.0,2.3,A,7.0
18273,low,0,6.0,6.0,6.7,A,-3.2
18274,low,0,4.0,5.0,2.8,C,-100.0
18275,low,2,9.0,8.0,3.2,A,-18.7
18276,high,1,16.0,3.0,8.0,A,-6.4
18277,low,0,10.0,17.0,3.7,B,3.0
18278,none,1,5.0,28.0,3.3,A,15.0
18279,none,1,4.0,11.0,1.7,A,-100.0
18280,low,2,,8.0,9.1,C,
18281,low,2,0.0,6.0,3.0,C,-100.0
18282,medium,4,6.0,1.0,1.4,A,-100.0
18283,low,2,6.0,19.0,2.6,D,1.4
18284,,3,11.0,19.0,4.9,A,12.8
18285,medium,0,3.0,3.0,1.8,C,-100.0
18286,medium,3,9.0,39.0,2.2,A,15.0
18287,low,0,6.0,21.0,9.2,A,15.0
18288,high,1,13.0,5.0,2.4,B,-100.0
18289,low,1,10.0,3.0,9.5,A,5.4
18290,,3,5.0,5.0,8.5,C,3.8
18291,,2,8.0,8.0,3.8,A,-15.9
18292,high,2,10.0,5.0,3.9,A,-100.0
18293,high,2,7.0,12.0,7.8,A,12.2
18294,none,1,9.0,7.0,2.3,B,-100.0
18295,low,2,,2.0,1.0,C,
18296,high,0,8.0,4.0,7.5,A,-6.2
18297,low,4,3.0,8.0,8.2,B,9.2
18298,none,3,8.0,2.0,4.6,C,-100.0
18299,medium,2,5.0,18.0,5.5,B,15.0
18300,low,2,5.0,31.0,6.8,A,15.0
18301,high,2,5.0,0.0,5.5,A,-100.0
18302,none,0,4.0,25.0,1.4,A,7.2
18303,,2,6.0,32.0,2.8,B,15.0
18304,high,1,16.0,6.0,2.3,A,-100.0
18305,medium,3,33.0,9.0,8.4,B,9.1
18306,low,5,2.0,3.0,6.0,A,-13.4
18307,low,2,1.0,2.0,2.6,A,-100.0
18308,low,3,10.0,8.0,4.6,A,-11.2
18309,medium,2,3.0,5.0,5.2,A,-13.8
18310,high,1,2.0,3.0,7.1,C,-10.0
18311,low,1,6.0,5.0,6.5,A,-6.5
18312,high,0,10.0,11.0,9.7,A,15.0
18313,medium,3,5.0,6.0,9.3,A,10.5
18314,high,1,17.0,8.0,8.1,A,4.5
18315,high,1,5.0,13.0,9.4,A,15.0
18316,high,0,9.0,5.0,9.5,A,6.8
18317,low,1,8.0,25.0,5.8,A,15.0
18318,high,1,6.0,1.0,9.4,C,-1.9
18319,medium,0,3.0,4.0,2.6,A,-100.0
18320,,0,4.0,15.0,5.8,A,10.4
18321,medium,0,6.0,19.0,9.3,A,15.0
18322,low,0,6.0,7.0,4.7,A,-12.1
18323,medium,4,15.0,1.0,9.3,A,-1.1
18324,medium,1,3.0,1.0,2.1,A,-100.0
18325,medium,1,8.0,0.0,6.0,C,-100.0
18326,low,0,6.0,25.0,9.1,B,15.0
18327,medium,2,11.0,23.0,1.3,A,1.7
18328,medium,2,16.0,7.0,2.7,A,-100.0
18329,medium,1,2.0,9.0,4.8,B,-7.4
18330,medium,1,12.0,12.0,3.6,B,-8.7
18331,high,1,4.0,8.0,2.6,A,-100.0
18332,high,2,10.0,1.0,9.0,A,-4.6
18333,high,3,14.0,11.0,9.2,A,15.0
18334,low,0,16.0,5.0,6.5,D,-7.4
18335,high,0,15.0,1.0,3.8,C,-100.0
18336,medium,1,7.0,16.0,9.5,A,15.0
18337,low,4,13.0,7.0,6.3,A,-4.4
18338,low,1,3.0,13.0,2.0,B,-14.1
18339,low,1,0.0,2.0,9.7,A,5.4
18340,medium,1,21.0,12.0,9.0,A,15.0
18341,medium,2,7.0,22.0,9.6,C,15.0
18342,none,1,8.0,24.0,8.9,A,15.0
18343,medium,4,12.0,0.0,2.3,A,-100.0
18344,low,2,2.0,1.0,3.5,C,-100.0
18345,none,3,5.0,1.0,9.5,C,0.9
18346,high,3,6.0,16.0,8.8,A,15.0
18347,medium,1,32.0,4.0,8.5,A,-0.6
18348,low,5,15.0,22.0,4.6,D,15.0
18349,medium,1,14.0,3.0,7.3,B,-7.4
18350,medium,3,9.0,7.0,8.1,A,5.7
18351,high,4,15.0,3.0,9.5,A,1.6
18352,high,0,10.0,29.0,8.3,A,15.0
18353,low,2,13.0,13.0,2.9,A,-10.3
18354,low,1,4.0,28.0,4.4,A,15.0
18355,low,1,11.0,1.0,4.2,A,-100.0
18356,medium,3,8.0,0.0,6.3,A,-18.8
18357,high,2,11.0,4.0,5.9,A,-15.5
18358,none,0,4.0,10.0,1.4,A,-100.0
18359,low,0,9.0,21.0,9.9,D,15.0
18360,medium,0,5.0,3.0,8.9,A,2.3
18361,high,0,7.0,0.0,3.4,A,-100.0
18362,medium,2,6.0,18.0,2.6,A,-1.1
18363,low,0,17.0,1.0,9.2,C,-1.0
18364,medium,4,6.0,10.0,8.9,A,15.0
18365,high,3,1.0,7.0,6.2,A,-6.6
18366,none,1,9.0,9.0,8.2,A,10.4
18367,high,1,10.0,5.0,8.7,A,2.2
18368,medium,1,3.0,29.0,3.6,A,15.0
18369,medium,2,6.0,16.0,4.8,A,6.8
18370,low,1,7.0,13.0,8.6,B,15.0
18371,high,1,4.0,11.0,5.6,C,-1.6
18372,high,2,1.0,5.0,9.7,A,8.5
18373,low,1,3.0,4.0,1.6,D,-100.0
18374,low,2,5.0,4.0,2.2,D,-100.0
18375,none,4,9.0,3.0,2.7,A,-100.0
18376,none,3,18.0,21.0,9.8,A,15.0
18377,medium,2,8.0,2.0,8.6,A,-1.9
18378,none,3,2.0,1.0,7.2,A,-11.4
18379,low,2,14.0,37.0,2.8,D,15.0
18380,high,2,5.0,9.0,4.3,A,-13.2
18381,medium,3,1.0,29.0,5.9,A,15.0
18382,none,1,4.0,4.0,6.9,C,-6.8
18383,low,1,11.0,9.0,10.0,A,15.0
18384,low,1,31.0,50.0,8.2,A,15.0
18385,medium,3,14.0,2.0,1.4,C,-100.0
18386,medium,3,4.0,4.0,8.7,C,3.2
18387,low,2,2.0,10.0,2.5,A,-17.7
18388,high,0,5.0,7.0,9.7,A,12.5
18389,medium,3,4.0,12.0,4.2,A,-4.8
18390,low,0,3.0,6.0,2.8,A,-100.0
18391,low,1,5.0,4.0,1.1,A,-100.0
18392,high,1,8.0,7.0,3.9,A,-19.8
18393,medium,1,15.0,4.0,1.7,C,-100.0
18394,medium,1,6.0,15.0,8.5,B,15.0
18395,low,1,11.0,3.0,8.5,C,-0.2
18396,medium,2,11.0,7.0,8.7,A,8.9
18397,low,2,3.0,50.0,8.4,A,15.0
18398,medium,2,6.0,10.0,9.7,D,15.0
18399,low,1,10.0,8.0,4.3,B,-12.7
18400,medium,1,33.0,50.0,2.6,D,15.0
18401,high,0,10.0,1.0,1.2,A,-100.0
18402,none,1,3.0,1.0,9.8,C,3.0
18403,none,2,5.0,2.0,5.7,C,-17.8
18404,medium,3,11.0,2.0,10.0,A,5.4
18405,none,3,1.0,2.0,2.9,D,-100.0
18406,medium,0,,3.0,8.1,C,
18407,medium,2,26.0,3.0,4.9,A,-100.0
18408,low,1,18.0,50.0,6.3,A,15.0
18409,high,2,4.0,2.0,1.2,A,-100.0
18410,high,1,16.0,8.0,2.7,A,-100.0
18411,low,0,5.0,2.0,8.1,A,-3.8
18412,low,1,8.0,1.0,4.2,A,-100.0
18413,medium,0,18.0,14.0,3.5,A,-5.5
18414,high,0,1.0,50.0,5.6,A,15.0
18415,high,5,12.0,10.0,5.5,A,-5.5
18416,medium,1,7.0,10.0,3.0,A,-15.7
18417,low,0,12.0,5.0,7.9,A,0.7
18418,low,1,10.0,11.0,8.8,A,15.0
18419,high,1,15.0,29.0,1.3,C,11.4
18420,medium,2,8.0,32.0,8.3,B,15.0
18421,low,2,6.0,17.0,6.6,C,15.0
18422,low,2,7.0,28.0,9.7,C,15.0
18423,medium,2,3.0,37.0,9.6,A,15.0
18424,low,1,24.0,5.0,5.4,C,-14.3
18425,low,2,5.0,23.0,6.9,A,15.0
18426,high,3,14.0,1.0,2.8,A,-100.0
18427,medium,1,4.0,25.0,1.0,A,5.1
18428,medium,1,15.0,3.0,9.2,D,2.9
18429,low,1,6.0,10.0,1.6,C,-100.0
18430,low,1,1.0,3.0,2.2,A,-100.0
18431,none,2,19.0,8.0,3.3,A,-19.8
18432,medium,2,16.0,8.0,1.7,C,-100.0
18433,medium,1,13.0,15.0,4.1,A,0.3
18434,medium,2,26.0,7.0,1.5,A,-100.0
18435,medium,1,9.0,18.0,5.8,A,15.0
18436,medium,2,1.0,16.0,4.4,A,5.1
18437,low,2,2.0,22.0,8.6,A,15.0
18438,low,1,8.0,0.0,9.4,C,-1.2
18439,high,3,1.0,23.0,2.5,A,6.6
18440,medium,0,10.0,29.0,9.9,A,15.0
18441,low,0,12.0,21.0,4.7,B,15.0
18442,high,0,22.0,18.0,9.6,A,15.0
18443,high,2,11.0,2.0,9.7,A,1.2
18444,high,1,3.0,5.0,2.0,C,-100.0
18445,low,1,18.0,50.0,9.4,A,15.0
18446,medium,2,7.0,2.0,8.9,A,-0.1
18447,high,2,2.0,4.0,8.7,A,0.8
18448,high,1,9.0,1.0,1.2,C,-100.0
18449,high,1,15.0,22.0,5.1,A,15.0
18450,medium,2,8.0,29.0,3.9,C,15.0
18451,high,3,16.0,8.0,9.5,A,12.1
18452,low,3,7.0,7.0,8.9,B,10.6
18453,high,2,10.0,8.0,5.5,D,-9.2
18454,none,2,7.0,12.0,8.2,A,15.0
18455,high,0,3.0,2.0,3.0,A,-100.0
18456,medium,1,8.0,1.0,7.9,A,-7.8
18457,high,1,6.0,10.0,8.6,C,12.6
18458,low,2,7.0,5.0,6.9,A,-4.5
18459,high,0,6.0,1.0,1.3,B,-100.0
18460,medium,2,31.0,3.0,9.3,A,1.8
18461,low,1,36.0,2.0,8.1,D,-7.0
18462,low,1,3.0,23.0,1.4,A,3.6
18463,high,0,4.0,17.0,9.3,A,15.0
18464,high,1,2.0,5.0,5.3,A,-15.7
18465,high,0,2.0,4.0,9.6,A,6.0
18466,high,0,8.0,21.0,7.8,B,15.0
18467,medium,0,10.0,50.0,9.5,A,15.0
18468,none,3,8.0,9.0,6.0,A,-1.8
18469,low,2,11.0,1.0,4.2,A,-100.0
18470,high,1,0.0,7.0,1.5,A,-100.0
18471,medium,1,4.0,23.0,3.0,A,11.9
18472,low,5,3.0,10.0,9.7,A,15.0
18473,low,0,13.0,24.0,1.7,D,6.4
18474,none,0,9.0,10.0,9.3,A,15.0
18475,low,0,20.0,4.0,1.7,B,-100.0
18476,low,2,14.0,35.0,8.4,A,15.0
18477,low,3,1.0,16.0,9.8,A,15.0
18478,high,1,2.0,4.0,6.7,A,-10.1
18479,medium,2,10.0,1.0,8.6,A,-4.2
18480,high,2,17.0,5.0,1.9,C,-100.0
18481,medium,2,10.0,4.0,9.9,A,9.2
18482,low,2,7.0,18.0,7.9,A,15.0
18483,low,0,6.0,2.0,2.9,A,-100.0
18484,high,3,8.0,7.0,6.6,A,-5.1
18485,high,1,6.0,49.0,4.3,C,15.0
18486,high,1,3.0,23.0,9.6,B,15.0
18487,medium,0,5.0,3.0,9.3,A,4.6
18488,low,1,5.0,5.0,3.8,A,-100.0
18489,low,2,8.0,4.0,3.1,D,-100.0
18490,medium,1,,4.0,5.8,C,
18491,low,2,9.0,15.0,5.1,A,6.4
18492,high,1,5.0,0.0,1.8,A,-100.0
18493,low,1,7.0,11.0,3.1,A,-12.7
18494,low,1,30.0,26.0,6.1,A,15.0
18495,low,3,6.0,2.0,8.7,A,-0.9
18496,high,1,6.0,3.0,2.2,C,-100.0
18497,high,0,6.0,10.0,9.3,A,15.0
18498,high,0,8.0,6.0,8.3,A,2.4
18499,medium,1,1.0,6.0,8.7,C,7.9
18500,low,2,2.0,9.0,7.1,D,5.5
18501,medium,2,20.0,1.0,8.9,B,-3.5
18502,medium,3,10.0,6.0,8.4,A,5.1
18503,high,1,8.0,11.0,5.5,A,-2.6
18504,high,2,11.0,17.0,8.7,C,15.0
18505,high,1,18.0,4.0,9.7,B,4.8
18506,medium,1,18.0,10.0,2.5,A,-19.5
18507,none,3,4.0,0.0,9.5,A,-1.1
18508,low,1,10.0,30.0,2.7,C,15.0
18509,high,0,7.0,50.0,9.8,A,15.0
18510,medium,0,6.0,0.0,5.5,B,-100.0
18511,medium,2,10.0,12.0,5.5,B,1.8
18512,medium,2,5.0,14.0,1.2,A,-17.1
18513,medium,2,8.0,50.0,1.2,A,15.0
18514,medium,1,9.0,3.0,7.9,A,-3.7
18515,low,1,16.0,6.0,3.0,A,-100.0
18516,high,1,9.0,1.0,5.6,A,-100.0
18517,high,0,6.0,7.0,9.0,C,8.6
18518,low,0,,21.0,3.8,C,
18519,none,2,0.0,14.0,1.5,A,-15.2
18520,low,0,17.0,14.0,3.7,A,-4.0
18521,none,4,2.0,3.0,9.4,B,4.8
18522,low,0,10.0,10.0,9.8,A,15.0
18523,low,0,2.0,0.0,1.3,A,-100.0
18524,high,2,19.0,1.0,9.8,A,-1.1
18525,high,1,14.0,16.0,2.7,A,-8.1
18526,medium,2,10.0,1.0,6.8,A,-14.1
18527,low,2,8.0,33.0,1.5,C,15.0
18528,low,1,11.0,13.0,2.8,C,-10.5
18529,medium,1,8.0,16.0,8.8,A,15.0
18530,medium,3,12.0,8.0,8.7,A,10.7
18531,medium,0,11.0,22.0,9.1,A,15.0
18532,medium,1,13.0,3.0,8.1,A,-2.9
18533,high,1,8.0,3.0,1.5,A,-100.0
18534,high,0,8.0,0.0,9.5,A,-3.6
18535,medium,0,2.0,6.0,9.8,A,13.9
18536,none,0,6.0,10.0,9.3,B,15.0
18537,high,1,38.0,3.0,8.6,A,-5.3
18538,medium,1,20.0,0.0,5.2,D,-100.0
18539,low,2,2.0,2.0,8.6,A,-0.9
18540,high,2,3.0,7.0,3.9,A,-19.4
18541,medium,1,3.0,47.0,7.9,C,15.0
18542,low,1,10.0,1.0,2.8,C,-100.0
18543,high,0,6.0,9.0,8.5,A,10.0
18544,low,4,12.0,28.0,2.4,B,15.0
18545,medium,1,6.0,6.0,9.0,A,9.0
18546,high,2,24.0,4.0,9.8,A,4.7
18547,high,3,3.0,18.0,10.0,A,15.0
18548,low,1,3.0,3.0,4.9,A,-19.2
18549,high,2,12.0,14.0,6.3,A,7.6
18550,high,1,4.0,16.0,6.3,A,12.7
18551,low,2,14.0,32.0,8.0,A,15.0
18552,medium,1,8.0,9.0,1.4,A,-100.0
18553,high,2,1.0,36.0,6.5,A,15.0
18554,low,1,16.0,7.0,9.6,A,13.8
18555,medium,1,7.0,18.0,9.5,A,15.0
18556,none,1,8.0,2.0,3.7,A,-100.0
18557,high,1,9.0,2.0,9.4,C,-0.1
18558,high,1,3.0,21.0,1.7,A,-2.0
18559,low,1,6.0,10.0,1.6,B,-100.0
18560,medium,2,17.0,4.0,5.0,A,-18.4
18561,low,1,5.0,16.0,2.0,C,-8.0
18562,medium,1,,17.0,2.1,C,
18563,high,1,9.0,10.0,9.0,C,14.5
18564,low,3,1.0,10.0,9.5,A,15.0
18565,low,1,9.0,50.0,2.0,A,15.0
18566,,3,15.0,7.0,3.3,A,-100.0
18567,medium,0,8.0,14.0,5.1,C,4.3
18568,high,1,1.0,25.0,5.4,D,15.0
18569,low,2,8.0,8.0,9.0,B,13.3
18570,medium,2,7.0,15.0,8.3,C,15.0
18571,low,1,24.0,7.0,7.7,B,2.5
18572,none,1,11.0,48.0,2.4,C,15.0
18573,medium,2,10.0,12.0,3.4,A,-9.7
18574,medium,0,26.0,4.0,9.0,A,2.9
18575,low,0,3.0,38.0,8.2,A,15.0
18576,low,1,11.0,1.0,5.0,A,-100.0
18577,low,2,4.0,5.0,7.3,A,-2.0
18578,low,2,10.0,25.0,10.0,A,15.0
18579,low,2,5.0,3.0,2.9,D,-100.0
18580,none,0,6.0,7.0,9.1,C,11.5
18581,medium,2,4.0,1.0,2.1,C,-100.0
18582,high,0,14.0,22.0,1.0,A,-4.7
18583,low,1,9.0,5.0,2.0,C,-100.0
18584,low,2,5.0,8.0,9.2,A,14.7
18585,none,0,5.0,21.0,6.4,C,15.0
18586,medium,1,1.0,13.0,8.9,A,15.0
18587,low,2,2.0,2.0,9.7,A,5.1
18588,high,0,7.0,20.0,5.6,C,15.0
18589,medium,1,16.0,18.0,1.5,A,-8.0
18590,medium,0,11.0,22.0,9.8,A,15.0
18591,high,1,5.0,1.0,4.0,A,-100.0
18592,high,0,6.0,4.0,9.7,A,6.1
18593,medium,2,1.0,50.0,6.0,C,15.0
18594,medium,6,4.0,10.0,9.7,A,15.0
18595,medium,3,7.0,3.0,8.4,C,-0.9
18596,high,3,8.0,45.0,9.0,C,15.0
18597,high,1,22.0,22.0,7.5,D,15.0
18598,low,0,32.0,38.0,7.4,A,15.0
18599,high,0,6.0,29.0,8.1,C,15.0
18600,low,0,13.0,50.0,7.3,A,15.0
18601,low,0,6.0,29.0,9.9,A,15.0
18602,medium,2,6.0,17.0,8.6,A,15.0
18603,high,2,1.0,12.0,5.3,A,-1.0
18604,low,5,4.0,11.0,3.8,A,-8.9
18605,none,1,7.0,2.0,8.2,A,-4.1
18606,none,1,9.0,4.0,8.4,A,1.0
18607,medium,0,14.0,0.0,8.5,A,-7.0
18608,high,1,14.0,2.0,9.6,A,0.5
18609,none,2,9.0,6.0,4.5,A,-16.4
18610,low,1,3.0,2.0,7.8,B,-5.3
18611,low,2,7.0,2.0,2.0,A,-100.0
18612,high,3,15.0,4.0,9.1,C,1.6
18613,low,1,9.0,37.0,5.5,A,15.0
18614,none,3,6.0,22.0,9.6,D,15.0
18615,high,4,9.0,4.0,5.9,C,-15.5
18616,low,4,14.0,1.0,8.4,A,-5.5
18617,none,1,6.0,13.0,9.4,A,15.0
18618,none,2,6.0,9.0,7.5,A,6.7
18619,low,2,3.0,1.0,9.4,D,1.3
18620,medium,2,,5.0,8.1,C,
18621,low,1,8.0,31.0,5.3,A,15.0
18622,medium,2,9.0,3.0,8.8,A,1.2
18623,medium,1,10.0,2.0,1.9,A,-100.0
18624,medium,0,10.0,12.0,5.8,C,3.7
18625,low,1,13.0,15.0,2.6,C,-7.6
18626,high,0,18.0,11.0,4.6,A,-8.4
18627,high,2,17.0,50.0,9.7,A,15.0
18628,high,0,10.0,4.0,8.2,A,-2.5
18629,low,0,8.0,1.0,8.1,A,-6.2
18630,high,3,29.0,30.0,8.0,A,15.0
18631,,1,22.0,1.0,7.8,A,-9.9
18632,high,1,7.0,2.0,6.0,A,-18.6
18633,low,0,4.0,1.0,8.2,B,-5.2
18634,none,0,1.0,13.0,8.6,B,15.0
18635,high,3,14.0,3.0,2.0,C,-100.0
18636,high,4,8.0,20.0,3.9,C,7.2
18637,none,2,23.0,2.0,9.0,A,-1.4
18638,low,1,4.0,6.0,5.2,A,-11.3
18639,high,0,1.0,1.0,2.0,A,-100.0
18640,medium,0,3.0,10.0,6.1,A,1.9
18641,high,1,10.0,18.0,9.6,A,15.0
18642,medium,3,11.0,7.0,6.2,C,-5.0
18643,none,0,2.0,12.0,7.2,A,12.0
18644,low,2,8.0,3.0,9.7,A,6.6
18645,low,1,15.0,50.0,6.3,C,15.0
18646,none,2,1.0,2.0,,B,
18647,low,1,4.0,13.0,6.5,D,10.5
18648,low,0,13.0,10.0,1.7,C,-100.0
18649,medium,0,7.0,25.0,9.6,A,15.0
18650,high,1,8.0,7.0,3.0,C,-100.0
18651,medium,1,33.0,10.0,1.4,A,-100.0
18652,high,2,5.0,6.0,9.3,C,8.0
18653,low,0,5.0,12.0,6.5,A,8.4
18654,medium,4,17.0,6.0,5.8,A,-10.0
18655,low,0,17.0,15.0,4.0,A,-0.2
18656,medium,1,5.0,18.0,4.9,A,11.7
18657,high,1,6.0,10.0,6.9,A,3.2
18658,medium,0,8.0,12.0,2.6,A,-13.7
18659,medium,0,4.0,33.0,8.6,A,15.0
18660,medium,2,10.0,7.0,3.3,A,-100.0
18661,medium,1,11.0,12.0,7.9,C,15.0
18662,none,2,7.0,1.0,8.8,A,-3.0
18663,high,3,5.0,11.0,9.2,A,15.0
18664,high,0,5.0,7.0,7.4,A,-0.1
18665,low,2,12.0,3.0,7.7,A,-4.8
18666,low,0,10.0,3.0,4.8,A,-100.0
18667,medium,1,9.0,6.0,10.0,A,14.2
18668,high,0,2.0,4.0,2.0,B,-100.0
18669,low,0,11.0,10.0,8.5,A,14.6
18670,low,1,8.0,2.0,8.8,A,-0.3
18671,high,2,27.0,4.0,8.2,A,-4.4
18672,medium,1,2.0,18.0,6.2,D,15.0
18673,,0,9.0,5.0,2.2,A,-100.0
18674,medium,2,8.0,1.0,8.2,A,-6.2
18675,high,1,1.0,15.0,5.3,A,5.4
18676,low,1,7.0,0.0,5.8,A,-100.0
18677,medium,2,13.0,38.0,5.5,C,15.0
18678,high,1,3.0,17.0,7.7,A,15.0
18679,high,2,12.0,8.0,5.7,A,-8.3
18680,low,1,5.0,22.0,2.1,A,5.1
18681,medium,2,5.0,25.0,6.1,A,15.0
18682,none,2,7.0,16.0,6.6,A,15.0
18683,low,0,25.0,1.0,9.1,A,-2.4
18684,none,4,2.0,0.0,9.5,A,-1.0
18685,high,1,3.0,2.0,1.0,A,-100.0
18686,none,1,6.0,44.0,9.5,A,15.0
18687,none,1,6.0,5.0,8.3,D,2.8
18688,high,1,19.0,20.0,1.9,A,-4.6
18689,none,2,7.0,12.0,7.4,A,12.4
18690,medium,2,11.0,2.0,5.5,A,-19.2
18691,medium,3,16.0,8.0,8.8,A,10.9
18692,medium,2,2.0,1.0,,A,
18693,medium,1,12.0,5.0,8.0,A,0.8
18694,high,1,,43.0,3.5,C,
18695,none,3,21.0,0.0,8.3,A,-9.4
18696,low,2,5.0,50.0,2.0,A,15.0
18697,medium,4,1.0,15.0,9.2,A,15.0
18698,,1,5.0,18.0,9.4,A,15.0
18699,low,2,14.0,16.0,9.3,A,15.0
18700,high,1,20.0,39.0,8.3,A,15.0
18701,low,4,17.0,31.0,2.5,A,15.0
18702,high,2,19.0,7.0,1.3,A,-100.0
18703,medium,0,9.0,6.0,8.1,A,3.8
18704,low,0,25.0,8.0,4.6,A,-12.4
18705,high,2,4.0,1.0,10.0,D,1.5
18706,,1,21.0,10.0,3.3,C,-15.7
18707,none,2,5.0,1.0,7.1,B,-12.2
18708,high,0,6.0,4.0,3.1,B,-100.0
18709,low,2,14.0,17.0,5.1,C,10.1
18710,low,4,18.0,15.0,8.2,C,15.0
18711,high,2,9.0,1.0,9.1,C,-4.0
18712,none,2,8.0,1.0,3.5,B,-100.0
18713,none,2,2.0,2.0,3.8,A,-100.0
18714,low,1,18.0,5.0,9.2,A,7.2
18715,none,5,14.0,1.0,8.5,A,-5.7
18716,medium,1,7.0,2.0,4.7,A,-100.0
18717,medium,1,7.0,2.0,7.7,A,-6.7
18718,high,1,1.0,8.0,3.0,A,-100.0
18719,low,0,12.0,4.0,9.7,B,8.5
18720,high,1,18.0,23.0,9.2,A,15.0
18721,low,1,21.0,7.0,8.0,D,4.5
18722,low,1,35.0,12.0,5.2,C,-1.8
18723,medium,2,6.0,9.0,7.6,A,7.5
18724,low,2,10.0,12.0,1.5,C,-19.8
18725,medium,1,17.0,1.0,8.2,A,-7.0
18726,none,3,9.0,1.0,2.3,A,-100.0
18727,none,1,12.0,17.0,8.2,B,15.0
18728,medium,3,10.0,25.0,8.6,A,15.0
18729,medium,2,16.0,16.0,6.8,C,15.0
18730,high,0,7.0,29.0,9.0,C,15.0
18731,low,1,9.0,17.0,7.2,A,15.0
18732,medium,3,2.0,3.0,9.0,A,2.9
18733,none,1,12.0,16.0,7.3,B,15.0
18734,none,0,14.0,5.0,2.8,A,-100.0
18735,low,1,8.0,1.0,2.2,A,-100.0
18736,none,1,16.0,2.0,9.8,A,3.8
18737,medium,0,3.0,3.0,6.5,C,-10.7
18738,medium,5,5.0,19.0,8.7,A,15.0
18739,high,5,4.0,7.0,3.9,A,-19.8
18740,high,1,10.0,2.0,4.9,A,-100.0
18741,medium,1,20.0,18.0,9.6,B,15.0
18742,low,0,9.0,21.0,9.2,A,15.0
18743,high,2,1.0,11.0,8.4,A,14.0
18744,high,5,6.0,3.0,4.7,A,-100.0
18745,medium,2,11.0,18.0,8.1,A,15.0
18746,none,1,25.0,7.0,8.2,A,4.6
18747,medium,1,7.0,4.0,2.6,A,-100.0
18748,medium,1,40.0,48.0,3.3,A,15.0
18749,low,0,6.0,2.0,1.2,A,-100.0
18750,none,0,19.0,2.0,4.8,D,-100.0
18751,low,0,,22.0,4.1,C,
18752,low,1,10.0,8.0,4.6,A,-11.0
18753,high,0,10.0,27.0,4.6,A,15.0
18754,low,3,13.0,1.0,9.6,A,1.3
18755,medium,1,11.0,2.0,4.4,D,-100.0
18756,medium,2,10.0,6.0,8.6,C,6.3
18757,medium,3,6.0,49.0,6.6,D,15.0
18758,low,1,10.0,2.0,7.9,A,-5.5
18759,medium,2,20.0,6.0,9.9,B,12.4
18760,medium,0,4.0,23.0,9.2,B,15.0
18761,low,1,12.0,5.0,8.7,A,5.0
18762,medium,1,8.0,6.0,9.6,A,12.1
18763,high,1,3.0,24.0,9.8,A,15.0
18764,low,1,17.0,25.0,3.8,A,15.0
18765,none,2,9.0,32.0,9.4,A,15.0
18766,medium,1,9.0,5.0,4.0,A,-100.0
18767,medium,1,2.0,18.0,8.4,A,15.0
18768,medium,0,17.0,10.0,8.7,C,14.7
18769,high,2,1.0,6.0,5.8,D,-10.8
18770,medium,1,22.0,34.0,2.5,A,15.0
18771,low,2,3.0,8.0,8.6,C,11.6
18772,medium,1,5.0,30.0,8.2,A,15.0
18773,high,1,12.0,2.0,2.8,B,-100.0
18774,low,1,2.0,7.0,3.2,A,-100.0
18775,medium,2,6.0,21.0,7.7,A,15.0
18776,high,6,26.0,3.0,4.8,D,-100.0
18777,low,2,6.0,2.0,5.8,A,-16.7
18778,low,2,2.0,13.0,4.9,B,1.8
18779,high,2,7.0,3.0,3.5,A,-100.0
18780,medium,1,16.0,6.0,9.9,C,12.9
18781,medium,0,4.0,28.0,2.5,A,15.0
18782,high,2,14.0,2.0,6.3,A,-17.8
18783,medium,1,9.0,23.0,2.8,A,10.3
18784,low,1,9.0,10.0,4.1,A,-9.5
18785,low,1,22.0,13.0,9.3,A,15.0
18786,none,1,12.0,8.0,5.1,A,-9.1
18787,medium,1,,0.0,8.2,C,
18788,low,2,2.0,4.0,7.7,C,-1.7
18789,high,1,7.0,9.0,4.5,A,-12.2
18790,none,1,7.0,7.0,2.1,A,-100.0
18791,none,1,6.0,26.0,6.5,A,15.0
18792,none,1,3.0,23.0,1.3,A,2.4
18793,medium,1,5.0,50.0,3.3,A,15.0
18794,medium,2,3.0,9.0,8.4,C,12.2
18795,medium,2,10.0,8.0,4.2,A,-13.7
18796,high,1,5.0,0.0,6.0,A,-100.0
18797,medium,3,25.0,0.0,8.5,B,-8.4
18798,high,0,7.0,5.0,7.8,B,-2.3
18799,none,2,14.0,10.0,8.2,A,11.9
18800,low,4,8.0,8.0,8.0,A,7.6
18801,none,4,39.0,3.0,7.7,A,-8.3
18802,high,1,25.0,0.0,9.3,A,-6.5
18803,low,1,9.0,6.0,1.8,A,-100.0
18804,low,2,6.0,18.0,5.1,C,13.0
18805,low,1,7.0,39.0,8.4,B,15.0
18806,high,0,22.0,50.0,6.9,A,15.0
18807,low,0,13.0,1.0,6.5,A,-15.5
18808,low,1,18.0,41.0,5.7,A,15.0
18809,low,2,13.0,16.0,9.2,A,15.0
18810,medium,2,,12.0,2.6,C,
18811,none,4,17.0,24.0,7.0,B,15.0
18812,high,0,2.0,19.0,3.4,A,3.4
18813,low,0,7.0,10.0,8.8,A,15.0
18814,low,2,16.0,17.0,8.9,A,15.0
18815,low,4,7.0,31.0,8.6,A,15.0
18816,high,1,6.0,3.0,9.6,A,3.4
18817,low,1,17.0,18.0,3.5,A,3.2
18818,none,1,2.0,23.0,5.3,A,15.0
18819,high,2,18.0,10.0,5.4,C,-6.3
18820,,0,9.0,6.0,9.9,B,13.5
18821,medium,2,2.0,4.0,8.1,B,0.1
18822,low,1,8.0,2.0,5.2,A,-100.0
18823,low,2,7.0,10.0,9.2,A,15.0
18824,medium,2,15.0,3.0,8.4,A,-1.6
18825,low,1,15.0,32.0,8.4,C,15.0
18826,medium,1,20.0,9.0,4.5,B,-10.8
18827,none,3,11.0,23.0,1.3,A,1.4
18828,medium,2,13.0,33.0,9.0,B,15.0
18829,low,2,4.0,10.0,2.6,C,-17.3
18830,low,1,15.0,13.0,1.4,B,-18.6
18831,high,3,2.0,32.0,9.3,A,15.0
18832,high,2,2.0,26.0,8.9,C,15.0
18833,medium,2,,0.0,9.7,C,
18834,high,0,10.0,1.0,1.8,A,-100.0
18835,none,3,18.0,29.0,3.6,D,15.0
18836,medium,0,8.0,2.0,4.9,A,-100.0
18837,high,1,14.0,15.0,8.1,C,15.0
18838,none,3,4.0,2.0,9.4,A,2.6
18839,high,1,14.0,22.0,4.9,A,15.0
18840,none,2,2.0,25.0,6.2,C,15.0
18841,low,1,26.0,26.0,1.2,C,6.5
18842,high,1,16.0,1.0,1.2,A,-100.0
18843,high,1,10.0,12.0,8.1,A,13.6
18844,high,2,13.0,18.0,8.4,A,15.0
18845,high,0,3.0,1.0,6.5,A,-17.5
18846,medium,1,3.0,4.0,4.8,A,-18.0
18847,low,1,7.0,6.0,2.3,A,-100.0
18848,medium,1,11.0,3.0,8.2,C,-2.2
18849,medium,4,15.0,3.0,7.6,B,-6.2
18850,medium,0,9.0,3.0,1.9,D,-100.0
18851,medium,2,6.0,10.0,8.3,A,13.4
18852,none,0,25.0,13.0,8.5,A,15.0
18853,none,1,17.0,3.0,9.9,A,6.3
18854,high,3,11.0,26.0,8.2,A,15.0
18855,low,1,2.0,50.0,10.0,A,15.0
18856,high,0,7.0,10.0,9.5,A,15.0
18857,none,1,18.0,4.0,3.5,A,-100.0
18858,low,0,18.0,20.0,2.8,A,3.6
18859,medium,1,7.0,4.0,5.2,A,-16.2
18860,high,0,18.0,1.0,8.5,A,-8.0
18861,medium,3,7.0,1.0,9.2,B,-0.7
18862,medium,3,5.0,1.0,9.5,A,1.2
18863,high,1,10.0,34.0,3.9,A,15.0
18864,high,0,10.0,18.0,5.1,A,9.8
18865,medium,0,10.0,19.0,7.9,C,15.0
18866,medium,4,3.0,8.0,1.6,A,-100.0
18867,high,1,13.0,14.0,9.3,A,15.0
18868,low,1,4.0,10.0,3.4,C,-12.8
18869,none,2,1.0,26.0,9.2,A,15.0
18870,low,2,8.0,15.0,10.0,A,15.0
18871,low,1,7.0,29.0,7.0,A,15.0
18872,low,1,17.0,22.0,6.5,A,15.0
18873,none,0,1.0,1.0,,A,
18874,low,1,7.0,15.0,8.8,B,15.0
18875,low,1,16.0,9.0,9.5,A,15.0
18876,low,2,11.0,15.0,10.0,A,15.0
18877,none,1,5.0,1.0,1.2,A,-100.0
18878,low,2,6.0,23.0,9.0,A,15.0
18879,,6,16.0,2.0,1.1,A,-100.0
18880,medium,2,26.0,18.0,3.1,C,-0.3
18881,medium,1,12.0,2.0,8.2,D,-4.4
18882,medium,1,5.0,16.0,9.2,A,15.0
18883,high,2,7.0,4.0,8.7,A,0.3
18884,medium,0,11.0,5.0,9.6,A,9.8
18885,high,2,7.0,6.0,8.9,D,5.6
18886,medium,2,9.0,4.0,5.8,A,-13.2
18887,high,0,9.0,13.0,3.5,A,-9.4
18888,medium,0,6.0,19.0,8.3,A,15.0
18889,medium,0,7.0,8.0,1.3,A,-100.0
18890,high,3,9.0,15.0,8.3,A,15.0
18891,low,3,10.0,25.0,9.8,D,15.0
18892,high,1,18.0,10.0,7.4,C,4.8
18893,medium,0,8.0,7.0,8.3,A,7.1
18894,none,0,16.0,33.0,7.1,A,15.0
18895,none,1,11.0,23.0,8.3,C,15.0
18896,high,2,27.0,24.0,5.5,A,15.0
18897,high,1,1.0,17.0,5.8,A,12.4
18898,low,1,17.0,2.0,9.1,B,0.4
18899,low,2,6.0,4.0,9.9,A,10.0
18900,medium,0,5.0,5.0,3.5,C,-100.0
18901,high,3,10.0,0.0,8.6,A,-9.0
18902,,1,12.0,2.0,7.6,A,-7.9
18903,high,4,9.0,2.0,2.4,A,-100.0
18904,high,1,5.0,1.0,2.2,C,-100.0
18905,low,2,10.0,5.0,2.5,A,-100.0
18906,medium,3,5.0,0.0,7.7,D,-10.9
18907,high,1,1.0,9.0,3.1,B,-19.3
18908,high,1,2.0,28.0,6.6,A,15.0
18909,low,1,16.0,24.0,5.9,A,15.0
18910,low,4,27.0,6.0,8.7,A,5.3
18911,,1,6.0,2.0,2.9,A,-100.0
18912,high,1,4.0,2.0,1.3,A,-100.0
18913,low,3,14.0,1.0,1.1,B,-100.0
18914,medium,1,4.0,2.0,5.1,B,-100.0
18915,low,2,34.0,50.0,7.6,A,15.0
18916,high,4,5.0,50.0,3.0,C,15.0
18917,high,1,9.0,2.0,5.1,C,-100.0
18918,,2,14.0,11.0,1.5,A,-100.0
18919,medium,3,23.0,11.0,8.5,D,14.9
18920,high,0,8.0,9.0,9.7,A,15.0
18921,none,3,4.0,0.0,8.1,A,-8.8
18922,medium,2,6.0,8.0,6.3,A,-1.8
18923,medium,0,4.0,1.0,1.3,A,-100.0
18924,high,0,4.0,47.0,9.6,A,15.0
18925,medium,2,6.0,9.0,2.2,A,-100.0
18926,medium,1,16.0,3.0,8.9,B,1.1
18927,medium,2,3.0,13.0,6.5,A,10.2
18928,high,0,6.0,23.0,1.1,D,-1.3
18929,high,1,5.0,8.0,3.8,A,-17.9
18930,none,3,5.0,10.0,6.2,A,1.7
18931,high,0,4.0,50.0,2.5,C,15.0
18932,low,1,9.0,41.0,1.6,C,15.0
18933,low,0,1.0,2.0,6.5,C,-12.2
18934,medium,1,11.0,10.0,5.2,A,-4.0
18935,medium,3,6.0,28.0,3.5,A,15.0
18936,high,0,12.0,35.0,3.2,A,15.0
18937,high,2,7.0,9.0,9.9,C,15.0
18938,low,0,14.0,1.0,5.6,A,-100.0
18939,medium,1,3.0,3.0,3.0,A,-100.0
18940,medium,0,21.0,4.0,6.0,A,-13.1
18941,none,2,10.0,5.0,8.3,A,2.3
18942,none,2,4.0,4.0,5.8,A,-12.9
18943,medium,2,3.0,12.0,7.5,C,13.6
18944,none,0,9.0,50.0,8.2,C,15.0
18945,medium,3,5.0,5.0,5.0,A,-15.2
18946,none,3,9.0,11.0,9.4,D,15.0
18947,medium,3,3.0,3.0,5.6,A,-15.9
18948,high,2,22.0,3.0,9.8,A,2.8
18949,none,1,18.0,18.0,8.2,A,15.0
18950,low,0,13.0,20.0,7.1,C,15.0
18951,medium,1,7.0,10.0,9.6,A,15.0
18952,medium,2,7.0,50.0,9.2,D,15.0
18953,medium,0,2.0,8.0,8.2,D,9.3
18954,none,0,11.0,11.0,8.7,A,15.0
18955,medium,2,6.0,15.0,1.2,A,-15.1
18956,medium,0,7.0,4.0,9.4,A,7.0
18957,high,1,6.0,14.0,9.1,A,15.0
18958,medium,1,9.0,4.0,8.7,C,2.8
18959,medium,2,19.0,5.0,6.3,B,-9.4
18960,low,0,10.0,11.0,9.2,C,15.0
18961,low,1,25.0,3.0,8.1,C,-3.8
18962,,7,9.0,0.0,9.7,A,-0.9
18963,low,2,6.0,20.0,2.1,A,0.7
18964,low,1,19.0,4.0,7.9,C,-2.2
18965,low,1,3.0,11.0,8.1,B,15.0
18966,medium,1,21.0,3.0,1.3,D,-100.0
18967,medium,2,14.0,28.0,9.5,A,15.0
18968,,2,4.0,4.0,8.5,C,1.9
18969,high,4,9.0,9.0,10.0,A,15.0
18970,high,0,17.0,7.0,5.6,C,-11.2
18971,medium,3,32.0,43.0,4.1,B,15.0
18972,high,0,5.0,2.0,1.2,A,-100.0
18973,medium,3,14.0,6.0,7.7,A,0.9
18974,low,0,8.0,8.0,6.9,A,1.9
18975,none,1,13.0,17.0,8.4,A,15.0
18976,high,2,16.0,10.0,7.4,B,4.9
18977,low,3,12.0,20.0,9.0,A,15.0
18978,high,1,9.0,2.0,4.9,A,-100.0
18979,high,1,5.0,2.0,8.2,D,-6.3
18980,none,1,2.0,16.0,5.0,C,8.2
18981,high,2,5.0,4.0,5.4,A,-17.6
18982,medium,0,4.0,5.0,9.5,B,9.9
18983,medium,0,10.0,0.0,2.0,C,-100.0
18984,low,1,10.0,9.0,2.4,A,-100.0
18985,high,1,6.0,6.0,6.5,D,-7.4
18986,low,1,4.0,2.0,2.1,B,-100.0
18987,medium,2,15.0,5.0,9.8,D,10.3
18988,medium,3,18.0,22.0,4.4,C,15.0
18989,medium,4,15.0,10.0,3.9,A,-11.8
18990,low,0,23.0,0.0,10.0,C,0.7
18991,none,2,15.0,8.0,8.3,C,8.1
18992,low,0,20.0,39.0,10.0,A,15.0
18993,high,3,7.0,1.0,4.3,A,-100.0
18994,low,2,24.0,8.0,3.7,B,-17.5
18995,low,1,19.0,12.0,4.8,A,-2.4
18996,medium,3,14.0,13.0,8.0,A,15.0
18997,high,2,10.0,12.0,5.8,A,0.9
18998,high,1,16.0,35.0,9.3,A,15.0
18999,medium,0,23.0,10.0,3.4,C,-15.0
19000,high,3,5.0,6.0,1.7,A,-100.0
19001,low,1,6.0,3.0,9.0,A,3.1
19002,low,0,13.0,6.0,3.4,D,-100.0
19003,high,3,10.0,3.0,8.3,A,-4.4
19004,high,2,8.0,8.0,9.7,A,14.1
19005,medium,1,8.0,18.0,6.8,A,15.0
19006,low,0,31.0,4.0,2.9,A,-100.0
19007,low,3,9.0,5.0,7.9,B,0.7
19008,high,3,10.0,2.0,3.3,A,-100.0
19009,low,3,1.0,1.0,8.0,A,-6.3
19010,none,1,12.0,3.0,8.1,C,-3.1
19011,medium,3,3.0,1.0,4.5,A,-100.0
19012,low,3,9.0,1.0,9.4,A,0.6
19013,low,0,14.0,18.0,4.6,D,9.7
19014,low,0,8.0,0.0,9.6,C,-0.0
19015,medium,1,6.0,3.0,2.5,A,-100.0
19016,high,1,5.0,14.0,3.0,A,-9.7
19017,medium,0,4.0,21.0,8.9,A,15.0
19018,none,1,11.0,12.0,1.0,C,-100.0
19019,medium,3,6.0,2.0,2.2,A,-100.0
19020,none,0,1.0,18.0,3.3,A,3.2
19021,high,2,3.0,3.0,5.6,A,-18.4
19022,high,1,4.0,41.0,7.9,A,15.0
19023,low,2,7.0,8.0,8.4,C,10.1
19024,none,1,5.0,2.0,4.5,C,-100.0
19025,none,3,4.0,16.0,7.1,B,15.0
19026,medium,2,12.0,14.0,7.4,C,15.0
19027,medium,0,23.0,0.0,9.5,A,-2.5
19028,medium,1,3.0,7.0,3.6,C,-18.3
19029,medium,2,14.0,6.0,3.0,A,-100.0
19030,high,1,12.0,12.0,9.9,C,15.0
19031,low,1,6.0,20.0,9.7,A,15.0
19032,none,4,3.0,15.0,9.4,A,15.0
19033,medium,0,9.0,0.0,2.4,A,-100.0
19034,low,1,6.0,50.0,5.7,A,15.0
19035,medium,0,4.0,50.0,3.7,A,15.0
19036,low,0,8.0,23.0,8.4,C,15.0
19037,medium,4,4.0,7.0,2.1,D,-100.0
19038,none,1,13.0,21.0,3.4,A,8.8
19039,low,2,2.0,1.0,9.8,A,3.6
19040,high,1,6.0,26.0,2.0,A,9.9
19041,low,3,22.0,8.0,1.1,A,-100.0
19042,low,0,13.0,27.0,9.4,A,15.0
19043,none,2,5.0,11.0,9.6,A,15.0
19044,low,2,6.0,2.0,7.6,C,-6.8
19045,,2,12.0,9.0,9.1,C,14.9
19046,low,1,3.0,30.0,3.2,A,15.0
19047,none,1,3.0,16.0,9.6,C,15.0
19048,medium,0,3.0,37.0,5.1,A,15.0
19049,none,1,28.0,5.0,5.2,A,-16.4
19050,high,1,5.0,1.0,2.3,C,-100.0
19051,low,4,27.0,1.0,9.4,A,-1.3
19052,none,1,8.0,13.0,7.7,C,15.0
19053,low,0,28.0,5.0,6.1,C,-10.8
19054,low,0,17.0,16.0,8.1,A,15.0
19055,high,6,3.0,14.0,6.6,D,9.8
19056,medium,1,15.0,15.0,5.6,A,8.3
19057,low,0,7.0,3.0,8.8,A,2.0
19058,low,1,12.0,2.0,2.2,C,-100.0
19059,low,1,6.0,21.0,7.9,A,15.0
19060,,1,8.0,27.0,8.8,A,15.0
19061,low,0,26.0,1.0,2.8,A,-100.0
19062,high,2,3.0,9.0,2.2,A,-100.0
19063,low,0,1.0,18.0,7.5,C,15.0
19064,none,0,8.0,11.0,9.7,A,15.0
19065,medium,0,14.0,12.0,3.4,B,-9.9
19066,low,1,21.0,15.0,6.4,D,12.5
19067,low,2,13.0,16.0,10.0,A,15.0
19068,high,2,8.0,3.0,3.5,B,-100.0
19069,high,1,15.0,12.0,8.2,C,13.7
19070,low,5,1.0,1.0,9.3,C,0.6
19071,medium,0,2.0,15.0,8.5,A,15.0
19072,none,1,5.0,9.0,6.3,A,0.3
19073,high,1,21.0,8.0,8.5,A,6.3
19074,high,3,8.0,1.0,7.4,A,-13.3
19075,low,2,1.0,6.0,5.2,A,-11.1
19076,low,0,10.0,4.0,9.3,A,6.5
19077,high,0,6.0,9.0,5.8,A,-4.8
19078,low,2,14.0,24.0,8.6,A,15.0
19079,high,0,7.0,1.0,3.4,A,-100.0
19080,high,1,6.0,5.0,1.9,A,-100.0
19081,low,0,13.0,10.0,8.6,C,15.0
19082,none,2,6.0,0.0,9.0,C,-3.9
19083,high,5,6.0,18.0,8.7,B,15.0
19084,medium,1,5.0,3.0,3.0,B,-100.0
19085,high,3,3.0,19.0,3.9,A,5.7
19086,,2,10.0,2.0,8.8,B,-1.2
19087,high,1,0.0,4.0,8.1,A,-2.2
19088,high,1,2.0,20.0,9.9,D,15.0
19089,low,1,9.0,2.0,9.1,A,1.2
19090,none,2,16.0,50.0,7.3,A,15.0
19091,none,2,21.0,0.0,4.5,A,-100.0
19092,low,1,4.0,7.0,1.7,A,-100.0
19093,high,0,23.0,1.0,3.0,A,-100.0
19094,high,1,2.0,17.0,9.7,B,15.0
19095,low,0,12.0,6.0,9.8,C,13.3
19096,low,3,5.0,3.0,3.6,B,-100.0
19097,low,2,4.0,5.0,3.0,B,-100.0
19098,low,3,6.0,33.0,4.4,D,15.0
19099,,1,7.0,16.0,9.3,A,15.0
19100,low,1,29.0,1.0,1.3,A,-100.0
19101,high,2,6.0,15.0,8.8,B,15.0
19102,low,1,11.0,10.0,1.9,A,-100.0
19103,high,1,4.0,25.0,10.0,A,15.0
19104,high,5,9.0,7.0,1.4,C,-100.0
19105,low,1,18.0,13.0,1.2,A,-100.0
19106,low,2,5.0,2.0,8.3,C,-2.9
19107,high,2,4.0,4.0,4.2,C,-100.0
19108,medium,0,11.0,19.0,5.8,A,15.0
19109,low,1,16.0,0.0,9.7,A,-0.4
19110,high,1,6.0,3.0,1.0,A,-100.0
19111,medium,2,8.0,28.0,4.2,A,15.0
19112,high,1,10.0,5.0,7.2,A,-6.0
19113,medium,2,21.0,4.0,8.0,A,-2.3
19114,medium,2,12.0,0.0,1.0,A,-100.0
19115,low,1,5.0,9.0,3.2,A,-16.1
19116,medium,2,27.0,3.0,2.5,C,-100.0
19117,none,2,7.0,4.0,4.9,A,-18.2
19118,medium,1,2.0,9.0,8.4,A,12.4
19119,,1,4.0,14.0,9.8,C,15.0
19120,low,1,7.0,5.0,9.1,A,7.7
19121,medium,1,23.0,2.0,2.8,A,-100.0
19122,low,1,12.0,25.0,9.0,A,15.0
19123,medium,2,6.0,1.0,9.4,A,0.6
19124,high,1,14.0,16.0,4.6,A,2.4
19125,low,3,1.0,0.0,8.5,A,-5.7
19126,high,2,2.0,7.0,9.9,A,13.7
19127,medium,2,,6.0,8.5,C,
19128,high,2,13.0,3.0,2.8,C,-100.0
19129,low,3,4.0,13.0,1.1,C,-19.4
19130,low,2,6.0,1.0,4.1,A,-100.0
19131,none,2,7.0,1.0,3.8,A,-100.0
19132,high,3,8.0,1.0,9.1,A,-4.0
19133,medium,1,3.0,47.0,9.5,A,15.0
19134,high,3,8.0,3.0,4.9,C,-100.0
19135,low,0,10.0,2.0,1.8,A,-100.0
19136,medium,2,18.0,1.0,9.5,A,-0.1
19137,low,2,10.0,6.0,1.1,C,-100.0
19138,none,3,5.0,2.0,1.4,A,-100.0
19139,medium,1,15.0,4.0,3.7,C,-100.0
19140,none,3,12.0,8.0,2.9,A,-100.0
19141,low,2,3.0,11.0,5.0,B,-1.9
19142,low,0,8.0,15.0,5.6,C,9.5
19143,none,1,8.0,0.0,5.8,A,-100.0
19144,medium,2,24.0,21.0,1.2,A,-4.3
19145,high,2,6.0,7.0,8.1,B,3.4
19146,high,1,13.0,20.0,7.3,C,15.0
19147,high,2,20.0,25.0,1.8,C,5.2
19148,medium,2,34.0,5.0,2.8,B,-100.0
19149,low,2,25.0,50.0,2.1,A,15.0
19150,low,3,22.0,12.0,7.9,A,14.1
19151,medium,2,10.0,13.0,7.2,D,13.3
19152,low,1,8.0,4.0,3.2,C,-100.0
19153,low,1,4.0,0.0,8.8,C,-4.1
19154,low,0,12.0,8.0,8.5,C,10.3
19155,medium,1,21.0,2.0,5.7,A,-19.0
19156,high,1,9.0,6.0,7.6,B,-1.6
19157,medium,0,11.0,1.0,4.6,C,-100.0
19158,high,1,16.0,8.0,1.9,C,-100.0
19159,medium,1,7.0,2.0,4.5,B,-100.0
19160,high,1,6.0,5.0,7.1,A,-6.2
19161,none,0,10.0,8.0,8.6,A,10.5
19162,low,0,18.0,3.0,8.8,A,0.9
19163,high,1,6.0,7.0,9.4,C,10.7
19164,low,1,10.0,3.0,5.3,A,-17.7
19165,none,2,5.0,32.0,3.3,A,15.0
19166,low,4,13.0,8.0,9.1,A,13.1
19167,low,1,15.0,1.0,2.8,A,-100.0
19168,low,3,20.0,15.0,4.2,A,0.3
19169,,2,12.0,1.0,5.6,A,-100.0
19170,,1,4.0,27.0,5.1,A,15.0
19171,high,5,9.0,16.0,8.6,B,15.0
19172,medium,4,16.0,2.0,5.4,C,-100.0
19173,low,1,20.0,8.0,9.3,A,13.8
19174,low,2,19.0,19.0,8.4,A,15.0
19175,medium,2,16.0,20.0,5.9,A,15.0
19176,low,1,6.0,10.0,7.2,A,7.9
19177,low,2,16.0,7.0,2.2,A,-100.0
19178,medium,3,7.0,21.0,2.6,C,5.0
19179,medium,0,17.0,15.0,4.7,C,3.3
19180,high,0,1.0,4.0,8.6,A,0.6
19181,high,2,,6.0,8.5,C,
19182,none,0,4.0,18.0,9.0,A,15.0
19183,high,1,9.0,6.0,8.7,A,4.4
19184,low,1,20.0,15.0,3.7,A,-2.3
19185,low,3,16.0,14.0,1.7,A,-15.2
19186,none,4,11.0,8.0,2.5,A,-100.0
19187,high,1,8.0,29.0,8.8,C,15.0
19188,none,1,28.0,0.0,4.1,A,-100.0
19189,high,0,10.0,21.0,5.7,A,15.0
19190,low,2,8.0,5.0,2.6,A,-100.0
19191,none,6,9.0,10.0,7.8,A,9.8
19192,low,3,20.0,0.0,7.6,A,-12.5
19193,none,3,25.0,5.0,8.0,A,-0.9
19194,none,1,10.0,22.0,3.5,A,11.7
19195,none,1,19.0,12.0,2.9,A,-13.5
19196,medium,1,10.0,7.0,9.5,C,13.4
19197,medium,3,13.0,28.0,9.7,A,15.0
19198,high,2,29.0,5.0,9.6,A,5.2
19199,low,2,5.0,2.0,7.6,A,-6.7
19200,low,1,7.0,3.0,5.1,A,-18.5
19201,low,0,20.0,6.0,3.5,C,-100.0
19202,none,1,25.0,43.0,5.0,B,15.0
19203,low,3,14.0,13.0,9.2,C,15.0
19204,medium,1,2.0,6.0,8.8,A,8.3
19205,low,1,11.0,10.0,9.1,A,
19206,medium,1,8.0,16.0,3.8,A,1.2
19207,high,3,14.0,2.0,3.5,C,-100.0
19208,high,2,13.0,16.0,9.4,A,15.0
19209,medium,0,3.0,2.0,8.5,A,-1.7
19210,none,1,19.0,2.0,6.2,A,-16.3
19211,low,0,21.0,25.0,9.6,A,15.0
19212,,1,6.0,0.0,1.9,B,-100.0
19213,high,1,4.0,9.0,8.0,A,7.4
19214,none,2,2.0,5.0,1.3,A,-100.0
19215,high,0,4.0,6.0,9.7,A,10.5
19216,low,2,9.0,11.0,2.9,A,-14.1
19217,low,1,20.0,11.0,1.2,B,-100.0
19218,low,2,30.0,35.0,3.4,C,15.0
19219,none,1,2.0,0.0,6.4,A,-17.7
19220,high,2,5.0,2.0,2.2,A,-100.0
19221,low,1,6.0,3.0,8.8,C,2.0
19222,medium,1,7.0,0.0,10.0,A,1.8
19223,medium,1,3.0,7.0,7.5,A,3.1
19224,low,1,7.0,20.0,2.4,C,2.4
19225,medium,0,2.0,3.0,3.1,D,-100.0
19226,,0,8.0,9.0,9.0,B,15.0
19227,medium,1,12.0,23.0,1.4,A,2.3
19228,medium,0,14.0,9.0,9.4,A,15.0
19229,low,0,8.0,2.0,6.5,A,-12.9
19230,medium,2,26.0,5.0,6.9,A,-6.7
19231,,1,4.0,12.0,9.0,A,15.0
19232,high,3,18.0,20.0,2.2,A,-3.0
19233,medium,3,9.0,5.0,3.0,D,-100.0
19234,low,2,2.0,25.0,3.0,C,15.0
19235,low,2,29.0,8.0,9.7,B,15.0
19236,high,2,14.0,33.0,8.5,A,15.0
19237,medium,3,6.0,50.0,9.9,A,15.0
19238,none,2,5.0,9.0,8.5,A,12.3
19239,medium,1,10.0,5.0,9.9,C,11.5
19240,high,1,39.0,33.0,1.1,A,15.0
19241,low,1,20.0,4.0,9.0,A,3.8
19242,medium,1,10.0,24.0,2.0,C,7.9
19243,medium,3,25.0,10.0,1.2,A,-100.0
19244,low,0,6.0,1.0,1.4,C,-100.0
19245,low,0,17.0,9.0,9.8,C,15.0
19246,low,3,12.0,26.0,8.9,C,15.0
19247,low,0,8.0,12.0,3.6,A,-7.8
19248,low,3,3.0,4.0,3.5,B,-100.0
19249,medium,3,3.0,9.0,8.7,C,13.7
19250,medium,5,4.0,7.0,9.2,A,12.0
19251,medium,3,14.0,16.0,2.9,A,-4.6
19252,low,0,5.0,5.0,9.8,A,11.9
19253,medium,3,2.0,12.0,4.7,A,-1.8
19254,high,1,4.0,5.0,8.4,A,1.2
19255,low,2,4.0,4.0,4.1,A,-100.0
19256,medium,3,17.0,16.0,8.5,A,15.0
19257,medium,1,4.0,11.0,8.7,A,15.0
19258,low,0,11.0,14.0,4.3,A,-0.1
19259,high,0,22.0,12.0,8.1,D,12.5
19260,none,1,13.0,2.0,2.7,A,-100.0
19261,low,1,10.0,2.0,5.5,A,-18.7
19262,medium,1,10.0,31.0,9.0,B,15.0
19263,medium,1,3.0,1.0,8.7,A,-2.8
19264,none,0,10.0,21.0,9.3,C,15.0
19265,medium,0,19.0,7.0,8.0,C,4.4
19266,low,1,8.0,30.0,1.3,A,15.0
19267,low,3,6.0,14.0,8.4,A,15.0
19268,medium,3,5.0,19.0,9.0,C,15.0
19269,low,0,12.0,11.0,4.7,A,-4.3
19270,medium,2,16.0,4.0,8.5,A,0.9
19271,medium,4,,13.0,6.5,C,
19272,low,4,4.0,2.0,9.9,D,5.8
19273,medium,2,3.0,1.0,5.3,C,-100.0
19274,high,1,8.0,2.0,8.3,A,-6.1
19275,low,1,3.0,0.0,8.8,A,-4.0
19276,high,0,31.0,15.0,9.6,A,15.0
19277,medium,2,8.0,4.0,9.3,A,6.2
19278,low,3,5.0,31.0,6.8,A,15.0
19279,low,0,9.0,4.0,9.1,A,5.5
19280,medium,0,9.0,2.0,1.7,A,-100.0
19281,none,0,17.0,12.0,4.7,C,-3.3
19282,none,1,11.0,3.0,3.4,A,-100.0
19283,none,4,8.0,4.0,8.1,A,-0.9
19284,low,0,13.0,21.0,6.8,A,15.0
19285,high,1,8.0,4.0,2.7,A,-100.0
19286,high,1,10.0,19.0,8.3,C,15.0
19287,medium,0,7.0,17.0,8.7,A,15.0
19288,high,2,3.0,11.0,4.6,A,-7.1
19289,none,3,9.0,11.0,5.3,C,-1.6
19290,medium,2,27.0,4.0,1.3,A,-100.0
19291,medium,1,8.0,14.0,6.5,B,11.8
19292,medium,1,21.0,12.0,10.0,A,15.0
19293,medium,2,11.0,5.0,7.3,B,-3.0
19294,high,4,3.0,48.0,9.0,C,15.0
19295,medium,1,12.0,11.0,8.3,A,15.0
19296,medium,0,7.0,44.0,3.8,C,15.0
19297,high,3,3.0,11.0,9.0,A,15.0
19298,high,2,20.0,2.0,3.5,C,-100.0
19299,none,0,3.0,14.0,4.8,B,2.9
19300,low,3,9.0,10.0,8.3,C,13.4
19301,low,3,14.0,5.0,9.3,A,7.9
19302,medium,2,5.0,5.0,9.9,A,11.8
19303,high,2,35.0,14.0,9.1,A,15.0
19304,high,1,15.0,7.0,6.3,B,-7.3
19305,medium,0,1.0,2.0,8.9,A,0.7
19306,low,0,11.0,3.0,1.2,A,-100.0
19307,medium,0,5.0,17.0,5.2,C,11.4
19308,high,2,10.0,7.0,9.1,A,8.5
19309,high,2,6.0,14.0,3.0,A,-9.9
19310,medium,2,10.0,1.0,5.1,C,-100.0
19311,high,2,3.0,21.0,5.8,A,15.0
19312,medium,1,10.0,7.0,9.3,A,12.3
19313,medium,1,6.0,8.0,2.3,A,-100.0
19314,low,2,18.0,5.0,8.7,A,4.3
19315,medium,3,12.0,5.0,8.5,C,3.3
19316,high,1,3.0,2.0,8.6,A,-3.9
19317,medium,2,11.0,16.0,8.1,B,15.0
19318,medium,5,16.0,9.0,1.2,A,-100.0
19319,medium,3,5.0,3.0,5.4,A,-17.2
19320,low,2,5.0,22.0,8.2,A,15.0
19321,high,0,3.0,20.0,2.9,A,2.6
19322,medium,3,9.0,3.0,8.4,A,-1.1
19323,low,0,3.0,11.0,1.7,A,-19.9
19324,high,1,21.0,42.0,2.8,C,15.0
19325,high,3,10.0,1.0,6.9,A,-16.3
19326,high,2,4.0,4.0,2.6,A,-100.0
19327,high,2,1.0,7.0,9.2,A,10.0
19328,low,2,11.0,3.0,5.3,A,-17.9
19329,high,0,5.0,3.0,9.4,C,2.5
19330,low,3,10.0,18.0,7.1,C,15.0
19331,medium,1,2.0,0.0,8.6,B,-5.4
19332,low,2,7.0,7.0,3.8,A,-17.3
19333,high,2,14.0,9.0,9.1,C,12.3
19334,medium,3,15.0,4.0,8.4,C,0.4
19335,medium,1,4.0,17.0,7.6,C,15.0
19336,medium,3,25.0,33.0,3.1,A,15.0
19337,none,0,7.0,7.0,5.9,A,-6.2
19338,high,3,14.0,6.0,9.2,C,6.5
19339,none,2,4.0,1.0,9.2,A,-0.5
19340,high,1,8.0,4.0,3.4,A,-100.0
19341,medium,1,19.0,14.0,7.0,C,13.5
19342,medium,2,11.0,12.0,1.6,C,-19.7
19343,low,2,10.0,6.0,4.3,A,-17.0
19344,low,3,2.0,1.0,5.8,D,-18.5
19345,none,1,14.0,8.0,3.2,A,-19.7
19346,medium,2,19.0,5.0,2.2,C,-100.0
19347,medium,1,6.0,17.0,5.9,A,15.0
19348,medium,1,25.0,39.0,8.6,A,15.0
19349,medium,3,7.0,2.0,4.9,B,-100.0
19350,medium,1,9.0,3.0,1.6,A,-100.0
19351,high,2,13.0,6.0,8.7,C,3.9
19352,none,2,8.0,3.0,8.8,A,1.1
19353,low,1,13.0,10.0,8.3,A,13.2
19354,medium,0,16.0,12.0,4.1,A,-6.3
19355,medium,2,19.0,6.0,2.7,C,-100.0
19356,none,1,9.0,8.0,8.4,A,9.4
19357,none,3,2.0,24.0,7.6,A,15.0
19358,high,1,7.0,11.0,9.6,A,15.0
19359,high,2,4.0,14.0,3.9,A,-4.8
19360,low,1,13.0,2.0,2.8,D,-100.0
19361,low,3,10.0,17.0,9.2,C,15.0
19362,low,1,12.0,2.0,3.4,A,-100.0
19363,medium,3,5.0,16.0,8.1,A,15.0
19364,low,1,8.0,28.0,7.8,A,15.0
19365,low,2,2.0,4.0,6.2,A,-9.9
19366,none,2,5.0,6.0,8.4,A,5.5
19367,none,1,13.0,0.0,3.1,A,-100.0
19368,low,0,17.0,19.0,9.7,A,15.0
19369,low,1,10.0,13.0,4.6,A,-0.5
19370,medium,0,10.0,18.0,7.3,A,15.0
19371,medium,2,6.0,1.0,3.2,C,-100.0
19372,medium,2,7.0,15.0,5.1,B,6.2
19373,high,1,12.0,25.0,7.4,D,15.0
19374,none,0,11.0,7.0,2.4,A,-100.0
19375,high,3,1.0,4.0,1.9,A,-100.0
19376,medium,2,10.0,6.0,8.4,A,5.2
19377,high,0,2.0,50.0,1.1,A,15.0
19378,,0,6.0,5.0,3.2,A,-100.0
19379,low,0,18.0,11.0,5.5,A,-0.5
19380,low,0,5.0,6.0,1.3,C,-100.0
19381,low,1,2.0,9.0,5.6,A,-2.6
19382,medium,1,10.0,3.0,9.0,B,2.3
19383,high,2,23.0,8.0,3.1,A,-100.0
19384,low,0,9.0,26.0,4.1,A,15.0
19385,medium,0,21.0,2.0,3.3,C,-100.0
19386,high,1,7.0,13.0,6.2,A,5.6
19387,medium,3,19.0,4.0,1.0,A,-100.0
19388,medium,1,6.0,8.0,8.9,B,12.7
19389,none,3,10.0,22.0,9.3,A,15.0
19390,medium,3,11.0,10.0,8.6,A,14.5
19391,low,0,14.0,2.0,9.7,B,4.1
19392,none,2,11.0,50.0,8.1,A,15.0
19393,high,2,15.0,16.0,8.4,A,15.0
19394,none,1,17.0,10.0,9.7,A,15.0
19395,medium,2,38.0,1.0,7.3,A,-14.2
19396,high,2,2.0,24.0,3.0,A,11.5
19397,medium,2,2.0,20.0,6.7,C,15.0
19398,medium,3,1.0,5.0,7.3,A,-2.2
19399,low,1,9.0,1.0,3.6,A,-100.0
19400,medium,2,18.0,3.0,2.0,A,-100.0
19401,high,2,27.0,50.0,8.1,C,15.0
19402,low,1,6.0,0.0,1.5,C,-100.0
19403,medium,0,5.0,9.0,1.6,A,-100.0
19404,none,3,4.0,1.0,2.0,A,-100.0
19405,high,0,0.0,8.0,3.8,A,-17.3
19406,medium,1,14.0,1.0,1.9,C,-100.0
19407,low,1,8.0,8.0,7.9,C,7.3
19408,high,1,17.0,4.0,6.3,A,-13.8
19409,high,3,5.0,2.0,1.6,B,-100.0
19410,high,3,12.0,10.0,7.4,A,5.2
19411,medium,3,12.0,15.0,8.7,A,15.0
19412,none,1,4.0,17.0,8.4,C,15.0
19413,medium,0,7.0,12.0,8.2,D,15.0
19414,low,0,13.0,8.0,5.1,A,-8.5
19415,medium,2,12.0,2.0,3.8,A,-100.0
19416,none,2,5.0,1.0,5.5,C,-100.0
19417,medium,4,26.0,5.0,6.5,B,-9.2
19418,none,0,1.0,5.0,3.0,C,-100.0
19419,high,1,12.0,15.0,6.7,C,12.0
19420,low,0,4.0,12.0,7.6,A,14.6
19421,low,1,8.0,12.0,1.3,A,-100.0
19422,low,1,13.0,10.0,9.2,D,15.0
19423,high,1,12.0,11.0,2.9,A,-17.3
19424,high,1,17.0,7.0,9.1,C,7.9
19425,medium,1,6.0,10.0,4.0,A,-10.1
19426,medium,1,4.0,4.0,7.7,A,-2.1
19427,low,3,7.0,21.0,2.2,A,3.2
19428,medium,2,2.0,9.0,2.5,A,-100.0
19429,low,1,4.0,3.0,4.4,A,-100.0
19430,high,3,7.0,4.0,3.2,A,-100.0
19431,high,4,5.0,11.0,2.7,A,-18.0
19432,low,0,6.0,2.0,4.9,A,-100.0
19433,medium,1,3.0,5.0,2.7,A,-100.0
19434,high,2,20.0,2.0,1.1,A,-100.0
19435,low,5,14.0,13.0,6.0,C,6.4
19436,none,2,12.0,50.0,9.8,A,15.0
19437,none,2,27.0,6.0,1.4,B,-100.0
19438,low,2,3.0,8.0,3.0,A,-19.2
19439,medium,4,9.0,3.0,3.1,A,-100.0
19440,high,0,14.0,34.0,9.5,B,15.0
19441,high,2,20.0,4.0,4.4,A,-100.0
19442,none,1,7.0,13.0,9.3,A,15.0
19443,low,1,20.0,2.0,8.1,A,-5.4
19444,high,1,6.0,5.0,2.4,D,-100.0
19445,low,2,4.0,5.0,9.2,A,8.5
19446,medium,0,17.0,31.0,8.5,A,15.0
19447,low,0,11.0,12.0,9.3,B,15.0
19448,medium,0,25.0,1.0,5.5,A,-100.0
19449,none,2,21.0,2.0,1.6,A,-100.0
19450,low,2,12.0,23.0,1.3,B,2.0
19451,low,1,13.0,13.0,8.8,A,15.0
19452,medium,0,2.0,5.0,2.4,A,-100.0
19453,high,5,4.0,10.0,5.2,A,-6.3
19454,low,1,11.0,33.0,8.7,C,15.0
19455,medium,1,6.0,7.0,9.4,A,13.3
19456,low,2,10.0,26.0,8.0,A,15.0
19457,low,0,6.0,1.0,4.7,A,-100.0
19458,low,1,,23.0,7.9,C,
19459,medium,4,25.0,9.0,2.4,C,-100.0
19460,high,0,9.0,2.0,8.6,A,-4.4
19461,high,3,11.0,8.0,5.8,A,-7.7
19462,low,2,25.0,33.0,8.2,A,15.0
19463,low,1,5.0,21.0,9.1,A,15.0
19464,low,4,3.0,1.0,2.8,A,-100.0
19465,low,1,15.0,32.0,3.2,C,15.0
19466,low,1,8.0,37.0,8.2,A,15.0
19467,high,3,3.0,5.0,9.1,A,4.9
19468,high,1,16.0,4.0,1.0,C,-100.0
19469,low,1,3.0,25.0,5.6,A,15.0
19470,medium,1,4.0,2.0,6.6,B,-12.4
19471,low,4,9.0,15.0,9.8,A,15.0
19472,none,2,10.0,15.0,9.3,A,15.0
19473,high,2,14.0,10.0,2.6,B,-100.0
19474,high,0,7.0,7.0,6.9,C,-3.1
19475,high,1,,31.0,9.2,C,
19476,medium,3,21.0,1.0,6.4,A,-17.5
19477,low,0,21.0,5.0,8.3,A,2.0
19478,low,1,18.0,34.0,6.7,A,15.0
19479,low,3,10.0,9.0,8.5,C,12.3
19480,low,0,14.0,13.0,8.8,A,15.0
19481,medium,0,4.0,7.0,2.5,A,-100.0
19482,high,3,3.0,15.0,6.2,C,10.0
19483,low,1,20.0,16.0,3.3,A,-2.4
19484,low,1,11.0,12.0,8.4,A,15.0
19485,high,0,5.0,7.0,5.3,A,-11.7
19486,low,1,20.0,32.0,8.8,B,15.0
19487,high,0,6.0,10.0,5.5,A,-4.4
19488,low,2,12.0,9.0,3.1,A,-17.5
19489,high,2,10.0,6.0,8.5,A,3.1
19490,none,4,7.0,4.0,8.8,B,3.1
19491,medium,1,12.0,16.0,2.1,D,-8.6
19492,medium,2,7.0,1.0,8.3,A,-5.6
19493,medium,1,38.0,2.0,8.3,A,-6.4
19494,,0,9.0,16.0,9.2,C,15.0
19495,low,0,10.0,4.0,8.3,A,1.0
19496,low,2,14.0,3.0,8.6,A,-0.0
19497,medium,2,2.0,5.0,7.5,A,-1.0
19498,low,0,6.0,1.0,1.8,A,-100.0
19499,high,0,7.0,39.0,5.0,C,15.0
19500,high,3,3.0,16.0,9.1,A,15.0
19501,high,0,10.0,13.0,9.6,A,15.0
19502,none,0,,14.0,2.4,C,
19503,none,2,4.0,7.0,2.6,C,-100.0
19504,none,2,10.0,6.0,8.2,A,3.9
19505,low,2,9.0,4.0,7.5,B,-3.5
19506,medium,0,10.0,20.0,9.7,C,15.0
19507,low,2,3.0,5.0,9.3,A,9.1
19508,medium,1,21.0,10.0,7.2,A,6.0
19509,none,1,9.0,10.0,1.8,A,-100.0
19510,medium,0,13.0,37.0,9.2,A,15.0
19511,low,1,3.0,10.0,9.8,A,15.0
19512,high,0,13.0,6.0,8.8,A,4.7
19513,low,1,15.0,4.0,8.1,B,-0.7
19514,medium,2,17.0,8.0,2.4,A,-100.0
19515,low,1,4.0,9.0,7.0,C,4.9
19516,none,1,5.0,7.0,3.3,C,-100.0
19517,high,2,5.0,26.0,6.9,A,15.0
19518,medium,2,2.0,11.0,9.8,A,15.0
19519,none,3,3.0,7.0,9.2,C,12.1
19520,low,2,21.0,16.0,4.8,A,5.7
19521,medium,0,7.0,2.0,3.5,A,-100.0
19522,low,2,11.0,3.0,9.5,C,5.2
19523,low,0,14.0,12.0,1.6,B,-19.4
19524,low,2,10.0,6.0,2.7,D,-100.0
19525,low,1,9.0,10.0,9.2,A,15.0
19526,high,0,1.0,4.0,1.0,C,-100.0
19527,low,4,3.0,5.0,9.1,A,7.8
19528,high,1,28.0,14.0,2.4,C,-15.3
19529,none,2,3.0,2.0,2.2,A,-100.0
19530,low,0,3.0,1.0,9.4,B,1.5
19531,high,1,2.0,30.0,,A,
19532,none,1,12.0,8.0,3.8,A,-16.2
19533,high,0,3.0,34.0,3.1,A,15.0
19534,medium,4,2.0,48.0,8.8,C,15.0
19535,high,2,7.0,30.0,3.2,A,15.0
19536,medium,1,4.0,16.0,2.9,A,-3.3
19537,low,1,12.0,14.0,3.8,A,-3.0
19538,medium,2,12.0,4.0,3.5,C,-100.0
19539,medium,2,11.0,28.0,9.8,D,15.0
19540,medium,2,10.0,4.0,8.2,A,-0.1
19541,high,1,7.0,10.0,8.5,C,11.9
19542,medium,1,2.0,2.0,1.8,A,-100.0
19543,high,0,6.0,26.0,7.5,A,15.0
19544,low,2,21.0,7.0,6.2,A,-5.5
19545,high,1,5.0,40.0,4.7,A,15.0
19546,low,2,2.0,35.0,3.0,A,15.0
19547,low,2,17.0,27.0,5.3,A,15.0
19548,high,2,27.0,21.0,6.6,A,15.0
19549,high,4,1.0,4.0,1.0,C,-100.0
19550,medium,1,4.0,21.0,8.3,A,15.0
19551,low,0,7.0,30.0,2.2,A,15.0
19552,low,0,3.0,9.0,9.7,A,15.0
19553,high,1,13.0,13.0,7.3,B,11.0
19554,none,0,13.0,14.0,2.7,A,-9.7
19555,medium,0,2.0,7.0,9.7,B,15.0
19556,high,2,9.0,4.0,3.3,A,-100.0
19557,high,2,4.0,0.0,9.7,A,-2.3
19558,medium,2,4.0,27.0,7.1,C,15.0
19559,low,0,14.0,13.0,9.5,B,15.0
19560,low,1,7.0,9.0,4.4,D,-9.7
19561,medium,0,4.0,5.0,4.7,C,-16.5
19562,high,3,8.0,35.0,4.6,A,15.0
19563,high,2,14.0,5.0,2.4,A,-100.0
19564,low,2,16.0,6.0,9.4,B,10.5
19565,none,1,8.0,9.0,2.6,A,-100.0
19566,high,1,3.0,9.0,8.8,A,11.9
19567,medium,3,12.0,21.0,9.4,A,15.0
19568,high,0,31.0,50.0,8.6,A,15.0
19569,low,1,12.0,18.0,1.9,C,-5.1
19570,low,1,7.0,14.0,8.2,A,15.0
19571,medium,1,2.0,3.0,3.1,A,-100.0
19572,low,3,7.0,4.0,7.6,A,-2.8
19573,high,1,4.0,4.0,7.7,A,-4.8
19574,medium,0,2.0,19.0,8.6,D,15.0
19575,medium,2,23.0,1.0,4.7,A,-100.0
19576,high,2,23.0,30.0,9.4,A,15.0
19577,high,6,13.0,8.0,2.9,A,-100.0
19578,low,1,7.0,6.0,4.1,A,-17.7
19579,medium,0,6.0,14.0,6.3,C,11.1
19580,medium,2,13.0,2.0,2.4,A,-100.0
19581,high,1,14.0,9.0,8.1,A,6.9
19582,low,0,15.0,10.0,1.8,A,-100.0
19583,high,2,7.0,10.0,8.3,A,10.7
19584,high,1,22.0,5.0,9.9,A,7.6
19585,low,2,15.0,2.0,6.2,C,-15.4
19586,high,2,4.0,20.0,9.6,A,15.0
19587,medium,3,5.0,16.0,8.4,C,15.0
19588,low,2,13.0,4.0,1.1,A,-100.0
19589,medium,1,10.0,1.0,9.3,A,-0.2
19590,low,1,6.0,0.0,6.6,A,-16.4
19591,medium,1,3.0,3.0,8.8,C,1.9
19592,high,1,16.0,2.0,6.5,A,-16.8
19593,high,3,8.0,13.0,2.8,A,-13.4
19594,high,3,10.0,12.0,3.9,C,-9.7
19595,high,3,19.0,24.0,6.1,B,15.0
19596,low,1,2.0,9.0,7.5,D,7.8
19597,medium,3,20.0,11.0,5.7,A,-0.3
19598,low,2,13.0,7.0,4.3,A,-15.2
19599,low,2,14.0,13.0,3.9,B,-4.9
19600,medium,0,36.0,28.0,8.3,A,15.0
19601,high,3,5.0,4.0,4.9,A,-100.0
19602,medium,2,13.0,8.0,9.0,C,12.4
19603,medium,1,22.0,50.0,8.7,A,15.0
19604,low,2,18.0,11.0,9.3,B,15.0
19605,none,0,3.0,14.0,1.4,A,-15.8
19606,none,2,17.0,50.0,7.9,C,15.0
19607,low,1,1.0,13.0,1.7,A,-15.6
19608,none,1,1.0,29.0,,A,
19609,low,3,9.0,8.0,8.0,A,7.6
19610,low,0,2.0,12.0,7.0,A,11.5
19611,none,2,9.0,3.0,9.9,A,7.0
19612,none,3,2.0,8.0,3.7,A,-16.0
19613,medium,1,21.0,2.0,4.1,A,-100.0
19614,high,0,3.0,7.0,6.9,C,-2.7
19615,high,2,27.0,7.0,2.1,D,-100.0
19616,medium,0,5.0,5.0,7.1,A,-3.4
19617,none,2,8.0,24.0,3.7,C,15.0
19618,low,2,2.0,12.0,1.7,A,-17.9
19619,medium,3,10.0,11.0,1.1,A,-100.0
19620,none,2,4.0,21.0,1.1,D,-3.1
19621,low,0,4.0,3.0,9.4,C,5.6
19622,medium,0,18.0,3.0,2.7,A,-100.0
19623,none,2,19.0,16.0,2.0,C,-10.1
19624,high,1,13.0,21.0,5.1,C,15.0
19625,none,1,0.0,50.0,8.1,A,15.0
19626,high,6,1.0,2.0,2.6,A,-100.0
19627,medium,1,3.0,3.0,8.4,C,-0.3
19628,high,4,11.0,0.0,6.8,C,-19.1
19629,low,2,9.0,50.0,9.2,A,15.0
19630,high,3,13.0,13.0,6.7,A,7.5
19631,medium,3,15.0,16.0,8.1,A,15.0
19632,high,2,10.0,4.0,8.9,A,1.1
19633,high,3,16.0,5.0,8.5,A,0.3
19634,,2,6.0,3.0,7.1,C,-8.1
19635,medium,4,15.0,20.0,8.9,A,15.0
19636,high,0,9.0,3.0,5.3,A,-100.0
19637,,2,4.0,5.0,9.2,A,7.9
19638,high,2,9.0,16.0,9.3,C,15.0
19639,medium,0,4.0,11.0,8.4,A,15.0
19640,high,2,2.0,4.0,2.2,A,-100.0
19641,high,0,9.0,5.0,2.1,C,-100.0
19642,medium,1,10.0,1.0,4.8,B,-100.0
19643,low,1,7.0,36.0,8.7,A,15.0
19644,high,0,,26.0,3.0,C,
19645,none,0,6.0,1.0,4.5,C,-100.0
19646,high,4,26.0,9.0,8.9,B,9.8
19647,high,0,7.0,6.0,9.6,A,9.7
19648,medium,1,12.0,6.0,9.7,A,12.2
19649,medium,1,8.0,15.0,8.6,C,15.0
19650,low,0,4.0,1.0,9.9,A,4.1
19651,low,2,6.0,6.0,2.5,A,-100.0
19652,medium,1,11.0,21.0,9.2,A,15.0
19653,high,0,6.0,9.0,3.4,A,-18.0
19654,low,1,13.0,17.0,8.1,B,15.0
19655,high,3,21.0,10.0,1.1,C,-100.0
19656,low,0,4.0,4.0,6.6,A,-7.7
19657,high,2,6.0,3.0,6.0,A,-16.5
19658,high,2,37.0,9.0,7.2,A,-0.4
19659,high,0,5.0,5.0,5.1,A,-17.0
19660,high,0,16.0,45.0,1.7,A,15.0
19661,low,1,6.0,8.0,8.4,A,10.3
19662,low,0,11.0,3.0,5.2,B,-18.2
19663,high,0,5.0,24.0,6.5,A,15.0
19664,medium,2,1.0,4.0,7.4,C,-3.6
19665,high,1,8.0,1.0,9.0,A,-4.3
19666,high,1,6.0,26.0,1.1,A,4.9
19667,medium,1,3.0,15.0,2.6,A,-7.0
19668,none,1,7.0,1.0,1.8,A,-100.0
19669,low,1,12.0,21.0,2.9,A,6.7
19670,none,3,8.0,5.0,9.3,D,7.9
19671,medium,3,6.0,46.0,7.3,A,15.0
19672,none,2,2.0,5.0,6.6,A,-6.2
19673,low,1,7.0,7.0,8.7,C,9.7
19674,none,0,5.0,7.0,3.3,A,-100.0
19675,low,2,12.0,11.0,7.2,A,9.3
19676,medium,2,4.0,30.0,,D,
19677,none,0,7.0,8.0,3.2,C,-18.9
19678,medium,1,16.0,0.0,1.3,B,-100.0
19679,none,4,7.0,15.0,3.6,A,-2.4
19680,high,1,8.0,5.0,5.7,A,-14.1
19681,,3,4.0,1.0,9.0,A,-1.7
19682,medium,0,27.0,27.0,5.0,A,15.0
19683,medium,3,8.0,1.0,3.5,C,-100.0
19684,low,3,4.0,10.0,3.1,B,-14.7
19685,none,2,3.0,1.0,4.1,A,-100.0
19686,medium,1,6.0,4.0,7.0,A,-6.2
19687,medium,0,9.0,17.0,8.8,A,15.0
19688,high,0,5.0,12.0,7.7,A,12.0
19689,medium,0,3.0,3.0,,D,
19690,high,2,,2.0,9.2,C,
19691,low,2,5.0,3.0,3.6,A,-100.0
19692,high,2,2.0,25.0,3.9,A,15.0
19693,medium,0,2.0,5.0,7.6,A,-0.3
19694,high,0,20.0,0.0,8.7,A,-9.2
19695,high,0,10.0,3.0,5.9,A,-17.3
19696,medium,3,2.0,13.0,7.0,B,12.9
19697,high,1,4.0,20.0,2.4,A,-0.3
19698,medium,3,2.0,6.0,3.3,B,-100.0
19699,low,1,18.0,8.0,7.3,B,3.0
19700,low,1,11.0,6.0,8.1,C,3.9
19701,low,5,17.0,3.0,7.6,A,-6.1
19702,low,2,6.0,25.0,8.8,A,15.0
19703,none,1,10.0,1.0,8.6,C,-4.3
19704,low,0,5.0,23.0,9.2,B,15.0
19705,low,0,10.0,4.0,8.2,C,0.5
19706,medium,1,9.0,7.0,3.7,A,-18.4
19707,none,1,3.0,32.0,3.0,C,15.0
19708,high,0,3.0,9.0,2.5,B,-100.0
19709,low,2,3.0,4.0,2.5,D,-100.0
19710,high,4,17.0,10.0,2.5,A,-100.0
19711,medium,1,28.0,15.0,9.7,A,15.0
19712,low,3,5.0,10.0,1.3,A,-100.0
19713,high,3,5.0,6.0,5.9,A,-10.8
19714,none,1,7.0,0.0,2.1,C,-100.0
19715,high,1,14.0,17.0,5.6,C,10.0
19716,high,0,3.0,37.0,2.4,A,15.0
19717,none,1,3.0,4.0,6.2,C,-10.5
19718,medium,0,4.0,17.0,6.3,A,15.0
19719,medium,1,2.0,1.0,8.5,A,-3.8
19720,low,1,18.0,10.0,4.6,A,-7.6
19721,none,1,4.0,28.0,9.8,C,15.0
19722,medium,1,18.0,36.0,3.8,A,15.0
19723,high,0,13.0,18.0,4.0,A,3.5
19724,high,0,17.0,23.0,1.4,A,-0.7
19725,low,1,4.0,19.0,4.2,C,10.5
19726,high,2,24.0,23.0,5.6,B,15.0
19727,low,9,3.0,3.0,7.3,C,-6.8
19728,medium,1,2.0,5.0,4.0,C,-100.0
19729,none,3,6.0,19.0,6.8,A,15.0
19730,low,1,13.0,29.0,9.8,B,15.0
19731,medium,1,7.0,9.0,8.6,C,13.0
19732,high,0,2.0,4.0,2.9,B,-100.0
19733,high,2,6.0,14.0,2.0,C,-15.4
19734,low,4,6.0,13.0,5.2,A,2.9
19735,high,2,3.0,5.0,5.6,B,-14.2
19736,high,0,3.0,2.0,1.7,A,-100.0
19737,medium,0,20.0,27.0,8.9,A,15.0
19738,high,3,16.0,1.0,2.2,C,-100.0
19739,high,2,2.0,0.0,4.3,A,-100.0
19740,medium,2,27.0,1.0,9.5,A,-0.9
19741,low,1,23.0,1.0,8.9,B,-3.4
19742,high,1,4.0,5.0,1.0,A,-100.0
19743,low,0,2.0,11.0,3.2,A,-11.5
19744,medium,0,7.0,2.0,2.5,A,-100.0
19745,medium,1,9.0,29.0,1.4,C,15.0
19746,medium,1,9.0,19.0,2.5,A,0.2
19747,low,0,6.0,8.0,8.6,A,11.5
19748,high,0,3.0,29.0,8.6,B,15.0
19749,medium,2,1.0,16.0,3.8,A,1.8
19750,high,1,7.0,9.0,8.9,A,12.0
19751,low,2,6.0,19.0,4.3,C,10.7
19752,high,2,7.0,4.0,9.3,A,3.6
19753,medium,3,4.0,8.0,4.1,A,-13.7
19754,high,0,6.0,21.0,5.0,A,15.0
19755,medium,3,3.0,12.0,4.6,A,-2.5
19756,low,0,5.0,5.0,7.0,A,-3.5
19757,medium,1,7.0,13.0,2.4,A,-12.7
19758,high,2,13.0,5.0,2.6,A,-100.0
19759,high,3,2.0,10.0,9.7,A,15.0
19760,low,0,15.0,3.0,8.6,A,0.1
19761,medium,1,3.0,21.0,4.1,B,13.8
19762,none,3,8.0,17.0,5.6,A,12.8
19763,low,1,4.0,15.0,9.2,A,15.0
19764,low,1,3.0,21.0,6.1,A,15.0
19765,high,2,4.0,14.0,9.7,A,15.0
19766,high,4,5.0,4.0,2.0,A,-100.0
19767,none,1,6.0,17.0,9.6,C,15.0
19768,medium,3,10.0,2.0,4.1,A,-100.0
19769,medium,1,11.0,3.0,4.8,C,-100.0
19770,medium,0,8.0,19.0,1.6,C,-4.5
19771,high,0,1.0,50.0,,C,
19772,high,4,4.0,15.0,8.2,C,15.0
19773,medium,2,4.0,9.0,3.4,A,-15.4
19774,low,1,12.0,12.0,9.1,A,15.0
19775,high,1,35.0,10.0,9.9,A,15.0
19776,low,1,5.0,13.0,8.7,A,15.0
19777,medium,1,4.0,10.0,4.2,A,-8.8
19778,high,5,19.0,9.0,8.6,A,8.8
19779,medium,3,8.0,10.0,4.4,A,-8.3
19780,high,1,11.0,0.0,3.7,B,-100.0
19781,none,3,10.0,4.0,9.5,A,6.7
19782,low,2,22.0,4.0,2.7,C,-100.0
19783,none,2,6.0,3.0,7.4,C,-6.4
19784,high,2,4.0,3.0,8.8,A,-0.9
19785,medium,1,8.0,18.0,9.5,A,15.0
19786,high,1,9.0,5.0,2.1,A,-100.0
19787,low,2,7.0,27.0,2.0,A,14.8
19788,none,1,19.0,4.0,3.9,C,-100.0
19789,high,1,4.0,10.0,8.6,C,12.8
19790,high,3,7.0,11.0,8.6,B,14.4
19791,none,1,,2.0,9.2,C,
19792,,2,2.0,0.0,8.2,A,-7.9
19793,low,1,16.0,2.0,8.3,B,-3.9
19794,high,2,9.0,39.0,8.7,A,15.0
19795,,1,7.0,12.0,6.6,C,8.1
19796,low,1,12.0,8.0,2.3,A,-100.0
19797,high,0,13.0,4.0,9.8,A,6.0
19798,medium,1,4.0,12.0,3.3,C,-9.5
19799,medium,1,10.0,35.0,1.6,A,15.0
19800,low,2,8.0,6.0,7.8,C,2.5
19801,none,1,7.0,3.0,9.7,A,6.2
19802,low,1,9.0,8.0,5.1,A,-8.2
19803,high,2,2.0,2.0,5.2,A,-100.0
19804,high,1,7.0,9.0,7.1,A,2.1
19805,medium,2,34.0,6.0,7.6,A,-1.6
19806,high,2,6.0,5.0,5.7,A,-14.0
19807,medium,2,5.0,3.0,1.7,C,-100.0
19808,low,2,2.0,31.0,2.6,B,15.0
19809,medium,2,5.0,2.0,1.8,A,-100.0
19810,low,0,13.0,9.0,5.9,A,-2.0
19811,high,2,10.0,5.0,8.7,A,2.1
19812,low,1,5.0,2.0,5.2,D,-19.8
19813,high,1,5.0,5.0,4.7,A,-19.3
19814,none,1,,11.0,1.4,C,
19815,high,1,19.0,13.0,5.5,C,0.5
19816,none,1,14.0,3.0,7.9,A,-4.4
19817,low,1,18.0,47.0,2.2,C,15.0
19818,high,1,2.0,33.0,8.5,C,15.0
19819,none,3,12.0,10.0,3.9,A,-11.7
19820,high,3,24.0,0.0,1.4,A,-100.0
19821,low,3,11.0,0.0,6.4,C,-18.2
19822,medium,3,1.0,8.0,6.4,A,-0.8
19823,high,2,12.0,0.0,9.5,A,-4.2
19824,medium,1,4.0,16.0,5.0,A,8.2
19825,high,3,6.0,1.0,1.6,A,-100.0
19826,high,1,31.0,22.0,8.1,A,15.0
19827,medium,0,12.0,15.0,9.2,A,15.0
19828,none,0,10.0,20.0,1.7,A,-2.3
19829,low,0,3.0,16.0,2.5,A,-5.0
19830,low,1,12.0,10.0,10.0,C,15.0
19831,low,2,8.0,10.0,3.0,A,-15.5
19832,,4,8.0,13.0,1.9,A,-16.1
19833,high,2,,19.0,3.2,C,
19834,medium,1,13.0,1.0,9.2,C,-1.1
19835,low,0,3.0,4.0,8.3,D,1.7
19836,medium,1,13.0,5.0,5.8,A,-11.4
19837,low,4,19.0,1.0,3.3,A,-100.0
19838,medium,0,10.0,40.0,1.0,A,15.0
19839,medium,1,8.0,25.0,8.6,A,15.0
19840,low,3,13.0,2.0,1.4,A,-100.0
19841,low,0,5.0,16.0,4.9,A,8.0
19842,low,2,29.0,12.0,6.2,A,4.2
19843,medium,1,5.0,6.0,8.3,A,5.2
19844,low,0,6.0,0.0,2.0,A,-100.0
19845,low,2,4.0,22.0,4.0,C,15.0
19846,none,3,14.0,21.0,9.3,A,15.0
19847,medium,1,2.0,7.0,9.5,C,14.2
19848,low,1,14.0,13.0,7.6,A,15.0
19849,medium,1,17.0,1.0,8.8,B,-3.7
19850,none,0,15.0,14.0,9.4,C,15.0
19851,high,1,,11.0,2.3,C,
19852,low,2,11.0,4.0,8.6,A,2.4
19853,high,2,9.0,3.0,1.6,C,-100.0
19854,high,2,4.0,5.0,2.9,C,-100.0
19855,high,1,6.0,12.0,8.0,A,13.5
19856,medium,0,3.0,5.0,9.4,A,9.5
19857,low,0,1.0,4.0,7.0,A,-5.2
19858,low,2,8.0,8.0,9.8,C,15.0
19859,medium,1,4.0,3.0,1.1,A,-100.0
19860,high,1,24.0,5.0,3.4,B,-100.0
19861,low,0,24.0,4.0,8.0,A,-2.0
19862,medium,3,4.0,3.0,6.7,B,-10.0
19863,none,2,2.0,6.0,8.7,A,7.4
19864,high,3,9.0,2.0,1.8,A,-100.0
19865,none,0,7.0,10.0,7.3,C,7.8
19866,none,1,4.0,3.0,6.3,A,-12.2
19867,none,0,3.0,3.0,7.8,A,-3.7
19868,none,0,2.0,13.0,3.5,A,-6.3
19869,medium,0,18.0,19.0,8.1,C,15.0
19870,medium,2,8.0,7.0,9.2,A,11.9
19871,low,3,1.0,4.0,8.8,A,4.4
19872,medium,0,19.0,9.0,3.3,C,-17.3
19873,high,1,7.0,11.0,5.7,A,-1.4
19874,,2,4.0,5.0,4.7,C,-16.9
19875,low,1,2.0,24.0,1.7,C,7.4
19876,low,0,8.0,27.0,8.1,A,15.0
19877,medium,1,1.0,9.0,5.1,B,-5.7
19878,low,2,40.0,4.0,5.4,A,-18.1
19879,high,1,8.0,15.0,1.3,A,-17.3
19880,high,1,9.0,15.0,6.8,C,12.9
19881,high,1,1.0,1.0,6.0,B,-100.0
19882,high,0,19.0,49.0,8.9,A,15.0
19883,medium,0,9.0,6.0,4.3,C,-17.1
19884,none,3,4.0,2.0,9.8,B,4.8
19885,high,1,6.0,1.0,9.8,C,0.3
19886,medium,3,35.0,0.0,3.2,C,-100.0
19887,high,2,3.0,6.0,7.2,B,-3.3
19888,medium,5,9.0,7.0,7.4,A,1.6
19889,low,3,1.0,13.0,2.2,A,-13.0
19890,high,1,25.0,2.0,9.0,A,-3.9
19891,medium,4,7.0,26.0,2.3,A,13.8
19892,medium,0,14.0,14.0,1.5,A,-16.1
19893,low,1,5.0,0.0,9.5,A,-0.4
19894,medium,1,17.0,1.0,8.1,A,-7.5
19895,medium,3,5.0,50.0,6.6,C,15.0
19896,low,1,3.0,7.0,8.0,A,6.3
19897,none,0,5.0,3.0,9.3,A,4.3
19898,medium,1,8.0,1.0,2.4,C,-100.0
19899,low,2,7.0,7.0,4.4,C,-14.0
19900,low,3,6.0,20.0,8.7,A,15.0
19901,high,1,7.0,12.0,3.0,A,-14.1
19902,medium,1,13.0,2.0,1.4,B,-100.0
19903,low,2,15.0,15.0,3.3,A,-4.1
19904,none,1,4.0,2.0,8.6,B,-1.6
19905,high,1,,18.0,6.2,C,
19906,medium,0,,27.0,9.9,C,
19907,high,1,24.0,2.0,3.6,A,-100.0
19908,medium,0,7.0,21.0,9.0,C,15.0
19909,high,0,21.0,12.0,9.9,A,15.0
19910,low,0,23.0,28.0,7.7,A,15.0
19911,low,2,13.0,1.0,7.2,A,-11.8
19912,low,0,4.0,6.0,9.0,C,9.7
19913,high,4,4.0,2.0,2.0,A,-100.0
19914,high,2,4.0,8.0,3.3,A,-100.0
19915,high,1,10.0,3.0,,D,
19916,none,4,7.0,9.0,9.9,B,15.0
19917,high,3,7.0,2.0,6.2,A,-17.7
19918,low,0,5.0,10.0,6.2,D,2.6
19919,none,1,9.0,9.0,4.5,A,-10.0
19920,medium,1,12.0,19.0,9.3,B,15.0
19921,high,0,8.0,11.0,1.9,A,-100.0
19922,high,1,40.0,3.0,5.6,A,-100.0
19923,high,2,2.0,7.0,2.3,A,-100.0
19924,low,0,5.0,6.0,1.6,A,-100.0
19925,medium,1,10.0,5.0,9.1,A,7.0
19926,low,1,10.0,12.0,9.9,D,15.0
19927,none,1,29.0,1.0,1.7,A,-100.0
19928,low,2,1.0,3.0,7.7,B,-3.7
19929,medium,1,13.0,19.0,9.0,A,15.0
19930,medium,3,8.0,14.0,8.7,A,15.0
19931,medium,1,4.0,5.0,3.1,A,-100.0
19932,high,1,13.0,6.0,2.6,A,-100.0
19933,low,2,3.0,5.0,6.6,A,-5.7
19934,none,3,7.0,7.0,6.8,C,-1.5
19935,low,2,11.0,13.0,2.1,C,-14.5
19936,high,2,5.0,11.0,9.8,B,15.0
19937,none,2,10.0,10.0,9.4,A,15.0
19938,low,1,7.0,2.0,4.9,A,-100.0
19939,high,1,1.0,9.0,5.4,C,-6.6
19940,,3,4.0,14.0,8.3,A,15.0
19941,high,3,14.0,31.0,9.1,A,15.0
19942,none,1,15.0,7.0,9.0,A,10.0
19943,none,0,6.0,18.0,8.9,A,15.0
19944,low,1,12.0,24.0,9.4,A,15.0
19945,high,0,17.0,13.0,3.9,B,-8.0
19946,none,3,2.0,5.0,6.3,D,-8.0
19947,high,2,7.0,5.0,8.5,A,1.3
19948,low,0,8.0,1.0,7.6,A,-8.9
19949,none,1,12.0,15.0,8.5,A,15.0
19950,medium,0,12.0,4.0,5.8,C,-13.3
19951,medium,3,8.0,13.0,3.0,A,-9.7
19952,medium,4,18.0,36.0,6.7,A,15.0
19953,high,2,12.0,1.0,8.8,A,-5.9
19954,low,1,6.0,2.0,5.3,A,-19.4
19955,medium,0,11.0,3.0,2.1,A,-100.0
19956,low,3,3.0,2.0,1.9,B,-100.0
19957,low,1,18.0,15.0,3.2,A,-4.8
19958,high,4,11.0,2.0,8.6,A,-5.0
19959,,0,25.0,29.0,9.4,A,15.0
19960,low,2,11.0,0.0,8.5,A,-6.6
19961,medium,0,5.0,22.0,2.3,A,6.0
19962,high,5,9.0,14.0,8.9,A,15.0
19963,low,0,11.0,39.0,8.8,A,15.0
19964,medium,1,4.0,12.0,6.3,A,6.9
19965,none,0,5.0,1.0,8.5,C,-4.3
19966,low,3,10.0,25.0,3.7,C,15.0
19967,medium,1,15.0,6.0,2.3,C,-100.0
19968,none,1,8.0,6.0,5.0,A,-13.4
19969,low,1,5.0,19.0,4.6,A,12.6
19970,high,2,13.0,28.0,2.7,A,15.0
19971,none,1,14.0,32.0,2.0,A,15.0
19972,none,0,2.0,21.0,6.6,A,15.0
19973,none,3,5.0,29.0,4.1,A,15.0
19974,medium,0,11.0,3.0,9.8,C,6.7
19975,none,3,2.0,7.0,9.7,A,14.9
19976,medium,1,26.0,6.0,8.4,A,3.7
19977,medium,1,3.0,0.0,2.3,C,-100.0
19978,none,2,24.0,10.0,2.9,A,-18.3
19979,high,1,10.0,6.0,3.8,A,-100.0
19980,none,1,13.0,9.0,6.8,C,2.3
19981,high,3,8.0,32.0,5.3,A,15.0
19982,low,0,5.0,6.0,9.9,B,14.5
19983,low,1,,8.0,10.0,C,
19984,low,2,9.0,8.0,6.6,A,-0.0
19985,low,1,14.0,2.0,7.2,A,-9.7
19986,,1,10.0,1.0,4.9,A,-100.0
19987,low,1,6.0,5.0,1.5,A,-100.0
19988,low,5,3.0,4.0,5.1,A,-16.4
19989,high,0,36.0,1.0,9.5,A,-4.3
19990,high,0,1.0,5.0,7.5,B,-3.4
19991,medium,2,14.0,20.0,9.6,C,15.0
19992,medium,3,1.0,18.0,8.3,B,15.0
19993,high,1,7.0,30.0,1.5,A,15.0
19994,medium,2,7.0,50.0,9.4,A,15.0
19995,high,3,12.0,26.0,8.9,C,15.0
19996,high,2,8.0,6.0,3.1,A,-100.0
19997,high,0,,1.0,9.1,C,
19998,high,1,4.0,41.0,5.9,A,15.0
19999,low,3,5.0,5.0,5.7,A,-11.0
20000,low,2,8.0,0.0,9.0,C,-3.5
