Employee_ID,Supervisor_Complaints,Peer_Complaints,Years_Experience,Training_Hours,Customer_Satisfaction,Department,Salary_Increment_%
1,low,1,10.0,5.0,4.0,A,-7.0
2,low,0,22.0,7.0,9.3,A,15.0
3,low,1,3.0,41.0,8.7,C,15.0
4,low,1,26.0,6.0,8.2,A,14.5
5,high,2,10.0,20.0,9.7,A,-11.7
6,low,3,1.0,8.0,1.1,C,-100.0
7,low,1,8.0,16.0,3.5,A,-9.5
8,high,1,19.0,1.0,3.5,A,-100.0
9,medium,2,10.0,8.0,9.6,D,15.0
10,high,1,14.0,11.0,9.3,A,-14.2
11,low,2,6.0,10.0,2.7,A,-13.9
12,low,3,13.0,5.0,6.3,A,5.1
13,high,0,2.0,4.0,4.3,D,-100.0
14,medium,1,5.0,1.0,7.8,A,12.4
15,low,0,7.0,8.0,4.6,A,-3.3
16,none,0,3.0,10.0,9.0,A,9.3
17,high,0,12.0,3.0,5.7,A,-100.0
18,low,1,16.0,44.0,8.4,A,15.0
19,low,3,7.0,14.0,8.5,D,15.0
20,medium,1,32.0,17.0,9.0,C,15.0
21,none,1,11.0,5.0,6.0,A,-8.1
22,high,0,16.0,23.0,8.0,B,-100.0
23,high,1,12.0,13.0,9.0,C,-15.7
24,medium,2,4.0,8.0,9.6,A,15.0
25,none,3,2.0,18.0,8.2,B,4.8
26,low,0,11.0,8.0,5.1,A,-1.0
27,medium,2,11.0,37.0,2.6,A,-16.5
28,low,0,18.0,19.0,8.4,A,15.0
29,medium,2,6.0,5.0,3.2,A,-13.0
30,low,0,12.0,3.0,1.6,C,-100.0
31,high,1,16.0,8.0,9.3,A,-14.5
32,medium,0,6.0,28.0,4.3,C,-6.5
33,high,3,1.0,5.0,3.9,C,-100.0
34,none,0,5.0,7.0,9.6,A,12.4
35,low,1,13.0,3.0,3.7,D,-9.0
36,high,2,19.0,28.0,7.2,C,-100.0
37,low,2,5.0,9.0,3.1,A,-11.6
38,low,1,5.0,17.0,9.8,A,15.0
39,medium,3,10.0,4.0,9.7,A,15.0
40,medium,1,7.0,19.0,8.7,A,15.0
41,low,0,15.0,1.0,10.0,A,15.0
42,medium,2,14.0,3.0,3.6,A,-11.6
43,high,0,3.0,5.0,6.8,A,-100.0
44,low,0,4.0,12.0,5.6,B,2.5
45,high,1,14.0,49.0,9.3,A,-13.9
46,low,0,17.0,3.0,8.9,C,15.0
47,none,1,18.0,3.0,8.3,A,3.8
48,high,2,6.0,9.0,3.1,A,-100.0
49,high,0,5.0,5.0,3.5,C,-100.0
50,low,0,22.0,0.0,9.4,C,15.0
51,high,1,17.0,2.0,8.6,B,-18.5
52,high,3,11.0,3.0,9.2,B,-14.8
53,high,3,7.0,1.0,1.2,A,-100.0
54,none,1,14.0,4.0,8.4,C,4.7
55,medium,3,,5.0,10.0,C,
56,medium,1,12.0,50.0,3.3,C,-12.5
57,low,0,12.0,24.0,9.0,A,15.0
58,medium,1,9.0,23.0,2.6,A,-16.4
59,none,4,26.0,5.0,1.1,A,-100.0
60,low,2,3.0,14.0,9.4,A,15.0
61,medium,0,12.0,16.0,5.0,A,-3.4
62,,1,3.0,31.0,9.7,A,13.3
63,low,1,6.0,6.0,9.3,C,15.0
64,low,1,24.0,11.0,1.1,A,-100.0
65,low,0,12.0,2.0,6.9,A,8.8
66,none,1,0.0,1.0,1.3,C,-100.0
67,medium,3,15.0,2.0,9.5,C,15.0
68,medium,1,9.0,1.0,5.0,D,-3.4
69,medium,0,13.0,2.0,4.7,A,-5.3
70,high,1,3.0,0.0,6.0,B,-100.0
71,none,3,4.0,1.0,4.2,A,-17.6
72,,2,2.0,2.0,,B,
73,low,1,12.0,15.0,5.6,A,1.6
74,high,4,1.0,37.0,8.2,A,-19.0
75,none,1,3.0,19.0,8.8,C,8.2
76,high,2,9.0,3.0,3.1,A,-100.0
77,medium,3,10.0,9.0,5.6,A,-0.3
78,low,0,0.0,2.0,8.7,A,15.0
79,high,1,8.0,18.0,1.3,A,-100.0
80,low,4,9.0,35.0,9.3,A,15.0
81,low,0,6.0,5.0,9.0,B,15.0
82,high,5,11.0,17.0,5.5,A,-100.0
83,none,2,3.0,2.0,8.1,B,4.1
84,low,1,11.0,18.0,3.1,A,-12.0
85,high,3,,7.0,9.7,C,
86,low,2,6.0,50.0,4.4,C,-4.1
87,medium,1,14.0,6.0,3.9,A,-9.9
88,medium,3,2.0,2.0,6.5,C,5.4
89,medium,1,15.0,8.0,1.8,A,-100.0
90,high,2,9.0,36.0,10.0,A,-9.7
91,none,1,4.0,15.0,9.4,B,11.4
92,,1,5.0,34.0,8.8,B,8.1
93,low,1,19.0,1.0,2.3,A,-17.3
94,low,2,25.0,10.0,8.0,A,13.4
95,none,1,12.0,18.0,5.9,A,-8.7
96,medium,2,6.0,14.0,1.0,A,-100.0
97,medium,5,7.0,12.0,6.4,A,4.2
98,low,1,8.0,16.0,3.6,C,-8.9
99,high,1,8.0,19.0,4.0,C,-100.0
100,low,0,1.0,24.0,8.5,B,15.0
101,low,1,11.0,50.0,8.0,A,15.0
102,low,3,11.0,23.0,9.6,A,15.0
103,medium,3,4.0,1.0,9.6,A,15.0
104,none,0,8.0,2.0,1.5,C,-100.0
105,medium,2,19.0,5.0,2.2,B,-19.8
106,high,3,6.0,2.0,4.1,B,-100.0
107,medium,2,22.0,9.0,9.6,A,15.0
108,medium,2,6.0,4.0,8.2,C,14.5
109,medium,0,5.0,16.0,5.2,B,-1.6
110,high,1,8.0,26.0,5.7,A,-100.0
111,medium,3,12.0,1.0,9.8,A,
112,medium,1,4.0,7.0,2.8,A,-14.9
113,none,0,11.0,50.0,9.1,D,9.5
114,medium,0,6.0,9.0,4.4,A,-6.2
115,none,0,27.0,12.0,9.1,A,7.5
116,medium,1,11.0,0.0,7.1,C,8.0
117,high,1,6.0,1.0,1.2,A,-100.0
118,none,0,9.0,5.0,9.8,C,13.0
119,,1,4.0,28.0,9.3,A,10.9
120,high,1,7.0,17.0,5.3,C,-100.0
121,medium,2,12.0,9.0,9.0,C,15.0
122,none,2,12.0,28.0,4.7,C,-15.3
123,medium,1,2.0,15.0,8.1,C,14.5
124,high,3,,22.0,9.9,C,
125,low,2,5.0,7.0,7.2,A,11.0
126,high,1,20.0,0.0,9.1,A,-16.0
127,high,1,20.0,7.0,9.3,A,-14.9
128,low,2,11.0,3.0,6.2,A,4.8
129,low,0,28.0,12.0,5.4,B,-1.0
130,low,4,0.0,8.0,5.1,A,-0.3
131,low,0,4.0,24.0,3.7,A,-7.8
132,high,1,6.0,15.0,10.0,A,-9.6
133,low,4,11.0,15.0,2.5,B,-15.6
134,,0,11.0,10.0,8.0,A,3.0
135,none,1,13.0,9.0,4.8,B,-14.9
136,low,0,5.0,2.0,8.5,A,15.0
137,medium,2,6.0,11.0,8.7,A,15.0
138,low,2,22.0,8.0,3.2,A,-12.7
139,high,1,5.0,2.0,2.0,A,-100.0
140,low,1,2.0,21.0,4.6,A,-2.8
141,low,2,15.0,26.0,1.3,D,-100.0
142,high,2,4.0,6.0,3.0,A,-100.0
143,,1,4.0,13.0,1.3,A,-100.0
144,low,1,1.0,7.0,2.5,A,-14.4
145,low,0,16.0,0.0,3.8,C,-8.7
146,high,1,12.0,14.0,9.7,B,-11.8
147,medium,3,12.0,6.0,2.0,A,-100.0
148,low,3,8.0,4.0,9.1,A,15.0
149,high,0,10.0,8.0,2.6,A,-100.0
150,none,3,5.0,1.0,4.9,A,-13.8
151,high,0,12.0,20.0,3.5,C,-100.0
152,medium,2,3.0,8.0,9.7,B,15.0
153,medium,0,8.0,34.0,9.1,C,15.0
154,low,0,7.0,11.0,1.8,A,-18.7
155,low,0,15.0,1.0,6.8,C,7.9
156,low,0,4.0,5.0,6.8,A,9.1
157,high,0,10.0,21.0,3.4,A,-100.0
158,high,3,8.0,2.0,5.2,A,-100.0
159,medium,1,2.0,18.0,9.8,A,15.0
160,low,0,8.0,29.0,7.6,C,13.3
161,none,1,9.0,0.0,2.8,A,-100.0
162,high,1,1.0,16.0,3.1,D,-100.0
163,low,2,8.0,4.0,2.9,C,-13.0
164,high,2,3.0,27.0,4.7,A,-100.0
165,low,0,4.0,4.0,5.7,A,3.0
166,high,0,14.0,3.0,1.4,A,-100.0
167,high,3,10.0,7.0,8.2,A,-100.0
168,,0,18.0,5.0,1.1,A,-100.0
169,low,2,26.0,8.0,3.6,A,-10.9
170,high,1,7.0,2.0,8.5,A,-18.0
171,,1,10.0,25.0,3.1,A,-100.0
172,none,1,,10.0,8.2,C,
173,medium,2,3.0,6.0,10.0,A,15.0
174,high,2,5.0,27.0,3.2,A,-100.0
175,high,3,8.0,6.0,7.6,A,-100.0
176,low,2,11.0,2.0,3.5,C,-10.0
177,medium,2,3.0,7.0,9.0,A,15.0
178,high,0,16.0,46.0,9.8,A,-11.2
179,medium,2,18.0,14.0,9.4,B,15.0
180,medium,4,8.0,5.0,6.2,C,3.1
181,medium,2,10.0,32.0,9.0,A,15.0
182,low,4,9.0,0.0,5.1,A,-1.2
183,high,3,13.0,41.0,6.8,A,-100.0
184,high,2,14.0,37.0,,D,
185,high,0,6.0,0.0,8.0,A,-100.0
186,high,2,4.0,6.0,8.6,C,-17.2
187,high,1,4.0,31.0,8.0,C,-100.0
188,medium,0,10.0,4.0,6.0,C,2.2
189,low,1,4.0,38.0,10.0,A,15.0
190,high,1,15.0,3.0,8.1,C,-100.0
191,high,0,6.0,6.0,1.3,A,-100.0
192,medium,1,8.0,17.0,9.5,A,15.0
193,high,1,5.0,1.0,9.7,A,-11.2
194,low,0,17.0,5.0,9.2,C,15.0
195,high,2,12.0,30.0,9.8,A,-11.2
196,low,2,5.0,11.0,8.3,A,15.0
197,none,6,3.0,2.0,7.0,C,-2.4
198,none,0,1.0,5.0,7.1,C,-1.0
199,none,0,24.0,2.0,6.0,A,-9.4
200,medium,2,17.0,12.0,3.3,A,-13.5
201,low,4,21.0,2.0,7.1,A,8.6
202,low,2,19.0,14.0,5.3,D,-0.8
203,none,1,8.0,6.0,1.7,B,-100.0
204,high,2,14.0,6.0,4.3,A,-100.0
205,medium,0,7.0,9.0,8.0,C,13.5
206,none,0,16.0,15.0,9.9,A,13.0
207,high,1,5.0,1.0,2.0,C,-100.0
208,high,0,23.0,7.0,9.9,C,-11.8
209,low,0,23.0,3.0,8.5,A,15.0
210,high,2,11.0,0.0,8.7,C,-17.4
211,low,0,0.0,8.0,1.8,A,-18.0
212,medium,2,2.0,11.0,9.9,A,15.0
213,low,0,8.0,17.0,2.2,A,-16.5
214,medium,2,18.0,29.0,5.8,A,0.3
215,high,0,12.0,42.0,3.3,A,-100.0
216,high,0,15.0,1.0,9.7,A,-12.1
217,high,2,8.0,6.0,4.2,A,-100.0
218,none,2,8.0,22.0,6.3,C,-6.1
219,medium,1,22.0,8.0,9.9,A,15.0
220,medium,2,30.0,17.0,1.7,A,-100.0
221,high,2,8.0,50.0,8.6,A,-17.2
222,high,0,2.0,1.0,9.7,D,-10.8
223,high,4,15.0,3.0,3.1,A,-100.0
224,high,2,15.0,5.0,9.0,A,-16.1
225,low,1,14.0,5.0,4.4,A,-5.3
226,medium,2,6.0,10.0,1.1,C,-100.0
227,high,1,15.0,11.0,8.0,C,-100.0
228,low,3,,18.0,9.4,C,
229,high,3,17.0,10.0,1.2,A,-100.0
230,high,0,10.0,18.0,4.8,D,-100.0
231,high,3,3.0,50.0,8.1,A,
232,low,2,11.0,1.0,9.8,A,15.0
233,high,1,6.0,9.0,1.8,C,-100.0
234,none,5,21.0,2.0,4.8,A,-16.2
235,low,2,13.0,27.0,2.8,A,-13.8
236,high,0,8.0,0.0,9.6,A,-12.0
237,low,2,6.0,12.0,7.9,A,14.8
238,low,4,4.0,9.0,2.9,A,-12.8
239,none,0,4.0,22.0,1.0,C,-100.0
240,medium,1,10.0,23.0,9.7,A,15.0
241,low,1,7.0,19.0,1.3,A,-100.0
242,medium,0,4.0,0.0,6.4,A,4.9
243,medium,5,13.0,10.0,7.1,A,7.5
244,high,1,16.0,7.0,9.5,A,-13.4
245,medium,1,7.0,13.0,3.3,C,-12.4
246,low,1,21.0,23.0,4.8,A,-3.6
247,high,2,5.0,11.0,4.6,D,-100.0
248,high,4,10.0,9.0,1.9,C,-100.0
249,,2,6.0,20.0,8.7,A,7.2
250,low,1,3.0,22.0,2.5,A,-14.4
251,low,1,,8.0,2.4,C,
252,low,1,7.0,39.0,7.6,C,13.4
253,low,2,12.0,1.0,4.7,B,-3.5
254,low,2,21.0,26.0,8.1,C,14.5
255,medium,5,1.0,1.0,1.5,A,-100.0
256,none,1,23.0,21.0,2.5,A,-100.0
257,none,1,12.0,6.0,8.9,A,7.7
258,high,4,2.0,10.0,9.8,B,-10.6
259,high,0,21.0,2.0,8.3,C,-100.0
260,low,1,11.0,11.0,3.1,D,-12.0
261,none,2,26.0,20.0,8.4,A,3.6
262,low,1,4.0,7.0,2.2,A,-16.3
263,low,2,4.0,8.0,6.2,A,5.6
264,high,1,3.0,31.0,4.8,C,-100.0
265,high,3,3.0,0.0,8.2,A,-19.5
266,low,1,5.0,37.0,7.0,B,10.3
267,none,1,5.0,9.0,6.8,A,-3.1
268,high,2,14.0,2.0,9.2,A,-15.0
269,low,1,4.0,21.0,8.4,B,15.0
270,high,1,5.0,13.0,5.3,A,-100.0
271,low,1,6.0,15.0,9.9,A,15.0
272,none,2,11.0,14.0,5.5,D,-10.9
273,low,2,8.0,5.0,3.9,A,-7.5
274,low,0,13.0,11.0,8.5,A,15.0
275,low,0,9.0,10.0,3.3,A,-10.6
276,medium,1,14.0,2.0,3.0,B,-14.9
277,low,3,32.0,7.0,7.7,C,10.9
278,low,1,12.0,3.0,3.2,A,-11.7
279,none,2,5.0,0.0,4.5,C,-16.0
280,high,1,25.0,6.0,2.3,A,-100.0
281,none,3,10.0,21.0,9.6,C,11.7
282,none,1,8.0,3.0,3.2,A,-100.0
283,high,2,10.0,3.0,5.1,B,-100.0
284,high,1,14.0,14.0,8.4,C,-19.2
285,high,0,13.0,6.0,1.1,A,-100.0
286,none,1,9.0,11.0,7.9,A,2.6
287,high,2,2.0,3.0,6.1,A,-100.0
288,high,1,3.0,22.0,2.7,D,-100.0
289,high,3,20.0,5.0,9.1,A,-16.2
290,medium,1,2.0,2.0,9.6,A,15.0
291,medium,0,13.0,2.0,5.7,A,0.2
292,medium,1,4.0,15.0,4.0,A,-8.2
293,none,1,24.0,2.0,2.7,A,-100.0
294,low,1,7.0,33.0,3.2,A,-10.9
295,low,1,13.0,4.0,2.4,C,-16.2
296,low,3,12.0,10.0,8.0,A,14.6
297,medium,0,4.0,13.0,9.1,A,15.0
298,low,1,21.0,4.0,6.2,A,3.9
299,medium,2,18.0,15.0,2.7,D,-16.9
300,high,1,6.0,21.0,5.5,A,-100.0
301,high,1,1.0,9.0,3.2,A,-100.0
302,high,4,2.0,21.0,8.6,D,-17.1
303,high,2,20.0,9.0,2.5,A,-100.0
304,high,1,6.0,4.0,8.2,A,-19.6
305,high,5,17.0,8.0,8.1,C,-100.0
306,high,2,11.0,17.0,7.3,A,-100.0
307,medium,0,16.0,32.0,9.0,A,15.0
308,high,2,14.0,4.0,9.1,A,-15.5
309,low,3,17.0,18.0,4.6,D,-4.5
310,medium,2,4.0,20.0,6.8,A,7.1
311,none,0,2.0,21.0,8.9,C,9.0
312,low,2,17.0,3.0,2.0,A,-18.9
313,low,0,8.0,28.0,3.2,B,-10.9
314,none,2,7.0,33.0,2.0,A,-100.0
315,high,1,14.0,1.0,10.0,A,-10.5
316,medium,2,16.0,29.0,1.9,A,-100.0
317,low,0,5.0,31.0,3.9,A,-6.7
318,low,4,19.0,3.0,8.8,A,15.0
319,low,2,6.0,2.0,2.0,C,-17.8
320,low,4,14.0,9.0,9.4,B,15.0
321,high,0,2.0,5.0,4.7,A,-100.0
322,high,0,11.0,14.0,1.2,A,-100.0
323,low,0,4.0,17.0,2.1,A,-16.7
324,low,0,,2.0,8.1,C,
325,low,2,2.0,50.0,3.1,A,-10.9
326,low,0,10.0,5.0,8.3,A,15.0
327,high,1,14.0,1.0,4.2,A,-100.0
328,low,2,3.0,2.0,9.6,A,15.0
329,high,1,12.0,28.0,3.7,A,-100.0
330,high,0,8.0,1.0,3.4,A,-100.0
331,low,2,6.0,18.0,1.7,B,-19.3
332,medium,2,5.0,11.0,6.4,B,4.7
333,high,1,2.0,15.0,10.0,A,-9.2
334,high,1,,5.0,4.3,C,
335,high,2,16.0,2.0,6.3,A,-100.0
336,low,1,24.0,33.0,4.5,B,-5.4
337,medium,0,6.0,3.0,6.2,A,3.7
338,none,4,12.0,10.0,8.5,A,5.2
339,low,4,6.0,18.0,5.5,D,1.4
340,none,0,7.0,3.0,9.1,C,9.4
341,high,0,5.0,0.0,5.4,A,-100.0
342,medium,1,6.0,10.0,2.8,B,-15.1
343,none,0,6.0,8.0,8.2,A,4.6
344,low,1,10.0,39.0,9.4,A,15.0
345,low,0,3.0,2.0,5.9,A,4.2
346,low,0,3.0,7.0,9.8,C,15.0
347,medium,2,,8.0,5.6,C,
348,low,4,22.0,4.0,5.8,C,1.3
349,medium,1,17.0,15.0,6.5,B,4.2
350,low,1,5.0,11.0,9.5,A,15.0
351,low,1,8.0,2.0,7.4,D,11.8
352,high,3,5.0,32.0,2.3,A,-100.0
353,high,1,10.0,18.0,3.2,A,-100.0
354,high,3,10.0,14.0,8.2,A,-100.0
355,medium,3,4.0,27.0,5.3,A,-1.1
356,none,0,9.0,22.0,9.7,B,12.7
357,none,3,,24.0,1.5,C,
358,low,3,10.0,2.0,3.0,A,-12.8
359,low,3,4.0,20.0,8.4,A,15.0
360,high,0,13.0,10.0,9.0,A,
361,none,2,5.0,6.0,9.5,B,11.6
362,none,3,12.0,11.0,8.0,A,2.6
363,none,3,2.0,14.0,6.3,C,-5.7
364,low,1,12.0,1.0,9.5,B,15.0
365,high,1,9.0,50.0,9.2,B,-13.9
366,high,1,5.0,11.0,3.2,A,-100.0
367,high,3,2.0,0.0,8.9,D,-15.5
368,none,3,4.0,9.0,6.8,B,-3.2
369,low,1,9.0,17.0,2.6,A,-14.5
370,none,1,21.0,1.0,2.6,A,-100.0
371,low,1,18.0,26.0,8.2,C,15.0
372,high,1,7.0,4.0,2.4,A,-100.0
373,high,4,9.0,3.0,9.7,A,-11.9
374,high,3,8.0,17.0,8.1,C,-100.0
375,medium,3,8.0,1.0,3.5,C,-11.7
376,high,2,3.0,2.0,6.4,A,-100.0
377,low,2,9.0,7.0,7.7,A,13.3
378,medium,0,7.0,20.0,3.9,C,-8.9
379,low,2,13.0,1.0,9.8,C,15.0
380,none,1,6.0,0.0,6.6,A,-4.4
381,high,1,20.0,5.0,3.7,A,-100.0
382,high,1,3.0,5.0,4.5,B,-100.0
383,medium,1,13.0,10.0,4.5,D,-6.4
384,low,1,21.0,28.0,1.7,D,-100.0
385,medium,3,10.0,6.0,2.6,D,-16.8
386,medium,3,8.0,14.0,8.6,A,15.0
387,none,1,2.0,5.0,9.8,A,13.7
388,medium,2,8.0,1.0,1.9,B,-100.0
389,medium,0,12.0,1.0,10.0,A,15.0
390,low,0,22.0,12.0,9.1,A,15.0
391,high,1,3.0,10.0,7.6,C,-100.0
392,high,2,10.0,18.0,5.1,A,-100.0
393,none,0,29.0,1.0,8.2,C,2.2
394,medium,1,6.0,16.0,7.8,C,12.5
395,low,0,3.0,22.0,3.6,A,-8.3
396,medium,0,7.0,6.0,10.0,A,15.0
397,none,0,13.0,8.0,5.2,B,-12.6
398,medium,2,13.0,13.0,8.3,C,14.4
399,high,3,12.0,21.0,6.3,C,-100.0
400,none,0,3.0,1.0,9.9,D,14.2
401,low,0,7.0,13.0,9.7,A,15.0
402,low,2,6.0,14.0,9.5,B,15.0
403,none,2,25.0,9.0,5.6,C,-11.8
404,high,1,4.0,21.0,3.8,D,-100.0
405,medium,2,5.0,3.0,9.3,A,15.0
406,medium,0,9.0,24.0,3.9,A,-9.1
407,medium,4,21.0,15.0,9.9,A,15.0
408,medium,3,4.0,43.0,3.6,C,-10.3
409,medium,0,10.0,8.0,4.6,A,-5.5
410,high,1,5.0,0.0,6.8,A,-100.0
411,low,3,8.0,10.0,8.7,A,15.0
412,,1,16.0,14.0,8.6,C,5.7
413,medium,0,9.0,7.0,9.9,C,15.0
414,none,1,10.0,9.0,3.1,B,-100.0
415,medium,0,8.0,9.0,2.4,B,-17.4
416,high,0,12.0,25.0,9.8,A,-11.1
417,medium,2,3.0,28.0,7.5,B,11.2
418,low,1,7.0,20.0,8.7,A,15.0
419,high,0,5.0,23.0,8.7,A,-16.4
420,low,1,6.0,11.0,3.9,A,-7.1
421,low,3,6.0,6.0,5.4,B,0.9
422,medium,1,13.0,22.0,10.0,A,15.0
423,medium,3,6.0,10.0,9.1,A,15.0
424,low,1,16.0,15.0,10.0,D,15.0
425,medium,3,7.0,2.0,1.2,D,-100.0
426,high,2,34.0,13.0,9.8,A,-13.6
427,low,0,2.0,3.0,2.0,A,-17.2
428,low,2,14.0,4.0,8.8,A,15.0
429,none,5,9.0,14.0,9.2,A,9.3
430,medium,1,18.0,26.0,9.8,A,15.0
431,none,4,10.0,0.0,3.7,A,-100.0
432,medium,3,4.0,20.0,1.9,A,-19.9
433,none,2,7.0,13.0,8.7,D,7.1
434,high,1,14.0,1.0,8.2,A,-100.0
435,high,2,14.0,12.0,7.6,C,-100.0
436,low,1,22.0,2.0,1.5,A,-100.0
437,low,0,1.0,22.0,3.5,C,-8.6
438,medium,1,24.0,4.0,5.9,A,0.1
439,,2,8.0,39.0,7.2,B,-1.0
440,high,1,8.0,11.0,9.4,A,-13.1
441,low,0,4.0,2.0,4.6,A,-3.1
442,low,2,5.0,7.0,9.9,B,15.0
443,none,1,11.0,38.0,6.7,D,-4.0
444,low,1,6.0,10.0,9.8,A,15.0
445,medium,2,5.0,41.0,7.4,A,10.5
446,low,0,25.0,7.0,9.8,A,15.0
447,high,0,18.0,0.0,1.6,A,-100.0
448,high,2,3.0,10.0,1.7,C,-100.0
449,high,3,4.0,24.0,7.7,C,-100.0
450,low,1,11.0,29.0,7.8,A,14.0
451,none,1,9.0,1.0,9.5,A,11.3
452,medium,1,5.0,4.0,8.7,A,15.0
453,medium,1,11.0,4.0,2.9,A,-15.1
454,low,0,4.0,8.0,1.3,A,-100.0
455,medium,0,13.0,24.0,9.3,A,15.0
456,medium,0,6.0,15.0,3.9,A,-8.9
457,low,4,3.0,50.0,8.1,C,15.0
458,none,1,3.0,5.0,8.6,A,6.9
459,high,0,5.0,10.0,5.9,C,-100.0
460,medium,2,7.0,4.0,9.6,A,15.0
461,medium,2,4.0,11.0,1.9,A,-19.9
462,none,2,15.0,4.0,3.9,A,-100.0
463,high,2,10.0,9.0,9.9,D,-10.7
464,none,0,2.0,8.0,3.8,C,-19.2
465,low,2,6.0,11.0,1.6,A,-19.9
466,,0,,13.0,8.6,C,
467,high,1,19.0,16.0,8.2,A,-100.0
468,low,2,11.0,1.0,3.0,A,-12.8
469,medium,0,1.0,9.0,8.7,A,15.0
470,low,2,2.0,9.0,4.1,A,-5.8
471,low,1,11.0,37.0,2.1,A,-17.3
472,high,2,0.0,6.0,2.5,D,-100.0
473,none,2,9.0,5.0,2.3,C,-100.0
474,low,1,19.0,6.0,8.6,C,15.0
475,low,4,10.0,6.0,8.3,C,15.0
476,high,1,3.0,15.0,7.5,A,-100.0
477,low,1,11.0,15.0,9.8,A,15.0
478,high,0,8.0,9.0,4.2,A,-100.0
479,none,2,10.0,1.0,1.3,D,-100.0
480,medium,0,3.0,5.0,7.4,A,10.6
481,low,3,10.0,4.0,8.1,A,15.0
482,low,0,7.0,36.0,9.8,A,15.0
483,low,3,23.0,4.0,3.1,B,-13.5
484,high,1,6.0,1.0,2.6,A,-100.0
485,high,2,5.0,7.0,9.5,A,-12.4
486,medium,2,13.0,19.0,9.9,A,15.0
487,low,3,8.0,3.0,8.8,A,15.0
488,medium,0,32.0,12.0,6.2,A,1.2
489,high,2,11.0,50.0,1.7,C,-100.0
490,high,2,9.0,0.0,7.0,A,-100.0
491,high,2,8.0,37.0,8.0,A,-100.0
492,medium,3,14.0,2.0,8.6,C,15.0
493,high,3,6.0,3.0,2.4,C,-100.0
494,medium,0,,0.0,2.3,C,
495,none,4,11.0,7.0,3.1,A,-100.0
496,none,0,0.0,2.0,2.8,D,-100.0
497,medium,4,13.0,20.0,2.8,B,-16.0
498,none,1,24.0,5.0,5.5,C,-12.2
499,medium,0,8.0,23.0,2.9,A,-14.5
500,medium,2,10.0,15.0,5.7,A,0.4
501,high,0,6.0,2.0,8.5,C,-17.8
502,low,1,4.0,8.0,9.1,A,15.0
503,none,1,16.0,7.0,8.7,A,6.2
504,medium,2,1.0,5.0,5.4,B,-0.4
505,medium,3,6.0,33.0,8.5,C,15.0
506,low,1,12.0,5.0,4.7,A,-3.4
507,none,1,14.0,6.0,8.7,A,6.4
508,high,0,8.0,13.0,7.1,A,-100.0
509,low,1,26.0,42.0,8.5,A,15.0
510,high,0,12.0,11.0,8.5,A,-18.3
511,high,2,3.0,24.0,4.7,C,-100.0
512,low,2,7.0,50.0,8.9,A,15.0
513,low,1,25.0,1.0,8.7,C,15.0
514,,2,23.0,8.0,7.9,C,1.0
515,low,3,2.0,24.0,3.4,A,-9.6
516,low,1,4.0,1.0,8.0,A,15.0
517,none,2,2.0,5.0,7.9,C,3.1
518,low,1,15.0,23.0,1.7,A,-100.0
519,medium,2,13.0,1.0,1.8,D,-100.0
520,high,2,4.0,8.0,9.5,A,-12.3
521,none,0,9.0,7.0,8.2,A,4.3
522,high,3,14.0,10.0,8.8,A,-17.2
523,low,3,6.0,20.0,5.0,A,-1.2
524,low,5,14.0,42.0,7.7,C,12.9
525,,0,1.0,9.0,9.2,A,10.6
526,low,3,8.0,0.0,9.3,A,15.0
527,high,1,9.0,8.0,8.4,A,-18.7
528,none,2,8.0,4.0,8.4,A,5.3
529,high,2,17.0,5.0,1.4,B,-100.0
530,high,1,,9.0,8.6,C,
531,medium,4,11.0,49.0,1.2,A,-100.0
532,high,0,2.0,47.0,,A,
533,medium,1,18.0,5.0,6.6,B,4.6
534,none,1,18.0,6.0,8.1,D,2.7
535,medium,3,21.0,11.0,2.8,C,-16.8
536,medium,1,13.0,18.0,9.3,C,15.0
537,medium,3,16.0,10.0,9.1,C,15.0
538,low,2,9.0,29.0,8.6,A,15.0
539,medium,2,27.0,11.0,10.0,A,15.0
540,high,1,5.0,3.0,9.2,A,-14.0
541,medium,0,11.0,7.0,7.3,A,9.2
542,medium,1,14.0,18.0,2.2,A,-19.1
543,medium,1,1.0,11.0,8.4,B,15.0
544,none,1,11.0,43.0,2.1,C,-100.0
545,medium,3,11.0,9.0,9.7,A,15.0
546,low,1,2.0,4.0,7.5,C,13.0
547,low,1,6.0,2.0,8.6,A,15.0
548,low,5,1.0,5.0,6.3,C,6.1
549,none,0,9.0,11.0,9.9,A,13.7
550,none,2,4.0,4.0,8.2,A,4.5
551,medium,0,21.0,28.0,8.2,A,13.4
552,medium,3,2.0,10.0,2.2,C,-18.2
553,high,1,3.0,5.0,6.5,A,-100.0
554,low,0,2.0,2.0,3.7,A,-7.8
555,low,3,15.0,28.0,4.4,A,-5.3
556,low,0,5.0,10.0,4.1,A,-5.9
557,none,4,6.0,31.0,1.8,A,-100.0
558,medium,1,2.0,6.0,9.9,A,15.0
559,medium,3,9.0,16.0,3.8,B,-10.0
560,none,3,13.0,7.0,8.3,C,4.1
561,high,3,11.0,20.0,3.4,A,-100.0
562,low,1,5.0,3.0,4.2,D,-5.5
563,low,1,7.0,11.0,3.4,C,-10.0
564,high,2,11.0,29.0,2.7,A,-100.0
565,none,3,31.0,5.0,8.1,C,1.2
566,high,0,7.0,2.0,9.8,A,-10.8
567,high,1,4.0,26.0,4.1,A,-100.0
568,low,1,2.0,18.0,8.7,B,15.0
569,medium,1,22.0,0.0,3.6,A,-12.4
570,low,2,6.0,21.0,7.8,D,14.3
571,high,3,17.0,20.0,8.1,A,-100.0
572,low,1,1.0,3.0,9.2,B,15.0
573,none,1,8.0,1.0,1.3,A,-100.0
574,medium,2,5.0,3.0,5.7,A,0.8
575,low,1,4.0,14.0,2.4,A,-15.2
576,medium,0,6.0,13.0,3.8,A,-9.4
577,medium,2,18.0,0.0,8.7,A,15.0
578,medium,0,6.0,10.0,9.0,A,15.0
579,low,2,5.0,35.0,1.6,A,-19.5
580,medium,0,4.0,15.0,3.2,D,-12.5
581,low,2,9.0,13.0,8.6,A,15.0
582,low,3,25.0,13.0,8.5,A,15.0
583,low,1,19.0,19.0,4.1,C,-7.3
584,high,2,21.0,6.0,9.2,A,-15.6
585,medium,4,9.0,16.0,7.7,A,11.3
586,none,0,3.0,6.0,2.0,A,-100.0
587,none,0,9.0,21.0,8.7,A,7.2
588,medium,1,5.0,5.0,5.8,C,1.5
589,medium,1,8.0,7.0,2.5,B,-17.0
590,none,4,4.0,19.0,5.9,C,-8.2
591,medium,1,14.0,3.0,8.2,A,13.8
592,,0,18.0,50.0,6.6,B,-5.0
593,high,4,8.0,10.0,3.2,A,-100.0
594,low,4,23.0,2.0,5.6,B,0.1
595,high,2,9.0,27.0,8.8,A,-16.4
596,low,2,,14.0,2.7,C,
597,medium,0,3.0,3.0,5.3,A,-1.0
598,none,3,5.0,9.0,7.4,A,-0.0
599,none,1,6.0,1.0,8.8,A,7.7
600,medium,2,4.0,18.0,3.9,A,-8.8
601,medium,2,22.0,10.0,9.7,A,15.0
602,medium,3,10.0,5.0,6.6,D,5.2
603,high,1,9.0,4.0,8.5,A,-18.2
604,medium,1,18.0,5.0,9.2,C,15.0
605,none,1,7.0,12.0,9.6,A,12.1
606,high,3,22.0,4.0,3.7,A,-100.0
607,medium,1,2.0,2.0,,A,
608,,2,17.0,10.0,9.7,A,11.6
609,medium,0,10.0,9.0,8.2,A,14.3
610,high,1,7.0,4.0,9.9,A,-10.3
611,high,0,15.0,2.0,6.9,A,-100.0
612,high,1,14.0,21.0,4.5,A,-100.0
613,high,0,3.0,13.0,7.9,D,-100.0
614,none,4,2.0,13.0,4.2,A,-17.4
615,high,1,1.0,5.0,4.6,A,-100.0
616,none,3,4.0,7.0,1.5,A,-100.0
617,none,2,3.0,4.0,3.2,A,-100.0
618,medium,4,3.0,11.0,5.2,A,-1.9
619,low,0,4.0,11.0,5.7,A,3.1
620,none,2,30.0,13.0,8.6,A,4.2
621,high,0,27.0,0.0,2.2,B,-100.0
622,none,2,31.0,4.0,3.9,B,-100.0
623,high,2,40.0,9.0,4.6,B,-100.0
624,low,1,4.0,0.0,4.2,A,-5.4
625,none,1,3.0,4.0,9.6,A,12.4
626,low,2,9.0,1.0,6.8,C,8.3
627,high,1,21.0,7.0,2.7,A,-100.0
628,none,1,7.0,6.0,2.7,A,-100.0
629,low,1,12.0,26.0,8.7,A,15.0
630,low,0,3.0,22.0,6.4,D,7.1
631,low,2,29.0,5.0,4.2,A,-8.0
632,high,3,13.0,20.0,2.6,C,-100.0
633,medium,0,8.0,13.0,2.4,A,-17.3
634,high,0,15.0,14.0,9.8,B,-11.5
635,none,2,6.0,29.0,6.7,A,-3.7
636,high,3,7.0,13.0,4.6,C,-100.0
637,medium,0,16.0,35.0,3.1,A,-14.1
638,low,0,10.0,3.0,7.2,B,10.6
639,high,1,17.0,11.0,8.4,A,-19.5
640,medium,1,16.0,3.0,6.3,A,3.1
641,low,1,,6.0,5.8,C,
642,low,1,20.0,9.0,2.5,D,-16.3
643,none,2,15.0,11.0,1.8,A,-100.0
644,high,0,29.0,50.0,9.4,A,-14.7
645,low,1,9.0,3.0,9.9,C,15.0
646,low,0,7.0,19.0,6.6,C,7.8
647,low,3,,50.0,8.8,C,
648,none,0,13.0,13.0,9.5,A,11.1
649,medium,3,6.0,3.0,9.4,A,15.0
650,low,2,7.0,50.0,4.5,B,-3.7
651,low,0,19.0,4.0,10.0,B,15.0
652,low,4,18.0,13.0,3.5,D,-10.8
653,none,0,5.0,4.0,1.6,A,-100.0
654,low,1,8.0,10.0,3.7,A,-8.4
655,medium,0,2.0,5.0,,D,
656,low,3,7.0,10.0,1.2,A,-100.0
657,none,1,12.0,9.0,3.4,A,-100.0
658,medium,2,8.0,14.0,9.0,B,15.0
659,high,2,6.0,5.0,5.4,A,-100.0
660,low,1,25.0,25.0,5.0,B,-2.8
661,low,1,5.0,4.0,9.1,A,15.0
662,high,0,8.0,46.0,9.2,C,-13.7
663,low,2,8.0,23.0,1.6,D,-20.0
664,none,4,15.0,6.0,8.8,A,6.6
665,medium,3,15.0,2.0,8.3,A,14.0
666,high,0,13.0,29.0,2.1,A,-100.0
667,high,0,23.0,6.0,8.9,A,-17.3
668,low,4,4.0,44.0,3.6,A,-8.5
669,medium,3,3.0,3.0,9.0,A,15.0
670,high,1,4.0,6.0,9.7,A,-11.1
671,none,0,7.0,3.0,3.6,C,-100.0
672,medium,0,5.0,5.0,8.2,A,14.8
673,none,1,18.0,28.0,4.5,A,-16.9
674,low,2,7.0,3.0,9.9,A,15.0
675,high,2,22.0,19.0,9.3,A,-15.1
676,low,2,9.0,19.0,5.0,A,-1.4
677,high,3,4.0,8.0,1.2,B,-100.0
678,none,2,18.0,3.0,3.0,A,-100.0
679,high,2,27.0,9.0,4.9,A,-100.0
680,none,0,2.0,14.0,8.3,A,5.6
681,high,3,24.0,1.0,8.2,B,-100.0
682,none,2,40.0,11.0,6.0,B,-11.1
683,high,1,11.0,0.0,9.7,A,-11.9
684,medium,3,8.0,1.0,7.2,A,8.6
685,high,2,4.0,20.0,9.2,A,-13.8
686,low,3,8.0,0.0,8.4,A,15.0
687,high,1,16.0,17.0,9.4,A,-13.8
688,high,0,8.0,28.0,3.0,C,-100.0
689,medium,4,10.0,5.0,8.0,B,12.8
690,high,0,6.0,22.0,9.8,A,-10.5
691,high,2,3.0,12.0,1.4,C,-100.0
692,medium,0,20.0,9.0,9.8,C,15.0
693,low,2,5.0,13.0,8.3,C,15.0
694,high,1,11.0,26.0,6.2,A,-100.0
695,high,1,13.0,5.0,1.4,B,-100.0
696,medium,1,5.0,3.0,8.0,B,13.6
697,medium,1,18.0,0.0,6.6,A,4.5
698,low,3,17.0,5.0,8.9,C,15.0
699,low,0,11.0,32.0,6.8,A,8.6
700,medium,3,0.0,3.0,4.2,A,-7.0
701,low,0,27.0,6.0,8.7,C,15.0
702,none,1,6.0,2.0,2.6,A,-100.0
703,low,2,15.0,10.0,1.1,A,-100.0
704,low,0,7.0,15.0,9.3,C,15.0
705,low,0,13.0,6.0,9.4,A,15.0
706,none,3,10.0,14.0,3.8,B,-100.0
707,,0,16.0,10.0,8.5,A,5.3
708,medium,1,2.0,21.0,8.2,A,15.0
709,none,1,25.0,20.0,1.0,A,-100.0
710,low,1,4.0,5.0,2.5,D,-14.7
711,high,1,12.0,12.0,5.7,C,-100.0
712,,0,7.0,4.0,8.9,A,8.3
713,low,1,8.0,15.0,2.3,A,-16.1
714,high,3,11.0,25.0,1.4,A,-100.0
715,medium,2,11.0,11.0,2.7,A,-16.2
716,medium,2,9.0,0.0,7.1,A,8.1
717,none,2,7.0,2.0,8.6,A,6.4
718,high,1,13.0,7.0,6.9,A,-100.0
719,medium,3,9.0,20.0,8.1,A,13.7
720,none,0,11.0,50.0,3.8,C,-19.7
721,none,0,11.0,4.0,3.7,A,-100.0
722,medium,2,8.0,4.0,7.8,A,12.1
723,high,3,1.0,7.0,9.3,B,-13.2
724,medium,0,9.0,5.0,4.1,A,-8.2
725,medium,0,25.0,14.0,6.8,D,5.2
726,medium,3,13.0,15.0,8.4,B,14.9
727,none,2,22.0,34.0,9.2,A,8.5
728,high,1,11.0,3.0,2.0,A,-100.0
729,medium,0,12.0,6.0,7.4,A,9.7
730,none,0,9.0,4.0,10.0,A,14.1
731,low,3,8.0,4.0,1.4,C,-100.0
732,low,4,6.0,19.0,2.2,A,-16.7
733,,0,32.0,2.0,9.4,A,8.5
734,none,2,11.0,10.0,9.0,C,8.3
735,none,3,1.0,6.0,2.3,C,-100.0
736,medium,1,10.0,50.0,9.3,A,15.0
737,medium,1,3.0,9.0,3.4,B,-11.5
738,medium,1,9.0,21.0,3.7,B,-10.3
739,none,0,3.0,1.0,2.9,C,-100.0
740,none,1,9.0,13.0,2.6,A,-100.0
741,low,0,23.0,20.0,9.2,B,15.0
742,low,0,6.0,13.0,9.5,A,15.0
743,low,2,12.0,22.0,9.7,A,15.0
744,high,0,9.0,50.0,7.1,C,-100.0
745,none,0,6.0,16.0,1.3,A,-100.0
746,low,1,4.0,12.0,9.8,A,15.0
747,medium,2,5.0,13.0,8.4,A,15.0
748,low,1,8.0,9.0,2.6,A,-14.5
749,low,1,2.0,10.0,2.8,D,-12.8
750,none,3,3.0,10.0,1.6,C,-100.0
751,low,2,1.0,4.0,2.9,A,-12.3
752,low,0,7.0,5.0,2.0,A,-17.7
753,none,0,3.0,2.0,4.8,A,-13.9
754,high,2,8.0,2.0,7.1,C,-100.0
755,medium,0,19.0,2.0,7.0,A,6.7
756,high,1,,38.0,9.9,C,
757,medium,1,2.0,4.0,9.3,A,15.0
758,none,1,12.0,3.0,3.5,A,-100.0
759,low,2,9.0,16.0,5.8,A,3.0
760,none,0,14.0,3.0,8.7,C,6.5
761,low,0,4.0,15.0,8.6,C,15.0
762,medium,2,17.0,19.0,2.6,B,-17.3
763,low,2,15.0,5.0,7.1,A,9.4
764,high,0,9.0,2.0,2.5,A,-100.0
765,medium,2,32.0,2.0,8.2,A,11.9
766,high,0,19.0,6.0,3.7,A,-100.0
767,low,0,3.0,3.0,8.6,A,15.0
768,high,1,14.0,2.0,8.4,A,-19.3
769,high,1,4.0,11.0,4.3,B,-100.0
770,low,3,8.0,2.0,9.3,A,15.0
771,high,1,5.0,15.0,9.1,A,-14.4
772,high,2,10.0,4.0,9.0,A,-15.7
773,high,2,27.0,0.0,7.8,A,-100.0
774,,1,1.0,3.0,2.2,A,-100.0
775,none,1,11.0,1.0,8.3,A,4.4
776,medium,0,5.0,8.0,9.2,C,15.0
777,medium,1,2.0,1.0,4.6,C,-4.9
778,high,3,16.0,11.0,9.8,C,-11.9
779,low,1,11.0,7.0,3.9,C,-7.7
780,,3,16.0,49.0,6.0,A,-8.4
781,medium,2,8.0,19.0,7.9,A,12.8
782,low,2,17.0,3.0,7.6,A,11.9
783,medium,2,1.0,1.0,2.0,A,-19.2
784,none,2,19.0,9.0,1.3,A,-100.0
785,none,1,40.0,27.0,8.5,A,2.9
786,low,2,9.0,44.0,8.8,C,15.0
787,low,0,3.0,11.0,2.0,A,-17.2
788,none,0,9.0,11.0,8.7,A,7.1
789,none,1,11.0,14.0,6.1,D,-7.5
790,none,6,24.0,4.0,3.7,A,-100.0
791,low,3,4.0,16.0,5.2,A,0.0
792,low,2,4.0,10.0,9.1,A,15.0
793,low,1,14.0,18.0,5.4,A,0.4
794,low,0,4.0,2.0,1.6,A,-19.6
795,high,2,20.0,1.0,9.7,A,-12.8
796,low,1,9.0,8.0,1.7,C,-19.6
797,none,2,7.0,11.0,9.2,A,9.8
798,medium,2,1.0,31.0,8.5,A,15.0
799,low,2,20.0,9.0,8.9,A,15.0
800,high,3,26.0,4.0,9.5,A,-14.6
801,low,2,9.0,6.0,9.7,B,15.0
802,medium,0,12.0,4.0,3.2,A,-13.4
803,none,2,9.0,3.0,3.5,A,-100.0
804,low,1,20.0,33.0,9.9,C,15.0
805,medium,1,5.0,2.0,2.7,A,-15.6
806,high,2,17.0,28.0,5.1,A,-100.0
807,low,1,5.0,2.0,1.0,B,-100.0
808,medium,2,7.0,11.0,5.2,A,-2.1
809,low,4,6.0,4.0,1.1,C,-100.0
810,low,1,18.0,2.0,8.2,B,15.0
811,low,3,6.0,5.0,8.3,A,15.0
812,high,1,16.0,6.0,8.7,A,-17.8
813,medium,0,7.0,3.0,9.4,A,15.0
814,high,4,3.0,4.0,6.8,B,-100.0
815,low,0,1.0,30.0,9.0,A,15.0
816,none,3,8.0,7.0,9.8,A,12.9
817,medium,2,14.0,1.0,1.6,A,-100.0
818,low,2,3.0,6.0,6.6,A,7.9
819,medium,2,8.0,23.0,9.2,A,15.0
820,high,0,3.0,30.0,5.9,B,-100.0
821,low,0,4.0,25.0,2.9,A,-12.2
822,high,5,8.0,23.0,3.5,B,-100.0
823,none,1,3.0,6.0,3.7,A,-20.0
824,none,0,15.0,20.0,6.0,C,-8.3
825,none,2,19.0,4.0,1.7,C,-100.0
826,high,1,4.0,1.0,5.3,C,-100.0
827,low,2,11.0,7.0,2.3,C,-16.6
828,high,1,11.0,14.0,7.3,A,-100.0
829,low,1,9.0,1.0,4.6,C,-3.7
830,high,2,14.0,1.0,8.5,A,-18.8
831,high,2,12.0,2.0,8.9,B,-16.4
832,medium,4,17.0,6.0,3.4,A,-13.2
833,medium,3,2.0,2.0,9.2,B,15.0
834,low,0,6.0,11.0,3.3,B,-10.3
835,medium,1,17.0,11.0,1.2,A,-100.0
836,low,1,10.0,38.0,9.8,A,15.0
837,high,0,5.0,3.0,7.7,A,-100.0
838,low,2,8.0,4.0,8.5,A,15.0
839,medium,1,3.0,11.0,3.8,A,-9.3
840,low,1,5.0,1.0,7.4,C,12.1
841,medium,2,15.0,10.0,4.4,A,-7.3
842,low,1,14.0,21.0,8.0,A,14.7
843,low,0,1.0,4.0,9.4,C,15.0
844,low,2,19.0,27.0,2.2,C,-17.7
845,,0,37.0,9.0,9.2,C,7.0
846,none,3,9.0,1.0,7.3,B,-1.0
847,medium,2,8.0,8.0,4.1,A,-8.2
848,high,0,18.0,17.0,5.5,A,-100.0
849,high,1,4.0,15.0,4.3,A,-100.0
850,low,1,6.0,1.0,9.4,A,15.0
851,high,0,12.0,23.0,8.0,A,-100.0
852,high,3,17.0,8.0,1.6,A,-100.0
853,high,2,2.0,1.0,9.1,C,-14.3
854,none,3,5.0,7.0,8.3,A,4.9
855,none,2,7.0,29.0,8.5,A,6.1
856,medium,1,8.0,5.0,9.5,A,15.0
857,medium,1,10.0,5.0,8.8,A,15.0
858,medium,2,3.0,7.0,2.8,A,-14.9
859,medium,0,3.0,10.0,1.4,A,-100.0
860,low,2,12.0,6.0,5.9,C,3.1
861,high,1,3.0,3.0,2.4,A,-100.0
862,medium,0,15.0,43.0,9.8,D,15.0
863,high,0,11.0,11.0,4.9,B,-100.0
864,medium,2,15.0,3.0,1.8,A,-100.0
865,high,1,4.0,18.0,6.7,A,-100.0
866,low,1,8.0,20.0,8.0,C,15.0
867,low,2,11.0,27.0,8.7,A,15.0
868,low,4,3.0,9.0,4.4,A,-4.4
869,low,1,5.0,18.0,5.0,A,-0.9
870,medium,1,9.0,4.0,6.3,A,3.8
871,medium,1,40.0,3.0,9.0,A,15.0
872,low,0,5.0,9.0,9.3,B,15.0
873,none,0,3.0,4.0,8.7,A,7.6
874,high,1,8.0,6.0,9.7,A,-11.5
875,low,3,4.0,3.0,6.2,A,5.4
876,high,0,5.0,8.0,7.9,A,-100.0
877,medium,0,2.0,10.0,8.3,A,15.0
878,low,0,20.0,17.0,6.5,C,5.9
879,low,2,0.0,7.0,2.8,C,-12.7
880,medium,1,7.0,1.0,7.1,A,8.4
881,low,2,3.0,3.0,1.1,A,-100.0
882,none,0,3.0,17.0,2.6,A,-100.0
883,medium,0,2.0,3.0,2.0,B,-19.0
884,low,0,2.0,33.0,9.8,A,15.0
885,medium,3,2.0,11.0,9.3,B,15.0
886,low,1,9.0,50.0,1.7,B,-19.2
887,low,3,20.0,6.0,2.2,A,-18.1
888,medium,0,8.0,29.0,8.6,A,15.0
889,medium,1,7.0,10.0,5.2,A,-2.0
890,medium,1,18.0,0.0,3.2,B,-14.2
891,none,0,8.0,4.0,9.1,C,9.3
892,low,2,3.0,34.0,7.2,A,11.4
893,,2,9.0,5.0,5.0,A,-13.6
894,medium,4,7.0,1.0,4.3,A,-7.3
895,low,2,13.0,9.0,7.7,A,12.9
896,high,0,3.0,0.0,6.7,A,-100.0
897,medium,2,11.0,6.0,9.8,C,15.0
898,low,0,33.0,11.0,8.4,D,15.0
899,low,3,8.0,4.0,6.1,C,4.5
900,high,5,9.0,28.0,1.9,C,-100.0
901,medium,1,5.0,16.0,8.7,A,15.0
902,low,2,2.0,1.0,10.0,A,15.0
903,medium,1,12.0,0.0,2.9,A,-15.2
904,medium,2,3.0,3.0,9.2,A,15.0
905,none,1,1.0,31.0,2.9,A,-100.0
906,low,1,7.0,24.0,5.3,A,0.6
907,low,1,10.0,3.0,7.1,A,10.0
908,none,1,6.0,15.0,8.6,A,6.7
909,high,3,4.0,27.0,6.9,A,-100.0
910,medium,3,13.0,13.0,9.2,A,15.0
911,low,1,17.0,10.0,7.1,A,9.3
912,medium,1,11.0,7.0,4.6,A,-5.7
913,high,1,7.0,2.0,4.7,C,-100.0
914,high,1,3.0,6.0,9.0,A,-14.8
915,medium,3,16.0,3.0,7.7,A,10.6
916,high,2,7.0,2.0,9.6,A,-12.1
917,medium,0,,50.0,7.0,C,
918,high,1,10.0,11.0,1.4,A,-100.0
919,low,3,7.0,2.0,8.6,A,15.0
920,medium,0,5.0,7.0,1.6,A,-100.0
921,low,1,12.0,6.0,8.6,D,15.0
922,high,3,11.0,3.0,7.0,A,-100.0
923,medium,2,6.0,18.0,8.2,C,14.6
924,high,2,14.0,8.0,3.0,A,-100.0
925,low,1,13.0,1.0,8.1,A,15.0
926,high,0,11.0,5.0,8.9,C,-16.1
927,low,0,11.0,9.0,4.6,A,-3.7
928,high,1,7.0,8.0,8.2,A,-19.6
929,low,2,5.0,28.0,10.0,A,15.0
930,medium,0,27.0,18.0,4.9,A,-5.4
931,high,2,13.0,20.0,10.0,B,-10.3
932,high,1,9.0,4.0,8.7,A,-17.1
933,high,1,1.0,7.0,8.7,B,-16.3
934,medium,2,11.0,22.0,4.2,A,-7.9
935,low,3,7.0,14.0,3.9,A,-7.4
936,medium,2,13.0,16.0,2.4,A,-18.0
937,high,3,16.0,7.0,2.7,C,-100.0
938,low,2,6.0,45.0,9.4,C,15.0
939,,0,9.0,15.0,2.7,C,-100.0
940,none,1,7.0,4.0,8.6,A,6.5
941,medium,2,12.0,0.0,8.1,C,13.3
942,low,1,14.0,4.0,2.7,C,-14.6
943,low,1,5.0,0.0,9.0,C,15.0
944,medium,2,6.0,24.0,8.0,D,13.6
945,medium,0,12.0,1.0,9.8,B,15.0
946,high,0,3.0,3.0,9.2,C,-13.7
947,high,0,16.0,50.0,6.6,C,-100.0
948,high,4,3.0,30.0,9.2,C,-13.8
949,none,0,11.0,3.0,8.8,B,7.3
950,low,4,6.0,40.0,7.0,A,9.9
951,none,1,7.0,25.0,7.6,A,1.2
952,high,0,3.0,12.0,4.1,D,-100.0
953,low,0,11.0,12.0,3.8,B,-8.1
954,low,0,30.0,9.0,9.4,C,15.0
955,low,0,7.0,8.0,8.8,A,15.0
956,low,1,8.0,0.0,9.9,C,15.0
957,high,0,9.0,21.0,1.2,B,-100.0
958,low,1,11.0,11.0,4.2,B,-6.0
959,high,3,6.0,9.0,7.4,A,-100.0
960,none,1,9.0,5.0,7.8,B,2.0
961,low,1,18.0,5.0,9.8,A,15.0
962,high,3,25.0,12.0,5.4,A,-100.0
963,high,0,7.0,0.0,5.7,B,-100.0
964,medium,3,3.0,0.0,1.9,A,-100.0
965,low,0,6.0,50.0,6.9,A,9.8
966,medium,0,2.0,20.0,6.0,D,3.1
967,low,1,3.0,22.0,1.3,A,-100.0
968,low,0,14.0,9.0,7.0,A,9.2
969,medium,5,3.0,19.0,4.4,A,-6.3
970,none,2,30.0,12.0,6.5,A,-7.3
971,low,0,6.0,8.0,8.4,A,15.0
972,none,2,2.0,3.0,3.9,C,-18.9
973,low,0,4.0,0.0,1.7,B,-19.0
974,low,2,8.0,15.0,9.5,A,15.0
975,low,0,30.0,1.0,9.8,A,15.0
976,low,1,5.0,8.0,8.3,A,15.0
977,high,4,3.0,1.0,9.6,A,-11.9
978,high,0,12.0,2.0,5.5,A,-100.0
979,,4,4.0,16.0,1.1,A,-100.0
980,low,1,10.0,2.0,6.4,C,6.1
981,,1,19.0,11.0,5.2,C,-13.3
982,high,0,14.0,1.0,5.9,A,-100.0
983,high,2,11.0,9.0,2.2,B,-100.0
984,none,1,11.0,8.0,7.9,A,2.3
985,medium,3,0.0,7.0,5.7,C,1.2
986,medium,1,6.0,12.0,8.9,C,15.0
987,low,2,9.0,15.0,3.0,A,-12.5
988,medium,2,6.0,50.0,9.8,A,15.0
989,high,5,15.0,1.0,3.3,A,-100.0
990,medium,1,8.0,4.0,8.1,A,13.8
991,none,1,6.0,6.0,2.1,A,-100.0
992,high,0,12.0,27.0,6.2,C,-100.0
993,low,3,13.0,10.0,9.2,A,15.0
994,low,1,5.0,5.0,7.6,A,13.3
995,low,2,6.0,12.0,10.0,B,15.0
996,medium,1,23.0,27.0,6.9,A,5.9
997,medium,0,2.0,50.0,4.2,B,-6.5
998,high,0,7.0,8.0,8.1,A,-100.0
999,low,2,11.0,0.0,8.5,A,15.0
1000,low,0,4.0,9.0,3.0,A,-11.8
1001,low,2,4.0,40.0,6.6,B,8.1
1002,high,2,9.0,0.0,3.6,D,-100.0
1003,low,1,12.0,5.0,6.7,A,7.6
1004,high,3,3.0,7.0,4.1,B,-100.0
1005,low,0,9.0,9.0,8.2,C,15.0
1006,high,3,20.0,9.0,9.5,A,-14.0
1007,high,2,24.0,13.0,6.7,A,-100.0
1008,low,0,13.0,15.0,9.1,D,15.0
1009,high,4,5.0,50.0,9.6,A,-11.6
1010,low,1,3.0,10.0,3.6,C,-8.5
1011,high,2,8.0,50.0,3.5,A,-100.0
1012,high,1,15.0,1.0,,D,
1013,high,3,17.0,4.0,1.6,A,-100.0
1014,high,1,5.0,1.0,2.5,A,-100.0
1015,high,1,10.0,50.0,6.0,D,-100.0
1016,medium,3,14.0,4.0,9.4,A,15.0
1017,high,4,12.0,50.0,3.3,C,-100.0
1018,none,0,9.0,12.0,6.0,C,-7.8
1019,medium,3,5.0,5.0,4.3,D,-7.0
1020,medium,0,9.0,15.0,8.7,A,15.0
1021,high,1,1.0,8.0,8.1,A,-19.6
1022,low,2,12.0,9.0,9.4,A,15.0
1023,medium,2,5.0,0.0,9.7,C,15.0
1024,none,0,18.0,7.0,8.3,A,3.9
1025,none,1,23.0,16.0,1.7,A,-100.0
1026,medium,3,12.0,7.0,9.6,A,15.0
1027,low,1,9.0,16.0,4.9,A,-1.9
1028,low,0,5.0,5.0,2.5,A,-14.7
1029,low,1,1.0,2.0,2.9,A,-12.2
1030,low,2,4.0,4.0,9.0,B,15.0
1031,low,1,5.0,50.0,3.9,A,-6.6
1032,high,0,13.0,19.0,4.8,A,-100.0
1033,low,1,20.0,2.0,8.2,A,15.0
1034,high,0,0.0,22.0,1.4,A,-100.0
1035,high,0,4.0,21.0,1.3,C,-100.0
1036,high,2,2.0,18.0,7.4,B,-100.0
1037,medium,1,0.0,8.0,8.4,C,15.0
1038,medium,1,10.0,1.0,8.0,A,13.0
1039,medium,2,8.0,1.0,6.8,C,6.5
1040,low,0,14.0,0.0,1.9,A,-18.9
1041,high,2,6.0,3.0,8.5,A,-18.0
1042,none,1,20.0,50.0,8.2,A,3.5
1043,high,0,12.0,18.0,6.5,B,-100.0
1044,low,2,9.0,2.0,9.5,A,15.0
1045,low,0,11.0,13.0,7.4,A,11.7
1046,high,1,26.0,2.0,4.7,C,-100.0
1047,high,1,6.0,20.0,2.3,A,-100.0
1048,none,4,3.0,2.0,8.4,A,5.5
1049,low,0,4.0,3.0,6.8,C,9.0
1050,none,4,,3.0,1.5,C,
1051,low,2,21.0,7.0,9.7,C,15.0
1052,low,5,10.0,14.0,1.5,A,-100.0
1053,high,1,28.0,5.0,1.8,C,-100.0
1054,low,0,,15.0,8.6,C,
1055,high,2,5.0,6.0,10.0,B,-9.6
1056,low,0,8.0,11.0,10.0,B,15.0
1057,medium,0,20.0,3.0,1.1,C,-100.0
1058,medium,0,5.0,18.0,8.6,A,15.0
1059,medium,0,4.0,23.0,6.1,A,3.5
1060,low,2,2.0,2.0,2.5,A,-14.6
1061,high,1,6.0,26.0,2.9,C,-100.0
1062,medium,1,10.0,38.0,4.4,B,-6.4
1063,medium,3,2.0,5.0,9.1,A,15.0
1064,high,4,11.0,12.0,9.9,A,-10.9
1065,high,2,7.0,1.0,6.9,A,-100.0
1066,high,1,4.0,1.0,8.5,C,-17.7
1067,high,1,4.0,8.0,9.5,A,-12.2
1068,low,1,12.0,11.0,1.9,A,-18.7
1069,medium,1,8.0,15.0,1.1,A,-100.0
1070,low,0,7.0,3.0,2.7,A,-13.8
1071,high,1,21.0,6.0,9.4,C,-14.4
1072,low,1,11.0,50.0,4.5,A,-4.0
1073,medium,3,7.0,3.0,1.9,A,-100.0
1074,medium,4,5.0,6.0,4.3,B,-7.1
1075,medium,3,7.0,15.0,2.7,A,-15.9
1076,medium,0,14.0,30.0,3.9,A,-9.5
1077,low,3,19.0,1.0,3.7,B,-9.8
1078,none,2,8.0,11.0,8.9,A,8.1
1079,high,1,9.0,42.0,5.4,A,-100.0
1080,high,1,5.0,2.0,6.6,A,-100.0
1081,low,1,16.0,19.0,7.5,A,11.7
1082,high,2,13.0,1.0,7.9,C,-100.0
1083,high,2,8.0,5.0,3.8,A,-100.0
1084,none,1,17.0,9.0,9.4,A,10.0
1085,low,2,13.0,9.0,6.4,A,5.8
1086,none,4,11.0,22.0,6.2,D,-7.2
1087,medium,3,8.0,2.0,7.6,A,10.9
1088,high,3,7.0,9.0,7.1,A,-100.0
1089,low,0,3.0,0.0,8.2,A,15.0
1090,medium,0,,5.0,9.7,C,
1091,medium,2,1.0,9.0,4.2,C,-7.0
1092,medium,1,7.0,16.0,1.1,A,-100.0
1093,medium,2,4.0,23.0,8.1,C,14.3
1094,low,2,13.0,4.0,8.0,C,14.5
1095,high,0,13.0,4.0,7.4,A,-100.0
1096,high,0,21.0,1.0,1.2,A,-100.0
1097,none,1,4.0,27.0,1.2,A,-100.0
1098,none,2,6.0,11.0,7.8,A,2.2
1099,none,0,22.0,9.0,3.0,C,-100.0
1100,high,0,5.0,4.0,9.5,D,-12.2
1101,medium,0,7.0,4.0,9.5,A,15.0
1102,high,2,8.0,5.0,7.1,B,-100.0
1103,high,0,10.0,14.0,4.6,A,-100.0
1104,none,0,20.0,8.0,9.3,B,9.2
1105,high,2,13.0,2.0,7.6,A,-100.0
1106,high,4,10.0,21.0,6.5,A,-100.0
1107,none,4,25.0,26.0,6.9,C,-4.7
1108,none,0,9.0,9.0,2.0,B,-100.0
1109,medium,1,2.0,8.0,,A,
1110,none,1,4.0,4.0,8.0,A,3.5
1111,medium,5,6.0,1.0,4.7,A,-5.1
1112,high,2,12.0,29.0,1.5,A,-100.0
1113,none,3,2.0,6.0,1.1,A,-100.0
1114,low,0,2.0,11.0,2.1,A,-16.5
1115,high,1,12.0,50.0,8.9,A,-15.9
1116,high,1,10.0,3.0,3.6,A,-100.0
1117,none,7,5.0,9.0,2.6,C,-100.0
1118,low,0,10.0,15.0,1.0,B,-100.0
1119,low,0,7.0,3.0,7.2,A,10.9
1120,low,1,3.0,5.0,5.6,A,2.5
1121,medium,3,5.0,1.0,6.7,B,6.2
1122,none,2,6.0,50.0,9.3,B,10.9
1123,medium,0,3.0,1.0,9.8,C,15.0
1124,medium,3,26.0,50.0,2.4,A,-19.1
1125,medium,3,40.0,50.0,4.4,B,-9.5
1126,high,3,14.0,7.0,8.1,A,-100.0
1127,medium,0,4.0,24.0,8.2,A,15.0
1128,high,1,2.0,4.0,4.1,A,-100.0
1129,none,3,8.0,9.0,2.6,A,-100.0
1130,none,0,8.0,26.0,1.6,B,-100.0
1131,low,5,17.0,11.0,1.5,C,-100.0
1132,low,2,3.0,10.0,5.3,C,0.7
1133,low,1,5.0,10.0,3.6,D,-8.7
1134,medium,1,5.0,2.0,8.5,A,15.0
1135,low,2,8.0,31.0,9.3,A,15.0
1136,medium,0,40.0,27.0,7.6,D,8.2
1137,low,3,3.0,3.0,4.8,A,-2.2
1138,none,3,21.0,2.0,2.6,A,-100.0
1139,high,2,3.0,22.0,1.8,D,-100.0
1140,low,1,30.0,1.0,2.9,A,-15.1
1141,high,0,16.0,23.0,9.6,A,-12.6
1142,low,2,16.0,8.0,9.6,A,15.0
1143,medium,1,19.0,18.0,5.7,A,-0.3
1144,low,2,2.0,22.0,7.1,A,10.9
1145,high,0,6.0,12.0,2.0,A,-100.0
1146,low,0,10.0,5.0,9.5,A,15.0
1147,low,0,1.0,3.0,4.7,A,-2.2
1148,high,0,9.0,33.0,9.9,A,-10.1
1149,medium,1,9.0,7.0,3.0,A,-14.3
1150,low,1,4.0,19.0,4.3,A,-4.7
1151,high,1,7.0,39.0,4.3,A,-100.0
1152,high,1,18.0,5.0,8.9,A,-16.9
1153,medium,2,6.0,9.0,9.5,A,15.0
1154,low,2,4.0,30.0,3.3,A,-10.1
1155,low,1,17.0,5.0,5.9,C,2.7
1156,medium,3,4.0,31.0,7.5,A,11.0
1157,high,3,17.0,3.0,6.4,A,-100.0
1158,medium,2,10.0,14.0,9.6,A,15.0
1159,high,1,1.0,2.0,2.2,A,-100.0
1160,high,2,9.0,3.0,7.6,A,-100.0
1161,medium,3,14.0,8.0,9.5,A,15.0
1162,high,1,2.0,30.0,7.7,C,-100.0
1163,medium,1,7.0,0.0,6.2,C,3.4
1164,high,0,7.0,37.0,3.6,A,-100.0
1165,none,0,12.0,1.0,3.8,A,-100.0
1166,medium,3,19.0,11.0,6.0,A,1.0
1167,low,2,8.0,0.0,7.4,C,11.7
1168,high,1,5.0,4.0,1.6,D,-100.0
1169,high,3,7.0,7.0,4.2,B,-100.0
1170,low,0,2.0,12.0,1.5,A,-19.8
1171,low,3,17.0,6.0,6.7,A,6.9
1172,medium,2,4.0,2.0,7.7,B,11.9
1173,high,0,13.0,10.0,9.3,A,-14.0
1174,low,3,3.0,4.0,6.5,A,7.2
1175,medium,0,2.0,15.0,8.1,A,14.6
1176,high,0,12.0,16.0,4.5,A,-100.0
1177,medium,0,2.0,20.0,3.8,C,-9.0
1178,medium,1,4.0,10.0,5.9,C,2.2
1179,low,0,9.0,17.0,9.7,C,15.0
1180,medium,2,6.0,4.0,9.3,A,15.0
1181,low,1,10.0,8.0,4.9,C,-2.1
1182,medium,2,8.0,11.0,4.5,B,-6.0
1183,high,0,28.0,5.0,3.0,C,-100.0
1184,medium,1,5.0,9.0,6.9,A,7.6
1185,medium,2,6.0,7.0,8.3,A,15.0
1186,low,0,10.0,5.0,9.8,B,15.0
1187,none,2,4.0,12.0,9.1,A,9.6
1188,medium,2,9.0,2.0,6.8,D,6.4
1189,low,1,14.0,6.0,2.5,A,-15.7
1190,high,3,40.0,2.0,4.8,A,-100.0
1191,,0,6.0,4.0,3.0,A,-100.0
1192,medium,0,4.0,4.0,9.3,C,15.0
1193,high,3,11.0,18.0,7.2,B,-100.0
1194,low,2,1.0,23.0,5.5,A,2.2
1195,low,6,6.0,1.0,7.8,A,13.7
1196,,2,9.0,7.0,7.3,A,-0.9
1197,medium,1,9.0,0.0,1.5,A,-100.0
1198,high,1,5.0,19.0,5.7,A,-100.0
1199,medium,3,8.0,5.0,2.4,A,-17.7
1200,high,0,8.0,1.0,1.4,C,-100.0
1201,medium,1,3.0,4.0,9.7,A,15.0
1202,high,1,13.0,6.0,2.0,A,-100.0
1203,high,1,20.0,8.0,3.7,A,-100.0
1204,medium,1,24.0,1.0,8.5,A,14.4
1205,low,0,10.0,1.0,8.3,A,15.0
1206,low,6,6.0,2.0,3.1,A,-12.1
1207,medium,5,6.0,1.0,2.2,A,-18.9
1208,none,1,7.0,15.0,9.7,A,12.7
1209,none,1,16.0,50.0,6.4,A,-6.0
1210,low,1,,22.0,9.2,C,
1211,low,1,6.0,33.0,6.1,C,5.2
1212,low,2,15.0,4.0,1.1,D,-100.0
1213,low,0,7.0,23.0,6.1,A,5.1
1214,low,0,10.0,2.0,8.6,D,15.0
1215,medium,1,7.0,9.0,8.9,B,15.0
1216,low,3,4.0,44.0,9.3,A,15.0
1217,,0,2.0,1.0,8.5,A,6.6
1218,medium,5,5.0,0.0,5.4,A,-1.2
1219,high,2,12.0,12.0,6.6,B,-100.0
1220,none,0,10.0,7.0,8.8,B,7.5
1221,none,1,11.0,26.0,1.8,A,-100.0
1222,,3,34.0,1.0,1.3,A,-100.0
1223,medium,0,8.0,7.0,9.6,A,15.0
1224,none,2,10.0,5.0,1.3,A,-100.0
1225,high,2,15.0,0.0,7.0,C,-100.0
1226,medium,2,19.0,11.0,6.9,B,6.1
1227,none,2,26.0,4.0,4.3,A,-19.1
1228,medium,1,16.0,50.0,9.3,A,15.0
1229,low,1,14.0,18.0,9.8,A,15.0
1230,high,2,1.0,4.0,3.3,D,-100.0
1231,high,1,7.0,37.0,2.1,A,-100.0
1232,low,1,34.0,9.0,6.2,A,2.7
1233,low,3,20.0,2.0,2.1,C,-18.7
1234,low,1,5.0,3.0,9.0,B,15.0
1235,none,4,24.0,8.0,2.9,A,-100.0
1236,none,4,5.0,25.0,8.4,A,5.5
1237,high,2,32.0,21.0,7.3,A,-100.0
1238,medium,4,6.0,4.0,2.9,A,-14.9
1239,medium,0,6.0,2.0,2.5,A,-16.7
1240,low,1,14.0,36.0,3.1,A,-12.1
1241,none,1,5.0,15.0,9.0,A,9.1
1242,medium,0,,0.0,6.8,C,
1243,medium,0,3.0,2.0,8.7,A,15.0
1244,medium,0,4.0,3.0,9.2,A,15.0
1245,high,0,14.0,10.0,6.8,B,-100.0
1246,low,2,6.0,8.0,9.1,A,15.0
1247,medium,0,1.0,8.0,1.2,A,-100.0
1248,high,1,10.0,19.0,8.6,C,-17.6
1249,medium,1,13.0,11.0,8.1,C,13.4
1250,medium,1,7.0,0.0,2.6,A,-16.4
1251,,1,3.0,26.0,1.7,B,-100.0
1252,high,1,20.0,5.0,9.2,B,-15.5
1253,medium,0,14.0,1.0,8.2,C,13.8
1254,low,5,10.0,4.0,4.3,A,-5.8
1255,low,2,7.0,2.0,5.6,A,1.9
1256,high,3,1.0,3.0,2.6,A,-100.0
1257,medium,0,6.0,42.0,8.7,C,15.0
1258,high,1,16.0,8.0,9.7,A,-12.3
1259,medium,1,7.0,4.0,8.8,A,15.0
1260,medium,0,3.0,30.0,8.6,B,15.0
1261,low,4,6.0,15.0,5.6,B,1.9
1262,high,2,7.0,13.0,2.8,C,-100.0
1263,high,0,18.0,21.0,2.3,B,-100.0
1264,none,1,11.0,10.0,9.7,A,12.2
1265,none,3,8.0,3.0,1.3,B,-100.0
1266,high,1,2.0,12.0,9.8,A,-10.3
1267,high,0,21.0,27.0,4.1,A,-100.0
1268,high,1,5.0,6.0,8.9,A,-15.6
1269,high,2,5.0,27.0,9.4,A,-12.7
1270,low,0,16.0,1.0,9.9,A,15.0
1271,medium,1,10.0,50.0,8.7,C,15.0
1272,,1,4.0,1.0,2.9,A,-100.0
1273,medium,1,8.0,8.0,6.5,A,5.1
1274,medium,1,12.0,3.0,1.9,A,-100.0
1275,low,3,,3.0,9.2,C,
1276,low,1,0.0,7.0,9.6,A,15.0
1277,low,2,7.0,14.0,6.8,A,8.6
1278,high,2,7.0,11.0,1.2,A,-100.0
1279,medium,2,20.0,22.0,1.8,A,-100.0
1280,low,1,19.0,36.0,8.2,B,15.0
1281,none,2,10.0,21.0,8.2,A,4.1
1282,medium,1,8.0,5.0,3.0,A,-14.2
1283,high,1,26.0,0.0,5.8,B,-100.0
1284,,2,9.0,26.0,9.4,B,10.9
1285,low,1,9.0,41.0,2.4,A,-15.4
1286,high,0,3.0,3.0,2.3,C,-100.0
1287,low,1,17.0,42.0,1.3,B,-100.0
1288,low,1,17.0,15.0,1.6,C,-100.0
1289,medium,0,5.0,1.0,8.7,A,15.0
1290,high,0,13.0,11.0,5.1,A,-100.0
1291,low,2,18.0,18.0,9.9,A,15.0
1292,low,2,6.0,45.0,5.3,C,0.8
1293,low,2,17.0,16.0,8.9,A,15.0
1294,medium,2,4.0,12.0,3.0,A,-13.9
1295,medium,0,17.0,3.0,8.8,A,15.0
1296,,0,16.0,8.0,9.1,A,8.5
1297,medium,2,6.0,3.0,9.6,A,15.0
1298,high,2,11.0,5.0,5.5,A,-100.0
1299,medium,0,13.0,3.0,3.3,D,-13.0
1300,none,2,38.0,4.0,8.8,C,4.4
1301,low,2,18.0,1.0,5.6,A,0.8
1302,high,0,9.0,5.0,5.9,A,-100.0
1303,medium,1,1.0,16.0,7.8,A,13.0
1304,medium,3,7.0,20.0,9.1,A,15.0
1305,low,1,15.0,20.0,8.3,A,15.0
1306,low,2,3.0,18.0,8.0,A,15.0
1307,high,1,37.0,13.0,2.3,C,-100.0
1308,medium,1,1.0,6.0,9.8,C,15.0
1309,medium,0,7.0,6.0,3.4,A,-11.8
1310,medium,1,16.0,1.0,2.8,C,-16.2
1311,low,1,9.0,12.0,9.5,A,15.0
1312,low,0,4.0,5.0,6.2,C,5.7
1313,low,0,12.0,6.0,6.1,B,4.4
1314,,2,6.0,2.0,2.0,A,-100.0
1315,high,4,12.0,28.0,5.0,C,-100.0
1316,low,1,7.0,17.0,6.3,C,6.0
1317,medium,4,7.0,20.0,2.2,B,-18.7
1318,medium,1,7.0,11.0,6.0,A,2.4
1319,low,2,7.0,25.0,5.4,C,1.0
1320,high,2,3.0,13.0,8.8,D,-16.0
1321,medium,2,10.0,10.0,2.5,C,-17.2
1322,low,1,9.0,7.0,9.8,A,15.0
1323,medium,2,23.0,12.0,9.9,A,15.0
1324,high,1,13.0,6.0,8.7,A,-17.5
1325,high,2,16.0,11.0,2.7,A,-100.0
1326,low,1,7.0,6.0,9.8,C,15.0
1327,none,2,2.0,46.0,6.9,C,-2.0
1328,medium,0,5.0,7.0,6.1,C,3.3
1329,low,2,7.0,10.0,1.5,A,-100.0
1330,low,1,21.0,11.0,6.2,A,4.0
1331,high,0,5.0,19.0,7.5,A,-100.0
1332,,1,5.0,12.0,4.7,A,-14.6
1333,medium,2,5.0,5.0,8.8,A,15.0
1334,high,2,19.0,23.0,9.1,A,-15.8
1335,low,2,29.0,18.0,6.2,C,3.2
1336,medium,1,15.0,15.0,8.9,A,15.0
1337,high,1,10.0,12.0,8.2,B,-19.9
1338,low,2,5.0,19.0,1.8,A,-18.6
1339,medium,1,16.0,5.0,7.0,A,7.0
1340,high,2,12.0,8.0,7.8,A,-100.0
1341,high,0,7.0,5.0,5.6,C,-100.0
1342,low,1,7.0,5.0,8.6,C,15.0
1343,low,3,13.0,23.0,3.8,A,-8.5
1344,high,4,10.0,50.0,10.0,C,-9.9
1345,low,1,1.0,6.0,2.2,A,-16.0
1346,low,2,3.0,40.0,9.0,A,15.0
1347,high,1,9.0,8.0,8.1,A,-100.0
1348,none,2,19.0,11.0,1.9,C,-100.0
1349,none,2,16.0,20.0,9.1,A,8.4
1350,none,2,28.0,4.0,8.1,C,1.6
1351,high,1,5.0,13.0,4.2,A,-100.0
1352,,2,21.0,2.0,9.0,A,7.2
1353,high,4,13.0,14.0,5.3,A,-100.0
1354,medium,1,12.0,1.0,9.0,A,15.0
1355,low,3,6.0,17.0,6.4,B,6.5
1356,none,1,9.0,3.0,1.2,B,-100.0
1357,high,6,4.0,20.0,8.9,A,-15.8
1358,low,1,9.0,4.0,1.1,A,-100.0
1359,none,1,5.0,9.0,1.4,A,-100.0
1360,low,3,6.0,9.0,4.8,A,-2.4
1361,medium,2,10.0,4.0,9.5,A,15.0
1362,high,2,15.0,1.0,5.0,A,-100.0
1363,medium,1,1.0,13.0,8.1,A,14.6
1364,high,5,13.0,6.0,1.9,A,-100.0
1365,none,2,10.0,2.0,9.7,C,12.2
1366,high,3,4.0,8.0,2.1,A,-100.0
1367,high,2,4.0,7.0,8.1,C,-20.0
1368,high,1,8.0,5.0,5.5,A,-100.0
1369,high,1,6.0,4.0,3.5,A,-100.0
1370,none,0,11.0,23.0,3.7,A,-100.0
1371,low,1,31.0,8.0,9.7,B,15.0
1372,medium,3,8.0,19.0,5.3,A,-1.6
1373,high,3,22.0,32.0,6.7,A,-100.0
1374,low,1,7.0,16.0,5.5,A,1.6
1375,none,1,4.0,5.0,9.2,B,10.1
1376,low,0,7.0,15.0,3.6,A,-8.7
1377,low,1,6.0,41.0,8.3,B,15.0
1378,none,0,13.0,11.0,8.2,A,3.9
1379,high,2,7.0,17.0,9.7,C,-11.4
1380,high,0,6.0,30.0,9.8,C,-10.4
1381,low,0,11.0,8.0,8.6,A,15.0
1382,high,1,20.0,3.0,1.3,A,-100.0
1383,low,1,25.0,0.0,7.4,A,10.1
1384,medium,2,8.0,22.0,1.5,A,-100.0
1385,medium,2,18.0,0.0,8.1,A,12.7
1386,low,0,13.0,3.0,2.6,C,-15.0
1387,medium,0,4.0,9.0,3.7,A,-9.8
1388,,2,16.0,6.0,8.9,A,7.2
1389,high,1,36.0,7.0,9.1,A,-17.6
1390,low,2,6.0,35.0,9.2,A,15.0
1391,medium,0,12.0,3.0,2.8,A,-15.6
1392,high,1,7.0,4.0,9.0,D,-15.3
1393,high,3,7.0,10.0,5.4,A,-100.0
1394,none,2,10.0,0.0,3.8,A,-100.0
1395,none,1,7.0,13.0,3.8,C,-19.8
1396,low,3,9.0,34.0,9.3,C,15.0
1397,medium,2,13.0,8.0,2.3,A,-18.6
1398,low,3,15.0,0.0,1.3,B,-100.0
1399,high,2,,42.0,9.4,C,
1400,low,1,6.0,14.0,2.5,A,-14.8
1401,medium,0,12.0,4.0,3.9,A,-9.6
1402,low,0,13.0,1.0,9.8,A,15.0
1403,low,1,8.0,16.0,9.7,C,15.0
1404,none,1,23.0,0.0,5.6,A,-11.6
1405,high,3,21.0,24.0,8.3,A,-100.0
1406,low,1,17.0,0.0,3.7,A,-9.5
1407,high,1,12.0,28.0,7.5,C,-100.0
1408,medium,1,31.0,5.0,6.0,A,-0.0
1409,low,1,17.0,0.0,6.3,D,4.9
1410,low,3,8.0,24.0,10.0,A,15.0
1411,high,1,11.0,21.0,9.6,A,-12.2
1412,low,4,20.0,9.0,2.0,C,-19.3
1413,high,0,5.0,20.0,2.9,A,-100.0
1414,none,3,13.0,6.0,3.4,C,-100.0
1415,none,0,7.0,16.0,4.4,A,-16.3
1416,medium,2,5.0,4.0,9.3,C,15.0
1417,high,2,14.0,2.0,1.4,A,-100.0
1418,high,3,16.0,14.0,7.1,A,-100.0
1419,high,2,15.0,12.0,8.4,B,-19.4
1420,medium,3,2.0,6.0,9.8,A,15.0
1421,high,1,2.0,18.0,8.5,C,-17.4
1422,low,1,3.0,0.0,3.2,A,-10.8
1423,low,2,6.0,34.0,4.7,A,-2.6
1424,medium,2,5.0,18.0,1.7,A,-100.0
1425,high,1,1.0,1.0,8.7,A,-16.3
1426,medium,2,21.0,13.0,7.0,B,6.5
1427,none,0,18.0,5.0,1.1,A,-100.0
1428,high,3,16.0,13.0,3.2,C,-100.0
1429,high,0,15.0,9.0,1.9,A,-100.0
1430,high,2,5.0,4.0,3.8,B,-100.0
1431,none,2,6.0,50.0,9.5,A,11.9
1432,high,0,10.0,11.0,9.8,C,-11.0
1433,medium,1,10.0,28.0,8.2,B,14.4
1434,low,2,11.0,4.0,2.0,A,-18.3
1435,high,2,14.0,5.0,1.3,D,-100.0
1436,high,2,,32.0,8.7,C,
1437,,3,4.0,7.0,4.4,A,-16.4
1438,low,2,3.0,7.0,9.8,D,15.0
1439,medium,3,1.0,6.0,9.5,A,15.0
1440,low,2,22.0,9.0,2.8,A,-14.9
1441,high,1,1.0,7.0,,A,
1442,low,2,2.0,11.0,,A,
1443,none,2,3.0,12.0,9.9,B,14.1
1444,high,3,16.0,33.0,8.0,A,-100.0
1445,medium,2,5.0,1.0,6.3,A,4.1
1446,high,2,17.0,17.0,3.1,C,-100.0
1447,high,3,24.0,11.0,8.8,C,-18.2
1448,low,0,27.0,10.0,2.5,A,-16.8
1449,high,2,4.0,11.0,8.9,A,-15.5
1450,none,2,1.0,21.0,5.5,C,-9.8
1451,low,1,11.0,20.0,6.6,B,7.3
1452,low,2,24.0,5.0,9.4,A,15.0
1453,low,3,15.0,11.0,8.4,D,15.0
1454,high,0,7.0,3.0,3.1,A,-100.0
1455,low,4,3.0,3.0,6.6,A,7.6
1456,medium,2,19.0,3.0,9.6,B,15.0
1457,low,4,18.0,17.0,7.9,A,13.4
1458,low,3,9.0,14.0,3.5,A,-9.8
1459,medium,1,1.0,4.0,7.1,A,9.0
1460,low,4,,4.0,9.9,C,
1461,high,1,9.0,16.0,9.7,A,-11.5
1462,high,0,0.0,16.0,7.9,A,-100.0
1463,none,0,26.0,24.0,2.0,A,-100.0
1464,low,0,20.0,8.0,2.3,B,-17.3
1465,none,3,4.0,5.0,3.4,A,-100.0
1466,high,2,9.0,10.0,2.8,A,-100.0
1467,medium,4,18.0,4.0,3.9,B,-10.6
1468,high,0,6.0,15.0,2.4,C,-100.0
1469,medium,2,10.0,2.0,8.1,B,13.5
1470,none,2,11.0,0.0,4.1,D,-18.8
1471,medium,1,5.0,15.0,6.8,A,7.1
1472,low,0,15.0,13.0,7.0,A,9.1
1473,low,2,8.0,18.0,8.1,C,15.0
1474,high,2,6.0,3.0,8.6,A,-17.5
1475,none,2,16.0,7.0,9.7,A,11.6
1476,medium,1,11.0,28.0,3.0,C,-14.3
1477,high,0,12.0,1.0,9.0,A,-15.7
1478,high,0,6.0,39.0,6.0,D,-100.0
1479,none,0,1.0,12.0,1.1,A,-100.0
1480,low,1,13.0,8.0,3.6,A,-9.5
1481,low,2,12.0,3.0,5.2,B,-0.8
1482,high,1,28.0,2.0,6.8,A,-100.0
1483,medium,0,10.0,21.0,8.4,A,15.0
1484,high,2,1.0,3.0,7.8,A,-100.0
1485,low,3,6.0,2.0,1.4,B,-100.0
1486,high,0,2.0,1.0,10.0,A,-9.2
1487,low,2,13.0,12.0,8.2,A,15.0
1488,high,2,26.0,2.0,8.0,A,-100.0
1489,medium,1,10.0,0.0,9.4,A,15.0
1490,high,1,2.0,22.0,5.0,D,-100.0
1491,high,2,12.0,5.0,9.2,A,-14.8
1492,low,1,5.0,50.0,3.3,B,-10.0
1493,medium,1,26.0,0.0,1.9,B,-100.0
1494,high,0,14.0,8.0,1.4,A,-100.0
1495,high,1,16.0,6.0,8.9,A,-16.7
1496,high,2,4.0,14.0,4.5,C,-100.0
1497,medium,2,14.0,12.0,7.7,A,11.0
1498,low,1,5.0,7.0,8.4,B,15.0
1499,low,1,21.0,21.0,9.5,C,15.0
1500,low,2,1.0,22.0,5.3,A,1.1
1501,high,1,3.0,5.0,5.3,A,-100.0
1502,none,2,3.0,5.0,1.1,C,-100.0
1503,none,2,6.0,8.0,8.2,A,4.4
1504,low,1,14.0,35.0,7.0,A,9.3
1505,low,1,14.0,18.0,9.8,B,15.0
1506,high,0,6.0,25.0,6.6,A,-100.0
1507,low,2,16.0,4.0,9.1,A,15.0
1508,medium,4,12.0,30.0,5.3,A,-2.0
1509,high,3,20.0,21.0,9.1,A,-16.0
1510,low,2,4.0,42.0,9.6,A,15.0
1511,low,1,15.0,45.0,9.8,A,15.0
1512,medium,2,9.0,5.0,9.5,D,15.0
1513,high,4,6.0,1.0,5.7,A,-100.0
1514,medium,4,3.0,9.0,1.5,C,-100.0
1515,high,0,3.0,0.0,6.0,A,-100.0
1516,low,4,16.0,5.0,5.1,A,-1.9
1517,none,2,7.0,3.0,5.8,A,-9.0
1518,medium,1,3.0,23.0,8.5,B,15.0
1519,high,5,40.0,10.0,4.9,A,-100.0
1520,none,2,3.0,2.0,9.9,C,14.0
1521,none,1,7.0,6.0,5.5,C,-10.5
1522,high,1,17.0,0.0,3.5,C,-100.0
1523,low,2,3.0,2.0,8.2,A,
1524,low,1,2.0,6.0,9.3,A,15.0
1525,high,1,6.0,0.0,9.7,A,-11.4
1526,none,2,2.0,6.0,3.7,A,-20.0
1527,low,1,6.0,34.0,9.8,C,15.0
1528,high,0,3.0,31.0,3.9,A,-100.0
1529,medium,2,12.0,13.0,5.0,A,-3.6
1530,low,0,10.0,2.0,7.2,A,10.6
1531,none,1,13.0,1.0,9.6,A,11.4
1532,medium,1,14.0,1.0,4.8,D,-5.0
1533,low,1,16.0,8.0,4.8,B,-3.2
1534,high,3,13.0,1.0,8.3,C,-19.9
1535,none,2,7.0,17.0,9.5,A,11.5
1536,medium,1,17.0,50.0,9.4,D,15.0
1537,low,0,13.0,2.0,,D,
1538,high,4,6.0,15.0,9.0,A,-15.4
1539,none,0,7.0,6.0,3.3,A,-100.0
1540,high,0,2.0,29.0,1.3,A,-100.0
1541,high,0,17.0,24.0,7.0,C,-100.0
1542,high,2,17.0,11.0,8.3,C,-100.0
1543,,0,23.0,1.0,3.7,A,-100.0
1544,low,2,14.0,4.0,4.7,A,-3.7
1545,high,1,,9.0,8.9,C,
1546,high,2,9.0,12.0,6.3,A,-100.0
1547,medium,1,5.0,3.0,9.0,A,15.0
1548,high,1,23.0,2.0,4.3,A,-100.0
1549,medium,1,2.0,10.0,6.7,C,6.8
1550,medium,3,16.0,6.0,6.4,C,3.5
1551,high,2,3.0,15.0,9.2,A,-13.7
1552,low,4,12.0,8.0,4.7,A,-3.7
1553,low,1,7.0,6.0,8.8,A,15.0
1554,low,1,10.0,29.0,7.3,A,11.3
1555,none,2,7.0,30.0,8.3,B,5.0
1556,high,4,9.0,4.0,9.2,C,-14.7
1557,high,0,5.0,7.0,3.0,C,-100.0
1558,medium,4,12.0,35.0,7.0,A,7.4
1559,none,2,2.0,24.0,1.6,A,-100.0
1560,high,0,9.0,33.0,9.1,A,-14.5
1561,none,1,13.0,19.0,3.1,A,-100.0
1562,high,1,5.0,8.0,9.1,A,-14.5
1563,medium,3,21.0,30.0,5.6,A,-1.2
1564,low,3,12.0,0.0,8.5,B,15.0
1565,none,1,16.0,7.0,9.1,A,8.4
1566,medium,2,7.0,1.0,8.1,B,13.8
1567,none,2,5.0,3.0,9.8,A,13.2
1568,low,2,12.0,0.0,1.4,C,-100.0
1569,none,0,9.0,2.0,2.1,A,-100.0
1570,low,1,9.0,18.0,9.3,A,15.0
1571,high,2,1.0,4.0,9.3,B,-13.1
1572,medium,0,5.0,1.0,9.9,A,15.0
1573,none,1,6.0,10.0,3.5,C,-100.0
1574,high,0,4.0,2.0,2.8,C,-100.0
1575,low,1,9.0,5.0,7.5,A,12.3
1576,none,3,13.0,8.0,8.4,A,4.7
1577,low,3,14.0,42.0,9.8,C,15.0
1578,low,0,19.0,10.0,9.5,A,15.0
1579,low,2,10.0,8.0,8.8,A,15.0
1580,medium,1,31.0,50.0,8.3,A,13.1
1581,high,4,7.0,20.0,2.7,A,-100.0
1582,medium,3,5.0,21.0,9.6,A,15.0
1583,low,1,4.0,6.0,4.9,A,-1.5
1584,low,2,2.0,2.0,1.4,A,-100.0
1585,medium,1,11.0,2.0,2.2,A,-18.9
1586,high,1,19.0,26.0,3.2,C,-100.0
1587,low,2,7.0,10.0,3.9,B,-7.3
1588,low,1,4.0,11.0,8.8,C,15.0
1589,medium,0,9.0,6.0,5.1,A,-2.7
1590,medium,3,11.0,50.0,8.2,B,14.3
1591,high,2,3.0,3.0,9.8,A,-10.6
1592,low,1,11.0,4.0,1.4,C,-100.0
1593,low,3,19.0,5.0,9.7,D,15.0
1594,high,1,3.0,16.0,9.0,C,-14.7
1595,low,1,9.0,3.0,9.6,A,15.0
1596,medium,1,3.0,12.0,3.7,B,-9.8
1597,medium,0,12.0,13.0,8.9,A,15.0
1598,medium,3,8.0,13.0,9.1,A,15.0
1599,low,1,18.0,2.0,10.0,A,15.0
1600,low,0,11.0,7.0,2.3,C,-16.4
1601,high,2,3.0,1.0,9.2,A,-13.9
1602,medium,2,23.0,47.0,2.0,C,-100.0
1603,low,2,3.0,23.0,10.0,A,15.0
1604,low,3,12.0,8.0,8.3,A,15.0
1605,low,1,3.0,3.0,8.3,A,15.0
1606,medium,1,4.0,0.0,7.9,B,13.1
1607,none,1,5.0,29.0,9.0,A,9.2
1608,low,0,,0.0,2.3,C,
1609,high,5,3.0,1.0,5.5,C,-100.0
1610,low,2,7.0,23.0,1.3,A,-100.0
1611,low,0,2.0,9.0,8.8,A,15.0
1612,high,1,10.0,8.0,9.7,C,-11.7
1613,low,2,7.0,23.0,7.2,A,10.9
1614,medium,3,22.0,3.0,1.6,A,-100.0
1615,low,0,4.0,5.0,4.6,A,-3.1
1616,none,2,2.0,15.0,2.2,B,-100.0
1617,low,2,4.0,22.0,3.1,B,-11.3
1618,high,4,11.0,0.0,2.5,A,-100.0
1619,high,0,4.0,10.0,3.4,D,-100.0
1620,low,2,15.0,4.0,1.5,D,-100.0
1621,none,2,27.0,4.0,7.6,C,-1.1
1622,none,4,23.0,4.0,9.7,A,10.7
1623,low,3,7.0,27.0,2.7,C,-13.9
1624,medium,4,4.0,2.0,6.4,A,4.5
1625,low,1,2.0,11.0,2.1,C,-16.6
1626,low,1,,1.0,3.2,C,
1627,medium,1,6.0,2.0,2.8,A,-15.2
1628,low,1,5.0,16.0,3.0,A,-11.9
1629,high,2,13.0,36.0,8.3,D,-19.5
1630,medium,2,3.0,17.0,4.5,A,-5.4
1631,low,0,22.0,26.0,8.6,A,15.0
1632,medium,2,4.0,2.0,8.1,C,14.1
1633,high,3,7.0,5.0,7.7,A,-100.0
1634,low,0,10.0,1.0,1.5,A,-100.0
1635,,0,13.0,3.0,9.5,A,11.0
1636,medium,0,4.0,18.0,1.2,A,-100.0
1637,none,0,13.0,26.0,1.1,A,-100.0
1638,medium,3,40.0,2.0,2.0,A,-100.0
1639,high,0,14.0,12.0,3.5,A,-100.0
1640,medium,1,8.0,0.0,9.2,C,15.0
1641,medium,1,10.0,13.0,9.0,A,15.0
1642,low,2,22.0,26.0,5.1,A,-2.1
1643,medium,2,10.0,6.0,9.3,A,15.0
1644,medium,0,8.0,4.0,3.8,A,-9.7
1645,high,0,3.0,10.0,2.6,A,-100.0
1646,none,0,2.0,1.0,5.3,B,-11.0
1647,high,0,19.0,14.0,1.1,B,-100.0
1648,low,1,4.0,3.0,6.3,C,6.2
1649,high,2,26.0,7.0,4.5,A,-100.0
1650,high,2,2.0,1.0,5.8,C,-100.0
1651,low,0,5.0,28.0,9.4,A,15.0
1652,medium,3,8.0,1.0,6.2,D,3.1
1653,none,2,2.0,39.0,5.7,A,-8.7
1654,high,1,4.0,1.0,3.7,A,-100.0
1655,low,2,10.0,16.0,8.9,A,15.0
1656,low,2,36.0,6.0,3.2,C,-14.1
1657,none,1,5.0,20.0,3.4,C,-100.0
1658,medium,0,12.0,4.0,1.1,A,-100.0
1659,high,1,6.0,1.0,9.6,C,-11.9
1660,medium,1,7.0,0.0,8.3,A,15.0
1661,medium,5,7.0,35.0,7.1,A,8.3
1662,medium,2,5.0,28.0,9.2,C,15.0
1663,high,4,34.0,5.0,8.7,A,-19.9
1664,medium,1,6.0,3.0,7.6,A,11.3
1665,none,0,1.0,0.0,1.7,C,-100.0
1666,none,0,5.0,0.0,1.5,B,-100.0
1667,low,1,9.0,17.0,9.3,A,15.0
1668,high,1,10.0,3.0,2.5,B,-100.0
1669,medium,1,12.0,11.0,2.7,A,-16.2
1670,none,2,7.0,13.0,7.8,A,2.1
1671,none,3,10.0,33.0,8.3,A,4.7
1672,none,1,11.0,6.0,8.1,A,3.4
1673,low,2,6.0,6.0,8.2,A,15.0
1674,low,3,5.0,5.0,5.0,C,-1.3
1675,,2,5.0,23.0,1.4,A,-100.0
1676,high,1,21.0,3.0,9.3,A,-15.0
1677,high,2,,2.0,1.1,C,
1678,high,1,22.0,24.0,3.9,C,-100.0
1679,low,1,2.0,11.0,1.2,C,-100.0
1680,low,0,13.0,4.0,4.4,A,-5.1
1681,low,2,3.0,6.0,9.5,B,15.0
1682,low,1,14.0,1.0,3.1,C,-12.4
1683,low,3,2.0,5.0,1.5,D,-100.0
1684,medium,0,20.0,21.0,9.2,A,15.0
1685,low,2,16.0,4.0,4.0,C,-7.8
1686,medium,2,1.0,29.0,9.5,A,15.0
1687,medium,2,15.0,22.0,10.0,A,15.0
1688,medium,2,3.0,10.0,8.0,A,13.7
1689,high,1,4.0,26.0,9.1,A,-14.2
1690,none,1,1.0,2.0,,A,
1691,low,2,5.0,8.0,7.2,A,11.0
1692,low,2,5.0,3.0,4.2,C,-5.6
1693,low,0,14.0,1.0,2.4,A,-16.2
1694,medium,3,9.0,4.0,3.8,A,-10.1
1695,none,1,24.0,15.0,2.7,A,-100.0
1696,low,3,6.0,20.0,8.9,A,15.0
1697,low,1,6.0,1.0,6.0,A,4.3
1698,low,0,34.0,6.0,4.5,A,-6.6
1699,none,0,13.0,7.0,6.2,B,-7.1
1700,low,0,0.0,3.0,6.2,A,6.1
1701,high,2,9.0,37.0,6.6,A,
1702,medium,1,4.0,12.0,5.9,A,2.2
1703,none,1,13.0,0.0,8.9,C,7.6
1704,medium,0,7.0,2.0,3.1,A,-13.5
1705,medium,0,2.0,38.0,3.0,A,-13.2
1706,medium,2,3.0,2.0,2.8,C,-15.0
1707,high,0,14.0,12.0,1.4,A,-100.0
1708,medium,2,22.0,10.0,8.5,C,14.6
1709,high,1,7.0,2.0,7.0,C,-100.0
1710,high,0,14.0,4.0,9.9,A,-10.9
1711,medium,0,19.0,7.0,1.1,A,-100.0
1712,medium,3,9.0,6.0,4.3,A,-7.4
1713,none,0,14.0,2.0,5.0,A,-13.9
1714,none,1,10.0,2.0,3.6,A,-100.0
1715,low,0,8.0,10.0,2.4,C,-15.5
1716,high,0,7.0,6.0,9.8,A,-10.7
1717,low,1,12.0,14.0,9.0,B,15.0
1718,medium,2,9.0,4.0,6.7,B,5.9
1719,high,1,5.0,3.0,9.3,A,-13.4
1720,medium,2,20.0,14.0,8.8,A,15.0
1721,high,0,21.0,11.0,6.8,B,-100.0
1722,low,0,2.0,20.0,9.2,A,15.0
1723,medium,2,1.0,0.0,9.5,C,15.0
1724,low,0,5.0,2.0,2.8,A,-13.1
1725,low,2,9.0,5.0,9.1,B,15.0
1726,none,0,10.0,1.0,6.8,B,-3.6
1727,high,1,2.0,28.0,5.1,D,-100.0
1728,none,1,14.0,10.0,8.8,A,7.0
1729,none,0,15.0,14.0,2.2,A,-100.0
1730,high,0,1.0,41.0,5.1,A,-100.0
1731,,1,8.0,9.0,9.8,A,13.1
1732,none,0,15.0,21.0,5.8,A,-9.4
1733,medium,1,19.0,4.0,2.7,D,-17.0
1734,high,0,7.0,2.0,8.8,A,-16.3
1735,low,1,1.0,22.0,4.7,C,-2.1
1736,high,0,3.0,8.0,5.4,C,-100.0
1737,low,0,7.0,5.0,5.9,C,3.8
1738,low,1,1.0,7.0,8.6,A,15.0
1739,medium,1,22.0,7.0,1.2,A,-100.0
1740,,1,15.0,13.0,8.9,A,7.5
1741,medium,3,13.0,10.0,2.1,D,-19.8
1742,medium,0,9.0,4.0,4.6,A,-5.4
1743,none,1,7.0,3.0,5.1,A,-12.7
1744,medium,1,9.0,6.0,7.6,A,11.0
1745,low,4,17.0,0.0,9.6,A,15.0
1746,medium,0,7.0,11.0,9.5,A,15.0
1747,medium,1,22.0,12.0,6.2,C,2.0
1748,low,1,3.0,6.0,2.6,A,-14.0
1749,none,0,23.0,30.0,1.3,B,-100.0
1750,high,1,1.0,7.0,2.5,A,-100.0
1751,high,0,21.0,8.0,9.9,A,-11.6
1752,low,1,4.0,13.0,2.6,A,-14.1
1753,low,3,2.0,13.0,8.4,B,15.0
1754,low,1,1.0,1.0,6.0,B,4.8
1755,none,0,6.0,24.0,8.8,A,8.0
1756,low,0,6.0,49.0,6.4,A,7.1
1757,medium,3,8.0,26.0,8.9,A,15.0
1758,medium,2,7.0,18.0,4.9,A,-3.6
1759,medium,3,19.0,6.0,8.6,A,15.0
1760,low,3,18.0,1.0,3.8,A,-9.2
1761,low,1,6.0,17.0,8.3,B,15.0
1762,low,1,3.0,1.0,6.0,A,4.6
1763,medium,1,19.0,17.0,5.5,A,-1.5
1764,none,1,21.0,14.0,1.8,A,-100.0
1765,medium,1,4.0,19.0,2.4,A,-17.0
1766,high,3,11.0,7.0,1.4,A,-100.0
1767,high,2,12.0,6.0,4.9,A,-100.0
1768,none,3,5.0,1.0,7.2,A,-1.2
1769,low,2,5.0,4.0,8.4,A,15.0
1770,high,2,21.0,10.0,8.6,A,-18.9
1771,low,3,7.0,2.0,2.8,B,-13.6
1772,none,1,6.0,3.0,8.8,A,7.7
1773,,2,10.0,3.0,6.6,A,-4.9
1774,none,1,12.0,4.0,3.8,A,-100.0
1775,none,1,22.0,7.0,8.5,A,4.5
1776,medium,2,5.0,2.0,3.3,A,
1777,none,1,5.0,6.0,1.5,A,-100.0
1778,low,2,13.0,5.0,6.1,A,4.1
1779,high,0,9.0,32.0,2.9,A,-100.0
1780,low,3,22.0,3.0,2.9,A,-14.5
1781,low,1,14.0,3.0,8.6,C,15.0
1782,high,4,9.0,20.0,8.5,A,-18.3
1783,none,1,3.0,13.0,8.6,C,7.0
1784,high,2,23.0,13.0,3.0,A,-100.0
1785,high,0,12.0,7.0,9.8,B,-11.2
1786,none,1,2.0,31.0,7.9,A,3.5
1787,low,2,7.0,9.0,3.9,D,-7.4
1788,medium,1,9.0,5.0,9.0,A,15.0
1789,medium,5,3.0,8.0,8.8,A,15.0
1790,high,1,14.0,4.0,4.7,A,-100.0
1791,low,3,6.0,2.0,8.4,A,15.0
1792,none,1,5.0,3.0,6.7,A,-3.7
1793,low,2,7.0,50.0,9.5,A,15.0
1794,low,2,8.0,3.0,5.3,A,0.2
1795,none,3,2.0,23.0,6.1,A,-6.7
1796,none,1,6.0,8.0,9.2,A,10.0
1797,medium,1,11.0,6.0,6.9,A,6.9
1798,low,1,4.0,29.0,9.6,A,15.0
1799,high,0,7.0,9.0,3.7,A,-100.0
1800,,2,4.0,1.0,3.0,A,-100.0
1801,none,1,3.0,7.0,3.5,A,-100.0
1802,medium,2,37.0,6.0,3.1,C,-16.7
1803,none,1,4.0,2.0,2.4,A,-100.0
1804,high,1,7.0,1.0,7.2,B,-100.0
1805,high,3,7.0,8.0,8.7,A,-17.1
1806,high,0,7.0,1.0,9.8,C,-10.8
1807,medium,1,6.0,22.0,2.5,B,-16.6
1808,medium,1,8.0,7.0,8.9,A,15.0
1809,low,0,13.0,29.0,8.1,A,15.0
1810,medium,3,16.0,6.0,9.2,A,15.0
1811,high,3,3.0,19.0,9.0,A,-14.9
1812,high,1,10.0,22.0,7.5,D,-100.0
1813,high,2,12.0,6.0,3.1,C,-100.0
1814,low,2,4.0,25.0,9.9,A,15.0
1815,none,0,14.0,15.0,8.4,C,5.0
1816,high,1,10.0,21.0,1.9,C,-100.0
1817,medium,3,8.0,7.0,5.7,A,0.5
1818,high,6,1.0,3.0,8.0,B,-100.0
1819,none,1,9.0,20.0,5.1,C,-12.8
1820,high,4,12.0,5.0,8.6,A,-18.3
1821,medium,5,9.0,9.0,8.7,A,15.0
1822,low,2,18.0,17.0,1.2,B,-100.0
1823,medium,1,11.0,1.0,2.1,D,-19.5
1824,low,1,19.0,8.0,8.2,C,15.0
1825,medium,1,5.0,35.0,8.1,A,14.4
1826,none,1,25.0,18.0,4.4,A,-18.2
1827,low,2,16.0,16.0,7.7,A,12.7
1828,none,0,5.0,19.0,8.2,A,4.8
1829,low,1,21.0,21.0,2.9,A,-14.0
1830,high,0,3.0,4.0,4.2,A,-100.0
1831,high,2,7.0,6.0,7.4,A,-100.0
1832,low,4,,2.0,9.5,C,
1833,medium,1,8.0,10.0,3.6,C,-10.9
1834,low,1,7.0,0.0,8.9,B,15.0
1835,high,2,7.0,3.0,6.2,C,-100.0
1836,low,2,5.0,18.0,9.2,A,15.0
1837,none,1,2.0,19.0,9.5,C,12.1
1838,high,3,9.0,1.0,7.0,A,-100.0
1839,low,3,,6.0,9.6,C,
1840,none,0,23.0,12.0,8.4,A,4.0
1841,none,1,17.0,7.0,9.2,C,8.9
1842,medium,2,4.0,7.0,1.4,A,-100.0
1843,low,3,2.0,2.0,1.4,C,-100.0
1844,low,1,7.0,4.0,4.0,A,-6.7
1845,none,3,20.0,13.0,2.0,A,-100.0
1846,medium,1,4.0,12.0,4.4,C,-6.1
1847,medium,4,5.0,10.0,5.3,A,-1.5
1848,none,5,7.0,12.0,8.7,A,6.8
1849,medium,0,3.0,15.0,2.8,C,-14.6
1850,medium,2,2.0,1.0,1.8,C,-100.0
1851,medium,3,4.0,10.0,5.5,A,-0.2
1852,high,2,6.0,1.0,9.4,A,-13.1
1853,high,1,18.0,34.0,8.6,A,-18.3
1854,low,2,15.0,35.0,4.3,A,-5.7
1855,low,1,2.0,3.0,9.2,A,15.0
1856,high,3,12.0,5.0,8.8,A,-17.1
1857,none,2,6.0,7.0,1.4,C,-100.0
1858,low,1,2.0,2.0,6.3,A,6.4
1859,high,4,9.0,2.0,3.4,A,-100.0
1860,high,1,1.0,2.0,2.3,A,-100.0
1861,high,1,16.0,11.0,6.9,A,-100.0
1862,medium,2,4.0,19.0,1.5,A,-100.0
1863,medium,1,21.0,13.0,4.6,C,-6.6
1864,none,1,5.0,3.0,2.0,A,-100.0
1865,low,2,1.0,19.0,3.0,C,-11.6
1866,medium,1,11.0,2.0,8.3,A,14.6
1867,none,2,20.0,13.0,7.6,A,-0.3
1868,none,0,9.0,16.0,1.8,C,-100.0
1869,medium,0,6.0,6.0,8.3,C,15.0
1870,low,1,10.0,2.0,4.2,C,-6.0
1871,none,1,8.0,6.0,4.5,A,-16.1
1872,medium,0,17.0,23.0,4.4,C,-7.1
1873,medium,0,17.0,12.0,3.7,C,-11.1
1874,high,3,10.0,8.0,5.7,C,-100.0
1875,low,3,5.0,0.0,4.2,A,-5.7
1876,none,1,11.0,6.0,9.5,B,11.1
1877,low,1,23.0,46.0,3.8,C,-9.0
1878,low,1,10.0,2.0,10.0,C,15.0
1879,medium,0,9.0,3.0,4.3,C,-7.1
1880,medium,1,12.0,9.0,5.3,A,-1.9
1881,medium,3,37.0,46.0,8.3,A,12.2
1882,high,0,20.0,50.0,9.5,A,-13.2
1883,low,0,7.0,45.0,9.8,A,15.0
1884,medium,2,6.0,6.0,4.1,A,-8.1
1885,low,2,8.0,26.0,3.1,D,-11.7
1886,medium,4,10.0,12.0,1.4,C,-100.0
1887,high,2,9.0,6.0,6.4,A,-100.0
1888,low,2,4.0,9.0,7.4,A,12.2
1889,high,0,4.0,4.0,8.0,C,-100.0
1890,low,3,4.0,12.0,4.6,A,-3.3
1891,,0,3.0,37.0,4.9,C,-13.0
1892,low,1,17.0,1.0,5.4,C,-0.1
1893,high,0,28.0,6.0,4.5,A,-100.0
1894,medium,1,5.0,2.0,2.0,A,-19.5
1895,high,2,18.0,7.0,4.0,A,-100.0
1896,medium,2,13.0,3.0,9.0,A,15.0
1897,low,0,13.0,6.0,6.2,A,4.9
1898,high,1,3.0,3.0,2.1,A,-100.0
1899,low,1,6.0,6.0,8.9,A,15.0
1900,low,1,13.0,6.0,1.3,A,-100.0
1901,medium,3,,4.0,3.4,C,
1902,low,2,,3.0,1.3,C,
1903,low,1,15.0,5.0,2.0,C,-18.6
1904,low,2,13.0,0.0,3.7,A,-9.2
1905,high,1,4.0,3.0,9.1,A,-14.4
1906,,2,16.0,3.0,3.6,A,-100.0
1907,low,3,12.0,1.0,6.9,C,8.5
1908,medium,2,19.0,3.0,9.6,D,15.0
1909,none,3,14.0,3.0,7.6,A,0.1
1910,high,1,3.0,2.0,9.1,C,-14.3
1911,low,1,17.0,7.0,2.3,B,-17.1
1912,high,2,40.0,25.0,9.2,A,-17.3
1913,medium,4,9.0,4.0,1.9,A,-100.0
1914,low,2,13.0,5.0,9.3,A,15.0
1915,high,0,14.0,3.0,6.8,C,-100.0
1916,high,1,10.0,6.0,8.9,A,-16.1
1917,medium,1,11.0,1.0,9.8,A,15.0
1918,medium,0,9.0,2.0,8.4,A,15.0
1919,none,2,7.0,0.0,9.8,C,13.0
1920,high,1,8.0,18.0,6.6,C,-100.0
1921,high,4,5.0,1.0,9.5,A,-12.6
1922,low,3,6.0,6.0,8.2,D,15.0
1923,none,1,2.0,10.0,6.7,A,-3.4
1924,medium,0,14.0,3.0,9.0,C,15.0
1925,low,1,10.0,5.0,4.3,B,-5.4
1926,low,1,9.0,14.0,3.0,A,-12.4
1927,none,1,3.0,18.0,9.1,A,9.8
1928,medium,1,13.0,30.0,10.0,D,15.0
1929,medium,1,10.0,7.0,5.6,A,-0.1
1930,high,2,2.0,1.0,8.8,A,-16.0
1931,none,2,5.0,5.0,5.2,B,-12.0
1932,high,1,6.0,8.0,9.0,A,-15.1
1933,none,1,4.0,10.0,9.1,A,9.7
1934,low,0,2.0,2.0,2.5,A,-14.4
1935,high,3,9.0,11.0,7.1,C,-100.0
1936,medium,1,10.0,27.0,9.5,A,15.0
1937,low,3,26.0,3.0,7.2,A,8.7
1938,high,2,8.0,7.0,4.5,C,-100.0
1939,none,2,10.0,29.0,1.9,A,-100.0
1940,medium,1,7.0,3.0,3.7,C,-10.3
1941,high,3,12.0,2.0,1.7,A,-100.0
1942,none,0,10.0,8.0,4.4,A,-16.7
1943,medium,0,2.0,15.0,7.7,A,12.4
1944,low,3,2.0,17.0,8.4,A,15.0
1945,,0,9.0,7.0,5.5,A,-10.6
1946,high,0,3.0,14.0,9.7,A,-10.8
1947,high,2,3.0,13.0,1.4,B,-100.0
1948,low,2,10.0,19.0,9.8,C,15.0
1949,medium,2,7.0,3.0,9.0,A,15.0
1950,medium,1,2.0,16.0,2.9,A,-14.1
1951,low,2,10.0,2.0,7.2,A,10.4
1952,low,2,10.0,13.0,5.0,C,-1.6
1953,medium,0,8.0,8.0,2.5,A,-16.8
1954,medium,2,2.0,9.0,,A,
1955,medium,2,19.0,1.0,9.5,C,15.0
1956,low,1,8.0,1.0,10.0,A,15.0
1957,high,1,4.0,0.0,3.5,C,-100.0
1958,medium,1,8.0,15.0,3.3,A,-12.5
1959,high,3,8.0,16.0,1.3,D,-100.0
1960,medium,0,15.0,3.0,3.6,B,-11.5
1961,medium,2,2.0,21.0,4.2,A,-7.0
1962,,1,1.0,0.0,7.0,A,-1.7
1963,high,3,1.0,41.0,2.7,A,-100.0
1964,medium,4,9.0,6.0,7.2,A,8.5
1965,medium,2,14.0,27.0,8.1,B,13.3
1966,high,1,2.0,11.0,2.7,A,-100.0
1967,low,0,11.0,5.0,1.1,A,-100.0
1968,medium,1,12.0,3.0,3.3,A,-13.0
1969,low,1,10.0,6.0,7.5,A,12.2
1970,high,0,4.0,32.0,8.9,A,-15.1
1971,none,2,1.0,10.0,8.4,A,6.0
1972,low,1,12.0,4.0,5.3,A,-0.1
1973,high,1,3.0,15.0,9.8,C,-10.3
1974,high,3,13.0,2.0,2.7,A,-100.0
1975,high,2,31.0,3.0,7.5,A,-100.0
1976,high,1,6.0,10.0,9.9,A,-10.1
1977,high,1,20.0,9.0,5.9,C,-100.0
1978,none,2,13.0,5.0,3.4,C,-100.0
1979,none,2,2.0,3.0,,A,
1980,high,0,13.0,10.0,3.7,C,-100.0
1981,medium,3,6.0,6.0,9.1,A,15.0
1982,medium,1,5.0,47.0,6.6,D,6.3
1983,medium,0,7.0,5.0,8.9,A,15.0
1984,low,1,20.0,11.0,1.3,A,-100.0
1985,medium,1,18.0,18.0,2.7,A,-16.7
1986,none,2,18.0,4.0,3.1,C,-100.0
1987,low,2,7.0,27.0,7.0,A,9.9
1988,high,1,4.0,10.0,10.0,A,-9.4
1989,low,1,12.0,1.0,3.5,A,-10.0
1990,low,2,2.0,3.0,5.7,A,3.0
1991,low,1,2.0,12.0,9.3,C,15.0
1992,medium,1,7.0,6.0,3.1,C,-13.6
1993,high,2,11.0,2.0,1.8,A,-100.0
1994,low,0,21.0,1.0,9.4,C,15.0
1995,high,0,3.0,1.0,8.7,C,-16.4
1996,low,0,9.0,4.0,2.8,D,-13.5
1997,low,1,8.0,20.0,5.1,A,-0.6
1998,high,4,2.0,5.0,8.5,A,-17.8
1999,high,1,14.0,7.0,9.5,B,-13.2
2000,medium,2,14.0,9.0,9.5,C,15.0
2001,low,2,8.0,22.0,2.9,A,-12.8
2002,none,2,7.0,24.0,4.2,A,-17.6
2003,high,1,10.0,36.0,9.4,C,-13.0
2004,high,6,23.0,2.0,4.2,A,-100.0
2005,high,1,15.0,15.0,9.7,A,-12.1
2006,low,5,2.0,2.0,4.7,A,-2.8
2007,low,3,18.0,2.0,6.8,D,7.3
2008,low,0,19.0,7.0,10.0,A,15.0
2009,high,2,6.0,18.0,9.5,A,-12.4
2010,high,2,8.0,9.0,3.8,A,-100.0
2011,low,0,16.0,20.0,5.9,A,3.1
2012,none,0,5.0,12.0,2.4,B,-100.0
2013,low,2,13.0,28.0,8.4,C,15.0
2014,high,4,25.0,5.0,3.1,A,-100.0
2015,medium,2,12.0,38.0,8.5,C,15.0
2016,medium,1,6.0,11.0,5.6,A,0.3
2017,high,1,2.0,2.0,1.6,A,-100.0
2018,none,0,12.0,9.0,9.2,A,9.5
2019,low,3,14.0,1.0,4.7,C,-3.8
2020,low,2,38.0,11.0,7.4,A,8.8
2021,medium,2,7.0,9.0,8.7,C,15.0
2022,low,1,13.0,6.0,8.4,A,15.0
2023,high,1,6.0,5.0,6.1,A,-100.0
2024,low,2,7.0,12.0,8.8,A,15.0
2025,high,1,22.0,6.0,7.0,A,-100.0
2026,high,2,3.0,2.0,8.1,A,-19.9
2027,low,1,8.0,8.0,6.9,A,9.1
2028,medium,3,20.0,8.0,8.3,A,13.5
2029,high,4,13.0,13.0,9.3,A,-14.4
2030,high,3,8.0,11.0,8.9,D,-16.0
2031,high,1,3.0,1.0,3.9,A,-100.0
2032,high,0,14.0,3.0,8.4,A,-19.2
2033,medium,3,11.0,6.0,9.8,A,15.0
2034,high,0,6.0,1.0,3.4,D,-100.0
2035,low,2,4.0,0.0,2.2,B,-16.5
2036,high,2,9.0,8.0,9.1,A,-15.0
2037,low,0,5.0,8.0,9.1,A,15.0
2038,low,2,21.0,11.0,3.5,A,-10.9
2039,low,1,12.0,9.0,8.3,C,15.0
2040,medium,0,1.0,1.0,8.7,A,15.0
2041,low,1,5.0,50.0,1.7,A,-18.7
2042,low,0,11.0,23.0,8.2,C,15.0
2043,high,3,,11.0,2.4,C,
2044,none,1,2.0,5.0,9.8,A,13.7
2045,high,3,9.0,6.0,6.1,A,-100.0
2046,low,0,3.0,0.0,9.1,A,15.0
2047,none,1,4.0,6.0,9.7,A,12.9
2048,low,0,11.0,9.0,1.0,C,-100.0
2049,low,0,1.0,7.0,1.3,B,-100.0
2050,low,0,2.0,0.0,9.0,C,15.0
2051,high,2,23.0,27.0,2.4,A,-100.0
2052,low,1,12.0,7.0,9.5,A,15.0
2053,low,2,3.0,5.0,9.8,A,15.0
2054,high,2,31.0,3.0,9.0,A,-17.8
2055,medium,1,3.0,12.0,8.8,C,15.0
2056,medium,3,3.0,12.0,8.6,A,15.0
2057,low,1,11.0,10.0,8.8,C,15.0
2058,none,0,8.0,2.0,1.6,C,-100.0
2059,high,0,8.0,6.0,7.1,A,-100.0
2060,medium,0,8.0,3.0,9.9,A,15.0
2061,medium,0,3.0,8.0,9.3,A,15.0
2062,medium,5,14.0,5.0,4.2,C,-8.6
2063,high,1,7.0,17.0,2.1,A,-100.0
2064,none,2,8.0,2.0,1.8,A,-100.0
2065,none,4,6.0,4.0,7.3,A,-0.8
2066,none,1,4.0,31.0,9.5,B,12.1
2067,low,0,8.0,0.0,5.4,A,0.9
2068,high,0,6.0,10.0,9.9,A,-10.1
2069,high,1,10.0,5.0,9.5,A,-12.8
2070,none,3,12.0,8.0,8.7,A,6.4
2071,low,1,11.0,32.0,6.5,A,6.9
2072,none,0,11.0,14.0,3.8,A,-100.0
2073,medium,4,3.0,0.0,3.6,D,-10.8
2074,high,2,16.0,19.0,6.2,A,-100.0
2075,high,0,1.0,14.0,6.7,A,-100.0
2076,none,2,7.0,24.0,9.5,A,11.6
2077,high,3,8.0,4.0,8.6,C,-17.8
2078,high,1,4.0,4.0,5.7,B,-100.0
2079,medium,3,1.0,10.0,6.6,D,6.1
2080,high,2,15.0,2.0,5.8,C,-100.0
2081,none,0,1.0,6.0,3.5,A,-100.0
2082,high,2,1.0,8.0,8.7,A,-16.4
2083,low,2,3.0,12.0,8.2,A,15.0
2084,high,0,11.0,33.0,6.7,B,-100.0
2085,medium,2,11.0,5.0,2.5,B,-17.4
2086,low,2,5.0,1.0,7.9,C,14.8
2087,medium,1,1.0,14.0,7.8,A,13.0
2088,high,0,8.0,2.0,2.6,A,-100.0
2089,high,0,6.0,2.0,8.8,C,-16.2
2090,high,2,3.0,4.0,9.8,C,-10.6
2091,,3,7.0,14.0,8.8,A,7.5
2092,high,0,22.0,8.0,4.3,A,-100.0
2093,low,2,1.0,18.0,6.9,A,9.8
2094,none,2,5.0,18.0,7.9,A,2.9
2095,none,0,12.0,3.0,7.7,C,1.2
2096,medium,1,6.0,4.0,6.2,D,3.6
2097,high,1,3.0,4.0,3.3,A,-100.0
2098,medium,3,16.0,16.0,9.9,A,15.0
2099,high,1,16.0,4.0,5.3,A,-100.0
2100,medium,3,25.0,40.0,2.1,A,-100.0
2101,medium,1,10.0,4.0,8.2,A,14.2
2102,medium,0,4.0,25.0,4.9,A,-3.1
2103,low,2,3.0,7.0,2.7,A,-13.6
2104,low,1,39.0,11.0,8.2,B,13.2
2105,low,0,12.0,11.0,1.5,A,-100.0
2106,high,0,11.0,22.0,7.2,A,-100.0
2107,medium,1,13.0,17.0,9.1,A,15.0
2108,low,3,8.0,3.0,7.2,A,10.5
2109,medium,1,5.0,1.0,8.8,D,15.0
2110,high,1,3.0,4.0,8.4,D,-18.2
2111,low,0,8.0,2.0,6.6,A,7.5
2112,low,6,16.0,1.0,1.4,A,-100.0
2113,high,3,3.0,6.0,5.1,A,-100.0
2114,,1,,28.0,1.5,C,
2115,medium,2,7.0,3.0,2.4,A,-17.5
2116,low,2,10.0,27.0,5.4,A,0.8
2117,low,1,3.0,3.0,8.2,A,15.0
2118,low,0,17.0,28.0,7.3,A,10.7
2119,low,6,40.0,12.0,8.3,C,13.2
2120,high,2,14.0,4.0,1.1,A,-100.0
2121,low,1,4.0,23.0,3.5,A,-9.0
2122,medium,1,5.0,5.0,8.7,A,15.0
2123,none,3,6.0,31.0,8.6,B,6.7
2124,none,3,3.0,6.0,9.6,A,12.3
2125,high,3,3.0,0.0,3.3,A,-100.0
2126,low,0,1.0,10.0,9.5,A,15.0
2127,medium,1,4.0,14.0,6.2,B,3.9
2128,low,3,10.0,7.0,7.8,C,13.7
2129,none,0,10.0,3.0,2.5,A,-100.0
2130,low,0,5.0,6.0,7.8,A,14.5
2131,medium,0,4.0,16.0,7.3,A,10.0
2132,medium,2,8.0,2.0,2.0,A,-19.8
2133,high,3,8.0,4.0,8.5,C,
2134,high,1,0.0,35.0,1.2,A,-100.0
2135,medium,0,8.0,3.0,8.6,C,15.0
2136,high,0,22.0,11.0,1.0,A,-100.0
2137,none,0,2.0,1.0,8.6,C,7.1
2138,none,1,6.0,10.0,9.6,A,12.2
2139,high,3,2.0,3.0,8.2,A,-19.4
2140,none,0,10.0,11.0,8.8,A,7.5
2141,low,3,12.0,5.0,8.7,C,15.0
2142,low,2,2.0,4.0,9.2,A,15.0
2143,medium,0,3.0,4.0,4.1,A,-7.6
2144,high,1,2.0,17.0,8.7,C,-16.3
2145,high,1,3.0,6.0,9.4,B,-12.6
2146,medium,2,13.0,23.0,8.3,C,14.5
2147,none,1,9.0,5.0,8.3,A,4.7
2148,medium,1,9.0,0.0,4.0,A,-8.9
2149,high,0,2.0,9.0,9.2,C,-13.5
2150,medium,1,10.0,16.0,8.5,A,15.0
2151,none,0,5.0,5.0,2.3,A,-100.0
2152,medium,1,10.0,22.0,5.4,C,-1.0
2153,none,1,14.0,14.0,2.0,C,-100.0
2154,high,2,14.0,20.0,6.5,A,-100.0
2155,high,0,4.0,10.0,9.6,A,-11.5
2156,medium,2,9.0,28.0,9.0,A,15.0
2157,low,1,4.0,15.0,3.7,A,-8.0
2158,none,3,20.0,19.0,10.0,C,12.9
2159,high,2,9.0,2.0,1.2,A,-100.0
2160,low,2,12.0,1.0,8.6,B,15.0
2161,high,1,12.0,9.0,1.3,C,-100.0
2162,medium,0,11.0,22.0,9.0,A,15.0
2163,medium,1,36.0,2.0,6.6,A,2.7
2164,medium,1,18.0,4.0,8.1,A,12.8
2165,low,0,11.0,3.0,2.3,A,-16.4
2166,high,1,7.0,22.0,1.9,A,-100.0
2167,high,1,12.0,42.0,8.3,C,-19.2
2168,medium,2,19.0,26.0,1.1,A,-100.0
2169,none,3,13.0,12.0,8.3,A,4.2
2170,,1,4.0,10.0,9.8,A,13.5
2171,,3,8.0,0.0,4.2,A,-18.0
2172,,0,6.0,7.0,9.0,C,9.0
2173,none,0,13.0,8.0,3.8,C,-100.0
2174,high,2,8.0,5.0,7.6,A,-100.0
2175,low,1,5.0,12.0,6.0,C,4.5
2176,none,0,6.0,6.0,6.8,A,-3.1
2177,medium,1,7.0,14.0,5.2,A,-1.9
2178,none,0,4.0,20.0,3.0,C,-100.0
2179,low,1,8.0,16.0,2.8,A,-13.3
2180,high,1,9.0,13.0,9.2,A,-14.3
2181,low,5,26.0,1.0,4.2,D,-8.0
2182,low,0,6.0,6.0,3.8,A,-7.6
2183,high,3,3.0,6.0,7.9,B,-100.0
2184,none,1,37.0,3.0,6.3,A,-9.1
2185,high,0,5.0,9.0,8.8,A,-16.0
2186,low,0,13.0,21.0,9.6,A,15.0
2187,medium,1,5.0,16.0,8.3,A,15.0
2188,,0,7.0,7.0,3.8,A,-19.7
2189,high,2,7.0,4.0,9.7,A,-11.5
2190,low,1,11.0,14.0,4.7,B,-3.2
2191,medium,2,6.0,21.0,2.5,A,-16.7
2192,low,1,14.0,50.0,3.3,B,-10.8
2193,high,1,6.0,3.0,5.7,B,-100.0
2194,low,2,2.0,23.0,9.1,A,15.0
2195,low,2,4.0,5.0,6.7,B,8.3
2196,high,1,9.0,6.0,9.0,A,-15.4
2197,low,1,3.0,38.0,3.6,A,-8.2
2198,medium,3,27.0,8.0,5.0,A,-5.3
2199,none,1,8.0,2.0,9.8,A,13.0
2200,none,1,15.0,0.0,2.4,A,-100.0
2201,low,1,3.0,7.0,3.6,A,-8.5
2202,high,0,4.0,11.0,9.0,C,-14.8
2203,low,2,2.0,1.0,9.1,C,15.0
2204,medium,2,9.0,48.0,5.7,A,0.9
2205,high,1,8.0,1.0,2.4,A,-100.0
2206,low,2,13.0,4.0,8.4,C,15.0
2207,medium,3,19.0,10.0,6.6,A,4.3
2208,none,1,5.0,2.0,2.3,C,-100.0
2209,medium,1,15.0,2.0,8.5,A,15.0
2210,medium,2,24.0,9.0,8.3,A,13.3
2211,medium,1,2.0,7.0,4.0,A,-8.1
2212,high,2,2.0,4.0,2.9,A,-100.0
2213,high,2,10.0,50.0,2.2,A,-100.0
2214,none,2,5.0,3.0,5.8,A,-8.8
2215,high,0,2.0,19.0,9.2,C,-13.4
2216,low,5,3.0,40.0,8.4,A,15.0
2217,low,6,8.0,1.0,3.6,A,-9.6
2218,high,2,,27.0,7.5,C,
2219,low,3,13.0,4.0,8.3,A,15.0
2220,low,3,10.0,6.0,9.2,C,15.0
2221,high,0,14.0,1.0,1.8,A,-100.0
2222,high,2,10.0,14.0,2.2,A,-100.0
2223,low,0,16.0,10.0,2.2,D,-17.4
2224,medium,2,5.0,3.0,1.1,A,-100.0
2225,low,1,12.0,22.0,7.6,A,12.7
2226,medium,2,8.0,9.0,9.5,A,15.0
2227,low,0,3.0,25.0,7.7,C,14.3
2228,high,1,11.0,0.0,8.8,C,-16.8
2229,high,1,16.0,50.0,1.9,A,-100.0
2230,low,3,9.0,33.0,9.8,A,15.0
2231,none,2,4.0,34.0,8.9,A,8.7
2232,none,1,11.0,3.0,8.7,A,6.7
2233,low,0,23.0,12.0,9.0,C,15.0
2234,high,2,10.0,14.0,3.3,A,-100.0
2235,low,2,,11.0,2.8,C,
2236,low,1,24.0,16.0,5.2,A,-1.7
2237,medium,2,14.0,7.0,3.3,B,-13.3
2238,none,0,10.0,2.0,3.8,C,-100.0
2239,high,2,11.0,3.0,2.4,A,-100.0
2240,medium,0,6.0,8.0,2.7,C,-15.6
2241,low,2,6.0,3.0,3.5,B,-9.5
2242,low,1,4.0,19.0,8.5,A,15.0
2243,medium,1,11.0,3.0,5.5,B,-0.8
2244,low,2,13.0,3.0,10.0,C,15.0
2245,none,2,2.0,9.0,2.8,D,-100.0
2246,high,1,14.0,2.0,9.1,A,-15.4
2247,high,3,6.0,8.0,1.1,A,-100.0
2248,high,2,20.0,1.0,8.8,A,-17.8
2249,low,3,10.0,5.0,8.1,A,15.0
2250,low,2,9.0,24.0,2.0,C,-17.9
2251,high,1,11.0,1.0,3.9,A,-100.0
2252,high,1,4.0,11.0,3.2,A,-100.0
2253,,1,11.0,17.0,8.5,A,5.7
2254,low,1,,17.0,9.2,C,
2255,none,1,4.0,9.0,9.0,A,9.1
2256,medium,0,5.0,3.0,9.9,A,15.0
2257,high,1,29.0,2.0,6.8,A,-100.0
2258,high,1,13.0,18.0,9.4,A,-13.5
2259,medium,2,13.0,16.0,4.3,C,-7.6
2260,none,1,2.0,6.0,9.2,A,10.4
2261,none,2,3.0,9.0,8.2,C,4.7
2262,medium,5,3.0,11.0,9.7,A,15.0
2263,medium,0,10.0,1.0,9.1,A,15.0
2264,medium,2,3.0,18.0,8.2,C,14.9
2265,medium,1,8.0,7.0,2.9,C,-14.8
2266,medium,1,5.0,14.0,6.5,D,5.4
2267,medium,0,7.0,2.0,7.8,D,12.3
2268,medium,2,27.0,2.0,7.3,A,7.4
2269,none,1,10.0,4.0,1.3,C,-100.0
2270,low,1,4.0,19.0,7.8,C,14.6
2271,none,2,12.0,34.0,9.4,A,10.6
2272,low,1,8.0,39.0,8.4,A,15.0
2273,high,0,1.0,12.0,2.3,C,-100.0
2274,high,5,10.0,4.0,8.5,A,-18.7
2275,high,2,15.0,5.0,9.7,B,-12.3
2276,high,4,9.0,13.0,1.5,A,-100.0
2277,low,1,2.0,11.0,2.4,A,-15.0
2278,none,2,11.0,15.0,3.3,A,-100.0
2279,high,1,5.0,8.0,2.6,A,-100.0
2280,medium,2,29.0,22.0,9.0,A,15.0
2281,medium,0,4.0,5.0,1.6,A,-100.0
2282,low,0,19.0,50.0,9.6,B,15.0
2283,low,1,19.0,11.0,8.2,A,15.0
2284,none,0,2.0,1.0,9.3,A,11.0
2285,high,1,14.0,6.0,9.9,A,-11.0
2286,low,0,9.0,20.0,9.7,C,15.0
2287,high,1,6.0,11.0,8.0,C,-100.0
2288,medium,0,19.0,9.0,5.3,C,-2.5
2289,medium,0,7.0,4.0,8.1,A,14.0
2290,medium,1,4.0,8.0,1.0,A,-100.0
2291,low,1,19.0,1.0,4.0,C,-8.0
2292,medium,2,4.0,19.0,9.6,A,15.0
2293,medium,1,13.0,7.0,8.4,A,15.0
2294,high,3,9.0,15.0,1.1,A,-100.0
2295,medium,3,4.0,4.0,5.6,A,0.3
2296,low,0,11.0,1.0,1.5,A,-100.0
2297,high,2,7.0,2.0,8.2,A,-19.8
2298,medium,3,5.0,10.0,4.2,A,-7.5
2299,medium,1,6.0,6.0,2.3,A,-17.9
2300,low,2,1.0,7.0,2.4,B,-15.0
2301,low,1,3.0,5.0,7.3,A,11.8
2302,high,2,14.0,33.0,9.3,A,-14.1
2303,medium,2,6.0,29.0,2.5,A,-16.6
2304,,2,11.0,23.0,5.2,A,-12.5
2305,medium,1,6.0,10.0,9.8,B,15.0
2306,high,2,20.0,8.0,8.8,A,-17.7
2307,none,3,6.0,25.0,2.8,A,-100.0
2308,medium,1,2.0,34.0,9.6,D,15.0
2309,low,3,15.0,6.0,2.9,B,-13.8
2310,none,1,11.0,14.0,8.5,A,5.7
2311,none,1,8.0,4.0,8.6,A,6.4
2312,high,0,3.0,12.0,9.2,A,-13.6
2313,medium,1,9.0,11.0,4.4,A,-6.6
2314,low,1,15.0,14.0,1.9,B,-19.0
2315,none,2,27.0,3.0,5.6,A,-12.1
2316,low,2,6.0,48.0,4.8,A,-1.9
2317,low,2,10.0,4.0,2.7,A,-14.3
2318,none,1,2.0,42.0,1.9,C,-100.0
2319,none,2,6.0,2.0,7.6,C,1.0
2320,high,1,4.0,19.0,8.2,A,-19.2
2321,high,0,11.0,16.0,7.9,A,-100.0
2322,medium,2,2.0,15.0,8.5,A,15.0
2323,low,3,10.0,8.0,6.5,A,6.5
2324,low,3,3.0,0.0,8.4,A,15.0
2325,low,2,9.0,22.0,9.6,A,15.0
2326,medium,1,13.0,21.0,7.4,A,9.6
2327,high,0,15.0,2.0,1.3,A,-100.0
2328,none,3,7.0,13.0,3.4,C,-100.0
2329,high,1,14.0,5.0,9.3,C,-14.3
2330,medium,0,17.0,7.0,5.9,A,0.9
2331,,3,1.0,15.0,8.3,A,5.4
2332,low,3,8.0,18.0,8.7,A,15.0
2333,high,2,9.0,1.0,2.1,A,-100.0
2334,none,3,2.0,10.0,9.5,A,11.9
2335,high,2,32.0,3.0,9.4,C,-15.7
2336,none,2,10.0,1.0,3.7,A,-100.0
2337,high,1,13.0,5.0,1.6,C,-100.0
2338,high,1,11.0,1.0,9.1,A,-15.1
2339,low,2,9.0,7.0,3.2,A,-11.4
2340,high,1,26.0,5.0,7.1,A,-100.0
2341,low,2,6.0,37.0,5.6,D,2.4
2342,,2,7.0,19.0,2.0,A,-100.0
2343,medium,1,12.0,17.0,8.2,A,14.1
2344,medium,3,1.0,2.0,1.8,A,-100.0
2345,high,4,4.0,9.0,9.4,A,-13.0
2346,high,0,6.0,3.0,5.7,A,-100.0
2347,none,1,5.0,2.0,6.9,A,-2.6
2348,high,1,17.0,28.0,5.9,A,-100.0
2349,high,1,5.0,4.0,8.5,A,-17.8
2350,low,1,19.0,5.0,7.4,A,10.7
2351,low,1,25.0,3.0,1.2,D,-100.0
2352,medium,0,8.0,26.0,3.6,A,-10.6
2353,none,1,15.0,18.0,6.6,A,-5.1
2354,high,2,5.0,19.0,4.5,B,-100.0
2355,high,0,1.0,9.0,9.7,A,-10.7
2356,high,2,10.0,0.0,1.3,A,-100.0
2357,none,3,10.0,4.0,8.6,A,6.0
2358,low,1,16.0,11.0,4.4,A,-5.4
2359,medium,0,8.0,13.0,8.0,C,13.5
2360,none,1,10.0,11.0,7.1,A,-1.9
2361,low,4,12.0,10.0,5.2,C,-0.9
2362,low,2,2.0,5.0,5.4,A,1.4
2363,medium,1,7.0,39.0,7.4,B,10.4
2364,high,0,12.0,5.0,6.6,C,-100.0
2365,high,2,14.0,37.0,8.9,A,-16.3
2366,low,2,6.0,11.0,3.3,C,-10.5
2367,none,1,6.0,19.0,4.7,A,-14.7
2368,high,1,4.0,6.0,8.7,A,-16.6
2369,medium,0,7.0,13.0,9.3,A,15.0
2370,none,4,,18.0,7.1,C,
2371,medium,2,8.0,8.0,7.0,A,7.7
2372,high,2,26.0,8.0,4.2,C,-100.0
2373,high,0,2.0,11.0,9.1,A,-14.0
2374,medium,2,18.0,5.0,5.6,B,-1.0
2375,low,0,11.0,4.0,8.0,B,14.9
2376,medium,1,13.0,3.0,2.7,B,-16.4
2377,low,3,12.0,16.0,6.6,A,7.0
2378,high,3,22.0,5.0,2.6,C,-100.0
2379,high,1,8.0,5.0,1.6,D,-100.0
2380,high,2,15.0,1.0,4.5,B,-100.0
2381,medium,0,12.0,6.0,2.7,C,-16.2
2382,low,0,13.0,1.0,9.5,A,15.0
2383,low,3,6.0,11.0,7.9,A,14.7
2384,low,2,6.0,26.0,9.6,A,15.0
2385,medium,1,12.0,25.0,4.8,D,-4.5
2386,medium,2,3.0,1.0,9.1,A,15.0
2387,high,1,1.0,26.0,3.6,D,-100.0
2388,none,1,4.0,1.0,9.2,A,10.1
2389,low,1,15.0,35.0,9.4,A,15.0
2390,low,4,16.0,6.0,4.4,B,-5.7
2391,high,1,5.0,18.0,9.6,A,-11.6
2392,medium,3,6.0,1.0,7.9,A,12.7
2393,low,2,4.0,18.0,4.3,C,-4.8
2394,low,1,5.0,6.0,5.2,A,0.1
2395,low,1,27.0,14.0,5.1,A,-2.6
2396,high,1,5.0,0.0,2.0,A,-100.0
2397,low,1,3.0,6.0,2.3,A,-15.7
2398,high,4,25.0,24.0,3.6,A,-100.0
2399,high,2,3.0,18.0,9.5,A,-12.1
2400,high,0,10.0,50.0,5.2,A,-100.0
2401,low,3,2.0,3.0,4.1,A,-5.9
2402,medium,3,18.0,10.0,9.9,D,15.0
2403,high,3,10.0,10.0,9.9,C,-10.8
2404,low,0,31.0,28.0,5.7,A,0.5
2405,none,1,3.0,7.0,9.8,B,13.6
2406,high,1,3.0,6.0,1.7,A,-100.0
2407,medium,3,10.0,3.0,1.8,A,-100.0
2408,none,0,7.0,6.0,9.4,A,11.1
2409,low,0,15.0,14.0,8.6,C,15.0
2410,low,5,2.0,2.0,2.8,A,-13.3
2411,high,2,8.0,19.0,9.9,C,-10.4
2412,low,1,7.0,11.0,7.4,A,12.0
2413,none,1,13.0,0.0,9.2,A,9.2
2414,medium,2,9.0,4.0,2.7,A,-16.1
2415,,4,4.0,3.0,1.8,D,-100.0
2416,none,1,15.0,3.0,6.8,D,-4.2
2417,none,0,19.0,13.0,9.1,A,8.3
2418,high,3,6.0,27.0,6.5,A,-100.0
2419,low,1,6.0,14.0,2.7,B,-13.7
2420,high,1,8.0,9.0,3.2,C,-100.0
2421,low,1,3.0,26.0,4.7,A,-2.3
2422,high,1,,19.0,5.1,C,
2423,low,1,11.0,27.0,7.5,A,12.3
2424,medium,1,10.0,19.0,4.5,C,-6.0
2425,high,0,3.0,12.0,8.1,A,-19.6
2426,none,4,,0.0,8.1,C,
2427,none,2,9.0,6.0,9.9,B,13.4
2428,none,0,5.0,31.0,9.9,A,14.3
2429,low,2,7.0,7.0,9.6,A,15.0
2430,high,2,12.0,6.0,8.1,C,-100.0
2431,medium,1,4.0,0.0,5.9,A,2.1
2432,medium,0,31.0,4.0,8.0,A,11.1
2433,low,0,11.0,10.0,3.6,B,-9.2
2434,medium,0,2.0,2.0,8.5,A,15.0
2435,high,0,3.0,8.0,5.1,A,-100.0
2436,medium,2,4.0,11.0,3.0,A,-13.9
2437,low,0,16.0,1.0,4.8,C,-3.2
2438,high,1,3.0,25.0,9.1,C,-14.1
2439,low,1,8.0,9.0,2.3,A,-16.2
2440,high,1,8.0,16.0,8.8,B,-16.3
2441,high,1,9.0,6.0,8.1,C,-100.0
2442,low,2,2.0,45.0,7.4,A,12.8
2443,high,1,3.0,7.0,1.3,A,-100.0
2444,medium,3,10.0,2.0,5.0,A,-3.7
2445,high,2,9.0,13.0,8.1,A,-100.0
2446,high,1,3.0,2.0,8.5,A,-17.6
2447,none,2,15.0,11.0,2.5,A,-100.0
2448,high,3,11.0,1.0,9.4,A,-13.7
2449,none,0,16.0,14.0,1.5,A,-100.0
2450,low,3,13.0,19.0,8.8,A,15.0
2451,medium,1,7.0,5.0,1.7,A,-100.0
2452,low,5,3.0,9.0,3.2,C,-11.1
2453,high,4,5.0,38.0,1.7,A,-100.0
2454,high,1,4.0,6.0,5.2,A,-100.0
2455,high,2,4.0,36.0,9.3,A,-13.1
2456,,2,7.0,11.0,9.7,A,12.6
2457,low,3,7.0,37.0,8.9,A,15.0
2458,low,1,10.0,0.0,5.0,B,-1.6
2459,medium,0,20.0,40.0,1.9,A,-100.0
2460,high,3,24.0,23.0,6.7,A,-100.0
2461,high,5,10.0,17.0,8.2,A,-100.0
2462,low,2,1.0,18.0,3.2,B,-10.5
2463,high,0,5.0,50.0,2.4,A,-100.0
2464,high,2,2.0,5.0,3.8,A,-100.0
2465,high,4,27.0,3.0,3.7,A,-100.0
2466,low,2,11.0,44.0,9.5,B,15.0
2467,high,0,10.0,1.0,3.2,B,-100.0
2468,medium,0,2.0,4.0,9.3,C,15.0
2469,none,1,11.0,33.0,8.9,A,8.1
2470,low,2,27.0,1.0,3.1,B,-13.8
2471,low,3,2.0,24.0,8.5,B,15.0
2472,medium,5,16.0,10.0,6.8,A,5.5
2473,medium,2,15.0,10.0,1.3,C,-100.0
2474,medium,0,8.0,24.0,1.5,A,-100.0
2475,high,2,5.0,10.0,5.2,A,-100.0
2476,medium,4,2.0,5.0,9.5,A,15.0
2477,,0,7.0,1.0,2.4,A,-100.0
2478,medium,2,2.0,7.0,3.7,A,-9.9
2479,none,0,6.0,2.0,8.7,A,7.3
2480,high,1,7.0,8.0,4.5,A,-100.0
2481,none,0,22.0,35.0,6.0,D,-8.9
2482,low,0,19.0,7.0,9.0,A,15.0
2483,medium,3,14.0,4.0,1.1,A,-100.0
2484,medium,0,8.0,3.0,5.6,C,0.2
2485,low,1,14.0,11.0,8.9,C,15.0
2486,none,3,13.0,17.0,6.8,C,-4.0
2487,high,3,11.0,19.0,8.1,B,-100.0
2488,high,0,4.0,18.0,9.8,A,-10.3
2489,low,2,7.0,16.0,8.3,C,15.0
2490,low,3,4.0,7.0,8.9,C,15.0
2491,high,1,11.0,20.0,9.2,B,-14.4
2492,high,4,7.0,9.0,3.9,A,-100.0
2493,medium,2,4.0,3.0,5.1,A,-2.4
2494,high,3,8.0,22.0,2.6,A,-100.0
2495,medium,0,28.0,8.0,9.5,C,15.0
2496,medium,3,7.0,0.0,6.5,A,4.9
2497,medium,1,0.0,9.0,2.4,A,-16.7
2498,high,1,8.0,6.0,1.3,A,-100.0
2499,high,1,11.0,23.0,1.0,A,-100.0
2500,medium,0,8.0,0.0,2.0,D,-19.7
2501,low,4,12.0,17.0,1.5,C,-100.0
2502,none,1,12.0,1.0,6.6,A,-5.0
2503,low,1,20.0,13.0,7.1,A,9.1
2504,medium,1,14.0,4.0,6.3,A,3.3
2505,low,1,4.0,50.0,4.7,A,-2.1
2506,high,6,6.0,26.0,7.0,A,-100.0
2507,low,0,16.0,6.0,8.7,A,15.0
2508,medium,3,7.0,8.0,6.9,A,7.2
2509,high,2,21.0,1.0,7.8,C,-100.0
2510,high,0,12.0,3.0,9.7,C,-11.8
2511,low,2,2.0,11.0,4.8,D,-1.9
2512,medium,4,7.0,29.0,6.0,B,2.3
2513,low,0,6.0,5.0,7.1,A,10.5
2514,medium,0,11.0,1.0,1.1,B,-100.0
2515,high,3,6.0,9.0,6.2,A,-100.0
2516,medium,0,5.0,5.0,2.3,A,-17.7
2517,low,2,,13.0,5.6,C,
2518,none,1,3.0,17.0,9.0,B,9.3
2519,high,3,15.0,25.0,1.4,A,-100.0
2520,low,1,11.0,50.0,8.2,A,15.0
2521,medium,2,2.0,12.0,5.6,C,0.6
2522,none,2,9.0,24.0,7.5,D,0.4
2523,medium,2,11.0,8.0,7.4,A,9.6
2524,none,0,2.0,1.0,1.5,A,-100.0
2525,medium,4,5.0,9.0,9.5,C,15.0
2526,low,1,1.0,6.0,8.4,A,15.0
2527,medium,1,6.0,41.0,9.5,A,15.0
2528,none,1,24.0,8.0,2.2,A,-100.0
2529,high,1,10.0,3.0,2.2,C,-100.0
2530,low,3,9.0,16.0,8.7,A,15.0
2531,none,0,25.0,36.0,9.4,C,9.6
2532,high,1,16.0,19.0,8.1,A,-100.0
2533,medium,2,6.0,7.0,9.0,B,15.0
2534,none,3,2.0,17.0,8.9,A,8.6
2535,low,3,9.0,12.0,8.3,A,15.0
2536,medium,3,4.0,22.0,1.4,B,-100.0
2537,low,1,6.0,40.0,2.0,C,-17.3
2538,low,3,10.0,7.0,1.4,A,-100.0
2539,none,0,10.0,31.0,8.0,A,3.3
2540,medium,2,4.0,8.0,8.3,A,15.0
2541,medium,1,4.0,12.0,2.5,C,-16.5
2542,low,0,10.0,5.0,3.2,C,-11.3
2543,low,0,3.0,48.0,6.9,A,10.1
2544,none,0,9.0,4.0,7.8,B,2.0
2545,medium,2,4.0,24.0,3.7,C,-9.9
2546,low,1,17.0,13.0,9.1,A,15.0
2547,medium,1,3.0,2.0,7.4,C,10.4
2548,high,1,9.0,20.0,5.2,A,-100.0
2549,none,1,11.0,16.0,6.2,C,-6.9
2550,high,1,6.0,9.0,9.6,B,-11.8
2551,medium,1,3.0,50.0,2.1,A,-18.2
2552,none,3,8.0,1.0,8.6,A,6.2
2553,none,2,9.0,8.0,8.2,A,4.1
2554,medium,0,15.0,8.0,3.1,A,-14.2
2555,medium,4,22.0,15.0,8.2,C,12.8
2556,medium,2,12.0,0.0,7.2,C,8.3
2557,high,0,10.0,11.0,3.8,B,-100.0
2558,none,1,12.0,7.0,5.1,A,-13.2
2559,medium,1,3.0,0.0,8.7,A,15.0
2560,low,1,6.0,19.0,1.0,A,-100.0
2561,medium,2,17.0,7.0,1.6,A,-100.0
2562,none,3,6.0,9.0,3.8,A,-19.9
2563,medium,2,13.0,29.0,7.7,A,11.3
2564,none,4,8.0,17.0,8.6,A,6.3
2565,high,1,3.0,12.0,3.7,B,-100.0
2566,none,0,2.0,3.0,9.2,A,10.4
2567,high,2,6.0,3.0,2.4,A,-100.0
2568,medium,3,10.0,39.0,7.0,C,7.7
2569,high,2,4.0,10.0,7.5,A,-100.0
2570,low,4,5.0,5.0,1.9,D,-18.4
2571,none,2,2.0,31.0,1.3,A,-100.0
2572,high,2,1.0,2.0,5.2,C,-100.0
2573,high,0,8.0,3.0,6.1,A,-100.0
2574,low,0,12.0,2.0,4.4,B,-5.0
2575,none,1,3.0,12.0,2.3,C,-100.0
2576,low,0,2.0,7.0,8.6,A,15.0
2577,high,1,10.0,7.0,2.4,A,-100.0
2578,low,3,5.0,34.0,3.4,C,-9.8
2579,low,1,8.0,3.0,1.4,C,-100.0
2580,high,1,2.0,14.0,9.6,A,-11.4
2581,low,2,8.0,11.0,4.9,C,-1.9
2582,high,5,12.0,9.0,9.6,A,-12.8
2583,low,2,4.0,17.0,9.7,B,15.0
2584,none,3,7.0,9.0,1.8,A,-100.0
2585,high,1,6.0,19.0,3.5,A,-100.0
2586,medium,1,7.0,11.0,8.6,B,15.0
2587,high,0,11.0,30.0,8.5,D,-18.0
2588,medium,0,6.0,2.0,8.7,A,15.0
2589,none,4,3.0,23.0,7.1,B,-1.4
2590,high,1,15.0,2.0,7.8,A,-100.0
2591,high,0,26.0,8.0,2.8,C,-100.0
2592,low,2,9.0,10.0,8.1,A,15.0
2593,low,0,12.0,14.0,3.2,A,-11.5
2594,none,3,11.0,0.0,8.1,A,3.2
2595,high,0,18.0,8.0,8.8,B,-17.3
2596,none,0,15.0,23.0,1.1,A,-100.0
2597,low,1,26.0,0.0,9.6,D,15.0
2598,high,3,15.0,4.0,6.3,A,-100.0
2599,medium,1,2.0,11.0,,D,
2600,high,0,31.0,35.0,4.9,A,-100.0
2601,high,4,14.0,1.0,3.7,A,-100.0
2602,medium,0,2.0,4.0,3.0,A,-13.5
2603,medium,0,9.0,3.0,8.6,B,15.0
2604,medium,1,11.0,3.0,8.7,D,15.0
2605,medium,3,10.0,9.0,8.5,A,15.0
2606,low,1,18.0,8.0,5.4,A,-0.1
2607,low,1,6.0,21.0,8.5,B,15.0
2608,medium,4,10.0,7.0,5.7,C,0.1
2609,high,2,10.0,50.0,1.5,C,-100.0
2610,none,1,12.0,39.0,8.5,B,5.8
2611,high,1,4.0,19.0,9.2,A,-13.7
2612,low,1,10.0,2.0,9.1,A,15.0
2613,medium,0,3.0,6.0,6.5,A,5.6
2614,low,1,22.0,2.0,6.2,A,3.8
2615,none,3,13.0,10.0,5.0,C,-14.0
2616,high,4,3.0,19.0,6.6,A,-100.0
2617,high,2,22.0,14.0,2.5,A,-100.0
2618,low,2,14.0,11.0,6.3,B,5.2
2619,medium,1,2.0,1.0,6.8,A,7.2
2620,low,1,5.0,15.0,2.9,A,-12.5
2621,high,1,10.0,3.0,8.8,D,-16.7
2622,low,3,14.0,4.0,7.9,C,13.8
2623,medium,1,5.0,12.0,7.6,A,11.4
2624,high,2,3.0,19.0,3.9,C,-100.0
2625,high,3,4.0,6.0,6.0,C,-100.0
2626,medium,1,5.0,3.0,7.1,C,8.6
2627,medium,2,2.0,1.0,2.6,C,-16.0
2628,high,1,8.0,4.0,2.3,A,-100.0
2629,low,1,4.0,26.0,2.8,A,-12.8
2630,none,1,4.0,2.0,9.2,A,10.1
2631,low,0,14.0,17.0,4.8,A,-2.8
2632,high,2,4.0,20.0,4.5,A,-100.0
2633,high,2,9.0,8.0,9.8,D,-11.1
2634,high,1,5.0,50.0,1.6,C,-100.0
2635,low,2,5.0,9.0,6.3,A,6.0
2636,low,0,8.0,16.0,2.7,A,-13.8
2637,high,2,4.0,5.0,3.3,A,-100.0
2638,medium,3,11.0,34.0,9.5,C,15.0
2639,high,1,9.0,17.0,,D,
2640,none,1,16.0,9.0,1.9,A,-100.0
2641,high,1,22.0,0.0,3.6,A,-100.0
2642,low,0,15.0,12.0,3.7,A,-9.0
2643,low,1,6.0,14.0,3.4,A,-9.9
2644,high,2,12.0,3.0,8.3,C,-19.7
2645,medium,1,6.0,2.0,5.7,A,0.8
2646,none,1,9.0,8.0,9.5,A,11.3
2647,none,3,2.0,23.0,9.8,C,13.6
2648,,2,3.0,15.0,9.4,A,11.3
2649,high,2,20.0,49.0,9.6,A,-12.9
2650,,4,16.0,1.0,8.1,A,2.6
2651,medium,1,13.0,16.0,2.9,A,-15.2
2652,high,1,14.0,27.0,5.1,A,-100.0
2653,medium,3,30.0,21.0,6.6,A,3.3
2654,low,2,16.0,11.0,1.1,A,-100.0
2655,high,3,2.0,50.0,9.1,A,-14.0
2656,low,1,2.0,10.0,4.4,A,-4.0
2657,medium,2,16.0,13.0,8.2,A,13.5
2658,high,5,17.0,16.0,9.4,C,-14.3
2659,low,4,7.0,22.0,5.7,C,2.5
2660,high,0,5.0,9.0,6.3,A,-100.0
2661,medium,1,20.0,21.0,8.5,A,15.0
2662,none,0,3.0,4.0,8.1,A,4.3
2663,medium,1,7.0,10.0,5.9,C,1.9
2664,high,0,21.0,50.0,9.7,A,-12.3
2665,low,1,14.0,14.0,8.7,A,15.0
2666,high,1,8.0,0.0,3.9,A,-100.0
2667,medium,1,9.0,13.0,2.1,A,-19.2
2668,low,1,10.0,27.0,8.5,A,15.0
2669,medium,0,19.0,3.0,4.3,D,-8.1
2670,low,2,1.0,10.0,3.6,B,-8.4
2671,low,1,10.0,1.0,1.4,A,-100.0
2672,high,3,3.0,10.0,5.4,A,-100.0
2673,medium,0,9.0,14.0,6.0,C,2.4
2674,medium,0,16.0,3.0,1.9,A,-100.0
2675,low,0,8.0,13.0,8.4,A,15.0
2676,low,0,15.0,3.0,9.8,A,15.0
2677,none,4,3.0,17.0,2.5,B,-100.0
2678,high,4,3.0,9.0,8.6,A,-17.3
2679,low,0,7.0,6.0,6.5,A,7.1
2680,high,4,5.0,16.0,8.5,A,-18.0
2681,medium,1,10.0,15.0,6.9,B,7.1
2682,low,3,14.0,4.0,2.5,A,-15.9
2683,high,2,7.0,2.0,9.0,B,-15.4
2684,high,2,20.0,9.0,7.1,A,-100.0
2685,none,1,1.0,1.0,1.6,A,-100.0
2686,medium,0,1.0,4.0,,A,
2687,high,0,13.0,35.0,2.9,C,-100.0
2688,none,4,17.0,3.0,1.2,A,-100.0
2689,low,2,6.0,1.0,2.1,C,-17.2
2690,low,1,4.0,1.0,8.9,A,15.0
2691,medium,1,7.0,8.0,5.1,D,-2.5
2692,medium,1,10.0,17.0,3.0,A,-14.3
2693,high,0,6.0,6.0,1.8,A,-100.0
2694,high,0,12.0,5.0,8.6,B,-17.8
2695,medium,4,10.0,15.0,1.2,C,-100.0
2696,low,2,7.0,2.0,7.1,A,10.2
2697,high,1,10.0,12.0,9.3,A,-13.8
2698,medium,2,17.0,0.0,1.7,A,-100.0
2699,high,2,7.0,8.0,4.6,A,-100.0
2700,high,1,5.0,14.0,2.6,B,-100.0
2701,none,1,4.0,11.0,9.5,A,11.9
2702,medium,2,19.0,1.0,8.1,A,12.6
2703,medium,2,4.0,20.0,2.0,C,-19.3
2704,high,1,14.0,6.0,9.5,A,-13.2
2705,low,1,8.0,5.0,7.3,B,11.3
2706,none,0,40.0,15.0,8.0,C,0.1
2707,high,1,28.0,4.0,9.9,A,-12.4
2708,low,4,5.0,5.0,3.8,A,-7.9
2709,none,2,3.0,17.0,4.8,A,-13.9
2710,high,3,6.0,1.0,8.9,A,-15.9
2711,medium,0,21.0,8.0,8.3,A,13.8
2712,high,0,9.0,18.0,9.6,A,-11.9
2713,medium,2,3.0,4.0,2.9,B,-14.4
2714,high,3,2.0,7.0,2.2,C,-100.0
2715,low,2,4.0,9.0,6.5,C,7.2
2716,high,1,3.0,17.0,4.1,C,-100.0
2717,low,4,16.0,2.0,2.6,A,-15.7
2718,medium,4,4.0,10.0,3.3,B,-12.4
2719,medium,3,25.0,17.0,7.3,A,7.6
2720,medium,4,,19.0,1.1,C,
2721,high,3,13.0,4.0,4.9,A,-100.0
2722,medium,2,18.0,23.0,3.6,C,-11.8
2723,medium,3,14.0,50.0,3.6,A,-11.3
2724,medium,2,13.0,2.0,7.4,C,9.3
2725,none,1,1.0,50.0,2.3,A,-100.0
2726,low,2,8.0,0.0,2.5,A,-15.2
2727,low,2,12.0,13.0,7.6,A,12.5
2728,low,0,12.0,20.0,9.5,A,15.0
2729,high,1,14.0,7.0,7.5,A,-100.0
2730,high,0,6.0,17.0,9.2,A,-13.8
2731,medium,4,14.0,23.0,9.4,A,15.0
2732,medium,2,8.0,15.0,9.2,A,15.0
2733,low,2,13.0,0.0,8.7,A,15.0
2734,high,3,1.0,2.0,4.6,A,-100.0
2735,medium,5,,3.0,5.9,C,
2736,high,1,20.0,17.0,9.5,B,-13.7
2737,medium,0,8.0,14.0,1.2,A,-100.0
2738,low,2,15.0,21.0,6.4,A,5.7
2739,low,0,,6.0,9.8,C,
2740,high,1,8.0,5.0,9.0,C,-15.4
2741,high,2,13.0,10.0,8.9,A,-16.5
2742,low,2,6.0,8.0,7.4,A,12.0
2743,medium,0,4.0,15.0,8.9,A,15.0
2744,low,2,19.0,27.0,2.1,C,-18.3
2745,none,0,24.0,1.0,8.5,A,4.4
2746,high,1,18.0,2.0,4.3,A,-100.0
2747,none,2,3.0,7.0,1.5,A,-100.0
2748,medium,1,14.0,12.0,6.1,D,2.3
2749,low,2,3.0,2.0,1.3,A,-100.0
2750,low,1,19.0,16.0,9.3,B,15.0
2751,none,1,25.0,2.0,9.3,A,8.6
2752,medium,2,24.0,22.0,2.7,C,-17.4
2753,high,1,9.0,7.0,6.8,A,-100.0
2754,high,2,14.0,4.0,8.4,A,-19.4
2755,high,1,11.0,10.0,6.3,A,-100.0
2756,high,1,1.0,4.0,9.1,A,-14.1
2757,medium,1,18.0,2.0,2.3,A,-19.1
2758,high,2,10.0,40.0,6.5,C,-100.0
2759,high,0,5.0,28.0,5.7,A,-100.0
2760,high,1,15.0,50.0,9.8,A,-11.2
2761,medium,6,22.0,2.0,6.3,A,2.0
2762,low,1,10.0,7.0,4.3,A,-5.4
2763,high,2,11.0,19.0,7.4,A,-100.0
2764,none,0,3.0,23.0,8.7,A,7.8
2765,high,0,10.0,13.0,1.7,A,-100.0
2766,low,2,8.0,25.0,2.3,B,-16.1
2767,high,0,8.0,23.0,8.0,A,-100.0
2768,none,2,6.0,4.0,1.6,A,-100.0
2769,medium,1,23.0,22.0,3.4,A,-13.4
2770,medium,1,6.0,31.0,9.1,C,15.0
2771,medium,2,13.0,13.0,4.9,A,-4.3
2772,high,2,12.0,6.0,9.8,A,-11.4
2773,low,1,7.0,20.0,1.6,A,-19.8
2774,low,3,11.0,8.0,6.9,D,8.6
2775,high,3,26.0,10.0,9.7,A,-13.5
2776,low,0,19.0,9.0,3.5,A,-10.6
2777,high,1,0.0,30.0,9.1,A,-13.7
2778,low,3,13.0,9.0,3.6,A,-9.7
2779,none,1,3.0,22.0,9.5,A,12.1
2780,high,1,6.0,2.0,7.5,C,-100.0
2781,high,0,19.0,49.0,9.3,A,-14.3
2782,high,2,13.0,9.0,1.2,A,-100.0
2783,low,2,9.0,12.0,1.9,A,-18.5
2784,medium,1,10.0,5.0,5.3,A,-1.8
2785,medium,2,7.0,30.0,6.7,A,6.4
2786,low,1,9.0,0.0,8.3,A,15.0
2787,none,2,5.0,6.0,9.6,C,12.2
2788,medium,3,14.0,37.0,9.5,B,15.0
2789,none,2,11.0,1.0,9.1,A,8.8
2790,medium,4,14.0,2.0,3.6,A,-11.9
2791,high,0,11.0,24.0,4.6,A,-100.0
2792,low,3,6.0,2.0,2.6,A,-14.6
2793,medium,4,7.0,13.0,1.7,C,-100.0
2794,none,0,13.0,20.0,9.9,A,13.3
2795,high,0,20.0,0.0,7.2,A,-100.0
2796,low,2,2.0,8.0,1.3,A,-100.0
2797,high,3,16.0,8.0,2.6,C,-100.0
2798,medium,0,5.0,5.0,6.1,A,3.2
2799,medium,0,5.0,6.0,7.6,C,11.5
2800,low,1,15.0,11.0,1.2,C,-100.0
2801,none,2,31.0,17.0,8.2,A,2.0
2802,low,0,2.0,8.0,6.1,A,5.4
2803,none,1,5.0,5.0,4.9,A,-13.6
2804,high,3,3.0,8.0,8.9,A,-15.6
2805,high,3,2.0,4.0,2.3,B,-100.0
2806,high,2,7.0,17.0,6.9,A,-100.0
2807,high,4,4.0,4.0,5.3,B,-100.0
2808,low,4,13.0,38.0,3.8,C,-8.4
2809,high,4,13.0,1.0,2.0,B,-100.0
2810,high,0,21.0,6.0,1.6,A,-100.0
2811,medium,0,15.0,5.0,9.9,A,15.0
2812,medium,2,6.0,3.0,3.5,A,-11.4
2813,medium,2,13.0,3.0,9.5,C,15.0
2814,low,1,4.0,1.0,2.2,A,-16.4
2815,medium,0,1.0,2.0,1.0,A,-100.0
2816,medium,3,21.0,1.0,1.1,A,-100.0
2817,high,1,20.0,18.0,9.6,A,-13.1
2818,medium,1,8.0,6.0,8.7,B,15.0
2819,high,1,9.0,8.0,9.9,A,-10.5
2820,medium,4,23.0,1.0,1.8,C,-100.0
2821,low,0,7.0,2.0,3.0,B,-12.2
2822,medium,1,7.0,2.0,8.5,A,15.0
2823,high,1,6.0,12.0,7.5,A,-100.0
2824,medium,2,6.0,11.0,8.9,A,15.0
2825,low,1,7.0,8.0,7.8,A,14.2
2826,,1,10.0,0.0,8.0,A,2.9
2827,medium,3,4.0,1.0,9.2,A,15.0
2828,low,1,12.0,7.0,9.5,A,15.0
2829,high,0,12.0,14.0,3.4,D,-100.0
2830,high,2,21.0,13.0,5.6,C,-100.0
2831,high,5,14.0,8.0,9.4,A,-14.1
2832,high,0,0.0,1.0,7.1,A,-100.0
2833,low,4,12.0,20.0,8.6,A,15.0
2834,high,0,25.0,11.0,4.9,A,-100.0
2835,high,3,3.0,3.0,1.1,C,-100.0
2836,high,2,27.0,8.0,6.7,D,-100.0
2837,medium,1,1.0,20.0,1.7,A,-100.0
2838,none,2,14.0,26.0,3.1,A,-100.0
2839,medium,2,12.0,20.0,4.2,C,-8.0
2840,high,2,5.0,4.0,9.3,A,-13.5
2841,medium,2,11.0,7.0,3.3,C,-13.0
2842,medium,1,9.0,1.0,8.7,A,15.0
2843,low,1,11.0,1.0,8.5,B,15.0
2844,high,0,8.0,19.0,4.1,A,-100.0
2845,medium,0,2.0,41.0,4.7,C,-3.8
2846,none,4,5.0,9.0,8.8,A,7.6
2847,high,0,10.0,0.0,2.0,A,-100.0
2848,low,0,26.0,24.0,6.8,C,7.0
2849,low,1,10.0,7.0,3.9,A,-7.6
2850,low,3,3.0,2.0,5.8,A,3.3
2851,low,2,11.0,5.0,5.9,A,3.2
2852,low,1,2.0,4.0,7.4,A,12.4
2853,high,2,8.0,8.0,8.9,B,-16.0
2854,medium,1,19.0,12.0,9.0,A,15.0
2855,low,0,17.0,14.0,2.4,A,-16.4
2856,medium,2,2.0,10.0,3.9,A,-8.7
2857,medium,1,12.0,50.0,9.8,A,15.0
2858,low,0,5.0,50.0,9.7,C,15.0
2859,low,1,15.0,13.0,9.5,A,15.0
2860,low,3,6.0,16.0,2.8,A,-13.3
2861,none,2,14.0,6.0,9.1,A,8.5
2862,none,2,11.0,11.0,3.4,A,-100.0
2863,none,5,7.0,9.0,9.3,B,10.0
2864,high,4,2.0,5.0,2.0,C,-100.0
2865,low,2,6.0,3.0,2.0,A,-17.8
2866,low,0,4.0,13.0,3.0,C,-11.8
2867,none,0,1.0,37.0,2.5,B,-100.0
2868,medium,3,12.0,2.0,9.5,A,15.0
2869,low,0,3.0,18.0,9.4,C,15.0
2870,high,1,3.0,2.0,3.6,C,-100.0
2871,medium,1,13.0,2.0,2.7,A,-16.4
2872,none,2,5.0,2.0,3.4,A,-100.0
2873,low,1,21.0,30.0,5.1,C,-1.8
2874,high,5,17.0,1.0,3.3,C,-100.0
2875,high,0,8.0,46.0,1.2,C,-100.0
2876,low,1,1.0,6.0,5.4,A,1.6
2877,high,1,7.0,17.0,8.2,A,-19.5
2878,low,1,10.0,10.0,8.7,B,15.0
2879,low,2,3.0,1.0,9.5,A,15.0
2880,medium,2,9.0,2.0,8.4,B,15.0
2881,high,2,8.0,17.0,4.7,C,-100.0
2882,medium,1,14.0,9.0,7.9,B,12.2
2883,none,0,4.0,23.0,9.6,A,12.6
2884,low,1,4.0,7.0,1.9,C,-18.0
2885,high,1,1.0,17.0,8.2,A,-18.9
2886,medium,1,28.0,14.0,8.8,A,15.0
2887,high,2,30.0,5.0,9.1,A,-17.1
2888,medium,2,4.0,31.0,2.6,C,-15.9
2889,low,2,1.0,27.0,8.0,C,15.0
2890,none,0,14.0,1.0,7.8,D,1.5
2891,medium,1,14.0,4.0,8.4,B,14.9
2892,low,0,3.0,3.0,9.2,A,15.0
2893,low,0,24.0,11.0,3.0,A,-13.8
2894,none,1,11.0,6.0,4.6,C,-15.8
2895,high,1,24.0,5.0,8.1,A,-100.0
2896,medium,0,12.0,5.0,3.5,C,-11.8
2897,medium,2,4.0,16.0,3.8,A,-9.4
2898,low,2,8.0,21.0,9.8,D,15.0
2899,medium,1,2.0,2.0,8.9,A,15.0
2900,,0,2.0,30.0,8.4,C,6.3
2901,high,1,12.0,25.0,2.4,A,-100.0
2902,medium,2,15.0,4.0,1.6,C,-100.0
2903,high,1,12.0,25.0,6.2,B,-100.0
2904,low,3,32.0,29.0,5.8,A,0.7
2905,medium,1,19.0,16.0,1.3,C,-100.0
2906,none,3,5.0,24.0,6.3,B,-5.9
2907,low,1,2.0,8.0,3.3,A,-10.1
2908,high,0,17.0,24.0,8.3,B,-19.8
2909,medium,1,6.0,9.0,1.1,C,-100.0
2910,medium,2,9.0,5.0,9.7,A,15.0
2911,none,4,7.0,4.0,9.2,A,9.5
2912,none,0,4.0,19.0,4.5,C,-15.5
2913,medium,3,4.0,0.0,5.7,A,0.8
2914,high,2,5.0,4.0,7.6,A,-100.0
2915,high,1,4.0,44.0,7.9,C,-100.0
2916,medium,2,5.0,4.0,1.2,C,-100.0
2917,low,2,6.0,1.0,1.5,A,-100.0
2918,high,2,17.0,1.0,8.4,A,-19.7
2919,medium,2,7.0,12.0,8.3,A,15.0
2920,,2,5.0,0.0,5.9,C,-8.2
2921,medium,3,6.0,6.0,4.7,A,-4.9
2922,low,0,5.0,18.0,9.8,A,15.0
2923,high,0,4.0,2.0,7.0,C,-100.0
2924,low,2,12.0,6.0,6.2,C,4.8
2925,high,0,2.0,13.0,5.1,A,-100.0
2926,low,1,2.0,2.0,5.9,C,4.2
2927,medium,0,7.0,1.0,7.1,A,8.5
2928,high,1,7.0,14.0,1.7,A,-100.0
2929,high,2,21.0,0.0,2.8,A,-100.0
2930,medium,1,9.0,7.0,4.9,A,-3.9
2931,high,2,3.0,8.0,8.3,A,-18.8
2932,high,4,4.0,17.0,4.6,C,-100.0
2933,high,3,8.0,19.0,1.2,A,-100.0
2934,high,4,31.0,2.0,9.3,A,-16.3
2935,low,1,3.0,24.0,9.5,D,15.0
2936,medium,1,10.0,23.0,4.5,A,-6.0
2937,high,1,20.0,1.0,2.8,B,-100.0
2938,medium,1,11.0,4.0,6.3,A,3.6
2939,none,1,5.0,11.0,9.4,D,11.2
2940,low,2,7.0,11.0,5.5,C,1.5
2941,low,1,8.0,1.0,9.4,A,15.0
2942,low,0,10.0,23.0,7.2,A,10.8
2943,low,1,29.0,21.0,3.5,C,-11.5
2944,none,0,11.0,13.0,8.9,B,8.0
2945,high,2,11.0,20.0,2.6,A,-100.0
2946,medium,2,16.0,0.0,2.0,B,-100.0
2947,medium,3,5.0,10.0,1.1,A,-100.0
2948,low,1,11.0,25.0,9.7,A,15.0
2949,low,2,10.0,10.0,3.4,A,-10.4
2950,low,0,7.0,15.0,4.8,A,-2.1
2951,low,0,32.0,6.0,1.1,A,-100.0
2952,low,3,3.0,23.0,9.2,C,15.0
2953,low,1,8.0,3.0,2.4,A,-15.7
2954,none,0,4.0,25.0,8.1,A,4.4
2955,low,0,5.0,21.0,3.7,C,-7.9
2956,low,3,6.0,3.0,1.0,B,-100.0
2957,high,1,1.0,14.0,3.8,A,-100.0
2958,low,1,10.0,2.0,6.7,A,7.8
2959,high,1,4.0,41.0,4.8,A,-100.0
2960,medium,2,14.0,11.0,2.8,A,-16.0
2961,low,1,18.0,13.0,8.1,B,14.8
2962,medium,2,9.0,12.0,9.7,A,15.0
2963,high,0,6.0,9.0,3.4,A,-100.0
2964,medium,2,4.0,5.0,8.6,A,15.0
2965,medium,0,12.0,20.0,4.2,A,-7.8
2966,high,0,10.0,0.0,5.8,A,-100.0
2967,medium,2,16.0,6.0,1.6,A,-100.0
2968,high,0,1.0,8.0,3.6,A,-100.0
2969,high,2,15.0,3.0,8.7,A,-17.8
2970,none,1,9.0,1.0,5.7,A,-9.6
2971,low,4,8.0,11.0,9.2,C,15.0
2972,medium,0,10.0,5.0,5.9,C,1.6
2973,high,0,8.0,5.0,7.4,A,-100.0
2974,medium,1,6.0,20.0,2.5,D,-16.6
2975,low,1,3.0,6.0,5.1,A,-0.3
2976,medium,2,13.0,6.0,9.3,A,15.0
2977,low,4,8.0,6.0,7.7,B,13.2
2978,low,0,22.0,5.0,2.2,A,-18.0
2979,,3,4.0,11.0,4.7,A,-14.7
2980,medium,1,10.0,0.0,2.4,A,-17.8
2981,high,1,14.0,25.0,4.5,A,-100.0
2982,low,1,16.0,5.0,3.7,A,-9.3
2983,,1,7.0,1.0,5.9,A,-8.3
2984,high,1,8.0,14.0,5.2,C,-100.0
2985,low,3,5.0,14.0,1.7,A,-19.3
2986,high,3,11.0,27.0,8.9,A,-16.2
2987,low,0,5.0,17.0,2.7,A,-13.5
2988,none,3,11.0,1.0,4.7,A,-15.5
2989,low,2,6.0,4.0,1.3,B,-100.0
2990,,1,12.0,13.0,4.3,C,-17.5
2991,low,2,4.0,6.0,6.3,A,6.1
2992,high,1,5.0,1.0,8.5,A,-17.8
2993,medium,0,5.0,1.0,6.3,A,4.3
2994,high,3,6.0,11.0,3.5,C,-100.0
2995,low,2,2.0,0.0,8.6,A,15.0
2996,none,2,7.0,16.0,4.5,A,-16.0
2997,low,1,28.0,1.0,1.4,A,-100.0
2998,medium,2,11.0,14.0,2.4,C,-17.8
2999,low,1,3.0,11.0,8.7,C,15.0
3000,medium,0,12.0,40.0,1.3,A,-100.0
3001,medium,2,8.0,3.0,2.8,B,-15.4
3002,none,1,3.0,15.0,4.3,B,-16.6
3003,high,0,18.0,0.0,2.3,A,-100.0
3004,low,3,20.0,6.0,9.9,A,15.0
3005,medium,1,3.0,9.0,8.9,C,15.0
3006,low,0,12.0,3.0,9.9,B,15.0
3007,high,4,3.0,10.0,3.7,A,-100.0
3008,medium,2,21.0,28.0,8.6,C,15.0
3009,low,2,2.0,4.0,3.1,A,-11.3
3010,medium,2,3.0,9.0,7.9,A,13.2
3011,high,1,2.0,8.0,1.2,B,-100.0
3012,high,2,13.0,4.0,5.6,A,-100.0
3013,medium,0,4.0,3.0,2.8,A,-14.8
3014,high,4,14.0,0.0,9.0,D,-16.3
3015,medium,2,14.0,6.0,9.3,A,15.0
3016,high,1,15.0,13.0,9.8,A,-11.6
3017,low,0,11.0,38.0,5.0,C,-1.2
3018,high,1,10.0,9.0,5.9,A,-100.0
3019,high,2,12.0,9.0,1.3,A,-100.0
3020,medium,0,27.0,2.0,5.1,C,-4.5
3021,low,2,4.0,13.0,9.2,A,15.0
3022,medium,0,3.0,4.0,9.2,A,15.0
3023,high,2,30.0,15.0,8.9,A,-18.1
3024,none,0,5.0,0.0,3.9,A,-19.0
3025,,0,3.0,50.0,5.1,A,-11.7
3026,medium,2,9.0,8.0,9.9,A,15.0
3027,low,2,14.0,5.0,1.7,A,-100.0
3028,high,2,14.0,2.0,8.5,A,-18.8
3029,low,1,10.0,8.0,3.4,A,-10.3
3030,low,1,19.0,7.0,9.0,A,15.0
3031,none,1,9.0,47.0,9.3,A,10.6
3032,low,0,9.0,26.0,3.1,A,-11.6
3033,medium,1,3.0,3.0,5.1,C,-2.2
3034,high,1,5.0,6.0,7.6,C,-100.0
3035,low,2,13.0,25.0,4.7,D,-3.4
3036,low,3,3.0,10.0,4.5,C,-3.8
3037,high,3,2.0,21.0,4.0,A,-100.0
3038,high,1,8.0,1.0,4.9,A,-100.0
3039,low,1,11.0,11.0,9.8,A,15.0
3040,medium,2,11.0,23.0,4.6,A,-5.6
3041,high,2,13.0,2.0,2.0,A,-100.0
3042,medium,2,1.0,17.0,,C,
3043,low,0,40.0,4.0,9.9,A,15.0
3044,low,2,7.0,4.0,2.4,C,-15.7
3045,low,0,12.0,20.0,6.2,A,5.1
3046,medium,1,8.0,6.0,6.9,A,7.2
3047,none,0,9.0,7.0,7.3,A,-0.7
3048,medium,0,16.0,9.0,8.2,A,13.7
3049,high,1,7.0,11.0,8.8,A,-16.3
3050,low,3,6.0,14.0,8.7,C,15.0
3051,none,0,3.0,7.0,9.7,A,13.1
3052,high,3,5.0,0.0,5.7,A,-100.0
3053,high,0,33.0,3.0,7.2,C,-100.0
3054,medium,0,11.0,21.0,3.2,A,-13.2
3055,high,0,10.0,19.0,8.5,A,-18.1
3056,low,0,10.0,13.0,9.4,A,15.0
3057,medium,1,10.0,15.0,7.9,A,12.6
3058,medium,2,8.0,50.0,8.3,A,15.0
3059,high,2,9.0,16.0,4.0,A,-100.0
3060,high,2,12.0,21.0,8.1,A,-100.0
3061,medium,1,12.0,5.0,5.0,A,-3.6
3062,medium,2,4.0,0.0,9.7,A,15.0
3063,low,0,5.0,9.0,6.9,C,9.5
3064,none,3,3.0,6.0,9.0,A,9.0
3065,medium,2,2.0,5.0,4.8,D,-3.8
3066,medium,0,15.0,20.0,6.1,A,2.4
3067,high,2,37.0,9.0,3.5,A,-100.0
3068,low,1,16.0,10.0,9.9,A,15.0
3069,medium,1,6.0,8.0,9.9,A,15.0
3070,medium,2,6.0,15.0,9.8,A,15.0
3071,high,1,10.0,0.0,3.5,A,-100.0
3072,none,2,6.0,0.0,2.9,A,-100.0
3073,high,0,6.0,9.0,8.1,A,-20.0
3074,medium,0,2.0,21.0,5.5,C,0.4
3075,high,3,8.0,11.0,8.5,C,-18.2
3076,,1,2.0,0.0,1.8,A,-100.0
3077,low,1,8.0,8.0,1.4,A,-100.0
3078,none,0,4.0,18.0,1.8,A,-100.0
3079,medium,2,22.0,7.0,1.6,B,-100.0
3080,high,1,2.0,33.0,2.9,B,-100.0
3081,low,2,1.0,9.0,1.0,A,-100.0
3082,high,1,9.0,24.0,9.6,A,-12.0
3083,low,0,15.0,11.0,1.4,A,-100.0
3084,low,2,13.0,2.0,6.6,C,6.8
3085,high,1,13.0,21.0,8.5,A,-18.4
3086,low,0,10.0,1.0,2.3,A,-16.3
3087,high,2,15.0,14.0,1.3,C,-100.0
3088,high,1,10.0,14.0,3.2,A,-100.0
3089,medium,4,13.0,10.0,2.1,A,-19.9
3090,high,1,21.0,19.0,8.1,A,-100.0
3091,high,3,4.0,3.0,7.7,A,-100.0
3092,low,1,6.0,1.0,5.7,A,2.7
3093,medium,1,23.0,4.0,2.5,A,-18.5
3094,high,1,6.0,4.0,9.6,A,-11.9
3095,low,0,6.0,25.0,5.1,A,-0.3
3096,high,1,9.0,6.0,9.1,A,-14.9
3097,medium,4,8.0,7.0,,D,
3098,high,4,13.0,27.0,8.8,A,-17.0
3099,high,0,15.0,4.0,8.4,D,-19.3
3100,medium,1,18.0,2.0,9.3,C,15.0
3101,low,3,12.0,9.0,9.4,A,15.0
3102,none,5,29.0,20.0,5.6,C,-12.4
3103,low,1,1.0,50.0,3.3,A,-9.6
3104,low,0,13.0,6.0,1.3,C,-100.0
3105,high,1,11.0,10.0,1.9,C,-100.0
3106,low,1,6.0,3.0,8.0,C,15.0
3107,high,1,5.0,11.0,5.7,A,-100.0
3108,low,4,8.0,31.0,8.8,A,15.0
3109,high,1,6.0,6.0,2.9,A,-100.0
3110,medium,2,16.0,50.0,6.3,A,3.5
3111,low,1,6.0,11.0,9.1,A,15.0
3112,high,1,15.0,15.0,3.5,D,-100.0
3113,medium,0,9.0,8.0,2.8,A,-15.3
3114,high,0,2.0,17.0,8.7,A,-16.2
3115,high,0,13.0,4.0,8.0,A,-100.0
3116,medium,1,4.0,5.0,5.8,C,1.6
3117,high,1,2.0,5.0,5.2,C,-100.0
3118,high,2,8.0,2.0,1.5,A,-100.0
3119,high,0,5.0,9.0,9.1,A,-14.4
3120,low,0,12.0,7.0,9.3,A,15.0
3121,,2,8.0,31.0,2.3,A,-100.0
3122,low,1,11.0,3.0,5.0,C,-1.7
3123,medium,2,16.0,1.0,2.0,B,-100.0
3124,none,4,5.0,12.0,9.7,A,12.6
3125,medium,3,5.0,10.0,4.3,C,-6.9
3126,high,2,17.0,2.0,1.8,C,-100.0
3127,low,0,0.0,1.0,2.2,C,-15.9
3128,none,3,3.0,6.0,3.7,A,-100.0
3129,low,1,6.0,7.0,5.4,A,1.1
3130,low,1,3.0,5.0,9.7,A,15.0
3131,medium,1,9.0,7.0,5.6,A,-0.0
3132,low,1,12.0,8.0,1.6,D,-100.0
3133,high,2,2.0,3.0,4.8,C,-100.0
3134,medium,1,10.0,12.0,4.6,A,-5.6
3135,low,0,3.0,20.0,9.4,B,15.0
3136,high,2,8.0,10.0,4.4,A,-100.0
3137,high,3,26.0,5.0,8.1,A,-100.0
3138,high,1,9.0,12.0,9.9,C,-10.4
3139,medium,0,7.0,46.0,8.4,A,15.0
3140,low,0,12.0,15.0,3.1,A,-12.0
3141,medium,1,3.0,7.0,2.9,A,-14.3
3142,high,1,15.0,13.0,7.5,C,-100.0
3143,none,2,9.0,2.0,9.1,B,9.0
3144,medium,1,6.0,3.0,9.5,C,15.0
3145,high,1,5.0,15.0,6.1,D,-100.0
3146,none,1,8.0,39.0,3.2,A,-100.0
3147,low,2,10.0,13.0,1.4,A,-100.0
3148,,2,10.0,3.0,8.0,A,2.8
3149,none,1,2.0,5.0,8.5,C,6.5
3150,medium,1,15.0,13.0,6.0,C,1.7
3151,low,1,11.0,20.0,1.1,A,-100.0
3152,medium,1,5.0,4.0,5.4,A,-0.7
3153,high,0,1.0,9.0,9.7,A,-10.7
3154,high,1,3.0,35.0,9.6,A,-11.3
3155,high,3,12.0,1.0,3.5,C,-100.0
3156,low,1,7.0,7.0,8.6,C,15.0
3157,low,1,9.0,0.0,5.8,A,2.9
3158,high,0,9.0,12.0,8.7,A,-16.9
3159,,2,5.0,4.0,5.7,A,-9.3
3160,medium,2,8.0,15.0,8.7,A,15.0
3161,low,0,12.0,29.0,3.5,A,-9.7
3162,low,2,10.0,10.0,9.4,A,15.0
3163,low,1,2.0,50.0,4.9,A,-0.8
3164,none,3,4.0,2.0,9.4,A,11.0
3165,none,3,10.0,50.0,8.7,A,7.0
3166,high,0,11.0,30.0,7.9,A,-100.0
3167,medium,2,8.0,1.0,3.1,B,-13.8
3168,high,4,11.0,6.0,9.6,A,-12.6
3169,high,0,40.0,17.0,8.9,C,-18.9
3170,high,2,7.0,8.0,8.7,A,-17.0
3171,low,1,25.0,1.0,8.6,B,15.0
3172,low,0,33.0,35.0,3.9,B,-9.5
3173,low,3,5.0,10.0,4.1,D,-6.1
3174,low,1,7.0,17.0,9.6,A,15.0
3175,low,4,4.0,2.0,6.5,A,7.0
3176,none,2,9.0,1.0,3.6,A,-100.0
3177,high,4,11.0,14.0,8.6,A,-18.1
3178,low,3,16.0,3.0,9.1,A,15.0
3179,none,1,9.0,5.0,9.9,A,13.5
3180,none,4,21.0,25.0,10.0,B,12.8
3181,high,1,23.0,28.0,5.4,A,-100.0
3182,medium,1,10.0,16.0,1.3,A,-100.0
3183,none,1,14.0,2.0,9.9,D,13.0
3184,medium,2,3.0,8.0,1.0,A,-100.0
3185,none,2,2.0,0.0,4.5,A,-15.6
3186,high,2,12.0,21.0,9.1,A,-15.1
3187,high,2,4.0,36.0,3.9,A,-100.0
3188,high,3,7.0,7.0,8.1,B,-100.0
3189,low,2,15.0,50.0,8.7,B,15.0
3190,medium,0,12.0,13.0,1.7,C,-100.0
3191,high,1,7.0,8.0,4.3,A,-100.0
3192,none,4,13.0,1.0,3.7,A,-100.0
3193,high,3,6.0,49.0,7.8,C,-100.0
3194,low,1,5.0,13.0,2.5,C,-14.7
3195,medium,0,4.0,5.0,5.7,A,1.1
3196,low,3,6.0,17.0,2.0,A,-17.7
3197,high,0,12.0,4.0,6.8,A,-100.0
3198,none,2,7.0,8.0,2.7,A,-100.0
3199,high,1,6.0,5.0,8.8,A,-16.2
3200,medium,0,10.0,9.0,3.3,C,-12.6
3201,medium,5,2.0,14.0,5.3,C,-1.3
3202,low,4,17.0,10.0,,D,
3203,high,2,5.0,5.0,2.9,A,-100.0
3204,low,2,16.0,1.0,2.9,A,-13.8
3205,low,0,4.0,1.0,1.7,A,-19.0
3206,high,1,17.0,10.0,6.6,A,-100.0
3207,medium,1,17.0,16.0,8.4,A,14.7
3208,low,2,16.0,18.0,4.0,C,-7.6
3209,low,0,37.0,10.0,7.0,A,6.9
3210,low,3,6.0,15.0,9.0,A,15.0
3211,low,2,3.0,7.0,3.2,A,-10.8
3212,low,1,6.0,8.0,3.3,A,-10.5
3213,none,1,15.0,12.0,3.0,A,-100.0
3214,none,0,40.0,2.0,7.2,A,-4.4
3215,medium,3,5.0,13.0,7.7,B,11.8
3216,high,1,2.0,20.0,9.2,A,-13.5
3217,low,5,3.0,14.0,3.6,B,-8.9
3218,low,3,11.0,1.0,1.8,A,-19.5
3219,medium,1,32.0,14.0,3.5,A,-13.8
3220,high,1,4.0,1.0,8.0,C,-100.0
3221,low,0,13.0,8.0,7.2,A,10.4
3222,high,2,8.0,0.0,5.2,C,-100.0
3223,low,3,12.0,0.0,5.7,B,1.9
3224,high,1,12.0,14.0,9.6,A,-12.4
3225,low,2,15.0,3.0,3.6,A,-9.9
3226,medium,2,14.0,37.0,1.9,A,-100.0
3227,medium,3,7.0,5.0,8.5,C,15.0
3228,high,0,13.0,3.0,2.1,A,-100.0
3229,medium,0,3.0,5.0,9.4,A,15.0
3230,medium,0,5.0,2.0,4.7,A,-4.5
3231,low,0,24.0,1.0,9.9,A,15.0
3232,medium,2,13.0,36.0,8.4,A,15.0
3233,medium,1,7.0,15.0,1.4,D,-100.0
3234,low,3,4.0,1.0,5.1,A,-0.6
3235,medium,3,5.0,15.0,6.2,A,3.6
3236,low,2,6.0,1.0,8.8,A,15.0
3237,high,0,12.0,3.0,1.2,A,-100.0
3238,high,1,20.0,9.0,9.1,A,-16.0
3239,high,1,1.0,5.0,8.7,A,-16.3
3240,low,1,1.0,22.0,10.0,A,15.0
3241,medium,0,1.0,11.0,10.0,A,15.0
3242,medium,4,11.0,12.0,6.8,A,6.1
3243,high,1,26.0,19.0,7.7,B,-100.0
3244,high,1,6.0,2.0,9.7,D,-11.3
3245,high,2,12.0,6.0,2.3,C,-100.0
3246,none,2,11.0,9.0,1.5,A,-100.0
3247,low,3,16.0,48.0,8.8,A,15.0
3248,low,1,18.0,2.0,2.7,A,-15.0
3249,low,0,13.0,49.0,4.1,B,-6.3
3250,high,3,14.0,12.0,1.9,A,-100.0
3251,,1,6.0,11.0,1.4,A,-100.0
3252,low,0,7.0,8.0,9.4,C,15.0
3253,medium,2,18.0,8.0,9.6,C,15.0
3254,high,2,10.0,39.0,2.6,A,-100.0
3255,high,2,12.0,50.0,8.8,A,-16.5
3256,low,1,7.0,8.0,1.6,A,-19.9
3257,none,0,9.0,10.0,4.9,A,-13.9
3258,medium,2,7.0,9.0,4.9,D,-3.7
3259,none,0,7.0,32.0,9.8,A,13.5
3260,high,1,5.0,17.0,3.9,A,-100.0
3261,medium,4,22.0,7.0,1.4,A,-100.0
3262,low,2,9.0,6.0,2.6,A,-14.7
3263,high,1,4.0,7.0,8.6,A,-17.1
3264,none,2,18.0,18.0,8.2,B,3.3
3265,high,1,5.0,1.0,7.6,C,-100.0
3266,low,3,7.0,3.0,8.1,C,15.0
3267,high,2,3.0,12.0,9.6,A,-11.6
3268,low,1,11.0,19.0,2.1,A,-17.5
3269,low,0,10.0,6.0,2.8,A,-13.5
3270,none,1,6.0,16.0,2.2,C,-100.0
3271,high,1,25.0,30.0,3.4,B,-100.0
3272,medium,0,13.0,14.0,2.8,B,-15.6
3273,low,3,37.0,40.0,8.4,B,14.6
3274,medium,0,30.0,5.0,5.2,A,-4.2
3275,none,1,16.0,28.0,3.9,B,-20.0
3276,low,0,11.0,9.0,6.5,A,6.7
3277,none,3,11.0,25.0,8.7,A,6.7
3278,high,3,4.0,11.0,2.3,A,-100.0
3279,medium,1,2.0,19.0,3.0,A,-13.5
3280,high,0,10.0,2.0,3.5,C,-100.0
3281,medium,6,11.0,5.0,9.7,A,15.0
3282,medium,1,28.0,19.0,4.9,B,-5.6
3283,none,4,5.0,18.0,9.1,A,9.3
3284,low,0,10.0,22.0,4.8,A,-2.4
3285,high,0,4.0,4.0,7.3,A,-100.0
3286,medium,1,6.0,8.0,9.5,C,15.0
3287,high,1,12.0,5.0,7.7,A,-100.0
3288,none,0,18.0,3.0,8.6,A,5.5
3289,low,0,7.0,9.0,4.5,C,-3.9
3290,low,5,10.0,0.0,8.4,A,15.0
3291,medium,0,13.0,2.0,9.8,A,15.0
3292,low,2,6.0,2.0,5.1,A,-0.7
3293,high,2,4.0,38.0,8.0,A,-100.0
3294,none,1,10.0,11.0,2.8,A,-100.0
3295,medium,1,8.0,2.0,4.9,A,-3.8
3296,low,1,10.0,3.0,8.3,A,15.0
3297,none,0,2.0,5.0,7.4,C,0.6
3298,low,0,,20.0,6.0,C,
3299,high,2,15.0,0.0,7.8,A,-100.0
3300,none,2,14.0,5.0,5.1,D,-13.5
3301,medium,1,2.0,14.0,8.4,A,15.0
3302,high,1,11.0,50.0,10.0,D,-9.7
3303,high,3,39.0,10.0,5.9,A,-100.0
3304,none,1,17.0,23.0,9.0,A,7.9
3305,none,1,6.0,18.0,8.6,D,6.8
3306,medium,0,13.0,2.0,4.7,A,-5.3
3307,low,0,6.0,8.0,3.2,A,-10.9
3308,none,1,13.0,34.0,8.7,A,6.8
3309,low,3,16.0,5.0,6.3,A,4.8
3310,low,1,5.0,7.0,8.0,A,15.0
3311,none,2,10.0,8.0,9.0,A,8.4
3312,none,2,2.0,34.0,2.8,A,-100.0
3313,low,3,23.0,9.0,1.6,A,-100.0
3314,high,1,6.0,1.0,5.4,A,-100.0
3315,low,4,14.0,6.0,1.2,C,-100.0
3316,low,3,9.0,11.0,6.6,A,7.2
3317,high,2,5.0,2.0,2.5,C,-100.0
3318,medium,1,2.0,13.0,3.7,A,-9.7
3319,high,4,5.0,16.0,8.7,A,-16.9
3320,high,2,15.0,10.0,1.1,A,-100.0
3321,medium,0,6.0,26.0,7.8,A,12.7
3322,low,4,4.0,19.0,5.5,A,1.6
3323,low,2,6.0,5.0,4.1,D,-6.2
3324,none,2,17.0,17.0,3.8,A,-100.0
3325,low,2,6.0,29.0,2.6,A,-14.2
3326,high,0,5.0,8.0,2.0,A,-100.0
3327,medium,2,21.0,1.0,9.8,B,15.0
3328,high,1,7.0,9.0,8.9,A,-15.8
3329,high,1,11.0,13.0,9.7,A,-11.7
3330,none,3,10.0,1.0,6.0,A,-8.3
3331,none,2,11.0,21.0,2.5,A,-100.0
3332,low,0,14.0,46.0,5.8,A,3.0
3333,low,1,6.0,7.0,10.0,A,15.0
3334,none,2,4.0,27.0,2.5,A,-100.0
3335,high,1,11.0,18.0,3.6,B,-100.0
3336,high,3,17.0,6.0,4.1,A,-100.0
3337,low,3,6.0,37.0,1.2,A,-100.0
3338,medium,2,6.0,5.0,8.7,A,15.0
3339,none,1,7.0,7.0,8.1,A,3.8
3340,high,0,5.0,8.0,4.8,A,-100.0
3341,low,2,7.0,25.0,3.0,A,-12.1
3342,low,1,3.0,32.0,9.9,A,15.0
3343,high,0,3.0,39.0,4.6,D,-100.0
3344,medium,3,17.0,44.0,8.9,A,15.0
3345,medium,2,4.0,1.0,3.2,A,-12.9
3346,medium,2,27.0,22.0,2.9,B,-16.6
3347,low,3,18.0,11.0,2.6,B,-15.7
3348,low,2,18.0,5.0,7.3,A,10.2
3349,low,2,4.0,23.0,8.5,A,15.0
3350,low,2,6.0,23.0,6.7,A,8.3
3351,high,3,8.0,2.0,4.0,B,-100.0
3352,low,3,9.0,7.0,5.7,A,2.2
3353,low,2,3.0,3.0,1.9,A,-18.0
3354,high,1,14.0,10.0,8.2,A,-100.0
3355,high,3,3.0,25.0,7.7,C,-100.0
3356,medium,1,5.0,5.0,2.7,A,-15.6
3357,low,1,15.0,6.0,9.2,B,15.0
3358,low,0,1.0,9.0,3.5,A,-8.8
3359,medium,1,11.0,0.0,9.5,A,15.0
3360,low,3,12.0,0.0,6.7,A,7.4
3361,medium,1,13.0,0.0,1.9,A,-100.0
3362,none,5,11.0,9.0,1.6,A,-100.0
3363,high,0,16.0,50.0,9.5,A,-12.9
3364,low,1,18.0,13.0,9.8,A,15.0
3365,high,0,14.0,23.0,5.5,A,-100.0
3366,high,5,38.0,1.0,5.9,C,-100.0
3367,high,1,10.0,13.0,1.1,C,-100.0
3368,low,0,7.0,30.0,2.0,A,-17.4
3369,,0,15.0,9.0,9.4,A,10.3
3370,medium,1,8.0,5.0,2.7,B,-15.9
3371,medium,2,8.0,3.0,3.8,B,-9.9
3372,high,1,11.0,9.0,1.4,C,-100.0
3373,high,1,,13.0,8.9,C,
3374,low,1,6.0,7.0,9.0,A,15.0
3375,medium,1,20.0,39.0,5.8,A,0.3
3376,high,2,12.0,5.0,9.9,B,-10.9
3377,none,5,5.0,11.0,2.6,A,-100.0
3378,low,0,0.0,0.0,8.9,D,15.0
3379,low,2,5.0,0.0,2.9,A,-12.8
3380,high,3,,6.0,8.4,C,
3381,low,2,7.0,29.0,3.7,A,-8.3
3382,high,2,8.0,10.0,8.1,A,-100.0
3383,high,1,1.0,24.0,4.4,A,-100.0
3384,low,0,7.0,9.0,8.4,C,15.0
3385,none,0,13.0,3.0,7.6,A,0.5
3386,high,1,6.0,1.0,3.5,A,-100.0
3387,high,1,8.0,27.0,9.9,C,-10.2
3388,high,0,18.0,0.0,8.7,D,-17.9
3389,medium,0,10.0,2.0,8.2,A,14.2
3390,none,3,9.0,4.0,8.1,B,3.4
3391,,1,9.0,12.0,4.3,A,-17.2
3392,medium,2,5.0,20.0,9.1,A,15.0
3393,high,2,11.0,1.0,2.0,A,-100.0
3394,medium,1,8.0,6.0,8.1,A,13.8
3395,high,2,10.0,17.0,2.2,A,-100.0
3396,high,1,9.0,16.0,5.8,A,-100.0
3397,medium,1,3.0,14.0,10.0,A,15.0
3398,low,2,1.0,6.0,1.4,A,-100.0
3399,none,0,2.0,5.0,8.0,C,3.9
3400,none,1,7.0,2.0,8.6,B,6.5
3401,low,1,14.0,14.0,9.1,A,15.0
3402,low,1,6.0,12.0,1.3,A,-100.0
3403,high,1,17.0,6.0,8.5,A,-19.0
3404,medium,3,16.0,4.0,6.9,B,6.2
3405,high,1,5.0,5.0,2.1,C,-100.0
3406,medium,1,17.0,0.0,1.8,A,-100.0
3407,high,0,28.0,2.0,8.4,A,-100.0
3408,high,5,21.0,13.0,2.0,A,-100.0
3409,medium,0,15.0,14.0,3.6,A,-11.4
3410,low,0,18.0,5.0,2.9,A,-13.8
3411,low,1,2.0,1.0,7.9,C,15.0
3412,low,2,10.0,3.0,3.1,D,-12.1
3413,high,1,13.0,0.0,9.4,A,-13.7
3414,medium,0,11.0,19.0,8.7,A,15.0
3415,none,1,5.0,3.0,9.7,A,12.8
3416,high,2,1.0,8.0,,A,
3417,high,2,1.0,8.0,1.4,C,-100.0
3418,high,2,11.0,6.0,6.7,B,-100.0
3419,low,1,7.0,4.0,1.7,C,-19.4
3420,medium,0,4.0,21.0,4.1,A,-7.5
3421,medium,1,29.0,2.0,10.0,C,15.0
3422,low,2,13.0,34.0,6.2,A,4.9
3423,low,2,7.0,11.0,9.5,A,15.0
3424,high,0,4.0,10.0,9.2,A,-13.7
3425,medium,0,12.0,9.0,9.5,A,15.0
3426,high,1,4.0,11.0,4.1,A,-100.0
3427,low,3,,8.0,1.4,C,
3428,none,1,5.0,11.0,8.1,A,4.1
3429,high,0,6.0,20.0,2.2,D,-100.0
3430,high,3,1.0,1.0,6.9,A,-100.0
3431,high,2,20.0,1.0,9.2,A,-15.6
3432,high,2,18.0,4.0,7.0,B,-100.0
3433,low,2,0.0,1.0,5.5,A,2.1
3434,none,1,10.0,9.0,3.5,A,-100.0
3435,high,5,25.0,8.0,7.8,C,-100.0
3436,medium,2,17.0,2.0,3.0,A,-15.3
3437,none,1,11.0,9.0,8.7,A,6.7
3438,medium,2,6.0,3.0,6.7,A,6.2
3439,low,1,8.0,4.0,9.3,A,15.0
3440,low,1,18.0,15.0,8.8,B,15.0
3441,none,4,20.0,12.0,7.6,C,-0.5
3442,none,1,1.0,3.0,,B,
3443,low,2,1.0,3.0,9.9,A,15.0
3444,medium,1,29.0,8.0,6.0,A,0.2
3445,high,1,24.0,8.0,10.0,B,-11.4
3446,medium,2,4.0,9.0,3.1,A,-13.3
3447,low,1,7.0,3.0,9.2,A,15.0
3448,low,3,10.0,6.0,4.1,A,-6.7
3449,high,1,25.0,3.0,9.5,C,-14.3
3450,low,1,6.0,34.0,9.9,B,15.0
3451,none,0,25.0,6.0,6.6,A,-6.1
3452,high,1,17.0,16.0,9.5,A,-13.4
3453,high,2,7.0,4.0,8.2,A,-19.8
3454,none,0,4.0,6.0,9.3,A,10.8
3455,high,0,32.0,5.0,8.6,A,-19.9
3456,low,1,18.0,10.0,4.1,C,-7.3
3457,low,2,21.0,22.0,7.3,A,10.1
3458,none,4,36.0,12.0,8.0,A,0.1
3459,high,1,25.0,23.0,8.7,A,-18.5
3460,high,1,15.0,6.0,3.2,A,-100.0
3461,high,0,10.0,50.0,6.3,D,-100.0
3462,low,2,14.0,22.0,3.8,A,-8.5
3463,high,0,3.0,0.0,9.9,A,-9.8
3464,medium,1,5.0,4.0,8.5,A,15.0
3465,high,3,16.0,2.0,8.3,B,-100.0
3466,high,8,5.0,8.0,7.4,C,-100.0
3467,none,2,7.0,9.0,1.3,B,-100.0
3468,medium,0,5.0,5.0,5.2,A,-1.7
3469,high,3,11.0,48.0,6.4,C,-100.0
3470,high,1,23.0,1.0,3.6,A,-100.0
3471,high,2,7.0,5.0,7.1,A,-100.0
3472,none,4,4.0,25.0,4.5,A,-15.8
3473,none,0,24.0,4.0,7.3,C,-2.2
3474,low,1,6.0,2.0,9.4,C,15.0
3475,low,3,6.0,11.0,8.1,A,15.0
3476,high,3,17.0,18.0,9.8,A,-11.9
3477,medium,1,3.0,11.0,8.8,A,15.0
3478,low,1,3.0,26.0,8.5,C,15.0
3479,high,0,6.0,1.0,2.6,B,-100.0
3480,low,3,3.0,6.0,5.0,A,-1.0
3481,medium,0,8.0,0.0,1.0,A,-100.0
3482,high,2,12.0,8.0,4.8,A,-100.0
3483,none,2,32.0,11.0,9.9,C,11.2
3484,none,2,19.0,10.0,5.1,B,-13.9
3485,low,1,3.0,33.0,6.0,A,4.9
3486,none,0,8.0,4.0,6.7,C,-3.9
3487,high,1,4.0,19.0,1.5,A,-100.0
3488,high,3,6.0,16.0,8.7,A,-16.9
3489,none,2,6.0,11.0,9.5,A,11.6
3490,high,2,24.0,23.0,8.9,A,-17.4
3491,low,1,2.0,30.0,1.5,C,-19.8
3492,high,0,8.0,22.0,5.5,A,-100.0
3493,low,2,15.0,26.0,6.7,A,7.4
3494,low,3,3.0,0.0,3.6,D,-8.8
3495,high,2,11.0,47.0,9.0,D,-15.3
3496,high,1,9.0,1.0,8.0,A,-100.0
3497,low,1,6.0,22.0,3.5,A,-9.2
3498,high,4,8.0,5.0,9.7,A,-11.8
3499,high,3,6.0,3.0,2.0,C,-100.0
3500,high,0,7.0,11.0,6.9,A,-100.0
3501,high,1,4.0,32.0,8.1,B,-19.6
3502,high,2,6.0,18.0,8.6,A,-17.3
3503,high,0,14.0,49.0,8.4,A,-18.7
3504,low,4,4.0,38.0,1.7,C,-19.1
3505,,1,2.0,26.0,7.4,A,0.7
3506,medium,3,17.0,5.0,1.3,B,-100.0
3507,none,2,4.0,20.0,2.9,A,-100.0
3508,low,1,0.0,2.0,7.0,B,10.4
3509,none,1,16.0,5.0,9.9,A,12.8
3510,low,1,15.0,20.0,9.2,B,15.0
3511,low,2,7.0,2.0,3.8,B,-8.0
3512,low,0,3.0,3.0,8.2,A,15.0
3513,high,1,13.0,40.0,8.0,D,-100.0
3514,high,4,15.0,18.0,8.0,A,-100.0
3515,medium,1,3.0,3.0,9.4,C,15.0
3516,high,1,4.0,9.0,7.0,A,-100.0
3517,low,2,20.0,10.0,2.3,C,-17.5
3518,medium,3,9.0,13.0,7.1,D,8.1
3519,medium,2,8.0,50.0,8.4,A,15.0
3520,none,1,4.0,5.0,9.1,A,9.6
3521,medium,1,15.0,3.0,8.6,A,15.0
3522,high,0,5.0,8.0,8.3,A,-18.8
3523,low,0,12.0,19.0,9.9,C,15.0
3524,low,2,1.0,35.0,7.3,D,12.2
3525,high,1,24.0,10.0,9.9,A,-12.0
3526,none,0,13.0,5.0,8.9,A,7.7
3527,low,1,4.0,4.0,9.5,A,15.0
3528,high,0,9.0,12.0,5.9,A,-100.0
3529,low,0,6.0,0.0,5.7,A,2.7
3530,medium,1,7.0,34.0,9.0,A,15.0
3531,high,2,5.0,0.0,3.3,A,-100.0
3532,low,1,9.0,3.0,8.7,A,15.0
3533,none,2,8.0,24.0,8.0,B,3.2
3534,medium,1,10.0,19.0,9.1,C,15.0
3535,medium,3,3.0,50.0,9.7,A,15.0
3536,low,1,13.0,12.0,8.3,A,15.0
3537,high,2,26.0,30.0,4.6,A,-100.0
3538,low,1,16.0,8.0,1.4,A,-100.0
3539,low,3,23.0,12.0,6.8,A,6.9
3540,low,1,6.0,14.0,2.8,A,-13.2
3541,high,1,11.0,8.0,9.8,A,-11.2
3542,high,0,9.0,4.0,9.1,A,-14.8
3543,low,2,39.0,2.0,9.1,A,15.0
3544,high,0,5.0,13.0,9.1,B,-14.3
3545,low,3,8.0,4.0,8.6,A,15.0
3546,none,0,6.0,21.0,8.2,B,4.7
3547,high,1,13.0,27.0,5.5,A,-100.0
3548,none,1,4.0,27.0,2.4,D,-100.0
3549,none,3,2.0,5.0,8.5,A,6.3
3550,high,0,3.0,2.0,3.4,A,-100.0
3551,low,1,6.0,1.0,3.6,A,-8.9
3552,medium,4,7.0,5.0,9.7,C,15.0
3553,low,1,7.0,3.0,2.5,A,-15.0
3554,high,1,11.0,4.0,5.8,A,-100.0
3555,none,5,4.0,5.0,9.1,A,9.2
3556,high,1,16.0,35.0,9.9,A,-10.9
3557,none,2,10.0,3.0,9.7,D,12.2
3558,low,1,4.0,19.0,8.3,A,15.0
3559,medium,3,4.0,27.0,8.6,A,15.0
3560,high,0,20.0,35.0,3.9,A,-100.0
3561,low,0,16.0,13.0,8.5,D,15.0
3562,high,3,12.0,1.0,3.2,A,-100.0
3563,high,2,15.0,10.0,2.8,A,-100.0
3564,none,1,6.0,2.0,6.4,A,-5.5
3565,medium,1,5.0,1.0,2.4,A,-17.3
3566,high,3,8.0,10.0,8.6,A,-17.7
3567,low,1,14.0,12.0,9.1,A,15.0
3568,medium,1,4.0,2.0,1.2,B,-100.0
3569,high,3,7.0,10.0,1.5,A,-100.0
3570,low,1,10.0,43.0,9.9,A,15.0
3571,medium,1,5.0,2.0,5.5,C,-0.2
3572,medium,1,9.0,9.0,9.6,A,15.0
3573,high,2,3.0,0.0,8.7,A,-16.6
3574,medium,0,7.0,5.0,5.0,A,-3.0
3575,none,0,19.0,1.0,6.4,C,-6.7
3576,none,0,6.0,1.0,4.3,A,-16.9
3577,high,2,,7.0,8.2,C,
3578,high,0,9.0,1.0,9.6,C,-12.1
3579,medium,3,2.0,5.0,5.0,A,-2.8
3580,low,2,10.0,1.0,1.5,A,-100.0
3581,none,1,3.0,5.0,8.1,C,4.2
3582,medium,1,8.0,17.0,9.0,C,15.0
3583,medium,1,5.0,15.0,4.3,B,-6.7
3584,low,3,4.0,4.0,2.9,A,-12.7
3585,high,3,6.0,22.0,8.8,A,-16.3
3586,none,0,1.0,16.0,2.7,D,-100.0
3587,medium,2,7.0,5.0,2.3,A,-18.1
3588,low,1,7.0,3.0,9.3,C,15.0
3589,low,1,10.0,7.0,2.3,C,-16.4
3590,low,2,5.0,32.0,2.8,A,-13.0
3591,none,0,5.0,16.0,7.0,A,-1.9
3592,none,3,4.0,9.0,8.6,A,6.7
3593,medium,4,4.0,1.0,9.0,A,15.0
3594,none,6,12.0,3.0,1.8,A,-100.0
3595,high,1,12.0,7.0,8.7,A,-17.4
3596,none,2,10.0,2.0,3.3,C,-100.0
3597,high,0,4.0,0.0,9.5,A,-12.2
3598,medium,1,19.0,8.0,2.5,A,-18.1
3599,medium,2,32.0,37.0,7.8,A,10.0
3600,medium,1,14.0,19.0,5.5,A,-0.9
3601,high,1,9.0,0.0,9.5,A,-12.8
3602,low,0,2.0,2.0,3.9,B,-6.7
3603,medium,2,15.0,0.0,9.7,C,15.0
3604,high,0,2.0,25.0,9.2,A,-13.4
3605,high,2,3.0,2.0,3.3,A,-100.0
3606,none,0,2.0,7.0,,D,
3607,high,1,22.0,3.0,7.8,D,-100.0
3608,high,2,7.0,3.0,1.5,A,-100.0
3609,medium,2,12.0,3.0,9.6,C,15.0
3610,none,2,18.0,3.0,2.3,A,-100.0
3611,low,1,4.0,5.0,1.3,D,-100.0
3612,low,4,30.0,1.0,7.8,A,11.5
3613,high,1,3.0,4.0,5.8,A,-100.0
3614,medium,0,4.0,1.0,8.6,A,15.0
3615,low,1,3.0,0.0,9.0,A,15.0
3616,medium,2,23.0,3.0,9.7,C,15.0
3617,medium,2,8.0,12.0,9.1,A,15.0
3618,medium,0,14.0,1.0,3.6,C,-11.5
3619,low,3,4.0,7.0,6.9,C,9.3
3620,low,1,21.0,5.0,7.3,A,10.0
3621,low,2,5.0,24.0,7.8,C,14.4
3622,medium,4,25.0,5.0,1.1,A,-100.0
3623,medium,3,17.0,26.0,4.2,A,-8.5
3624,none,1,5.0,5.0,7.6,A,1.3
3625,low,1,33.0,4.0,1.9,A,-100.0
3626,none,1,6.0,32.0,9.5,A,11.9
3627,low,3,14.0,5.0,1.5,A,-100.0
3628,medium,1,9.0,2.0,9.2,A,15.0
3629,low,0,5.0,11.0,8.0,A,15.0
3630,high,0,8.0,23.0,5.0,B,-100.0
3631,low,1,11.0,1.0,4.4,A,-5.0
3632,low,1,18.0,4.0,1.4,C,-100.0
3633,medium,5,24.0,6.0,1.8,C,-100.0
3634,medium,0,13.0,6.0,1.8,A,-100.0
3635,low,0,6.0,3.0,7.5,A,12.7
3636,none,3,4.0,8.0,8.4,A,5.6
3637,high,2,18.0,21.0,8.7,A,-17.9
3638,high,4,15.0,18.0,3.1,C,-100.0
3639,high,1,3.0,3.0,9.6,A,-11.6
3640,high,1,11.0,6.0,9.5,A,-12.9
3641,low,2,12.0,12.0,1.7,B,-19.9
3642,low,1,3.0,17.0,5.2,A,0.4
3643,none,1,19.0,11.0,6.1,A,-8.3
3644,medium,1,40.0,2.0,8.9,A,15.0
3645,low,2,3.0,7.0,8.1,C,15.0
3646,medium,2,7.0,16.0,6.4,B,4.6
3647,high,0,10.0,14.0,9.1,C,-14.8
3648,low,1,4.0,11.0,9.6,A,15.0
3649,medium,0,11.0,24.0,6.2,A,3.4
3650,none,0,16.0,50.0,9.0,A,8.4
3651,high,2,15.0,14.0,2.2,C,-100.0
3652,medium,3,24.0,2.0,6.2,A,1.5
3653,none,0,6.0,29.0,7.3,A,-0.2
3654,medium,1,8.0,9.0,3.4,A,-12.0
3655,medium,1,11.0,19.0,9.6,A,15.0
3656,high,2,6.0,25.0,8.3,B,-18.9
3657,low,2,6.0,8.0,9.7,C,15.0
3658,low,1,7.0,50.0,7.3,A,11.8
3659,low,0,12.0,1.0,7.9,A,14.3
3660,,3,6.0,29.0,5.5,D,-10.4
3661,high,0,14.0,4.0,4.6,B,-100.0
3662,medium,3,10.0,3.0,7.8,A,11.8
3663,high,0,4.0,1.0,8.3,A,-18.7
3664,medium,1,19.0,0.0,9.0,A,15.0
3665,high,0,3.0,16.0,3.6,A,-100.0
3666,medium,1,5.0,3.0,7.8,A,12.5
3667,medium,0,15.0,6.0,3.2,A,-13.7
3668,high,2,6.0,20.0,2.7,A,-100.0
3669,medium,2,12.0,5.0,7.8,A,11.7
3670,low,3,11.0,18.0,2.0,A,-18.2
3671,medium,1,10.0,1.0,5.6,C,-0.2
3672,low,3,4.0,6.0,7.4,A,12.1
3673,low,3,12.0,11.0,3.8,A,-8.5
3674,none,3,2.0,30.0,1.8,C,-100.0
3675,high,2,3.0,24.0,9.8,D,-10.4
3676,medium,2,10.0,11.0,6.9,A,7.0
3677,,0,6.0,9.0,4.4,A,-16.3
3678,low,2,28.0,4.0,8.9,A,15.0
3679,low,4,4.0,15.0,9.7,A,15.0
3680,low,0,7.0,17.0,5.8,D,3.4
3681,none,1,2.0,9.0,3.5,C,-100.0
3682,low,0,3.0,34.0,4.7,A,-2.1
3683,none,3,35.0,1.0,6.3,A,-9.1
3684,low,2,7.0,7.0,1.2,A,-100.0
3685,low,3,8.0,2.0,9.4,B,15.0
3686,medium,1,18.0,16.0,9.9,C,15.0
3687,high,1,13.0,5.0,2.7,A,-100.0
3688,low,1,13.0,9.0,7.0,A,9.2
3689,high,1,25.0,15.0,4.8,B,-100.0
3690,high,0,7.0,0.0,6.2,A,-100.0
3691,medium,1,16.0,10.0,9.9,A,15.0
3692,none,3,7.0,14.0,9.9,A,13.6
3693,low,2,5.0,2.0,9.3,B,15.0
3694,low,2,2.0,11.0,5.3,A,0.9
3695,high,2,8.0,4.0,9.5,D,-12.7
3696,low,0,22.0,40.0,8.6,C,15.0
3697,high,3,11.0,5.0,1.1,D,-100.0
3698,high,1,9.0,3.0,4.1,A,-100.0
3699,low,0,4.0,13.0,9.0,A,15.0
3700,,2,4.0,14.0,8.6,A,6.8
3701,low,1,3.0,11.0,8.8,B,15.0
3702,medium,0,5.0,9.0,8.6,A,15.0
3703,none,0,10.0,1.0,9.6,A,11.8
3704,high,3,6.0,50.0,1.8,A,-100.0
3705,low,0,9.0,14.0,3.7,A,-8.4
3706,low,1,34.0,12.0,9.4,C,15.0
3707,high,1,13.0,20.0,6.8,C,-100.0
3708,medium,0,20.0,9.0,8.7,A,15.0
3709,none,1,8.0,12.0,9.0,A,8.7
3710,,2,14.0,48.0,6.9,A,-3.2
3711,low,2,16.0,4.0,9.1,C,15.0
3712,high,0,18.0,4.0,3.3,B,-100.0
3713,low,2,27.0,2.0,3.7,C,-10.5
3714,high,2,2.0,2.0,1.4,A,-100.0
3715,none,1,8.0,35.0,4.2,A,-17.5
3716,low,2,4.0,2.0,6.5,A,7.2
3717,low,2,8.0,17.0,2.2,A,-16.7
3718,none,1,7.0,8.0,9.8,A,13.2
3719,none,1,20.0,1.0,7.4,B,-1.4
3720,medium,2,5.0,4.0,2.7,A,-15.7
3721,medium,1,6.0,0.0,8.9,A,15.0
3722,high,1,9.0,21.0,6.6,A,-100.0
3723,none,1,3.0,10.0,4.4,D,-16.1
3724,low,2,13.0,21.0,3.7,A,-8.9
3725,medium,2,9.0,2.0,1.9,C,-100.0
3726,medium,0,6.0,15.0,3.7,A,-10.0
3727,low,0,21.0,43.0,7.2,A,9.9
3728,low,2,27.0,6.0,6.2,A,3.2
3729,low,1,20.0,11.0,8.5,B,15.0
3730,none,1,2.0,2.0,9.0,A,9.2
3731,medium,2,9.0,25.0,7.2,A,8.9
3732,high,1,3.0,47.0,2.7,B,-100.0
3733,high,2,2.0,1.0,9.0,A,-14.9
3734,high,2,19.0,31.0,4.2,A,-100.0
3735,low,2,7.0,5.0,2.1,A,-17.3
3736,high,2,15.0,1.0,5.2,B,-100.0
3737,high,3,1.0,10.0,4.1,C,-100.0
3738,high,1,,6.0,5.6,C,
3739,low,2,9.0,10.0,1.5,A,-100.0
3740,high,4,18.0,39.0,7.3,C,-100.0
3741,high,2,25.0,25.0,8.8,A,-18.0
3742,medium,3,4.0,31.0,4.2,B,-7.2
3743,medium,1,9.0,2.0,3.3,A,-12.7
3744,low,1,3.0,3.0,5.4,A,1.3
3745,high,0,2.0,10.0,2.0,D,-100.0
3746,low,1,9.0,23.0,8.7,A,15.0
3747,low,2,4.0,6.0,5.2,C,0.1
3748,medium,1,5.0,14.0,3.6,A,-10.5
3749,high,1,21.0,0.0,9.3,D,-15.0
3750,low,1,17.0,3.0,6.6,D,6.5
3751,high,4,2.0,15.0,1.3,C,-100.0
3752,medium,0,29.0,25.0,8.9,A,15.0
3753,none,1,4.0,7.0,1.2,A,-100.0
3754,high,0,9.0,2.0,2.2,A,-100.0
3755,none,0,23.0,3.0,4.1,B,-19.7
3756,medium,3,12.0,4.0,5.1,A,-3.3
3757,high,5,14.0,17.0,6.2,A,-100.0
3758,high,2,3.0,1.0,8.2,A,-19.4
3759,medium,2,16.0,7.0,1.4,A,-100.0
3760,medium,1,5.0,9.0,4.1,A,-7.8
3761,medium,4,11.0,31.0,2.2,A,-19.0
3762,,2,22.0,9.0,9.3,A,8.8
3763,medium,5,4.0,19.0,9.4,C,15.0
3764,low,1,17.0,8.0,3.1,A,-12.7
3765,high,3,4.0,4.0,,D,
3766,high,1,9.0,9.0,2.6,A,-100.0
3767,none,4,7.0,8.0,8.0,C,3.0
3768,medium,0,14.0,9.0,9.2,A,15.0
3769,low,1,11.0,5.0,8.3,A,15.0
3770,high,1,8.0,12.0,9.7,B,-11.4
3771,none,1,3.0,3.0,3.0,B,-100.0
3772,medium,2,7.0,2.0,1.8,D,-100.0
3773,high,3,9.0,0.0,8.3,C,-19.6
3774,low,2,4.0,26.0,8.8,A,15.0
3775,,3,9.0,41.0,1.8,D,-100.0
3776,medium,0,4.0,0.0,1.6,A,-100.0
3777,low,2,13.0,1.0,8.6,C,15.0
3778,high,4,2.0,10.0,5.5,A,-100.0
3779,,5,1.0,35.0,3.5,A,-100.0
3780,none,3,7.0,13.0,8.5,A,5.9
3781,high,1,11.0,3.0,5.8,C,-100.0
3782,none,3,3.0,11.0,7.3,A,-0.3
3783,low,1,4.0,10.0,8.9,A,15.0
3784,medium,1,4.0,1.0,9.1,A,15.0
3785,high,2,16.0,6.0,6.1,C,-100.0
3786,low,1,8.0,1.0,1.4,A,-100.0
3787,low,1,3.0,2.0,2.0,A,-17.4
3788,high,3,3.0,19.0,8.3,C,-18.8
3789,high,0,20.0,1.0,2.5,A,-100.0
3790,high,0,22.0,0.0,5.2,A,-100.0
3791,low,3,6.0,23.0,2.4,A,-15.5
3792,high,4,3.0,44.0,1.5,A,-100.0
3793,low,3,2.0,2.0,10.0,A,15.0
3794,low,2,12.0,2.0,7.3,B,10.8
3795,medium,0,31.0,21.0,6.7,A,4.1
3796,high,3,13.0,1.0,6.4,C,-100.0
3797,high,0,8.0,1.0,9.1,A,-14.7
3798,medium,0,36.0,12.0,8.7,A,14.5
3799,low,0,3.0,15.0,1.5,C,-19.9
3800,medium,0,7.0,32.0,3.1,A,-13.2
3801,low,0,3.0,15.0,9.3,A,15.0
3802,high,2,27.0,3.0,8.7,A,-19.0
3803,low,0,15.0,16.0,9.9,C,15.0
3804,medium,3,14.0,1.0,1.2,B,-100.0
3805,low,0,5.0,4.0,7.3,A,11.7
3806,low,1,8.0,10.0,9.9,A,15.0
3807,low,1,2.0,6.0,8.8,C,15.0
3808,high,1,11.0,7.0,4.4,A,-100.0
3809,low,1,23.0,23.0,8.7,A,15.0
3810,medium,1,9.0,12.0,8.9,C,15.0
3811,low,0,23.0,0.0,3.4,B,-11.6
3812,high,0,2.0,13.0,,B,
3813,high,2,21.0,26.0,9.0,A,-16.5
3814,low,0,12.0,14.0,7.2,A,10.5
3815,high,2,24.0,9.0,3.1,A,-100.0
3816,medium,2,11.0,0.0,2.7,A,-16.3
3817,none,2,6.0,17.0,9.6,A,12.2
3818,high,2,12.0,10.0,8.7,A,-17.5
3819,medium,3,6.0,6.0,2.7,A,-15.9
3820,medium,1,3.0,13.0,1.7,A,-100.0
3821,high,2,21.0,6.0,1.2,A,-100.0
3822,none,1,6.0,11.0,1.8,C,-100.0
3823,high,1,16.0,13.0,3.8,A,-100.0
3824,none,1,17.0,3.0,2.4,A,-100.0
3825,medium,0,1.0,15.0,8.2,A,15.0
3826,high,2,9.0,14.0,1.2,A,-100.0
3827,high,1,17.0,19.0,8.1,A,-100.0
3828,low,2,9.0,29.0,9.5,C,15.0
3829,medium,1,17.0,8.0,3.4,A,-12.9
3830,low,1,4.0,6.0,7.4,A,12.3
3831,high,0,6.0,10.0,8.4,A,-18.3
3832,medium,2,4.0,8.0,6.6,C,5.9
3833,none,0,8.0,9.0,3.6,A,-100.0
3834,medium,1,6.0,0.0,7.6,A,11.2
3835,high,3,4.0,8.0,2.5,A,-100.0
3836,medium,0,18.0,3.0,9.1,A,15.0
3837,medium,2,21.0,3.0,6.6,D,4.2
3838,low,3,6.0,20.0,8.9,A,15.0
3839,high,2,3.0,2.0,8.3,A,-18.8
3840,high,3,2.0,2.0,9.5,A,-12.2
3841,medium,1,14.0,22.0,3.7,A,-10.8
3842,low,2,3.0,17.0,4.6,D,-3.0
3843,none,0,23.0,33.0,1.1,A,-100.0
3844,low,1,14.0,28.0,8.4,A,15.0
3845,high,1,10.0,26.0,5.8,C,-100.0
3846,low,4,5.0,40.0,6.2,A,5.6
3847,none,0,2.0,9.0,6.8,B,-2.7
3848,low,5,13.0,18.0,6.6,B,6.7
3849,none,0,6.0,4.0,9.7,A,12.8
3850,high,1,3.0,5.0,9.9,A,-9.9
3851,low,1,9.0,5.0,8.1,A,15.0
3852,none,0,7.0,7.0,,D,
3853,low,0,24.0,9.0,2.3,A,-17.7
3854,low,1,13.0,20.0,8.8,B,15.0
3855,high,2,6.0,8.0,7.5,C,-100.0
3856,low,0,5.0,3.0,8.4,A,15.0
3857,low,2,8.0,18.0,2.0,C,-17.8
3858,low,3,21.0,37.0,2.8,A,-14.6
3859,low,1,3.0,10.0,9.1,A,15.0
3860,low,4,10.0,11.0,8.9,A,15.0
3861,medium,4,5.0,6.0,4.7,A,-4.9
3862,high,4,11.0,3.0,1.7,D,-100.0
3863,low,2,7.0,1.0,6.6,A,7.4
3864,none,1,1.0,4.0,4.5,A,-15.4
3865,none,0,8.0,1.0,10.0,B,14.2
3866,medium,2,17.0,1.0,9.1,C,15.0
3867,low,1,16.0,0.0,4.1,D,-7.2
3868,high,1,6.0,12.0,8.6,A,-17.3
3869,low,0,8.0,2.0,3.8,A,-7.9
3870,none,0,2.0,2.0,5.0,A,-12.7
3871,medium,0,11.0,9.0,3.9,A,-9.4
3872,medium,0,11.0,19.0,1.1,A,-100.0
3873,medium,1,7.0,4.0,8.2,D,14.5
3874,high,0,6.0,2.0,3.1,D,-100.0
3875,high,1,22.0,6.0,4.4,B,-100.0
3876,low,2,11.0,20.0,9.7,A,15.0
3877,medium,2,21.0,6.0,7.9,A,11.3
3878,none,2,3.0,7.0,9.3,A,10.7
3879,none,4,3.0,18.0,5.6,A,-9.7
3880,none,1,11.0,3.0,6.5,C,-5.4
3881,high,3,15.0,50.0,9.2,A,-14.7
3882,none,0,6.0,13.0,8.6,A,6.8
3883,low,0,15.0,0.0,3.6,A,-9.7
3884,high,2,11.0,27.0,8.8,A,-16.6
3885,low,3,4.0,12.0,3.7,A,-8.2
3886,none,0,16.0,4.0,8.9,A,7.4
3887,medium,1,16.0,29.0,3.1,A,-14.2
3888,low,2,13.0,50.0,5.0,A,-1.5
3889,medium,3,8.0,16.0,8.1,A,13.7
3890,high,1,40.0,8.0,7.0,A,-100.0
3891,none,0,9.0,8.0,9.4,C,10.9
3892,medium,0,3.0,2.0,9.9,A,15.0
3893,medium,2,15.0,7.0,1.1,A,-100.0
3894,low,0,2.0,22.0,7.7,A,14.4
3895,low,0,14.0,19.0,2.1,A,-17.7
3896,high,2,8.0,5.0,1.5,C,-100.0
3897,low,4,8.0,29.0,2.6,B,-14.6
3898,none,2,2.0,23.0,1.9,C,-100.0
3899,high,4,18.0,0.0,2.7,A,-100.0
3900,high,0,14.0,9.0,6.7,A,-100.0
3901,low,3,5.0,2.0,9.9,A,15.0
3902,low,1,6.0,10.0,3.2,C,-11.0
3903,medium,1,13.0,3.0,5.9,A,1.2
3904,low,0,4.0,21.0,1.0,D,-100.0
3905,medium,3,2.0,18.0,9.5,B,15.0
3906,none,4,24.0,7.0,9.2,C,7.9
3907,,2,23.0,18.0,8.8,A,6.1
3908,medium,3,1.0,43.0,9.8,A,15.0
3909,low,3,10.0,7.0,8.6,C,15.0
3910,high,2,6.0,5.0,1.2,D,-100.0
3911,low,2,7.0,4.0,8.6,A,15.0
3912,low,0,1.0,11.0,7.2,A,11.6
3913,none,0,8.0,28.0,9.1,A,9.5
3914,high,1,17.0,4.0,8.3,C,-100.0
3915,,2,5.0,44.0,2.8,B,-100.0
3916,high,3,2.0,5.0,8.8,A,-16.0
3917,high,1,9.0,14.0,9.3,C,-13.7
3918,medium,3,12.0,16.0,8.4,C,15.0
3919,high,0,16.0,1.0,8.9,A,-16.6
3920,low,1,8.0,9.0,3.4,B,-10.1
3921,low,0,12.0,34.0,8.1,A,15.0
3922,low,1,18.0,2.0,5.1,C,-1.8
3923,high,0,,6.0,8.1,C,
3924,medium,0,23.0,25.0,10.0,A,15.0
3925,high,1,4.0,4.0,3.2,A,-100.0
3926,none,2,2.0,6.0,9.2,C,10.3
3927,high,0,10.0,2.0,3.0,B,-100.0
3928,high,2,6.0,5.0,6.7,C,-100.0
3929,none,2,9.0,9.0,9.3,A,10.1
3930,high,0,9.0,0.0,3.7,C,-100.0
3931,high,1,12.0,8.0,1.1,A,-100.0
3932,high,1,8.0,11.0,5.5,A,-100.0
3933,medium,1,5.0,11.0,9.2,B,15.0
3934,high,1,30.0,4.0,8.3,D,-100.0
3935,none,3,7.0,1.0,3.8,A,-100.0
3936,high,2,8.0,14.0,3.3,A,-100.0
3937,high,0,12.0,20.0,10.0,A,-10.0
3938,medium,1,10.0,1.0,1.4,D,-100.0
3939,high,6,6.0,4.0,1.7,A,-100.0
3940,high,1,28.0,38.0,2.5,A,-100.0
3941,medium,2,12.0,4.0,8.3,A,14.4
3942,none,2,11.0,18.0,8.1,A,3.4
3943,high,0,9.0,25.0,2.2,A,-100.0
3944,low,0,6.0,9.0,4.4,C,-4.3
3945,low,1,4.0,3.0,8.0,A,15.0
3946,none,3,11.0,1.0,1.1,A,-100.0
3947,low,2,11.0,15.0,2.2,A,-17.0
3948,medium,6,9.0,48.0,3.3,A,-12.7
3949,high,3,13.0,9.0,6.3,A,-100.0
3950,high,1,2.0,13.0,8.4,B,-18.0
3951,low,0,6.0,34.0,9.2,D,15.0
3952,,0,6.0,22.0,9.6,A,12.4
3953,none,1,6.0,6.0,9.7,A,12.7
3954,medium,2,5.0,10.0,2.2,C,-18.4
3955,low,2,5.0,27.0,8.9,B,15.0
3956,high,4,3.0,9.0,3.2,A,-100.0
3957,medium,4,15.0,2.0,4.1,A,-9.2
3958,low,0,20.0,1.0,8.5,C,15.0
3959,medium,1,2.0,3.0,2.0,A,-19.1
3960,none,1,2.0,7.0,1.2,A,-100.0
3961,none,1,12.0,2.0,8.7,D,6.6
3962,high,2,30.0,16.0,5.7,B,-100.0
3963,high,4,8.0,10.0,8.0,A,-100.0
3964,medium,4,8.0,9.0,6.6,A,5.3
3965,low,0,7.0,13.0,8.7,A,15.0
3966,none,2,5.0,0.0,8.2,A,4.4
3967,medium,0,5.0,0.0,6.5,A,5.4
3968,high,1,8.0,12.0,9.1,C,-14.7
3969,low,1,13.0,10.0,6.2,A,4.8
3970,low,2,7.0,0.0,9.4,A,15.0
3971,low,3,,17.0,8.5,C,
3972,medium,1,29.0,19.0,8.5,C,14.1
3973,medium,0,8.0,0.0,2.9,A,-14.7
3974,high,2,11.0,0.0,3.4,A,-100.0
3975,none,2,4.0,2.0,9.6,A,12.2
3976,medium,1,16.0,0.0,3.1,A,-14.5
3977,low,2,14.0,4.0,5.7,C,1.8
3978,high,1,4.0,7.0,1.7,A,-100.0
3979,high,1,3.0,6.0,6.0,B,-100.0
3980,medium,3,7.0,19.0,5.2,A,-2.1
3981,medium,1,7.0,3.0,4.4,B,-6.4
3982,high,1,10.0,2.0,8.3,C,-19.4
3983,high,1,4.0,18.0,,D,
3984,high,1,7.0,2.0,2.0,A,-100.0
3985,low,1,4.0,15.0,8.5,B,15.0
3986,medium,2,9.0,39.0,5.1,A,-2.5
3987,low,1,11.0,20.0,4.3,A,-5.3
3988,high,2,2.0,16.0,8.2,A,-19.1
3989,low,1,8.0,11.0,9.7,C,15.0
3990,medium,2,2.0,4.0,8.2,A,14.9
3991,medium,4,16.0,6.0,8.6,A,15.0
3992,medium,0,19.0,12.0,6.1,C,1.9
3993,none,2,16.0,7.0,2.8,A,-100.0
3994,medium,2,9.0,3.0,9.2,A,15.0
3995,high,1,17.0,5.0,1.9,A,-100.0
3996,none,3,30.0,4.0,7.6,A,-1.5
3997,none,1,4.0,5.0,8.8,A,7.9
3998,medium,0,5.0,17.0,7.4,A,10.5
3999,high,2,9.0,34.0,1.0,C,-100.0
4000,high,3,17.0,12.0,9.2,A,-15.3
4001,low,1,7.0,17.0,2.5,A,-14.9
4002,medium,2,8.0,0.0,2.5,A,-17.1
4003,medium,0,7.0,11.0,9.5,D,15.0
4004,low,1,8.0,17.0,8.6,C,15.0
4005,medium,0,8.0,10.0,8.3,A,15.0
4006,low,4,16.0,7.0,1.9,C,-19.5
4007,none,0,2.0,4.0,8.4,A,6.0
4008,high,0,15.0,1.0,9.4,A,-13.8
4009,low,3,3.0,8.0,5.6,A,2.3
4010,medium,2,12.0,21.0,1.1,B,-100.0
4011,high,3,2.0,4.0,7.1,A,-100.0
4012,medium,2,2.0,1.0,5.8,A,1.6
4013,none,2,5.0,2.0,8.5,C,6.1
4014,high,1,2.0,25.0,1.6,C,-100.0
4015,low,2,7.0,5.0,8.8,A,15.0
4016,medium,1,25.0,6.0,3.0,A,-15.9
4017,low,0,12.0,9.0,7.0,B,9.4
4018,high,0,3.0,1.0,9.5,A,-12.0
4019,low,0,15.0,4.0,4.4,A,-5.3
4020,medium,1,9.0,1.0,2.9,A,-14.9
4021,medium,2,16.0,8.0,4.6,A,-6.3
4022,high,1,1.0,16.0,9.5,C,-11.8
4023,medium,2,1.0,18.0,5.4,A,-0.3
4024,medium,1,11.0,5.0,8.2,A,14.1
4025,low,0,8.0,5.0,1.6,A,-19.9
4026,none,3,6.0,29.0,8.4,A,5.6
4027,high,2,18.0,2.0,5.9,A,-100.0
4028,medium,1,2.0,11.0,4.5,B,-5.3
4029,medium,2,17.0,3.0,6.4,D,3.5
4030,none,0,7.0,10.0,3.7,A,-100.0
4031,low,2,14.0,15.0,5.3,C,-0.3
4032,medium,0,13.0,3.0,8.7,A,15.0
4033,low,1,20.0,0.0,2.2,A,-18.0
4034,medium,3,22.0,7.0,5.2,A,-3.7
4035,high,3,10.0,37.0,9.5,A,-12.7
4036,high,0,9.0,8.0,9.3,A,-13.7
4037,low,3,8.0,2.0,2.2,A,-17.0
4038,low,2,9.0,38.0,3.5,C,-9.5
4039,medium,4,,16.0,3.6,C,
4040,low,1,40.0,2.0,2.2,A,-20.0
4041,low,0,5.0,1.0,5.7,A,2.9
4042,high,1,4.0,10.0,3.3,A,-100.0
4043,medium,4,32.0,12.0,9.8,C,15.0
4044,low,2,7.0,0.0,7.9,A,14.6
4045,low,0,,3.0,9.8,C,
4046,medium,0,0.0,18.0,4.5,A,-4.9
4047,medium,0,0.0,9.0,2.3,C,-17.1
4048,high,0,40.0,11.0,7.8,D,-100.0
4049,low,3,11.0,17.0,2.6,A,-14.9
4050,high,4,15.0,5.0,6.9,A,-100.0
4051,none,3,6.0,3.0,8.5,A,5.9
4052,high,0,14.0,15.0,3.3,A,-100.0
4053,none,0,15.0,13.0,9.3,A,9.8
4054,high,2,21.0,17.0,2.3,C,-100.0
4055,low,3,12.0,4.0,7.8,A,13.4
4056,low,1,25.0,10.0,5.3,A,-1.4
4057,none,1,7.0,36.0,8.9,C,8.5
4058,low,1,10.0,12.0,4.2,A,-5.9
4059,high,0,13.0,14.0,8.7,D,-17.3
4060,high,2,3.0,19.0,6.9,C,-100.0
4061,high,2,3.0,1.0,2.6,A,-100.0
4062,none,1,3.0,7.0,6.8,C,-2.9
4063,none,5,2.0,50.0,2.9,A,-100.0
4064,low,1,13.0,40.0,10.0,C,15.0
4065,low,2,5.0,1.0,9.6,A,15.0
4066,low,1,4.0,35.0,9.7,A,15.0
4067,high,1,4.0,7.0,1.6,A,-100.0
4068,none,1,23.0,6.0,2.3,B,-100.0
4069,none,1,3.0,4.0,3.8,B,-19.5
4070,high,0,9.0,14.0,4.9,A,-100.0
4071,low,0,11.0,11.0,9.4,A,15.0
4072,medium,2,16.0,2.0,5.3,D,-2.5
4073,none,1,10.0,7.0,8.1,C,3.5
4074,high,3,19.0,6.0,4.1,A,-100.0
4075,medium,2,3.0,11.0,5.0,B,-2.7
4076,low,0,3.0,1.0,9.1,A,15.0
4077,high,1,4.0,1.0,5.5,C,-100.0
4078,low,0,21.0,7.0,4.7,C,-4.2
4079,medium,3,2.0,4.0,4.7,A,-4.5
4080,low,1,4.0,7.0,8.7,B,15.0
4081,low,3,8.0,24.0,3.3,C,-10.7
4082,high,0,2.0,2.0,2.6,C,-100.0
4083,none,1,13.0,1.0,4.2,A,-18.3
4084,high,1,16.0,11.0,9.0,A,-16.1
4085,high,1,5.0,6.0,7.1,A,-100.0
4086,none,4,4.0,3.0,4.8,A,-14.4
4087,medium,0,5.0,50.0,1.8,D,-20.0
4088,high,0,4.0,17.0,9.0,A,-14.7
4089,high,2,31.0,3.0,7.5,A,-100.0
4090,high,0,10.0,4.0,5.0,B,-100.0
4091,none,2,3.0,10.0,5.6,A,-9.6
4092,high,0,19.0,17.0,2.0,A,-100.0
4093,high,2,7.0,5.0,9.6,B,-12.0
4094,,1,18.0,29.0,3.5,A,-100.0
4095,low,2,13.0,19.0,2.0,A,-18.3
4096,low,1,4.0,29.0,2.7,A,-13.4
4097,low,2,3.0,21.0,5.3,A,0.9
4098,high,1,15.0,18.0,4.9,A,-100.0
4099,low,0,7.0,9.0,5.3,A,0.5
4100,high,3,21.0,16.0,4.7,A,-100.0
4101,none,0,24.0,9.0,1.8,A,-100.0
4102,high,1,4.0,9.0,4.3,A,-100.0
4103,high,3,21.0,14.0,4.7,C,-100.0
4104,low,1,4.0,19.0,1.6,A,-19.5
4105,low,2,3.0,21.0,3.6,A,-8.5
4106,medium,3,8.0,4.0,5.0,A,-3.4
4107,high,0,6.0,5.0,1.7,A,-100.0
4108,medium,2,8.0,11.0,6.3,B,3.9
4109,medium,3,8.0,50.0,7.1,A,8.6
4110,low,0,15.0,3.0,9.3,A,15.0
4111,,4,17.0,13.0,8.8,A,6.4
4112,low,3,5.0,0.0,8.7,C,15.0
4113,high,1,9.0,11.0,2.1,A,-100.0
4114,high,1,3.0,14.0,6.5,A,-100.0
4115,medium,4,3.0,37.0,7.7,A,12.1
4116,medium,3,20.0,2.0,8.8,C,15.0
4117,high,2,6.0,28.0,8.8,C,-16.1
4118,low,1,6.0,1.0,2.0,A,-17.7
4119,low,2,12.0,2.0,1.3,A,-100.0
4120,medium,0,3.0,6.0,9.4,A,15.0
4121,high,0,22.0,10.0,9.8,A,-12.2
4122,none,4,6.0,8.0,3.5,A,-100.0
4123,medium,1,10.0,7.0,8.8,C,15.0
4124,high,1,4.0,1.0,4.4,A,-100.0
4125,high,0,4.0,12.0,9.7,C,-10.9
4126,low,4,8.0,24.0,6.5,C,6.8
4127,high,1,11.0,28.0,3.3,A,-100.0
4128,low,1,9.0,18.0,9.5,A,15.0
4129,low,2,8.0,24.0,2.5,C,-15.0
4130,low,2,5.0,1.0,2.6,A,-14.4
4131,none,1,13.0,6.0,6.6,A,-5.0
4132,none,1,3.0,11.0,3.7,A,-19.9
4133,low,2,0.0,3.0,9.2,A,15.0
4134,high,3,19.0,9.0,9.6,A,-13.3
4135,medium,1,2.0,11.0,8.5,A,15.0
4136,medium,1,5.0,22.0,3.8,B,-9.3
4137,high,1,3.0,11.0,5.8,B,-100.0
4138,high,2,7.0,15.0,8.3,A,-19.1
4139,medium,1,5.0,20.0,8.7,A,15.0
4140,high,1,2.0,0.0,7.5,A,-100.0
4141,low,2,12.0,5.0,8.1,A,15.0
4142,high,0,6.0,2.0,6.3,A,-100.0
4143,high,2,13.0,4.0,7.7,A,-100.0
4144,none,1,9.0,1.0,2.2,A,-100.0
4145,none,0,4.0,7.0,8.8,A,8.1
4146,medium,0,13.0,17.0,2.7,D,-16.2
4147,medium,0,2.0,14.0,9.3,A,15.0
4148,low,2,9.0,11.0,2.0,A,-18.0
4149,low,1,4.0,25.0,1.2,C,-100.0
4150,low,0,20.0,7.0,8.4,A,15.0
4151,low,0,19.0,13.0,5.9,A,2.7
4152,medium,1,2.0,16.0,2.8,A,-14.6
4153,high,1,1.0,12.0,7.1,B,-100.0
4154,low,0,2.0,14.0,9.1,A,15.0
4155,none,1,7.0,10.0,9.9,A,13.7
4156,high,2,9.0,1.0,8.5,C,-18.3
4157,none,2,5.0,14.0,6.7,A,-3.7
4158,medium,3,6.0,3.0,5.9,A,1.7
4159,none,3,5.0,4.0,5.8,A,-8.9
4160,medium,1,12.0,24.0,9.9,A,15.0
4161,low,1,21.0,7.0,2.8,A,-14.7
4162,medium,1,10.0,6.0,2.7,A,-16.1
4163,medium,1,2.0,13.0,8.8,C,15.0
4164,low,1,12.0,5.0,2.3,A,-16.6
4165,low,1,2.0,2.0,2.9,A,-12.3
4166,none,2,6.0,1.0,5.3,A,-11.6
4167,high,0,11.0,7.0,1.1,A,-100.0
4168,high,0,5.0,17.0,9.5,A,-12.1
4169,low,0,9.0,6.0,8.6,A,15.0
4170,high,0,13.0,2.0,4.0,C,-100.0
4171,low,1,8.0,10.0,2.2,C,-16.7
4172,high,3,14.0,14.0,2.7,A,-100.0
4173,low,4,7.0,4.0,9.3,A,15.0
4174,medium,3,9.0,3.0,2.4,A,-17.8
4175,medium,1,7.0,12.0,7.6,B,11.2
4176,,3,5.0,1.0,6.8,A,-3.4
4177,medium,0,11.0,9.0,8.1,A,13.7
4178,high,2,8.0,11.0,7.2,A,-100.0
4179,medium,0,,5.0,9.2,C,
4180,high,2,4.0,9.0,8.7,D,-16.7
4181,low,2,5.0,7.0,4.6,A,-3.3
4182,low,2,17.0,1.0,3.8,A,-9.0
4183,high,3,17.0,28.0,10.0,A,-10.7
4184,medium,3,11.0,12.0,8.7,A,15.0
4185,none,0,10.0,4.0,9.5,B,11.3
4186,medium,0,4.0,10.0,8.4,A,15.0
4187,high,1,10.0,6.0,1.1,A,-100.0
4188,low,1,10.0,18.0,7.7,A,13.4
4189,high,2,9.0,11.0,3.6,A,-100.0
4190,low,2,2.0,22.0,2.9,A,-12.2
4191,medium,1,10.0,0.0,9.6,C,15.0
4192,high,3,4.0,1.0,9.0,C,-15.2
4193,low,1,13.0,34.0,3.1,D,-12.0
4194,medium,2,7.0,24.0,2.5,D,-16.8
4195,low,0,2.0,33.0,5.8,C,4.0
4196,high,2,19.0,13.0,9.3,A,-14.8
4197,low,2,40.0,11.0,9.1,B,15.0
4198,medium,0,14.0,1.0,5.1,A,-3.2
4199,high,1,2.0,1.0,7.1,D,-100.0
4200,high,2,3.0,7.0,8.9,A,-15.5
4201,low,1,10.0,6.0,2.5,A,-15.3
4202,medium,4,3.0,9.0,2.0,A,-19.5
4203,medium,2,9.0,10.0,3.4,A,-12.2
4204,low,0,12.0,16.0,5.6,A,1.8
4205,low,2,13.0,1.0,10.0,A,15.0
4206,high,2,4.0,1.0,5.1,A,-100.0
4207,low,1,4.0,10.0,9.4,C,15.0
4208,high,1,3.0,36.0,8.2,A,-18.9
4209,high,1,1.0,11.0,1.2,A,-100.0
4210,low,1,28.0,2.0,8.2,B,14.2
4211,medium,0,11.0,5.0,9.0,B,15.0
4212,none,2,14.0,4.0,8.0,B,2.4
4213,medium,1,10.0,8.0,5.2,A,-2.3
4214,low,1,6.0,12.0,1.6,A,-19.8
4215,low,2,7.0,12.0,7.4,A,11.9
4216,none,5,16.0,12.0,4.1,A,-19.4
4217,medium,2,12.0,1.0,6.1,A,2.3
4218,medium,3,2.0,8.0,3.3,A,-12.1
4219,medium,3,16.0,6.0,10.0,D,15.0
4220,medium,3,24.0,0.0,6.0,C,0.4
4221,medium,2,4.0,1.0,6.3,A,4.2
4222,high,2,10.0,7.0,5.6,A,-100.0
4223,medium,0,1.0,3.0,1.8,B,-100.0
4224,low,2,14.0,1.0,8.2,A,15.0
4225,high,2,9.0,26.0,9.2,C,-14.2
4226,none,2,4.0,3.0,2.9,A,-100.0
4227,low,1,8.0,8.0,6.9,D,9.1
4228,none,2,11.0,4.0,9.4,A,10.4
4229,none,0,21.0,9.0,8.2,A,3.1
4230,none,2,9.0,30.0,5.2,A,
4231,medium,0,6.0,9.0,6.9,A,7.6
4232,medium,0,14.0,24.0,9.1,C,15.0
4233,high,0,,14.0,2.3,C,
4234,none,2,2.0,14.0,4.0,A,-18.3
4235,medium,3,4.0,13.0,5.6,C,0.4
4236,low,0,6.0,23.0,7.0,C,10.1
4237,low,0,6.0,16.0,6.2,A,5.7
4238,low,2,7.0,25.0,6.8,A,8.7
4239,low,1,2.0,13.0,8.5,A,15.0
4240,medium,0,8.0,5.0,7.8,C,12.3
4241,medium,2,6.0,12.0,5.4,A,-0.9
4242,low,2,4.0,37.0,6.8,A,9.2
4243,high,3,12.0,21.0,9.2,A,-14.7
4244,high,1,14.0,26.0,9.0,A,-15.7
4245,low,1,16.0,7.0,8.8,C,15.0
4246,low,4,6.0,29.0,8.4,D,15.0
4247,low,2,26.0,18.0,5.5,B,-0.4
4248,low,0,27.0,5.0,1.1,A,-100.0
4249,medium,3,18.0,6.0,10.0,A,15.0
4250,medium,0,6.0,16.0,4.4,B,-6.1
4251,medium,1,2.0,47.0,3.3,B,-11.6
4252,low,0,3.0,19.0,9.6,B,15.0
4253,low,0,6.0,5.0,8.4,A,15.0
4254,high,0,8.0,2.0,3.4,D,-100.0
4255,medium,0,13.0,7.0,5.2,A,-2.5
4256,,5,8.0,1.0,1.2,A,-100.0
4257,medium,2,5.0,33.0,9.5,A,15.0
4258,high,3,4.0,34.0,6.4,A,-100.0
4259,low,1,9.0,22.0,8.6,A,15.0
4260,none,0,40.0,29.0,9.4,A,8.0
4261,high,1,7.0,2.0,8.7,B,-16.9
4262,low,1,5.0,50.0,8.9,A,15.0
4263,none,3,6.0,18.0,8.0,A,3.3
4264,none,2,20.0,10.0,2.2,A,-100.0
4265,none,2,4.0,19.0,2.3,C,-100.0
4266,none,0,12.0,24.0,3.5,D,-100.0
4267,low,4,6.0,0.0,8.5,A,15.0
4268,high,3,4.0,33.0,1.8,C,-100.0
4269,low,0,14.0,11.0,3.7,A,-8.9
4270,low,2,18.0,6.0,5.4,A,-0.2
4271,high,2,15.0,4.0,8.9,A,-16.7
4272,high,2,10.0,15.0,8.6,A,-17.8
4273,medium,1,10.0,3.0,9.0,A,15.0
4274,none,0,2.0,3.0,8.2,A,4.9
4275,medium,2,8.0,3.0,1.6,A,-100.0
4276,medium,2,18.0,17.0,9.4,A,15.0
4277,low,2,13.0,0.0,9.9,A,15.0
4278,medium,0,2.0,1.0,9.2,C,15.0
4279,medium,0,0.0,20.0,7.0,A,8.8
4280,high,0,17.0,5.0,9.6,A,-12.8
4281,low,0,5.0,10.0,9.3,A,15.0
4282,medium,2,18.0,21.0,1.7,A,-100.0
4283,high,0,6.0,8.0,3.9,C,-100.0
4284,,2,7.0,16.0,9.4,A,11.0
4285,high,2,3.0,5.0,3.4,A,-100.0
4286,medium,0,11.0,3.0,9.2,A,15.0
4287,low,0,4.0,15.0,5.2,B,0.4
4288,medium,1,1.0,7.0,,D,
4289,none,1,9.0,39.0,9.5,C,11.6
4290,medium,3,18.0,17.0,9.5,A,15.0
4291,medium,3,7.0,1.0,1.8,A,-100.0
4292,low,1,3.0,7.0,9.6,A,15.0
4293,medium,1,3.0,0.0,9.3,A,15.0
4294,high,4,3.0,14.0,3.9,A,-100.0
4295,medium,2,8.0,22.0,8.1,B,13.9
4296,none,1,9.0,1.0,5.2,A,-12.4
4297,medium,2,10.0,3.0,1.7,A,-100.0
4298,,1,8.0,3.0,4.6,B,-15.6
4299,high,1,11.0,2.0,2.3,A,-100.0
4300,high,1,6.0,19.0,6.1,B,-100.0
4301,medium,2,8.0,15.0,3.7,A,-10.4
4302,none,0,21.0,19.0,9.5,A,10.3
4303,high,0,20.0,20.0,2.1,B,-100.0
4304,low,0,4.0,4.0,8.7,A,15.0
4305,low,0,9.0,9.0,7.4,A,11.9
4306,medium,1,11.0,14.0,8.9,C,
4307,low,3,12.0,3.0,9.3,A,15.0
4308,none,1,7.0,1.0,3.9,A,-19.3
4309,low,5,12.0,15.0,4.6,A,-4.3
4310,high,1,21.0,4.0,8.4,A,-19.9
4311,medium,4,3.0,23.0,3.3,B,-12.2
4312,,2,10.0,10.0,1.6,C,-100.0
4313,none,0,7.0,46.0,5.7,C,-8.9
4314,none,3,7.0,27.0,4.0,A,-18.7
4315,low,1,16.0,6.0,6.8,A,7.8
4316,low,3,35.0,0.0,5.3,A,-2.6
4317,medium,1,11.0,5.0,2.7,A,-16.2
4318,high,2,17.0,30.0,2.6,A,-100.0
4319,medium,1,4.0,0.0,7.5,C,10.9
4320,low,2,10.0,22.0,9.7,A,15.0
4321,high,0,25.0,15.0,8.6,A,-19.1
4322,medium,1,,8.0,8.0,C,
4323,high,0,8.0,5.0,8.8,A,-16.4
4324,low,1,40.0,5.0,6.0,A,1.0
4325,low,2,4.0,35.0,4.9,A,-1.3
4326,medium,1,12.0,14.0,3.8,A,-10.1
4327,high,3,6.0,6.0,7.6,C,-100.0
4328,low,0,18.0,33.0,8.2,A,15.0
4329,none,2,,26.0,3.8,C,
4330,high,4,17.0,12.0,7.0,A,-100.0
4331,medium,2,13.0,12.0,1.3,B,-100.0
4332,low,1,11.0,13.0,2.2,A,-17.0
4333,medium,1,7.0,22.0,10.0,B,15.0
4334,none,1,4.0,23.0,8.2,A,4.8
4335,high,0,20.0,50.0,9.4,A,-13.8
4336,high,0,6.0,3.0,9.4,A,-12.9
4337,high,4,7.0,27.0,2.2,A,-100.0
4338,low,1,8.0,21.0,8.9,B,15.0
4339,none,0,6.0,14.0,9.8,C,13.4
4340,high,0,9.0,4.0,7.7,A,-100.0
4341,medium,1,5.0,15.0,2.0,A,-19.3
4342,high,1,17.0,9.0,9.8,A,-11.8
4343,none,2,2.0,9.0,1.6,C,-100.0
4344,low,2,3.0,6.0,3.6,A,-8.6
4345,low,1,7.0,4.0,8.7,A,15.0
4346,low,2,13.0,10.0,8.5,A,15.0
4347,medium,2,1.0,4.0,,B,
4348,high,2,9.0,31.0,3.8,A,-100.0
4349,high,0,3.0,6.0,5.4,A,-100.0
4350,high,1,8.0,25.0,9.3,D,-13.5
4351,high,0,1.0,0.0,8.1,A,-19.6
4352,high,1,7.0,5.0,5.2,C,-100.0
4353,high,0,12.0,3.0,8.0,A,-100.0
4354,low,1,6.0,1.0,5.0,C,-1.2
4355,none,3,2.0,10.0,9.5,A,11.9
4356,low,0,16.0,7.0,3.1,A,-12.5
4357,low,1,3.0,3.0,5.7,A,3.0
4358,,1,6.0,4.0,9.1,C,9.4
4359,high,1,7.0,10.0,2.2,A,-100.0
4360,none,1,18.0,0.0,2.2,A,-100.0
4361,high,2,18.0,30.0,9.6,A,-12.9
4362,medium,0,1.0,4.0,8.2,A,15.0
4363,low,0,10.0,1.0,3.0,C,-12.5
4364,medium,0,28.0,4.0,9.3,A,15.0
4365,medium,5,28.0,44.0,7.8,A,10.2
4366,low,1,17.0,10.0,9.9,A,15.0
4367,high,1,17.0,1.0,7.4,A,-100.0
4368,medium,0,,6.0,6.9,C,
4369,medium,4,3.0,5.0,5.0,A,-3.0
4370,low,1,2.0,27.0,8.2,A,15.0
4371,high,3,16.0,5.0,6.9,C,-100.0
4372,low,1,11.0,22.0,7.1,A,10.1
4373,none,2,7.0,16.0,7.2,C,-1.1
4374,high,0,9.0,1.0,7.8,B,-100.0
4375,low,0,21.0,0.0,9.8,A,15.0
4376,low,2,6.0,21.0,1.9,A,-18.1
4377,none,1,19.0,19.0,7.8,D,1.1
4378,high,0,35.0,24.0,3.1,A,-100.0
4379,high,2,,9.0,8.5,C,
4380,medium,0,19.0,2.0,1.8,A,-100.0
4381,low,3,15.0,2.0,2.8,A,-14.4
4382,low,2,11.0,21.0,3.2,A,-11.5
4383,medium,1,14.0,6.0,8.6,A,15.0
4384,high,1,12.0,26.0,8.6,C,-17.7
4385,none,1,15.0,11.0,3.7,C,-100.0
4386,high,3,13.0,49.0,2.0,A,-100.0
4387,high,1,7.0,2.0,1.1,A,-100.0
4388,high,1,,12.0,9.1,C,
4389,,2,23.0,0.0,6.8,A,-5.1
4390,medium,1,4.0,10.0,9.8,A,15.0
4391,low,1,3.0,16.0,1.7,D,-18.9
4392,high,0,14.0,50.0,6.2,A,-100.0
4393,medium,2,21.0,29.0,1.5,A,-100.0
4394,medium,2,5.0,10.0,8.2,A,14.6
4395,medium,3,17.0,2.0,9.0,A,15.0
4396,low,5,13.0,9.0,5.6,A,1.1
4397,high,0,11.0,19.0,6.0,A,-100.0
4398,none,2,6.0,0.0,5.7,C,-9.4
4399,none,3,8.0,1.0,9.7,A,12.3
4400,high,0,7.0,5.0,9.0,B,-15.1
4401,low,1,16.0,25.0,7.5,A,11.8
4402,medium,2,3.0,8.0,9.7,C,15.0
4403,high,2,29.0,21.0,8.1,A,-100.0
4404,medium,1,12.0,1.0,3.9,D,-9.7
4405,low,2,7.0,19.0,8.4,A,15.0
4406,medium,3,14.0,6.0,9.6,C,15.0
4407,low,1,11.0,4.0,1.2,A,-100.0
4408,low,3,28.0,0.0,8.3,B,14.6
4409,medium,1,10.0,6.0,6.7,A,5.9
4410,high,0,3.0,6.0,3.7,C,-100.0
4411,low,1,4.0,48.0,1.9,A,-17.6
4412,low,4,14.0,45.0,3.7,A,-9.0
4413,medium,2,8.0,2.0,3.4,A,-12.2
4414,high,2,13.0,1.0,4.0,A,-100.0
4415,high,1,11.0,42.0,4.5,A,-100.0
4416,low,2,7.0,14.0,9.2,C,15.0
4417,low,1,13.0,34.0,7.6,A,12.7
4418,medium,0,3.0,2.0,3.9,B,-8.7
4419,medium,1,1.0,36.0,7.1,A,9.3
4420,medium,0,14.0,14.0,9.0,B,15.0
4421,medium,1,4.0,8.0,4.1,A,-7.7
4422,low,2,4.0,12.0,3.8,A,-7.6
4423,low,2,3.0,0.0,5.0,A,-1.0
4424,medium,2,20.0,6.0,3.8,A,-11.1
4425,medium,0,12.0,2.0,3.7,C,-10.7
4426,high,2,2.0,28.0,5.4,A,-100.0
4427,high,0,6.0,11.0,5.3,A,-100.0
4428,high,1,20.0,0.0,1.4,A,-100.0
4429,none,2,8.0,9.0,7.7,A,1.4
4430,medium,2,19.0,2.0,6.7,A,4.9
4431,medium,0,6.0,4.0,3.9,A,-9.0
4432,low,1,10.0,0.0,9.7,A,15.0
4433,medium,1,3.0,5.0,1.3,A,-100.0
4434,high,3,4.0,4.0,5.6,A,-100.0
4435,none,1,4.0,22.0,6.3,B,-5.6
4436,low,3,18.0,7.0,8.4,B,15.0
4437,none,1,15.0,8.0,8.4,C,4.7
4438,medium,1,3.0,3.0,8.4,A,15.0
4439,medium,2,6.0,14.0,3.4,A,-11.8
4440,low,0,7.0,2.0,7.3,A,11.5
4441,high,2,12.0,0.0,7.4,B,-100.0
4442,high,1,8.0,9.0,1.1,C,-100.0
4443,high,2,0.0,2.0,6.8,A,-100.0
4444,high,2,11.0,1.0,7.9,A,-100.0
4445,high,1,5.0,21.0,3.4,A,-100.0
4446,low,1,12.0,10.0,7.7,C,13.1
4447,high,3,4.0,16.0,8.2,A,-19.4
4448,low,1,12.0,22.0,2.6,A,-14.8
4449,medium,0,8.0,3.0,9.2,B,15.0
4450,low,0,15.0,2.0,9.6,B,15.0
4451,low,4,22.0,21.0,8.1,A,14.2
4452,high,1,9.0,1.0,6.2,C,-100.0
4453,high,1,5.0,1.0,9.3,B,-13.4
4454,high,4,10.0,3.0,1.7,C,-100.0
4455,high,2,1.0,18.0,3.1,A,-100.0
4456,medium,1,3.0,1.0,7.4,D,10.4
4457,medium,0,7.0,31.0,9.8,A,15.0
4458,none,1,7.0,19.0,1.4,B,-100.0
4459,none,2,,5.0,9.0,C,
4460,high,2,23.0,28.0,10.0,A,-11.2
4461,high,3,6.0,7.0,4.3,A,-100.0
4462,none,1,4.0,8.0,8.3,B,5.2
4463,low,1,3.0,3.0,3.2,A,-10.8
4464,high,2,7.0,5.0,8.9,A,-15.9
4465,medium,2,11.0,19.0,3.4,A,-12.3
4466,none,0,10.0,3.0,3.0,A,-100.0
4467,high,2,12.0,2.0,6.8,B,-100.0
4468,medium,0,6.0,9.0,9.7,A,15.0
4469,high,0,24.0,4.0,6.4,C,-100.0
4470,low,2,6.0,3.0,6.5,C,7.0
4471,none,4,18.0,8.0,8.6,C,5.2
4472,low,1,9.0,1.0,2.8,A,-13.6
4473,low,1,4.0,3.0,3.3,A,-10.3
4474,medium,2,4.0,2.0,1.5,D,-100.0
4475,low,2,5.0,1.0,7.5,A,12.6
4476,low,1,12.0,11.0,3.8,A,-8.3
4477,medium,7,3.0,6.0,6.6,D,5.5
4478,none,1,0.0,37.0,4.8,C,-13.3
4479,medium,3,14.0,16.0,8.3,A,14.2
4480,none,5,9.0,4.0,8.3,B,4.3
4481,none,1,5.0,7.0,2.5,A,-100.0
4482,medium,1,5.0,8.0,9.0,C,15.0
4483,high,3,9.0,34.0,3.4,A,-100.0
4484,none,3,14.0,7.0,4.9,C,-14.7
4485,high,1,11.0,1.0,3.9,C,-100.0
4486,low,1,5.0,6.0,9.0,A,15.0
4487,high,2,1.0,21.0,5.8,A,-100.0
4488,high,0,19.0,0.0,1.9,B,-100.0
4489,low,0,5.0,26.0,2.5,C,-14.5
4490,medium,2,15.0,18.0,5.8,A,0.5
4491,low,3,4.0,0.0,2.9,C,-12.8
4492,low,0,10.0,43.0,5.1,C,-0.5
4493,low,0,6.0,8.0,5.3,A,0.6
4494,medium,2,25.0,1.0,3.0,C,-16.1
4495,low,2,8.0,12.0,3.1,A,-11.8
4496,medium,0,9.0,15.0,8.7,A,15.0
4497,none,0,20.0,13.0,1.3,B,-100.0
4498,low,0,6.0,12.0,8.6,A,15.0
4499,high,4,6.0,16.0,5.7,C,-100.0
4500,medium,1,7.0,32.0,5.4,A,-0.7
4501,high,1,1.0,25.0,8.7,B,-16.1
4502,high,1,18.0,6.0,8.6,A,-18.5
4503,medium,1,9.0,10.0,9.2,A,15.0
4504,high,4,8.0,23.0,9.7,B,-11.6
4505,none,2,1.0,1.0,4.4,A,-16.1
4506,low,0,4.0,1.0,8.9,A,15.0
4507,medium,1,8.0,8.0,9.6,A,15.0
4508,low,4,5.0,0.0,1.4,A,-100.0
4509,low,0,5.0,0.0,5.4,B,1.2
4510,medium,2,18.0,6.0,9.0,A,15.0
4511,high,0,3.0,2.0,6.2,B,-100.0
4512,high,1,6.0,4.0,1.4,B,-100.0
4513,medium,1,1.0,7.0,8.1,A,14.5
4514,low,1,7.0,40.0,6.8,A,9.0
4515,low,1,8.0,16.0,9.3,A,15.0
4516,none,0,11.0,5.0,1.9,A,-100.0
4517,medium,3,23.0,2.0,7.3,B,7.7
4518,low,2,16.0,6.0,8.1,A,14.8
4519,low,0,4.0,25.0,1.2,A,-100.0
4520,high,0,,10.0,4.8,C,
4521,high,0,4.0,7.0,4.8,A,-100.0
4522,low,3,20.0,17.0,8.0,C,13.9
4523,medium,0,1.0,8.0,1.7,B,-100.0
4524,,2,8.0,4.0,7.7,D,1.4
4525,low,2,25.0,10.0,1.5,A,-100.0
4526,low,2,8.0,2.0,6.5,C,6.8
4527,low,3,14.0,44.0,5.5,C,1.0
4528,none,1,1.0,13.0,9.2,A,10.5
4529,low,1,7.0,1.0,4.1,C,-6.2
4530,none,2,6.0,7.0,8.0,C,3.3
4531,medium,1,1.0,24.0,7.2,C,9.8
4532,medium,1,6.0,1.0,8.8,A,15.0
4533,low,2,5.0,31.0,2.7,C,-13.5
4534,medium,3,14.0,0.0,9.5,A,15.0
4535,low,0,18.0,4.0,8.4,C,15.0
4536,none,3,29.0,3.0,5.5,A,-12.9
4537,high,1,15.0,1.0,,D,
4538,low,1,12.0,1.0,9.5,A,15.0
4539,low,1,9.0,1.0,1.9,B,-18.5
4540,low,1,10.0,12.0,8.7,A,15.0
4541,high,2,10.0,8.0,9.4,A,-13.4
4542,medium,1,1.0,1.0,9.2,A,15.0
4543,,2,12.0,7.0,6.8,C,-3.9
4544,none,5,12.0,2.0,3.6,C,-100.0
4545,none,2,1.0,48.0,9.4,A,11.9
4546,medium,2,6.0,14.0,10.0,A,15.0
4547,high,3,,7.0,7.5,C,
4548,high,0,14.0,5.0,9.0,C,-15.9
4549,none,1,5.0,1.0,3.6,C,-100.0
4550,none,1,12.0,2.0,7.3,A,-1.1
4551,high,3,21.0,15.0,3.5,A,-100.0
4552,high,3,9.0,13.0,1.2,A,-100.0
4553,medium,0,6.0,0.0,8.0,A,13.5
4554,low,0,9.0,5.0,9.7,A,15.0
4555,medium,1,5.0,8.0,1.3,A,-100.0
4556,none,2,14.0,4.0,4.4,A,-17.4
4557,medium,2,8.0,4.0,1.8,A,-100.0
4558,high,3,3.0,15.0,3.9,C,-100.0
4559,low,0,9.0,11.0,7.8,D,14.1
4560,low,2,10.0,50.0,6.7,C,8.1
4561,low,0,2.0,5.0,4.2,C,-5.1
4562,low,1,13.0,11.0,9.7,A,15.0
4563,high,1,11.0,33.0,1.4,B,-100.0
4564,high,0,8.0,9.0,2.0,C,-100.0
4565,low,1,29.0,2.0,7.6,A,10.8
4566,medium,1,5.0,4.0,6.8,A,7.0
4567,high,2,23.0,3.0,3.2,A,-100.0
4568,none,0,15.0,9.0,9.8,A,12.5
4569,low,1,15.0,1.0,4.3,A,-6.0
4570,medium,2,11.0,2.0,3.3,A,-13.0
4571,low,0,2.0,6.0,1.6,D,-19.3
4572,low,0,20.0,7.0,6.3,A,4.7
4573,medium,1,10.0,8.0,3.5,A,-11.6
4574,medium,3,3.0,4.0,2.6,C,-16.1
4575,medium,4,12.0,3.0,8.8,A,15.0
4576,high,2,4.0,11.0,1.6,C,-100.0
4577,high,1,36.0,9.0,9.3,B,-16.4
4578,none,2,6.0,8.0,9.0,A,8.8
4579,high,3,5.0,21.0,9.0,A,-15.1
4580,medium,0,3.0,5.0,1.4,C,-100.0
4581,medium,3,10.0,21.0,1.3,C,-100.0
4582,none,0,6.0,6.0,8.6,B,6.8
4583,none,3,6.0,10.0,6.5,D,-5.1
4584,medium,2,10.0,0.0,2.5,C,-17.3
4585,high,1,25.0,0.0,7.6,A,-100.0
4586,high,3,17.0,5.0,9.3,C,-14.8
4587,low,2,4.0,11.0,9.7,A,15.0
4588,high,1,13.0,1.0,8.1,C,-100.0
4589,medium,3,10.0,0.0,9.2,C,15.0
4590,high,0,11.0,17.0,1.5,D,-100.0
4591,,2,17.0,2.0,9.4,A,9.8
4592,none,2,5.0,33.0,4.0,A,-18.4
4593,none,0,12.0,1.0,1.4,A,-100.0
4594,low,1,5.0,5.0,3.5,B,-9.3
4595,low,0,13.0,5.0,8.5,A,15.0
4596,medium,1,10.0,38.0,8.4,C,15.0
4597,high,0,5.0,13.0,9.6,A,-11.6
4598,high,0,19.0,26.0,4.1,A,-100.0
4599,high,1,23.0,13.0,7.3,C,-100.0
4600,none,1,14.0,3.0,2.2,A,-100.0
4601,none,3,39.0,14.0,2.3,C,-100.0
4602,high,0,17.0,3.0,1.9,A,-100.0
4603,none,3,15.0,1.0,9.0,A,7.7
4604,low,6,2.0,24.0,1.3,A,-100.0
4605,high,1,18.0,6.0,7.8,B,-100.0
4606,low,4,3.0,5.0,5.5,A,1.6
4607,high,1,7.0,5.0,4.7,A,-100.0
4608,low,2,26.0,6.0,8.5,A,15.0
4609,low,2,6.0,21.0,9.4,B,15.0
4610,medium,2,4.0,11.0,3.0,A,-13.9
4611,medium,2,1.0,2.0,8.8,A,15.0
4612,medium,2,2.0,10.0,1.0,A,-100.0
4613,low,3,11.0,8.0,8.7,A,15.0
4614,,3,2.0,2.0,9.9,A,14.0
4615,none,2,11.0,40.0,7.4,A,-0.2
4616,high,0,,1.0,4.3,C,
4617,low,1,6.0,32.0,8.4,A,15.0
4618,medium,1,11.0,1.0,1.5,C,-100.0
4619,medium,0,17.0,48.0,3.6,B,-11.3
4620,none,1,8.0,41.0,6.6,C,-4.2
4621,low,2,11.0,1.0,8.9,A,15.0
4622,medium,2,18.0,8.0,8.3,A,13.9
4623,high,1,5.0,35.0,4.5,A,-100.0
4624,high,2,15.0,1.0,8.5,A,-18.9
4625,high,3,28.0,7.0,1.4,C,-100.0
4626,medium,1,1.0,20.0,,B,
4627,none,0,2.0,8.0,8.8,A,8.3
4628,high,0,12.0,5.0,8.7,A,-17.3
4629,low,2,20.0,13.0,7.3,A,10.1
4630,high,2,8.0,4.0,9.6,C,-12.2
4631,none,1,7.0,14.0,4.2,A,-17.6
4632,high,0,17.0,1.0,9.2,B,-15.1
4633,low,0,13.0,48.0,5.7,A,2.5
4634,high,0,17.0,15.0,2.4,A,-100.0
4635,none,0,10.0,7.0,9.8,A,13.0
4636,low,1,2.0,29.0,7.1,A,11.0
4637,high,1,7.0,1.0,9.0,A,-15.3
4638,medium,1,9.0,4.0,8.8,A,15.0
4639,medium,1,10.0,17.0,8.7,A,15.0
4640,high,3,30.0,1.0,3.1,A,-100.0
4641,medium,1,4.0,3.0,8.8,C,15.0
4642,low,3,16.0,2.0,1.8,A,-20.0
4643,medium,3,7.0,34.0,2.2,A,-18.4
4644,none,2,11.0,18.0,9.5,A,11.1
4645,low,1,4.0,8.0,4.3,C,-4.8
4646,high,2,7.0,1.0,9.7,B,-11.5
4647,low,3,10.0,6.0,5.1,A,-1.2
4648,low,0,2.0,11.0,1.6,A,-19.3
4649,medium,2,6.0,43.0,2.4,B,-17.0
4650,high,1,11.0,19.0,2.1,A,-100.0
4651,low,4,11.0,25.0,2.9,B,-13.3
4652,medium,0,8.0,7.0,8.7,C,15.0
4653,none,1,10.0,4.0,7.9,C,2.4
4654,low,2,2.0,0.0,9.6,A,15.0
4655,medium,2,7.0,5.0,7.2,A,8.9
4656,high,1,17.0,1.0,9.0,A,-16.3
4657,low,0,19.0,9.0,9.8,A,15.0
4658,low,1,1.0,7.0,7.2,C,11.5
4659,medium,1,1.0,9.0,1.0,A,-100.0
4660,low,1,4.0,4.0,1.4,B,-100.0
4661,low,4,5.0,10.0,7.4,A,11.9
4662,medium,2,10.0,1.0,4.3,A,-7.4
4663,low,0,15.0,45.0,8.2,A,15.0
4664,high,1,2.0,1.0,8.4,A,-18.1
4665,medium,2,2.0,3.0,5.9,A,2.2
4666,high,0,1.0,3.0,2.3,A,-100.0
4667,high,1,3.0,10.0,3.8,A,-100.0
4668,high,2,,6.0,7.9,C,
4669,none,2,3.0,26.0,2.7,B,-100.0
4670,none,3,26.0,1.0,7.4,C,-2.2
4671,medium,2,13.0,14.0,9.8,A,15.0
4672,medium,0,3.0,20.0,7.9,A,13.5
4673,none,0,9.0,5.0,1.4,A,-100.0
4674,none,2,8.0,1.0,9.0,A,8.5
4675,medium,1,,1.0,9.7,C,
4676,low,3,1.0,6.0,1.7,A,-19.0
4677,none,2,3.0,24.0,1.5,A,-100.0
4678,low,2,11.0,14.0,1.6,C,-100.0
4679,medium,0,9.0,2.0,9.8,A,15.0
4680,low,1,13.0,28.0,3.6,A,-9.3
4681,high,1,3.0,19.0,7.9,A,-100.0
4682,low,2,19.0,5.0,3.4,A,-11.3
4683,medium,2,5.0,21.0,9.3,A,15.0
4684,low,0,6.0,50.0,8.4,C,15.0
4685,low,6,14.0,44.0,5.4,A,0.1
4686,none,2,12.0,11.0,1.3,A,-100.0
4687,high,2,25.0,20.0,7.8,A,-100.0
4688,high,2,6.0,3.0,6.4,A,-100.0
4689,low,0,17.0,8.0,6.0,A,3.4
4690,medium,1,15.0,5.0,8.5,A,15.0
4691,low,4,8.0,23.0,9.4,A,15.0
4692,high,0,14.0,9.0,2.9,A,-100.0
4693,high,3,15.0,20.0,9.2,A,-15.0
4694,,3,7.0,8.0,8.9,C,8.0
4695,,3,7.0,1.0,3.2,A,-100.0
4696,low,1,17.0,16.0,8.1,C,14.9
4697,high,2,10.0,9.0,8.3,A,-19.5
4698,none,1,10.0,1.0,6.7,A,-4.2
4699,low,4,7.0,4.0,9.3,A,15.0
4700,low,3,3.0,1.0,2.4,B,-15.4
4701,none,0,8.0,22.0,2.9,A,-100.0
4702,,0,13.0,0.0,9.2,A,9.3
4703,medium,1,12.0,3.0,5.2,A,-2.5
4704,low,2,2.0,4.0,4.4,A,-4.1
4705,medium,1,9.0,11.0,6.6,B,5.5
4706,none,4,12.0,1.0,7.7,A,0.8
4707,medium,1,4.0,5.0,8.9,A,15.0
4708,high,2,16.0,20.0,2.1,A,-100.0
4709,medium,3,16.0,4.0,8.2,A,13.4
4710,high,1,14.0,12.0,1.1,C,-100.0
4711,high,1,28.0,20.0,3.5,A,-100.0
4712,high,1,13.0,5.0,5.6,A,-100.0
4713,medium,2,1.0,13.0,8.4,A,15.0
4714,none,0,5.0,1.0,4.4,A,-16.3
4715,high,1,17.0,3.0,7.6,C,-100.0
4716,low,3,18.0,6.0,8.5,A,15.0
4717,medium,2,21.0,12.0,7.6,A,9.7
4718,medium,1,5.0,5.0,5.4,B,-0.7
4719,medium,2,3.0,5.0,8.8,C,15.0
4720,high,1,1.0,1.0,3.2,A,-100.0
4721,low,1,3.0,9.0,4.6,A,-3.0
4722,low,1,13.0,19.0,9.5,A,15.0
4723,medium,0,25.0,11.0,7.3,A,7.9
4724,none,1,5.0,1.0,9.0,B,8.9
4725,medium,2,21.0,3.0,8.7,A,15.0
4726,low,1,38.0,27.0,5.3,A,-2.5
4727,high,4,9.0,9.0,9.3,A,-14.1
4728,high,0,9.0,14.0,8.0,A,-100.0
4729,medium,3,4.0,18.0,9.1,A,15.0
4730,high,0,4.0,24.0,1.0,A,-100.0
4731,medium,1,11.0,6.0,8.7,C,15.0
4732,medium,2,3.0,18.0,8.4,A,15.0
4733,low,2,2.0,18.0,1.4,A,-100.0
4734,medium,0,1.0,19.0,5.3,A,-0.6
4735,medium,2,3.0,4.0,9.5,A,15.0
4736,none,3,14.0,15.0,4.4,A,-17.4
4737,high,0,14.0,1.0,6.5,A,-100.0
4738,low,1,5.0,24.0,3.9,A,-6.9
4739,medium,1,11.0,1.0,4.1,A,-8.5
4740,high,1,11.0,0.0,9.7,C,-11.8
4741,low,1,14.0,2.0,4.1,A,-6.9
4742,high,1,22.0,23.0,6.1,A,-100.0
4743,high,2,9.0,3.0,8.6,D,-17.8
4744,high,1,7.0,7.0,4.8,A,-100.0
4745,medium,1,6.0,6.0,2.6,A,-16.2
4746,high,2,17.0,12.0,8.4,A,-19.6
4747,low,1,26.0,6.0,9.2,A,15.0
4748,low,3,5.0,3.0,9.8,C,15.0
4749,high,1,1.0,5.0,1.1,A,-100.0
4750,high,1,9.0,0.0,5.9,A,-100.0
4751,low,1,15.0,1.0,9.8,A,15.0
4752,high,1,2.0,7.0,4.9,D,-100.0
4753,medium,1,8.0,35.0,9.8,A,15.0
4754,high,3,3.0,12.0,2.3,A,-100.0
4755,high,3,3.0,21.0,2.4,C,-100.0
4756,high,2,4.0,19.0,5.1,B,-100.0
4757,medium,2,22.0,0.0,9.1,A,15.0
4758,low,0,19.0,28.0,9.7,A,15.0
4759,low,1,4.0,4.0,8.5,A,15.0
4760,medium,2,8.0,10.0,2.7,A,-15.9
4761,none,1,10.0,3.0,8.2,A,4.0
4762,high,2,13.0,3.0,8.5,C,-18.7
4763,none,3,7.0,7.0,9.2,A,9.7
4764,none,0,11.0,5.0,9.5,A,11.2
4765,high,2,5.0,4.0,6.5,A,-100.0
4766,high,0,23.0,4.0,3.2,A,-100.0
4767,medium,4,7.0,4.0,3.6,A,-11.1
4768,high,2,13.0,1.0,5.8,A,-100.0
4769,low,1,13.0,16.0,2.5,D,-15.5
4770,none,2,27.0,30.0,7.2,A,-3.0
4771,none,1,6.0,22.0,9.3,B,10.7
4772,low,2,7.0,1.0,7.0,A,9.6
4773,high,1,8.0,2.0,4.2,A,-100.0
4774,low,1,10.0,14.0,5.8,A,2.9
4775,high,0,4.0,19.0,1.7,A,-100.0
4776,high,0,4.0,39.0,8.7,C,-16.2
4777,medium,4,11.0,20.0,3.0,C,-14.7
4778,high,1,8.0,5.0,10.0,A,-9.8
4779,medium,1,6.0,3.0,9.6,D,15.0
4780,medium,0,18.0,10.0,1.0,A,-100.0
4781,low,2,8.0,9.0,3.3,C,-10.8
4782,medium,3,3.0,4.0,5.5,A,-0.2
4783,low,1,4.0,0.0,7.6,B,13.3
4784,low,1,3.0,0.0,9.1,A,15.0
4785,low,1,6.0,8.0,6.2,A,5.5
4786,none,0,23.0,24.0,3.7,B,-100.0
4787,none,2,7.0,1.0,8.7,A,7.0
4788,none,1,12.0,0.0,5.4,A,-11.6
4789,low,4,4.0,8.0,2.2,A,-16.6
4790,low,1,18.0,13.0,8.5,A,15.0
4791,none,2,3.0,5.0,8.3,A,5.2
4792,medium,0,7.0,14.0,1.9,C,-20.0
4793,low,2,3.0,5.0,1.5,A,-100.0
4794,high,4,21.0,9.0,8.1,D,-100.0
4795,high,0,2.0,3.0,8.3,A,-18.5
4796,high,1,11.0,2.0,5.7,B,-100.0
4797,medium,1,3.0,4.0,4.1,A,-7.7
4798,medium,5,8.0,22.0,3.0,C,-14.4
4799,low,1,11.0,7.0,8.1,A,15.0
4800,medium,0,9.0,15.0,6.9,B,7.3
4801,high,4,3.0,8.0,10.0,C,-9.6
4802,high,1,7.0,21.0,2.0,A,-100.0
4803,medium,2,3.0,10.0,7.3,A,9.9
4804,low,2,8.0,50.0,3.8,A,-7.6
4805,none,3,6.0,6.0,1.3,A,-100.0
4806,medium,1,6.0,7.0,9.8,C,15.0
4807,low,1,5.0,1.0,8.3,B,15.0
4808,high,2,9.0,13.0,7.1,C,-100.0
4809,medium,1,12.0,3.0,5.7,D,0.2
4810,medium,2,6.0,6.0,7.2,A,9.0
4811,high,0,4.0,13.0,2.5,A,-100.0
4812,high,1,11.0,6.0,9.4,D,-13.4
4813,high,1,3.0,18.0,4.2,A,-100.0
4814,low,5,7.0,17.0,7.8,B,13.9
4815,medium,3,5.0,37.0,8.1,A,14.2
4816,high,0,20.0,0.0,6.5,B,-100.0
4817,high,0,6.0,39.0,6.2,C,-100.0
4818,low,1,15.0,6.0,10.0,A,15.0
4819,high,1,30.0,10.0,6.2,B,-100.0
4820,medium,1,12.0,5.0,9.5,C,15.0
4821,high,0,6.0,50.0,9.7,A,-10.8
4822,low,0,7.0,2.0,5.6,A,2.1
4823,high,1,7.0,2.0,8.5,A,-18.0
4824,none,1,3.0,4.0,4.9,A,-13.4
4825,medium,3,11.0,8.0,6.5,B,4.5
4826,medium,0,4.0,7.0,9.8,C,15.0
4827,medium,2,3.0,3.0,4.3,A,
4828,low,1,12.0,1.0,6.5,D,6.5
4829,high,0,3.0,1.0,2.1,A,-100.0
4830,medium,1,3.0,1.0,6.7,A,6.6
4831,none,1,9.0,6.0,8.4,A,5.3
4832,high,2,9.0,9.0,6.6,B,-100.0
4833,medium,2,0.0,2.0,2.2,A,-18.0
4834,medium,1,10.0,8.0,2.3,D,-18.2
4835,medium,2,9.0,1.0,7.6,A,10.8
4836,none,2,5.0,30.0,6.0,A,-7.4
4837,none,2,7.0,50.0,8.8,A,8.0
4838,,3,8.0,16.0,2.8,B,-100.0
4839,low,2,9.0,3.0,6.8,B,8.3
4840,high,0,13.0,10.0,3.7,A,-100.0
4841,low,2,4.0,3.0,3.8,A,-7.7
4842,medium,4,18.0,3.0,1.4,A,-100.0
4843,medium,2,9.0,12.0,2.3,A,-18.2
4844,medium,1,15.0,14.0,2.0,A,-100.0
4845,high,2,13.0,3.0,8.2,C,-100.0
4846,high,2,16.0,3.0,3.7,C,-100.0
4847,none,0,16.0,3.0,3.8,A,-100.0
4848,high,2,21.0,1.0,8.7,A,-18.4
4849,low,0,2.0,22.0,1.1,C,-100.0
4850,medium,1,7.0,11.0,8.1,A,14.0
4851,medium,2,10.0,45.0,3.2,A,-13.0
4852,medium,1,8.0,1.0,4.9,C,-3.8
4853,low,3,6.0,1.0,1.5,C,-100.0
4854,low,6,6.0,5.0,9.1,A,15.0
4855,low,1,32.0,22.0,6.3,B,3.6
4856,low,1,8.0,8.0,8.5,A,15.0
4857,low,1,3.0,21.0,8.0,B,15.0
4858,none,2,23.0,2.0,6.6,C,-6.2
4859,low,1,7.0,7.0,8.2,A,15.0
4860,high,3,13.0,19.0,4.2,C,-100.0
4861,medium,1,13.0,8.0,4.2,A,-8.1
4862,high,0,14.0,9.0,8.8,A,-16.9
4863,high,0,10.0,15.0,9.7,A,-11.5
4864,medium,2,17.0,13.0,3.5,C,-12.4
4865,low,0,5.0,7.0,9.2,A,15.0
4866,medium,1,5.0,10.0,4.9,C,-3.4
4867,low,2,8.0,6.0,8.4,B,15.0
4868,low,1,28.0,3.0,9.9,B,15.0
4869,high,1,12.0,9.0,9.3,A,-14.1
4870,high,0,0.0,17.0,8.4,A,-17.6
4871,high,1,6.0,21.0,3.0,A,-100.0
4872,low,0,12.0,4.0,8.1,A,15.0
4873,high,0,7.0,4.0,9.0,C,-15.2
4874,none,3,5.0,1.0,9.8,A,13.1
4875,high,2,13.0,23.0,3.8,A,-100.0
4876,medium,1,13.0,24.0,9.5,C,15.0
4877,low,1,6.0,1.0,6.7,A,8.2
4878,medium,0,6.0,3.0,5.1,A,-2.4
4879,low,1,21.0,6.0,2.1,A,-18.6
4880,high,0,13.0,31.0,2.1,B,-100.0
4881,high,4,16.0,9.0,3.5,C,-100.0
4882,none,1,3.0,5.0,2.3,B,-100.0
4883,high,0,5.0,7.0,9.9,B,-10.0
4884,low,2,13.0,18.0,5.6,A,1.5
4885,medium,0,24.0,7.0,5.5,D,-1.9
4886,low,0,12.0,23.0,2.2,A,-16.9
4887,high,3,4.0,22.0,5.9,A,-100.0
4888,high,0,9.0,3.0,9.6,C,-12.1
4889,medium,3,3.0,2.0,2.4,A,-17.3
4890,high,2,6.0,2.0,6.6,A,-100.0
4891,high,1,15.0,27.0,4.2,A,-100.0
4892,high,1,13.0,16.0,9.3,D,-14.1
4893,medium,3,7.0,1.0,4.3,A,-7.2
4894,none,1,2.0,5.0,9.0,C,9.2
4895,low,3,8.0,25.0,9.4,A,15.0
4896,high,2,4.0,11.0,2.7,A,-100.0
4897,high,1,5.0,2.0,9.5,A,-12.3
4898,medium,7,9.0,6.0,9.1,B,15.0
4899,low,3,3.0,6.0,6.5,A,7.2
4900,high,0,11.0,2.0,2.6,D,-100.0
4901,medium,1,10.0,3.0,1.7,A,-100.0
4902,,1,4.0,3.0,7.1,A,-1.4
4903,medium,0,9.0,29.0,4.4,A,-6.3
4904,high,0,3.0,14.0,6.5,A,-100.0
4905,high,2,3.0,8.0,8.2,A,-19.3
4906,low,0,12.0,14.0,2.9,A,-13.1
4907,low,0,12.0,4.0,9.6,A,15.0
4908,medium,2,7.0,23.0,3.8,A,-9.6
4909,low,2,8.0,3.0,8.9,A,15.0
4910,none,1,5.0,2.0,9.8,D,13.3
4911,medium,3,12.0,3.0,8.5,B,15.0
4912,high,2,25.0,1.0,9.9,A,-12.2
4913,medium,1,10.0,32.0,9.4,C,15.0
4914,low,0,6.0,8.0,1.6,A,-19.7
4915,none,1,2.0,1.0,8.5,A,6.5
4916,,0,1.0,20.0,6.9,A,-1.9
4917,high,0,18.0,13.0,9.6,A,-12.9
4918,none,0,10.0,9.0,3.4,A,-100.0
4919,medium,3,31.0,35.0,4.1,A,-10.4
4920,medium,1,10.0,12.0,1.5,A,-100.0
4921,medium,1,4.0,3.0,9.2,C,15.0
4922,high,3,18.0,18.0,3.6,B,-100.0
4923,high,3,15.0,41.0,3.5,A,-100.0
4924,low,3,4.0,11.0,7.1,A,10.5
4925,high,0,2.0,5.0,4.8,A,-100.0
4926,none,1,7.0,42.0,2.7,D,-100.0
4927,low,1,17.0,5.0,1.7,A,-100.0
4928,low,1,1.0,4.0,9.2,A,15.0
4929,low,1,36.0,6.0,8.7,D,15.0
4930,high,2,22.0,15.0,7.1,A,-100.0
4931,none,1,18.0,15.0,5.4,A,-12.0
4932,low,2,7.0,8.0,4.8,A,-2.4
4933,high,3,40.0,39.0,8.6,A,-100.0
4934,low,2,10.0,27.0,8.1,A,15.0
4935,medium,2,20.0,10.0,9.8,A,15.0
4936,high,0,10.0,10.0,4.7,A,-100.0
4937,none,2,1.0,8.0,5.7,A,-8.9
4938,low,1,3.0,18.0,1.5,C,-20.0
4939,none,2,12.0,9.0,9.2,A,9.3
4940,medium,3,14.0,3.0,6.8,A,5.9
4941,low,2,17.0,6.0,2.6,A,-15.5
4942,high,3,1.0,5.0,6.5,A,-100.0
4943,high,5,3.0,15.0,7.6,C,-100.0
4944,medium,1,3.0,10.0,8.8,C,15.0
4945,medium,2,13.0,0.0,5.5,A,-1.1
4946,high,0,12.0,3.0,3.5,A,-100.0
4947,none,1,16.0,25.0,1.0,A,-100.0
4948,high,0,5.0,5.0,8.9,C,-15.5
4949,high,0,3.0,13.0,9.0,A,-14.7
4950,high,0,6.0,1.0,9.7,A,-11.2
4951,high,1,2.0,42.0,3.3,C,-100.0
4952,medium,1,3.0,14.0,3.5,C,-10.9
4953,medium,1,5.0,15.0,8.2,C,14.8
4954,medium,5,11.0,28.0,3.3,A,-13.0
4955,none,3,4.0,15.0,7.6,C,1.3
4956,low,2,10.0,4.0,1.2,A,-100.0
4957,high,2,7.0,4.0,7.7,A,-100.0
4958,none,0,14.0,29.0,6.2,A,-7.0
4959,high,0,12.0,2.0,9.2,C,-14.6
4960,low,0,19.0,4.0,9.0,A,15.0
4961,low,2,9.0,2.0,4.3,A,-5.4
4962,medium,1,24.0,4.0,8.4,A,13.9
4963,high,0,20.0,43.0,8.6,C,-18.3
4964,medium,2,4.0,31.0,8.2,A,14.9
4965,high,0,18.0,14.0,6.8,A,-100.0
4966,medium,0,20.0,11.0,6.3,D,2.9
4967,none,1,4.0,29.0,1.6,A,-100.0
4968,high,0,8.0,1.0,3.2,C,-100.0
4969,none,0,14.0,19.0,8.4,A,5.0
4970,medium,2,11.0,4.0,1.7,A,-100.0
4971,medium,2,10.0,16.0,9.9,C,15.0
4972,none,0,3.0,12.0,1.9,C,-100.0
4973,high,3,16.0,0.0,8.1,A,-100.0
4974,low,1,7.0,1.0,1.2,A,-100.0
4975,low,1,6.0,23.0,9.2,C,15.0
4976,medium,0,21.0,2.0,6.5,A,3.8
4977,low,0,4.0,16.0,2.5,A,-14.5
4978,medium,0,12.0,28.0,9.7,A,15.0
4979,medium,1,11.0,20.0,8.6,A,15.0
4980,low,1,10.0,5.0,9.2,C,15.0
4981,none,2,8.0,1.0,2.5,A,-100.0
4982,low,2,5.0,1.0,5.7,C,2.7
4983,high,2,26.0,3.0,8.7,C,-18.9
4984,high,1,22.0,1.0,3.6,B,-100.0
4985,high,1,2.0,10.0,8.4,A,-18.0
4986,none,1,6.0,1.0,4.7,A,-14.8
4987,none,1,17.0,5.0,7.0,C,-3.2
4988,high,1,7.0,32.0,9.5,B,-12.2
4989,none,5,2.0,4.0,8.3,B,5.0
4990,low,3,9.0,7.0,2.4,A,-15.9
4991,low,1,5.0,15.0,2.9,A,-12.5
4992,none,2,28.0,5.0,4.8,A,-16.5
4993,low,1,31.0,22.0,3.8,A,-10.1
4994,low,2,20.0,1.0,4.6,A,-4.9
4995,low,1,1.0,11.0,8.7,A,15.0
4996,low,1,4.0,26.0,2.1,A,-16.7
4997,low,4,9.0,3.0,3.0,C,-12.8
4998,medium,2,7.0,2.0,8.5,C,15.0
4999,none,0,1.0,1.0,2.6,C,-100.0
5000,low,2,6.0,23.0,7.1,C,10.5
5001,high,0,7.0,37.0,5.6,A,-100.0
5002,none,1,5.0,2.0,8.9,A,8.4
5003,medium,3,15.0,17.0,6.5,B,4.3
5004,low,3,3.0,1.0,8.3,D,15.0
5005,high,2,4.0,12.0,9.9,A,-10.0
5006,medium,1,7.0,12.0,7.0,A,7.9
5007,low,0,3.0,5.0,9.7,A,15.0
5008,low,2,3.0,10.0,3.7,D,-8.0
5009,low,3,10.0,1.0,8.5,A,15.0
5010,high,1,8.0,36.0,1.2,B,-100.0
5011,high,1,10.0,15.0,2.9,A,-100.0
5012,high,1,17.0,9.0,1.6,C,-100.0
5013,high,1,7.0,3.0,5.1,D,-100.0
5014,medium,1,17.0,1.0,9.6,D,15.0
5015,high,2,17.0,3.0,2.6,C,-100.0
5016,low,3,19.0,7.0,6.2,C,4.0
5017,none,2,10.0,27.0,9.9,D,13.5
5018,medium,1,17.0,42.0,9.0,D,15.0
5019,medium,1,11.0,14.0,9.9,A,15.0
5020,high,4,3.0,2.0,8.2,A,-19.6
5021,medium,0,1.0,24.0,8.3,C,15.0
5022,,0,6.0,10.0,2.8,A,-100.0
5023,medium,2,9.0,1.0,7.3,A,9.2
5024,low,1,5.0,21.0,1.2,A,-100.0
5025,medium,0,5.0,0.0,8.2,A,14.7
5026,high,2,8.0,1.0,8.0,A,-100.0
5027,low,1,3.0,9.0,4.6,A,-3.0
5028,high,1,7.0,0.0,8.8,C,-16.4
5029,high,3,3.0,18.0,8.4,A,-18.2
5030,medium,0,12.0,8.0,3.6,C,-11.2
5031,low,0,17.0,22.0,2.5,A,-15.7
5032,high,1,6.0,5.0,8.2,A,-19.6
5033,none,1,5.0,8.0,3.5,A,-100.0
5034,medium,1,11.0,33.0,5.8,A,1.2
5035,medium,1,9.0,26.0,8.3,C,15.0
5036,low,2,16.0,8.0,8.2,A,15.0
5037,none,1,2.0,25.0,7.2,D,-0.5
5038,high,2,18.0,6.0,9.8,C,-12.0
5039,high,0,11.0,14.0,2.3,A,-100.0
5040,medium,1,18.0,4.0,6.0,A,1.3
5041,high,2,7.0,8.0,6.9,C,-100.0
5042,low,2,9.0,4.0,9.6,A,15.0
5043,medium,2,5.0,30.0,3.8,C,-9.4
5044,high,2,8.0,19.0,6.2,A,-100.0
5045,none,2,7.0,18.0,8.2,A,4.4
5046,medium,1,2.0,0.0,2.3,A,-17.5
5047,medium,0,27.0,6.0,3.6,B,-12.7
5048,none,2,3.0,24.0,7.6,A,1.5
5049,high,1,1.0,12.0,2.5,B,-100.0
5050,medium,2,6.0,22.0,7.6,A,11.3
5051,medium,0,18.0,9.0,2.4,A,-18.4
5052,medium,2,5.0,3.0,6.2,B,3.6
5053,none,1,2.0,21.0,8.4,B,6.1
5054,medium,1,11.0,13.0,8.5,A,15.0
5055,medium,2,2.0,9.0,2.5,C,-16.4
5056,low,0,23.0,1.0,5.7,B,1.1
5057,low,2,27.0,20.0,4.7,C,-4.8
5058,none,0,6.0,19.0,9.5,C,11.8
5059,high,1,15.0,11.0,5.9,C,-100.0
5060,medium,1,3.0,20.0,9.4,C,15.0
5061,high,1,4.0,5.0,9.3,A,-13.3
5062,low,1,9.0,35.0,3.3,D,-10.5
5063,medium,0,7.0,1.0,9.2,A,15.0
5064,none,3,8.0,2.0,7.7,A,1.3
5065,low,2,11.0,16.0,9.3,A,15.0
5066,low,2,6.0,20.0,9.8,C,15.0
5067,high,0,12.0,1.0,7.0,C,-100.0
5068,low,4,3.0,9.0,5.9,A,3.8
5069,high,2,15.0,2.0,7.5,C,-100.0
5070,low,3,4.0,10.0,9.6,B,
5071,low,2,9.0,7.0,3.7,C,-8.7
5072,high,4,7.0,1.0,9.0,A,-15.6
5073,low,2,9.0,1.0,9.4,A,15.0
5074,medium,2,2.0,21.0,8.0,A,13.9
5075,low,2,22.0,10.0,8.3,A,15.0
5076,medium,2,1.0,2.0,8.5,B,15.0
5077,none,1,13.0,7.0,3.8,A,-100.0
5078,medium,0,9.0,3.0,7.1,A,8.3
5079,none,2,11.0,4.0,1.7,A,-100.0
5080,none,0,12.0,14.0,7.6,D,0.7
5081,medium,3,8.0,50.0,9.6,A,15.0
5082,medium,0,17.0,20.0,9.5,A,15.0
5083,high,2,5.0,20.0,8.3,B,-18.8
5084,high,2,4.0,19.0,5.8,B,-100.0
5085,high,1,13.0,30.0,8.4,C,-18.9
5086,high,1,4.0,10.0,7.1,C,-100.0
5087,medium,1,14.0,1.0,9.8,B,15.0
5088,low,1,7.0,40.0,8.3,A,15.0
5089,low,1,13.0,15.0,4.4,A,-5.0
5090,low,2,14.0,20.0,4.7,A,-3.5
5091,low,1,10.0,8.0,2.4,B,-15.8
5092,none,2,20.0,2.0,2.6,A,-100.0
5093,low,1,11.0,19.0,8.8,A,15.0
5094,none,1,11.0,10.0,8.1,A,3.4
5095,none,1,6.0,10.0,9.1,A,9.5
5096,medium,1,4.0,5.0,9.5,A,15.0
5097,medium,3,11.0,7.0,6.6,A,5.1
5098,low,0,9.0,7.0,3.2,A,-11.2
5099,low,2,5.0,18.0,4.4,C,-4.3
5100,high,1,4.0,7.0,2.3,A,-100.0
5101,low,1,34.0,1.0,8.4,C,14.7
5102,none,2,7.0,2.0,3.1,C,-100.0
5103,high,2,1.0,18.0,3.6,A,-100.0
5104,none,1,10.0,34.0,1.7,C,-100.0
5105,low,1,18.0,1.0,4.7,A,-4.0
5106,high,1,4.0,10.0,9.9,C,-10.0
5107,high,2,24.0,17.0,7.5,A,-100.0
5108,medium,1,12.0,19.0,4.6,C,-5.7
5109,low,1,9.0,3.0,8.5,C,15.0
5110,medium,2,9.0,3.0,8.7,C,15.0
5111,high,3,19.0,28.0,8.4,A,-19.7
5112,medium,1,12.0,0.0,3.4,A,-12.5
5113,medium,0,2.0,8.0,6.5,A,5.8
5114,medium,1,4.0,11.0,4.2,A,-7.2
5115,medium,0,4.0,30.0,1.5,A,-100.0
5116,high,2,9.0,10.0,9.1,A,-15.0
5117,high,5,4.0,18.0,1.5,A,-100.0
5118,low,2,4.0,50.0,9.1,A,15.0
5119,none,1,10.0,1.0,4.3,A,-17.4
5120,low,1,21.0,4.0,9.3,D,15.0
5121,high,1,7.0,20.0,8.8,A,-16.2
5122,low,2,7.0,10.0,9.5,C,15.0
5123,medium,1,11.0,7.0,3.6,A,-11.2
5124,none,3,5.0,8.0,8.1,C,3.8
5125,medium,1,6.0,9.0,5.7,C,0.9
5126,low,0,2.0,19.0,4.4,C,-3.8
5127,low,1,2.0,8.0,9.3,A,15.0
5128,none,2,7.0,1.0,9.6,A,11.9
5129,medium,0,16.0,0.0,4.2,A,-8.4
5130,low,0,9.0,4.0,8.6,A,15.0
5131,high,1,12.0,2.0,7.4,D,-100.0
5132,low,2,19.0,6.0,9.4,A,15.0
5133,none,3,16.0,50.0,2.5,A,-100.0
5134,low,1,13.0,8.0,2.8,A,-13.9
5135,none,1,3.0,3.0,7.2,D,-0.8
5136,low,2,15.0,36.0,3.1,A,-12.3
5137,none,2,2.0,2.0,,A,
5138,none,1,9.0,15.0,4.3,C,-17.2
5139,medium,1,8.0,2.0,8.1,A,13.8
5140,medium,1,27.0,4.0,2.2,B,-100.0
5141,medium,2,3.0,7.0,1.9,C,-19.8
5142,medium,0,4.0,17.0,8.2,A,15.0
5143,low,1,8.0,1.0,7.3,C,11.3
5144,high,3,10.0,17.0,8.9,A,-16.2
5145,high,1,3.0,3.0,9.6,C,-11.6
5146,low,1,2.0,3.0,9.8,A,15.0
5147,medium,2,6.0,11.0,3.2,A,-13.0
5148,none,2,10.0,4.0,2.8,A,-100.0
5149,low,2,12.0,50.0,4.3,A,-5.2
5150,medium,0,2.0,2.0,5.5,A,0.2
5151,low,2,31.0,7.0,8.6,A,15.0
5152,low,0,5.0,18.0,8.6,A,15.0
5153,low,3,9.0,6.0,5.7,A,2.2
5154,medium,0,7.0,5.0,9.4,A,15.0
5155,low,0,12.0,4.0,2.9,A,-13.2
5156,medium,2,2.0,11.0,6.0,C,2.8
5157,high,2,15.0,7.0,9.5,A,-13.4
5158,low,2,2.0,3.0,9.3,B,15.0
5159,high,5,4.0,3.0,1.8,A,-100.0
5160,high,1,2.0,10.0,3.1,A,-100.0
5161,none,0,14.0,16.0,8.5,C,5.5
5162,high,1,25.0,4.0,6.3,C,-100.0
5163,high,0,3.0,21.0,4.5,A,-100.0
5164,high,2,14.0,1.0,9.4,A,-13.9
5165,medium,0,1.0,22.0,2.2,A,-17.7
5166,medium,3,4.0,1.0,5.3,A,-1.4
5167,low,2,11.0,22.0,6.3,A,5.6
5168,low,1,29.0,3.0,9.6,A,15.0
5169,low,0,15.0,35.0,4.8,A,-2.7
5170,low,0,2.0,11.0,5.9,A,4.4
5171,medium,3,10.0,9.0,2.8,B,-15.7
5172,none,2,4.0,7.0,9.7,A,12.8
5173,high,0,3.0,6.0,2.6,C,-100.0
5174,high,4,1.0,18.0,4.4,A,-100.0
5175,none,2,29.0,25.0,9.3,B,8.3
5176,high,0,21.0,17.0,9.2,C,-15.3
5177,low,1,10.0,38.0,8.2,B,15.0
5178,none,1,16.0,13.0,8.6,A,5.7
5179,none,2,5.0,1.0,1.6,A,-100.0
5180,high,0,6.0,21.0,2.0,A,-100.0
5181,low,2,19.0,10.0,8.3,D,15.0
5182,none,1,12.0,5.0,8.8,B,7.2
5183,low,4,17.0,5.0,6.3,C,4.6
5184,high,2,30.0,1.0,1.6,A,-100.0
5185,high,2,6.0,42.0,4.0,C,-100.0
5186,high,3,3.0,3.0,3.9,A,-100.0
5187,medium,0,13.0,9.0,3.9,A,-9.6
5188,low,2,10.0,15.0,2.8,A,-13.6
5189,high,1,4.0,7.0,4.7,A,-100.0
5190,medium,0,8.0,2.0,9.9,A,15.0
5191,low,2,2.0,1.0,4.6,B,-3.1
5192,none,2,11.0,13.0,8.5,A,5.6
5193,high,1,7.0,6.0,3.8,D,-100.0
5194,high,4,,19.0,6.3,C,
5195,medium,3,30.0,1.0,2.9,A,-17.2
5196,low,2,8.0,16.0,8.2,A,15.0
5197,low,3,5.0,8.0,8.7,B,15.0
5198,high,3,3.0,7.0,9.1,A,-14.5
5199,none,0,0.0,16.0,8.3,C,5.8
5200,medium,1,8.0,11.0,9.6,A,15.0
5201,low,3,24.0,40.0,2.8,A,-14.9
5202,high,2,17.0,2.0,9.6,A,-13.1
5203,low,2,8.0,4.0,3.5,C,-9.7
5204,high,1,1.0,4.0,2.0,A,-100.0
5205,none,0,8.0,2.0,2.0,A,-100.0
5206,none,3,7.0,3.0,5.0,A,-13.5
5207,high,2,35.0,0.0,5.0,A,-100.0
5208,low,2,10.0,1.0,8.7,A,15.0
5209,medium,0,8.0,9.0,3.1,A,-13.5
5210,medium,0,5.0,17.0,9.4,C,15.0
5211,high,2,14.0,17.0,8.5,A,-18.7
5212,medium,1,7.0,10.0,9.2,A,15.0
5213,low,1,8.0,13.0,2.7,C,-13.9
5214,medium,0,3.0,0.0,9.6,D,15.0
5215,medium,0,4.0,13.0,8.2,C,15.0
5216,high,2,27.0,35.0,3.1,A,-100.0
5217,low,4,7.0,50.0,1.6,A,-19.8
5218,low,0,8.0,9.0,4.5,A,-4.0
5219,medium,1,3.0,1.0,7.4,A,10.4
5220,low,1,2.0,13.0,5.9,A,4.3
5221,medium,1,4.0,26.0,6.1,A,3.4
5222,medium,2,7.0,26.0,5.6,A,0.3
5223,low,0,5.0,6.0,9.3,A,15.0
5224,high,2,1.0,4.0,8.9,C,-15.3
5225,high,2,17.0,7.0,3.5,A,-100.0
5226,high,1,8.0,14.0,4.6,A,-100.0
5227,low,0,4.0,24.0,2.6,C,-13.9
5228,low,3,15.0,6.0,5.4,C,-0.0
5229,low,2,13.0,16.0,1.0,A,-100.0
5230,medium,1,5.0,21.0,3.4,C,-11.6
5231,none,0,13.0,3.0,3.6,A,-100.0
5232,high,0,8.0,6.0,5.7,A,-100.0
5233,high,1,3.0,21.0,8.8,A,-15.8
5234,high,2,11.0,13.0,7.2,C,-100.0
5235,medium,0,12.0,0.0,2.5,A,-17.3
5236,low,1,6.0,1.0,9.1,A,15.0
5237,low,2,10.0,1.0,4.6,A,-3.9
5238,medium,3,18.0,6.0,7.8,A,11.0
5239,medium,3,15.0,10.0,10.0,A,15.0
5240,high,2,29.0,4.0,5.0,A,-100.0
5241,medium,0,2.0,2.0,9.7,A,15.0
5242,low,1,10.0,11.0,6.3,B,5.7
5243,low,0,19.0,2.0,9.2,A,15.0
5244,high,0,8.0,17.0,8.5,A,-17.9
5245,high,2,10.0,8.0,9.5,C,-12.9
5246,medium,1,3.0,3.0,9.5,B,15.0
5247,high,2,20.0,4.0,9.4,A,-14.5
5248,high,0,3.0,1.0,5.0,A,-100.0
5249,high,0,21.0,6.0,5.7,A,-100.0
5250,low,2,10.0,7.0,5.8,A,2.8
5251,low,1,12.0,0.0,8.7,B,15.0
5252,none,1,12.0,12.0,4.1,A,-18.6
5253,high,1,15.0,2.0,8.6,C,-18.3
5254,low,4,11.0,1.0,1.3,D,-100.0
5255,medium,0,2.0,16.0,9.0,C,15.0
5256,high,1,,1.0,7.1,C,
5257,low,5,8.0,11.0,9.4,A,15.0
5258,high,1,2.0,3.0,3.2,C,-100.0
5259,high,1,7.0,0.0,8.5,A,-18.0
5260,high,1,10.0,34.0,9.3,B,-13.6
5261,high,1,4.0,11.0,7.9,B,-100.0
5262,medium,1,2.0,5.0,9.7,A,15.0
5263,medium,1,1.0,10.0,8.7,A,15.0
5264,medium,0,2.0,9.0,3.1,B,-12.9
5265,medium,2,8.0,28.0,1.6,A,-100.0
5266,high,0,5.0,2.0,9.7,A,-11.1
5267,low,0,7.0,0.0,4.5,A,
5268,,0,2.0,6.0,3.8,C,-19.2
5269,low,3,6.0,0.0,1.4,A,-100.0
5270,low,3,7.0,10.0,1.1,A,-100.0
5271,high,0,8.0,3.0,8.3,A,-19.1
5272,high,0,9.0,7.0,8.3,C,-19.2
5273,medium,2,1.0,1.0,1.2,A,-100.0
5274,low,0,4.0,36.0,3.4,A,-9.3
5275,low,2,10.0,11.0,2.9,A,-13.1
5276,medium,2,10.0,34.0,2.8,C,-15.3
5277,low,4,18.0,9.0,9.9,B,15.0
5278,high,0,8.0,9.0,7.2,A,-100.0
5279,high,4,5.0,1.0,8.6,A,-17.6
5280,,2,6.0,19.0,8.4,A,5.6
5281,high,0,6.0,5.0,8.4,A,-18.3
5282,high,1,16.0,5.0,3.0,A,-100.0
5283,medium,2,2.0,5.0,2.8,A,-14.8
5284,medium,0,13.0,33.0,7.0,A,7.7
5285,high,2,5.0,6.0,8.2,A,-19.5
5286,none,2,6.0,27.0,2.5,C,-100.0
5287,low,2,13.0,13.0,4.6,A,-4.1
5288,high,1,26.0,6.0,6.4,A,-100.0
5289,low,2,12.0,1.0,9.6,A,15.0
5290,low,3,8.0,24.0,2.0,B,-17.9
5291,medium,2,16.0,2.0,8.1,A,12.9
5292,medium,1,13.0,29.0,7.6,A,10.8
5293,low,1,27.0,19.0,5.5,A,-0.4
5294,high,0,2.0,9.0,3.9,A,-100.0
5295,low,1,18.0,19.0,3.0,A,-13.2
5296,,4,4.0,2.0,9.4,B,10.9
5297,medium,1,8.0,6.0,8.9,A,15.0
5298,high,3,15.0,5.0,9.0,C,-16.3
5299,high,0,19.0,9.0,6.4,A,-100.0
5300,low,3,30.0,26.0,3.4,C,-12.3
5301,low,2,3.0,5.0,1.7,A,-19.1
5302,high,3,4.0,12.0,5.8,C,-100.0
5303,high,0,9.0,2.0,8.1,D,-100.0
5304,medium,4,4.0,10.0,8.1,A,14.0
5305,low,2,2.0,4.0,9.9,C,15.0
5306,high,0,7.0,15.0,8.4,A,-18.4
5307,medium,0,8.0,34.0,6.5,C,5.4
5308,high,0,4.0,40.0,8.3,A,-18.3
5309,medium,2,14.0,10.0,10.0,A,15.0
5310,low,4,9.0,7.0,8.4,B,15.0
5311,high,1,11.0,1.0,4.8,C,-100.0
5312,medium,3,27.0,20.0,7.8,A,10.2
5313,medium,5,16.0,18.0,3.0,C,-15.3
5314,medium,1,8.0,18.0,2.3,B,-18.0
5315,medium,0,5.0,0.0,6.0,B,2.6
5316,none,1,2.0,1.0,2.7,C,-100.0
5317,medium,1,4.0,3.0,2.2,B,-18.3
5318,high,0,11.0,4.0,9.4,D,-13.3
5319,medium,1,26.0,7.0,9.2,A,15.0
5320,high,2,10.0,2.0,3.0,A,-100.0
5321,medium,0,3.0,32.0,1.4,C,-100.0
5322,high,3,3.0,6.0,7.1,A,-100.0
5323,medium,2,4.0,5.0,3.8,C,-9.5
5324,medium,0,10.0,7.0,9.5,A,15.0
5325,low,1,25.0,3.0,9.6,A,15.0
5326,high,1,15.0,15.0,9.3,A,-14.3
5327,medium,0,11.0,7.0,2.5,B,-17.2
5328,low,4,27.0,2.0,3.4,A,-12.4
5329,low,0,11.0,7.0,2.8,A,-13.6
5330,low,4,4.0,24.0,5.8,A,3.3
5331,low,1,4.0,50.0,1.5,A,-19.7
5332,medium,4,14.0,15.0,9.7,A,15.0
5333,low,4,3.0,45.0,9.1,C,15.0
5334,low,1,12.0,11.0,7.8,A,13.7
5335,low,1,6.0,27.0,3.4,A,-9.7
5336,medium,2,4.0,18.0,6.6,C,6.0
5337,none,4,29.0,0.0,1.0,D,-100.0
5338,,1,4.0,2.0,5.0,A,-13.0
5339,medium,0,12.0,14.0,8.6,A,15.0
5340,high,1,7.0,10.0,1.6,A,-100.0
5341,high,0,1.0,35.0,3.8,A,-100.0
5342,medium,2,9.0,23.0,9.2,A,15.0
5343,none,0,9.0,2.0,5.3,C,-11.7
5344,high,2,4.0,0.0,8.1,C,-100.0
5345,none,3,18.0,1.0,9.0,A,7.4
5346,,0,8.0,6.0,5.3,A,-11.6
5347,none,2,9.0,13.0,8.4,A,5.2
5348,high,0,13.0,7.0,9.7,A,-11.9
5349,low,0,3.0,15.0,8.3,A,15.0
5350,high,1,9.0,10.0,6.8,A,-100.0
5351,medium,3,15.0,19.0,5.1,A,-3.4
5352,low,3,11.0,4.0,1.7,A,-100.0
5353,medium,1,8.0,13.0,2.6,A,-16.3
5354,low,3,4.0,17.0,1.5,C,-100.0
5355,none,1,7.0,3.0,4.1,A,-18.2
5356,high,3,3.0,4.0,8.3,A,-18.9
5357,medium,0,5.0,1.0,9.0,A,15.0
5358,medium,0,18.0,4.0,8.5,C,15.0
5359,none,1,4.0,24.0,7.1,C,-1.2
5360,medium,3,33.0,19.0,7.1,C,5.8
5361,high,3,8.0,3.0,7.9,B,-100.0
5362,low,0,13.0,9.0,8.1,A,15.0
5363,high,1,4.0,13.0,5.3,A,-100.0
5364,high,0,1.0,1.0,4.5,A,-100.0
5365,low,5,11.0,7.0,6.3,A,5.1
5366,medium,1,5.0,15.0,7.4,A,10.4
5367,none,2,5.0,13.0,8.3,C,5.1
5368,none,3,10.0,10.0,9.1,A,8.9
5369,low,2,27.0,4.0,8.2,A,14.2
5370,medium,4,9.0,5.0,1.2,C,-100.0
5371,low,2,6.0,0.0,9.5,D,15.0
5372,medium,2,19.0,28.0,8.3,A,14.0
5373,high,1,12.0,4.0,1.2,B,-100.0
5374,medium,2,12.0,34.0,3.1,A,-13.9
5375,low,2,19.0,3.0,1.5,A,-100.0
5376,high,3,3.0,3.0,1.2,B,-100.0
5377,none,1,24.0,3.0,5.9,A,-10.0
5378,high,1,2.0,10.0,6.3,A,-100.0
5379,medium,1,2.0,11.0,9.2,A,15.0
5380,low,1,2.0,9.0,8.4,A,15.0
5381,low,0,4.0,6.0,9.3,A,15.0
5382,medium,2,9.0,0.0,3.3,C,-12.8
5383,medium,0,9.0,19.0,9.3,A,15.0
5384,,2,5.0,8.0,6.7,C,-3.8
5385,high,1,7.0,15.0,4.5,B,-100.0
5386,none,1,16.0,7.0,9.0,A,7.9
5387,low,1,5.0,3.0,9.7,A,15.0
5388,medium,1,13.0,4.0,5.4,A,-1.5
5389,high,1,14.0,26.0,2.2,A,-100.0
5390,none,1,3.0,16.0,2.8,A,-100.0
5391,high,1,5.0,2.0,8.8,D,-16.2
5392,high,2,4.0,26.0,9.5,B,-12.1
5393,high,1,18.0,18.0,8.6,A,-18.4
5394,low,0,14.0,4.0,3.1,A,-12.3
5395,medium,0,3.0,0.0,8.2,A,14.9
5396,low,1,7.0,9.0,1.4,A,-100.0
5397,,1,3.0,1.0,1.5,A,-100.0
5398,medium,2,6.0,27.0,9.6,A,15.0
5399,low,1,12.0,37.0,5.5,A,1.3
5400,none,1,3.0,32.0,2.9,A,-100.0
5401,none,1,8.0,14.0,9.6,A,12.0
5402,low,2,16.0,9.0,4.2,A,-6.6
5403,low,0,29.0,2.0,5.6,C,-0.1
5404,medium,3,9.0,49.0,5.3,A,-1.4
5405,low,0,11.0,9.0,9.0,A,15.0
5406,medium,1,8.0,1.0,3.1,A,-13.7
5407,low,1,3.0,1.0,6.1,A,5.2
5408,high,3,13.0,3.0,9.4,C,-13.9
5409,high,1,5.0,28.0,8.9,A,-15.4
5410,high,0,12.0,3.0,5.2,A,-100.0
5411,medium,2,5.0,1.0,8.4,A,15.0
5412,low,2,20.0,25.0,3.8,A,-9.1
5413,low,0,20.0,3.0,7.1,A,9.1
5414,none,2,18.0,0.0,9.0,C,7.5
5415,medium,0,8.0,2.0,3.5,A,-11.4
5416,low,0,5.0,28.0,1.6,A,-19.4
5417,medium,1,11.0,7.0,7.2,A,8.6
5418,,1,16.0,10.0,6.1,A,-8.0
5419,none,2,9.0,4.0,6.0,A,-8.1
5420,high,2,5.0,3.0,4.3,C,-100.0
5421,medium,1,17.0,9.0,9.2,A,15.0
5422,high,2,7.0,28.0,3.0,A,-100.0
5423,high,0,4.0,4.0,7.0,A,-100.0
5424,high,0,3.0,0.0,7.6,A,-100.0
5425,medium,1,8.0,6.0,2.2,C,-18.6
5426,medium,1,5.0,7.0,9.9,C,15.0
5427,none,2,13.0,24.0,9.3,B,9.9
5428,high,1,5.0,0.0,9.1,A,-14.5
5429,high,2,5.0,12.0,5.9,A,-100.0
5430,low,2,6.0,4.0,9.3,A,15.0
5431,medium,1,7.0,10.0,6.5,C,5.2
5432,medium,0,2.0,8.0,7.8,C,12.9
5433,high,1,12.0,15.0,9.2,A,-14.6
5434,low,0,1.0,2.0,9.9,A,15.0
5435,none,1,21.0,16.0,8.8,A,6.4
5436,low,1,12.0,15.0,8.1,C,15.0
5437,high,2,13.0,5.0,1.2,A,-100.0
5438,high,0,8.0,3.0,2.2,A,-100.0
5439,high,2,6.0,50.0,6.2,A,-100.0
5440,high,1,11.0,1.0,8.6,A,-17.9
5441,none,5,4.0,3.0,2.5,A,-100.0
5442,low,1,3.0,14.0,9.2,A,15.0
5443,medium,0,7.0,1.0,1.5,A,-100.0
5444,medium,2,11.0,4.0,1.0,D,-100.0
5445,high,0,14.0,5.0,8.9,B,-16.4
5446,low,1,4.0,31.0,8.5,A,15.0
5447,medium,0,9.0,19.0,10.0,C,15.0
5448,low,2,15.0,22.0,1.5,C,-100.0
5449,high,0,5.0,6.0,4.9,A,-100.0
5450,low,2,1.0,5.0,4.0,B,-6.3
5451,medium,3,40.0,21.0,9.3,A,15.0
5452,low,1,10.0,2.0,9.9,A,15.0
5453,high,3,7.0,26.0,2.8,A,-100.0
5454,medium,4,2.0,17.0,5.1,B,-2.3
5455,none,0,6.0,1.0,1.7,A,-100.0
5456,high,1,19.0,19.0,3.6,A,-100.0
5457,medium,1,4.0,19.0,2.9,A,-14.2
5458,low,2,5.0,0.0,8.1,D,15.0
5459,low,0,15.0,6.0,9.2,C,15.0
5460,none,1,10.0,2.0,7.8,C,1.8
5461,high,0,5.0,6.0,9.7,C,-11.1
5462,low,0,11.0,16.0,1.6,A,-100.0
5463,medium,1,31.0,1.0,2.8,A,-17.7
5464,medium,1,32.0,44.0,9.0,A,15.0
5465,low,0,12.0,9.0,1.8,A,-19.2
5466,none,2,14.0,6.0,1.6,A,-100.0
5467,high,1,29.0,15.0,2.8,A,-100.0
5468,medium,5,,14.0,2.7,C,
5469,high,3,8.0,7.0,8.1,C,-100.0
5470,high,3,20.0,4.0,9.8,B,-12.4
5471,,1,9.0,27.0,4.8,A,-14.3
5472,high,6,9.0,16.0,2.8,A,-100.0
5473,medium,2,7.0,5.0,2.9,A,-14.8
5474,low,2,3.0,45.0,2.2,C,-16.0
5475,high,0,18.0,11.0,2.0,A,-100.0
5476,low,1,5.0,2.0,8.1,A,15.0
5477,medium,1,21.0,8.0,9.8,A,15.0
5478,medium,2,12.0,2.0,7.3,C,8.9
5479,medium,2,18.0,11.0,1.1,A,-100.0
5480,medium,0,21.0,1.0,9.5,C,15.0
5481,none,1,4.0,5.0,6.4,C,-5.2
5482,,4,3.0,5.0,2.5,D,-100.0
5483,low,1,5.0,3.0,9.7,B,15.0
5484,high,3,20.0,18.0,8.4,A,-19.9
5485,medium,1,3.0,3.0,9.0,A,15.0
5486,high,1,5.0,5.0,9.9,A,-10.1
5487,high,0,11.0,1.0,2.1,A,-100.0
5488,medium,1,16.0,7.0,8.2,C,13.6
5489,low,1,8.0,4.0,8.5,A,15.0
5490,medium,5,1.0,6.0,3.5,A,-11.2
5491,high,1,13.0,22.0,3.5,A,-100.0
5492,high,1,13.0,15.0,1.7,C,-100.0
5493,medium,1,6.0,13.0,9.5,A,15.0
5494,low,0,10.0,9.0,6.5,C,6.8
5495,high,2,8.0,50.0,8.6,A,-17.2
5496,low,1,13.0,5.0,8.4,A,15.0
5497,none,1,18.0,15.0,4.7,D,-15.9
5498,,0,9.0,12.0,5.1,B,-12.7
5499,none,3,10.0,31.0,9.2,C,9.6
5500,medium,1,16.0,10.0,9.8,C,15.0
5501,medium,2,13.0,11.0,3.8,A,-10.4
5502,,2,23.0,3.0,9.8,C,11.4
5503,low,3,18.0,10.0,9.9,A,15.0
5504,medium,1,6.0,25.0,5.9,A,2.1
5505,medium,0,17.0,12.0,6.1,A,2.1
5506,high,0,15.0,9.0,6.3,A,-100.0
5507,medium,0,6.0,6.0,5.3,A,-1.3
5508,none,0,10.0,10.0,1.5,A,-100.0
5509,high,0,2.0,19.0,6.2,A,-100.0
5510,medium,2,,6.0,6.4,C,
5511,low,0,6.0,2.0,10.0,A,15.0
5512,high,1,6.0,8.0,1.4,C,-100.0
5513,low,1,15.0,7.0,7.7,A,12.8
5514,low,0,2.0,13.0,6.5,B,7.7
5515,high,1,1.0,8.0,4.1,A,-100.0
5516,medium,2,5.0,29.0,1.4,C,-100.0
5517,medium,3,2.0,29.0,5.1,C,-2.0
5518,medium,1,10.0,13.0,4.7,A,-5.0
5519,medium,1,20.0,1.0,2.1,B,-100.0
5520,low,6,13.0,13.0,9.8,A,15.0
5521,medium,3,1.0,6.0,5.1,B,-2.2
5522,high,2,10.0,14.0,7.2,A,-100.0
5523,high,4,6.0,13.0,9.2,A,-14.3
5524,low,1,7.0,26.0,2.7,C,-13.7
5525,high,2,4.0,7.0,6.1,A,-100.0
5526,high,1,11.0,9.0,9.3,D,-14.0
5527,high,0,12.0,4.0,9.3,A,-14.0
5528,low,0,12.0,3.0,6.5,A,6.6
5529,low,2,9.0,9.0,8.2,A,15.0
5530,,0,2.0,5.0,2.4,A,-100.0
5531,medium,1,8.0,2.0,7.3,C,9.4
5532,medium,3,3.0,13.0,6.4,A,4.9
5533,medium,3,20.0,19.0,4.0,A,-10.0
5534,high,2,12.0,5.0,9.9,A,-10.9
5535,high,1,8.0,10.0,5.9,A,-100.0
5536,high,3,3.0,5.0,5.3,C,-100.0
5537,low,0,3.0,23.0,1.9,B,-17.6
5538,none,3,8.0,15.0,3.9,A,-19.5
5539,none,1,2.0,1.0,7.9,B,3.2
5540,high,2,26.0,25.0,8.0,A,-100.0
5541,medium,1,14.0,11.0,6.3,A,3.4
5542,medium,2,4.0,26.0,7.8,C,12.7
5543,none,0,10.0,10.0,9.5,A,11.4
5544,medium,1,15.0,13.0,8.6,A,15.0
5545,low,3,6.0,22.0,8.0,C,15.0
5546,low,0,5.0,37.0,1.1,C,-100.0
5547,high,3,6.0,19.0,3.7,A,-100.0
5548,none,1,18.0,5.0,7.1,A,-2.8
5549,medium,1,4.0,2.0,3.4,A,-11.7
5550,low,0,10.0,4.0,4.5,A,-4.2
5551,low,2,7.0,4.0,9.2,C,15.0
5552,medium,0,7.0,6.0,4.4,A,-6.3
5553,high,0,3.0,22.0,8.1,A,-19.5
5554,,2,11.0,7.0,1.7,A,-100.0
5555,medium,3,4.0,4.0,2.6,B,-16.2
5556,none,3,20.0,13.0,9.1,A,7.9
5557,high,0,13.0,2.0,6.3,A,-100.0
5558,medium,1,11.0,2.0,5.6,B,-0.3
5559,low,3,9.0,17.0,6.3,A,5.6
5560,high,3,15.0,2.0,1.7,A,-100.0
5561,medium,0,7.0,17.0,7.5,C,10.8
5562,low,1,9.0,5.0,1.4,A,-100.0
5563,high,1,7.0,15.0,8.2,B,-19.5
5564,,2,5.0,1.0,6.0,A,-7.7
5565,medium,1,6.0,3.0,8.9,A,15.0
5566,medium,1,6.0,7.0,4.8,B,-4.1
5567,none,0,13.0,16.0,1.1,A,-100.0
5568,,1,16.0,21.0,3.8,A,-100.0
5569,high,1,25.0,0.0,9.2,C,-16.0
5570,low,2,13.0,22.0,6.7,C,7.6
5571,high,0,10.0,4.0,4.1,A,-100.0
5572,medium,1,9.0,3.0,7.5,C,10.4
5573,none,6,19.0,13.0,9.7,C,11.0
5574,high,2,32.0,36.0,7.3,A,-100.0
5575,medium,2,16.0,15.0,9.1,C,15.0
5576,none,2,4.0,24.0,7.2,A,-0.8
5577,low,3,9.0,17.0,9.9,A,15.0
5578,low,2,11.0,6.0,7.3,A,10.9
5579,none,1,20.0,20.0,8.5,A,4.9
5580,low,3,15.0,11.0,3.9,B,-8.2
5581,high,0,15.0,22.0,6.2,A,-100.0
5582,low,0,12.0,0.0,1.7,B,-19.9
5583,high,1,8.0,17.0,9.1,A,-14.7
5584,high,0,4.0,7.0,9.2,C,-13.7
5585,low,1,7.0,16.0,2.6,A,-14.3
5586,low,2,13.0,2.0,2.6,A,-15.2
5587,low,4,11.0,15.0,6.7,B,7.5
5588,low,2,9.0,16.0,8.8,A,15.0
5589,medium,3,8.0,0.0,4.5,C,-6.2
5590,medium,2,21.0,6.0,4.3,C,-8.5
5591,low,2,1.0,1.0,5.1,A,-0.2
5592,high,2,8.0,7.0,9.7,C,-11.6
5593,medium,1,12.0,37.0,2.0,A,-19.8
5594,medium,2,11.0,25.0,3.7,A,-10.6
5595,medium,3,23.0,13.0,2.4,A,-19.1
5596,medium,0,11.0,30.0,9.5,A,15.0
5597,low,0,8.0,35.0,8.0,C,15.0
5598,medium,2,9.0,14.0,5.5,A,-0.6
5599,none,2,9.0,5.0,3.4,A,-100.0
5600,low,1,3.0,1.0,8.7,A,15.0
5601,none,1,10.0,2.0,9.7,A,12.3
5602,medium,1,4.0,8.0,1.6,A,-100.0
5603,medium,4,16.0,18.0,2.7,B,-16.8
5604,medium,2,5.0,10.0,8.2,C,14.6
5605,none,4,7.0,12.0,3.4,B,-100.0
5606,low,1,15.0,9.0,6.2,A,4.6
5607,none,1,6.0,3.0,4.9,D,-13.7
5608,low,2,7.0,1.0,4.8,C,-2.5
5609,low,1,6.0,1.0,5.3,C,0.5
5610,medium,0,5.0,8.0,2.3,A,-17.7
5611,high,1,1.0,13.0,1.7,A,-100.0
5612,high,1,7.0,42.0,9.5,A,-12.1
5613,medium,1,7.0,7.0,8.2,D,14.5
5614,high,0,15.0,38.0,2.6,B,-100.0
5615,medium,2,5.0,10.0,4.1,C,-7.9
5616,high,1,12.0,6.0,8.3,A,-19.6
5617,low,2,16.0,0.0,1.2,A,-100.0
5618,high,1,10.0,12.0,8.7,A,-17.1
5619,high,5,12.0,0.0,9.9,A,-11.3
5620,high,2,2.0,1.0,9.4,A,-12.7
5621,low,3,12.0,19.0,1.6,A,-100.0
5622,none,2,2.0,11.0,9.8,C,13.6
5623,none,1,4.0,7.0,9.7,D,12.9
5624,low,0,6.0,27.0,2.2,A,-16.2
5625,low,2,6.0,1.0,5.3,C,0.4
5626,medium,1,5.0,7.0,3.2,B,-12.8
5627,none,0,28.0,14.0,9.2,C,7.9
5628,low,0,23.0,6.0,6.2,C,3.9
5629,low,2,19.0,13.0,7.7,A,12.4
5630,low,1,11.0,11.0,1.3,C,-100.0
5631,high,0,7.0,5.0,1.7,A,-100.0
5632,low,3,2.0,9.0,8.0,C,15.0
5633,medium,1,12.0,28.0,9.8,A,15.0
5634,none,2,6.0,6.0,8.1,A,3.8
5635,high,4,2.0,11.0,6.4,A,-100.0
5636,high,2,5.0,16.0,1.5,A,-100.0
5637,medium,2,7.0,21.0,1.0,B,-100.0
5638,low,1,7.0,11.0,3.3,A,-10.5
5639,low,2,22.0,32.0,9.8,C,15.0
5640,low,2,13.0,20.0,9.1,A,15.0
5641,high,0,1.0,4.0,9.9,C,-9.6
5642,medium,2,32.0,5.0,9.7,A,15.0
5643,low,2,11.0,1.0,2.6,A,-15.0
5644,low,0,15.0,27.0,9.2,C,15.0
5645,high,2,28.0,3.0,1.3,A,-100.0
5646,high,1,5.0,8.0,9.4,A,-12.8
5647,high,3,23.0,9.0,5.5,D,-100.0
5648,,1,13.0,3.0,3.5,B,-100.0
5649,medium,2,5.0,50.0,1.5,A,-100.0
5650,high,0,4.0,14.0,9.3,A,-13.1
5651,low,2,4.0,12.0,8.7,A,15.0
5652,none,1,21.0,15.0,9.6,A,10.8
5653,none,2,2.0,27.0,6.8,A,-2.7
5654,medium,1,22.0,28.0,9.2,D,15.0
5655,low,2,19.0,0.0,3.8,D,-9.2
5656,low,2,13.0,0.0,4.6,A,-4.2
5657,high,1,22.0,20.0,1.3,A,-100.0
5658,high,3,10.0,50.0,,D,
5659,high,2,11.0,1.0,6.7,C,-100.0
5660,,0,11.0,11.0,4.2,A,-17.9
5661,high,0,6.0,22.0,4.4,C,-100.0
5662,high,1,14.0,1.0,8.7,C,-17.6
5663,low,1,10.0,44.0,3.9,A,-7.2
5664,medium,0,8.0,5.0,8.6,B,15.0
5665,none,3,31.0,1.0,9.2,A,7.2
5666,low,3,6.0,2.0,6.0,A,4.1
5667,high,1,12.0,1.0,8.4,A,-19.1
5668,low,3,7.0,4.0,9.5,A,15.0
5669,medium,1,9.0,7.0,3.9,A,-9.4
5670,low,1,5.0,23.0,1.2,A,-100.0
5671,none,1,6.0,3.0,3.1,B,-100.0
5672,medium,2,14.0,1.0,6.5,C,4.3
5673,high,4,8.0,3.0,1.4,A,-100.0
5674,high,0,4.0,34.0,9.7,A,-10.7
5675,high,1,5.0,19.0,9.2,A,-13.8
5676,medium,2,21.0,3.0,9.0,A,15.0
5677,none,2,2.0,36.0,7.6,A,1.8
5678,none,0,12.0,5.0,8.2,A,3.9
5679,medium,2,3.0,14.0,6.0,A,2.8
5680,medium,2,6.0,41.0,5.0,C,-2.8
5681,low,0,9.0,28.0,8.5,A,15.0
5682,medium,3,1.0,4.0,8.8,B,15.0
5683,low,2,23.0,7.0,9.5,A,15.0
5684,none,1,20.0,3.0,4.2,A,-19.0
5685,low,0,7.0,5.0,9.7,A,15.0
5686,high,1,2.0,5.0,8.5,A,-17.5
5687,medium,1,3.0,25.0,6.2,C,4.1
5688,medium,1,29.0,24.0,9.6,A,15.0
5689,high,4,,0.0,3.3,C,
5690,low,2,13.0,3.0,7.4,C,11.2
5691,medium,3,2.0,6.0,8.1,A,14.2
5692,medium,2,16.0,13.0,2.2,A,-19.4
5693,high,3,5.0,35.0,8.7,C,-16.6
5694,high,2,9.0,6.0,7.1,C,-100.0
5695,medium,1,7.0,6.0,1.4,B,-100.0
5696,high,1,7.0,1.0,6.6,A,-100.0
5697,low,0,9.0,11.0,8.5,A,15.0
5698,high,2,8.0,25.0,5.4,A,-100.0
5699,medium,3,6.0,14.0,8.4,B,15.0
5700,medium,1,10.0,5.0,6.0,C,2.1
5701,low,1,1.0,4.0,2.3,A,-15.5
5702,low,0,13.0,28.0,3.4,A,-10.3
5703,low,3,15.0,13.0,6.9,A,8.3
5704,low,0,7.0,2.0,3.8,A,-7.8
5705,medium,2,9.0,8.0,8.1,C,13.7
5706,high,1,13.0,3.0,9.1,A,-15.3
5707,low,0,13.0,2.0,8.2,A,15.0
5708,high,1,8.0,4.0,5.3,D,-100.0
5709,low,0,,13.0,1.1,C,
5710,low,3,12.0,6.0,8.1,A,15.0
5711,low,2,1.0,3.0,8.9,B,15.0
5712,low,1,1.0,7.0,8.0,A,15.0
5713,low,0,17.0,17.0,8.9,A,15.0
5714,high,1,5.0,15.0,9.9,A,-10.0
5715,low,3,13.0,7.0,8.4,A,15.0
5716,medium,0,13.0,12.0,9.1,A,15.0
5717,none,3,14.0,11.0,8.2,A,3.5
5718,low,0,4.0,5.0,8.5,A,15.0
5719,low,3,8.0,12.0,7.7,C,13.4
5720,low,1,6.0,2.0,1.7,B,-19.3
5721,low,2,13.0,13.0,8.1,B,15.0
5722,medium,0,5.0,24.0,6.0,C,2.9
5723,low,0,9.0,6.0,9.5,A,15.0
5724,medium,2,3.0,26.0,2.2,A,-18.0
5725,medium,2,6.0,6.0,6.0,C,2.4
5726,high,1,14.0,9.0,1.4,A,-100.0
5727,medium,1,12.0,2.0,9.0,C,15.0
5728,medium,1,2.0,3.0,4.3,A,-6.5
5729,none,2,3.0,11.0,5.4,C,-10.7
5730,none,1,14.0,20.0,9.9,A,13.1
5731,high,1,8.0,2.0,3.4,A,-100.0
5732,high,0,6.0,3.0,2.8,A,-100.0
5733,medium,1,2.0,13.0,3.0,A,-13.5
5734,medium,2,9.0,3.0,9.8,A,15.0
5735,medium,1,5.0,1.0,4.2,A,-7.4
5736,medium,1,34.0,16.0,6.9,A,4.7
5737,medium,0,10.0,25.0,2.3,C,-18.0
5738,none,0,9.0,3.0,8.3,A,4.8
5739,,1,26.0,11.0,2.1,A,-100.0
5740,low,3,9.0,26.0,9.9,A,15.0
5741,low,1,6.0,39.0,9.3,C,15.0
5742,medium,0,14.0,0.0,8.4,A,14.9
5743,low,2,18.0,7.0,1.7,A,-100.0
5744,high,1,2.0,11.0,8.9,A,-15.2
5745,high,6,6.0,50.0,8.9,A,-15.8
5746,low,1,10.0,22.0,8.5,A,15.0
5747,none,2,7.0,1.0,9.4,A,10.8
5748,high,2,8.0,9.0,9.9,B,-10.5
5749,high,2,10.0,0.0,7.5,B,-100.0
5750,medium,0,14.0,50.0,4.2,C,-7.7
5751,low,1,15.0,2.0,9.7,A,15.0
5752,low,3,17.0,1.0,5.8,C,1.9
5753,low,2,1.0,5.0,3.9,C,-6.8
5754,low,0,3.0,0.0,4.8,A,-1.9
5755,high,1,15.0,4.0,2.5,A,-100.0
5756,medium,1,6.0,50.0,9.1,A,15.0
5757,low,1,4.0,20.0,9.6,B,15.0
5758,high,2,4.0,36.0,7.9,C,-100.0
5759,low,1,15.0,17.0,2.0,A,-18.4
5760,none,3,18.0,17.0,8.8,B,6.5
5761,high,2,16.0,5.0,3.5,D,-100.0
5762,high,2,3.0,4.0,7.6,A,-100.0
5763,low,0,9.0,12.0,8.0,B,15.0
5764,high,0,4.0,35.0,3.4,A,-100.0
5765,none,2,24.0,15.0,9.9,C,12.0
5766,medium,0,8.0,6.0,9.7,A,15.0
5767,medium,1,5.0,10.0,1.3,A,-100.0
5768,none,1,18.0,7.0,3.6,A,-100.0
5769,medium,3,10.0,35.0,8.5,C,15.0
5770,high,1,24.0,7.0,7.1,A,-100.0
5771,high,2,7.0,1.0,2.4,A,-100.0
5772,high,3,13.0,22.0,4.9,A,-100.0
5773,high,2,7.0,15.0,8.8,A,-16.3
5774,low,0,7.0,1.0,2.0,A,-17.7
5775,none,1,18.0,26.0,1.1,A,-100.0
5776,none,1,4.0,4.0,8.3,A,5.2
5777,high,0,8.0,50.0,1.4,A,-100.0
5778,medium,1,5.0,39.0,9.6,A,15.0
5779,high,4,7.0,11.0,5.8,A,-100.0
5780,medium,1,17.0,11.0,1.3,A,-100.0
5781,medium,0,22.0,7.0,3.9,A,-10.6
5782,high,2,10.0,3.0,9.8,A,-11.3
5783,high,1,3.0,15.0,4.2,D,-100.0
5784,low,1,6.0,17.0,9.2,A,15.0
5785,low,0,3.0,43.0,5.6,A,2.9
5786,low,0,8.0,43.0,9.0,A,15.0
5787,medium,2,10.0,45.0,9.9,A,15.0
5788,medium,0,11.0,23.0,4.2,A,-7.6
5789,high,1,7.0,1.0,5.5,A,-100.0
5790,medium,0,10.0,11.0,8.9,A,15.0
5791,low,1,3.0,12.0,3.4,A,
5792,none,2,12.0,6.0,6.9,A,-3.4
5793,medium,1,13.0,21.0,7.4,A,9.6
5794,low,1,17.0,1.0,8.8,A,15.0
5795,low,4,3.0,23.0,4.8,A,-2.1
5796,medium,3,17.0,21.0,1.5,A,-100.0
5797,low,0,9.0,6.0,7.0,A,9.7
5798,medium,1,19.0,1.0,2.6,A,-17.6
5799,high,1,16.0,14.0,3.5,D,-100.0
5800,medium,1,11.0,26.0,6.4,A,4.4
5801,medium,3,11.0,1.0,3.2,D,-13.7
5802,low,1,19.0,43.0,6.1,C,4.0
5803,medium,2,9.0,8.0,9.9,D,15.0
5804,none,1,10.0,26.0,9.3,D,10.3
5805,high,3,4.0,50.0,2.3,A,-100.0
5806,high,5,3.0,2.0,9.7,A,-11.4
5807,high,2,8.0,0.0,2.3,C,-100.0
5808,medium,1,8.0,5.0,3.6,A,-10.9
5809,low,4,8.0,50.0,8.4,A,15.0
5810,none,2,11.0,15.0,4.8,C,-14.7
5811,high,1,15.0,8.0,2.9,B,-100.0
5812,none,3,16.0,16.0,6.7,C,-4.9
5813,medium,1,3.0,20.0,2.0,A,-19.1
5814,medium,0,11.0,13.0,8.4,A,15.0
5815,none,1,8.0,13.0,2.1,C,-100.0
5816,low,3,12.0,18.0,8.1,A,15.0
5817,low,1,8.0,3.0,9.9,A,15.0
5818,low,3,16.0,1.0,6.1,A,3.7
5819,high,0,5.0,21.0,4.1,A,-100.0
5820,medium,3,5.0,40.0,8.1,A,14.3
5821,high,1,2.0,3.0,9.9,A,-9.8
5822,low,0,20.0,30.0,1.4,C,-100.0
5823,medium,1,15.0,17.0,1.1,C,-100.0
5824,low,3,2.0,5.0,2.5,C,-14.7
5825,low,2,8.0,5.0,7.1,A,10.1
5826,high,0,16.0,45.0,8.1,D,-100.0
5827,low,2,14.0,5.0,4.2,C,-6.4
5828,low,2,3.0,1.0,3.9,A,-7.0
5829,high,0,18.0,40.0,4.6,C,-100.0
5830,high,2,5.0,1.0,8.6,A,-17.4
5831,none,3,15.0,20.0,9.7,A,11.7
5832,high,4,23.0,24.0,8.1,A,-100.0
5833,medium,0,14.0,4.0,10.0,A,15.0
5834,high,2,5.0,6.0,2.6,A,-100.0
5835,none,3,13.0,1.0,7.0,C,-3.1
5836,low,3,8.0,1.0,6.3,A,5.6
5837,low,0,9.0,12.0,9.6,A,15.0
5838,high,1,9.0,6.0,3.0,C,-100.0
5839,none,3,,1.0,7.0,C,
5840,medium,3,2.0,33.0,1.2,C,-100.0
5841,none,0,1.0,9.0,4.9,B,-13.1
5842,low,3,11.0,3.0,8.3,B,15.0
5843,none,2,13.0,1.0,3.6,A,-100.0
5844,high,2,7.0,2.0,5.2,A,-100.0
5845,low,1,17.0,10.0,3.3,A,-11.6
5846,none,0,8.0,3.0,8.9,C,8.2
5847,high,2,19.0,42.0,7.0,A,-100.0
5848,medium,2,9.0,1.0,1.3,A,-100.0
5849,medium,0,9.0,4.0,6.3,A,3.9
5850,medium,0,18.0,50.0,10.0,C,15.0
5851,low,2,8.0,20.0,3.0,A,-12.3
5852,low,3,13.0,2.0,1.1,C,-100.0
5853,none,3,3.0,12.0,6.3,A,-5.8
5854,high,2,22.0,10.0,7.6,A,-100.0
5855,none,0,8.0,5.0,2.4,A,-100.0
5856,high,0,10.0,3.0,4.6,A,-100.0
5857,high,0,17.0,6.0,4.2,A,-100.0
5858,medium,0,7.0,22.0,5.4,A,-0.7
5859,medium,4,20.0,2.0,9.8,A,15.0
5860,low,3,11.0,0.0,5.0,B,-1.9
5861,high,1,6.0,27.0,5.4,A,-100.0
5862,low,3,1.0,3.0,2.9,A,-12.4
5863,low,0,15.0,24.0,1.6,A,-100.0
5864,high,2,3.0,13.0,9.8,C,-10.5
5865,low,0,5.0,2.0,7.5,B,12.8
5866,high,1,21.0,50.0,1.9,A,-100.0
5867,low,2,14.0,9.0,1.0,A,-100.0
5868,high,2,14.0,1.0,7.6,A,-100.0
5869,high,1,7.0,7.0,3.9,A,-100.0
5870,medium,0,6.0,4.0,4.3,C,-6.8
5871,high,1,7.0,34.0,4.5,A,-100.0
5872,high,0,8.0,5.0,9.8,A,-10.9
5873,high,2,5.0,4.0,6.9,A,-100.0
5874,high,3,4.0,3.0,2.5,A,-100.0
5875,high,0,7.0,1.0,9.3,C,-13.5
5876,low,0,9.0,5.0,8.6,A,15.0
5877,low,1,21.0,7.0,9.3,A,15.0
5878,medium,3,8.0,13.0,1.0,A,-100.0
5879,medium,1,16.0,0.0,9.1,C,15.0
5880,low,1,8.0,22.0,9.5,C,15.0
5881,low,2,13.0,5.0,8.3,A,15.0
5882,medium,1,,1.0,3.8,C,
5883,low,0,4.0,17.0,1.0,C,-100.0
5884,high,2,14.0,21.0,7.9,A,-100.0
5885,low,3,6.0,6.0,7.8,A,14.1
5886,low,0,12.0,5.0,2.5,C,-15.4
5887,low,1,5.0,4.0,5.2,C,0.0
5888,low,0,8.0,45.0,8.9,C,15.0
5889,high,2,11.0,2.0,9.6,A,-12.5
5890,medium,0,15.0,27.0,8.7,C,15.0
5891,medium,0,21.0,18.0,7.8,A,11.1
5892,low,4,,0.0,3.1,C,
5893,none,1,3.0,3.0,8.1,A,4.2
5894,high,1,10.0,6.0,2.2,C,-100.0
5895,high,1,13.0,16.0,7.7,A,-100.0
5896,medium,1,3.0,5.0,3.4,A,-11.5
5897,low,0,17.0,4.0,5.3,A,-0.5
5898,medium,0,23.0,27.0,7.1,A,7.1
5899,high,0,,6.0,6.0,C,
5900,high,2,17.0,0.0,3.4,A,-100.0
5901,medium,1,10.0,2.0,9.9,A,15.0
5902,low,2,15.0,40.0,1.8,A,-19.4
5903,none,1,3.0,13.0,5.5,A,-10.0
5904,medium,1,,1.0,2.8,C,
5905,high,4,5.0,1.0,2.8,A,-100.0
5906,low,1,7.0,21.0,6.5,A,7.2
5907,medium,0,4.0,8.0,9.9,A,15.0
5908,low,2,10.0,5.0,1.9,A,-18.7
5909,medium,0,5.0,9.0,1.9,A,-19.8
5910,medium,2,9.0,17.0,9.4,A,15.0
5911,medium,0,2.0,3.0,1.3,B,-100.0
5912,none,1,22.0,6.0,9.1,C,7.8
5913,low,1,6.0,8.0,4.3,A,-5.0
5914,high,2,7.0,3.0,4.3,D,-100.0
5915,none,1,16.0,30.0,9.5,A,10.8
5916,,1,15.0,2.0,8.4,A,4.6
5917,high,3,34.0,27.0,9.4,A,-15.7
5918,high,0,10.0,10.0,8.2,A,-19.8
5919,none,1,2.0,9.0,3.4,A,-100.0
5920,none,1,3.0,13.0,7.0,C,-1.8
5921,none,2,16.0,36.0,9.4,A,10.2
5922,none,1,10.0,3.0,8.6,A,6.2
5923,none,3,21.0,3.0,9.7,A,11.0
5924,medium,0,5.0,1.0,1.4,B,-100.0
5925,low,1,5.0,15.0,2.1,A,-16.9
5926,none,1,8.0,28.0,3.5,C,-100.0
5927,medium,2,3.0,34.0,9.7,A,15.0
5928,high,2,4.0,3.0,9.5,C,-12.3
5929,high,1,4.0,5.0,9.7,A,-11.1
5930,high,1,22.0,1.0,4.3,A,-100.0
5931,high,2,14.0,31.0,7.4,A,-100.0
5932,medium,1,8.0,15.0,2.9,A,-14.7
5933,none,2,9.0,42.0,8.6,A,6.6
5934,high,2,4.0,3.0,8.4,A,-18.4
5935,none,1,7.0,5.0,8.2,A,4.4
5936,low,0,19.0,8.0,2.7,C,-15.0
5937,high,0,7.0,18.0,9.0,A,-15.0
5938,high,2,4.0,22.0,9.6,C,-11.6
5939,low,0,8.0,5.0,1.9,A,-18.3
5940,medium,2,8.0,40.0,8.2,A,14.6
5941,medium,0,10.0,16.0,3.2,D,-13.1
5942,none,1,10.0,25.0,8.5,A,5.9
5943,high,0,5.0,50.0,9.9,A,-9.6
5944,none,1,8.0,9.0,4.2,B,-17.7
5945,none,2,12.0,2.0,9.7,A,12.0
5946,low,0,5.0,6.0,3.4,C,-9.7
5947,high,0,12.0,1.0,7.3,A,-100.0
5948,medium,1,23.0,11.0,9.5,B,15.0
5949,low,1,4.0,0.0,7.6,A,13.3
5950,medium,1,8.0,5.0,8.8,A,15.0
5951,low,1,14.0,2.0,1.6,A,-100.0
5952,medium,1,14.0,10.0,9.3,A,15.0
5953,none,2,6.0,2.0,8.2,A,4.3
5954,high,0,2.0,4.0,5.0,C,-100.0
5955,low,2,22.0,16.0,8.5,A,15.0
5956,high,2,11.0,9.0,6.5,A,-100.0
5957,medium,4,14.0,20.0,2.0,C,-100.0
5958,high,0,10.0,9.0,9.7,A,-11.6
5959,low,1,11.0,2.0,2.3,C,-16.5
5960,high,2,3.0,6.0,8.6,B,-17.1
5961,medium,1,14.0,9.0,9.7,A,15.0
5962,none,2,7.0,6.0,8.1,D,3.7
5963,high,2,7.0,4.0,4.3,A,-100.0
5964,none,0,15.0,5.0,1.5,B,-100.0
5965,none,1,10.0,5.0,4.9,B,-14.1
5966,none,0,19.0,1.0,3.5,A,-100.0
5967,low,2,2.0,12.0,9.8,A,15.0
5968,low,2,13.0,22.0,2.9,A,-13.3
5969,medium,2,4.0,0.0,7.0,A,8.0
5970,low,3,4.0,11.0,8.9,C,15.0
5971,high,0,19.0,4.0,2.7,C,-100.0
5972,low,3,12.0,14.0,3.3,A,-11.2
5973,none,1,7.0,5.0,4.7,C,-14.9
5974,low,0,12.0,44.0,4.6,A,-3.5
5975,medium,2,8.0,3.0,4.9,B,-3.9
5976,medium,4,16.0,27.0,4.8,A,-5.2
5977,high,0,19.0,20.0,9.8,C,-11.8
5978,medium,4,10.0,5.0,8.0,B,12.8
5979,low,1,9.0,5.0,2.4,D,-15.8
5980,low,2,13.0,3.0,8.5,C,15.0
5981,high,0,9.0,10.0,2.9,B,-100.0
5982,medium,1,5.0,4.0,9.5,A,15.0
5983,medium,1,6.0,2.0,1.2,A,-100.0
5984,low,0,2.0,23.0,9.1,A,15.0
5985,low,2,8.0,5.0,3.5,D,-9.7
5986,high,2,6.0,12.0,1.2,A,-100.0
5987,none,3,8.0,19.0,8.5,D,5.8
5988,none,2,7.0,22.0,6.8,A,-3.3
5989,low,2,7.0,0.0,8.5,A,15.0
5990,low,0,7.0,6.0,3.7,A,-8.3
5991,high,2,7.0,7.0,9.2,D,-14.2
5992,high,2,6.0,17.0,1.2,A,-100.0
5993,medium,0,18.0,18.0,1.3,B,-100.0
5994,medium,1,6.0,24.0,9.7,A,15.0
5995,medium,2,13.0,4.0,8.4,A,14.9
5996,high,2,7.0,5.0,8.3,A,-19.2
5997,none,2,3.0,26.0,5.0,A,-12.7
5998,low,0,8.0,1.0,1.6,A,-20.0
5999,high,1,12.0,8.0,4.1,C,-100.0
6000,high,0,3.0,22.0,1.7,C,-100.0
6001,low,2,3.0,5.0,7.5,C,12.8
6002,medium,1,5.0,2.0,1.5,A,-100.0
6003,medium,1,10.0,4.0,7.3,C,9.2
6004,low,3,8.0,7.0,5.5,B,1.2
6005,low,3,4.0,42.0,7.9,A,15.0
6006,low,1,7.0,0.0,6.4,A,6.4
6007,high,3,34.0,4.0,9.3,C,-16.5
6008,low,0,15.0,7.0,8.3,A,15.0
6009,none,4,6.0,14.0,8.2,A,4.2
6010,high,1,12.0,0.0,3.5,A,-100.0
6011,high,3,6.0,23.0,8.1,A,-100.0
6012,none,3,6.0,3.0,7.9,A,2.6
6013,medium,3,3.0,35.0,3.6,C,-10.3
6014,medium,1,8.0,3.0,4.5,A,-6.0
6015,high,1,1.0,8.0,4.1,A,-100.0
6016,low,1,10.0,3.0,3.3,C,-10.9
6017,none,3,22.0,10.0,1.4,A,-100.0
6018,none,2,22.0,3.0,5.0,A,-14.9
6019,low,1,3.0,10.0,7.4,C,12.4
6020,low,0,4.0,8.0,8.1,A,15.0
6021,high,1,6.0,2.0,8.5,C,-17.9
6022,none,0,25.0,15.0,6.8,B,-4.9
6023,none,1,9.0,4.0,8.9,A,8.0
6024,low,1,11.0,2.0,9.7,A,15.0
6025,medium,2,2.0,11.0,9.9,D,15.0
6026,low,0,4.0,9.0,6.7,A,8.5
6027,medium,1,7.0,12.0,8.5,A,15.0
6028,high,2,5.0,3.0,5.2,A,-100.0
6029,high,1,6.0,9.0,2.6,A,-100.0
6030,medium,2,7.0,24.0,9.3,A,15.0
6031,medium,1,14.0,2.0,7.9,D,12.1
6032,high,2,13.0,5.0,8.6,B,-18.2
6033,low,4,26.0,17.0,5.6,A,-0.0
6034,medium,1,7.0,27.0,6.6,A,5.9
6035,high,0,8.0,17.0,9.2,A,-14.0
6036,high,1,16.0,3.0,6.4,D,-100.0
6037,high,0,4.0,32.0,2.8,D,-100.0
6038,high,2,18.0,31.0,1.8,A,-100.0
6039,high,0,9.0,6.0,9.0,A,-15.3
6040,medium,0,11.0,18.0,8.3,A,14.9
6041,medium,2,14.0,0.0,9.1,A,15.0
6042,none,1,16.0,1.0,3.3,C,-100.0
6043,medium,3,5.0,4.0,9.4,A,15.0
6044,medium,1,19.0,0.0,8.9,A,15.0
6045,low,2,11.0,11.0,8.6,A,15.0
6046,medium,1,8.0,0.0,1.1,A,-100.0
6047,high,5,12.0,9.0,2.1,A,-100.0
6048,medium,1,14.0,40.0,5.5,A,-0.7
6049,low,3,4.0,14.0,7.6,A,13.2
6050,high,1,12.0,22.0,8.4,A,-18.9
6051,high,3,11.0,11.0,8.7,A,-17.4
6052,medium,1,12.0,3.0,1.0,A,-100.0
6053,low,2,10.0,1.0,9.9,A,15.0
6054,high,0,7.0,7.0,6.6,B,-100.0
6055,high,1,2.0,9.0,2.8,C,-100.0
6056,,3,3.0,5.0,8.8,A,7.9
6057,high,2,5.0,0.0,2.3,A,-100.0
6058,medium,1,21.0,41.0,9.5,A,15.0
6059,high,0,16.0,7.0,8.5,A,-18.8
6060,high,2,4.0,1.0,2.5,A,-100.0
6061,high,3,32.0,2.0,8.1,A,-100.0
6062,high,1,6.0,5.0,5.6,A,-100.0
6063,medium,1,32.0,13.0,5.3,A,-3.9
6064,high,1,24.0,32.0,9.8,A,-12.3
6065,medium,0,6.0,3.0,9.0,A,15.0
6066,low,0,7.0,37.0,1.8,B,-18.4
6067,low,2,2.0,28.0,10.0,A,15.0
6068,low,1,11.0,2.0,6.8,A,8.2
6069,medium,1,5.0,6.0,5.5,C,-0.2
6070,none,1,29.0,10.0,9.6,C,9.9
6071,low,1,40.0,27.0,9.9,A,15.0
6072,low,0,3.0,14.0,10.0,A,15.0
6073,medium,0,4.0,1.0,9.9,A,15.0
6074,low,2,7.0,15.0,2.9,C,-12.8
6075,low,2,21.0,3.0,8.4,D,15.0
6076,high,0,1.0,7.0,1.4,A,-100.0
6077,low,0,7.0,11.0,9.5,A,15.0
6078,low,4,7.0,6.0,8.8,C,15.0
6079,none,1,7.0,50.0,1.4,A,-100.0
6080,medium,2,2.0,24.0,8.5,A,15.0
6081,high,0,2.0,16.0,9.1,A,-14.0
6082,low,0,14.0,2.0,4.5,A,-4.6
6083,none,2,8.0,1.0,4.2,A,-17.9
6084,none,1,6.0,6.0,1.6,A,-100.0
6085,high,0,8.0,1.0,3.0,A,-100.0
6086,high,1,16.0,6.0,8.8,C,-17.2
6087,,2,10.0,13.0,1.4,A,-100.0
6088,medium,3,3.0,3.0,3.9,A,-9.0
6089,medium,1,10.0,4.0,9.0,A,15.0
6090,low,2,2.0,4.0,9.0,A,15.0
6091,medium,3,11.0,13.0,1.9,A,-100.0
6092,low,2,3.0,13.0,9.6,A,15.0
6093,high,2,10.0,2.0,8.2,A,-100.0
6094,medium,1,18.0,16.0,8.9,A,15.0
6095,high,0,7.0,2.0,8.3,A,-19.0
6096,high,2,13.0,2.0,9.9,A,-11.0
6097,high,0,18.0,1.0,6.8,A,-100.0
6098,,0,8.0,31.0,10.0,A,14.5
6099,high,3,1.0,4.0,8.3,A,-18.7
6100,high,1,20.0,7.0,5.5,C,-100.0
6101,medium,1,13.0,0.0,9.3,A,15.0
6102,none,0,12.0,5.0,7.1,A,-2.1
6103,none,1,17.0,10.0,5.0,B,-14.2
6104,high,5,7.0,13.0,1.5,A,-100.0
6105,none,0,13.0,13.0,1.9,D,-100.0
6106,none,1,2.0,1.0,9.3,A,10.9
6107,low,2,4.0,1.0,9.8,C,15.0
6108,high,4,6.0,4.0,6.9,B,-100.0
6109,low,1,14.0,2.0,3.9,A,-8.0
6110,high,0,3.0,5.0,7.3,A,-100.0
6111,low,1,15.0,32.0,9.4,C,15.0
6112,medium,1,25.0,5.0,9.3,A,15.0
6113,medium,1,7.0,7.0,1.8,A,-100.0
6114,medium,2,7.0,1.0,9.9,A,15.0
6115,high,1,3.0,8.0,4.1,A,-100.0
6116,medium,1,12.0,1.0,3.6,A,-11.4
6117,low,0,5.0,5.0,1.5,A,-100.0
6118,medium,2,14.0,10.0,9.2,C,15.0
6119,medium,1,4.0,11.0,2.4,C,-17.1
6120,low,2,6.0,9.0,1.4,B,-100.0
6121,low,1,9.0,5.0,3.6,B,-9.1
6122,low,0,4.0,9.0,7.3,A,11.8
6123,high,3,16.0,23.0,3.9,A,-100.0
6124,low,1,11.0,23.0,6.6,C,7.3
6125,high,0,8.0,6.0,2.6,A,-100.0
6126,high,3,17.0,14.0,6.4,A,-100.0
6127,low,2,16.0,5.0,3.0,C,-13.2
6128,none,1,9.0,2.0,7.1,A,-1.9
6129,high,0,17.0,18.0,1.5,A,-100.0
6130,medium,0,14.0,3.0,9.6,D,15.0
6131,low,0,1.0,5.0,4.3,B,-4.4
6132,medium,0,25.0,7.0,9.9,A,15.0
6133,low,1,9.0,10.0,1.0,C,-100.0
6134,none,3,27.0,1.0,8.4,D,3.2
6135,high,0,3.0,10.0,7.8,C,-100.0
6136,low,3,10.0,1.0,9.7,A,15.0
6137,low,2,4.0,12.0,9.3,C,15.0
6138,high,2,29.0,21.0,2.6,A,-100.0
6139,medium,0,9.0,10.0,8.1,A,13.9
6140,high,4,0.0,12.0,6.3,A,-100.0
6141,low,2,6.0,13.0,6.3,C,6.0
6142,low,0,6.0,4.0,9.3,A,15.0
6143,medium,1,1.0,40.0,8.7,A,15.0
6144,low,2,13.0,19.0,8.7,C,15.0
6145,none,4,9.0,46.0,1.4,A,-100.0
6146,high,2,9.0,0.0,9.5,A,-12.8
6147,high,2,5.0,24.0,3.6,C,-100.0
6148,medium,2,11.0,3.0,2.3,A,-18.5
6149,,0,4.0,3.0,8.6,A,6.9
6150,low,0,2.0,15.0,6.9,A,9.9
6151,low,1,9.0,22.0,9.6,A,15.0
6152,low,1,11.0,23.0,9.2,A,15.0
6153,low,1,6.0,4.0,3.9,A,-7.2
6154,high,3,15.0,8.0,3.9,A,-100.0
6155,low,2,14.0,50.0,1.0,D,-100.0
6156,high,1,17.0,6.0,8.4,A,-19.5
6157,none,0,12.0,3.0,8.5,C,5.6
6158,none,1,7.0,11.0,4.6,B,-15.4
6159,low,1,16.0,14.0,6.1,A,4.0
6160,medium,0,9.0,0.0,8.0,B,13.2
6161,high,1,4.0,23.0,3.0,B,-100.0
6162,high,4,14.0,19.0,9.7,A,-12.3
6163,low,2,15.0,2.0,3.5,A,-10.4
6164,low,1,10.0,7.0,8.4,A,15.0
6165,none,1,7.0,24.0,8.8,A,7.8
6166,none,1,6.0,0.0,5.1,A,-12.6
6167,medium,0,8.0,34.0,8.1,A,14.2
6168,high,0,25.0,28.0,6.9,A,-100.0
6169,low,2,9.0,15.0,3.6,A,-9.1
6170,,2,7.0,18.0,5.9,A,-8.3
6171,high,1,3.0,1.0,3.5,A,-100.0
6172,high,1,7.0,30.0,6.1,B,-100.0
6173,high,4,31.0,3.0,7.3,A,-100.0
6174,low,0,6.0,5.0,2.4,A,-15.4
6175,none,2,7.0,5.0,9.2,A,9.7
6176,low,2,3.0,11.0,9.5,A,15.0
6177,low,2,18.0,7.0,4.5,A,-5.2
6178,high,1,6.0,4.0,4.7,A,-100.0
6179,high,2,18.0,9.0,9.0,A,-16.4
6180,low,3,9.0,10.0,8.3,B,15.0
6181,high,1,17.0,3.0,8.6,A,-18.5
6182,high,1,24.0,16.0,8.2,A,-100.0
6183,low,3,5.0,10.0,5.5,A,1.6
6184,medium,2,1.0,8.0,8.9,A,15.0
6185,none,1,34.0,10.0,3.5,A,-100.0
6186,high,4,4.0,5.0,7.0,A,-100.0
6187,low,2,23.0,6.0,6.4,C,4.8
6188,low,0,4.0,26.0,3.9,C,-6.7
6189,medium,1,24.0,1.0,9.4,A,15.0
6190,high,0,9.0,3.0,5.4,A,-100.0
6191,low,0,4.0,7.0,9.5,A,15.0
6192,high,0,11.0,50.0,1.2,D,-100.0
6193,high,2,7.0,39.0,5.8,C,-100.0
6194,none,1,9.0,3.0,4.8,A,-14.6
6195,high,0,12.0,1.0,9.1,C,-15.1
6196,medium,1,24.0,17.0,9.1,A,15.0
6197,medium,3,3.0,29.0,3.2,A,-12.6
6198,medium,2,4.0,30.0,9.4,B,15.0
6199,low,2,6.0,13.0,3.6,A,-8.9
6200,low,0,3.0,4.0,8.6,A,15.0
6201,high,0,8.0,5.0,8.5,A,-18.0
6202,low,2,25.0,13.0,5.4,A,-0.9
6203,high,2,12.0,31.0,1.9,A,-100.0
6204,high,3,10.0,1.0,1.2,D,-100.0
6205,none,1,11.0,5.0,8.4,A,5.0
6206,medium,2,17.0,3.0,8.3,B,13.9
6207,medium,1,11.0,3.0,8.4,A,15.0
6208,low,1,9.0,3.0,8.4,A,15.0
6209,high,2,8.0,2.0,8.2,A,-19.9
6210,low,0,25.0,26.0,6.0,C,2.8
6211,,1,9.0,10.0,3.8,A,-20.0
6212,low,0,8.0,6.0,3.0,A,-12.2
6213,medium,1,13.0,2.0,2.5,A,-17.5
6214,low,2,4.0,23.0,4.1,A,-5.8
6215,medium,2,7.0,7.0,7.7,D,11.6
6216,high,2,2.0,10.0,1.1,A,-100.0
6217,none,1,10.0,4.0,5.9,A,-8.6
6218,medium,0,13.0,29.0,8.3,C,14.8
6219,medium,0,12.0,2.0,4.9,A,-4.1
6220,low,2,17.0,17.0,2.5,A,-16.0
6221,low,1,3.0,9.0,8.0,A,15.0
6222,low,1,11.0,1.0,3.5,A,-9.9
6223,low,1,8.0,12.0,8.4,A,15.0
6224,medium,1,16.0,16.0,7.9,C,12.0
6225,medium,6,8.0,20.0,9.4,A,15.0
6226,medium,0,21.0,9.0,1.2,A,-100.0
6227,none,0,14.0,0.0,3.1,A,-100.0
6228,high,1,8.0,21.0,4.4,A,-100.0
6229,low,0,2.0,5.0,6.2,A,6.0
6230,high,3,7.0,35.0,8.5,A,-17.9
6231,medium,0,9.0,14.0,8.2,A,14.5
6232,none,2,25.0,12.0,2.5,A,-100.0
6233,low,0,11.0,7.0,2.7,B,-14.2
6234,none,1,8.0,10.0,8.8,B,7.6
6235,low,0,5.0,10.0,8.5,B,15.0
6236,none,1,7.0,29.0,10.0,A,14.5
6237,medium,1,16.0,2.0,5.8,A,0.3
6238,,4,24.0,13.0,3.4,A,-100.0
6239,medium,1,5.0,4.0,7.3,C,9.7
6240,medium,2,2.0,4.0,9.1,A,15.0
6241,low,0,1.0,44.0,7.1,B,11.4
6242,low,1,2.0,7.0,9.6,A,15.0
6243,,2,10.0,39.0,5.7,B,-9.5
6244,none,0,19.0,9.0,9.6,A,11.0
6245,medium,1,5.0,8.0,9.7,A,15.0
6246,medium,3,23.0,11.0,4.8,D,-6.0
6247,medium,2,22.0,8.0,6.9,A,5.8
6248,low,2,14.0,20.0,3.9,A,-8.0
6249,low,0,12.0,21.0,3.7,A,-8.6
6250,low,1,26.0,5.0,5.4,C,-0.9
6251,medium,0,9.0,18.0,9.9,C,15.0
6252,low,2,2.0,50.0,2.4,A,-14.7
6253,medium,2,3.0,1.0,9.3,A,15.0
6254,medium,2,14.0,9.0,8.9,A,15.0
6255,high,2,11.0,16.0,9.1,A,-15.1
6256,none,1,8.0,20.0,3.0,D,-100.0
6257,medium,0,13.0,15.0,2.7,C,-16.2
6258,none,1,10.0,12.0,8.6,A,6.3
6259,,3,28.0,6.0,1.6,A,-100.0
6260,low,2,12.0,14.0,8.0,D,14.8
6261,medium,2,10.0,4.0,9.8,B,15.0
6262,medium,2,,9.0,6.0,C,
6263,medium,4,8.0,13.0,8.5,A,15.0
6264,medium,2,11.0,6.0,6.9,A,6.8
6265,low,1,6.0,2.0,9.5,A,15.0
6266,low,4,12.0,23.0,7.8,D,13.5
6267,high,0,,2.0,8.1,C,
6268,high,0,13.0,9.0,9.4,A,-13.5
6269,high,1,4.0,21.0,9.1,A,-14.2
6270,medium,0,18.0,15.0,6.3,D,3.1
6271,low,4,6.0,10.0,9.5,A,15.0
6272,high,0,19.0,50.0,8.1,A,-100.0
6273,none,3,9.0,8.0,8.5,A,5.6
6274,medium,1,6.0,18.0,9.2,A,15.0
6275,medium,1,5.0,17.0,9.5,A,15.0
6276,high,1,22.0,7.0,6.4,B,-100.0
6277,high,5,,6.0,5.9,C,
6278,none,2,4.0,27.0,2.7,A,-100.0
6279,low,2,6.0,3.0,9.7,A,15.0
6280,none,0,8.0,0.0,1.5,A,-100.0
6281,medium,0,7.0,9.0,10.0,A,15.0
6282,high,2,9.0,4.0,8.5,A,-18.3
6283,low,4,7.0,9.0,3.4,A,-10.3
6284,none,2,1.0,0.0,8.6,A,7.0
6285,none,1,6.0,1.0,4.6,A,-15.4
6286,high,5,9.0,9.0,5.7,B,-100.0
6287,high,0,11.0,11.0,5.0,A,-100.0
6288,medium,3,5.0,3.0,9.0,D,15.0
6289,high,2,9.0,9.0,1.6,C,-100.0
6290,medium,1,8.0,7.0,7.1,A,8.3
6291,low,4,16.0,16.0,8.5,A,15.0
6292,medium,2,17.0,24.0,1.6,A,-100.0
6293,high,2,8.0,7.0,1.5,C,-100.0
6294,low,0,2.0,10.0,9.7,C,15.0
6295,none,0,4.0,32.0,4.4,A,-15.9
6296,low,2,2.0,9.0,1.4,A,-100.0
6297,low,2,9.0,9.0,4.5,A,-4.3
6298,low,2,2.0,2.0,6.6,A,7.9
6299,medium,5,7.0,9.0,2.2,D,-18.9
6300,high,2,8.0,19.0,3.1,A,-100.0
6301,medium,0,17.0,17.0,7.4,A,9.3
6302,none,2,7.0,0.0,4.3,A,-17.3
6303,,0,4.0,16.0,8.1,A,4.3
6304,,3,11.0,6.0,7.4,C,-0.7
6305,none,1,3.0,10.0,8.5,A,6.5
6306,medium,1,18.0,43.0,6.9,A,6.6
6307,high,1,0.0,14.0,9.3,C,-12.8
6308,high,1,8.0,19.0,1.4,A,-100.0
6309,high,5,28.0,4.0,9.6,D,-14.5
6310,medium,0,2.0,1.0,2.6,A,-15.8
6311,low,2,5.0,50.0,9.7,A,15.0
6312,low,2,4.0,2.0,9.9,C,15.0
6313,low,3,25.0,11.0,5.1,A,-2.6
6314,low,2,11.0,9.0,5.8,A,2.7
6315,high,0,8.0,10.0,9.8,C,-10.8
6316,medium,0,14.0,36.0,9.7,B,15.0
6317,low,2,16.0,7.0,6.1,A,3.8
6318,low,3,2.0,27.0,2.1,C,-16.7
6319,low,2,15.0,18.0,3.6,A,-9.7
6320,low,0,3.0,12.0,3.0,A,-11.7
6321,high,2,9.0,0.0,6.0,A,-100.0
6322,high,2,3.0,3.0,7.4,A,-100.0
6323,high,1,12.0,2.0,8.2,D,-100.0
6324,low,1,11.0,9.0,5.0,A,-1.6
6325,low,2,10.0,7.0,6.1,A,4.4
6326,high,2,8.0,13.0,3.0,A,-100.0
6327,medium,4,5.0,22.0,8.9,B,15.0
6328,low,1,7.0,4.0,3.5,D,-9.5
6329,high,2,5.0,4.0,7.0,C,-100.0
6330,medium,3,9.0,0.0,7.3,A,9.1
6331,high,2,12.0,1.0,3.7,B,-100.0
6332,high,0,29.0,50.0,9.8,B,-12.5
6333,low,2,12.0,45.0,1.8,C,-19.0
6334,none,2,4.0,1.0,6.5,A,-4.8
6335,medium,1,7.0,14.0,2.4,D,-17.3
6336,medium,2,,10.0,9.6,C,
6337,medium,2,16.0,0.0,2.4,A,-18.5
6338,low,3,6.0,8.0,8.0,C,15.0
6339,none,0,5.0,5.0,8.6,A,6.9
6340,low,3,15.0,17.0,9.4,A,15.0
6341,medium,0,4.0,12.0,2.5,A,-16.4
6342,medium,2,13.0,7.0,9.0,B,15.0
6343,high,1,11.0,21.0,9.7,A,-11.6
6344,high,2,4.0,5.0,3.0,B,-100.0
6345,high,3,9.0,1.0,1.7,B,-100.0
6346,low,2,12.0,13.0,2.8,B,-13.9
6347,medium,1,8.0,8.0,9.2,A,15.0
6348,none,1,7.0,0.0,8.5,A,6.0
6349,low,1,2.0,4.0,6.1,A,5.3
6350,high,0,5.0,0.0,2.2,B,-100.0
6351,none,0,2.0,5.0,8.9,B,8.8
6352,high,0,6.0,27.0,4.6,A,-100.0
6353,high,1,18.0,33.0,8.9,A,-16.6
6354,low,2,3.0,9.0,8.4,A,15.0
6355,high,1,17.0,5.0,5.6,B,-100.0
6356,high,1,6.0,3.0,3.8,C,-100.0
6357,low,2,1.0,8.0,6.1,A,5.3
6358,high,2,3.0,10.0,8.7,A,-16.6
6359,medium,3,8.0,38.0,4.8,B,-4.2
6360,none,2,10.0,32.0,9.4,B,10.8
6361,medium,3,4.0,4.0,3.4,A,-11.8
6362,low,0,11.0,2.0,2.0,D,-18.1
6363,low,2,4.0,14.0,9.9,B,15.0
6364,high,2,3.0,28.0,8.9,A,-15.3
6365,low,5,6.0,1.0,9.3,A,15.0
6366,low,3,19.0,23.0,8.8,A,15.0
6367,high,1,5.0,8.0,1.5,A,-100.0
6368,none,4,1.0,6.0,7.0,A,-1.9
6369,none,0,27.0,12.0,7.4,C,-1.9
6370,high,5,5.0,2.0,8.1,B,-100.0
6371,medium,1,9.0,46.0,6.0,A,2.6
6372,medium,0,8.0,20.0,5.9,C,2.0
6373,low,0,4.0,6.0,1.1,C,-100.0
6374,none,0,5.0,3.0,9.1,A,9.6
6375,none,0,4.0,23.0,4.2,A,-17.1
6376,medium,1,40.0,2.0,7.2,C,5.6
6377,high,1,6.0,0.0,9.2,B,-14.1
6378,low,2,34.0,7.0,7.1,B,7.5
6379,medium,1,8.0,23.0,3.8,A,-9.6
6380,low,0,24.0,2.0,3.1,A,-13.3
6381,none,2,6.0,16.0,6.1,D,-7.1
6382,high,2,6.0,8.0,9.7,A,-11.4
6383,high,0,12.0,25.0,9.8,C,-11.0
6384,high,2,6.0,4.0,5.4,A,-100.0
6385,high,1,5.0,27.0,2.9,B,-100.0
6386,medium,5,19.0,11.0,9.4,A,15.0
6387,low,0,17.0,9.0,5.4,A,0.1
6388,none,1,14.0,3.0,9.6,C,11.3
6389,high,2,15.0,5.0,9.2,B,-15.0
6390,medium,3,5.0,6.0,7.7,A,11.7
6391,none,1,0.0,10.0,5.4,B,-10.3
6392,medium,3,11.0,2.0,9.1,A,15.0
6393,high,1,5.0,15.0,6.3,C,-100.0
6394,medium,0,5.0,3.0,5.6,A,0.4
6395,low,1,6.0,50.0,7.3,A,12.0
6396,none,1,7.0,12.0,5.3,A,-11.5
6397,medium,0,7.0,21.0,8.3,A,15.0
6398,high,3,2.0,34.0,8.7,A,-16.3
6399,low,3,10.0,8.0,7.4,B,11.5
6400,low,1,0.0,3.0,9.6,C,15.0
6401,low,1,3.0,10.0,4.4,A,-4.1
6402,low,0,7.0,1.0,3.2,B,-11.1
6403,medium,0,18.0,7.0,8.6,A,15.0
6404,high,1,7.0,10.0,4.2,C,-100.0
6405,low,2,3.0,6.0,7.0,A,10.1
6406,medium,1,3.0,6.0,3.9,C,-8.8
6407,medium,2,25.0,14.0,3.4,A,-13.7
6408,low,0,7.0,6.0,6.4,A,6.6
6409,none,2,6.0,5.0,9.3,A,10.4
6410,low,2,11.0,1.0,5.5,B,1.0
6411,high,1,3.0,13.0,9.5,A,-12.0
6412,,0,7.0,8.0,1.7,C,-100.0
6413,low,1,7.0,8.0,6.4,A,6.5
6414,low,0,22.0,2.0,9.0,A,15.0
6415,none,1,,0.0,6.8,C,
6416,high,1,2.0,5.0,8.7,C,-16.4
6417,low,0,11.0,11.0,1.1,A,-100.0
6418,low,1,2.0,6.0,2.4,B,-15.0
6419,low,1,4.0,1.0,3.0,A,-12.0
6420,low,3,4.0,12.0,5.4,A,1.1
6421,medium,3,13.0,2.0,8.1,A,13.1
6422,low,2,26.0,12.0,1.5,A,-100.0
6423,medium,4,19.0,37.0,1.3,A,-100.0
6424,high,2,9.0,9.0,4.0,A,-100.0
6425,low,1,3.0,0.0,9.7,A,15.0
6426,medium,0,18.0,30.0,8.8,A,15.0
6427,high,0,8.0,1.0,1.3,B,-100.0
6428,none,1,6.0,3.0,3.2,C,-100.0
6429,none,3,11.0,9.0,5.5,A,-11.1
6430,none,2,15.0,9.0,3.8,D,-100.0
6431,high,0,21.0,5.0,9.6,B,-13.3
6432,medium,2,9.0,5.0,8.6,A,15.0
6433,low,2,3.0,18.0,9.8,C,15.0
6434,none,1,4.0,15.0,5.9,A,-7.9
6435,medium,1,6.0,3.0,3.5,B,-11.3
6436,medium,1,5.0,10.0,8.5,C,15.0
6437,medium,3,3.0,1.0,8.2,A,14.6
6438,high,1,6.0,1.0,1.4,A,-100.0
6439,medium,1,5.0,13.0,8.2,A,
6440,medium,2,11.0,12.0,7.3,A,9.1
6441,high,3,9.0,3.0,9.2,C,-14.6
6442,none,0,18.0,1.0,8.8,B,6.6
6443,high,3,17.0,3.0,8.7,A,-18.1
6444,low,2,8.0,7.0,2.3,C,-16.3
6445,high,2,4.0,2.0,8.7,C,-16.7
6446,medium,0,10.0,5.0,6.5,C,4.9
6447,medium,0,,23.0,1.9,C,
6448,low,0,9.0,6.0,6.1,C,4.7
6449,high,2,4.0,4.0,4.4,A,-100.0
6450,none,1,6.0,3.0,3.0,A,-100.0
6451,none,1,6.0,34.0,8.0,A,3.6
6452,medium,4,12.0,9.0,9.3,A,15.0
6453,low,3,13.0,5.0,3.5,A,-10.3
6454,high,1,2.0,13.0,5.9,A,-100.0
6455,high,1,14.0,30.0,9.6,B,-12.4
6456,medium,0,9.0,10.0,9.2,A,15.0
6457,low,5,15.0,41.0,8.9,A,15.0
6458,none,3,19.0,3.0,9.5,C,10.1
6459,medium,1,5.0,8.0,1.3,A,-100.0
6460,low,2,13.0,9.0,3.2,C,-11.8
6461,high,1,3.0,10.0,8.7,C,-16.4
6462,high,0,7.0,36.0,8.0,A,-100.0
6463,none,2,13.0,8.0,10.0,C,13.6
6464,high,4,10.0,28.0,9.7,C,-11.8
6465,low,0,2.0,5.0,8.2,A,15.0
6466,medium,1,4.0,25.0,8.5,A,15.0
6467,low,1,6.0,27.0,9.7,A,15.0
6468,medium,0,10.0,14.0,3.2,A,-13.1
6469,medium,0,6.0,13.0,8.5,D,15.0
6470,none,2,1.0,1.0,3.3,C,-100.0
6471,low,1,2.0,1.0,9.0,B,15.0
6472,medium,1,2.0,16.0,2.3,A,-17.4
6473,low,3,19.0,1.0,7.1,A,8.8
6474,medium,1,6.0,8.0,6.1,A,3.1
6475,low,3,4.0,13.0,7.5,C,12.7
6476,high,2,5.0,3.0,1.4,A,-100.0
6477,high,1,22.0,7.0,2.6,C,-100.0
6478,low,2,1.0,11.0,8.1,A,15.0
6479,low,4,6.0,29.0,1.2,A,-100.0
6480,low,1,8.0,7.0,8.0,A,15.0
6481,medium,1,8.0,8.0,6.5,C,5.1
6482,high,0,3.0,16.0,7.7,C,-100.0
6483,low,1,9.0,20.0,8.5,A,15.0
6484,none,2,9.0,10.0,3.4,A,-100.0
6485,low,1,8.0,2.0,6.1,A,4.7
6486,none,1,7.0,11.0,6.0,B,-7.7
6487,low,0,6.0,14.0,8.2,B,15.0
6488,high,2,20.0,1.0,9.3,B,-15.0
6489,none,0,4.0,6.0,9.2,A,10.3
6490,low,0,7.0,3.0,9.1,B,15.0
6491,none,1,24.0,19.0,9.2,A,8.3
6492,low,2,5.0,9.0,8.3,A,15.0
6493,medium,0,4.0,12.0,8.7,A,15.0
6494,low,1,13.0,5.0,8.1,B,15.0
6495,high,3,9.0,22.0,8.8,A,-16.6
6496,low,0,14.0,7.0,6.8,A,8.1
6497,high,2,18.0,2.0,7.7,D,-100.0
6498,high,2,10.0,2.0,4.5,A,-100.0
6499,high,3,8.0,2.0,9.1,C,-15.0
6500,medium,1,14.0,6.0,1.5,A,-100.0
6501,high,4,1.0,8.0,6.8,C,-100.0
6502,high,1,12.0,6.0,7.8,A,-100.0
6503,high,0,5.0,9.0,7.9,A,-100.0
6504,medium,2,4.0,7.0,8.1,A,14.2
6505,medium,0,2.0,0.0,9.6,A,
6506,high,2,3.0,14.0,2.6,A,-100.0
6507,high,0,6.0,5.0,1.5,A,-100.0
6508,low,2,7.0,1.0,1.3,B,-100.0
6509,high,2,7.0,7.0,2.8,A,-100.0
6510,high,3,7.0,2.0,9.7,A,-11.6
6511,low,0,5.0,2.0,1.8,A,-18.6
6512,medium,1,18.0,7.0,8.2,A,13.4
6513,high,3,9.0,4.0,2.0,D,-100.0
6514,none,2,3.0,1.0,1.6,A,-100.0
6515,none,2,2.0,10.0,8.6,D,7.0
6516,medium,1,12.0,4.0,9.3,A,15.0
6517,high,3,13.0,22.0,8.2,A,-100.0
6518,low,3,14.0,26.0,8.7,A,15.0
6519,high,3,4.0,7.0,8.6,A,-17.3
6520,medium,6,8.0,1.0,3.9,C,-9.8
6521,medium,0,3.0,1.0,7.0,A,8.3
6522,low,0,12.0,3.0,9.7,A,15.0
6523,low,2,9.0,8.0,8.7,C,15.0
6524,high,1,12.0,16.0,5.3,A,-100.0
6525,low,3,5.0,11.0,4.0,A,-6.7
6526,high,4,14.0,50.0,3.9,A,-100.0
6527,medium,2,23.0,2.0,6.1,C,1.2
6528,none,2,12.0,29.0,1.2,A,-100.0
6529,low,1,,9.0,7.2,C,
6530,,1,9.0,4.0,7.6,A,0.8
6531,low,1,5.0,29.0,6.3,A,6.3
6532,low,1,16.0,2.0,9.5,A,15.0
6533,high,1,12.0,12.0,4.7,A,-100.0
6534,medium,0,4.0,27.0,9.9,C,15.0
6535,high,2,8.0,11.0,2.1,D,-100.0
6536,low,0,1.0,0.0,1.7,A,
6537,high,2,7.0,3.0,3.1,C,-100.0
6538,none,3,12.0,9.0,4.7,C,-15.6
6539,high,0,13.0,9.0,7.5,D,-100.0
6540,high,2,13.0,1.0,9.0,C,-16.0
6541,,2,37.0,8.0,8.6,C,3.5
6542,high,1,20.0,2.0,9.2,A,-15.5
6543,medium,2,24.0,2.0,5.6,A,-1.7
6544,medium,2,3.0,6.0,8.6,A,15.0
6545,low,4,13.0,5.0,8.6,A,15.0
6546,low,3,20.0,1.0,5.3,A,-1.1
6547,high,2,12.0,3.0,4.5,B,-100.0
6548,high,0,38.0,28.0,9.3,C,-16.4
6549,low,2,2.0,5.0,6.0,C,4.7
6550,medium,1,7.0,5.0,8.8,D,15.0
6551,high,0,2.0,0.0,9.1,A,-14.1
6552,,3,7.0,3.0,3.2,C,-100.0
6553,high,1,3.0,0.0,5.4,A,-100.0
6554,none,1,29.0,0.0,1.2,A,-100.0
6555,none,1,1.0,5.0,8.4,B,6.0
6556,low,3,22.0,34.0,5.6,D,0.6
6557,low,1,11.0,37.0,1.1,A,-100.0
6558,low,2,15.0,7.0,6.5,A,6.1
6559,,0,11.0,3.0,9.6,A,11.7
6560,low,4,16.0,2.0,3.0,B,-13.5
6561,low,5,4.0,4.0,4.7,C,-3.0
6562,low,2,8.0,3.0,9.7,C,15.0
6563,low,1,3.0,12.0,8.1,A,15.0
6564,medium,1,,12.0,2.8,C,
6565,high,1,8.0,32.0,9.3,A,-13.4
6566,none,2,8.0,9.0,8.1,B,3.6
6567,none,2,16.0,3.0,3.8,A,-100.0
6568,high,0,16.0,2.0,8.7,C,-17.7
6569,medium,0,7.0,46.0,2.6,A,-15.8
6570,high,1,11.0,9.0,4.3,A,-100.0
6571,high,2,29.0,6.0,4.7,A,-100.0
6572,low,4,13.0,6.0,6.7,B,7.2
6573,none,0,7.0,4.0,8.4,A,5.5
6574,low,2,10.0,5.0,3.6,C,-9.4
6575,high,1,12.0,7.0,6.8,D,-100.0
6576,low,3,1.0,15.0,7.6,B,13.6
6577,high,0,3.0,8.0,5.3,A,-100.0
6578,medium,1,11.0,18.0,3.5,C,-11.6
6579,high,1,4.0,9.0,8.4,A,-18.2
6580,low,0,3.0,2.0,3.5,C,-9.0
6581,medium,3,10.0,10.0,9.5,C,15.0
6582,low,1,3.0,17.0,8.2,A,15.0
6583,high,0,13.0,24.0,4.3,A,-100.0
6584,medium,0,4.0,3.0,6.5,A,5.5
6585,low,1,23.0,17.0,2.5,A,-16.5
6586,high,2,3.0,4.0,2.0,A,-100.0
6587,low,3,11.0,1.0,9.3,A,15.0
6588,low,1,16.0,32.0,3.2,A,-11.8
6589,medium,1,6.0,5.0,1.9,C,-100.0
6590,medium,2,2.0,1.0,8.1,A,14.3
6591,medium,4,4.0,3.0,8.8,A,15.0
6592,none,3,12.0,6.0,6.4,C,-6.2
6593,low,3,3.0,1.0,9.1,A,15.0
6594,high,2,10.0,1.0,8.7,A,-17.3
6595,medium,2,17.0,3.0,7.0,A,6.8
6596,low,1,11.0,2.0,8.4,C,15.0
6597,high,2,8.0,6.0,1.4,A,-100.0
6598,none,0,20.0,11.0,2.6,A,-100.0
6599,high,3,4.0,6.0,7.0,A,-100.0
6600,low,1,4.0,10.0,9.2,C,15.0
6601,low,3,8.0,3.0,9.1,D,15.0
6602,low,3,13.0,3.0,1.2,A,-100.0
6603,low,2,7.0,12.0,3.0,A,-12.3
6604,medium,1,2.0,0.0,8.2,B,14.9
6605,medium,1,9.0,15.0,6.5,A,5.0
6606,low,1,11.0,9.0,3.9,B,-7.7
6607,medium,4,9.0,15.0,9.0,A,15.0
6608,medium,2,20.0,17.0,6.0,C,1.1
6609,high,0,3.0,3.0,9.8,C,-10.4
6610,medium,2,8.0,6.0,9.2,C,15.0
6611,none,2,9.0,2.0,3.5,A,-100.0
6612,high,0,1.0,0.0,5.2,A,-100.0
6613,high,2,1.0,0.0,1.4,A,-100.0
6614,low,2,17.0,15.0,9.7,A,15.0
6615,high,3,7.0,6.0,2.4,A,-100.0
6616,high,0,12.0,15.0,8.4,C,-18.9
6617,low,2,5.0,0.0,7.1,A,10.3
6618,medium,0,9.0,13.0,1.2,A,-100.0
6619,high,0,2.0,3.0,5.6,A,-100.0
6620,low,1,27.0,1.0,4.5,A,-6.0
6621,high,0,9.0,41.0,2.0,A,-100.0
6622,none,1,4.0,16.0,9.7,A,13.0
6623,medium,1,10.0,2.0,9.5,A,15.0
6624,none,3,21.0,31.0,9.7,C,11.3
6625,medium,3,3.0,7.0,1.2,A,-100.0
6626,medium,3,18.0,0.0,4.1,A,-9.4
6627,high,4,22.0,12.0,1.2,A,-100.0
6628,medium,1,8.0,10.0,1.7,C,-100.0
6629,low,2,11.0,2.0,9.0,C,15.0
6630,none,2,5.0,2.0,8.8,C,7.7
6631,high,2,11.0,43.0,8.3,A,-19.2
6632,medium,2,9.0,1.0,1.3,A,-100.0
6633,low,2,3.0,17.0,9.4,A,15.0
6634,none,0,6.0,12.0,9.9,B,14.0
6635,medium,1,6.0,20.0,9.2,A,15.0
6636,high,0,4.0,8.0,1.2,A,-100.0
6637,medium,1,11.0,21.0,9.1,A,15.0
6638,medium,2,3.0,15.0,8.7,A,15.0
6639,high,4,10.0,6.0,6.0,A,-100.0
6640,none,1,3.0,17.0,9.2,C,10.4
6641,low,2,3.0,0.0,6.8,C,8.9
6642,medium,1,15.0,17.0,1.3,A,-100.0
6643,none,1,15.0,7.0,5.6,D,-10.7
6644,low,2,7.0,7.0,9.9,A,15.0
6645,,1,13.0,0.0,8.8,D,7.0
6646,low,1,15.0,20.0,3.5,A,-10.2
6647,none,3,7.0,8.0,8.9,A,8.0
6648,high,1,5.0,16.0,9.7,C,-11.1
6649,low,1,9.0,5.0,8.8,C,15.0
6650,low,2,4.0,3.0,1.2,A,-100.0
6651,high,1,3.0,5.0,5.8,A,-100.0
6652,,3,14.0,1.0,8.9,A,7.3
6653,low,0,3.0,4.0,1.8,A,-18.4
6654,medium,3,8.0,1.0,7.7,B,11.4
6655,low,2,10.0,14.0,9.3,A,15.0
6656,medium,2,22.0,45.0,8.5,A,14.9
6657,none,2,16.0,7.0,8.8,C,6.7
6658,low,2,,17.0,8.8,C,
6659,low,4,5.0,3.0,9.9,C,15.0
6660,high,0,3.0,14.0,6.1,B,-100.0
6661,medium,0,8.0,8.0,9.1,C,15.0
6662,low,1,9.0,3.0,7.2,A,10.6
6663,high,0,5.0,5.0,7.0,A,-100.0
6664,medium,1,5.0,37.0,2.1,B,-18.6
6665,high,2,6.0,13.0,1.5,C,-100.0
6666,medium,0,2.0,1.0,5.0,C,-2.6
6667,none,1,3.0,18.0,8.0,A,3.8
6668,none,3,10.0,47.0,3.1,C,-100.0
6669,low,1,14.0,5.0,6.9,A,8.5
6670,low,1,18.0,11.0,3.2,A,-12.2
6671,high,1,3.0,29.0,8.4,A,-17.9
6672,medium,0,5.0,4.0,1.8,C,-100.0
6673,low,1,7.0,4.0,5.0,A,-1.3
6674,high,0,9.0,22.0,9.0,A,-15.2
6675,medium,3,35.0,11.0,6.8,A,3.8
6676,medium,0,2.0,2.0,9.3,A,15.0
6677,high,1,3.0,17.0,1.2,A,-100.0
6678,low,1,11.0,6.0,6.3,A,5.5
6679,none,3,5.0,1.0,9.2,C,9.8
6680,medium,1,10.0,31.0,2.2,A,-18.6
6681,medium,0,4.0,1.0,7.4,A,10.4
6682,none,3,11.0,1.0,5.2,A,-12.8
6683,none,1,16.0,13.0,10.0,B,13.4
6684,none,3,8.0,9.0,8.9,A,7.9
6685,low,3,21.0,8.0,9.8,A,15.0
6686,high,2,4.0,1.0,7.8,A,-100.0
6687,high,0,23.0,1.0,4.7,B,-100.0
6688,medium,4,1.0,14.0,9.4,C,15.0
6689,low,0,8.0,6.0,1.9,A,-18.3
6690,low,0,16.0,7.0,5.2,A,-0.9
6691,low,0,14.0,5.0,8.3,A,15.0
6692,none,2,5.0,4.0,4.5,A,-15.9
6693,medium,1,2.0,18.0,1.2,C,-100.0
6694,medium,2,5.0,6.0,4.2,C,-7.4
6695,high,3,11.0,8.0,1.5,A,-100.0
6696,,3,3.0,2.0,2.9,A,-100.0
6697,medium,2,10.0,2.0,8.4,A,15.0
6698,none,0,19.0,9.0,6.7,A,-5.0
6699,low,1,16.0,9.0,3.1,A,-12.6
6700,high,3,5.0,4.0,9.2,C,-14.2
6701,high,3,4.0,4.0,8.6,C,-17.3
6702,medium,1,1.0,3.0,5.4,A,-0.3
6703,medium,4,8.0,1.0,2.5,A,-17.3
6704,high,0,10.0,0.0,6.4,A,-100.0
6705,high,0,9.0,28.0,8.0,A,-100.0
6706,low,0,13.0,49.0,7.6,C,13.0
6707,none,1,4.0,18.0,5.1,A,-12.3
6708,high,1,20.0,16.0,8.7,B,-18.1
6709,high,3,8.0,11.0,8.1,A,-100.0
6710,low,2,40.0,9.0,9.3,A,15.0
6711,low,0,9.0,8.0,9.7,B,15.0
6712,low,1,14.0,6.0,3.7,C,-9.1
6713,high,1,22.0,11.0,8.9,A,-17.2
6714,none,1,2.0,27.0,8.4,A,6.2
6715,high,2,2.0,0.0,10.0,A,-9.4
6716,medium,2,16.0,2.0,9.2,A,15.0
6717,medium,0,10.0,4.0,2.6,A,-16.5
6718,medium,1,10.0,36.0,8.2,A,14.5
6719,low,1,14.0,0.0,9.9,A,15.0
6720,medium,1,11.0,0.0,10.0,B,15.0
6721,low,1,5.0,5.0,3.0,A,-12.0
6722,high,1,25.0,29.0,5.8,A,-100.0
6723,high,1,19.0,25.0,4.9,A,-100.0
6724,high,2,21.0,17.0,9.9,B,-11.7
6725,medium,1,9.0,1.0,1.4,A,-100.0
6726,low,4,6.0,6.0,3.2,A,-11.3
6727,low,0,6.0,0.0,1.3,A,-100.0
6728,high,4,22.0,5.0,6.9,A,-100.0
6729,low,0,16.0,6.0,8.8,A,15.0
6730,low,1,14.0,2.0,2.7,A,-14.6
6731,high,1,5.0,11.0,5.4,C,-100.0
6732,high,2,20.0,37.0,3.8,B,-100.0
6733,none,0,12.0,13.0,8.7,C,6.8
6734,,0,7.0,2.0,1.0,A,-100.0
6735,high,2,23.0,10.0,1.7,B,-100.0
6736,medium,1,5.0,34.0,6.2,A,4.0
6737,high,0,7.0,25.0,2.6,A,-100.0
6738,low,1,11.0,1.0,2.7,C,-14.3
6739,medium,0,11.0,5.0,7.6,A,10.9
6740,medium,0,3.0,2.0,3.2,A,-12.5
6741,high,3,6.0,24.0,2.8,D,-100.0
6742,,1,13.0,6.0,9.3,A,9.8
6743,high,0,5.0,5.0,9.5,A,-12.2
6744,high,1,10.0,10.0,2.6,A,-100.0
6745,low,1,12.0,1.0,1.1,D,-100.0
6746,high,2,5.0,9.0,4.6,A,-100.0
6747,high,2,21.0,4.0,8.2,A,-100.0
6748,medium,0,34.0,5.0,9.8,C,15.0
6749,medium,1,7.0,3.0,2.9,C,-14.7
6750,high,2,8.0,15.0,6.9,B,-100.0
6751,none,1,12.0,0.0,1.9,C,-100.0
6752,low,1,5.0,1.0,9.2,A,15.0
6753,none,2,7.0,1.0,8.4,A,5.3
6754,medium,1,6.0,7.0,7.7,A,11.8
6755,high,0,7.0,1.0,7.1,C,-100.0
6756,high,2,4.0,50.0,8.0,A,-100.0
6757,none,1,14.0,1.0,10.0,A,13.5
6758,low,2,5.0,15.0,9.7,C,15.0
6759,high,1,40.0,3.0,9.7,A,-14.7
6760,medium,1,3.0,6.0,8.3,A,15.0
6761,high,2,8.0,16.0,9.2,A,-14.2
6762,high,1,10.0,4.0,6.2,A,-100.0
6763,low,1,14.0,1.0,9.6,A,15.0
6764,low,0,14.0,2.0,1.2,C,-100.0
6765,high,2,13.0,11.0,6.3,A,-100.0
6766,low,1,7.0,2.0,9.0,A,15.0
6767,high,0,2.0,1.0,7.1,A,-100.0
6768,none,1,4.0,2.0,4.2,A,-17.4
6769,low,0,9.0,21.0,9.1,A,15.0
6770,low,4,9.0,22.0,1.6,C,-100.0
6771,medium,1,7.0,6.0,9.8,C,15.0
6772,medium,1,7.0,32.0,4.7,A,-4.5
6773,high,1,10.0,4.0,1.4,C,
6774,high,0,3.0,9.0,5.2,C,-100.0
6775,,5,6.0,4.0,3.5,D,-100.0
6776,none,1,13.0,0.0,7.1,A,-2.4
6777,high,2,15.0,3.0,2.1,B,-100.0
6778,,2,13.0,1.0,2.7,A,-100.0
6779,none,1,6.0,2.0,8.3,A,5.0
6780,medium,3,13.0,10.0,9.7,C,15.0
6781,low,3,17.0,23.0,6.7,B,7.1
6782,,2,4.0,32.0,3.5,A,-100.0
6783,high,0,16.0,4.0,10.0,C,-10.6
6784,medium,3,4.0,9.0,8.9,C,15.0
6785,low,3,18.0,2.0,5.1,B,-2.0
6786,low,1,12.0,16.0,5.6,A,1.7
6787,,2,17.0,8.0,3.6,A,-100.0
6788,none,1,8.0,8.0,6.2,B,-6.7
6789,low,2,6.0,3.0,1.5,A,-100.0
6790,low,1,19.0,4.0,3.3,A,-11.8
6791,medium,1,6.0,26.0,6.7,A,6.5
6792,medium,2,19.0,17.0,1.1,A,-100.0
6793,high,0,15.0,30.0,4.4,B,-100.0
6794,low,2,10.0,9.0,8.0,C,14.9
6795,low,2,15.0,5.0,9.3,B,15.0
6796,high,2,11.0,17.0,5.3,A,-100.0
6797,low,2,4.0,14.0,9.0,C,15.0
6798,,1,9.0,15.0,3.6,A,-100.0
6799,medium,0,5.0,9.0,8.6,B,15.0
6800,medium,2,9.0,9.0,1.5,A,-100.0
6801,low,2,12.0,3.0,8.2,C,15.0
6802,medium,1,3.0,4.0,3.3,A,-12.1
6803,low,2,15.0,2.0,9.3,A,15.0
6804,medium,1,1.0,4.0,5.8,C,1.9
6805,low,2,16.0,5.0,2.2,A,-17.7
6806,none,3,12.0,46.0,7.2,B,-1.4
6807,medium,0,5.0,3.0,8.9,A,15.0
6808,low,2,4.0,33.0,2.3,D,-15.6
6809,low,2,11.0,2.0,9.3,C,15.0
6810,low,1,12.0,2.0,9.0,A,15.0
6811,high,2,14.0,3.0,9.0,A,-16.1
6812,high,1,6.0,11.0,3.7,B,-100.0
6813,medium,0,9.0,7.0,9.0,A,15.0
6814,none,0,40.0,8.0,7.9,A,-0.5
6815,none,2,3.0,1.0,9.9,A,14.0
6816,low,0,19.0,6.0,8.0,A,14.2
6817,low,2,25.0,12.0,8.4,A,15.0
6818,medium,2,10.0,3.0,9.7,A,15.0
6819,low,1,13.0,33.0,2.0,A,-18.1
6820,medium,0,2.0,3.0,1.9,A,-19.6
6821,high,0,18.0,9.0,8.5,B,-19.0
6822,none,4,4.0,0.0,2.5,C,-100.0
6823,low,1,13.0,12.0,1.3,A,-100.0
6824,medium,2,2.0,6.0,8.5,A,15.0
6825,low,3,2.0,24.0,9.3,B,15.0
6826,high,1,1.0,3.0,7.7,C,-100.0
6827,none,1,1.0,1.0,,A,
6828,none,1,10.0,2.0,8.1,A,3.5
6829,low,1,10.0,18.0,8.5,A,15.0
6830,medium,3,14.0,18.0,6.4,C,3.8
6831,medium,1,5.0,7.0,6.2,A,3.7
6832,low,2,9.0,13.0,7.6,C,12.8
6833,medium,0,2.0,4.0,8.3,C,15.0
6834,high,1,1.0,0.0,2.0,B,-100.0
6835,low,1,2.0,41.0,8.2,A,15.0
6836,low,2,8.0,12.0,4.6,A,-3.6
6837,none,1,2.0,0.0,1.4,B,-100.0
6838,low,3,5.0,9.0,3.0,A,-12.2
6839,low,3,11.0,17.0,6.8,A,8.2
6840,none,0,4.0,5.0,3.1,B,-100.0
6841,low,0,29.0,20.0,5.3,D,-1.6
6842,high,1,5.0,17.0,8.8,A,-16.0
6843,,1,13.0,13.0,9.2,D,9.3
6844,high,4,2.0,18.0,7.1,C,-100.0
6845,none,5,19.0,2.0,7.7,C,-0.0
6846,low,1,17.0,41.0,6.4,A,5.8
6847,none,3,14.0,21.0,4.1,A,-18.9
6848,low,4,8.0,5.0,9.3,A,15.0
6849,low,1,6.0,12.0,4.5,A,-3.8
6850,medium,1,9.0,3.0,2.9,C,-14.9
6851,low,1,2.0,3.0,6.4,B,6.9
6852,low,1,15.0,3.0,9.8,A,15.0
6853,low,2,4.0,4.0,7.4,D,12.1
6854,medium,1,9.0,10.0,3.8,A,-9.9
6855,medium,0,6.0,32.0,4.3,B,-6.5
6856,low,0,9.0,10.0,9.9,A,15.0
6857,low,3,13.0,39.0,3.3,A,-11.1
6858,low,1,18.0,6.0,8.2,A,15.0
6859,high,0,8.0,4.0,3.6,B,-100.0
6860,low,1,,2.0,8.1,C,
6861,low,2,6.0,30.0,8.4,C,15.0
6862,none,0,7.0,27.0,9.7,A,12.9
6863,low,1,17.0,31.0,9.4,C,15.0
6864,high,1,14.0,20.0,8.1,A,-100.0
6865,low,0,17.0,41.0,5.1,A,-1.2
6866,none,2,24.0,14.0,6.8,A,-5.1
6867,,1,24.0,1.0,3.2,C,-100.0
6868,high,1,8.0,14.0,2.8,A,-100.0
6869,none,3,10.0,31.0,2.9,A,-100.0
6870,medium,1,7.0,1.0,8.8,A,15.0
6871,high,0,2.0,26.0,9.8,C,-10.0
6872,none,2,7.0,12.0,8.6,A,6.5
6873,medium,0,7.0,5.0,3.2,A,-12.9
6874,low,1,19.0,5.0,8.9,B,15.0
6875,medium,3,5.0,4.0,10.0,A,15.0
6876,high,0,11.0,12.0,5.6,C,-100.0
6877,high,2,23.0,9.0,5.8,A,-100.0
6878,none,0,25.0,7.0,5.4,C,-12.7
6879,medium,2,4.0,6.0,3.6,C,-10.6
6880,medium,1,10.0,10.0,4.4,D,-6.7
6881,high,1,7.0,7.0,9.4,A,-13.0
6882,high,1,7.0,5.0,8.5,D,-18.0
6883,low,2,4.0,10.0,7.8,A,14.4
6884,,1,2.0,3.0,9.3,A,10.9
6885,high,1,18.0,12.0,9.6,A,-13.0
6886,medium,1,13.0,13.0,1.3,A,-100.0
6887,none,0,8.0,50.0,1.1,A,-100.0
6888,high,1,5.0,18.0,2.3,A,-100.0
6889,medium,4,10.0,13.0,6.7,B,5.7
6890,high,1,1.0,15.0,1.1,A,-100.0
6891,medium,1,23.0,5.0,3.7,A,-11.9
6892,low,3,20.0,5.0,8.8,A,15.0
6893,high,3,11.0,4.0,9.1,A,-15.3
6894,medium,2,10.0,49.0,8.1,A,14.0
6895,none,1,15.0,4.0,1.7,D,-100.0
6896,low,2,4.0,5.0,4.7,C,-2.7
6897,medium,0,9.0,31.0,9.7,A,15.0
6898,low,2,4.0,11.0,5.0,C,-1.0
6899,high,3,7.0,10.0,6.9,D,-100.0
6900,high,2,9.0,38.0,9.6,A,-11.9
6901,low,4,4.0,20.0,1.8,A,-18.7
6902,medium,2,30.0,23.0,5.7,C,-1.5
6903,low,3,22.0,0.0,9.8,A,15.0
6904,low,4,3.0,20.0,8.9,A,
6905,high,4,7.0,7.0,5.1,A,-100.0
6906,low,2,6.0,14.0,4.3,A,-5.0
6907,high,2,4.0,4.0,9.0,D,-15.1
6908,low,2,9.0,5.0,9.4,A,15.0
6909,none,2,9.0,5.0,10.0,D,14.0
6910,low,0,7.0,50.0,5.4,A,1.5
6911,low,1,17.0,4.0,1.4,A,-100.0
6912,high,3,23.0,9.0,3.4,A,-100.0
6913,high,2,19.0,33.0,3.7,C,-100.0
6914,medium,0,28.0,10.0,1.4,A,-100.0
6915,low,3,23.0,19.0,2.2,D,-18.3
6916,medium,0,11.0,1.0,2.6,B,-16.7
6917,medium,5,1.0,12.0,2.9,B,-14.4
6918,none,1,4.0,0.0,3.4,A,-100.0
6919,high,1,25.0,19.0,6.2,A,-100.0
6920,,1,12.0,30.0,6.8,A,-3.6
6921,none,5,2.0,6.0,5.3,A,-11.5
6922,medium,2,9.0,0.0,6.1,A,2.6
6923,none,2,8.0,16.0,9.4,A,10.9
6924,high,1,10.0,2.0,8.5,A,-18.3
6925,medium,2,11.0,37.0,8.6,A,15.0
6926,low,4,30.0,7.0,9.5,A,15.0
6927,medium,1,12.0,21.0,4.5,A,-6.2
6928,none,0,8.0,25.0,8.4,A,5.6
6929,high,1,11.0,0.0,8.5,A,-18.4
6930,medium,2,9.0,1.0,3.0,D,-14.5
6931,medium,1,13.0,12.0,9.0,B,15.0
6932,medium,0,3.0,15.0,1.8,A,-100.0
6933,none,0,8.0,6.0,2.5,B,-100.0
6934,medium,0,8.0,17.0,1.0,B,-100.0
6935,low,0,10.0,1.0,8.5,B,15.0
6936,high,1,2.0,20.0,10.0,A,-9.1
6937,low,4,2.0,0.0,4.1,A,-6.0
6938,medium,3,19.0,16.0,8.1,A,12.6
6939,none,6,12.0,13.0,3.2,C,-100.0
6940,high,3,,6.0,7.8,C,
6941,low,1,14.0,2.0,8.7,A,15.0
6942,medium,2,9.0,8.0,1.1,A,-100.0
6943,low,3,16.0,23.0,8.3,A,15.0
6944,medium,0,11.0,22.0,9.6,B,15.0
6945,low,0,9.0,20.0,8.6,A,15.0
6946,high,0,16.0,33.0,8.7,C,-17.4
6947,low,1,3.0,3.0,1.8,A,-18.5
6948,medium,1,10.0,1.0,8.5,A,15.0
6949,low,1,13.0,3.0,8.7,C,15.0
6950,high,1,6.0,25.0,2.1,A,-100.0
6951,medium,4,14.0,3.0,4.7,A,-5.8
6952,low,2,5.0,2.0,7.0,A,9.8
6953,high,0,6.0,10.0,7.5,A,-100.0
6954,low,1,32.0,3.0,6.3,C,3.4
6955,none,2,3.0,5.0,8.4,B,5.8
6956,high,3,20.0,2.0,1.8,A,-100.0
6957,high,2,17.0,26.0,9.7,A,-12.3
6958,high,2,26.0,8.0,3.3,C,-100.0
6959,none,2,9.0,11.0,7.0,A,-2.5
6960,low,2,11.0,1.0,6.9,C,8.7
6961,medium,2,11.0,22.0,6.0,A,2.0
6962,high,1,1.0,30.0,1.5,A,-100.0
6963,medium,3,7.0,24.0,8.8,B,15.0
6964,low,1,6.0,16.0,2.2,A,-16.4
6965,low,2,10.0,12.0,9.2,A,15.0
6966,medium,2,17.0,3.0,2.7,B,-16.9
6967,low,0,19.0,36.0,8.6,A,15.0
6968,high,0,26.0,11.0,2.6,A,-100.0
6969,low,0,9.0,2.0,5.1,A,-0.8
6970,none,0,16.0,3.0,4.9,A,-14.6
6971,low,2,6.0,7.0,6.0,A,4.3
6972,low,2,5.0,18.0,2.1,A,-17.0
6973,low,1,9.0,1.0,2.3,A,-16.3
6974,high,2,9.0,9.0,3.8,A,-100.0
6975,high,1,5.0,14.0,1.4,A,-100.0
6976,high,1,20.0,2.0,8.2,C,-100.0
6977,low,2,9.0,12.0,1.2,A,-100.0
6978,high,3,6.0,14.0,1.1,D,-100.0
6979,low,4,6.0,4.0,4.9,C,-2.0
6980,low,2,5.0,2.0,8.8,A,15.0
6981,low,0,15.0,13.0,3.4,B,-10.7
6982,none,1,7.0,27.0,4.3,D,-16.9
6983,medium,2,22.0,19.0,2.8,A,-16.7
6984,high,0,6.0,14.0,8.2,A,-19.4
6985,none,1,15.0,4.0,4.0,B,-19.6
6986,low,3,3.0,1.0,9.2,A,15.0
6987,medium,3,6.0,6.0,2.7,A,-15.9
6988,low,2,5.0,15.0,3.5,D,-9.3
6989,high,1,11.0,3.0,1.5,A,-100.0
6990,none,1,8.0,11.0,2.6,A,-100.0
6991,none,2,11.0,10.0,9.0,A,8.3
6992,medium,3,8.0,2.0,8.1,A,13.6
6993,medium,2,4.0,10.0,1.1,A,-100.0
6994,low,0,7.0,20.0,7.0,A,10.0
6995,high,2,14.0,2.0,7.3,A,-100.0
6996,medium,1,1.0,48.0,6.4,A,5.6
6997,low,2,7.0,19.0,2.7,B,-13.8
6998,medium,2,8.0,13.0,1.7,A,-100.0
6999,high,2,11.0,3.0,7.4,A,-100.0
7000,none,1,11.0,7.0,9.3,D,10.0
7001,none,2,11.0,6.0,3.5,A,-100.0
7002,,1,6.0,1.0,9.0,C,8.8
7003,low,2,15.0,2.0,8.9,A,15.0
7004,medium,2,2.0,28.0,8.4,A,15.0
7005,medium,1,10.0,3.0,1.9,B,-100.0
7006,none,1,20.0,18.0,4.7,B,-16.1
7007,,4,13.0,9.0,7.1,A,-2.6
7008,low,1,13.0,3.0,8.6,C,15.0
7009,high,1,15.0,3.0,3.7,D,-100.0
7010,high,2,2.0,48.0,5.3,C,-100.0
7011,high,1,17.0,12.0,2.0,A,-100.0
7012,high,4,19.0,2.0,9.3,A,-15.1
7013,high,3,11.0,40.0,3.2,A,-100.0
7014,none,0,11.0,1.0,2.8,A,-100.0
7015,medium,1,10.0,0.0,5.3,C,-1.8
7016,none,1,10.0,3.0,5.1,A,-13.0
7017,high,1,4.0,26.0,4.7,A,-100.0
7018,low,3,9.0,14.0,8.8,C,15.0
7019,high,1,3.0,3.0,6.2,A,-100.0
7020,high,4,3.0,23.0,6.5,D,-100.0
7021,medium,1,6.0,27.0,4.9,C,-3.4
7022,high,5,27.0,27.0,6.0,D,-100.0
7023,high,2,6.0,0.0,6.7,B,-100.0
7024,high,2,22.0,33.0,9.5,A,-13.8
7025,medium,4,14.0,8.0,9.0,A,15.0
7026,medium,1,13.0,5.0,2.7,A,-16.4
7027,none,0,3.0,10.0,4.8,C,-13.8
7028,high,2,19.0,9.0,8.7,A,-18.2
7029,medium,0,4.0,0.0,8.2,C,14.8
7030,low,0,7.0,2.0,4.4,C,-4.5
7031,low,1,13.0,8.0,4.9,A,-2.4
7032,none,1,16.0,15.0,2.4,A,-100.0
7033,medium,0,5.0,21.0,9.5,B,15.0
7034,low,1,4.0,4.0,6.3,B,6.2
7035,medium,1,14.0,1.0,2.2,A,-19.3
7036,low,2,27.0,12.0,10.0,A,15.0
7037,high,2,8.0,50.0,4.3,A,-100.0
7038,low,3,6.0,13.0,3.5,B,-9.5
7039,,0,21.0,21.0,8.5,A,4.9
7040,low,3,10.0,4.0,8.5,C,15.0
7041,medium,1,11.0,19.0,6.9,D,7.1
7042,none,2,10.0,24.0,9.0,B,8.5
7043,low,3,5.0,1.0,9.8,A,15.0
7044,medium,2,6.0,12.0,1.2,A,-100.0
7045,high,2,23.0,22.0,1.7,C,-100.0
7046,medium,2,8.0,5.0,1.4,A,-100.0
7047,medium,2,11.0,2.0,2.1,C,-19.6
7048,medium,3,7.0,12.0,4.4,D,-6.6
7049,low,1,9.0,17.0,9.5,B,15.0
7050,medium,1,12.0,27.0,8.4,B,15.0
7051,high,3,1.0,1.0,8.4,A,-18.2
7052,high,1,16.0,17.0,5.1,A,-100.0
7053,medium,3,5.0,4.0,8.8,A,15.0
7054,medium,0,5.0,50.0,6.2,A,4.2
7055,high,2,9.0,2.0,4.7,A,-100.0
7056,low,3,1.0,24.0,7.5,A,13.1
7057,high,5,6.0,3.0,8.6,C,-17.8
7058,high,0,9.0,0.0,1.5,C,-100.0
7059,low,1,7.0,6.0,9.9,C,15.0
7060,high,2,7.0,50.0,9.7,A,-11.0
7061,medium,0,15.0,42.0,3.6,C,-11.2
7062,medium,2,8.0,6.0,9.5,A,15.0
7063,low,0,10.0,25.0,8.5,A,15.0
7064,medium,1,3.0,17.0,9.5,A,15.0
7065,medium,2,19.0,17.0,3.4,A,-13.1
7066,high,1,10.0,1.0,8.4,A,-18.9
7067,none,1,19.0,0.0,4.8,C,-15.6
7068,medium,1,10.0,8.0,4.2,A,-7.8
7069,high,0,13.0,12.0,9.3,A,-14.0
7070,high,1,27.0,46.0,6.5,A,-100.0
7071,low,1,8.0,17.0,2.9,A,-12.8
7072,high,1,2.0,5.0,8.2,A,-19.2
7073,high,3,9.0,21.0,9.4,A,-13.3
7074,none,0,7.0,18.0,9.3,A,10.6
7075,medium,1,4.0,8.0,2.1,A,-18.8
7076,none,1,2.0,2.0,4.3,A,-16.6
7077,medium,2,1.0,9.0,4.5,A,-5.3
7078,low,1,9.0,1.0,8.1,A,15.0
7079,low,2,18.0,28.0,1.9,A,-19.3
7080,low,3,1.0,8.0,9.8,A,15.0
7081,high,1,2.0,5.0,8.6,D,-17.0
7082,,4,10.0,33.0,9.3,A,10.1
7083,medium,2,4.0,7.0,8.2,D,14.7
7084,medium,1,1.0,17.0,2.4,B,-16.7
7085,high,3,5.0,9.0,6.2,A,-100.0
7086,medium,0,6.0,0.0,1.7,C,-100.0
7087,low,1,11.0,11.0,3.1,A,-12.1
7088,high,2,6.0,7.0,7.5,A,-100.0
7089,none,1,2.0,42.0,8.3,A,5.8
7090,low,1,10.0,4.0,9.7,A,15.0
7091,low,0,16.0,8.0,9.5,B,15.0
7092,none,0,14.0,30.0,6.2,B,-7.0
7093,none,1,2.0,23.0,5.3,A,-10.9
7094,none,0,10.0,2.0,9.8,A,12.9
7095,medium,2,23.0,7.0,2.6,D,-18.0
7096,high,2,9.0,9.0,10.0,A,-10.0
7097,high,0,18.0,6.0,9.0,A,-16.2
7098,low,1,7.0,8.0,8.6,A,15.0
7099,high,3,,12.0,2.9,C,
7100,high,4,4.0,1.0,8.2,A,-19.7
7101,high,0,10.0,35.0,2.6,C,-100.0
7102,high,3,9.0,6.0,5.2,A,-100.0
7103,medium,2,7.0,8.0,8.5,C,15.0
7104,none,2,10.0,36.0,3.7,C,-100.0
7105,low,1,5.0,2.0,1.7,B,-19.2
7106,high,0,2.0,13.0,3.9,B,-100.0
7107,low,3,4.0,7.0,8.7,A,15.0
7108,low,3,,7.0,9.0,C,
7109,high,3,8.0,9.0,8.7,D,-17.2
7110,low,4,20.0,6.0,7.2,A,9.3
7111,low,2,7.0,16.0,9.0,A,15.0
7112,high,2,9.0,11.0,4.7,A,-100.0
7113,high,0,2.0,10.0,3.1,D,-100.0
7114,low,0,9.0,7.0,2.6,A,-14.5
7115,high,3,8.0,3.0,6.0,C,-100.0
7116,low,5,13.0,2.0,3.3,B,-11.6
7117,high,1,17.0,0.0,1.4,A,-100.0
7118,high,1,11.0,20.0,1.5,C,-100.0
7119,low,0,6.0,19.0,1.9,C,-18.0
7120,low,1,4.0,6.0,9.7,A,15.0
7121,low,1,17.0,3.0,9.4,A,15.0
7122,medium,0,20.0,17.0,9.5,A,15.0
7123,high,0,2.0,6.0,8.4,A,-17.9
7124,low,1,3.0,9.0,9.5,D,15.0
7125,high,2,5.0,1.0,7.0,B,-100.0
7126,high,1,1.0,1.0,3.3,D,-100.0
7127,high,1,6.0,7.0,1.5,A,-100.0
7128,low,1,8.0,10.0,8.1,A,15.0
7129,none,0,1.0,5.0,3.1,A,-100.0
7130,medium,2,20.0,26.0,1.6,C,-100.0
7131,low,1,4.0,5.0,8.5,A,15.0
7132,high,1,3.0,29.0,6.0,A,-100.0
7133,medium,2,6.0,6.0,5.7,A,0.7
7134,low,1,12.0,11.0,4.2,C,-6.1
7135,none,3,5.0,6.0,8.6,A,6.6
7136,medium,5,16.0,50.0,1.5,A,-100.0
7137,high,1,4.0,17.0,8.8,A,-15.9
7138,medium,1,13.0,7.0,9.7,B,15.0
7139,low,0,13.0,9.0,6.3,A,5.5
7140,low,1,11.0,8.0,4.5,B,-4.4
7141,high,4,6.0,6.0,8.9,A,-16.0
7142,none,1,8.0,3.0,9.0,A,8.6
7143,high,1,19.0,2.0,3.6,A,-100.0
7144,low,0,8.0,11.0,7.5,C,12.6
7145,low,1,15.0,0.0,3.1,A,-12.5
7146,high,1,10.0,12.0,3.4,A,-100.0
7147,medium,0,12.0,12.0,8.5,A,15.0
7148,high,3,18.0,13.0,8.2,A,-100.0
7149,high,2,10.0,4.0,8.3,A,-19.5
7150,high,1,14.0,4.0,7.2,C,-100.0
7151,none,2,0.0,9.0,1.3,A,-100.0
7152,medium,2,4.0,1.0,3.9,A,-9.0
7153,high,1,7.0,15.0,8.2,C,-19.6
7154,low,1,5.0,34.0,2.0,A,-17.3
7155,low,2,7.0,1.0,9.6,A,15.0
7156,low,1,24.0,16.0,7.0,C,8.2
7157,medium,1,7.0,11.0,8.9,A,15.0
7158,high,0,5.0,21.0,3.2,C,-100.0
7159,none,2,14.0,41.0,7.1,C,-2.1
7160,medium,3,1.0,16.0,6.7,A,6.7
7161,high,4,3.0,21.0,1.4,D,-100.0
7162,low,1,14.0,5.0,8.2,B,15.0
7163,none,0,13.0,3.0,1.2,A,-100.0
7164,none,0,4.0,0.0,9.3,D,10.7
7165,low,1,11.0,2.0,8.1,A,15.0
7166,high,1,2.0,6.0,6.7,A,-100.0
7167,low,3,7.0,18.0,5.9,A,3.6
7168,high,1,16.0,2.0,1.0,A,-100.0
7169,medium,1,7.0,34.0,6.4,B,4.9
7170,high,0,7.0,22.0,9.1,B,-14.4
7171,medium,2,1.0,13.0,5.6,D,0.8
7172,none,3,6.0,6.0,7.0,A,-2.3
7173,low,0,3.0,26.0,9.2,A,15.0
7174,medium,2,12.0,7.0,5.3,A,-2.1
7175,low,2,3.0,19.0,3.8,A,-7.4
7176,high,2,7.0,18.0,5.4,A,-100.0
7177,low,0,12.0,17.0,2.5,A,-15.3
7178,high,2,0.0,13.0,9.8,D,-10.2
7179,medium,2,18.0,1.0,6.2,A,2.2
7180,medium,0,9.0,5.0,1.2,A,-100.0
7181,low,1,25.0,4.0,6.8,A,6.8
7182,high,0,2.0,2.0,3.2,C,-100.0
7183,low,0,6.0,13.0,6.5,A,7.3
7184,high,1,2.0,26.0,4.3,A,-100.0
7185,low,4,9.0,4.0,4.6,C,-4.0
7186,high,1,24.0,0.0,8.8,A,-18.1
7187,,1,6.0,11.0,7.2,A,-1.0
7188,high,2,8.0,2.0,3.0,A,-100.0
7189,none,1,18.0,26.0,6.1,A,-8.1
7190,,3,1.0,9.0,2.2,C,-100.0
7191,high,1,6.0,33.0,1.2,A,-100.0
7192,high,2,24.0,3.0,3.3,A,-100.0
7193,none,0,9.0,19.0,9.8,A,13.2
7194,none,0,20.0,1.0,9.9,B,12.5
7195,medium,2,9.0,18.0,4.9,A,-3.8
7196,medium,2,22.0,50.0,6.4,A,3.4
7197,low,2,19.0,35.0,9.9,C,15.0
7198,none,0,1.0,24.0,3.5,B,-100.0
7199,low,0,7.0,6.0,8.7,C,15.0
7200,none,1,4.0,7.0,7.4,A,0.3
7201,none,4,8.0,11.0,2.8,A,-100.0
7202,low,2,6.0,4.0,9.7,A,15.0
7203,medium,0,10.0,24.0,9.5,C,15.0
7204,high,1,22.0,34.0,4.2,D,-100.0
7205,low,2,6.0,13.0,3.7,C,-8.3
7206,none,2,3.0,25.0,6.8,A,-2.8
7207,low,0,9.0,5.0,9.6,C,15.0
7208,high,3,10.0,22.0,5.7,C,-100.0
7209,low,3,6.0,25.0,9.9,C,15.0
7210,medium,2,18.0,29.0,5.4,A,-1.9
7211,medium,2,4.0,7.0,2.9,A,-14.5
7212,low,2,18.0,6.0,8.2,A,15.0
7213,high,1,3.0,20.0,8.5,C,-17.4
7214,medium,2,6.0,20.0,9.3,A,15.0
7215,low,2,12.0,1.0,6.9,A,8.6
7216,none,2,10.0,3.0,8.1,A,3.4
7217,high,1,5.0,2.0,4.3,A,-100.0
7218,medium,4,3.0,1.0,8.0,B,13.4
7219,high,3,7.0,15.0,9.3,A,-13.7
7220,high,2,4.0,23.0,3.9,A,-100.0
7221,none,1,4.0,9.0,4.3,A,-16.8
7222,high,1,2.0,1.0,8.7,A,-16.4
7223,medium,1,11.0,27.0,2.2,A,-18.7
7224,high,1,3.0,15.0,8.4,A,-18.0
7225,medium,0,13.0,3.0,7.6,A,10.7
7226,medium,0,7.0,9.0,9.2,A,15.0
7227,high,0,13.0,1.0,9.0,A,-15.8
7228,medium,2,1.0,14.0,1.8,A,-100.0
7229,high,2,5.0,17.0,8.7,A,-16.7
7230,,3,5.0,41.0,5.9,D,-7.9
7231,high,1,6.0,1.0,3.7,C,-100.0
7232,low,6,3.0,1.0,7.6,A,12.9
7233,high,1,4.0,13.0,7.0,C,-100.0
7234,high,0,11.0,6.0,9.1,A,-15.0
7235,,1,5.0,5.0,9.1,A,9.5
7236,low,3,7.0,2.0,7.5,A,12.3
7237,low,2,23.0,11.0,8.9,B,15.0
7238,low,3,10.0,1.0,6.0,A,3.7
7239,medium,0,3.0,0.0,9.9,C,15.0
7240,none,2,5.0,9.0,3.0,C,-100.0
7241,medium,1,12.0,21.0,4.7,B,-5.1
7242,high,0,10.0,5.0,8.6,A,-17.7
7243,low,2,16.0,27.0,9.1,C,15.0
7244,low,0,8.0,19.0,3.7,C,-8.3
7245,high,4,23.0,27.0,3.7,C,-100.0
7246,none,2,24.0,1.0,6.2,B,-8.5
7247,medium,2,3.0,22.0,4.4,C,-6.0
7248,medium,0,4.0,9.0,6.8,A,7.2
7249,low,1,10.0,14.0,9.6,A,15.0
7250,medium,2,7.0,50.0,5.0,A,-2.8
7251,medium,2,3.0,50.0,6.9,C,8.1
7252,high,4,11.0,28.0,6.0,A,-100.0
7253,high,4,5.0,15.0,5.2,C,-100.0
7254,low,1,18.0,10.0,6.8,A,7.6
7255,high,3,10.0,18.0,10.0,A,-10.1
7256,high,0,21.0,8.0,2.1,A,-100.0
7257,medium,2,3.0,9.0,5.9,A,2.2
7258,low,1,9.0,12.0,8.7,D,15.0
7259,medium,1,17.0,8.0,2.0,A,-100.0
7260,low,1,7.0,1.0,1.5,A,-100.0
7261,medium,1,2.0,7.0,3.6,B,-10.3
7262,medium,0,24.0,20.0,8.4,A,14.1
7263,low,3,7.0,17.0,6.4,B,6.4
7264,high,1,21.0,25.0,5.3,B,-100.0
7265,low,2,3.0,1.0,5.2,A,0.1
7266,low,1,8.0,15.0,9.3,A,15.0
7267,high,0,13.0,5.0,7.7,A,-100.0
7268,low,1,4.0,20.0,8.4,C,15.0
7269,low,0,7.0,2.0,9.0,A,15.0
7270,low,0,8.0,4.0,9.6,C,15.0
7271,none,3,0.0,2.0,8.6,A,7.0
7272,low,2,10.0,34.0,6.2,A,5.2
7273,low,3,15.0,0.0,5.6,C,1.0
7274,low,2,4.0,17.0,7.0,A,10.1
7275,high,2,,7.0,4.5,C,
7276,low,0,5.0,4.0,9.9,B,15.0
7277,medium,1,9.0,9.0,9.7,A,15.0
7278,high,1,2.0,1.0,9.1,C,-14.2
7279,none,1,5.0,11.0,9.9,A,14.0
7280,none,0,17.0,3.0,7.6,B,0.1
7281,low,4,21.0,4.0,9.3,A,15.0
7282,high,1,3.0,1.0,3.5,C,-100.0
7283,high,1,9.0,14.0,9.5,A,-12.6
7284,low,1,2.0,8.0,9.1,C,15.0
7285,low,1,6.0,18.0,3.4,A,-9.8
7286,low,0,7.0,12.0,3.4,A,-9.9
7287,low,2,24.0,0.0,9.1,A,15.0
7288,low,0,5.0,9.0,3.5,A,-9.2
7289,medium,0,9.0,11.0,3.1,A,-13.6
7290,low,0,3.0,9.0,8.0,A,15.0
7291,low,1,6.0,7.0,9.6,A,15.0
7292,medium,2,18.0,18.0,8.0,A,12.3
7293,medium,1,8.0,3.0,9.3,C,15.0
7294,low,0,19.0,12.0,3.3,D,-11.6
7295,low,0,6.0,17.0,8.2,C,15.0
7296,high,0,1.0,21.0,3.4,C,-100.0
7297,high,0,14.0,4.0,5.4,A,-100.0
7298,medium,3,5.0,50.0,6.2,A,3.9
7299,medium,3,10.0,4.0,1.8,C,-100.0
7300,none,2,16.0,5.0,9.8,A,12.1
7301,none,3,,6.0,7.0,C,
7302,high,2,2.0,3.0,9.8,A,-10.5
7303,medium,1,13.0,11.0,7.1,A,7.9
7304,medium,1,7.0,5.0,8.2,A,14.5
7305,,2,22.0,41.0,3.7,A,-100.0
7306,high,0,5.0,22.0,5.5,A,-100.0
7307,medium,1,10.0,11.0,9.1,D,15.0
7308,high,0,9.0,27.0,8.4,A,-18.4
7309,medium,4,11.0,10.0,7.4,A,9.4
7310,none,2,14.0,34.0,2.1,A,-100.0
7311,medium,0,8.0,16.0,8.1,A,14.0
7312,low,1,22.0,11.0,4.8,A,-3.8
7313,medium,1,1.0,3.0,7.2,C,9.6
7314,high,0,13.0,0.0,9.3,A,-14.1
7315,medium,3,4.0,14.0,5.0,A,-2.9
7316,medium,1,11.0,4.0,3.0,A,-14.5
7317,low,0,4.0,5.0,9.7,A,15.0
7318,medium,0,28.0,13.0,8.4,A,13.7
7319,low,1,6.0,8.0,8.4,C,15.0
7320,low,0,11.0,1.0,8.2,A,15.0
7321,low,1,9.0,8.0,2.7,A,-14.1
7322,high,5,8.0,18.0,1.1,B,-100.0
7323,low,1,12.0,10.0,9.7,B,15.0
7324,high,0,7.0,10.0,3.6,C,-100.0
7325,low,2,10.0,26.0,9.1,A,15.0
7326,low,1,13.0,0.0,4.3,C,-5.7
7327,low,1,5.0,7.0,8.7,A,15.0
7328,high,2,3.0,2.0,9.8,A,-10.6
7329,low,2,29.0,13.0,8.1,B,13.6
7330,low,3,14.0,7.0,9.1,A,15.0
7331,high,0,14.0,11.0,9.5,A,-13.0
7332,low,3,14.0,1.0,4.2,C,-6.6
7333,medium,0,16.0,3.0,6.7,A,5.4
7334,medium,2,13.0,32.0,9.6,A,15.0
7335,low,2,5.0,1.0,3.0,A,-12.2
7336,high,2,40.0,48.0,2.6,B,-100.0
7337,medium,1,8.0,2.0,10.0,A,15.0
7338,medium,2,3.0,44.0,9.9,A,15.0
7339,low,0,11.0,6.0,6.4,C,6.2
7340,high,4,0.0,17.0,8.0,A,-100.0
7341,low,3,9.0,1.0,9.5,C,15.0
7342,high,0,4.0,22.0,7.5,C,-100.0
7343,none,3,14.0,8.0,8.5,A,5.1
7344,none,2,4.0,10.0,7.2,C,-0.9
7345,low,3,8.0,6.0,1.1,B,-100.0
7346,low,0,8.0,0.0,2.0,A,-17.8
7347,low,3,4.0,0.0,1.3,A,-100.0
7348,low,1,13.0,6.0,3.1,A,-12.3
7349,low,1,5.0,22.0,9.4,A,15.0
7350,high,2,7.0,2.0,8.4,C,-18.7
7351,none,3,2.0,5.0,5.4,C,-10.7
7352,none,0,1.0,4.0,2.0,A,-100.0
7353,medium,1,18.0,13.0,6.8,C,5.8
7354,low,1,27.0,1.0,9.5,A,15.0
7355,low,4,2.0,18.0,3.1,B,-11.4
7356,low,1,2.0,5.0,1.4,A,-100.0
7357,none,0,6.0,15.0,4.5,C,-15.7
7358,medium,2,6.0,6.0,4.6,A,-5.3
7359,high,1,9.0,7.0,8.4,A,-18.7
7360,low,0,16.0,3.0,8.9,A,15.0
7361,none,3,24.0,3.0,6.4,B,-7.5
7362,medium,0,9.0,3.0,8.3,A,14.9
7363,low,2,22.0,27.0,5.8,C,1.8
7364,high,0,5.0,19.0,6.8,A,-100.0
7365,low,0,0.0,21.0,9.2,A,15.0
7366,medium,1,8.0,34.0,9.5,B,15.0
7367,high,1,5.0,17.0,8.3,A,-18.8
7368,medium,0,7.0,50.0,6.8,A,7.3
7369,medium,3,5.0,7.0,9.7,A,15.0
7370,low,2,0.0,25.0,5.9,C,4.5
7371,medium,0,6.0,0.0,7.0,C,8.0
7372,low,2,19.0,8.0,3.4,A,-11.3
7373,medium,2,5.0,20.0,9.0,A,15.0
7374,high,3,20.0,3.0,3.1,C,-100.0
7375,high,0,5.0,3.0,9.8,A,-10.6
7376,low,3,8.0,10.0,8.5,C,15.0
7377,high,2,12.0,25.0,8.0,A,-100.0
7378,low,1,11.0,6.0,9.3,C,15.0
7379,none,1,4.0,5.0,6.4,C,-5.2
7380,low,1,7.0,17.0,5.3,B,0.5
7381,high,2,8.0,50.0,6.4,A,-100.0
7382,high,0,10.0,0.0,9.3,A,-13.9
7383,none,2,8.0,16.0,6.7,B,-4.0
7384,low,3,11.0,37.0,2.6,C,-14.7
7385,high,1,3.0,3.0,3.5,A,-100.0
7386,low,1,4.0,15.0,4.5,A,-3.6
7387,high,1,5.0,4.0,8.8,D,-16.2
7388,high,2,18.0,5.0,9.1,B,-15.9
7389,low,0,1.0,10.0,8.9,C,15.0
7390,none,0,9.0,10.0,6.6,A,-4.5
7391,low,2,10.0,8.0,8.6,D,15.0
7392,medium,1,2.0,7.0,4.4,C,-5.9
7393,high,3,1.0,38.0,3.5,A,-100.0
7394,low,1,3.0,14.0,5.8,C,3.6
7395,medium,0,4.0,2.0,9.6,D,15.0
7396,high,1,9.0,23.0,3.4,A,-100.0
7397,high,2,11.0,29.0,6.4,C,-100.0
7398,medium,2,5.0,17.0,8.9,A,15.0
7399,low,3,22.0,11.0,9.7,A,15.0
7400,low,5,8.0,0.0,3.3,C,-11.1
7401,low,2,2.0,1.0,1.4,A,-100.0
7402,low,3,2.0,21.0,7.3,C,11.9
7403,none,1,5.0,6.0,3.1,A,-100.0
7404,high,2,11.0,19.0,1.1,A,-100.0
7405,high,2,4.0,14.0,7.7,D,-100.0
7406,medium,3,4.0,7.0,6.6,A,5.8
7407,medium,0,2.0,23.0,1.8,A,-19.9
7408,high,0,6.0,2.0,6.7,C,-100.0
7409,medium,0,20.0,12.0,1.0,C,-100.0
7410,low,0,2.0,0.0,2.5,C,-14.5
7411,medium,3,11.0,22.0,9.8,A,15.0
7412,low,3,7.0,11.0,8.2,A,15.0
7413,low,2,6.0,0.0,8.5,A,15.0
7414,medium,0,6.0,9.0,9.7,A,15.0
7415,high,2,5.0,1.0,8.0,B,-100.0
7416,,2,11.0,6.0,1.5,A,-100.0
7417,low,1,14.0,18.0,9.1,C,15.0
7418,high,2,13.0,15.0,7.9,B,-100.0
7419,high,2,23.0,4.0,5.1,D,-100.0
7420,medium,1,,8.0,3.7,C,
7421,none,0,7.0,10.0,8.3,A,5.1
7422,high,1,20.0,7.0,8.2,A,-100.0
7423,low,2,1.0,14.0,2.4,C,-15.0
7424,low,0,19.0,1.0,7.6,A,11.9
7425,high,1,5.0,11.0,9.8,A,-10.6
7426,high,0,9.0,4.0,6.4,A,-100.0
7427,high,3,11.0,9.0,4.7,B,-100.0
7428,medium,0,1.0,23.0,9.3,A,15.0
7429,low,1,15.0,19.0,8.9,C,15.0
7430,high,3,16.0,50.0,1.9,C,-100.0
7431,high,1,3.0,2.0,1.2,A,-100.0
7432,high,3,7.0,14.0,7.5,C,-100.0
7433,low,0,14.0,4.0,2.6,A,-15.1
7434,high,3,11.0,1.0,9.8,A,-11.5
7435,medium,2,13.0,21.0,8.6,C,15.0
7436,high,2,9.0,0.0,3.5,A,-100.0
7437,low,1,2.0,1.0,3.0,C,-11.8
7438,low,5,10.0,21.0,5.7,A,2.1
7439,high,2,5.0,36.0,2.3,A,-100.0
7440,low,5,10.0,6.0,1.0,A,-100.0
7441,high,2,6.0,2.0,4.8,A,-100.0
7442,medium,3,5.0,20.0,3.9,A,-9.0
7443,low,2,10.0,6.0,3.7,C,-8.8
7444,low,1,13.0,6.0,9.8,B,15.0
7445,medium,1,3.0,31.0,8.0,A,14.0
7446,high,3,18.0,14.0,4.6,A,-100.0
7447,low,2,4.0,21.0,5.2,A,0.2
7448,high,1,7.0,1.0,4.7,A,-100.0
7449,high,3,3.0,11.0,5.4,A,-100.0
7450,low,1,6.0,9.0,2.8,C,-13.2
7451,low,1,30.0,1.0,1.9,A,-100.0
7452,low,4,12.0,8.0,9.5,A,15.0
7453,low,4,4.0,9.0,4.7,B,-2.9
7454,low,1,7.0,6.0,5.6,A,2.1
7455,none,0,3.0,11.0,1.8,B,-100.0
7456,high,2,5.0,6.0,8.4,A,-18.4
7457,low,1,5.0,4.0,3.8,A,-7.7
7458,,1,9.0,9.0,3.0,B,-100.0
7459,none,1,9.0,6.0,9.7,A,12.4
7460,,1,18.0,4.0,3.1,D,-100.0
7461,none,0,7.0,3.0,5.2,A,-12.1
7462,high,0,27.0,2.0,2.1,A,-100.0
7463,high,3,17.0,39.0,9.4,A,-13.9
7464,high,1,6.0,18.0,8.5,A,-17.8
7465,low,1,9.0,13.0,6.2,C,5.2
7466,none,2,10.0,3.0,8.6,A,6.1
7467,medium,3,14.0,1.0,1.4,A,-100.0
7468,medium,2,7.0,16.0,1.2,A,-100.0
7469,high,3,13.0,45.0,4.5,A,-100.0
7470,none,1,18.0,7.0,1.7,A,-100.0
7471,high,1,2.0,0.0,9.6,A,-11.5
7472,medium,0,8.0,33.0,4.9,A,-3.4
7473,none,0,8.0,5.0,9.7,A,12.6
7474,low,2,1.0,3.0,9.3,B,15.0
7475,high,1,2.0,1.0,1.8,A,-100.0
7476,high,1,18.0,18.0,4.8,A,-100.0
7477,high,1,4.0,4.0,8.6,A,-17.2
7478,low,0,19.0,0.0,7.6,A,11.9
7479,medium,0,16.0,2.0,9.4,A,15.0
7480,medium,3,10.0,8.0,2.9,A,-15.1
7481,none,1,8.0,16.0,4.4,A,-16.5
7482,high,2,3.0,15.0,6.3,A,-100.0
7483,low,0,4.0,2.0,1.9,A,-17.9
7484,high,4,23.0,18.0,9.2,D,-15.9
7485,high,0,8.0,3.0,8.3,A,-19.1
7486,high,0,4.0,14.0,4.1,A,-100.0
7487,high,0,1.0,6.0,4.3,A,-100.0
7488,low,1,7.0,9.0,7.0,A,9.8
7489,high,4,10.0,20.0,1.4,A,-100.0
7490,low,1,13.0,9.0,8.6,C,15.0
7491,none,0,4.0,3.0,9.7,A,13.0
7492,low,0,18.0,6.0,9.7,C,15.0
7493,medium,1,12.0,8.0,9.6,A,15.0
7494,low,1,9.0,9.0,3.5,A,-9.7
7495,high,2,8.0,4.0,9.4,B,-13.3
7496,high,2,2.0,5.0,8.0,A,-100.0
7497,medium,0,9.0,4.0,2.5,C,-17.0
7498,high,0,18.0,5.0,7.7,C,-100.0
7499,none,2,32.0,19.0,8.3,A,2.4
7500,low,0,10.0,4.0,4.9,B,-2.0
7501,high,2,8.0,4.0,8.1,A,-100.0
7502,low,3,7.0,18.0,5.9,A,3.6
7503,medium,0,10.0,22.0,2.4,A,-17.5
7504,none,1,4.0,44.0,3.7,A,-19.7
7505,high,3,10.0,4.0,1.6,C,-100.0
7506,none,0,7.0,3.0,1.4,A,-100.0
7507,high,3,5.0,12.0,1.8,C,-100.0
7508,high,1,21.0,3.0,5.3,C,-100.0
7509,none,0,16.0,7.0,7.2,A,-1.9
7510,none,2,10.0,1.0,9.8,D,12.7
7511,medium,3,14.0,9.0,8.9,B,15.0
7512,high,2,3.0,1.0,6.4,A,-100.0
7513,low,3,7.0,29.0,3.5,A,-9.5
7514,high,0,30.0,4.0,2.6,A,-100.0
7515,low,3,7.0,10.0,9.4,A,15.0
7516,,0,17.0,14.0,1.1,D,-100.0
7517,high,1,11.0,47.0,3.6,A,-100.0
7518,low,1,13.0,4.0,4.2,A,-6.2
7519,low,5,5.0,22.0,3.6,B,-9.0
7520,medium,2,2.0,1.0,9.8,A,15.0
7521,medium,2,13.0,1.0,2.2,A,-19.3
7522,medium,1,17.0,2.0,8.6,D,15.0
7523,medium,3,11.0,50.0,8.6,A,15.0
7524,high,0,7.0,1.0,5.5,B,-100.0
7525,medium,2,6.0,7.0,8.2,A,14.5
7526,high,3,4.0,6.0,1.7,A,-100.0
7527,medium,1,4.0,19.0,8.4,B,15.0
7528,medium,1,4.0,12.0,1.3,A,-100.0
7529,low,4,12.0,9.0,9.4,A,15.0
7530,medium,1,5.0,15.0,2.9,C,-14.4
7531,high,2,4.0,15.0,7.0,B,-100.0
7532,high,0,8.0,20.0,9.3,D,-13.5
7533,none,1,1.0,9.0,9.7,A,13.2
7534,high,1,24.0,12.0,1.7,A,-100.0
7535,medium,2,4.0,8.0,8.5,A,15.0
7536,high,2,10.0,19.0,9.5,A,-12.8
7537,high,1,11.0,8.0,8.7,C,-17.3
7538,medium,0,10.0,4.0,9.8,A,15.0
7539,high,4,3.0,3.0,2.1,A,-100.0
7540,low,1,6.0,23.0,8.3,C,15.0
7541,none,1,12.0,0.0,6.1,A,-7.8
7542,low,4,15.0,10.0,6.2,A,4.3
7543,high,0,3.0,20.0,9.2,A,-13.5
7544,none,0,2.0,16.0,1.7,C,-100.0
7545,high,1,20.0,7.0,9.8,A,-12.1
7546,high,0,3.0,48.0,8.5,A,-17.1
7547,high,4,10.0,39.0,2.2,A,-100.0
7548,medium,2,3.0,2.0,8.9,A,15.0
7549,low,2,6.0,14.0,1.3,A,-100.0
7550,low,2,6.0,2.0,1.6,A,-20.0
7551,medium,0,3.0,4.0,1.5,C,-100.0
7552,low,2,26.0,15.0,4.1,A,-8.1
7553,medium,3,14.0,30.0,3.5,A,-12.0
7554,high,0,6.0,8.0,8.3,A,-18.9
7555,low,2,12.0,9.0,7.4,A,11.4
7556,none,2,4.0,11.0,9.8,B,13.4
7557,high,1,8.0,35.0,9.5,A,-12.3
7558,high,1,2.0,14.0,9.1,C,-14.1
7559,none,0,9.0,5.0,9.3,A,10.3
7560,none,2,10.0,8.0,3.5,A,-100.0
7561,low,0,9.0,17.0,9.3,A,15.0
7562,medium,1,14.0,3.0,7.1,B,7.7
7563,none,2,8.0,1.0,3.5,A,-100.0
7564,high,0,3.0,3.0,9.0,B,-14.8
7565,high,0,7.0,2.0,3.2,C,-100.0
7566,high,1,15.0,6.0,5.6,C,-100.0
7567,medium,2,17.0,43.0,4.4,A,-7.1
7568,low,0,10.0,30.0,9.6,A,15.0
7569,high,0,14.0,1.0,9.4,D,-13.7
7570,low,1,6.0,15.0,5.6,B,2.2
7571,low,0,4.0,7.0,8.0,A,15.0
7572,high,3,8.0,2.0,8.3,A,-19.4
7573,high,1,8.0,4.0,1.5,A,-100.0
7574,medium,2,8.0,22.0,5.9,C,1.8
7575,low,0,11.0,14.0,7.8,A,13.9
7576,medium,3,7.0,15.0,7.2,C,8.9
7577,none,3,6.0,0.0,7.6,A,0.9
7578,low,2,40.0,10.0,1.5,A,-100.0
7579,high,0,6.0,0.0,9.1,C,-14.6
7580,medium,3,7.0,2.0,8.0,C,13.1
7581,low,1,6.0,3.0,3.2,B,-11.1
7582,medium,0,15.0,13.0,4.8,B,-4.8
7583,medium,1,15.0,37.0,9.3,A,15.0
7584,high,1,3.0,8.0,2.6,C,-100.0
7585,high,2,9.0,8.0,9.7,C,-11.7
7586,medium,1,9.0,2.0,3.4,A,-12.2
7587,low,0,,19.0,1.8,C,
7588,medium,1,3.0,12.0,7.0,A,8.3
7589,medium,1,16.0,23.0,1.0,D,-100.0
7590,high,3,13.0,4.0,9.3,C,-14.4
7591,medium,2,19.0,24.0,4.3,A,-8.1
7592,medium,1,5.0,1.0,1.7,A,-100.0
7593,low,2,18.0,1.0,3.2,A,-12.4
7594,medium,1,9.0,1.0,5.3,C,-1.7
7595,low,2,,1.0,9.9,C,
7596,high,0,6.0,50.0,9.3,C,-12.9
7597,high,3,18.0,10.0,9.6,C,-13.2
7598,low,3,1.0,37.0,8.6,A,15.0
7599,medium,1,6.0,38.0,,D,
7600,high,2,1.0,3.0,6.1,B,-100.0
7601,low,1,7.0,11.0,1.2,B,-100.0
7602,low,2,26.0,4.0,3.4,C,-12.1
7603,high,0,3.0,21.0,5.5,A,-100.0
7604,low,2,7.0,5.0,2.5,A,-15.1
7605,medium,2,10.0,50.0,8.2,C,14.5
7606,low,0,3.0,0.0,9.2,A,15.0
7607,,0,10.0,4.0,8.7,A,6.9
7608,low,1,19.0,44.0,3.4,D,-10.9
7609,none,3,6.0,49.0,3.3,A,-100.0
7610,medium,2,15.0,0.0,3.7,A,-11.2
7611,medium,3,7.0,5.0,1.2,A,-100.0
7612,low,0,,2.0,6.0,C,
7613,medium,1,14.0,9.0,9.1,D,15.0
7614,high,2,4.0,37.0,1.5,A,-100.0
7615,medium,1,7.0,47.0,1.1,A,-100.0
7616,low,0,9.0,19.0,1.5,A,-100.0
7617,high,3,5.0,14.0,3.3,C,-100.0
7618,none,3,6.0,14.0,2.2,A,-100.0
7619,high,1,13.0,36.0,5.2,C,-100.0
7620,low,3,14.0,3.0,1.5,B,-100.0
7621,high,0,8.0,1.0,2.3,C,-100.0
7622,none,2,23.0,3.0,9.4,A,9.2
7623,medium,1,6.0,4.0,7.0,A,8.0
7624,high,0,9.0,16.0,8.3,A,-19.1
7625,medium,0,1.0,35.0,3.8,A,-8.7
7626,high,2,9.0,6.0,5.2,B,-100.0
7627,high,4,8.0,10.0,,D,
7628,high,3,2.0,0.0,1.4,A,-100.0
7629,none,2,11.0,19.0,1.6,A,-100.0
7630,medium,1,16.0,3.0,8.8,A,15.0
7631,low,4,6.0,4.0,9.6,A,15.0
7632,medium,1,7.0,4.0,3.7,A,-10.3
7633,high,1,4.0,2.0,9.8,D,-10.6
7634,high,0,2.0,8.0,7.3,A,-100.0
7635,high,3,2.0,21.0,9.7,A,-10.9
7636,low,0,3.0,1.0,9.7,A,15.0
7637,,2,12.0,16.0,1.3,A,-100.0
7638,high,1,5.0,3.0,6.4,C,-100.0
7639,none,0,10.0,6.0,9.7,A,12.4
7640,high,1,5.0,0.0,5.0,C,-100.0
7641,medium,2,3.0,13.0,2.9,C,-14.3
7642,medium,2,7.0,8.0,9.9,A,15.0
7643,low,0,10.0,1.0,9.1,D,15.0
7644,none,1,10.0,1.0,8.7,A,6.8
7645,low,2,16.0,0.0,4.6,D,-4.5
7646,low,0,9.0,17.0,8.6,A,15.0
7647,low,2,10.0,18.0,3.0,C,-12.5
7648,medium,2,12.0,7.0,7.5,A,10.0
7649,low,2,7.0,7.0,8.4,C,15.0
7650,high,0,7.0,12.0,9.7,A,-11.2
7651,high,0,11.0,0.0,7.7,A,-100.0
7652,high,2,8.0,9.0,9.3,A,-13.8
7653,low,4,4.0,6.0,8.5,A,15.0
7654,high,1,7.0,11.0,8.3,D,-19.0
7655,low,1,5.0,5.0,8.6,B,15.0
7656,high,1,20.0,0.0,6.8,A,-100.0
7657,medium,1,4.0,6.0,1.5,A,-100.0
7658,medium,1,15.0,4.0,9.3,C,15.0
7659,low,2,7.0,3.0,8.1,A,15.0
7660,high,1,7.0,6.0,1.4,B,-100.0
7661,high,2,9.0,2.0,9.5,D,-12.8
7662,low,1,3.0,16.0,1.5,A,-20.0
7663,high,0,26.0,24.0,8.5,C,-19.6
7664,medium,2,6.0,10.0,5.9,A,1.9
7665,high,1,11.0,8.0,6.5,A,-100.0
7666,medium,2,4.0,3.0,5.3,A,-1.3
7667,high,1,17.0,1.0,3.5,A,-100.0
7668,high,1,6.0,2.0,9.8,A,-10.8
7669,high,1,9.0,5.0,8.4,A,-18.8
7670,low,1,12.0,14.0,8.3,B,15.0
7671,low,1,6.0,4.0,3.4,A,-10.0
7672,none,1,10.0,47.0,8.0,A,3.4
7673,medium,1,4.0,13.0,3.3,C,-12.1
7674,medium,1,6.0,4.0,4.0,A,-8.5
7675,medium,2,5.0,2.0,8.3,A,15.0
7676,low,1,5.0,10.0,8.1,B,15.0
7677,high,0,6.0,10.0,4.1,A,-100.0
7678,medium,3,6.0,1.0,3.5,B,-11.5
7679,high,2,13.0,0.0,3.4,A,-100.0
7680,none,1,4.0,34.0,8.3,A,5.5
7681,high,1,23.0,14.0,9.1,A,-16.2
7682,low,2,16.0,16.0,8.2,A,15.0
7683,low,3,8.0,2.0,7.5,A,12.2
7684,medium,0,4.0,1.0,9.6,A,15.0
7685,none,0,10.0,28.0,4.8,C,-14.3
7686,none,2,6.0,9.0,3.8,A,-19.8
7687,none,0,16.0,2.0,4.8,A,-15.2
7688,low,3,6.0,0.0,8.9,A,15.0
7689,medium,2,20.0,2.0,8.3,A,13.6
7690,,2,8.0,16.0,9.1,A,9.2
7691,low,0,8.0,12.0,1.4,A,-100.0
7692,none,1,5.0,5.0,6.4,B,-5.3
7693,none,2,25.0,2.0,8.6,A,4.6
7694,medium,3,1.0,1.0,6.2,A,3.8
7695,none,3,3.0,2.0,7.1,B,-1.5
7696,medium,0,4.0,6.0,6.4,A,5.0
7697,low,1,6.0,2.0,1.6,C,-19.9
7698,none,3,9.0,9.0,9.3,C,10.0
7699,high,1,17.0,16.0,9.8,A,-11.7
7700,medium,1,7.0,13.0,3.1,B,-13.5
7701,low,1,9.0,1.0,1.3,A,-100.0
7702,low,0,4.0,28.0,1.4,A,-100.0
7703,low,5,6.0,10.0,8.1,A,15.0
7704,low,1,1.0,2.0,9.4,A,15.0
7705,none,1,8.0,13.0,3.5,A,-100.0
7706,high,2,15.0,4.0,2.7,C,-100.0
7707,none,1,8.0,50.0,7.4,C,0.3
7708,high,2,12.0,5.0,8.9,A,-16.4
7709,medium,2,8.0,16.0,1.2,C,-100.0
7710,none,2,8.0,3.0,6.1,A,-7.4
7711,low,3,4.0,1.0,1.0,A,-100.0
7712,low,1,1.0,6.0,4.2,A,-5.0
7713,none,3,4.0,11.0,9.5,B,11.7
7714,medium,1,8.0,7.0,7.4,A,10.0
7715,high,0,18.0,17.0,9.7,A,-12.3
7716,medium,0,6.0,19.0,1.1,A,-100.0
7717,none,1,4.0,18.0,8.9,A,8.6
7718,medium,0,13.0,22.0,5.1,C,-2.9
7719,high,1,18.0,3.0,1.3,A,-100.0
7720,high,2,8.0,1.0,8.2,A,-19.9
7721,low,1,5.0,9.0,6.3,A,6.1
7722,low,1,16.0,0.0,3.9,A,-8.3
7723,none,2,15.0,6.0,5.6,A,-10.8
7724,none,3,8.0,4.0,6.0,A,-8.1
7725,medium,2,8.0,12.0,8.2,A,14.4
7726,high,1,9.0,0.0,3.4,A,-100.0
7727,high,4,10.0,35.0,9.7,A,-11.7
7728,low,1,6.0,7.0,3.4,A,-9.9
7729,high,0,8.0,50.0,9.4,A,-12.6
7730,medium,0,4.0,15.0,4.9,D,-3.2
7731,medium,2,7.0,3.0,2.0,B,-19.7
7732,low,2,10.0,1.0,7.7,B,13.2
7733,medium,2,16.0,7.0,9.1,A,15.0
7734,medium,2,6.0,0.0,3.0,B,-14.2
7735,low,3,10.0,6.0,3.4,A,-10.5
7736,low,1,19.0,13.0,8.4,A,15.0
7737,low,2,6.0,10.0,8.5,A,15.0
7738,low,0,3.0,0.0,5.9,A,4.1
7739,none,4,,16.0,1.6,C,
7740,high,2,15.0,12.0,7.5,A,-100.0
7741,medium,3,10.0,27.0,2.1,A,-19.4
7742,low,2,15.0,9.0,1.7,A,-100.0
7743,high,1,1.0,3.0,2.5,A,-100.0
7744,low,5,11.0,4.0,8.1,A,15.0
7745,low,1,8.0,21.0,4.7,A,-2.8
7746,medium,4,20.0,16.0,5.8,A,-0.2
7747,high,0,17.0,7.0,4.5,A,-100.0
7748,medium,2,8.0,1.0,6.4,A,4.3
7749,low,3,10.0,10.0,6.5,A,6.6
7750,high,2,26.0,29.0,9.5,A,-14.3
7751,high,3,10.0,9.0,4.4,A,-100.0
7752,high,1,7.0,26.0,9.5,A,-12.3
7753,medium,0,28.0,17.0,2.9,A,-16.6
7754,low,0,16.0,5.0,9.1,A,15.0
7755,medium,1,7.0,14.0,2.8,A,-15.1
7756,low,0,3.0,41.0,3.3,A,-9.7
7757,medium,1,10.0,4.0,6.7,C,5.9
7758,,0,1.0,5.0,9.9,C,14.4
7759,high,1,2.0,5.0,3.8,A,-100.0
7760,low,1,16.0,10.0,5.9,A,2.8
7761,high,1,4.0,8.0,9.4,A,-12.7
7762,medium,2,6.0,18.0,6.4,B,4.7
7763,medium,0,6.0,16.0,8.7,A,15.0
7764,none,0,7.0,21.0,3.1,C,-100.0
7765,high,0,5.0,50.0,5.2,A,-100.0
7766,low,1,13.0,3.0,7.3,A,10.8
7767,high,0,7.0,7.0,9.0,B,-15.1
7768,low,1,4.0,31.0,4.0,B,-6.2
7769,high,1,9.0,13.0,8.2,A,-19.8
7770,high,1,19.0,1.0,8.2,A,-100.0
7771,high,1,6.0,0.0,9.0,C,-15.2
7772,high,0,2.0,0.0,5.9,A,-100.0
7773,high,2,2.0,19.0,9.6,A,-11.4
7774,low,0,13.0,9.0,1.4,B,-100.0
7775,none,1,12.0,2.0,3.1,A,-100.0
7776,none,1,4.0,11.0,4.6,B,-15.1
7777,none,0,9.0,8.0,5.8,C,-8.9
7778,none,1,5.0,9.0,9.9,A,13.9
7779,low,1,12.0,1.0,8.9,C,15.0
7780,low,0,5.0,9.0,1.1,C,-100.0
7781,high,1,8.0,4.0,1.0,B,-100.0
7782,high,3,8.0,24.0,8.7,A,-17.0
7783,,2,9.0,30.0,3.1,A,-100.0
7784,high,0,4.0,10.0,4.1,B,-100.0
7785,none,3,30.0,21.0,2.3,A,-100.0
7786,medium,4,2.0,1.0,5.2,A,-1.9
7787,low,1,6.0,5.0,6.7,A,8.2
7788,high,5,4.0,2.0,1.4,A,-100.0
7789,low,1,21.0,5.0,8.2,A,14.9
7790,high,1,17.0,5.0,9.5,D,-13.5
7791,high,2,22.0,1.0,1.4,C,-100.0
7792,medium,1,8.0,7.0,4.8,C,-4.3
7793,high,3,7.0,14.0,4.2,A,-100.0
7794,none,2,10.0,0.0,4.9,B,-14.2
7795,,3,6.0,27.0,8.8,A,7.8
7796,high,3,9.0,3.0,8.1,C,-100.0
7797,high,2,,27.0,9.9,C,
7798,low,2,1.0,6.0,8.5,A,15.0
7799,medium,2,19.0,6.0,8.2,C,13.2
7800,low,1,7.0,46.0,2.6,A,-14.0
7801,high,2,3.0,1.0,1.1,C,-100.0
7802,high,1,18.0,2.0,4.5,A,-100.0
7803,low,2,2.0,6.0,3.0,C,-11.8
7804,high,0,19.0,2.0,1.4,C,-100.0
7805,high,0,6.0,5.0,9.7,C,-11.2
7806,high,0,22.0,8.0,6.4,C,-100.0
7807,low,1,7.0,8.0,4.4,A,-4.5
7808,low,0,0.0,47.0,9.6,C,15.0
7809,high,0,4.0,3.0,8.2,A,-19.3
7810,medium,0,0.0,4.0,,A,
7811,low,3,10.0,8.0,1.9,C,-18.8
7812,low,0,9.0,13.0,8.9,C,15.0
7813,high,1,4.0,23.0,6.9,A,-100.0
7814,low,1,7.0,33.0,5.6,A,2.3
7815,high,2,13.0,30.0,2.7,D,-100.0
7816,medium,2,11.0,31.0,1.2,A,-100.0
7817,medium,2,6.0,4.0,4.8,A,-4.2
7818,high,2,4.0,30.0,5.4,A,-100.0
7819,low,0,11.0,0.0,9.4,A,15.0
7820,none,1,8.0,3.0,9.1,A,9.2
7821,low,1,2.0,0.0,7.2,D,11.3
7822,none,1,12.0,11.0,1.5,B,-100.0
7823,high,0,6.0,10.0,4.2,A,-100.0
7824,high,1,11.0,2.0,8.9,A,-16.2
7825,low,0,5.0,7.0,6.5,C,7.3
7826,low,1,10.0,9.0,4.7,C,-3.2
7827,high,1,3.0,0.0,8.7,C,-16.6
7828,medium,2,8.0,12.0,1.2,A,-100.0
7829,high,2,11.0,6.0,2.8,A,-100.0
7830,high,3,10.0,12.0,2.3,A,-100.0
7831,none,5,4.0,1.0,8.1,A,3.7
7832,medium,2,1.0,19.0,5.1,D,-1.9
7833,low,2,18.0,17.0,9.4,A,15.0
7834,none,3,8.0,9.0,2.7,A,-100.0
7835,low,2,7.0,4.0,6.3,A,5.8
7836,low,0,24.0,12.0,1.5,C,-100.0
7837,medium,2,4.0,37.0,6.3,A,4.5
7838,high,3,9.0,6.0,7.5,A,-100.0
7839,medium,2,6.0,31.0,10.0,A,15.0
7840,low,1,6.0,1.0,8.6,A,15.0
7841,low,3,6.0,13.0,9.0,A,15.0
7842,low,3,7.0,7.0,9.2,C,15.0
7843,medium,2,13.0,7.0,2.5,D,-17.5
7844,high,0,8.0,2.0,9.7,C,-11.4
7845,none,1,5.0,14.0,1.2,A,-100.0
7846,high,1,3.0,13.0,9.9,C,-9.8
7847,low,1,3.0,9.0,6.3,D,6.3
7848,medium,0,4.0,14.0,9.1,A,15.0
7849,none,0,6.0,6.0,8.9,A,8.4
7850,low,4,11.0,9.0,8.3,A,15.0
7851,high,0,3.0,1.0,9.3,A,-13.1
7852,none,5,9.0,7.0,8.3,A,4.3
7853,high,2,9.0,10.0,3.2,A,-100.0
7854,low,1,26.0,18.0,8.9,B,15.0
7855,,3,19.0,17.0,8.3,A,3.6
7856,low,4,10.0,4.0,4.7,A,-3.5
7857,high,1,14.0,2.0,5.7,B,-100.0
7858,none,1,10.0,25.0,3.8,A,-19.9
7859,high,0,13.0,23.0,5.6,A,-100.0
7860,medium,2,10.0,50.0,5.7,A,0.8
7861,none,1,26.0,10.0,7.3,A,-2.5
7862,medium,3,21.0,12.0,8.6,D,15.0
7863,high,0,8.0,29.0,3.7,A,-100.0
7864,high,3,6.0,21.0,9.5,A,-12.4
7865,low,2,11.0,9.0,6.6,A,7.1
7866,low,2,3.0,36.0,9.8,A,15.0
7867,low,1,20.0,3.0,9.6,A,15.0
7868,medium,2,8.0,15.0,3.0,A,-14.2
7869,low,1,7.0,6.0,2.1,A,-17.2
7870,low,0,5.0,0.0,4.5,A,-3.7
7871,low,3,10.0,45.0,8.1,B,15.0
7872,low,3,8.0,1.0,8.1,A,15.0
7873,high,3,11.0,0.0,5.3,B,-100.0
7874,high,0,8.0,2.0,4.4,C,-100.0
7875,high,0,3.0,9.0,1.1,D,-100.0
7876,none,2,10.0,6.0,1.6,A,-100.0
7877,none,2,7.0,50.0,6.8,A,-3.0
7878,medium,0,8.0,50.0,4.3,A,-6.5
7879,medium,3,12.0,37.0,1.2,A,-100.0
7880,high,1,5.0,22.0,3.2,A,-100.0
7881,high,2,7.0,14.0,3.5,C,-100.0
7882,high,4,5.0,4.0,9.2,C,-14.3
7883,low,1,4.0,4.0,7.6,A,13.3
7884,high,2,32.0,7.0,7.5,A,-100.0
7885,low,0,2.0,6.0,9.2,A,15.0
7886,low,3,7.0,25.0,9.6,A,15.0
7887,medium,2,15.0,7.0,9.4,B,15.0
7888,low,3,30.0,2.0,8.1,A,13.3
7889,low,3,7.0,36.0,1.0,A,-100.0
7890,high,3,8.0,15.0,8.1,A,-100.0
7891,high,0,4.0,4.0,4.6,A,-100.0
7892,low,1,6.0,2.0,4.8,A,-2.3
7893,medium,1,11.0,5.0,9.9,A,15.0
7894,none,1,4.0,3.0,2.2,A,-100.0
7895,medium,1,33.0,3.0,5.9,C,-0.8
7896,none,3,5.0,5.0,3.7,C,-100.0
7897,high,1,37.0,18.0,10.0,A,-12.6
7898,none,2,12.0,1.0,9.5,D,10.9
7899,low,4,2.0,11.0,4.8,A,-2.1
7900,low,1,4.0,2.0,3.0,A,-12.0
7901,none,2,5.0,43.0,9.2,A,10.3
7902,medium,1,7.0,5.0,2.6,A,-16.3
7903,medium,2,5.0,26.0,7.3,D,9.8
7904,,1,5.0,16.0,3.2,C,-100.0
7905,high,1,9.0,15.0,9.7,D,-11.5
7906,medium,2,4.0,19.0,2.9,A,-14.3
7907,high,1,4.0,8.0,9.8,A,-10.5
7908,low,1,15.0,19.0,2.6,A,-15.1
7909,medium,1,0.0,9.0,4.3,A,-6.2
7910,medium,0,9.0,7.0,9.9,C,15.0
7911,medium,0,12.0,29.0,8.4,A,15.0
7912,medium,2,10.0,17.0,4.2,A,-7.8
7913,low,0,7.0,13.0,4.1,B,-6.0
7914,high,2,6.0,3.0,2.2,D,-100.0
7915,medium,1,18.0,39.0,7.6,D,10.4
7916,medium,0,13.0,4.0,9.9,A,15.0
7917,high,1,9.0,5.0,7.4,A,-100.0
7918,high,2,17.0,18.0,3.7,B,-100.0
7919,medium,1,3.0,5.0,8.2,A,14.9
7920,high,2,20.0,0.0,8.9,A,-17.3
7921,none,1,12.0,1.0,8.8,A,7.1
7922,medium,1,11.0,2.0,2.5,A,-17.3
7923,medium,2,11.0,1.0,8.3,A,14.5
7924,none,1,5.0,1.0,7.8,A,2.3
7925,low,0,7.0,19.0,9.0,A,15.0
7926,high,0,15.0,3.0,8.4,A,-19.3
7927,low,2,10.0,7.0,6.0,A,3.9
7928,medium,0,22.0,50.0,2.5,A,-17.8
7929,high,2,1.0,8.0,5.7,B,-100.0
7930,high,1,12.0,21.0,4.4,B,-100.0
7931,low,1,11.0,14.0,3.9,B,-7.6
7932,none,0,7.0,8.0,8.3,A,5.0
7933,none,1,3.0,1.0,2.5,A,-100.0
7934,high,4,7.0,18.0,7.8,B,-100.0
7935,medium,1,8.0,17.0,8.4,A,15.0
7936,none,1,3.0,3.0,8.2,A,4.7
7937,high,3,0.0,21.0,9.5,A,-11.8
7938,high,0,7.0,3.0,6.7,A,-100.0
7939,high,0,4.0,6.0,1.6,A,-100.0
7940,medium,0,6.0,17.0,9.0,D,15.0
7941,low,1,26.0,2.0,8.6,A,15.0
7942,high,0,8.0,20.0,8.6,A,-17.3
7943,low,0,7.0,31.0,5.2,C,0.2
7944,none,0,8.0,4.0,9.0,A,8.7
7945,high,3,5.0,2.0,5.9,A,-100.0
7946,medium,2,3.0,2.0,1.4,A,-100.0
7947,high,2,6.0,3.0,9.8,A,-10.9
7948,medium,0,4.0,4.0,8.2,A,14.9
7949,low,0,5.0,5.0,8.5,A,15.0
7950,high,0,14.0,5.0,8.9,B,-16.4
7951,,1,9.0,26.0,9.6,C,12.1
7952,high,2,12.0,50.0,4.7,A,-100.0
7953,low,1,21.0,21.0,8.4,A,15.0
7954,none,0,7.0,13.0,9.8,A,13.3
7955,low,1,9.0,23.0,6.0,D,4.2
7956,high,2,21.0,19.0,,D,
7957,high,1,7.0,8.0,8.2,C,-19.6
7958,high,1,7.0,3.0,6.4,C,-100.0
7959,low,0,9.0,25.0,3.4,A,-9.9
7960,medium,1,2.0,21.0,1.1,A,-100.0
7961,high,4,5.0,1.0,8.6,A,-17.6
7962,low,2,,4.0,9.3,C,
7963,high,1,7.0,21.0,6.5,C,-100.0
7964,medium,1,4.0,4.0,9.8,A,15.0
7965,low,0,14.0,10.0,9.6,A,15.0
7966,low,1,14.0,2.0,6.0,A,3.5
7967,none,3,13.0,7.0,2.0,A,-100.0
7968,,2,4.0,7.0,7.7,B,1.8
7969,low,1,10.0,0.0,9.0,A,15.0
7970,none,2,9.0,50.0,1.1,A,-100.0
7971,high,0,6.0,1.0,8.0,A,-100.0
7972,low,4,4.0,19.0,9.8,B,15.0
7973,high,1,2.0,8.0,9.6,A,-11.4
7974,high,2,8.0,2.0,4.5,A,-100.0
7975,high,1,7.0,3.0,4.5,A,-100.0
7976,low,2,7.0,24.0,9.5,A,15.0
7977,high,2,23.0,11.0,8.8,C,-18.0
7978,medium,1,5.0,1.0,3.1,D,-13.4
7979,low,1,2.0,25.0,8.1,A,15.0
7980,none,3,11.0,23.0,5.0,A,-13.7
7981,high,1,3.0,17.0,8.4,A,-18.0
7982,high,1,3.0,50.0,5.0,A,-100.0
7983,medium,1,19.0,8.0,9.8,A,15.0
7984,high,1,18.0,1.0,8.9,A,
7985,low,2,14.0,6.0,9.9,D,15.0
7986,high,3,16.0,32.0,6.1,A,-100.0
7987,medium,4,1.0,7.0,8.5,A,15.0
7988,medium,2,22.0,9.0,6.7,B,4.7
7989,none,0,17.0,42.0,9.1,A,8.8
7990,low,3,10.0,4.0,5.2,A,-0.7
7991,low,2,14.0,2.0,3.2,A,-12.0
7992,high,1,9.0,33.0,5.2,A,-100.0
7993,none,0,5.0,4.0,1.5,C,-100.0
7994,high,1,4.0,2.0,7.8,A,-100.0
7995,high,2,18.0,10.0,3.3,B,-100.0
7996,medium,1,3.0,2.0,1.5,A,-100.0
7997,medium,3,12.0,5.0,8.0,C,12.7
7998,high,2,37.0,40.0,5.1,A,-100.0
7999,high,0,4.0,0.0,9.3,A,-13.2
8000,medium,2,6.0,12.0,7.9,A,12.9
8001,none,1,,17.0,4.5,C,
8002,high,1,29.0,48.0,1.5,A,-100.0
8003,low,1,11.0,7.0,6.9,A,8.8
8004,low,1,2.0,1.0,6.2,A,5.8
8005,high,0,1.0,32.0,8.0,A,-19.8
8006,none,1,7.0,6.0,1.3,A,-100.0
8007,medium,0,9.0,6.0,8.2,C,14.4
8008,low,0,15.0,7.0,2.6,A,-15.1
8009,low,1,13.0,3.0,5.9,B,3.1
8010,low,1,9.0,31.0,9.1,A,15.0
8011,medium,4,12.0,3.0,8.7,A,15.0
8012,low,0,7.0,36.0,6.5,B,7.4
8013,high,1,8.0,11.0,3.9,C,-100.0
8014,low,1,25.0,8.0,4.6,A,-5.2
8015,none,0,9.0,11.0,7.3,A,-0.6
8016,low,1,11.0,11.0,7.9,A,14.4
8017,high,2,3.0,2.0,3.0,A,-100.0
8018,low,1,16.0,0.0,9.0,A,15.0
8019,medium,3,8.0,2.0,1.7,A,-100.0
8020,medium,4,16.0,17.0,4.8,A,-5.3
8021,none,1,17.0,14.0,8.4,C,4.5
8022,high,4,5.0,1.0,4.3,A,-100.0
8023,low,3,19.0,18.0,9.1,A,15.0
8024,none,1,12.0,23.0,3.3,A,-100.0
8025,medium,1,21.0,35.0,9.0,A,15.0
8026,low,1,14.0,21.0,5.1,A,-1.2
8027,low,2,6.0,15.0,2.9,C,-12.7
8028,low,1,23.0,2.0,9.2,A,15.0
8029,high,1,29.0,3.0,2.3,C,-100.0
8030,medium,3,3.0,30.0,8.2,A,14.9
8031,high,1,11.0,20.0,7.3,C,-100.0
8032,none,1,21.0,45.0,1.7,A,-100.0
8033,medium,2,3.0,29.0,9.4,A,15.0
8034,low,2,19.0,5.0,8.2,B,15.0
8035,high,1,6.0,44.0,8.4,C,-18.1
8036,low,0,5.0,3.0,2.2,A,-16.4
8037,medium,2,12.0,12.0,8.7,A,15.0
8038,high,3,4.0,10.0,5.7,C,-100.0
8039,low,1,9.0,7.0,9.8,A,15.0
8040,low,2,,7.0,7.2,C,
8041,high,1,1.0,31.0,7.7,A,-100.0
8042,low,4,10.0,0.0,4.1,A,-6.8
8043,high,0,9.0,9.0,1.7,C,-100.0
8044,none,0,5.0,10.0,7.4,C,0.3
8045,high,0,14.0,4.0,8.5,B,-18.6
8046,high,0,3.0,2.0,7.8,A,-100.0
8047,low,6,5.0,7.0,1.1,C,-100.0
8048,none,2,3.0,16.0,8.3,A,5.3
8049,high,0,18.0,2.0,1.7,C,-100.0
8050,low,1,5.0,8.0,9.5,A,15.0
8051,medium,3,5.0,29.0,9.1,D,15.0
8052,low,0,14.0,10.0,3.1,A,-12.3
8053,,2,8.0,5.0,1.7,A,-100.0
8054,medium,1,8.0,19.0,8.4,A,15.0
8055,low,5,22.0,27.0,5.8,B,1.5
8056,medium,2,9.0,16.0,8.3,C,14.8
8057,low,1,14.0,22.0,9.8,A,15.0
8058,none,3,14.0,36.0,7.1,A,-2.3
8059,medium,0,13.0,13.0,1.7,A,-100.0
8060,medium,3,6.0,21.0,2.2,A,-18.5
8061,high,0,7.0,10.0,3.2,B,-100.0
8062,low,1,17.0,50.0,5.4,A,0.4
8063,high,1,6.0,26.0,3.6,B,-100.0
8064,high,1,6.0,2.0,2.0,A,-100.0
8065,none,1,9.0,12.0,1.8,A,-100.0
8066,low,2,,5.0,7.3,C,
8067,low,1,16.0,11.0,1.1,C,-100.0
8068,high,4,10.0,11.0,3.1,B,-100.0
8069,high,2,13.0,19.0,8.1,A,-100.0
8070,none,1,3.0,11.0,3.1,C,-100.0
8071,low,4,4.0,0.0,8.8,A,15.0
8072,low,2,2.0,13.0,8.0,A,15.0
8073,medium,0,3.0,4.0,6.0,C,2.9
8074,medium,1,16.0,1.0,5.7,C,-0.2
8075,high,0,4.0,2.0,8.5,A,-17.6
8076,low,1,5.0,15.0,8.2,A,15.0
8077,medium,1,14.0,19.0,9.6,A,15.0
8078,low,2,12.0,16.0,6.1,A,4.3
8079,high,0,15.0,3.0,4.7,C,-100.0
8080,high,1,7.0,15.0,6.5,A,-100.0
8081,medium,2,1.0,11.0,4.9,A,-3.1
8082,medium,3,15.0,7.0,9.8,A,15.0
8083,high,0,9.0,21.0,9.4,A,-13.0
8084,,1,8.0,5.0,5.7,A,-9.5
8085,low,3,9.0,15.0,5.8,A,2.8
8086,medium,1,6.0,34.0,9.7,A,15.0
8087,high,1,18.0,4.0,1.9,C,-100.0
8088,low,3,16.0,20.0,1.1,A,-100.0
8089,high,3,14.0,19.0,3.2,A,-100.0
8090,medium,4,9.0,8.0,9.6,C,15.0
8091,high,0,2.0,6.0,5.8,A,-100.0
8092,medium,2,2.0,6.0,2.4,C,-17.0
8093,high,1,12.0,10.0,8.5,A,-18.5
8094,low,1,7.0,8.0,5.9,B,3.7
8095,none,3,3.0,5.0,2.0,A,-100.0
8096,high,0,16.0,6.0,1.5,C,-100.0
8097,none,1,2.0,11.0,7.5,A,1.1
8098,medium,3,5.0,11.0,7.9,A,12.9
8099,medium,3,9.0,14.0,9.1,A,15.0
8100,high,2,8.0,3.0,8.3,A,-19.3
8101,medium,1,16.0,1.0,9.0,A,15.0
8102,high,0,3.0,24.0,3.6,C,-100.0
8103,high,5,4.0,18.0,8.7,A,-16.9
8104,none,1,20.0,3.0,9.4,C,9.6
8105,medium,4,2.0,8.0,7.5,A,10.9
8106,low,2,3.0,6.0,9.9,A,15.0
8107,high,1,29.0,2.0,7.7,A,-100.0
8108,low,1,7.0,8.0,8.5,C,15.0
8109,high,2,3.0,48.0,8.7,A,-16.2
8110,medium,0,12.0,1.0,6.0,A,1.9
8111,low,0,7.0,5.0,4.2,A,-5.6
8112,low,1,7.0,4.0,8.5,A,15.0
8113,high,2,4.0,17.0,8.5,A,-17.7
8114,high,0,13.0,14.0,3.9,A,-100.0
8115,medium,4,3.0,22.0,4.2,D,-7.3
8116,high,2,3.0,5.0,8.7,B,-16.6
8117,none,1,3.0,5.0,1.8,C,-100.0
8118,none,1,8.0,6.0,8.2,A,4.3
8119,none,3,17.0,4.0,9.0,A,7.5
8120,none,3,7.0,4.0,9.1,B,9.1
8121,medium,1,23.0,0.0,7.9,A,11.2
8122,medium,0,2.0,39.0,5.4,A,0.0
8123,none,1,18.0,6.0,9.5,A,10.4
8124,low,1,5.0,0.0,9.2,A,15.0
8125,none,1,6.0,35.0,5.8,B,-8.5
8126,high,1,4.0,11.0,5.2,A,-100.0
8127,low,3,5.0,21.0,9.2,A,15.0
8128,low,1,8.0,2.0,6.2,A,5.2
8129,medium,1,6.0,11.0,1.8,C,-100.0
8130,medium,0,15.0,23.0,4.1,A,-8.6
8131,medium,0,9.0,28.0,1.2,C,-100.0
8132,medium,4,6.0,11.0,1.1,B,-100.0
8133,medium,2,15.0,2.0,9.5,A,15.0
8134,low,4,4.0,29.0,3.9,C,-7.1
8135,medium,3,2.0,17.0,6.2,D,3.9
8136,medium,4,16.0,6.0,8.5,A,14.9
8137,medium,4,37.0,1.0,9.5,C,15.0
8138,high,1,7.0,34.0,3.1,A,-100.0
8139,medium,1,8.0,18.0,6.4,A,4.6
8140,medium,1,2.0,7.0,3.8,A,-9.2
8141,none,0,7.0,9.0,3.1,C,-100.0
8142,high,3,9.0,4.0,9.5,B,-12.9
8143,low,1,14.0,7.0,5.0,A,-1.9
8144,high,4,4.0,11.0,2.2,A,-100.0
8145,medium,1,7.0,10.0,9.3,B,15.0
8146,medium,1,9.0,25.0,1.3,A,-100.0
8147,high,1,8.0,2.0,8.6,A,-17.6
8148,high,1,4.0,21.0,8.7,A,-16.4
8149,low,0,20.0,7.0,9.4,A,15.0
8150,medium,2,25.0,2.0,8.8,A,15.0
8151,high,0,10.0,23.0,7.3,A,-100.0
8152,high,1,8.0,20.0,2.7,B,-100.0
8153,medium,1,8.0,5.0,1.5,C,-100.0
8154,high,0,2.0,15.0,2.4,C,-100.0
8155,low,0,18.0,6.0,7.4,A,11.0
8156,low,1,5.0,17.0,8.7,A,15.0
8157,medium,2,14.0,9.0,1.5,A,-100.0
8158,medium,1,10.0,16.0,8.4,C,15.0
8159,none,1,11.0,0.0,5.8,C,-9.3
8160,none,0,4.0,2.0,6.0,A,-7.4
8161,none,1,13.0,13.0,1.8,A,-100.0
8162,low,2,5.0,6.0,5.4,A,1.0
8163,low,2,24.0,3.0,9.0,A,15.0
8164,none,1,21.0,10.0,7.8,A,0.8
8165,high,0,9.0,4.0,7.2,A,-100.0
8166,medium,4,12.0,0.0,8.7,B,15.0
8167,high,2,18.0,20.0,8.9,A,-16.8
8168,high,0,5.0,11.0,4.6,D,-100.0
8169,medium,1,10.0,4.0,3.4,A,-12.2
8170,low,2,9.0,23.0,3.1,A,-11.8
8171,high,0,15.0,9.0,2.8,A,-100.0
8172,low,1,14.0,7.0,8.8,A,15.0
8173,none,1,26.0,43.0,6.4,A,-7.1
8174,high,3,21.0,3.0,3.9,A,-100.0
8175,high,0,6.0,4.0,3.4,A,-100.0
8176,low,1,0.0,27.0,,D,
8177,medium,0,15.0,40.0,3.3,A,-12.8
8178,high,1,7.0,2.0,7.9,A,-100.0
8179,medium,2,10.0,14.0,2.7,A,-16.1
8180,high,1,7.0,1.0,1.3,A,-100.0
8181,high,0,2.0,2.0,7.7,A,-100.0
8182,low,3,19.0,26.0,1.1,C,-100.0
8183,high,1,7.0,50.0,6.7,A,-100.0
8184,low,1,13.0,19.0,7.3,A,10.9
8185,high,2,13.0,10.0,6.8,A,-100.0
8186,low,2,26.0,11.0,5.0,A,-3.2
8187,,1,40.0,1.0,8.5,A,2.7
8188,low,2,10.0,12.0,9.5,A,15.0
8189,low,2,13.0,34.0,9.5,A,15.0
8190,low,3,9.0,0.0,5.9,A,3.3
8191,high,2,10.0,15.0,5.0,D,-100.0
8192,low,3,,6.0,1.6,C,
8193,low,2,11.0,2.0,7.0,A,9.2
8194,high,3,4.0,2.0,8.2,A,-19.6
8195,low,0,15.0,13.0,3.5,A,-10.1
8196,high,0,7.0,11.0,1.3,A,-100.0
8197,low,0,5.0,16.0,3.1,A,-11.3
8198,high,1,9.0,21.0,7.2,A,-100.0
8199,medium,2,15.0,48.0,8.2,D,14.0
8200,high,1,11.0,4.0,7.4,C,-100.0
8201,low,2,3.0,21.0,7.4,A,12.4
8202,medium,2,12.0,2.0,1.3,A,-100.0
8203,high,1,4.0,8.0,3.2,A,-100.0
8204,medium,2,9.0,1.0,6.0,A,2.0
8205,medium,2,16.0,2.0,2.9,A,-15.7
8206,high,0,13.0,4.0,1.1,A,-100.0
8207,none,1,40.0,45.0,2.6,C,-100.0
8208,high,1,4.0,12.0,7.4,A,-100.0
8209,medium,0,2.0,50.0,3.5,A,-10.3
8210,none,0,4.0,17.0,9.0,A,9.3
8211,medium,1,15.0,1.0,9.7,A,15.0
8212,none,2,23.0,10.0,5.9,A,-9.9
8213,low,3,7.0,1.0,8.8,A,15.0
8214,medium,2,11.0,9.0,7.2,C,8.5
8215,low,2,2.0,5.0,5.4,C,1.4
8216,low,2,24.0,50.0,9.3,A,15.0
8217,high,2,7.0,3.0,7.0,B,-100.0
8218,high,2,9.0,5.0,5.4,C,-100.0
8219,medium,2,7.0,1.0,9.7,C,15.0
8220,high,2,8.0,5.0,1.4,A,-100.0
8221,none,1,11.0,27.0,7.9,C,2.5
8222,high,2,5.0,9.0,5.9,A,-100.0
8223,medium,1,24.0,0.0,7.0,A,6.1
8224,low,2,8.0,14.0,1.3,A,-100.0
8225,low,1,2.0,14.0,9.2,A,15.0
8226,none,5,13.0,27.0,7.9,C,1.9
8227,none,1,19.0,4.0,2.9,D,-100.0
8228,medium,3,2.0,9.0,4.3,A,-6.6
8229,high,1,17.0,8.0,9.5,C,-13.5
8230,low,1,8.0,46.0,6.6,B,7.9
8231,low,1,5.0,20.0,9.0,A,15.0
8232,high,1,2.0,29.0,9.2,A,-13.4
8233,low,3,12.0,2.0,8.9,A,15.0
8234,high,3,7.0,22.0,4.6,A,-100.0
8235,low,3,23.0,17.0,6.8,D,7.0
8236,low,2,1.0,11.0,9.4,A,15.0
8237,medium,1,1.0,20.0,7.3,A,10.3
8238,high,0,9.0,5.0,4.8,D,-100.0
8239,medium,3,1.0,1.0,7.2,A,9.3
8240,high,2,9.0,19.0,2.3,C,-100.0
8241,high,1,17.0,4.0,1.4,A,-100.0
8242,high,2,4.0,16.0,1.7,A,-100.0
8243,low,3,2.0,6.0,10.0,B,15.0
8244,low,1,9.0,7.0,6.4,B,6.3
8245,high,0,5.0,2.0,8.5,A,-17.7
8246,high,0,2.0,35.0,3.7,A,-100.0
8247,none,3,2.0,1.0,1.6,A,-100.0
8248,low,1,13.0,23.0,7.9,B,14.3
8249,low,1,2.0,4.0,7.9,A,15.0
8250,high,2,18.0,1.0,6.1,A,-100.0
8251,none,2,9.0,2.0,1.4,A,-100.0
8252,low,2,3.0,0.0,1.7,A,-19.1
8253,none,3,11.0,9.0,6.3,B,-6.7
8254,low,2,24.0,38.0,9.5,A,15.0
8255,high,2,2.0,5.0,9.8,C,-10.4
8256,low,2,19.0,11.0,9.8,D,15.0
8257,low,2,6.0,5.0,9.3,A,15.0
8258,high,2,15.0,1.0,8.1,A,-100.0
8259,medium,0,1.0,42.0,9.1,C,15.0
8260,high,4,19.0,5.0,3.4,D,-100.0
8261,high,2,24.0,26.0,9.7,A,-13.0
8262,none,2,21.0,15.0,2.6,A,-100.0
8263,,1,6.0,3.0,8.7,A,7.2
8264,medium,0,7.0,1.0,7.6,B,11.2
8265,low,0,16.0,12.0,5.3,A,-0.3
8266,low,1,9.0,11.0,7.5,A,12.4
8267,low,5,20.0,19.0,7.9,B,13.1
8268,none,1,17.0,14.0,6.0,A,-8.7
8269,high,3,22.0,26.0,9.6,A,-13.4
8270,none,1,4.0,2.0,1.4,C,-100.0
8271,high,2,7.0,17.0,9.9,A,-10.3
8272,low,1,17.0,5.0,8.4,C,15.0
8273,none,1,2.0,12.0,1.4,A,-100.0
8274,high,0,15.0,16.0,1.3,A,-100.0
8275,low,0,8.0,2.0,9.0,A,15.0
8276,high,3,3.0,9.0,7.8,A,-100.0
8277,high,2,17.0,3.0,3.7,C,-100.0
8278,none,0,9.0,9.0,8.5,D,5.9
8279,low,1,8.0,17.0,6.0,A,4.3
8280,high,3,4.0,2.0,8.8,B,-16.3
8281,high,1,6.0,19.0,1.5,B,-100.0
8282,low,4,11.0,1.0,6.5,A,6.3
8283,low,2,0.0,12.0,10.0,B,15.0
8284,low,3,5.0,0.0,8.7,C,15.0
8285,high,1,17.0,0.0,9.4,A,-14.1
8286,low,1,5.0,6.0,5.8,A,3.4
8287,high,2,11.0,1.0,6.8,A,-100.0
8288,high,0,6.0,5.0,7.8,B,-100.0
8289,none,0,8.0,3.0,1.4,A,-100.0
8290,high,1,14.0,0.0,3.5,A,-100.0
8291,low,1,3.0,18.0,8.3,A,15.0
8292,medium,1,10.0,1.0,6.1,C,2.6
8293,low,1,8.0,15.0,3.5,D,-9.5
8294,none,2,3.0,44.0,8.3,A,5.6
8295,none,2,15.0,4.0,9.0,A,7.8
8296,medium,3,4.0,12.0,2.8,A,-15.1
8297,high,1,13.0,11.0,2.3,B,-100.0
8298,medium,0,11.0,13.0,1.2,A,-100.0
8299,low,3,9.0,13.0,5.0,A,-1.6
8300,low,1,11.0,35.0,9.9,A,15.0
8301,low,2,4.0,12.0,2.0,C,-17.5
8302,high,0,9.0,0.0,5.5,A,-100.0
8303,none,6,6.0,2.0,3.9,A,-19.7
8304,,1,9.0,1.0,9.1,C,9.1
8305,none,2,1.0,5.0,2.0,C,-100.0
8306,high,1,10.0,2.0,5.4,B,-100.0
8307,high,0,11.0,6.0,7.6,D,-100.0
8308,medium,1,5.0,10.0,3.0,A,-13.9
8309,medium,1,9.0,11.0,6.5,A,5.0
8310,medium,2,2.0,9.0,9.5,B,15.0
8311,medium,2,3.0,9.0,3.8,A,-9.4
8312,none,4,7.0,13.0,9.0,A,8.5
8313,low,1,4.0,9.0,8.9,B,15.0
8314,low,2,1.0,9.0,9.4,A,15.0
8315,high,2,10.0,3.0,2.2,A,-100.0
8316,medium,5,5.0,19.0,8.4,A,15.0
8317,medium,1,0.0,7.0,2.5,A,-16.2
8318,none,1,2.0,0.0,9.6,A,12.5
8319,low,6,8.0,4.0,7.5,C,11.9
8320,low,0,21.0,6.0,3.8,A,-9.1
8321,low,1,5.0,3.0,3.6,A,-8.8
8322,none,1,12.0,16.0,2.7,B,-100.0
8323,none,1,11.0,24.0,7.7,A,1.4
8324,low,0,10.0,12.0,3.8,B,-8.0
8325,low,3,5.0,3.0,8.9,A,15.0
8326,medium,2,12.0,46.0,4.7,A,-5.0
8327,high,2,3.0,7.0,1.9,C,-100.0
8328,high,0,12.0,50.0,3.5,A,-100.0
8329,high,0,5.0,2.0,1.5,A,-100.0
8330,medium,2,12.0,4.0,9.9,A,15.0
8331,high,2,14.0,20.0,7.5,B,-100.0
8332,low,3,22.0,10.0,9.6,C,15.0
8333,low,2,2.0,10.0,3.4,D,-9.6
8334,high,3,2.0,22.0,3.9,A,-100.0
8335,high,1,10.0,28.0,5.5,A,-100.0
8336,low,6,2.0,1.0,9.9,A,15.0
8337,low,4,4.0,13.0,8.3,A,15.0
8338,medium,0,3.0,1.0,5.9,A,2.3
8339,high,1,3.0,0.0,9.6,A,-11.6
8340,low,2,8.0,17.0,5.6,A,2.0
8341,low,0,5.0,13.0,4.1,C,-5.8
8342,medium,3,7.0,1.0,9.0,B,15.0
8343,high,2,1.0,11.0,4.1,A,-100.0
8344,low,0,8.0,25.0,2.2,A,-16.5
8345,none,3,20.0,12.0,7.4,C,-1.5
8346,high,1,4.0,23.0,9.0,A,-14.8
8347,none,2,9.0,17.0,8.6,A,6.4
8348,high,2,3.0,1.0,2.5,A,-100.0
8349,medium,1,8.0,17.0,4.5,A,-5.9
8350,high,0,6.0,24.0,8.1,A,-19.8
8351,high,1,10.0,1.0,2.9,A,-100.0
8352,none,4,6.0,5.0,5.2,D,-12.3
8353,high,2,16.0,29.0,4.6,A,-100.0
8354,high,2,9.0,13.0,9.3,C,-13.8
8355,medium,2,9.0,6.0,8.0,A,13.1
8356,none,1,27.0,9.0,9.6,A,10.1
8357,medium,1,3.0,3.0,5.6,B,0.6
8358,medium,1,3.0,21.0,8.8,C,15.0
8359,medium,1,3.0,42.0,9.6,D,15.0
8360,medium,3,11.0,15.0,4.3,A,-7.5
8361,medium,1,10.0,11.0,7.8,A,12.0
8362,low,2,12.0,1.0,4.5,A,-4.6
8363,high,0,1.0,12.0,1.8,A,-100.0
8364,low,3,19.0,2.0,4.8,C,-3.8
8365,low,1,18.0,1.0,2.2,A,-17.8
8366,low,0,5.0,6.0,8.5,A,15.0
8367,medium,1,13.0,45.0,8.6,C,15.0
8368,medium,1,9.0,29.0,7.4,C,10.1
8369,high,2,3.0,7.0,3.0,A,-100.0
8370,medium,2,35.0,3.0,2.5,C,-19.8
8371,medium,2,7.0,50.0,1.7,A,-100.0
8372,high,2,,2.0,8.8,C,
8373,high,0,9.0,6.0,7.7,B,-100.0
8374,high,0,8.0,16.0,9.6,B,-11.8
8375,high,2,12.0,8.0,8.6,A,-18.0
8376,none,2,5.0,11.0,6.9,A,-2.6
8377,high,0,5.0,5.0,9.3,D,-13.3
8378,high,1,7.0,15.0,9.8,A,-10.8
8379,high,1,17.0,11.0,7.8,A,-100.0
8380,high,0,7.0,10.0,2.9,C,-100.0
8381,none,0,12.0,2.0,3.9,A,-19.7
8382,low,2,6.0,21.0,1.8,C,-18.7
8383,high,1,7.0,7.0,4.9,A,-100.0
8384,none,2,14.0,6.0,6.3,A,-6.9
8385,low,0,4.0,5.0,1.1,A,-100.0
8386,low,3,3.0,8.0,9.5,D,15.0
8387,medium,0,32.0,3.0,6.9,A,4.9
8388,low,1,8.0,5.0,7.4,C,11.9
8389,high,3,11.0,5.0,7.3,C,-100.0
8390,medium,0,29.0,26.0,1.8,A,-100.0
8391,none,3,2.0,1.0,5.4,A,-10.8
8392,high,0,8.0,4.0,3.2,A,-100.0
8393,medium,2,19.0,1.0,9.8,A,15.0
8394,medium,0,24.0,13.0,4.6,A,-6.8
8395,medium,1,3.0,34.0,9.4,B,15.0
8396,medium,2,8.0,11.0,3.7,C,-10.4
8397,low,0,23.0,2.0,9.0,A,15.0
8398,medium,1,20.0,9.0,7.0,B,6.6
8399,high,2,13.0,1.0,2.1,A,-100.0
8400,none,2,8.0,6.0,1.1,C,-100.0
8401,medium,1,4.0,5.0,1.8,A,-100.0
8402,low,0,18.0,17.0,5.6,C,1.2
8403,high,0,15.0,2.0,6.2,A,-100.0
8404,low,0,3.0,44.0,5.5,B,2.4
8405,low,2,2.0,10.0,3.2,C,-10.7
8406,medium,4,15.0,18.0,9.9,A,15.0
8407,none,5,16.0,5.0,1.7,B,-100.0
8408,none,2,26.0,5.0,4.4,A,-18.5
8409,high,2,5.0,18.0,8.2,A,-19.4
8410,low,0,6.0,17.0,1.4,A,-100.0
8411,none,0,22.0,16.0,2.8,C,-100.0
8412,none,0,13.0,1.0,8.1,B,3.3
8413,low,3,9.0,6.0,7.9,A,14.3
8414,medium,0,16.0,2.0,4.9,B,-4.5
8415,high,4,6.0,9.0,1.8,C,-100.0
8416,medium,3,6.0,4.0,9.2,A,15.0
8417,high,2,8.0,35.0,9.9,A,-10.2
8418,low,2,18.0,16.0,5.9,A,2.6
8419,none,1,3.0,2.0,1.7,A,-100.0
8420,medium,0,18.0,35.0,8.8,D,15.0
8421,high,2,13.0,7.0,7.6,A,-100.0
8422,low,2,13.0,1.0,7.8,A,13.4
8423,medium,4,2.0,7.0,9.1,A,15.0
8424,high,0,40.0,3.0,6.0,A,-100.0
8425,medium,1,6.0,15.0,9.1,A,15.0
8426,medium,2,31.0,6.0,1.7,C,-100.0
8427,medium,0,8.0,12.0,3.4,C,-11.9
8428,none,3,2.0,13.0,9.5,A,11.9
8429,high,3,1.0,1.0,5.8,A,-100.0
8430,none,0,11.0,3.0,3.2,A,-100.0
8431,medium,1,13.0,2.0,9.0,A,15.0
8432,high,3,8.0,2.0,3.4,A,-100.0
8433,low,0,2.0,2.0,4.3,A,-4.5
8434,medium,4,22.0,20.0,7.7,A,10.1
8435,low,0,11.0,7.0,9.3,A,15.0
8436,,2,18.0,16.0,8.5,A,4.9
8437,none,2,13.0,16.0,6.4,A,-6.1
8438,high,4,12.0,7.0,1.7,B,-100.0
8439,high,0,7.0,31.0,1.1,A,-100.0
8440,high,0,3.0,2.0,7.9,A,-100.0
8441,low,4,8.0,24.0,8.7,A,15.0
8442,low,2,1.0,26.0,3.7,D,-7.7
8443,high,0,9.0,5.0,8.4,A,-18.7
8444,high,1,24.0,3.0,2.1,A,-100.0
8445,high,0,6.0,35.0,3.5,B,-100.0
8446,medium,2,1.0,0.0,8.6,C,15.0
8447,high,0,19.0,8.0,2.0,A,-100.0
8448,medium,2,11.0,10.0,8.5,A,15.0
8449,high,1,10.0,1.0,8.5,A,-18.3
8450,none,2,,7.0,6.1,C,
8451,low,2,13.0,37.0,1.2,B,-100.0
8452,high,1,,8.0,9.2,C,
8453,low,5,9.0,3.0,2.7,A,-14.5
8454,high,3,11.0,5.0,9.3,A,-14.2
8455,medium,3,14.0,2.0,9.9,A,15.0
8456,medium,2,10.0,11.0,8.4,C,15.0
8457,medium,2,8.0,15.0,1.4,A,-100.0
8458,low,2,4.0,1.0,9.1,C,15.0
8459,low,1,7.0,1.0,3.1,A,-11.7
8460,high,2,8.0,3.0,5.0,C,-100.0
8461,low,2,9.0,11.0,9.7,B,15.0
8462,low,2,28.0,27.0,9.2,A,15.0
8463,high,0,3.0,8.0,9.3,A,-13.1
8464,medium,2,8.0,10.0,9.5,A,15.0
8465,low,2,10.0,22.0,2.2,A,-16.9
8466,low,1,3.0,5.0,9.5,A,15.0
8467,low,3,6.0,9.0,8.1,D,15.0
8468,low,2,7.0,5.0,8.5,A,15.0
8469,medium,1,10.0,7.0,8.1,A,13.7
8470,medium,2,6.0,10.0,8.6,A,15.0
8471,medium,1,28.0,8.0,10.0,A,15.0
8472,high,2,17.0,23.0,3.9,A,-100.0
8473,low,0,8.0,3.0,6.1,A,4.8
8474,medium,0,12.0,4.0,8.3,A,14.6
8475,low,1,10.0,4.0,8.5,A,15.0
8476,medium,1,20.0,24.0,4.4,A,-7.5
8477,high,2,4.0,9.0,8.2,A,-19.4
8478,none,1,16.0,12.0,1.3,A,-100.0
8479,high,2,13.0,4.0,1.3,B,-100.0
8480,medium,1,6.0,4.0,8.1,A,14.0
8481,low,0,10.0,8.0,1.8,B,-19.0
8482,high,1,6.0,27.0,9.8,A,-10.5
8483,high,0,2.0,1.0,2.7,A,-100.0
8484,high,1,12.0,38.0,9.2,A,-14.3
8485,high,1,7.0,20.0,6.8,A,-100.0
8486,medium,6,3.0,8.0,8.8,A,15.0
8487,low,5,14.0,18.0,3.1,C,-12.7
8488,medium,0,8.0,37.0,8.8,A,15.0
8489,high,2,1.0,11.0,5.5,A,-100.0
8490,low,2,37.0,1.0,4.7,A,-6.0
8491,,1,11.0,18.0,3.0,A,-100.0
8492,medium,5,19.0,5.0,3.3,D,-14.1
8493,high,2,3.0,3.0,7.2,A,-100.0
8494,high,2,8.0,25.0,9.9,A,-10.3
8495,none,2,6.0,5.0,1.7,A,-100.0
8496,high,1,8.0,22.0,9.0,A,-15.2
8497,high,1,20.0,43.0,3.6,A,-100.0
8498,high,3,1.0,8.0,9.8,A,-10.4
8499,high,3,24.0,1.0,7.5,A,-100.0
8500,high,0,16.0,9.0,9.3,A,-14.4
8501,medium,0,11.0,5.0,1.7,A,-100.0
8502,medium,1,21.0,21.0,3.2,A,-14.3
8503,medium,2,13.0,26.0,7.5,A,10.1
8504,medium,1,9.0,8.0,3.6,C,-11.0
8505,none,1,9.0,27.0,7.5,A,0.5
8506,low,0,10.0,50.0,7.0,A,10.0
8507,medium,0,21.0,2.0,8.3,A,13.7
8508,low,0,2.0,6.0,5.4,C,1.6
8509,low,0,4.0,10.0,1.2,A,-100.0
8510,high,2,16.0,1.0,8.4,B,-19.6
8511,high,3,11.0,40.0,1.4,A,-100.0
8512,high,1,6.0,1.0,3.7,B,-100.0
8513,medium,1,7.0,14.0,8.6,A,15.0
8514,none,1,3.0,12.0,8.8,A,8.1
8515,low,0,10.0,4.0,8.9,A,15.0
8516,none,4,15.0,36.0,5.3,A,-12.4
8517,,2,5.0,4.0,3.2,A,-100.0
8518,medium,1,4.0,6.0,8.8,A,15.0
8519,none,1,8.0,3.0,4.7,A,-15.0
8520,medium,2,4.0,11.0,9.4,A,15.0
8521,high,0,5.0,3.0,8.7,A,-16.6
8522,medium,0,2.0,17.0,9.3,A,15.0
8523,medium,2,10.0,8.0,9.0,A,15.0
8524,none,0,2.0,38.0,4.6,A,-14.5
8525,high,2,10.0,11.0,5.7,A,-100.0
8526,low,3,9.0,36.0,3.7,A,-8.5
8527,none,3,9.0,2.0,8.4,A,5.0
8528,low,1,2.0,1.0,8.2,C,15.0
8529,medium,3,7.0,8.0,9.7,B,15.0
8530,high,2,7.0,14.0,6.2,A,-100.0
8531,low,2,19.0,4.0,4.9,A,-3.1
8532,medium,4,17.0,8.0,1.5,A,-100.0
8533,low,2,5.0,2.0,8.5,C,15.0
8534,medium,0,1.0,1.0,8.6,B,15.0
8535,high,3,8.0,10.0,3.5,A,-100.0
8536,medium,0,6.0,37.0,8.3,A,15.0
8537,low,2,9.0,9.0,9.7,A,15.0
8538,medium,0,6.0,17.0,2.8,A,-14.9
8539,medium,1,19.0,0.0,8.3,A,13.8
8540,high,1,15.0,28.0,1.4,A,-100.0
8541,high,5,15.0,1.0,7.0,B,-100.0
8542,medium,2,9.0,25.0,4.4,A,-6.5
8543,low,2,18.0,7.0,7.1,C,9.1
8544,low,0,10.0,1.0,8.8,C,15.0
8545,,0,16.0,0.0,10.0,C,13.4
8546,medium,0,3.0,14.0,9.9,A,15.0
8547,none,2,12.0,8.0,4.2,A,-18.2
8548,low,0,9.0,7.0,4.2,A,-5.7
8549,medium,2,16.0,32.0,9.7,C,15.0
8550,none,2,7.0,9.0,7.1,B,-1.8
8551,medium,5,8.0,9.0,7.2,A,8.5
8552,high,1,6.0,0.0,6.1,C,-100.0
8553,medium,1,15.0,6.0,9.3,C,15.0
8554,medium,2,16.0,6.0,9.4,A,15.0
8555,medium,1,7.0,1.0,8.4,A,15.0
8556,high,3,3.0,2.0,6.0,C,-100.0
8557,high,3,6.0,4.0,9.2,A,-14.3
8558,low,3,19.0,19.0,8.6,A,15.0
8559,medium,1,5.0,10.0,7.1,A,8.7
8560,low,0,8.0,6.0,9.1,B,15.0
8561,medium,1,6.0,5.0,8.8,A,15.0
8562,low,1,8.0,8.0,9.5,A,15.0
8563,high,0,17.0,24.0,4.6,A,-100.0
8564,medium,4,4.0,9.0,2.3,A,-17.9
8565,low,2,10.0,8.0,8.0,A,14.9
8566,low,2,4.0,13.0,3.5,C,-9.2
8567,low,2,,0.0,5.8,C,
8568,medium,0,6.0,31.0,3.0,A,-13.7
8569,low,2,4.0,7.0,9.8,A,15.0
8570,none,3,4.0,2.0,9.9,A,13.8
8571,high,1,23.0,15.0,3.3,A,-100.0
8572,low,0,11.0,15.0,2.9,C,-13.0
8573,none,2,31.0,16.0,6.1,C,-9.6
8574,high,0,15.0,50.0,5.8,C,-100.0
8575,low,0,37.0,39.0,9.9,C,15.0
8576,medium,2,1.0,6.0,3.7,A,-9.8
8577,low,4,7.0,11.0,5.1,A,-0.9
8578,low,1,22.0,8.0,8.7,C,15.0
8579,high,0,15.0,5.0,3.4,D,-100.0
8580,high,0,10.0,21.0,5.0,A,-100.0
8581,low,2,25.0,5.0,4.9,A,-3.7
8582,medium,3,13.0,19.0,7.4,A,9.4
8583,low,3,13.0,18.0,3.3,A,-11.3
8584,low,1,8.0,3.0,7.4,A,11.8
8585,medium,3,14.0,25.0,1.0,A,-100.0
8586,none,2,12.0,14.0,5.3,A,-12.1
8587,medium,4,3.0,4.0,3.8,A,-9.6
8588,medium,0,1.0,23.0,7.4,A,10.9
8589,low,1,16.0,5.0,8.0,A,14.3
8590,low,1,3.0,17.0,8.2,A,15.0
8591,low,0,4.0,36.0,3.2,B,-10.4
8592,medium,2,8.0,4.0,3.3,A,-12.7
8593,none,0,10.0,1.0,1.2,A,-100.0
8594,high,2,7.0,8.0,1.2,A,-100.0
8595,low,1,11.0,1.0,7.3,A,11.0
8596,low,3,7.0,4.0,4.6,A,-3.7
8597,high,0,2.0,3.0,3.7,A,-100.0
8598,high,1,19.0,6.0,4.3,A,-100.0
8599,medium,2,2.0,0.0,6.5,C,5.5
8600,none,0,5.0,50.0,9.9,A,14.5
8601,low,3,7.0,22.0,4.2,A,-5.7
8602,low,0,8.0,14.0,7.4,A,12.0
8603,low,1,10.0,12.0,3.1,A,-11.9
8604,medium,0,9.0,4.0,7.2,A,8.9
8605,low,3,10.0,14.0,7.9,A,14.3
8606,high,2,11.0,7.0,9.2,A,-14.6
8607,,1,8.0,2.0,6.8,B,-3.5
8608,high,3,11.0,6.0,3.2,A,-100.0
8609,medium,2,3.0,5.0,3.4,A,-11.6
8610,high,0,25.0,1.0,8.3,D,-100.0
8611,low,2,,4.0,9.3,C,
8612,low,0,14.0,5.0,7.4,A,11.3
8613,medium,2,5.0,12.0,9.2,A,15.0
8614,medium,1,10.0,3.0,5.4,A,-1.3
8615,none,2,0.0,10.0,2.4,A,-100.0
8616,low,2,3.0,13.0,8.7,A,15.0
8617,high,1,15.0,9.0,4.4,B,-100.0
8618,high,1,3.0,11.0,5.8,A,-100.0
8619,high,0,3.0,3.0,3.5,A,-100.0
8620,medium,3,27.0,1.0,6.0,D,0.1
8621,low,1,10.0,15.0,2.7,A,-14.1
8622,low,2,6.0,7.0,8.8,D,15.0
8623,high,1,6.0,2.0,7.9,A,-100.0
8624,high,2,13.0,2.0,7.2,B,-100.0
8625,low,1,3.0,49.0,5.5,A,2.3
8626,low,5,10.0,11.0,8.9,A,15.0
8627,medium,4,12.0,3.0,8.9,A,15.0
8628,high,2,18.0,21.0,3.8,A,-100.0
8629,high,2,4.0,2.0,5.9,A,-100.0
8630,high,0,33.0,13.0,5.6,A,-100.0
8631,none,1,16.0,10.0,2.1,A,-100.0
8632,high,2,13.0,1.0,9.9,B,-11.0
8633,low,1,6.0,10.0,4.6,A,-3.3
8634,low,1,11.0,21.0,5.1,A,-0.9
8635,none,1,4.0,6.0,1.6,A,-100.0
8636,none,0,13.0,1.0,2.4,C,-100.0
8637,none,3,28.0,16.0,8.4,C,3.3
8638,high,2,8.0,0.0,8.8,C,-16.6
8639,low,1,3.0,29.0,9.7,C,15.0
8640,none,1,21.0,8.0,8.7,A,5.7
8641,none,3,11.0,2.0,8.0,C,2.6
8642,medium,0,22.0,25.0,2.0,A,-100.0
8643,medium,3,13.0,13.0,3.0,A,-14.8
8644,high,0,19.0,0.0,8.2,C,-100.0
8645,none,1,23.0,15.0,8.1,C,2.3
8646,high,6,4.0,28.0,5.3,A,-100.0
8647,medium,0,15.0,4.0,8.2,C,13.8
8648,high,0,5.0,25.0,7.3,A,-100.0
8649,high,0,18.0,46.0,9.3,A,-14.2
8650,low,0,16.0,6.0,9.5,A,15.0
8651,high,2,20.0,7.0,3.2,B,-100.0
8652,high,2,5.0,14.0,1.6,A,-100.0
8653,high,2,13.0,1.0,9.9,C,-11.0
8654,high,0,10.0,1.0,1.8,A,-100.0
8655,high,3,5.0,38.0,3.9,A,-100.0
8656,high,2,7.0,19.0,2.0,A,-100.0
8657,low,1,13.0,3.0,8.9,A,15.0
8658,medium,1,13.0,16.0,3.3,A,-13.0
8659,low,4,6.0,9.0,9.7,A,15.0
8660,high,2,10.0,5.0,6.5,A,-100.0
8661,low,2,3.0,4.0,8.4,C,15.0
8662,low,0,6.0,3.0,9.2,A,15.0
8663,low,3,10.0,18.0,9.6,A,15.0
8664,high,1,2.0,4.0,9.8,A,-10.4
8665,high,3,9.0,8.0,1.6,C,-100.0
8666,none,1,6.0,21.0,9.7,C,12.9
8667,high,2,4.0,2.0,6.6,C,-100.0
8668,none,2,7.0,15.0,9.9,A,13.7
8669,,1,9.0,37.0,7.3,A,-0.5
8670,high,0,19.0,50.0,9.6,B,-12.6
8671,medium,1,12.0,12.0,4.9,A,-4.1
8672,high,0,15.0,6.0,5.9,B,-100.0
8673,medium,2,6.0,21.0,8.6,C,15.0
8674,medium,4,15.0,10.0,9.9,A,15.0
8675,low,1,9.0,0.0,8.0,A,15.0
8676,medium,0,17.0,2.0,6.7,B,5.3
8677,high,3,6.0,8.0,9.6,C,-12.0
8678,none,3,17.0,8.0,9.0,B,7.6
8679,high,1,15.0,2.0,2.3,A,-100.0
8680,none,0,11.0,2.0,6.8,A,-3.7
8681,low,2,13.0,37.0,8.9,A,15.0
8682,high,3,15.0,11.0,9.6,A,-12.9
8683,low,5,6.0,1.0,2.4,A,-15.9
8684,none,4,4.0,11.0,9.9,A,13.8
8685,low,3,2.0,1.0,3.5,A,-9.2
8686,low,4,2.0,6.0,8.5,C,15.0
8687,high,5,2.0,22.0,9.7,D,-11.1
8688,high,2,6.0,1.0,8.8,A,-16.4
8689,low,0,7.0,5.0,5.6,A,2.2
8690,high,2,8.0,6.0,8.4,A,-18.7
8691,,2,10.0,31.0,9.4,A,10.8
8692,none,0,2.0,14.0,5.0,A,-12.6
8693,low,3,19.0,7.0,3.0,C,-13.6
8694,low,1,21.0,7.0,2.7,B,-15.3
8695,none,2,18.0,9.0,4.8,A,-15.5
8696,low,3,3.0,22.0,4.8,A,-2.0
8697,none,2,3.0,32.0,9.4,A,11.5
8698,medium,2,10.0,5.0,8.5,A,15.0
8699,low,1,19.0,20.0,1.3,A,-100.0
8700,medium,5,,4.0,8.5,C,
8701,low,3,40.0,19.0,2.1,B,-100.0
8702,high,2,4.0,10.0,9.3,B,-13.3
8703,none,1,4.0,6.0,7.9,A,3.0
8704,medium,2,17.0,12.0,5.2,C,-3.1
8705,low,1,15.0,10.0,6.2,A,4.6
8706,low,2,14.0,5.0,9.2,C,15.0
8707,,3,13.0,6.0,9.7,A,11.8
8708,medium,1,7.0,1.0,9.9,A,15.0
8709,low,4,8.0,22.0,8.1,A,15.0
8710,none,1,14.0,29.0,7.9,B,2.3
8711,low,1,6.0,1.0,3.0,B,-12.2
8712,low,1,8.0,8.0,8.6,A,15.0
8713,none,2,2.0,25.0,1.6,A,-100.0
8714,low,2,10.0,4.0,6.8,A,8.2
8715,none,2,5.0,27.0,8.8,A,8.0
8716,high,1,2.0,10.0,9.4,A,-12.5
8717,low,3,9.0,1.0,7.6,A,12.6
8718,low,0,13.0,6.0,8.7,A,15.0
8719,low,0,11.0,8.0,4.1,A,-6.5
8720,low,1,22.0,27.0,4.4,A,-5.8
8721,low,3,8.0,1.0,9.7,C,15.0
8722,high,4,6.0,26.0,1.9,A,-100.0
8723,low,1,19.0,11.0,1.7,B,-100.0
8724,high,1,4.0,1.0,4.1,A,-100.0
8725,low,0,5.0,4.0,9.9,B,15.0
8726,high,0,18.0,18.0,9.7,C,-12.3
8727,none,1,6.0,12.0,1.4,A,-100.0
8728,medium,1,8.0,7.0,1.1,A,-100.0
8729,medium,1,4.0,28.0,3.5,A,-10.8
8730,low,5,10.0,7.0,2.2,B,-17.3
8731,low,1,4.0,29.0,9.1,A,15.0
8732,none,1,5.0,7.0,3.3,C,-100.0
8733,high,2,7.0,12.0,7.9,D,-100.0
8734,none,0,19.0,3.0,3.0,A,-100.0
8735,low,1,3.0,8.0,3.1,A,-11.3
8736,medium,3,17.0,6.0,9.5,A,15.0
8737,medium,2,16.0,1.0,3.1,A,-14.6
8738,medium,3,3.0,13.0,9.3,C,15.0
8739,high,1,14.0,1.0,7.9,A,-100.0
8740,low,1,5.0,2.0,2.1,A,-17.0
8741,medium,0,7.0,6.0,7.1,D,8.5
8742,medium,2,18.0,2.0,5.5,A,-1.6
8743,low,0,12.0,20.0,4.2,C,-5.9
8744,medium,1,7.0,7.0,5.4,A,-0.9
8745,high,0,14.0,11.0,4.4,A,-100.0
8746,none,2,3.0,1.0,9.0,A,9.0
8747,high,2,2.0,17.0,9.4,A,-12.5
8748,medium,1,10.0,15.0,1.9,C,-100.0
8749,low,2,12.0,19.0,9.2,D,15.0
8750,medium,1,8.0,12.0,4.4,C,-6.4
8751,low,0,18.0,14.0,1.4,A,-100.0
8752,medium,2,16.0,13.0,9.5,A,15.0
8753,low,0,23.0,5.0,8.4,A,15.0
8754,low,2,1.0,3.0,6.7,A,8.6
8755,none,3,10.0,37.0,3.9,A,-19.5
8756,high,2,10.0,2.0,1.9,B,-100.0
8757,medium,0,13.0,20.0,8.9,A,15.0
8758,,0,9.0,21.0,5.7,A,-9.3
8759,low,0,13.0,11.0,4.1,A,-6.6
8760,low,0,20.0,20.0,3.6,C,-10.0
8761,high,1,12.0,4.0,2.8,A,-100.0
8762,medium,6,9.0,6.0,1.7,A,-100.0
8763,low,3,10.0,23.0,2.0,A,-18.1
8764,high,3,13.0,11.0,9.1,C,-15.4
8765,medium,1,19.0,25.0,5.2,A,-3.0
8766,medium,2,11.0,11.0,5.6,C,-0.3
8767,medium,1,15.0,19.0,6.9,A,6.7
8768,high,4,4.0,19.0,3.8,C,-100.0
8769,high,1,4.0,1.0,6.5,A,-100.0
8770,medium,2,11.0,4.0,9.6,A,15.0
8771,low,1,22.0,2.0,7.5,A,11.0
8772,low,3,27.0,23.0,9.8,A,15.0
8773,medium,1,13.0,3.0,1.4,A,-100.0
8774,none,2,8.0,5.0,8.8,A,7.4
8775,high,0,7.0,9.0,1.3,A,-100.0
8776,none,4,5.0,12.0,1.7,A,-100.0
8777,low,1,11.0,38.0,2.9,A,-12.9
8778,none,0,12.0,4.0,8.3,A,4.5
8779,medium,2,5.0,15.0,1.7,D,-100.0
8780,,5,2.0,10.0,7.5,A,0.6
8781,high,1,14.0,0.0,6.7,A,-100.0
8782,medium,0,13.0,11.0,8.8,A,15.0
8783,high,0,8.0,11.0,5.3,A,-100.0
8784,medium,1,8.0,1.0,3.5,A,-11.5
8785,low,0,8.0,15.0,2.4,A,-15.5
8786,high,2,28.0,1.0,2.0,C,-100.0
8787,low,0,5.0,3.0,7.1,A,10.6
8788,medium,3,6.0,4.0,9.1,A,15.0
8789,,0,11.0,3.0,9.6,B,11.7
8790,low,0,12.0,50.0,8.2,C,15.0
8791,low,1,21.0,11.0,4.2,A,-7.0
8792,low,0,10.0,1.0,1.7,A,-19.6
8793,low,2,27.0,6.0,2.2,A,-18.7
8794,medium,1,17.0,13.0,5.1,A,-3.5
8795,medium,5,6.0,16.0,4.2,B,-7.7
8796,medium,3,5.0,33.0,7.4,A,10.4
8797,low,1,5.0,32.0,9.5,A,15.0
8798,none,1,6.0,2.0,9.3,C,10.5
8799,high,2,5.0,8.0,8.4,C,-18.4
8800,medium,1,1.0,16.0,6.7,A,6.9
8801,high,1,3.0,5.0,4.7,A,-100.0
8802,low,0,2.0,6.0,8.1,A,15.0
8803,high,1,12.0,1.0,8.9,A,-16.3
8804,high,0,12.0,6.0,1.0,C,-100.0
8805,low,3,17.0,23.0,8.2,A,15.0
8806,none,0,13.0,6.0,8.3,A,4.4
8807,low,0,5.0,28.0,7.7,A,14.1
8808,medium,2,5.0,2.0,4.3,A,-6.9
8809,medium,2,7.0,0.0,3.1,A,-13.7
8810,low,1,8.0,5.0,1.4,A,-100.0
8811,low,5,14.0,26.0,1.5,A,-100.0
8812,low,0,5.0,16.0,2.2,A,-16.2
8813,low,4,1.0,11.0,2.4,A,-15.2
8814,low,1,2.0,4.0,2.7,B,-13.4
8815,none,1,6.0,1.0,9.1,A,9.4
8816,none,1,1.0,20.0,9.6,C,12.8
8817,low,2,1.0,6.0,9.0,A,15.0
8818,none,1,13.0,37.0,2.4,A,-100.0
8819,medium,2,8.0,0.0,8.9,A,15.0
8820,medium,0,6.0,10.0,5.0,B,-2.9
8821,high,1,15.0,10.0,8.4,C,-19.3
8822,none,1,5.0,0.0,1.0,A,-100.0
8823,none,2,5.0,6.0,5.9,B,-8.2
8824,medium,1,40.0,12.0,9.6,C,15.0
8825,medium,1,3.0,7.0,2.6,A,-15.9
8826,high,3,11.0,15.0,9.9,A,-10.8
8827,low,2,11.0,27.0,8.8,A,15.0
8828,medium,1,14.0,7.0,9.6,C,15.0
8829,high,1,14.0,8.0,6.6,B,-100.0
8830,low,0,3.0,5.0,1.1,C,-100.0
8831,none,3,5.0,14.0,9.8,A,13.2
8832,low,0,15.0,1.0,9.0,A,15.0
8833,high,1,40.0,3.0,9.2,A,-17.5
8834,low,2,17.0,18.0,9.1,A,15.0
8835,low,0,4.0,1.0,9.4,C,15.0
8836,low,2,3.0,6.0,8.3,A,15.0
8837,low,1,5.0,2.0,9.7,C,15.0
8838,high,2,0.0,5.0,2.9,A,-100.0
8839,medium,2,7.0,15.0,9.9,C,15.0
8840,high,1,4.0,2.0,9.3,A,-13.3
8841,low,0,7.0,6.0,5.6,C,2.2
8842,medium,0,3.0,7.0,4.3,A,-6.5
8843,high,1,5.0,6.0,8.8,A,-16.1
8844,high,0,1.0,0.0,,A,
8845,medium,2,9.0,7.0,8.9,C,15.0
8846,medium,2,22.0,8.0,5.4,A,-2.5
8847,high,0,7.0,10.0,7.4,C,-100.0
8848,low,2,2.0,1.0,8.6,D,15.0
8849,low,3,8.0,6.0,1.2,A,-100.0
8850,none,1,3.0,2.0,8.1,B,4.2
8851,none,2,22.0,29.0,2.9,C,-100.0
8852,low,1,12.0,11.0,9.0,A,15.0
8853,low,2,5.0,3.0,1.5,B,-100.0
8854,low,1,23.0,0.0,4.6,A,-5.1
8855,medium,1,6.0,5.0,9.4,A,15.0
8856,low,0,8.0,24.0,4.0,B,-6.6
8857,high,3,16.0,11.0,3.1,C,-100.0
8858,high,1,5.0,13.0,1.8,B,-100.0
8859,none,1,10.0,16.0,1.2,A,-100.0
8860,medium,1,25.0,43.0,8.1,A,12.5
8861,low,5,22.0,12.0,1.7,A,-100.0
8862,high,3,13.0,6.0,7.7,C,-100.0
8863,high,0,3.0,2.0,2.1,A,-100.0
8864,high,1,18.0,5.0,9.8,C,-11.9
8865,low,2,2.0,6.0,5.2,A,0.3
8866,none,0,10.0,49.0,7.5,A,0.7
8867,medium,2,15.0,36.0,5.2,A,-2.6
8868,none,2,7.0,21.0,4.9,A,-13.7
8869,high,1,7.0,18.0,7.0,A,
8870,high,1,13.0,10.0,3.2,D,-100.0
8871,high,5,11.0,5.0,5.6,B,-100.0
8872,high,2,9.0,4.0,2.7,A,-100.0
8873,medium,4,7.0,1.0,1.2,A,-100.0
8874,medium,2,4.0,5.0,2.7,C,-15.6
8875,low,0,1.0,11.0,6.7,B,8.9
8876,high,4,29.0,10.0,8.8,A,-18.8
8877,high,0,11.0,7.0,1.9,C,-100.0
8878,high,0,14.0,3.0,1.3,C,-100.0
8879,low,2,28.0,11.0,9.1,D,15.0
8880,medium,2,16.0,16.0,3.7,A,-11.2
8881,high,1,3.0,5.0,1.8,B,-100.0
8882,medium,3,9.0,5.0,8.2,D,14.1
8883,medium,3,6.0,45.0,2.7,A,-15.5
8884,low,0,15.0,20.0,6.5,A,6.5
8885,high,1,3.0,5.0,8.3,A,-18.7
8886,high,1,10.0,42.0,8.7,A,-16.8
8887,none,1,25.0,11.0,2.5,A,-100.0
8888,none,0,9.0,43.0,9.3,A,10.7
8889,none,1,10.0,1.0,8.3,D,4.6
8890,none,0,6.0,18.0,9.8,A,13.5
8891,medium,2,9.0,7.0,4.0,A,-8.9
8892,high,1,10.0,0.0,8.2,C,-20.0
8893,low,1,6.0,14.0,9.3,A,15.0
8894,medium,0,10.0,18.0,8.7,A,15.0
8895,low,1,13.0,8.0,8.9,C,15.0
8896,none,4,20.0,6.0,9.2,A,8.3
8897,high,6,8.0,5.0,2.2,A,-100.0
8898,low,0,3.0,18.0,6.2,A,6.0
8899,none,2,14.0,2.0,3.2,A,-100.0
8900,high,2,17.0,18.0,8.4,A,-19.5
8901,low,1,2.0,15.0,4.5,B,-3.4
8902,high,2,8.0,3.0,5.2,A,-100.0
8903,low,2,4.0,1.0,6.2,B,5.5
8904,medium,2,6.0,5.0,4.7,C,-4.8
8905,high,1,4.0,7.0,3.9,A,-100.0
8906,low,2,6.0,11.0,9.7,A,15.0
8907,low,1,5.0,13.0,6.3,A,6.2
8908,medium,0,8.0,5.0,8.8,A,15.0
8909,high,2,14.0,15.0,2.6,A,-100.0
8910,low,1,2.0,1.0,9.2,A,15.0
8911,low,4,10.0,2.0,9.8,A,15.0
8912,medium,2,6.0,3.0,5.4,A,-0.9
8913,high,2,4.0,14.0,2.5,A,-100.0
8914,low,0,6.0,16.0,4.8,A,-2.0
8915,low,1,,15.0,3.5,C,
8916,high,0,19.0,16.0,7.7,A,-100.0
8917,medium,1,22.0,1.0,,D,
8918,low,1,13.0,0.0,6.5,D,6.4
8919,none,0,7.0,4.0,3.5,D,-100.0
8920,medium,1,3.0,0.0,2.2,A,-18.2
8921,none,1,16.0,14.0,6.2,C,-7.5
8922,medium,1,4.0,3.0,3.3,A,-12.2
8923,high,2,8.0,9.0,3.3,A,-100.0
8924,high,3,11.0,2.0,7.8,A,-100.0
8925,,1,10.0,0.0,10.0,A,13.9
8926,low,2,9.0,8.0,3.4,A,-10.3
8927,medium,1,26.0,9.0,8.7,C,15.0
8928,low,2,9.0,16.0,9.7,A,15.0
8929,low,0,10.0,2.0,3.6,C,-9.2
8930,high,1,2.0,2.0,4.1,D,-100.0
8931,medium,0,7.0,1.0,4.3,C,-6.9
8932,high,3,10.0,2.0,6.5,A,-100.0
8933,low,0,4.0,50.0,5.3,C,1.2
8934,low,1,20.0,8.0,9.1,B,15.0
8935,medium,2,8.0,4.0,7.2,A,8.8
8936,low,1,3.0,15.0,10.0,A,15.0
8937,medium,0,11.0,25.0,8.7,A,15.0
8938,medium,6,9.0,2.0,1.1,C,-100.0
8939,high,1,13.0,13.0,3.9,B,-100.0
8940,low,4,11.0,2.0,2.9,A,-13.5
8941,medium,3,14.0,18.0,3.8,A,-10.5
8942,high,2,2.0,4.0,3.3,A,-100.0
8943,high,0,11.0,29.0,9.6,A,-12.0
8944,medium,2,3.0,2.0,2.8,A,-15.0
8945,medium,5,19.0,7.0,5.4,A,-2.5
8946,high,4,26.0,25.0,9.3,A,-15.6
8947,low,1,14.0,6.0,5.1,C,-1.4
8948,none,1,6.0,24.0,7.3,D,-0.3
8949,low,2,7.0,9.0,2.9,A,-12.9
8950,high,4,4.0,7.0,9.6,A,-11.9
8951,medium,3,6.0,45.0,5.5,A,-0.1
8952,none,4,8.0,15.0,8.1,C,3.5
8953,high,2,10.0,1.0,8.5,A,-18.4
8954,medium,3,7.0,2.0,9.3,C,15.0
8955,medium,1,22.0,24.0,2.1,A,-100.0
8956,high,3,10.0,8.0,9.9,A,-10.8
8957,,0,5.0,3.0,1.0,A,-100.0
8958,low,1,2.0,2.0,3.5,A,-9.0
8959,high,2,10.0,27.0,1.4,C,-100.0
8960,none,2,5.0,47.0,9.0,A,9.3
8961,low,1,9.0,50.0,7.5,A,12.8
8962,medium,3,4.0,6.0,8.9,B,15.0
8963,low,2,3.0,21.0,3.9,A,-6.8
8964,medium,1,14.0,20.0,7.5,A,10.1
8965,low,0,6.0,9.0,9.6,A,15.0
8966,,1,6.0,6.0,7.1,A,-1.6
8967,high,0,7.0,4.0,2.2,A,-100.0
8968,low,1,,2.0,7.5,C,
8969,medium,0,12.0,4.0,6.4,A,4.2
8970,medium,1,33.0,9.0,6.2,B,0.9
8971,none,2,10.0,25.0,8.7,A,6.9
8972,high,3,3.0,20.0,3.0,A,-100.0
8973,,1,5.0,3.0,8.7,A,7.3
8974,medium,2,8.0,3.0,6.3,A,3.8
8975,high,2,6.0,10.0,1.3,B,-100.0
8976,low,0,3.0,6.0,4.2,C,-5.1
8977,none,1,,15.0,6.0,C,
8978,high,2,4.0,1.0,4.3,B,-100.0
8979,medium,0,5.0,19.0,8.3,A,15.0
8980,medium,3,10.0,31.0,2.3,A,-18.2
8981,high,3,15.0,3.0,9.6,A,-13.0
8982,none,0,6.0,16.0,5.4,D,-10.7
8983,low,1,2.0,2.0,8.8,A,15.0
8984,medium,0,18.0,16.0,3.5,A,-12.3
8985,high,0,16.0,10.0,2.5,A,-100.0
8986,medium,1,4.0,1.0,6.2,A,3.7
8987,high,2,2.0,16.0,3.6,D,-100.0
8988,medium,0,7.0,7.0,2.5,A,-16.7
8989,high,1,5.0,30.0,7.5,A,-100.0
8990,high,0,14.0,5.0,4.8,A,-100.0
8991,none,3,1.0,14.0,8.4,A,5.9
8992,medium,0,7.0,21.0,8.2,A,14.7
8993,medium,4,4.0,1.0,9.2,A,15.0
8994,low,0,28.0,4.0,4.1,B,-8.2
8995,,0,26.0,7.0,8.4,A,3.7
8996,medium,1,9.0,0.0,5.3,A,-1.7
8997,medium,0,6.0,25.0,4.6,C,-4.9
8998,high,5,15.0,10.0,1.2,B,-100.0
8999,none,2,13.0,8.0,10.0,A,13.6
9000,high,1,6.0,3.0,9.2,A,-14.1
9001,,1,17.0,8.0,8.7,D,6.1
9002,low,3,10.0,10.0,8.5,A,15.0
9003,high,1,3.0,3.0,9.7,C,-11.0
9004,medium,0,3.0,21.0,2.8,A,-14.6
9005,medium,0,3.0,34.0,8.9,A,15.0
9006,medium,0,16.0,40.0,6.0,A,1.9
9007,low,3,9.0,21.0,8.6,A,15.0
9008,none,1,16.0,10.0,7.7,C,0.7
9009,medium,1,14.0,0.0,5.2,A,-2.8
9010,medium,2,27.0,16.0,8.1,A,11.9
9011,medium,2,10.0,1.0,6.5,A,4.7
9012,medium,1,8.0,5.0,5.8,A,1.2
9013,low,2,4.0,9.0,6.1,A,5.0
9014,high,3,20.0,13.0,4.9,A,-100.0
9015,medium,1,6.0,31.0,9.3,A,15.0
9016,high,0,3.0,11.0,6.1,C,-100.0
9017,medium,1,9.0,4.0,9.9,A,15.0
9018,low,1,7.0,19.0,1.3,A,-100.0
9019,high,4,9.0,8.0,1.2,A,-100.0
9020,low,1,11.0,18.0,1.8,A,-19.1
9021,high,2,9.0,20.0,8.1,A,-100.0
9022,none,1,23.0,8.0,8.5,A,4.4
9023,none,2,10.0,17.0,5.2,D,-12.4
9024,low,4,3.0,1.0,7.6,A,13.1
9025,high,2,4.0,8.0,5.9,B,-100.0
9026,high,1,8.0,9.0,9.6,A,-12.0
9027,high,1,10.0,13.0,9.8,A,-11.1
9028,low,2,6.0,1.0,1.6,A,-20.0
9029,high,2,7.0,50.0,9.5,A,-12.2
9030,low,3,10.0,2.0,9.1,A,15.0
9031,low,0,15.0,22.0,9.3,A,15.0
9032,high,1,11.0,7.0,1.9,A,-100.0
9033,low,3,15.0,39.0,5.1,A,-1.4
9034,low,0,16.0,8.0,5.6,A,1.3
9035,medium,1,9.0,10.0,7.3,A,9.4
9036,low,2,11.0,7.0,8.1,A,15.0
9037,none,0,2.0,33.0,9.7,A,13.5
9038,medium,0,25.0,50.0,9.5,A,15.0
9039,low,3,11.0,4.0,9.8,A,15.0
9040,medium,2,4.0,16.0,5.4,A,-0.6
9041,medium,0,10.0,0.0,6.0,C,2.1
9042,high,1,10.0,6.0,6.9,A,-100.0
9043,none,4,17.0,5.0,3.6,A,-100.0
9044,none,2,18.0,36.0,8.4,B,4.6
9045,medium,1,8.0,38.0,9.7,A,15.0
9046,low,0,3.0,12.0,1.1,A,-100.0
9047,none,0,7.0,13.0,4.6,B,-15.3
9048,medium,1,4.0,5.0,6.6,A,6.0
9049,none,3,24.0,15.0,9.7,B,10.8
9050,medium,2,2.0,3.0,4.1,C,-7.7
9051,high,2,10.0,21.0,9.6,B,-12.2
9052,high,2,7.0,1.0,9.5,A,-12.6
9053,high,0,12.0,5.0,4.9,A,-100.0
9054,none,1,7.0,0.0,5.9,A,-8.3
9055,medium,1,12.0,3.0,2.0,A,-100.0
9056,medium,3,2.0,10.0,6.6,A,6.0
9057,none,2,7.0,5.0,5.6,A,-10.1
9058,high,3,1.0,7.0,3.7,C,-100.0
9059,low,4,5.0,24.0,7.3,B,11.5
9060,high,2,2.0,25.0,5.1,A,-100.0
9061,medium,3,6.0,12.0,7.7,B,11.7
9062,low,2,14.0,18.0,2.5,A,-15.7
9063,none,1,5.0,29.0,3.1,A,-100.0
9064,low,3,9.0,5.0,9.9,B,15.0
9065,low,0,8.0,1.0,6.1,A,4.8
9066,high,1,7.0,4.0,9.8,A,-10.9
9067,low,1,13.0,1.0,2.0,B,-18.4
9068,none,1,1.0,38.0,,C,
9069,high,2,7.0,9.0,8.7,C,-17.0
9070,none,0,7.0,3.0,3.6,A,-100.0
9071,high,3,16.0,5.0,6.0,C,-100.0
9072,low,3,10.0,1.0,8.6,A,15.0
9073,high,1,5.0,11.0,6.7,D,-100.0
9074,medium,2,11.0,24.0,2.2,A,-18.8
9075,none,0,12.0,1.0,9.1,A,8.9
9076,high,0,12.0,9.0,4.1,A,-100.0
9077,medium,3,13.0,10.0,9.7,A,15.0
9078,low,3,4.0,8.0,7.6,C,13.2
9079,low,2,27.0,1.0,4.4,A,-6.7
9080,high,2,8.0,1.0,7.1,C,-100.0
9081,low,2,21.0,8.0,4.2,A,-7.1
9082,low,1,14.0,29.0,7.6,C,12.6
9083,none,1,2.0,11.0,5.4,C,-10.5
9084,none,0,30.0,10.0,2.4,A,-100.0
9085,none,2,7.0,43.0,9.6,A,12.3
9086,high,1,,9.0,8.3,C,
9087,low,1,16.0,50.0,5.2,A,-0.6
9088,,0,23.0,10.0,3.8,C,-100.0
9089,medium,3,5.0,2.0,8.6,C,15.0
9090,medium,0,22.0,26.0,9.6,C,15.0
9091,none,2,21.0,3.0,9.7,A,11.1
9092,medium,2,2.0,37.0,3.9,D,-8.5
9093,low,3,4.0,7.0,8.6,A,15.0
9094,low,1,4.0,0.0,9.8,A,15.0
9095,low,2,13.0,41.0,1.8,A,-19.2
9096,low,2,18.0,3.0,8.9,C,15.0
9097,high,2,16.0,6.0,9.8,B,-11.8
9098,high,1,19.0,2.0,9.5,C,-13.7
9099,medium,1,19.0,4.0,2.3,A,-19.2
9100,low,3,9.0,0.0,9.8,A,15.0
9101,medium,3,11.0,19.0,2.1,A,-19.5
9102,low,1,2.0,2.0,6.3,D,6.4
9103,none,0,4.0,12.0,6.1,A,-6.7
9104,medium,1,7.0,1.0,9.5,A,15.0
9105,high,0,14.0,3.0,8.5,C,-18.6
9106,low,0,11.0,4.0,3.7,B,-8.7
9107,high,3,7.0,6.0,7.7,A,-100.0
9108,high,2,14.0,20.0,7.6,D,-100.0
9109,low,3,18.0,8.0,1.6,B,-100.0
9110,high,1,6.0,3.0,9.0,B,-15.2
9111,medium,4,7.0,10.0,3.2,A,-13.3
9112,none,3,2.0,17.0,8.3,A,5.3
9113,medium,1,9.0,1.0,6.6,A,5.4
9114,none,2,19.0,9.0,6.5,A,-6.3
9115,high,1,3.0,4.0,9.2,C,-13.8
9116,low,1,9.0,2.0,9.1,A,15.0
9117,none,1,16.0,2.0,1.6,B,-100.0
9118,low,1,23.0,19.0,9.0,A,15.0
9119,high,0,19.0,7.0,7.2,B,-100.0
9120,low,0,6.0,0.0,9.8,A,15.0
9121,medium,0,8.0,35.0,9.4,B,15.0
9122,high,4,5.0,5.0,6.9,A,-100.0
9123,none,2,16.0,5.0,10.0,B,13.2
9124,high,3,1.0,12.0,5.9,C,-100.0
9125,none,1,1.0,3.0,9.4,A,11.5
9126,high,2,2.0,27.0,6.5,B,-100.0
9127,high,0,1.0,2.0,7.2,A,-100.0
9128,low,2,2.0,4.0,1.9,B,-17.9
9129,medium,1,8.0,17.0,2.8,A,-15.2
9130,high,1,12.0,16.0,8.9,A,-16.2
9131,none,2,8.0,2.0,8.8,A,7.4
9132,high,1,6.0,34.0,8.1,A,-19.8
9133,low,2,4.0,4.0,6.4,D,6.6
9134,high,1,34.0,7.0,8.2,A,-100.0
9135,medium,1,3.0,7.0,6.7,A,6.6
9136,high,1,14.0,1.0,2.6,C,-100.0
9137,medium,1,18.0,18.0,3.4,C,-12.9
9138,high,0,9.0,2.0,9.8,B,-11.0
9139,none,1,15.0,12.0,6.2,A,-7.4
9140,low,1,9.0,22.0,9.4,A,15.0
9141,none,1,18.0,2.0,3.3,B,-100.0
9142,medium,2,1.0,17.0,8.0,C,14.0
9143,none,0,31.0,14.0,9.9,A,11.5
9144,low,1,7.0,20.0,3.3,A,-10.5
9145,high,2,13.0,37.0,8.0,A,-100.0
9146,high,1,7.0,50.0,3.6,C,-100.0
9147,high,2,3.0,8.0,8.8,A,-16.0
9148,high,1,18.0,45.0,8.8,C,-17.1
9149,low,2,12.0,13.0,9.9,A,15.0
9150,medium,2,9.0,18.0,6.7,C,6.1
9151,high,2,13.0,5.0,9.6,A,-12.6
9152,medium,0,6.0,14.0,8.1,A,14.2
9153,high,2,6.0,16.0,1.4,A,-100.0
9154,high,2,9.0,18.0,7.9,A,-100.0
9155,high,1,4.0,15.0,3.2,A,-100.0
9156,high,0,2.0,33.0,7.4,C,-100.0
9157,medium,0,8.0,14.0,5.6,A,0.3
9158,low,2,18.0,23.0,2.4,A,-16.6
9159,high,0,7.0,50.0,1.1,A,-100.0
9160,low,0,10.0,13.0,8.1,A,15.0
9161,medium,0,7.0,50.0,4.2,A,-7.0
9162,medium,2,9.0,34.0,9.2,A,15.0
9163,high,1,9.0,3.0,2.1,A,-100.0
9164,low,1,3.0,1.0,4.6,A,-3.1
9165,low,1,6.0,4.0,9.1,C,15.0
9166,medium,1,,15.0,9.9,C,
9167,,3,7.0,2.0,8.7,A,6.9
9168,low,0,4.0,1.0,8.7,A,15.0
9169,medium,1,4.0,8.0,3.8,B,-9.4
9170,high,3,5.0,7.0,10.0,C,-9.7
9171,high,0,4.0,48.0,8.9,A,-15.0
9172,medium,0,3.0,16.0,8.1,A,14.5
9173,low,1,6.0,6.0,3.7,B,-8.3
9174,low,0,4.0,50.0,2.7,A,-13.1
9175,medium,1,3.0,22.0,9.1,D,15.0
9176,low,2,7.0,4.0,5.4,A,0.8
9177,high,0,7.0,32.0,8.3,C,-18.7
9178,low,1,10.0,5.0,1.4,A,-100.0
9179,none,2,11.0,5.0,4.6,C,-16.0
9180,none,2,23.0,1.0,9.3,A,8.7
9181,high,0,5.0,9.0,6.1,B,-100.0
9182,none,2,11.0,29.0,3.3,B,-100.0
9183,high,1,5.0,17.0,7.3,C,-100.0
9184,high,1,20.0,19.0,1.9,A,-100.0
9185,none,0,9.0,5.0,2.3,A,-100.0
9186,medium,2,5.0,1.0,8.4,C,15.0
9187,high,2,1.0,24.0,2.0,D,-100.0
9188,low,2,6.0,2.0,1.3,C,-100.0
9189,none,1,3.0,6.0,9.9,A,14.1
9190,none,3,12.0,1.0,8.7,D,6.4
9191,low,1,11.0,6.0,9.3,D,15.0
9192,high,0,8.0,25.0,9.4,A,-12.9
9193,none,1,6.0,11.0,9.9,A,13.9
9194,medium,0,8.0,13.0,5.7,A,0.8
9195,low,0,11.0,6.0,9.3,A,15.0
9196,medium,2,9.0,16.0,3.9,A,-9.3
9197,medium,2,12.0,17.0,7.7,A,11.2
9198,none,2,8.0,14.0,1.5,D,-100.0
9199,,0,5.0,15.0,8.6,A,6.9
9200,high,1,8.0,50.0,6.0,A,-100.0
9201,medium,1,1.0,19.0,3.2,C,-12.3
9202,medium,2,0.0,8.0,8.6,A,15.0
9203,none,1,17.0,31.0,8.8,A,6.9
9204,none,1,18.0,21.0,9.4,A,10.0
9205,medium,1,27.0,42.0,9.1,A,15.0
9206,low,2,7.0,14.0,1.3,A,-100.0
9207,high,1,2.0,7.0,7.5,A,-100.0
9208,high,1,5.0,2.0,2.3,A,-100.0
9209,high,1,17.0,6.0,10.0,A,-10.7
9210,,1,7.0,32.0,8.3,C,5.2
9211,low,1,10.0,5.0,9.3,A,15.0
9212,none,4,9.0,19.0,8.2,A,4.0
9213,high,1,9.0,9.0,9.2,B,-14.3
9214,medium,0,5.0,4.0,7.3,A,9.8
9215,high,0,12.0,3.0,8.1,A,-100.0
9216,high,0,14.0,3.0,2.5,A,-100.0
9217,none,0,22.0,2.0,3.8,A,-100.0
9218,high,0,5.0,4.0,7.6,C,-100.0
9219,none,2,12.0,15.0,2.2,A,-100.0
9220,medium,1,26.0,2.0,1.4,D,-100.0
9221,high,2,16.0,3.0,8.3,A,-100.0
9222,medium,1,12.0,11.0,1.3,A,-100.0
9223,low,2,8.0,2.0,8.2,B,15.0
9224,low,1,27.0,23.0,5.3,C,-1.4
9225,medium,1,19.0,1.0,1.9,A,-100.0
9226,medium,2,11.0,3.0,9.7,A,15.0
9227,medium,4,12.0,15.0,5.0,C,-3.8
9228,medium,2,11.0,22.0,8.4,D,15.0
9229,high,2,5.0,3.0,7.9,A,-100.0
9230,,1,10.0,3.0,5.8,A,-9.2
9231,low,1,5.0,11.0,1.8,A,-18.6
9232,none,1,13.0,0.0,9.7,C,11.9
9233,medium,3,17.0,11.0,8.0,A,12.2
9234,high,1,15.0,1.0,9.3,D,-14.4
9235,low,1,5.0,22.0,8.2,B,15.0
9236,none,3,2.0,9.0,8.2,D,4.7
9237,low,0,3.0,12.0,2.0,A,-17.2
9238,high,1,6.0,15.0,3.8,A,-100.0
9239,high,0,6.0,14.0,8.5,B,-17.7
9240,medium,2,7.0,2.0,7.7,C,11.6
9241,none,2,11.0,15.0,5.4,A,-11.5
9242,high,1,29.0,23.0,5.1,A,-100.0
9243,low,2,4.0,5.0,3.8,A,-7.7
9244,medium,0,2.0,13.0,9.7,A,15.0
9245,medium,0,8.0,50.0,3.3,D,-12.0
9246,low,2,3.0,12.0,8.1,A,15.0
9247,low,0,16.0,25.0,2.4,C,-16.2
9248,high,2,9.0,1.0,9.7,A,-11.7
9249,low,2,15.0,13.0,9.0,A,15.0
9250,high,3,6.0,5.0,3.9,A,-100.0
9251,low,0,10.0,0.0,9.2,B,15.0
9252,medium,2,9.0,0.0,7.7,A,11.4
9253,low,6,9.0,17.0,1.8,C,-19.4
9254,high,0,32.0,50.0,7.7,A,-100.0
9255,none,2,10.0,1.0,8.5,A,5.6
9256,medium,0,15.0,1.0,9.6,C,15.0
9257,medium,2,17.0,15.0,1.5,A,-100.0
9258,medium,0,5.0,23.0,2.8,A,-14.7
9259,low,0,20.0,0.0,6.4,C,5.2
9260,low,2,7.0,11.0,1.4,A,-100.0
9261,medium,5,3.0,9.0,9.7,C,15.0
9262,low,0,9.0,10.0,9.2,A,15.0
9263,low,0,27.0,21.0,8.9,D,15.0
9264,medium,2,10.0,9.0,9.1,A,15.0
9265,high,3,7.0,10.0,6.2,A,-100.0
9266,low,1,14.0,14.0,8.7,B,15.0
9267,none,3,8.0,8.0,8.9,C,7.9
9268,medium,2,10.0,12.0,5.2,A,-2.3
9269,high,3,9.0,42.0,8.7,B,-16.9
9270,none,0,4.0,6.0,8.8,A,8.1
9271,low,1,6.0,26.0,6.7,D,8.4
9272,high,0,16.0,18.0,7.0,A,-100.0
9273,none,0,9.0,5.0,5.1,A,-12.8
9274,none,2,16.0,2.0,3.9,A,-100.0
9275,low,5,28.0,8.0,2.6,A,-16.9
9276,none,3,1.0,14.0,8.4,A,5.9
9277,high,2,2.0,9.0,9.6,A,-11.5
9278,medium,0,10.0,2.0,9.9,A,15.0
9279,low,0,19.0,3.0,2.0,A,-18.9
9280,low,2,9.0,3.0,9.6,C,15.0
9281,high,0,8.0,5.0,1.8,C,-100.0
9282,low,1,2.0,4.0,4.3,A,-4.6
9283,low,6,4.0,11.0,3.5,B,-9.6
9284,low,0,10.0,5.0,9.5,A,15.0
9285,high,1,7.0,18.0,8.4,A,-18.4
9286,medium,0,11.0,7.0,8.9,A,15.0
9287,high,0,7.0,4.0,5.9,A,-100.0
9288,high,4,18.0,17.0,9.6,C,-13.2
9289,medium,1,8.0,34.0,6.2,A,3.7
9290,high,0,10.0,0.0,8.8,A,-16.6
9291,high,2,1.0,23.0,,C,
9292,medium,2,8.0,34.0,2.1,A,-19.0
9293,medium,1,16.0,10.0,9.8,B,15.0
9294,low,1,14.0,6.0,9.4,A,15.0
9295,low,0,2.0,8.0,8.8,C,15.0
9296,low,0,3.0,16.0,5.6,C,2.7
9297,medium,0,10.0,1.0,6.0,A,2.1
9298,medium,0,14.0,2.0,3.4,A,-12.5
9299,high,1,6.0,20.0,1.1,D,-100.0
9300,low,2,5.0,7.0,8.9,A,15.0
9301,none,2,19.0,16.0,5.6,A,-11.1
9302,high,1,1.0,8.0,6.2,C,-100.0
9303,none,2,9.0,7.0,1.1,A,-100.0
9304,high,1,19.0,24.0,2.5,A,-100.0
9305,medium,2,24.0,16.0,5.9,C,0.1
9306,low,1,1.0,2.0,9.4,A,15.0
9307,high,0,8.0,0.0,9.6,A,-12.0
9308,medium,0,14.0,3.0,6.5,A,4.5
9309,medium,1,12.0,3.0,2.7,A,-16.3
9310,medium,6,,3.0,9.0,C,
9311,medium,1,13.0,5.0,5.5,D,-1.0
9312,medium,1,16.0,8.0,9.1,C,15.0
9313,high,0,28.0,17.0,4.1,C,-100.0
9314,low,0,11.0,22.0,5.3,A,0.3
9315,high,3,3.0,2.0,9.6,A,-11.8
9316,,0,10.0,22.0,4.7,A,-14.9
9317,low,1,19.0,13.0,9.8,D,15.0
9318,low,1,12.0,9.0,9.9,A,15.0
9319,,2,21.0,11.0,8.9,C,6.8
9320,high,1,6.0,0.0,1.1,A,-100.0
9321,low,1,11.0,5.0,1.0,B,-100.0
9322,high,0,10.0,8.0,8.4,A,-18.7
9323,low,0,10.0,12.0,9.3,C,15.0
9324,high,1,8.0,50.0,9.9,A,-10.0
9325,low,3,7.0,8.0,9.1,A,15.0
9326,low,0,14.0,2.0,1.5,B,-100.0
9327,low,1,2.0,12.0,9.9,C,15.0
9328,none,2,13.0,35.0,2.7,D,-100.0
9329,medium,1,6.0,15.0,6.6,A,5.9
9330,low,0,5.0,4.0,9.4,C,15.0
9331,none,0,9.0,4.0,3.8,C,-20.0
9332,,2,12.0,2.0,4.3,A,-17.7
9333,medium,1,4.0,34.0,9.4,A,15.0
9334,low,4,13.0,28.0,10.0,A,15.0
9335,none,0,6.0,11.0,9.0,A,9.0
9336,high,1,4.0,11.0,1.3,C,-100.0
9337,high,0,14.0,3.0,1.5,A,-100.0
9338,low,2,3.0,23.0,2.2,A,-16.2
9339,medium,5,9.0,1.0,5.9,A,1.2
9340,high,2,3.0,1.0,8.2,C,-19.4
9341,low,1,27.0,8.0,8.6,D,15.0
9342,high,2,19.0,8.0,1.1,B,-100.0
9343,high,2,19.0,5.0,8.1,A,-100.0
9344,none,1,10.0,21.0,8.5,A,5.9
9345,medium,0,3.0,13.0,3.3,C,-11.9
9346,high,0,4.0,17.0,4.2,A,-100.0
9347,low,1,18.0,15.0,9.2,C,15.0
9348,low,2,7.0,2.0,1.7,A,-19.5
9349,low,5,4.0,25.0,8.3,D,15.0
9350,none,3,11.0,1.0,9.6,B,11.4
9351,medium,2,2.0,25.0,6.0,A,3.0
9352,low,1,8.0,3.0,5.0,A,-1.4
9353,medium,3,9.0,4.0,7.0,C,7.5
9354,high,2,6.0,24.0,7.9,C,-100.0
9355,low,0,11.0,24.0,3.3,A,-10.7
9356,low,0,4.0,9.0,1.6,A,-19.5
9357,none,2,17.0,6.0,8.1,C,2.7
9358,,0,7.0,4.0,8.4,A,5.5
9359,medium,2,35.0,16.0,4.6,A,-8.1
9360,low,1,9.0,4.0,9.4,C,15.0
9361,high,1,12.0,9.0,3.2,B,-100.0
9362,high,0,15.0,4.0,7.6,A,-100.0
9363,none,2,24.0,11.0,6.1,A,-8.9
9364,high,2,17.0,37.0,9.1,C,-15.5
9365,high,1,15.0,0.0,2.0,B,-100.0
9366,low,2,6.0,18.0,9.3,A,15.0
9367,high,3,3.0,11.0,9.2,A,-13.9
9368,medium,3,13.0,27.0,3.5,B,-11.9
9369,high,2,13.0,14.0,3.3,A,-100.0
9370,high,1,11.0,10.0,8.8,C,-16.7
9371,none,4,18.0,7.0,6.6,A,-5.8
9372,low,1,8.0,7.0,9.4,B,15.0
9373,none,3,8.0,1.0,4.5,A,-16.3
9374,none,1,4.0,13.0,6.7,C,-3.5
9375,low,1,4.0,9.0,3.4,A,-9.7
9376,none,2,11.0,18.0,2.9,A,-100.0
9377,high,1,7.0,1.0,8.8,A,-16.4
9378,low,4,7.0,3.0,3.3,A,-10.9
9379,high,0,3.0,18.0,1.9,A,-100.0
9380,none,4,9.0,10.0,3.5,A,-100.0
9381,medium,2,10.0,12.0,9.9,A,15.0
9382,low,1,17.0,3.0,9.2,A,15.0
9383,none,2,12.0,10.0,8.1,D,3.2
9384,high,2,22.0,13.0,9.3,A,-15.1
9385,high,0,10.0,14.0,4.5,A,-100.0
9386,medium,2,8.0,4.0,4.7,A,-5.0
9387,medium,1,5.0,18.0,9.6,A,15.0
9388,none,1,16.0,2.0,9.6,B,11.1
9389,low,1,12.0,1.0,2.4,A,-16.1
9390,low,2,5.0,2.0,2.6,A,-14.4
9391,low,1,5.0,37.0,1.8,A,-18.3
9392,high,1,14.0,6.0,6.7,A,-100.0
9393,medium,2,15.0,34.0,2.8,B,-15.8
9394,none,3,24.0,19.0,3.6,A,-100.0
9395,high,1,7.0,8.0,8.2,A,-19.6
9396,low,3,18.0,24.0,4.6,C,-4.6
9397,,0,5.0,3.0,8.1,C,4.1
9398,high,2,9.0,6.0,6.0,A,-100.0
9399,none,2,6.0,13.0,1.8,B,-100.0
9400,low,1,5.0,10.0,9.3,B,15.0
9401,high,0,3.0,9.0,1.5,C,-100.0
9402,high,2,12.0,46.0,9.1,A,-14.9
9403,none,1,6.0,3.0,3.8,C,-19.8
9404,medium,4,25.0,16.0,3.2,B,-15.0
9405,medium,2,10.0,2.0,2.2,C,-19.0
9406,high,2,10.0,11.0,8.7,B,-17.2
9407,low,0,26.0,3.0,2.5,A,-16.8
9408,high,2,2.0,15.0,2.7,A,-100.0
9409,none,3,9.0,32.0,2.6,A,-100.0
9410,low,0,2.0,13.0,2.7,A,-13.2
9411,low,3,5.0,22.0,8.5,A,15.0
9412,high,1,15.0,12.0,8.4,A,-19.3
9413,high,3,16.0,1.0,1.4,A,-100.0
9414,medium,4,,3.0,8.6,C,
9415,low,0,21.0,13.0,4.7,A,-4.1
9416,medium,0,2.0,5.0,5.2,B,-1.4
9417,low,2,16.0,35.0,1.9,A,-19.0
9418,high,1,9.0,4.0,7.5,A,-100.0
9419,medium,0,18.0,2.0,9.4,A,15.0
9420,none,1,4.0,27.0,9.6,C,12.6
9421,low,1,21.0,14.0,8.5,A,15.0
9422,high,2,7.0,0.0,9.0,A,-15.4
9423,high,3,10.0,6.0,9.9,A,-10.8
9424,high,1,9.0,10.0,9.4,A,-13.2
9425,low,3,3.0,1.0,5.7,B,2.8
9426,high,1,8.0,2.0,8.9,B,-15.9
9427,medium,1,6.0,1.0,1.8,A,
9428,low,0,9.0,9.0,2.6,A,-14.5
9429,none,2,26.0,1.0,8.7,B,5.1
9430,none,4,16.0,9.0,1.8,C,-100.0
9431,medium,1,4.0,13.0,1.3,A,-100.0
9432,high,4,10.0,21.0,9.0,A,-15.7
9433,medium,2,15.0,21.0,9.6,B,15.0
9434,medium,1,22.0,17.0,9.0,C,15.0
9435,none,0,26.0,15.0,9.8,A,11.5
9436,medium,2,10.0,5.0,10.0,A,15.0
9437,low,1,2.0,16.0,1.9,A,-17.7
9438,medium,1,15.0,2.0,2.1,A,-19.9
9439,none,2,10.0,0.0,6.3,A,-6.5
9440,medium,1,10.0,1.0,4.3,A,-7.3
9441,none,0,5.0,2.0,7.7,B,1.9
9442,medium,2,1.0,9.0,6.2,C,4.0
9443,high,0,7.0,25.0,8.6,A,-17.2
9444,medium,1,6.0,2.0,8.7,A,15.0
9445,medium,2,,4.0,9.4,C,
9446,low,2,5.0,8.0,1.6,A,-19.8
9447,none,3,22.0,4.0,9.9,D,12.0
9448,low,0,5.0,26.0,2.3,C,-15.6
9449,low,2,19.0,14.0,1.3,A,-100.0
9450,medium,2,37.0,12.0,9.3,A,15.0
9451,,2,4.0,5.0,8.9,C,8.4
9452,high,1,15.0,4.0,3.9,C,-100.0
9453,high,4,6.0,35.0,7.7,A,-100.0
9454,medium,1,28.0,32.0,8.1,A,12.1
9455,high,2,6.0,4.0,9.7,A,-11.4
9456,low,1,17.0,50.0,9.2,A,15.0
9457,low,1,8.0,3.0,6.0,A,4.1
9458,low,1,9.0,0.0,2.1,A,-17.4
9459,medium,1,13.0,11.0,5.3,A,-2.0
9460,low,3,16.0,17.0,2.9,A,-13.8
9461,low,2,1.0,12.0,2.0,A,-17.2
9462,high,2,7.0,5.0,10.0,A,-9.9
9463,low,3,9.0,35.0,7.7,A,13.5
9464,high,3,4.0,1.0,6.5,C,-100.0
9465,none,1,13.0,15.0,5.6,C,-10.5
9466,low,0,14.0,5.0,8.0,D,14.6
9467,low,1,5.0,24.0,9.8,C,15.0
9468,none,1,1.0,10.0,7.9,A,3.3
9469,high,2,8.0,9.0,7.6,A,-100.0
9470,high,2,6.0,5.0,9.1,A,-14.7
9471,low,1,7.0,6.0,1.1,A,-100.0
9472,medium,0,3.0,2.0,4.7,B,-4.3
9473,high,1,8.0,23.0,3.5,B,-100.0
9474,low,3,12.0,1.0,8.8,A,15.0
9475,none,1,6.0,5.0,8.2,C,4.5
9476,low,2,5.0,20.0,9.5,A,15.0
9477,low,2,8.0,20.0,8.2,A,15.0
9478,medium,0,11.0,1.0,3.8,B,-10.1
9479,none,1,21.0,2.0,8.2,C,2.9
9480,high,3,9.0,30.0,9.5,A,-12.7
9481,high,1,3.0,16.0,9.7,A,-10.9
9482,high,2,14.0,23.0,6.9,A,-100.0
9483,medium,0,10.0,8.0,8.1,D,13.8
9484,high,2,8.0,29.0,3.1,A,-100.0
9485,high,0,26.0,5.0,3.3,C,-100.0
9486,low,1,12.0,34.0,8.2,A,15.0
9487,low,3,6.0,17.0,1.0,A,-100.0
9488,low,3,2.0,18.0,9.1,B,15.0
9489,low,1,7.0,21.0,8.2,A,15.0
9490,low,1,7.0,13.0,9.7,A,15.0
9491,high,0,6.0,50.0,8.7,A,-16.3
9492,low,1,10.0,6.0,1.7,C,-19.7
9493,low,0,2.0,3.0,9.2,A,15.0
9494,low,0,3.0,28.0,9.1,A,15.0
9495,high,3,17.0,15.0,10.0,A,-10.9
9496,none,3,10.0,48.0,6.8,A,-3.4
9497,medium,2,1.0,2.0,8.8,A,15.0
9498,medium,1,5.0,8.0,8.4,A,15.0
9499,medium,2,8.0,24.0,7.4,A,10.1
9500,high,2,3.0,7.0,7.6,A,-100.0
9501,low,2,3.0,22.0,8.5,B,15.0
9502,high,1,12.0,39.0,1.8,B,-100.0
9503,low,1,1.0,4.0,8.5,C,15.0
9504,low,3,5.0,4.0,8.7,C,15.0
9505,medium,1,1.0,8.0,1.7,A,-100.0
9506,high,1,2.0,22.0,5.6,A,-100.0
9507,medium,1,40.0,8.0,1.4,B,-100.0
9508,low,1,10.0,5.0,5.9,A,3.4
9509,none,2,13.0,3.0,9.6,A,11.3
9510,low,0,7.0,1.0,9.7,B,15.0
9511,high,1,2.0,28.0,8.4,B,-17.8
9512,medium,2,12.0,26.0,8.7,D,15.0
9513,low,2,12.0,21.0,7.2,A,10.4
9514,low,2,5.0,13.0,9.3,A,15.0
9515,high,1,11.0,0.0,8.7,A,-17.4
9516,medium,2,4.0,18.0,2.9,A,-14.3
9517,low,1,5.0,25.0,9.6,A,15.0
9518,medium,1,2.0,1.0,2.4,B,-17.0
9519,high,2,5.0,1.0,8.8,C,-16.3
9520,none,3,3.0,34.0,5.3,A,-11.1
9521,high,4,6.0,3.0,8.8,A,-16.6
9522,high,1,16.0,8.0,3.8,C,-100.0
9523,none,0,10.0,13.0,9.6,C,11.9
9524,none,2,8.0,36.0,1.2,A,-100.0
9525,low,0,14.0,10.0,1.5,C,-100.0
9526,none,1,12.0,22.0,8.1,A,3.5
9527,high,2,,1.0,10.0,C,
9528,none,1,8.0,6.0,1.4,C,-100.0
9529,low,1,9.0,5.0,3.7,A,-8.6
9530,medium,1,14.0,1.0,9.8,C,15.0
9531,medium,0,5.0,2.0,7.3,A,9.8
9532,low,1,20.0,3.0,9.6,A,15.0
9533,none,2,2.0,3.0,8.0,C,3.6
9534,high,1,9.0,21.0,1.8,A,-100.0
9535,none,2,13.0,22.0,2.6,C,-100.0
9536,medium,4,13.0,3.0,6.1,A,2.0
9537,none,2,22.0,0.0,6.1,C,-8.9
9538,none,2,3.0,11.0,1.9,A,-100.0
9539,none,1,12.0,2.0,3.1,A,-100.0
9540,low,1,4.0,4.0,9.6,A,15.0
9541,low,3,10.0,10.0,8.5,C,15.0
9542,low,2,5.0,1.0,7.2,A,10.9
9543,none,3,4.0,18.0,4.4,A,-16.3
9544,none,2,4.0,19.0,7.5,A,0.8
9545,low,3,2.0,0.0,3.6,A,-8.7
9546,none,0,9.0,47.0,6.2,A,-6.3
9547,low,2,4.0,31.0,6.4,A,6.9
9548,high,0,6.0,4.0,8.6,A,-17.3
9549,low,1,19.0,0.0,5.8,A,1.9
9550,low,1,4.0,11.0,9.5,B,15.0
9551,low,2,7.0,7.0,4.4,A,-4.6
9552,medium,1,14.0,5.0,4.3,A,-7.7
9553,none,1,29.0,2.0,6.3,A,-8.3
9554,high,1,6.0,25.0,9.5,A,-12.2
9555,low,3,12.0,7.0,8.3,A,15.0
9556,none,1,13.0,23.0,8.5,D,5.6
9557,low,1,16.0,3.0,9.7,C,15.0
9558,none,6,4.0,1.0,9.1,B,9.1
9559,medium,2,2.0,0.0,1.2,B,-100.0
9560,low,2,13.0,20.0,8.1,A,15.0
9561,medium,2,1.0,13.0,4.6,A,-4.7
9562,low,0,8.0,3.0,8.7,A,15.0
9563,high,3,6.0,41.0,3.8,A,-100.0
9564,high,3,4.0,13.0,1.3,A,-100.0
9565,low,1,2.0,7.0,9.7,A,15.0
9566,medium,4,2.0,1.0,4.4,A,-6.3
9567,low,2,13.0,35.0,2.1,A,-17.6
9568,medium,1,16.0,4.0,6.0,C,1.5
9569,medium,2,36.0,8.0,8.4,C,12.6
9570,,1,7.0,8.0,6.2,A,-6.6
9571,high,1,2.0,2.0,1.6,A,-100.0
9572,medium,1,8.0,1.0,8.6,D,15.0
9573,high,1,3.0,22.0,3.3,C,-100.0
9574,none,2,6.0,16.0,2.8,C,-100.0
9575,low,1,1.0,1.0,,A,
9576,low,1,15.0,7.0,9.3,A,15.0
9577,low,2,10.0,25.0,7.0,A,9.5
9578,high,2,14.0,36.0,1.7,A,-100.0
9579,none,0,14.0,21.0,5.6,A,-10.4
9580,high,1,6.0,10.0,6.5,D,-100.0
9581,high,2,12.0,29.0,3.8,A,-100.0
9582,low,2,18.0,10.0,6.6,C,6.4
9583,high,1,2.0,12.0,9.0,A,-14.7
9584,,2,13.0,6.0,7.0,C,-2.9
9585,none,4,7.0,7.0,4.5,D,-16.3
9586,medium,4,12.0,2.0,7.0,A,7.0
9587,high,0,3.0,10.0,7.3,A,-100.0
9588,none,0,38.0,1.0,8.3,A,1.9
9589,high,2,2.0,50.0,3.8,A,-100.0
9590,none,3,5.0,4.0,9.0,A,8.7
9591,low,2,10.0,2.0,8.5,C,15.0
9592,low,1,5.0,0.0,4.6,A,-3.3
9593,medium,2,10.0,6.0,6.4,A,4.2
9594,low,2,21.0,8.0,9.1,A,15.0
9595,medium,2,5.0,6.0,7.1,A,8.5
9596,high,2,18.0,0.0,8.7,A,-18.2
9597,high,0,14.0,17.0,1.6,C,-100.0
9598,high,3,7.0,5.0,8.3,A,-19.3
9599,medium,1,6.0,4.0,4.3,C,-6.9
9600,high,5,1.0,4.0,9.6,C,-11.8
9601,medium,2,14.0,34.0,9.8,B,15.0
9602,low,1,6.0,23.0,9.5,B,15.0
9603,low,1,1.0,6.0,3.8,A,-7.2
9604,medium,3,1.0,3.0,8.1,A,14.3
9605,low,3,9.0,8.0,9.6,A,15.0
9606,low,1,24.0,11.0,3.9,C,-8.9
9607,low,0,12.0,14.0,3.9,A,-7.6
9608,medium,3,3.0,3.0,6.5,A,5.3
9609,none,2,4.0,16.0,8.1,A,4.1
9610,high,0,19.0,18.0,1.1,B,-100.0
9611,low,3,14.0,40.0,9.6,B,15.0
9612,low,1,2.0,50.0,2.7,C,-12.9
9613,high,2,5.0,12.0,6.6,A,-100.0
9614,none,3,21.0,16.0,8.8,D,6.2
9615,none,3,15.0,19.0,9.3,C,9.5
9616,medium,0,10.0,3.0,9.3,A,15.0
9617,none,1,19.0,4.0,1.5,C,-100.0
9618,low,1,15.0,3.0,9.4,A,15.0
9619,low,0,7.0,7.0,2.7,A,-13.8
9620,high,1,13.0,9.0,3.2,A,-100.0
9621,low,1,3.0,6.0,3.5,A,-9.1
9622,,3,9.0,18.0,9.5,C,11.2
9623,none,0,3.0,1.0,4.3,A,-16.6
9624,medium,1,29.0,3.0,6.0,A,0.1
9625,medium,0,23.0,11.0,2.3,A,-19.4
9626,high,2,10.0,2.0,2.5,D,-100.0
9627,medium,1,10.0,8.0,3.4,A,-12.2
9628,high,2,7.0,10.0,3.7,A,-100.0
9629,low,1,8.0,3.0,7.3,C,11.3
9630,medium,2,23.0,43.0,7.4,A,8.8
9631,high,2,6.0,11.0,8.7,A,-16.8
9632,medium,1,13.0,5.0,1.2,A,-100.0
9633,none,2,5.0,5.0,8.4,A,5.5
9634,low,0,4.0,10.0,4.6,C,-3.0
9635,low,0,8.0,13.0,8.4,A,15.0
9636,high,1,6.0,16.0,3.5,A,-100.0
9637,high,0,9.0,4.0,3.4,C,-100.0
9638,high,0,7.0,2.0,1.4,A,-100.0
9639,medium,0,8.0,17.0,7.7,C,11.9
9640,high,1,21.0,12.0,1.3,A,-100.0
9641,low,0,3.0,1.0,5.8,A,3.6
9642,medium,2,6.0,5.0,1.5,A,-100.0
9643,high,3,3.0,6.0,9.3,C,-13.4
9644,high,1,3.0,5.0,3.4,A,-100.0
9645,none,1,3.0,5.0,9.8,A,13.5
9646,medium,0,14.0,30.0,1.9,C,-100.0
9647,none,0,5.0,10.0,7.3,A,-0.3
9648,low,0,8.0,14.0,9.8,A,15.0
9649,high,0,8.0,30.0,5.2,C,-100.0
9650,low,2,5.0,5.0,4.7,C,-2.8
9651,high,3,1.0,14.0,6.7,A,-100.0
9652,medium,1,2.0,2.0,9.7,A,15.0
9653,high,1,8.0,22.0,7.4,A,-100.0
9654,high,2,15.0,1.0,9.1,C,-15.6
9655,low,2,,22.0,2.3,C,
9656,high,2,19.0,6.0,3.0,A,-100.0
9657,medium,2,7.0,9.0,1.0,A,-100.0
9658,high,2,13.0,13.0,2.4,A,-100.0
9659,low,0,3.0,9.0,8.1,A,15.0
9660,none,0,17.0,43.0,9.2,A,9.3
9661,low,0,6.0,13.0,2.6,A,-14.2
9662,low,4,6.0,7.0,2.8,A,-13.5
9663,low,2,5.0,14.0,8.8,B,15.0
9664,,0,17.0,11.0,2.4,A,-100.0
9665,high,3,21.0,5.0,4.2,A,-100.0
9666,low,1,5.0,3.0,3.8,D,-7.7
9667,low,1,9.0,8.0,1.8,B,-19.0
9668,high,3,12.0,5.0,3.0,C,-100.0
9669,medium,1,7.0,34.0,3.0,A,-13.8
9670,none,1,7.0,9.0,6.3,A,-6.1
9671,low,3,3.0,11.0,3.8,A,-7.6
9672,low,0,17.0,1.0,9.9,A,15.0
9673,none,0,7.0,3.0,6.9,C,-2.7
9674,high,1,4.0,2.0,1.0,C,-100.0
9675,high,3,4.0,16.0,9.7,A,-11.2
9676,high,1,,9.0,3.9,C,
9677,high,1,9.0,27.0,8.7,A,-16.9
9678,low,4,10.0,25.0,3.6,A,-9.4
9679,none,2,2.0,21.0,6.2,A,-6.1
9680,medium,0,4.0,1.0,9.7,A,15.0
9681,low,1,24.0,13.0,5.6,A,0.4
9682,medium,0,4.0,8.0,4.7,A,-4.3
9683,low,0,7.0,31.0,8.2,A,15.0
9684,none,2,6.0,5.0,2.6,C,-100.0
9685,high,1,4.0,23.0,3.2,A,-100.0
9686,low,1,3.0,3.0,7.0,A,10.1
9687,medium,1,16.0,4.0,4.6,A,-6.2
9688,none,3,17.0,8.0,3.1,D,-100.0
9689,none,4,12.0,7.0,9.1,A,8.5
9690,,1,10.0,1.0,4.4,A,-16.9
9691,none,1,7.0,3.0,2.7,A,-100.0
9692,high,0,21.0,4.0,6.4,A,
9693,high,1,31.0,5.0,1.2,A,-100.0
9694,high,0,8.0,50.0,7.2,A,-100.0
9695,high,3,11.0,11.0,8.9,A,-16.3
9696,,5,7.0,10.0,9.7,A,12.2
9697,high,2,9.0,0.0,3.9,A,-100.0
9698,low,1,6.0,38.0,9.7,A,15.0
9699,low,0,3.0,7.0,9.1,A,15.0
9700,none,3,40.0,1.0,3.8,A,-100.0
9701,none,1,10.0,20.0,1.6,A,-100.0
9702,high,3,14.0,29.0,9.9,A,-11.0
9703,medium,0,3.0,1.0,9.6,C,15.0
9704,none,1,8.0,20.0,8.8,C,7.7
9705,high,3,8.0,15.0,3.2,B,-100.0
9706,none,1,13.0,1.0,9.7,A,12.0
9707,low,1,13.0,7.0,8.7,A,15.0
9708,medium,3,,4.0,1.9,C,
9709,high,2,5.0,5.0,9.2,B,-14.1
9710,high,2,5.0,14.0,8.4,D,-18.4
9711,medium,3,10.0,19.0,8.6,A,15.0
9712,none,1,35.0,8.0,8.8,A,4.9
9713,medium,2,20.0,22.0,1.8,C,-100.0
9714,none,1,12.0,0.0,1.2,A,-100.0
9715,medium,1,12.0,31.0,3.9,C,-9.4
9716,high,1,19.0,29.0,8.6,A,-18.4
9717,low,2,15.0,11.0,2.4,A,-16.4
9718,medium,1,7.0,9.0,8.3,A,15.0
9719,medium,2,9.0,0.0,3.5,B,-11.7
9720,low,2,2.0,3.0,2.3,A,-15.7
9721,high,0,1.0,29.0,8.6,A,-16.5
9722,none,0,2.0,30.0,8.1,C,4.6
9723,none,1,18.0,24.0,8.7,A,6.2
9724,high,1,10.0,13.0,6.4,A,-100.0
9725,medium,2,3.0,1.0,1.7,A,-100.0
9726,none,3,7.0,9.0,9.8,A,13.0
9727,high,2,5.0,1.0,9.6,A,-11.9
9728,low,0,7.0,25.0,3.8,A,-7.6
9729,medium,2,19.0,4.0,2.6,C,-17.6
9730,low,3,3.0,7.0,9.7,B,15.0
9731,low,2,8.0,11.0,7.4,A,11.8
9732,high,2,7.0,24.0,8.4,D,-18.5
9733,high,3,11.0,3.0,9.4,A,-13.7
9734,low,1,12.0,11.0,9.1,C,15.0
9735,medium,2,28.0,5.0,9.3,A,15.0
9736,medium,2,4.0,38.0,3.0,A,-13.6
9737,none,1,23.0,4.0,1.7,A,-100.0
9738,none,1,5.0,7.0,9.1,A,9.5
9739,low,2,12.0,1.0,1.9,A,-18.9
9740,,1,6.0,2.0,8.5,A,6.1
9741,low,2,5.0,5.0,1.4,A,-100.0
9742,high,2,25.0,14.0,3.8,A,-100.0
9743,none,2,19.0,27.0,6.3,A,-7.2
9744,medium,1,1.0,12.0,1.3,A,-100.0
9745,medium,3,13.0,13.0,2.2,B,-19.2
9746,low,4,10.0,5.0,3.7,A,-9.0
9747,high,0,7.0,3.0,4.1,A,-100.0
9748,high,4,14.0,6.0,9.8,A,-11.8
9749,low,1,6.0,1.0,9.3,A,15.0
9750,low,3,4.0,8.0,2.0,C,-17.6
9751,high,3,21.0,1.0,8.1,A,-100.0
9752,high,4,9.0,3.0,8.7,A,-17.4
9753,low,1,19.0,36.0,9.4,C,15.0
9754,high,2,14.0,6.0,8.6,C,-18.2
9755,high,2,14.0,14.0,1.4,A,-100.0
9756,medium,1,2.0,14.0,8.1,C,14.5
9757,low,2,1.0,0.0,5.7,B,3.0
9758,none,2,4.0,19.0,7.9,C,3.0
9759,low,3,8.0,2.0,2.9,A,-13.1
9760,none,1,1.0,19.0,5.6,A,-9.2
9761,high,2,4.0,30.0,8.9,A,-15.4
9762,low,2,4.0,12.0,8.1,A,15.0
9763,low,1,6.0,12.0,1.2,A,-100.0
9764,high,2,9.0,15.0,8.3,A,-19.3
9765,low,0,19.0,10.0,8.6,A,15.0
9766,medium,1,2.0,2.0,9.0,B,15.0
9767,low,1,9.0,15.0,2.9,A,-12.9
9768,high,2,33.0,23.0,7.7,A,-100.0
9769,medium,1,16.0,1.0,6.9,C,6.4
9770,low,2,34.0,28.0,1.4,A,-100.0
9771,medium,1,7.0,13.0,8.9,B,15.0
9772,high,1,14.0,5.0,9.5,A,-13.2
9773,low,3,4.0,1.0,4.6,B,-3.4
9774,medium,0,7.0,2.0,9.8,A,15.0
9775,none,1,8.0,5.0,7.4,A,-0.1
9776,medium,2,18.0,3.0,8.6,C,15.0
9777,low,1,18.0,0.0,6.3,C,4.7
9778,low,0,10.0,14.0,5.3,A,0.3
9779,high,1,9.0,15.0,2.7,B,-100.0
9780,none,1,22.0,49.0,6.0,C,-8.8
9781,high,4,26.0,3.0,2.5,D,-100.0
9782,low,0,10.0,10.0,8.2,A,15.0
9783,none,2,11.0,18.0,7.9,D,2.3
9784,none,1,3.0,0.0,9.1,B,9.6
9785,high,1,3.0,2.0,9.8,A,-10.5
9786,low,2,0.0,15.0,6.0,C,4.9
9787,low,1,6.0,8.0,7.9,A,14.8
9788,none,1,8.0,31.0,1.1,C,-100.0
9789,none,5,9.0,10.0,2.8,C,-100.0
9790,medium,1,8.0,16.0,4.8,A,-4.2
9791,medium,1,,10.0,7.4,C,
9792,medium,1,4.0,3.0,8.8,C,15.0
9793,none,1,,20.0,3.2,C,
9794,medium,0,8.0,3.0,5.3,A,-1.5
9795,medium,2,8.0,9.0,6.8,A,6.6
9796,low,2,9.0,8.0,1.5,A,-100.0
9797,high,2,2.0,17.0,1.6,B,-100.0
9798,medium,3,5.0,10.0,4.4,C,-6.4
9799,high,1,9.0,25.0,7.2,A,-100.0
9800,high,0,3.0,8.0,5.0,D,-100.0
9801,low,0,11.0,3.0,1.2,A,-100.0
9802,low,0,4.0,42.0,6.2,A,6.1
9803,none,0,8.0,18.0,1.1,A,-100.0
9804,low,3,5.0,12.0,6.1,B,4.9
9805,low,0,6.0,14.0,2.9,C,-12.5
9806,none,0,5.0,2.0,6.2,A,-6.4
9807,high,0,6.0,4.0,7.4,A,-100.0
9808,medium,2,9.0,45.0,6.5,A,5.2
9809,high,1,3.0,6.0,9.3,A,-13.2
9810,none,0,5.0,1.0,1.9,A,-100.0
9811,low,0,31.0,1.0,6.2,A,3.0
9812,low,3,13.0,0.0,8.9,A,15.0
9813,low,1,20.0,8.0,9.8,A,15.0
9814,none,2,12.0,10.0,9.4,A,10.4
9815,low,2,2.0,7.0,3.9,B,-6.9
9816,medium,5,12.0,4.0,1.8,C,-100.0
9817,low,2,7.0,3.0,9.2,A,15.0
9818,low,2,6.0,7.0,3.6,A,-8.9
9819,high,0,31.0,19.0,4.3,A,-100.0
9820,low,1,4.0,4.0,9.0,A,15.0
9821,low,2,18.0,11.0,2.4,A,-16.7
9822,low,2,8.0,3.0,9.6,C,15.0
9823,medium,0,4.0,2.0,9.4,A,15.0
9824,none,1,23.0,45.0,2.3,B,-100.0
9825,none,1,12.0,5.0,8.4,A,4.9
9826,medium,0,8.0,38.0,8.9,A,15.0
9827,,0,7.0,10.0,8.5,C,6.1
9828,low,0,4.0,9.0,7.0,A,10.2
9829,low,0,9.0,5.0,8.4,A,15.0
9830,high,2,7.0,0.0,9.9,C,-10.4
9831,low,2,21.0,2.0,8.9,A,15.0
9832,medium,5,37.0,5.0,9.3,D,15.0
9833,low,1,6.0,13.0,6.3,A,6.1
9834,high,1,9.0,3.0,9.6,A,-12.2
9835,low,0,3.0,1.0,4.4,A,-4.1
9836,low,2,4.0,18.0,1.7,A,-19.1
9837,high,0,15.0,3.0,7.5,A,-100.0
9838,medium,3,10.0,8.0,6.6,A,5.2
9839,none,0,13.0,18.0,2.1,A,-100.0
9840,none,1,7.0,12.0,6.2,A,-6.6
9841,none,1,2.0,12.0,4.2,A,-17.1
9842,high,1,3.0,3.0,10.0,D,-9.4
9843,low,1,18.0,19.0,9.7,A,15.0
9844,high,2,5.0,7.0,8.0,A,-100.0
9845,low,1,14.0,0.0,5.5,C,0.8
9846,high,0,9.0,3.0,8.5,A,-18.1
9847,high,2,9.0,4.0,9.6,A,-12.3
9848,low,0,4.0,11.0,5.4,A,1.4
9849,medium,0,17.0,50.0,9.0,D,15.0
9850,low,0,,15.0,6.4,C,
9851,high,2,6.0,11.0,3.7,A,-100.0
9852,low,2,3.0,50.0,8.2,B,15.0
9853,medium,0,18.0,1.0,3.5,B,-12.4
9854,high,1,16.0,4.0,8.3,A,-100.0
9855,,3,11.0,0.0,8.3,A,4.3
9856,medium,2,8.0,6.0,5.4,B,-1.1
9857,none,1,2.0,11.0,5.9,C,-7.7
9858,low,1,10.0,7.0,7.7,A,13.3
9859,medium,1,6.0,27.0,6.2,A,3.8
9860,high,2,6.0,9.0,1.3,A,-100.0
9861,medium,3,9.0,23.0,4.1,A,-8.3
9862,low,5,3.0,0.0,9.2,A,15.0
9863,low,1,15.0,33.0,1.7,A,-19.9
9864,medium,3,3.0,9.0,2.3,A,-17.7
9865,medium,1,15.0,0.0,9.8,A,15.0
9866,none,2,10.0,6.0,9.9,C,13.3
9867,high,0,4.0,4.0,,D,
9868,medium,1,7.0,1.0,8.2,A,14.4
9869,high,1,12.0,3.0,8.4,A,-19.1
9870,high,0,24.0,12.0,8.4,A,-100.0
9871,medium,3,7.0,6.0,5.5,C,-0.6
9872,low,1,1.0,0.0,6.2,A,5.9
9873,none,1,14.0,5.0,9.3,B,9.7
9874,high,3,5.0,6.0,8.3,C,-19.1
9875,none,2,10.0,9.0,8.2,A,4.0
9876,high,1,11.0,3.0,2.5,A,-100.0
9877,low,2,17.0,2.0,7.6,A,11.9
9878,low,2,4.0,15.0,6.8,A,8.9
9879,medium,2,6.0,12.0,9.9,A,15.0
9880,medium,0,11.0,6.0,8.8,A,15.0
9881,high,2,14.0,4.0,3.8,B,-100.0
9882,high,1,5.0,28.0,9.8,A,-10.4
9883,medium,1,15.0,13.0,2.8,A,-15.9
9884,high,1,19.0,11.0,9.4,A,-14.2
9885,low,3,7.0,13.0,6.3,A,5.8
9886,none,0,14.0,7.0,8.3,A,4.3
9887,medium,2,11.0,30.0,4.2,A,-7.8
9888,medium,0,6.0,7.0,2.6,A,-16.1
9889,high,2,7.0,17.0,4.4,C,-100.0
9890,high,0,12.0,16.0,2.0,A,-100.0
9891,medium,4,13.0,11.0,6.0,A,1.5
9892,,1,5.0,20.0,1.1,A,-100.0
9893,high,3,6.0,49.0,1.2,C,-100.0
9894,high,1,5.0,3.0,7.4,A,-100.0
9895,none,3,5.0,24.0,5.6,A,-9.8
9896,low,2,11.0,3.0,4.3,A,-5.6
9897,none,1,7.0,11.0,9.4,C,11.0
9898,high,0,4.0,9.0,8.8,A,-15.9
9899,low,4,4.0,4.0,4.9,A,-1.8
9900,low,0,18.0,11.0,3.6,A,-9.9
9901,high,1,9.0,10.0,5.4,A,-100.0
9902,high,0,11.0,9.0,2.8,A,-100.0
9903,,0,3.0,11.0,1.5,A,-100.0
9904,none,0,9.0,32.0,2.6,A,-100.0
9905,high,3,10.0,3.0,7.8,A,-100.0
9906,low,1,10.0,3.0,9.6,A,15.0
9907,high,0,1.0,9.0,6.4,C,-100.0
9908,none,2,12.0,31.0,1.5,D,-100.0
9909,medium,2,11.0,17.0,9.7,A,15.0
9910,medium,4,10.0,2.0,6.3,A,3.4
9911,low,3,11.0,15.0,3.0,B,-12.7
9912,high,2,10.0,20.0,2.1,A,-100.0
9913,none,1,4.0,3.0,2.5,A,-100.0
9914,medium,4,22.0,7.0,9.1,A,15.0
9915,high,0,22.0,0.0,8.1,C,-100.0
9916,high,2,6.0,23.0,1.1,A,-100.0
9917,,0,5.0,12.0,8.9,A,8.6
9918,high,0,15.0,5.0,6.6,A,-100.0
9919,none,4,17.0,11.0,9.9,A,12.5
9920,medium,1,2.0,9.0,4.8,A,-3.7
9921,low,3,17.0,31.0,8.9,B,15.0
9922,high,2,1.0,5.0,6.7,A,-100.0
9923,medium,3,,30.0,2.0,C,
9924,medium,0,8.0,16.0,5.9,A,1.9
9925,medium,3,5.0,4.0,3.0,A,-14.1
9926,medium,1,4.0,4.0,1.1,C,-100.0
9927,medium,3,26.0,5.0,1.6,C,-100.0
9928,none,2,6.0,21.0,5.0,A,-13.1
9929,high,2,22.0,3.0,1.5,A,-100.0
9930,medium,0,2.0,12.0,9.3,A,15.0
9931,low,2,5.0,20.0,5.0,A,-1.0
9932,high,0,1.0,3.0,5.8,A,-100.0
9933,medium,4,20.0,33.0,7.7,A,10.4
9934,low,0,16.0,38.0,4.1,A,-6.7
9935,medium,0,5.0,8.0,9.0,C,15.0
9936,none,2,9.0,14.0,9.4,A,10.7
9937,low,1,6.0,3.0,3.7,D,-8.3
9938,none,1,6.0,13.0,8.2,A,4.5
9939,low,0,2.0,34.0,6.2,B,6.2
9940,high,6,5.0,28.0,3.3,A,-100.0
9941,medium,3,4.0,13.0,2.6,C,-16.1
9942,low,3,23.0,23.0,8.5,A,15.0
9943,high,2,11.0,5.0,4.3,A,-100.0
9944,none,1,11.0,1.0,9.7,B,12.2
9945,none,0,5.0,11.0,9.7,A,13.0
9946,none,1,6.0,12.0,7.1,B,-1.5
9947,none,0,5.0,1.0,8.6,C,6.8
9948,high,3,7.0,9.0,5.3,A,-100.0
9949,high,1,7.0,0.0,2.9,A,-100.0
9950,low,2,8.0,37.0,3.1,B,-11.6
9951,medium,1,2.0,6.0,5.2,A,-1.5
9952,high,2,31.0,3.0,1.8,A,-100.0
9953,high,1,23.0,50.0,9.9,C,-11.4
9954,medium,0,3.0,0.0,2.8,A,-14.8
9955,medium,2,5.0,11.0,4.7,A,-4.6
9956,high,2,25.0,11.0,6.8,A,-100.0
9957,low,0,8.0,36.0,2.0,A,-17.4
9958,high,3,3.0,0.0,8.1,B,-100.0
9959,high,3,11.0,1.0,2.1,A,-100.0
9960,medium,2,10.0,11.0,4.4,D,-6.8
9961,low,1,13.0,33.0,1.4,D,-100.0
9962,none,0,9.0,39.0,8.8,C,
9963,medium,2,12.0,39.0,6.9,A,7.1
9964,low,2,1.0,10.0,6.6,C,8.1
9965,low,1,3.0,15.0,1.5,D,-20.0
9966,low,1,9.0,40.0,1.4,A,-100.0
9967,high,1,9.0,5.0,7.2,C,-100.0
9968,high,2,3.0,10.0,3.7,A,-100.0
9969,medium,0,10.0,29.0,1.8,A,-100.0
9970,high,2,9.0,3.0,8.5,B,-18.3
9971,low,2,16.0,15.0,7.9,A,13.8
9972,medium,1,9.0,24.0,9.9,C,15.0
9973,low,3,6.0,0.0,4.9,A,-1.9
9974,none,6,18.0,10.0,9.7,A,11.1
9975,low,0,2.0,5.0,9.3,A,15.0
9976,,4,6.0,4.0,9.9,A,13.5
9977,high,2,3.0,18.0,9.3,A,-13.2
9978,none,2,5.0,1.0,8.0,D,3.3
9979,low,1,6.0,14.0,9.1,A,15.0
9980,medium,2,1.0,3.0,4.3,C,-6.5
9981,medium,2,5.0,11.0,6.9,A,7.5
9982,low,2,7.0,5.0,8.1,A,15.0
9983,high,3,18.0,1.0,1.3,A,-100.0
9984,medium,1,1.0,24.0,5.4,A,-0.1
9985,high,0,1.0,3.0,8.5,A,-17.3
9986,high,1,15.0,1.0,5.2,A,-100.0
9987,low,2,20.0,22.0,2.1,C,-18.4
9988,medium,1,5.0,32.0,6.1,A,3.4
9989,high,3,32.0,8.0,5.9,A,-100.0
9990,medium,3,10.0,3.0,1.4,A,-100.0
9991,low,2,5.0,4.0,1.8,B,-18.8
9992,none,0,11.0,21.0,1.3,A,-100.0
9993,medium,0,14.0,5.0,1.4,A,-100.0
9994,medium,3,10.0,15.0,9.2,A,15.0
9995,high,1,16.0,15.0,5.1,C,-100.0
9996,none,1,7.0,2.0,5.8,B,-8.9
9997,high,2,26.0,3.0,1.7,A,-100.0
9998,low,2,11.0,17.0,8.3,B,15.0
9999,high,2,6.0,10.0,1.5,B,-100.0
10000,none,0,11.0,35.0,3.4,A,-100.0
10001,high,0,1.0,3.0,1.6,C,-100.0
10002,medium,2,2.0,10.0,2.9,A,-14.2
10003,medium,1,4.0,2.0,8.3,A,15.0
10004,none,5,28.0,2.0,7.2,A,-3.7
10005,high,1,4.0,50.0,4.5,B,-100.0
10006,high,0,6.0,31.0,3.3,A,-100.0
10007,medium,3,18.0,22.0,3.5,B,-12.5
10008,medium,3,11.0,6.0,2.3,D,-18.6
10009,medium,2,7.0,23.0,4.8,B,-4.1
10010,high,2,7.0,4.0,5.3,A,-100.0
10011,low,0,6.0,29.0,5.4,B,1.4
10012,medium,3,17.0,1.0,2.7,C,-17.0
10013,medium,2,8.0,15.0,8.5,A,15.0
10014,low,0,3.0,4.0,4.9,A,-1.3
10015,medium,0,21.0,15.0,8.4,A,14.4
10016,medium,1,6.0,36.0,9.4,A,15.0
10017,medium,1,15.0,21.0,3.5,A,-12.0
10018,low,3,22.0,19.0,2.9,B,-14.4
10019,medium,1,12.0,11.0,9.1,C,15.0
10020,medium,1,3.0,34.0,7.8,A,13.0
10021,medium,0,4.0,2.0,9.3,A,15.0
10022,low,1,1.0,50.0,5.8,A,4.2
10023,medium,1,2.0,24.0,9.9,A,15.0
10024,high,2,18.0,8.0,2.1,A,-100.0
10025,medium,2,11.0,1.0,3.0,C,-14.7
10026,none,0,8.0,14.0,9.9,B,13.8
10027,high,1,4.0,3.0,9.3,A,-13.3
10028,high,1,17.0,12.0,9.2,A,-15.1
10029,low,2,6.0,7.0,9.9,A,15.0
10030,high,1,5.0,2.0,10.0,A,-9.6
10031,medium,3,18.0,15.0,9.6,B,15.0
10032,high,1,17.0,0.0,8.2,D,-100.0
10033,low,2,5.0,4.0,5.8,A,3.2
10034,none,2,4.0,3.0,9.6,B,12.2
10035,high,1,10.0,10.0,1.4,A,-100.0
10036,high,1,7.0,2.0,7.1,B,-100.0
10037,high,0,21.0,2.0,3.5,A,-100.0
10038,high,1,7.0,4.0,2.1,A,-100.0
10039,high,2,20.0,7.0,9.9,A,-11.7
10040,medium,3,7.0,2.0,9.3,A,15.0
10041,medium,1,11.0,1.0,2.3,A,-18.4
10042,low,3,3.0,12.0,2.0,A,-17.5
10043,low,1,16.0,6.0,9.2,A,15.0
10044,high,2,7.0,10.0,9.9,A,-10.4
10045,none,2,8.0,27.0,3.5,A,-100.0
10046,none,1,3.0,36.0,5.0,C,-12.5
10047,low,1,2.0,6.0,9.9,A,15.0
10048,low,0,16.0,13.0,4.4,A,-5.3
10049,low,1,36.0,6.0,6.7,D,5.2
10050,high,3,3.0,8.0,6.6,A,-100.0
10051,high,1,24.0,3.0,9.5,A,-14.2
10052,low,0,7.0,14.0,4.9,A,-1.6
10053,low,1,12.0,10.0,3.5,B,-10.0
10054,medium,1,9.0,1.0,8.9,A,15.0
10055,high,3,9.0,5.0,1.1,C,-100.0
10056,medium,2,9.0,24.0,7.0,A,7.8
10057,high,1,14.0,16.0,1.2,A,-100.0
10058,medium,1,10.0,8.0,5.3,A,-1.7
10059,medium,2,15.0,3.0,9.3,A,15.0
10060,medium,2,13.0,14.0,9.3,A,15.0
10061,medium,1,2.0,11.0,4.6,A,-4.8
10062,high,1,10.0,12.0,1.2,B,-100.0
10063,medium,0,4.0,13.0,2.7,A,-15.3
10064,low,2,13.0,13.0,8.4,A,15.0
10065,medium,0,4.0,14.0,1.3,A,-100.0
10066,none,1,4.0,8.0,8.5,A,6.3
10067,medium,3,6.0,29.0,9.4,A,15.0
10068,low,3,8.0,7.0,9.6,A,15.0
10069,medium,2,5.0,10.0,4.5,A,-5.7
10070,medium,1,8.0,7.0,3.0,A,-14.2
10071,medium,1,8.0,7.0,8.0,C,13.3
10072,high,2,22.0,28.0,3.9,C,-100.0
10073,low,1,7.0,11.0,3.3,A,-10.5
10074,high,2,11.0,1.0,8.3,A,-19.6
10075,medium,2,17.0,37.0,1.6,A,-100.0
10076,high,1,2.0,31.0,9.1,C,-13.9
10077,high,2,6.0,19.0,1.6,A,-100.0
10078,medium,1,5.0,8.0,3.8,A,-9.5
10079,high,1,14.0,4.0,7.0,A,-100.0
10080,medium,1,7.0,3.0,8.2,A,14.5
10081,high,1,8.0,29.0,8.0,A,-100.0
10082,high,0,16.0,12.0,1.8,A,-100.0
10083,high,1,22.0,13.0,4.4,A,-100.0
10084,medium,5,30.0,9.0,9.5,B,15.0
10085,medium,4,11.0,3.0,7.0,C,7.2
10086,medium,1,8.0,4.0,2.8,C,-15.3
10087,medium,2,10.0,21.0,9.7,D,15.0
10088,low,1,7.0,18.0,9.5,A,15.0
10089,medium,1,27.0,16.0,6.3,D,2.1
10090,high,1,12.0,11.0,7.3,A,-100.0
10091,high,1,2.0,3.0,9.7,A,-10.9
10092,low,1,8.0,15.0,3.2,C,-11.1
10093,medium,0,4.0,3.0,1.8,B,-100.0
10094,low,3,15.0,20.0,9.8,A,15.0
10095,high,2,30.0,8.0,9.3,A,-16.0
10096,none,2,3.0,6.0,8.0,A,3.6
10097,low,0,16.0,5.0,2.0,A,-18.6
10098,medium,0,0.0,0.0,3.0,C,-13.4
10099,high,4,4.0,3.0,4.9,B,-100.0
10100,none,1,8.0,1.0,8.6,A,6.4
10101,low,1,6.0,2.0,1.5,C,-100.0
10102,high,2,8.0,4.0,4.2,A,-100.0
10103,medium,1,12.0,27.0,9.2,A,15.0
10104,high,2,30.0,0.0,9.2,C,-16.6
10105,high,3,4.0,4.0,8.2,D,-19.6
10106,low,1,5.0,6.0,1.4,A,-100.0
10107,none,1,11.0,4.0,7.0,B,-2.7
10108,high,1,14.0,4.0,4.3,A,-100.0
10109,medium,0,5.0,4.0,3.2,B,-12.7
10110,low,0,27.0,3.0,9.2,A,15.0
10111,medium,2,,13.0,5.2,C,
10112,high,2,16.0,1.0,9.7,C,-12.4
10113,high,1,16.0,1.0,9.6,B,-12.9
10114,low,1,9.0,19.0,8.5,A,15.0
10115,medium,0,30.0,9.0,9.7,A,15.0
10116,low,4,29.0,4.0,1.8,C,-100.0
10117,none,0,12.0,11.0,2.8,A,-100.0
10118,none,3,7.0,12.0,8.5,A,5.9
10119,low,0,2.0,3.0,9.1,C,15.0
10120,none,1,39.0,15.0,4.9,C,-16.9
10121,medium,2,6.0,0.0,6.2,A,3.4
10122,,1,4.0,20.0,4.4,A,-16.1
10123,medium,2,9.0,14.0,8.9,A,15.0
10124,high,2,2.0,38.0,7.7,A,-100.0
10125,medium,2,7.0,2.0,4.3,A,-7.1
10126,low,1,6.0,8.0,8.4,A,15.0
10127,none,0,17.0,8.0,6.8,C,-4.2
10128,medium,0,28.0,9.0,2.0,A,-100.0
10129,none,1,29.0,1.0,9.7,A,10.4
10130,high,1,10.0,7.0,1.9,D,-100.0
10131,medium,3,8.0,11.0,8.1,A,13.7
10132,low,1,7.0,14.0,8.8,A,15.0
10133,,2,17.0,3.0,8.2,A,3.2
10134,high,1,3.0,7.0,8.6,A,-17.0
10135,,1,29.0,9.0,4.0,C,-100.0
10136,medium,1,10.0,10.0,1.8,A,-100.0
10137,low,1,15.0,6.0,1.1,A,-100.0
10138,medium,3,12.0,9.0,7.3,A,8.9
10139,low,1,3.0,3.0,8.5,A,15.0
10140,low,1,25.0,18.0,9.9,B,15.0
10141,none,2,8.0,50.0,1.3,A,-100.0
10142,high,0,5.0,11.0,8.8,A,-16.0
10143,medium,2,4.0,20.0,3.8,B,-9.4
10144,low,3,21.0,2.0,7.1,A,8.7
10145,high,2,4.0,18.0,4.8,B,-100.0
10146,medium,1,12.0,21.0,7.3,A,9.2
10147,medium,3,15.0,12.0,8.9,A,15.0
10148,high,1,5.0,1.0,1.6,C,-100.0
10149,low,0,11.0,15.0,9.9,A,15.0
10150,high,1,12.0,18.0,9.3,A,-14.0
10151,medium,2,15.0,1.0,9.1,A,15.0
10152,medium,1,15.0,1.0,5.3,B,-2.3
10153,high,0,6.0,12.0,8.4,A,-18.3
10154,medium,3,5.0,10.0,2.5,A,-16.8
10155,low,0,9.0,21.0,8.6,A,15.0
10156,low,3,2.0,2.0,3.4,C,-9.8
10157,high,2,22.0,17.0,2.0,A,-100.0
10158,high,3,17.0,8.0,8.2,C,-100.0
10159,none,0,25.0,6.0,5.6,A,-11.6
10160,high,2,6.0,5.0,9.6,A,-11.9
10161,low,3,3.0,1.0,9.7,A,15.0
10162,high,2,3.0,8.0,9.5,A,-12.2
10163,medium,1,6.0,8.0,6.2,A,3.6
10164,low,2,12.0,24.0,7.5,A,12.1
10165,none,1,4.0,4.0,3.1,A,-100.0
10166,low,1,5.0,7.0,5.3,A,0.6
10167,low,2,10.0,18.0,8.0,C,15.0
10168,high,2,1.0,5.0,9.9,C,-9.8
10169,medium,0,14.0,7.0,5.9,A,1.2
10170,medium,0,3.0,10.0,1.6,A,-100.0
10171,medium,2,6.0,2.0,1.8,A,-100.0
10172,high,1,9.0,10.0,9.6,C,-12.1
10173,high,1,20.0,5.0,6.4,A,-100.0
10174,low,0,7.0,13.0,2.3,A,-15.9
10175,high,2,11.0,8.0,6.0,C,-100.0
10176,high,0,18.0,1.0,1.1,A,-100.0
10177,,1,7.0,1.0,7.0,A,-2.3
10178,high,1,5.0,5.0,2.5,A,-100.0
10179,low,0,3.0,16.0,7.0,A,10.4
10180,low,0,6.0,26.0,5.1,A,-0.3
10181,medium,0,7.0,22.0,5.0,A,-2.9
10182,medium,0,9.0,27.0,3.7,B,-10.2
10183,high,1,3.0,8.0,9.5,B,-12.1
10184,medium,2,2.0,0.0,9.7,B,15.0
10185,none,1,14.0,16.0,3.4,A,-100.0
10186,low,1,17.0,17.0,2.2,C,-17.5
10187,high,2,4.0,3.0,3.9,A,-100.0
10188,medium,0,10.0,3.0,10.0,B,15.0
10189,low,1,7.0,5.0,8.9,A,15.0
10190,low,1,5.0,1.0,7.2,A,11.0
10191,high,0,11.0,19.0,7.6,A,-100.0
10192,low,0,5.0,39.0,1.2,A,-100.0
10193,none,0,8.0,2.0,1.7,C,-100.0
10194,,2,6.0,10.0,2.2,B,-100.0
10195,high,0,1.0,9.0,9.6,C,-11.2
10196,high,0,8.0,14.0,9.1,A,-14.6
10197,high,0,,4.0,5.8,C,
10198,high,1,,1.0,9.2,C,
10199,low,2,17.0,32.0,9.2,A,15.0
10200,high,1,13.0,13.0,2.1,A,-100.0
10201,medium,2,6.0,47.0,8.9,A,15.0
10202,medium,2,12.0,0.0,6.2,A,2.8
10203,high,0,12.0,1.0,6.0,A,-100.0
10204,high,1,11.0,5.0,5.8,C,-100.0
10205,low,0,12.0,24.0,7.0,C,9.5
10206,high,4,1.0,5.0,7.5,C,-100.0
10207,low,1,4.0,1.0,2.3,A,-15.8
10208,medium,2,4.0,1.0,1.7,A,-100.0
10209,high,2,8.0,3.0,5.8,D,-100.0
10210,medium,3,11.0,2.0,6.8,A,6.1
10211,medium,0,6.0,4.0,4.5,A,-5.7
10212,low,2,7.0,11.0,6.4,A,6.4
10213,low,2,22.0,0.0,3.0,A,-13.9
10214,medium,2,22.0,0.0,8.1,A,12.3
10215,high,2,13.0,12.0,8.1,A,-100.0
10216,low,2,15.0,15.0,6.3,A,5.1
10217,low,2,2.0,15.0,6.1,A,5.3
10218,none,0,12.0,42.0,9.9,A,13.7
10219,high,2,1.0,7.0,1.4,A,-100.0
10220,high,0,7.0,2.0,10.0,C,-9.7
10221,low,1,13.0,4.0,9.1,D,15.0
10222,medium,2,7.0,19.0,,D,
10223,medium,1,7.0,5.0,4.6,A,-5.3
10224,low,5,12.0,1.0,4.9,B,-2.7
10225,low,2,10.0,0.0,4.4,A,-5.0
10226,low,0,4.0,4.0,4.1,A,-5.8
10227,high,2,4.0,0.0,1.3,A,-100.0
10228,medium,3,1.0,8.0,5.0,B,-2.7
10229,medium,1,23.0,17.0,2.2,A,-100.0
10230,high,1,2.0,3.0,6.5,A,-100.0
10231,low,0,3.0,8.0,8.3,B,15.0
10232,none,1,7.0,23.0,9.0,A,8.9
10233,medium,4,16.0,10.0,4.0,C,-9.8
10234,high,1,4.0,30.0,2.9,A,-100.0
10235,high,0,7.0,11.0,8.2,A,-19.5
10236,low,1,13.0,23.0,1.7,A,-19.8
10237,none,0,25.0,32.0,3.4,A,-100.0
10238,medium,3,13.0,25.0,7.5,A,10.0
10239,low,1,24.0,4.0,4.9,A,-3.5
10240,medium,1,13.0,11.0,9.1,C,15.0
10241,low,2,3.0,5.0,3.2,A,-10.9
10242,high,0,8.0,7.0,7.0,A,-100.0
10243,medium,0,8.0,0.0,10.0,A,15.0
10244,medium,1,3.0,32.0,2.5,A,-16.2
10245,low,0,3.0,13.0,9.9,A,15.0
10246,low,0,9.0,2.0,4.2,A,-5.8
10247,none,2,13.0,18.0,7.0,C,-2.8
10248,medium,2,6.0,12.0,3.7,A,-10.2
10249,high,3,20.0,5.0,8.2,A,-100.0
10250,low,2,11.0,2.0,9.6,C,15.0
10251,low,1,14.0,18.0,9.0,A,15.0
10252,low,2,5.0,47.0,1.3,A,-100.0
10253,none,2,17.0,4.0,6.2,A,-7.8
10254,medium,1,4.0,9.0,9.4,C,15.0
10255,none,2,22.0,6.0,6.1,A,-8.8
10256,medium,1,7.0,2.0,7.4,A,10.0
10257,none,2,6.0,16.0,9.3,C,10.5
10258,none,2,7.0,0.0,3.6,A,-100.0
10259,low,1,21.0,4.0,1.8,A,-100.0
10260,high,0,5.0,4.0,4.4,A,-100.0
10261,medium,0,10.0,2.0,8.1,A,13.7
10262,medium,3,7.0,10.0,8.0,A,13.2
10263,low,2,26.0,14.0,9.1,C,15.0
10264,,3,18.0,6.0,7.6,A,-0.2
10265,medium,0,13.0,25.0,3.5,A,-11.7
10266,low,0,11.0,10.0,7.0,B,9.5
10267,medium,2,11.0,16.0,8.3,A,14.6
10268,high,0,3.0,2.0,3.6,A,-100.0
10269,low,1,19.0,29.0,8.9,A,15.0
10270,none,2,13.0,5.0,8.6,A,5.9
10271,high,2,1.0,30.0,7.7,A,-100.0
10272,medium,1,9.0,21.0,4.9,C,-3.7
10273,medium,0,1.0,8.0,8.2,A,15.0
10274,high,2,1.0,8.0,5.8,A,-100.0
10275,none,1,18.0,4.0,8.3,A,3.8
10276,high,1,24.0,9.0,5.0,A,-100.0
10277,medium,1,6.0,14.0,5.5,A,-0.2
10278,high,1,9.0,5.0,2.7,A,-100.0
10279,medium,0,11.0,3.0,8.5,A,15.0
10280,high,1,13.0,24.0,8.3,C,-19.5
10281,low,1,15.0,11.0,8.5,A,15.0
10282,medium,0,8.0,48.0,9.3,A,15.0
10283,high,1,7.0,17.0,1.5,C,-100.0
10284,high,2,13.0,15.0,6.8,A,-100.0
10285,medium,1,6.0,31.0,9.3,A,15.0
10286,low,1,15.0,10.0,8.4,C,15.0
10287,high,3,16.0,1.0,9.8,A,-12.0
10288,low,5,11.0,8.0,5.5,A,0.7
10289,high,0,10.0,32.0,9.4,B,-13.0
10290,low,0,,6.0,6.5,C,
10291,none,4,9.0,3.0,3.4,A,-100.0
10292,low,2,16.0,20.0,9.6,A,15.0
10293,high,1,7.0,4.0,6.4,A,-100.0
10294,none,1,4.0,39.0,2.2,A,-100.0
10295,high,3,13.0,33.0,3.2,A,-100.0
10296,none,3,12.0,6.0,4.5,A,-16.7
10297,high,4,15.0,11.0,3.6,A,-100.0
10298,high,0,8.0,17.0,8.8,A,-16.2
10299,low,0,28.0,14.0,5.9,A,1.8
10300,low,2,8.0,4.0,8.1,C,15.0
10301,none,2,10.0,15.0,9.6,C,11.7
10302,low,0,10.0,22.0,3.9,A,-7.3
10303,high,1,17.0,16.0,6.4,A,-100.0
10304,low,3,1.0,16.0,8.2,A,15.0
10305,medium,0,,14.0,9.4,C,
10306,high,0,6.0,4.0,2.5,C,-100.0
10307,medium,0,11.0,13.0,3.9,A,-9.4
10308,high,3,11.0,7.0,8.6,D,-18.0
10309,high,3,8.0,10.0,1.2,A,-100.0
10310,high,2,8.0,42.0,9.5,A,-12.3
10311,none,2,6.0,14.0,3.5,A,-100.0
10312,medium,1,8.0,21.0,9.8,A,15.0
10313,low,0,19.0,1.0,1.5,C,-100.0
10314,,0,10.0,17.0,2.9,C,-100.0
10315,high,1,8.0,6.0,9.0,A,-15.3
10316,low,2,,0.0,6.7,C,
10317,low,2,4.0,0.0,3.9,C,-7.1
10318,none,2,1.0,6.0,9.3,A,10.9
10319,low,0,6.0,3.0,6.7,A,8.3
10320,high,4,8.0,3.0,4.6,C,-100.0
10321,low,1,4.0,27.0,9.5,C,15.0
10322,low,2,20.0,34.0,8.8,B,15.0
10323,medium,2,11.0,6.0,9.1,A,15.0
10324,low,0,2.0,4.0,9.2,C,15.0
10325,high,2,8.0,9.0,9.5,A,-12.7
10326,none,1,17.0,3.0,8.6,A,5.5
10327,medium,2,13.0,8.0,8.7,A,15.0
10328,high,1,2.0,5.0,7.0,A,-100.0
10329,low,1,2.0,17.0,2.8,B,-12.7
10330,low,2,6.0,4.0,1.8,A,-18.9
10331,low,1,1.0,9.0,8.5,C,15.0
10332,none,0,13.0,8.0,8.7,A,6.6
10333,low,2,12.0,3.0,6.7,A,7.5
10334,low,4,12.0,10.0,8.3,A,15.0
10335,medium,4,3.0,15.0,8.4,A,15.0
10336,low,0,7.0,12.0,2.7,A,-13.7
10337,low,2,8.0,15.0,8.7,A,15.0
10338,low,1,16.0,8.0,9.6,C,15.0
10339,none,0,4.0,6.0,9.9,A,14.1
10340,,0,9.0,3.0,2.4,D,-100.0
10341,none,2,10.0,4.0,2.2,A,-100.0
10342,none,2,10.0,13.0,4.4,B,-16.9
10343,medium,1,14.0,9.0,2.9,C,-15.3
10344,high,4,17.0,18.0,8.5,A,-19.2
10345,high,2,13.0,14.0,2.0,C,-100.0
10346,low,0,3.0,12.0,3.5,A,-8.9
10347,low,4,10.0,6.0,8.6,A,15.0
10348,low,4,2.0,10.0,9.1,A,15.0
10349,medium,1,18.0,0.0,4.1,A,-9.2
10350,medium,4,5.0,6.0,3.6,C,-10.9
10351,high,1,11.0,2.0,7.3,A,-100.0
10352,none,0,1.0,28.0,5.9,A,-7.4
10353,low,1,11.0,1.0,2.3,A,-16.5
10354,medium,4,14.0,3.0,2.6,A,-17.3
10355,high,2,9.0,5.0,3.3,C,-100.0
10356,medium,1,10.0,15.0,8.4,C,15.0
10357,none,3,16.0,10.0,9.5,A,10.5
10358,none,4,9.0,2.0,8.2,B,3.8
10359,medium,0,28.0,50.0,6.7,C,4.7
10360,high,1,9.0,23.0,2.5,A,-100.0
10361,medium,1,8.0,8.0,7.9,C,12.8
10362,low,1,4.0,15.0,9.7,A,15.0
10363,medium,5,2.0,15.0,9.0,C,15.0
10364,high,2,3.0,6.0,6.5,A,-100.0
10365,high,1,5.0,19.0,4.1,C,-100.0
10366,medium,2,21.0,12.0,9.4,C,15.0
10367,high,1,12.0,3.0,1.5,A,-100.0
10368,high,0,18.0,5.0,8.2,A,-100.0
10369,low,2,3.0,10.0,5.3,B,0.8
10370,high,0,3.0,9.0,3.0,A,-100.0
10371,medium,4,6.0,10.0,2.5,C,-17.0
10372,medium,1,12.0,2.0,3.0,A,-14.6
10373,low,1,3.0,8.0,7.5,B,12.9
10374,none,0,7.0,4.0,6.8,A,-3.3
10375,high,1,4.0,8.0,1.2,A,-100.0
10376,none,2,6.0,2.0,9.0,A,8.7
10377,none,1,17.0,20.0,9.5,C,10.6
10378,high,1,13.0,2.0,10.0,A,-10.4
10379,low,0,13.0,50.0,8.1,D,15.0
10380,high,1,20.0,7.0,9.8,A,-12.1
10381,none,0,4.0,20.0,8.8,A,8.2
10382,medium,1,7.0,12.0,8.8,A,15.0
10383,low,2,3.0,7.0,7.8,A,14.5
10384,high,0,20.0,9.0,3.8,A,-100.0
10385,,3,9.0,6.0,8.4,C,5.1
10386,none,1,14.0,10.0,6.5,B,-5.7
10387,medium,2,3.0,2.0,3.2,B,-12.8
10388,high,2,7.0,14.0,3.7,D,-100.0
10389,high,1,2.0,20.0,8.4,B,-17.9
10390,none,1,3.0,13.0,4.9,A,-13.3
10391,none,5,2.0,13.0,9.1,C,9.5
10392,high,0,29.0,7.0,1.9,A,-100.0
10393,high,3,6.0,17.0,9.2,A,-14.1
10394,medium,5,12.0,37.0,3.5,B,-12.0
10395,low,1,3.0,1.0,5.3,A,0.8
10396,low,2,3.0,44.0,8.7,A,15.0
10397,high,0,19.0,18.0,2.6,A,-100.0
10398,medium,3,36.0,20.0,3.6,A,-13.8
10399,none,1,19.0,0.0,8.4,A,4.2
10400,high,0,14.0,27.0,7.2,A,-100.0
10401,medium,4,9.0,3.0,3.8,D,-10.2
10402,low,1,3.0,2.0,7.9,A,15.0
10403,high,2,1.0,19.0,8.9,C,-15.2
10404,low,0,11.0,14.0,1.4,A,-100.0
10405,high,1,6.0,35.0,1.7,A,-100.0
10406,medium,1,4.0,13.0,8.1,A,14.3
10407,none,1,17.0,2.0,1.8,C,-100.0
10408,high,1,5.0,5.0,8.5,A,-17.8
10409,medium,3,11.0,14.0,9.9,C,15.0
10410,high,1,8.0,6.0,3.7,A,-100.0
10411,medium,1,12.0,11.0,9.5,A,15.0
10412,none,2,22.0,4.0,2.4,A,-100.0
10413,low,1,10.0,6.0,2.5,A,-15.3
10414,low,3,17.0,6.0,1.8,D,-100.0
10415,low,1,5.0,5.0,9.1,C,15.0
10416,none,3,5.0,34.0,7.8,A,2.4
10417,high,0,22.0,2.0,9.0,C,-16.7
10418,,2,3.0,7.0,9.0,A,9.1
10419,medium,1,28.0,8.0,7.9,A,10.8
10420,medium,1,18.0,7.0,8.1,A,12.8
10421,low,1,5.0,10.0,3.5,A,-9.3
10422,low,2,2.0,2.0,7.6,A,13.4
10423,high,2,7.0,1.0,2.6,A,-100.0
10424,low,1,20.0,8.0,10.0,A,15.0
10425,low,1,23.0,27.0,5.8,C,1.8
10426,high,3,4.0,6.0,2.2,A,-100.0
10427,high,2,18.0,1.0,8.2,D,-100.0
10428,medium,0,5.0,12.0,9.5,A,15.0
10429,low,2,4.0,19.0,7.7,B,13.9
10430,high,1,7.0,20.0,6.5,A,-100.0
10431,medium,1,6.0,3.0,10.0,A,15.0
10432,medium,0,4.0,32.0,6.2,D,4.1
10433,low,3,10.0,4.0,5.5,A,1.0
10434,high,0,1.0,5.0,5.3,A,-100.0
10435,low,0,8.0,21.0,1.2,A,-100.0
10436,low,2,16.0,50.0,1.5,B,-100.0
10437,low,0,17.0,5.0,9.3,A,15.0
10438,medium,2,11.0,2.0,6.6,A,5.1
10439,none,3,4.0,22.0,6.5,C,-4.7
10440,low,1,15.0,3.0,9.3,C,15.0
10441,high,3,6.0,2.0,8.3,D,-19.2
10442,high,3,1.0,1.0,9.6,A,-11.6
10443,low,0,17.0,12.0,1.6,A,-100.0
10444,none,1,0.0,8.0,,A,
10445,medium,2,5.0,10.0,2.0,C,-19.5
10446,low,0,15.0,3.0,1.1,A,-100.0
10447,high,1,15.0,2.0,8.9,C,-16.6
10448,high,0,6.0,4.0,2.3,A,-100.0
10449,high,0,4.0,16.0,9.0,C,-14.7
10450,none,0,11.0,16.0,5.7,A,-9.6
10451,high,2,8.0,4.0,9.7,A,-11.6
10452,high,2,8.0,29.0,9.3,A,-13.6
10453,none,1,3.0,50.0,9.8,A,14.0
10454,,1,21.0,43.0,9.2,B,8.8
10455,medium,1,14.0,21.0,9.4,B,15.0
10456,high,3,12.0,40.0,9.4,A,-13.4
10457,high,3,4.0,1.0,3.2,A,-100.0
10458,high,2,4.0,2.0,9.7,A,-11.2
10459,low,2,10.0,40.0,2.3,C,-16.1
10460,medium,1,8.0,1.0,8.3,C,14.9
10461,high,0,5.0,3.0,9.6,A,-11.7
10462,low,0,5.0,21.0,8.6,A,15.0
10463,high,2,2.0,1.0,9.0,C,-14.9
10464,medium,1,8.0,2.0,8.5,C,15.0
10465,high,2,9.0,24.0,6.5,B,-100.0
10466,low,0,4.0,6.0,3.4,C,-9.6
10467,low,3,4.0,11.0,1.7,A,-19.2
10468,high,0,10.0,8.0,1.6,A,-100.0
10469,high,3,6.0,5.0,7.1,A,-100.0
10470,none,3,10.0,1.0,4.8,C,-14.9
10471,low,2,12.0,0.0,2.5,C,-15.6
10472,medium,1,4.0,28.0,4.1,A,-7.5
10473,low,2,6.0,11.0,3.4,A,-10.0
10474,medium,1,7.0,8.0,9.8,C,15.0
10475,low,2,6.0,3.0,9.3,A,15.0
10476,low,2,11.0,5.0,3.4,C,-10.5
10477,none,2,3.0,50.0,3.8,C,-19.1
10478,high,0,7.0,42.0,4.8,A,-100.0
10479,medium,2,3.0,26.0,2.2,A,-18.0
10480,high,1,16.0,5.0,7.4,C,-100.0
10481,medium,0,2.0,4.0,4.8,A,-3.6
10482,high,1,4.0,14.0,2.3,A,-100.0
10483,low,2,7.0,14.0,7.0,A,9.7
10484,low,2,13.0,14.0,3.0,A,-12.9
10485,high,2,9.0,6.0,8.9,A,-16.1
10486,low,0,9.0,13.0,7.9,A,14.7
10487,low,2,12.0,17.0,9.1,A,15.0
10488,low,0,1.0,7.0,8.4,C,15.0
10489,medium,1,2.0,0.0,5.9,A,2.3
10490,high,0,19.0,12.0,2.7,A,-100.0
10491,high,0,28.0,40.0,2.9,A,-100.0
10492,high,1,2.0,23.0,5.0,C,-100.0
10493,medium,0,6.0,9.0,7.9,A,13.1
10494,low,1,11.0,20.0,3.5,C,-9.8
10495,low,1,,7.0,5.6,C,
10496,none,0,4.0,16.0,8.7,C,7.6
10497,low,1,21.0,10.0,9.5,A,15.0
10498,none,0,2.0,7.0,9.0,A,9.4
10499,none,2,5.0,16.0,4.1,D,-18.0
10500,low,4,12.0,33.0,9.9,B,15.0
10501,high,1,5.0,20.0,9.5,A,-12.2
10502,,0,7.0,5.0,6.2,C,-6.6
10503,high,3,2.0,1.0,9.6,C,-11.7
10504,medium,3,9.0,2.0,8.7,A,15.0
10505,none,1,3.0,37.0,8.0,A,4.0
10506,low,2,6.0,11.0,5.5,A,1.6
10507,low,1,4.0,12.0,1.9,A,-17.9
10508,medium,0,19.0,0.0,5.0,A,-4.3
10509,medium,4,10.0,16.0,8.3,B,14.5
10510,high,3,2.0,31.0,6.7,C,-100.0
10511,low,0,4.0,11.0,7.4,A,12.4
10512,none,1,7.0,14.0,2.2,A,-100.0
10513,high,1,4.0,6.0,3.6,A,-100.0
10514,none,1,10.0,21.0,2.3,A,-100.0
10515,high,0,3.0,3.0,1.8,A,-100.0
10516,low,1,9.0,13.0,4.6,A,-3.6
10517,high,2,17.0,15.0,9.7,A,-12.4
10518,high,1,4.0,3.0,5.3,A,-100.0
10519,medium,2,13.0,19.0,9.6,A,15.0
10520,low,0,15.0,6.0,4.9,A,-2.5
10521,high,1,7.0,8.0,7.2,A,-100.0
10522,none,1,7.0,15.0,8.7,A,7.2
10523,high,1,3.0,4.0,2.7,D,-100.0
10524,high,2,14.0,0.0,6.2,A,-100.0
10525,medium,1,4.0,18.0,6.7,A,6.7
10526,high,3,17.0,2.0,2.7,A,-100.0
10527,,2,,5.0,8.6,C,
10528,high,3,3.0,10.0,8.8,A,-16.1
10529,high,3,17.0,10.0,8.2,A,-100.0
10530,low,2,15.0,4.0,6.6,A,
10531,medium,2,5.0,12.0,8.9,C,15.0
10532,medium,0,26.0,0.0,8.1,A,12.1
10533,high,1,7.0,0.0,8.4,A,-18.6
10534,low,0,7.0,20.0,5.6,C,2.3
10535,low,2,7.0,1.0,3.2,A,-11.3
10536,none,3,5.0,25.0,9.4,C,11.1
10537,high,1,11.0,11.0,6.0,A,-100.0
10538,low,3,10.0,26.0,9.6,A,15.0
10539,none,2,12.0,1.0,8.7,C,6.5
10540,medium,2,4.0,6.0,9.9,A,15.0
10541,none,0,14.0,4.0,6.2,C,-7.3
10542,medium,2,8.0,4.0,3.0,A,-14.3
10543,low,3,12.0,19.0,6.6,A,7.0
10544,low,2,23.0,12.0,2.9,A,-14.4
10545,medium,1,8.0,8.0,8.1,C,13.8
10546,none,2,7.0,10.0,8.1,A,3.7
10547,high,1,7.0,27.0,4.5,C,-100.0
10548,low,1,20.0,3.0,1.3,A,-100.0
10549,medium,0,19.0,36.0,8.0,A,12.6
10550,high,3,2.0,1.0,9.8,C,-10.6
10551,medium,0,14.0,22.0,3.6,A,-11.3
10552,low,0,8.0,2.0,2.8,C,-13.4
10553,medium,0,3.0,2.0,6.6,C,6.1
10554,none,1,17.0,16.0,6.2,B,-7.5
10555,none,3,8.0,17.0,8.2,A,4.2
10556,low,0,12.0,31.0,1.4,A,-100.0
10557,high,3,17.0,41.0,5.7,A,-100.0
10558,high,1,7.0,8.0,8.3,A,-19.1
10559,medium,0,9.0,13.0,3.0,C,-14.2
10560,high,0,6.0,2.0,2.1,C,-100.0
10561,low,0,13.0,23.0,5.1,A,-1.0
10562,high,1,13.0,15.0,4.8,A,-100.0
10563,high,0,9.0,6.0,9.2,D,-14.2
10564,high,2,33.0,43.0,3.4,A,-100.0
10565,low,0,6.0,4.0,9.2,A,15.0
10566,medium,0,5.0,10.0,2.0,B,-19.3
10567,medium,6,5.0,5.0,7.3,C,9.2
10568,low,0,6.0,14.0,9.4,B,15.0
10569,medium,0,9.0,5.0,6.8,A,6.7
10570,medium,0,17.0,13.0,9.7,A,15.0
10571,medium,1,2.0,3.0,4.7,A,-4.3
10572,,2,4.0,12.0,9.3,A,10.7
10573,medium,0,10.0,29.0,1.1,C,-100.0
10574,low,1,23.0,22.0,4.7,A,-4.3
10575,high,0,5.0,26.0,8.3,A,-18.6
10576,medium,1,7.0,12.0,2.6,A,-16.3
10577,none,3,1.0,23.0,5.7,A,-8.8
10578,high,0,8.0,3.0,8.9,D,-15.8
10579,medium,0,12.0,1.0,2.0,A,-100.0
10580,low,3,3.0,22.0,5.6,B,2.4
10581,medium,0,14.0,0.0,8.3,A,14.4
10582,none,3,27.0,30.0,9.6,B,10.1
10583,medium,3,7.0,50.0,8.2,A,14.7
10584,high,0,14.0,16.0,6.3,A,-100.0
10585,high,0,4.0,7.0,10.0,D,-9.3
10586,medium,2,5.0,20.0,2.2,C,-18.3
10587,medium,1,19.0,4.0,4.9,A,-4.9
10588,none,0,2.0,3.0,6.4,C,-5.0
10589,low,1,35.0,2.0,8.5,A,15.0
10590,low,3,2.0,16.0,5.1,C,-0.3
10591,low,3,5.0,11.0,4.4,A,-4.5
10592,low,0,2.0,4.0,3.8,A,-7.3
10593,low,0,10.0,4.0,4.4,A,-4.8
10594,medium,0,16.0,4.0,9.3,C,15.0
10595,none,3,2.0,6.0,2.9,B,-100.0
10596,medium,0,8.0,20.0,5.6,C,0.3
10597,high,2,5.0,1.0,1.0,A,-100.0
10598,high,0,14.0,0.0,8.7,A,-17.5
10599,none,2,23.0,21.0,9.3,B,8.9
10600,low,4,17.0,24.0,6.6,A,6.4
10601,low,2,16.0,21.0,4.0,A,-7.6
10602,none,1,8.0,0.0,8.2,A,4.2
10603,medium,0,4.0,5.0,3.0,A,-13.7
10604,medium,1,17.0,1.0,9.4,A,15.0
10605,medium,2,5.0,2.0,4.2,A,-7.5
10606,high,2,3.0,11.0,2.4,A,-100.0
10607,,2,16.0,14.0,4.5,A,-16.9
10608,low,2,4.0,24.0,3.7,A,-8.0
10609,medium,0,2.0,8.0,1.9,A,-19.5
10610,medium,3,17.0,45.0,8.6,A,15.0
10611,high,3,24.0,2.0,2.8,A,-100.0
10612,high,1,22.0,25.0,8.6,A,-18.7
10613,high,1,14.0,11.0,8.8,A,-17.0
10614,low,0,4.0,17.0,9.3,A,15.0
10615,medium,1,2.0,5.0,4.0,A,-8.1
10616,high,1,6.0,15.0,4.7,A,-100.0
10617,low,1,7.0,2.0,3.1,A,-11.7
10618,medium,1,31.0,13.0,7.3,B,7.2
10619,none,2,6.0,4.0,7.2,A,-1.2
10620,high,6,4.0,0.0,9.1,A,-14.9
10621,high,3,7.0,2.0,3.8,B,-100.0
10622,high,0,3.0,0.0,8.6,A,-17.0
10623,low,2,7.0,18.0,1.8,C,-18.8
10624,none,0,19.0,3.0,3.3,C,-100.0
10625,low,0,4.0,20.0,9.3,C,15.0
10626,low,3,23.0,6.0,1.7,A,-100.0
10627,high,2,1.0,15.0,6.6,A,-100.0
10628,low,0,10.0,29.0,8.1,A,15.0
10629,medium,4,15.0,28.0,8.0,A,12.5
10630,medium,1,13.0,29.0,7.5,A,10.3
10631,medium,2,10.0,9.0,8.9,A,15.0
10632,low,2,15.0,3.0,9.4,A,15.0
10633,medium,2,5.0,19.0,4.9,C,-3.4
10634,low,1,35.0,7.0,4.3,A,-7.9
10635,high,1,26.0,4.0,5.3,A,-100.0
10636,high,3,3.0,16.0,2.5,A,-100.0
10637,medium,1,13.0,10.0,9.4,A,15.0
10638,high,3,2.0,7.0,,A,
10639,medium,2,12.0,14.0,5.2,C,-2.5
10640,low,1,7.0,3.0,7.8,C,14.1
10641,low,3,7.0,17.0,8.1,A,15.0
10642,high,1,7.0,2.0,9.6,C,-12.0
10643,low,3,13.0,8.0,7.3,A,10.6
10644,high,4,6.0,30.0,2.4,A,-100.0
10645,high,2,10.0,9.0,1.2,C,-100.0
10646,low,2,7.0,36.0,6.5,A,7.2
10647,none,2,24.0,6.0,2.4,A,-100.0
10648,none,0,15.0,14.0,10.0,A,13.6
10649,medium,1,1.0,16.0,5.4,B,-0.2
10650,high,1,4.0,6.0,3.8,A,-100.0
10651,low,2,9.0,7.0,3.1,A,-12.0
10652,medium,1,10.0,7.0,2.9,A,-15.0
10653,low,2,10.0,1.0,4.6,A,-3.9
10654,low,0,31.0,5.0,9.8,A,15.0
10655,none,0,4.0,4.0,8.2,C,4.7
10656,none,1,7.0,0.0,3.9,A,-19.3
10657,medium,2,11.0,31.0,8.2,A,14.2
10658,medium,0,12.0,0.0,9.2,A,15.0
10659,high,2,6.0,15.0,9.9,A,-10.2
10660,none,0,6.0,6.0,5.0,A,-13.0
10661,low,1,5.0,10.0,1.4,A,-100.0
10662,none,1,4.0,33.0,9.3,A,11.0
10663,none,0,4.0,34.0,9.7,D,13.3
10664,none,2,9.0,1.0,4.0,A,-19.1
10665,high,1,6.0,9.0,7.6,A,-100.0
10666,none,3,9.0,18.0,5.8,C,-9.1
10667,high,1,8.0,7.0,3.4,A,-100.0
10668,high,3,19.0,0.0,9.5,A,-14.0
10669,medium,3,1.0,2.0,8.8,A,15.0
10670,none,2,13.0,29.0,2.3,A,-100.0
10671,high,2,31.0,4.0,9.3,A,-16.1
10672,medium,4,7.0,11.0,1.7,A,-100.0
10673,high,2,8.0,21.0,3.2,A,-100.0
10674,none,3,5.0,6.0,4.1,D,-18.2
10675,low,2,18.0,16.0,4.7,A,-4.0
10676,none,0,14.0,0.0,3.8,B,-100.0
10677,high,2,6.0,0.0,4.5,C,-100.0
10678,medium,1,3.0,36.0,2.1,A,-18.4
10679,high,3,10.0,0.0,9.7,C,-11.9
10680,low,1,13.0,2.0,2.4,A,-16.2
10681,high,1,4.0,7.0,2.4,A,-100.0
10682,high,3,18.0,0.0,1.1,D,-100.0
10683,low,2,3.0,4.0,5.8,B,3.4
10684,medium,0,25.0,4.0,7.7,A,10.0
10685,high,2,10.0,4.0,1.6,D,-100.0
10686,none,3,5.0,2.0,9.5,A,11.5
10687,low,2,13.0,44.0,5.1,A,-1.0
10688,none,0,5.0,17.0,6.2,B,-6.2
10689,none,1,6.0,23.0,2.1,C,-100.0
10690,low,0,11.0,3.0,3.4,A,-10.4
10691,medium,3,11.0,0.0,9.4,A,15.0
10692,high,2,16.0,3.0,9.0,B,-16.3
10693,medium,0,10.0,27.0,7.4,A,10.1
10694,medium,3,7.0,9.0,8.7,A,15.0
10695,none,1,11.0,0.0,4.1,A,-18.7
10696,low,3,26.0,4.0,4.2,A,-7.8
10697,low,0,12.0,6.0,8.0,B,14.9
10698,low,0,15.0,2.0,8.3,A,15.0
10699,low,2,2.0,2.0,5.9,D,4.1
10700,high,1,8.0,4.0,9.0,A,-15.4
10701,low,2,6.0,32.0,8.6,A,15.0
10702,medium,2,14.0,14.0,7.1,B,7.7
10703,high,1,16.0,1.0,5.0,D,-100.0
10704,high,2,7.0,47.0,6.5,A,-100.0
10705,high,1,6.0,11.0,8.7,A,-16.7
10706,high,1,6.0,2.0,9.3,A,-13.5
10707,,1,6.0,5.0,9.7,C,12.7
10708,high,0,3.0,2.0,2.6,A,-100.0
10709,none,1,9.0,7.0,2.6,A,-100.0
10710,high,1,9.0,2.0,8.0,B,-100.0
10711,high,3,11.0,12.0,2.7,B,-100.0
10712,high,0,8.0,9.0,9.7,C,-11.4
10713,low,1,6.0,4.0,6.3,A,6.0
10714,medium,6,3.0,1.0,1.4,A,-100.0
10715,low,2,12.0,5.0,1.2,A,-100.0
10716,low,0,20.0,4.0,8.6,A,15.0
10717,low,1,27.0,14.0,7.1,D,8.4
10718,high,1,26.0,31.0,3.3,A,-100.0
10719,none,1,6.0,12.0,3.2,A,-100.0
10720,medium,1,6.0,2.0,2.1,A,-19.0
10721,none,3,12.0,20.0,5.3,A,-12.1
10722,medium,1,7.0,15.0,8.9,A,15.0
10723,high,1,8.0,1.0,8.9,A,-15.9
10724,none,2,6.0,19.0,1.3,A,-100.0
10725,none,1,22.0,32.0,1.3,A,-100.0
10726,medium,0,11.0,14.0,1.8,A,-100.0
10727,low,3,7.0,5.0,7.9,C,14.5
10728,medium,1,10.0,2.0,3.5,B,-11.7
10729,low,1,17.0,0.0,2.7,B,-14.9
10730,none,1,12.0,14.0,9.9,A,13.3
10731,low,0,13.0,26.0,1.2,B,-100.0
10732,low,1,22.0,9.0,2.2,A,-18.1
10733,low,0,16.0,6.0,7.3,B,10.6
10734,high,3,12.0,2.0,5.8,A,-100.0
10735,high,1,11.0,13.0,3.1,A,-100.0
10736,low,5,3.0,3.0,1.1,A,-100.0
10737,high,2,22.0,16.0,8.5,C,-19.5
10738,high,4,3.0,4.0,9.3,A,-13.5
10739,low,0,1.0,3.0,,A,
10740,high,1,12.0,30.0,5.6,A,-100.0
10741,low,2,6.0,5.0,4.8,A,-2.4
10742,none,3,11.0,15.0,8.5,D,5.5
10743,medium,1,2.0,2.0,6.9,A,7.8
10744,low,1,8.0,1.0,8.7,B,15.0
10745,medium,0,4.0,23.0,8.6,D,15.0
10746,none,3,7.0,45.0,8.9,A,8.4
10747,none,0,3.0,9.0,2.4,C,-100.0
10748,high,2,18.0,4.0,3.4,A,-100.0
10749,none,2,32.0,3.0,6.7,C,-6.5
10750,medium,1,9.0,5.0,9.8,C,15.0
10751,low,3,7.0,14.0,9.1,A,15.0
10752,none,0,29.0,8.0,6.1,A,-9.3
10753,none,0,9.0,43.0,3.9,A,-19.0
10754,low,1,17.0,8.0,9.1,A,15.0
10755,high,0,2.0,3.0,4.4,A,-100.0
10756,none,2,4.0,29.0,9.6,A,12.5
10757,none,0,9.0,22.0,9.9,C,13.8
10758,low,0,9.0,6.0,3.5,A,-9.6
10759,high,0,4.0,2.0,2.2,B,-100.0
10760,high,1,4.0,1.0,1.6,A,-100.0
10761,none,1,10.0,13.0,8.8,A,7.4
10762,low,1,10.0,13.0,8.3,C,15.0
10763,none,3,17.0,8.0,9.9,B,12.5
10764,none,1,13.0,0.0,9.7,A,12.0
10765,,0,9.0,45.0,6.1,A,-6.9
10766,high,1,12.0,3.0,5.0,C,-100.0
10767,high,2,8.0,12.0,3.5,A,-100.0
10768,high,1,33.0,30.0,9.2,A,-16.5
10769,high,1,,2.0,2.0,C,
10770,low,2,10.0,50.0,6.9,A,9.2
10771,medium,0,9.0,10.0,1.6,C,-100.0
10772,medium,1,8.0,43.0,6.9,A,7.6
10773,high,3,7.0,5.0,2.8,A,-100.0
10774,low,2,21.0,2.0,3.1,A,-13.2
10775,low,1,1.0,0.0,9.1,A,15.0
10776,low,2,8.0,1.0,8.7,C,15.0
10777,medium,4,7.0,27.0,9.4,A,15.0
10778,low,1,8.0,14.0,3.9,B,-7.3
10779,none,4,12.0,1.0,8.3,A,4.1
10780,low,1,14.0,9.0,9.9,A,15.0
10781,high,1,23.0,42.0,2.3,A,-100.0
10782,high,0,3.0,23.0,3.2,C,-100.0
10783,medium,2,3.0,25.0,7.4,A,10.6
10784,medium,0,6.0,9.0,4.3,C,-6.7
10785,low,3,4.0,16.0,3.8,B,-7.6
10786,low,3,5.0,25.0,8.8,C,15.0
10787,medium,0,7.0,10.0,4.1,B,-7.9
10788,medium,0,13.0,0.0,6.6,C,5.1
10789,high,3,6.0,27.0,1.6,D,-100.0
10790,high,2,22.0,18.0,5.0,A,-100.0
10791,low,4,4.0,4.0,8.8,C,15.0
10792,medium,1,14.0,46.0,5.6,A,-0.1
10793,high,1,4.0,6.0,2.2,B,-100.0
10794,medium,0,2.0,37.0,10.0,A,15.0
10795,low,1,,4.0,1.3,C,
10796,medium,0,21.0,3.0,1.1,B,-100.0
10797,high,1,16.0,19.0,2.0,C,-100.0
10798,,1,12.0,1.0,9.7,C,12.1
10799,low,3,14.0,23.0,2.5,C,-15.7
10800,high,2,2.0,1.0,7.5,A,-100.0
10801,medium,0,33.0,2.0,4.6,A,-7.9
10802,medium,2,9.0,7.0,6.1,C,2.6
10803,none,0,17.0,4.0,4.8,B,-15.3
10804,medium,0,8.0,6.0,1.0,B,-100.0
10805,high,2,3.0,15.0,4.9,C,-100.0
10806,low,2,5.0,15.0,8.9,C,15.0
10807,medium,3,16.0,24.0,4.2,A,-8.4
10808,high,2,18.0,3.0,6.0,C,-100.0
10809,medium,0,3.0,32.0,1.4,A,-100.0
10810,medium,2,7.0,5.0,9.7,C,15.0
10811,medium,0,4.0,5.0,9.3,B,15.0
10812,high,0,8.0,2.0,8.2,A,-19.7
10813,low,0,7.0,1.0,7.5,B,12.6
10814,none,1,3.0,5.0,2.0,C,-100.0
10815,low,1,5.0,26.0,7.8,A,14.6
10816,high,2,3.0,0.0,7.5,A,-100.0
10817,low,1,9.0,9.0,1.9,D,-18.5
10818,high,0,3.0,12.0,8.8,A,-15.8
10819,low,2,12.0,6.0,7.1,A,9.7
10820,medium,0,11.0,1.0,6.1,A,2.6
10821,high,2,1.0,0.0,4.6,D,-100.0
10822,high,2,4.0,18.0,2.7,C,-100.0
10823,medium,1,14.0,20.0,8.2,A,13.9
10824,low,5,10.0,2.0,9.5,B,15.0
10825,none,2,9.0,23.0,9.7,A,12.5
10826,medium,3,4.0,36.0,9.6,A,15.0
10827,high,1,13.0,2.0,9.3,C,-14.2
10828,low,0,3.0,17.0,2.3,A,-15.5
10829,high,0,26.0,22.0,1.4,A,-100.0
10830,medium,2,15.0,21.0,3.6,A,-11.6
10831,high,0,9.0,6.0,1.9,C,-100.0
10832,high,1,2.0,9.0,1.4,A,-100.0
10833,medium,3,5.0,19.0,4.8,A,-4.1
10834,high,2,9.0,9.0,3.8,A,-100.0
10835,medium,1,2.0,11.0,9.5,A,15.0
10836,medium,1,6.0,8.0,9.6,C,15.0
10837,none,0,25.0,3.0,7.1,A,-3.4
10838,low,2,22.0,1.0,4.2,C,-7.3
10839,none,3,12.0,4.0,9.3,C,9.7
10840,high,0,9.0,14.0,,D,
10841,low,1,6.0,34.0,3.3,A,-10.2
10842,low,1,20.0,0.0,5.4,A,-0.4
10843,low,2,10.0,4.0,9.1,A,15.0
10844,low,1,3.0,2.0,8.4,A,15.0
10845,low,1,8.0,38.0,9.8,A,15.0
10846,low,1,4.0,0.0,6.8,A,8.9
10847,low,1,15.0,6.0,4.7,B,-3.7
10848,none,1,16.0,25.0,2.4,A,-100.0
10849,medium,2,15.0,23.0,3.8,A,-10.4
10850,medium,3,8.0,0.0,6.9,C,7.0
10851,low,0,8.0,7.0,4.6,A,-3.4
10852,high,1,8.0,13.0,3.0,A,-100.0
10853,medium,1,9.0,9.0,8.6,C,15.0
10854,medium,1,17.0,2.0,3.7,A,-11.3
10855,medium,1,13.0,12.0,2.7,A,-16.3
10856,low,1,6.0,3.0,7.3,A,11.5
10857,medium,1,8.0,6.0,5.5,C,-0.5
10858,low,1,17.0,3.0,3.1,A,-12.7
10859,medium,0,15.0,23.0,2.4,B,-17.9
10860,none,2,11.0,7.0,7.5,A,0.0
10861,none,2,4.0,1.0,3.4,A,-100.0
10862,medium,1,8.0,28.0,9.6,A,15.0
10863,high,2,22.0,8.0,1.0,A,-100.0
10864,medium,1,8.0,11.0,4.4,A,-6.5
10865,,0,9.0,33.0,9.4,D,11.1
10866,high,0,6.0,1.0,9.1,C,-14.5
10867,medium,2,2.0,3.0,9.6,A,15.0
10868,,1,16.0,1.0,7.3,A,-1.5
10869,low,1,8.0,3.0,2.0,A,-17.9
10870,none,2,7.0,10.0,8.5,A,6.0
10871,medium,2,9.0,50.0,8.7,C,15.0
10872,high,2,4.0,6.0,3.2,B,-100.0
10873,medium,1,12.0,6.0,2.9,A,-15.2
10874,high,1,14.0,21.0,5.5,A,-100.0
10875,high,0,4.0,14.0,3.2,A,-100.0
10876,medium,1,6.0,7.0,3.1,C,-13.5
10877,high,2,8.0,5.0,6.3,A,-100.0
10878,none,2,17.0,14.0,6.9,C,-3.8
10879,none,0,8.0,2.0,3.7,A,-100.0
10880,low,1,5.0,8.0,7.8,A,14.4
10881,low,0,8.0,17.0,2.6,A,-14.3
10882,none,2,17.0,1.0,9.6,A,10.9
10883,low,3,4.0,1.0,4.8,A,-2.3
10884,medium,0,15.0,14.0,9.9,A,15.0
10885,low,1,6.0,49.0,8.2,C,15.0
10886,high,0,3.0,4.0,9.5,A,-12.0
10887,none,0,10.0,18.0,1.4,A,-100.0
10888,medium,2,11.0,4.0,3.1,D,-14.1
10889,low,2,22.0,23.0,8.8,A,15.0
10890,medium,1,,24.0,2.6,C,
10891,medium,1,10.0,10.0,9.4,C,15.0
10892,high,3,2.0,7.0,7.9,A,-100.0
10893,low,2,15.0,11.0,9.3,A,15.0
10894,high,0,0.0,1.0,6.7,A,-100.0
10895,low,3,10.0,25.0,2.2,A,-17.0
10896,low,2,18.0,8.0,4.6,A,-4.6
10897,low,1,10.0,5.0,6.2,A,5.0
10898,high,3,8.0,12.0,4.7,A,-100.0
10899,low,2,14.0,12.0,8.5,A,15.0
10900,low,0,11.0,3.0,5.5,A,1.2
10901,low,4,2.0,12.0,2.2,D,-16.4
10902,low,0,11.0,17.0,5.5,A,1.3
10903,none,2,21.0,3.0,6.3,C,-7.6
10904,medium,1,7.0,2.0,3.1,A,-13.6
10905,none,1,3.0,1.0,9.6,A,12.4
10906,,2,6.0,33.0,9.4,C,11.2
10907,none,1,19.0,15.0,9.7,A,11.5
10908,low,0,11.0,2.0,9.3,B,15.0
10909,low,0,7.0,2.0,7.3,C,11.5
10910,medium,1,10.0,6.0,8.2,C,14.2
10911,none,1,5.0,8.0,1.9,A,-100.0
10912,medium,1,17.0,6.0,8.5,A,15.0
10913,medium,4,3.0,5.0,5.1,C,-2.5
10914,none,1,9.0,9.0,7.6,A,0.9
10915,medium,0,6.0,4.0,3.3,A,-12.3
10916,medium,2,8.0,17.0,6.3,C,3.9
10917,low,5,24.0,4.0,3.7,B,-10.5
10918,none,0,5.0,1.0,3.0,D,-100.0
10919,medium,4,3.0,23.0,9.8,A,15.0
10920,low,1,9.0,21.0,8.9,A,15.0
10921,none,2,,17.0,6.1,C,
10922,low,1,9.0,6.0,7.1,A,10.1
10923,low,0,12.0,7.0,9.2,A,15.0
10924,none,3,18.0,27.0,,D,
10925,medium,2,5.0,3.0,8.9,C,15.0
10926,low,0,3.0,50.0,8.5,A,15.0
10927,none,1,9.0,26.0,4.8,A,-14.3
10928,none,4,5.0,28.0,8.9,A,8.3
10929,none,2,10.0,2.0,9.9,C,13.3
10930,high,3,3.0,15.0,9.9,A,-10.0
10931,medium,1,5.0,4.0,7.1,D,8.6
10932,low,0,10.0,8.0,9.7,A,15.0
10933,medium,0,6.0,1.0,8.2,C,14.6
10934,high,5,10.0,13.0,8.4,A,-19.2
10935,medium,0,10.0,41.0,5.0,A,-3.0
10936,high,0,19.0,0.0,7.1,C,-100.0
10937,high,1,9.0,8.0,4.6,B,-100.0
10938,low,2,1.0,46.0,9.1,A,15.0
10939,high,3,13.0,15.0,2.4,A,-100.0
10940,low,1,13.0,5.0,9.6,A,15.0
10941,low,0,7.0,27.0,3.1,A,-11.4
10942,low,2,10.0,4.0,7.6,C,12.6
10943,high,2,5.0,22.0,1.5,A,-100.0
10944,low,1,11.0,13.0,5.2,C,-0.5
10945,medium,0,8.0,5.0,8.3,A,15.0
10946,low,2,11.0,1.0,7.1,A,9.7
10947,medium,3,16.0,11.0,7.1,A,7.4
10948,medium,1,4.0,3.0,3.7,A,-10.0
10949,medium,0,10.0,12.0,9.9,A,15.0
10950,high,1,21.0,4.0,10.0,A,-11.2
10951,none,1,4.0,9.0,1.1,D,-100.0
10952,medium,0,15.0,1.0,8.4,C,14.8
10953,none,0,13.0,3.0,4.7,A,-15.4
10954,high,1,3.0,27.0,2.8,A,-100.0
10955,high,0,13.0,7.0,5.8,A,-100.0
10956,high,2,1.0,10.0,6.5,C,-100.0
10957,low,1,10.0,10.0,7.4,A,11.7
10958,medium,3,9.0,2.0,5.9,C,1.4
10959,high,3,2.0,2.0,7.0,A,-100.0
10960,none,2,5.0,26.0,8.4,C,5.8
10961,low,1,13.0,4.0,8.2,A,15.0
10962,medium,1,23.0,5.0,7.2,A,7.4
10963,high,0,1.0,38.0,4.7,A,-100.0
10964,low,2,13.0,16.0,6.3,A,5.3
10965,medium,1,14.0,11.0,8.6,A,15.0
10966,high,0,13.0,0.0,9.4,A,-13.6
10967,low,1,17.0,43.0,6.4,A,5.8
10968,medium,2,15.0,15.0,5.9,B,1.0
10969,none,1,16.0,6.0,9.9,B,12.8
10970,medium,4,2.0,21.0,8.2,A,14.8
10971,high,1,18.0,6.0,9.8,C,-11.9
10972,none,1,12.0,4.0,9.2,C,9.3
10973,high,1,18.0,2.0,3.9,A,-100.0
10974,medium,3,8.0,12.0,2.8,B,-15.5
10975,low,2,0.0,4.0,7.7,C,14.2
10976,high,1,6.0,4.0,4.1,A,-100.0
10977,none,0,24.0,8.0,2.0,D,-100.0
10978,none,1,29.0,2.0,9.7,A,10.4
10979,low,4,6.0,27.0,3.8,B,-7.8
10980,high,3,13.0,12.0,8.2,B,-100.0
10981,high,1,13.0,2.0,2.5,A,-100.0
10982,high,6,11.0,1.0,8.8,D,-17.3
10983,low,2,11.0,8.0,2.1,B,-17.7
10984,low,4,8.0,13.0,8.4,A,15.0
10985,high,1,10.0,9.0,2.3,B,-100.0
10986,low,1,2.0,10.0,2.1,B,-16.7
10987,medium,2,,1.0,9.1,C,
10988,none,2,3.0,2.0,3.7,C,-100.0
10989,medium,1,6.0,14.0,4.5,A,-5.7
10990,medium,0,5.0,0.0,8.7,A,15.0
10991,high,1,0.0,2.0,2.9,C,-100.0
10992,medium,0,7.0,4.0,3.3,A,-12.4
10993,low,0,18.0,22.0,8.5,A,15.0
10994,medium,3,11.0,13.0,2.7,C,-16.3
10995,high,1,20.0,28.0,8.2,A,-100.0
10996,none,0,13.0,19.0,9.0,A,8.4
10997,none,2,19.0,2.0,9.5,A,10.2
10998,low,1,3.0,0.0,2.9,A,-12.5
10999,medium,1,8.0,4.0,5.2,A,-2.1
11000,medium,4,22.0,10.0,9.8,C,15.0
11001,medium,3,3.0,41.0,7.8,C,12.8
11002,low,4,12.0,6.0,3.6,A,-9.7
11003,high,1,1.0,4.0,1.8,B,-100.0
11004,medium,2,10.0,5.0,9.5,A,15.0
11005,high,2,7.0,25.0,1.7,A,-100.0
11006,medium,3,25.0,12.0,1.6,A,-100.0
11007,none,0,7.0,4.0,5.0,A,-13.2
11008,none,2,4.0,11.0,2.0,B,-100.0
11009,medium,1,5.0,9.0,1.2,A,-100.0
11010,high,1,1.0,1.0,4.1,A,-100.0
11011,low,2,6.0,2.0,4.1,C,-6.2
11012,low,0,5.0,13.0,3.2,A,-10.8
11013,low,1,2.0,4.0,9.5,A,15.0
11014,medium,1,10.0,4.0,4.3,D,-7.3
11015,medium,0,2.0,12.0,7.4,D,10.7
11016,high,2,11.0,3.0,3.1,A,-100.0
11017,low,0,2.0,29.0,8.5,C,15.0
11018,low,1,17.0,13.0,1.5,C,-100.0
11019,high,3,21.0,28.0,2.6,B,-100.0
11020,,0,25.0,7.0,1.2,A,-100.0
11021,low,0,9.0,35.0,5.8,B,3.3
11022,high,1,6.0,37.0,9.6,A,-11.5
11023,high,0,19.0,17.0,5.9,A,-100.0
11024,high,1,4.0,36.0,5.1,A,-100.0
11025,medium,3,11.0,10.0,4.3,B,-7.5
11026,low,1,7.0,3.0,3.3,C,-10.6
11027,medium,1,4.0,41.0,4.4,C,-5.8
11028,medium,0,5.0,0.0,2.0,A,-19.4
11029,none,2,7.0,0.0,2.6,A,-100.0
11030,low,1,6.0,8.0,7.3,C,11.5
11031,medium,0,9.0,6.0,9.1,B,15.0
11032,medium,1,4.0,14.0,2.7,A,-15.4
11033,high,0,3.0,37.0,9.9,A,-9.5
11034,low,1,3.0,8.0,2.6,A,-14.0
11035,low,0,11.0,31.0,8.3,A,15.0
11036,medium,4,12.0,36.0,6.5,A,4.6
11037,low,0,8.0,23.0,2.8,A,-13.2
11038,high,0,7.0,31.0,5.0,C,-100.0
11039,high,1,4.0,9.0,5.4,A,-100.0
11040,medium,0,18.0,9.0,9.8,A,15.0
11041,medium,1,10.0,4.0,5.2,A,-2.3
11042,low,2,17.0,50.0,1.0,A,-100.0
11043,low,2,35.0,1.0,1.5,D,-100.0
11044,none,3,5.0,3.0,4.3,A,-17.1
11045,none,0,3.0,44.0,4.8,A,-13.5
11046,high,2,6.0,50.0,8.9,C,-15.4
11047,high,2,6.0,0.0,3.5,A,-100.0
11048,medium,0,29.0,11.0,2.7,A,-17.8
11049,none,2,21.0,6.0,9.8,A,11.7
11050,low,0,8.0,13.0,3.2,A,-11.1
11051,high,2,11.0,2.0,2.4,A,-100.0
11052,none,0,4.0,1.0,9.6,A,12.4
11053,medium,1,4.0,7.0,9.2,B,15.0
11054,high,0,9.0,25.0,9.1,D,-14.6
11055,none,2,4.0,7.0,1.8,A,-100.0
11056,low,2,14.0,17.0,9.8,A,15.0
11057,high,3,12.0,2.0,6.8,A,-100.0
11058,low,1,8.0,12.0,7.3,A,11.4
11059,low,3,8.0,47.0,3.2,A,-11.0
11060,low,1,11.0,48.0,3.6,A,-8.9
11061,high,0,7.0,37.0,9.8,C,-10.4
11062,low,0,6.0,5.0,4.6,A,-3.3
11063,none,1,11.0,23.0,2.3,A,-100.0
11064,high,2,13.0,6.0,9.8,C,-11.5
11065,medium,3,15.0,6.0,6.3,A,3.0
11066,none,0,12.0,17.0,5.5,C,-10.8
11067,high,0,10.0,4.0,3.9,A,-100.0
11068,low,4,1.0,12.0,1.9,A,-17.9
11069,high,0,10.0,16.0,9.1,D,-14.8
11070,low,3,32.0,2.0,7.6,C,10.3
11071,low,1,8.0,17.0,1.4,A,-100.0
11072,high,1,8.0,8.0,9.2,C,-14.2
11073,low,0,21.0,24.0,2.6,A,-15.6
11074,high,3,2.0,14.0,2.8,A,-100.0
11075,low,3,6.0,9.0,9.8,A,15.0
11076,none,2,4.0,48.0,3.4,A,-100.0
11077,medium,2,4.0,6.0,9.4,A,15.0
11078,low,3,10.0,13.0,8.6,A,15.0
11079,high,2,23.0,7.0,3.7,A,-100.0
11080,low,0,7.0,19.0,5.6,D,2.3
11081,low,0,5.0,15.0,5.8,A,3.5
11082,low,1,7.0,2.0,8.7,B,15.0
11083,medium,1,24.0,1.0,9.8,A,15.0
11084,low,2,10.0,20.0,9.7,B,15.0
11085,low,0,10.0,4.0,6.3,D,5.7
11086,high,0,8.0,3.0,8.5,A,-18.0
11087,high,1,5.0,7.0,6.5,A,-100.0
11088,low,1,11.0,14.0,6.3,A,5.6
11089,medium,2,5.0,32.0,9.9,A,15.0
11090,high,1,12.0,6.0,3.3,A,-100.0
11091,low,0,1.0,6.0,9.8,A,15.0
11092,,0,3.0,18.0,6.5,A,-4.4
11093,low,1,17.0,32.0,3.5,B,-10.2
11094,none,1,7.0,16.0,9.9,C,13.8
11095,medium,4,16.0,3.0,1.1,A,-100.0
11096,high,2,10.0,9.0,6.9,A,-100.0
11097,high,4,14.0,5.0,2.6,A,-100.0
11098,high,0,5.0,34.0,7.6,C,-100.0
11099,high,1,24.0,20.0,7.9,C,-100.0
11100,none,3,7.0,5.0,5.7,A,-9.6
11101,low,1,6.0,3.0,8.9,A,15.0
11102,high,1,17.0,3.0,9.1,A,-15.7
11103,low,4,3.0,19.0,9.6,A,15.0
11104,none,1,5.0,1.0,3.1,B,-100.0
11105,high,0,5.0,5.0,1.0,A,-100.0
11106,low,2,5.0,15.0,9.0,A,15.0
11107,low,3,1.0,11.0,8.4,A,15.0
11108,low,2,10.0,10.0,5.1,B,-1.1
11109,medium,0,6.0,4.0,8.2,C,14.7
11110,low,0,7.0,18.0,6.6,C,7.8
11111,none,3,20.0,10.0,3.1,A,-100.0
11112,none,1,16.0,20.0,9.0,B,8.0
11113,low,3,17.0,8.0,1.0,A,-100.0
11114,low,0,6.0,0.0,5.2,A,0.0
11115,low,1,1.0,22.0,1.4,D,-100.0
11116,medium,3,4.0,19.0,9.5,C,15.0
11117,high,1,6.0,50.0,9.9,A,-9.8
11118,low,1,6.0,3.0,6.0,B,4.3
11119,none,1,6.0,22.0,3.2,A,-100.0
11120,high,1,7.0,6.0,8.5,A,-18.0
11121,none,3,10.0,8.0,3.2,A,-100.0
11122,high,3,5.0,7.0,9.9,A,-10.3
11123,high,1,2.0,13.0,2.5,A,-100.0
11124,medium,3,5.0,21.0,8.2,A,14.6
11125,low,0,7.0,10.0,4.1,A,-6.0
11126,,0,5.0,35.0,3.8,A,-19.2
11127,low,2,3.0,3.0,2.0,A,-17.5
11128,none,1,7.0,15.0,8.0,A,3.4
11129,medium,2,14.0,16.0,1.2,A,-100.0
11130,high,0,1.0,9.0,2.3,A,-100.0
11131,none,0,6.0,2.0,2.0,C,-100.0
11132,medium,2,2.0,8.0,7.8,A,12.7
11133,medium,0,10.0,10.0,8.9,A,15.0
11134,medium,1,13.0,5.0,7.2,C,8.4
11135,low,4,21.0,25.0,9.4,D,15.0
11136,none,2,19.0,31.0,5.6,C,-11.0
11137,high,3,8.0,5.0,7.7,B,-100.0
11138,low,0,11.0,9.0,4.6,A,-3.7
11139,high,2,3.0,14.0,3.7,A,-100.0
11140,high,2,6.0,30.0,8.7,C,-16.6
11141,low,1,6.0,11.0,6.9,C,9.4
11142,medium,1,10.0,28.0,9.7,A,15.0
11143,none,1,16.0,2.0,9.2,A,8.9
11144,low,3,23.0,0.0,1.6,A,-100.0
11145,low,3,18.0,11.0,6.2,A,4.1
11146,high,2,11.0,15.0,6.5,B,-100.0
11147,medium,1,12.0,3.0,2.0,A,-100.0
11148,medium,2,7.0,0.0,2.5,C,-17.0
11149,low,1,3.0,6.0,6.3,A,6.3
11150,none,2,4.0,10.0,2.1,C,-100.0
11151,high,2,9.0,20.0,9.1,A,-14.8
11152,high,0,3.0,5.0,9.3,A,-13.1
11153,low,1,11.0,20.0,5.2,B,-0.4
11154,none,1,7.0,1.0,4.9,D,-13.8
11155,high,0,25.0,9.0,9.1,A,-16.3
11156,high,1,5.0,2.0,4.5,A,-100.0
11157,none,2,18.0,3.0,6.7,A,-5.1
11158,medium,1,1.0,25.0,6.7,A,7.0
11159,high,0,15.0,16.0,5.2,C,-100.0
11160,low,2,2.0,1.0,9.5,A,15.0
11161,low,0,3.0,9.0,9.2,C,15.0
11162,medium,1,3.0,10.0,8.6,A,15.0
11163,low,0,10.0,5.0,1.2,A,-100.0
11164,high,0,3.0,4.0,2.4,A,-100.0
11165,none,2,7.0,15.0,9.6,A,12.1
11166,high,2,11.0,2.0,5.4,A,-100.0
11167,low,2,5.0,13.0,9.8,A,15.0
11168,low,1,14.0,1.0,3.0,A,-13.0
11169,medium,2,8.0,2.0,5.8,A,1.0
11170,none,2,18.0,0.0,1.9,A,-100.0
11171,medium,5,22.0,8.0,1.0,C,-100.0
11172,medium,5,1.0,15.0,9.5,B,15.0
11173,medium,0,8.0,15.0,7.5,A,10.7
11174,none,3,6.0,2.0,6.7,A,-4.0
11175,low,3,21.0,9.0,9.8,A,15.0
11176,low,1,9.0,14.0,7.2,A,10.7
11177,none,1,1.0,2.0,3.8,A,-19.3
11178,none,3,27.0,5.0,9.3,C,8.2
11179,low,0,22.0,1.0,9.1,C,15.0
11180,none,1,29.0,1.0,4.6,D,-17.7
11181,high,1,,33.0,9.7,C,
11182,high,0,3.0,3.0,9.8,A,-10.4
11183,high,2,23.0,4.0,7.5,A,-100.0
11184,medium,2,6.0,18.0,8.5,C,15.0
11185,none,1,19.0,8.0,5.5,C,-11.7
11186,high,1,18.0,19.0,9.6,A,-12.9
11187,high,0,9.0,13.0,2.8,A,-100.0
11188,none,0,11.0,3.0,5.2,D,-12.5
11189,none,3,,8.0,8.9,C,
11190,medium,3,11.0,28.0,6.4,B,4.2
11191,low,0,4.0,14.0,9.4,A,15.0
11192,high,1,7.0,5.0,3.7,A,-100.0
11193,high,0,8.0,16.0,3.2,A,-100.0
11194,medium,1,5.0,4.0,9.5,C,15.0
11195,high,0,15.0,5.0,2.7,A,-100.0
11196,high,1,4.0,24.0,8.8,A,-15.9
11197,low,3,2.0,4.0,7.4,A,12.2
11198,medium,3,14.0,22.0,2.5,C,-17.6
11199,medium,1,22.0,33.0,3.0,A,-15.3
11200,low,3,7.0,5.0,7.4,A,11.7
11201,medium,1,3.0,4.0,6.2,A,3.9
11202,high,2,9.0,2.0,3.3,C,-100.0
11203,low,1,8.0,12.0,9.0,A,15.0
11204,high,2,1.0,18.0,9.2,B,-13.5
11205,high,1,1.0,8.0,4.8,A,-100.0
11206,none,0,12.0,4.0,8.3,B,4.5
11207,none,1,11.0,1.0,1.7,A,-100.0
11208,low,1,10.0,3.0,9.2,C,15.0
11209,low,1,4.0,4.0,1.2,A,-100.0
11210,medium,3,16.0,12.0,3.4,B,-13.0
11211,none,4,10.0,10.0,8.8,A,7.1
11212,low,1,18.0,5.0,8.4,C,15.0
11213,medium,2,2.0,13.0,3.0,A,-13.6
11214,none,2,5.0,16.0,8.5,A,6.2
11215,none,0,7.0,4.0,1.1,D,-100.0
11216,low,1,8.0,8.0,3.9,A,-7.4
11217,high,2,0.0,10.0,1.8,A,-100.0
11218,low,2,9.0,50.0,8.5,A,15.0
11219,medium,0,7.0,18.0,9.1,A,15.0
11220,none,2,34.0,19.0,3.2,A,-100.0
11221,medium,1,5.0,12.0,9.8,A,15.0
11222,low,0,21.0,1.0,1.9,A,-19.6
11223,none,0,4.0,19.0,8.6,A,7.1
11224,high,0,17.0,6.0,9.6,A,-12.8
11225,high,1,3.0,29.0,7.6,A,-100.0
11226,high,1,9.0,43.0,3.7,A,-100.0
11227,high,1,2.0,3.0,5.7,A,-100.0
11228,low,1,11.0,1.0,5.5,B,1.1
11229,medium,0,19.0,12.0,2.5,A,-17.9
11230,medium,3,5.0,13.0,9.5,A,15.0
11231,low,3,11.0,50.0,8.1,B,15.0
11232,low,2,12.0,50.0,9.8,A,15.0
11233,medium,2,6.0,3.0,4.1,B,-8.1
11234,none,3,9.0,1.0,9.7,A,12.2
11235,high,1,6.0,7.0,8.9,A,-15.7
11236,high,0,10.0,3.0,10.0,A,-10.0
11237,low,0,9.0,4.0,8.7,A,15.0
11238,none,1,6.0,9.0,9.7,C,12.7
11239,medium,1,7.0,9.0,1.7,C,-100.0
11240,low,2,8.0,7.0,3.7,A,-8.6
11241,high,0,18.0,2.0,8.8,C,-17.4
11242,medium,0,20.0,8.0,8.4,A,14.4
11243,low,0,19.0,4.0,9.8,A,15.0
11244,low,2,19.0,5.0,8.9,A,15.0
11245,low,1,4.0,5.0,3.1,B,-11.4
11246,none,0,18.0,4.0,3.0,A,-100.0
11247,high,6,10.0,25.0,3.9,A,-100.0
11248,low,1,18.0,1.0,2.0,C,-18.9
11249,high,2,11.0,10.0,9.3,A,-14.1
11250,none,0,3.0,10.0,9.1,A,9.9
11251,high,2,10.0,12.0,2.2,A,-100.0
11252,medium,3,4.0,3.0,6.1,A,3.0
11253,low,2,10.0,6.0,4.2,A,-6.0
11254,low,0,5.0,4.0,8.4,A,15.0
11255,high,3,28.0,5.0,2.3,A,-100.0
11256,low,0,3.0,4.0,7.3,D,11.9
11257,medium,4,10.0,19.0,9.9,A,15.0
11258,low,3,4.0,32.0,9.6,A,15.0
11259,medium,1,11.0,4.0,7.9,B,12.4
11260,low,3,11.0,33.0,3.0,A,-12.6
11261,medium,2,11.0,35.0,4.7,A,-5.0
11262,medium,0,1.0,35.0,3.6,A,-9.8
11263,low,1,6.0,10.0,7.2,A,11.0
11264,high,0,4.0,1.0,7.1,C,-100.0
11265,high,1,7.0,37.0,9.8,A,-10.5
11266,none,4,6.0,17.0,1.7,D,-100.0
11267,medium,2,16.0,21.0,1.5,A,-100.0
11268,high,2,16.0,21.0,5.5,C,-100.0
11269,high,2,6.0,7.0,9.8,C,-10.8
11270,none,2,13.0,4.0,9.0,A,8.0
11271,none,1,5.0,10.0,9.4,A,11.2
11272,none,2,11.0,9.0,3.5,A,-100.0
11273,low,2,12.0,1.0,9.6,A,15.0
11274,high,1,5.0,15.0,5.1,C,-100.0
11275,high,2,5.0,2.0,6.3,A,-100.0
11276,none,1,11.0,3.0,9.1,D,8.9
11277,none,2,10.0,6.0,2.7,A,-100.0
11278,high,2,3.0,9.0,9.8,D,-10.5
11279,medium,2,40.0,22.0,9.5,A,15.0
11280,medium,2,40.0,9.0,9.7,B,15.0
11281,high,3,,10.0,4.9,C,
11282,low,0,5.0,11.0,1.2,A,-100.0
11283,low,2,19.0,4.0,5.8,A,1.8
11284,low,1,23.0,12.0,6.7,A,6.6
11285,none,2,11.0,34.0,7.8,A,1.9
11286,high,2,26.0,11.0,9.7,A,-13.3
11287,low,3,29.0,1.0,3.0,A,-14.7
11288,none,3,15.0,4.0,5.4,A,-12.1
11289,medium,1,11.0,5.0,8.1,A,13.5
11290,high,2,15.0,5.0,9.6,A,-12.8
11291,high,1,4.0,28.0,1.7,A,-100.0
11292,none,2,7.0,41.0,2.1,B,-100.0
11293,medium,3,6.0,1.0,3.5,A,-11.5
11294,low,1,4.0,19.0,1.9,C,-17.9
11295,medium,3,3.0,15.0,9.4,A,15.0
11296,low,1,4.0,10.0,9.7,A,15.0
11297,none,0,4.0,4.0,9.7,D,13.0
11298,low,3,7.0,0.0,9.3,A,15.0
11299,medium,1,12.0,23.0,7.6,C,10.9
11300,high,1,21.0,2.0,1.5,A,-100.0
11301,medium,4,8.0,28.0,6.9,A,7.2
11302,low,1,3.0,5.0,9.1,B,15.0
11303,medium,0,30.0,2.0,9.1,A,15.0
11304,none,1,11.0,3.0,9.3,A,10.0
11305,high,1,8.0,4.0,2.8,A,-100.0
11306,low,3,40.0,43.0,2.7,A,-17.0
11307,low,0,4.0,10.0,9.3,A,15.0
11308,none,0,16.0,3.0,3.8,D,-100.0
11309,high,1,8.0,12.0,5.0,A,-100.0
11310,medium,1,17.0,50.0,8.3,C,14.5
11311,medium,1,8.0,19.0,5.6,A,0.2
11312,high,1,6.0,5.0,3.7,C,-100.0
11313,none,2,12.0,32.0,4.9,A,-14.1
11314,none,1,5.0,2.0,9.2,A,10.0
11315,high,0,5.0,6.0,9.4,A,-12.7
11316,high,3,11.0,7.0,6.2,A,-100.0
11317,medium,0,18.0,48.0,4.0,B,-9.2
11318,low,0,4.0,13.0,1.6,B,-19.5
11319,medium,2,20.0,4.0,3.6,A,-12.2
11320,low,4,25.0,37.0,7.6,A,11.3
11321,medium,1,26.0,16.0,1.9,A,-100.0
11322,low,1,18.0,16.0,1.7,A,-100.0
11323,none,1,14.0,17.0,7.7,A,1.0
11324,low,2,11.0,7.0,8.5,C,15.0
11325,high,3,21.0,3.0,7.0,A,-100.0
11326,high,3,33.0,34.0,6.2,A,-100.0
11327,high,0,25.0,33.0,7.3,A,-100.0
11328,medium,2,16.0,4.0,1.5,A,-100.0
11329,none,2,13.0,3.0,3.7,A,-100.0
11330,low,2,2.0,20.0,6.7,B,8.7
11331,high,2,6.0,7.0,3.9,A,-100.0
11332,medium,1,3.0,1.0,6.5,C,5.5
11333,low,2,6.0,48.0,2.3,C,-15.7
11334,low,2,18.0,5.0,9.5,C,15.0
11335,low,2,16.0,2.0,8.3,C,15.0
11336,low,1,21.0,4.0,9.9,A,15.0
11337,low,1,6.0,10.0,9.3,B,15.0
11338,high,0,12.0,2.0,5.6,A,-100.0
11339,low,1,10.0,8.0,8.1,A,15.0
11340,medium,1,20.0,17.0,9.6,A,15.0
11341,medium,1,4.0,25.0,5.1,C,-2.1
11342,low,1,18.0,28.0,2.9,C,-13.7
11343,high,3,4.0,17.0,8.9,D,-15.6
11344,low,2,18.0,3.0,9.8,A,15.0
11345,low,1,17.0,16.0,8.1,A,14.9
11346,medium,0,29.0,5.0,1.3,B,-100.0
11347,none,1,2.0,33.0,9.6,C,12.8
11348,high,3,8.0,17.0,1.8,A,-100.0
11349,low,1,1.0,6.0,3.8,A,-7.2
11350,high,1,2.0,2.0,4.7,A,-100.0
11351,none,1,32.0,11.0,5.8,D,-11.3
11352,low,1,1.0,9.0,3.3,A,-10.0
11353,high,0,11.0,15.0,9.2,C,-14.4
11354,low,2,30.0,4.0,1.1,A,-100.0
11355,high,2,22.0,11.0,3.4,A,-100.0
11356,low,4,5.0,5.0,9.6,A,15.0
11357,medium,2,3.0,13.0,4.5,A,-5.5
11358,medium,1,18.0,12.0,2.8,A,-16.3
11359,high,3,26.0,8.0,6.4,A,-100.0
11360,none,0,10.0,8.0,9.2,A,9.7
11361,medium,0,4.0,1.0,2.9,C,-14.3
11362,high,0,17.0,18.0,8.3,A,-19.9
11363,high,4,6.0,0.0,8.1,A,-100.0
11364,none,0,15.0,7.0,2.0,A,-100.0
11365,none,0,6.0,39.0,8.6,A,7.1
11366,low,3,4.0,22.0,8.1,B,15.0
11367,medium,1,11.0,12.0,8.1,A,13.6
11368,high,0,15.0,35.0,3.4,A,-100.0
11369,medium,2,7.0,21.0,2.1,A,-19.0
11370,medium,3,3.0,6.0,9.2,D,15.0
11371,low,0,1.0,7.0,3.0,A,-11.5
11372,low,1,11.0,1.0,4.2,B,-6.1
11373,medium,0,17.0,5.0,3.1,C,-14.5
11374,medium,0,14.0,32.0,8.3,A,14.7
11375,low,2,26.0,30.0,8.6,A,15.0
11376,none,2,23.0,1.0,3.5,A,-100.0
11377,medium,0,26.0,19.0,1.4,D,-100.0
11378,medium,1,5.0,14.0,2.7,C,-15.5
11379,low,0,4.0,24.0,9.0,A,15.0
11380,none,1,4.0,10.0,9.5,D,11.8
11381,low,0,3.0,7.0,8.7,A,15.0
11382,high,1,6.0,14.0,3.3,B,-100.0
11383,medium,0,11.0,12.0,1.4,C,-100.0
11384,medium,1,1.0,45.0,8.4,A,15.0
11385,high,0,6.0,9.0,7.6,A,-100.0
11386,high,1,4.0,20.0,2.9,D,-100.0
11387,medium,1,15.0,0.0,9.9,A,15.0
11388,high,2,13.0,9.0,7.5,A,-100.0
11389,none,1,16.0,5.0,7.3,A,-1.5
11390,,0,6.0,10.0,2.1,B,-100.0
11391,low,3,9.0,18.0,1.3,C,-100.0
11392,low,1,8.0,12.0,8.9,A,15.0
11393,none,3,4.0,3.0,6.9,A,-2.7
11394,high,0,3.0,9.0,8.6,B,-16.9
11395,medium,1,20.0,14.0,9.8,A,15.0
11396,none,2,13.0,6.0,2.9,C,-100.0
11397,,1,6.0,8.0,1.5,A,-100.0
11398,none,1,6.0,4.0,8.8,A,7.7
11399,high,1,4.0,6.0,1.4,A,-100.0
11400,low,1,6.0,1.0,8.2,A,15.0
11401,medium,2,9.0,47.0,7.2,A,9.1
11402,high,1,13.0,32.0,3.7,D,-100.0
11403,high,2,7.0,17.0,6.6,A,-100.0
11404,low,1,39.0,14.0,3.5,C,-12.6
11405,high,1,23.0,7.0,7.5,A,-100.0
11406,low,0,4.0,16.0,8.5,A,15.0
11407,medium,1,3.0,4.0,3.6,A,-10.4
11408,medium,0,12.0,6.0,5.5,A,-0.8
11409,high,1,6.0,11.0,3.8,B,-100.0
11410,none,3,8.0,17.0,3.3,C,-100.0
11411,low,1,6.0,39.0,1.8,A,-18.4
11412,none,3,21.0,3.0,8.1,A,2.2
11413,medium,3,32.0,26.0,8.3,C,12.5
11414,high,2,3.0,2.0,5.3,A,-100.0
11415,high,1,1.0,2.0,9.4,A,-12.5
11416,low,2,1.0,1.0,5.7,A,3.1
11417,high,0,5.0,19.0,1.3,A,-100.0
11418,high,1,15.0,4.0,2.8,D,-100.0
11419,high,0,11.0,10.0,1.5,A,-100.0
11420,medium,2,6.0,11.0,8.1,A,14.0
11421,high,2,5.0,34.0,9.9,C,-9.9
11422,low,2,3.0,4.0,4.9,C,-1.5
11423,low,1,3.0,10.0,8.9,A,15.0
11424,medium,2,19.0,14.0,9.8,C,15.0
11425,high,2,5.0,3.0,6.3,A,-100.0
11426,high,2,3.0,12.0,9.9,A,-9.9
11427,high,5,15.0,22.0,9.2,C,-15.2
11428,low,2,8.0,6.0,9.0,A,15.0
11429,high,2,6.0,2.0,8.2,A,-19.7
11430,high,0,7.0,21.0,8.1,A,-19.9
11431,high,4,10.0,8.0,8.4,A,-19.1
11432,medium,2,10.0,14.0,9.5,A,15.0
11433,high,1,9.0,50.0,5.6,A,-100.0
11434,none,2,3.0,6.0,2.4,C,-100.0
11435,low,3,3.0,2.0,5.8,A,3.3
11436,none,2,7.0,46.0,9.2,C,10.2
11437,high,1,7.0,15.0,8.1,A,-100.0
11438,medium,1,2.0,0.0,9.6,B,15.0
11439,none,1,14.0,4.0,5.7,A,-10.1
11440,high,1,6.0,30.0,9.4,C,-12.7
11441,medium,1,9.0,9.0,3.5,A,-11.5
11442,high,1,14.0,20.0,2.0,B,-100.0
11443,low,3,8.0,29.0,8.9,C,15.0
11444,high,0,3.0,18.0,5.3,A,-100.0
11445,low,1,11.0,6.0,5.3,B,0.0
11446,none,0,4.0,7.0,2.1,A,-100.0
11447,high,1,7.0,10.0,8.6,D,-17.4
11448,medium,1,10.0,0.0,1.5,A,-100.0
11449,medium,6,13.0,7.0,9.6,A,15.0
11450,medium,0,14.0,16.0,1.9,A,-100.0
11451,high,1,10.0,0.0,9.5,A,-12.9
11452,medium,3,6.0,8.0,9.4,D,15.0
11453,low,4,12.0,1.0,9.8,A,15.0
11454,none,3,19.0,10.0,4.5,B,-17.4
11455,high,2,1.0,4.0,8.3,A,-18.6
11456,high,0,5.0,6.0,4.7,A,-100.0
11457,high,1,12.0,8.0,8.1,A,-100.0
11458,high,0,11.0,40.0,4.5,C,-100.0
11459,low,4,15.0,1.0,5.4,C,-0.2
11460,none,1,22.0,40.0,1.1,A,-100.0
11461,low,3,2.0,18.0,5.2,C,0.3
11462,medium,4,12.0,8.0,3.9,A,-9.9
11463,medium,1,13.0,2.0,3.2,A,-13.7
11464,high,0,6.0,10.0,5.8,A,-100.0
11465,high,0,10.0,0.0,9.4,A,-13.3
11466,low,0,21.0,5.0,5.9,C,2.4
11467,low,0,12.0,10.0,8.6,A,15.0
11468,low,1,31.0,1.0,1.5,C,-100.0
11469,high,1,21.0,3.0,4.8,A,-100.0
11470,none,1,5.0,3.0,8.7,A,7.3
11471,medium,1,9.0,2.0,4.5,A,-6.1
11472,none,2,7.0,18.0,8.8,A,7.7
11473,low,2,6.0,21.0,8.5,A,15.0
11474,medium,0,9.0,9.0,2.7,A,-15.8
11475,low,1,7.0,0.0,5.3,A,0.4
11476,high,0,14.0,14.0,4.6,A,-100.0
11477,low,2,6.0,4.0,8.7,A,15.0
11478,high,1,19.0,12.0,5.1,C,-100.0
11479,none,1,19.0,21.0,9.1,A,8.3
11480,low,1,8.0,2.0,5.6,C,1.9
11481,medium,1,3.0,9.0,5.5,C,0.1
11482,high,3,4.0,1.0,4.5,A,-100.0
11483,high,4,18.0,18.0,4.3,A,-100.0
11484,,1,28.0,2.0,2.1,A,-100.0
11485,high,0,8.0,7.0,9.0,A,-15.2
11486,low,2,8.0,11.0,8.8,A,15.0
11487,low,0,11.0,50.0,4.1,A,-6.0
11488,high,0,,19.0,4.0,C,
11489,low,1,6.0,6.0,9.8,C,15.0
11490,medium,0,8.0,21.0,8.5,A,15.0
11491,medium,1,3.0,10.0,8.0,A,13.8
11492,medium,1,8.0,1.0,6.0,A,2.2
11493,none,3,6.0,2.0,9.5,A,11.4
11494,medium,3,2.0,30.0,8.1,A,14.5
11495,none,2,21.0,20.0,5.3,B,-12.9
11496,low,1,3.0,2.0,4.3,C,-4.7
11497,none,1,6.0,2.0,8.3,A,5.0
11498,high,1,3.0,6.0,5.0,D,-100.0
11499,high,3,7.0,12.0,1.5,A,-100.0
11500,high,2,4.0,14.0,8.8,D,-16.1
11501,none,0,15.0,14.0,3.7,B,-100.0
11502,medium,1,2.0,7.0,7.9,A,13.3
11503,low,1,18.0,27.0,2.7,A,-14.8
11504,none,0,10.0,6.0,5.2,A,-12.3
11505,low,0,14.0,21.0,8.3,A,15.0
11506,medium,0,15.0,5.0,4.1,A,-8.8
11507,low,1,6.0,2.0,8.9,C,15.0
11508,low,0,9.0,9.0,5.7,A,2.5
11509,low,1,6.0,15.0,9.7,B,15.0
11510,medium,1,4.0,4.0,3.7,A,-10.0
11511,high,2,19.0,13.0,8.9,C,-17.0
11512,medium,0,10.0,7.0,1.2,A,-100.0
11513,high,3,5.0,2.0,8.9,A,-15.8
11514,high,0,16.0,3.0,8.9,A,-16.6
11515,low,3,3.0,17.0,4.7,A,-2.6
11516,high,3,12.0,4.0,1.6,A,-100.0
11517,low,3,4.0,34.0,9.9,A,15.0
11518,low,1,14.0,1.0,5.0,A,-2.0
11519,medium,2,16.0,3.0,4.4,A,-7.4
11520,none,2,3.0,15.0,2.1,A,-100.0
11521,low,0,9.0,28.0,1.2,A,-100.0
11522,none,0,7.0,6.0,1.4,A,-100.0
11523,high,1,2.0,11.0,2.7,A,-100.0
11524,high,2,8.0,12.0,2.6,C,-100.0
11525,none,1,23.0,25.0,8.9,A,6.8
11526,high,3,5.0,10.0,5.3,C,-100.0
11527,low,3,25.0,5.0,6.3,A,3.9
11528,low,1,7.0,8.0,5.6,A,2.1
11529,low,1,20.0,0.0,5.0,A,-2.6
11530,medium,1,24.0,7.0,2.0,B,-100.0
11531,high,0,6.0,1.0,7.3,A,-100.0
11532,low,1,34.0,11.0,7.0,A,7.1
11533,high,1,13.0,9.0,4.0,D,-100.0
11534,high,3,10.0,36.0,2.6,C,-100.0
11535,low,5,2.0,1.0,3.5,C,-9.4
11536,medium,0,8.0,21.0,9.5,A,15.0
11537,low,3,10.0,2.0,7.8,A,13.6
11538,medium,4,16.0,0.0,4.8,A,-5.5
11539,medium,1,18.0,5.0,9.1,A,15.0
11540,medium,7,10.0,18.0,7.9,B,12.1
11541,high,0,6.0,2.0,8.6,A,-17.3
11542,high,0,8.0,30.0,9.1,C,-14.4
11543,low,4,8.0,3.0,3.0,A,-12.7
11544,high,3,5.0,1.0,4.1,A,-100.0
11545,,3,11.0,4.0,3.4,A,-100.0
11546,high,1,25.0,13.0,7.3,A,-100.0
11547,none,1,24.0,47.0,5.2,A,-13.4
11548,none,2,20.0,2.0,3.5,A,-100.0
11549,low,1,3.0,1.0,1.2,A,-100.0
11550,high,2,11.0,17.0,8.2,A,-100.0
11551,low,3,3.0,14.0,5.9,B,4.0
11552,low,1,8.0,3.0,6.1,A,4.7
11553,high,0,10.0,7.0,8.9,A,-16.0
11554,low,4,15.0,8.0,8.5,D,15.0
11555,high,3,4.0,17.0,6.3,A,-100.0
11556,none,1,5.0,27.0,2.8,D,-100.0
11557,medium,0,4.0,4.0,2.9,A,-14.3
11558,high,0,23.0,24.0,8.5,A,-19.3
11559,high,1,7.0,27.0,2.4,D,-100.0
11560,low,1,15.0,20.0,7.6,A,12.4
11561,low,0,6.0,18.0,9.0,D,15.0
11562,medium,3,1.0,8.0,2.9,A,-14.2
11563,,2,4.0,4.0,8.2,A,4.5
11564,medium,0,11.0,1.0,2.9,A,-15.0
11565,high,1,9.0,1.0,8.4,A,-18.8
11566,,4,8.0,4.0,8.7,A,6.7
11567,medium,2,12.0,11.0,1.1,C,-100.0
11568,medium,2,6.0,21.0,9.8,A,15.0
11569,medium,2,13.0,2.0,2.9,A,-15.4
11570,low,0,4.0,3.0,2.6,A,-14.1
11571,medium,4,13.0,48.0,2.3,B,-18.4
11572,medium,3,5.0,5.0,5.2,A,-2.0
11573,high,2,39.0,4.0,1.4,A,-100.0
11574,low,0,17.0,33.0,9.4,A,15.0
11575,none,4,9.0,18.0,9.0,A,8.4
11576,high,0,5.0,17.0,5.3,A,-100.0
11577,high,1,12.0,6.0,7.5,C,-100.0
11578,,1,8.0,7.0,8.2,A,4.3
11579,low,3,3.0,2.0,6.5,A,7.2
11580,high,0,1.0,15.0,6.2,A,-100.0
11581,medium,1,,17.0,7.3,C,
11582,medium,3,11.0,48.0,2.7,A,-15.9
11583,none,3,40.0,20.0,4.6,C,-18.8
11584,none,3,21.0,10.0,3.4,A,-100.0
11585,high,1,20.0,31.0,2.9,A,-100.0
11586,medium,2,5.0,0.0,2.3,A,-17.9
11587,medium,2,5.0,6.0,7.6,A,11.3
11588,high,3,8.0,0.0,6.0,C,-100.0
11589,medium,1,9.0,3.0,5.2,B,-2.2
11590,low,2,19.0,31.0,4.9,A,-2.8
11591,high,4,9.0,9.0,9.4,D,-13.5
11592,high,2,13.0,11.0,9.2,C,-14.8
11593,low,3,6.0,15.0,8.8,A,15.0
11594,none,3,3.0,22.0,7.8,A,2.5
11595,medium,2,11.0,2.0,2.9,C,-15.2
11596,medium,3,10.0,13.0,2.7,A,-16.2
11597,low,3,14.0,45.0,8.6,A,15.0
11598,none,1,4.0,2.0,7.7,A,1.9
11599,high,4,5.0,26.0,5.6,C,-100.0
11600,high,2,6.0,1.0,9.4,C,-13.1
11601,high,1,3.0,10.0,8.4,C,-18.1
11602,low,1,15.0,9.0,8.7,A,15.0
11603,none,1,1.0,18.0,8.7,C,7.8
11604,none,0,9.0,14.0,9.8,A,13.1
11605,medium,1,13.0,2.0,4.4,A,-7.1
11606,high,1,10.0,3.0,9.7,B,-11.7
11607,low,1,9.0,8.0,6.5,A,6.8
11608,low,1,5.0,15.0,7.1,C,10.6
11609,none,3,8.0,5.0,2.3,A,-100.0
11610,high,0,19.0,12.0,8.1,A,-100.0
11611,medium,3,16.0,20.0,8.1,D,13.0
11612,none,0,4.0,39.0,2.1,A,-100.0
11613,none,2,3.0,9.0,1.3,A,-100.0
11614,medium,1,10.0,8.0,9.8,C,15.0
11615,high,2,10.0,1.0,8.3,C,-19.5
11616,low,3,1.0,16.0,8.1,A,15.0
11617,high,2,15.0,2.0,8.4,A,-19.5
11618,low,0,2.0,7.0,9.8,C,15.0
11619,medium,1,8.0,4.0,8.8,A,15.0
11620,medium,0,9.0,2.0,3.1,A,-13.7
11621,low,2,5.0,50.0,1.6,A,-19.4
11622,none,5,5.0,23.0,1.2,C,-100.0
11623,high,2,7.0,4.0,2.4,B,-100.0
11624,low,1,24.0,33.0,9.7,A,15.0
11625,low,1,30.0,4.0,4.8,A,-4.7
11626,none,3,7.0,6.0,8.7,A,6.9
11627,low,1,20.0,16.0,2.0,A,-18.9
11628,medium,4,11.0,2.0,7.9,B,12.1
11629,high,0,32.0,22.0,7.2,C,-100.0
11630,high,3,14.0,19.0,3.2,C,-100.0
11631,low,2,7.0,4.0,4.6,C,-3.6
11632,medium,0,3.0,10.0,9.6,A,15.0
11633,high,1,7.0,8.0,9.1,A,-14.7
11634,medium,1,16.0,40.0,3.3,A,-13.0
11635,low,3,11.0,25.0,8.7,A,15.0
11636,low,4,6.0,6.0,2.8,A,-13.5
11637,none,0,12.0,1.0,2.2,A,-100.0
11638,high,3,15.0,28.0,2.6,A,-100.0
11639,medium,3,5.0,5.0,1.7,A,-100.0
11640,low,0,1.0,4.0,3.3,A,-9.9
11641,low,0,21.0,11.0,9.4,A,15.0
11642,low,1,2.0,15.0,7.5,C,13.1
11643,medium,3,10.0,1.0,5.6,A,-0.4
11644,low,1,9.0,7.0,9.2,A,15.0
11645,low,0,5.0,50.0,6.9,A,9.9
11646,medium,3,8.0,1.0,6.3,C,3.7
11647,low,1,6.0,3.0,2.5,A,-14.9
11648,none,1,7.0,9.0,5.2,B,-12.1
11649,high,1,10.0,13.0,3.6,C,-100.0
11650,high,4,3.0,13.0,8.4,C,-18.4
11651,low,2,4.0,7.0,8.5,D,15.0
11652,none,1,6.0,11.0,6.7,A,-3.7
11653,high,2,6.0,11.0,1.8,A,-100.0
11654,high,2,2.0,8.0,10.0,A,-9.3
11655,medium,2,3.0,23.0,5.6,A,0.7
11656,low,1,8.0,1.0,5.0,C,-1.4
11657,low,2,5.0,4.0,5.9,B,3.8
11658,medium,1,4.0,24.0,1.5,A,-100.0
11659,high,2,8.0,4.0,10.0,D,-10.0
11660,high,1,14.0,5.0,7.0,C,-100.0
11661,low,2,1.0,16.0,3.7,A,-7.8
11662,high,2,2.0,11.0,5.1,A,-100.0
11663,medium,0,7.0,42.0,10.0,A,15.0
11664,medium,4,19.0,16.0,2.1,C,-100.0
11665,low,3,,29.0,6.9,C,
11666,medium,2,17.0,8.0,6.9,D,6.2
11667,medium,2,10.0,11.0,4.8,A,-4.6
11668,high,0,12.0,1.0,2.4,B,-100.0
11669,low,0,8.0,1.0,4.3,A,-5.1
11670,none,0,12.0,3.0,4.0,A,-19.2
11671,low,1,3.0,20.0,9.5,A,15.0
11672,low,0,3.0,5.0,4.4,A,-4.0
11673,high,1,3.0,1.0,2.6,C,-100.0
11674,medium,3,3.0,4.0,3.7,D,-10.1
11675,none,0,18.0,22.0,9.8,A,12.3
11676,high,1,5.0,7.0,7.1,A,-100.0
11677,high,2,11.0,5.0,5.0,A,-100.0
11678,high,1,22.0,6.0,3.8,C,-100.0
11679,low,3,9.0,2.0,6.8,A,8.2
11680,medium,1,,22.0,3.3,C,
11681,none,1,3.0,16.0,7.6,C,1.6
11682,low,1,16.0,17.0,7.0,C,9.0
11683,medium,0,3.0,18.0,2.3,A,-17.4
11684,high,1,7.0,25.0,6.5,A,-100.0
11685,low,3,4.0,1.0,9.3,D,15.0
11686,medium,2,26.0,11.0,8.4,C,13.6
11687,low,3,2.0,19.0,3.1,A,-11.2
11688,high,1,13.0,7.0,9.9,C,-10.9
11689,low,1,1.0,9.0,7.1,C,10.9
11690,medium,2,16.0,4.0,8.1,A,12.9
11691,none,0,15.0,27.0,8.6,C,6.1
11692,high,0,,8.0,5.3,C,
11693,high,1,23.0,5.0,2.3,D,-100.0
11694,high,2,16.0,14.0,9.6,A,-12.9
11695,low,1,13.0,3.0,6.6,A,6.9
11696,medium,5,10.0,43.0,2.4,A,-17.7
11697,none,1,2.0,26.0,5.8,C,-8.1
11698,high,4,28.0,6.0,2.6,A,-100.0
11699,low,1,21.0,1.0,1.7,A,-100.0
11700,high,1,7.0,2.0,8.1,C,-100.0
11701,low,4,11.0,27.0,6.3,B,5.4
11702,medium,3,21.0,5.0,6.8,A,5.2
11703,high,3,11.0,12.0,8.9,C,-16.3
11704,medium,1,6.0,25.0,3.9,A,-8.9
11705,low,0,8.0,5.0,2.1,B,-17.2
11706,low,2,10.0,1.0,3.4,A,-10.5
11707,low,4,20.0,29.0,7.1,A,8.9
11708,none,1,6.0,1.0,5.2,A,-12.1
11709,none,1,7.0,25.0,3.5,A,-100.0
11710,high,1,8.0,9.0,10.0,A,-9.8
11711,medium,0,5.0,26.0,2.4,A,-16.9
11712,medium,1,13.0,2.0,5.3,C,-2.1
11713,low,4,16.0,8.0,3.5,A,-10.7
11714,medium,1,18.0,1.0,6.1,A,1.8
11715,low,0,34.0,4.0,5.9,A,1.1
11716,medium,3,10.0,3.0,6.1,A,2.4
11717,low,1,7.0,8.0,2.9,A,-12.8
11718,high,1,9.0,1.0,6.8,A,-100.0
11719,low,2,15.0,6.0,3.2,A,-12.0
11720,high,3,10.0,4.0,1.5,A,-100.0
11721,high,1,5.0,7.0,8.4,A,-18.3
11722,medium,2,2.0,28.0,4.7,A,-4.1
11723,none,0,8.0,10.0,1.6,D,-100.0
11724,none,3,8.0,3.0,9.3,A,10.1
11725,none,5,8.0,3.0,8.7,A,6.6
11726,low,1,4.0,4.0,1.7,A,-19.1
11727,high,2,10.0,2.0,6.3,A,-100.0
11728,low,0,9.0,26.0,10.0,A,15.0
11729,high,1,12.0,11.0,6.3,B,-100.0
11730,low,1,9.0,8.0,7.5,A,12.3
11731,medium,1,4.0,11.0,3.2,A,-12.7
11732,,3,9.0,1.0,9.3,B,10.0
11733,none,5,4.0,9.0,8.3,A,4.8
11734,high,2,13.0,3.0,9.6,A,-12.7
11735,medium,1,4.0,12.0,9.4,A,15.0
11736,none,1,24.0,0.0,9.9,C,11.9
11737,low,1,9.0,15.0,4.3,A,-5.2
11738,none,3,27.0,29.0,8.1,A,1.8
11739,high,3,9.0,7.0,2.9,A,-100.0
11740,low,2,0.0,4.0,8.6,A,15.0
11741,high,0,6.0,10.0,1.7,C,-100.0
11742,low,3,6.0,30.0,9.9,A,15.0
11743,high,2,2.0,3.0,7.8,A,-100.0
11744,medium,2,5.0,4.0,9.0,A,15.0
11745,low,5,12.0,4.0,3.1,A,-12.6
11746,high,0,7.0,5.0,9.0,A,-15.1
11747,none,2,4.0,17.0,4.7,A,-14.6
11748,high,1,15.0,11.0,9.9,A,-11.0
11749,high,1,5.0,4.0,7.1,A,-100.0
11750,none,1,25.0,10.0,9.1,A,7.6
11751,high,0,4.0,4.0,9.8,A,-10.5
11752,none,1,5.0,39.0,9.9,A,14.2
11753,high,1,11.0,3.0,8.9,A,-16.2
11754,high,1,4.0,5.0,6.0,A,-100.0
11755,high,0,10.0,10.0,5.6,A,-100.0
11756,high,4,30.0,4.0,8.0,A,-100.0
11757,low,2,12.0,8.0,1.1,C,-100.0
11758,high,2,18.0,24.0,1.8,A,-100.0
11759,low,0,22.0,5.0,4.9,B,-3.2
11760,high,0,2.0,40.0,8.7,A,-15.9
11761,low,4,14.0,16.0,2.1,A,-18.1
11762,low,3,4.0,2.0,2.8,A,-13.3
11763,medium,2,5.0,3.0,8.7,A,15.0
11764,none,0,9.0,33.0,1.5,C,-100.0
11765,none,3,1.0,1.0,9.6,A,12.4
11766,none,3,26.0,32.0,1.7,A,-100.0
11767,high,0,15.0,4.0,1.6,A,-100.0
11768,medium,2,10.0,14.0,4.6,A,-5.6
11769,medium,3,7.0,12.0,5.2,A,-2.2
11770,high,1,13.0,5.0,8.5,A,-18.6
11771,none,2,14.0,0.0,8.2,A,3.5
11772,low,0,3.0,14.0,8.4,D,15.0
11773,high,2,4.0,1.0,4.4,A,-100.0
11774,medium,0,24.0,2.0,6.0,B,0.7
11775,none,1,11.0,12.0,8.7,A,6.8
11776,medium,1,12.0,0.0,8.8,A,15.0
11777,low,1,3.0,27.0,9.4,B,15.0
11778,none,1,14.0,20.0,9.8,A,12.6
11779,none,1,16.0,1.0,5.8,B,-9.8
11780,medium,1,17.0,27.0,9.5,A,15.0
11781,high,2,16.0,11.0,9.5,A,-13.4
11782,high,3,16.0,4.0,7.3,A,-100.0
11783,high,3,8.0,15.0,2.3,A,-100.0
11784,low,0,13.0,7.0,7.5,A,12.0
11785,low,2,30.0,10.0,3.5,A,-11.9
11786,low,0,9.0,4.0,4.9,A,-1.9
11787,high,1,4.0,2.0,2.6,A,-100.0
11788,high,1,13.0,5.0,9.4,B,-13.7
11789,high,3,16.0,11.0,5.7,C,-100.0
11790,high,0,8.0,1.0,9.5,C,-12.5
11791,low,1,2.0,5.0,9.1,C,15.0
11792,none,4,8.0,2.0,8.9,A,7.8
11793,low,3,10.0,28.0,8.1,A,15.0
11794,high,2,4.0,20.0,9.2,A,-13.8
11795,medium,1,10.0,0.0,6.5,A,4.8
11796,medium,0,8.0,14.0,4.2,C,-7.4
11797,medium,2,8.0,5.0,2.3,C,-18.2
11798,high,0,9.0,32.0,3.0,C,-100.0
11799,none,1,1.0,2.0,3.1,B,-100.0
11800,medium,0,4.0,29.0,5.2,A,-1.4
11801,low,1,11.0,15.0,6.9,A,8.9
11802,high,0,4.0,26.0,1.6,C,-100.0
11803,high,0,17.0,19.0,7.8,A,-100.0
11804,low,1,12.0,16.0,9.9,B,15.0
11805,high,1,26.0,7.0,5.2,A,-100.0
11806,high,0,4.0,2.0,9.1,C,-14.3
11807,low,0,5.0,4.0,2.2,A,-16.4
11808,high,4,4.0,7.0,8.6,A,-17.4
11809,high,1,18.0,9.0,8.6,C,-18.5
11810,high,1,7.0,3.0,6.7,A,-100.0
11811,high,2,5.0,1.0,5.4,A,-100.0
11812,low,2,18.0,4.0,2.7,A,-15.1
11813,medium,0,7.0,16.0,8.2,C,14.7
11814,medium,2,4.0,32.0,8.6,A,15.0
11815,high,1,14.0,14.0,3.6,D,-100.0
11816,none,2,2.0,50.0,7.0,A,-1.4
11817,none,0,11.0,2.0,5.0,A,-13.6
11818,high,1,6.0,7.0,6.1,A,-100.0
11819,low,2,7.0,11.0,8.4,A,15.0
11820,high,1,6.0,8.0,2.1,A,-100.0
11821,high,3,6.0,26.0,8.1,A,-100.0
11822,medium,1,13.0,4.0,7.4,C,9.5
11823,medium,0,3.0,2.0,1.9,A,-19.7
11824,high,3,15.0,0.0,8.6,B,-18.5
11825,high,3,3.0,6.0,3.2,A,-100.0
11826,medium,1,8.0,20.0,9.4,B,15.0
11827,medium,1,12.0,7.0,9.9,C,15.0
11828,low,4,12.0,6.0,8.2,A,15.0
11829,none,0,3.0,7.0,2.7,A,-100.0
11830,high,1,6.0,12.0,3.1,A,-100.0
11831,high,2,2.0,24.0,5.1,A,-100.0
11832,low,1,4.0,44.0,9.1,A,15.0
11833,none,1,2.0,7.0,7.6,A,1.6
11834,high,3,6.0,9.0,1.7,C,-100.0
11835,none,1,16.0,16.0,1.6,A,-100.0
11836,medium,1,3.0,3.0,9.6,A,15.0
11837,high,2,6.0,30.0,6.0,A,-100.0
11838,none,0,6.0,23.0,9.1,B,9.7
11839,low,0,5.0,11.0,1.8,C,-18.5
11840,low,0,11.0,10.0,8.6,A,15.0
11841,high,2,25.0,1.0,2.6,B,-100.0
11842,high,1,5.0,1.0,9.2,A,-14.0
11843,medium,4,8.0,26.0,3.5,C,-11.6
11844,low,1,6.0,27.0,5.3,C,0.7
11845,low,1,15.0,10.0,8.1,A,15.0
11846,high,1,13.0,48.0,2.9,A,-100.0
11847,high,0,14.0,19.0,1.7,D,-100.0
11848,high,0,20.0,1.0,8.8,C,-17.6
11849,high,1,40.0,1.0,5.5,A,-100.0
11850,high,2,8.0,4.0,6.9,A,-100.0
11851,medium,0,4.0,35.0,8.1,A,14.6
11852,low,0,15.0,10.0,3.2,C,-11.8
11853,high,0,12.0,1.0,2.6,A,-100.0
11854,high,1,25.0,1.0,8.2,D,-100.0
11855,none,3,1.0,31.0,8.4,A,6.1
11856,high,3,20.0,3.0,8.9,C,-17.3
11857,low,1,8.0,16.0,6.7,A,8.1
11858,high,0,8.0,1.0,4.8,C,-100.0
11859,high,1,12.0,2.0,4.2,A,-100.0
11860,medium,2,6.0,25.0,4.5,A,-5.7
11861,none,1,3.0,0.0,8.2,B,4.7
11862,medium,4,17.0,28.0,8.9,A,15.0
11863,medium,0,11.0,6.0,1.6,A,-100.0
11864,low,2,2.0,32.0,9.6,C,15.0
11865,none,1,5.0,1.0,9.6,C,12.2
11866,high,1,4.0,50.0,4.7,B,-100.0
11867,none,0,22.0,8.0,5.1,B,-14.1
11868,low,2,7.0,4.0,8.1,C,15.0
11869,low,1,1.0,2.0,3.1,A,-11.1
11870,low,2,1.0,1.0,2.9,A,-12.3
11871,medium,1,9.0,1.0,4.3,A,-7.2
11872,medium,0,17.0,8.0,7.4,C,9.2
11873,high,0,18.0,28.0,8.7,D,-17.7
11874,medium,0,5.0,6.0,2.9,A,-14.4
11875,medium,2,15.0,13.0,9.6,A,15.0
11876,low,1,12.0,4.0,8.4,A,15.0
11877,high,2,7.0,13.0,9.9,B,-10.3
11878,high,0,14.0,10.0,7.5,C,-100.0
11879,high,1,9.0,4.0,7.4,A,-100.0
11880,medium,2,8.0,18.0,3.2,A,-13.1
11881,low,2,10.0,15.0,4.9,C,-2.1
11882,none,3,2.0,9.0,2.5,B,-100.0
11883,low,1,10.0,1.0,2.0,A,-18.1
11884,medium,2,7.0,12.0,4.3,B,-7.0
11885,high,1,21.0,7.0,9.4,A,-14.4
11886,high,3,16.0,16.0,2.4,A,-100.0
11887,none,0,11.0,25.0,9.8,D,13.1
11888,low,0,5.0,8.0,3.3,B,-10.3
11889,low,1,8.0,48.0,7.7,B,13.9
11890,medium,2,6.0,16.0,8.8,A,15.0
11891,low,1,7.0,5.0,2.1,C,-17.2
11892,high,0,6.0,9.0,4.5,A,-100.0
11893,medium,2,7.0,15.0,7.0,A,7.9
11894,low,1,2.0,5.0,2.6,A,-13.9
11895,high,0,10.0,14.0,5.9,B,-100.0
11896,high,0,3.0,37.0,6.8,A,-100.0
11897,none,0,3.0,5.0,9.7,C,13.1
11898,none,2,6.0,10.0,4.7,B,-14.9
11899,none,0,5.0,32.0,7.9,A,3.3
11900,high,1,13.0,7.0,2.5,D,-100.0
11901,medium,2,22.0,40.0,6.9,C,6.1
11902,high,0,21.0,14.0,8.2,A,-100.0
11903,low,1,35.0,35.0,8.3,C,14.4
11904,low,0,1.0,14.0,8.1,C,15.0
11905,none,3,13.0,5.0,1.5,A,-100.0
11906,low,3,11.0,6.0,9.0,A,15.0
11907,low,2,4.0,2.0,3.6,A,-8.8
11908,medium,1,4.0,1.0,6.7,A,6.5
11909,low,1,5.0,9.0,3.7,A,-8.2
11910,low,3,10.0,24.0,1.3,C,-100.0
11911,high,4,5.0,9.0,3.8,A,-100.0
11912,high,2,4.0,6.0,1.5,C,-100.0
11913,medium,1,8.0,1.0,2.4,A,-17.6
11914,none,2,10.0,7.0,9.9,C,13.3
11915,high,2,38.0,10.0,3.9,A,-100.0
11916,,1,3.0,13.0,9.8,C,13.6
11917,none,1,13.0,39.0,2.5,A,-100.0
11918,low,4,8.0,12.0,9.9,D,15.0
11919,high,0,10.0,1.0,7.1,A,-100.0
11920,high,0,9.0,4.0,5.0,A,-100.0
11921,high,1,4.0,8.0,7.2,A,-100.0
11922,high,6,15.0,36.0,3.9,C,-100.0
11923,high,1,14.0,7.0,1.9,B,-100.0
11924,high,3,10.0,21.0,4.6,C,-100.0
11925,low,2,6.0,14.0,5.3,B,0.5
11926,medium,3,15.0,8.0,2.6,A,-17.3
11927,low,3,5.0,2.0,2.3,A,-16.1
11928,medium,1,10.0,10.0,2.1,A,-19.3
11929,none,2,5.0,0.0,8.4,A,5.5
11930,high,0,8.0,5.0,1.3,A,-100.0
11931,high,0,15.0,5.0,5.6,A,-100.0
11932,low,2,17.0,2.0,3.7,A,-9.5
11933,medium,1,4.0,8.0,9.2,A,15.0
11934,none,1,4.0,10.0,7.5,D,0.8
11935,high,0,26.0,2.0,8.8,C,-18.2
11936,medium,0,6.0,1.0,8.8,D,15.0
11937,low,2,7.0,7.0,3.6,A,-9.0
11938,medium,2,13.0,0.0,8.3,B,14.3
11939,none,0,7.0,2.0,3.3,A,-100.0
11940,medium,3,3.0,1.0,8.8,D,15.0
11941,low,0,1.0,7.0,6.5,A,7.7
11942,,3,3.0,50.0,8.4,A,6.1
11943,high,1,4.0,3.0,1.9,A,-100.0
11944,low,0,16.0,1.0,5.3,A,-0.4
11945,medium,2,10.0,37.0,4.0,D,-8.7
11946,high,1,11.0,11.0,6.1,B,-100.0
11947,none,0,9.0,6.0,9.7,A,12.5
11948,low,0,31.0,12.0,7.7,A,11.4
11949,medium,1,19.0,10.0,5.0,A,-4.3
11950,low,2,10.0,18.0,4.6,C,-3.7
11951,medium,1,6.0,2.0,4.2,B,-7.5
11952,none,2,9.0,1.0,9.7,A,12.3
11953,medium,1,8.0,11.0,7.8,A,12.2
11954,low,3,30.0,8.0,8.8,A,15.0
11955,low,0,13.0,5.0,5.4,A,0.4
11956,medium,0,9.0,22.0,5.9,C,1.9
11957,high,0,8.0,18.0,8.2,A,-19.5
11958,none,0,14.0,39.0,5.7,A,-9.7
11959,low,0,5.0,8.0,5.0,A,-0.9
11960,none,0,5.0,30.0,9.2,A,10.4
11961,low,0,0.0,3.0,9.5,A,15.0
11962,medium,1,6.0,30.0,8.3,C,15.0
11963,high,2,6.0,29.0,1.7,A,-100.0
11964,low,0,4.0,9.0,8.8,A,15.0
11965,high,0,11.0,6.0,3.7,D,-100.0
11966,medium,0,6.0,13.0,6.6,C,5.9
11967,medium,5,3.0,26.0,8.9,A,15.0
11968,high,1,28.0,2.0,9.6,C,-14.1
11969,high,3,5.0,9.0,1.4,A,-100.0
11970,medium,2,26.0,39.0,8.0,C,11.7
11971,medium,1,18.0,18.0,8.1,A,13.0
11972,high,0,26.0,33.0,9.3,D,-15.1
11973,low,0,2.0,7.0,4.7,A,-2.3
11974,high,1,15.0,32.0,6.8,A,-100.0
11975,low,1,14.0,44.0,9.2,A,15.0
11976,high,1,7.0,23.0,3.1,A,-100.0
11977,medium,3,2.0,6.0,8.7,A,15.0
11978,high,1,25.0,37.0,8.8,A,-17.8
11979,none,1,26.0,9.0,9.4,A,9.1
11980,low,2,11.0,6.0,8.0,D,14.8
11981,low,1,6.0,2.0,7.9,A,14.8
11982,low,4,5.0,8.0,3.1,A,-11.8
11983,none,1,4.0,12.0,9.5,A,11.9
11984,,2,9.0,6.0,3.0,A,-100.0
11985,low,1,2.0,21.0,4.1,A,-5.5
11986,medium,3,20.0,12.0,4.9,A,-5.1
11987,high,2,1.0,9.0,8.8,C,-15.8
11988,low,1,23.0,3.0,3.8,C,-9.5
11989,none,3,5.0,13.0,3.7,A,-100.0
11990,none,2,6.0,2.0,9.9,A,13.7
11991,high,1,18.0,4.0,8.5,A,-19.1
11992,medium,2,16.0,5.0,4.8,A,-5.2
11993,low,2,12.0,28.0,3.8,A,-8.2
11994,high,1,5.0,7.0,3.3,B,-100.0
11995,low,1,9.0,4.0,3.6,C,-9.2
11996,medium,1,16.0,6.0,9.5,C,15.0
11997,low,2,3.0,6.0,1.7,A,-19.1
11998,high,2,9.0,1.0,8.4,A,-18.9
11999,low,5,6.0,4.0,2.2,B,-17.0
12000,low,0,13.0,10.0,5.5,A,1.1
12001,medium,2,4.0,15.0,8.1,B,14.2
12002,low,0,10.0,5.0,6.0,D,4.0
12003,none,0,6.0,34.0,9.3,C,10.9
12004,none,1,13.0,1.0,2.4,A,-100.0
12005,none,3,4.0,1.0,1.1,A,-100.0
12006,none,1,6.0,0.0,8.9,A,8.2
12007,low,1,13.0,7.0,9.4,A,15.0
12008,low,0,4.0,10.0,9.9,A,15.0
12009,medium,4,6.0,13.0,4.1,A,-8.2
12010,high,0,6.0,2.0,7.0,A,-100.0
12011,medium,2,12.0,8.0,7.3,A,8.9
12012,low,0,7.0,8.0,4.4,A,-4.4
12013,high,2,4.0,2.0,8.3,A,-18.9
12014,high,1,5.0,7.0,8.5,A,-17.8
12015,low,2,6.0,4.0,8.4,A,15.0
12016,medium,2,9.0,21.0,1.3,A,-100.0
12017,medium,2,10.0,25.0,8.5,D,15.0
12018,high,0,8.0,1.0,3.9,A,-100.0
12019,high,3,19.0,1.0,10.0,A,-11.2
12020,medium,1,19.0,21.0,9.6,A,15.0
12021,low,3,2.0,10.0,3.6,A,-8.6
12022,low,1,10.0,21.0,8.0,A,15.0
12023,low,2,5.0,1.0,9.3,C,15.0
12024,none,0,7.0,9.0,9.8,A,13.3
12025,low,1,15.0,6.0,2.7,A,-14.7
12026,low,0,19.0,9.0,5.2,C,-1.2
12027,medium,1,2.0,35.0,7.3,C,10.3
12028,low,3,6.0,3.0,8.0,A,15.0
12029,low,1,3.0,5.0,1.3,D,-100.0
12030,low,0,10.0,1.0,5.1,C,-0.9
12031,low,1,7.0,46.0,7.4,A,12.4
12032,,2,3.0,8.0,4.6,C,-15.1
12033,high,0,21.0,4.0,5.6,A,-100.0
12034,medium,1,7.0,14.0,8.2,A,14.6
12035,low,2,11.0,4.0,8.5,B,15.0
12036,low,3,15.0,1.0,4.5,A,-5.0
12037,medium,3,27.0,4.0,1.4,B,-100.0
12038,none,1,6.0,3.0,4.9,D,-13.7
12039,high,1,22.0,17.0,6.0,A,-100.0
12040,high,3,11.0,25.0,9.6,C,-12.4
12041,medium,3,3.0,6.0,2.7,A,-15.6
12042,high,2,8.0,18.0,2.3,C,-100.0
12043,medium,1,9.0,0.0,1.8,A,-100.0
12044,medium,2,5.0,4.0,9.6,A,15.0
12045,high,2,1.0,3.0,1.1,A,-100.0
12046,medium,0,6.0,5.0,3.7,A,-10.1
12047,high,2,8.0,5.0,2.0,C,-100.0
12048,medium,1,6.0,16.0,8.3,A,15.0
12049,,0,17.0,17.0,9.8,C,12.4
12050,high,1,11.0,26.0,4.2,A,-100.0
12051,high,1,4.0,4.0,2.4,A,-100.0
12052,low,5,6.0,15.0,6.8,A,8.5
12053,none,0,1.0,7.0,3.3,C,-100.0
12054,high,1,2.0,1.0,5.4,B,-100.0
12055,high,1,9.0,7.0,9.6,A,-12.1
12056,high,1,14.0,26.0,1.1,C,-100.0
12057,low,1,4.0,27.0,7.8,A,14.7
12058,none,2,13.0,0.0,7.0,A,-3.0
12059,medium,3,10.0,30.0,1.3,C,-100.0
12060,none,1,8.0,12.0,3.5,A,-100.0
12061,high,0,20.0,13.0,3.1,A,-100.0
12062,medium,1,22.0,26.0,4.6,C,-6.6
12063,none,3,11.0,4.0,9.7,B,12.0
12064,high,1,7.0,19.0,6.3,A,-100.0
12065,low,1,26.0,15.0,2.6,A,-16.3
12066,high,0,9.0,16.0,9.8,A,-10.8
12067,high,0,11.0,30.0,1.7,A,-100.0
12068,medium,2,10.0,14.0,6.6,A,5.4
12069,none,2,8.0,2.0,10.0,C,14.0
12070,,3,12.0,14.0,1.3,A,-100.0
12071,low,2,4.0,8.0,1.5,A,-100.0
12072,medium,2,11.0,22.0,5.3,A,-1.8
12073,low,2,18.0,2.0,9.3,A,15.0
12074,low,1,4.0,6.0,1.0,A,-100.0
12075,high,0,15.0,16.0,3.8,A,-100.0
12076,high,1,7.0,5.0,8.8,D,-16.3
12077,low,4,,12.0,8.5,C,
12078,high,3,4.0,2.0,4.8,C,-100.0
12079,low,1,10.0,3.0,6.1,A,4.5
12080,high,1,8.0,7.0,1.4,A,-100.0
12081,none,0,10.0,10.0,1.6,A,-100.0
12082,none,2,4.0,50.0,6.7,A,-3.3
12083,low,3,2.0,31.0,5.1,C,-0.1
12084,none,2,22.0,29.0,4.1,A,-19.6
12085,low,1,6.0,6.0,3.4,A,-9.9
12086,high,2,,50.0,8.6,C,
12087,low,1,4.0,13.0,2.3,A,-15.7
12088,low,1,12.0,16.0,9.4,A,15.0
12089,low,2,3.0,3.0,8.6,A,15.0
12090,medium,3,3.0,2.0,5.7,A,0.9
12091,high,1,10.0,18.0,4.2,A,-100.0
12092,none,1,0.0,0.0,9.7,A,13.2
12093,low,1,9.0,9.0,2.7,A,-14.1
12094,none,4,7.0,8.0,8.4,C,5.2
12095,low,1,4.0,21.0,6.3,A,6.4
12096,low,5,22.0,9.0,8.7,C,15.0
12097,medium,1,1.0,21.0,3.9,A,-8.4
12098,none,1,5.0,8.0,8.5,A,6.2
12099,high,0,3.0,39.0,1.1,A,-100.0
12100,low,1,3.0,25.0,9.4,C,15.0
12101,none,1,14.0,10.0,1.2,A,-100.0
12102,high,1,12.0,17.0,6.4,A,-100.0
12103,medium,2,,20.0,9.9,C,
12104,medium,0,8.0,0.0,10.0,B,15.0
12105,low,1,7.0,35.0,1.4,B,-100.0
12106,medium,1,4.0,18.0,9.3,A,15.0
12107,low,1,18.0,50.0,3.0,A,-12.9
12108,low,1,12.0,20.0,2.1,D,-17.6
12109,low,0,10.0,2.0,9.9,A,15.0
12110,high,1,12.0,16.0,2.7,A,-100.0
12111,high,1,5.0,30.0,5.4,A,-100.0
12112,low,2,4.0,34.0,8.1,C,15.0
12113,high,1,5.0,14.0,1.9,A,-100.0
12114,low,3,10.0,40.0,2.3,A,-16.2
12115,medium,1,16.0,0.0,4.5,B,-6.8
12116,high,1,14.0,17.0,8.1,A,-100.0
12117,low,0,4.0,10.0,3.3,C,-10.2
12118,medium,1,6.0,33.0,5.2,A,-1.6
12119,medium,2,3.0,5.0,9.6,A,15.0
12120,low,1,7.0,7.0,8.1,A,15.0
12121,medium,0,,27.0,8.9,C,
12122,none,1,6.0,36.0,8.6,C,7.0
12123,high,2,4.0,27.0,1.9,C,-100.0
12124,low,3,24.0,2.0,9.0,B,15.0
12125,high,2,5.0,6.0,2.1,A,-100.0
12126,medium,2,13.0,27.0,8.9,A,15.0
12127,none,1,10.0,13.0,1.6,B,-100.0
12128,high,0,13.0,1.0,8.9,A,-16.3
12129,high,1,8.0,14.0,5.3,A,-100.0
12130,medium,1,1.0,4.0,2.5,A,-16.3
12131,none,1,7.0,9.0,5.1,C,-12.7
12132,none,0,8.0,2.0,9.8,C,13.1
12133,low,1,2.0,20.0,8.9,A,15.0
12134,high,1,12.0,10.0,1.5,A,-100.0
12135,high,1,25.0,24.0,3.4,A,-100.0
12136,low,3,11.0,13.0,1.2,A,-100.0
12137,low,3,20.0,25.0,9.7,A,15.0
12138,none,1,3.0,25.0,9.5,A,12.1
12139,low,2,34.0,6.0,4.1,A,-9.0
12140,high,1,15.0,14.0,8.5,A,-18.7
12141,none,3,16.0,1.0,9.4,C,9.8
12142,low,2,10.0,2.0,9.7,A,15.0
12143,none,2,7.0,42.0,8.2,C,4.6
12144,,2,7.0,11.0,2.7,C,-100.0
12145,high,1,7.0,11.0,2.3,A,-100.0
12146,none,2,5.0,5.0,6.3,A,-6.0
12147,none,0,9.0,6.0,9.8,B,13.1
12148,medium,3,1.0,3.0,,A,
12149,,1,4.0,6.0,5.5,A,-10.2
12150,high,1,12.0,0.0,1.3,A,-100.0
12151,none,2,23.0,16.0,6.4,A,-7.1
12152,high,4,10.0,4.0,9.9,A,-10.9
12153,low,0,2.0,5.0,1.1,C,-100.0
12154,high,2,4.0,14.0,8.3,A,-18.8
12155,low,2,3.0,0.0,6.1,A,5.0
12156,high,2,6.0,14.0,9.3,A,-13.5
12157,medium,2,6.0,1.0,1.3,C,-100.0
12158,low,3,12.0,3.0,1.9,B,-19.0
12159,medium,2,,0.0,8.9,C,
12160,low,1,5.0,26.0,3.0,B,-11.9
12161,medium,1,16.0,5.0,7.8,A,11.4
12162,low,0,10.0,20.0,4.8,B,-2.4
12163,none,4,5.0,6.0,7.9,C,2.6
12164,medium,0,4.0,17.0,3.2,A,-12.5
12165,low,1,10.0,30.0,1.6,C,-20.0
12166,low,0,6.0,2.0,3.9,A,-7.1
12167,none,2,40.0,9.0,9.8,A,9.8
12168,high,2,13.0,3.0,1.9,A,-100.0
12169,medium,1,8.0,1.0,8.0,A,13.2
12170,medium,3,5.0,6.0,8.6,A,15.0
12171,medium,3,14.0,15.0,9.9,C,15.0
12172,medium,0,15.0,2.0,4.4,A,-7.2
12173,high,1,2.0,23.0,1.8,A,-100.0
12174,low,4,23.0,33.0,6.1,A,3.2
12175,low,0,17.0,34.0,6.1,A,4.2
12176,medium,1,10.0,18.0,8.6,C,15.0
12177,none,1,8.0,3.0,9.8,A,13.0
12178,high,3,14.0,27.0,3.1,A,-100.0
12179,low,5,9.0,13.0,7.7,A,13.1
12180,none,2,13.0,1.0,3.5,A,-100.0
12181,high,1,11.0,4.0,1.7,A,-100.0
12182,low,0,8.0,13.0,4.5,C,-3.9
12183,low,2,5.0,10.0,5.7,A,2.8
12184,medium,3,15.0,10.0,3.7,A,-11.2
12185,medium,1,6.0,1.0,8.5,A,15.0
12186,medium,2,8.0,3.0,9.6,C,15.0
12187,low,1,14.0,7.0,2.6,A,-15.1
12188,low,1,11.0,8.0,9.1,A,15.0
12189,low,1,15.0,38.0,9.5,A,15.0
12190,low,1,8.0,37.0,2.6,A,-14.2
12191,medium,3,22.0,4.0,1.2,C,-100.0
12192,none,1,3.0,13.0,8.4,C,5.9
12193,medium,2,9.0,4.0,2.9,B,-15.0
12194,medium,3,9.0,10.0,8.3,A,14.7
12195,low,2,8.0,12.0,4.0,B,-6.9
12196,none,1,8.0,13.0,9.3,A,10.4
12197,low,0,7.0,43.0,1.1,C,-100.0
12198,low,0,3.0,0.0,6.0,A,4.7
12199,none,2,9.0,27.0,9.5,A,11.4
12200,medium,2,4.0,2.0,2.8,C,-15.1
12201,low,4,4.0,27.0,8.4,A,15.0
12202,low,0,11.0,0.0,9.1,D,15.0
12203,high,0,2.0,31.0,3.0,B,-100.0
12204,low,1,11.0,1.0,4.3,C,-5.5
12205,medium,2,8.0,18.0,7.3,C,9.4
12206,low,1,1.0,17.0,9.2,A,15.0
12207,medium,1,2.0,20.0,5.1,A,-1.9
12208,medium,1,13.0,1.0,8.8,A,15.0
12209,medium,2,,4.0,5.6,C,
12210,low,4,8.0,37.0,2.8,A,-13.4
12211,none,4,3.0,7.0,1.1,A,-100.0
12212,high,2,2.0,11.0,9.3,A,-13.1
12213,low,1,5.0,4.0,2.4,A,-15.4
12214,high,5,5.0,10.0,6.5,C,-100.0
12215,medium,0,6.0,4.0,2.2,C,-18.3
12216,low,2,19.0,17.0,9.3,C,15.0
12217,high,1,2.0,22.0,6.8,A,-100.0
12218,high,1,17.0,26.0,9.1,A,-15.5
12219,high,1,24.0,50.0,1.0,D,-100.0
12220,low,2,8.0,31.0,8.5,A,15.0
12221,none,0,14.0,27.0,9.2,C,9.5
12222,medium,3,3.0,7.0,3.2,A,-12.8
12223,medium,0,8.0,2.0,2.8,B,-15.3
12224,medium,1,15.0,25.0,6.3,A,3.4
12225,medium,4,2.0,3.0,8.9,B,15.0
12226,medium,1,29.0,6.0,9.9,A,15.0
12227,high,2,28.0,6.0,1.6,A,-100.0
12228,medium,2,4.0,3.0,9.6,A,15.0
12229,low,1,8.0,8.0,9.8,A,15.0
12230,high,2,10.0,13.0,8.7,C,-17.2
12231,none,5,2.0,2.0,9.4,D,11.0
12232,high,0,19.0,16.0,5.6,A,-100.0
12233,high,1,10.0,10.0,5.4,A,-100.0
12234,low,1,11.0,10.0,9.3,A,15.0
12235,medium,2,8.0,1.0,2.8,A,-15.5
12236,medium,0,8.0,10.0,9.0,A,15.0
12237,,3,15.0,1.0,5.6,A,-11.0
12238,low,2,5.0,4.0,7.2,A,10.9
12239,medium,1,23.0,1.0,9.0,C,15.0
12240,medium,0,9.0,2.0,8.3,C,14.9
12241,high,1,8.0,11.0,8.8,A,-16.4
12242,medium,1,3.0,0.0,6.2,A,3.8
12243,none,0,18.0,12.0,8.9,C,7.3
12244,medium,2,10.0,14.0,8.3,A,14.7
12245,,2,6.0,9.0,10.0,A,14.3
12246,low,0,8.0,50.0,3.7,A,-8.0
12247,high,0,21.0,7.0,2.7,A,-100.0
12248,high,2,,11.0,9.1,C,
12249,none,3,5.0,1.0,7.0,C,-2.3
12250,high,0,12.0,9.0,8.6,A,-17.8
12251,high,2,1.0,13.0,3.5,A,-100.0
12252,high,0,9.0,16.0,4.3,A,-100.0
12253,low,2,6.0,16.0,1.3,C,-100.0
12254,low,0,14.0,23.0,1.5,A,-100.0
12255,low,0,13.0,17.0,8.5,A,15.0
12256,medium,1,5.0,2.0,2.4,B,-17.3
12257,high,0,9.0,38.0,4.8,A,-100.0
12258,low,1,,9.0,1.0,C,
12259,high,0,11.0,10.0,10.0,A,-10.0
12260,low,0,3.0,3.0,7.9,A,15.0
12261,low,1,9.0,8.0,8.4,A,15.0
12262,low,0,6.0,1.0,9.5,A,15.0
12263,medium,3,15.0,3.0,4.7,A,-5.8
12264,high,2,11.0,26.0,2.3,A,-100.0
12265,medium,0,9.0,9.0,8.5,A,15.0
12266,medium,1,2.0,35.0,5.6,A,1.0
12267,,0,14.0,6.0,3.4,A,-100.0
12268,high,1,11.0,20.0,7.7,A,-100.0
12269,low,2,31.0,6.0,9.0,A,15.0
12270,none,0,23.0,2.0,2.2,A,-100.0
12271,high,2,7.0,4.0,2.7,A,-100.0
12272,high,1,5.0,16.0,7.0,D,-100.0
12273,high,3,1.0,8.0,10.0,A,-9.3
12274,low,0,7.0,17.0,9.4,B,15.0
12275,none,2,3.0,20.0,6.9,C,-2.4
12276,high,1,13.0,12.0,9.8,A,-11.4
12277,high,0,6.0,17.0,4.4,A,-100.0
12278,,1,5.0,7.0,4.0,B,-18.5
12279,medium,2,18.0,11.0,3.4,C,-13.1
12280,high,4,7.0,0.0,2.4,A,-100.0
12281,medium,3,11.0,8.0,8.8,A,15.0
12282,high,0,26.0,22.0,3.0,B,-100.0
12283,medium,1,16.0,6.0,3.7,A,-11.2
12284,low,2,1.0,5.0,8.9,B,15.0
12285,high,1,18.0,4.0,9.7,B,-12.5
12286,medium,2,5.0,9.0,7.5,A,10.8
12287,none,3,8.0,1.0,8.6,A,6.2
12288,low,4,10.0,14.0,5.5,A,1.0
12289,low,1,1.0,4.0,9.4,C,15.0
12290,high,1,3.0,6.0,9.7,A,-11.0
12291,medium,1,10.0,34.0,8.1,A,13.9
12292,high,2,9.0,33.0,5.2,C,-100.0
12293,,1,14.0,3.0,8.2,A,3.6
12294,high,0,5.0,12.0,7.9,A,-100.0
12295,low,1,8.0,7.0,2.6,A,-14.5
12296,low,2,5.0,1.0,9.6,A,15.0
12297,high,4,2.0,29.0,5.4,A,-100.0
12298,medium,1,5.0,1.0,2.4,C,-17.3
12299,high,2,14.0,1.0,3.3,C,-100.0
12300,high,1,5.0,1.0,7.7,C,-100.0
12301,none,0,4.0,6.0,2.4,D,-100.0
12302,medium,1,5.0,13.0,5.8,A,1.6
12303,medium,6,8.0,37.0,4.5,D,-6.2
12304,medium,1,17.0,9.0,9.7,A,15.0
12305,high,3,9.0,11.0,9.8,A,-11.2
12306,high,2,,47.0,5.0,C,
12307,medium,1,9.0,6.0,9.3,A,15.0
12308,high,2,3.0,12.0,9.3,A,-13.2
12309,medium,3,15.0,13.0,2.7,A,-16.7
12310,low,3,13.0,0.0,6.9,C,8.4
12311,none,0,2.0,1.0,6.9,A,-2.2
12312,medium,6,9.0,13.0,4.9,A,-4.3
12313,medium,1,20.0,2.0,8.3,C,13.7
12314,high,3,9.0,19.0,8.9,A,-16.1
12315,high,1,7.0,4.0,4.1,A,-100.0
12316,medium,3,6.0,3.0,8.5,A,15.0
12317,high,3,7.0,18.0,4.5,D,-100.0
12318,none,1,13.0,1.0,9.5,A,10.9
12319,none,2,24.0,47.0,5.5,C,-11.9
12320,high,1,37.0,2.0,2.4,A,-100.0
12321,none,3,13.0,9.0,2.3,D,-100.0
12322,medium,5,7.0,10.0,8.4,B,15.0
12323,high,2,3.0,5.0,3.4,C,-100.0
12324,high,3,5.0,4.0,9.5,B,-12.5
12325,high,2,8.0,2.0,8.8,A,-16.6
12326,low,0,3.0,5.0,8.4,A,15.0
12327,medium,2,8.0,20.0,8.1,B,13.9
12328,high,1,14.0,3.0,9.7,A,-12.1
12329,none,1,17.0,11.0,9.4,C,10.0
12330,low,2,,50.0,3.3,C,
12331,low,3,7.0,4.0,8.8,C,15.0
12332,medium,1,4.0,7.0,2.9,A,-14.4
12333,high,1,3.0,8.0,2.3,A,-100.0
12334,low,0,5.0,17.0,8.6,A,15.0
12335,high,2,10.0,5.0,8.8,A,-16.7
12336,high,2,7.0,16.0,7.0,A,-100.0
12337,high,1,14.0,6.0,9.6,A,-12.6
12338,high,1,21.0,5.0,9.4,A,-14.5
12339,low,1,12.0,6.0,9.1,A,15.0
12340,low,1,5.0,0.0,3.0,C,-12.1
12341,medium,4,10.0,3.0,2.1,C,-19.7
12342,none,3,19.0,15.0,8.6,A,5.3
12343,medium,3,13.0,6.0,9.6,A,15.0
12344,high,1,2.0,7.0,8.9,A,-15.3
12345,high,1,3.0,8.0,8.5,C,-17.6
12346,,0,1.0,13.0,5.3,A,-10.8
12347,high,0,6.0,2.0,5.4,A,-100.0
12348,medium,4,3.0,9.0,7.5,A,10.8
12349,low,1,20.0,11.0,7.6,A,11.8
12350,medium,0,7.0,0.0,1.1,C,-100.0
12351,low,0,7.0,1.0,9.6,A,15.0
12352,low,2,11.0,6.0,4.9,A,-2.3
12353,medium,1,14.0,1.0,8.2,A,13.7
12354,low,2,7.0,19.0,9.1,A,15.0
12355,medium,2,13.0,1.0,8.2,B,13.7
12356,low,2,4.0,2.0,9.5,A,15.0
12357,none,1,5.0,5.0,6.1,A,-7.0
12358,high,0,15.0,4.0,9.7,A,-12.1
12359,high,1,12.0,40.0,5.2,C,-100.0
12360,low,1,8.0,1.0,9.8,A,15.0
12361,high,3,1.0,21.0,3.7,C,-100.0
12362,high,1,12.0,17.0,8.7,A,-17.3
12363,medium,3,4.0,11.0,1.7,A,-100.0
12364,,3,7.0,1.0,4.4,A,-16.8
12365,high,1,10.0,22.0,3.6,A,-100.0
12366,high,0,17.0,5.0,5.4,A,-100.0
12367,low,5,1.0,28.0,8.9,B,15.0
12368,none,1,18.0,4.0,4.2,A,-18.8
12369,medium,4,6.0,4.0,4.1,A,-8.3
12370,none,2,12.0,8.0,6.7,A,-4.5
12371,high,1,1.0,28.0,9.0,A,-14.4
12372,high,1,8.0,14.0,7.9,A,-100.0
12373,high,0,6.0,18.0,3.0,C,-100.0
12374,low,1,13.0,4.0,8.5,A,15.0
12375,medium,1,3.0,1.0,1.3,D,-100.0
12376,low,0,10.0,18.0,9.2,C,15.0
12377,,0,7.0,3.0,9.3,C,10.5
12378,none,1,23.0,18.0,5.2,C,-13.6
12379,low,0,12.0,13.0,3.9,C,-7.6
12380,none,0,21.0,25.0,7.0,C,-3.3
12381,medium,1,13.0,1.0,8.0,A,12.7
12382,low,2,4.0,3.0,7.7,A,13.8
12383,high,3,16.0,10.0,3.3,A,
12384,low,2,20.0,9.0,4.4,B,-5.9
12385,high,3,3.0,5.0,4.1,A,-100.0
12386,medium,1,24.0,7.0,6.1,A,1.2
12387,none,2,3.0,50.0,6.6,A,-3.7
12388,low,3,11.0,21.0,3.3,B,-11.0
12389,low,1,16.0,1.0,2.6,A,-15.4
12390,,2,5.0,11.0,7.3,C,-0.4
12391,high,0,7.0,15.0,6.4,A,-100.0
12392,high,1,9.0,0.0,5.4,A,-100.0
12393,low,2,18.0,1.0,9.5,A,15.0
12394,none,1,9.0,4.0,8.2,A,4.1
12395,none,1,11.0,34.0,1.6,A,-100.0
12396,high,2,5.0,3.0,1.3,C,-100.0
12397,medium,2,11.0,4.0,7.3,A,9.0
12398,high,0,9.0,3.0,4.3,A,-100.0
12399,high,1,7.0,5.0,5.0,A,-100.0
12400,medium,0,2.0,2.0,6.0,A,2.9
12401,low,3,11.0,10.0,9.3,A,15.0
12402,high,0,3.0,2.0,9.3,A,-13.1
12403,medium,1,2.0,0.0,,C,
12404,low,4,18.0,10.0,1.0,A,-100.0
12405,low,2,4.0,6.0,9.5,A,15.0
12406,medium,1,7.0,0.0,8.1,A,13.9
12407,low,1,22.0,2.0,4.4,A,-6.1
12408,high,1,4.0,4.0,1.0,C,-100.0
12409,high,3,,10.0,,C,
12410,high,1,8.0,30.0,3.8,C,-100.0
12411,none,2,8.0,2.0,3.9,A,-19.5
12412,none,2,4.0,11.0,3.9,B,-19.0
12413,medium,2,7.0,38.0,4.6,A,-5.1
12414,high,2,5.0,17.0,3.0,A,-100.0
12415,,1,2.0,22.0,1.2,A,-100.0
12416,high,3,8.0,1.0,2.1,B,-100.0
12417,low,2,12.0,14.0,9.6,A,15.0
12418,low,1,6.0,10.0,8.4,A,15.0
12419,none,2,13.0,2.0,9.5,A,10.8
12420,low,4,12.0,1.0,1.5,A,-100.0
12421,medium,1,2.0,12.0,8.1,B,14.5
12422,medium,0,15.0,7.0,4.8,A,-4.9
12423,medium,1,1.0,4.0,3.3,A,-11.9
12424,none,3,4.0,6.0,4.6,C,-15.3
12425,medium,2,9.0,17.0,5.2,A,-2.2
12426,none,1,14.0,3.0,7.5,A,-0.2
12427,high,0,9.0,4.0,3.1,C,-100.0
12428,low,2,2.0,3.0,4.8,A,-2.0
12429,none,1,15.0,42.0,1.4,C,-100.0
12430,high,1,14.0,3.0,9.7,B,-12.1
12431,medium,0,11.0,6.0,3.5,A,-11.7
12432,high,1,9.0,15.0,9.6,C,-12.1
12433,medium,2,7.0,38.0,1.8,A,-100.0
12434,medium,2,5.0,18.0,5.2,A,-1.8
12435,none,0,27.0,15.0,7.6,A,-0.7
12436,high,4,19.0,1.0,4.9,A,-100.0
12437,high,1,3.0,10.0,5.9,C,-100.0
12438,medium,1,15.0,13.0,1.1,A,-100.0
12439,none,2,15.0,4.0,6.1,A,-8.1
12440,medium,2,17.0,0.0,8.7,C,15.0
12441,low,1,5.0,24.0,2.1,A,-16.8
12442,low,0,16.0,49.0,3.3,A,-10.9
12443,high,3,18.0,1.0,6.1,A,-100.0
12444,medium,2,4.0,5.0,9.4,A,15.0
12445,high,4,5.0,15.0,5.9,A,-100.0
12446,low,4,10.0,13.0,2.8,A,-13.9
12447,medium,3,20.0,17.0,8.5,A,14.8
12448,none,2,15.0,6.0,1.8,A,-100.0
12449,medium,3,11.0,8.0,7.8,C,11.7
12450,none,1,8.0,37.0,1.4,C,-100.0
12451,high,4,7.0,31.0,10.0,B,-9.8
12452,high,0,8.0,4.0,2.5,A,-100.0
12453,medium,3,4.0,6.0,9.5,A,15.0
12454,low,1,3.0,2.0,3.8,D,-7.5
12455,high,3,18.0,12.0,4.8,A,-100.0
12456,low,0,4.0,9.0,,D,
12457,medium,1,6.0,50.0,2.3,C,-17.4
12458,low,0,2.0,1.0,8.4,A,15.0
12459,low,1,13.0,44.0,2.4,A,-15.8
12460,low,1,7.0,6.0,3.1,A,-11.7
12461,medium,0,2.0,15.0,8.1,C,14.6
12462,low,2,13.0,5.0,9.4,C,15.0
12463,low,1,7.0,6.0,9.6,A,15.0
12464,high,2,1.0,1.0,,A,
12465,high,3,13.0,7.0,2.8,C,-100.0
12466,low,0,19.0,50.0,2.5,A,-15.6
12467,high,2,8.0,3.0,2.5,A,-100.0
12468,high,1,8.0,14.0,9.5,C,-12.5
12469,low,1,24.0,5.0,3.9,C,-9.0
12470,low,3,6.0,5.0,9.4,B,15.0
12471,low,2,12.0,21.0,9.0,D,15.0
12472,high,0,7.0,27.0,8.7,C,-16.6
12473,high,2,4.0,7.0,2.5,B,-100.0
12474,high,0,4.0,34.0,3.2,A,-100.0
12475,medium,1,8.0,7.0,8.5,A,15.0
12476,high,2,3.0,2.0,9.4,A,-12.8
12477,low,1,4.0,12.0,8.6,A,15.0
12478,,3,2.0,28.0,8.4,A,6.0
12479,medium,2,10.0,13.0,5.2,A,-2.4
12480,high,1,9.0,2.0,8.1,A,-100.0
12481,medium,0,4.0,3.0,9.3,C,15.0
12482,medium,1,12.0,50.0,4.4,A,-6.5
12483,high,1,38.0,5.0,9.8,B,-14.0
12484,low,0,6.0,2.0,9.5,A,15.0
12485,high,1,13.0,9.0,8.5,A,-18.6
12486,medium,2,7.0,1.0,9.4,C,15.0
12487,low,3,13.0,18.0,10.0,A,15.0
12488,medium,0,3.0,18.0,9.5,A,15.0
12489,high,1,12.0,1.0,8.8,A,-16.9
12490,high,2,5.0,9.0,5.4,A,-100.0
12491,high,2,6.0,3.0,6.2,D,-100.0
12492,medium,2,11.0,6.0,9.0,A,15.0
12493,low,0,17.0,38.0,3.0,A,-12.8
12494,high,2,17.0,6.0,9.1,A,-15.8
12495,low,1,4.0,2.0,3.2,A,-10.9
12496,medium,3,6.0,30.0,9.2,A,15.0
12497,high,0,1.0,23.0,9.1,A,-13.8
12498,none,1,12.0,30.0,1.0,C,-100.0
12499,low,1,10.0,41.0,6.3,A,6.0
12500,none,2,11.0,3.0,8.8,A,7.1
12501,medium,4,4.0,11.0,8.0,A,13.4
12502,low,1,30.0,21.0,5.4,C,-1.2
12503,high,0,12.0,3.0,8.7,A,-17.3
12504,high,2,17.0,5.0,9.0,A,-16.3
12505,low,4,12.0,6.0,9.5,A,15.0
12506,medium,1,31.0,14.0,2.3,A,-100.0
12507,low,3,11.0,2.0,6.4,A,5.8
12508,low,2,6.0,16.0,9.2,A,15.0
12509,low,0,0.0,14.0,7.9,A,15.0
12510,medium,1,2.0,0.0,8.6,A,15.0
12511,low,1,8.0,9.0,4.1,A,-6.3
12512,low,1,12.0,3.0,5.4,A,0.4
12513,high,2,10.0,28.0,1.3,A,-100.0
12514,medium,2,7.0,33.0,5.7,C,0.9
12515,low,0,10.0,21.0,8.0,C,15.0
12516,low,2,5.0,2.0,8.4,A,15.0
12517,high,2,15.0,0.0,7.7,C,-100.0
12518,none,1,3.0,12.0,8.7,A,7.6
12519,low,4,,16.0,3.7,C,
12520,low,1,4.0,12.0,3.5,B,-9.1
12521,high,1,12.0,22.0,4.6,C,-100.0
12522,low,0,6.0,13.0,7.7,A,13.9
12523,medium,3,27.0,5.0,9.6,A,15.0
12524,low,0,8.0,5.0,9.3,B,15.0
12525,high,2,8.0,10.0,2.9,B,-100.0
12526,high,1,33.0,6.0,7.9,C,-100.0
12527,none,2,8.0,12.0,4.9,A,-13.9
12528,medium,1,10.0,9.0,2.3,C,-18.2
12529,low,1,7.0,50.0,7.4,A,12.4
12530,medium,0,4.0,9.0,2.9,A,-14.2
12531,low,1,12.0,3.0,1.9,A,-18.8
12532,low,2,9.0,27.0,1.3,A,-100.0
12533,medium,2,9.0,9.0,2.0,C,-19.9
12534,low,2,12.0,41.0,9.5,A,15.0
12535,medium,1,7.0,25.0,8.3,A,15.0
12536,low,1,3.0,3.0,5.8,B,3.5
12537,high,3,14.0,5.0,1.2,A,-100.0
12538,high,2,8.0,4.0,9.2,A,-14.4
12539,high,1,8.0,7.0,8.3,A,-19.2
12540,medium,0,11.0,25.0,6.6,A,5.6
12541,high,1,12.0,16.0,5.1,C,-100.0
12542,none,3,12.0,30.0,9.6,B,11.6
12543,low,1,4.0,13.0,5.9,C,4.1
12544,none,0,5.0,7.0,8.2,A,4.7
12545,medium,2,9.0,15.0,1.8,A,-100.0
12546,high,0,15.0,21.0,2.5,A,-100.0
12547,none,2,3.0,23.0,1.8,A,-100.0
12548,none,2,13.0,1.0,4.6,A,-16.2
12549,low,3,4.0,4.0,5.7,A,2.7
12550,low,0,3.0,3.0,2.0,A,-17.3
12551,low,2,20.0,50.0,9.9,A,15.0
12552,high,2,21.0,14.0,8.2,A,-100.0
12553,low,3,5.0,3.0,9.5,A,15.0
12554,medium,0,4.0,8.0,1.2,D,-100.0
12555,low,6,8.0,15.0,9.6,A,15.0
12556,low,1,10.0,8.0,9.2,A,15.0
12557,none,3,8.0,7.0,4.5,C,-16.3
12558,high,1,27.0,0.0,4.6,A,-100.0
12559,low,2,11.0,8.0,5.2,A,-0.6
12560,low,2,7.0,37.0,3.9,A,-7.1
12561,low,1,22.0,21.0,9.0,A,15.0
12562,medium,1,11.0,12.0,2.1,A,-19.4
12563,high,4,8.0,22.0,8.4,A,-18.8
12564,low,1,29.0,14.0,9.2,C,15.0
12565,,4,11.0,3.0,3.5,A,-100.0
12566,low,3,4.0,2.0,4.2,A,-5.6
12567,,2,,13.0,3.1,C,
12568,high,2,8.0,12.0,9.2,A,-14.3
12569,,4,2.0,34.0,9.8,A,13.6
12570,medium,0,16.0,31.0,9.7,C,15.0
12571,low,1,7.0,2.0,7.0,C,9.7
12572,high,4,25.0,24.0,2.1,A,-100.0
12573,low,0,6.0,3.0,10.0,B,15.0
12574,low,1,6.0,19.0,6.4,B,6.7
12575,low,2,13.0,15.0,9.6,A,15.0
12576,high,2,11.0,7.0,3.5,D,-100.0
12577,high,2,9.0,2.0,4.2,A,-100.0
12578,none,1,1.0,0.0,6.4,B,-5.0
12579,low,3,7.0,12.0,8.4,C,15.0
12580,low,4,12.0,1.0,8.2,A,15.0
12581,high,1,7.0,1.0,4.4,B,-100.0
12582,high,1,26.0,7.0,6.3,B,-100.0
12583,medium,0,15.0,1.0,8.6,D,15.0
12584,none,1,28.0,8.0,9.8,A,11.1
12585,low,2,6.0,1.0,8.3,A,15.0
12586,none,0,3.0,9.0,6.2,A,-6.1
12587,low,1,1.0,30.0,7.2,A,11.7
12588,low,1,3.0,11.0,2.7,A,-13.4
12589,none,2,31.0,26.0,1.5,A,-100.0
12590,low,2,14.0,17.0,2.3,C,-16.8
12591,none,1,6.0,4.0,3.4,B,-100.0
12592,medium,0,9.0,3.0,6.4,A,4.5
12593,none,0,10.0,1.0,7.6,A,0.8
12594,none,1,17.0,11.0,2.5,C,-100.0
12595,high,1,8.0,2.0,9.1,A,-14.8
12596,medium,1,14.0,9.0,8.2,A,13.8
12597,high,1,9.0,4.0,9.0,A,-15.5
12598,high,0,23.0,4.0,1.5,A,-100.0
12599,low,1,16.0,0.0,9.1,A,15.0
12600,high,0,22.0,50.0,1.2,D,-100.0
12601,none,4,5.0,12.0,3.5,D,-100.0
12602,high,0,1.0,6.0,1.6,D,-100.0
12603,high,1,6.0,12.0,9.8,A,-10.7
12604,high,3,24.0,13.0,2.5,A,-100.0
12605,none,1,14.0,5.0,6.4,A,-6.2
12606,low,1,9.0,2.0,9.7,A,15.0
12607,high,0,17.0,15.0,3.4,A,-100.0
12608,none,0,9.0,11.0,9.9,A,13.7
12609,medium,2,8.0,5.0,2.2,B,-18.7
12610,none,0,10.0,20.0,6.4,A,-5.6
12611,none,2,21.0,24.0,4.7,A,-16.2
12612,low,1,1.0,42.0,6.7,A,9.1
12613,high,1,11.0,1.0,5.6,A,-100.0
12614,medium,2,26.0,27.0,10.0,A,15.0
12615,medium,0,10.0,11.0,7.1,A,8.3
12616,low,1,8.0,23.0,3.0,A,-12.2
12617,medium,1,12.0,18.0,2.6,A,-16.7
12618,none,0,7.0,19.0,7.6,C,1.3
12619,low,3,9.0,15.0,5.8,A,2.9
12620,medium,1,28.0,23.0,5.8,A,-0.6
12621,none,1,2.0,6.0,1.8,A,-100.0
12622,medium,0,6.0,3.0,3.1,A,-13.4
12623,none,2,11.0,13.0,9.9,A,13.3
12624,medium,1,17.0,12.0,4.7,A,-5.7
12625,low,3,4.0,11.0,8.6,A,15.0
12626,none,0,26.0,23.0,4.9,A,-15.4
12627,high,2,4.0,10.0,8.4,B,-18.3
12628,medium,3,16.0,44.0,8.4,C,14.9
12629,none,0,16.0,17.0,8.4,C,4.8
12630,low,1,18.0,8.0,9.0,C,15.0
12631,low,2,6.0,5.0,8.0,A,15.0
12632,low,1,7.0,9.0,7.5,A,12.5
12633,medium,1,12.0,13.0,9.6,A,15.0
12634,medium,1,7.0,27.0,9.8,A,15.0
12635,medium,1,31.0,6.0,6.3,A,1.6
12636,low,2,3.0,16.0,3.1,A,-11.3
12637,medium,5,5.0,22.0,1.5,A,-100.0
12638,none,1,5.0,5.0,8.8,C,7.9
12639,none,1,4.0,13.0,1.7,A,-100.0
12640,high,1,8.0,11.0,1.2,C,-100.0
12641,medium,1,13.0,16.0,9.2,A,15.0
12642,low,1,5.0,26.0,1.9,B,-17.9
12643,none,1,12.0,10.0,7.7,A,1.2
12644,low,2,3.0,17.0,8.5,A,15.0
12645,high,0,3.0,22.0,7.1,A,-100.0
12646,high,4,11.0,4.0,8.7,A,-17.6
12647,low,2,21.0,13.0,7.3,A,10.0
12648,high,0,8.0,8.0,6.1,A,-100.0
12649,low,2,3.0,5.0,7.9,C,15.0
12650,high,1,7.0,2.0,7.5,A,-100.0
12651,high,1,3.0,11.0,8.4,C,-18.1
12652,none,0,25.0,11.0,8.5,C,4.4
12653,high,1,6.0,1.0,2.8,A,-100.0
12654,low,0,10.0,2.0,9.4,A,15.0
12655,medium,2,6.0,16.0,8.9,A,15.0
12656,low,2,2.0,9.0,2.7,A,-13.5
12657,high,1,17.0,11.0,4.8,C,-100.0
12658,low,2,4.0,20.0,8.1,A,15.0
12659,medium,4,10.0,6.0,1.7,B,-100.0
12660,medium,1,7.0,15.0,7.6,A,11.3
12661,high,2,3.0,1.0,2.4,A,-100.0
12662,low,1,7.0,21.0,8.3,A,15.0
12663,medium,0,14.0,16.0,7.3,D,9.0
12664,high,1,7.0,0.0,2.4,D,-100.0
12665,high,5,3.0,18.0,2.9,A,-100.0
12666,low,1,4.0,8.0,5.5,A,1.8
12667,none,6,6.0,41.0,2.9,C,-100.0
12668,low,1,7.0,4.0,8.0,A,15.0
12669,low,3,6.0,6.0,1.6,A,-100.0
12670,none,0,8.0,16.0,8.3,A,5.0
12671,none,0,4.0,6.0,8.1,A,4.2
12672,high,0,2.0,4.0,5.2,A,-100.0
12673,low,1,5.0,23.0,9.6,A,15.0
12674,high,0,13.0,4.0,6.7,A,-100.0
12675,medium,2,12.0,2.0,4.2,A,-8.2
12676,low,1,3.0,31.0,1.3,C,-100.0
12677,medium,1,34.0,2.0,8.1,B,11.2
12678,medium,2,16.0,15.0,4.6,B,-6.2
12679,none,4,7.0,1.0,2.9,C,-100.0
12680,medium,2,7.0,20.0,8.5,A,15.0
12681,medium,0,1.0,3.0,8.6,B,15.0
12682,medium,1,8.0,8.0,8.8,A,15.0
12683,low,3,2.0,2.0,7.9,A,15.0
12684,high,1,20.0,6.0,2.6,C,-100.0
12685,low,1,12.0,5.0,9.0,A,15.0
12686,none,1,6.0,4.0,4.4,A,-16.5
12687,low,6,9.0,30.0,3.9,A,-7.7
12688,high,2,20.0,38.0,7.6,C,-100.0
12689,low,0,5.0,3.0,2.9,A,-12.5
12690,high,3,9.0,17.0,4.5,B,-100.0
12691,medium,2,9.0,0.0,6.3,B,3.7
12692,none,2,30.0,7.0,2.9,A,-100.0
12693,high,3,2.0,5.0,8.7,A,-16.6
12694,low,2,11.0,15.0,1.5,A,-100.0
12695,none,1,4.0,11.0,8.5,A,6.4
12696,low,1,13.0,11.0,8.4,A,15.0
12697,none,2,12.0,6.0,9.1,C,8.7
12698,medium,3,21.0,6.0,8.9,B,15.0
12699,high,0,23.0,5.0,4.6,A,-100.0
12700,high,1,6.0,1.0,8.3,A,-19.0
12701,high,1,10.0,2.0,3.7,A,-100.0
12702,high,3,5.0,7.0,6.6,A,-100.0
12703,high,0,5.0,18.0,9.6,A,-11.5
12704,high,1,16.0,1.0,8.9,B,-16.7
12705,low,1,9.0,43.0,3.8,D,-7.7
12706,high,3,27.0,8.0,8.7,A,-19.1
12707,high,4,12.0,0.0,5.4,A,-100.0
12708,low,0,3.0,2.0,8.1,A,15.0
12709,medium,2,1.0,9.0,5.3,B,-0.9
12710,high,1,5.0,3.0,7.9,A,-100.0
12711,high,1,10.0,9.0,3.0,B,-100.0
12712,high,1,22.0,7.0,1.2,C,-100.0
12713,high,1,6.0,1.0,4.5,A,-100.0
12714,high,1,19.0,4.0,5.8,A,-100.0
12715,low,4,19.0,14.0,9.2,A,15.0
12716,medium,1,13.0,8.0,2.2,A,-19.1
12717,medium,0,,21.0,9.1,C,
12718,low,2,11.0,22.0,3.7,A,-8.7
12719,none,2,7.0,8.0,8.7,A,7.0
12720,low,1,8.0,50.0,6.5,D,7.4
12721,high,1,11.0,0.0,1.2,A,-100.0
12722,high,0,9.0,0.0,2.6,C,-100.0
12723,high,0,7.0,10.0,4.3,A,-100.0
12724,medium,0,7.0,36.0,7.9,A,13.2
12725,high,2,9.0,29.0,3.7,A,-100.0
12726,medium,0,8.0,8.0,2.7,A,-15.7
12727,none,1,16.0,13.0,8.7,A,6.3
12728,high,1,27.0,1.0,9.7,A,-13.4
12729,low,1,11.0,2.0,1.3,C,-100.0
12730,none,1,5.0,10.0,6.6,A,
12731,low,2,14.0,10.0,2.4,B,-16.3
12732,high,0,6.0,12.0,9.9,A,-10.0
12733,low,2,20.0,10.0,5.5,B,0.2
12734,low,0,5.0,1.0,4.7,A,-2.6
12735,medium,3,11.0,1.0,8.4,C,14.9
12736,high,3,13.0,9.0,4.9,A,-100.0
12737,none,2,7.0,2.0,9.7,A,12.5
12738,low,1,3.0,5.0,4.7,A,-2.5
12739,high,0,6.0,18.0,8.1,C,-19.9
12740,high,0,8.0,4.0,5.4,C,-100.0
12741,medium,2,12.0,7.0,7.1,B,7.8
12742,low,1,38.0,8.0,5.2,A,-3.2
12743,medium,0,3.0,7.0,6.6,A,6.2
12744,low,0,3.0,4.0,5.0,A,-0.8
12745,low,0,17.0,13.0,1.7,A,-100.0
12746,medium,1,6.0,16.0,9.2,A,15.0
12747,high,1,5.0,4.0,7.4,A,-100.0
12748,,2,3.0,15.0,4.1,B,-17.8
12749,low,2,20.0,15.0,1.7,C,-100.0
12750,none,0,1.0,3.0,8.7,A,7.8
12751,high,3,8.0,17.0,9.0,A,-15.4
12752,low,4,8.0,12.0,1.4,A,-100.0
12753,none,0,20.0,27.0,5.6,C,-10.9
12754,low,2,20.0,4.0,9.8,A,15.0
12755,low,0,8.0,6.0,2.0,A,-17.7
12756,medium,1,0.0,14.0,1.1,A,-100.0
12757,high,0,7.0,3.0,4.1,A,-100.0
12758,none,2,14.0,11.0,3.8,C,-100.0
12759,none,1,12.0,9.0,1.5,C,-100.0
12760,high,0,2.0,1.0,8.2,A,-19.1
12761,low,2,14.0,6.0,8.7,A,15.0
12762,none,0,20.0,19.0,4.7,C,-16.0
12763,high,2,7.0,50.0,7.6,A,-100.0
12764,high,0,5.0,8.0,9.7,D,-11.1
12765,none,1,21.0,26.0,3.2,A,-100.0
12766,medium,3,7.0,4.0,1.6,C,-100.0
12767,none,1,10.0,4.0,7.4,A,-0.4
12768,none,2,13.0,4.0,1.8,A,-100.0
12769,high,1,13.0,1.0,9.0,A,-15.9
12770,medium,0,9.0,24.0,1.9,B,-100.0
12771,none,2,17.0,5.0,3.6,B,-100.0
12772,high,2,23.0,5.0,8.4,C,-100.0
12773,low,2,1.0,4.0,5.0,B,-0.8
12774,high,0,11.0,1.0,7.1,A,-100.0
12775,low,0,6.0,15.0,1.6,A,-19.7
12776,medium,1,9.0,33.0,1.4,C,-100.0
12777,medium,2,,5.0,10.0,C,
12778,high,4,4.0,16.0,1.9,A,-100.0
12779,high,1,1.0,3.0,4.4,A,-100.0
12780,high,2,5.0,1.0,9.5,A,-12.4
12781,medium,1,9.0,0.0,1.9,A,-100.0
12782,low,1,9.0,7.0,8.5,A,15.0
12783,none,2,10.0,5.0,4.0,A,-19.1
12784,medium,0,3.0,23.0,1.1,A,-100.0
12785,medium,1,3.0,6.0,6.2,A,3.9
12786,low,2,7.0,9.0,1.9,A,-18.4
12787,high,3,16.0,29.0,9.3,A,-14.5
12788,high,0,3.0,18.0,3.0,A,-100.0
12789,low,2,16.0,0.0,8.4,A,15.0
12790,none,1,7.0,19.0,5.2,A,-12.0
12791,high,1,14.0,1.0,8.3,A,-19.8
12792,medium,2,5.0,1.0,5.6,C,0.2
12793,high,1,14.0,36.0,2.4,A,-100.0
12794,high,2,18.0,15.0,9.8,A,-12.0
12795,none,3,5.0,1.0,8.6,A,6.5
12796,low,2,11.0,20.0,4.1,C,-6.5
12797,none,5,11.0,1.0,2.7,A,-100.0
12798,low,3,14.0,19.0,8.3,A,15.0
12799,high,1,15.0,23.0,9.4,A,-13.7
12800,medium,0,6.0,1.0,9.2,C,15.0
12801,low,1,19.0,21.0,3.6,A,-10.0
12802,high,1,10.0,25.0,9.9,A,-10.4
12803,low,1,31.0,40.0,1.6,A,-100.0
12804,none,0,21.0,3.0,3.3,A,-100.0
12805,low,1,17.0,5.0,9.0,C,15.0
12806,low,1,7.0,10.0,5.7,A,2.6
12807,high,2,0.0,8.0,7.9,C,-100.0
12808,medium,2,9.0,6.0,9.9,B,15.0
12809,none,0,1.0,41.0,2.7,C,-100.0
12810,none,0,8.0,23.0,5.0,C,-13.1
12811,high,1,8.0,0.0,2.6,A,-100.0
12812,none,1,8.0,34.0,9.6,A,12.2
12813,low,2,5.0,8.0,4.5,A,-3.9
12814,low,2,2.0,12.0,2.3,A,-15.6
12815,low,2,14.0,14.0,1.3,A,-100.0
12816,low,2,25.0,4.0,2.4,A,-17.5
12817,medium,1,12.0,7.0,3.5,A,-11.9
12818,medium,0,21.0,46.0,4.4,A,-7.3
12819,medium,0,3.0,19.0,8.6,C,15.0
12820,high,3,5.0,1.0,5.9,A,-100.0
12821,high,1,12.0,24.0,2.5,A,-100.0
12822,medium,1,1.0,2.0,2.7,A,-15.2
12823,medium,1,8.0,3.0,2.9,A,-14.8
12824,medium,1,10.0,7.0,2.4,C,-17.7
12825,high,2,10.0,29.0,2.3,C,-100.0
12826,medium,2,8.0,27.0,9.9,A,15.0
12827,none,2,6.0,1.0,3.3,A,-100.0
12828,medium,2,3.0,2.0,3.2,A,-12.8
12829,low,3,11.0,9.0,8.8,A,15.0
12830,none,1,4.0,2.0,6.9,D,-2.5
12831,,1,16.0,10.0,10.0,B,13.4
12832,low,1,5.0,12.0,2.8,A,-13.1
12833,low,2,4.0,7.0,6.6,A,7.8
12834,medium,3,5.0,4.0,5.7,A,0.7
12835,low,1,12.0,15.0,6.7,D,7.7
12836,low,2,5.0,17.0,9.9,A,15.0
12837,none,3,13.0,12.0,8.2,A,3.6
12838,high,0,5.0,10.0,8.6,A,-17.1
12839,low,3,13.0,19.0,9.6,A,15.0
12840,medium,1,6.0,20.0,3.4,B,-11.7
12841,high,0,7.0,29.0,8.3,A,-18.8
12842,none,4,6.0,2.0,1.8,A,-100.0
12843,none,2,11.0,4.0,9.9,A,13.2
12844,none,2,14.0,24.0,8.0,A,2.6
12845,none,0,11.0,14.0,9.5,C,11.3
12846,low,0,5.0,1.0,3.5,A,-9.2
12847,high,1,12.0,13.0,2.6,A,-100.0
12848,none,1,5.0,19.0,8.1,A,4.1
12849,high,1,3.0,1.0,3.6,C,-100.0
12850,low,1,2.0,1.0,6.8,A,9.1
12851,low,0,1.0,30.0,6.1,B,5.8
12852,low,0,7.0,5.0,1.2,A,-100.0
12853,none,1,,50.0,2.1,C,
12854,low,1,14.0,4.0,8.3,A,15.0
12855,high,2,3.0,7.0,1.0,D,-100.0
12856,low,1,9.0,20.0,2.1,A,-17.2
12857,medium,2,32.0,0.0,9.4,A,15.0
12858,low,0,5.0,9.0,6.1,B,5.1
12859,none,2,3.0,0.0,7.0,B,-2.0
12860,low,2,15.0,29.0,9.5,A,15.0
12861,medium,3,9.0,5.0,9.8,A,15.0
12862,medium,1,26.0,5.0,2.5,D,-18.8
12863,high,1,5.0,21.0,6.5,A,-100.0
12864,none,1,27.0,3.0,5.7,A,-11.4
12865,low,1,5.0,3.0,9.2,B,15.0
12866,high,2,18.0,3.0,9.3,A,-14.8
12867,high,1,,14.0,4.8,C,
12868,high,3,13.0,11.0,4.5,A,-100.0
12869,low,1,13.0,10.0,5.6,A,1.5
12870,medium,0,3.0,1.0,3.5,A,-10.9
12871,low,3,1.0,14.0,9.5,A,15.0
12872,low,0,8.0,11.0,7.3,A,11.5
12873,low,3,6.0,17.0,6.8,A,8.7
12874,high,1,3.0,1.0,6.7,A,-100.0
12875,high,0,,11.0,9.4,C,
12876,high,3,18.0,16.0,9.1,A,-15.9
12877,medium,1,22.0,11.0,2.1,A,-100.0
12878,low,1,5.0,0.0,5.6,A,2.2
12879,low,2,10.0,50.0,3.3,A,-10.5
12880,none,4,13.0,13.0,4.9,A,-14.6
12881,medium,2,34.0,16.0,9.3,B,15.0
12882,high,1,7.0,11.0,6.1,C,-100.0
12883,low,0,11.0,2.0,1.0,A,-100.0
12884,high,1,18.0,5.0,2.6,C,-100.0
12885,high,2,11.0,10.0,9.4,A,-13.5
12886,high,4,12.0,9.0,2.0,A,-100.0
12887,medium,1,11.0,1.0,8.2,A,14.0
12888,none,4,17.0,3.0,8.3,C,3.6
12889,low,1,11.0,1.0,3.9,A,-7.7
12890,medium,4,2.0,4.0,3.3,B,-12.3
12891,low,2,19.0,6.0,6.9,C,7.9
12892,high,1,14.0,2.0,2.9,C,-100.0
12893,high,3,,3.0,1.1,C,
12894,low,0,29.0,4.0,6.0,A,2.1
12895,high,1,10.0,3.0,4.9,A,-100.0
12896,low,1,2.0,29.0,1.2,C,-100.0
12897,,0,24.0,6.0,4.6,C,-17.0
12898,none,1,22.0,11.0,1.9,A,-100.0
12899,high,0,17.0,2.0,2.0,C,-100.0
12900,none,4,8.0,42.0,4.5,A,-16.0
12901,none,0,8.0,9.0,4.5,A,-16.0
12902,high,0,7.0,17.0,8.8,A,-16.1
12903,none,4,5.0,30.0,2.2,A,-100.0
12904,low,0,13.0,2.0,7.9,A,14.2
12905,low,2,3.0,4.0,9.8,C,15.0
12906,low,1,5.0,11.0,1.2,A,-100.0
12907,medium,1,11.0,6.0,4.0,A,-9.0
12908,medium,2,16.0,3.0,9.7,A,15.0
12909,high,2,16.0,50.0,8.2,A,-100.0
12910,high,2,4.0,3.0,7.0,A,-100.0
12911,,3,13.0,23.0,2.4,A,-100.0
12912,high,1,6.0,23.0,9.1,A,-14.4
12913,low,3,5.0,8.0,9.4,A,15.0
12914,medium,2,,48.0,7.2,C,
12915,high,2,12.0,0.0,5.8,D,-100.0
12916,none,0,20.0,5.0,6.2,A,-7.9
12917,medium,1,30.0,15.0,9.1,A,15.0
12918,medium,2,1.0,2.0,9.1,A,15.0
12919,low,4,12.0,4.0,9.5,A,15.0
12920,high,1,6.0,6.0,9.4,A,-12.9
12921,low,7,6.0,50.0,3.2,C,-11.2
12922,low,4,3.0,0.0,9.7,B,15.0
12923,high,0,20.0,12.0,5.5,D,-100.0
12924,high,1,7.0,4.0,3.3,A,-100.0
12925,medium,2,3.0,31.0,3.0,A,-13.6
12926,,0,6.0,7.0,8.2,D,4.6
12927,low,1,11.0,11.0,4.3,A,-5.4
12928,high,1,10.0,50.0,7.8,C,-100.0
12929,high,1,5.0,22.0,9.5,C,-12.1
12930,none,2,6.0,3.0,8.6,A,6.5
12931,high,3,11.0,11.0,1.6,A,-100.0
12932,high,2,11.0,10.0,9.0,C,
12933,high,1,13.0,3.0,9.3,C,-14.2
12934,low,4,1.0,34.0,8.1,A,15.0
12935,low,3,18.0,12.0,8.4,A,15.0
12936,none,2,6.0,1.0,8.7,A,7.1
12937,none,1,7.0,7.0,8.0,A,3.3
12938,low,0,14.0,2.0,8.4,B,15.0
12939,medium,2,4.0,9.0,3.4,A,-11.7
12940,medium,1,3.0,20.0,1.5,A,-100.0
12941,none,1,14.0,7.0,5.7,C,-10.1
12942,low,2,7.0,11.0,3.9,A,-7.3
12943,low,2,12.0,39.0,9.2,A,15.0
12944,none,2,12.0,3.0,2.7,A,-100.0
12945,low,1,6.0,22.0,8.1,A,15.0
12946,high,1,15.0,0.0,9.2,A,-15.0
12947,high,0,17.0,21.0,9.8,D,-11.6
12948,high,0,2.0,3.0,7.9,A,-100.0
12949,medium,0,4.0,12.0,1.6,A,-100.0
12950,medium,1,12.0,8.0,3.1,C,-14.0
12951,low,2,10.0,1.0,2.4,A,-16.0
12952,low,1,5.0,15.0,9.4,A,15.0
12953,none,1,5.0,4.0,8.9,A,8.4
12954,high,2,12.0,19.0,2.2,A,-100.0
12955,none,0,20.0,19.0,5.5,A,-11.6
12956,high,1,7.0,7.0,3.1,C,-100.0
12957,low,3,4.0,22.0,6.1,B,5.1
12958,high,0,6.0,0.0,2.7,C,-100.0
12959,,1,4.0,0.0,8.7,A,7.3
12960,none,1,11.0,5.0,8.4,C,5.1
12961,high,4,2.0,3.0,7.8,A,-100.0
12962,medium,2,17.0,24.0,8.1,A,13.0
12963,low,1,10.0,13.0,2.4,A,-15.8
12964,none,3,2.0,30.0,1.7,B,-100.0
12965,medium,0,6.0,18.0,9.2,A,15.0
12966,medium,0,6.0,24.0,7.6,A,11.6
12967,high,1,5.0,50.0,3.8,A,-100.0
12968,none,1,7.0,26.0,2.3,A,-100.0
12969,medium,5,13.0,0.0,9.0,A,15.0
12970,high,3,4.0,0.0,8.1,A,-100.0
12971,low,2,6.0,31.0,9.2,A,15.0
12972,low,2,10.0,2.0,8.3,A,15.0
12973,low,0,5.0,5.0,10.0,A,15.0
12974,medium,2,1.0,20.0,8.7,C,15.0
12975,high,1,9.0,8.0,3.9,A,-100.0
12976,none,1,17.0,31.0,8.1,A,3.1
12977,,1,11.0,27.0,5.6,A,-10.1
12978,medium,2,6.0,50.0,7.6,A,11.6
12979,low,3,5.0,10.0,2.0,C,-17.7
12980,none,2,6.0,5.0,5.5,A,-10.5
12981,high,2,11.0,6.0,9.5,D,-13.0
12982,low,3,19.0,1.0,9.2,D,15.0
12983,low,1,17.0,9.0,3.6,A,-9.9
12984,high,3,2.0,1.0,9.2,A,-13.9
12985,medium,2,7.0,0.0,3.2,A,-13.2
12986,low,0,12.0,4.0,8.9,A,15.0
12987,high,2,25.0,8.0,1.4,A,-100.0
12988,high,1,13.0,19.0,9.0,A,-15.7
12989,high,1,7.0,13.0,2.5,D,-100.0
12990,medium,3,6.0,27.0,3.0,B,-14.0
12991,high,1,23.0,28.0,6.0,B,-100.0
12992,none,3,14.0,2.0,5.8,C,-9.8
12993,high,2,7.0,7.0,9.9,A,-10.4
12994,medium,0,11.0,16.0,8.5,A,15.0
12995,medium,0,5.0,41.0,8.8,A,15.0
12996,medium,0,13.0,2.0,4.9,D,-4.2
12997,medium,4,25.0,8.0,7.5,A,8.6
12998,high,0,16.0,10.0,7.5,A,-100.0
12999,low,3,8.0,17.0,7.5,A,12.3
13000,low,0,9.0,10.0,8.4,A,15.0
13001,low,1,7.0,3.0,3.5,A,-9.5
13002,none,0,25.0,11.0,5.2,A,-13.8
13003,low,2,25.0,4.0,5.0,A,-3.2
13004,medium,1,6.0,12.0,7.5,D,10.8
13005,high,3,9.0,20.0,9.8,A,-11.1
13006,none,2,24.0,1.0,3.8,C,-100.0
13007,medium,1,31.0,28.0,5.7,A,-1.4
13008,low,0,6.0,2.0,9.9,A,15.0
13009,high,2,13.0,4.0,8.2,A,-100.0
13010,high,4,7.0,21.0,6.0,A,-100.0
13011,high,2,11.0,16.0,9.7,A,-11.8
13012,none,0,7.0,6.0,3.3,A,-100.0
13013,high,1,7.0,8.0,6.5,A,-100.0
13014,none,1,1.0,30.0,9.1,A,10.2
13015,medium,0,8.0,4.0,7.3,C,9.5
13016,low,4,17.0,29.0,9.5,D,15.0
13017,high,2,22.0,10.0,9.2,B,-15.7
13018,low,1,8.0,5.0,8.1,A,15.0
13019,high,2,12.0,22.0,8.2,C,-100.0
13020,high,0,4.0,4.0,3.7,C,-100.0
13021,low,3,12.0,5.0,8.9,C,15.0
13022,none,1,5.0,5.0,8.8,A,7.8
13023,none,2,11.0,6.0,5.6,A,-10.5
13024,medium,2,7.0,11.0,7.4,A,10.0
13025,low,3,8.0,37.0,5.1,A,-0.7
13026,high,1,11.0,17.0,7.2,C,-100.0
13027,low,0,7.0,17.0,2.4,A,-15.3
13028,none,2,6.0,15.0,2.0,A,-100.0
13029,low,2,9.0,3.0,3.4,A,-10.4
13030,none,2,6.0,5.0,3.3,A,-100.0
13031,medium,1,2.0,12.0,8.8,A,15.0
13032,none,0,13.0,4.0,3.0,C,-100.0
13033,high,2,6.0,1.0,9.6,A,-12.0
13034,medium,2,2.0,11.0,4.8,A,-3.8
13035,medium,2,13.0,10.0,7.1,A,7.8
13036,medium,1,4.0,36.0,3.6,A,-10.2
13037,high,1,3.0,13.0,4.6,A,-100.0
13038,medium,2,8.0,1.0,3.1,A,-13.8
13039,high,0,24.0,17.0,8.7,A,-18.4
13040,medium,2,11.0,29.0,4.1,A,-8.3
13041,medium,2,16.0,11.0,9.9,A,15.0
13042,medium,0,6.0,5.0,8.5,A,15.0
13043,low,0,,11.0,3.6,C,
13044,low,1,13.0,7.0,8.4,C,15.0
13045,low,3,6.0,25.0,4.1,A,-6.1
13046,high,2,21.0,3.0,5.1,A,-100.0
13047,low,1,5.0,19.0,8.1,B,15.0
13048,medium,1,,0.0,9.3,C,
13049,medium,0,1.0,12.0,7.7,A,12.5
13050,high,1,6.0,3.0,9.5,A,-12.4
13051,medium,1,17.0,16.0,9.0,A,15.0
13052,low,0,5.0,9.0,6.6,C,7.9
13053,medium,0,7.0,14.0,9.0,B,15.0
13054,medium,2,13.0,2.0,2.4,A,-18.2
13055,high,1,8.0,12.0,8.5,A,-18.0
13056,low,4,10.0,6.0,6.4,D,5.9
13057,medium,1,2.0,50.0,5.2,A,-1.1
13058,low,2,17.0,3.0,8.9,D,15.0
13059,high,0,5.0,15.0,2.3,C,-100.0
13060,low,1,11.0,12.0,3.9,D,-7.6
13061,medium,5,10.0,16.0,8.4,A,15.0
13062,low,4,10.0,3.0,2.6,A,-15.1
13063,none,0,5.0,4.0,8.8,A,7.9
13064,low,1,5.0,1.0,8.5,B,15.0
13065,low,0,19.0,11.0,1.6,A,-100.0
13066,low,2,11.0,40.0,4.1,A,-6.3
13067,high,1,18.0,16.0,2.3,A,-100.0
13068,low,1,5.0,20.0,3.8,A,-7.5
13069,,0,24.0,15.0,9.4,A,9.5
13070,none,1,14.0,11.0,8.3,C,4.3
13071,none,0,15.0,10.0,5.3,D,-12.2
13072,medium,0,5.0,0.0,6.1,A,3.2
13073,none,1,6.0,4.0,1.0,A,-100.0
13074,low,2,2.0,12.0,5.0,D,-0.8
13075,high,0,5.0,11.0,9.5,A,-12.1
13076,low,0,10.0,1.0,2.4,A,-15.8
13077,medium,3,14.0,10.0,3.2,A,-13.9
13078,medium,2,6.0,5.0,5.4,A,-0.9
13079,high,1,3.0,13.0,8.3,C,-18.6
13080,high,0,17.0,21.0,8.0,A,-100.0
13081,low,3,8.0,5.0,1.3,A,-100.0
13082,high,3,2.0,1.0,3.3,A,-100.0
13083,high,2,13.0,3.0,9.8,A,-11.6
13084,low,1,12.0,26.0,4.2,A,-5.9
13085,none,0,4.0,28.0,2.0,C,-100.0
13086,low,0,2.0,25.0,1.6,A,-19.2
13087,low,1,4.0,21.0,4.8,B,-1.9
13088,low,2,9.0,10.0,8.3,C,15.0
13089,high,3,15.0,8.0,9.2,A,-15.1
13090,high,4,10.0,21.0,2.1,A,-100.0
13091,medium,0,6.0,14.0,8.8,A,15.0
13092,low,2,13.0,6.0,6.5,C,6.3
13093,high,1,6.0,8.0,2.5,A,-100.0
13094,none,3,11.0,6.0,5.4,A,-11.6
13095,high,0,1.0,15.0,7.4,B,-100.0
13096,medium,0,5.0,29.0,5.6,A,0.7
13097,low,0,9.0,2.0,5.3,A,0.3
13098,medium,1,3.0,10.0,2.5,B,-16.4
13099,high,2,8.0,21.0,1.2,D,-100.0
13100,high,1,8.0,22.0,3.3,C,-100.0
13101,low,0,4.0,35.0,9.9,A,15.0
13102,none,1,4.0,19.0,8.9,A,8.6
13103,high,1,4.0,8.0,3.8,A,-100.0
13104,high,1,10.0,17.0,9.1,C,-14.9
13105,medium,2,20.0,3.0,2.0,A,-100.0
13106,low,1,35.0,2.0,1.4,A,-100.0
13107,high,0,11.0,23.0,2.3,A,-100.0
13108,low,2,11.0,1.0,3.5,A,-10.0
13109,medium,1,8.0,5.0,4.7,A,-4.9
13110,high,4,11.0,11.0,3.7,A,-100.0
13111,medium,0,7.0,0.0,4.1,C,-8.0
13112,medium,2,13.0,13.0,4.8,B,-4.8
13113,low,1,8.0,1.0,4.3,A,-5.2
13114,medium,2,4.0,5.0,3.1,D,-13.4
13115,medium,1,3.0,2.0,9.4,A,15.0
13116,medium,2,5.0,8.0,1.5,A,-100.0
13117,medium,1,20.0,0.0,8.5,C,14.8
13118,none,1,9.0,1.0,9.5,D,11.3
13119,medium,1,10.0,0.0,1.8,D,-100.0
13120,high,1,9.0,7.0,9.1,A,-14.9
13121,medium,2,12.0,9.0,9.2,A,15.0
13122,medium,0,5.0,11.0,9.9,A,15.0
13123,high,1,0.0,0.0,7.4,A,-100.0
13124,medium,0,7.0,12.0,2.5,A,-16.7
13125,low,0,3.0,1.0,4.3,A,-4.6
13126,medium,1,6.0,15.0,8.8,C,15.0
13127,medium,1,7.0,4.0,3.5,A,-11.4
13128,medium,1,11.0,5.0,6.9,C,6.9
13129,high,0,19.0,11.0,8.1,A,-100.0
13130,low,2,5.0,11.0,9.4,A,15.0
13131,medium,4,23.0,1.0,2.6,D,-18.3
13132,medium,2,4.0,5.0,5.9,B,2.0
13133,high,2,6.0,6.0,9.0,A,-15.2
13134,none,4,15.0,7.0,1.1,A,-100.0
13135,high,0,13.0,9.0,8.2,A,-100.0
13136,none,3,19.0,7.0,2.9,A,-100.0
13137,medium,5,14.0,9.0,5.3,A,-2.5
13138,low,1,40.0,2.0,2.8,A,-16.7
13139,medium,3,5.0,12.0,9.0,C,15.0
13140,low,1,7.0,6.0,3.4,A,-10.0
13141,medium,5,8.0,7.0,7.4,C,9.6
13142,low,1,6.0,0.0,9.8,B,15.0
13143,low,2,10.0,36.0,2.0,A,-17.8
13144,medium,1,6.0,17.0,2.5,B,-16.7
13145,medium,0,7.0,18.0,9.1,C,15.0
13146,none,2,8.0,2.0,8.6,A,6.3
13147,low,1,13.0,37.0,3.4,A,-10.3
13148,medium,2,25.0,29.0,3.8,B,-11.4
13149,high,3,1.0,10.0,8.1,A,-19.7
13150,low,3,10.0,4.0,7.7,A,13.1
13151,high,1,14.0,5.0,9.3,A,-14.3
13152,high,2,12.0,2.0,8.7,C,-17.5
13153,,5,8.0,7.0,3.2,B,-100.0
13154,low,0,8.0,3.0,8.7,A,15.0
13155,low,1,6.0,12.0,2.3,C,-15.9
13156,high,1,10.0,4.0,8.1,A,-100.0
13157,medium,0,7.0,1.0,1.9,A,-100.0
13158,none,2,15.0,23.0,6.5,A,-5.7
13159,low,1,18.0,10.0,8.4,A,15.0
13160,high,0,17.0,50.0,3.5,C,-100.0
13161,low,1,4.0,3.0,3.4,A,-9.8
13162,medium,0,6.0,20.0,8.3,C,15.0
13163,none,1,6.0,7.0,8.9,A,8.3
13164,low,0,4.0,2.0,6.3,B,6.3
13165,high,4,10.0,9.0,3.9,A,-100.0
13166,medium,0,12.0,10.0,3.1,B,-13.9
13167,high,0,7.0,12.0,7.8,C,-100.0
13168,none,3,4.0,13.0,9.3,A,10.6
13169,low,0,5.0,11.0,8.0,A,15.0
13170,medium,0,12.0,11.0,9.6,A,15.0
13171,none,2,12.0,6.0,7.6,A,0.5
13172,medium,2,6.0,1.0,6.9,A,7.3
13173,medium,1,7.0,1.0,5.0,C,-3.2
13174,high,1,9.0,2.0,3.5,A,-100.0
13175,low,2,6.0,10.0,9.0,A,15.0
13176,medium,1,25.0,1.0,6.8,A,4.9
13177,medium,0,5.0,2.0,8.6,A,15.0
13178,high,0,11.0,1.0,8.7,A,-17.2
13179,medium,1,15.0,29.0,2.1,C,-19.6
13180,medium,1,4.0,18.0,9.8,A,15.0
13181,low,0,10.0,5.0,2.3,C,-16.3
13182,low,1,9.0,1.0,2.3,B,-16.3
13183,medium,2,8.0,1.0,5.1,A,-2.8
13184,high,0,10.0,3.0,8.6,D,-17.7
13185,high,2,,16.0,2.6,C,
13186,low,2,2.0,20.0,8.7,A,15.0
13187,,1,12.0,44.0,4.7,A,-15.0
13188,high,2,13.0,40.0,3.0,A,-100.0
13189,low,2,5.0,22.0,7.5,A,12.8
13190,high,2,5.0,5.0,6.9,C,-100.0
13191,medium,0,1.0,16.0,7.6,C,12.0
13192,low,2,5.0,3.0,9.8,A,15.0
13193,low,1,2.0,6.0,8.9,A,15.0
13194,medium,0,2.0,2.0,3.3,A,-11.9
13195,medium,3,8.0,2.0,2.9,A,-15.0
13196,low,0,6.0,9.0,8.0,A,15.0
13197,low,3,40.0,42.0,4.1,A,-9.3
13198,none,1,6.0,7.0,9.8,A,13.3
13199,high,0,40.0,13.0,6.2,A,-100.0
13200,low,2,14.0,41.0,9.1,D,15.0
13201,none,3,31.0,22.0,7.8,A,-0.3
13202,low,3,10.0,28.0,1.3,C,-100.0
13203,high,1,6.0,22.0,8.8,C,-16.1
13204,medium,3,6.0,15.0,5.2,A,-2.0
13205,low,3,7.0,13.0,7.7,C,13.5
13206,low,3,12.0,6.0,3.0,A,-12.9
13207,high,0,9.0,9.0,3.7,A,-100.0
13208,low,4,13.0,12.0,5.4,A,0.1
13209,low,3,9.0,12.0,1.6,D,-100.0
13210,low,2,13.0,26.0,2.8,C,-13.8
13211,high,3,3.0,0.0,1.6,B,-100.0
13212,none,1,16.0,2.0,3.5,A,-100.0
13213,high,2,3.0,7.0,6.3,A,-100.0
13214,high,0,9.0,2.0,3.1,A,-100.0
13215,none,2,4.0,36.0,2.0,A,-100.0
13216,none,2,10.0,6.0,9.0,D,8.4
13217,high,0,13.0,2.0,2.2,A,-100.0
13218,low,0,24.0,23.0,3.5,A,-10.9
13219,high,2,5.0,11.0,7.7,B,-100.0
13220,none,3,5.0,0.0,3.8,C,-19.9
13221,low,1,10.0,2.0,4.5,A,-4.3
13222,low,3,17.0,43.0,1.2,A,-100.0
13223,low,3,7.0,1.0,1.8,B,-19.1
13224,low,4,6.0,29.0,1.3,C,-100.0
13225,medium,2,6.0,2.0,9.6,A,15.0
13226,low,2,24.0,11.0,3.8,A,-9.6
13227,low,1,6.0,8.0,3.9,B,-7.2
13228,medium,0,12.0,23.0,9.7,C,15.0
13229,high,3,11.0,7.0,3.9,A,-100.0
13230,none,0,14.0,9.0,6.5,A,-5.6
13231,medium,1,13.0,9.0,3.4,A,-12.5
13232,high,0,25.0,3.0,2.9,A,-100.0
13233,none,0,25.0,6.0,8.5,D,4.3
13234,medium,1,6.0,3.0,1.5,C,-100.0
13235,medium,1,5.0,8.0,5.4,C,-0.7
13236,low,4,3.0,3.0,2.4,C,-15.5
13237,medium,2,5.0,10.0,9.9,A,15.0
13238,low,2,10.0,11.0,3.8,A,-8.2
13239,low,2,12.0,1.0,5.4,A,0.3
13240,low,1,8.0,6.0,2.0,A,-17.8
13241,none,0,19.0,7.0,7.9,B,1.6
13242,medium,1,3.0,7.0,8.2,A,14.9
13243,medium,2,6.0,37.0,7.7,C,12.0
13244,low,2,6.0,9.0,8.9,A,15.0
13245,low,0,21.0,19.0,1.9,A,-19.5
13246,high,1,14.0,29.0,8.0,A,-100.0
13247,medium,0,8.0,2.0,9.0,A,15.0
13248,low,1,16.0,20.0,1.6,B,-100.0
13249,none,2,3.0,5.0,9.5,A,11.8
13250,medium,0,10.0,5.0,9.3,A,15.0
13251,none,5,5.0,0.0,8.6,A,6.3
13252,medium,3,1.0,14.0,2.1,D,-18.6
13253,high,1,1.0,4.0,1.5,A,-100.0
13254,none,1,21.0,5.0,3.5,C,-100.0
13255,low,1,16.0,1.0,4.1,A,-7.1
13256,high,4,5.0,1.0,8.5,A,-18.1
13257,low,3,10.0,4.0,8.8,A,15.0
13258,none,5,14.0,9.0,9.1,A,8.2
13259,high,1,14.0,5.0,8.5,A,-18.7
13260,medium,3,7.0,4.0,9.3,A,15.0
13261,low,2,11.0,18.0,9.9,D,15.0
13262,low,1,10.0,15.0,3.2,A,-11.3
13263,high,2,19.0,47.0,3.0,A,-100.0
13264,medium,1,24.0,4.0,5.9,A,0.1
13265,high,1,12.0,10.0,1.4,A,-100.0
13266,high,2,6.0,1.0,2.3,C,-100.0
13267,medium,0,1.0,12.0,5.2,A,-1.3
13268,medium,3,15.0,47.0,8.8,C,15.0
13269,none,1,7.0,50.0,8.1,A,4.2
13270,low,2,9.0,1.0,9.4,A,15.0
13271,high,1,5.0,39.0,,D,
13272,none,2,9.0,20.0,3.7,A,-100.0
13273,medium,1,10.0,5.0,9.9,A,15.0
13274,high,0,3.0,21.0,8.7,C,-16.2
13275,medium,2,13.0,29.0,4.8,A,-4.7
13276,medium,2,27.0,5.0,6.5,A,3.0
13277,high,5,14.0,8.0,8.6,A,-18.5
13278,medium,3,18.0,12.0,8.2,A,13.2
13279,medium,2,2.0,50.0,7.9,A,13.7
13280,high,4,6.0,1.0,2.9,C,-100.0
13281,none,2,22.0,13.0,10.0,A,12.7
13282,high,1,8.0,5.0,9.9,B,-10.4
13283,high,2,5.0,3.0,2.2,A,-100.0
13284,high,2,39.0,2.0,4.1,C,-100.0
13285,none,0,5.0,9.0,5.8,A,-8.5
13286,high,1,2.0,27.0,10.0,B,-9.0
13287,medium,1,5.0,4.0,9.3,C,15.0
13288,medium,0,9.0,36.0,8.4,A,15.0
13289,medium,2,7.0,0.0,1.9,A,-100.0
13290,none,1,4.0,14.0,2.0,A,-100.0
13291,medium,2,9.0,4.0,8.6,A,15.0
13292,low,0,13.0,14.0,9.8,C,15.0
13293,medium,3,3.0,22.0,3.4,C,-11.6
13294,medium,1,6.0,0.0,9.3,D,15.0
13295,low,3,14.0,24.0,5.7,A,1.9
13296,low,0,27.0,0.0,2.5,A,-16.9
13297,high,0,15.0,13.0,3.3,A,-100.0
13298,,3,14.0,2.0,8.2,C,3.4
13299,high,2,0.0,11.0,8.5,A,-17.3
13300,low,0,11.0,8.0,2.6,A,-14.7
13301,medium,1,3.0,9.0,8.3,B,15.0
13302,medium,3,8.0,9.0,5.4,A,-1.2
13303,,1,20.0,1.0,8.2,A,3.0
13304,high,1,3.0,3.0,6.2,A,-100.0
13305,,3,3.0,10.0,9.7,B,12.8
13306,high,0,11.0,8.0,6.2,C,-100.0
13307,none,1,4.0,30.0,7.3,C,-0.1
13308,none,1,13.0,16.0,5.0,B,-13.7
13309,high,2,2.0,21.0,9.9,A,-9.7
13310,low,3,2.0,5.0,2.8,A,-13.1
13311,low,2,2.0,5.0,9.5,D,15.0
13312,high,0,7.0,3.0,9.3,A,-13.5
13313,low,2,13.0,29.0,9.5,B,15.0
13314,none,2,7.0,2.0,2.3,A,-100.0
13315,none,4,7.0,0.0,9.8,A,12.8
13316,low,0,19.0,15.0,3.6,A,-9.9
13317,low,0,12.0,2.0,2.1,A,-17.6
13318,medium,1,5.0,6.0,6.5,A,5.3
13319,high,2,4.0,15.0,5.9,C,-100.0
13320,low,2,13.0,1.0,6.0,A,3.5
13321,none,2,9.0,0.0,2.4,A,-100.0
13322,high,0,7.0,17.0,8.2,A,-19.4
13323,high,3,19.0,0.0,9.4,C,-14.5
13324,medium,3,6.0,14.0,1.1,A,-100.0
13325,high,2,5.0,1.0,2.5,A,-100.0
13326,medium,2,15.0,26.0,9.6,C,15.0
13327,medium,2,22.0,14.0,9.1,C,15.0
13328,medium,1,12.0,14.0,8.1,D,13.5
13329,low,1,4.0,0.0,8.4,A,15.0
13330,none,2,3.0,3.0,9.7,A,12.9
13331,high,1,17.0,1.0,4.5,A,-100.0
13332,medium,0,3.0,5.0,6.7,A,6.7
13333,low,2,6.0,2.0,4.2,A,-5.7
13334,high,1,2.0,2.0,4.1,B,-100.0
13335,low,5,13.0,6.0,9.6,A,15.0
13336,none,2,6.0,1.0,1.9,B,-100.0
13337,high,2,5.0,10.0,7.8,C,-100.0
13338,medium,1,5.0,10.0,4.8,A,-4.0
13339,high,2,11.0,1.0,8.6,A,-18.0
13340,high,1,8.0,6.0,8.2,A,-19.7
13341,high,1,1.0,23.0,1.7,A,-100.0
13342,low,1,6.0,28.0,2.1,A,-16.9
13343,medium,1,15.0,6.0,4.4,A,-7.2
13344,medium,2,11.0,45.0,7.1,A,8.3
13345,high,0,19.0,38.0,4.4,A,-100.0
13346,low,2,11.0,3.0,2.0,C,-18.3
13347,high,0,7.0,13.0,8.7,D,-16.7
13348,high,1,12.0,13.0,1.8,A,-100.0
13349,,2,7.0,14.0,4.2,A,-17.7
13350,medium,1,7.0,41.0,3.1,A,-13.2
13351,none,2,11.0,12.0,7.8,A,1.7
13352,none,2,7.0,6.0,8.7,A,7.0
13353,none,2,5.0,17.0,5.2,B,-11.9
13354,high,2,7.0,16.0,2.4,D,-100.0
13355,low,0,20.0,2.0,6.5,A,5.8
13356,none,1,3.0,4.0,4.3,A,-16.7
13357,medium,2,16.0,0.0,8.9,A,15.0
13358,low,1,13.0,8.0,3.1,A,-12.3
13359,medium,2,7.0,18.0,8.7,A,15.0
13360,low,1,2.0,9.0,6.5,C,7.5
13361,low,0,3.0,1.0,7.3,A,11.9
13362,low,0,7.0,9.0,8.4,A,15.0
13363,medium,1,14.0,3.0,4.6,C,-6.0
13364,none,1,12.0,2.0,5.3,A,-12.1
13365,none,5,12.0,3.0,4.4,B,-17.5
13366,high,2,9.0,27.0,6.4,A,-100.0
13367,medium,0,2.0,14.0,8.1,A,14.6
13368,high,5,5.0,7.0,6.8,C,-100.0
13369,low,4,10.0,10.0,3.7,A,-8.9
13370,high,3,2.0,8.0,1.2,A,-100.0
13371,none,2,14.0,4.0,8.2,A,3.5
13372,none,2,6.0,6.0,9.1,B,9.3
13373,low,6,21.0,0.0,8.3,A,14.9
13374,high,4,18.0,5.0,9.8,A,-12.3
13375,medium,1,14.0,5.0,6.1,C,2.2
13376,medium,2,4.0,1.0,3.1,B,-13.4
13377,none,0,2.0,13.0,6.3,A,-5.4
13378,high,3,13.0,18.0,9.6,A,-12.6
13379,medium,0,15.0,14.0,6.7,A,5.6
13380,low,0,5.0,21.0,6.4,D,6.9
13381,low,3,9.0,2.0,2.7,A,-14.3
13382,medium,0,10.0,14.0,8.3,C,14.9
13383,high,1,16.0,11.0,9.0,D,-16.1
13384,medium,1,19.0,0.0,1.8,C,-100.0
13385,medium,3,12.0,4.0,8.8,C,15.0
13386,high,1,10.0,7.0,4.9,A,-100.0
13387,low,1,2.0,18.0,4.3,D,-4.5
13388,medium,1,7.0,14.0,7.8,A,12.4
13389,low,0,12.0,3.0,2.1,A,-17.6
13390,none,1,2.0,1.0,5.3,A,-11.1
13391,high,2,12.0,37.0,5.5,A,-100.0
13392,high,0,8.0,25.0,6.6,A,-100.0
13393,high,1,24.0,16.0,8.5,A,-19.6
13394,high,0,1.0,8.0,3.5,A,-100.0
13395,low,4,10.0,50.0,7.6,A,12.9
13396,low,1,5.0,23.0,3.9,C,-6.9
13397,low,3,5.0,17.0,5.6,A,2.2
13398,none,2,8.0,3.0,9.0,A,8.5
13399,medium,2,6.0,11.0,8.5,A,15.0
13400,low,0,1.0,9.0,8.3,A,15.0
13401,medium,2,13.0,3.0,5.1,A,-3.3
13402,high,2,26.0,7.0,5.9,B,-100.0
13403,none,0,13.0,0.0,6.2,C,-7.2
13404,medium,2,3.0,6.0,5.2,A,-1.7
13405,medium,3,11.0,25.0,6.1,A,2.5
13406,low,1,5.0,41.0,4.0,B,-6.2
13407,medium,1,1.0,13.0,8.3,A,15.0
13408,low,1,2.0,4.0,9.6,C,15.0
13409,low,0,8.0,2.0,10.0,A,15.0
13410,medium,0,5.0,19.0,3.1,A,-13.1
13411,high,0,6.0,34.0,9.3,A,-13.1
13412,medium,0,14.0,7.0,4.6,A,-5.9
13413,high,3,12.0,2.0,1.2,C,-100.0
13414,medium,2,2.0,1.0,4.6,A,-5.0
13415,high,3,17.0,17.0,3.5,B,-100.0
13416,high,3,17.0,21.0,3.8,A,-100.0
13417,low,1,10.0,1.0,8.2,D,15.0
13418,low,1,12.0,5.0,9.9,A,15.0
13419,medium,0,9.0,0.0,1.1,A,-100.0
13420,low,1,4.0,1.0,1.7,C,-19.1
13421,medium,3,12.0,19.0,8.2,A,13.9
13422,high,1,21.0,14.0,9.6,A,-13.3
13423,high,2,4.0,22.0,7.2,A,-100.0
13424,medium,2,2.0,0.0,3.7,A,-9.9
13425,none,2,9.0,2.0,8.8,A,7.3
13426,none,4,2.0,8.0,7.1,A,-1.5
13427,low,0,7.0,7.0,5.9,B,3.8
13428,medium,0,6.0,7.0,4.6,A,-5.1
13429,none,1,18.0,19.0,3.6,A,-100.0
13430,none,0,3.0,8.0,9.9,C,14.2
13431,low,2,15.0,50.0,2.6,A,-14.9
13432,low,1,21.0,4.0,8.4,C,15.0
13433,high,2,1.0,10.0,6.6,A,-100.0
13434,high,2,4.0,22.0,2.1,A,-100.0
13435,high,0,32.0,9.0,7.4,A,-100.0
13436,high,0,12.0,3.0,6.2,A,-100.0
13437,low,2,5.0,7.0,9.0,A,15.0
13438,low,1,2.0,4.0,6.7,A,8.6
13439,none,2,8.0,4.0,7.3,A,-0.8
13440,low,3,7.0,4.0,2.2,A,-16.9
13441,high,0,10.0,9.0,8.1,A,-100.0
13442,high,2,3.0,0.0,9.2,B,-13.9
13443,none,1,11.0,44.0,8.8,A,7.6
13444,medium,2,15.0,12.0,8.0,C,12.5
13445,high,0,7.0,1.0,3.4,A,-100.0
13446,low,0,13.0,20.0,4.6,C,-3.8
13447,low,1,8.0,6.0,6.7,C,8.0
13448,high,0,7.0,8.0,9.8,C,-10.7
13449,low,1,10.0,13.0,4.7,B,-3.1
13450,low,2,5.0,11.0,4.5,A,-3.8
13451,high,1,5.0,26.0,1.5,C,-100.0
13452,low,2,14.0,7.0,6.7,C,7.3
13453,none,2,11.0,5.0,6.0,A,-8.2
13454,low,1,12.0,7.0,3.3,A,-11.1
13455,low,1,24.0,12.0,7.9,C,13.1
13456,low,1,15.0,4.0,9.4,A,15.0
13457,,0,19.0,10.0,8.9,A,7.2
13458,medium,1,17.0,0.0,4.9,D,-4.7
13459,high,1,14.0,31.0,9.2,A,-14.6
13460,medium,0,12.0,2.0,3.1,C,-14.0
13461,high,1,8.0,0.0,2.3,A,-100.0
13462,high,3,3.0,12.0,2.4,A,-100.0
13463,high,2,9.0,21.0,3.6,A,-100.0
13464,high,0,8.0,14.0,8.3,C,-19.0
13465,high,2,2.0,4.0,5.6,C,-100.0
13466,high,4,11.0,0.0,1.0,A,-100.0
13467,low,1,18.0,0.0,4.6,B,-4.6
13468,medium,0,3.0,8.0,9.5,C,15.0
13469,low,4,6.0,11.0,9.1,A,15.0
13470,high,1,2.0,5.0,8.6,B,-16.9
13471,medium,3,10.0,11.0,1.7,A,-100.0
13472,medium,5,11.0,6.0,9.2,C,15.0
13473,low,3,11.0,29.0,9.5,B,15.0
13474,high,0,7.0,43.0,10.0,A,-9.3
13475,high,3,3.0,17.0,9.7,A,-11.1
13476,high,2,6.0,2.0,3.9,C,-100.0
13477,medium,2,5.0,3.0,6.1,A,3.0
13478,high,1,15.0,3.0,6.8,A,-100.0
13479,low,0,10.0,12.0,9.5,A,15.0
13480,high,3,6.0,7.0,8.2,A,-19.7
13481,high,0,11.0,5.0,2.1,A,-100.0
13482,high,1,18.0,4.0,4.4,A,-100.0
13483,low,1,24.0,1.0,8.3,A,15.0
13484,low,0,10.0,14.0,6.7,A,8.0
13485,medium,2,5.0,2.0,1.7,C,-100.0
13486,low,1,14.0,2.0,9.4,A,15.0
13487,medium,2,18.0,21.0,10.0,A,15.0
13488,none,2,31.0,11.0,3.4,A,-100.0
13489,low,0,7.0,14.0,2.9,B,-12.6
13490,low,0,9.0,10.0,9.5,A,15.0
13491,low,0,2.0,10.0,9.7,A,15.0
13492,medium,0,3.0,6.0,9.9,A,15.0
13493,high,4,5.0,2.0,8.5,A,-18.1
13494,medium,6,9.0,50.0,3.9,A,-9.4
13495,none,1,8.0,5.0,6.5,A,-5.1
13496,high,3,10.0,2.0,2.0,A,-100.0
13497,low,2,3.0,11.0,5.9,A,4.1
13498,medium,1,10.0,1.0,9.8,A,15.0
13499,high,3,10.0,13.0,7.7,B,-100.0
13500,,4,9.0,10.0,3.7,A,-100.0
13501,medium,1,6.0,33.0,6.0,A,2.8
13502,high,4,1.0,1.0,4.9,A,-100.0
13503,,2,3.0,9.0,8.4,A,5.8
13504,low,1,8.0,30.0,8.6,A,15.0
13505,low,2,4.0,2.0,4.8,A,-2.2
13506,low,2,14.0,2.0,6.1,A,4.0
13507,none,2,8.0,22.0,1.5,A,-100.0
13508,low,2,2.0,16.0,8.2,A,15.0
13509,medium,2,10.0,6.0,5.6,B,-0.2
13510,high,1,10.0,14.0,7.9,A,-100.0
13511,medium,4,5.0,3.0,1.7,C,-100.0
13512,medium,2,22.0,36.0,8.7,C,15.0
13513,high,3,5.0,2.0,1.2,C,-100.0
13514,medium,3,3.0,11.0,8.3,A,15.0
13515,high,4,19.0,9.0,8.9,A,-17.3
13516,none,1,8.0,0.0,3.1,A,-100.0
13517,low,0,4.0,12.0,8.3,C,15.0
13518,medium,0,4.0,26.0,8.6,A,15.0
13519,medium,2,9.0,7.0,7.1,A,8.1
13520,high,1,30.0,9.0,7.6,D,-100.0
13521,,3,7.0,1.0,7.1,A,-1.9
13522,high,0,5.0,31.0,8.3,A,-18.5
13523,high,0,4.0,3.0,9.0,A,-14.9
13524,high,1,3.0,18.0,9.5,A,-12.0
13525,high,2,6.0,5.0,1.2,C,-100.0
13526,high,2,7.0,29.0,8.1,A,-100.0
13527,high,2,2.0,42.0,10.0,A,-9.0
13528,medium,2,18.0,8.0,1.3,A,-100.0
13529,low,0,6.0,5.0,2.2,A,-16.4
13530,low,3,8.0,3.0,9.4,A,15.0
13531,low,1,,15.0,6.1,C,
13532,medium,0,4.0,5.0,6.5,A,5.5
13533,none,3,21.0,50.0,4.5,A,-17.2
13534,medium,1,3.0,7.0,9.2,C,15.0
13535,high,0,17.0,2.0,3.3,C,-100.0
13536,high,0,4.0,1.0,6.1,D,-100.0
13537,low,0,12.0,7.0,8.0,A,14.9
13538,high,3,4.0,5.0,9.2,A,-14.1
13539,none,1,18.0,1.0,8.0,A,2.1
13540,medium,3,2.0,13.0,7.4,A,10.5
13541,high,2,6.0,20.0,9.7,A,-11.2
13542,none,2,5.0,8.0,3.7,A,-100.0
13543,low,1,5.0,12.0,9.5,A,15.0
13544,high,0,8.0,13.0,3.3,C,-100.0
13545,high,4,4.0,16.0,6.8,A,-100.0
13546,low,3,22.0,7.0,5.9,B,2.0
13547,low,2,1.0,7.0,8.5,D,15.0
13548,medium,2,11.0,3.0,4.5,A,-6.4
13549,medium,2,2.0,0.0,8.3,C,15.0
13550,high,2,11.0,8.0,9.5,A,-13.0
13551,none,0,15.0,1.0,6.8,A,-4.1
13552,high,1,7.0,2.0,6.5,A,-100.0
13553,low,3,9.0,0.0,3.5,B,-9.9
13554,medium,1,6.0,4.0,9.2,A,15.0
13555,medium,1,1.0,7.0,10.0,A,15.0
13556,medium,1,10.0,50.0,3.7,C,-10.1
13557,none,1,5.0,1.0,8.1,A,4.0
13558,high,5,22.0,1.0,4.3,B,-100.0
13559,low,0,4.0,4.0,2.1,A,-16.8
13560,,2,17.0,1.0,5.1,A,-13.8
13561,low,1,6.0,5.0,8.5,C,15.0
13562,high,5,6.0,15.0,3.6,A,-100.0
13563,low,0,21.0,32.0,3.0,A,-13.3
13564,medium,1,6.0,6.0,3.9,C,-9.1
13565,low,3,20.0,16.0,4.7,A,-4.3
13566,high,3,4.0,13.0,6.6,A,-100.0
13567,high,3,3.0,32.0,6.4,C,-100.0
13568,,2,17.0,11.0,1.1,A,-100.0
13569,high,0,5.0,3.0,3.8,B,-100.0
13570,none,2,8.0,7.0,9.2,A,9.7
13571,medium,0,1.0,4.0,1.1,C,-100.0
13572,high,1,4.0,8.0,2.3,C,-100.0
13573,high,2,18.0,25.0,7.3,C,-100.0
13574,low,1,14.0,1.0,4.4,B,-5.3
13575,medium,1,30.0,10.0,4.5,C,-8.1
13576,none,5,37.0,6.0,9.4,D,7.6
13577,medium,1,14.0,23.0,1.6,D,-100.0
13578,none,1,5.0,5.0,4.3,A,-16.9
13579,none,3,8.0,6.0,9.2,C,9.6
13580,low,3,7.0,14.0,8.9,A,15.0
13581,high,2,4.0,9.0,1.3,A,-100.0
13582,high,1,17.0,29.0,2.0,A,-100.0
13583,low,0,25.0,7.0,9.7,A,15.0
13584,low,1,2.0,16.0,9.8,A,15.0
13585,low,0,7.0,9.0,1.5,A,-100.0
13586,low,3,5.0,2.0,8.9,A,15.0
13587,medium,1,3.0,4.0,3.9,A,-8.8
13588,low,0,,13.0,9.4,C,
13589,high,2,7.0,20.0,8.2,A,-19.6
13590,high,2,15.0,28.0,7.9,A,-100.0
13591,high,4,9.0,10.0,3.3,B,-100.0
13592,high,0,15.0,9.0,8.3,A,-19.8
13593,medium,3,1.0,13.0,8.2,A,15.0
13594,low,2,7.0,5.0,2.8,B,-13.4
13595,,4,5.0,31.0,6.9,A,-2.6
13596,medium,2,22.0,3.0,1.9,A,-100.0
13597,low,0,7.0,8.0,,D,
13598,medium,2,9.0,6.0,4.1,A,-8.4
13599,medium,1,10.0,50.0,6.3,A,4.2
13600,high,0,5.0,4.0,9.3,A,-13.3
13601,medium,4,5.0,14.0,8.5,A,15.0
13602,medium,4,5.0,2.0,3.0,A,-14.3
13603,high,1,5.0,20.0,8.8,A,-16.0
13604,low,3,2.0,12.0,8.8,C,15.0
13605,none,0,4.0,2.0,8.4,A,5.8
13606,low,1,11.0,1.0,3.6,A,-9.4
13607,low,4,25.0,23.0,6.3,B,4.0
13608,medium,2,20.0,4.0,3.7,A,-11.7
13609,high,3,21.0,18.0,9.1,A,-16.2
13610,medium,0,2.0,4.0,9.0,A,15.0
13611,high,0,7.0,5.0,2.9,A,-100.0
13612,high,2,11.0,6.0,9.6,B,-12.4
13613,low,1,3.0,3.0,1.2,A,-100.0
13614,high,2,19.0,31.0,4.4,A,-100.0
13615,low,2,7.0,2.0,3.8,C,-8.0
13616,high,0,3.0,8.0,3.5,D,-100.0
13617,high,0,15.0,2.0,8.5,A,-18.7
13618,medium,1,4.0,0.0,6.6,A,5.9
13619,medium,1,8.0,1.0,9.6,A,15.0
13620,high,1,20.0,39.0,8.2,A,-100.0
13621,low,3,5.0,9.0,6.5,C,7.0
13622,medium,0,18.0,0.0,5.0,C,-4.2
13623,high,3,5.0,16.0,6.5,D,-100.0
13624,low,3,8.0,4.0,3.6,A,-9.3
13625,none,2,9.0,2.0,1.9,A,-100.0
13626,medium,1,6.0,7.0,9.0,A,15.0
13627,high,1,9.0,14.0,9.7,A,-11.5
13628,none,1,14.0,26.0,1.8,A,-100.0
13629,low,0,7.0,20.0,9.0,D,15.0
13630,high,3,17.0,34.0,1.1,A,-100.0
13631,high,3,10.0,3.0,7.5,A,-100.0
13632,high,1,12.0,3.0,5.2,A,-100.0
13633,low,4,15.0,10.0,9.1,A,15.0
13634,medium,1,11.0,18.0,8.2,A,14.2
13635,none,2,6.0,6.0,9.3,A,10.4
13636,high,0,8.0,36.0,8.2,C,-19.3
13637,none,2,7.0,10.0,8.3,A,4.8
13638,none,1,6.0,3.0,1.4,A,-100.0
13639,low,1,8.0,7.0,7.8,C,14.1
13640,medium,1,6.0,2.0,7.7,B,11.8
13641,none,0,9.0,10.0,5.4,C,-11.1
13642,high,1,5.0,12.0,3.7,A,-100.0
13643,high,1,3.0,20.0,4.1,B,-100.0
13644,none,1,21.0,3.0,8.1,D,2.4
13645,low,2,9.0,7.0,9.2,C,15.0
13646,low,1,11.0,15.0,2.1,C,-17.5
13647,,1,8.0,0.0,8.4,D,5.3
13648,high,5,15.0,24.0,9.4,C,-14.1
13649,medium,0,15.0,23.0,9.1,A,15.0
13650,low,0,7.0,6.0,8.3,A,15.0
13651,none,0,16.0,26.0,7.8,B,1.6
13652,low,0,2.0,17.0,1.9,A,-17.6
13653,none,0,5.0,5.0,7.5,C,0.8
13654,medium,2,2.0,1.0,3.4,B,-11.6
13655,low,2,6.0,21.0,4.3,C,-4.9
13656,medium,0,16.0,6.0,4.3,A,-7.8
13657,low,3,5.0,2.0,9.9,A,15.0
13658,high,2,6.0,44.0,9.4,A,-12.7
13659,medium,3,12.0,2.0,8.3,B,14.3
13660,high,2,16.0,15.0,2.0,A,-100.0
13661,medium,0,3.0,3.0,2.6,A,-15.8
13662,low,1,2.0,21.0,8.3,A,15.0
13663,medium,1,3.0,12.0,9.6,C,15.0
13664,low,4,7.0,12.0,2.2,A,-16.9
13665,high,0,,11.0,1.5,C,
13666,medium,1,11.0,1.0,9.4,B,15.0
13667,low,4,10.0,21.0,9.6,A,15.0
13668,medium,5,17.0,3.0,4.0,B,-10.0
13669,low,0,18.0,14.0,3.4,C,-11.0
13670,high,3,11.0,34.0,4.1,C,-100.0
13671,medium,2,22.0,18.0,5.9,A,0.4
13672,low,1,17.0,8.0,9.7,A,15.0
13673,medium,0,20.0,30.0,7.8,A,11.3
13674,medium,1,12.0,12.0,9.6,A,15.0
13675,low,2,3.0,27.0,3.8,A,-7.3
13676,low,2,11.0,13.0,1.7,A,-19.8
13677,low,2,8.0,22.0,4.4,A,-4.6
13678,high,6,7.0,4.0,9.1,A,-15.2
13679,medium,2,7.0,33.0,8.2,A,14.7
13680,medium,2,12.0,5.0,8.6,A,15.0
13681,medium,2,18.0,3.0,9.9,A,15.0
13682,medium,1,1.0,44.0,9.6,A,15.0
13683,medium,3,4.0,45.0,9.9,B,15.0
13684,high,3,6.0,1.0,9.0,C,-15.4
13685,medium,0,6.0,2.0,9.6,A,15.0
13686,medium,1,2.0,27.0,8.1,C,14.6
13687,high,4,7.0,8.0,2.9,A,-100.0
13688,low,3,16.0,4.0,8.9,B,15.0
13689,low,1,15.0,2.0,4.6,A,-4.3
13690,medium,1,8.0,6.0,8.2,A,14.4
13691,low,0,4.0,3.0,9.9,A,15.0
13692,none,3,4.0,1.0,7.7,A,1.7
13693,low,3,13.0,12.0,7.6,D,12.3
13694,high,1,10.0,29.0,9.7,A,-11.5
13695,low,1,,1.0,1.4,C,
13696,low,1,6.0,27.0,9.8,A,15.0
13697,none,3,18.0,9.0,8.1,A,2.5
13698,low,0,4.0,5.0,9.4,A,15.0
13699,none,0,13.0,11.0,7.2,A,-1.6
13700,low,2,8.0,10.0,2.5,A,-15.1
13701,none,1,4.0,6.0,6.4,A,-5.2
13702,high,2,3.0,6.0,9.0,A,-14.9
13703,low,2,8.0,17.0,1.4,A,-100.0
13704,low,1,14.0,18.0,9.4,A,15.0
13705,none,2,6.0,2.0,1.5,A,-100.0
13706,medium,1,4.0,9.0,5.1,C,-2.2
13707,medium,1,5.0,4.0,1.8,A,-100.0
13708,high,2,6.0,11.0,1.7,C,-100.0
13709,low,2,4.0,2.0,5.9,A,3.9
13710,low,1,37.0,1.0,9.8,A,15.0
13711,low,2,4.0,6.0,6.5,C,7.2
13712,low,0,8.0,7.0,3.0,C,-12.2
13713,high,3,11.0,12.0,5.9,C,-100.0
13714,none,1,1.0,10.0,9.5,A,12.1
13715,medium,3,5.0,2.0,4.6,A,-5.4
13716,high,4,10.0,17.0,4.6,D,-100.0
13717,medium,0,18.0,33.0,4.4,B,-7.1
13718,none,4,21.0,4.0,4.3,A,-18.8
13719,high,1,2.0,1.0,,D,
13720,low,3,4.0,46.0,4.3,A,-4.6
13721,low,6,13.0,7.0,4.5,A,-5.1
13722,low,3,2.0,28.0,2.7,A,-13.4
13723,high,3,11.0,11.0,1.6,C,-100.0
13724,medium,1,3.0,0.0,9.6,A,15.0
13725,medium,0,6.0,9.0,7.9,B,13.1
13726,medium,1,8.0,4.0,8.3,B,14.9
13727,high,3,10.0,8.0,5.3,A,-100.0
13728,low,3,12.0,50.0,8.5,A,15.0
13729,medium,1,5.0,29.0,8.3,B,15.0
13730,high,1,8.0,23.0,5.3,A,-100.0
13731,high,3,22.0,1.0,9.7,B,-13.1
13732,high,0,8.0,5.0,1.9,A,-100.0
13733,none,1,8.0,0.0,8.5,C,5.8
13734,none,3,9.0,7.0,8.3,B,4.5
13735,low,1,23.0,18.0,7.5,A,11.0
13736,none,4,2.0,4.0,4.7,A,-14.7
13737,low,2,30.0,21.0,1.4,A,-100.0
13738,medium,0,7.0,6.0,8.5,A,15.0
13739,high,2,5.0,3.0,9.6,A,-11.9
13740,high,0,6.0,8.0,9.7,C,-11.2
13741,medium,0,13.0,3.0,9.4,A,15.0
13742,medium,0,15.0,10.0,2.4,A,-18.1
13743,none,0,15.0,6.0,8.3,A,4.2
13744,high,0,7.0,12.0,9.7,C,-11.2
13745,high,1,5.0,4.0,8.7,C,-16.7
13746,high,3,7.0,12.0,3.3,B,-100.0
13747,medium,2,5.0,16.0,7.2,A,9.2
13748,none,1,10.0,21.0,8.2,A,4.2
13749,,3,18.0,4.0,8.6,A,5.2
13750,low,2,11.0,4.0,1.6,A,-100.0
13751,medium,3,3.0,15.0,6.0,A,2.7
13752,low,1,2.0,26.0,2.7,A,-13.2
13753,low,0,23.0,25.0,3.1,C,-13.0
13754,low,1,18.0,4.0,5.4,A,-0.2
13755,high,1,6.0,43.0,9.1,C,-14.2
13756,medium,3,2.0,50.0,6.9,A,8.1
13757,high,3,11.0,50.0,2.4,C,-100.0
13758,low,0,6.0,18.0,1.8,B,-18.5
13759,high,1,7.0,16.0,6.0,A,-100.0
13760,high,2,7.0,21.0,9.4,A,-13.0
13761,low,3,1.0,24.0,10.0,C,15.0
13762,medium,1,18.0,2.0,1.0,A,-100.0
13763,high,1,6.0,16.0,8.9,C,-15.6
13764,low,0,3.0,13.0,5.2,A,0.4
13765,none,0,6.0,49.0,3.2,A,-100.0
13766,none,0,16.0,4.0,8.5,D,5.2
13767,high,0,3.0,1.0,9.2,C,-13.7
13768,low,2,3.0,10.0,3.1,C,-11.3
13769,high,2,2.0,9.0,8.6,A,-17.0
13770,none,3,5.0,1.0,4.6,A,-15.5
13771,high,1,11.0,3.0,6.8,A,-100.0
13772,low,0,10.0,37.0,9.1,A,15.0
13773,none,2,8.0,0.0,4.4,A,-16.8
13774,low,1,2.0,30.0,9.7,A,15.0
13775,low,0,2.0,5.0,9.9,A,15.0
13776,high,0,7.0,7.0,1.2,B,-100.0
13777,low,0,20.0,38.0,1.7,A,-100.0
13778,low,1,9.0,38.0,6.6,B,7.7
13779,low,1,5.0,6.0,9.3,A,15.0
13780,high,1,5.0,0.0,9.0,C,-15.1
13781,low,1,6.0,18.0,9.2,C,15.0
13782,medium,2,19.0,18.0,9.4,A,15.0
13783,high,3,3.0,18.0,3.5,C,-100.0
13784,high,0,7.0,5.0,1.8,A,-100.0
13785,medium,0,4.0,0.0,1.8,A,-100.0
13786,medium,2,3.0,6.0,5.2,A,-1.7
13787,high,1,19.0,2.0,7.4,A,-100.0
13788,high,2,10.0,10.0,2.8,C,-100.0
13789,high,2,14.0,1.0,8.5,A,-18.8
13790,medium,1,4.0,7.0,8.2,A,14.8
13791,high,0,12.0,10.0,5.5,A,-100.0
13792,medium,0,6.0,3.0,8.3,A,15.0
13793,high,0,14.0,5.0,4.4,A,-100.0
13794,none,1,6.0,1.0,9.4,C,11.0
13795,low,2,4.0,4.0,8.6,A,15.0
13796,medium,0,4.0,24.0,5.7,A,1.3
13797,low,3,6.0,1.0,4.6,A,-3.6
13798,medium,1,2.0,25.0,2.2,B,-17.8
13799,low,2,19.0,19.0,2.8,B,-14.5
13800,medium,1,13.0,4.0,3.9,A,-9.8
13801,medium,0,8.0,8.0,1.5,C,-100.0
13802,high,3,16.0,9.0,8.5,A,-19.1
13803,low,0,4.0,6.0,3.6,A,-8.5
13804,high,0,2.0,2.0,8.4,A,-18.0
13805,none,1,9.0,16.0,1.2,A,-100.0
13806,low,0,5.0,35.0,8.2,A,15.0
13807,none,3,6.0,12.0,9.5,A,11.5
13808,high,1,8.0,2.0,6.0,C,-100.0
13809,low,2,10.0,7.0,9.6,A,15.0
13810,high,3,16.0,3.0,8.7,A,-18.0
13811,high,0,7.0,5.0,10.0,A,-9.7
13812,high,1,4.0,12.0,2.3,B,-100.0
13813,low,1,1.0,3.0,5.9,C,4.3
13814,high,2,7.0,3.0,8.4,A,-18.7
13815,low,2,4.0,1.0,9.4,A,15.0
13816,medium,0,1.0,20.0,4.3,A,-6.1
13817,low,4,4.0,9.0,3.1,A,-11.7
13818,medium,1,15.0,3.0,9.3,D,15.0
13819,none,3,15.0,7.0,9.7,A,11.6
13820,high,1,5.0,18.0,5.4,C,-100.0
13821,none,1,4.0,2.0,9.4,A,11.2
13822,high,4,16.0,6.0,3.4,A,-100.0
13823,medium,3,5.0,5.0,9.9,C,15.0
13824,low,1,3.0,2.0,8.3,A,15.0
13825,high,2,8.0,2.0,8.2,C,-19.9
13826,high,0,40.0,3.0,3.1,A,-100.0
13827,none,1,12.0,5.0,8.2,A,3.9
13828,medium,1,14.0,1.0,9.3,A,15.0
13829,high,2,6.0,9.0,1.4,D,-100.0
13830,medium,0,18.0,13.0,3.6,A,-11.7
13831,high,0,20.0,1.0,2.5,C,-100.0
13832,high,0,12.0,11.0,2.5,B,-100.0
13833,medium,3,11.0,0.0,2.2,A,-19.2
13834,medium,1,11.0,27.0,3.1,A,-13.8
13835,high,0,7.0,11.0,2.6,A,-100.0
13836,high,0,20.0,9.0,3.8,A,-100.0
13837,none,4,12.0,24.0,2.9,A,-100.0
13838,high,2,7.0,7.0,9.3,B,-13.7
13839,low,1,9.0,1.0,2.3,A,-16.3
13840,high,2,15.0,22.0,10.0,A,-10.5
13841,medium,1,11.0,6.0,1.2,A,-100.0
13842,medium,2,12.0,2.0,3.8,C,-10.4
13843,medium,3,10.0,0.0,8.8,A,15.0
13844,high,1,,7.0,2.8,C,
13845,low,1,15.0,18.0,9.3,C,
13846,high,2,23.0,1.0,8.7,A,-18.6
13847,low,5,6.0,39.0,8.9,B,15.0
13848,high,1,24.0,24.0,5.8,A,-100.0
13849,medium,1,1.0,1.0,,A,
13850,none,0,3.0,4.0,3.3,C,-100.0
13851,high,2,4.0,21.0,2.1,C,-100.0
13852,low,4,5.0,4.0,9.1,A,15.0
13853,low,1,5.0,4.0,4.4,A,-4.4
13854,medium,2,2.0,11.0,9.3,A,15.0
13855,high,0,14.0,7.0,10.0,C,-10.3
13856,low,2,6.0,23.0,4.1,C,-6.0
13857,low,2,5.0,5.0,5.5,C,1.6
13858,medium,2,4.0,4.0,9.5,A,15.0
13859,high,0,3.0,5.0,2.8,A,-100.0
13860,high,3,23.0,5.0,2.4,A,-100.0
13861,none,0,9.0,19.0,9.1,A,9.3
13862,none,1,11.0,0.0,2.4,B,-100.0
13863,high,0,11.0,13.0,9.0,A,-15.5
13864,none,3,16.0,14.0,1.8,C,-100.0
13865,high,0,6.0,23.0,2.9,A,-100.0
13866,high,2,5.0,1.0,9.9,C,-10.2
13867,medium,0,8.0,14.0,3.0,C,-14.0
13868,low,3,8.0,3.0,9.3,C,15.0
13869,high,1,1.0,10.0,5.9,C,-100.0
13870,high,0,11.0,8.0,9.4,B,-13.3
13871,high,3,14.0,21.0,3.5,A,-100.0
13872,medium,1,2.0,11.0,7.9,A,13.4
13873,medium,2,20.0,5.0,1.4,A,-100.0
13874,medium,1,,8.0,2.4,C,
13875,none,0,18.0,5.0,3.3,C,-100.0
13876,low,0,13.0,10.0,5.2,A,-0.6
13877,high,1,9.0,4.0,5.5,C,-100.0
13878,low,1,5.0,1.0,4.2,C,-5.5
13879,none,0,6.0,1.0,9.9,D,13.9
13880,high,1,18.0,22.0,3.2,C,-100.0
13881,,1,18.0,4.0,7.7,A,0.5
13882,medium,3,15.0,5.0,7.4,B,9.1
13883,low,2,3.0,7.0,9.6,A,15.0
13884,low,2,9.0,3.0,1.8,C,-19.2
13885,low,2,6.0,8.0,2.5,C,-15.0
13886,none,1,17.0,6.0,1.1,A,-100.0
13887,medium,0,9.0,28.0,1.2,A,-100.0
13888,high,1,5.0,21.0,9.9,A,-9.9
13889,low,2,13.0,13.0,7.0,A,9.1
13890,high,2,13.0,23.0,1.8,A,-100.0
13891,high,2,4.0,26.0,8.2,C,-19.2
13892,low,0,2.0,7.0,1.0,A,-100.0
13893,medium,0,2.0,12.0,5.3,A,-0.8
13894,medium,1,11.0,28.0,1.0,A,-100.0
13895,high,3,3.0,50.0,6.7,C,-100.0
13896,medium,3,8.0,17.0,3.5,C,-11.6
13897,low,2,12.0,0.0,8.9,A,15.0
13898,medium,2,9.0,12.0,2.7,B,-16.0
13899,medium,2,8.0,1.0,4.9,A,-3.9
13900,high,0,4.0,1.0,2.8,A,-100.0
13901,medium,3,10.0,12.0,3.2,C,-13.5
13902,none,2,4.0,7.0,3.2,A,-100.0
13903,high,2,6.0,4.0,9.8,B,-10.9
13904,low,2,8.0,28.0,3.7,A,-8.4
13905,none,0,3.0,0.0,4.2,A,-17.2
13906,high,2,3.0,14.0,2.1,A,-100.0
13907,medium,0,21.0,11.0,1.9,B,-100.0
13908,high,6,9.0,50.0,1.9,C,-100.0
13909,low,1,19.0,2.0,9.2,A,15.0
13910,medium,2,3.0,1.0,1.2,A,-100.0
13911,low,4,5.0,8.0,4.0,C,-6.8
13912,high,1,13.0,6.0,8.4,A,-19.1
13913,low,1,4.0,6.0,2.7,A,-13.6
13914,low,0,6.0,4.0,5.7,A,2.8
13915,high,4,4.0,8.0,4.9,A,-100.0
13916,low,2,13.0,7.0,9.3,A,15.0
13917,medium,0,6.0,20.0,9.7,C,15.0
13918,high,1,3.0,37.0,3.2,A,-100.0
13919,medium,3,7.0,1.0,9.9,A,15.0
13920,low,5,1.0,19.0,3.4,A,-9.7
13921,medium,1,12.0,5.0,8.7,A,15.0
13922,medium,0,4.0,3.0,2.1,A,-18.7
13923,medium,2,2.0,22.0,8.3,A,15.0
13924,high,4,12.0,9.0,9.6,A,-12.7
13925,low,2,25.0,30.0,2.0,A,-19.4
13926,high,1,13.0,15.0,9.6,A,-12.4
13927,none,1,3.0,3.0,8.7,A,7.5
13928,medium,0,3.0,3.0,1.4,C,-100.0
13929,medium,1,13.0,2.0,3.5,C,-12.0
13930,high,0,18.0,3.0,2.7,A,-100.0
13931,low,2,28.0,4.0,1.5,B,-100.0
13932,high,0,8.0,1.0,7.4,A,-100.0
13933,medium,1,22.0,2.0,3.2,A,-14.6
13934,high,1,10.0,1.0,6.6,C,-100.0
13935,medium,1,9.0,2.0,8.6,D,15.0
13936,low,2,16.0,2.0,4.8,A,-3.4
13937,low,0,15.0,50.0,1.6,A,-100.0
13938,low,1,8.0,12.0,7.5,C,12.5
13939,none,1,8.0,20.0,4.9,A,-13.8
13940,high,2,29.0,26.0,10.0,A,-11.8
13941,high,1,11.0,14.0,9.4,B,-13.4
13942,low,0,5.0,41.0,2.7,A,-13.2
13943,high,1,9.0,3.0,9.1,C,-14.9
13944,high,2,4.0,7.0,1.7,A,-100.0
13945,low,2,9.0,3.0,9.0,A,15.0
13946,high,2,11.0,11.0,6.5,A,-100.0
13947,none,1,7.0,6.0,9.2,A,9.9
13948,medium,4,11.0,13.0,5.9,C,1.2
13949,low,3,1.0,9.0,3.0,C,-11.8
13950,none,0,8.0,2.0,2.3,A,-100.0
13951,high,0,,11.0,8.4,C,
13952,none,5,19.0,24.0,8.8,A,6.3
13953,medium,1,12.0,1.0,4.3,A,-7.5
13954,medium,0,10.0,1.0,8.9,A,15.0
13955,medium,0,8.0,5.0,9.9,C,15.0
13956,low,1,4.0,3.0,9.3,D,15.0
13957,high,2,11.0,20.0,4.6,C,-100.0
13958,medium,0,2.0,35.0,4.1,A,-7.2
13959,low,2,15.0,13.0,9.8,A,15.0
13960,medium,2,25.0,2.0,8.7,A,15.0
13961,medium,4,8.0,11.0,8.8,A,15.0
13962,none,1,35.0,7.0,8.7,A,4.3
13963,high,1,13.0,8.0,8.4,A,-19.1
13964,low,4,3.0,13.0,2.9,C,-12.6
13965,none,4,10.0,5.0,1.1,A,-100.0
13966,none,2,3.0,2.0,7.5,A,0.8
13967,low,3,12.0,4.0,2.1,A,-17.9
13968,none,1,7.0,0.0,3.4,A,-100.0
13969,high,1,15.0,26.0,2.0,A,-100.0
13970,medium,3,10.0,3.0,4.0,A,-9.1
13971,medium,2,2.0,4.0,9.8,B,15.0
13972,low,2,31.0,2.0,9.5,A,15.0
13973,low,1,1.0,19.0,3.6,A,-8.2
13974,high,2,6.0,19.0,6.7,B,-100.0
13975,low,3,,27.0,8.9,C,
13976,high,2,4.0,15.0,4.6,C,-100.0
13977,high,0,17.0,2.0,1.6,C,-100.0
13978,low,3,16.0,1.0,8.3,A,15.0
13979,medium,1,8.0,22.0,2.7,B,-15.7
13980,none,1,28.0,8.0,8.6,A,4.5
13981,none,1,7.0,9.0,4.7,A,-14.9
13982,medium,0,15.0,42.0,8.6,A,15.0
13983,medium,0,22.0,22.0,1.4,A,-100.0
13984,none,2,9.0,2.0,8.0,D,2.9
13985,medium,2,16.0,12.0,8.3,B,14.1
13986,low,0,5.0,8.0,8.3,C,15.0
13987,,2,16.0,50.0,5.0,A,-13.8
13988,low,4,1.0,20.0,1.9,A,-17.9
13989,low,1,4.0,2.0,5.1,B,-0.4
13990,high,2,17.0,14.0,2.6,A,-100.0
13991,high,3,8.0,1.0,8.4,A,-18.9
13992,high,1,3.0,6.0,9.4,A,-12.6
13993,low,1,18.0,49.0,8.4,A,15.0
13994,low,2,19.0,0.0,1.2,A,-100.0
13995,,1,7.0,50.0,2.2,A,-100.0
13996,low,4,5.0,0.0,8.6,A,15.0
13997,,1,8.0,5.0,3.8,A,-20.0
13998,high,2,7.0,26.0,8.4,A,-18.4
13999,low,1,2.0,0.0,9.7,A,15.0
14000,low,0,5.0,31.0,2.0,D,-17.2
14001,high,4,6.0,2.0,2.2,A,-100.0
14002,high,3,10.0,16.0,2.2,A,-100.0
14003,low,3,12.0,29.0,1.4,A,-100.0
14004,low,0,4.0,24.0,8.4,C,15.0
14005,none,2,6.0,1.0,6.1,A,-7.2
14006,high,1,16.0,50.0,1.1,D,-100.0
14007,high,2,4.0,33.0,7.7,C,-100.0
14008,high,1,19.0,0.0,9.2,A,-15.4
14009,none,0,5.0,7.0,3.3,A,-100.0
14010,none,1,10.0,15.0,1.4,A,-100.0
14011,high,1,5.0,44.0,9.9,C,-9.7
14012,high,2,3.0,2.0,1.9,A,-100.0
14013,none,0,2.0,6.0,9.2,C,10.5
14014,medium,1,3.0,2.0,1.3,C,-100.0
14015,low,2,7.0,7.0,5.5,B,1.4
14016,low,0,4.0,9.0,1.2,C,-100.0
14017,none,0,10.0,12.0,8.2,A,4.2
14018,low,2,7.0,20.0,9.9,A,15.0
14019,high,1,5.0,39.0,8.7,A,-16.4
14020,high,3,3.0,11.0,2.7,A,-100.0
14021,low,1,5.0,2.0,5.8,A,3.3
14022,low,1,9.0,6.0,2.4,A,-15.7
14023,,2,10.0,17.0,1.4,A,-100.0
14024,medium,3,15.0,6.0,2.6,C,-17.3
14025,low,1,3.0,17.0,1.3,A,-100.0
14026,none,0,7.0,35.0,2.5,A,-100.0
14027,low,5,3.0,11.0,4.4,A,-4.5
14028,high,1,3.0,6.0,5.1,A,-100.0
14029,low,3,4.0,11.0,8.8,C,15.0
14030,high,2,3.0,4.0,3.3,A,-100.0
14031,none,2,20.0,8.0,4.0,A,-100.0
14032,low,1,26.0,4.0,8.4,A,15.0
14033,medium,2,11.0,17.0,3.3,A,-12.9
14034,high,5,3.0,10.0,1.8,A,-100.0
14035,low,0,3.0,12.0,2.2,D,-16.1
14036,medium,1,7.0,13.0,2.4,A,-17.3
14037,none,0,12.0,8.0,5.6,C,-10.3
14038,medium,2,24.0,7.0,5.7,A,-1.1
14039,high,1,16.0,6.0,5.1,D,-100.0
14040,high,2,19.0,15.0,9.3,A,-14.8
14041,none,2,10.0,23.0,6.3,A,-6.3
14042,low,0,5.0,11.0,8.1,A,15.0
14043,low,1,11.0,18.0,8.3,A,15.0
14044,medium,3,9.0,22.0,7.0,C,7.6
14045,low,1,17.0,4.0,6.1,C,3.8
14046,high,1,10.0,7.0,9.6,A,-12.2
14047,high,1,2.0,24.0,2.7,A,-100.0
14048,medium,1,23.0,4.0,8.1,B,12.3
14049,low,0,2.0,1.0,6.7,A,8.7
14050,medium,1,11.0,3.0,7.8,C,11.9
14051,high,0,33.0,18.0,7.4,A,-100.0
14052,high,3,2.0,18.0,5.0,A,-100.0
14053,low,0,8.0,12.0,4.7,A,-2.8
14054,,1,6.0,16.0,9.8,A,13.4
14055,high,3,27.0,20.0,5.0,A,-100.0
14056,high,2,4.0,0.0,7.6,C,-100.0
14057,medium,1,10.0,5.0,7.3,C,9.2
14058,high,1,0.0,5.0,5.5,A,-100.0
14059,low,1,4.0,1.0,7.2,A,11.1
14060,medium,1,22.0,8.0,1.5,A,-100.0
14061,high,1,12.0,1.0,8.3,B,-19.6
14062,none,1,38.0,0.0,5.9,A,-11.5
14063,medium,2,7.0,0.0,3.1,C,-13.7
14064,medium,3,1.0,19.0,1.2,C,-100.0
14065,medium,3,13.0,46.0,8.4,A,15.0
14066,high,3,12.0,8.0,2.9,A,-100.0
14067,none,2,16.0,2.0,5.8,A,-9.9
14068,medium,1,14.0,14.0,9.0,A,15.0
14069,high,1,23.0,5.0,3.0,D,-100.0
14070,,3,22.0,6.0,6.3,C,-7.8
14071,high,3,10.0,20.0,6.8,C,-100.0
14072,low,1,15.0,18.0,9.1,C,15.0
14073,high,1,19.0,50.0,4.4,C,-100.0
14074,medium,1,11.0,16.0,6.1,A,2.6
14075,medium,3,14.0,6.0,6.5,C,4.2
14076,high,2,2.0,8.0,2.1,C,-100.0
14077,low,1,14.0,3.0,8.8,A,15.0
14078,high,2,6.0,7.0,9.2,C,-14.1
14079,low,2,4.0,20.0,9.8,A,15.0
14080,high,1,5.0,46.0,3.5,C,-100.0
14081,low,0,5.0,9.0,9.8,C,15.0
14082,high,1,9.0,20.0,8.5,A,-18.1
14083,high,1,5.0,11.0,10.0,A,-9.5
14084,none,2,8.0,14.0,1.4,A,-100.0
14085,high,0,27.0,25.0,8.4,A,-100.0
14086,low,1,6.0,6.0,4.3,C,-5.0
14087,high,0,8.0,6.0,8.5,A,-18.0
14088,medium,0,17.0,4.0,8.9,B,15.0
14089,high,3,13.0,6.0,2.8,A,-100.0
14090,high,0,13.0,5.0,3.7,A,-100.0
14091,medium,1,7.0,11.0,8.5,A,15.0
14092,low,1,4.0,20.0,5.3,B,0.9
14093,high,1,7.0,14.0,5.3,A,-100.0
14094,low,1,24.0,1.0,3.9,A,-9.0
14095,medium,0,11.0,2.0,7.6,B,10.8
14096,high,2,6.0,2.0,6.1,A,-100.0
14097,high,0,13.0,12.0,9.9,B,-10.7
14098,medium,1,18.0,13.0,9.0,A,15.0
14099,medium,1,16.0,1.0,10.0,A,15.0
14100,low,0,4.0,1.0,1.1,A,-100.0
14101,high,2,9.0,25.0,9.6,B,-12.1
14102,high,0,12.0,2.0,5.1,A,-100.0
14103,low,0,25.0,0.0,4.6,A,-5.2
14104,low,2,18.0,18.0,8.0,C,14.2
14105,none,1,6.0,9.0,8.2,B,4.5
14106,high,4,16.0,3.0,7.2,A,-100.0
14107,none,2,4.0,9.0,3.6,C,-100.0
14108,medium,3,4.0,10.0,7.0,C,8.0
14109,medium,3,7.0,2.0,4.3,A,-7.2
14110,low,3,11.0,3.0,1.8,A,-19.5
14111,medium,0,9.0,26.0,3.9,A,-9.1
14112,,1,3.0,1.0,3.9,A,-18.9
14113,medium,0,19.0,11.0,4.6,A,-6.4
14114,medium,3,4.0,4.0,3.2,C,-12.9
14115,,2,9.0,36.0,9.2,A,9.9
14116,medium,0,11.0,1.0,2.7,A,-16.1
14117,high,4,4.0,4.0,7.8,A,-100.0
14118,medium,3,16.0,4.0,8.8,A,15.0
14119,high,2,9.0,50.0,9.5,A,-12.4
14120,high,3,4.0,5.0,3.7,A,-100.0
14121,low,3,40.0,4.0,7.2,A,7.3
14122,high,2,5.0,10.0,5.9,A,-100.0
14123,low,1,17.0,4.0,3.2,A,-12.2
14124,low,1,2.0,15.0,5.0,A,-0.6
14125,none,1,13.0,2.0,1.5,A,-100.0
14126,high,2,23.0,12.0,8.2,A,-100.0
14127,low,3,10.0,3.0,8.2,D,15.0
14128,none,0,21.0,5.0,4.4,B,-17.8
14129,low,2,7.0,2.0,9.0,A,15.0
14130,medium,2,3.0,9.0,8.7,A,15.0
14131,none,4,6.0,5.0,3.5,B,-100.0
14132,low,0,10.0,5.0,8.9,A,15.0
14133,low,3,3.0,5.0,10.0,D,15.0
14134,low,4,4.0,20.0,9.9,A,15.0
14135,medium,1,3.0,24.0,10.0,A,15.0
14136,medium,4,9.0,22.0,1.7,C,-100.0
14137,none,1,7.0,4.0,1.1,D,-100.0
14138,low,1,9.0,16.0,3.9,B,-7.4
14139,low,2,17.0,19.0,4.5,A,-5.0
14140,medium,0,5.0,6.0,3.7,A,-10.0
14141,medium,3,4.0,3.0,2.0,D,-19.5
14142,low,1,8.0,50.0,2.3,A,-15.8
14143,none,1,10.0,8.0,8.7,A,6.8
14144,low,2,2.0,13.0,1.2,D,-100.0
14145,medium,1,9.0,12.0,4.6,A,-5.5
14146,medium,1,1.0,4.0,7.4,C,10.7
14147,low,4,31.0,23.0,9.9,A,15.0
14148,low,2,34.0,12.0,2.8,A,-16.1
14149,low,1,18.0,0.0,4.3,A,-6.3
14150,low,0,6.0,24.0,1.4,A,-100.0
14151,medium,0,9.0,49.0,9.3,A,15.0
14152,none,3,6.0,9.0,8.4,A,5.4
14153,none,1,3.0,9.0,3.0,B,-100.0
14154,high,1,25.0,10.0,8.8,C,-18.1
14155,medium,0,6.0,2.0,7.4,A,10.2
14156,none,1,6.0,9.0,9.4,A,11.1
14157,medium,2,14.0,16.0,1.5,A,-100.0
14158,medium,3,9.0,15.0,8.6,A,15.0
14159,medium,2,3.0,22.0,8.9,C,15.0
14160,none,3,4.0,6.0,7.4,B,0.1
14161,medium,1,2.0,10.0,9.6,A,15.0
14162,low,3,4.0,0.0,6.5,B,7.0
14163,low,0,24.0,32.0,7.9,B,13.4
14164,low,1,7.0,0.0,8.2,B,15.0
14165,medium,1,6.0,3.0,4.6,A,-5.2
14166,high,0,27.0,4.0,8.5,C,-19.9
14167,high,4,4.0,1.0,9.9,D,-10.3
14168,high,3,9.0,2.0,6.1,C,-100.0
14169,high,2,8.0,7.0,9.6,A,-12.1
14170,low,1,3.0,11.0,8.7,D,15.0
14171,low,1,2.0,14.0,8.7,A,15.0
14172,low,2,15.0,31.0,1.7,C,-100.0
14173,medium,0,15.0,20.0,6.0,A,1.8
14174,high,0,5.0,3.0,2.9,A,-100.0
14175,high,0,7.0,23.0,3.9,A,-100.0
14176,none,2,11.0,13.0,2.9,B,-100.0
14177,medium,3,13.0,11.0,7.1,A,7.7
14178,low,2,13.0,1.0,9.0,C,15.0
14179,medium,1,7.0,15.0,8.0,A,13.5
14180,low,3,12.0,8.0,5.1,A,-1.4
14181,low,2,11.0,0.0,2.0,A,-18.3
14182,high,1,4.0,3.0,4.7,C,-100.0
14183,high,3,6.0,16.0,7.2,A,-100.0
14184,medium,1,5.0,22.0,2.0,A,-19.3
14185,high,0,15.0,1.0,7.4,A,-100.0
14186,none,1,10.0,5.0,7.0,A,-2.6
14187,medium,2,10.0,3.0,7.7,D,11.3
14188,medium,3,4.0,4.0,9.4,C,15.0
14189,medium,2,2.0,37.0,8.8,C,15.0
14190,low,2,7.0,12.0,9.9,A,15.0
14191,medium,1,5.0,16.0,9.8,A,15.0
14192,none,4,4.0,2.0,8.3,A,4.9
14193,medium,1,19.0,11.0,9.6,A,15.0
14194,high,4,11.0,16.0,4.5,A,-100.0
14195,high,0,36.0,7.0,4.9,D,-100.0
14196,high,1,7.0,19.0,3.3,A,-100.0
14197,high,2,2.0,6.0,8.6,A,-17.0
14198,medium,2,7.0,18.0,9.1,A,15.0
14199,none,2,17.0,15.0,2.6,A,-100.0
14200,medium,2,7.0,2.0,1.3,B,-100.0
14201,medium,0,13.0,6.0,9.7,A,15.0
14202,low,4,18.0,9.0,4.4,A,-5.9
14203,medium,1,13.0,17.0,8.9,A,15.0
14204,none,0,1.0,12.0,3.2,B,-100.0
14205,medium,1,16.0,37.0,1.4,A,-100.0
14206,high,3,11.0,3.0,8.9,D,-16.4
14207,medium,2,9.0,22.0,7.4,A,9.9
14208,low,0,13.0,50.0,2.8,C,-13.4
14209,low,1,7.0,7.0,7.9,A,14.7
14210,medium,2,6.0,1.0,4.7,C,-4.8
14211,low,2,4.0,17.0,9.1,B,15.0
14212,medium,2,14.0,3.0,2.9,A,-15.5
14213,none,0,24.0,33.0,3.5,A,-100.0
14214,high,2,3.0,1.0,1.5,A,-100.0
14215,high,3,9.0,50.0,4.9,A,-100.0
14216,none,1,15.0,3.0,1.2,A,-100.0
14217,none,3,30.0,3.0,3.8,A,-100.0
14218,low,1,3.0,22.0,2.4,A,-15.0
14219,none,1,12.0,26.0,9.4,A,10.7
14220,medium,1,8.0,4.0,4.6,A,-5.4
14221,medium,0,9.0,26.0,9.0,A,15.0
14222,none,1,12.0,1.0,9.5,A,11.0
14223,high,1,9.0,22.0,2.8,A,-100.0
14224,high,2,2.0,3.0,4.1,C,-100.0
14225,none,1,6.0,10.0,9.4,B,11.1
14226,low,2,6.0,50.0,8.2,A,15.0
14227,low,2,2.0,6.0,3.6,C,-8.5
14228,medium,1,9.0,22.0,9.0,A,15.0
14229,low,1,11.0,19.0,9.3,A,15.0
14230,high,2,2.0,11.0,4.3,A,-100.0
14231,low,3,34.0,12.0,8.7,C,15.0
14232,medium,2,14.0,5.0,2.6,A,-17.1
14233,low,5,16.0,5.0,3.8,C,-9.2
14234,high,1,1.0,13.0,9.3,A,-12.9
14235,high,1,1.0,2.0,,B,
14236,high,0,22.0,39.0,3.1,A,-100.0
14237,low,1,28.0,4.0,9.8,A,15.0
14238,high,1,11.0,12.0,6.6,A,-100.0
14239,high,1,5.0,6.0,10.0,B,-9.5
14240,none,4,19.0,6.0,5.7,A,-10.9
14241,medium,2,3.0,7.0,1.6,C,-100.0
14242,high,1,10.0,4.0,9.9,C,-10.6
14243,none,1,24.0,38.0,2.9,A,-100.0
14244,none,2,6.0,25.0,8.1,A,4.0
14245,high,1,10.0,2.0,1.2,A,-100.0
14246,low,1,1.0,0.0,2.8,A,-12.8
14247,low,1,13.0,1.0,4.7,A,-3.5
14248,medium,2,4.0,5.0,8.4,A,15.0
14249,none,2,10.0,9.0,6.2,A,-7.0
14250,medium,0,11.0,2.0,8.3,C,14.7
14251,medium,0,7.0,13.0,9.5,C,15.0
14252,high,2,2.0,3.0,8.4,B,-18.2
14253,high,0,6.0,3.0,2.9,B,-100.0
14254,low,2,24.0,10.0,8.9,C,15.0
14255,high,2,22.0,16.0,9.6,C,-13.4
14256,,3,6.0,7.0,8.7,A,7.0
14257,high,0,20.0,31.0,9.6,A,-12.9
14258,medium,1,13.0,35.0,1.5,C,-100.0
14259,medium,4,3.0,10.0,6.2,A,3.6
14260,medium,0,10.0,4.0,9.2,A,15.0
14261,medium,4,6.0,20.0,3.3,A,-12.5
14262,low,0,8.0,7.0,9.9,C,15.0
14263,low,4,5.0,4.0,4.7,A,-3.0
14264,high,0,6.0,13.0,3.7,A,-100.0
14265,none,1,10.0,11.0,1.4,C,-100.0
14266,low,4,5.0,34.0,9.3,A,15.0
14267,high,2,11.0,4.0,8.4,B,-19.1
14268,high,0,16.0,10.0,4.3,A,-100.0
14269,high,2,3.0,3.0,1.2,C,-100.0
14270,medium,1,3.0,9.0,9.6,D,15.0
14271,high,4,8.0,27.0,7.1,A,-100.0
14272,high,2,13.0,5.0,6.2,A,-100.0
14273,low,1,16.0,6.0,1.4,C,-100.0
14274,medium,2,16.0,4.0,3.9,C,-10.2
14275,low,0,6.0,0.0,5.8,A,3.3
14276,high,1,8.0,19.0,7.2,A,-100.0
14277,low,1,9.0,10.0,9.3,A,15.0
14278,medium,2,2.0,22.0,8.7,A,15.0
14279,low,4,3.0,6.0,9.4,A,15.0
14280,medium,1,1.0,8.0,7.1,A,9.1
14281,high,2,4.0,1.0,9.5,A,-12.3
14282,high,2,16.0,5.0,9.8,D,-11.8
14283,high,2,6.0,4.0,9.4,A,-13.1
14284,low,1,11.0,4.0,10.0,A,15.0
14285,low,0,7.0,23.0,9.7,A,15.0
14286,,0,11.0,1.0,7.5,A,0.2
14287,medium,1,3.0,9.0,3.2,A,-12.6
14288,low,0,4.0,13.0,6.2,B,5.8
14289,low,2,7.0,2.0,4.3,D,-5.2
14290,low,4,5.0,8.0,8.6,A,15.0
14291,none,1,1.0,1.0,4.7,C,-14.3
14292,low,1,12.0,8.0,9.1,A,15.0
14293,high,3,2.0,14.0,8.6,D,-17.1
14294,high,0,3.0,31.0,1.4,B,-100.0
14295,high,3,7.0,12.0,1.9,C,-100.0
14296,none,1,9.0,1.0,8.5,A,5.8
14297,medium,1,8.0,11.0,2.3,A,-18.0
14298,medium,0,9.0,5.0,5.7,A,0.6
14299,high,0,16.0,8.0,1.4,A,-100.0
14300,medium,6,4.0,14.0,9.7,A,15.0
14301,low,1,5.0,2.0,9.7,A,15.0
14302,high,3,21.0,18.0,9.6,A,-13.4
14303,high,1,5.0,23.0,9.2,A,-13.8
14304,none,2,3.0,18.0,2.9,B,-100.0
14305,low,2,22.0,36.0,2.8,A,-14.6
14306,none,3,20.0,2.0,2.6,A,-100.0
14307,none,2,5.0,4.0,7.2,A,-1.1
14308,none,1,10.0,12.0,3.9,A,-19.5
14309,none,2,12.0,2.0,8.6,A,5.9
14310,medium,2,9.0,12.0,4.6,C,-5.5
14311,low,4,6.0,4.0,9.1,A,15.0
14312,none,0,20.0,3.0,9.1,D,8.1
14313,low,2,18.0,4.0,7.5,A,11.3
14314,low,2,6.0,12.0,9.1,A,15.0
14315,medium,2,17.0,11.0,2.8,D,-16.3
14316,,1,18.0,0.0,9.1,C,8.2
14317,high,3,16.0,5.0,1.2,D,-100.0
14318,medium,1,4.0,14.0,2.4,A,-17.0
14319,medium,1,14.0,27.0,8.2,A,14.0
14320,high,0,8.0,3.0,4.5,A,-100.0
14321,high,1,7.0,18.0,5.7,A,-100.0
14322,medium,1,14.0,8.0,4.3,A,-7.6
14323,low,2,16.0,2.0,1.2,A,-100.0
14324,high,0,17.0,15.0,8.8,A,-17.1
14325,low,5,22.0,14.0,1.9,A,-100.0
14326,,2,4.0,15.0,8.7,A,7.4
14327,low,2,30.0,1.0,8.4,A,15.0
14328,high,2,13.0,7.0,1.1,A,-100.0
14329,medium,0,24.0,1.0,8.7,A,15.0
14330,low,2,5.0,16.0,3.8,A,-7.6
14331,high,3,8.0,25.0,5.3,A,-100.0
14332,medium,2,10.0,3.0,3.7,C,-10.7
14333,low,2,3.0,14.0,9.4,A,15.0
14334,low,0,2.0,9.0,1.2,A,-100.0
14335,high,1,7.0,23.0,6.0,B,-100.0
14336,high,1,17.0,15.0,9.4,A,-14.0
14337,low,1,5.0,5.0,8.6,C,15.0
14338,high,2,4.0,0.0,8.9,A,-15.6
14339,low,1,8.0,24.0,9.8,A,15.0
14340,medium,0,10.0,35.0,2.5,D,-16.8
14341,none,0,3.0,10.0,3.8,A,-19.3
14342,medium,1,33.0,7.0,1.1,A,-100.0
14343,high,1,23.0,2.0,9.6,A,-13.6
14344,none,3,31.0,3.0,8.4,A,2.8
14345,low,4,6.0,1.0,8.1,A,15.0
14346,high,0,13.0,1.0,3.0,A,-100.0
14347,medium,2,40.0,44.0,7.2,B,6.0
14348,high,1,13.0,13.0,1.6,C,-100.0
14349,low,1,5.0,6.0,9.7,A,15.0
14350,low,4,13.0,2.0,8.1,A,14.9
14351,high,2,16.0,14.0,7.7,A,-100.0
14352,low,2,2.0,21.0,8.5,D,15.0
14353,,0,,1.0,6.0,C,
14354,low,1,11.0,14.0,9.8,A,15.0
14355,high,2,5.0,10.0,2.3,A,-100.0
14356,medium,4,18.0,1.0,5.7,A,-0.7
14357,low,1,5.0,4.0,8.2,A,15.0
14358,low,2,12.0,8.0,9.7,A,15.0
14359,medium,2,5.0,28.0,8.4,A,15.0
14360,none,5,17.0,16.0,3.2,A,-100.0
14361,medium,0,7.0,13.0,1.5,A,-100.0
14362,low,2,12.0,41.0,8.6,A,15.0
14363,low,1,4.0,36.0,9.5,C,15.0
14364,low,2,4.0,24.0,2.4,D,-15.2
14365,high,4,3.0,12.0,9.7,C,-11.2
14366,low,0,4.0,30.0,8.8,D,15.0
14367,medium,0,9.0,13.0,2.7,B,-15.8
14368,low,2,13.0,20.0,2.1,A,-17.8
14369,high,3,23.0,3.0,2.7,A,-100.0
14370,medium,1,11.0,15.0,9.0,A,15.0
14371,low,1,18.0,2.0,4.1,C,-7.3
14372,medium,1,9.0,2.0,5.6,C,-0.1
14373,medium,3,15.0,14.0,7.5,D,9.7
14374,none,3,9.0,2.0,9.7,C,12.2
14375,low,6,14.0,6.0,8.9,B,15.0
14376,medium,0,7.0,3.0,8.4,A,15.0
14377,low,2,7.0,8.0,1.5,C,-100.0
14378,low,2,16.0,4.0,6.9,C,8.2
14379,none,2,22.0,2.0,9.8,A,11.5
14380,low,3,3.0,25.0,3.4,A,-9.6
14381,,0,4.0,34.0,1.5,A,-100.0
14382,none,3,9.0,5.0,8.6,C,6.1
14383,high,0,5.0,2.0,3.3,A,-100.0
14384,none,1,7.0,3.0,9.1,A,9.3
14385,medium,3,13.0,11.0,5.0,A,-3.9
14386,low,0,15.0,10.0,9.8,C,15.0
14387,none,2,2.0,8.0,8.4,B,5.9
14388,medium,2,5.0,2.0,7.0,A,7.9
14389,medium,4,7.0,23.0,4.7,A,-4.9
14390,low,2,33.0,16.0,4.7,B,-5.5
14391,low,1,6.0,36.0,8.4,A,15.0
14392,high,1,8.0,8.0,7.4,A,-100.0
14393,low,1,6.0,6.0,9.3,A,15.0
14394,high,0,7.0,14.0,5.3,A,-100.0
14395,none,2,3.0,0.0,3.3,A,-100.0
14396,high,4,6.0,13.0,9.7,A,-11.5
14397,none,5,29.0,12.0,4.7,A,-17.4
14398,high,4,3.0,7.0,5.1,D,-100.0
14399,low,3,3.0,17.0,3.7,A,-8.1
14400,none,5,10.0,10.0,8.2,A,3.7
14401,low,3,8.0,16.0,3.6,A,-9.1
14402,high,1,13.0,20.0,8.1,A,-100.0
14403,none,1,3.0,10.0,9.2,B,10.3
14404,low,1,6.0,12.0,8.6,B,15.0
14405,medium,3,11.0,14.0,6.9,A,6.8
14406,medium,2,1.0,0.0,6.7,A,6.7
14407,high,3,6.0,2.0,9.6,A,-12.1
14408,low,0,8.0,9.0,9.8,C,15.0
14409,high,2,17.0,28.0,5.4,A,-100.0
14410,medium,2,10.0,3.0,9.8,A,15.0
14411,low,1,22.0,3.0,9.6,A,15.0
14412,none,2,5.0,6.0,6.5,A,-4.9
14413,low,0,7.0,5.0,1.4,C,-100.0
14414,low,1,3.0,7.0,9.6,B,15.0
14415,low,1,15.0,26.0,1.6,A,-100.0
14416,none,3,4.0,14.0,8.3,A,5.1
14417,low,3,6.0,6.0,9.7,D,15.0
14418,low,3,13.0,14.0,4.3,A,-5.8
14419,medium,1,15.0,8.0,9.8,D,15.0
14420,medium,5,26.0,6.0,6.2,A,1.2
14421,high,3,7.0,3.0,8.6,C,-17.7
14422,none,1,2.0,24.0,7.1,A,-1.0
14423,medium,1,12.0,4.0,8.0,A,12.9
14424,low,2,2.0,8.0,3.9,C,-6.9
14425,high,1,27.0,8.0,9.4,A,-15.0
14426,high,1,7.0,4.0,9.5,A,-12.5
14427,high,2,6.0,17.0,1.9,A,-100.0
14428,none,1,13.0,4.0,1.4,A,-100.0
14429,medium,1,5.0,2.0,9.5,A,15.0
14430,low,2,11.0,19.0,2.3,A,-16.5
14431,medium,3,28.0,18.0,6.9,A,5.1
14432,high,1,7.0,5.0,5.7,A,-100.0
14433,low,1,3.0,9.0,7.9,B,15.0
14434,high,2,21.0,8.0,9.9,C,-11.8
14435,low,1,19.0,23.0,4.8,A,-3.4
14436,low,3,3.0,8.0,2.2,A,-16.4
14437,low,1,9.0,23.0,6.8,A,8.6
14438,low,1,26.0,5.0,9.0,C,15.0
14439,medium,3,29.0,17.0,9.2,A,15.0
14440,high,1,19.0,15.0,7.9,A,-100.0
14441,low,0,4.0,1.0,9.5,A,15.0
14442,high,1,7.0,5.0,5.1,D,-100.0
14443,medium,2,9.0,3.0,1.8,A,-100.0
14444,medium,2,8.0,4.0,8.9,C,15.0
14445,high,1,2.0,1.0,2.6,C,-100.0
14446,high,2,5.0,0.0,3.1,A,-100.0
14447,high,2,18.0,7.0,4.1,A,-100.0
14448,low,1,10.0,2.0,8.5,A,15.0
14449,,6,5.0,7.0,5.6,A,-10.2
14450,medium,0,7.0,30.0,2.9,A,-14.3
14451,low,3,6.0,26.0,4.6,A,-3.3
14452,high,2,11.0,12.0,1.6,A,-100.0
14453,low,2,21.0,8.0,8.7,A,15.0
14454,none,1,3.0,12.0,9.3,A,10.9
14455,low,1,4.0,6.0,9.6,A,15.0
14456,high,5,9.0,2.0,3.4,A,-100.0
14457,high,1,6.0,0.0,7.1,A,-100.0
14458,high,1,6.0,0.0,2.5,A,-100.0
14459,low,2,21.0,1.0,8.1,C,14.3
14460,none,2,16.0,50.0,1.1,B,-100.0
14461,low,0,2.0,0.0,8.9,A,15.0
14462,none,0,3.0,3.0,8.8,A,8.1
14463,medium,0,2.0,29.0,8.4,B,15.0
14464,high,2,6.0,3.0,8.7,A,-16.9
14465,high,1,9.0,3.0,8.8,C,-16.6
14466,high,1,4.0,8.0,1.2,D,-100.0
14467,high,1,2.0,3.0,2.1,A,-100.0
14468,none,5,2.0,2.0,3.6,C,-100.0
14469,low,2,16.0,12.0,2.1,A,-18.1
14470,low,6,4.0,4.0,5.9,A,3.5
14471,high,3,4.0,12.0,9.1,A,-14.5
14472,medium,2,8.0,4.0,8.2,A,14.3
14473,high,2,6.0,3.0,9.5,C,-12.5
14474,none,1,17.0,8.0,3.7,A,-100.0
14475,none,2,3.0,5.0,8.5,B,6.3
14476,medium,3,4.0,43.0,9.1,A,15.0
14477,low,2,8.0,4.0,2.9,A,-13.0
14478,medium,1,14.0,7.0,8.3,A,14.4
14479,none,1,6.0,6.0,9.2,A,10.0
14480,medium,1,8.0,13.0,1.8,C,-100.0
14481,medium,1,9.0,3.0,3.1,B,-13.8
14482,high,3,16.0,1.0,9.1,A,-15.8
14483,none,0,3.0,22.0,7.5,C,1.2
14484,low,1,5.0,4.0,1.0,A,-100.0
14485,high,5,6.0,1.0,8.6,B,-17.8
14486,none,0,16.0,0.0,1.0,A,-100.0
14487,low,1,4.0,7.0,4.2,B,-5.3
14488,low,0,19.0,5.0,9.1,B,15.0
14489,high,3,14.0,4.0,5.8,C,-100.0
14490,none,2,1.0,9.0,9.1,A,9.8
14491,none,0,7.0,22.0,6.4,A,-5.3
14492,high,4,,3.0,2.6,C,
14493,low,2,3.0,14.0,6.6,C,7.9
14494,low,0,3.0,7.0,8.6,A,15.0
14495,high,3,4.0,8.0,3.5,B,-100.0
14496,none,1,9.0,2.0,9.1,A,9.1
14497,high,1,9.0,7.0,7.5,A,-100.0
14498,medium,1,8.0,8.0,9.4,A,15.0
14499,medium,1,8.0,1.0,5.6,C,0.0
14500,none,0,13.0,1.0,4.2,B,-18.2
14501,low,2,3.0,26.0,8.7,A,15.0
14502,medium,1,3.0,36.0,1.5,C,-100.0
14503,low,1,1.0,2.0,8.3,A,15.0
14504,none,2,36.0,3.0,6.9,A,-5.8
14505,medium,1,3.0,1.0,8.3,C,15.0
14506,medium,2,15.0,41.0,7.4,A,9.5
14507,none,1,20.0,1.0,9.0,A,7.4
14508,high,4,5.0,40.0,7.9,A,-100.0
14509,high,0,12.0,24.0,9.8,C,-11.1
14510,high,2,4.0,12.0,8.3,B,-18.8
14511,low,2,15.0,8.0,8.1,C,14.9
14512,high,1,3.0,24.0,9.9,A,-9.7
14513,none,1,6.0,4.0,9.3,A,10.5
14514,high,0,12.0,3.0,6.2,A,-100.0
14515,low,2,7.0,17.0,4.3,A,-5.1
14516,medium,0,9.0,14.0,2.5,A,-16.9
14517,low,1,9.0,6.0,3.3,A,-10.8
14518,medium,4,7.0,10.0,9.0,D,15.0
14519,low,0,5.0,1.0,8.3,A,
14520,none,0,19.0,7.0,9.5,C,10.4
14521,low,1,7.0,9.0,3.7,A,-8.4
14522,low,3,3.0,3.0,3.6,A,-8.8
14523,medium,2,2.0,1.0,3.3,A,-12.1
14524,low,4,5.0,5.0,8.6,B,15.0
14525,low,3,9.0,6.0,6.1,A,4.4
14526,medium,0,2.0,20.0,9.2,C,15.0
14527,low,2,7.0,18.0,6.2,A,5.4
14528,high,0,3.0,7.0,6.1,A,-100.0
14529,medium,0,3.0,1.0,9.8,B,15.0
14530,none,0,8.0,28.0,9.6,A,12.3
14531,medium,0,8.0,1.0,6.2,C,3.4
14532,none,3,27.0,3.0,1.5,A,-100.0
14533,high,2,25.0,37.0,8.6,C,-19.0
14534,low,1,7.0,8.0,8.8,A,15.0
14535,low,0,3.0,4.0,9.0,A,15.0
14536,,1,15.0,33.0,2.1,C,-100.0
14537,low,2,8.0,6.0,8.3,B,15.0
14538,medium,5,2.0,24.0,9.4,A,15.0
14539,high,1,5.0,20.0,9.7,A,-11.1
14540,high,0,4.0,1.0,9.5,C,-12.1
14541,low,3,34.0,6.0,9.6,C,15.0
14542,high,1,8.0,3.0,3.7,A,-100.0
14543,high,0,2.0,3.0,8.3,A,-18.5
14544,high,0,9.0,14.0,5.5,A,-100.0
14545,low,0,30.0,1.0,10.0,C,15.0
14546,high,2,12.0,1.0,8.4,A,-19.2
14547,low,1,2.0,12.0,9.7,A,15.0
14548,none,0,18.0,1.0,9.4,B,9.9
14549,medium,0,19.0,2.0,3.5,C,-12.5
14550,medium,2,14.0,2.0,8.2,A,13.6
14551,none,1,40.0,9.0,8.5,A,2.7
14552,none,2,1.0,7.0,2.9,C,-100.0
14553,high,2,19.0,35.0,2.4,A,-100.0
14554,high,2,4.0,1.0,1.0,A,-100.0
14555,high,2,11.0,8.0,9.6,C,-12.4
14556,medium,1,9.0,7.0,3.5,A,-11.5
14557,high,1,9.0,4.0,3.1,A,-100.0
14558,low,2,1.0,36.0,1.1,C,-100.0
14559,high,2,3.0,9.0,8.4,A,-18.2
14560,medium,0,8.0,13.0,2.4,A,-17.3
14561,low,4,24.0,4.0,1.6,B,-100.0
14562,none,0,31.0,29.0,8.5,A,3.9
14563,high,1,9.0,14.0,9.0,A,-15.4
14564,low,0,6.0,2.0,8.7,A,15.0
14565,high,1,3.0,2.0,3.6,C,-100.0
14566,medium,0,13.0,1.0,3.9,A,-9.7
14567,medium,4,11.0,8.0,9.4,C,15.0
14568,high,1,6.0,15.0,8.9,A,-15.6
14569,high,2,2.0,4.0,8.1,A,-19.8
14570,low,1,5.0,9.0,7.3,A,11.6
14571,low,0,32.0,12.0,9.7,B,15.0
14572,medium,5,16.0,6.0,3.8,C,-11.0
14573,low,1,6.0,5.0,5.1,A,-0.6
14574,medium,3,10.0,0.0,4.9,A,-4.2
14575,high,1,3.0,8.0,4.4,A,-100.0
14576,medium,1,12.0,18.0,2.8,C,-15.6
14577,medium,1,11.0,19.0,8.4,A,15.0
14578,low,1,4.0,8.0,3.6,A,-8.6
14579,medium,0,6.0,1.0,5.9,B,2.0
14580,low,1,20.0,17.0,7.7,A,12.4
14581,medium,2,13.0,2.0,8.8,A,15.0
14582,low,1,9.0,6.0,9.6,C,15.0
14583,medium,1,8.0,5.0,8.4,A,15.0
14584,medium,2,32.0,5.0,7.9,A,10.2
14585,high,2,6.0,8.0,3.0,A,-100.0
14586,,1,2.0,1.0,2.4,C,-100.0
14587,medium,1,3.0,16.0,2.3,C,-17.5
14588,low,1,6.0,0.0,4.2,A,-5.6
14589,high,2,10.0,12.0,7.2,A,-100.0
14590,high,0,7.0,13.0,3.5,A,-100.0
14591,low,1,8.0,44.0,8.6,A,15.0
14592,none,4,,18.0,2.5,C,
14593,low,0,17.0,26.0,7.3,A,10.7
14594,medium,4,7.0,15.0,5.8,A,1.1
14595,high,2,4.0,5.0,7.6,C,-100.0
14596,none,0,3.0,0.0,6.8,A,-2.9
14597,none,3,2.0,10.0,6.0,B,-7.4
14598,high,1,5.0,18.0,8.8,C,-16.0
14599,none,4,18.0,11.0,6.5,A,-6.3
14600,low,1,6.0,2.0,1.7,A,-19.3
14601,high,3,3.0,6.0,9.2,A,-13.9
14602,low,0,10.0,2.0,9.6,B,15.0
14603,medium,1,16.0,1.0,9.5,A,15.0
14604,high,0,1.0,44.0,6.8,A,-100.0
14605,medium,0,9.0,1.0,9.7,C,15.0
14606,high,1,15.0,16.0,6.2,A,-100.0
14607,low,0,10.0,4.0,8.9,A,15.0
14608,high,1,17.0,3.0,1.6,A,-100.0
14609,none,1,17.0,11.0,9.6,A,11.1
14610,none,4,7.0,7.0,5.6,A,-10.2
14611,none,1,3.0,21.0,8.8,A,8.2
14612,medium,0,21.0,1.0,1.8,A,-100.0
14613,medium,2,18.0,5.0,9.8,A,15.0
14614,medium,3,13.0,10.0,2.8,A,-16.0
14615,high,2,6.0,6.0,3.7,B,-100.0
14616,medium,2,26.0,4.0,7.7,A,9.7
14617,medium,0,5.0,27.0,7.1,A,8.9
14618,,1,9.0,1.0,3.0,A,-100.0
14619,none,1,7.0,11.0,4.5,A,-15.9
14620,,0,25.0,2.0,1.3,A,-100.0
14621,low,4,13.0,20.0,6.7,A,7.3
14622,medium,1,12.0,0.0,6.6,A,5.1
14623,medium,0,7.0,50.0,8.3,B,15.0
14624,,2,6.0,1.0,1.7,A,-100.0
14625,low,2,3.0,19.0,3.7,A,-8.0
14626,high,1,6.0,4.0,8.0,A,-100.0
14627,medium,1,4.0,9.0,9.9,C,15.0
14628,high,2,11.0,47.0,9.7,B,-11.5
14629,high,1,12.0,17.0,2.6,A,-100.0
14630,none,0,8.0,23.0,6.5,B,-4.8
14631,low,1,1.0,18.0,9.4,A,15.0
14632,medium,3,15.0,6.0,9.9,A,15.0
14633,low,2,12.0,2.0,1.2,A,-100.0
14634,high,1,13.0,2.0,8.8,A,-17.0
14635,low,1,0.0,16.0,1.2,B,-100.0
14636,medium,1,12.0,13.0,2.5,C,-17.3
14637,medium,0,5.0,1.0,2.2,A,-18.3
14638,high,0,20.0,5.0,9.9,A,-11.5
14639,low,2,26.0,9.0,8.2,A,14.4
14640,low,1,16.0,3.0,1.7,B,-100.0
14641,none,3,15.0,12.0,2.8,A,-100.0
14642,low,1,11.0,2.0,8.1,B,15.0
14643,medium,5,10.0,49.0,9.5,C,15.0
14644,low,3,2.0,16.0,9.4,A,15.0
14645,low,2,6.0,9.0,9.8,A,15.0
14646,low,3,4.0,23.0,2.1,A,-16.9
14647,medium,1,3.0,19.0,7.5,A,11.2
14648,low,1,10.0,13.0,9.2,A,15.0
14649,medium,0,17.0,10.0,6.3,A,3.2
14650,high,3,12.0,6.0,8.2,C,-100.0
14651,none,0,6.0,17.0,1.2,A,-100.0
14652,none,2,3.0,13.0,8.3,A,5.3
14653,none,1,11.0,8.0,5.4,B,-11.4
14654,low,0,12.0,12.0,8.5,A,15.0
14655,medium,2,13.0,5.0,2.8,A,-15.9
14656,low,3,10.0,4.0,9.1,B,15.0
14657,high,1,15.0,9.0,9.2,A,-14.9
14658,none,2,7.0,5.0,5.0,A,-13.3
14659,medium,1,9.0,35.0,9.9,C,15.0
14660,high,2,3.0,3.0,7.1,A,-100.0
14661,low,0,13.0,0.0,9.6,C,15.0
14662,low,0,24.0,4.0,9.8,C,15.0
14663,low,0,3.0,19.0,9.3,A,15.0
14664,none,1,22.0,15.0,9.7,A,11.2
14665,low,0,6.0,18.0,8.6,C,15.0
14666,low,1,13.0,14.0,8.6,C,15.0
14667,medium,1,1.0,50.0,2.4,C,-16.4
14668,high,1,15.0,2.0,9.0,B,-16.1
14669,none,0,8.0,0.0,1.9,B,-100.0
14670,medium,0,9.0,5.0,8.5,A,15.0
14671,medium,1,4.0,31.0,9.2,D,15.0
14672,low,0,3.0,2.0,9.2,A,15.0
14673,low,0,10.0,6.0,2.6,A,-14.6
14674,high,1,6.0,3.0,6.0,A,-100.0
14675,low,3,5.0,1.0,8.8,A,15.0
14676,low,2,3.0,27.0,5.5,C,2.0
14677,low,2,12.0,4.0,8.4,B,15.0
14678,medium,1,10.0,13.0,5.7,A,0.5
14679,high,0,10.0,3.0,2.3,C,-100.0
14680,none,0,2.0,4.0,3.1,A,-100.0
14681,low,2,9.0,6.0,4.7,A,-3.2
14682,high,0,,5.0,2.8,C,
14683,high,0,3.0,9.0,8.3,A,-18.6
14684,low,4,9.0,2.0,3.1,A,-12.2
14685,low,1,,7.0,3.8,C,
14686,high,4,5.0,2.0,4.6,D,-100.0
14687,none,1,7.0,6.0,7.5,B,0.5
14688,low,0,7.0,34.0,9.7,A,15.0
14689,low,1,13.0,14.0,8.7,A,15.0
14690,low,2,2.0,8.0,5.5,A,1.9
14691,low,3,4.0,6.0,5.0,A,-1.1
14692,low,2,10.0,4.0,1.2,A,-100.0
14693,none,2,14.0,1.0,5.5,C,-11.3
14694,low,3,4.0,10.0,10.0,D,15.0
14695,low,2,11.0,0.0,4.6,C,-4.0
14696,high,3,10.0,26.0,3.2,A,-100.0
14697,low,6,4.0,12.0,7.9,B,14.6
14698,medium,3,2.0,3.0,2.6,D,-16.0
14699,high,1,7.0,7.0,3.4,A,-100.0
14700,none,1,1.0,6.0,3.6,A,-100.0
14701,low,2,10.0,17.0,5.8,A,2.9
14702,medium,2,19.0,24.0,4.2,A,-8.6
14703,low,1,3.0,3.0,4.5,B,-3.6
14704,high,1,10.0,10.0,9.5,B,-12.7
14705,low,0,9.0,0.0,9.8,A,15.0
14706,low,1,12.0,17.0,4.5,C,-4.4
14707,medium,2,11.0,17.0,1.4,A,-100.0
14708,high,0,13.0,23.0,6.4,C,-100.0
14709,none,3,4.0,9.0,8.1,A,3.9
14710,high,2,13.0,16.0,3.1,D,-100.0
14711,high,0,12.0,16.0,9.3,A,-13.9
14712,medium,2,3.0,23.0,8.8,A,15.0
14713,medium,2,2.0,27.0,9.2,A,15.0
14714,,3,10.0,1.0,3.2,A,-100.0
14715,low,2,15.0,1.0,6.0,C,3.3
14716,high,2,20.0,8.0,7.7,B,-100.0
14717,medium,2,18.0,3.0,2.2,A,-19.7
14718,low,0,25.0,7.0,9.7,A,15.0
14719,low,2,6.0,47.0,3.7,A,-8.0
14720,medium,3,7.0,6.0,3.1,C,-13.8
14721,low,3,17.0,34.0,2.5,C,-15.9
14722,medium,2,13.0,1.0,5.4,C,-1.7
14723,low,2,1.0,23.0,7.9,A,15.0
14724,medium,2,7.0,2.0,9.0,A,15.0
14725,medium,3,4.0,7.0,5.3,A,-1.4
14726,medium,1,7.0,10.0,6.6,A,5.7
14727,none,2,9.0,2.0,3.5,A,-100.0
14728,low,5,24.0,18.0,9.0,A,15.0
14729,high,1,13.0,2.0,5.5,A,-100.0
14730,medium,2,3.0,6.0,1.3,D,-100.0
14731,low,0,9.0,44.0,8.4,A,15.0
14732,medium,0,5.0,19.0,2.0,A,-19.2
14733,low,2,13.0,9.0,7.3,A,10.7
14734,medium,1,21.0,31.0,9.9,A,15.0
14735,high,2,13.0,23.0,8.2,C,-100.0
14736,medium,0,7.0,44.0,8.9,A,15.0
14737,medium,3,1.0,2.0,6.6,C,6.0
14738,high,0,17.0,1.0,9.4,A,-14.0
14739,high,3,8.0,10.0,8.4,A,-18.8
14740,high,2,10.0,2.0,3.8,A,-100.0
14741,high,2,16.0,4.0,2.0,A,-100.0
14742,low,1,18.0,4.0,7.7,C,12.5
14743,low,1,1.0,0.0,3.2,B,-10.6
14744,,2,3.0,40.0,4.0,C,-18.1
14745,low,1,14.0,3.0,3.4,A,-10.8
14746,low,2,1.0,27.0,6.4,A,7.2
14747,low,2,5.0,8.0,4.8,C,-2.2
14748,high,0,3.0,8.0,7.1,A,-100.0
14749,low,0,28.0,0.0,4.2,D,-7.7
14750,low,4,17.0,18.0,1.3,A,-100.0
14751,high,0,9.0,1.0,7.1,A,-100.0
14752,medium,1,10.0,17.0,1.9,A,-100.0
14753,none,3,4.0,14.0,2.2,B,-100.0
14754,medium,0,9.0,3.0,5.6,A,0.1
14755,medium,3,11.0,5.0,5.0,A,-3.7
14756,high,1,5.0,12.0,5.3,A,-100.0
14757,high,2,27.0,5.0,6.6,A,-100.0
14758,medium,3,16.0,2.0,9.6,C,15.0
14759,low,2,7.0,12.0,7.9,A,14.7
14760,medium,0,9.0,40.0,2.0,A,-19.4
14761,none,1,8.0,5.0,5.4,D,-11.2
14762,high,1,4.0,1.0,9.6,A,-11.7
14763,low,0,11.0,18.0,9.5,A,15.0
14764,medium,2,6.0,19.0,9.2,A,15.0
14765,low,0,9.0,10.0,10.0,A,15.0
14766,none,1,28.0,16.0,8.2,B,2.4
14767,low,3,9.0,23.0,2.3,A,-16.3
14768,none,0,29.0,3.0,8.2,A,2.2
14769,low,1,7.0,12.0,2.3,C,-16.0
14770,high,0,6.0,16.0,1.0,A,-100.0
14771,medium,2,6.0,13.0,3.5,A,-11.3
14772,high,0,21.0,6.0,9.6,C,-13.2
14773,high,0,23.0,9.0,2.7,A,-100.0
14774,high,3,7.0,19.0,8.6,A,-17.5
14775,high,1,6.0,16.0,9.4,C,-12.8
14776,low,3,12.0,4.0,4.5,B,-4.7
14777,low,1,18.0,3.0,9.0,A,15.0
14778,low,1,5.0,11.0,8.0,A,15.0
14779,medium,1,7.0,6.0,9.4,A,15.0
14780,none,0,21.0,3.0,6.4,A,-6.9
14781,none,1,17.0,2.0,4.0,A,-19.8
14782,medium,3,,4.0,8.8,C,
14783,high,2,21.0,2.0,5.7,A,-100.0
14784,low,2,21.0,1.0,3.7,A,-9.9
14785,high,3,7.0,5.0,4.1,A,-100.0
14786,medium,4,5.0,2.0,4.9,A,-3.8
14787,low,1,14.0,9.0,9.0,A,15.0
14788,,4,7.0,5.0,8.5,D,5.7
14789,medium,1,10.0,3.0,8.7,A,15.0
14790,medium,1,1.0,3.0,4.6,A,-4.8
14791,low,2,17.0,2.0,7.0,A,8.6
14792,high,1,13.0,11.0,1.1,A,-100.0
14793,low,2,4.0,50.0,8.8,A,15.0
14794,high,2,21.0,10.0,1.5,A,-100.0
14795,medium,0,5.0,25.0,8.9,D,15.0
14796,medium,0,7.0,1.0,9.6,B,15.0
14797,none,1,17.0,5.0,4.3,B,-18.1
14798,high,4,21.0,0.0,8.3,D,-100.0
14799,,2,16.0,7.0,2.6,A,-100.0
14800,high,1,5.0,43.0,8.9,A,-15.2
14801,medium,3,12.0,8.0,9.8,A,15.0
14802,medium,0,10.0,8.0,6.6,C,5.5
14803,none,3,7.0,19.0,4.4,A,-16.6
14804,high,1,1.0,7.0,7.4,A,-100.0
14805,low,2,4.0,8.0,2.8,A,-13.1
14806,medium,2,10.0,31.0,4.4,C,-6.6
14807,medium,0,28.0,5.0,9.8,C,15.0
14808,low,1,2.0,10.0,4.2,A,-5.1
14809,medium,1,7.0,12.0,3.6,A,-10.8
14810,high,1,4.0,1.0,8.2,A,-19.4
14811,medium,1,22.0,23.0,2.6,A,-17.6
14812,medium,1,3.0,4.0,9.1,A,15.0
14813,low,2,8.0,12.0,2.5,A,-15.1
14814,medium,1,,4.0,9.4,C,
14815,none,1,14.0,4.0,4.7,C,-15.6
14816,low,0,7.0,6.0,9.2,A,15.0
14817,none,2,15.0,4.0,9.0,A,7.8
14818,none,2,6.0,5.0,8.3,A,4.9
14819,low,1,8.0,8.0,9.6,A,15.0
14820,high,3,14.0,14.0,3.9,C,-100.0
14821,high,0,9.0,13.0,9.7,A,-11.4
14822,low,3,9.0,1.0,8.5,B,15.0
14823,high,4,16.0,2.0,9.2,A,-15.4
14824,medium,0,4.0,3.0,5.7,A,1.1
14825,high,2,10.0,3.0,6.7,C,-100.0
14826,medium,1,12.0,15.0,6.1,A,2.5
14827,high,2,12.0,3.0,9.3,A,-14.2
14828,medium,1,12.0,9.0,5.6,A,-0.3
14829,low,2,5.0,16.0,3.9,A,-7.1
14830,medium,4,10.0,13.0,4.5,B,-6.4
14831,none,3,14.0,7.0,9.3,A,9.5
14832,high,1,19.0,2.0,7.7,A,-100.0
14833,low,1,10.0,12.0,4.1,A,-6.4
14834,high,1,6.0,1.0,6.6,A,-100.0
14835,none,1,4.0,4.0,3.7,C,-100.0
14836,medium,0,3.0,49.0,7.7,A,12.7
14837,high,2,4.0,11.0,1.2,A,-100.0
14838,low,1,5.0,1.0,5.0,B,-1.1
14839,medium,1,14.0,16.0,9.8,B,15.0
14840,low,2,4.0,14.0,7.7,A,13.9
14841,medium,3,16.0,6.0,8.6,A,15.0
14842,none,1,5.0,1.0,7.5,A,0.7
14843,low,0,9.0,6.0,8.2,C,15.0
14844,none,1,5.0,21.0,7.5,B,0.9
14845,low,5,8.0,8.0,9.7,B,15.0
14846,medium,1,7.0,4.0,3.9,A,-9.2
14847,none,0,3.0,7.0,2.3,C,-100.0
14848,low,2,2.0,1.0,9.3,A,15.0
14849,low,1,5.0,0.0,7.4,C,12.1
14850,low,1,6.0,50.0,8.7,A,15.0
14851,medium,3,40.0,50.0,,D,
14852,none,3,3.0,50.0,1.1,A,-100.0
14853,none,3,4.0,15.0,2.6,A,-100.0
14854,medium,1,5.0,20.0,4.1,C,-7.7
14855,none,2,12.0,50.0,2.2,C,
14856,high,5,10.0,5.0,2.0,A,-100.0
14857,high,2,13.0,30.0,2.8,A,-100.0
14858,,1,14.0,5.0,5.7,B,-10.1
14859,medium,1,19.0,3.0,4.2,A,-8.7
14860,low,0,6.0,9.0,8.2,A,15.0
14861,high,2,4.0,5.0,2.3,A,-100.0
14862,none,0,14.0,43.0,9.2,A,9.6
14863,high,1,7.0,17.0,9.8,A,-10.7
14864,high,0,26.0,10.0,2.7,C,-100.0
14865,low,1,13.0,9.0,9.3,C,15.0
14866,,2,13.0,13.0,2.2,B,-100.0
14867,low,3,6.0,9.0,2.0,C,-17.8
14868,none,3,,5.0,4.3,C,
14869,high,3,7.0,4.0,3.3,C,-100.0
14870,medium,1,5.0,8.0,7.9,D,13.1
14871,low,4,8.0,6.0,3.8,A,-8.2
14872,medium,2,11.0,25.0,2.9,A,-15.0
14873,low,1,4.0,1.0,5.2,A,0.1
14874,medium,1,8.0,16.0,5.3,A,-1.5
14875,low,1,9.0,3.0,1.6,A,-100.0
14876,medium,0,13.0,16.0,9.1,A,15.0
14877,high,2,5.0,13.0,9.1,A,-14.5
14878,,3,9.0,0.0,6.2,A,-7.1
14879,high,7,30.0,1.0,8.6,B,-100.0
14880,medium,2,15.0,14.0,7.3,A,8.7
14881,high,1,4.0,11.0,3.5,A,-100.0
14882,medium,2,5.0,2.0,5.4,A,-0.9
14883,none,3,5.0,7.0,9.7,C,12.6
14884,low,2,2.0,20.0,2.5,A,-14.4
14885,medium,2,11.0,0.0,1.5,A,-100.0
14886,none,0,28.0,3.0,9.7,B,10.6
14887,high,2,9.0,10.0,2.1,C,-100.0
14888,low,2,8.0,16.0,7.2,C,10.8
14889,high,1,3.0,11.0,9.6,A,-11.5
14890,high,0,8.0,2.0,9.1,C,-14.7
14891,low,3,4.0,8.0,2.8,A,-13.2
14892,low,2,19.0,11.0,3.2,C,-12.4
14893,high,2,3.0,3.0,5.1,C,-100.0
14894,medium,4,7.0,16.0,8.1,C,13.7
14895,high,2,18.0,50.0,8.3,A,-19.8
14896,low,1,14.0,31.0,3.7,A,-8.8
14897,medium,0,7.0,12.0,6.8,D,6.9
14898,medium,2,6.0,3.0,2.4,C,-17.4
14899,medium,1,7.0,6.0,6.8,C,6.8
14900,high,1,1.0,26.0,3.0,D,-100.0
14901,none,0,10.0,37.0,9.4,A,11.1
14902,high,1,7.0,50.0,6.1,A,-100.0
14903,medium,1,22.0,2.0,1.3,A,-100.0
14904,high,0,15.0,5.0,8.0,C,-100.0
14905,medium,1,9.0,4.0,4.0,A,-8.8
14906,high,1,4.0,37.0,8.7,A,-16.3
14907,none,1,3.0,14.0,3.2,A,-100.0
14908,low,1,5.0,32.0,7.6,A,13.5
14909,low,0,9.0,13.0,7.5,C,12.5
14910,high,0,6.0,4.0,9.6,A,-11.8
14911,high,2,5.0,1.0,7.3,A,-100.0
14912,low,1,10.0,31.0,10.0,A,15.0
14913,medium,0,5.0,22.0,4.5,A,-5.4
14914,high,4,14.0,22.0,8.6,A,-18.3
14915,medium,0,5.0,2.0,9.8,A,15.0
14916,low,0,18.0,1.0,4.0,A,-7.8
14917,low,1,8.0,45.0,8.4,C,15.0
14918,high,1,5.0,7.0,7.8,A,-100.0
14919,low,2,2.0,1.0,2.2,D,-16.3
14920,low,1,9.0,7.0,1.9,B,-18.5
14921,low,1,18.0,24.0,8.8,A,15.0
14922,medium,1,2.0,9.0,3.6,A,-10.3
14923,low,1,22.0,7.0,6.7,A,6.6
14924,high,1,5.0,15.0,9.5,D,-12.2
14925,medium,5,10.0,7.0,5.6,C,-0.5
14926,none,3,8.0,4.0,8.4,A,5.1
14927,high,4,7.0,4.0,6.3,C,-100.0
14928,high,2,22.0,50.0,8.1,A,-100.0
14929,medium,0,6.0,22.0,1.8,A,-100.0
14930,medium,5,5.0,44.0,6.5,A,5.3
14931,low,2,16.0,4.0,4.6,A,-4.5
14932,high,1,6.0,1.0,8.6,A,-17.4
14933,none,3,2.0,6.0,2.6,A,-100.0
14934,high,2,10.0,4.0,9.6,A,-12.4
14935,high,2,32.0,50.0,5.5,B,-100.0
14936,medium,1,6.0,12.0,1.3,A,-100.0
14937,,2,9.0,10.0,6.0,A,-8.0
14938,low,2,16.0,0.0,9.1,A,15.0
14939,high,2,1.0,20.0,3.2,A,-100.0
14940,medium,2,4.0,0.0,1.9,C,-100.0
14941,high,3,6.0,14.0,3.0,D,-100.0
14942,low,1,6.0,3.0,9.3,A,15.0
14943,none,0,8.0,11.0,3.1,B,-100.0
14944,medium,0,11.0,1.0,3.6,C,-11.2
14945,low,0,6.0,7.0,9.3,A,15.0
14946,none,3,12.0,5.0,2.5,B,-100.0
14947,medium,4,16.0,14.0,5.9,A,0.7
14948,high,1,3.0,11.0,7.8,C,-100.0
14949,low,0,16.0,5.0,4.3,A,-5.9
14950,high,0,7.0,5.0,5.1,A,-100.0
14951,none,0,11.0,8.0,8.6,A,6.3
14952,low,2,1.0,5.0,8.3,C,15.0
14953,low,2,15.0,2.0,8.2,A,15.0
14954,medium,4,5.0,5.0,2.5,B,-17.0
14955,medium,0,13.0,10.0,2.2,A,-19.0
14956,high,3,11.0,24.0,4.5,A,-100.0
14957,low,1,,15.0,9.1,C,
14958,medium,5,14.0,10.0,6.2,A,2.4
14959,none,1,3.0,6.0,5.0,A,-12.8
14960,low,1,4.0,29.0,9.0,C,15.0
14961,high,1,5.0,16.0,9.6,A,-11.6
14962,medium,4,9.0,24.0,3.3,A,-12.8
14963,low,2,6.0,5.0,8.6,A,15.0
14964,high,0,12.0,10.0,5.3,C,-100.0
14965,low,4,5.0,17.0,4.4,C,-4.5
14966,medium,0,10.0,4.0,4.3,A,-7.2
14967,high,1,1.0,2.0,3.2,B,-100.0
14968,medium,1,22.0,0.0,4.5,B,-7.4
14969,high,5,28.0,21.0,8.1,B,-100.0
14970,low,0,6.0,1.0,8.1,A,15.0
14971,medium,0,15.0,14.0,4.3,A,-7.6
14972,medium,3,6.0,41.0,10.0,A,15.0
14973,low,1,3.0,6.0,9.8,B,15.0
14974,high,1,9.0,1.0,8.9,A,-16.0
14975,high,1,22.0,16.0,2.0,A,-100.0
14976,none,0,6.0,5.0,8.0,A,3.4
14977,low,2,3.0,20.0,1.2,A,-100.0
14978,none,0,16.0,5.0,1.3,D,-100.0
14979,low,0,9.0,2.0,5.0,B,-1.4
14980,medium,0,5.0,2.0,6.6,A,5.9
14981,medium,0,5.0,2.0,9.2,A,15.0
14982,medium,1,6.0,3.0,7.2,A,9.1
14983,high,0,7.0,11.0,7.7,A,-100.0
14984,medium,1,14.0,9.0,4.8,B,-4.9
14985,none,2,9.0,3.0,9.7,C,12.3
14986,low,0,36.0,1.0,9.1,A,15.0
14987,high,0,22.0,1.0,5.4,A,-100.0
14988,low,1,4.0,20.0,4.1,A,-5.8
14989,low,1,6.0,27.0,3.6,A,-8.6
14990,medium,1,9.0,14.0,2.8,B,-15.3
14991,none,1,13.0,29.0,7.8,A,1.8
14992,high,1,9.0,15.0,9.8,A,-10.9
14993,medium,0,1.0,9.0,5.2,C,-1.3
14994,none,2,7.0,5.0,8.5,A,5.9
14995,low,3,25.0,13.0,6.5,A,5.1
14996,medium,0,7.0,5.0,1.9,B,-100.0
14997,low,1,9.0,16.0,8.5,A,15.0
14998,high,2,3.0,4.0,9.6,A,-11.7
14999,low,0,2.0,33.0,9.5,A,15.0
15000,high,1,2.0,2.0,9.5,A,-12.0
15001,,1,2.0,23.0,9.2,A,10.5
15002,low,1,11.0,2.0,6.4,C,6.0
15003,low,4,5.0,6.0,5.8,C,3.1
15004,medium,3,34.0,3.0,8.1,A,11.0
15005,high,3,12.0,23.0,8.2,C,-100.0
15006,high,2,10.0,1.0,3.9,A,-100.0
15007,high,2,7.0,1.0,9.8,A,-11.0
15008,high,2,24.0,16.0,2.7,D,-100.0
15009,medium,0,9.0,4.0,6.3,A,3.9
15010,high,1,8.0,0.0,5.8,C,-100.0
15011,low,2,7.0,0.0,7.2,A,10.7
15012,low,1,1.0,2.0,8.5,C,15.0
15013,medium,2,12.0,2.0,8.1,B,13.3
15014,medium,0,2.0,19.0,9.7,B,15.0
15015,medium,3,4.0,7.0,8.7,A,15.0
15016,low,0,1.0,13.0,1.1,A,-100.0
15017,high,4,8.0,12.0,5.8,A,-100.0
15018,high,2,6.0,21.0,9.9,A,-10.1
15019,low,1,16.0,34.0,9.2,A,15.0
15020,medium,2,13.0,4.0,3.4,A,-12.6
15021,low,2,13.0,35.0,5.8,A,2.8
15022,,2,7.0,3.0,1.4,A,-100.0
15023,none,1,13.0,7.0,1.9,B,-100.0
15024,medium,1,8.0,3.0,7.6,A,11.1
15025,low,1,,17.0,9.2,C,
15026,medium,2,17.0,3.0,6.1,D,1.8
15027,low,2,5.0,2.0,4.5,A,-3.9
15028,medium,0,3.0,3.0,8.6,A,15.0
15029,low,2,13.0,11.0,8.2,A,15.0
15030,high,1,6.0,2.0,2.7,A,-100.0
15031,none,4,24.0,14.0,8.4,A,3.5
15032,medium,1,9.0,3.0,8.8,A,15.0
15033,medium,2,10.0,3.0,1.6,A,-100.0
15034,high,0,7.0,9.0,1.8,A,-100.0
15035,medium,1,6.0,4.0,1.8,A,-100.0
15036,medium,0,5.0,9.0,7.7,A,12.1
15037,medium,0,7.0,11.0,9.4,C,15.0
15038,high,2,16.0,34.0,3.8,A,-100.0
15039,high,2,8.0,30.0,7.7,A,-100.0
15040,low,3,3.0,16.0,9.9,A,15.0
15041,low,2,8.0,1.0,9.3,C,15.0
15042,low,0,6.0,10.0,9.6,D,15.0
15043,low,2,9.0,27.0,9.8,C,15.0
15044,medium,1,5.0,25.0,8.0,A,13.8
15045,none,2,15.0,8.0,7.5,C,-0.4
15046,medium,2,7.0,7.0,8.3,A,14.9
15047,low,2,12.0,7.0,9.2,C,15.0
15048,low,0,16.0,16.0,10.0,A,15.0
15049,medium,0,18.0,16.0,6.2,A,2.6
15050,high,1,7.0,2.0,9.0,A,-15.3
15051,medium,0,5.0,5.0,7.9,C,13.1
15052,low,1,9.0,2.0,1.7,B,-19.6
15053,high,3,9.0,5.0,1.8,A,-100.0
15054,none,0,8.0,25.0,1.4,A,-100.0
15055,high,1,10.0,5.0,9.0,A,-15.6
15056,low,2,6.0,4.0,4.7,B,-2.9
15057,low,1,7.0,10.0,4.4,A,-4.5
15058,none,1,3.0,3.0,2.4,A,-100.0
15059,low,0,15.0,3.0,8.0,A,14.5
15060,none,2,9.0,9.0,4.2,A,-17.9
15061,high,2,7.0,4.0,8.6,A,-17.6
15062,low,1,10.0,16.0,9.4,A,15.0
15063,none,2,6.0,3.0,7.4,A,-0.1
15064,medium,1,4.0,47.0,7.2,A,9.7
15065,low,1,23.0,3.0,10.0,C,15.0
15066,low,1,20.0,34.0,6.6,B,6.5
15067,high,3,10.0,32.0,8.5,C,-18.2
15068,high,1,11.0,19.0,5.3,A,-100.0
15069,none,1,6.0,18.0,6.0,A,-7.5
15070,medium,1,7.0,1.0,9.9,A,15.0
15071,medium,1,13.0,6.0,3.6,A,-11.4
15072,none,1,2.0,7.0,5.6,A,-9.4
15073,medium,2,14.0,7.0,8.6,A,15.0
15074,high,1,8.0,6.0,2.1,A,-100.0
15075,low,0,13.0,43.0,1.1,A,-100.0
15076,high,0,2.0,22.0,4.9,A,-100.0
15077,medium,3,15.0,19.0,2.1,A,-19.9
15078,low,1,17.0,3.0,7.7,A,12.6
15079,,3,20.0,26.0,8.8,D,6.4
15080,low,2,0.0,6.0,9.8,A,15.0
15081,medium,1,8.0,3.0,6.0,A,2.3
15082,none,3,5.0,19.0,9.3,C,10.5
15083,high,3,22.0,1.0,5.8,A,-100.0
15084,low,0,3.0,15.0,5.2,A,0.5
15085,medium,2,14.0,27.0,9.5,A,15.0
15086,low,3,2.0,4.0,2.7,C,-13.6
15087,high,3,6.0,3.0,4.1,A,-100.0
15088,high,3,9.0,38.0,9.5,D,-12.6
15089,low,1,10.0,29.0,9.6,B,15.0
15090,medium,0,20.0,14.0,6.3,A,2.9
15091,none,2,2.0,2.0,7.0,A,-1.9
15092,low,0,12.0,7.0,2.1,A,-17.6
15093,high,2,8.0,1.0,2.3,A,-100.0
15094,medium,1,6.0,16.0,8.4,A,15.0
15095,high,1,17.0,32.0,4.6,A,-100.0
15096,high,0,22.0,12.0,6.6,B,-100.0
15097,low,6,11.0,6.0,9.9,A,15.0
15098,high,1,10.0,6.0,6.3,D,-100.0
15099,none,2,8.0,2.0,8.6,A,6.3
15100,low,2,10.0,8.0,3.7,A,-8.8
15101,none,1,5.0,12.0,5.6,A,-9.7
15102,medium,0,16.0,18.0,9.2,A,15.0
15103,high,2,5.0,13.0,6.7,A,-100.0
15104,low,6,11.0,0.0,1.6,C,-100.0
15105,low,1,5.0,25.0,4.4,A,-4.1
15106,medium,2,3.0,5.0,8.9,A,15.0
15107,low,3,11.0,3.0,2.8,A,-14.0
15108,medium,1,12.0,13.0,6.6,A,5.2
15109,none,2,10.0,2.0,9.1,A,8.9
15110,low,2,10.0,28.0,8.5,C,15.0
15111,high,1,20.0,10.0,9.4,C,-14.3
15112,none,2,13.0,17.0,3.2,A,-100.0
15113,high,4,22.0,9.0,8.3,A,-100.0
15114,high,1,,17.0,7.0,C,
15115,medium,3,2.0,2.0,9.8,A,15.0
15116,high,0,,14.0,6.1,C,
15117,medium,3,7.0,1.0,7.8,A,12.0
15118,none,2,5.0,20.0,8.9,A,8.5
15119,high,1,8.0,6.0,9.1,B,-14.8
15120,medium,2,21.0,7.0,3.7,A,-11.8
15121,medium,3,6.0,25.0,3.4,A,-11.8
15122,high,1,10.0,23.0,1.1,A,-100.0
15123,high,1,8.0,9.0,9.4,C,-13.1
15124,high,1,10.0,9.0,7.0,A,-100.0
15125,low,1,9.0,21.0,9.3,A,15.0
15126,low,3,10.0,15.0,8.1,A,15.0
15127,high,0,3.0,3.0,4.0,A,-100.0
15128,high,2,9.0,22.0,3.0,C,-100.0
15129,low,1,10.0,10.0,9.9,A,15.0
15130,,0,13.0,12.0,9.0,A,8.3
15131,medium,5,2.0,12.0,7.6,A,11.3
15132,high,4,8.0,8.0,9.7,A,-11.8
15133,medium,1,15.0,15.0,2.3,C,-18.7
15134,medium,2,3.0,9.0,8.2,A,14.8
15135,medium,0,2.0,2.0,9.6,A,15.0
15136,low,0,6.0,14.0,6.8,C,8.9
15137,high,5,16.0,2.0,4.8,A,-100.0
15138,high,1,9.0,11.0,7.3,A,-100.0
15139,low,2,19.0,14.0,9.5,A,15.0
15140,medium,2,7.0,50.0,3.7,A,-9.9
15141,medium,0,16.0,2.0,9.1,A,15.0
15142,medium,3,4.0,4.0,2.2,C,-18.4
15143,low,1,7.0,3.0,3.3,A,-10.6
15144,high,2,19.0,26.0,8.2,B,-100.0
15145,high,4,11.0,3.0,9.3,C,-14.3
15146,low,1,5.0,45.0,6.0,A,4.9
15147,none,4,14.0,9.0,6.6,B,-5.4
15148,low,2,9.0,3.0,9.3,B,15.0
15149,low,2,2.0,1.0,5.4,D,1.3
15150,low,3,4.0,1.0,9.7,A,15.0
15151,medium,4,6.0,12.0,6.0,A,2.2
15152,low,1,17.0,11.0,9.4,C,15.0
15153,low,0,4.0,21.0,10.0,A,15.0
15154,none,1,7.0,27.0,2.3,C,-100.0
15155,medium,0,29.0,27.0,9.1,D,15.0
15156,low,1,8.0,36.0,6.8,C,8.9
15157,low,1,9.0,0.0,4.8,B,-2.6
15158,low,2,6.0,4.0,3.0,A,-12.3
15159,low,4,9.0,4.0,9.2,D,15.0
15160,high,1,2.0,6.0,1.2,A,-100.0
15161,low,0,12.0,36.0,2.6,A,-14.5
15162,low,4,34.0,10.0,9.1,A,15.0
15163,low,1,4.0,11.0,8.8,A,15.0
15164,high,0,5.0,19.0,3.8,A,-100.0
15165,high,3,19.0,14.0,3.0,C,-100.0
15166,high,1,10.0,50.0,2.4,A,-100.0
15167,none,1,5.0,10.0,9.0,A,9.0
15168,high,3,10.0,1.0,6.0,A,-100.0
15169,high,2,25.0,8.0,8.2,A,-100.0
15170,low,1,5.0,1.0,3.5,C,-9.3
15171,low,1,7.0,5.0,7.2,D,10.8
15172,high,2,7.0,1.0,9.7,A,-11.5
15173,high,5,16.0,2.0,1.4,D,-100.0
15174,low,0,5.0,1.0,1.8,A,-18.6
15175,low,1,17.0,0.0,9.4,A,15.0
15176,high,1,1.0,11.0,3.7,D,
15177,low,3,3.0,2.0,4.3,D,-4.9
15178,low,0,2.0,27.0,6.0,A,5.1
15179,high,1,5.0,15.0,8.8,A,-16.1
15180,high,0,4.0,10.0,5.8,A,-100.0
15181,medium,1,2.0,10.0,9.8,A,15.0
15182,high,2,13.0,1.0,6.9,A,-100.0
15183,none,1,4.0,5.0,9.7,C,12.9
15184,medium,1,16.0,18.0,8.2,A,13.7
15185,none,4,14.0,3.0,9.0,A,7.7
15186,medium,5,13.0,10.0,9.6,A,15.0
15187,high,1,9.0,1.0,9.5,A,-12.7
15188,high,1,4.0,3.0,2.1,A,-100.0
15189,high,1,8.0,9.0,8.6,A,-17.5
15190,high,3,7.0,9.0,3.5,A,-100.0
15191,high,1,10.0,3.0,9.9,A,-10.6
15192,low,1,21.0,7.0,6.3,A,4.5
15193,medium,3,7.0,16.0,5.2,D,-2.1
15194,high,3,29.0,23.0,8.9,A,-18.0
15195,low,2,1.0,3.0,4.3,A,-4.6
15196,high,3,6.0,13.0,1.9,A,-100.0
15197,medium,1,9.0,25.0,8.6,A,15.0
15198,high,2,12.0,7.0,6.2,C,-100.0
15199,low,3,4.0,17.0,8.4,A,15.0
15200,high,2,18.0,4.0,10.0,A,-11.0
15201,medium,2,11.0,10.0,8.9,A,15.0
15202,low,0,10.0,9.0,9.6,A,15.0
15203,high,2,33.0,23.0,7.2,A,-100.0
15204,medium,2,15.0,1.0,8.5,A,15.0
15205,low,0,14.0,2.0,6.4,A,5.8
15206,none,1,7.0,8.0,9.5,C,11.5
15207,low,1,5.0,3.0,6.1,A,5.0
15208,medium,2,21.0,6.0,2.5,A,-18.4
15209,high,0,5.0,13.0,2.8,A,-100.0
15210,medium,2,11.0,12.0,5.3,A,-1.9
15211,high,1,6.0,8.0,2.5,A,-100.0
15212,high,0,6.0,40.0,6.0,C,-100.0
15213,none,3,23.0,1.0,2.9,C,-100.0
15214,low,0,6.0,10.0,9.7,A,15.0
15215,none,3,12.0,20.0,2.9,A,-100.0
15216,high,3,11.0,4.0,8.9,C,-16.4
15217,low,1,14.0,2.0,8.9,C,15.0
15218,medium,2,4.0,19.0,9.9,A,15.0
15219,high,1,10.0,16.0,5.6,A,-100.0
15220,medium,2,5.0,2.0,8.4,A,15.0
15221,high,1,19.0,1.0,9.0,A,-16.5
15222,medium,1,3.0,26.0,9.2,C,15.0
15223,high,0,1.0,7.0,9.5,A,-11.8
15224,medium,0,4.0,0.0,9.0,B,15.0
15225,low,0,3.0,20.0,5.5,C,2.1
15226,none,2,6.0,0.0,9.9,A,13.6
15227,low,3,4.0,7.0,5.3,A,0.5
15228,high,1,2.0,50.0,,A,
15229,low,3,13.0,18.0,8.3,A,15.0
15230,low,1,2.0,7.0,4.5,A,-3.5
15231,none,3,2.0,5.0,3.6,A,-100.0
15232,none,1,8.0,4.0,9.4,B,10.8
15233,low,0,6.0,9.0,2.2,C,-16.4
15234,high,3,11.0,12.0,6.3,A,-100.0
15235,low,2,17.0,50.0,2.1,A,-17.9
15236,low,0,5.0,7.0,2.5,A,-14.7
15237,low,0,10.0,7.0,8.7,B,15.0
15238,high,3,,4.0,8.4,C,
15239,high,1,1.0,28.0,8.2,B,-18.8
15240,medium,5,4.0,0.0,8.9,A,15.0
15241,none,1,7.0,5.0,9.9,C,13.7
15242,,1,2.0,17.0,9.8,C,13.8
15243,low,1,9.0,3.0,9.5,A,15.0
15244,high,0,6.0,7.0,9.5,B,-12.3
15245,high,4,11.0,13.0,6.7,C,-100.0
15246,,0,6.0,2.0,9.5,B,11.7
15247,low,1,10.0,2.0,2.2,C,-17.0
15248,medium,0,16.0,8.0,1.9,A,-100.0
15249,low,4,5.0,10.0,1.7,C,-19.4
15250,high,0,7.0,1.0,8.4,A,-18.5
15251,high,1,5.0,10.0,2.1,C,-100.0
15252,low,0,3.0,49.0,9.7,D,15.0
15253,none,0,10.0,4.0,9.0,A,8.5
15254,low,3,31.0,18.0,4.4,A,-7.0
15255,none,6,16.0,2.0,7.9,A,1.3
15256,none,1,9.0,4.0,1.6,A,-100.0
15257,high,3,16.0,6.0,8.9,B,-16.9
15258,low,0,25.0,3.0,2.0,C,-19.5
15259,medium,2,7.0,2.0,5.3,A,-1.6
15260,high,1,6.0,10.0,1.4,C,-100.0
15261,medium,3,3.0,4.0,9.8,A,15.0
15262,low,0,7.0,1.0,1.6,A,-19.9
15263,low,0,21.0,13.0,9.6,A,15.0
15264,low,0,6.0,16.0,8.7,A,15.0
15265,none,2,10.0,4.0,6.2,A,-7.1
15266,medium,1,21.0,5.0,8.4,A,14.2
15267,low,0,12.0,8.0,9.6,A,15.0
15268,none,1,13.0,8.0,9.2,C,9.3
15269,high,1,6.0,4.0,3.6,C,-100.0
15270,none,2,7.0,5.0,3.6,A,-100.0
15271,low,1,5.0,6.0,7.0,A,10.0
15272,medium,1,11.0,6.0,4.6,A,-5.7
15273,medium,0,10.0,3.0,8.6,C,15.0
15274,medium,2,6.0,7.0,1.2,C,-100.0
15275,low,1,1.0,1.0,3.1,A,-11.1
15276,high,1,7.0,33.0,6.0,A,-100.0
15277,low,1,10.0,6.0,8.6,A,15.0
15278,high,1,,14.0,7.6,C,
15279,low,0,4.0,1.0,8.3,A,15.0
15280,low,3,3.0,12.0,8.5,A,15.0
15281,low,0,3.0,21.0,8.9,A,15.0
15282,low,0,16.0,17.0,8.7,A,15.0
15283,none,0,4.0,17.0,9.3,B,10.9
15284,medium,1,15.0,12.0,2.9,A,-15.4
15285,high,2,11.0,18.0,2.4,C,-100.0
15286,medium,2,14.0,7.0,4.8,B,-5.0
15287,low,1,6.0,1.0,9.5,C,15.0
15288,medium,1,8.0,10.0,8.5,A,15.0
15289,none,3,8.0,7.0,8.4,A,5.2
15290,high,0,6.0,14.0,2.1,A,-100.0
15291,medium,0,33.0,10.0,6.2,B,1.0
15292,medium,0,9.0,4.0,6.0,B,2.3
15293,low,3,16.0,26.0,2.4,A,-16.4
15294,high,0,6.0,7.0,8.8,C,-16.1
15295,none,2,10.0,25.0,4.1,A,-18.4
15296,low,1,16.0,4.0,9.8,A,15.0
15297,low,1,7.0,2.0,8.5,A,15.0
15298,low,3,15.0,9.0,2.2,C,-17.6
15299,low,1,7.0,15.0,1.2,C,-100.0
15300,high,2,5.0,6.0,9.7,D,-11.3
15301,medium,2,19.0,9.0,6.6,A,4.4
15302,low,1,9.0,2.0,8.1,C,15.0
15303,none,3,3.0,9.0,8.1,A,4.0
15304,high,0,5.0,1.0,5.7,A,-100.0
15305,low,1,14.0,37.0,1.7,A,-19.8
15306,high,1,7.0,3.0,7.3,D,-100.0
15307,low,2,8.0,13.0,1.7,A,-19.5
15308,none,0,10.0,16.0,1.6,A,-100.0
15309,low,2,3.0,2.0,4.8,A,-2.1
15310,high,2,3.0,27.0,2.8,B,-100.0
15311,,1,17.0,4.0,7.5,C,-0.5
15312,low,3,16.0,16.0,8.7,A,15.0
15313,high,2,4.0,8.0,1.1,A,-100.0
15314,medium,1,25.0,18.0,3.2,B,-14.7
15315,high,2,12.0,11.0,2.9,C,-100.0
15316,none,1,5.0,2.0,10.0,C,14.4
15317,high,1,6.0,22.0,8.9,A,-15.5
15318,high,3,9.0,2.0,9.6,B,-12.4
15319,high,0,8.0,1.0,2.2,C,-100.0
15320,high,1,6.0,0.0,8.8,D,-16.3
15321,none,1,40.0,5.0,8.2,A,1.1
15322,none,0,11.0,21.0,4.1,B,-18.3
15323,medium,1,8.0,7.0,3.4,B,-12.0
15324,low,2,8.0,2.0,9.6,A,15.0
15325,medium,0,19.0,7.0,6.7,A,5.1
15326,high,3,2.0,0.0,9.3,A,-13.4
15327,high,0,2.0,8.0,4.4,A,-100.0
15328,low,1,8.0,50.0,3.4,A,-9.7
15329,low,2,14.0,27.0,2.4,A,-16.1
15330,high,0,7.0,3.0,5.6,C,-100.0
15331,medium,3,2.0,14.0,3.6,A,-10.4
15332,high,1,40.0,9.0,3.7,A,-100.0
15333,high,2,10.0,2.0,1.1,A,-100.0
15334,low,0,14.0,5.0,1.2,A,-100.0
15335,none,1,26.0,5.0,5.2,D,-14.1
15336,high,1,4.0,1.0,9.6,A,-11.7
15337,none,4,18.0,24.0,8.1,D,2.6
15338,none,0,8.0,2.0,6.7,A,-3.9
15339,high,0,7.0,5.0,1.7,A,-100.0
15340,low,2,5.0,9.0,5.7,A,2.7
15341,low,2,9.0,27.0,10.0,A,15.0
15342,low,2,5.0,0.0,1.7,D,-19.3
15343,high,2,14.0,12.0,9.6,C,-12.7
15344,low,0,2.0,12.0,2.6,D,-13.8
15345,none,1,9.0,43.0,3.8,A,-19.7
15346,none,2,,9.0,3.6,C,
15347,none,2,15.0,7.0,2.7,A,-100.0
15348,none,1,18.0,7.0,7.5,A,-0.6
15349,high,2,11.0,15.0,3.8,A,-100.0
15350,low,1,3.0,18.0,8.3,C,15.0
15351,low,1,6.0,23.0,9.9,D,15.0
15352,high,0,17.0,0.0,3.2,A,-100.0
15353,medium,3,9.0,3.0,7.5,A,10.2
15354,high,5,1.0,14.0,9.6,A,-11.7
15355,medium,1,4.0,1.0,10.0,D,15.0
15356,high,6,14.0,10.0,2.7,A,-100.0
15357,medium,0,12.0,3.0,6.5,A,4.7
15358,low,2,8.0,19.0,8.7,D,15.0
15359,high,1,3.0,4.0,4.2,D,-100.0
15360,low,2,10.0,2.0,9.6,A,15.0
15361,high,1,22.0,16.0,6.3,A,-100.0
15362,none,2,5.0,2.0,2.5,A,-100.0
15363,low,1,7.0,13.0,5.6,A,2.1
15364,low,2,7.0,5.0,1.5,A,-100.0
15365,low,1,7.0,3.0,7.9,A,14.7
15366,medium,1,7.0,32.0,8.7,B,15.0
15367,medium,1,2.0,26.0,9.0,A,15.0
15368,medium,2,5.0,16.0,8.3,A,15.0
15369,low,1,8.0,11.0,8.5,A,15.0
15370,high,1,10.0,0.0,9.8,A,-11.2
15371,high,1,23.0,5.0,6.4,A,-100.0
15372,none,1,14.0,18.0,9.4,B,10.4
15373,none,0,1.0,1.0,2.2,A,-100.0
15374,none,0,6.0,6.0,6.4,A,-5.3
15375,low,0,6.0,14.0,2.6,B,-14.2
15376,medium,1,18.0,13.0,3.8,A,-10.7
15377,high,2,19.0,6.0,6.5,D,-100.0
15378,low,1,30.0,4.0,6.1,C,2.5
15379,low,1,1.0,1.0,8.3,C,15.0
15380,high,1,4.0,19.0,6.2,A,-100.0
15381,medium,0,9.0,1.0,6.5,A,5.0
15382,low,1,9.0,6.0,9.6,A,15.0
15383,none,1,7.0,7.0,9.3,A,10.4
15384,low,1,10.0,30.0,9.2,B,15.0
15385,low,3,1.0,3.0,8.3,C,15.0
15386,low,2,8.0,7.0,5.8,C,3.0
15387,low,2,2.0,11.0,6.9,A,9.7
15388,medium,1,9.0,10.0,7.1,A,8.3
15389,low,3,11.0,6.0,4.4,A,-5.1
15390,medium,0,2.0,4.0,5.5,B,0.2
15391,high,1,4.0,31.0,3.4,D,-100.0
15392,none,0,13.0,9.0,5.9,A,-8.8
15393,medium,2,18.0,10.0,8.4,A,14.4
15394,high,0,8.0,7.0,4.4,A,-100.0
15395,low,1,27.0,20.0,6.8,B,6.8
15396,low,0,24.0,25.0,3.2,A,-12.6
15397,none,5,6.0,7.0,7.7,A,1.3
15398,none,2,16.0,15.0,7.3,A,-1.5
15399,high,0,7.0,3.0,4.6,B,-100.0
15400,medium,3,20.0,3.0,1.1,A,-100.0
15401,medium,2,3.0,11.0,8.6,A,15.0
15402,high,2,6.0,11.0,8.7,A,-16.8
15403,low,1,35.0,14.0,7.1,A,7.6
15404,low,0,18.0,40.0,5.7,A,2.0
15405,high,0,9.0,1.0,3.4,A,-100.0
15406,medium,2,3.0,16.0,4.7,D,-4.4
15407,high,3,9.0,12.0,7.7,A,-100.0
15408,high,1,21.0,13.0,6.8,B,-100.0
15409,high,3,27.0,2.0,8.7,A,-19.1
15410,high,2,11.0,7.0,2.0,A,-100.0
15411,low,3,7.0,28.0,1.8,B,-18.8
15412,none,2,9.0,28.0,9.6,A,12.0
15413,low,1,5.0,20.0,6.6,A,7.9
15414,none,1,8.0,3.0,9.1,A,9.2
15415,none,1,7.0,7.0,4.8,A,-14.3
15416,high,2,2.0,4.0,8.8,B,-16.0
15417,medium,4,7.0,11.0,8.9,C,15.0
15418,medium,1,8.0,5.0,9.4,A,15.0
15419,low,0,4.0,34.0,3.3,A,-9.9
15420,high,1,3.0,2.0,9.6,B,-11.6
15421,medium,1,3.0,18.0,8.7,A,15.0
15422,medium,1,10.0,7.0,7.2,A,8.7
15423,low,0,10.0,15.0,1.4,C,-100.0
15424,none,1,7.0,3.0,3.5,A,-100.0
15425,high,2,,35.0,8.7,C,
15426,medium,2,4.0,8.0,9.5,A,15.0
15427,low,2,15.0,5.0,8.1,A,14.9
15428,medium,3,11.0,10.0,8.5,A,15.0
15429,medium,1,4.0,31.0,9.4,D,15.0
15430,low,2,15.0,14.0,7.7,A,12.8
15431,high,2,5.0,10.0,9.2,A,-14.0
15432,low,1,26.0,20.0,9.8,A,15.0
15433,none,0,9.0,0.0,3.9,A,-19.5
15434,low,0,8.0,3.0,1.2,A,-100.0
15435,high,2,10.0,3.0,8.5,A,-18.4
15436,low,3,23.0,38.0,8.0,A,13.8
15437,low,1,12.0,50.0,9.3,A,15.0
15438,medium,2,20.0,4.0,1.3,A,-100.0
15439,high,2,6.0,27.0,3.3,D,-100.0
15440,medium,2,18.0,12.0,8.6,A,15.0
15441,high,1,16.0,4.0,9.0,A,-16.2
15442,low,1,5.0,5.0,1.1,A,-100.0
15443,medium,0,8.0,1.0,2.6,A,-16.4
15444,low,1,5.0,16.0,6.4,A,6.8
15445,none,1,20.0,7.0,8.5,B,4.7
15446,medium,1,5.0,0.0,7.1,A,8.6
15447,low,3,14.0,3.0,8.4,C,15.0
15448,none,0,12.0,26.0,5.9,C,-8.5
15449,low,2,27.0,11.0,9.5,A,15.0
15450,low,4,5.0,5.0,6.3,A,5.8
15451,high,3,5.0,10.0,7.6,C,-100.0
15452,medium,1,7.0,17.0,4.5,A,-5.8
15453,low,1,4.0,18.0,7.5,C,12.9
15454,medium,1,28.0,8.0,5.2,A,-4.1
15455,high,0,3.0,33.0,3.8,A,-100.0
15456,medium,0,16.0,0.0,1.2,A,-100.0
15457,low,0,,2.0,3.0,C,
15458,medium,2,1.0,7.0,9.0,A,15.0
15459,none,0,19.0,16.0,7.3,C,-1.6
15460,medium,1,10.0,25.0,8.1,C,13.8
15461,low,4,17.0,25.0,2.8,A,-14.5
15462,none,2,3.0,13.0,5.3,A,-11.2
15463,medium,1,31.0,1.0,5.7,A,-1.7
15464,medium,0,10.0,4.0,2.3,C,-18.2
15465,medium,1,16.0,4.0,1.3,C,-100.0
15466,high,5,10.0,21.0,3.3,A,-100.0
15467,low,2,11.0,9.0,9.0,A,15.0
15468,high,0,6.0,2.0,6.1,C,-100.0
15469,none,1,10.0,15.0,1.8,C,-100.0
15470,high,4,23.0,1.0,2.7,B,-100.0
15471,low,1,13.0,10.0,5.2,A,-0.7
15472,low,2,28.0,28.0,9.0,A,15.0
15473,none,1,14.0,18.0,7.3,A,-1.2
15474,medium,4,5.0,50.0,1.5,A,-100.0
15475,high,0,21.0,8.0,3.0,A,-100.0
15476,low,2,9.0,3.0,9.8,A,15.0
15477,low,0,12.0,0.0,8.7,C,15.0
15478,medium,5,20.0,1.0,2.5,A,-18.6
15479,high,2,23.0,4.0,9.3,B,-15.3
15480,medium,1,7.0,24.0,4.6,A,-5.1
15481,high,1,24.0,22.0,3.2,A,
15482,medium,3,13.0,3.0,2.2,C,-19.3
15483,medium,0,5.0,5.0,9.2,A,15.0
15484,low,0,12.0,7.0,1.0,C,-100.0
15485,low,1,5.0,19.0,9.5,A,15.0
15486,low,0,2.0,22.0,7.2,C,11.6
15487,high,0,7.0,5.0,6.1,A,-100.0
15488,low,3,4.0,7.0,3.8,A,-7.7
15489,medium,2,9.0,8.0,8.6,A,15.0
15490,medium,0,2.0,6.0,8.1,A,14.5
15491,high,0,5.0,3.0,3.6,A,-100.0
15492,none,2,9.0,18.0,4.2,A,-17.8
15493,,3,5.0,25.0,8.5,A,6.2
15494,,1,14.0,4.0,1.8,A,-100.0
15495,low,4,8.0,12.0,2.3,A,-16.4
15496,medium,4,13.0,6.0,4.2,A,-8.4
15497,medium,1,7.0,39.0,6.9,A,7.7
15498,medium,0,13.0,32.0,8.6,A,15.0
15499,medium,2,5.0,6.0,8.9,A,15.0
15500,low,0,14.0,2.0,3.3,A,-11.2
15501,high,0,7.0,6.0,9.9,D,-10.2
15502,low,3,6.0,16.0,6.5,A,7.0
15503,none,0,6.0,4.0,1.5,A,-100.0
15504,medium,5,18.0,27.0,4.1,A,-9.4
15505,high,0,4.0,20.0,8.7,A,-16.3
15506,high,0,10.0,19.0,8.7,B,-16.9
15507,none,1,29.0,3.0,6.5,A,-7.2
15508,none,1,5.0,13.0,9.4,A,11.2
15509,low,0,5.0,10.0,9.4,A,15.0
15510,high,2,3.0,1.0,9.9,A,-10.0
15511,low,2,3.0,7.0,9.9,C,15.0
15512,high,1,7.0,6.0,7.4,D,-100.0
15513,medium,1,1.0,1.0,4.8,C,-3.7
15514,low,1,5.0,12.0,5.2,A,0.1
15515,high,3,4.0,19.0,1.8,A,-100.0
15516,medium,1,20.0,1.0,8.5,A,14.8
15517,medium,1,13.0,12.0,4.1,A,-8.6
15518,high,1,3.0,3.0,5.6,A,-100.0
15519,low,4,1.0,3.0,3.5,A,-9.2
15520,medium,0,8.0,25.0,10.0,A,15.0
15521,medium,0,10.0,3.0,9.0,C,15.0
15522,medium,1,5.0,0.0,6.4,A,4.7
15523,high,2,2.0,7.0,1.2,C,-100.0
15524,medium,2,6.0,20.0,5.1,A,-2.4
15525,low,0,1.0,11.0,5.0,D,-0.5
15526,low,2,8.0,1.0,7.7,B,13.4
15527,medium,1,14.0,3.0,9.4,A,15.0
15528,high,2,2.0,1.0,2.0,A,-100.0
15529,high,1,7.0,9.0,9.4,A,-13.0
15530,medium,3,13.0,3.0,4.8,B,-5.0
15531,medium,0,23.0,0.0,6.4,A,3.0
15532,medium,2,7.0,15.0,9.7,A,15.0
15533,medium,1,11.0,20.0,8.7,A,15.0
15534,none,1,15.0,6.0,6.8,C,-4.1
15535,high,5,23.0,3.0,8.7,A,-18.9
15536,medium,1,21.0,9.0,3.9,A,-10.5
15537,high,0,3.0,15.0,5.5,A,-100.0
15538,low,1,16.0,14.0,5.9,A,2.9
15539,high,2,5.0,38.0,,D,
15540,low,1,2.0,3.0,1.0,A,-100.0
15541,medium,4,4.0,3.0,3.0,C,-14.1
15542,high,2,9.0,4.0,6.0,B,-100.0
15543,,1,11.0,3.0,8.6,C,6.1
15544,high,3,23.0,50.0,8.6,D,-18.8
15545,low,3,7.0,12.0,5.5,A,1.4
15546,high,3,3.0,8.0,5.0,A,-100.0
15547,low,2,10.0,1.0,4.1,C,-6.6
15548,high,0,7.0,9.0,1.7,C,-100.0
15549,high,2,9.0,29.0,2.5,A,-100.0
15550,high,4,11.0,35.0,8.4,A,-18.9
15551,low,3,9.0,0.0,9.7,C,15.0
15552,high,1,5.0,9.0,9.0,B,-15.0
15553,high,0,5.0,5.0,2.5,D,
15554,low,1,11.0,16.0,7.3,C,11.1
15555,none,0,4.0,0.0,9.6,A,12.4
15556,medium,0,0.0,0.0,,A,
15557,high,3,10.0,5.0,9.0,D,-15.8
15558,low,3,11.0,6.0,2.9,C,-13.4
15559,low,1,1.0,33.0,8.3,A,15.0
15560,low,0,6.0,15.0,8.2,D,15.0
15561,high,4,2.0,10.0,9.3,A,-13.4
15562,high,2,8.0,14.0,8.1,C,-100.0
15563,low,1,2.0,17.0,9.8,B,15.0
15564,none,0,12.0,17.0,9.8,C,12.9
15565,,0,4.0,6.0,8.7,A,7.5
15566,high,0,12.0,6.0,5.1,D,-100.0
15567,high,0,8.0,3.0,7.2,A,-100.0
15568,high,1,23.0,5.0,3.8,A,-100.0
15569,low,0,19.0,6.0,9.4,D,15.0
15570,high,1,11.0,2.0,8.5,A,-18.4
15571,none,0,10.0,12.0,4.0,A,-18.9
15572,medium,3,4.0,15.0,5.4,C,-0.7
15573,medium,4,16.0,5.0,9.8,A,15.0
15574,low,1,5.0,17.0,8.6,A,15.0
15575,low,0,12.0,12.0,5.9,C,3.4
15576,none,4,7.0,1.0,4.9,A,-14.1
15577,low,1,11.0,3.0,8.9,A,15.0
15578,low,1,5.0,33.0,3.8,A,-7.4
15579,high,1,3.0,14.0,7.0,A,-100.0
15580,none,1,0.0,20.0,6.6,A,-3.6
15581,high,0,6.0,1.0,9.3,C,-13.4
15582,high,3,2.0,3.0,5.4,B,-100.0
15583,none,1,22.0,9.0,8.5,A,4.5
15584,none,2,9.0,10.0,9.5,A,11.2
15585,,2,14.0,11.0,5.2,A,-12.9
15586,high,0,3.0,12.0,6.1,B,-100.0
15587,low,0,9.0,19.0,9.4,D,15.0
15588,low,2,7.0,4.0,8.9,A,15.0
15589,medium,1,10.0,12.0,1.1,A,-100.0
15590,none,0,11.0,0.0,1.9,A,-100.0
15591,none,2,2.0,10.0,7.7,C,2.0
15592,none,4,22.0,2.0,3.9,A,-100.0
15593,,1,2.0,29.0,8.3,A,5.6
15594,low,2,7.0,5.0,8.2,A,15.0
15595,high,3,3.0,13.0,9.2,A,-13.9
15596,medium,1,10.0,34.0,5.5,A,-0.4
15597,medium,0,8.0,22.0,3.9,C,-9.0
15598,medium,6,10.0,5.0,4.6,C,-6.1
15599,none,0,1.0,15.0,7.5,A,1.3
15600,none,1,14.0,4.0,8.3,A,4.2
15601,low,2,4.0,7.0,9.0,A,15.0
15602,high,0,2.0,7.0,8.8,A,-15.7
15603,none,3,18.0,12.0,8.3,A,3.7
15604,medium,1,2.0,19.0,3.9,A,-8.5
15605,medium,3,7.0,16.0,6.1,A,2.8
15606,low,3,40.0,0.0,1.4,A,-100.0
15607,low,1,4.0,16.0,7.4,A,12.4
15608,high,3,14.0,19.0,9.4,B,-13.8
15609,,1,20.0,6.0,8.8,B,6.4
15610,low,1,22.0,38.0,3.8,C,-9.0
15611,medium,3,5.0,13.0,4.8,B,-4.1
15612,high,1,10.0,29.0,8.6,A,-17.5
15613,low,4,7.0,1.0,9.8,A,15.0
15614,medium,2,25.0,5.0,3.7,B,-12.2
15615,low,0,26.0,22.0,7.3,A,9.8
15616,high,0,9.0,3.0,9.5,A,-12.6
15617,low,1,12.0,19.0,9.7,A,15.0
15618,medium,2,19.0,13.0,8.5,A,14.9
15619,medium,1,8.0,3.0,3.2,B,-13.2
15620,high,2,3.0,12.0,8.0,B,-100.0
15621,medium,3,27.0,4.0,8.9,A,15.0
15622,medium,3,6.0,21.0,5.2,A,-2.0
15623,high,2,3.0,9.0,3.8,A,-100.0
15624,low,3,6.0,50.0,1.5,B,-100.0
15625,high,0,11.0,2.0,7.5,C,-100.0
15626,high,0,14.0,12.0,8.3,A,-19.6
15627,medium,1,16.0,21.0,8.2,A,13.7
15628,high,1,6.0,28.0,7.9,C,-100.0
15629,high,0,8.0,10.0,6.2,A,-100.0
15630,high,2,9.0,21.0,8.5,A,-18.1
15631,low,1,1.0,14.0,9.3,A,15.0
15632,low,1,9.0,5.0,4.9,A,-2.0
15633,high,0,4.0,9.0,8.6,A,-17.0
15634,low,3,14.0,2.0,9.8,A,15.0
15635,low,3,6.0,3.0,3.3,B,-10.7
15636,high,2,3.0,28.0,4.4,A,-100.0
15637,none,1,8.0,13.0,9.0,A,8.7
15638,high,3,6.0,10.0,9.3,C,-13.6
15639,high,1,9.0,15.0,6.2,A,-100.0
15640,medium,3,8.0,3.0,4.1,A,-8.4
15641,low,0,14.0,31.0,3.3,A,-10.9
15642,medium,0,3.0,2.0,6.5,A,5.6
15643,medium,2,15.0,18.0,9.7,C,15.0
15644,medium,0,11.0,3.0,8.5,C,15.0
15645,low,3,10.0,12.0,4.3,A,-5.5
15646,low,3,0.0,9.0,5.0,C,-0.7
15647,low,1,25.0,11.0,2.0,A,-19.5
15648,low,1,4.0,13.0,3.9,D,-6.9
15649,none,2,5.0,0.0,8.7,D,7.1
15650,medium,1,16.0,13.0,8.7,A,15.0
15651,high,1,23.0,30.0,3.8,A,-100.0
15652,medium,3,9.0,0.0,8.9,C,15.0
15653,medium,2,3.0,7.0,7.3,A,9.8
15654,none,2,12.0,3.0,4.9,A,-14.4
15655,low,3,7.0,0.0,9.0,A,15.0
15656,none,0,14.0,6.0,9.0,A,8.2
15657,low,2,22.0,50.0,1.5,C,-100.0
15658,high,0,2.0,3.0,9.5,A,-11.9
15659,low,2,6.0,10.0,2.1,B,-17.2
15660,low,2,,6.0,3.8,C,
15661,none,1,3.0,15.0,10.0,A,14.8
15662,medium,1,5.0,1.0,9.3,A,15.0
15663,high,3,8.0,0.0,3.5,A,-100.0
15664,high,4,12.0,1.0,9.1,A,-15.5
15665,none,2,5.0,32.0,5.9,C,-7.9
15666,high,1,11.0,7.0,3.9,B,-100.0
15667,none,2,12.0,5.0,9.4,A,10.4
15668,medium,1,6.0,9.0,5.0,D,-3.0
15669,low,0,16.0,23.0,8.4,A,15.0
15670,medium,2,15.0,21.0,6.4,A,3.8
15671,high,0,14.0,8.0,1.3,C,-100.0
15672,low,0,3.0,3.0,5.0,A,-0.8
15673,low,1,10.0,20.0,2.2,A,-16.8
15674,medium,1,15.0,17.0,3.7,A,-11.0
15675,none,0,26.0,19.0,2.9,A,-100.0
15676,high,0,3.0,2.0,6.8,C,-100.0
15677,low,1,5.0,6.0,5.2,D,0.1
15678,high,2,8.0,21.0,3.7,A,-100.0
15679,medium,0,14.0,4.0,6.6,A,5.1
15680,high,1,9.0,17.0,9.7,C,-11.5
15681,medium,2,10.0,18.0,7.1,A,8.1
15682,low,0,4.0,17.0,5.0,C,-0.7
15683,low,1,16.0,27.0,1.1,D,-100.0
15684,low,0,17.0,1.0,4.3,C,-6.0
15685,high,2,16.0,1.0,1.0,A,-100.0
15686,,0,21.0,0.0,9.4,B,9.6
15687,medium,1,25.0,12.0,2.4,A,-19.1
15688,medium,0,14.0,0.0,2.6,D,-17.0
15689,none,3,2.0,5.0,2.6,A,-100.0
15690,low,1,4.0,6.0,2.6,A,-14.1
15691,high,0,17.0,11.0,2.0,A,-100.0
15692,low,2,5.0,10.0,3.9,A,-7.2
15693,low,2,9.0,11.0,8.7,A,15.0
15694,medium,2,17.0,2.0,7.2,A,7.9
15695,medium,1,9.0,6.0,2.0,A,-19.8
15696,low,2,11.0,4.0,8.7,A,15.0
15697,low,3,19.0,5.0,3.5,C,-10.9
15698,medium,0,12.0,5.0,7.2,A,8.6
15699,none,3,35.0,6.0,1.1,A,-100.0
15700,low,1,0.0,14.0,9.8,A,15.0
15701,medium,1,3.0,4.0,8.3,A,15.0
15702,low,1,24.0,12.0,7.6,A,11.4
15703,low,1,5.0,30.0,1.2,A,-100.0
15704,none,1,40.0,9.0,9.8,B,9.9
15705,high,1,9.0,22.0,1.8,A,-100.0
15706,low,2,20.0,1.0,5.3,A,-1.0
15707,medium,2,23.0,50.0,8.5,C,14.9
15708,medium,3,10.0,3.0,9.6,A,15.0
15709,none,3,11.0,3.0,9.1,A,8.7
15710,high,1,13.0,8.0,7.3,C,-100.0
15711,high,0,7.0,1.0,1.8,A,-100.0
15712,none,3,10.0,18.0,3.0,A,-100.0
15713,medium,1,2.0,3.0,9.7,C,15.0
15714,medium,3,9.0,1.0,2.9,A,-15.1
15715,medium,1,5.0,23.0,1.6,A,-100.0
15716,low,1,9.0,1.0,9.5,C,15.0
15717,none,2,20.0,9.0,3.5,B,-100.0
15718,low,2,17.0,22.0,7.2,D,9.9
15719,high,0,3.0,21.0,9.6,A,-11.3
15720,medium,0,13.0,23.0,9.1,C,15.0
15721,low,0,3.0,50.0,8.2,A,15.0
15722,medium,0,7.0,42.0,8.8,C,15.0
15723,high,1,12.0,3.0,4.3,D,-100.0
15724,low,1,6.0,20.0,9.9,C,15.0
15725,medium,0,29.0,13.0,5.0,A,-5.1
15726,high,1,2.0,4.0,7.0,A,-100.0
15727,medium,1,15.0,15.0,3.4,B,-12.6
15728,high,0,11.0,21.0,1.9,C,-100.0
15729,high,1,13.0,3.0,6.4,A,-100.0
15730,none,2,13.0,50.0,9.9,A,13.4
15731,high,1,12.0,5.0,5.5,A,-100.0
15732,low,1,1.0,11.0,9.0,C,15.0
15733,none,1,11.0,6.0,9.6,A,11.7
15734,low,1,9.0,30.0,3.2,A,-11.1
15735,low,1,19.0,8.0,8.5,C,15.0
15736,medium,1,3.0,16.0,1.7,A,-100.0
15737,medium,2,4.0,2.0,5.7,A,0.9
15738,low,0,4.0,16.0,1.1,A,-100.0
15739,none,2,31.0,2.0,8.7,B,4.6
15740,medium,3,10.0,8.0,7.0,A,7.4
15741,none,4,35.0,8.0,9.5,A,8.4
15742,low,0,20.0,11.0,2.9,A,-13.9
15743,low,1,10.0,5.0,8.3,A,15.0
15744,medium,2,2.0,8.0,1.6,A,-100.0
15745,low,1,12.0,7.0,1.1,A,-100.0
15746,low,2,6.0,1.0,9.5,B,15.0
15747,low,5,19.0,18.0,3.7,A,-9.9
15748,medium,1,1.0,7.0,2.2,C,-17.9
15749,medium,2,24.0,11.0,4.5,C,-7.6
15750,low,1,15.0,4.0,9.5,A,15.0
15751,low,1,28.0,3.0,8.1,A,13.7
15752,high,2,6.0,4.0,9.4,C,-13.1
15753,high,2,7.0,23.0,7.5,A,-100.0
15754,none,2,8.0,16.0,3.9,B,-19.4
15755,low,4,14.0,9.0,1.8,A,-19.8
15756,medium,1,6.0,14.0,8.5,A,15.0
15757,medium,0,10.0,50.0,6.4,A,4.8
15758,medium,1,6.0,29.0,8.6,C,15.0
15759,medium,0,19.0,6.0,9.1,A,15.0
15760,none,1,9.0,24.0,8.1,A,3.8
15761,medium,1,11.0,38.0,3.1,D,-13.6
15762,,2,11.0,5.0,9.4,A,10.4
15763,low,1,6.0,2.0,9.0,A,15.0
15764,high,4,9.0,17.0,9.4,A,-13.4
15765,medium,1,4.0,6.0,8.4,A,15.0
15766,low,1,16.0,1.0,8.3,B,15.0
15767,medium,0,3.0,18.0,8.4,A,15.0
15768,medium,2,6.0,15.0,9.3,A,15.0
15769,low,0,12.0,6.0,1.4,C,-100.0
15770,medium,3,3.0,50.0,8.2,A,15.0
15771,low,1,15.0,8.0,4.3,A,-5.9
15772,high,3,0.0,10.0,3.3,C,-100.0
15773,medium,1,15.0,8.0,3.1,A,-14.3
15774,high,1,7.0,8.0,9.1,A,-14.7
15775,medium,0,4.0,12.0,2.6,A,-15.8
15776,medium,2,7.0,0.0,3.4,C,-12.1
15777,none,0,12.0,4.0,8.5,A,5.6
15778,medium,1,14.0,16.0,3.2,A,-13.6
15779,none,0,14.0,23.0,6.5,A,-5.4
15780,medium,2,7.0,10.0,9.6,A,15.0
15781,medium,3,8.0,9.0,9.1,A,15.0
15782,low,0,9.0,25.0,5.2,A,-0.1
15783,medium,0,15.0,9.0,8.7,B,15.0
15784,low,1,5.0,1.0,9.7,A,15.0
15785,medium,3,1.0,7.0,8.5,B,15.0
15786,low,2,30.0,9.0,6.3,C,3.5
15787,low,3,13.0,9.0,9.9,A,15.0
15788,none,2,3.0,10.0,8.3,A,5.2
15789,high,4,5.0,1.0,4.5,C,-100.0
15790,low,1,11.0,20.0,8.1,A,15.0
15791,low,0,10.0,0.0,2.8,B,-13.6
15792,medium,2,13.0,9.0,9.2,B,15.0
15793,none,0,12.0,3.0,3.3,B,-100.0
15794,medium,1,6.0,15.0,4.4,A,-6.2
15795,low,1,23.0,2.0,5.3,A,-1.2
15796,low,0,10.0,4.0,9.0,A,15.0
15797,high,0,18.0,3.0,8.6,A,-18.5
15798,none,2,5.0,8.0,1.1,C,-100.0
15799,medium,2,10.0,5.0,8.3,A,14.6
15800,low,2,0.0,23.0,3.0,A,-11.5
15801,high,2,17.0,7.0,6.1,A,-100.0
15802,high,0,8.0,8.0,8.8,D,-16.3
15803,none,2,1.0,4.0,7.1,A,-1.2
15804,,2,2.0,48.0,6.8,A,-2.5
15805,low,1,6.0,3.0,3.0,A,-12.2
15806,low,1,3.0,3.0,5.4,A,1.3
15807,medium,2,26.0,4.0,8.6,C,14.7
15808,high,2,10.0,10.0,5.2,D,-100.0
15809,high,2,3.0,21.0,2.9,B,-100.0
15810,none,1,10.0,8.0,9.1,A,9.0
15811,medium,3,3.0,14.0,8.1,A,14.2
15812,medium,1,11.0,14.0,8.9,A,15.0
15813,high,4,12.0,6.0,9.5,C,-13.3
15814,high,2,4.0,12.0,8.4,A,-18.3
15815,none,1,17.0,50.0,5.2,A,-12.7
15816,low,1,3.0,8.0,5.8,D,3.6
15817,medium,1,2.0,8.0,3.5,A,-10.8
15818,medium,0,6.0,1.0,2.1,C,-18.9
15819,none,3,17.0,25.0,9.5,A,10.5
15820,high,0,7.0,16.0,3.0,A,-100.0
15821,low,4,18.0,13.0,8.8,D,15.0
15822,high,3,8.0,1.0,5.9,A,-100.0
15823,low,1,14.0,20.0,9.1,A,15.0
15824,medium,0,3.0,7.0,9.9,A,15.0
15825,high,0,5.0,21.0,9.1,A,-14.2
15826,,0,6.0,17.0,9.2,B,10.2
15827,medium,3,15.0,14.0,8.4,C,14.7
15828,low,2,6.0,8.0,2.5,A,-15.0
15829,low,1,26.0,27.0,5.8,A,1.5
15830,medium,0,20.0,21.0,9.4,C,15.0
15831,none,2,10.0,17.0,1.6,A,-100.0
15832,low,0,35.0,15.0,8.3,A,14.3
15833,high,3,3.0,4.0,9.9,C,-10.1
15834,high,0,14.0,13.0,8.1,A,-100.0
15835,high,1,3.0,7.0,8.4,A,-18.1
15836,high,0,17.0,15.0,1.9,A,-100.0
15837,medium,1,4.0,7.0,5.9,C,2.2
15838,medium,1,12.0,1.0,9.9,A,15.0
15839,low,4,3.0,5.0,8.9,C,15.0
15840,high,2,17.0,13.0,6.8,C,-100.0
15841,high,0,12.0,5.0,3.5,A,-100.0
15842,none,0,8.0,4.0,5.9,C,-8.3
15843,medium,0,5.0,7.0,1.3,D,-100.0
15844,medium,1,32.0,16.0,3.4,A,-14.3
15845,low,0,18.0,20.0,9.4,C,15.0
15846,low,1,5.0,10.0,9.7,B,15.0
15847,medium,1,21.0,18.0,3.3,A,-13.7
15848,none,1,12.0,2.0,6.0,A,-8.3
15849,high,2,6.0,5.0,8.6,A,-17.5
15850,high,0,10.0,20.0,6.4,A,-100.0
15851,none,1,16.0,1.0,8.1,A,2.9
15852,high,4,5.0,2.0,8.4,A,-18.7
15853,none,3,18.0,0.0,8.5,A,4.6
15854,medium,1,5.0,11.0,9.0,A,15.0
15855,high,2,39.0,5.0,3.8,A,-100.0
15856,medium,1,17.0,2.0,6.4,A,3.5
15857,high,1,23.0,7.0,2.9,C,-100.0
15858,low,1,27.0,8.0,8.6,A,15.0
15859,high,4,11.0,26.0,10.0,A,-10.2
15860,low,2,15.0,3.0,7.5,B,11.6
15861,medium,2,6.0,0.0,8.5,A,15.0
15862,high,0,9.0,0.0,8.3,C,-19.2
15863,low,4,2.0,5.0,4.4,A,-4.3
15864,none,0,1.0,4.0,,C,
15865,medium,2,6.0,16.0,9.3,A,15.0
15866,low,0,5.0,6.0,8.2,A,15.0
15867,low,2,5.0,21.0,6.4,A,6.7
15868,high,2,7.0,10.0,9.0,A,-15.3
15869,high,2,15.0,12.0,7.9,C,-100.0
15870,none,1,4.0,2.0,3.8,C,-19.6
15871,high,1,5.0,13.0,2.0,C,-100.0
15872,low,2,8.0,50.0,2.5,A,-14.7
15873,low,1,11.0,6.0,8.4,A,15.0
15874,high,2,11.0,7.0,9.0,C,-15.7
15875,medium,1,11.0,4.0,8.9,A,15.0
15876,high,3,28.0,2.0,5.3,A,-100.0
15877,low,1,11.0,7.0,1.1,C,-100.0
15878,none,2,10.0,18.0,8.2,A,4.1
15879,low,2,31.0,15.0,9.2,C,15.0
15880,high,3,19.0,1.0,8.3,A,-100.0
15881,none,2,7.0,4.0,9.3,A,10.3
15882,low,2,,7.0,2.5,C,
15883,low,6,11.0,21.0,9.0,A,15.0
15884,none,1,6.0,18.0,9.2,A,10.1
15885,low,2,20.0,6.0,6.0,A,2.9
15886,high,2,7.0,5.0,8.1,A,-100.0
15887,low,0,11.0,4.0,6.8,A,8.3
15888,none,1,6.0,21.0,5.1,A,-12.4
15889,low,1,14.0,9.0,1.5,A,-100.0
15890,medium,0,10.0,16.0,5.0,A,-3.2
15891,medium,4,3.0,8.0,9.4,A,15.0
15892,medium,3,21.0,1.0,7.0,C,6.2
15893,high,1,8.0,17.0,9.0,A,-15.2
15894,high,1,12.0,2.0,8.7,A,-17.4
15895,high,0,4.0,1.0,3.9,A,-100.0
15896,high,0,5.0,49.0,7.9,A,-100.0
15897,high,0,21.0,27.0,2.5,A,-100.0
15898,low,0,10.0,3.0,1.2,A,-100.0
15899,medium,4,12.0,8.0,2.4,A,-18.2
15900,low,0,8.0,5.0,9.9,A,15.0
15901,low,2,4.0,2.0,2.8,C,-13.2
15902,low,3,9.0,1.0,8.1,A,15.0
15903,low,0,3.0,9.0,8.0,A,15.0
15904,high,1,13.0,3.0,2.9,A,-100.0
15905,none,2,33.0,7.0,9.1,A,6.6
15906,low,3,17.0,7.0,6.6,A,6.4
15907,none,1,6.0,2.0,8.6,A,6.6
15908,low,3,14.0,14.0,9.5,A,15.0
15909,high,1,10.0,5.0,9.7,A,-11.7
15910,low,1,11.0,7.0,8.5,A,15.0
15911,medium,1,10.0,18.0,9.2,B,15.0
15912,low,2,,8.0,2.2,C,
15913,medium,4,12.0,1.0,1.7,A,-100.0
15914,none,1,5.0,18.0,8.0,A,3.6
15915,high,3,7.0,19.0,8.2,A,-19.7
15916,low,0,6.0,15.0,1.3,A,-100.0
15917,high,0,3.0,6.0,4.9,A,-100.0
15918,none,1,9.0,24.0,3.3,B,-100.0
15919,none,1,17.0,15.0,3.9,A,-100.0
15920,medium,2,2.0,3.0,2.4,A,-17.1
15921,low,1,2.0,2.0,4.9,C,-1.3
15922,low,1,8.0,4.0,3.0,A,-12.4
15923,medium,1,5.0,0.0,4.5,A,-5.7
15924,none,2,5.0,2.0,1.5,A,-100.0
15925,none,0,7.0,20.0,,D,
15926,low,2,5.0,4.0,9.2,A,15.0
15927,medium,1,10.0,3.0,9.4,B,15.0
15928,none,1,5.0,9.0,8.5,B,6.2
15929,low,1,5.0,17.0,9.1,A,15.0
15930,low,2,13.0,10.0,8.0,A,14.6
15931,low,0,16.0,48.0,9.0,C,15.0
15932,low,1,19.0,13.0,6.3,A,4.8
15933,low,1,11.0,3.0,8.1,A,15.0
15934,high,1,5.0,6.0,5.9,D,-100.0
15935,medium,1,5.0,31.0,5.2,A,-1.6
15936,low,3,8.0,13.0,4.1,A,-6.4
15937,low,1,4.0,14.0,8.3,A,15.0
15938,medium,2,31.0,2.0,8.1,A,11.4
15939,high,2,5.0,3.0,1.1,A,-100.0
15940,low,1,9.0,2.0,9.0,A,15.0
15941,medium,2,4.0,12.0,3.5,B,-11.1
15942,none,2,13.0,3.0,8.7,A,6.4
15943,low,2,3.0,17.0,1.7,C,-19.0
15944,low,3,7.0,5.0,2.0,A,-18.0
15945,none,3,11.0,49.0,2.2,A,-100.0
15946,high,1,16.0,8.0,8.2,A,-100.0
15947,none,1,7.0,1.0,2.9,C,-100.0
15948,none,2,28.0,7.0,7.9,C,0.5
15949,high,1,33.0,2.0,8.8,C,-19.0
15950,low,2,5.0,26.0,6.1,C,5.1
15951,medium,3,4.0,29.0,9.4,D,15.0
15952,none,1,11.0,23.0,6.2,C,-6.9
15953,medium,3,2.0,14.0,6.9,C,7.7
15954,low,1,3.0,0.0,4.6,A,-3.1
15955,low,2,10.0,27.0,8.7,A,15.0
15956,high,2,,1.0,4.1,C,
15957,high,1,3.0,7.0,2.5,A,-100.0
15958,none,3,3.0,10.0,9.9,A,14.0
15959,low,2,8.0,17.0,6.9,A,9.1
15960,high,2,2.0,25.0,7.9,C,-100.0
15961,low,2,16.0,36.0,4.8,C,-3.0
15962,high,0,29.0,50.0,4.9,A,-100.0
15963,medium,1,14.0,19.0,4.9,A,-4.2
15964,high,1,18.0,30.0,2.1,A,-100.0
15965,low,0,13.0,7.0,2.3,A,-16.6
15966,medium,2,4.0,12.0,3.4,A,-11.7
15967,low,3,14.0,9.0,7.2,B,10.0
15968,medium,3,7.0,28.0,9.0,A,15.0
15969,medium,3,12.0,6.0,9.3,A,15.0
15970,medium,4,17.0,20.0,2.5,A,-18.0
15971,medium,0,2.0,33.0,9.8,A,15.0
15972,high,2,14.0,34.0,4.4,A,-100.0
15973,high,4,10.0,0.0,8.6,A,-18.1
15974,low,1,8.0,8.0,9.8,C,15.0
15975,none,1,28.0,25.0,5.1,D,-14.6
15976,low,1,5.0,1.0,7.6,A,13.2
15977,,2,13.0,8.0,8.4,A,4.8
15978,high,0,6.0,16.0,6.4,A,-100.0
15979,medium,2,19.0,12.0,8.4,A,14.3
15980,medium,3,6.0,5.0,1.8,D,-100.0
15981,low,5,16.0,3.0,9.1,A,15.0
15982,none,2,1.0,1.0,8.2,A,4.8
15983,high,2,7.0,23.0,9.0,A,-15.2
15984,medium,1,8.0,22.0,7.9,A,12.9
15985,low,3,3.0,17.0,9.7,C,15.0
15986,none,3,24.0,6.0,4.9,C,-15.7
15987,,1,15.0,0.0,2.6,A,-100.0
15988,high,1,16.0,3.0,3.9,C,-100.0
15989,medium,4,10.0,7.0,9.1,A,15.0
15990,low,1,11.0,5.0,1.7,A,-19.8
15991,low,2,3.0,13.0,9.6,A,15.0
15992,high,4,9.0,2.0,7.1,A,-100.0
15993,low,0,15.0,11.0,3.3,B,-11.2
15994,high,1,12.0,7.0,2.4,B,-100.0
15995,high,0,21.0,11.0,5.5,A,-100.0
15996,low,2,2.0,41.0,9.0,A,15.0
15997,medium,2,14.0,5.0,1.2,A,-100.0
15998,medium,3,5.0,8.0,6.2,A,3.5
15999,medium,0,1.0,9.0,2.8,C,-14.5
16000,medium,1,15.0,7.0,3.0,A,-14.9
16001,none,2,14.0,5.0,9.8,C,12.3
16002,low,3,4.0,10.0,3.0,A,-12.1
16003,low,2,5.0,10.0,1.8,A,-18.7
16004,low,2,16.0,4.0,8.3,A,15.0
16005,low,3,4.0,6.0,2.6,A,-14.3
16006,low,3,4.0,15.0,8.4,A,15.0
16007,low,0,1.0,12.0,2.1,A,-16.4
16008,medium,0,7.0,5.0,8.2,C,14.6
16009,none,1,10.0,7.0,1.2,A,-100.0
16010,high,2,,44.0,7.7,C,
16011,high,1,27.0,38.0,1.1,A,-100.0
16012,high,1,25.0,20.0,8.2,A,-100.0
16013,high,1,19.0,14.0,6.9,A,-100.0
16014,high,5,5.0,19.0,1.2,A,-100.0
16015,low,1,4.0,9.0,2.8,A,-13.0
16016,high,2,9.0,23.0,9.2,A,-14.3
16017,low,0,4.0,0.0,4.6,A,-3.1
16018,medium,0,12.0,3.0,8.9,D,15.0
16019,none,0,11.0,4.0,6.5,A,-5.3
16020,high,3,18.0,10.0,6.9,B,-100.0
16021,medium,1,9.0,6.0,6.5,B,4.9
16022,low,1,10.0,4.0,1.4,A,-100.0
16023,medium,2,,12.0,3.3,C,
16024,medium,3,12.0,7.0,5.0,B,-3.8
16025,high,2,19.0,8.0,9.3,A,-14.9
16026,medium,4,13.0,17.0,8.6,A,15.0
16027,low,1,8.0,0.0,8.8,A,15.0
16028,low,0,9.0,21.0,1.6,A,-19.9
16029,low,1,10.0,13.0,2.0,A,-18.0
16030,high,2,8.0,2.0,3.8,B,-100.0
16031,medium,1,2.0,11.0,9.3,A,15.0
16032,medium,2,7.0,6.0,9.1,A,15.0
16033,low,0,12.0,8.0,8.6,A,15.0
16034,high,0,12.0,13.0,4.9,A,-100.0
16035,high,1,9.0,5.0,2.1,C,-100.0
16036,high,1,7.0,20.0,5.7,A,-100.0
16037,medium,1,2.0,21.0,8.4,A,15.0
16038,medium,0,3.0,0.0,2.6,B,-15.9
16039,low,0,,3.0,1.2,C,
16040,low,2,11.0,2.0,1.8,A,-19.4
16041,none,1,9.0,2.0,2.6,A,-100.0
16042,high,0,10.0,5.0,8.5,D,-18.2
16043,medium,2,3.0,5.0,7.3,A,9.8
16044,high,4,8.0,10.0,6.9,A,-100.0
16045,low,0,11.0,46.0,6.4,A,6.6
16046,high,1,8.0,28.0,8.8,C,-16.2
16047,high,1,6.0,5.0,2.4,C,-100.0
16048,high,4,30.0,9.0,8.7,A,-19.5
16049,high,3,9.0,0.0,7.7,B,-100.0
16050,high,2,7.0,19.0,9.0,B,-15.2
16051,none,2,4.0,5.0,3.3,A,-100.0
16052,low,0,11.0,17.0,8.8,A,15.0
16053,low,0,16.0,22.0,5.2,A,-0.8
16054,medium,1,3.0,18.0,9.7,C,15.0
16055,high,1,6.0,3.0,2.0,A,-100.0
16056,medium,1,11.0,16.0,4.3,A,-7.3
16057,medium,4,17.0,8.0,2.5,A,-18.1
16058,medium,1,11.0,17.0,7.8,C,12.0
16059,medium,2,4.0,4.0,8.6,A,15.0
16060,low,5,12.0,17.0,9.3,A,15.0
16061,medium,1,7.0,5.0,8.5,A,15.0
16062,low,3,,2.0,2.4,C,
16063,low,2,6.0,0.0,1.7,A,-19.4
16064,high,2,16.0,0.0,3.3,B,-100.0
16065,medium,1,12.0,4.0,8.9,A,15.0
16066,medium,1,15.0,6.0,8.8,A,15.0
16067,low,3,25.0,1.0,8.0,A,13.2
16068,medium,2,12.0,4.0,9.8,A,15.0
16069,none,1,15.0,6.0,9.1,A,8.5
16070,medium,3,8.0,12.0,2.4,A,-17.7
16071,high,2,12.0,50.0,2.1,A,-100.0
16072,high,2,14.0,15.0,9.9,A,-11.0
16073,none,5,9.0,3.0,5.0,C,-13.9
16074,none,1,3.0,4.0,2.1,B,-100.0
16075,none,1,13.0,2.0,9.1,B,8.7
16076,high,2,4.0,6.0,2.7,C,-100.0
16077,low,1,3.0,15.0,9.3,A,15.0
16078,low,3,11.0,1.0,9.5,A,15.0
16079,none,2,1.0,2.0,10.0,A,14.7
16080,high,2,13.0,0.0,9.9,C,-11.1
16081,medium,2,10.0,4.0,7.0,A,7.5
16082,medium,2,19.0,5.0,8.3,A,13.7
16083,high,1,12.0,3.0,6.1,C,-100.0
16084,high,1,2.0,1.0,4.5,C,-100.0
16085,none,3,7.0,9.0,9.3,A,10.2
16086,high,1,13.0,13.0,5.1,A,-100.0
16087,low,2,9.0,6.0,4.8,A,-2.6
16088,low,4,8.0,50.0,10.0,A,15.0
16089,high,2,6.0,17.0,6.8,A,-100.0
16090,low,1,7.0,19.0,5.4,A,1.1
16091,none,1,3.0,4.0,1.5,A,-100.0
16092,high,0,12.0,0.0,8.5,A,-18.4
16093,none,2,2.0,3.0,8.0,A,3.6
16094,none,1,6.0,21.0,3.8,C,-19.6
16095,high,2,11.0,31.0,5.0,A,-100.0
16096,medium,1,8.0,2.0,2.0,A,-19.8
16097,low,2,21.0,3.0,2.2,A,-18.2
16098,medium,1,15.0,25.0,4.5,A,-6.5
16099,none,0,27.0,19.0,3.5,B,-100.0
16100,none,4,6.0,2.0,8.6,C,6.3
16101,high,3,3.0,4.0,1.8,B,-100.0
16102,high,2,0.0,4.0,4.6,A,-100.0
16103,high,1,12.0,4.0,9.8,A,-11.4
16104,low,1,3.0,21.0,2.4,C,-15.0
16105,medium,1,1.0,8.0,6.3,A,4.7
16106,low,4,19.0,5.0,7.8,A,12.6
16107,high,0,13.0,6.0,2.1,C,-100.0
16108,low,3,6.0,27.0,3.3,B,-10.5
16109,high,0,15.0,2.0,7.4,A,-100.0
16110,low,1,11.0,24.0,8.8,A,15.0
16111,medium,0,8.0,11.0,9.1,A,15.0
16112,medium,1,9.0,4.0,2.0,A,-19.8
16113,low,2,19.0,5.0,9.1,A,15.0
16114,none,1,7.0,20.0,9.0,C,8.9
16115,low,0,1.0,13.0,6.7,D,8.9
16116,medium,4,11.0,11.0,8.9,A,15.0
16117,none,2,17.0,2.0,10.0,A,13.1
16118,high,2,2.0,31.0,2.3,A,-100.0
16119,none,0,8.0,4.0,5.8,C,-8.9
16120,low,1,8.0,1.0,9.9,A,15.0
16121,none,1,18.0,1.0,9.7,C,11.5
16122,low,0,5.0,21.0,7.9,D,15.0
16123,low,1,2.0,14.0,1.4,A,-100.0
16124,low,3,1.0,13.0,2.8,C,-12.9
16125,medium,1,13.0,26.0,9.5,A,15.0
16126,medium,0,17.0,0.0,1.7,A,-100.0
16127,none,1,8.0,25.0,5.6,A,-9.9
16128,none,2,6.0,5.0,7.8,A,2.1
16129,none,1,14.0,7.0,4.5,C,-16.7
16130,low,4,3.0,2.0,9.3,A,
16131,none,3,1.0,15.0,,A,
16132,high,2,11.0,50.0,9.9,A,-10.4
16133,medium,2,6.0,6.0,3.8,D,-9.7
16134,high,2,6.0,4.0,2.8,A,-100.0
16135,medium,1,5.0,0.0,5.1,C,-2.4
16136,high,2,14.0,9.0,6.5,C,-100.0
16137,low,1,10.0,14.0,7.7,B,13.4
16138,low,1,40.0,3.0,8.2,B,13.0
16139,medium,1,8.0,8.0,8.8,A,15.0
16140,low,1,5.0,11.0,3.4,A,-9.8
16141,none,1,6.0,14.0,4.3,D,-16.9
16142,low,0,7.0,16.0,1.1,B,-100.0
16143,low,2,10.0,8.0,1.0,B,-100.0
16144,high,1,2.0,4.0,8.2,A,-19.2
16145,high,2,4.0,46.0,4.2,A,-100.0
16146,medium,4,25.0,3.0,2.6,D,-18.4
16147,low,3,5.0,0.0,6.9,A,9.1
16148,high,2,8.0,7.0,3.4,C,-100.0
16149,high,2,22.0,4.0,3.3,C,-100.0
16150,medium,0,7.0,11.0,3.9,C,-9.0
16151,high,0,20.0,22.0,,D,
16152,medium,1,8.0,0.0,1.8,A,-100.0
16153,none,3,2.0,22.0,2.5,A,-100.0
16154,medium,3,6.0,3.0,9.6,C,15.0
16155,high,2,6.0,0.0,3.0,A,-100.0
16156,high,1,23.0,16.0,5.0,A,-100.0
16157,low,1,15.0,39.0,7.3,A,10.9
16158,low,1,3.0,0.0,10.0,B,15.0
16159,low,1,17.0,2.0,9.3,C,15.0
16160,medium,0,16.0,10.0,1.7,C,-100.0
16161,medium,5,20.0,7.0,9.0,A,15.0
16162,medium,2,1.0,5.0,8.7,A,15.0
16163,medium,1,4.0,3.0,8.8,A,15.0
16164,low,1,11.0,10.0,10.0,A,15.0
16165,high,1,11.0,8.0,1.5,A,-100.0
16166,medium,1,1.0,9.0,3.5,A,-10.7
16167,high,0,3.0,1.0,6.0,C,-100.0
16168,high,0,11.0,21.0,2.2,A,-100.0
16169,,0,8.0,2.0,7.9,C,2.7
16170,medium,0,6.0,50.0,4.8,A,-3.6
16171,low,1,14.0,17.0,5.8,C,2.6
16172,high,0,1.0,48.0,5.9,A,-100.0
16173,medium,4,7.0,16.0,1.9,B,-100.0
16174,none,3,9.0,3.0,7.6,A,0.6
16175,medium,1,6.0,7.0,4.6,A,-5.2
16176,high,1,1.0,3.0,3.8,A,-100.0
16177,high,1,20.0,3.0,8.1,A,-100.0
16178,medium,1,4.0,14.0,9.4,D,15.0
16179,none,1,25.0,22.0,1.9,A,-100.0
16180,high,0,9.0,3.0,9.1,A,-14.8
16181,none,1,4.0,12.0,3.8,A,-19.5
16182,none,0,12.0,16.0,3.3,A,-100.0
16183,high,0,8.0,0.0,8.2,A,-19.7
16184,none,0,31.0,0.0,8.9,C,5.8
16185,high,4,5.0,2.0,7.8,A,-100.0
16186,high,2,17.0,36.0,2.6,A,-100.0
16187,medium,1,4.0,10.0,3.2,A,-12.7
16188,low,1,1.0,3.0,6.9,A,9.8
16189,low,1,13.0,0.0,8.9,A,15.0
16190,medium,3,2.0,6.0,2.6,C,-16.0
16191,medium,1,40.0,9.0,1.8,A,-100.0
16192,medium,1,5.0,5.0,5.5,A,-0.2
16193,high,2,8.0,14.0,3.7,A,-100.0
16194,medium,2,6.0,6.0,1.6,A,-100.0
16195,medium,1,9.0,5.0,9.2,C,15.0
16196,low,2,3.0,20.0,9.1,A,15.0
16197,high,3,7.0,21.0,8.8,A,-16.4
16198,low,3,14.0,6.0,3.0,D,-13.1
16199,none,1,8.0,50.0,6.4,D,-5.2
16200,low,0,33.0,6.0,6.0,A,1.8
16201,medium,3,13.0,15.0,8.3,A,14.3
16202,none,2,11.0,3.0,5.2,A,-12.7
16203,low,2,2.0,23.0,8.8,A,15.0
16204,low,1,6.0,3.0,9.8,A,15.0
16205,medium,0,4.0,0.0,3.9,A,-8.8
16206,low,1,24.0,2.0,3.9,A,-9.0
16207,medium,2,7.0,20.0,3.0,B,-14.1
16208,none,1,21.0,34.0,6.7,A,-5.0
16209,none,2,22.0,22.0,8.7,B,5.7
16210,none,2,12.0,2.0,8.2,C,3.7
16211,high,2,2.0,42.0,4.8,A,-100.0
16212,none,1,8.0,30.0,9.1,A,9.4
16213,medium,2,6.0,24.0,7.3,A,9.7
16214,low,1,21.0,17.0,3.3,A,-11.9
16215,none,3,13.0,7.0,5.8,A,-9.6
16216,low,2,4.0,16.0,5.9,A,4.0
16217,high,3,18.0,6.0,3.2,B,-100.0
16218,medium,2,13.0,8.0,9.7,A,
16219,low,1,,9.0,9.0,C,
16220,high,3,6.0,20.0,9.1,A,-14.6
16221,low,1,7.0,4.0,1.1,B,-100.0
16222,high,2,5.0,2.0,2.8,C,-100.0
16223,none,1,3.0,23.0,4.2,B,-17.1
16224,high,0,14.0,25.0,3.8,A,-100.0
16225,low,2,20.0,9.0,7.2,A,9.5
16226,high,2,25.0,1.0,7.8,A,-100.0
16227,high,3,1.0,3.0,1.3,C,-100.0
16228,low,0,11.0,50.0,5.0,C,-1.1
16229,low,3,9.0,8.0,5.7,A,2.2
16230,none,2,10.0,8.0,9.8,A,12.8
16231,high,0,10.0,12.0,9.9,A,-10.4
16232,low,2,13.0,6.0,1.3,A,-100.0
16233,low,4,15.0,50.0,3.3,C,-11.3
16234,none,1,15.0,1.0,9.1,A,8.5
16235,low,2,16.0,5.0,9.0,A,15.0
16236,high,2,9.0,20.0,8.8,C,-16.5
16237,low,1,4.0,16.0,3.7,A,-8.0
16238,low,1,12.0,32.0,7.2,A,10.6
16239,low,1,14.0,28.0,2.4,C,-16.0
16240,high,3,8.0,5.0,8.6,B,-17.7
16241,high,1,1.0,4.0,2.6,A,-100.0
16242,medium,0,16.0,12.0,8.9,C,15.0
16243,low,1,8.0,8.0,2.8,B,-13.4
16244,high,4,7.0,0.0,4.7,A,-100.0
16245,low,2,11.0,2.0,9.8,A,15.0
16246,medium,1,25.0,2.0,5.6,A,-1.7
16247,low,2,19.0,26.0,6.6,A,6.5
16248,high,1,4.0,29.0,1.1,C,-100.0
16249,low,1,3.0,19.0,8.1,D,15.0
16250,medium,2,7.0,16.0,8.7,A,15.0
16251,high,6,6.0,6.0,1.4,A,-100.0
16252,medium,0,12.0,11.0,9.3,A,15.0
16253,high,1,11.0,17.0,4.5,A,-100.0
16254,medium,1,15.0,16.0,3.4,A,-12.6
16255,high,1,3.0,27.0,3.5,A,-100.0
16256,high,1,3.0,8.0,6.0,C,
16257,medium,1,39.0,22.0,8.2,A,11.4
16258,high,0,5.0,9.0,9.1,C,-14.4
16259,low,2,5.0,13.0,9.6,A,15.0
16260,low,0,20.0,23.0,2.2,A,-17.7
16261,medium,2,13.0,6.0,3.8,A,-10.4
16262,medium,0,4.0,0.0,8.9,A,15.0
16263,low,0,10.0,24.0,1.5,A,-100.0
16264,low,0,7.0,12.0,8.0,A,15.0
16265,medium,1,14.0,1.0,9.7,C,15.0
16266,high,3,6.0,3.0,4.7,A,-100.0
16267,high,1,6.0,8.0,8.7,A,-16.8
16268,none,0,19.0,13.0,3.2,A,-100.0
16269,low,2,,11.0,8.5,C,
16270,low,0,3.0,22.0,1.4,B,-100.0
16271,medium,1,10.0,25.0,6.4,A,4.5
16272,high,2,27.0,21.0,8.6,B,-19.4
16273,,1,6.0,4.0,9.7,A,12.7
16274,low,0,15.0,16.0,4.3,A,-5.7
16275,low,5,7.0,19.0,1.7,A,-19.7
16276,medium,0,2.0,28.0,8.2,C,15.0
16277,low,3,1.0,7.0,,A,
16278,high,0,5.0,1.0,9.1,A,-14.4
16279,medium,1,8.0,9.0,8.8,A,15.0
16280,low,0,23.0,1.0,9.8,C,15.0
16281,high,2,1.0,9.0,4.3,A,-100.0
16282,none,2,10.0,5.0,5.7,A,-9.8
16283,none,2,12.0,1.0,3.0,A,-100.0
16284,high,2,6.0,4.0,9.2,A,-14.2
16285,low,1,5.0,10.0,1.7,B,-19.2
16286,high,1,4.0,13.0,5.6,C,-100.0
16287,low,1,2.0,10.0,8.9,B,15.0
16288,low,2,17.0,31.0,2.4,A,-16.4
16289,low,0,15.0,46.0,6.7,C,7.8
16290,none,3,1.0,6.0,1.2,A,-100.0
16291,none,2,0.0,6.0,,A,
16292,none,0,27.0,14.0,1.2,A,-100.0
16293,none,2,7.0,8.0,7.9,A,2.6
16294,low,2,4.0,2.0,9.8,A,15.0
16295,low,2,7.0,40.0,6.3,A,6.1
16296,high,0,9.0,5.0,9.4,A,-13.1
16297,low,1,14.0,4.0,8.6,A,15.0
16298,low,1,6.0,3.0,4.4,A,-4.5
16299,low,2,12.0,17.0,9.3,C,15.0
16300,low,0,13.0,1.0,6.2,A,4.8
16301,medium,3,18.0,15.0,4.1,A,-9.3
16302,low,1,5.0,23.0,1.1,A,-100.0
16303,medium,3,35.0,20.0,8.6,A,13.8
16304,low,0,9.0,0.0,2.3,C,-16.3
16305,high,2,40.0,36.0,5.6,C,-100.0
16306,low,1,1.0,8.0,6.8,A,9.3
16307,medium,0,5.0,15.0,9.2,A,15.0
16308,low,0,6.0,47.0,,D,
16309,low,2,24.0,14.0,1.3,A,-100.0
16310,low,2,8.0,1.0,4.4,A,-4.8
16311,medium,1,2.0,3.0,10.0,B,15.0
16312,none,1,9.0,6.0,5.1,A,-12.9
16313,low,0,2.0,5.0,2.0,A,-17.1
16314,medium,3,14.0,8.0,9.4,A,15.0
16315,high,3,12.0,14.0,,D,
16316,low,0,13.0,0.0,2.8,A,-13.9
16317,medium,2,7.0,35.0,7.6,A,11.4
16318,low,3,2.0,26.0,,A,
16319,low,2,9.0,24.0,6.4,C,6.3
16320,low,2,13.0,7.0,8.5,A,15.0
16321,medium,1,4.0,8.0,9.5,A,15.0
16322,high,1,6.0,30.0,2.1,A,-100.0
16323,low,2,5.0,3.0,8.5,B,15.0
16324,low,1,11.0,10.0,5.7,C,2.2
16325,low,2,23.0,11.0,3.3,A,-12.2
16326,medium,1,18.0,3.0,9.5,A,15.0
16327,low,1,3.0,3.0,1.3,A,-100.0
16328,low,1,9.0,9.0,9.3,C,15.0
16329,low,5,12.0,6.0,8.2,C,15.0
16330,medium,2,10.0,1.0,1.1,A,-100.0
16331,low,1,25.0,6.0,8.8,A,15.0
16332,medium,0,8.0,5.0,9.0,A,15.0
16333,high,0,2.0,10.0,2.6,A,-100.0
16334,low,1,2.0,16.0,9.7,A,15.0
16335,low,2,7.0,1.0,5.5,A,1.4
16336,high,0,13.0,6.0,7.8,A,-100.0
16337,high,1,14.0,10.0,6.2,A,-100.0
16338,medium,3,9.0,8.0,9.9,A,15.0
16339,low,1,2.0,11.0,6.2,A,5.9
16340,high,2,4.0,6.0,2.6,A,-100.0
16341,none,2,10.0,12.0,1.3,C,-100.0
16342,low,3,7.0,5.0,8.4,A,15.0
16343,low,0,1.0,11.0,1.4,A,-100.0
16344,high,1,4.0,40.0,8.5,C,-17.3
16345,none,1,23.0,13.0,6.4,D,-7.1
16346,high,2,5.0,38.0,10.0,D,-9.3
16347,high,0,1.0,22.0,9.8,A,-10.0
16348,high,2,12.0,1.0,9.7,A,-12.0
16349,medium,2,25.0,1.0,9.2,A,15.0
16350,none,1,1.0,8.0,9.2,A,10.5
16351,low,1,16.0,38.0,1.4,A,-100.0
16352,medium,1,18.0,11.0,1.8,A,-100.0
16353,none,1,5.0,13.0,7.8,A,2.4
16354,medium,0,6.0,2.0,7.5,A,10.8
16355,none,0,13.0,9.0,9.9,A,13.2
16356,high,1,11.0,17.0,9.8,A,-11.1
16357,low,0,21.0,7.0,3.0,B,-13.5
16358,high,3,11.0,8.0,6.5,D,-100.0
16359,none,3,25.0,6.0,9.2,C,7.9
16360,low,0,10.0,26.0,2.8,A,-13.3
16361,high,1,1.0,16.0,9.0,A,-14.5
16362,medium,2,9.0,14.0,3.6,C,-11.0
16363,high,1,11.0,28.0,9.3,B,-13.8
16364,none,1,2.0,20.0,2.7,A,-100.0
16365,medium,0,6.0,6.0,2.3,A,-17.8
16366,low,2,4.0,6.0,9.8,A,15.0
16367,high,0,10.0,11.0,8.6,A,-17.6
16368,none,2,11.0,3.0,7.7,A,1.1
16369,none,3,7.0,10.0,2.1,A,-100.0
16370,high,2,8.0,2.0,6.2,A,-100.0
16371,high,0,14.0,33.0,8.9,A,-16.1
16372,low,4,4.0,2.0,3.5,A,-9.5
16373,low,1,1.0,3.0,7.4,A,12.5
16374,medium,1,11.0,27.0,1.8,A,-100.0
16375,none,1,24.0,38.0,5.0,A,-14.6
16376,low,1,1.0,1.0,3.2,A,-10.6
16377,medium,0,8.0,2.0,7.6,C,11.1
16378,,1,3.0,4.0,5.3,A,-11.2
16379,high,1,4.0,5.0,9.2,A,-13.9
16380,none,2,28.0,0.0,8.9,A,6.0
16381,low,0,3.0,39.0,9.5,A,15.0
16382,medium,0,11.0,31.0,8.8,D,15.0
16383,high,1,29.0,15.0,6.3,A,-100.0
16384,low,1,15.0,2.0,2.4,A,-16.4
16385,medium,3,24.0,9.0,9.1,C,15.0
16386,high,4,4.0,1.0,2.7,A,-100.0
16387,high,1,2.0,4.0,9.4,A,-12.6
16388,medium,1,12.0,0.0,9.7,A,15.0
16389,medium,2,17.0,1.0,8.9,A,15.0
16390,medium,1,1.0,3.0,3.4,A,-11.3
16391,none,4,29.0,11.0,1.6,C,-100.0
16392,medium,0,15.0,3.0,8.4,A,14.9
16393,medium,1,7.0,1.0,5.3,C,-1.5
16394,medium,1,11.0,5.0,9.0,B,15.0
16395,none,0,11.0,21.0,9.4,A,10.8
16396,medium,1,2.0,12.0,5.1,A,-2.0
16397,low,1,6.0,2.0,5.5,A,1.6
16398,none,2,7.0,1.0,1.7,A,-100.0
16399,medium,1,4.0,50.0,6.1,C,3.7
16400,none,1,5.0,3.0,5.9,A,-8.1
16401,high,0,9.0,29.0,9.2,A,-14.0
16402,low,2,24.0,17.0,7.3,C,9.7
16403,high,4,6.0,2.0,1.4,B,-100.0
16404,none,0,11.0,3.0,1.0,A,-100.0
16405,low,1,1.0,10.0,8.8,A,15.0
16406,low,2,3.0,11.0,8.8,A,15.0
16407,none,0,23.0,10.0,2.5,C,-100.0
16408,low,1,3.0,2.0,9.9,C,15.0
16409,none,2,12.0,13.0,8.4,A,4.9
16410,low,2,6.0,11.0,2.8,D,-13.3
16411,none,2,17.0,2.0,5.7,A,-10.5
16412,,1,11.0,5.0,3.4,A,-100.0
16413,medium,2,19.0,7.0,3.2,C,-14.3
16414,medium,1,20.0,12.0,3.7,C,-11.5
16415,low,2,22.0,4.0,6.7,C,6.5
16416,high,5,19.0,3.0,8.6,B,-19.1
16417,low,2,14.0,0.0,5.4,A,0.1
16418,high,2,12.0,9.0,3.2,A,-100.0
16419,high,2,4.0,3.0,2.4,B,-100.0
16420,medium,1,6.0,24.0,8.3,A,15.0
16421,high,0,7.0,8.0,2.3,A,-100.0
16422,low,1,7.0,11.0,9.1,B,15.0
16423,low,2,2.0,37.0,6.9,A,9.9
16424,none,1,2.0,2.0,6.7,A,-3.4
16425,high,5,3.0,1.0,8.9,C,-15.8
16426,low,3,1.0,12.0,9.0,C,15.0
16427,high,1,15.0,24.0,9.3,A,-14.2
16428,low,1,18.0,35.0,6.1,A,4.0
16429,high,2,,25.0,2.1,C,
16430,high,0,2.0,3.0,9.1,A,-14.1
16431,high,0,19.0,8.0,10.0,A,-10.8
16432,medium,0,7.0,1.0,2.5,A,-16.8
16433,high,3,2.0,12.0,9.8,C,-10.5
16434,none,1,8.0,4.0,3.1,C,-100.0
16435,high,2,4.0,3.0,5.0,A,-100.0
16436,low,3,12.0,23.0,4.6,A,-4.0
16437,high,5,6.0,22.0,5.7,C,-100.0
16438,medium,4,1.0,19.0,8.1,A,14.4
16439,high,2,35.0,0.0,2.3,A,-100.0
16440,high,1,3.0,8.0,8.3,D,-18.7
16441,none,0,7.0,14.0,9.0,A,8.9
16442,high,1,8.0,4.0,9.3,A,-13.7
16443,medium,1,27.0,2.0,9.8,B,15.0
16444,high,1,2.0,15.0,8.2,A,-19.0
16445,none,1,8.0,19.0,6.4,B,-5.5
16446,low,3,9.0,11.0,8.6,C,15.0
16447,none,3,2.0,17.0,9.1,C,9.7
16448,low,1,12.0,23.0,9.7,A,15.0
16449,low,4,3.0,8.0,8.0,A,15.0
16450,high,2,22.0,4.0,8.2,A,-100.0
16451,low,0,14.0,5.0,8.2,A,15.0
16452,high,0,9.0,2.0,2.0,B,-100.0
16453,high,1,0.0,8.0,8.5,C,-17.3
16454,none,2,10.0,5.0,2.1,A,-100.0
16455,high,0,9.0,3.0,8.3,B,-19.2
16456,medium,0,8.0,18.0,3.2,A,-12.9
16457,medium,2,28.0,2.0,5.1,C,-4.8
16458,low,3,19.0,1.0,3.9,A,-8.7
16459,medium,1,13.0,8.0,4.9,A,-4.2
16460,low,2,2.0,0.0,1.8,A,-18.5
16461,medium,2,10.0,40.0,9.5,A,15.0
16462,high,3,24.0,5.0,8.6,A,-19.4
16463,low,1,6.0,2.0,7.6,A,13.1
16464,high,1,16.0,14.0,5.7,A,-100.0
16465,low,1,26.0,14.0,9.6,C,15.0
16466,medium,1,7.0,39.0,9.8,B,15.0
16467,low,3,8.0,14.0,5.1,A,-0.9
16468,low,1,6.0,20.0,8.6,A,15.0
16469,none,0,2.0,4.0,3.3,A,-100.0
16470,medium,2,13.0,1.0,8.5,A,15.0
16471,high,0,25.0,14.0,6.6,C,-100.0
16472,high,2,15.0,1.0,3.8,C,-100.0
16473,medium,0,15.0,10.0,3.2,C,-13.7
16474,none,4,12.0,35.0,9.3,A,9.9
16475,high,0,8.0,3.0,9.9,C,-10.3
16476,high,0,2.0,2.0,10.0,B,-9.2
16477,medium,3,7.0,12.0,6.2,A,3.3
16478,high,3,1.0,13.0,6.9,C,-100.0
16479,high,2,23.0,2.0,1.3,A,-100.0
16480,low,0,17.0,19.0,8.3,C,15.0
16481,none,1,15.0,12.0,4.5,A,-16.7
16482,medium,1,8.0,21.0,9.5,A,15.0
16483,none,2,9.0,5.0,3.0,A,-100.0
16484,none,4,7.0,20.0,5.0,A,-13.4
16485,none,1,9.0,9.0,8.8,A,7.5
16486,high,2,,13.0,2.6,C,
16487,high,4,24.0,5.0,1.8,A,-100.0
16488,low,1,4.0,3.0,4.9,A,-1.5
16489,low,2,19.0,15.0,9.2,A,15.0
16490,medium,5,6.0,24.0,4.6,C,-5.4
16491,high,1,4.0,15.0,1.5,A,-100.0
16492,medium,1,14.0,3.0,7.1,A,7.7
16493,low,1,3.0,13.0,9.2,A,15.0
16494,low,2,3.0,7.0,10.0,B,15.0
16495,medium,4,15.0,3.0,1.7,A,-100.0
16496,none,2,13.0,26.0,4.3,C,-17.6
16497,none,8,8.0,1.0,2.5,A,-100.0
16498,,1,12.0,3.0,4.2,A,-18.2
16499,medium,1,16.0,8.0,3.6,A,-11.7
16500,medium,1,8.0,15.0,3.1,A,-13.6
16501,low,1,15.0,6.0,4.1,C,-7.0
16502,none,0,3.0,18.0,9.8,B,13.8
16503,high,2,5.0,16.0,5.4,A,-100.0
16504,high,3,5.0,24.0,5.4,A,-100.0
16505,low,1,,3.0,1.8,C,
16506,medium,3,,1.0,1.3,C,
16507,low,3,20.0,4.0,5.9,C,2.2
16508,high,0,23.0,2.0,2.0,A,-100.0
16509,high,1,0.0,3.0,4.1,C,-100.0
16510,high,1,5.0,5.0,3.8,A,-100.0
16511,medium,2,9.0,9.0,8.3,A,14.8
16512,high,3,4.0,13.0,7.5,A,-100.0
16513,high,0,11.0,17.0,5.4,C,-100.0
16514,low,0,14.0,6.0,1.5,A,-100.0
16515,medium,0,4.0,2.0,3.5,A,-11.0
16516,none,0,10.0,5.0,8.6,C,6.4
16517,none,2,9.0,29.0,2.0,B,-100.0
16518,high,1,12.0,45.0,9.2,A,-14.3
16519,high,1,6.0,3.0,4.1,A,-100.0
16520,high,0,11.0,19.0,1.7,B,-100.0
16521,high,3,11.0,4.0,2.6,A,-100.0
16522,high,1,28.0,0.0,9.7,A,-13.6
16523,medium,2,10.0,16.0,7.3,A,9.2
16524,high,1,8.0,17.0,9.8,A,-10.8
16525,none,0,18.0,3.0,8.3,A,3.9
16526,high,2,17.0,4.0,8.8,A,-17.5
16527,low,0,10.0,0.0,8.4,C,15.0
16528,,0,6.0,15.0,3.2,D,-100.0
16529,low,0,,0.0,2.3,C,
16530,none,3,14.0,3.0,8.7,C,6.2
16531,none,4,8.0,9.0,9.6,B,11.7
16532,none,1,11.0,11.0,6.7,C,-4.2
16533,low,2,27.0,7.0,1.2,A,-100.0
16534,low,2,2.0,6.0,2.2,A,-16.2
16535,medium,3,24.0,1.0,8.4,A,13.6
16536,medium,1,6.0,26.0,2.5,B,-16.6
16537,medium,0,12.0,5.0,2.5,C,-17.3
16538,high,1,9.0,2.0,5.9,A,-100.0
16539,medium,3,20.0,2.0,2.4,A,-18.9
16540,medium,1,4.0,26.0,3.6,C,-10.3
16541,low,0,6.0,11.0,5.3,A,0.7
16542,medium,1,0.0,42.0,7.5,C,11.7
16543,low,1,5.0,50.0,3.5,A,-8.9
16544,medium,0,13.0,1.0,4.8,A,-4.8
16545,high,2,7.0,1.0,8.7,A,-17.0
16546,high,1,7.0,12.0,3.7,C,-100.0
16547,none,2,0.0,13.0,8.4,A,6.1
16548,low,0,2.0,8.0,1.8,C,-18.2
16549,low,1,9.0,6.0,1.7,B,-19.6
16550,none,2,12.0,13.0,1.0,C,-100.0
16551,low,1,7.0,8.0,6.2,A,5.4
16552,high,2,6.0,5.0,7.1,A,-100.0
16553,medium,2,6.0,23.0,6.7,A,6.4
16554,medium,1,13.0,50.0,1.2,C,-100.0
16555,none,2,18.0,1.0,8.4,A,4.2
16556,high,0,40.0,19.0,1.5,A,-100.0
16557,low,2,14.0,0.0,3.0,B,-13.1
16558,low,1,24.0,12.0,3.2,B,-12.8
16559,low,1,3.0,3.0,6.2,C,5.7
16560,medium,0,8.0,2.0,8.8,A,15.0
16561,medium,3,6.0,7.0,5.3,B,-1.6
16562,low,2,25.0,5.0,2.5,B,-16.9
16563,low,1,9.0,3.0,7.5,B,12.3
16564,low,2,13.0,4.0,9.1,A,15.0
16565,medium,1,9.0,15.0,5.3,B,-1.6
16566,high,1,8.0,2.0,6.7,A,-100.0
16567,none,1,8.0,0.0,3.8,C,-100.0
16568,low,1,3.0,50.0,7.7,C,14.4
16569,low,0,5.0,2.0,4.5,A,-3.7
16570,none,0,12.0,1.0,3.5,C,-100.0
16571,low,3,20.0,14.0,5.2,C,-1.6
16572,medium,0,20.0,15.0,3.0,A,-15.2
16573,medium,3,5.0,6.0,8.2,A,14.5
16574,low,2,14.0,1.0,10.0,A,15.0
16575,medium,1,8.0,10.0,6.2,A,3.4
16576,low,2,5.0,14.0,1.7,B,-19.2
16577,low,3,25.0,7.0,1.8,A,-100.0
16578,,1,21.0,35.0,5.2,A,-13.3
16579,low,1,13.0,8.0,9.9,B,15.0
16580,low,4,10.0,17.0,9.3,A,15.0
16581,medium,2,2.0,7.0,8.5,B,15.0
16582,low,2,10.0,37.0,4.8,A,-2.4
16583,medium,2,12.0,5.0,1.4,A,-100.0
16584,high,0,4.0,19.0,1.0,A,-100.0
16585,high,3,25.0,11.0,8.1,C,-100.0
16586,high,3,12.0,4.0,8.2,C,-100.0
16587,low,0,14.0,1.0,2.1,D,-17.8
16588,low,4,6.0,5.0,3.3,A,-10.8
16589,high,1,4.0,1.0,5.2,A,-100.0
16590,none,1,3.0,2.0,3.3,A,-100.0
16591,low,0,10.0,4.0,6.3,A,5.7
16592,low,3,15.0,25.0,9.4,A,15.0
16593,low,0,5.0,3.0,6.8,A,8.9
16594,medium,3,10.0,11.0,8.2,C,14.0
16595,high,0,3.0,5.0,7.4,C,-100.0
16596,low,3,11.0,4.0,8.1,C,15.0
16597,high,1,7.0,19.0,3.7,A,-100.0
16598,medium,0,8.0,7.0,6.2,A,3.5
16599,high,2,6.0,0.0,8.1,A,-100.0
16600,high,3,3.0,6.0,8.2,A,-19.4
16601,medium,1,24.0,11.0,5.3,A,-3.1
16602,medium,2,8.0,7.0,9.3,B,15.0
16603,low,2,,28.0,4.5,C,
16604,high,2,13.0,23.0,9.7,A,-11.9
16605,low,0,5.0,2.0,5.1,D,-0.4
16606,high,1,9.0,11.0,7.4,A,-100.0
16607,high,3,7.0,3.0,8.7,B,-17.1
16608,none,2,14.0,15.0,8.5,A,5.3
16609,high,0,3.0,15.0,9.1,A,-14.1
16610,low,1,14.0,11.0,8.4,A,15.0
16611,medium,0,9.0,50.0,5.5,B,-0.0
16612,low,1,9.0,2.0,9.3,A,15.0
16613,high,0,2.0,0.0,6.3,C,-100.0
16614,low,0,16.0,37.0,6.2,A,4.9
16615,medium,2,13.0,7.0,5.7,B,0.1
16616,high,4,15.0,36.0,8.9,A,-16.6
16617,medium,4,1.0,1.0,9.6,A,15.0
16618,none,1,12.0,20.0,9.3,A,10.1
16619,medium,1,3.0,38.0,9.5,D,15.0
16620,low,0,7.0,3.0,9.2,C,15.0
16621,low,3,8.0,5.0,7.5,A,12.2
16622,high,0,8.0,4.0,10.0,B,-9.8
16623,high,2,11.0,8.0,8.3,A,-19.6
16624,low,1,,7.0,4.1,C,
16625,low,3,16.0,5.0,3.8,C,-8.9
16626,high,1,3.0,2.0,9.1,A,-14.3
16627,high,1,3.0,20.0,5.1,A,-100.0
16628,low,1,3.0,6.0,5.8,A,3.6
16629,high,0,8.0,0.0,2.9,A,-100.0
16630,none,0,17.0,13.0,9.1,A,8.5
16631,medium,3,5.0,17.0,1.7,C,-100.0
16632,low,2,9.0,2.0,8.5,C,15.0
16633,medium,3,7.0,8.0,8.6,A,15.0
16634,high,2,,23.0,4.6,C,
16635,high,1,5.0,50.0,3.3,C,-100.0
16636,,2,13.0,12.0,7.0,A,-2.9
16637,low,1,4.0,12.0,3.9,A,-6.9
16638,medium,0,7.0,18.0,9.8,A,15.0
16639,none,2,1.0,5.0,9.1,B,9.8
16640,low,1,11.0,5.0,8.2,A,15.0
16641,low,2,15.0,10.0,1.8,A,-19.7
16642,low,3,7.0,15.0,1.6,D,-100.0
16643,medium,3,3.0,15.0,3.2,C,-12.7
16644,high,1,3.0,13.0,2.8,A,-100.0
16645,low,1,10.0,3.0,8.9,C,15.0
16646,low,1,10.0,0.0,9.1,A,15.0
16647,high,4,11.0,14.0,9.7,A,-12.0
16648,medium,3,5.0,16.0,7.3,A,9.6
16649,high,4,18.0,1.0,9.0,C,-16.7
16650,low,4,10.0,1.0,9.7,D,15.0
16651,none,1,6.0,1.0,9.7,B,12.7
16652,medium,3,2.0,5.0,9.6,A,15.0
16653,medium,0,19.0,2.0,1.3,B,-100.0
16654,none,0,14.0,0.0,9.1,C,8.6
16655,none,2,9.0,7.0,4.7,A,-15.2
16656,low,0,2.0,6.0,9.9,C,15.0
16657,medium,2,2.0,18.0,,C,
16658,low,0,7.0,32.0,3.7,A,-8.0
16659,none,1,1.0,21.0,5.3,A,-10.8
16660,high,4,10.0,20.0,8.6,A,-17.9
16661,high,0,10.0,5.0,2.6,A,-100.0
16662,high,2,10.0,16.0,3.7,A,-100.0
16663,low,1,16.0,22.0,1.7,B,-100.0
16664,high,0,2.0,8.0,2.7,B,-100.0
16665,high,0,5.0,4.0,9.5,A,-12.2
16666,none,0,4.0,5.0,2.8,A,-100.0
16667,high,0,4.0,4.0,3.3,A,-100.0
16668,high,0,11.0,3.0,8.3,A,-19.4
16669,low,0,9.0,3.0,2.3,A,-16.2
16670,low,2,23.0,33.0,8.5,A,15.0
16671,low,0,7.0,6.0,6.9,A,9.3
16672,none,2,2.0,10.0,2.1,A,-100.0
16673,high,2,9.0,14.0,8.1,A,-100.0
16674,high,1,9.0,7.0,9.3,C,-13.8
16675,none,1,10.0,4.0,5.2,C,-12.5
16676,low,2,4.0,4.0,9.6,A,15.0
16677,none,1,17.0,20.0,5.3,C,-12.4
16678,medium,1,9.0,19.0,2.5,A,-16.9
16679,low,0,6.0,28.0,7.1,B,10.7
16680,low,1,7.0,28.0,8.4,A,15.0
16681,medium,2,13.0,3.0,6.1,B,2.2
16682,medium,1,27.0,7.0,8.9,A,15.0
16683,low,0,17.0,39.0,9.0,C,15.0
16684,medium,0,6.0,30.0,8.8,A,15.0
16685,medium,3,5.0,8.0,8.5,A,15.0
16686,,1,2.0,5.0,,C,
16687,high,2,4.0,17.0,4.4,C,-100.0
16688,medium,2,13.0,48.0,2.7,B,-16.0
16689,low,0,7.0,6.0,8.5,A,15.0
16690,medium,1,5.0,5.0,8.0,B,13.6
16691,none,1,5.0,0.0,9.2,A,10.0
16692,high,1,4.0,13.0,9.0,A,-14.9
16693,none,4,9.0,6.0,4.1,C,-18.7
16694,low,1,7.0,2.0,1.8,D,-18.9
16695,low,2,9.0,1.0,5.5,A,1.2
16696,none,2,5.0,4.0,7.8,C,2.2
16697,high,1,7.0,8.0,3.1,D,-100.0
16698,low,0,8.0,42.0,1.5,A,-100.0
16699,medium,1,0.0,0.0,3.1,A,-12.9
16700,low,0,17.0,2.0,3.8,B,-8.8
16701,none,0,,3.0,9.4,C,
16702,medium,2,2.0,18.0,2.0,B,-19.1
16703,high,0,9.0,20.0,5.2,C,-100.0
16704,high,0,3.0,29.0,6.4,A,-100.0
16705,high,3,26.0,2.0,8.6,C,-19.6
16706,low,4,4.0,8.0,1.9,A,-18.3
16707,,0,14.0,4.0,9.4,B,10.3
16708,low,1,9.0,3.0,5.5,B,1.3
16709,low,1,18.0,8.0,2.5,A,-16.1
16710,medium,7,6.0,14.0,5.6,A,-0.3
16711,medium,1,6.0,1.0,9.4,A,15.0
16712,none,0,5.0,20.0,8.8,A,8.1
16713,medium,0,2.0,50.0,2.9,C,-13.6
16714,high,2,20.0,16.0,6.7,C,-100.0
16715,low,5,1.0,9.0,8.8,A,15.0
16716,high,2,27.0,1.0,4.2,A,-100.0
16717,high,3,9.0,9.0,6.8,A,-100.0
16718,none,2,6.0,16.0,8.6,A,6.7
16719,high,4,26.0,42.0,1.1,A,-100.0
16720,high,2,13.0,9.0,8.9,A,-16.5
16721,high,1,3.0,18.0,4.7,A,-100.0
16722,low,1,8.0,30.0,7.5,A,12.7
16723,low,1,4.0,33.0,8.1,A,15.0
16724,medium,0,19.0,8.0,8.4,A,14.5
16725,none,0,1.0,18.0,3.8,C,-19.0
16726,low,2,19.0,9.0,8.4,A,15.0
16727,low,0,18.0,31.0,9.4,A,15.0
16728,medium,1,2.0,1.0,6.4,A,5.0
16729,low,1,7.0,10.0,5.1,A,-0.7
16730,low,1,7.0,11.0,7.3,C,11.5
16731,high,1,13.0,2.0,8.9,A,-16.4
16732,high,1,4.0,1.0,9.4,A,-12.8
16733,medium,4,11.0,30.0,9.2,A,15.0
16734,low,3,7.0,6.0,8.6,A,15.0
16735,medium,1,9.0,20.0,9.4,A,15.0
16736,medium,0,7.0,6.0,9.9,C,15.0
16737,medium,2,31.0,1.0,3.5,A,-13.9
16738,high,2,9.0,15.0,2.5,A,-100.0
16739,high,1,4.0,19.0,8.8,C,-15.9
16740,medium,1,14.0,46.0,9.6,A,15.0
16741,high,1,18.0,7.0,5.3,A,-100.0
16742,low,0,11.0,35.0,4.5,C,-4.0
16743,none,0,11.0,44.0,8.2,A,4.4
16744,high,1,12.0,27.0,8.0,C,-100.0
16745,high,4,7.0,3.0,3.3,B,-100.0
16746,medium,3,9.0,17.0,3.4,A,-12.2
16747,high,0,3.0,4.0,2.1,A,-100.0
16748,medium,1,8.0,14.0,1.7,A,-100.0
16749,high,0,3.0,20.0,7.2,A,
16750,low,1,5.0,3.0,9.0,A,15.0
16751,medium,1,23.0,17.0,8.5,A,14.6
16752,low,3,15.0,7.0,7.2,C,9.9
16753,none,3,15.0,4.0,8.4,A,4.4
16754,low,4,6.0,5.0,8.0,A,15.0
16755,medium,0,10.0,15.0,8.5,A,15.0
16756,medium,0,5.0,3.0,7.6,A,11.4
16757,none,2,8.0,3.0,9.0,B,8.5
16758,high,2,1.0,6.0,3.2,A,-100.0
16759,none,5,2.0,2.0,2.6,A,-100.0
16760,medium,0,3.0,43.0,2.2,A,-17.6
16761,high,0,8.0,4.0,8.2,A,-19.7
16762,high,3,35.0,34.0,7.2,A,-100.0
16763,high,2,1.0,9.0,6.7,D,-100.0
16764,low,1,5.0,11.0,2.0,A,-17.5
16765,high,1,8.0,6.0,4.5,B,-100.0
16766,medium,0,8.0,7.0,2.3,B,-18.0
16767,high,2,0.0,19.0,4.8,C,-100.0
16768,low,2,27.0,14.0,6.6,A,5.5
16769,low,5,1.0,18.0,9.1,A,15.0
16770,low,1,17.0,9.0,8.2,C,15.0
16771,high,1,7.0,17.0,3.3,A,-100.0
16772,low,2,9.0,4.0,8.4,A,15.0
16773,none,0,8.0,21.0,9.1,D,9.5
16774,low,2,4.0,5.0,8.1,C,15.0
16775,high,2,9.0,1.0,9.6,A,-12.3
16776,low,0,3.0,13.0,2.7,A,-13.3
16777,low,0,2.0,1.0,8.8,A,15.0
16778,high,4,4.0,19.0,8.6,A,-17.3
16779,none,4,1.0,13.0,9.2,A,10.2
16780,low,2,3.0,21.0,8.5,A,15.0
16781,none,0,6.0,6.0,8.9,A,8.4
16782,medium,5,20.0,19.0,2.6,A,-17.9
16783,medium,1,22.0,9.0,4.1,A,-9.6
16784,medium,1,17.0,8.0,3.7,A,-11.3
16785,low,3,7.0,6.0,1.4,A,-100.0
16786,high,3,8.0,1.0,4.3,A,-100.0
16787,high,3,3.0,1.0,5.0,A,-100.0
16788,low,2,,2.0,6.9,C,
16789,high,1,5.0,3.0,2.3,B,
16790,medium,1,18.0,18.0,9.6,A,15.0
16791,none,0,7.0,8.0,6.2,B,-6.5
16792,low,1,12.0,14.0,4.3,A,-5.5
16793,medium,1,8.0,5.0,8.2,A,14.4
16794,high,2,14.0,2.0,1.6,A,-100.0
16795,high,2,2.0,5.0,9.6,A,-11.5
16796,low,0,5.0,1.0,9.6,A,15.0
16797,low,0,7.0,0.0,9.6,B,15.0
16798,low,0,21.0,7.0,4.9,A,-3.1
16799,medium,1,8.0,7.0,8.9,A,15.0
16800,low,5,6.0,19.0,10.0,B,15.0
16801,none,1,7.0,8.0,1.8,A,-100.0
16802,high,2,8.0,1.0,9.8,A,-11.1
16803,high,1,4.0,20.0,2.1,A,-100.0
16804,low,2,7.0,6.0,6.9,A,9.1
16805,medium,0,15.0,18.0,9.6,B,15.0
16806,high,1,40.0,11.0,1.0,B,-100.0
16807,high,2,5.0,8.0,5.7,C,-100.0
16808,high,1,18.0,8.0,9.0,C,-16.3
16809,medium,3,5.0,2.0,9.8,A,15.0
16810,medium,0,7.0,41.0,9.8,A,15.0
16811,none,1,2.0,5.0,9.2,D,10.3
16812,medium,2,12.0,4.0,8.6,A,15.0
16813,none,2,6.0,4.0,4.0,A,-18.8
16814,none,2,8.0,21.0,8.2,A,4.3
16815,medium,1,4.0,20.0,9.9,A,15.0
16816,low,5,7.0,0.0,6.9,A,8.7
16817,high,1,6.0,6.0,3.0,A,-100.0
16818,low,0,3.0,9.0,5.6,B,2.6
16819,high,2,9.0,7.0,7.2,A,-100.0
16820,none,2,6.0,16.0,5.8,B,-8.7
16821,low,4,3.0,3.0,4.3,A,-5.0
16822,high,0,8.0,20.0,9.8,A,-10.7
16823,none,1,5.0,35.0,9.5,A,12.0
16824,medium,2,8.0,7.0,8.0,A,13.2
16825,low,3,16.0,2.0,7.0,C,8.6
16826,high,1,,39.0,8.7,C,
16827,low,1,11.0,23.0,2.6,C,-14.7
16828,none,5,4.0,19.0,9.6,A,12.1
16829,low,1,10.0,15.0,6.6,A,7.4
16830,high,3,5.0,36.0,9.4,D,-12.7
16831,medium,3,8.0,0.0,3.9,D,-9.5
16832,high,3,15.0,0.0,5.1,C,-100.0
16833,low,1,4.0,6.0,2.5,B,-14.7
16834,medium,1,10.0,8.0,1.8,A,-100.0
16835,high,1,8.0,14.0,3.5,A,-100.0
16836,high,1,5.0,8.0,9.6,B,-11.7
16837,none,1,14.0,7.0,7.4,A,-0.7
16838,low,3,10.0,8.0,3.1,A,-12.2
16839,high,0,10.0,15.0,7.5,C,-100.0
16840,low,2,13.0,13.0,9.2,C,15.0
16841,high,1,22.0,13.0,9.9,A,-11.7
16842,high,1,12.0,4.0,5.1,D,-100.0
16843,low,2,1.0,37.0,2.7,B,-13.1
16844,low,2,6.0,13.0,3.7,C,-8.3
16845,high,0,3.0,5.0,3.5,D,-100.0
16846,low,0,14.0,12.0,8.7,A,15.0
16847,medium,2,2.0,18.0,3.0,A,-13.6
16848,medium,0,,3.0,3.6,C,
16849,high,2,20.0,4.0,8.7,C,-18.3
16850,high,3,13.0,2.0,9.8,A,-11.7
16851,low,1,7.0,0.0,9.3,B,15.0
16852,high,1,10.0,8.0,8.1,A,-100.0
16853,medium,1,8.0,10.0,7.7,A,11.7
16854,medium,1,4.0,6.0,2.9,A,-14.4
16855,high,1,25.0,15.0,8.1,A,-100.0
16856,high,0,8.0,11.0,2.4,A,-100.0
16857,medium,4,3.0,30.0,9.2,B,15.0
16858,medium,2,10.0,6.0,5.0,A,-3.5
16859,medium,3,21.0,2.0,7.3,A,7.9
16860,medium,2,15.0,10.0,5.7,C,-0.1
16861,low,1,9.0,4.0,4.1,C,-6.4
16862,medium,0,6.0,24.0,9.7,A,15.0
16863,low,1,,29.0,9.5,C,
16864,low,1,4.0,11.0,2.2,A,-16.3
16865,none,1,13.0,1.0,3.7,A,-100.0
16866,high,1,7.0,4.0,5.0,D,-100.0
16867,high,3,3.0,5.0,9.6,B,-11.8
16868,high,1,7.0,13.0,2.6,B,-100.0
16869,low,2,10.0,9.0,9.1,C,15.0
16870,low,1,3.0,4.0,8.4,C,15.0
16871,low,3,4.0,4.0,9.7,A,15.0
16872,high,1,10.0,0.0,2.8,A,-100.0
16873,high,0,16.0,50.0,8.4,A,-18.9
16874,none,2,12.0,12.0,3.9,A,-19.8
16875,medium,1,11.0,9.0,3.5,A,-11.7
16876,high,1,6.0,12.0,8.3,A,-18.9
16877,high,0,12.0,34.0,1.3,A,-100.0
16878,low,1,9.0,1.0,9.2,A,15.0
16879,low,2,20.0,1.0,8.4,A,15.0
16880,high,4,13.0,0.0,1.8,A,-100.0
16881,none,2,11.0,4.0,8.9,A,7.7
16882,none,3,9.0,2.0,9.4,B,10.5
16883,medium,4,5.0,30.0,9.0,C,15.0
16884,none,2,7.0,8.0,8.5,A,5.9
16885,high,1,9.0,17.0,1.3,A,-100.0
16886,high,1,15.0,17.0,8.9,C,-16.5
16887,low,2,5.0,4.0,8.6,A,15.0
16888,high,1,18.0,33.0,3.3,A,-100.0
16889,high,3,1.0,31.0,1.6,A,-100.0
16890,high,1,1.0,4.0,8.1,C,-19.6
16891,low,3,11.0,0.0,6.5,A,6.3
16892,high,4,6.0,10.0,2.3,A,-100.0
16893,none,2,12.0,1.0,2.7,B,-100.0
16894,medium,0,16.0,8.0,8.9,A,15.0
16895,none,0,20.0,4.0,9.5,C,10.3
16896,medium,3,9.0,1.0,5.3,A,-1.9
16897,none,0,5.0,4.0,9.4,B,11.2
16898,high,2,6.0,12.0,9.7,A,-11.3
16899,high,1,3.0,13.0,3.9,C,-100.0
16900,low,1,5.0,12.0,9.3,A,15.0
16901,high,2,2.0,5.0,8.8,C,-16.0
16902,high,3,17.0,3.0,2.9,A,-100.0
16903,high,1,16.0,11.0,2.0,A,-100.0
16904,high,1,11.0,44.0,9.1,B,-14.7
16905,none,0,4.0,34.0,4.9,A,-13.1
16906,low,1,6.0,7.0,1.6,A,-19.8
16907,none,4,11.0,24.0,1.2,B,-100.0
16908,high,2,4.0,6.0,4.1,A,-100.0
16909,medium,3,6.0,13.0,2.8,A,-15.2
16910,medium,3,3.0,9.0,4.0,A,-8.4
16911,medium,3,4.0,11.0,8.4,A,15.0
16912,high,1,11.0,7.0,9.2,D,-14.5
16913,high,0,18.0,15.0,9.8,A,-11.7
16914,none,3,9.0,16.0,2.1,A,-100.0
16915,low,3,1.0,0.0,3.7,A,-8.0
16916,high,0,4.0,7.0,2.4,A,-100.0
16917,none,2,6.0,38.0,8.2,A,4.7
16918,medium,0,10.0,12.0,9.5,A,15.0
16919,none,2,10.0,1.0,9.1,A,8.9
16920,medium,2,14.0,7.0,8.6,A,15.0
16921,low,0,3.0,50.0,10.0,A,15.0
16922,none,1,19.0,4.0,5.0,C,-14.5
16923,none,1,12.0,49.0,8.8,A,7.6
16924,none,2,1.0,8.0,8.0,A,3.8
16925,low,2,13.0,0.0,9.2,C,15.0
16926,none,1,12.0,4.0,5.3,C,-12.1
16927,none,2,6.0,3.0,6.2,A,-6.7
16928,low,1,6.0,1.0,1.2,A,-100.0
16929,high,3,24.0,0.0,1.5,A,-100.0
16930,low,0,6.0,3.0,5.0,B,-1.1
16931,none,4,4.0,1.0,9.2,A,9.8
16932,medium,1,2.0,3.0,6.4,A,5.1
16933,medium,2,4.0,23.0,4.2,B,-7.1
16934,high,2,12.0,2.0,2.3,A,-100.0
16935,high,1,18.0,14.0,2.4,A,-100.0
16936,low,0,24.0,14.0,4.1,A,-7.7
16937,high,2,7.0,8.0,5.7,A,-100.0
16938,low,4,12.0,15.0,3.8,C,-8.6
16939,low,2,8.0,16.0,4.3,C,-5.2
16940,high,1,9.0,10.0,6.8,A,-100.0
16941,medium,1,11.0,13.0,2.0,A,-19.9
16942,medium,0,3.0,9.0,8.6,A,15.0
16943,high,5,10.0,15.0,7.9,A,-100.0
16944,low,3,1.0,4.0,2.2,A,-16.3
16945,high,3,26.0,0.0,7.1,C,-100.0
16946,high,0,6.0,12.0,3.0,C,-100.0
16947,high,0,9.0,5.0,9.6,A,-12.0
16948,none,1,1.0,0.0,1.7,A,-100.0
16949,medium,2,15.0,19.0,1.1,A,-100.0
16950,low,4,9.0,3.0,3.1,A,-12.2
16951,high,2,5.0,3.0,7.0,B,-100.0
16952,medium,2,13.0,3.0,2.5,A,-17.6
16953,low,0,7.0,0.0,,D,
16954,none,0,7.0,5.0,3.1,A,-100.0
16955,low,2,11.0,7.0,2.4,C,-16.0
16956,low,1,2.0,23.0,2.8,C,-12.7
16957,medium,0,5.0,7.0,1.8,A,-100.0
16958,low,2,3.0,17.0,5.7,B,3.0
16959,high,3,10.0,28.0,5.0,C,-100.0
16960,high,2,23.0,3.0,9.2,A,-15.9
16961,high,3,13.0,5.0,8.1,C,-100.0
16962,high,1,13.0,11.0,9.0,D,-15.8
16963,high,4,14.0,9.0,9.0,C,-16.2
16964,high,0,16.0,46.0,2.6,A,-100.0
16965,medium,0,15.0,44.0,5.8,C,1.0
16966,high,1,7.0,8.0,6.3,C,-100.0
16967,none,0,12.0,1.0,8.4,C,5.0
16968,low,0,25.0,1.0,7.2,A,9.1
16969,high,0,4.0,22.0,9.4,A,-12.5
16970,low,1,12.0,13.0,1.6,C,-100.0
16971,low,2,34.0,18.0,6.8,B,6.0
16972,medium,2,10.0,2.0,9.1,A,15.0
16973,high,2,0.0,21.0,1.7,A,-100.0
16974,high,0,10.0,0.0,8.1,A,-100.0
16975,low,2,13.0,38.0,9.0,A,15.0
16976,low,2,12.0,13.0,2.9,C,-13.3
16977,none,1,3.0,5.0,8.3,A,5.3
16978,low,0,10.0,2.0,8.7,B,15.0
16979,high,1,3.0,20.0,8.5,C,-17.5
16980,low,1,2.0,2.0,8.8,A,15.0
16981,low,1,9.0,10.0,8.2,A,15.0
16982,none,2,,1.0,2.2,C,
16983,low,2,9.0,19.0,3.2,C,-11.3
16984,high,0,30.0,2.0,3.3,A,-100.0
16985,none,1,22.0,12.0,5.7,A,-10.8
16986,low,2,8.0,13.0,2.2,A,-16.8
16987,low,2,2.0,21.0,8.5,B,15.0
16988,low,2,9.0,14.0,5.1,C,-0.9
16989,high,1,8.0,2.0,5.0,B,-100.0
16990,low,3,2.0,1.0,9.3,B,15.0
16991,none,1,6.0,16.0,6.4,A,-5.3
16992,low,2,16.0,12.0,5.4,B,0.0
16993,high,3,11.0,6.0,4.5,C,-100.0
16994,high,2,15.0,3.0,8.2,A,-100.0
16995,medium,2,13.0,2.0,1.6,A,-100.0
16996,low,4,8.0,50.0,3.1,C,-11.7
16997,none,0,5.0,18.0,8.5,A,6.4
16998,high,1,7.0,38.0,2.8,A,-100.0
16999,low,2,24.0,9.0,2.0,C,-19.5
17000,high,1,15.0,9.0,8.3,A,-19.9
17001,high,3,14.0,5.0,2.7,A,-100.0
17002,medium,0,14.0,4.0,9.6,A,15.0
17003,high,0,5.0,6.0,6.1,A,-100.0
17004,none,0,7.0,5.0,9.0,C,8.9
17005,medium,1,13.0,3.0,9.3,A,15.0
17006,low,1,2.0,6.0,9.5,A,15.0
17007,low,2,1.0,9.0,8.9,A,15.0
17008,low,0,16.0,16.0,2.7,B,-14.6
17009,high,2,11.0,4.0,8.1,A,-100.0
17010,none,4,6.0,4.0,1.4,A,-100.0
17011,low,0,10.0,16.0,8.2,A,15.0
17012,high,0,19.0,29.0,2.2,A,-100.0
17013,high,2,2.0,10.0,8.9,B,-15.3
17014,low,1,25.0,6.0,1.5,A,-100.0
17015,low,1,9.0,16.0,3.6,A,-9.0
17016,high,1,21.0,2.0,8.4,C,-20.0
17017,medium,0,11.0,8.0,3.6,A,-11.1
17018,none,1,17.0,17.0,5.3,B,-12.5
17019,medium,3,9.0,1.0,9.0,C,15.0
17020,low,1,9.0,14.0,4.3,A,-5.2
17021,high,1,7.0,14.0,2.0,A,-100.0
17022,medium,0,21.0,6.0,1.2,A,-100.0
17023,low,2,13.0,2.0,7.1,C,9.6
17024,low,5,8.0,2.0,6.1,C,4.3
17025,low,2,13.0,6.0,7.7,A,12.9
17026,medium,1,12.0,8.0,9.8,A,15.0
17027,medium,0,5.0,10.0,1.6,C,-100.0
17028,,2,5.0,7.0,3.6,A,-100.0
17029,low,0,1.0,8.0,7.6,A,13.8
17030,high,2,4.0,12.0,2.4,C,-100.0
17031,none,3,5.0,21.0,6.5,A,-4.8
17032,none,4,11.0,10.0,9.6,C,11.4
17033,medium,2,3.0,21.0,1.2,A,-100.0
17034,high,0,6.0,8.0,5.1,A,-100.0
17035,low,2,9.0,29.0,5.4,A,0.9
17036,low,0,9.0,28.0,1.5,A,-100.0
17037,medium,1,7.0,5.0,1.7,A,-100.0
17038,none,2,9.0,4.0,6.6,C,-4.8
17039,high,2,13.0,2.0,4.8,A,-100.0
17040,medium,2,17.0,25.0,7.3,B,8.6
17041,high,2,6.0,27.0,3.9,C,-100.0
17042,,0,4.0,1.0,6.8,A,-3.0
17043,low,2,26.0,5.0,8.5,A,15.0
17044,high,4,4.0,4.0,7.5,A,-100.0
17045,high,3,6.0,10.0,2.1,D,-100.0
17046,low,3,13.0,16.0,1.5,A,-100.0
17047,none,2,1.0,20.0,3.0,C,-100.0
17048,medium,1,8.0,50.0,8.7,A,15.0
17049,low,2,9.0,1.0,2.2,A,-17.0
17050,low,1,4.0,10.0,9.3,C,15.0
17051,high,3,7.0,0.0,8.7,C,-17.1
17052,none,1,15.0,23.0,9.3,A,9.8
17053,high,0,1.0,11.0,8.3,C,-18.3
17054,,1,15.0,3.0,9.8,A,12.3
17055,none,2,4.0,9.0,9.4,A,11.2
17056,low,1,,17.0,5.1,C,
17057,high,0,15.0,16.0,8.8,B,-16.9
17058,medium,3,6.0,10.0,9.2,B,15.0
17059,low,1,8.0,20.0,8.8,A,15.0
17060,low,2,4.0,5.0,6.6,A,7.7
17061,high,2,2.0,5.0,4.2,A,-100.0
17062,low,3,15.0,12.0,8.4,C,15.0
17063,medium,2,5.0,2.0,1.7,B,-100.0
17064,medium,4,9.0,37.0,10.0,A,15.0
17065,low,0,14.0,5.0,9.6,A,15.0
17066,medium,0,7.0,8.0,9.5,D,15.0
17067,medium,0,4.0,24.0,6.1,A,3.5
17068,high,1,24.0,22.0,8.2,A,-100.0
17069,low,1,6.0,10.0,4.8,C,-2.2
17070,low,1,12.0,35.0,6.4,A,6.2
17071,medium,1,12.0,9.0,8.7,A,15.0
17072,low,3,20.0,0.0,9.5,A,15.0
17073,high,2,12.0,2.0,9.2,A,-14.8
17074,medium,0,2.0,34.0,8.3,A,15.0
17075,medium,2,16.0,32.0,9.2,A,15.0
17076,high,0,8.0,39.0,7.2,C,-100.0
17077,medium,0,14.0,25.0,2.4,C,-17.8
17078,high,1,3.0,7.0,9.3,D,-13.2
17079,medium,3,7.0,6.0,9.5,A,15.0
17080,low,3,10.0,50.0,1.3,D,-100.0
17081,low,2,13.0,2.0,6.4,D,5.7
17082,medium,2,10.0,10.0,7.7,A,11.4
17083,medium,1,7.0,8.0,6.7,C,6.3
17084,low,2,11.0,9.0,4.6,A,-3.9
17085,none,0,1.0,0.0,6.5,A,-4.3
17086,high,1,10.0,23.0,1.1,D,-100.0
17087,medium,0,7.0,14.0,2.1,A,-18.9
17088,medium,3,11.0,8.0,1.6,C,-100.0
17089,medium,1,3.0,15.0,9.1,A,15.0
17090,low,1,9.0,22.0,5.5,A,1.5
17091,none,0,3.0,37.0,5.5,A,-9.7
17092,none,0,10.0,20.0,1.5,A,-100.0
17093,medium,0,7.0,25.0,8.5,A,15.0
17094,high,2,26.0,0.0,8.1,A,-100.0
17095,medium,3,5.0,1.0,8.0,A,13.3
17096,medium,0,17.0,3.0,3.7,A,-11.2
17097,medium,1,8.0,3.0,2.5,A,-17.0
17098,medium,4,15.0,43.0,9.1,C,15.0
17099,medium,0,2.0,37.0,9.1,B,15.0
17100,high,3,18.0,21.0,5.7,A,-100.0
17101,high,2,21.0,9.0,2.9,A,-100.0
17102,high,0,1.0,16.0,4.6,A,-100.0
17103,high,0,6.0,5.0,4.1,A,-100.0
17104,high,0,9.0,5.0,6.9,C,-100.0
17105,high,2,10.0,12.0,3.3,A,-100.0
17106,low,1,3.0,29.0,9.1,A,15.0
17107,low,3,12.0,6.0,5.6,B,1.4
17108,medium,2,12.0,9.0,7.5,A,10.1
17109,high,3,4.0,17.0,8.5,A,-17.8
17110,none,0,23.0,14.0,2.3,A,-100.0
17111,low,2,22.0,4.0,8.2,C,14.7
17112,none,2,13.0,11.0,4.9,C,-14.4
17113,medium,2,2.0,12.0,8.9,A,15.0
17114,high,1,3.0,6.0,6.6,D,-100.0
17115,high,0,15.0,43.0,7.1,A,-100.0
17116,high,0,23.0,3.0,6.7,A,-100.0
17117,low,0,6.0,10.0,7.9,B,14.9
17118,none,1,14.0,4.0,1.4,A,-100.0
17119,medium,1,3.0,5.0,8.3,A,15.0
17120,high,3,11.0,18.0,4.8,B,-100.0
17121,none,2,2.0,9.0,4.3,B,-16.7
17122,none,0,15.0,11.0,8.2,B,3.7
17123,low,0,12.0,8.0,9.3,A,15.0
17124,high,0,4.0,9.0,6.5,A,-100.0
17125,low,2,4.0,6.0,5.9,C,3.9
17126,high,2,2.0,14.0,3.9,A,-100.0
17127,,0,7.0,6.0,1.0,A,-100.0
17128,high,6,6.0,3.0,9.6,A,-12.4
17129,high,0,7.0,19.0,4.2,A,-100.0
17130,low,1,15.0,2.0,,D,
17131,high,2,13.0,11.0,4.7,A,-100.0
17132,medium,3,5.0,13.0,9.8,A,15.0
17133,medium,0,16.0,2.0,8.8,A,15.0
17134,high,1,16.0,13.0,8.9,A,-16.6
17135,high,0,2.0,50.0,8.1,B,-19.2
17136,low,0,9.0,25.0,9.6,A,15.0
17137,high,1,9.0,8.0,3.7,B,-100.0
17138,high,0,25.0,43.0,5.9,A,-100.0
17139,high,1,2.0,0.0,1.8,A,-100.0
17140,low,1,3.0,17.0,8.4,A,15.0
17141,low,5,3.0,18.0,1.4,A,-100.0
17142,high,2,13.0,1.0,3.9,C,-100.0
17143,none,2,3.0,16.0,7.1,A,-1.3
17144,medium,1,15.0,15.0,7.6,A,10.5
17145,low,3,15.0,3.0,8.7,A,15.0
17146,low,1,7.0,1.0,1.1,C,-100.0
17147,medium,2,9.0,0.0,6.5,C,4.8
17148,none,0,5.0,3.0,1.1,C,-100.0
17149,high,0,8.0,4.0,6.6,A,-100.0
17150,none,2,5.0,4.0,1.7,A,-100.0
17151,high,0,7.0,1.0,8.0,B,-100.0
17152,medium,0,3.0,14.0,2.5,A,-16.3
17153,none,2,2.0,19.0,1.1,A,-100.0
17154,low,1,5.0,2.0,9.4,A,15.0
17155,low,0,15.0,30.0,8.4,C,15.0
17156,medium,0,7.0,2.0,8.3,A,15.0
17157,high,0,10.0,6.0,2.9,A,-100.0
17158,low,1,6.0,25.0,8.2,A,15.0
17159,low,0,7.0,4.0,9.7,B,15.0
17160,medium,1,7.0,7.0,8.9,A,15.0
17161,high,1,9.0,48.0,8.1,C,-20.0
17162,low,2,3.0,6.0,9.4,A,15.0
17163,medium,1,5.0,27.0,1.2,C,-100.0
17164,low,1,5.0,12.0,3.6,A,-8.7
17165,medium,3,40.0,3.0,6.6,A,2.1
17166,high,2,6.0,7.0,1.7,A,-100.0
17167,high,4,13.0,11.0,2.0,B,-100.0
17168,low,0,4.0,25.0,9.3,A,15.0
17169,low,0,22.0,31.0,5.4,A,-0.2
17170,high,1,12.0,28.0,1.3,A,-100.0
17171,medium,3,25.0,8.0,9.5,A,15.0
17172,none,1,15.0,2.0,9.5,A,10.7
17173,low,2,9.0,6.0,9.2,A,15.0
17174,none,0,8.0,1.0,9.5,C,11.5
17175,none,2,2.0,13.0,3.0,B,-100.0
17176,medium,2,6.0,19.0,9.0,C,15.0
17177,medium,2,11.0,6.0,7.5,A,10.1
17178,medium,0,18.0,18.0,8.2,A,13.6
17179,high,1,9.0,10.0,3.1,A,-100.0
17180,none,0,16.0,4.0,1.2,B,-100.0
17181,low,3,2.0,4.0,7.3,C,11.7
17182,,2,13.0,45.0,8.7,A,6.8
17183,high,0,18.0,14.0,1.3,B,-100.0
17184,low,1,14.0,0.0,3.6,A,-9.7
17185,medium,2,2.0,27.0,9.4,A,15.0
17186,high,1,6.0,14.0,1.2,B,-100.0
17187,low,1,6.0,0.0,5.0,A,-1.2
17188,low,2,7.0,10.0,3.0,A,-12.3
17189,none,1,4.0,25.0,8.3,A,5.4
17190,high,0,6.0,2.0,5.3,C,-100.0
17191,high,0,12.0,28.0,2.6,A,-100.0
17192,low,0,9.0,2.0,7.7,A,13.5
17193,low,1,11.0,19.0,9.6,C,15.0
17194,medium,1,3.0,8.0,7.1,C,8.9
17195,medium,2,15.0,2.0,3.8,A,-10.7
17196,high,0,18.0,38.0,8.6,C,-18.1
17197,medium,2,17.0,12.0,3.4,A,-13.0
17198,high,1,22.0,12.0,8.9,A,-17.2
17199,high,0,13.0,21.0,5.0,C,-100.0
17200,none,1,14.0,8.0,4.8,A,-15.0
17201,high,1,6.0,7.0,4.6,A,-100.0
17202,medium,1,15.0,10.0,2.8,B,-16.0
17203,medium,0,3.0,6.0,1.9,A,-19.7
17204,none,1,13.0,6.0,6.1,A,-7.8
17205,low,2,2.0,3.0,1.6,A,-19.6
17206,medium,2,5.0,26.0,8.2,C,14.8
17207,medium,1,9.0,7.0,8.1,A,13.8
17208,medium,3,11.0,31.0,2.8,A,-15.6
17209,medium,1,11.0,4.0,5.9,A,1.4
17210,none,1,11.0,12.0,5.2,A,-12.5
17211,high,0,4.0,34.0,9.8,B,-10.2
17212,high,1,8.0,9.0,7.6,A,-100.0
17213,medium,2,6.0,7.0,9.3,A,15.0
17214,high,3,7.0,15.0,8.4,D,-18.7
17215,none,1,14.0,6.0,9.0,A,8.1
17216,medium,1,7.0,7.0,3.9,D,-9.2
17217,high,0,8.0,8.0,3.1,A,-100.0
17218,medium,2,21.0,20.0,9.9,D,15.0
17219,none,0,3.0,1.0,3.8,A,-19.4
17220,high,2,1.0,17.0,2.5,C,-100.0
17221,low,1,5.0,7.0,9.8,A,15.0
17222,none,2,15.0,5.0,3.4,A,-100.0
17223,,1,,8.0,5.0,C,
17224,high,1,6.0,10.0,2.5,A,-100.0
17225,low,0,11.0,1.0,3.4,A,-10.4
17226,high,3,3.0,16.0,9.3,A,-13.3
17227,medium,3,18.0,18.0,9.9,A,15.0
17228,high,2,3.0,22.0,9.4,A,-12.6
17229,medium,2,12.0,6.0,9.0,A,15.0
17230,,2,4.0,4.0,3.9,A,-19.1
17231,medium,3,32.0,10.0,7.8,A,9.6
17232,high,0,3.0,12.0,8.5,C,-17.4
17233,,0,13.0,10.0,1.7,B,-100.0
17234,low,2,9.0,14.0,9.7,D,15.0
17235,high,0,9.0,16.0,2.5,A,-100.0
17236,high,1,21.0,11.0,6.5,A,-100.0
17237,high,1,9.0,21.0,1.7,A,-100.0
17238,high,3,7.0,3.0,6.9,A,-100.0
17239,high,1,14.0,13.0,6.7,B,-100.0
17240,medium,2,4.0,20.0,6.6,A,6.0
17241,medium,2,14.0,2.0,2.3,B,-18.8
17242,high,2,15.0,7.0,2.4,A,-100.0
17243,high,1,1.0,1.0,9.0,C,-14.7
17244,high,0,6.0,3.0,4.7,A,-100.0
17245,low,1,15.0,9.0,9.0,A,15.0
17246,high,3,14.0,2.0,9.0,A,-16.2
17247,none,1,,2.0,9.2,C,
17248,high,1,5.0,3.0,7.6,A,-100.0
17249,high,2,19.0,18.0,2.2,B,-100.0
17250,high,3,6.0,2.0,9.3,A,-13.7
17251,none,3,7.0,4.0,3.9,A,-19.5
17252,low,3,4.0,11.0,6.3,A,6.1
17253,low,1,15.0,11.0,6.0,A,3.5
17254,low,3,16.0,2.0,6.4,A,5.3
17255,high,0,9.0,16.0,4.1,B,-100.0
17256,high,2,14.0,2.0,8.3,C,-19.9
17257,low,0,4.0,1.0,9.6,C,15.0
17258,high,3,5.0,21.0,1.3,A,-100.0
17259,low,2,29.0,10.0,1.9,B,-100.0
17260,none,2,9.0,9.0,9.7,C,12.3
17261,medium,1,8.0,1.0,,D,
17262,low,0,12.0,17.0,9.0,A,15.0
17263,low,2,35.0,17.0,8.8,A,15.0
17264,low,4,8.0,4.0,6.0,A,3.8
17265,high,3,8.0,7.0,9.0,A,-15.5
17266,medium,0,16.0,4.0,4.5,A,-6.7
17267,low,3,23.0,0.0,9.9,A,15.0
17268,none,4,8.0,12.0,8.2,B,4.0
17269,low,1,12.0,3.0,7.9,C,14.2
17270,none,1,8.0,27.0,9.2,A,10.0
17271,high,0,15.0,0.0,9.8,B,-11.6
17272,high,3,22.0,10.0,4.7,A,-100.0
17273,low,1,7.0,17.0,8.7,A,15.0
17274,medium,1,5.0,7.0,9.2,C,15.0
17275,none,4,4.0,42.0,7.0,A,-1.9
17276,none,1,5.0,4.0,4.7,A,-14.7
17277,medium,0,18.0,32.0,9.0,B,15.0
17278,none,0,14.0,6.0,2.9,A,-100.0
17279,high,2,5.0,1.0,5.3,A,-100.0
17280,high,3,19.0,24.0,5.7,A,-100.0
17281,none,2,7.0,11.0,9.3,A,10.4
17282,medium,1,3.0,9.0,9.4,A,15.0
17283,low,2,16.0,1.0,10.0,C,15.0
17284,low,3,5.0,50.0,9.9,C,15.0
17285,medium,0,7.0,14.0,8.7,A,15.0
17286,medium,1,4.0,19.0,8.7,D,15.0
17287,high,4,11.0,7.0,3.4,A,-100.0
17288,medium,1,12.0,12.0,9.4,B,15.0
17289,high,0,24.0,8.0,1.9,A,-100.0
17290,medium,2,9.0,21.0,3.8,A,-9.9
17291,high,4,12.0,12.0,1.6,A,-100.0
17292,medium,2,2.0,20.0,8.7,A,15.0
17293,high,1,5.0,48.0,8.7,D,-16.3
17294,low,4,14.0,8.0,6.5,C,6.0
17295,high,4,2.0,0.0,8.2,B,-19.5
17296,low,4,10.0,14.0,1.4,D,-100.0
17297,low,1,3.0,14.0,2.8,B,-12.9
17298,high,1,8.0,4.0,2.6,A,-100.0
17299,low,2,9.0,7.0,4.1,A,-6.5
17300,medium,2,,11.0,2.0,C,
17301,medium,3,12.0,6.0,6.5,A,4.4
17302,low,1,13.0,1.0,5.4,A,0.3
17303,high,0,8.0,5.0,8.7,C,-16.9
17304,high,0,4.0,17.0,1.9,A,-100.0
17305,low,0,4.0,24.0,9.9,A,15.0
17306,low,0,19.0,11.0,3.2,A,-12.2
17307,high,3,7.0,28.0,3.3,A,-100.0
17308,medium,1,7.0,9.0,3.8,B,-9.7
17309,low,0,6.0,6.0,5.6,A,2.3
17310,high,4,12.0,12.0,8.8,C,-17.1
17311,none,0,15.0,1.0,8.2,C,3.6
17312,medium,3,29.0,0.0,9.1,B,15.0
17313,high,1,15.0,5.0,5.6,C,-100.0
17314,medium,2,4.0,20.0,6.7,A,6.6
17315,low,1,10.0,28.0,5.7,B,2.5
17316,high,2,4.0,8.0,8.3,A,-18.9
17317,medium,2,38.0,8.0,8.8,C,14.6
17318,low,1,27.0,8.0,4.4,A,-6.5
17319,high,1,9.0,28.0,1.9,A,-100.0
17320,low,0,6.0,5.0,6.9,D,9.4
17321,medium,1,2.0,2.0,6.8,B,7.2
17322,high,0,7.0,15.0,2.7,A,-100.0
17323,high,1,9.0,1.0,10.0,C,-10.0
17324,low,1,6.0,2.0,1.4,B,-100.0
17325,none,0,30.0,5.0,9.0,A,6.6
17326,low,2,19.0,22.0,8.6,A,15.0
17327,medium,2,6.0,0.0,3.5,C,-11.4
17328,high,2,10.0,3.0,6.0,D,-100.0
17329,low,2,3.0,4.0,5.8,A,3.4
17330,medium,2,28.0,14.0,7.9,A,10.7
17331,,0,12.0,13.0,8.7,A,6.8
17332,low,2,1.0,16.0,9.3,A,15.0
17333,medium,1,28.0,7.0,3.5,B,-13.5
17334,high,2,7.0,10.0,8.4,C,-18.6
17335,low,3,5.0,0.0,2.6,A,-14.5
17336,,0,27.0,0.0,3.7,A,-100.0
17337,low,0,33.0,6.0,2.4,A,-18.0
17338,low,0,10.0,14.0,9.6,B,15.0
17339,high,2,14.0,19.0,2.4,A,-100.0
17340,medium,0,4.0,12.0,1.7,A,-100.0
17341,none,2,3.0,13.0,8.6,A,6.9
17342,low,2,31.0,2.0,1.7,A,-100.0
17343,none,2,8.0,10.0,9.3,D,10.3
17344,low,1,3.0,9.0,8.3,C,15.0
17345,medium,0,14.0,1.0,9.2,A,15.0
17346,none,1,3.0,20.0,8.9,A,8.8
17347,low,0,4.0,18.0,8.1,B,15.0
17348,none,1,13.0,15.0,1.6,A,-100.0
17349,low,2,7.0,5.0,8.5,A,15.0
17350,high,0,11.0,45.0,2.5,C,-100.0
17351,medium,1,18.0,1.0,7.6,A,10.0
17352,low,4,7.0,6.0,3.0,A,-12.5
17353,low,1,6.0,15.0,7.9,C,14.9
17354,low,0,2.0,19.0,9.5,C,15.0
17355,none,1,20.0,29.0,1.8,A,-100.0
17356,low,1,20.0,15.0,6.4,A,5.3
17357,high,3,7.0,3.0,9.8,C,-11.1
17358,low,3,9.0,1.0,4.6,A,-3.9
17359,high,1,8.0,2.0,5.4,A,-100.0
17360,medium,3,25.0,14.0,9.5,A,15.0
17361,low,0,10.0,11.0,2.5,B,-15.1
17362,low,0,11.0,40.0,3.5,A,-9.5
17363,low,0,4.0,2.0,9.4,B,15.0
17364,medium,2,7.0,3.0,8.1,A,13.8
17365,low,1,9.0,8.0,8.7,A,15.0
17366,none,0,14.0,7.0,9.2,A,9.3
17367,low,1,3.0,4.0,3.4,A,-9.7
17368,,1,14.0,5.0,8.1,A,3.1
17369,medium,0,35.0,4.0,9.0,D,15.0
17370,high,0,13.0,24.0,2.1,C,-100.0
17371,high,3,10.0,39.0,1.5,A,-100.0
17372,medium,1,3.0,8.0,8.4,A,15.0
17373,medium,2,22.0,8.0,8.5,A,14.6
17374,low,7,2.0,4.0,8.2,A,15.0
17375,medium,1,5.0,5.0,9.0,A,15.0
17376,medium,1,6.0,2.0,8.2,A,14.5
17377,medium,0,7.0,30.0,8.2,A,14.8
17378,medium,4,4.0,14.0,5.2,D,-1.9
17379,none,3,4.0,19.0,6.2,A,-6.4
17380,none,1,14.0,12.0,6.0,C,-8.4
17381,low,2,13.0,6.0,7.9,A,14.0
17382,high,2,1.0,8.0,9.2,A,-13.6
17383,medium,2,6.0,2.0,8.4,A,15.0
17384,medium,2,13.0,9.0,4.0,B,-9.3
17385,low,0,23.0,10.0,9.5,C,15.0
17386,low,1,6.0,2.0,6.8,D,8.7
17387,none,0,5.0,50.0,7.6,C,1.8
17388,none,2,6.0,2.0,2.7,A,-100.0
17389,medium,2,12.0,33.0,9.8,A,15.0
17390,medium,1,22.0,18.0,2.3,A,-19.3
17391,low,1,14.0,12.0,9.7,A,15.0
17392,medium,1,16.0,5.0,2.8,A,-16.1
17393,low,0,5.0,12.0,9.6,A,15.0
17394,medium,0,20.0,28.0,9.8,A,15.0
17395,high,0,15.0,1.0,1.1,B,-100.0
17396,high,1,7.0,0.0,9.0,A,-15.3
17397,high,4,8.0,21.0,5.9,B,-100.0
17398,medium,2,40.0,3.0,8.7,C,13.8
17399,medium,2,19.0,8.0,9.0,A,15.0
17400,high,2,7.0,1.0,2.9,C,-100.0
17401,low,2,31.0,25.0,7.3,A,9.1
17402,medium,2,16.0,1.0,6.2,D,2.4
17403,,2,17.0,9.0,8.3,A,3.8
17404,low,1,11.0,11.0,9.4,D,15.0
17405,low,0,4.0,3.0,9.3,A,15.0
17406,low,1,38.0,17.0,3.9,A,-10.3
17407,medium,0,8.0,49.0,9.2,C,15.0
17408,low,1,10.0,13.0,5.1,B,-0.9
17409,medium,1,,19.0,9.2,C,
17410,high,1,3.0,31.0,1.4,A,-100.0
17411,high,1,12.0,4.0,10.0,C,-10.3
17412,none,2,4.0,0.0,5.6,A,-9.8
17413,low,4,4.0,3.0,2.4,D,-15.6
17414,low,0,7.0,36.0,8.2,B,15.0
17415,medium,1,1.0,32.0,3.7,C,-9.4
17416,high,3,7.0,11.0,7.4,A,-100.0
17417,low,0,16.0,50.0,7.4,A,11.6
17418,high,1,4.0,33.0,7.3,C,-100.0
17419,low,0,19.0,15.0,7.9,A,13.7
17420,none,2,8.0,43.0,1.1,A,-100.0
17421,medium,2,13.0,3.0,8.1,B,13.2
17422,high,1,16.0,18.0,1.8,A,-100.0
17423,none,2,17.0,39.0,5.8,C,-9.6
17424,none,1,1.0,19.0,8.5,C,6.7
17425,high,2,6.0,21.0,5.4,D,-100.0
17426,low,0,8.0,29.0,4.5,A,-3.8
17427,low,1,8.0,1.0,7.1,A,10.2
17428,medium,4,5.0,13.0,6.5,D,5.1
17429,medium,1,3.0,23.0,6.5,B,5.7
17430,low,2,10.0,6.0,6.5,B,6.6
17431,low,3,22.0,15.0,8.9,A,15.0
17432,high,4,17.0,1.0,8.4,A,-19.9
17433,none,1,4.0,0.0,8.5,B,6.3
17434,low,2,1.0,16.0,4.6,A,-2.8
17435,low,1,13.0,10.0,10.0,A,15.0
17436,medium,3,12.0,21.0,8.4,C,15.0
17437,none,2,6.0,2.0,5.9,A,-8.3
17438,none,2,11.0,7.0,1.1,A,-100.0
17439,medium,1,6.0,4.0,1.1,A,-100.0
17440,high,2,4.0,1.0,3.3,A,-100.0
17441,,0,17.0,1.0,3.8,A,-100.0
17442,none,1,13.0,2.0,8.5,B,5.4
17443,low,2,1.0,7.0,8.2,A,15.0
17444,high,3,6.0,20.0,1.6,D,-100.0
17445,high,2,2.0,3.0,9.6,D,-11.6
17446,medium,3,12.0,15.0,2.4,A,-18.0
17447,medium,2,5.0,6.0,9.0,A,15.0
17448,high,0,9.0,7.0,2.1,C,-100.0
17449,low,2,15.0,5.0,9.9,B,15.0
17450,high,3,13.0,1.0,9.8,A,-11.7
17451,none,2,7.0,4.0,6.0,C,-7.9
17452,none,3,9.0,2.0,6.8,A,-3.8
17453,low,0,8.0,3.0,2.5,A,-15.0
17454,low,1,6.0,1.0,8.2,D,15.0
17455,high,3,9.0,10.0,7.5,A,-100.0
17456,high,2,12.0,8.0,4.2,C,-100.0
17457,low,2,4.0,9.0,8.2,A,15.0
17458,,0,7.0,1.0,3.2,A,-100.0
17459,medium,1,10.0,0.0,1.8,B,-100.0
17460,medium,0,8.0,17.0,8.7,A,15.0
17461,low,1,5.0,5.0,9.9,A,15.0
17462,low,0,12.0,11.0,5.8,D,2.8
17463,low,0,,27.0,5.0,C,
17464,low,2,9.0,15.0,1.3,A,-100.0
17465,high,0,34.0,4.0,3.5,A,-100.0
17466,low,3,12.0,0.0,10.0,B,15.0
17467,low,1,8.0,9.0,2.7,D,-14.0
17468,low,1,20.0,13.0,9.9,A,15.0
17469,medium,3,17.0,7.0,5.0,C,-4.3
17470,high,4,22.0,1.0,4.1,C,-100.0
17471,medium,4,19.0,11.0,7.4,B,8.6
17472,low,1,5.0,9.0,9.1,A,15.0
17473,high,2,9.0,28.0,3.0,A,-100.0
17474,high,0,24.0,25.0,2.6,A,-100.0
17475,high,3,19.0,4.0,3.9,A,-100.0
17476,high,3,18.0,10.0,9.5,C,-13.7
17477,high,1,5.0,3.0,8.5,A,-17.8
17478,medium,3,12.0,7.0,7.3,A,8.8
17479,high,2,14.0,0.0,5.2,A,-100.0
17480,high,2,4.0,22.0,2.7,A,-100.0
17481,low,3,5.0,8.0,3.7,A,-8.4
17482,low,1,2.0,19.0,2.3,C,-15.5
17483,high,0,17.0,29.0,7.9,B,-100.0
17484,none,1,8.0,1.0,9.6,A,11.9
17485,none,3,6.0,2.0,9.1,C,9.2
17486,high,1,6.0,27.0,1.8,A,-100.0
17487,high,2,14.0,18.0,2.4,A,-100.0
17488,high,0,22.0,5.0,4.3,A,-100.0
17489,low,1,2.0,42.0,3.9,A,-6.4
17490,high,5,7.0,8.0,9.2,A,-14.5
17491,low,1,24.0,18.0,8.7,A,15.0
17492,low,2,13.0,3.0,4.5,C,-4.7
17493,low,0,3.0,6.0,9.3,C,15.0
17494,low,1,7.0,5.0,1.3,A,-100.0
17495,none,1,27.0,3.0,9.0,B,6.7
17496,high,2,23.0,8.0,8.5,B,-19.7
17497,high,2,1.0,12.0,9.1,A,-14.1
17498,medium,1,22.0,18.0,9.0,A,15.0
17499,high,1,10.0,11.0,2.9,A,-100.0
17500,high,1,5.0,48.0,9.5,A,-11.9
17501,medium,4,3.0,3.0,3.7,A,-10.2
17502,low,0,20.0,11.0,9.0,D,15.0
17503,none,0,23.0,3.0,3.2,A,-100.0
17504,high,0,5.0,7.0,8.3,A,-18.8
17505,high,1,31.0,5.0,8.8,B,-18.8
17506,low,2,5.0,1.0,5.5,A,1.6
17507,high,0,10.0,9.0,9.9,C,-10.5
17508,high,3,30.0,12.0,9.0,B,-17.7
17509,high,4,9.0,26.0,9.7,A,-11.7
17510,low,2,3.0,7.0,9.9,C,15.0
17511,medium,2,2.0,3.0,7.3,C,9.9
17512,low,1,2.0,2.0,3.1,A,-11.2
17513,none,3,14.0,1.0,9.3,A,9.5
17514,medium,4,11.0,4.0,4.7,A,-5.5
17515,high,1,3.0,4.0,9.4,B,-12.7
17516,high,1,5.0,3.0,4.4,C,-100.0
17517,low,1,6.0,8.0,9.5,A,15.0
17518,high,0,8.0,4.0,1.6,A,-100.0
17519,low,2,19.0,10.0,3.3,A,-11.8
17520,low,1,13.0,8.0,9.5,A,15.0
17521,medium,2,4.0,48.0,4.8,A,-3.6
17522,low,1,17.0,2.0,2.8,A,-14.4
17523,medium,0,7.0,3.0,8.4,C,15.0
17524,low,2,10.0,2.0,9.6,A,15.0
17525,low,3,9.0,49.0,9.8,A,15.0
17526,low,0,8.0,6.0,6.7,A,8.1
17527,low,1,6.0,27.0,4.5,A,-3.7
17528,high,0,7.0,5.0,1.7,C,-100.0
17529,high,2,5.0,24.0,8.4,A,-18.3
17530,high,1,27.0,11.0,5.0,A,-100.0
17531,high,0,7.0,8.0,8.1,C,-100.0
17532,low,3,12.0,12.0,4.3,A,-5.7
17533,medium,0,4.0,27.0,8.5,A,15.0
17534,medium,2,11.0,28.0,5.7,A,0.5
17535,low,0,33.0,12.0,9.9,A,15.0
17536,,1,3.0,14.0,9.8,A,13.6
17537,high,0,6.0,12.0,8.9,C,-15.5
17538,low,1,3.0,20.0,1.4,A,-100.0
17539,low,1,31.0,3.0,8.4,A,15.0
17540,medium,3,10.0,9.0,6.1,A,2.5
17541,low,2,17.0,10.0,2.6,C,-15.5
17542,high,0,9.0,1.0,9.2,D,-14.3
17543,high,2,8.0,3.0,8.8,A,-16.6
17544,high,1,17.0,5.0,2.2,A,-100.0
17545,high,0,23.0,21.0,9.2,A,-15.5
17546,medium,0,30.0,6.0,2.0,A,-100.0
17547,low,1,8.0,5.0,5.8,A,3.1
17548,high,2,1.0,2.0,6.0,A,-100.0
17549,high,3,11.0,5.0,1.4,A,-100.0
17550,low,0,28.0,6.0,7.6,A,11.1
17551,low,1,4.0,7.0,8.1,A,15.0
17552,medium,2,9.0,1.0,9.5,A,15.0
17553,low,0,3.0,7.0,4.4,B,-4.0
17554,high,0,6.0,2.0,6.6,A,-100.0
17555,low,1,1.0,14.0,8.5,C,15.0
17556,low,0,18.0,34.0,3.7,C,-9.1
17557,medium,0,21.0,4.0,1.4,C,-100.0
17558,high,2,7.0,50.0,9.4,A,-12.7
17559,high,2,9.0,11.0,6.4,D,-100.0
17560,high,0,2.0,2.0,5.8,A,-100.0
17561,low,1,12.0,3.0,6.1,D,4.3
17562,low,3,5.0,34.0,2.5,A,-14.7
17563,high,4,23.0,11.0,6.4,A,-100.0
17564,low,3,26.0,5.0,4.9,A,-3.9
17565,,3,13.0,22.0,3.1,A,-100.0
17566,medium,3,14.0,6.0,9.5,D,15.0
17567,,1,9.0,4.0,8.3,A,4.7
17568,low,0,9.0,8.0,6.5,A,6.9
17569,low,2,7.0,11.0,9.4,A,15.0
17570,none,1,4.0,9.0,9.8,B,13.5
17571,medium,2,5.0,4.0,8.6,C,15.0
17572,low,2,14.0,3.0,7.3,A,10.6
17573,high,1,7.0,1.0,1.5,D,-100.0
17574,high,1,1.0,36.0,1.5,A,-100.0
17575,high,0,0.0,24.0,8.6,B,-16.5
17576,none,2,9.0,16.0,5.3,A,-11.8
17577,high,2,18.0,27.0,9.0,A,-16.2
17578,medium,1,2.0,7.0,3.6,A,-10.3
17579,low,1,3.0,5.0,6.6,C,8.0
17580,medium,1,32.0,6.0,3.1,A,-16.1
17581,high,0,10.0,13.0,7.6,A,-100.0
17582,none,0,4.0,5.0,5.1,A,-12.3
17583,high,4,16.0,7.0,4.9,B,-100.0
17584,low,2,13.0,12.0,1.1,A,-100.0
17585,high,1,6.0,1.0,8.5,A,-17.9
17586,none,1,6.0,43.0,9.0,C,9.2
17587,low,2,5.0,3.0,3.4,A,-10.0
17588,low,2,5.0,2.0,3.7,C,-8.3
17589,medium,2,12.0,14.0,1.5,A,-100.0
17590,high,1,7.0,2.0,8.5,A,-18.0
17591,medium,4,6.0,4.0,6.9,C,7.1
17592,low,0,8.0,4.0,3.0,A,-12.3
17593,low,0,27.0,5.0,1.1,D,-100.0
17594,low,2,2.0,50.0,6.4,C,7.3
17595,high,2,18.0,26.0,1.2,A,-100.0
17596,high,1,5.0,15.0,8.9,C,-15.5
17597,low,2,2.0,0.0,9.0,A,15.0
17598,medium,1,13.0,35.0,9.7,A,15.0
17599,low,1,34.0,25.0,7.6,C,10.6
17600,high,2,6.0,7.0,8.8,C,-16.3
17601,medium,0,6.0,1.0,7.6,A,11.3
17602,medium,0,5.0,20.0,9.0,A,15.0
17603,none,0,9.0,10.0,1.6,A,-100.0
17604,low,1,7.0,21.0,8.4,B,15.0
17605,none,0,20.0,5.0,2.7,A,-100.0
17606,medium,4,12.0,15.0,1.1,A,-100.0
17607,medium,1,23.0,4.0,1.9,A,-100.0
17608,high,1,15.0,8.0,4.1,C,-100.0
17609,low,2,2.0,50.0,9.5,C,15.0
17610,high,0,3.0,2.0,7.6,C,-100.0
17611,high,1,13.0,5.0,9.6,A,-12.5
17612,none,0,13.0,8.0,1.6,A,-100.0
17613,low,0,2.0,1.0,,C,
17614,none,1,15.0,3.0,8.1,A,3.0
17615,low,1,2.0,10.0,5.4,A,1.5
17616,low,1,8.0,3.0,2.5,A,-15.1
17617,low,2,,31.0,6.4,C,
17618,low,4,29.0,30.0,9.0,A,15.0
17619,low,2,18.0,5.0,2.7,A,-15.1
17620,high,2,13.0,21.0,1.8,A,-100.0
17621,medium,0,6.0,16.0,8.1,A,14.2
17622,high,1,,18.0,7.3,C,
17623,low,2,6.0,6.0,2.3,A,-16.1
17624,,4,17.0,5.0,2.5,A,-100.0
17625,low,0,7.0,20.0,1.7,A,-19.1
17626,high,1,16.0,26.0,8.1,C,-100.0
17627,low,0,7.0,15.0,9.0,B,15.0
17628,medium,3,2.0,0.0,5.5,A,-0.1
17629,none,0,4.0,7.0,4.4,A,-16.1
17630,low,0,1.0,22.0,8.9,A,15.0
17631,low,1,4.0,3.0,2.7,A,-13.6
17632,high,1,10.0,8.0,8.4,A,-18.8
17633,low,5,13.0,32.0,5.6,A,1.3
17634,medium,2,7.0,0.0,9.0,A,15.0
17635,none,1,14.0,12.0,2.0,C,-100.0
17636,none,4,17.0,26.0,4.2,A,-18.7
17637,medium,0,4.0,19.0,8.7,B,15.0
17638,high,1,12.0,32.0,2.9,C,-100.0
17639,medium,1,10.0,6.0,3.6,B,-11.1
17640,none,2,6.0,5.0,,D,
17641,medium,3,14.0,50.0,9.1,A,15.0
17642,high,0,4.0,1.0,4.8,A,-100.0
17643,high,1,6.0,1.0,8.3,C,-19.0
17644,high,0,8.0,4.0,7.2,A,-100.0
17645,medium,3,10.0,17.0,8.8,A,15.0
17646,low,2,4.0,28.0,7.1,A,10.7
17647,none,2,5.0,5.0,9.1,A,9.4
17648,high,4,8.0,7.0,5.7,A,-100.0
17649,low,1,5.0,20.0,3.0,A,-11.9
17650,high,4,2.0,11.0,5.7,C,-100.0
17651,medium,2,13.0,1.0,2.3,C,-18.7
17652,low,3,9.0,1.0,9.6,A,15.0
17653,none,1,7.0,36.0,1.7,A,-100.0
17654,high,0,12.0,14.0,4.9,B,-100.0
17655,medium,1,3.0,9.0,1.9,C,-19.7
17656,low,1,8.0,5.0,2.9,C,-12.9
17657,medium,2,8.0,30.0,9.6,A,15.0
17658,none,0,11.0,50.0,3.6,A,-100.0
17659,low,3,10.0,1.0,9.0,A,15.0
17660,low,0,15.0,6.0,5.3,A,-0.3
17661,medium,0,3.0,2.0,2.7,C,-15.3
17662,medium,0,4.0,1.0,4.7,A,-4.4
17663,high,2,5.0,6.0,1.9,A,-100.0
17664,high,2,22.0,16.0,8.8,A,-17.9
17665,medium,1,12.0,12.0,8.6,A,15.0
17666,none,0,8.0,22.0,3.0,A,-100.0
17667,low,1,6.0,3.0,1.4,A,-100.0
17668,high,2,3.0,1.0,2.8,A,-100.0
17669,medium,2,16.0,16.0,5.4,A,-1.8
17670,low,1,3.0,20.0,9.7,A,15.0
17671,low,2,3.0,12.0,8.9,C,15.0
17672,medium,4,22.0,11.0,9.0,A,15.0
17673,high,0,11.0,27.0,8.7,A,-17.0
17674,low,0,1.0,14.0,,A,
17675,high,1,12.0,1.0,1.8,A,-100.0
17676,high,3,9.0,25.0,2.5,A,-100.0
17677,low,2,6.0,15.0,2.7,C,-13.8
17678,low,0,4.0,5.0,9.0,C,15.0
17679,medium,0,7.0,3.0,8.0,A,13.5
17680,high,2,19.0,1.0,8.7,A,-18.2
17681,low,2,10.0,21.0,8.2,C,15.0
17682,low,1,2.0,0.0,8.5,A,15.0
17683,high,0,11.0,8.0,3.8,B,-100.0
17684,medium,2,10.0,1.0,8.7,B,15.0
17685,none,1,12.0,12.0,1.9,C,-100.0
17686,low,0,12.0,1.0,8.8,D,15.0
17687,low,0,9.0,22.0,9.3,B,15.0
17688,medium,0,3.0,4.0,8.6,D,15.0
17689,low,1,14.0,1.0,1.1,C,-100.0
17690,medium,2,27.0,12.0,6.6,A,3.6
17691,medium,2,8.0,4.0,8.1,C,13.7
17692,low,1,5.0,38.0,4.8,A,-1.8
17693,low,1,13.0,23.0,2.1,A,-17.6
17694,high,0,10.0,7.0,3.5,A,-100.0
17695,high,1,5.0,4.0,1.4,A,-100.0
17696,none,1,20.0,8.0,2.0,A,-100.0
17697,low,2,6.0,37.0,4.9,A,-1.5
17698,medium,1,13.0,14.0,10.0,A,15.0
17699,low,1,20.0,24.0,2.2,A,-17.8
17700,low,2,14.0,7.0,3.6,A,-9.7
17701,medium,3,21.0,14.0,2.6,A,-17.8
17702,none,4,3.0,4.0,7.2,A,-1.1
17703,high,3,11.0,13.0,6.4,A,-100.0
17704,low,2,6.0,2.0,4.2,A,-5.7
17705,none,2,3.0,6.0,9.7,A,12.9
17706,none,1,6.0,0.0,5.3,A,-11.6
17707,high,3,14.0,33.0,4.5,A,-100.0
17708,low,2,22.0,4.0,9.4,C,15.0
17709,high,4,18.0,0.0,3.3,A,-100.0
17710,low,0,11.0,50.0,8.7,C,15.0
17711,low,2,,29.0,9.3,C,
17712,medium,2,9.0,1.0,9.4,A,15.0
17713,high,4,4.0,9.0,4.2,A,-100.0
17714,none,1,16.0,5.0,8.0,A,2.3
17715,high,2,8.0,14.0,4.1,C,-100.0
17716,high,0,3.0,2.0,4.2,A,-100.0
17717,high,0,2.0,17.0,6.5,A,-100.0
17718,medium,2,19.0,17.0,6.9,A,6.1
17719,low,2,6.0,29.0,4.5,D,-3.8
17720,low,3,24.0,11.0,3.5,A,-11.3
17721,low,3,12.0,14.0,5.6,A,1.4
17722,high,3,6.0,37.0,5.8,A,-100.0
17723,none,2,3.0,11.0,8.1,A,4.2
17724,,0,5.0,18.0,2.5,A,-100.0
17725,none,1,10.0,14.0,8.9,A,8.0
17726,high,0,5.0,6.0,3.7,A,-100.0
17727,high,1,4.0,16.0,3.3,B,-100.0
17728,low,0,12.0,19.0,6.8,C,8.4
17729,low,0,10.0,17.0,9.3,A,15.0
17730,high,1,4.0,1.0,9.2,A,-13.9
17731,high,3,5.0,17.0,9.8,D,-10.7
17732,low,0,8.0,10.0,4.2,A,-5.6
17733,low,1,10.0,1.0,10.0,C,15.0
17734,medium,1,6.0,21.0,5.5,C,-0.1
17735,low,0,7.0,25.0,2.2,C,-16.4
17736,high,3,6.0,22.0,3.3,A,-100.0
17737,medium,2,5.0,18.0,3.0,A,-13.9
17738,low,2,10.0,16.0,8.5,A,15.0
17739,medium,0,7.0,0.0,2.9,A,-14.6
17740,none,0,11.0,15.0,2.9,A,-100.0
17741,medium,0,17.0,4.0,1.9,C,-100.0
17742,,1,22.0,41.0,8.7,A,6.0
17743,low,0,1.0,4.0,8.9,A,15.0
17744,,4,17.0,3.0,8.1,A,2.5
17745,low,0,16.0,1.0,10.0,D,15.0
17746,high,0,3.0,14.0,4.9,A,-100.0
17747,medium,1,27.0,28.0,6.9,A,5.6
17748,high,0,5.0,28.0,2.9,A,-100.0
17749,high,1,38.0,50.0,1.3,B,-100.0
17750,low,3,21.0,9.0,3.8,C,-9.4
17751,medium,3,6.0,1.0,8.5,A,15.0
17752,low,1,17.0,3.0,2.1,A,-18.2
17753,low,0,6.0,12.0,8.1,A,15.0
17754,high,3,1.0,1.0,6.3,A,-100.0
17755,medium,3,31.0,0.0,9.1,A,15.0
17756,medium,1,10.0,1.0,7.4,C,9.7
17757,high,1,7.0,3.0,6.6,A,-100.0
17758,medium,1,0.0,9.0,1.0,B,-100.0
17759,low,0,10.0,21.0,8.7,A,15.0
17760,high,0,7.0,3.0,6.1,A,-100.0
17761,high,0,15.0,42.0,9.3,A,-13.9
17762,low,1,3.0,0.0,5.5,D,1.9
17763,medium,3,9.0,31.0,7.3,A,9.4
17764,medium,1,6.0,6.0,4.0,C,-8.5
17765,low,1,6.0,5.0,6.1,A,4.9
17766,none,1,13.0,15.0,8.8,C,7.1
17767,medium,3,6.0,22.0,1.3,B,-100.0
17768,high,0,8.0,6.0,3.6,A,-100.0
17769,none,1,8.0,6.0,5.1,C,-12.8
17770,high,2,6.0,3.0,4.7,A,-100.0
17771,low,1,6.0,2.0,9.5,A,15.0
17772,medium,0,6.0,4.0,7.8,A,12.5
17773,medium,1,7.0,3.0,9.3,A,15.0
17774,high,1,5.0,2.0,4.5,C,-100.0
17775,high,2,21.0,6.0,9.9,A,-11.8
17776,high,1,17.0,0.0,8.8,C,-17.4
17777,high,2,6.0,0.0,6.4,A,-100.0
17778,low,2,9.0,10.0,3.7,C,-8.7
17779,high,1,10.0,8.0,2.5,A,-100.0
17780,high,0,5.0,2.0,2.5,A,-100.0
17781,low,1,7.0,6.0,7.2,A,10.9
17782,none,4,8.0,27.0,2.4,A,-100.0
17783,none,0,19.0,9.0,9.3,C,9.3
17784,medium,2,8.0,13.0,9.8,A,15.0
17785,low,1,15.0,2.0,8.0,A,14.4
17786,low,0,16.0,33.0,9.3,C,15.0
17787,high,4,5.0,8.0,7.1,A,-100.0
17788,medium,0,3.0,6.0,9.1,A,15.0
17789,low,0,6.0,10.0,8.1,A,15.0
17790,low,1,9.0,0.0,6.4,A,6.2
17791,high,0,11.0,8.0,9.3,B,-13.9
17792,high,2,15.0,5.0,2.9,D,-100.0
17793,low,0,10.0,4.0,9.0,B,15.0
17794,low,3,2.0,1.0,3.4,C,-9.8
17795,low,1,4.0,15.0,6.9,A,9.6
17796,high,2,3.0,3.0,5.8,A,-100.0
17797,medium,1,9.0,16.0,8.4,A,15.0
17798,high,1,11.0,0.0,8.9,A,-16.3
17799,high,0,7.0,5.0,5.4,A,-100.0
17800,high,1,6.0,4.0,3.4,A,-100.0
17801,low,1,4.0,7.0,1.6,A,-19.6
17802,low,0,4.0,10.0,4.1,A,-5.7
17803,,3,5.0,15.0,3.7,A,-100.0
17804,low,2,6.0,4.0,6.8,A,8.6
17805,high,1,3.0,7.0,2.2,A,-100.0
17806,none,1,19.0,4.0,2.6,B,-100.0
17807,,0,4.0,11.0,1.7,A,-100.0
17808,none,2,10.0,2.0,3.1,A,-100.0
17809,low,1,3.0,16.0,9.4,A,15.0
17810,medium,0,4.0,25.0,9.3,A,15.0
17811,medium,3,9.0,4.0,9.6,C,15.0
17812,high,1,4.0,7.0,7.8,A,-100.0
17813,high,2,6.0,0.0,8.5,B,-18.0
17814,high,1,9.0,2.0,2.2,B,-100.0
17815,none,1,5.0,15.0,6.9,A,-2.5
17816,none,2,23.0,4.0,9.0,C,7.0
17817,high,1,12.0,10.0,1.1,A,-100.0
17818,low,1,11.0,18.0,6.7,A,7.8
17819,none,3,6.0,14.0,7.4,A,-0.1
17820,high,0,6.0,1.0,2.3,C,-100.0
17821,none,0,8.0,31.0,5.7,A,-9.1
17822,low,3,8.0,41.0,9.5,A,15.0
17823,low,2,16.0,4.0,8.6,A,15.0
17824,low,1,4.0,3.0,2.1,B,-16.9
17825,low,0,8.0,30.0,1.2,A,-100.0
17826,medium,2,10.0,7.0,6.5,A,4.7
17827,high,0,13.0,16.0,6.0,A,-100.0
17828,,1,22.0,16.0,9.4,A,9.6
17829,low,1,10.0,3.0,1.8,B,-19.2
17830,,1,11.0,11.0,9.0,C,8.4
17831,medium,4,6.0,3.0,3.1,A,-13.8
17832,high,3,23.0,18.0,7.2,A,-100.0
17833,medium,0,3.0,15.0,2.9,A,-14.1
17834,medium,2,13.0,14.0,2.5,A,-17.5
17835,low,1,3.0,13.0,10.0,A,15.0
17836,none,1,10.0,11.0,5.8,A,-9.1
17837,medium,4,7.0,11.0,5.7,C,0.5
17838,high,2,9.0,2.0,5.8,A,-100.0
17839,medium,3,7.0,4.0,3.5,A,-11.6
17840,none,2,7.0,8.0,2.5,C,-100.0
17841,high,0,2.0,13.0,8.6,A,-16.8
17842,high,1,7.0,11.0,9.4,A,-13.0
17843,medium,1,16.0,5.0,9.1,A,15.0
17844,high,3,38.0,2.0,7.8,A,-100.0
17845,low,1,8.0,2.0,8.4,A,15.0
17846,low,3,4.0,5.0,7.7,C,13.7
17847,medium,0,1.0,14.0,1.2,A,-100.0
17848,low,1,6.0,21.0,9.3,C,15.0
17849,high,1,18.0,0.0,7.6,A,-100.0
17850,high,0,1.0,40.0,4.2,A,-100.0
17851,low,1,10.0,29.0,8.7,A,15.0
17852,low,3,9.0,3.0,2.7,A,-14.3
17853,low,1,6.0,17.0,9.0,A,15.0
17854,high,0,5.0,1.0,9.1,A,-14.4
17855,low,0,6.0,5.0,6.4,C,6.7
17856,none,1,10.0,27.0,9.5,A,11.4
17857,medium,3,9.0,2.0,4.5,C,-6.3
17858,high,1,32.0,37.0,8.2,A,-100.0
17859,low,0,3.0,3.0,9.8,A,15.0
17860,none,3,10.0,7.0,2.6,A,-100.0
17861,low,2,13.0,6.0,8.3,A,15.0
17862,low,2,13.0,16.0,9.0,A,
17863,high,1,15.0,1.0,4.7,A,-100.0
17864,none,2,1.0,40.0,6.3,A,-5.2
17865,high,0,9.0,14.0,2.4,A,-100.0
17866,high,1,10.0,7.0,7.6,A,-100.0
17867,high,1,1.0,4.0,8.7,A,-16.3
17868,low,2,34.0,6.0,9.7,C,15.0
17869,none,1,5.0,28.0,2.2,A,-100.0
17870,high,0,18.0,45.0,1.2,C,-100.0
17871,low,0,13.0,12.0,3.2,A,-11.6
17872,low,1,19.0,22.0,7.4,A,10.9
17873,high,2,33.0,17.0,8.7,A,-19.5
17874,none,2,8.0,8.0,3.3,A,-100.0
17875,low,2,4.0,13.0,6.6,A,7.8
17876,low,3,16.0,13.0,1.7,C,-100.0
17877,low,2,10.0,2.0,6.6,D,7.1
17878,low,2,4.0,35.0,8.7,A,15.0
17879,high,2,7.0,3.0,3.2,A,-100.0
17880,none,0,7.0,25.0,3.0,A,-100.0
17881,none,0,3.0,3.0,1.5,A,-100.0
17882,medium,4,9.0,7.0,1.0,A,-100.0
17883,low,0,12.0,1.0,5.3,A,-0.0
17884,none,2,4.0,0.0,8.3,A,5.1
17885,none,4,5.0,1.0,1.6,B,-100.0
17886,high,2,16.0,19.0,4.0,A,-100.0
17887,low,1,7.0,21.0,7.9,A,14.9
17888,low,0,7.0,0.0,9.9,A,15.0
17889,medium,2,4.0,10.0,6.7,A,6.5
17890,low,2,9.0,9.0,9.1,A,15.0
17891,high,3,5.0,1.0,9.7,A,-11.4
17892,high,2,5.0,6.0,5.6,C,-100.0
17893,none,0,14.0,11.0,8.9,D,7.7
17894,low,1,9.0,18.0,9.7,A,15.0
17895,high,0,3.0,0.0,8.5,C,-17.5
17896,medium,0,18.0,5.0,8.5,B,15.0
17897,low,2,7.0,0.0,2.3,C,-16.2
17898,high,1,13.0,9.0,1.3,A,-100.0
17899,low,1,14.0,16.0,8.3,A,15.0
17900,medium,2,2.0,7.0,2.1,C,-18.7
17901,low,4,12.0,1.0,9.6,A,15.0
17902,low,0,11.0,5.0,9.4,A,15.0
17903,high,2,10.0,8.0,1.4,C,-100.0
17904,low,1,7.0,1.0,7.0,A,9.7
17905,low,0,7.0,0.0,9.1,B,15.0
17906,none,1,14.0,0.0,8.5,A,5.2
17907,none,6,8.0,8.0,8.6,A,6.0
17908,high,3,10.0,7.0,4.9,A,-100.0
17909,low,3,9.0,32.0,8.1,A,15.0
17910,none,3,6.0,8.0,4.6,A,-15.5
17911,medium,3,17.0,5.0,3.2,A,-14.2
17912,low,1,6.0,33.0,8.5,D,15.0
17913,high,1,6.0,9.0,9.8,A,-10.7
17914,medium,1,15.0,25.0,3.6,A,-11.4
17915,high,1,9.0,2.0,9.0,B,-15.5
17916,high,0,9.0,36.0,8.3,C,-18.9
17917,high,0,2.0,16.0,9.1,A,-14.0
17918,high,1,8.0,11.0,9.5,B,-12.5
17919,low,0,9.0,2.0,9.8,A,15.0
17920,medium,2,6.0,29.0,5.3,D,-1.2
17921,low,3,4.0,8.0,10.0,A,15.0
17922,high,1,16.0,5.0,7.6,C,-100.0
17923,medium,1,10.0,5.0,4.0,A,-8.9
17924,none,2,9.0,21.0,3.7,A,-100.0
17925,medium,1,12.0,1.0,1.1,A,-100.0
17926,none,2,19.0,1.0,2.4,A,-100.0
17927,none,1,10.0,1.0,2.0,C,-100.0
17928,low,3,8.0,6.0,8.6,A,15.0
17929,medium,1,7.0,16.0,8.1,C,14.0
17930,low,2,18.0,3.0,1.7,A,-100.0
17931,none,2,28.0,5.0,5.8,C,-11.1
17932,medium,3,25.0,5.0,8.8,A,15.0
17933,none,4,7.0,4.0,8.2,A,4.0
17934,high,4,15.0,1.0,3.3,A,-100.0
17935,medium,1,21.0,41.0,2.4,D,-18.5
17936,medium,0,5.0,2.0,8.6,A,15.0
17937,medium,1,3.0,5.0,8.8,D,15.0
17938,low,1,12.0,41.0,1.9,A,-18.4
17939,,1,17.0,18.0,7.1,A,-2.6
17940,high,1,30.0,4.0,5.1,B,-100.0
17941,low,0,5.0,12.0,2.2,A,-16.3
17942,,0,6.0,14.0,8.4,A,5.7
17943,high,2,18.0,3.0,3.5,A,-100.0
17944,medium,4,6.0,8.0,9.4,C,15.0
17945,high,3,5.0,12.0,8.6,A,-17.4
17946,none,0,1.0,10.0,1.1,A,-100.0
17947,high,0,29.0,2.0,3.9,A,-100.0
17948,high,0,8.0,15.0,4.8,A,-100.0
17949,high,2,7.0,16.0,1.8,A,-100.0
17950,low,2,11.0,3.0,5.8,A,2.6
17951,high,0,7.0,15.0,6.7,A,-100.0
17952,medium,1,12.0,14.0,1.6,A,-100.0
17953,high,2,8.0,12.0,7.3,A,-100.0
17954,none,2,15.0,5.0,6.8,C,-4.2
17955,none,1,12.0,3.0,8.6,A,6.0
17956,medium,2,5.0,0.0,9.7,A,15.0
17957,low,1,4.0,6.0,6.0,A,4.6
17958,high,1,7.0,4.0,7.9,A,-100.0
17959,high,2,0.0,24.0,3.8,A,-100.0
17960,high,5,10.0,1.0,8.3,A,-19.8
17961,high,2,20.0,15.0,8.9,A,-17.1
17962,none,2,6.0,4.0,6.6,B,-4.5
17963,medium,4,12.0,9.0,8.2,C,13.7
17964,none,0,5.0,7.0,2.4,A,-100.0
17965,high,3,15.0,15.0,9.8,A,-11.8
17966,medium,1,20.0,9.0,6.0,A,1.1
17967,low,2,24.0,17.0,9.1,A,15.0
17968,medium,1,3.0,9.0,8.4,D,15.0
17969,low,1,13.0,50.0,5.3,A,0.2
17970,medium,0,14.0,1.0,9.0,D,15.0
17971,high,2,10.0,10.0,8.8,A,-16.7
17972,low,2,7.0,7.0,8.5,A,15.0
17973,none,1,9.0,13.0,1.6,A,-100.0
17974,low,2,6.0,7.0,9.9,A,15.0
17975,low,2,6.0,11.0,3.5,A,-9.4
17976,high,1,13.0,12.0,9.7,A,-11.9
17977,,0,24.0,8.0,9.5,A,9.9
17978,low,2,11.0,6.0,9.2,B,15.0
17979,high,1,6.0,2.0,2.0,B,-100.0
17980,high,1,19.0,19.0,6.5,C,-100.0
17981,high,1,14.0,1.0,8.6,A,-18.2
17982,medium,3,10.0,10.0,3.5,A,-11.8
17983,high,0,5.0,1.0,7.6,A,-100.0
17984,medium,2,14.0,12.0,2.5,A,-17.6
17985,none,1,13.0,10.0,4.7,A,-15.5
17986,high,0,24.0,5.0,8.3,C,-100.0
17987,medium,3,7.0,2.0,1.6,C,-100.0
17988,medium,1,21.0,34.0,4.6,A,-6.4
17989,,1,18.0,7.0,5.5,C,-11.6
17990,medium,0,1.0,0.0,7.4,A,10.7
17991,none,2,7.0,9.0,9.2,A,9.8
17992,high,2,3.0,44.0,9.7,C,-10.7
17993,low,1,5.0,0.0,2.8,A,-13.2
17994,low,1,19.0,11.0,1.1,A,-100.0
17995,high,1,7.0,15.0,3.6,A,-100.0
17996,low,2,7.0,9.0,1.4,C,-100.0
17997,high,0,9.0,9.0,7.9,A,-100.0
17998,high,1,13.0,5.0,5.9,A,-100.0
17999,medium,2,7.0,19.0,8.1,B,14.0
18000,none,1,2.0,6.0,4.9,A,-13.3
18001,high,1,9.0,1.0,9.2,D,-14.4
18002,low,1,6.0,7.0,1.1,B,-100.0
18003,high,0,2.0,5.0,9.0,A,-14.6
18004,none,3,9.0,1.0,7.1,C,-2.1
18005,high,3,12.0,16.0,8.6,A,-18.0
18006,low,0,13.0,9.0,8.7,A,15.0
18007,low,2,4.0,1.0,3.5,A,-9.3
18008,high,1,3.0,2.0,6.3,C,-100.0
18009,medium,0,10.0,21.0,10.0,C,15.0
18010,low,2,7.0,15.0,3.9,C,-7.3
18011,none,2,13.0,0.0,2.7,C,-100.0
18012,none,4,3.0,13.0,8.8,A,7.8
18013,high,1,10.0,16.0,2.6,C,-100.0
18014,none,2,9.0,31.0,9.8,A,13.1
18015,low,0,26.0,9.0,2.1,A,-19.0
18016,high,1,4.0,2.0,8.5,A,-17.7
18017,high,1,9.0,28.0,5.1,A,-100.0
18018,none,1,10.0,13.0,7.9,A,2.5
18019,high,2,3.0,7.0,1.5,A,-100.0
18020,high,2,14.0,12.0,2.5,A,-100.0
18021,high,0,9.0,8.0,8.2,A,-19.7
18022,low,2,9.0,30.0,6.0,A,4.2
18023,low,1,3.0,11.0,7.6,C,13.5
18024,high,2,4.0,1.0,1.5,A,-100.0
18025,low,2,13.0,4.0,9.8,A,15.0
18026,medium,1,6.0,50.0,5.9,C,2.4
18027,high,1,11.0,5.0,7.9,C,-100.0
18028,none,1,6.0,2.0,6.8,A,-3.3
18029,high,1,8.0,12.0,9.0,A,-15.3
18030,high,1,8.0,3.0,8.4,C,-18.7
18031,high,2,7.0,5.0,1.4,A,-100.0
18032,low,0,21.0,31.0,2.9,C,-13.8
18033,none,0,26.0,6.0,9.4,A,9.2
18034,none,1,6.0,7.0,1.5,A,-100.0
18035,low,2,21.0,7.0,5.4,A,-0.5
18036,low,3,4.0,1.0,4.2,A,-5.6
18037,medium,0,6.0,44.0,3.3,A,-11.9
18038,high,2,5.0,13.0,3.7,B,-100.0
18039,none,2,3.0,6.0,8.8,A,8.0
18040,low,1,4.0,13.0,9.5,A,15.0
18041,medium,3,5.0,30.0,5.7,A,1.0
18042,high,2,3.0,5.0,9.4,B,-12.7
18043,low,0,11.0,3.0,8.2,A,15.0
18044,high,4,1.0,35.0,1.9,A,-100.0
18045,medium,0,2.0,9.0,4.8,C,-3.6
18046,none,4,13.0,22.0,8.9,C,7.5
18047,none,0,3.0,12.0,5.3,C,-11.0
18048,low,1,9.0,49.0,7.5,C,12.7
18049,none,2,2.0,32.0,1.6,A,-100.0
18050,low,2,15.0,12.0,7.5,A,11.7
18051,medium,4,6.0,47.0,8.1,B,14.1
18052,medium,1,5.0,4.0,8.6,A,15.0
18053,high,2,14.0,5.0,3.5,A,-100.0
18054,high,2,20.0,13.0,8.7,A,-18.2
18055,high,3,8.0,6.0,3.4,A,-100.0
18056,low,3,6.0,4.0,9.5,C,15.0
18057,high,1,26.0,14.0,3.1,A,-100.0
18058,low,1,6.0,1.0,5.7,A,2.7
18059,low,3,11.0,1.0,3.7,A,-9.0
18060,low,1,22.0,25.0,9.9,A,15.0
18061,high,1,6.0,4.0,9.7,C,-11.3
18062,medium,1,4.0,1.0,8.4,A,15.0
18063,low,4,11.0,31.0,6.3,A,5.5
18064,low,0,8.0,1.0,1.8,B,-18.9
18065,none,1,8.0,33.0,9.6,A,12.2
18066,none,3,9.0,2.0,8.5,A,5.6
18067,low,1,7.0,7.0,9.5,A,15.0
18068,medium,1,3.0,3.0,5.8,A,1.6
18069,low,1,12.0,2.0,6.2,A,4.8
18070,high,1,17.0,14.0,9.3,D,-14.5
18071,none,3,7.0,0.0,8.7,A,6.8
18072,,0,6.0,17.0,2.7,A,-100.0
18073,high,2,5.0,7.0,3.0,C,-100.0
18074,low,2,3.0,1.0,7.3,B,11.7
18075,high,1,3.0,8.0,8.5,A,-17.6
18076,none,4,7.0,23.0,2.5,A,-100.0
18077,low,0,12.0,19.0,8.2,C,15.0
18078,none,0,2.0,1.0,8.9,C,8.8
18079,high,0,6.0,2.0,9.1,A,-14.5
18080,low,2,5.0,5.0,9.6,A,15.0
18081,high,2,7.0,3.0,6.4,C,-100.0
18082,none,3,2.0,9.0,2.9,C,-100.0
18083,low,4,15.0,17.0,7.8,A,13.2
18084,medium,1,3.0,7.0,2.9,C,-14.3
18085,low,0,32.0,8.0,4.7,A,-5.3
18086,low,1,12.0,17.0,9.8,A,15.0
18087,low,2,8.0,0.0,5.2,A,-0.4
18088,high,2,4.0,18.0,9.4,A,-12.7
18089,none,0,21.0,23.0,1.8,A,-100.0
18090,high,0,6.0,22.0,9.8,A,-10.5
18091,medium,0,5.0,6.0,9.3,A,15.0
18092,medium,3,9.0,1.0,9.1,C,15.0
18093,high,2,10.0,19.0,5.8,A,-100.0
18094,high,2,3.0,4.0,7.9,A,-100.0
18095,medium,2,3.0,31.0,8.8,A,15.0
18096,none,1,13.0,5.0,1.8,C,-100.0
18097,high,2,15.0,5.0,9.8,A,-11.7
18098,medium,2,5.0,0.0,5.6,A,0.2
18099,high,0,7.0,8.0,7.5,B,-100.0
18100,none,3,5.0,18.0,2.9,A,-100.0
18101,low,2,25.0,4.0,5.9,A,1.8
18102,high,1,3.0,9.0,3.8,A,-100.0
18103,medium,2,16.0,22.0,8.8,C,15.0
18104,low,4,10.0,14.0,2.4,A,-16.1
18105,medium,0,7.0,6.0,9.1,C,15.0
18106,low,1,4.0,4.0,2.7,A,-13.6
18107,high,1,9.0,6.0,3.8,B,-100.0
18108,medium,0,5.0,25.0,9.2,A,15.0
18109,none,1,15.0,2.0,9.3,A,9.6
18110,low,2,6.0,10.0,8.9,A,15.0
18111,low,1,12.0,22.0,8.5,B,15.0
18112,medium,2,16.0,10.0,9.8,A,15.0
18113,low,2,6.0,7.0,1.6,A,-19.9
18114,medium,1,7.0,18.0,1.3,B,-100.0
18115,high,2,9.0,9.0,5.9,C,-100.0
18116,medium,0,5.0,2.0,7.8,A,12.5
18117,low,2,23.0,2.0,8.9,A,15.0
18118,low,3,5.0,6.0,7.2,A,10.9
18119,low,1,0.0,6.0,9.1,C,15.0
18120,low,0,9.0,5.0,7.8,A,14.1
18121,high,1,12.0,4.0,4.9,A,-100.0
18122,low,0,1.0,5.0,1.0,A,-100.0
18123,high,0,9.0,5.0,10.0,A,-9.9
18124,high,1,8.0,5.0,4.7,A,-100.0
18125,low,2,17.0,11.0,9.8,C,15.0
18126,none,1,10.0,1.0,5.7,A,-9.8
18127,low,1,17.0,50.0,9.9,A,15.0
18128,medium,2,3.0,43.0,7.4,A,10.7
18129,medium,2,4.0,10.0,3.7,A,-10.0
18130,low,2,8.0,7.0,5.8,A,3.0
18131,none,2,20.0,17.0,9.0,A,7.5
18132,medium,2,8.0,3.0,7.0,C,7.7
18133,low,3,11.0,6.0,5.7,B,2.0
18134,medium,2,9.0,25.0,1.2,A,-100.0
18135,medium,2,23.0,27.0,8.7,A,15.0
18136,medium,3,2.0,3.0,9.9,C,15.0
18137,medium,1,4.0,9.0,3.9,A,-8.8
18138,none,3,19.0,18.0,9.9,A,12.4
18139,low,2,5.0,4.0,8.8,A,15.0
18140,medium,1,14.0,13.0,4.7,B,-5.4
18141,low,2,7.0,29.0,8.8,A,15.0
18142,high,0,5.0,2.0,8.0,C,-100.0
18143,low,0,5.0,2.0,9.1,A,15.0
18144,high,1,14.0,20.0,3.9,C,-100.0
18145,none,1,10.0,18.0,9.8,A,13.0
18146,none,3,11.0,50.0,5.1,A,-12.9
18147,none,1,9.0,2.0,2.4,C,-100.0
18148,low,0,13.0,4.0,6.9,A,8.7
18149,high,1,18.0,3.0,9.1,A,-15.8
18150,high,0,7.0,7.0,8.5,C,-17.9
18151,high,0,4.0,12.0,7.2,D,-100.0
18152,medium,2,4.0,3.0,8.9,C,15.0
18153,high,0,1.0,41.0,8.7,B,-15.8
18154,medium,1,1.0,3.0,2.9,B,-14.1
18155,,1,8.0,8.0,6.2,C,-6.7
18156,low,1,29.0,2.0,1.4,C,-100.0
18157,high,1,7.0,1.0,2.6,A,-100.0
18158,low,0,10.0,6.0,7.3,A,11.2
18159,none,1,12.0,0.0,6.0,A,-8.3
18160,low,0,32.0,16.0,5.6,A,-0.2
18161,high,2,9.0,11.0,9.6,B,-12.2
18162,high,2,8.0,38.0,4.5,C,-100.0
18163,medium,2,10.0,14.0,8.1,A,13.6
18164,medium,4,4.0,4.0,7.8,A,12.3
18165,low,2,21.0,8.0,9.4,A,15.0
18166,medium,2,7.0,8.0,8.2,A,14.4
18167,none,3,9.0,5.0,8.7,A,6.7
18168,high,0,4.0,33.0,8.4,D,-17.9
18169,low,1,3.0,15.0,3.0,A,-11.7
18170,low,2,4.0,3.0,8.8,A,15.0
18171,medium,1,2.0,0.0,9.0,C,15.0
18172,low,2,4.0,21.0,1.1,C,-100.0
18173,high,2,2.0,9.0,9.4,C,-12.6
18174,low,0,5.0,12.0,1.2,A,-100.0
18175,medium,1,12.0,9.0,1.2,A,-100.0
18176,high,0,21.0,7.0,8.9,A,-17.1
18177,medium,0,23.0,7.0,1.6,A,-100.0
18178,high,3,2.0,2.0,2.3,A,-100.0
18179,low,1,9.0,7.0,4.8,A,-2.5
18180,medium,4,18.0,0.0,1.8,C,-100.0
18181,low,0,5.0,13.0,2.1,C,-16.8
18182,high,1,16.0,4.0,9.7,A,-12.3
18183,none,0,15.0,5.0,1.5,C,-100.0
18184,none,2,5.0,5.0,3.3,A,-100.0
18185,medium,1,13.0,15.0,5.7,A,0.2
18186,none,1,6.0,30.0,3.5,D,-100.0
18187,medium,1,23.0,4.0,2.9,C,-16.3
18188,high,0,2.0,20.0,3.1,A,-100.0
18189,low,2,9.0,6.0,8.8,C,15.0
18190,high,1,10.0,2.0,8.7,A,-17.2
18191,medium,0,2.0,1.0,9.4,A,15.0
18192,low,2,19.0,33.0,9.6,A,15.0
18193,low,2,9.0,6.0,1.5,C,-100.0
18194,low,1,5.0,5.0,9.2,C,15.0
18195,medium,0,18.0,8.0,3.3,A,-13.5
18196,high,2,23.0,23.0,7.5,A,-100.0
18197,medium,3,16.0,4.0,9.2,A,15.0
18198,low,2,11.0,19.0,3.5,A,-9.9
18199,low,1,7.0,7.0,9.6,A,15.0
18200,high,3,7.0,1.0,9.5,A,-12.7
18201,high,1,2.0,2.0,2.5,C,-100.0
18202,low,3,7.0,12.0,8.5,C,15.0
18203,high,1,12.0,29.0,2.0,A,-100.0
18204,low,1,6.0,7.0,9.3,A,15.0
18205,high,2,2.0,28.0,7.1,A,-100.0
18206,medium,1,25.0,1.0,9.1,D,15.0
18207,high,1,3.0,4.0,4.7,A,-100.0
18208,none,2,10.0,4.0,7.7,A,1.2
18209,high,0,6.0,26.0,1.3,A,-100.0
18210,medium,3,6.0,12.0,8.4,A,15.0
18211,none,1,2.0,11.0,6.0,A,-7.2
18212,low,2,29.0,6.0,1.6,B,-100.0
18213,low,1,4.0,0.0,3.5,A,-9.3
18214,low,3,12.0,7.0,2.0,C,-18.4
18215,none,1,3.0,28.0,1.8,A,-100.0
18216,medium,3,5.0,9.0,5.0,C,-3.1
18217,high,1,10.0,7.0,2.1,A,-100.0
18218,low,3,8.0,2.0,8.7,A,15.0
18219,high,1,15.0,2.0,3.7,A,-100.0
18220,high,1,5.0,3.0,9.3,A,-13.4
18221,high,3,7.0,4.0,2.8,B,-100.0
18222,high,3,15.0,3.0,6.4,A,-100.0
18223,high,0,3.0,5.0,2.5,A,-100.0
18224,low,1,4.0,14.0,1.4,C,-100.0
18225,high,2,22.0,15.0,8.9,A,-17.3
18226,high,1,15.0,8.0,4.8,A,-100.0
18227,low,1,4.0,19.0,2.1,A,-16.8
18228,high,0,21.0,6.0,8.1,C,-100.0
18229,medium,2,18.0,12.0,8.4,C,14.4
18230,high,3,14.0,1.0,8.6,A,-18.4
18231,high,4,2.0,1.0,9.1,A,-14.5
18232,medium,1,9.0,14.0,7.9,A,12.7
18233,medium,0,17.0,14.0,2.6,C,-17.1
18234,medium,1,11.0,19.0,4.2,C,-7.8
18235,none,0,14.0,27.0,7.4,B,-0.4
18236,high,0,1.0,0.0,8.4,C,-17.9
18237,low,1,12.0,1.0,8.6,B,15.0
18238,high,3,15.0,1.0,3.3,A,-100.0
18239,low,2,4.0,5.0,9.9,C,15.0
18240,none,1,8.0,0.0,3.4,A,-100.0
18241,high,2,14.0,20.0,8.5,A,-18.7
18242,low,2,4.0,2.0,1.6,A,-19.8
18243,high,4,14.0,23.0,8.8,A,-17.2
18244,none,6,8.0,31.0,7.9,A,2.4
18245,high,2,10.0,2.0,2.6,C,-100.0
18246,low,0,6.0,1.0,10.0,A,15.0
18247,high,0,7.0,14.0,7.5,B,-100.0
18248,medium,0,7.0,10.0,6.1,A,3.1
18249,low,2,6.0,5.0,2.7,C,-13.9
18250,medium,2,27.0,3.0,8.7,A,15.0
18251,high,1,7.0,2.0,9.8,A,-10.9
18252,low,1,9.0,3.0,8.8,A,15.0
18253,high,1,31.0,10.0,7.4,A,-100.0
18254,high,3,10.0,19.0,8.8,A,-16.7
18255,medium,2,2.0,22.0,9.8,A,15.0
18256,high,1,2.0,3.0,1.5,C,-100.0
18257,none,4,12.0,11.0,10.0,C,13.5
18258,medium,2,9.0,4.0,7.2,A,8.7
18259,low,6,14.0,2.0,9.0,A,15.0
18260,high,0,11.0,8.0,2.6,A,-100.0
18261,,1,16.0,4.0,6.1,A,-8.1
18262,none,3,6.0,7.0,2.9,A,-100.0
18263,low,2,6.0,2.0,1.5,C,-100.0
18264,low,0,1.0,18.0,1.2,C,-100.0
18265,medium,1,3.0,8.0,7.9,A,13.3
18266,low,2,4.0,6.0,6.8,B,8.9
18267,low,2,16.0,18.0,3.1,A,-12.6
18268,low,1,15.0,12.0,6.9,B,8.5
18269,low,2,12.0,28.0,4.2,D,
18270,none,2,22.0,6.0,8.1,A,2.2
18271,low,1,8.0,6.0,5.1,D,-0.8
18272,low,2,1.0,8.0,9.5,A,15.0
18273,none,4,4.0,4.0,10.0,C,14.2
18274,medium,4,,23.0,8.7,C,
18275,medium,1,21.0,8.0,9.3,A,15.0
18276,high,2,8.0,7.0,1.5,A,-100.0
18277,low,2,12.0,50.0,3.2,A,-11.3
18278,none,4,10.0,21.0,8.8,C,7.2
18279,medium,3,20.0,5.0,9.9,B,15.0
18280,medium,1,20.0,3.0,6.4,A,3.3
18281,none,0,13.0,22.0,3.6,A,-100.0
18282,none,1,7.0,22.0,3.0,A,-100.0
18283,medium,0,10.0,11.0,7.3,A,9.4
18284,medium,3,2.0,9.0,5.3,A,-1.1
18285,low,3,12.0,19.0,1.0,A,-100.0
18286,low,1,3.0,7.0,9.0,A,15.0
18287,medium,0,7.0,7.0,6.5,C,5.3
18288,high,3,6.0,42.0,4.7,C,-100.0
18289,none,1,5.0,4.0,8.2,A,4.5
18290,high,2,8.0,23.0,9.8,A,-10.9
18291,high,2,3.0,10.0,1.8,A,-100.0
18292,medium,2,2.0,25.0,7.1,D,9.0
18293,high,4,6.0,25.0,1.6,A,-100.0
18294,low,0,9.0,44.0,2.5,A,
18295,high,0,2.0,18.0,2.3,A,-100.0
18296,none,1,16.0,2.0,9.7,A,11.7
18297,low,4,21.0,2.0,3.4,A,-11.8
18298,medium,0,15.0,23.0,9.8,A,15.0
18299,high,2,2.0,14.0,1.9,C,-100.0
18300,low,1,10.0,1.0,9.8,A,15.0
18301,low,2,14.0,1.0,7.4,A,11.1
18302,high,1,5.0,17.0,8.6,A,-17.1
18303,medium,0,1.0,11.0,8.8,A,15.0
18304,low,1,16.0,24.0,9.8,A,15.0
18305,high,0,4.0,10.0,8.4,A,-18.1
18306,high,1,5.0,16.0,9.3,A,-13.3
18307,medium,2,20.0,3.0,4.6,C,-6.8
18308,high,1,8.0,0.0,8.5,A,-18.1
18309,high,2,5.0,8.0,5.8,C,-100.0
18310,medium,0,6.0,50.0,6.7,D,6.9
18311,medium,2,9.0,11.0,2.1,A,-19.3
18312,low,1,5.0,8.0,9.3,C,15.0
18313,low,1,6.0,12.0,7.1,A,10.5
18314,medium,2,4.0,6.0,5.4,A,-0.7
18315,medium,3,13.0,3.0,3.5,A,-12.2
18316,medium,0,2.0,5.0,3.3,B,-11.9
18317,high,0,9.0,11.0,8.1,C,-100.0
18318,high,1,8.0,4.0,8.2,A,-19.8
18319,medium,0,22.0,35.0,9.5,A,15.0
18320,high,0,15.0,17.0,2.5,B,-100.0
18321,high,2,15.0,11.0,8.8,A,-17.2
18322,high,1,2.0,2.0,9.5,A,-12.0
18323,low,1,6.0,3.0,4.1,A,-6.1
18324,low,1,5.0,1.0,9.1,A,15.0
18325,none,0,6.0,6.0,9.0,A,9.0
18326,high,1,14.0,6.0,4.2,A,-100.0
18327,low,4,9.0,8.0,7.9,C,14.2
18328,high,0,9.0,50.0,9.8,B,-10.5
18329,high,2,19.0,15.0,8.8,A,-17.5
18330,medium,1,17.0,2.0,2.8,A,-16.3
18331,high,2,15.0,15.0,4.3,A,-100.0
18332,medium,4,2.0,1.0,1.2,A,-100.0
18333,medium,1,4.0,5.0,7.6,A,11.5
18334,low,4,16.0,5.0,8.6,A,15.0
18335,low,2,25.0,5.0,4.4,A,-6.4
18336,low,1,12.0,1.0,8.7,C,15.0
18337,none,1,5.0,11.0,2.0,A,-100.0
18338,medium,1,17.0,21.0,2.8,A,-16.1
18339,medium,0,4.0,3.0,8.3,C,15.0
18340,low,3,12.0,19.0,3.6,B,-9.5
18341,medium,1,14.0,8.0,6.2,A,2.8
18342,high,1,18.0,4.0,2.3,A,-100.0
18343,low,0,3.0,5.0,9.9,C,15.0
18344,high,1,2.0,22.0,1.4,C,-100.0
18345,low,4,19.0,7.0,9.0,A,15.0
18346,high,2,7.0,13.0,1.8,A,-100.0
18347,medium,0,8.0,0.0,5.6,A,0.1
18348,high,2,3.0,15.0,6.6,A,-100.0
18349,medium,1,7.0,23.0,9.3,C,15.0
18350,low,2,9.0,5.0,8.1,B,15.0
18351,low,0,2.0,10.0,8.2,C,15.0
18352,high,0,11.0,9.0,6.7,A,-100.0
18353,high,1,9.0,14.0,8.5,A,-18.1
18354,medium,2,10.0,28.0,6.4,A,4.4
18355,high,0,,23.0,1.0,C,
18356,medium,1,3.0,4.0,4.8,D,-3.8
18357,high,4,,8.0,1.7,C,
18358,high,8,5.0,0.0,8.6,B,-18.0
18359,medium,0,14.0,32.0,3.9,A,-9.5
18360,low,1,23.0,3.0,2.6,A,-16.1
18361,medium,3,11.0,11.0,1.1,A,-100.0
18362,medium,1,10.0,15.0,9.7,A,15.0
18363,none,3,12.0,7.0,1.7,A,-100.0
18364,low,0,6.0,35.0,9.0,A,15.0
18365,low,1,3.0,16.0,2.9,B,-12.3
18366,high,4,11.0,33.0,5.6,B,-100.0
18367,medium,1,6.0,4.0,7.8,A,12.4
18368,medium,2,11.0,28.0,3.4,A,-12.2
18369,none,1,5.0,1.0,4.4,C,-16.4
18370,high,2,10.0,2.0,3.5,B,-100.0
18371,high,1,9.0,7.0,7.3,B,-100.0
18372,high,1,11.0,14.0,9.5,A,-12.8
18373,high,0,6.0,17.0,3.9,B,-100.0
18374,high,3,9.0,50.0,7.1,A,-100.0
18375,high,1,1.0,26.0,5.5,C,-100.0
18376,low,1,8.0,6.0,8.6,A,15.0
18377,medium,2,8.0,5.0,3.1,B,-13.8
18378,high,4,5.0,2.0,7.8,A,-100.0
18379,none,3,7.0,11.0,4.4,A,-16.7
18380,high,1,1.0,5.0,8.2,C,-19.0
18381,none,2,3.0,3.0,9.8,C,13.4
18382,none,0,13.0,5.0,8.5,A,5.5
18383,low,2,8.0,1.0,4.4,A,-4.8
18384,high,5,18.0,45.0,7.3,A,-100.0
18385,low,3,14.0,8.0,9.8,A,15.0
18386,low,2,8.0,10.0,9.4,A,15.0
18387,low,2,12.0,6.0,7.5,A,11.9
18388,medium,1,15.0,8.0,8.1,A,13.2
18389,none,2,5.0,25.0,9.3,A,10.7
18390,high,2,4.0,25.0,6.7,A,-100.0
18391,high,1,6.0,27.0,4.5,A,-100.0
18392,high,1,12.0,2.0,1.1,A,-100.0
18393,medium,1,2.0,8.0,2.5,C,-16.3
18394,low,1,6.0,5.0,9.2,A,15.0
18395,low,1,11.0,2.0,10.0,A,15.0
18396,none,1,11.0,15.0,8.5,B,5.7
18397,low,1,23.0,19.0,2.0,C,-19.2
18398,medium,2,3.0,0.0,5.8,A,1.5
18399,high,0,18.0,2.0,8.4,C,-19.6
18400,high,0,13.0,32.0,2.1,A,-100.0
18401,none,3,15.0,21.0,6.2,A,-7.5
18402,low,0,14.0,17.0,6.5,A,6.5
18403,low,1,6.0,3.0,7.2,A,10.9
18404,low,4,7.0,27.0,1.1,A,-100.0
18405,medium,1,11.0,22.0,4.8,C,-4.5
18406,medium,0,13.0,4.0,2.3,C,-18.5
18407,,0,10.0,29.0,3.3,B,-100.0
18408,high,5,2.0,1.0,6.7,A,-100.0
18409,none,4,10.0,5.0,3.8,A,-100.0
18410,,0,3.0,28.0,2.3,A,-100.0
18411,low,2,24.0,0.0,5.0,A,-3.1
18412,low,0,16.0,7.0,9.3,D,15.0
18413,medium,4,26.0,11.0,3.0,A,-16.3
18414,high,1,10.0,5.0,5.7,A,-100.0
18415,high,2,3.0,17.0,8.2,A,-19.2
18416,high,1,9.0,4.0,8.5,A,-18.2
18417,high,1,15.0,2.0,4.1,C,-100.0
18418,low,3,4.0,2.0,3.5,B,-9.4
18419,medium,2,9.0,1.0,8.2,B,14.1
18420,medium,1,20.0,15.0,4.3,A,-8.2
18421,high,2,7.0,15.0,8.3,C,-19.1
18422,low,2,10.0,13.0,9.9,A,15.0
18423,high,0,13.0,9.0,8.8,B,-16.8
18424,high,3,9.0,1.0,3.0,A,-100.0
18425,none,2,18.0,43.0,7.7,A,0.8
18426,medium,4,8.0,12.0,1.9,C,-100.0
18427,low,1,19.0,11.0,8.9,A,15.0
18428,low,3,7.0,5.0,6.5,A,6.8
18429,low,1,13.0,2.0,4.6,C,-4.1
18430,high,3,9.0,22.0,9.6,B,-12.2
18431,low,3,15.0,2.0,3.1,A,-12.7
18432,low,2,15.0,17.0,2.2,A,-17.4
18433,high,1,10.0,3.0,8.2,C,-20.0
18434,medium,3,2.0,5.0,3.3,A,-12.2
18435,none,3,8.0,6.0,8.3,B,4.6
18436,high,2,9.0,1.0,2.5,A,-100.0
18437,low,1,3.0,21.0,9.9,A,15.0
18438,medium,0,7.0,47.0,8.4,A,15.0
18439,low,1,10.0,10.0,5.1,A,-1.0
18440,none,0,2.0,5.0,2.3,A,-100.0
18441,high,1,5.0,2.0,3.4,C,-100.0
18442,high,3,14.0,2.0,8.4,A,-19.5
18443,high,0,11.0,37.0,2.3,B,-100.0
18444,medium,4,4.0,27.0,8.7,D,15.0
18445,medium,2,4.0,7.0,8.5,A,15.0
18446,high,0,10.0,6.0,10.0,C,-9.9
18447,low,0,8.0,9.0,4.7,C,-2.9
18448,none,1,6.0,5.0,8.0,A,3.4
18449,high,1,8.0,6.0,10.0,B,-9.8
18450,low,0,15.0,13.0,9.4,A,15.0
18451,medium,1,8.0,13.0,3.0,A,-14.1
18452,high,1,10.0,4.0,7.9,B,-100.0
18453,high,0,7.0,8.0,3.2,A,-100.0
18454,medium,1,9.0,5.0,2.5,A,-17.1
18455,high,2,2.0,47.0,3.6,A,-100.0
18456,high,0,8.0,14.0,5.2,A,-100.0
18457,medium,4,11.0,7.0,7.4,A,9.4
18458,low,1,14.0,7.0,3.6,B,-9.6
18459,medium,2,18.0,6.0,6.7,C,5.0
18460,low,3,7.0,28.0,9.4,A,15.0
18461,high,2,7.0,20.0,9.6,A,-11.9
18462,high,0,3.0,1.0,9.1,B,-14.2
18463,low,2,,3.0,5.8,C,
18464,high,0,12.0,13.0,5.7,A,-100.0
18465,none,0,17.0,20.0,4.6,A,-16.2
18466,low,0,8.0,12.0,2.1,C,-17.1
18467,high,0,23.0,1.0,7.0,A,-100.0
18468,none,1,12.0,38.0,3.7,A,-100.0
18469,,5,3.0,2.0,1.7,A,-100.0
18470,low,0,14.0,8.0,9.5,C,15.0
18471,medium,1,5.0,5.0,9.5,A,15.0
18472,high,1,1.0,3.0,8.1,A,-19.6
18473,high,0,14.0,41.0,4.2,A,-100.0
18474,none,1,6.0,13.0,3.1,A,-100.0
18475,high,0,1.0,7.0,2.0,D,-100.0
18476,none,0,1.0,1.0,7.2,A,-0.5
18477,high,0,6.0,4.0,9.5,A,-12.3
18478,low,3,11.0,1.0,9.6,A,15.0
18479,none,3,8.0,2.0,8.7,A,6.8
18480,high,1,13.0,26.0,8.7,A,-17.3
18481,high,0,13.0,11.0,6.2,A,-100.0
18482,low,1,10.0,8.0,1.5,A,-100.0
18483,high,1,7.0,1.0,1.3,A,-100.0
18484,high,0,4.0,7.0,1.8,A,-100.0
18485,low,0,9.0,18.0,6.2,B,5.4
18486,medium,1,6.0,10.0,8.9,A,15.0
18487,high,2,12.0,22.0,8.3,A,-19.5
18488,medium,0,4.0,18.0,5.9,A,2.4
18489,medium,2,11.0,19.0,9.8,A,15.0
18490,high,1,5.0,29.0,7.6,A,-100.0
18491,medium,2,17.0,2.0,8.6,A,15.0
18492,high,0,10.0,30.0,9.1,A,-14.6
18493,none,3,10.0,10.0,9.0,A,8.3
18494,high,2,3.0,13.0,3.3,B,-100.0
18495,none,2,2.0,35.0,8.3,A,5.6
18496,medium,1,9.0,14.0,8.5,A,15.0
18497,none,2,,9.0,4.4,C,
18498,medium,3,1.0,2.0,2.5,C,-16.5
18499,low,0,4.0,16.0,9.9,A,15.0
18500,high,0,7.0,2.0,8.0,C,-100.0
18501,none,1,17.0,1.0,7.6,A,0.0
18502,medium,1,20.0,15.0,8.8,C,15.0
18503,low,0,18.0,25.0,2.0,C,-18.6
18504,none,1,6.0,6.0,5.6,A,-9.8
18505,medium,3,37.0,46.0,8.8,A,15.0
18506,medium,1,4.0,2.0,8.1,A,14.2
18507,none,1,2.0,12.0,9.2,C,10.4
18508,high,3,10.0,8.0,7.2,A,-100.0
18509,medium,2,10.0,38.0,3.0,A,-14.2
18510,low,1,6.0,2.0,5.5,B,1.6
18511,low,1,4.0,12.0,1.3,A,-100.0
18512,high,2,15.0,5.0,1.6,C,-100.0
18513,none,5,2.0,7.0,8.5,A,6.1
18514,high,0,12.0,29.0,8.7,C,-17.1
18515,high,0,2.0,19.0,2.2,A,-100.0
18516,medium,0,16.0,2.0,2.7,D,-16.6
18517,low,3,10.0,6.0,9.5,A,15.0
18518,medium,0,13.0,26.0,5.6,A,-0.1
18519,medium,2,7.0,37.0,1.2,A,-100.0
18520,low,3,9.0,13.0,9.1,A,15.0
18521,medium,0,6.0,11.0,5.7,A,1.0
18522,low,1,6.0,6.0,9.5,A,15.0
18523,none,1,11.0,43.0,1.3,D,-100.0
18524,none,1,1.0,40.0,9.7,A,13.6
18525,high,3,18.0,11.0,8.2,A,-100.0
18526,high,1,15.0,4.0,8.8,A,-17.2
18527,none,4,2.0,6.0,4.3,A,-16.9
18528,medium,1,12.0,21.0,8.5,A,15.0
18529,high,2,13.0,4.0,8.7,C,-17.6
18530,low,2,9.0,31.0,6.2,A,5.3
18531,none,3,3.0,4.0,8.6,C,6.7
18532,low,0,20.0,3.0,2.9,A,-14.0
18533,medium,1,,12.0,8.1,C,
18534,none,0,13.0,7.0,8.7,A,6.6
18535,medium,1,19.0,12.0,3.3,B,-13.6
18536,,0,4.0,2.0,5.9,B,-7.9
18537,medium,1,4.0,17.0,1.2,A,-100.0
18538,none,1,1.0,16.0,,C,
18539,none,4,17.0,29.0,9.8,A,12.1
18540,none,2,17.0,33.0,2.5,B,-100.0
18541,high,2,8.0,10.0,9.9,A,-10.4
18542,none,2,4.0,10.0,1.1,C,-100.0
18543,medium,0,4.0,2.0,3.9,C,-8.8
18544,none,2,20.0,2.0,8.4,C,4.0
18545,high,2,7.0,3.0,7.3,A,-100.0
18546,high,3,7.0,0.0,2.9,A,-100.0
18547,low,1,18.0,9.0,2.6,A,-15.5
18548,,2,3.0,7.0,4.8,A,-14.0
18549,high,3,4.0,3.0,9.1,A,-14.6
18550,none,0,7.0,3.0,5.4,A,-11.0
18551,medium,3,6.0,2.0,8.8,A,15.0
18552,none,3,5.0,13.0,8.7,A,7.2
18553,high,1,11.0,3.0,4.1,D,-100.0
18554,medium,6,5.0,11.0,9.6,C,15.0
18555,none,2,4.0,9.0,4.3,B,-16.9
18556,high,1,6.0,1.0,3.4,A,-100.0
18557,low,1,7.0,7.0,6.2,C,5.4
18558,high,0,3.0,3.0,9.5,A,-12.0
18559,none,2,15.0,7.0,9.6,A,11.2
18560,low,2,13.0,5.0,9.9,B,15.0
18561,medium,2,6.0,22.0,3.8,A,-9.6
18562,medium,1,7.0,18.0,2.3,C,-17.9
18563,high,0,5.0,10.0,5.6,A,-100.0
18564,high,4,9.0,15.0,9.5,A,-12.9
18565,medium,1,9.0,3.0,6.9,A,7.1
18566,medium,2,16.0,37.0,8.7,A,15.0
18567,high,4,23.0,16.0,3.7,C,-100.0
18568,low,1,8.0,44.0,9.6,A,15.0
18569,medium,5,2.0,30.0,4.8,A,-3.9
18570,low,0,12.0,0.0,5.9,A,3.3
18571,low,1,3.0,3.0,2.0,A,-17.4
18572,low,0,19.0,17.0,8.4,A,15.0
18573,low,3,9.0,9.0,5.2,A,-0.5
18574,medium,1,5.0,20.0,2.8,B,-14.9
18575,medium,0,18.0,5.0,8.1,C,12.9
18576,low,2,5.0,19.0,4.4,A,-4.3
18577,medium,3,1.0,1.0,9.2,A,15.0
18578,none,1,13.0,14.0,9.1,C,8.8
18579,high,2,15.0,2.0,9.4,C,-14.0
18580,high,0,4.0,6.0,9.7,A,-11.0
18581,medium,1,11.0,10.0,8.4,A,15.0
18582,low,2,2.0,2.0,6.3,C,6.3
18583,high,1,12.0,11.0,2.3,A,-100.0
18584,medium,1,6.0,31.0,5.0,A,-2.8
18585,medium,4,9.0,9.0,9.3,D,15.0
18586,medium,2,9.0,12.0,5.1,C,-2.8
18587,low,0,12.0,3.0,2.2,A,-17.1
18588,none,2,5.0,5.0,,D,
18589,high,0,8.0,17.0,1.1,C,-100.0
18590,high,1,3.0,16.0,1.8,A,-100.0
18591,medium,1,9.0,5.0,8.3,A,14.8
18592,medium,2,,2.0,8.2,C,
18593,none,1,4.0,34.0,2.1,B,-100.0
18594,medium,2,4.0,16.0,2.1,A,-18.8
18595,medium,0,16.0,7.0,7.7,B,11.0
18596,high,1,2.0,37.0,4.1,A,-100.0
18597,low,2,4.0,4.0,9.9,A,15.0
18598,high,4,12.0,5.0,9.4,A,-13.8
18599,none,0,12.0,3.0,8.9,A,7.8
18600,medium,1,7.0,21.0,2.2,A,-18.4
18601,medium,1,10.0,14.0,9.1,B,15.0
18602,high,0,1.0,23.0,9.1,A,-13.8
18603,high,0,11.0,24.0,9.1,A,-14.8
18604,low,1,10.0,3.0,8.6,A,15.0
18605,high,1,21.0,0.0,2.4,A,-100.0
18606,none,2,16.0,7.0,9.6,B,11.1
18607,low,0,13.0,0.0,7.7,A,13.1
18608,high,2,11.0,12.0,1.7,C,-100.0
18609,low,2,11.0,24.0,1.7,A,-19.7
18610,none,4,14.0,1.0,2.9,C,-100.0
18611,none,1,20.0,16.0,3.9,A,-100.0
18612,high,0,6.0,9.0,2.8,A,-100.0
18613,high,1,5.0,25.0,9.4,A,-12.7
18614,medium,0,8.0,5.0,6.8,C,6.8
18615,high,2,31.0,9.0,7.0,C,-100.0
18616,high,1,6.0,30.0,8.8,A,-16.0
18617,low,4,0.0,2.0,8.9,B,15.0
18618,high,2,2.0,2.0,8.9,A,-15.4
18619,none,1,6.0,0.0,8.7,B,7.2
18620,high,1,20.0,3.0,9.1,A,-16.0
18621,low,1,11.0,39.0,6.6,A,7.5
18622,high,1,32.0,11.0,7.4,A,-100.0
18623,high,1,7.0,2.0,9.0,D,-15.3
18624,medium,1,18.0,14.0,9.0,B,15.0
18625,none,1,1.0,14.0,6.3,A,-5.4
18626,medium,0,16.0,14.0,9.9,D,15.0
18627,medium,1,4.0,9.0,8.7,B,15.0
18628,none,4,12.0,0.0,9.6,C,11.2
18629,none,0,7.0,5.0,2.5,A,-100.0
18630,low,1,9.0,50.0,3.0,C,-12.0
18631,high,2,18.0,13.0,8.3,A,-100.0
18632,medium,2,12.0,3.0,5.8,C,0.6
18633,high,0,8.0,12.0,3.7,A,-100.0
18634,low,1,26.0,6.0,8.5,A,15.0
18635,medium,1,4.0,27.0,1.4,C,-100.0
18636,low,0,6.0,6.0,2.3,A,-15.9
18637,medium,1,5.0,3.0,3.7,C,-10.1
18638,high,2,18.0,3.0,1.2,A,-100.0
18639,medium,2,7.0,25.0,6.9,A,7.4
18640,high,1,15.0,26.0,2.3,C,-100.0
18641,high,1,6.0,2.0,6.3,A,-100.0
18642,low,2,9.0,0.0,8.4,A,15.0
18643,low,5,15.0,19.0,6.0,A,3.2
18644,high,2,2.0,15.0,8.0,A,-100.0
18645,low,0,16.0,5.0,3.0,A,-13.0
18646,low,1,0.0,27.0,3.7,A,-7.5
18647,low,0,9.0,3.0,9.7,A,15.0
18648,medium,0,15.0,10.0,9.9,B,15.0
18649,high,3,10.0,14.0,9.8,C,-11.3
18650,medium,2,17.0,6.0,9.5,A,15.0
18651,none,1,9.0,50.0,2.1,D,-100.0
18652,none,3,18.0,7.0,7.3,C,-1.9
18653,low,3,14.0,0.0,6.9,A,8.2
18654,medium,2,20.0,23.0,2.4,A,-18.6
18655,high,0,15.0,7.0,5.7,C,-100.0
18656,high,4,1.0,36.0,2.0,A,-100.0
18657,high,2,7.0,26.0,8.3,A,-19.0
18658,low,6,2.0,6.0,5.1,C,-0.7
18659,high,0,9.0,50.0,4.1,C,-100.0
18660,medium,2,1.0,6.0,9.0,A,15.0
18661,high,2,11.0,12.0,8.7,A,
18662,high,2,14.0,7.0,8.5,A,-18.8
18663,none,3,8.0,11.0,7.0,A,-2.5
18664,low,0,5.0,7.0,8.1,A,15.0
18665,medium,2,5.0,7.0,5.0,A,-3.0
18666,low,0,11.0,2.0,8.2,A,15.0
18667,none,0,14.0,14.0,7.8,B,1.6
18668,low,1,5.0,2.0,7.9,B,14.9
18669,high,0,12.0,1.0,4.8,A,-100.0
18670,high,1,,1.0,7.3,C,
18671,low,2,10.0,6.0,2.9,C,-13.2
18672,low,0,14.0,7.0,7.7,A,13.0
18673,high,0,7.0,20.0,9.8,A,-10.6
18674,high,1,17.0,13.0,6.5,A,-100.0
18675,low,1,17.0,25.0,1.2,A,-100.0
18676,medium,1,12.0,23.0,9.9,A,15.0
18677,high,0,2.0,38.0,9.7,A,-10.5
18678,low,3,9.0,46.0,7.3,A,11.4
18679,high,2,13.0,8.0,5.2,A,-100.0
18680,high,4,11.0,1.0,4.4,A,-100.0
18681,high,2,6.0,36.0,3.6,A,-100.0
18682,high,1,11.0,30.0,9.3,A,-13.7
18683,high,1,16.0,19.0,2.5,C,-100.0
18684,medium,2,16.0,15.0,6.9,A,6.4
18685,high,1,8.0,3.0,3.6,A,-100.0
18686,none,0,,1.0,1.6,C,
18687,low,1,6.0,34.0,2.8,A,-13.0
18688,medium,2,1.0,3.0,,D,
18689,medium,4,20.0,5.0,9.9,A,15.0
18690,low,0,12.0,6.0,8.6,C,15.0
18691,low,1,4.0,30.0,3.1,A,-11.1
18692,high,2,7.0,11.0,9.7,A,-11.4
18693,medium,2,5.0,8.0,8.6,A,15.0
18694,high,1,18.0,10.0,1.9,A,-100.0
18695,low,2,2.0,12.0,8.8,A,15.0
18696,low,1,14.0,3.0,1.5,A,-100.0
18697,high,1,2.0,2.0,8.7,B,-16.4
18698,low,1,7.0,1.0,8.2,A,15.0
18699,low,0,25.0,3.0,3.3,C,-12.3
18700,high,1,11.0,15.0,9.3,A,-13.9
18701,low,3,6.0,17.0,8.1,A,15.0
18702,low,1,7.0,23.0,4.2,A,-5.5
18703,medium,2,4.0,16.0,2.2,B,-18.2
18704,medium,3,12.0,4.0,3.5,C,-12.1
18705,medium,4,7.0,2.0,8.7,A,15.0
18706,medium,1,4.0,10.0,7.1,A,8.8
18707,none,0,8.0,4.0,1.1,A,-100.0
18708,low,1,8.0,15.0,1.6,A,-19.9
18709,none,0,17.0,0.0,6.5,B,-6.0
18710,medium,0,1.0,13.0,3.2,A,-12.2
18711,medium,2,15.0,16.0,3.1,A,-14.4
18712,low,3,16.0,6.0,5.8,C,2.1
18713,none,4,9.0,4.0,9.0,A,8.2
18714,high,1,7.0,17.0,4.5,A,-100.0
18715,high,4,12.0,8.0,9.5,A,-13.3
18716,high,1,10.0,49.0,5.0,A,-100.0
18717,medium,2,16.0,0.0,2.7,D,-16.8
18718,medium,6,12.0,3.0,3.7,C,-11.3
18719,none,1,7.0,22.0,8.2,A,4.5
18720,medium,2,7.0,31.0,6.4,A,4.7
18721,low,2,5.0,5.0,5.4,A,1.1
18722,high,1,11.0,4.0,5.4,B,-100.0
18723,none,0,3.0,5.0,3.8,A,-19.3
18724,high,1,7.0,5.0,9.3,A,-13.6
18725,low,4,4.0,1.0,3.9,A,-7.3
18726,high,1,2.0,6.0,3.9,B,-100.0
18727,none,0,4.0,19.0,2.0,D,-100.0
18728,high,0,8.0,10.0,6.5,C,-100.0
18729,none,1,15.0,13.0,2.1,A,-100.0
18730,medium,3,18.0,2.0,9.3,A,15.0
18731,low,2,6.0,6.0,8.1,C,15.0
18732,high,0,6.0,0.0,3.5,C,-100.0
18733,high,2,10.0,3.0,1.6,B,-100.0
18734,low,0,19.0,10.0,1.5,B,-100.0
18735,high,1,27.0,10.0,1.2,A,-100.0
18736,none,1,18.0,21.0,8.8,A,6.7
18737,low,0,3.0,8.0,7.6,A,13.6
18738,low,1,2.0,1.0,5.7,C,3.1
18739,low,1,8.0,20.0,7.9,A,14.7
18740,low,1,1.0,4.0,,B,
18741,medium,0,3.0,9.0,5.4,A,-0.4
18742,high,2,7.0,4.0,1.8,B,-100.0
18743,high,2,15.0,0.0,7.1,A,-100.0
18744,low,1,16.0,20.0,2.1,A,-18.0
18745,high,1,4.0,8.0,4.5,B,-100.0
18746,medium,3,2.0,3.0,8.4,A,15.0
18747,high,3,7.0,7.0,6.8,C,-100.0
18748,high,2,7.0,17.0,7.4,A,-100.0
18749,none,0,6.0,1.0,7.4,C,0.1
18750,high,1,2.0,0.0,8.3,A,-18.7
18751,medium,2,30.0,2.0,2.7,A,-18.2
18752,low,4,14.0,1.0,6.3,A,4.9
18753,medium,0,14.0,5.0,8.0,A,12.8
18754,low,1,5.0,7.0,9.7,C,15.0
18755,high,2,7.0,14.0,4.5,A,-100.0
18756,medium,1,5.0,12.0,8.5,A,15.0
18757,medium,0,6.0,12.0,8.1,A,14.2
18758,low,0,16.0,19.0,5.0,A,-1.9
18759,medium,2,22.0,5.0,2.3,A,-19.6
18760,high,2,14.0,5.0,2.0,A,-100.0
18761,medium,1,22.0,3.0,9.7,A,15.0
18762,high,3,11.0,10.0,4.5,A,-100.0
18763,low,1,17.0,6.0,6.8,C,7.7
18764,high,2,12.0,11.0,4.2,C,-100.0
18765,low,0,8.0,6.0,9.6,A,15.0
18766,medium,1,10.0,3.0,5.7,A,0.4
18767,high,4,7.0,4.0,9.5,A,-12.8
18768,none,1,4.0,0.0,9.0,A,9.0
18769,medium,1,10.0,1.0,8.4,D,15.0
18770,high,2,5.0,9.0,4.8,A,-100.0
18771,low,3,4.0,4.0,9.2,B,15.0
18772,low,0,3.0,1.0,2.0,A,-17.3
18773,low,0,7.0,16.0,1.6,A,-19.7
18774,low,0,6.0,17.0,9.5,A,15.0
18775,medium,0,6.0,26.0,8.1,A,14.3
18776,high,1,30.0,0.0,4.4,C,-100.0
18777,high,2,17.0,5.0,9.1,A,-15.8
18778,high,1,21.0,11.0,7.1,A,-100.0
18779,low,0,3.0,19.0,1.2,A,-100.0
18780,medium,4,6.0,3.0,9.0,C,15.0
18781,high,5,10.0,19.0,2.8,B,-100.0
18782,low,2,7.0,21.0,9.5,B,15.0
18783,high,3,12.0,2.0,8.7,B,-17.6
18784,medium,0,5.0,26.0,4.7,C,-4.3
18785,low,1,16.0,5.0,3.6,A,-9.9
18786,high,2,16.0,23.0,9.9,A,-11.1
18787,high,4,4.0,7.0,9.8,A,-10.8
18788,high,1,4.0,8.0,8.1,C,-19.9
18789,medium,2,18.0,14.0,8.7,A,15.0
18790,low,0,15.0,14.0,9.3,A,15.0
18791,none,1,3.0,35.0,4.9,A,-13.1
18792,low,2,3.0,31.0,9.9,B,15.0
18793,medium,1,21.0,4.0,4.6,A,-6.7
18794,high,0,5.0,9.0,6.9,A,-100.0
18795,low,4,6.0,24.0,3.8,D,-7.9
18796,medium,5,15.0,1.0,8.7,A,15.0
18797,low,1,6.0,16.0,4.6,A,-3.2
18798,high,2,5.0,4.0,7.1,A,-100.0
18799,,0,13.0,19.0,8.2,A,4.0
18800,medium,2,11.0,4.0,4.0,A,-9.1
18801,medium,2,13.0,8.0,5.0,A,-3.8
18802,high,0,17.0,0.0,2.6,B,-100.0
18803,high,4,2.0,20.0,8.1,C,-19.8
18804,medium,2,4.0,17.0,8.3,A,15.0
18805,none,4,1.0,34.0,2.9,C,-100.0
18806,,3,4.0,0.0,6.6,D,-4.4
18807,none,2,7.0,12.0,4.5,C,-16.0
18808,medium,0,7.0,50.0,2.6,A,-15.8
18809,low,1,12.0,10.0,8.6,A,15.0
18810,medium,0,14.0,3.0,9.9,C,15.0
18811,low,0,5.0,9.0,3.2,A,-10.8
18812,high,2,13.0,3.0,8.5,C,-18.7
18813,low,2,8.0,16.0,8.9,A,15.0
18814,low,0,3.0,43.0,8.4,A,15.0
18815,high,0,20.0,11.0,1.0,A,-100.0
18816,low,3,8.0,2.0,8.3,A,15.0
18817,low,1,5.0,1.0,3.8,A,-7.7
18818,medium,4,,2.0,1.3,C,
18819,low,0,7.0,9.0,2.3,A,-16.0
18820,low,1,6.0,20.0,9.9,C,15.0
18821,low,2,29.0,5.0,5.3,A,-1.9
18822,low,2,12.0,1.0,7.8,C,13.5
18823,high,1,1.0,3.0,8.4,A,-18.0
18824,low,5,5.0,12.0,5.8,A,3.0
18825,medium,1,8.0,6.0,6.2,B,3.4
18826,none,1,11.0,1.0,4.9,A,-14.2
18827,medium,1,9.0,25.0,8.9,A,15.0
18828,low,3,12.0,16.0,9.1,C,15.0
18829,none,1,6.0,3.0,8.6,C,6.6
18830,low,3,6.0,22.0,2.1,A,-17.1
18831,low,2,8.0,19.0,8.5,A,15.0
18832,medium,3,7.0,1.0,9.6,D,15.0
18833,low,3,12.0,1.0,6.4,A,5.7
18834,high,3,5.0,6.0,6.1,A,-100.0
18835,none,2,11.0,13.0,6.2,C,-7.1
18836,low,2,4.0,11.0,9.1,A,15.0
18837,high,0,17.0,1.0,4.4,A,-100.0
18838,none,1,15.0,8.0,9.5,A,10.7
18839,low,2,6.0,9.0,9.2,D,15.0
18840,low,2,7.0,5.0,9.0,A,15.0
18841,high,3,8.0,5.0,4.5,A,-100.0
18842,high,2,18.0,9.0,8.5,D,-19.2
18843,low,2,6.0,12.0,3.3,C,-10.5
18844,low,0,5.0,5.0,8.2,A,15.0
18845,medium,2,2.0,17.0,4.6,C,-4.8
18846,high,2,21.0,8.0,7.8,A,-100.0
18847,high,1,4.0,1.0,2.3,D,-100.0
18848,low,1,11.0,18.0,8.1,A,15.0
18849,none,2,8.0,19.0,2.9,C,-100.0
18850,high,0,2.0,7.0,9.6,C,-11.3
18851,low,0,21.0,0.0,4.3,C,-6.4
18852,medium,1,3.0,10.0,6.0,C,2.8
18853,medium,2,7.0,8.0,8.8,A,15.0
18854,high,1,14.0,7.0,3.4,A,-100.0
18855,low,1,7.0,0.0,2.7,C,-13.9
18856,medium,1,10.0,31.0,2.2,C,-18.6
18857,medium,1,26.0,8.0,8.4,A,13.7
18858,low,0,1.0,24.0,8.2,A,15.0
18859,medium,2,4.0,17.0,4.9,A,-3.4
18860,high,1,5.0,14.0,4.6,A,-100.0
18861,high,2,14.0,6.0,8.0,A,-100.0
18862,high,3,7.0,20.0,5.4,D,-100.0
18863,low,2,2.0,7.0,9.9,A,15.0
18864,none,3,5.0,4.0,6.4,A,-5.6
18865,high,2,9.0,1.0,1.2,B,-100.0
18866,low,3,2.0,5.0,8.4,C,15.0
18867,medium,1,7.0,2.0,4.0,A,-8.7
18868,none,4,19.0,20.0,6.9,A,-4.1
18869,medium,1,2.0,4.0,1.8,A,-100.0
18870,low,1,4.0,1.0,1.7,A,-19.1
18871,high,2,6.0,21.0,8.1,A,-100.0
18872,low,0,28.0,10.0,3.0,D,-14.2
18873,low,1,17.0,7.0,1.9,B,-19.3
18874,low,2,4.0,8.0,9.9,A,15.0
18875,high,0,10.0,4.0,3.6,A,-100.0
18876,low,4,19.0,28.0,8.1,B,14.5
18877,low,2,15.0,5.0,4.5,A,-4.9
18878,high,4,4.0,12.0,8.2,B,-19.6
18879,high,2,8.0,2.0,8.4,A,-18.8
18880,high,2,28.0,9.0,7.8,A,-100.0
18881,none,1,9.0,20.0,10.0,A,14.2
18882,high,1,4.0,14.0,9.8,A,-10.5
18883,low,3,18.0,13.0,3.7,C,-9.6
18884,medium,0,4.0,8.0,8.3,A,15.0
18885,high,1,10.0,9.0,5.9,B,-100.0
18886,,1,7.0,8.0,8.7,B,7.1
18887,high,1,10.0,3.0,9.0,C,-15.6
18888,low,2,19.0,3.0,8.1,A,14.5
18889,high,3,9.0,19.0,2.0,A,-100.0
18890,medium,2,8.0,8.0,9.2,C,15.0
18891,none,2,12.0,2.0,9.1,A,8.7
18892,low,1,9.0,11.0,6.2,A,5.2
18893,low,3,18.0,9.0,2.7,C,-15.2
18894,medium,3,14.0,17.0,7.3,A,8.7
18895,high,3,4.0,4.0,9.2,A,-14.1
18896,low,2,7.0,16.0,8.6,B,15.0
18897,medium,1,8.0,3.0,3.9,C,-9.3
18898,high,2,31.0,17.0,9.1,A,-17.1
18899,high,4,8.0,4.0,1.1,A,-100.0
18900,high,1,10.0,0.0,2.4,A,-100.0
18901,low,2,9.0,1.0,9.4,A,15.0
18902,high,3,,2.0,8.8,C,
18903,low,1,16.0,5.0,9.7,A,15.0
18904,medium,1,13.0,26.0,2.0,A,-100.0
18905,high,0,4.0,3.0,6.4,A,-100.0
18906,high,1,9.0,2.0,9.0,A,-15.5
18907,high,2,17.0,12.0,1.1,A,-100.0
18908,none,0,3.0,22.0,4.5,A,-15.3
18909,high,0,8.0,24.0,3.7,B,-100.0
18910,medium,2,2.0,22.0,1.7,A,-100.0
18911,high,1,10.0,13.0,9.4,C,-13.3
18912,low,1,14.0,9.0,1.9,A,-19.0
18913,low,6,6.0,3.0,5.1,A,-1.1
18914,high,1,16.0,13.0,9.9,C,-11.1
18915,low,2,0.0,7.0,3.8,A,-7.2
18916,high,3,8.0,1.0,9.5,A,-12.8
18917,none,0,6.0,15.0,3.5,D,-100.0
18918,none,2,10.0,4.0,7.5,B,0.1
18919,medium,0,,15.0,8.9,C,
18920,high,1,24.0,4.0,8.0,B,-100.0
18921,none,3,3.0,3.0,9.8,A,13.3
18922,none,0,23.0,0.0,7.5,C,-1.0
18923,,3,2.0,4.0,3.8,A,-19.6
18924,high,1,8.0,6.0,2.7,A,-100.0
18925,medium,1,7.0,6.0,9.0,A,15.0
18926,low,1,18.0,41.0,8.7,A,15.0
18927,medium,4,13.0,3.0,10.0,B,15.0
18928,none,3,23.0,21.0,4.3,A,-18.7
18929,low,1,2.0,15.0,1.2,C,-100.0
18930,none,5,9.0,4.0,4.4,A,-17.2
18931,high,2,5.0,31.0,8.4,C,-18.2
18932,high,2,11.0,1.0,8.6,C,-18.0
18933,low,1,7.0,5.0,2.6,A,-14.5
18934,none,2,6.0,29.0,9.1,A,9.5
18935,none,4,12.0,3.0,8.1,C,3.0
18936,high,3,10.0,2.0,9.5,B,-13.0
18937,none,2,1.0,19.0,2.5,B,-100.0
18938,low,0,,4.0,4.4,C,
18939,low,0,8.0,5.0,1.4,C,-100.0
18940,none,5,7.0,50.0,2.3,A,-100.0
18941,low,1,17.0,3.0,3.8,B,-8.9
18942,high,1,3.0,10.0,8.8,A,-15.9
18943,medium,3,2.0,13.0,6.4,A,5.0
18944,low,2,5.0,6.0,1.8,C,-18.7
18945,high,1,4.0,13.0,9.9,C,-9.9
18946,high,1,5.0,9.0,1.1,C,-100.0
18947,low,1,14.0,12.0,5.2,A,-0.8
18948,medium,2,2.0,11.0,8.7,B,15.0
18949,low,4,6.0,4.0,6.5,A,6.8
18950,none,4,2.0,22.0,8.4,C,5.8
18951,low,1,3.0,4.0,9.2,A,15.0
18952,medium,1,5.0,1.0,1.0,C,-100.0
18953,none,1,7.0,1.0,9.0,A,8.7
18954,low,1,13.0,4.0,8.9,C,15.0
18955,medium,2,1.0,5.0,9.2,A,15.0
18956,low,2,2.0,9.0,9.8,A,15.0
18957,high,3,10.0,16.0,2.4,B,-100.0
18958,medium,0,2.0,15.0,3.3,A,-11.8
18959,low,0,16.0,14.0,7.7,A,12.9
18960,low,0,12.0,6.0,5.5,A,1.1
18961,medium,1,28.0,8.0,8.6,A,14.6
18962,,6,4.0,24.0,9.2,C,9.8
18963,none,3,16.0,6.0,8.9,A,7.1
18964,medium,1,12.0,34.0,6.3,A,3.8
18965,high,4,4.0,1.0,7.1,A,-100.0
18966,high,0,9.0,34.0,8.3,C,-18.9
18967,high,2,39.0,13.0,8.1,B,-100.0
18968,low,1,20.0,6.0,8.2,A,15.0
18969,low,3,10.0,6.0,9.6,C,15.0
18970,medium,0,5.0,41.0,8.8,A,15.0
18971,high,0,10.0,35.0,8.1,A,-100.0
18972,low,1,5.0,11.0,9.6,C,15.0
18973,medium,1,3.0,40.0,9.8,A,15.0
18974,low,2,2.0,15.0,9.1,A,15.0
18975,medium,3,13.0,11.0,9.1,A,15.0
18976,high,2,12.0,14.0,2.5,C,-100.0
18977,low,1,24.0,10.0,4.8,A,-4.0
18978,low,1,7.0,2.0,2.9,A,-12.8
18979,medium,1,16.0,5.0,9.5,A,15.0
18980,medium,5,8.0,10.0,4.8,A,-4.7
18981,low,2,40.0,16.0,5.9,A,0.4
18982,medium,3,1.0,14.0,4.1,C,-7.6
18983,medium,1,13.0,3.0,1.2,A,-100.0
18984,none,0,10.0,32.0,8.5,A,6.1
18985,high,0,5.0,8.0,5.3,A,-100.0
18986,none,2,5.0,7.0,9.5,A,11.6
18987,low,2,8.0,16.0,9.4,C,15.0
18988,medium,0,4.0,11.0,7.1,A,8.9
18989,low,2,15.0,8.0,3.8,A,-8.7
18990,high,3,4.0,4.0,8.1,C,-100.0
18991,medium,1,4.0,32.0,9.4,A,15.0
18992,low,1,23.0,2.0,8.8,A,15.0
18993,high,3,8.0,14.0,8.6,A,-17.7
18994,low,1,25.0,5.0,1.1,B,-100.0
18995,medium,3,13.0,3.0,9.0,A,15.0
18996,low,1,14.0,8.0,9.6,A,15.0
18997,none,1,,9.0,8.8,C,
18998,medium,2,5.0,11.0,8.6,D,15.0
18999,high,3,8.0,10.0,2.9,A,-100.0
19000,low,5,1.0,2.0,9.6,D,15.0
19001,high,1,1.0,3.0,2.9,A,-100.0
19002,none,0,18.0,10.0,6.2,A,-7.6
19003,low,1,8.0,1.0,8.9,C,15.0
19004,medium,4,13.0,9.0,2.8,A,-16.1
19005,high,1,7.0,4.0,5.4,B,-100.0
19006,low,0,18.0,32.0,6.2,A,4.6
19007,medium,2,3.0,5.0,4.2,A,-7.2
19008,high,4,13.0,1.0,5.3,B,-100.0
19009,medium,6,3.0,36.0,6.5,C,5.3
19010,high,1,11.0,12.0,2.2,A,-100.0
19011,high,6,4.0,26.0,7.3,A,-100.0
19012,high,0,10.0,10.0,3.7,A,-100.0
19013,none,1,1.0,8.0,8.7,A,7.7
19014,low,3,10.0,5.0,8.1,C,15.0
19015,high,0,3.0,7.0,1.8,D,-100.0
19016,medium,1,7.0,14.0,8.8,A,15.0
19017,low,0,10.0,8.0,9.5,B,15.0
19018,high,3,28.0,39.0,8.6,A,-19.4
19019,low,0,9.0,6.0,2.9,A,-12.9
19020,low,2,10.0,36.0,8.9,A,15.0
19021,medium,2,5.0,3.0,8.1,C,14.0
19022,none,2,12.0,12.0,7.5,A,-0.0
19023,low,2,3.0,18.0,9.1,A,15.0
19024,low,4,27.0,20.0,6.5,A,4.9
19025,high,2,12.0,13.0,3.6,A,-100.0
19026,low,1,27.0,0.0,3.6,A,-11.0
19027,high,3,25.0,3.0,8.2,B,-100.0
19028,high,2,21.0,8.0,1.4,C,-100.0
19029,medium,1,21.0,3.0,4.6,B,-6.7
19030,high,2,6.0,20.0,8.7,C,-16.7
19031,low,3,13.0,7.0,8.3,A,15.0
19032,none,0,7.0,2.0,2.3,C,-100.0
19033,high,5,20.0,2.0,3.6,A,-100.0
19034,low,1,7.0,36.0,7.0,A,10.1
19035,medium,0,7.0,13.0,9.2,A,15.0
19036,medium,3,4.0,6.0,8.8,A,15.0
19037,none,3,9.0,26.0,8.2,B,4.2
19038,medium,2,10.0,6.0,3.5,C,-11.8
19039,high,1,10.0,2.0,2.9,A,-100.0
19040,low,3,10.0,2.0,3.1,A,-12.2
19041,high,1,10.0,46.0,1.9,A,-100.0
19042,none,2,8.0,2.0,8.7,A,6.9
19043,high,1,25.0,5.0,8.6,A,-19.3
19044,none,1,1.0,24.0,8.6,A,7.3
19045,low,2,15.0,11.0,4.1,A,-7.0
19046,high,0,5.0,24.0,3.5,D,-100.0
19047,high,0,18.0,21.0,9.4,A,-13.9
19048,none,2,8.0,17.0,2.5,C,-100.0
19049,high,3,3.0,18.0,7.6,C,-100.0
19050,medium,1,6.0,4.0,3.0,A,-14.0
19051,medium,3,12.0,0.0,5.7,A,-0.0
19052,none,3,1.0,1.0,2.0,D,-100.0
19053,low,0,3.0,11.0,9.8,A,15.0
19054,low,2,15.0,6.0,1.5,A,-100.0
19055,low,3,10.0,5.0,9.1,C,15.0
19056,low,1,1.0,1.0,8.6,A,15.0
19057,medium,4,6.0,13.0,1.9,C,-100.0
19058,none,6,8.0,7.0,3.4,A,-100.0
19059,high,0,12.0,12.0,7.1,A,-100.0
19060,high,4,13.0,4.0,1.5,A,-100.0
19061,low,2,6.0,13.0,4.8,A,-2.3
19062,low,3,4.0,5.0,3.6,A,-8.8
19063,high,0,,45.0,8.2,C,
19064,high,1,32.0,12.0,5.2,A,-100.0
19065,medium,1,9.0,5.0,8.9,A,15.0
19066,high,1,9.0,15.0,3.2,A,-100.0
19067,none,1,11.0,7.0,8.2,A,4.0
19068,high,1,6.0,11.0,4.6,C,-100.0
19069,medium,2,18.0,2.0,9.8,A,15.0
19070,low,2,2.0,9.0,5.4,A,1.4
19071,none,2,9.0,14.0,5.4,A,-11.3
19072,medium,1,13.0,3.0,2.6,A,-16.9
19073,low,2,16.0,39.0,4.6,A,-4.1
19074,medium,2,6.0,3.0,2.7,A,-15.8
19075,medium,2,9.0,20.0,9.0,A,15.0
19076,high,1,9.0,9.0,9.1,A,-14.9
19077,low,3,17.0,1.0,8.1,A,14.6
19078,low,3,18.0,1.0,4.4,A,-5.9
19079,high,0,16.0,4.0,9.4,C,-13.9
19080,low,0,10.0,1.0,2.4,C,-15.8
19081,low,2,3.0,14.0,1.9,A,-17.9
19082,medium,2,11.0,5.0,6.7,A,5.7
19083,medium,2,17.0,31.0,1.3,A,-100.0
19084,high,0,16.0,17.0,5.0,D,-100.0
19085,low,3,14.0,14.0,5.6,A,1.2
19086,high,4,17.0,14.0,5.4,C,-100.0
19087,high,1,12.0,0.0,8.7,A,-17.4
19088,high,1,3.0,4.0,1.8,A,-100.0
19089,high,0,2.0,36.0,8.1,A,-19.3
19090,medium,0,5.0,12.0,8.6,C,15.0
19091,high,1,14.0,16.0,9.5,A,-13.1
19092,high,1,6.0,11.0,10.0,A,-9.6
19093,low,1,17.0,1.0,8.8,A,15.0
19094,low,0,20.0,21.0,7.0,B,8.7
19095,high,2,12.0,3.0,9.5,C,-13.1
19096,medium,1,8.0,8.0,7.6,A,11.1
19097,high,1,21.0,0.0,4.9,A,-100.0
19098,high,1,5.0,0.0,8.9,A,-15.7
19099,low,1,7.0,19.0,9.3,A,15.0
19100,none,2,2.0,4.0,8.2,A,4.7
19101,medium,2,10.0,6.0,8.7,D,15.0
19102,medium,1,5.0,0.0,9.9,A,15.0
19103,none,0,1.0,3.0,4.2,A,-17.0
19104,none,2,7.0,12.0,9.7,A,12.6
19105,none,2,8.0,9.0,7.3,B,-0.8
19106,none,1,10.0,25.0,3.8,B,-20.0
19107,high,2,10.0,5.0,1.2,A,-100.0
19108,high,2,3.0,6.0,8.3,A,-18.8
19109,none,1,26.0,1.0,9.9,A,11.8
19110,high,1,17.0,2.0,1.4,A,-100.0
19111,high,0,26.0,9.0,8.4,D,-100.0
19112,high,1,18.0,1.0,3.3,A,-100.0
19113,high,1,10.0,32.0,2.5,C,-100.0
19114,medium,2,4.0,50.0,8.7,A,15.0
19115,medium,2,10.0,9.0,5.0,C,-3.5
19116,medium,0,11.0,19.0,3.5,A,-11.5
19117,low,2,9.0,23.0,1.4,A,-100.0
19118,high,3,16.0,19.0,9.5,A,-13.5
19119,medium,3,3.0,7.0,8.2,A,14.7
19120,low,0,13.0,1.0,8.0,A,14.7
19121,high,1,3.0,0.0,2.9,A,-100.0
19122,high,0,18.0,3.0,1.4,A,-100.0
19123,medium,1,11.0,28.0,1.6,A,-100.0
19124,low,1,21.0,27.0,2.2,A,-17.8
19125,medium,1,9.0,14.0,8.9,A,15.0
19126,low,2,8.0,43.0,7.5,A,12.7
19127,medium,0,2.0,17.0,1.6,A,-100.0
19128,none,0,36.0,10.0,1.1,A,-100.0
19129,high,0,10.0,8.0,3.9,C,-100.0
19130,none,1,19.0,7.0,2.1,A,-100.0
19131,low,1,7.0,29.0,9.9,A,15.0
19132,none,3,2.0,22.0,8.3,A,5.4
19133,high,2,3.0,13.0,7.5,A,-100.0
19134,low,4,4.0,8.0,6.1,C,4.8
19135,high,4,9.0,7.0,9.9,A,-10.8
19136,low,1,12.0,22.0,6.2,A,5.0
19137,high,1,8.0,8.0,8.3,A,-19.2
19138,none,1,17.0,13.0,3.6,A,-100.0
19139,low,0,18.0,13.0,8.5,C,15.0
19140,low,4,20.0,16.0,7.1,A,8.8
19141,low,0,6.0,1.0,8.2,A,15.0
19142,low,2,6.0,7.0,9.1,A,15.0
19143,high,1,13.0,1.0,8.4,A,-19.2
19144,low,1,16.0,6.0,8.5,C,15.0
19145,high,5,7.0,0.0,4.0,A,-100.0
19146,high,2,5.0,12.0,8.3,A,-18.9
19147,high,1,6.0,1.0,9.6,A,-11.9
19148,high,4,7.0,5.0,3.6,C,-100.0
19149,high,1,26.0,17.0,6.6,A,-100.0
19150,none,0,12.0,2.0,6.4,A,-6.0
19151,medium,1,9.0,21.0,8.9,A,15.0
19152,high,3,5.0,11.0,5.7,B,-100.0
19153,low,2,32.0,40.0,9.0,C,15.0
19154,high,2,3.0,14.0,8.2,B,-19.3
19155,none,1,4.0,3.0,8.6,A,6.8
19156,low,2,19.0,18.0,1.2,C,-100.0
19157,medium,1,5.0,35.0,5.7,A,1.2
19158,high,1,17.0,10.0,8.7,C,-17.9
19159,low,3,,21.0,7.8,C,
19160,none,1,5.0,7.0,9.0,C,9.0
19161,low,4,,50.0,3.6,C,
19162,low,5,11.0,11.0,3.9,B,-8.0
19163,high,4,2.0,14.0,8.8,D,-16.1
19164,low,0,2.0,16.0,8.8,A,15.0
19165,medium,0,4.0,31.0,9.6,A,15.0
19166,high,3,2.0,25.0,8.3,A,-18.6
19167,low,1,10.0,13.0,9.8,A,15.0
19168,high,2,3.0,7.0,2.9,B,-100.0
19169,low,2,8.0,1.0,7.4,A,11.7
19170,medium,4,7.0,36.0,3.9,A,-9.2
19171,low,1,26.0,5.0,8.3,A,15.0
19172,medium,3,2.0,4.0,8.7,A,15.0
19173,high,2,19.0,7.0,8.3,C,-100.0
19174,medium,1,6.0,6.0,6.4,A,4.7
19175,none,1,3.0,4.0,2.6,A,-100.0
19176,none,2,0.0,15.0,6.2,C,-6.0
19177,high,2,4.0,3.0,7.3,C,-100.0
19178,none,1,7.0,2.0,1.5,C,-100.0
19179,low,1,13.0,1.0,5.7,D,2.0
19180,none,0,8.0,4.0,8.1,A,3.8
19181,medium,2,10.0,12.0,5.1,A,-2.9
19182,high,5,11.0,4.0,4.2,C,-100.0
19183,medium,0,3.0,1.0,5.8,A,1.7
19184,high,0,8.0,2.0,9.4,A,-13.1
19185,high,3,2.0,12.0,9.6,A,-11.6
19186,medium,0,15.0,26.0,3.9,A,-9.7
19187,low,0,7.0,9.0,8.2,A,15.0
19188,medium,2,6.0,14.0,1.4,A,-100.0
19189,medium,3,7.0,20.0,1.5,A,-100.0
19190,low,2,15.0,1.0,8.1,C,14.9
19191,none,2,4.0,2.0,6.8,A,-3.2
19192,high,1,11.0,3.0,5.1,A,-100.0
19193,medium,2,25.0,17.0,2.6,A,-18.1
19194,high,0,17.0,40.0,2.2,A,-100.0
19195,low,0,9.0,4.0,8.7,C,15.0
19196,low,3,4.0,2.0,7.6,C,13.1
19197,medium,2,4.0,6.0,2.7,A,-15.6
19198,medium,0,3.0,1.0,5.6,C,0.6
19199,high,4,20.0,10.0,3.9,A,-100.0
19200,medium,4,13.0,3.0,1.8,A,-100.0
19201,high,1,16.0,7.0,3.4,A,-100.0
19202,low,1,12.0,35.0,8.1,A,15.0
19203,low,1,6.0,8.0,3.5,A,-9.4
19204,high,1,2.0,11.0,4.5,A,-100.0
19205,none,1,9.0,40.0,9.7,A,12.7
19206,none,3,9.0,2.0,2.7,A,-100.0
19207,high,1,3.0,3.0,6.2,B,-100.0
19208,high,1,10.0,6.0,9.2,A,-14.5
19209,low,4,9.0,9.0,9.3,A,15.0
19210,low,1,14.0,6.0,8.2,A,15.0
19211,medium,3,8.0,31.0,5.4,A,-1.0
19212,low,1,12.0,0.0,4.8,A,-2.9
19213,low,4,2.0,5.0,1.8,A,-18.6
19214,medium,1,5.0,14.0,5.7,A,1.0
19215,low,4,9.0,4.0,8.3,A,15.0
19216,low,2,9.0,3.0,7.1,C,10.0
19217,high,2,12.0,5.0,9.6,C,-12.6
19218,high,1,3.0,4.0,9.8,A,-10.5
19219,high,1,5.0,7.0,7.8,A,-100.0
19220,none,2,6.0,7.0,2.5,C,-100.0
19221,medium,2,10.0,1.0,9.7,A,15.0
19222,high,1,14.0,2.0,8.1,C,-100.0
19223,low,2,7.0,9.0,3.2,A,-11.2
19224,medium,0,27.0,4.0,9.6,A,15.0
19225,medium,3,9.0,1.0,4.0,B,-9.1
19226,medium,2,10.0,4.0,9.9,A,15.0
19227,high,2,12.0,1.0,9.8,A,-11.5
19228,low,0,12.0,23.0,4.6,A,-3.7
19229,low,1,19.0,0.0,3.9,A,-8.6
19230,high,1,9.0,5.0,2.7,A,-100.0
19231,high,2,7.0,0.0,2.6,A,-100.0
19232,medium,0,28.0,10.0,4.7,C,-6.7
19233,medium,4,7.0,36.0,2.5,A,-16.9
19234,low,3,3.0,7.0,9.0,A,15.0
19235,medium,2,17.0,11.0,9.3,A,15.0
19236,low,3,6.0,14.0,8.3,C,15.0
19237,medium,0,4.0,7.0,9.6,A,15.0
19238,high,2,8.0,11.0,6.5,B,-100.0
19239,low,2,7.0,3.0,5.7,A,2.5
19240,high,1,1.0,4.0,9.9,C,-9.7
19241,medium,0,2.0,23.0,2.9,A,-13.9
19242,low,2,20.0,20.0,3.1,A,-12.9
19243,medium,2,15.0,22.0,1.5,A,-100.0
19244,high,1,1.0,31.0,9.6,A,-11.1
19245,high,1,9.0,3.0,8.5,B,-18.2
19246,medium,1,7.0,4.0,2.0,A,-19.6
19247,low,1,3.0,2.0,3.6,B,-8.6
19248,low,1,13.0,0.0,2.3,A,-16.7
19249,none,3,10.0,5.0,9.4,C,10.5
19250,none,2,22.0,3.0,4.4,B,-18.2
19251,low,2,3.0,50.0,8.3,A,15.0
19252,none,1,10.0,12.0,9.7,A,12.4
19253,medium,1,9.0,39.0,2.4,A,-17.3
19254,low,0,4.0,36.0,2.1,D,-16.5
19255,high,1,1.0,7.0,3.3,A,-100.0
19256,high,1,6.0,23.0,4.9,A,-100.0
19257,medium,1,13.0,8.0,7.3,A,9.0
19258,low,2,8.0,36.0,9.7,C,15.0
19259,high,1,6.0,27.0,3.2,B,-100.0
19260,none,2,6.0,11.0,1.1,A,-100.0
19261,high,0,6.0,20.0,1.2,A,-100.0
19262,none,0,1.0,11.0,5.8,A,-8.1
19263,none,0,9.0,3.0,3.9,A,-19.4
19264,medium,3,13.0,4.0,8.4,B,14.8
19265,medium,3,20.0,7.0,9.0,C,15.0
19266,high,2,10.0,1.0,8.7,A,-17.3
19267,none,1,2.0,2.0,9.6,A,12.5
19268,high,5,13.0,8.0,5.5,A,-100.0
19269,high,2,16.0,4.0,5.5,C,-100.0
19270,medium,4,3.0,2.0,1.4,A,-100.0
19271,none,1,16.0,7.0,9.2,A,9.0
19272,high,2,8.0,1.0,9.0,A,-15.5
19273,medium,1,4.0,2.0,4.7,B,-4.5
19274,high,4,4.0,1.0,3.0,A,-100.0
19275,medium,0,2.0,8.0,9.2,C,15.0
19276,low,3,5.0,20.0,7.9,C,14.8
19277,high,2,4.0,6.0,5.2,A,-100.0
19278,high,1,9.0,2.0,8.1,C,-100.0
19279,medium,4,19.0,18.0,8.9,A,15.0
19280,high,0,20.0,1.0,3.2,C,-100.0
19281,medium,2,3.0,1.0,,D,
19282,low,2,11.0,5.0,8.3,A,15.0
19283,low,2,18.0,5.0,5.5,A,0.3
19284,medium,2,8.0,26.0,1.9,A,-100.0
19285,low,4,11.0,12.0,4.7,D,-3.5
19286,low,1,30.0,7.0,7.1,A,8.0
19287,high,1,6.0,27.0,8.0,C,-100.0
19288,high,0,5.0,45.0,8.3,A,-18.4
19289,medium,1,7.0,0.0,4.0,D,-8.7
19290,high,0,15.0,13.0,3.6,A,-100.0
19291,medium,2,24.0,1.0,8.0,A,11.5
19292,medium,1,5.0,6.0,8.5,A,15.0
19293,high,2,8.0,15.0,2.3,A,-100.0
19294,high,3,5.0,8.0,2.4,A,-100.0
19295,high,1,3.0,1.0,6.6,A,-100.0
19296,none,2,19.0,1.0,9.1,A,8.0
19297,high,1,1.0,1.0,3.9,C,-100.0
19298,low,2,15.0,1.0,9.4,D,15.0
19299,low,5,2.0,2.0,4.9,C,-1.7
19300,high,4,,26.0,1.4,C,
19301,high,1,5.0,26.0,1.8,A,-100.0
19302,none,0,31.0,3.0,1.0,C,-100.0
19303,medium,4,2.0,19.0,3.8,C,-9.4
19304,high,1,7.0,1.0,9.1,A,-14.8
19305,high,2,18.0,27.0,9.2,C,-15.1
19306,none,0,11.0,4.0,10.0,B,13.9
19307,low,0,34.0,21.0,8.8,C,15.0
19308,high,1,10.0,8.0,5.1,B,-100.0
19309,high,1,3.0,13.0,5.7,A,-100.0
19310,high,1,32.0,10.0,1.3,A,-100.0
19311,low,0,2.0,12.0,9.4,C,15.0
19312,low,2,9.0,1.0,9.3,A,15.0
19313,low,3,21.0,21.0,9.4,A,15.0
19314,medium,3,2.0,13.0,9.2,A,15.0
19315,low,3,1.0,1.0,7.1,A,10.7
19316,low,4,12.0,4.0,5.1,C,-1.5
19317,low,1,18.0,2.0,9.8,A,15.0
19318,high,0,17.0,10.0,6.2,A,-100.0
19319,none,2,,49.0,7.1,C,
19320,low,2,4.0,8.0,1.4,B,-100.0
19321,none,0,5.0,5.0,3.7,A,-100.0
19322,low,2,30.0,4.0,7.6,A,10.6
19323,none,0,18.0,10.0,8.1,C,2.9
19324,high,1,9.0,30.0,2.8,A,-100.0
19325,none,2,11.0,4.0,,D,
19326,,2,19.0,22.0,9.0,A,7.6
19327,high,4,13.0,4.0,3.3,B,-100.0
19328,medium,1,14.0,5.0,6.0,A,1.7
19329,high,0,9.0,14.0,9.8,B,-10.9
19330,medium,2,2.0,19.0,9.0,C,15.0
19331,low,2,20.0,6.0,8.5,A,15.0
19332,medium,0,9.0,2.0,9.6,A,15.0
19333,high,1,4.0,3.0,6.3,A,-100.0
19334,high,1,4.0,22.0,8.7,A,-16.4
19335,low,3,1.0,1.0,10.0,B,15.0
19336,low,3,1.0,10.0,8.7,B,15.0
19337,low,2,18.0,3.0,4.7,D,-4.1
19338,medium,0,10.0,1.0,8.3,C,14.8
19339,high,1,11.0,5.0,3.4,A,-100.0
19340,medium,0,7.0,1.0,8.5,A,15.0
19341,low,0,10.0,19.0,6.9,A,9.1
19342,high,0,,22.0,4.3,C,
19343,low,1,27.0,25.0,9.0,A,15.0
19344,high,3,6.0,9.0,8.7,C,-17.0
19345,high,0,18.0,3.0,9.9,B,-11.3
19346,medium,2,4.0,6.0,9.8,C,15.0
19347,high,2,15.0,39.0,9.5,A,-13.1
19348,high,4,28.0,3.0,2.1,A,-100.0
19349,none,4,21.0,9.0,8.1,A,2.1
19350,low,2,16.0,3.0,9.6,A,15.0
19351,none,0,14.0,2.0,3.3,A,-100.0
19352,low,0,2.0,3.0,1.5,A,-19.9
19353,high,2,15.0,11.0,6.8,A,-100.0
19354,high,1,1.0,17.0,2.6,A,-100.0
19355,high,0,12.0,6.0,6.0,A,-100.0
19356,none,0,7.0,20.0,5.7,A,-9.2
19357,none,2,13.0,7.0,8.2,A,3.7
19358,low,1,28.0,31.0,9.1,B,15.0
19359,low,3,,12.0,5.0,C,
19360,medium,3,7.0,14.0,3.9,B,-9.3
19361,low,2,20.0,3.0,7.7,A,12.2
19362,medium,1,12.0,3.0,4.1,A,-8.6
19363,low,3,7.0,6.0,1.1,A,-100.0
19364,high,0,1.0,3.0,6.1,A,-100.0
19365,none,2,23.0,7.0,2.4,A,-100.0
19366,high,1,18.0,13.0,4.5,D,-100.0
19367,low,3,4.0,1.0,2.6,A,-14.4
19368,none,2,7.0,6.0,9.9,A,13.6
19369,high,3,11.0,16.0,9.6,A,-12.4
19370,high,2,3.0,4.0,5.6,A,-100.0
19371,high,2,11.0,8.0,8.9,B,-16.3
19372,high,1,3.0,20.0,4.9,C,-100.0
19373,low,3,,1.0,1.9,C,
19374,none,0,16.0,11.0,8.2,C,3.6
19375,medium,1,12.0,4.0,9.3,B,15.0
19376,medium,2,13.0,17.0,8.5,A,15.0
19377,medium,1,9.0,8.0,2.6,C,-16.5
19378,none,3,3.0,3.0,8.8,C,7.8
19379,low,1,9.0,5.0,2.0,C,-17.9
19380,high,1,19.0,3.0,8.8,A,-17.6
19381,high,2,1.0,7.0,8.5,A,-17.5
19382,high,5,9.0,15.0,3.4,A,-100.0
19383,medium,1,,7.0,9.6,C,
19384,none,0,13.0,0.0,5.5,B,-11.1
19385,high,2,11.0,5.0,7.8,A,-100.0
19386,low,3,11.0,12.0,6.3,A,5.4
19387,low,1,15.0,8.0,9.1,A,15.0
19388,high,1,13.0,9.0,3.1,A,-100.0
19389,none,0,5.0,12.0,5.0,C,-12.9
19390,none,1,3.0,2.0,8.1,A,4.2
19391,high,0,,0.0,9.8,C,
19392,medium,2,8.0,8.0,4.6,A,-5.5
19393,high,2,8.0,17.0,5.2,D,-100.0
19394,medium,2,3.0,0.0,1.9,C,-19.9
19395,low,3,10.0,10.0,1.5,C,-100.0
19396,medium,2,5.0,18.0,3.0,A,-13.9
19397,low,0,12.0,27.0,1.2,C,-100.0
19398,,1,11.0,16.0,8.5,C,5.7
19399,low,0,9.0,2.0,10.0,A,15.0
19400,high,1,5.0,8.0,5.4,A,-100.0
19401,high,0,4.0,2.0,1.1,A,-100.0
19402,low,0,27.0,4.0,1.4,B,-100.0
19403,medium,5,7.0,8.0,9.2,A,15.0
19404,none,2,3.0,1.0,9.1,A,9.6
19405,high,0,10.0,17.0,8.6,A,-17.5
19406,low,0,7.0,3.0,5.0,B,-1.2
19407,low,1,8.0,1.0,9.6,A,15.0
19408,low,6,21.0,4.0,9.7,A,15.0
19409,,1,3.0,30.0,9.8,A,13.8
19410,medium,2,2.0,0.0,6.8,A,7.1
19411,medium,1,15.0,4.0,7.7,C,10.9
19412,low,2,10.0,24.0,6.7,C,7.9
19413,low,3,12.0,8.0,10.0,C,15.0
19414,low,1,14.0,6.0,2.2,A,-17.3
19415,low,3,18.0,5.0,2.0,A,-19.1
19416,high,0,4.0,12.0,8.8,A,-15.9
19417,high,1,6.0,1.0,8.9,A,-15.7
19418,none,1,14.0,13.0,3.0,B,-100.0
19419,medium,1,14.0,1.0,9.0,C,15.0
19420,none,2,13.0,20.0,9.4,B,10.4
19421,none,1,13.0,5.0,1.6,A,-100.0
19422,high,3,11.0,32.0,2.5,B,-100.0
19423,low,2,2.0,6.0,2.8,A,-12.9
19424,high,3,6.0,1.0,8.1,A,-100.0
19425,low,2,16.0,7.0,8.3,C,15.0
19426,low,0,18.0,2.0,8.4,A,15.0
19427,medium,2,26.0,3.0,2.4,B,-19.4
19428,high,1,13.0,10.0,2.2,A,-100.0
19429,low,1,3.0,0.0,4.3,A,-4.7
19430,medium,1,4.0,9.0,8.6,C,15.0
19431,low,2,7.0,25.0,5.4,A,1.0
19432,medium,3,23.0,22.0,8.1,A,12.3
19433,none,0,19.0,12.0,9.8,A,12.1
19434,high,1,3.0,0.0,6.1,A,-100.0
19435,high,4,11.0,6.0,1.4,A,-100.0
19436,medium,0,10.0,4.0,9.0,D,15.0
19437,none,2,1.0,30.0,1.9,C,-100.0
19438,medium,2,15.0,8.0,9.4,A,15.0
19439,medium,3,3.0,17.0,1.9,A,-19.9
19440,high,1,9.0,5.0,9.4,A,-13.2
19441,high,1,10.0,1.0,8.4,A,-18.9
19442,high,1,12.0,9.0,8.4,A,-19.0
19443,high,2,6.0,1.0,3.8,A,-100.0
19444,medium,3,7.0,6.0,1.4,A,-100.0
19445,high,1,32.0,1.0,5.3,B,-100.0
19446,high,1,5.0,21.0,9.5,A,-12.1
19447,low,2,4.0,1.0,1.9,C,-18.1
19448,low,2,11.0,11.0,5.3,B,-0.0
19449,medium,2,8.0,9.0,9.5,A,15.0
19450,high,0,6.0,25.0,8.2,B,-19.2
19451,none,0,16.0,2.0,2.8,B,-100.0
19452,low,3,14.0,16.0,5.4,A,0.2
19453,medium,2,0.0,25.0,8.3,A,15.0
19454,medium,0,10.0,6.0,3.4,B,-12.1
19455,low,2,8.0,0.0,7.3,C,11.2
19456,none,3,8.0,1.0,3.0,A,-100.0
19457,none,2,3.0,7.0,6.8,A,-3.0
19458,low,0,7.0,7.0,9.7,A,15.0
19459,none,2,20.0,38.0,2.7,A,-100.0
19460,low,1,7.0,11.0,8.1,A,15.0
19461,high,1,18.0,3.0,8.8,A,-17.5
19462,low,4,13.0,5.0,7.3,C,10.5
19463,low,2,3.0,7.0,7.7,B,13.9
19464,medium,0,6.0,7.0,2.6,A,-16.1
19465,none,1,3.0,13.0,3.1,B,-100.0
19466,high,2,12.0,1.0,4.7,C,-100.0
19467,high,1,6.0,22.0,2.8,A,-100.0
19468,low,2,5.0,22.0,3.4,C,-9.8
19469,low,1,11.0,3.0,5.4,B,0.5
19470,low,0,9.0,9.0,2.6,A,-14.5
19471,medium,1,4.0,9.0,9.5,A,15.0
19472,high,2,26.0,16.0,2.0,A,-100.0
19473,medium,1,6.0,0.0,2.5,C,-16.8
19474,low,1,3.0,3.0,9.2,A,15.0
19475,low,2,7.0,7.0,7.7,C,13.5
19476,high,3,7.0,9.0,9.8,A,-11.0
19477,medium,2,2.0,17.0,4.3,A,-6.4
19478,low,4,13.0,2.0,5.0,D,-2.2
19479,medium,0,6.0,20.0,8.6,A,15.0
19480,low,3,1.0,18.0,8.9,A,15.0
19481,low,1,14.0,30.0,1.1,B,-100.0
19482,low,0,4.0,20.0,8.4,A,15.0
19483,high,1,1.0,2.0,9.2,B,-13.6
19484,low,1,3.0,29.0,6.1,B,5.4
19485,high,3,2.0,6.0,9.3,C,-13.3
19486,low,0,7.0,6.0,8.9,C,15.0
19487,none,4,14.0,4.0,2.1,A,-100.0
19488,low,3,22.0,5.0,9.8,A,15.0
19489,none,1,14.0,18.0,2.4,A,-100.0
19490,low,2,16.0,6.0,8.7,B,15.0
19491,low,2,10.0,0.0,3.3,A,-11.0
19492,low,1,13.0,2.0,6.0,A,3.6
19493,low,3,7.0,50.0,1.6,A,-19.7
19494,low,3,4.0,2.0,9.4,A,15.0
19495,high,4,6.0,0.0,8.2,A,-19.9
19496,high,1,4.0,6.0,8.0,A,-100.0
19497,high,0,7.0,3.0,9.6,A,-11.9
19498,medium,0,9.0,6.0,1.2,A,-100.0
19499,low,2,,11.0,1.5,C,
19500,high,1,4.0,35.0,8.5,A,-17.4
19501,low,0,35.0,4.0,7.5,C,9.8
19502,low,3,8.0,3.0,9.0,C,15.0
19503,medium,2,7.0,4.0,8.1,A,13.8
19504,,0,7.0,11.0,3.2,A,-100.0
19505,medium,2,6.0,6.0,1.4,C,-100.0
19506,low,1,18.0,10.0,9.8,B,15.0
19507,medium,2,7.0,21.0,9.2,A,15.0
19508,,1,19.0,15.0,3.0,C,-100.0
19509,none,2,,0.0,8.6,C,
19510,none,1,7.0,3.0,9.2,C,9.8
19511,low,2,4.0,17.0,9.5,D,15.0
19512,none,3,2.0,4.0,8.2,A,4.6
19513,medium,1,7.0,14.0,5.3,A,-1.4
19514,low,2,14.0,0.0,8.7,A,15.0
19515,high,2,12.0,11.0,1.6,C,-100.0
19516,high,2,7.0,4.0,7.1,C,-100.0
19517,high,3,18.0,17.0,9.1,A,-15.9
19518,none,2,8.0,1.0,3.4,A,-100.0
19519,high,0,13.0,25.0,4.9,D,-100.0
19520,low,0,27.0,4.0,7.7,A,11.7
19521,low,1,22.0,22.0,3.6,A,-10.3
19522,medium,2,15.0,2.0,4.8,A,-5.2
19523,low,0,6.0,7.0,7.7,C,13.8
19524,,0,13.0,23.0,3.3,A,-100.0
19525,low,2,7.0,10.0,3.5,A,-9.6
19526,high,1,11.0,22.0,9.9,A,-10.5
19527,low,2,12.0,2.0,6.0,A,3.6
19528,low,0,17.0,5.0,9.8,C,15.0
19529,low,2,12.0,30.0,1.4,D,-100.0
19530,medium,0,10.0,40.0,2.9,A,-14.5
19531,low,3,8.0,24.0,4.5,A,-4.1
19532,medium,4,12.0,3.0,8.8,A,15.0
19533,none,0,7.0,1.0,3.0,A,-100.0
19534,low,1,1.0,16.0,3.9,A,-6.6
19535,none,3,15.0,1.0,10.0,A,13.2
19536,medium,4,4.0,23.0,8.8,A,15.0
19537,high,2,4.0,9.0,9.0,A,-15.0
19538,medium,0,9.0,6.0,9.8,D,15.0
19539,high,2,18.0,4.0,8.1,C,-100.0
19540,high,2,4.0,0.0,1.2,A,-100.0
19541,medium,1,4.0,8.0,7.5,D,11.0
19542,medium,1,11.0,19.0,4.6,A,-5.6
19543,medium,1,16.0,0.0,9.6,C,15.0
19544,medium,2,15.0,4.0,1.1,C,-100.0
19545,high,0,5.0,25.0,3.4,A,-100.0
19546,none,2,3.0,12.0,9.4,A,11.3
19547,high,2,5.0,8.0,5.3,C,-100.0
19548,none,1,5.0,10.0,2.4,A,-100.0
19549,high,3,19.0,5.0,6.9,A,-100.0
19550,high,0,9.0,17.0,3.6,A,-100.0
19551,low,1,13.0,3.0,9.9,C,15.0
19552,low,4,10.0,36.0,8.7,A,15.0
19553,medium,2,14.0,2.0,2.4,A,-18.2
19554,high,1,11.0,8.0,1.0,A,-100.0
19555,low,3,9.0,5.0,9.2,A,15.0
19556,low,3,6.0,1.0,2.3,A,-16.2
19557,high,2,11.0,15.0,2.3,C,-100.0
19558,medium,0,9.0,35.0,3.3,A,-12.3
19559,medium,1,16.0,2.0,6.2,B,2.5
19560,low,0,7.0,17.0,6.1,A,5.0
19561,low,0,1.0,31.0,1.8,A,-17.9
19562,high,0,9.0,24.0,8.5,A,-17.9
19563,low,1,2.0,14.0,9.2,A,15.0
19564,low,1,8.0,1.0,3.6,A,-9.1
19565,medium,1,4.0,8.0,1.6,A,-100.0
19566,,1,11.0,5.0,2.6,A,-100.0
19567,medium,0,10.0,1.0,2.1,C,-19.3
19568,low,1,6.0,25.0,6.0,D,4.6
19569,none,1,13.0,45.0,9.9,A,13.5
19570,low,0,2.0,10.0,2.5,A,-14.3
19571,medium,0,,14.0,3.3,C,
19572,high,1,8.0,17.0,1.5,A,-100.0
19573,high,3,33.0,9.0,8.5,A,-100.0
19574,medium,3,4.0,3.0,9.3,A,15.0
19575,medium,1,5.0,4.0,5.5,A,-0.2
19576,medium,0,21.0,9.0,7.6,A,9.9
19577,high,2,2.0,1.0,1.4,A,-100.0
19578,low,1,19.0,7.0,9.2,A,15.0
19579,high,4,11.0,1.0,8.6,A,-18.2
19580,low,0,3.0,15.0,9.4,A,15.0
19581,low,0,8.0,21.0,6.1,B,5.0
19582,none,3,18.0,4.0,1.2,C,-100.0
19583,high,0,4.0,1.0,7.2,A,-100.0
19584,high,1,11.0,7.0,2.6,A,-100.0
19585,high,3,3.0,4.0,4.3,A,-100.0
19586,high,2,9.0,1.0,7.9,A,-100.0
19587,medium,1,14.0,2.0,8.7,A,15.0
19588,medium,4,13.0,6.0,9.0,A,15.0
19589,none,0,5.0,27.0,6.5,A,-4.5
19590,high,2,13.0,20.0,2.4,C,-100.0
19591,high,3,3.0,0.0,4.2,A,-100.0
19592,low,3,7.0,27.0,7.4,A,12.0
19593,high,3,8.0,0.0,1.9,A,-100.0
19594,high,4,1.0,1.0,9.6,C,-11.7
19595,low,1,23.0,25.0,9.0,A,15.0
19596,none,2,3.0,50.0,9.7,A,13.3
19597,medium,3,2.0,46.0,2.4,A,-16.7
19598,none,2,5.0,7.0,8.4,A,5.6
19599,medium,0,10.0,7.0,9.3,A,15.0
19600,low,2,13.0,0.0,1.7,A,-100.0
19601,low,2,3.0,8.0,8.9,A,15.0
19602,none,2,11.0,8.0,9.4,A,10.5
19603,none,1,3.0,3.0,3.8,A,-19.5
19604,none,3,11.0,15.0,7.0,A,-2.7
19605,medium,2,12.0,6.0,9.8,A,15.0
19606,none,0,2.0,0.0,8.9,A,8.7
19607,medium,2,6.0,16.0,4.4,A,-6.3
19608,none,1,1.0,2.0,3.0,A,-100.0
19609,medium,1,19.0,21.0,5.4,A,-2.0
19610,medium,2,13.0,27.0,1.7,A,-100.0
19611,high,3,12.0,7.0,8.6,A,-18.1
19612,medium,3,6.0,7.0,8.9,C,15.0
19613,high,0,12.0,1.0,9.5,A,-12.9
19614,high,1,21.0,24.0,8.1,B,-100.0
19615,high,2,9.0,1.0,6.0,B,-100.0
19616,medium,1,3.0,28.0,9.2,A,15.0
19617,low,2,1.0,3.0,9.2,A,15.0
19618,high,2,1.0,24.0,8.9,A,-15.1
19619,low,2,8.0,19.0,4.0,C,-6.8
19620,none,3,7.0,10.0,9.2,A,9.7
19621,low,1,9.0,10.0,8.3,A,15.0
19622,high,0,15.0,12.0,9.7,A,-12.0
19623,low,0,13.0,13.0,9.3,A,15.0
19624,low,1,8.0,14.0,5.0,A,-1.3
19625,low,4,7.0,6.0,2.1,A,-17.5
19626,none,2,5.0,32.0,7.2,A,-0.8
19627,none,0,9.0,4.0,5.5,A,-10.6
19628,low,2,4.0,9.0,9.5,C,15.0
19629,medium,1,11.0,6.0,7.8,B,11.9
19630,none,2,9.0,35.0,3.3,A,-100.0
19631,medium,3,1.0,18.0,4.5,C,-5.3
19632,high,1,12.0,2.0,9.9,B,-10.8
19633,low,3,10.0,21.0,7.5,B,12.2
19634,high,1,5.0,21.0,1.5,A,-100.0
19635,medium,2,5.0,38.0,3.7,A,-9.8
19636,low,2,28.0,13.0,3.1,A,-13.8
19637,none,2,18.0,5.0,3.3,A,-100.0
19638,medium,1,7.0,12.0,4.9,A,-3.6
19639,medium,0,14.0,4.0,9.1,A,15.0
19640,low,2,2.0,0.0,4.4,A,-4.2
19641,medium,4,14.0,7.0,8.4,A,14.6
19642,low,3,4.0,44.0,1.6,A,-19.5
19643,high,2,11.0,5.0,6.1,A,-100.0
19644,low,0,27.0,0.0,9.3,C,15.0
19645,low,1,10.0,1.0,9.2,C,15.0
19646,low,2,17.0,3.0,1.4,A,-100.0
19647,low,2,3.0,3.0,4.7,A,-2.6
19648,high,3,19.0,10.0,1.9,A,-100.0
19649,high,1,7.0,50.0,1.3,A,-100.0
19650,low,4,3.0,15.0,4.8,D,-2.1
19651,high,1,18.0,13.0,8.8,C,-17.4
19652,,1,10.0,4.0,2.7,C,-100.0
19653,none,4,11.0,21.0,3.3,A,-100.0
19654,medium,0,6.0,2.0,4.4,A,-6.3
19655,low,0,9.0,17.0,8.6,C,15.0
19656,low,2,,46.0,8.5,C,
19657,high,1,9.0,14.0,2.2,A,-100.0
19658,low,0,4.0,9.0,6.2,A,5.8
19659,low,1,2.0,23.0,4.4,A,-3.9
19660,low,3,14.0,20.0,9.4,A,15.0
19661,high,2,15.0,8.0,3.2,A,-100.0
19662,high,0,11.0,1.0,4.6,A,-100.0
19663,low,2,2.0,15.0,9.8,A,15.0
19664,medium,0,6.0,2.0,8.2,C,14.7
19665,low,3,17.0,2.0,8.4,A,15.0
19666,low,0,4.0,11.0,9.5,C,15.0
19667,medium,2,12.0,4.0,6.8,A,6.2
19668,high,3,7.0,2.0,9.1,A,-14.9
19669,medium,1,4.0,33.0,2.8,A,-14.7
19670,low,1,3.0,46.0,9.4,A,15.0
19671,none,0,25.0,50.0,7.4,A,-1.3
19672,none,2,7.0,1.0,2.6,A,-100.0
19673,low,1,18.0,13.0,6.8,A,7.6
19674,none,3,8.0,14.0,1.6,A,-100.0
19675,medium,1,12.0,20.0,4.1,A,-8.4
19676,low,0,10.0,2.0,8.5,C,15.0
19677,medium,0,22.0,16.0,3.5,A,-12.7
19678,high,0,17.0,9.0,4.3,A,-100.0
19679,low,1,7.0,11.0,9.4,C,15.0
19680,low,2,22.0,7.0,3.7,A,-10.0
19681,medium,1,6.0,12.0,8.3,D,15.0
19682,low,2,2.0,3.0,9.0,A,15.0
19683,medium,2,3.0,2.0,9.1,A,15.0
19684,high,0,13.0,3.0,6.1,A,-100.0
19685,none,1,2.0,9.0,9.8,A,13.7
19686,high,2,2.0,1.0,1.6,C,-100.0
19687,high,2,4.0,37.0,8.3,A,-18.6
19688,low,1,3.0,4.0,5.9,C,4.1
19689,medium,1,21.0,3.0,2.2,A,-19.9
19690,none,1,15.0,2.0,2.4,A,-100.0
19691,high,3,6.0,1.0,5.6,A,-100.0
19692,medium,3,17.0,15.0,9.2,A,15.0
19693,medium,0,6.0,20.0,2.5,A,-16.5
19694,high,2,11.0,2.0,8.3,A,-19.6
19695,high,2,33.0,16.0,4.5,A,-100.0
19696,low,1,15.0,1.0,3.3,A,-11.4
19697,high,0,3.0,1.0,2.9,C,-100.0
19698,none,2,13.0,2.0,6.8,D,-4.1
19699,low,1,31.0,7.0,8.1,D,13.4
19700,none,2,17.0,5.0,4.7,A,-16.0
19701,high,4,7.0,17.0,7.4,A,-100.0
19702,high,1,,10.0,9.5,C,
19703,medium,0,20.0,9.0,2.5,B,-18.0
19704,high,3,2.0,6.0,8.7,C,-16.6
19705,high,1,10.0,2.0,1.6,B,-100.0
19706,high,3,33.0,10.0,8.4,C,-100.0
19707,high,1,12.0,9.0,9.2,C,-14.6
19708,low,1,6.0,7.0,10.0,C,15.0
19709,none,2,0.0,3.0,6.9,A,-2.2
19710,low,1,14.0,20.0,8.4,A,15.0
19711,none,2,6.0,9.0,9.6,B,12.1
19712,none,0,4.0,11.0,5.5,A,-10.0
19713,medium,2,13.0,3.0,1.4,A,-100.0
19714,medium,2,12.0,2.0,2.1,A,-19.7
19715,medium,3,,29.0,3.4,C,
19716,medium,5,5.0,5.0,6.8,A,6.6
19717,low,2,9.0,23.0,5.1,A,-0.8
19718,high,2,19.0,7.0,7.4,A,-100.0
19719,low,0,10.0,7.0,9.3,A,15.0
19720,low,0,16.0,3.0,1.4,A,-100.0
19721,high,1,6.0,16.0,9.2,A,-13.9
19722,medium,1,5.0,1.0,1.0,B,-100.0
19723,low,2,7.0,7.0,3.1,A,-11.8
19724,none,1,2.0,19.0,8.8,A,8.3
19725,high,2,6.0,6.0,7.6,A,-100.0
19726,low,1,16.0,39.0,2.2,C,-17.2
19727,high,1,16.0,2.0,8.6,D,-18.4
19728,high,2,19.0,23.0,1.3,C,-100.0
19729,high,3,9.0,4.0,8.4,A,-19.0
19730,low,2,9.0,6.0,1.8,B,-19.1
19731,low,1,14.0,11.0,8.3,A,15.0
19732,high,2,3.0,2.0,8.8,A,-16.1
19733,low,2,8.0,11.0,8.8,C,15.0
19734,high,3,20.0,8.0,9.8,A,-12.3
19735,low,1,,36.0,8.3,C,
19736,none,0,7.0,4.0,4.3,A,-17.0
19737,low,2,4.0,5.0,5.2,A,0.0
19738,high,1,15.0,2.0,9.9,B,-11.1
19739,,0,10.0,16.0,2.5,A,-100.0
19740,low,2,10.0,30.0,3.6,A,-9.1
19741,medium,3,2.0,2.0,9.6,A,15.0
19742,high,0,,18.0,8.8,C,
19743,high,1,0.0,9.0,9.0,A,-14.5
19744,medium,1,6.0,4.0,5.8,A,1.4
19745,none,1,19.0,3.0,3.6,C,-100.0
19746,,1,20.0,6.0,1.0,A,-100.0
19747,high,1,27.0,29.0,5.3,C,-100.0
19748,none,1,4.0,16.0,4.9,A,-13.4
19749,none,1,3.0,2.0,4.1,A,-17.8
19750,medium,3,9.0,25.0,2.4,B,-17.6
19751,medium,3,4.0,6.0,7.4,B,10.2
19752,low,1,33.0,2.0,2.6,A,-17.1
19753,low,1,3.0,12.0,4.2,A,-5.2
19754,medium,0,11.0,9.0,1.0,A,-100.0
19755,,0,36.0,11.0,8.5,A,3.3
19756,low,1,3.0,0.0,7.0,A,10.1
19757,high,0,11.0,6.0,8.4,A,-18.8
19758,low,1,7.0,15.0,8.4,A,15.0
19759,medium,3,15.0,5.0,9.0,A,15.0
19760,high,3,13.0,49.0,9.2,A,-14.5
19761,high,1,3.0,3.0,5.0,A,-100.0
19762,medium,1,7.0,1.0,9.9,A,15.0
19763,high,1,6.0,33.0,9.5,A,-12.1
19764,medium,1,5.0,9.0,9.7,C,15.0
19765,high,1,13.0,16.0,2.2,C,-100.0
19766,medium,1,16.0,34.0,5.4,A,-1.5
19767,medium,3,9.0,28.0,8.7,A,15.0
19768,low,1,11.0,8.0,,D,
19769,high,0,5.0,10.0,3.1,C,-100.0
19770,none,0,24.0,15.0,9.6,A,10.6
19771,medium,1,4.0,0.0,7.5,A,10.9
19772,low,0,7.0,12.0,3.1,A,-11.5
19773,medium,2,16.0,6.0,7.0,A,6.9
19774,low,1,16.0,2.0,8.4,A,15.0
19775,medium,2,8.0,3.0,9.8,A,15.0
19776,none,1,13.0,6.0,2.0,A,-100.0
19777,none,0,10.0,6.0,1.6,C,-100.0
19778,low,1,2.0,24.0,8.5,D,15.0
19779,high,2,8.0,12.0,1.1,C,-100.0
19780,high,1,14.0,15.0,8.8,C,-16.9
19781,high,0,2.0,10.0,9.3,A,-12.9
19782,medium,0,1.0,13.0,9.8,A,15.0
19783,high,1,7.0,0.0,9.7,A,-11.4
19784,high,2,1.0,10.0,4.4,A,-100.0
19785,high,1,13.0,35.0,8.7,A,-17.2
19786,none,0,20.0,10.0,7.6,A,-0.1
19787,medium,1,21.0,9.0,1.2,A,-100.0
19788,low,1,9.0,23.0,3.7,A,-8.4
19789,high,4,5.0,1.0,9.2,A,-14.3
19790,high,1,25.0,16.0,1.7,A,-100.0
19791,low,2,3.0,3.0,8.4,A,15.0
19792,low,1,10.0,2.0,7.1,A,10.0
19793,medium,1,19.0,3.0,1.3,C,-100.0
19794,medium,3,11.0,9.0,5.0,B,-3.7
19795,low,3,10.0,8.0,3.8,A,-8.3
19796,none,0,4.0,37.0,8.3,A,5.6
19797,high,3,5.0,23.0,8.0,A,-100.0
19798,high,1,22.0,26.0,2.1,A,-100.0
19799,high,3,19.0,2.0,3.2,A,-100.0
19800,low,2,7.0,6.0,5.9,A,3.6
19801,none,1,24.0,27.0,9.7,C,11.1
19802,none,2,3.0,7.0,6.4,A,-5.2
19803,high,1,2.0,8.0,3.4,B,-100.0
19804,low,0,6.0,12.0,6.8,B,8.9
19805,high,1,12.0,5.0,5.0,C,-100.0
19806,high,0,17.0,5.0,3.1,A,-100.0
19807,none,2,9.0,1.0,9.1,A,9.0
19808,low,2,12.0,7.0,1.7,A,-20.0
19809,low,1,11.0,12.0,3.6,A,-9.3
19810,high,0,28.0,3.0,5.8,A,-100.0
19811,high,0,6.0,16.0,8.7,C,-16.6
19812,medium,2,3.0,7.0,1.4,A,-100.0
19813,high,1,15.0,34.0,4.6,A,-100.0
19814,medium,1,24.0,26.0,6.5,A,3.6
19815,none,2,5.0,25.0,5.1,B,-12.4
19816,none,1,21.0,10.0,3.5,A,-100.0
19817,medium,6,12.0,15.0,4.6,A,-6.2
19818,low,0,6.0,4.0,5.7,C,2.8
19819,none,1,11.0,10.0,9.9,A,13.3
19820,medium,4,8.0,38.0,3.6,A,-10.9
19821,medium,2,13.0,9.0,8.7,A,15.0
19822,low,2,3.0,10.0,3.7,A,-8.1
19823,none,2,8.0,19.0,2.0,A,-100.0
19824,high,0,9.0,2.0,5.5,A,-100.0
19825,medium,1,5.0,6.0,1.9,A,-20.0
19826,low,1,3.0,5.0,2.8,C,-12.9
19827,high,3,14.0,2.0,8.9,B,-16.7
19828,low,4,17.0,4.0,1.9,A,-19.6
19829,high,0,15.0,18.0,5.9,A,-100.0
19830,none,2,11.0,6.0,9.4,A,10.5
19831,high,1,7.0,9.0,8.2,B,-19.6
19832,high,0,15.0,2.0,8.6,C,-18.2
19833,low,4,17.0,1.0,1.3,A,-100.0
19834,high,0,9.0,12.0,2.9,A,-100.0
19835,low,2,12.0,5.0,8.8,A,15.0
19836,low,1,14.0,34.0,6.9,A,8.8
19837,high,1,6.0,5.0,1.3,A,-100.0
19838,low,1,4.0,5.0,1.2,B,-100.0
19839,medium,1,1.0,5.0,9.4,C,15.0
19840,low,2,8.0,12.0,8.0,C,15.0
19841,low,2,15.0,5.0,9.4,A,15.0
19842,low,0,5.0,39.0,7.7,B,14.2
19843,medium,1,28.0,5.0,8.8,C,15.0
19844,none,1,14.0,1.0,2.2,A,-100.0
19845,medium,0,14.0,10.0,8.0,A,12.8
19846,high,3,4.0,8.0,9.1,A,-14.6
19847,medium,2,13.0,12.0,9.6,A,15.0
19848,high,0,12.0,7.0,8.2,A,-100.0
19849,low,2,3.0,4.0,9.8,A,15.0
19850,none,3,12.0,6.0,1.5,A,-100.0
19851,medium,2,4.0,15.0,1.6,C,-100.0
19852,low,1,6.0,8.0,9.6,A,15.0
19853,medium,0,0.0,7.0,9.9,D,15.0
19854,low,2,2.0,22.0,9.4,A,15.0
19855,low,2,3.0,1.0,2.4,A,-15.3
19856,medium,1,4.0,13.0,3.4,A,-11.5
19857,none,1,2.0,5.0,9.4,A,11.4
19858,low,4,11.0,30.0,8.1,A,15.0
19859,medium,4,6.0,5.0,3.5,A,-11.6
19860,high,0,5.0,11.0,9.8,A,-10.5
19861,high,1,19.0,48.0,6.3,A,-100.0
19862,medium,0,6.0,13.0,9.1,A,15.0
19863,low,0,5.0,13.0,5.0,A,-0.9
19864,medium,1,1.0,27.0,3.5,A,-10.6
19865,medium,1,7.0,26.0,9.5,A,15.0
19866,high,1,27.0,13.0,3.0,D,-100.0
19867,low,0,5.0,3.0,1.0,C,-100.0
19868,medium,1,7.0,18.0,8.3,A,15.0
19869,low,1,4.0,37.0,9.1,A,15.0
19870,high,1,15.0,3.0,1.9,C,-100.0
19871,high,0,14.0,9.0,8.5,A,-18.5
19872,high,3,33.0,13.0,9.0,C,-18.0
19873,low,1,2.0,5.0,6.5,C,7.5
19874,medium,2,7.0,26.0,2.3,A,-17.9
19875,high,0,15.0,13.0,8.9,C,-16.4
19876,medium,0,7.0,20.0,9.8,A,15.0
19877,low,0,3.0,0.0,7.5,A,12.9
19878,none,2,6.0,5.0,3.8,C,-19.8
19879,medium,1,15.0,1.0,9.7,B,15.0
19880,high,1,11.0,5.0,1.1,A,-100.0
19881,low,0,16.0,13.0,9.4,C,15.0
19882,medium,3,7.0,5.0,1.1,A,-100.0
19883,high,2,6.0,15.0,3.9,A,-100.0
19884,high,2,8.0,18.0,3.0,C,-100.0
19885,low,4,2.0,16.0,9.6,B,15.0
19886,high,2,5.0,7.0,9.5,B,-12.4
19887,none,1,14.0,8.0,6.3,A,-6.8
19888,high,1,4.0,23.0,9.1,A,-14.2
19889,high,0,21.0,5.0,1.7,A,-100.0
19890,medium,2,12.0,14.0,1.3,A,-100.0
19891,high,0,5.0,24.0,7.8,A,-100.0
19892,low,1,4.0,33.0,8.7,A,15.0
19893,medium,0,8.0,6.0,3.8,A,-9.7
19894,,3,20.0,29.0,4.1,B,-19.5
19895,high,1,11.0,13.0,4.9,A,-100.0
19896,high,0,4.0,36.0,9.3,A,-12.9
19897,medium,2,7.0,16.0,9.9,A,15.0
19898,none,1,11.0,8.0,9.9,A,13.3
19899,low,1,5.0,24.0,2.3,A,-15.7
19900,low,1,9.0,6.0,4.3,A,-5.3
19901,medium,0,10.0,1.0,9.3,D,15.0
19902,high,2,7.0,10.0,2.5,A,-100.0
19903,low,2,3.0,50.0,6.6,C,8.3
19904,medium,0,10.0,22.0,5.9,B,1.8
19905,none,3,14.0,14.0,9.3,B,9.6
19906,medium,2,10.0,14.0,9.4,A,15.0
19907,high,2,4.0,11.0,3.9,C,-100.0
19908,high,3,24.0,15.0,8.5,A,-19.8
19909,none,3,3.0,19.0,5.1,A,-12.3
19910,low,0,10.0,3.0,3.8,A,-8.1
19911,high,2,2.0,17.0,8.7,A,-16.4
19912,high,2,11.0,14.0,6.0,C,-100.0
19913,medium,2,14.0,0.0,9.5,B,15.0
19914,low,0,31.0,34.0,8.8,A,15.0
19915,high,3,13.0,38.0,8.1,A,-100.0
19916,medium,2,10.0,1.0,8.8,B,15.0
19917,low,1,6.0,3.0,5.0,C,-1.2
19918,low,3,4.0,7.0,9.8,C,15.0
19919,high,2,14.0,13.0,8.9,A,-16.5
19920,high,1,40.0,19.0,9.3,C,-16.8
19921,medium,0,3.0,1.0,4.2,C,-7.1
19922,medium,0,14.0,3.0,3.4,A,-12.5
19923,low,1,20.0,5.0,3.1,C,-13.0
19924,low,2,6.0,4.0,9.4,C,15.0
19925,high,1,7.0,9.0,9.0,B,-15.2
19926,none,2,5.0,47.0,4.9,A,-13.3
19927,medium,3,8.0,6.0,8.6,D,15.0
19928,high,1,11.0,49.0,2.6,A,-100.0
19929,low,2,5.0,12.0,8.1,C,15.0
19930,high,1,4.0,6.0,2.4,A,-100.0
19931,high,1,25.0,0.0,5.8,A,-100.0
19932,low,2,7.0,2.0,9.0,C,15.0
19933,none,2,5.0,5.0,9.2,A,10.0
19934,high,1,4.0,14.0,7.1,A,-100.0
19935,low,2,10.0,24.0,6.1,C,4.6
19936,high,2,5.0,17.0,4.5,A,-100.0
19937,medium,0,34.0,13.0,8.2,A,12.0
19938,low,1,20.0,9.0,4.3,A,-6.4
19939,high,0,14.0,30.0,5.7,D,-100.0
19940,medium,3,7.0,18.0,3.6,B,-10.9
19941,medium,3,4.0,1.0,6.8,C,6.8
19942,high,1,,14.0,1.0,C,
19943,medium,1,5.0,3.0,8.6,A,15.0
19944,medium,4,7.0,11.0,6.7,D,6.0
19945,low,2,6.0,25.0,,D,
19946,medium,0,16.0,2.0,8.6,C,15.0
19947,low,3,12.0,18.0,8.6,C,15.0
19948,medium,2,8.0,1.0,5.3,C,-1.7
19949,high,0,6.0,1.0,1.2,D,-100.0
19950,low,1,30.0,4.0,3.3,A,-12.9
19951,low,2,7.0,2.0,8.1,A,15.0
19952,medium,1,14.0,8.0,7.7,A,11.1
19953,high,1,20.0,5.0,8.8,A,-17.7
19954,medium,1,11.0,37.0,9.1,D,15.0
19955,medium,1,2.0,20.0,2.9,C,-14.0
19956,low,1,27.0,2.0,5.9,A,1.7
19957,high,1,26.0,39.0,3.3,A,-100.0
19958,medium,2,10.0,6.0,4.8,A,-4.6
19959,low,2,11.0,34.0,8.2,A,15.0
19960,high,2,7.0,7.0,9.2,A,-14.2
19961,none,2,20.0,31.0,8.4,A,4.3
19962,low,2,5.0,10.0,9.5,B,15.0
19963,high,1,15.0,4.0,6.1,A,-100.0
19964,none,3,11.0,9.0,8.7,A,6.5
19965,high,1,3.0,3.0,3.6,A,-100.0
19966,low,1,7.0,6.0,9.9,A,15.0
19967,medium,4,32.0,3.0,9.3,A,15.0
19968,none,2,4.0,3.0,6.8,A,-3.2
19969,low,3,12.0,44.0,5.7,A,2.3
19970,low,1,1.0,25.0,3.7,C,-7.6
19971,low,2,14.0,19.0,6.0,B,3.6
19972,none,2,,50.0,8.2,C,
19973,medium,4,7.0,50.0,1.4,A,-100.0
19974,low,1,16.0,1.0,4.6,C,-4.4
19975,low,2,16.0,22.0,6.9,A,8.4
19976,,2,5.0,14.0,9.4,C,11.1
19977,medium,0,13.0,1.0,2.8,C,-15.8
19978,low,1,28.0,3.0,9.1,A,15.0
19979,low,2,31.0,8.0,9.1,A,15.0
19980,high,1,19.0,17.0,7.6,C,-100.0
19981,high,0,9.0,1.0,9.4,B,-13.2
19982,medium,0,3.0,1.0,8.0,A,13.8
19983,low,0,7.0,26.0,8.6,A,15.0
19984,high,3,7.0,7.0,7.7,A,-100.0
19985,medium,0,3.0,1.0,7.3,A,10.0
19986,medium,0,2.0,18.0,9.7,A,15.0
19987,low,1,2.0,0.0,8.6,C,15.0
19988,none,0,4.0,6.0,5.8,A,-8.4
19989,none,0,11.0,7.0,1.3,A,-100.0
19990,medium,2,8.0,1.0,6.9,D,7.1
19991,low,2,12.0,1.0,2.4,B,-16.2
19992,none,1,7.0,5.0,6.6,C,-4.4
19993,high,2,11.0,3.0,9.2,A,-14.7
19994,low,2,9.0,4.0,9.6,A,15.0
19995,none,1,6.0,8.0,1.9,A,-100.0
19996,low,1,7.0,22.0,2.1,A,-17.0
19997,low,1,,8.0,8.4,C,
19998,low,0,9.0,18.0,2.9,A,-12.8
19999,low,2,19.0,33.0,1.5,A,-100.0
20000,medium,1,7.0,5.0,1.9,C,-100.0
