Employee_ID,Supervisor_Complaints,Peer_Complaints,Years_Experience,Training_Hours,Customer_Satisfaction,Department,Salary_Increment_%
1,medium,1,11.0,28.0,6.5,A,15.0
2,medium,1,9.0,1.0,2.0,C,-100.0
3,low,2,24.0,9.0,8.7,C,-100.0
4,high,0,11.0,4.0,9.6,A,-100.0
5,none,2,9.0,1.0,6.3,B,-100.0
6,none,1,7.0,3.0,3.6,B,-100.0
7,medium,4,3.0,2.0,8.4,A,-19.2
8,high,2,2.0,15.0,8.1,A,7.3
9,low,3,21.0,0.0,3.8,A,-100.0
10,medium,2,13.0,16.0,7.6,C,-7.5
11,medium,0,23.0,12.0,3.4,A,-100.0
12,low,1,3.0,39.0,2.8,A,15.0
13,high,1,9.0,10.0,8.9,C,-14.9
14,none,1,4.0,5.0,9.5,A,-14.0
15,low,4,7.0,21.0,1.7,A,10.8
16,low,0,13.0,16.0,6.9,A,-7.2
17,low,3,8.0,7.0,7.3,A,-17.5
18,none,4,40.0,12.0,2.1,B,-100.0
19,low,0,3.0,4.0,1.7,A,-17.5
20,medium,1,17.0,7.0,2.5,A,-100.0
21,high,0,2.0,50.0,1.1,A,15.0
22,none,3,6.0,24.0,8.1,A,15.0
23,low,2,10.0,25.0,8.5,A,15.0
24,medium,2,20.0,24.0,1.4,A,-6.0
25,low,2,2.0,1.0,2.4,B,-100.0
26,medium,3,13.0,13.0,2.2,C,-16.5
27,low,0,4.0,3.0,2.8,B,-100.0
28,none,0,7.0,3.0,9.5,A,-100.0
29,low,1,7.0,25.0,8.8,A,15.0
30,none,1,13.0,16.0,2.7,A,-10.0
31,high,2,12.0,5.0,3.1,C,-100.0
32,low,3,5.0,31.0,6.1,A,15.0
33,medium,0,3.0,16.0,4.3,A,8.6
34,medium,1,9.0,11.0,2.0,A,-13.7
35,high,0,17.0,5.0,8.2,A,-100.0
36,medium,0,3.0,6.0,9.4,A,-9.9
37,none,2,3.0,10.0,1.2,A,-6.0
38,high,3,1.0,29.0,8.4,A,15.0
39,medium,0,12.0,21.0,8.2,C,5.3
40,low,1,6.0,50.0,5.0,A,15.0
41,medium,0,15.0,11.0,1.9,A,-100.0
42,high,1,2.0,4.0,6.3,C,-16.6
43,medium,2,2.0,1.0,6.3,A,-100.0
44,high,1,1.0,5.0,2.6,A,-14.6
45,medium,0,3.0,4.0,1.1,D,-18.2
46,none,2,14.0,18.0,6.6,C,-5.7
47,low,4,2.0,17.0,6.5,A,13.5
48,medium,0,14.0,28.0,9.4,A,15.0
49,none,1,31.0,47.0,6.2,A,15.0
50,low,1,9.0,17.0,2.2,B,-0.6
51,none,2,14.0,11.0,2.8,A,-100.0
52,low,2,7.0,21.0,8.1,A,14.2
53,medium,2,19.0,30.0,8.1,A,11.7
54,none,1,9.0,0.0,1.3,A,-100.0
55,low,0,2.0,5.0,8.1,A,-10.5
56,none,6,14.0,39.0,5.9,C,15.0
57,high,1,12.0,10.0,8.5,B,-100.0
58,high,2,16.0,2.0,3.3,A,-100.0
59,low,1,12.0,8.0,1.6,C,-100.0
60,medium,2,6.0,4.0,2.5,A,-100.0
61,low,1,6.0,11.0,7.1,A,-5.5
62,medium,6,2.0,14.0,2.9,A,4.8
63,medium,0,11.0,17.0,9.5,C,-0.7
64,high,0,22.0,12.0,9.7,A,-100.0
65,none,1,10.0,7.0,2.8,C,-100.0
66,high,0,9.0,20.0,6.6,A,5.0
67,high,0,7.0,19.0,8.6,A,7.4
68,high,1,8.0,4.0,3.6,A,-100.0
69,medium,4,4.0,8.0,5.5,C,-9.7
70,low,2,12.0,1.0,6.6,A,-100.0
71,none,3,3.0,11.0,5.5,A,-1.8
72,high,0,15.0,3.0,3.1,A,-100.0
73,high,2,5.0,3.0,8.8,A,-100.0
74,high,3,2.0,12.0,2.7,A,-1.8
75,medium,0,5.0,44.0,1.4,A,15.0
76,low,1,7.0,27.0,1.4,A,15.0
77,low,0,11.0,5.0,6.5,A,-100.0
78,none,1,8.0,37.0,7.8,A,15.0
79,low,0,25.0,5.0,8.4,A,-100.0
80,low,0,9.0,8.0,8.0,A,-16.5
81,medium,0,1.0,3.0,3.6,B,-15.6
82,none,0,7.0,46.0,4.2,C,15.0
83,none,2,14.0,4.0,5.7,C,-100.0
84,low,2,3.0,15.0,9.2,C,9.1
85,high,5,2.0,42.0,8.7,C,15.0
86,high,0,3.0,16.0,3.5,C,5.6
87,high,1,3.0,3.0,3.2,D,-100.0
88,medium,1,24.0,10.0,9.9,B,-100.0
89,none,3,4.0,1.0,3.5,C,-100.0
90,low,0,11.0,17.0,4.1,A,-3.0
91,high,0,11.0,4.0,5.1,B,-100.0
92,low,3,,9.0,8.6,C,
93,medium,1,,10.0,1.0,C,
94,high,1,3.0,21.0,4.9,C,15.0
95,medium,3,13.0,8.0,1.8,A,-100.0
96,low,3,13.0,0.0,6.2,B,-100.0
97,low,3,4.0,4.0,9.2,A,-15.8
98,low,1,11.0,19.0,9.5,C,3.8
99,high,2,15.0,5.0,5.4,C,-100.0
100,medium,3,11.0,33.0,8.5,A,15.0
101,none,1,5.0,2.0,2.0,A,-100.0
102,high,0,5.0,20.0,8.5,A,13.0
103,low,1,8.0,13.0,8.6,A,-4.0
104,medium,0,11.0,14.0,3.7,A,-9.9
105,medium,4,7.0,13.0,8.8,A,-2.8
106,none,1,4.0,9.0,9.6,A,-5.5
107,high,0,13.0,1.0,7.5,C,-100.0
108,high,0,5.0,34.0,6.1,A,15.0
109,medium,1,12.0,2.0,5.0,A,-100.0
110,medium,2,14.0,9.0,8.6,A,-100.0
111,medium,0,11.0,3.0,8.3,A,-100.0
112,,3,7.0,43.0,8.4,A,15.0
113,medium,0,4.0,9.0,8.8,A,-5.6
114,none,1,36.0,6.0,6.5,B,-100.0
115,high,0,,6.0,8.4,C,
116,low,3,5.0,8.0,4.0,A,-11.8
117,high,2,9.0,10.0,4.8,A,-17.1
118,medium,1,9.0,11.0,7.4,A,-11.0
119,low,0,29.0,10.0,2.5,C,-100.0
120,medium,1,9.0,5.0,3.6,C,-100.0
121,high,2,7.0,7.0,8.4,A,-18.1
122,low,2,6.0,5.0,2.6,A,-100.0
123,high,0,6.0,9.0,9.0,A,-11.6
124,none,1,14.0,11.0,4.0,D,-100.0
125,high,1,1.0,50.0,8.8,A,15.0
126,none,1,10.0,6.0,7.4,A,-100.0
127,high,0,4.0,1.0,10.0,C,-100.0
128,medium,1,6.0,12.0,5.4,C,-4.6
129,none,1,2.0,3.0,8.6,A,-15.1
130,high,0,9.0,23.0,5.7,A,10.9
131,none,0,6.0,4.0,5.7,B,-100.0
132,high,1,8.0,3.0,9.8,A,-100.0
133,high,2,3.0,1.0,4.2,A,-100.0
134,none,0,6.0,26.0,8.2,A,15.0
135,high,0,9.0,5.0,3.7,C,-100.0
136,medium,0,1.0,16.0,8.2,A,14.0
137,low,3,2.0,3.0,6.3,A,-15.9
138,none,1,6.0,2.0,9.9,A,-100.0
139,high,1,2.0,3.0,3.3,C,-100.0
140,high,5,12.0,11.0,8.0,A,-18.9
141,high,0,5.0,3.0,9.6,C,-100.0
142,low,1,16.0,43.0,6.5,B,15.0
143,medium,1,18.0,5.0,9.5,A,-100.0
144,low,1,3.0,5.0,5.4,A,-13.7
145,medium,3,5.0,0.0,9.6,B,-100.0
146,medium,1,9.0,11.0,9.7,C,-9.8
147,none,2,4.0,5.0,10.0,A,-13.8
148,medium,3,18.0,0.0,6.6,A,-100.0
149,medium,0,9.0,1.0,1.6,C,-100.0
150,medium,2,12.0,15.0,8.4,C,-7.4
151,medium,2,11.0,17.0,1.7,B,-4.8
152,medium,1,16.0,40.0,4.1,D,15.0
153,low,2,5.0,34.0,1.9,D,15.0
154,low,0,21.0,9.0,7.9,A,-100.0
155,medium,3,27.0,23.0,8.7,A,-16.8
156,medium,0,2.0,9.0,4.1,A,-4.4
157,high,1,3.0,2.0,9.4,C,-100.0
158,low,0,8.0,3.0,2.5,A,-100.0
159,medium,1,4.0,50.0,9.3,A,15.0
160,high,0,7.0,5.0,2.1,A,-100.0
161,high,2,12.0,35.0,9.3,A,15.0
162,medium,1,3.0,14.0,9.8,B,7.1
163,medium,2,11.0,5.0,2.4,A,-100.0
164,low,3,17.0,5.0,7.0,A,-100.0
165,low,5,9.0,19.0,2.6,D,3.4
166,low,1,5.0,16.0,1.3,A,3.9
167,low,3,24.0,47.0,1.7,A,15.0
168,low,1,7.0,50.0,7.6,A,15.0
169,high,3,5.0,2.0,8.3,D,-100.0
170,low,2,18.0,1.0,5.4,A,-100.0
171,low,1,2.0,10.0,1.2,C,-3.5
172,high,2,2.0,18.0,9.6,A,14.4
173,medium,2,23.0,26.0,8.7,A,-3.4
174,high,0,4.0,3.0,3.6,A,-100.0
175,high,1,8.0,8.0,4.7,A,-19.5
176,high,2,23.0,9.0,8.6,A,-100.0
177,low,0,10.0,2.0,4.3,A,-100.0
178,,3,6.0,0.0,6.4,C,-100.0
179,high,3,18.0,10.0,1.2,A,-100.0
180,high,0,13.0,14.0,8.1,B,-13.8
181,medium,0,6.0,12.0,1.3,A,-6.6
182,none,0,1.0,3.0,2.1,A,-16.5
183,low,1,8.0,4.0,9.0,C,-100.0
184,high,0,14.0,22.0,4.3,C,-0.7
185,high,0,6.0,0.0,8.3,A,-100.0
186,high,3,2.0,6.0,1.8,A,-14.8
187,none,3,9.0,8.0,6.4,A,-18.2
188,medium,3,6.0,5.0,6.7,C,-18.9
189,none,4,13.0,3.0,7.3,A,-100.0
190,high,0,14.0,13.0,3.0,A,-100.0
191,medium,1,3.0,8.0,2.6,A,-9.2
192,high,4,5.0,44.0,4.3,A,15.0
193,medium,3,10.0,2.0,8.9,A,-100.0
194,none,1,10.0,1.0,1.5,C,-100.0
195,none,2,14.0,15.0,5.8,A,-12.4
196,high,3,22.0,6.0,8.9,B,-100.0
197,medium,1,3.0,11.0,9.7,C,0.7
198,medium,3,11.0,8.0,9.8,D,-19.7
199,none,3,4.0,3.0,7.5,B,-19.4
200,none,1,17.0,1.0,9.9,C,-100.0
201,,0,17.0,16.0,3.0,A,-16.8
202,none,2,6.0,17.0,2.5,D,4.1
203,high,0,19.0,24.0,9.8,A,-2.5
204,low,1,12.0,2.0,5.8,A,-100.0
205,none,3,12.0,4.0,9.6,A,-100.0
206,medium,1,2.0,6.0,4.7,A,-10.5
207,none,3,2.0,36.0,6.8,A,15.0
208,low,1,10.0,5.0,9.9,A,-100.0
209,low,1,16.0,3.0,1.9,C,-100.0
210,high,0,25.0,3.0,9.6,C,-100.0
211,low,0,2.0,12.0,9.7,C,5.0
212,none,0,5.0,3.0,8.1,B,-100.0
213,high,0,1.0,6.0,9.4,A,-9.0
214,low,3,14.0,1.0,8.3,B,-100.0
215,high,1,8.0,5.0,9.5,A,-100.0
216,medium,1,18.0,4.0,3.7,B,-100.0
217,none,3,16.0,18.0,8.2,A,-8.5
218,medium,1,17.0,4.0,2.0,C,-100.0
219,high,3,3.0,15.0,8.6,A,5.7
220,none,1,13.0,9.0,9.3,A,-100.0
221,low,2,1.0,3.0,5.8,C,-14.3
222,low,1,5.0,1.0,4.7,A,-100.0
223,low,2,5.0,2.0,9.2,A,-100.0
224,high,2,20.0,15.0,5.4,A,-100.0
225,low,1,6.0,3.0,9.2,A,-100.0
226,medium,3,3.0,10.0,9.2,A,-1.8
227,medium,1,6.0,4.0,3.6,A,-100.0
228,high,0,2.0,1.0,2.9,A,-100.0
229,high,1,6.0,5.0,9.3,B,-20.0
230,low,0,16.0,9.0,4.4,D,-100.0
231,none,4,16.0,17.0,9.3,A,-10.2
232,low,2,2.0,16.0,9.5,A,13.1
233,high,0,,0.0,7.0,C,
234,high,2,11.0,23.0,2.8,A,5.7
235,high,1,8.0,16.0,1.9,B,-4.1
236,low,1,23.0,7.0,3.2,A,-100.0
237,high,2,19.0,5.0,9.4,A,-100.0
238,high,2,12.0,11.0,2.4,A,-100.0
239,high,2,19.0,35.0,1.7,B,15.0
240,medium,2,4.0,3.0,2.4,A,-100.0
241,none,2,7.0,28.0,2.9,A,15.0
242,high,1,13.0,23.0,5.7,C,3.8
243,low,3,4.0,5.0,6.5,A,-15.1
244,low,4,6.0,15.0,7.7,A,2.9
245,high,0,12.0,7.0,1.5,A,-100.0
246,low,2,,3.0,1.9,C,
247,high,0,3.0,6.0,9.4,A,-12.5
248,high,1,9.0,48.0,5.0,C,15.0
249,low,2,12.0,6.0,2.0,A,-100.0
250,none,0,18.0,9.0,8.4,B,-100.0
251,low,1,11.0,7.0,8.5,A,-100.0
252,medium,2,11.0,1.0,7.8,A,-100.0
253,low,0,8.0,17.0,9.2,A,4.8
254,high,1,18.0,0.0,5.9,C,-100.0
255,high,3,5.0,7.0,3.8,A,-17.0
256,low,1,6.0,7.0,3.9,C,-15.5
257,high,2,2.0,4.0,9.7,C,-15.0
258,high,0,4.0,13.0,3.3,A,-2.6
259,low,4,,6.0,3.4,C,
260,high,2,14.0,20.0,6.2,C,-4.1
261,high,0,9.0,9.0,7.2,A,-17.8
262,medium,3,38.0,17.0,2.5,A,-100.0
263,high,2,7.0,5.0,9.7,A,-100.0
264,high,2,9.0,7.0,4.3,C,-100.0
265,high,2,11.0,1.0,8.7,A,-100.0
266,medium,1,12.0,7.0,9.6,A,-100.0
267,low,3,14.0,11.0,9.8,A,-18.3
268,medium,2,35.0,32.0,9.8,A,-11.3
269,high,1,9.0,5.0,3.2,C,-100.0
270,medium,1,6.0,7.0,1.2,A,-17.2
271,medium,0,1.0,36.0,3.6,A,15.0
272,low,1,7.0,8.0,5.6,A,-14.3
273,none,2,12.0,5.0,9.3,A,-100.0
274,high,1,10.0,2.0,3.6,D,-100.0
275,low,0,21.0,4.0,8.7,C,-100.0
276,low,0,7.0,1.0,8.1,A,-100.0
277,medium,3,8.0,14.0,9.5,A,-2.0
278,high,0,11.0,1.0,8.6,A,-100.0
279,high,0,4.0,5.0,5.0,A,-18.5
280,none,1,11.0,12.0,8.8,B,-11.9
281,medium,0,5.0,8.0,8.3,C,-9.7
282,medium,0,5.0,25.0,5.7,A,15.0
283,medium,3,1.0,14.0,2.2,A,6.5
284,high,1,7.0,7.0,8.2,A,-18.1
285,high,1,27.0,14.0,9.3,B,-100.0
286,low,1,6.0,8.0,1.1,A,-14.8
287,high,2,9.0,10.0,8.4,A,-15.3
288,none,0,25.0,22.0,4.1,A,-17.6
289,medium,1,6.0,12.0,9.5,A,-2.5
290,medium,0,8.0,1.0,8.7,A,-100.0
291,none,1,11.0,2.0,1.5,A,-100.0
292,high,0,27.0,30.0,7.4,A,-5.1
293,medium,3,7.0,11.0,2.6,C,-10.1
294,none,1,13.0,12.0,1.7,A,-18.9
295,high,3,22.0,7.0,1.3,B,-100.0
296,none,0,2.0,9.0,5.0,D,-4.2
297,medium,6,10.0,15.0,2.0,A,-7.5
298,high,1,9.0,3.0,9.1,A,-100.0
299,low,1,7.0,4.0,8.8,A,-100.0
300,high,3,10.0,10.0,8.2,A,-17.2
301,high,2,19.0,18.0,2.8,A,-18.8
302,medium,1,9.0,4.0,2.7,A,-100.0
303,none,0,10.0,4.0,3.5,A,-100.0
304,medium,1,2.0,1.0,7.9,A,-19.4
305,high,2,15.0,1.0,5.6,A,-100.0
306,low,0,6.0,10.0,,D,
307,high,4,24.0,16.0,9.6,A,-100.0
308,high,2,5.0,6.0,3.5,C,-19.1
309,high,2,12.0,14.0,9.4,B,-11.6
310,medium,2,5.0,9.0,9.4,D,-7.2
311,medium,1,21.0,1.0,3.5,A,-100.0
312,high,1,15.0,18.0,4.4,C,-10.9
313,high,0,10.0,3.0,4.7,A,-100.0
314,low,1,7.0,12.0,6.2,C,-5.6
315,high,3,17.0,2.0,9.9,A,-100.0
316,high,3,8.0,33.0,2.2,A,15.0
317,medium,2,8.0,9.0,1.7,A,-16.4
318,high,1,4.0,6.0,9.4,A,-14.3
319,high,0,14.0,9.0,2.9,A,-100.0
320,medium,4,5.0,5.0,5.2,A,-17.9
321,medium,4,4.0,39.0,9.9,C,15.0
322,high,3,4.0,1.0,8.1,A,-100.0
323,none,3,8.0,10.0,8.9,C,-11.0
324,none,4,22.0,18.0,9.7,C,-18.4
325,low,0,8.0,3.0,9.3,A,-100.0
326,low,1,7.0,19.0,8.0,C,10.0
327,low,3,27.0,16.0,8.7,A,-100.0
328,high,2,7.0,6.0,2.6,C,-100.0
329,,1,2.0,29.0,8.5,A,15.0
330,low,1,2.0,13.0,3.2,A,3.8
331,high,0,27.0,2.0,3.3,A,-100.0
332,none,1,16.0,20.0,1.8,A,-7.3
333,high,1,21.0,4.0,2.0,A,-100.0
334,medium,0,8.0,15.0,8.2,D,-0.3
335,high,2,10.0,5.0,3.1,A,-100.0
336,low,1,8.0,23.0,5.1,A,15.0
337,high,1,14.0,2.0,6.3,A,-100.0
338,high,0,5.0,8.0,3.1,A,-14.9
339,high,1,11.0,14.0,8.3,C,-10.3
340,low,2,8.0,13.0,9.5,B,-3.7
341,medium,1,4.0,13.0,6.9,A,1.8
342,high,2,6.0,8.0,1.5,A,-17.7
343,high,0,12.0,1.0,7.0,B,-100.0
344,high,2,12.0,16.0,9.2,A,-7.5
345,medium,1,11.0,8.0,10.0,A,-19.4
346,high,3,14.0,1.0,8.3,A,-100.0
347,high,4,1.0,10.0,5.9,C,-2.7
348,high,0,2.0,22.0,9.0,B,15.0
349,low,0,24.0,3.0,4.4,C,-100.0
350,none,2,17.0,3.0,8.2,A,-100.0
351,medium,2,3.0,2.0,8.8,C,-18.7
352,none,1,19.0,15.0,9.8,A,-19.1
353,none,4,13.0,10.0,1.8,A,-100.0
354,high,2,9.0,9.0,2.8,B,-100.0
355,high,3,10.0,16.0,2.5,A,-7.5
356,medium,3,6.0,8.0,7.1,A,-12.3
357,low,1,12.0,3.0,7.2,C,-100.0
358,medium,0,7.0,33.0,5.5,C,15.0
359,none,0,4.0,15.0,9.7,C,7.2
360,low,0,10.0,25.0,6.7,D,15.0
361,medium,1,9.0,8.0,6.5,A,-17.7
362,low,3,6.0,22.0,1.2,C,14.5
363,high,1,4.0,13.0,9.9,A,0.6
364,low,2,2.0,4.0,9.7,A,-12.0
365,none,2,15.0,2.0,9.9,A,-100.0
366,medium,1,4.0,25.0,8.8,A,15.0
367,medium,2,4.0,4.0,8.0,C,-16.7
368,low,0,2.0,1.0,8.0,C,-18.9
369,low,2,39.0,15.0,9.3,A,-100.0
370,medium,2,2.0,3.0,4.3,A,-17.2
371,low,3,4.0,41.0,2.7,D,15.0
372,none,1,1.0,1.0,9.2,C,-17.3
373,none,1,5.0,7.0,7.8,B,-12.4
374,medium,2,6.0,37.0,2.7,D,15.0
375,medium,2,10.0,2.0,9.4,A,-100.0
376,medium,1,2.0,15.0,4.1,A,8.1
377,low,3,11.0,3.0,4.4,C,-100.0
378,high,1,14.0,22.0,9.3,A,1.7
379,low,0,16.0,13.0,3.4,A,-100.0
380,low,1,6.0,1.0,8.8,C,-100.0
381,high,2,2.0,15.0,9.7,A,8.1
382,none,1,5.0,2.0,8.7,A,-100.0
383,medium,2,21.0,29.0,4.3,B,4.2
384,none,1,6.0,3.0,3.4,A,-100.0
385,high,0,1.0,32.0,1.6,A,15.0
386,none,1,8.0,17.0,2.7,C,0.8
387,,1,2.0,29.0,1.0,A,15.0
388,high,1,26.0,6.0,6.0,B,-100.0
389,low,4,13.0,30.0,2.7,B,15.0
390,medium,3,8.0,1.0,9.7,A,-100.0
391,high,4,8.0,50.0,10.0,A,15.0
392,medium,2,20.0,29.0,1.9,C,4.8
393,low,1,23.0,20.0,6.2,A,-16.8
394,high,1,8.0,7.0,1.5,B,-100.0
395,low,2,15.0,50.0,2.0,B,15.0
396,medium,0,5.0,8.0,8.7,A,-9.5
397,high,1,9.0,7.0,8.3,A,-100.0
398,none,0,5.0,15.0,1.2,A,1.2
399,high,1,3.0,5.0,9.6,C,-14.6
400,high,0,2.0,17.0,9.1,A,12.2
401,medium,2,7.0,2.0,9.5,A,-100.0
402,low,1,6.0,16.0,2.0,A,2.5
403,high,3,11.0,8.0,8.4,A,-100.0
404,high,1,7.0,18.0,1.8,C,1.8
405,high,2,11.0,6.0,8.0,A,-100.0
406,,2,20.0,17.0,8.4,C,-17.4
407,high,2,2.0,6.0,7.8,C,-11.7
408,high,2,,0.0,3.4,C,
409,high,3,12.0,0.0,9.4,D,-100.0
410,low,2,20.0,2.0,9.2,C,-100.0
411,medium,0,6.0,10.0,8.1,C,-7.3
412,none,3,7.0,11.0,7.7,C,-7.7
413,medium,2,3.0,34.0,5.3,A,15.0
414,medium,1,14.0,2.0,9.2,B,
415,medium,0,6.0,0.0,2.1,A,-100.0
416,medium,3,16.0,25.0,2.9,A,3.7
417,none,0,20.0,10.0,8.6,A,-100.0
418,none,1,8.0,2.0,9.1,C,-100.0
419,medium,2,8.0,0.0,3.8,A,-100.0
420,medium,1,11.0,25.0,8.8,B,15.0
421,medium,1,13.0,9.0,10.0,C,-100.0
422,high,0,3.0,9.0,9.7,A,-6.0
423,medium,4,19.0,10.0,8.2,A,-100.0
424,high,0,16.0,50.0,2.3,B,15.0
425,high,1,29.0,13.0,5.3,A,-100.0
426,low,3,3.0,1.0,2.5,B,-100.0
427,low,2,7.0,3.0,2.0,A,-100.0
428,low,0,3.0,32.0,9.3,A,15.0
429,high,2,7.0,5.0,1.6,A,-100.0
430,high,0,17.0,20.0,8.2,A,-8.2
431,low,0,8.0,3.0,1.1,D,-100.0
432,low,1,28.0,8.0,7.2,A,-100.0
433,high,1,19.0,6.0,6.4,D,-100.0
434,high,5,13.0,7.0,9.4,A,-100.0
435,medium,1,10.0,5.0,2.5,A,-100.0
436,low,3,9.0,35.0,8.7,D,15.0
437,low,2,9.0,5.0,8.6,C,-100.0
438,high,1,8.0,4.0,9.3,D,-100.0
439,none,1,16.0,8.0,1.6,A,-100.0
440,high,2,7.0,36.0,5.4,B,15.0
441,low,2,6.0,50.0,5.4,C,15.0
442,medium,1,9.0,13.0,9.7,A,-5.6
443,low,1,5.0,13.0,9.3,B,1.6
444,low,1,10.0,11.0,8.6,A,-11.7
445,high,0,14.0,8.0,5.9,A,-100.0
446,medium,1,5.0,30.0,2.7,A,15.0
447,medium,2,5.0,37.0,4.1,A,15.0
448,low,1,8.0,10.0,7.8,C,-10.7
449,none,1,11.0,17.0,8.6,A,-1.5
450,high,1,3.0,5.0,8.8,D,-15.0
451,medium,2,4.0,7.0,4.2,D,-12.3
452,low,1,1.0,1.0,5.0,A,-18.8
453,none,0,2.0,9.0,3.9,B,-4.8
454,medium,1,2.0,13.0,9.9,B,6.7
455,medium,0,10.0,8.0,8.7,D,-18.2
456,high,3,32.0,2.0,9.3,A,-100.0
457,none,2,3.0,29.0,6.2,A,15.0
458,low,1,12.0,2.0,8.4,C,-100.0
459,low,0,8.0,21.0,8.8,A,13.0
460,high,1,12.0,22.0,3.4,A,2.3
461,none,3,15.0,11.0,8.4,A,-100.0
462,medium,2,7.0,8.0,9.4,B,-12.9
463,low,4,4.0,1.0,7.1,A,-100.0
464,medium,1,8.0,1.0,3.9,A,-100.0
465,high,4,29.0,9.0,9.0,A,-100.0
466,high,0,5.0,33.0,1.9,A,15.0
467,high,0,8.0,23.0,4.6,A,12.1
468,high,1,8.0,6.0,1.8,A,-100.0
469,low,1,12.0,23.0,2.3,A,6.8
470,high,3,8.0,5.0,9.6,A,-100.0
471,medium,2,4.0,21.0,2.8,A,15.0
472,medium,2,2.0,6.0,1.6,A,-12.2
473,none,2,9.0,15.0,8.6,A,-2.3
474,low,1,7.0,19.0,8.2,C,10.1
475,high,3,5.0,4.0,8.9,A,-100.0
476,high,3,8.0,4.0,8.7,A,-100.0
477,low,3,14.0,3.0,5.8,A,-100.0
478,low,0,10.0,0.0,7.3,A,-100.0
479,low,1,15.0,10.0,8.8,A,-100.0
480,low,2,9.0,4.0,3.6,A,-100.0
481,medium,2,6.0,1.0,9.0,A,-100.0
482,medium,1,26.0,7.0,6.3,C,-100.0
483,medium,0,2.0,14.0,8.5,C,8.2
484,high,0,9.0,9.0,2.8,A,-20.0
485,high,1,10.0,2.0,4.5,A,-100.0
486,medium,0,18.0,6.0,9.0,C,-100.0
487,medium,1,2.0,17.0,8.1,A,14.2
488,high,1,7.0,4.0,3.9,A,-100.0
489,high,0,10.0,6.0,3.2,A,-100.0
490,none,0,18.0,9.0,6.8,A,-100.0
491,high,1,22.0,17.0,9.9,C,-100.0
492,medium,0,1.0,7.0,9.8,A,-4.1
493,high,1,21.0,1.0,5.1,A,-100.0
494,low,1,14.0,1.0,10.0,A,-100.0
495,low,1,11.0,24.0,1.3,A,10.2
496,medium,4,7.0,2.0,8.8,A,-100.0
497,none,4,4.0,14.0,8.0,A,3.9
498,low,2,26.0,11.0,7.4,C,-100.0
499,low,3,6.0,13.0,7.5,B,-1.3
500,low,2,8.0,0.0,6.1,A,-100.0
501,high,0,8.0,5.0,6.3,D,-100.0
502,low,0,11.0,16.0,5.4,A,-4.5
503,high,1,1.0,4.0,9.4,A,-13.3
504,medium,1,8.0,13.0,4.2,B,-6.6
505,none,1,15.0,23.0,4.9,D,2.3
506,medium,2,6.0,7.0,6.5,A,-14.6
507,medium,0,17.0,2.0,7.4,C,-100.0
508,low,3,6.0,35.0,6.8,A,15.0
509,high,0,3.0,15.0,5.8,A,4.6
510,none,1,3.0,6.0,6.5,A,-11.6
511,none,2,4.0,50.0,5.3,A,15.0
512,medium,1,23.0,24.0,7.2,A,-8.3
513,low,1,1.0,8.0,4.9,A,-4.1
514,low,2,6.0,50.0,2.0,A,15.0
515,low,2,1.0,10.0,2.7,A,-1.1
516,,4,,17.0,2.4,C,
517,medium,1,13.0,14.0,6.9,A,-11.9
518,high,1,2.0,15.0,8.5,A,7.6
519,none,0,3.0,2.0,7.6,A,-19.4
520,high,3,8.0,4.0,3.2,A,-100.0
521,high,1,11.0,17.0,9.3,A,-3.5
522,none,1,4.0,1.0,6.5,A,-100.0
523,high,4,19.0,9.0,5.6,A,-100.0
524,low,0,36.0,11.0,6.4,A,-100.0
525,low,0,6.0,5.0,9.8,A,-16.6
526,,3,6.0,14.0,9.1,C,1.0
527,medium,1,2.0,26.0,10.0,A,15.0
528,high,1,7.0,24.0,9.8,A,15.0
529,medium,3,19.0,31.0,9.5,C,14.4
530,medium,3,13.0,2.0,2.8,A,-100.0
531,low,1,15.0,0.0,8.8,A,-100.0
532,low,2,20.0,3.0,1.0,A,-100.0
533,high,0,23.0,14.0,7.3,A,-100.0
534,low,1,7.0,3.0,2.0,A,-100.0
535,low,0,5.0,3.0,9.3,A,-19.3
536,medium,0,19.0,17.0,7.3,C,-15.8
537,low,3,9.0,5.0,6.5,A,-100.0
538,high,1,9.0,6.0,2.7,A,-100.0
539,high,0,23.0,6.0,8.2,C,-100.0
540,medium,3,11.0,1.0,4.2,A,-100.0
541,medium,2,16.0,10.0,2.1,A,-100.0
542,low,2,13.0,2.0,5.6,A,-100.0
543,high,1,31.0,15.0,8.0,A,-100.0
544,medium,3,6.0,14.0,7.5,B,0.5
545,medium,0,9.0,0.0,1.6,A,-100.0
546,high,0,15.0,6.0,6.9,A,-100.0
547,low,1,14.0,4.0,5.5,A,-100.0
548,none,1,12.0,13.0,1.8,C,-15.0
549,low,1,5.0,50.0,3.7,A,15.0
550,low,0,8.0,0.0,7.1,A,-100.0
551,none,2,27.0,5.0,1.8,A,-100.0
552,medium,3,4.0,1.0,8.5,A,-100.0
553,medium,1,9.0,22.0,8.6,A,12.8
554,low,3,7.0,32.0,9.8,A,15.0
555,medium,3,9.0,32.0,9.9,A,15.0
556,low,2,22.0,12.0,1.0,C,-100.0
557,high,0,2.0,10.0,9.6,A,-2.2
558,none,0,8.0,16.0,3.0,A,-1.0
559,medium,2,6.0,0.0,9.8,A,-100.0
560,high,1,11.0,7.0,8.6,C,-100.0
561,high,3,17.0,4.0,9.5,A,-100.0
562,medium,3,4.0,20.0,8.4,A,15.0
563,medium,2,8.0,10.0,7.7,A,-11.3
564,high,0,,0.0,7.1,C,
565,low,0,4.0,17.0,9.8,A,12.1
566,high,0,9.0,5.0,7.1,C,-100.0
567,,0,13.0,4.0,9.7,C,-100.0
568,low,0,1.0,8.0,4.8,A,-4.1
569,none,3,2.0,22.0,5.6,A,15.0
570,none,2,10.0,6.0,8.7,A,-100.0
571,,1,8.0,1.0,6.9,B,-100.0
572,medium,3,13.0,4.0,8.2,B,-100.0
573,low,3,10.0,34.0,5.3,A,15.0
574,high,0,10.0,3.0,1.3,A,-100.0
575,high,2,13.0,13.0,5.2,A,-17.6
576,low,1,13.0,1.0,4.5,C,-100.0
577,medium,0,3.0,1.0,2.5,A,-100.0
578,high,2,11.0,24.0,1.2,A,7.0
579,none,3,11.0,3.0,8.2,A,-100.0
580,low,1,21.0,4.0,9.7,A,-100.0
581,high,0,8.0,10.0,8.8,A,-13.1
582,low,1,2.0,27.0,1.9,A,15.0
583,medium,3,18.0,6.0,9.1,C,-100.0
584,low,3,7.0,5.0,2.0,C,-100.0
585,low,3,4.0,18.0,9.4,A,13.7
586,none,2,16.0,3.0,5.5,A,-100.0
587,high,0,4.0,15.0,8.8,C,4.4
588,none,1,2.0,12.0,8.2,C,3.6
589,high,1,20.0,24.0,1.3,C,-8.6
590,medium,0,1.0,1.0,6.3,A,-18.4
591,low,0,5.0,11.0,4.1,D,-5.1
592,low,1,8.0,8.0,1.8,A,-17.9
593,medium,1,13.0,5.0,8.4,A,-100.0
594,low,0,15.0,50.0,2.7,A,15.0
595,low,4,16.0,6.0,8.4,B,-100.0
596,high,2,14.0,2.0,3.9,A,-100.0
597,low,2,17.0,2.0,4.2,C,-100.0
598,high,1,0.0,0.0,8.9,A,-100.0
599,high,1,0.0,25.0,9.5,A,15.0
600,low,2,6.0,28.0,8.9,A,15.0
601,high,2,16.0,0.0,9.7,A,-100.0
602,low,3,3.0,9.0,4.6,A,-5.9
603,high,0,1.0,16.0,8.7,A,11.7
604,high,0,5.0,4.0,9.9,A,-19.9
605,high,2,2.0,11.0,8.9,A,-0.7
606,low,3,8.0,21.0,3.4,A,10.0
607,high,4,4.0,23.0,9.0,C,15.0
608,high,4,13.0,1.0,8.5,A,-100.0
609,low,1,11.0,4.0,1.0,A,-100.0
610,low,1,16.0,11.0,6.2,A,-100.0
611,high,0,9.0,3.0,8.8,A,-100.0
612,none,0,5.0,1.0,9.7,C,-100.0
613,none,1,4.0,35.0,9.9,D,15.0
614,none,2,3.0,2.0,9.1,A,-18.8
615,medium,1,12.0,11.0,3.4,A,-18.2
616,low,0,5.0,30.0,2.7,A,15.0
617,high,3,6.0,22.0,8.3,A,15.0
618,low,1,26.0,16.0,4.9,C,-100.0
619,low,1,16.0,48.0,9.2,A,15.0
620,low,3,,20.0,9.2,C,
621,medium,1,3.0,9.0,1.9,A,-7.4
622,low,0,6.0,5.0,3.5,A,-19.8
623,none,1,20.0,7.0,3.5,C,-100.0
624,none,2,6.0,29.0,9.3,D,15.0
625,low,1,12.0,10.0,7.2,A,-18.0
626,high,1,10.0,9.0,1.4,A,-100.0
627,high,2,8.0,3.0,4.8,A,-100.0
628,,5,18.0,12.0,3.7,C,-100.0
629,low,0,15.0,1.0,2.0,D,-100.0
630,high,1,23.0,13.0,8.3,C,-100.0
631,low,1,22.0,4.0,4.4,A,-100.0
632,medium,0,9.0,8.0,2.6,C,-19.5
633,medium,2,13.0,28.0,7.5,C,15.0
634,medium,0,5.0,7.0,3.6,A,-14.2
635,low,1,12.0,4.0,9.1,A,-100.0
636,medium,0,13.0,12.0,4.2,B,-17.3
637,high,2,28.0,3.0,9.5,A,-100.0
638,medium,2,1.0,5.0,9.7,C,-8.5
639,,1,9.0,0.0,5.5,A,-100.0
640,medium,0,3.0,4.0,6.6,A,-15.4
641,medium,0,7.0,23.0,7.5,A,15.0
642,none,2,17.0,15.0,2.7,A,-19.2
643,medium,1,15.0,0.0,8.6,A,-100.0
644,medium,1,7.0,3.0,9.9,A,-100.0
645,none,3,2.0,1.0,6.1,A,-100.0
646,low,3,0.0,14.0,8.0,A,11.6
647,low,0,11.0,13.0,9.4,A,-8.8
648,high,1,14.0,1.0,8.4,C,-100.0
649,high,0,20.0,13.0,6.0,A,-100.0
650,high,1,20.0,7.0,1.0,A,-100.0
651,high,0,5.0,23.0,4.6,A,15.0
652,medium,1,5.0,25.0,2.9,A,15.0
653,high,2,2.0,2.0,8.2,A,-19.9
654,low,4,9.0,6.0,3.2,A,-100.0
655,high,2,9.0,7.0,5.7,D,-100.0
656,low,1,1.0,4.0,6.7,A,-11.6
657,none,2,6.0,10.0,6.6,A,-8.5
658,low,0,3.0,2.0,3.5,A,-100.0
659,high,2,7.0,21.0,6.2,A,10.2
660,high,2,3.0,12.0,1.6,C,-4.0
661,none,0,38.0,6.0,1.7,A,-100.0
662,low,0,12.0,14.0,9.3,C,-8.5
663,low,0,1.0,4.0,3.0,C,-13.4
664,high,3,14.0,6.0,2.0,C,-100.0
665,high,1,3.0,11.0,10.0,A,-1.8
666,high,0,3.0,2.0,2.0,C,-100.0
667,low,1,10.0,16.0,8.1,D,-1.5
668,none,0,8.0,3.0,3.9,A,-100.0
669,low,1,24.0,18.0,5.9,A,-100.0
670,medium,1,3.0,5.0,9.9,B,-11.8
671,high,3,6.0,17.0,4.0,A,2.4
672,high,1,10.0,2.0,3.4,A,-100.0
673,high,3,10.0,1.0,9.9,A,-100.0
674,none,0,30.0,2.0,8.6,A,-100.0
675,high,1,20.0,1.0,6.1,A,-100.0
676,medium,1,11.0,0.0,1.5,A,-100.0
677,high,3,5.0,30.0,2.5,C,15.0
678,high,3,15.0,22.0,8.8,A,-0.5
679,low,3,2.0,12.0,8.8,A,4.3
680,,2,7.0,9.0,8.3,A,-11.5
681,medium,0,11.0,11.0,5.0,C,-15.6
682,low,0,18.0,50.0,1.2,B,15.0
683,low,2,5.0,12.0,8.2,A,-1.2
684,low,2,9.0,0.0,8.1,A,-100.0
685,low,1,5.0,1.0,7.6,A,-100.0
686,high,1,14.0,5.0,5.4,A,-100.0
687,high,0,3.0,2.0,5.4,A,-100.0
688,medium,1,19.0,6.0,8.3,A,-100.0
689,medium,7,6.0,12.0,4.0,A,-5.9
690,high,0,19.0,3.0,4.3,B,-100.0
691,high,0,5.0,1.0,2.9,C,-100.0
692,none,0,24.0,11.0,9.7,C,-100.0
693,medium,0,8.0,24.0,1.1,A,15.0
694,low,1,12.0,11.0,1.2,C,-18.9
695,none,1,11.0,6.0,1.6,B,-100.0
696,low,4,5.0,17.0,2.7,B,6.4
697,none,0,,27.0,5.7,C,
698,medium,2,5.0,6.0,9.6,A,-13.5
699,low,1,4.0,24.0,7.5,A,15.0
700,high,2,6.0,2.0,8.8,A,-100.0
701,low,0,28.0,9.0,5.5,A,-100.0
702,medium,1,4.0,6.0,1.9,B,-15.5
703,high,3,9.0,8.0,8.0,A,-19.8
704,low,2,16.0,4.0,5.3,A,-100.0
705,low,0,1.0,31.0,2.1,A,15.0
706,none,0,7.0,4.0,7.2,A,-100.0
707,low,2,6.0,4.0,2.1,A,-100.0
708,high,1,34.0,10.0,8.7,B,-100.0
709,none,3,10.0,13.0,9.0,A,-8.1
710,medium,1,2.0,37.0,2.7,A,15.0
711,none,1,13.0,14.0,8.4,A,-11.4
712,high,3,3.0,16.0,6.4,D,6.7
713,medium,1,9.0,20.0,5.5,A,7.0
714,high,0,9.0,14.0,9.1,A,-6.3
715,high,0,4.0,26.0,5.2,A,15.0
716,low,3,15.0,29.0,6.5,A,15.0
717,medium,1,9.0,9.0,5.5,A,-16.1
718,medium,0,7.0,15.0,5.2,A,-0.0
719,low,2,2.0,27.0,3.8,A,15.0
720,low,1,1.0,24.0,3.1,A,15.0
721,none,0,3.0,12.0,4.1,A,-0.1
722,medium,1,10.0,14.0,3.1,A,-8.5
723,medium,2,11.0,2.0,10.0,A,-100.0
724,low,0,14.0,12.0,2.5,A,-19.6
725,medium,1,4.0,1.0,3.3,A,-100.0
726,low,2,10.0,5.0,9.4,A,-100.0
727,medium,1,7.0,7.0,5.5,C,-16.8
728,low,2,9.0,30.0,6.5,B,15.0
729,high,0,9.0,23.0,9.8,C,12.9
730,low,2,35.0,3.0,7.0,D,-100.0
731,none,2,6.0,29.0,9.9,C,15.0
732,high,2,13.0,2.0,3.4,A,-100.0
733,low,1,25.0,4.0,3.7,C,-100.0
734,medium,0,2.0,9.0,8.4,A,-2.3
735,low,4,6.0,0.0,3.4,D,-100.0
736,high,3,16.0,14.0,9.7,C,-18.6
737,high,1,3.0,4.0,9.1,A,-16.9
738,low,3,5.0,2.0,9.5,A,-100.0
739,medium,1,30.0,4.0,9.4,A,-100.0
740,,2,20.0,19.0,7.7,C,-13.6
741,none,3,12.0,7.0,4.6,A,-100.0
742,medium,2,3.0,6.0,5.5,A,-12.0
743,medium,0,0.0,7.0,1.5,A,-6.4
744,low,3,7.0,12.0,9.3,A,-4.2
745,medium,1,13.0,1.0,2.9,A,-100.0
746,medium,0,7.0,1.0,8.6,A,-100.0
747,medium,3,16.0,1.0,1.5,A,-100.0
748,none,1,5.0,42.0,8.1,A,15.0
749,high,2,4.0,4.0,2.7,A,-100.0
750,medium,2,1.0,1.0,9.2,A,-17.1
751,medium,1,15.0,5.0,10.0,A,-100.0
752,none,0,2.0,37.0,2.9,A,15.0
753,high,1,11.0,8.0,,D,
754,medium,3,1.0,30.0,8.6,D,15.0
755,none,2,5.0,10.0,9.4,A,-5.4
756,medium,0,17.0,6.0,7.7,A,-100.0
757,none,1,15.0,7.0,6.4,D,-100.0
758,high,1,13.0,5.0,7.1,A,-100.0
759,high,1,7.0,1.0,3.3,A,-100.0
760,high,3,4.0,6.0,2.5,A,-18.0
761,medium,0,11.0,6.0,6.7,C,-100.0
762,low,1,28.0,0.0,5.7,A,-100.0
763,medium,0,2.0,10.0,2.1,C,-3.4
764,none,4,17.0,8.0,8.6,C,-100.0
765,medium,1,6.0,20.0,8.9,A,13.9
766,low,1,18.0,26.0,3.7,A,3.3
767,medium,0,14.0,7.0,9.5,A,-100.0
768,none,1,10.0,6.0,6.5,A,-100.0
769,low,0,3.0,7.0,8.3,A,-7.9
770,medium,1,5.0,7.0,4.3,C,-13.9
771,low,0,14.0,36.0,3.1,A,15.0
772,medium,3,7.0,1.0,1.5,C,-100.0
773,medium,1,9.0,1.0,8.7,B,-100.0
774,low,4,31.0,2.0,2.0,A,-100.0
775,,0,3.0,6.0,1.4,A,-14.1
776,medium,1,1.0,2.0,9.8,A,-14.7
777,high,1,11.0,21.0,8.8,D,4.6
778,high,2,13.0,5.0,4.5,A,-100.0
779,none,3,36.0,20.0,1.8,D,-100.0
780,none,1,7.0,5.0,8.9,B,-19.5
781,high,1,13.0,1.0,9.1,A,-100.0
782,low,1,3.0,25.0,9.8,A,15.0
783,high,1,5.0,11.0,8.2,B,-6.2
784,low,1,3.0,21.0,2.4,A,15.0
785,medium,3,6.0,14.0,4.9,A,-0.9
786,high,1,15.0,6.0,8.8,B,-100.0
787,medium,3,6.0,14.0,2.8,B,-1.9
788,low,0,14.0,7.0,5.7,C,-100.0
789,low,1,5.0,4.0,7.3,A,-18.3
790,low,2,3.0,24.0,3.2,B,15.0
791,low,0,13.0,0.0,9.3,C,-100.0
792,low,2,14.0,1.0,8.4,A,-100.0
793,low,4,5.0,28.0,9.8,B,15.0
794,high,0,19.0,14.0,9.3,C,-100.0
795,high,1,9.0,8.0,4.0,A,-100.0
796,high,2,1.0,2.0,8.5,A,-18.0
797,high,1,14.0,8.0,6.7,A,-100.0
798,medium,2,9.0,15.0,8.9,A,-1.9
799,medium,1,7.0,20.0,9.7,A,12.6
800,low,2,13.0,20.0,1.9,D,-1.5
801,high,0,6.0,6.0,9.3,A,-17.8
802,high,2,6.0,17.0,6.0,A,3.5
803,medium,1,6.0,1.0,8.6,A,-100.0
804,low,3,17.0,15.0,9.1,A,-15.5
805,,1,9.0,5.0,9.1,A,-100.0
806,low,1,3.0,5.0,3.7,A,-14.5
807,medium,4,12.0,12.0,5.1,A,-15.5
808,low,3,8.0,0.0,9.4,B,-100.0
809,high,1,15.0,3.0,2.9,A,-100.0
810,low,1,15.0,4.0,3.6,B,-100.0
811,low,0,3.0,8.0,7.3,A,-6.3
812,medium,1,6.0,25.0,9.6,A,15.0
813,high,0,11.0,5.0,8.1,A,-100.0
814,low,0,2.0,26.0,9.2,A,15.0
815,low,1,7.0,23.0,9.6,C,15.0
816,none,2,6.0,16.0,9.8,A,5.7
817,high,3,7.0,15.0,9.4,A,-0.9
818,medium,1,4.0,8.0,6.3,A,-9.1
819,none,1,3.0,8.0,7.3,A,-7.0
820,high,3,4.0,15.0,2.5,A,0.9
821,high,0,1.0,10.0,,A,
822,low,2,5.0,23.0,8.6,B,15.0
823,medium,4,2.0,6.0,9.4,A,-8.5
824,medium,1,12.0,11.0,9.5,A,-15.2
825,high,3,18.0,4.0,9.5,C,-100.0
826,medium,0,12.0,11.0,4.4,A,-17.6
827,high,2,2.0,0.0,3.7,A,-100.0
828,none,0,13.0,2.0,2.7,A,-100.0
829,high,2,5.0,27.0,7.3,A,15.0
830,low,1,11.0,11.0,4.2,C,-15.7
831,low,0,16.0,1.0,2.8,A,-100.0
832,low,1,1.0,1.0,1.4,B,-100.0
833,none,3,1.0,3.0,6.6,A,-14.6
834,high,1,5.0,24.0,9.9,A,15.0
835,low,4,9.0,28.0,5.4,A,15.0
836,medium,0,21.0,9.0,7.0,A,-100.0
837,none,2,10.0,8.0,9.0,A,-18.5
838,high,1,15.0,11.0,2.5,A,-100.0
839,low,2,6.0,0.0,8.3,A,-100.0
840,medium,3,10.0,30.0,8.6,A,15.0
841,low,3,2.0,6.0,5.6,A,-9.9
842,low,0,3.0,17.0,2.2,A,10.0
843,medium,0,8.0,7.0,7.5,A,-17.4
844,none,1,21.0,6.0,1.6,A,-100.0
845,low,1,5.0,6.0,8.4,A,-13.6
846,medium,3,21.0,3.0,8.2,C,-100.0
847,medium,0,11.0,14.0,2.6,C,-10.4
848,none,2,7.0,36.0,7.6,A,15.0
849,high,3,9.0,14.0,9.3,A,-6.5
850,none,4,9.0,2.0,8.7,A,-100.0
851,none,1,4.0,6.0,2.2,D,-15.5
852,low,0,12.0,4.0,8.2,A,-100.0
853,high,0,10.0,0.0,1.9,A,-100.0
854,high,0,7.0,23.0,8.4,B,15.0
855,low,1,12.0,14.0,6.5,A,-10.0
856,,2,10.0,5.0,9.3,A,-100.0
857,high,3,3.0,19.0,5.8,C,12.7
858,none,2,5.0,6.0,9.9,A,-13.5
859,low,2,36.0,20.0,2.6,C,-100.0
860,medium,4,16.0,17.0,2.7,A,-13.3
861,medium,3,7.0,41.0,9.8,A,15.0
862,low,1,5.0,50.0,9.8,B,15.0
863,high,2,1.0,6.0,6.9,C,-10.4
864,high,3,6.0,11.0,9.9,D,-7.3
865,medium,2,13.0,40.0,7.6,A,15.0
866,low,2,1.0,29.0,5.6,B,15.0
867,medium,2,12.0,15.0,6.1,C,-8.6
868,high,1,11.0,17.0,10.0,A,-3.2
869,high,1,7.0,5.0,9.0,A,-100.0
870,low,1,9.0,2.0,4.6,B,-100.0
871,none,2,13.0,10.0,8.9,A,-19.6
872,medium,4,21.0,0.0,1.6,C,-100.0
873,high,0,17.0,5.0,3.2,A,-100.0
874,high,2,9.0,0.0,2.8,B,-100.0
875,low,0,18.0,4.0,9.1,C,-100.0
876,high,1,10.0,6.0,4.7,C,-100.0
877,medium,4,4.0,37.0,1.2,A,15.0
878,none,2,24.0,14.0,3.7,A,-100.0
879,none,0,12.0,11.0,5.5,A,-17.3
880,high,3,19.0,10.0,9.5,C,-100.0
881,medium,0,11.0,11.0,8.2,A,-13.9
882,medium,2,2.0,20.0,9.8,B,15.0
883,none,4,11.0,24.0,3.9,A,10.6
884,high,1,2.0,14.0,8.5,A,5.5
885,high,1,7.0,4.0,7.8,A,-100.0
886,low,1,1.0,8.0,5.5,A,-3.8
887,low,3,12.0,1.0,8.9,A,-100.0
888,none,3,14.0,16.0,8.9,A,-8.9
889,low,3,18.0,11.0,3.7,A,-100.0
890,high,0,15.0,9.0,6.8,B,-100.0
891,high,0,17.0,4.0,6.2,A,-100.0
892,low,2,4.0,5.0,1.4,B,-17.5
893,none,1,15.0,6.0,9.2,A,-100.0
894,high,0,9.0,42.0,8.6,A,15.0
895,low,2,11.0,15.0,4.8,A,-7.1
896,high,0,14.0,0.0,4.1,A,-100.0
897,low,0,14.0,14.0,6.4,A,-13.4
898,medium,3,5.0,16.0,8.8,A,7.1
899,none,0,14.0,1.0,3.3,C,-100.0
900,low,3,4.0,5.0,8.2,A,-14.2
901,low,0,12.0,50.0,8.4,D,15.0
902,medium,3,21.0,7.0,8.9,A,-100.0
903,high,0,7.0,18.0,7.9,A,5.0
904,none,0,14.0,4.0,9.8,C,-100.0
905,,2,2.0,28.0,2.9,B,15.0
906,medium,3,10.0,3.0,2.2,C,-100.0
907,high,1,25.0,12.0,9.3,A,-100.0
908,low,0,14.0,12.0,1.3,A,-100.0
909,low,1,6.0,36.0,8.7,A,15.0
910,low,0,4.0,4.0,5.6,A,-17.3
911,medium,1,11.0,7.0,10.0,A,-100.0
912,none,0,10.0,16.0,9.6,A,-1.2
913,low,1,3.0,2.0,9.9,A,-17.7
914,high,1,13.0,7.0,3.4,D,-100.0
915,medium,1,3.0,3.0,9.7,A,-16.1
916,low,0,3.0,8.0,8.2,A,-5.9
917,none,0,10.0,9.0,4.0,C,-18.7
918,none,3,4.0,3.0,9.4,A,-18.4
919,high,3,13.0,7.0,8.8,A,-100.0
920,none,1,16.0,16.0,9.8,A,-11.7
921,,2,3.0,6.0,9.5,A,-10.2
922,low,1,1.0,7.0,9.8,A,-3.8
923,high,2,5.0,8.0,7.9,C,-12.7
924,none,1,7.0,4.0,8.1,A,-100.0
925,low,1,8.0,9.0,4.7,C,-14.4
926,high,3,2.0,6.0,7.8,A,-11.8
927,medium,1,3.0,8.0,2.9,A,-9.0
928,low,0,34.0,1.0,9.7,C,-100.0
929,low,0,10.0,4.0,1.6,A,-100.0
930,low,2,14.0,25.0,9.0,A,10.8
931,none,1,8.0,15.0,8.6,B,-0.4
932,medium,2,7.0,0.0,2.9,A,-100.0
933,high,3,6.0,1.0,8.8,B,-100.0
934,low,1,9.0,4.0,9.8,A,-100.0
935,low,2,1.0,9.0,9.3,D,0.1
936,low,2,7.0,10.0,7.0,A,-9.5
937,low,1,16.0,2.0,3.9,A,-100.0
938,low,0,5.0,1.0,8.6,C,-100.0
939,high,1,1.0,11.0,5.6,A,-0.5
940,medium,2,9.0,12.0,1.1,A,-12.1
941,low,5,6.0,23.0,8.8,B,15.0
942,low,0,18.0,5.0,8.6,A,-100.0
943,high,2,5.0,2.0,1.2,C,-100.0
944,medium,1,4.0,16.0,3.3,C,6.2
945,none,0,18.0,13.0,3.1,C,-100.0
946,high,2,12.0,0.0,6.9,A,-100.0
947,none,1,33.0,18.0,9.2,A,-100.0
948,high,0,4.0,10.0,8.8,A,-6.1
949,high,1,21.0,37.0,3.8,A,15.0
950,high,3,8.0,42.0,3.1,A,15.0
951,low,0,8.0,2.0,3.2,C,-100.0
952,none,2,5.0,5.0,5.2,A,-18.0
953,low,3,6.0,5.0,7.7,A,-18.0
954,high,2,11.0,4.0,2.7,C,-100.0
955,low,2,4.0,3.0,8.3,B,-18.3
956,none,1,7.0,3.0,9.8,A,-100.0
957,high,0,3.0,1.0,3.6,A,-100.0
958,high,1,2.0,50.0,1.5,B,15.0
959,high,0,2.0,16.0,2.0,A,6.6
960,medium,2,1.0,9.0,4.8,A,-2.5
961,medium,2,4.0,50.0,5.1,A,15.0
962,medium,0,7.0,4.0,8.4,C,-100.0
963,none,2,13.0,0.0,3.1,A,-100.0
964,medium,0,26.0,1.0,8.9,A,-100.0
965,medium,1,27.0,1.0,6.8,D,-100.0
966,none,2,20.0,7.0,1.9,C,-100.0
967,low,1,5.0,23.0,8.8,A,15.0
968,none,3,13.0,7.0,3.3,B,-100.0
969,medium,1,26.0,35.0,1.8,A,6.9
970,low,1,21.0,1.0,8.5,A,-100.0
971,low,1,4.0,14.0,4.4,C,3.0
972,high,1,0.0,6.0,9.3,C,-7.4
973,high,2,34.0,19.0,4.5,A,-100.0
974,high,0,8.0,8.0,4.4,B,-19.5
975,low,3,5.0,23.0,6.9,C,15.0
976,medium,1,28.0,1.0,2.5,D,-100.0
977,high,2,6.0,8.0,6.7,A,-15.1
978,low,2,5.0,2.0,4.1,A,-100.0
979,medium,2,2.0,1.0,9.0,A,-19.0
980,medium,0,9.0,23.0,8.3,C,14.8
981,high,1,31.0,0.0,2.7,A,-100.0
982,low,3,24.0,5.0,5.4,C,-100.0
983,low,2,2.0,0.0,3.9,D,-100.0
984,none,2,4.0,19.0,3.5,B,12.3
985,,2,9.0,14.0,9.9,A,-3.7
986,medium,0,4.0,16.0,3.7,B,6.5
987,none,0,14.0,34.0,9.2,D,15.0
988,high,0,28.0,14.0,7.3,C,-100.0
989,high,3,3.0,10.0,8.5,A,-4.8
990,none,1,10.0,0.0,8.2,A,-100.0
991,high,3,10.0,7.0,3.7,C,-100.0
992,high,3,3.0,7.0,,D,
993,low,0,4.0,20.0,9.0,A,15.0
994,high,2,12.0,50.0,9.5,A,15.0
995,high,0,12.0,3.0,9.7,C,-100.0
996,low,1,15.0,10.0,9.9,D,-100.0
997,medium,0,11.0,3.0,8.3,A,-100.0
998,high,2,7.0,4.0,3.9,A,-100.0
999,none,1,6.0,11.0,8.7,C,-5.3
1000,medium,1,9.0,5.0,6.7,A,-100.0
1001,high,1,17.0,7.0,9.2,A,-100.0
1002,medium,2,2.0,14.0,3.9,A,5.7
1003,none,3,13.0,12.0,9.8,A,-15.1
1004,high,0,8.0,22.0,5.8,B,10.6
1005,low,1,30.0,22.0,3.9,C,-100.0
1006,high,3,,2.0,2.1,C,
1007,high,2,11.0,12.0,4.9,A,-16.3
1008,high,1,10.0,2.0,9.8,A,-100.0
1009,low,1,7.0,5.0,4.2,A,-100.0
1010,high,1,8.0,20.0,1.6,A,4.2
1011,high,2,11.0,19.0,9.3,A,0.6
1012,low,3,3.0,13.0,2.3,A,1.4
1013,high,0,22.0,1.0,3.3,A,-100.0
1014,medium,2,10.0,7.0,6.6,A,-100.0
1015,low,3,5.0,22.0,6.4,A,15.0
1016,high,0,11.0,50.0,,D,
1017,medium,0,14.0,14.0,6.0,A,-14.0
1018,high,1,8.0,1.0,3.0,A,-100.0
1019,high,0,3.0,14.0,2.0,C,0.6
1020,high,2,18.0,1.0,9.4,A,-100.0
1021,none,0,3.0,19.0,3.0,A,14.0
1022,none,2,14.0,18.0,8.8,C,-4.6
1023,none,0,5.0,17.0,1.5,B,5.6
1024,medium,0,9.0,18.0,2.6,A,1.5
1025,medium,2,15.0,0.0,3.7,A,-100.0
1026,high,1,29.0,3.0,2.0,A,-100.0
1027,low,2,12.0,2.0,2.0,C,-100.0
1028,low,0,8.0,12.0,1.5,A,-9.6
1029,high,1,4.0,4.0,8.9,A,-18.8
1030,high,1,8.0,5.0,8.1,A,-100.0
1031,high,1,40.0,9.0,10.0,C,-100.0
1032,medium,1,17.0,19.0,8.8,C,-7.4
1033,high,0,,11.0,7.8,C,
1034,low,3,3.0,6.0,5.8,A,-11.6
1035,,2,9.0,4.0,9.6,C,-100.0
1036,none,1,11.0,28.0,9.5,D,15.0
1037,medium,1,11.0,36.0,9.7,D,15.0
1038,high,2,11.0,12.0,8.8,A,-14.4
1039,medium,1,10.0,0.0,8.6,B,-100.0
1040,none,1,15.0,28.0,1.3,A,11.0
1041,medium,2,4.0,21.0,7.0,D,15.0
1042,low,2,15.0,2.0,9.8,A,-100.0
1043,low,2,5.0,3.0,1.9,A,-100.0
1044,high,0,9.0,2.0,6.8,A,-100.0
1045,low,0,17.0,44.0,8.1,A,15.0
1046,low,0,10.0,9.0,9.7,A,-15.3
1047,low,1,17.0,5.0,8.2,A,-100.0
1048,low,2,10.0,2.0,8.5,C,-100.0
1049,none,0,20.0,5.0,9.2,B,-100.0
1050,high,1,15.0,11.0,8.2,A,-100.0
1051,medium,2,18.0,25.0,6.4,B,2.1
1052,medium,1,23.0,22.0,6.4,D,-12.8
1053,high,0,4.0,0.0,8.6,A,-100.0
1054,high,4,2.0,33.0,1.1,C,15.0
1055,low,4,12.0,18.0,5.9,C,-2.2
1056,none,1,4.0,7.0,9.4,C,-9.8
1057,high,1,33.0,13.0,9.8,C,-100.0
1058,high,1,5.0,11.0,8.7,C,-5.9
1059,none,1,2.0,23.0,8.6,C,15.0
1060,high,4,17.0,2.0,3.7,C,-100.0
1061,medium,1,20.0,3.0,4.6,A,-100.0
1062,none,3,13.0,1.0,2.4,A,-100.0
1063,high,2,9.0,46.0,4.3,A,15.0
1064,,3,18.0,7.0,3.9,A,-100.0
1065,medium,2,5.0,0.0,7.1,A,-100.0
1066,low,0,9.0,19.0,9.7,A,7.5
1067,none,1,15.0,12.0,2.3,C,-100.0
1068,high,0,3.0,19.0,9.8,A,15.0
1069,low,3,1.0,1.0,1.6,A,-100.0
1070,none,1,8.0,4.0,2.0,B,-100.0
1071,low,1,18.0,1.0,8.4,A,-100.0
1072,high,0,14.0,5.0,3.3,A,-100.0
1073,high,2,4.0,32.0,1.3,A,15.0
1074,low,0,8.0,6.0,1.6,A,-100.0
1075,none,1,1.0,17.0,8.3,A,15.0
1076,high,0,6.0,1.0,7.0,A,-100.0
1077,low,0,5.0,4.0,6.8,A,-18.5
1078,high,2,10.0,16.0,8.4,C,-4.4
1079,high,5,23.0,19.0,10.0,A,-100.0
1080,medium,1,13.0,32.0,5.0,A,15.0
1081,medium,0,6.0,19.0,9.3,A,12.2
1082,low,3,18.0,4.0,8.8,A,-100.0
1083,low,0,10.0,9.0,6.6,A,-16.8
1084,low,3,4.0,6.0,8.3,C,-12.1
1085,low,1,4.0,1.0,9.3,A,-100.0
1086,high,2,3.0,6.0,9.0,A,-12.9
1087,medium,2,8.0,7.0,3.1,C,-19.8
1088,none,0,2.0,8.0,8.8,D,-4.4
1089,none,2,11.0,12.0,7.2,A,-12.8
1090,medium,2,14.0,0.0,8.5,A,-100.0
1091,none,1,14.0,37.0,9.1,B,15.0
1092,high,1,20.0,14.0,9.7,C,-100.0
1093,low,3,,8.0,7.2,C,
1094,none,3,17.0,14.0,2.5,C,-100.0
1095,low,4,4.0,1.0,7.7,C,-100.0
1096,medium,4,5.0,2.0,2.1,A,-100.0
1097,low,2,8.0,8.0,6.8,D,-15.5
1098,,2,9.0,5.0,2.0,A,-100.0
1099,low,3,3.0,5.0,4.8,A,-14.2
1100,none,1,8.0,12.0,9.5,C,-6.3
1101,none,1,16.0,27.0,2.8,A,7.9
1102,low,1,6.0,24.0,2.4,A,15.0
1103,none,4,4.0,15.0,7.3,A,5.6
1104,low,0,10.0,6.0,2.3,C,-100.0
1105,high,1,3.0,19.0,4.0,A,12.0
1106,high,0,13.0,0.0,8.7,C,-100.0
1107,medium,2,32.0,0.0,3.7,A,-100.0
1108,high,3,10.0,2.0,6.4,A,-100.0
1109,none,1,9.0,16.0,9.8,A,0.5
1110,none,4,4.0,5.0,4.6,A,-16.7
1111,high,1,22.0,4.0,1.1,A,-100.0
1112,medium,1,10.0,18.0,5.0,A,0.8
1113,medium,1,3.0,15.0,8.2,A,8.4
1114,low,3,1.0,45.0,9.2,A,15.0
1115,high,4,14.0,6.0,9.8,C,-100.0
1116,medium,1,12.0,18.0,8.1,A,-1.2
1117,high,0,36.0,40.0,4.9,D,-1.1
1118,high,1,9.0,1.0,1.7,A,-100.0
1119,none,1,11.0,13.0,9.2,A,-9.6
1120,low,1,13.0,2.0,2.0,A,-100.0
1121,high,2,1.0,4.0,,D,
1122,low,1,7.0,1.0,9.3,C,-100.0
1123,high,4,22.0,7.0,5.1,A,-100.0
1124,none,2,3.0,2.0,8.4,A,-19.2
1125,medium,0,15.0,0.0,7.0,A,-100.0
1126,medium,5,7.0,6.0,8.9,C,-17.6
1127,medium,2,5.0,20.0,9.6,C,15.0
1128,low,4,7.0,4.0,1.7,A,-100.0
1129,low,2,11.0,44.0,3.2,C,15.0
1130,medium,2,7.0,12.0,9.6,A,-4.4
1131,low,1,3.0,16.0,3.2,A,8.3
1132,low,4,7.0,16.0,8.4,A,3.6
1133,none,2,2.0,4.0,1.9,A,-16.5
1134,low,2,6.0,19.0,5.7,A,10.5
1135,low,2,6.0,13.0,5.5,C,-2.2
1136,high,1,21.0,41.0,1.5,A,15.0
1137,none,0,3.0,3.0,9.8,A,-16.2
1138,low,2,15.0,15.0,1.4,A,-15.8
1139,low,0,7.0,4.0,3.7,A,-100.0
1140,medium,1,23.0,30.0,2.7,D,2.1
1141,none,2,2.0,6.0,2.0,A,-12.2
1142,high,0,5.0,4.0,3.2,A,-100.0
1143,low,0,17.0,5.0,9.8,A,-100.0
1144,high,1,5.0,5.0,1.0,A,-100.0
1145,low,1,7.0,7.0,2.5,A,-17.9
1146,medium,2,2.0,1.0,5.1,B,-100.0
1147,low,1,7.0,8.0,4.7,D,-14.7
1148,medium,1,7.0,0.0,5.6,B,-100.0
1149,high,0,3.0,22.0,9.9,A,15.0
1150,none,1,14.0,11.0,4.0,A,-100.0
1151,none,1,9.0,13.0,5.7,A,-7.8
1152,medium,2,3.0,35.0,9.7,B,15.0
1153,medium,3,1.0,29.0,1.0,A,15.0
1154,low,3,15.0,35.0,9.3,B,15.0
1155,medium,1,4.0,2.0,8.7,B,-100.0
1156,low,2,19.0,21.0,8.5,B,-6.6
1157,low,2,15.0,7.0,5.7,B,-100.0
1158,low,0,13.0,19.0,8.3,A,-0.2
1159,high,2,18.0,5.0,3.9,C,-100.0
1160,medium,4,2.0,10.0,8.6,A,-0.5
1161,low,4,33.0,13.0,4.2,B,-100.0
1162,none,0,17.0,21.0,7.6,B,-4.0
1163,medium,1,3.0,4.0,2.1,C,-17.8
1164,high,3,15.0,3.0,9.9,A,-100.0
1165,high,3,17.0,4.0,5.5,A,-100.0
1166,low,1,3.0,9.0,4.4,A,-5.8
1167,medium,3,8.0,6.0,9.6,A,-18.8
1168,none,1,5.0,22.0,10.0,A,15.0
1169,low,0,15.0,27.0,9.3,C,13.6
1170,medium,0,13.0,5.0,7.6,C,-100.0
1171,none,2,4.0,22.0,5.3,B,15.0
1172,low,1,7.0,14.0,8.4,C,-0.3
1173,medium,1,5.0,2.0,5.3,A,-100.0
1174,high,0,10.0,14.0,1.0,B,-12.1
1175,none,2,10.0,37.0,9.1,A,15.0
1176,medium,1,20.0,3.0,9.9,A,-100.0
1177,high,1,24.0,7.0,,D,
1178,low,1,8.0,13.0,6.8,A,-4.9
1179,low,0,13.0,4.0,1.6,A,-100.0
1180,low,1,13.0,4.0,7.4,A,-100.0
1181,high,2,16.0,3.0,2.7,C,-100.0
1182,none,0,2.0,3.0,6.0,A,-16.3
1183,medium,2,1.0,1.0,9.1,A,-17.2
1184,low,0,6.0,16.0,9.9,A,6.5
1185,high,1,4.0,14.0,8.7,A,2.1
1186,high,0,12.0,7.0,9.0,A,-100.0
1187,high,1,4.0,5.0,9.0,B,-16.6
1188,medium,2,21.0,14.0,1.4,B,-100.0
1189,high,1,15.0,26.0,8.7,A,8.1
1190,high,1,13.0,1.0,1.7,A,-100.0
1191,none,2,22.0,9.0,1.1,A,-100.0
1192,medium,0,4.0,2.0,8.4,A,-100.0
1193,none,1,13.0,7.0,9.5,A,-100.0
1194,high,1,4.0,3.0,5.3,A,-100.0
1195,medium,3,11.0,3.0,8.3,D,-100.0
1196,high,0,30.0,7.0,8.8,A,-100.0
1197,medium,1,5.0,24.0,6.3,A,15.0
1198,high,0,8.0,12.0,8.9,A,-8.9
1199,high,1,1.0,32.0,1.5,A,15.0
1200,none,2,9.0,5.0,8.9,A,-100.0
1201,medium,2,11.0,14.0,1.1,C,-11.4
1202,high,1,6.0,1.0,7.2,A,-100.0
1203,high,2,2.0,14.0,9.4,A,5.9
1204,low,3,12.0,4.0,2.5,C,-100.0
1205,none,0,12.0,22.0,3.5,A,4.8
1206,none,2,23.0,5.0,2.2,A,-100.0
1207,none,2,13.0,6.0,1.7,B,-100.0
1208,none,2,5.0,11.0,9.7,C,-3.1
1209,none,1,11.0,16.0,1.7,B,-7.0
1210,low,1,6.0,41.0,8.6,A,15.0
1211,medium,0,16.0,50.0,4.9,A,15.0
1212,low,2,16.0,27.0,6.0,D,10.0
1213,medium,2,2.0,12.0,9.9,A,4.5
1214,none,1,15.0,13.0,1.4,A,-100.0
1215,high,0,3.0,10.0,2.0,A,-7.8
1216,medium,1,19.0,2.0,9.0,A,-100.0
1217,low,2,7.0,4.0,8.2,B,-100.0
1218,low,0,18.0,4.0,2.0,A,-100.0
1219,high,0,10.0,6.0,5.2,A,-100.0
1220,high,2,23.0,37.0,3.8,A,14.6
1221,high,2,4.0,42.0,4.4,A,15.0
1222,high,2,23.0,2.0,7.1,A,-100.0
1223,medium,2,9.0,2.0,2.5,A,-100.0
1224,low,1,5.0,23.0,8.4,B,15.0
1225,medium,1,13.0,5.0,2.1,A,-100.0
1226,high,2,8.0,28.0,2.6,C,15.0
1227,high,2,16.0,1.0,1.5,A,-100.0
1228,medium,1,10.0,5.0,8.0,A,-100.0
1229,high,1,2.0,2.0,1.6,A,-100.0
1230,low,0,3.0,24.0,6.0,C,15.0
1231,medium,4,3.0,25.0,6.9,B,15.0
1232,low,0,3.0,27.0,7.7,A,15.0
1233,low,2,4.0,24.0,9.7,A,15.0
1234,low,0,4.0,8.0,1.2,A,-11.1
1235,medium,1,19.0,0.0,8.9,A,-100.0
1236,high,5,8.0,14.0,9.3,A,-5.0
1237,none,2,5.0,8.0,4.9,A,-11.8
1238,high,2,27.0,5.0,3.4,A,-100.0
1239,high,1,10.0,1.0,8.3,C,-100.0
1240,low,0,5.0,29.0,3.1,A,15.0
1241,medium,3,11.0,32.0,9.8,C,15.0
1242,medium,1,4.0,3.0,4.9,C,-100.0
1243,low,0,11.0,6.0,3.6,C,-100.0
1244,low,3,40.0,6.0,3.3,B,-100.0
1245,medium,1,15.0,5.0,2.0,A,-100.0
1246,high,1,16.0,21.0,7.6,B,-4.7
1247,none,0,11.0,6.0,9.0,A,-100.0
1248,low,0,19.0,10.0,8.9,A,-100.0
1249,low,3,6.0,5.0,5.1,A,-19.3
1250,high,3,6.0,0.0,3.2,A,-100.0
1251,none,1,8.0,1.0,2.9,C,-100.0
1252,high,2,8.0,3.0,7.2,C,-100.0
1253,medium,3,33.0,8.0,9.0,A,-100.0
1254,medium,4,2.0,9.0,2.9,A,-5.4
1255,low,2,27.0,3.0,7.0,A,-100.0
1256,low,4,17.0,12.0,3.5,A,-100.0
1257,high,0,8.0,28.0,2.3,B,
1258,low,0,9.0,8.0,2.6,A,-19.2
1259,medium,2,15.0,2.0,7.2,B,-100.0
1260,low,2,0.0,9.0,9.9,A,2.1
1261,high,4,19.0,19.0,2.0,C,-17.3
1262,medium,0,3.0,0.0,9.2,A,-100.0
1263,low,0,,4.0,4.5,C,
1264,high,2,8.0,12.0,9.4,D,-8.8
1265,high,1,11.0,31.0,4.1,C,15.0
1266,low,2,13.0,7.0,1.1,A,-100.0
1267,high,2,2.0,5.0,8.6,A,-13.4
1268,none,1,25.0,14.0,9.4,B,-100.0
1269,,1,5.0,19.0,1.4,A,9.6
1270,high,1,9.0,10.0,5.1,A,-16.8
1271,high,3,12.0,6.0,5.9,A,-100.0
1272,low,1,9.0,0.0,3.0,A,-100.0
1273,high,3,23.0,18.0,4.4,A,-100.0
1274,medium,0,6.0,12.0,9.0,A,-2.7
1275,high,0,40.0,5.0,5.1,A,-100.0
1276,none,2,15.0,8.0,6.0,A,-100.0
1277,medium,0,13.0,3.0,2.9,A,-100.0
1278,high,1,7.0,30.0,9.8,C,15.0
1279,medium,2,13.0,4.0,2.9,A,-100.0
1280,high,3,,35.0,8.6,C,
1281,high,1,5.0,13.0,2.7,A,-4.7
1282,high,2,4.0,1.0,9.8,C,-100.0
1283,low,2,12.0,13.0,6.8,C,-12.0
1284,medium,0,20.0,28.0,1.3,C,2.5
1285,high,0,6.0,10.0,6.6,A,-10.7
1286,,1,10.0,36.0,6.6,C,15.0
1287,low,0,17.0,14.0,9.1,A,-17.3
1288,low,1,5.0,3.0,9.8,A,-19.2
1289,high,2,4.0,37.0,9.2,D,15.0
1290,low,1,17.0,6.0,9.9,A,-100.0
1291,medium,1,5.0,5.0,10.0,D,-15.2
1292,high,1,9.0,0.0,2.6,C,-100.0
1293,low,0,3.0,22.0,8.1,A,15.0
1294,low,0,15.0,10.0,1.6,B,-100.0
1295,low,0,19.0,14.0,1.7,A,-100.0
1296,low,1,12.0,29.0,6.9,A,15.0
1297,none,1,7.0,50.0,1.8,A,15.0
1298,high,0,4.0,2.0,1.3,A,-100.0
1299,low,2,7.0,7.0,9.4,A,-14.6
1300,high,0,10.0,13.0,8.6,A,-10.4
1301,low,1,10.0,10.0,10.0,A,-13.1
1302,low,4,10.0,0.0,8.7,C,-100.0
1303,low,4,9.0,5.0,1.2,D,-100.0
1304,low,3,19.0,12.0,9.0,A,-100.0
1305,high,2,5.0,1.0,8.1,A,-100.0
1306,none,0,2.0,9.0,7.9,A,-2.8
1307,high,2,8.0,23.0,5.2,A,12.2
1308,high,0,4.0,2.0,2.3,A,-100.0
1309,high,1,8.0,3.0,9.5,A,-100.0
1310,low,1,5.0,17.0,6.1,A,8.4
1311,high,2,38.0,4.0,9.6,B,-100.0
1312,low,2,12.0,23.0,8.1,C,9.6
1313,none,2,8.0,17.0,9.1,A,3.9
1314,none,0,2.0,4.0,9.2,C,-12.6
1315,medium,1,17.0,43.0,4.5,B,15.0
1316,medium,0,16.0,4.0,5.8,A,-100.0
1317,low,1,11.0,8.0,9.8,A,-19.2
1318,low,1,16.0,36.0,8.8,A,15.0
1319,medium,5,9.0,16.0,2.1,A,-3.5
1320,low,1,7.0,4.0,2.9,B,-100.0
1321,none,1,10.0,25.0,3.2,B,14.4
1322,medium,1,6.0,6.0,2.4,A,-18.7
1323,none,2,2.0,5.0,8.1,A,-11.3
1324,none,1,24.0,7.0,8.2,A,-100.0
1325,low,0,5.0,16.0,9.9,B,8.3
1326,none,2,6.0,4.0,6.6,A,-100.0
1327,high,0,7.0,6.0,3.1,A,-100.0
1328,none,2,9.0,1.0,5.5,A,-100.0
1329,high,1,6.0,8.0,5.2,A,-15.7
1330,medium,3,8.0,48.0,8.6,A,15.0
1331,medium,1,6.0,2.0,5.9,A,-100.0
1332,none,1,8.0,9.0,3.1,C,-15.8
1333,none,2,4.0,20.0,8.9,C,15.0
1334,medium,0,13.0,50.0,3.6,A,15.0
1335,medium,3,15.0,1.0,3.6,A,-100.0
1336,medium,1,8.0,14.0,9.1,A,-2.0
1337,none,2,12.0,24.0,8.6,A,11.4
1338,medium,4,1.0,2.0,3.9,A,-17.9
1339,high,0,5.0,8.0,7.1,A,-12.9
1340,medium,1,10.0,1.0,3.0,A,-100.0
1341,high,2,12.0,17.0,2.7,A,-8.7
1342,high,2,9.0,7.0,8.5,A,-100.0
1343,high,1,36.0,3.0,1.6,A,-100.0
1344,high,0,18.0,11.0,2.4,A,-100.0
1345,high,1,4.0,0.0,9.2,C,-100.0
1346,medium,1,9.0,16.0,2.0,B,-3.2
1347,high,1,4.0,4.0,6.2,B,-100.0
1348,high,3,7.0,11.0,10.0,A,-9.0
1349,low,1,17.0,7.0,9.2,A,-100.0
1350,medium,1,2.0,9.0,3.3,C,-5.0
1351,low,0,9.0,1.0,4.7,C,-100.0
1352,low,1,4.0,10.0,9.5,A,-2.9
1353,low,1,34.0,24.0,1.2,A,-100.0
1354,high,3,22.0,3.0,3.1,C,-100.0
1355,high,3,19.0,12.0,4.7,B,-100.0
1356,none,3,11.0,13.0,7.5,A,-10.6
1357,high,0,12.0,13.0,9.9,C,-13.3
1358,medium,2,20.0,27.0,2.2,C,0.7
1359,high,2,7.0,7.0,8.7,B,-17.9
1360,medium,2,14.0,3.0,5.8,D,-100.0
1361,medium,3,6.0,6.0,7.6,B,-16.3
1362,medium,0,10.0,4.0,2.1,A,-100.0
1363,low,1,7.0,27.0,1.2,C,15.0
1364,low,0,18.0,7.0,6.3,D,-100.0
1365,high,2,3.0,1.0,4.9,A,-100.0
1366,low,1,7.0,13.0,2.3,A,-5.4
1367,low,3,26.0,50.0,1.9,A,15.0
1368,low,0,13.0,13.0,1.4,A,-16.3
1369,high,1,7.0,2.0,7.5,A,-100.0
1370,none,2,18.0,25.0,8.3,A,2.8
1371,low,1,11.0,23.0,9.1,B,12.0
1372,medium,1,1.0,0.0,8.6,A,-19.5
1373,high,3,5.0,11.0,2.7,D,-9.1
1374,medium,1,12.0,8.0,8.1,C,-100.0
1375,low,2,5.0,9.0,7.1,C,-8.0
1376,high,2,12.0,0.0,4.6,A,-100.0
1377,medium,1,14.0,11.0,6.6,A,-100.0
1378,medium,0,17.0,21.0,3.3,A,-5.9
1379,medium,1,8.0,11.0,6.2,B,-9.8
1380,low,2,1.0,21.0,2.3,A,15.0
1381,high,1,6.0,1.0,6.3,A,-100.0
1382,high,2,3.0,6.0,8.7,C,-13.0
1383,high,2,13.0,14.0,1.9,B,-17.1
1384,low,1,1.0,11.0,1.7,C,0.6
1385,high,2,13.0,19.0,4.2,D,-5.5
1386,high,1,13.0,0.0,4.1,C,-100.0
1387,medium,2,9.0,29.0,3.9,A,15.0
1388,low,0,11.0,4.0,9.7,A,-100.0
1389,none,2,1.0,16.0,,A,
1390,high,0,,8.0,3.6,C,
1391,low,0,12.0,18.0,2.2,A,-3.6
1392,medium,0,3.0,35.0,2.6,A,15.0
1393,none,4,19.0,21.0,9.0,A,-7.2
1394,low,0,9.0,1.0,9.3,D,-100.0
1395,high,1,12.0,3.0,9.5,A,-100.0
1396,medium,1,6.0,2.0,2.0,D,-100.0
1397,none,2,8.0,2.0,9.4,A,-100.0
1398,high,7,8.0,5.0,6.1,C,-100.0
1399,low,1,10.0,3.0,3.3,C,-100.0
1400,high,3,8.0,11.0,2.0,B,-14.7
1401,high,2,3.0,12.0,7.8,A,-0.9
1402,high,1,10.0,5.0,8.3,C,-100.0
1403,low,2,11.0,11.0,5.2,A,-15.3
1404,medium,2,1.0,4.0,8.1,C,-11.4
1405,low,1,6.0,13.0,3.0,A,-3.3
1406,low,3,9.0,1.0,1.9,A,-100.0
1407,low,2,4.0,3.0,5.5,A,-19.7
1408,medium,2,2.0,2.0,8.3,A,-17.2
1409,medium,2,4.0,1.0,3.4,A,-100.0
1410,high,1,15.0,10.0,6.7,A,-100.0
1411,low,3,6.0,8.0,2.1,A,-14.5
1412,none,1,,4.0,8.7,C,
1413,low,0,10.0,5.0,5.3,A,-100.0
1414,medium,1,10.0,5.0,9.6,A,-100.0
1415,high,2,10.0,12.0,9.4,A,-12.3
1416,low,3,6.0,11.0,9.9,A,-4.3
1417,high,2,6.0,0.0,7.7,C,-100.0
1418,low,2,6.0,11.0,9.8,A,-4.2
1419,none,2,9.0,12.0,5.0,A,-10.4
1420,none,0,7.0,8.0,9.8,A,-12.7
1421,high,1,13.0,7.0,6.8,D,-100.0
1422,medium,0,6.0,5.0,8.0,A,-17.9
1423,high,1,6.0,43.0,3.6,C,15.0
1424,medium,1,7.0,11.0,8.9,C,-6.7
1425,medium,2,40.0,21.0,1.6,B,-100.0
1426,medium,1,14.0,11.0,7.9,C,-19.4
1427,low,1,2.0,11.0,4.3,B,0.1
1428,low,2,12.0,2.0,8.1,A,-100.0
1429,low,1,10.0,14.0,2.0,A,-8.7
1430,low,3,14.0,4.0,9.8,C,-100.0
1431,high,1,15.0,30.0,1.8,C,13.0
1432,medium,2,10.0,23.0,2.0,A,9.7
1433,low,2,8.0,1.0,9.6,C,-100.0
1434,none,0,16.0,0.0,9.8,A,-100.0
1435,none,3,6.0,2.0,3.8,A,-100.0
1436,high,1,7.0,7.0,8.2,A,-18.1
1437,low,0,12.0,1.0,9.8,A,-100.0
1438,high,0,4.0,46.0,5.7,A,15.0
1439,none,2,3.0,5.0,9.5,B,-12.3
1440,none,1,4.0,7.0,9.3,A,-9.9
1441,medium,3,2.0,37.0,5.3,D,15.0
1442,low,2,15.0,39.0,9.6,D,15.0
1443,high,1,2.0,12.0,4.9,A,-0.5
1444,low,0,2.0,0.0,9.2,A,-100.0
1445,medium,3,9.0,19.0,9.5,A,6.7
1446,none,3,10.0,5.0,8.3,A,-100.0
1447,none,3,3.0,48.0,8.9,A,15.0
1448,low,1,25.0,13.0,1.3,C,-100.0
1449,low,0,3.0,1.0,1.1,A,-100.0
1450,high,3,4.0,19.0,1.2,A,8.7
1451,low,1,26.0,0.0,5.8,A,-100.0
1452,none,0,2.0,0.0,1.1,A,-100.0
1453,none,1,4.0,13.0,1.7,A,-1.1
1454,medium,2,7.0,8.0,2.3,B,-16.4
1455,high,0,7.0,10.0,2.0,A,-14.8
1456,none,1,8.0,3.0,3.7,A,-100.0
1457,low,0,9.0,13.0,7.7,D,-6.1
1458,high,1,4.0,11.0,3.2,B,-6.9
1459,low,1,8.0,32.0,5.9,A,15.0
1460,high,1,12.0,27.0,2.5,A,12.3
1461,medium,3,10.0,4.0,5.5,C,-100.0
1462,medium,3,1.0,9.0,4.4,A,-2.8
1463,high,1,5.0,6.0,5.4,D,-18.1
1464,medium,1,1.0,13.0,,A,
1465,none,2,9.0,26.0,3.6,C,15.0
1466,low,1,8.0,3.0,5.0,A,-100.0
1467,medium,1,8.0,1.0,3.3,A,-100.0
1468,medium,2,2.0,3.0,4.3,A,-17.1
1469,medium,0,5.0,16.0,1.5,C,3.7
1470,high,1,7.0,11.0,4.3,A,-11.6
1471,low,1,15.0,9.0,7.3,C,
1472,medium,2,6.0,10.0,8.1,C,-7.6
1473,high,1,8.0,12.0,4.7,A,-11.1
1474,low,0,5.0,25.0,8.3,A,15.0
1475,none,1,17.0,21.0,3.7,D,-6.0
1476,medium,0,2.0,21.0,2.6,A,15.0
1477,high,2,22.0,18.0,8.5,A,-100.0
1478,high,0,10.0,5.0,8.5,D,-100.0
1479,high,2,7.0,33.0,8.2,D,15.0
1480,high,0,4.0,7.0,8.6,A,-12.5
1481,low,1,10.0,16.0,4.8,D,-3.1
1482,none,1,4.0,9.0,9.3,A,-5.7
1483,high,1,26.0,3.0,8.6,A,-100.0
1484,medium,8,9.0,6.0,9.2,C,-100.0
1485,low,2,8.0,10.0,8.3,A,-10.6
1486,high,2,26.0,3.0,2.6,A,-100.0
1487,medium,0,5.0,10.0,4.6,B,-7.4
1488,high,0,11.0,14.0,1.8,A,-13.5
1489,high,1,10.0,6.0,2.3,C,-100.0
1490,low,0,1.0,7.0,3.6,B,-6.8
1491,high,3,8.0,2.0,6.3,A,-100.0
1492,low,5,12.0,5.0,8.3,A,-100.0
1493,medium,2,,10.0,4.8,C,
1494,high,1,10.0,6.0,3.4,A,-100.0
1495,high,1,9.0,20.0,3.4,A,3.3
1496,low,1,1.0,11.0,6.4,A,2.9
1497,low,1,31.0,15.0,8.4,A,-100.0
1498,high,1,22.0,11.0,2.9,A,-100.0
1499,medium,1,10.0,1.0,8.3,C,-100.0
1500,low,0,16.0,5.0,5.0,D,-100.0
1501,medium,0,3.0,24.0,5.5,C,15.0
1502,high,1,,31.0,2.4,C,
1503,medium,3,12.0,3.0,2.2,A,-100.0
1504,low,1,6.0,14.0,1.3,C,-2.1
1505,high,0,8.0,3.0,1.9,A,-100.0
1506,medium,4,23.0,9.0,8.4,A,-100.0
1507,none,3,8.0,5.0,8.5,A,-100.0
1508,low,0,9.0,0.0,3.1,A,-100.0
1509,medium,1,4.0,2.0,4.4,A,-100.0
1510,high,2,2.0,0.0,2.2,A,-100.0
1511,high,1,13.0,0.0,1.8,A,-100.0
1512,high,0,19.0,9.0,1.7,C,-100.0
1513,low,3,3.0,17.0,6.6,B,11.9
1514,high,4,10.0,7.0,6.6,A,-100.0
1515,low,3,12.0,19.0,3.5,A,-1.2
1516,medium,1,14.0,2.0,8.2,A,-100.0
1517,medium,2,13.0,42.0,8.1,B,15.0
1518,medium,1,8.0,12.0,8.5,A,-6.6
1519,medium,2,9.0,8.0,3.4,A,-19.3
1520,high,1,11.0,15.0,2.6,A,-11.1
1521,none,3,10.0,25.0,9.1,A,15.0
1522,none,1,24.0,50.0,3.2,A,15.0
1523,low,2,7.0,16.0,8.3,A,3.8
1524,low,3,4.0,5.0,7.3,A,-14.7
1525,medium,0,6.0,0.0,8.4,A,-100.0
1526,high,2,6.0,9.0,7.5,A,-12.6
1527,low,0,2.0,2.0,1.7,A,-20.0
1528,none,1,14.0,23.0,9.6,A,6.4
1529,high,2,4.0,0.0,5.9,A,-100.0
1530,none,2,8.0,2.0,9.4,B,-100.0
1531,low,2,15.0,16.0,9.1,A,-9.8
1532,high,1,3.0,17.0,8.1,A,9.9
1533,high,1,13.0,2.0,7.1,A,-100.0
1534,high,3,2.0,50.0,9.2,A,15.0
1535,high,0,8.0,4.0,1.1,A,-100.0
1536,medium,1,3.0,5.0,4.2,C,-14.7
1537,none,2,3.0,6.0,5.9,A,-12.0
1538,high,2,7.0,18.0,2.2,A,1.9
1539,none,2,16.0,10.0,8.6,A,-100.0
1540,high,1,3.0,22.0,2.9,C,15.0
1541,none,0,5.0,13.0,9.7,A,1.3
1542,high,4,8.0,3.0,3.5,A,-100.0
1543,high,2,13.0,2.0,3.0,C,-100.0
1544,low,0,5.0,6.0,2.3,A,-16.5
1545,low,1,10.0,8.0,1.7,A,-100.0
1546,medium,2,2.0,10.0,4.4,A,-2.4
1547,,1,1.0,14.0,2.8,A,6.8
1548,medium,2,11.0,7.0,8.7,A,-100.0
1549,low,1,4.0,50.0,5.5,A,15.0
1550,high,1,2.0,8.0,9.3,C,-6.7
1551,high,1,22.0,3.0,1.1,A,-100.0
1552,low,1,12.0,16.0,2.6,B,-7.7
1553,low,0,6.0,10.0,4.8,A,-8.6
1554,none,3,9.0,3.0,8.1,C,-100.0
1555,low,2,31.0,2.0,9.3,C,-100.0
1556,low,3,19.0,37.0,9.3,A,15.0
1557,low,1,5.0,6.0,9.8,C,-12.9
1558,low,1,11.0,4.0,4.4,B,-100.0
1559,high,0,4.0,10.0,8.3,D,-6.4
1560,medium,0,6.0,7.0,3.6,A,-15.9
1561,none,0,8.0,7.0,4.8,B,-19.0
1562,medium,1,4.0,7.0,3.6,B,-12.5
1563,high,1,17.0,28.0,5.0,A,6.9
1564,low,2,10.0,22.0,3.1,B,8.5
1565,high,1,27.0,35.0,4.5,C,3.9
1566,low,4,7.0,1.0,7.8,A,-100.0
1567,medium,0,6.0,7.0,6.4,D,-14.5
1568,,1,4.0,3.0,9.4,D,-18.2
1569,high,4,2.0,2.0,8.4,A,-100.0
1570,none,3,14.0,13.0,8.5,C,-15.4
1571,low,4,3.0,3.0,5.8,C,-18.0
1572,high,1,26.0,7.0,1.1,A,-100.0
1573,high,1,5.0,33.0,4.2,A,15.0
1574,low,1,11.0,8.0,6.7,C,-100.0
1575,high,2,27.0,7.0,4.5,D,-100.0
1576,high,1,16.0,12.0,2.0,A,-100.0
1577,medium,2,9.0,3.0,7.3,A,-100.0
1578,medium,0,6.0,31.0,3.3,B,15.0
1579,none,1,11.0,0.0,9.9,A,-100.0
1580,low,3,8.0,0.0,9.9,A,-100.0
1581,low,1,23.0,1.0,2.0,A,-100.0
1582,low,1,18.0,1.0,9.1,A,-100.0
1583,medium,0,4.0,22.0,9.9,C,15.0
1584,medium,2,12.0,4.0,4.9,A,-100.0
1585,low,2,13.0,13.0,9.0,A,-12.7
1586,none,4,6.0,4.0,7.8,A,-100.0
1587,medium,1,5.0,50.0,4.8,C,15.0
1588,none,2,11.0,6.0,3.6,B,-100.0
1589,low,1,3.0,4.0,6.5,A,-15.2
1590,,0,22.0,24.0,7.2,A,-6.6
1591,low,1,3.0,5.0,6.2,B,-13.3
1592,medium,1,3.0,11.0,9.1,A,0.4
1593,high,2,3.0,5.0,9.7,A,-14.6
1594,high,1,15.0,3.0,7.7,B,-100.0
1595,low,0,13.0,1.0,1.6,A,-100.0
1596,high,1,5.0,4.0,9.9,A,-100.0
1597,medium,1,2.0,8.0,,A,
1598,high,1,6.0,43.0,9.9,A,15.0
1599,high,0,4.0,13.0,8.1,C,-0.2
1600,high,3,16.0,8.0,3.6,A,-100.0
1601,low,0,3.0,1.0,1.2,A,-100.0
1602,none,1,1.0,3.0,2.2,A,-16.6
1603,medium,4,4.0,6.0,9.4,A,-12.0
1604,medium,0,3.0,22.0,8.2,B,15.0
1605,low,2,10.0,1.0,7.2,A,-100.0
1606,none,0,2.0,50.0,6.2,A,15.0
1607,high,1,8.0,2.0,9.5,B,-100.0
1608,none,3,4.0,7.0,4.6,A,-12.4
1609,none,4,8.0,8.0,2.9,A,-18.3
1610,high,0,1.0,3.0,9.5,C,-15.2
1611,low,0,2.0,1.0,9.9,C,-18.0
1612,low,2,40.0,31.0,6.5,B,-100.0
1613,high,3,12.0,19.0,8.0,B,-1.9
1614,medium,1,2.0,46.0,8.8,A,15.0
1615,none,1,13.0,6.0,9.9,C,-100.0
1616,low,0,7.0,9.0,9.5,A,-10.1
1617,medium,0,8.0,21.0,8.7,D,12.6
1618,low,1,15.0,8.0,3.5,A,-100.0
1619,medium,1,9.0,17.0,9.1,A,2.5
1620,low,0,4.0,2.0,2.0,A,-100.0
1621,high,1,1.0,4.0,10.0,A,-13.0
1622,low,1,10.0,3.0,3.2,D,-100.0
1623,medium,2,13.0,12.0,1.0,A,-19.2
1624,high,0,18.0,6.0,1.2,A,-100.0
1625,high,1,16.0,7.0,8.3,A,-100.0
1626,none,2,4.0,1.0,6.3,C,-100.0
1627,medium,0,7.0,14.0,2.6,A,-3.4
1628,high,1,4.0,21.0,6.5,B,15.0
1629,none,2,2.0,7.0,3.5,A,-9.4
1630,high,1,6.0,2.0,8.3,A,-100.0
1631,none,1,8.0,2.0,3.8,A,-100.0
1632,low,3,4.0,0.0,8.8,B,-100.0
1633,low,0,13.0,8.0,2.9,C,-100.0
1634,none,1,19.0,13.0,6.1,A,-100.0
1635,medium,2,6.0,4.0,2.1,C,-100.0
1636,medium,0,17.0,50.0,7.3,A,15.0
1637,low,1,1.0,5.0,8.9,A,-8.4
1638,low,2,27.0,1.0,6.5,A,-100.0
1639,low,2,10.0,3.0,5.6,A,-100.0
1640,medium,2,16.0,1.0,3.5,A,-100.0
1641,high,0,11.0,2.0,6.5,A,-100.0
1642,low,0,2.0,1.0,6.4,A,-19.7
1643,low,1,5.0,15.0,4.0,C,3.1
1644,high,0,4.0,19.0,8.5,A,12.6
1645,none,0,2.0,11.0,3.6,A,-0.7
1646,low,2,7.0,3.0,8.9,B,-100.0
1647,low,1,18.0,6.0,1.2,A,-100.0
1648,low,0,35.0,7.0,6.4,A,-100.0
1649,medium,1,4.0,16.0,7.6,C,8.4
1650,medium,3,23.0,4.0,8.8,C,-100.0
1651,high,2,2.0,7.0,6.3,C,-10.4
1652,medium,2,12.0,9.0,2.6,A,-100.0
1653,medium,3,5.0,12.0,1.0,A,-5.2
1654,low,0,6.0,23.0,5.8,A,15.0
1655,high,1,9.0,4.0,2.2,A,-100.0
1656,low,0,9.0,14.0,7.3,D,-4.2
1657,none,0,4.0,8.0,1.5,A,-11.6
1658,medium,0,7.0,2.0,6.9,A,-100.0
1659,low,1,16.0,6.0,8.8,B,-100.0
1660,high,0,9.0,6.0,9.6,C,-100.0
1661,none,1,13.0,11.0,,D,
1662,high,1,6.0,4.0,3.4,A,-100.0
1663,none,1,4.0,5.0,4.4,A,-16.5
1664,medium,1,4.0,4.0,8.4,A,-16.4
1665,low,3,12.0,21.0,9.5,A,6.0
1666,none,1,11.0,3.0,7.7,A,-100.0
1667,medium,2,9.0,1.0,6.6,A,-100.0
1668,high,2,24.0,1.0,4.1,C,-100.0
1669,high,3,9.0,17.0,2.4,A,-3.7
1670,low,1,9.0,27.0,8.9,A,15.0
1671,,2,15.0,12.0,8.3,A,-19.2
1672,high,0,5.0,10.0,3.4,A,-10.6
1673,none,1,14.0,27.0,2.2,A,11.1
1674,medium,1,15.0,3.0,9.7,A,-100.0
1675,medium,3,1.0,10.0,3.6,A,-1.1
1676,none,3,7.0,5.0,10.0,A,-19.2
1677,high,0,30.0,1.0,9.4,C,-100.0
1678,none,4,11.0,6.0,9.7,A,-100.0
1679,high,2,11.0,14.0,5.7,A,-11.7
1680,low,2,10.0,5.0,6.2,A,-100.0
1681,,2,19.0,23.0,3.6,A,-5.5
1682,high,1,0.0,32.0,3.2,A,15.0
1683,high,0,16.0,16.0,5.4,A,-16.2
1684,low,2,5.0,3.0,9.1,D,-19.6
1685,low,1,27.0,7.0,9.3,A,-100.0
1686,low,0,3.0,5.0,8.3,C,-12.1
1687,low,3,7.0,9.0,2.2,A,-14.1
1688,low,3,7.0,0.0,2.7,A,-100.0
1689,medium,2,9.0,21.0,8.0,A,10.3
1690,none,1,10.0,17.0,5.6,C,-1.2
1691,medium,1,9.0,5.0,5.0,A,-100.0
1692,low,0,17.0,14.0,2.0,A,-100.0
1693,high,1,6.0,8.0,1.4,C,-17.6
1694,medium,2,12.0,1.0,9.0,A,-100.0
1695,high,4,6.0,8.0,1.6,A,-17.8
1696,none,0,18.0,0.0,8.5,C,-100.0
1697,high,2,7.0,13.0,6.4,C,-6.5
1698,high,1,6.0,20.0,7.9,A,10.8
1699,high,2,16.0,34.0,8.3,C,15.0
1700,medium,0,7.0,5.0,5.5,A,-100.0
1701,low,0,6.0,7.0,8.7,A,-13.0
1702,medium,1,9.0,9.0,9.4,C,-14.2
1703,high,1,11.0,14.0,7.0,A,-11.0
1704,low,3,8.0,36.0,2.1,A,15.0
1705,high,1,6.0,14.0,8.7,C,-1.4
1706,low,3,4.0,15.0,2.2,B,3.8
1707,low,1,3.0,6.0,2.6,A,-13.0
1708,medium,2,2.0,16.0,3.7,A,9.9
1709,none,1,7.0,2.0,8.5,A,-100.0
1710,medium,1,5.0,2.0,8.9,B,-100.0
1711,low,2,32.0,5.0,9.3,C,-100.0
1712,high,2,14.0,9.0,1.8,A,-100.0
1713,high,1,10.0,14.0,9.5,B,-8.0
1714,high,0,10.0,29.0,3.5,A,15.0
1715,medium,4,12.0,4.0,8.8,B,-100.0
1716,high,1,4.0,20.0,9.3,D,15.0
1717,high,3,3.0,3.0,7.5,A,-100.0
1718,high,1,14.0,2.0,5.8,A,-100.0
1719,none,1,11.0,6.0,3.1,C,-100.0
1720,low,1,6.0,15.0,9.2,D,4.0
1721,,0,,22.0,9.3,C,
1722,high,0,4.0,13.0,8.8,A,0.2
1723,none,1,5.0,7.0,6.0,A,-13.3
1724,medium,1,3.0,0.0,1.3,C,-100.0
1725,low,3,18.0,2.0,7.9,A,-100.0
1726,low,3,5.0,12.0,2.8,A,-4.0
1727,high,1,6.0,6.0,9.2,A,-17.9
1728,high,2,9.0,12.0,6.0,C,-12.3
1729,low,0,10.0,6.0,2.6,A,-100.0
1730,high,2,5.0,9.0,2.0,A,-13.6
1731,none,1,6.0,1.0,5.9,A,-100.0
1732,low,3,6.0,5.0,9.7,A,-17.0
1733,low,2,1.0,12.0,7.2,A,5.3
1734,medium,2,5.0,23.0,9.2,B,15.0
1735,medium,1,12.0,5.0,9.5,A,-100.0
1736,medium,0,8.0,10.0,9.1,A,-10.4
1737,low,1,27.0,1.0,8.0,A,-100.0
1738,low,1,16.0,4.0,7.6,A,-100.0
1739,medium,2,7.0,17.0,9.7,A,6.2
1740,medium,2,1.0,24.0,9.7,A,15.0
1741,low,4,9.0,1.0,9.9,A,-100.0
1742,high,1,9.0,7.0,1.5,A,-100.0
1743,medium,3,3.0,1.0,1.2,A,-100.0
1744,high,1,2.0,17.0,2.6,A,8.9
1745,low,1,0.0,6.0,6.0,A,-6.0
1746,,1,1.0,4.0,3.9,A,-13.6
1747,low,2,1.0,12.0,8.6,C,6.0
1748,medium,2,10.0,7.0,7.1,A,-100.0
1749,low,0,17.0,19.0,8.2,A,-7.3
1750,medium,0,12.0,5.0,9.3,A,-100.0
1751,high,1,10.0,0.0,6.7,A,-100.0
1752,none,1,5.0,11.0,2.3,A,-6.7
1753,low,1,,28.0,8.7,C,
1754,low,1,14.0,13.0,8.5,B,-14.6
1755,none,0,2.0,34.0,4.4,A,15.0
1756,high,5,1.0,9.0,9.7,A,-3.0
1757,none,2,28.0,27.0,6.8,A,-11.2
1758,high,5,20.0,10.0,9.9,A,-100.0
1759,medium,3,7.0,1.0,8.2,A,-100.0
1760,none,0,7.0,15.0,3.0,D,-1.4
1761,high,0,24.0,26.0,9.0,A,-7.4
1762,,1,10.0,9.0,2.6,A,-19.5
1763,high,2,20.0,2.0,6.5,A,-100.0
1764,medium,0,7.0,24.0,2.1,A,15.0
1765,high,1,16.0,0.0,8.7,A,-100.0
1766,medium,1,10.0,9.0,3.0,A,-19.1
1767,high,2,10.0,6.0,9.5,A,-100.0
1768,medium,3,31.0,1.0,9.7,D,-100.0
1769,medium,0,24.0,8.0,3.8,A,-100.0
1770,low,2,11.0,2.0,6.8,C,-100.0
1771,low,0,11.0,3.0,6.4,A,-100.0
1772,low,2,6.0,1.0,4.2,A,-100.0
1773,high,0,12.0,16.0,1.4,A,-11.2
1774,low,4,20.0,1.0,4.9,A,-100.0
1775,low,1,6.0,6.0,1.7,A,-18.7
1776,medium,0,10.0,6.0,8.7,A,-100.0
1777,none,1,17.0,1.0,10.0,A,-100.0
1778,medium,6,9.0,4.0,4.8,A,-100.0
1779,medium,0,4.0,22.0,5.9,C,15.0
1780,low,3,8.0,8.0,7.9,A,-15.1
1781,medium,0,6.0,5.0,2.9,A,-100.0
1782,high,2,2.0,3.0,2.7,A,-100.0
1783,medium,2,26.0,5.0,5.4,C,-100.0
1784,none,2,11.0,0.0,9.4,B,-100.0
1785,medium,0,9.0,1.0,8.8,B,-100.0
1786,medium,2,4.0,13.0,6.8,A,1.6
1787,none,3,19.0,7.0,9.2,A,-100.0
1788,low,1,7.0,6.0,8.2,C,-17.2
1789,high,1,15.0,16.0,3.1,A,-15.7
1790,none,2,6.0,26.0,9.2,A,15.0
1791,medium,2,4.0,11.0,8.4,A,-1.8
1792,low,1,3.0,5.0,5.8,A,-13.5
1793,low,1,12.0,8.0,3.7,A,-100.0
1794,medium,2,25.0,4.0,9.5,B,-100.0
1795,low,1,17.0,29.0,7.4,A,13.2
1796,high,1,7.0,8.0,9.8,A,-15.2
1797,medium,0,5.0,1.0,8.1,A,-100.0
1798,medium,2,5.0,1.0,6.7,A,-100.0
1799,high,0,9.0,15.0,5.1,A,-6.2
1800,low,0,19.0,8.0,3.7,A,-100.0
1801,medium,2,12.0,29.0,6.2,A,15.0
1802,,2,14.0,1.0,4.3,A,-100.0
1803,medium,1,10.0,0.0,8.7,A,-100.0
1804,high,2,5.0,8.0,8.5,C,-12.4
1805,high,0,11.0,31.0,9.4,A,15.0
1806,medium,2,2.0,3.0,8.6,A,-15.0
1807,high,0,17.0,16.0,8.2,A,-16.6
1808,low,0,7.0,39.0,8.1,A,15.0
1809,medium,5,3.0,6.0,7.5,A,-11.3
1810,low,2,14.0,3.0,6.2,C,-100.0
1811,high,3,3.0,4.0,2.3,A,-100.0
1812,none,3,7.0,38.0,4.7,A,15.0
1813,high,1,18.0,5.0,7.4,A,-100.0
1814,medium,1,9.0,15.0,9.7,B,-1.4
1815,high,2,18.0,5.0,8.8,A,-100.0
1816,medium,1,13.0,10.0,3.3,D,-100.0
1817,low,1,9.0,10.0,8.1,A,-12.3
1818,medium,1,13.0,25.0,1.9,D,8.7
1819,low,2,14.0,8.0,8.5,C,-100.0
1820,medium,0,24.0,16.0,6.8,C,-100.0
1821,high,3,40.0,31.0,5.2,B,-100.0
1822,low,0,31.0,1.0,9.9,A,-100.0
1823,medium,3,3.0,19.0,8.6,A,15.0
1824,low,2,7.0,2.0,2.1,C,-100.0
1825,medium,2,8.0,31.0,5.5,A,15.0
1826,low,1,4.0,14.0,8.1,A,4.8
1827,medium,1,28.0,12.0,1.5,C,-100.0
1828,low,3,2.0,12.0,10.0,B,4.9
1829,medium,0,4.0,5.0,3.2,A,-16.8
1830,low,2,4.0,1.0,9.6,C,-100.0
1831,high,2,12.0,11.0,5.8,A,-19.7
1832,high,2,15.0,14.0,1.1,B,-100.0
1833,high,3,21.0,5.0,3.5,A,-100.0
1834,medium,2,26.0,13.0,8.1,A,-100.0
1835,medium,1,11.0,1.0,9.7,B,-100.0
1836,medium,2,7.0,16.0,3.7,A,1.1
1837,high,1,4.0,5.0,5.4,C,-18.4
1838,low,2,9.0,5.0,2.0,A,-100.0
1839,medium,1,3.0,4.0,7.3,A,-15.2
1840,high,1,29.0,17.0,5.3,A,-100.0
1841,low,3,13.0,1.0,8.5,A,-100.0
1842,low,1,2.0,6.0,9.2,C,-7.9
1843,high,4,2.0,19.0,8.2,A,15.0
1844,medium,0,22.0,10.0,10.0,A,-100.0
1845,high,1,7.0,50.0,8.1,A,15.0
1846,low,1,3.0,47.0,1.5,C,15.0
1847,medium,3,7.0,20.0,4.2,A,9.6
1848,medium,2,5.0,7.0,4.0,A,-14.2
1849,low,1,9.0,6.0,10.0,A,-19.8
1850,high,1,3.0,4.0,9.3,A,-16.8
1851,none,1,4.0,16.0,8.3,A,8.5
1852,low,1,4.0,22.0,8.5,A,15.0
1853,high,2,15.0,25.0,2.3,A,2.7
1854,high,1,2.0,2.0,5.9,A,-100.0
1855,none,1,3.0,3.0,6.5,C,-17.9
1856,none,2,10.0,3.0,9.0,A,-100.0
1857,none,1,11.0,11.0,3.9,A,-16.4
1858,high,0,25.0,0.0,9.8,C,-100.0
1859,medium,1,5.0,4.0,2.2,C,-100.0
1860,high,1,7.0,3.0,7.2,A,-100.0
1861,high,1,13.0,8.0,9.0,A,-100.0
1862,low,1,14.0,0.0,4.6,A,-100.0
1863,high,3,13.0,25.0,8.2,B,9.0
1864,high,0,4.0,14.0,2.1,A,-1.1
1865,medium,3,5.0,15.0,1.7,A,1.4
1866,low,0,12.0,9.0,9.8,A,-18.7
1867,medium,1,5.0,16.0,7.0,A,6.3
1868,medium,0,9.0,21.0,4.8,A,8.8
1869,medium,2,8.0,34.0,9.0,A,15.0
1870,medium,1,2.0,7.0,,C,
1871,high,2,7.0,14.0,2.4,A,-6.4
1872,low,1,37.0,7.0,8.5,C,-100.0
1873,none,2,2.0,13.0,8.8,A,5.9
1874,none,2,24.0,13.0,9.0,A,-100.0
1875,medium,2,18.0,13.0,8.1,A,-100.0
1876,medium,0,18.0,2.0,9.1,A,-100.0
1877,low,0,4.0,22.0,8.3,B,15.0
1878,,0,9.0,11.0,9.6,A,-10.0
1879,low,2,3.0,20.0,8.2,A,15.0
1880,medium,1,10.0,9.0,2.5,B,-19.3
1881,high,2,7.0,5.0,8.1,A,-100.0
1882,medium,2,1.0,32.0,6.4,A,15.0
1883,none,2,15.0,29.0,8.5,A,15.0
1884,high,0,5.0,1.0,8.2,C,-100.0
1885,high,2,5.0,13.0,10.0,A,-1.2
1886,high,0,12.0,11.0,6.1,A,-19.4
1887,high,1,4.0,9.0,1.1,A,-12.2
1888,medium,3,2.0,4.0,9.3,C,-12.6
1889,medium,2,2.0,5.0,9.6,B,-10.3
1890,none,1,5.0,6.0,1.6,C,-17.6
1891,low,3,6.0,1.0,8.8,A,-100.0
1892,medium,3,40.0,3.0,7.6,A,-100.0
1893,high,1,30.0,6.0,1.5,A,-100.0
1894,high,2,4.0,16.0,9.2,A,6.5
1895,medium,2,5.0,14.0,9.1,D,3.1
1896,high,0,7.0,6.0,9.5,C,-19.4
1897,high,5,14.0,0.0,8.6,A,-100.0
1898,low,1,1.0,20.0,9.2,A,15.0
1899,low,1,15.0,7.0,9.9,A,-100.0
1900,low,2,16.0,7.0,4.9,C,-100.0
1901,medium,0,36.0,16.0,9.2,A,-100.0
1902,high,1,13.0,5.0,3.1,A,-100.0
1903,low,2,9.0,0.0,8.3,C,-100.0
1904,low,3,8.0,4.0,5.7,C,-100.0
1905,low,1,12.0,3.0,7.2,A,-100.0
1906,low,3,12.0,1.0,2.3,B,-100.0
1907,high,2,6.0,3.0,8.3,D,-100.0
1908,low,1,14.0,5.0,9.8,C,-100.0
1909,none,2,2.0,0.0,1.2,A,-100.0
1910,medium,2,5.0,28.0,8.5,A,15.0
1911,low,3,7.0,6.0,1.6,A,-100.0
1912,low,2,8.0,18.0,8.8,A,6.5
1913,medium,0,17.0,38.0,3.2,B,15.0
1914,high,2,7.0,1.0,6.7,C,-100.0
1915,none,3,5.0,28.0,6.6,A,15.0
1916,medium,1,7.0,10.0,8.5,C,-9.0
1917,high,0,10.0,14.0,6.1,C,-9.6
1918,high,0,30.0,19.0,9.0,A,-100.0
1919,low,2,18.0,50.0,9.6,A,15.0
1920,low,0,22.0,1.0,1.4,A,-100.0
1921,low,2,16.0,4.0,7.5,A,-100.0
1922,high,0,12.0,4.0,3.3,A,-100.0
1923,medium,1,1.0,19.0,5.4,A,15.0
1924,,1,4.0,4.0,8.5,C,-16.6
1925,low,0,1.0,12.0,6.7,A,5.3
1926,medium,3,17.0,4.0,8.2,A,-100.0
1927,none,1,16.0,14.0,6.3,A,-17.7
1928,low,1,20.0,2.0,5.4,C,-100.0
1929,medium,0,1.0,7.0,1.4,C,-8.3
1930,high,1,5.0,3.0,7.6,A,-100.0
1931,high,1,5.0,5.0,1.9,C,-100.0
1932,high,3,,7.0,,C,
1933,medium,2,10.0,13.0,4.4,A,-10.1
1934,medium,0,9.0,9.0,5.2,A,-16.2
1935,low,0,5.0,3.0,4.1,A,-100.0
1936,medium,1,2.0,11.0,2.2,A,-1.3
1937,medium,1,24.0,8.0,1.2,A,-100.0
1938,high,3,4.0,6.0,9.8,A,-14.3
1939,high,1,14.0,30.0,9.7,A,15.0
1940,high,0,6.0,42.0,2.3,A,15.0
1941,high,2,3.0,29.0,9.7,A,15.0
1942,low,3,9.0,11.0,3.0,A,-13.0
1943,low,2,5.0,10.0,9.0,C,-5.0
1944,low,0,5.0,11.0,2.6,A,-5.9
1945,low,2,5.0,18.0,5.1,A,9.9
1946,high,0,4.0,15.0,9.5,B,4.7
1947,low,0,5.0,10.0,5.5,A,-6.5
1948,high,2,18.0,20.0,9.5,A,-9.5
1949,high,1,7.0,3.0,1.8,C,-100.0
1950,low,0,5.0,4.0,2.5,C,-100.0
1951,none,3,10.0,39.0,6.5,A,15.0
1952,high,1,10.0,26.0,9.7,C,15.0
1953,none,1,7.0,3.0,5.1,C,-100.0
1954,none,0,18.0,11.0,3.5,B,-100.0
1955,medium,0,11.0,19.0,5.9,A,1.7
1956,high,2,5.0,41.0,8.1,C,15.0
1957,high,2,6.0,50.0,8.2,A,15.0
1958,low,0,6.0,0.0,10.0,A,-100.0
1959,low,4,7.0,1.0,8.7,A,-100.0
1960,low,1,20.0,2.0,7.0,A,-100.0
1961,medium,1,5.0,9.0,7.7,A,-8.0
1962,high,4,1.0,4.0,8.4,A,-14.1
1963,high,2,11.0,0.0,2.8,A,-100.0
1964,high,4,20.0,8.0,1.0,C,-100.0
1965,low,1,14.0,12.0,8.8,A,-16.5
1966,medium,0,15.0,16.0,2.4,A,-13.3
1967,high,0,9.0,3.0,4.3,C,-100.0
1968,high,3,12.0,7.0,8.5,A,-100.0
1969,high,2,2.0,3.0,1.5,A,-100.0
1970,none,5,2.0,26.0,2.0,A,15.0
1971,medium,2,2.0,36.0,9.5,A,15.0
1972,low,2,6.0,4.0,5.2,A,-100.0
1973,high,2,2.0,13.0,8.1,A,3.1
1974,low,3,7.0,14.0,2.5,A,-3.4
1975,high,2,10.0,6.0,4.9,A,-100.0
1976,medium,2,1.0,4.0,9.0,A,-10.9
1977,high,4,11.0,11.0,8.2,C,-17.0
1978,high,0,5.0,15.0,4.5,A,0.5
1979,high,1,18.0,0.0,8.6,C,-100.0
1980,none,2,9.0,19.0,2.7,C,3.2
1981,high,0,11.0,1.0,9.0,B,-100.0
1982,medium,0,14.0,1.0,9.3,A,-100.0
1983,none,4,10.0,32.0,3.9,B,15.0
1984,low,3,4.0,2.0,8.2,B,-100.0
1985,low,3,3.0,5.0,9.2,A,-12.0
1986,medium,2,22.0,24.0,8.8,A,-5.8
1987,medium,1,4.0,6.0,8.6,A,-12.1
1988,high,1,17.0,3.0,9.2,C,-100.0
1989,low,1,13.0,17.0,5.2,C,-6.1
1990,low,2,1.0,9.0,9.3,C,0.1
1991,high,3,9.0,30.0,3.4,A,15.0
1992,low,3,4.0,38.0,8.9,C,15.0
1993,low,1,16.0,24.0,6.9,A,4.2
1994,high,1,14.0,34.0,5.2,A,15.0
1995,low,2,5.0,14.0,3.2,C,0.5
1996,medium,3,8.0,12.0,9.3,A,-6.4
1997,high,1,8.0,36.0,6.3,B,15.0
1998,low,1,9.0,0.0,8.4,C,-100.0
1999,high,1,15.0,7.0,8.6,D,-100.0
2000,high,2,23.0,25.0,8.6,C,-8.2
2001,medium,0,31.0,5.0,8.3,B,-100.0
2002,high,0,11.0,1.0,2.3,A,-100.0
2003,low,3,13.0,4.0,9.0,C,-100.0
2004,low,3,12.0,3.0,8.5,A,-100.0
2005,low,1,4.0,10.0,5.3,C,-5.0
2006,high,1,5.0,20.0,6.6,D,11.9
2007,medium,2,7.0,6.0,8.6,A,-17.4
2008,low,2,12.0,1.0,7.8,C,-100.0
2009,medium,2,7.0,1.0,9.9,A,-100.0
2010,low,2,7.0,26.0,3.2,A,15.0
2011,low,1,9.0,1.0,3.4,A,-100.0
2012,high,1,12.0,2.0,8.6,A,-100.0
2013,none,0,12.0,12.0,2.8,A,-16.5
2014,low,2,9.0,21.0,6.5,A,9.9
2015,none,0,8.0,16.0,9.9,A,2.4
2016,high,4,20.0,0.0,2.2,A,-100.0
2017,low,0,23.0,28.0,3.7,A,-1.1
2018,low,1,12.0,6.0,2.0,A,-100.0
2019,medium,1,12.0,22.0,3.1,A,4.7
2020,high,1,1.0,25.0,2.7,A,15.0
2021,none,3,6.0,0.0,5.9,C,-100.0
2022,high,1,7.0,43.0,4.9,B,15.0
2023,high,2,8.0,6.0,7.7,A,-100.0
2024,low,2,8.0,37.0,9.7,A,15.0
2025,high,1,8.0,2.0,7.0,A,-100.0
2026,high,1,6.0,0.0,2.2,C,-100.0
2027,none,1,21.0,2.0,5.9,A,-100.0
2028,none,0,11.0,6.0,1.4,C,-100.0
2029,high,2,2.0,17.0,9.8,A,12.4
2030,high,2,18.0,1.0,5.3,A,-100.0
2031,high,1,10.0,33.0,8.0,D,15.0
2032,medium,1,4.0,1.0,3.8,A,-100.0
2033,none,1,21.0,42.0,6.6,A,15.0
2034,,2,12.0,2.0,9.4,A,-100.0
2035,high,1,12.0,8.0,8.0,A,-100.0
2036,medium,2,16.0,10.0,8.9,A,-100.0
2037,medium,0,9.0,9.0,3.6,A,-16.9
2038,high,4,5.0,7.0,4.9,A,-16.5
2039,high,2,37.0,15.0,6.1,A,-100.0
2040,high,1,3.0,7.0,1.3,B,-14.5
2041,low,2,17.0,27.0,5.8,A,8.1
2042,low,1,6.0,1.0,7.4,B,-100.0
2043,low,0,3.0,5.0,1.4,A,-15.6
2044,medium,0,1.0,4.0,4.9,A,-12.8
2045,low,0,1.0,3.0,9.6,C,-12.2
2046,none,1,6.0,3.0,9.3,A,-100.0
2047,high,1,16.0,17.0,1.3,A,-16.3
2048,high,2,5.0,5.0,9.0,A,-18.5
2049,high,1,27.0,32.0,9.2,A,-0.1
2050,medium,3,5.0,22.0,7.7,A,15.0
2051,medium,1,5.0,2.0,2.5,A,-100.0
2052,low,2,,10.0,1.7,C,
2053,medium,3,7.0,7.0,3.2,C,-18.2
2054,none,0,4.0,3.0,5.7,A,-20.0
2055,high,1,22.0,8.0,3.0,A,-100.0
2056,low,1,5.0,9.0,6.7,C,-8.1
2057,none,3,2.0,5.0,2.2,A,-14.3
2058,low,1,1.0,9.0,9.8,A,0.4
2059,low,1,21.0,4.0,2.0,C,-100.0
2060,low,3,5.0,18.0,9.0,C,11.7
2061,medium,3,,18.0,2.9,C,
2062,medium,1,13.0,17.0,7.3,C,-5.4
2063,medium,1,6.0,6.0,3.6,C,-18.1
2064,low,0,12.0,29.0,9.6,C,15.0
2065,none,0,5.0,1.0,2.4,D,-100.0
2066,low,0,11.0,22.0,2.8,C,6.8
2067,low,1,8.0,6.0,1.5,A,-100.0
2068,medium,3,9.0,8.0,9.5,A,-16.4
2069,medium,2,4.0,0.0,8.6,C,-100.0
2070,none,0,,9.0,8.8,C,
2071,medium,0,9.0,34.0,8.7,A,15.0
2072,high,1,8.0,11.0,2.4,C,-14.3
2073,high,1,2.0,9.0,3.9,A,-7.3
2074,low,1,13.0,10.0,1.5,C,-100.0
2075,medium,1,21.0,18.0,3.5,A,-19.2
2076,high,0,3.0,11.0,9.3,C,-2.0
2077,high,0,0.0,6.0,7.8,D,-8.0
2078,none,0,,2.0,9.9,C,
2079,low,0,5.0,36.0,8.9,C,15.0
2080,medium,1,34.0,5.0,1.3,A,-100.0
2081,low,1,13.0,7.0,2.2,A,-100.0
2082,medium,1,27.0,26.0,6.0,A,-11.7
2083,none,0,15.0,6.0,4.5,A,-100.0
2084,medium,2,4.0,9.0,9.2,A,-5.6
2085,high,1,2.0,6.0,5.2,A,-12.9
2086,medium,3,14.0,18.0,2.5,A,-7.6
2087,medium,1,6.0,10.0,3.3,A,-9.8
2088,medium,2,2.0,5.0,8.4,B,-10.9
2089,medium,0,14.0,4.0,9.7,C,-100.0
2090,none,3,4.0,11.0,9.0,B,-1.8
2091,high,3,6.0,18.0,6.6,C,5.8
2092,none,2,6.0,15.0,2.8,A,0.1
2093,low,1,10.0,1.0,9.6,A,-100.0
2094,none,0,4.0,15.0,9.8,C,7.3
2095,none,0,11.0,3.0,2.2,C,-100.0
2096,high,0,3.0,20.0,7.0,B,15.0
2097,medium,2,,5.0,6.2,C,
2098,high,3,7.0,9.0,7.2,A,-14.6
2099,high,0,5.0,4.0,7.4,A,-100.0
2100,medium,1,4.0,12.0,4.2,A,-1.7
2101,none,2,9.0,3.0,6.6,A,-100.0
2102,medium,1,7.0,12.0,5.5,B,-6.3
2103,high,1,8.0,8.0,2.5,A,-100.0
2104,none,3,7.0,15.0,1.5,C,-2.4
2105,none,6,20.0,5.0,7.3,A,-100.0
2106,,3,14.0,8.0,8.8,C,-100.0
2107,high,1,31.0,9.0,8.3,D,-100.0
2108,none,2,9.0,11.0,4.2,C,-12.9
2109,,0,23.0,23.0,1.0,D,-13.6
2110,low,1,20.0,2.0,8.6,C,-100.0
2111,low,2,14.0,8.0,9.3,A,-100.0
2112,medium,0,11.0,13.0,3.2,A,-12.2
2113,low,1,1.0,1.0,,A,
2114,low,3,31.0,3.0,1.7,A,-100.0
2115,high,2,2.0,14.0,1.8,A,2.1
2116,low,0,10.0,1.0,8.7,C,-100.0
2117,high,0,6.0,0.0,9.7,A,-100.0
2118,high,1,9.0,15.0,4.4,C,-6.7
2119,high,2,7.0,4.0,1.2,A,-100.0
2120,high,3,5.0,6.0,10.0,A,-16.0
2121,low,1,14.0,2.0,6.2,D,-100.0
2122,high,2,8.0,3.0,5.7,A,-100.0
2123,medium,2,7.0,26.0,6.2,C,15.0
2124,medium,1,19.0,17.0,8.1,A,-15.5
2125,high,1,6.0,1.0,8.4,A,-100.0
2126,high,1,13.0,13.0,2.2,A,-19.0
2127,low,2,2.0,8.0,2.7,A,-7.1
2128,medium,3,4.0,5.0,7.9,A,-14.7
2129,high,1,8.0,8.0,3.9,C,-19.9
2130,medium,1,13.0,29.0,7.5,A,15.0
2131,medium,4,5.0,7.0,3.0,B,-14.8
2132,none,2,21.0,5.0,6.3,A,-100.0
2133,high,3,15.0,4.0,2.0,A,-100.0
2134,high,1,9.0,26.0,5.8,A,15.0
2135,low,3,7.0,21.0,8.3,A,14.2
2136,none,0,4.0,3.0,5.9,C,-19.9
2137,none,0,9.0,8.0,9.2,C,-16.5
2138,high,2,1.0,1.0,6.2,A,-100.0
2139,high,2,9.0,22.0,9.8,D,10.6
2140,none,1,2.0,5.0,9.4,A,-10.5
2141,high,0,6.0,14.0,6.6,A,-2.3
2142,none,0,7.0,1.0,8.7,A,-100.0
2143,high,0,3.0,23.0,7.3,A,15.0
2144,none,1,9.0,40.0,7.1,A,15.0
2145,high,3,8.0,13.0,6.1,C,-8.5
2146,medium,1,23.0,18.0,4.8,C,-100.0
2147,low,1,23.0,1.0,8.1,A,-100.0
2148,high,2,40.0,9.0,7.5,C,-100.0
2149,low,2,20.0,11.0,7.2,A,-100.0
2150,low,2,5.0,27.0,9.3,A,15.0
2151,high,1,8.0,40.0,9.0,D,15.0
2152,medium,2,14.0,9.0,1.6,C,-100.0
2153,low,2,7.0,2.0,2.9,A,-100.0
2154,low,3,7.0,2.0,9.3,A,-100.0
2155,medium,0,11.0,26.0,3.0,D,14.9
2156,high,2,6.0,8.0,2.8,C,-17.0
2157,high,3,13.0,9.0,9.4,A,-100.0
2158,medium,2,3.0,3.0,6.9,A,-17.6
2159,none,0,12.0,18.0,2.3,C,-4.2
2160,none,1,18.0,11.0,9.8,A,-100.0
2161,,0,3.0,15.0,1.6,A,4.9
2162,medium,2,4.0,6.0,8.9,A,-12.1
2163,medium,0,9.0,2.0,6.9,A,-100.0
2164,high,1,14.0,5.0,9.1,C,-100.0
2165,low,0,11.0,2.0,1.2,C,-100.0
2166,none,2,6.0,16.0,2.1,A,1.8
2167,medium,2,7.0,8.0,8.6,A,-13.2
2168,high,5,11.0,3.0,5.5,A,-100.0
2169,high,2,8.0,28.0,7.9,A,15.0
2170,high,0,6.0,1.0,3.5,A,-100.0
2171,none,0,6.0,3.0,9.4,D,-100.0
2172,low,0,16.0,6.0,8.7,C,-100.0
2173,low,1,9.0,8.0,9.9,C,-15.6
2174,medium,0,4.0,21.0,8.2,A,15.0
2175,low,2,9.0,27.0,1.2,C,15.0
2176,high,0,10.0,6.0,7.2,A,-100.0
2177,high,2,9.0,9.0,9.1,A,-17.0
2178,none,0,13.0,4.0,3.5,A,-100.0
2179,high,1,16.0,26.0,8.8,C,6.4
2180,medium,2,10.0,25.0,3.1,A,14.5
2181,low,1,8.0,1.0,9.5,D,-100.0
2182,medium,2,4.0,17.0,3.4,D,8.3
2183,low,0,10.0,2.0,6.0,A,-100.0
2184,low,0,2.0,8.0,8.8,A,-3.8
2185,medium,1,11.0,11.0,8.5,A,-13.9
2186,none,0,4.0,2.0,8.4,A,-100.0
2187,high,1,5.0,10.0,10.0,C,-7.4
2188,high,1,28.0,2.0,4.8,A,-100.0
2189,high,0,3.0,50.0,9.6,A,15.0
2190,high,2,8.0,31.0,7.3,A,15.0
2191,medium,1,4.0,19.0,1.7,C,11.7
2192,low,1,7.0,15.0,8.8,A,
2193,none,2,14.0,14.0,9.9,D,-12.5
2194,medium,2,7.0,5.0,5.9,C,-100.0
2195,medium,1,18.0,2.0,3.4,B,-100.0
2196,low,2,23.0,29.0,2.8,A,0.3
2197,medium,3,5.0,0.0,8.0,A,-100.0
2198,medium,3,11.0,28.0,2.0,A,15.0
2199,medium,0,8.0,29.0,6.7,A,15.0
2200,low,2,22.0,34.0,9.0,A,15.0
2201,high,0,12.0,16.0,9.1,C,-7.4
2202,medium,1,10.0,11.0,3.8,A,-14.5
2203,high,0,6.0,18.0,1.1,A,3.3
2204,medium,2,3.0,0.0,7.8,B,-100.0
2205,medium,0,7.0,4.0,4.5,C,-100.0
2206,medium,1,17.0,2.0,9.6,C,-100.0
2207,low,2,13.0,11.0,3.4,A,-19.7
2208,low,0,14.0,18.0,5.2,A,-5.6
2209,high,0,7.0,8.0,3.9,A,-18.0
2210,high,3,29.0,2.0,2.4,D,-100.0
2211,high,0,4.0,15.0,6.5,A,3.2
2212,high,1,15.0,33.0,2.2,D,15.0
2213,none,5,4.0,21.0,2.2,A,15.0
2214,high,1,4.0,14.0,3.8,B,-0.3
2215,medium,3,8.0,20.0,2.3,A,6.9
2216,high,0,2.0,17.0,8.6,C,12.0
2217,low,2,8.0,11.0,2.3,A,-11.5
2218,,5,6.0,1.0,9.5,A,-100.0
2219,medium,1,,50.0,5.7,C,
2220,high,1,2.0,2.0,1.0,C,-100.0
2221,low,2,13.0,20.0,8.7,A,1.9
2222,high,3,16.0,12.0,8.2,A,-100.0
2223,low,1,8.0,40.0,2.3,A,15.0
2224,medium,2,6.0,3.0,7.6,C,-100.0
2225,none,3,7.0,2.0,8.5,A,-100.0
2226,medium,2,4.0,9.0,9.8,A,-5.3
2227,low,3,2.0,3.0,5.3,D,-16.4
2228,low,4,22.0,4.0,9.4,A,-100.0
2229,none,0,4.0,50.0,2.8,A,15.0
2230,,0,3.0,24.0,4.7,A,15.0
2231,low,2,10.0,10.0,2.7,A,-16.9
2232,none,2,12.0,24.0,9.2,C,11.7
2233,low,1,13.0,4.0,4.2,A,-100.0
2234,high,1,8.0,19.0,6.8,C,4.7
2235,high,0,12.0,28.0,9.3,A,15.0
2236,medium,1,24.0,2.0,1.1,A,-100.0
2237,low,1,3.0,4.0,8.9,A,-14.0
2238,high,3,12.0,15.0,8.5,B,-10.1
2239,high,0,22.0,14.0,4.6,C,-100.0
2240,medium,1,15.0,50.0,3.5,A,15.0
2241,medium,1,9.0,1.0,1.1,A,-100.0
2242,low,0,6.0,2.0,7.2,A,-100.0
2243,low,1,4.0,7.0,6.5,B,-10.7
2244,none,0,16.0,38.0,1.2,A,15.0
2245,medium,1,7.0,16.0,9.3,C,4.0
2246,high,4,4.0,15.0,8.2,A,3.7
2247,low,0,7.0,0.0,3.5,C,-100.0
2248,low,3,,3.0,9.7,C,
2249,medium,0,2.0,27.0,2.0,C,15.0
2250,high,2,5.0,26.0,,D,
2251,high,3,0.0,1.0,1.3,B,-100.0
2252,medium,0,8.0,15.0,5.7,A,-1.5
2253,medium,2,9.0,1.0,6.6,C,-100.0
2254,high,1,6.0,1.0,7.3,C,-100.0
2255,low,0,4.0,4.0,3.7,A,-18.3
2256,medium,2,7.0,24.0,2.5,A,15.0
2257,low,1,6.0,0.0,8.6,A,-100.0
2258,high,1,10.0,17.0,5.8,A,-3.5
2259,high,2,9.0,8.0,6.2,A,-100.0
2260,none,4,11.0,3.0,8.6,B,-100.0
2261,low,2,9.0,13.0,3.3,A,-8.5
2262,high,0,5.0,7.0,4.9,A,-16.1
2263,medium,2,3.0,2.0,4.7,A,-100.0
2264,low,1,13.0,19.0,7.2,A,-0.9
2265,high,2,4.0,7.0,9.9,C,-12.1
2266,high,1,17.0,19.0,7.5,B,-10.7
2267,low,0,4.0,6.0,2.7,A,-14.6
2268,medium,3,8.0,12.0,3.4,A,-9.3
2269,medium,4,4.0,29.0,8.1,A,15.0
2270,low,1,7.0,3.0,6.3,A,-100.0
2271,high,1,6.0,1.0,5.0,D,-100.0
2272,none,0,16.0,0.0,1.4,A,-100.0
2273,none,1,22.0,13.0,6.2,C,-100.0
2274,none,4,12.0,2.0,8.6,A,-100.0
2275,medium,0,24.0,5.0,9.6,A,-100.0
2276,,1,3.0,17.0,6.2,A,11.3
2277,none,2,6.0,2.0,2.3,C,-100.0
2278,high,0,6.0,8.0,8.1,A,-14.2
2279,high,1,4.0,11.0,5.3,B,-5.9
2280,low,3,4.0,26.0,8.5,C,15.0
2281,medium,0,8.0,9.0,9.5,A,-12.2
2282,high,0,13.0,4.0,9.3,A,-100.0
2283,none,3,5.0,3.0,2.1,A,-100.0
2284,medium,0,7.0,1.0,4.4,A,-100.0
2285,high,2,6.0,2.0,1.1,C,-100.0
2286,high,1,2.0,39.0,1.2,A,15.0
2287,high,0,9.0,3.0,8.4,C,-100.0
2288,high,0,20.0,21.0,8.2,A,-11.3
2289,medium,1,7.0,19.0,6.1,A,8.7
2290,high,1,13.0,23.0,2.2,A,2.0
2291,high,3,23.0,23.0,7.2,A,-13.2
2292,low,2,15.0,3.0,1.6,A,-100.0
2293,high,0,12.0,18.0,2.0,A,-6.7
2294,low,0,8.0,3.0,9.5,A,-100.0
2295,low,2,3.0,11.0,5.5,A,-1.1
2296,none,2,9.0,12.0,8.5,D,-8.6
2297,low,2,3.0,6.0,9.4,A,-9.7
2298,low,0,3.0,0.0,8.6,A,-100.0
2299,low,2,17.0,10.0,9.6,A,
2300,medium,1,2.0,0.0,2.6,A,-100.0
2301,high,2,21.0,20.0,4.3,A,-17.3
2302,high,2,16.0,3.0,6.5,A,-100.0
2303,high,0,6.0,11.0,8.8,A,-7.5
2304,medium,2,7.0,7.0,1.6,C,-18.9
2305,none,2,7.0,8.0,3.0,A,-16.3
2306,high,3,26.0,20.0,8.9,A,-100.0
2307,medium,2,17.0,44.0,7.6,C,15.0
2308,none,2,9.0,4.0,2.1,C,-100.0
2309,high,1,10.0,8.0,8.0,A,-100.0
2310,high,2,2.0,25.0,3.3,A,15.0
2311,low,3,13.0,7.0,6.7,C,-100.0
2312,high,0,2.0,15.0,8.0,A,7.5
2313,medium,2,5.0,32.0,2.0,A,15.0
2314,medium,2,5.0,3.0,4.7,B,-100.0
2315,medium,5,8.0,3.0,7.4,A,-100.0
2316,high,3,12.0,32.0,9.8,C,15.0
2317,high,1,16.0,42.0,2.1,A,15.0
2318,none,2,11.0,8.0,6.2,A,-100.0
2319,medium,0,12.0,4.0,8.9,A,-100.0
2320,high,1,27.0,3.0,1.2,A,-100.0
2321,high,1,5.0,11.0,9.4,C,-5.6
2322,low,0,17.0,5.0,3.2,A,-100.0
2323,low,4,5.0,7.0,3.9,A,-14.0
2324,high,1,20.0,1.0,9.5,B,-100.0
2325,high,3,2.0,5.0,8.7,C,-13.5
2326,high,1,2.0,25.0,3.1,C,15.0
2327,none,0,17.0,2.0,9.6,A,-100.0
2328,low,0,14.0,38.0,10.0,B,15.0
2329,high,2,5.0,10.0,8.4,C,-8.3
2330,low,2,19.0,25.0,8.5,A,1.8
2331,low,0,12.0,35.0,3.2,A,15.0
2332,high,0,14.0,16.0,3.5,C,-13.7
2333,high,1,5.0,20.0,9.4,A,13.3
2334,none,1,6.0,2.0,2.7,C,-100.0
2335,medium,1,8.0,19.0,8.4,A,8.1
2336,medium,3,7.0,24.0,3.3,A,15.0
2337,low,5,30.0,8.0,9.0,C,-100.0
2338,high,4,3.0,26.0,7.8,A,15.0
2339,none,1,8.0,1.0,7.2,C,-100.0
2340,none,0,3.0,6.0,8.7,A,-10.4
2341,low,1,11.0,9.0,9.5,A,-17.2
2342,medium,1,,0.0,9.2,C,
2343,none,1,25.0,3.0,5.5,A,-100.0
2344,low,0,16.0,13.0,6.3,A,-19.1
2345,low,1,6.0,13.0,2.8,A,-3.4
2346,low,1,7.0,17.0,4.3,A,4.0
2347,high,3,13.0,20.0,9.0,C,-1.1
2348,high,2,16.0,6.0,1.5,A,-100.0
2349,medium,1,10.0,19.0,6.0,B,3.4
2350,high,1,12.0,30.0,3.7,A,15.0
2351,medium,1,20.0,27.0,1.3,A,0.4
2352,high,1,5.0,2.0,8.2,D,-100.0
2353,low,3,12.0,6.0,8.2,A,-100.0
2354,high,4,15.0,15.0,5.2,A,-17.1
2355,none,2,8.0,40.0,8.2,A,15.0
2356,medium,2,10.0,8.0,6.8,B,-19.4
2357,none,1,15.0,4.0,4.6,A,-100.0
2358,high,0,7.0,1.0,6.1,A,-100.0
2359,high,1,8.0,2.0,9.3,C,-100.0
2360,none,2,2.0,7.0,8.3,A,-7.0
2361,medium,3,6.0,50.0,5.1,A,15.0
2362,none,2,3.0,10.0,8.1,A,-2.5
2363,medium,2,13.0,6.0,9.9,A,-100.0
2364,medium,1,7.0,11.0,9.0,C,-6.6
2365,medium,0,,20.0,8.5,C,
2366,,4,15.0,3.0,9.6,A,-100.0
2367,medium,2,12.0,16.0,1.1,C,-8.9
2368,medium,0,4.0,0.0,8.9,A,-100.0
2369,none,0,2.0,2.0,1.3,B,-100.0
2370,low,2,10.0,25.0,8.2,A,15.0
2371,high,2,8.0,10.0,9.1,A,-13.2
2372,low,0,6.0,3.0,8.6,A,-100.0
2373,high,3,,14.0,6.2,C,
2374,high,3,12.0,31.0,8.8,A,15.0
2375,low,0,5.0,3.0,4.9,A,-100.0
2376,low,0,12.0,14.0,2.9,A,-11.7
2377,,2,9.0,3.0,2.8,A,-100.0
2378,low,1,13.0,16.0,9.8,A,-5.9
2379,none,1,10.0,18.0,3.0,C,-0.4
2380,high,1,8.0,15.0,8.6,A,-2.8
2381,high,2,13.0,18.0,2.9,A,-8.2
2382,medium,5,2.0,9.0,9.5,A,-2.3
2383,medium,2,10.0,7.0,3.5,A,-100.0
2384,low,1,3.0,4.0,8.6,C,-14.2
2385,high,0,21.0,10.0,3.6,A,-100.0
2386,low,1,9.0,13.0,6.2,A,-7.0
2387,medium,0,2.0,5.0,3.6,A,-13.1
2388,medium,0,4.0,9.0,4.7,B,-7.7
2389,high,1,9.0,16.0,3.6,A,-5.0
2390,,2,5.0,3.0,4.1,A,-100.0
2391,low,2,5.0,2.0,2.5,A,-100.0
2392,high,0,,1.0,8.8,C,
2393,medium,1,1.0,19.0,7.8,A,15.0
2394,medium,2,13.0,0.0,5.5,A,-100.0
2395,medium,2,7.0,17.0,3.9,B,3.3
2396,high,2,11.0,14.0,6.5,B,-11.3
2397,low,2,15.0,6.0,9.5,C,-100.0
2398,medium,2,24.0,10.0,7.2,A,-100.0
2399,low,0,14.0,7.0,3.4,C,-100.0
2400,high,1,1.0,24.0,9.7,A,15.0
2401,high,1,8.0,2.0,7.8,A,-100.0
2402,medium,0,8.0,7.0,8.1,D,-17.1
2403,high,1,1.0,43.0,8.7,A,15.0
2404,low,0,7.0,18.0,5.9,C,7.0
2405,medium,0,10.0,0.0,7.9,A,-100.0
2406,low,0,8.0,8.0,5.8,A,-15.8
2407,none,1,3.0,30.0,9.0,A,15.0
2408,none,4,20.0,0.0,2.3,A,-100.0
2409,high,1,,1.0,3.5,C,
2410,low,2,12.0,5.0,3.8,A,-100.0
2411,high,2,1.0,9.0,5.5,A,-4.8
2412,high,4,8.0,12.0,4.8,A,-11.3
2413,none,1,2.0,24.0,4.9,C,15.0
2414,none,3,15.0,20.0,8.8,D,-2.3
2415,low,0,23.0,4.0,9.6,A,-100.0
2416,low,2,20.0,6.0,10.0,A,-100.0
2417,high,2,10.0,7.0,8.3,B,-100.0
2418,low,0,8.0,9.0,6.7,C,-13.3
2419,high,1,17.0,1.0,9.0,C,-100.0
2420,medium,3,10.0,2.0,9.8,D,-100.0
2421,none,0,3.0,20.0,7.1,A,15.0
2422,high,0,17.0,5.0,9.4,C,-100.0
2423,low,3,8.0,5.0,9.3,C,-100.0
2424,none,1,17.0,6.0,2.2,A,-100.0
2425,high,2,19.0,14.0,9.0,B,-100.0
2426,medium,1,3.0,6.0,1.7,A,-13.8
2427,low,0,2.0,8.0,5.1,A,-5.7
2428,low,1,5.0,26.0,2.3,A,15.0
2429,high,0,7.0,2.0,8.2,C,-100.0
2430,medium,1,12.0,8.0,9.2,A,-100.0
2431,high,0,8.0,12.0,3.1,A,-11.8
2432,medium,1,7.0,11.0,2.5,D,-9.9
2433,medium,1,4.0,10.0,9.1,A,-3.4
2434,low,3,4.0,7.0,9.4,A,-9.4
2435,high,3,9.0,8.0,8.2,A,-19.7
2436,high,2,4.0,16.0,1.2,A,2.5
2437,high,3,10.0,19.0,2.8,B,-1.0
2438,high,3,3.0,18.0,5.1,A,10.3
2439,low,3,8.0,9.0,9.5,A,-12.2
2440,low,0,3.0,34.0,8.1,A,15.0
2441,low,2,4.0,13.0,4.9,B,1.0
2442,medium,0,13.0,6.0,4.5,A,-100.0
2443,low,1,16.0,15.0,8.0,B,-14.1
2444,high,1,11.0,6.0,7.3,A,-100.0
2445,low,1,13.0,7.0,9.8,A,-100.0
2446,medium,1,8.0,14.0,9.8,A,-1.7
2447,none,0,14.0,26.0,5.9,B,10.9
2448,high,2,6.0,5.0,8.7,B,-100.0
2449,low,1,15.0,29.0,9.5,A,15.0
2450,medium,1,10.0,1.0,2.0,A,-100.0
2451,high,2,23.0,1.0,1.6,A,-100.0
2452,none,3,10.0,14.0,9.1,C,-6.0
2453,high,1,15.0,7.0,1.5,A,-100.0
2454,none,1,31.0,2.0,9.8,A,-100.0
2455,medium,3,17.0,31.0,3.7,A,15.0
2456,low,2,4.0,12.0,5.5,A,-0.8
2457,high,2,5.0,9.0,4.6,C,-12.3
2458,high,1,6.0,14.0,8.3,A,-1.6
2459,high,0,14.0,25.0,7.5,A,7.2
2460,medium,1,20.0,9.0,3.7,C,-100.0
2461,none,2,3.0,1.0,7.3,A,-100.0
2462,low,4,9.0,3.0,6.0,B,-100.0
2463,medium,1,2.0,10.0,8.4,B,-0.3
2464,none,2,13.0,27.0,9.3,A,15.0
2465,medium,3,16.0,17.0,5.8,A,-11.6
2466,high,1,3.0,50.0,7.9,A,15.0
2467,low,2,14.0,3.0,9.3,A,-100.0
2468,medium,0,15.0,2.0,4.3,A,-100.0
2469,none,3,3.0,13.0,8.3,C,3.8
2470,medium,2,20.0,1.0,5.1,A,-100.0
2471,medium,2,6.0,43.0,2.2,A,15.0
2472,none,2,12.0,3.0,9.2,A,-100.0
2473,,1,1.0,2.0,7.7,C,-15.9
2474,low,2,23.0,4.0,3.4,C,-100.0
2475,high,1,12.0,3.0,4.6,A,-100.0
2476,none,2,26.0,3.0,4.2,C,-100.0
2477,high,4,5.0,0.0,7.8,A,-100.0
2478,high,0,9.0,6.0,9.0,A,-100.0
2479,medium,2,10.0,5.0,5.7,B,-100.0
2480,low,0,21.0,4.0,3.5,B,-100.0
2481,high,4,7.0,32.0,9.8,A,15.0
2482,medium,1,19.0,2.0,6.5,C,-100.0
2483,none,0,20.0,3.0,1.9,D,-100.0
2484,low,3,2.0,21.0,4.5,C,15.0
2485,high,1,11.0,1.0,5.8,C,-100.0
2486,high,0,5.0,44.0,9.8,C,15.0
2487,low,2,18.0,7.0,4.2,A,-100.0
2488,medium,0,6.0,3.0,3.9,C,-100.0
2489,high,2,14.0,9.0,9.1,C,-100.0
2490,medium,2,11.0,6.0,6.3,A,-100.0
2491,low,1,8.0,44.0,5.7,A,15.0
2492,none,0,14.0,8.0,8.5,A,-100.0
2493,medium,0,15.0,12.0,1.9,A,-100.0
2494,low,2,21.0,34.0,9.3,A,15.0
2495,low,2,16.0,8.0,8.9,A,-100.0
2496,low,2,19.0,4.0,4.5,A,-100.0
2497,medium,1,11.0,1.0,10.0,A,-100.0
2498,low,2,10.0,3.0,6.4,B,-100.0
2499,low,1,20.0,22.0,1.2,A,-9.8
2500,,1,14.0,4.0,9.4,A,-100.0
2501,medium,3,12.0,6.0,7.9,A,-100.0
2502,medium,3,18.0,15.0,5.0,C,-19.7
2503,medium,3,13.0,1.0,1.4,A,-100.0
2504,none,0,4.0,9.0,8.2,A,-6.1
2505,medium,1,12.0,5.0,3.9,A,-100.0
2506,high,1,11.0,1.0,9.3,A,-100.0
2507,,2,11.0,9.0,5.5,A,-19.9
2508,low,1,3.0,9.0,2.6,A,-6.7
2509,low,1,4.0,12.0,9.2,A,1.2
2510,medium,0,9.0,1.0,7.8,A,-100.0
2511,none,3,7.0,13.0,9.5,A,-2.6
2512,none,1,3.0,50.0,7.0,A,15.0
2513,low,1,3.0,10.0,9.5,C,-1.1
2514,medium,2,8.0,1.0,9.3,A,-100.0
2515,low,2,2.0,17.0,9.1,C,15.0
2516,high,1,6.0,5.0,3.8,A,-100.0
2517,low,1,10.0,1.0,9.6,B,-100.0
2518,medium,1,12.0,21.0,10.0,A,6.1
2519,low,0,4.0,1.0,3.1,A,-100.0
2520,low,1,6.0,13.0,4.2,C,-2.7
2521,low,2,4.0,3.0,9.1,A,-17.9
2522,medium,1,1.0,19.0,9.6,A,15.0
2523,none,2,7.0,0.0,8.2,C,-100.0
2524,medium,0,11.0,0.0,1.2,A,-100.0
2525,medium,1,2.0,10.0,9.4,A,0.2
2526,medium,2,,6.0,3.4,C,
2527,high,0,23.0,2.0,5.7,A,-100.0
2528,low,4,2.0,19.0,9.1,A,15.0
2529,low,1,9.0,50.0,9.9,C,15.0
2530,medium,0,25.0,5.0,8.9,A,-100.0
2531,none,0,8.0,8.0,8.4,A,-15.1
2532,high,1,7.0,13.0,5.8,A,-6.7
2533,none,1,14.0,28.0,3.5,A,13.8
2534,medium,4,10.0,28.0,8.5,A,15.0
2535,medium,0,5.0,8.0,7.5,B,-10.1
2536,high,1,20.0,7.0,5.6,A,-100.0
2537,none,2,17.0,0.0,1.5,A,-100.0
2538,low,2,5.0,15.0,9.5,C,5.8
2539,medium,2,23.0,6.0,3.9,A,-100.0
2540,low,0,2.0,24.0,8.2,A,15.0
2541,high,3,4.0,12.0,6.5,A,-3.4
2542,high,1,14.0,12.0,9.4,A,-19.2
2543,low,0,1.0,6.0,8.8,A,-6.3
2544,low,2,2.0,17.0,8.3,B,14.6
2545,low,0,12.0,0.0,9.4,A,-100.0
2546,medium,2,13.0,10.0,9.9,A,-18.9
2547,high,1,3.0,9.0,9.0,A,-6.5
2548,medium,1,7.0,19.0,8.3,A,9.8
2549,high,1,2.0,13.0,9.4,C,3.9
2550,low,0,18.0,37.0,2.4,C,15.0
2551,none,2,8.0,4.0,3.7,D,-100.0
2552,none,1,3.0,0.0,9.2,A,-100.0
2553,medium,1,3.0,5.0,7.2,A,-13.2
2554,none,0,4.0,1.0,3.9,A,-100.0
2555,low,1,23.0,1.0,2.8,A,-100.0
2556,low,1,1.0,12.0,9.0,A,6.3
2557,high,1,4.0,7.0,8.1,A,-12.9
2558,none,0,24.0,1.0,4.1,A,-100.0
2559,low,3,4.0,0.0,9.4,A,-100.0
2560,high,1,3.0,19.0,9.8,D,14.9
2561,low,0,13.0,1.0,3.8,A,-100.0
2562,low,3,14.0,19.0,8.3,A,-2.3
2563,medium,3,9.0,20.0,3.9,A,6.0
2564,low,2,2.0,46.0,9.5,A,15.0
2565,none,0,11.0,50.0,9.1,B,15.0
2566,medium,2,5.0,1.0,3.7,A,-100.0
2567,none,0,4.0,2.0,9.2,A,-100.0
2568,medium,4,16.0,33.0,6.3,C,15.0
2569,low,0,8.0,0.0,1.7,A,-100.0
2570,medium,2,5.0,0.0,4.8,C,-100.0
2571,low,1,9.0,50.0,9.0,A,15.0
2572,low,6,5.0,12.0,3.7,A,-3.8
2573,low,0,7.0,7.0,2.3,A,-17.9
2574,high,2,1.0,10.0,,A,
2575,low,3,1.0,33.0,6.7,A,15.0
2576,medium,0,6.0,7.0,8.0,A,-13.7
2577,high,1,5.0,26.0,3.1,A,15.0
2578,high,2,11.0,5.0,9.5,A,-100.0
2579,medium,4,,5.0,6.5,C,
2580,high,0,10.0,14.0,6.2,A,-9.5
2581,high,0,4.0,7.0,8.2,C,-12.7
2582,medium,2,5.0,12.0,4.6,A,-3.3
2583,high,2,11.0,6.0,3.0,B,-100.0
2584,medium,2,10.0,19.0,9.3,A,5.0
2585,high,4,7.0,27.0,3.5,A,15.0
2586,none,2,0.0,13.0,3.5,D,6.7
2587,high,0,18.0,4.0,4.9,A,-100.0
2588,medium,1,4.0,23.0,2.1,A,15.0
2589,medium,1,23.0,11.0,9.8,C,-100.0
2590,high,4,16.0,27.0,8.7,C,8.1
2591,high,1,11.0,29.0,4.9,C,15.0
2592,low,2,8.0,7.0,6.9,A,-17.6
2593,medium,4,2.0,41.0,4.3,A,15.0
2594,medium,3,15.0,22.0,4.4,A,-0.0
2595,high,2,9.0,0.0,4.6,A,-100.0
2596,low,2,6.0,21.0,9.2,A,15.0
2597,none,3,3.0,6.0,1.5,D,-14.3
2598,high,4,15.0,4.0,9.8,C,-100.0
2599,high,2,11.0,0.0,3.3,A,-100.0
2600,low,0,24.0,14.0,8.4,A,-100.0
2601,high,0,8.0,1.0,1.5,A,-100.0
2602,high,2,9.0,8.0,9.8,A,-18.8
2603,low,0,28.0,18.0,6.0,A,-100.0
2604,high,2,12.0,6.0,8.9,A,-100.0
2605,medium,2,17.0,10.0,7.3,C,-100.0
2606,high,1,13.0,16.0,3.3,C,-12.1
2607,low,0,13.0,12.0,8.5,B,-14.8
2608,medium,0,11.0,4.0,9.4,C,-100.0
2609,high,0,1.0,4.0,6.9,B,-14.4
2610,medium,2,9.0,34.0,2.9,A,15.0
2611,high,0,2.0,3.0,1.3,A,-100.0
2612,medium,1,8.0,10.0,9.1,A,-10.4
2613,high,0,5.0,10.0,6.5,A,-9.0
2614,medium,2,6.0,22.0,2.3,B,14.8
2615,low,1,4.0,1.0,2.4,C,-100.0
2616,low,2,16.0,11.0,1.1,A,-100.0
2617,low,2,2.0,6.0,3.2,A,-11.0
2618,low,1,7.0,11.0,3.0,C,-9.3
2619,none,0,28.0,0.0,8.9,A,-100.0
2620,medium,0,14.0,12.0,8.8,A,-16.8
2621,none,6,5.0,30.0,1.1,A,15.0
2622,,3,6.0,2.0,9.4,A,-100.0
2623,low,3,5.0,15.0,3.1,A,2.5
2624,medium,0,9.0,42.0,6.7,C,15.0
2625,none,3,11.0,3.0,1.7,A,-100.0
2626,high,1,2.0,3.0,2.2,A,-100.0
2627,medium,2,5.0,5.0,9.4,A,-15.6
2628,low,3,7.0,22.0,7.1,A,15.0
2629,low,1,10.0,18.0,2.3,C,-0.2
2630,,3,9.0,26.0,7.1,C,15.0
2631,medium,1,16.0,23.0,3.9,A,0.2
2632,low,0,2.0,10.0,2.7,A,-2.7
2633,medium,1,11.0,44.0,8.7,C,15.0
2634,high,4,16.0,10.0,5.4,A,-100.0
2635,high,0,24.0,5.0,5.3,C,-100.0
2636,low,1,4.0,6.0,9.0,A,-11.5
2637,high,0,26.0,10.0,6.6,A,-100.0
2638,low,0,7.0,9.0,8.1,A,-10.8
2639,none,2,4.0,9.0,5.2,B,-7.8
2640,none,0,8.0,3.0,3.2,A,-100.0
2641,high,2,21.0,1.0,1.2,A,-100.0
2642,none,3,16.0,22.0,8.1,A,-0.2
2643,high,2,10.0,23.0,2.9,B,7.5
2644,none,1,20.0,4.0,8.8,A,-100.0
2645,medium,6,4.0,3.0,9.5,A,-18.4
2646,medium,1,7.0,13.0,1.3,A,-6.3
2647,high,1,26.0,2.0,1.1,A,-100.0
2648,low,3,4.0,1.0,9.2,A,-100.0
2649,medium,2,15.0,11.0,8.9,A,-100.0
2650,low,1,6.0,1.0,10.0,C,-100.0
2651,medium,2,5.0,42.0,1.1,A,15.0
2652,low,1,11.0,1.0,8.2,C,-100.0
2653,medium,1,13.0,18.0,8.8,A,-2.6
2654,low,3,6.0,3.0,4.0,A,-100.0
2655,low,1,17.0,15.0,8.8,C,-15.5
2656,low,5,25.0,11.0,9.1,A,-100.0
2657,medium,2,,46.0,6.7,C,
2658,high,2,2.0,1.0,9.6,B,-100.0
2659,low,2,20.0,18.0,5.8,A,-16.0
2660,low,1,12.0,10.0,1.1,A,-100.0
2661,none,6,13.0,1.0,8.3,A,-100.0
2662,low,0,13.0,23.0,8.3,A,8.2
2663,low,3,40.0,11.0,7.5,A,-100.0
2664,medium,0,4.0,40.0,5.2,A,15.0
2665,medium,2,20.0,14.0,3.5,A,-100.0
2666,high,1,5.0,24.0,7.5,A,15.0
2667,none,3,9.0,7.0,3.8,A,-100.0
2668,low,0,16.0,5.0,6.5,A,-100.0
2669,none,0,9.0,13.0,2.5,A,-9.3
2670,high,1,16.0,15.0,8.2,C,-17.0
2671,none,1,3.0,5.0,3.7,A,-15.1
2672,low,1,8.0,19.0,9.7,B,9.1
2673,medium,3,7.0,14.0,7.9,A,-1.1
2674,low,1,12.0,20.0,6.0,C,2.4
2675,none,2,4.0,9.0,3.7,A,-8.6
2676,low,3,1.0,4.0,5.5,C,-12.4
2677,medium,0,3.0,6.0,1.7,B,-13.7
2678,none,2,3.0,3.0,8.4,C,-17.1
2679,high,1,7.0,11.0,9.5,C,-9.0
2680,,2,8.0,33.0,8.2,A,15.0
2681,high,0,11.0,35.0,9.5,A,15.0
2682,high,1,12.0,1.0,2.2,A,-100.0
2683,low,2,8.0,2.0,9.1,A,-100.0
2684,low,3,3.0,14.0,,D,
2685,medium,1,4.0,42.0,1.4,A,15.0
2686,high,0,13.0,2.0,2.0,A,-100.0
2687,medium,0,9.0,0.0,9.1,A,-100.0
2688,low,3,6.0,0.0,2.9,A,-100.0
2689,high,2,6.0,4.0,8.6,C,-100.0
2690,low,0,3.0,6.0,8.3,A,-10.0
2691,high,0,14.0,10.0,9.6,C,-100.0
2692,none,1,10.0,3.0,5.7,C,-100.0
2693,high,2,5.0,4.0,8.7,C,-100.0
2694,none,2,2.0,1.0,8.3,A,-19.6
2695,high,2,10.0,13.0,8.0,A,-10.9
2696,medium,0,8.0,7.0,1.2,A,-100.0
2697,medium,3,20.0,1.0,10.0,A,-100.0
2698,low,1,3.0,3.0,5.6,C,-17.8
2699,low,4,3.0,50.0,9.4,C,15.0
2700,high,2,9.0,33.0,1.9,A,15.0
2701,medium,0,12.0,19.0,9.9,A,2.0
2702,low,0,4.0,28.0,2.9,A,15.0
2703,low,2,8.0,8.0,8.1,C,-14.9
2704,none,2,13.0,31.0,9.2,D,15.0
2705,low,3,36.0,12.0,8.6,A,-100.0
2706,none,2,9.0,14.0,8.9,A,-4.2
2707,medium,2,6.0,34.0,6.0,B,15.0
2708,medium,1,19.0,21.0,9.6,A,-6.4
2709,high,2,26.0,6.0,9.1,A,-100.0
2710,high,1,11.0,26.0,6.8,A,14.1
2711,high,1,2.0,7.0,6.8,A,-10.0
2712,high,1,9.0,18.0,8.3,A,1.6
2713,medium,1,6.0,20.0,6.2,A,12.6
2714,medium,2,21.0,16.0,3.1,A,-100.0
2715,medium,2,11.0,1.0,9.4,A,-100.0
2716,low,2,9.0,3.0,4.9,A,-100.0
2717,low,1,14.0,41.0,9.9,A,15.0
2718,high,1,4.0,10.0,9.4,A,-5.9
2719,none,0,6.0,7.0,3.3,A,-16.3
2720,low,2,11.0,12.0,5.5,A,-13.0
2721,low,0,12.0,14.0,2.3,B,-12.0
2722,high,0,5.0,30.0,5.2,C,15.0
2723,high,1,23.0,37.0,9.3,A,15.0
2724,none,2,2.0,16.0,,A,
2725,high,2,24.0,12.0,5.1,C,-100.0
2726,medium,1,3.0,17.0,5.8,A,11.3
2727,low,2,7.0,3.0,4.1,C,-100.0
2728,low,1,7.0,2.0,6.5,A,-100.0
2729,low,0,1.0,2.0,3.3,A,-17.4
2730,medium,2,4.0,15.0,8.8,A,6.8
2731,none,2,8.0,10.0,2.1,C,-14.3
2732,low,4,7.0,6.0,5.1,A,-19.0
2733,medium,2,12.0,3.0,9.0,A,-100.0
2734,high,3,14.0,15.0,1.9,A,-16.9
2735,none,0,14.0,9.0,2.7,A,-100.0
2736,high,0,16.0,1.0,9.4,A,-100.0
2737,medium,0,15.0,6.0,3.6,A,-100.0
2738,high,1,0.0,13.0,6.7,A,6.0
2739,none,1,2.0,7.0,2.3,A,-9.9
2740,low,1,8.0,1.0,5.3,B,-100.0
2741,none,2,8.0,18.0,5.5,C,4.2
2742,medium,2,6.0,17.0,2.5,A,4.3
2743,high,1,4.0,18.0,8.2,A,10.3
2744,medium,1,3.0,33.0,2.0,A,15.0
2745,low,3,5.0,1.0,5.4,A,-100.0
2746,medium,0,6.0,13.0,9.9,A,-0.1
2747,medium,3,6.0,7.0,2.4,A,-16.8
2748,none,1,5.0,5.0,8.1,A,-16.4
2749,medium,3,11.0,25.0,9.9,A,15.0
2750,high,2,2.0,0.0,4.8,A,-100.0
2751,none,1,4.0,10.0,7.0,A,-4.7
2752,high,1,3.0,18.0,5.7,C,10.8
2753,medium,2,9.0,5.0,1.8,A,-100.0
2754,low,1,27.0,13.0,8.2,A,-100.0
2755,high,1,3.0,10.0,7.4,A,-5.2
2756,low,3,9.0,46.0,9.7,A,15.0
2757,low,5,40.0,13.0,9.3,A,-100.0
2758,medium,1,15.0,16.0,1.4,A,-13.9
2759,medium,1,2.0,12.0,8.7,A,4.0
2760,high,2,21.0,8.0,9.4,A,-100.0
2761,none,2,9.0,1.0,1.1,C,-100.0
2762,medium,2,10.0,29.0,4.2,A,15.0
2763,none,0,11.0,26.0,7.6,C,15.0
2764,high,2,9.0,8.0,7.6,A,-19.9
2765,high,1,9.0,3.0,4.0,A,-100.0
2766,high,2,8.0,8.0,1.3,C,-100.0
2767,high,5,6.0,1.0,9.6,B,-100.0
2768,high,2,40.0,15.0,2.9,A,-100.0
2769,medium,4,6.0,11.0,7.1,A,-6.2
2770,medium,1,10.0,2.0,3.3,A,-100.0
2771,medium,0,12.0,2.0,7.5,A,-100.0
2772,high,2,3.0,4.0,2.4,A,-100.0
2773,high,0,3.0,9.0,9.6,A,-6.1
2774,low,2,5.0,8.0,9.5,A,-8.9
2775,low,0,17.0,34.0,4.8,D,15.0
2776,high,3,8.0,0.0,6.6,A,-100.0
2777,low,0,7.0,2.0,7.6,A,-100.0
2778,low,2,9.0,2.0,1.5,C,-100.0
2779,medium,1,2.0,2.0,5.6,A,-18.5
2780,low,0,14.0,39.0,5.0,A,15.0
2781,low,3,14.0,3.0,4.5,A,-100.0
2782,low,1,12.0,8.0,3.2,A,-100.0
2783,medium,1,17.0,3.0,9.9,B,-100.0
2784,low,1,,50.0,6.0,C,
2785,,0,9.0,20.0,2.6,A,5.4
2786,high,1,5.0,18.0,6.4,A,7.6
2787,none,1,6.0,1.0,6.3,A,-100.0
2788,high,1,3.0,20.0,2.2,C,13.2
2789,high,2,5.0,5.0,5.9,A,-100.0
2790,high,4,6.0,6.0,7.8,C,-18.9
2791,,1,16.0,9.0,8.9,A,-100.0
2792,high,4,1.0,13.0,3.5,A,2.4
2793,low,1,10.0,9.0,4.3,B,-18.1
2794,low,1,31.0,16.0,9.9,A,-100.0
2795,none,2,5.0,4.0,5.0,A,-100.0
2796,high,1,6.0,13.0,8.4,C,-3.6
2797,low,6,13.0,5.0,6.5,A,-100.0
2798,high,2,29.0,15.0,4.3,D,-100.0
2799,high,5,13.0,2.0,8.5,A,-100.0
2800,none,0,4.0,10.0,9.3,D,-3.5
2801,low,3,3.0,8.0,2.9,A,-8.8
2802,low,1,8.0,3.0,8.1,C,-100.0
2803,low,4,14.0,24.0,7.9,A,7.9
2804,low,2,8.0,20.0,1.4,A,7.0
2805,low,4,12.0,10.0,4.7,B,-19.6
2806,,2,10.0,4.0,7.1,A,-100.0
2807,medium,1,6.0,23.0,3.1,A,15.0
2808,none,2,1.0,2.0,8.4,A,-15.7
2809,medium,2,12.0,19.0,8.7,A,1.2
2810,medium,3,13.0,20.0,3.7,A,-1.1
2811,medium,0,10.0,13.0,6.2,B,-9.0
2812,medium,3,21.0,24.0,6.4,A,-5.3
2813,none,0,11.0,4.0,9.6,A,-100.0
2814,medium,2,2.0,10.0,8.6,C,-0.3
2815,high,0,10.0,5.0,9.7,B,-100.0
2816,low,1,12.0,2.0,9.4,C,-100.0
2817,high,0,14.0,6.0,8.2,A,-100.0
2818,medium,2,19.0,2.0,9.0,A,-100.0
2819,high,1,21.0,7.0,7.1,A,-100.0
2820,low,1,10.0,10.0,7.0,A,-14.6
2821,none,2,0.0,2.0,9.3,A,-13.5
2822,low,0,10.0,6.0,3.9,A,-100.0
2823,low,2,40.0,2.0,8.9,C,-100.0
2824,low,2,8.0,5.0,8.8,A,-100.0
2825,none,0,6.0,13.0,9.0,B,-0.8
2826,low,1,13.0,8.0,4.8,A,-100.0
2827,low,2,2.0,21.0,8.7,A,15.0
2828,high,2,12.0,8.0,4.3,B,-100.0
2829,low,4,7.0,3.0,3.7,A,-100.0
2830,low,1,19.0,24.0,4.8,A,-2.1
2831,low,0,15.0,4.0,9.7,A,-100.0
2832,,3,1.0,9.0,9.1,C,-0.7
2833,none,3,19.0,25.0,2.6,B,-1.9
2834,high,1,5.0,6.0,2.8,A,-19.4
2835,low,1,7.0,2.0,9.3,A,-100.0
2836,low,1,33.0,6.0,1.4,A,-100.0
2837,high,2,14.0,33.0,3.4,A,15.0
2838,low,3,7.0,15.0,8.0,A,1.4
2839,low,1,4.0,4.0,6.5,A,-17.0
2840,high,0,8.0,27.0,9.1,C,15.0
2841,medium,2,10.0,14.0,6.8,D,-6.8
2842,high,1,6.0,11.0,2.4,A,-10.8
2843,low,2,9.0,30.0,7.4,A,15.0
2844,none,3,6.0,1.0,8.5,B,-100.0
2845,low,1,8.0,2.0,8.6,C,-100.0
2846,high,1,5.0,1.0,9.7,A,-100.0
2847,high,2,11.0,28.0,3.2,A,15.0
2848,medium,1,22.0,36.0,9.7,A,15.0
2849,low,2,15.0,6.0,2.1,A,-100.0
2850,medium,0,8.0,3.0,2.6,A,-100.0
2851,high,3,3.0,10.0,2.4,A,-7.9
2852,low,0,4.0,6.0,3.7,A,-14.1
2853,low,4,4.0,4.0,5.9,B,-17.6
2854,high,2,6.0,17.0,7.2,A,4.1
2855,none,0,5.0,16.0,3.5,A,4.5
2856,medium,1,24.0,32.0,9.6,C,8.0
2857,high,5,11.0,2.0,5.5,A,-100.0
2858,medium,1,6.0,17.0,3.8,C,5.1
2859,none,2,10.0,1.0,5.5,C,-100.0
2860,medium,3,16.0,1.0,2.1,A,-100.0
2861,high,2,18.0,18.0,2.7,D,-17.1
2862,high,1,10.0,27.0,2.4,A,15.0
2863,medium,1,9.0,16.0,1.1,A,-3.6
2864,high,1,15.0,39.0,8.8,C,15.0
2865,high,0,14.0,30.0,1.9,A,14.9
2866,low,1,17.0,8.0,6.6,A,-100.0
2867,high,0,15.0,5.0,3.0,A,-100.0
2868,high,0,4.0,0.0,8.7,C,-100.0
2869,medium,3,16.0,4.0,8.4,D,-100.0
2870,medium,0,10.0,13.0,6.7,C,-8.8
2871,high,2,9.0,29.0,8.7,A,15.0
2872,medium,1,4.0,22.0,9.7,A,15.0
2873,high,2,25.0,1.0,3.9,C,-100.0
2874,medium,1,12.0,10.0,5.1,C,-19.4
2875,high,2,10.0,49.0,10.0,A,15.0
2876,low,2,11.0,6.0,1.9,C,-100.0
2877,medium,1,13.0,1.0,7.4,A,-100.0
2878,high,2,1.0,4.0,1.9,A,-17.1
2879,medium,1,4.0,13.0,6.5,C,1.6
2880,medium,1,6.0,5.0,8.6,A,-17.7
2881,low,2,13.0,2.0,2.9,A,-100.0
2882,low,3,14.0,1.0,1.6,D,-100.0
2883,medium,0,16.0,9.0,1.1,A,-100.0
2884,low,3,25.0,0.0,5.4,C,-100.0
2885,low,0,11.0,28.0,5.4,A,15.0
2886,low,1,,6.0,1.1,C,
2887,medium,2,9.0,15.0,9.0,A,-1.9
2888,none,1,3.0,31.0,3.8,B,15.0
2889,medium,0,7.0,0.0,8.6,B,-100.0
2890,low,1,20.0,9.0,5.0,A,-100.0
2891,low,0,4.0,3.0,2.2,A,-100.0
2892,high,4,5.0,3.0,5.9,C,-100.0
2893,high,3,7.0,7.0,8.7,A,-18.0
2894,low,4,11.0,10.0,1.6,D,-19.4
2895,none,2,14.0,1.0,3.3,A,-100.0
2896,medium,1,7.0,4.0,4.7,B,-100.0
2897,none,3,2.0,5.0,9.0,A,-10.9
2898,low,2,11.0,30.0,1.2,A,15.0
2899,high,2,18.0,6.0,7.7,C,-100.0
2900,high,0,11.0,8.0,9.8,B,-100.0
2901,low,2,22.0,3.0,8.8,A,-100.0
2902,medium,3,40.0,22.0,8.7,C,-100.0
2903,low,3,6.0,0.0,3.2,C,-100.0
2904,low,0,3.0,21.0,3.1,C,15.0
2905,high,2,11.0,12.0,4.4,A,-16.6
2906,high,1,11.0,5.0,4.5,A,-100.0
2907,high,3,5.0,23.0,8.6,A,15.0
2908,high,0,2.0,5.0,10.0,A,-12.5
2909,low,0,7.0,6.0,8.7,B,-16.8
2910,none,3,14.0,15.0,5.0,A,-12.9
2911,low,3,18.0,22.0,4.5,A,-4.9
2912,high,3,13.0,19.0,8.2,A,-3.6
2913,high,2,28.0,19.0,2.4,A,-100.0
2914,low,0,4.0,10.0,3.4,A,-5.8
2915,low,3,16.0,6.0,2.8,C,-100.0
2916,high,1,8.0,16.0,9.3,A,-0.4
2917,medium,1,18.0,11.0,6.2,A,-100.0
2918,medium,1,2.0,5.0,8.8,A,-10.6
2919,high,6,6.0,11.0,9.2,C,-7.9
2920,medium,0,5.0,9.0,2.3,C,-10.6
2921,medium,3,3.0,15.0,4.5,A,6.3
2922,none,3,,4.0,10.0,C,
2923,high,0,6.0,3.0,1.3,A,-100.0
2924,medium,3,10.0,4.0,2.6,A,-100.0
2925,medium,1,9.0,3.0,9.8,B,-100.0
2926,none,0,5.0,25.0,7.2,A,15.0
2927,medium,1,7.0,2.0,2.2,A,-100.0
2928,high,1,8.0,24.0,6.5,A,15.0
2929,none,1,6.0,1.0,9.5,B,-100.0
2930,medium,2,6.0,17.0,4.3,A,5.2
2931,low,3,12.0,20.0,9.2,A,3.8
2932,low,3,5.0,6.0,3.7,B,-16.1
2933,low,1,18.0,1.0,8.6,A,-100.0
2934,low,3,11.0,8.0,9.3,B,-19.6
2935,medium,3,8.0,20.0,8.2,D,9.9
2936,medium,1,5.0,2.0,6.1,A,-100.0
2937,low,2,21.0,2.0,9.5,A,-100.0
2938,medium,4,9.0,16.0,2.8,B,-3.1
2939,medium,1,5.0,0.0,8.9,A,-100.0
2940,none,1,3.0,24.0,1.9,A,15.0
2941,low,3,3.0,4.0,4.8,A,-16.3
2942,high,1,5.0,4.0,9.9,A,-100.0
2943,medium,3,5.0,21.0,8.8,A,15.0
2944,low,0,22.0,2.0,8.6,D,-100.0
2945,none,2,5.0,27.0,2.4,A,15.0
2946,none,2,5.0,21.0,3.9,A,15.0
2947,high,0,19.0,13.0,4.4,A,-100.0
2948,medium,0,9.0,0.0,8.1,A,-100.0
2949,high,2,2.0,7.0,6.6,A,-10.2
2950,none,2,4.0,11.0,9.7,A,-1.4
2951,medium,2,9.0,24.0,7.0,C,15.0
2952,low,1,6.0,7.0,8.9,A,-13.0
2953,medium,0,10.0,26.0,4.6,A,15.0
2954,none,3,11.0,6.0,9.6,C,-100.0
2955,medium,0,6.0,1.0,1.6,A,-100.0
2956,medium,6,6.0,10.0,4.1,A,-10.0
2957,low,0,5.0,37.0,8.9,A,15.0
2958,low,3,8.0,6.0,2.5,A,-100.0
2959,medium,1,11.0,17.0,6.8,A,-2.2
2960,medium,1,8.0,7.0,6.5,C,-18.1
2961,low,1,4.0,2.0,1.6,A,-100.0
2962,low,2,15.0,4.0,2.9,D,-100.0
2963,none,2,5.0,4.0,5.9,C,-19.7
2964,low,2,10.0,5.0,6.1,C,-100.0
2965,high,2,4.0,3.0,6.4,A,-100.0
2966,none,0,19.0,8.0,8.1,A,-100.0
2967,medium,0,4.0,2.0,7.8,A,-100.0
2968,,2,11.0,48.0,3.4,A,15.0
2969,none,1,9.0,19.0,5.1,A,4.5
2970,medium,1,5.0,9.0,7.0,A,-8.3
2971,high,1,7.0,1.0,9.6,C,-100.0
2972,high,2,11.0,7.0,6.9,A,-100.0
2973,low,3,5.0,14.0,4.1,A,0.9
2974,high,2,4.0,11.0,9.6,A,-3.8
2975,high,2,10.0,26.0,8.9,A,15.0
2976,medium,1,5.0,3.0,6.2,D,-100.0
2977,low,0,2.0,2.0,,A,
2978,low,1,5.0,37.0,1.8,A,15.0
2979,low,2,9.0,15.0,5.0,A,-3.5
2980,medium,4,8.0,1.0,4.6,A,-100.0
2981,low,2,13.0,16.0,6.9,B,-7.4
2982,none,0,10.0,7.0,6.1,B,-100.0
2983,low,0,3.0,7.0,3.1,A,-10.5
2984,low,1,7.0,21.0,2.4,C,11.4
2985,low,1,8.0,50.0,5.6,B,15.0
2986,high,4,13.0,11.0,8.1,D,-100.0
2987,none,1,3.0,5.0,8.6,A,-12.7
2988,high,0,4.0,25.0,1.8,A,15.0
2989,medium,2,6.0,2.0,6.0,A,-100.0
2990,low,2,9.0,3.0,6.6,A,-100.0
2991,low,4,26.0,7.0,2.8,A,-100.0
2992,low,1,1.0,25.0,,A,
2993,high,1,20.0,12.0,9.4,A,-100.0
2994,high,3,8.0,2.0,4.7,A,-100.0
2995,high,1,38.0,5.0,3.7,A,-100.0
2996,none,1,9.0,13.0,8.8,A,-6.3
2997,high,1,11.0,6.0,8.7,A,-100.0
2998,low,4,2.0,35.0,10.0,A,15.0
2999,high,1,22.0,1.0,6.4,C,-100.0
3000,medium,1,12.0,8.0,9.1,A,-100.0
3001,low,0,2.0,5.0,,B,
3002,medium,1,10.0,12.0,2.8,A,-12.9
3003,low,1,2.0,6.0,9.5,B,-7.8
3004,high,2,3.0,6.0,6.7,A,-14.0
3005,none,2,4.0,1.0,8.1,A,-100.0
3006,medium,1,6.0,3.0,5.1,D,-100.0
3007,low,2,4.0,4.0,8.1,A,-16.3
3008,low,1,3.0,19.0,2.3,D,14.2
3009,medium,2,5.0,10.0,8.3,A,-5.7
3010,none,1,7.0,20.0,9.8,A,12.4
3011,low,2,13.0,19.0,2.2,A,-3.5
3012,high,2,4.0,16.0,3.1,A,3.4
3013,low,1,23.0,15.0,8.4,A,-100.0
3014,,2,3.0,3.0,1.2,A,-100.0
3015,low,0,6.0,15.0,8.4,C,3.7
3016,low,0,1.0,11.0,8.4,A,4.0
3017,high,1,11.0,16.0,9.2,A,-5.7
3018,low,2,24.0,5.0,8.1,A,-100.0
3019,none,4,,27.0,1.1,C,
3020,high,0,11.0,1.0,3.8,C,-100.0
3021,,3,3.0,1.0,8.4,C,-100.0
3022,medium,1,7.0,12.0,8.4,C,-4.9
3023,high,4,19.0,1.0,3.2,C,-100.0
3024,high,0,5.0,43.0,8.4,A,15.0
3025,medium,1,8.0,5.0,6.9,A,-100.0
3026,low,1,7.0,22.0,5.4,A,15.0
3027,medium,1,10.0,5.0,1.7,A,-100.0
3028,high,1,2.0,3.0,6.4,C,-18.6
3029,high,0,11.0,7.0,4.0,A,-100.0
3030,medium,5,6.0,11.0,8.8,B,-5.4
3031,none,3,7.0,3.0,9.9,A,-100.0
3032,none,3,13.0,8.0,5.7,A,-100.0
3033,high,1,3.0,2.0,4.3,A,-100.0
3034,medium,1,1.0,27.0,5.9,A,15.0
3035,high,4,7.0,28.0,8.8,A,15.0
3036,low,0,11.0,11.0,7.1,C,-14.1
3037,high,6,17.0,1.0,9.4,C,-100.0
3038,high,0,9.0,42.0,4.4,C,15.0
3039,high,2,4.0,26.0,2.4,A,15.0
3040,medium,0,16.0,5.0,7.5,A,-100.0
3041,none,3,7.0,2.0,8.6,A,-100.0
3042,high,1,20.0,3.0,8.4,A,-100.0
3043,medium,3,3.0,23.0,6.5,A,15.0
3044,low,3,1.0,10.0,1.5,A,-1.8
3045,none,2,8.0,12.0,8.3,C,-7.0
3046,none,2,8.0,25.0,8.4,A,15.0
3047,low,3,2.0,6.0,9.2,A,-8.1
3048,none,2,11.0,13.0,5.5,B,-11.5
3049,none,1,14.0,8.0,5.3,C,-100.0
3050,medium,3,5.0,5.0,7.9,A,-16.5
3051,medium,0,,50.0,1.9,C,
3052,low,4,13.0,13.0,3.1,A,-15.8
3053,low,1,11.0,14.0,4.7,C,-9.1
3054,none,5,12.0,25.0,4.3,A,11.0
3055,high,5,6.0,21.0,9.9,A,13.5
3056,none,2,5.0,6.0,4.4,A,-16.3
3057,medium,0,7.0,5.0,6.8,A,-100.0
3058,high,2,3.0,6.0,9.0,A,-12.9
3059,medium,1,10.0,6.0,9.4,A,-100.0
3060,medium,0,7.0,10.0,9.6,A,-8.3
3061,low,4,5.0,22.0,2.4,A,15.0
3062,none,0,4.0,5.0,8.4,C,-14.4
3063,low,2,15.0,25.0,9.3,A,9.2
3064,medium,2,9.0,6.0,3.5,A,-100.0
3065,low,1,8.0,6.0,6.0,A,-100.0
3066,high,2,15.0,5.0,2.2,B,-100.0
3067,low,1,6.0,30.0,4.6,A,15.0
3068,medium,0,2.0,11.0,8.5,A,2.0
3069,medium,5,7.0,16.0,9.9,A,3.9
3070,high,1,16.0,11.0,1.4,A,-100.0
3071,none,0,9.0,2.0,9.2,A,-100.0
3072,high,4,7.0,1.0,2.8,A,-100.0
3073,high,6,2.0,14.0,2.5,A,2.0
3074,low,0,6.0,26.0,7.6,B,15.0
3075,medium,3,4.0,20.0,7.7,A,15.0
3076,high,3,1.0,2.0,5.3,C,-19.7
3077,none,5,6.0,7.0,9.5,B,-13.7
3078,low,5,3.0,20.0,3.6,C,
3079,high,1,17.0,10.0,8.6,A,-100.0
3080,none,1,14.0,0.0,7.3,A,-100.0
3081,low,0,16.0,12.0,2.2,A,-100.0
3082,low,3,1.0,5.0,8.6,A,-8.8
3083,low,2,4.0,31.0,6.4,A,15.0
3084,medium,2,5.0,35.0,8.3,B,15.0
3085,high,0,2.0,11.0,9.8,A,-0.0
3086,high,3,10.0,8.0,7.9,B,-100.0
3087,none,1,3.0,7.0,6.5,A,-9.5
3088,high,0,12.0,20.0,2.3,A,-2.4
3089,low,2,16.0,15.0,4.9,A,-15.8
3090,none,2,9.0,31.0,3.5,D,15.0
3091,high,4,11.0,0.0,9.2,A,-100.0
3092,,3,9.0,6.0,9.7,A,-100.0
3093,high,0,7.0,18.0,9.9,B,6.0
3094,low,4,2.0,17.0,10.0,A,15.0
3095,high,1,8.0,10.0,9.5,A,-12.9
3096,low,1,9.0,23.0,6.7,A,14.3
3097,none,2,4.0,10.0,8.5,B,-4.1
3098,high,1,7.0,16.0,3.5,A,-1.5
3099,low,2,12.0,2.0,9.3,A,-100.0
3100,medium,1,16.0,13.0,7.1,B,-19.1
3101,high,2,21.0,7.0,2.9,B,-100.0
3102,medium,0,18.0,8.0,9.0,A,-100.0
3103,high,1,20.0,6.0,6.2,A,-100.0
3104,high,1,11.0,1.0,4.1,C,-100.0
3105,high,2,6.0,15.0,2.3,A,-2.6
3106,none,1,17.0,30.0,1.3,C,11.7
3107,low,1,16.0,8.0,6.0,B,-100.0
3108,high,1,3.0,14.0,3.1,A,1.1
3109,low,4,9.0,4.0,8.8,A,-100.0
3110,high,4,1.0,13.0,9.4,A,5.3
3111,high,3,2.0,21.0,2.0,A,15.0
3112,low,1,3.0,27.0,8.6,A,15.0
3113,low,1,13.0,7.0,7.4,A,-100.0
3114,high,2,20.0,13.0,1.7,A,-100.0
3115,low,0,11.0,10.0,3.4,A,-18.1
3116,high,2,10.0,17.0,1.5,A,-5.8
3117,high,0,2.0,7.0,8.9,A,-8.9
3118,low,4,19.0,23.0,8.6,A,-2.6
3119,medium,3,2.0,18.0,7.6,A,15.0
3120,low,0,11.0,37.0,2.2,A,15.0
3121,high,0,3.0,1.0,5.7,A,-100.0
3122,high,3,8.0,19.0,8.0,B,5.1
3123,medium,0,4.0,6.0,2.1,A,-15.3
3124,low,1,23.0,16.0,8.1,A,-100.0
3125,low,3,4.0,1.0,1.5,C,-100.0
3126,low,2,4.0,32.0,9.9,A,15.0
3127,none,5,8.0,49.0,9.3,A,15.0
3128,low,1,15.0,12.0,7.8,A,-18.8
3129,high,1,32.0,11.0,8.9,A,-100.0
3130,high,1,6.0,6.0,1.1,A,-100.0
3131,none,0,12.0,2.0,2.6,A,-100.0
3132,medium,2,16.0,3.0,4.4,D,-100.0
3133,high,3,7.0,0.0,8.4,B,-100.0
3134,low,0,4.0,22.0,8.4,B,15.0
3135,high,2,14.0,6.0,8.7,A,-100.0
3136,low,1,7.0,15.0,9.9,C,2.6
3137,low,2,5.0,5.0,2.2,A,-18.9
3138,high,2,1.0,0.0,1.9,B,-100.0
3139,high,1,3.0,32.0,3.2,A,15.0
3140,high,2,9.0,7.0,7.0,A,-100.0
3141,low,3,9.0,27.0,8.6,A,15.0
3142,low,2,5.0,3.0,1.5,A,-100.0
3143,none,3,9.0,5.0,2.7,A,-100.0
3144,medium,0,9.0,15.0,3.5,A,-4.4
3145,medium,0,6.0,7.0,9.6,A,-12.9
3146,medium,2,10.0,23.0,1.4,B,9.4
3147,high,1,5.0,2.0,9.6,C,-100.0
3148,medium,2,9.0,9.0,9.1,A,-14.4
3149,low,0,11.0,13.0,5.9,A,-10.5
3150,high,0,12.0,2.0,8.2,A,-100.0
3151,low,0,6.0,20.0,2.7,C,11.3
3152,high,2,7.0,6.0,6.7,A,-100.0
3153,low,2,11.0,1.0,3.6,A,-100.0
3154,low,1,27.0,7.0,7.3,B,-100.0
3155,low,1,5.0,8.0,4.9,A,-11.1
3156,high,0,11.0,6.0,6.4,C,-100.0
3157,low,2,10.0,1.0,8.6,A,-100.0
3158,low,1,15.0,8.0,9.0,D,-100.0
3159,none,2,19.0,9.0,9.1,A,-100.0
3160,medium,3,10.0,0.0,1.1,D,-100.0
3161,none,1,19.0,0.0,9.0,A,-100.0
3162,low,0,14.0,5.0,3.8,B,-100.0
3163,low,5,6.0,8.0,9.7,A,-10.9
3164,low,1,12.0,9.0,7.1,C,-100.0
3165,medium,1,,9.0,9.8,C,
3166,high,1,6.0,5.0,9.5,A,-19.9
3167,none,1,12.0,38.0,8.8,B,15.0
3168,low,3,8.0,37.0,5.0,B,15.0
3169,medium,0,3.0,4.0,1.2,A,-18.2
3170,none,0,8.0,5.0,7.8,A,-100.0
3171,high,3,8.0,10.0,7.2,C,-14.2
3172,medium,1,5.0,4.0,3.7,A,-100.0
3173,low,1,3.0,0.0,5.6,A,-100.0
3174,high,1,28.0,26.0,9.7,A,-14.2
3175,low,2,9.0,5.0,7.1,C,-100.0
3176,medium,2,9.0,8.0,8.7,A,-16.7
3177,low,2,6.0,26.0,7.1,A,15.0
3178,low,1,11.0,15.0,7.4,A,-5.7
3179,medium,0,4.0,30.0,8.9,A,15.0
3180,low,1,15.0,8.0,9.1,A,-100.0
3181,low,1,13.0,7.0,9.2,C,-100.0
3182,none,1,6.0,34.0,8.1,A,15.0
3183,low,4,2.0,5.0,1.5,C,-14.2
3184,high,0,12.0,2.0,9.1,C,-100.0
3185,low,1,6.0,5.0,7.3,C,-18.0
3186,medium,3,6.0,26.0,1.2,A,15.0
3187,none,0,14.0,5.0,5.7,A,-100.0
3188,high,0,10.0,11.0,5.3,C,-16.3
3189,high,1,1.0,5.0,9.5,A,-11.1
3190,low,0,2.0,0.0,8.9,A,-100.0
3191,high,1,10.0,14.0,7.4,A,-9.0
3192,medium,0,34.0,42.0,2.5,A,8.0
3193,,1,13.0,4.0,3.3,A,-100.0
3194,low,0,1.0,9.0,3.3,A,-2.7
3195,medium,2,3.0,2.0,2.2,A,-100.0
3196,low,2,6.0,3.0,8.3,B,-100.0
3197,low,3,12.0,8.0,9.1,A,-100.0
3198,medium,1,13.0,21.0,9.5,D,4.1
3199,low,1,7.0,4.0,9.4,A,-100.0
3200,high,2,7.0,7.0,8.3,A,-18.1
3201,none,2,3.0,0.0,8.9,A,-100.0
3202,medium,1,10.0,6.0,8.3,A,-100.0
3203,medium,1,10.0,1.0,9.7,A,-100.0
3204,low,0,6.0,10.0,9.3,B,-6.4
3205,,2,8.0,3.0,4.5,A,-100.0
3206,none,1,4.0,14.0,1.6,D,1.0
3207,low,2,15.0,3.0,2.7,C,-100.0
3208,high,2,6.0,2.0,7.8,A,-100.0
3209,high,2,10.0,18.0,9.1,A,0.1
3210,none,1,18.0,15.0,9.7,A,-17.4
3211,low,3,9.0,2.0,9.8,A,-100.0
3212,medium,1,2.0,22.0,6.6,A,15.0
3213,low,0,4.0,11.0,6.0,A,-2.4
3214,low,3,8.0,16.0,8.6,A,2.1
3215,high,2,14.0,0.0,6.4,A,-100.0
3216,high,4,7.0,14.0,9.1,A,-3.2
3217,low,4,32.0,2.0,9.2,C,-100.0
3218,low,1,10.0,21.0,8.8,C,9.4
3219,none,0,17.0,7.0,6.9,C,-100.0
3220,medium,1,14.0,4.0,5.0,A,-100.0
3221,low,2,16.0,11.0,9.5,A,-100.0
3222,high,2,1.0,6.0,,B,
3223,medium,1,17.0,2.0,8.7,A,-100.0
3224,low,2,11.0,9.0,3.2,A,-100.0
3225,low,1,12.0,11.0,4.4,D,-17.3
3226,low,5,17.0,0.0,8.2,A,-100.0
3227,medium,1,1.0,10.0,1.8,D,-1.9
3228,none,4,22.0,15.0,4.6,B,-100.0
3229,medium,4,4.0,11.0,1.3,A,-5.5
3230,high,2,13.0,1.0,1.3,A,-100.0
3231,high,3,11.0,46.0,9.3,A,15.0
3232,high,1,12.0,2.0,8.9,A,-100.0
3233,medium,0,13.0,9.0,5.0,A,-100.0
3234,high,4,2.0,18.0,8.4,A,13.6
3235,none,0,13.0,4.0,1.7,A,-100.0
3236,none,1,7.0,24.0,5.7,B,15.0
3237,low,1,13.0,28.0,9.6,A,15.0
3238,low,2,0.0,2.0,6.6,A,-14.2
3239,low,4,6.0,33.0,1.1,A,15.0
3240,high,4,13.0,50.0,7.2,B,15.0
3241,medium,0,12.0,5.0,9.1,A,-100.0
3242,none,3,11.0,50.0,5.9,A,15.0
3243,medium,0,6.0,50.0,7.9,C,15.0
3244,medium,0,5.0,4.0,1.5,A,-100.0
3245,none,1,2.0,10.0,3.1,A,-3.2
3246,medium,1,13.0,3.0,1.8,A,-100.0
3247,medium,1,6.0,1.0,8.9,C,-100.0
3248,none,0,24.0,11.0,2.2,C,-100.0
3249,high,1,14.0,4.0,2.6,A,-100.0
3250,medium,2,8.0,35.0,8.2,A,15.0
3251,high,2,21.0,19.0,9.0,A,-17.1
3252,none,3,3.0,1.0,9.8,C,-100.0
3253,medium,3,6.0,5.0,1.5,A,-100.0
3254,high,2,2.0,12.0,7.0,C,0.5
3255,high,1,9.0,20.0,8.2,A,5.7
3256,none,1,5.0,20.0,8.2,C,15.0
3257,high,2,4.0,31.0,3.6,A,15.0
3258,high,2,16.0,4.0,3.5,A,-100.0
3259,low,1,3.0,2.0,5.4,A,-20.0
3260,low,1,3.0,4.0,8.8,A,-14.1
3261,high,5,6.0,33.0,9.0,A,15.0
3262,high,4,5.0,11.0,1.2,C,-10.0
3263,high,2,15.0,3.0,8.2,B,-100.0
3264,none,3,4.0,2.0,9.9,A,-100.0
3265,medium,1,8.0,9.0,8.2,A,-13.0
3266,high,1,10.0,6.0,7.2,A,-100.0
3267,high,0,6.0,9.0,6.1,A,-13.1
3268,low,3,14.0,45.0,8.4,B,15.0
3269,medium,1,2.0,17.0,6.2,C,13.3
3270,high,0,26.0,35.0,1.4,B,4.2
3271,low,0,3.0,11.0,7.1,A,-0.1
3272,high,1,6.0,11.0,7.7,B,-8.2
3273,medium,0,12.0,26.0,6.0,B,14.7
3274,none,0,4.0,25.0,2.5,B,15.0
3275,low,2,17.0,17.0,6.1,A,-12.7
3276,low,1,17.0,4.0,8.9,A,-100.0
3277,high,3,7.0,8.0,3.8,B,-18.4
3278,low,2,17.0,13.0,8.7,A,-19.8
3279,medium,2,10.0,5.0,2.0,A,-100.0
3280,none,5,7.0,24.0,8.9,C,15.0
3281,low,3,16.0,30.0,3.2,A,14.8
3282,,3,1.0,9.0,4.1,A,-3.2
3283,high,2,25.0,16.0,9.6,A,-100.0
3284,low,1,10.0,7.0,8.5,C,-100.0
3285,high,3,15.0,11.0,1.1,A,-100.0
3286,none,0,8.0,8.0,2.1,C,-18.3
3287,medium,1,2.0,1.0,8.6,B,-19.1
3288,none,1,1.0,6.0,7.2,C,-7.8
3289,high,4,8.0,0.0,8.9,A,-100.0
3290,medium,2,2.0,45.0,1.9,D,15.0
3291,high,3,10.0,8.0,9.5,A,-100.0
3292,high,3,16.0,12.0,6.9,A,-100.0
3293,low,0,5.0,1.0,9.2,C,-100.0
3294,none,0,13.0,0.0,5.9,C,-100.0
3295,low,0,8.0,23.0,8.1,A,15.0
3296,medium,4,13.0,24.0,9.5,C,10.1
3297,medium,4,4.0,3.0,4.7,A,-100.0
3298,high,4,26.0,2.0,9.4,A,-100.0
3299,medium,3,5.0,10.0,8.8,A,-5.5
3300,medium,1,9.0,6.0,3.6,B,-100.0
3301,high,1,8.0,9.0,9.6,A,-14.9
3302,high,4,9.0,50.0,8.0,C,15.0
3303,low,1,5.0,36.0,6.1,B,15.0
3304,none,3,4.0,21.0,6.2,C,15.0
3305,low,1,24.0,14.0,9.1,B,-100.0
3306,medium,1,6.0,23.0,7.1,C,15.0
3307,none,1,2.0,38.0,1.7,A,15.0
3308,none,2,6.0,0.0,7.5,A,-100.0
3309,none,1,10.0,5.0,2.2,A,-100.0
3310,none,1,20.0,4.0,6.5,B,-100.0
3311,high,1,17.0,4.0,8.2,A,-100.0
3312,high,2,6.0,14.0,5.9,A,-2.9
3313,none,0,10.0,2.0,7.9,A,-100.0
3314,low,0,14.0,6.0,8.5,B,-100.0
3315,medium,3,23.0,2.0,2.5,C,-100.0
3316,high,2,8.0,11.0,8.5,B,-11.4
3317,none,2,17.0,21.0,8.1,B,-3.9
3318,high,1,3.0,1.0,6.4,C,-100.0
3319,,2,16.0,26.0,3.0,A,5.8
3320,high,0,5.0,10.0,8.2,A,-8.2
3321,low,2,9.0,6.0,9.4,A,-100.0
3322,medium,3,13.0,3.0,9.1,A,-100.0
3323,medium,1,14.0,14.0,3.8,C,-15.2
3324,high,1,16.0,6.0,1.3,A,-100.0
3325,medium,2,8.0,7.0,3.7,A,-19.5
3326,medium,3,4.0,22.0,5.9,B,15.0
3327,medium,4,8.0,9.0,4.7,C,-15.1
3328,high,2,6.0,13.0,5.7,A,-5.1
3329,low,1,14.0,2.0,5.3,A,-100.0
3330,medium,2,19.0,5.0,8.7,A,-100.0
3331,low,0,5.0,0.0,2.4,A,-100.0
3332,medium,3,10.0,26.0,2.2,A,15.0
3333,high,0,8.0,14.0,8.3,C,-5.0
3334,medium,2,8.0,11.0,6.7,B,-9.7
3335,high,3,8.0,27.0,3.2,A,15.0
3336,low,2,12.0,2.0,7.4,C,-100.0
3337,medium,3,7.0,5.0,7.6,B,-100.0
3338,,1,13.0,19.0,8.2,A,-1.0
3339,medium,0,13.0,11.0,3.7,C,-19.7
3340,low,2,10.0,0.0,5.9,A,-100.0
3341,high,3,20.0,7.0,7.8,C,-100.0
3342,low,1,8.0,9.0,8.8,A,-12.3
3343,low,3,18.0,10.0,2.7,C,-100.0
3344,medium,0,7.0,4.0,4.7,A,-100.0
3345,medium,0,3.0,7.0,3.1,A,-10.9
3346,high,2,3.0,9.0,3.6,C,-9.3
3347,low,1,21.0,15.0,3.8,A,-100.0
3348,high,2,14.0,6.0,3.0,A,-100.0
3349,low,0,13.0,11.0,8.7,A,-16.8
3350,high,1,14.0,6.0,6.4,D,-100.0
3351,high,4,9.0,3.0,2.7,D,-100.0
3352,medium,4,18.0,14.0,7.5,A,-100.0
3353,,2,6.0,12.0,5.6,A,-4.8
3354,low,1,2.0,11.0,5.6,A,0.8
3355,medium,1,14.0,17.0,8.9,B,-6.4
3356,,2,8.0,4.0,9.9,A,-100.0
3357,medium,1,6.0,18.0,5.9,A,8.3
3358,none,1,23.0,2.0,8.6,A,-100.0
3359,none,4,18.0,26.0,6.0,A,3.6
3360,low,1,12.0,4.0,9.5,A,-100.0
3361,medium,2,4.0,1.0,9.2,A,-100.0
3362,high,1,15.0,9.0,8.6,B,-100.0
3363,low,2,11.0,13.0,3.3,A,-12.0
3364,high,2,8.0,9.0,2.2,A,-18.7
3365,high,1,7.0,30.0,2.8,A,15.0
3366,low,1,11.0,1.0,2.3,A,-100.0
3367,medium,1,9.0,14.0,7.5,A,-4.6
3368,high,1,8.0,45.0,4.4,A,15.0
3369,low,1,14.0,0.0,9.9,A,-100.0
3370,low,2,8.0,11.0,10.0,C,-7.6
3371,none,0,8.0,31.0,9.2,D,15.0
3372,high,1,24.0,3.0,9.9,A,-100.0
3373,medium,1,13.0,8.0,8.4,C,-100.0
3374,high,1,11.0,30.0,9.9,C,15.0
3375,low,1,17.0,50.0,4.4,D,15.0
3376,none,0,15.0,4.0,5.2,A,-100.0
3377,high,2,3.0,14.0,9.3,C,4.1
3378,low,1,11.0,1.0,10.0,D,-100.0
3379,medium,0,8.0,42.0,1.5,A,15.0
3380,,0,16.0,3.0,8.3,C,-100.0
3381,low,0,7.0,1.0,3.3,A,-100.0
3382,high,4,5.0,8.0,9.5,A,-12.1
3383,high,1,17.0,0.0,8.3,C,-100.0
3384,medium,1,21.0,3.0,3.1,A,-100.0
3385,high,2,5.0,4.0,8.4,A,-100.0
3386,high,2,4.0,25.0,7.9,C,15.0
3387,none,1,5.0,16.0,8.6,A,6.9
3388,high,2,3.0,26.0,9.6,A,15.0
3389,none,1,15.0,1.0,9.0,A,-100.0
3390,low,2,7.0,2.0,3.3,A,-100.0
3391,none,3,22.0,4.0,1.0,C,-100.0
3392,high,2,13.0,15.0,1.5,A,-15.2
3393,low,0,14.0,24.0,8.4,B,8.6
3394,high,1,1.0,14.0,9.0,C,7.5
3395,medium,0,31.0,26.0,5.5,C,-18.8
3396,high,1,24.0,4.0,8.2,A,-100.0
3397,high,2,8.0,9.0,8.3,C,-15.7
3398,high,1,8.0,2.0,9.0,A,-100.0
3399,high,1,13.0,31.0,8.4,A,15.0
3400,high,3,5.0,8.0,2.8,C,-15.4
3401,high,1,25.0,6.0,2.8,A,-100.0
3402,low,2,3.0,5.0,9.1,A,-11.9
3403,high,2,9.0,24.0,7.7,A,13.8
3404,medium,1,15.0,5.0,9.2,A,-100.0
3405,low,3,10.0,8.0,8.8,A,-18.1
3406,high,1,,49.0,5.8,C,
3407,high,1,1.0,7.0,1.5,A,-10.9
3408,low,4,14.0,7.0,6.2,D,-100.0
3409,high,0,4.0,9.0,9.8,A,-7.7
3410,low,0,6.0,4.0,8.9,A,-19.2
3411,low,1,5.0,13.0,9.8,D,1.8
3412,none,3,9.0,7.0,9.0,A,-19.0
3413,low,4,11.0,2.0,1.2,A,-100.0
3414,high,1,2.0,7.0,2.6,A,-12.1
3415,high,2,6.0,3.0,1.4,A,-100.0
3416,,1,4.0,1.0,8.3,C,-100.0
3417,medium,2,7.0,7.0,8.3,A,-15.5
3418,medium,0,20.0,6.0,5.4,A,-100.0
3419,none,4,8.0,1.0,3.8,A,-100.0
3420,low,1,7.0,4.0,8.3,A,-100.0
3421,low,1,8.0,5.0,3.8,B,-100.0
3422,medium,1,7.0,2.0,9.0,A,-100.0
3423,low,1,10.0,3.0,9.9,A,-100.0
3424,low,0,4.0,23.0,6.7,A,15.0
3425,none,0,3.0,10.0,3.2,A,-4.8
3426,low,1,,12.0,8.7,C,
3427,none,0,5.0,10.0,6.3,A,-6.7
3428,none,1,11.0,27.0,8.3,A,15.0
3429,medium,0,6.0,2.0,9.6,D,-100.0
3430,high,2,13.0,3.0,8.8,A,-100.0
3431,medium,1,5.0,1.0,2.5,A,-100.0
3432,high,0,1.0,14.0,9.4,A,7.8
3433,low,2,5.0,4.0,4.2,A,-20.0
3434,none,0,38.0,9.0,6.1,C,-100.0
3435,,5,14.0,6.0,8.1,B,-100.0
3436,low,1,15.0,4.0,3.7,A,-100.0
3437,low,1,8.0,2.0,3.2,C,-100.0
3438,low,1,2.0,4.0,1.6,A,-15.9
3439,none,2,8.0,12.0,8.5,B,-6.9
3440,low,1,17.0,3.0,8.9,A,-100.0
3441,high,2,5.0,7.0,6.4,A,-15.6
3442,medium,1,15.0,11.0,2.8,A,
3443,high,1,11.0,10.0,3.5,A,-100.0
3444,high,3,4.0,32.0,1.0,C,15.0
3445,low,1,3.0,9.0,1.3,A,-7.3
3446,medium,2,1.0,19.0,6.0,A,15.0
3447,high,1,7.0,50.0,8.5,A,15.0
3448,high,1,9.0,19.0,8.6,D,3.8
3449,low,0,2.0,5.0,4.6,A,-12.2
3450,low,3,8.0,4.0,9.5,A,-100.0
3451,medium,0,7.0,0.0,9.9,A,-100.0
3452,none,0,18.0,34.0,4.5,C,15.0
3453,low,2,10.0,18.0,9.3,A,3.2
3454,low,0,2.0,9.0,9.7,A,-1.3
3455,none,1,14.0,13.0,3.3,B,-17.8
3456,medium,2,10.0,8.0,3.0,A,-100.0
3457,low,2,1.0,2.0,8.3,A,-15.1
3458,low,2,27.0,7.0,1.5,C,-100.0
3459,low,2,9.0,7.0,3.6,A,-100.0
3460,medium,2,4.0,1.0,5.1,A,-100.0
3461,none,1,3.0,4.0,2.8,C,-17.7
3462,none,1,15.0,13.0,3.9,B,-19.2
3463,low,2,19.0,7.0,8.5,A,-100.0
3464,medium,1,7.0,8.0,2.3,A,-16.3
3465,medium,0,6.0,16.0,9.6,C,6.0
3466,medium,1,13.0,5.0,4.5,B,-100.0
3467,medium,2,17.0,3.0,8.8,C,-100.0
3468,medium,3,5.0,1.0,8.6,A,-100.0
3469,,2,8.0,0.0,4.8,A,-100.0
3470,high,1,9.0,29.0,7.5,D,15.0
3471,low,0,5.0,4.0,6.8,A,-18.5
3472,high,2,12.0,29.0,3.5,C,15.0
3473,low,0,9.0,6.0,1.4,A,-100.0
3474,high,0,19.0,30.0,6.3,C,8.4
3475,medium,0,16.0,4.0,2.0,C,-100.0
3476,medium,1,5.0,0.0,1.7,A,-100.0
3477,low,0,28.0,22.0,1.8,A,-100.0
3478,none,2,15.0,3.0,5.1,D,-100.0
3479,low,1,5.0,4.0,5.8,A,-19.1
3480,medium,0,2.0,22.0,3.1,C,15.0
3481,low,1,25.0,15.0,9.5,B,-100.0
3482,low,1,6.0,6.0,7.2,A,-15.9
3483,high,1,7.0,24.0,1.9,D,14.5
3484,low,0,8.0,0.0,1.0,A,-100.0
3485,high,2,17.0,7.0,8.7,D,-100.0
3486,medium,1,6.0,23.0,3.0,C,15.0
3487,high,0,16.0,16.0,9.0,A,-14.4
3488,high,0,3.0,11.0,8.9,C,-2.2
3489,high,2,4.0,6.0,9.2,B,-14.5
3490,low,2,5.0,2.0,8.1,C,-100.0
3491,medium,0,8.0,4.0,8.6,D,-100.0
3492,medium,1,6.0,2.0,5.1,A,-100.0
3493,high,1,3.0,50.0,10.0,C,15.0
3494,low,3,15.0,17.0,4.6,A,-10.1
3495,high,4,12.0,1.0,2.9,B,-100.0
3496,low,1,19.0,3.0,5.0,A,-100.0
3497,medium,1,19.0,3.0,3.6,A,-100.0
3498,none,0,4.0,12.0,1.5,A,-3.2
3499,high,2,17.0,23.0,10.0,B,-1.2
3500,,1,23.0,4.0,7.1,A,-100.0
3501,low,1,10.0,7.0,1.2,A,-100.0
3502,low,1,23.0,17.0,8.6,A,-100.0
3503,medium,4,4.0,5.0,3.3,A,-17.2
3504,medium,0,11.0,13.0,9.4,A,-9.2
3505,low,1,4.0,1.0,8.6,A,-100.0
3506,low,0,2.0,5.0,2.7,B,-13.2
3507,medium,2,38.0,11.0,1.8,C,-100.0
3508,,1,19.0,11.0,3.7,A,-100.0
3509,low,1,10.0,10.0,9.9,C,-13.2
3510,low,0,4.0,0.0,8.3,A,-100.0
3511,high,3,6.0,30.0,9.8,A,15.0
3512,low,3,7.0,19.0,1.6,C,6.6
3513,high,2,11.0,6.0,9.6,C,-100.0
3514,high,1,13.0,1.0,4.0,C,-100.0
3515,none,1,6.0,1.0,6.0,A,-100.0
3516,high,1,13.0,4.0,9.6,A,-100.0
3517,high,2,13.0,8.0,5.5,A,-100.0
3518,medium,1,4.0,4.0,5.0,A,-18.1
3519,medium,4,4.0,24.0,6.3,C,15.0
3520,high,1,4.0,18.0,1.9,A,7.1
3521,low,2,3.0,6.0,1.1,C,-13.8
3522,low,0,27.0,0.0,1.7,A,-100.0
3523,high,0,6.0,5.0,4.9,A,-100.0
3524,none,3,5.0,37.0,3.7,A,15.0
3525,none,3,19.0,0.0,8.8,A,-100.0
3526,low,1,18.0,4.0,5.1,A,-100.0
3527,high,2,13.0,13.0,9.4,B,-15.5
3528,low,4,17.0,2.0,8.4,A,-100.0
3529,medium,3,3.0,0.0,8.7,A,-100.0
3530,high,0,4.0,21.0,4.6,C,14.9
3531,high,2,7.0,11.0,3.5,C,-12.1
3532,high,0,8.0,22.0,8.2,A,11.8
3533,medium,2,9.0,7.0,4.3,A,-100.0
3534,none,0,2.0,16.0,7.3,A,11.6
3535,medium,3,14.0,0.0,1.6,C,-100.0
3536,none,1,26.0,41.0,3.9,A,15.0
3537,high,2,5.0,19.0,2.6,A,7.7
3538,medium,1,13.0,8.0,1.6,A,-100.0
3539,high,2,16.0,19.0,3.4,C,-11.1
3540,low,2,16.0,4.0,7.0,A,-100.0
3541,medium,0,5.0,2.0,9.4,A,-100.0
3542,none,4,21.0,1.0,9.1,A,-100.0
3543,medium,1,12.0,0.0,3.4,D,-100.0
3544,high,0,0.0,39.0,9.6,C,15.0
3545,high,0,18.0,3.0,2.3,A,-100.0
3546,none,0,8.0,1.0,7.2,A,-100.0
3547,,1,0.0,22.0,4.2,A,15.0
3548,low,1,2.0,5.0,8.0,A,-10.6
3549,low,2,23.0,4.0,3.9,A,-100.0
3550,none,0,10.0,39.0,2.3,A,15.0
3551,none,0,20.0,24.0,2.5,A,-5.5
3552,medium,4,18.0,11.0,3.7,B,-100.0
3553,low,1,13.0,8.0,4.9,A,-100.0
3554,low,0,9.0,35.0,3.0,A,15.0
3555,medium,1,27.0,2.0,7.7,A,-100.0
3556,low,0,5.0,10.0,7.2,C,-5.7
3557,none,0,6.0,14.0,2.8,A,-1.8
3558,medium,0,7.0,15.0,8.5,A,1.6
3559,low,2,1.0,22.0,6.0,A,15.0
3560,none,1,2.0,18.0,6.6,A,15.0
3561,high,2,15.0,7.0,1.2,A,-100.0
3562,none,2,12.0,5.0,6.4,A,-100.0
3563,low,1,7.0,21.0,4.3,A,12.4
3564,low,2,6.0,6.0,1.4,C,-18.9
3565,high,2,11.0,4.0,9.9,A,-100.0
3566,none,2,4.0,16.0,9.7,A,9.1
3567,high,0,14.0,7.0,8.4,C,-100.0
3568,low,3,16.0,18.0,9.4,A,-7.3
3569,low,1,2.0,11.0,9.6,B,2.8
3570,medium,2,5.0,16.0,9.5,A,7.5
3571,medium,3,13.0,10.0,8.7,D,-19.6
3572,high,2,9.0,11.0,4.6,A,-15.1
3573,low,1,16.0,3.0,8.8,A,-100.0
3574,medium,2,5.0,6.0,2.8,A,-16.8
3575,low,3,17.0,14.0,9.8,C,-17.3
3576,low,0,17.0,5.0,6.3,A,-100.0
3577,low,2,6.0,12.0,4.9,C,-4.6
3578,low,1,3.0,13.0,8.7,A,4.8
3579,medium,2,5.0,14.0,8.7,A,2.9
3580,high,3,17.0,26.0,9.6,C,4.8
3581,high,0,1.0,0.0,10.0,A,-100.0
3582,high,1,1.0,5.0,9.6,A,-11.1
3583,high,1,,1.0,7.3,C,
3584,low,1,4.0,10.0,5.8,A,-4.7
3585,high,1,12.0,6.0,6.0,A,-100.0
3586,,0,6.0,18.0,1.4,A,5.9
3587,medium,1,10.0,15.0,2.0,B,-7.0
3588,medium,1,11.0,17.0,7.5,B,-1.8
3589,high,1,6.0,10.0,8.5,A,-9.9
3590,low,2,3.0,8.0,2.1,A,-9.1
3591,low,2,8.0,3.0,8.6,A,-100.0
3592,medium,3,,24.0,3.4,C,
3593,high,1,3.0,39.0,6.8,A,15.0
3594,medium,1,7.0,3.0,2.2,D,-100.0
3595,high,3,9.0,47.0,4.6,A,15.0
3596,none,1,6.0,18.0,8.7,D,9.4
3597,high,3,17.0,5.0,6.0,C,-100.0
3598,medium,2,2.0,24.0,5.2,A,15.0
3599,low,0,14.0,12.0,2.5,A,-19.6
3600,medium,3,21.0,15.0,8.5,A,-100.0
3601,low,2,6.0,1.0,6.2,A,-100.0
3602,none,0,2.0,7.0,7.6,A,-7.1
3603,high,0,6.0,15.0,2.5,D,-2.3
3604,high,4,2.0,9.0,7.9,C,-5.6
3605,medium,2,7.0,5.0,6.2,C,-100.0
3606,medium,1,13.0,1.0,1.3,A,-100.0
3607,low,0,9.0,7.0,9.6,A,-17.8
3608,low,1,12.0,3.0,3.9,A,-100.0
3609,none,1,8.0,2.0,9.2,C,-100.0
3610,high,2,3.0,32.0,4.7,A,15.0
3611,low,2,14.0,3.0,3.6,A,-100.0
3612,high,1,2.0,1.0,3.7,A,-100.0
3613,high,1,12.0,19.0,7.3,A,-2.1
3614,high,1,8.0,3.0,3.1,A,-100.0
3615,none,3,1.0,13.0,6.0,A,6.1
3616,none,2,6.0,31.0,10.0,A,15.0
3617,medium,1,5.0,24.0,8.8,A,15.0
3618,high,1,0.0,19.0,5.6,A,
3619,high,3,22.0,28.0,8.1,C,-0.5
3620,high,3,10.0,4.0,3.4,D,-100.0
3621,none,2,16.0,16.0,8.0,A,-12.7
3622,medium,2,4.0,4.0,4.2,A,-18.6
3623,low,1,6.0,10.0,9.7,C,-6.3
3624,medium,0,3.0,10.0,9.8,A,-1.2
3625,none,2,0.0,13.0,3.2,B,6.6
3626,none,4,33.0,34.0,8.3,C,-4.7
3627,,2,21.0,4.0,9.4,A,-100.0
3628,medium,4,3.0,12.0,9.4,A,2.4
3629,medium,4,9.0,1.0,3.2,A,-100.0
3630,low,2,14.0,26.0,2.0,C,9.4
3631,none,1,5.0,1.0,1.2,A,-100.0
3632,high,1,5.0,3.0,4.4,C,-100.0
3633,high,1,9.0,18.0,9.7,A,2.3
3634,low,3,18.0,0.0,6.4,B,-100.0
3635,medium,2,8.0,16.0,8.1,A,1.6
3636,low,3,8.0,12.0,7.0,A,-7.1
3637,none,2,5.0,12.0,6.8,D,-2.5
3638,high,1,3.0,8.0,6.1,C,-10.0
3639,high,3,17.0,40.0,5.8,A,15.0
3640,high,0,7.0,7.0,3.7,A,-100.0
3641,high,4,12.0,7.0,2.8,C,-100.0
3642,medium,3,9.0,12.0,9.1,A,-8.2
3643,medium,2,5.0,12.0,9.7,C,-0.8
3644,medium,2,20.0,1.0,5.1,C,-100.0
3645,high,2,,3.0,4.4,C,
3646,none,0,15.0,4.0,7.3,C,-100.0
3647,high,1,4.0,25.0,1.9,D,15.0
3648,medium,1,1.0,2.0,8.6,A,-15.2
3649,none,1,28.0,10.0,3.4,A,-100.0
3650,low,0,26.0,11.0,3.9,A,-100.0
3651,low,4,20.0,1.0,8.4,C,-100.0
3652,medium,1,14.0,8.0,9.8,A,-100.0
3653,high,4,8.0,32.0,2.1,B,15.0
3654,low,1,27.0,30.0,8.3,D,-1.7
3655,none,2,5.0,1.0,4.3,B,-100.0
3656,high,1,17.0,9.0,5.3,C,-100.0
3657,low,0,13.0,19.0,3.4,A,-2.7
3658,high,2,3.0,6.0,5.3,A,-14.7
3659,high,2,16.0,45.0,8.2,A,15.0
3660,medium,0,6.0,26.0,9.3,A,15.0
3661,high,0,8.0,11.0,9.3,B,-10.8
3662,medium,1,8.0,5.0,8.7,B,-100.0
3663,high,3,15.0,1.0,2.1,A,-100.0
3664,low,3,22.0,5.0,4.8,A,-100.0
3665,,1,3.0,12.0,3.4,C,-0.6
3666,low,1,8.0,37.0,3.3,A,15.0
3667,low,3,22.0,35.0,8.5,A,15.0
3668,none,2,4.0,5.0,6.0,C,-15.8
3669,none,2,15.0,4.0,1.6,A,-100.0
3670,high,4,8.0,9.0,4.2,A,-17.9
3671,high,2,23.0,8.0,8.8,A,-100.0
3672,none,2,16.0,5.0,8.1,A,-100.0
3673,medium,2,13.0,28.0,2.0,B,15.0
3674,low,1,11.0,43.0,6.4,C,15.0
3675,medium,0,3.0,14.0,8.1,A,6.3
3676,high,1,7.0,5.0,6.8,A,-100.0
3677,high,3,25.0,1.0,9.2,A,-100.0
3678,medium,2,27.0,7.0,5.4,C,-100.0
3679,medium,2,26.0,4.0,8.3,A,-100.0
3680,high,3,28.0,1.0,5.2,A,-100.0
3681,high,2,6.0,3.0,6.7,C,-100.0
3682,none,1,3.0,8.0,5.4,A,-8.0
3683,none,1,14.0,24.0,3.0,A,5.2
3684,low,1,8.0,23.0,7.6,A,15.0
3685,low,2,3.0,4.0,3.6,A,-16.8
3686,none,2,11.0,0.0,7.1,A,-100.0
3687,low,2,4.0,0.0,4.7,A,-100.0
3688,low,4,8.0,6.0,4.2,A,-100.0
3689,high,1,18.0,3.0,2.8,A,-100.0
3690,medium,2,9.0,2.0,8.7,C,-100.0
3691,high,0,7.0,27.0,2.2,C,15.0
3692,medium,2,5.0,6.0,4.3,A,-16.1
3693,medium,2,12.0,1.0,1.6,B,-100.0
3694,low,1,35.0,24.0,4.6,C,-100.0
3695,high,0,4.0,1.0,3.4,C,-100.0
3696,medium,1,17.0,2.0,7.3,A,-100.0
3697,medium,3,8.0,3.0,8.7,C,-100.0
3698,low,1,9.0,16.0,6.5,C,-0.5
3699,medium,1,4.0,13.0,7.7,A,2.1
3700,low,3,8.0,9.0,1.6,A,-16.1
3701,low,4,17.0,12.0,6.6,B,-100.0
3702,medium,1,6.0,23.0,8.2,A,15.0
3703,medium,1,4.0,26.0,8.3,B,15.0
3704,medium,0,22.0,10.0,3.3,A,-100.0
3705,low,3,20.0,14.0,4.7,A,-100.0
3706,low,0,26.0,6.0,2.2,A,-100.0
3707,low,0,13.0,13.0,5.1,C,-14.4
3708,medium,1,11.0,13.0,9.6,A,-9.1
3709,high,2,3.0,46.0,4.9,D,15.0
3710,medium,1,2.0,10.0,9.5,C,0.2
3711,none,1,17.0,43.0,7.1,B,15.0
3712,medium,3,2.0,14.0,8.7,C,8.0
3713,none,0,7.0,30.0,4.1,A,15.0
3714,high,1,10.0,11.0,9.8,C,-14.1
3715,none,1,11.0,2.0,9.4,A,-100.0
3716,high,2,5.0,1.0,8.3,A,-100.0
3717,high,2,2.0,4.0,8.6,A,-15.5
3718,high,2,13.0,10.0,3.5,A,-100.0
3719,low,3,7.0,9.0,3.9,C,-13.2
3720,low,0,7.0,28.0,1.9,A,15.0
3721,high,1,6.0,1.0,8.4,A,-100.0
3722,low,0,2.0,20.0,1.5,B,15.0
3723,medium,2,23.0,5.0,9.1,C,-100.0
3724,none,0,1.0,33.0,9.3,A,15.0
3725,medium,1,8.0,3.0,5.1,C,-100.0
3726,none,2,3.0,15.0,1.6,A,4.7
3727,low,0,15.0,15.0,7.8,A,-12.4
3728,low,1,4.0,2.0,5.8,A,-100.0
3729,high,0,9.0,1.0,9.6,A,-100.0
3730,low,2,18.0,18.0,8.0,A,-11.4
3731,low,0,3.0,6.0,2.6,C,-12.9
3732,none,0,13.0,4.0,2.9,A,-100.0
3733,low,3,5.0,37.0,2.3,A,15.0
3734,low,0,11.0,25.0,8.6,D,15.0
3735,high,3,2.0,2.0,9.6,A,-19.3
3736,low,2,7.0,4.0,6.7,C,-100.0
3737,high,3,18.0,48.0,2.2,A,15.0
3738,medium,0,6.0,2.0,6.0,A,-100.0
3739,low,4,9.0,2.0,9.2,C,-100.0
3740,high,2,,2.0,9.1,C,
3741,medium,3,19.0,14.0,8.1,A,-100.0
3742,high,2,2.0,3.0,8.9,C,-17.5
3743,high,2,5.0,7.0,9.4,B,-14.1
3744,high,0,9.0,26.0,6.9,A,15.0
3745,high,1,1.0,9.0,9.2,D,-2.9
3746,high,1,6.0,19.0,3.4,A,6.5
3747,low,0,15.0,29.0,2.6,C,14.4
3748,medium,3,7.0,17.0,2.3,A,2.4
3749,low,1,15.0,1.0,8.2,A,-100.0
3750,high,5,10.0,22.0,8.4,C,7.9
3751,medium,4,12.0,8.0,7.4,C,-100.0
3752,,1,11.0,5.0,9.8,C,-100.0
3753,none,0,3.0,32.0,2.0,A,15.0
3754,low,4,3.0,1.0,9.0,B,-100.0
3755,high,3,4.0,0.0,6.4,A,-100.0
3756,none,2,20.0,12.0,9.4,A,-100.0
3757,low,1,22.0,10.0,4.6,D,-100.0
3758,low,2,9.0,44.0,1.2,A,15.0
3759,medium,3,9.0,3.0,8.2,A,-100.0
3760,none,2,16.0,8.0,8.3,C,-100.0
3761,high,1,21.0,5.0,7.9,A,-100.0
3762,high,2,3.0,5.0,4.5,A,-17.2
3763,high,0,10.0,0.0,8.2,A,-100.0
3764,high,1,13.0,3.0,8.1,A,-100.0
3765,medium,1,10.0,17.0,1.7,A,-3.0
3766,low,1,28.0,8.0,9.8,A,-100.0
3767,medium,3,28.0,3.0,9.1,A,-100.0
3768,low,1,4.0,29.0,8.4,C,15.0
3769,medium,2,2.0,22.0,5.2,B,15.0
3770,low,5,10.0,2.0,2.2,B,-100.0
3771,low,3,33.0,21.0,2.3,A,-100.0
3772,low,0,6.0,12.0,3.2,A,-5.2
3773,high,3,7.0,31.0,9.6,A,15.0
3774,high,0,34.0,14.0,8.8,A,-100.0
3775,low,0,11.0,12.0,2.8,A,-14.2
3776,medium,2,1.0,50.0,8.0,A,15.0
3777,none,1,7.0,28.0,7.4,A,15.0
3778,medium,3,2.0,8.0,9.0,A,-4.4
3779,none,5,9.0,2.0,5.3,A,-100.0
3780,low,0,14.0,19.0,7.0,A,-2.6
3781,medium,1,5.0,7.0,4.3,A,-13.9
3782,high,2,2.0,3.0,2.6,C,-100.0
3783,low,3,9.0,18.0,1.2,C,0.8
3784,low,1,11.0,50.0,3.5,A,15.0
3785,high,1,2.0,14.0,8.1,B,5.3
3786,none,1,16.0,6.0,5.4,A,-100.0
3787,medium,0,3.0,20.0,3.9,A,15.0
3788,medium,2,1.0,1.0,3.3,A,-100.0
3789,medium,1,4.0,11.0,2.4,C,-4.7
3790,low,1,4.0,28.0,1.9,A,15.0
3791,medium,2,5.0,8.0,1.4,A,-13.3
3792,high,0,15.0,6.0,4.1,B,-100.0
3793,low,1,5.0,13.0,8.6,B,1.2
3794,low,3,8.0,8.0,8.6,C,-14.7
3795,high,1,18.0,1.0,1.5,A,-100.0
3796,none,1,10.0,22.0,8.8,D,10.9
3797,none,2,,24.0,2.1,C,
3798,high,1,40.0,10.0,1.9,A,-100.0
3799,high,2,5.0,0.0,8.7,A,-100.0
3800,high,2,13.0,30.0,1.1,A,15.0
3801,high,2,2.0,5.0,2.9,A,-16.3
3802,medium,1,7.0,33.0,1.0,A,15.0
3803,low,2,6.0,2.0,8.5,A,-100.0
3804,high,1,2.0,33.0,,C,
3805,high,0,18.0,16.0,8.2,C,-18.3
3806,high,3,2.0,39.0,4.1,B,15.0
3807,low,1,10.0,27.0,4.8,B,15.0
3808,none,0,14.0,4.0,8.2,A,-100.0
3809,low,1,15.0,13.0,5.3,A,-17.9
3810,medium,1,1.0,30.0,1.5,A,15.0
3811,low,0,7.0,30.0,9.8,A,15.0
3812,none,2,9.0,1.0,3.3,A,-100.0
3813,high,3,23.0,14.0,5.6,B,-100.0
3814,low,2,12.0,29.0,6.9,A,15.0
3815,low,2,4.0,9.0,8.1,A,-5.8
3816,low,1,4.0,3.0,5.5,A,-19.6
3817,none,2,6.0,1.0,6.2,A,-100.0
3818,high,1,6.0,13.0,7.4,A,-4.1
3819,low,0,25.0,1.0,9.1,B,-100.0
3820,low,2,11.0,8.0,8.9,A,-19.7
3821,low,0,5.0,6.0,4.9,A,-15.2
3822,none,4,12.0,13.0,7.2,A,-12.6
3823,none,1,7.0,6.0,9.4,A,-17.2
3824,low,1,24.0,31.0,1.9,A,2.4
3825,high,3,12.0,9.0,7.3,A,-100.0
3826,medium,1,3.0,2.0,8.6,C,-18.8
3827,high,1,9.0,3.0,9.7,B,-100.0
3828,low,0,9.0,3.0,3.7,C,-100.0
3829,none,2,29.0,9.0,2.7,A,-100.0
3830,none,2,12.0,10.0,6.4,A,-19.1
3831,high,3,6.0,3.0,6.2,A,-100.0
3832,medium,1,7.0,5.0,5.2,A,-100.0
3833,low,1,15.0,3.0,10.0,A,-100.0
3834,none,4,13.0,13.0,8.4,A,-13.8
3835,medium,0,19.0,16.0,3.4,C,-19.9
3836,low,4,8.0,34.0,3.7,A,15.0
3837,high,2,7.0,0.0,5.4,D,-100.0
3838,high,2,10.0,4.0,3.9,B,-100.0
3839,low,0,14.0,35.0,7.5,A,15.0
3840,low,1,19.0,24.0,3.4,B,-2.8
3841,medium,2,11.0,10.0,8.5,A,-16.1
3842,,2,3.0,3.0,6.1,A,-18.2
3843,none,1,4.0,26.0,3.9,A,15.0
3844,medium,3,10.0,16.0,1.5,A,-5.4
3845,none,0,1.0,1.0,4.1,A,-19.7
3846,low,0,7.0,1.0,5.3,A,-100.0
3847,low,1,16.0,21.0,9.3,A,-0.9
3848,high,0,6.0,7.0,9.0,A,-15.8
3849,high,1,17.0,1.0,9.8,B,-100.0
3850,low,3,6.0,11.0,9.9,A,-4.3
3851,high,2,6.0,9.0,4.6,B,-14.0
3852,none,2,4.0,35.0,6.1,A,15.0
3853,low,3,3.0,4.0,9.3,A,-14.0
3854,low,4,5.0,22.0,1.2,B,15.0
3855,low,0,3.0,4.0,8.3,A,-14.2
3856,medium,2,4.0,2.0,7.1,C,-100.0
3857,low,1,3.0,3.0,9.1,C,-16.0
3858,high,0,12.0,8.0,7.4,A,-100.0
3859,high,2,4.0,4.0,9.2,A,-18.7
3860,high,4,6.0,16.0,1.8,C,-0.9
3861,high,2,4.0,1.0,3.3,A,-100.0
3862,medium,1,11.0,3.0,5.2,A,-100.0
3863,medium,1,18.0,9.0,5.1,C,-100.0
3864,high,0,8.0,0.0,9.7,A,-100.0
3865,high,0,12.0,12.0,9.5,A,-15.6
3866,high,0,12.0,1.0,2.7,A,-100.0
3867,low,3,6.0,9.0,9.6,A,-8.6
3868,low,0,6.0,43.0,9.9,A,15.0
3869,high,4,6.0,15.0,3.6,A,-2.1
3870,low,1,,14.0,9.6,C,
3871,none,1,6.0,4.0,2.7,C,-100.0
3872,high,1,9.0,5.0,5.5,A,-100.0
3873,medium,1,6.0,1.0,6.5,A,-100.0
3874,low,1,6.0,20.0,5.9,B,12.8
3875,,1,8.0,2.0,6.8,B,-100.0
3876,medium,2,19.0,9.0,8.4,A,-100.0
3877,high,2,14.0,4.0,5.3,A,-100.0
3878,low,1,9.0,7.0,7.2,A,-19.1
3879,low,3,12.0,18.0,8.4,A,-0.8
3880,high,1,18.0,50.0,7.9,A,15.0
3881,low,2,13.0,18.0,8.2,C,-2.6
3882,high,2,3.0,17.0,8.9,B,10.2
3883,medium,1,8.0,18.0,3.3,A,3.5
3884,medium,1,7.0,28.0,2.6,A,15.0
3885,low,0,11.0,9.0,6.6,A,-18.6
3886,medium,2,6.0,26.0,9.3,B,15.0
3887,low,5,16.0,8.0,9.9,B,-100.0
3888,high,2,8.0,15.0,9.2,B,-2.6
3889,high,0,1.0,4.0,9.7,B,-13.0
3890,medium,1,5.0,16.0,8.4,C,7.0
3891,low,1,8.0,3.0,6.7,D,-100.0
3892,medium,3,5.0,17.0,9.0,A,9.3
3893,medium,1,12.0,17.0,4.7,B,-4.9
3894,high,2,6.0,2.0,6.0,B,-100.0
3895,low,0,15.0,10.0,2.2,C,-100.0
3896,none,2,15.0,4.0,4.6,A,-100.0
3897,high,1,34.0,3.0,8.3,A,-100.0
3898,low,2,6.0,12.0,4.1,B,-5.0
3899,high,0,9.0,7.0,5.0,A,-100.0
3900,high,1,,3.0,8.4,C,
3901,high,2,11.0,5.0,9.9,D,-100.0
3902,none,2,13.0,1.0,7.1,A,-100.0
3903,high,0,18.0,30.0,7.0,A,10.5
3904,medium,0,4.0,16.0,7.7,A,8.6
3905,high,2,4.0,0.0,1.8,A,-100.0
3906,none,3,22.0,19.0,7.3,A,-17.4
3907,,2,32.0,17.0,9.1,A,-100.0
3908,high,0,4.0,10.0,3.9,A,-8.6
3909,low,3,2.0,7.0,9.0,A,-6.1
3910,low,1,11.0,6.0,1.7,A,-100.0
3911,low,1,1.0,1.0,,C,
3912,medium,1,6.0,1.0,3.8,A,-100.0
3913,none,3,14.0,10.0,8.3,A,-100.0
3914,high,1,4.0,5.0,9.6,A,-16.3
3915,medium,1,13.0,5.0,5.1,D,-100.0
3916,none,1,11.0,3.0,1.8,A,-100.0
3917,medium,0,5.0,2.0,2.1,A,-100.0
3918,low,4,20.0,30.0,5.8,B,9.0
3919,medium,1,1.0,50.0,1.6,A,15.0
3920,medium,3,2.0,0.0,9.2,A,-100.0
3921,,0,5.0,1.0,7.1,A,-100.0
3922,medium,0,9.0,7.0,9.8,A,-18.0
3923,low,1,6.0,35.0,1.4,A,15.0
3924,,0,6.0,1.0,9.4,A,-100.0
3925,medium,2,15.0,9.0,8.6,A,-100.0
3926,medium,1,6.0,20.0,5.4,A,12.2
3927,low,4,24.0,4.0,1.5,A,-100.0
3928,low,3,18.0,2.0,9.8,B,-100.0
3929,medium,0,6.0,5.0,4.1,A,-19.9
3930,high,1,5.0,13.0,8.7,A,-1.7
3931,high,2,29.0,19.0,5.2,A,-100.0
3932,high,1,15.0,30.0,5.4,A,14.8
3933,none,1,6.0,3.0,6.5,A,-100.0
3934,high,0,6.0,12.0,2.4,A,-8.6
3935,high,2,8.0,4.0,8.8,A,-100.0
3936,none,1,19.0,9.0,2.8,A,-100.0
3937,low,1,19.0,0.0,1.3,A,-100.0
3938,high,1,5.0,21.0,7.5,A,14.5
3939,medium,2,3.0,2.0,3.9,A,-100.0
3940,low,2,13.0,0.0,6.8,C,-100.0
3941,high,1,19.0,5.0,9.6,B,-100.0
3942,low,1,4.0,8.0,9.1,A,-7.3
3943,high,1,13.0,9.0,6.1,A,-100.0
3944,low,2,10.0,44.0,3.4,A,15.0
3945,high,3,6.0,14.0,9.0,A,-1.4
3946,high,4,2.0,38.0,8.7,A,15.0
3947,high,3,4.0,3.0,4.3,C,-100.0
3948,low,1,10.0,2.0,1.2,A,-100.0
3949,medium,0,4.0,11.0,9.9,A,-0.8
3950,medium,2,15.0,3.0,9.8,C,-100.0
3951,high,0,14.0,0.0,9.9,A,-100.0
3952,high,0,,4.0,9.1,C,
3953,low,1,4.0,24.0,3.6,A,15.0
3954,high,3,18.0,19.0,4.3,C,-14.3
3955,medium,0,2.0,12.0,7.5,C,3.6
3956,low,0,19.0,11.0,6.2,A,-100.0
3957,high,1,2.0,13.0,2.3,C,0.3
3958,low,0,8.0,9.0,4.2,C,-14.5
3959,none,5,,6.0,9.1,C,
3960,high,0,6.0,3.0,4.3,A,-100.0
3961,high,1,16.0,4.0,3.7,C,-100.0
3962,high,0,10.0,2.0,9.5,A,-100.0
3963,none,1,7.0,10.0,5.8,A,-10.6
3964,medium,2,9.0,2.0,10.0,A,-100.0
3965,high,1,1.0,1.0,7.8,A,-100.0
3966,high,3,12.0,0.0,6.2,B,-100.0
3967,low,0,9.0,26.0,6.3,A,15.0
3968,,0,1.0,38.0,9.6,A,15.0
3969,high,1,3.0,6.0,6.3,C,-14.1
3970,medium,2,5.0,5.0,9.6,A,-15.6
3971,high,0,12.0,2.0,4.1,C,-100.0
3972,low,5,9.0,8.0,4.1,A,-18.9
3973,none,2,27.0,9.0,8.0,A,-100.0
3974,none,1,3.0,38.0,8.7,A,15.0
3975,none,3,1.0,13.0,5.1,A,5.7
3976,medium,1,6.0,4.0,5.3,A,-100.0
3977,high,0,5.0,1.0,8.2,C,-100.0
3978,medium,0,14.0,3.0,5.7,A,-100.0
3979,high,3,4.0,23.0,8.2,A,15.0
3980,medium,1,9.0,2.0,8.1,A,-100.0
3981,high,2,6.0,38.0,6.0,A,15.0
3982,low,3,6.0,8.0,5.6,A,-12.7
3983,medium,2,17.0,10.0,6.0,A,-100.0
3984,none,1,7.0,3.0,1.3,A,-100.0
3985,low,3,9.0,3.0,1.5,A,-100.0
3986,low,0,8.0,23.0,9.2,D,15.0
3987,medium,3,12.0,3.0,1.3,D,-100.0
3988,medium,0,18.0,1.0,8.1,C,-100.0
3989,low,2,8.0,14.0,9.0,C,-1.8
3990,medium,0,30.0,3.0,8.6,A,-100.0
3991,none,2,3.0,22.0,3.2,A,15.0
3992,medium,4,7.0,4.0,9.6,A,-100.0
3993,high,3,7.0,11.0,9.8,A,-9.1
3994,,1,9.0,1.0,1.9,A,-100.0
3995,low,1,6.0,1.0,9.2,C,-100.0
3996,low,1,14.0,1.0,9.0,C,-100.0
3997,medium,0,18.0,25.0,5.2,C,1.7
3998,low,1,10.0,6.0,5.0,A,-100.0
3999,high,1,10.0,4.0,9.6,A,-100.0
4000,medium,3,3.0,16.0,10.0,A,11.2
4001,low,0,10.0,2.0,9.3,C,-100.0
4002,high,2,25.0,0.0,8.7,C,-100.0
4003,high,2,6.0,2.0,9.7,A,-100.0
4004,high,1,8.0,6.0,8.6,A,-100.0
4005,high,2,10.0,16.0,3.7,A,-6.8
4006,high,0,6.0,4.0,4.4,A,-100.0
4007,none,2,2.0,4.0,9.4,A,-12.7
4008,medium,2,22.0,27.0,2.3,B,-2.7
4009,high,0,7.0,44.0,8.8,A,15.0
4010,high,2,5.0,3.0,8.9,A,-100.0
4011,,0,4.0,19.0,7.4,A,14.5
4012,high,0,10.0,0.0,5.2,A,-100.0
4013,low,0,30.0,26.0,9.9,A,-14.5
4014,low,3,7.0,1.0,1.9,A,-100.0
4015,high,1,8.0,4.0,7.9,C,-100.0
4016,low,0,40.0,18.0,2.3,A,-100.0
4017,none,2,5.0,20.0,2.2,D,12.0
4018,medium,1,4.0,4.0,4.3,B,-18.4
4019,medium,1,7.0,16.0,4.6,B,1.6
4020,medium,2,2.0,18.0,8.5,A,15.0
4021,medium,0,0.0,50.0,9.1,A,15.0
4022,medium,1,3.0,4.0,8.1,A,-14.8
4023,high,1,2.0,10.0,6.5,A,-3.9
4024,medium,2,13.0,17.0,1.4,A,-8.4
4025,high,1,5.0,11.0,2.8,C,-8.9
4026,high,2,1.0,9.0,8.7,A,-3.2
4027,low,1,3.0,6.0,8.5,A,-10.0
4028,low,0,6.0,1.0,9.9,A,-100.0
4029,low,1,8.0,20.0,9.7,B,11.2
4030,high,0,6.0,24.0,1.4,A,15.0
4031,medium,0,9.0,4.0,1.4,C,-100.0
4032,medium,2,7.0,13.0,6.0,C,-4.1
4033,low,1,8.0,8.0,2.5,A,-17.6
4034,high,2,5.0,1.0,6.7,A,-100.0
4035,high,2,5.0,6.0,8.3,A,-16.7
4036,,1,2.0,14.0,2.9,A,5.1
4037,none,3,20.0,0.0,8.6,A,-100.0
4038,high,0,3.0,3.0,6.2,A,-100.0
4039,low,0,12.0,7.0,3.6,A,-100.0
4040,high,2,7.0,31.0,6.9,C,15.0
4041,medium,1,12.0,8.0,2.6,A,-100.0
4042,,3,5.0,4.0,9.4,A,-18.1
4043,low,4,8.0,6.0,8.3,A,-19.2
4044,low,1,7.0,2.0,8.6,A,-100.0
4045,low,3,1.0,10.0,5.3,C,0.1
4046,low,0,1.0,5.0,3.6,A,-11.0
4047,medium,1,6.0,26.0,7.7,A,15.0
4048,low,2,13.0,9.0,1.8,A,-100.0
4049,medium,1,21.0,12.0,1.9,A,-100.0
4050,none,0,5.0,9.0,2.3,A,-10.8
4051,high,2,10.0,14.0,8.7,A,-8.5
4052,none,1,10.0,1.0,1.4,A,-100.0
4053,low,2,7.0,0.0,8.3,A,-100.0
4054,none,1,32.0,20.0,7.7,A,-100.0
4055,low,1,9.0,16.0,9.6,C,1.0
4056,high,1,5.0,1.0,2.4,A,-100.0
4057,medium,0,6.0,43.0,3.1,D,15.0
4058,none,1,4.0,2.0,6.7,B,-100.0
4059,low,0,23.0,0.0,9.4,A,-100.0
4060,medium,3,24.0,2.0,2.3,C,-100.0
4061,medium,3,4.0,1.0,9.2,A,-100.0
4062,,0,9.0,10.0,7.0,A,-13.4
4063,medium,2,4.0,17.0,6.9,A,10.0
4064,medium,1,2.0,50.0,8.9,B,15.0
4065,low,0,5.0,3.0,8.3,A,-19.8
4066,low,2,2.0,2.0,8.2,A,-16.9
4067,high,1,4.0,29.0,8.3,A,15.0
4068,medium,1,14.0,3.0,8.4,D,-100.0
4069,high,0,8.0,4.0,8.5,C,-100.0
4070,low,2,15.0,5.0,8.6,B,-100.0
4071,medium,0,11.0,1.0,9.7,A,-100.0
4072,medium,1,3.0,2.0,2.9,C,-100.0
4073,none,3,12.0,14.0,2.8,C,-12.6
4074,high,1,17.0,19.0,4.2,A,-12.4
4075,low,2,13.0,30.0,9.8,A,15.0
4076,high,1,8.0,14.0,7.5,A,-5.5
4077,high,2,4.0,23.0,9.0,A,15.0
4078,none,3,5.0,7.0,9.9,A,-11.5
4079,low,0,3.0,19.0,9.9,A,15.0
4080,low,2,13.0,4.0,7.9,A,-100.0
4081,low,1,11.0,7.0,8.2,A,-100.0
4082,low,1,1.0,5.0,5.0,A,-10.4
4083,low,2,16.0,5.0,3.9,A,-100.0
4084,none,2,18.0,0.0,3.2,A,-100.0
4085,high,1,11.0,8.0,10.0,A,-100.0
4086,high,2,20.0,3.0,1.3,A,-100.0
4087,high,3,14.0,9.0,8.5,C,-100.0
4088,high,2,2.0,21.0,1.4,A,15.0
4089,high,0,5.0,11.0,8.4,C,-6.0
4090,medium,2,7.0,1.0,4.4,A,-100.0
4091,medium,2,29.0,2.0,4.6,A,-100.0
4092,,0,16.0,15.0,9.6,A,-13.8
4093,low,6,6.0,16.0,5.9,C,3.9
4094,low,4,13.0,1.0,4.9,C,-100.0
4095,medium,0,2.0,3.0,3.4,A,-17.4
4096,medium,0,2.0,2.0,3.3,A,-19.5
4097,none,0,22.0,1.0,9.9,A,-100.0
4098,none,1,1.0,12.0,8.9,A,5.7
4099,none,2,5.0,13.0,4.8,C,-1.4
4100,low,4,17.0,3.0,3.8,A,-100.0
4101,low,0,4.0,32.0,2.0,A,15.0
4102,low,1,3.0,4.0,3.4,A,-16.8
4103,none,1,28.0,13.0,8.5,A,-100.0
4104,high,2,5.0,9.0,5.3,A,-11.9
4105,none,3,11.0,11.0,7.7,A,-14.7
4106,low,1,24.0,50.0,9.2,A,15.0
4107,high,0,2.0,14.0,3.4,A,3.1
4108,medium,2,9.0,16.0,4.2,A,-2.1
4109,low,0,10.0,4.0,8.6,A,-100.0
4110,low,1,4.0,2.0,3.9,D,-100.0
4111,medium,2,7.0,50.0,9.9,C,15.0
4112,low,0,16.0,12.0,5.3,A,-100.0
4113,high,0,7.0,11.0,7.7,A,-9.8
4114,none,3,17.0,3.0,9.2,C,-100.0
4115,high,2,11.0,0.0,8.1,A,-100.0
4116,medium,0,19.0,12.0,8.4,D,-100.0
4117,low,1,9.0,20.0,2.2,A,5.7
4118,medium,1,7.0,6.0,8.2,A,-17.5
4119,high,2,31.0,15.0,1.5,C,-100.0
4120,medium,2,7.0,5.0,4.4,A,-100.0
4121,medium,1,12.0,7.0,8.2,A,-100.0
4122,low,1,5.0,2.0,8.7,C,-100.0
4123,none,2,13.0,6.0,2.2,C,-100.0
4124,medium,2,12.0,6.0,9.1,A,-100.0
4125,low,0,20.0,7.0,9.7,C,-100.0
4126,low,3,15.0,7.0,9.1,A,-100.0
4127,medium,0,10.0,10.0,3.4,A,-16.7
4128,low,0,3.0,15.0,5.7,C,7.6
4129,medium,2,8.0,12.0,1.8,A,-10.0
4130,high,1,2.0,29.0,9.9,A,15.0
4131,high,3,6.0,1.0,7.7,D,-100.0
4132,,1,11.0,2.0,7.8,A,-100.0
4133,medium,0,7.0,8.0,1.7,C,-16.5
4134,medium,1,8.0,2.0,4.8,A,-100.0
4135,medium,0,6.0,20.0,3.0,A,11.1
4136,high,3,10.0,16.0,2.5,A,-7.5
4137,none,4,12.0,4.0,9.8,A,-100.0
4138,low,0,7.0,28.0,1.1,A,15.0
4139,low,2,3.0,5.0,4.0,B,-14.5
4140,medium,1,14.0,8.0,8.1,A,-100.0
4141,low,2,23.0,3.0,5.7,A,-100.0
4142,low,0,3.0,1.0,3.0,A,-100.0
4143,medium,2,4.0,8.0,8.7,C,-7.9
4144,medium,3,5.0,21.0,2.5,C,14.4
4145,high,1,7.0,24.0,9.3,B,15.0
4146,high,1,2.0,2.0,9.4,D,-19.2
4147,high,1,30.0,8.0,5.8,A,-100.0
4148,low,1,16.0,0.0,5.0,A,-100.0
4149,none,2,3.0,7.0,2.8,D,-11.5
4150,none,0,22.0,1.0,6.5,A,-100.0
4151,low,0,4.0,45.0,9.4,D,15.0
4152,medium,1,14.0,4.0,3.9,A,-100.0
4153,high,2,17.0,5.0,2.2,A,-100.0
4154,medium,1,25.0,10.0,8.7,B,-100.0
4155,low,2,2.0,32.0,4.6,C,15.0
4156,medium,3,1.0,10.0,9.9,C,2.0
4157,high,0,4.0,11.0,6.4,A,-5.2
4158,low,0,2.0,2.0,5.5,C,-18.1
4159,medium,1,11.0,0.0,9.4,D,-100.0
4160,high,2,28.0,9.0,8.3,A,-100.0
4161,none,1,10.0,17.0,3.7,C,-2.2
4162,low,2,4.0,3.0,8.3,C,-18.3
4163,medium,2,8.0,11.0,3.8,A,-11.1
4164,high,1,10.0,50.0,9.4,C,15.0
4165,low,0,14.0,12.0,1.3,B,-100.0
4166,low,0,9.0,10.0,1.2,A,-15.7
4167,high,1,22.0,14.0,8.6,D,-100.0
4168,medium,3,6.0,1.0,8.3,A,-100.0
4169,high,2,4.0,14.0,8.7,C,2.0
4170,none,0,4.0,5.0,10.0,D,-13.6
4171,high,1,6.0,2.0,6.6,A,-100.0
4172,low,0,10.0,22.0,2.8,A,8.6
4173,high,1,15.0,3.0,8.3,A,-100.0
4174,low,1,10.0,1.0,4.3,A,-100.0
4175,none,1,9.0,0.0,4.1,B,-100.0
4176,medium,1,7.0,3.0,6.9,A,-100.0
4177,high,0,14.0,14.0,6.3,D,-16.5
4178,medium,2,2.0,12.0,5.6,A,2.4
4179,low,0,26.0,9.0,5.6,C,-100.0
4180,high,2,15.0,11.0,3.9,A,-100.0
4181,low,1,5.0,3.0,5.1,C,-100.0
4182,high,3,9.0,14.0,7.0,A,-7.7
4183,none,4,4.0,8.0,6.3,A,-9.6
4184,medium,1,8.0,50.0,4.8,A,15.0
4185,low,1,7.0,16.0,2.5,C,1.0
4186,medium,4,18.0,8.0,3.7,A,-100.0
4187,medium,1,4.0,36.0,2.2,A,15.0
4188,low,3,22.0,38.0,9.8,A,15.0
4189,low,0,10.0,39.0,9.0,A,15.0
4190,high,1,14.0,0.0,8.1,B,-100.0
4191,high,2,10.0,11.0,8.9,A,-14.7
4192,medium,1,4.0,0.0,10.0,B,-100.0
4193,medium,1,3.0,14.0,9.7,C,7.0
4194,medium,3,18.0,27.0,9.6,D,7.8
4195,medium,0,12.0,7.0,8.4,A,-100.0
4196,medium,0,7.0,16.0,2.3,A,0.6
4197,medium,3,20.0,7.0,9.1,C,-100.0
4198,high,5,6.0,4.0,5.6,A,-100.0
4199,none,1,25.0,4.0,9.1,A,-100.0
4200,low,1,11.0,7.0,4.7,A,-100.0
4201,high,3,4.0,14.0,9.3,A,2.2
4202,medium,2,13.0,6.0,7.0,A,-100.0
4203,none,3,6.0,11.0,2.9,A,-8.4
4204,high,0,9.0,16.0,2.7,A,-5.3
4205,,2,24.0,43.0,5.1,C,15.0
4206,medium,2,14.0,4.0,2.0,A,-100.0
4207,medium,1,6.0,50.0,6.1,A,15.0
4208,none,2,8.0,21.0,7.0,A,11.3
4209,low,0,21.0,1.0,8.5,A,-100.0
4210,low,2,9.0,4.0,8.4,A,-100.0
4211,medium,3,15.0,1.0,6.2,C,-100.0
4212,high,0,21.0,8.0,2.1,A,-100.0
4213,none,2,10.0,18.0,3.9,C,-0.1
4214,none,3,7.0,13.0,1.4,A,-6.7
4215,high,0,27.0,24.0,4.6,A,-19.1
4216,low,2,8.0,12.0,1.7,C,-9.7
4217,high,1,23.0,17.0,3.4,C,-100.0
4218,low,3,3.0,28.0,6.0,C,15.0
4219,high,0,6.0,27.0,3.0,A,15.0
4220,low,2,19.0,3.0,1.1,A,-100.0
4221,low,0,13.0,3.0,8.8,C,-100.0
4222,high,0,11.0,5.0,9.0,A,-100.0
4223,medium,0,22.0,20.0,3.7,D,-16.6
4224,none,1,7.0,25.0,10.0,A,15.0
4225,high,2,5.0,11.0,3.3,A,-8.7
4226,medium,2,16.0,9.0,5.8,A,-100.0
4227,none,3,13.0,9.0,3.5,A,-100.0
4228,medium,1,2.0,1.0,2.8,A,-100.0
4229,medium,2,10.0,2.0,8.6,D,-100.0
4230,low,2,6.0,17.0,9.2,A,8.1
4231,low,1,7.0,8.0,9.9,C,-12.1
4232,low,3,1.0,2.0,7.3,B,-15.7
4233,medium,3,6.0,21.0,4.6,B,13.7
4234,medium,1,3.0,20.0,4.1,A,15.0
4235,low,1,15.0,11.0,3.7,A,-100.0
4236,none,5,7.0,18.0,9.4,A,7.6
4237,high,0,11.0,5.0,8.2,A,-100.0
4238,high,2,15.0,5.0,8.6,A,-100.0
4239,medium,4,10.0,8.0,9.1,B,-18.4
4240,low,3,4.0,3.0,4.9,C,-100.0
4241,none,2,4.0,4.0,4.9,A,-18.5
4242,low,1,4.0,11.0,8.1,A,-1.5
4243,low,3,36.0,10.0,9.9,A,-100.0
4244,,2,3.0,13.0,3.7,A,1.6
4245,high,2,8.0,2.0,9.9,C,-100.0
4246,medium,1,4.0,8.0,9.4,A,-7.5
4247,low,1,2.0,15.0,3.9,B,8.3
4248,low,0,8.0,13.0,8.4,A,-4.0
4249,low,1,3.0,4.0,1.6,D,-17.7
4250,medium,0,8.0,4.0,2.8,A,-100.0
4251,medium,2,13.0,24.0,8.2,A,9.7
4252,high,1,16.0,1.0,3.0,A,-100.0
4253,high,1,10.0,16.0,8.6,A,-4.2
4254,medium,2,7.0,28.0,8.3,A,15.0
4255,medium,2,5.0,23.0,6.6,D,15.0
4256,medium,1,9.0,0.0,7.0,A,-100.0
4257,medium,2,6.0,5.0,9.3,A,-17.4
4258,high,1,23.0,6.0,8.2,C,-100.0
4259,low,2,6.0,11.0,8.2,A,-5.0
4260,low,1,9.0,5.0,9.6,A,-100.0
4261,low,0,7.0,21.0,1.7,C,11.2
4262,medium,0,9.0,1.0,7.0,A,-100.0
4263,low,3,14.0,3.0,9.5,C,-100.0
4264,low,2,7.0,17.0,3.3,A,3.4
4265,high,0,4.0,18.0,4.6,B,8.6
4266,none,2,4.0,0.0,9.8,A,-100.0
4267,medium,3,7.0,1.0,2.8,B,-100.0
4268,low,2,3.0,11.0,8.6,A,0.4
4269,medium,0,14.0,5.0,7.6,A,-100.0
4270,low,0,6.0,20.0,6.8,A,13.4
4271,medium,1,5.0,16.0,1.8,A,3.8
4272,low,2,38.0,19.0,9.7,A,-100.0
4273,high,2,2.0,1.0,8.9,A,-100.0
4274,,1,8.0,5.0,9.9,A,-100.0
4275,medium,2,13.0,5.0,9.9,A,-100.0
4276,medium,1,10.0,24.0,9.8,B,15.0
4277,high,4,21.0,0.0,6.0,A,-100.0
4278,low,4,,5.0,5.8,C,
4279,low,3,9.0,6.0,1.6,A,-100.0
4280,high,1,8.0,23.0,8.5,A,13.9
4281,none,1,7.0,5.0,1.4,A,-100.0
4282,medium,0,7.0,9.0,4.5,A,-13.0
4283,medium,3,12.0,8.0,6.3,B,-100.0
4284,none,0,8.0,3.0,9.3,A,-100.0
4285,none,2,6.0,3.0,8.6,B,-100.0
4286,medium,1,2.0,3.0,8.0,C,-15.2
4287,none,0,32.0,25.0,5.9,A,-100.0
4288,low,1,7.0,7.0,1.2,C,-18.6
4289,medium,3,6.0,4.0,9.1,B,-19.7
4290,low,2,7.0,16.0,4.9,A,2.1
4291,medium,1,13.0,5.0,2.2,A,-100.0
4292,high,3,3.0,14.0,9.9,A,4.3
4293,low,3,4.0,10.0,9.3,A,-3.2
4294,high,3,13.0,1.0,7.9,C,-100.0
4295,low,2,10.0,16.0,1.6,A,-4.8
4296,low,2,6.0,22.0,8.9,A,15.0
4297,medium,1,4.0,20.0,9.8,A,15.0
4298,high,2,4.0,12.0,2.9,A,-5.1
4299,medium,2,3.0,9.0,8.5,A,-4.2
4300,low,2,3.0,9.0,8.0,A,-4.1
4301,none,3,3.0,3.0,8.1,A,-17.3
4302,medium,2,13.0,50.0,5.4,A,15.0
4303,high,0,23.0,4.0,3.1,A,-100.0
4304,medium,1,1.0,10.0,7.1,B,0.8
4305,high,2,14.0,6.0,4.7,C,-100.0
4306,low,3,8.0,6.0,3.5,A,-100.0
4307,none,3,10.0,4.0,3.0,A,-100.0
4308,none,1,9.0,6.0,8.3,C,-100.0
4309,high,1,10.0,9.0,9.7,A,-18.4
4310,low,1,4.0,8.0,5.9,B,-8.9
4311,high,2,11.0,6.0,3.8,C,-100.0
4312,high,1,17.0,11.0,9.6,A,-100.0
4313,medium,2,2.0,3.0,9.0,A,-14.8
4314,low,0,3.0,2.0,6.8,A,-19.2
4315,high,2,12.0,8.0,1.8,C,-100.0
4316,low,2,6.0,3.0,9.4,C,-100.0
4317,medium,0,13.0,0.0,2.0,A,-100.0
4318,low,0,6.0,3.0,9.6,A,-100.0
4319,high,0,13.0,12.0,2.8,C,-100.0
4320,none,0,5.0,22.0,3.0,C,15.0
4321,low,3,8.0,50.0,9.0,A,15.0
4322,low,1,4.0,3.0,1.3,B,-100.0
4323,high,2,15.0,8.0,3.9,B,-100.0
4324,low,3,12.0,5.0,3.1,A,-100.0
4325,low,0,19.0,1.0,3.3,A,-100.0
4326,high,1,8.0,29.0,8.9,A,15.0
4327,medium,1,18.0,19.0,8.3,A,-9.4
4328,low,1,11.0,3.0,2.1,C,-100.0
4329,low,0,7.0,21.0,4.4,A,12.5
4330,low,1,14.0,22.0,3.2,A,1.7
4331,low,4,7.0,11.0,10.0,A,-6.1
4332,low,3,6.0,3.0,1.9,A,-100.0
4333,high,1,2.0,4.0,7.8,A,-15.8
4334,low,2,14.0,1.0,4.0,A,-100.0
4335,high,0,2.0,43.0,9.9,A,15.0
4336,low,2,2.0,10.0,7.1,A,-0.7
4337,none,1,8.0,5.0,1.4,A,-100.0
4338,high,2,4.0,10.0,6.4,A,-7.5
4339,low,2,12.0,38.0,3.4,C,15.0
4340,,2,3.0,9.0,2.8,C,-7.3
4341,medium,1,,2.0,7.3,C,
4342,high,1,5.0,2.0,2.1,C,-100.0
4343,medium,0,27.0,11.0,8.2,C,-100.0
4344,high,7,25.0,3.0,9.3,A,-100.0
4345,low,1,3.0,29.0,8.5,A,15.0
4346,high,1,14.0,25.0,10.0,A,8.4
4347,low,0,10.0,6.0,6.1,A,-100.0
4348,low,3,21.0,11.0,3.9,A,-100.0
4349,none,0,1.0,7.0,9.0,A,-4.7
4350,high,2,1.0,13.0,8.5,D,5.1
4351,high,0,1.0,22.0,8.7,C,15.0
4352,high,1,2.0,24.0,4.1,B,15.0
4353,low,2,4.0,5.0,3.1,A,-16.7
4354,none,1,11.0,15.0,4.0,A,-8.0
4355,low,3,14.0,14.0,2.1,A,-15.9
4356,low,4,3.0,25.0,3.2,A,15.0
4357,high,2,15.0,5.0,2.5,A,-100.0
4358,low,1,7.0,23.0,8.8,A,15.0
4359,medium,1,4.0,37.0,2.2,A,15.0
4360,low,1,19.0,1.0,3.4,A,-100.0
4361,low,0,4.0,22.0,9.4,A,15.0
4362,low,4,16.0,26.0,5.4,C,7.4
4363,high,1,1.0,6.0,6.8,A,-10.4
4364,low,2,8.0,17.0,8.4,C,4.2
4365,low,3,11.0,25.0,5.5,A,14.2
4366,high,2,8.0,5.0,4.0,A,-100.0
4367,none,2,2.0,9.0,9.7,A,-2.1
4368,high,3,8.0,6.0,4.5,C,-100.0
4369,,0,6.0,7.0,3.6,A,-16.1
4370,high,1,1.0,7.0,9.9,A,-6.7
4371,low,4,24.0,19.0,8.5,A,-19.8
4372,low,0,2.0,5.0,4.7,A,-12.2
4373,none,1,1.0,0.0,8.5,A,-19.7
4374,low,1,7.0,7.0,8.5,A,-14.9
4375,high,0,3.0,2.0,2.7,B,-100.0
4376,high,4,23.0,3.0,9.8,A,-100.0
4377,high,3,9.0,4.0,3.0,A,-100.0
4378,low,1,1.0,8.0,3.2,A,-5.0
4379,high,2,5.0,1.0,4.1,A,-100.0
4380,none,2,12.0,2.0,8.2,C,-100.0
4381,none,2,9.0,14.0,9.2,A,-4.1
4382,low,1,6.0,6.0,5.8,D,-16.6
4383,low,0,26.0,7.0,1.9,A,-100.0
4384,medium,2,25.0,11.0,1.4,C,-100.0
4385,medium,2,7.0,43.0,2.4,A,15.0
4386,none,0,2.0,3.0,9.8,A,-14.4
4387,none,5,38.0,50.0,1.5,C,15.0
4388,low,1,8.0,4.0,8.6,A,-100.0
4389,low,3,4.0,1.0,2.2,A,-100.0
4390,low,2,4.0,3.0,6.6,A,-19.1
4391,high,1,10.0,9.0,6.0,D,-100.0
4392,medium,2,14.0,3.0,3.2,A,-100.0
4393,low,4,2.0,4.0,7.8,B,-13.1
4394,low,1,8.0,11.0,6.3,A,-9.4
4395,high,1,9.0,21.0,8.4,B,7.9
4396,,0,16.0,0.0,9.4,A,-100.0
4397,none,3,1.0,1.0,7.6,A,-18.3
4398,low,2,3.0,1.0,3.3,A,-100.0
4399,low,2,24.0,21.0,9.3,A,-15.0
4400,high,1,6.0,9.0,2.3,D,-15.1
4401,high,0,1.0,13.0,1.4,A,1.7
4402,high,2,4.0,7.0,3.9,A,-15.1
4403,,2,10.0,6.0,4.7,A,-100.0
4404,low,1,7.0,1.0,7.9,A,-100.0
4405,medium,1,2.0,23.0,7.8,C,15.0
4406,medium,1,10.0,3.0,2.1,A,-100.0
4407,medium,1,13.0,31.0,9.0,C,15.0
4408,,2,5.0,50.0,3.8,A,15.0
4409,none,8,7.0,0.0,5.3,A,-100.0
4410,high,1,8.0,11.0,9.0,A,-11.0
4411,high,2,13.0,6.0,4.1,B,-100.0
4412,high,0,2.0,7.0,8.7,A,
4413,low,3,13.0,5.0,1.3,A,-100.0
4414,low,1,13.0,8.0,2.4,D,-100.0
4415,high,2,28.0,18.0,2.5,B,-100.0
4416,high,3,1.0,45.0,1.0,A,15.0
4417,none,2,18.0,9.0,9.3,A,-100.0
4418,high,0,20.0,1.0,1.8,B,-100.0
4419,high,1,11.0,11.0,9.2,C,-16.2
4420,low,1,8.0,12.0,6.2,A,-7.3
4421,medium,0,22.0,1.0,8.7,C,-100.0
4422,high,0,4.0,5.0,8.1,C,-17.0
4423,high,1,11.0,5.0,8.1,C,-100.0
4424,high,0,16.0,1.0,8.7,A,-100.0
4425,high,2,3.0,10.0,8.1,C,-4.9
4426,medium,1,13.0,13.0,9.1,C,-12.9
4427,low,0,1.0,29.0,9.4,D,15.0
4428,medium,1,10.0,50.0,3.1,C,15.0
4429,low,2,4.0,16.0,2.7,C,6.2
4430,high,1,8.0,8.0,9.9,A,-16.9
4431,medium,0,40.0,1.0,2.9,D,-100.0
4432,low,4,5.0,14.0,5.9,B,1.7
4433,high,2,11.0,26.0,2.2,C,11.7
4434,medium,2,7.0,5.0,2.5,B,-100.0
4435,none,0,11.0,9.0,8.7,D,-18.1
4436,medium,3,8.0,10.0,7.0,C,-11.7
4437,none,1,29.0,5.0,8.9,A,-100.0
4438,low,1,4.0,4.0,3.7,D,-18.4
4439,high,3,21.0,2.0,9.1,B,-100.0
4440,medium,1,14.0,5.0,9.6,C,-100.0
4441,high,1,4.0,12.0,3.2,A,-4.8
4442,high,5,3.0,9.0,4.3,A,-9.2
4443,none,2,11.0,4.0,9.7,A,-100.0
4444,none,4,3.0,0.0,9.4,C,-100.0
4445,low,1,9.0,5.0,3.1,A,-100.0
4446,none,0,13.0,9.0,4.1,A,-100.0
4447,medium,0,11.0,1.0,2.1,C,-100.0
4448,none,1,5.0,2.0,4.5,A,-100.0
4449,none,1,21.0,16.0,6.2,B,-100.0
4450,none,1,7.0,12.0,8.8,C,-4.9
4451,medium,0,38.0,9.0,1.7,C,-100.0
4452,high,3,9.0,49.0,4.4,A,15.0
4453,high,2,4.0,19.0,6.6,A,11.5
4454,low,1,2.0,3.0,5.9,A,-15.9
4455,high,1,5.0,1.0,8.8,A,-100.0
4456,high,2,18.0,20.0,7.2,A,-10.6
4457,medium,2,17.0,2.0,9.0,A,-100.0
4458,none,0,6.0,3.0,8.6,A,-100.0
4459,none,2,14.0,9.0,4.5,C,-100.0
4460,high,1,8.0,1.0,6.8,A,-100.0
4461,medium,2,3.0,2.0,2.4,A,-100.0
4462,low,2,9.0,17.0,1.5,A,-1.0
4463,medium,3,9.0,30.0,5.1,D,15.0
4464,high,4,16.0,2.0,8.4,A,-100.0
4465,medium,1,12.0,24.0,6.2,A,10.5
4466,none,2,26.0,14.0,5.5,D,-100.0
4467,medium,1,16.0,2.0,9.5,A,-100.0
4468,low,2,10.0,5.0,9.4,A,-100.0
4469,none,0,13.0,1.0,2.3,A,-100.0
4470,medium,2,1.0,6.0,8.5,A,-7.0
4471,low,0,,12.0,9.2,C,
4472,high,1,6.0,41.0,5.8,B,15.0
4473,none,0,6.0,4.0,2.5,C,-100.0
4474,high,0,6.0,2.0,9.1,B,-100.0
4475,none,0,11.0,3.0,4.1,A,-100.0
4476,none,2,17.0,9.0,1.9,A,-100.0
4477,medium,1,2.0,6.0,1.2,A,-12.3
4478,low,2,10.0,5.0,8.4,A,-100.0
4479,medium,0,4.0,1.0,4.6,A,-100.0
4480,medium,0,27.0,10.0,2.6,A,-100.0
4481,low,0,2.0,11.0,7.1,B,1.6
4482,none,1,5.0,1.0,9.3,A,-100.0
4483,low,2,5.0,1.0,10.0,D,-100.0
4484,low,1,6.0,19.0,2.2,A,8.9
4485,low,0,3.0,23.0,7.3,A,15.0
4486,,3,2.0,48.0,8.5,A,15.0
4487,low,1,11.0,11.0,8.7,A,-13.4
4488,high,1,5.0,10.0,8.0,A,-8.4
4489,high,1,16.0,4.0,9.8,A,-100.0
4490,none,1,28.0,31.0,1.3,A,-5.5
4491,low,4,5.0,19.0,2.9,A,10.7
4492,high,2,4.0,3.0,6.2,C,-100.0
4493,low,2,4.0,8.0,9.2,C,-7.3
4494,,1,40.0,42.0,8.2,C,0.1
4495,high,2,6.0,3.0,7.8,A,-100.0
4496,high,3,2.0,8.0,6.2,C,-8.4
4497,low,1,12.0,8.0,2.4,A,-100.0
4498,low,2,11.0,1.0,1.5,C,-100.0
4499,medium,2,8.0,20.0,2.2,A,7.0
4500,high,1,14.0,18.0,7.7,A,-7.5
4501,medium,3,9.0,5.0,8.9,B,-100.0
4502,low,2,6.0,3.0,9.8,A,-100.0
4503,low,1,8.0,26.0,5.6,A,15.0
4504,high,0,10.0,3.0,3.6,C,-100.0
4505,high,0,13.0,6.0,8.6,A,-100.0
4506,high,2,8.0,14.0,9.3,B,-4.7
4507,medium,2,3.0,16.0,6.4,A,9.5
4508,low,3,15.0,0.0,7.5,A,-100.0
4509,medium,1,20.0,2.0,3.8,A,-100.0
4510,low,2,5.0,10.0,8.2,C,-5.4
4511,high,1,4.0,19.0,9.3,A,12.9
4512,medium,2,3.0,4.0,5.1,A,-16.4
4513,high,1,2.0,37.0,1.1,A,15.0
4514,medium,0,2.0,1.0,9.3,A,-18.6
4515,medium,2,24.0,50.0,4.8,A,15.0
4516,high,3,9.0,20.0,3.8,A,3.3
4517,low,2,5.0,10.0,9.9,A,-4.5
4518,low,2,10.0,7.0,7.0,A,-100.0
4519,,3,15.0,50.0,2.4,C,15.0
4520,medium,1,13.0,14.0,6.9,C,-11.9
4521,medium,1,17.0,10.0,6.9,A,-100.0
4522,high,1,5.0,7.0,9.3,A,-14.0
4523,medium,2,5.0,12.0,2.1,D,-4.6
4524,medium,1,6.0,28.0,2.0,A,15.0
4525,high,0,11.0,11.0,5.2,A,-18.1
4526,low,1,7.0,20.0,3.5,A,9.9
4527,low,5,10.0,25.0,4.4,A,15.0
4528,high,3,14.0,14.0,9.7,C,-15.1
4529,low,3,8.0,0.0,9.2,C,-100.0
4530,none,2,10.0,18.0,5.0,A,0.5
4531,low,0,7.0,0.0,7.5,A,-100.0
4532,medium,2,8.0,25.0,6.8,A,15.0
4533,none,2,3.0,1.0,7.0,A,-100.0
4534,none,2,5.0,35.0,7.1,A,15.0
4535,medium,0,25.0,4.0,7.0,A,-100.0
4536,high,2,5.0,4.0,2.5,C,-100.0
4537,high,2,6.0,9.0,7.2,A,-12.7
4538,none,1,5.0,31.0,3.8,A,15.0
4539,none,3,17.0,6.0,9.9,C,-100.0
4540,none,1,3.0,8.0,8.5,A,-6.4
4541,,2,20.0,0.0,5.9,A,-100.0
4542,high,2,3.0,5.0,3.8,A,-17.6
4543,none,1,,0.0,6.3,C,
4544,low,1,8.0,2.0,1.0,A,-100.0
4545,medium,0,6.0,22.0,4.7,A,15.0
4546,low,2,28.0,15.0,9.0,A,-100.0
4547,low,4,11.0,5.0,8.9,D,-100.0
4548,low,1,4.0,3.0,8.7,A,-18.0
4549,low,3,,9.0,5.7,C,
4550,high,0,6.0,50.0,8.4,A,15.0
4551,low,1,17.0,11.0,,D,
4552,high,0,2.0,18.0,9.1,B,14.3
4553,low,1,9.0,18.0,9.9,D,5.4
4554,none,0,3.0,18.0,9.9,A,15.0
4555,low,0,8.0,6.0,3.0,A,-100.0
4556,low,2,12.0,6.0,6.1,C,-100.0
4557,medium,2,,30.0,2.0,C,
4558,low,0,4.0,23.0,9.3,B,15.0
4559,high,2,2.0,1.0,9.7,A,-100.0
4560,high,1,25.0,4.0,4.5,A,-100.0
4561,medium,1,13.0,2.0,6.1,A,-100.0
4562,medium,1,7.0,0.0,3.0,C,-100.0
4563,low,0,7.0,7.0,4.2,C,-17.0
4564,none,1,10.0,5.0,9.0,C,-100.0
4565,high,2,18.0,21.0,8.5,A,-7.9
4566,low,1,7.0,2.0,9.1,A,-100.0
4567,low,1,5.0,12.0,7.0,C,-1.7
4568,high,2,9.0,3.0,9.3,A,-100.0
4569,medium,1,8.0,2.0,9.8,A,-100.0
4570,none,0,4.0,0.0,5.2,A,-100.0
4571,high,3,11.0,14.0,6.8,A,-11.3
4572,medium,3,7.0,8.0,8.5,D,-13.4
4573,none,0,10.0,31.0,1.6,A,15.0
4574,high,0,8.0,12.0,9.2,A,-8.7
4575,low,2,2.0,0.0,8.4,A,-100.0
4576,low,1,40.0,39.0,7.0,C,-6.2
4577,low,0,8.0,1.0,8.2,A,-100.0
4578,low,0,9.0,22.0,3.8,A,10.8
4579,high,0,6.0,10.0,4.1,A,-12.0
4580,high,1,1.0,7.0,9.1,A,-7.1
4581,low,2,8.0,26.0,8.5,A,15.0
4582,low,1,10.0,33.0,8.3,A,15.0
4583,medium,1,11.0,7.0,6.9,B,-100.0
4584,medium,2,6.0,25.0,1.5,A,15.0
4585,medium,0,2.0,1.0,2.3,B,-100.0
4586,low,0,8.0,1.0,8.6,A,-100.0
4587,low,2,11.0,12.0,8.8,B,-11.4
4588,high,2,6.0,11.0,8.6,A,-7.8
4589,low,0,11.0,12.0,9.2,A,-11.0
4590,high,1,13.0,9.0,9.9,A,-100.0
4591,none,1,6.0,10.0,8.3,A,-7.6
4592,medium,1,18.0,4.0,8.0,A,-100.0
4593,high,1,15.0,1.0,4.6,D,-100.0
4594,medium,3,21.0,13.0,8.8,C,-100.0
4595,none,2,18.0,1.0,2.2,A,-100.0
4596,low,1,23.0,3.0,9.9,A,-100.0
4597,medium,0,10.0,2.0,8.8,A,-100.0
4598,low,4,8.0,14.0,9.8,A,-1.6
4599,high,2,11.0,4.0,6.0,A,-100.0
4600,low,1,3.0,4.0,8.7,C,-14.1
4601,high,2,3.0,9.0,3.7,A,-9.2
4602,low,0,2.0,1.0,4.1,C,-100.0
4603,low,1,3.0,44.0,9.4,C,15.0
4604,medium,2,9.0,11.0,3.1,D,-13.2
4605,medium,1,3.0,7.0,7.7,C,-8.7
4606,medium,3,8.0,17.0,9.1,D,4.1
4607,none,0,9.0,3.0,1.1,C,-100.0
4608,low,1,19.0,3.0,1.6,A,-100.0
4609,medium,2,6.0,1.0,2.3,A,-100.0
4610,high,1,22.0,16.0,9.4,A,-100.0
4611,high,6,2.0,1.0,7.0,B,-100.0
4612,low,2,25.0,25.0,7.2,B,-9.4
4613,low,3,17.0,20.0,5.2,B,-7.0
4614,medium,2,30.0,31.0,4.2,A,-7.4
4615,high,0,5.0,2.0,8.9,A,-100.0
4616,low,1,4.0,8.0,7.6,A,-8.0
4617,low,1,13.0,15.0,6.8,A,-9.5
4618,none,2,8.0,1.0,2.6,A,-100.0
4619,high,1,9.0,3.0,5.7,A,-100.0
4620,low,1,14.0,1.0,6.9,A,-100.0
4621,,1,5.0,5.0,3.7,A,-18.6
4622,medium,1,19.0,16.0,8.8,A,-17.3
4623,high,5,24.0,11.0,9.2,A,-100.0
4624,low,2,5.0,7.0,6.6,C,-12.5
4625,none,2,16.0,6.0,8.3,A,-100.0
4626,medium,1,1.0,3.0,4.7,A,-15.1
4627,high,2,10.0,25.0,1.9,C,11.2
4628,medium,1,22.0,21.0,5.4,C,-13.7
4629,high,2,15.0,4.0,8.4,C,-100.0
4630,medium,0,17.0,3.0,9.9,A,-100.0
4631,medium,0,40.0,14.0,8.6,A,-100.0
4632,medium,0,2.0,9.0,2.0,A,-5.5
4633,high,3,36.0,30.0,9.7,A,-20.0
4634,high,0,12.0,19.0,9.2,D,-1.0
4635,medium,1,6.0,1.0,9.1,B,-100.0
4636,none,1,13.0,1.0,1.2,D,-100.0
4637,medium,1,4.0,26.0,8.2,A,15.0
4638,high,3,7.0,3.0,8.8,A,-100.0
4639,medium,0,5.0,13.0,9.5,C,1.4
4640,medium,1,4.0,4.0,9.2,A,-16.0
4641,low,0,2.0,2.0,1.9,C,-19.9
4642,high,1,6.0,7.0,8.9,A,-16.0
4643,medium,2,5.0,2.0,8.0,C,-100.0
4644,medium,0,19.0,7.0,9.7,A,-100.0
4645,none,3,4.0,25.0,1.7,A,15.0
4646,low,0,3.0,31.0,9.2,A,15.0
4647,low,2,16.0,2.0,5.9,A,-100.0
4648,medium,2,2.0,25.0,1.5,A,15.0
4649,high,1,18.0,2.0,4.8,A,-100.0
4650,medium,0,3.0,10.0,8.1,A,-2.1
4651,medium,2,20.0,30.0,1.9,A,6.8
4652,low,1,17.0,9.0,9.9,A,-100.0
4653,high,0,9.0,15.0,3.4,D,-7.1
4654,medium,1,9.0,14.0,9.1,A,-3.8
4655,low,2,14.0,25.0,8.1,A,10.3
4656,high,0,8.0,25.0,1.9,A,14.9
4657,medium,4,6.0,3.0,8.9,C,-100.0
4658,high,1,4.0,7.0,7.7,D,-13.1
4659,none,3,23.0,10.0,8.7,C,-100.0
4660,low,1,12.0,2.0,1.7,A,-100.0
4661,low,2,12.0,4.0,4.9,B,-100.0
4662,medium,1,1.0,12.0,4.0,A,3.5
4663,high,1,6.0,22.0,6.3,A,14.2
4664,medium,4,21.0,18.0,1.3,A,-100.0
4665,high,2,16.0,13.0,3.9,A,-100.0
4666,none,3,8.0,3.0,8.8,A,-100.0
4667,high,2,4.0,17.0,5.0,A,6.5
4668,high,1,5.0,26.0,3.6,A,15.0
4669,low,0,16.0,6.0,8.4,C,-100.0
4670,low,2,2.0,5.0,1.9,D,-13.8
4671,medium,0,3.0,6.0,1.8,A,-13.6
4672,medium,1,8.0,22.0,8.5,A,14.5
4673,high,2,15.0,7.0,3.0,A,-100.0
4674,medium,2,10.0,50.0,6.9,A,15.0
4675,medium,1,20.0,15.0,4.8,C,-100.0
4676,medium,3,11.0,5.0,7.0,A,-100.0
4677,low,2,3.0,2.0,1.9,D,-100.0
4678,medium,0,15.0,4.0,4.6,A,-100.0
4679,none,4,16.0,23.0,3.2,A,-0.6
4680,medium,0,14.0,8.0,9.4,A,-100.0
4681,medium,2,5.0,36.0,8.1,A,15.0
4682,low,1,20.0,13.0,9.0,A,-100.0
4683,high,1,14.0,2.0,1.5,B,-100.0
4684,low,2,9.0,12.0,4.4,A,-10.1
4685,none,1,6.0,8.0,8.2,C,-11.8
4686,medium,1,13.0,14.0,7.6,A,-11.6
4687,high,0,5.0,19.0,7.7,A,10.5
4688,low,0,9.0,4.0,4.4,D,-100.0
4689,none,2,15.0,4.0,4.7,C,-100.0
4690,high,5,4.0,17.0,3.3,A,5.3
4691,none,0,7.0,20.0,8.4,C,11.8
4692,high,2,22.0,2.0,6.5,C,-100.0
4693,high,2,10.0,9.0,3.3,A,-100.0
4694,none,2,11.0,1.0,8.6,B,-100.0
4695,low,3,7.0,50.0,3.6,A,15.0
4696,none,3,8.0,13.0,1.5,A,-8.4
4697,low,4,1.0,9.0,9.8,B,0.1
4698,none,0,14.0,18.0,3.6,A,-7.0
4699,high,0,22.0,1.0,3.2,A,-100.0
4700,medium,1,6.0,2.0,9.8,A,-100.0
4701,low,0,9.0,2.0,1.2,C,-100.0
4702,low,0,13.0,21.0,8.2,A,3.9
4703,medium,1,8.0,6.0,8.5,C,-19.2
4704,none,3,9.0,4.0,1.7,A,-100.0
4705,none,1,4.0,16.0,1.7,B,5.2
4706,low,3,7.0,34.0,8.2,A,15.0
4707,low,2,18.0,0.0,3.0,C,-100.0
4708,medium,1,8.0,5.0,2.0,C,-100.0
4709,none,1,9.0,3.0,1.0,A,-100.0
4710,medium,4,3.0,6.0,8.5,A,-10.7
4711,low,2,5.0,13.0,4.4,A,-1.0
4712,low,2,10.0,4.0,8.1,C,-100.0
4713,low,2,10.0,16.0,8.8,A,-1.2
4714,high,2,10.0,3.0,9.1,B,-100.0
4715,medium,4,6.0,24.0,4.7,C,15.0
4716,low,2,26.0,0.0,3.2,A,-100.0
4717,low,0,7.0,14.0,6.4,A,-1.2
4718,medium,1,2.0,16.0,5.0,C,10.6
4719,low,2,4.0,1.0,9.1,A,-100.0
4720,medium,2,3.0,8.0,3.1,A,-9.0
4721,high,2,26.0,1.0,1.6,A,-100.0
4722,high,1,5.0,17.0,8.4,B,6.5
4723,high,0,14.0,1.0,7.0,A,-100.0
4724,high,3,11.0,6.0,8.2,D,-100.0
4725,medium,2,7.0,7.0,3.2,A,-18.1
4726,low,0,32.0,33.0,9.8,A,-3.3
4727,medium,1,8.0,27.0,9.0,A,15.0
4728,none,0,9.0,2.0,9.9,A,-100.0
4729,low,0,2.0,20.0,9.7,A,15.0
4730,high,1,7.0,30.0,8.9,C,15.0
4731,medium,2,9.0,9.0,8.7,A,-14.6
4732,high,4,12.0,0.0,8.7,A,-100.0
4733,high,1,22.0,25.0,9.1,C,-6.1
4734,medium,0,1.0,15.0,1.6,A,
4735,medium,3,2.0,7.0,2.6,A,-9.7
4736,low,2,4.0,2.0,3.1,A,-100.0
4737,high,1,11.0,3.0,8.7,C,-100.0
4738,low,1,15.0,2.0,7.1,A,-100.0
4739,none,1,19.0,10.0,5.3,C,-100.0
4740,medium,1,22.0,6.0,7.9,D,-100.0
4741,low,1,8.0,13.0,3.3,A,-6.7
4742,medium,1,2.0,9.0,5.6,A,-3.8
4743,low,0,1.0,7.0,4.3,A,-6.4
4744,none,2,15.0,8.0,7.2,A,-100.0
4745,high,0,,0.0,2.0,C,
4746,low,3,15.0,7.0,8.3,A,-100.0
4747,low,2,10.0,12.0,5.8,A,-11.1
4748,high,3,9.0,17.0,3.3,A,-3.2
4749,low,0,8.0,2.0,9.0,A,-100.0
4750,high,2,17.0,5.0,9.7,A,-100.0
4751,medium,3,,26.0,8.8,C,
4752,medium,7,2.0,0.0,7.8,B,-100.0
4753,none,1,9.0,12.0,2.9,A,-11.3
4754,high,1,6.0,26.0,7.7,A,15.0
4755,low,2,13.0,0.0,5.3,A,-100.0
4756,none,4,15.0,1.0,7.2,C,-100.0
4757,none,2,2.0,5.0,1.7,C,-14.5
4758,low,1,3.0,4.0,2.3,C,-17.3
4759,low,1,5.0,25.0,8.2,A,15.0
4760,medium,3,2.0,46.0,4.3,A,15.0
4761,high,1,12.0,9.0,9.2,C,-100.0
4762,high,1,18.0,28.0,7.3,A,6.3
4763,high,4,16.0,1.0,2.6,B,-100.0
4764,low,2,6.0,1.0,3.0,A,-100.0
4765,none,0,5.0,13.0,8.5,C,0.7
4766,low,3,29.0,15.0,9.4,A,-100.0
4767,medium,1,40.0,9.0,6.8,A,-100.0
4768,low,2,6.0,13.0,5.2,A,-2.3
4769,high,1,4.0,9.0,8.5,A,-8.5
4770,high,2,5.0,9.0,9.7,A,-9.7
4771,high,0,8.0,10.0,3.9,C,-15.6
4772,medium,1,3.0,3.0,9.5,A,-16.2
4773,medium,0,27.0,12.0,9.7,A,-100.0
4774,medium,3,4.0,6.0,6.1,A,-13.6
4775,low,2,4.0,11.0,1.2,C,-5.0
4776,high,1,6.0,12.0,,D,
4777,low,0,8.0,6.0,2.9,A,-100.0
4778,none,3,5.0,14.0,2.1,A,-0.7
4779,high,2,9.0,10.0,9.0,C,-15.0
4780,high,0,16.0,3.0,8.4,C,-100.0
4781,none,3,26.0,8.0,9.2,A,-100.0
4782,medium,1,7.0,3.0,8.2,A,-100.0
4783,medium,1,,4.0,5.5,C,
4784,low,2,9.0,9.0,3.3,A,-16.9
4785,low,0,15.0,5.0,6.4,A,-100.0
4786,high,1,2.0,0.0,1.8,A,-100.0
4787,high,2,2.0,9.0,10.0,A,-4.3
4788,,4,10.0,7.0,8.7,C,-100.0
4789,medium,3,4.0,11.0,9.0,A,-1.6
4790,none,3,8.0,14.0,2.7,A,-5.7
4791,high,3,6.0,5.0,4.1,A,-100.0
4792,low,2,16.0,4.0,6.1,B,-100.0
4793,low,2,8.0,1.0,2.4,A,-100.0
4794,medium,0,5.0,31.0,8.1,A,15.0
4795,low,2,14.0,23.0,1.4,A,2.8
4796,medium,3,6.0,34.0,9.4,A,15.0
4797,low,3,20.0,9.0,5.0,A,-100.0
4798,none,4,7.0,32.0,3.8,C,15.0
4799,low,2,2.0,2.0,9.2,C,-16.4
4800,,2,2.0,6.0,1.4,A,-12.5
4801,medium,0,17.0,14.0,7.2,C,-18.7
4802,high,0,10.0,14.0,2.0,D,-11.6
4803,low,3,0.0,2.0,7.2,C,-14.0
4804,low,0,23.0,13.0,6.6,A,-100.0
4805,high,2,1.0,8.0,2.9,B,-8.2
4806,medium,5,10.0,10.0,5.0,A,-16.4
4807,high,2,12.0,2.0,9.9,A,-100.0
4808,low,0,12.0,7.0,9.2,A,-100.0
4809,low,2,17.0,27.0,8.5,A,9.5
4810,medium,4,9.0,6.0,7.1,D,-100.0
4811,high,3,13.0,2.0,2.5,A,-100.0
4812,low,1,8.0,2.0,9.6,A,-100.0
4813,low,1,14.0,14.0,2.7,A,-15.4
4814,low,1,5.0,12.0,9.1,D,-0.6
4815,medium,0,4.0,4.0,5.9,A,-17.5
4816,medium,0,9.0,0.0,9.2,C,-100.0
4817,medium,1,12.0,3.0,1.6,A,-100.0
4818,high,0,8.0,9.0,8.4,B,-15.4
4819,low,2,10.0,5.0,8.6,A,-100.0
4820,medium,4,8.0,6.0,9.2,C,-19.1
4821,medium,0,8.0,12.0,6.7,C,-7.4
4822,medium,2,5.0,12.0,3.2,C,-4.1
4823,high,1,12.0,41.0,8.2,A,15.0
4824,high,1,2.0,14.0,3.9,A,3.2
4825,medium,1,11.0,0.0,1.4,A,-100.0
4826,high,2,15.0,4.0,1.6,B,-100.0
4827,low,1,11.0,48.0,8.1,A,15.0
4828,high,3,10.0,5.0,1.6,A,-100.0
4829,high,2,27.0,17.0,4.6,C,-100.0
4830,low,2,11.0,17.0,9.7,A,-0.4
4831,low,3,29.0,13.0,1.1,C,-100.0
4832,high,2,5.0,2.0,1.3,A,-100.0
4833,high,0,10.0,15.0,7.5,A,-6.8
4834,low,1,2.0,18.0,8.3,A,15.0
4835,none,1,8.0,21.0,9.0,B,12.4
4836,low,1,8.0,3.0,6.7,A,-100.0
4837,high,2,6.0,17.0,8.9,A,4.9
4838,low,4,5.0,9.0,6.2,C,-8.7
4839,medium,0,14.0,1.0,4.3,C,-100.0
4840,low,2,16.0,11.0,1.2,C,-100.0
4841,high,3,7.0,16.0,9.7,D,1.4
4842,medium,0,8.0,2.0,2.8,A,-100.0
4843,none,4,3.0,46.0,8.2,A,15.0
4844,high,2,1.0,5.0,6.0,B,-13.0
4845,low,0,11.0,11.0,2.6,C,-16.4
4846,low,2,5.0,9.0,9.8,A,-6.7
4847,high,1,7.0,18.0,8.7,A,5.3
4848,medium,0,0.0,2.0,9.6,A,-12.9
4849,none,0,23.0,9.0,3.7,A,-100.0
4850,medium,4,26.0,2.0,8.8,B,-100.0
4851,medium,3,15.0,27.0,4.8,A,10.7
4852,low,0,13.0,14.0,1.2,A,-14.3
4853,low,0,4.0,30.0,1.4,B,15.0
4854,none,4,4.0,16.0,4.3,A,6.2
4855,high,2,6.0,0.0,3.9,A,-100.0
4856,,1,12.0,2.0,7.9,A,-100.0
4857,low,2,10.0,25.0,4.7,A,15.0
4858,low,2,4.0,5.0,9.1,A,-13.7
4859,medium,1,1.0,36.0,2.5,C,15.0
4860,low,2,27.0,36.0,8.5,A,10.9
4861,high,3,7.0,6.0,3.9,C,-100.0
4862,high,2,4.0,36.0,8.6,A,15.0
4863,none,1,19.0,2.0,9.1,A,-100.0
4864,medium,2,9.0,6.0,1.1,A,-100.0
4865,medium,1,13.0,6.0,4.3,A,-100.0
4866,high,0,2.0,3.0,9.8,C,-16.8
4867,medium,0,24.0,1.0,7.5,A,-100.0
4868,high,3,32.0,13.0,6.9,A,-100.0
4869,medium,0,2.0,4.0,1.2,C,-16.4
4870,medium,1,5.0,39.0,7.7,B,15.0
4871,low,3,12.0,1.0,3.4,A,-100.0
4872,high,3,5.0,9.0,8.1,A,-10.6
4873,low,0,2.0,0.0,9.3,A,-100.0
4874,low,0,14.0,9.0,1.4,A,-100.0
4875,medium,3,3.0,25.0,10.0,C,15.0
4876,medium,0,4.0,1.0,5.7,A,-100.0
4877,high,3,1.0,17.0,6.2,A,12.2
4878,low,2,6.0,22.0,4.9,A,15.0
4879,low,0,7.0,41.0,8.1,B,15.0
4880,low,0,11.0,6.0,6.7,A,-100.0
4881,high,1,11.0,6.0,3.2,A,-100.0
4882,high,5,4.0,2.0,9.8,A,-100.0
4883,low,1,10.0,10.0,5.7,A,-15.3
4884,,1,6.0,5.0,8.8,A,-17.8
4885,none,1,7.0,14.0,8.7,C,-0.7
4886,low,3,23.0,22.0,3.9,A,-13.9
4887,low,1,9.0,31.0,2.7,A,15.0
4888,medium,1,5.0,14.0,8.6,A,2.9
4889,high,1,11.0,17.0,3.7,B,-6.3
4890,low,1,12.0,14.0,3.0,A,-11.7
4891,high,2,20.0,2.0,8.3,A,-100.0
4892,high,1,4.0,3.0,7.8,A,-100.0
4893,low,1,19.0,5.0,8.5,C,-100.0
4894,high,0,18.0,0.0,2.2,A,-100.0
4895,medium,1,6.0,3.0,1.1,A,-100.0
4896,high,3,13.0,7.0,1.9,A,-100.0
4897,medium,1,2.0,17.0,9.7,B,15.0
4898,low,0,6.0,3.0,9.2,C,-100.0
4899,low,0,10.0,39.0,7.7,A,15.0
4900,none,1,12.0,6.0,2.1,A,-100.0
4901,medium,2,8.0,17.0,8.3,A,3.8
4902,none,1,13.0,14.0,8.8,A,-11.2
4903,low,0,15.0,14.0,6.2,C,-15.3
4904,high,2,6.0,0.0,5.9,C,-100.0
4905,high,1,24.0,0.0,3.9,B,-100.0
4906,low,0,18.0,7.0,7.7,A,-100.0
4907,medium,2,7.0,6.0,9.6,A,-17.0
4908,none,0,7.0,12.0,3.4,C,-7.5
4909,low,1,11.0,7.0,1.8,A,-100.0
4910,high,2,8.0,14.0,2.9,A,-7.9
4911,high,2,8.0,7.0,9.8,B,-19.1
4912,high,1,15.0,17.0,9.0,C,-10.7
4913,medium,1,23.0,28.0,9.3,A,1.2
4914,none,2,8.0,0.0,2.0,A,-100.0
4915,medium,0,7.0,15.0,5.8,A,0.2
4916,medium,1,22.0,6.0,6.7,A,-100.0
4917,medium,1,2.0,1.0,8.6,A,-19.1
4918,,3,5.0,7.0,5.0,B,-14.0
4919,medium,3,16.0,7.0,6.4,B,-100.0
4920,none,2,7.0,7.0,8.6,D,-15.6
4921,medium,1,4.0,50.0,7.0,A,15.0
4922,low,0,4.0,5.0,8.9,A,-13.6
4923,low,3,4.0,13.0,3.6,A,0.3
4924,high,0,3.0,7.0,8.7,B,-10.7
4925,medium,3,3.0,3.0,7.3,A,-17.5
4926,medium,1,8.0,7.0,4.7,B,-19.0
4927,high,2,4.0,0.0,4.5,A,-100.0
4928,low,1,5.0,35.0,5.3,A,15.0
4929,medium,3,3.0,20.0,1.9,A,15.0
4930,none,2,5.0,9.0,5.4,A,-9.5
4931,medium,0,7.0,9.0,4.4,A,-13.1
4932,none,1,8.0,12.0,9.0,A,-6.5
4933,low,1,7.0,6.0,4.1,C,-19.2
4934,medium,1,16.0,3.0,9.9,A,-100.0
4935,low,3,14.0,14.0,4.8,A,-14.5
4936,medium,3,6.0,4.0,2.1,A,-100.0
4937,low,1,12.0,39.0,2.3,A,15.0
4938,low,0,6.0,4.0,9.4,A,-18.9
4939,high,0,3.0,3.0,9.6,B,-18.7
4940,none,1,3.0,10.0,9.4,A,-1.8
4941,high,0,20.0,36.0,8.7,A,15.0
4942,none,1,14.0,3.0,5.8,A,-100.0
4943,low,2,8.0,38.0,6.2,A,15.0
4944,high,4,10.0,3.0,3.7,A,-100.0
4945,none,2,25.0,2.0,8.1,C,-100.0
4946,low,2,17.0,7.0,8.2,A,-100.0
4947,low,0,,8.0,9.4,C,
4948,low,2,5.0,0.0,9.0,B,-100.0
4949,none,1,7.0,15.0,1.1,C,-2.4
4950,,1,11.0,20.0,9.8,A,5.4
4951,medium,1,11.0,38.0,2.5,A,15.0
4952,low,5,1.0,14.0,9.0,A,10.1
4953,high,1,10.0,3.0,4.5,A,-100.0
4954,low,0,8.0,4.0,4.3,B,-100.0
4955,high,1,8.0,25.0,9.4,A,15.0
4956,high,1,16.0,11.0,5.8,C,-100.0
4957,low,1,8.0,1.0,6.3,A,-100.0
4958,none,3,14.0,7.0,9.9,A,-100.0
4959,low,3,2.0,3.0,4.7,A,-16.7
4960,high,3,21.0,6.0,5.3,A,-100.0
4961,medium,2,3.0,46.0,2.4,C,15.0
4962,low,2,10.0,32.0,9.7,B,15.0
4963,high,6,25.0,20.0,8.1,A,-100.0
4964,high,2,3.0,38.0,3.4,A,15.0
4965,high,3,7.0,4.0,8.8,A,-100.0
4966,medium,2,5.0,4.0,3.4,C,-100.0
4967,low,1,2.0,0.0,,A,
4968,low,0,2.0,0.0,3.7,A,-100.0
4969,low,1,1.0,9.0,8.9,C,-0.0
4970,low,1,4.0,1.0,9.3,B,-100.0
4971,none,1,13.0,50.0,8.6,B,15.0
4972,high,0,3.0,14.0,1.2,A,0.2
4973,medium,1,6.0,30.0,8.6,A,15.0
4974,medium,1,21.0,7.0,5.9,C,-100.0
4975,low,2,4.0,7.0,6.1,A,-11.0
4976,low,1,7.0,20.0,9.7,A,13.0
4977,none,0,3.0,5.0,8.4,A,-12.7
4978,high,0,1.0,0.0,9.8,A,-100.0
4979,low,2,3.0,41.0,4.8,A,15.0
4980,none,1,5.0,1.0,3.4,A,-100.0
4981,none,3,9.0,9.0,4.3,A,-17.1
4982,low,1,17.0,6.0,9.3,B,-100.0
4983,medium,3,20.0,33.0,2.0,A,13.1
4984,high,0,1.0,6.0,7.7,A,-9.8
4985,high,1,3.0,15.0,3.9,B,3.6
4986,none,1,4.0,5.0,2.8,B,-17.3
4987,high,4,9.0,1.0,6.1,A,-100.0
4988,high,0,5.0,6.0,5.3,C,-18.0
4989,high,0,3.0,32.0,6.2,B,15.0
4990,high,4,11.0,14.0,8.9,C,-10.3
4991,low,2,5.0,18.0,9.3,A,12.0
4992,low,1,22.0,26.0,2.4,A,-4.3
4993,low,1,0.0,25.0,8.2,A,15.0
4994,high,2,8.0,1.0,7.9,A,-100.0
4995,high,0,3.0,47.0,9.1,A,15.0
4996,none,0,14.0,1.0,2.5,D,-100.0
4997,high,0,14.0,6.0,7.5,A,-100.0
4998,high,1,7.0,4.0,3.6,C,-100.0
4999,high,1,8.0,30.0,9.8,C,15.0
5000,medium,2,4.0,3.0,6.2,D,-19.7
5001,high,4,8.0,6.0,8.9,A,-100.0
5002,none,0,14.0,6.0,8.7,B,-100.0
5003,none,2,26.0,3.0,5.9,C,-100.0
5004,medium,2,2.0,2.0,9.0,C,-16.9
5005,low,1,10.0,8.0,4.2,C,-100.0
5006,high,2,6.0,10.0,9.6,C,-9.4
5007,high,1,13.0,2.0,6.7,A,-100.0
5008,none,2,7.0,39.0,9.8,A,15.0
5009,high,2,11.0,1.0,9.4,A,-100.0
5010,medium,6,4.0,2.0,4.6,B,-100.0
5011,low,0,3.0,12.0,8.5,C,2.7
5012,high,3,3.0,0.0,9.5,C,-100.0
5013,low,0,15.0,4.0,5.6,A,-100.0
5014,medium,2,10.0,11.0,8.3,C,-12.4
5015,high,1,5.0,0.0,10.0,D,-100.0
5016,medium,2,1.0,20.0,7.4,A,15.0
5017,medium,0,2.0,10.0,6.8,A,-1.0
5018,high,3,5.0,9.0,8.9,A,-10.2
5019,medium,2,7.0,17.0,8.9,C,5.8
5020,high,5,7.0,2.0,6.8,A,-100.0
5021,low,2,5.0,3.0,1.2,A,-100.0
5022,high,2,17.0,7.0,4.9,A,-100.0
5023,high,1,10.0,6.0,2.1,C,-100.0
5024,none,1,1.0,0.0,3.6,A,-100.0
5025,high,3,12.0,10.0,7.8,C,-100.0
5026,medium,1,9.0,19.0,2.9,A,3.6
5027,high,2,12.0,18.0,5.6,A,-5.1
5028,low,1,4.0,1.0,8.5,A,-100.0
5029,medium,4,9.0,8.0,7.0,B,-17.7
5030,high,1,12.0,13.0,9.4,A,-13.6
5031,high,2,5.0,4.0,4.2,A,-100.0
5032,high,1,10.0,6.0,8.2,C,-100.0
5033,low,0,6.0,9.0,5.4,A,-10.4
5034,medium,1,9.0,7.0,10.0,A,-18.1
5035,high,3,16.0,1.0,8.3,B,-100.0
5036,high,0,14.0,11.0,9.9,A,-100.0
5037,low,0,23.0,7.0,7.5,A,-100.0
5038,low,2,1.0,4.0,4.7,A,-12.7
5039,high,2,6.0,3.0,6.9,B,-100.0
5040,medium,2,5.0,8.0,3.7,A,-12.2
5041,high,0,2.0,4.0,9.6,A,-14.8
5042,high,1,14.0,9.0,8.0,A,-100.0
5043,medium,1,37.0,2.0,1.9,A,-100.0
5044,low,4,11.0,9.0,1.4,A,-100.0
5045,medium,1,5.0,9.0,4.6,C,-9.5
5046,none,0,19.0,0.0,8.8,A,-100.0
5047,none,2,15.0,17.0,7.6,C,-9.1
5048,low,0,14.0,11.0,4.6,C,-100.0
5049,low,3,18.0,40.0,5.1,A,15.0
5050,low,0,15.0,6.0,8.1,A,-100.0
5051,none,3,1.0,5.0,1.7,A,-12.8
5052,low,0,17.0,2.0,3.9,D,-100.0
5053,low,3,5.0,5.0,6.9,A,-16.6
5054,none,8,,0.0,7.8,C,
5055,high,2,6.0,46.0,7.8,C,15.0
5056,none,1,6.0,4.0,9.7,A,-19.5
5057,none,1,20.0,24.0,3.0,A,-5.3
5058,high,3,3.0,7.0,7.3,A,-11.7
5059,high,2,1.0,4.0,2.6,B,-16.8
5060,high,1,8.0,25.0,2.4,A,15.0
5061,low,1,2.0,7.0,2.5,A,-9.2
5062,low,2,19.0,7.0,2.0,A,-100.0
5063,medium,3,5.0,5.0,7.0,A,-16.9
5064,none,2,11.0,1.0,4.2,A,-100.0
5065,high,3,8.0,26.0,8.9,A,15.0
5066,none,3,11.0,3.0,3.6,A,-100.0
5067,low,0,8.0,5.0,9.8,A,-100.0
5068,low,1,11.0,9.0,6.3,A,-18.8
5069,medium,0,7.0,3.0,8.2,A,-100.0
5070,medium,3,2.0,6.0,5.1,A,-10.5
5071,low,4,4.0,9.0,2.4,C,-8.8
5072,none,0,18.0,24.0,2.3,A,-2.1
5073,medium,0,3.0,7.0,8.2,C,-8.4
5074,none,2,11.0,14.0,9.5,C,-7.4
5075,low,1,8.0,9.0,8.1,A,-12.7
5076,high,3,4.0,26.0,5.6,A,15.0
5077,high,0,5.0,6.0,3.4,A,-19.0
5078,none,0,5.0,30.0,8.2,A,15.0
5079,low,2,11.0,18.0,7.4,D,0.5
5080,high,1,9.0,1.0,3.6,A,-100.0
5081,high,4,9.0,11.0,2.1,A,-16.5
5082,low,3,4.0,16.0,9.6,A,9.6
5083,high,3,10.0,22.0,7.9,A,7.8
5084,low,1,5.0,11.0,5.7,C,-4.4
5085,high,2,26.0,6.0,8.3,D,-100.0
5086,medium,1,11.0,50.0,1.3,A,15.0
5087,high,1,26.0,7.0,9.1,C,-100.0
5088,none,0,11.0,48.0,1.9,B,15.0
5089,low,5,40.0,18.0,9.2,A,-100.0
5090,low,2,2.0,13.0,3.7,A,3.9
5091,none,1,23.0,0.0,8.4,A,-100.0
5092,none,1,,22.0,1.7,C,
5093,low,0,3.0,3.0,9.5,C,-15.7
5094,low,4,18.0,11.0,3.3,A,-100.0
5095,high,0,5.0,2.0,7.4,D,-100.0
5096,low,0,7.0,3.0,9.0,A,-100.0
5097,low,0,3.0,15.0,6.7,A,8.1
5098,medium,2,6.0,13.0,5.4,A,-2.6
5099,high,3,8.0,20.0,2.5,A,4.4
5100,low,0,,36.0,6.7,C,
5101,low,0,2.0,1.0,2.4,B,-100.0
5102,high,1,15.0,33.0,3.5,A,15.0
5103,high,1,1.0,15.0,9.9,A,10.1
5104,medium,1,4.0,2.0,3.3,C,-100.0
5105,low,1,30.0,12.0,4.7,A,-100.0
5106,medium,0,15.0,22.0,3.5,A,-0.2
5107,none,1,23.0,5.0,9.8,B,-100.0
5108,high,2,4.0,4.0,5.3,A,-100.0
5109,none,3,7.0,1.0,8.8,A,-100.0
5110,none,1,4.0,10.0,9.0,A,-3.7
5111,high,1,5.0,20.0,1.2,D,9.2
5112,medium,0,18.0,7.0,5.7,A,-100.0
5113,medium,0,13.0,11.0,2.6,A,-100.0
5114,low,1,7.0,7.0,8.4,A,-15.0
5115,medium,2,15.0,5.0,1.0,B,-100.0
5116,medium,1,9.0,0.0,9.0,A,-100.0
5117,none,1,25.0,27.0,9.7,B,-4.4
5118,none,0,2.0,12.0,5.4,A,2.3
5119,low,0,,3.0,9.9,C,
5120,high,3,7.0,8.0,9.3,C,-15.6
5121,low,2,19.0,13.0,7.4,A,-100.0
5122,none,2,6.0,35.0,6.5,A,15.0
5123,medium,2,2.0,1.0,1.2,C,-100.0
5124,low,1,18.0,2.0,3.2,A,-100.0
5125,low,3,14.0,25.0,6.1,B,9.2
5126,none,3,20.0,4.0,9.1,B,-100.0
5127,medium,2,6.0,19.0,8.8,A,11.7
5128,low,0,3.0,3.0,9.7,A,-15.6
5129,medium,1,,10.0,3.5,C,
5130,none,2,7.0,15.0,1.6,A,-2.3
5131,,1,10.0,2.0,7.4,B,-100.0
5132,none,1,15.0,2.0,9.1,A,-100.0
5133,medium,1,3.0,2.0,8.8,A,-18.6
5134,medium,2,11.0,15.0,1.7,A,-9.0
5135,low,1,4.0,6.0,2.1,A,-15.0
5136,none,1,9.0,4.0,8.3,A,-100.0
5137,low,1,11.0,15.0,5.1,A,-6.8
5138,low,2,15.0,43.0,9.5,A,15.0
5139,medium,1,15.0,13.0,1.3,D,-100.0
5140,high,3,1.0,0.0,7.2,D,-100.0
5141,none,1,2.0,7.0,9.8,C,-6.1
5142,high,0,4.0,13.0,7.7,A,-0.4
5143,medium,2,2.0,5.0,7.3,A,-11.5
5144,,2,10.0,10.0,8.1,A,-14.8
5145,low,1,18.0,4.0,3.7,A,-100.0
5146,none,2,24.0,2.0,6.2,C,-100.0
5147,medium,3,8.0,3.0,8.2,A,-100.0
5148,high,0,16.0,15.0,6.6,C,-17.7
5149,medium,1,2.0,10.0,9.8,C,0.4
5150,low,1,7.0,49.0,6.5,C,15.0
5151,low,0,3.0,10.0,8.9,A,-1.3
5152,medium,2,5.0,23.0,3.7,A,15.0
5153,medium,1,11.0,7.0,6.0,B,-100.0
5154,high,1,13.0,13.0,9.6,A,-15.3
5155,high,2,6.0,1.0,7.6,A,-100.0
5156,low,3,29.0,7.0,9.8,A,-100.0
5157,medium,1,8.0,1.0,5.5,A,-100.0
5158,none,1,1.0,11.0,8.2,D,3.2
5159,high,4,3.0,14.0,7.4,A,2.9
5160,medium,2,4.0,1.0,2.8,A,-100.0
5161,medium,1,6.0,2.0,9.6,A,-100.0
5162,medium,2,13.0,5.0,1.6,A,-100.0
5163,medium,2,3.0,19.0,9.8,A,15.0
5164,medium,2,17.0,5.0,8.9,A,-100.0
5165,high,1,34.0,2.0,6.7,A,-100.0
5166,medium,2,3.0,8.0,1.6,A,-9.8
5167,medium,0,5.0,0.0,8.2,A,-100.0
5168,low,1,21.0,1.0,7.5,A,-100.0
5169,none,0,31.0,38.0,3.9,B,5.4
5170,,1,7.0,0.0,3.0,C,-100.0
5171,low,2,2.0,9.0,5.7,A,-3.5
5172,high,0,16.0,5.0,5.5,A,-100.0
5173,low,2,24.0,5.0,4.7,C,-100.0
5174,low,1,7.0,8.0,2.3,A,-15.9
5175,none,0,13.0,50.0,1.3,A,15.0
5176,,0,10.0,8.0,8.3,A,-18.7
5177,medium,1,6.0,17.0,3.2,C,4.8
5178,low,2,5.0,22.0,9.6,C,15.0
5179,low,2,13.0,10.0,2.8,A,-100.0
5180,none,0,13.0,25.0,1.1,A,8.2
5181,low,1,17.0,8.0,1.6,B,-100.0
5182,high,3,18.0,39.0,7.8,A,15.0
5183,low,0,25.0,15.0,2.3,A,-100.0
5184,low,1,15.0,5.0,1.2,B,-100.0
5185,low,0,5.0,45.0,8.4,A,15.0
5186,low,3,3.0,5.0,2.5,A,-15.3
5187,high,0,1.0,8.0,1.7,A,-8.6
5188,low,2,11.0,41.0,8.8,A,15.0
5189,none,1,13.0,2.0,4.9,A,-100.0
5190,none,3,5.0,13.0,9.6,A,0.9
5191,medium,0,17.0,26.0,6.8,A,6.4
5192,,2,14.0,3.0,8.8,A,-100.0
5193,high,2,9.0,23.0,2.0,A,8.8
5194,high,2,19.0,33.0,6.9,A,14.8
5195,medium,1,4.0,18.0,7.0,C,12.3
5196,none,2,33.0,8.0,8.1,A,-100.0
5197,low,3,5.0,3.0,8.3,B,-100.0
5198,medium,1,1.0,26.0,2.3,A,15.0
5199,medium,3,9.0,10.0,8.0,A,-13.0
5200,high,1,1.0,19.0,9.1,B,15.0
5201,none,2,20.0,21.0,10.0,C,-8.2
5202,low,0,10.0,48.0,3.2,D,15.0
5203,medium,2,10.0,9.0,1.2,C,-100.0
5204,low,2,6.0,8.0,9.8,A,-10.5
5205,none,0,5.0,16.0,3.1,C,4.3
5206,medium,0,10.0,9.0,4.9,A,-18.1
5207,medium,2,23.0,5.0,7.6,A,-100.0
5208,none,1,1.0,5.0,6.5,A,-10.2
5209,low,1,10.0,23.0,6.2,A,12.3
5210,,2,11.0,11.0,9.5,A,-13.7
5211,low,0,14.0,8.0,5.1,A,-100.0
5212,medium,2,4.0,10.0,1.3,A,-7.5
5213,high,2,9.0,6.0,8.6,A,-100.0
5214,low,1,18.0,43.0,3.8,A,15.0
5215,low,3,4.0,10.0,8.6,D,-3.5
5216,medium,1,6.0,14.0,6.5,B,0.2
5217,high,0,40.0,3.0,5.9,C,-100.0
5218,high,3,7.0,14.0,9.9,C,-2.7
5219,high,2,6.0,36.0,3.3,A,15.0
5220,none,3,21.0,1.0,1.3,A,-100.0
5221,low,3,13.0,6.0,8.8,A,-100.0
5222,high,2,1.0,1.0,2.2,B,-100.0
5223,medium,1,7.0,12.0,1.4,C,-8.4
5224,low,1,6.0,6.0,9.7,A,-14.7
5225,high,2,16.0,43.0,7.2,D,15.0
5226,none,1,6.0,3.0,3.8,A,-100.0
5227,medium,2,13.0,1.0,3.1,C,-100.0
5228,high,1,6.0,7.0,7.9,A,-16.5
5229,none,5,3.0,1.0,8.1,A,-100.0
5230,none,3,7.0,3.0,3.5,A,-100.0
5231,low,1,3.0,7.0,8.0,A,-8.2
5232,medium,0,15.0,7.0,5.1,A,-100.0
5233,low,4,13.0,9.0,5.9,A,-100.0
5234,low,2,7.0,2.0,9.7,A,-100.0
5235,low,0,2.0,3.0,9.7,D,-13.9
5236,high,0,7.0,4.0,5.5,C,-100.0
5237,medium,3,5.0,6.0,10.0,D,-13.4
5238,low,2,5.0,2.0,8.4,D,-100.0
5239,low,0,34.0,17.0,9.2,A,-100.0
5240,low,2,15.0,0.0,8.6,A,-100.0
5241,medium,3,14.0,9.0,7.5,A,-100.0
5242,high,1,14.0,28.0,3.5,D,11.4
5243,medium,2,2.0,2.0,6.0,A,-18.4
5244,medium,5,19.0,9.0,9.8,A,-100.0
5245,low,1,7.0,20.0,1.5,A,8.9
5246,low,2,1.0,8.0,2.4,A,-5.5
5247,none,0,6.0,2.0,6.1,A,-100.0
5248,high,3,28.0,0.0,9.4,C,-100.0
5249,high,0,8.0,46.0,8.8,C,15.0
5250,medium,3,10.0,10.0,1.1,A,-18.1
5251,low,3,16.0,12.0,9.5,A,-19.9
5252,medium,2,20.0,0.0,3.0,A,-100.0
5253,low,1,4.0,8.0,1.5,A,-11.1
5254,medium,0,3.0,9.0,8.9,A,-3.8
5255,medium,3,5.0,28.0,1.9,D,15.0
5256,medium,2,24.0,7.0,4.9,C,-100.0
5257,low,3,10.0,23.0,9.4,A,13.7
5258,high,1,7.0,39.0,8.7,D,15.0
5259,none,0,8.0,2.0,8.2,A,-100.0
5260,none,1,6.0,5.0,9.2,A,-17.6
5261,low,3,,10.0,2.8,C,
5262,none,2,7.0,3.0,2.1,A,-100.0
5263,none,2,4.0,15.0,3.7,A,4.0
5264,medium,3,1.0,19.0,3.2,B,15.0
5265,none,0,,29.0,8.2,C,
5266,none,0,10.0,13.0,5.6,A,-9.5
5267,high,0,4.0,0.0,4.0,C,-100.0
5268,high,0,7.0,11.0,4.6,A,-11.4
5269,low,2,0.0,15.0,9.1,A,14.3
5270,none,1,2.0,4.0,6.2,A,-14.2
5271,low,0,10.0,13.0,2.2,B,-10.6
5272,medium,1,14.0,7.0,3.8,A,-100.0
5273,high,1,9.0,9.0,8.8,C,-17.1
5274,none,1,24.0,1.0,10.0,A,-100.0
5275,,2,6.0,15.0,8.7,A,3.0
5276,high,0,1.0,13.0,1.5,A,1.8
5277,none,0,3.0,9.0,3.2,B,-6.9
5278,low,1,12.0,7.0,4.1,A,-100.0
5279,low,1,5.0,4.0,2.9,A,-100.0
5280,none,2,5.0,9.0,1.7,A,-11.3
5281,high,0,7.0,36.0,3.1,A,15.0
5282,high,2,22.0,30.0,8.1,A,3.8
5283,low,1,15.0,21.0,7.1,B,-0.2
5284,low,0,12.0,23.0,6.8,A,9.2
5285,,3,8.0,3.0,8.2,A,-100.0
5286,none,1,14.0,6.0,8.6,A,-100.0
5287,high,2,5.0,6.0,7.1,A,-17.3
5288,low,4,10.0,3.0,5.5,C,-100.0
5289,medium,2,29.0,34.0,1.0,A,-1.0
5290,medium,1,10.0,5.0,8.4,B,-100.0
5291,high,2,11.0,21.0,6.6,B,3.4
5292,none,2,9.0,1.0,8.8,A,-100.0
5293,low,2,5.0,2.0,6.0,A,-100.0
5294,low,2,16.0,10.0,3.9,A,-100.0
5295,none,1,4.0,3.0,1.1,A,-100.0
5296,low,2,4.0,17.0,6.8,B,10.4
5297,high,3,8.0,10.0,8.0,A,-13.8
5298,high,1,9.0,21.0,9.0,A,8.2
5299,medium,2,6.0,36.0,1.6,B,15.0
5300,medium,1,6.0,11.0,8.5,C,-5.1
5301,none,1,4.0,3.0,5.9,B,-20.0
5302,low,0,16.0,8.0,4.6,C,-100.0
5303,medium,2,3.0,2.0,1.3,C,-100.0
5304,high,0,11.0,11.0,9.2,A,-16.1
5305,medium,0,17.0,8.0,7.7,A,-100.0
5306,high,1,9.0,9.0,9.8,C,-16.6
5307,low,0,9.0,7.0,8.9,C,-18.1
5308,medium,1,6.0,14.0,9.7,A,1.8
5309,high,1,4.0,29.0,3.5,C,15.0
5310,medium,2,40.0,14.0,8.8,A,-100.0
5311,medium,2,21.0,21.0,2.7,A,-13.4
5312,high,1,17.0,28.0,5.9,A,7.4
5313,low,0,10.0,13.0,9.8,A,-6.8
5314,low,1,9.0,2.0,4.2,C,-100.0
5315,none,1,3.0,5.0,7.3,A,-13.3
5316,high,3,16.0,7.0,9.7,D,-100.0
5317,medium,3,7.0,17.0,5.6,C,4.1
5318,medium,1,2.0,20.0,8.9,B,15.0
5319,low,4,10.0,2.0,1.2,A,-100.0
5320,low,2,13.0,4.0,9.8,A,-100.0
5321,medium,0,8.0,2.0,9.5,D,-100.0
5322,low,1,11.0,3.0,6.9,C,-100.0
5323,high,4,8.0,10.0,2.7,A,-16.6
5324,medium,1,6.0,1.0,9.9,A,-100.0
5325,low,1,13.0,11.0,1.6,A,-100.0
5326,low,3,26.0,4.0,5.7,A,-100.0
5327,medium,5,9.0,4.0,6.8,A,-100.0
5328,medium,1,10.0,2.0,3.6,A,-100.0
5329,high,1,10.0,20.0,3.6,A,1.7
5330,none,1,21.0,10.0,2.6,A,-100.0
5331,medium,2,4.0,0.0,3.9,A,-100.0
5332,low,2,2.0,1.0,2.1,A,-100.0
5333,low,3,8.0,2.0,8.6,A,-100.0
5334,none,2,17.0,19.0,5.7,A,-9.3
5335,,3,14.0,15.0,1.3,C,-14.8
5336,medium,1,7.0,6.0,8.1,C,-17.6
5337,high,0,20.0,20.0,9.5,A,-12.8
5338,medium,2,13.0,11.0,8.1,A,-17.7
5339,low,0,14.0,13.0,5.3,A,-16.1
5340,medium,0,8.0,23.0,6.4,A,15.0
5341,high,0,11.0,3.0,8.9,A,-100.0
5342,high,0,12.0,8.0,5.8,D,-100.0
5343,low,2,4.0,0.0,3.1,A,-100.0
5344,low,2,30.0,21.0,9.2,B,-100.0
5345,medium,2,4.0,23.0,1.4,A,15.0
5346,high,2,16.0,5.0,7.4,A,-100.0
5347,medium,2,18.0,34.0,6.5,A,15.0
5348,high,0,17.0,12.0,9.9,C,-100.0
5349,medium,7,4.0,5.0,1.4,A,-18.4
5350,medium,1,5.0,1.0,2.7,A,-100.0
5351,medium,1,27.0,5.0,8.7,C,-100.0
5352,high,1,16.0,8.0,1.1,A,-100.0
5353,none,4,11.0,17.0,1.4,A,-5.4
5354,medium,0,8.0,9.0,1.5,D,-16.2
5355,none,2,23.0,0.0,9.8,A,-100.0
5356,high,3,6.0,2.0,9.9,A,-100.0
5357,medium,2,5.0,2.0,8.7,A,-100.0
5358,high,2,7.0,29.0,8.3,A,15.0
5359,high,3,5.0,2.0,5.3,A,-100.0
5360,medium,0,18.0,13.0,2.8,A,-100.0
5361,medium,1,5.0,14.0,7.3,A,2.3
5362,low,1,4.0,24.0,9.9,C,15.0
5363,medium,0,6.0,0.0,4.8,A,-100.0
5364,high,3,4.0,3.0,1.2,C,-100.0
5365,low,2,3.0,3.0,8.4,A,-16.5
5366,medium,2,7.0,9.0,2.1,A,-14.4
5367,medium,1,13.0,3.0,8.7,C,-100.0
5368,high,2,5.0,2.0,8.0,C,-100.0
5369,medium,1,7.0,13.0,9.7,A,-2.1
5370,high,0,7.0,10.0,2.0,A,-14.8
5371,low,1,12.0,4.0,1.3,A,-100.0
5372,medium,0,10.0,5.0,3.9,A,-100.0
5373,low,4,17.0,0.0,4.8,A,-100.0
5374,none,3,10.0,3.0,8.1,C,-100.0
5375,low,1,23.0,4.0,3.2,A,-100.0
5376,medium,2,9.0,5.0,9.7,A,-100.0
5377,medium,1,,8.0,3.5,C,
5378,low,3,10.0,6.0,3.4,A,-100.0
5379,high,0,21.0,35.0,7.7,A,15.0
5380,low,3,7.0,13.0,3.4,A,-5.1
5381,high,2,11.0,30.0,4.1,A,15.0
5382,low,1,18.0,7.0,3.7,C,-100.0
5383,low,1,6.0,29.0,9.0,A,15.0
5384,high,3,9.0,18.0,3.6,D,-1.0
5385,none,1,12.0,8.0,8.4,A,-100.0
5386,low,1,30.0,7.0,9.0,A,-100.0
5387,low,0,14.0,7.0,7.5,C,-100.0
5388,high,0,,29.0,8.8,C,
5389,high,2,20.0,7.0,8.5,B,-100.0
5390,none,1,4.0,20.0,6.3,A,15.0
5391,low,2,17.0,0.0,7.6,C,-100.0
5392,low,0,12.0,8.0,7.9,A,-100.0
5393,none,2,16.0,2.0,2.9,A,-100.0
5394,high,1,3.0,48.0,5.1,A,15.0
5395,high,1,2.0,2.0,3.1,C,-100.0
5396,low,1,4.0,6.0,2.7,A,-14.7
5397,low,0,10.0,15.0,1.2,C,-6.9
5398,none,0,,38.0,8.4,C,
5399,high,4,4.0,15.0,8.4,C,3.8
5400,low,2,4.0,9.0,3.2,A,-8.2
5401,low,3,5.0,6.0,2.8,A,-16.6
5402,medium,1,13.0,3.0,7.8,A,-100.0
5403,medium,1,9.0,44.0,9.5,A,15.0
5404,low,3,8.0,2.0,6.7,B,-100.0
5405,none,1,4.0,40.0,9.5,A,15.0
5406,low,2,3.0,17.0,5.6,D,11.5
5407,low,1,5.0,2.0,3.0,B,-100.0
5408,high,0,11.0,7.0,3.0,C,-100.0
5409,low,1,5.0,39.0,3.0,C,15.0
5410,high,0,26.0,18.0,9.4,A,-100.0
5411,medium,1,13.0,3.0,2.5,A,-100.0
5412,medium,0,4.0,16.0,1.8,A,5.6
5413,high,1,9.0,9.0,8.3,A,-17.3
5414,high,2,2.0,39.0,6.5,C,15.0
5415,medium,3,21.0,21.0,8.3,A,-10.7
5416,medium,2,17.0,1.0,9.6,A,-100.0
5417,medium,3,21.0,21.0,9.6,C,-10.0
5418,low,2,22.0,7.0,5.7,C,-100.0
5419,medium,1,7.0,2.0,8.8,A,-100.0
5420,none,0,14.0,9.0,1.5,C,-100.0
5421,high,0,11.0,6.0,3.8,A,-100.0
5422,medium,0,12.0,13.0,8.8,A,-11.2
5423,high,1,5.0,8.0,5.0,A,-14.1
5424,low,1,6.0,21.0,5.8,A,14.9
5425,none,2,4.0,28.0,9.0,A,15.0
5426,low,0,12.0,4.0,2.0,A,-100.0
5427,high,2,9.0,3.0,9.7,A,-100.0
5428,low,0,6.0,50.0,4.4,A,15.0
5429,high,0,5.0,10.0,9.8,D,-7.4
5430,low,2,3.0,5.0,5.9,A,-13.5
5431,medium,1,2.0,36.0,2.7,A,15.0
5432,low,2,22.0,12.0,2.2,A,-100.0
5433,high,1,11.0,9.0,2.2,B,-100.0
5434,low,1,12.0,3.0,9.6,A,-100.0
5435,low,4,3.0,11.0,9.3,A,0.6
5436,medium,1,1.0,46.0,1.7,A,15.0
5437,high,1,9.0,14.0,1.5,C,-10.2
5438,medium,3,11.0,14.0,1.9,C,-11.1
5439,high,1,5.0,14.0,8.5,A,0.3
5440,none,2,9.0,14.0,3.2,A,-7.1
5441,low,1,11.0,5.0,9.6,A,-100.0
5442,high,2,2.0,3.0,1.0,C,-100.0
5443,medium,1,6.0,9.0,3.6,A,-11.8
5444,none,3,35.0,10.0,6.0,C,-100.0
5445,high,1,5.0,12.0,3.0,C,-6.7
5446,none,1,8.0,9.0,8.4,A,-13.1
5447,none,0,10.0,25.0,9.4,C,15.0
5448,low,0,8.0,14.0,1.8,C,-5.2
5449,low,1,25.0,12.0,,D,
5450,high,3,14.0,7.0,7.2,A,-100.0
5451,medium,2,11.0,1.0,9.4,A,-100.0
5452,high,1,17.0,17.0,9.5,A,-13.9
5453,low,2,6.0,25.0,9.7,A,15.0
5454,medium,0,11.0,21.0,7.0,A,6.5
5455,low,1,4.0,0.0,3.6,C,-100.0
5456,medium,3,22.0,5.0,8.7,A,-100.0
5457,medium,0,10.0,4.0,8.7,A,-100.0
5458,none,3,10.0,7.0,4.8,A,-100.0
5459,low,0,11.0,0.0,8.1,A,-100.0
5460,low,1,5.0,2.0,2.8,A,-100.0
5461,low,3,6.0,6.0,8.6,A,-15.4
5462,none,0,10.0,0.0,7.5,A,-100.0
5463,high,1,18.0,19.0,2.7,C,-14.9
5464,none,0,2.0,10.0,8.2,A,-0.5
5465,none,0,14.0,25.0,1.2,A,6.5
5466,medium,0,9.0,10.0,3.8,A,-14.8
5467,,3,11.0,4.0,7.0,A,-100.0
5468,high,0,19.0,11.0,2.0,A,-100.0
5469,medium,2,3.0,8.0,9.1,A,-6.0
5470,low,0,3.0,3.0,9.0,A,-16.0
5471,high,4,6.0,32.0,2.9,A,15.0
5472,medium,1,11.0,6.0,8.5,D,-100.0
5473,none,5,14.0,4.0,7.7,A,-100.0
5474,high,1,23.0,10.0,7.1,A,-100.0
5475,low,1,8.0,10.0,5.7,D,-11.8
5476,low,1,35.0,2.0,2.0,A,-100.0
5477,low,0,6.0,44.0,6.5,D,15.0
5478,none,1,11.0,50.0,4.4,A,15.0
5479,medium,0,4.0,12.0,8.9,A,0.7
5480,high,2,1.0,32.0,2.4,C,15.0
5481,medium,0,13.0,40.0,7.2,A,15.0
5482,high,2,12.0,2.0,9.9,A,-100.0
5483,high,2,9.0,2.0,9.1,C,-100.0
5484,none,1,3.0,3.0,7.7,A,-17.3
5485,medium,0,10.0,9.0,10.0,A,-15.5
5486,,3,3.0,5.0,9.0,B,-12.7
5487,high,3,9.0,2.0,7.4,C,-100.0
5488,none,0,8.0,4.0,8.4,A,-100.0
5489,low,4,9.0,7.0,9.9,A,-18.0
5490,medium,2,5.0,8.0,8.4,C,-9.8
5491,none,2,5.0,14.0,5.2,B,0.9
5492,none,3,15.0,2.0,8.7,A,-100.0
5493,medium,2,9.0,4.0,9.5,A,-100.0
5494,medium,2,24.0,5.0,2.2,C,-100.0
5495,medium,1,10.0,4.0,2.2,C,-100.0
5496,low,4,11.0,9.0,2.3,A,-100.0
5497,none,1,2.0,2.0,2.5,A,-100.0
5498,high,2,23.0,1.0,9.9,A,-100.0
5499,high,0,26.0,6.0,4.8,A,-100.0
5500,high,1,5.0,2.0,7.7,A,-100.0
5501,medium,2,15.0,10.0,8.3,A,-100.0
5502,medium,1,4.0,20.0,2.6,A,14.3
5503,low,2,4.0,5.0,5.2,A,-15.6
5504,none,2,11.0,8.0,5.8,B,-100.0
5505,none,3,12.0,18.0,1.4,A,-4.9
5506,low,5,25.0,9.0,6.0,C,-100.0
5507,low,0,11.0,3.0,3.1,B,-100.0
5508,high,0,17.0,41.0,8.2,A,15.0
5509,high,3,23.0,38.0,5.0,A,15.0
5510,low,1,4.0,7.0,1.4,A,-13.2
5511,low,1,4.0,27.0,8.0,A,15.0
5512,low,1,10.0,2.0,6.4,A,-100.0
5513,medium,0,6.0,1.0,2.0,A,-100.0
5514,none,0,2.0,0.0,8.5,A,-100.0
5515,medium,2,15.0,2.0,4.3,C,-100.0
5516,medium,1,4.0,24.0,4.8,A,15.0
5517,low,1,12.0,8.0,5.0,A,-100.0
5518,high,1,4.0,16.0,3.7,C,3.8
5519,low,2,6.0,40.0,5.8,C,15.0
5520,high,1,15.0,16.0,4.6,A,-15.0
5521,high,1,4.0,1.0,5.1,B,-100.0
5522,medium,2,12.0,9.0,9.2,A,-19.6
5523,low,0,15.0,2.0,8.2,C,-100.0
5524,high,2,4.0,13.0,7.6,A,-0.6
5525,none,0,11.0,24.0,2.2,A,10.1
5526,high,5,9.0,43.0,6.2,A,15.0
5527,high,2,13.0,19.0,1.4,A,-6.9
5528,high,0,27.0,5.0,8.3,A,-100.0
5529,medium,1,1.0,4.0,8.3,A,-11.2
5530,medium,2,28.0,14.0,8.6,A,-100.0
5531,low,1,40.0,5.0,10.0,C,-100.0
5532,high,1,4.0,8.0,9.3,A,-10.2
5533,high,2,40.0,0.0,9.3,A,-100.0
5534,,3,10.0,1.0,3.2,A,-100.0
5535,high,0,19.0,17.0,1.0,D,-100.0
5536,medium,6,2.0,46.0,1.3,C,15.0
5537,high,1,10.0,2.0,2.1,A,-100.0
5538,medium,1,11.0,17.0,8.3,A,-1.4
5539,high,1,8.0,1.0,8.8,C,-100.0
5540,high,1,25.0,8.0,1.3,A,-100.0
5541,high,1,10.0,37.0,9.6,D,15.0
5542,low,0,39.0,9.0,2.5,A,-100.0
5543,medium,0,3.0,12.0,3.0,A,-0.4
5544,medium,2,11.0,19.0,2.2,A,-0.3
5545,high,1,6.0,5.0,9.4,D,-19.9
5546,none,0,9.0,16.0,2.5,C,-3.0
5547,none,0,11.0,11.0,6.8,A,-14.9
5548,low,1,4.0,16.0,9.2,A,9.6
5549,low,0,18.0,10.0,2.8,A,-100.0
5550,low,5,5.0,1.0,8.5,A,-100.0
5551,medium,1,5.0,14.0,3.6,A,0.5
5552,medium,1,3.0,14.0,8.5,C,6.4
5553,low,2,16.0,31.0,9.4,A,15.0
5554,high,0,15.0,0.0,8.9,A,-100.0
5555,medium,2,8.0,29.0,5.7,A,15.0
5556,low,2,18.0,6.0,10.0,C,-100.0
5557,medium,1,13.0,5.0,9.6,A,-100.0
5558,low,3,19.0,9.0,2.1,B,-100.0
5559,medium,1,3.0,9.0,3.0,A,-6.9
5560,none,1,6.0,10.0,9.0,A,-7.2
5561,low,3,1.0,17.0,5.6,A,14.9
5562,low,3,9.0,11.0,9.6,D,-9.7
5563,medium,1,7.0,4.0,9.6,A,-100.0
5564,high,2,14.0,16.0,8.5,A,-11.4
5565,low,1,11.0,2.0,6.2,A,-100.0
5566,none,0,13.0,10.0,2.4,A,-100.0
5567,high,0,19.0,18.0,8.8,A,-15.6
5568,low,1,7.0,3.0,1.6,D,-100.0
5569,high,3,12.0,50.0,2.1,A,15.0
5570,low,0,6.0,3.0,2.6,A,-100.0
5571,low,0,6.0,4.0,9.4,A,-18.9
5572,medium,1,22.0,3.0,9.6,A,-100.0
5573,high,0,21.0,14.0,9.2,B,-100.0
5574,none,2,14.0,3.0,2.7,A,-100.0
5575,low,2,5.0,8.0,3.5,B,-11.9
5576,low,2,16.0,13.0,8.6,A,-18.1
5577,high,0,6.0,4.0,9.8,C,-100.0
5578,medium,1,6.0,21.0,5.8,A,14.5
5579,none,1,3.0,24.0,7.2,C,15.0
5580,medium,5,3.0,4.0,1.1,A,-18.7
5581,low,2,9.0,11.0,1.3,C,-13.7
5582,low,3,27.0,1.0,7.7,D,-100.0
5583,medium,2,8.0,4.0,1.8,C,-100.0
5584,medium,0,13.0,2.0,9.8,A,-100.0
5585,high,0,6.0,9.0,8.7,A,-11.8
5586,low,1,2.0,12.0,7.8,C,4.0
5587,high,3,2.0,6.0,2.5,C,-14.5
5588,none,2,9.0,4.0,7.4,A,-100.0
5589,medium,2,4.0,25.0,3.9,C,15.0
5590,high,3,1.0,6.0,7.3,A,-10.3
5591,,2,24.0,0.0,9.3,C,-100.0
5592,low,1,10.0,8.0,5.4,C,-19.6
5593,medium,2,4.0,3.0,9.1,A,-18.2
5594,high,6,10.0,17.0,1.3,C,-6.3
5595,medium,0,12.0,16.0,9.8,A,-4.4
5596,medium,3,17.0,12.0,9.6,A,-100.0
5597,medium,2,14.0,19.0,8.2,A,-2.6
5598,high,2,17.0,26.0,1.9,D,1.1
5599,medium,1,7.0,0.0,6.5,A,-100.0
5600,high,2,7.0,5.0,2.6,A,-100.0
5601,medium,1,15.0,8.0,5.2,B,-100.0
5602,low,1,4.0,6.0,7.3,A,-12.4
5603,low,0,6.0,3.0,9.2,A,-100.0
5604,low,1,11.0,45.0,8.4,A,15.0
5605,high,1,22.0,13.0,2.8,A,-100.0
5606,high,2,9.0,9.0,9.7,A,-16.7
5607,medium,0,15.0,15.0,5.1,A,-14.1
5608,none,1,2.0,6.0,9.4,C,-8.4
5609,medium,0,24.0,1.0,4.7,A,-100.0
5610,low,1,17.0,2.0,6.9,B,-100.0
5611,,1,4.0,41.0,8.1,A,15.0
5612,high,1,28.0,1.0,7.7,A,-100.0
5613,high,2,,18.0,2.1,C,
5614,high,2,12.0,8.0,2.5,A,-100.0
5615,,1,4.0,5.0,2.4,A,-17.5
5616,medium,2,10.0,9.0,4.2,D,-18.6
5617,none,2,5.0,29.0,8.1,A,15.0
5618,high,4,9.0,12.0,2.3,A,-14.3
5619,high,0,4.0,6.0,3.5,A,-17.2
5620,medium,1,10.0,8.0,5.0,C,-100.0
5621,low,1,13.0,6.0,8.5,C,-100.0
5622,high,2,7.0,6.0,9.0,A,-19.9
5623,high,1,4.0,23.0,8.6,A,15.0
5624,low,4,0.0,4.0,8.1,A,-9.5
5625,high,2,5.0,7.0,9.0,C,-14.3
5626,low,4,10.0,13.0,1.4,A,-11.4
5627,low,0,18.0,1.0,7.8,B,-100.0
5628,medium,2,9.0,13.0,6.4,A,-7.4
5629,medium,2,4.0,9.0,3.9,A,-8.2
5630,none,3,3.0,13.0,1.5,A,0.4
5631,medium,0,8.0,2.0,8.9,A,-100.0
5632,low,1,17.0,14.0,8.2,A,-17.9
5633,high,2,8.0,3.0,9.3,A,-100.0
5634,medium,0,6.0,25.0,8.4,C,15.0
5635,medium,0,27.0,2.0,8.9,C,-100.0
5636,none,2,19.0,6.0,8.3,A,-100.0
5637,low,1,6.0,9.0,3.0,A,-11.7
5638,,3,9.0,2.0,8.5,A,-100.0
5639,none,0,6.0,6.0,9.7,C,-15.2
5640,medium,1,12.0,8.0,4.1,B,-100.0
5641,low,1,6.0,30.0,5.5,A,15.0
5642,low,2,16.0,29.0,7.8,A,15.0
5643,none,1,9.0,7.0,8.4,A,-19.1
5644,high,1,11.0,24.0,1.4,A,7.2
5645,low,1,2.0,12.0,9.4,C,4.8
5646,none,4,19.0,14.0,8.5,B,-100.0
5647,low,3,3.0,4.0,7.8,A,-14.8
5648,low,3,15.0,2.0,2.9,A,-100.0
5649,high,0,5.0,11.0,9.4,A,-5.5
5650,high,0,9.0,3.0,9.8,A,-100.0
5651,high,2,16.0,7.0,9.9,A,-100.0
5652,high,2,12.0,26.0,4.6,C,11.2
5653,high,3,4.0,6.0,7.4,A,-15.5
5654,high,3,8.0,2.0,3.4,A,-100.0
5655,medium,1,3.0,8.0,8.2,A,-6.3
5656,medium,0,6.0,28.0,8.3,C,15.0
5657,medium,5,21.0,1.0,2.8,A,-100.0
5658,medium,4,8.0,8.0,7.9,A,-15.5
5659,high,1,7.0,3.0,6.1,B,-100.0
5660,medium,1,10.0,7.0,8.6,B,-100.0
5661,medium,2,,0.0,9.5,C,
5662,low,1,5.0,47.0,8.5,A,15.0
5663,low,1,4.0,16.0,9.5,A,9.7
5664,none,0,17.0,4.0,6.4,A,-100.0
5665,high,0,21.0,7.0,9.0,B,-100.0
5666,none,1,10.0,8.0,1.1,A,-100.0
5667,medium,1,8.0,6.0,1.1,A,-100.0
5668,high,2,13.0,1.0,2.7,C,-100.0
5669,high,1,6.0,8.0,3.6,C,-16.5
5670,high,0,,13.0,8.4,C,
5671,low,2,10.0,31.0,2.2,A,15.0
5672,low,1,13.0,22.0,1.2,A,2.4
5673,medium,1,0.0,2.0,8.2,C,-13.7
5674,high,2,9.0,31.0,1.6,A,15.0
5675,low,1,7.0,10.0,9.2,C,-8.3
5676,none,4,31.0,2.0,6.9,C,-100.0
5677,high,0,,5.0,1.2,C,
5678,medium,0,2.0,6.0,9.8,A,-7.9
5679,none,1,3.0,21.0,5.1,A,15.0
5680,low,1,12.0,8.0,4.0,A,-100.0
5681,none,3,8.0,14.0,9.6,A,-2.2
5682,low,2,17.0,6.0,3.0,A,-100.0
5683,medium,3,13.0,27.0,9.7,A,15.0
5684,medium,2,13.0,0.0,8.7,C,-100.0
5685,medium,2,8.0,23.0,9.0,C,15.0
5686,low,1,19.0,1.0,3.9,A,-100.0
5687,high,1,40.0,7.0,6.9,A,-100.0
5688,low,2,9.0,13.0,8.7,A,-5.8
5689,high,1,10.0,5.0,8.2,C,-100.0
5690,high,4,8.0,9.0,3.6,C,-18.2
5691,high,0,7.0,18.0,8.8,A,5.4
5692,high,1,1.0,5.0,5.8,A,-13.0
5693,high,2,19.0,6.0,8.6,A,-100.0
5694,high,1,25.0,42.0,9.6,A,15.0
5695,low,2,10.0,1.0,9.0,C,-100.0
5696,,0,8.0,0.0,9.7,B,-100.0
5697,low,1,4.0,6.0,6.7,C,-12.7
5698,high,4,15.0,3.0,6.8,A,-100.0
5699,medium,2,14.0,4.0,8.7,C,-100.0
5700,none,3,6.0,13.0,8.6,C,-1.3
5701,low,4,9.0,1.0,3.7,B,-100.0
5702,low,0,13.0,13.0,1.7,C,-16.1
5703,none,0,12.0,1.0,2.2,A,-100.0
5704,high,1,4.0,19.0,9.4,C,13.0
5705,medium,1,14.0,8.0,6.5,A,-100.0
5706,high,1,13.0,7.0,8.5,A,-100.0
5707,high,3,12.0,4.0,8.9,A,-100.0
5708,medium,3,6.0,12.0,9.7,A,-2.7
5709,none,2,18.0,15.0,8.7,A,-18.0
5710,high,0,21.0,6.0,9.0,C,-100.0
5711,low,2,20.0,13.0,1.2,A,-100.0
5712,high,2,2.0,13.0,1.7,A,-0.1
5713,,2,5.0,16.0,8.9,B,7.0
5714,medium,1,12.0,12.0,1.4,D,-17.1
5715,none,2,5.0,6.0,10.0,A,-13.5
5716,medium,1,22.0,3.0,9.9,A,-100.0
5717,low,1,20.0,8.0,4.8,A,-100.0
5718,none,2,30.0,22.0,2.2,A,-100.0
5719,low,0,20.0,1.0,7.3,A,-100.0
5720,medium,2,17.0,3.0,1.3,C,-100.0
5721,low,1,29.0,26.0,4.8,A,-15.4
5722,high,0,16.0,9.0,9.7,B,-100.0
5723,low,0,21.0,3.0,8.0,A,-100.0
5724,medium,5,9.0,19.0,3.9,A,3.7
5725,high,0,3.0,6.0,9.1,B,-12.6
5726,high,1,13.0,36.0,6.3,A,15.0
5727,low,1,7.0,24.0,1.5,A,15.0
5728,medium,3,14.0,6.0,3.0,A,-100.0
5729,low,3,3.0,4.0,2.6,A,-17.4
5730,low,1,1.0,11.0,7.6,C,3.5
5731,high,0,12.0,46.0,4.8,A,15.0
5732,low,2,9.0,13.0,9.1,A,-5.6
5733,high,2,11.0,8.0,1.2,A,-100.0
5734,medium,2,6.0,4.0,9.6,A,-19.4
5735,none,1,6.0,16.0,6.7,A,4.2
5736,high,2,18.0,16.0,8.3,A,-18.5
5737,high,3,3.0,6.0,1.6,A,-16.7
5738,low,3,27.0,21.0,9.5,A,-100.0
5739,high,0,4.0,3.0,6.7,A,-100.0
5740,high,0,9.0,4.0,2.3,C,-100.0
5741,low,0,4.0,8.0,8.3,B,-7.6
5742,medium,2,3.0,0.0,9.9,C,-100.0
5743,high,0,20.0,31.0,9.1,A,10.1
5744,low,1,9.0,0.0,1.9,A,-100.0
5745,high,0,8.0,1.0,8.4,A,-100.0
5746,none,2,13.0,2.0,9.8,C,-100.0
5747,low,3,15.0,2.0,6.8,C,-100.0
5748,,2,12.0,14.0,8.5,A,-9.7
5749,medium,3,19.0,26.0,8.2,C,3.3
5750,low,5,15.0,43.0,3.5,A,15.0
5751,medium,3,27.0,10.0,5.0,C,-100.0
5752,medium,2,13.0,2.0,1.5,B,-100.0
5753,medium,1,17.0,6.0,8.8,A,-100.0
5754,medium,0,15.0,3.0,1.9,A,-100.0
5755,low,1,9.0,16.0,2.6,A,-2.5
5756,high,3,17.0,4.0,3.8,D,-100.0
5757,low,2,14.0,7.0,8.9,C,-100.0
5758,none,3,4.0,19.0,1.3,A,11.1
5759,none,1,8.0,30.0,8.9,A,15.0
5760,none,1,20.0,5.0,8.9,A,-100.0
5761,high,0,15.0,22.0,7.8,C,-0.7
5762,medium,4,14.0,19.0,2.9,A,-5.4
5763,high,3,3.0,2.0,2.1,A,-100.0
5764,low,4,4.0,5.0,4.7,A,-16.1
5765,high,1,12.0,2.0,2.9,A,-100.0
5766,medium,2,26.0,6.0,8.0,C,-100.0
5767,none,1,15.0,7.0,7.0,C,-100.0
5768,high,2,31.0,5.0,8.1,A,-100.0
5769,low,2,29.0,1.0,8.8,A,-100.0
5770,high,4,9.0,1.0,1.3,D,-100.0
5771,high,0,4.0,25.0,1.7,A,15.0
5772,medium,3,8.0,30.0,1.2,A,15.0
5773,none,2,12.0,0.0,1.7,C,-100.0
5774,none,2,14.0,3.0,8.7,A,-100.0
5775,low,0,3.0,6.0,9.2,A,-9.6
5776,none,2,18.0,1.0,6.1,A,-100.0
5777,high,0,4.0,20.0,1.5,C,11.2
5778,medium,3,8.0,2.0,3.1,A,-100.0
5779,high,1,12.0,5.0,9.0,A,-100.0
5780,low,1,9.0,27.0,9.9,A,15.0
5781,low,2,4.0,4.0,8.4,A,-16.1
5782,high,1,,20.0,3.5,C,
5783,none,1,25.0,14.0,2.8,B,-100.0
5784,low,1,10.0,22.0,6.1,B,10.1
5785,medium,2,7.0,15.0,5.1,C,-0.3
5786,low,0,10.0,10.0,9.1,C,-13.5
5787,high,2,13.0,3.0,8.5,C,-100.0
5788,medium,0,24.0,15.0,6.8,A,-100.0
5789,low,4,2.0,3.0,1.6,B,-18.3
5790,medium,1,9.0,28.0,4.1,A,15.0
5791,high,1,7.0,3.0,4.2,C,-100.0
5792,low,1,1.0,12.0,5.1,A,4.4
5793,low,0,3.0,0.0,9.7,B,-100.0
5794,low,0,6.0,1.0,8.3,C,-100.0
5795,medium,1,25.0,16.0,3.7,A,-100.0
5796,low,1,6.0,33.0,9.2,A,15.0
5797,high,1,2.0,36.0,9.8,D,15.0
5798,high,1,16.0,13.0,2.6,A,-100.0
5799,,1,5.0,4.0,3.3,C,-100.0
5800,low,2,12.0,6.0,2.8,B,-100.0
5801,high,2,5.0,27.0,10.0,A,15.0
5802,low,0,24.0,6.0,9.3,A,-100.0
5803,low,3,12.0,3.0,9.2,A,-100.0
5804,low,2,4.0,26.0,2.6,A,15.0
5805,,1,5.0,30.0,8.3,A,15.0
5806,none,1,15.0,7.0,9.0,C,-100.0
5807,high,1,16.0,17.0,9.4,C,-12.2
5808,low,2,5.0,9.0,8.9,A,-7.1
5809,low,3,8.0,16.0,5.4,A,0.5
5810,none,1,4.0,7.0,9.0,C,-10.0
5811,low,1,11.0,6.0,8.1,C,-100.0
5812,high,1,21.0,12.0,2.8,A,-100.0
5813,medium,0,12.0,9.0,9.2,A,-19.4
5814,high,2,3.0,5.0,7.6,C,-15.7
5815,none,3,9.0,1.0,9.4,C,-100.0
5816,high,1,7.0,1.0,1.9,A,-100.0
5817,none,0,40.0,23.0,8.5,A,-100.0
5818,none,1,6.0,10.0,9.2,A,-7.1
5819,high,1,7.0,6.0,1.7,C,-100.0
5820,medium,0,3.0,3.0,9.6,A,-16.0
5821,high,2,4.0,6.0,8.2,A,-15.0
5822,none,1,1.0,4.0,2.0,A,-14.6
5823,low,1,3.0,10.0,8.2,B,-1.8
5824,medium,2,13.0,10.0,1.9,A,-100.0
5825,low,1,8.0,32.0,3.1,C,15.0
5826,high,1,2.0,2.0,8.9,A,-19.5
5827,medium,0,24.0,1.0,8.4,A,
5828,medium,4,10.0,17.0,5.4,A,-1.4
5829,medium,1,5.0,12.0,4.4,A,-3.3
5830,high,3,8.0,24.0,8.7,A,15.0
5831,low,1,18.0,31.0,3.0,D,13.5
5832,high,1,3.0,3.0,1.5,C,-100.0
5833,high,2,16.0,5.0,6.7,C,-100.0
5834,low,0,6.0,9.0,6.3,A,-10.0
5835,high,0,10.0,3.0,9.6,A,-100.0
5836,medium,2,18.0,1.0,9.6,C,-100.0
5837,low,3,8.0,13.0,1.7,A,-7.7
5838,high,1,18.0,46.0,9.8,C,15.0
5839,none,4,10.0,5.0,2.5,A,-100.0
5840,high,4,13.0,40.0,9.5,A,15.0
5841,high,1,9.0,14.0,9.4,A,-6.3
5842,high,2,5.0,0.0,3.1,A,-100.0
5843,none,1,8.0,0.0,9.7,B,-100.0
5844,medium,2,17.0,7.0,6.1,A,-100.0
5845,none,1,3.0,49.0,3.8,A,15.0
5846,low,2,16.0,6.0,2.3,A,-100.0
5847,high,1,14.0,14.0,5.8,B,-16.8
5848,low,5,24.0,48.0,6.9,A,15.0
5849,none,4,22.0,1.0,6.4,C,-100.0
5850,low,1,8.0,4.0,3.9,A,-100.0
5851,high,3,6.0,3.0,3.4,A,-100.0
5852,low,2,15.0,41.0,7.1,A,15.0
5853,high,0,18.0,5.0,2.7,A,-100.0
5854,low,1,4.0,4.0,4.3,A,
5855,high,1,25.0,3.0,3.7,A,-100.0
5856,medium,1,24.0,14.0,6.1,A,-100.0
5857,high,2,12.0,10.0,9.2,D,-100.0
5858,none,1,14.0,1.0,4.1,A,-100.0
5859,high,1,3.0,25.0,8.6,A,15.0
5860,medium,0,4.0,24.0,3.7,A,15.0
5861,medium,1,12.0,16.0,9.4,A,-4.7
5862,medium,3,6.0,5.0,9.6,D,-17.4
5863,low,2,8.0,0.0,9.1,A,-100.0
5864,high,0,11.0,5.0,9.2,A,-100.0
5865,low,3,16.0,2.0,9.5,C,-100.0
5866,high,2,7.0,28.0,8.6,C,15.0
5867,medium,2,17.0,34.0,4.7,B,15.0
5868,low,0,7.0,17.0,7.7,A,5.8
5869,low,5,21.0,9.0,6.8,A,-100.0
5870,medium,2,6.0,16.0,8.9,B,5.4
5871,medium,2,0.0,8.0,5.5,A,-2.6
5872,high,2,3.0,9.0,4.8,C,-8.7
5873,none,1,4.0,5.0,8.4,A,-14.5
5874,none,1,14.0,16.0,7.6,C,-9.3
5875,low,1,5.0,42.0,2.5,C,15.0
5876,low,3,23.0,1.0,2.4,A,-100.0
5877,high,1,10.0,4.0,7.1,A,-100.0
5878,low,0,3.0,0.0,2.1,C,-100.0
5879,low,2,5.0,18.0,3.5,A,9.1
5880,none,2,16.0,2.0,7.6,A,-100.0
5881,high,4,6.0,16.0,6.2,C,1.3
5882,high,5,3.0,6.0,8.2,C,-13.6
5883,medium,2,23.0,8.0,9.4,A,-100.0
5884,high,2,4.0,10.0,9.9,A,-5.8
5885,low,3,3.0,1.0,5.4,A,-100.0
5886,low,1,7.0,30.0,4.3,A,15.0
5887,high,1,8.0,5.0,2.6,A,-100.0
5888,medium,1,4.0,2.0,3.6,A,-100.0
5889,low,1,10.0,18.0,9.2,A,3.3
5890,high,2,20.0,8.0,1.1,A,-100.0
5891,high,1,15.0,3.0,9.7,A,-100.0
5892,low,1,2.0,3.0,5.2,A,-16.2
5893,high,0,9.0,47.0,9.0,A,15.0
5894,high,1,27.0,3.0,1.4,A,-100.0
5895,high,1,5.0,27.0,3.3,A,15.0
5896,low,3,10.0,0.0,8.3,A,-100.0
5897,,0,15.0,0.0,9.4,A,-100.0
5898,medium,1,10.0,1.0,6.8,A,-100.0
5899,none,0,16.0,18.0,2.7,B,-11.0
5900,high,4,9.0,7.0,5.7,A,-100.0
5901,high,4,9.0,6.0,6.6,A,-100.0
5902,medium,1,12.0,12.0,1.7,A,-17.0
5903,high,1,21.0,7.0,9.6,A,-100.0
5904,high,2,13.0,11.0,6.8,A,-100.0
5905,medium,2,5.0,1.0,8.0,A,-100.0
5906,none,2,18.0,4.0,2.2,A,-100.0
5907,medium,2,7.0,8.0,3.8,A,-15.7
5908,low,1,16.0,7.0,1.6,A,-100.0
5909,none,1,5.0,6.0,3.7,C,-16.5
5910,low,0,6.0,33.0,8.8,A,15.0
5911,medium,1,10.0,11.0,8.5,C,-12.1
5912,low,3,8.0,23.0,4.8,A,14.9
5913,high,0,9.0,37.0,2.6,B,15.0
5914,high,3,5.0,12.0,9.5,A,-3.6
5915,none,1,13.0,2.0,3.3,C,-100.0
5916,low,4,18.0,30.0,3.7,D,11.4
5917,low,0,8.0,8.0,5.0,A,-16.2
5918,medium,3,2.0,10.0,1.5,A,-4.0
5919,high,2,9.0,3.0,9.4,A,-100.0
5920,medium,0,20.0,17.0,7.9,A,-17.3
5921,,1,7.0,6.0,8.4,A,-17.7
5922,none,1,4.0,8.0,2.8,B,-11.0
5923,high,1,3.0,3.0,4.9,A,-100.0
5924,low,1,8.0,21.0,2.7,D,9.8
5925,none,0,7.0,1.0,10.0,A,-100.0
5926,high,3,10.0,10.0,1.3,A,-100.0
5927,low,4,9.0,9.0,7.3,A,-15.1
5928,high,2,8.0,7.0,9.9,A,-19.1
5929,none,1,11.0,1.0,10.0,D,-100.0
5930,low,1,6.0,4.0,8.3,A,-19.6
5931,low,0,6.0,0.0,8.0,A,-100.0
5932,none,2,12.0,6.0,3.5,A,-100.0
5933,medium,0,8.0,3.0,10.0,C,-100.0
5934,none,0,4.0,2.0,2.0,C,-100.0
5935,low,2,6.0,50.0,6.9,C,15.0
5936,high,3,5.0,1.0,4.0,A,-100.0
5937,none,4,16.0,1.0,9.3,A,-100.0
5938,,2,5.0,4.0,4.2,A,-100.0
5939,none,0,3.0,9.0,3.7,B,-6.6
5940,none,3,18.0,1.0,3.6,D,-100.0
5941,high,0,5.0,37.0,3.4,A,15.0
5942,high,2,1.0,30.0,9.1,A,15.0
5943,medium,0,6.0,5.0,2.7,A,-100.0
5944,,4,23.0,50.0,7.4,A,15.0
5945,high,2,2.0,4.0,3.7,A,-18.0
5946,high,1,5.0,8.0,2.1,A,-15.5
5947,medium,1,6.0,8.0,5.5,B,-13.0
5948,low,2,4.0,7.0,5.2,B,-11.4
5949,none,1,4.0,10.0,9.6,C,-3.4
5950,none,1,1.0,4.0,3.1,A,-14.0
5951,medium,5,7.0,10.0,3.4,A,-12.0
5952,none,3,1.0,5.0,6.0,A,-10.7
5953,high,2,15.0,18.0,3.9,A,-11.2
5954,none,1,13.0,3.0,9.7,A,-100.0
5955,medium,3,9.0,11.0,8.9,C,-10.4
5956,low,1,13.0,3.0,2.5,B,-100.0
5957,none,1,14.0,11.0,8.8,A,-19.2
5958,low,2,5.0,32.0,4.5,A,15.0
5959,none,1,10.0,5.0,9.9,C,-100.0
5960,medium,2,16.0,42.0,9.1,C,15.0
5961,low,3,6.0,18.0,8.0,A,9.5
5962,low,0,23.0,2.0,6.0,A,-100.0
5963,low,0,17.0,16.0,2.5,A,-16.4
5964,high,1,8.0,2.0,1.7,C,-100.0
5965,low,1,25.0,7.0,2.8,A,-100.0
5966,high,1,8.0,0.0,2.1,A,-100.0
5967,high,1,1.0,8.0,6.9,A,-6.1
5968,high,5,8.0,4.0,9.6,C,
5969,high,2,18.0,24.0,3.6,D,-4.0
5970,low,2,1.0,6.0,6.9,A,-7.4
5971,medium,1,12.0,17.0,9.2,A,-2.7
5972,high,2,23.0,5.0,1.9,A,-100.0
5973,high,1,7.0,19.0,9.9,D,8.0
5974,high,0,8.0,13.0,7.8,C,-7.3
5975,none,2,7.0,9.0,5.0,A,-13.2
5976,high,3,16.0,32.0,4.4,C,15.0
5977,none,2,13.0,16.0,9.4,A,-6.8
5978,high,1,26.0,5.0,6.4,A,-100.0
5979,medium,0,16.0,1.0,4.4,A,-100.0
5980,low,2,25.0,16.0,5.4,C,-100.0
5981,medium,2,5.0,7.0,9.3,A,-11.5
5982,medium,0,5.0,19.0,10.0,A,14.2
5983,,1,15.0,1.0,7.2,A,-100.0
5984,low,0,16.0,26.0,9.6,A,9.9
5985,low,2,6.0,4.0,9.6,A,-19.0
5986,low,2,31.0,2.0,8.4,A,-100.0
5987,high,2,3.0,13.0,4.4,C,-0.5
5988,low,1,13.0,9.0,9.7,A,-100.0
5989,low,3,10.0,8.0,7.9,A,-18.6
5990,high,1,8.0,8.0,7.7,A,-18.0
5991,none,1,7.0,50.0,9.5,A,15.0
5992,none,1,9.0,9.0,8.6,A,-14.8
5993,medium,0,28.0,1.0,5.1,C,-100.0
5994,low,0,23.0,5.0,3.9,B,-100.0
5995,low,3,3.0,1.0,5.3,A,-100.0
5996,medium,0,29.0,7.0,5.2,C,-100.0
5997,medium,4,6.0,8.0,3.9,C,-14.1
5998,low,2,13.0,16.0,5.5,A,-8.1
5999,none,2,3.0,3.0,5.8,D,-18.4
6000,low,2,7.0,3.0,3.3,C,-100.0
6001,medium,0,1.0,7.0,,A,
6002,low,2,10.0,3.0,2.9,A,-100.0
6003,high,0,3.0,13.0,9.8,C,2.4
6004,medium,4,9.0,13.0,7.1,B,-7.2
6005,high,2,3.0,13.0,9.2,C,1.9
6006,low,1,9.0,0.0,7.5,A,-100.0
6007,none,0,8.0,29.0,9.0,A,15.0
6008,high,4,9.0,13.0,1.4,C,-12.7
6009,medium,2,14.0,28.0,8.0,C,15.0
6010,medium,1,17.0,23.0,2.7,A,-2.1
6011,low,0,3.0,6.0,3.8,A,-12.3
6012,high,0,5.0,6.0,5.3,A,-18.0
6013,low,3,5.0,39.0,2.9,D,15.0
6014,high,3,8.0,32.0,8.1,A,15.0
6015,medium,1,4.0,36.0,8.5,A,15.0
6016,low,2,2.0,9.0,9.0,B,-1.8
6017,low,0,22.0,2.0,8.6,A,-100.0
6018,none,4,12.0,20.0,5.5,A,1.2
6019,medium,1,3.0,23.0,5.3,A,15.0
6020,none,0,7.0,8.0,9.8,A,-12.7
6021,,0,12.0,3.0,8.7,C,-100.0
6022,none,0,20.0,9.0,7.8,A,-100.0
6023,none,1,15.0,2.0,1.6,C,-100.0
6024,high,1,17.0,7.0,9.0,A,-100.0
6025,medium,0,4.0,8.0,3.0,A,-10.6
6026,high,1,7.0,27.0,9.2,C,15.0
6027,none,1,8.0,14.0,7.0,A,-3.3
6028,medium,0,2.0,16.0,8.3,C,12.4
6029,high,4,4.0,6.0,9.7,B,-14.5
6030,medium,1,11.0,29.0,9.3,B,15.0
6031,high,1,15.0,3.0,8.2,A,-100.0
6032,high,0,6.0,6.0,4.8,D,-100.0
6033,none,1,5.0,26.0,9.1,A,15.0
6034,high,0,20.0,23.0,7.9,C,-7.3
6035,high,3,6.0,8.0,2.1,A,-17.5
6036,medium,4,7.0,2.0,1.2,A,-100.0
6037,low,1,6.0,4.0,3.5,A,-100.0
6038,low,3,9.0,6.0,2.5,C,-100.0
6039,low,0,10.0,28.0,6.0,C,15.0
6040,none,1,17.0,3.0,1.5,C,-100.0
6041,high,1,6.0,4.0,5.1,A,-100.0
6042,low,3,7.0,16.0,1.1,A,0.1
6043,none,1,10.0,14.0,4.3,A,-8.2
6044,high,1,12.0,29.0,3.4,A,15.0
6045,low,3,9.0,0.0,8.2,B,-100.0
6046,low,2,10.0,1.0,7.2,A,-100.0
6047,medium,1,7.0,3.0,2.8,A,-100.0
6048,low,0,7.0,12.0,2.2,A,-7.5
6049,medium,4,13.0,16.0,2.5,A,-10.2
6050,high,1,9.0,2.0,1.9,A,-100.0
6051,medium,3,18.0,6.0,5.8,A,-100.0
6052,low,1,17.0,5.0,6.2,B,-100.0
6053,high,1,9.0,26.0,2.7,A,15.0
6054,high,2,8.0,13.0,9.9,B,-6.5
6055,high,2,4.0,6.0,7.3,A,-15.5
6056,,1,23.0,6.0,8.5,A,-100.0
6057,low,3,10.0,8.0,1.4,A,-100.0
6058,high,1,11.0,2.0,8.2,A,-100.0
6059,high,1,3.0,40.0,3.4,C,15.0
6060,none,2,1.0,13.0,8.2,A,7.3
6061,high,2,7.0,15.0,2.5,A,-4.2
6062,none,4,2.0,1.0,1.7,A,-100.0
6063,low,1,9.0,4.0,8.2,A,-100.0
6064,medium,2,14.0,15.0,5.5,A,-12.3
6065,low,2,8.0,23.0,4.7,C,14.9
6066,high,0,13.0,20.0,6.5,A,-2.0
6067,high,1,11.0,6.0,1.1,C,-100.0
6068,low,1,20.0,1.0,9.5,A,-100.0
6069,low,2,20.0,4.0,2.0,C,-100.0
6070,high,1,7.0,7.0,2.9,A,-100.0
6071,medium,1,12.0,5.0,4.9,C,-100.0
6072,low,3,3.0,4.0,9.6,A,-13.9
6073,high,0,4.0,15.0,1.2,C,0.6
6074,high,0,6.0,8.0,1.1,A,-17.7
6075,high,1,4.0,1.0,3.7,B,-100.0
6076,high,3,10.0,10.0,8.7,A,-17.0
6077,high,4,9.0,5.0,3.8,A,-100.0
6078,none,0,17.0,6.0,6.0,C,-100.0
6079,medium,1,13.0,1.0,9.3,C,-100.0
6080,medium,2,1.0,1.0,8.3,A,-17.6
6081,medium,1,12.0,5.0,8.6,C,-100.0
6082,low,0,9.0,35.0,5.5,C,15.0
6083,high,0,20.0,23.0,2.5,A,-10.0
6084,low,1,22.0,8.0,1.6,A,-100.0
6085,low,2,9.0,9.0,9.0,C,-14.1
6086,low,0,4.0,4.0,1.1,A,-19.6
6087,none,4,5.0,9.0,2.9,A,-10.9
6088,medium,0,3.0,16.0,1.5,B,7.2
6089,low,0,6.0,28.0,9.1,B,15.0
6090,medium,2,4.0,2.0,8.5,D,-100.0
6091,medium,1,12.0,10.0,8.0,A,-18.0
6092,low,6,4.0,10.0,10.0,A,-3.1
6093,high,0,3.0,18.0,2.2,A,9.1
6094,low,0,3.0,19.0,2.5,A,14.4
6095,none,0,14.0,1.0,9.0,A,-100.0
6096,medium,1,9.0,1.0,1.6,A,-100.0
6097,high,2,19.0,14.0,4.2,A,-100.0
6098,none,1,6.0,1.0,4.9,A,-100.0
6099,none,2,8.0,24.0,4.9,A,15.0
6100,high,3,34.0,31.0,8.2,C,-15.1
6101,high,3,6.0,1.0,8.8,A,-100.0
6102,none,0,13.0,24.0,3.1,C,7.1
6103,high,3,10.0,2.0,9.9,A,-100.0
6104,medium,0,9.0,3.0,9.6,A,-100.0
6105,high,2,15.0,6.0,2.0,A,-100.0
6106,high,2,12.0,3.0,8.8,C,-100.0
6107,medium,2,38.0,28.0,3.6,A,-100.0
6108,none,2,4.0,7.0,8.9,B,-10.2
6109,low,0,18.0,10.0,6.2,B,-100.0
6110,high,1,3.0,7.0,9.4,B,-10.5
6111,high,2,12.0,11.0,2.3,A,-100.0
6112,low,1,6.0,21.0,8.6,D,15.0
6113,low,1,5.0,27.0,2.4,B,15.0
6114,low,2,22.0,7.0,5.2,C,-100.0
6115,none,0,13.0,16.0,9.4,A,-6.6
6116,none,1,6.0,8.0,7.1,A,-12.4
6117,low,1,6.0,8.0,9.3,A,-10.7
6118,low,3,12.0,16.0,9.0,B,-4.7
6119,high,2,4.0,2.0,8.9,A,-100.0
6120,high,1,11.0,8.0,3.9,A,-100.0
6121,none,3,21.0,3.0,6.4,A,-100.0
6122,medium,3,25.0,2.0,4.7,A,-100.0
6123,medium,3,6.0,1.0,9.9,A,-100.0
6124,none,2,10.0,26.0,8.1,A,15.0
6125,low,1,5.0,20.0,5.2,C,14.2
6126,low,0,7.0,7.0,8.3,A,-14.9
6127,medium,2,5.0,9.0,8.4,C,-7.8
6128,high,2,7.0,17.0,5.6,A,1.5
6129,medium,2,4.0,11.0,2.4,A,-4.8
6130,medium,0,39.0,1.0,9.1,A,-100.0
6131,medium,1,11.0,17.0,3.2,A,-3.9
6132,high,2,13.0,5.0,6.2,A,-100.0
6133,medium,2,1.0,20.0,1.8,A,15.0
6134,high,4,9.0,3.0,8.6,B,-100.0
6135,medium,1,6.0,22.0,4.8,A,15.0
6136,high,1,2.0,17.0,9.5,C,12.3
6137,low,4,6.0,9.0,8.7,A,-9.2
6138,low,4,5.0,3.0,6.9,B,-100.0
6139,medium,0,6.0,3.0,2.5,A,-100.0
6140,low,1,22.0,2.0,8.6,A,-100.0
6141,low,1,4.0,7.0,1.4,B,-13.2
6142,high,2,10.0,0.0,9.4,A,-100.0
6143,none,4,13.0,21.0,8.3,A,3.0
6144,medium,3,10.0,0.0,4.9,A,-100.0
6145,low,1,6.0,1.0,9.0,B,-100.0
6146,high,1,1.0,13.0,1.6,A,1.7
6147,high,0,10.0,17.0,9.7,D,-1.5
6148,high,2,2.0,10.0,1.8,A,-6.3
6149,none,1,31.0,13.0,10.0,C,-100.0
6150,,2,10.0,25.0,9.3,A,15.0
6151,high,0,11.0,7.0,5.0,B,-100.0
6152,high,2,7.0,20.0,4.2,B,7.1
6153,low,2,9.0,11.0,5.6,B,-11.6
6154,low,2,8.0,8.0,3.5,A,-17.2
6155,high,0,7.0,9.0,5.8,C,-15.0
6156,medium,2,7.0,0.0,8.6,A,-100.0
6157,low,0,2.0,6.0,2.3,B,-11.3
6158,medium,3,20.0,6.0,5.3,A,-100.0
6159,medium,2,18.0,3.0,2.5,A,-100.0
6160,low,1,6.0,21.0,1.3,C,12.6
6161,high,3,9.0,11.0,9.6,A,-12.7
6162,low,0,2.0,41.0,4.4,A,15.0
6163,high,2,12.0,21.0,8.9,A,2.8
6164,high,1,16.0,17.0,3.5,A,-15.2
6165,none,2,3.0,24.0,1.1,A,15.0
6166,high,0,1.0,2.0,9.5,A,-17.3
6167,low,1,10.0,12.0,8.8,A,-9.5
6168,low,1,6.0,6.0,9.8,A,-14.6
6169,high,0,2.0,12.0,8.6,B,1.5
6170,high,3,16.0,18.0,7.2,A,-11.4
6171,medium,1,3.0,18.0,9.4,C,15.0
6172,low,1,12.0,6.0,4.5,C,-100.0
6173,none,0,11.0,8.0,3.3,B,-100.0
6174,low,1,5.0,5.0,9.9,A,-14.9
6175,medium,2,6.0,9.0,3.6,C,-11.9
6176,medium,1,12.0,29.0,9.5,D,15.0
6177,low,3,18.0,16.0,8.6,B,-15.4
6178,low,3,12.0,0.0,2.0,A,-100.0
6179,high,3,10.0,50.0,5.3,A,15.0
6180,medium,0,9.0,12.0,6.4,C,-9.2
6181,medium,0,4.0,12.0,3.0,A,-2.2
6182,high,1,8.0,33.0,5.5,A,15.0
6183,low,1,17.0,9.0,2.9,A,-100.0
6184,medium,2,7.0,1.0,3.7,A,-100.0
6185,none,1,15.0,40.0,9.4,C,15.0
6186,none,0,15.0,0.0,9.0,B,-100.0
6187,high,0,5.0,9.0,7.6,C,-10.6
6188,high,2,5.0,10.0,1.5,A,-11.7
6189,low,1,32.0,1.0,8.7,A,-100.0
6190,medium,1,5.0,3.0,2.3,C,-100.0
6191,low,1,3.0,4.0,4.9,A,-16.0
6192,low,0,30.0,1.0,8.1,A,-100.0
6193,low,2,14.0,16.0,4.3,A,-10.5
6194,none,0,13.0,16.0,8.7,D,-6.9
6195,low,4,4.0,5.0,3.6,A,-16.6
6196,low,2,15.0,40.0,9.2,A,15.0
6197,medium,1,4.0,2.0,10.0,C,-19.8
6198,low,3,5.0,30.0,8.4,A,15.0
6199,medium,1,13.0,9.0,5.3,C,-100.0
6200,none,0,2.0,5.0,3.9,A,-13.2
6201,,1,13.0,12.0,3.1,C,-18.2
6202,medium,1,13.0,1.0,1.1,A,-100.0
6203,low,1,7.0,10.0,8.8,A,-8.5
6204,high,2,17.0,4.0,5.2,C,-100.0
6205,low,1,2.0,4.0,2.7,C,-15.4
6206,low,2,4.0,14.0,3.4,D,2.4
6207,high,0,19.0,5.0,2.9,A,-100.0
6208,none,1,7.0,5.0,9.9,A,-19.0
6209,high,7,10.0,2.0,8.5,A,-100.0
6210,none,0,17.0,6.0,8.2,B,-100.0
6211,low,2,9.0,50.0,1.8,A,15.0
6212,low,1,35.0,8.0,3.5,A,-100.0
6213,medium,1,9.0,6.0,6.7,C,-100.0
6214,medium,0,12.0,39.0,9.8,B,15.0
6215,none,2,10.0,7.0,8.3,A,-100.0
6216,none,1,1.0,8.0,2.6,A,-5.9
6217,high,1,2.0,5.0,8.0,A,-13.6
6218,low,3,9.0,10.0,4.2,C,-14.5
6219,high,2,5.0,5.0,4.2,B,-100.0
6220,low,2,14.0,1.0,7.2,A,-100.0
6221,low,0,1.0,7.0,8.2,A,-4.5
6222,high,1,8.0,13.0,6.6,A,-8.0
6223,low,1,6.0,30.0,9.3,C,15.0
6224,high,1,13.0,0.0,9.8,A,-100.0
6225,low,5,13.0,1.0,5.1,A,-100.0
6226,high,1,14.0,7.0,8.7,A,-100.0
6227,low,4,5.0,1.0,9.4,A,-100.0
6228,medium,1,2.0,5.0,7.5,A,-11.3
6229,high,1,19.0,16.0,9.3,A,-19.6
6230,medium,1,16.0,1.0,2.3,A,-100.0
6231,none,0,18.0,8.0,8.1,B,-100.0
6232,high,2,11.0,21.0,2.5,A,1.4
6233,low,2,11.0,10.0,8.4,C,-15.8
6234,medium,2,7.0,23.0,7.9,A,15.0
6235,high,1,6.0,7.0,7.3,A,-16.8
6236,medium,0,6.0,6.0,1.7,B,-18.9
6237,low,3,7.0,0.0,3.8,A,-100.0
6238,none,3,5.0,3.0,5.5,A,-100.0
6239,high,1,5.0,1.0,9.3,A,-100.0
6240,low,3,12.0,2.0,4.6,A,-100.0
6241,medium,1,14.0,8.0,8.9,C,-100.0
6242,medium,2,16.0,8.0,1.2,C,-100.0
6243,none,2,10.0,2.0,5.6,A,-100.0
6244,low,4,10.0,0.0,3.4,D,-100.0
6245,high,0,6.0,7.0,8.3,B,-16.2
6246,medium,2,4.0,35.0,2.3,A,15.0
6247,medium,4,1.0,14.0,8.2,C,9.5
6248,none,2,4.0,19.0,9.0,A,15.0
6249,,2,9.0,1.0,8.0,C,-100.0
6250,none,1,10.0,4.0,2.2,A,-100.0
6251,high,2,9.0,17.0,9.4,A,-0.1
6252,low,1,16.0,4.0,9.9,C,-100.0
6253,high,2,8.0,36.0,3.1,A,15.0
6254,medium,2,11.0,11.0,1.2,C,-17.7
6255,high,2,5.0,24.0,9.2,C,15.0
6256,high,1,4.0,26.0,2.2,C,15.0
6257,none,0,1.0,15.0,9.0,A,12.1
6258,low,1,6.0,2.0,6.8,A,-100.0
6259,high,2,28.0,24.0,9.9,A,-18.4
6260,medium,4,13.0,15.0,4.1,A,-11.5
6261,medium,3,10.0,11.0,9.8,C,-11.7
6262,low,1,10.0,2.0,4.0,A,-100.0
6263,medium,3,7.0,4.0,1.9,A,-100.0
6264,low,2,40.0,12.0,8.3,A,-100.0
6265,low,1,16.0,1.0,4.7,A,-100.0
6266,none,0,12.0,14.0,4.3,A,-11.6
6267,low,1,,12.0,7.8,C,
6268,medium,1,3.0,2.0,9.2,B,-18.5
6269,high,3,4.0,15.0,1.7,C,0.5
6270,high,0,16.0,3.0,9.2,C,-100.0
6271,none,1,7.0,44.0,8.9,A,15.0
6272,low,1,6.0,6.0,7.8,A,-15.6
6273,high,0,11.0,1.0,5.2,C,-100.0
6274,none,4,1.0,2.0,9.3,A,-15.4
6275,medium,1,16.0,4.0,2.0,C,-100.0
6276,medium,0,8.0,32.0,4.4,A,15.0
6277,medium,1,11.0,1.0,9.1,C,-100.0
6278,high,0,11.0,7.0,7.7,C,-100.0
6279,high,0,7.0,34.0,8.6,A,15.0
6280,low,1,4.0,13.0,4.5,A,0.9
6281,none,0,2.0,3.0,4.9,A,-16.9
6282,medium,1,9.0,22.0,7.1,B,12.0
6283,low,0,24.0,6.0,8.3,A,-100.0
6284,none,2,10.0,20.0,8.1,A,6.2
6285,low,3,9.0,6.0,7.9,A,-100.0
6286,low,3,13.0,15.0,1.2,A,-12.5
6287,none,3,19.0,42.0,2.1,A,15.0
6288,,4,11.0,1.0,5.8,A,-100.0
6289,medium,1,16.0,10.0,9.5,A,-100.0
6290,low,0,13.0,23.0,7.4,A,7.7
6291,none,2,9.0,5.0,2.2,C,-100.0
6292,medium,2,22.0,12.0,4.3,A,-100.0
6293,low,0,7.0,21.0,7.2,A,13.9
6294,low,1,9.0,1.0,4.6,A,-100.0
6295,low,1,21.0,9.0,6.7,C,-100.0
6296,high,0,13.0,25.0,3.5,A,7.0
6297,low,1,24.0,6.0,5.1,C,-100.0
6298,medium,1,9.0,43.0,8.0,A,15.0
6299,low,0,6.0,4.0,8.7,B,-19.3
6300,low,0,4.0,8.0,8.4,A,-7.5
6301,medium,5,11.0,2.0,6.7,C,-100.0
6302,medium,2,12.0,1.0,2.7,A,-100.0
6303,high,1,9.0,1.0,9.0,A,-100.0
6304,low,2,10.0,20.0,9.0,A,7.3
6305,none,2,10.0,16.0,8.2,A,-2.1
6306,high,2,3.0,9.0,3.6,D,-9.3
6307,medium,3,2.0,7.0,1.1,A,-10.5
6308,low,2,13.0,11.0,5.2,A,-18.8
6309,high,0,15.0,3.0,9.9,A,-100.0
6310,medium,1,3.0,1.0,8.7,C,-100.0
6311,none,1,6.0,16.0,9.3,B,5.5
6312,low,3,11.0,20.0,7.8,A,4.8
6313,high,1,11.0,2.0,9.5,A,-100.0
6314,medium,5,10.0,6.0,8.9,A,-100.0
6315,medium,1,7.0,6.0,1.6,C,-100.0
6316,low,1,9.0,1.0,1.8,A,-100.0
6317,low,1,10.0,19.0,5.4,A,3.5
6318,none,2,7.0,5.0,4.4,A,-100.0
6319,medium,0,3.0,10.0,1.3,A,-5.5
6320,low,1,11.0,2.0,5.9,A,-100.0
6321,high,0,12.0,0.0,5.1,D,-100.0
6322,,1,11.0,8.0,9.9,A,-19.7
6323,medium,0,28.0,5.0,1.3,C,-100.0
6324,medium,1,6.0,12.0,1.3,C,-6.6
6325,medium,2,5.0,25.0,4.4,C,15.0
6326,medium,1,7.0,5.0,8.7,C,-19.4
6327,medium,0,3.0,6.0,7.7,A,-10.7
6328,medium,2,16.0,19.0,1.7,A,-9.3
6329,high,2,1.0,29.0,9.5,A,15.0
6330,low,4,12.0,8.0,6.9,A,-100.0
6331,high,2,13.0,27.0,1.9,B,10.2
6332,high,3,1.0,14.0,7.8,B,6.7
6333,high,1,9.0,1.0,2.2,C,-100.0
6334,high,2,6.0,11.0,5.8,A,-9.2
6335,none,0,5.0,3.0,9.8,A,-19.7
6336,low,2,8.0,5.0,1.3,A,-100.0
6337,none,1,16.0,3.0,8.4,C,-100.0
6338,none,0,10.0,21.0,1.5,A,5.2
6339,low,0,18.0,20.0,9.1,A,-6.5
6340,high,1,8.0,2.0,4.3,A,-100.0
6341,medium,2,10.0,3.0,8.4,C,-100.0
6342,high,0,12.0,19.0,8.1,A,-1.6
6343,medium,2,11.0,2.0,9.1,A,-100.0
6344,medium,2,21.0,1.0,8.8,C,-100.0
6345,high,1,19.0,4.0,8.3,A,-100.0
6346,medium,1,2.0,14.0,9.1,A,8.4
6347,high,1,14.0,7.0,7.1,C,-100.0
6348,high,1,8.0,1.0,5.4,A,-100.0
6349,low,1,10.0,9.0,5.0,B,-17.7
6350,medium,3,3.0,2.0,4.7,A,-100.0
6351,high,2,10.0,0.0,6.9,A,-100.0
6352,low,3,5.0,3.0,9.9,D,-19.3
6353,none,2,6.0,16.0,8.7,D,5.1
6354,low,2,4.0,15.0,4.1,A,4.8
6355,medium,1,6.0,2.0,4.9,A,-100.0
6356,medium,2,6.0,4.0,2.7,A,-100.0
6357,none,1,20.0,26.0,8.3,A,1.5
6358,none,0,18.0,18.0,8.9,A,-11.4
6359,none,0,5.0,3.0,8.5,C,-100.0
6360,low,2,8.0,3.0,9.0,C,-100.0
6361,none,0,3.0,3.0,9.8,C,-16.2
6362,high,2,6.0,1.0,3.1,A,-100.0
6363,high,3,5.0,0.0,9.3,A,-100.0
6364,low,2,25.0,3.0,8.4,A,-100.0
6365,low,2,18.0,2.0,9.5,C,-100.0
6366,low,3,15.0,23.0,2.8,D,1.6
6367,low,1,17.0,22.0,9.8,A,-0.3
6368,none,1,23.0,1.0,8.3,A,-100.0
6369,none,1,19.0,4.0,9.9,A,-100.0
6370,high,2,4.0,3.0,8.9,A,-100.0
6371,medium,2,2.0,3.0,8.3,A,-15.1
6372,low,2,11.0,29.0,1.3,A,15.0
6373,medium,1,,6.0,9.0,C,
6374,low,5,14.0,7.0,7.8,C,-100.0
6375,high,3,6.0,6.0,2.7,A,-100.0
6376,high,2,12.0,7.0,9.6,A,-100.0
6377,none,1,5.0,21.0,3.4,A,14.8
6378,medium,2,4.0,10.0,9.2,B,-3.5
6379,high,2,20.0,0.0,9.4,A,-100.0
6380,low,3,6.0,21.0,9.3,C,15.0
6381,medium,3,4.0,18.0,3.0,C,10.1
6382,low,1,5.0,13.0,7.8,A,0.8
6383,low,2,8.0,15.0,9.1,A,0.3
6384,medium,0,3.0,19.0,6.4,A,15.0
6385,high,1,10.0,1.0,8.6,A,-100.0
6386,low,5,1.0,9.0,10.0,A,0.1
6387,high,0,18.0,3.0,9.1,A,-100.0
6388,high,0,7.0,7.0,2.2,A,-100.0
6389,low,1,25.0,38.0,6.7,A,15.0
6390,medium,3,14.0,0.0,2.3,A,-100.0
6391,medium,2,21.0,6.0,5.7,A,-100.0
6392,high,1,6.0,19.0,8.8,A,9.2
6393,high,2,9.0,2.0,8.1,A,-100.0
6394,high,1,10.0,4.0,8.4,A,-100.0
6395,low,1,13.0,19.0,8.8,C,-0.1
6396,none,0,11.0,4.0,5.0,C,-100.0
6397,high,0,4.0,0.0,2.8,A,-100.0
6398,high,0,7.0,9.0,6.9,A,-14.4
6399,medium,1,7.0,19.0,2.8,B,7.1
6400,low,2,10.0,7.0,7.6,A,-100.0
6401,low,2,5.0,1.0,8.5,A,-100.0
6402,low,2,15.0,2.0,8.1,B,-100.0
6403,medium,1,25.0,9.0,8.8,A,-100.0
6404,high,3,18.0,4.0,7.5,D,-100.0
6405,none,2,1.0,1.0,1.0,A,-100.0
6406,low,0,11.0,7.0,7.1,B,-100.0
6407,low,2,4.0,3.0,8.2,A,-18.3
6408,medium,2,15.0,16.0,3.3,C,-13.1
6409,high,2,26.0,1.0,7.8,A,-100.0
6410,medium,1,29.0,17.0,9.2,C,-100.0
6411,none,2,2.0,4.0,5.8,B,-14.5
6412,medium,2,6.0,3.0,8.7,A,-100.0
6413,low,2,20.0,5.0,9.9,A,-100.0
6414,,3,,26.0,7.1,C,
6415,high,2,13.0,9.0,2.0,B,-100.0
6416,none,3,11.0,32.0,9.6,A,15.0
6417,high,2,5.0,0.0,8.0,A,-100.0
6418,high,2,5.0,43.0,9.5,A,15.0
6419,low,2,3.0,12.0,2.4,D,-0.6
6420,high,2,15.0,6.0,2.8,A,-100.0
6421,medium,3,7.0,50.0,9.1,A,15.0
6422,high,1,7.0,28.0,3.7,A,15.0
6423,low,1,19.0,0.0,9.1,B,-100.0
6424,low,0,21.0,26.0,10.0,A,1.3
6425,low,1,9.0,22.0,8.5,C,13.1
6426,low,4,7.0,6.0,2.2,A,-100.0
6427,medium,1,1.0,23.0,9.2,B,15.0
6428,medium,4,5.0,11.0,8.9,B,-3.5
6429,medium,1,10.0,10.0,3.3,A,-16.8
6430,low,2,6.0,10.0,8.5,A,-7.0
6431,none,1,5.0,1.0,1.4,C,-100.0
6432,medium,2,4.0,10.0,7.2,A,-4.5
6433,medium,3,9.0,18.0,6.3,A,3.0
6434,none,0,10.0,6.0,5.3,A,-100.0
6435,low,1,20.0,2.0,9.9,B,-100.0
6436,high,4,8.0,13.0,9.9,A,-6.7
6437,high,1,4.0,5.0,6.2,A,-18.0
6438,low,0,5.0,3.0,4.8,A,-100.0
6439,low,0,6.0,11.0,9.6,A,-4.1
6440,high,1,3.0,5.0,5.0,A,-16.9
6441,none,0,8.0,14.0,3.6,A,-4.9
6442,low,1,3.0,1.0,5.8,B,-100.0
6443,high,2,16.0,3.0,7.8,C,-100.0
6444,low,2,8.0,1.0,6.4,C,-100.0
6445,medium,1,5.0,12.0,7.9,A,-1.6
6446,high,0,7.0,8.0,3.4,A,-18.3
6447,low,0,5.0,8.0,6.9,C,-10.0
6448,high,2,14.0,16.0,3.2,A,-14.0
6449,high,0,20.0,1.0,9.0,A,-100.0
6450,none,0,16.0,3.0,1.3,C,-100.0
6451,high,1,40.0,2.0,2.0,D,-100.0
6452,high,1,5.0,27.0,3.3,A,15.0
6453,medium,0,10.0,24.0,3.6,C,12.8
6454,high,0,4.0,0.0,2.5,A,-100.0
6455,low,0,11.0,6.0,6.5,B,-100.0
6456,medium,0,18.0,8.0,9.1,A,-100.0
6457,low,2,18.0,14.0,1.9,A,-100.0
6458,medium,0,7.0,25.0,4.3,A,15.0
6459,medium,1,11.0,8.0,7.2,B,-100.0
6460,none,2,8.0,1.0,2.4,A,-100.0
6461,high,1,4.0,7.0,9.1,A,-12.4
6462,low,1,20.0,1.0,4.2,A,-100.0
6463,high,1,7.0,2.0,4.1,A,-100.0
6464,medium,1,7.0,5.0,2.8,C,-100.0
6465,none,1,7.0,8.0,1.6,A,-16.9
6466,low,2,5.0,14.0,2.2,A,0.0
6467,medium,1,9.0,21.0,8.5,C,10.6
6468,high,2,8.0,13.0,1.6,A,
6469,low,0,3.0,28.0,4.5,A,15.0
6470,medium,1,19.0,33.0,6.5,A,15.0
6471,high,2,18.0,23.0,9.2,A,-3.3
6472,medium,0,6.0,16.0,10.0,A,6.2
6473,,2,2.0,21.0,7.1,C,15.0
6474,high,0,15.0,17.0,10.0,D,-10.1
6475,medium,0,13.0,0.0,8.3,C,-100.0
6476,low,2,8.0,8.0,6.1,B,-15.9
6477,none,0,4.0,5.0,6.0,D,-15.6
6478,none,3,4.0,22.0,10.0,A,15.0
6479,high,0,9.0,1.0,2.5,B,-100.0
6480,high,2,11.0,50.0,9.5,C,15.0
6481,high,1,5.0,1.0,2.6,A,-100.0
6482,low,2,10.0,37.0,6.7,C,15.0
6483,medium,0,8.0,5.0,3.9,A,-100.0
6484,low,2,20.0,20.0,9.8,B,-9.8
6485,low,0,8.0,25.0,9.1,A,15.0
6486,none,0,25.0,21.0,4.7,C,-19.4
6487,low,2,2.0,37.0,9.7,A,15.0
6488,medium,4,11.0,9.0,3.8,C,-100.0
6489,none,1,9.0,21.0,8.8,C,10.5
6490,high,3,22.0,4.0,9.4,A,-100.0
6491,low,1,21.0,2.0,4.3,A,-100.0
6492,none,2,4.0,6.0,3.5,A,-15.0
6493,low,0,19.0,6.0,1.8,A,-100.0
6494,high,2,9.0,8.0,3.6,A,-100.0
6495,none,1,11.0,9.0,2.1,A,-100.0
6496,low,1,0.0,0.0,4.9,C,-19.2
6497,high,2,4.0,1.0,1.5,A,-100.0
6498,none,3,9.0,0.0,6.7,C,-100.0
6499,high,1,5.0,12.0,8.2,A,-4.1
6500,high,1,17.0,8.0,6.4,D,-100.0
6501,high,1,6.0,27.0,8.0,A,15.0
6502,low,2,2.0,6.0,1.7,C,-11.8
6503,medium,3,9.0,4.0,9.2,A,-100.0
6504,low,0,18.0,2.0,1.2,A,-100.0
6505,low,2,8.0,0.0,7.3,D,-100.0
6506,low,2,26.0,0.0,3.3,A,-100.0
6507,medium,1,4.0,35.0,4.5,A,15.0
6508,medium,0,4.0,21.0,9.2,A,15.0
6509,medium,2,6.0,16.0,7.5,A,4.8
6510,low,2,15.0,1.0,6.4,C,-100.0
6511,medium,3,3.0,15.0,9.8,A,8.9
6512,none,2,0.0,3.0,2.9,A,-14.6
6513,low,0,7.0,13.0,1.3,C,-5.8
6514,low,2,5.0,12.0,1.4,A,-4.6
6515,none,1,20.0,12.0,6.1,A,-100.0
6516,high,1,2.0,7.0,9.0,A,-8.9
6517,low,2,7.0,1.0,8.4,A,-100.0
6518,medium,2,15.0,8.0,3.3,A,-100.0
6519,none,0,5.0,8.0,9.9,A,-9.1
6520,high,2,3.0,31.0,9.7,B,15.0
6521,medium,2,29.0,17.0,8.7,D,-100.0
6522,high,3,4.0,11.0,2.3,A,-7.6
6523,low,2,7.0,39.0,9.9,B,15.0
6524,low,1,13.0,2.0,8.6,C,-100.0
6525,low,1,3.0,6.0,3.9,C,-12.3
6526,low,1,14.0,2.0,8.2,A,-100.0
6527,none,1,8.0,12.0,9.8,A,-6.1
6528,high,2,2.0,35.0,8.2,D,15.0
6529,high,1,15.0,6.0,9.0,C,-100.0
6530,none,0,26.0,14.0,8.4,A,-100.0
6531,low,1,2.0,9.0,7.7,A,-2.4
6532,medium,4,19.0,5.0,3.1,A,-100.0
6533,high,1,5.0,8.0,2.8,A,-15.2
6534,none,2,8.0,22.0,7.6,A,13.7
6535,high,0,12.0,33.0,5.4,A,15.0
6536,high,1,9.0,4.0,9.8,C,-100.0
6537,medium,2,19.0,2.0,8.7,A,-100.0
6538,low,3,6.0,1.0,3.4,A,-100.0
6539,low,1,4.0,5.0,1.9,A,-17.2
6540,high,0,2.0,9.0,6.3,B,-6.0
6541,high,1,13.0,2.0,9.3,C,-100.0
6542,none,1,2.0,9.0,1.0,A,-6.3
6543,low,3,9.0,17.0,9.6,A,2.9
6544,none,2,7.0,12.0,3.5,A,-7.6
6545,high,2,20.0,13.0,7.1,A,-100.0
6546,none,0,21.0,5.0,6.2,C,-100.0
6547,low,0,3.0,0.0,8.6,A,-100.0
6548,medium,0,15.0,4.0,6.7,A,-100.0
6549,high,4,10.0,21.0,6.8,C,5.1
6550,none,1,19.0,8.0,8.7,A,-100.0
6551,medium,2,19.0,6.0,1.2,A,-100.0
6552,medium,1,8.0,16.0,8.9,A,2.0
6553,low,4,2.0,19.0,9.6,A,15.0
6554,low,2,9.0,2.0,9.3,A,-100.0
6555,none,0,22.0,21.0,4.3,B,-14.4
6556,low,1,4.0,5.0,2.9,A,-16.7
6557,low,2,5.0,14.0,6.7,A,2.3
6558,none,0,2.0,7.0,1.4,A,-10.2
6559,medium,3,5.0,12.0,3.0,D,-4.2
6560,medium,1,13.0,14.0,5.1,A,-12.8
6561,medium,3,4.0,3.0,3.1,C,-100.0
6562,,2,3.0,5.0,9.8,B,-12.2
6563,medium,1,19.0,3.0,5.1,A,-100.0
6564,high,1,7.0,14.0,8.8,A,-3.1
6565,medium,0,12.0,19.0,3.1,C,-1.5
6566,low,1,8.0,17.0,8.5,C,4.3
6567,none,2,4.0,0.0,8.5,C,-100.0
6568,medium,1,14.0,16.0,9.7,A,-8.0
6569,low,1,9.0,17.0,8.1,A,2.4
6570,high,4,9.0,48.0,3.6,C,15.0
6571,high,1,4.0,9.0,9.4,A,-8.0
6572,high,1,4.0,13.0,5.9,B,-1.4
6573,high,1,9.0,20.0,6.5,A,4.9
6574,none,2,28.0,30.0,6.7,B,-5.0
6575,medium,3,9.0,24.0,8.5,A,15.0
6576,medium,0,8.0,13.0,6.8,A,-5.2
6577,medium,1,5.0,6.0,2.7,C,-16.8
6578,medium,0,2.0,4.0,2.4,D,-15.8
6579,low,0,6.0,2.0,5.6,C,-100.0
6580,low,5,5.0,12.0,9.8,A,-0.7
6581,medium,0,14.0,25.0,1.2,A,6.7
6582,low,0,16.0,8.0,8.2,A,-100.0
6583,none,0,11.0,16.0,9.8,A,-2.9
6584,none,0,14.0,11.0,9.6,C,-18.7
6585,none,0,6.0,7.0,6.8,A,-14.5
6586,none,4,5.0,20.0,2.4,A,11.9
6587,high,0,10.0,27.0,1.9,A,15.0
6588,medium,1,23.0,24.0,2.8,A,-10.4
6589,high,1,22.0,11.0,3.5,C,-100.0
6590,high,1,12.0,2.0,6.1,C,-100.0
6591,medium,1,20.0,3.0,3.6,A,-100.0
6592,medium,6,26.0,4.0,2.7,A,-100.0
6593,high,1,28.0,3.0,3.5,D,-100.0
6594,none,1,2.0,17.0,,C,
6595,high,4,5.0,4.0,2.8,A,-100.0
6596,medium,0,7.0,3.0,8.6,A,-100.0
6597,medium,1,1.0,5.0,9.8,C,-8.3
6598,low,2,7.0,1.0,4.8,A,-100.0
6599,medium,0,11.0,5.0,9.8,A,-100.0
6600,high,2,9.0,44.0,7.3,A,15.0
6601,high,0,13.0,7.0,2.6,A,-100.0
6602,none,3,17.0,3.0,2.2,A,-100.0
6603,low,0,,1.0,2.9,C,
6604,low,2,2.0,10.0,8.0,A,-0.2
6605,medium,4,10.0,0.0,3.6,B,-100.0
6606,,2,32.0,16.0,9.3,A,-100.0
6607,high,0,12.0,2.0,9.9,C,-100.0
6608,none,0,2.0,11.0,1.2,C,-1.9
6609,low,0,24.0,8.0,4.7,C,-100.0
6610,low,1,7.0,28.0,2.0,A,15.0
6611,medium,3,6.0,19.0,5.5,C,10.0
6612,low,0,13.0,30.0,9.2,C,15.0
6613,low,1,3.0,12.0,9.2,A,2.9
6614,low,2,25.0,2.0,2.1,A,-100.0
6615,high,1,4.0,25.0,5.2,A,15.0
6616,,3,7.0,28.0,1.9,A,15.0
6617,medium,2,6.0,11.0,7.4,A,-5.8
6618,medium,1,6.0,3.0,9.4,A,-100.0
6619,low,1,6.0,8.0,4.1,A,-13.3
6620,low,3,9.0,15.0,8.8,A,-1.7
6621,high,3,9.0,11.0,5.3,A,-14.8
6622,high,1,13.0,4.0,3.5,C,-100.0
6623,high,1,3.0,6.0,8.7,C,-12.9
6624,low,1,4.0,47.0,5.2,C,15.0
6625,none,1,7.0,24.0,7.1,A,15.0
6626,low,1,22.0,14.0,8.6,B,-100.0
6627,low,1,11.0,3.0,7.6,B,-100.0
6628,medium,1,9.0,7.0,4.3,C,-100.0
6629,low,1,7.0,20.0,1.0,A,8.6
6630,none,0,15.0,28.0,3.2,A,12.0
6631,low,2,1.0,1.0,8.2,A,-17.3
6632,medium,1,9.0,6.0,9.9,A,-100.0
6633,low,0,5.0,0.0,8.4,B,-100.0
6634,high,0,11.0,6.0,1.6,C,-100.0
6635,medium,3,10.0,16.0,8.9,A,-1.6
6636,low,2,14.0,3.0,6.5,A,-100.0
6637,high,3,15.0,18.0,9.4,C,-8.6
6638,none,0,9.0,37.0,9.9,A,15.0
6639,low,4,16.0,3.0,2.0,A,-100.0
6640,medium,0,5.0,9.0,9.5,A,-7.0
6641,medium,2,6.0,30.0,4.5,C,15.0
6642,low,0,5.0,3.0,4.8,A,-100.0
6643,medium,1,5.0,1.0,4.0,A,-100.0
6644,low,1,12.0,1.0,8.7,A,-100.0
6645,high,1,3.0,4.0,8.6,A,-17.2
6646,high,2,6.0,15.0,2.2,C,-2.6
6647,low,1,2.0,8.0,2.7,A,-7.0
6648,high,0,3.0,10.0,6.1,A,-5.7
6649,low,2,10.0,6.0,9.9,A,-100.0
6650,none,0,7.0,8.0,4.2,C,-15.5
6651,medium,1,6.0,4.0,2.1,A,-100.0
6652,high,1,10.0,36.0,9.7,A,15.0
6653,high,0,5.0,1.0,2.1,A,-100.0
6654,low,1,4.0,12.0,8.7,C,0.9
6655,high,2,17.0,24.0,2.0,A,-3.1
6656,low,3,6.0,1.0,3.0,A,-100.0
6657,none,0,3.0,11.0,1.2,A,-3.7
6658,medium,2,13.0,9.0,10.0,A,-100.0
6659,high,1,4.0,0.0,8.4,A,-100.0
6660,low,2,4.0,2.0,7.0,C,-100.0
6661,,4,11.0,6.0,9.4,A,-100.0
6662,low,1,8.0,1.0,2.7,A,-100.0
6663,low,0,12.0,1.0,8.7,D,-100.0
6664,none,2,31.0,4.0,7.4,D,-100.0
6665,high,0,2.0,20.0,6.8,A,15.0
6666,low,1,2.0,7.0,3.9,A,-8.5
6667,low,2,5.0,3.0,2.9,A,-100.0
6668,none,1,6.0,19.0,6.2,C,10.3
6669,medium,2,5.0,29.0,9.6,A,15.0
6670,none,3,4.0,11.0,2.5,A,-5.1
6671,none,2,6.0,4.0,3.6,A,-100.0
6672,medium,1,19.0,6.0,9.1,D,-100.0
6673,medium,1,8.0,14.0,5.7,A,-3.7
6674,medium,2,1.0,3.0,2.1,A,-16.5
6675,high,0,15.0,7.0,2.7,B,-100.0
6676,low,0,5.0,23.0,9.3,C,15.0
6677,none,0,2.0,7.0,10.0,A,-5.9
6678,medium,2,4.0,25.0,9.6,A,15.0
6679,medium,3,3.0,11.0,7.2,A,-0.7
6680,low,2,4.0,0.0,8.3,A,-100.0
6681,low,1,12.0,3.0,1.7,A,-100.0
6682,high,3,8.0,11.0,4.4,C,-13.5
6683,medium,2,14.0,11.0,7.1,C,-20.0
6684,medium,3,15.0,16.0,1.0,A,-14.3
6685,medium,2,4.0,18.0,3.2,A,10.3
6686,high,1,11.0,4.0,7.3,B,-100.0
6687,medium,0,5.0,11.0,3.8,A,-5.6
6688,low,0,20.0,14.0,2.4,C,-100.0
6689,high,0,4.0,0.0,6.9,C,-100.0
6690,low,3,9.0,35.0,9.6,A,15.0
6691,none,1,9.0,6.0,2.4,C,-100.0
6692,low,0,2.0,7.0,3.9,C,-8.4
6693,medium,2,10.0,18.0,9.7,C,3.0
6694,none,3,8.0,29.0,6.5,B,15.0
6695,medium,2,23.0,50.0,4.7,A,15.0
6696,medium,2,3.0,12.0,8.1,C,1.9
6697,low,1,5.0,5.0,7.0,A,-16.4
6698,high,5,16.0,22.0,8.6,C,-2.5
6699,low,2,15.0,5.0,6.1,A,-100.0
6700,high,1,8.0,2.0,4.6,A,-100.0
6701,medium,2,20.0,7.0,8.3,A,-100.0
6702,low,3,16.0,15.0,4.1,A,-16.3
6703,low,2,8.0,1.0,9.8,A,-100.0
6704,medium,0,24.0,13.0,8.8,A,-100.0
6705,medium,0,9.0,1.0,7.1,A,-100.0
6706,low,1,11.0,4.0,1.3,A,-100.0
6707,high,3,2.0,10.0,5.9,A,-4.4
6708,medium,3,6.0,12.0,6.1,A,-4.4
6709,medium,2,4.0,4.0,9.2,A,-16.1
6710,none,0,6.0,18.0,3.2,A,6.8
6711,medium,1,16.0,15.0,1.1,B,-18.0
6712,none,3,4.0,8.0,2.4,A,-11.4
6713,low,3,9.0,7.0,8.4,B,-18.7
6714,high,1,26.0,40.0,9.1,A,15.0
6715,high,0,7.0,6.0,7.2,A,-100.0
6716,low,2,23.0,1.0,1.1,A,-100.0
6717,low,0,20.0,8.0,5.7,B,-100.0
6718,low,3,4.0,5.0,9.6,A,-13.5
6719,low,1,18.0,5.0,8.7,A,-100.0
6720,low,0,12.0,6.0,7.6,B,-100.0
6721,medium,2,9.0,17.0,2.3,A,-1.0
6722,none,1,3.0,18.0,8.3,B,14.5
6723,low,2,9.0,36.0,8.2,C,15.0
6724,high,1,19.0,23.0,4.6,A,-7.3
6725,high,2,11.0,3.0,7.2,A,-100.0
6726,high,1,9.0,9.0,2.8,C,-100.0
6727,high,1,18.0,13.0,3.9,A,-100.0
6728,medium,1,8.0,30.0,8.5,A,15.0
6729,high,0,30.0,8.0,9.3,A,-100.0
6730,high,1,15.0,3.0,10.0,A,-100.0
6731,medium,0,7.0,3.0,10.0,A,-100.0
6732,medium,3,7.0,3.0,5.8,C,-100.0
6733,none,3,5.0,12.0,8.3,D,-1.8
6734,high,4,3.0,1.0,9.4,A,-100.0
6735,medium,0,26.0,7.0,3.6,A,-100.0
6736,medium,1,4.0,4.0,4.4,A,-18.4
6737,high,0,4.0,33.0,8.0,A,15.0
6738,medium,0,6.0,1.0,3.9,A,-100.0
6739,medium,1,2.0,45.0,2.8,B,15.0
6740,low,1,3.0,36.0,8.7,A,15.0
6741,low,2,11.0,2.0,4.5,A,-100.0
6742,low,2,13.0,5.0,4.4,D,-100.0
6743,high,1,11.0,6.0,6.7,A,-100.0
6744,high,2,28.0,6.0,7.6,B,-100.0
6745,medium,2,4.0,22.0,3.2,A,15.0
6746,high,0,3.0,8.0,9.4,A,-8.3
6747,medium,1,9.0,2.0,2.6,A,-100.0
6748,none,0,14.0,1.0,3.6,C,-100.0
6749,high,2,18.0,11.0,8.5,A,-100.0
6750,medium,3,1.0,4.0,,A,
6751,,1,7.0,4.0,3.5,A,-100.0
6752,high,0,8.0,22.0,2.7,A,9.0
6753,high,3,11.0,24.0,6.0,A,9.3
6754,high,3,4.0,9.0,1.5,D,-12.2
6755,none,0,9.0,13.0,8.0,A,-6.6
6756,medium,3,3.0,23.0,2.6,A,15.0
6757,high,3,7.0,28.0,9.4,C,15.0
6758,,2,3.0,1.0,9.6,B,-100.0
6759,low,1,16.0,0.0,1.6,B,-100.0
6760,high,2,2.0,0.0,7.1,C,-100.0
6761,medium,0,13.0,27.0,2.2,D,13.2
6762,low,1,5.0,18.0,7.2,A,11.0
6763,medium,1,4.0,0.0,4.8,A,-100.0
6764,high,0,19.0,1.0,8.2,A,-100.0
6765,high,2,23.0,2.0,9.0,D,-100.0
6766,high,4,10.0,22.0,8.3,A,7.9
6767,,1,4.0,1.0,5.1,C,-100.0
6768,none,1,3.0,3.0,2.3,A,-100.0
6769,high,2,8.0,13.0,5.3,B,-8.8
6770,none,2,17.0,13.0,3.8,D,-100.0
6771,high,5,16.0,32.0,8.8,C,15.0
6772,low,1,7.0,2.0,3.6,A,-100.0
6773,low,3,9.0,0.0,8.9,B,-100.0
6774,low,2,24.0,1.0,7.7,A,-100.0
6775,low,1,14.0,7.0,3.4,A,-100.0
6776,high,1,7.0,6.0,3.9,A,-100.0
6777,low,0,11.0,0.0,4.3,C,-100.0
6778,low,0,18.0,7.0,8.2,C,-100.0
6779,high,1,9.0,9.0,8.2,C,-17.4
6780,high,2,10.0,3.0,5.0,C,-100.0
6781,medium,0,13.0,0.0,8.1,B,-100.0
6782,low,0,8.0,14.0,7.9,C,-2.2
6783,medium,2,5.0,1.0,8.3,A,-100.0
6784,high,1,6.0,3.0,6.4,C,-100.0
6785,high,0,2.0,15.0,6.3,A,6.6
6786,low,0,25.0,33.0,2.9,A,5.5
6787,high,1,5.0,6.0,9.8,A,-15.9
6788,low,2,12.0,33.0,4.7,C,15.0
6789,none,1,15.0,1.0,1.4,B,-100.0
6790,high,1,6.0,5.0,2.5,C,-100.0
6791,low,2,12.0,2.0,5.4,A,-100.0
6792,medium,1,19.0,11.0,9.2,A,-100.0
6793,low,3,14.0,41.0,5.4,A,15.0
6794,high,1,9.0,50.0,9.5,C,15.0
6795,high,4,15.0,2.0,7.1,A,-100.0
6796,none,1,14.0,19.0,8.6,C,-2.5
6797,high,1,10.0,18.0,9.1,A,0.2
6798,low,1,20.0,2.0,2.9,A,-100.0
6799,low,1,8.0,13.0,3.8,C,-6.4
6800,low,0,11.0,35.0,9.0,C,15.0
6801,low,0,9.0,8.0,4.1,A,-18.4
6802,low,2,5.0,13.0,9.5,C,1.6
6803,medium,1,4.0,1.0,2.8,A,-100.0
6804,medium,0,4.0,20.0,7.3,A,15.0
6805,,2,7.0,34.0,8.8,A,15.0
6806,none,1,9.0,11.0,7.5,C,-11.1
6807,medium,1,4.0,26.0,9.4,A,15.0
6808,medium,1,22.0,2.0,4.0,C,-100.0
6809,high,2,7.0,0.0,7.2,C,-100.0
6810,low,2,9.0,1.0,6.7,A,-100.0
6811,low,3,1.0,14.0,2.4,C,7.0
6812,medium,3,15.0,2.0,9.1,C,-100.0
6813,low,1,11.0,26.0,5.5,A,15.0
6814,low,3,15.0,29.0,9.4,A,15.0
6815,high,3,6.0,1.0,8.2,B,-100.0
6816,medium,2,5.0,28.0,7.9,C,15.0
6817,low,3,10.0,9.0,4.7,A,-18.1
6818,low,2,13.0,3.0,8.0,B,-100.0
6819,medium,2,6.0,8.0,4.6,A,-13.5
6820,medium,0,4.0,31.0,1.0,C,15.0
6821,low,6,20.0,14.0,8.7,A,-100.0
6822,none,0,4.0,27.0,1.3,A,15.0
6823,high,1,17.0,8.0,7.2,A,-100.0
6824,high,3,6.0,1.0,3.2,A,-100.0
6825,medium,4,8.0,43.0,6.3,A,15.0
6826,none,2,5.0,6.0,6.2,C,-15.4
6827,high,2,3.0,28.0,9.2,A,15.0
6828,high,1,6.0,5.0,8.9,A,-100.0
6829,high,2,18.0,8.0,8.6,A,-100.0
6830,medium,0,21.0,23.0,3.9,A,-8.4
6831,high,2,13.0,14.0,9.0,C,-13.6
6832,none,2,22.0,7.0,5.8,A,-100.0
6833,medium,1,6.0,2.0,9.2,A,-100.0
6834,none,1,8.0,39.0,4.8,A,15.0
6835,high,2,3.0,24.0,2.0,A,15.0
6836,low,3,14.0,3.0,5.9,B,-100.0
6837,high,0,14.0,3.0,8.6,A,-100.0
6838,high,3,11.0,4.0,1.4,A,-100.0
6839,low,0,7.0,5.0,5.5,A,-100.0
6840,low,1,15.0,14.0,6.8,A,-15.1
6841,low,2,3.0,16.0,2.8,A,8.0
6842,none,2,3.0,1.0,4.6,B,-100.0
6843,low,1,10.0,13.0,1.8,D,-10.9
6844,medium,1,10.0,13.0,3.5,A,-10.5
6845,high,2,17.0,44.0,8.3,B,15.0
6846,high,0,17.0,1.0,8.2,A,-100.0
6847,high,1,8.0,5.0,7.8,A,-100.0
6848,high,2,14.0,2.0,8.1,A,-100.0
6849,high,4,14.0,25.0,3.3,C,4.7
6850,high,0,21.0,14.0,1.2,A,-100.0
6851,none,2,3.0,7.0,8.0,A,-8.9
6852,high,2,,24.0,4.2,C,
6853,low,0,10.0,25.0,4.8,C,15.0
6854,none,3,5.0,4.0,3.4,C,-100.0
6855,high,0,7.0,0.0,4.9,A,-100.0
6856,low,0,12.0,9.0,8.0,D,-19.6
6857,high,0,10.0,9.0,2.4,C,-100.0
6858,medium,1,12.0,1.0,6.1,A,-100.0
6859,medium,2,9.0,13.0,9.5,A,-5.8
6860,high,0,36.0,11.0,2.7,A,-100.0
6861,low,1,11.0,13.0,9.3,A,-8.9
6862,low,2,11.0,3.0,8.5,C,-100.0
6863,low,3,3.0,19.0,3.5,A,14.6
6864,high,1,9.0,4.0,5.2,A,-100.0
6865,medium,2,20.0,3.0,2.6,C,-100.0
6866,high,3,16.0,6.0,4.3,A,-100.0
6867,low,2,13.0,10.0,7.3,A,-19.8
6868,high,2,14.0,4.0,9.6,A,-100.0
6869,high,2,15.0,4.0,9.2,A,-100.0
6870,high,3,20.0,2.0,9.9,C,-100.0
6871,medium,3,4.0,7.0,7.9,A,-10.5
6872,none,2,12.0,0.0,8.9,A,-100.0
6873,none,1,5.0,5.0,9.0,A,-16.0
6874,low,1,19.0,5.0,2.7,A,-100.0
6875,none,0,17.0,15.0,9.5,C,-15.6
6876,none,1,10.0,2.0,6.1,A,-100.0
6877,high,1,9.0,19.0,7.1,A,3.1
6878,medium,3,9.0,17.0,8.6,A,2.1
6879,medium,4,16.0,1.0,4.1,A,-100.0
6880,medium,3,6.0,18.0,9.6,A,9.9
6881,none,1,,4.0,8.0,C,
6882,high,0,9.0,50.0,8.4,A,15.0
6883,high,3,20.0,7.0,2.9,A,-100.0
6884,low,1,9.0,2.0,8.1,A,-100.0
6885,high,4,3.0,3.0,9.6,A,-19.1
6886,low,2,2.0,5.0,8.8,C,-10.3
6887,high,1,5.0,0.0,3.6,A,-100.0
6888,low,3,17.0,4.0,3.1,A,-100.0
6889,medium,1,6.0,2.0,9.7,C,-100.0
6890,high,4,8.0,10.0,5.7,C,-15.1
6891,medium,3,13.0,1.0,9.6,C,-100.0
6892,low,1,4.0,6.0,3.6,A,-14.2
6893,high,1,2.0,1.0,8.3,A,-100.0
6894,none,1,8.0,28.0,9.6,D,15.0
6895,high,1,3.0,7.0,5.2,A,-12.6
6896,high,1,5.0,7.0,7.9,A,-14.7
6897,low,3,6.0,1.0,7.1,A,-100.0
6898,medium,5,5.0,15.0,8.5,A,4.6
6899,medium,1,21.0,4.0,3.5,A,-100.0
6900,none,2,12.0,9.0,8.7,C,-100.0
6901,medium,3,11.0,4.0,9.2,C,-100.0
6902,none,0,16.0,5.0,5.6,C,-100.0
6903,low,4,6.0,34.0,2.2,A,15.0
6904,high,2,3.0,23.0,8.5,C,15.0
6905,medium,0,20.0,5.0,6.7,C,-100.0
6906,none,3,10.0,14.0,4.5,A,-8.3
6907,none,0,9.0,2.0,4.9,A,-100.0
6908,none,3,13.0,7.0,7.2,D,-100.0
6909,medium,2,8.0,5.0,8.6,A,-100.0
6910,high,2,16.0,6.0,5.2,A,-100.0
6911,high,0,23.0,11.0,7.9,C,-100.0
6912,none,2,13.0,50.0,1.2,B,15.0
6913,high,1,10.0,3.0,2.3,A,-100.0
6914,high,1,8.0,18.0,9.1,C,3.7
6915,low,2,4.0,8.0,2.9,C,-10.5
6916,low,1,6.0,4.0,6.4,A,-100.0
6917,low,1,5.0,4.0,2.2,A,-100.0
6918,low,3,13.0,7.0,9.5,A,-100.0
6919,medium,2,14.0,2.0,9.7,A,-100.0
6920,medium,1,3.0,10.0,5.0,C,-3.7
6921,medium,2,8.0,2.0,2.9,A,-100.0
6922,none,2,4.0,7.0,3.5,A,-12.9
6923,low,3,3.0,0.0,9.7,B,-100.0
6924,low,2,22.0,12.0,7.5,C,-100.0
6925,low,5,11.0,15.0,9.9,A,-4.8
6926,medium,1,8.0,9.0,8.2,C,-13.0
6927,high,2,4.0,15.0,9.9,A,4.7
6928,high,1,17.0,38.0,9.6,A,15.0
6929,none,2,4.0,4.0,9.4,A,-16.2
6930,medium,0,5.0,4.0,9.4,C,-17.5
6931,none,4,5.0,18.0,9.9,A,11.5
6932,high,1,4.0,4.0,7.3,A,-19.6
6933,high,2,9.0,14.0,5.4,C,-8.4
6934,high,0,16.0,14.0,7.7,C,-19.3
6935,low,1,7.0,2.0,6.2,A,-100.0
6936,low,2,2.0,26.0,3.6,C,15.0
6937,medium,2,40.0,28.0,9.2,D,-100.0
6938,none,1,,8.0,8.1,C,
6939,high,2,3.0,6.0,5.9,C,-14.4
6940,medium,1,18.0,24.0,8.6,A,1.2
6941,high,3,6.0,3.0,8.1,A,-100.0
6942,,4,8.0,9.0,7.6,A,-13.8
6943,high,1,4.0,24.0,2.2,C,15.0
6944,high,2,6.0,9.0,9.3,B,-11.7
6945,low,2,24.0,9.0,6.8,A,-100.0
6946,none,1,6.0,40.0,8.3,A,15.0
6947,medium,1,4.0,12.0,2.3,A,-2.7
6948,none,2,,5.0,7.4,C,
6949,low,0,3.0,2.0,8.2,D,-18.5
6950,medium,1,5.0,1.0,2.6,A,-100.0
6951,low,4,9.0,24.0,4.1,A,14.8
6952,low,0,3.0,11.0,6.1,B,-0.6
6953,medium,2,7.0,9.0,3.3,A,-13.8
6954,high,0,6.0,27.0,8.2,B,15.0
6955,high,0,19.0,2.0,5.3,A,-100.0
6956,low,1,13.0,15.0,3.5,A,-11.1
6957,high,2,4.0,26.0,9.5,A,15.0
6958,medium,1,1.0,5.0,4.0,A,-11.3
6959,medium,2,6.0,7.0,3.1,B,-16.3
6960,high,1,1.0,18.0,7.0,B,14.9
6961,high,1,7.0,18.0,8.8,A,5.3
6962,high,1,8.0,8.0,3.4,B,-100.0
6963,low,0,11.0,43.0,8.3,A,15.0
6964,high,1,8.0,2.0,1.2,A,-100.0
6965,low,1,24.0,27.0,9.8,D,-2.0
6966,high,0,5.0,18.0,8.8,A,8.9
6967,medium,5,0.0,8.0,1.3,C,-4.9
6968,medium,2,2.0,17.0,3.9,A,12.0
6969,none,4,13.0,50.0,3.6,C,15.0
6970,high,1,5.0,50.0,4.6,A,15.0
6971,high,3,4.0,1.0,2.6,A,-100.0
6972,high,1,11.0,1.0,4.6,A,-100.0
6973,none,2,10.0,17.0,6.5,A,-0.9
6974,none,1,14.0,8.0,9.1,A,-100.0
6975,high,2,12.0,45.0,1.8,C,15.0
6976,low,1,23.0,19.0,6.1,A,-18.9
6977,high,2,9.0,3.0,4.7,A,-100.0
6978,high,2,0.0,1.0,,A,
6979,medium,1,2.0,13.0,4.2,A,3.9
6980,medium,2,1.0,7.0,1.7,A,-8.3
6981,high,1,5.0,12.0,9.6,C,-3.4
6982,high,3,9.0,38.0,5.8,B,15.0
6983,none,2,10.0,25.0,9.6,A,15.0
6984,low,3,5.0,2.0,7.0,A,-100.0
6985,high,0,8.0,16.0,9.1,C,-0.4
6986,low,3,13.0,21.0,7.3,A,3.2
6987,medium,2,9.0,5.0,5.4,A,-100.0
6988,low,1,9.0,24.0,6.1,A,15.0
6989,low,1,3.0,5.0,3.7,C,-14.5
6990,low,2,3.0,4.0,8.9,A,-14.1
6991,medium,2,11.0,5.0,8.3,A,-100.0
6992,none,2,9.0,12.0,8.3,A,-8.7
6993,medium,0,5.0,5.0,1.1,B,-19.6
6994,low,0,10.0,16.0,5.4,A,-2.7
6995,low,1,9.0,6.0,9.7,A,-19.9
6996,medium,2,7.0,7.0,3.9,C,-17.7
6997,high,2,8.0,38.0,8.1,A,15.0
6998,low,3,6.0,9.0,7.3,A,-9.8
6999,none,0,12.0,12.0,8.7,C,-13.6
7000,high,3,5.0,35.0,4.1,A,15.0
7001,none,0,13.0,20.0,1.0,A,-2.4
7002,high,0,14.0,25.0,7.3,A,7.1
7003,high,0,14.0,12.0,7.8,A,-19.9
7004,medium,0,2.0,4.0,9.0,A,-12.5
7005,medium,0,6.0,10.0,9.4,A,-6.7
7006,high,3,3.0,6.0,1.1,B,-16.9
7007,none,0,11.0,0.0,7.9,D,-100.0
7008,low,2,7.0,3.0,7.4,A,-100.0
7009,medium,1,9.0,2.0,8.7,A,-100.0
7010,low,2,10.0,0.0,9.7,A,-100.0
7011,high,3,8.0,12.0,3.0,C,-12.1
7012,high,4,11.0,5.0,5.6,A,-100.0
7013,low,3,9.0,27.0,5.4,A,15.0
7014,low,2,5.0,9.0,9.9,A,-6.6
7015,medium,1,40.0,11.0,9.3,D,-100.0
7016,low,1,28.0,5.0,6.0,C,-100.0
7017,low,2,2.0,3.0,2.0,A,-17.9
7018,low,2,3.0,22.0,8.1,A,15.0
7019,none,2,7.0,5.0,9.3,A,-19.4
7020,high,2,7.0,1.0,1.7,C,-100.0
7021,none,2,34.0,5.0,2.3,A,-100.0
7022,high,1,12.0,3.0,3.3,A,-100.0
7023,high,1,8.0,7.0,7.7,A,-100.0
7024,low,2,4.0,2.0,4.7,A,-100.0
7025,medium,1,11.0,10.0,4.3,A,-18.1
7026,low,1,5.0,7.0,10.0,A,-10.7
7027,high,4,16.0,3.0,9.2,A,-100.0
7028,none,1,7.0,5.0,8.9,A,-19.5
7029,medium,1,2.0,12.0,8.6,A,4.0
7030,medium,3,9.0,30.0,9.5,A,15.0
7031,low,1,27.0,35.0,8.4,A,8.8
7032,high,1,10.0,13.0,3.9,C,-12.9
7033,medium,2,4.0,1.0,9.0,A,-100.0
7034,high,0,14.0,3.0,9.8,A,-100.0
7035,none,2,6.0,1.0,3.6,A,-100.0
7036,low,3,10.0,3.0,8.7,C,-100.0
7037,high,2,19.0,2.0,9.7,A,-100.0
7038,low,2,8.0,25.0,5.9,A,15.0
7039,high,1,13.0,28.0,7.1,A,15.0
7040,none,5,10.0,8.0,2.5,A,-100.0
7041,none,3,16.0,0.0,9.2,C,-100.0
7042,low,3,7.0,4.0,3.1,C,-100.0
7043,none,1,7.0,13.0,2.0,A,-6.2
7044,low,3,9.0,21.0,9.0,A,11.0
7045,low,1,15.0,8.0,9.1,A,-100.0
7046,medium,1,7.0,10.0,1.8,A,-12.4
7047,none,2,36.0,5.0,6.8,A,-100.0
7048,high,1,5.0,29.0,2.7,A,15.0
7049,low,4,11.0,3.0,8.5,D,-100.0
7050,none,1,1.0,7.0,1.3,A,-8.6
7051,none,1,2.0,24.0,2.6,A,15.0
7052,none,0,8.0,5.0,7.9,C,-100.0
7053,medium,2,10.0,20.0,2.8,C,3.8
7054,low,2,14.0,9.0,3.5,A,-100.0
7055,none,1,7.0,9.0,5.2,D,-13.0
7056,high,1,17.0,8.0,7.3,C,-100.0
7057,low,4,5.0,17.0,5.6,C,7.8
7058,medium,3,5.0,20.0,6.8,A,14.4
7059,low,1,4.0,0.0,4.4,D,-100.0
7060,low,3,19.0,8.0,6.0,A,-100.0
7061,low,5,8.0,21.0,8.3,C,12.2
7062,high,0,6.0,12.0,2.0,A,-8.8
7063,low,3,14.0,40.0,6.0,C,15.0
7064,high,0,19.0,16.0,1.2,A,-100.0
7065,low,0,3.0,13.0,5.1,A,3.1
7066,high,0,11.0,5.0,9.1,A,-100.0
7067,none,1,13.0,5.0,3.4,C,-100.0
7068,low,1,3.0,4.0,3.6,A,-16.7
7069,high,3,,2.0,4.4,C,
7070,high,0,4.0,20.0,1.5,B,11.2
7071,medium,2,15.0,11.0,9.3,A,-100.0
7072,high,1,7.0,21.0,10.0,A,12.2
7073,high,1,2.0,16.0,9.5,A,10.2
7074,medium,0,6.0,4.0,1.6,A,-100.0
7075,high,0,5.0,8.0,8.7,C,-12.1
7076,medium,0,7.0,23.0,9.6,C,15.0
7077,low,0,5.0,0.0,9.8,A,-100.0
7078,medium,2,19.0,5.0,1.1,C,-100.0
7079,high,1,3.0,1.0,4.1,B,-100.0
7080,low,1,7.0,37.0,8.7,A,15.0
7081,high,0,3.0,3.0,5.8,D,-100.0
7082,medium,2,19.0,5.0,2.3,A,-100.0
7083,high,2,1.0,8.0,8.5,A,-5.4
7084,low,2,7.0,14.0,8.1,A,-0.5
7085,high,2,5.0,5.0,3.8,D,-100.0
7086,high,1,12.0,8.0,2.4,B,-100.0
7087,medium,2,2.0,5.0,1.2,B,-14.5
7088,medium,1,22.0,29.0,4.8,A,2.8
7089,medium,1,7.0,2.0,8.2,A,-100.0
7090,high,1,5.0,12.0,8.7,A,
7091,medium,2,2.0,15.0,3.7,A,7.8
7092,low,2,20.0,2.0,6.9,A,-100.0
7093,medium,2,2.0,3.0,3.7,A,-17.5
7094,low,0,8.0,26.0,5.1,A,15.0
7095,medium,1,,31.0,9.8,C,
7096,high,1,20.0,10.0,8.6,D,-100.0
7097,none,2,9.0,17.0,9.2,A,2.2
7098,low,3,25.0,2.0,3.1,C,-100.0
7099,none,1,22.0,47.0,7.7,A,15.0
7100,medium,1,21.0,13.0,8.3,C,-100.0
7101,low,1,21.0,24.0,9.4,A,-3.3
7102,low,2,4.0,7.0,1.3,B,-13.4
7103,medium,0,10.0,13.0,1.2,A,-11.5
7104,medium,2,3.0,35.0,4.1,A,15.0
7105,low,2,1.0,3.0,5.1,A,-14.6
7106,,0,8.0,15.0,5.4,A,-1.9
7107,high,2,2.0,5.0,3.9,C,-15.8
7108,low,0,16.0,8.0,9.9,A,-100.0
7109,none,3,20.0,2.0,4.3,A,-100.0
7110,high,0,10.0,32.0,3.6,A,15.0
7111,medium,2,9.0,2.0,8.8,A,-100.0
7112,low,0,2.0,17.0,1.9,C,11.6
7113,none,1,7.0,22.0,10.0,A,15.0
7114,medium,2,2.0,6.0,9.1,A,-8.5
7115,medium,2,2.0,2.0,8.2,A,-17.3
7116,high,3,25.0,1.0,9.5,C,-100.0
7117,medium,1,6.0,15.0,1.2,B,-0.4
7118,medium,2,,27.0,9.1,C,
7119,high,2,7.0,15.0,9.8,A,-0.6
7120,low,3,3.0,14.0,2.5,C,3.6
7121,none,2,4.0,34.0,7.9,A,15.0
7122,low,5,22.0,3.0,3.7,A,-100.0
7123,high,3,24.0,9.0,3.0,A,-100.0
7124,low,5,16.0,11.0,8.3,B,-100.0
7125,low,1,8.0,15.0,6.0,A,-1.1
7126,low,1,7.0,8.0,5.1,A,-14.5
7127,low,0,4.0,17.0,8.2,A,11.3
7128,none,1,25.0,14.0,1.1,A,-100.0
7129,low,1,14.0,13.0,2.7,A,-17.5
7130,medium,1,9.0,1.0,5.4,A,-100.0
7131,high,1,12.0,9.0,7.9,C,-100.0
7132,medium,4,11.0,21.0,3.2,C,4.1
7133,none,3,13.0,5.0,1.4,C,-100.0
7134,medium,0,16.0,3.0,4.4,A,-100.0
7135,none,1,5.0,36.0,2.4,B,15.0
7136,none,0,6.0,0.0,9.3,C,-100.0
7137,low,1,2.0,13.0,2.5,A,3.4
7138,low,1,7.0,1.0,3.4,C,-100.0
7139,medium,1,8.0,3.0,4.9,A,-100.0
7140,medium,2,7.0,4.0,9.2,A,-100.0
7141,medium,2,10.0,3.0,2.0,C,-100.0
7142,none,0,7.0,25.0,9.7,A,15.0
7143,none,1,7.0,21.0,9.8,A,14.5
7144,high,0,7.0,14.0,5.2,A,-4.8
7145,high,3,8.0,2.0,8.7,B,-100.0
7146,medium,0,13.0,0.0,8.7,C,-100.0
7147,medium,1,4.0,1.0,9.9,A,-100.0
7148,low,1,11.0,7.0,4.6,D,-100.0
7149,none,0,19.0,17.0,9.9,A,-14.7
7150,low,2,4.0,22.0,8.6,A,15.0
7151,high,2,4.0,4.0,7.9,A,-19.4
7152,low,4,12.0,3.0,8.8,A,-100.0
7153,medium,4,11.0,5.0,4.7,A,-100.0
7154,high,3,7.0,17.0,4.9,C,1.1
7155,,1,17.0,2.0,6.9,A,-100.0
7156,low,0,2.0,44.0,5.8,C,15.0
7157,medium,3,16.0,7.0,4.5,A,-100.0
7158,none,0,11.0,1.0,1.3,B,-100.0
7159,none,1,14.0,4.0,9.4,A,-100.0
7160,high,1,7.0,0.0,9.6,A,-100.0
7161,high,3,20.0,3.0,8.9,A,-100.0
7162,high,0,15.0,17.0,5.0,A,-12.6
7163,low,3,5.0,8.0,4.8,C,-11.4
7164,high,1,4.0,9.0,7.5,A,-9.0
7165,high,1,8.0,1.0,8.6,A,-100.0
7166,low,1,13.0,50.0,8.3,D,15.0
7167,medium,3,3.0,24.0,5.4,C,15.0
7168,high,3,9.0,10.0,4.2,C,-17.5
7169,none,2,8.0,6.0,5.8,A,-100.0
7170,high,1,9.0,49.0,8.8,A,15.0
7171,medium,3,4.0,16.0,9.6,A,9.2
7172,low,4,5.0,20.0,4.0,B,13.3
7173,high,3,8.0,1.0,6.0,A,-100.0
7174,low,0,2.0,36.0,7.5,A,15.0
7175,high,0,6.0,12.0,9.9,B,-4.9
7176,low,2,11.0,1.0,9.5,A,-100.0
7177,medium,1,12.0,28.0,9.2,A,15.0
7178,high,4,8.0,9.0,3.6,A,-18.2
7179,medium,2,10.0,21.0,1.8,B,5.4
7180,high,2,7.0,18.0,3.9,A,2.8
7181,medium,4,8.0,8.0,1.5,A,-18.8
7182,low,0,22.0,12.0,9.5,B,-100.0
7183,high,0,8.0,16.0,3.9,A,-3.0
7184,high,4,12.0,6.0,9.7,C,-100.0
7185,high,1,6.0,7.0,3.9,B,-18.5
7186,low,1,8.0,2.0,3.5,A,-100.0
7187,high,2,2.0,1.0,2.3,C,-100.0
7188,high,0,20.0,6.0,2.8,D,-100.0
7189,medium,0,28.0,2.0,2.2,A,-100.0
7190,none,2,8.0,3.0,3.0,C,-100.0
7191,none,0,4.0,4.0,2.0,A,-19.7
7192,high,2,5.0,16.0,2.0,A,1.1
7193,low,0,9.0,8.0,6.6,C,-17.2
7194,medium,1,7.0,2.0,1.7,C,-100.0
7195,high,2,20.0,8.0,9.2,A,-100.0
7196,medium,4,12.0,20.0,8.4,A,2.9
7197,low,0,4.0,11.0,8.8,A,-1.0
7198,high,2,2.0,5.0,3.7,A,-15.9
7199,none,0,2.0,0.0,2.8,A,-100.0
7200,low,0,13.0,10.0,6.9,A,-19.8
7201,low,1,9.0,2.0,8.3,A,-100.0
7202,high,2,17.0,9.0,8.9,A,-100.0
7203,none,0,40.0,3.0,9.3,A,-100.0
7204,none,2,6.0,10.0,6.0,C,-8.8
7205,low,5,10.0,2.0,2.2,A,-100.0
7206,none,0,3.0,0.0,9.6,A,-100.0
7207,low,0,6.0,38.0,1.1,A,15.0
7208,low,0,9.0,27.0,5.6,A,15.0
7209,,0,10.0,20.0,7.9,A,6.3
7210,none,0,5.0,5.0,8.2,B,-16.3
7211,none,1,3.0,43.0,9.9,D,15.0
7212,high,2,9.0,25.0,9.7,A,15.0
7213,high,1,10.0,26.0,3.7,B,14.3
7214,low,2,8.0,9.0,5.2,A,-14.2
7215,low,2,4.0,2.0,9.5,A,-19.8
7216,low,1,3.0,23.0,6.1,A,15.0
7217,low,2,10.0,3.0,6.5,C,-100.0
7218,low,3,10.0,19.0,6.3,A,3.7
7219,low,2,28.0,12.0,2.2,A,-100.0
7220,low,2,18.0,0.0,9.4,A,-100.0
7221,none,2,10.0,33.0,9.9,A,15.0
7222,medium,0,7.0,8.0,7.2,A,-13.7
7223,high,3,3.0,17.0,7.8,A,9.5
7224,high,3,1.0,12.0,1.4,A,-0.7
7225,medium,2,1.0,5.0,4.8,A,-10.9
7226,low,4,2.0,5.0,9.1,A,-10.4
7227,high,1,33.0,6.0,2.6,B,-100.0
7228,medium,0,37.0,3.0,2.7,C,-100.0
7229,high,4,20.0,27.0,1.6,A,-2.4
7230,medium,1,2.0,6.0,8.6,D,-8.6
7231,none,0,11.0,21.0,8.1,A,6.8
7232,high,2,8.0,41.0,6.4,C,15.0
7233,high,1,14.0,2.0,1.1,C,-100.0
7234,low,1,3.0,4.0,3.8,C,-16.6
7235,medium,1,12.0,1.0,2.1,B,-100.0
7236,low,4,3.0,3.0,5.7,A,-18.0
7237,medium,2,2.0,18.0,1.4,A,12.9
7238,high,3,10.0,7.0,9.7,D,-100.0
7239,medium,1,2.0,9.0,8.6,A,-2.3
7240,low,4,3.0,1.0,3.1,A,-100.0
7241,medium,1,6.0,8.0,6.0,D,-12.7
7242,none,2,13.0,2.0,8.4,A,-100.0
7243,high,1,8.0,22.0,9.1,A,12.1
7244,medium,3,3.0,7.0,7.2,A,-9.2
7245,low,2,12.0,27.0,9.2,A,15.0
7246,high,2,7.0,10.0,10.0,C,-11.0
7247,high,0,6.0,16.0,4.7,B,0.9
7248,high,2,40.0,50.0,2.2,C,11.4
7249,high,0,11.0,19.0,8.5,A,0.4
7250,medium,0,9.0,31.0,1.7,D,15.0
7251,low,1,15.0,6.0,8.0,A,-100.0
7252,low,1,5.0,44.0,1.4,A,15.0
7253,medium,1,23.0,4.0,6.2,A,-100.0
7254,low,2,4.0,1.0,2.7,C,-100.0
7255,medium,1,6.0,16.0,3.6,A,2.9
7256,low,2,16.0,3.0,8.3,C,-100.0
7257,high,3,4.0,9.0,6.6,C,-9.6
7258,medium,2,7.0,16.0,5.6,A,2.1
7259,low,1,13.0,5.0,6.8,A,-100.0
7260,none,2,11.0,10.0,9.3,A,-15.9
7261,high,2,21.0,5.0,2.8,A,-100.0
7262,high,2,5.0,9.0,9.1,B,-10.0
7263,low,2,2.0,8.0,2.1,A,-7.4
7264,high,1,7.0,3.0,9.0,A,-100.0
7265,low,2,8.0,28.0,8.1,B,15.0
7266,low,2,15.0,4.0,9.0,A,-100.0
7267,high,0,3.0,15.0,9.8,C,6.6
7268,high,2,30.0,17.0,9.0,B,-100.0
7269,high,3,1.0,3.0,3.9,B,-18.3
7270,none,1,4.0,3.0,7.1,C,-19.4
7271,medium,2,6.0,11.0,3.0,B,-8.0
7272,medium,0,8.0,4.0,9.1,C,-100.0
7273,none,0,7.0,5.0,1.3,A,-100.0
7274,medium,1,12.0,12.0,9.9,C,-12.9
7275,high,1,5.0,4.0,4.2,C,-100.0
7276,low,1,8.0,50.0,8.7,A,15.0
7277,medium,2,4.0,3.0,3.9,A,-100.0
7278,high,1,10.0,9.0,8.1,A,-19.2
7279,medium,0,3.0,1.0,9.3,A,-100.0
7280,none,0,5.0,1.0,4.6,A,-100.0
7281,low,2,11.0,15.0,1.5,A,-8.7
7282,low,3,4.0,22.0,,D,
7283,high,1,2.0,17.0,,A,
7284,low,1,6.0,19.0,8.0,A,11.8
7285,low,1,33.0,2.0,2.8,B,-100.0
7286,medium,4,8.0,10.0,1.4,A,-14.6
7287,low,0,2.0,26.0,9.9,B,15.0
7288,medium,1,2.0,5.0,,C,
7289,medium,3,10.0,25.0,7.5,A,15.0
7290,high,1,2.0,4.0,2.5,A,-18.5
7291,,1,9.0,7.0,9.6,D,
7292,low,0,4.0,10.0,8.9,A,-3.1
7293,low,2,12.0,1.0,5.8,B,-100.0
7294,high,1,9.0,7.0,4.6,B,-100.0
7295,medium,2,9.0,17.0,7.6,A,1.6
7296,low,2,15.0,3.0,9.0,C,-100.0
7297,high,1,31.0,3.0,5.1,A,-100.0
7298,medium,2,8.0,10.0,2.8,A,-13.7
7299,low,0,11.0,1.0,5.8,C,-100.0
7300,low,1,7.0,30.0,8.4,B,15.0
7301,high,1,10.0,4.0,6.0,A,-100.0
7302,low,2,14.0,6.0,7.5,A,-100.0
7303,low,1,2.0,28.0,4.4,A,15.0
7304,medium,2,4.0,5.0,2.5,A,-17.4
7305,high,1,2.0,10.0,8.4,A,-2.9
7306,high,1,4.0,23.0,3.3,A,15.0
7307,high,1,1.0,10.0,9.2,A,-0.8
7308,low,2,24.0,24.0,8.6,A,-9.0
7309,none,4,7.0,0.0,9.9,D,-100.0
7310,high,2,7.0,14.0,9.9,A,-2.6
7311,,3,21.0,0.0,9.4,A,-100.0
7312,medium,2,10.0,13.0,6.7,A,-9.0
7313,none,0,2.0,35.0,9.8,A,15.0
7314,medium,3,5.0,6.0,9.0,C,-13.8
7315,,1,5.0,14.0,2.7,C,-0.2
7316,none,0,9.0,2.0,1.6,D,-100.0
7317,low,1,12.0,14.0,6.0,D,-10.2
7318,low,2,6.0,7.0,2.0,A,-16.5
7319,low,2,17.0,1.0,2.1,A,-100.0
7320,medium,1,13.0,5.0,4.2,A,-100.0
7321,high,2,10.0,8.0,9.0,D,-100.0
7322,medium,0,19.0,30.0,9.8,D,12.7
7323,low,1,6.0,20.0,9.2,B,14.5
7324,low,0,4.0,23.0,5.4,A,15.0
7325,medium,0,10.0,1.0,3.1,A,-100.0
7326,low,2,2.0,17.0,9.3,C,15.0
7327,high,2,3.0,7.0,5.2,C,-12.7
7328,medium,0,13.0,8.0,4.7,A,-100.0
7329,medium,1,9.0,10.0,1.0,A,-16.2
7330,high,4,8.0,24.0,8.9,C,15.0
7331,low,1,9.0,20.0,5.4,A,7.3
7332,high,1,20.0,7.0,5.3,A,-100.0
7333,low,0,5.0,8.0,3.7,C,-11.6
7334,low,1,7.0,13.0,4.8,C,-4.2
7335,high,0,2.0,7.0,6.1,B,-10.3
7336,none,1,4.0,1.0,9.2,B,-100.0
7337,none,0,16.0,18.0,7.3,C,-8.7
7338,high,1,2.0,28.0,8.9,A,15.0
7339,none,1,7.0,18.0,8.8,C,7.7
7340,medium,1,4.0,1.0,9.0,A,-100.0
7341,none,0,7.0,12.0,7.6,C,-5.4
7342,medium,2,24.0,0.0,5.2,A,-100.0
7343,low,1,5.0,6.0,9.9,A,-12.8
7344,none,2,12.0,7.0,8.7,A,-100.0
7345,low,1,8.0,5.0,3.5,A,-100.0
7346,medium,0,5.0,13.0,7.1,B,0.2
7347,low,0,23.0,11.0,8.3,A,-100.0
7348,medium,3,7.0,12.0,8.0,D,-5.3
7349,medium,2,32.0,10.0,4.7,A,-100.0
7350,high,2,24.0,16.0,4.5,A,-100.0
7351,low,3,6.0,9.0,2.5,A,-12.2
7352,none,4,7.0,11.0,9.6,A,-6.9
7353,medium,1,4.0,8.0,6.2,A,-9.1
7354,none,1,19.0,11.0,2.9,B,-100.0
7355,high,1,3.0,9.0,4.6,A,-8.7
7356,high,1,8.0,33.0,6.2,C,15.0
7357,medium,3,13.0,7.0,9.2,A,-100.0
7358,high,4,4.0,10.0,9.4,A,-6.2
7359,low,1,12.0,6.0,9.1,A,-100.0
7360,low,0,6.0,10.0,4.2,C,-8.9
7361,medium,2,13.0,21.0,9.0,B,3.8
7362,medium,1,3.0,10.0,8.3,A,-2.1
7363,none,1,14.0,7.0,9.4,D,-100.0
7364,medium,1,2.0,8.0,7.1,A,-5.2
7365,high,2,16.0,6.0,8.8,A,-100.0
7366,none,2,10.0,1.0,5.3,D,-100.0
7367,high,1,7.0,17.0,1.6,B,-0.4
7368,low,0,6.0,10.0,2.4,A,-9.8
7369,medium,3,13.0,20.0,9.3,A,1.7
7370,high,2,18.0,0.0,6.8,A,-100.0
7371,none,2,11.0,11.0,4.4,D,
7372,low,0,15.0,23.0,7.1,A,4.1
7373,high,0,5.0,39.0,1.8,B,15.0
7374,medium,0,10.0,12.0,9.3,A,-9.6
7375,medium,3,14.0,13.0,5.9,C,-16.4
7376,none,2,8.0,28.0,9.6,C,15.0
7377,low,0,8.0,20.0,1.6,A,7.3
7378,low,0,6.0,0.0,2.2,C,-100.0
7379,high,4,12.0,2.0,2.2,C,-100.0
7380,high,1,4.0,2.0,9.2,A,-100.0
7381,medium,1,12.0,4.0,1.4,C,-100.0
7382,low,4,10.0,24.0,1.1,C,11.5
7383,low,0,4.0,11.0,2.7,C,-4.1
7384,high,0,6.0,2.0,1.8,C,-100.0
7385,low,1,35.0,5.0,3.7,A,-100.0
7386,low,3,4.0,3.0,9.0,A,-18.0
7387,high,0,5.0,10.0,2.4,A,-11.1
7388,medium,1,8.0,7.0,8.6,C,-17.0
7389,none,0,8.0,1.0,4.9,C,-100.0
7390,medium,1,26.0,6.0,8.8,C,-100.0
7391,high,0,4.0,22.0,8.5,B,15.0
7392,low,0,4.0,5.0,8.2,A,-13.9
7393,low,1,19.0,4.0,8.3,A,-100.0
7394,medium,0,13.0,5.0,9.9,C,-100.0
7395,medium,0,4.0,26.0,2.9,A,15.0
7396,medium,0,9.0,18.0,2.8,A,1.6
7397,medium,4,4.0,1.0,7.5,D,-100.0
7398,,1,2.0,46.0,2.0,A,15.0
7399,high,2,16.0,1.0,8.9,A,-100.0
7400,high,1,8.0,3.0,4.7,A,-100.0
7401,low,1,11.0,12.0,6.5,A,-12.4
7402,medium,1,5.0,4.0,8.6,C,-18.1
7403,low,1,10.0,10.0,5.1,A,-15.6
7404,high,2,9.0,4.0,7.2,A,-100.0
7405,none,2,7.0,22.0,4.9,A,14.1
7406,none,1,9.0,12.0,8.7,C,-8.4
7407,low,2,9.0,4.0,3.6,C,-100.0
7408,none,1,16.0,13.0,9.4,C,-18.2
7409,high,1,27.0,3.0,6.9,A,-100.0
7410,high,0,10.0,20.0,8.2,A,4.1
7411,low,2,19.0,3.0,5.5,A,-100.0
7412,,0,6.0,28.0,9.2,A,15.0
7413,medium,2,2.0,4.0,8.5,A,-12.9
7414,low,0,14.0,4.0,1.4,B,-100.0
7415,high,3,5.0,13.0,1.4,A,-5.6
7416,low,1,22.0,3.0,4.2,A,-100.0
7417,medium,0,18.0,0.0,2.5,A,-100.0
7418,high,0,7.0,11.0,9.4,A,-9.0
7419,high,0,16.0,39.0,6.3,D,15.0
7420,low,2,11.0,1.0,9.7,A,-100.0
7421,high,2,7.0,5.0,,D,
7422,low,3,3.0,41.0,9.4,A,15.0
7423,high,0,8.0,15.0,8.7,C,-2.7
7424,none,0,14.0,3.0,3.5,C,-100.0
7425,high,2,11.0,4.0,8.0,A,-100.0
7426,medium,0,15.0,25.0,1.4,C,5.1
7427,none,1,6.0,13.0,8.6,C,-1.1
7428,high,1,13.0,22.0,7.8,A,2.7
7429,low,0,0.0,6.0,5.1,A,-6.4
7430,medium,2,14.0,3.0,5.1,D,-100.0
7431,low,0,2.0,7.0,8.3,A,-6.2
7432,low,1,4.0,0.0,8.3,A,-100.0
7433,low,2,16.0,18.0,4.8,B,-9.5
7434,none,1,3.0,8.0,9.1,A,-6.1
7435,medium,2,7.0,0.0,6.8,A,-100.0
7436,medium,0,3.0,37.0,2.5,A,15.0
7437,high,1,7.0,17.0,1.2,D,-0.6
7438,medium,3,16.0,10.0,7.1,A,-100.0
7439,none,2,1.0,6.0,7.9,A,-7.5
7440,low,0,7.0,0.0,3.7,C,-100.0
7441,high,2,12.0,1.0,3.3,A,-100.0
7442,medium,0,6.0,33.0,3.5,D,15.0
7443,medium,0,9.0,6.0,1.2,A,-100.0
7444,high,0,20.0,26.0,3.4,A,-3.2
7445,medium,0,22.0,21.0,8.5,A,-12.0
7446,high,0,24.0,3.0,8.4,A,-100.0
7447,medium,3,15.0,10.0,10.0,A,-100.0
7448,high,2,9.0,28.0,9.0,A,15.0
7449,none,1,9.0,24.0,8.3,A,15.0
7450,high,0,9.0,50.0,8.8,A,15.0
7451,high,0,3.0,1.0,8.7,A,-100.0
7452,low,1,4.0,11.0,2.8,A,-4.1
7453,medium,0,6.0,3.0,3.9,A,-100.0
7454,,2,5.0,9.0,9.6,D,-7.4
7455,medium,1,8.0,10.0,5.0,A,-12.5
7456,medium,0,3.0,8.0,8.5,A,-6.1
7457,low,1,22.0,50.0,3.4,A,15.0
7458,medium,0,4.0,21.0,9.2,A,15.0
7459,medium,0,29.0,7.0,1.9,C,-100.0
7460,medium,2,3.0,0.0,8.5,D,-100.0
7461,none,0,5.0,5.0,8.2,C,-16.3
7462,medium,1,11.0,9.0,5.8,A,-19.5
7463,low,2,5.0,23.0,4.8,A,15.0
7464,high,2,1.0,21.0,8.2,C,15.0
7465,,3,9.0,11.0,9.5,C,-10.3
7466,high,1,12.0,46.0,9.9,C,15.0
7467,none,1,1.0,7.0,2.2,A,-8.2
7468,medium,3,1.0,1.0,6.5,A,-18.6
7469,low,0,14.0,5.0,10.0,A,-100.0
7470,low,1,5.0,0.0,9.5,A,-100.0
7471,low,4,12.0,1.0,4.8,C,-100.0
7472,low,1,11.0,7.0,6.0,A,-100.0
7473,low,1,3.0,4.0,3.1,C,-16.9
7474,none,1,,21.0,2.4,C,
7475,high,2,4.0,2.0,3.3,A,-100.0
7476,medium,1,10.0,3.0,6.8,B,-100.0
7477,high,2,12.0,41.0,8.4,A,15.0
7478,medium,1,12.0,26.0,3.5,C,13.4
7479,none,4,3.0,6.0,9.2,C,-10.6
7480,medium,1,4.0,46.0,9.2,A,15.0
7481,medium,3,28.0,7.0,8.3,A,-100.0
7482,high,2,4.0,1.0,2.3,A,-100.0
7483,medium,2,3.0,3.0,9.7,A,-16.2
7484,high,1,6.0,9.0,4.7,A,-13.9
7485,low,1,6.0,3.0,8.4,A,-100.0
7486,high,3,13.0,9.0,4.5,C,-100.0
7487,low,2,4.0,11.0,9.2,D,-1.0
7488,low,1,18.0,21.0,1.2,C,-8.4
7489,low,2,1.0,10.0,7.8,A,1.4
7490,low,0,19.0,2.0,1.3,C,-100.0
7491,medium,4,1.0,4.0,4.5,A,-13.4
7492,medium,2,7.0,5.0,3.8,A,-100.0
7493,low,2,16.0,11.0,8.7,B,-100.0
7494,low,2,5.0,5.0,8.7,C,-15.6
7495,low,0,13.0,4.0,9.9,A,-100.0
7496,none,1,21.0,6.0,1.1,A,-100.0
7497,high,1,6.0,40.0,9.8,A,15.0
7498,none,1,8.0,15.0,8.9,C,-0.3
7499,high,0,6.0,13.0,2.3,A,-6.6
7500,low,2,16.0,1.0,8.5,C,-100.0
7501,low,1,9.0,8.0,8.4,A,-16.4
7502,high,1,14.0,16.0,3.9,A,-13.6
7503,low,2,5.0,24.0,8.6,A,15.0
7504,high,0,9.0,4.0,3.5,A,-100.0
7505,low,2,9.0,2.0,1.8,A,-100.0
7506,low,0,3.0,17.0,3.2,A,10.5
7507,high,3,7.0,2.0,9.2,B,-100.0
7508,high,5,15.0,19.0,9.5,D,-6.6
7509,none,0,5.0,0.0,3.8,A,-100.0
7510,medium,2,1.0,36.0,6.5,A,15.0
7511,none,2,3.0,26.0,1.7,A,15.0
7512,high,1,8.0,5.0,7.5,C,-100.0
7513,low,3,8.0,9.0,1.1,A,-16.4
7514,low,0,21.0,1.0,4.9,A,-100.0
7515,medium,0,12.0,3.0,7.4,A,-100.0
7516,high,1,11.0,3.0,1.6,A,-100.0
7517,medium,1,5.0,6.0,9.4,C,-13.4
7518,low,2,22.0,1.0,1.5,A,-100.0
7519,medium,2,0.0,18.0,2.5,A,15.0
7520,high,3,,49.0,3.0,C,
7521,low,0,20.0,8.0,2.9,A,-100.0
7522,medium,3,5.0,0.0,1.2,C,-100.0
7523,high,1,19.0,5.0,9.5,A,-100.0
7524,low,2,10.0,6.0,8.6,A,-100.0
7525,low,3,8.0,6.0,6.1,C,-100.0
7526,high,2,8.0,6.0,8.7,A,-100.0
7527,none,5,13.0,4.0,5.3,A,-100.0
7528,low,1,9.0,17.0,6.7,A,1.7
7529,low,2,3.0,5.0,5.4,A,-13.8
7530,high,4,3.0,47.0,9.3,A,15.0
7531,low,2,3.0,18.0,8.7,A,15.0
7532,medium,1,5.0,28.0,8.2,A,15.0
7533,none,1,27.0,37.0,9.8,C,13.1
7534,high,2,1.0,4.0,3.1,A,-16.5
7535,none,1,6.0,15.0,2.2,A,-0.1
7536,high,3,6.0,9.0,8.9,A,-12.0
7537,low,2,19.0,17.0,9.3,A,-14.6
7538,high,1,22.0,24.0,4.1,D,-10.7
7539,high,0,1.0,20.0,6.1,C,15.0
7540,medium,2,9.0,8.0,8.2,A,-16.9
7541,high,0,22.0,21.0,8.7,B,-14.6
7542,low,2,24.0,32.0,9.1,A,8.0
7543,low,1,7.0,16.0,8.5,A,4.0
7544,high,2,1.0,1.0,9.8,C,-19.5
7545,medium,1,9.0,8.0,5.6,C,-18.1
7546,low,1,9.0,18.0,6.0,C,3.4
7547,low,3,2.0,11.0,3.0,A,-0.7
7548,high,1,14.0,19.0,8.6,B,-4.9
7549,low,3,2.0,19.0,10.0,B,15.0
7550,high,0,19.0,3.0,8.1,A,-100.0
7551,low,3,3.0,3.0,8.0,A,-16.8
7552,none,0,9.0,9.0,8.7,C,-14.6
7553,none,0,2.0,7.0,9.7,A,-6.1
7554,high,1,17.0,7.0,6.9,A,-100.0
7555,low,0,,24.0,5.5,C,
7556,none,3,18.0,3.0,1.5,A,-100.0
7557,medium,3,4.0,9.0,5.8,B,-7.4
7558,none,3,4.0,7.0,9.3,A,-10.1
7559,none,0,27.0,14.0,3.8,A,-100.0
7560,high,1,5.0,34.0,3.3,B,15.0
7561,medium,2,3.0,10.0,9.2,A,-1.7
7562,low,3,7.0,9.0,8.3,C,-11.0
7563,high,1,10.0,6.0,6.9,A,-100.0
7564,medium,2,30.0,5.0,5.0,A,-100.0
7565,low,2,15.0,4.0,9.9,B,-100.0
7566,low,3,26.0,22.0,6.4,A,-17.9
7567,low,0,17.0,5.0,8.4,A,-100.0
7568,medium,0,13.0,49.0,2.0,C,15.0
7569,low,3,7.0,13.0,5.8,C,-3.9
7570,low,0,7.0,2.0,1.8,A,-100.0
7571,medium,5,20.0,2.0,4.6,A,-100.0
7572,low,5,8.0,10.0,3.7,A,-13.2
7573,none,0,2.0,26.0,8.8,C,15.0
7574,low,1,10.0,0.0,8.1,A,-100.0
7575,none,1,3.0,2.0,8.0,A,-19.3
7576,high,2,13.0,6.0,8.7,A,-100.0
7577,medium,2,10.0,6.0,2.4,A,-100.0
7578,none,2,4.0,9.0,3.6,A,-8.6
7579,high,4,13.0,10.0,1.8,A,-100.0
7580,high,4,4.0,2.0,9.0,A,-100.0
7581,medium,2,7.0,11.0,9.7,D,-6.4
7582,medium,2,5.0,5.0,4.4,C,-18.1
7583,low,1,9.0,10.0,9.6,A,-11.6
7584,medium,2,5.0,19.0,7.4,B,12.8
7585,high,1,12.0,0.0,9.1,A,-100.0
7586,high,3,10.0,9.0,2.6,D,-100.0
7587,high,2,5.0,30.0,9.5,A,15.0
7588,high,1,27.0,19.0,7.1,C,-100.0
7589,low,0,3.0,8.0,3.8,A,-8.1
7590,low,1,40.0,4.0,8.5,A,-100.0
7591,high,1,23.0,1.0,1.5,A,-100.0
7592,none,3,10.0,1.0,5.4,B,-100.0
7593,high,1,11.0,8.0,8.3,A,-100.0
7594,high,4,3.0,6.0,9.9,A,-12.6
7595,low,0,8.0,12.0,1.1,A,-9.8
7596,low,0,21.0,3.0,2.6,A,-100.0
7597,low,1,20.0,16.0,9.7,A,-18.2
7598,medium,0,15.0,15.0,5.5,A,-13.9
7599,high,2,11.0,1.0,10.0,A,-100.0
7600,low,1,13.0,2.0,8.6,A,-100.0
7601,,1,11.0,15.0,6.1,A,-6.9
7602,high,0,15.0,7.0,2.5,A,-100.0
7603,none,3,17.0,12.0,1.7,A,-100.0
7604,medium,1,9.0,40.0,9.0,D,15.0
7605,low,1,15.0,1.0,8.5,A,-100.0
7606,low,1,0.0,3.0,6.0,A,-12.3
7607,high,2,17.0,14.0,4.7,B,-100.0
7608,medium,0,30.0,6.0,3.5,C,-100.0
7609,low,3,15.0,2.0,2.2,A,-100.0
7610,high,0,7.0,4.0,7.6,A,-100.0
7611,medium,2,12.0,15.0,8.3,A,-7.4
7612,none,2,8.0,1.0,9.2,A,-100.0
7613,medium,1,11.0,19.0,5.0,A,1.1
7614,high,2,4.0,7.0,9.0,A,-12.5
7615,medium,0,6.0,21.0,6.0,C,14.7
7616,low,3,6.0,0.0,9.5,A,-100.0
7617,low,0,18.0,14.0,3.9,C,-100.0
7618,medium,0,27.0,28.0,8.6,C,-6.0
7619,medium,1,17.0,18.0,7.2,A,-10.4
7620,low,1,19.0,2.0,3.3,A,-100.0
7621,low,2,8.0,4.0,7.7,C,-100.0
7622,none,1,14.0,28.0,1.2,A,12.7
7623,medium,2,11.0,8.0,9.9,A,-19.6
7624,medium,1,24.0,9.0,7.3,C,-100.0
7625,low,1,7.0,6.0,9.0,A,-16.8
7626,high,0,33.0,1.0,2.1,A,-100.0
7627,medium,1,3.0,15.0,5.6,A,7.0
7628,low,0,13.0,39.0,2.8,C,15.0
7629,high,2,8.0,10.0,1.0,C,-17.2
7630,high,1,14.0,0.0,9.9,A,-100.0
7631,low,0,6.0,9.0,1.5,D,-12.4
7632,high,0,17.0,0.0,9.4,D,-100.0
7633,low,2,15.0,11.0,9.0,C,-100.0
7634,low,2,9.0,12.0,1.2,A,-11.7
7635,medium,2,12.0,9.0,8.5,A,-19.9
7636,none,0,8.0,3.0,1.2,C,-100.0
7637,none,1,1.0,5.0,7.2,D,-9.9
7638,low,0,6.0,18.0,6.5,B,9.0
7639,medium,2,6.0,3.0,9.6,C,-100.0
7640,none,3,7.0,50.0,9.0,A,15.0
7641,high,2,2.0,22.0,3.6,A,15.0
7642,high,0,31.0,7.0,2.9,B,-100.0
7643,medium,2,5.0,4.0,6.3,A,-19.3
7644,low,1,10.0,7.0,6.5,A,-100.0
7645,high,2,1.0,19.0,2.0,A,14.4
7646,,0,9.0,10.0,9.9,A,-11.9
7647,high,1,17.0,21.0,9.7,A,-5.4
7648,low,2,13.0,50.0,2.8,C,15.0
7649,none,0,4.0,2.0,2.6,A,-100.0
7650,none,0,9.0,30.0,5.3,A,15.0
7651,none,0,15.0,9.0,8.5,B,-100.0
7652,high,2,13.0,6.0,3.6,C,-100.0
7653,medium,2,9.0,3.0,2.2,A,-100.0
7654,high,1,4.0,9.0,5.0,A,-10.2
7655,medium,3,15.0,5.0,7.0,A,-100.0
7656,low,1,18.0,7.0,8.4,C,-100.0
7657,none,0,14.0,14.0,8.6,C,-12.9
7658,low,1,1.0,3.0,6.6,A,-13.8
7659,low,0,6.0,14.0,8.8,A,1.8
7660,low,2,6.0,26.0,9.4,A,15.0
7661,low,3,1.0,4.0,7.4,A,-11.5
7662,none,4,26.0,9.0,8.7,A,-100.0
7663,high,2,4.0,7.0,1.7,A,-16.2
7664,none,1,3.0,22.0,2.0,C,15.0
7665,low,3,10.0,23.0,2.3,B,10.1
7666,high,1,7.0,5.0,9.9,C,-100.0
7667,low,2,11.0,2.0,3.6,A,-100.0
7668,medium,2,3.0,6.0,9.7,A,-9.9
7669,low,0,13.0,2.0,1.5,C,-100.0
7670,low,0,6.0,13.0,4.5,C,-2.5
7671,low,0,24.0,9.0,8.5,C,-100.0
7672,,2,7.0,12.0,8.7,A,-5.0
7673,high,2,6.0,6.0,2.1,A,-100.0
7674,high,1,18.0,0.0,5.1,A,-100.0
7675,low,0,6.0,9.0,2.3,A,-12.0
7676,low,1,12.0,1.0,3.6,A,-100.0
7677,medium,4,2.0,15.0,9.8,D,10.6
7678,none,1,8.0,2.0,4.5,A,-100.0
7679,low,2,5.0,24.0,7.6,C,15.0
7680,high,1,3.0,6.0,3.9,A,-15.3
7681,,2,6.0,6.0,3.5,A,-18.5
7682,high,0,22.0,50.0,6.3,C,15.0
7683,medium,1,12.0,12.0,8.6,A,-13.5
7684,none,1,5.0,0.0,6.8,A,-100.0
7685,low,3,14.0,7.0,7.8,A,-100.0
7686,low,3,1.0,10.0,5.3,A,0.1
7687,medium,4,4.0,30.0,2.0,C,15.0
7688,low,3,24.0,11.0,8.4,C,-100.0
7689,none,2,8.0,19.0,9.5,A,8.3
7690,high,3,14.0,5.0,5.4,C,-100.0
7691,medium,1,13.0,7.0,9.0,A,-100.0
7692,medium,0,20.0,50.0,3.4,A,15.0
7693,medium,1,25.0,16.0,7.8,A,-100.0
7694,low,3,18.0,4.0,4.5,A,-100.0
7695,medium,2,3.0,6.0,2.3,A,-13.6
7696,low,3,31.0,7.0,,D,
7697,medium,2,5.0,5.0,4.3,C,-18.2
7698,low,2,13.0,0.0,4.7,B,-100.0
7699,low,0,7.0,4.0,1.1,A,-100.0
7700,low,0,13.0,19.0,8.8,A,0.0
7701,high,0,8.0,1.0,2.1,A,-100.0
7702,high,1,3.0,1.0,,D,
7703,none,0,2.0,17.0,9.7,A,14.9
7704,low,2,9.0,4.0,9.5,C,-100.0
7705,low,3,3.0,15.0,8.9,C,8.9
7706,medium,2,13.0,3.0,4.4,D,-100.0
7707,high,0,4.0,11.0,6.9,A,-5.0
7708,medium,4,31.0,5.0,5.6,C,-100.0
7709,none,0,5.0,8.0,4.9,A,-11.6
7710,high,1,10.0,17.0,9.2,A,-1.8
7711,medium,2,9.0,16.0,8.3,C,-0.1
7712,high,1,40.0,5.0,2.4,A,-100.0
7713,high,0,6.0,2.0,3.8,A,-100.0
7714,high,1,10.0,11.0,9.7,C,-14.2
7715,medium,0,6.0,9.0,9.0,A,-9.0
7716,high,0,5.0,3.0,4.4,C,-100.0
7717,low,1,19.0,2.0,5.5,A,-100.0
7718,high,2,19.0,17.0,2.0,A,-100.0
7719,medium,0,35.0,0.0,1.3,A,-100.0
7720,low,1,34.0,1.0,9.6,A,-100.0
7721,high,1,6.0,9.0,9.6,C,-11.4
7722,medium,0,23.0,30.0,2.1,A,1.9
7723,low,1,4.0,17.0,8.7,A,11.4
7724,low,2,7.0,1.0,10.0,C,-100.0
7725,medium,1,5.0,2.0,5.8,D,-100.0
7726,high,3,14.0,5.0,9.1,A,-100.0
7727,medium,1,28.0,3.0,6.8,D,-100.0
7728,high,0,16.0,8.0,5.1,A,-100.0
7729,low,0,31.0,14.0,8.1,B,-100.0
7730,medium,4,5.0,7.0,7.3,A,-12.7
7731,high,2,8.0,27.0,4.2,C,15.0
7732,low,2,20.0,36.0,5.8,A,15.0
7733,medium,0,28.0,1.0,8.8,A,-100.0
7734,high,2,0.0,0.0,9.4,C,-100.0
7735,high,2,2.0,50.0,8.1,C,15.0
7736,medium,3,5.0,9.0,2.1,A,-11.0
7737,low,4,11.0,20.0,4.5,C,3.1
7738,medium,2,11.0,11.0,6.3,A,-15.1
7739,low,3,14.0,30.0,2.6,A,15.0
7740,low,3,15.0,6.0,1.3,A,-100.0
7741,high,2,8.0,28.0,2.1,A,15.0
7742,none,3,11.0,2.0,1.0,A,-100.0
7743,medium,1,7.0,20.0,2.4,A,8.9
7744,none,0,3.0,16.0,9.7,A,11.1
7745,high,1,25.0,7.0,1.4,A,-100.0
7746,high,0,16.0,13.0,4.4,C,-100.0
7747,medium,1,15.0,13.0,5.6,C,-18.2
7748,medium,4,12.0,3.0,4.5,A,-100.0
7749,high,2,3.0,21.0,3.1,A,15.0
7750,low,2,22.0,2.0,2.3,A,-100.0
7751,none,2,3.0,6.0,2.0,C,-14.0
7752,low,3,12.0,16.0,7.9,A,-5.3
7753,medium,2,12.0,22.0,9.1,D,7.7
7754,,1,10.0,0.0,2.0,C,-100.0
7755,none,0,22.0,19.0,3.1,B,-19.2
7756,medium,1,1.0,5.0,7.5,A,-9.5
7757,high,4,9.0,0.0,8.8,D,-100.0
7758,none,3,9.0,5.0,8.4,B,-100.0
7759,low,1,4.0,23.0,8.6,A,15.0
7760,high,1,12.0,14.0,4.9,A,-13.8
7761,none,3,4.0,24.0,5.8,B,15.0
7762,high,1,7.0,11.0,6.1,A,-10.7
7763,high,3,5.0,24.0,1.4,B,15.0
7764,high,3,7.0,20.0,8.7,C,9.3
7765,high,1,13.0,13.0,3.2,A,-18.5
7766,low,0,3.0,3.0,1.3,A,-19.8
7767,none,2,9.0,0.0,9.9,A,-100.0
7768,high,2,5.0,5.0,9.5,A,-18.2
7769,none,2,7.0,14.0,9.9,B,-0.2
7770,medium,2,6.0,10.0,7.6,A,-7.8
7771,medium,2,3.0,6.0,3.6,A,-13.0
7772,medium,1,21.0,2.0,9.6,A,-100.0
7773,medium,2,7.0,5.0,10.0,A,-18.9
7774,low,1,15.0,9.0,3.8,A,-100.0
7775,high,1,3.0,21.0,7.3,A,15.0
7776,high,0,2.0,13.0,6.0,A,2.3
7777,high,2,20.0,10.0,9.0,B,-100.0
7778,high,1,12.0,4.0,6.4,A,-100.0
7779,low,0,9.0,24.0,8.8,A,15.0
7780,low,1,12.0,4.0,6.9,A,-100.0
7781,medium,0,9.0,8.0,7.6,D,-17.1
7782,low,1,5.0,0.0,4.9,A,-100.0
7783,low,2,7.0,1.0,9.6,B,-100.0
7784,high,3,14.0,5.0,3.0,A,-100.0
7785,high,2,8.0,0.0,8.5,A,-100.0
7786,medium,2,3.0,47.0,3.4,A,15.0
7787,none,0,2.0,1.0,1.8,A,-100.0
7788,medium,1,12.0,6.0,8.9,A,-100.0
7789,low,1,11.0,23.0,4.6,B,9.7
7790,low,2,1.0,13.0,2.4,A,5.0
7791,none,1,10.0,1.0,6.7,B,-100.0
7792,none,0,5.0,11.0,6.9,A,-4.3
7793,low,1,4.0,1.0,1.4,A,-100.0
7794,medium,2,3.0,1.0,8.5,C,-100.0
7795,low,2,11.0,14.0,7.2,A,-8.0
7796,high,2,5.0,24.0,8.5,B,15.0
7797,none,0,4.0,2.0,6.0,C,-100.0
7798,low,4,1.0,21.0,6.9,B,15.0
7799,medium,0,8.0,18.0,9.0,A,6.4
7800,high,1,19.0,3.0,8.2,D,-100.0
7801,none,2,4.0,35.0,2.2,C,15.0
7802,medium,1,13.0,41.0,8.1,A,15.0
7803,low,0,23.0,4.0,6.2,C,-100.0
7804,low,1,7.0,6.0,1.6,C,-100.0
7805,low,2,8.0,13.0,2.7,A,-7.1
7806,none,2,14.0,12.0,8.5,C,-17.4
7807,low,2,7.0,10.0,8.3,B,-8.8
7808,high,0,21.0,6.0,6.2,A,-100.0
7809,high,1,6.0,7.0,3.4,A,-18.7
7810,medium,3,7.0,25.0,9.7,C,15.0
7811,high,3,7.0,37.0,9.7,C,15.0
7812,low,2,4.0,22.0,4.8,A,15.0
7813,low,0,17.0,2.0,8.5,A,-100.0
7814,low,0,1.0,19.0,,A,
7815,high,3,5.0,20.0,6.7,A,11.8
7816,high,2,8.0,0.0,9.9,B,-100.0
7817,none,3,4.0,1.0,2.3,A,-100.0
7818,high,3,5.0,16.0,9.4,C,4.7
7819,high,2,20.0,12.0,1.7,B,-100.0
7820,high,0,14.0,8.0,8.9,A,-100.0
7821,high,2,17.0,4.0,7.8,A,-100.0
7822,none,0,8.0,34.0,5.1,D,15.0
7823,medium,1,4.0,4.0,2.3,A,-19.5
7824,high,0,5.0,15.0,1.5,A,-1.0
7825,medium,0,7.0,50.0,8.6,A,15.0
7826,high,2,28.0,19.0,3.3,C,-100.0
7827,low,4,29.0,17.0,9.4,A,-100.0
7828,medium,2,5.0,31.0,2.5,A,15.0
7829,high,1,14.0,5.0,5.0,A,-100.0
7830,medium,0,6.0,3.0,3.9,A,-100.0
7831,medium,0,6.0,22.0,5.4,A,15.0
7832,high,2,26.0,22.0,8.7,A,-19.7
7833,low,3,6.0,3.0,9.8,A,-100.0
7834,none,1,18.0,25.0,9.8,B,3.7
7835,none,2,4.0,22.0,7.5,A,15.0
7836,low,1,8.0,2.0,2.7,B,-100.0
7837,medium,2,21.0,30.0,2.0,A,5.2
7838,low,1,16.0,34.0,6.1,C,15.0
7839,high,1,4.0,2.0,8.7,A,-100.0
7840,high,0,12.0,16.0,7.8,A,-8.0
7841,none,1,24.0,12.0,5.3,A,-100.0
7842,medium,2,8.0,1.0,5.9,C,-100.0
7843,low,2,7.0,10.0,7.1,A,-9.4
7844,low,1,19.0,27.0,1.5,A,2.6
7845,high,3,6.0,10.0,8.6,C,-10.0
7846,medium,2,8.0,2.0,6.4,D,-100.0
7847,high,1,23.0,16.0,5.7,A,-100.0
7848,low,1,11.0,2.0,8.9,A,-100.0
7849,none,0,13.0,8.0,7.0,B,-100.0
7850,none,0,15.0,36.0,3.8,C,15.0
7851,high,2,17.0,11.0,8.5,D,-100.0
7852,low,1,9.0,4.0,9.3,B,-100.0
7853,low,0,9.0,22.0,6.3,C,12.1
7854,low,2,3.0,3.0,2.9,A,-19.2
7855,high,0,8.0,1.0,1.3,A,-100.0
7856,medium,2,4.0,20.0,3.9,C,14.8
7857,none,3,8.0,0.0,9.1,D,-100.0
7858,low,1,13.0,36.0,8.2,C,15.0
7859,low,0,1.0,4.0,5.9,A,-11.9
7860,low,2,6.0,5.0,9.4,A,-17.0
7861,medium,2,7.0,2.0,5.2,A,-100.0
7862,none,0,6.0,27.0,5.2,A,15.0
7863,medium,2,5.0,13.0,9.6,A,1.3
7864,none,1,7.0,18.0,3.3,C,5.0
7865,high,4,6.0,6.0,6.2,A,-19.7
7866,high,3,7.0,9.0,9.0,C,-13.7
7867,low,0,4.0,7.0,5.3,C,-11.2
7868,high,1,6.0,4.0,8.7,A,-100.0
7869,low,4,4.0,1.0,8.6,A,-100.0
7870,,4,8.0,13.0,8.1,A,-5.2
7871,medium,0,6.0,4.0,9.1,A,-19.5
7872,low,2,17.0,9.0,7.9,A,-100.0
7873,none,1,13.0,7.0,2.5,C,-100.0
7874,medium,1,11.0,8.0,6.6,A,-100.0
7875,low,0,15.0,13.0,5.0,A,-18.0
7876,none,4,20.0,13.0,6.2,A,-100.0
7877,high,3,10.0,24.0,8.6,D,12.4
7878,none,1,7.0,4.0,5.0,D,-100.0
7879,high,1,9.0,3.0,9.6,A,-100.0
7880,high,3,4.0,10.0,8.2,A,-6.7
7881,low,1,24.0,6.0,2.6,D,-100.0
7882,high,0,8.0,10.0,1.2,A,-16.9
7883,low,4,7.0,21.0,3.0,A,11.4
7884,low,2,4.0,10.0,8.2,A,-3.6
7885,low,1,8.0,23.0,8.9,A,15.0
7886,low,0,23.0,0.0,3.8,B,-100.0
7887,high,1,8.0,26.0,4.8,C,15.0
7888,high,3,13.0,26.0,5.0,C,9.5
7889,none,0,20.0,14.0,8.3,A,-100.0
7890,none,1,15.0,11.0,9.6,A,-100.0
7891,high,4,28.0,12.0,5.0,A,-100.0
7892,high,0,6.0,2.0,2.4,A,-100.0
7893,low,1,10.0,0.0,1.1,A,-100.0
7894,medium,1,,18.0,9.4,C,
7895,high,0,3.0,1.0,6.9,D,-100.0
7896,high,3,9.0,31.0,8.2,A,15.0
7897,high,2,6.0,9.0,2.4,A,-15.1
7898,low,1,11.0,7.0,8.2,C,-100.0
7899,none,1,23.0,16.0,9.0,B,-100.0
7900,none,0,38.0,4.0,3.6,C,-100.0
7901,,0,13.0,8.0,2.0,A,-100.0
7902,low,5,25.0,5.0,2.2,A,-100.0
7903,high,2,11.0,40.0,8.6,C,15.0
7904,low,0,38.0,2.0,9.9,A,-100.0
7905,low,3,12.0,1.0,9.4,A,-100.0
7906,medium,0,29.0,9.0,3.6,A,-100.0
7907,medium,2,6.0,8.0,3.4,C,-14.1
7908,high,0,3.0,5.0,2.9,A,-17.8
7909,low,0,6.0,24.0,9.8,A,15.0
7910,none,2,1.0,8.0,1.1,A,-6.7
7911,low,2,9.0,13.0,7.0,B,-6.7
7912,medium,1,7.0,22.0,5.9,A,14.9
7913,low,1,24.0,6.0,6.5,B,-100.0
7914,medium,1,4.0,0.0,8.8,A,-100.0
7915,high,1,8.0,11.0,5.6,A,-12.7
7916,medium,2,10.0,12.0,7.3,C,-10.7
7917,low,1,20.0,9.0,8.2,A,-100.0
7918,none,1,5.0,10.0,9.1,B,-5.4
7919,high,0,4.0,14.0,8.7,C,2.2
7920,low,3,7.0,21.0,2.9,C,11.5
7921,low,2,14.0,8.0,9.3,A,-100.0
7922,high,0,7.0,15.0,2.0,C,-4.3
7923,medium,0,5.0,21.0,2.0,B,14.5
7924,high,3,5.0,40.0,8.8,C,15.0
7925,high,2,8.0,20.0,9.8,A,8.2
7926,high,1,4.0,31.0,8.0,D,15.0
7927,none,2,7.0,0.0,2.6,A,-100.0
7928,none,1,3.0,23.0,1.6,A,15.0
7929,medium,1,1.0,4.0,2.3,A,-14.2
7930,low,3,7.0,4.0,7.0,A,-100.0
7931,low,1,32.0,3.0,9.4,A,-100.0
7932,none,2,9.0,34.0,8.4,B,15.0
7933,medium,1,8.0,21.0,4.1,A,10.1
7934,medium,4,24.0,33.0,9.8,A,9.9
7935,medium,3,5.0,4.0,5.5,A,-19.8
7936,low,1,4.0,0.0,9.2,A,-100.0
7937,medium,1,13.0,33.0,1.4,A,15.0
7938,medium,0,9.0,23.0,9.9,B,15.0
7939,low,0,,12.0,3.7,C,
7940,medium,2,7.0,9.0,3.1,D,-13.9
7941,high,2,16.0,1.0,9.8,C,-100.0
7942,low,1,8.0,13.0,9.0,A,-3.8
7943,low,4,9.0,10.0,6.4,A,-13.5
7944,high,2,9.0,4.0,9.7,A,-100.0
7945,low,2,6.0,17.0,9.7,B,8.3
7946,high,1,10.0,23.0,9.7,A,11.0
7947,high,3,5.0,4.0,5.3,D,-100.0
7948,medium,3,4.0,18.0,2.8,A,10.0
7949,low,2,3.0,10.0,9.1,A,-1.4
7950,none,0,11.0,10.0,8.7,A,-16.0
7951,none,1,16.0,0.0,8.5,C,-100.0
7952,low,0,7.0,10.0,6.3,C,-9.6
7953,medium,1,12.0,2.0,3.5,C,-100.0
7954,high,3,13.0,0.0,8.6,A,-100.0
7955,low,4,3.0,4.0,4.4,A,-16.6
7956,medium,0,6.0,7.0,3.6,C,-15.9
7957,medium,0,5.0,34.0,5.8,A,15.0
7958,medium,0,4.0,4.0,3.6,C,-18.7
7959,high,1,3.0,21.0,1.8,C,15.0
7960,low,2,5.0,4.0,8.5,A,-17.8
7961,none,3,7.0,17.0,3.5,B,2.8
7962,none,2,13.0,7.0,9.8,C,-100.0
7963,none,1,7.0,7.0,10.0,C,-14.8
7964,medium,3,7.0,5.0,8.7,A,-19.6
7965,medium,2,6.0,7.0,1.8,C,-17.0
7966,medium,0,6.0,21.0,9.9,C,15.0
7967,high,2,4.0,4.0,5.1,A,-100.0
7968,high,0,14.0,24.0,8.1,A,5.4
7969,medium,0,1.0,36.0,2.8,D,15.0
7970,medium,3,13.0,3.0,1.5,A,-100.0
7971,low,0,18.0,6.0,9.0,A,-100.0
7972,low,2,10.0,22.0,6.9,A,10.4
7973,low,1,4.0,5.0,1.3,A,-17.5
7974,high,3,3.0,15.0,9.9,A,6.4
7975,,6,20.0,1.0,2.6,A,-100.0
7976,none,1,9.0,2.0,3.9,A,-100.0
7977,high,1,9.0,16.0,2.3,C,-5.6
7978,none,2,9.0,26.0,9.3,A,15.0
7979,medium,0,6.0,4.0,9.7,A,-19.2
7980,medium,1,9.0,6.0,1.3,A,-100.0
7981,low,1,7.0,7.0,1.9,B,-18.2
7982,low,2,12.0,11.0,5.6,A,-16.8
7983,none,1,9.0,2.0,4.0,A,-100.0
7984,high,4,11.0,33.0,6.8,B,15.0
7985,medium,0,0.0,13.0,6.8,B,8.8
7986,none,1,7.0,8.0,8.9,A,-13.2
7987,high,1,9.0,3.0,8.3,D,-100.0
7988,low,1,6.0,9.0,8.5,A,-9.0
7989,high,1,7.0,11.0,8.8,A,-9.4
7990,low,1,7.0,2.0,8.4,A,-100.0
7991,high,1,12.0,1.0,2.3,A,-100.0
7992,low,3,7.0,1.0,9.0,A,-100.0
7993,medium,2,7.0,15.0,5.0,B,-0.3
7994,medium,2,2.0,28.0,7.8,B,15.0
7995,low,3,6.0,9.0,9.2,A,-8.8
7996,high,3,16.0,1.0,8.8,B,-100.0
7997,low,0,11.0,13.0,5.1,A,-10.9
7998,medium,0,14.0,3.0,6.1,A,-100.0
7999,high,1,5.0,8.0,2.6,A,-15.3
8000,none,1,5.0,1.0,8.0,A,-100.0
8001,high,0,14.0,4.0,2.0,A,-100.0
8002,none,1,2.0,7.0,1.1,D,-10.5
8003,none,3,24.0,9.0,8.3,D,-100.0
8004,medium,1,18.0,3.0,9.6,A,-100.0
8005,none,2,18.0,1.0,9.0,C,-100.0
8006,medium,2,7.0,13.0,7.4,B,-3.3
8007,low,2,9.0,7.0,4.0,A,-100.0
8008,low,0,7.0,3.0,9.0,B,-100.0
8009,high,3,6.0,1.0,9.4,C,-100.0
8010,low,1,8.0,15.0,2.0,A,-3.1
8011,none,3,40.0,10.0,8.3,A,-100.0
8012,medium,1,29.0,14.0,7.9,B,-100.0
8013,high,3,11.0,2.0,8.8,A,-100.0
8014,high,1,39.0,41.0,8.4,A,-2.6
8015,none,2,5.0,22.0,8.9,A,15.0
8016,high,0,26.0,0.0,2.0,A,-100.0
8017,high,3,2.0,4.0,8.5,B,-15.7
8018,none,0,6.0,3.0,6.6,C,-100.0
8019,medium,3,13.0,17.0,9.2,C,-4.7
8020,high,1,4.0,2.0,6.5,A,-100.0
8021,high,1,16.0,6.0,4.1,A,-100.0
8022,medium,3,3.0,44.0,5.5,A,15.0
8023,high,2,6.0,0.0,8.4,A,-100.0
8024,high,1,7.0,3.0,3.4,A,-100.0
8025,none,2,7.0,28.0,6.5,C,15.0
8026,none,1,4.0,1.0,4.2,A,-100.0
8027,low,1,10.0,1.0,7.5,A,-100.0
8028,high,1,8.0,6.0,8.5,C,-100.0
8029,high,1,4.0,3.0,8.3,C,-100.0
8030,low,3,23.0,3.0,8.9,A,-100.0
8031,medium,2,4.0,1.0,4.8,A,-100.0
8032,low,3,13.0,25.0,8.9,A,12.4
8033,low,1,2.0,31.0,3.8,A,15.0
8034,high,1,18.0,2.0,8.9,D,-100.0
8035,high,1,15.0,16.0,6.5,A,-14.0
8036,none,1,5.0,1.0,9.8,A,-100.0
8037,high,2,4.0,9.0,8.2,B,-8.7
8038,low,5,17.0,7.0,8.8,A,-100.0
8039,none,2,5.0,10.0,4.2,A,-8.0
8040,none,2,6.0,15.0,2.7,A,0.0
8041,none,2,9.0,16.0,9.1,B,0.1
8042,medium,0,10.0,28.0,6.2,A,15.0
8043,high,2,,28.0,9.5,C,
8044,low,2,8.0,1.0,6.3,B,-100.0
8045,high,3,40.0,12.0,6.4,A,-100.0
8046,medium,3,5.0,9.0,8.2,A,-8.0
8047,low,0,7.0,20.0,9.1,A,12.8
8048,high,1,31.0,5.0,3.5,A,-100.0
8049,low,3,7.0,50.0,8.9,C,15.0
8050,low,3,18.0,0.0,5.0,B,-100.0
8051,medium,2,5.0,5.0,1.2,A,-19.7
8052,high,0,11.0,6.0,5.7,A,-100.0
8053,medium,3,25.0,50.0,6.1,A,15.0
8054,none,1,9.0,15.0,9.0,B,-2.0
8055,low,0,16.0,2.0,5.8,C,-100.0
8056,medium,0,2.0,50.0,8.7,A,15.0
8057,high,0,11.0,18.0,7.7,A,-2.1
8058,none,0,2.0,8.0,6.8,A,-5.4
8059,low,2,17.0,3.0,1.9,A,-100.0
8060,low,0,10.0,2.0,6.7,C,-100.0
8061,none,2,29.0,1.0,2.4,A,-100.0
8062,medium,4,18.0,15.0,9.1,A,-17.7
8063,high,2,3.0,9.0,5.5,C,-8.3
8064,medium,4,6.0,5.0,9.6,B,-17.5
8065,low,0,12.0,32.0,8.1,C,15.0
8066,high,1,24.0,4.0,8.6,C,-100.0
8067,high,3,4.0,15.0,5.5,D,2.4
8068,medium,1,9.0,19.0,3.5,A,3.9
8069,medium,1,6.0,5.0,2.7,C,-100.0
8070,medium,2,11.0,12.0,2.2,C,-15.0
8071,medium,0,8.0,2.0,1.5,A,-100.0
8072,medium,1,4.0,6.0,9.0,A,-11.9
8073,medium,0,4.0,50.0,7.7,A,15.0
8074,high,2,10.0,26.0,2.9,B,13.8
8075,low,1,14.0,19.0,9.9,C,-1.3
8076,high,0,,8.0,1.4,C,
8077,high,1,10.0,22.0,5.3,B,6.7
8078,low,3,4.0,14.0,6.4,A,3.8
8079,low,2,4.0,17.0,9.0,D,11.5
8080,low,2,12.0,0.0,9.8,A,-100.0
8081,high,3,30.0,31.0,9.1,A,-7.7
8082,high,0,6.0,7.0,6.8,A,-16.9
8083,low,1,11.0,11.0,2.4,C,-16.6
8084,none,4,4.0,1.0,9.9,A,-100.0
8085,medium,2,30.0,6.0,2.4,A,-100.0
8086,high,1,14.0,16.0,8.6,A,-11.2
8087,low,1,1.0,17.0,9.8,A,15.0
8088,none,1,17.0,1.0,8.5,A,-100.0
8089,medium,1,18.0,17.0,6.5,A,-14.6
8090,low,1,19.0,3.0,4.5,A,-100.0
8091,medium,1,11.0,2.0,1.7,C,-100.0
8092,medium,3,5.0,0.0,9.1,C,-100.0
8093,high,1,2.0,5.0,9.4,C,-12.9
8094,medium,4,16.0,12.0,2.9,A,-100.0
8095,low,0,12.0,29.0,1.7,C,15.0
8096,low,3,7.0,3.0,3.8,A,-100.0
8097,medium,2,17.0,5.0,3.4,A,-100.0
8098,,0,7.0,1.0,9.2,C,-100.0
8099,low,0,4.0,1.0,8.8,A,-100.0
8100,high,5,8.0,10.0,5.4,A,-15.3
8101,medium,1,15.0,1.0,8.3,A,-100.0
8102,none,1,6.0,26.0,9.8,A,15.0
8103,low,3,21.0,9.0,5.7,C,-100.0
8104,high,0,2.0,5.0,9.8,A,-12.6
8105,low,1,18.0,33.0,1.5,A,15.0
8106,low,3,4.0,3.0,7.2,C,-18.9
8107,none,1,9.0,14.0,8.2,A,-4.5
8108,high,3,7.0,11.0,2.1,B,-12.9
8109,medium,4,18.0,30.0,8.6,D,13.5
8110,low,2,3.0,3.0,5.8,A,-17.8
8111,high,2,17.0,6.0,1.3,C,-100.0
8112,high,0,25.0,9.0,3.7,C,-100.0
8113,high,2,10.0,7.0,2.0,D,-100.0
8114,low,0,36.0,1.0,7.0,D,-100.0
8115,high,2,4.0,11.0,8.9,A,-4.2
8116,medium,0,14.0,7.0,2.3,C,-100.0
8117,high,0,3.0,0.0,9.8,A,-100.0
8118,none,1,10.0,10.0,9.8,A,-13.8
8119,medium,1,10.0,14.0,3.5,B,-8.4
8120,low,1,28.0,0.0,5.2,C,-100.0
8121,low,1,0.0,5.0,,A,
8122,low,2,3.0,3.0,1.0,A,-100.0
8123,low,2,13.0,7.0,4.6,C,-100.0
8124,low,3,4.0,21.0,9.0,A,15.0
8125,medium,0,14.0,3.0,2.9,C,-100.0
8126,medium,3,40.0,8.0,3.0,C,-100.0
8127,medium,3,14.0,38.0,8.6,A,15.0
8128,high,0,35.0,12.0,7.1,C,-100.0
8129,high,1,10.0,9.0,2.4,A,-100.0
8130,medium,2,8.0,22.0,2.7,A,11.5
8131,medium,2,14.0,3.0,6.7,A,-100.0
8132,high,3,6.0,33.0,3.9,A,15.0
8133,medium,3,15.0,30.0,9.6,A,15.0
8134,low,1,24.0,4.0,2.6,B,-100.0
8135,medium,1,9.0,19.0,3.0,A,3.7
8136,none,0,1.0,11.0,9.2,C,3.8
8137,low,2,5.0,2.0,2.2,A,-100.0
8138,low,3,20.0,6.0,2.5,A,-100.0
8139,high,2,3.0,2.0,1.4,A,-100.0
8140,none,2,4.0,8.0,8.2,A,-8.4
8141,none,4,9.0,6.0,8.3,A,-100.0
8142,medium,1,7.0,2.0,9.1,D,-100.0
8143,high,2,12.0,5.0,8.1,A,-100.0
8144,medium,0,13.0,29.0,9.7,A,15.0
8145,medium,1,7.0,9.0,2.8,A,-13.9
8146,medium,1,4.0,14.0,8.7,A,4.7
8147,none,0,12.0,22.0,3.5,A,4.8
8148,low,0,10.0,11.0,4.1,A,-13.9
8149,none,1,6.0,11.0,8.5,C,-5.4
8150,medium,3,15.0,2.0,7.0,B,-100.0
8151,medium,1,11.0,23.0,9.9,A,12.0
8152,low,1,13.0,8.0,2.8,A,-100.0
8153,high,2,9.0,3.0,2.6,A,-100.0
8154,high,0,11.0,8.0,9.5,C,-100.0
8155,medium,1,6.0,15.0,1.1,A,-0.5
8156,low,3,28.0,19.0,1.4,C,-100.0
8157,low,0,15.0,18.0,2.1,A,-8.9
8158,low,2,10.0,20.0,9.8,A,7.7
8159,low,0,7.0,15.0,4.5,A,-0.0
8160,high,0,20.0,26.0,6.0,B,-1.9
8161,high,0,7.0,3.0,9.7,A,-100.0
8162,low,4,20.0,4.0,9.7,C,-100.0
8163,none,0,2.0,2.0,5.8,A,-18.5
8164,medium,0,13.0,4.0,8.8,A,-100.0
8165,none,3,11.0,16.0,1.3,A,-7.4
8166,low,1,7.0,15.0,9.9,B,2.6
8167,medium,3,12.0,25.0,8.8,A,13.7
8168,low,1,7.0,22.0,8.6,A,15.0
8169,none,4,,29.0,6.1,C,
8170,medium,1,2.0,17.0,9.8,C,15.0
8171,medium,0,34.0,4.0,9.3,C,-100.0
8172,medium,1,5.0,24.0,9.4,A,15.0
8173,low,1,9.0,8.0,8.5,A,-16.3
8174,medium,1,4.0,4.0,3.4,B,-18.9
8175,medium,2,7.0,2.0,8.5,C,-100.0
8176,high,0,8.0,23.0,6.8,C,13.2
8177,high,0,2.0,13.0,3.7,C,1.1
8178,low,3,5.0,4.0,1.5,A,-100.0
8179,low,1,2.0,4.0,1.2,D,-16.1
8180,high,1,13.0,6.0,2.4,B,-100.0
8181,high,1,9.0,0.0,6.0,A,-100.0
8182,low,1,4.0,4.0,3.2,C,-18.6
8183,medium,1,17.0,1.0,9.4,C,-100.0
8184,high,1,15.0,5.0,6.7,C,-100.0
8185,low,0,22.0,22.0,3.7,C,-12.0
8186,low,0,0.0,18.0,7.5,C,15.0
8187,low,0,2.0,41.0,8.3,D,15.0
8188,medium,2,5.0,12.0,2.1,B,-4.6
8189,low,2,5.0,24.0,3.1,A,15.0
8190,high,3,15.0,25.0,1.6,C,2.2
8191,none,1,18.0,10.0,3.7,A,-100.0
8192,low,2,9.0,21.0,7.4,D,10.3
8193,high,1,5.0,23.0,1.5,A,15.0
8194,high,0,6.0,12.0,1.4,A,-9.1
8195,high,0,11.0,13.0,3.0,A,-15.0
8196,high,2,20.0,21.0,1.4,B,-14.9
8197,low,0,13.0,11.0,9.3,A,-16.5
8198,low,3,21.0,2.0,8.3,D,-100.0
8199,medium,1,4.0,31.0,2.2,A,15.0
8200,medium,1,3.0,3.0,1.2,C,-100.0
8201,high,1,15.0,22.0,2.5,A,-3.4
8202,low,1,4.0,1.0,9.2,A,-100.0
8203,medium,1,11.0,23.0,,D,
8204,low,0,1.0,3.0,7.7,D,-13.1
8205,medium,1,10.0,12.0,6.9,D,-10.9
8206,medium,0,5.0,8.0,7.1,A,-10.3
8207,medium,0,9.0,2.0,1.2,C,-100.0
8208,low,1,13.0,20.0,8.9,A,2.1
8209,low,2,9.0,5.0,4.5,C,-100.0
8210,high,2,6.0,5.0,9.7,A,-19.9
8211,medium,1,9.0,2.0,6.4,B,-100.0
8212,high,3,7.0,13.0,9.6,A,-5.0
8213,none,5,7.0,5.0,1.8,C,-100.0
8214,,1,18.0,12.0,8.4,A,-100.0
8215,none,2,13.0,3.0,4.1,A,-100.0
8216,none,0,7.0,1.0,9.2,A,-100.0
8217,high,2,7.0,7.0,9.8,A,-17.4
8218,low,1,27.0,8.0,9.6,A,-100.0
8219,low,3,5.0,13.0,9.7,B,1.6
8220,high,0,6.0,4.0,1.6,A,-100.0
8221,medium,3,5.0,12.0,8.5,A,-1.5
8222,low,1,3.0,4.0,,D,
8223,medium,1,7.0,11.0,2.5,A,-9.9
8224,low,2,16.0,26.0,4.4,C,7.1
8225,low,1,7.0,9.0,10.0,C,-10.0
8226,none,2,14.0,5.0,3.8,C,-100.0
8227,high,0,6.0,3.0,2.3,A,-100.0
8228,medium,2,11.0,11.0,2.1,C,-17.2
8229,high,0,7.0,30.0,3.9,D,15.0
8230,low,2,19.0,2.0,3.0,A,-100.0
8231,high,1,17.0,16.0,4.7,A,-18.4
8232,,1,18.0,11.0,8.3,A,-100.0
8233,medium,1,15.0,1.0,4.7,D,-100.0
8234,high,2,15.0,50.0,8.6,B,15.0
8235,high,1,8.0,5.0,1.3,A,-100.0
8236,none,0,11.0,5.0,9.8,D,-100.0
8237,low,1,4.0,21.0,5.0,A,15.0
8238,high,2,2.0,42.0,9.6,D,15.0
8239,low,0,6.0,7.0,3.9,A,-15.4
8240,none,1,19.0,3.0,8.6,B,-100.0
8241,,1,5.0,10.0,9.7,A,-5.1
8242,medium,1,4.0,6.0,3.6,C,-14.6
8243,medium,0,12.0,3.0,8.2,C,
8244,high,2,8.0,6.0,1.4,C,-100.0
8245,high,2,1.0,3.0,8.5,B,-15.9
8246,none,0,13.0,3.0,7.3,A,-100.0
8247,high,1,16.0,41.0,2.9,C,15.0
8248,none,1,5.0,9.0,2.3,A,-10.9
8249,low,0,9.0,19.0,9.9,A,7.6
8250,low,3,5.0,29.0,9.2,A,15.0
8251,medium,3,6.0,26.0,6.7,A,15.0
8252,high,4,6.0,11.0,3.3,C,-10.7
8253,low,2,5.0,0.0,8.3,A,-100.0
8254,medium,4,3.0,5.0,5.6,A,-14.3
8255,low,1,2.0,3.0,8.4,C,-14.6
8256,low,2,5.0,2.0,8.8,A,-100.0
8257,high,2,14.0,2.0,6.3,A,-100.0
8258,medium,1,6.0,30.0,1.5,B,15.0
8259,,0,3.0,6.0,9.4,A,-10.1
8260,low,0,4.0,9.0,8.1,A,-5.6
8261,high,0,9.0,0.0,9.8,B,-100.0
8262,low,1,16.0,25.0,9.5,A,7.6
8263,none,2,3.0,9.0,9.9,A,-3.7
8264,low,0,29.0,29.0,2.4,A,-10.2
8265,none,3,8.0,13.0,8.7,C,-4.8
8266,none,3,4.0,13.0,8.9,A,2.3
8267,medium,0,11.0,50.0,6.6,B,15.0
8268,medium,0,19.0,21.0,5.4,A,-8.4
8269,medium,4,4.0,6.0,7.2,B,-13.1
8270,none,1,8.0,19.0,6.3,C,6.8
8271,high,2,3.0,16.0,2.6,B,4.9
8272,high,2,4.0,21.0,7.9,C,15.0
8273,medium,1,13.0,2.0,8.5,C,-100.0
8274,medium,2,28.0,0.0,1.3,A,-100.0
8275,,2,17.0,0.0,6.9,A,-100.0
8276,none,1,1.0,1.0,3.6,C,-100.0
8277,low,1,4.0,19.0,1.6,A,12.1
8278,low,1,10.0,9.0,7.1,A,-16.7
8279,high,3,5.0,5.0,2.7,B,-100.0
8280,none,2,11.0,9.0,4.7,A,-100.0
8281,medium,1,17.0,0.0,2.6,A,-100.0
8282,medium,1,26.0,12.0,9.1,C,-100.0
8283,medium,4,1.0,19.0,9.4,C,15.0
8284,high,1,11.0,15.0,2.8,D,-11.0
8285,low,0,11.0,40.0,2.5,C,15.0
8286,medium,2,12.0,4.0,2.0,C,-100.0
8287,medium,2,4.0,21.0,9.0,A,15.0
8288,none,2,9.0,11.0,7.6,A,-11.2
8289,none,3,9.0,1.0,7.0,B,-100.0
8290,low,3,20.0,11.0,8.4,A,-100.0
8291,none,2,15.0,0.0,2.9,C,-100.0
8292,low,0,9.0,0.0,9.0,A,-100.0
8293,medium,0,10.0,10.0,9.2,A,-13.8
8294,high,3,12.0,2.0,8.5,A,-100.0
8295,medium,2,17.0,1.0,4.6,A,-100.0
8296,medium,0,9.0,0.0,4.4,A,-100.0
8297,medium,4,5.0,22.0,3.6,A,15.0
8298,low,0,4.0,13.0,5.9,A,1.7
8299,none,3,17.0,3.0,6.4,B,-100.0
8300,low,3,3.0,20.0,8.1,C,15.0
8301,medium,1,21.0,7.0,1.7,A,-100.0
8302,medium,1,2.0,10.0,8.7,A,-0.2
8303,low,2,6.0,16.0,2.5,A,2.6
8304,low,1,9.0,13.0,6.9,A,-6.6
8305,high,1,2.0,20.0,6.1,C,15.0
8306,high,2,23.0,4.0,3.3,A,-100.0
8307,high,3,11.0,7.0,6.2,A,-100.0
8308,low,0,12.0,7.0,5.1,A,-100.0
8309,none,2,8.0,32.0,9.7,A,15.0
8310,medium,2,6.0,3.0,2.7,A,-100.0
8311,medium,3,5.0,8.0,9.0,C,-9.7
8312,high,0,5.0,6.0,8.8,A,-16.3
8313,,0,14.0,12.0,10.0,A,-16.4
8314,low,2,4.0,3.0,6.0,A,-19.4
8315,high,4,4.0,11.0,3.3,A,-7.2
8316,none,3,9.0,13.0,9.5,A,-6.1
8317,none,1,8.0,15.0,9.4,B,-0.0
8318,high,5,5.0,21.0,9.1,A,14.9
8319,low,0,2.0,1.0,9.1,A,-18.4
8320,none,1,6.0,4.0,6.9,A,-100.0
8321,medium,1,5.0,14.0,9.2,A,3.2
8322,high,2,25.0,4.0,7.5,A,-100.0
8323,medium,3,6.0,9.0,5.3,C,-11.2
8324,high,3,2.0,33.0,3.7,A,15.0
8325,none,0,22.0,3.0,8.5,A,-100.0
8326,low,0,3.0,25.0,5.7,A,15.0
8327,low,1,6.0,50.0,5.9,A,15.0
8328,,1,8.0,2.0,2.2,D,-100.0
8329,medium,1,5.0,0.0,7.9,A,-100.0
8330,high,0,12.0,27.0,7.4,A,14.9
8331,none,4,9.0,42.0,4.4,A,15.0
8332,high,2,4.0,31.0,8.2,C,15.0
8333,low,0,3.0,27.0,5.5,A,15.0
8334,none,1,5.0,5.0,6.2,B,-17.4
8335,low,3,7.0,12.0,8.1,A,-4.8
8336,none,0,28.0,15.0,4.9,C,-100.0
8337,none,1,6.0,8.0,9.7,A,-11.1
8338,high,1,8.0,9.0,3.4,A,-18.0
8339,medium,3,5.0,8.0,3.0,A,-12.6
8340,medium,0,4.0,4.0,5.7,A,-17.7
8341,none,0,5.0,2.0,2.3,A,-100.0
8342,high,2,2.0,32.0,7.2,A,15.0
8343,high,2,13.0,3.0,6.3,B,-100.0
8344,low,3,7.0,24.0,3.1,B,15.0
8345,none,0,22.0,11.0,6.0,C,-100.0
8346,low,2,2.0,2.0,4.5,C,-18.8
8347,medium,1,11.0,13.0,1.6,A,-13.2
8348,high,1,1.0,15.0,6.6,D,8.4
8349,none,0,3.0,2.0,9.9,A,-18.2
8350,low,1,5.0,5.0,9.2,C,-15.3
8351,medium,3,3.0,1.0,9.5,A,-100.0
8352,none,4,8.0,47.0,4.5,A,15.0
8353,low,4,6.0,17.0,1.7,B,4.1
8354,low,0,3.0,11.0,8.2,A,0.4
8355,medium,2,0.0,1.0,6.3,A,-16.9
8356,low,1,3.0,5.0,3.3,C,-14.7
8357,high,2,12.0,50.0,6.7,A,15.0
8358,none,1,5.0,22.0,8.5,A,15.0
8359,high,4,23.0,0.0,7.0,A,-100.0
8360,low,1,10.0,9.0,5.1,D,-17.7
8361,low,1,7.0,29.0,2.7,C,15.0
8362,low,0,4.0,35.0,9.2,A,15.0
8363,high,1,26.0,6.0,8.6,C,-100.0
8364,medium,1,11.0,0.0,2.8,B,-100.0
8365,high,1,1.0,13.0,9.0,A,5.4
8366,medium,4,,2.0,9.2,C,
8367,high,0,7.0,5.0,2.9,B,-100.0
8368,medium,1,16.0,17.0,3.9,B,-12.4
8369,none,0,24.0,41.0,6.0,A,15.0
8370,high,0,4.0,4.0,1.8,A,-100.0
8371,none,3,2.0,11.0,8.7,A,1.5
8372,high,2,4.0,8.0,8.2,A,-10.8
8373,none,3,19.0,38.0,1.1,B,15.0
8374,low,2,27.0,8.0,8.3,C,-100.0
8375,medium,2,4.0,1.0,2.3,A,-100.0
8376,high,2,9.0,27.0,7.0,C,15.0
8377,none,3,7.0,30.0,3.3,A,15.0
8378,high,0,26.0,7.0,2.2,C,-100.0
8379,none,2,13.0,25.0,8.6,C,11.7
8380,high,2,4.0,10.0,7.2,C,-7.1
8381,low,3,13.0,3.0,5.1,A,-100.0
8382,high,1,19.0,4.0,6.3,A,-100.0
8383,low,2,,12.0,6.1,C,
8384,high,1,,5.0,2.3,C,
8385,medium,2,21.0,16.0,4.5,A,-100.0
8386,medium,1,18.0,2.0,8.5,B,-100.0
8387,high,1,2.0,19.0,6.5,A,15.0
8388,low,1,26.0,4.0,2.0,B,-100.0
8389,medium,0,14.0,22.0,2.4,A,1.0
8390,high,2,9.0,8.0,7.2,A,-100.0
8391,high,1,5.0,10.0,9.9,C,-7.4
8392,low,2,3.0,43.0,5.7,A,15.0
8393,low,1,4.0,4.0,2.4,B,-19.0
8394,low,1,22.0,6.0,9.7,A,-100.0
8395,low,2,25.0,23.0,4.3,B,-15.0
8396,low,2,8.0,12.0,6.5,C,-7.3
8397,high,3,25.0,18.0,2.4,C,-100.0
8398,none,2,6.0,2.0,7.3,A,-100.0
8399,low,1,1.0,5.0,2.8,A,-11.5
8400,high,0,12.0,5.0,4.9,C,-100.0
8401,low,0,7.0,9.0,1.6,C,-14.1
8402,high,1,3.0,17.0,1.2,A,6.4
8403,high,0,13.0,4.0,3.1,A,-100.0
8404,high,0,10.0,9.0,7.0,A,-19.6
8405,medium,0,2.0,10.0,2.1,C,-3.4
8406,high,2,2.0,1.0,4.6,A,-100.0
8407,medium,0,2.0,10.0,,A,
8408,low,1,4.0,27.0,9.8,A,15.0
8409,high,2,4.0,50.0,6.0,A,15.0
8410,medium,0,9.0,10.0,9.6,A,-11.8
8411,medium,1,8.0,5.0,9.5,A,-100.0
8412,medium,3,16.0,16.0,2.7,A,-15.3
8413,none,4,4.0,7.0,5.0,C,-12.3
8414,low,1,2.0,17.0,9.1,A,15.0
8415,low,0,10.0,2.0,9.9,B,-100.0
8416,high,4,3.0,50.0,6.3,A,15.0
8417,low,4,7.0,4.0,5.2,A,-100.0
8418,none,1,3.0,11.0,7.5,A,-0.6
8419,low,0,10.0,0.0,9.0,A,-100.0
8420,low,1,28.0,18.0,9.2,A,-100.0
8421,high,1,4.0,22.0,8.5,A,15.0
8422,medium,1,5.0,8.0,2.2,B,-12.8
8423,high,2,4.0,19.0,5.0,A,10.7
8424,medium,1,9.0,23.0,7.0,A,14.0
8425,none,3,16.0,7.0,9.0,A,-100.0
8426,high,3,4.0,22.0,2.8,A,15.0
8427,high,1,24.0,8.0,4.4,A,-100.0
8428,low,1,19.0,24.0,2.2,B,-3.4
8429,medium,1,12.0,10.0,8.8,A,-17.6
8430,none,3,19.0,25.0,4.7,A,-0.8
8431,high,3,16.0,4.0,3.7,C,-100.0
8432,high,1,5.0,32.0,9.5,A,15.0
8433,high,0,12.0,9.0,4.4,C,-100.0
8434,high,5,6.0,32.0,1.2,A,15.0
8435,low,0,3.0,13.0,2.6,D,1.8
8436,medium,2,3.0,3.0,8.7,B,-16.7
8437,high,2,7.0,6.0,7.7,C,-100.0
8438,high,3,7.0,14.0,9.3,A,-3.0
8439,none,0,4.0,0.0,8.3,C,-100.0
8440,high,2,23.0,5.0,9.5,C,-100.0
8441,medium,1,1.0,2.0,9.0,D,-15.1
8442,medium,2,9.0,16.0,4.5,C,-2.0
8443,none,1,9.0,4.0,3.1,A,-100.0
8444,low,1,4.0,39.0,9.5,A,15.0
8445,medium,5,9.0,17.0,9.8,A,2.4
8446,medium,3,2.0,8.0,2.8,D,-7.5
8447,high,1,3.0,2.0,2.6,A,-100.0
8448,high,2,2.0,11.0,2.2,A,-4.0
8449,high,2,8.0,22.0,9.5,A,12.2
8450,medium,1,9.0,9.0,8.6,A,-14.5
8451,medium,2,7.0,4.0,8.6,A,-100.0
8452,medium,1,3.0,2.0,1.8,B,-100.0
8453,medium,1,7.0,23.0,3.0,A,15.0
8454,low,0,5.0,22.0,5.3,A,15.0
8455,low,2,21.0,29.0,8.1,C,6.5
8456,high,1,11.0,20.0,7.2,A,1.7
8457,medium,1,9.0,7.0,2.2,C,-100.0
8458,none,3,16.0,12.0,8.7,A,-100.0
8459,none,2,4.0,12.0,7.4,C,-0.4
8460,none,1,17.0,3.0,7.7,A,-100.0
8461,medium,4,8.0,5.0,8.2,C,-100.0
8462,low,3,7.0,9.0,4.8,A,-12.8
8463,medium,1,7.0,12.0,3.5,B,-7.3
8464,none,0,9.0,3.0,5.6,B,-100.0
8465,high,2,3.0,11.0,3.4,A,-5.2
8466,low,1,23.0,23.0,9.2,A,-9.0
8467,high,2,5.0,2.0,4.6,A,-100.0
8468,medium,4,6.0,5.0,9.2,A,-17.7
8469,none,0,3.0,0.0,6.3,C,-100.0
8470,medium,4,2.0,30.0,9.1,A,15.0
8471,none,1,5.0,3.0,9.6,C,-19.9
8472,low,2,19.0,21.0,6.6,B,-7.6
8473,high,3,2.0,2.0,8.4,C,-19.9
8474,high,1,2.0,18.0,2.5,A,10.9
8475,medium,1,12.0,50.0,5.2,A,15.0
8476,high,2,16.0,14.0,5.2,A,-100.0
8477,high,1,21.0,11.0,3.1,C,-100.0
8478,high,1,38.0,2.0,4.1,A,-100.0
8479,low,2,16.0,35.0,6.7,A,15.0
8480,high,0,5.0,26.0,9.0,A,15.0
8481,none,0,8.0,2.0,8.3,C,-100.0
8482,none,0,20.0,8.0,9.3,C,-100.0
8483,low,1,14.0,10.0,9.6,A,-100.0
8484,low,2,7.0,50.0,4.1,A,15.0
8485,low,0,5.0,39.0,7.8,A,15.0
8486,low,2,8.0,5.0,2.6,A,-100.0
8487,low,1,4.0,2.0,3.7,A,-100.0
8488,low,2,15.0,23.0,9.2,C,4.9
8489,low,3,20.0,1.0,1.3,A,-100.0
8490,none,2,15.0,4.0,9.4,A,-100.0
8491,medium,1,9.0,17.0,2.1,C,-1.0
8492,high,1,2.0,20.0,8.9,A,15.0
8493,high,2,23.0,4.0,1.2,A,-100.0
8494,high,3,28.0,13.0,10.0,C,-100.0
8495,medium,0,7.0,8.0,4.9,B,-14.9
8496,medium,3,14.0,1.0,4.3,D,-100.0
8497,none,3,11.0,1.0,3.6,B,-100.0
8498,high,1,5.0,6.0,1.0,A,-100.0
8499,high,1,17.0,8.0,3.3,A,-100.0
8500,medium,2,6.0,7.0,3.9,A,-15.9
8501,low,1,12.0,19.0,9.3,A,1.9
8502,high,3,4.0,7.0,2.7,A,-15.8
8503,low,0,5.0,3.0,4.5,C,-100.0
8504,high,0,5.0,21.0,3.7,A,12.7
8505,low,0,,50.0,6.0,C,
8506,none,2,21.0,13.0,1.4,A,-100.0
8507,medium,1,22.0,21.0,9.0,A,-11.9
8508,low,1,9.0,3.0,9.5,A,-100.0
8509,none,3,6.0,40.0,9.0,B,15.0
8510,low,2,15.0,11.0,9.4,A,-100.0
8511,high,3,18.0,18.0,2.8,A,-17.1
8512,,7,2.0,13.0,9.3,C,5.6
8513,,2,1.0,1.0,9.6,A,-17.2
8514,high,3,3.0,33.0,1.4,C,15.0
8515,low,1,6.0,1.0,7.6,B,-100.0
8516,high,1,17.0,1.0,2.6,C,-100.0
8517,medium,3,16.0,3.0,3.1,C,-100.0
8518,high,3,17.0,0.0,4.3,A,-100.0
8519,medium,0,5.0,30.0,1.8,A,15.0
8520,low,1,6.0,7.0,8.7,C,-13.1
8521,high,3,13.0,9.0,9.7,A,-100.0
8522,none,0,11.0,8.0,1.4,C,-100.0
8523,none,0,6.0,3.0,4.2,A,-100.0
8524,high,2,12.0,32.0,2.4,A,15.0
8525,medium,0,16.0,1.0,4.5,B,-100.0
8526,none,0,11.0,11.0,8.2,A,-14.2
8527,low,2,18.0,14.0,1.6,B,-100.0
8528,high,2,5.0,6.0,7.3,A,-17.2
8529,high,1,15.0,6.0,9.5,A,-100.0
8530,high,1,8.0,19.0,2.5,A,2.5
8531,medium,2,11.0,5.0,2.4,A,-100.0
8532,high,4,19.0,4.0,1.6,B,-100.0
8533,high,3,15.0,10.0,9.1,C,-100.0
8534,high,4,16.0,17.0,10.0,A,-12.2
8535,none,0,21.0,2.0,1.7,A,-100.0
8536,none,1,8.0,22.0,3.8,A,11.9
8537,medium,1,2.0,1.0,4.6,D,-100.0
8538,high,1,8.0,10.0,7.2,A,-14.0
8539,medium,3,2.0,13.0,7.0,A,5.1
8540,none,1,15.0,29.0,9.1,A,15.0
8541,low,1,22.0,2.0,9.0,A,-100.0
8542,high,1,36.0,21.0,1.5,A,-100.0
8543,,0,8.0,44.0,4.6,A,15.0
8544,medium,1,5.0,3.0,9.5,D,-19.7
8545,high,0,11.0,4.0,9.1,A,-100.0
8546,medium,2,7.0,10.0,2.4,A,-12.1
8547,none,2,3.0,4.0,10.0,A,-14.2
8548,low,1,1.0,6.0,4.4,C,-8.6
8549,high,3,9.0,3.0,9.2,A,-100.0
8550,high,1,3.0,1.0,8.6,A,-100.0
8551,medium,3,19.0,7.0,7.1,C,-100.0
8552,none,1,13.0,0.0,1.0,A,-100.0
8553,low,1,2.0,8.0,9.9,A,-3.4
8554,none,0,5.0,11.0,5.9,A,-4.8
8555,low,0,2.0,4.0,7.8,A,-12.7
8556,medium,4,8.0,2.0,4.4,C,-100.0
8557,none,4,8.0,1.0,3.7,C,-100.0
8558,medium,1,14.0,38.0,9.3,A,15.0
8559,medium,1,13.0,15.0,9.2,C,-8.7
8560,high,1,7.0,9.0,9.2,A,-13.4
8561,low,1,4.0,40.0,8.2,A,15.0
8562,none,3,12.0,2.0,1.1,A,-100.0
8563,medium,1,11.0,1.0,10.0,A,-100.0
8564,high,1,2.0,33.0,4.8,A,15.0
8565,high,2,6.0,20.0,8.8,A,11.2
8566,low,2,10.0,20.0,4.2,C,4.9
8567,low,1,3.0,1.0,1.3,A,-100.0
8568,medium,0,7.0,4.0,2.4,C,-100.0
8569,low,2,15.0,8.0,9.3,C,-100.0
8570,none,1,2.0,20.0,9.7,A,15.0
8571,,2,25.0,20.0,10.0,A,-19.1
8572,medium,2,3.0,3.0,9.7,D,-16.2
8573,low,3,11.0,2.0,2.1,A,-100.0
8574,high,2,16.0,14.0,2.3,A,-100.0
8575,high,0,6.0,23.0,2.3,A,14.4
8576,none,2,30.0,6.0,3.5,A,-100.0
8577,none,2,9.0,3.0,9.8,A,-100.0
8578,medium,2,4.0,8.0,8.5,A,-8.1
8579,high,4,6.0,50.0,9.4,A,15.0
8580,low,1,7.0,19.0,4.3,A,8.2
8581,low,1,13.0,5.0,7.4,A,-100.0
8582,low,4,1.0,15.0,8.1,A,11.9
8583,low,1,7.0,10.0,3.2,B,-11.3
8584,none,0,19.0,10.0,6.4,A,-100.0
8585,high,2,7.0,3.0,9.7,C,-100.0
8586,low,2,10.0,12.0,9.8,A,-9.1
8587,medium,2,3.0,3.0,2.7,A,-19.7
8588,,3,4.0,6.0,1.8,A,-15.9
8589,high,1,14.0,4.0,6.6,A,-100.0
8590,low,1,6.0,4.0,9.8,C,-18.8
8591,high,1,16.0,2.0,1.4,C,-100.0
8592,none,0,2.0,14.0,8.4,B,8.0
8593,low,3,4.0,17.0,6.0,A,9.9
8594,none,2,16.0,1.0,3.3,C,-100.0
8595,high,1,16.0,0.0,3.8,D,-100.0
8596,medium,1,15.0,12.0,8.3,C,-18.9
8597,high,1,9.0,15.0,9.2,A,-4.3
8598,medium,1,7.0,12.0,9.9,A,-4.1
8599,high,1,15.0,5.0,8.5,A,-100.0
8600,high,0,10.0,1.0,7.8,A,-100.0
8601,medium,2,12.0,11.0,8.3,A,-15.8
8602,high,2,,2.0,9.2,C,
8603,low,3,7.0,6.0,7.1,A,-17.9
8604,high,0,7.0,15.0,7.8,A,-1.4
8605,high,2,10.0,7.0,9.6,A,-100.0
8606,none,1,20.0,15.0,8.1,A,-100.0
8607,low,1,9.0,33.0,8.3,A,15.0
8608,none,1,5.0,1.0,8.5,A,-100.0
8609,none,1,7.0,4.0,6.4,A,-100.0
8610,high,0,7.0,25.0,9.5,B,15.0
8611,low,0,3.0,14.0,5.0,C,5.1
8612,medium,3,14.0,5.0,4.2,A,-100.0
8613,low,3,8.0,1.0,8.8,A,-100.0
8614,high,2,7.0,1.0,2.8,C,-100.0
8615,high,4,8.0,0.0,7.3,A,-100.0
8616,low,2,3.0,8.0,9.2,C,-5.6
8617,low,2,18.0,6.0,9.8,A,-100.0
8618,low,2,12.0,3.0,8.0,C,-100.0
8619,high,0,4.0,34.0,9.9,A,15.0
8620,medium,2,10.0,10.0,2.8,A,-17.2
8621,none,1,3.0,3.0,6.0,A,-18.2
8622,none,0,15.0,5.0,9.5,A,-100.0
8623,none,4,10.0,41.0,5.9,A,15.0
8624,low,2,5.0,11.0,9.9,C,-2.4
8625,none,4,23.0,13.0,8.1,B,-100.0
8626,high,4,10.0,24.0,8.9,A,12.4
8627,medium,1,15.0,16.0,5.9,C,-11.7
8628,none,2,13.0,31.0,9.9,A,15.0
8629,medium,1,8.0,19.0,9.0,D,8.4
8630,high,2,10.0,5.0,7.3,A,-100.0
8631,high,1,11.0,3.0,3.7,A,-100.0
8632,low,4,5.0,7.0,1.0,A,-15.5
8633,high,2,8.0,4.0,3.9,A,-100.0
8634,low,1,6.0,18.0,8.6,A,10.0
8635,none,1,13.0,10.0,8.1,A,-19.9
8636,medium,2,3.0,2.0,9.0,A,-18.7
8637,medium,2,16.0,1.0,9.7,A,-100.0
8638,medium,2,10.0,0.0,8.6,B,-100.0
8639,none,2,15.0,9.0,3.7,C,-100.0
8640,medium,2,7.0,46.0,1.3,B,15.0
8641,low,1,6.0,1.0,9.3,A,-100.0
8642,high,4,19.0,2.0,3.2,A,-100.0
8643,medium,3,2.0,2.0,4.6,C,-19.2
8644,,3,13.0,1.0,8.4,A,-100.0
8645,medium,4,9.0,14.0,6.3,A,-5.5
8646,low,2,7.0,11.0,9.5,A,-6.1
8647,low,1,14.0,9.0,5.3,A,-100.0
8648,none,1,5.0,15.0,8.3,C,4.7
8649,low,3,11.0,3.0,8.9,A,-100.0
8650,low,3,15.0,15.0,9.8,A,-11.7
8651,low,0,13.0,4.0,6.7,A,-100.0
8652,high,1,10.0,6.0,2.3,A,-100.0
8653,high,1,10.0,10.0,8.3,A,-17.0
8654,low,1,2.0,3.0,,B,
8655,high,1,6.0,8.0,1.6,A,-17.5
8656,high,3,6.0,1.0,2.0,A,-100.0
8657,none,1,6.0,5.0,6.9,A,-18.8
8658,low,3,20.0,4.0,1.1,A,-100.0
8659,low,5,17.0,9.0,9.5,A,-100.0
8660,low,2,8.0,14.0,5.2,C,-3.7
8661,,0,7.0,16.0,1.6,A,0.0
8662,none,2,14.0,4.0,8.4,A,-100.0
8663,medium,3,40.0,5.0,9.6,A,-100.0
8664,low,0,8.0,18.0,7.5,A,6.0
8665,medium,5,4.0,6.0,6.7,C,-13.4
8666,high,2,1.0,37.0,8.8,A,15.0
8667,medium,0,6.0,21.0,9.5,A,15.0
8668,medium,0,13.0,27.0,3.1,A,13.6
8669,low,1,11.0,12.0,10.0,B,-10.7
8670,low,4,13.0,13.0,4.7,A,-15.0
8671,low,3,,5.0,9.5,C,
8672,none,1,17.0,42.0,5.0,C,15.0
8673,none,0,14.0,0.0,8.0,D,-100.0
8674,low,2,37.0,2.0,8.9,A,-100.0
8675,high,1,20.0,15.0,3.6,A,-100.0
8676,none,2,1.0,3.0,4.5,B,-15.5
8677,none,2,7.0,0.0,9.7,C,-100.0
8678,low,1,7.0,14.0,7.7,C,-0.6
8679,medium,2,12.0,7.0,6.6,A,-100.0
8680,medium,1,16.0,24.0,8.4,A,4.6
8681,high,2,23.0,2.0,9.8,A,-100.0
8682,medium,2,16.0,1.0,3.6,A,-100.0
8683,low,0,4.0,1.0,8.3,A,-100.0
8684,medium,3,12.0,10.0,9.2,A,-17.6
8685,low,4,8.0,11.0,8.0,A,-8.8
8686,high,3,1.0,6.0,,D,
8687,medium,0,2.0,5.0,4.4,C,-12.7
8688,low,2,7.0,3.0,8.0,D,-100.0
8689,medium,1,13.0,2.0,9.3,A,-100.0
8690,medium,3,13.0,1.0,5.9,A,-100.0
8691,high,0,8.0,4.0,8.4,A,-100.0
8692,medium,1,2.0,11.0,9.9,D,2.5
8693,medium,2,5.0,2.0,6.6,A,-100.0
8694,low,1,5.0,7.0,1.2,C,-15.1
8695,none,2,15.0,12.0,9.4,A,-18.7
8696,low,0,12.0,7.0,9.2,A,-100.0
8697,low,0,2.0,7.0,2.2,A,-9.2
8698,high,2,10.0,8.0,5.1,C,-100.0
8699,low,1,40.0,5.0,4.7,A,-100.0
8700,low,1,5.0,9.0,8.4,C,-7.3
8701,medium,2,19.0,13.0,9.5,A,-100.0
8702,none,2,13.0,11.0,4.4,C,-19.8
8703,low,1,1.0,15.0,2.1,A,9.2
8704,none,2,11.0,3.0,9.7,C,-100.0
8705,high,1,8.0,1.0,8.1,A,-100.0
8706,low,0,8.0,4.0,2.7,A,-100.0
8707,low,3,17.0,30.0,1.8,A,12.3
8708,medium,0,5.0,3.0,9.5,A,-19.6
8709,none,0,6.0,15.0,9.3,A,3.5
8710,high,2,15.0,6.0,8.3,A,-100.0
8711,high,4,7.0,3.0,3.8,B,-100.0
8712,low,0,30.0,8.0,4.7,B,-100.0
8713,medium,0,5.0,0.0,1.7,A,-100.0
8714,low,0,15.0,8.0,5.2,C,-100.0
8715,medium,1,6.0,8.0,3.9,A,-13.7
8716,none,3,10.0,40.0,8.1,B,15.0
8717,low,0,4.0,9.0,9.5,A,
8718,high,2,14.0,2.0,1.9,A,-100.0
8719,low,4,1.0,18.0,9.1,A,15.0
8720,medium,1,6.0,2.0,8.6,D,-100.0
8721,none,4,27.0,10.0,2.8,A,-100.0
8722,low,3,5.0,2.0,8.0,A,-100.0
8723,low,0,8.0,3.0,9.6,C,-100.0
8724,medium,2,18.0,6.0,2.4,D,-100.0
8725,none,2,8.0,17.0,8.4,A,3.6
8726,medium,2,4.0,11.0,9.6,A,-1.2
8727,medium,0,7.0,12.0,8.5,A,-4.7
8728,high,2,7.0,14.0,1.1,A,-7.0
8729,low,0,10.0,37.0,5.2,B,15.0
8730,low,3,4.0,13.0,2.1,A,-0.5
8731,none,1,11.0,6.0,2.0,A,-100.0
8732,high,2,3.0,8.0,9.0,A,-8.7
8733,medium,4,2.0,1.0,7.7,A,-19.9
8734,low,0,17.0,9.0,7.7,A,-100.0
8735,none,2,6.0,4.0,8.9,A,-20.0
8736,medium,0,8.0,10.0,4.6,A,-12.6
8737,low,0,11.0,3.0,7.1,A,-100.0
8738,high,3,8.0,5.0,9.9,A,-100.0
8739,medium,0,13.0,14.0,8.2,A,-11.1
8740,,1,1.0,3.0,2.2,D,-16.6
8741,low,1,12.0,8.0,4.4,C,-100.0
8742,low,0,5.0,10.0,4.7,D,-6.9
8743,medium,2,6.0,4.0,9.5,A,-19.5
8744,medium,3,11.0,48.0,1.7,C,15.0
8745,high,2,9.0,15.0,8.3,A,-4.8
8746,medium,4,2.0,6.0,2.3,A,-12.1
8747,high,2,11.0,4.0,1.1,C,-100.0
8748,high,1,3.0,15.0,3.1,A,3.2
8749,medium,1,7.0,17.0,1.6,A,2.2
8750,medium,0,19.0,18.0,3.9,B,-15.4
8751,none,1,4.0,0.0,2.2,A,-100.0
8752,medium,4,11.0,7.0,4.7,D,-100.0
8753,low,3,7.0,3.0,2.4,A,-100.0
8754,medium,1,11.0,5.0,8.1,A,-100.0
8755,medium,2,13.0,8.0,10.0,C,-100.0
8756,low,2,5.0,4.0,7.0,A,-18.6
8757,low,1,5.0,3.0,1.3,A,-100.0
8758,none,2,4.0,23.0,8.4,A,15.0
8759,low,0,7.0,0.0,7.6,C,-100.0
8760,medium,4,4.0,20.0,8.8,B,15.0
8761,medium,3,6.0,5.0,3.3,A,-100.0
8762,low,2,3.0,4.0,2.3,A,-17.4
8763,low,2,3.0,1.0,5.7,A,-100.0
8764,low,1,2.0,3.0,3.7,A,-17.0
8765,medium,3,13.0,18.0,3.4,A,-5.4
8766,high,0,6.0,6.0,1.1,B,-100.0
8767,high,0,2.0,2.0,3.3,A,-100.0
8768,high,2,1.0,3.0,7.1,A,-16.6
8769,low,0,8.0,2.0,7.0,A,-100.0
8770,none,3,3.0,3.0,4.1,C,-19.3
8771,none,0,2.0,5.0,9.0,A,-10.6
8772,medium,1,7.0,17.0,8.6,A,5.8
8773,high,3,6.0,12.0,5.3,A,-7.5
8774,medium,3,18.0,29.0,5.7,D,10.0
8775,none,3,24.0,12.0,5.9,A,-100.0
8776,low,1,14.0,8.0,8.7,A,-100.0
8777,high,2,24.0,22.0,9.1,C,-16.0
8778,none,2,14.0,3.0,4.1,A,-100.0
8779,low,0,26.0,6.0,9.7,B,-100.0
8780,,2,21.0,8.0,8.7,A,-100.0
8781,low,1,22.0,20.0,9.3,B,-13.5
8782,medium,1,17.0,16.0,9.6,D,-13.4
8783,high,3,4.0,29.0,1.6,A,15.0
8784,medium,1,6.0,7.0,8.5,C,-13.5
8785,high,2,3.0,11.0,1.2,A,-6.3
8786,high,5,15.0,7.0,9.5,C,-100.0
8787,medium,1,12.0,10.0,5.3,C,-19.4
8788,medium,1,6.0,1.0,9.5,A,-100.0
8789,medium,1,6.0,21.0,3.8,A,13.5
8790,high,2,30.0,3.0,9.5,C,-100.0
8791,high,3,1.0,3.0,8.3,C,-16.1
8792,high,2,3.0,22.0,1.2,A,15.0
8793,medium,3,4.0,23.0,9.9,C,15.0
8794,low,1,5.0,32.0,2.6,A,15.0
8795,none,4,8.0,30.0,3.9,C,15.0
8796,medium,1,2.0,9.0,9.0,C,-2.1
8797,high,2,11.0,4.0,1.5,A,-100.0
8798,medium,1,7.0,19.0,7.1,C,9.2
8799,high,2,5.0,26.0,6.5,A,15.0
8800,medium,3,13.0,4.0,2.6,A,-100.0
8801,medium,2,9.0,3.0,8.6,D,-100.0
8802,low,2,6.0,7.0,2.8,A,-16.1
8803,medium,3,12.0,49.0,8.7,A,15.0
8804,medium,4,9.0,4.0,9.1,A,-100.0
8805,high,0,3.0,5.0,5.2,B,-16.7
8806,low,1,16.0,5.0,1.9,A,-100.0
8807,none,2,20.0,15.0,8.4,A,-100.0
8808,high,1,30.0,14.0,3.9,C,-100.0
8809,none,1,4.0,50.0,3.8,A,15.0
8810,none,3,13.0,6.0,5.3,A,-100.0
8811,low,0,12.0,0.0,4.1,A,-100.0
8812,medium,2,21.0,12.0,5.5,A,-100.0
8813,low,2,11.0,1.0,2.6,A,-100.0
8814,none,0,3.0,15.0,4.3,A,6.3
8815,low,0,10.0,0.0,8.3,A,-100.0
8816,low,1,16.0,22.0,8.4,A,0.8
8817,none,3,5.0,11.0,1.5,A,-7.3
8818,medium,1,5.0,11.0,4.2,A,-5.6
8819,low,2,5.0,6.0,3.3,C,-16.2
8820,none,2,6.0,7.0,9.1,A,-13.6
8821,medium,2,2.0,4.0,1.9,A,-16.2
8822,high,1,4.0,4.0,6.7,A,-19.9
8823,high,0,4.0,50.0,8.2,A,15.0
8824,low,2,16.0,4.0,7.4,A,-100.0
8825,medium,0,6.0,14.0,8.2,A,1.1
8826,low,1,10.0,22.0,1.8,A,8.0
8827,low,1,20.0,14.0,3.5,A,-100.0
8828,medium,2,1.0,5.0,8.0,A,-9.3
8829,low,3,9.0,0.0,3.4,A,-100.0
8830,medium,2,14.0,3.0,1.6,D,-100.0
8831,low,0,6.0,8.0,6.7,A,-11.9
8832,low,1,11.0,5.0,6.2,A,-100.0
8833,low,3,27.0,32.0,9.3,A,2.8
8834,low,2,5.0,2.0,6.3,C,-100.0
8835,medium,2,9.0,42.0,1.4,D,15.0
8836,high,0,7.0,27.0,9.7,A,15.0
8837,low,3,14.0,6.0,3.8,A,-100.0
8838,medium,3,,17.0,4.6,C,
8839,medium,0,6.0,3.0,8.7,A,-100.0
8840,medium,3,6.0,19.0,9.1,C,11.8
8841,low,1,4.0,43.0,1.7,A,15.0
8842,low,3,22.0,8.0,6.9,C,-100.0
8843,high,0,17.0,16.0,8.2,A,-16.6
8844,high,2,12.0,8.0,9.4,B,-100.0
8845,low,0,14.0,4.0,7.0,A,-100.0
8846,low,0,6.0,19.0,8.5,A,12.1
8847,high,0,9.0,21.0,8.5,A,8.1
8848,low,0,7.0,24.0,6.3,A,15.0
8849,high,1,31.0,10.0,4.7,B,-100.0
8850,low,2,2.0,5.0,7.2,C,-11.1
8851,medium,0,8.0,9.0,1.0,B,-16.5
8852,none,2,6.0,10.0,6.7,A,-8.5
8853,low,0,7.0,4.0,3.3,A,-100.0
8854,medium,3,9.0,22.0,9.2,C,12.8
8855,medium,2,9.0,2.0,2.2,A,-100.0
8856,high,1,9.0,10.0,7.6,A,-15.6
8857,high,2,4.0,40.0,8.6,B,15.0
8858,low,0,8.0,15.0,2.1,A,-3.0
8859,low,1,11.0,1.0,3.1,B,-100.0
8860,high,2,9.0,15.0,5.3,D,-6.3
8861,low,3,2.0,12.0,4.7,A,2.2
8862,,2,9.0,21.0,4.7,A,8.4
8863,low,1,27.0,1.0,1.3,A,-100.0
8864,high,1,14.0,0.0,7.4,C,-100.0
8865,medium,3,26.0,13.0,2.7,A,-100.0
8866,high,3,16.0,4.0,3.3,C,-100.0
8867,low,0,14.0,2.0,7.0,A,-100.0
8868,low,1,10.0,9.0,4.6,A,-17.9
8869,medium,1,1.0,1.0,8.4,B,-17.5
8870,high,1,6.0,17.0,3.3,D,2.2
8871,low,1,7.0,12.0,2.9,C,-7.2
8872,high,0,12.0,16.0,8.6,A,-7.6
8873,high,1,2.0,26.0,3.2,A,15.0
8874,none,1,29.0,9.0,8.2,A,-100.0
8875,medium,3,8.0,20.0,8.7,A,10.1
8876,none,2,18.0,3.0,6.6,A,-100.0
8877,none,2,10.0,5.0,7.1,A,-100.0
8878,low,1,5.0,11.0,6.3,A,-4.1
8879,,1,9.0,5.0,9.2,A,-100.0
8880,low,0,,0.0,3.5,C,
8881,high,1,,13.0,9.5,C,
8882,high,1,9.0,1.0,2.2,A,-100.0
8883,high,2,26.0,17.0,9.8,A,-100.0
8884,none,1,10.0,8.0,3.7,D,-100.0
8885,high,1,12.0,6.0,2.4,A,-100.0
8886,none,0,9.0,5.0,9.7,B,-100.0
8887,low,1,4.0,5.0,4.3,A,-16.0
8888,none,2,6.0,18.0,6.1,B,8.0
8889,low,1,7.0,1.0,9.5,A,-100.0
8890,high,1,,8.0,3.2,C,
8891,high,1,8.0,1.0,4.3,A,-100.0
8892,low,1,12.0,22.0,9.4,A,8.3
8893,low,2,9.0,5.0,2.8,A,-100.0
8894,medium,3,9.0,13.0,9.6,A,-5.8
8895,medium,1,2.0,6.0,3.4,A,-11.2
8896,low,2,5.0,5.0,1.9,A,-19.0
8897,none,2,6.0,12.0,9.1,B,-3.1
8898,low,1,7.0,5.0,9.3,A,-18.7
8899,high,3,5.0,8.0,3.9,A,-14.8
8900,medium,1,10.0,15.0,7.9,A,-4.0
8901,high,0,8.0,4.0,4.2,A,-100.0
8902,none,2,6.0,4.0,5.9,C,-100.0
8903,high,2,19.0,50.0,6.8,C,15.0
8904,none,0,3.0,16.0,1.9,A,7.2
8905,low,0,14.0,15.0,9.4,A,-9.8
8906,medium,9,5.0,6.0,8.5,A,-14.7
8907,high,3,16.0,6.0,4.9,B,-100.0
8908,medium,1,16.0,0.0,9.3,A,-100.0
8909,high,1,6.0,21.0,1.3,A,9.6
8910,high,0,15.0,8.0,8.7,A,-100.0
8911,,2,9.0,12.0,1.9,A,-11.9
8912,high,0,2.0,11.0,2.8,B,-3.5
8913,high,1,6.0,18.0,9.3,A,7.3
8914,high,0,4.0,2.0,2.9,A,-100.0
8915,medium,0,4.0,12.0,4.7,A,-1.4
8916,low,1,10.0,14.0,8.6,B,-5.4
8917,high,1,3.0,14.0,5.0,C,2.0
8918,medium,4,21.0,28.0,3.9,A,1.7
8919,medium,0,18.0,18.0,2.0,A,-14.6
8920,,1,11.0,11.0,8.4,D,-14.2
8921,medium,1,1.0,36.0,1.2,C,15.0
8922,medium,6,6.0,5.0,8.5,C,-18.3
8923,none,0,11.0,1.0,9.1,A,-100.0
8924,high,1,12.0,7.0,6.7,A,-100.0
8925,none,1,11.0,1.0,9.2,A,-100.0
8926,medium,2,14.0,1.0,10.0,C,-100.0
8927,high,2,17.0,16.0,8.2,C,-16.8
8928,medium,3,6.0,11.0,7.6,A,-5.8
8929,medium,2,33.0,1.0,5.0,A,-100.0
8930,high,1,40.0,13.0,3.2,A,-100.0
8931,high,0,4.0,4.0,1.9,A,-100.0
8932,low,2,4.0,25.0,5.3,A,15.0
8933,low,1,4.0,15.0,7.3,B,6.5
8934,high,0,11.0,46.0,7.2,B,15.0
8935,none,3,7.0,3.0,8.1,A,-100.0
8936,high,1,10.0,21.0,8.3,A,6.1
8937,low,0,4.0,5.0,6.6,D,-14.7
8938,low,0,26.0,9.0,2.7,A,-100.0
8939,,1,18.0,8.0,7.0,B,-100.0
8940,none,3,7.0,14.0,9.1,B,-0.7
8941,high,2,12.0,10.0,9.2,A,-100.0
8942,medium,4,3.0,8.0,9.6,A,-5.9
8943,low,1,3.0,4.0,9.9,B,-13.5
8944,high,1,24.0,2.0,6.2,B,-100.0
8945,low,2,4.0,6.0,8.6,A,-11.8
8946,high,0,5.0,8.0,5.1,A,-13.9
8947,low,1,13.0,13.0,8.7,A,-12.7
8948,medium,1,15.0,8.0,9.7,A,-100.0
8949,medium,2,9.0,9.0,9.9,A,-14.0
8950,medium,0,13.0,17.0,9.0,B,-4.4
8951,high,1,19.0,8.0,9.4,A,-100.0
8952,medium,1,17.0,1.0,9.6,A,-100.0
8953,high,1,13.0,2.0,1.1,C,-100.0
8954,medium,3,1.0,17.0,6.0,A,14.7
8955,low,0,5.0,6.0,8.6,D,-13.4
8956,high,2,7.0,1.0,8.6,A,-100.0
8957,none,1,8.0,20.0,8.1,A,9.8
8958,medium,0,9.0,25.0,8.3,A,15.0
8959,high,0,8.0,26.0,1.6,C,15.0
8960,high,1,8.0,3.0,5.7,C,-100.0
8961,medium,0,14.0,5.0,5.6,A,-100.0
8962,low,5,7.0,25.0,9.7,A,15.0
8963,high,2,16.0,7.0,1.3,A,-100.0
8964,none,1,27.0,5.0,8.7,A,-100.0
8965,low,4,8.0,9.0,1.7,A,-16.2
8966,high,0,5.0,2.0,2.1,A,-100.0
8967,low,2,2.0,1.0,8.6,D,-18.8
8968,high,1,4.0,5.0,7.5,D,-17.4
8969,medium,0,9.0,8.0,4.9,A,-18.4
8970,high,2,1.0,3.0,5.6,B,-17.4
8971,low,4,4.0,7.0,7.9,C,-10.3
8972,low,3,11.0,50.0,4.7,C,15.0
8973,high,1,2.0,19.0,8.3,B,15.0
8974,none,1,24.0,0.0,6.0,A,-100.0
8975,high,3,7.0,20.0,8.8,A,9.3
8976,none,0,5.0,3.0,6.0,A,-100.0
8977,medium,2,3.0,40.0,8.2,B,15.0
8978,none,0,11.0,22.0,6.8,C,8.2
8979,high,0,7.0,13.0,2.6,B,-8.2
8980,high,0,23.0,21.0,3.6,D,-18.9
8981,high,0,26.0,25.0,9.0,A,-13.0
8982,low,3,14.0,0.0,10.0,A,-100.0
8983,high,0,5.0,5.0,9.8,A,-17.9
8984,low,0,6.0,3.0,2.7,C,-100.0
8985,high,0,6.0,5.0,9.8,A,-19.6
8986,medium,1,12.0,26.0,3.0,A,
8987,none,2,7.0,16.0,3.1,A,0.6
8988,low,1,32.0,5.0,10.0,C,-100.0
8989,low,2,13.0,31.0,5.5,A,15.0
8990,medium,1,7.0,0.0,3.1,C,-100.0
8991,high,0,12.0,3.0,9.2,A,-100.0
8992,high,0,13.0,1.0,9.3,B,-100.0
8993,medium,3,3.0,46.0,2.3,D,15.0
8994,medium,0,17.0,18.0,1.8,A,-13.0
8995,high,1,15.0,6.0,1.5,C,-100.0
8996,medium,0,14.0,16.0,8.1,A,-8.8
8997,high,2,4.0,2.0,3.1,A,-100.0
8998,low,2,20.0,3.0,2.7,A,-100.0
8999,high,1,16.0,15.0,3.5,A,-19.4
9000,high,2,25.0,1.0,8.0,A,-100.0
9001,low,3,13.0,22.0,3.4,B,3.3
9002,medium,2,7.0,3.0,9.2,A,-100.0
9003,high,2,12.0,9.0,5.8,A,-100.0
9004,low,2,16.0,6.0,1.7,A,-100.0
9005,high,1,4.0,3.0,9.7,C,-100.0
9006,high,3,8.0,17.0,7.5,A,0.6
9007,low,0,14.0,16.0,4.8,D,-10.0
9008,medium,1,5.0,2.0,9.6,A,-100.0
9009,high,1,9.0,9.0,8.7,A,-17.1
9010,high,1,11.0,20.0,8.0,A,2.1
9011,medium,1,6.0,1.0,2.1,A,-100.0
9012,none,1,8.0,6.0,,D,
9013,none,2,6.0,12.0,6.8,A,-4.2
9014,low,1,8.0,21.0,9.7,C,13.3
9015,high,3,,0.0,8.2,C,
9016,low,1,8.0,12.0,8.9,D,-6.0
9017,low,2,5.0,2.0,1.3,A,-100.0
9018,medium,0,16.0,2.0,2.3,D,-100.0
9019,none,0,2.0,8.0,1.4,B,-8.1
9020,low,1,4.0,27.0,4.1,A,15.0
9021,none,2,14.0,37.0,8.1,A,15.0
9022,high,5,8.0,1.0,8.5,B,-100.0
9023,high,4,15.0,3.0,8.7,A,-100.0
9024,low,0,2.0,21.0,9.4,A,15.0
9025,none,4,8.0,45.0,2.9,A,15.0
9026,low,0,7.0,1.0,9.7,A,-100.0
9027,low,5,16.0,0.0,4.7,A,-100.0
9028,high,1,3.0,3.0,3.4,C,-100.0
9029,medium,1,22.0,7.0,7.4,A,-100.0
9030,medium,1,31.0,3.0,6.8,B,-100.0
9031,none,3,22.0,2.0,1.9,B,-100.0
9032,high,0,14.0,38.0,7.3,C,15.0
9033,,2,13.0,4.0,6.8,A,-100.0
9034,medium,2,21.0,7.0,3.1,A,-100.0
9035,low,0,15.0,5.0,4.1,C,-100.0
9036,medium,0,12.0,1.0,7.9,A,-100.0
9037,medium,2,2.0,18.0,9.6,C,15.0
9038,low,1,19.0,24.0,2.4,A,-3.3
9039,high,4,2.0,4.0,4.5,A,-17.8
9040,,2,4.0,20.0,9.0,A,15.0
9041,medium,0,31.0,8.0,3.1,C,-100.0
9042,high,0,8.0,20.0,3.7,C,5.3
9043,none,0,7.0,31.0,5.7,D,15.0
9044,none,0,20.0,35.0,6.3,A,15.0
9045,low,2,3.0,4.0,3.3,A,-16.9
9046,low,1,13.0,3.0,3.0,A,-100.0
9047,high,1,8.0,8.0,8.2,B,-17.7
9048,high,1,6.0,3.0,8.9,A,-100.0
9049,low,1,4.0,11.0,3.7,B,-3.7
9050,low,2,7.0,16.0,8.4,A,3.8
9051,high,2,6.0,0.0,4.1,C,-100.0
9052,low,3,17.0,1.0,9.2,A,-100.0
9053,high,1,8.0,0.0,1.3,A,-100.0
9054,high,3,21.0,11.0,2.8,D,-100.0
9055,none,2,5.0,1.0,7.9,A,-100.0
9056,low,3,12.0,18.0,2.5,A,-3.8
9057,medium,1,1.0,7.0,6.3,C,-5.9
9058,high,0,0.0,19.0,5.5,A,15.0
9059,low,5,10.0,3.0,3.4,A,-100.0
9060,high,1,19.0,15.0,8.8,A,-100.0
9061,medium,2,40.0,1.0,7.1,A,-100.0
9062,high,0,2.0,15.0,7.3,A,7.1
9063,medium,2,3.0,13.0,3.7,A,1.8
9064,none,2,9.0,2.0,7.5,A,-100.0
9065,none,2,15.0,7.0,7.0,A,-100.0
9066,high,2,5.0,5.0,6.0,A,-20.0
9067,medium,1,22.0,19.0,1.7,A,-19.8
9068,none,2,10.0,21.0,8.2,A,8.4
9069,high,0,3.0,6.0,6.9,C,-13.7
9070,high,2,10.0,13.0,6.4,A,-11.7
9071,high,0,7.0,1.0,3.0,A,-100.0
9072,none,3,6.0,5.0,9.1,A,-17.9
9073,medium,1,10.0,3.0,3.4,C,-100.0
9074,low,2,5.0,1.0,1.5,B,-100.0
9075,none,0,3.0,3.0,2.3,A,-19.9
9076,low,3,4.0,5.0,1.2,A,-17.7
9077,low,3,17.0,1.0,3.3,A,-100.0
9078,high,2,2.0,16.0,2.9,A,6.8
9079,high,2,30.0,4.0,8.7,C,-100.0
9080,low,3,14.0,16.0,3.3,A,-11.1
9081,medium,1,3.0,7.0,9.8,B,-7.6
9082,none,4,16.0,11.0,9.1,A,-100.0
9083,low,3,25.0,21.0,9.9,A,-16.5
9084,high,2,8.0,21.0,3.5,A,7.1
9085,low,1,3.0,3.0,8.5,D,-16.3
9086,high,3,26.0,4.0,3.1,B,-100.0
9087,medium,0,13.0,7.0,9.4,C,-100.0
9088,high,3,40.0,11.0,5.5,A,-100.0
9089,high,2,13.0,0.0,9.3,B,-100.0
9090,high,5,11.0,1.0,2.8,D,-100.0
9091,low,2,5.0,26.0,5.4,B,15.0
9092,none,1,10.0,33.0,1.8,A,15.0
9093,high,0,7.0,7.0,9.4,B,-17.4
9094,none,0,19.0,5.0,5.5,C,-100.0
9095,medium,3,4.0,16.0,7.7,D,8.3
9096,low,0,5.0,7.0,1.3,A,-14.9
9097,none,1,11.0,2.0,1.5,A,-100.0
9098,low,1,3.0,7.0,1.1,C,-11.6
9099,high,2,12.0,14.0,3.5,C,-14.6
9100,none,0,16.0,1.0,9.5,A,-100.0
9101,low,2,3.0,25.0,8.9,A,15.0
9102,medium,3,17.0,18.0,5.6,C,-11.4
9103,high,4,17.0,15.0,4.4,A,-100.0
9104,medium,2,19.0,11.0,8.9,A,-100.0
9105,low,2,10.0,0.0,5.0,B,-100.0
9106,medium,1,12.0,41.0,4.4,C,15.0
9107,low,0,8.0,12.0,9.0,A,-5.8
9108,high,1,2.0,25.0,9.7,A,15.0
9109,,2,6.0,2.0,5.6,C,-100.0
9110,high,3,1.0,4.0,9.5,A,-13.4
9111,medium,1,24.0,2.0,8.6,C,-100.0
9112,medium,0,8.0,16.0,9.9,D,2.6
9113,high,1,18.0,7.0,9.3,C,-100.0
9114,low,2,14.0,28.0,9.0,C,15.0
9115,high,3,22.0,16.0,2.7,A,-100.0
9116,none,0,12.0,16.0,8.2,A,-5.4
9117,medium,2,9.0,5.0,5.2,A,-100.0
9118,high,2,4.0,18.0,9.8,A,11.0
9119,high,3,2.0,7.0,9.9,A,-8.7
9120,medium,4,35.0,11.0,8.7,C,-100.0
9121,medium,1,16.0,0.0,8.1,C,-100.0
9122,,2,7.0,1.0,4.7,A,-100.0
9123,high,0,13.0,14.0,8.0,C,-13.9
9124,medium,2,19.0,5.0,9.0,A,-100.0
9125,high,2,5.0,2.0,1.2,A,-100.0
9126,low,1,8.0,17.0,5.6,C,2.9
9127,low,2,19.0,17.0,9.0,A,-14.8
9128,medium,2,10.0,3.0,3.5,A,-100.0
9129,high,2,6.0,7.0,9.1,D,-16.0
9130,low,1,20.0,11.0,8.5,C,-100.0
9131,low,2,8.0,10.0,9.6,B,-9.9
9132,medium,1,7.0,19.0,4.7,A,8.0
9133,high,0,11.0,2.0,2.2,C,-100.0
9134,low,1,20.0,10.0,4.3,A,-100.0
9135,high,0,17.0,16.0,8.7,A,-16.3
9136,none,6,9.0,6.0,2.3,A,-100.0
9137,none,1,8.0,15.0,8.9,A,-0.3
9138,high,1,6.0,3.0,8.8,A,-100.0
9139,low,2,7.0,14.0,8.6,B,-0.3
9140,high,0,6.0,20.0,7.6,A,10.8
9141,high,2,10.0,5.0,3.6,B,-100.0
9142,high,1,14.0,39.0,3.0,A,15.0
9143,low,0,33.0,1.0,7.2,A,-100.0
9144,none,1,8.0,1.0,9.7,B,-100.0
9145,high,2,25.0,2.0,5.9,C,-100.0
9146,low,0,3.0,32.0,3.9,A,15.0
9147,low,1,13.0,22.0,8.6,B,6.1
9148,medium,1,7.0,16.0,9.2,A,3.9
9149,medium,3,13.0,16.0,3.3,C,-9.7
9150,low,2,1.0,10.0,,C,
9151,medium,1,12.0,7.0,2.5,A,-100.0
9152,high,3,11.0,19.0,9.5,A,0.6
9153,low,0,6.0,2.0,9.5,A,-100.0
9154,high,0,14.0,6.0,10.0,C,-100.0
9155,medium,1,9.0,48.0,8.1,A,15.0
9156,high,3,8.0,18.0,7.1,A,2.5
9157,none,1,13.0,29.0,9.8,A,15.0
9158,low,1,4.0,17.0,2.7,A,8.4
9159,low,0,15.0,5.0,9.2,A,-100.0
9160,low,2,5.0,6.0,9.5,A,-13.1
9161,medium,1,18.0,27.0,1.1,D,3.7
9162,low,4,11.0,4.0,3.4,A,-100.0
9163,low,0,4.0,1.0,7.8,C,-100.0
9164,low,1,,20.0,1.1,C,
9165,medium,1,8.0,8.0,5.4,C,-16.5
9166,low,2,4.0,7.0,1.9,A,-13.1
9167,medium,1,10.0,8.0,8.2,A,-18.6
9168,medium,1,9.0,7.0,1.7,D,-100.0
9169,medium,1,5.0,9.0,1.7,A,-11.0
9170,none,4,3.0,3.0,3.4,C,-19.8
9171,none,1,8.0,28.0,2.9,B,15.0
9172,,0,3.0,14.0,8.2,B,6.1
9173,high,3,7.0,17.0,9.8,B,3.5
9174,none,0,14.0,12.0,9.0,B,-16.9
9175,low,0,4.0,6.0,8.4,A,-11.7
9176,none,4,1.0,0.0,9.8,A,-19.4
9177,medium,1,22.0,12.0,2.1,D,-100.0
9178,medium,1,23.0,16.0,9.2,A,-100.0
9179,medium,2,20.0,2.0,6.3,C,-100.0
9180,medium,1,14.0,14.0,5.9,C,-14.1
9181,low,1,19.0,11.0,8.5,A,-100.0
9182,none,0,15.0,16.0,7.1,A,-11.2
9183,medium,1,36.0,12.0,1.2,A,-100.0
9184,high,4,6.0,9.0,4.7,A,-14.2
9185,none,0,16.0,8.0,5.1,A,-100.0
9186,medium,4,4.0,17.0,2.8,A,7.8
9187,low,0,5.0,17.0,8.6,A,9.7
9188,high,1,12.0,23.0,3.9,A,4.6
9189,medium,1,3.0,37.0,5.2,A,15.0
9190,high,2,7.0,4.0,1.6,A,-100.0
9191,high,0,11.0,11.0,1.6,A,-19.9
9192,low,2,0.0,7.0,7.6,A,-3.2
9193,high,2,8.0,5.0,1.5,A,-100.0
9194,medium,1,10.0,5.0,7.6,C,-100.0
9195,medium,3,5.0,31.0,8.5,A,15.0
9196,high,2,11.0,16.0,6.6,A,-7.1
9197,medium,2,5.0,23.0,4.2,A,15.0
9198,medium,0,19.0,4.0,6.6,A,-100.0
9199,low,3,12.0,3.0,9.8,A,-100.0
9200,low,2,13.0,50.0,8.9,B,15.0
9201,high,2,8.0,0.0,4.0,A,-100.0
9202,low,1,3.0,13.0,2.1,A,1.5
9203,high,2,7.0,11.0,8.8,B,-9.5
9204,high,1,12.0,3.0,2.8,C,-100.0
9205,medium,2,5.0,1.0,8.5,C,-100.0
9206,low,2,7.0,0.0,2.9,A,-100.0
9207,medium,2,11.0,3.0,4.2,C,-100.0
9208,medium,1,,7.0,1.9,C,
9209,medium,4,8.0,13.0,4.9,A,-6.6
9210,high,1,16.0,8.0,9.2,A,-100.0
9211,none,1,10.0,2.0,5.4,C,-100.0
9212,high,4,17.0,22.0,5.3,A,-5.8
9213,medium,2,13.0,2.0,3.2,A,-100.0
9214,none,0,14.0,18.0,6.8,A,-5.4
9215,medium,2,2.0,26.0,3.1,A,15.0
9216,medium,0,8.0,2.0,3.3,A,-100.0
9217,high,1,14.0,4.0,1.3,B,-100.0
9218,none,0,6.0,1.0,8.1,C,-100.0
9219,high,1,3.0,21.0,1.1,A,
9220,none,3,14.0,13.0,4.3,A,-17.5
9221,high,1,8.0,4.0,9.3,C,-100.0
9222,high,0,9.0,18.0,9.0,C,2.0
9223,medium,1,3.0,1.0,2.9,A,-100.0
9224,high,1,6.0,33.0,4.4,A,15.0
9225,high,1,1.0,14.0,5.8,B,5.9
9226,none,1,7.0,15.0,5.7,A,-0.1
9227,low,1,15.0,5.0,4.2,A,-100.0
9228,high,2,27.0,41.0,5.3,A,15.0
9229,high,1,9.0,12.0,8.5,C,-10.9
9230,medium,3,17.0,13.0,8.7,B,-100.0
9231,none,0,16.0,14.0,7.3,A,-17.1
9232,high,1,16.0,6.0,8.8,A,-100.0
9233,low,0,12.0,4.0,2.6,D,-100.0
9234,high,4,2.0,5.0,8.3,A,-13.8
9235,high,1,12.0,11.0,1.9,A,-100.0
9236,high,1,20.0,1.0,2.3,C,-100.0
9237,medium,1,7.0,3.0,2.6,A,-100.0
9238,high,4,23.0,7.0,2.4,A,-100.0
9239,high,0,17.0,4.0,9.7,A,-100.0
9240,low,1,6.0,3.0,7.4,A,-100.0
9241,medium,0,22.0,5.0,2.5,A,-100.0
9242,high,4,7.0,18.0,6.9,A,4.1
9243,medium,0,11.0,15.0,1.1,D,-9.1
9244,high,0,8.0,2.0,2.7,A,-100.0
9245,none,2,11.0,43.0,2.9,C,15.0
9246,medium,3,8.0,34.0,1.5,A,15.0
9247,high,1,4.0,7.0,8.7,C,-12.6
9248,high,3,8.0,23.0,8.3,A,13.6
9249,high,0,2.0,47.0,6.3,C,15.0
9250,low,2,16.0,1.0,8.1,A,-100.0
9251,none,5,,14.0,1.7,C,
9252,high,1,27.0,13.0,9.8,A,-100.0
9253,high,1,5.0,9.0,4.4,A,-12.3
9254,none,2,10.0,19.0,9.1,A,4.6
9255,low,2,1.0,2.0,4.2,C,-17.2
9256,medium,1,17.0,9.0,7.6,A,-100.0
9257,medium,1,12.0,9.0,8.9,A,-19.7
9258,low,1,14.0,25.0,8.0,A,10.4
9259,low,0,11.0,40.0,1.3,A,15.0
9260,high,0,17.0,13.0,9.0,A,
9261,high,4,14.0,1.0,9.5,B,-100.0
9262,none,2,4.0,23.0,3.9,A,15.0
9263,medium,2,6.0,24.0,2.7,A,15.0
9264,none,1,7.0,17.0,7.8,A,5.1
9265,high,1,7.0,11.0,1.8,A,-12.9
9266,medium,0,20.0,15.0,2.3,A,-100.0
9267,low,2,2.0,4.0,5.8,A,-13.9
9268,low,2,3.0,23.0,3.7,C,15.0
9269,low,2,14.0,20.0,3.7,A,-2.4
9270,low,0,,3.0,7.4,C,
9271,low,3,5.0,14.0,1.7,A,-0.3
9272,high,1,16.0,4.0,7.5,B,-100.0
9273,low,3,1.0,2.0,3.9,C,-17.4
9274,high,1,13.0,25.0,5.5,A,7.9
9275,low,2,1.0,9.0,2.6,A,-3.3
9276,high,1,7.0,6.0,8.8,B,-19.9
9277,none,3,8.0,6.0,9.7,C,-19.0
9278,high,0,4.0,6.0,1.8,A,-18.0
9279,medium,3,3.0,1.0,8.2,A,-100.0
9280,low,2,7.0,14.0,10.0,C,0.4
9281,low,4,16.0,4.0,7.2,B,-100.0
9282,low,2,6.0,14.0,9.5,A,1.9
9283,medium,5,11.0,0.0,9.7,A,-100.0
9284,high,3,5.0,1.0,2.4,C,-100.0
9285,medium,2,4.0,21.0,2.4,A,15.0
9286,none,0,2.0,7.0,8.6,C,-6.6
9287,high,0,7.0,2.0,3.5,A,-100.0
9288,low,4,8.0,23.0,6.5,A,15.0
9289,low,0,4.0,6.0,9.4,A,-11.2
9290,low,0,10.0,21.0,3.2,A,6.7
9291,low,1,9.0,4.0,1.6,A,-100.0
9292,none,2,3.0,19.0,9.9,A,15.0
9293,none,2,2.0,15.0,10.0,D,10.7
9294,high,1,6.0,36.0,9.2,A,15.0
9295,high,3,8.0,6.0,1.8,A,-100.0
9296,low,0,10.0,6.0,9.8,C,-100.0
9297,high,1,4.0,1.0,2.7,A,-100.0
9298,low,1,2.0,5.0,6.9,A,-11.2
9299,low,2,19.0,3.0,9.2,B,-100.0
9300,none,2,2.0,23.0,9.2,A,15.0
9301,none,3,29.0,7.0,7.3,A,-100.0
9302,low,1,11.0,20.0,5.9,A,4.1
9303,medium,1,9.0,2.0,6.1,A,-100.0
9304,medium,0,13.0,30.0,6.8,B,15.0
9305,medium,2,8.0,0.0,8.2,B,-100.0
9306,low,1,2.0,7.0,4.0,A,-8.4
9307,high,0,16.0,18.0,6.6,C,-11.4
9308,none,1,12.0,22.0,1.4,A,3.7
9309,high,4,4.0,38.0,1.3,C,15.0
9310,,1,3.0,1.0,6.7,D,-100.0
9311,low,1,12.0,7.0,1.3,A,-100.0
9312,medium,1,7.0,16.0,9.1,A,3.9
9313,high,3,18.0,5.0,4.0,A,-100.0
9314,low,0,15.0,25.0,9.9,A,9.7
9315,low,1,38.0,16.0,9.1,A,-100.0
9316,low,4,3.0,6.0,3.2,A,-13.0
9317,high,4,10.0,7.0,5.7,B,-100.0
9318,,4,2.0,8.0,3.6,C,-7.4
9319,medium,2,26.0,26.0,2.5,A,-11.8
9320,medium,1,8.0,5.0,5.0,A,-100.0
9321,low,1,9.0,13.0,7.3,A,-6.4
9322,medium,5,9.0,18.0,1.8,A,0.6
9323,medium,6,5.0,4.0,3.1,A,-100.0
9324,low,1,9.0,2.0,8.9,A,-100.0
9325,low,1,8.0,47.0,3.1,C,15.0
9326,medium,0,19.0,7.0,1.8,A,-100.0
9327,high,2,11.0,2.0,8.4,A,-100.0
9328,medium,2,7.0,15.0,5.2,B,-0.2
9329,none,2,24.0,25.0,9.9,A,-6.9
9330,high,2,7.0,0.0,5.8,A,-100.0
9331,low,1,22.0,37.0,6.8,A,15.0
9332,high,0,10.0,21.0,1.7,B,2.9
9333,none,0,4.0,42.0,6.1,D,15.0
9334,high,2,7.0,26.0,5.8,A,15.0
9335,low,0,17.0,12.0,9.6,A,-100.0
9336,high,1,24.0,21.0,6.3,A,-19.4
9337,high,1,14.0,19.0,3.3,A,-7.6
9338,high,3,11.0,4.0,7.1,A,-100.0
9339,none,1,5.0,18.0,7.4,C,10.5
9340,high,2,17.0,4.0,7.9,A,-100.0
9341,medium,1,21.0,1.0,4.4,A,-100.0
9342,none,0,6.0,24.0,5.0,A,15.0
9343,medium,0,2.0,14.0,3.3,B,5.7
9344,high,1,14.0,6.0,7.6,C,-100.0
9345,low,1,11.0,5.0,3.4,C,-100.0
9346,low,5,9.0,13.0,1.8,A,-9.6
9347,low,0,3.0,10.0,9.9,C,-0.8
9348,medium,4,5.0,24.0,2.6,B,15.0
9349,low,2,5.0,10.0,7.7,A,-5.6
9350,none,0,4.0,14.0,8.2,C,4.4
9351,,1,3.0,12.0,3.5,A,-0.5
9352,none,4,16.0,29.0,3.4,A,12.1
9353,low,2,11.0,1.0,9.1,D,-100.0
9354,medium,0,11.0,5.0,7.7,A,-100.0
9355,medium,0,9.0,36.0,6.7,A,15.0
9356,high,1,17.0,29.0,9.5,A,11.3
9357,medium,1,4.0,2.0,8.2,A,-100.0
9358,low,2,9.0,13.0,2.8,A,-8.8
9359,low,1,6.0,28.0,9.4,A,15.0
9360,high,0,8.0,3.0,8.6,A,-100.0
9361,medium,1,6.0,3.0,1.1,C,-100.0
9362,low,0,7.0,2.0,8.8,A,-100.0
9363,none,1,21.0,15.0,9.4,A,-100.0
9364,high,0,15.0,3.0,2.6,D,-100.0
9365,low,3,7.0,45.0,2.8,B,15.0
9366,low,2,17.0,16.0,2.6,A,-16.6
9367,medium,5,5.0,1.0,5.1,A,-100.0
9368,low,1,7.0,7.0,3.7,A,-17.3
9369,high,1,27.0,6.0,1.1,A,-100.0
9370,high,1,7.0,7.0,2.2,A,-100.0
9371,none,1,12.0,9.0,9.8,A,-19.4
9372,low,0,4.0,15.0,1.7,C,3.8
9373,none,3,2.0,19.0,1.3,A,14.6
9374,none,2,12.0,4.0,8.9,A,-100.0
9375,none,2,4.0,3.0,3.5,A,-100.0
9376,high,4,21.0,17.0,5.0,C,-100.0
9377,low,0,6.0,3.0,2.4,A,-100.0
9378,high,2,12.0,2.0,9.3,A,-100.0
9379,high,0,4.0,6.0,4.1,A,-16.9
9380,high,0,6.0,12.0,2.8,A,-8.4
9381,high,0,11.0,6.0,3.4,D,-100.0
9382,medium,2,18.0,16.0,9.7,A,-15.1
9383,none,0,2.0,0.0,6.0,A,-100.0
9384,high,2,20.0,38.0,8.2,A,15.0
9385,high,1,9.0,3.0,9.8,C,-100.0
9386,medium,1,10.0,8.0,8.3,A,-18.6
9387,medium,1,14.0,4.0,8.1,C,-100.0
9388,low,1,9.0,4.0,9.9,A,-100.0
9389,high,4,21.0,22.0,3.6,A,-13.7
9390,none,4,12.0,3.0,8.1,C,-100.0
9391,low,1,15.0,31.0,9.1,A,15.0
9392,none,0,26.0,10.0,3.4,A,-100.0
9393,high,4,,13.0,9.6,C,
9394,high,0,21.0,7.0,1.3,A,-100.0
9395,low,1,11.0,5.0,6.4,C,-100.0
9396,low,1,7.0,23.0,5.4,D,15.0
9397,low,2,15.0,32.0,7.2,D,15.0
9398,none,1,14.0,1.0,3.5,A,-100.0
9399,low,1,5.0,1.0,8.0,C,-100.0
9400,low,0,2.0,1.0,1.1,C,-100.0
9401,high,1,,20.0,5.5,C,
9402,low,2,11.0,2.0,5.6,A,-100.0
9403,medium,2,9.0,15.0,2.3,C,-5.2
9404,medium,3,6.0,2.0,5.7,A,-100.0
9405,high,1,22.0,6.0,2.0,A,-100.0
9406,,1,17.0,21.0,6.2,A,-4.8
9407,low,0,,5.0,8.2,C,
9408,low,4,5.0,30.0,9.0,A,15.0
9409,low,2,18.0,2.0,9.1,A,-100.0
9410,medium,1,12.0,5.0,2.4,A,-100.0
9411,none,3,6.0,11.0,9.6,B,-5.0
9412,none,3,7.0,17.0,8.4,A,5.2
9413,medium,0,17.0,12.0,6.2,A,-100.0
9414,high,0,3.0,10.0,5.9,A,-5.8
9415,none,0,16.0,6.0,4.5,C,-100.0
9416,low,0,19.0,5.0,,D,
9417,high,1,9.0,7.0,8.8,C,-100.0
9418,high,5,8.0,42.0,,D,
9419,medium,1,6.0,3.0,8.9,A,-100.0
9420,high,3,6.0,12.0,7.9,A,-6.2
9421,high,0,14.0,33.0,8.4,B,15.0
9422,high,1,5.0,6.0,9.9,A,-15.8
9423,none,1,20.0,2.0,1.0,A,-100.0
9424,low,1,4.0,1.0,7.5,A,
9425,low,1,21.0,1.0,1.4,C,-100.0
9426,medium,1,17.0,28.0,5.7,C,9.9
9427,medium,1,20.0,5.0,5.9,B,-100.0
9428,low,0,14.0,32.0,5.2,B,15.0
9429,high,2,16.0,0.0,8.2,D,-100.0
9430,medium,0,6.0,1.0,6.3,A,-100.0
9431,high,1,4.0,0.0,3.8,A,-100.0
9432,none,2,24.0,2.0,6.8,A,-100.0
9433,high,4,4.0,34.0,8.9,A,15.0
9434,low,0,9.0,1.0,9.6,C,-100.0
9435,low,1,4.0,15.0,7.5,D,6.6
9436,high,1,7.0,12.0,8.5,B,-7.4
9437,high,2,17.0,38.0,3.7,A,15.0
9438,high,0,22.0,2.0,9.0,A,-100.0
9439,low,2,2.0,15.0,8.4,A,10.5
9440,low,2,10.0,1.0,3.3,B,-100.0
9441,medium,1,16.0,0.0,9.2,D,-100.0
9442,medium,1,7.0,21.0,1.3,B,10.5
9443,low,0,20.0,26.0,2.8,A,-0.5
9444,low,0,10.0,12.0,9.6,A,-9.0
9445,high,2,2.0,7.0,7.0,C,-10.0
9446,none,1,7.0,2.0,8.9,C,-100.0
9447,medium,3,2.0,2.0,9.1,A,-17.0
9448,low,1,6.0,9.0,8.1,A,-9.2
9449,medium,1,20.0,7.0,5.8,C,-100.0
9450,none,3,16.0,8.0,3.1,B,-100.0
9451,high,2,13.0,20.0,2.2,A,-4.4
9452,high,0,12.0,5.0,8.5,A,-100.0
9453,low,1,30.0,13.0,3.2,A,-100.0
9454,low,1,3.0,18.0,8.6,A,15.0
9455,high,0,16.0,8.0,9.3,C,-100.0
9456,none,2,19.0,5.0,8.3,A,-100.0
9457,medium,2,11.0,7.0,8.8,A,-100.0
9458,,0,7.0,12.0,1.2,A,-8.6
9459,medium,2,26.0,2.0,5.3,A,-100.0
9460,none,1,6.0,7.0,9.1,B,-13.5
9461,none,1,4.0,20.0,6.1,C,15.0
9462,low,3,10.0,2.0,9.9,A,-100.0
9463,medium,0,4.0,10.0,5.4,A,-5.2
9464,low,2,16.0,1.0,9.1,A,-100.0
9465,low,3,19.0,6.0,6.8,A,-100.0
9466,high,1,1.0,21.0,5.7,A,15.0
9467,high,0,25.0,6.0,5.8,A,-100.0
9468,medium,0,17.0,9.0,9.7,C,-100.0
9469,low,1,20.0,9.0,6.4,C,-100.0
9470,medium,1,18.0,13.0,9.5,A,-100.0
9471,medium,1,23.0,22.0,2.8,A,-14.6
9472,high,1,4.0,4.0,9.0,A,-18.7
9473,low,0,8.0,5.0,1.5,A,-100.0
9474,medium,1,8.0,38.0,5.1,B,15.0
9475,high,4,10.0,3.0,5.9,A,-100.0
9476,high,0,4.0,18.0,9.4,A,11.0
9477,medium,4,18.0,2.0,8.0,A,-100.0
9478,high,1,6.0,13.0,5.5,A,-5.1
9479,low,2,32.0,12.0,1.9,C,-100.0
9480,low,3,24.0,16.0,1.8,A,-100.0
9481,medium,2,3.0,7.0,6.0,A,-9.6
9482,none,1,12.0,10.0,6.5,A,-19.0
9483,high,0,30.0,30.0,1.2,A,
9484,medium,2,6.0,8.0,5.2,A,-13.2
9485,medium,3,6.0,7.0,5.2,A,-15.4
9486,medium,0,13.0,2.0,2.2,B,-100.0
9487,medium,1,4.0,12.0,3.5,A,-2.0
9488,low,4,5.0,50.0,1.3,A,15.0
9489,high,1,15.0,9.0,5.6,D,-100.0
9490,low,2,12.0,5.0,3.3,A,-100.0
9491,high,1,15.0,16.0,3.6,C,-15.5
9492,high,2,18.0,10.0,9.5,C,-100.0
9493,medium,2,4.0,27.0,5.3,A,15.0
9494,medium,1,13.0,2.0,9.1,A,-100.0
9495,high,5,10.0,26.0,6.9,A,15.0
9496,none,0,14.0,13.0,8.4,C,-15.1
9497,low,2,3.0,14.0,5.3,C,5.1
9498,high,1,3.0,9.0,6.1,B,-7.9
9499,low,0,13.0,4.0,9.1,A,-100.0
9500,low,2,8.0,50.0,9.3,A,15.0
9501,medium,3,14.0,10.0,5.4,A,-100.0
9502,medium,2,12.0,9.0,9.3,A,-19.5
9503,high,0,3.0,18.0,4.1,A,10.1
9504,low,1,4.0,4.0,8.8,D,-15.8
9505,medium,1,6.0,23.0,2.7,A,15.0
9506,none,2,12.0,8.0,3.7,A,-100.0
9507,high,1,25.0,20.0,3.7,A,-100.0
9508,medium,3,4.0,27.0,9.1,A,15.0
9509,none,1,7.0,11.0,6.1,A,-8.3
9510,high,3,4.0,26.0,9.2,A,15.0
9511,none,0,5.0,2.0,3.2,C,-100.0
9512,high,1,4.0,21.0,5.4,A,15.0
9513,high,0,22.0,1.0,7.7,A,-100.0
9514,none,0,9.0,12.0,6.4,D,-9.5
9515,low,1,12.0,9.0,6.0,A,-100.0
9516,none,2,15.0,8.0,3.5,D,-100.0
9517,medium,0,8.0,6.0,9.6,A,-18.5
9518,high,0,9.0,10.0,5.2,A,-16.7
9519,medium,2,8.0,2.0,7.5,A,-100.0
9520,low,4,11.0,5.0,8.2,A,-100.0
9521,none,1,6.0,3.0,8.5,A,-100.0
9522,none,1,11.0,30.0,3.1,D,15.0
9523,low,2,3.0,5.0,5.9,A,-13.5
9524,high,1,13.0,8.0,9.2,A,-100.0
9525,medium,2,6.0,5.0,9.4,A,-17.4
9526,high,4,3.0,25.0,7.4,B,15.0
9527,high,2,18.0,50.0,3.0,A,15.0
9528,high,2,,5.0,9.2,C,
9529,low,2,19.0,4.0,7.6,A,-100.0
9530,none,2,23.0,12.0,9.3,A,-100.0
9531,none,1,9.0,2.0,9.3,C,-100.0
9532,high,1,5.0,5.0,7.5,A,-19.1
9533,medium,2,3.0,6.0,9.5,B,-10.0
9534,,1,13.0,17.0,1.9,A,-8.3
9535,medium,2,9.0,1.0,9.1,A,-100.0
9536,low,1,8.0,5.0,1.8,C,-100.0
9537,none,2,2.0,10.0,8.6,D,-0.5
9538,high,1,7.0,8.0,3.9,C,-18.1
9539,high,1,4.0,1.0,8.6,A,-100.0
9540,high,3,16.0,5.0,5.0,B,-100.0
9541,high,2,33.0,5.0,6.9,C,-100.0
9542,medium,0,4.0,14.0,4.8,A,2.9
9543,medium,0,11.0,3.0,7.8,A,-100.0
9544,low,0,3.0,21.0,9.9,C,15.0
9545,low,3,3.0,1.0,9.7,A,-100.0
9546,medium,1,11.0,16.0,8.2,B,-3.5
9547,high,4,6.0,22.0,3.1,B,12.3
9548,medium,3,10.0,22.0,3.2,A,8.1
9549,low,0,1.0,1.0,4.3,A,-19.0
9550,low,1,11.0,4.0,1.9,A,-100.0
9551,low,1,13.0,7.0,9.9,C,-100.0
9552,high,0,20.0,16.0,3.0,D,-100.0
9553,high,2,5.0,0.0,8.3,A,-100.0
9554,none,2,1.0,12.0,6.8,A,4.5
9555,medium,0,23.0,35.0,9.1,A,15.0
9556,high,1,22.0,2.0,9.1,B,-100.0
9557,medium,1,2.0,50.0,5.6,C,15.0
9558,low,2,7.0,1.0,1.8,D,-100.0
9559,high,4,19.0,5.0,9.4,C,-100.0
9560,high,1,,5.0,9.4,C,
9561,medium,0,20.0,2.0,1.9,B,-100.0
9562,high,0,7.0,2.0,8.3,A,-100.0
9563,,0,3.0,3.0,6.5,B,-17.8
9564,low,1,3.0,7.0,9.7,A,-7.3
9565,high,2,7.0,9.0,8.5,A,-13.8
9566,medium,1,16.0,3.0,5.4,D,-100.0
9567,low,2,17.0,13.0,8.8,D,-19.8
9568,high,0,4.0,18.0,9.4,A,11.0
9569,low,2,20.0,13.0,6.5,A,-100.0
9570,none,3,31.0,12.0,6.3,A,-100.0
9571,high,3,2.0,2.0,6.0,A,-100.0
9572,high,3,12.0,8.0,3.5,A,-100.0
9573,medium,0,9.0,0.0,8.9,A,-100.0
9574,medium,1,1.0,7.0,9.9,A,-4.1
9575,none,2,19.0,14.0,8.3,A,-100.0
9576,high,1,15.0,14.0,3.6,A,-19.7
9577,medium,0,11.0,3.0,4.2,A,-100.0
9578,high,3,10.0,45.0,8.6,A,15.0
9579,high,3,10.0,7.0,1.6,A,-100.0
9580,medium,0,9.0,3.0,8.8,A,-100.0
9581,high,0,14.0,3.0,2.3,A,-100.0
9582,medium,0,4.0,7.0,5.3,A,-11.5
9583,none,1,19.0,1.0,9.4,A,-100.0
9584,medium,1,8.0,7.0,1.1,A,-100.0
9585,high,0,5.0,7.0,9.4,A,-13.9
9586,medium,1,11.0,1.0,4.0,A,-100.0
9587,low,1,5.0,15.0,3.5,A,2.9
9588,low,3,18.0,4.0,6.1,A,-100.0
9589,low,1,7.0,25.0,9.0,C,15.0
9590,low,2,8.0,3.0,9.1,A,-100.0
9591,high,3,24.0,13.0,1.6,D,-100.0
9592,medium,2,8.0,3.0,3.0,A,-100.0
9593,medium,1,5.0,5.0,4.7,C,-17.9
9594,none,1,8.0,25.0,8.0,A,15.0
9595,none,0,4.0,8.0,4.2,A,-10.2
9596,medium,4,11.0,15.0,9.2,B,-5.5
9597,medium,0,6.0,12.0,1.4,B,-6.5
9598,high,1,26.0,2.0,2.8,A,-100.0
9599,high,2,6.0,8.0,7.3,D,-14.8
9600,high,0,10.0,15.0,1.8,A,-9.6
9601,high,1,8.0,11.0,10.0,A,-10.5
9602,low,3,6.0,6.0,7.5,A,-16.0
9603,none,1,4.0,16.0,8.2,B,8.5
9604,low,2,11.0,7.0,8.9,C,-100.0
9605,none,1,5.0,2.0,2.5,A,-100.0
9606,none,0,13.0,30.0,8.2,A,15.0
9607,none,2,10.0,8.0,9.1,A,-18.5
9608,high,0,2.0,0.0,6.5,A,-100.0
9609,medium,0,13.0,8.0,9.8,A,-100.0
9610,medium,2,38.0,1.0,9.5,C,-100.0
9611,low,0,7.0,4.0,9.1,A,-100.0
9612,low,3,11.0,50.0,2.9,A,15.0
9613,low,0,6.0,2.0,2.8,A,-100.0
9614,low,1,7.0,21.0,2.3,D,11.4
9615,none,3,26.0,2.0,9.9,B,-100.0
9616,low,3,3.0,10.0,9.6,A,-1.3
9617,none,5,33.0,9.0,3.8,C,-100.0
9618,low,1,9.0,2.0,5.3,A,-100.0
9619,medium,2,12.0,6.0,9.6,C,-100.0
9620,,2,7.0,1.0,8.4,D,-100.0
9621,low,2,23.0,11.0,3.0,B,-100.0
9622,low,1,6.0,9.0,7.6,A,-9.4
9623,low,1,5.0,12.0,7.6,A,-1.4
9624,medium,1,3.0,6.0,8.8,A,-10.3
9625,medium,2,5.0,8.0,1.3,A,-13.4
9626,high,1,6.0,4.0,4.6,C,-100.0
9627,low,3,12.0,0.0,,D,
9628,high,0,17.0,14.0,9.2,A,-100.0
9629,medium,2,7.0,40.0,1.4,B,15.0
9630,high,1,14.0,18.0,9.6,A,-6.5
9631,high,1,29.0,8.0,4.6,A,-100.0
9632,low,1,14.0,6.0,9.1,A,-100.0
9633,medium,1,2.0,22.0,5.9,A,15.0
9634,none,3,9.0,9.0,1.7,A,-18.4
9635,medium,1,1.0,7.0,1.7,A,-8.2
9636,none,1,1.0,1.0,8.6,C,-17.6
9637,low,0,13.0,3.0,2.5,A,-100.0
9638,low,1,14.0,7.0,5.1,A,-100.0
9639,high,0,9.0,39.0,8.0,A,15.0
9640,high,3,11.0,10.0,6.2,A,-20.0
9641,low,2,6.0,0.0,9.0,D,-100.0
9642,medium,3,5.0,3.0,7.5,A,-100.0
9643,high,1,15.0,17.0,2.9,A,-13.7
9644,high,1,6.0,5.0,6.4,A,-100.0
9645,none,0,4.0,7.0,5.5,A,-11.7
9646,medium,1,7.0,27.0,8.4,A,15.0
9647,high,0,6.0,5.0,6.3,A,-100.0
9648,low,3,1.0,12.0,8.3,C,5.8
9649,medium,0,5.0,5.0,8.7,A,-15.8
9650,medium,1,5.0,7.0,2.1,C,-15.0
9651,medium,2,7.0,11.0,5.7,A,-8.4
9652,none,0,4.0,2.0,6.5,C,-100.0
9653,medium,2,2.0,30.0,6.3,A,15.0
9654,none,2,5.0,26.0,1.7,A,15.0
9655,medium,0,5.0,8.0,3.0,A,-12.3
9656,medium,2,8.0,27.0,7.5,B,15.0
9657,low,2,4.0,8.0,7.8,A,-8.0
9658,low,0,15.0,28.0,8.9,A,15.0
9659,medium,1,10.0,1.0,8.3,D,-100.0
9660,high,4,0.0,9.0,1.4,A,-5.3
9661,low,3,5.0,13.0,1.5,A,-2.5
9662,low,0,19.0,4.0,8.6,A,-100.0
9663,low,1,17.0,21.0,9.8,C,-2.4
9664,low,2,9.0,1.0,8.7,A,-100.0
9665,low,3,15.0,7.0,2.9,A,-100.0
9666,high,1,9.0,7.0,9.9,A,-100.0
9667,high,2,2.0,7.0,8.8,C,-9.1
9668,high,1,8.0,13.0,9.5,A,-6.6
9669,high,0,4.0,5.0,6.1,D,-18.0
9670,low,2,8.0,5.0,2.4,B,-100.0
9671,medium,0,3.0,9.0,4.9,A,-5.8
9672,low,3,5.0,6.0,8.7,C,-13.6
9673,none,1,8.0,2.0,1.2,A,-100.0
9674,high,4,3.0,18.0,,D,
9675,low,1,4.0,12.0,1.1,C,-2.9
9676,high,3,4.0,4.0,8.8,C,-19.0
9677,medium,1,3.0,4.0,9.2,B,-14.3
9678,high,2,7.0,11.0,8.5,B,-9.6
9679,medium,1,5.0,17.0,9.4,C,9.7
9680,low,1,2.0,1.0,8.1,B,-19.0
9681,none,0,4.0,10.0,4.6,A,-5.8
9682,high,1,6.0,12.0,9.5,A,-5.2
9683,high,3,2.0,0.0,9.3,A,-100.0
9684,high,1,8.0,13.0,1.1,C,-10.8
9685,high,0,29.0,6.0,9.0,A,-100.0
9686,low,4,6.0,4.0,9.7,A,-19.2
9687,none,2,9.0,8.0,8.9,C,-16.8
9688,medium,2,6.0,22.0,7.4,A,15.0
9689,none,4,1.0,19.0,2.1,A,15.0
9690,medium,0,12.0,35.0,1.0,A,15.0
9691,high,1,10.0,21.0,9.9,A,6.9
9692,high,0,20.0,12.0,5.1,A,-100.0
9693,medium,1,26.0,5.0,2.3,A,-100.0
9694,high,2,7.0,1.0,8.3,B,-100.0
9695,medium,1,11.0,9.0,9.7,A,-17.5
9696,low,0,12.0,12.0,9.6,C,-12.5
9697,medium,2,8.0,25.0,3.7,A,15.0
9698,high,0,1.0,1.0,9.3,A,-19.5
9699,medium,0,3.0,11.0,8.4,A,0.2
9700,high,0,21.0,5.0,1.9,D,-100.0
9701,medium,0,5.0,25.0,9.9,A,15.0
9702,medium,2,14.0,11.0,5.7,A,-100.0
9703,none,1,5.0,9.0,2.8,D,-10.7
9704,medium,1,7.0,6.0,6.0,D,-18.6
9705,low,1,1.0,2.0,1.6,A,-18.4
9706,none,1,4.0,1.0,9.8,A,-100.0
9707,low,2,1.0,4.0,7.3,A,-11.4
9708,medium,1,4.0,6.0,2.3,C,-15.2
9709,medium,1,11.0,1.0,4.8,A,-100.0
9710,high,2,6.0,10.0,2.7,B,-12.9
9711,high,1,9.0,3.0,8.9,A,-100.0
9712,none,2,12.0,21.0,7.1,C,4.3
9713,none,0,2.0,3.0,9.0,A,-14.8
9714,none,1,6.0,6.0,5.7,A,-17.3
9715,none,1,7.0,9.0,8.3,A,-11.4
9716,low,2,6.0,9.0,8.7,A,-9.0
9717,medium,4,2.0,12.0,1.6,A,0.2
9718,high,3,1.0,17.0,7.4,B,12.8
9719,high,1,11.0,31.0,8.5,B,15.0
9720,none,0,17.0,11.0,3.7,A,-100.0
9721,low,0,3.0,38.0,9.2,A,15.0
9722,high,2,12.0,23.0,9.0,C,7.1
9723,low,0,4.0,16.0,8.6,A,9.4
9724,medium,4,7.0,10.0,4.1,A,-11.5
9725,medium,2,7.0,16.0,1.6,B,0.0
9726,medium,2,10.0,4.0,8.2,C,-100.0
9727,low,1,5.0,0.0,8.9,A,-100.0
9728,high,1,6.0,6.0,7.7,D,-18.7
9729,high,2,10.0,2.0,3.6,A,-100.0
9730,high,3,10.0,0.0,9.2,A,-100.0
9731,low,1,2.0,20.0,8.9,C,15.0
9732,high,3,3.0,30.0,6.5,B,15.0
9733,high,4,5.0,1.0,8.1,C,-100.0
9734,medium,3,10.0,15.0,1.3,C,-7.5
9735,low,1,6.0,43.0,6.4,A,15.0
9736,medium,1,8.0,28.0,10.0,A,15.0
9737,high,1,16.0,9.0,7.8,A,-100.0
9738,medium,1,7.0,1.0,8.1,B,-100.0
9739,medium,3,15.0,34.0,6.5,A,15.0
9740,none,4,2.0,50.0,2.9,A,15.0
9741,none,3,3.0,15.0,2.8,A,5.2
9742,low,1,5.0,1.0,4.6,C,-100.0
9743,medium,0,12.0,6.0,8.9,A,-100.0
9744,low,1,13.0,6.0,2.9,A,-100.0
9745,medium,1,1.0,16.0,9.8,A,14.7
9746,medium,0,5.0,0.0,8.8,D,-100.0
9747,low,2,1.0,13.0,8.7,C,8.2
9748,low,0,21.0,8.0,9.7,A,-100.0
9749,high,2,5.0,7.0,5.9,A,-15.8
9750,medium,2,13.0,1.0,9.0,D,-100.0
9751,medium,1,6.0,23.0,2.9,A,15.0
9752,low,0,6.0,8.0,2.0,A,-14.2
9753,low,4,11.0,7.0,9.7,A,-100.0
9754,low,0,10.0,20.0,9.4,A,7.7
9755,high,0,13.0,5.0,9.3,C,-100.0
9756,none,1,20.0,0.0,4.3,A,-100.0
9757,high,3,20.0,4.0,8.9,A,-100.0
9758,high,0,16.0,27.0,6.2,C,7.3
9759,high,1,20.0,15.0,8.7,A,-100.0
9760,none,1,13.0,4.0,5.1,C,-100.0
9761,high,1,11.0,24.0,9.7,D,11.4
9762,high,2,4.0,16.0,4.9,A,4.3
9763,none,2,3.0,0.0,1.5,A,-100.0
9764,high,2,2.0,3.0,6.3,A,-18.8
9765,high,2,12.0,1.0,5.2,C,-100.0
9766,low,4,6.0,31.0,5.7,C,15.0
9767,high,1,4.0,6.0,8.3,A,-14.9
9768,medium,0,14.0,13.0,8.1,A,-15.0
9769,medium,3,9.0,10.0,7.3,B,-13.3
9770,low,4,21.0,20.0,9.1,A,-12.1
9771,low,0,11.0,7.0,9.8,A,-100.0
9772,none,3,10.0,5.0,3.6,A,-100.0
9773,low,0,8.0,17.0,9.2,A,4.8
9774,low,0,15.0,17.0,2.0,A,-11.1
9775,none,3,8.0,16.0,7.5,A,0.9
9776,high,1,3.0,9.0,9.9,A,-6.0
9777,high,1,17.0,7.0,5.1,A,-100.0
9778,medium,1,30.0,6.0,7.7,A,-100.0
9779,medium,5,3.0,31.0,2.1,A,15.0
9780,low,3,30.0,1.0,9.8,C,-100.0
9781,high,2,8.0,3.0,5.6,A,-100.0
9782,low,3,13.0,1.0,5.6,A,-100.0
9783,medium,1,7.0,5.0,6.0,A,-100.0
9784,medium,2,4.0,8.0,6.9,A,-8.9
9785,none,1,7.0,6.0,3.0,A,-100.0
9786,high,2,4.0,3.0,4.6,D,-100.0
9787,high,2,9.0,8.0,1.8,A,-100.0
9788,medium,0,6.0,4.0,6.5,C,-100.0
9789,low,2,2.0,19.0,4.4,C,15.0
9790,none,0,19.0,2.0,9.5,A,-100.0
9791,high,1,19.0,50.0,2.9,B,15.0
9792,high,3,2.0,50.0,6.5,A,15.0
9793,high,1,6.0,6.0,4.1,A,-100.0
9794,low,0,10.0,1.0,2.7,B,-100.0
9795,none,1,9.0,11.0,7.8,C,-11.0
9796,high,2,13.0,9.0,3.4,C,-100.0
9797,none,0,13.0,12.0,4.8,A,-17.3
9798,high,3,6.0,25.0,6.4,B,15.0
9799,none,2,3.0,17.0,8.9,A,12.6
9800,high,4,4.0,15.0,8.4,A,3.8
9801,high,1,9.0,9.0,9.7,A,-16.6
9802,low,0,11.0,8.0,4.2,A,-100.0
9803,low,1,4.0,8.0,5.4,A,-9.1
9804,none,3,8.0,11.0,7.8,A,-9.4
9805,low,1,23.0,11.0,4.3,B,-100.0
9806,medium,3,5.0,5.0,3.0,A,-19.0
9807,none,1,7.0,4.0,3.1,C,-100.0
9808,medium,1,17.0,6.0,6.5,A,-100.0
9809,medium,4,5.0,7.0,2.8,C,-14.9
9810,high,0,22.0,4.0,5.2,A,-100.0
9811,high,1,4.0,22.0,3.6,A,15.0
9812,medium,1,6.0,0.0,8.5,C,-100.0
9813,high,0,,29.0,1.4,C,
9814,medium,1,9.0,0.0,9.6,A,-100.0
9815,low,0,6.0,1.0,8.8,A,-100.0
9816,none,1,3.0,23.0,7.3,B,15.0
9817,medium,0,13.0,5.0,1.8,A,-100.0
9818,low,1,19.0,10.0,9.9,A,-100.0
9819,none,2,3.0,7.0,9.8,A,-8.0
9820,medium,3,16.0,18.0,9.5,B,-7.6
9821,medium,1,5.0,16.0,9.5,A,7.6
9822,none,0,12.0,10.0,8.2,A,-18.0
9823,none,4,15.0,15.0,1.2,C,-16.7
9824,high,1,15.0,26.0,6.1,C,6.8
9825,high,2,11.0,21.0,9.2,C,4.7
9826,,2,2.0,0.0,8.4,B,-100.0
9827,medium,2,13.0,2.0,7.9,A,-100.0
9828,low,4,18.0,5.0,5.2,A,-100.0
9829,low,2,12.0,10.0,4.9,C,-19.3
9830,low,2,12.0,3.0,1.2,A,-100.0
9831,,1,11.0,3.0,7.7,A,-100.0
9832,high,1,7.0,3.0,9.9,A,-100.0
9833,high,1,20.0,1.0,5.6,D,-100.0
9834,none,1,11.0,0.0,5.3,A,-100.0
9835,high,0,17.0,17.0,2.0,A,-17.6
9836,high,0,5.0,2.0,9.8,C,-100.0
9837,high,3,17.0,7.0,3.2,A,-100.0
9838,high,1,3.0,9.0,4.2,A,-8.9
9839,medium,2,18.0,9.0,9.1,A,-100.0
9840,high,1,4.0,2.0,9.0,A,-100.0
9841,high,2,14.0,0.0,9.5,B,-100.0
9842,low,0,1.0,25.0,10.0,A,15.0
9843,none,0,6.0,17.0,9.4,A,7.8
9844,low,2,17.0,6.0,9.2,A,-100.0
9845,medium,2,23.0,1.0,2.5,A,-100.0
9846,high,1,4.0,9.0,8.7,D,-8.4
9847,low,0,23.0,50.0,8.6,B,15.0
9848,high,3,6.0,16.0,8.2,A,2.4
9849,,3,10.0,17.0,3.6,A,-2.4
9850,high,3,13.0,6.0,6.0,A,-100.0
9851,low,0,12.0,6.0,4.9,D,-100.0
9852,medium,4,16.0,10.0,8.6,C,-100.0
9853,none,3,20.0,6.0,9.0,C,-100.0
9854,low,0,8.0,3.0,9.3,A,-100.0
9855,medium,1,7.0,17.0,5.4,A,4.1
9856,medium,2,12.0,6.0,1.5,A,-100.0
9857,medium,2,2.0,22.0,9.6,C,15.0
9858,low,1,6.0,5.0,9.3,D,-17.0
9859,none,3,14.0,9.0,6.9,A,-100.0
9860,low,2,5.0,12.0,6.5,C,-2.0
9861,medium,2,2.0,16.0,8.5,A,12.3
9862,none,0,12.0,18.0,1.2,A,-4.7
9863,medium,2,3.0,11.0,1.9,A,-3.3
9864,,1,14.0,15.0,1.6,A,-14.4
9865,low,3,3.0,28.0,1.5,A,15.0
9866,high,1,10.0,1.0,8.4,B,-100.0
9867,high,1,20.0,13.0,9.3,C,-100.0
9868,medium,2,7.0,1.0,1.6,C,-100.0
9869,high,1,9.0,10.0,1.5,C,-18.6
9870,medium,0,14.0,14.0,10.0,C,-12.0
9871,high,1,4.0,7.0,8.4,B,-12.7
9872,medium,2,3.0,8.0,5.1,A,-8.0
9873,medium,1,17.0,27.0,2.5,A,6.2
9874,low,3,24.0,0.0,8.6,A,-100.0
9875,high,2,19.0,9.0,9.9,C,-100.0
9876,low,0,17.0,1.0,8.8,A,-100.0
9877,low,0,8.0,0.0,9.5,A,-100.0
9878,low,2,21.0,10.0,5.5,A,-100.0
9879,low,2,4.0,4.0,6.5,C,-17.1
9880,low,1,3.0,26.0,1.3,B,15.0
9881,low,0,14.0,34.0,6.2,B,15.0
9882,high,4,14.0,4.0,9.0,C,-100.0
9883,low,3,6.0,12.0,6.0,D,-4.1
9884,low,4,9.0,0.0,10.0,A,-100.0
9885,medium,1,17.0,3.0,8.3,A,-100.0
9886,medium,0,3.0,4.0,2.0,A,-17.7
9887,low,1,15.0,1.0,8.1,A,-100.0
9888,high,3,2.0,28.0,2.1,A,15.0
9889,medium,1,7.0,1.0,7.7,C,-100.0
9890,low,1,7.0,12.0,8.7,A,-4.3
9891,low,0,7.0,4.0,3.4,A,-100.0
9892,none,1,22.0,2.0,1.8,A,-100.0
9893,low,0,4.0,7.0,9.1,A,-9.3
9894,low,1,7.0,1.0,5.9,A,-100.0
9895,none,0,16.0,14.0,8.1,A,-16.7
9896,medium,2,9.0,46.0,2.5,B,15.0
9897,medium,0,6.0,5.0,6.5,C,-18.6
9898,low,2,8.0,1.0,4.7,C,-100.0
9899,high,2,7.0,44.0,8.4,A,15.0
9900,medium,4,6.0,2.0,8.6,A,-100.0
9901,low,0,14.0,9.0,9.7,C,-100.0
9902,medium,1,6.0,13.0,9.7,C,-0.3
9903,none,1,14.0,9.0,8.4,C,-100.0
9904,low,2,8.0,28.0,3.9,B,15.0
9905,low,0,3.0,1.0,7.0,A,-100.0
9906,high,0,2.0,9.0,9.1,C,-4.6
9907,low,2,9.0,4.0,5.1,C,-100.0
9908,medium,1,17.0,36.0,4.7,A,15.0
9909,medium,1,11.0,9.0,3.6,A,-100.0
9910,medium,3,9.0,23.0,9.8,B,15.0
9911,high,1,15.0,13.0,8.5,A,-19.3
9912,high,0,6.0,16.0,1.3,A,-0.8
9913,medium,1,3.0,10.0,4.8,C,-3.8
9914,,0,8.0,6.0,7.0,A,-100.0
9915,low,1,6.0,2.0,8.3,A,-100.0
9916,low,1,6.0,2.0,6.3,B,-100.0
9917,high,1,23.0,10.0,9.2,A,-100.0
9918,low,3,20.0,3.0,9.8,A,-100.0
9919,medium,5,6.0,12.0,8.4,B,-3.5
9920,high,0,7.0,10.0,2.2,C,-14.7
9921,high,4,15.0,13.0,9.6,D,-19.1
9922,none,1,10.0,7.0,6.6,A,-100.0
9923,high,2,4.0,8.0,9.2,B,-10.3
9924,low,1,3.0,3.0,6.8,A,-17.2
9925,low,0,13.0,11.0,8.1,A,-17.1
9926,medium,2,5.0,0.0,3.1,A,-100.0
9927,medium,2,13.0,7.0,9.7,C,-100.0
9928,high,3,19.0,7.0,7.6,A,-100.0
9929,high,3,16.0,20.0,6.1,A,-7.8
9930,low,1,12.0,22.0,1.2,C,4.2
9931,high,3,10.0,2.0,3.4,B,-100.0
9932,medium,1,20.0,6.0,9.3,A,-100.0
9933,low,1,6.0,18.0,9.9,A,10.6
9934,low,0,5.0,15.0,3.3,C,2.9
9935,low,3,4.0,36.0,5.3,B,15.0
9936,low,1,10.0,21.0,9.4,A,9.7
9937,medium,3,5.0,36.0,8.4,A,15.0
9938,medium,4,10.0,12.0,7.2,A,-11.0
9939,medium,2,3.0,12.0,9.8,B,2.7
9940,low,0,9.0,10.0,7.4,C,-12.6
9941,low,1,15.0,0.0,2.6,A,-100.0
9942,high,2,3.0,12.0,8.1,A,-0.7
9943,medium,1,3.0,8.0,7.7,A,-6.6
9944,low,2,11.0,8.0,8.1,A,-100.0
9945,high,0,3.0,1.0,7.0,A,-100.0
9946,medium,3,8.0,6.0,5.8,C,-100.0
9947,medium,1,0.0,13.0,9.7,A,10.1
9948,medium,1,17.0,3.0,8.3,C,-100.0
9949,none,1,0.0,0.0,1.5,C,-100.0
9950,medium,1,8.0,20.0,5.9,A,8.9
9951,low,0,11.0,17.0,9.2,A,-0.5
9952,low,2,7.0,1.0,2.3,C,-100.0
9953,medium,2,9.0,23.0,8.9,C,14.9
9954,low,1,22.0,19.0,8.2,A,-16.1
9955,medium,0,14.0,6.0,2.3,A,-100.0
9956,medium,4,10.0,2.0,9.7,A,-100.0
9957,high,3,12.0,17.0,8.3,A,-6.0
9958,high,1,10.0,4.0,3.5,A,-100.0
9959,high,1,4.0,8.0,2.4,A,-13.6
9960,none,0,6.0,3.0,3.6,A,-100.0
9961,none,0,17.0,3.0,2.3,C,-100.0
9962,high,3,10.0,5.0,10.0,C,-100.0
9963,none,0,4.0,22.0,2.3,C,15.0
9964,medium,1,5.0,10.0,4.5,A,-7.5
9965,low,0,26.0,26.0,2.9,A,-11.0
9966,medium,1,7.0,18.0,7.3,A,7.2
9967,medium,1,12.0,8.0,9.8,A,-100.0
9968,high,1,14.0,10.0,5.4,A,-100.0
9969,low,1,16.0,33.0,2.8,A,15.0
9970,medium,2,5.0,16.0,5.1,C,5.3
9971,medium,1,9.0,3.0,9.6,B,-100.0
9972,high,1,2.0,1.0,6.3,A,-100.0
9973,high,1,11.0,3.0,2.5,D,-100.0
9974,low,1,31.0,1.0,9.2,D,-100.0
9975,medium,0,21.0,5.0,4.7,A,-100.0
9976,high,3,20.0,8.0,5.5,C,-100.0
9977,none,3,3.0,5.0,9.9,A,-12.2
9978,high,1,10.0,9.0,5.7,D,-100.0
9979,,0,7.0,16.0,7.1,C,2.8
9980,medium,1,1.0,2.0,3.0,A,-18.0
9981,medium,0,6.0,25.0,8.6,A,15.0
9982,none,0,5.0,48.0,8.6,A,15.0
9983,low,2,7.0,21.0,6.4,B,13.3
9984,medium,1,8.0,6.0,1.4,A,-100.0
9985,high,1,10.0,3.0,8.9,A,-100.0
9986,none,2,7.0,41.0,8.1,D,15.0
9987,high,4,19.0,9.0,9.1,A,-100.0
9988,low,0,5.0,0.0,5.1,A,-100.0
9989,high,3,16.0,2.0,9.0,D,-100.0
9990,none,2,22.0,6.0,3.3,C,-100.0
9991,high,1,,1.0,7.0,C,
9992,none,1,11.0,5.0,5.1,A,-100.0
9993,low,0,32.0,6.0,8.4,A,-100.0
9994,low,0,7.0,12.0,9.2,A,-4.0
9995,medium,1,4.0,2.0,2.7,A,-100.0
9996,medium,2,13.0,2.0,3.0,C,-100.0
9997,medium,0,1.0,3.0,7.5,A,-13.6
9998,medium,0,14.0,9.0,8.4,A,-100.0
9999,medium,3,3.0,6.0,2.0,C,-13.8
10000,medium,2,22.0,2.0,2.8,A,-100.0
10001,low,0,11.0,4.0,5.2,D,-100.0
10002,low,1,5.0,15.0,3.9,A,3.1
10003,high,1,,15.0,9.5,C,
10004,low,3,14.0,20.0,9.2,A,0.3
10005,high,1,5.0,16.0,9.7,A,5.1
10006,none,2,6.0,4.0,8.9,A,-20.0
10007,high,2,18.0,26.0,8.9,B,2.8
10008,high,2,16.0,25.0,8.7,A,4.1
10009,medium,2,2.0,25.0,3.5,C,15.0
10010,low,2,16.0,3.0,8.4,A,-100.0
10011,high,3,31.0,47.0,9.2,A,15.0
10012,low,1,2.0,9.0,5.4,A,-3.5
10013,high,1,9.0,10.0,2.9,A,-17.9
10014,high,0,2.0,14.0,2.5,C,2.6
10015,medium,0,2.0,11.0,1.4,A,-1.6
10016,high,3,16.0,21.0,3.3,C,-7.1
10017,high,3,13.0,19.0,7.0,A,-4.2
10018,low,2,6.0,32.0,3.3,A,15.0
10019,medium,1,9.0,1.0,8.4,C,-100.0
10020,low,1,8.0,13.0,9.2,A,-3.7
10021,none,1,12.0,5.0,2.9,A,-100.0
10022,low,2,2.0,16.0,9.6,A,13.2
10023,high,3,6.0,20.0,4.1,B,8.7
10024,medium,1,14.0,2.0,9.1,B,-100.0
10025,low,3,4.0,7.0,8.1,A,-10.1
10026,low,1,7.0,3.0,8.3,D,-100.0
10027,medium,2,23.0,32.0,1.8,A,5.7
10028,medium,0,4.0,4.0,2.1,B,-19.5
10029,medium,0,10.0,18.0,8.6,A,2.7
10030,medium,0,1.0,32.0,8.9,A,15.0
10031,low,1,9.0,7.0,8.4,A,-18.5
10032,none,0,8.0,30.0,7.6,A,15.0
10033,none,0,8.0,24.0,9.7,A,15.0
10034,medium,0,8.0,4.0,6.5,A,-100.0
10035,none,0,4.0,15.0,2.7,A,3.7
10036,high,2,10.0,22.0,2.2,A,5.1
10037,high,3,6.0,4.0,7.7,C,-100.0
10038,low,1,9.0,6.0,8.9,C,-100.0
10039,none,0,3.0,29.0,1.2,A,15.0
10040,high,2,1.0,0.0,2.1,A,-100.0
10041,low,1,5.0,4.0,3.5,A,-100.0
10042,low,1,15.0,21.0,9.9,C,1.2
10043,low,3,0.0,49.0,9.2,A,15.0
10044,low,3,9.0,12.0,8.7,A,-8.0
10045,medium,0,13.0,1.0,2.3,A,-100.0
10046,high,3,6.0,26.0,5.0,A,15.0
10047,none,1,6.0,3.0,1.7,B,-100.0
10048,high,2,9.0,30.0,9.3,C,15.0
10049,medium,1,17.0,10.0,10.0,B,-100.0
10050,low,3,18.0,11.0,4.7,C,-100.0
10051,high,1,9.0,4.0,7.1,A,-100.0
10052,medium,0,14.0,5.0,8.1,A,-100.0
10053,high,0,10.0,0.0,9.2,A,-100.0
10054,low,2,5.0,3.0,8.8,A,-19.8
10055,low,3,10.0,11.0,4.0,C,-14.2
10056,medium,1,20.0,5.0,2.1,A,-100.0
10057,none,0,6.0,7.0,5.7,C,-15.1
10058,medium,0,18.0,0.0,4.7,C,-100.0
10059,high,3,11.0,20.0,9.6,D,2.7
10060,medium,2,16.0,10.0,9.3,A,-100.0
10061,high,0,2.0,34.0,9.2,C,15.0
10062,low,2,7.0,1.0,4.4,A,-100.0
10063,medium,1,7.0,4.0,8.6,B,-100.0
10064,medium,3,11.0,1.0,9.8,C,-100.0
10065,low,0,7.0,4.0,9.8,A,-100.0
10066,low,2,17.0,50.0,5.3,A,15.0
10067,none,2,13.0,18.0,3.1,A,-5.7
10068,none,1,27.0,1.0,5.0,A,-100.0
10069,none,4,23.0,5.0,8.3,A,-100.0
10070,none,2,6.0,1.0,8.7,A,-100.0
10071,high,2,15.0,15.0,1.7,A,-18.6
10072,low,0,28.0,14.0,4.7,A,-100.0
10073,low,2,10.0,41.0,8.7,B,15.0
10074,none,2,17.0,7.0,2.4,A,-100.0
10075,none,3,16.0,12.0,9.7,C,-100.0
10076,medium,0,10.0,0.0,3.7,C,-100.0
10077,low,1,10.0,6.0,1.7,D,-100.0
10078,low,0,18.0,4.0,3.8,B,-100.0
10079,high,1,6.0,4.0,9.6,A,-100.0
10080,high,2,6.0,19.0,7.9,C,8.6
10081,low,1,7.0,1.0,3.2,A,-100.0
10082,medium,0,10.0,11.0,9.7,A,-11.5
10083,low,1,13.0,9.0,9.6,D,-100.0
10084,low,0,13.0,7.0,2.3,A,-100.0
10085,high,0,6.0,18.0,5.2,C,5.4
10086,medium,0,5.0,1.0,9.2,A,-100.0
10087,low,2,10.0,35.0,5.1,C,15.0
10088,high,0,16.0,6.0,3.0,A,-100.0
10089,high,3,6.0,11.0,8.2,A,-8.1
10090,high,1,16.0,8.0,9.6,C,-100.0
10091,low,0,9.0,3.0,1.2,C,-100.0
10092,medium,0,13.0,32.0,9.2,A,15.0
10093,none,0,10.0,2.0,1.7,C,-100.0
10094,medium,1,2.0,1.0,1.7,B,-100.0
10095,low,2,11.0,3.0,3.9,D,-100.0
10096,low,2,3.0,14.0,5.3,C,5.1
10097,none,5,11.0,11.0,9.1,A,-14.2
10098,low,0,7.0,30.0,1.7,A,15.0
10099,medium,1,,0.0,3.1,C,
10100,high,0,21.0,3.0,1.2,A,-100.0
10101,none,1,14.0,49.0,2.4,A,15.0
10102,medium,3,4.0,17.0,9.3,A,11.2
10103,medium,0,7.0,23.0,2.4,A,15.0
10104,,1,9.0,50.0,6.7,C,15.0
10105,high,4,12.0,2.0,1.4,A,-100.0
10106,high,0,2.0,11.0,9.5,A,-0.2
10107,medium,3,2.0,38.0,7.1,C,15.0
10108,none,1,3.0,5.0,3.6,A,-15.2
10109,none,1,8.0,32.0,1.6,A,15.0
10110,high,3,15.0,8.0,2.3,B,-100.0
10111,none,4,6.0,19.0,3.8,C,8.8
10112,none,1,3.0,0.0,3.3,C,-100.0
10113,high,0,4.0,4.0,8.7,A,-18.8
10114,high,2,5.0,20.0,5.6,A,11.3
10115,low,3,5.0,4.0,2.2,C,-100.0
10116,low,2,10.0,9.0,7.2,A,-16.7
10117,high,3,5.0,27.0,8.3,A,15.0
10118,high,2,3.0,8.0,6.0,A,-10.2
10119,none,2,4.0,6.0,3.5,A,-15.0
10120,high,0,17.0,13.0,2.7,A,-100.0
10121,low,1,12.0,4.0,6.2,C,-100.0
10122,none,1,4.0,1.0,8.6,A,-100.0
10123,medium,1,7.0,4.0,2.1,D,-100.0
10124,low,0,10.0,6.0,10.0,A,-100.0
10125,low,1,8.0,6.0,8.7,D,-18.7
10126,medium,1,13.0,6.0,8.9,A,-100.0
10127,none,1,9.0,23.0,9.0,A,14.8
10128,low,0,5.0,27.0,1.4,A,15.0
10129,none,2,3.0,7.0,3.7,D,-11.0
10130,low,5,6.0,2.0,2.2,C,-100.0
10131,none,1,6.0,14.0,9.1,B,1.2
10132,none,1,3.0,14.0,5.2,A,4.5
10133,none,2,21.0,13.0,3.4,A,-100.0
10134,low,0,3.0,2.0,9.7,D,-17.7
10135,medium,1,16.0,9.0,6.6,A,-100.0
10136,high,0,10.0,6.0,8.3,A,-100.0
10137,high,1,14.0,3.0,1.7,C,-100.0
10138,low,2,10.0,9.0,8.8,A,-15.9
10139,medium,2,16.0,5.0,2.7,A,-100.0
10140,medium,0,4.0,13.0,6.6,A,1.7
10141,high,1,7.0,13.0,9.7,C,-4.7
10142,none,4,10.0,23.0,9.4,B,13.0
10143,medium,2,12.0,0.0,9.4,A,-100.0
10144,medium,3,21.0,4.0,9.5,A,-100.0
10145,medium,2,10.0,19.0,9.9,A,5.3
10146,low,1,8.0,0.0,5.6,C,-100.0
10147,high,1,14.0,20.0,6.8,A,-3.7
10148,medium,3,22.0,1.0,9.7,A,-100.0
10149,medium,3,4.0,11.0,2.7,B,-4.7
10150,medium,2,9.0,9.0,9.3,A,-14.3
10151,low,1,11.0,5.0,8.2,C,-100.0
10152,high,0,12.0,5.0,4.4,C,-100.0
10153,low,2,8.0,4.0,2.2,C,-100.0
10154,low,1,8.0,7.0,9.6,A,-16.1
10155,low,4,11.0,6.0,2.4,C,-100.0
10156,low,1,16.0,12.0,8.4,A,-100.0
10157,low,1,1.0,1.0,9.4,A,-16.6
10158,low,1,3.0,3.0,9.2,C,-16.0
10159,low,2,3.0,2.0,4.7,A,-100.0
10160,none,0,18.0,21.0,9.1,A,-5.0
10161,medium,2,4.0,7.0,7.0,A,-10.9
10162,medium,1,5.0,7.0,7.1,B,-12.5
10163,low,1,14.0,8.0,3.7,A,-100.0
10164,medium,4,1.0,27.0,8.2,C,15.0
10165,,1,11.0,2.0,8.3,A,-100.0
10166,medium,2,5.0,29.0,6.8,A,15.0
10167,low,1,8.0,3.0,8.4,A,-100.0
10168,low,3,15.0,4.0,9.2,A,-100.0
10169,low,2,5.0,3.0,8.7,A,-19.8
10170,none,2,5.0,14.0,2.9,A,-0.2
10171,medium,2,10.0,6.0,4.1,A,-100.0
10172,none,1,9.0,9.0,3.5,A,-17.3
10173,low,0,,6.0,8.3,C,
10174,low,0,9.0,10.0,2.5,D,-15.0
10175,low,1,5.0,42.0,1.5,C,15.0
10176,medium,0,2.0,4.0,5.2,A,-14.4
10177,high,0,6.0,10.0,8.8,C,-9.6
10178,high,1,18.0,17.0,7.3,C,-16.8
10179,low,1,16.0,14.0,1.4,D,-19.5
10180,medium,3,10.0,30.0,3.1,C,15.0
10181,medium,2,9.0,12.0,7.4,C,-8.9
10182,none,1,11.0,27.0,8.1,D,15.0
10183,low,2,21.0,19.0,9.0,A,-14.1
10184,high,2,28.0,2.0,8.7,A,-100.0
10185,medium,1,1.0,9.0,5.4,D,-2.2
10186,medium,1,17.0,22.0,3.2,C,-4.0
10187,low,1,24.0,18.0,2.6,D,-100.0
10188,medium,3,13.0,0.0,6.0,A,-100.0
10189,low,3,28.0,2.0,8.0,A,-100.0
10190,low,1,17.0,10.0,1.3,A,-100.0
10191,low,1,20.0,1.0,2.4,A,-100.0
10192,medium,1,4.0,26.0,2.0,A,15.0
10193,low,2,17.0,20.0,8.9,A,-5.0
10194,high,0,14.0,1.0,4.8,A,-100.0
10195,medium,1,6.0,4.0,1.2,A,-100.0
10196,none,2,6.0,11.0,9.2,A,-5.1
10197,none,1,7.0,2.0,7.4,A,-100.0
10198,none,2,7.0,8.0,9.4,C,-13.1
10199,none,1,7.0,12.0,1.3,D,-8.6
10200,low,1,3.0,4.0,9.1,A,-13.9
10201,high,0,21.0,12.0,3.3,A,-100.0
10202,none,2,7.0,13.0,8.8,A,-2.9
10203,low,3,9.0,3.0,4.0,A,-100.0
10204,high,0,9.0,4.0,1.6,A,-100.0
10205,low,3,10.0,30.0,9.1,A,15.0
10206,high,5,3.0,2.0,7.0,A,-100.0
10207,low,0,6.0,9.0,7.2,A,-9.5
10208,high,1,4.0,1.0,9.0,D,-100.0
10209,high,1,21.0,2.0,2.1,A,-100.0
10210,high,0,8.0,26.0,9.4,A,15.0
10211,high,1,11.0,17.0,1.4,A,-7.5
10212,low,1,6.0,14.0,10.0,A,2.3
10213,high,1,2.0,18.0,5.5,B,12.4
10214,none,1,8.0,23.0,9.9,D,15.0
10215,low,1,0.0,8.0,3.6,C,-3.0
10216,low,2,4.0,23.0,6.4,C,15.0
10217,none,2,11.0,4.0,9.2,A,-100.0
10218,low,2,2.0,7.0,8.3,A,-6.4
10219,high,0,23.0,6.0,8.4,A,-100.0
10220,high,0,24.0,1.0,4.4,C,-100.0
10221,none,2,8.0,19.0,8.7,B,7.9
10222,high,1,15.0,18.0,5.2,D,-10.5
10223,medium,1,24.0,6.0,2.3,A,-100.0
10224,medium,3,4.0,6.0,2.6,A,-15.3
10225,high,2,1.0,9.0,8.4,A,-3.4
10226,low,4,2.0,20.0,2.4,A,15.0
10227,low,1,1.0,18.0,9.4,A,15.0
10228,none,1,16.0,6.0,9.8,A,-100.0
10229,low,2,3.0,5.0,8.3,A,-12.3
10230,high,1,12.0,27.0,2.0,A,12.1
10231,low,0,10.0,1.0,7.9,D,-100.0
10232,low,0,3.0,28.0,9.0,A,15.0
10233,low,1,3.0,18.0,6.9,A,14.4
10234,high,1,12.0,8.0,9.2,C,-100.0
10235,medium,3,11.0,1.0,9.5,C,-100.0
10236,medium,2,14.0,50.0,8.0,A,15.0
10237,medium,1,6.0,18.0,2.7,A,6.7
10238,medium,2,11.0,12.0,3.5,A,-14.4
10239,,2,3.0,7.0,5.6,B,-10.1
10240,low,2,3.0,19.0,2.0,D,13.9
10241,high,1,6.0,4.0,4.5,D,-100.0
10242,low,0,28.0,14.0,6.4,A,-100.0
10243,medium,0,11.0,15.0,2.2,C,-8.6
10244,medium,3,10.0,21.0,8.2,D,8.5
10245,none,2,3.0,1.0,4.3,A,-100.0
10246,high,1,0.0,4.0,1.3,A,-15.6
10247,low,0,17.0,1.0,7.5,A,-100.0
10248,high,3,1.0,7.0,,A,
10249,high,4,11.0,4.0,6.1,A,-100.0
10250,medium,1,7.0,12.0,9.3,B,-4.4
10251,high,2,10.0,1.0,8.3,A,-100.0
10252,medium,1,4.0,23.0,6.8,C,15.0
10253,low,1,7.0,3.0,1.7,A,-100.0
10254,medium,0,5.0,9.0,1.6,A,-10.9
10255,medium,5,3.0,20.0,5.9,A,15.0
10256,medium,3,16.0,2.0,1.3,D,-100.0
10257,medium,2,2.0,0.0,1.2,C,-100.0
10258,medium,0,9.0,37.0,9.3,A,15.0
10259,low,1,28.0,16.0,1.6,C,-100.0
10260,low,3,2.0,1.0,3.8,A,-100.0
10261,medium,2,9.0,5.0,9.3,B,-100.0
10262,none,3,4.0,26.0,8.7,A,15.0
10263,low,2,5.0,9.0,2.0,A,-10.6
10264,none,2,8.0,1.0,9.3,C,-100.0
10265,low,2,7.0,6.0,9.6,A,-16.6
10266,high,4,25.0,26.0,9.8,C,-9.2
10267,low,0,26.0,23.0,9.8,C,-13.8
10268,high,2,8.0,8.0,3.2,A,-100.0
10269,medium,2,5.0,1.0,1.3,A,-100.0
10270,none,2,1.0,28.0,5.0,A,15.0
10271,none,0,2.0,7.0,4.1,A,-8.9
10272,medium,1,10.0,16.0,9.9,A,-1.0
10273,high,3,28.0,30.0,5.9,A,-7.9
10274,low,1,16.0,19.0,2.8,A,-8.3
10275,high,1,6.0,26.0,2.2,A,15.0
10276,low,3,2.0,4.0,8.5,A,-12.7
10277,high,5,3.0,9.0,7.9,C,-7.4
10278,medium,0,6.0,4.0,3.0,A,-100.0
10279,none,0,4.0,8.0,5.2,A,-9.7
10280,high,1,10.0,6.0,2.2,B,-100.0
10281,low,4,12.0,45.0,4.7,A,15.0
10282,high,0,16.0,29.0,1.1,D,8.9
10283,medium,0,15.0,15.0,2.7,A,-15.3
10284,low,1,7.0,4.0,2.0,A,-100.0
10285,low,0,13.0,2.0,5.5,A,-100.0
10286,low,1,20.0,11.0,8.9,D,-100.0
10287,medium,4,11.0,2.0,9.2,B,-100.0
10288,low,4,11.0,17.0,8.6,A,-1.2
10289,low,1,7.0,25.0,2.9,A,15.0
10290,medium,2,11.0,1.0,8.8,A,-100.0
10291,high,0,7.0,10.0,3.4,A,-14.1
10292,none,4,4.0,6.0,5.9,D,-14.0
10293,low,2,8.0,1.0,4.1,A,-100.0
10294,high,2,1.0,3.0,3.7,A,-18.3
10295,medium,1,9.0,18.0,2.7,C,1.4
10296,low,2,6.0,32.0,3.4,A,15.0
10297,high,0,3.0,1.0,9.2,A,-100.0
10298,low,3,19.0,2.0,9.0,A,-100.0
10299,medium,2,14.0,32.0,2.2,A,15.0
10300,high,2,9.0,2.0,3.7,A,-100.0
10301,none,2,6.0,8.0,9.4,A,-11.3
10302,none,1,4.0,3.0,5.1,B,-100.0
10303,low,1,24.0,6.0,1.3,A,-100.0
10304,medium,3,10.0,8.0,4.6,A,-100.0
10305,low,0,16.0,47.0,3.2,A,15.0
10306,low,1,13.0,14.0,5.0,B,-12.5
10307,low,2,10.0,9.0,2.4,C,-19.1
10308,none,2,16.0,2.0,7.5,C,-100.0
10309,none,1,10.0,8.0,1.6,A,-100.0
10310,high,1,3.0,1.0,8.8,A,-100.0
10311,low,1,7.0,10.0,8.0,A,-8.9
10312,high,3,6.0,16.0,8.5,C,2.5
10313,high,3,7.0,2.0,9.7,A,-100.0
10314,none,2,7.0,2.0,6.9,A,-100.0
10315,medium,3,12.0,4.0,2.2,A,-100.0
10316,none,0,11.0,37.0,9.1,C,15.0
10317,low,2,5.0,11.0,3.2,A,-5.8
10318,low,2,22.0,50.0,2.7,A,15.0
10319,low,4,6.0,2.0,9.7,A,-100.0
10320,none,4,5.0,14.0,4.1,C,0.2
10321,low,0,4.0,6.0,3.2,A,-14.3
10322,low,0,5.0,15.0,6.4,C,4.4
10323,high,0,15.0,2.0,4.9,D,-100.0
10324,high,2,5.0,22.0,2.2,C,13.8
10325,medium,3,9.0,14.0,3.2,D,-6.9
10326,,2,11.0,49.0,2.1,C,15.0
10327,low,0,6.0,7.0,9.8,A,-12.4
10328,none,2,10.0,20.0,9.5,A,6.9
10329,high,0,8.0,1.0,1.7,A,-100.0
10330,high,1,9.0,4.0,7.4,A,-100.0
10331,low,1,18.0,21.0,4.9,A,-6.6
10332,none,0,11.0,0.0,6.6,C,-100.0
10333,,3,6.0,1.0,2.4,C,-100.0
10334,,1,3.0,0.0,8.5,A,-100.0
10335,low,3,12.0,2.0,8.7,C,-100.0
10336,low,0,2.0,2.0,8.8,D,-16.4
10337,high,1,7.0,1.0,6.9,A,-100.0
10338,low,3,10.0,2.0,9.6,A,-100.0
10339,high,0,5.0,22.0,7.8,A,15.0
10340,high,4,9.0,20.0,4.5,A,3.6
10341,high,2,17.0,18.0,4.9,A,-14.2
10342,high,3,15.0,1.0,8.8,A,-100.0
10343,medium,1,2.0,11.0,9.7,C,2.5
10344,high,0,22.0,4.0,8.8,A,-100.0
10345,low,3,14.0,23.0,8.7,A,6.3
10346,low,3,4.0,8.0,7.0,A,-8.5
10347,medium,1,9.0,15.0,4.3,B,-4.1
10348,medium,2,15.0,12.0,2.0,D,-100.0
10349,none,2,9.0,15.0,8.0,C,-2.6
10350,medium,0,13.0,21.0,6.7,A,2.8
10351,low,1,17.0,13.0,2.6,A,-100.0
10352,none,0,12.0,15.0,1.5,A,-10.9
10353,,0,7.0,1.0,9.6,A,-100.0
10354,low,2,14.0,15.0,8.5,B,-10.5
10355,none,1,6.0,26.0,2.6,A,15.0
10356,high,1,3.0,31.0,4.0,B,15.0
10357,medium,2,3.0,9.0,9.3,A,-3.8
10358,low,1,,1.0,3.5,C,
10359,medium,1,14.0,4.0,6.0,A,-100.0
10360,low,5,13.0,37.0,9.1,A,15.0
10361,low,1,6.0,1.0,1.3,A,-100.0
10362,low,1,20.0,21.0,7.7,A,-8.7
10363,low,1,13.0,21.0,3.5,C,1.5
10364,high,1,23.0,4.0,8.8,A,-100.0
10365,none,1,2.0,13.0,9.7,A,6.4
10366,medium,2,4.0,8.0,4.0,A,-10.3
10367,none,2,12.0,13.0,1.4,B,-15.3
10368,medium,0,20.0,0.0,6.5,A,-100.0
10369,low,2,2.0,4.0,8.5,A,-12.6
10370,medium,1,11.0,1.0,8.1,C,-100.0
10371,none,1,14.0,8.0,9.9,A,-100.0
10372,low,4,5.0,30.0,7.2,A,15.0
10373,high,1,19.0,8.0,7.1,A,-100.0
10374,high,2,9.0,28.0,8.4,B,15.0
10375,low,1,18.0,2.0,8.2,A,-100.0
10376,medium,1,2.0,12.0,6.5,C,2.9
10377,medium,1,37.0,2.0,5.3,A,-100.0
10378,medium,2,7.0,0.0,4.7,B,-100.0
10379,high,0,13.0,5.0,9.6,A,-100.0
10380,high,3,30.0,18.0,1.9,A,-100.0
10381,high,0,8.0,1.0,9.4,A,-100.0
10382,high,0,7.0,7.0,6.6,A,-18.8
10383,,2,2.0,11.0,8.7,A,1.6
10384,low,1,9.0,8.0,4.9,A,-18.1
10385,low,1,1.0,5.0,4.2,C,-10.8
10386,low,3,15.0,24.0,6.0,C,5.3
10387,medium,1,27.0,15.0,4.9,A,-100.0
10388,low,1,11.0,12.0,6.8,A,-12.3
10389,low,2,25.0,20.0,9.4,C,-18.8
10390,high,3,2.0,11.0,9.2,C,-0.6
10391,none,4,6.0,44.0,7.5,C,15.0
10392,low,1,3.0,7.0,9.1,C,-7.6
10393,none,0,4.0,3.0,2.3,A,-100.0
10394,high,1,22.0,7.0,8.7,A,-100.0
10395,medium,1,7.0,34.0,6.3,A,15.0
10396,low,0,6.0,13.0,9.0,A,-0.2
10397,none,4,1.0,7.0,9.3,C,-4.9
10398,low,2,3.0,30.0,8.5,A,15.0
10399,low,0,13.0,9.0,7.3,A,-100.0
10400,medium,6,11.0,15.0,9.5,A,-5.5
10401,medium,2,6.0,4.0,8.1,A,-100.0
10402,none,4,4.0,29.0,2.2,A,15.0
10403,medium,1,23.0,10.0,6.9,A,-100.0
10404,low,2,9.0,7.0,6.5,A,-19.5
10405,none,0,8.0,19.0,4.9,A,6.2
10406,,2,8.0,9.0,3.1,A,-15.9
10407,low,2,3.0,9.0,8.7,B,-3.7
10408,none,2,23.0,14.0,5.8,B,-100.0
10409,medium,1,6.0,6.0,8.7,C,-15.5
10410,low,1,6.0,0.0,4.2,C,-100.0
10411,medium,3,6.0,5.0,9.5,C,-17.5
10412,high,3,3.0,15.0,8.2,C,5.5
10413,high,1,6.0,14.0,9.1,A,-1.2
10414,high,0,4.0,0.0,3.8,C,-100.0
10415,low,2,17.0,10.0,9.7,A,-100.0
10416,none,0,6.0,7.0,9.5,A,-13.2
10417,low,0,12.0,12.0,10.0,D,-12.3
10418,high,1,27.0,2.0,6.6,C,-100.0
10419,high,1,3.0,1.0,1.5,D,-100.0
10420,medium,0,31.0,4.0,9.4,A,-100.0
10421,high,1,20.0,7.0,2.1,A,-100.0
10422,none,2,12.0,34.0,8.7,C,15.0
10423,low,1,3.0,1.0,8.4,A,-100.0
10424,none,2,11.0,14.0,1.4,A,-11.5
10425,medium,2,11.0,10.0,5.2,D,-17.8
10426,low,1,7.0,13.0,8.5,A,-2.3
10427,high,1,11.0,0.0,7.2,A,-100.0
10428,high,3,6.0,6.0,9.1,D,-18.2
10429,none,2,4.0,25.0,2.0,A,15.0
10430,high,1,13.0,0.0,9.0,C,-100.0
10431,medium,0,9.0,3.0,8.8,A,-100.0
10432,,0,13.0,7.0,8.1,C,-100.0
10433,none,1,2.0,50.0,8.2,A,15.0
10434,high,2,4.0,21.0,8.7,A,15.0
10435,medium,2,8.0,7.0,3.4,A,-19.7
10436,low,3,6.0,6.0,1.3,A,-19.1
10437,low,1,5.0,16.0,5.0,C,5.7
10438,low,1,20.0,48.0,5.5,A,15.0
10439,low,1,34.0,19.0,8.5,A,-100.0
10440,none,3,7.0,4.0,6.0,A,-100.0
10441,medium,2,17.0,1.0,9.8,A,-100.0
10442,medium,2,9.0,11.0,5.3,A,-12.1
10443,none,4,13.0,0.0,8.6,A,-100.0
10444,high,1,2.0,2.0,6.2,A,-100.0
10445,high,1,2.0,8.0,3.4,A,-9.6
10446,low,0,11.0,6.0,5.4,C,-100.0
10447,low,2,4.0,4.0,7.8,A,-16.4
10448,,2,7.0,10.0,7.1,C,-10.0
10449,medium,3,26.0,5.0,2.8,A,-100.0
10450,low,1,17.0,8.0,9.1,B,-100.0
10451,low,1,3.0,2.0,2.5,A,-100.0
10452,medium,1,13.0,2.0,,D,
10453,high,3,14.0,3.0,4.4,A,-100.0
10454,high,1,2.0,18.0,1.7,D,10.5
10455,medium,1,14.0,2.0,7.6,A,-100.0
10456,low,0,2.0,16.0,9.4,A,13.3
10457,high,2,30.0,14.0,8.2,C,-100.0
10458,medium,2,9.0,5.0,4.6,C,-100.0
10459,high,1,12.0,0.0,8.7,A,-100.0
10460,medium,1,6.0,3.0,8.3,B,-100.0
10461,medium,1,6.0,3.0,4.9,A,-100.0
10462,low,2,13.0,12.0,9.5,A,-14.5
10463,high,2,8.0,3.0,3.0,A,-100.0
10464,high,2,19.0,18.0,3.8,A,-18.3
10465,medium,0,6.0,9.0,1.6,A,-12.7
10466,,2,4.0,26.0,3.8,C,15.0
10467,high,1,6.0,9.0,9.6,A,-11.4
10468,high,0,9.0,49.0,2.6,A,15.0
10469,none,2,14.0,50.0,2.4,A,15.0
10470,low,2,14.0,3.0,8.2,C,-100.0
10471,medium,0,8.0,24.0,5.6,A,15.0
10472,none,0,22.0,17.0,2.0,A,-100.0
10473,medium,2,3.0,8.0,6.4,A,-7.3
10474,none,0,5.0,5.0,4.8,A,-18.0
10475,none,0,18.0,10.0,2.1,A,-100.0
10476,medium,1,14.0,14.0,4.0,A,-15.1
10477,low,2,4.0,30.0,9.5,C,15.0
10478,low,1,12.0,2.0,2.0,A,-100.0
10479,high,1,11.0,9.0,8.6,B,-100.0
10480,medium,1,2.0,24.0,3.0,A,15.0
10481,low,0,4.0,21.0,5.0,C,15.0
10482,high,1,17.0,34.0,7.4,A,15.0
10483,low,3,5.0,6.0,9.3,A,-13.3
10484,high,1,19.0,6.0,3.8,C,-100.0
10485,none,2,8.0,1.0,9.7,A,-100.0
10486,,1,13.0,14.0,1.4,A,-14.9
10487,low,2,13.0,3.0,3.9,A,-100.0
10488,high,2,21.0,13.0,6.2,A,-100.0
10489,medium,3,16.0,37.0,1.7,A,15.0
10490,high,1,7.0,5.0,3.8,A,-100.0
10491,low,2,6.0,5.0,8.9,A,-17.3
10492,medium,1,28.0,50.0,9.8,B,15.0
10493,medium,1,19.0,7.0,8.3,A,-100.0
10494,medium,2,9.0,14.0,8.5,A,-4.2
10495,none,0,5.0,17.0,3.0,D,6.3
10496,medium,2,8.0,8.0,9.7,A,-14.5
10497,high,1,6.0,0.0,5.6,A,-100.0
10498,none,1,16.0,14.0,5.6,A,-18.0
10499,high,2,2.0,26.0,7.7,A,15.0
10500,none,4,9.0,11.0,6.6,A,-11.9
10501,none,1,,2.0,2.7,C,
10502,high,0,24.0,9.0,8.4,A,-100.0
10503,high,1,26.0,2.0,9.2,B,-100.0
10504,medium,3,8.0,2.0,5.3,A,-100.0
10505,high,2,6.0,4.0,9.8,A,-100.0
10506,low,1,7.0,24.0,6.9,A,15.0
10507,medium,0,7.0,12.0,3.8,A,-7.1
10508,medium,1,4.0,3.0,2.2,C,-100.0
10509,low,1,1.0,3.0,2.5,A,-15.8
10510,medium,0,15.0,0.0,4.6,A,-100.0
10511,high,0,5.0,2.0,1.3,A,-100.0
10512,none,1,6.0,1.0,9.6,A,-100.0
10513,medium,2,9.0,10.0,5.5,A,-14.1
10514,low,0,3.0,5.0,9.9,C,-11.3
10515,none,2,7.0,1.0,4.3,C,-100.0
10516,none,4,17.0,7.0,1.9,A,-100.0
10517,medium,2,6.0,19.0,6.8,D,10.7
10518,low,1,9.0,45.0,9.0,A,15.0
10519,high,1,4.0,10.0,7.7,D,-6.8
10520,medium,2,23.0,20.0,9.6,A,-15.6
10521,high,1,4.0,4.0,8.1,C,-19.2
10522,high,4,,15.0,9.9,C,
10523,high,1,20.0,35.0,8.1,A,15.0
10524,medium,2,7.0,50.0,7.5,A,15.0
10525,low,6,23.0,22.0,7.7,A,-12.3
10526,medium,1,26.0,45.0,9.2,C,15.0
10527,high,3,17.0,9.0,8.4,A,-100.0
10528,,2,2.0,4.0,6.5,A,-14.2
10529,low,0,9.0,20.0,2.5,B,6.0
10530,high,4,3.0,0.0,8.4,A,-100.0
10531,medium,2,6.0,7.0,3.5,A,-16.2
10532,high,0,5.0,17.0,7.9,A,6.4
10533,high,1,2.0,23.0,9.2,A,15.0
10534,medium,1,7.0,5.0,8.9,A,-19.3
10535,low,1,13.0,5.0,1.8,A,-100.0
10536,low,0,20.0,2.0,9.2,A,-100.0
10537,low,2,1.0,4.0,9.2,A,-10.5
10538,medium,2,4.0,11.0,6.4,A,-2.8
10539,none,1,4.0,7.0,8.4,A,-10.3
10540,medium,2,3.0,15.0,8.4,A,8.4
10541,medium,1,13.0,10.0,1.5,A,-100.0
10542,high,0,14.0,1.0,9.7,A,-100.0
10543,low,2,10.0,27.0,6.0,A,15.0
10544,medium,3,3.0,3.0,8.4,A,-16.9
10545,high,4,8.0,5.0,1.3,B,-100.0
10546,medium,0,4.0,16.0,3.0,A,6.2
10547,low,0,3.0,15.0,8.0,A,8.7
10548,low,2,10.0,25.0,9.9,C,15.0
10549,none,2,11.0,50.0,10.0,A,15.0
10550,none,1,4.0,1.0,8.9,A,-100.0
10551,high,1,18.0,41.0,8.2,C,15.0
10552,medium,0,25.0,6.0,1.2,A,-100.0
10553,medium,3,12.0,4.0,8.7,A,-100.0
10554,low,2,10.0,16.0,7.6,A,-1.8
10555,low,1,6.0,1.0,5.3,A,-100.0
10556,medium,1,19.0,11.0,9.0,A,-100.0
10557,medium,2,8.0,1.0,9.8,D,-100.0
10558,low,0,21.0,0.0,9.5,A,-100.0
10559,high,0,3.0,5.0,1.7,A,-18.4
10560,none,2,2.0,19.0,4.8,A,15.0
10561,low,3,7.0,10.0,8.8,B,-8.7
10562,low,2,7.0,2.0,3.5,B,-100.0
10563,high,0,6.0,5.0,3.0,A,-100.0
10564,low,2,10.0,22.0,9.7,C,11.8
10565,low,3,2.0,1.0,6.8,C,-19.8
10566,medium,0,2.0,23.0,9.5,D,15.0
10567,low,1,7.0,2.0,9.7,C,-100.0
10568,none,2,1.0,2.0,7.5,A,-16.1
10569,low,2,13.0,3.0,3.0,A,-100.0
10570,low,4,17.0,25.0,9.6,A,5.6
10571,high,2,3.0,16.0,8.9,A,8.1
10572,high,0,30.0,4.0,6.8,B,-100.0
10573,low,2,6.0,2.0,5.9,D,-100.0
10574,none,0,5.0,6.0,1.9,A,-17.3
10575,high,1,8.0,3.0,10.0,B,-100.0
10576,high,0,10.0,45.0,1.2,C,15.0
10577,low,2,5.0,6.0,9.4,A,-13.2
10578,high,0,14.0,8.0,1.2,C,-100.0
10579,high,3,9.0,3.0,8.5,A,-100.0
10580,low,0,9.0,19.0,8.2,C,6.7
10581,none,2,,5.0,8.2,C,
10582,high,2,3.0,16.0,8.4,A,7.8
10583,high,0,2.0,32.0,7.1,A,15.0
10584,none,2,4.0,9.0,3.2,A,-8.8
10585,high,5,2.0,2.0,,A,
10586,medium,1,14.0,9.0,6.3,C,-100.0
10587,,4,9.0,11.0,9.5,A,-10.4
10588,low,3,2.0,3.0,8.3,A,-14.9
10589,low,1,1.0,8.0,1.9,A,-5.6
10590,medium,1,17.0,6.0,7.5,A,-100.0
10591,none,0,11.0,25.0,3.3,A,12.8
10592,medium,2,10.0,5.0,4.7,A,-100.0
10593,low,0,3.0,4.0,3.1,A,-16.8
10594,high,1,16.0,18.0,9.6,A,-10.0
10595,none,1,9.0,1.0,2.2,B,-100.0
10596,medium,3,11.0,50.0,9.8,A,15.0
10597,medium,0,7.0,13.0,8.5,A,-2.6
10598,low,1,8.0,4.0,9.2,C,-100.0
10599,low,3,3.0,5.0,7.8,A,-12.7
10600,none,4,14.0,14.0,5.5,C,-14.9
10601,high,1,14.0,23.0,9.4,C,3.9
10602,high,1,4.0,16.0,3.5,A,3.7
10603,high,2,5.0,7.0,10.0,A,-13.8
10604,none,2,20.0,33.0,9.3,B,15.0
10605,high,1,29.0,3.0,9.5,A,-100.0
10606,high,2,29.0,30.0,9.9,C,-7.5
10607,high,3,35.0,13.0,4.3,A,-100.0
10608,low,3,3.0,23.0,6.2,A,15.0
10609,high,4,5.0,38.0,8.8,A,15.0
10610,medium,0,3.0,3.0,6.9,C,-17.4
10611,high,1,1.0,10.0,8.6,C,-1.1
10612,medium,2,10.0,11.0,9.5,A,-11.7
10613,low,2,18.0,48.0,1.2,A,15.0
10614,low,3,4.0,8.0,2.8,A,-10.6
10615,medium,2,1.0,6.0,6.7,A,-7.9
10616,medium,1,13.0,19.0,9.4,B,-0.2
10617,low,0,18.0,5.0,3.3,B,-100.0
10618,high,1,15.0,9.0,7.3,A,-100.0
10619,medium,4,15.0,16.0,9.1,A,-10.4
10620,high,1,7.0,18.0,1.2,C,1.5
10621,high,2,19.0,2.0,9.5,C,-100.0
10622,medium,2,6.0,1.0,9.7,C,-100.0
10623,low,2,7.0,47.0,4.8,B,15.0
10624,medium,1,11.0,8.0,7.0,A,-100.0
10625,,0,7.0,19.0,6.2,C,8.6
10626,high,1,6.0,13.0,9.8,C,-2.9
10627,low,0,13.0,9.0,10.0,A,-100.0
10628,high,2,9.0,11.0,3.3,A,-15.7
10629,none,2,6.0,5.0,8.7,A,-18.0
10630,low,1,13.0,7.0,6.0,C,-100.0
10631,low,3,,7.0,9.6,C,
10632,low,0,13.0,4.0,8.6,A,-100.0
10633,high,1,4.0,14.0,2.1,A,-1.2
10634,medium,2,9.0,34.0,9.2,A,15.0
10635,medium,4,10.0,27.0,1.6,A,15.0
10636,low,4,6.0,0.0,6.4,A,-100.0
10637,medium,0,4.0,11.0,1.9,A,-4.8
10638,none,3,8.0,22.0,8.4,C,14.0
10639,low,2,21.0,1.0,1.8,A,-100.0
10640,high,1,16.0,22.0,8.4,C,-2.2
10641,high,0,28.0,8.0,9.7,B,-100.0
10642,low,1,19.0,23.0,1.6,A,-5.8
10643,high,1,20.0,5.0,3.8,A,-100.0
10644,high,0,12.0,30.0,2.0,A,15.0
10645,low,1,32.0,4.0,6.6,B,-100.0
10646,high,0,11.0,1.0,1.7,B,-100.0
10647,medium,1,18.0,11.0,8.1,C,-100.0
10648,none,1,21.0,9.0,9.5,A,-100.0
10649,low,1,26.0,0.0,2.4,A,-100.0
10650,low,0,5.0,5.0,8.6,C,-15.5
10651,medium,3,8.0,2.0,1.6,A,-100.0
10652,medium,2,1.0,1.0,8.1,A,-17.7
10653,none,2,7.0,5.0,1.3,A,-100.0
10654,low,1,5.0,25.0,9.8,A,15.0
10655,high,1,6.0,17.0,9.5,B,5.3
10656,medium,3,9.0,2.0,7.1,C,-100.0
10657,medium,3,9.0,11.0,9.4,A,-10.1
10658,none,0,6.0,7.0,1.6,A,-17.1
10659,high,3,7.0,11.0,4.2,A,-11.9
10660,high,3,8.0,7.0,1.4,A,-100.0
10661,low,3,8.0,13.0,4.6,A,-6.2
10662,medium,3,7.0,35.0,8.4,A,15.0
10663,low,0,13.0,12.0,8.3,B,-14.9
10664,none,2,9.0,21.0,9.5,A,10.8
10665,none,0,4.0,11.0,8.4,A,-1.8
10666,low,2,19.0,4.0,9.7,A,-100.0
10667,medium,1,1.0,8.0,,A,
10668,high,0,7.0,35.0,9.1,A,15.0
10669,high,1,4.0,22.0,2.8,A,15.0
10670,low,2,0.0,6.0,5.5,B,-6.4
10671,high,0,16.0,5.0,5.0,C,-100.0
10672,medium,2,1.0,17.0,3.3,A,13.5
10673,high,2,11.0,5.0,5.3,A,-100.0
10674,high,1,,14.0,2.1,C,
10675,high,4,4.0,6.0,7.1,C,-15.8
10676,medium,1,6.0,8.0,9.8,B,-10.8
10677,high,1,6.0,42.0,7.4,A,15.0
10678,,2,12.0,7.0,7.9,A,-100.0
10679,low,0,4.0,8.0,9.8,A,-6.8
10680,low,2,11.0,7.0,2.8,A,-100.0
10681,medium,1,8.0,50.0,7.1,C,15.0
10682,medium,1,9.0,7.0,5.3,A,-100.0
10683,medium,2,11.0,5.0,1.4,A,-100.0
10684,high,2,12.0,50.0,4.2,B,15.0
10685,high,3,24.0,1.0,3.1,C,-100.0
10686,none,1,11.0,9.0,2.1,D,-100.0
10687,high,0,4.0,0.0,2.9,A,-100.0
10688,low,0,23.0,10.0,9.6,A,-100.0
10689,none,0,34.0,17.0,8.5,A,-100.0
10690,none,0,4.0,8.0,4.6,A,-10.0
10691,high,3,6.0,47.0,3.6,A,15.0
10692,medium,0,6.0,0.0,3.8,A,-100.0
10693,medium,2,9.0,8.0,4.2,A,-18.9
10694,medium,1,17.0,1.0,7.1,A,-100.0
10695,none,1,2.0,13.0,9.1,C,6.1
10696,low,2,9.0,50.0,2.1,A,15.0
10697,high,2,8.0,7.0,3.6,B,-100.0
10698,high,0,20.0,19.0,1.8,C,-18.7
10699,high,0,4.0,12.0,6.8,A,-2.9
10700,low,2,11.0,3.0,8.4,A,-100.0
10701,high,3,2.0,13.0,8.2,A,3.1
10702,medium,2,13.0,18.0,1.3,A,-6.4
10703,low,1,18.0,5.0,9.2,A,-100.0
10704,low,5,4.0,17.0,4.5,B,8.9
10705,none,2,6.0,1.0,1.6,A,-100.0
10706,high,2,9.0,18.0,6.8,A,0.7
10707,none,1,9.0,6.0,8.6,A,-100.0
10708,medium,1,10.0,21.0,6.7,A,8.0
10709,high,3,3.0,21.0,8.5,A,15.0
10710,high,2,21.0,14.0,8.8,A,-100.0
10711,high,1,13.0,16.0,8.8,C,-9.4
10712,high,5,7.0,0.0,1.2,A,-100.0
10713,low,1,31.0,2.0,4.6,A,-100.0
10714,high,1,3.0,5.0,8.5,A,-15.1
10715,medium,2,4.0,8.0,5.3,C,-9.7
10716,low,2,4.0,9.0,3.8,B,-7.9
10717,low,2,9.0,14.0,1.2,D,-7.5
10718,high,3,22.0,5.0,8.8,A,-100.0
10719,medium,2,7.0,8.0,9.1,A,-13.0
10720,high,2,6.0,18.0,3.4,C,4.3
10721,medium,2,5.0,6.0,7.0,A,-14.7
10722,none,2,6.0,1.0,3.8,D,-100.0
10723,high,2,7.0,1.0,8.2,A,-100.0
10724,low,2,5.0,7.0,8.4,C,-11.6
10725,low,1,7.0,12.0,4.5,A,-6.4
10726,low,4,3.0,16.0,5.1,B,9.0
10727,high,0,10.0,12.0,9.9,A,-11.9
10728,medium,2,5.0,9.0,3.2,A,-10.4
10729,high,1,10.0,0.0,2.2,A,-100.0
10730,high,1,12.0,14.0,8.2,B,-12.1
10731,none,0,8.0,50.0,2.6,A,15.0
10732,none,1,11.0,11.0,4.4,A,-16.2
10733,medium,3,11.0,1.0,7.6,A,-100.0
10734,none,2,5.0,15.0,8.9,B,4.9
10735,medium,1,19.0,6.0,8.0,A,-100.0
10736,low,2,12.0,14.0,5.0,A,-10.8
10737,low,0,10.0,19.0,1.4,A,1.6
10738,low,4,7.0,14.0,9.1,A,-0.2
10739,high,1,13.0,28.0,8.1,A,15.0
10740,low,1,7.0,18.0,8.2,D,8.0
10741,high,2,7.0,19.0,8.8,A,7.3
10742,medium,3,13.0,12.0,5.9,A,-16.8
10743,medium,1,2.0,1.0,7.0,A,-19.9
10744,none,1,5.0,5.0,3.3,A,-18.8
10745,high,0,10.0,6.0,7.0,A,-100.0
10746,low,0,5.0,4.0,1.3,A,-100.0
10747,high,3,4.0,20.0,8.0,A,14.2
10748,low,2,6.0,16.0,9.8,B,6.3
10749,none,2,2.0,1.0,8.6,A,-19.4
10750,low,5,13.0,15.0,3.1,A,-11.7
10751,none,1,21.0,20.0,9.9,B,-12.0
10752,none,3,18.0,28.0,8.7,A,9.2
10753,high,1,5.0,24.0,1.2,C,15.0
10754,,3,20.0,6.0,2.3,C,-100.0
10755,high,0,13.0,2.0,9.5,A,-100.0
10756,low,1,16.0,18.0,2.4,C,-10.6
10757,none,0,7.0,1.0,9.4,D,-100.0
10758,medium,2,4.0,15.0,4.2,B,4.5
10759,high,1,12.0,18.0,4.6,A,-5.5
10760,low,2,28.0,6.0,6.7,A,-100.0
10761,high,0,14.0,6.0,1.9,C,-100.0
10762,,2,10.0,44.0,10.0,A,15.0
10763,medium,2,7.0,5.0,9.4,A,-19.2
10764,,1,4.0,4.0,9.9,A,-15.9
10765,low,0,11.0,2.0,4.2,D,-100.0
10766,low,0,12.0,14.0,3.6,A,-11.3
10767,high,1,10.0,9.0,7.0,A,-19.7
10768,medium,2,11.0,7.0,9.0,A,-100.0
10769,none,1,24.0,9.0,2.0,A,-100.0
10770,low,1,9.0,5.0,3.6,A,-100.0
10771,medium,1,15.0,12.0,9.6,A,-18.2
10772,high,5,9.0,2.0,6.4,A,-100.0
10773,medium,1,10.0,23.0,9.7,A,13.6
10774,high,0,,4.0,6.1,C,
10775,none,2,1.0,15.0,1.3,C,8.1
10776,none,4,8.0,0.0,9.9,A,-100.0
10777,,1,9.0,3.0,4.5,A,-100.0
10778,none,0,8.0,26.0,8.6,C,15.0
10779,low,0,5.0,1.0,2.6,C,-100.0
10780,low,1,5.0,8.0,4.0,A,-11.6
10781,low,1,21.0,13.0,8.3,A,-100.0
10782,high,2,7.0,2.0,5.4,C,-100.0
10783,low,0,0.0,11.0,1.6,B,2.4
10784,high,1,9.0,30.0,2.4,A,15.0
10785,low,1,4.0,17.0,2.9,B,8.5
10786,high,2,2.0,3.0,6.8,C,-18.5
10787,none,1,1.0,15.0,2.1,B,8.6
10788,none,0,26.0,5.0,9.6,A,-100.0
10789,medium,1,10.0,8.0,6.4,A,-19.5
10790,medium,0,5.0,5.0,7.5,D,-16.4
10791,low,3,4.0,4.0,9.1,C,-15.9
10792,high,0,15.0,2.0,2.7,A,-100.0
10793,high,2,19.0,9.0,8.8,A,-100.0
10794,medium,0,25.0,3.0,9.7,A,-100.0
10795,low,1,5.0,7.0,3.5,C,-13.9
10796,low,2,7.0,5.0,6.8,A,-100.0
10797,medium,1,5.0,7.0,9.7,B,-11.2
10798,medium,1,16.0,3.0,8.3,A,-100.0
10799,low,0,8.0,19.0,3.7,A,6.2
10800,high,1,3.0,20.0,9.7,A,15.0
10801,high,2,7.0,18.0,5.6,A,3.6
10802,medium,1,13.0,50.0,8.8,A,15.0
10803,medium,1,4.0,9.0,1.5,B,-9.3
10804,medium,1,13.0,10.0,9.4,C,-19.0
10805,low,1,7.0,7.0,6.3,C,-16.0
10806,medium,2,25.0,7.0,8.2,C,-100.0
10807,none,0,3.0,5.0,5.0,C,-14.4
10808,low,1,18.0,9.0,4.5,D,-100.0
10809,none,3,4.0,5.0,6.0,A,-15.9
10810,medium,2,16.0,34.0,9.1,A,15.0
10811,medium,1,10.0,14.0,1.8,A,-9.2
10812,high,0,3.0,9.0,10.0,A,-5.9
10813,low,0,3.0,1.0,2.5,A,-100.0
10814,high,3,15.0,2.0,8.2,A,-100.0
10815,medium,1,17.0,26.0,2.5,A,4.1
10816,high,1,14.0,3.0,8.5,A,-100.0
10817,low,1,1.0,1.0,1.5,A,-100.0
10818,high,2,15.0,7.0,6.1,D,-100.0
10819,none,1,14.0,7.0,2.3,A,-100.0
10820,medium,1,14.0,22.0,6.5,A,3.0
10821,low,2,8.0,21.0,8.7,C,12.7
10822,low,0,16.0,7.0,2.8,C,-100.0
10823,medium,4,,1.0,3.8,C,
10824,medium,0,3.0,5.0,6.6,A,-13.3
10825,high,1,6.0,10.0,9.0,C,-9.6
10826,medium,3,19.0,2.0,9.8,A,-100.0
10827,high,1,2.0,20.0,2.1,A,14.9
10828,high,2,12.0,14.0,6.8,A,-12.9
10829,low,1,13.0,27.0,4.9,A,14.8
10830,medium,2,33.0,10.0,6.4,A,-100.0
10831,medium,4,6.0,6.0,9.1,B,-15.6
10832,high,1,15.0,2.0,3.5,A,-100.0
10833,medium,1,9.0,3.0,6.2,C,-100.0
10834,high,2,1.0,3.0,8.8,A,-15.8
10835,,0,0.0,14.0,9.7,A,12.1
10836,low,3,11.0,5.0,8.2,A,-100.0
10837,high,3,13.0,17.0,4.4,C,-9.7
10838,medium,0,11.0,11.0,9.1,A,-13.5
10839,high,2,15.0,1.0,9.2,A,-100.0
10840,none,1,8.0,11.0,1.9,A,-12.2
10841,high,1,5.0,16.0,8.9,A,4.7
10842,high,0,24.0,9.0,5.4,B,-100.0
10843,high,2,17.0,17.0,1.3,A,-18.1
10844,medium,0,2.0,17.0,4.4,C,12.5
10845,none,1,4.0,2.0,2.8,A,-100.0
10846,low,4,10.0,17.0,5.2,B,-1.1
10847,high,3,17.0,3.0,8.2,A,-100.0
10848,none,3,2.0,5.0,5.1,A,-12.9
10849,high,2,6.0,0.0,8.1,A,-100.0
10850,medium,4,3.0,15.0,5.3,A,6.6
10851,high,1,14.0,10.0,9.2,A,-100.0
10852,medium,1,6.0,18.0,7.6,C,9.1
10853,high,1,14.0,18.0,9.8,A,-6.4
10854,none,3,3.0,8.0,7.1,A,-7.3
10855,none,2,9.0,34.0,9.1,B,15.0
10856,low,1,4.0,6.0,8.9,A,-11.6
10857,low,1,0.0,22.0,1.4,D,15.0
10858,none,1,12.0,10.0,9.9,C,-17.3
10859,low,1,8.0,16.0,9.1,B,2.5
10860,high,1,4.0,10.0,2.6,B,-9.3
10861,medium,2,2.0,3.0,7.7,C,-15.4
10862,medium,1,4.0,12.0,2.9,A,-2.3
10863,high,1,2.0,13.0,,D,
10864,medium,1,24.0,26.0,9.0,C,-4.9
10865,medium,0,7.0,31.0,3.2,A,15.0
10866,high,1,10.0,2.0,8.7,A,-100.0
10867,high,2,10.0,50.0,8.7,B,15.0
10868,high,5,14.0,9.0,9.8,A,-100.0
10869,high,0,19.0,4.0,1.6,A,-100.0
10870,low,0,3.0,7.0,8.1,A,-8.0
10871,medium,2,6.0,24.0,5.0,A,15.0
10872,medium,2,3.0,3.0,2.2,A,-19.9
10873,high,1,5.0,10.0,5.1,A,-9.8
10874,low,1,17.0,2.0,1.6,A,-100.0
10875,medium,2,3.0,26.0,6.2,A,15.0
10876,high,2,16.0,14.0,6.4,C,-100.0
10877,medium,1,15.0,18.0,5.6,B,-7.7
10878,none,0,24.0,15.0,2.4,A,-100.0
10879,low,3,13.0,9.0,1.7,C,-100.0
10880,low,1,1.0,17.0,2.4,A,13.5
10881,,1,2.0,12.0,6.6,B,2.8
10882,medium,1,2.0,2.0,9.6,B,-16.5
10883,high,1,8.0,27.0,6.3,A,15.0
10884,medium,0,14.0,41.0,8.5,A,15.0
10885,medium,0,5.0,33.0,9.2,A,15.0
10886,none,1,9.0,4.0,6.7,A,-100.0
10887,low,2,9.0,16.0,4.7,A,-1.5
10888,none,0,3.0,13.0,9.5,A,4.7
10889,none,1,11.0,27.0,1.2,A,15.0
10890,high,4,19.0,41.0,7.4,A,15.0
10891,medium,1,8.0,23.0,3.3,A,14.0
10892,high,2,8.0,11.0,3.0,A,-14.1
10893,low,0,10.0,6.0,5.5,C,-100.0
10894,high,2,10.0,5.0,1.4,A,-100.0
10895,low,1,1.0,24.0,7.3,D,15.0
10896,medium,1,34.0,10.0,8.5,C,-100.0
10897,high,0,4.0,24.0,3.5,D,15.0
10898,low,0,4.0,23.0,7.5,A,15.0
10899,medium,1,12.0,17.0,8.4,D,-3.1
10900,low,1,13.0,14.0,3.3,C,-13.3
10901,none,3,6.0,17.0,1.5,B,3.5
10902,none,4,26.0,8.0,6.8,A,-100.0
10903,medium,3,1.0,14.0,9.8,A,10.3
10904,high,0,5.0,11.0,6.0,A,-7.2
10905,medium,0,11.0,14.0,3.5,C,-10.0
10906,low,0,9.0,11.0,2.2,A,-13.1
10907,medium,0,11.0,2.0,4.6,C,-100.0
10908,low,1,13.0,4.0,7.0,A,-100.0
10909,low,3,5.0,1.0,8.8,A,-100.0
10910,high,0,2.0,0.0,7.8,B,-100.0
10911,high,1,2.0,14.0,6.0,A,4.3
10912,medium,2,5.0,1.0,9.2,A,-100.0
10913,medium,1,1.0,19.0,,C,
10914,none,2,25.0,2.0,9.1,A,-100.0
10915,low,2,14.0,0.0,9.5,A,-100.0
10916,medium,2,21.0,10.0,8.6,A,-100.0
10917,high,0,7.0,29.0,9.2,A,15.0
10918,low,2,5.0,5.0,1.3,B,-19.3
10919,none,1,17.0,5.0,9.8,C,-100.0
10920,medium,1,10.0,9.0,8.4,A,-16.4
10921,medium,1,16.0,25.0,1.4,A,3.2
10922,low,0,1.0,2.0,,C,
10923,none,1,16.0,3.0,3.8,A,-100.0
10924,low,0,6.0,13.0,9.1,A,-0.2
10925,low,0,6.0,46.0,6.7,A,15.0
10926,low,0,11.0,3.0,7.5,C,-100.0
10927,low,0,14.0,19.0,8.3,A,-2.0
10928,none,4,15.0,2.0,5.8,A,-100.0
10929,low,1,25.0,3.0,1.2,B,-100.0
10930,low,2,15.0,3.0,9.6,C,-100.0
10931,high,1,20.0,12.0,8.6,D,-100.0
10932,high,3,20.0,21.0,9.9,B,-10.8
10933,low,0,12.0,22.0,4.9,B,6.1
10934,high,4,2.0,15.0,2.9,A,4.5
10935,medium,1,4.0,5.0,1.5,A,-17.7
10936,low,1,11.0,0.0,10.0,B,-100.0
10937,high,0,14.0,8.0,1.9,A,-100.0
10938,medium,3,12.0,2.0,8.4,C,-100.0
10939,medium,0,11.0,8.0,8.9,A,-19.9
10940,medium,1,7.0,15.0,9.0,A,1.7
10941,medium,0,31.0,17.0,9.9,A,-100.0
10942,high,0,2.0,9.0,,C,
10943,low,0,6.0,7.0,8.0,A,-13.3
10944,medium,2,18.0,4.0,8.8,A,-100.0
10945,low,1,6.0,3.0,4.6,A,-100.0
10946,low,1,5.0,20.0,8.6,A,15.0
10947,,4,8.0,4.0,7.3,A,-100.0
10948,high,1,11.0,38.0,7.1,A,15.0
10949,high,1,4.0,8.0,2.9,A,-13.4
10950,low,0,10.0,5.0,9.2,A,-100.0
10951,none,2,10.0,6.0,4.8,A,-100.0
10952,high,0,24.0,26.0,2.9,A,-10.5
10953,low,0,10.0,1.0,5.8,D,-100.0
10954,medium,3,5.0,6.0,9.6,A,-13.6
10955,medium,4,7.0,21.0,1.9,B,10.5
10956,low,0,7.0,6.0,3.3,A,-19.5
10957,low,5,9.0,4.0,6.6,A,-100.0
10958,high,0,17.0,8.0,3.8,C,-100.0
10959,high,0,9.0,11.0,8.3,A,-13.0
10960,low,0,18.0,1.0,2.8,C,-100.0
10961,medium,3,11.0,14.0,9.8,C,-7.1
10962,medium,1,15.0,3.0,4.6,B,-100.0
10963,high,2,7.0,1.0,6.5,A,-100.0
10964,high,1,27.0,2.0,2.6,A,-100.0
10965,low,1,7.0,5.0,4.1,A,
10966,low,2,14.0,50.0,3.6,A,15.0
10967,medium,1,3.0,0.0,4.5,C,-100.0
10968,low,1,9.0,42.0,3.7,A,15.0
10969,high,1,12.0,9.0,8.5,B,-100.0
10970,high,2,11.0,1.0,3.2,B,-100.0
10971,medium,2,7.0,6.0,9.5,A,-17.0
10972,none,0,17.0,2.0,9.5,C,-100.0
10973,none,0,5.0,19.0,9.8,A,13.9
10974,low,1,6.0,9.0,2.8,B,-11.8
10975,low,3,5.0,12.0,1.9,A,-4.4
10976,high,1,,25.0,2.6,C,
10977,high,4,19.0,18.0,4.7,A,-18.0
10978,high,0,6.0,2.0,1.0,A,-100.0
10979,high,4,8.0,5.0,2.8,C,-100.0
10980,high,0,5.0,1.0,9.7,A,-100.0
10981,,2,5.0,8.0,3.4,A,-12.6
10982,low,2,28.0,4.0,9.6,A,-100.0
10983,medium,0,5.0,9.0,4.1,A,-9.7
10984,low,1,12.0,16.0,9.2,A,-4.4
10985,high,2,10.0,1.0,9.1,A,-100.0
10986,high,1,8.0,15.0,8.6,A,-2.8
10987,low,1,11.0,12.0,6.6,B,-12.4
10988,none,4,23.0,3.0,2.7,A,-100.0
10989,high,6,1.0,21.0,9.7,A,15.0
10990,low,0,12.0,17.0,6.4,A,-3.6
10991,medium,3,16.0,18.0,3.8,A,-10.5
10992,none,0,12.0,8.0,8.4,A,-100.0
10993,high,1,2.0,12.0,7.3,B,0.7
10994,high,0,11.0,9.0,8.1,C,-100.0
10995,low,2,5.0,23.0,8.5,A,15.0
10996,none,2,23.0,4.0,3.6,B,-100.0
10997,high,1,5.0,12.0,1.4,B,-7.5
10998,high,0,5.0,20.0,7.7,A,12.6
10999,high,0,11.0,4.0,8.2,A,-100.0
11000,none,3,,11.0,1.8,C,
11001,high,1,6.0,13.0,6.1,B,-4.8
11002,high,2,4.0,10.0,9.1,A,-6.2
11003,low,0,8.0,2.0,3.3,A,-100.0
11004,high,0,2.0,8.0,9.1,A,-6.7
11005,none,0,17.0,24.0,9.2,C,3.1
11006,low,3,9.0,15.0,7.3,A,-2.4
11007,medium,4,5.0,50.0,9.5,C,15.0
11008,medium,0,10.0,14.0,8.4,A,-5.8
11009,low,0,7.0,2.0,8.3,C,-100.0
11010,none,1,4.0,4.0,8.7,A,-16.5
11011,low,0,8.0,11.0,7.4,C,-8.7
11012,low,1,18.0,12.0,9.3,A,-100.0
11013,none,3,20.0,1.0,9.0,B,-100.0
11014,high,0,2.0,6.0,3.1,A,-13.9
11015,medium,2,1.0,21.0,8.6,A,15.0
11016,medium,1,14.0,0.0,4.4,C,-100.0
11017,high,0,4.0,5.0,8.2,C,-16.9
11018,low,2,6.0,11.0,3.2,D,-7.5
11019,low,2,10.0,17.0,8.8,A,0.9
11020,none,1,6.0,27.0,2.1,C,15.0
11021,none,2,8.0,4.0,7.6,A,-100.0
11022,low,2,23.0,21.0,2.9,A,-16.4
11023,medium,2,13.0,2.0,7.3,A,-100.0
11024,medium,0,10.0,17.0,2.3,B,-2.5
11025,low,1,30.0,20.0,4.7,A,-100.0
11026,low,4,2.0,1.0,9.6,A,-18.5
11027,none,1,10.0,2.0,3.3,C,-100.0
11028,none,0,3.0,3.0,1.4,A,-100.0
11029,high,3,3.0,8.0,3.3,A,-11.6
11030,medium,3,21.0,3.0,2.0,A,-100.0
11031,medium,3,14.0,9.0,9.4,A,-100.0
11032,none,1,16.0,5.0,8.2,A,-100.0
11033,,2,8.0,25.0,8.8,D,15.0
11034,high,5,12.0,7.0,9.9,A,-100.0
11035,medium,4,11.0,5.0,6.2,A,-100.0
11036,low,1,7.0,24.0,9.2,A,15.0
11037,medium,3,25.0,26.0,9.8,A,-6.4
11038,medium,2,1.0,2.0,6.8,A,-16.2
11039,high,0,12.0,13.0,1.5,A,-17.5
11040,low,1,5.0,11.0,8.5,A,-3.0
11041,low,1,11.0,11.0,9.2,A,-13.2
11042,medium,0,9.0,9.0,7.0,A,-15.2
11043,medium,1,5.0,4.0,3.0,A,-100.0
11044,none,2,11.0,1.0,2.6,A,-100.0
11045,low,2,7.0,3.0,7.4,A,-100.0
11046,medium,3,5.0,14.0,8.8,A,2.8
11047,high,1,5.0,18.0,8.9,A,8.9
11048,low,0,5.0,27.0,2.1,A,15.0
11049,high,1,2.0,3.0,9.4,A,-17.1
11050,low,1,20.0,20.0,9.4,C,-9.9
11051,none,1,1.0,9.0,8.3,A,-0.9
11052,low,2,9.0,5.0,8.2,A,-100.0
11053,high,2,10.0,25.0,6.8,A,13.7
11054,none,1,7.0,8.0,9.9,A,-12.7
11055,low,0,5.0,10.0,3.8,A,-7.4
11056,low,3,16.0,6.0,4.6,A,-100.0
11057,high,4,17.0,10.0,8.8,A,-100.0
11058,none,3,16.0,5.0,5.8,C,-100.0
11059,medium,1,7.0,13.0,8.4,A,-2.7
11060,high,1,18.0,4.0,2.8,C,-100.0
11061,high,3,16.0,22.0,7.9,A,-2.7
11062,high,3,4.0,15.0,9.1,B,4.2
11063,high,0,4.0,15.0,9.7,A,4.8
11064,none,0,9.0,3.0,9.2,C,-100.0
11065,none,2,7.0,18.0,9.4,C,7.9
11066,high,0,15.0,3.0,9.3,D,-100.0
11067,medium,0,18.0,1.0,6.2,C,-100.0
11068,low,2,1.0,1.0,8.6,B,-17.1
11069,,1,14.0,7.0,7.1,B,-100.0
11070,none,5,6.0,4.0,9.5,A,-20.0
11071,high,2,21.0,35.0,1.4,D,12.7
11072,none,2,9.0,4.0,8.5,A,-100.0
11073,low,1,6.0,20.0,6.2,A,13.0
11074,none,1,6.0,50.0,7.3,A,15.0
11075,low,0,11.0,9.0,8.3,C,-17.7
11076,low,0,1.0,14.0,8.7,B,10.5
11077,none,2,8.0,5.0,9.0,A,-100.0
11078,medium,1,40.0,5.0,9.1,A,-100.0
11079,low,2,8.0,4.0,1.1,C,-100.0
11080,low,2,8.0,9.0,3.5,A,-15.1
11081,high,5,7.0,2.0,5.5,A,-100.0
11082,none,0,8.0,43.0,7.9,B,15.0
11083,low,1,11.0,1.0,2.9,A,-100.0
11084,high,4,10.0,8.0,8.7,A,-100.0
11085,medium,1,6.0,10.0,4.5,A,-9.3
11086,medium,0,9.0,2.0,2.9,A,-100.0
11087,low,2,6.0,5.0,2.5,A,-100.0
11088,medium,5,5.0,1.0,7.3,D,-100.0
11089,none,1,11.0,10.0,2.9,A,-19.0
11090,none,1,3.0,28.0,4.0,C,15.0
11091,medium,4,6.0,34.0,1.2,A,15.0
11092,none,0,1.0,6.0,9.5,A,-6.5
11093,low,0,2.0,18.0,8.9,A,15.0
11094,low,6,17.0,3.0,10.0,A,-100.0
11095,low,0,5.0,29.0,6.4,A,15.0
11096,medium,0,2.0,19.0,4.9,A,15.0
11097,medium,1,2.0,13.0,9.0,D,6.3
11098,low,2,2.0,2.0,5.4,A,-18.3
11099,low,0,16.0,16.0,4.9,A,-13.5
11100,high,1,7.0,7.0,9.8,C,-17.3
11101,medium,1,15.0,18.0,2.4,C,-9.3
11102,low,1,6.0,50.0,1.7,A,15.0
11103,low,1,21.0,26.0,2.5,A,-2.5
11104,low,6,2.0,14.0,9.6,C,8.6
11105,low,3,5.0,7.0,8.9,A,-11.4
11106,high,2,28.0,2.0,8.3,A,-100.0
11107,high,2,4.0,20.0,2.9,A,11.7
11108,none,1,11.0,7.0,4.9,A,-100.0
11109,high,0,32.0,21.0,4.5,A,-100.0
11110,low,0,,2.0,9.2,C,
11111,,0,8.0,12.0,8.9,C,-6.5
11112,high,2,11.0,3.0,8.0,C,-100.0
11113,high,2,4.0,14.0,3.2,A,-0.7
11114,medium,1,0.0,24.0,5.8,C,15.0
11115,none,1,4.0,19.0,9.6,A,15.0
11116,,1,14.0,6.0,9.1,A,-100.0
11117,high,0,13.0,7.0,8.8,C,-100.0
11118,medium,1,0.0,35.0,1.2,A,15.0
11119,medium,3,4.0,9.0,9.1,A,-5.8
11120,low,1,7.0,12.0,4.2,A,-6.6
11121,medium,0,4.0,15.0,1.2,A,3.2
11122,none,3,7.0,0.0,2.5,C,-100.0
11123,none,1,15.0,22.0,8.3,A,1.9
11124,high,2,10.0,15.0,9.1,A,-6.2
11125,none,0,6.0,9.0,9.3,C,-9.1
11126,medium,0,8.0,7.0,1.7,A,-100.0
11127,low,0,8.0,22.0,6.3,B,13.8
11128,low,0,12.0,39.0,3.7,C,15.0
11129,high,0,9.0,8.0,2.4,A,-100.0
11130,high,0,12.0,14.0,7.3,C,-12.5
11131,high,1,5.0,7.0,9.7,A,-13.8
11132,low,0,13.0,2.0,9.2,B,-100.0
11133,low,0,9.0,1.0,9.0,A,-100.0
11134,high,0,5.0,10.0,9.1,A,-7.7
11135,none,1,7.0,32.0,3.9,C,15.0
11136,high,2,9.0,13.0,1.9,A,-12.2
11137,medium,1,17.0,14.0,1.4,B,-100.0
11138,high,3,3.0,6.0,9.2,C,-12.9
11139,low,2,10.0,8.0,4.0,B,-100.0
11140,low,1,5.0,7.0,8.2,A,-11.6
11141,,3,7.0,5.0,5.9,A,-100.0
11142,low,2,11.0,1.0,9.7,A,-100.0
11143,medium,1,2.0,1.0,7.7,A,-19.5
11144,high,2,14.0,3.0,2.0,A,-100.0
11145,low,0,4.0,18.0,3.1,A,10.8
11146,high,1,15.0,17.0,6.3,A,-12.0
11147,none,2,7.0,2.0,7.6,A,-100.0
11148,medium,1,7.0,24.0,3.0,B,15.0
11149,high,1,7.0,50.0,3.4,A,15.0
11150,medium,2,4.0,5.0,8.2,A,-14.5
11151,none,0,4.0,16.0,8.5,A,8.7
11152,none,1,22.0,11.0,4.0,A,-100.0
11153,low,0,5.0,21.0,7.9,A,15.0
11154,high,1,8.0,50.0,8.0,A,15.0
11155,medium,1,14.0,12.0,9.7,B,-16.5
11156,medium,1,4.0,1.0,8.7,A,-100.0
11157,medium,1,5.0,36.0,7.9,A,15.0
11158,high,0,15.0,1.0,8.3,A,-100.0
11159,low,3,9.0,4.0,9.4,A,-100.0
11160,high,1,6.0,23.0,8.2,C,15.0
11161,none,2,6.0,8.0,6.8,A,-12.6
11162,high,3,11.0,31.0,4.1,C,15.0
11163,low,4,3.0,16.0,9.8,A,11.3
11164,high,1,18.0,8.0,6.3,A,-100.0
11165,none,1,11.0,16.0,8.6,A,-3.6
11166,high,2,16.0,3.0,9.9,A,-100.0
11167,low,2,10.0,10.0,1.7,A,-17.4
11168,,0,4.0,21.0,1.3,A,15.0
11169,none,1,8.0,17.0,2.9,D,0.9
11170,none,2,4.0,5.0,8.1,C,-14.8
11171,none,3,14.0,22.0,8.8,A,3.7
11172,medium,1,11.0,12.0,6.6,B,-12.7
11173,high,1,0.0,2.0,1.2,A,-19.8
11174,,0,4.0,14.0,1.6,C,1.1
11175,high,3,21.0,26.0,5.4,A,-4.3
11176,low,1,10.0,2.0,8.7,A,-100.0
11177,high,1,4.0,7.0,2.2,D,-15.8
11178,high,3,8.0,7.0,6.0,A,-100.0
11179,medium,0,11.0,14.0,8.8,C,-7.4
11180,medium,5,9.0,14.0,4.6,A,-6.4
11181,low,1,7.0,10.0,2.4,C,-11.7
11182,none,3,2.0,0.0,7.0,A,-100.0
11183,high,1,17.0,7.0,9.3,D,-100.0
11184,low,1,7.0,4.0,9.4,B,-100.0
11185,low,0,9.0,5.0,8.0,C,-100.0
11186,high,1,8.0,2.0,9.7,C,-100.0
11187,high,2,12.0,5.0,2.9,B,-100.0
11188,low,2,2.0,7.0,9.1,C,-6.0
11189,medium,0,9.0,5.0,8.2,A,-100.0
11190,none,3,20.0,4.0,9.5,A,-100.0
11191,none,3,9.0,25.0,5.0,A,15.0
11192,low,0,5.0,7.0,8.4,C,-11.4
11193,medium,4,6.0,21.0,8.7,A,15.0
11194,high,2,10.0,7.0,8.4,A,-100.0
11195,high,0,3.0,16.0,9.1,A,8.4
11196,high,1,3.0,9.0,2.2,A,-9.9
11197,low,1,15.0,7.0,2.9,A,-100.0
11198,medium,2,6.0,28.0,7.9,B,15.0
11199,medium,3,12.0,2.0,8.9,A,-100.0
11200,high,1,28.0,10.0,9.1,A,-100.0
11201,medium,2,5.0,1.0,7.7,A,-100.0
11202,none,1,10.0,14.0,5.4,A,-7.6
11203,low,0,29.0,10.0,8.7,C,-100.0
11204,high,1,7.0,49.0,9.5,A,15.0
11205,low,1,12.0,9.0,1.1,B,-100.0
11206,low,0,31.0,5.0,1.1,A,-100.0
11207,none,0,18.0,4.0,8.9,C,-100.0
11208,low,4,8.0,19.0,1.2,A,4.6
11209,medium,2,4.0,1.0,8.3,B,-100.0
11210,low,0,6.0,41.0,2.5,A,15.0
11211,low,1,24.0,0.0,2.5,C,-100.0
11212,medium,1,11.0,4.0,8.9,A,-100.0
11213,low,0,16.0,5.0,6.5,C,-100.0
11214,medium,1,7.0,8.0,8.9,A,-13.0
11215,medium,0,1.0,12.0,3.1,D,3.1
11216,low,2,0.0,6.0,7.3,A,-5.5
11217,medium,3,8.0,1.0,4.7,C,-100.0
11218,high,2,25.0,38.0,6.8,D,14.7
11219,low,3,7.0,18.0,3.9,B,5.7
11220,high,0,12.0,3.0,4.1,A,-100.0
11221,low,3,0.0,24.0,6.6,A,15.0
11222,low,2,4.0,12.0,7.8,A,0.4
11223,medium,1,9.0,35.0,6.5,A,15.0
11224,low,2,11.0,15.0,3.8,C,-7.6
11225,high,2,16.0,2.0,8.2,C,-100.0
11226,low,4,15.0,4.0,5.3,A,-100.0
11227,medium,0,19.0,17.0,1.4,A,-18.8
11228,,3,8.0,3.0,10.0,C,-100.0
11229,low,2,7.0,1.0,5.6,C,-100.0
11230,none,2,9.0,9.0,4.7,A,-16.8
11231,medium,3,4.0,2.0,8.1,A,-100.0
11232,high,1,3.0,5.0,9.8,B,-14.5
11233,low,1,22.0,25.0,1.6,A,-6.8
11234,high,3,3.0,1.0,9.7,B,-100.0
11235,medium,0,4.0,8.0,4.8,A,-9.7
11236,high,1,3.0,17.0,5.1,C,8.4
11237,high,5,8.0,2.0,8.5,A,-100.0
11238,medium,0,29.0,10.0,2.7,A,-100.0
11239,high,1,3.0,12.0,9.3,A,-0.0
11240,none,1,12.0,6.0,2.8,A,-100.0
11241,medium,1,7.0,3.0,9.9,A,-100.0
11242,high,0,15.0,20.0,1.4,A,-8.1
11243,medium,2,8.0,3.0,8.2,B,-100.0
11244,high,0,9.0,16.0,6.9,A,-3.2
11245,medium,0,7.0,38.0,3.5,C,15.0
11246,medium,1,6.0,15.0,6.2,A,2.1
11247,low,2,20.0,9.0,4.8,C,-100.0
11248,high,0,22.0,44.0,8.9,C,15.0
11249,high,5,12.0,18.0,9.0,C,-3.7
11250,,2,3.0,30.0,8.1,B,15.0
11251,low,5,16.0,49.0,8.3,B,15.0
11252,medium,1,3.0,0.0,1.4,C,-100.0
11253,low,2,8.0,23.0,2.5,A,13.8
11254,high,3,2.0,1.0,9.6,A,-100.0
11255,high,3,7.0,2.0,2.4,C,-100.0
11256,high,1,,5.0,1.3,C,
11257,medium,2,4.0,16.0,7.7,A,8.4
11258,medium,1,3.0,1.0,6.5,C,-100.0
11259,none,1,35.0,30.0,7.7,A,-16.6
11260,high,0,11.0,18.0,9.2,C,-1.4
11261,medium,1,19.0,4.0,4.2,A,-100.0
11262,high,2,4.0,5.0,3.6,A,-19.4
11263,high,3,14.0,34.0,1.7,A,15.0
11264,low,0,7.0,10.0,3.1,A,-11.2
11265,medium,1,9.0,13.0,9.2,A,-5.8
11266,high,1,,3.0,1.3,C,
11267,high,2,4.0,1.0,3.6,A,-100.0
11268,low,2,6.0,4.0,4.5,D,-100.0
11269,high,2,3.0,8.0,9.4,B,-8.5
11270,high,2,7.0,10.0,8.1,B,-11.9
11271,none,1,8.0,14.0,1.9,A,-5.9
11272,low,4,8.0,23.0,7.5,A,15.0
11273,none,6,12.0,20.0,6.7,A,1.6
11274,medium,2,6.0,3.0,1.4,A,-100.0
11275,high,2,7.0,14.0,9.0,B,-3.1
11276,low,2,2.0,18.0,1.7,A,13.4
11277,low,0,24.0,7.0,2.1,A,-100.0
11278,low,2,5.0,11.0,5.8,A,-4.5
11279,none,3,2.0,31.0,2.5,A,15.0
11280,low,1,10.0,1.0,8.3,C,-100.0
11281,low,1,8.0,27.0,6.6,C,15.0
11282,high,0,6.0,11.0,8.9,A,-7.5
11283,none,1,3.0,3.0,8.9,A,-16.7
11284,high,1,20.0,27.0,7.6,A,0.9
11285,medium,2,7.0,27.0,8.3,B,15.0
11286,medium,5,12.0,3.0,6.5,A,-100.0
11287,low,1,10.0,13.0,8.7,A,-7.5
11288,medium,3,6.0,42.0,6.4,B,15.0
11289,low,1,9.0,18.0,8.4,A,4.6
11290,medium,5,17.0,0.0,3.4,A,-100.0
11291,low,1,17.0,24.0,6.3,A,2.2
11292,none,1,12.0,50.0,8.8,C,15.0
11293,,0,22.0,4.0,9.5,B,-100.0
11294,medium,0,11.0,3.0,3.5,D,-100.0
11295,low,2,10.0,3.0,8.8,A,-100.0
11296,medium,0,11.0,8.0,8.1,A,-100.0
11297,medium,0,8.0,45.0,9.2,A,15.0
11298,medium,2,9.0,16.0,5.8,C,-1.3
11299,medium,1,28.0,16.0,9.5,A,-100.0
11300,none,1,7.0,31.0,7.3,A,15.0
11301,high,0,4.0,17.0,9.3,C,8.8
11302,low,0,11.0,13.0,9.9,B,-8.5
11303,high,1,9.0,6.0,8.4,A,-100.0
11304,medium,2,10.0,30.0,9.2,A,15.0
11305,high,1,9.0,21.0,6.6,A,7.0
11306,none,1,10.0,8.0,1.4,A,-100.0
11307,low,1,16.0,32.0,8.3,A,15.0
11308,medium,1,9.0,16.0,3.1,A,-2.6
11309,low,0,8.0,3.0,2.0,A,-100.0
11310,low,3,11.0,10.0,8.8,A,-15.7
11311,none,1,21.0,41.0,2.9,A,15.0
11312,medium,3,19.0,3.0,9.7,A,-100.0
11313,medium,2,10.0,17.0,8.5,B,0.3
11314,high,2,18.0,14.0,4.5,A,-100.0
11315,high,0,13.0,8.0,4.5,A,-100.0
11316,low,1,2.0,13.0,9.6,C,7.0
11317,low,1,6.0,32.0,3.8,A,15.0
11318,high,3,20.0,2.0,2.4,B,-100.0
11319,low,4,4.0,10.0,9.1,A,-3.4
11320,low,1,2.0,0.0,9.5,A,-100.0
11321,high,1,9.0,3.0,6.4,C,-100.0
11322,high,2,8.0,50.0,7.4,A,15.0
11323,high,1,3.0,0.0,3.7,A,-100.0
11324,high,1,6.0,19.0,8.3,C,8.9
11325,high,3,4.0,46.0,2.8,A,15.0
11326,medium,2,6.0,16.0,4.3,C,3.1
11327,none,2,1.0,2.0,8.5,A,-15.6
11328,high,1,6.0,4.0,8.5,A,-100.0
11329,high,0,5.0,22.0,4.9,A,15.0
11330,medium,0,3.0,25.0,6.6,A,15.0
11331,high,1,6.0,23.0,2.0,A,14.2
11332,medium,1,5.0,7.0,5.0,A,-13.6
11333,medium,1,17.0,22.0,5.3,A,-2.9
11334,medium,2,15.0,3.0,9.1,C,-100.0
11335,low,2,5.0,1.0,1.1,C,-100.0
11336,none,1,5.0,7.0,5.6,D,-13.5
11337,high,1,10.0,1.0,8.7,A,-100.0
11338,high,2,10.0,2.0,9.7,A,-100.0
11339,none,2,9.0,30.0,3.4,A,15.0
11340,high,2,10.0,50.0,9.6,C,15.0
11341,low,1,13.0,17.0,2.3,A,-7.5
11342,low,1,8.0,7.0,8.2,C,-16.8
11343,medium,3,4.0,8.0,6.8,A,-9.0
11344,low,2,7.0,4.0,7.7,A,-100.0
11345,low,1,19.0,14.0,5.2,A,-100.0
11346,medium,2,15.0,19.0,8.2,A,-4.4
11347,medium,0,25.0,46.0,1.2,A,15.0
11348,medium,1,5.0,34.0,4.1,A,15.0
11349,high,4,33.0,5.0,9.2,A,-100.0
11350,medium,2,15.0,3.0,2.9,A,-100.0
11351,medium,4,31.0,6.0,8.1,B,-100.0
11352,,1,10.0,6.0,6.3,A,-100.0
11353,low,1,12.0,9.0,10.0,D,-18.7
11354,low,1,4.0,28.0,5.8,C,15.0
11355,high,1,19.0,50.0,4.9,A,15.0
11356,high,2,12.0,5.0,4.6,A,-100.0
11357,high,2,4.0,3.0,5.0,B,-100.0
11358,none,2,7.0,8.0,4.4,D,-15.6
11359,medium,3,28.0,50.0,9.1,A,15.0
11360,high,0,19.0,15.0,9.0,C,-100.0
11361,medium,2,4.0,43.0,3.4,A,15.0
11362,high,1,1.0,11.0,2.2,A,-2.2
11363,low,1,17.0,2.0,8.1,A,-100.0
11364,low,1,5.0,7.0,5.1,A,-13.1
11365,high,1,5.0,15.0,6.4,D,1.3
11366,low,2,7.0,19.0,7.6,A,9.7
11367,high,0,15.0,2.0,8.0,A,-100.0
11368,low,2,2.0,14.0,5.4,B,6.9
11369,high,2,6.0,7.0,3.5,A,-18.8
11370,none,2,9.0,23.0,3.3,A,11.9
11371,low,0,19.0,18.0,2.4,C,-15.8
11372,none,3,11.0,5.0,9.5,B,-100.0
11373,medium,2,16.0,3.0,3.6,A,-100.0
11374,high,0,10.0,2.0,8.7,A,-100.0
11375,low,2,19.0,15.0,9.8,B,-18.6
11376,high,2,12.0,13.0,8.5,A,-14.2
11377,medium,3,21.0,5.0,7.2,D,-100.0
11378,low,4,3.0,17.0,9.7,C,13.4
11379,high,3,27.0,13.0,8.4,A,-100.0
11380,high,2,12.0,4.0,3.7,B,-100.0
11381,high,4,4.0,18.0,6.5,A,9.1
11382,high,0,7.0,1.0,3.8,A,-100.0
11383,high,1,3.0,14.0,7.2,A,3.1
11384,,1,3.0,4.0,8.7,A,-14.7
11385,medium,4,6.0,13.0,7.5,A,-1.8
11386,none,1,6.0,28.0,5.4,A,15.0
11387,low,1,11.0,25.0,5.8,C,14.5
11388,medium,1,11.0,18.0,2.5,A,-2.2
11389,none,0,3.0,0.0,9.5,B,-100.0
11390,low,1,4.0,10.0,9.4,A,-2.9
11391,high,0,15.0,50.0,8.8,A,15.0
11392,low,0,4.0,2.0,9.8,A,-19.4
11393,medium,3,1.0,39.0,,A,
11394,low,0,2.0,1.0,6.4,B,-19.7
11395,low,0,2.0,50.0,8.8,A,15.0
11396,high,1,3.0,20.0,6.8,A,15.0
11397,none,3,8.0,13.0,5.3,C,-6.5
11398,high,1,3.0,11.0,2.2,A,-5.7
11399,none,2,11.0,46.0,7.8,A,15.0
11400,medium,0,5.0,8.0,2.9,A,-12.4
11401,none,1,12.0,18.0,9.9,A,-0.5
11402,low,2,1.0,2.0,4.0,A,-17.3
11403,low,1,11.0,22.0,5.3,A,8.0
11404,high,2,9.0,15.0,9.1,A,-4.4
11405,high,1,6.0,20.0,8.4,A,11.1
11406,none,0,11.0,35.0,9.0,D,15.0
11407,medium,2,10.0,4.0,2.9,A,-100.0
11408,none,0,16.0,8.0,9.8,A,-100.0
11409,high,2,10.0,8.0,5.3,D,-100.0
11410,,3,21.0,34.0,3.9,C,14.2
11411,medium,1,2.0,5.0,5.7,B,-12.2
11412,low,2,17.0,1.0,8.1,A,-100.0
11413,low,0,2.0,39.0,4.1,C,15.0
11414,low,1,13.0,3.0,9.2,A,-100.0
11415,none,2,1.0,29.0,6.1,A,15.0
11416,low,2,5.0,24.0,3.9,C,15.0
11417,none,1,14.0,1.0,9.9,A,-100.0
11418,low,1,8.0,6.0,1.9,A,-100.0
11419,low,1,4.0,12.0,8.1,A,0.6
11420,medium,0,8.0,3.0,8.9,A,-100.0
11421,high,1,4.0,5.0,4.3,A,-19.0
11422,medium,2,13.0,15.0,2.8,A,
11423,none,2,10.0,0.0,5.3,C,-100.0
11424,none,2,0.0,24.0,5.9,A,15.0
11425,high,2,11.0,1.0,1.2,D,-100.0
11426,high,0,15.0,14.0,3.5,A,-19.6
11427,high,4,15.0,20.0,8.8,C,-4.8
11428,low,2,5.0,20.0,9.5,A,15.0
11429,low,2,6.0,12.0,9.4,A,-2.3
11430,medium,2,17.0,18.0,9.8,A,-9.2
11431,medium,0,8.0,13.0,1.1,A,-8.0
11432,high,2,28.0,5.0,6.9,A,-100.0
11433,low,2,7.0,21.0,8.4,B,14.3
11434,low,0,7.0,11.0,9.5,A,-5.9
11435,low,0,14.0,4.0,8.1,A,-100.0
11436,low,0,6.0,8.0,9.1,A,-10.7
11437,high,3,3.0,14.0,10.0,A,4.3
11438,medium,2,3.0,12.0,9.6,A,2.6
11439,high,2,8.0,10.0,8.9,B,-13.3
11440,medium,4,4.0,12.0,1.5,C,-3.3
11441,medium,3,7.0,8.0,8.0,A,-13.6
11442,high,0,16.0,5.0,9.9,A,-100.0
11443,none,2,17.0,2.0,8.2,A,-100.0
11444,medium,0,7.0,28.0,5.3,C,15.0
11445,none,1,19.0,8.0,9.6,C,-100.0
11446,none,1,2.0,17.0,9.5,D,14.7
11447,medium,0,9.0,3.0,3.6,C,-100.0
11448,low,1,14.0,50.0,9.6,A,15.0
11449,low,0,5.0,6.0,1.7,A,-16.8
11450,high,3,14.0,4.0,5.3,A,-100.0
11451,none,0,13.0,50.0,8.7,A,15.0
11452,medium,3,4.0,3.0,3.8,A,-100.0
11453,low,3,23.0,9.0,3.3,B,-100.0
11454,none,0,31.0,16.0,1.9,C,-100.0
11455,low,1,15.0,3.0,2.5,A,-100.0
11456,medium,1,10.0,2.0,7.3,A,-100.0
11457,medium,3,36.0,11.0,9.5,A,-100.0
11458,medium,0,1.0,4.0,4.7,A,-12.9
11459,high,0,1.0,4.0,,C,
11460,medium,1,7.0,12.0,1.2,D,-8.4
11461,high,2,8.0,7.0,2.4,A,-100.0
11462,low,0,5.0,5.0,7.1,C,-16.2
11463,medium,0,17.0,1.0,1.6,A,-100.0
11464,low,3,8.0,9.0,1.8,B,-16.0
11465,high,0,18.0,8.0,1.4,A,-100.0
11466,low,1,10.0,3.0,,D,
11467,high,0,11.0,1.0,7.2,A,-100.0
11468,medium,1,8.0,13.0,1.7,C,-7.8
11469,high,0,6.0,25.0,4.8,A,15.0
11470,medium,1,6.0,1.0,5.5,D,-100.0
11471,high,1,10.0,7.0,8.9,A,-100.0
11472,high,0,2.0,9.0,3.1,C,-7.6
11473,high,1,6.0,2.0,3.3,C,-100.0
11474,medium,0,10.0,7.0,6.7,A,-100.0
11475,none,1,12.0,2.0,8.4,A,-100.0
11476,medium,2,9.0,6.0,3.6,C,-100.0
11477,low,3,8.0,15.0,9.0,C,0.2
11478,none,2,6.0,6.0,8.1,A,-16.2
11479,low,4,1.0,5.0,2.2,C,-12.1
11480,high,1,1.0,4.0,3.4,A,-16.3
11481,medium,0,6.0,0.0,8.7,A,-100.0
11482,low,1,5.0,8.0,1.1,D,-13.0
11483,high,0,20.0,15.0,8.6,A,-100.0
11484,medium,0,10.0,16.0,5.4,A,-3.1
11485,medium,0,18.0,25.0,9.1,A,3.7
11486,high,0,5.0,5.0,2.1,A,-100.0
11487,high,3,13.0,1.0,2.3,A,-100.0
11488,low,2,11.0,2.0,8.8,A,-100.0
11489,low,1,9.0,49.0,1.9,B,15.0
11490,low,1,15.0,7.0,9.8,A,-100.0
11491,medium,2,11.0,50.0,3.2,A,15.0
11492,,0,6.0,4.0,8.0,C,-100.0
11493,medium,0,3.0,25.0,4.5,C,15.0
11494,,3,6.0,14.0,9.9,A,1.4
11495,low,1,22.0,13.0,4.0,A,-100.0
11496,none,3,12.0,16.0,8.6,B,-5.5
11497,medium,1,8.0,11.0,9.6,A,-8.1
11498,low,0,5.0,7.0,5.4,C,-12.9
11499,low,0,5.0,6.0,6.9,A,-14.2
11500,,1,6.0,2.0,9.4,C,-100.0
11501,high,1,7.0,7.0,5.4,A,-19.5
11502,high,1,15.0,21.0,5.6,A,-4.0
11503,high,0,17.0,10.0,6.5,A,-100.0
11504,high,0,7.0,15.0,9.3,C,-0.6
11505,low,3,20.0,20.0,4.8,A,-12.4
11506,high,2,9.0,1.0,9.3,C,-100.0
11507,none,3,10.0,26.0,3.4,C,15.0
11508,medium,0,8.0,3.0,1.7,C,-100.0
11509,none,1,8.0,42.0,9.0,A,15.0
11510,high,2,2.0,1.0,8.0,A,-100.0
11511,high,2,6.0,8.0,1.6,A,-17.6
11512,low,2,10.0,7.0,2.0,A,-100.0
11513,high,2,1.0,8.0,8.8,B,-5.3
11514,high,2,12.0,43.0,5.9,A,15.0
11515,medium,0,5.0,30.0,5.8,C,15.0
11516,high,3,4.0,21.0,4.3,A,14.4
11517,medium,3,,4.0,9.4,C,
11518,none,2,5.0,12.0,4.2,A,-3.8
11519,low,2,6.0,7.0,8.2,A,-13.4
11520,medium,2,26.0,23.0,1.0,D,-18.8
11521,,2,16.0,11.0,5.8,A,-100.0
11522,low,1,6.0,12.0,3.3,A,-5.3
11523,high,0,4.0,11.0,8.2,C,-4.3
11524,medium,1,6.0,7.0,1.0,A,-17.3
11525,medium,1,5.0,14.0,6.5,A,1.9
11526,low,1,0.0,18.0,6.4,B,15.0
11527,low,0,4.0,29.0,7.3,C,15.0
11528,none,2,10.0,12.0,9.1,A,-10.1
11529,high,1,8.0,14.0,8.1,A,-5.2
11530,medium,2,19.0,17.0,9.2,A,-15.1
11531,low,2,15.0,5.0,4.9,C,-100.0
11532,low,3,12.0,13.0,1.7,C,-14.7
11533,low,4,22.0,12.0,8.3,C,-100.0
11534,none,1,5.0,4.0,1.2,C,-100.0
11535,low,4,18.0,11.0,8.3,A,-100.0
11536,high,2,7.0,8.0,1.9,A,-19.2
11537,none,3,4.0,30.0,9.8,A,15.0
11538,medium,0,12.0,6.0,5.1,C,-100.0
11539,medium,1,2.0,4.0,9.5,A,-12.4
11540,medium,1,14.0,16.0,4.2,A,-10.8
11541,low,1,5.0,7.0,9.5,A,-10.9
11542,high,0,31.0,4.0,5.8,A,-100.0
11543,low,3,8.0,3.0,2.4,B,-100.0
11544,low,1,2.0,11.0,8.4,A,2.2
11545,none,0,8.0,1.0,8.3,A,-100.0
11546,medium,0,8.0,1.0,4.5,C,-100.0
11547,high,2,4.0,21.0,4.6,A,14.7
11548,high,2,11.0,34.0,9.5,C,15.0
11549,none,1,1.0,15.0,1.7,B,8.4
11550,high,3,6.0,1.0,3.1,A,-100.0
11551,high,1,4.0,21.0,9.2,A,15.0
11552,low,0,13.0,2.0,10.0,A,-100.0
11553,high,0,7.0,1.0,8.4,A,-100.0
11554,low,0,1.0,3.0,8.3,C,-12.8
11555,low,1,5.0,9.0,2.4,A,-10.3
11556,low,2,7.0,2.0,2.8,B,-100.0
11557,low,2,13.0,23.0,9.6,C,8.6
11558,low,1,2.0,15.0,3.2,A,8.0
11559,,2,4.0,2.0,8.6,A,-100.0
11560,high,0,2.0,38.0,6.8,B,15.0
11561,medium,1,3.0,11.0,6.7,A,-0.8
11562,none,3,3.0,5.0,6.2,B,-14.1
11563,none,1,11.0,3.0,4.2,A,-100.0
11564,medium,0,5.0,17.0,5.9,A,8.0
11565,medium,3,3.0,5.0,8.5,B,-12.7
11566,none,0,9.0,36.0,6.9,B,15.0
11567,none,2,12.0,10.0,4.1,A,-100.0
11568,none,1,4.0,19.0,4.6,A,13.0
11569,none,2,2.0,12.0,9.4,C,4.1
11570,low,1,15.0,13.0,9.2,A,-16.0
11571,high,2,4.0,18.0,6.5,A,9.3
11572,none,1,23.0,12.0,2.3,A,-100.0
11573,high,0,2.0,15.0,1.9,C,4.4
11574,low,1,10.0,1.0,8.5,A,-100.0
11575,low,0,12.0,7.0,8.8,A,-100.0
11576,none,2,14.0,7.0,3.2,A,-100.0
11577,low,1,4.0,2.0,3.5,A,-100.0
11578,none,0,16.0,8.0,9.5,A,-100.0
11579,none,3,5.0,2.0,5.8,A,-100.0
11580,high,3,16.0,33.0,3.0,A,15.0
11581,medium,5,8.0,8.0,3.0,A,-18.1
11582,low,1,1.0,15.0,8.3,A,12.3
11583,low,2,3.0,8.0,5.3,D,-7.5
11584,medium,3,5.0,18.0,6.1,A,9.9
11585,none,2,4.0,29.0,8.3,B,15.0
11586,medium,3,13.0,6.0,3.6,A,-100.0
11587,medium,0,9.0,12.0,3.7,A,-10.6
11588,none,2,11.0,16.0,4.8,A,-5.6
11589,medium,3,11.0,50.0,5.5,A,15.0
11590,low,0,5.0,8.0,8.5,A,-9.2
11591,high,1,8.0,3.0,6.7,A,-100.0
11592,high,2,16.0,16.0,6.4,B,-15.9
11593,high,0,6.0,4.0,8.0,A,-100.0
11594,none,1,12.0,1.0,5.3,A,-100.0
11595,low,2,28.0,4.0,8.2,A,-100.0
11596,medium,1,14.0,7.0,8.9,A,-100.0
11597,medium,0,3.0,29.0,9.5,A,15.0
11598,low,1,5.0,8.0,5.5,A,-10.8
11599,low,1,9.0,18.0,3.5,C,2.2
11600,high,0,11.0,22.0,9.1,C,7.0
11601,medium,2,,22.0,9.9,C,
11602,high,3,6.0,19.0,3.0,A,6.1
11603,high,1,12.0,3.0,1.6,A,-100.0
11604,high,2,2.0,13.0,9.1,A,3.6
11605,high,0,31.0,15.0,9.4,A,-100.0
11606,low,1,8.0,1.0,9.7,A,-100.0
11607,medium,1,5.0,2.0,8.9,B,-100.0
11608,high,2,10.0,3.0,2.1,A,-100.0
11609,high,0,8.0,1.0,4.6,C,-100.0
11610,low,2,16.0,1.0,3.3,B,-100.0
11611,low,1,16.0,7.0,6.5,C,-100.0
11612,none,1,9.0,2.0,9.3,A,-100.0
11613,medium,2,9.0,10.0,1.4,A,-16.1
11614,high,0,10.0,15.0,2.4,A,-9.3
11615,high,1,12.0,6.0,6.5,C,-100.0
11616,low,1,,13.0,9.2,C,
11617,low,0,9.0,9.0,2.7,A,-17.0
11618,high,1,11.0,33.0,8.8,C,15.0
11619,low,0,30.0,25.0,10.0,A,-16.5
11620,medium,1,5.0,2.0,2.0,A,-100.0
11621,low,1,9.0,11.0,7.0,A,-10.8
11622,none,2,7.0,4.0,8.3,C,-100.0
11623,medium,1,7.0,50.0,1.1,A,15.0
11624,none,1,6.0,10.0,2.4,A,-10.5
11625,none,1,6.0,28.0,8.1,A,15.0
11626,none,1,3.0,39.0,3.6,A,15.0
11627,none,1,35.0,2.0,9.1,A,-100.0
11628,medium,2,5.0,18.0,3.5,A,8.7
11629,low,2,13.0,19.0,8.8,A,-0.2
11630,low,2,3.0,10.0,9.6,A,-1.2
11631,low,0,7.0,6.0,6.5,C,-17.9
11632,low,2,1.0,6.0,4.6,A,
11633,medium,3,21.0,3.0,6.0,A,-100.0
11634,medium,5,5.0,2.0,8.5,A,-100.0
11635,medium,2,9.0,2.0,8.8,B,-100.0
11636,low,2,6.0,23.0,2.8,A,15.0
11637,none,1,20.0,3.0,2.2,A,-100.0
11638,high,2,29.0,24.0,8.3,A,-100.0
11639,none,4,8.0,4.0,1.3,C,-100.0
11640,high,1,14.0,9.0,8.1,C,-100.0
11641,low,1,6.0,9.0,1.5,A,-12.5
11642,none,1,13.0,14.0,2.0,C,-14.6
11643,low,1,13.0,14.0,3.9,A,-13.0
11644,high,0,13.0,22.0,3.7,A,0.8
11645,low,3,23.0,18.0,5.1,A,-100.0
11646,medium,1,10.0,11.0,8.7,A,-12.1
11647,high,0,8.0,6.0,8.7,B,-100.0
11648,low,0,17.0,34.0,8.3,A,15.0
11649,high,1,3.0,7.0,2.3,A,-14.0
11650,low,3,4.0,8.0,1.8,A,-11.1
11651,low,1,17.0,21.0,4.2,A,-5.2
11652,medium,1,7.0,4.0,4.3,A,-100.0
11653,high,1,11.0,16.0,2.9,A,-8.8
11654,medium,0,7.0,4.0,2.9,D,-100.0
11655,high,0,8.0,6.0,1.1,D,-100.0
11656,low,0,3.0,2.0,3.8,A,-100.0
11657,high,2,17.0,3.0,1.4,B,-100.0
11658,high,1,2.0,8.0,2.9,A,-9.9
11659,none,2,5.0,2.0,8.5,C,-100.0
11660,low,1,3.0,20.0,2.5,A,15.0
11661,none,4,6.0,7.0,3.7,C,-16.5
11662,low,2,3.0,6.0,8.9,B,-9.9
11663,high,2,3.0,1.0,8.3,D,-100.0
11664,high,3,3.0,6.0,9.0,A,-13.0
11665,medium,1,12.0,1.0,9.2,A,-100.0
11666,low,2,15.0,20.0,9.7,A,-1.1
11667,high,0,9.0,6.0,8.7,C,-100.0
11668,high,3,8.0,3.0,9.4,A,-100.0
11669,medium,0,12.0,9.0,8.5,C,-19.8
11670,high,2,3.0,17.0,3.2,A,7.3
11671,low,0,18.0,9.0,2.3,A,-100.0
11672,low,3,4.0,13.0,5.4,A,1.2
11673,medium,0,,1.0,9.7,C,
11674,medium,0,5.0,8.0,5.3,A,-11.2
11675,high,1,19.0,4.0,8.7,A,-100.0
11676,high,2,6.0,27.0,3.6,A,15.0
11677,high,0,10.0,2.0,4.6,A,-100.0
11678,low,1,21.0,6.0,9.3,A,-100.0
11679,high,0,13.0,28.0,5.0,A,14.0
11680,none,1,20.0,10.0,7.6,A,-100.0
11681,medium,2,2.0,2.0,9.1,A,-16.8
11682,high,3,5.0,10.0,8.2,D,-8.5
11683,low,1,8.0,2.0,8.4,C,-100.0
11684,low,2,7.0,29.0,6.5,A,15.0
11685,low,1,3.0,13.0,8.3,A,4.6
11686,low,1,6.0,3.0,5.8,A,-100.0
11687,low,1,6.0,0.0,3.8,C,-100.0
11688,medium,3,4.0,1.0,8.1,A,-100.0
11689,none,1,19.0,9.0,3.3,A,-100.0
11690,medium,0,8.0,12.0,7.8,B,-6.8
11691,low,2,4.0,8.0,7.9,C,-8.0
11692,low,1,6.0,46.0,8.9,C,15.0
11693,high,3,28.0,11.0,8.4,A,-100.0
11694,none,0,2.0,37.0,7.7,B,15.0
11695,medium,1,7.0,37.0,2.8,A,15.0
11696,low,0,13.0,5.0,8.8,A,-100.0
11697,none,0,12.0,35.0,1.8,A,15.0
11698,medium,3,16.0,1.0,4.7,A,-100.0
11699,low,2,4.0,2.0,5.4,A,-100.0
11700,medium,3,8.0,20.0,7.2,A,9.4
11701,low,3,7.0,16.0,10.0,A,4.5
11702,high,1,9.0,4.0,9.3,A,-100.0
11703,low,2,12.0,6.0,6.4,A,-100.0
11704,low,2,,2.0,9.3,C,
11705,high,0,,23.0,8.7,C,
11706,high,3,7.0,7.0,2.4,A,-100.0
11707,none,1,6.0,21.0,3.6,A,13.2
11708,low,0,11.0,15.0,3.8,B,-7.4
11709,low,1,6.0,18.0,9.2,C,10.3
11710,high,2,1.0,2.0,5.0,A,-19.8
11711,high,4,22.0,2.0,8.3,D,-100.0
11712,high,2,11.0,7.0,2.4,C,-100.0
11713,low,1,5.0,4.0,9.7,A,-17.1
11714,high,2,5.0,1.0,8.9,A,-100.0
11715,medium,1,8.0,2.0,5.7,C,-100.0
11716,low,2,14.0,45.0,9.9,A,15.0
11717,low,0,19.0,4.0,8.0,A,-100.0
11718,medium,1,8.0,1.0,1.5,A,-100.0
11719,low,0,32.0,36.0,8.4,A,2.3
11720,high,2,21.0,16.0,5.0,B,-100.0
11721,high,0,5.0,3.0,5.6,B,-100.0
11722,none,1,14.0,50.0,7.6,C,15.0
11723,high,4,4.0,6.0,2.3,A,-18.2
11724,medium,0,33.0,15.0,6.4,A,-100.0
11725,none,0,7.0,1.0,7.6,C,-100.0
11726,low,0,5.0,7.0,9.5,A,-10.8
11727,low,1,3.0,16.0,6.8,C,10.1
11728,medium,1,3.0,2.0,9.3,C,-18.4
11729,low,1,10.0,9.0,4.5,B,-18.0
11730,medium,2,4.0,9.0,9.7,C,-5.4
11731,low,0,6.0,16.0,1.5,A,2.3
11732,medium,1,10.0,3.0,7.7,A,-100.0
11733,high,0,15.0,29.0,1.8,C,11.0
11734,none,0,6.0,14.0,9.2,A,1.4
11735,none,2,11.0,10.0,5.6,D,-17.8
11736,medium,0,19.0,10.0,4.1,D,-100.0
11737,high,1,18.0,14.0,6.7,A,-100.0
11738,high,0,7.0,12.0,2.2,C,-10.5
11739,none,0,16.0,28.0,10.0,C,13.7
11740,low,2,8.0,1.0,4.8,A,-100.0
11741,high,0,5.0,5.0,8.8,A,-18.4
11742,high,0,7.0,4.0,8.3,A,-100.0
11743,medium,2,12.0,1.0,1.5,C,-100.0
11744,none,1,13.0,9.0,5.2,B,-100.0
11745,low,1,13.0,4.0,3.5,A,-100.0
11746,medium,0,0.0,3.0,1.7,A,-14.7
11747,high,4,9.0,50.0,5.9,A,15.0
11748,low,1,9.0,15.0,5.1,C,-3.3
11749,high,1,11.0,1.0,6.5,A,-100.0
11750,high,1,32.0,28.0,8.7,A,-17.5
11751,high,0,4.0,2.0,4.9,A,-100.0
11752,low,1,12.0,1.0,9.4,B,-100.0
11753,high,1,,11.0,4.0,C,
11754,none,1,7.0,10.0,9.4,A,-8.8
11755,low,0,2.0,6.0,5.5,A,-9.7
11756,high,1,14.0,0.0,8.7,A,-100.0
11757,,3,6.0,46.0,1.2,A,15.0
11758,low,1,8.0,4.0,8.3,A,-100.0
11759,low,3,10.0,14.0,9.5,A,-5.2
11760,high,1,18.0,5.0,8.0,A,-100.0
11761,medium,1,21.0,1.0,5.1,A,-100.0
11762,none,4,10.0,1.0,4.5,B,-100.0
11763,low,3,8.0,7.0,3.9,B,-19.2
11764,none,1,7.0,13.0,9.2,A,-2.6
11765,low,2,25.0,8.0,3.2,C,-100.0
11766,low,1,16.0,20.0,1.2,A,-7.0
11767,medium,2,5.0,7.0,9.1,A,-11.6
11768,none,1,22.0,13.0,9.9,B,-100.0
11769,high,0,5.0,0.0,9.2,A,-100.0
11770,medium,0,4.0,6.0,9.4,A,-11.6
11771,high,0,4.0,4.0,2.2,C,-100.0
11772,low,2,8.0,20.0,3.9,A,8.2
11773,high,2,10.0,12.0,2.4,B,-15.8
11774,medium,0,9.0,3.0,9.2,A,-100.0
11775,medium,0,5.0,5.0,9.8,B,-15.3
11776,,0,11.0,15.0,7.5,B,-6.1
11777,low,3,19.0,14.0,4.5,D,-100.0
11778,high,2,16.0,10.0,3.5,A,-100.0
11779,medium,1,7.0,24.0,1.4,C,15.0
11780,medium,3,7.0,4.0,7.4,C,-100.0
11781,medium,0,6.0,7.0,8.3,A,-13.5
11782,none,0,5.0,20.0,2.8,C,12.5
11783,none,0,6.0,17.0,1.2,C,3.7
11784,high,1,24.0,14.0,6.7,A,-100.0
11785,low,2,,2.0,1.4,C,
11786,high,1,9.0,6.0,1.6,B,-100.0
11787,low,0,9.0,1.0,2.3,C,-100.0
11788,low,1,11.0,5.0,8.1,A,-100.0
11789,medium,2,1.0,1.0,4.5,C,-19.5
11790,high,1,6.0,0.0,2.5,B,-100.0
11791,high,5,17.0,9.0,1.9,D,-100.0
11792,low,3,11.0,17.0,6.5,A,-2.1
11793,medium,1,12.0,11.0,2.7,A,-18.6
11794,medium,1,6.0,4.0,7.3,A,-100.0
11795,none,1,33.0,6.0,9.0,C,-100.0
11796,medium,0,5.0,0.0,7.8,C,-100.0
11797,high,1,10.0,11.0,9.8,A,-14.1
11798,high,4,5.0,3.0,4.8,A,-100.0
11799,low,1,24.0,24.0,6.4,D,-10.0
11800,medium,2,3.0,5.0,1.3,A,-16.2
11801,medium,2,9.0,22.0,1.2,C,8.9
11802,low,1,3.0,18.0,8.4,D,15.0
11803,none,2,21.0,5.0,6.5,A,-100.0
11804,medium,4,6.0,16.0,4.7,A,3.1
11805,high,1,3.0,5.0,8.7,C,-15.0
11806,low,0,38.0,4.0,6.6,A,-100.0
11807,low,1,2.0,29.0,5.9,A,15.0
11808,none,2,10.0,7.0,9.3,A,-100.0
11809,low,2,9.0,10.0,8.2,A,-12.4
11810,low,2,5.0,10.0,9.5,A,-4.7
11811,low,3,4.0,15.0,9.7,A,7.5
11812,none,2,6.0,7.0,2.5,A,-16.9
11813,low,2,14.0,10.0,4.7,A,-100.0
11814,low,0,4.0,20.0,8.3,A,15.0
11815,low,3,9.0,2.0,9.1,A,-100.0
11816,low,2,10.0,7.0,3.0,C,-100.0
11817,high,1,11.0,3.0,6.8,A,-100.0
11818,low,3,2.0,8.0,1.9,A,-7.6
11819,low,3,3.0,25.0,4.9,A,15.0
11820,low,2,5.0,19.0,2.2,A,10.5
11821,medium,3,12.0,8.0,8.4,A,-100.0
11822,high,4,11.0,19.0,7.8,D,-0.4
11823,low,4,3.0,3.0,3.2,A,-19.3
11824,none,1,2.0,7.0,,D,
11825,medium,1,4.0,13.0,5.3,B,1.0
11826,high,2,3.0,5.0,9.8,C,-14.6
11827,high,2,9.0,0.0,8.5,A,-100.0
11828,,0,9.0,44.0,8.9,A,15.0
11829,low,2,8.0,13.0,2.8,A,-7.0
11830,medium,2,4.0,8.0,3.9,D,-10.4
11831,medium,1,16.0,10.0,7.1,C,-100.0
11832,high,0,6.0,7.0,1.6,B,-19.5
11833,medium,2,7.0,1.0,6.9,A,-100.0
11834,high,2,10.0,7.0,6.7,A,-100.0
11835,none,4,6.0,3.0,4.2,A,-100.0
11836,medium,4,12.0,24.0,1.9,A,8.0
11837,medium,3,1.0,3.0,2.6,A,-16.4
11838,none,4,6.0,5.0,7.9,A,-18.6
11839,low,1,1.0,28.0,1.9,C,15.0
11840,high,2,2.0,5.0,3.7,A,-15.9
11841,low,1,5.0,5.0,6.8,A,-16.5
11842,high,1,19.0,6.0,6.1,A,-100.0
11843,none,5,7.0,4.0,9.7,B,-100.0
11844,medium,1,3.0,5.0,6.6,A,-13.4
11845,medium,3,15.0,6.0,1.2,D,-100.0
11846,high,3,,4.0,2.3,C,
11847,medium,1,8.0,23.0,5.2,A,14.9
11848,low,2,3.0,1.0,1.8,A,-100.0
11849,low,1,18.0,26.0,5.0,A,4.0
11850,low,2,35.0,39.0,3.4,A,0.6
11851,medium,3,18.0,1.0,8.1,A,-100.0
11852,medium,2,13.0,0.0,2.1,B,-100.0
11853,none,0,8.0,25.0,4.2,C,15.0
11854,medium,2,5.0,5.0,3.3,A,-18.7
11855,medium,1,5.0,27.0,1.9,A,15.0
11856,high,2,7.0,2.0,8.0,A,-100.0
11857,medium,1,18.0,17.0,9.6,C,-13.0
11858,none,0,18.0,10.0,8.6,B,-100.0
11859,low,2,10.0,10.0,4.2,A,-16.1
11860,none,2,13.0,2.0,4.8,C,-100.0
11861,none,1,12.0,7.0,9.6,A,-100.0
11862,low,1,8.0,6.0,6.1,A,-20.0
11863,none,0,14.0,19.0,9.1,A,-2.2
11864,medium,2,7.0,1.0,9.0,A,-100.0
11865,low,2,9.0,8.0,2.7,A,-19.3
11866,none,1,6.0,3.0,8.6,A,-100.0
11867,medium,5,15.0,28.0,1.0,A,10.6
11868,low,2,8.0,12.0,9.3,B,-5.9
11869,low,2,2.0,14.0,2.4,A,5.4
11870,low,0,1.0,15.0,8.1,A,12.3
11871,high,1,5.0,7.0,9.7,A,-13.8
11872,high,1,5.0,19.0,1.0,A,7.0
11873,none,2,3.0,16.0,6.4,A,9.2
11874,none,2,2.0,13.0,5.6,A,4.3
11875,low,1,7.0,4.0,5.1,D,-100.0
11876,none,1,4.0,1.0,2.6,A,-100.0
11877,low,2,13.0,5.0,6.2,A,-100.0
11878,high,2,11.0,16.0,1.1,A,-9.8
11879,high,0,28.0,1.0,4.8,A,-100.0
11880,low,2,11.0,11.0,9.2,B,-13.3
11881,none,1,12.0,6.0,8.8,C,-100.0
11882,low,1,2.0,10.0,7.7,C,-0.3
11883,none,1,16.0,1.0,5.7,B,-100.0
11884,low,1,6.0,0.0,6.0,A,-100.0
11885,medium,1,5.0,23.0,3.3,A,15.0
11886,medium,2,3.0,41.0,3.9,A,15.0
11887,none,5,19.0,5.0,9.9,B,-100.0
11888,low,1,21.0,22.0,4.2,C,-10.1
11889,none,4,3.0,10.0,1.1,B,-6.2
11890,high,3,13.0,9.0,9.3,A,-100.0
11891,none,0,18.0,42.0,2.2,C,15.0
11892,none,1,7.0,0.0,8.4,A,-100.0
11893,high,3,5.0,0.0,1.5,A,-100.0
11894,low,2,12.0,1.0,8.2,C,-100.0
11895,medium,1,36.0,42.0,9.8,D,8.1
11896,none,2,11.0,1.0,9.6,C,-100.0
11897,none,2,1.0,1.0,6.5,A,-18.7
11898,low,1,15.0,2.0,9.1,A,-100.0
11899,medium,1,5.0,4.0,1.7,D,-100.0
11900,medium,1,6.0,6.0,2.8,C,-18.5
11901,medium,2,12.0,10.0,8.8,A,-17.7
11902,none,0,8.0,7.0,5.7,A,-18.6
11903,low,3,35.0,1.0,7.6,D,-100.0
11904,low,1,9.0,17.0,7.1,A,1.9
11905,low,4,2.0,3.0,8.5,C,-14.9
11906,high,4,4.0,17.0,7.8,A,7.7
11907,medium,3,5.0,5.0,9.6,C,-15.6
11908,high,2,16.0,0.0,9.8,A,-100.0
11909,high,2,6.0,30.0,1.9,A,15.0
11910,none,2,5.0,18.0,8.9,C,11.2
11911,medium,3,14.0,12.0,1.9,B,-100.0
11912,medium,3,11.0,4.0,2.6,B,-100.0
11913,medium,3,17.0,13.0,9.4,A,-20.0
11914,low,0,1.0,9.0,9.0,A,0.1
11915,none,0,2.0,11.0,9.6,C,2.3
11916,high,2,7.0,3.0,8.0,A,-100.0
11917,high,2,4.0,23.0,3.7,A,15.0
11918,none,1,24.0,27.0,2.7,A,-6.2
11919,high,2,22.0,9.0,9.9,A,-100.0
11920,none,3,11.0,50.0,1.9,B,15.0
11921,low,2,15.0,8.0,9.4,D,-100.0
11922,high,1,,12.0,4.7,C,
11923,none,2,7.0,47.0,5.7,A,15.0
11924,medium,1,1.0,16.0,9.8,A,14.7
11925,low,0,17.0,26.0,5.4,A,6.0
11926,high,3,7.0,14.0,8.0,D,-3.7
11927,high,1,8.0,4.0,5.0,A,-100.0
11928,high,1,15.0,4.0,1.4,A,-100.0
11929,low,1,8.0,6.0,3.2,A,-100.0
11930,,3,11.0,18.0,2.9,A,-2.4
11931,none,2,6.0,15.0,4.3,C,0.8
11932,medium,0,4.0,3.0,6.1,A,-19.6
11933,high,1,1.0,6.0,8.8,A,-9.4
11934,medium,1,9.0,11.0,5.3,A,-12.0
11935,high,4,0.0,5.0,8.0,A,-10.4
11936,high,1,18.0,2.0,4.5,A,-100.0
11937,high,1,10.0,11.0,7.8,A,-15.1
11938,high,0,18.0,3.0,2.6,A,-100.0
11939,medium,0,8.0,32.0,2.7,A,15.0
11940,low,2,3.0,2.0,8.4,A,-18.6
11941,low,1,7.0,16.0,5.7,A,2.6
11942,low,1,2.0,50.0,6.4,A,15.0
11943,high,3,11.0,9.0,1.9,B,-100.0
11944,medium,0,6.0,0.0,6.8,A,-100.0
11945,low,2,,15.0,1.2,C,
11946,low,2,17.0,41.0,8.4,A,15.0
11947,high,1,14.0,3.0,1.3,A,-100.0
11948,medium,0,13.0,16.0,5.2,B,-8.5
11949,low,2,14.0,10.0,8.1,B,-100.0
11950,low,1,26.0,7.0,2.3,A,-100.0
11951,medium,1,12.0,9.0,9.7,A,-19.3
11952,none,2,11.0,5.0,9.1,A,-100.0
11953,medium,1,8.0,6.0,2.5,A,-100.0
11954,high,1,5.0,6.0,4.7,A,-18.4
11955,low,2,16.0,3.0,3.8,A,-100.0
11956,none,0,6.0,15.0,7.9,B,2.8
11957,low,1,26.0,24.0,8.9,A,-12.3
11958,high,1,8.0,4.0,2.0,A,-100.0
11959,none,2,2.0,6.0,5.6,A,-10.4
11960,high,1,3.0,49.0,4.2,A,15.0
11961,high,2,12.0,2.0,8.1,A,-100.0
11962,high,3,6.0,7.0,8.6,A,-16.3
11963,medium,0,11.0,9.0,9.5,B,-17.5
11964,none,4,6.0,1.0,6.3,A,-100.0
11965,low,2,2.0,2.0,3.8,A,-19.1
11966,none,1,11.0,3.0,9.7,A,-100.0
11967,low,3,39.0,1.0,7.0,B,-100.0
11968,medium,0,7.0,0.0,7.6,A,-100.0
11969,low,0,8.0,4.0,6.2,A,-100.0
11970,low,2,16.0,9.0,9.9,B,-100.0
11971,medium,4,6.0,5.0,4.2,C,-100.0
11972,low,2,13.0,3.0,9.6,A,-100.0
11973,low,1,9.0,0.0,8.1,A,-100.0
11974,none,0,8.0,1.0,9.6,A,-100.0
11975,none,0,3.0,7.0,8.2,A,-8.6
11976,medium,2,24.0,8.0,7.9,C,-100.0
11977,high,0,6.0,25.0,2.4,A,15.0
11978,low,2,8.0,18.0,6.8,A,5.5
11979,high,0,30.0,14.0,2.9,A,-100.0
11980,,2,4.0,23.0,9.9,A,15.0
11981,medium,1,8.0,15.0,5.7,A,-1.6
11982,medium,1,5.0,38.0,7.6,B,15.0
11983,low,0,10.0,25.0,1.2,B,14.1
11984,low,0,7.0,9.0,5.7,A,-12.0
11985,low,2,,1.0,9.0,C,
11986,none,0,15.0,24.0,2.1,A,3.1
11987,high,3,13.0,2.0,1.3,C,-100.0
11988,high,2,15.0,16.0,2.4,A,-16.2
11989,medium,2,10.0,7.0,3.1,A,-100.0
11990,low,2,5.0,3.0,8.6,A,-19.9
11991,low,1,21.0,16.0,3.5,A,-100.0
11992,low,2,9.0,8.0,5.5,A,-17.9
11993,high,0,11.0,6.0,4.4,D,-100.0
11994,high,0,4.0,13.0,5.9,A,-1.3
11995,high,1,4.0,1.0,5.0,A,-100.0
11996,medium,1,7.0,8.0,9.2,A,-12.9
11997,low,1,8.0,4.0,5.7,A,-100.0
11998,low,3,5.0,2.0,1.1,A,-100.0
11999,high,2,6.0,9.0,9.0,C,-11.8
12000,high,2,9.0,12.0,9.4,A,-10.6
12001,medium,1,6.0,6.0,9.8,A,-15.0
12002,medium,1,1.0,34.0,10.0,A,15.0
12003,medium,0,10.0,5.0,3.7,C,-100.0
12004,high,2,18.0,9.0,7.8,B,-100.0
12005,low,3,3.0,2.0,2.5,C,-100.0
12006,medium,0,2.0,16.0,1.6,A,9.0
12007,high,1,2.0,29.0,8.8,A,15.0
12008,high,1,10.0,14.0,8.2,A,-8.6
12009,high,1,12.0,15.0,9.5,C,-9.4
12010,low,2,2.0,12.0,6.5,A,3.2
12011,none,1,2.0,25.0,1.8,C,15.0
12012,low,1,10.0,1.0,9.1,A,-100.0
12013,none,2,6.0,0.0,8.4,C,-100.0
12014,high,0,3.0,17.0,8.5,A,10.2
12015,medium,2,3.0,29.0,5.8,C,15.0
12016,high,1,7.0,9.0,3.3,A,-16.3
12017,medium,2,27.0,3.0,6.0,A,-100.0
12018,high,6,5.0,4.0,7.0,A,-100.0
12019,medium,2,4.0,4.0,2.4,A,-19.5
12020,low,0,15.0,2.0,4.3,B,-100.0
12021,high,2,7.0,13.0,1.8,A,-8.8
12022,high,1,15.0,10.0,8.4,A,-100.0
12023,high,1,20.0,12.0,4.3,C,-100.0
12024,medium,1,24.0,5.0,8.3,A,-100.0
12025,low,2,12.0,2.0,2.6,A,-100.0
12026,low,0,13.0,9.0,1.7,A,-100.0
12027,low,1,2.0,24.0,5.5,A,15.0
12028,none,1,22.0,24.0,8.3,A,-6.2
12029,medium,1,8.0,7.0,6.9,A,-17.8
12030,high,1,5.0,3.0,8.5,C,-100.0
12031,high,3,23.0,22.0,8.1,B,-14.8
12032,high,2,11.0,33.0,5.5,A,15.0
12033,low,1,19.0,0.0,2.7,C,-100.0
12034,medium,0,10.0,6.0,9.1,A,-100.0
12035,none,2,11.0,5.0,9.7,B,-100.0
12036,none,0,14.0,2.0,1.6,A,-100.0
12037,medium,1,10.0,9.0,4.5,A,-18.3
12038,high,2,19.0,25.0,9.6,A,-0.7
12039,none,1,2.0,17.0,8.8,A,14.4
12040,high,1,15.0,18.0,6.0,A,-10.1
12041,high,1,2.0,11.0,2.7,C,-3.7
12042,medium,1,13.0,10.0,8.4,C,-19.6
12043,high,0,30.0,0.0,1.6,A,-100.0
12044,low,1,5.0,39.0,8.5,B,15.0
12045,high,1,9.0,14.0,3.0,D,-9.5
12046,high,1,17.0,46.0,2.9,A,15.0
12047,high,1,7.0,4.0,2.7,A,-100.0
12048,low,0,19.0,8.0,8.2,C,-100.0
12049,none,0,4.0,6.0,3.7,A,-14.7
12050,high,0,14.0,34.0,9.7,A,15.0
12051,medium,2,10.0,32.0,8.4,A,15.0
12052,medium,2,2.0,17.0,7.3,A,13.7
12053,low,0,5.0,47.0,3.1,A,15.0
12054,low,1,5.0,21.0,7.6,A,15.0
12055,low,1,14.0,5.0,9.9,C,-100.0
12056,low,2,6.0,9.0,4.3,A,-11.2
12057,medium,0,19.0,1.0,8.2,C,-100.0
12058,none,1,4.0,0.0,7.9,A,-100.0
12059,low,0,9.0,15.0,9.9,C,-0.8
12060,high,1,2.0,4.0,10.0,A,-14.7
12061,high,3,4.0,4.0,3.9,A,-100.0
12062,low,0,3.0,9.0,7.7,A,-4.0
12063,high,1,10.0,10.0,1.8,A,-100.0
12064,low,0,15.0,6.0,5.6,C,-100.0
12065,low,2,30.0,9.0,5.7,A,-100.0
12066,low,0,8.0,25.0,8.6,A,15.0
12067,high,1,7.0,7.0,7.8,A,-18.3
12068,,2,19.0,1.0,5.1,C,-100.0
12069,low,1,29.0,7.0,9.6,D,-100.0
12070,low,2,4.0,3.0,1.4,C,-100.0
12071,high,1,8.0,28.0,5.1,A,15.0
12072,medium,0,3.0,1.0,2.7,A,-100.0
12073,none,1,3.0,18.0,4.6,C,12.6
12074,medium,0,15.0,16.0,4.7,C,-12.2
12075,high,2,23.0,2.0,8.1,C,-100.0
12076,medium,1,15.0,7.0,3.4,C,-100.0
12077,medium,0,12.0,13.0,9.6,C,-10.8
12078,none,1,5.0,5.0,2.3,B,-19.3
12079,medium,1,12.0,5.0,3.9,A,-100.0
12080,high,2,3.0,2.0,4.5,A,-100.0
12081,medium,1,15.0,5.0,4.4,B,-100.0
12082,low,1,5.0,32.0,9.0,A,15.0
12083,none,1,2.0,15.0,8.2,A,9.9
12084,low,0,9.0,1.0,8.7,A,-100.0
12085,none,3,16.0,4.0,8.4,B,-100.0
12086,low,2,4.0,22.0,7.1,C,15.0
12087,low,1,10.0,12.0,4.2,C,-11.8
12088,medium,1,10.0,4.0,8.5,A,-100.0
12089,high,0,6.0,50.0,7.6,A,15.0
12090,high,0,7.0,23.0,1.3,A,12.2
12091,high,1,12.0,5.0,3.2,C,-100.0
12092,medium,1,9.0,8.0,9.7,A,-16.1
12093,medium,1,11.0,6.0,6.3,A,-100.0
12094,high,1,8.0,7.0,7.3,A,-100.0
12095,medium,2,10.0,3.0,1.1,B,-100.0
12096,medium,1,2.0,12.0,9.3,A,4.3
12097,none,2,13.0,27.0,5.5,D,14.4
12098,medium,0,2.0,8.0,8.5,A,-4.4
12099,high,2,11.0,5.0,9.6,A,-100.0
12100,low,1,3.0,15.0,9.9,A,9.6
12101,medium,2,5.0,4.0,8.8,A,-18.1
12102,low,3,20.0,0.0,5.6,A,-100.0
12103,none,1,19.0,6.0,7.8,A,-100.0
12104,high,3,6.0,31.0,7.8,B,15.0
12105,none,5,9.0,36.0,5.4,A,15.0
12106,none,0,7.0,27.0,8.2,B,15.0
12107,high,0,25.0,3.0,6.6,A,-100.0
12108,high,1,2.0,10.0,10.0,B,-2.1
12109,low,4,5.0,38.0,8.3,A,15.0
12110,low,4,14.0,19.0,8.5,A,-2.3
12111,low,3,22.0,21.0,3.3,A,-14.6
12112,none,2,5.0,6.0,3.6,C,-16.7
12113,none,2,2.0,5.0,9.7,A,-10.5
12114,medium,2,16.0,9.0,3.9,C,-100.0
12115,low,0,13.0,1.0,4.0,A,-100.0
12116,high,1,15.0,4.0,8.9,A,-100.0
12117,high,1,6.0,18.0,3.2,A,4.3
12118,medium,2,1.0,10.0,9.5,C,1.9
12119,medium,1,7.0,10.0,6.5,A,-10.0
12120,low,1,13.0,24.0,4.9,A,8.5
12121,low,2,6.0,0.0,8.1,A,-100.0
12122,low,2,2.0,3.0,9.8,A,-14.0
12123,high,3,10.0,16.0,2.4,A,-7.5
12124,medium,1,4.0,6.0,9.8,A,-11.5
12125,high,2,14.0,9.0,9.2,A,-100.0
12126,medium,2,4.0,33.0,6.1,A,15.0
12127,low,3,7.0,26.0,7.5,D,15.0
12128,high,2,12.0,20.0,7.3,A,-0.1
12129,high,3,18.0,3.0,5.8,A,-100.0
12130,medium,0,9.0,37.0,3.0,A,15.0
12131,medium,1,8.0,12.0,5.9,B,-7.9
12132,medium,1,13.0,10.0,8.8,A,-19.4
12133,medium,1,20.0,11.0,3.4,C,-100.0
12134,medium,1,3.0,8.0,8.2,A,-6.4
12135,medium,1,10.0,0.0,2.6,C,-100.0
12136,none,1,9.0,4.0,5.0,A,-100.0
12137,low,1,27.0,3.0,3.7,A,-100.0
12138,low,2,10.0,29.0,9.9,A,15.0
12139,none,5,4.0,28.0,3.0,A,15.0
12140,high,1,8.0,5.0,1.7,A,-100.0
12141,low,1,14.0,12.0,4.0,A,-18.9
12142,medium,0,16.0,6.0,8.0,D,-100.0
12143,none,2,24.0,25.0,7.2,A,-8.2
12144,high,1,3.0,6.0,8.2,C,-13.2
12145,low,0,2.0,19.0,9.1,A,15.0
12146,medium,1,5.0,10.0,9.4,C,-5.0
12147,medium,4,3.0,0.0,2.0,A,-100.0
12148,low,1,9.0,45.0,8.0,C,15.0
12149,medium,2,8.0,24.0,3.8,A,15.0
12150,high,2,5.0,3.0,9.5,A,-100.0
12151,medium,1,5.0,11.0,2.3,A,-6.5
12152,high,2,,12.0,3.0,C,
12153,medium,3,11.0,31.0,7.9,A,15.0
12154,none,0,7.0,9.0,5.6,A,-12.7
12155,high,0,9.0,28.0,8.5,A,15.0
12156,medium,0,21.0,4.0,5.9,A,-100.0
12157,high,2,7.0,7.0,8.4,A,-18.1
12158,low,1,8.0,6.0,2.6,C,-100.0
12159,high,1,17.0,5.0,8.6,A,-100.0
12160,low,2,10.0,6.0,9.3,A,-100.0
12161,low,5,9.0,25.0,5.0,A,15.0
12162,high,1,9.0,4.0,8.9,A,-100.0
12163,low,3,16.0,1.0,8.9,A,-100.0
12164,medium,3,5.0,33.0,1.3,C,15.0
12165,high,0,14.0,14.0,6.3,C,-16.5
12166,medium,2,8.0,22.0,7.3,C,13.7
12167,none,5,5.0,2.0,9.9,A,-100.0
12168,high,0,11.0,1.0,1.7,D,-100.0
12169,none,1,9.0,5.0,8.6,D,-100.0
12170,high,1,7.0,18.0,6.2,D,4.0
12171,medium,1,3.0,12.0,3.6,A,-0.2
12172,medium,2,14.0,9.0,1.8,A,-100.0
12173,low,2,16.0,21.0,8.5,C,-1.4
12174,none,1,9.0,7.0,8.1,A,-19.2
12175,,1,7.0,23.0,5.8,C,15.0
12176,high,2,20.0,17.0,4.5,A,-100.0
12177,high,4,9.0,25.0,1.7,C,12.7
12178,high,0,11.0,2.0,5.5,A,-100.0
12179,high,2,10.0,12.0,5.0,C,-14.5
12180,high,1,17.0,7.0,3.6,A,-100.0
12181,low,3,8.0,3.0,8.1,A,-100.0
12182,medium,2,5.0,18.0,8.4,A,11.2
12183,low,1,10.0,10.0,9.5,A,-13.4
12184,none,1,4.0,4.0,6.5,A,-17.6
12185,high,4,9.0,13.0,6.8,A,-10.0
12186,high,0,14.0,1.0,6.6,A,-100.0
12187,high,2,,32.0,9.0,C,
12188,low,4,26.0,12.0,9.9,A,-100.0
12189,low,3,10.0,17.0,2.5,A,-2.4
12190,,0,12.0,5.0,8.2,C,-100.0
12191,low,1,7.0,36.0,9.6,A,15.0
12192,medium,0,1.0,0.0,,A,
12193,low,2,21.0,7.0,9.6,A,-100.0
12194,high,0,6.0,19.0,2.7,A,6.2
12195,medium,0,15.0,3.0,6.5,A,-100.0
12196,high,2,18.0,10.0,3.7,A,-100.0
12197,high,6,12.0,15.0,7.1,A,-11.1
12198,high,0,4.0,6.0,6.4,C,-15.7
12199,medium,1,7.0,29.0,1.5,B,15.0
12200,high,1,40.0,14.0,9.0,A,-100.0
12201,high,3,11.0,31.0,5.0,A,15.0
12202,medium,4,13.0,13.0,9.8,B,-12.9
12203,low,0,6.0,7.0,9.1,A,-12.8
12204,low,0,3.0,9.0,9.7,C,-3.0
12205,low,3,12.0,2.0,3.6,B,-100.0
12206,none,1,2.0,13.0,3.8,A,3.5
12207,medium,1,7.0,11.0,7.2,A,-7.6
12208,medium,0,8.0,1.0,7.1,C,-100.0
12209,high,0,11.0,35.0,6.3,A,15.0
12210,high,0,14.0,43.0,5.6,C,15.0
12211,none,1,13.0,3.0,9.9,A,-100.0
12212,none,3,4.0,6.0,8.4,B,-12.6
12213,low,1,9.0,2.0,8.1,A,-100.0
12214,low,1,13.0,7.0,2.0,C,-100.0
12215,none,2,5.0,5.0,8.5,A,-16.3
12216,high,1,6.0,9.0,3.2,A,-14.6
12217,medium,0,6.0,21.0,8.5,A,15.0
12218,high,2,4.0,4.0,7.1,A,-19.8
12219,low,1,28.0,25.0,8.0,A,-14.1
12220,none,1,3.0,16.0,8.2,A,10.2
12221,low,1,12.0,5.0,9.0,A,-100.0
12222,low,0,4.0,6.0,1.8,A,-15.0
12223,low,0,16.0,7.0,2.3,D,-100.0
12224,medium,1,8.0,12.0,2.9,A,-9.4
12225,medium,0,5.0,4.0,5.8,A,-19.3
12226,low,4,10.0,10.0,1.6,A,-17.6
12227,none,2,6.0,10.0,9.5,A,-7.1
12228,low,2,9.0,10.0,4.8,C,-14.1
12229,medium,0,9.0,4.0,9.2,C,-100.0
12230,medium,3,5.0,23.0,3.2,A,15.0
12231,low,1,7.0,13.0,8.5,A,-2.3
12232,high,1,3.0,17.0,8.3,A,10.0
12233,low,2,20.0,9.0,2.9,A,-100.0
12234,low,1,11.0,14.0,6.5,A,-8.2
12235,high,3,9.0,7.0,7.4,A,-100.0
12236,high,0,2.0,16.0,5.5,A,8.3
12237,medium,2,31.0,0.0,,D,
12238,none,2,1.0,16.0,6.5,C,12.8
12239,high,2,39.0,1.0,3.1,A,-100.0
12240,high,2,25.0,5.0,2.8,A,-100.0
12241,medium,1,4.0,10.0,2.3,C,-6.9
12242,low,0,12.0,4.0,4.5,B,-100.0
12243,medium,1,18.0,1.0,6.8,A,-100.0
12244,low,2,17.0,13.0,9.9,C,-19.2
12245,high,2,3.0,3.0,8.1,C,-19.6
12246,none,1,6.0,4.0,8.3,A,-100.0
12247,high,1,16.0,22.0,4.0,A,-4.4
12248,high,0,12.0,2.0,9.3,A,-100.0
12249,low,3,3.0,12.0,2.1,A,-0.8
12250,high,3,3.0,20.0,1.5,A,12.7
12251,none,1,7.0,22.0,8.1,A,15.0
12252,low,2,9.0,3.0,6.2,B,-100.0
12253,high,2,15.0,2.0,2.1,C,-100.0
12254,high,3,2.0,4.0,5.4,A,-17.2
12255,high,0,4.0,5.0,6.5,A,-17.8
12256,high,3,2.0,3.0,5.8,D,-19.1
12257,low,2,18.0,13.0,9.5,B,-100.0
12258,none,1,5.0,5.0,7.8,A,-16.6
12259,high,2,13.0,9.0,7.3,A,-100.0
12260,low,5,13.0,4.0,6.3,D,-100.0
12261,low,1,2.0,23.0,8.2,C,15.0
12262,high,1,8.0,3.0,1.2,C,-100.0
12263,none,0,5.0,16.0,4.3,C,4.9
12264,low,1,6.0,12.0,8.8,C,-2.5
12265,high,0,4.0,5.0,3.5,A,-19.3
12266,low,0,8.0,12.0,6.4,A,-7.1
12267,high,0,12.0,3.0,2.6,A,-100.0
12268,low,3,10.0,4.0,6.8,C,-100.0
12269,high,1,4.0,10.0,5.8,A,-7.7
12270,low,3,4.0,2.0,8.9,B,-100.0
12271,medium,1,4.0,13.0,8.4,C,2.5
12272,none,0,2.0,24.0,1.3,A,15.0
12273,low,1,5.0,3.0,9.1,A,-19.5
12274,medium,1,2.0,3.0,9.0,A,-14.7
12275,high,2,6.0,21.0,8.3,B,13.0
12276,high,1,14.0,5.0,1.4,A,-100.0
12277,low,3,6.0,37.0,9.3,D,15.0
12278,medium,0,31.0,12.0,3.1,A,-100.0
12279,medium,0,5.0,10.0,9.8,A,-4.8
12280,medium,0,3.0,29.0,9.7,A,15.0
12281,high,1,9.0,10.0,9.8,A,-14.5
12282,high,1,3.0,15.0,5.2,B,4.2
12283,high,1,12.0,3.0,7.8,D,-100.0
12284,low,4,13.0,10.0,6.6,C,-100.0
12285,medium,0,25.0,30.0,8.1,C,1.4
12286,medium,0,11.0,7.0,6.1,A,-100.0
12287,none,4,2.0,50.0,9.0,A,15.0
12288,none,2,23.0,4.0,9.9,A,-100.0
12289,low,0,6.0,4.0,8.3,A,-19.5
12290,low,2,18.0,5.0,3.5,A,-100.0
12291,none,1,18.0,13.0,8.2,A,-100.0
12292,none,0,4.0,15.0,7.8,A,6.3
12293,low,3,,13.0,9.3,C,
12294,high,0,1.0,8.0,1.2,C,-8.9
12295,medium,0,6.0,13.0,2.9,A,-3.6
12296,medium,0,12.0,17.0,8.9,A,-2.8
12297,medium,2,13.0,15.0,4.7,A,-11.0
12298,low,2,17.0,33.0,7.9,A,15.0
12299,low,2,20.0,34.0,3.5,D,15.0
12300,low,2,1.0,1.0,9.2,A,-16.8
12301,medium,1,3.0,24.0,8.5,C,15.0
12302,high,3,17.0,0.0,9.0,A,-100.0
12303,low,1,15.0,39.0,2.8,A,15.0
12304,low,1,12.0,9.0,2.3,A,-100.0
12305,high,1,9.0,3.0,9.1,A,-100.0
12306,low,4,4.0,30.0,8.3,A,15.0
12307,medium,3,6.0,3.0,2.3,A,-100.0
12308,high,0,4.0,8.0,7.6,A,-10.9
12309,low,2,18.0,3.0,9.0,A,-100.0
12310,none,2,9.0,8.0,3.7,C,-19.4
12311,high,0,11.0,13.0,3.6,D,-14.7
12312,low,4,12.0,2.0,4.5,A,-100.0
12313,low,0,24.0,11.0,2.1,A,-100.0
12314,high,2,15.0,4.0,8.5,B,-100.0
12315,low,2,5.0,6.0,6.7,C,-14.5
12316,high,0,9.0,16.0,2.2,A,-5.6
12317,low,1,4.0,50.0,8.6,A,15.0
12318,low,4,11.0,12.0,2.3,A,-14.8
12319,high,1,12.0,8.0,4.5,B,-100.0
12320,medium,0,12.0,7.0,7.6,A,-100.0
12321,high,1,9.0,18.0,2.8,D,-1.2
12322,medium,0,,3.0,3.2,C,
12323,low,1,4.0,28.0,4.6,C,15.0
12324,low,2,14.0,4.0,2.0,B,-100.0
12325,high,3,9.0,12.0,4.7,B,-13.0
12326,high,1,7.0,14.0,3.0,C,-6.0
12327,none,1,3.0,26.0,8.3,C,15.0
12328,medium,0,5.0,30.0,3.0,A,15.0
12329,low,0,7.0,4.0,9.4,A,-100.0
12330,high,2,6.0,5.0,9.4,A,-100.0
12331,medium,1,22.0,4.0,7.5,A,-100.0
12332,high,1,8.0,9.0,9.7,A,-14.9
12333,none,1,12.0,2.0,8.1,C,-100.0
12334,low,3,2.0,7.0,8.6,D,-6.3
12335,high,2,8.0,4.0,9.7,A,-100.0
12336,high,2,14.0,9.0,2.2,A,-100.0
12337,high,1,2.0,2.0,8.8,B,-19.5
12338,low,1,14.0,25.0,2.6,C,7.7
12339,high,0,6.0,13.0,2.3,D,-6.6
12340,medium,2,4.0,2.0,1.5,B,-100.0
12341,high,0,23.0,14.0,1.2,C,-100.0
12342,medium,2,5.0,26.0,9.9,A,15.0
12343,medium,3,12.0,8.0,9.6,A,-100.0
12344,none,0,3.0,37.0,9.2,A,15.0
12345,low,0,8.0,19.0,4.6,A,6.7
12346,none,5,10.0,1.0,9.8,A,-100.0
12347,medium,1,14.0,12.0,2.2,B,-100.0
12348,low,3,9.0,20.0,1.6,C,5.2
12349,none,4,7.0,3.0,1.6,A,-100.0
12350,medium,1,4.0,26.0,2.7,A,15.0
12351,low,5,13.0,2.0,7.9,A,-100.0
12352,medium,1,3.0,5.0,9.7,A,-11.9
12353,low,1,2.0,13.0,7.4,B,5.9
12354,medium,0,15.0,11.0,9.1,A,-100.0
12355,low,1,4.0,3.0,9.6,A,-17.5
12356,low,0,3.0,32.0,5.4,A,15.0
12357,none,1,32.0,1.0,9.8,C,-100.0
12358,low,0,10.0,3.0,2.8,A,-100.0
12359,low,0,20.0,1.0,7.8,C,-100.0
12360,high,2,3.0,4.0,1.3,A,-100.0
12361,none,2,5.0,50.0,4.8,A,15.0
12362,low,2,4.0,4.0,8.8,C,-15.9
12363,none,0,15.0,2.0,8.7,A,-100.0
12364,none,1,16.0,3.0,8.8,C,-100.0
12365,low,1,4.0,30.0,4.8,A,15.0
12366,low,2,7.0,27.0,9.3,C,15.0
12367,medium,1,1.0,13.0,1.5,A,4.3
12368,medium,1,17.0,30.0,1.4,C,11.9
12369,high,0,8.0,1.0,9.8,A,-100.0
12370,medium,2,7.0,19.0,2.9,A,7.0
12371,high,3,,6.0,7.9,C,
12372,high,0,14.0,7.0,2.0,A,-100.0
12373,low,1,17.0,3.0,8.4,C,-100.0
12374,none,2,27.0,24.0,8.8,A,-14.8
12375,medium,0,3.0,12.0,9.7,A,2.9
12376,medium,2,15.0,6.0,4.6,C,-100.0
12377,medium,0,7.0,4.0,6.8,A,-100.0
12378,high,0,8.0,6.0,3.2,A,-100.0
12379,none,2,6.0,13.0,3.5,A,-3.8
12380,none,2,11.0,0.0,6.0,A,-100.0
12381,high,2,16.0,8.0,5.4,A,-100.0
12382,low,2,25.0,2.0,3.4,A,-100.0
12383,medium,2,7.0,10.0,9.7,A,-8.5
12384,low,1,8.0,0.0,9.7,A,-100.0
12385,none,1,17.0,19.0,7.6,A,-8.3
12386,low,1,12.0,6.0,5.8,D,-100.0
12387,none,1,17.0,42.0,7.4,C,15.0
12388,high,1,6.0,9.0,9.8,C,-11.3
12389,low,3,11.0,16.0,7.5,A,-3.7
12390,low,1,10.0,1.0,7.3,A,-100.0
12391,none,0,15.0,4.0,3.9,A,-100.0
12392,high,3,7.0,0.0,9.5,A,-100.0
12393,high,5,5.0,0.0,5.1,B,-100.0
12394,high,3,13.0,8.0,8.2,A,-100.0
12395,low,2,4.0,8.0,3.6,A,-10.1
12396,none,2,7.0,19.0,9.1,A,9.9
12397,none,1,4.0,6.0,4.0,A,-14.6
12398,medium,3,4.0,2.0,1.4,A,-100.0
12399,high,2,8.0,7.0,9.8,A,-19.1
12400,high,0,11.0,1.0,9.2,D,-100.0
12401,none,4,2.0,8.0,2.7,C,-7.9
12402,high,2,2.0,4.0,9.2,A,-15.2
12403,none,3,17.0,12.0,9.9,A,-100.0
12404,,1,19.0,8.0,4.7,D,-100.0
12405,low,1,6.0,1.0,8.3,A,-100.0
12406,,2,24.0,22.0,7.8,B,-14.2
12407,low,0,2.0,20.0,9.1,B,15.0
12408,,1,8.0,16.0,1.9,C,-1.7
12409,low,1,6.0,21.0,7.6,A,15.0
12410,high,1,6.0,13.0,9.3,D,-3.2
12411,low,1,6.0,3.0,7.0,D,-100.0
12412,medium,1,6.0,1.0,2.1,A,-100.0
12413,low,4,8.0,13.0,5.8,A,-5.7
12414,high,3,10.0,3.0,8.7,A,-100.0
12415,low,2,24.0,47.0,9.9,A,15.0
12416,high,2,10.0,1.0,2.4,A,-100.0
12417,low,2,6.0,10.0,7.8,A,-7.3
12418,high,1,5.0,3.0,2.4,A,-100.0
12419,high,3,2.0,6.0,4.0,A,-13.7
12420,medium,1,10.0,20.0,8.3,C,6.6
12421,medium,0,6.0,50.0,8.5,B,15.0
12422,high,0,5.0,4.0,9.5,A,-100.0
12423,none,2,20.0,18.0,,D,
12424,low,4,17.0,2.0,2.2,A,-100.0
12425,high,2,14.0,22.0,9.1,B,1.5
12426,medium,0,22.0,9.0,3.0,B,-100.0
12427,low,0,5.0,10.0,8.8,A,-4.9
12428,none,1,9.0,39.0,3.2,A,15.0
12429,high,5,7.0,7.0,1.2,A,-100.0
12430,low,4,13.0,13.0,6.4,A,-14.2
12431,high,2,10.0,19.0,3.1,A,-0.8
12432,high,2,3.0,19.0,8.8,A,14.3
12433,high,0,6.0,1.0,8.9,A,-100.0
12434,medium,0,1.0,8.0,,A,
12435,high,4,15.0,39.0,9.7,A,15.0
12436,high,2,19.0,4.0,7.2,A,-100.0
12437,low,1,4.0,9.0,9.5,A,-5.0
12438,low,2,11.0,10.0,3.5,A,-18.2
12439,low,1,16.0,5.0,1.2,C,-100.0
12440,medium,1,14.0,2.0,3.2,A,-100.0
12441,low,0,29.0,17.0,6.1,A,-100.0
12442,none,0,11.0,13.0,6.8,A,-10.7
12443,high,1,5.0,3.0,4.7,C,-100.0
12444,low,5,5.0,1.0,9.5,A,-100.0
12445,high,1,10.0,50.0,3.5,A,15.0
12446,high,5,20.0,6.0,2.9,A,-100.0
12447,medium,2,12.0,6.0,8.9,C,-100.0
12448,medium,1,3.0,45.0,5.9,A,15.0
12449,low,1,6.0,19.0,1.6,A,8.6
12450,low,2,3.0,9.0,9.3,C,-3.4
12451,medium,3,3.0,30.0,9.2,A,15.0
12452,low,3,8.0,11.0,8.3,B,-8.6
12453,high,0,16.0,22.0,1.9,B,-5.4
12454,medium,2,30.0,5.0,6.4,A,-100.0
12455,low,0,12.0,2.0,3.9,A,-100.0
12456,high,0,1.0,5.0,9.6,B,-11.0
12457,none,0,14.0,12.0,7.7,C,-17.6
12458,low,1,11.0,0.0,8.1,A,-100.0
12459,none,1,13.0,30.0,9.4,A,15.0
12460,medium,1,13.0,0.0,5.6,C,-100.0
12461,low,0,8.0,21.0,3.0,A,10.1
12462,low,0,6.0,11.0,3.6,C,-7.1
12463,medium,2,6.0,5.0,7.2,A,-18.5
12464,medium,2,6.0,1.0,8.4,C,-100.0
12465,low,1,6.0,6.0,3.7,A,-17.7
12466,low,1,9.0,10.0,8.0,A,-12.4
12467,none,2,5.0,27.0,5.9,C,15.0
12468,medium,1,5.0,14.0,8.7,B,3.0
12469,none,1,6.0,9.0,4.6,A,-11.5
12470,high,3,6.0,9.0,8.6,D,-12.1
12471,high,6,2.0,1.0,7.3,A,-100.0
12472,medium,2,8.0,4.0,3.8,A,-100.0
12473,high,2,7.0,4.0,4.9,D,-100.0
12474,medium,2,15.0,11.0,9.8,B,-100.0
12475,high,3,2.0,8.0,9.0,A,-7.0
12476,medium,3,9.0,0.0,2.8,C,-100.0
12477,medium,1,7.0,7.0,8.2,A,-15.5
12478,low,0,8.0,2.0,8.1,A,-100.0
12479,none,1,2.0,15.0,8.2,A,9.9
12480,high,1,4.0,13.0,8.5,A,-0.1
12481,low,1,19.0,33.0,1.3,C,15.0
12482,none,3,9.0,8.0,2.6,B,-100.0
12483,medium,1,18.0,10.0,8.2,C,-100.0
12484,medium,2,1.0,18.0,9.7,A,15.0
12485,medium,1,11.0,12.0,3.6,C,-14.3
12486,high,1,12.0,14.0,3.7,A,-14.4
12487,low,0,13.0,2.0,5.7,A,-100.0
12488,high,0,16.0,8.0,2.1,A,-100.0
12489,medium,0,12.0,26.0,3.3,A,13.3
12490,none,3,21.0,1.0,8.7,C,-100.0
12491,high,2,7.0,8.0,7.2,B,-16.6
12492,low,0,8.0,7.0,4.9,B,-18.4
12493,low,0,6.0,1.0,9.8,A,-100.0
12494,low,2,14.0,6.0,4.4,C,-100.0
12495,low,0,13.0,3.0,5.8,C,-100.0
12496,medium,4,8.0,19.0,3.4,A,5.3
12497,none,4,6.0,19.0,8.1,A,10.9
12498,low,2,26.0,13.0,7.4,A,-100.0
12499,high,2,13.0,23.0,6.3,A,4.0
12500,low,1,2.0,16.0,3.9,B,10.4
12501,high,1,28.0,1.0,8.5,A,-100.0
12502,high,2,5.0,3.0,1.1,A,-100.0
12503,high,0,7.0,4.0,7.2,A,-100.0
12504,high,2,16.0,26.0,3.2,C,3.5
12505,medium,0,4.0,4.0,7.4,A,-16.8
12506,high,0,14.0,19.0,8.8,A,-4.7
12507,high,1,7.0,27.0,5.2,A,15.0
12508,medium,0,8.0,13.0,5.1,A,-6.0
12509,none,1,2.0,5.0,,A,
12510,high,0,1.0,18.0,6.8,C,14.9
12511,high,0,6.0,29.0,9.1,A,15.0
12512,none,0,10.0,14.0,8.6,A,-5.9
12513,high,0,4.0,50.0,7.0,A,15.0
12514,none,2,11.0,4.0,8.8,A,-100.0
12515,low,0,4.0,13.0,1.2,C,-0.6
12516,high,1,4.0,0.0,3.9,A,-100.0
12517,low,1,7.0,32.0,4.2,D,15.0
12518,medium,2,6.0,3.0,6.4,A,-100.0
12519,low,0,4.0,2.0,4.5,C,-100.0
12520,high,0,3.0,21.0,8.2,C,15.0
12521,high,1,9.0,3.0,8.8,B,-100.0
12522,medium,0,5.0,2.0,9.4,A,-100.0
12523,low,2,5.0,22.0,3.6,C,15.0
12524,medium,1,,18.0,9.4,C,
12525,medium,0,8.0,13.0,10.0,A,-3.6
12526,medium,1,8.0,7.0,7.7,A,-17.4
12527,low,1,7.0,12.0,7.0,A,-5.2
12528,low,1,2.0,1.0,3.0,A,-100.0
12529,high,0,21.0,1.0,8.6,A,-100.0
12530,low,1,7.0,13.0,9.7,B,-1.7
12531,low,3,,4.0,1.5,C,
12532,medium,0,5.0,33.0,7.5,D,15.0
12533,medium,0,3.0,13.0,7.0,A,3.7
12534,none,1,1.0,18.0,9.7,A,15.0
12535,medium,1,3.0,2.0,5.7,A,-100.0
12536,high,2,1.0,7.0,4.5,A,-9.5
12537,medium,0,1.0,2.0,4.0,A,-17.5
12538,medium,0,2.0,0.0,6.0,A,-100.0
12539,low,2,14.0,7.0,9.3,A,-100.0
12540,medium,0,9.0,24.0,4.6,D,15.0
12541,high,1,1.0,30.0,3.1,A,15.0
12542,low,3,12.0,0.0,9.8,C,-100.0
12543,low,1,10.0,1.0,9.5,B,-100.0
12544,none,0,9.0,29.0,4.4,C,15.0
12545,low,0,9.0,9.0,8.7,C,-14.0
12546,low,2,5.0,11.0,9.6,A,-2.6
12547,low,2,4.0,9.0,7.1,C,-6.3
12548,medium,4,7.0,2.0,2.6,C,-100.0
12549,low,3,16.0,4.0,5.2,A,-100.0
12550,medium,1,7.0,28.0,9.8,C,15.0
12551,high,1,11.0,2.0,6.3,C,-100.0
12552,none,5,4.0,2.0,3.8,A,-100.0
12553,high,3,7.0,13.0,2.2,A,-8.7
12554,high,4,11.0,10.0,7.4,A,-19.5
12555,high,2,10.0,18.0,9.0,A,0.1
12556,medium,1,24.0,1.0,7.6,A,-100.0
12557,low,2,15.0,5.0,7.8,A,-100.0
12558,low,1,30.0,11.0,4.7,A,-100.0
12559,low,2,6.0,8.0,7.2,B,-11.8
12560,high,1,2.0,9.0,9.9,C,-4.3
12561,medium,0,22.0,28.0,1.6,A,-0.8
12562,none,1,6.0,3.0,9.6,A,-100.0
12563,high,2,2.0,3.0,9.6,C,-17.1
12564,low,2,8.0,7.0,6.9,A,-17.6
12565,medium,1,2.0,5.0,9.4,A,-10.3
12566,medium,0,8.0,4.0,4.0,C,-100.0
12567,low,2,1.0,4.0,8.1,C,-11.0
12568,low,2,9.0,32.0,7.6,A,15.0
12569,low,2,,1.0,9.0,C,
12570,none,1,7.0,10.0,6.2,B,-10.4
12571,medium,1,5.0,5.0,8.5,A,-16.0
12572,high,0,26.0,25.0,5.6,C,-14.7
12573,high,1,1.0,20.0,9.9,C,15.0
12574,low,1,5.0,44.0,1.5,C,15.0
12575,high,3,18.0,31.0,8.3,A,12.9
12576,,1,5.0,4.0,1.1,A,-100.0
12577,high,3,33.0,4.0,8.4,C,-100.0
12578,medium,0,4.0,32.0,2.1,A,15.0
12579,low,0,2.0,6.0,3.7,A,-10.6
12580,low,0,13.0,9.0,1.4,A,-100.0
12581,low,0,6.0,12.0,9.5,A,-2.1
12582,none,1,28.0,0.0,1.1,A,-100.0
12583,none,2,19.0,7.0,5.2,B,-100.0
12584,high,3,3.0,24.0,4.2,A,15.0
12585,low,1,13.0,4.0,9.1,A,-100.0
12586,low,4,5.0,27.0,9.3,A,15.0
12587,low,3,19.0,2.0,4.8,A,-100.0
12588,medium,2,9.0,23.0,2.3,B,11.6
12589,high,2,21.0,2.0,1.3,B,-100.0
12590,none,1,6.0,4.0,9.0,A,-19.8
12591,medium,2,10.0,6.0,4.4,A,
12592,low,3,6.0,26.0,1.2,A,15.0
12593,high,1,9.0,13.0,8.7,A,-8.7
12594,medium,1,8.0,21.0,9.0,C,12.6
12595,,3,25.0,19.0,4.6,B,-100.0
12596,low,0,26.0,12.0,8.0,A,-100.0
12597,medium,1,8.0,12.0,3.1,A,-9.2
12598,high,1,8.0,10.0,8.4,A,-13.4
12599,low,5,2.0,5.0,8.4,D,-10.8
12600,none,1,9.0,1.0,5.0,A,-100.0
12601,high,1,9.0,17.0,10.0,A,0.3
12602,high,2,23.0,3.0,6.1,A,-100.0
12603,low,2,21.0,6.0,9.3,A,-100.0
12604,none,3,12.0,11.0,5.6,A,-17.5
12605,medium,2,14.0,37.0,8.0,A,15.0
12606,medium,3,25.0,3.0,7.5,C,-100.0
12607,medium,2,22.0,23.0,8.4,A,-8.1
12608,high,1,35.0,28.0,8.9,A,-100.0
12609,low,1,17.0,9.0,1.2,A,-100.0
12610,high,4,8.0,4.0,8.2,B,-100.0
12611,low,4,10.0,8.0,8.7,A,-18.3
12612,low,2,8.0,25.0,9.8,C,15.0
12613,none,2,24.0,45.0,4.4,A,15.0
12614,medium,2,14.0,2.0,1.9,B,-100.0
12615,high,0,9.0,2.0,2.5,C,-100.0
12616,low,0,6.0,13.0,8.9,A,-0.3
12617,medium,1,21.0,1.0,2.4,A,-100.0
12618,medium,1,8.0,11.0,5.2,C,-10.3
12619,low,4,6.0,20.0,4.1,A,11.6
12620,high,1,6.0,10.0,2.5,A,-12.9
12621,low,3,9.0,3.0,3.0,A,-100.0
12622,none,1,6.0,1.0,4.8,C,-100.0
12623,high,1,14.0,2.0,9.7,A,-100.0
12624,low,2,23.0,5.0,6.5,A,-100.0
12625,high,1,6.0,6.0,8.8,C,-18.1
12626,medium,0,2.0,19.0,6.0,A,15.0
12627,high,1,9.0,4.0,9.9,A,-100.0
12628,low,2,2.0,23.0,3.4,A,15.0
12629,,2,19.0,43.0,7.3,D,15.0
12630,medium,2,11.0,8.0,3.7,A,-100.0
12631,high,1,12.0,36.0,3.5,C,15.0
12632,high,1,4.0,12.0,3.2,A,-4.8
12633,high,3,16.0,50.0,8.8,A,15.0
12634,none,1,9.0,31.0,8.3,B,15.0
12635,none,0,29.0,4.0,3.7,B,-100.0
12636,high,3,2.0,19.0,6.7,B,14.9
12637,none,2,14.0,4.0,9.5,A,-100.0
12638,medium,4,21.0,17.0,2.2,A,-100.0
12639,medium,2,6.0,4.0,3.7,A,-100.0
12640,low,6,4.0,9.0,7.7,C,-6.4
12641,high,2,5.0,12.0,9.3,A,-3.6
12642,high,3,,1.0,9.9,C,
12643,medium,3,8.0,15.0,7.1,A,-1.1
12644,low,0,6.0,49.0,10.0,B,15.0
12645,none,1,5.0,4.0,8.8,D,-18.2
12646,high,0,13.0,1.0,7.2,A,-100.0
12647,low,3,4.0,0.0,5.0,A,-100.0
12648,medium,1,20.0,39.0,2.4,A,15.0
12649,low,1,7.0,11.0,9.4,A,-6.1
12650,high,4,5.0,5.0,1.3,A,-100.0
12651,high,4,9.0,6.0,8.2,A,-100.0
12652,medium,2,1.0,14.0,8.1,B,9.6
12653,high,2,16.0,3.0,8.9,A,-100.0
12654,low,1,9.0,15.0,1.9,B,-4.9
12655,high,1,6.0,10.0,8.7,D,-9.8
12656,high,2,6.0,9.0,4.9,A,-13.9
12657,medium,1,5.0,20.0,9.0,A,15.0
12658,high,3,3.0,3.0,9.3,C,-19.1
12659,low,1,27.0,8.0,5.4,A,-100.0
12660,high,1,6.0,8.0,2.1,A,-17.3
12661,high,0,1.0,39.0,2.3,A,15.0
12662,high,1,7.0,8.0,7.4,A,-16.4
12663,high,0,6.0,9.0,5.2,A,-13.5
12664,high,0,34.0,3.0,3.5,A,-100.0
12665,low,3,11.0,3.0,8.9,C,-100.0
12666,none,0,5.0,0.0,9.6,A,-100.0
12667,medium,5,9.0,8.0,2.4,C,-100.0
12668,low,4,10.0,27.0,8.1,A,15.0
12669,low,1,9.0,50.0,10.0,D,15.0
12670,low,4,14.0,1.0,8.5,A,-100.0
12671,medium,2,14.0,10.0,9.0,C,-100.0
12672,high,1,2.0,7.0,6.8,A,-10.0
12673,medium,4,5.0,11.0,6.3,B,-4.8
12674,high,1,18.0,9.0,1.1,B,-100.0
12675,low,1,12.0,19.0,10.0,A,2.3
12676,low,2,5.0,10.0,8.3,C,-5.3
12677,medium,1,5.0,0.0,1.1,A,-100.0
12678,none,2,1.0,5.0,3.5,A,-11.8
12679,low,4,6.0,24.0,8.1,B,15.0
12680,high,0,12.0,13.0,6.1,B,-15.2
12681,high,2,2.0,12.0,6.0,B,-0.0
12682,low,2,3.0,40.0,9.8,A,15.0
12683,medium,1,12.0,4.0,3.1,A,-100.0
12684,high,0,12.0,19.0,2.8,A,-4.2
12685,low,1,19.0,3.0,6.1,A,-100.0
12686,low,2,13.0,2.0,5.3,C,-100.0
12687,high,2,16.0,9.0,8.1,C,-100.0
12688,high,1,,9.0,8.4,C,
12689,low,3,6.0,10.0,6.2,A,-8.2
12690,medium,1,2.0,4.0,4.8,A,-14.7
12691,high,6,7.0,8.0,8.1,A,-16.5
12692,medium,1,19.0,8.0,1.4,A,-100.0
12693,low,3,6.0,38.0,8.6,A,15.0
12694,high,1,10.0,4.0,5.6,A,-100.0
12695,low,6,4.0,20.0,5.5,D,15.0
12696,high,1,21.0,10.0,2.6,A,-100.0
12697,high,1,5.0,5.0,2.4,D,-100.0
12698,none,3,12.0,14.0,2.9,A,-12.6
12699,medium,1,11.0,1.0,3.8,D,-100.0
12700,high,2,5.0,50.0,4.6,A,15.0
12701,high,1,3.0,11.0,7.5,A,-3.0
12702,low,1,8.0,21.0,5.4,A,11.2
12703,high,1,18.0,6.0,8.6,C,-100.0
12704,high,0,9.0,16.0,8.0,A,-2.7
12705,none,1,8.0,2.0,7.3,A,-100.0
12706,low,2,2.0,4.0,8.2,A,-12.7
12707,medium,4,11.0,16.0,8.2,A,-3.9
12708,low,0,5.0,10.0,8.3,D,-5.1
12709,high,2,37.0,11.0,6.3,B,-100.0
12710,high,2,12.0,16.0,9.3,A,-7.5
12711,high,5,3.0,15.0,1.4,A,1.9
12712,low,1,4.0,4.0,9.2,C,-15.6
12713,low,5,18.0,7.0,4.1,A,-100.0
12714,high,2,10.0,6.0,3.9,B,-100.0
12715,none,0,7.0,24.0,6.0,A,15.0
12716,low,1,8.0,0.0,8.9,B,-100.0
12717,low,3,12.0,21.0,3.9,A,3.2
12718,none,2,18.0,12.0,9.9,D,-100.0
12719,high,0,6.0,18.0,10.0,C,7.8
12720,none,1,16.0,18.0,8.9,A,-8.0
12721,low,1,4.0,29.0,7.5,A,15.0
12722,medium,0,16.0,8.0,2.8,A,-100.0
12723,medium,0,8.0,4.0,1.3,B,-100.0
12724,high,0,7.0,3.0,1.5,A,-100.0
12725,medium,1,6.0,13.0,9.9,A,-0.3
12726,medium,1,3.0,27.0,6.8,A,15.0
12727,high,0,21.0,11.0,2.0,C,-100.0
12728,low,0,7.0,2.0,1.8,A,-100.0
12729,low,0,18.0,5.0,6.6,A,-100.0
12730,medium,3,7.0,6.0,5.3,C,-19.2
12731,none,1,25.0,18.0,8.1,A,-100.0
12732,none,1,4.0,28.0,7.2,A,15.0
12733,high,3,8.0,4.0,10.0,C,-100.0
12734,low,2,6.0,3.0,1.1,B,-100.0
12735,low,2,11.0,4.0,5.8,C,-100.0
12736,medium,0,3.0,17.0,8.6,A,12.9
12737,high,0,15.0,9.0,2.2,A,-100.0
12738,medium,2,2.0,11.0,9.4,B,2.2
12739,low,1,9.0,9.0,4.5,A,-16.2
12740,high,3,19.0,5.0,2.4,A,-100.0
12741,none,3,5.0,10.0,9.8,C,-5.3
12742,high,3,3.0,4.0,1.7,A,-100.0
12743,high,0,8.0,3.0,8.6,C,-100.0
12744,medium,0,4.0,7.0,3.5,B,-12.4
12745,none,1,30.0,7.0,,D,
12746,none,0,17.0,2.0,9.5,A,-100.0
12747,high,2,4.0,2.0,8.3,C,-100.0
12748,low,1,5.0,23.0,1.9,B,15.0
12749,low,0,11.0,50.0,5.7,C,15.0
12750,high,0,22.0,18.0,6.8,C,-100.0
12751,low,1,31.0,11.0,3.1,A,-100.0
12752,high,2,8.0,2.0,8.3,A,-100.0
12753,,2,9.0,11.0,3.9,A,-13.0
12754,high,2,8.0,10.0,8.9,A,-13.3
12755,high,1,4.0,20.0,2.1,A,11.4
12756,none,3,3.0,1.0,1.9,A,-100.0
12757,medium,0,36.0,13.0,9.0,C,-100.0
12758,low,3,21.0,8.0,9.0,A,-100.0
12759,medium,2,4.0,11.0,8.4,A,-1.8
12760,high,3,24.0,34.0,1.2,D,5.2
12761,low,2,5.0,32.0,9.7,A,15.0
12762,medium,2,2.0,3.0,8.5,C,-15.1
12763,high,1,6.0,14.0,9.4,C,-1.0
12764,high,1,4.0,26.0,1.3,A,15.0
12765,medium,2,17.0,2.0,8.4,C,-100.0
12766,high,3,10.0,32.0,8.3,A,15.0
12767,high,2,40.0,8.0,9.5,B,-100.0
12768,low,3,21.0,9.0,1.6,A,-100.0
12769,high,1,13.0,41.0,3.4,A,15.0
12770,medium,3,1.0,8.0,8.3,C,-3.0
12771,high,1,6.0,5.0,9.1,A,-100.0
12772,medium,1,7.0,22.0,1.4,A,12.6
12773,high,0,16.0,6.0,5.6,A,-100.0
12774,low,0,7.0,5.0,3.8,A,-100.0
12775,none,0,6.0,37.0,7.0,C,15.0
12776,medium,0,9.0,6.0,2.0,A,-100.0
12777,none,0,11.0,0.0,7.3,C,-100.0
12778,,2,8.0,2.0,6.0,A,-100.0
12779,medium,1,18.0,30.0,2.6,C,10.8
12780,high,1,8.0,2.0,3.4,C,-100.0
12781,high,2,7.0,28.0,7.7,A,15.0
12782,low,0,9.0,2.0,2.2,A,-100.0
12783,high,2,5.0,10.0,9.0,A,-8.0
12784,none,0,19.0,5.0,9.2,C,-100.0
12785,low,0,9.0,1.0,2.2,A,-100.0
12786,low,3,7.0,3.0,8.8,C,-100.0
12787,low,0,,7.0,2.7,C,
12788,none,0,8.0,1.0,5.2,A,-100.0
12789,none,2,26.0,1.0,5.2,A,-100.0
12790,none,1,2.0,9.0,9.7,B,-2.0
12791,low,1,6.0,8.0,7.8,A,-11.4
12792,high,2,6.0,13.0,9.2,A,-3.3
12793,low,1,6.0,26.0,6.1,B,15.0
12794,medium,2,18.0,17.0,8.8,A,-13.5
12795,high,2,21.0,12.0,3.6,C,-100.0
12796,high,1,12.0,2.0,3.1,A,-100.0
12797,low,0,10.0,3.0,3.3,C,-100.0
12798,none,2,3.0,2.0,9.2,A,-18.8
12799,medium,0,28.0,22.0,6.5,A,-100.0
12800,none,2,14.0,19.0,5.5,B,-4.2
12801,low,3,3.0,2.0,5.6,A,-100.0
12802,high,0,6.0,0.0,5.3,A,-100.0
12803,high,2,21.0,16.0,8.2,C,-100.0
12804,low,1,15.0,33.0,3.7,A,15.0
12805,low,1,3.0,0.0,1.8,B,-100.0
12806,none,3,4.0,4.0,6.3,D,-17.9
12807,low,2,13.0,8.0,5.5,A,-100.0
12808,none,3,1.0,14.0,9.0,A,9.7
12809,none,3,9.0,5.0,8.3,A,-100.0
12810,high,2,8.0,5.0,6.3,A,-100.0
12811,medium,2,19.0,6.0,5.4,B,-100.0
12812,high,1,7.0,6.0,3.8,A,-100.0
12813,medium,2,25.0,1.0,8.7,A,-100.0
12814,high,1,23.0,3.0,8.5,C,-100.0
12815,medium,2,5.0,21.0,8.4,A,15.0
12816,low,1,8.0,2.0,8.1,A,-100.0
12817,,1,17.0,3.0,7.5,A,-100.0
12818,none,1,8.0,9.0,9.8,B,-12.4
12819,medium,2,16.0,1.0,9.4,A,-100.0
12820,medium,0,6.0,3.0,1.0,A,-100.0
12821,medium,2,11.0,4.0,1.6,A,-100.0
12822,none,1,12.0,1.0,2.8,D,-100.0
12823,high,0,11.0,7.0,2.0,C,-100.0
12824,high,0,17.0,8.0,7.8,A,-100.0
12825,high,0,2.0,5.0,8.4,C,-13.3
12826,none,1,1.0,50.0,8.7,C,15.0
12827,high,3,4.0,20.0,1.8,A,11.1
12828,high,0,17.0,24.0,9.1,A,0.7
12829,none,1,10.0,8.0,5.7,C,-100.0
12830,medium,2,13.0,21.0,4.5,A,1.5
12831,high,4,19.0,3.0,6.5,A,-100.0
12832,low,3,4.0,22.0,2.8,C,15.0
12833,high,0,11.0,44.0,2.5,A,15.0
12834,high,2,2.0,16.0,3.5,C,7.1
12835,low,0,16.0,9.0,,D,
12836,low,2,20.0,35.0,8.4,A,15.0
12837,medium,2,18.0,14.0,6.4,A,-100.0
12838,none,1,7.0,41.0,9.5,C,15.0
12839,high,0,19.0,3.0,8.1,A,-100.0
12840,high,1,6.0,1.0,2.0,B,-100.0
12841,none,1,19.0,2.0,9.1,C,-100.0
12842,medium,3,7.0,29.0,9.2,C,15.0
12843,high,3,6.0,9.0,6.5,C,-13.2
12844,medium,2,3.0,3.0,3.0,D,-19.6
12845,none,1,4.0,4.0,7.6,A,-17.0
12846,low,6,6.0,4.0,6.2,A,-100.0
12847,high,2,2.0,2.0,5.3,A,-100.0
12848,low,3,17.0,5.0,9.5,A,-100.0
12849,low,1,10.0,4.0,8.5,A,-100.0
12850,none,1,3.0,1.0,9.2,A,-100.0
12851,low,1,12.0,22.0,9.2,A,8.2
12852,low,2,16.0,26.0,3.8,A,6.8
12853,medium,3,7.0,19.0,5.3,A,8.1
12854,high,2,5.0,11.0,1.9,A,-9.4
12855,low,2,13.0,7.0,5.4,C,-100.0
12856,high,1,8.0,1.0,8.8,A,-100.0
12857,medium,1,4.0,4.0,8.3,A,-16.4
12858,low,5,9.0,7.0,7.6,A,-19.3
12859,low,0,4.0,12.0,8.6,A,1.0
12860,,2,7.0,8.0,5.1,A,-15.2
12861,low,3,4.0,1.0,2.3,C,-100.0
12862,high,2,33.0,0.0,5.7,A,-100.0
12863,none,3,7.0,11.0,3.0,A,-10.1
12864,high,1,12.0,20.0,4.3,A,-1.5
12865,none,2,12.0,11.0,1.1,A,-19.7
12866,none,2,5.0,1.0,8.2,A,-100.0
12867,medium,1,9.0,13.0,7.7,A,-6.6
12868,high,1,8.0,25.0,8.4,A,15.0
12869,medium,0,10.0,5.0,1.3,A,-100.0
12870,high,3,1.0,3.0,2.5,A,-19.0
12871,high,2,7.0,42.0,9.1,A,15.0
12872,medium,1,1.0,18.0,8.2,A,15.0
12873,low,3,27.0,6.0,4.6,B,-100.0
12874,low,1,4.0,6.0,2.7,C,-14.7
12875,medium,1,7.0,6.0,6.7,A,-18.3
12876,high,1,18.0,27.0,8.7,A,4.9
12877,none,4,14.0,0.0,2.5,B,-100.0
12878,low,2,21.0,13.0,6.1,D,-100.0
12879,none,1,5.0,18.0,4.1,A,8.9
12880,none,2,7.0,21.0,3.1,A,11.1
12881,low,1,10.0,11.0,4.3,A,-13.9
12882,,5,22.0,44.0,2.5,B,15.0
12883,high,4,1.0,23.0,1.1,A,15.0
12884,medium,5,6.0,6.0,8.9,C,-15.9
12885,medium,3,8.0,10.0,3.5,B,-13.4
12886,low,1,18.0,30.0,2.7,B,11.2
12887,medium,2,8.0,18.0,6.4,A,4.9
12888,medium,1,7.0,5.0,4.3,A,-100.0
12889,none,1,11.0,5.0,7.9,A,-100.0
12890,low,1,11.0,17.0,2.5,C,-3.9
12891,medium,2,1.0,5.0,9.9,A,-8.4
12892,none,1,19.0,11.0,8.7,A,-100.0
12893,none,0,9.0,9.0,7.0,A,-15.5
12894,high,2,14.0,10.0,5.4,A,-100.0
12895,medium,2,7.0,1.0,5.4,C,-100.0
12896,none,1,3.0,50.0,9.3,B,15.0
12897,low,3,3.0,12.0,3.9,A,0.1
12898,high,0,12.0,7.0,1.1,A,-100.0
12899,low,0,8.0,7.0,7.2,B,-17.2
12900,medium,1,1.0,50.0,9.4,A,15.0
12901,medium,4,8.0,3.0,8.4,C,-100.0
12902,none,0,18.0,10.0,8.1,C,-100.0
12903,medium,3,9.0,25.0,5.3,C,15.0
12904,low,2,18.0,4.0,6.4,C,-100.0
12905,high,4,5.0,38.0,3.8,A,15.0
12906,medium,1,16.0,26.0,8.7,A,8.9
12907,high,0,13.0,1.0,6.1,C,-100.0
12908,low,0,,25.0,5.1,C,
12909,high,0,15.0,3.0,4.9,A,-100.0
12910,medium,5,7.0,26.0,3.3,A,15.0
12911,high,4,5.0,24.0,3.2,A,15.0
12912,low,2,6.0,0.0,1.7,A,-100.0
12913,none,2,12.0,8.0,4.6,A,-100.0
12914,none,0,9.0,20.0,8.1,D,8.2
12915,,2,9.0,10.0,7.5,B,-13.3
12916,low,1,4.0,1.0,7.8,A,-100.0
12917,low,1,23.0,21.0,2.4,A,-16.6
12918,low,0,31.0,14.0,3.5,D,-100.0
12919,none,3,13.0,14.0,9.4,A,-11.1
12920,high,2,10.0,23.0,3.5,A,7.8
12921,medium,2,1.0,9.0,1.0,B,-4.5
12922,low,2,8.0,7.0,8.5,B,-16.8
12923,low,2,5.0,0.0,6.7,A,-100.0
12924,high,2,6.0,5.0,9.0,C,-100.0
12925,low,2,0.0,37.0,5.2,D,15.0
12926,high,6,5.0,11.0,1.8,A,-9.9
12927,low,5,11.0,9.0,9.9,A,-17.4
12928,high,1,22.0,24.0,8.4,A,-8.5
12929,high,0,2.0,4.0,3.0,A,-18.1
12930,medium,4,11.0,21.0,1.4,A,3.2
12931,none,1,11.0,4.0,8.0,C,-100.0
12932,low,1,4.0,16.0,9.7,C,9.8
12933,high,0,17.0,7.0,2.8,C,-100.0
12934,none,4,21.0,3.0,8.9,A,-100.0
12935,low,1,8.0,29.0,9.2,A,15.0
12936,high,2,14.0,5.0,6.1,A,-100.0
12937,high,1,3.0,30.0,5.4,A,15.0
12938,low,2,11.0,0.0,5.1,A,-100.0
12939,low,0,24.0,9.0,8.2,D,-100.0
12940,low,2,7.0,2.0,8.7,C,-100.0
12941,,1,6.0,24.0,6.8,A,15.0
12942,none,1,15.0,6.0,8.4,A,-100.0
12943,low,2,12.0,33.0,1.2,A,15.0
12944,low,2,7.0,2.0,8.8,C,-100.0
12945,medium,1,14.0,7.0,2.5,C,-100.0
12946,low,0,31.0,11.0,3.4,C,-100.0
12947,low,1,16.0,4.0,1.7,A,-100.0
12948,medium,3,10.0,4.0,8.6,C,-100.0
12949,low,2,6.0,12.0,5.9,A,-4.1
12950,low,0,11.0,10.0,4.7,A,-17.4
12951,high,3,6.0,7.0,9.1,C,-16.1
12952,medium,1,0.0,4.0,1.1,A,-13.1
12953,high,0,5.0,9.0,1.7,B,-13.5
12954,low,3,17.0,7.0,1.9,A,-100.0
12955,medium,1,8.0,25.0,3.2,C,15.0
12956,high,2,14.0,22.0,5.0,C,-0.5
12957,medium,1,6.0,3.0,2.1,B,-100.0
12958,high,2,12.0,6.0,2.1,A,-100.0
12959,low,0,11.0,28.0,3.2,A,15.0
12960,low,0,9.0,24.0,2.1,A,14.2
12961,none,1,21.0,47.0,9.2,A,15.0
12962,high,2,2.0,2.0,3.0,A,-100.0
12963,low,2,2.0,2.0,,A,
12964,high,1,17.0,31.0,8.3,A,14.9
12965,medium,3,6.0,13.0,9.2,A,-0.8
12966,medium,1,20.0,2.0,2.6,A,-100.0
12967,none,1,4.0,9.0,9.0,A,-5.8
12968,high,0,31.0,4.0,9.3,A,-100.0
12969,high,2,15.0,10.0,9.9,D,-100.0
12970,high,1,0.0,3.0,1.1,A,-17.8
12971,high,2,7.0,8.0,9.1,C,-15.6
12972,none,0,8.0,10.0,5.5,A,-12.4
12973,medium,1,8.0,7.0,2.0,C,-100.0
12974,none,3,2.0,1.0,2.6,C,-100.0
12975,low,2,11.0,4.0,3.1,A,-100.0
12976,low,1,13.0,19.0,7.9,A,-0.5
12977,none,1,17.0,11.0,3.1,C,-100.0
12978,high,2,24.0,12.0,8.3,A,-100.0
12979,none,1,20.0,6.0,9.7,C,-100.0
12980,high,1,22.0,27.0,9.6,A,-1.6
12981,high,3,6.0,20.0,1.4,A,7.4
12982,medium,0,7.0,1.0,6.4,C,-100.0
12983,low,1,7.0,6.0,2.7,A,-19.9
12984,high,1,2.0,22.0,2.3,C,15.0
12985,medium,0,29.0,20.0,6.5,A,-100.0
12986,medium,3,10.0,11.0,9.4,B,-11.9
12987,high,0,2.0,6.0,1.6,B,-14.6
12988,none,2,16.0,1.0,9.0,A,-100.0
12989,high,3,3.0,8.0,9.0,A,-8.8
12990,medium,2,11.0,21.0,5.3,A,5.4
12991,medium,4,8.0,2.0,1.6,A,-100.0
12992,low,2,13.0,4.0,3.8,A,-100.0
12993,none,2,3.0,1.0,9.1,B,-100.0
12994,medium,2,7.0,41.0,9.0,A,15.0
12995,medium,2,17.0,2.0,3.7,D,-100.0
12996,high,2,15.0,6.0,8.7,C,-100.0
12997,high,1,20.0,5.0,8.1,A,-100.0
12998,high,2,8.0,1.0,4.0,C,-100.0
12999,medium,2,2.0,2.0,9.7,A,-16.6
13000,high,1,5.0,0.0,3.6,A,-100.0
13001,none,3,23.0,1.0,3.0,A,-100.0
13002,high,0,10.0,39.0,2.4,A,15.0
13003,high,3,7.0,6.0,1.3,B,-100.0
13004,high,2,12.0,37.0,1.8,A,15.0
13005,medium,0,13.0,9.0,5.8,A,-100.0
13006,low,3,12.0,4.0,8.1,A,-100.0
13007,low,4,5.0,1.0,8.6,C,-100.0
13008,low,0,12.0,22.0,3.3,D,5.3
13009,low,3,11.0,11.0,7.6,A,-14.2
13010,high,2,6.0,21.0,9.1,B,13.4
13011,low,1,9.0,25.0,3.8,A,15.0
13012,high,2,6.0,4.0,4.1,C,-100.0
13013,low,2,14.0,19.0,9.3,A,-1.7
13014,medium,1,7.0,3.0,4.4,A,-100.0
13015,low,3,6.0,11.0,8.8,A,-4.8
13016,high,1,6.0,4.0,3.3,A,-100.0
13017,medium,1,2.0,1.0,5.6,C,-100.0
13018,none,1,4.0,44.0,8.8,B,15.0
13019,high,1,6.0,8.0,3.7,A,-16.5
13020,high,1,4.0,5.0,9.0,A,-16.6
13021,low,1,7.0,3.0,8.7,A,-100.0
13022,medium,3,4.0,3.0,7.0,A,-19.4
13023,low,1,11.0,1.0,6.0,A,-100.0
13024,low,2,1.0,25.0,7.4,C,15.0
13025,medium,0,8.0,9.0,1.7,A,-16.2
13026,high,0,5.0,15.0,4.6,B,0.5
13027,medium,1,7.0,5.0,3.3,B,-100.0
13028,high,2,12.0,4.0,8.9,A,-100.0
13029,medium,0,23.0,50.0,9.3,B,15.0
13030,high,1,10.0,50.0,8.2,C,15.0
13031,medium,2,23.0,14.0,9.2,A,-100.0
13032,medium,0,5.0,20.0,4.5,C,13.6
13033,none,0,17.0,5.0,9.3,C,-100.0
13034,low,1,3.0,8.0,7.0,A,-6.6
13035,medium,3,16.0,14.0,6.7,A,-17.5
13036,low,1,8.0,14.0,8.0,A,-2.2
13037,low,2,1.0,8.0,6.1,A,-3.6
13038,high,3,14.0,14.0,7.8,A,-16.0
13039,high,2,16.0,3.0,9.5,B,-100.0
13040,low,2,12.0,18.0,9.6,B,-0.1
13041,none,0,17.0,0.0,9.7,A,-100.0
13042,low,1,9.0,3.0,2.8,A,-100.0
13043,low,2,15.0,12.0,6.2,C,-19.7
13044,none,1,4.0,10.0,1.5,A,-7.5
13045,low,2,13.0,4.0,1.9,A,-100.0
13046,none,0,11.0,3.0,8.4,A,-100.0
13047,low,1,10.0,12.0,2.7,B,-12.6
13048,high,2,9.0,39.0,9.9,D,15.0
13049,high,1,29.0,9.0,5.4,A,-100.0
13050,low,3,5.0,23.0,6.7,A,15.0
13051,high,1,13.0,5.0,1.8,C,-100.0
13052,none,3,6.0,3.0,5.9,A,-100.0
13053,medium,2,10.0,6.0,8.8,C,-100.0
13054,low,2,20.0,6.0,9.9,A,-100.0
13055,,0,40.0,6.0,8.9,A,-100.0
13056,,3,10.0,10.0,3.7,C,-17.1
13057,medium,3,3.0,10.0,9.3,A,-1.8
13058,low,2,10.0,6.0,9.0,B,-100.0
13059,low,2,20.0,20.0,10.0,A,-9.7
13060,,0,11.0,0.0,7.8,A,-100.0
13061,high,0,4.0,28.0,8.6,C,15.0
13062,low,1,9.0,13.0,7.9,D,-6.1
13063,low,2,1.0,9.0,1.1,B,-4.0
13064,,1,6.0,1.0,7.9,A,-100.0
13065,none,2,24.0,10.0,8.7,A,-100.0
13066,high,2,6.0,10.0,9.9,A,-9.3
13067,high,2,11.0,9.0,8.9,C,-100.0
13068,high,0,9.0,1.0,1.9,A,-100.0
13069,high,2,16.0,1.0,9.0,B,-100.0
13070,,3,20.0,16.0,7.8,A,-19.9
13071,,3,4.0,19.0,9.0,B,15.0
13072,medium,0,12.0,8.0,1.1,A,-100.0
13073,medium,1,9.0,7.0,3.4,A,-100.0
13074,high,2,13.0,9.0,9.7,A,-100.0
13075,none,2,16.0,29.0,9.2,B,15.0
13076,high,0,8.0,2.0,9.3,C,-100.0
13077,high,6,2.0,3.0,8.8,A,-17.9
13078,none,0,15.0,23.0,3.0,C,1.4
13079,medium,2,9.0,12.0,1.2,A,-12.0
13080,none,3,4.0,9.0,2.1,A,-9.5
13081,low,1,3.0,13.0,4.4,A,2.6
13082,none,1,7.0,39.0,9.1,A,15.0
13083,medium,1,5.0,7.0,8.1,C,-12.0
13084,medium,2,9.0,3.0,2.6,C,-100.0
13085,none,0,7.0,15.0,8.2,A,1.2
13086,high,4,10.0,7.0,9.7,C,-100.0
13087,low,2,5.0,10.0,7.8,A,-5.6
13088,high,4,12.0,7.0,6.0,D,-100.0
13089,medium,0,15.0,31.0,9.3,A,15.0
13090,high,2,14.0,7.0,6.5,A,-100.0
13091,medium,1,4.0,1.0,7.2,A,-100.0
13092,low,0,15.0,31.0,5.4,A,15.0
13093,medium,4,5.0,39.0,5.1,C,15.0
13094,medium,3,19.0,0.0,8.8,A,-100.0
13095,low,3,14.0,10.0,1.4,A,-100.0
13096,low,1,19.0,5.0,5.1,A,-100.0
13097,low,1,8.0,4.0,8.1,B,-100.0
13098,none,0,16.0,3.0,6.3,A,-100.0
13099,low,1,11.0,2.0,8.6,A,-100.0
13100,none,2,5.0,1.0,9.4,C,-100.0
13101,medium,1,3.0,2.0,8.5,A,-18.8
13102,medium,2,3.0,8.0,4.8,A,-8.2
13103,low,0,8.0,2.0,9.3,A,-100.0
13104,low,1,5.0,1.0,5.8,A,-100.0
13105,none,2,15.0,26.0,1.0,A,6.5
13106,low,3,4.0,4.0,4.5,A,-18.2
13107,low,3,11.0,26.0,5.7,A,15.0
13108,none,2,3.0,8.0,2.6,A,-9.5
13109,high,5,20.0,4.0,4.1,A,-100.0
13110,medium,1,5.0,2.0,,D,
13111,high,4,7.0,4.0,5.4,A,-100.0
13112,medium,3,12.0,24.0,9.1,A,11.8
13113,high,1,20.0,7.0,8.1,A,-100.0
13114,medium,1,12.0,15.0,5.6,A,-8.7
13115,high,0,2.0,2.0,1.5,A,-100.0
13116,low,1,6.0,45.0,8.4,A,15.0
13117,high,3,5.0,2.0,5.7,C,-100.0
13118,medium,0,,26.0,3.3,C,
13119,medium,0,1.0,9.0,3.6,A,-3.0
13120,none,2,22.0,1.0,1.0,A,-100.0
13121,none,1,19.0,22.0,4.5,C,-7.0
13122,medium,2,5.0,50.0,3.9,A,15.0
13123,high,2,20.0,12.0,5.3,B,-100.0
13124,high,3,28.0,5.0,9.9,D,-100.0
13125,low,0,27.0,16.0,5.4,A,-100.0
13126,medium,1,26.0,5.0,4.0,A,-100.0
13127,low,2,0.0,12.0,8.8,A,7.9
13128,low,3,4.0,46.0,7.8,A,15.0
13129,medium,0,11.0,23.0,4.4,A,9.3
13130,high,2,20.0,10.0,9.4,C,-100.0
13131,low,3,3.0,13.0,8.2,A,4.3
13132,high,1,2.0,2.0,8.0,D,-19.9
13133,low,4,6.0,3.0,2.8,B,-100.0
13134,high,1,12.0,10.0,6.3,A,-100.0
13135,none,3,15.0,10.0,8.4,C,-100.0
13136,high,1,11.0,4.0,8.4,A,-100.0
13137,,0,8.0,16.0,8.5,A,1.7
13138,low,0,6.0,30.0,8.3,A,15.0
13139,low,2,6.0,10.0,2.4,C,-10.0
13140,medium,1,9.0,20.0,1.2,B,4.9
13141,low,5,2.0,1.0,6.1,C,-100.0
13142,low,1,14.0,0.0,1.3,A,-100.0
13143,high,0,9.0,19.0,9.1,B,4.2
13144,high,2,4.0,11.0,7.7,A,-4.8
13145,low,4,19.0,11.0,6.4,A,-100.0
13146,medium,2,7.0,45.0,4.2,A,15.0
13147,low,0,17.0,13.0,8.5,D,-19.7
13148,high,3,7.0,6.0,5.0,A,-100.0
13149,low,5,11.0,0.0,1.7,A,-100.0
13150,medium,2,6.0,26.0,7.0,C,15.0
13151,high,1,1.0,2.0,5.3,B,-19.5
13152,high,0,6.0,14.0,8.4,A,-1.4
13153,medium,3,8.0,13.0,9.4,A,-4.2
13154,none,2,19.0,17.0,8.6,C,-15.6
13155,low,2,25.0,11.0,2.2,A,-100.0
13156,high,2,5.0,18.0,4.3,C,6.5
13157,high,2,16.0,18.0,6.9,A,-11.5
13158,none,0,14.0,3.0,8.7,A,-100.0
13159,low,2,7.0,0.0,2.6,C,-100.0
13160,none,0,2.0,10.0,4.5,A,-2.4
13161,high,2,13.0,1.0,5.3,C,-100.0
13162,medium,4,22.0,7.0,7.5,A,-100.0
13163,medium,5,20.0,5.0,6.1,C,-100.0
13164,none,2,16.0,13.0,3.7,A,-100.0
13165,medium,2,8.0,8.0,7.8,C,-15.4
13166,medium,3,12.0,4.0,7.0,A,-100.0
13167,low,1,13.0,27.0,9.3,A,15.0
13168,medium,4,8.0,6.0,1.4,D,-100.0
13169,medium,1,6.0,19.0,8.7,C,11.7
13170,high,0,25.0,37.0,4.5,A,11.7
13171,low,1,18.0,2.0,4.8,A,-100.0
13172,,1,9.0,24.0,9.1,A,15.0
13173,high,3,2.0,19.0,3.2,C,13.2
13174,high,1,6.0,14.0,8.0,C,-1.7
13175,high,2,10.0,25.0,9.0,A,14.8
13176,high,1,6.0,7.0,1.7,D,-19.6
13177,low,0,2.0,9.0,2.3,A,-5.0
13178,high,1,15.0,4.0,4.3,A,-100.0
13179,high,3,7.0,12.0,9.9,A,-6.9
13180,low,2,23.0,18.0,6.9,A,-100.0
13181,high,2,8.0,9.0,9.0,B,-15.3
13182,high,0,,2.0,2.0,C,
13183,high,1,3.0,35.0,9.1,A,15.0
13184,low,2,3.0,19.0,4.6,A,15.0
13185,high,0,1.0,0.0,4.4,A,-100.0
13186,medium,0,14.0,3.0,8.4,C,-100.0
13187,low,1,3.0,8.0,8.6,D,-5.8
13188,high,1,3.0,0.0,3.6,A,-100.0
13189,medium,2,2.0,18.0,3.8,B,14.1
13190,medium,2,13.0,10.0,6.0,C,-100.0
13191,low,5,19.0,26.0,9.3,A,4.0
13192,low,1,8.0,1.0,4.0,A,-100.0
13193,medium,2,9.0,15.0,4.4,A,-4.1
13194,medium,2,10.0,2.0,8.6,B,-100.0
13195,low,0,6.0,6.0,1.9,A,-18.5
13196,medium,2,2.0,6.0,4.9,A,-10.5
13197,medium,0,2.0,10.0,5.7,A,-1.5
13198,high,3,33.0,17.0,7.6,A,-100.0
13199,low,2,1.0,15.0,7.4,A,11.7
13200,high,0,2.0,13.0,9.0,A,3.8
13201,high,0,10.0,1.0,1.8,A,-100.0
13202,high,0,9.0,1.0,9.1,A,-100.0
13203,medium,1,20.0,1.0,8.5,A,-100.0
13204,low,1,2.0,0.0,9.3,A,-100.0
13205,none,1,3.0,2.0,9.8,A,-18.4
13206,medium,3,6.0,10.0,7.2,A,-8.1
13207,medium,2,3.0,27.0,1.0,A,15.0
13208,low,4,13.0,6.0,8.7,A,-100.0
13209,high,3,6.0,0.0,8.9,A,-100.0
13210,high,2,5.0,15.0,3.2,A,-0.4
13211,low,1,11.0,50.0,5.8,B,15.0
13212,high,1,15.0,0.0,2.1,C,-100.0
13213,medium,1,8.0,5.0,8.5,A,-100.0
13214,high,1,6.0,2.0,2.9,A,-100.0
13215,none,2,19.0,4.0,6.0,A,-100.0
13216,none,4,11.0,21.0,1.4,C,3.0
13217,low,2,5.0,3.0,9.8,A,-19.3
13218,low,0,1.0,2.0,7.0,A,-15.6
13219,medium,1,11.0,4.0,8.5,C,-100.0
13220,high,0,27.0,3.0,6.2,A,-100.0
13221,low,0,8.0,1.0,2.3,A,-100.0
13222,medium,0,4.0,15.0,9.0,C,7.1
13223,low,1,6.0,21.0,2.4,A,13.2
13224,medium,5,10.0,18.0,9.6,C,
13225,low,1,19.0,2.0,8.8,A,-100.0
13226,none,2,20.0,0.0,9.7,A,-100.0
13227,high,1,16.0,32.0,9.7,A,15.0
13228,medium,1,8.0,7.0,9.4,A,-16.6
13229,low,3,14.0,4.0,9.6,A,-100.0
13230,low,2,12.0,1.0,5.8,C,-100.0
13231,high,1,3.0,21.0,4.8,A,15.0
13232,low,1,11.0,16.0,4.3,A,-5.1
13233,high,0,5.0,0.0,5.0,A,-100.0
13234,high,2,7.0,3.0,8.6,A,-100.0
13235,high,1,10.0,9.0,1.1,B,-100.0
13236,high,3,8.0,6.0,8.4,C,-100.0
13237,high,0,11.0,2.0,8.4,B,-100.0
13238,high,3,,8.0,4.6,C,
13239,medium,1,15.0,50.0,6.7,A,15.0
13240,high,0,4.0,23.0,8.6,A,15.0
13241,medium,1,18.0,3.0,8.6,A,-100.0
13242,low,0,7.0,18.0,7.6,B,7.8
13243,high,1,6.0,0.0,4.6,C,-100.0
13244,none,2,12.0,16.0,8.7,C,-5.4
13245,high,2,7.0,14.0,9.2,A,-3.0
13246,high,0,38.0,2.0,4.4,A,-100.0
13247,none,2,8.0,14.0,4.6,A,-4.6
13248,high,1,9.0,4.0,5.0,C,-100.0
13249,high,0,8.0,2.0,4.6,D,-100.0
13250,medium,0,12.0,1.0,9.7,A,-100.0
13251,none,3,8.0,3.0,3.4,B,-100.0
13252,none,0,5.0,1.0,1.9,A,-100.0
13253,low,0,5.0,2.0,3.9,A,-100.0
13254,high,2,6.0,3.0,10.0,A,-100.0
13255,high,3,2.0,14.0,6.4,A,4.3
13256,medium,2,17.0,8.0,9.0,A,-100.0
13257,low,2,8.0,9.0,5.9,A,-13.9
13258,none,2,2.0,8.0,4.9,A,-6.6
13259,none,1,18.0,2.0,9.8,A,-100.0
13260,low,0,3.0,6.0,9.9,C,-9.2
13261,low,0,13.0,4.0,4.6,A,-100.0
13262,high,2,10.0,3.0,7.4,C,-100.0
13263,low,2,6.0,3.0,7.3,A,-100.0
13264,medium,3,5.0,0.0,6.9,A,-100.0
13265,medium,0,0.0,6.0,4.2,A,-7.2
13266,medium,1,3.0,0.0,1.3,A,-100.0
13267,none,3,1.0,3.0,5.8,A,-15.0
13268,low,2,,4.0,3.3,C,
13269,high,3,23.0,11.0,9.3,A,-100.0
13270,medium,2,5.0,0.0,9.9,B,-100.0
13271,medium,6,19.0,6.0,9.4,B,-100.0
13272,medium,3,9.0,4.0,4.9,A,-100.0
13273,none,1,4.0,4.0,6.0,A,-17.8
13274,low,0,12.0,2.0,8.0,C,-100.0
13275,medium,0,3.0,6.0,3.2,A,-13.0
13276,medium,3,31.0,10.0,9.9,C,-100.0
13277,,1,7.0,10.0,7.9,A,-9.5
13278,none,1,7.0,11.0,5.0,A,-8.9
13279,low,1,14.0,26.0,5.3,C,11.1
13280,high,1,19.0,4.0,1.3,A,-100.0
13281,high,1,11.0,12.0,8.0,A,-14.7
13282,low,0,7.0,18.0,2.9,A,5.5
13283,high,1,1.0,31.0,8.7,A,15.0
13284,medium,4,34.0,22.0,1.1,A,-100.0
13285,low,3,8.0,25.0,7.6,A,15.0
13286,medium,1,3.0,8.0,1.1,A,-9.9
13287,low,0,16.0,26.0,2.8,D,6.5
13288,medium,3,10.0,5.0,3.2,C,-100.0
13289,low,3,8.0,2.0,2.8,A,-100.0
13290,high,0,6.0,10.0,8.6,A,-9.7
13291,low,2,6.0,4.0,5.6,C,-100.0
13292,low,3,9.0,12.0,6.9,C,-8.9
13293,medium,2,8.0,10.0,5.8,B,-12.2
13294,low,1,10.0,5.0,9.2,C,-100.0
13295,low,2,10.0,0.0,9.0,C,-100.0
13296,high,0,18.0,7.0,9.9,A,-100.0
13297,none,1,4.0,9.0,2.0,A,-9.3
13298,none,6,29.0,34.0,9.5,C,2.7
13299,low,6,13.0,18.0,8.9,D,-2.6
13300,high,0,12.0,3.0,3.3,A,-100.0
13301,low,3,8.0,14.0,5.0,A,-3.9
13302,medium,2,2.0,37.0,5.1,A,15.0
13303,low,1,5.0,24.0,9.2,D,15.0
13304,none,2,5.0,9.0,1.8,A,-11.3
13305,medium,1,7.0,10.0,1.8,A,-12.4
13306,high,1,10.0,11.0,9.8,B,-14.1
13307,high,1,5.0,21.0,2.0,A,11.7
13308,low,2,6.0,0.0,2.1,A,-100.0
13309,medium,0,5.0,5.0,5.2,B,-17.5
13310,medium,2,4.0,6.0,6.8,B,-13.1
13311,none,0,11.0,7.0,1.8,A,-100.0
13312,high,0,5.0,24.0,4.3,A,15.0
13313,low,2,5.0,23.0,8.8,A,15.0
13314,high,2,6.0,2.0,8.9,A,-100.0
13315,low,1,8.0,42.0,9.2,B,15.0
13316,high,2,5.0,16.0,9.1,A,4.7
13317,high,2,6.0,7.0,3.5,A,-18.8
13318,medium,2,14.0,7.0,8.6,A,-100.0
13319,low,0,6.0,5.0,8.1,A,-17.5
13320,medium,1,8.0,25.0,6.8,B,15.0
13321,medium,1,12.0,25.0,8.2,C,13.6
13322,high,1,6.0,50.0,7.9,C,15.0
13323,none,0,3.0,38.0,4.3,A,15.0
13324,low,3,1.0,0.0,5.7,A,-100.0
13325,high,1,1.0,8.0,9.0,A,-5.1
13326,high,0,17.0,2.0,8.1,D,-100.0
13327,low,2,1.0,28.0,3.7,A,15.0
13328,medium,2,9.0,12.0,2.9,A,-11.2
13329,none,3,30.0,4.0,1.5,A,-100.0
13330,low,1,2.0,2.0,5.4,A,-18.2
13331,high,1,20.0,16.0,6.6,A,-100.0
13332,medium,4,4.0,18.0,5.1,A,11.0
13333,high,2,5.0,19.0,6.1,A,9.5
13334,none,2,4.0,49.0,9.4,B,15.0
13335,medium,0,1.0,14.0,2.6,A,7.0
13336,low,1,16.0,8.0,8.2,A,-100.0
13337,none,1,18.0,18.0,5.4,A,-13.2
13338,medium,1,17.0,2.0,3.8,C,-100.0
13339,medium,3,5.0,8.0,9.4,A,-9.4
13340,low,1,4.0,12.0,8.2,A,0.7
13341,low,3,18.0,44.0,8.1,A,15.0
13342,none,0,4.0,13.0,8.6,A,2.5
13343,none,2,7.0,11.0,4.3,D,-9.3
13344,medium,3,8.0,0.0,6.5,C,-100.0
13345,low,0,4.0,12.0,9.3,A,1.3
13346,low,0,3.0,12.0,5.7,D,1.3
13347,none,2,9.0,4.0,3.2,A,-100.0
13348,high,0,3.0,25.0,5.8,A,15.0
13349,high,1,5.0,4.0,8.3,C,-100.0
13350,medium,2,9.0,14.0,3.9,B,-6.5
13351,low,1,27.0,8.0,1.3,A,-100.0
13352,high,3,11.0,40.0,6.3,C,15.0
13353,low,0,9.0,34.0,5.3,A,15.0
13354,,1,6.0,3.0,3.0,C,-100.0
13355,high,7,10.0,19.0,2.1,A,-1.8
13356,,3,13.0,30.0,1.1,A,15.0
13357,medium,1,5.0,4.0,1.7,B,-100.0
13358,high,1,,5.0,9.5,C,
13359,none,0,16.0,4.0,2.1,A,-100.0
13360,low,4,11.0,5.0,2.1,B,-100.0
13361,low,0,7.0,12.0,9.1,C,-4.0
13362,high,1,14.0,10.0,9.9,A,-100.0
13363,low,1,22.0,6.0,7.8,A,-100.0
13364,none,2,5.0,5.0,8.8,A,-16.2
13365,none,0,3.0,29.0,6.7,A,15.0
13366,high,3,17.0,25.0,1.2,A,-1.5
13367,none,2,21.0,5.0,8.2,A,-100.0
13368,high,2,17.0,7.0,5.5,A,-100.0
13369,medium,2,23.0,4.0,3.2,A,-100.0
13370,medium,3,14.0,3.0,5.0,A,-100.0
13371,low,0,24.0,4.0,3.0,A,-100.0
13372,medium,0,6.0,2.0,9.2,C,-100.0
13373,none,5,9.0,1.0,9.9,A,-100.0
13374,high,1,8.0,41.0,6.1,A,15.0
13375,medium,2,6.0,1.0,6.7,B,-100.0
13376,none,2,1.0,13.0,3.0,C,4.7
13377,none,1,6.0,1.0,9.5,C,-100.0
13378,medium,1,4.0,23.0,2.0,A,15.0
13379,none,1,7.0,13.0,1.9,B,-6.2
13380,medium,0,7.0,43.0,8.1,A,15.0
13381,none,3,1.0,4.0,8.8,C,-11.4
13382,medium,0,5.0,19.0,7.5,C,13.0
13383,medium,2,14.0,1.0,7.1,A,-100.0
13384,high,2,7.0,2.0,2.8,A,-100.0
13385,high,0,13.0,12.0,8.3,D,-17.9
13386,none,2,11.0,1.0,8.2,A,-100.0
13387,medium,1,2.0,37.0,6.0,A,15.0
13388,high,0,2.0,24.0,3.3,A,15.0
13389,high,1,15.0,4.0,8.1,A,-100.0
13390,low,1,8.0,26.0,7.2,A,15.0
13391,low,0,6.0,2.0,3.0,A,-100.0
13392,low,0,11.0,12.0,8.0,A,-11.6
13393,medium,1,4.0,5.0,3.3,A,-16.8
13394,high,2,6.0,38.0,2.1,B,15.0
13395,medium,1,18.0,20.0,8.0,A,-7.5
13396,high,1,14.0,18.0,1.2,A,-10.7
13397,high,2,10.0,4.0,5.2,B,-100.0
13398,high,2,22.0,6.0,3.0,A,-100.0
13399,high,0,19.0,10.0,8.3,C,-100.0
13400,medium,3,8.0,10.0,9.1,C,-10.7
13401,,2,7.0,1.0,5.5,D,-100.0
13402,high,3,12.0,6.0,8.5,B,-100.0
13403,none,1,27.0,1.0,3.5,A,-100.0
13404,none,1,8.0,21.0,2.0,A,8.9
13405,low,1,8.0,6.0,8.8,A,-18.6
13406,none,1,11.0,2.0,8.5,C,-100.0
13407,high,1,2.0,8.0,3.5,C,-9.6
13408,medium,1,1.0,27.0,5.4,A,15.0
13409,low,0,3.0,1.0,10.0,C,-19.7
13410,none,0,0.0,8.0,1.6,A,-4.5
13411,high,1,5.0,15.0,4.3,C,0.3
13412,medium,1,13.0,17.0,4.4,A,-6.8
13413,none,1,10.0,3.0,3.1,A,-100.0
13414,high,0,1.0,22.0,,D,
13415,none,2,12.0,34.0,9.1,D,15.0
13416,none,1,7.0,4.0,7.6,A,-100.0
13417,medium,5,20.0,5.0,4.5,A,-100.0
13418,low,1,12.0,5.0,4.1,A,-100.0
13419,high,0,19.0,9.0,9.7,C,-100.0
13420,high,2,4.0,48.0,7.7,A,15.0
13421,medium,4,9.0,6.0,1.8,A,-100.0
13422,medium,1,2.0,21.0,9.9,C,15.0
13423,none,1,1.0,2.0,5.1,A,-17.2
13424,,1,9.0,23.0,3.3,A,12.0
13425,low,4,5.0,3.0,1.3,C,-100.0
13426,high,0,7.0,22.0,6.2,A,12.5
13427,medium,2,5.0,37.0,4.3,C,15.0
13428,medium,2,4.0,30.0,6.8,A,15.0
13429,high,2,2.0,10.0,,B,
13430,none,1,13.0,23.0,1.4,D,4.0
13431,high,3,6.0,18.0,4.1,A,4.5
13432,low,0,5.0,7.0,3.0,C,-14.1
13433,high,0,3.0,4.0,9.6,C,-16.6
13434,none,1,5.0,20.0,5.6,A,13.8
13435,medium,1,7.0,3.0,9.8,B,-100.0
13436,low,1,9.0,16.0,4.1,C,-1.7
13437,medium,4,3.0,8.0,4.9,D,-8.3
13438,medium,0,9.0,21.0,4.1,A,8.5
13439,high,0,19.0,3.0,6.7,A,-100.0
13440,none,2,16.0,10.0,7.5,A,-100.0
13441,high,2,10.0,17.0,3.3,B,-4.9
13442,low,1,32.0,27.0,8.7,A,-16.6
13443,low,1,15.0,29.0,8.7,A,15.0
13444,medium,0,30.0,2.0,2.2,A,-100.0
13445,high,1,8.0,5.0,9.4,A,-100.0
13446,high,1,8.0,4.0,9.2,B,-100.0
13447,low,0,23.0,1.0,8.5,A,-100.0
13448,low,4,6.0,4.0,7.8,A,-100.0
13449,low,1,2.0,3.0,4.1,A,-16.8
13450,high,4,6.0,0.0,4.3,A,-100.0
13451,medium,1,10.0,18.0,8.4,A,2.5
13452,low,1,3.0,8.0,6.5,C,-6.8
13453,medium,3,11.0,3.0,8.7,B,-100.0
13454,none,3,11.0,13.0,1.8,A,-13.5
13455,low,1,,11.0,3.0,C,
13456,medium,1,9.0,2.0,5.6,A,-100.0
13457,low,3,9.0,8.0,9.4,B,-16.1
13458,high,2,4.0,17.0,1.9,C,4.9
13459,medium,0,6.0,1.0,4.1,A,-100.0
13460,low,1,2.0,9.0,1.6,C,-5.4
13461,medium,1,10.0,1.0,9.7,C,-100.0
13462,low,2,6.0,2.0,2.5,A,-100.0
13463,medium,2,6.0,9.0,8.5,A,-9.4
13464,medium,1,18.0,12.0,1.5,B,-100.0
13465,low,1,,5.0,8.4,C,
13466,high,2,4.0,22.0,3.5,A,15.0
13467,medium,1,6.0,27.0,3.0,C,15.0
13468,low,3,2.0,24.0,7.5,C,15.0
13469,high,0,7.0,6.0,5.5,C,-100.0
13470,low,1,11.0,1.0,3.4,A,-100.0
13471,high,2,12.0,17.0,4.2,B,-7.9
13472,,1,20.0,5.0,9.7,A,-100.0
13473,low,2,5.0,1.0,8.3,A,-100.0
13474,medium,1,7.0,50.0,5.2,D,15.0
13475,high,1,30.0,4.0,8.2,C,-100.0
13476,none,1,2.0,8.0,9.1,C,-4.4
13477,high,1,1.0,5.0,8.7,D,-11.5
13478,medium,1,16.0,46.0,1.0,A,15.0
13479,medium,2,4.0,5.0,2.8,A,-17.2
13480,low,3,5.0,1.0,3.6,A,-100.0
13481,none,2,6.0,10.0,4.2,A,-9.7
13482,low,1,11.0,14.0,5.2,A,-8.9
13483,high,2,1.0,33.0,1.4,A,15.0
13484,low,3,16.0,5.0,7.8,A,-100.0
13485,none,3,2.0,23.0,7.6,A,15.0
13486,high,2,18.0,50.0,7.4,A,15.0
13487,high,1,2.0,38.0,1.6,A,15.0
13488,low,2,4.0,1.0,5.2,B,-100.0
13489,high,1,21.0,36.0,9.0,B,15.0
13490,medium,2,5.0,10.0,8.0,A,-5.9
13491,high,1,7.0,15.0,7.5,B,-1.6
13492,medium,1,17.0,4.0,5.0,C,-100.0
13493,none,1,36.0,0.0,7.7,A,-100.0
13494,none,1,12.0,19.0,2.7,B,-2.0
13495,low,5,10.0,5.0,2.6,A,-100.0
13496,low,1,8.0,4.0,1.6,A,-100.0
13497,low,2,2.0,0.0,8.3,A,-100.0
13498,medium,0,0.0,2.0,5.4,A,-15.0
13499,low,2,6.0,2.0,6.0,A,-100.0
13500,high,2,22.0,4.0,5.2,C,-100.0
13501,medium,2,9.0,4.0,4.6,B,-100.0
13502,medium,2,7.0,8.0,1.7,A,-16.7
13503,high,3,17.0,17.0,8.6,A,-14.6
13504,low,2,9.0,17.0,4.1,A,0.3
13505,low,3,6.0,1.0,3.3,D,-100.0
13506,high,1,7.0,17.0,2.7,A,0.2
13507,none,2,13.0,20.0,3.4,A,-1.4
13508,medium,1,8.0,27.0,1.2,A,15.0
13509,none,8,,16.0,3.3,C,
13510,none,1,25.0,13.0,1.7,A,-100.0
13511,low,0,11.0,7.0,4.6,B,-100.0
13512,none,2,7.0,3.0,3.9,D,-100.0
13513,medium,0,12.0,2.0,3.5,C,-100.0
13514,none,3,0.0,0.0,9.0,A,-17.9
13515,medium,1,6.0,31.0,8.4,A,15.0
13516,low,2,8.0,4.0,9.4,A,-100.0
13517,low,1,9.0,8.0,3.1,A,-19.0
13518,high,0,27.0,23.0,3.6,A,-100.0
13519,none,3,3.0,9.0,9.9,B,-3.8
13520,medium,3,4.0,9.0,5.0,A,-7.8
13521,none,0,4.0,11.0,2.0,A,-5.0
13522,high,1,13.0,8.0,3.0,A,-100.0
13523,high,1,17.0,26.0,2.3,A,1.4
13524,high,2,15.0,4.0,8.4,A,-100.0
13525,medium,1,3.0,9.0,8.9,A,-3.9
13526,medium,2,15.0,6.0,8.2,C,-100.0
13527,low,0,2.0,20.0,8.8,A,15.0
13528,low,2,10.0,15.0,5.5,A,-5.0
13529,high,1,5.0,3.0,5.5,A,-100.0
13530,low,1,6.0,1.0,7.7,A,-100.0
13531,low,1,2.0,3.0,3.7,A,-17.0
13532,low,2,7.0,3.0,1.8,A,-100.0
13533,high,1,2.0,0.0,9.5,A,-100.0
13534,none,2,5.0,6.0,9.6,B,-13.7
13535,medium,2,21.0,7.0,5.1,A,-100.0
13536,none,1,,2.0,8.9,C,
13537,medium,1,9.0,8.0,2.1,C,-19.9
13538,,1,14.0,50.0,9.4,A,15.0
13539,low,2,17.0,13.0,8.2,A,-100.0
13540,low,6,9.0,3.0,2.9,A,-100.0
13541,high,0,4.0,12.0,1.0,A,-5.8
13542,low,3,4.0,1.0,1.3,A,-100.0
13543,medium,1,13.0,2.0,10.0,B,-100.0
13544,medium,2,12.0,27.0,7.1,C,15.0
13545,low,1,17.0,20.0,8.4,C,-5.2
13546,none,3,11.0,9.0,9.4,A,-18.1
13547,none,2,6.0,30.0,9.5,C,15.0
13548,high,1,12.0,50.0,8.3,B,15.0
13549,low,1,7.0,8.0,1.7,A,-16.2
13550,none,1,19.0,1.0,2.8,A,-100.0
13551,high,1,16.0,11.0,8.7,A,-100.0
13552,low,1,34.0,2.0,8.5,A,-100.0
13553,none,1,2.0,4.0,1.2,A,-16.7
13554,low,3,14.0,7.0,2.0,A,-100.0
13555,,3,4.0,19.0,6.4,A,13.7
13556,low,0,14.0,32.0,4.4,C,15.0
13557,medium,1,5.0,2.0,1.3,C,-100.0
13558,none,0,2.0,8.0,3.6,C,-7.0
13559,medium,4,18.0,6.0,7.4,B,-100.0
13560,low,1,4.0,25.0,3.9,D,15.0
13561,high,4,14.0,2.0,9.8,C,-100.0
13562,high,1,16.0,16.0,1.2,A,-18.4
13563,none,4,4.0,15.0,9.6,D,6.8
13564,medium,2,23.0,3.0,8.4,A,-100.0
13565,high,2,16.0,8.0,8.4,D,-100.0
13566,none,1,4.0,1.0,9.8,A,-100.0
13567,high,3,10.0,2.0,3.9,C,-100.0
13568,none,1,6.0,49.0,10.0,C,15.0
13569,high,1,,8.0,8.5,C,
13570,medium,1,12.0,7.0,9.4,A,-100.0
13571,low,1,21.0,1.0,2.4,A,-100.0
13572,low,4,12.0,34.0,7.0,A,15.0
13573,medium,2,2.0,4.0,8.6,A,-12.9
13574,low,1,9.0,2.0,8.6,C,-100.0
13575,medium,2,6.0,6.0,9.2,A,-15.4
13576,high,3,23.0,4.0,1.1,A,-100.0
13577,medium,1,9.0,2.0,7.8,A,-100.0
13578,high,2,6.0,20.0,8.4,A,11.0
13579,low,2,2.0,3.0,9.0,A,-14.4
13580,low,2,13.0,27.0,7.6,B,15.0
13581,high,3,3.0,4.0,2.2,A,-100.0
13582,low,0,2.0,10.0,8.2,A,0.1
13583,high,0,12.0,5.0,7.9,B,-100.0
13584,low,1,3.0,24.0,9.7,A,15.0
13585,medium,1,11.0,1.0,9.7,A,-100.0
13586,high,1,14.0,29.0,7.6,A,15.0
13587,medium,1,10.0,15.0,8.6,A,-3.7
13588,low,4,16.0,8.0,1.7,C,-100.0
13589,high,1,12.0,17.0,8.4,A,-5.7
13590,none,2,3.0,13.0,8.3,C,3.9
13591,low,2,11.0,10.0,9.6,A,-15.2
13592,low,4,6.0,1.0,5.7,A,-100.0
13593,high,1,0.0,0.0,2.2,A,-100.0
13594,high,3,1.0,13.0,3.7,B,2.6
13595,low,1,17.0,16.0,1.8,A,-16.9
13596,medium,0,13.0,10.0,2.4,A,-100.0
13597,high,1,6.0,5.0,1.1,A,-100.0
13598,low,0,8.0,15.0,7.0,C,-0.5
13599,medium,2,5.0,11.0,4.9,A,-5.3
13600,high,0,8.0,3.0,6.5,A,-100.0
13601,low,1,18.0,45.0,8.4,A,15.0
13602,none,2,5.0,4.0,5.1,C,-100.0
13603,low,0,11.0,8.0,5.0,A,-100.0
13604,low,0,9.0,7.0,7.9,A,-18.6
13605,,0,17.0,5.0,9.7,A,-100.0
13606,none,0,8.0,12.0,9.1,A,-6.4
13607,medium,1,11.0,39.0,2.2,A,15.0
13608,low,1,9.0,0.0,6.1,A,-100.0
13609,medium,0,25.0,28.0,6.6,B,-3.5
13610,medium,2,12.0,1.0,3.9,C,-100.0
13611,high,3,11.0,6.0,9.2,D,-100.0
13612,high,0,12.0,20.0,9.0,B,1.0
13613,low,0,9.0,1.0,1.5,C,-100.0
13614,medium,0,12.0,34.0,5.6,B,15.0
13615,medium,1,13.0,1.0,7.4,D,-100.0
13616,high,1,16.0,21.0,7.4,A,-4.8
13617,medium,1,1.0,1.0,8.2,A,-17.6
13618,high,0,10.0,21.0,3.4,A,3.8
13619,low,0,4.0,3.0,2.1,D,-100.0
13620,none,1,11.0,3.0,1.2,A,-100.0
13621,high,0,12.0,0.0,6.5,A,-100.0
13622,high,1,3.0,3.0,9.9,C,-18.6
13623,low,1,7.0,0.0,4.5,C,-100.0
13624,medium,0,4.0,5.0,9.7,A,-13.6
13625,low,1,10.0,50.0,8.9,A,15.0
13626,high,1,8.0,2.0,5.8,A,-100.0
13627,high,0,4.0,1.0,9.4,A,-100.0
13628,medium,0,28.0,2.0,9.9,A,-100.0
13629,medium,2,3.0,33.0,10.0,A,15.0
13630,low,4,6.0,2.0,9.5,A,-100.0
13631,low,3,31.0,16.0,6.6,A,-100.0
13632,high,4,10.0,5.0,3.9,A,-100.0
13633,high,3,15.0,22.0,8.5,C,-0.6
13634,high,2,12.0,16.0,8.5,B,-7.9
13635,medium,1,7.0,8.0,9.0,C,-13.0
13636,low,2,4.0,18.0,4.2,C,11.2
13637,high,0,3.0,28.0,5.1,A,15.0
13638,low,1,13.0,8.0,8.1,A,-100.0
13639,high,1,14.0,14.0,9.3,A,-15.1
13640,medium,0,3.0,14.0,9.5,A,7.0
13641,high,0,18.0,22.0,2.8,A,-8.4
13642,,2,12.0,43.0,1.4,A,15.0
13643,low,1,16.0,16.0,8.6,A,-11.7
13644,medium,4,8.0,6.0,4.9,A,-100.0
13645,none,0,2.0,11.0,8.1,A,1.5
13646,low,1,11.0,3.0,9.4,A,-100.0
13647,low,3,29.0,24.0,8.4,A,-18.0
13648,high,1,7.0,13.0,1.9,A,-8.6
13649,medium,1,21.0,17.0,5.8,A,-100.0
13650,medium,2,3.0,2.0,1.7,B,-100.0
13651,low,1,18.0,24.0,6.6,A,0.6
13652,low,1,5.0,1.0,6.1,A,-100.0
13653,low,2,6.0,4.0,7.3,A,-100.0
13654,high,3,16.0,18.0,2.6,A,-13.7
13655,none,1,10.0,0.0,3.6,A,-100.0
13656,high,0,22.0,7.0,1.5,A,-100.0
13657,high,1,14.0,21.0,2.3,A,-3.9
13658,medium,1,10.0,1.0,2.6,A,-100.0
13659,medium,1,12.0,6.0,5.2,A,-100.0
13660,low,4,7.0,28.0,9.9,A,15.0
13661,low,2,7.0,1.0,2.8,A,-100.0
13662,none,3,18.0,12.0,3.0,A,-100.0
13663,high,1,6.0,29.0,2.9,C,15.0
13664,medium,1,20.0,21.0,8.2,A,-8.8
13665,medium,3,7.0,9.0,9.0,D,-11.1
13666,high,3,21.0,1.0,6.5,A,-100.0
13667,medium,2,8.0,15.0,8.2,A,-0.5
13668,high,0,4.0,30.0,1.6,A,15.0
13669,high,1,15.0,13.0,8.5,C,-19.3
13670,high,3,13.0,22.0,9.3,D,3.3
13671,low,0,7.0,10.0,3.7,A,-10.9
13672,high,2,19.0,1.0,9.6,A,-100.0
13673,medium,3,3.0,10.0,2.2,A,-5.4
13674,low,3,15.0,9.0,2.0,C,-100.0
13675,low,3,17.0,1.0,4.6,A,-100.0
13676,medium,3,9.0,20.0,2.4,A,5.3
13677,medium,0,5.0,7.0,4.0,A,-13.9
13678,high,1,11.0,15.0,2.1,C,-11.3
13679,none,0,5.0,2.0,9.7,A,-100.0
13680,medium,1,1.0,3.0,4.9,B,-15.0
13681,low,1,21.0,16.0,3.5,B,-100.0
13682,medium,2,19.0,5.0,6.0,A,-100.0
13683,low,1,,2.0,6.6,C,
13684,medium,5,1.0,2.0,8.5,C,-15.7
13685,medium,1,19.0,4.0,1.6,A,-100.0
13686,none,4,6.0,26.0,5.0,A,15.0
13687,low,1,9.0,0.0,9.6,A,-100.0
13688,high,0,20.0,2.0,5.5,A,-100.0
13689,medium,2,9.0,15.0,9.3,A,-1.7
13690,low,5,14.0,39.0,8.7,B,15.0
13691,none,1,10.0,1.0,9.7,B,-100.0
13692,high,1,12.0,8.0,2.7,B,-100.0
13693,none,1,8.0,2.0,2.7,A,-100.0
13694,high,3,7.0,3.0,6.2,A,-100.0
13695,low,1,7.0,4.0,2.8,C,-100.0
13696,medium,1,6.0,21.0,7.6,A,15.0
13697,medium,1,11.0,9.0,7.6,A,-18.6
13698,high,1,7.0,16.0,6.8,A,0.1
13699,low,2,6.0,30.0,6.8,A,15.0
13700,high,2,10.0,6.0,9.4,A,-100.0
13701,high,2,5.0,30.0,8.4,A,15.0
13702,low,0,14.0,4.0,2.1,C,-100.0
13703,none,2,9.0,5.0,8.2,A,-100.0
13704,none,2,12.0,2.0,2.1,C,-100.0
13705,low,3,7.0,4.0,8.1,A,-100.0
13706,high,1,5.0,18.0,8.9,B,8.9
13707,low,0,16.0,50.0,8.1,A,15.0
13708,high,1,3.0,4.0,6.6,A,-18.2
13709,high,2,4.0,0.0,2.3,A,-100.0
13710,medium,1,22.0,21.0,2.8,A,-15.0
13711,medium,1,12.0,30.0,7.2,A,15.0
13712,high,0,7.0,16.0,7.5,A,0.6
13713,high,1,2.0,26.0,9.3,C,15.0
13714,high,2,,10.0,8.1,C,
13715,medium,3,5.0,8.0,3.3,C,-12.5
13716,,3,20.0,0.0,9.1,A,-100.0
13717,high,2,10.0,14.0,8.2,D,-8.7
13718,high,3,2.0,5.0,5.2,B,-15.2
13719,high,2,19.0,17.0,6.8,A,-18.9
13720,high,1,8.0,3.0,5.1,A,-100.0
13721,low,7,8.0,9.0,7.1,A,-13.8
13722,medium,3,10.0,8.0,6.1,A,-19.8
13723,low,2,32.0,26.0,9.4,A,-18.4
13724,none,0,9.0,25.0,2.0,A,15.0
13725,low,0,23.0,30.0,8.8,A,5.6
13726,medium,1,26.0,20.0,9.3,A,-100.0
13727,none,5,2.0,1.0,9.1,D,-19.5
13728,low,2,10.0,9.0,9.9,A,-15.4
13729,medium,4,12.0,0.0,1.2,A,-100.0
13730,high,3,12.0,3.0,9.4,A,-100.0
13731,high,2,9.0,2.0,7.5,A,-100.0
13732,low,2,1.0,16.0,7.9,A,14.1
13733,low,2,4.0,19.0,5.6,A,14.0
13734,medium,2,27.0,35.0,8.6,B,8.5
13735,low,1,4.0,2.0,8.6,C,-100.0
13736,medium,2,27.0,14.0,1.5,A,-100.0
13737,low,1,2.0,3.0,8.5,A,-14.6
13738,medium,1,2.0,14.0,1.3,A,4.6
13739,high,0,7.0,2.0,8.2,A,-100.0
13740,,3,1.0,27.0,3.4,A,15.0
13741,low,0,17.0,7.0,9.6,C,-100.0
13742,low,3,15.0,12.0,1.3,A,-100.0
13743,high,2,11.0,2.0,8.5,A,-100.0
13744,medium,1,5.0,6.0,5.9,A,-15.2
13745,low,1,8.0,9.0,9.8,C,-11.8
13746,low,1,4.0,3.0,7.1,A,-18.8
13747,low,2,,9.0,8.0,C,
13748,medium,0,13.0,17.0,8.4,A,-4.7
13749,,0,10.0,4.0,5.7,A,-100.0
13750,high,1,5.0,7.0,9.2,B,-14.1
13751,none,1,12.0,4.0,2.2,A,-100.0
13752,none,1,7.0,6.0,1.5,B,-100.0
13753,high,1,3.0,15.0,3.8,A,3.5
13754,low,1,6.0,0.0,9.6,A,-100.0
13755,high,3,3.0,32.0,2.0,C,15.0
13756,low,2,11.0,7.0,1.3,D,-100.0
13757,high,1,5.0,10.0,1.4,A,-11.7
13758,medium,0,5.0,6.0,4.7,C,-15.7
13759,none,0,9.0,13.0,5.8,A,-7.7
13760,low,1,,2.0,5.1,C,
13761,low,0,12.0,50.0,9.1,A,15.0
13762,high,2,17.0,9.0,3.1,A,-100.0
13763,medium,4,2.0,23.0,3.1,C,15.0
13764,high,1,9.0,11.0,1.7,A,-16.4
13765,none,2,11.0,8.0,8.6,A,-100.0
13766,high,1,12.0,3.0,2.9,A,-100.0
13767,high,2,10.0,6.0,7.7,C,-100.0
13768,high,2,8.0,2.0,9.5,C,-100.0
13769,high,0,8.0,9.0,9.4,A,-14.9
13770,high,2,7.0,24.0,6.8,A,15.0
13771,high,2,27.0,2.0,8.0,A,-100.0
13772,medium,0,,6.0,8.3,C,
13773,high,0,24.0,2.0,2.3,A,-100.0
13774,high,2,1.0,6.0,9.9,A,-8.9
13775,medium,2,12.0,9.0,1.4,A,-100.0
13776,high,2,10.0,25.0,3.9,A,12.2
13777,medium,0,8.0,23.0,2.7,C,13.8
13778,low,1,8.0,10.0,9.3,B,-10.0
13779,none,0,5.0,3.0,5.1,A,-100.0
13780,high,3,1.0,0.0,2.3,A,-100.0
13781,none,1,9.0,8.0,3.0,A,-19.7
13782,low,0,5.0,4.0,8.4,A,-17.7
13783,medium,0,10.0,23.0,2.6,A,10.2
13784,none,1,4.0,28.0,8.5,A,15.0
13785,medium,1,38.0,10.0,9.8,A,-100.0
13786,high,2,1.0,4.0,8.2,C,-14.0
13787,medium,0,0.0,50.0,8.0,A,15.0
13788,high,1,2.0,6.0,9.1,A,-11.0
13789,low,2,21.0,7.0,1.6,A,-100.0
13790,low,2,2.0,10.0,2.3,A,-3.1
13791,medium,0,4.0,7.0,8.1,A,-10.2
13792,high,1,8.0,10.0,1.4,B,-16.9
13793,low,0,11.0,4.0,6.5,C,-100.0
13794,none,0,5.0,5.0,9.2,B,-15.8
13795,low,0,13.0,19.0,9.1,B,0.2
13796,medium,0,12.0,18.0,8.8,A,-0.7
13797,high,2,7.0,10.0,1.0,C,-15.5
13798,medium,3,7.0,0.0,3.7,A,-100.0
13799,high,6,9.0,9.0,1.9,A,-100.0
13800,low,2,30.0,21.0,4.2,A,-100.0
13801,high,2,6.0,17.0,3.8,C,2.4
13802,high,2,12.0,17.0,2.7,A,-8.7
13803,low,4,18.0,26.0,5.3,A,3.8
13804,high,1,4.0,11.0,7.4,C,-4.8
13805,low,1,4.0,8.0,4.0,A,-9.8
13806,medium,1,6.0,3.0,2.2,C,-100.0
13807,medium,1,11.0,39.0,3.9,A,15.0
13808,high,2,3.0,7.0,4.4,C,-13.1
13809,medium,2,14.0,7.0,3.0,C,-100.0
13810,high,1,23.0,8.0,6.2,A,-100.0
13811,none,1,12.0,21.0,9.0,A,5.4
13812,none,1,12.0,8.0,8.9,A,-100.0
13813,medium,0,3.0,31.0,9.4,A,15.0
13814,high,3,1.0,5.0,5.0,C,-13.6
13815,high,0,23.0,6.0,3.4,A,-100.0
13816,low,2,25.0,34.0,6.5,A,9.2
13817,low,1,3.0,3.0,9.3,A,-15.9
13818,none,1,4.0,34.0,7.2,A,15.0
13819,high,4,12.0,8.0,9.2,A,-100.0
13820,high,1,8.0,22.0,9.9,A,12.5
13821,low,2,8.0,15.0,2.9,C,-2.8
13822,medium,0,7.0,1.0,1.5,A,-100.0
13823,none,0,3.0,4.0,8.7,A,-14.6
13824,high,2,1.0,40.0,1.9,C,15.0
13825,low,1,1.0,36.0,2.4,B,15.0
13826,medium,0,6.0,5.0,7.9,A,-17.9
13827,high,1,4.0,6.0,1.1,B,-18.5
13828,high,1,9.0,1.0,1.3,A,-100.0
13829,high,0,4.0,1.0,3.6,A,-100.0
13830,none,0,8.0,4.0,2.9,D,-100.0
13831,high,0,4.0,25.0,4.1,C,15.0
13832,high,1,6.0,15.0,1.6,A,-2.8
13833,none,1,13.0,6.0,7.0,A,-100.0
13834,none,2,16.0,7.0,7.9,B,-100.0
13835,medium,3,3.0,9.0,8.9,A,-4.1
13836,none,3,11.0,29.0,8.2,A,15.0
13837,high,1,2.0,10.0,8.4,C,-2.9
13838,low,2,4.0,18.0,4.2,A,11.2
13839,medium,3,4.0,3.0,8.4,A,-18.7
13840,high,0,16.0,19.0,7.1,A,-9.1
13841,high,1,3.0,13.0,1.8,C,-1.7
13842,high,0,10.0,18.0,2.2,B,-3.1
13843,medium,3,10.0,5.0,5.7,A,-100.0
13844,high,2,12.0,6.0,8.8,A,-100.0
13845,medium,1,3.0,7.0,3.7,A,-10.7
13846,medium,2,12.0,11.0,6.6,A,-16.7
13847,low,2,,13.0,1.2,C,
13848,high,1,23.0,6.0,2.3,C,-100.0
13849,,1,8.0,50.0,6.9,A,15.0
13850,low,1,4.0,2.0,9.4,A,-19.7
13851,low,3,2.0,6.0,9.0,A,-8.2
13852,low,2,2.0,13.0,6.5,A,5.3
13853,medium,4,19.0,19.0,8.8,A,-11.3
13854,high,1,3.0,12.0,8.2,A,-0.6
13855,low,4,5.0,25.0,8.9,A,15.0
13856,medium,2,2.0,3.0,2.9,A,-17.8
13857,none,1,16.0,0.0,3.9,A,-100.0
13858,high,3,14.0,13.0,7.3,D,-18.4
13859,medium,2,0.0,1.0,9.2,C,-15.4
13860,high,2,6.0,1.0,7.1,A,-100.0
13861,none,3,6.0,13.0,8.7,C,-1.3
13862,high,0,4.0,14.0,1.6,A,-1.3
13863,high,0,19.0,15.0,2.2,A,-100.0
13864,high,1,20.0,33.0,4.1,A,11.7
13865,none,0,7.0,2.0,8.8,A,-100.0
13866,high,2,18.0,7.0,8.3,A,-100.0
13867,high,2,10.0,12.0,1.5,A,-16.3
13868,high,2,14.0,33.0,8.9,A,15.0
13869,low,3,4.0,48.0,7.1,A,15.0
13870,medium,0,1.0,2.0,8.3,C,-15.3
13871,low,3,15.0,0.0,8.6,A,-100.0
13872,medium,3,4.0,6.0,8.9,A,-12.1
13873,high,0,12.0,5.0,1.1,A,-100.0
13874,medium,0,8.0,3.0,9.7,A,-100.0
13875,none,2,9.0,14.0,1.2,C,-8.1
13876,high,2,4.0,12.0,5.3,A,-3.9
13877,medium,1,5.0,5.0,1.0,A,-19.7
13878,medium,1,37.0,13.0,6.4,A,-100.0
13879,none,2,5.0,14.0,8.1,B,2.4
13880,none,5,20.0,21.0,9.1,A,-9.0
13881,none,5,26.0,10.0,2.2,C,-100.0
13882,low,2,2.0,2.0,,A,
13883,high,1,18.0,17.0,8.1,A,-16.4
13884,high,1,10.0,8.0,5.3,A,-100.0
13885,low,2,2.0,7.0,3.8,B,-8.6
13886,high,0,3.0,21.0,2.1,A,15.0
13887,high,1,2.0,21.0,9.4,A,15.0
13888,low,0,12.0,15.0,8.3,A,-6.9
13889,high,2,6.0,26.0,3.0,C,15.0
13890,high,2,3.0,6.0,8.4,A,-13.2
13891,high,1,10.0,18.0,7.6,C,-0.5
13892,medium,0,13.0,7.0,4.4,A,-100.0
13893,medium,2,5.0,2.0,2.1,D,-100.0
13894,medium,2,24.0,3.0,3.8,A,-100.0
13895,medium,2,7.0,14.0,9.2,A,-0.3
13896,high,0,2.0,13.0,2.1,A,0.3
13897,medium,1,7.0,17.0,3.4,A,3.1
13898,none,4,4.0,14.0,7.3,A,3.5
13899,medium,3,11.0,4.0,8.5,A,-100.0
13900,low,2,6.0,1.0,9.6,A,-100.0
13901,high,1,,3.0,9.6,C,
13902,high,0,14.0,8.0,5.2,C,-100.0
13903,low,0,5.0,26.0,9.4,A,15.0
13904,low,2,9.0,9.0,8.3,A,-14.4
13905,high,1,2.0,12.0,9.8,D,2.0
13906,high,0,7.0,2.0,9.6,A,-100.0
13907,none,1,4.0,0.0,3.7,A,-100.0
13908,low,2,12.0,20.0,7.2,C,2.9
13909,low,0,11.0,3.0,1.9,A,-100.0
13910,low,1,10.0,2.0,9.4,A,-100.0
13911,low,1,1.0,12.0,3.9,A,3.8
13912,high,0,16.0,8.0,3.4,B,-100.0
13913,low,0,10.0,4.0,8.3,C,-100.0
13914,none,0,,8.0,3.0,C,
13915,high,3,7.0,6.0,5.5,B,-100.0
13916,high,1,4.0,8.0,8.5,B,-10.6
13917,none,0,17.0,5.0,2.7,A,-100.0
13918,low,3,4.0,11.0,9.9,A,-0.8
13919,low,1,28.0,7.0,3.7,A,-100.0
13920,high,0,2.0,18.0,8.9,A,14.2
13921,none,2,20.0,0.0,7.9,B,-100.0
13922,,1,2.0,9.0,1.6,C,-6.0
13923,none,0,8.0,43.0,9.7,A,15.0
13924,low,2,3.0,37.0,6.9,A,15.0
13925,low,3,13.0,5.0,3.3,A,-100.0
13926,low,0,5.0,6.0,8.5,A,-13.4
13927,high,0,22.0,11.0,5.5,C,-100.0
13928,medium,3,30.0,2.0,6.8,C,-100.0
13929,medium,3,13.0,5.0,9.0,C,-100.0
13930,high,2,5.0,42.0,6.6,A,15.0
13931,none,1,4.0,4.0,6.0,C,-17.8
13932,high,2,,33.0,,C,
13933,medium,2,9.0,50.0,4.7,A,15.0
13934,none,1,4.0,32.0,8.5,B,15.0
13935,high,1,3.0,6.0,8.0,A,-13.3
13936,high,3,,7.0,3.1,C,
13937,high,1,8.0,2.0,8.4,C,-100.0
13938,low,2,10.0,35.0,4.3,A,15.0
13939,high,2,9.0,1.0,3.8,A,-100.0
13940,none,3,22.0,0.0,8.1,C,-100.0
13941,medium,1,9.0,6.0,1.1,B,-100.0
13942,low,0,26.0,7.0,9.4,C,-100.0
13943,low,2,5.0,23.0,9.4,C,15.0
13944,none,1,2.0,15.0,1.8,A,6.7
13945,medium,2,8.0,12.0,7.0,A,-7.4
13946,medium,2,4.0,8.0,7.5,A,-8.5
13947,none,0,7.0,12.0,2.7,A,-7.8
13948,low,5,16.0,1.0,5.3,C,-100.0
13949,high,2,0.0,5.0,9.4,A,-9.5
13950,none,1,14.0,35.0,8.8,C,15.0
13951,low,1,20.0,16.0,6.8,A,-19.6
13952,low,0,1.0,6.0,8.5,A,-6.4
13953,none,1,13.0,15.0,8.9,A,-9.0
13954,high,0,4.0,5.0,9.1,B,-16.5
13955,low,2,16.0,3.0,4.3,A,-100.0
13956,medium,4,31.0,5.0,8.5,C,-100.0
13957,high,0,13.0,5.0,4.0,A,-100.0
13958,none,3,8.0,1.0,7.5,A,-100.0
13959,none,1,23.0,5.0,2.8,C,-100.0
13960,low,1,1.0,23.0,9.6,C,15.0
13961,high,2,10.0,18.0,9.9,A,0.5
13962,low,2,8.0,7.0,4.1,A,-19.0
13963,none,1,3.0,13.0,3.8,B,1.7
13964,high,3,1.0,14.0,5.2,A,5.4
13965,medium,1,15.0,1.0,9.5,D,-100.0
13966,medium,1,10.0,21.0,8.7,D,8.9
13967,high,1,21.0,0.0,8.5,A,-100.0
13968,high,2,2.0,1.0,8.4,B,-100.0
13969,low,1,8.0,2.0,7.6,A,-100.0
13970,medium,1,11.0,18.0,6.1,A,-0.4
13971,medium,1,20.0,8.0,9.4,C,-100.0
13972,none,3,4.0,4.0,2.8,A,-19.6
13973,medium,1,11.0,1.0,6.4,A,-100.0
13974,low,0,4.0,3.0,8.3,C,-18.1
13975,high,2,9.0,50.0,8.1,A,15.0
13976,none,0,3.0,1.0,6.9,A,-100.0
13977,low,1,7.0,17.0,9.8,A,6.7
13978,none,1,26.0,49.0,5.7,C,15.0
13979,high,2,15.0,36.0,1.8,C,15.0
13980,none,0,5.0,9.0,5.3,B,-9.3
13981,none,3,8.0,1.0,4.8,C,-100.0
13982,high,2,22.0,0.0,3.5,A,-100.0
13983,none,2,2.0,3.0,8.6,A,-15.2
13984,low,1,6.0,15.0,1.7,D,0.2
13985,medium,4,30.0,7.0,2.8,A,-100.0
13986,high,0,6.0,0.0,8.8,A,-100.0
13987,low,1,17.0,19.0,9.8,D,-6.6
13988,low,0,14.0,5.0,6.7,C,-100.0
13989,low,1,11.0,2.0,8.3,B,-100.0
13990,medium,0,20.0,9.0,9.1,A,-100.0
13991,low,3,36.0,1.0,8.0,A,-100.0
13992,high,0,3.0,24.0,2.5,A,15.0
13993,low,4,4.0,29.0,1.8,A,15.0
13994,high,1,4.0,23.0,2.8,A,15.0
13995,high,2,5.0,25.0,2.1,C,15.0
13996,low,1,20.0,28.0,8.4,C,6.4
13997,medium,0,25.0,1.0,3.9,C,-100.0
13998,none,0,8.0,10.0,2.8,A,-13.7
13999,none,1,11.0,22.0,1.2,D,5.3
14000,medium,4,6.0,7.0,2.9,A,-16.7
14001,none,1,2.0,9.0,9.1,A,-2.3
14002,high,1,5.0,24.0,5.8,B,15.0
14003,high,3,16.0,13.0,8.9,A,-100.0
14004,high,1,6.0,0.0,8.1,C,-100.0
14005,high,2,4.0,15.0,6.2,D,2.9
14006,high,2,4.0,6.0,1.3,A,-18.5
14007,medium,1,10.0,5.0,8.8,A,-100.0
14008,high,1,8.0,1.0,3.8,D,-100.0
14009,low,3,5.0,14.0,6.2,A,1.9
14010,none,3,7.0,17.0,2.6,A,2.3
14011,none,0,9.0,10.0,7.4,A,-13.2
14012,medium,1,15.0,14.0,8.3,A,-14.7
14013,none,5,6.0,17.0,8.5,A,6.8
14014,low,1,1.0,4.0,8.4,A,-10.8
14015,medium,5,24.0,2.0,6.8,D,-100.0
14016,none,1,6.0,5.0,9.2,A,-17.6
14017,high,1,14.0,32.0,2.0,A,15.0
14018,low,1,5.0,26.0,1.2,A,15.0
14019,,4,8.0,38.0,4.8,A,15.0
14020,medium,0,21.0,19.0,3.0,D,-17.2
14021,high,2,1.0,25.0,9.4,A,15.0
14022,low,2,7.0,2.0,9.3,A,-100.0
14023,high,0,16.0,16.0,9.0,A,-14.4
14024,high,3,1.0,7.0,5.6,C,-9.1
14025,none,2,11.0,1.0,7.8,A,-100.0
14026,high,2,9.0,5.0,8.4,A,-100.0
14027,medium,2,14.0,6.0,9.0,A,-100.0
14028,high,2,4.0,9.0,6.0,B,-9.8
14029,medium,0,13.0,2.0,7.3,A,-100.0
14030,high,2,4.0,7.0,2.9,B,-15.6
14031,high,1,5.0,7.0,2.5,A,-17.4
14032,low,1,10.0,2.0,6.6,A,-100.0
14033,low,2,4.0,25.0,7.7,A,15.0
14034,high,1,14.0,10.0,5.2,C,-100.0
14035,medium,1,2.0,20.0,7.2,A,15.0
14036,none,1,13.0,25.0,9.2,B,12.1
14037,low,5,11.0,2.0,3.8,C,-100.0
14038,high,0,6.0,2.0,9.5,C,-100.0
14039,none,1,13.0,0.0,8.5,A,-100.0
14040,low,0,4.0,4.0,2.7,A,-18.8
14041,medium,0,10.0,1.0,9.0,A,-100.0
14042,high,1,9.0,4.0,2.3,A,-100.0
14043,high,2,22.0,8.0,1.2,B,-100.0
14044,low,1,11.0,11.0,8.7,A,-13.4
14045,none,1,,5.0,8.4,C,
14046,medium,2,19.0,14.0,9.5,A,-100.0
14047,low,0,1.0,2.0,6.5,D,-15.8
14048,low,0,15.0,3.0,3.3,A,-100.0
14049,low,2,6.0,10.0,2.8,C,-9.8
14050,none,1,4.0,2.0,8.4,A,-100.0
14051,none,3,25.0,4.0,9.9,C,-100.0
14052,high,5,12.0,4.0,8.3,D,-100.0
14053,none,1,5.0,2.0,9.3,A,-100.0
14054,low,7,3.0,11.0,3.5,C,-2.6
14055,low,0,8.0,2.0,5.8,D,-100.0
14056,medium,2,6.0,14.0,8.2,A,0.9
14057,none,0,31.0,2.0,9.8,A,-100.0
14058,medium,2,9.0,4.0,9.4,B,-100.0
14059,high,2,24.0,3.0,8.3,A,-100.0
14060,none,1,9.0,15.0,1.1,A,-5.9
14061,low,2,11.0,2.0,9.7,A,-100.0
14062,low,1,1.0,4.0,8.1,A,-10.9
14063,medium,3,13.0,0.0,6.1,A,-100.0
14064,none,1,3.0,32.0,9.9,A,15.0
14065,high,0,15.0,18.0,1.6,A,-12.2
14066,high,0,9.0,1.0,4.0,D,-100.0
14067,low,0,5.0,44.0,7.8,A,15.0
14068,none,3,2.0,7.0,8.5,C,-7.0
14069,low,1,2.0,27.0,1.7,A,15.0
14070,high,0,4.0,9.0,9.2,A,-8.0
14071,high,0,2.0,9.0,1.2,A,-8.5
14072,low,2,11.0,15.0,6.6,C,-6.2
14073,low,1,5.0,24.0,9.1,A,15.0
14074,low,0,13.0,11.0,8.4,A,-17.0
14075,low,1,12.0,7.0,6.5,A,-100.0
14076,high,0,1.0,11.0,6.7,A,0.2
14077,low,3,10.0,46.0,3.5,A,15.0
14078,high,1,2.0,6.0,7.5,A,-11.8
14079,none,1,12.0,4.0,9.2,C,-100.0
14080,none,2,2.0,4.0,8.2,A,-13.3
14081,medium,1,5.0,15.0,7.2,A,4.4
14082,high,1,31.0,6.0,1.3,A,-100.0
14083,high,0,5.0,12.0,7.7,A,-4.2
14084,high,2,26.0,31.0,4.4,B,-2.9
14085,high,1,4.0,2.0,8.0,B,-100.0
14086,high,0,17.0,8.0,1.1,A,-100.0
14087,low,2,13.0,2.0,8.0,C,-100.0
14088,low,2,25.0,3.0,8.5,A,-100.0
14089,low,2,9.0,13.0,1.7,A,-9.3
14090,low,1,2.0,7.0,6.4,A,-7.2
14091,,1,7.0,2.0,9.0,A,-100.0
14092,none,5,5.0,7.0,9.0,A,-12.2
14093,none,0,4.0,32.0,3.1,B,15.0
14094,none,0,8.0,4.0,7.8,A,-100.0
14095,low,2,8.0,4.0,5.9,A,-100.0
14096,medium,1,10.0,15.0,5.4,B,-5.3
14097,,1,8.0,40.0,4.3,A,15.0
14098,low,0,,4.0,4.5,C,
14099,,3,,20.0,9.6,C,
14100,high,2,10.0,13.0,8.6,C,-10.6
14101,low,0,25.0,5.0,6.6,A,-100.0
14102,high,3,8.0,3.0,2.0,A,-100.0
14103,none,1,17.0,34.0,2.0,A,15.0
14104,low,1,8.0,4.0,3.2,B,-100.0
14105,medium,1,14.0,50.0,2.6,B,15.0
14106,medium,1,4.0,6.0,7.3,C,-12.8
14107,low,2,11.0,12.0,8.9,C,-11.3
14108,none,0,2.0,4.0,7.0,B,-13.7
14109,low,1,15.0,20.0,9.6,A,-1.1
14110,low,3,9.0,2.0,1.5,A,-100.0
14111,high,4,6.0,2.0,2.5,A,-100.0
14112,medium,1,6.0,5.0,3.4,A,-100.0
14113,medium,1,8.0,46.0,2.0,C,15.0
14114,high,0,12.0,3.0,1.0,A,-100.0
14115,low,1,10.0,11.0,2.2,A,-14.9
14116,medium,0,18.0,17.0,5.6,A,-14.9
14117,none,1,25.0,0.0,6.7,C,-100.0
14118,medium,2,5.0,18.0,8.6,A,11.3
14119,high,0,17.0,6.0,5.2,D,-100.0
14120,high,2,19.0,7.0,9.0,A,-100.0
14121,low,0,25.0,5.0,4.5,C,-100.0
14122,low,1,12.0,8.0,8.8,A,-100.0
14123,high,0,6.0,29.0,,D,
14124,medium,3,3.0,6.0,8.5,A,-10.6
14125,none,0,8.0,11.0,7.6,A,-9.2
14126,high,2,9.0,11.0,3.7,B,-15.5
14127,high,3,9.0,13.0,1.2,A,-12.7
14128,high,2,6.0,11.0,5.8,A,-9.2
14129,low,3,21.0,24.0,3.1,A,-6.6
14130,high,2,11.0,6.0,2.6,A,-100.0
14131,low,1,3.0,6.0,8.7,A,-9.9
14132,medium,1,1.0,8.0,9.0,A,-2.4
14133,medium,0,12.0,9.0,2.7,A,-100.0
14134,high,1,1.0,10.0,1.1,D,-4.8
14135,high,1,18.0,5.0,5.5,C,-100.0
14136,low,1,14.0,8.0,6.7,A,-100.0
14137,medium,4,6.0,7.0,9.1,A,-13.6
14138,high,1,7.0,5.0,9.3,B,-100.0
14139,high,3,4.0,14.0,9.4,A,2.3
14140,high,0,9.0,38.0,5.4,A,15.0
14141,high,0,15.0,7.0,8.1,A,-100.0
14142,medium,0,9.0,14.0,1.6,A,-7.4
14143,low,2,15.0,5.0,5.7,A,-100.0
14144,low,1,17.0,12.0,1.3,A,-100.0
14145,high,1,2.0,2.0,7.3,A,-100.0
14146,medium,1,9.0,5.0,8.4,A,-100.0
14147,low,0,4.0,12.0,4.9,B,-0.9
14148,low,2,7.0,5.0,9.0,B,-19.0
14149,high,0,8.0,5.0,1.1,A,-100.0
14150,medium,3,16.0,50.0,6.3,A,15.0
14151,,2,2.0,38.0,1.6,A,15.0
14152,high,1,15.0,25.0,9.9,A,6.6
14153,high,1,12.0,6.0,2.5,A,-100.0
14154,low,0,7.0,12.0,3.6,A,-6.8
14155,none,2,4.0,39.0,2.0,A,15.0
14156,high,0,17.0,24.0,4.9,A,-1.4
14157,low,1,4.0,15.0,1.1,A,3.4
14158,medium,2,10.0,46.0,3.3,A,15.0
14159,low,1,19.0,4.0,4.4,C,-100.0
14160,high,1,5.0,7.0,8.9,A,-14.2
14161,high,1,15.0,7.0,7.3,A,-100.0
14162,high,1,21.0,50.0,7.1,A,15.0
14163,,2,36.0,2.0,8.1,A,-100.0
14164,none,0,7.0,6.0,1.1,A,-100.0
14165,high,1,2.0,21.0,5.1,A,15.0
14166,high,0,14.0,13.0,7.8,A,-17.8
14167,low,2,10.0,4.0,2.7,A,-100.0
14168,low,2,18.0,6.0,9.1,A,-100.0
14169,none,1,19.0,4.0,5.3,A,-100.0
14170,high,0,20.0,25.0,8.1,A,-3.0
14171,high,1,12.0,8.0,3.3,A,-100.0
14172,low,3,5.0,23.0,1.6,A,15.0
14173,medium,1,10.0,1.0,5.4,C,-100.0
14174,low,1,9.0,2.0,1.6,C,-100.0
14175,high,1,19.0,17.0,1.9,A,-100.0
14176,low,2,7.0,7.0,4.7,A,-16.9
14177,medium,2,7.0,5.0,2.4,A,-100.0
14178,none,1,6.0,41.0,2.8,C,15.0
14179,medium,1,17.0,7.0,6.2,A,-100.0
14180,low,0,4.0,7.0,7.9,A,-9.9
14181,none,2,12.0,4.0,7.7,A,-100.0
14182,medium,1,13.0,0.0,3.6,A,-100.0
14183,high,1,8.0,1.0,9.1,D,-100.0
14184,medium,2,9.0,16.0,2.6,A,-2.9
14185,low,2,3.0,3.0,2.3,B,-19.5
14186,medium,2,12.0,3.0,8.4,B,-100.0
14187,low,5,18.0,4.0,9.2,A,-100.0
14188,low,1,15.0,33.0,6.5,D,15.0
14189,high,1,21.0,1.0,2.7,A,-100.0
14190,medium,1,5.0,10.0,1.8,A,-8.9
14191,high,0,12.0,1.0,5.9,A,-100.0
14192,medium,0,12.0,50.0,9.7,A,15.0
14193,medium,2,5.0,4.0,9.5,B,-17.7
14194,medium,2,2.0,17.0,2.9,A,11.6
14195,low,0,4.0,21.0,5.5,C,15.0
14196,none,3,3.0,34.0,3.6,B,15.0
14197,low,2,12.0,12.0,4.6,C,-15.2
14198,low,2,3.0,7.0,4.6,C,-10.0
14199,medium,5,13.0,2.0,7.9,A,-100.0
14200,low,1,3.0,11.0,3.7,A,-1.9
14201,medium,5,2.0,36.0,9.3,A,15.0
14202,none,2,4.0,16.0,6.2,A,7.4
14203,none,0,5.0,2.0,2.1,D,-100.0
14204,high,0,7.0,23.0,2.7,A,12.9
14205,low,1,5.0,11.0,7.2,A,-3.7
14206,none,2,5.0,16.0,1.6,C,3.3
14207,low,1,16.0,19.0,8.0,A,-5.7
14208,high,3,18.0,1.0,8.8,A,-100.0
14209,high,2,4.0,33.0,5.6,A,15.0
14210,none,3,9.0,14.0,3.4,A,-7.1
14211,medium,3,20.0,35.0,9.0,A,15.0
14212,medium,3,40.0,8.0,1.6,A,-100.0
14213,none,1,9.0,11.0,6.1,A,-11.8
14214,medium,2,7.0,11.0,6.3,A,-8.1
14215,high,2,20.0,50.0,3.9,A,15.0
14216,high,2,18.0,1.0,8.3,C,-100.0
14217,medium,0,11.0,33.0,1.9,A,15.0
14218,high,4,7.0,50.0,8.7,A,15.0
14219,medium,2,7.0,14.0,2.9,A,-3.5
14220,low,4,8.0,7.0,6.9,A,-17.8
14221,medium,3,8.0,4.0,4.7,A,-100.0
14222,medium,2,14.0,10.0,6.9,A,-100.0
14223,low,2,9.0,18.0,9.4,A,5.0
14224,low,1,1.0,15.0,9.0,A,12.6
14225,,0,11.0,24.0,2.9,A,10.5
14226,none,0,6.0,21.0,3.7,A,13.3
14227,none,1,7.0,8.0,8.6,A,-13.4
14228,high,1,2.0,12.0,8.5,C,1.3
14229,high,1,3.0,8.0,2.9,B,-11.6
14230,low,4,13.0,5.0,9.7,A,-100.0
14231,low,3,5.0,14.0,3.0,A,0.3
14232,medium,1,11.0,24.0,9.4,A,13.8
14233,high,1,13.0,50.0,3.7,C,15.0
14234,medium,1,21.0,25.0,8.0,A,-2.2
14235,high,1,0.0,5.0,2.2,A,-13.0
14236,low,1,6.0,19.0,4.5,A,10.0
14237,none,1,5.0,5.0,3.4,A,-18.8
14238,medium,3,11.0,20.0,7.0,A,4.1
14239,high,2,5.0,7.0,3.2,A,-17.2
14240,high,2,7.0,24.0,4.8,A,
14241,,2,,7.0,1.3,C,
14242,high,3,1.0,19.0,2.6,A,14.6
14243,low,2,4.0,13.0,8.4,A,2.8
14244,low,1,20.0,9.0,9.4,A,-100.0
14245,medium,0,15.0,11.0,6.3,C,-100.0
14246,medium,5,21.0,17.0,7.7,B,-19.6
14247,high,4,22.0,6.0,2.5,A,-100.0
14248,medium,1,5.0,14.0,6.6,A,1.9
14249,none,1,,0.0,8.4,C,
14250,low,0,0.0,3.0,7.4,A,-11.5
14251,none,0,16.0,23.0,8.4,A,2.4
14252,none,2,14.0,7.0,8.7,A,-100.0
14253,low,0,11.0,14.0,1.9,B,-10.4
14254,low,4,6.0,18.0,6.5,A,8.6
14255,medium,4,4.0,8.0,6.1,A,-9.4
14256,medium,1,6.0,7.0,8.2,B,-13.7
14257,none,3,15.0,1.0,1.3,A,-100.0
14258,,2,5.0,12.0,7.4,A,-2.2
14259,medium,2,7.0,2.0,1.4,A,-100.0
14260,low,0,,1.0,2.7,C,
14261,low,4,5.0,12.0,1.6,A,-4.7
14262,low,1,15.0,15.0,8.1,B,-12.3
14263,medium,3,27.0,9.0,9.7,B,-100.0
14264,,2,4.0,2.0,8.9,A,-100.0
14265,medium,1,10.0,10.0,1.8,A,-17.6
14266,medium,0,13.0,20.0,9.5,B,2.1
14267,low,2,9.0,5.0,6.4,A,-100.0
14268,high,4,17.0,9.0,9.6,C,-100.0
14269,medium,2,8.0,6.0,4.4,A,-100.0
14270,low,1,14.0,37.0,5.4,A,15.0
14271,medium,2,3.0,2.0,7.7,B,-19.3
14272,medium,2,1.0,5.0,9.7,B,-8.5
14273,high,1,7.0,14.0,2.7,A,-6.1
14274,medium,0,3.0,8.0,4.1,A,-8.3
14275,high,4,12.0,0.0,3.3,A,-100.0
14276,medium,1,11.0,9.0,9.6,C,-17.6
14277,low,4,9.0,4.0,5.7,B,-100.0
14278,high,2,2.0,1.0,5.7,A,-100.0
14279,low,2,16.0,32.0,8.5,A,15.0
14280,low,2,15.0,17.0,8.6,C,-8.0
14281,none,1,20.0,4.0,9.8,A,-100.0
14282,high,1,3.0,9.0,8.2,A,-6.9
14283,medium,1,8.0,24.0,3.3,A,15.0
14284,none,2,15.0,26.0,8.6,C,10.3
14285,none,2,15.0,0.0,8.6,A,-100.0
14286,,1,15.0,5.0,2.9,A,-100.0
14287,high,2,4.0,9.0,9.1,C,-8.3
14288,high,1,10.0,2.0,3.9,A,-100.0
14289,medium,0,12.0,8.0,9.4,A,-100.0
14290,high,1,2.0,15.0,9.6,A,8.2
14291,low,6,9.0,14.0,9.0,A,-4.0
14292,high,2,15.0,6.0,9.9,A,-100.0
14293,high,2,4.0,6.0,3.7,A,-17.3
14294,high,1,9.0,10.0,7.7,A,-15.5
14295,medium,1,13.0,2.0,7.4,A,-100.0
14296,medium,0,4.0,1.0,3.0,A,-100.0
14297,medium,1,3.0,26.0,8.4,A,15.0
14298,high,0,2.0,15.0,7.3,A,7.1
14299,low,2,3.0,17.0,6.8,A,12.1
14300,medium,1,10.0,2.0,3.9,A,-100.0
14301,medium,2,9.0,4.0,5.1,A,-100.0
14302,none,3,2.0,4.0,1.5,D,-16.8
14303,medium,0,5.0,1.0,8.4,A,-100.0
14304,low,2,3.0,11.0,8.0,C,0.1
14305,low,1,4.0,10.0,5.5,C,-4.9
14306,low,2,12.0,20.0,1.0,A,-0.2
14307,low,1,3.0,19.0,3.4,A,14.7
14308,medium,3,13.0,8.0,9.3,A,-100.0
14309,medium,1,20.0,10.0,3.5,C,-100.0
14310,high,1,11.0,2.0,7.5,A,-100.0
14311,medium,1,8.0,18.0,4.8,A,4.2
14312,none,1,3.0,1.0,9.8,B,-100.0
14313,high,4,3.0,3.0,2.5,A,-100.0
14314,low,5,30.0,26.0,9.3,A,-15.3
14315,low,1,18.0,1.0,3.5,A,-100.0
14316,high,1,9.0,3.0,8.5,A,-100.0
14317,high,0,17.0,44.0,3.2,A,15.0
14318,medium,1,5.0,9.0,2.7,C,-10.5
14319,medium,0,11.0,7.0,6.5,A,-100.0
14320,low,1,12.0,17.0,5.8,C,-4.0
14321,medium,3,16.0,1.0,6.8,A,
14322,high,1,16.0,17.0,3.7,C,-15.1
14323,medium,2,16.0,29.0,4.4,C,13.0
14324,,1,10.0,12.0,9.2,C,-9.9
14325,none,1,13.0,16.0,8.5,A,-7.1
14326,medium,1,7.0,23.0,2.1,A,15.0
14327,low,1,16.0,2.0,5.8,A,-100.0
14328,low,1,7.0,5.0,9.2,A,-18.8
14329,high,2,16.0,50.0,8.9,B,15.0
14330,low,1,2.0,3.0,9.3,A,-14.2
14331,medium,0,14.0,13.0,6.9,A,-15.6
14332,high,1,5.0,31.0,4.5,A,15.0
14333,high,1,22.0,8.0,4.3,A,-100.0
14334,low,1,2.0,30.0,5.4,A,15.0
14335,none,1,6.0,27.0,1.4,A,15.0
14336,medium,2,0.0,8.0,4.0,A,-3.3
14337,medium,1,7.0,48.0,9.0,C,15.0
14338,low,2,11.0,47.0,8.1,C,15.0
14339,high,0,9.0,2.0,1.6,A,-100.0
14340,medium,1,15.0,11.0,7.2,C,-100.0
14341,low,1,4.0,5.0,9.1,C,-13.6
14342,low,2,15.0,8.0,8.9,A,-100.0
14343,low,2,22.0,21.0,9.6,A,-11.3
14344,low,1,11.0,17.0,8.9,C,-0.7
14345,low,1,17.0,31.0,7.9,A,15.0
14346,low,4,11.0,9.0,1.7,A,-100.0
14347,medium,0,14.0,14.0,7.9,A,-13.1
14348,high,3,2.0,5.0,9.0,A,-13.3
14349,low,3,8.0,16.0,2.8,A,-0.8
14350,high,2,9.0,7.0,4.9,A,-100.0
14351,low,1,27.0,16.0,9.9,A,-100.0
14352,medium,3,4.0,15.0,4.1,C,4.3
14353,low,1,1.0,25.0,1.4,B,15.0
14354,medium,0,6.0,16.0,1.3,A,1.8
14355,high,1,5.0,5.0,8.1,A,-18.8
14356,low,3,11.0,18.0,3.9,C,-1.3
14357,high,0,11.0,25.0,3.9,A,10.7
14358,low,2,9.0,12.0,7.8,A,-8.4
14359,high,0,16.0,29.0,6.3,B,11.5
14360,none,1,9.0,30.0,5.1,A,15.0
14361,none,6,12.0,42.0,7.6,A,15.0
14362,medium,1,3.0,4.0,8.4,A,-14.7
14363,high,1,12.0,33.0,4.2,C,15.0
14364,low,1,23.0,11.0,9.4,A,-100.0
14365,low,1,13.0,1.0,8.2,A,-100.0
14366,low,0,12.0,3.0,1.4,C,-100.0
14367,none,2,13.0,11.0,3.5,C,-100.0
14368,high,2,16.0,0.0,8.3,A,-100.0
14369,medium,1,5.0,11.0,5.0,A,-5.1
14370,low,3,4.0,39.0,3.8,A,15.0
14371,high,1,26.0,25.0,6.4,A,-14.4
14372,low,1,11.0,17.0,1.8,A,-4.3
14373,medium,6,2.0,10.0,1.8,C,-4.1
14374,none,0,6.0,27.0,1.5,B,15.0
14375,high,1,9.0,17.0,2.3,A,-3.5
14376,none,0,6.0,38.0,9.7,A,15.0
14377,high,1,10.0,9.0,7.4,C,-19.5
14378,low,2,8.0,7.0,3.1,A,-19.5
14379,high,4,2.0,16.0,2.1,A,6.2
14380,low,2,10.0,10.0,7.3,A,-14.6
14381,high,2,10.0,4.0,9.8,A,-100.0
14382,none,2,4.0,10.0,7.8,C,-4.4
14383,high,4,23.0,20.0,6.2,A,-100.0
14384,medium,0,2.0,3.0,6.7,A,-15.8
14385,medium,1,5.0,1.0,8.6,A,-100.0
14386,high,1,2.0,23.0,4.1,A,15.0
14387,none,0,24.0,14.0,2.9,A,-100.0
14388,high,2,2.0,4.0,2.2,A,-18.7
14389,medium,0,4.0,7.0,5.3,A,-11.5
14390,medium,2,10.0,16.0,8.3,A,-1.9
14391,none,1,10.0,14.0,9.9,C,-5.4
14392,none,0,10.0,6.0,5.5,A,-100.0
14393,,4,22.0,6.0,1.3,A,-100.0
14394,medium,0,13.0,29.0,4.6,A,15.0
14395,low,2,6.0,2.0,8.0,A,-100.0
14396,high,2,5.0,0.0,5.2,A,-100.0
14397,medium,5,36.0,2.0,6.0,D,-100.0
14398,low,4,36.0,1.0,8.7,A,-100.0
14399,medium,1,9.0,10.0,8.7,A,-12.4
14400,high,1,5.0,12.0,8.3,A,-4.0
14401,medium,3,3.0,14.0,6.1,B,5.0
14402,high,2,25.0,4.0,1.6,A,-100.0
14403,low,0,3.0,2.0,8.9,A,-18.1
14404,medium,5,20.0,5.0,8.9,A,-100.0
14405,high,1,17.0,3.0,1.2,A,-100.0
14406,high,2,3.0,3.0,9.3,C,-19.0
14407,none,1,3.0,50.0,9.0,A,15.0
14408,low,4,6.0,17.0,1.1,A,3.8
14409,medium,0,12.0,1.0,,D,
14410,high,0,3.0,3.0,9.4,C,-18.8
14411,medium,2,14.0,30.0,5.6,C,15.0
14412,medium,1,19.0,2.0,9.3,A,-100.0
14413,none,0,4.0,25.0,2.9,A,15.0
14414,low,3,4.0,27.0,3.3,A,15.0
14415,high,0,4.0,5.0,9.3,A,-16.4
14416,none,0,9.0,7.0,5.6,A,-100.0
14417,medium,0,6.0,7.0,8.8,A,-13.3
14418,none,1,5.0,6.0,1.1,A,-17.8
14419,low,2,3.0,27.0,9.4,A,15.0
14420,low,0,11.0,1.0,8.9,A,-100.0
14421,high,3,10.0,9.0,8.4,C,-19.2
14422,high,1,13.0,14.0,2.9,A,-16.5
14423,high,2,7.0,2.0,2.9,A,-100.0
14424,medium,1,18.0,4.0,1.0,B,-100.0
14425,high,0,4.0,39.0,9.5,A,15.0
14426,high,1,7.0,11.0,8.3,A,-9.6
14427,high,2,2.0,17.0,1.8,A,8.4
14428,medium,1,13.0,5.0,4.3,A,-100.0
14429,high,0,4.0,0.0,3.3,C,-100.0
14430,high,3,15.0,31.0,6.0,C,15.0
14431,high,2,13.0,0.0,9.3,A,-100.0
14432,high,0,7.0,2.0,8.2,D,-100.0
14433,high,3,1.0,10.0,8.3,A,-1.4
14434,low,0,2.0,2.0,8.1,A,-16.8
14435,none,0,23.0,29.0,8.6,B,2.8
14436,high,2,10.0,2.0,6.8,A,-100.0
14437,high,2,14.0,10.0,8.2,A,-100.0
14438,high,1,13.0,2.0,1.5,A,-100.0
14439,high,1,16.0,38.0,9.4,A,15.0
14440,none,1,12.0,21.0,8.2,B,5.0
14441,high,0,9.0,5.0,,D,
14442,medium,0,1.0,17.0,8.6,C,15.0
14443,high,2,8.0,14.0,2.0,A,-8.3
14444,low,2,9.0,3.0,8.1,B,-100.0
14445,low,1,,11.0,9.5,C,
14446,high,1,6.0,8.0,8.3,A,-14.2
14447,low,4,5.0,1.0,2.8,A,-100.0
14448,low,0,4.0,10.0,7.9,A,-3.6
14449,none,1,5.0,9.0,9.3,A,-7.4
14450,medium,1,16.0,0.0,4.1,B,-100.0
14451,medium,1,20.0,36.0,5.5,A,15.0
14452,medium,2,1.0,3.0,3.3,A,-15.9
14453,medium,0,10.0,3.0,1.1,A,-100.0
14454,none,1,8.0,8.0,4.8,A,-17.0
14455,medium,1,2.0,4.0,7.8,A,-13.2
14456,medium,1,6.0,8.0,8.1,C,-11.6
14457,medium,2,12.0,11.0,9.8,A,-15.1
14458,low,1,11.0,8.0,5.4,A,-100.0
14459,high,5,13.0,8.0,6.3,A,-100.0
14460,high,3,8.0,6.0,5.1,A,-100.0
14461,high,0,7.0,14.0,2.7,A,-6.0
14462,high,1,10.0,20.0,4.2,A,2.0
14463,high,0,7.0,14.0,8.4,A,-3.2
14464,medium,0,7.0,28.0,9.1,A,15.0
14465,none,2,21.0,11.0,3.2,C,-100.0
14466,,2,3.0,6.0,1.9,C,-14.0
14467,medium,1,4.0,1.0,4.6,A,-100.0
14468,low,2,2.0,8.0,9.8,A,-3.5
14469,high,1,7.0,14.0,9.6,C,-2.7
14470,low,3,8.0,7.0,8.2,C,-17.0
14471,low,3,7.0,7.0,4.2,B,-17.3
14472,medium,2,4.0,0.0,6.3,B,-100.0
14473,high,2,4.0,12.0,2.0,A,-5.5
14474,medium,2,3.0,4.0,1.7,D,-18.1
14475,medium,2,15.0,6.0,4.6,A,-100.0
14476,medium,2,10.0,2.0,8.2,A,-100.0
14477,none,0,3.0,25.0,5.5,B,15.0
14478,high,1,12.0,7.0,9.8,A,-100.0
14479,none,1,1.0,14.0,1.4,A,6.1
14480,high,2,29.0,9.0,3.6,A,-100.0
14481,high,0,13.0,20.0,8.0,A,-1.3
14482,low,0,2.0,2.0,2.9,A,-19.4
14483,low,2,11.0,2.0,3.2,A,-100.0
14484,none,3,2.0,50.0,4.2,B,15.0
14485,high,1,13.0,15.0,6.3,A,-12.7
14486,,0,16.0,11.0,9.2,A,-100.0
14487,high,0,11.0,23.0,8.1,A,8.6
14488,low,1,12.0,50.0,8.6,A,15.0
14489,high,0,17.0,3.0,3.0,A,-100.0
14490,high,3,5.0,10.0,5.4,A,-9.9
14491,medium,3,10.0,8.0,3.8,C,-100.0
14492,medium,0,32.0,9.0,4.2,C,-100.0
14493,high,0,2.0,8.0,8.4,A,-7.0
14494,medium,0,10.0,8.0,4.6,A,-100.0
14495,medium,2,6.0,6.0,4.5,A,-17.7
14496,low,4,7.0,3.0,1.8,A,-100.0
14497,none,4,17.0,8.0,8.9,D,-100.0
14498,low,2,5.0,12.0,1.1,C,-4.7
14499,medium,1,11.0,7.0,2.0,A,-100.0
14500,low,2,8.0,13.0,8.5,A,-4.2
14501,low,0,4.0,16.0,7.2,B,8.7
14502,high,0,9.0,17.0,3.5,A,-2.8
14503,low,0,18.0,2.0,8.2,C,-100.0
14504,high,2,5.0,4.0,2.2,C,-100.0
14505,high,1,8.0,8.0,3.8,A,-19.9
14506,none,2,6.0,2.0,9.8,A,-100.0
14507,low,0,22.0,11.0,9.5,C,-100.0
14508,medium,0,18.0,13.0,5.6,A,-100.0
14509,high,5,17.0,1.0,4.4,A,-100.0
14510,high,5,21.0,11.0,4.8,A,-100.0
14511,high,0,11.0,0.0,9.4,A,-100.0
14512,medium,1,7.0,4.0,8.2,C,-100.0
14513,low,1,17.0,6.0,9.8,A,-100.0
14514,medium,3,4.0,15.0,2.0,A,3.3
14515,,4,6.0,9.0,9.4,A,-9.4
14516,high,1,36.0,4.0,9.1,A,-100.0
14517,none,3,2.0,19.0,8.1,C,15.0
14518,low,1,4.0,26.0,8.4,A,15.0
14519,high,0,2.0,5.0,4.4,A,-15.3
14520,medium,0,13.0,26.0,9.1,A,14.5
14521,low,3,9.0,1.0,8.7,A,-100.0
14522,high,1,7.0,1.0,1.4,A,-100.0
14523,medium,1,26.0,2.0,8.2,C,-100.0
14524,high,2,8.0,28.0,2.1,D,15.0
14525,high,1,1.0,6.0,3.4,C,-12.1
14526,low,3,18.0,30.0,8.9,C,14.1
14527,low,0,5.0,5.0,6.2,A,-16.7
14528,high,2,3.0,1.0,4.1,A,-100.0
14529,high,0,5.0,15.0,9.1,A,2.8
14530,low,1,27.0,5.0,3.3,A,-100.0
14531,medium,6,17.0,6.0,1.8,A,-100.0
14532,high,3,14.0,0.0,1.9,A,-100.0
14533,low,2,10.0,9.0,5.8,A,-17.4
14534,medium,2,9.0,2.0,3.8,A,-100.0
14535,none,0,16.0,6.0,2.6,A,-100.0
14536,none,2,4.0,11.0,9.3,A,-1.6
14537,low,3,6.0,0.0,5.8,B,-100.0
14538,high,5,4.0,3.0,7.1,C,-100.0
14539,low,1,9.0,1.0,5.9,A,-100.0
14540,none,3,0.0,14.0,2.2,A,8.1
14541,low,1,4.0,31.0,1.1,B,15.0
14542,low,1,7.0,10.0,1.6,A,-12.1
14543,high,2,2.0,2.0,2.7,A,-100.0
14544,none,2,21.0,32.0,3.3,A,9.8
14545,high,5,15.0,22.0,8.8,A,-0.7
14546,low,2,15.0,5.0,9.2,B,-100.0
14547,none,1,22.0,15.0,2.0,C,-100.0
14548,medium,1,5.0,4.0,5.3,A,-19.7
14549,high,1,12.0,12.0,8.9,C,-16.0
14550,none,2,18.0,6.0,8.4,A,-100.0
14551,low,0,6.0,50.0,8.9,A,15.0
14552,none,2,20.0,8.0,7.5,A,-100.0
14553,none,1,14.0,0.0,7.4,A,-100.0
14554,none,0,10.0,2.0,1.7,B,-100.0
14555,medium,2,2.0,0.0,2.2,A,-100.0
14556,none,1,14.0,29.0,9.1,A,15.0
14557,low,1,11.0,10.0,6.8,A,-16.5
14558,none,3,4.0,8.0,9.8,B,-7.7
14559,high,1,6.0,5.0,6.2,C,-100.0
14560,none,0,16.0,50.0,9.1,A,15.0
14561,low,3,19.0,22.0,3.3,C,-7.2
14562,high,4,4.0,24.0,1.1,C,15.0
14563,high,2,1.0,1.0,5.0,A,-100.0
14564,none,2,25.0,23.0,5.9,A,-14.8
14565,medium,1,14.0,5.0,5.5,A,-100.0
14566,medium,3,6.0,7.0,7.7,A,-14.1
14567,low,3,11.0,0.0,1.6,A,-100.0
14568,low,2,13.0,14.0,3.5,A,-13.3
14569,low,3,14.0,5.0,2.5,B,-100.0
14570,low,4,7.0,2.0,9.8,D,-100.0
14571,low,2,34.0,22.0,2.3,C,-100.0
14572,medium,3,24.0,7.0,3.5,A,-100.0
14573,high,1,3.0,7.0,8.2,A,-11.1
14574,high,0,14.0,9.0,8.4,A,-100.0
14575,none,1,6.0,10.0,2.9,A,-10.3
14576,none,1,1.0,6.0,8.9,A,-6.9
14577,high,1,8.0,30.0,9.9,C,15.0
14578,low,1,7.0,48.0,3.0,A,15.0
14579,high,0,2.0,26.0,3.5,B,15.0
14580,low,1,6.0,28.0,3.0,A,15.0
14581,low,3,13.0,16.0,4.6,C,-8.7
14582,low,2,8.0,5.0,9.6,A,-100.0
14583,high,2,8.0,4.0,5.9,B,-100.0
14584,,2,5.0,3.0,9.1,A,-100.0
14585,high,2,27.0,3.0,9.0,A,-100.0
14586,medium,0,8.0,0.0,7.0,B,-100.0
14587,none,3,16.0,12.0,3.7,A,-100.0
14588,medium,1,8.0,6.0,9.1,A,-18.8
14589,high,1,2.0,19.0,10.0,B,15.0
14590,medium,2,6.0,16.0,3.4,A,2.7
14591,high,0,17.0,8.0,3.0,C,-100.0
14592,low,0,30.0,34.0,3.8,A,-0.7
14593,high,2,5.0,0.0,8.7,A,-100.0
14594,low,2,5.0,9.0,9.9,A,-6.6
14595,low,2,4.0,15.0,9.0,A,7.3
14596,medium,1,4.0,28.0,6.2,A,15.0
14597,high,0,1.0,1.0,8.4,A,-20.0
14598,,3,8.0,11.0,7.6,A,-9.5
14599,none,4,12.0,4.0,9.4,A,-100.0
14600,high,2,11.0,17.0,8.0,C,-4.3
14601,medium,3,18.0,10.0,3.7,A,-100.0
14602,low,1,4.0,12.0,1.6,A,-2.6
14603,high,2,16.0,9.0,4.2,A,-100.0
14604,medium,3,12.0,10.0,8.3,B,-18.1
14605,,3,2.0,0.0,9.4,C,-100.0
14606,low,3,3.0,13.0,8.9,C,4.7
14607,high,2,6.0,4.0,8.3,C,-100.0
14608,none,2,25.0,1.0,2.4,A,-100.0
14609,high,2,6.0,6.0,8.2,C,-18.5
14610,low,2,7.0,6.0,9.3,A,-16.7
14611,low,3,20.0,9.0,4.5,A,-100.0
14612,low,1,10.0,50.0,6.8,A,15.0
14613,low,4,6.0,10.0,4.8,A,-9.0
14614,high,3,15.0,40.0,9.4,A,15.0
14615,high,3,9.0,3.0,4.4,A,-100.0
14616,low,4,8.0,27.0,7.7,A,15.0
14617,high,1,18.0,4.0,9.3,C,-100.0
14618,high,2,9.0,14.0,9.1,A,-6.5
14619,low,2,6.0,4.0,9.6,A,-19.0
14620,none,1,5.0,8.0,3.4,A,-12.5
14621,high,1,4.0,5.0,3.9,A,-19.2
14622,high,1,24.0,5.0,8.9,A,-100.0
14623,low,2,10.0,16.0,4.2,A,-3.5
14624,medium,0,12.0,6.0,1.4,A,-100.0
14625,high,2,7.0,6.0,6.6,A,-100.0
14626,medium,2,10.0,6.0,6.0,C,-100.0
14627,medium,2,4.0,50.0,1.6,A,15.0
14628,high,1,27.0,15.0,9.4,B,-100.0
14629,low,1,25.0,15.0,1.7,A,-100.0
14630,low,1,7.0,1.0,8.1,A,-100.0
14631,low,2,12.0,20.0,9.2,A,3.9
14632,low,2,2.0,14.0,9.6,A,9.0
14633,medium,0,11.0,10.0,9.7,A,-15.3
14634,medium,1,6.0,8.0,6.3,A,-12.6
14635,high,2,8.0,19.0,9.7,A,6.0
14636,none,1,10.0,50.0,9.5,D,15.0
14637,low,2,6.0,4.0,9.2,B,-19.2
14638,none,3,14.0,9.0,9.2,B,-100.0
14639,medium,2,38.0,1.0,1.5,A,-100.0
14640,medium,2,5.0,1.0,8.3,A,-100.0
14641,low,1,5.0,1.0,9.2,A,-100.0
14642,medium,0,13.0,13.0,3.0,A,-15.9
14643,low,2,5.0,5.0,1.4,B,-19.3
14644,,1,17.0,16.0,1.7,C,-17.5
14645,high,2,5.0,1.0,7.0,A,-100.0
14646,high,2,18.0,15.0,3.5,B,-100.0
14647,none,1,5.0,4.0,2.9,A,-100.0
14648,medium,2,6.0,5.0,6.6,A,-18.8
14649,high,1,18.0,3.0,8.3,C,-100.0
14650,medium,0,8.0,0.0,5.1,A,-100.0
14651,high,0,11.0,18.0,4.5,A,-3.7
14652,none,2,8.0,4.0,9.5,C,-100.0
14653,high,0,9.0,12.0,5.6,A,-12.3
14654,medium,1,1.0,4.0,1.2,B,-14.8
14655,none,1,5.0,2.0,8.7,D,-100.0
14656,low,1,6.0,8.0,7.9,A,-11.4
14657,low,0,13.0,6.0,8.6,A,-100.0
14658,low,0,8.0,10.0,8.2,C,-10.4
14659,none,0,18.0,6.0,9.8,A,-100.0
14660,high,3,4.0,46.0,8.3,A,15.0
14661,low,1,11.0,5.0,9.6,A,-100.0
14662,high,2,13.0,35.0,2.6,A,15.0
14663,medium,2,10.0,8.0,2.7,A,-100.0
14664,medium,0,6.0,15.0,6.5,A,2.3
14665,low,1,15.0,48.0,9.7,B,15.0
14666,none,3,9.0,4.0,2.6,A,-100.0
14667,low,0,3.0,6.0,7.3,B,-10.5
14668,high,0,16.0,19.0,8.2,A,-8.5
14669,medium,0,3.0,4.0,8.3,A,-14.6
14670,high,0,13.0,18.0,3.5,A,-7.7
14671,high,2,18.0,3.0,6.9,A,-100.0
14672,medium,2,17.0,15.0,8.3,A,-16.2
14673,high,0,5.0,12.0,6.4,A,-4.9
14674,high,3,19.0,4.0,8.2,A,-100.0
14675,high,1,14.0,26.0,1.6,A,6.3
14676,high,1,23.0,3.0,9.2,A,-100.0
14677,high,2,3.0,2.0,9.0,C,-100.0
14678,low,1,9.0,7.0,9.3,A,-18.0
14679,high,3,22.0,11.0,1.2,A,-100.0
14680,low,2,4.0,6.0,1.5,A,-15.4
14681,medium,2,7.0,1.0,9.7,C,-100.0
14682,none,1,23.0,1.0,9.2,B,-100.0
14683,high,3,7.0,4.0,1.6,B,-100.0
14684,medium,0,25.0,1.0,8.7,B,-100.0
14685,medium,4,14.0,41.0,1.5,A,15.0
14686,low,1,7.0,25.0,8.2,D,15.0
14687,low,4,13.0,1.0,4.6,A,-100.0
14688,none,0,4.0,7.0,3.3,A,-12.8
14689,high,1,9.0,3.0,8.7,C,-100.0
14690,medium,1,6.0,0.0,8.7,C,-100.0
14691,high,0,4.0,10.0,5.4,C,-7.8
14692,medium,3,5.0,2.0,3.8,A,-100.0
14693,medium,3,19.0,11.0,3.4,A,-100.0
14694,medium,1,8.0,9.0,5.5,A,-14.3
14695,low,3,3.0,22.0,6.7,A,15.0
14696,medium,1,5.0,11.0,8.7,B,-3.3
14697,low,2,31.0,28.0,1.1,A,-16.6
14698,low,4,19.0,17.0,7.9,A,-15.5
14699,low,0,13.0,9.0,7.9,A,-100.0
14700,high,0,26.0,9.0,3.8,A,-100.0
14701,low,3,16.0,18.0,6.6,A,-8.7
14702,medium,1,7.0,2.0,9.9,A,-100.0
14703,low,0,6.0,11.0,9.8,A,-4.0
14704,high,0,3.0,13.0,1.2,A,-1.9
14705,high,1,7.0,19.0,9.0,A,7.5
14706,high,0,1.0,23.0,9.9,A,15.0
14707,medium,3,17.0,19.0,8.7,A,-7.7
14708,low,4,20.0,5.0,9.9,B,-100.0
14709,medium,2,4.0,1.0,4.2,A,-100.0
14710,medium,2,10.0,10.0,8.9,A,-14.2
14711,none,1,5.0,0.0,8.8,A,-100.0
14712,high,0,16.0,13.0,1.1,A,-100.0
14713,low,5,,7.0,7.5,C,
14714,medium,1,4.0,15.0,2.3,A,3.7
14715,high,2,4.0,0.0,9.8,B,-100.0
14716,high,3,7.0,20.0,6.8,D,8.3
14717,low,0,4.0,16.0,9.4,A,9.8
14718,medium,0,4.0,6.0,7.7,A,-12.4
14719,low,0,5.0,2.0,9.7,A,-100.0
14720,low,3,15.0,50.0,5.7,A,15.0
14721,high,1,17.0,3.0,3.7,A,-100.0
14722,high,0,5.0,15.0,9.7,B,3.1
14723,high,2,8.0,3.0,7.0,A,-100.0
14724,high,2,6.0,23.0,3.1,C,14.6
14725,none,2,2.0,10.0,8.1,C,-0.8
14726,high,1,17.0,17.0,7.6,A,-14.9
14727,high,1,28.0,4.0,5.1,C,-100.0
14728,high,0,15.0,21.0,1.7,A,-5.8
14729,high,1,1.0,47.0,3.1,A,15.0
14730,,1,5.0,3.0,4.4,A,-100.0
14731,low,2,5.0,0.0,2.6,A,-100.0
14732,medium,4,33.0,2.0,4.2,A,-100.0
14733,low,0,9.0,3.0,9.0,D,-100.0
14734,medium,0,7.0,1.0,2.0,A,-100.0
14735,,0,11.0,13.0,1.7,A,-13.2
14736,none,2,13.0,9.0,7.3,A,-100.0
14737,none,1,1.0,15.0,3.0,D,9.0
14738,high,5,18.0,7.0,7.5,B,-100.0
14739,low,2,18.0,5.0,1.2,B,-100.0
14740,high,0,14.0,25.0,6.4,A,6.7
14741,high,1,5.0,9.0,9.2,A,-9.9
14742,medium,1,15.0,0.0,9.4,A,-100.0
14743,high,2,9.0,21.0,2.6,A,4.9
14744,low,1,9.0,10.0,2.0,B,-15.4
14745,high,2,3.0,50.0,2.0,A,15.0
14746,medium,2,1.0,14.0,5.5,A,8.3
14747,low,2,4.0,9.0,9.0,A,-5.3
14748,medium,4,11.0,10.0,1.4,A,-19.9
14749,medium,0,5.0,10.0,5.2,A,-7.1
14750,medium,4,7.0,4.0,9.0,A,-100.0
14751,none,0,4.0,15.0,7.9,B,6.3
14752,medium,2,2.0,4.0,9.3,C,-12.6
14753,none,0,15.0,1.0,2.3,A,-100.0
14754,medium,1,32.0,3.0,3.6,D,-100.0
14755,high,0,9.0,2.0,6.8,A,-100.0
14756,high,1,9.0,7.0,4.6,A,-100.0
14757,low,2,2.0,11.0,9.9,A,2.8
14758,none,1,17.0,22.0,2.3,A,-4.6
14759,high,1,7.0,3.0,8.1,D,-100.0
14760,high,1,8.0,1.0,8.5,A,-100.0
14761,high,1,,4.0,5.4,C,
14762,high,2,5.0,13.0,8.1,A,-2.1
14763,none,0,8.0,50.0,9.6,B,15.0
14764,high,2,6.0,23.0,3.9,D,15.0
14765,high,1,13.0,15.0,8.8,A,-11.5
14766,medium,1,22.0,10.0,9.0,A,-100.0
14767,high,1,21.0,3.0,8.5,A,-100.0
14768,high,2,8.0,9.0,8.3,C,-15.7
14769,low,4,11.0,7.0,1.6,A,-100.0
14770,high,1,7.0,25.0,8.7,C,15.0
14771,high,2,10.0,13.0,8.7,A,-10.6
14772,low,3,14.0,12.0,8.8,A,-16.7
14773,low,1,5.0,50.0,2.1,A,15.0
14774,low,2,7.0,25.0,6.0,A,15.0
14775,none,0,13.0,0.0,5.7,A,-100.0
14776,high,0,8.0,8.0,8.8,A,-17.3
14777,none,1,4.0,10.0,3.6,A,-6.4
14778,medium,3,6.0,20.0,3.6,B,11.1
14779,none,1,6.0,6.0,9.8,A,-15.2
14780,high,3,3.0,2.0,1.6,B,-100.0
14781,high,3,2.0,3.0,9.7,A,-17.2
14782,medium,2,12.0,10.0,6.1,A,-19.0
14783,none,1,8.0,36.0,9.7,C,15.0
14784,medium,0,8.0,4.0,9.5,C,-100.0
14785,low,3,8.0,2.0,5.5,A,-100.0
14786,low,1,6.0,23.0,1.5,A,15.0
14787,low,0,9.0,20.0,5.1,C,7.3
14788,low,1,29.0,22.0,7.0,B,-100.0
14789,high,1,2.0,3.0,2.1,C,-100.0
14790,low,0,1.0,12.0,9.8,A,6.8
14791,medium,2,5.0,14.0,2.0,C,-0.5
14792,medium,2,15.0,14.0,1.2,A,-18.4
14793,low,4,4.0,12.0,8.6,A,0.6
14794,high,0,6.0,12.0,9.8,A,-4.9
14795,low,1,6.0,1.0,9.9,C,-100.0
14796,low,4,10.0,19.0,8.5,A,4.7
14797,high,0,14.0,6.0,9.9,A,-100.0
14798,low,1,9.0,3.0,2.6,A,-100.0
14799,low,0,7.0,6.0,2.8,A,-19.8
14800,low,0,12.0,5.0,9.1,A,-100.0
14801,medium,3,9.0,31.0,6.8,C,15.0
14802,medium,1,7.0,15.0,4.3,A,-0.6
14803,high,1,11.0,1.0,3.6,C,-100.0
14804,none,2,5.0,8.0,3.3,B,-12.6
14805,none,2,12.0,11.0,1.8,C,-19.3
14806,low,0,17.0,5.0,8.4,A,-100.0
14807,medium,3,11.0,17.0,9.2,A,-1.1
14808,high,2,12.0,16.0,8.0,C,-8.1
14809,high,1,12.0,3.0,3.2,D,-100.0
14810,high,0,6.0,16.0,7.1,D,2.1
14811,,1,7.0,3.0,1.8,C,-100.0
14812,none,5,7.0,10.0,9.7,A,-9.0
14813,medium,1,14.0,10.0,9.7,C,-100.0
14814,none,3,1.0,2.0,8.5,A,-15.7
14815,high,2,6.0,29.0,1.1,A,15.0
14816,low,1,5.0,5.0,4.9,A,-17.4
14817,high,1,6.0,18.0,9.0,B,7.2
14818,high,0,17.0,2.0,2.2,B,-100.0
14819,low,1,7.0,5.0,3.0,A,-100.0
14820,low,2,15.0,19.0,1.8,A,-7.2
14821,high,2,9.0,22.0,9.2,A,10.3
14822,medium,2,8.0,43.0,9.3,A,15.0
14823,none,2,4.0,11.0,9.6,B,-1.4
14824,high,1,5.0,6.0,6.5,A,-17.5
14825,low,1,11.0,12.0,3.5,C,-13.9
14826,medium,1,6.0,10.0,5.6,A,-8.7
14827,low,2,5.0,17.0,8.4,A,9.4
14828,none,0,6.0,27.0,2.3,A,15.0
14829,medium,1,12.0,19.0,8.1,A,0.9
14830,high,0,8.0,6.0,9.6,A,-100.0
14831,medium,0,3.0,9.0,3.2,A,-6.6
14832,high,2,12.0,11.0,7.3,B,-19.0
14833,high,1,33.0,22.0,9.4,A,-100.0
14834,high,1,8.0,8.0,3.4,A,-100.0
14835,high,1,5.0,5.0,6.9,C,-19.4
14836,none,1,11.0,8.0,9.1,C,-100.0
14837,low,2,13.0,13.0,9.2,C,-12.6
14838,,0,5.0,12.0,9.1,B,-1.1
14839,high,1,8.0,7.0,4.6,A,-100.0
14840,high,0,11.0,25.0,8.1,A,12.8
14841,low,0,5.0,14.0,9.4,C,3.8
14842,high,3,10.0,9.0,5.9,B,-100.0
14843,medium,3,14.0,50.0,2.0,A,15.0
14844,medium,1,8.0,17.0,2.1,A,0.8
14845,none,3,6.0,32.0,4.8,A,15.0
14846,low,2,12.0,4.0,9.8,A,-100.0
14847,medium,1,25.0,5.0,9.6,A,-100.0
14848,high,1,2.0,6.0,3.5,A,-13.8
14849,medium,0,27.0,0.0,3.0,A,-100.0
14850,high,2,1.0,11.0,8.3,A,0.8
14851,high,4,6.0,17.0,9.6,A,5.1
14852,low,1,22.0,7.0,8.7,A,-100.0
14853,medium,2,10.0,14.0,8.3,A,-6.0
14854,high,0,10.0,30.0,8.9,C,15.0
14855,medium,0,6.0,9.0,6.4,C,-10.3
14856,low,0,21.0,24.0,4.7,A,-5.5
14857,low,3,18.0,8.0,9.9,A,-100.0
14858,medium,1,27.0,5.0,1.9,A,-100.0
14859,none,1,26.0,6.0,7.8,A,-100.0
14860,medium,0,15.0,4.0,5.9,A,-100.0
14861,none,2,5.0,12.0,4.0,B,-3.9
14862,medium,2,18.0,20.0,1.5,A,-10.8
14863,medium,4,3.0,9.0,9.5,A,-3.9
14864,medium,0,7.0,18.0,9.6,A,8.4
14865,high,5,8.0,17.0,9.0,A,1.2
14866,medium,0,8.0,8.0,9.9,B,-14.2
14867,medium,1,7.0,9.0,3.9,D,-13.4
14868,medium,1,24.0,8.0,8.9,C,-100.0
14869,low,0,3.0,11.0,8.5,A,0.6
14870,low,0,15.0,9.0,8.1,A,-100.0
14871,medium,3,2.0,44.0,9.7,C,15.0
14872,low,2,12.0,2.0,5.4,A,-100.0
14873,none,0,11.0,14.0,2.5,A,-10.7
14874,low,1,3.0,22.0,7.4,C,15.0
14875,low,1,20.0,4.0,4.5,A,-100.0
14876,none,2,10.0,3.0,3.3,A,-100.0
14877,none,1,3.0,25.0,8.3,A,15.0
14878,low,1,2.0,13.0,9.6,A,7.0
14879,medium,3,1.0,7.0,,A,
14880,medium,2,4.0,13.0,8.8,C,2.6
14881,medium,0,7.0,3.0,4.1,A,-100.0
14882,none,1,6.0,9.0,4.3,A,-11.7
14883,none,0,8.0,16.0,9.1,A,2.0
14884,none,1,5.0,2.0,8.9,C,-100.0
14885,high,2,3.0,6.0,1.8,A,-16.5
14886,high,2,3.0,22.0,8.2,B,15.0
14887,low,1,12.0,8.0,9.5,C,-100.0
14888,high,1,9.0,48.0,8.7,C,15.0
14889,high,3,4.0,6.0,1.9,A,-18.3
14890,high,1,9.0,4.0,8.6,A,-100.0
14891,high,2,5.0,34.0,8.6,A,15.0
14892,low,2,13.0,11.0,8.4,A,-17.2
14893,low,3,15.0,19.0,8.6,A,-3.9
14894,medium,3,16.0,16.0,7.3,C,-12.9
14895,none,1,5.0,15.0,3.2,A,2.1
14896,low,2,14.0,11.0,9.8,B,-18.2
14897,low,0,3.0,6.0,8.8,A,-9.8
14898,high,0,,17.0,2.1,C,
14899,medium,1,19.0,7.0,1.8,A,-100.0
14900,high,1,7.0,8.0,8.2,A,-16.0
14901,,2,16.0,14.0,8.5,A,-16.7
14902,high,2,10.0,4.0,3.3,A,-100.0
14903,medium,2,2.0,16.0,3.1,A,9.6
14904,high,1,,1.0,4.3,C,
14905,medium,0,8.0,11.0,9.1,A,-8.3
14906,high,1,3.0,1.0,9.6,D,-100.0
14907,high,2,8.0,11.0,8.8,A,-11.2
14908,medium,1,34.0,32.0,6.7,A,-10.9
14909,low,1,20.0,0.0,8.7,A,-100.0
14910,medium,3,11.0,29.0,5.6,C,15.0
14911,high,0,4.0,4.0,3.9,A,-100.0
14912,high,0,10.0,29.0,1.3,A,15.0
14913,low,0,6.0,1.0,8.5,A,-100.0
14914,high,1,10.0,12.0,3.1,C,-15.4
14915,low,3,3.0,15.0,1.4,A,5.1
14916,low,1,13.0,35.0,7.9,A,15.0
14917,low,1,14.0,3.0,7.2,C,-100.0
14918,high,1,3.0,11.0,2.8,A,-5.4
14919,medium,3,9.0,11.0,8.3,A,-10.7
14920,medium,3,4.0,18.0,3.3,A,10.2
14921,none,2,24.0,4.0,3.2,A,-100.0
14922,low,1,10.0,4.0,8.6,A,-100.0
14923,high,3,,22.0,6.8,C,
14924,high,2,8.0,4.0,9.3,C,-100.0
14925,none,1,4.0,3.0,4.2,A,-100.0
14926,medium,0,3.0,2.0,9.2,A,-18.4
14927,medium,0,7.0,1.0,8.5,A,-100.0
14928,low,3,1.0,3.0,9.2,A,-12.7
14929,none,5,9.0,5.0,9.5,A,-100.0
14930,low,1,4.0,5.0,9.5,B,-13.4
14931,medium,2,5.0,1.0,4.4,A,-100.0
14932,none,0,9.0,2.0,8.2,A,-100.0
14933,high,1,14.0,19.0,4.5,C,-7.0
14934,high,2,2.0,2.0,9.0,C,-19.5
14935,high,0,8.0,19.0,9.5,C,6.1
14936,none,1,9.0,2.0,9.6,A,-100.0
14937,medium,1,9.0,3.0,8.6,A,-100.0
14938,medium,2,15.0,14.0,8.5,A,-14.7
14939,low,3,16.0,0.0,2.6,A,-100.0
14940,medium,1,13.0,3.0,7.0,A,-100.0
14941,high,2,13.0,33.0,1.7,A,15.0
14942,medium,1,,2.0,6.5,C,
14943,none,4,8.0,5.0,8.4,A,-100.0
14944,high,1,7.0,8.0,3.0,C,-18.6
14945,low,1,2.0,15.0,9.2,A,11.0
14946,high,3,7.0,2.0,7.2,A,-100.0
14947,none,1,12.0,32.0,9.3,A,15.0
14948,low,1,14.0,4.0,2.6,A,-100.0
14949,high,1,7.0,34.0,5.4,A,15.0
14950,high,1,26.0,5.0,6.8,A,-100.0
14951,high,0,13.0,10.0,9.9,A,-100.0
14952,low,4,4.0,2.0,9.5,A,-20.0
14953,high,1,2.0,1.0,6.0,A,-100.0
14954,high,3,10.0,9.0,9.2,B,-18.8
14955,high,3,3.0,7.0,4.5,A,-13.1
14956,high,3,21.0,8.0,7.6,A,-100.0
14957,medium,3,13.0,16.0,5.4,A,-8.6
14958,none,3,7.0,11.0,8.7,A,-7.2
14959,high,3,20.0,11.0,5.7,A,-100.0
14960,medium,4,4.0,11.0,7.5,A,-2.5
14961,medium,1,5.0,14.0,3.7,D,0.5
14962,high,1,8.0,13.0,9.0,A,-6.8
14963,low,2,4.0,2.0,8.8,A,-100.0
14964,low,2,18.0,10.0,1.6,B,-100.0
14965,low,0,10.0,8.0,9.5,A,-17.5
14966,high,0,13.0,7.0,8.8,C,-100.0
14967,medium,0,18.0,3.0,7.0,A,-100.0
14968,high,2,2.0,3.0,1.3,A,-100.0
14969,medium,2,14.0,1.0,2.1,A,-100.0
14970,medium,0,4.0,11.0,1.4,A,-5.1
14971,medium,4,5.0,22.0,9.7,A,15.0
14972,low,0,13.0,4.0,2.9,A,-100.0
14973,high,1,9.0,4.0,8.6,B,-100.0
14974,high,2,6.0,3.0,8.2,C,-100.0
14975,medium,0,3.0,4.0,1.9,A,-17.8
14976,medium,3,21.0,2.0,2.9,A,-100.0
14977,high,2,5.0,50.0,2.7,A,15.0
14978,,2,16.0,14.0,8.1,A,-16.9
14979,none,0,14.0,2.0,8.0,C,-100.0
14980,low,1,20.0,1.0,8.4,A,-100.0
14981,high,5,12.0,13.0,1.2,A,-18.1
14982,low,0,11.0,6.0,2.2,B,-100.0
14983,medium,1,22.0,2.0,2.9,A,-100.0
14984,low,2,28.0,1.0,4.6,A,-100.0
14985,low,1,7.0,14.0,2.0,A,-3.5
14986,low,0,8.0,3.0,9.9,A,-100.0
14987,medium,3,3.0,0.0,8.7,A,-100.0
14988,high,2,11.0,17.0,8.6,A,-4.0
14989,medium,1,4.0,10.0,8.3,A,-3.9
14990,medium,2,8.0,40.0,1.8,A,15.0
14991,medium,3,3.0,5.0,4.4,B,-14.7
14992,high,2,11.0,2.0,8.3,A,-100.0
14993,high,1,13.0,4.0,4.3,C,-100.0
14994,none,1,6.0,1.0,2.4,D,-100.0
14995,low,1,10.0,1.0,2.8,A,-100.0
14996,,0,4.0,17.0,8.5,A,10.8
14997,high,1,5.0,6.0,8.8,D,-16.4
14998,high,1,12.0,5.0,9.6,A,-100.0
14999,none,1,8.0,36.0,4.2,A,15.0
15000,high,0,9.0,42.0,4.5,A,15.0
15001,medium,2,15.0,0.0,1.4,A,-100.0
15002,medium,1,4.0,15.0,8.1,A,6.5
15003,high,0,8.0,11.0,6.2,A,-12.3
15004,medium,1,22.0,10.0,4.5,A,-100.0
15005,low,0,8.0,50.0,8.7,A,15.0
15006,none,1,21.0,1.0,4.4,D,-100.0
15007,low,2,3.0,10.0,8.1,C,-1.9
15008,high,2,7.0,8.0,1.1,B,-19.6
15009,high,1,36.0,23.0,3.6,A,-100.0
15010,medium,1,3.0,21.0,4.2,A,15.0
15011,low,2,8.0,17.0,7.0,A,3.5
15012,high,1,4.0,7.0,8.1,A,-12.9
15013,low,0,3.0,18.0,3.4,C,12.7
15014,low,2,8.0,50.0,6.6,A,15.0
15015,none,1,5.0,20.0,2.4,A,12.2
15016,none,3,21.0,3.0,3.4,A,-100.0
15017,low,3,18.0,10.0,10.0,B,-100.0
15018,high,1,23.0,6.0,3.2,A,-100.0
15019,low,2,21.0,25.0,8.2,A,-1.9
15020,high,2,2.0,13.0,8.0,B,3.1
15021,medium,6,3.0,13.0,9.5,A,4.3
15022,low,0,9.0,7.0,2.4,C,-100.0
15023,low,0,1.0,15.0,2.4,A,9.4
15024,none,0,22.0,11.0,9.6,A,-100.0
15025,none,2,13.0,3.0,8.7,A,-100.0
15026,high,2,4.0,4.0,8.5,C,-19.1
15027,low,1,28.0,17.0,8.5,B,-100.0
15028,medium,1,17.0,11.0,4.1,D,-100.0
15029,low,1,22.0,2.0,1.7,A,-100.0
15030,,3,1.0,12.0,4.9,A,3.5
15031,none,1,9.0,10.0,4.4,A,-14.8
15032,medium,1,4.0,7.0,2.7,A,-12.9
15033,none,1,3.0,5.0,3.1,A,-15.4
15034,low,0,7.0,16.0,1.3,B,0.5
15035,none,4,10.0,4.0,4.4,A,-100.0
15036,high,1,7.0,7.0,9.0,C,-17.7
15037,high,0,16.0,32.0,7.0,A,15.0
15038,high,0,2.0,29.0,8.7,A,15.0
15039,high,2,12.0,12.0,9.1,B,-16.0
15040,low,3,6.0,8.0,8.4,A,-11.3
15041,none,4,,16.0,1.4,C,
15042,medium,1,4.0,4.0,4.2,A,-18.5
15043,none,1,6.0,3.0,9.7,C,-100.0
15044,none,2,10.0,15.0,9.7,C,-3.5
15045,high,4,33.0,2.0,4.3,A,-100.0
15046,high,2,8.0,26.0,8.2,A,15.0
15047,low,1,13.0,7.0,1.2,A,-100.0
15048,high,3,11.0,15.0,2.6,C,-11.3
15049,none,2,,50.0,2.5,C,
15050,none,1,4.0,21.0,8.6,A,15.0
15051,none,1,6.0,12.0,9.9,D,-2.6
15052,high,4,12.0,10.0,7.9,A,-100.0
15053,medium,1,7.0,4.0,5.7,C,-100.0
15054,high,3,1.0,10.0,9.1,A,-1.0
15055,high,1,6.0,39.0,1.4,A,15.0
15056,low,0,9.0,2.0,8.6,A,-100.0
15057,low,3,8.0,13.0,5.1,A,-6.0
15058,low,2,11.0,25.0,4.8,A,13.9
15059,high,4,1.0,46.0,8.2,A,15.0
15060,medium,1,4.0,4.0,6.1,A,-17.5
15061,none,1,12.0,7.0,9.6,A,-100.0
15062,none,4,38.0,2.0,9.1,A,-100.0
15063,medium,2,18.0,4.0,9.3,A,-100.0
15064,high,2,17.0,24.0,7.1,A,-0.5
15065,low,2,11.0,3.0,4.3,C,-100.0
15066,low,0,5.0,12.0,6.6,A,-1.8
15067,low,2,9.0,4.0,6.7,A,-100.0
15068,low,0,1.0,15.0,3.4,A,9.9
15069,high,2,12.0,0.0,8.9,A,-100.0
15070,medium,2,4.0,31.0,9.9,A,15.0
15071,low,0,5.0,10.0,5.3,A,-6.6
15072,medium,0,16.0,13.0,2.7,A,-100.0
15073,low,1,8.0,0.0,8.3,A,-100.0
15074,,1,15.0,1.0,5.0,A,-100.0
15075,high,1,31.0,0.0,7.4,A,-100.0
15076,low,3,9.0,3.0,7.5,A,-100.0
15077,medium,2,2.0,31.0,5.6,A,15.0
15078,medium,5,21.0,6.0,9.6,B,-100.0
15079,high,1,19.0,16.0,4.1,A,-100.0
15080,medium,2,10.0,22.0,8.6,A,10.9
15081,low,4,16.0,4.0,3.2,C,-100.0
15082,none,1,5.0,30.0,2.7,A,15.0
15083,none,1,5.0,1.0,9.0,C,-100.0
15084,medium,1,13.0,19.0,8.8,A,-0.5
15085,high,1,5.0,20.0,5.8,A,11.5
15086,medium,3,6.0,2.0,9.1,B,-100.0
15087,medium,0,12.0,0.0,4.1,A,-100.0
15088,medium,0,4.0,5.0,5.3,C,-15.8
15089,high,1,6.0,17.0,8.2,A,4.7
15090,low,2,12.0,11.0,2.7,A,-18.3
15091,high,1,7.0,1.0,5.2,B,-100.0
15092,low,1,14.0,16.0,8.4,A,-8.3
15093,none,1,9.0,2.0,9.4,A,-100.0
15094,medium,2,2.0,4.0,8.0,C,-13.2
15095,high,0,11.0,5.0,7.1,A,-100.0
15096,medium,2,12.0,6.0,9.3,A,-100.0
15097,low,2,11.0,13.0,8.7,B,-9.3
15098,medium,0,25.0,5.0,9.3,A,-100.0
15099,high,5,7.0,6.0,4.0,A,-100.0
15100,high,2,15.0,10.0,10.0,A,-100.0
15101,high,2,8.0,1.0,6.2,A,-100.0
15102,none,0,9.0,3.0,,D,
15103,low,2,16.0,7.0,5.3,C,-100.0
15104,high,3,14.0,11.0,1.1,A,-100.0
15105,high,2,15.0,1.0,9.0,A,-100.0
15106,high,1,15.0,2.0,8.8,C,-100.0
15107,medium,2,3.0,3.0,9.6,A,-16.2
15108,high,0,5.0,15.0,9.1,A,2.8
15109,,1,9.0,6.0,5.1,A,-100.0
15110,high,0,6.0,13.0,4.8,A,-5.3
15111,,0,4.0,26.0,9.3,A,15.0
15112,medium,2,20.0,9.0,6.7,A,-100.0
15113,high,0,11.0,12.0,8.6,A,-14.3
15114,low,1,16.0,7.0,8.1,C,-100.0
15115,low,1,,40.0,2.3,C,
15116,high,1,14.0,14.0,1.1,D,-19.2
15117,low,1,18.0,3.0,9.0,A,-100.0
15118,low,1,17.0,10.0,4.7,A,-100.0
15119,high,3,32.0,44.0,9.4,C,15.0
15120,high,1,9.0,2.0,3.6,A,-100.0
15121,high,0,18.0,4.0,8.5,D,-100.0
15122,none,1,2.0,23.0,8.1,A,15.0
15123,high,5,5.0,8.0,6.1,A,-13.9
15124,high,3,11.0,0.0,6.1,C,-100.0
15125,high,2,8.0,7.0,4.4,A,-100.0
15126,medium,2,3.0,18.0,8.4,A,14.7
15127,low,0,8.0,2.0,5.6,A,-100.0
15128,none,0,9.0,0.0,3.3,A,-100.0
15129,medium,0,3.0,6.0,9.9,A,-9.6
15130,high,3,12.0,27.0,6.4,A,14.1
15131,high,1,4.0,23.0,5.6,A,15.0
15132,low,2,13.0,18.0,6.7,A,-3.3
15133,none,3,13.0,5.0,10.0,A,-100.0
15134,medium,3,6.0,3.0,1.6,C,-100.0
15135,high,1,14.0,12.0,4.7,A,-100.0
15136,low,2,7.0,6.0,5.1,A,-18.8
15137,high,2,18.0,4.0,9.5,A,-100.0
15138,medium,1,16.0,9.0,1.7,B,-100.0
15139,medium,1,12.0,10.0,4.3,A,-19.8
15140,high,1,6.0,15.0,7.6,D,0.2
15141,low,1,7.0,6.0,3.2,B,-19.7
15142,high,2,8.0,17.0,8.6,A,1.3
15143,medium,0,5.0,11.0,8.7,A,-3.2
15144,low,2,9.0,28.0,4.3,C,15.0
15145,low,1,8.0,1.0,8.8,A,-100.0
15146,low,1,24.0,14.0,9.5,A,-100.0
15147,high,3,26.0,10.0,9.6,D,-100.0
15148,high,2,5.0,15.0,4.6,A,0.3
15149,medium,1,2.0,12.0,3.4,A,1.4
15150,low,2,11.0,6.0,7.4,A,-100.0
15151,low,2,15.0,3.0,7.2,A,-100.0
15152,low,3,8.0,7.0,9.0,A,-16.6
15153,low,2,6.0,23.0,7.6,A,15.0
15154,high,2,10.0,18.0,8.3,B,-0.3
15155,medium,2,13.0,24.0,7.3,A,9.2
15156,low,1,22.0,20.0,3.8,A,-16.2
15157,low,1,14.0,2.0,9.0,A,-100.0
15158,high,2,12.0,24.0,8.3,C,8.8
15159,low,2,9.0,10.0,2.6,A,-15.2
15160,high,1,12.0,2.0,1.4,A,-100.0
15161,medium,1,24.0,6.0,9.8,A,-100.0
15162,medium,2,7.0,26.0,2.3,D,15.0
15163,none,2,21.0,0.0,3.4,A,-100.0
15164,high,0,7.0,12.0,6.4,A,-8.4
15165,high,1,8.0,17.0,8.9,A,1.5
15166,low,0,6.0,27.0,8.4,A,15.0
15167,low,2,22.0,0.0,9.1,A,-100.0
15168,none,2,10.0,17.0,3.7,A,-2.3
15169,high,2,10.0,17.0,4.3,A,-4.4
15170,none,3,29.0,50.0,9.9,C,15.0
15171,high,5,6.0,3.0,8.2,A,-100.0
15172,high,0,15.0,1.0,7.1,A,-100.0
15173,medium,2,24.0,8.0,6.6,D,-100.0
15174,none,2,3.0,3.0,2.6,A,-20.0
15175,none,0,5.0,13.0,1.3,A,-2.9
15176,medium,1,11.0,0.0,5.7,A,-100.0
15177,low,0,4.0,0.0,9.2,A,-100.0
15178,low,3,29.0,5.0,9.3,B,-100.0
15179,low,0,3.0,1.0,8.3,A,-100.0
15180,high,3,1.0,26.0,9.8,A,15.0
15181,medium,0,22.0,2.0,4.4,C,-100.0
15182,low,1,15.0,6.0,9.5,A,-100.0
15183,high,1,30.0,50.0,7.3,C,15.0
15184,high,2,17.0,22.0,8.9,A,-3.8
15185,low,1,15.0,6.0,8.5,B,-100.0
15186,low,3,11.0,2.0,9.9,C,-100.0
15187,low,1,19.0,9.0,2.5,A,-100.0
15188,low,2,4.0,10.0,3.8,A,-5.8
15189,medium,5,7.0,8.0,1.8,B,-16.9
15190,low,5,6.0,8.0,7.4,B,-12.0
15191,high,0,10.0,5.0,4.8,A,-100.0
15192,medium,3,8.0,5.0,9.8,C,-100.0
15193,none,2,6.0,17.0,3.4,A,4.6
15194,high,0,34.0,26.0,9.6,A,-100.0
15195,none,1,3.0,1.0,6.8,A,-100.0
15196,medium,1,10.0,1.0,8.5,A,-100.0
15197,high,2,2.0,4.0,7.6,C,-16.0
15198,high,2,13.0,35.0,2.5,A,15.0
15199,low,0,8.0,10.0,1.4,A,-13.8
15200,high,1,6.0,6.0,6.4,A,-19.3
15201,high,0,2.0,6.0,5.8,C,-12.5
15202,medium,1,5.0,7.0,3.9,C,-14.1
15203,low,4,19.0,5.0,3.7,A,-100.0
15204,low,3,10.0,7.0,9.8,A,-19.7
15205,low,1,10.0,38.0,8.0,A,15.0
15206,none,0,4.0,7.0,9.5,A,-9.7
15207,low,2,3.0,6.0,9.3,C,-9.7
15208,low,0,7.0,7.0,9.5,A,-14.3
15209,none,3,11.0,4.0,7.0,D,-100.0
15210,none,2,3.0,12.0,7.4,D,1.3
15211,high,1,6.0,5.0,8.6,D,-100.0
15212,none,6,9.0,16.0,9.3,A,-0.2
15213,,0,9.0,12.0,8.3,B,-8.5
15214,medium,2,1.0,9.0,8.7,C,-0.6
15215,low,2,4.0,24.0,4.3,A,15.0
15216,high,0,22.0,2.0,1.7,A,-100.0
15217,high,5,4.0,1.0,1.8,A,-100.0
15218,high,2,7.0,21.0,9.5,A,11.9
15219,none,0,3.0,20.0,9.0,A,15.0
15220,medium,2,2.0,6.0,6.8,A,-9.6
15221,high,5,19.0,1.0,7.1,A,-100.0
15222,low,3,25.0,12.0,8.3,C,-100.0
15223,high,2,5.0,5.0,7.8,A,-19.1
15224,medium,2,1.0,31.0,9.2,A,15.0
15225,low,4,6.0,15.0,1.9,B,0.0
15226,low,1,27.0,13.0,3.8,A,-100.0
15227,medium,1,6.0,22.0,6.0,A,15.0
15228,medium,2,11.0,7.0,4.7,A,-100.0
15229,,0,10.0,10.0,2.5,C,-17.4
15230,high,2,4.0,17.0,7.8,A,7.9
15231,medium,2,5.0,12.0,8.1,A,-1.6
15232,low,0,15.0,8.0,9.3,B,-100.0
15233,high,1,9.0,0.0,4.9,C,-100.0
15234,medium,0,6.0,6.0,1.7,A,-18.9
15235,none,2,7.0,7.0,9.7,A,-15.0
15236,high,2,4.0,34.0,1.7,A,15.0
15237,high,0,22.0,5.0,8.3,A,-100.0
15238,high,2,19.0,5.0,8.6,A,-100.0
15239,none,2,4.0,15.0,8.5,C,6.4
15240,high,2,14.0,8.0,9.7,A,-100.0
15241,high,1,18.0,7.0,9.6,B,-100.0
15242,high,1,,17.0,3.3,C,
15243,none,0,12.0,0.0,6.0,A,-100.0
15244,high,1,9.0,8.0,9.6,A,-18.8
15245,low,1,7.0,1.0,8.4,A,-100.0
15246,none,1,2.0,20.0,6.6,C,15.0
15247,high,1,13.0,10.0,8.3,C,-100.0
15248,none,3,12.0,35.0,1.1,A,15.0
15249,high,1,1.0,10.0,6.2,A,-2.3
15250,medium,2,4.0,13.0,4.5,A,0.4
15251,high,0,6.0,47.0,2.7,A,15.0
15252,medium,0,24.0,16.0,8.2,A,-100.0
15253,high,2,12.0,0.0,1.7,A,-100.0
15254,low,3,18.0,4.0,2.9,C,-100.0
15255,low,1,12.0,4.0,9.7,A,-100.0
15256,medium,2,5.0,8.0,1.0,A,-13.5
15257,high,4,9.0,14.0,2.6,B,-10.0
15258,,0,35.0,10.0,9.9,A,-100.0
15259,low,1,15.0,38.0,7.3,A,15.0
15260,medium,1,3.0,13.0,8.7,A,4.4
15261,none,2,12.0,25.0,4.7,A,11.5
15262,high,3,1.0,8.0,7.1,A,-6.2
15263,none,3,12.0,7.0,6.8,A,-100.0
15264,none,1,6.0,22.0,8.4,A,15.0
15265,none,3,17.0,10.0,1.9,B,-100.0
15266,none,1,7.0,1.0,1.2,A,-100.0
15267,none,1,16.0,10.0,4.5,A,-100.0
15268,high,4,13.0,2.0,3.9,B,-100.0
15269,high,0,6.0,0.0,7.0,C,-100.0
15270,high,1,,24.0,2.4,C,
15271,low,0,34.0,12.0,4.7,B,-100.0
15272,high,1,15.0,7.0,3.5,C,-100.0
15273,none,0,20.0,3.0,4.5,A,-100.0
15274,low,0,13.0,1.0,3.2,A,-100.0
15275,none,2,2.0,4.0,9.3,A,-12.8
15276,low,1,12.0,5.0,5.8,A,-100.0
15277,none,2,6.0,11.0,3.6,C,-7.9
15278,low,0,2.0,21.0,1.6,A,15.0
15279,low,2,2.0,9.0,6.5,A,-3.1
15280,medium,2,31.0,14.0,2.5,A,-100.0
15281,medium,0,2.0,18.0,8.6,C,15.0
15282,high,0,3.0,9.0,2.9,A,-9.4
15283,low,0,7.0,49.0,8.7,A,15.0
15284,high,1,7.0,2.0,9.3,A,-100.0
15285,,2,5.0,22.0,6.2,A,15.0
15286,high,2,17.0,12.0,3.3,B,-100.0
15287,high,1,8.0,15.0,9.0,A,-2.6
15288,high,2,14.0,8.0,5.0,A,-100.0
15289,medium,0,15.0,42.0,2.7,C,15.0
15290,high,2,3.0,22.0,8.3,B,15.0
15291,low,1,5.0,5.0,6.7,A,-16.5
15292,low,0,6.0,7.0,5.7,A,-14.5
15293,none,3,14.0,24.0,6.2,B,6.6
15294,low,0,10.0,0.0,7.1,C,-100.0
15295,none,2,9.0,6.0,9.7,C,-100.0
15296,high,2,15.0,5.0,1.9,A,-100.0
15297,low,1,7.0,4.0,8.4,A,-100.0
15298,low,1,8.0,0.0,3.4,A,-100.0
15299,none,0,4.0,1.0,5.8,A,-100.0
15300,medium,2,8.0,45.0,8.1,B,15.0
15301,low,0,14.0,6.0,8.7,C,-100.0
15302,high,2,4.0,4.0,2.9,C,-100.0
15303,none,1,4.0,4.0,1.0,A,-100.0
15304,medium,2,1.0,3.0,5.8,B,-14.7
15305,medium,4,8.0,1.0,5.9,C,-100.0
15306,medium,2,6.0,9.0,5.0,A,-11.2
15307,none,1,6.0,14.0,9.0,C,1.2
15308,high,1,4.0,3.0,3.4,C,-100.0
15309,high,5,18.0,15.0,2.5,C,-100.0
15310,none,4,23.0,9.0,6.1,A,-100.0
15311,low,2,2.0,3.0,9.2,A,-14.3
15312,high,0,12.0,2.0,4.3,A,-100.0
15313,high,3,16.0,2.0,8.7,B,-100.0
15314,high,5,14.0,14.0,4.4,D,-17.9
15315,medium,3,14.0,1.0,9.6,A,-100.0
15316,medium,1,6.0,11.0,9.1,A,-4.8
15317,low,1,7.0,0.0,7.8,A,-100.0
15318,high,1,3.0,8.0,8.3,A,-8.9
15319,low,1,6.0,9.0,7.5,C,-9.5
15320,high,2,9.0,9.0,1.9,C,-100.0
15321,high,1,,31.0,3.7,C,
15322,medium,0,2.0,50.0,8.2,C,15.0
15323,high,1,7.0,9.0,3.6,A,-16.2
15324,none,2,8.0,12.0,9.9,A,-6.2
15325,low,3,9.0,19.0,8.9,A,6.8
15326,high,2,1.0,4.0,1.7,B,-17.2
15327,low,1,2.0,10.0,3.4,A,-2.4
15328,high,1,5.0,10.0,8.2,A,-8.3
15329,low,2,16.0,21.0,8.3,B,-1.5
15330,high,1,12.0,2.0,8.4,C,-100.0
15331,low,2,8.0,19.0,2.7,A,5.5
15332,low,2,12.0,0.0,9.3,C,-100.0
15333,medium,2,9.0,10.0,1.7,A,-16.0
15334,medium,3,8.0,6.0,1.3,A,-100.0
15335,high,1,10.0,2.0,9.7,B,-100.0
15336,low,3,10.0,13.0,7.5,A,-8.3
15337,low,4,7.0,6.0,8.9,A,-17.1
15338,low,2,,8.0,9.2,C,
15339,none,1,11.0,6.0,1.0,C,-100.0
15340,low,1,5.0,0.0,8.4,A,-100.0
15341,none,0,4.0,7.0,1.7,A,-13.6
15342,none,0,6.0,13.0,5.5,A,-2.6
15343,high,1,6.0,6.0,1.8,A,-100.0
15344,medium,2,5.0,15.0,5.7,A,3.5
15345,none,3,19.0,7.0,8.1,A,-100.0
15346,high,1,18.0,15.0,5.1,A,-100.0
15347,low,2,5.0,1.0,1.3,C,-100.0
15348,low,1,1.0,21.0,8.6,C,15.0
15349,medium,3,24.0,6.0,7.2,A,-100.0
15350,low,0,14.0,26.0,9.1,A,13.1
15351,none,2,14.0,15.0,1.3,A,-14.7
15352,low,1,10.0,7.0,9.3,A,-19.8
15353,low,0,3.0,3.0,8.3,C,-16.3
15354,low,2,3.0,20.0,9.4,A,15.0
15355,low,2,3.0,23.0,7.9,C,15.0
15356,medium,1,2.0,3.0,2.4,B,-18.0
15357,low,2,7.0,29.0,1.8,A,15.0
15358,medium,2,6.0,5.0,7.7,A,-18.3
15359,high,1,2.0,46.0,9.3,A,15.0
15360,low,2,16.0,50.0,9.2,A,15.0
15361,medium,2,10.0,1.0,9.7,C,-100.0
15362,medium,1,12.0,13.0,8.5,C,-11.4
15363,low,1,15.0,50.0,9.9,D,15.0
15364,low,2,6.0,2.0,3.9,C,-100.0
15365,medium,0,6.0,7.0,9.0,C,-13.2
15366,low,1,3.0,3.0,9.2,A,-16.0
15367,high,5,2.0,24.0,6.4,A,15.0
15368,none,2,13.0,18.0,2.6,A,-6.0
15369,none,2,14.0,9.0,9.3,A,-100.0
15370,low,2,8.0,35.0,3.4,A,15.0
15371,none,1,5.0,19.0,9.6,A,13.7
15372,medium,1,7.0,8.0,1.5,C,-16.7
15373,high,0,24.0,36.0,5.4,B,11.8
15374,medium,1,10.0,18.0,3.9,A,0.3
15375,high,1,8.0,1.0,3.4,A,-100.0
15376,medium,2,11.0,21.0,8.9,A,7.2
15377,high,0,12.0,1.0,7.9,B,-100.0
15378,high,2,16.0,3.0,3.1,A,-100.0
15379,,1,10.0,3.0,1.1,A,-100.0
15380,low,0,12.0,6.0,2.9,C,-100.0
15381,high,2,11.0,1.0,2.5,C,-100.0
15382,low,0,4.0,10.0,8.6,A,-3.2
15383,low,4,6.0,21.0,7.5,A,15.0
15384,none,1,15.0,11.0,2.3,A,-100.0
15385,none,0,0.0,30.0,,D,
15386,medium,2,5.0,9.0,8.9,A,-7.5
15387,none,2,18.0,4.0,5.1,A,-100.0
15388,low,2,11.0,11.0,9.7,A,-13.0
15389,medium,0,24.0,1.0,9.9,A,-100.0
15390,low,1,7.0,0.0,9.3,C,-100.0
15391,none,1,11.0,2.0,5.4,B,-100.0
15392,high,2,5.0,33.0,3.1,C,15.0
15393,high,2,5.0,0.0,9.4,B,-100.0
15394,low,3,5.0,14.0,7.5,B,2.6
15395,none,1,1.0,12.0,9.6,A,6.0
15396,medium,3,14.0,10.0,4.4,B,-100.0
15397,high,2,8.0,11.0,7.3,A,-12.0
15398,none,0,4.0,6.0,4.3,A,-14.4
15399,none,1,27.0,12.0,8.0,A,-100.0
15400,high,2,19.0,15.0,1.7,B,-100.0
15401,low,2,11.0,33.0,5.2,A,15.0
15402,medium,1,10.0,36.0,8.9,C,15.0
15403,low,1,9.0,13.0,8.3,A,-5.9
15404,low,1,3.0,29.0,2.5,B,15.0
15405,none,0,5.0,11.0,2.1,A,-6.7
15406,low,2,6.0,3.0,3.6,C,-100.0
15407,none,2,7.0,1.0,1.9,A,-100.0
15408,medium,2,17.0,43.0,9.0,C,15.0
15409,none,1,5.0,1.0,9.5,C,-100.0
15410,low,3,5.0,2.0,7.5,A,-100.0
15411,,2,7.0,1.0,8.7,A,-100.0
15412,medium,1,13.0,4.0,5.0,C,-100.0
15413,none,2,4.0,2.0,9.0,A,-100.0
15414,low,1,3.0,50.0,4.5,A,15.0
15415,low,2,5.0,20.0,5.0,C,14.0
15416,low,1,4.0,2.0,9.1,A,-19.9
15417,medium,1,6.0,27.0,6.1,A,15.0
15418,high,1,12.0,6.0,8.2,B,-100.0
15419,medium,1,14.0,50.0,6.4,B,15.0
15420,none,0,13.0,0.0,8.2,A,-100.0
15421,high,2,16.0,14.0,3.6,C,-100.0
15422,medium,1,7.0,38.0,9.0,C,15.0
15423,high,1,7.0,16.0,2.6,A,-2.0
15424,low,2,6.0,9.0,6.4,C,-10.1
15425,high,1,4.0,1.0,3.6,A,-100.0
15426,low,4,5.0,0.0,3.9,C,-100.0
15427,high,2,10.0,2.0,6.2,A,-100.0
15428,low,0,8.0,15.0,1.9,A,-3.1
15429,high,3,4.0,6.0,3.8,A,-17.3
15430,low,1,11.0,17.0,8.9,A,-0.7
15431,none,1,16.0,42.0,8.8,A,15.0
15432,low,2,2.0,7.0,7.1,C,-7.0
15433,high,2,27.0,5.0,5.9,A,-100.0
15434,none,1,4.0,6.0,8.7,A,-12.3
15435,medium,0,14.0,0.0,4.1,A,-100.0
15436,medium,0,4.0,0.0,9.4,C,-100.0
15437,medium,0,15.0,2.0,9.0,A,-100.0
15438,low,1,7.0,1.0,3.7,A,-100.0
15439,low,3,4.0,44.0,7.4,B,15.0
15440,none,2,20.0,9.0,7.7,A,-100.0
15441,low,2,2.0,43.0,8.8,A,15.0
15442,medium,0,5.0,4.0,6.2,A,-19.2
15443,,1,12.0,15.0,4.5,A,-9.5
15444,none,3,15.0,23.0,7.2,A,3.2
15445,low,1,,16.0,7.1,C,
15446,none,2,7.0,7.0,8.5,A,-15.6
15447,low,2,1.0,9.0,3.5,A,-2.8
15448,none,1,5.0,11.0,6.5,A,-4.6
15449,medium,1,15.0,1.0,3.7,A,-100.0
15450,high,1,9.0,12.0,7.4,A,-11.5
15451,high,0,12.0,1.0,5.5,A,-100.0
15452,none,2,13.0,37.0,2.6,A,15.0
15453,none,0,14.0,12.0,9.8,A,-16.5
15454,medium,3,3.0,21.0,4.6,A,15.0
15455,low,2,6.0,8.0,1.1,A,-14.9
15456,none,1,2.0,27.0,9.6,B,15.0
15457,high,1,5.0,1.0,2.3,C,-100.0
15458,medium,1,7.0,22.0,9.2,A,15.0
15459,low,1,4.0,19.0,8.8,C,15.0
15460,medium,1,17.0,2.0,6.3,C,-100.0
15461,high,0,23.0,12.0,8.3,A,-100.0
15462,high,0,13.0,30.0,1.5,C,15.0
15463,medium,1,4.0,50.0,2.0,A,15.0
15464,low,4,7.0,21.0,5.3,A,12.6
15465,medium,2,3.0,3.0,3.2,A,-19.5
15466,medium,1,11.0,2.0,4.2,A,-100.0
15467,medium,2,15.0,0.0,6.5,A,-100.0
15468,medium,1,9.0,5.0,2.0,B,-100.0
15469,high,2,17.0,17.0,9.7,C,-13.9
15470,low,0,23.0,1.0,3.3,A,-100.0
15471,high,1,12.0,26.0,8.3,C,13.1
15472,high,4,19.0,4.0,4.1,A,-100.0
15473,low,0,24.0,1.0,9.6,A,-100.0
15474,low,0,2.0,27.0,1.5,A,15.0
15475,high,0,8.0,8.0,8.2,A,-17.6
15476,low,2,16.0,3.0,9.2,A,-100.0
15477,medium,1,8.0,13.0,6.3,D,-5.5
15478,high,4,4.0,19.0,6.2,A,11.1
15479,low,4,4.0,5.0,3.5,A,-16.7
15480,high,0,2.0,0.0,,A,
15481,none,0,24.0,6.0,8.7,C,-100.0
15482,low,3,6.0,19.0,1.5,A,8.3
15483,medium,2,14.0,1.0,4.3,A,-100.0
15484,high,1,7.0,16.0,3.5,B,-1.5
15485,high,0,8.0,7.0,8.7,A,-19.5
15486,medium,1,3.0,4.0,5.3,D,-16.2
15487,low,0,3.0,30.0,1.4,B,15.0
15488,low,3,31.0,5.0,4.9,A,-100.0
15489,none,1,9.0,15.0,9.7,C,-1.6
15490,medium,2,6.0,34.0,4.3,A,15.0
15491,low,1,4.0,7.0,1.8,C,-13.0
15492,low,4,3.0,10.0,4.6,A,-3.9
15493,medium,1,15.0,5.0,6.9,A,-100.0
15494,medium,2,13.0,9.0,2.1,A,-100.0
15495,low,2,12.0,1.0,1.2,A,-100.0
15496,none,3,3.0,0.0,3.6,A,-100.0
15497,low,1,6.0,6.0,3.7,A,-17.7
15498,low,1,5.0,14.0,5.8,A,1.9
15499,low,1,11.0,8.0,8.4,A,-19.9
15500,low,4,1.0,4.0,9.1,C,-10.7
15501,high,2,6.0,13.0,2.3,B,-6.8
15502,low,0,19.0,1.0,3.6,A,-100.0
15503,high,1,2.0,15.0,7.8,D,7.3
15504,high,4,40.0,1.0,5.1,B,-100.0
15505,none,1,6.0,14.0,5.6,A,-0.5
15506,,2,17.0,1.0,9.7,C,-100.0
15507,low,2,3.0,5.0,4.5,A,-14.2
15508,high,2,14.0,2.0,8.5,A,-100.0
15509,medium,1,8.0,1.0,8.4,A,-100.0
15510,high,1,4.0,15.0,7.4,A,3.6
15511,medium,3,9.0,7.0,9.0,A,-18.8
15512,low,2,3.0,6.0,8.6,A,-10.1
15513,low,1,13.0,4.0,4.8,C,-100.0
15514,low,1,7.0,22.0,3.0,A,13.8
15515,medium,1,4.0,24.0,8.0,C,15.0
15516,high,1,4.0,13.0,9.4,A,0.4
15517,high,1,9.0,0.0,4.1,D,-100.0
15518,medium,2,2.0,15.0,9.3,A,10.6
15519,none,3,15.0,1.0,9.5,D,-100.0
15520,medium,5,9.0,6.0,1.9,B,-100.0
15521,low,3,2.0,10.0,4.4,A,-2.1
15522,medium,2,2.0,3.0,5.2,A,-16.7
15523,low,0,17.0,27.0,9.3,A,10.1
15524,medium,0,11.0,12.0,1.9,C,-15.0
15525,low,0,18.0,17.0,9.7,A,-12.5
15526,high,2,6.0,21.0,6.0,A,11.9
15527,medium,5,5.0,23.0,3.2,A,15.0
15528,medium,0,6.0,47.0,3.8,A,15.0
15529,low,2,8.0,4.0,8.6,A,-100.0
15530,,0,10.0,50.0,9.8,A,15.0
15531,low,2,12.0,24.0,3.8,C,9.6
15532,high,1,12.0,11.0,9.4,C,-17.8
15533,medium,1,9.0,2.0,8.3,C,-100.0
15534,low,2,2.0,28.0,4.6,A,15.0
15535,low,0,16.0,4.0,8.7,A,-100.0
15536,low,1,5.0,32.0,8.0,A,15.0
15537,high,2,8.0,3.0,8.6,A,-100.0
15538,medium,3,6.0,0.0,5.9,A,-100.0
15539,high,1,7.0,32.0,5.5,A,15.0
15540,medium,1,21.0,2.0,6.4,D,-100.0
15541,low,3,21.0,4.0,1.8,A,-100.0
15542,none,1,0.0,4.0,,A,
15543,medium,0,10.0,5.0,2.7,C,-100.0
15544,low,1,10.0,5.0,3.7,A,-100.0
15545,low,4,18.0,4.0,2.2,A,-100.0
15546,medium,1,7.0,8.0,9.3,A,-12.8
15547,high,0,9.0,12.0,8.7,A,-10.7
15548,,1,4.0,0.0,8.6,B,-100.0
15549,medium,3,11.0,38.0,7.1,A,15.0
15550,low,1,13.0,26.0,1.1,A,10.8
15551,low,3,4.0,2.0,8.7,C,-100.0
15552,low,2,12.0,24.0,2.1,A,8.7
15553,high,2,22.0,2.0,9.3,A,-100.0
15554,high,1,22.0,8.0,7.6,A,-100.0
15555,high,3,6.0,7.0,6.4,A,-17.4
15556,low,2,16.0,9.0,9.2,A,-100.0
15557,high,1,3.0,1.0,7.7,A,-100.0
15558,high,2,6.0,22.0,9.9,B,15.0
15559,high,0,11.0,8.0,8.6,A,-100.0
15560,medium,0,10.0,14.0,10.0,A,-5.0
15561,low,0,8.0,3.0,8.5,A,-100.0
15562,high,3,11.0,25.0,3.1,A,10.0
15563,low,1,9.0,3.0,8.6,A,-100.0
15564,low,1,4.0,9.0,3.0,C,-8.2
15565,high,1,5.0,4.0,8.6,B,-100.0
15566,none,6,15.0,1.0,9.8,A,-100.0
15567,medium,3,9.0,1.0,9.7,B,-100.0
15568,none,0,12.0,4.0,5.5,A,-100.0
15569,none,0,1.0,0.0,8.2,B,-19.8
15570,low,0,21.0,18.0,2.2,C,-19.4
15571,low,6,5.0,14.0,9.4,C,3.2
15572,high,2,15.0,1.0,8.6,A,-100.0
15573,none,2,3.0,25.0,7.5,D,15.0
15574,low,1,26.0,5.0,4.9,A,-100.0
15575,high,3,8.0,3.0,9.5,A,-100.0
15576,medium,1,4.0,27.0,5.5,A,15.0
15577,low,3,8.0,11.0,8.7,A,-8.4
15578,none,2,28.0,8.0,9.2,A,-100.0
15579,none,1,17.0,5.0,9.9,A,-100.0
15580,low,0,4.0,1.0,8.9,A,-100.0
15581,low,2,7.0,1.0,2.2,A,-100.0
15582,low,0,19.0,0.0,9.8,A,-100.0
15583,none,2,14.0,12.0,9.6,C,-16.8
15584,low,2,11.0,17.0,9.3,A,-0.6
15585,none,3,16.0,2.0,6.7,A,-100.0
15586,low,0,7.0,19.0,1.9,A,7.1
15587,high,3,5.0,37.0,1.2,A,15.0
15588,high,2,40.0,8.0,8.5,A,-100.0
15589,high,1,9.0,11.0,2.3,A,-16.1
15590,low,3,5.0,3.0,9.4,C,-19.6
15591,low,1,8.0,42.0,4.5,A,15.0
15592,none,0,6.0,50.0,8.4,C,15.0
15593,medium,2,15.0,2.0,8.5,C,-100.0
15594,none,1,6.0,2.0,2.1,D,-100.0
15595,low,0,4.0,6.0,5.1,A,-13.4
15596,medium,1,12.0,12.0,3.8,A,-15.9
15597,none,1,15.0,5.0,2.2,C,-100.0
15598,high,4,10.0,1.0,3.7,C,-100.0
15599,none,2,8.0,3.0,3.2,A,-100.0
15600,low,3,13.0,1.0,6.4,A,-100.0
15601,low,0,21.0,37.0,2.3,B,15.0
15602,low,1,9.0,9.0,5.1,A,-15.9
15603,medium,0,10.0,12.0,9.2,A,-9.6
15604,medium,2,7.0,3.0,1.1,D,-100.0
15605,low,3,10.0,21.0,2.3,D,5.9
15606,high,1,5.0,2.0,2.4,C,-100.0
15607,low,1,8.0,37.0,2.7,A,15.0
15608,medium,2,4.0,3.0,3.2,A,-100.0
15609,high,0,2.0,26.0,2.3,A,15.0
15610,high,0,6.0,15.0,5.0,A,-1.0
15611,medium,4,1.0,1.0,5.2,A,-19.3
15612,none,0,14.0,50.0,9.1,A,15.0
15613,low,0,9.0,12.0,8.1,A,-8.0
15614,none,1,8.0,8.0,3.7,A,-17.6
15615,low,0,1.0,14.0,6.1,B,9.2
15616,none,3,16.0,1.0,2.1,A,-100.0
15617,low,1,4.0,11.0,8.8,A,-1.1
15618,low,1,5.0,7.0,3.5,B,-13.9
15619,low,1,9.0,5.0,5.1,A,-100.0
15620,low,2,6.0,32.0,4.2,A,15.0
15621,low,1,14.0,50.0,3.0,C,15.0
15622,high,1,11.0,2.0,9.4,A,-100.0
15623,none,0,2.0,3.0,3.2,A,-17.7
15624,none,2,20.0,13.0,2.8,A,-100.0
15625,low,4,10.0,3.0,7.4,A,-100.0
15626,high,0,17.0,13.0,3.9,A,-100.0
15627,none,1,7.0,50.0,2.5,D,15.0
15628,medium,1,11.0,26.0,3.9,C,15.0
15629,high,1,4.0,7.0,9.7,C,-12.1
15630,high,1,6.0,16.0,2.9,C,-0.1
15631,medium,2,6.0,2.0,9.4,A,-100.0
15632,none,4,3.0,1.0,9.7,A,-100.0
15633,high,2,11.0,4.0,1.0,C,-100.0
15634,none,4,13.0,16.0,2.9,A,-10.2
15635,high,1,15.0,13.0,3.0,A,-100.0
15636,high,0,19.0,22.0,8.9,A,-7.1
15637,high,0,2.0,16.0,9.3,A,10.2
15638,high,3,4.0,12.0,1.2,A,-6.0
15639,low,1,5.0,24.0,8.1,A,15.0
15640,low,3,3.0,2.0,1.1,A,-100.0
15641,low,1,11.0,5.0,2.9,A,-100.0
15642,none,1,7.0,4.0,8.0,A,-100.0
15643,medium,1,4.0,1.0,8.1,C,-100.0
15644,low,0,10.0,9.0,8.8,A,-15.7
15645,high,0,7.0,2.0,8.1,A,-100.0
15646,medium,1,11.0,50.0,5.8,C,15.0
15647,low,1,8.0,11.0,8.7,A,-8.2
15648,low,4,7.0,2.0,8.9,A,-100.0
15649,high,0,4.0,10.0,3.5,B,-8.8
15650,high,4,,15.0,3.0,C,
15651,medium,2,5.0,4.0,8.2,B,-18.3
15652,high,1,7.0,12.0,3.1,A,-10.1
15653,medium,1,7.0,1.0,7.6,A,-100.0
15654,high,2,4.0,7.0,3.9,A,-15.1
15655,medium,2,17.0,21.0,8.2,A,-3.6
15656,low,1,5.0,6.0,8.7,B,-13.4
15657,medium,2,8.0,19.0,4.9,A,6.3
15658,low,1,4.0,3.0,7.6,A,-18.5
15659,low,2,6.0,7.0,8.5,D,-13.3
15660,low,1,9.0,33.0,8.5,A,15.0
15661,medium,2,3.0,2.0,6.0,A,-100.0
15662,low,3,19.0,6.0,7.8,A,-100.0
15663,medium,2,9.0,8.0,8.8,B,-16.7
15664,high,2,3.0,31.0,8.5,A,15.0
15665,low,2,18.0,17.0,3.3,C,-15.9
15666,medium,1,5.0,4.0,9.0,B,-17.9
15667,high,2,11.0,5.0,8.1,A,-100.0
15668,high,3,25.0,1.0,2.3,A,-100.0
15669,medium,0,1.0,5.0,7.8,A,-9.3
15670,none,1,18.0,14.0,5.8,C,-100.0
15671,high,1,7.0,19.0,1.4,A,3.7
15672,low,0,1.0,10.0,10.0,B,2.7
15673,none,2,7.0,0.0,4.5,B,-100.0
15674,low,0,3.0,7.0,5.2,A,-9.5
15675,none,2,3.0,15.0,4.3,A,6.1
15676,low,2,12.0,7.0,5.3,A,-100.0
15677,high,3,6.0,2.0,6.6,A,-100.0
15678,medium,0,3.0,13.0,9.7,A,5.0
15679,high,0,3.0,3.0,8.3,A,-19.3
15680,low,2,2.0,29.0,5.8,A,15.0
15681,low,4,10.0,5.0,8.8,A,-100.0
15682,high,0,8.0,26.0,8.5,C,15.0
15683,low,1,1.0,16.0,9.4,A,14.9
15684,medium,1,12.0,18.0,8.4,C,-1.0
15685,medium,2,7.0,12.0,5.6,A,-6.4
15686,high,1,4.0,49.0,6.7,A,15.0
15687,low,0,11.0,1.0,9.5,A,-100.0
15688,low,3,5.0,10.0,8.7,A,-5.2
15689,none,2,16.0,15.0,9.7,B,-14.0
15690,high,0,12.0,20.0,9.5,A,1.2
15691,low,3,5.0,44.0,3.9,C,15.0
15692,high,3,18.0,2.0,7.7,A,-100.0
15693,none,2,9.0,14.0,2.0,A,-7.7
15694,none,1,2.0,1.0,3.7,A,-100.0
15695,medium,1,12.0,19.0,9.5,A,1.6
15696,high,3,28.0,0.0,2.1,A,-100.0
15697,medium,0,3.0,9.0,7.7,C,-4.4
15698,high,0,11.0,5.0,6.8,D,-100.0
15699,medium,1,13.0,10.0,8.8,A,-19.4
15700,low,3,6.0,1.0,8.3,A,-100.0
15701,high,0,11.0,1.0,9.8,A,-100.0
15702,low,1,10.0,0.0,4.3,A,-100.0
15703,high,1,18.0,31.0,8.9,A,13.4
15704,low,2,3.0,25.0,8.4,A,15.0
15705,low,3,8.0,11.0,3.7,A,-10.9
15706,high,2,24.0,4.0,5.1,C,-100.0
15707,low,4,1.0,7.0,7.1,A,-5.4
15708,high,2,6.0,4.0,5.4,A,-100.0
15709,medium,0,5.0,19.0,2.3,A,10.4
15710,medium,2,7.0,1.0,1.8,A,-100.0
15711,high,1,16.0,10.0,5.2,C,-100.0
15712,medium,2,9.0,1.0,9.4,A,-100.0
15713,low,1,4.0,7.0,6.4,B,-10.7
15714,medium,0,12.0,23.0,8.6,C,9.7
15715,low,2,26.0,23.0,1.4,B,-18.2
15716,low,2,10.0,1.0,6.8,A,-100.0
15717,none,1,1.0,2.0,1.2,A,-19.2
15718,medium,1,12.0,4.0,5.2,A,-100.0
15719,medium,0,18.0,6.0,7.0,A,-100.0
15720,medium,4,10.0,19.0,5.4,B,2.8
15721,high,3,1.0,21.0,1.0,B,15.0
15722,none,0,18.0,50.0,4.4,A,15.0
15723,none,1,14.0,13.0,8.6,B,-15.1
15724,high,0,13.0,23.0,3.4,A,2.7
15725,high,2,1.0,2.0,8.9,A,-17.8
15726,medium,0,2.0,4.0,6.8,C,-13.6
15727,medium,2,14.0,5.0,2.2,C,-100.0
15728,none,0,9.0,9.0,8.4,B,-14.8
15729,medium,0,9.0,7.0,6.1,A,-19.9
15730,low,5,4.0,5.0,1.7,A,-17.7
15731,none,0,3.0,9.0,6.3,A,-5.3
15732,,5,18.0,0.0,6.7,B,-100.0
15733,medium,2,9.0,8.0,9.2,A,-16.4
15734,low,1,20.0,2.0,1.6,A,-100.0
15735,high,2,18.0,4.0,8.8,A,-100.0
15736,high,0,19.0,6.0,9.4,A,-100.0
15737,high,2,7.0,47.0,7.8,A,15.0
15738,low,1,8.0,7.0,8.5,B,-16.7
15739,none,1,2.0,5.0,1.3,C,-14.6
15740,medium,3,3.0,2.0,4.6,A,-100.0
15741,medium,0,4.0,21.0,2.0,A,15.0
15742,high,2,7.0,3.0,7.5,A,-100.0
15743,medium,0,29.0,6.0,2.7,C,-100.0
15744,none,2,11.0,15.0,8.0,B,-6.1
15745,low,2,3.0,12.0,1.4,B,-1.1
15746,low,3,2.0,3.0,2.4,A,-17.8
15747,low,5,1.0,5.0,7.1,C,-9.7
15748,high,3,4.0,5.0,1.2,A,-100.0
15749,low,0,5.0,10.0,9.5,D,-4.5
15750,high,2,2.0,23.0,2.9,A,15.0
15751,none,2,9.0,12.0,3.9,A,-10.9
15752,none,3,9.0,13.0,5.1,A,-8.3
15753,high,3,11.0,5.0,6.5,C,-100.0
15754,low,3,3.0,2.0,9.2,C,-18.3
15755,medium,0,2.0,13.0,2.1,B,3.0
15756,none,1,9.0,7.0,4.8,C,-100.0
15757,high,0,7.0,13.0,4.3,A,-7.3
15758,high,1,16.0,50.0,9.8,B,15.0
15759,none,0,24.0,8.0,3.5,A,-100.0
15760,low,0,21.0,5.0,5.5,B,-100.0
15761,high,1,21.0,9.0,3.2,A,-100.0
15762,medium,0,21.0,2.0,4.8,A,-100.0
15763,none,1,22.0,6.0,7.7,A,-100.0
15764,low,3,6.0,2.0,3.1,A,-100.0
15765,low,0,1.0,13.0,2.0,A,5.0
15766,high,0,6.0,8.0,4.4,A,-16.0
15767,medium,5,2.0,10.0,8.2,A,-0.8
15768,low,1,5.0,12.0,9.9,A,-0.2
15769,low,1,14.0,6.0,2.9,A,-100.0
15770,high,7,6.0,0.0,9.4,A,-100.0
15771,none,2,2.0,9.0,7.0,A,-3.4
15772,high,0,7.0,0.0,4.4,C,-100.0
15773,high,0,4.0,19.0,2.0,A,9.4
15774,low,0,5.0,2.0,8.6,A,-100.0
15775,high,0,10.0,1.0,9.1,A,-100.0
15776,high,1,21.0,5.0,4.1,C,-100.0
15777,high,3,24.0,5.0,8.3,B,-100.0
15778,high,2,8.0,6.0,9.7,D,-100.0
15779,low,5,12.0,1.0,6.9,A,-100.0
15780,none,2,3.0,21.0,1.2,A,15.0
15781,none,1,4.0,5.0,7.8,A,-14.8
15782,none,0,7.0,7.0,6.1,A,-16.6
15783,low,3,12.0,18.0,8.2,C,-0.9
15784,medium,2,6.0,28.0,7.2,C,15.0
15785,high,1,11.0,36.0,2.7,A,15.0
15786,none,2,7.0,9.0,9.8,C,-10.8
15787,low,5,4.0,3.0,2.4,A,-100.0
15788,high,2,5.0,11.0,9.0,A,-5.9
15789,high,0,,4.0,4.3,C,
15790,high,3,24.0,7.0,8.7,A,-100.0
15791,medium,3,20.0,7.0,7.0,B,-100.0
15792,low,2,3.0,5.0,1.8,A,-15.6
15793,high,0,14.0,25.0,8.5,A,7.7
15794,none,1,2.0,13.0,2.5,A,2.8
15795,low,0,11.0,11.0,9.6,A,-12.9
15796,none,1,18.0,22.0,8.9,A,-3.1
15797,none,1,2.0,5.0,8.8,C,-10.8
15798,high,2,9.0,6.0,3.0,A,-100.0
15799,medium,0,2.0,7.0,9.2,A,-6.1
15800,medium,1,4.0,1.0,9.1,A,-100.0
15801,high,2,12.0,2.0,5.5,A,-100.0
15802,none,1,10.0,4.0,3.7,A,-100.0
15803,none,1,7.0,2.0,8.7,B,-100.0
15804,none,1,4.0,26.0,7.2,A,15.0
15805,medium,1,16.0,5.0,4.8,A,-100.0
15806,low,1,7.0,10.0,1.9,A,-11.9
15807,high,1,5.0,24.0,2.1,A,15.0
15808,high,2,15.0,1.0,4.4,A,-100.0
15809,high,1,1.0,28.0,8.8,C,15.0
15810,medium,1,5.0,23.0,5.0,A,15.0
15811,high,0,4.0,34.0,7.8,A,15.0
15812,high,0,22.0,7.0,9.8,A,-100.0
15813,low,1,16.0,23.0,9.1,B,3.2
15814,high,0,4.0,9.0,6.0,A,-9.6
15815,low,2,6.0,1.0,5.7,A,-100.0
15816,low,1,32.0,8.0,4.4,C,-100.0
15817,high,4,14.0,2.0,8.5,A,-100.0
15818,high,4,18.0,27.0,5.4,A,3.0
15819,low,1,5.0,35.0,9.9,A,15.0
15820,none,1,19.0,13.0,3.4,C,-100.0
15821,high,0,8.0,6.0,4.6,B,-100.0
15822,medium,0,7.0,2.0,3.8,C,-100.0
15823,low,1,7.0,1.0,8.3,A,-100.0
15824,high,3,6.0,35.0,8.9,B,15.0
15825,low,1,,21.0,2.4,C,
15826,high,0,6.0,0.0,7.9,A,-100.0
15827,none,0,5.0,11.0,4.8,A,-5.4
15828,low,3,6.0,31.0,9.3,A,15.0
15829,high,2,3.0,0.0,7.3,A,-100.0
15830,none,1,14.0,7.0,3.2,A,-100.0
15831,low,0,16.0,4.0,8.7,A,-100.0
15832,high,3,5.0,36.0,9.7,A,15.0
15833,high,1,5.0,6.0,3.0,C,-19.3
15834,high,4,15.0,3.0,8.8,B,-100.0
15835,low,1,9.0,12.0,6.0,A,-9.2
15836,high,0,4.0,17.0,8.4,A,8.4
15837,high,1,9.0,10.0,2.3,A,-18.2
15838,low,0,10.0,2.0,4.3,C,-100.0
15839,high,1,1.0,6.0,,A,
15840,high,0,10.0,23.0,1.8,B,7.2
15841,high,4,1.0,50.0,,A,
15842,medium,1,13.0,19.0,5.1,C,-2.3
15843,medium,3,16.0,29.0,8.0,A,14.7
15844,medium,1,9.0,0.0,1.2,B,-100.0
15845,high,3,2.0,4.0,5.9,A,-17.0
15846,low,0,5.0,14.0,4.2,A,1.2
15847,none,1,17.0,13.0,1.5,A,-100.0
15848,medium,0,5.0,12.0,8.3,B,-1.3
15849,low,3,9.0,1.0,9.7,C,-100.0
15850,medium,1,12.0,0.0,8.1,D,-100.0
15851,low,1,6.0,5.0,1.1,A,-100.0
15852,none,4,3.0,25.0,2.4,D,15.0
15853,low,3,5.0,3.0,9.1,C,-19.7
15854,high,2,22.0,21.0,6.1,A,-16.1
15855,high,2,10.0,16.0,9.0,A,-4.1
15856,,4,6.0,6.0,2.6,A,-19.1
15857,high,5,12.0,10.0,2.6,A,-100.0
15858,medium,1,3.0,5.0,7.1,C,-13.2
15859,none,2,9.0,1.0,6.3,A,-100.0
15860,low,1,8.0,26.0,5.4,C,15.0
15861,medium,0,28.0,1.0,2.4,C,-100.0
15862,high,1,7.0,5.0,8.9,A,-100.0
15863,medium,2,10.0,30.0,7.2,A,15.0
15864,medium,1,7.0,9.0,8.0,C,-11.3
15865,low,0,4.0,16.0,2.1,A,6.1
15866,low,2,6.0,21.0,5.4,D,14.6
15867,high,1,4.0,15.0,2.6,B,1.2
15868,low,1,14.0,4.0,9.2,D,-100.0
15869,high,3,7.0,4.0,1.1,A,-100.0
15870,low,2,23.0,1.0,9.4,A,-100.0
15871,low,1,30.0,10.0,8.5,A,-100.0
15872,medium,3,7.0,8.0,10.0,B,-12.6
15873,high,1,1.0,12.0,8.6,A,3.1
15874,low,1,11.0,4.0,9.9,C,-100.0
15875,high,0,6.0,0.0,6.2,B,-100.0
15876,medium,0,2.0,1.0,8.6,B,-19.0
15877,low,0,19.0,3.0,5.0,A,-100.0
15878,medium,2,14.0,8.0,2.0,A,-100.0
15879,medium,1,2.0,9.0,9.8,D,-1.7
15880,low,2,13.0,1.0,8.6,C,-100.0
15881,high,0,5.0,10.0,2.8,A,-10.9
15882,none,1,2.0,3.0,8.9,A,-15.0
15883,medium,2,8.0,2.0,6.8,A,-100.0
15884,none,1,8.0,5.0,2.6,A,-100.0
15885,medium,3,10.0,23.0,9.0,A,13.1
15886,none,0,4.0,12.0,1.5,A,-3.2
15887,none,5,2.0,10.0,8.9,A,-0.7
15888,medium,2,13.0,5.0,8.9,A,-100.0
15889,high,3,7.0,15.0,9.7,A,-0.7
15890,high,1,20.0,24.0,9.7,C,-4.4
15891,high,0,3.0,16.0,5.7,A,6.7
15892,low,1,2.0,23.0,7.7,A,15.0
15893,medium,4,10.0,5.0,9.8,A,-100.0
15894,medium,0,7.0,24.0,1.9,A,15.0
15895,none,0,2.0,7.0,2.1,D,-9.9
15896,none,4,12.0,2.0,7.6,A,-100.0
15897,high,2,8.0,7.0,3.5,B,-100.0
15898,none,0,13.0,1.0,3.4,A,-100.0
15899,low,1,10.0,21.0,9.7,B,9.8
15900,high,1,11.0,1.0,9.7,A,-100.0
15901,high,5,4.0,28.0,2.0,C,15.0
15902,high,0,3.0,13.0,3.8,A,-0.6
15903,medium,1,3.0,2.0,6.5,A,-19.8
15904,high,1,15.0,9.0,8.8,A,-100.0
15905,low,4,8.0,1.0,9.8,A,-100.0
15906,high,2,12.0,1.0,3.0,A,-100.0
15907,medium,0,7.0,5.0,2.7,A,-100.0
15908,medium,1,6.0,4.0,9.5,A,-19.3
15909,high,2,17.0,18.0,9.4,C,-12.0
15910,medium,1,3.0,10.0,2.0,A,-5.3
15911,medium,3,4.0,6.0,5.3,A,-14.0
15912,low,3,6.0,2.0,1.6,A,-100.0
15913,low,0,4.0,1.0,9.7,A,-100.0
15914,low,3,1.0,9.0,3.5,A,-2.9
15915,,2,33.0,7.0,6.1,A,-100.0
15916,high,3,8.0,12.0,6.3,A,-10.5
15917,low,0,15.0,28.0,7.2,A,14.6
15918,high,3,6.0,23.0,8.9,C,15.0
15919,low,2,5.0,17.0,4.4,B,7.4
15920,low,1,9.0,28.0,8.0,C,15.0
15921,medium,0,3.0,5.0,2.7,D,-15.3
15922,high,2,7.0,2.0,9.4,A,-100.0
15923,high,1,3.0,48.0,8.6,A,15.0
15924,high,3,27.0,3.0,8.4,A,-100.0
15925,low,0,13.0,22.0,8.1,D,6.0
15926,medium,2,8.0,7.0,9.2,D,-16.8
15927,low,1,40.0,8.0,8.9,A,-100.0
15928,low,1,7.0,2.0,6.2,A,-100.0
15929,high,3,12.0,34.0,6.8,A,15.0
15930,high,2,21.0,0.0,9.5,A,-100.0
15931,low,1,8.0,8.0,8.2,A,-14.7
15932,high,3,5.0,43.0,3.1,A,15.0
15933,low,2,1.0,12.0,9.7,B,6.6
15934,low,2,9.0,10.0,9.3,C,-11.8
15935,none,1,7.0,5.0,4.4,A,-100.0
15936,low,0,15.0,11.0,9.1,D,-100.0
15937,low,1,9.0,2.0,1.3,A,-100.0
15938,high,1,,7.0,3.1,C,
15939,none,1,14.0,12.0,6.2,D,-18.4
15940,high,2,7.0,31.0,8.8,A,15.0
15941,medium,1,6.0,13.0,3.2,A,-3.6
15942,high,3,20.0,0.0,8.1,B,-100.0
15943,medium,1,20.0,15.0,3.3,A,-100.0
15944,medium,1,4.0,8.0,2.2,A,-11.1
15945,medium,1,7.0,46.0,9.5,C,15.0
15946,none,2,17.0,0.0,10.0,C,-100.0
15947,medium,2,2.0,1.0,3.2,A,-100.0
15948,high,0,9.0,0.0,9.2,C,-100.0
15949,medium,3,14.0,10.0,8.5,A,-100.0
15950,medium,0,11.0,10.0,1.2,A,-19.6
15951,none,2,7.0,20.0,3.4,A,9.1
15952,high,1,13.0,17.0,9.1,A,-7.1
15953,low,1,2.0,17.0,9.0,B,15.0
15954,low,1,6.0,18.0,1.2,C,6.3
15955,medium,1,4.0,6.0,3.1,A,-14.9
15956,high,3,4.0,4.0,5.8,A,-100.0
15957,medium,2,3.0,15.0,6.6,C,7.5
15958,low,2,8.0,32.0,9.3,A,15.0
15959,medium,0,2.0,20.0,3.4,A,15.0
15960,none,2,9.0,5.0,5.1,A,-100.0
15961,none,0,2.0,6.0,3.8,A,-11.1
15962,high,0,8.0,8.0,6.6,A,-18.4
15963,low,1,5.0,5.0,7.0,A,-16.4
15964,none,1,0.0,0.0,9.4,C,-17.5
15965,high,1,6.0,2.0,1.4,A,-100.0
15966,high,2,26.0,2.0,5.6,A,-100.0
15967,low,0,5.0,7.0,6.4,A,-12.4
15968,none,3,1.0,2.0,4.8,A,-17.6
15969,medium,1,15.0,3.0,6.0,A,-100.0
15970,high,0,3.0,3.0,7.8,A,-19.6
15971,low,3,8.0,3.0,2.7,A,-100.0
15972,none,1,8.0,10.0,3.1,A,-13.7
15973,none,5,1.0,26.0,3.5,C,15.0
15974,medium,2,4.0,19.0,3.8,A,12.7
15975,medium,3,11.0,5.0,3.0,A,-100.0
15976,medium,1,3.0,6.0,9.3,A,-10.0
15977,medium,2,7.0,8.0,9.9,A,-12.6
15978,none,4,3.0,6.0,7.6,C,-11.4
15979,high,3,13.0,0.0,6.8,C,-100.0
15980,high,3,5.0,2.0,8.1,A,-100.0
15981,low,0,15.0,6.0,1.8,A,-100.0
15982,high,0,12.0,7.0,2.1,A,-100.0
15983,high,0,5.0,7.0,8.7,A,-14.2
15984,low,1,19.0,11.0,8.8,A,-100.0
15985,low,2,15.0,7.0,9.1,A,-100.0
15986,none,1,16.0,17.0,3.4,A,-12.8
15987,medium,3,7.0,25.0,7.5,B,15.0
15988,low,4,8.0,8.0,8.6,A,-14.8
15989,high,1,2.0,1.0,4.8,C,-100.0
15990,medium,1,22.0,9.0,9.0,A,-100.0
15991,,0,7.0,2.0,4.5,A,-100.0
15992,high,0,27.0,4.0,3.4,A,-100.0
15993,medium,3,10.0,33.0,2.8,B,15.0
15994,high,1,3.0,3.0,9.2,A,-19.0
15995,high,1,5.0,2.0,6.9,A,-100.0
15996,low,3,6.0,9.0,3.7,A,-11.6
15997,,4,5.0,1.0,6.8,D,-100.0
15998,none,1,2.0,9.0,2.4,A,-5.6
15999,none,1,9.0,11.0,8.8,B,-10.5
16000,,1,31.0,5.0,1.3,C,-100.0
16001,high,1,4.0,0.0,6.6,A,-100.0
16002,high,0,19.0,2.0,1.6,B,-100.0
16003,medium,1,8.0,9.0,9.6,A,-12.3
16004,high,3,3.0,22.0,3.8,A,15.0
16005,medium,2,2.0,13.0,8.3,A,5.8
16006,high,1,2.0,6.0,8.8,A,-11.1
16007,medium,1,17.0,4.0,8.3,A,-100.0
16008,medium,0,8.0,3.0,9.3,D,-100.0
16009,medium,4,13.0,2.0,8.0,A,-100.0
16010,medium,1,4.0,19.0,3.9,A,12.8
16011,high,2,12.0,19.0,5.3,A,-3.2
16012,medium,3,1.0,11.0,8.6,C,3.5
16013,medium,1,10.0,5.0,2.2,C,-100.0
16014,low,1,9.0,3.0,4.8,A,-100.0
16015,high,2,12.0,4.0,10.0,A,-100.0
16016,medium,2,5.0,36.0,9.1,A,15.0
16017,low,1,5.0,17.0,1.6,C,6.1
16018,low,3,8.0,10.0,9.1,A,-10.3
16019,low,0,25.0,18.0,8.0,A,-100.0
16020,high,2,9.0,21.0,8.8,D,8.0
16021,none,0,12.0,11.0,8.8,C,-15.6
16022,medium,6,3.0,23.0,3.3,A,15.0
16023,none,2,6.0,1.0,9.9,B,-100.0
16024,high,0,3.0,43.0,5.8,A,15.0
16025,medium,0,10.0,50.0,9.5,A,15.0
16026,medium,0,5.0,2.0,2.4,A,-100.0
16027,medium,1,13.0,6.0,9.3,A,-100.0
16028,high,0,9.0,42.0,9.0,A,15.0
16029,none,2,7.0,15.0,9.1,B,1.5
16030,medium,1,10.0,1.0,1.9,C,-100.0
16031,low,3,7.0,16.0,9.6,A,4.3
16032,low,1,3.0,1.0,8.5,C,-100.0
16033,high,0,5.0,18.0,2.6,A,5.8
16034,low,1,3.0,3.0,3.9,C,-18.6
16035,low,1,19.0,26.0,1.9,A,0.7
16036,none,0,2.0,18.0,,A,
16037,low,1,12.0,5.0,6.8,C,-100.0
16038,high,1,4.0,32.0,7.0,A,15.0
16039,none,4,27.0,43.0,5.5,A,15.0
16040,high,3,13.0,8.0,9.7,B,-100.0
16041,low,5,20.0,4.0,2.9,A,-100.0
16042,medium,2,13.0,19.0,9.4,A,-0.3
16043,low,1,4.0,13.0,2.5,A,-0.1
16044,none,3,11.0,11.0,6.6,B,-15.3
16045,none,2,,20.0,8.5,C,
16046,none,1,19.0,15.0,7.5,C,-100.0
16047,low,2,12.0,15.0,9.6,D,-6.4
16048,none,0,14.0,3.0,4.5,D,-100.0
16049,low,2,23.0,24.0,9.7,C,-6.7
16050,low,0,12.0,6.0,4.4,A,-100.0
16051,high,3,9.0,20.0,9.8,A,6.3
16052,high,1,6.0,12.0,6.4,C,-6.7
16053,medium,2,21.0,40.0,3.3,A,15.0
16054,high,0,7.0,15.0,3.0,A,-3.8
16055,high,2,8.0,10.0,1.9,B,-16.8
16056,high,4,12.0,26.0,8.5,C,12.9
16057,high,1,5.0,6.0,7.6,A,-17.0
16058,low,2,5.0,9.0,4.2,A,-9.5
16059,high,5,5.0,0.0,4.3,D,-100.0
16060,medium,0,8.0,10.0,2.7,B,-13.5
16061,high,2,3.0,14.0,8.6,C,3.7
16062,high,1,14.0,0.0,9.1,C,-100.0
16063,medium,1,5.0,0.0,9.4,A,-100.0
16064,medium,1,12.0,3.0,3.0,A,-100.0
16065,none,2,17.0,16.0,1.6,A,-17.7
16066,none,4,6.0,5.0,3.0,B,-100.0
16067,high,2,,45.0,4.5,C,
16068,high,2,3.0,39.0,8.7,A,15.0
16069,none,1,31.0,13.0,9.9,A,-100.0
16070,high,2,19.0,4.0,7.4,A,-100.0
16071,low,3,18.0,2.0,9.2,A,-100.0
16072,none,1,9.0,21.0,9.1,A,10.7
16073,medium,0,1.0,5.0,9.5,A,-8.4
16074,high,2,13.0,16.0,6.9,A,-10.4
16075,medium,0,15.0,23.0,6.5,C,3.4
16076,none,1,2.0,6.0,9.7,B,-8.3
16077,medium,1,15.0,9.0,9.3,D,-100.0
16078,low,1,7.0,39.0,6.4,A,15.0
16079,high,2,6.0,21.0,9.0,C,13.4
16080,low,1,8.0,17.0,7.6,A,3.9
16081,none,1,8.0,24.0,8.4,C,15.0
16082,medium,1,5.0,2.0,5.8,B,-100.0
16083,medium,4,6.0,11.0,2.8,A,-8.3
16084,low,0,15.0,50.0,2.1,A,15.0
16085,medium,2,9.0,5.0,9.5,B,-100.0
16086,none,2,12.0,10.0,3.3,A,-100.0
16087,low,5,11.0,1.0,2.2,A,-100.0
16088,medium,1,4.0,16.0,5.8,A,7.5
16089,low,1,2.0,14.0,3.3,A,5.9
16090,medium,5,11.0,3.0,7.8,A,-100.0
16091,medium,3,2.0,37.0,9.8,B,15.0
16092,high,2,13.0,42.0,8.7,A,15.0
16093,medium,1,4.0,38.0,3.6,B,15.0
16094,medium,0,36.0,7.0,3.7,C,-100.0
16095,high,2,11.0,10.0,4.3,A,-100.0
16096,low,3,11.0,1.0,3.6,A,-100.0
16097,none,0,16.0,2.0,2.0,C,-100.0
16098,high,1,16.0,33.0,9.6,A,15.0
16099,low,2,13.0,15.0,9.7,A,-8.1
16100,high,1,15.0,2.0,3.1,D,-100.0
16101,high,2,7.0,1.0,8.9,C,-100.0
16102,none,2,11.0,34.0,7.7,A,15.0
16103,high,1,17.0,1.0,9.0,A,-100.0
16104,low,2,7.0,12.0,1.8,A,-7.9
16105,medium,0,12.0,13.0,6.4,C,-12.4
16106,low,3,6.0,11.0,8.4,A,-5.0
16107,high,1,13.0,21.0,3.8,A,-1.4
16108,low,1,5.0,19.0,5.7,A,12.4
16109,medium,0,12.0,6.0,3.2,A,-100.0
16110,none,1,17.0,20.0,1.6,B,-9.2
16111,medium,1,9.0,16.0,2.8,A,-2.8
16112,medium,0,14.0,44.0,8.7,C,15.0
16113,low,1,10.0,1.0,2.7,A,-100.0
16114,high,3,33.0,8.0,8.8,A,-100.0
16115,high,1,4.0,0.0,1.2,A,-100.0
16116,high,0,1.0,1.0,8.2,A,-100.0
16117,high,1,32.0,5.0,5.0,A,-100.0
16118,none,1,12.0,17.0,9.7,B,-2.7
16119,high,2,3.0,8.0,2.8,A,-11.8
16120,high,0,24.0,27.0,9.1,A,-5.3
16121,medium,4,2.0,23.0,2.6,A,15.0
16122,medium,2,12.0,12.0,8.8,B,-13.5
16123,none,0,22.0,8.0,5.2,C,-100.0
16124,none,0,32.0,4.0,9.3,C,-100.0
16125,high,1,8.0,17.0,6.4,B,0.3
16126,high,2,7.0,1.0,8.8,B,-100.0
16127,none,2,2.0,5.0,5.3,B,-12.7
16128,low,1,2.0,12.0,4.5,A,2.3
16129,,1,24.0,1.0,5.5,A,-100.0
16130,high,1,11.0,19.0,2.7,C,-2.6
16131,low,3,4.0,3.0,9.2,A,-17.9
16132,high,0,,7.0,9.7,C,
16133,low,4,12.0,11.0,9.1,B,-15.3
16134,,2,7.0,7.0,4.3,A,-17.7
16135,medium,2,9.0,2.0,8.5,A,-100.0
16136,low,1,10.0,8.0,5.1,A,-19.8
16137,high,0,5.0,18.0,8.1,A,8.6
16138,medium,1,9.0,0.0,9.4,A,-100.0
16139,high,1,9.0,4.0,5.3,C,-100.0
16140,low,0,15.0,5.0,9.6,C,-100.0
16141,medium,2,10.0,8.0,9.9,B,-17.8
16142,low,3,1.0,3.0,8.6,A,-13.0
16143,low,2,3.0,25.0,8.8,A,15.0
16144,high,1,9.0,6.0,6.1,A,-100.0
16145,low,3,3.0,6.0,3.3,A,-12.8
16146,low,2,31.0,35.0,8.1,B,1.6
16147,low,0,17.0,50.0,2.5,A,15.0
16148,none,3,15.0,21.0,4.6,A,-2.3
16149,high,1,9.0,10.0,9.8,C,-14.5
16150,medium,0,12.0,5.0,9.5,A,-100.0
16151,high,2,21.0,1.0,5.7,A,-100.0
16152,medium,0,8.0,10.0,1.1,A,-14.3
16153,medium,1,7.0,1.0,4.9,A,-100.0
16154,medium,0,2.0,1.0,8.8,A,-18.9
16155,low,1,15.0,1.0,9.5,C,-100.0
16156,high,3,5.0,50.0,4.3,D,15.0
16157,none,2,8.0,13.0,9.6,A,-4.2
16158,medium,0,5.0,13.0,1.0,A,-2.8
16159,none,2,7.0,8.0,8.0,A,-13.8
16160,high,2,17.0,10.0,5.2,A,-100.0
16161,high,1,7.0,4.0,7.7,A,-100.0
16162,low,1,14.0,21.0,9.9,B,2.9
16163,high,1,2.0,19.0,1.6,A,12.6
16164,medium,2,7.0,1.0,9.4,D,-100.0
16165,medium,1,12.0,0.0,1.9,A,-100.0
16166,medium,2,21.0,1.0,9.7,A,-100.0
16167,high,2,35.0,1.0,5.1,A,-100.0
16168,medium,0,8.0,3.0,9.6,A,-100.0
16169,low,2,0.0,8.0,4.8,A,-2.5
16170,high,0,9.0,9.0,2.9,B,-19.9
16171,high,2,7.0,7.0,9.5,A,-17.5
16172,high,0,7.0,2.0,8.3,A,-100.0
16173,none,1,9.0,18.0,9.7,A,4.7
16174,none,0,5.0,32.0,1.2,B,15.0
16175,high,3,4.0,24.0,9.5,A,15.0
16176,medium,2,7.0,4.0,1.6,A,-100.0
16177,high,0,7.0,12.0,5.7,C,-8.7
16178,none,1,6.0,20.0,1.9,A,10.2
16179,low,3,9.0,26.0,5.8,A,15.0
16180,,3,9.0,29.0,2.4,A,15.0
16181,,2,5.0,16.0,7.8,C,6.4
16182,medium,1,,1.0,9.0,C,
16183,low,2,4.0,2.0,5.5,D,-100.0
16184,low,4,10.0,23.0,3.3,A,10.5
16185,none,1,2.0,32.0,9.5,C,15.0
16186,medium,0,6.0,2.0,6.4,B,-100.0
16187,high,0,16.0,4.0,4.3,C,-100.0
16188,none,3,10.0,6.0,8.2,A,-100.0
16189,medium,1,5.0,8.0,7.6,B,-10.1
16190,high,1,4.0,5.0,8.1,A,-17.1
16191,none,3,1.0,6.0,9.3,A,-6.9
16192,high,0,3.0,4.0,9.6,A,-16.6
16193,medium,4,2.0,4.0,8.5,A,-13.1
16194,high,3,21.0,13.0,3.1,A,-100.0
16195,none,1,12.0,1.0,9.6,A,-100.0
16196,low,2,2.0,13.0,9.5,A,6.8
16197,medium,1,1.0,0.0,4.8,A,-100.0
16198,medium,0,11.0,12.0,2.5,D,-14.7
16199,medium,1,14.0,11.0,1.9,C,-100.0
16200,medium,1,4.0,13.0,9.2,C,2.9
16201,low,0,8.0,6.0,8.8,A,-18.5
16202,none,4,5.0,8.0,9.7,A,-9.6
16203,high,1,1.0,6.0,9.2,A,-9.2
16204,,3,10.0,15.0,9.2,A,-3.8
16205,low,1,8.0,47.0,9.2,A,15.0
16206,medium,0,15.0,1.0,6.9,A,-100.0
16207,high,5,26.0,50.0,7.5,A,15.0
16208,low,3,10.0,14.0,4.1,A,-7.9
16209,none,1,1.0,7.0,9.0,B,-4.8
16210,low,0,11.0,9.0,9.4,C,-17.2
16211,medium,0,16.0,5.0,3.0,A,-100.0
16212,medium,5,16.0,3.0,8.5,A,-100.0
16213,,2,16.0,16.0,8.7,A,-12.4
16214,high,1,18.0,19.0,8.6,B,-11.9
16215,low,1,11.0,1.0,7.6,A,-100.0
16216,low,0,11.0,19.0,6.7,A,2.5
16217,low,1,9.0,32.0,1.7,C,15.0
16218,low,1,7.0,3.0,8.4,A,-100.0
16219,low,0,3.0,0.0,7.6,A,-100.0
16220,none,2,5.0,28.0,2.4,C,15.0
16221,none,1,5.0,7.0,3.1,A,-14.7
16222,none,2,4.0,9.0,7.4,C,-6.7
16223,medium,1,14.0,0.0,,D,
16224,none,3,10.0,11.0,8.3,A,-12.7
16225,low,1,11.0,10.0,1.1,A,-19.3
16226,none,0,14.0,7.0,8.5,A,-100.0
16227,none,4,7.0,3.0,9.1,C,-100.0
16228,none,3,2.0,8.0,5.2,A,-6.5
16229,low,0,8.0,7.0,2.8,C,-19.4
16230,low,0,40.0,1.0,9.4,B,-100.0
16231,high,1,1.0,4.0,1.4,A,-17.3
16232,high,2,13.0,2.0,3.5,C,-100.0
16233,medium,2,6.0,7.0,9.4,C,-13.2
16234,low,1,4.0,50.0,9.6,D,15.0
16235,medium,1,1.0,30.0,1.4,A,15.0
16236,medium,1,10.0,2.0,8.8,A,-100.0
16237,medium,1,2.0,18.0,5.1,A,14.8
16238,medium,0,14.0,3.0,1.4,A,-100.0
16239,medium,0,7.0,13.0,10.0,A,-1.9
16240,low,1,6.0,12.0,8.9,A,-2.5
16241,high,1,8.0,1.0,5.0,A,-100.0
16242,high,1,15.0,0.0,9.7,A,-100.0
16243,medium,1,9.0,2.0,3.1,A,-100.0
16244,high,3,6.0,19.0,1.2,A,5.2
16245,low,2,5.0,32.0,2.5,B,15.0
16246,high,1,4.0,3.0,3.5,B,-100.0
16247,low,0,7.0,4.0,1.5,A,-100.0
16248,none,0,7.0,3.0,7.1,A,-100.0
16249,low,0,8.0,14.0,1.3,A,-5.5
16250,low,0,9.0,7.0,3.6,A,-100.0
16251,low,0,3.0,1.0,5.8,A,-100.0
16252,low,2,6.0,31.0,2.0,B,15.0
16253,medium,0,12.0,7.0,1.5,C,-100.0
16254,high,2,11.0,0.0,7.9,B,-100.0
16255,medium,1,11.0,6.0,3.2,C,-100.0
16256,low,1,7.0,50.0,9.2,C,15.0
16257,none,1,3.0,1.0,4.1,A,-100.0
16258,none,0,16.0,10.0,7.6,A,-100.0
16259,medium,0,7.0,1.0,2.6,B,-100.0
16260,high,1,3.0,18.0,9.6,A,12.7
16261,medium,2,11.0,6.0,8.3,C,-100.0
16262,low,3,10.0,37.0,8.7,A,15.0
16263,low,1,21.0,1.0,6.5,A,-100.0
16264,medium,3,12.0,7.0,2.4,A,-100.0
16265,medium,1,40.0,27.0,4.6,B,-100.0
16266,low,0,11.0,1.0,5.9,C,-100.0
16267,low,2,6.0,25.0,6.1,B,15.0
16268,low,1,3.0,32.0,5.1,A,15.0
16269,high,1,2.0,2.0,8.8,A,-19.5
16270,none,0,15.0,7.0,1.8,A,-100.0
16271,high,0,22.0,22.0,1.9,A,-15.9
16272,high,0,18.0,2.0,3.4,D,-100.0
16273,low,4,4.0,13.0,5.1,A,0.9
16274,high,2,8.0,4.0,9.4,A,-100.0
16275,none,1,15.0,6.0,9.8,A,-100.0
16276,medium,0,8.0,6.0,9.7,A,-18.5
16277,low,3,11.0,0.0,1.2,A,-100.0
16278,medium,3,40.0,6.0,2.7,A,-100.0
16279,low,1,7.0,4.0,8.4,C,-100.0
16280,low,1,4.0,4.0,9.1,A,-15.7
16281,,1,12.0,5.0,9.3,C,-100.0
16282,medium,2,7.0,6.0,8.2,B,-17.6
16283,none,0,30.0,2.0,6.5,C,-100.0
16284,medium,3,5.0,7.0,4.2,A,-14.1
16285,none,1,5.0,1.0,9.2,A,-100.0
16286,low,0,12.0,1.0,8.8,A,-100.0
16287,high,1,11.0,2.0,5.2,A,-100.0
16288,low,1,1.0,2.0,5.3,B,-16.5
16289,high,1,8.0,49.0,8.4,A,15.0
16290,low,3,10.0,26.0,9.0,C,15.0
16291,low,3,3.0,10.0,9.0,C,-1.6
16292,high,2,2.0,50.0,3.6,D,15.0
16293,high,3,8.0,18.0,9.9,A,3.9
16294,low,0,6.0,5.0,6.9,A,-18.1
16295,,1,6.0,11.0,2.7,A,-8.3
16296,medium,1,10.0,11.0,4.2,A,-14.3
16297,high,0,2.0,7.0,6.7,C,-10.0
16298,none,1,14.0,7.0,5.6,A,-100.0
16299,medium,1,2.0,4.0,4.7,A,-14.8
16300,medium,4,2.0,9.0,8.7,A,-2.6
16301,low,3,8.0,3.0,5.9,A,-100.0
16302,low,0,8.0,0.0,8.1,A,-100.0
16303,none,0,2.0,0.0,5.1,C,-100.0
16304,high,0,8.0,7.0,9.2,A,-19.2
16305,high,3,,4.0,8.3,C,
16306,medium,1,2.0,20.0,,C,
16307,high,3,5.0,19.0,9.5,C,11.1
16308,none,0,22.0,38.0,5.7,A,15.0
16309,medium,0,21.0,2.0,6.3,A,-100.0
16310,low,2,3.0,11.0,4.0,C,-1.9
16311,medium,0,4.0,25.0,2.4,C,15.0
16312,medium,2,4.0,1.0,2.7,C,-100.0
16313,low,2,13.0,34.0,5.3,A,15.0
16314,high,1,2.0,3.0,3.4,A,-100.0
16315,high,2,5.0,13.0,2.3,A,-5.0
16316,low,2,1.0,3.0,2.0,A,-16.2
16317,,0,12.0,6.0,1.1,A,-100.0
16318,low,3,6.0,9.0,6.4,A,-10.2
16319,none,2,14.0,3.0,3.6,A,-100.0
16320,low,1,10.0,5.0,6.5,A,-100.0
16321,medium,4,1.0,11.0,8.6,A,3.4
16322,medium,0,9.0,7.0,8.2,A,-18.9
16323,medium,0,4.0,8.0,3.6,A,-10.3
16324,low,2,1.0,24.0,1.8,B,15.0
16325,,2,8.0,50.0,4.6,C,15.0
16326,low,1,8.0,50.0,9.4,A,15.0
16327,high,1,0.0,9.0,9.4,C,-1.0
16328,high,6,12.0,25.0,3.2,A,8.0
16329,high,0,4.0,9.0,3.6,A,-10.8
16330,high,3,5.0,11.0,2.8,C,-9.1
16331,low,0,11.0,3.0,5.4,A,-100.0
16332,high,2,5.0,4.0,3.4,A,-100.0
16333,low,1,19.0,10.0,2.0,A,-100.0
16334,none,0,14.0,20.0,2.9,A,-3.2
16335,none,0,1.0,11.0,3.9,A,1.2
16336,high,3,4.0,15.0,8.1,A,3.7
16337,none,0,5.0,12.0,6.4,A,-2.5
16338,medium,0,5.0,12.0,2.6,A,-4.1
16339,medium,1,4.0,8.0,3.9,C,-10.3
16340,high,3,15.0,4.0,9.3,A,-100.0
16341,low,0,4.0,13.0,4.9,A,1.2
16342,low,1,9.0,4.0,4.6,A,
16343,high,2,10.0,34.0,2.0,A,15.0
16344,low,1,3.0,23.0,4.7,A,15.0
16345,medium,1,3.0,16.0,1.0,C,6.8
16346,none,3,4.0,2.0,9.6,A,-100.0
16347,medium,1,2.0,4.0,7.7,D,-13.3
16348,medium,1,6.0,9.0,8.7,A,-9.2
16349,none,0,10.0,8.0,9.3,A,-18.2
16350,none,2,11.0,23.0,4.8,D,9.1
16351,none,0,3.0,22.0,7.0,A,15.0
16352,none,2,3.0,4.0,9.2,A,-14.6
16353,high,0,8.0,5.0,5.8,C,-100.0
16354,high,1,15.0,23.0,8.8,A,1.8
16355,high,0,3.0,0.0,9.5,C,-100.0
16356,medium,0,3.0,6.0,4.2,D,-12.4
16357,high,1,13.0,1.0,6.2,A,-100.0
16358,low,4,11.0,2.0,1.5,A,-100.0
16359,none,2,11.0,32.0,3.4,A,15.0
16360,low,4,7.0,1.0,4.9,C,-100.0
16361,none,1,5.0,35.0,2.0,A,15.0
16362,medium,1,12.0,7.0,3.4,C,-100.0
16363,high,2,8.0,15.0,7.4,B,-3.5
16364,none,2,13.0,3.0,2.2,A,-100.0
16365,high,2,3.0,8.0,9.7,C,-8.3
16366,medium,2,6.0,38.0,8.4,A,15.0
16367,high,1,4.0,23.0,1.6,A,
16368,medium,1,9.0,16.0,8.5,A,0.1
16369,low,2,15.0,4.0,5.7,A,-100.0
16370,high,0,16.0,2.0,4.5,A,-100.0
16371,medium,0,5.0,2.0,2.5,A,-100.0
16372,low,2,13.0,1.0,8.3,C,-100.0
16373,none,0,24.0,19.0,8.6,A,-19.9
16374,high,1,11.0,3.0,2.0,C,-100.0
16375,none,1,25.0,6.0,1.1,C,-100.0
16376,low,0,9.0,1.0,1.3,B,-100.0
16377,high,0,3.0,1.0,9.8,A,-100.0
16378,low,0,3.0,50.0,9.8,C,15.0
16379,low,2,5.0,20.0,3.4,C,13.2
16380,high,2,10.0,2.0,5.0,B,-100.0
16381,medium,1,8.0,32.0,9.3,A,15.0
16382,low,2,6.0,28.0,1.8,D,15.0
16383,low,0,7.0,29.0,8.3,C,15.0
16384,high,3,3.0,1.0,3.4,C,-100.0
16385,high,2,6.0,14.0,1.7,A,-5.0
16386,high,3,8.0,4.0,3.3,C,-100.0
16387,none,4,2.0,2.0,2.3,D,-100.0
16388,low,2,14.0,11.0,5.9,C,-100.0
16389,high,1,,4.0,4.5,C,
16390,medium,2,7.0,2.0,5.3,A,-100.0
16391,high,0,10.0,8.0,8.9,A,-100.0
16392,high,1,14.0,2.0,4.7,A,-100.0
16393,none,4,4.0,4.0,7.0,B,-17.6
16394,medium,1,12.0,11.0,3.7,D,-18.0
16395,high,2,27.0,20.0,2.6,C,-100.0
16396,none,1,3.0,14.0,8.5,A,6.2
16397,none,2,8.0,21.0,8.0,B,11.8
16398,low,1,10.0,10.0,8.9,D,-13.7
16399,high,0,6.0,27.0,1.1,A,15.0
16400,medium,0,34.0,12.0,3.6,A,-100.0
16401,high,3,,3.0,8.9,C,
16402,low,0,14.0,12.0,9.2,A,-16.2
16403,medium,1,6.0,20.0,9.0,A,14.0
16404,high,1,25.0,2.0,9.6,A,-100.0
16405,high,3,15.0,2.0,8.4,A,-100.0
16406,low,0,17.0,38.0,7.2,A,15.0
16407,high,2,11.0,9.0,5.5,A,-100.0
16408,none,2,2.0,3.0,4.3,A,-17.4
16409,none,1,14.0,13.0,3.0,A,-17.9
16410,medium,2,17.0,13.0,8.5,C,-100.0
16411,high,3,5.0,8.0,4.6,C,-14.5
16412,low,2,19.0,16.0,8.2,A,-17.3
16413,low,2,6.0,1.0,6.2,A,-100.0
16414,high,2,10.0,11.0,6.3,A,-16.0
16415,high,1,4.0,50.0,9.9,A,15.0
16416,medium,1,7.0,1.0,9.4,B,-100.0
16417,,2,15.0,6.0,1.7,A,-100.0
16418,medium,2,24.0,4.0,9.9,C,-100.0
16419,medium,0,11.0,22.0,1.8,A,5.9
16420,medium,2,3.0,1.0,5.9,A,-100.0
16421,high,0,6.0,3.0,1.8,A,-100.0
16422,medium,1,3.0,2.0,9.8,A,-18.1
16423,medium,2,22.0,5.0,3.5,A,-100.0
16424,high,1,8.0,5.0,7.0,A,-100.0
16425,high,2,14.0,11.0,1.7,C,-100.0
16426,medium,2,15.0,1.0,2.2,A,-100.0
16427,high,2,11.0,3.0,9.6,C,-100.0
16428,high,4,7.0,10.0,4.0,A,-14.2
16429,high,0,4.0,20.0,8.5,A,14.7
16430,low,1,2.0,14.0,9.4,C,9.0
16431,medium,1,5.0,2.0,5.8,A,-100.0
16432,none,3,40.0,7.0,5.6,B,-100.0
16433,low,2,7.0,14.0,9.3,A,0.1
16434,high,2,3.0,1.0,8.2,A,-100.0
16435,none,1,9.0,40.0,3.6,B,15.0
16436,none,2,8.0,21.0,4.9,A,10.2
16437,none,3,1.0,8.0,1.8,A,-6.5
16438,high,1,4.0,13.0,9.7,A,0.5
16439,low,1,40.0,49.0,8.7,A,15.0
16440,low,2,9.0,20.0,,D,
16441,low,1,3.0,5.0,9.3,A,-11.7
16442,high,1,14.0,28.0,6.9,A,13.1
16443,none,0,22.0,26.0,2.2,A,-4.9
16444,low,3,29.0,7.0,3.9,C,-100.0
16445,low,1,32.0,1.0,,D,
16446,low,3,4.0,1.0,9.8,A,-100.0
16447,low,4,27.0,11.0,9.5,A,-100.0
16448,medium,1,12.0,8.0,3.1,A,-100.0
16449,,1,11.0,6.0,6.1,A,-100.0
16450,low,2,5.0,17.0,9.6,A,10.0
16451,none,1,6.0,5.0,6.5,C,-19.0
16452,high,2,14.0,17.0,3.6,A,-11.7
16453,none,1,5.0,2.0,9.4,A,-100.0
16454,none,4,8.0,14.0,8.9,B,-2.7
16455,high,1,5.0,1.0,6.4,A,-100.0
16456,medium,3,17.0,5.0,6.0,A,-100.0
16457,high,5,10.0,14.0,9.4,C,-8.4
16458,medium,0,5.0,28.0,8.5,B,15.0
16459,medium,3,1.0,49.0,9.4,C,15.0
16460,low,3,7.0,23.0,8.7,C,15.0
16461,high,2,1.0,18.0,8.8,A,15.0
16462,low,2,3.0,16.0,3.6,A,8.4
16463,medium,0,2.0,17.0,7.0,C,13.8
16464,high,2,10.0,14.0,4.9,B,-10.4
16465,medium,0,2.0,18.0,4.7,C,14.7
16466,low,1,22.0,27.0,8.3,C,0.7
16467,none,4,7.0,2.0,2.4,A,-100.0
16468,low,1,5.0,0.0,8.5,A,-100.0
16469,medium,1,7.0,6.0,1.5,A,-100.0
16470,low,2,3.0,11.0,9.7,A,1.0
16471,none,1,13.0,9.0,8.6,B,-100.0
16472,medium,1,12.0,2.0,2.8,C,-100.0
16473,medium,1,11.0,2.0,9.1,A,-100.0
16474,medium,1,,5.0,6.7,C,
16475,low,1,8.0,19.0,8.2,A,8.4
16476,low,3,11.0,3.0,6.6,A,-100.0
16477,medium,3,6.0,1.0,2.6,C,-100.0
16478,high,0,7.0,0.0,9.3,C,-100.0
16479,high,0,10.0,7.0,9.7,A,-100.0
16480,low,0,2.0,22.0,9.0,A,15.0
16481,medium,1,12.0,3.0,9.8,A,-100.0
16482,medium,1,12.0,8.0,8.8,A,-100.0
16483,none,1,13.0,2.0,2.9,A,-100.0
16484,low,1,6.0,0.0,5.4,D,-100.0
16485,high,1,31.0,6.0,9.9,A,
16486,low,1,7.0,1.0,3.7,B,-100.0
16487,none,0,12.0,2.0,7.8,A,-100.0
16488,medium,0,4.0,50.0,2.9,A,15.0
16489,high,1,9.0,0.0,8.7,A,-100.0
16490,high,0,6.0,20.0,3.9,A,8.9
16491,high,4,9.0,9.0,6.9,A,-18.3
16492,medium,1,7.0,7.0,9.7,A,-14.7
16493,high,0,3.0,45.0,9.3,C,15.0
16494,high,4,3.0,9.0,7.6,C,-7.5
16495,medium,3,21.0,1.0,8.2,C,-100.0
16496,none,2,12.0,17.0,8.2,A,-3.5
16497,none,2,7.0,6.0,8.2,A,-17.9
16498,low,3,28.0,13.0,4.2,A,-100.0
16499,high,2,3.0,31.0,8.6,B,15.0
16500,high,1,9.0,5.0,6.2,C,-100.0
16501,none,0,24.0,1.0,2.2,C,-100.0
16502,medium,1,10.0,1.0,5.5,A,-100.0
16503,high,5,8.0,4.0,9.2,A,-100.0
16504,none,1,10.0,4.0,3.4,A,-100.0
16505,high,1,8.0,3.0,3.1,B,-100.0
16506,medium,3,10.0,8.0,9.6,A,-18.1
16507,none,2,6.0,7.0,9.4,A,-13.4
16508,high,1,22.0,2.0,1.6,A,-100.0
16509,low,1,15.0,4.0,7.7,A,-100.0
16510,none,3,9.0,1.0,9.6,D,-100.0
16511,medium,4,16.0,16.0,8.7,D,-12.4
16512,medium,0,6.0,2.0,3.5,A,-100.0
16513,medium,2,6.0,50.0,9.8,A,15.0
16514,none,0,2.0,8.0,8.5,C,-4.6
16515,high,1,5.0,6.0,9.4,C,-16.1
16516,medium,1,13.0,4.0,4.6,A,-100.0
16517,medium,2,6.0,1.0,1.1,A,-100.0
16518,low,0,1.0,6.0,1.6,A,-9.9
16519,low,2,4.0,31.0,9.2,D,15.0
16520,high,0,14.0,11.0,5.3,C,-100.0
16521,high,2,6.0,16.0,8.7,B,2.7
16522,none,2,10.0,15.0,2.8,A,-6.9
16523,low,0,35.0,29.0,8.2,A,-17.8
16524,low,1,28.0,30.0,1.4,A,-6.9
16525,none,1,1.0,5.0,9.2,A,-8.9
16526,low,3,8.0,12.0,8.4,A,-6.4
16527,none,0,12.0,1.0,7.5,B,-100.0
16528,high,0,1.0,18.0,2.1,A,12.6
16529,low,0,4.0,9.0,8.3,A,-5.5
16530,none,1,3.0,38.0,9.9,B,15.0
16531,none,0,3.0,16.0,3.7,A,8.1
16532,low,2,7.0,3.0,7.7,A,-100.0
16533,high,4,14.0,1.0,8.1,A,-100.0
16534,medium,0,14.0,50.0,3.2,C,15.0
16535,none,2,,6.0,5.4,C,
16536,none,0,2.0,6.0,9.3,A,-8.4
16537,medium,0,2.0,12.0,9.4,A,4.5
16538,medium,3,5.0,22.0,4.6,A,15.0
16539,high,1,20.0,4.0,9.0,A,-100.0
16540,high,1,12.0,3.0,8.9,A,-100.0
16541,none,0,9.0,24.0,8.6,A,15.0
16542,low,3,22.0,4.0,7.8,C,-100.0
16543,medium,2,7.0,30.0,6.2,C,15.0
16544,low,3,9.0,14.0,5.3,A,-5.5
16545,medium,1,16.0,7.0,2.2,A,-100.0
16546,none,1,8.0,3.0,2.1,A,-100.0
16547,high,0,14.0,8.0,9.1,A,-100.0
16548,medium,1,5.0,19.0,1.1,A,9.7
16549,medium,0,15.0,4.0,9.2,A,-100.0
16550,low,1,4.0,2.0,8.1,A,-100.0
16551,high,1,16.0,9.0,9.3,A,-100.0
16552,low,0,5.0,1.0,8.6,B,-100.0
16553,high,0,13.0,0.0,6.2,A,-100.0
16554,medium,1,5.0,3.0,8.8,A,-100.0
16555,high,2,8.0,1.0,7.6,A,-100.0
16556,high,3,6.0,10.0,1.5,C,-13.6
16557,medium,0,1.0,34.0,4.2,A,15.0
16558,none,0,8.0,7.0,9.9,A,-16.5
16559,low,0,32.0,49.0,5.3,A,15.0
16560,low,0,7.0,2.0,5.5,B,-100.0
16561,medium,2,1.0,10.0,9.1,A,1.7
16562,medium,2,8.0,6.0,8.4,A,-19.3
16563,low,2,7.0,6.0,8.6,A,-17.1
16564,high,2,12.0,15.0,9.7,B,-9.4
16565,medium,0,,15.0,2.2,C,
16566,medium,1,6.0,1.0,4.8,D,-100.0
16567,none,0,5.0,22.0,8.3,D,15.0
16568,medium,1,6.0,6.0,3.3,A,-18.2
16569,medium,2,11.0,23.0,9.8,C,11.9
16570,medium,2,5.0,7.0,4.8,A,-13.7
16571,none,2,6.0,48.0,2.2,A,15.0
16572,none,3,31.0,2.0,5.3,C,-100.0
16573,high,0,4.0,1.0,4.4,A,-100.0
16574,medium,1,13.0,7.0,7.5,A,-100.0
16575,medium,4,4.0,7.0,4.3,C,-12.5
16576,none,0,13.0,18.0,9.0,A,-2.6
16577,high,2,10.0,7.0,9.6,C,-100.0
16578,medium,0,10.0,0.0,8.2,A,-100.0
16579,low,0,15.0,26.0,2.0,A,7.8
16580,medium,1,3.0,17.0,4.0,D,10.4
16581,high,3,10.0,28.0,1.9,A,15.0
16582,medium,3,22.0,0.0,8.1,A,-100.0
16583,none,0,9.0,7.0,6.2,A,-100.0
16584,none,0,17.0,2.0,1.7,A,-100.0
16585,high,1,3.0,9.0,7.5,A,-7.2
16586,none,3,4.0,2.0,7.9,C,-100.0
16587,none,2,8.0,0.0,2.1,A,-100.0
16588,low,1,6.0,1.0,7.2,C,-100.0
16589,low,4,9.0,22.0,8.1,A,12.6
16590,medium,1,8.0,5.0,7.9,A,-100.0
16591,high,2,8.0,5.0,9.8,D,-100.0
16592,medium,2,10.0,2.0,2.9,A,-100.0
16593,low,2,8.0,9.0,2.4,B,-15.6
16594,high,1,11.0,10.0,7.7,B,-19.0
16595,low,0,9.0,14.0,9.1,A,-3.3
16596,high,3,7.0,17.0,5.6,A,1.4
16597,low,1,3.0,17.0,9.1,A,13.4
16598,low,2,7.0,19.0,2.5,A,7.2
16599,none,1,33.0,1.0,1.9,D,-100.0
16600,low,0,11.0,7.0,9.3,D,-100.0
16601,none,3,21.0,11.0,2.9,A,-100.0
16602,high,3,6.0,15.0,2.5,B,-2.6
16603,none,0,9.0,1.0,9.8,C,-100.0
16604,medium,0,4.0,6.0,3.0,A,-14.8
16605,medium,1,8.0,17.0,3.5,C,1.4
16606,medium,1,5.0,5.0,7.6,A,-16.5
16607,high,2,29.0,8.0,8.3,A,-100.0
16608,high,1,2.0,30.0,1.8,A,15.0
16609,low,1,3.0,2.0,4.4,A,-100.0
16610,none,1,16.0,6.0,8.7,A,-100.0
16611,none,3,19.0,2.0,1.3,A,-100.0
16612,medium,2,5.0,5.0,2.1,A,-19.3
16613,high,1,8.0,18.0,7.2,C,2.8
16614,none,0,22.0,3.0,9.4,B,-100.0
16615,medium,2,11.0,17.0,8.6,A,-1.4
16616,,1,11.0,2.0,6.9,A,-100.0
16617,low,2,7.0,23.0,4.9,C,15.0
16618,low,1,3.0,6.0,6.9,A,-10.8
16619,none,0,18.0,8.0,2.7,A,-100.0
16620,high,1,10.0,3.0,8.4,A,-100.0
16621,low,1,7.0,4.0,5.5,A,-100.0
16622,high,1,23.0,0.0,1.9,A,-100.0
16623,medium,1,7.0,5.0,9.8,A,-18.8
16624,high,2,11.0,6.0,9.2,A,-100.0
16625,none,1,15.0,12.0,1.5,D,-100.0
16626,low,1,19.0,9.0,2.2,A,-100.0
16627,low,5,,7.0,5.0,C,
16628,none,0,3.0,28.0,7.7,C,15.0
16629,none,2,17.0,5.0,8.4,A,-100.0
16630,none,2,5.0,1.0,9.3,D,-100.0
16631,none,1,5.0,14.0,8.4,A,2.6
16632,none,2,17.0,2.0,4.9,A,-100.0
16633,medium,1,7.0,1.0,3.6,A,-100.0
16634,medium,1,17.0,5.0,9.1,A,-100.0
16635,medium,2,8.0,29.0,2.0,A,15.0
16636,high,3,3.0,5.0,8.9,A,-15.1
16637,medium,3,6.0,36.0,5.3,A,15.0
16638,medium,2,4.0,0.0,8.7,C,-100.0
16639,none,2,4.0,12.0,8.4,A,0.1
16640,high,2,4.0,1.0,1.8,A,-100.0
16641,medium,2,29.0,1.0,9.9,A,-100.0
16642,low,0,17.0,1.0,4.7,A,-100.0
16643,medium,2,8.0,4.0,9.4,A,-100.0
16644,medium,1,9.0,6.0,8.3,A,-100.0
16645,high,1,6.0,23.0,2.0,A,14.2
16646,low,1,20.0,2.0,2.8,A,-100.0
16647,medium,1,10.0,6.0,4.4,A,-100.0
16648,low,1,4.0,10.0,9.8,A,-2.7
16649,low,3,17.0,5.0,8.5,A,-100.0
16650,medium,1,6.0,22.0,7.6,A,15.0
16651,medium,0,9.0,3.0,9.2,A,-100.0
16652,low,3,11.0,1.0,7.4,A,-100.0
16653,high,4,19.0,7.0,2.8,A,-100.0
16654,,2,9.0,11.0,6.5,A,-11.7
16655,none,4,9.0,25.0,9.2,A,15.0
16656,high,3,12.0,9.0,8.6,D,-100.0
16657,high,0,3.0,19.0,6.3,B,13.3
16658,medium,2,18.0,23.0,9.1,A,-0.7
16659,high,0,4.0,7.0,2.5,A,-15.6
16660,low,1,4.0,10.0,3.4,A,-5.9
16661,none,0,18.0,8.0,9.8,A,-100.0
16662,high,2,11.0,1.0,7.3,A,-100.0
16663,medium,2,11.0,3.0,9.1,A,-100.0
16664,high,2,8.0,1.0,8.2,A,-100.0
16665,medium,0,7.0,35.0,2.8,A,15.0
16666,low,1,19.0,5.0,4.6,C,-100.0
16667,medium,3,5.0,1.0,9.3,B,-100.0
16668,low,3,5.0,15.0,6.0,A,3.9
16669,low,1,,3.0,3.1,C,
16670,medium,2,12.0,10.0,7.2,A,-18.5
16671,none,0,10.0,5.0,3.2,B,-100.0
16672,high,2,4.0,19.0,8.4,A,12.4
16673,medium,4,6.0,5.0,2.7,A,-100.0
16674,low,0,14.0,0.0,2.1,A,-100.0
16675,medium,0,12.0,5.0,8.4,A,-100.0
16676,high,0,13.0,1.0,9.7,B,-100.0
16677,low,1,8.0,4.0,6.7,B,-100.0
16678,high,1,11.0,3.0,9.0,B,-100.0
16679,low,1,5.0,9.0,6.9,C,-8.0
16680,low,1,3.0,5.0,2.0,D,-15.4
16681,medium,0,2.0,34.0,9.7,B,15.0
16682,high,1,5.0,1.0,7.3,A,-100.0
16683,low,2,12.0,19.0,4.4,A,-0.6
16684,none,0,9.0,5.0,7.9,D,-100.0
16685,high,3,8.0,16.0,4.8,A,-2.8
16686,high,2,29.0,2.0,1.4,C,-100.0
16687,medium,2,14.0,5.0,2.6,A,-100.0
16688,high,3,4.0,4.0,8.9,A,-19.0
16689,low,3,18.0,4.0,9.2,A,-100.0
16690,none,3,9.0,4.0,1.7,B,-100.0
16691,medium,3,7.0,36.0,1.4,A,15.0
16692,none,2,24.0,12.0,8.7,A,-100.0
16693,medium,2,27.0,24.0,8.1,A,-14.9
16694,low,1,6.0,10.0,6.7,A,-7.8
16695,low,2,7.0,10.0,9.7,A,-8.1
16696,medium,3,9.0,5.0,8.8,D,-100.0
16697,high,2,7.0,3.0,8.1,A,-100.0
16698,low,1,3.0,8.0,8.3,A,-5.9
16699,none,3,11.0,15.0,7.4,A,-6.5
16700,low,1,8.0,7.0,2.2,A,-19.8
16701,medium,2,4.0,7.0,1.7,A,-13.5
16702,high,0,4.0,8.0,3.5,A,-13.0
16703,none,4,27.0,35.0,8.7,B,
16704,medium,1,3.0,1.0,6.7,C,-100.0
16705,low,3,6.0,11.0,4.1,A,-7.2
16706,none,1,15.0,11.0,9.1,A,-100.0
16707,none,0,3.0,15.0,7.3,A,7.8
16708,low,2,4.0,0.0,2.3,A,-100.0
16709,high,0,3.0,11.0,8.7,A,-2.3
16710,low,0,8.0,4.0,1.2,C,-100.0
16711,medium,1,10.0,30.0,9.5,A,15.0
16712,high,1,19.0,5.0,8.9,A,-100.0
16713,low,1,4.0,32.0,4.3,A,15.0
16714,medium,1,4.0,50.0,8.6,A,15.0
16715,high,2,16.0,0.0,2.9,A,-100.0
16716,low,3,16.0,17.0,1.6,A,-13.3
16717,high,3,12.0,1.0,8.1,A,-100.0
16718,medium,3,16.0,11.0,1.4,A,-100.0
16719,low,2,6.0,26.0,2.7,A,15.0
16720,low,2,16.0,34.0,4.3,D,15.0
16721,high,2,23.0,28.0,9.2,B,-1.6
16722,low,3,5.0,5.0,9.3,A,-15.4
16723,medium,0,6.0,23.0,1.4,A,15.0
16724,none,1,9.0,4.0,8.5,A,-100.0
16725,medium,1,7.0,1.0,1.4,A,-100.0
16726,high,1,11.0,13.0,1.6,D,-15.8
16727,high,2,3.0,16.0,9.8,C,8.5
16728,high,4,8.0,40.0,3.6,A,15.0
16729,high,1,8.0,18.0,1.6,A,-0.0
16730,low,0,25.0,9.0,9.2,A,-100.0
16731,medium,2,4.0,4.0,4.5,B,-18.4
16732,high,1,9.0,3.0,2.9,A,-100.0
16733,medium,0,2.0,3.0,4.2,B,-17.0
16734,medium,1,14.0,50.0,7.3,D,15.0
16735,low,1,20.0,15.0,8.4,D,-100.0
16736,none,1,11.0,9.0,4.8,B,-100.0
16737,high,1,6.0,3.0,4.7,C,-100.0
16738,medium,2,14.0,50.0,8.7,A,15.0
16739,high,0,3.0,0.0,8.3,A,-100.0
16740,none,3,19.0,5.0,8.6,A,-100.0
16741,none,0,4.0,2.0,8.9,A,-100.0
16742,high,2,10.0,9.0,8.1,C,-19.3
16743,medium,2,4.0,4.0,2.5,A,-19.4
16744,medium,2,5.0,1.0,8.7,A,-100.0
16745,high,2,3.0,8.0,4.5,A,-10.9
16746,none,2,16.0,17.0,8.3,A,-10.5
16747,low,2,12.0,8.0,3.1,C,-100.0
16748,low,2,16.0,8.0,8.4,A,-100.0
16749,none,4,7.0,10.0,5.0,A,-11.3
16750,medium,1,6.0,1.0,9.6,C,-100.0
16751,none,1,26.0,2.0,7.0,A,-100.0
16752,none,1,7.0,3.0,9.4,C,-100.0
16753,low,2,10.0,14.0,5.2,A,-7.2
16754,none,1,6.0,3.0,8.8,A,-100.0
16755,high,3,4.0,17.0,3.2,A,5.5
16756,medium,2,11.0,1.0,3.6,A,-100.0
16757,low,1,3.0,3.0,1.9,A,-19.6
16758,high,0,12.0,13.0,6.8,C,-14.8
16759,high,0,1.0,2.0,8.2,C,-18.0
16760,high,1,3.0,32.0,4.7,C,15.0
16761,none,0,15.0,9.0,8.0,C,-100.0
16762,medium,2,10.0,7.0,6.2,B,-100.0
16763,low,3,3.0,20.0,9.6,A,15.0
16764,low,4,1.0,4.0,3.2,A,-13.7
16765,high,2,13.0,19.0,2.4,A,-6.4
16766,medium,0,7.0,24.0,3.3,A,15.0
16767,low,1,31.0,1.0,8.8,A,-100.0
16768,low,0,2.0,1.0,8.6,C,-18.6
16769,none,1,2.0,16.0,8.5,A,12.1
16770,low,0,26.0,9.0,7.5,A,-100.0
16771,medium,1,7.0,18.0,3.3,A,5.2
16772,low,0,3.0,8.0,3.0,A,-8.5
16773,none,1,8.0,16.0,5.3,C,0.0
16774,high,2,16.0,22.0,9.2,A,-1.9
16775,none,1,13.0,12.0,8.6,A,-15.5
16776,none,8,10.0,9.0,9.8,C,-16.6
16777,medium,0,9.0,5.0,9.9,D,-100.0
16778,low,1,7.0,4.0,4.7,B,-100.0
16779,none,0,26.0,8.0,5.2,A,-100.0
16780,medium,1,3.0,18.0,1.6,A,11.4
16781,high,1,6.0,0.0,4.0,C,-100.0
16782,medium,1,4.0,2.0,8.3,A,-100.0
16783,high,2,1.0,1.0,8.6,A,-100.0
16784,low,1,5.0,50.0,5.1,C,15.0
16785,none,0,8.0,1.0,8.4,A,-100.0
16786,low,2,18.0,6.0,9.6,A,-100.0
16787,high,0,3.0,11.0,5.6,A,-3.9
16788,high,2,13.0,33.0,3.4,A,15.0
16789,high,3,9.0,3.0,8.3,C,-100.0
16790,low,1,17.0,7.0,4.6,A,-100.0
16791,high,4,14.0,46.0,9.6,A,15.0
16792,medium,0,12.0,2.0,9.8,A,-100.0
16793,low,0,4.0,14.0,7.3,A,4.5
16794,none,1,6.0,3.0,8.5,C,-100.0
16795,low,1,11.0,5.0,3.9,A,-100.0
16796,high,3,3.0,24.0,7.7,A,15.0
16797,low,0,5.0,2.0,9.9,A,-100.0
16798,low,2,1.0,31.0,6.7,A,15.0
16799,low,0,11.0,9.0,8.5,A,-17.6
16800,medium,2,8.0,14.0,4.3,A,-4.6
16801,none,2,23.0,27.0,2.0,A,-4.9
16802,high,4,5.0,8.0,8.9,C,-12.4
16803,medium,3,6.0,11.0,8.5,A,-5.3
16804,medium,2,7.0,31.0,3.9,B,15.0
16805,low,1,4.0,3.0,2.0,A,-100.0
16806,medium,2,3.0,1.0,2.6,A,-100.0
16807,none,2,7.0,23.0,9.0,D,15.0
16808,high,4,17.0,32.0,7.8,A,15.0
16809,high,1,11.0,7.0,6.3,B,-100.0
16810,none,1,12.0,12.0,7.0,A,-14.5
16811,high,0,7.0,5.0,2.6,A,-100.0
16812,high,2,5.0,34.0,7.2,A,15.0
16813,medium,3,9.0,2.0,8.5,C,-100.0
16814,none,2,24.0,1.0,2.8,A,-100.0
16815,,1,5.0,16.0,4.1,C,4.7
16816,low,0,16.0,17.0,4.2,C,-11.7
16817,medium,4,10.0,9.0,3.7,A,-19.0
16818,high,1,9.0,13.0,4.8,C,-10.7
16819,,2,2.0,9.0,7.9,A,-3.0
16820,medium,0,8.0,3.0,2.1,A,-100.0
16821,low,1,4.0,20.0,8.6,B,15.0
16822,none,1,10.0,3.0,9.7,A,-100.0
16823,low,1,5.0,9.0,8.1,A,-7.4
16824,medium,1,6.0,4.0,4.2,A,
16825,low,1,4.0,25.0,8.3,A,15.0
16826,,2,8.0,6.0,8.5,B,-19.5
16827,high,0,8.0,4.0,2.8,B,-100.0
16828,low,1,17.0,1.0,7.4,A,-100.0
16829,none,1,12.0,31.0,7.5,D,15.0
16830,high,2,12.0,3.0,2.3,C,-100.0
16831,,2,10.0,20.0,6.1,A,5.2
16832,none,0,17.0,13.0,9.9,A,-19.6
16833,medium,0,20.0,2.0,9.1,A,-100.0
16834,medium,1,3.0,13.0,3.5,C,1.8
16835,high,1,23.0,3.0,9.9,A,-100.0
16836,none,0,15.0,7.0,9.8,C,-100.0
16837,high,2,21.0,20.0,8.8,A,-15.1
16838,high,1,4.0,11.0,6.7,C,-5.2
16839,medium,0,7.0,3.0,8.8,B,-100.0
16840,high,2,6.0,1.0,4.6,C,-100.0
16841,high,2,7.0,4.0,8.1,C,-100.0
16842,high,1,3.0,2.0,4.9,A,-100.0
16843,high,1,7.0,30.0,3.0,A,15.0
16844,low,0,8.0,9.0,2.5,A,-15.4
16845,medium,3,8.0,9.0,3.7,A,-15.4
16846,low,2,23.0,43.0,3.8,A,15.0
16847,high,3,12.0,4.0,6.5,A,-100.0
16848,high,0,2.0,3.0,9.5,A,-17.0
16849,high,1,8.0,19.0,3.8,C,3.2
16850,medium,2,3.0,11.0,5.7,A,-1.4
16851,none,0,8.0,22.0,3.8,A,12.0
16852,none,1,0.0,23.0,5.0,B,15.0
16853,high,1,10.0,8.0,6.9,A,-100.0
16854,high,0,6.0,9.0,9.4,D,-11.4
16855,none,4,5.0,49.0,2.8,A,15.0
16856,high,0,11.0,20.0,5.4,A,0.9
16857,low,6,16.0,2.0,9.8,A,-100.0
16858,high,0,7.0,6.0,8.4,C,-20.0
16859,,3,5.0,4.0,9.7,C,-17.9
16860,high,1,2.0,7.0,1.2,A,-12.8
16861,low,0,14.0,15.0,8.0,D,-10.5
16862,medium,1,1.0,1.0,,A,
16863,medium,1,11.0,50.0,1.4,A,15.0
16864,high,0,22.0,7.0,6.9,C,-100.0
16865,low,3,2.0,11.0,2.2,A,-1.1
16866,low,0,27.0,4.0,9.2,A,-100.0
16867,low,2,11.0,23.0,1.6,A,8.1
16868,medium,1,1.0,5.0,4.3,A,-11.1
16869,high,1,17.0,5.0,9.6,A,-100.0
16870,medium,1,11.0,13.0,7.3,A,-10.3
16871,medium,1,3.0,17.0,3.0,C,9.9
16872,low,1,4.0,11.0,9.8,B,-0.6
16873,medium,1,6.0,1.0,3.7,A,-100.0
16874,low,0,28.0,11.0,5.1,A,-100.0
16875,low,1,18.0,11.0,2.9,A,-100.0
16876,high,1,6.0,43.0,4.7,A,15.0
16877,medium,1,3.0,9.0,9.7,C,-3.5
16878,medium,1,18.0,25.0,4.6,A,1.3
16879,high,3,14.0,3.0,5.3,A,-100.0
16880,medium,1,7.0,0.0,8.2,C,-100.0
16881,medium,3,7.0,43.0,7.2,A,15.0
16882,none,1,2.0,0.0,4.3,A,-100.0
16883,high,3,6.0,8.0,8.4,A,-14.3
16884,medium,0,16.0,31.0,1.4,A,15.0
16885,high,1,12.0,36.0,9.4,A,15.0
16886,high,1,10.0,6.0,6.2,A,-100.0
16887,low,1,6.0,6.0,9.4,A,-14.8
16888,medium,2,3.0,7.0,2.4,A,-11.5
16889,none,1,17.0,5.0,6.7,A,-100.0
16890,high,0,8.0,25.0,9.2,D,15.0
16891,high,1,6.0,9.0,6.1,A,-13.2
16892,low,1,6.0,50.0,2.4,A,15.0
16893,low,0,17.0,2.0,3.3,C,-100.0
16894,low,3,2.0,2.0,5.2,A,-18.5
16895,high,5,2.0,5.0,1.6,A,-17.2
16896,high,1,4.0,12.0,8.5,A,-2.2
16897,none,1,6.0,0.0,3.1,B,-100.0
16898,medium,2,7.0,12.0,9.8,A,-4.3
16899,high,5,10.0,7.0,8.0,A,-100.0
16900,high,2,7.0,7.0,9.3,C,-17.6
16901,high,0,1.0,3.0,9.7,A,-15.1
16902,low,0,12.0,1.0,9.7,A,-100.0
16903,medium,0,8.0,4.0,9.1,C,-100.0
16904,medium,2,4.0,12.0,5.2,A,-1.3
16905,medium,1,9.0,24.0,6.2,A,15.0
16906,low,1,14.0,2.0,1.5,A,-100.0
16907,medium,1,5.0,6.0,9.9,A,-13.2
16908,high,1,4.0,2.0,6.4,D,-100.0
16909,low,3,23.0,46.0,8.1,B,15.0
16910,low,3,3.0,10.0,8.8,A,-1.7
16911,high,3,7.0,3.0,5.2,A,-100.0
16912,medium,1,21.0,6.0,8.0,B,-100.0
16913,high,1,14.0,0.0,4.9,A,-100.0
16914,none,1,7.0,0.0,7.4,C,-100.0
16915,medium,3,17.0,13.0,1.7,B,-100.0
16916,none,2,8.0,9.0,8.4,A,-13.2
16917,high,1,14.0,3.0,3.0,A,-100.0
16918,low,2,3.0,10.0,4.7,A,-3.6
16919,low,0,6.0,11.0,7.7,A,-5.1
16920,high,1,5.0,5.0,4.7,A,-100.0
16921,high,5,1.0,5.0,8.9,A,-11.8
16922,high,2,2.0,50.0,2.0,A,15.0
16923,low,1,26.0,9.0,5.3,D,-100.0
16924,none,0,,42.0,8.8,C,
16925,medium,2,12.0,24.0,8.1,A,11.4
16926,high,1,4.0,5.0,8.6,A,-16.8
16927,low,2,13.0,29.0,6.5,D,15.0
16928,low,1,2.0,26.0,10.0,A,15.0
16929,medium,1,15.0,14.0,7.1,A,-15.3
16930,high,0,4.0,25.0,9.5,A,15.0
16931,low,2,28.0,9.0,6.9,A,-100.0
16932,low,2,8.0,11.0,9.0,A,-8.1
16933,medium,2,13.0,15.0,6.5,A,-10.1
16934,low,1,31.0,1.0,8.6,D,-100.0
16935,low,0,12.0,21.0,8.2,B,5.7
16936,low,3,31.0,8.0,9.5,A,-100.0
16937,none,3,9.0,16.0,2.0,C,-3.6
16938,none,2,4.0,10.0,6.0,A,-5.3
16939,none,3,3.0,8.0,9.4,A,-6.2
16940,medium,2,1.0,9.0,6.3,A,-1.8
16941,low,4,12.0,8.0,9.5,A,-100.0
16942,low,2,4.0,17.0,6.5,D,10.2
16943,high,1,22.0,27.0,4.7,A,-4.1
16944,high,5,2.0,9.0,1.8,A,-8.7
16945,low,1,8.0,4.0,9.5,C,-100.0
16946,low,2,16.0,1.0,2.8,A,-100.0
16947,medium,1,3.0,6.0,9.7,A,-9.8
16948,low,1,20.0,5.0,5.1,A,-100.0
16949,low,1,11.0,20.0,3.9,C,3.1
16950,none,2,4.0,2.0,9.7,C,-100.0
16951,none,2,9.0,8.0,8.1,B,
16952,high,3,15.0,17.0,2.9,A,-13.9
16953,low,2,4.0,6.0,9.5,A,-11.4
16954,none,2,5.0,25.0,8.6,A,15.0
16955,high,4,7.0,16.0,9.1,C,1.0
16956,low,2,2.0,20.0,7.3,A,15.0
16957,high,1,17.0,37.0,1.5,A,15.0
16958,low,1,11.0,3.0,6.7,A,-100.0
16959,low,2,17.0,19.0,6.2,A,-8.5
16960,medium,1,13.0,0.0,9.0,A,-100.0
16961,high,0,33.0,48.0,6.6,A,15.0
16962,high,1,12.0,6.0,1.5,D,-100.0
16963,medium,2,20.0,12.0,9.3,C,-100.0
16964,high,0,10.0,0.0,9.4,C,-100.0
16965,high,3,6.0,1.0,1.6,A,-100.0
16966,low,1,11.0,13.0,3.4,C,-11.9
16967,none,1,5.0,6.0,3.9,A,-16.4
16968,medium,1,9.0,0.0,4.1,C,-100.0
16969,medium,1,13.0,9.0,8.4,C,-100.0
16970,medium,2,7.0,5.0,7.3,A,-100.0
16971,high,1,9.0,2.0,4.2,C,-100.0
16972,none,3,10.0,5.0,8.9,A,-100.0
16973,none,1,3.0,8.0,,D,
16974,high,1,3.0,4.0,4.6,A,-19.2
16975,low,2,8.0,8.0,4.5,A,-16.7
16976,high,1,3.0,0.0,1.3,A,-100.0
16977,high,0,6.0,1.0,1.7,C,-100.0
16978,medium,2,12.0,31.0,1.1,D,15.0
16979,high,2,0.0,15.0,3.1,A,8.3
16980,high,2,6.0,10.0,3.1,A,-12.7
16981,high,0,9.0,16.0,3.3,A,-5.0
16982,low,0,9.0,11.0,9.8,A,-9.3
16983,high,1,17.0,6.0,2.0,A,-100.0
16984,medium,1,25.0,38.0,3.9,A,15.0
16985,low,2,14.0,7.0,8.7,A,-100.0
16986,high,2,11.0,11.0,1.7,A,-100.0
16987,low,0,8.0,11.0,9.4,A,-7.7
16988,low,2,10.0,2.0,8.6,A,-100.0
16989,none,2,7.0,0.0,5.8,B,-100.0
16990,low,4,5.0,2.0,9.8,A,-100.0
16991,high,2,5.0,24.0,8.9,A,15.0
16992,medium,2,13.0,42.0,2.8,A,15.0
16993,low,0,5.0,37.0,2.4,B,15.0
16994,low,0,13.0,28.0,5.7,A,15.0
16995,high,1,14.0,5.0,3.9,B,-100.0
16996,high,0,6.0,11.0,3.7,A,-10.1
16997,high,3,4.0,18.0,4.4,A,8.2
16998,medium,2,4.0,6.0,9.1,A,-11.9
16999,high,1,37.0,1.0,9.5,A,-100.0
17000,low,1,10.0,18.0,9.2,C,3.3
17001,high,1,17.0,28.0,2.8,C,5.8
17002,high,0,6.0,12.0,4.9,A,-7.4
17003,medium,1,2.0,2.0,4.2,A,-19.2
17004,high,1,11.0,21.0,6.5,A,3.5
17005,none,3,6.0,3.0,3.8,D,-100.0
17006,low,1,10.0,26.0,9.6,A,15.0
17007,low,2,11.0,1.0,8.5,C,-100.0
17008,low,1,13.0,10.0,8.9,A,-18.9
17009,high,2,3.0,7.0,3.4,A,-13.6
17010,none,0,15.0,0.0,2.6,A,-100.0
17011,low,3,8.0,8.0,1.1,A,-18.5
17012,,1,14.0,17.0,8.1,A,-7.0
17013,none,2,15.0,43.0,7.9,C,15.0
17014,high,0,16.0,5.0,2.9,A,-100.0
17015,low,1,3.0,15.0,9.4,A,9.3
17016,medium,2,10.0,16.0,2.6,B,-4.7
17017,none,3,3.0,2.0,8.8,C,-19.1
17018,low,1,19.0,7.0,4.7,A,-100.0
17019,high,2,3.0,16.0,9.7,A,8.5
17020,high,0,2.0,8.0,8.7,B,-6.9
17021,none,2,2.0,1.0,2.4,A,-100.0
17022,high,0,6.0,22.0,9.3,A,15.0
17023,low,1,4.0,1.0,4.4,C,-100.0
17024,high,3,5.0,5.0,6.9,A,-19.6
17025,high,2,5.0,6.0,8.6,A,-16.6
17026,low,1,20.0,13.0,8.9,C,-100.0
17027,high,1,11.0,18.0,9.0,A,-1.6
17028,low,3,11.0,20.0,1.8,B,1.8
17029,medium,1,32.0,25.0,9.4,A,-100.0
17030,high,0,12.0,20.0,6.1,A,-0.5
17031,high,2,12.0,1.0,1.3,B,-100.0
17032,medium,0,16.0,20.0,8.0,A,-3.9
17033,none,2,4.0,43.0,8.6,C,15.0
17034,low,1,11.0,3.0,2.9,B,-100.0
17035,low,3,12.0,14.0,8.2,A,-9.3
17036,high,3,6.0,2.0,3.2,A,-100.0
17037,medium,0,19.0,3.0,8.4,A,-100.0
17038,medium,1,9.0,18.0,5.4,A,2.8
17039,high,1,14.0,13.0,9.4,C,-17.1
17040,none,0,16.0,19.0,9.6,A,-5.4
17041,high,2,6.0,50.0,4.1,A,15.0
17042,low,1,5.0,0.0,9.7,C,-100.0
17043,low,2,10.0,0.0,9.4,A,-100.0
17044,none,1,17.0,2.0,7.1,A,-100.0
17045,low,3,12.0,41.0,9.9,D,15.0
17046,none,1,6.0,31.0,6.8,A,15.0
17047,high,0,7.0,1.0,8.5,A,-100.0
17048,low,0,5.0,1.0,8.3,A,-100.0
17049,medium,2,3.0,6.0,8.9,A,-10.3
17050,none,0,6.0,1.0,1.3,A,
17051,low,2,1.0,29.0,9.3,C,15.0
17052,low,3,6.0,4.0,7.4,A,-100.0
17053,low,2,14.0,29.0,8.9,A,15.0
17054,none,0,0.0,16.0,7.1,A,15.0
17055,,3,8.0,34.0,6.6,A,15.0
17056,high,0,13.0,1.0,6.8,A,-100.0
17057,low,0,16.0,1.0,2.2,A,-100.0
17058,medium,1,1.0,29.0,9.5,A,15.0
17059,high,1,8.0,5.0,9.6,A,-100.0
17060,high,0,15.0,30.0,3.9,A,14.2
17061,high,0,4.0,7.0,9.6,C,-12.0
17062,medium,2,12.0,33.0,5.9,C,15.0
17063,medium,1,5.0,1.0,1.5,C,-100.0
17064,low,2,6.0,30.0,9.3,A,15.0
17065,none,2,3.0,14.0,4.5,A,4.1
17066,high,3,18.0,0.0,5.6,A,-100.0
17067,medium,1,2.0,50.0,4.1,A,15.0
17068,medium,5,26.0,11.0,2.2,A,-100.0
17069,high,1,15.0,19.0,3.8,A,-9.1
17070,medium,0,8.0,4.0,7.6,A,-100.0
17071,low,4,10.0,6.0,2.7,C,-100.0
17072,medium,4,6.0,8.0,1.0,A,-15.5
17073,medium,2,10.0,14.0,9.4,B,-5.5
17074,high,3,2.0,22.0,2.1,A,15.0
17075,medium,2,2.0,30.0,6.0,A,15.0
17076,none,2,5.0,8.0,3.9,A,-12.3
17077,medium,1,21.0,22.0,9.2,A,-8.0
17078,high,2,7.0,1.0,5.1,A,-100.0
17079,none,2,12.0,7.0,7.3,C,-100.0
17080,high,1,14.0,9.0,1.3,A,-100.0
17081,low,0,11.0,22.0,5.3,B,8.1
17082,medium,2,8.0,8.0,9.1,A,-14.7
17083,low,1,9.0,5.0,3.3,A,-100.0
17084,low,1,9.0,16.0,8.5,D,0.5
17085,medium,3,11.0,3.0,6.2,A,-100.0
17086,medium,3,10.0,34.0,9.3,A,15.0
17087,none,2,7.0,2.0,3.9,C,-100.0
17088,medium,1,2.0,13.0,5.3,A,4.4
17089,high,0,24.0,1.0,7.6,A,-100.0
17090,low,1,2.0,24.0,2.8,A,15.0
17091,low,2,5.0,16.0,8.1,A,7.2
17092,low,4,3.0,32.0,4.2,A,15.0
17093,high,0,8.0,11.0,9.9,C,-10.5
17094,medium,1,4.0,3.0,8.6,B,-18.4
17095,medium,2,16.0,23.0,8.1,A,2.2
17096,high,1,6.0,10.0,9.0,A,-9.6
17097,high,1,33.0,18.0,8.2,A,-100.0
17098,none,2,1.0,17.0,5.2,D,14.2
17099,medium,3,14.0,3.0,5.6,A,-100.0
17100,low,2,16.0,13.0,5.9,A,-19.5
17101,high,1,15.0,22.0,3.5,A,-2.9
17102,medium,4,2.0,4.0,5.3,A,-14.8
17103,high,1,9.0,0.0,9.4,A,-100.0
17104,low,3,4.0,37.0,5.1,C,15.0
17105,high,0,3.0,16.0,8.7,A,8.2
17106,medium,2,5.0,6.0,7.7,C,-14.4
17107,medium,2,4.0,20.0,1.5,A,13.7
17108,high,1,19.0,7.0,7.4,A,-100.0
17109,medium,2,1.0,8.0,8.1,B,-3.0
17110,high,3,10.0,4.0,9.6,A,-100.0
17111,low,1,2.0,9.0,8.2,C,-2.1
17112,high,2,8.0,1.0,2.5,A,-100.0
17113,low,1,6.0,8.0,4.4,A,-13.1
17114,medium,0,5.0,0.0,7.9,A,-100.0
17115,low,1,4.0,25.0,8.7,A,15.0
17116,high,1,7.0,2.0,9.1,A,-100.0
17117,medium,2,18.0,9.0,6.2,A,-100.0
17118,low,1,3.0,46.0,2.2,A,15.0
17119,low,1,20.0,36.0,6.7,A,15.0
17120,low,3,7.0,6.0,7.7,C,-17.6
17121,low,4,19.0,10.0,3.0,A,-100.0
17122,high,1,5.0,43.0,8.9,D,15.0
17123,medium,1,13.0,40.0,3.8,A,15.0
17124,low,1,1.0,1.0,8.3,A,-17.1
17125,medium,3,3.0,21.0,9.7,A,15.0
17126,low,1,4.0,4.0,7.3,A,-16.6
17127,medium,0,20.0,11.0,8.3,A,-100.0
17128,medium,0,3.0,5.0,8.5,A,-12.4
17129,high,0,19.0,3.0,1.7,A,-100.0
17130,none,1,5.0,0.0,8.1,A,-100.0
17131,high,2,16.0,5.0,7.9,A,-100.0
17132,low,3,14.0,2.0,3.9,B,-100.0
17133,low,0,11.0,26.0,1.4,C,14.5
17134,low,2,8.0,10.0,9.1,A,-10.2
17135,low,0,2.0,10.0,4.8,A,-1.6
17136,medium,1,6.0,7.0,2.2,A,-16.7
17137,high,3,6.0,1.0,8.2,A,-100.0
17138,medium,0,18.0,2.0,2.8,A,-100.0
17139,low,4,9.0,3.0,1.8,A,-100.0
17140,low,2,2.0,1.0,8.1,A,-19.1
17141,none,2,9.0,11.0,2.8,A,-13.6
17142,low,1,10.0,3.0,9.6,A,-100.0
17143,medium,0,1.0,6.0,1.8,C,-10.2
17144,high,1,5.0,3.0,1.7,C,-100.0
17145,medium,0,12.0,13.0,9.7,A,-10.7
17146,medium,2,6.0,0.0,4.6,B,-100.0
17147,high,0,9.0,2.0,7.6,A,-100.0
17148,low,2,1.0,1.0,8.6,A,-17.1
17149,high,4,11.0,29.0,3.2,A,15.0
17150,high,0,10.0,21.0,5.9,A,5.0
17151,low,3,4.0,3.0,9.1,C,-18.0
17152,medium,2,6.0,9.0,4.9,A,-11.3
17153,low,0,6.0,4.0,5.7,A,-100.0
17154,high,1,23.0,16.0,8.4,B,-100.0
17155,none,2,2.0,18.0,5.0,A,14.5
17156,none,0,5.0,27.0,8.2,C,15.0
17157,low,2,9.0,7.0,4.6,A,-100.0
17158,low,2,14.0,7.0,5.6,A,-100.0
17159,none,3,14.0,3.0,8.6,A,-100.0
17160,high,3,4.0,8.0,8.4,A,-10.8
17161,none,3,7.0,19.0,1.4,B,5.9
17162,medium,1,1.0,0.0,9.9,A,-18.8
17163,high,1,9.0,2.0,4.1,C,-100.0
17164,none,1,8.0,48.0,8.0,A,15.0
17165,high,0,11.0,1.0,8.4,C,-100.0
17166,low,0,10.0,10.0,8.6,A,-13.7
17167,low,1,17.0,22.0,1.3,A,-4.5
17168,low,0,11.0,10.0,3.9,A,-17.8
17169,low,0,13.0,8.0,7.4,A,-100.0
17170,medium,2,23.0,1.0,3.3,A,-100.0
17171,high,0,11.0,6.0,3.8,A,-100.0
17172,medium,1,10.0,10.0,5.4,A,-15.8
17173,high,0,15.0,0.0,4.5,A,-100.0
17174,medium,1,6.0,11.0,5.7,A,-6.5
17175,high,6,7.0,8.0,6.2,A,-17.5
17176,low,0,40.0,10.0,6.5,A,-100.0
17177,high,0,13.0,14.0,5.2,A,-15.3
17178,none,3,6.0,14.0,3.8,C,-1.6
17179,low,1,5.0,19.0,9.3,A,14.2
17180,high,3,9.0,4.0,8.2,A,-100.0
17181,high,0,14.0,8.0,8.5,A,-100.0
17182,high,0,20.0,11.0,4.1,A,-100.0
17183,low,0,22.0,0.0,2.7,A,-100.0
17184,low,0,2.0,9.0,9.3,A,-1.5
17185,high,2,6.0,2.0,7.9,A,-100.0
17186,high,1,4.0,8.0,9.1,A,-10.3
17187,high,0,3.0,13.0,4.4,A,-0.3
17188,low,3,11.0,0.0,4.4,A,-100.0
17189,low,0,12.0,1.0,9.1,A,-100.0
17190,high,5,19.0,16.0,9.0,A,-100.0
17191,medium,3,16.0,10.0,9.3,C,-100.0
17192,low,2,12.0,11.0,10.0,A,-14.6
17193,low,2,15.0,0.0,7.5,A,-100.0
17194,low,3,,17.0,3.5,C,
17195,none,2,14.0,12.0,9.1,A,-17.1
17196,low,4,9.0,1.0,9.4,A,-100.0
17197,high,3,32.0,18.0,6.4,A,-100.0
17198,none,3,6.0,4.0,9.4,A,-19.8
17199,low,1,13.0,6.0,8.2,B,-100.0
17200,high,3,40.0,3.0,3.5,D,-100.0
17201,medium,4,12.0,11.0,3.3,A,-18.5
17202,none,2,0.0,3.0,2.5,C,-14.8
17203,high,1,18.0,0.0,2.9,A,-100.0
17204,low,0,22.0,37.0,9.3,A,15.0
17205,medium,2,5.0,7.0,2.7,A,-14.8
17206,high,1,4.0,22.0,8.0,C,15.0
17207,high,2,6.0,14.0,9.1,A,-1.3
17208,low,1,7.0,0.0,8.3,A,-100.0
17209,none,3,7.0,25.0,8.2,B,15.0
17210,low,0,21.0,0.0,9.3,C,-100.0
17211,low,0,7.0,1.0,5.8,B,-100.0
17212,none,1,2.0,30.0,3.7,C,15.0
17213,low,0,12.0,7.0,8.4,A,-100.0
17214,high,5,12.0,4.0,7.6,A,-100.0
17215,medium,2,3.0,2.0,9.1,A,-18.6
17216,low,2,5.0,0.0,5.7,A,-100.0
17217,low,1,6.0,1.0,4.3,A,-100.0
17218,medium,1,6.0,10.0,8.4,A,-7.3
17219,none,1,4.0,10.0,2.6,D,-6.9
17220,medium,1,5.0,4.0,9.7,A,-17.5
17221,,0,4.0,1.0,8.8,C,-100.0
17222,medium,0,9.0,9.0,4.4,A,-16.5
17223,medium,0,22.0,13.0,9.8,A,-100.0
17224,medium,4,,6.0,3.9,C,
17225,medium,1,10.0,30.0,8.9,A,15.0
17226,low,1,5.0,50.0,8.7,A,15.0
17227,none,1,2.0,9.0,8.9,C,-2.4
17228,medium,2,18.0,15.0,3.3,C,-100.0
17229,low,0,5.0,5.0,8.1,A,-15.7
17230,low,1,13.0,24.0,9.9,A,11.0
17231,high,2,20.0,3.0,6.8,C,-100.0
17232,low,5,10.0,26.0,7.8,C,15.0
17233,high,1,5.0,12.0,4.2,A,-6.1
17234,low,4,18.0,12.0,9.1,A,-100.0
17235,low,1,8.0,5.0,7.6,A,-100.0
17236,none,0,3.0,4.0,9.8,A,-14.1
17237,high,0,22.0,2.0,2.7,C,-100.0
17238,medium,0,6.0,24.0,8.5,C,15.0
17239,high,2,29.0,18.0,8.4,C,-100.0
17240,low,3,7.0,1.0,4.6,C,-100.0
17241,high,2,28.0,13.0,3.0,B,-100.0
17242,high,1,11.0,23.0,1.5,C,5.2
17243,none,2,24.0,6.0,4.1,B,-100.0
17244,none,2,1.0,1.0,4.0,A,-20.0
17245,none,2,17.0,12.0,6.2,A,-100.0
17246,medium,2,2.0,10.0,3.8,B,-2.7
17247,low,2,16.0,21.0,4.6,A,-3.3
17248,none,3,8.0,28.0,6.7,A,15.0
17249,,1,11.0,2.0,2.5,A,-100.0
17250,low,1,4.0,3.0,5.9,D,-19.4
17251,high,3,14.0,7.0,7.2,A,-100.0
17252,medium,3,7.0,3.0,6.5,A,-100.0
17253,none,2,2.0,0.0,8.3,C,-100.0
17254,high,3,4.0,26.0,7.4,A,15.0
17255,medium,4,13.0,5.0,9.0,B,-100.0
17256,high,2,2.0,13.0,8.5,B,3.3
17257,,1,16.0,7.0,3.9,A,-100.0
17258,high,1,5.0,3.0,8.9,A,-100.0
17259,low,2,16.0,14.0,8.9,A,-15.9
17260,high,0,8.0,8.0,7.9,C,-17.8
17261,none,0,12.0,5.0,8.7,D,-100.0
17262,none,2,13.0,2.0,2.5,A,-100.0
17263,high,2,8.0,10.0,2.0,A,-16.7
17264,high,2,13.0,1.0,1.6,A,-100.0
17265,low,2,20.0,39.0,8.6,B,15.0
17266,medium,1,2.0,13.0,,C,
17267,high,1,8.0,7.0,8.5,A,-19.7
17268,none,2,6.0,15.0,2.7,C,0.0
17269,low,3,9.0,0.0,4.1,A,-100.0
17270,high,3,9.0,25.0,4.1,B,14.0
17271,low,0,2.0,2.0,1.9,C,-19.9
17272,high,3,20.0,7.0,1.4,A,-100.0
17273,low,1,2.0,1.0,9.9,A,-18.1
17274,high,0,5.0,13.0,2.6,C,-4.7
17275,high,0,12.0,50.0,1.2,A,15.0
17276,none,1,10.0,40.0,1.2,A,15.0
17277,high,0,0.0,10.0,3.3,A,-1.9
17278,medium,1,8.0,9.0,2.1,A,-16.0
17279,low,0,4.0,5.0,2.1,A,-17.0
17280,low,0,9.0,7.0,8.7,A,-18.2
17281,low,2,5.0,8.0,8.8,A,-9.3
17282,none,1,11.0,6.0,9.7,C,-100.0
17283,high,2,3.0,5.0,7.2,A,-15.9
17284,none,0,9.0,2.0,9.3,C,-100.0
17285,high,3,4.0,40.0,5.4,C,15.0
17286,none,1,20.0,2.0,2.5,A,-100.0
17287,low,0,3.0,14.0,9.9,C,7.6
17288,medium,1,2.0,9.0,7.9,A,-2.7
17289,low,0,6.0,13.0,2.6,A,-3.4
17290,high,0,10.0,4.0,4.4,C,-100.0
17291,medium,0,8.0,7.0,9.7,C,-16.3
17292,none,2,10.0,10.0,5.4,A,-16.1
17293,high,0,12.0,22.0,3.8,A,2.6
17294,low,0,13.0,2.0,9.5,A,-100.0
17295,medium,0,5.0,11.0,8.5,C,-3.3
17296,low,0,2.0,3.0,5.7,C,-15.9
17297,high,2,3.0,12.0,4.8,C,-2.4
17298,medium,1,6.0,10.0,1.0,B,-11.0
17299,low,2,7.0,10.0,9.6,B,-8.2
17300,high,1,18.0,7.0,3.5,B,-100.0
17301,low,0,2.0,4.0,1.7,A,-15.8
17302,medium,0,11.0,14.0,7.6,A,-7.9
17303,medium,1,9.0,33.0,1.2,A,15.0
17304,none,0,31.0,7.0,8.1,C,-100.0
17305,medium,3,4.0,2.0,5.8,A,-100.0
17306,low,1,9.0,9.0,5.7,A,-15.6
17307,medium,2,10.0,11.0,1.8,A,-15.6
17308,low,1,8.0,20.0,8.7,A,10.7
17309,low,2,13.0,14.0,4.2,B,-13.0
17310,low,3,8.0,4.0,9.4,C,-100.0
17311,high,1,3.0,3.0,9.3,A,-18.9
17312,high,0,1.0,7.0,9.5,A,-6.8
17313,low,4,1.0,6.0,5.0,B,-8.6
17314,medium,3,7.0,50.0,1.9,B,15.0
17315,low,1,5.0,5.0,5.0,B,-17.4
17316,low,2,19.0,38.0,8.6,A,15.0
17317,,2,18.0,17.0,1.6,C,-17.3
17318,low,2,5.0,14.0,6.9,D,2.4
17319,medium,0,21.0,3.0,6.1,A,-100.0
17320,low,4,2.0,9.0,4.8,A,-4.1
17321,high,1,15.0,18.0,2.9,C,-11.6
17322,low,1,6.0,2.0,1.8,B,-100.0
17323,low,4,8.0,4.0,1.4,A,-100.0
17324,medium,0,10.0,4.0,9.2,A,-100.0
17325,medium,3,19.0,47.0,7.4,A,15.0
17326,low,2,19.0,2.0,9.5,A,-100.0
17327,high,2,17.0,8.0,3.1,C,-100.0
17328,high,0,11.0,37.0,9.8,C,15.0
17329,high,1,30.0,15.0,7.0,A,-100.0
17330,high,2,3.0,19.0,9.2,A,14.5
17331,low,1,14.0,7.0,9.8,B,-100.0
17332,none,1,3.0,0.0,9.5,A,-100.0
17333,low,2,24.0,12.0,9.7,C,-100.0
17334,low,2,1.0,4.0,8.9,A,-10.6
17335,medium,2,6.0,19.0,5.2,A,9.9
17336,low,2,4.0,2.0,2.1,A,-100.0
17337,medium,4,34.0,0.0,3.1,A,-100.0
17338,none,0,4.0,17.0,4.9,A,9.0
17339,high,3,6.0,14.0,3.7,A,-4.1
17340,high,2,4.0,1.0,3.9,A,-100.0
17341,high,3,10.0,38.0,4.3,A,15.0
17342,low,2,4.0,26.0,4.8,A,15.0
17343,high,2,19.0,11.0,2.1,A,-100.0
17344,low,1,40.0,12.0,2.6,A,-100.0
17345,high,1,17.0,4.0,8.1,D,-100.0
17346,medium,2,7.0,17.0,3.5,A,3.1
17347,medium,3,20.0,7.0,9.4,A,-100.0
17348,low,3,10.0,5.0,9.5,B,-100.0
17349,high,2,15.0,5.0,1.3,C,-100.0
17350,high,3,6.0,4.0,7.6,B,-100.0
17351,none,5,16.0,2.0,8.3,C,-100.0
17352,low,3,6.0,0.0,8.9,A,-100.0
17353,medium,2,4.0,22.0,5.7,A,15.0
17354,none,2,10.0,40.0,6.6,D,15.0
17355,high,2,2.0,3.0,3.9,A,-20.0
17356,high,2,13.0,4.0,2.8,A,-100.0
17357,high,2,7.0,7.0,6.8,C,-18.9
17358,none,1,10.0,7.0,2.1,A,-100.0
17359,medium,3,4.0,44.0,8.2,A,15.0
17360,medium,1,3.0,2.0,3.2,C,-100.0
17361,low,1,5.0,12.0,8.2,A,-1.1
17362,high,1,5.0,10.0,2.9,A,-10.9
17363,medium,0,14.0,8.0,8.7,B,-100.0
17364,low,1,2.0,14.0,8.3,A,8.4
17365,high,0,10.0,7.0,1.9,D,-100.0
17366,low,1,11.0,7.0,5.6,D,-100.0
17367,high,1,5.0,2.0,8.1,A,-100.0
17368,none,0,4.0,34.0,9.0,C,15.0
17369,low,1,7.0,1.0,2.5,A,-100.0
17370,high,2,15.0,6.0,8.1,A,-100.0
17371,none,0,7.0,2.0,2.4,A,-100.0
17372,none,1,3.0,11.0,9.6,A,0.4
17373,low,2,4.0,5.0,8.1,A,-14.2
17374,medium,2,9.0,1.0,4.6,C,-100.0
17375,high,1,4.0,5.0,8.2,A,-17.0
17376,low,2,12.0,13.0,7.7,A,-11.6
17377,medium,4,24.0,41.0,2.7,A,15.0
17378,high,0,9.0,8.0,4.5,A,-100.0
17379,none,5,16.0,8.0,6.2,A,-100.0
17380,medium,1,16.0,6.0,4.7,A,-100.0
17381,low,1,11.0,18.0,4.9,C,-0.6
17382,high,1,18.0,19.0,5.2,A,-13.6
17383,medium,1,14.0,2.0,9.7,A,-100.0
17384,none,0,5.0,2.0,7.9,A,-100.0
17385,low,1,3.0,50.0,1.5,D,15.0
17386,low,0,22.0,22.0,8.6,B,-9.5
17387,none,0,11.0,18.0,3.3,A,-1.9
17388,low,1,19.0,4.0,3.4,A,-100.0
17389,none,2,5.0,11.0,9.2,A,-3.4
17390,none,2,2.0,7.0,2.8,D,-9.7
17391,high,1,2.0,26.0,4.5,A,15.0
17392,low,2,9.0,23.0,9.6,A,15.0
17393,medium,1,6.0,43.0,1.9,C,15.0
17394,low,1,12.0,11.0,8.5,A,-15.3
17395,low,0,17.0,11.0,7.4,C,-100.0
17396,high,0,4.0,3.0,9.6,C,-100.0
17397,high,1,8.0,25.0,8.3,A,15.0
17398,none,2,27.0,11.0,9.5,A,-100.0
17399,medium,1,19.0,19.0,8.8,A,-10.9
17400,high,1,3.0,1.0,8.2,A,-100.0
17401,high,3,7.0,26.0,3.3,A,15.0
17402,low,3,8.0,12.0,9.1,A,-6.1
17403,high,3,17.0,11.0,2.8,A,-100.0
17404,medium,0,16.0,5.0,1.6,A,-100.0
17405,none,4,6.0,21.0,8.6,A,15.0
17406,none,2,20.0,16.0,3.3,C,-100.0
17407,high,0,13.0,5.0,4.7,A,-100.0
17408,none,1,7.0,8.0,7.3,C,-14.0
17409,none,0,8.0,9.0,2.8,A,-15.8
17410,high,1,4.0,1.0,8.9,A,-100.0
17411,none,1,3.0,6.0,5.2,A,-12.3
17412,medium,1,4.0,8.0,2.1,A,-11.1
17413,high,1,9.0,7.0,8.6,A,-100.0
17414,medium,0,2.0,4.0,3.5,C,-15.2
17415,none,0,22.0,8.0,7.3,A,-100.0
17416,high,2,40.0,29.0,8.1,A,-100.0
17417,medium,1,17.0,4.0,1.6,A,-100.0
17418,low,1,29.0,36.0,5.5,A,6.0
17419,low,3,8.0,7.0,4.6,B,-18.8
17420,high,2,13.0,28.0,9.9,A,15.0
17421,medium,0,,0.0,7.5,C,
17422,low,1,1.0,29.0,1.0,B,15.0
17423,medium,1,9.0,8.0,3.0,C,-19.4
17424,high,0,9.0,44.0,8.8,B,15.0
17425,medium,3,11.0,3.0,8.5,D,-100.0
17426,low,2,5.0,23.0,5.8,D,15.0
17427,medium,0,13.0,2.0,4.9,A,-100.0
17428,none,0,9.0,3.0,7.5,A,-100.0
17429,none,3,13.0,23.0,8.5,A,7.4
17430,high,2,15.0,0.0,9.0,A,-100.0
17431,low,1,9.0,2.0,7.5,C,-100.0
17432,low,3,13.0,7.0,3.7,B,-100.0
17433,high,2,6.0,12.0,9.9,B,-5.1
17434,low,0,14.0,7.0,4.8,B,-100.0
17435,none,2,5.0,5.0,9.3,A,-15.9
17436,medium,0,2.0,3.0,2.3,A,-17.9
17437,medium,0,15.0,18.0,8.7,A,-6.0
17438,none,2,8.0,4.0,4.2,A,-100.0
17439,low,3,10.0,1.0,9.5,C,-100.0
17440,high,2,6.0,30.0,4.4,C,15.0
17441,medium,0,7.0,23.0,2.5,C,15.0
17442,low,2,14.0,8.0,5.7,A,-100.0
17443,medium,1,2.0,26.0,5.9,B,15.0
17444,low,1,16.0,5.0,2.6,A,-100.0
17445,medium,0,2.0,19.0,9.6,A,15.0
17446,low,2,3.0,26.0,8.1,A,15.0
17447,high,2,1.0,10.0,9.8,C,-0.6
17448,,1,2.0,1.0,3.8,C,-100.0
17449,none,0,3.0,15.0,9.1,B,8.7
17450,none,2,7.0,4.0,9.7,A,-100.0
17451,medium,4,7.0,26.0,4.7,A,15.0
17452,medium,2,19.0,24.0,3.0,A,-3.4
17453,low,0,40.0,6.0,3.0,C,-100.0
17454,high,1,15.0,38.0,2.7,C,15.0
17455,,0,14.0,1.0,7.3,A,-100.0
17456,medium,2,7.0,16.0,8.3,C,3.4
17457,medium,1,20.0,2.0,6.5,A,-100.0
17458,high,3,13.0,21.0,8.8,A,0.9
17459,medium,2,5.0,1.0,3.4,C,-100.0
17460,high,2,17.0,7.0,3.6,C,-100.0
17461,medium,2,7.0,1.0,3.2,A,-100.0
17462,high,2,2.0,20.0,9.1,C,15.0
17463,high,2,9.0,23.0,9.7,A,12.7
17464,medium,2,3.0,2.0,9.6,A,-18.3
17465,medium,1,22.0,1.0,8.8,A,-100.0
17466,high,0,17.0,13.0,9.1,A,-100.0
17467,medium,2,8.0,17.0,9.8,A,4.5
17468,high,1,11.0,4.0,4.8,A,-100.0
17469,none,1,6.0,20.0,4.1,A,11.3
17470,high,3,7.0,8.0,6.6,A,-17.0
17471,medium,3,14.0,3.0,2.9,A,-100.0
17472,low,2,6.0,4.0,9.2,A,-19.2
17473,medium,4,4.0,10.0,9.7,A,-3.4
17474,high,4,8.0,7.0,6.0,A,-100.0
17475,low,2,14.0,28.0,5.3,A,15.0
17476,none,1,17.0,10.0,2.8,B,-100.0
17477,medium,1,8.0,41.0,8.2,A,15.0
17478,low,2,1.0,12.0,4.8,B,4.1
17479,none,2,,8.0,2.7,C,
17480,high,2,8.0,2.0,8.6,A,-100.0
17481,high,2,17.0,8.0,10.0,B,-100.0
17482,,2,19.0,7.0,9.3,B,-100.0
17483,medium,0,5.0,9.0,2.0,A,-10.8
17484,high,1,7.0,12.0,4.5,A,-9.4
17485,medium,1,9.0,0.0,9.1,A,-100.0
17486,low,2,9.0,1.0,1.1,A,-100.0
17487,high,1,6.0,8.0,8.1,A,-14.3
17488,none,3,4.0,41.0,8.8,C,15.0
17489,high,0,4.0,10.0,8.3,A,-6.4
17490,none,1,15.0,0.0,2.5,C,-100.0
17491,high,1,5.0,4.0,2.7,A,-100.0
17492,high,1,6.0,19.0,8.3,C,8.9
17493,low,2,12.0,4.0,9.0,A,-100.0
17494,low,0,2.0,8.0,8.9,A,-3.8
17495,high,1,3.0,4.0,9.5,A,-16.7
17496,,3,11.0,20.0,9.1,A,4.9
17497,low,2,9.0,10.0,4.3,C,-14.3
17498,medium,0,8.0,4.0,6.8,A,-100.0
17499,low,2,25.0,2.0,8.8,A,-100.0
17500,low,0,2.0,28.0,8.7,A,15.0
17501,medium,3,5.0,7.0,9.1,A,-11.7
17502,low,2,15.0,11.0,7.3,C,-100.0
17503,low,3,10.0,4.0,8.5,A,-100.0
17504,low,1,24.0,0.0,1.1,C,-100.0
17505,low,1,11.0,1.0,9.0,A,-100.0
17506,medium,2,3.0,4.0,7.4,B,-15.2
17507,low,1,9.0,29.0,8.1,D,15.0
17508,medium,1,9.0,16.0,3.3,C,-2.5
17509,none,0,11.0,1.0,3.8,C,-100.0
17510,none,1,19.0,4.0,4.2,B,-100.0
17511,medium,3,5.0,30.0,8.2,D,15.0
17512,low,3,8.0,0.0,3.1,A,-100.0
17513,low,0,8.0,17.0,6.4,C,3.4
17514,low,3,5.0,10.0,7.9,A,-5.6
17515,high,1,7.0,24.0,2.5,A,14.8
17516,medium,3,5.0,7.0,4.3,C,-14.1
17517,medium,4,7.0,37.0,5.7,B,15.0
17518,,1,,3.0,9.7,C,
17519,high,0,8.0,22.0,9.0,A,12.2
17520,medium,2,6.0,3.0,4.2,C,-100.0
17521,high,2,13.0,4.0,6.0,C,-100.0
17522,high,1,9.0,3.0,7.0,C,-100.0
17523,none,1,6.0,4.0,1.8,A,-100.0
17524,none,3,5.0,4.0,2.1,A,-100.0
17525,medium,1,7.0,6.0,7.6,A,-17.9
17526,none,1,11.0,50.0,5.2,A,15.0
17527,low,5,22.0,4.0,9.8,A,-100.0
17528,high,1,2.0,11.0,8.9,A,-0.6
17529,high,0,3.0,50.0,,D,
17530,low,3,28.0,9.0,5.8,A,-100.0
17531,medium,3,11.0,3.0,9.0,C,-100.0
17532,none,2,6.0,23.0,9.3,C,15.0
17533,none,5,23.0,2.0,1.1,A,-100.0
17534,low,1,5.0,24.0,8.7,A,15.0
17535,high,1,13.0,5.0,6.3,A,-100.0
17536,none,0,21.0,6.0,8.9,A,-100.0
17537,high,2,4.0,2.0,1.7,A,-100.0
17538,low,2,15.0,3.0,1.8,A,-100.0
17539,low,1,12.0,3.0,5.4,A,-100.0
17540,medium,0,3.0,3.0,9.9,A,-15.9
17541,low,2,2.0,6.0,9.2,D,-8.0
17542,low,1,7.0,25.0,6.5,A,15.0
17543,low,1,6.0,2.0,1.8,C,-100.0
17544,medium,1,5.0,7.0,4.7,A,-13.7
17545,medium,1,25.0,4.0,8.2,D,-100.0
17546,low,1,2.0,19.0,9.6,A,15.0
17547,low,0,4.0,2.0,9.4,A,-19.6
17548,medium,2,10.0,11.0,1.4,A,-15.8
17549,low,0,11.0,7.0,1.1,A,-100.0
17550,high,2,7.0,18.0,9.5,A,5.6
17551,high,3,18.0,3.0,5.6,B,-100.0
17552,high,2,6.0,15.0,9.9,A,1.2
17553,none,1,3.0,6.0,9.0,A,-10.4
17554,none,0,17.0,1.0,2.6,C,-100.0
17555,low,1,9.0,6.0,2.3,B,-100.0
17556,low,2,7.0,4.0,9.0,B,-100.0
17557,high,1,3.0,13.0,6.7,A,0.8
17558,medium,3,2.0,20.0,8.4,A,15.0
17559,none,2,14.0,7.0,8.5,A,-100.0
17560,medium,1,15.0,1.0,9.9,B,-100.0
17561,low,3,14.0,4.0,2.4,A,-100.0
17562,high,2,2.0,6.0,3.7,D,-13.8
17563,low,2,11.0,0.0,6.1,A,-100.0
17564,high,2,12.0,27.0,7.4,A,14.7
17565,high,1,9.0,2.0,9.9,C,-100.0
17566,high,3,11.0,25.0,2.4,A,9.6
17567,none,0,12.0,18.0,9.4,A,-0.6
17568,low,1,7.0,15.0,8.9,A,2.1
17569,high,2,3.0,3.0,4.8,D,-100.0
17570,medium,1,13.0,1.0,2.5,A,-100.0
17571,high,1,13.0,1.0,9.4,A,-100.0
17572,medium,1,11.0,4.0,9.8,C,-100.0
17573,none,0,6.0,50.0,9.1,A,15.0
17574,low,0,6.0,22.0,6.2,A,15.0
17575,medium,2,3.0,6.0,4.4,A,-12.5
17576,low,2,14.0,14.0,2.9,C,-15.4
17577,none,0,8.0,18.0,1.9,A,2.6
17578,high,4,19.0,8.0,2.1,A,-100.0
17579,medium,0,4.0,21.0,1.6,C,15.0
17580,medium,1,6.0,8.0,5.9,A,-12.8
17581,high,0,25.0,11.0,3.7,A,-100.0
17582,medium,2,6.0,16.0,5.7,D,3.8
17583,high,1,5.0,6.0,2.2,A,-19.7
17584,high,1,13.0,14.0,6.4,C,-14.8
17585,high,1,13.0,21.0,5.9,C,-0.3
17586,low,1,15.0,4.0,8.2,A,-100.0
17587,low,1,6.0,3.0,6.6,B,-100.0
17588,low,1,9.0,0.0,1.8,A,-100.0
17589,none,1,6.0,1.0,2.9,B,-100.0
17590,low,0,6.0,3.0,7.0,A,-100.0
17591,low,3,4.0,8.0,1.0,B,-11.5
17592,high,1,8.0,7.0,6.0,A,-100.0
17593,medium,3,2.0,27.0,2.7,C,15.0
17594,high,2,10.0,2.0,8.3,A,-100.0
17595,medium,2,2.0,8.0,9.4,A,-4.1
17596,none,1,2.0,6.0,1.8,B,-12.2
17597,low,1,13.0,19.0,2.1,C,-3.4
17598,high,1,4.0,25.0,8.6,C,15.0
17599,high,2,8.0,4.0,8.9,D,-100.0
17600,medium,1,11.0,33.0,4.7,C,15.0
17601,low,4,6.0,11.0,9.6,D,-4.5
17602,none,0,6.0,15.0,1.7,A,-0.3
17603,low,0,7.0,0.0,9.5,A,-100.0
17604,,1,8.0,11.0,9.6,A,-8.3
17605,medium,1,11.0,7.0,8.5,A,-100.0
17606,none,1,14.0,2.0,5.8,A,-100.0
17607,none,1,16.0,3.0,5.1,A,-100.0
17608,low,3,18.0,8.0,9.0,A,-100.0
17609,low,0,1.0,37.0,1.1,A,15.0
17610,medium,3,5.0,1.0,1.5,A,-100.0
17611,high,0,14.0,2.0,10.0,A,-100.0
17612,low,2,5.0,7.0,8.9,A,-11.3
17613,medium,1,11.0,0.0,9.8,A,-100.0
17614,medium,0,6.0,14.0,9.2,A,1.6
17615,high,2,4.0,22.0,2.6,C,15.0
17616,low,0,14.0,3.0,9.1,D,-100.0
17617,none,0,1.0,3.0,,A,
17618,medium,0,40.0,11.0,9.9,A,-100.0
17619,medium,2,13.0,22.0,5.3,A,4.0
17620,low,3,3.0,24.0,7.0,A,15.0
17621,medium,0,12.0,7.0,8.5,A,-100.0
17622,none,2,13.0,8.0,8.0,A,-100.0
17623,,1,9.0,40.0,5.0,A,15.0
17624,none,2,7.0,8.0,5.7,C,-14.9
17625,medium,3,17.0,36.0,8.2,C,15.0
17626,medium,1,7.0,5.0,6.3,A,-100.0
17627,low,1,10.0,38.0,8.3,A,15.0
17628,low,2,6.0,2.0,9.4,A,-100.0
17629,medium,3,15.0,6.0,6.1,A,-100.0
17630,none,1,1.0,17.0,4.2,A,13.8
17631,medium,2,7.0,16.0,3.2,A,0.9
17632,high,1,4.0,0.0,9.2,A,-100.0
17633,,2,13.0,13.0,4.5,A,-15.5
17634,high,5,1.0,12.0,3.8,A,0.3
17635,high,2,0.0,24.0,8.6,A,15.0
17636,high,2,7.0,6.0,5.2,C,-100.0
17637,none,1,19.0,6.0,8.7,A,-100.0
17638,high,1,15.0,8.0,8.3,B,-100.0
17639,high,0,10.0,8.0,8.1,A,-100.0
17640,low,2,22.0,17.0,1.6,A,-100.0
17641,low,2,7.0,16.0,8.8,A,4.0
17642,low,0,5.0,5.0,9.4,C,-15.1
17643,medium,2,4.0,27.0,8.3,A,15.0
17644,low,0,8.0,6.0,5.7,A,-100.0
17645,none,0,9.0,5.0,6.6,A,-100.0
17646,medium,4,16.0,17.0,9.9,A,-9.6
17647,medium,3,3.0,3.0,9.2,A,-16.6
17648,medium,2,12.0,20.0,6.1,A,1.9
17649,medium,1,13.0,4.0,5.4,A,-100.0
17650,medium,1,2.0,13.0,,B,
17651,medium,1,23.0,0.0,3.0,A,-100.0
17652,medium,0,17.0,11.0,7.8,A,-100.0
17653,high,2,10.0,1.0,8.5,A,-100.0
17654,low,3,4.0,11.0,9.9,A,-0.8
17655,low,0,5.0,1.0,9.4,A,-100.0
17656,medium,2,9.0,13.0,9.7,A,-5.7
17657,high,1,15.0,6.0,3.9,A,-100.0
17658,medium,0,3.0,6.0,9.3,C,-9.9
17659,medium,0,11.0,5.0,9.1,A,-100.0
17660,medium,4,6.0,1.0,9.1,A,-100.0
17661,medium,2,15.0,5.0,4.4,C,-100.0
17662,high,0,6.0,14.0,6.7,A,-2.3
17663,low,2,21.0,6.0,5.6,A,-100.0
17664,low,0,7.0,7.0,9.7,C,-14.2
17665,medium,2,7.0,1.0,8.9,A,-100.0
17666,low,0,5.0,2.0,8.6,A,-100.0
17667,high,1,4.0,0.0,8.3,A,-100.0
17668,none,0,10.0,7.0,8.1,A,-100.0
17669,high,4,11.0,6.0,9.6,A,-100.0
17670,none,2,18.0,40.0,5.5,A,15.0
17671,high,1,5.0,3.0,9.1,C,-100.0
17672,high,2,24.0,1.0,8.8,A,-100.0
17673,high,2,16.0,9.0,8.8,A,-100.0
17674,medium,0,5.0,50.0,1.2,A,15.0
17675,low,1,12.0,0.0,1.4,B,-100.0
17676,medium,1,15.0,14.0,6.2,B,-15.8
17677,medium,2,16.0,8.0,3.4,C,-100.0
17678,medium,0,16.0,1.0,2.4,A,-100.0
17679,none,3,2.0,1.0,1.2,A,-100.0
17680,medium,1,18.0,0.0,2.9,A,-100.0
17681,low,1,11.0,13.0,8.9,C,-9.1
17682,medium,3,17.0,5.0,7.1,A,-100.0
17683,medium,0,1.0,3.0,3.7,A,-15.5
17684,low,1,7.0,28.0,3.9,A,15.0
17685,high,0,8.0,18.0,7.5,D,3.0
17686,high,0,9.0,4.0,4.6,A,-100.0
17687,low,1,30.0,24.0,7.1,C,-100.0
17688,low,0,1.0,5.0,9.2,B,-8.2
17689,medium,0,7.0,0.0,8.4,B,-100.0
17690,low,2,18.0,13.0,8.0,A,-100.0
17691,medium,4,6.0,1.0,3.4,A,-100.0
17692,none,0,7.0,3.0,4.6,B,-100.0
17693,high,1,19.0,0.0,9.4,A,-100.0
17694,none,2,10.0,1.0,5.3,D,-100.0
17695,low,2,5.0,3.0,6.4,A,-100.0
17696,high,1,10.0,5.0,5.7,A,-100.0
17697,none,1,3.0,21.0,9.8,A,15.0
17698,low,4,12.0,12.0,8.3,A,-13.6
17699,low,0,19.0,1.0,8.4,A,-100.0
17700,high,2,8.0,30.0,9.1,C,15.0
17701,high,2,14.0,6.0,3.2,A,-100.0
17702,medium,1,2.0,9.0,1.4,D,-5.9
17703,medium,5,10.0,3.0,1.7,A,-100.0
17704,high,2,23.0,16.0,5.2,A,-100.0
17705,high,6,5.0,26.0,7.3,A,15.0
17706,high,1,6.0,14.0,8.1,A,-1.7
17707,low,0,6.0,0.0,1.3,A,-100.0
17708,none,2,5.0,17.0,8.5,A,8.9
17709,high,2,7.0,7.0,3.2,B,-100.0
17710,high,0,18.0,36.0,9.2,A,15.0
17711,low,1,3.0,44.0,4.3,B,15.0
17712,medium,1,6.0,9.0,9.5,A,-8.9
17713,medium,1,9.0,8.0,6.0,A,-17.9
17714,low,1,5.0,6.0,9.1,A,-13.2
17715,low,5,14.0,4.0,8.8,A,-100.0
17716,high,0,23.0,19.0,9.8,B,-20.0
17717,none,0,,9.0,8.2,C,
17718,low,0,7.0,6.0,9.5,A,-16.4
17719,low,0,13.0,42.0,9.3,A,15.0
17720,high,1,17.0,32.0,8.4,A,15.0
17721,medium,1,23.0,15.0,8.7,C,-100.0
17722,high,3,13.0,33.0,2.9,A,15.0
17723,medium,2,5.0,44.0,1.3,B,15.0
17724,medium,2,25.0,21.0,4.5,A,-19.5
17725,high,1,1.0,12.0,8.3,A,3.0
17726,none,3,15.0,7.0,2.0,A,-100.0
17727,medium,1,9.0,23.0,9.5,C,15.0
17728,low,0,15.0,18.0,3.2,C,-8.4
17729,medium,2,18.0,2.0,4.6,C,-100.0
17730,low,0,2.0,2.0,3.0,A,-19.3
17731,low,2,14.0,20.0,7.7,A,-0.4
17732,high,1,2.0,7.0,5.8,A,-10.5
17733,high,0,13.0,42.0,2.3,A,
17734,medium,3,14.0,5.0,4.4,A,-100.0
17735,high,0,6.0,10.0,9.3,A,-9.4
17736,low,1,1.0,18.0,8.7,A,15.0
17737,high,1,3.0,12.0,6.5,A,-1.4
17738,medium,1,13.0,5.0,9.5,A,-100.0
17739,low,1,7.0,8.0,8.4,A,-12.9
17740,none,2,10.0,13.0,3.0,A,-11.0
17741,high,1,12.0,14.0,1.7,A,-15.4
17742,medium,1,33.0,30.0,8.5,A,-12.5
17743,medium,0,17.0,13.0,8.6,C,-100.0
17744,none,1,19.0,15.0,4.2,A,-100.0
17745,none,0,7.0,7.0,8.3,A,-15.5
17746,low,2,7.0,8.0,4.5,A,-14.9
17747,high,2,2.0,6.0,6.5,C,-12.4
17748,high,1,6.0,8.0,2.4,D,-17.1
17749,medium,1,15.0,4.0,1.7,A,-100.0
17750,low,2,17.0,22.0,5.7,A,-2.4
17751,high,1,5.0,12.0,6.5,C,-4.9
17752,medium,0,4.0,3.0,3.8,B,-100.0
17753,low,2,11.0,3.0,9.0,D,-100.0
17754,medium,2,10.0,6.0,1.6,A,-100.0
17755,medium,0,1.0,8.0,8.7,A,-2.5
17756,low,2,10.0,19.0,7.9,A,4.6
17757,high,3,6.0,7.0,2.4,A,-19.4
17758,high,1,4.0,6.0,2.3,B,-17.9
17759,high,0,7.0,10.0,4.2,C,-13.7
17760,high,3,7.0,12.0,4.9,A,-9.4
17761,medium,6,8.0,19.0,4.7,A,5.7
17762,medium,0,1.0,5.0,8.4,A,-9.0
17763,medium,0,8.0,2.0,3.7,B,-100.0
17764,none,1,10.0,7.0,5.5,A,-100.0
17765,high,3,14.0,18.0,1.7,A,-10.7
17766,medium,0,5.0,16.0,7.2,A,6.5
17767,medium,2,6.0,46.0,4.8,A,15.0
17768,none,3,2.0,11.0,7.3,B,0.8
17769,low,0,14.0,1.0,7.7,C,-100.0
17770,low,3,4.0,9.0,9.3,A,-5.3
17771,medium,0,0.0,5.0,2.2,D,-10.3
17772,high,1,3.0,11.0,4.2,A,-4.7
17773,medium,3,5.0,6.0,8.6,A,-14.0
17774,medium,4,14.0,14.0,9.8,A,-12.5
17775,medium,2,4.0,28.0,5.1,C,15.0
17776,high,1,13.0,4.0,6.2,A,-100.0
17777,high,1,7.0,1.0,1.1,B,-100.0
17778,high,1,11.0,41.0,8.1,C,15.0
17779,medium,1,12.0,8.0,8.3,B,-100.0
17780,low,0,5.0,11.0,9.9,A,-2.2
17781,low,1,4.0,21.0,6.1,A,15.0
17782,low,0,12.0,9.0,4.2,A,-100.0
17783,low,1,5.0,22.0,8.4,A,15.0
17784,low,2,7.0,3.0,7.5,C,-100.0
17785,low,1,16.0,11.0,8.3,A,-100.0
17786,low,1,5.0,5.0,6.0,A,-16.9
17787,high,0,8.0,17.0,8.2,A,1.3
17788,low,2,20.0,13.0,9.1,A,-100.0
17789,high,1,14.0,3.0,4.3,D,-100.0
17790,low,0,6.0,4.0,2.1,A,-100.0
17791,high,1,1.0,7.0,9.4,A,-7.0
17792,low,1,5.0,33.0,6.7,C,15.0
17793,medium,2,4.0,11.0,7.2,C,-2.4
17794,high,1,18.0,2.0,10.0,A,-100.0
17795,low,1,15.0,13.0,8.5,A,-16.3
17796,low,0,4.0,36.0,7.9,A,15.0
17797,high,1,29.0,11.0,7.6,A,-100.0
17798,medium,0,0.0,12.0,,A,
17799,high,4,14.0,0.0,9.3,A,-100.0
17800,none,1,6.0,12.0,8.1,B,-3.5
17801,none,3,8.0,4.0,1.8,A,-100.0
17802,medium,0,12.0,2.0,5.4,A,-100.0
17803,none,0,14.0,17.0,6.6,A,-7.6
17804,none,2,4.0,4.0,2.4,D,-19.7
17805,medium,0,8.0,15.0,9.5,A,0.4
17806,medium,3,10.0,25.0,6.0,C,15.0
17807,none,1,7.0,7.0,9.3,A,-15.1
17808,high,1,3.0,3.0,9.3,A,-18.9
17809,low,0,9.0,1.0,6.1,A,-100.0
17810,high,1,17.0,9.0,6.9,A,-100.0
17811,high,1,35.0,5.0,8.1,A,-100.0
17812,medium,2,3.0,5.0,4.6,B,-14.5
17813,high,0,11.0,4.0,1.9,C,-100.0
17814,low,5,15.0,6.0,3.4,A,-100.0
17815,high,2,21.0,12.0,1.3,A,-100.0
17816,low,4,2.0,2.0,2.0,A,-100.0
17817,high,1,14.0,6.0,1.7,A,-100.0
17818,high,0,1.0,15.0,6.4,C,8.4
17819,high,5,6.0,4.0,9.9,A,-100.0
17820,none,1,12.0,28.0,6.7,C,15.0
17821,medium,0,20.0,12.0,8.1,A,-100.0
17822,none,2,8.0,6.0,7.8,A,-19.8
17823,low,0,4.0,10.0,3.0,A,-6.0
17824,low,0,12.0,2.0,8.2,A,-100.0
17825,high,1,13.0,9.0,1.7,A,-100.0
17826,medium,1,7.0,20.0,9.1,A,12.3
17827,high,0,2.0,1.0,9.7,A,-100.0
17828,high,2,13.0,9.0,7.3,A,-100.0
17829,high,0,2.0,20.0,6.5,C,15.0
17830,high,3,6.0,28.0,8.2,C,15.0
17831,none,0,12.0,6.0,3.8,A,-100.0
17832,high,2,8.0,20.0,6.8,C,6.7
17833,high,1,19.0,20.0,9.6,D,-11.1
17834,low,0,6.0,32.0,9.4,C,15.0
17835,medium,1,12.0,3.0,5.6,C,-100.0
17836,medium,3,13.0,42.0,8.4,A,15.0
17837,none,1,3.0,3.0,3.1,A,-19.6
17838,low,2,7.0,6.0,1.4,A,-100.0
17839,low,2,28.0,18.0,9.9,D,-100.0
17840,low,1,2.0,23.0,2.9,A,15.0
17841,medium,4,17.0,24.0,9.9,B,3.3
17842,high,1,7.0,21.0,9.8,C,12.1
17843,,1,8.0,24.0,8.1,A,15.0
17844,medium,2,17.0,24.0,8.0,A,2.5
17845,low,4,17.0,12.0,5.9,A,-100.0
17846,high,1,5.0,27.0,9.5,A,15.0
17847,low,2,6.0,2.0,2.6,B,-100.0
17848,low,2,1.0,17.0,3.9,D,14.2
17849,high,4,11.0,1.0,1.8,A,-100.0
17850,low,1,7.0,1.0,6.4,A,-100.0
17851,medium,2,6.0,4.0,8.3,A,-100.0
17852,low,1,0.0,3.0,1.1,A,-14.8
17853,medium,1,6.0,31.0,6.9,B,15.0
17854,high,2,7.0,18.0,5.8,A,3.7
17855,medium,0,5.0,40.0,6.4,B,15.0
17856,low,0,3.0,15.0,7.4,A,8.4
17857,medium,1,13.0,22.0,3.1,A,3.0
17858,medium,0,8.0,26.0,9.3,A,15.0
17859,medium,1,5.0,5.0,8.6,A,-15.9
17860,high,2,18.0,9.0,7.5,D,-100.0
17861,medium,1,10.0,0.0,9.4,C,-100.0
17862,low,2,26.0,18.0,9.5,A,-100.0
17863,high,0,11.0,3.0,8.7,A,-100.0
17864,high,2,12.0,13.0,3.6,A,-16.6
17865,high,2,3.0,5.0,9.0,C,-15.0
17866,high,1,29.0,6.0,7.4,A,-100.0
17867,low,0,10.0,6.0,9.2,D,-100.0
17868,,2,8.0,3.0,2.5,A,-100.0
17869,medium,1,29.0,13.0,2.2,A,-100.0
17870,low,3,16.0,5.0,8.9,D,-100.0
17871,low,5,36.0,15.0,8.6,A,-100.0
17872,low,1,7.0,3.0,4.6,A,-100.0
17873,none,0,2.0,2.0,7.1,A,-17.9
17874,low,0,2.0,3.0,9.0,B,-14.2
17875,low,2,8.0,2.0,8.5,C,-100.0
17876,high,0,14.0,34.0,5.5,C,15.0
17877,medium,1,10.0,10.0,8.6,B,-14.2
17878,low,0,3.0,9.0,4.5,A,-5.6
17879,high,2,13.0,19.0,3.5,A,-5.8
17880,none,1,12.0,16.0,8.9,A,-5.2
17881,high,2,9.0,6.0,6.9,A,-100.0
17882,medium,1,10.0,11.0,9.8,B,-11.5
17883,high,1,8.0,13.0,7.5,C,-7.6
17884,high,3,10.0,6.0,5.5,B,-100.0
17885,medium,1,7.0,7.0,2.6,B,-18.3
17886,low,4,12.0,4.0,9.8,A,-100.0
17887,none,3,10.0,21.0,9.2,B,8.8
17888,high,1,11.0,17.0,7.1,A,-4.6
17889,none,1,9.0,5.0,9.8,A,-100.0
17890,low,1,12.0,9.0,1.2,C,-100.0
17891,high,0,4.0,9.0,8.2,A,-8.5
17892,none,2,2.0,0.0,3.5,A,-100.0
17893,low,0,8.0,14.0,6.8,A,-2.7
17894,high,2,14.0,8.0,2.2,C,-100.0
17895,high,3,13.0,13.0,1.7,A,-19.4
17896,low,1,13.0,11.0,9.5,B,-16.5
17897,high,3,1.0,26.0,1.2,A,15.0
17898,none,0,13.0,8.0,1.4,D,-100.0
17899,none,2,5.0,2.0,9.7,A,-100.0
17900,high,0,0.0,13.0,1.1,A,3.3
17901,none,0,14.0,1.0,4.3,C,-100.0
17902,low,1,5.0,14.0,9.9,A,4.0
17903,none,1,15.0,25.0,3.6,C,5.8
17904,high,1,9.0,16.0,2.8,A,-5.4
17905,none,0,3.0,4.0,6.8,A,-15.6
17906,none,2,9.0,4.0,1.9,A,-100.0
17907,medium,3,9.0,22.0,8.5,A,12.5
17908,medium,1,19.0,7.0,5.6,A,-100.0
17909,high,2,12.0,2.0,8.0,A,-100.0
17910,medium,3,8.0,8.0,2.5,C,-18.2
17911,high,2,5.0,1.0,6.3,A,-100.0
17912,low,1,7.0,30.0,5.4,A,15.0
17913,none,1,3.0,1.0,1.8,A,-100.0
17914,low,2,12.0,13.0,6.6,A,-12.1
17915,low,1,5.0,19.0,8.5,C,13.8
17916,low,2,7.0,16.0,5.2,A,2.2
17917,medium,2,6.0,19.0,5.6,A,10.1
17918,low,5,17.0,12.0,3.1,C,-100.0
17919,high,1,7.0,7.0,2.4,A,-100.0
17920,medium,0,9.0,43.0,8.9,A,15.0
17921,high,3,6.0,1.0,6.7,B,-100.0
17922,none,0,6.0,6.0,8.8,A,-15.6
17923,high,0,4.0,9.0,2.7,A,-11.3
17924,low,2,24.0,2.0,9.9,A,-100.0
17925,low,0,1.0,1.0,5.5,A,-18.4
17926,medium,0,2.0,19.0,1.6,A,15.0
17927,low,1,9.0,33.0,9.2,A,15.0
17928,high,2,9.0,16.0,9.7,A,-2.0
17929,low,1,,10.0,5.5,C,
17930,medium,2,2.0,14.0,9.3,C,8.4
17931,low,0,23.0,0.0,8.1,A,-100.0
17932,high,1,5.0,18.0,6.5,A,7.7
17933,medium,2,3.0,8.0,1.7,A,-9.7
17934,high,1,15.0,9.0,1.5,C,-100.0
17935,high,1,2.0,6.0,8.3,A,-11.4
17936,medium,1,6.0,43.0,10.0,A,15.0
17937,medium,1,18.0,27.0,8.4,A,7.4
17938,none,1,4.0,14.0,1.0,C,0.7
17939,medium,3,5.0,2.0,3.1,A,-100.0
17940,low,0,4.0,9.0,8.5,A,-5.4
17941,high,4,32.0,18.0,9.3,A,-100.0
17942,medium,2,26.0,2.0,3.3,A,-100.0
17943,medium,0,,5.0,2.0,C,
17944,high,1,4.0,7.0,9.7,C,-12.1
17945,medium,4,1.0,14.0,3.3,C,7.0
17946,high,1,6.0,16.0,2.4,A,-0.3
17947,high,1,6.0,16.0,5.4,A,1.2
17948,none,0,5.0,8.0,9.4,A,-9.4
17949,medium,1,5.0,0.0,10.0,A,-100.0
17950,low,1,7.0,39.0,6.1,A,15.0
17951,low,1,19.0,9.0,8.9,C,-100.0
17952,high,1,17.0,17.0,7.2,A,-15.1
17953,none,2,15.0,8.0,5.6,A,-100.0
17954,high,0,2.0,7.0,4.9,A,-10.9
17955,low,1,7.0,1.0,8.3,C,-100.0
17956,medium,1,10.0,1.0,8.8,C,-100.0
17957,low,5,9.0,6.0,3.0,C,-100.0
17958,low,1,17.0,19.0,9.9,A,-6.5
17959,medium,2,1.0,7.0,8.4,C,-4.9
17960,low,2,11.0,46.0,2.7,A,15.0
17961,high,0,13.0,7.0,6.8,A,-100.0
17962,low,2,8.0,4.0,3.4,A,-100.0
17963,medium,1,12.0,7.0,3.1,A,-100.0
17964,high,2,18.0,11.0,7.9,A,-100.0
17965,medium,1,7.0,13.0,1.1,A,-6.4
17966,low,1,12.0,2.0,5.3,A,-100.0
17967,medium,1,17.0,12.0,3.1,A,-100.0
17968,none,4,2.0,7.0,2.7,A,-10.0
17969,low,3,7.0,4.0,3.3,A,-100.0
17970,high,1,4.0,3.0,7.4,A,-100.0
17971,medium,0,26.0,2.0,7.0,A,-100.0
17972,low,2,8.0,41.0,2.2,A,15.0
17973,low,3,4.0,6.0,2.9,B,-14.8
17974,medium,2,4.0,3.0,8.4,A,-18.6
17975,medium,1,3.0,9.0,9.6,A,-3.5
17976,high,0,16.0,11.0,9.2,C,-100.0
17977,high,2,5.0,8.0,8.3,A,-12.5
17978,none,1,1.0,6.0,4.3,A,-9.2
17979,medium,3,10.0,4.0,7.4,A,-100.0
17980,low,2,9.0,4.0,9.8,C,-100.0
17981,low,3,2.0,23.0,6.6,A,15.0
17982,high,3,15.0,5.0,5.5,A,-100.0
17983,medium,3,2.0,1.0,9.2,C,-19.0
17984,high,2,11.0,37.0,1.7,C,15.0
17985,high,1,3.0,8.0,1.2,A,-12.5
17986,medium,0,11.0,5.0,1.1,C,-100.0
17987,medium,5,3.0,3.0,2.0,C,-100.0
17988,medium,0,12.0,9.0,8.6,A,-19.7
17989,medium,1,1.0,22.0,8.8,A,15.0
17990,low,1,8.0,9.0,9.8,C,-11.8
17991,low,0,2.0,1.0,9.0,B,-18.4
17992,none,2,9.0,2.0,9.3,A,-100.0
17993,high,2,8.0,33.0,2.2,C,15.0
17994,none,2,22.0,17.0,8.9,C,-100.0
17995,medium,1,0.0,3.0,9.2,A,-11.1
17996,high,1,11.0,11.0,7.8,A,-16.9
17997,none,1,4.0,16.0,9.0,A,8.9
17998,low,1,4.0,28.0,7.5,A,15.0
17999,low,1,1.0,0.0,4.3,A,-100.0
18000,medium,4,3.0,1.0,4.9,A,-100.0
18001,low,1,11.0,1.0,7.2,A,-100.0
18002,high,2,21.0,22.0,8.7,A,-10.9
18003,low,2,9.0,33.0,9.1,A,15.0
18004,medium,0,6.0,1.0,7.8,A,-100.0
18005,none,1,10.0,10.0,7.0,A,-15.2
18006,medium,0,6.0,4.0,6.4,C,-100.0
18007,none,4,10.0,1.0,8.6,B,-100.0
18008,medium,4,12.0,26.0,5.2,C,13.9
18009,low,5,3.0,4.0,9.0,A,-14.4
18010,low,1,6.0,1.0,8.2,C,-100.0
18011,,2,13.0,4.0,8.8,A,-100.0
18012,high,2,3.0,3.0,9.1,A,-19.1
18013,high,0,3.0,1.0,10.0,A,-100.0
18014,low,5,10.0,7.0,5.1,A,-100.0
18015,low,0,2.0,4.0,3.6,A,-14.8
18016,medium,2,8.0,1.0,6.5,A,-100.0
18017,low,3,12.0,10.0,8.6,D,-17.5
18018,low,2,11.0,50.0,6.2,B,15.0
18019,low,1,7.0,0.0,5.2,A,-100.0
18020,high,1,21.0,23.0,9.9,A,-8.1
18021,low,2,2.0,26.0,9.3,A,15.0
18022,low,3,5.0,13.0,5.8,A,-0.4
18023,none,0,7.0,9.0,5.6,A,-12.7
18024,none,0,11.0,35.0,5.6,A,15.0
18025,medium,2,5.0,1.0,9.4,B,-100.0
18026,low,2,7.0,5.0,2.5,A,-100.0
18027,low,1,7.0,44.0,5.0,A,15.0
18028,low,1,4.0,27.0,8.5,C,15.0
18029,high,3,8.0,21.0,3.3,D,6.9
18030,high,0,2.0,13.0,5.6,A,2.1
18031,high,3,17.0,21.0,4.8,A,-8.1
18032,low,2,4.0,17.0,4.2,A,9.1
18033,medium,1,10.0,16.0,9.4,A,-1.2
18034,none,2,24.0,5.0,6.9,A,-100.0
18035,high,1,2.0,4.0,6.1,A,-16.7
18036,none,2,19.0,3.0,9.5,A,-100.0
18037,low,1,4.0,14.0,1.9,A,1.7
18038,low,1,13.0,4.0,2.3,A,-100.0
18039,medium,3,8.0,8.0,9.1,A,-14.9
18040,high,3,11.0,5.0,6.7,C,-100.0
18041,medium,3,9.0,24.0,2.8,C,13.9
18042,none,3,24.0,12.0,9.5,C,-100.0
18043,low,2,9.0,13.0,4.5,A,-7.9
18044,high,0,1.0,13.0,,A,
18045,medium,1,15.0,1.0,7.5,A,-100.0
18046,low,0,4.0,0.0,2.6,A,-100.0
18047,low,3,7.0,50.0,8.4,A,15.0
18048,low,4,13.0,21.0,1.8,A,0.3
18049,medium,0,19.0,17.0,1.5,A,-18.7
18050,high,1,18.0,5.0,2.5,A,-100.0
18051,medium,1,4.0,1.0,8.8,C,
18052,high,4,13.0,25.0,8.4,A,9.0
18053,low,0,9.0,34.0,6.4,A,15.0
18054,high,0,17.0,6.0,9.4,A,-100.0
18055,high,4,7.0,19.0,5.7,C,5.6
18056,none,0,21.0,37.0,4.2,A,15.0
18057,low,1,14.0,10.0,6.9,A,-100.0
18058,high,0,2.0,0.0,2.4,A,-100.0
18059,none,6,30.0,9.0,3.2,A,-100.0
18060,none,2,4.0,50.0,7.2,A,15.0
18061,low,0,8.0,4.0,8.4,A,-100.0
18062,none,2,23.0,21.0,10.0,B,-13.5
18063,medium,1,4.0,13.0,3.4,C,-0.0
18064,low,1,2.0,2.0,2.1,A,-19.9
18065,medium,3,9.0,22.0,8.8,B,12.7
18066,high,2,10.0,4.0,2.3,A,-100.0
18067,medium,1,13.0,5.0,9.9,A,-100.0
18068,low,2,5.0,4.0,8.9,C,-17.6
18069,medium,1,13.0,15.0,5.8,A,-10.3
18070,high,0,7.0,1.0,2.4,B,-100.0
18071,low,1,9.0,6.0,9.2,A,-100.0
18072,low,4,29.0,12.0,8.8,A,-100.0
18073,medium,3,7.0,1.0,8.3,A,-100.0
18074,high,1,2.0,16.0,9.1,B,10.0
18075,high,3,12.0,9.0,9.6,A,-100.0
18076,none,0,8.0,4.0,5.3,A,-100.0
18077,high,2,13.0,1.0,3.4,A,-100.0
18078,medium,0,8.0,2.0,6.8,C,-100.0
18079,high,1,3.0,50.0,5.3,A,15.0
18080,low,2,14.0,16.0,7.7,C,-8.8
18081,low,3,11.0,8.0,2.8,B,-100.0
18082,high,2,7.0,9.0,9.1,A,-13.5
18083,low,4,7.0,6.0,1.1,D,-100.0
18084,low,3,5.0,3.0,4.2,B,-100.0
18085,medium,3,12.0,20.0,6.0,B,1.8
18086,low,1,12.0,6.0,4.9,B,-100.0
18087,high,0,5.0,10.0,9.0,A,-7.8
18088,medium,2,7.0,1.0,6.9,C,-100.0
18089,medium,3,16.0,15.0,1.5,A,-17.9
18090,medium,0,6.0,3.0,8.1,A,-100.0
18091,high,2,19.0,5.0,5.4,B,-100.0
18092,low,1,3.0,49.0,8.9,B,15.0
18093,high,1,3.0,15.0,1.7,A,2.5
18094,medium,0,6.0,36.0,5.9,B,15.0
18095,low,1,6.0,30.0,3.3,A,15.0
18096,low,2,2.0,9.0,1.3,A,-5.7
18097,medium,2,10.0,18.0,8.5,A,2.5
18098,,0,19.0,1.0,5.3,A,-100.0
18099,low,3,2.0,3.0,2.2,D,-17.9
18100,high,0,13.0,8.0,5.5,B,-100.0
18101,low,0,1.0,0.0,2.7,A,-100.0
18102,none,0,6.0,0.0,9.6,A,-100.0
18103,high,1,10.0,5.0,4.8,C,-100.0
18104,none,1,32.0,15.0,4.3,A,-100.0
18105,none,4,2.0,1.0,5.1,C,-100.0
18106,medium,0,3.0,31.0,9.3,A,15.0
18107,,0,7.0,16.0,6.8,D,2.6
18108,medium,2,6.0,12.0,10.0,A,-2.4
18109,low,1,5.0,4.0,3.2,A,-100.0
18110,high,3,9.0,0.0,9.3,A,-100.0
18111,low,0,5.0,10.0,9.3,A,-4.6
18112,medium,2,5.0,22.0,3.4,C,15.0
18113,low,3,11.0,1.0,9.5,A,-100.0
18114,low,1,10.0,6.0,8.9,A,-100.0
18115,high,0,5.0,19.0,6.1,A,9.7
18116,medium,0,7.0,1.0,4.2,A,-100.0
18117,high,1,4.0,4.0,7.6,C,-19.4
18118,none,1,4.0,6.0,4.2,A,-14.5
18119,low,0,16.0,7.0,9.0,C,-100.0
18120,high,2,5.0,13.0,2.3,D,-5.0
18121,high,2,2.0,1.0,3.9,A,-100.0
18122,high,1,20.0,7.0,5.4,B,-100.0
18123,low,1,17.0,8.0,7.9,C,-100.0
18124,low,0,18.0,4.0,2.3,A,-100.0
18125,low,1,7.0,14.0,1.7,A,-3.6
18126,none,3,5.0,0.0,3.3,A,-100.0
18127,none,1,4.0,4.0,3.6,C,-19.0
18128,medium,2,2.0,11.0,5.0,A,0.0
18129,high,0,3.0,4.0,9.5,A,-16.6
18130,high,3,3.0,2.0,9.7,C,-100.0
18131,medium,3,9.0,22.0,4.3,A,10.4
18132,medium,1,3.0,0.0,3.6,A,-100.0
18133,low,3,13.0,21.0,2.1,A,0.6
18134,low,0,13.0,13.0,1.1,A,-16.4
18135,medium,1,21.0,9.0,9.1,C,-100.0
18136,low,1,6.0,3.0,8.2,B,-100.0
18137,high,4,4.0,3.0,2.1,B,-100.0
18138,high,1,2.0,8.0,8.2,A,-7.2
18139,low,2,20.0,50.0,8.7,A,15.0
18140,low,2,27.0,0.0,3.4,A,-100.0
18141,medium,2,16.0,3.0,5.2,A,-100.0
18142,low,0,5.0,50.0,8.3,A,15.0
18143,low,0,5.0,6.0,9.1,A,-13.1
18144,high,1,6.0,4.0,6.9,C,-100.0
18145,none,2,15.0,17.0,8.1,A,-8.8
18146,high,1,,18.0,1.4,C,
18147,low,4,3.0,10.0,7.0,A,-2.7
18148,none,2,23.0,40.0,8.4,B,15.0
18149,low,1,7.0,13.0,9.6,C,-1.8
18150,none,1,6.0,1.0,4.2,C,-100.0
18151,low,1,14.0,7.0,5.7,A,-100.0
18152,low,1,9.0,7.0,2.9,A,-100.0
18153,medium,0,4.0,4.0,5.9,A,-17.5
18154,medium,1,6.0,35.0,1.5,A,15.0
18155,medium,0,12.0,3.0,2.7,A,-100.0
18156,medium,1,9.0,50.0,8.5,C,15.0
18157,medium,1,7.0,38.0,8.2,C,15.0
18158,low,1,13.0,16.0,8.6,C,-6.5
18159,high,3,10.0,45.0,3.7,B,15.0
18160,low,0,3.0,7.0,6.4,C,-8.9
18161,low,1,14.0,8.0,8.5,A,-100.0
18162,none,0,24.0,42.0,1.7,A,15.0
18163,high,4,17.0,8.0,7.7,A,-100.0
18164,none,3,6.0,9.0,9.1,C,-9.5
18165,medium,1,16.0,24.0,9.3,B,5.1
18166,high,2,5.0,28.0,8.2,A,15.0
18167,none,1,9.0,2.0,9.3,A,-100.0
18168,high,0,11.0,3.0,9.7,C,-100.0
18169,high,0,30.0,2.0,8.6,A,-100.0
18170,medium,3,8.0,2.0,5.7,A,-100.0
18171,low,1,8.0,1.0,4.7,D,-100.0
18172,high,3,1.0,6.0,7.0,A,-10.5
18173,low,4,2.0,8.0,1.7,A,-7.8
18174,high,4,16.0,2.0,8.5,C,-100.0
18175,low,1,7.0,2.0,4.3,A,-100.0
18176,high,0,9.0,3.0,9.1,A,-100.0
18177,none,2,3.0,5.0,7.1,A,-13.5
18178,low,2,19.0,21.0,1.7,C,-10.0
18179,low,0,9.0,4.0,4.6,A,-100.0
18180,none,3,3.0,4.0,9.3,B,-14.6
18181,high,4,10.0,1.0,8.9,A,-100.0
18182,none,4,15.0,2.0,4.0,A,-100.0
18183,medium,0,40.0,26.0,9.1,A,-100.0
18184,high,1,1.0,16.0,2.8,C,8.6
18185,none,0,5.0,3.0,9.9,A,-19.6
18186,high,2,6.0,11.0,2.9,A,-10.7
18187,medium,1,10.0,3.0,5.7,A,-100.0
18188,high,1,4.0,18.0,9.9,A,11.1
18189,low,2,2.0,7.0,3.4,C,-8.8
18190,high,1,0.0,8.0,8.4,A,-3.6
18191,low,3,1.0,23.0,5.0,C,15.0
18192,high,0,6.0,4.0,2.7,A,-100.0
18193,none,0,14.0,5.0,4.5,C,-100.0
18194,,2,9.0,17.0,1.1,C,-1.8
18195,high,0,5.0,13.0,5.4,C,-3.3
18196,medium,1,22.0,19.0,9.0,A,-16.1
18197,low,2,4.0,7.0,8.7,A,-9.7
18198,low,2,7.0,3.0,8.9,B,-100.0
18199,low,4,5.0,38.0,1.3,A,15.0
18200,high,3,8.0,4.0,1.0,C,-100.0
18201,low,2,38.0,7.0,6.3,A,-100.0
18202,high,2,9.0,5.0,9.1,B,-100.0
18203,none,1,6.0,14.0,8.8,C,1.1
18204,high,0,4.0,6.0,8.8,A,-14.5
18205,low,1,3.0,15.0,3.9,A,6.6
18206,medium,2,20.0,1.0,8.8,B,-100.0
18207,high,1,6.0,8.0,10.0,A,-13.3
18208,medium,3,16.0,42.0,9.6,A,15.0
18209,high,3,2.0,22.0,3.1,C,15.0
18210,high,1,10.0,9.0,4.7,A,-100.0
18211,high,1,19.0,25.0,5.2,C,-2.8
18212,low,1,18.0,27.0,4.5,A,5.8
18213,medium,3,7.0,29.0,8.1,A,15.0
18214,high,2,,12.0,1.8,C,
18215,high,0,23.0,4.0,7.2,B,-100.0
18216,medium,0,11.0,27.0,9.1,A,15.0
18217,medium,1,11.0,21.0,8.3,A,7.0
18218,low,0,14.0,3.0,9.3,A,-100.0
18219,high,2,14.0,2.0,2.3,B,-100.0
18220,low,1,4.0,16.0,1.6,A,5.8
18221,high,1,9.0,4.0,9.1,A,-100.0
18222,none,1,6.0,3.0,9.8,C,-100.0
18223,low,1,9.0,26.0,3.8,C,15.0
18224,medium,3,7.0,14.0,2.4,A,-3.9
18225,medium,2,5.0,0.0,3.4,A,-100.0
18226,medium,2,10.0,3.0,9.1,A,-100.0
18227,high,3,12.0,4.0,8.5,C,-100.0
18228,medium,1,7.0,31.0,8.5,B,15.0
18229,high,1,6.0,1.0,9.5,A,-100.0
18230,high,3,4.0,14.0,7.4,A,1.3
18231,,2,8.0,34.0,9.2,A,15.0
18232,medium,2,3.0,8.0,8.5,C,-6.3
18233,low,0,9.0,9.0,4.5,C,-16.1
18234,high,2,2.0,26.0,9.3,D,15.0
18235,none,3,3.0,0.0,2.8,D,-100.0
18236,low,2,4.0,27.0,8.8,A,15.0
18237,high,1,3.0,13.0,7.9,C,1.4
18238,high,0,8.0,8.0,7.9,A,-17.8
18239,medium,0,5.0,5.0,9.7,A,-15.3
18240,low,1,25.0,19.0,3.7,D,-100.0
18241,medium,1,9.0,10.0,6.4,C,-13.6
18242,low,2,4.0,4.0,9.3,A,-15.7
18243,medium,2,6.0,9.0,8.6,A,-9.4
18244,medium,2,8.0,3.0,5.1,C,-100.0
18245,high,1,7.0,1.0,4.4,A,-100.0
18246,medium,1,19.0,26.0,9.4,C,4.1
18247,none,3,5.0,8.0,9.6,B,-9.6
18248,high,1,28.0,11.0,3.0,A,-100.0
18249,low,5,12.0,3.0,4.2,A,-100.0
18250,none,1,9.0,21.0,2.5,B,7.4
18251,high,1,3.0,3.0,8.3,A,-19.4
18252,none,0,22.0,31.0,5.7,B,7.3
18253,low,1,10.0,10.0,9.0,A,-13.6
18254,low,1,13.0,14.0,9.7,A,-10.1
18255,low,3,6.0,10.0,1.3,A,-10.7
18256,,3,14.0,0.0,2.2,C,-100.0
18257,,1,12.0,10.0,8.2,C,-18.1
18258,medium,4,19.0,4.0,2.2,A,-100.0
18259,medium,1,25.0,30.0,9.6,A,2.0
18260,low,3,7.0,1.0,8.6,A,-100.0
18261,low,1,5.0,7.0,3.0,B,-14.2
18262,high,1,6.0,9.0,1.2,C,-15.6
18263,high,2,5.0,13.0,3.0,A,-4.7
18264,high,2,14.0,3.0,1.8,A,-100.0
18265,high,2,8.0,9.0,9.5,C,-15.1
18266,medium,3,7.0,14.0,7.0,C,-1.6
18267,medium,2,2.0,34.0,4.9,A,15.0
18268,medium,1,13.0,10.0,,D,
18269,high,1,20.0,18.0,7.3,C,-18.2
18270,high,0,9.0,12.0,2.4,A,-13.9
18271,high,0,17.0,15.0,9.0,B,-18.3
18272,high,3,4.0,50.0,8.6,A,15.0
18273,low,2,23.0,24.0,9.9,D,-6.6
18274,low,0,14.0,12.0,8.5,C,-16.6
18275,low,2,11.0,9.0,9.3,A,-17.4
18276,low,2,22.0,8.0,2.1,A,-100.0
18277,none,2,6.0,6.0,6.6,A,-16.9
18278,high,0,12.0,3.0,8.8,A,-100.0
18279,high,1,4.0,2.0,3.5,D,-100.0
18280,medium,2,14.0,4.0,4.9,A,-100.0
18281,high,2,2.0,3.0,3.7,A,-100.0
18282,low,0,3.0,2.0,5.6,D,-19.8
18283,medium,3,30.0,0.0,8.4,A,-100.0
18284,low,2,27.0,9.0,4.0,A,-100.0
18285,medium,2,13.0,0.0,9.3,B,-100.0
18286,high,2,2.0,17.0,9.7,A,12.3
18287,high,3,7.0,2.0,3.6,C,-100.0
18288,high,3,8.0,14.0,7.2,A,-5.8
18289,high,2,6.0,5.0,2.9,D,-100.0
18290,high,0,5.0,12.0,2.0,A,-7.1
18291,low,2,15.0,12.0,1.4,C,-100.0
18292,low,1,4.0,3.0,8.4,A,-18.1
18293,medium,2,14.0,46.0,9.7,C,15.0
18294,low,0,27.0,21.0,2.5,A,-100.0
18295,high,2,8.0,2.0,5.3,C,-100.0
18296,low,2,4.0,14.0,8.0,C,4.7
18297,high,1,2.0,17.0,8.2,B,11.7
18298,low,5,10.0,11.0,8.5,C,-12.2
18299,low,1,9.0,3.0,8.3,C,-100.0
18300,high,1,8.0,18.0,9.7,A,4.0
18301,,3,2.0,0.0,9.9,A,-100.0
18302,none,1,20.0,30.0,9.5,B,10.5
18303,medium,2,18.0,33.0,9.4,C,15.0
18304,low,3,9.0,38.0,7.8,C,15.0
18305,medium,1,14.0,14.0,3.3,A,-15.5
18306,medium,4,7.0,9.0,8.8,C,-11.2
18307,,2,16.0,3.0,9.2,A,-100.0
18308,none,0,25.0,25.0,8.9,A,-8.9
18309,none,2,30.0,17.0,8.0,C,-100.0
18310,high,0,14.0,12.0,8.9,A,-19.4
18311,medium,1,12.0,2.0,3.5,A,-100.0
18312,high,1,13.0,4.0,1.8,C,-100.0
18313,none,2,11.0,9.0,7.5,A,-18.9
18314,none,1,20.0,16.0,7.8,A,-19.7
18315,low,0,9.0,2.0,8.2,A,-100.0
18316,high,1,14.0,39.0,8.5,C,15.0
18317,medium,1,9.0,7.0,3.6,A,-100.0
18318,medium,4,13.0,18.0,2.5,A,-6.0
18319,medium,1,7.0,2.0,9.0,A,-100.0
18320,medium,1,16.0,30.0,9.8,A,15.0
18321,medium,1,8.0,11.0,1.3,C,-12.3
18322,none,1,10.0,19.0,2.5,B,1.4
18323,medium,0,4.0,6.0,3.8,A,-14.4
18324,none,1,4.0,4.0,1.5,A,-100.0
18325,medium,4,4.0,4.0,8.5,A,-16.6
18326,low,0,3.0,7.0,1.6,A,-11.3
18327,none,3,5.0,9.0,1.7,A,-11.4
18328,none,1,7.0,6.0,1.9,B,-100.0
18329,high,0,23.0,11.0,3.7,C,-100.0
18330,low,0,12.0,21.0,8.2,A,5.7
18331,high,0,4.0,10.0,7.3,A,-6.9
18332,none,1,12.0,19.0,8.9,D,1.1
18333,medium,0,6.0,4.0,2.4,A,-100.0
18334,high,3,3.0,5.0,7.7,A,-15.7
18335,low,2,4.0,3.0,3.3,C,-100.0
18336,medium,2,5.0,0.0,7.7,A,-100.0
18337,high,2,24.0,26.0,9.4,A,-7.4
18338,low,1,7.0,7.0,9.6,A,-14.4
18339,low,0,2.0,29.0,3.1,A,15.0
18340,low,0,24.0,22.0,8.4,A,-13.1
18341,high,0,8.0,14.0,1.1,C,-8.6
18342,low,1,10.0,7.0,2.5,A,-100.0
18343,high,3,7.0,8.0,1.0,A,-19.8
18344,high,1,23.0,14.0,2.9,A,-100.0
18345,low,1,4.0,18.0,10.0,D,14.2
18346,low,1,4.0,18.0,8.4,A,13.4
18347,high,3,4.0,17.0,3.8,A,5.8
18348,none,1,8.0,2.0,7.3,A,-100.0
18349,high,2,6.0,23.0,5.5,A,15.0
18350,medium,2,3.0,3.0,2.2,A,-19.9
18351,none,2,13.0,14.0,8.6,A,-11.4
18352,medium,2,7.0,2.0,8.1,C,-100.0
18353,medium,2,9.0,19.0,3.4,A,3.8
18354,high,1,5.0,24.0,6.4,A,15.0
18355,low,1,23.0,25.0,9.0,A,-4.9
18356,none,5,3.0,12.0,6.4,A,0.5
18357,medium,0,2.0,3.0,9.3,C,-14.5
18358,low,1,2.0,13.0,9.1,C,6.7
18359,none,1,19.0,2.0,7.8,B,-100.0
18360,medium,4,3.0,21.0,2.7,C,15.0
18361,low,1,10.0,0.0,7.4,A,-100.0
18362,medium,0,7.0,17.0,9.2,C,6.1
18363,low,0,1.0,9.0,2.5,B,-3.1
18364,medium,1,15.0,5.0,8.3,A,-100.0
18365,high,1,9.0,4.0,,D,
18366,low,1,5.0,3.0,3.1,A,-100.0
18367,low,0,7.0,1.0,3.7,D,-100.0
18368,none,1,5.0,3.0,3.8,A,-100.0
18369,high,4,12.0,13.0,9.6,A,-13.8
18370,medium,0,10.0,11.0,1.7,A,-15.5
18371,high,1,6.0,10.0,3.3,A,-12.5
18372,none,1,10.0,4.0,9.1,A,-100.0
18373,none,1,14.0,0.0,8.5,A,-100.0
18374,low,0,11.0,8.0,9.5,A,-19.2
18375,none,3,2.0,11.0,10.0,C,2.2
18376,high,1,1.0,13.0,8.6,A,5.2
18377,low,0,11.0,17.0,8.4,A,-0.9
18378,low,1,9.0,44.0,3.4,C,15.0
18379,low,0,8.0,10.0,6.0,A,-11.5
18380,high,3,2.0,10.0,4.1,A,-5.3
18381,low,4,9.0,1.0,4.2,A,-100.0
18382,none,1,8.0,35.0,3.9,A,15.0
18383,high,4,12.0,4.0,7.1,A,-100.0
18384,low,1,4.0,3.0,2.5,A,-100.0
18385,medium,2,4.0,6.0,2.2,A,-15.4
18386,medium,1,20.0,13.0,8.5,A,-100.0
18387,medium,2,1.0,28.0,9.3,A,15.0
18388,high,0,26.0,10.0,8.8,A,-100.0
18389,low,0,4.0,2.0,2.7,A,-100.0
18390,low,1,4.0,2.0,9.0,B,-19.9
18391,high,2,6.0,41.0,1.9,D,15.0
18392,high,3,11.0,35.0,2.7,A,15.0
18393,low,2,4.0,5.0,1.4,C,-17.5
18394,high,0,,19.0,3.8,C,
18395,medium,1,8.0,13.0,8.2,A,-4.6
18396,low,2,13.0,7.0,2.7,A,-100.0
18397,high,4,11.0,0.0,6.5,D,-100.0
18398,high,2,2.0,3.0,7.0,D,-18.4
18399,high,5,10.0,7.0,3.5,A,-100.0
18400,low,2,8.0,20.0,2.2,C,7.4
18401,high,1,5.0,2.0,8.1,A,-100.0
18402,medium,4,12.0,25.0,8.3,A,13.3
18403,high,1,4.0,43.0,7.8,A,15.0
18404,none,1,5.0,10.0,8.0,B,-6.0
18405,medium,0,5.0,6.0,9.0,C,-13.5
18406,low,1,15.0,11.0,2.4,A,-100.0
18407,medium,2,13.0,17.0,8.9,A,-4.7
18408,low,2,8.0,36.0,7.2,A,15.0
18409,low,2,7.0,14.0,2.1,B,-3.5
18410,none,1,25.0,6.0,9.9,A,-100.0
18411,high,4,3.0,4.0,1.5,C,-100.0
18412,medium,0,5.0,3.0,6.8,C,-100.0
18413,medium,2,12.0,1.0,7.3,C,-100.0
18414,low,0,15.0,32.0,9.4,A,15.0
18415,low,0,4.0,21.0,8.6,A,15.0
18416,low,3,8.0,1.0,8.1,B,-100.0
18417,none,2,13.0,3.0,1.6,A,-100.0
18418,high,2,16.0,3.0,3.6,A,-100.0
18419,low,1,9.0,50.0,4.2,A,15.0
18420,low,2,1.0,2.0,8.7,D,-14.9
18421,low,0,4.0,16.0,1.1,C,5.6
18422,high,1,7.0,1.0,9.2,A,-100.0
18423,low,1,22.0,30.0,1.5,C,3.6
18424,high,1,18.0,6.0,9.4,C,-100.0
18425,high,3,5.0,7.0,2.6,A,-17.6
18426,high,1,,37.0,3.4,C,
18427,none,0,2.0,3.0,2.7,C,-18.0
18428,,1,14.0,4.0,3.2,A,-100.0
18429,none,1,5.0,11.0,4.5,A,-5.6
18430,none,1,20.0,8.0,8.2,A,-100.0
18431,high,1,7.0,4.0,8.3,A,-100.0
18432,low,0,2.0,2.0,1.2,A,-100.0
18433,none,1,12.0,12.0,8.8,A,-13.6
18434,high,0,10.0,2.0,1.7,A,-100.0
18435,none,0,3.0,1.0,9.6,A,-100.0
18436,low,2,14.0,35.0,7.3,A,15.0
18437,high,1,20.0,0.0,8.6,A,-100.0
18438,high,3,8.0,2.0,6.5,A,-100.0
18439,none,2,1.0,7.0,5.6,C,-6.6
18440,high,1,17.0,26.0,8.4,B,4.4
18441,high,4,28.0,3.0,1.3,A,-100.0
18442,low,1,11.0,27.0,3.2,A,15.0
18443,low,0,7.0,17.0,2.6,A,3.2
18444,low,1,3.0,8.0,5.6,C,-7.3
18445,none,2,1.0,7.0,3.5,A,-7.6
18446,high,1,21.0,32.0,1.3,A,6.5
18447,low,3,12.0,5.0,3.7,A,-100.0
18448,medium,4,10.0,13.0,9.6,C,-7.7
18449,low,2,4.0,1.0,5.0,D,-100.0
18450,medium,1,3.0,9.0,8.9,A,-3.9
18451,medium,1,24.0,7.0,9.9,A,-100.0
18452,medium,4,4.0,3.0,9.2,A,-18.4
18453,medium,1,16.0,6.0,2.5,A,-100.0
18454,low,2,3.0,3.0,9.5,A,-15.9
18455,medium,1,15.0,10.0,1.6,A,-100.0
18456,medium,1,20.0,12.0,9.2,A,-100.0
18457,low,0,,3.0,2.0,C,
18458,low,3,6.0,11.0,9.3,A,-4.6
18459,medium,0,10.0,15.0,1.3,A,-7.3
18460,high,3,10.0,3.0,5.4,A,-100.0
18461,high,1,23.0,5.0,5.7,A,-100.0
18462,low,3,19.0,20.0,1.4,A,-12.4
18463,medium,1,15.0,4.0,2.7,A,-100.0
18464,medium,2,20.0,24.0,3.7,A,-4.9
18465,medium,0,10.0,3.0,9.8,A,-100.0
18466,low,1,40.0,42.0,8.5,A,0.8
18467,high,2,3.0,1.0,8.2,A,-100.0
18468,none,1,8.0,16.0,6.0,A,0.4
18469,medium,0,19.0,1.0,7.3,C,-100.0
18470,medium,0,26.0,22.0,9.4,A,-16.5
18471,low,2,2.0,27.0,6.2,A,15.0
18472,none,0,11.0,1.0,9.2,C,-100.0
18473,medium,0,8.0,2.0,1.0,A,-100.0
18474,low,4,8.0,7.0,3.7,B,-19.4
18475,medium,3,16.0,31.0,10.0,C,15.0
18476,low,2,5.0,24.0,8.6,A,15.0
18477,high,0,6.0,7.0,8.2,C,-16.2
18478,medium,1,9.0,1.0,8.7,A,-100.0
18479,high,2,8.0,1.0,8.6,A,-100.0
18480,high,2,13.0,5.0,9.2,A,-100.0
18481,medium,3,9.0,1.0,6.6,A,-100.0
18482,low,1,2.0,1.0,8.7,A,-18.7
18483,medium,2,2.0,15.0,6.5,A,9.2
18484,none,1,6.0,1.0,3.4,D,-100.0
18485,low,3,9.0,20.0,3.8,B,6.3
18486,medium,1,8.0,18.0,9.1,A,6.4
18487,high,0,2.0,10.0,3.6,A,-5.2
18488,high,2,17.0,4.0,5.9,A,-100.0
18489,high,2,6.0,9.0,8.9,A,-11.9
18490,high,1,5.0,31.0,8.4,A,15.0
18491,medium,2,7.0,8.0,9.5,B,-12.8
18492,medium,1,3.0,22.0,3.0,A,15.0
18493,none,0,3.0,13.0,9.2,C,4.5
18494,medium,2,5.0,9.0,1.6,A,-11.1
18495,medium,0,17.0,8.0,8.1,D,-100.0
18496,high,1,6.0,7.0,5.2,C,-17.8
18497,medium,3,10.0,2.0,9.3,A,-100.0
18498,low,2,2.0,5.0,7.3,A,-11.1
18499,medium,1,5.0,12.0,9.0,A,-1.0
18500,high,0,11.0,16.0,7.1,A,-6.6
18501,medium,1,8.0,1.0,8.4,A,-100.0
18502,high,1,23.0,9.0,7.4,A,-100.0
18503,none,3,4.0,15.0,4.4,A,4.3
18504,high,0,6.0,2.0,3.0,C,-100.0
18505,high,0,1.0,19.0,4.0,A,15.0
18506,low,2,6.0,45.0,8.9,A,15.0
18507,medium,0,14.0,9.0,8.0,A,-100.0
18508,low,1,10.0,12.0,1.3,C,-13.3
18509,none,0,6.0,4.0,2.6,A,-100.0
18510,low,1,17.0,25.0,8.1,A,5.2
18511,none,2,8.0,9.0,4.5,A,-15.2
18512,high,2,4.0,25.0,7.4,A,15.0
18513,high,3,15.0,15.0,8.5,B,-15.3
18514,none,1,4.0,2.0,8.9,A,-100.0
18515,low,1,29.0,19.0,9.6,A,-100.0
18516,medium,1,16.0,7.0,9.7,D,-100.0
18517,none,0,6.0,18.0,6.9,A,8.6
18518,medium,2,8.0,1.0,1.8,C,-100.0
18519,high,2,21.0,6.0,1.1,A,-100.0
18520,high,6,13.0,6.0,4.1,A,-100.0
18521,medium,2,8.0,3.0,4.5,A,-100.0
18522,medium,4,27.0,2.0,1.4,A,-100.0
18523,none,0,11.0,14.0,9.2,A,-7.4
18524,low,3,28.0,8.0,8.9,A,-100.0
18525,medium,0,18.0,2.0,9.1,A,-100.0
18526,medium,4,17.0,14.0,1.2,C,-100.0
18527,low,1,1.0,5.0,6.4,B,-9.7
18528,medium,3,5.0,9.0,3.2,B,-10.5
18529,none,2,9.0,7.0,6.1,B,-100.0
18530,none,2,4.0,20.0,4.9,B,15.0
18531,high,1,21.0,13.0,7.0,C,-100.0
18532,none,2,13.0,10.0,9.0,B,-19.6
18533,high,1,13.0,5.0,5.2,B,-100.0
18534,high,1,23.0,21.0,5.6,A,-18.0
18535,low,1,25.0,5.0,4.2,A,-100.0
18536,low,0,1.0,2.0,5.1,A,-16.5
18537,medium,1,21.0,3.0,6.8,B,-100.0
18538,low,1,5.0,1.0,7.3,A,-100.0
18539,medium,2,6.0,2.0,7.2,A,-100.0
18540,medium,2,3.0,4.0,8.3,A,-14.8
18541,none,2,7.0,0.0,5.4,A,-100.0
18542,low,2,12.0,3.0,9.9,C,-100.0
18543,high,1,23.0,4.0,7.8,C,-100.0
18544,low,1,3.0,0.0,9.9,A,-100.0
18545,none,0,3.0,21.0,9.6,A,15.0
18546,high,1,3.0,6.0,1.7,A,-16.4
18547,high,2,9.0,17.0,9.2,C,-0.2
18548,high,0,2.0,3.0,8.7,C,-17.4
18549,low,1,8.0,50.0,8.6,A,15.0
18550,medium,5,18.0,9.0,5.4,A,-100.0
18551,high,2,8.0,13.0,3.1,A,-9.9
18552,low,0,6.0,21.0,5.5,A,14.8
18553,low,2,5.0,10.0,7.6,A,-5.7
18554,low,0,6.0,5.0,3.5,C,-19.8
18555,low,2,6.0,2.0,1.7,A,-100.0
18556,low,1,20.0,11.0,5.3,A,-100.0
18557,low,1,19.0,2.0,1.3,A,-100.0
18558,low,4,5.0,2.0,9.3,A,-100.0
18559,medium,2,11.0,2.0,8.1,A,-100.0
18560,high,1,6.0,10.0,1.6,A,-13.3
18561,medium,0,12.0,36.0,7.5,C,15.0
18562,high,2,11.0,34.0,7.4,A,15.0
18563,low,0,5.0,3.0,8.5,A,-19.7
18564,low,5,24.0,6.0,8.9,A,-100.0
18565,high,6,10.0,2.0,9.5,C,-100.0
18566,high,2,14.0,17.0,7.5,A,-9.8
18567,none,1,1.0,23.0,,D,
18568,none,1,7.0,17.0,5.4,D,3.9
18569,low,2,13.0,5.0,10.0,A,-100.0
18570,low,2,2.0,45.0,9.7,B,15.0
18571,low,0,9.0,6.0,9.5,C,-19.9
18572,low,1,7.0,9.0,2.5,A,-13.7
18573,high,3,14.0,3.0,9.8,A,-100.0
18574,low,0,2.0,11.0,8.7,C,2.4
18575,low,1,1.0,1.0,6.3,A,-18.1
18576,low,3,10.0,15.0,7.8,D,-3.9
18577,low,2,14.0,2.0,5.8,C,-100.0
18578,low,1,12.0,7.0,1.4,B,-100.0
18579,high,2,9.0,10.0,6.9,A,-16.0
18580,none,1,14.0,15.0,4.2,A,-13.1
18581,medium,1,14.0,4.0,4.9,A,-100.0
18582,medium,1,9.0,20.0,9.7,A,9.1
18583,none,4,3.0,13.0,7.6,A,3.3
18584,medium,3,13.0,50.0,9.5,B,15.0
18585,medium,1,3.0,23.0,9.7,B,15.0
18586,low,2,16.0,14.0,7.6,D,-16.5
18587,high,3,8.0,0.0,6.3,A,-100.0
18588,low,0,9.0,0.0,6.4,A,-100.0
18589,high,0,9.0,30.0,4.3,A,15.0
18590,medium,4,15.0,37.0,1.6,A,15.0
18591,high,2,17.0,21.0,6.2,A,-7.3
18592,high,0,3.0,16.0,3.0,A,5.3
18593,low,3,13.0,50.0,9.6,A,15.0
18594,none,2,6.0,26.0,7.6,A,15.0
18595,low,0,7.0,0.0,4.4,A,-100.0
18596,high,4,8.0,6.0,6.2,A,-100.0
18597,high,3,4.0,9.0,5.4,C,-10.2
18598,medium,2,4.0,2.0,2.3,C,-100.0
18599,high,2,7.0,8.0,9.8,A,-15.3
18600,high,1,10.0,7.0,9.5,A,-100.0
18601,low,1,10.0,9.0,2.4,A,-19.0
18602,medium,0,11.0,4.0,4.8,A,-100.0
18603,low,0,1.0,5.0,5.4,B,-10.1
18604,low,0,9.0,3.0,6.1,A,-100.0
18605,low,2,4.0,4.0,8.6,A,-16.0
18606,,1,3.0,34.0,7.7,A,15.0
18607,high,1,19.0,2.0,4.9,A,-100.0
18608,high,1,7.0,9.0,8.8,A,-13.6
18609,high,3,8.0,6.0,2.0,A,-100.0
18610,medium,2,4.0,4.0,8.1,A,-16.6
18611,medium,3,15.0,2.0,1.8,D,-100.0
18612,medium,0,12.0,1.0,8.3,A,-100.0
18613,medium,3,2.0,0.0,9.1,C,-100.0
18614,none,0,8.0,43.0,3.8,A,15.0
18615,none,0,11.0,13.0,8.9,A,-9.6
18616,medium,4,22.0,21.0,9.1,A,-12.1
18617,medium,2,5.0,13.0,5.5,A,-0.8
18618,none,0,18.0,5.0,3.5,C,-100.0
18619,medium,4,9.0,5.0,4.5,A,-100.0
18620,low,2,1.0,10.0,3.5,A,-0.7
18621,high,3,17.0,1.0,9.9,C,-100.0
18622,low,2,14.0,6.0,2.5,A,-100.0
18623,low,1,2.0,9.0,8.1,C,-2.2
18624,low,2,16.0,26.0,4.0,C,6.9
18625,medium,3,2.0,1.0,2.3,C,-100.0
18626,high,0,11.0,8.0,4.6,A,-100.0
18627,high,0,23.0,23.0,1.9,B,-15.5
18628,medium,4,3.0,1.0,9.1,A,-100.0
18629,medium,1,12.0,30.0,4.6,A,15.0
18630,high,4,2.0,26.0,8.4,A,15.0
18631,none,0,2.0,4.0,7.9,A,-13.3
18632,low,4,3.0,7.0,8.2,A,-8.4
18633,low,1,8.0,3.0,8.1,B,-100.0
18634,low,1,20.0,7.0,1.5,A,-100.0
18635,high,0,8.0,10.0,2.6,A,-16.2
18636,medium,0,12.0,11.0,7.5,A,-16.1
18637,low,0,20.0,12.0,7.6,A,-100.0
18638,low,1,17.0,11.0,4.4,A,-100.0
18639,low,4,2.0,16.0,9.1,A,12.7
18640,medium,6,8.0,3.0,1.1,A,-100.0
18641,medium,2,8.0,29.0,7.1,A,15.0
18642,high,1,9.0,1.0,,D,
18643,low,1,2.0,1.0,9.7,A,-18.2
18644,low,1,9.0,11.0,7.5,C,-10.5
18645,high,1,16.0,5.0,3.0,A,-100.0
18646,none,1,4.0,24.0,6.3,A,15.0
18647,high,0,18.0,4.0,6.5,B,-100.0
18648,none,0,3.0,21.0,5.7,A,15.0
18649,high,3,5.0,9.0,9.5,A,-9.9
18650,medium,1,3.0,23.0,1.3,B,15.0
18651,low,1,12.0,13.0,6.9,C,-11.9
18652,high,1,8.0,33.0,9.1,A,15.0
18653,high,1,5.0,8.0,9.3,C,-11.9
18654,high,1,8.0,23.0,8.3,A,13.8
18655,low,0,10.0,11.0,8.3,B,-11.8
18656,medium,4,10.0,27.0,9.4,A,15.0
18657,none,0,9.0,20.0,7.0,B,7.6
18658,medium,1,19.0,50.0,9.4,B,15.0
18659,high,1,2.0,3.0,8.6,A,-17.5
18660,low,0,11.0,38.0,7.7,A,15.0
18661,low,0,22.0,3.0,8.7,A,-100.0
18662,medium,3,6.0,17.0,3.9,A,4.9
18663,low,1,4.0,2.0,6.5,A,-100.0
18664,low,4,18.0,5.0,4.1,A,-100.0
18665,low,1,14.0,16.0,7.8,A,-8.6
18666,high,1,1.0,5.0,8.0,C,-11.9
18667,low,0,12.0,18.0,2.7,C,-3.4
18668,high,1,10.0,24.0,5.4,A,11.0
18669,medium,0,3.0,14.0,8.4,A,6.4
18670,high,2,8.0,0.0,3.5,A,-100.0
18671,high,2,8.0,1.0,7.9,A,-100.0
18672,high,2,2.0,14.0,9.1,B,5.7
18673,none,1,5.0,29.0,1.8,A,15.0
18674,,3,3.0,23.0,6.2,A,15.0
18675,high,1,5.0,5.0,1.1,D,-100.0
18676,high,0,19.0,30.0,3.8,A,7.1
18677,high,3,16.0,6.0,2.1,A,-100.0
18678,medium,5,5.0,26.0,2.2,A,15.0
18679,low,1,3.0,14.0,8.8,A,6.9
18680,low,0,8.0,7.0,2.5,D,-19.6
18681,medium,1,15.0,1.0,2.3,A,-100.0
18682,low,1,7.0,2.0,4.8,C,-100.0
18683,medium,2,10.0,17.0,6.2,C,-0.8
18684,medium,2,3.0,17.0,2.1,C,9.4
18685,low,1,10.0,5.0,9.8,B,-100.0
18686,none,1,15.0,9.0,6.7,A,-100.0
18687,medium,4,6.0,3.0,2.0,C,-100.0
18688,high,2,1.0,1.0,,A,
18689,none,2,3.0,30.0,3.8,A,15.0
18690,medium,1,6.0,9.0,5.2,A,-11.0
18691,none,3,3.0,16.0,4.5,A,8.2
18692,high,2,6.0,12.0,9.2,A,-5.4
18693,high,2,27.0,3.0,6.5,A,-100.0
18694,low,3,14.0,23.0,7.0,A,5.5
18695,high,1,2.0,11.0,6.3,A,-1.9
18696,high,0,20.0,15.0,1.0,A,-100.0
18697,low,4,7.0,4.0,1.6,A,
18698,high,3,8.0,2.0,7.7,C,-100.0
18699,low,3,14.0,13.0,8.2,A,-14.9
18700,high,3,13.0,23.0,5.1,A,3.3
18701,medium,2,16.0,18.0,5.5,A,-9.6
18702,none,2,14.0,6.0,2.1,D,-100.0
18703,low,2,4.0,7.0,7.0,D,-10.5
18704,low,2,2.0,15.0,8.4,C,10.5
18705,high,0,1.0,17.0,7.3,A,13.1
18706,low,1,14.0,6.0,8.3,A,-100.0
18707,high,2,17.0,24.0,8.8,A,0.3
18708,low,0,16.0,5.0,7.6,A,-100.0
18709,none,3,5.0,2.0,2.3,A,-100.0
18710,high,2,14.0,12.0,1.3,A,-100.0
18711,high,2,4.0,12.0,8.6,A,-2.2
18712,medium,1,16.0,11.0,9.7,C,-100.0
18713,high,1,18.0,1.0,7.4,A,-100.0
18714,medium,0,3.0,6.0,3.3,A,-12.9
18715,low,2,3.0,6.0,6.2,C,-11.3
18716,high,2,6.0,38.0,9.1,A,15.0
18717,none,3,6.0,3.0,8.4,A,-100.0
18718,none,0,8.0,4.0,8.6,A,-100.0
18719,low,2,6.0,17.0,3.1,D,5.0
18720,medium,0,11.0,20.0,3.8,A,2.7
18721,none,1,16.0,50.0,1.4,A,15.0
18722,medium,2,7.0,41.0,3.0,A,15.0
18723,none,2,6.0,2.0,9.3,A,-100.0
18724,high,2,15.0,1.0,9.4,D,-100.0
18725,low,2,1.0,31.0,1.7,A,15.0
18726,medium,2,13.0,6.0,7.3,A,-100.0
18727,low,1,13.0,3.0,8.5,A,-100.0
18728,high,2,14.0,17.0,7.2,A,-9.9
18729,medium,1,5.0,13.0,9.4,C,1.2
18730,high,1,9.0,4.0,2.2,A,-100.0
18731,high,0,4.0,31.0,5.3,C,15.0
18732,high,0,36.0,5.0,8.4,A,-100.0
18733,high,2,19.0,50.0,3.7,B,15.0
18734,low,2,3.0,10.0,9.9,A,-1.0
18735,none,1,31.0,10.0,4.2,A,-100.0
18736,none,3,6.0,39.0,3.5,A,15.0
18737,,3,16.0,6.0,4.6,D,-100.0
18738,low,3,8.0,12.0,1.7,A,-9.8
18739,medium,0,1.0,13.0,9.1,A,8.2
18740,high,1,17.0,26.0,9.5,A,5.0
18741,low,2,7.0,10.0,1.6,A,-12.2
18742,none,3,6.0,19.0,9.5,A,11.7
18743,,0,6.0,10.0,7.0,C,-8.1
18744,low,1,16.0,2.0,8.6,B,-100.0
18745,low,2,7.0,1.0,1.8,A,-100.0
18746,high,2,13.0,4.0,5.0,A,-100.0
18747,low,1,12.0,11.0,7.6,A,-15.7
18748,medium,0,4.0,26.0,6.6,A,15.0
18749,low,1,20.0,1.0,9.6,D,-100.0
18750,high,0,11.0,0.0,9.5,A,-100.0
18751,high,1,20.0,9.0,8.6,A,-100.0
18752,low,2,10.0,6.0,2.2,A,-100.0
18753,none,2,2.0,9.0,8.0,A,-2.9
18754,low,3,14.0,14.0,8.5,A,-12.7
18755,medium,0,7.0,21.0,9.5,C,14.7
18756,medium,1,3.0,8.0,5.0,A,-8.0
18757,none,0,4.0,10.0,1.6,A,-7.3
18758,low,2,7.0,0.0,4.4,A,-100.0
18759,low,3,17.0,7.0,4.1,A,-100.0
18760,low,1,6.0,23.0,7.1,B,15.0
18761,high,2,4.0,7.0,5.1,C,-14.5
18762,low,2,0.0,6.0,6.3,B,-6.0
18763,high,0,9.0,6.0,6.5,C,-100.0
18764,medium,4,9.0,4.0,3.0,B,-100.0
18765,high,3,5.0,13.0,8.9,A,-1.8
18766,low,1,11.0,10.0,2.2,A,-18.8
18767,low,1,4.0,1.0,5.0,A,-100.0
18768,none,2,15.0,7.0,4.1,A,-100.0
18769,none,2,12.0,27.0,6.9,C,15.0
18770,low,0,18.0,1.0,8.4,C,-100.0
18771,high,0,13.0,7.0,9.4,A,-100.0
18772,,1,3.0,2.0,8.8,C,-18.9
18773,medium,1,10.0,9.0,3.0,C,-19.1
18774,medium,0,19.0,4.0,5.9,A,-100.0
18775,low,1,9.0,18.0,9.4,A,5.1
18776,low,0,40.0,3.0,2.6,A,-100.0
18777,medium,3,7.0,17.0,8.3,A,5.4
18778,,4,15.0,36.0,8.8,A,15.0
18779,high,1,4.0,3.0,8.6,A,-100.0
18780,low,0,6.0,8.0,2.2,A,-14.1
18781,medium,1,12.0,1.0,3.5,C,-100.0
18782,,2,23.0,17.0,6.5,A,-100.0
18783,medium,3,21.0,0.0,7.9,A,-100.0
18784,low,2,21.0,8.0,8.8,A,-100.0
18785,none,3,22.0,9.0,8.9,C,-100.0
18786,low,2,13.0,28.0,4.1,A,15.0
18787,,2,22.0,0.0,7.9,C,-100.0
18788,low,1,19.0,20.0,9.1,A,-8.3
18789,high,2,6.0,10.0,9.3,A,-9.6
18790,none,0,1.0,22.0,,A,
18791,medium,1,15.0,5.0,2.7,A,-100.0
18792,low,0,17.0,9.0,9.4,C,-100.0
18793,low,1,7.0,13.0,5.4,C,-3.9
18794,low,2,15.0,6.0,6.3,A,-100.0
18795,high,1,19.0,28.0,9.3,A,5.6
18796,high,3,12.0,24.0,1.9,B,5.5
18797,medium,3,8.0,10.0,1.5,A,-14.4
18798,medium,0,5.0,3.0,4.8,C,-100.0
18799,low,0,3.0,12.0,8.6,C,2.7
18800,none,1,2.0,5.0,9.9,B,-10.3
18801,high,4,10.0,20.0,8.3,B,3.7
18802,none,2,19.0,3.0,3.6,A,-100.0
18803,low,1,13.0,11.0,8.2,A,-17.2
18804,high,2,13.0,8.0,8.6,C,-100.0
18805,none,3,6.0,13.0,9.2,A,-1.0
18806,low,1,4.0,6.0,2.0,A,-15.0
18807,high,1,6.0,10.0,8.9,A,-9.7
18808,medium,1,10.0,5.0,8.7,A,-100.0
18809,low,0,6.0,4.0,8.5,C,-19.4
18810,high,0,14.0,9.0,1.0,A,-100.0
18811,medium,4,15.0,9.0,8.2,B,-100.0
18812,low,3,10.0,3.0,9.3,A,-100.0
18813,medium,0,,1.0,3.7,C,
18814,none,2,16.0,5.0,9.3,A,-100.0
18815,low,0,10.0,14.0,6.3,A,-6.5
18816,low,0,8.0,12.0,8.5,C,-6.1
18817,medium,1,6.0,9.0,8.4,A,-9.4
18818,none,1,11.0,27.0,5.0,A,15.0
18819,none,0,9.0,34.0,6.4,A,15.0
18820,high,1,7.0,1.0,5.3,A,-100.0
18821,high,2,19.0,50.0,3.4,A,15.0
18822,low,2,6.0,8.0,3.3,A,-13.8
18823,low,3,26.0,29.0,6.0,A,-3.4
18824,medium,0,9.0,12.0,1.7,B,-11.6
18825,,1,24.0,16.0,3.0,A,-100.0
18826,low,2,6.0,9.0,6.5,A,-10.1
18827,high,1,4.0,2.0,1.7,D,-100.0
18828,high,0,1.0,2.0,2.8,D,-100.0
18829,low,2,16.0,2.0,3.7,A,-100.0
18830,low,0,7.0,3.0,5.0,A,-100.0
18831,none,3,5.0,5.0,9.2,A,-16.1
18832,medium,1,4.0,17.0,3.1,A,8.2
18833,medium,2,5.0,3.0,2.3,A,-100.0
18834,none,1,2.0,8.0,2.8,A,-7.5
18835,medium,2,27.0,6.0,8.3,A,-100.0
18836,none,1,3.0,6.0,9.6,A,-10.1
18837,medium,0,9.0,2.0,9.0,A,-100.0
18838,high,3,20.0,4.0,8.2,A,-100.0
18839,none,2,2.0,6.0,8.1,B,-9.2
18840,low,4,9.0,9.0,5.7,A,-15.9
18841,high,1,7.0,9.0,9.5,C,-13.2
18842,medium,0,4.0,44.0,7.2,C,15.0
18843,medium,0,17.0,3.0,8.6,A,-100.0
18844,low,1,23.0,2.0,3.0,C,-100.0
18845,low,2,7.0,6.0,8.3,A,-17.2
18846,medium,3,13.0,27.0,8.3,C,15.0
18847,medium,3,10.0,1.0,1.5,A,-100.0
18848,,1,18.0,10.0,5.3,C,-100.0
18849,low,2,6.0,20.0,8.6,A,14.1
18850,none,2,3.0,16.0,8.7,A,10.4
18851,low,0,13.0,1.0,8.0,A,-100.0
18852,low,1,9.0,1.0,4.9,A,-100.0
18853,low,0,10.0,5.0,9.4,C,-100.0
18854,low,0,2.0,13.0,1.6,C,3.1
18855,none,1,8.0,2.0,9.0,A,-100.0
18856,low,0,19.0,9.0,9.6,C,-100.0
18857,high,2,16.0,2.0,4.0,A,-100.0
18858,low,4,8.0,7.0,1.1,A,-100.0
18859,low,4,4.0,9.0,9.2,A,-5.4
18860,low,1,11.0,27.0,8.4,A,15.0
18861,high,5,4.0,0.0,9.8,A,-100.0
18862,none,0,21.0,1.0,3.4,C,-100.0
18863,high,3,1.0,14.0,2.2,C,3.9
18864,medium,0,5.0,35.0,9.1,A,15.0
18865,high,4,15.0,20.0,8.8,A,-4.8
18866,low,2,6.0,20.0,4.5,C,12.0
18867,low,1,3.0,10.0,5.2,C,-3.3
18868,high,1,11.0,17.0,1.1,C,-7.6
18869,low,2,18.0,0.0,8.9,C,-100.0
18870,medium,0,10.0,26.0,9.6,A,15.0
18871,none,2,18.0,5.0,8.6,C,-100.0
18872,medium,0,19.0,12.0,5.6,A,-100.0
18873,low,1,17.0,23.0,3.8,A,-1.2
18874,low,0,4.0,5.0,6.0,C,-15.0
18875,high,5,18.0,11.0,8.6,A,-100.0
18876,high,2,10.0,6.0,9.1,D,-100.0
18877,high,1,18.0,2.0,9.2,A,-100.0
18878,medium,1,9.0,8.0,8.2,C,-16.8
18879,medium,1,8.0,8.0,4.0,A,-17.2
18880,high,3,8.0,6.0,8.9,A,-100.0
18881,low,2,16.0,1.0,2.8,A,-100.0
18882,low,0,2.0,15.0,9.4,C,11.2
18883,low,4,24.0,21.0,9.4,A,-15.1
18884,low,1,4.0,6.0,6.5,A,-12.8
18885,none,1,3.0,5.0,1.3,D,-16.3
18886,low,1,10.0,8.0,2.0,A,-100.0
18887,low,1,8.0,11.0,1.1,A,-12.0
18888,medium,1,4.0,31.0,9.4,C,15.0
18889,high,1,4.0,2.0,2.9,A,-100.0
18890,medium,2,7.0,11.0,8.8,A,-6.8
18891,high,2,8.0,2.0,2.7,C,-100.0
18892,high,3,9.0,7.0,4.6,A,-100.0
18893,medium,1,1.0,2.0,4.9,A,-17.1
18894,low,2,3.0,17.0,9.7,A,13.6
18895,low,3,10.0,4.0,8.4,A,-100.0
18896,low,2,5.0,37.0,2.0,A,15.0
18897,high,1,3.0,45.0,6.2,C,15.0
18898,low,0,8.0,7.0,1.9,C,-19.9
18899,low,1,26.0,5.0,1.6,A,-100.0
18900,low,1,1.0,47.0,1.8,D,15.0
18901,high,2,9.0,3.0,5.6,C,-100.0
18902,medium,2,10.0,18.0,9.5,A,2.9
18903,high,2,9.0,2.0,8.8,A,-100.0
18904,medium,0,5.0,15.0,4.9,A,3.3
18905,low,1,9.0,3.0,9.7,A,-100.0
18906,high,2,14.0,4.0,5.1,A,-100.0
18907,,2,14.0,6.0,6.6,A,-100.0
18908,low,1,20.0,17.0,9.6,A,-16.1
18909,low,1,11.0,10.0,7.8,A,-16.0
18910,low,1,14.0,7.0,7.6,A,-100.0
18911,low,1,12.0,3.0,4.8,A,-100.0
18912,low,0,7.0,4.0,6.8,B,-100.0
18913,none,2,6.0,16.0,9.4,C,5.5
18914,high,0,12.0,15.0,3.3,A,-12.4
18915,medium,2,3.0,0.0,2.7,A,-100.0
18916,high,2,5.0,18.0,2.6,A,5.6
18917,none,4,18.0,18.0,9.7,C,-11.4
18918,none,2,12.0,13.0,8.7,C,-11.7
18919,high,1,8.0,16.0,3.1,D,-3.5
18920,low,0,19.0,32.0,8.1,A,15.0
18921,high,0,11.0,10.0,6.0,A,-19.8
18922,low,4,3.0,8.0,3.6,A,-8.6
18923,low,0,12.0,0.0,9.8,A,-100.0
18924,high,2,7.0,0.0,3.6,A,-100.0
18925,low,1,10.0,9.0,9.4,A,-15.5
18926,high,2,17.0,32.0,4.1,B,14.8
18927,high,2,13.0,3.0,8.0,A,-100.0
18928,high,0,6.0,1.0,3.1,A,-100.0
18929,high,1,13.0,17.0,5.6,D,-8.9
18930,medium,2,12.0,23.0,2.5,A,6.5
18931,medium,2,17.0,2.0,9.0,A,-100.0
18932,medium,2,16.0,7.0,2.5,A,-100.0
18933,none,2,13.0,2.0,3.3,A,-100.0
18934,none,0,14.0,10.0,8.7,A,-100.0
18935,medium,3,8.0,1.0,4.7,A,-100.0
18936,low,1,10.0,31.0,3.9,A,15.0
18937,medium,0,6.0,6.0,5.5,C,-17.0
18938,high,4,10.0,3.0,1.1,C,-100.0
18939,high,2,14.0,8.0,2.6,A,-100.0
18940,high,0,40.0,3.0,3.3,A,-100.0
18941,low,3,28.0,3.0,8.1,C,-100.0
18942,medium,2,25.0,19.0,5.1,A,-100.0
18943,low,2,5.0,3.0,4.5,A,-100.0
18944,high,2,7.0,1.0,9.3,C,-100.0
18945,low,1,7.0,36.0,4.4,A,15.0
18946,high,4,2.0,27.0,9.8,B,15.0
18947,medium,3,16.0,2.0,1.3,B,-100.0
18948,medium,3,2.0,4.0,4.9,A,-14.8
18949,high,0,3.0,9.0,2.8,A,-9.5
18950,high,0,9.0,2.0,8.5,A,-100.0
18951,high,0,4.0,4.0,9.0,A,-18.6
18952,medium,3,31.0,7.0,8.0,A,-100.0
18953,medium,3,1.0,4.0,5.2,A,-13.0
18954,low,2,14.0,27.0,8.4,B,14.7
18955,none,1,6.0,7.0,1.9,A,-17.1
18956,low,2,5.0,10.0,2.5,B,-8.2
18957,none,1,12.0,12.0,8.8,C,-13.6
18958,low,4,13.0,2.0,6.7,A,-100.0
18959,high,1,2.0,19.0,9.7,C,15.0
18960,none,2,6.0,4.0,6.3,B,-100.0
18961,high,2,5.0,9.0,3.9,A,-12.6
18962,none,3,13.0,12.0,7.3,B,-16.3
18963,,1,19.0,16.0,9.6,C,-17.1
18964,high,2,,3.0,3.2,C,
18965,medium,4,11.0,3.0,1.0,C,-100.0
18966,high,1,9.0,20.0,2.4,A,2.8
18967,high,0,17.0,8.0,7.8,A,-100.0
18968,low,2,4.0,3.0,9.7,C,-17.6
18969,high,0,3.0,2.0,9.6,A,-100.0
18970,none,4,4.0,1.0,2.4,B,-100.0
18971,none,2,15.0,40.0,8.2,A,15.0
18972,medium,0,10.0,17.0,1.1,C,-3.1
18973,high,1,12.0,10.0,2.3,A,-100.0
18974,medium,1,3.0,29.0,2.5,A,15.0
18975,medium,3,9.0,14.0,5.7,C,-5.7
18976,high,4,11.0,14.0,9.7,A,-9.9
18977,low,0,18.0,21.0,7.0,A,-5.4
18978,low,1,7.0,3.0,2.4,D,-100.0
18979,none,1,2.0,11.0,9.9,C,2.3
18980,medium,2,28.0,3.0,9.0,C,-100.0
18981,medium,0,10.0,28.0,8.7,A,15.0
18982,medium,4,11.0,3.0,7.7,A,-100.0
18983,medium,1,10.0,3.0,3.5,A,-100.0
18984,medium,2,9.0,7.0,8.8,A,-18.8
18985,medium,2,17.0,3.0,7.7,A,-100.0
18986,medium,1,12.0,2.0,3.8,A,-100.0
18987,medium,1,2.0,7.0,6.0,A,-7.8
18988,low,0,25.0,33.0,6.2,A,7.1
18989,high,0,13.0,4.0,3.3,A,-100.0
18990,high,0,21.0,6.0,9.3,A,-100.0
18991,none,1,7.0,9.0,7.4,A,-11.9
18992,low,3,11.0,12.0,5.6,A,-13.1
18993,medium,1,14.0,4.0,3.9,A,-100.0
18994,low,2,17.0,4.0,8.6,A,-100.0
18995,low,3,17.0,7.0,8.5,A,-100.0
18996,medium,1,15.0,23.0,2.6,C,1.3
18997,low,0,8.0,23.0,2.7,A,14.1
18998,none,3,4.0,16.0,6.1,A,7.2
18999,medium,0,40.0,6.0,1.4,C,-100.0
19000,medium,0,2.0,5.0,9.6,D,-10.1
19001,low,2,9.0,4.0,6.6,A,-100.0
19002,medium,0,4.0,2.0,4.4,C,-100.0
19003,high,3,3.0,5.0,4.9,C,-17.1
19004,low,2,6.0,7.0,5.1,A,-15.0
19005,none,1,7.0,8.0,8.2,A,-13.6
19006,low,2,19.0,7.0,4.6,B,-100.0
19007,high,1,5.0,1.0,1.1,A,-100.0
19008,medium,4,11.0,7.0,8.3,C,-100.0
19009,none,1,20.0,5.0,10.0,A,-100.0
19010,none,2,11.0,11.0,8.6,A,-14.2
19011,high,5,10.0,2.0,8.2,C,-100.0
19012,high,2,9.0,1.0,4.9,A,-100.0
19013,high,1,5.0,0.0,2.8,B,-100.0
19014,low,0,6.0,37.0,3.5,B,15.0
19015,high,2,30.0,9.0,8.2,A,-100.0
19016,high,0,12.0,5.0,3.6,A,-100.0
19017,high,2,22.0,13.0,4.1,C,-100.0
19018,,2,10.0,1.0,8.7,A,-100.0
19019,high,3,4.0,1.0,5.5,A,-100.0
19020,medium,4,8.0,23.0,9.6,A,15.0
19021,high,5,14.0,13.0,9.9,C,-17.3
19022,low,0,3.0,5.0,1.7,A,-15.4
19023,low,0,9.0,2.0,2.3,C,-100.0
19024,high,0,0.0,37.0,1.7,A,15.0
19025,low,0,23.0,28.0,8.6,A,1.3
19026,medium,2,3.0,6.0,8.5,A,-10.5
19027,high,0,8.0,2.0,7.4,B,-100.0
19028,medium,3,7.0,20.0,6.8,C,10.9
19029,medium,1,18.0,2.0,3.5,A,-100.0
19030,low,1,17.0,9.0,8.8,D,-100.0
19031,low,0,2.0,2.0,6.4,A,-17.6
19032,low,0,12.0,18.0,9.8,A,0.2
19033,medium,1,17.0,2.0,2.1,A,-100.0
19034,,2,20.0,24.0,1.7,A,-6.1
19035,low,1,6.0,12.0,8.8,B,-2.5
19036,low,1,18.0,8.0,5.7,C,-100.0
19037,none,2,8.0,41.0,8.1,B,15.0
19038,high,0,9.0,2.0,4.8,A,-100.0
19039,high,1,2.0,3.0,8.6,A,-17.5
19040,medium,0,10.0,3.0,3.8,A,-100.0
19041,high,2,2.0,16.0,8.2,C,9.5
19042,high,1,9.0,12.0,6.8,B,-11.8
19043,medium,1,14.0,0.0,8.8,A,-100.0
19044,high,1,15.0,50.0,7.8,C,15.0
19045,medium,2,4.0,38.0,6.1,C,15.0
19046,low,1,22.0,1.0,7.2,A,-100.0
19047,high,1,11.0,27.0,2.4,C,14.0
19048,none,0,4.0,10.0,6.8,A,-4.7
19049,high,3,4.0,20.0,8.0,C,14.2
19050,high,3,17.0,4.0,3.6,A,-100.0
19051,none,1,6.0,16.0,1.7,D,1.7
19052,high,3,15.0,6.0,7.7,A,-100.0
19053,none,0,4.0,4.0,8.9,A,-16.3
19054,medium,1,6.0,4.0,5.9,A,-100.0
19055,,3,6.0,12.0,3.4,A,-6.0
19056,high,3,14.0,7.0,4.4,A,-100.0
19057,none,1,7.0,4.0,8.8,A,-100.0
19058,medium,1,12.0,18.0,8.2,B,-1.1
19059,none,2,4.0,2.0,6.1,A,-100.0
19060,low,3,4.0,20.0,3.5,C,14.9
19061,high,3,11.0,11.0,7.2,A,-17.4
19062,low,1,5.0,12.0,3.6,A,-3.4
19063,medium,3,7.0,6.0,3.9,A,
19064,medium,2,1.0,0.0,9.6,A,-19.0
19065,medium,2,5.0,15.0,2.9,C,2.1
19066,high,1,17.0,7.0,7.9,A,-100.0
19067,high,1,24.0,7.0,4.1,A,-100.0
19068,high,2,12.0,12.0,6.8,B,-17.1
19069,low,2,9.0,12.0,7.6,A,-8.5
19070,high,0,1.0,10.0,9.2,A,-0.7
19071,high,1,2.0,1.0,9.7,A,-100.0
19072,none,0,21.0,16.0,3.3,C,-100.0
19073,medium,3,9.0,6.0,1.9,A,-100.0
19074,medium,1,20.0,24.0,7.3,A,-3.0
19075,medium,1,20.0,6.0,7.4,A,-100.0
19076,high,1,12.0,17.0,8.0,A,-5.9
19077,medium,2,2.0,14.0,9.2,C,8.4
19078,low,3,18.0,6.0,6.5,A,-100.0
19079,none,0,20.0,32.0,1.7,A,10.9
19080,low,2,14.0,8.0,9.0,A,-100.0
19081,none,1,8.0,17.0,2.5,A,0.7
19082,medium,1,1.0,14.0,8.5,C,9.9
19083,medium,3,12.0,10.0,9.7,A,-17.3
19084,none,1,12.0,45.0,9.6,A,15.0
19085,high,2,5.0,11.0,4.2,B,-8.3
19086,medium,0,11.0,5.0,7.6,A,-100.0
19087,high,1,11.0,17.0,3.9,A,-6.2
19088,high,0,11.0,11.0,8.2,A,-16.6
19089,high,0,24.0,10.0,9.2,A,-100.0
19090,low,1,6.0,11.0,4.9,A,-6.6
19091,high,1,7.0,14.0,3.0,C,-6.0
19092,medium,1,7.0,9.0,8.3,A,-11.2
19093,high,2,14.0,5.0,8.6,A,-100.0
19094,low,2,12.0,4.0,1.1,A,-100.0
19095,low,1,31.0,19.0,10.0,B,-100.0
19096,medium,1,30.0,10.0,7.9,B,-100.0
19097,medium,3,9.0,2.0,4.7,C,-100.0
19098,low,3,12.0,6.0,9.2,C,-100.0
19099,high,2,3.0,49.0,9.6,A,15.0
19100,low,0,20.0,7.0,1.5,A,-100.0
19101,low,0,10.0,14.0,4.4,A,-7.4
19102,medium,2,9.0,2.0,8.1,C,-100.0
19103,none,3,7.0,13.0,8.9,A,-2.9
19104,medium,1,2.0,29.0,9.3,C,15.0
19105,none,4,8.0,0.0,7.6,C,-100.0
19106,low,0,4.0,2.0,8.7,A,-20.0
19107,medium,3,12.0,7.0,9.4,A,-100.0
19108,none,2,19.0,21.0,2.9,C,-10.0
19109,high,1,12.0,16.0,8.0,C,-8.0
19110,high,1,19.0,15.0,9.3,A,-100.0
19111,high,2,10.0,2.0,4.2,A,-100.0
19112,low,3,24.0,6.0,6.8,A,-100.0
19113,medium,0,3.0,2.0,9.2,C,-18.4
19114,high,0,14.0,8.0,9.6,C,-100.0
19115,none,1,12.0,12.0,8.7,D,-13.7
19116,low,1,6.0,10.0,3.6,D,-9.3
19117,medium,1,9.0,4.0,9.0,A,-100.0
19118,high,0,6.0,48.0,9.9,A,15.0
19119,low,1,9.0,6.0,8.6,A,-100.0
19120,low,1,12.0,24.0,1.6,A,8.6
19121,high,0,6.0,3.0,2.7,A,-100.0
19122,high,1,8.0,7.0,8.7,A,-19.6
19123,low,1,19.0,2.0,9.2,A,-100.0
19124,high,1,6.0,15.0,5.1,A,-1.1
19125,low,3,21.0,2.0,4.6,A,-100.0
19126,high,2,6.0,23.0,8.5,A,15.0
19127,none,0,2.0,2.0,5.7,C,-18.6
19128,low,1,3.0,2.0,3.6,A,-100.0
19129,high,1,29.0,15.0,4.6,A,-100.0
19130,low,0,10.0,29.0,4.2,C,15.0
19131,medium,2,20.0,7.0,4.8,B,-100.0
19132,medium,1,13.0,5.0,9.5,A,-100.0
19133,medium,0,29.0,3.0,6.8,A,-100.0
19134,none,1,8.0,4.0,3.9,C,-100.0
19135,medium,2,5.0,0.0,8.2,A,-100.0
19136,low,1,8.0,0.0,1.2,B,-100.0
19137,high,1,15.0,4.0,1.2,A,-100.0
19138,low,4,10.0,5.0,7.7,C,-100.0
19139,low,2,3.0,0.0,8.4,A,-100.0
19140,low,2,5.0,16.0,3.9,B,5.1
19141,high,1,1.0,34.0,9.6,A,15.0
19142,medium,4,27.0,28.0,8.4,C,-6.5
19143,medium,1,5.0,9.0,3.2,A,-10.2
19144,high,3,6.0,1.0,9.4,C,-100.0
19145,medium,1,8.0,25.0,5.7,B,15.0
19146,low,0,5.0,1.0,9.6,A,-100.0
19147,none,2,12.0,36.0,4.7,D,15.0
19148,medium,2,22.0,6.0,8.9,B,-100.0
19149,high,3,8.0,11.0,6.2,A,-12.6
19150,low,0,3.0,9.0,5.0,A,-5.4
19151,medium,0,6.0,1.0,8.8,A,-100.0
19152,low,0,8.0,7.0,9.7,A,-16.0
19153,medium,2,15.0,6.0,1.8,A,-100.0
19154,low,3,23.0,41.0,1.1,A,15.0
19155,none,1,12.0,4.0,3.5,C,-100.0
19156,low,1,5.0,1.0,6.1,A,-100.0
19157,none,1,12.0,3.0,8.1,A,-100.0
19158,none,3,3.0,14.0,1.7,A,2.6
19159,low,4,9.0,12.0,8.5,A,-8.2
19160,high,3,1.0,49.0,5.3,D,15.0
19161,low,1,12.0,3.0,8.7,A,-100.0
19162,low,0,4.0,7.0,2.3,A,-12.7
19163,low,1,17.0,14.0,7.5,C,-18.2
19164,,1,6.0,18.0,2.6,C,6.4
19165,high,2,12.0,11.0,5.2,A,-100.0
19166,medium,2,4.0,6.0,4.3,D,-14.3
19167,medium,3,18.0,40.0,2.6,A,15.0
19168,medium,1,12.0,0.0,3.3,C,-100.0
19169,high,3,12.0,15.0,9.0,C,-9.8
19170,low,0,5.0,20.0,2.3,A,12.9
19171,medium,2,17.0,7.0,3.0,A,-100.0
19172,medium,3,6.0,5.0,7.3,A,-18.6
19173,high,2,6.0,10.0,9.4,C,-9.5
19174,low,0,9.0,3.0,4.6,C,-100.0
19175,low,1,16.0,0.0,4.4,C,-100.0
19176,high,0,2.0,1.0,1.7,A,-100.0
19177,low,1,8.0,25.0,8.3,B,15.0
19178,low,0,15.0,40.0,8.6,B,15.0
19179,none,0,15.0,5.0,9.8,A,-100.0
19180,low,2,9.0,50.0,7.4,A,15.0
19181,medium,2,11.0,2.0,3.0,B,-100.0
19182,low,0,24.0,5.0,8.8,A,-100.0
19183,medium,5,15.0,2.0,4.0,A,-100.0
19184,low,1,36.0,7.0,5.5,B,-100.0
19185,low,2,14.0,5.0,9.5,A,-100.0
19186,low,1,36.0,21.0,8.9,D,-100.0
19187,none,1,8.0,15.0,4.8,A,-2.3
19188,medium,1,3.0,4.0,8.1,A,-14.8
19189,high,2,9.0,21.0,8.1,A,7.7
19190,medium,2,8.0,0.0,2.8,A,-100.0
19191,low,1,13.0,3.0,7.9,A,-100.0
19192,none,1,4.0,7.0,8.8,A,-10.1
19193,low,2,21.0,3.0,7.4,C,-100.0
19194,low,1,2.0,14.0,2.2,A,5.4
19195,low,2,5.0,16.0,7.3,A,6.8
19196,high,2,16.0,2.0,8.0,A,-100.0
19197,none,2,18.0,0.0,9.4,A,-100.0
19198,low,2,9.0,29.0,9.6,B,15.0
19199,medium,2,10.0,0.0,8.2,A,-100.0
19200,,0,11.0,8.0,1.3,B,-100.0
19201,none,4,32.0,14.0,9.1,B,-100.0
19202,high,1,1.0,3.0,5.0,A,-17.6
19203,high,0,10.0,3.0,4.5,C,-100.0
19204,high,0,12.0,5.0,3.9,D,-100.0
19205,high,3,6.0,4.0,4.7,A,-100.0
19206,medium,2,34.0,26.0,9.0,C,-100.0
19207,low,0,12.0,14.0,3.4,D,-11.4
19208,medium,1,2.0,15.0,1.9,A,7.0
19209,high,3,5.0,9.0,8.5,B,-10.4
19210,medium,0,5.0,30.0,3.8,A,15.0
19211,none,3,10.0,18.0,6.4,A,1.1
19212,high,0,6.0,7.0,8.6,A,-16.0
19213,low,0,6.0,11.0,1.5,C,-8.2
19214,medium,1,19.0,50.0,1.4,A,15.0
19215,low,4,9.0,17.0,8.8,A,2.4
19216,low,2,21.0,10.0,3.4,A,-100.0
19217,low,1,9.0,11.0,3.0,C,-12.8
19218,medium,3,10.0,3.0,6.3,A,-100.0
19219,medium,2,7.0,29.0,9.2,A,15.0
19220,low,1,2.0,7.0,6.3,A,-7.3
19221,none,1,36.0,8.0,3.7,A,-100.0
19222,low,3,9.0,4.0,1.7,A,-100.0
19223,medium,2,3.0,1.0,6.2,D,-100.0
19224,low,5,14.0,17.0,3.2,A,-9.2
19225,medium,2,15.0,20.0,9.1,A,-1.8
19226,medium,0,22.0,21.0,6.4,A,-13.1
19227,high,1,21.0,1.0,1.7,A,-100.0
19228,low,0,0.0,9.0,8.5,A,1.6
19229,low,3,7.0,7.0,7.4,A,-15.7
19230,medium,1,11.0,5.0,9.6,A,-100.0
19231,medium,1,7.0,22.0,8.9,A,15.0
19232,high,1,7.0,0.0,5.8,A,-100.0
19233,high,1,2.0,17.0,8.4,C,11.8
19234,high,1,4.0,19.0,8.5,B,12.5
19235,none,0,15.0,9.0,1.8,C,-100.0
19236,medium,1,14.0,6.0,10.0,C,-100.0
19237,high,0,1.0,12.0,3.0,C,0.4
19238,low,2,17.0,1.0,3.2,A,-100.0
19239,none,1,14.0,12.0,7.7,A,-17.7
19240,high,0,2.0,9.0,2.0,C,-8.1
19241,,1,15.0,3.0,8.8,A,-100.0
19242,,1,6.0,19.0,7.5,A,10.9
19243,high,4,7.0,9.0,9.9,D,-13.3
19244,none,0,11.0,6.0,5.5,A,-100.0
19245,high,3,6.0,7.0,8.9,D,-16.2
19246,high,2,4.0,0.0,3.9,A,-100.0
19247,low,2,11.0,2.0,2.8,A,-100.0
19248,low,0,17.0,5.0,3.2,A,-100.0
19249,low,0,7.0,20.0,5.0,A,10.7
19250,medium,3,5.0,3.0,6.3,C,-100.0
19251,medium,1,4.0,5.0,9.2,D,-13.9
19252,high,0,29.0,20.0,9.2,C,-100.0
19253,low,1,5.0,25.0,8.3,A,15.0
19254,high,1,7.0,6.0,8.2,A,-100.0
19255,low,3,5.0,12.0,9.9,A,-0.4
19256,high,2,21.0,42.0,1.3,A,15.0
19257,none,1,5.0,13.0,3.1,C,-2.1
19258,low,1,10.0,23.0,9.2,A,13.8
19259,medium,3,10.0,15.0,8.7,A,-3.9
19260,low,0,18.0,0.0,5.4,C,-100.0
19261,none,1,19.0,17.0,9.4,A,-15.1
19262,none,0,5.0,12.0,5.0,B,-3.2
19263,medium,2,18.0,13.0,9.1,A,-100.0
19264,low,0,12.0,5.0,3.6,B,-100.0
19265,medium,1,13.0,3.0,6.5,A,-100.0
19266,low,0,21.0,7.0,7.5,C,-100.0
19267,low,1,5.0,9.0,3.5,A,-9.7
19268,low,6,1.0,18.0,3.2,D,15.0
19269,medium,2,1.0,4.0,7.3,C,-11.8
19270,high,1,7.0,1.0,8.9,A,-100.0
19271,medium,0,2.0,14.0,4.6,A,6.3
19272,medium,2,5.0,5.0,3.2,C,-18.8
19273,high,0,22.0,1.0,5.1,A,-100.0
19274,low,1,2.0,5.0,8.0,A,-10.6
19275,none,4,5.0,21.0,8.7,A,15.0
19276,medium,0,11.0,8.0,9.7,A,-19.5
19277,high,1,5.0,24.0,8.2,A,15.0
19278,low,6,6.0,2.0,3.0,B,-100.0
19279,medium,2,1.0,3.0,8.6,A,-13.3
19280,none,2,16.0,42.0,8.9,B,15.0
19281,none,2,12.0,10.0,8.7,A,-18.0
19282,high,2,7.0,14.0,7.9,A,-3.6
19283,high,0,7.0,3.0,3.3,B,-100.0
19284,,2,8.0,14.0,8.9,B,-2.5
19285,high,0,2.0,1.0,9.2,A,-100.0
19286,low,2,19.0,4.0,6.8,A,-100.0
19287,high,0,,16.0,5.3,C,
19288,low,1,4.0,19.0,5.8,B,14.2
19289,low,0,8.0,37.0,5.8,A,15.0
19290,high,2,15.0,11.0,1.3,C,-100.0
19291,medium,4,10.0,7.0,8.3,A,-100.0
19292,medium,2,19.0,2.0,3.5,A,-100.0
19293,low,1,11.0,50.0,7.7,A,15.0
19294,high,1,2.0,0.0,8.8,A,-100.0
19295,medium,1,6.0,0.0,8.6,B,-100.0
19296,low,1,8.0,7.0,9.5,B,-16.2
19297,high,0,15.0,3.0,2.7,A,-100.0
19298,medium,2,7.0,14.0,10.0,C,0.1
19299,medium,0,3.0,8.0,6.5,A,-7.1
19300,low,2,12.0,4.0,8.8,A,-100.0
19301,medium,1,21.0,13.0,8.6,A,-100.0
19302,medium,4,7.0,13.0,9.8,A,-2.4
19303,none,1,7.0,31.0,6.8,A,15.0
19304,medium,1,9.0,20.0,4.1,A,6.3
19305,low,1,4.0,10.0,2.0,A,-6.6
19306,low,3,5.0,0.0,9.9,A,-100.0
19307,high,1,23.0,19.0,8.9,A,-100.0
19308,none,1,18.0,8.0,9.1,A,-100.0
19309,medium,0,7.0,5.0,7.6,A,-19.8
19310,high,0,6.0,11.0,5.6,A,-9.1
19311,medium,0,11.0,21.0,5.4,A,5.7
19312,none,0,3.0,1.0,5.7,B,-100.0
19313,medium,1,23.0,1.0,7.7,A,-100.0
19314,high,3,7.0,2.0,2.4,A,-100.0
19315,medium,1,8.0,4.0,9.8,C,-100.0
19316,medium,2,7.0,25.0,8.5,A,15.0
19317,high,2,14.0,18.0,2.7,A,-10.1
19318,medium,1,3.0,21.0,5.4,B,15.0
19319,none,3,4.0,31.0,8.4,A,15.0
19320,medium,3,21.0,6.0,9.9,A,-100.0
19321,low,2,11.0,21.0,7.0,A,6.6
19322,high,0,3.0,9.0,8.1,C,-6.8
19323,low,2,4.0,44.0,5.9,A,15.0
19324,low,1,4.0,26.0,5.7,A,15.0
19325,high,4,7.0,5.0,1.6,C,-100.0
19326,none,1,1.0,4.0,8.4,A,-11.4
19327,high,1,2.0,1.0,3.7,A,-100.0
19328,medium,1,15.0,4.0,3.7,A,-100.0
19329,low,3,17.0,14.0,3.6,A,-100.0
19330,low,1,6.0,9.0,5.1,A,-10.7
19331,low,0,8.0,0.0,4.9,A,-100.0
19332,low,1,6.0,8.0,1.6,A,-14.5
19333,low,2,4.0,5.0,9.5,A,-13.5
19334,low,3,19.0,4.0,7.6,C,-100.0
19335,low,2,11.0,35.0,9.2,A,15.0
19336,medium,3,8.0,11.0,5.3,A,-10.5
19337,medium,0,11.0,15.0,9.7,A,-4.8
19338,low,0,10.0,11.0,3.3,A,-14.3
19339,medium,2,21.0,35.0,5.2,C,15.0
19340,none,0,29.0,7.0,4.6,A,-100.0
19341,high,0,9.0,15.0,2.9,A,-7.3
19342,high,2,16.0,11.0,8.2,C,-100.0
19343,low,3,12.0,31.0,1.7,C,15.0
19344,none,2,35.0,18.0,3.0,A,-100.0
19345,none,2,3.0,3.0,3.0,A,-19.8
19346,low,3,13.0,8.0,9.5,A,-100.0
19347,high,3,20.0,19.0,1.4,A,-19.2
19348,high,0,1.0,7.0,5.1,A,-9.0
19349,high,1,4.0,22.0,2.3,A,15.0
19350,high,2,40.0,16.0,3.1,C,-100.0
19351,high,3,12.0,1.0,10.0,A,-100.0
19352,medium,3,5.0,10.0,1.1,A,-9.4
19353,medium,0,4.0,0.0,7.7,C,-100.0
19354,low,0,34.0,2.0,8.4,A,-100.0
19355,low,0,21.0,7.0,8.1,A,-100.0
19356,low,0,30.0,16.0,8.6,A,-100.0
19357,high,1,9.0,2.0,9.2,A,-100.0
19358,high,6,4.0,16.0,4.1,A,3.5
19359,none,0,18.0,1.0,3.5,A,-100.0
19360,none,0,8.0,6.0,8.5,B,-19.3
19361,low,2,3.0,39.0,4.8,A,15.0
19362,high,2,7.0,7.0,9.3,A,-17.6
19363,high,3,11.0,4.0,2.5,A,-100.0
19364,,2,4.0,25.0,3.9,A,15.0
19365,low,4,11.0,29.0,6.2,B,15.0
19366,none,1,7.0,8.0,9.8,A,-12.8
19367,,1,19.0,6.0,8.1,A,-100.0
19368,low,2,,1.0,8.0,C,
19369,low,3,17.0,4.0,7.3,A,-100.0
19370,high,2,2.0,13.0,9.9,A,4.0
19371,none,3,16.0,18.0,1.0,A,-12.1
19372,medium,0,20.0,22.0,8.4,A,-6.5
19373,high,1,7.0,18.0,8.7,D,5.3
19374,high,4,0.0,2.0,9.1,A,-16.2
19375,high,2,10.0,3.0,3.1,B,-100.0
19376,medium,1,3.0,4.0,7.0,B,-15.4
19377,low,2,18.0,8.0,4.6,A,-100.0
19378,low,3,6.0,3.0,8.3,A,-100.0
19379,low,1,19.0,4.0,6.2,A,-100.0
19380,,0,7.0,3.0,2.5,A,-100.0
19381,medium,1,33.0,2.0,2.8,B,-100.0
19382,low,0,1.0,8.0,8.9,C,-2.0
19383,none,2,17.0,8.0,8.1,B,-100.0
19384,medium,0,1.0,11.0,8.4,D,3.6
19385,,4,3.0,4.0,3.5,B,-17.6
19386,high,3,13.0,36.0,9.4,C,15.0
19387,none,1,7.0,21.0,3.3,B,11.3
19388,high,0,33.0,0.0,8.3,A,-100.0
19389,high,2,2.0,15.0,8.7,A,7.6
19390,medium,0,15.0,13.0,9.2,B,-16.2
19391,high,0,14.0,33.0,9.7,C,15.0
19392,low,1,6.0,13.0,9.3,A,-0.2
19393,medium,1,17.0,8.0,7.4,A,-100.0
19394,low,0,14.0,16.0,8.3,D,-8.3
19395,medium,1,21.0,1.0,7.0,A,-100.0
19396,none,1,7.0,3.0,1.5,A,-100.0
19397,high,1,10.0,2.0,8.3,D,-100.0
19398,medium,3,28.0,6.0,9.1,A,-100.0
19399,low,0,5.0,16.0,5.4,A,6.0
19400,none,2,19.0,8.0,5.2,C,-100.0
19401,low,1,9.0,9.0,9.6,A,-13.7
19402,none,3,16.0,3.0,8.0,C,-100.0
19403,medium,2,13.0,2.0,9.5,A,-100.0
19404,medium,3,4.0,10.0,8.1,A,-4.2
19405,high,2,7.0,0.0,9.4,A,-100.0
19406,medium,0,13.0,6.0,8.9,A,-100.0
19407,medium,0,1.0,19.0,6.9,A,15.0
19408,low,2,25.0,2.0,2.0,A,-100.0
19409,high,1,24.0,10.0,1.8,A,-100.0
19410,medium,5,2.0,4.0,4.5,A,-15.3
19411,none,1,5.0,0.0,5.2,B,-100.0
19412,low,2,26.0,4.0,8.3,A,-100.0
19413,high,2,2.0,8.0,9.1,A,-6.9
19414,low,2,12.0,5.0,9.4,C,-100.0
19415,low,1,9.0,31.0,9.0,B,15.0
19416,none,0,8.0,8.0,8.2,D,-15.2
19417,medium,3,4.0,3.0,2.3,B,-100.0
19418,low,2,5.0,2.0,3.7,D,-100.0
19419,medium,1,2.0,10.0,3.5,A,-2.7
19420,high,5,,0.0,9.6,C,
19421,none,0,6.0,4.0,4.0,A,-100.0
19422,low,0,5.0,14.0,4.1,B,1.2
19423,low,0,10.0,1.0,4.1,C,-100.0
19424,none,2,38.0,15.0,8.9,A,-100.0
19425,low,1,12.0,0.0,5.4,A,-100.0
19426,none,0,4.0,7.0,4.2,C,-12.3
19427,medium,1,7.0,6.0,8.5,C,-17.4
19428,low,3,10.0,1.0,2.8,B,-100.0
19429,medium,0,4.0,8.0,1.1,C,-11.6
19430,medium,2,5.0,1.0,7.0,B,-100.0
19431,low,0,5.0,1.0,9.5,C,-100.0
19432,high,2,28.0,24.0,6.8,A,-19.9
19433,high,5,5.0,11.0,6.6,A,-7.4
19434,none,1,2.0,3.0,8.9,A,-15.0
19435,high,0,6.0,8.0,8.5,A,-14.0
19436,medium,0,14.0,2.0,8.1,B,-100.0
19437,none,0,11.0,17.0,6.3,A,
19438,low,6,13.0,13.0,8.6,A,-13.3
19439,medium,1,8.0,18.0,8.8,A,6.2
19440,none,0,4.0,11.0,9.9,B,-1.1
19441,low,2,9.0,1.0,3.0,A,-100.0
19442,high,2,8.0,3.0,8.3,B,-100.0
19443,high,0,16.0,11.0,6.4,A,-100.0
19444,none,1,8.0,0.0,3.8,B,-100.0
19445,none,2,18.0,21.0,1.3,C,-9.1
19446,high,2,14.0,30.0,9.3,A,15.0
19447,high,0,7.0,15.0,8.2,A,-1.2
19448,high,0,8.0,11.0,8.4,A,-11.2
19449,medium,1,11.0,0.0,5.2,A,-100.0
19450,,1,4.0,4.0,6.4,A,-17.6
19451,low,0,8.0,1.0,3.3,A,-100.0
19452,medium,1,5.0,14.0,7.2,A,2.3
19453,high,2,8.0,7.0,5.3,B,-100.0
19454,high,0,14.0,2.0,4.2,A,-100.0
19455,low,2,2.0,13.0,6.2,A,5.2
19456,medium,1,14.0,2.0,2.1,A,-100.0
19457,,1,10.0,26.0,8.8,C,15.0
19458,none,2,20.0,1.0,9.1,C,-100.0
19459,medium,1,7.0,25.0,9.1,C,15.0
19460,,2,25.0,3.0,9.8,A,-100.0
19461,low,3,9.0,3.0,3.9,A,-100.0
19462,medium,2,6.0,7.0,8.3,A,-13.8
19463,low,3,8.0,27.0,1.6,A,15.0
19464,none,1,10.0,10.0,9.0,A,-14.2
19465,low,1,3.0,0.0,7.5,A,-100.0
19466,medium,3,28.0,5.0,6.0,A,-100.0
19467,low,1,7.0,3.0,8.7,A,-100.0
19468,high,1,15.0,4.0,8.8,C,-100.0
19469,,1,4.0,6.0,9.5,A,-11.9
19470,low,2,9.0,6.0,8.2,A,-100.0
19471,low,0,7.0,0.0,8.1,A,-100.0
19472,none,1,4.0,1.0,7.2,A,-100.0
19473,medium,1,6.0,6.0,8.6,A,-15.6
19474,none,4,4.0,14.0,9.5,A,4.6
19475,medium,1,9.0,5.0,8.5,C,-100.0
19476,medium,2,16.0,2.0,3.1,A,-100.0
19477,high,2,23.0,4.0,6.2,C,-100.0
19478,medium,1,17.0,7.0,6.9,A,-100.0
19479,low,0,8.0,34.0,7.5,C,15.0
19480,low,1,11.0,6.0,2.5,C,-100.0
19481,high,3,17.0,34.0,8.7,A,15.0
19482,medium,0,7.0,1.0,5.8,A,-100.0
19483,medium,1,17.0,5.0,6.9,A,-100.0
19484,high,1,4.0,5.0,5.5,A,-18.4
19485,low,3,22.0,0.0,9.4,B,-100.0
19486,none,1,3.0,2.0,9.2,A,-18.7
19487,,0,8.0,8.0,8.3,A,-15.2
19488,high,5,4.0,1.0,9.0,B,-100.0
19489,low,0,27.0,16.0,1.1,A,-100.0
19490,low,4,9.0,10.0,5.0,A,-14.2
19491,high,0,32.0,4.0,2.2,A,-100.0
19492,medium,5,9.0,26.0,3.7,C,15.0
19493,high,0,40.0,0.0,1.1,A,-100.0
19494,none,0,5.0,1.0,5.6,A,-100.0
19495,medium,0,12.0,5.0,1.6,A,-100.0
19496,high,2,6.0,7.0,6.6,C,-17.2
19497,low,2,20.0,34.0,1.8,A,15.0
19498,medium,1,8.0,9.0,7.6,A,-13.3
19499,high,1,7.0,5.0,4.6,A,-100.0
19500,high,3,14.0,18.0,9.4,C,-6.8
19501,low,2,13.0,50.0,2.3,A,15.0
19502,low,1,15.0,50.0,9.8,A,15.0
19503,none,1,4.0,1.0,1.8,D,-100.0
19504,high,1,5.0,8.0,7.8,C,-12.7
19505,high,1,30.0,1.0,5.9,A,-100.0
19506,high,1,8.0,14.0,8.7,A,-4.9
19507,high,2,6.0,22.0,6.7,C,14.3
19508,high,3,5.0,13.0,8.9,A,-1.8
19509,medium,2,7.0,50.0,3.8,A,15.0
19510,low,1,8.0,35.0,8.7,A,15.0
19511,high,0,12.0,35.0,7.2,A,15.0
19512,none,1,14.0,8.0,8.9,A,-100.0
19513,medium,0,12.0,6.0,2.2,C,-100.0
19514,high,0,12.0,1.0,8.0,A,-100.0
19515,low,0,15.0,11.0,6.5,B,-100.0
19516,high,5,18.0,12.0,9.8,A,-100.0
19517,high,3,17.0,1.0,5.4,A,-100.0
19518,none,1,16.0,7.0,3.4,C,-100.0
19519,high,1,10.0,21.0,3.8,A,3.9
19520,medium,3,30.0,10.0,5.7,A,-100.0
19521,none,1,6.0,20.0,7.4,A,13.0
19522,high,0,16.0,18.0,4.4,A,-12.5
19523,high,0,14.0,21.0,10.0,C,0.1
19524,medium,2,13.0,15.0,9.4,A,-8.7
19525,medium,2,8.0,4.0,6.1,A,-100.0
19526,high,5,4.0,14.0,3.7,C,-0.8
19527,high,0,1.0,29.0,9.3,A,15.0
19528,low,3,6.0,13.0,5.7,A,-2.2
19529,,0,12.0,14.0,2.3,A,-12.6
19530,low,1,6.0,17.0,7.8,A,7.5
19531,low,1,6.0,22.0,9.1,C,15.0
19532,medium,3,11.0,10.0,3.1,A,-18.9
19533,low,0,10.0,19.0,1.7,D,1.7
19534,high,2,14.0,10.0,2.6,A,-100.0
19535,high,2,13.0,0.0,8.6,A,-100.0
19536,medium,1,6.0,26.0,5.3,A,15.0
19537,low,0,2.0,9.0,5.0,A,-3.6
19538,none,2,10.0,9.0,4.6,A,-18.6
19539,,1,5.0,10.0,9.6,A,-5.2
19540,none,2,6.0,15.0,8.0,A,2.7
19541,low,1,3.0,14.0,1.6,A,3.3
19542,none,0,8.0,2.0,5.4,A,-100.0
19543,low,2,10.0,4.0,8.8,C,-100.0
19544,none,0,5.0,3.0,7.3,C,-100.0
19545,medium,2,7.0,19.0,1.8,A,6.4
19546,high,2,4.0,20.0,7.2,A,13.9
19547,low,4,2.0,5.0,7.9,C,-11.0
19548,none,1,7.0,2.0,8.9,A,-100.0
19549,medium,0,10.0,2.0,8.2,A,-100.0
19550,high,1,7.0,3.0,5.9,C,-100.0
19551,low,1,13.0,14.0,1.8,B,-14.1
19552,low,3,22.0,14.0,8.5,A,-100.0
19553,low,2,11.0,14.0,5.8,A,-8.7
19554,medium,0,20.0,15.0,9.0,C,-100.0
19555,low,2,8.0,38.0,9.8,A,15.0
19556,none,1,8.0,13.0,9.9,A,-4.0
19557,high,1,7.0,11.0,8.7,C,-9.4
19558,medium,2,15.0,22.0,9.3,C,2.5
19559,medium,3,3.0,12.0,7.9,A,1.7
19560,medium,0,9.0,33.0,8.8,A,15.0
19561,high,1,7.0,2.0,8.3,B,-100.0
19562,high,1,2.0,7.0,9.7,C,-8.6
19563,medium,0,5.0,34.0,3.7,A,15.0
19564,high,0,15.0,20.0,1.2,A,-8.2
19565,medium,0,6.0,12.0,7.3,A,-3.5
19566,high,1,4.0,3.0,8.3,A,-100.0
19567,high,1,2.0,8.0,4.1,A,-9.3
19568,high,1,15.0,17.0,9.3,A,-10.5
19569,high,3,8.0,9.0,4.1,A,-17.9
19570,medium,1,6.0,7.0,9.2,A,-13.2
19571,low,3,2.0,7.0,8.1,A,-6.6
19572,low,2,13.0,7.0,3.1,C,-100.0
19573,high,3,12.0,6.0,1.2,C,-100.0
19574,low,1,8.0,13.0,6.4,C,-5.1
19575,low,1,19.0,5.0,1.5,A,-100.0
19576,medium,3,18.0,14.0,9.6,A,-19.5
19577,none,5,14.0,4.0,7.7,A,-100.0
19578,none,2,9.0,5.0,2.2,C,-100.0
19579,low,1,12.0,1.0,5.9,A,-100.0
19580,low,2,18.0,10.0,5.0,A,-100.0
19581,medium,1,10.0,5.0,2.5,A,-100.0
19582,low,1,28.0,3.0,1.6,A,-100.0
19583,high,1,8.0,4.0,3.0,C,-100.0
19584,low,0,3.0,4.0,4.3,A,-16.2
19585,medium,1,7.0,11.0,4.3,A,-9.0
19586,none,1,9.0,38.0,8.1,A,15.0
19587,low,0,10.0,6.0,9.0,A,-100.0
19588,medium,2,14.0,2.0,2.8,C,-100.0
19589,medium,0,7.0,20.0,9.4,B,12.5
19590,low,0,9.0,0.0,8.8,A,-100.0
19591,medium,5,10.0,20.0,8.8,B,6.5
19592,high,0,17.0,26.0,7.8,D,4.2
19593,low,2,14.0,11.0,6.7,B,-19.8
19594,low,0,14.0,20.0,9.2,A,0.6
19595,medium,2,10.0,9.0,7.5,C,-16.9
19596,medium,1,13.0,7.0,2.5,C,-100.0
19597,low,0,6.0,1.0,8.9,C,-100.0
19598,high,0,21.0,22.0,3.8,C,-13.2
19599,medium,0,1.0,8.0,,A,
19600,none,3,1.0,32.0,7.1,A,15.0
19601,none,3,7.0,5.0,4.8,A,-100.0
19602,none,1,9.0,5.0,7.2,C,-100.0
19603,high,1,6.0,33.0,6.1,A,15.0
19604,medium,2,2.0,9.0,8.0,A,-2.7
19605,low,1,7.0,9.0,3.4,A,-13.3
19606,low,2,2.0,4.0,2.9,A,-15.4
19607,none,2,4.0,6.0,8.7,A,-12.4
19608,none,3,1.0,0.0,1.1,A,-100.0
19609,medium,2,13.0,38.0,8.1,A,15.0
19610,high,2,19.0,8.0,3.7,A,-100.0
19611,low,3,15.0,32.0,9.4,C,15.0
19612,medium,2,13.0,3.0,9.4,A,-100.0
19613,medium,1,7.0,8.0,9.2,A,-12.9
19614,none,2,15.0,20.0,7.6,A,-2.8
19615,high,0,6.0,3.0,8.5,A,-100.0
19616,high,1,9.0,10.0,4.6,A,-17.1
19617,high,0,9.0,4.0,8.4,A,-100.0
19618,high,2,17.0,2.0,6.3,A,-100.0
19619,high,3,11.0,0.0,8.4,C,-100.0
19620,high,5,8.0,3.0,8.0,A,-100.0
19621,none,1,7.0,3.0,8.9,C,-100.0
19622,medium,1,,10.0,9.8,C,
19623,high,2,9.0,1.0,8.6,A,-100.0
19624,medium,3,4.0,3.0,5.0,A,-100.0
19625,low,3,7.0,1.0,2.4,A,-100.0
19626,medium,2,7.0,0.0,7.7,A,-100.0
19627,none,0,17.0,26.0,8.7,A,7.1
19628,none,1,7.0,1.0,3.8,A,-100.0
19629,medium,0,6.0,4.0,5.0,C,-100.0
19630,high,2,2.0,9.0,9.3,A,-4.7
19631,medium,1,2.0,5.0,2.1,A,-14.0
19632,none,1,3.0,4.0,6.5,A,-15.8
19633,low,0,6.0,5.0,2.0,A,-100.0
19634,high,1,3.0,11.0,3.0,A,-5.3
19635,high,2,3.0,1.0,8.2,C,-100.0
19636,none,0,4.0,23.0,8.2,A,15.0
19637,low,1,,4.0,7.2,C,
19638,high,1,24.0,7.0,6.9,B,-100.0
19639,medium,0,7.0,5.0,5.2,C,-100.0
19640,low,1,4.0,17.0,9.7,A,11.9
19641,low,1,2.0,9.0,9.9,A,-1.3
19642,low,0,16.0,2.0,1.9,A,-100.0
19643,medium,0,2.0,8.0,6.3,C,-5.5
19644,high,4,11.0,22.0,6.2,A,5.1
19645,high,1,12.0,5.0,5.7,A,-100.0
19646,low,0,2.0,8.0,2.9,A,-6.8
19647,none,5,5.0,11.0,1.7,A,-7.4
19648,low,2,17.0,4.0,4.7,B,-100.0
19649,low,1,5.0,11.0,7.7,A,-3.4
19650,low,3,10.0,24.0,9.8,A,15.0
19651,none,1,13.0,10.0,8.7,A,-19.6
19652,none,2,24.0,10.0,4.1,C,-100.0
19653,high,1,7.0,22.0,1.1,A,9.9
19654,high,1,12.0,38.0,8.9,A,15.0
19655,high,0,15.0,14.0,2.2,A,-100.0
19656,medium,1,15.0,10.0,1.1,A,-100.0
19657,medium,2,5.0,11.0,4.3,A,-5.6
19658,high,3,3.0,5.0,1.2,A,-19.0
19659,low,1,24.0,14.0,1.2,A,-100.0
19660,medium,2,4.0,18.0,8.7,A,13.1
19661,low,2,9.0,2.0,8.7,C,-100.0
19662,low,3,4.0,2.0,1.1,A,-100.0
19663,high,1,2.0,18.0,8.2,B,13.8
19664,medium,4,4.0,28.0,8.2,A,15.0
19665,low,1,10.0,34.0,1.3,A,15.0
19666,none,3,13.0,2.0,4.6,A,-100.0
19667,low,2,24.0,2.0,2.6,A,-100.0
19668,low,3,7.0,2.0,7.2,B,-100.0
19669,high,2,5.0,0.0,2.3,D,-100.0
19670,high,2,11.0,21.0,2.7,A,1.5
19671,high,1,9.0,9.0,9.3,B,-16.8
19672,high,3,7.0,18.0,8.7,B,5.1
19673,low,3,5.0,17.0,9.6,A,9.9
19674,high,0,1.0,13.0,8.7,A,5.4
19675,none,2,9.0,29.0,9.5,A,15.0
19676,high,0,14.0,10.0,4.7,A,-100.0
19677,medium,0,5.0,27.0,4.1,B,15.0
19678,high,1,20.0,15.0,9.4,A,-100.0
19679,low,0,3.0,26.0,8.2,A,15.0
19680,high,3,9.0,15.0,9.5,A,-4.3
19681,high,1,12.0,8.0,4.6,A,-100.0
19682,low,1,5.0,3.0,2.0,A,-100.0
19683,medium,2,3.0,5.0,6.5,C,-13.6
19684,none,0,9.0,12.0,2.9,A,-11.2
19685,medium,2,0.0,42.0,5.1,A,15.0
19686,medium,3,7.0,2.0,8.7,A,-100.0
19687,low,1,26.0,28.0,9.7,A,-3.5
19688,low,2,15.0,9.0,4.3,A,-100.0
19689,low,1,13.0,12.0,6.6,A,-15.9
19690,low,3,1.0,2.0,9.8,A,-14.5
19691,medium,2,7.0,1.0,8.8,C,-100.0
19692,medium,1,17.0,8.0,1.4,A,-100.0
19693,high,4,16.0,20.0,7.4,A,-7.2
19694,high,2,8.0,4.0,2.9,A,-100.0
19695,low,0,3.0,1.0,2.3,A,-100.0
19696,none,3,5.0,17.0,7.8,A,8.4
19697,medium,2,9.0,2.0,8.8,A,-100.0
19698,medium,1,15.0,6.0,9.1,A,-100.0
19699,low,0,2.0,47.0,3.2,A,15.0
19700,low,1,10.0,1.0,6.8,A,-100.0
19701,low,2,7.0,2.0,1.2,C,-100.0
19702,low,1,6.0,5.0,3.4,B,-19.9
19703,low,1,9.0,13.0,8.3,A,-5.9
19704,,0,2.0,10.0,9.3,A,0.0
19705,none,1,7.0,19.0,1.3,C,6.1
19706,none,1,7.0,6.0,1.7,A,-100.0
19707,high,3,24.0,3.0,4.6,A,-100.0
19708,medium,1,9.0,24.0,1.5,D,13.4
19709,low,0,5.0,4.0,9.3,C,-17.2
19710,,0,3.0,9.0,9.4,C,-3.8
19711,low,1,13.0,8.0,4.2,A,-100.0
19712,low,1,9.0,19.0,3.4,C,4.2
19713,low,1,12.0,9.0,6.4,A,-100.0
19714,low,3,17.0,22.0,2.8,A,-4.0
19715,low,0,3.0,15.0,1.7,B,5.6
19716,high,3,6.0,2.0,8.4,B,-100.0
19717,low,1,5.0,18.0,4.2,A,9.5
19718,high,1,7.0,8.0,10.0,A,-15.1
19719,low,3,11.0,6.0,4.8,B,-100.0
19720,high,0,9.0,6.0,9.4,B,-100.0
19721,high,3,9.0,1.0,3.0,A,-100.0
19722,low,2,23.0,1.0,6.5,A,-100.0
19723,none,2,29.0,1.0,2.6,A,-100.0
19724,none,2,12.0,3.0,9.8,C,-100.0
19725,medium,2,4.0,6.0,8.7,A,-12.1
19726,medium,2,,0.0,2.4,C,
19727,high,2,3.0,18.0,4.1,A,9.9
19728,medium,1,17.0,32.0,9.9,B,15.0
19729,low,2,2.0,26.0,9.1,A,15.0
19730,medium,0,12.0,6.0,1.1,A,-100.0
19731,medium,0,10.0,12.0,7.2,B,-10.6
19732,low,1,22.0,3.0,7.6,C,-100.0
19733,low,3,14.0,10.0,3.0,A,-100.0
19734,low,0,13.0,31.0,8.3,A,15.0
19735,medium,0,12.0,11.0,8.8,A,-15.4
19736,high,0,4.0,4.0,8.0,A,-19.1
19737,medium,1,6.0,0.0,10.0,A,-100.0
19738,low,1,3.0,3.0,8.3,C,-16.4
19739,low,1,6.0,12.0,5.5,C,-4.2
19740,none,2,19.0,21.0,1.4,B,-10.8
19741,high,2,4.0,12.0,4.9,A,-4.1
19742,high,2,1.0,16.0,6.6,A,10.4
19743,high,1,29.0,7.0,9.7,A,-100.0
19744,medium,2,8.0,20.0,9.3,C,10.6
19745,low,2,28.0,3.0,9.8,C,-100.0
19746,high,1,3.0,28.0,4.9,A,15.0
19747,high,3,20.0,4.0,1.1,A,-100.0
19748,high,1,5.0,4.0,1.1,C,-100.0
19749,medium,3,21.0,15.0,9.9,B,-100.0
19750,low,2,26.0,29.0,6.5,B,-3.1
19751,low,2,2.0,19.0,2.4,A,15.0
19752,medium,1,3.0,10.0,8.3,A,-2.1
19753,medium,4,12.0,16.0,8.4,A,-5.5
19754,none,0,21.0,8.0,8.7,A,-100.0
19755,high,1,12.0,50.0,3.3,A,15.0
19756,low,1,10.0,28.0,9.5,C,15.0
19757,high,4,12.0,5.0,8.9,A,-100.0
19758,low,1,6.0,30.0,1.0,A,15.0
19759,high,1,20.0,7.0,4.8,A,-100.0
19760,medium,1,18.0,16.0,2.0,A,-18.9
19761,low,4,8.0,2.0,5.7,A,-100.0
19762,none,4,12.0,50.0,2.3,A,15.0
19763,medium,1,10.0,5.0,2.2,A,-100.0
19764,high,1,6.0,18.0,2.7,A,4.0
19765,low,3,4.0,2.0,1.1,A,-100.0
19766,medium,0,13.0,27.0,9.7,A,15.0
19767,none,3,8.0,9.0,6.3,C,-14.4
19768,high,2,18.0,3.0,3.6,A,-100.0
19769,high,1,4.0,2.0,6.5,A,-100.0
19770,none,3,5.0,2.0,9.3,A,-100.0
19771,medium,1,7.0,9.0,2.3,C,-14.2
19772,medium,3,7.0,0.0,7.9,A,-100.0
19773,none,0,7.0,31.0,9.5,A,15.0
19774,none,1,5.0,8.0,1.6,A,-13.4
19775,low,3,2.0,10.0,6.2,C,-1.2
19776,high,4,5.0,10.0,9.1,A,-8.1
19777,high,2,4.0,2.0,1.2,A,-100.0
19778,medium,3,17.0,5.0,8.8,A,-100.0
19779,high,1,3.0,19.0,3.5,C,11.8
19780,low,1,8.0,46.0,4.3,B,15.0
19781,none,2,15.0,0.0,1.5,C,-100.0
19782,medium,3,7.0,2.0,9.0,A,-100.0
19783,medium,2,16.0,3.0,6.7,A,-100.0
19784,none,1,6.0,48.0,8.3,C,15.0
19785,low,0,10.0,1.0,4.8,A,-100.0
19786,none,4,10.0,5.0,5.0,A,-100.0
19787,high,0,7.0,8.0,5.4,A,-17.3
19788,high,3,4.0,18.0,4.7,A,8.3
19789,medium,1,10.0,2.0,9.4,A,-100.0
19790,medium,2,12.0,4.0,7.9,C,-100.0
19791,high,1,21.0,7.0,2.8,A,-100.0
19792,medium,0,19.0,20.0,5.8,A,-10.2
19793,low,2,2.0,39.0,3.0,A,15.0
19794,high,1,10.0,4.0,7.1,A,-100.0
19795,medium,0,21.0,10.0,8.3,B,-100.0
19796,medium,2,34.0,8.0,3.6,A,-100.0
19797,low,3,3.0,19.0,8.8,C,15.0
19798,medium,2,10.0,5.0,7.2,A,-100.0
19799,,1,4.0,9.0,5.8,A,-7.4
19800,low,1,9.0,5.0,9.7,A,-100.0
19801,medium,1,7.0,10.0,8.4,A,-9.0
19802,none,0,6.0,7.0,8.6,A,-13.6
19803,low,1,6.0,31.0,1.0,A,15.0
19804,none,1,7.0,3.0,2.0,A,-100.0
19805,high,5,15.0,3.0,8.8,A,-100.0
19806,low,2,23.0,1.0,8.9,A,-100.0
19807,low,1,4.0,5.0,6.3,A,-15.0
19808,medium,4,25.0,8.0,3.7,C,-100.0
19809,low,0,9.0,2.0,8.7,A,-100.0
19810,low,3,17.0,2.0,9.5,A,-100.0
19811,medium,5,9.0,15.0,3.8,C,-4.7
19812,low,3,7.0,8.0,8.9,A,-12.8
19813,high,4,3.0,1.0,9.9,A,-100.0
19814,none,0,,0.0,1.3,C,
19815,none,2,10.0,1.0,3.0,A,-100.0
19816,medium,1,5.0,1.0,5.7,A,-100.0
19817,none,3,5.0,19.0,9.9,A,13.7
19818,high,1,14.0,12.0,2.0,A,-100.0
19819,low,2,5.0,3.0,9.7,A,-19.3
19820,low,4,15.0,13.0,8.3,A,-16.7
19821,none,2,13.0,50.0,6.5,A,15.0
19822,none,3,8.0,4.0,8.6,A,-100.0
19823,high,2,9.0,2.0,4.4,D,-100.0
19824,low,1,10.0,26.0,9.9,C,15.0
19825,medium,2,2.0,14.0,1.0,C,4.3
19826,low,2,9.0,10.0,7.6,A,-12.7
19827,medium,3,32.0,9.0,3.1,C,-100.0
19828,high,0,7.0,33.0,7.5,A,15.0
19829,low,2,4.0,6.0,1.7,C,-15.3
19830,high,0,1.0,1.0,9.3,A,-19.5
19831,medium,1,10.0,1.0,9.8,A,-100.0
19832,none,0,5.0,3.0,4.2,B,-100.0
19833,high,0,17.0,21.0,7.1,A,-6.6
19834,medium,2,13.0,33.0,2.6,C,15.0
19835,medium,1,3.0,4.0,3.7,A,-17.0
19836,low,2,1.0,16.0,1.5,A,10.9
19837,high,0,7.0,50.0,3.7,A,15.0
19838,medium,4,1.0,6.0,6.7,C,-8.1
19839,low,2,14.0,7.0,2.5,A,-100.0
19840,medium,3,4.0,10.0,9.8,A,-3.3
19841,low,2,5.0,9.0,4.1,A,-9.5
19842,low,1,6.0,1.0,9.3,A,-100.0
19843,medium,0,4.0,8.0,7.3,A,-8.4
19844,none,1,11.0,9.0,8.1,C,-18.5
19845,medium,3,3.0,2.0,2.6,A,-100.0
19846,low,2,10.0,11.0,2.7,A,-14.8
19847,high,2,16.0,24.0,9.5,A,2.4
19848,high,3,20.0,37.0,1.7,A,15.0
19849,medium,0,4.0,7.0,1.4,A,-13.5
19850,,0,8.0,10.0,3.6,A,-13.3
19851,medium,5,3.0,11.0,8.7,B,-0.2
19852,none,1,3.0,33.0,5.1,A,15.0
19853,low,2,12.0,12.0,9.8,A,-12.6
19854,medium,0,31.0,25.0,5.3,A,-100.0
19855,low,1,12.0,18.0,7.4,A,-1.1
19856,low,3,4.0,3.0,8.2,A,-18.4
19857,high,3,1.0,7.0,7.8,A,-8.0
19858,none,1,5.0,1.0,5.4,C,-100.0
19859,low,3,9.0,24.0,8.3,A,15.0
19860,medium,2,11.0,24.0,4.2,D,11.2
19861,none,2,2.0,6.0,8.3,C,-9.1
19862,low,2,10.0,13.0,9.6,D,-7.1
19863,none,0,26.0,27.0,8.5,A,-6.7
19864,high,0,2.0,23.0,6.7,A,15.0
19865,low,2,3.0,6.0,9.0,A,-9.9
19866,low,1,9.0,11.0,1.7,A,-13.4
19867,low,2,21.0,4.0,7.5,A,-100.0
19868,medium,0,8.0,5.0,5.7,A,-100.0
19869,medium,2,2.0,6.0,5.9,B,-10.0
19870,high,1,12.0,6.0,2.7,A,-100.0
19871,low,3,9.0,16.0,4.5,A,-1.7
19872,high,2,23.0,7.0,1.9,A,-100.0
19873,high,1,6.0,4.0,3.5,A,-100.0
19874,medium,0,5.0,3.0,9.7,A,-19.5
19875,high,2,1.0,6.0,3.4,A,-12.2
19876,medium,0,12.0,1.0,9.5,A,-100.0
19877,low,1,8.0,13.0,9.5,A,-3.6
19878,low,0,14.0,12.0,8.5,A,-16.6
19879,medium,1,12.0,45.0,9.5,A,15.0
19880,medium,1,15.0,0.0,8.7,A,-100.0
19881,medium,2,18.0,14.0,8.5,A,-20.0
19882,low,1,13.0,0.0,2.8,A,-100.0
19883,high,4,5.0,3.0,9.9,C,-100.0
19884,high,2,2.0,13.0,9.2,A,3.7
19885,high,2,5.0,1.0,5.2,A,-100.0
19886,none,1,13.0,1.0,10.0,A,-100.0
19887,none,1,8.0,9.0,2.8,A,-15.9
19888,low,3,8.0,2.0,4.1,B,-100.0
19889,medium,4,4.0,17.0,5.4,A,9.1
19890,high,1,3.0,31.0,8.7,A,15.0
19891,medium,1,7.0,1.0,4.4,A,-100.0
19892,high,2,19.0,1.0,7.9,C,-100.0
19893,high,0,7.0,1.0,4.8,A,-100.0
19894,,0,4.0,12.0,8.4,C,0.3
19895,none,1,13.0,16.0,6.9,A,-7.9
19896,none,1,27.0,7.0,8.5,D,-100.0
19897,medium,1,6.0,28.0,9.0,A,15.0
19898,high,2,6.0,7.0,2.1,A,-19.5
19899,low,1,9.0,12.0,6.4,C,-9.0
19900,high,1,4.0,6.0,3.3,A,-17.4
19901,none,2,5.0,2.0,2.3,A,-100.0
19902,medium,1,4.0,7.0,8.5,A,-10.1
19903,none,0,2.0,3.0,3.9,A,-17.4
19904,high,2,4.0,13.0,8.4,C,-0.2
19905,low,2,4.0,13.0,9.9,C,3.5
19906,high,3,3.0,10.0,5.5,A,-6.3
19907,low,1,14.0,3.0,9.1,A,-100.0
19908,low,2,2.0,0.0,8.4,A,-100.0
19909,low,1,8.0,8.0,2.6,C,-17.5
19910,none,1,6.0,23.0,3.6,B,15.0
19911,high,1,6.0,22.0,7.5,B,14.8
19912,medium,4,4.0,20.0,1.8,A,13.6
19913,high,2,11.0,25.0,9.4,A,13.2
19914,low,1,5.0,1.0,9.7,C,-100.0
19915,low,1,4.0,7.0,8.0,A,-9.9
19916,medium,1,3.0,2.0,8.6,C,-18.7
19917,high,2,20.0,7.0,9.7,A,-100.0
19918,high,1,8.0,23.0,8.8,A,14.1
19919,,0,6.0,3.0,8.5,C,-100.0
19920,medium,0,6.0,11.0,9.8,A,-4.4
19921,low,1,12.0,50.0,8.3,C,15.0
19922,low,1,5.0,16.0,1.1,C,3.8
19923,none,0,6.0,9.0,2.0,A,-12.7
19924,high,1,6.0,4.0,6.7,A,-100.0
19925,high,0,9.0,21.0,9.4,A,8.5
19926,medium,0,7.0,3.0,4.0,D,-100.0
19927,none,2,13.0,9.0,8.9,A,-100.0
19928,low,2,0.0,23.0,7.1,A,15.0
19929,low,1,7.0,19.0,9.1,D,10.6
19930,high,1,15.0,1.0,3.3,A,-100.0
19931,high,1,12.0,2.0,8.5,B,-100.0
19932,low,0,18.0,3.0,2.8,A,-100.0
19933,high,1,17.0,31.0,8.0,A,14.7
19934,medium,4,6.0,8.0,4.8,A,-13.6
19935,medium,2,8.0,5.0,9.4,C,-100.0
19936,medium,0,29.0,20.0,5.1,C,-100.0
19937,none,2,22.0,23.0,8.5,A,-8.3
19938,high,3,12.0,1.0,9.7,A,-100.0
19939,medium,2,3.0,6.0,8.3,A,-10.6
19940,high,3,6.0,9.0,9.6,D,-11.6
19941,high,4,10.0,8.0,8.2,A,-100.0
19942,high,3,19.0,4.0,8.9,A,-100.0
19943,high,1,10.0,13.0,1.9,A,-13.9
19944,none,3,16.0,7.0,2.8,C,-100.0
19945,high,2,7.0,18.0,4.1,A,2.9
19946,medium,0,6.0,12.0,6.5,A,-4.0
19947,none,1,4.0,6.0,9.6,A,-11.8
19948,medium,4,4.0,19.0,9.5,C,15.0
19949,high,3,4.0,6.0,1.1,C,-18.7
19950,low,1,14.0,20.0,9.5,A,0.6
19951,none,1,11.0,0.0,10.0,A,-100.0
19952,low,4,5.0,3.0,9.3,A,-19.7
19953,high,1,3.0,32.0,1.5,A,15.0
19954,high,0,8.0,6.0,9.4,B,-100.0
19955,high,1,14.0,10.0,7.0,A,-100.0
19956,low,8,22.0,13.0,9.0,B,-100.0
19957,high,3,3.0,14.0,6.0,B,2.3
19958,medium,0,11.0,2.0,6.0,A,-100.0
19959,medium,0,22.0,0.0,8.2,A,-100.0
19960,medium,0,4.0,36.0,4.2,A,15.0
19961,high,0,13.0,10.0,9.9,A,-100.0
19962,high,3,5.0,2.0,7.2,A,-100.0
19963,high,1,13.0,4.0,9.9,B,-100.0
19964,low,1,1.0,3.0,2.2,C,-16.0
19965,medium,2,3.0,18.0,1.7,A,11.3
19966,none,0,3.0,1.0,5.6,A,-100.0
19967,low,4,8.0,15.0,3.7,A,-2.6
19968,high,2,14.0,26.0,3.8,A,7.3
19969,none,0,7.0,8.0,1.8,A,-16.7
19970,medium,1,14.0,2.0,7.6,C,-100.0
19971,low,0,10.0,21.0,8.7,A,9.4
19972,high,1,17.0,12.0,5.9,A,-100.0
19973,high,5,34.0,3.0,9.1,A,-100.0
19974,medium,1,2.0,30.0,4.5,C,15.0
19975,high,1,11.0,21.0,5.1,C,2.8
19976,high,1,14.0,9.0,6.5,A,-100.0
19977,low,2,2.0,7.0,1.7,A,-9.7
19978,low,4,5.0,14.0,8.4,A,2.9
19979,low,0,3.0,4.0,7.3,A,-14.7
19980,,3,18.0,14.0,,D,
19981,medium,1,10.0,7.0,8.7,C,-100.0
19982,medium,1,4.0,20.0,5.9,A,15.0
19983,low,2,7.0,31.0,1.8,A,15.0
19984,medium,3,5.0,13.0,2.0,B,-2.7
19985,high,2,13.0,2.0,5.3,A,-100.0
19986,high,2,2.0,14.0,8.6,A,5.5
19987,none,2,7.0,2.0,8.4,A,-100.0
19988,none,0,3.0,7.0,9.6,C,-7.9
19989,,0,4.0,11.0,5.4,A,-3.3
19990,none,0,12.0,7.0,6.4,A,-100.0
19991,high,1,2.0,50.0,3.3,A,15.0
19992,high,1,7.0,2.0,3.4,A,-100.0
19993,high,1,4.0,29.0,8.6,A,15.0
19994,low,0,2.0,3.0,9.8,B,-13.8
19995,low,2,16.0,8.0,9.4,A,-100.0
19996,high,1,10.0,6.0,8.2,A,-100.0
19997,high,2,5.0,6.0,5.1,C,-18.3
19998,none,2,10.0,9.0,1.4,A,-100.0
19999,medium,0,3.0,13.0,8.9,C,4.6
20000,medium,0,15.0,10.0,1.9,C,
